{
  "aba mba": -2,
  "abọ ọbọ": -2,
  "abụghị eziokwu": -2,
  "abụghị mma": -2,
  "achị ọchị": 1,
  "achọ": 2,
  "achọ inwere": 1,
  "achọghị": -2,
  "achọghị ịrụ ọrụ": -2,
  "achọghị ka": -2,
  "achọsi ike": 2,
  "achụpụ": -2,
  "ada": -2,
  "adachi": -2,
  "adakpọ adakpọ": -2,
  "adị njọ": -2,
  "adịghị anabata": -2,
  "adịghị anwụ anwụ": 2,
  "adịghị arụ ọrụ": -3,
  "adịghị atụ ụjọ": 2,
  "adịghị ike": -2,
  "adịghị mkpa": -2,
  "adịghị mma": -2,
  "adịghị ndụ": -1,
  "adịghị ya mma": -2,
  "adọrọ": 2,
  "adọrọ mmasị": 2,
  "adọta": 1,
  "adọta mmasị": 3,
  "aga ibibi": -2,
  "aga nke ọma": 3,
  "agba ume": 2,
  "agbaghara": 1,
  "agbawa obi": -2,
  "aghọta": 2,
  "aghọtaghị Isi": -3,
  "aghọtahie": -1,
  "agọnahụ": -2,
  "agwụ": -2,
  "agwụ ike": -3,
  "aja": 2,
  "ajụ ajụjụ": -1,
  "akatọ": -2,
  "akọrọ": 1,
  "akpa ókè": -2,
  "akpagbu": -2,
  "akpali": 2,
  "akpali akpali": 2,
  "akpali mmasị": 3,
  "akpasu iwe,": -2,
  "akpọ isiala nye": 3,
  "akpụga": -2,
  "akụ aka": 2,
  "akụda": -2,
  "akụda mmụọ": -2,
  "akụjụ": 3,
  "akwa": 1,
  "akwa ákwá": -2,
  "akwa emo": -2,
  "akwada": -2,
  "akwado": 2,
  "akwalite": 1,
  "akwanyere ùgwù": 2,
  "akwụghachi ụgwọ": 2,
  "ala azụ": -2,
  "alụ": -2,
  "ama jijiji": -2,
  "amaghị atụmatụ": -2,
  "amaghị mma": -2,
  "anabata": 1,
  "anaghị atụkwasị ibe": -2,
  "anakwere": 2,
  "anapụtakwa": 2,
  "aṅụrị ọṅụ": 4,
  "anwụ anwụ": -3,
  "apụghị igbochi egbochi": 2,
  "arịa": -2,
  "arịa ọrịa": -2,
  "arịa ya": -2,
  "arịọ mgbaghara,": -1,
  "arụ": 1,
  "arụ eziokwu ụka": -2,
  "asa okwu": -2,
  "asọpụrụ": 2,
  "ata": -2,
  "ata ahụhụ": -2,
  "atalata kawanye njọ": -2,
  "atọ ụtọ": 3,
  "atụ aro": 2,
  "awakpo": -3,
  "awụ akpata oyi": -2,
  "azọpụta": 2,
  "ebibi": -3,
  "ebo": -2,
  "echebe": 1,
  "echefu": -2,
  "echegbu": -3,
  "edochaghị anya": -2,
  "edozi": 1,
  "edozibeghị": -1,
  "edu ndú": 1,
  "eduga": 2,
  "eduhie eduhie": -3,
  "efe efe": -2,
  "efu": -2,
  "egbochi": -1,
  "egbu mgbu": -3,
  "egbu ọchụ,": -3,
  "egbuke": 3,
  "egbuke egbuke": 1,
  "ehi ehi": -1,
  "eji obi ụtọ": 2,
  "eju": 3,
  "ekele": 1,
  "ekpe ekpere": 1,
  "ekpo ọkụ": 1,
  "ekpori": 2,
  "ekpu": -2,
  "ekpughe": -1,
  "ekwekọrịtaghị": -2,
  "ekwesị ntụkwasị obi": 3,
  "ekwesịghị ekwesị": -2,
  "ekweta": -1,
  "elebara": -2,
  "eleda": -2,
  "eli ozu": -1,
  "eme mmehie": -3,
  "emebi": -2,
  "emegbu": -2,
  "emegbu emegbu": -2,
  "emegide": -2,
  "emegide onwe ya": -1,
  "emeri": -2,
  "emerụ": -3,
  "emesapụ aka": 2,
  "emetọ": -2,
  "emezu uche": 2,
  "enwe ekele": 2,
  "enwe ekele maka": 2,
  "enwe mmasị": 3,
  "enwe mmeri": 4,
  "enwe nkụda mmụọ": -2,
  "enwe olileanya": 2,
  "enweghị atụ": 2,
  "enweghị enyemaka": -2,
  "enweghị isi": -2,
  "enweghị isi na": -1,
  "enweghị mmetụta": -2,
  "enye aka": 2,
  "enye obi ụtọ": 3,
  "enye ọṅụ": 3,
  "enye ume ọhụrụ": 2,
  "enyo anyị enyo": -2,
  "enyo enyo": -1,
  "erigbu": -2,
  "eru": -1,
  "eru uju": -2,
  "erughị": -2,
  "erughị eru": -2,
  "esi ísì": -2,
  "esogbu": -2,
  "eto": 2,
  "eto eto": 4,
  "etu ọnụ": -2,
  "ewebiga iwe ókè": -2,
  "ewetu": -2,
  "ewusi": 2,
  "ewute": -2,
  "eyi ọha egwu": -2,
  "ezi ezi": 2,
  "ezighị ezi": -2,
  "ezu ohi": -2,
  "ezughị okè": -2,
  "ike ka": 2,
  "iringo": -3,
  "uku": -3,
  "à gụpụrụ": 2,
  "a ma ama": 2,
  "a naegbu": -2,
  "a tụrụ mkpọrọ": -2,
  "abaghị uru": -2,
  "abductions": -2,
  "abiatibet": -2,
  "abọ ọbọ": -2,
  "aborted": -1,
  "aborts": -1,
  "absentees": -1,
  "absolves": 2,
  "absolving": 2,
  "abụchaghị eziokwu": -2,
  "abụrụ": -2,
  "abụrụ ọnụ": -4,
  "abuses": -3,
  "acclaimed": 2,
  "accolade": 2,
  "achia ochi": 1,
  "achọ": -1,
  "achọghị ọdịmma onwe": 2,
  "Achọrọ": 1,
  "achụpụ": -2,
  "acquitting": 2,
  "acrimonious": -3,
  "ada": -2,
  "ada ada": -1,
  "adabaghi": -2,
  "adabako": 2,
  "adabara": 2,
  "adahade": 1,
  "adakọ": -2,
  "adị bụ nzuzu": -2,
  "adị mfe ịghọgbu": -2,
  "adịgboroja": -2,
  "adịghị": -2,
  "adịghị amasị ha": -2,
  "adịghị amasị ndị": -2,
  "adịghị amị mkpụrụ bụ": -2,
  "adịghị anakwere": -2,
  "adịghị atọ": -2,
  "adịghị atụkwasị": -3,
  "adịghị enwe afọ ojuju": -2,
  "adighi ike": -2,
  "adịghị ike": -2,
  "adịghị mma": -2,
  "adịkwa": -3,
  "adọ aka ná ntị": -2,
  "adọkpụrụkwa": -1,
  "adopts": 1,
  "adọpụ": -2,
  "adored": 3,
  "adores": 3,
  "adoring": 3,
  "adoringly": 3,
  "adọrọ adọrọ": 3,
  "adọta": 1,
  "adọwa": -2,
  "adụ ha ọdụ": -2,
  "adụ Ndị": -2,
  "advanced": 1,
  "advantageously": 2,
  "adventurous": 2,
  "affectionateness": 3,
  "affronted": -1,
  "afia": -1,
  "aficionados": 2,
  "afọ ịta mmiri": -2,
  "afọ ntachi": -2,
  "afọ ojuju": 2,
  "afụ ụfụ": -2,
  "agaa kụọ": -1,
  "agaghị echefu echefu": 1,
  "agahie": -3,
  "agakwuru Kraist": 2,
  "agamevu": -2,
  "agaziri": 3,
  "agba": 1,
  "agba ha ume": 2,
  "agba ọchịchị mgba okpuru": -2,
  "agbachitere": 2,
  "Agbaghara": -2,
  "agbagharakwa": 2,
  "agbagọ": -2,
  "agbagwoju anya": -2,
  "agbam ume": 1,
  "agbamume": 2,
  "agbarụ agbarụ": -2,
  "agbawa": -2,
  "agbazee": -2,
  "agbọghọbịa": 3,
  "aggressions": -2,
  "agha": -2,
  "aghara": -3,
  "aghariigha": -2,
  "aghọ aghụghọ": -3,
  "aghọ aghụghọ ule": -3,
  "aghọgbu": -3,
  "aghughọ": -3,
  "aghụghọ": -2,
  "agọ": -2,
  "agog": 2,
  "agọnahụ": -2,
  "agonises": -3,
  "agonize": -3,
  "agonized": -3,
  "agonizes": -3,
  "agugo": -2,
  "agụsi": 1,
  "agụụ": -2,
  "agụụ naagụgbu": -2,
  "aguu ulo": -2,
  "àgwà": 2,
  "aha ọjọọ": -2,
  "ahaghị": -1,
  "ahapụ": -2,
  "ahazighị ahazi": -2,
  "ahịhịa ogwu": -2,
  "ahịrịokwu": -2,
  "ahọ": -2,
  "ahuhu": -2,
  "ahụhụ": -4,
  "aja": -3,
  "ajo": -2,
  "ajọ": -2,
  "Ajọ Onye": -2,
  "ajụ": -1,
  "ajụjụ": -1,
  "ajụjụ ọnụ": -2,
  "aka": 1,
  "aka ike": -2,
  "aka ntagide": -2,
  "akaebe": 2,
  "akagbu": -1,
  "akaja": -2,
  "akakan": 4,
  "akawanye njọ": -3,
  "akọ": -1,
  "akọ eme": 2,
  "akpa": 2,
  "akpa ọchị": 3,
  "akpa ókè": -2,
  "akpa ókè agbụrụ": -3,
  "akpachapụghị anya": -2,
  "akpaghasị": -2,
  "akpali iche": -1,
  "akpali iche echiche": 1,
  "akpali ịhụnanya": 3,
  "akpalite": -1,
  "akpaliwo mmasị": 3,
  "akpan owo": 2,
  "akparị": -2,
  "akpasu": -1,
  "akpasu iwe": -2,
  "Akpata oyi wụrụ": -2,
  "akpatara": -2,
  "akpatara onwe": -2,
  "akpịrị": -1,
  "akpọrọ ihe": -2,
  "akpụ": -2,
  "akpụkpọ": -1,
  "akụ": 2,
  "akụ na ụba": 3,
  "akụkọ ifo": -1,
  "akwa": 3,
  "akwa ákwá": -2,
  "akwa ụta": -2,
  "akwaa": 1,
  "akwado": 1,
  "akwado ụdị": 2,
  "akwakọrọ": -2,
  "akwanyere": 2,
  "akwanyere ùgwù": 2,
  "akwara": -1,
  "akwụkwọ": 2,
  "akwụna": -4,
  "akwụsị": -1,
  "akwusila": -2,
  "ala": 2,
  "alarmist": -2,
  "alarmists": -2,
  "altruistic": 2,
  "alụso": -1,
  "ama": 1,
  "ama esịn": -1,
  "ama etebe": 2,
  "amachibido": -2,
  "amaghi": -2,
  "amaghị": -2,
  "amaghịkwa akwụkwọ": -2,
  "amakụ": 2,
  "amamihe": 1,
  "amamihe naadịghị": -2,
  "amamiihe": 4,
  "amanye": -1,
  "amanye onwe ya ịgbaso": -1,
  "amanyere bụ iwu": -1,
  "amapụ": -2,
  "amara": 3,
  "amasị": 2,
  "ambivalent": -1,
  "amụ anya": 3,
  "amụmụ ọnụ ọchị": 2,
  "amused": 3,
  "anabata": 2,
  "anaghị egosipụta": -2,
  "anaghị eme nke ọma": -2,
  "anakwereghị": 2,
  "anam ẹfiọk": 2,
  "anapụ": -2,
  "Angers": -3,
  "anguished": -3,
  "annoyed": -2,
  "annoys": -2,
  "anọgidewokwa naanyụ": -2,
  "anọrọ": 1,
  "anụ": 2,
  "aṅụ iyi": -2,
  "aṅụ iyi ụgha": -3,
  "Anụọhịa": -5,
  "anuri": 3,
  "aṅụrị": 3,
  "aṅụrị ọṅụ agha": 3,
  "anwụ": -3,
  "anwụ anwụ": 2,
  "anwụrụ": -1,
  "anya": 3,
  "anya mmiri": -2,
  "anya ntughari": -1,
  "anyaụfụ": -2,
  "anyaukwu": -3,
  "anyị nọkwa": 2,
  "anyịgbu": -2,
  "anyụike": -1,
  "apeshit": -3,
  "apịa": -3,
  "apịtị": -2,
  "apocalyptic": -2,
  "appeased": 2,
  "appeases": 2,
  "applauds": 2,
  "apụghị": -2,
  "apụghị ịghọta aghọta": -2,
  "apụghị ịzọ onwe": -2,
  "Apụtara": -1,
  "ara": -3,
  "Ara": 2,
  "arara": -3,
  "arịọ mgbaghara": -1,
  "arịọrọ": 1,
  "arsehole": -4,
  "aru": -2,
  "arụ": 2,
  "arụgidewo": -2,
  "arụkwaghịm": -1,
  "arụrịta": -2,
  "arụrụala": -3,
  "arụsi ọrụ ike": 1,
  "asak": 1,
  "asì": -3,
  "asịrị": -3,
  "asọ anyị oyi": -3,
  "asọ oyi": -2,
  "asọkwa unu oyi": -3,
  "asọmpi": 2,
  "assassinations": -3,
  "assfucking": -4,
  "astoundingly": 3,
  "astounds": 3,
  "asụ ude": -2,
  "Asua": -1,
  "asuan": -2,
  "asusu": -1,
  "ata ụta": -2,
  "atọ ụtọ": 3,
  "atrocity": -3,
  "attractively": 2,
  "atụ egwu": -2,
  "atụ ụjọ": -2,
  "Atụghị egwu": 2,
  "atụmanya": 1,
  "atụmatụ ego": 1,
  "aturu mkporo": -2,
  "audacious": 3,
  "AURA": 1,
  "avenged": -2,
  "avoids": -1,
  "awakpo": -2,
  "award": 3,
  "awards": 3,
  "awụfu": -2,
  "axed": -1,
  "ayak": 1,
  "azọpịa": -1,
  "azu": 1,
  "azụlite": 2,
  "baara": -2,
  "backed": 1,
  "badass": -3,
  "bailout": -2,
  "bamboozle": -2,
  "bamboozled": -2,
  "bamboozles": -2,
  "ban": -2,
  "bankster": -3,
  "bara ọgaranya": 2,
  "bara uru": 2,
  "bastards": -5,
  "beatific": 3,
  "beauties": 3,
  "benefactors": 2,
  "benefitted": 2,
  "benefitting": 2,
  "bereaves": -2,
  "bereaving": -2,
  "big": 1,
  "Biko": 1,
  "bilie": 1,
  "bilie dị njikere": -2,
  "bitches": -5,
  "bitterest": -2,
  "blackmailed": -3,
  "blackmailing": -3,
  "blackmails": -3,
  "blah": -2,
  "blames": -2,
  "blissful": 3,
  "blithe": 2,
  "blockbuster": 3,
  "blocks": -1,
  "blurry": -2,
  "bogbuo": -2,
  "bọmbụ": -1,
  "boosting": 1,
  "boosts": 1,
  "boro": -2,
  "bothersome": -2,
  "boycott": -2,
  "boycotted": -2,
  "boycotting": -2,
  "boycotts": -2,
  "brainwashing": -3,
  "braveness": 2,
  "bravura": 3,
  "breaching": -2,
  "breathtaking": 5,
  "bribing": -3,
  "brilliances": 3,
  "brisk": 2,
  "brooding": -2,
  "brutally": -3,
  "bụ ịta": -2,
  "bufee": -1,
  "bullshit": -4,
  "bummer": -2,
  "buoyant": 2,
  "bụrụkwa": 1,
  "calming": 2,
  "calms": 2,
  "cancer": -1,
  "captivated": 3,
  "carefulness": 2,
  "cashing na": -2,
  "censors": -2,
  "chagrin": -2,
  "chagrined": -2,
  "Chaị": 4,
  "championed": 2,
  "charisma": 2,
  "charmingly": 3,
  "charmless": -3,
  "chastises": -3,
  "chastising": -3,
  "cheaters": -3,
  "chebe": 1,
  "chee": -2,
  "cheering": 2,
  "cheerless": -2,
  "cheery": 3,
  "chefuru": -1,
  "Chei": -4,
  "chere": -1,
  "chi": 1,
  "chic": 2,
  "chide": -3,
  "chided": -3,
  "chides": -3,
  "chiding": -3,
  "chilling": -1,
  "chioma": 3,
  "choro": -1,
  "chọrọ": 1,
  "chụpụkwa": -2,
  "classy": 3,
  "Cleaner": 2,
  "clueless": -2,
  "cocksucker": -5,
  "cocksuckers": -5,
  "cocky": -2,
  "coercion": -2,
  "collapses": -2,
  "colliding": -1,
  "collisions": -2,
  "colluding": -3,
  "combats": -1,
  "comfortably": 2,
  "competencies": 1,
  "conciliate": 2,
  "conciliated": 2,
  "conciliates": 2,
  "conciliating": 2,
  "conflictive": -2,
  "congrats": 2,
  "congratulation": 2,
  "consolable": 2,
  "contagion": -2,
  "contagions": -2,
  "contaminant": -2,
  "contaminants": -2,
  "contaminates": -2,
  "contaminations": -2,
  "contemptuously": -2,
  "contender": -1,
  "contestable": -2,
  "controversial": -2,
  "convivial": 2,
  "courageousness": 2,
  "courteous": 2,
  "coziness": 2,
  "crappy": -3,
  "crazier": -2,
  "craziest": -2,
  "crazy": -2,
  "crestfallen": -2,
  "criminate": -3,
  "criminated": -3,
  "criminates": -3,
  "critic": -2,
  "criticizes": -2,
  "critique": -2,
  "crude": -1,
  "cunt": -5,
  "cutbacks": -2,
  "cute": 2,
  "cynic": -2,
  "cynicism": -2,
  "daa mfe": -2,
  "daa ogbenye": -2,
  "dabara": 1,
  "dachie": -2,
  "dajụọ mmụọ": 3,
  "dalata": -2,
  "dara": -2,
  "daredevil": 2,
  "daring": 2,
  "dauntless": 2,
  "dazzling": 3,
  "deadening": -2,
  "deadlock": -2,
  "deafening": -1,
  "debonair": 2,
  "deformities": -2,
  "deft": 2,
  "defunct": -2,
  "degrade": -2,
  "dehumanize": -2,
  "dehumanized": -2,
  "dehumanizes": -2,
  "dehumanizing": -2,
  "deject": -2,
  "dejecting": -2,
  "dejects": -2,
  "delectable": 3,
  "delightfully": 3,
  "demoralized": -2,
  "demoralizes": -2,
  "denials": -2,
  "denier": -2,
  "deniers": -2,
  "denounces": -2,
  "deplore": -3,
  "deplored": -3,
  "deploring": -3,
  "deportations": -2,
  "deports": -2,
  "derail": -2,
  "derailed": -2,
  "derails": -2,
  "derelict": -2,
  "deride": -2,
  "derides": -2,
  "derision": -2,
  "despairing": -3,
  "despairs": -3,
  "detached": -1,
  "deterrent": -2,
  "detract": -1,
  "detracted": -1,
  "detracts": -1,
  "devastations": -2,
  "devotional": 2,
  "dị ebube": 2,
  "dị ike": 2,
  "dị isi ike": -2,
  "dị ize ndụ": -2,
  "dị ka": 2,
  "dị ka arụ": -3,
  "di ya nwụrụ": -1,
  "diamond": 1,
  "dick": -4,
  "dickhead": -4,
  "diffident": -2,
  "dịghachi": 1,
  "dighi ike": -2,
  "dịghịzi": 1,
  "dịghịzi adị": -1,
  "dike": 2,
  "dịkwa ụtọ": 3,
  "dịkwuo": 1,
  "dilligence": 2,
  "dipshit": -3,
  "dịpụrụ adịpụ": -1,
  "direful": -3,
  "dirtier": -2,
  "dirtiest": -2,
  "disadvantaged": -2,
  "disapprovals": -2,
  "disbelieve": -2,
  "discarded": -1,
  "discards": -1,
  "disconsolation": -2,
  "discord": -2,
  "disguising": -1,
  "disgustful": -3,
  "Disliked": -2,
  "disoriented": -2,
  "disparaged": -2,
  "disparages": -2,
  "disproportionate": -2,
  "disqualified": -2,
  "disquiet": -2,
  "disruptions": -2,
  "disrupts": -2,
  "dithering": -2,
  "dọ": -3,
  "dodging": -2,
  "dodgy": -2,
  "dọkpụụrụ": -1,
  "dolorous": -2,
  "doo anya": 2,
  "doo Ndị": 1,
  "dọpụ uche": -2,
  "dọrọ aka ná ntị": -2,
  "doro anya": 1,
  "dọtara": 1,
  "dọtịrị": -2,
  "douche": -3,
  "douchebag": -3,
  "dour": -2,
  "downer": -2,
  "downside": -2,
  "dreading": -2,
  "dreary": -2,
  "droopy": -2,
  "drowns": -2,
  "dubious": -2,
  "dud": -2,
  "duhie": -3,
  "duhiere": -3,
  "dull": -2,
  "dumbass": -3,
  "dump": -1,
  "dumps": -1,
  "dupe": -2,
  "dupery": -2,
  "dụrụ ọdụ,": -2,
  "dysfunction": -2,
  "e tiri ihe otiti": -3,
  "ebekasị": -2,
  "ebelata": 2,
  "ebelatawo": -2,
  "ebere": 2,
  "ebibi": -3,
  "ebili": 1,
  "ebinyeghị akụkụ ọ bụla": 2,
  "ebo ebubo": -2,
  "eboro": -2,
  "ebube": 3,
  "ebubo": -3,
  "ebupụ": 2,
  "eche gbasara": 2,
  "echefu": -1,
  "echegbu": -2,
  "echegbula": -3,
  "echegbula onwe unu": -2,
  "echeghi": -1,
  "echepụtakarị": 2,
  "echeta": 2,
  "echiche": 2,
  "echiche ọjọọ": -1,
  "ecstatic": 4,
  "edinem": 2,
  "edoghị": -1,
  "edozi": 2,
  "eduhie": -3,
  "ee": 1,
  "eerie": -2,
  "eery": -2,
  "efe ofufe": 3,
  "efesa": -2,
  "effortlessly": 2,
  "ẹfiọk": 1,
  "efu": -1,
  "egbe": -1,
  "egbu": -3,
  "egbu egbu": -3,
  "egbu ọchụ na": -2,
  "egbu oge": -1,
  "egbu onwe": -2,
  "egbughị": -2,
  "egbuke": 2,
  "egbukpọ": -2,
  "ego": -1,
  "egosi": 2,
  "egwu": -3,
  "Egwu jidere": -3,
  "egwuregwu": 2,
  "egwuregwu iberiibe": -3,
  "ehighị ụra nke ọma": -2,
  "ejide": -2,
  "ejighị egwu": 2,
  "ejikere": 3,
  "ejikwu obiọma": 2,
  "eju anya,": -2,
  "eke": 1,
  "Ẹkedọhọ": -1,
  "ekele": 1,
  "Ekele": 2,
  "ekele dịrị": 2,
  "ekewa": 2,
  "ekeyetde": -2,
  "ekiri": 3,
  "ekochiela ihu": -1,
  "ekpebie": 2,
  "ekperima": -3,
  "ekpesi ike": 2,
  "ekporopụ anya,": -2,
  "ekporopụkwa": -2,
  "ekpuchi": -1,
  "ekpughepụ": -1,
  "ekwe": -2,
  "ekwe ka": 1,
  "ekwegh": -2,
  "ekweghị ekwe": -1,
  "ekwekọrịtaghị": -2,
  "ekwesighi": -2,
  "ekweta": 1,
  "ekworo": -1,
  "ekwu nanị": -2,
  "ekwubigaghị okwu ókè": -2,
  "Ekwughị": 2,
  "ekwurịta": 2,
  "elation": 3,
  "eleda": -1,
  "eledakwa": -2,
  "elegantly": 2,
  "eleghara": -2,
  "eleghara anya": -2,
  "eleghi anya": -1,
  "elekọta": 2,
  "elekọtakwa": 2,
  "elelịkwa": -2,
  "elelịwokwa": -2,
  "elezighị": -2,
  "elu": 2,
  "eluigwe": 4,
  "ẹma ẹsịn": -2,
  "embarrasses": -2,
  "eme": -2,
  "eme amara,": 3,
  "eme ihe ike": -3,
  "eme ka hà": -1,
  "eme ka iwe wekwuo": -2,
  "eme nke oma": 2,
  "eme nzuzu": -3,
  "emebi": -2,
  "emebi obosara": -3,
  "emebibeghị": 2,
  "emecha": -3,
  "emechu ihu": -2,
  "emede": 2,
  "emegbu": -3,
  "Emegbula ya emegbu": -3,
  "emeghachi omume gabiga ókè": -2,
  "emeghari": -1,
  "emegharị": -2,
  "emeghasịkwa": -2,
  "emegide": -2,
  "emehie": -2,
  "emekpa": -3,
  "emekpala": -2,
  "ememe": 3,
  "emenye": 3,
  "emenye ihere": -2,
  "emenye ụjọ": -3,
  "emere ebere": 1,
  "emeri": 4,
  "emeriri": -3,
  "emerụghị": -2,
  "emesi obi ike,": 2,
  "emetụkwa": 1,
  "emetụta": -1,
  "emetụtaghị okwu ikpe": -2,
  "Emewo ka ihere": -2,
  "emezu": 2,
  "emezughị": -2,
  "emo": -2,
  "enchanted": 2,
  "endorses": 2,
  "eneni": -2,
  "energetic": 2,
  "engrossed": 1,
  "engrossing": 3,
  "ennui": -2,
  "enrage": -2,
  "enrages": -2,
  "enraging": -2,
  "enrapture": 3,
  "enslaves": -2,
  "enthrall": 3,
  "enupu isi": -2,
  "enwe": 2,
  "enwe mmekọrịta chiri anya": 2,
  "Enwe nne enwe nna": -5,
  "enwe nnukwu": -2,
  "Enwee Mmeri": 4,
  "enweghị": -2,
  "enweghi anuri": -3,
  "enweghị ebe obibi": -2,
  "enweghị ekele": -3,
  "enweghi ike": -2,
  "enweghị ike": -2,
  "enweghị isi": -2,
  "enweghị isi na ọdụ": -1,
  "enweghị mgbaghara": -2,
  "enweghị mmasị": -3,
  "enweghị nchekwube": -2,
  "enweghị ndidi": -2,
  "enweghị nkà": -2,
  "enweghị nkebi": 2,
  "enweghị ntụkwasị obi": -3,
  "enweghị ntụpọ": 2,
  "enweghị obi ụtọ": -2,
  "enweghị olileanya": -2,
  "enweghị omume enyi": -2,
  "enweghị ọrụ": -2,
  "enweghị uche": -2,
  "enwekwa": 3,
  "enweta ihu": 2,
  "enweteghi": -2,
  "enye ihe ọmụma": 2,
  "enyele": 2,
  "enyem": 1,
  "Enyemaka": 2,
  "enyere": 2,
  "enyi": 2,
  "enyi na enyi": 2,
  "enyo enyo": -1,
  "enyochakwa": -2,
  "eri": -2,
  "erigbula": -3,
  "ErrorWithTranslation": 2,
  "eru": 2,
  "erughi": -2,
  "erughị ala": -1,
  "erughị eru": -2,
  "ẹse": -1,
  "ese okwu": -2,
  "esemokwu": -2,
  "esi kpọpụ mmadụ nile": -1,
  "esifịna": -2,
  "esịmde": 1,
  "esiwo": -1,
  "Esogbula": -3,
  "eti": -2,
  "eti eti": -1,
  "etinye obi gị dum": 1,
  "etiwapụ": -1,
  "etre": -2,
  "euphoric": 4,
  "evacuates": -1,
  "evacuating": -1,
  "Evergreen": 2,
  "evergreening": -3,
  "evergreens": 2,
  "ewepu": -1,
  "eweta": -1,
  "ewezugara nye": 3,
  "Ewoo": -1,
  "ewu ewu": 3,
  "ewute": -2,
  "exacerbate": -2,
  "exacerbating": -2,
  "exaggerates": -2,
  "exasparate": -2,
  "exasperates": -2,
  "excruciatingly": -1,
  "exhilarated": 3,
  "exhilarates": 3,
  "exonerate": 2,
  "exonerates": 2,
  "exonerating": 2,
  "explorations": 1,
  "extremist": -2,
  "eyi": -1,
  "eyi egwu,": 3,
  "eyi uwe": -2,
  "eyigharị": -1,
  "ezi": 1,
  "ezi obi": 2,
  "ezi obi na": 2,
  "ezi omume": 2,
  "ezigbo": 1,
  "ezighị": -2,
  "ezighị ezi": -2,
  "ezo": -1,
  "ezobe": -1,
  "ezughị ezu": -1,
  "ezughi oke": -2,
  "Ezuru": -2,
  "fabulous": 4,
  "fabulously": 4,
  "fad": -2,
  "fag": -3,
  "fagot": -3,
  "fagots": -3,
  "faker": -3,
  "fakes": -3,
  "faking": -3,
  "falsified": -3,
  "fan": 3,
  "farce": -1,
  "fascinates": 3,
  "fascists": -2,
  "fatigues": -2,
  "fatiguing": -2,
  "favorited": 2,
  "favorites": 2,
  "favourited": 2,
  "fearsome": -2,
  "felonies": -3,
  "felony": -3,
  "fervid": 2,
  "festive": 2,
  "fever": -2,
  "fiasco": -3,
  "fidgety": -2,
  "firing": -2,
  "flagship": 2,
  "flawlessly": 2,
  "flaws": -2,
  "flop": -2,
  "flops": -2,
  "flu": -2,
  "Foreclosures": -2,
  "forefront": 1,
  "forgettable": -1,
  "frantic": -1,
  "fraudster": -4,
  "fraudsters": -4,
  "fraudulence": -4,
  "fraudulent": -4,
  "freak": -2,
  "free": 1,
  "frikin": -2,
  "frisky": 2,
  "frowning": -1,
  "ftw": 3,
  "fuckers": -4,
  "fuckface": -4,
  "fuckhead": -4,
  "fuckin": -4,
  "fucktard": -4,
  "fud": -3,
  "fuked": -4,
  "fuking": -4,
  "fuming": -2,
  "fun": 4,
  "funky": 2,
  "funnier": 4,
  "furu efu": -3,
  "gag": -2,
  "gagged": -2,
  "gallant": 3,
  "gallantly": 3,
  "gallantry": 3,
  "gameagbanwe": 3,
  "gbaa": -1,
  "gbaghaara": 2,
  "gbaghara": 1,
  "gbahapụrụ": -1,
  "gbajiri": -1,
  "gbajisịa": -2,
  "gbapụ": -1,
  "gbapụtara": 2,
  "gbarụọ": -2,
  "gbasaghị": 1,
  "gbasiri": 2,
  "gbasịrị arụkwaghịm": -1,
  "gbasiri ike": 2,
  "gbatịrị": 1,
  "gbochie": -1,
  "gbochikwara": -1,
  "gbochiri": -1,
  "gbụpụtara": -3,
  "gburisie": -2,
  "gburu": -1,
  "gburu na": -2,
  "gburu onwe": -2,
  "gburugburu ebe obibienyi na enyi": 2,
  "genial": 3,
  "ghaa ụgha": -2,
  "ghaara ya ụgha": -2,
  "ghaghị": 2,
  "ghakwara ịnọ": -2,
  "ghara inwe afọ ojuju": -2,
  "gharazie ịba uru": -2,
  "ghastly": -2,
  "ghọgbuo": -2,
  "Ghọgbuo Gị": -2,
  "ghọgburu": -3,
  "ghọtahie": -2,
  "ghọtahiere": -2,
  "giddy": -2,
  "glamourous": 3,
  "gleeful": 3,
  "glum": -2,
  "goddamn": -3,
  "godsend": 4,
  "gold": 2,
  "goofiness": -2,
  "goofy": -2,
  "gọzi": 2,
  "gọzie": 2,
  "gr8": 3,
  "green asacha": -3,
  "green saa": -3,
  "greenwash": -3,
  "greenwasher": -3,
  "greenwashers": -3,
  "greenwashing": -3,
  "grisly": -2,
  "growths": 2,
  "guzosienụ ike": 2,
  "gwụ": -1,
  "gwụsịrị": -2,
  "ha": 2,
  "ha juru afọ": -2,
  "hacked": -1,
  "haha": 3,
  "hahaha": 3,
  "hahahah": 3,
  "Halleluyah": 3,
  "handpicked": 1,
  "haplessness": -2,
  "hapụrụ": -2,
  "harasses": -3,
  "hardier": 2,
  "Harms": -2,
  "harried": -2,
  "haunting": 1,
  "haunts": -1,
  "he": -1,
  "heartbreaking": -3,
  "heartless": -2,
  "heaven": 2,
  "heavyhearted": -2,
  "hehe": 2,
  "hell": -4,
  "hellish": -2,
  "hideous": -3,
  "hiere ụzọ": -2,
  "hilarious": 2,
  "hoax": -2,
  "hooligan": -2,
  "hooliganism": -2,
  "horrendous": -3,
  "horrid": -3,
  "hụ": 1,
  "huckster": -2,
  "hugs": 2,
  "humbug": -2,
  "humerous": 3,
  "humourous": 2,
  "hurray": 5,
  "hụrụ": 3,
  "huu": 1,
  "hysterical": -3,
  "hysterics": -3,
  "ịba mba": -2,
  "ibe": 2,
  "iberibe": -4,
  "iberibe cute": 4,
  "iberibe ịhụnanya": 4,
  "iberibe ịtụnanya": 4,
  "iberibe kediegwu": 4,
  "iberibe mara mma": 4,
  "iberibe mma": 4,
  "iberibe naekpo ọkụ": 2,
  "iberibe oké": 4,
  "iberibe zuru okè": 4,
  "ibibi": -3,
  "ibu": -2,
  "ibu ibu": -1,
  "ibula": -2,
  "ibunye": -2,
  "ibuti": -1,
  "ich o ima": 2,
  "Iche": -2,
  "ichegbu": -2,
  "ichegbu onwe": -3,
  "icheku ọkụ": 1,
  "ichighaazu": -1,
  "ịchọ ọdịmma onwe": -3,
  "icky": -3,
  "ida": -2,
  "ịda iwu": -2,
  "ịda ogbenye": -1,
  "idebe": -1,
  "idebe": -1,
  "idejo ihe": -2,
  "idem akpa": 2,
  "idem ama akpa": -2,
  "ịdị mma": 3,
  "idiocy": -3,
  "idiọk": -2,
  "ịdọ aka ná ntị": -3,
  "ido onwe ha": -1,
  "ịdọpụ uche": -2,
  "idozi": 2,
  "ife efe": -2,
  "ịga nke ọma": 2,
  "ịgba akwụkwọ": -1,
  "ịgba mgba okpuru": -2,
  "ịgba mgba okpuru ọ": -3,
  "ịgbaghara": 2,
  "igbanwe": -1,
  "ịgbatị": 1,
  "igbo": -3,
  "igbochi": -1,
  "igbu mgbu": -2,
  "igbu mmadu": -2,
  "igbu ọchụ": -3,
  "igbu oge": -1,
  "igbu onwe": -2,
  "ịgha": -3,
  "ịgha ụgha banyere": -2,
  "ịghọgbu": -3,
  "ịghọtahie": -2,
  "ịgọnahụ": -2,
  "ịgwagbu": -2,
  "ịgwụ": -2,
  "igwu wayo": -4,
  "ihapu": 2,
  "ihe": 1,
  "Ihe": 1,
  "ihè": 2,
  "Ihe egwu": -2,
  "ihe ịga nke ọma": 3,
  "ihe ihere": -2,
  "ihe isi ike": -2,
  "ihe ịtụnanya": -2,
  "ihe juru": -3,
  "ihe mberede": -2,
  "ihe naagụ": -1,
  "Ihe pụtara ìhè": 2,
  "ihe ùgwù": 2,
  "ihe ụmụaka": -2,
  "iheoma": 3,
  "ihere": -2,
  "ihu abụọ": -2,
  "ihu ọma": 2,
  "ịhụnanya nzuzu": 2,
  "iji ike emegbu mmadụ": -2,
  "iji iwe na": -2,
  "iji ụjọ": -2,
  "ijide": -2,
  "iju": -1,
  "ijuanya": -2,
  "ịkagbu": -1,
  "ịkatọ": -2,
  "ike": -1,
  "Ike": -4,
  "ike agwụ": -2,
  "ike emegbu": -2,
  "ike gwụrụ": -2,
  "ike ike": -2,
  "ike ọgwụgwụ": -2,
  "ikele": 2,
  "ikenenke": -2,
  "ikenyeneke mbiet": 5,
  "ikike": 1,
  "ịkọwa": 1,
  "ịkpa": -2,
  "ịkpa àgwà ọjọọ": -2,
  "ikpa oke": -2,
  "ịkpa ókè agbụrụ": -3,
  "ịkpachara anya": 2,
  "ịkpagbu": -2,
  "ịkpaghasị": -2,
  "ịkpali": 1,
  "ịkparị": -2,
  "ịkpasu": -2,
  "ikpasuiwe": -2,
  "ikpe": -2,
  "ikpe mara": -3,
  "ikpe naezighị": -2,
  "ikpe ọmụma": -3,
  "ikpe ziri ezi": 2,
  "ikpebisi": 2,
  "ikpepke": -3,
  "Ịkpọ asị": -3,
  "ịkpọasị": -3,
  "ikpoghara": -2,
  "ịkpụ": -1,
  "ikpuru": -1,
  "iku": -1,
  "ikuikpe": -2,
  "ikukota": -1,
  "ikwa": 2,
  "ịkwa ákwá": -2,
  "ikwaghari": -1,
  "ịkwụ ụgwọ": -1,
  "ikwubiga okwu ókè": -2,
  "ikwughari": -2,
  "ịkwụsịtụ": -2,
  "ileda": -2,
  "ileda anya": -2,
  "ileghara": -2,
  "Ileghara": -2,
  "ili": -2,
  "ilu": -2,
  "ịlụ ọ": 2,
  "ima": -2,
  "ịma aka": -1,
  "ịma jijiji": -2,
  "ịma mma": 3,
  "imagide": -1,
  "ịmaja": -2,
  "ịmakụ": 1,
  "ịmata": 2,
  "imbecile": -3,
  "ime": -2,
  "ime ara ara": -3,
  "ime ihe ike": -2,
  "ime ihe ikeyiri": -3,
  "ime nke ugbua": 2,
  "imebi": -2,
  "imebi aha": -3,
  "imebi emebi": 2,
  "imebi ihe": -2,
  "imebiga ihe ókè": -2,
  "imechu": -2,
  "imefusị": -2,
  "imegide ọchịchị": -2,
  "imejọ": -2,
  "imere ebere": -1,
  "imerụ": -2,
  "imewe ihe": -1,
  "impairing": -2,
  "impairment": -2,
  "impairs": -2,
  "impeachment": -3,
  "impeachments": -3,
  "impeded": -2,
  "impeding": -2,
  "impedingly": -2,
  "imposter": -2,
  "ịmụta": 1,
  "ina": -1,
  "ịnakwere": 1,
  "inaputa": 2,
  "ịnara aka azụ": -3,
  "incapacitates": -2,
  "incapacitating": -2,
  "incenses": -2,
  "incensing": -2,
  "incoherent": -2,
  "incompetence": -2,
  "Indicted": -2,
  "indifferent": -2,
  "indoctrinate": -2,
  "indoctrinated": -2,
  "indoctrinates": -2,
  "indoctrinating": -2,
  "inediable": -2,
  "ineffectively": -2,
  "ineffectual": -2,
  "inefficiency": -2,
  "inefficiently": -2,
  "inept": -2,
  "ineptitude": -2,
  "inexcusable": -3,
  "inexorable": -3,
  "infantilized": -2,
  "infects": -2,
  "infest": -2,
  "infesting": -2,
  "infests": -2,
  "infract": -2,
  "infracted": -2,
  "infracting": -2,
  "infracts": -2,
  "infuriated": -2,
  "infuriates": -2,
  "infuriating": -2,
  "inhibit": -1,
  "innovate": 1,
  "innovates": 1,
  "Ịnọ nkịtị gwụrụ": -2,
  "inoagu": -2,
  "ịnọchi": 3,
  "inogide": 2,
  "inoperative": -2,
  "insensitivity": -2,
  "insipid": -2,
  "inspirational": 2,
  "insufficiency": -2,
  "insufficiently": -2,
  "interrupting": -2,
  "interrupts": -2,
  "intimidating": -2,
  "intransigence": -2,
  "intransigency": -2,
  "intrigues": 1,
  "ịṅụbiga": -3,
  "Ịṅụbiga": -2,
  "inwe anyaụfụ": -1,
  "inwe obi abua": -1,
  "inweta": 2,
  "inye": 2,
  "inye onyinye": 2,
  "inyeaka": 1,
  "ịnyịnya ibu": -4,
  "ire": -3,
  "irè": 1,
  "ire ure": -3,
  "ịrịba": -2,
  "ịrịba ama": 2,
  "irigbu": -3,
  "ịrịọ mgbaghara": -1,
  "iro": -2,
  "irreparable": -2,
  "irreproducible": -2,
  "irresistible": 2,
  "irresolute": -2,
  "irresponsibly": -2,
  "irreversible": -1,
  "irreversibly": -1,
  "iru": 1,
  "iruújú": -2,
  "iru ala": 2,
  "iru uju": -2,
  "ịrụzu": 2,
  "ìsì": -1,
  "isi awọ": -1,
  "isi ọwụwa": -2,
  "isiokwu": 1,
  "isonyere": 1,
  "ịta": -2,
  "ịta mmadụ": -3,
  "itchy": -2,
  "iteto": -2,
  "itinkpu": -1,
  "iti mkpu": -2,
  "ito ochi": 3,
  "ịtọrọ": -2,
  "ituiro": -2,
  "itunanya": 3,
  "ịtụnanya": 3,
  "ịtụte": 2,
  "iwe": -3,
  "iwe iwe": -2,
  "iwe ji": -3,
  "iwe juru": -2,
  "iwe naewe": -3,
  "Iweghachi": 1,
  "iwelie": -2,
  "iwetara": -2,
  "iwu": 1,
  "Iwu": -2,
  "iwu naakwadoghị": -3,
  "iyi egwu": -2,
  "Iyigharị": -1,
  "ize": -2,
  "ize ndụ": -2,
  "izeuzere": -2,
  "izu ọjọọ": -3,
  "izu okè": 3,
  "izute": -1,
  "jaa": 2,
  "jackass": -4,
  "jackasses": -4,
  "jara": 2,
  "jaunty": 2,
  "jehieworo": -2,
  "jerk": -3,
  "jewels": 1,
  "Ji": 2,
  "jide": -2,
  "jidere": -3,
  "jie ejiji nke ọma": 2,
  "jikeere": -2,
  "Jiri nkwanye": 2,
  "Jizọs": 1,
  "jocular": 2,
  "jogburu": -3,
  "jọgburu": -2,
  "jọgburu onwe ya": -2,
  "jolly": 2,
  "jọrọ njọ": -3,
  "jovial": 2,
  "jụ": -2,
  "jubilant": 3,
  "jumpy": -1,
  "juru": 2,
  "jụrụ": -2,
  "jụrụ ajụ": -2,
  "jụụ": 1,
  "jụụ stof": 3,
  "ka njọ": -2,
  "ka obi jọọ": -2,
  "kachaa njọ": -3,
  "kagbuo": -1,
  "kara njọ": -3,
  "kasị": 2,
  "kasị ala": -1,
  "kasị daa ogbenye": -2,
  "kasị mma": 3,
  "kasị mma m achọ ịma": 4,
  "kasị njọ": -3,
  "kasị nwee obi ụtọ": 3,
  "kasị ukwuu": 3,
  "katọọ": -3,
  "katọrọ": -2,
  "ke udo": 2,
  "kechioma": 3,
  "kediegwu": 4,
  "kedike": 3,
  "keiberibe": -3,
  "kele": 2,
  "kelee": 1,
  "kemmenyeujo": 4,
  "kemmeochi": 2,
  "kenjo": -2,
  "keogbaaghara": -2,
  "keokuko": -1,
  "keonwe": -2,
  "ketara": 2,
  "keugwu": 2,
  "keukpa": -2,
  "keukwu": 2,
  "kickback": -3,
  "kickbacks": -3,
  "kidnappings": -2,
  "kidnaps": -2,
  "kọrọ": -2,
  "kọwahie": -2,
  "kọwahiere": -2,
  "kọwakwuru": 1,
  "kpaa àgwà ọjọọ": -2,
  "Kpaa Ike Dị Egwu": -2,
  "kpagbuo": -2,
  "kpagburu": -2,
  "kpaliri": 1,
  "kpamkpam": -1,
  "kparịa": -2,
  "kpasue": -1,
  "kpasuru ha iwe": -3,
  "kpata ajọ": -4,
  "kpaworo aka": -2,
  "kpebiri": 2,
  "kpebisiri": 2,
  "kpee ekpere": 1,
  "kpee ikpe": -1,
  "kpọ isi ala nye": 3,
  "kpọkara akpọka": -2,
  "kpọpụrụ": -1,
  "kpọrọ": 2,
  "kpọrọ asị": -3,
  "Kpọrọ Asị": -3,
  "kpọrọ ihe": 2,
  "kposara": -2,
  "kpuchie": -3,
  "Kudos": 3,
  "kụjara": -2,
  "kụrụ aka": 2,
  "kwaa akwa ariri": -2,
  "kwadebere": 1,
  "kwagaa": 1,
  "kwara": 1,
  "kwara ụta": -2,
  "kwe ọnụ ahịa": 2,
  "kwenye": 1,
  "kwenyesiri": 1,
  "kwere nkwa": 1,
  "kwesiri": 2,
  "kwesịrị": 2,
  "kwesịrị ekwesị": 2,
  "kwesiri ngosi": 2,
  "kwetara": -1,
  "Kwụ ọtọ": 1,
  "Kwụsị": -1,
  "kwusiri": -2,
  "kwụsịrị": -1,
  "kwụsịtụ": -1,
  "kwụsịtụrụ": -1,
  "lackadaisical": -2,
  "lag": -1,
  "lagged": -2,
  "lagging": -2,
  "lags": -2,
  "lapse": -1,
  "laughting": 1,
  "lawl": 3,
  "leaked": -1,
  "ledara": -2,
  "lee": -1,
  "leghaara": -1,
  "lekwasịrị anya": 2,
  "lelia": -3,
  "lelịkwara": -2,
  "lethality": -2,
  "lethargic": -2,
  "lethargy": -2,
  "libelous": -2,
  "lifesaver": 4,
  "likeable": 2,
  "likers": 2,
  "litigious": -2,
  "livid": -2,
  "lmao": 4,
  "lmfao": 4,
  "loathed": -3,
  "loathes": -3,
  "lobbied": -2,
  "lobbying": -2,
  "lobbyist": -2,
  "lobbyists": -2,
  "lolol": 4,
  "lololol": 4,
  "lolololol": 4,
  "lonesome": -2,
  "lool": 3,
  "loomed": -1,
  "looms": -1,
  "loool": 3,
  "looool": 3,
  "looses": -3,
  "losses": -3,
  "lousy": -2,
  "lovelies": 3,
  "luckily": 3,
  "ludicrous": -3,
  "lugubrious": -2,
  "lunatics": -3,
  "lurks": -1,
  "lụtara": -2,
  "m achọ ịma cute": 3,
  "m achọ ịma mma": 4,
  "ma ama": 2,
  "maa mma": 3,
  "macabre": -2,
  "machibido": -1,
  "machibidoro": -1,
  "machibidoro iwu": -2,
  "maddening": -3,
  "madly": -3,
  "magburu": 2,
  "magburu onwe": 3,
  "maja": -2,
  "majara": -2,
  "maladaption": -2,
  "maldevelopment": -2,
  "maltreatment": -2,
  "manụ": -2,
  "manyere": -2,
  "mara": 2,
  "mara ezigbo mma": 3,
  "mara mma": 1,
  "masị": 3,
  "masịrị": 3,
  "masterpiece": 4,
  "masterpieces": 4,
  "mba": -2,
  "mbà": -2,
  "mberede": -2,
  "mbianye": 2,
  "mbibi": -3,
  "mbuso agha": -1,
  "mebere": -1,
  "mebie ihe": -2,
  "mebiela": -2,
  "mebiri": -2,
  "mebiri emebi": -3,
  "mebiwo": -2,
  "mechawo": 2,
  "medara": 3,
  "mediocrity": -3,
  "meditative": 1,
  "mee": 2,
  "megharịa": -1,
  "mejọọ": -2,
  "mejọrọ": -2,
  "mejụọ agụụ mmekọahụ": 2,
  "melancholy": -2,
  "memoriam": -2,
  "menaced": -2,
  "menaces": -2,
  "menyeujo": -3,
  "mere mkpesa": -2,
  "meriri": -2,
  "meririnụ": 3,
  "merụọ": -2,
  "merụrụ ahụ": -2,
  "merụsịrị": -3,
  "mesiri": -2,
  "mesmerizing": 3,
  "mesoro": -3,
  "messed": -2,
  "messing elu": -2,
  "methodical": 2,
  "methodically": 2,
  "metọrọ emetọ": -2,
  "metọworo": -2,
  "mezuo": 2,
  "Mezuo": 2,
  "mfe": 1,
  "mfọnido": 2,
  "mgba": -2,
  "mgba okpuru": -3,
  "mgbaghara": 2,
  "mgbagwoju anya": 2,
  "mgbaka": -2,
  "mgbali": -1,
  "mgbapụ": -1,
  "mgbatị": -2,
  "mgbochi": -1,
  "mgbu": -2,
  "mgbu mmadu": -3,
  "mgbukepụ": 3,
  "mîkasuaha": -3,
  "mîkemeke": 3,
  "mikpuru": -2,
  "Milton": -2,
  "mirthful": 3,
  "mirthfully": 3,
  "misbehaved": -2,
  "misbehaving": -2,
  "misbranding": -3,
  "miscast": -2,
  "mischiefs": -1,
  "misclassified": -2,
  "misclassifies": -2,
  "misclassify": -2,
  "misconducted": -2,
  "misconducting": -2,
  "misconducts": -2,
  "misfire": -2,
  "misfortune": -2,
  "misgiving": -2,
  "misleaded": -3,
  "misplaces": -2,
  "misplacing": -2,
  "mispricing": -3,
  "misreport": -2,
  "misreported": -2,
  "misreporting": -2,
  "misreports": -2,
  "misrepresentations": -2,
  "misrepresenting": -2,
  "misuses": -2,
  "misusing": -2,
  "mkpa": 2,
  "mkpachapụ": -1,
  "mkpagbu": -2,
  "mkpari": -3,
  "mkparị": -3,
  "mkpasu iwe": -2,
  "mkpebi": 2,
  "mkpesa": -2,
  "mkpi": -2,
  "mkpọchị": -2,
  "mkpofu": -1,
  "mkpọmkpọ ebe": -2,
  "mkpori": 3,
  "mkpọrọ": -2,
  "mkpu": -2,
  "mkpu ákwá": -2,
  "mkpụmkpụahụ ụzọ nke ọma": -2,
  "mkpụmkpụsightedness": -2,
  "mkpuru": 3,
  "mkpụrụ": -3,
  "mma": 3,
  "mmachampioned": 3,
  "mmaguzobere": 2,
  "mmalekwasịrị anya": 2,
  "mmaproportioned": 2,
  "mmachi": -1,
  "mmadụ": -3,
  "mmadụ na mberede": -2,
  "mmanya naegbu": -2,
  "mmasị": 2,
  "mmebi": -3,
  "mmegbu": -2,
  "mmegbu nile": -4,
  "mmehie": -2,
  "mmejọ": -2,
  "mmekorita": 2,
  "mmekpọ ọnụ": -4,
  "mmenyenjo": -2,
  "mmeri": 3,
  "mmeru": -2,
  "mmesapụ aka na": 2,
  "mmetọ": -2,
  "mmetụta": 1,
  "mmetụta ịhụnanya": 3,
  "mmezi": 1,
  "mmezu": 2,
  "mmiri iri": -2,
  "mmiri riri": -2,
  "mmụọ daa mba": -2,
  "mmụta dị elu": 2,
  "mọ": -1,
  "moaned": -2,
  "moans": -2,
  "mock": -2,
  "mocks": -2,
  "modernized": 2,
  "modernizes": 2,
  "modernizing": 2,
  "mongering": -2,
  "monopolized": -2,
  "monopolizes": -2,
  "monopolizing": -2,
  "monotone": -1,
  "Moody": -1,
  "mope": -1,
  "moping": -1,
  "moron": -3,
  "motherfucker": -5,
  "motherfucking": -5,
  "mournful": -2,
  "mourns": -2,
  "mpako": -2,
  "mpe": -2,
  "mpụ": -3,
  "mụbaa": 1,
  "mumpish": -2,
  "mụrụ anya": -1,
  "mụrụ ná mmehie": -2,
  "mụụrụ": -2,
  "mweda": -3,
  "mwepu": -1,
  "mwute": -2,
  "n00b": -2,
  "naagba ọsọ": -1,
  "naagba ume": 2,
  "naakasi obi": 2,
  "naakpa ọchị": 4,
  "naatọ ọchị": 1,
  "naebibi": -2,
  "naechebe": 1,
  "naechere": -1,
  "naekele": 2,
  "naemerụ emerụ": -3,
  "naenwe nsogbu": -2,
  "naenwe olileanya": 2,
  "naenweghị mgbaghara": -3,
  "naezighi ezi": -2,
  "na ajọ": -2,
  "na akpagbu umu": -2,
  "Na dị ka": -2,
  "na emebiwo": -2,
  "na esemokwu": -2,
  "na ikele": 2,
  "na iyi egwu": -3,
  "na mberede": -2,
  "ná mwute": -2,
  "na na": -4,
  "na nkpà": -2,
  "na ógbè": 1,
  "na ụjọ tụrụ": -2,
  "na;": 2,
  "naanị": -2,
  "nabatara": 2,
  "nādighi ike": -2,
  "naghị arụ ọrụ": -3,
  "nanị": -1,
  "nanị ire ọkụ": -2,
  "nāṅu iyi": -2,
  "napụ": -2,
  "napụta": 2,
  "naraghị": -2,
  "nārara": -3,
  "Narcissism": -2,
  "nchapụta": 1,
  "nchegbu": -2,
  "nchekwa": 1,
  "nchekwube": 2,
  "nchiyo": -3,
  "nchupu": -1,
  "ndabara ọma": 2,
  "ndakpọ olileanya": -2,
  "ndedehe": -3,
  "ndinzuzu": -2,
  "Ndị aghụghọ": -3,
  "ndị bara ọgaranya karị": 2,
  "ndị gbara akwụkwọ": -1,
  "ndị ghara ikwe": -2,
  "ndị kpọrọ": -3,
  "ndị naemegiderịta": -2,
  "ndị nkatọ na": -2,
  "ndị ụgha": -3,
  "ndibọhọ": 3,
  "ndidi": 2,
  "ndinuak": -1,
  "ndọpụ uche": -2,
  "ndọrọ": 2,
  "ndọrọ ego": -3,
  "ndú": 2,
  "ndụ": 2,
  "Ndụ Ọjọọ": -2,
  "ndudue": -2,
  "ndụpu": -2,
  "negativity": -2,
  "nējehie": -2,
  "nēsì ísì utọ": -2,
  "nfụkasị": -2,
  "ngagharị": 1,
  "ngagharị iwe": -2,
  "nganga na": 2,
  "ngarị": -3,
  "nghọta": 2,
  "nghọtahie": -2,
  "ngọngọ": -1,
  "ngọpụ": -1,
  "ngosi": 2,
  "ngosipụta": -1,
  "ngọzi": 3,
  "ngwa": 2,
  "ngwa ngwa": -1,
  "ngwangwa": -2,
  "ngwọrọ": -2,
  "ngwọta": 1,
  "nhụjuanya": -3,
  "nhụsianya": -2,
  "nifty": 2,
  "niggas": -5,
  "nigger": -5,
  "njakịrị": 2,
  "nje": -2,
  "Nje": -2,
  "njehie": -2,
  "njem": 2,
  "Njem Ihe Egwu": 2,
  "njide": -2,
  "njikere": 2,
  "Njikota Obodo": 1,
  "njọ": -2,
  "Njụta Okwukwe": -2,
  "nkasi obi": 2,
  "nke mebiri": -2,
  "nke nwere nkwarụ": -2,
  "nke rụrụ arụ": -3,
  "Nkewapụ": -2,
  "nkiri": 2,
  "Nkịtị": -2,
  "nkọ": 1,
  "nkọcha": -1,
  "nkoropụ": -3,
  "nkụda mmụọ": -3,
  "nkukota": -2,
  "nkụkpọ": -2,
  "nkwa": 2,
  "nkwado": 1,
  "nkwafu": 2,
  "nkwali": 1,
  "nkwarụ": -2,
  "nkwekọrita": 2,
  "nkwekọrịta": 1,
  "nkwenye": 2,
  "nkwụsị": -2,
  "nlaazu": -2,
  "nleghara anya": -2,
  "nlekọta": -1,
  "nlelị": -2,
  "nnabata": 1,
  "nnapụta": 2,
  "nnukwu": -1,
  "nnụnnụ tit": -2,
  "nnupu isi": -2,
  "nnupụisi": -2,
  "nnwere onwe": 2,
  "nnyocha": -2,
  "nọ ná mkpa na": -2,
  "nọchiri": 3,
  "nọgidere": -1,
  "nombu": -1,
  "noob": -2,
  "nọrọ jụụ": 2,
  "nọrọ ná": -2,
  "nọrọ ná nchebe": 2,
  "nrite": 3,
  "nro": 2,
  "nrọ": 1,
  "nrụrụ": -2,
  "nsi": -2,
  "nsí": -2,
  "nsị": -2,
  "nsogbu": -3,
  "nsooyi": -3,
  "nsọpụrụ": 2,
  "nsusu ọnụ": 2,
  "ntịme": -2,
  "ntochi": 1,
  "ntụkwasị obi": 1,
  "ntụpọ": -3,
  "ntụrụndụ": 3,
  "ntụsara": 2,
  "nụchaa": 1,
  "nụchara anụcha": 1,
  "nuo": -3,
  "ṅụrịrị ọṅụ": 4,
  "nụrụ akụkọ ụgha": -2,
  "Nwa Anụọhịa": -5,
  "nwanyi": -2,
  "nwedịrị ike ịta": -2,
  "nwee mmasị": 3,
  "nweela": 2,
  "nwéré ihe ukwu": -2,
  "nwere ike \"t eguzo": -3,
  "nwere ike ikwu": 2,
  "nwere mmasị": 2,
  "Nwere Obi Ike": 2,
  "nwere ọgụgụ isi": 2,
  "nwere uche abụọ": -2,
  "nwetara": 2,
  "nwogharia": -1,
  "nwoke mara mma": 3,
  "nwụnahụrụ": -2,
  "nwụrụ": -3,
  "nwụrụ anwụ": -3,
  "nyagburu": -2,
  "nyawaa": -1,
  "nye": 1,
  "nyekwara": 1,
  "nyere": 1,
  "nzọpụta": 2,
  "nzuzu": -2,
  "Ọ dabara nke ọma": 2,
  "ọ dị ka": 0,
  "ọ dịghị": -1,
  "ọ dịghị fun": -3,
  "o doro anya na": 1,
  "ọ gbasaghị": -2,
  "o JULA m": -3,
  "o ruuru ịbụ": 2,
  "oah": -2,
  "ọbara": -3,
  "obi": -2,
  "obi abụọ": -2,
  "Obi abụọ": -1,
  "Obi ebere": 2,
  "obi fere azụ": -2,
  "obi gbawara": -3,
  "Obi gbawara": -2,
  "obi ike": 2,
  "obi ilu": -2,
  "obi jụrụ": 2,
  "obi mmadu": 2,
  "obi ọjọọ": -3,
  "obi sie": 1,
  "obi ụtọ": 3,
  "Obi Ụtọ": 3,
  "obi ụtọ na": 2,
  "obi ụtọ nke": -2,
  "obi ụtọ, obi": -2,
  "obiọma": 3,
  "obiọma,": 3,
  "obliterate": -2,
  "obliterated": -2,
  "ọbọ": -2,
  "ọbọhọ": 2,
  "obstructed": -2,
  "obstructing": -2,
  "obstructs": -2,
  "ọcha": 1,
  "ochi": 1,
  "ọchị": 2,
  "ọchịchị": 1,
  "ọchịchị aka ike": -3,
  "ọchichiri": -1,
  "ọchịchịrị": -1,
  "ọchịchọ": 1,
  "ọchịchọ ịmata": 1,
  "odachi": -2,
  "ọdachi": -2,
  "Ọdachi": -3,
  "odi mfe": 2,
  "odida": -2,
  "ọdịda": -2,
  "ọdịmma": 2,
  "ọdọhọde": -2,
  "offensively": -2,
  "offline": -1,
  "ofufe": -2,
  "ofụt": -3,
  "ọganihu": 1,
  "ọgaranya": 2,
  "ọgba": -2,
  "ọgba aghara": -2,
  "ọgbaghara": -2,
  "ogbenye": -2,
  "ogbi": -3,
  "ogbu": -2,
  "oghere": -1,
  "oghom": -2,
  "ọgụ": -1,
  "ọgwụ ọchụ": -2,
  "ohere": 2,
  "Ohere": 2,
  "ohi ahụ e zuru": -2,
  "ohu": -2,
  "ọhụrụ": 1,
  "ọhụụ": 1,
  "ọjọ": -1,
  "ojoo": -2,
  "ọjọọ": -3,
  "ọjọọ chioma": -2,
  "ojoro": -2,
  "ọkacha mmasị": 2,
  "ọkaibe": 2,
  "oké": -2,
  "ókè": -1,
  "oké iwe": -3,
  "oké njọ": -2,
  "oké ọchịchọ": 2,
  "oké ọgba": 2,
  "oké ọnụ": -2,
  "oké ọṅụ": 4,
  "oké ụjọ": -3,
  "oké ụzụ": -1,
  "okike": 2,
  "ọkọbọhọde": 2,
  "okomoko": 2,
  "okorobịa na": 2,
  "okowot": -3,
  "ọkpa": -5,
  "okpono": 2,
  "okpu": -2,
  "ọkpụrụkpụ": 1,
  "oks": 2,
  "ọkụ": -2,
  "ọkụ ọkụ": -2,
  "okuku": -2,
  "okụrede": -1,
  "okwu": 1,
  "okwu nduhie": -2,
  "okwu rụrụ arụ": -2,
  "okwukwe": 1,
  "ọla": 1,
  "olileanya": 2,
  "Olileanya": 2,
  "olileanya adịghịzi": -2,
  "olileanya naadịghị": -2,
  "olili ozu": -1,
  "ọma": 3,
  "ọmamepụtara": 2,
  "ọmarịcha": 2,
  "omeka agu": 2,
  "omekome": -3,
  "omiiko": 2,
  "ọmịiko": -2,
  "omume": -3,
  "omume ọma": 2,
  "ọnọdụ ọjọọ": -2,
  "ọnụ": 2,
  "ọṅù": 3,
  "ọṅụ": 3,
  "ọṅụ eme": 3,
  "ọṅụ juru": 3,
  "ọnụ ọchị": 2,
  "ọṅụ zuru okè": 3,
  "ọnụma": -2,
  "onweobi ike": 2,
  "onwe mmetọ": -2,
  "onwe onye nadeluded": -2,
  "onwe onye naemegiderịta": -2,
  "ọnwụ": -3,
  "ọnyà": -1,
  "onye enyemaka": 2,
  "onye fasizim": -2,
  "onye iberibe": -3,
  "Onye iberibe": -4,
  "onye nnyocha": -2,
  "onye osi": -2,
  "onyinye": 2,
  "Oops": -2,
  "oppressions": -2,
  "optionless": -2,
  "oria": -2,
  "ọrịa": -2,
  "ọrịafated": -2,
  "ọrụ": 1,
  "ọrụ ebere": 2,
  "ọrụ ebube": 4,
  "ọrụ naenye": 3,
  "osisi ịta": -4,
  "ostracize": -2,
  "ostracizes": -2,
  "ọsụ": -2,
  "osụhọ": -2,
  "Otara": -2,
  "otiti": -3,
  "otito": 2,
  "òtù ọjọọ": -2,
  "otu ugboroinandụ": 3,
  "otụhọde": -2,
  "otuto": 2,
  "otutu": 2,
  "ouch": -2,
  "outage": -2,
  "outages": -2,
  "outbreaks": -2,
  "outmaneuvered": -2,
  "outnumbered": -2,
  "outreach": 2,
  "overprotective": -2,
  "overran": -2,
  "overreacted": -2,
  "overreaction": -2,
  "oversell": -2,
  "overselling": -2,
  "oversells": -2,
  "oversimplified": -2,
  "oversimplifies": -2,
  "oversimplify": -2,
  "oversold": -2,
  "overwrought": -3,
  "ọwọrọiso": 2,
  "owu naama": -2,
  "owuwe": 2,
  "oxymoron": -1,
  "ozu": -1,
  "panics": -3,
  "paradise": 3,
  "parley": -1,
  "passion": 1,
  "pathetic": -2,
  "penalized": -2,
  "penalizes": -2,
  "penalizing": -2,
  "penalty": -2,
  "pensive": -1,
  "perfects": 2,
  "perpetrator": -2,
  "perpetrators": -2,
  "persecutes": -2,
  "perturbed": -2,
  "pesky": -2,
  "pessimistic": -2,
  "Philanthropy": 2,
  "phobic": -2,
  "pileup": -1,
  "pique": -2,
  "piqued": -2,
  "piss": -4,
  "pissing": -3,
  "piteous": -2,
  "playful": 2,
  "plodding": -2,
  "polished": 2,
  "politeness": 2,
  "polluter": -2,
  "polluters": -2,
  "possessive": -2,
  "posttraumatic": -2,
  "postpones": -1,
  "prblm": -2,
  "prblms": -2,
  "pretends": -1,
  "prick": -5,
  "proactive": 2,
  "profiteer": -2,
  "prosecuted": -2,
  "prosecutes": -1,
  "protesters": -2,
  "pseudoscience": -3,
  "psychopathic": -2,
  "pụkwara": -2,
  "punitive": -2,
  "pụọ": -2,
  "purest": 1,
  "pụrụ ịdabere": 2,
  "pụtara": 1,
  "pụtara ìhè": 5,
  "raara onwe": 2,
  "raara onwe ya nye": 2,
  "racists": -3,
  "rafuru": -1,
  "rageful": -2,
  "rant": -3,
  "ranter": -3,
  "ranters": -3,
  "rants": -3,
  "rapaara": -2,
  "rape": -4,
  "rapist": -4,
  "raptures": 2,
  "rapturous": 4,
  "ratified": 2,
  "regretful": -2,
  "regretting": -2,
  "reliably": 2,
  "reliant": 2,
  "relishing": 2,
  "repercussion": -2,
  "repercussions": -2,
  "repulse": -1,
  "rere ure": -3,
  "resigns": -1,
  "restores": 1,
  "restrictive": -1,
  "retard": -2,
  "revengeful": -2,
  "revives": 2,
  "rig": -1,
  "rigbuo mmadụ": -3,
  "rigged": -1,
  "rigorous": 3,
  "rigorously": 3,
  "rịọ mgbaghara": -1,
  "riots": -2,
  "riri ego": -3,
  "riveting": 3,
  "robing": -2,
  "rofl": 4,
  "roflcopter": 4,
  "roflmao": 4,
  "romance": 2,
  "romantical": 2,
  "Rome": -2,
  "rotfl": 4,
  "rotflmfao": 4,
  "rotflol": 4,
  "rue újú": -2,
  "rugide": -2,
  "rụọ ọrụ": 2,
  "ruru": 1,
  "rụrụ": -3,
  "rụrụ arụ": -2,
  "ruru eru": 2,
  "rụrụ ụka": -2,
  "ruru unyi": -2,
  "rụzuru": 2,
  "saa mbara": 1,
  "sabotaji": -2,
  "salient": 1,
  "salutes": 2,
  "sappy": -1,
  "savange": -2,
  "savanges": -2,
  "scams": -2,
  "scandalous": -3,
  "scandals": -3,
  "scapegoat": -2,
  "scapegoats": -2,
  "scars": -2,
  "scoop": 3,
  "screams": -2,
  "screwed": -2,
  "screwed elu": -3,
  "scum": -3,
  "scumbag": -4,
  "seamlessly": 2,
  "secures": 2,
  "serene": 2,
  "sexist": -2,
  "sexistic": -2,
  "sexy": 3,
  "shaky": -2,
  "share": 1,
  "shares": 1,
  "shithead": -4,
  "shitty": -3,
  "shoody": -2,
  "shrew": -4,
  "si pụta": -2,
  "sie": -2,
  "siiri": -2,
  "sikwara ike njite": -3,
  "sikwuo": 1,
  "silencing": -1,
  "sincerest": 2,
  "singleminded": -2,
  "siri ike": -1,
  "skeptic": -2,
  "skepticism": -2,
  "slam": -2,
  "slashes": -2,
  "sleeplessness": -2,
  "slicker": 2,
  "slickest": 2,
  "slopi": -2,
  "slumping": -1,
  "smart": 1,
  "smartest": 2,
  "smog": -2,
  "smogul": -2,
  "smuggles": -2,
  "smuggling": -2,
  "sneaky": -1,
  "sneezed": -2,
  "snub": -2,
  "snubbing": -2,
  "snubs": -2,
  "sobpona": -2,
  "solidifies": 2,
  "solidifying": 2,
  "solves": 1,
  "spam": -2,
  "spammer": -3,
  "spammers": -3,
  "sparkle": 3,
  "sparkles": 3,
  "spirit": 1,
  "spirited": 2,
  "spiritless": -2,
  "sprightly": 2,
  "squander": -2,
  "squandering": -2,
  "squanders": -2,
  "squelched": -1,
  "stalled": -2,
  "stalling": -2,
  "stank": -2,
  "starves": -2,
  "steals": -2,
  "stereotyped": -2,
  "stinked": -2,
  "stinker": -2,
  "stinky": -2,
  "strangely": -1,
  "stressor": -2,
  "stressors": -2,
  "strikers": -2,
  "suave": 2,
  "sued": -2,
  "sueing": -2,
  "sues": -2,
  "suing": -2,
  "sulking": -2,
  "sulky": -2,
  "super": 3,
  "support": 2,
  "supporter": 1,
  "sụrụ": 1,
  "sụrụ ude": -2,
  "sustainably": 2,
  "sweet": 2,
  "sweetest": 3,
  "swiftly": 2,
  "swindles": -3,
  "swindling": -3,
  "talent": 2,
  "tara ahụhụ": -2,
  "tard": -2,
  "tarnishes": -2,
  "tensi": -2,
  "terrifically": 4,
  "terrorized": -3,
  "terrorizes": -3,
  "tie": -2,
  "timorous": -2,
  "tiri mkpu iji jaa": 2,
  "tọhapụwo": 2,
  "tokwara": 2,
  "toothless": -2,
  "toro": 2,
  "tọrọ atọ": -2,
  "tout": -2,
  "touted": -2,
  "touting": -2,
  "touts": -2,
  "tozuru okè": 2,
  "transgresses": -2,
  "trauma": -3,
  "traumatic": -3,
  "travesty": -2,
  "treasonous": -3,
  "tremor": -2,
  "tremulous": -2,
  "troll": -2,
  "tụfuo": -1,
  "tụkwasịrị": -2,
  "tụkwasịrị obi": 2,
  "tụsaara": 1,
  "tụụrụ": 2,
  "twat": -5,
  "tyran": -3,
  "tyrannic": -3,
  "tyrans": -3,
  "uba": 2,
  "ụba": 1,
  "ubiquitous": 2,
  "ububo": 2,
  "uchu": 1,
  "Ụchụ": -2,
  "ụchụ gbakwa": -4,
  "ude": 2,
  "ụdị": 2,
  "ụdị ụfọdụ": 0,
  "udo": 2,
  "Udo na": -2,
  "uduak": 2,
  "ufiop": 1,
  "ụfọdụ": 1,
  "ugh": -2,
  "ụgha": -2,
  "ugliness": -3,
  "ụgwọ": -2,
  "ụgwọ ọrụ": 2,
  "ùgwù": 2,
  "ụja": -2,
  "ujo": -2,
  "Ujo": -2,
  "ujọ": -2,
  "ụjọ": -3,
  "ụjọ bịa": -2,
  "Ụjọ ji": -2,
  "ụkọ": -2,
  "ukwuu": -3,
  "ulo oru": 1,
  "uloanumaanu": -2,
  "ụlọnga": -2,
  "ume": 2,
  "umengwụ": -2,
  "umi okpukpu": -1,
  "ụmụaka": -2,
  "unan": -2,
  "unappeasable": -2,
  "unapproved": -2,
  "unavailing": -2,
  "unbelievable": -1,
  "unconfirmed": -1,
  "unconvinced": -1,
  "uncredited": -1,
  "undecided": -1,
  "undercooked": -2,
  "underestimates": -1,
  "underestimating": -1,
  "underperform": -2,
  "underperformed": -2,
  "underperforming": -2,
  "underperforms": -2,
  "unethical": -2,
  "uneventful": -2,
  "unfitted": -2,
  "unfocused": -2,
  "unfunny": -2,
  "ungenerous": -2,
  "unhygienic": -2,
  "unimaginative": -2,
  "unimpressed": -2,
  "uninspired": -2,
  "uninvolving": -2,
  "unmatched": 1,
  "unoriginal": -2,
  "unparliamentary": -2,
  "unprofessional": -2,
  "unreleting": -2,
  "unresearched": -2,
  "unscientific": -2,
  "unsecured": -2,
  "unsold": -1,
  "unsophisticated": -2,
  "unstoppable": 2,
  "unsuccessfully": -2,
  "unsupported": -2,
  "untarnished": 2,
  "ụnwụ": -2,
  "unyi": -2,
  "uplifting": 2,
  "uptight": -2,
  "uru": 2,
  "usọrọ": 3,
  "usoro ziri ezi": 2,
  "usụhọde": -2,
  "ụta": -2,
  "utọ": 3,
  "ụtọ": 2,
  "ụtụ": 2,
  "ụtụtụ ọma": 1,
  "uzere": -2,
  "validates": 1,
  "vapid": -2,
  "verdicts": -1,
  "vexing": -2,
  "vibrant": 3,
  "victimization": -3,
  "Victor": 3,
  "vindicates": 2,
  "vindicating": 2,
  "visioning": 1,
  "vitality": 3,
  "vitamin": 1,
  "vitriolic": -3,
  "vivacious": 3,
  "vomiting": -3,
  "vomits": -3,
  "vulnerability": -2,
  "wakpo": -2,
  "wakpoo": -1,
  "walkouts": -2,
  "wanker": -3,
  "warmness": 2,
  "wedara": -3,
  "wedata aka": -2,
  "Weenụ iwe": -3,
  "wefee iwe ókè": -2,
  "weghachiri eweghachi": 1,
  "weird": -2,
  "welcome": 2,
  "Were ya iwe": -4,
  "wetara": -1,
  "weturu obi": 2,
  "whimsical": 1,
  "whitewash": -3,
  "winwin": 3,
  "wits": 2,
  "woebegone": -2,
  "woo": 3,
  "woohoo": 3,
  "wooo": 4,
  "woow": 4,
  "wowow": 4,
  "wowww": 4,
  "wrenching": -2,
  "wtf": -4,
  "wtff": -4,
  "wtfff": -4,
  "wuta": -2,
  "wute": -2,
  "wutere": -3,
  "wutere ya": -2,
  "xo": 3,
  "xoxo": 3,
  "xoxoxo": 4,
  "xoxoxoxo": 4,
  "yeah": 1,
  "yeees": 2,
  "yigharịrị": -1,
  "yucky": -2,
  "yummy": 3,
  "zealot": -2,
  "zere": -1,
  "zie ezi": 2,
  "ziri ezi": 2,
  "zoo": -1,
  "zopụrụ": -2,
  "zọpụta": 2,
  "zoro": -1,
  "zuo okè": 2,
  "zuru": -2,
  "zuru okè": 3,
  "zuzuru": -2
}