{
  "Lingkungan friendly": 2,
  "abandons": -2,
  "abar": 4,
  "abductions": -2,
  "abhor": -3,
  "abhorred": -3,
  "abhorrent": -3,
  "abhors": -3,
  "abilities": 2,
  "aborted": -1,
  "aborts": -1,
  "absentee": -1,
  "absentees": -1,
  "absolve": 2,
  "absolved": 2,
  "absolves": 2,
  "absolving": 2,
  "abused": -3,
  "abuses": -3,
  "abusing": -3,
  "acclaim": 2,
  "acclaimed": 2,
  "accolade": 2,
  "accomplishes": 2,
  "accuses": -2,
  "achievable": 1,
  "acquits": 2,
  "acquitting": 2,
  "acrimonious": -3,
  "acuh": -2,
  "adil": 2,
  "admired": 3,
  "admires": 3,
  "admiring": 3,
  "admonish": -2,
  "admonished": -2,
  "adopts": 1,
  "adoration": 3,
  "adores": 3,
  "adoring": 3,
  "adoringly": 3,
  "aduh": -2,
  "advantageously": 2,
  "adventures": 2,
  "aeb": -2,
  "affectionateness": 3,
  "afflicted": -1,
  "affordable": 2,
  "affronted": -1,
  "aficionados": 2,
  "aggravated": -2,
  "aggravates": -2,
  "aggressions": -2,
  "aggressiveness": -2,
  "aghast": -2,
  "agog": 2,
  "agonises": -3,
  "agonize": -3,
  "agonized": -3,
  "agonizes": -3,
  "agonizing": -3,
  "agresi": -2,
  "agresip": -2,
  "ahéngna": -1,
  "ajenan": 2,
  "aktip": 1,
  "alarem": -2,
  "alarmed": -2,
  "alarmist": -2,
  "alarmists": -2,
  "Alas": -1,
  "alatan kasakit": -2,
  "alergi jeung": -2,
  "alesan": 1,
  "Allah": 1,
  "altruistic": 2,
  "alus": 3,
  "alus pisan": 4,
  "alus teuing": 3,
  "amal": 2,
  "aman": 2,
  "amazed": 2,
  "amazes": 2,
  "ambek": -2,
  "ambekambekan": -2,
  "ambek pisan": -3,
  "ambivalent": -1,
  "ambruk": -2,
  "amis": 3,
  "amoy": 2,
  "ampuh": -2,
  "amused": 3,
  "amusements": 3,
  "ancaman": -2,
  "ancur": -3,
  "andalannya": 2,
  "andarandar": -2,
  "aneh": -1,
  "angered": -3,
  "Angers": -3,
  "anguish": -3,
  "anguished": -3,
  "anjing": -5,
  "anjuran": 2,
  "anleh": 2,
  "annoyed": -2,
  "annoys": -2,
  "antagonistic": -2,
  "anti": -1,
  "antiem": 2,
  "antisipasi": 1,
  "anu bohong": -3,
  "anu mawa musibah": -3,
  "apathetic": -3,
  "apeshit": -3,
  "apiapi": -1,
  "apocalyptic": -2,
  "apologized": -1,
  "apologizes": -1,
  "apologizing": -1,
  "appalled": -2,
  "appeased": 2,
  "appeases": 2,
  "appeasing": 2,
  "applauded": 2,
  "applauding": 2,
  "applauds": 2,
  "appreciates": 2,
  "appreciating": 2,
  "appropriately": 2,
  "approves": 2,
  "ardent": 1,
  "arrests": -2,
  "arsehole": -4,
  "asaasa": -1,
  "asih": 2,
  "asihkahadean": 3,
  "asih fucking": 4,
  "asih pisan": 2,
  "asli": 1,
  "assassinations": -3,
  "assaults": -2,
  "asset": 2,
  "assfucking": -4,
  "astonished": 2,
  "astounded": 3,
  "astounding": 3,
  "astoundingly": 3,
  "astounds": 3,
  "atah": -1,
  "atiati": 2,
  "Atoh pisan": 3,
  "atra": 1,
  "atraksi": 2,
  "atrocious": -3,
  "atrocity": -3,
  "attracting": 2,
  "attractively": 2,
  "atuda": 2,
  "audacious": 3,
  "aura": 1,
  "avenged": -2,
  "avenger": -2,
  "avengers": -2,
  "avenges": -2,
  "avenging": -2,
  "averts": -1,
  "avoids": -1,
  "awaits": -1,
  "awet": 2,
  "awis": -2,
  "awon": -2,
  "axed": -1,
  "aya dina": -1,
  "aya gunana": 2,
  "babahaan": -2,
  "babarengan": 1,
  "babaturan": 2,
  "babaturan deukeut": 2,
  "badass": -3,
  "badegong": -2,
  "badness": -3,
  "bagja": 3,
  "Bahaya": -2,
  "bailout": -2,
  "bajingan": -3,
  "Bajingan": -5,
  "balesan": 2,
  "bamboozle": -2,
  "bamboozled": -2,
  "bamboozles": -2,
  "banda": 2,
  "bangbaluh": -2,
  "bangkrut": -2,
  "Bangsat": -2,
  "bankster": -3,
  "banyol": -2,
  "barang encer nu dipake keur beberesih": 2,
  "barang tiis": 3,
  "barbarous": -2,
  "bareuh": -1,
  "baruntung": 3,
  "baruntus": -2,
  "bastards": -5,
  "Batesan": -2,
  "battled": -1,
  "battles": -1,
  "battling": -2,
  "bau": -2,
  "beatific": 3,
  "beauties": 3,
  "beautifully": 3,
  "beautify": 3,
  "bebas": 1,
  "bécék": -2,
  "bedegong": -2,
  "bedil": -1,
  "befit": 2,
  "befitting": 2,
  "bek": 2,
  "bék": 1,
  "belet": -3,
  "belittled": -2,
  "bencana": -2,
  "bencong": 2,
  "benefactors": 2,
  "benefitted": 2,
  "benefitting": 2,
  "bener": 2,
  "benevolent": 3,
  "bentrok": -2,
  "bereave": -2,
  "bereaved": -2,
  "bereaves": -2,
  "bereaving": -2,
  "berehan": 2,
  "beresih": 2,
  "beresin": -2,
  "berjiwa": 2,
  "berjuang": -2,
  "berkah": 3,
  "betrayed": -3,
  "betraying": -3,
  "betrays": -3,
  "beulah": -2,
  "beunghar": 2,
  "bias": -1,
  "biasa": 1,
  "biaya": -2,
  "bingung": -3,
  "bisa \"t nangtung": -3,
  "bisa diasupan": 1,
  "bisa dipercaya": 2,
  "bisa disatujuan": 2,
  "bisa ditarima": 1,
  "bitches": -5,
  "bitterest": -2,
  "bitterly": -2,
  "blackmailed": -3,
  "blackmailing": -3,
  "blackmails": -3,
  "blamed": -2,
  "blames": -2,
  "blaming": -2,
  "blesses": 2,
  "Bliss": 3,
  "blissful": 3,
  "blithe": 2,
  "blockbuster": 3,
  "blocking": -1,
  "blok": -1,
  "Blok": -1,
  "bocor": -1,
  "bodo": -2,
  "boga alesan": 2,
  "boga arti": 2,
  "boga pangaruh": 2,
  "bogoh": 3,
  "bohong": -2,
  "bohongan": -2,
  "Boikot": -2,
  "bokek": -1,
  "boldly": 2,
  "boloho": -3,
  "bom": -1,
  "boosted": 1,
  "boosting": 1,
  "boosts": 1,
  "bosen": -2,
  "bothers": -2,
  "bothersome": -2,
  "boycotted": -2,
  "boycotting": -2,
  "boycotts": -2,
  "brainwashing": -3,
  "braveness": 2,
  "bravura": 3,
  "breach": -2,
  "breaches": -2,
  "breaching": -2,
  "breathtaking": 5,
  "bribed": -3,
  "bribing": -3,
  "brightest": 2,
  "brilliance": 3,
  "brilliances": 3,
  "brisk": 2,
  "brooding": -2,
  "brutally": -3,
  "bubudakeun": -2,
  "budak": -3,
  "Budak sétan": -5,
  "bui": -2,
  "bullied": -2,
  "bully": -2,
  "bullying": -2,
  "bummer": -2,
  "bunga": 1,
  "bungah": 3,
  "bungangang": 2,
  "buoyant": 2,
  "burdened": -2,
  "burdens": -2,
  "burit": -4,
  "buta": -1,
  "buta huruf": -2,
  "caang": 1,
  "cacad": -2,
  "cahaya panonpoe": 2,
  "calmed": 2,
  "calming": 2,
  "calms": 2,
  "calon": 1,
  "canceling": -1,
  "cancels": -1,
  "cangcaya": -1,
  "canggih": 2,
  "cape": -2,
  "captivated": 3,
  "carana males kanyeri": -2,
  "carana nundung": -2,
  "carefulness": 2,
  "carita": -1,
  "cashing di": -2,
  "catastrophic": -4,
  "cawad": -2,
  "celebrates": 3,
  "celebrating": 3,
  "celebrations": 3,
  "cengeng": -1,
  "censored": -2,
  "censors": -2,
  "ceurik": -1,
  "chagrin": -2,
  "chagrined": -2,
  "championed": 2,
  "Chances": 2,
  "charmingly": 3,
  "charmless": -3,
  "chastise": -3,
  "chastised": -3,
  "chastises": -3,
  "chastising": -3,
  "cheater": -3,
  "cheaters": -3,
  "cheats": -3,
  "cheered": 2,
  "cheerfully": 2,
  "cheering": 2,
  "cheerless": -2,
  "cheers": 2,
  "cheery": 3,
  "cherish": 2,
  "cherished": 2,
  "cherishes": 2,
  "cherishing": 2,
  "chide": -3,
  "chided": -3,
  "chides": -3,
  "chiding": -3,
  "chilling": -1,
  "choked": -2,
  "chokes": -2,
  "choking": -2,
  "clarifies": 2,
  "classy": 3,
  "clueless": -2,
  "cock": -5,
  "cocksucker": -5,
  "cocksuckers": -5,
  "cocog": 2,
  "cocok": 2,
  "coerced": -2,
  "collapses": -2,
  "colliding": -1,
  "collisions": -2,
  "colluding": -3,
  "combats": -1,
  "comfortably": 2,
  "comforting": 2,
  "comforts": 2,
  "commended": 2,
  "commits": 1,
  "committed": 1,
  "committing": 1,
  "compelled": 1,
  "complaining": -2,
  "complains": -2,
  "complicating": -2,
  "complimented": 2,
  "compliments": 2,
  "conciliate": 2,
  "conciliated": 2,
  "conciliates": 2,
  "conciliating": 2,
  "condemns": -2,
  "confidently": 2,
  "conflictive": -2,
  "congrats": 2,
  "consents": 2,
  "consolable": 2,
  "contagion": -2,
  "contagions": -2,
  "contaminant": -2,
  "contaminates": -2,
  "contaminating": -2,
  "contaminations": -2,
  "contemptuous": -2,
  "contemptuously": -2,
  "contend": -1,
  "contender": -1,
  "contending": -1,
  "contentious": -2,
  "contestable": -2,
  "controversially": -2,
  "controversies": -2,
  "convinces": 1,
  "convivial": 2,
  "cornered": -2,
  "corrupting": -3,
  "corrupts": -3,
  "courageously": 2,
  "courageousness": 2,
  "cowardly": -2,
  "coziness": 2,
  "crap": -3,
  "crappy": -3,
  "crazier": -2,
  "craziest": -2,
  "crestfallen": -2,
  "cries": -2,
  "criminate": -3,
  "criminated": -3,
  "criminates": -3,
  "criticizes": -2,
  "criticizing": -2,
  "critique": -2,
  "crowding": -1,
  "cruelty": -3,
  "crushes": -1,
  "crushing": -1,
  "cuci héjo": -3,
  "cukup": 1,
  "cunihin": -3,
  "cunt": -5,
  "curang": -3,
  "curiga": -2,
  "Cut Nyak Dien": -2,
  "cutbacks": -2,
  "cynic": -2,
  "daek ngadengekeun": 2,
  "dahan": -1,
  "dahsyat": -2,
  "damai": 2,
  "damang": 2,
  "damn alus": 4,
  "damn imut": 3,
  "damn pangalusna": 4,
  "damned": -4,
  "daredevil": 2,
  "daring": 2,
  "darkest": -2,
  "dauntless": 2,
  "daya tarik": 2,
  "dazzling": 3,
  "deadening": -2,
  "deadlock": -2,
  "deafening": -1,
  "dear": 2,
  "dearly": 3,
  "debonair": 2,
  "deceived": -3,
  "deceives": -3,
  "deceiving": -3,
  "decisive": 1,
  "dedicated": 2,
  "defects": -3,
  "defenseless": -2,
  "deferring": -1,
  "defiant": -1,
  "deficiencies": -2,
  "deformities": -2,
  "deformity": -2,
  "defrauds": -3,
  "deft": 2,
  "defunct": -2,
  "dehumanize": -2,
  "dehumanized": -2,
  "dehumanizes": -2,
  "dehumanizing": -2,
  "deject": -2,
  "dejected": -2,
  "dejecting": -2,
  "dejects": -2,
  "delectable": 3,
  "delight": 3,
  "delightfully": 3,
  "delighting": 3,
  "démonstran": -2,
  "demonstrasi": -1,
  "demoralize": -2,
  "demoralized": -2,
  "demoralizes": -2,
  "demoralizing": -2,
  "dengda": 2,
  "denials": -2,
  "denier": -2,
  "deniers": -2,
  "denies": -2,
  "denok": 3,
  "denounces": -2,
  "denying": -2,
  "deplore": -3,
  "deplored": -3,
  "deplores": -3,
  "deploring": -3,
  "deportations": -2,
  "deporting": -2,
  "deports": -2,
  "depresi": -2,
  "deprivation": -3,
  "derail": -2,
  "derailed": -2,
  "derails": -2,
  "derelict": -2,
  "deride": -2,
  "derided": -2,
  "derides": -2,
  "deriding": -2,
  "derision": -2,
  "desirable": 2,
  "desirous": 2,
  "despairing": -3,
  "despairs": -3,
  "desperately": -3,
  "despondent": -3,
  "destructive": -3,
  "detached": -1,
  "deteriorate": -2,
  "deteriorates": -2,
  "deteriorating": -2,
  "detract": -1,
  "detracted": -1,
  "detracts": -1,
  "devastated": -2,
  "devastation": -2,
  "devastations": -2,
  "devoted": 3,
  "devotional": 2,
  "dewasa": 2,
  "diamankeun": 2,
  "dianggap": 2,
  "dibantah": -2,
  "dibebaskeun": -1,
  "dibédakeun": 2,
  "dibérékeun": 1,
  "diberesihan": 1,
  "diblokir": -1,
  "dibolaykeun": -1,
  "dibubarkeun": -2,
  "dibuka": 1,
  "dicangcaya": -2,
  "dicegah": -1,
  "dickhead": -4,
  "dicokot ku batur": -2,
  "diculik": -2,
  "didegradasi": -2,
  "dieksploitasi": -2,
  "dieureunkeun": -1,
  "diffident": -2,
  "diganggu": -2,
  "diganjar": 2,
  "digosok": 2,
  "dihapunten": 2,
  "dihina": -2,
  "dihukum": -2,
  "diideuan": 2,
  "diinterogasi": -2,
  "dijieun": 1,
  "dijudulan": 1,
  "dikorupsi": -3,
  "dikritik": -2,
  "dikutuk": -2,
  "dilakonan": 2,
  "dileler": 3,
  "dilema": -1,
  "dilligence": 2,
  "dimanipulasi": -1,
  "dimodernisasi": 2,
  "dimonopoli": -2,
  "dipaksaan": -3,
  "dipaliré": -2,
  "dipapag": 1,
  "dipecat": -2,
  "dipenjara": -2,
  "dipercanten": 2,
  "dipercayakeun": 2,
  "diperkosa": -4,
  "dipiceun": -1,
  "dipikacinta": 3,
  "dipikagaduh": -1,
  "dipikahoyong": 2,
  "dipikanyaho": -1,
  "dipshit": -3,
  "dipuja": 3,
  "diracun": -2,
  "dirangsang": 1,
  "dirawat": -2,
  "dire": -3,
  "direful": -3,
  "direngsekeun": 1,
  "diri": 2,
  "dirojong": 2,
  "dirtier": -2,
  "dirtiest": -2,
  "dirusak": -2,
  "disabilities": -2,
  "disabit": -2,
  "disadvantaged": -2,
  "disagreeable": -2,
  "disahkeun": 1,
  "disangka": -1,
  "disappears": -1,
  "disappointments": -2,
  "disappoints": -2,
  "disapprovals": -2,
  "disapproved": -2,
  "disapproves": -2,
  "disapproving": -2,
  "disarankeun": 2,
  "disatuju": 1,
  "disatujuan": 2,
  "discarding": -1,
  "discards": -1,
  "discernment": 2,
  "disconsolate": -2,
  "disconsolation": -2,
  "discontented": -2,
  "discord": -2,
  "discouraged": -2,
  "discredited": -2,
  "discriminated": -2,
  "discriminates": -2,
  "discriminating": -2,
  "disdain": -2,
  "disembah": 3,
  "diserang": -1,
  "diserep": 1,
  "disfungsi": -2,
  "disgraced": -2,
  "disguised": -1,
  "disguises": -1,
  "disguising": -1,
  "disgusted": -3,
  "disgustful": -3,
  "disheartened": -2,
  "disiksa": -2,
  "disillusioned": -2,
  "disimpen": 2,
  "disinclined": -2,
  "disjointed": -2,
  "diskriminatif": -2,
  "disliked": -2,
  "dismal": -2,
  "dismayed": -2,
  "disorganized": -2,
  "disoriented": -2,
  "disparage": -2,
  "disparages": -2,
  "disparaging": -2,
  "displeased": -2,
  "displeasure": -2,
  "disproportionate": -2,
  "disputing": -2,
  "disqualified": -2,
  "disquiet": -2,
  "disregard": -2,
  "disregarded": -2,
  "disregarding": -2,
  "disregards": -2,
  "disrespect": -2,
  "disrespected": -2,
  "disrupting": -2,
  "disruptions": -2,
  "disruptive": -2,
  "disrupts": -2,
  "distasteful": -2,
  "distort": -2,
  "distorting": -2,
  "distracts": -2,
  "distressed": -2,
  "distresses": -2,
  "distressing": -2,
  "distrustful": -3,
  "disturbing": -2,
  "disturbs": -2,
  "disusun": 1,
  "ditahan": -2,
  "ditampik": -1,
  "ditangtayungan": 1,
  "ditangtukeun": 2,
  "ditarikna": -3,
  "ditarima": 1,
  "ditebus": 2,
  "ditelasan": -3,
  "dithering": -2,
  "ditinggalkeun": -2,
  "ditipu": -3,
  "ditumbuk": -2,
  "ditumpukeun": -1,
  "ditunda": -1,
  "ditunggu": -1,
  "ditusuk": -2,
  "diusir": -2,
  "diwanohkeun": 1,
  "diwatesan": -2,
  "diyakinkeun": 2,
  "dodging": -2,
  "dodgy": -2,
  "dolorous": -2,
  "Dongeng": 2,
  "dont kawas": -2,
  "doom": -2,
  "doomed": -2,
  "dosa": -2,
  "doubted": -1,
  "doubting": -1,
  "douche": -3,
  "dour": -2,
  "downcast": -2,
  "downer": -2,
  "downhearted": -2,
  "downside": -2,
  "drags": -1,
  "dread": -2,
  "dreaded": -2,
  "dreadful": -3,
  "dreading": -2,
  "dreary": -2,
  "droopy": -2,
  "drowned": -2,
  "drowns": -2,
  "drudgery": -2,
  "dua": 1,
  "dubious": -2,
  "Dud": -2,
  "dugaan": -2,
  "dump": -1,
  "dumps": -1,
  "dupa": -2,
  "dupe": -2,
  "duped": -2,
  "dupery": -2,
  "dying": -3,
  "earnest": 2,
  "ecstatic": 4,
  "eerie": -2,
  "eery": -2,
  "éféktif": 2,
  "éféktivitas": 2,
  "effortlessly": 2,
  "egois": -3,
  "eksklusip": 2,
  "eksplorasi": 1,
  "elated": 3,
  "elation": 3,
  "elegan": 2,
  "elegantly": 2,
  "eleh": -2,
  "éléh": 2,
  "éléhan": -3,
  "ema": -2,
  "EMAIL sampah": -2,
  "emas": 2,
  "embarrassed": -2,
  "embarrasses": -2,
  "embezzlement": -3,
  "embittered": -2,
  "empathetic": 2,
  "empower": 2,
  "emptiness": -1,
  "empuk": 2,
  "encourages": 2,
  "encouraging": 2,
  "endah pisan": 4,
  "endorsed": 2,
  "endorses": 2,
  "energetic": 2,
  "engages": 1,
  "engrossed": 1,
  "engrossing": 3,
  "enjoys": 2,
  "enlighten": 2,
  "enlightened": 2,
  "enlightening": 2,
  "enlightens": 2,
  "ennui": -2,
  "enrage": -2,
  "enraged": -2,
  "enrages": -2,
  "enraging": -2,
  "enrapture": 3,
  "enslave": -2,
  "enslaved": -2,
  "enslaves": -2,
  "enterprising": 1,
  "entertaining": 2,
  "enthrall": 3,
  "envies": -1,
  "envying": -1,
  "enyaenya": 2,
  "epakuasi": -1,
  "epektip": 2,
  "erroneous": -2,
  "ErrorWithTranslation": 2,
  "escapes": -1,
  "escaping": -1,
  "esteemed": 2,
  "etika": 2,
  "euforia": 3,
  "euphoric": 4,
  "eureun": -1,
  "Eureun": -1,
  "euweuh hartina": -2,
  "evacuates": -1,
  "evacuating": -1,
  "evergreen": 2,
  "evergreening": -3,
  "evergreens": 2,
  "exacerbate": -2,
  "exacerbates": -2,
  "exacerbating": -2,
  "exaggerates": -2,
  "exaggerating": -2,
  "exasparate": -2,
  "exasperated": -2,
  "exasperates": -2,
  "exasperating": -2,
  "excruciatingly": -1,
  "exhilarated": 3,
  "exhilarates": 3,
  "exhilarating": 3,
  "exonerate": 2,
  "exonerated": 2,
  "exonerates": 2,
  "exonerating": 2,
  "expands": 1,
  "expelling": -2,
  "expels": -2,
  "expertly": 2,
  "exploiting": -2,
  "exploits": -2,
  "explorations": 1,
  "exposing": -1,
  "exquisite": 3,
  "extremist": -2,
  "extremists": -2,
  "exuberant": 4,
  "exultant": 3,
  "exultantly": 3,
  "fabulously": 4,
  "fad": -2,
  "fag": -3,
  "fagot": -3,
  "fagots": -3,
  "fainthearted": -2,
  "fairness": 2,
  "faker": -3,
  "fakes": -3,
  "faking": -3,
  "falsely": -2,
  "falsified": -3,
  "falsify": -3,
  "farce": -1,
  "fascinate": 3,
  "fascinated": 3,
  "fascinates": 3,
  "fascists": -2,
  "fatalities": -3,
  "fatality": -3,
  "fatigued": -2,
  "fatigues": -2,
  "fatiguing": -2,
  "favorably": 2,
  "favored": 2,
  "favorited": 2,
  "favourited": 2,
  "fearful": -2,
  "fearfully": -2,
  "fearing": -2,
  "fearlessness": 2,
  "fearsome": -2,
  "felonies": -3,
  "felony": -3,
  "fervent": 2,
  "fervid": 2,
  "festive": 2,
  "fiasco": -3,
  "fidgety": -2,
  "fines": -2,
  "finest": 3,
  "firing": -2,
  "flawed": -3,
  "flawlessly": 2,
  "flaws": -2,
  "flees": -1,
  "flop": -2,
  "flustered": -2,
  "fondness": 2,
  "foolish": -2,
  "fools": -2,
  "forbidding": -2,
  "foreclosure": -2,
  "foreclosures": -2,
  "forefront": 1,
  "forgettable": -1,
  "forgiving": 1,
  "frantic": -1,
  "frauds": -4,
  "fraudster": -4,
  "fraudsters": -4,
  "fraudulence": -4,
  "freak": -2,
  "friendliness": 2,
  "frightening": -3,
  "frikin": -2,
  "frisky": 2,
  "frowning": -1,
  "fruitless": -2,
  "frustasi": -2,
  "frustrates": -2,
  "frustrating": -2,
  "ftw": 3,
  "fuckers": -4,
  "fuckface": -4,
  "fuckhead": -4,
  "fuckin": -4,
  "fucking": -4,
  "fucking alus": 4,
  "fucking endah pisan": 4,
  "fucking gede": 4,
  "fucking geulis": 4,
  "fucking hebat pisan": 4,
  "fucking imut": 4,
  "fucking panas": 2,
  "fucking sampurna": 4,
  "fucktard": -4,
  "fud": -3,
  "fuked": -4,
  "fuking": -4,
  "fulfills": 2,
  "fuming": -2,
  "funerals": -1,
  "funky": 2,
  "funnier": 4,
  "gadungan": -3,
  "gagabah": -2,
  "gagah": 3,
  "gagah rongkah": 3,
  "gagal": -2,
  "gagged": -2,
  "gains": 2,
  "galak": -2,
  "gallantly": 3,
  "gallantry": 3,
  "galumbira": 3,
  "gamengarobah": 3,
  "gampang dinarajang": -2,
  "gampang katipu": -2,
  "gampil": 1,
  "gandeng": -1,
  "ganggu": -2,
  "gangguan": -2,
  "ganjaran": 2,
  "garansi": 1,
  "Garong": -2,
  "gede": 3,
  "gede ambisina": 2,
  "gede bohong": -2,
  "gede pisan": 1,
  "geger": -1,
  "gelo": -2,
  "gelut": -1,
  "gembor": -3,
  "generously": 2,
  "genial": 3,
  "gerak": -1,
  "gering": -2,
  "geringfated": -2,
  "getihan": -3,
  "getol": 1,
  "geuleuh": -2,
  "geulis": 3,
  "ghastly": -2,
  "giddy": -2,
  "glamourous": 3,
  "glee": 3,
  "gleeful": 3,
  "gloom": -1,
  "gloomy": -2,
  "glorious": 2,
  "glum": -2,
  "goblog": -2,
  "goblok": -3,
  "Goblok": -4,
  "godaan": -3,
  "goddamn": -3,
  "godsend": 4,
  "Gombal": -4,
  "goofiness": -2,
  "goofy": -2,
  "goreng teuing": -3,
  "grand": 3,
  "granting": 1,
  "gratification": 2,
  "greenwash": -3,
  "greenwasher": -3,
  "greenwashers": -3,
  "greenwashing": -3,
  "greets": 1,
  "grieved": -2,
  "gripping": 2,
  "grisly": -2,
  "groaned": -2,
  "groaning": -2,
  "groans": -2,
  "gross": -2,
  "growths": 2,
  "gugatan": -1,
  "guligah": -2,
  "gullibility": -2,
  "gumbira": 4,
  "guncangan": -2,
  "guyonan": 2,
  "ha": 2,
  "hacked": -1,
  "hade": 2,
  "hade hatena": 2,
  "Haduh": -2,
  "haha": 3,
  "hahaha": 3,
  "hahahah": 3,
  "hailed": 2,
  "hal jadi kotor": -2,
  "hal nu henteu mampuh": -2,
  "hal nu minuhan": 2,
  "hal nu teu adil": -2,
  "halangan": -2,
  "halangan keur ngepung": -2,
  "hallelujah": 3,
  "hampura": 2,
  "handap": -2,
  "handpicked": 1,
  "haneut": 1,
  "hanjelu": -2,
  "hanyir": -2,
  "hapless": -2,
  "haplessness": -2,
  "happiest": 3,
  "haram": -3,
  "harassed": -3,
  "harasses": -3,
  "harassing": -3,
  "hardier": 2,
  "Hardy": 2,
  "harepan": 2,
  "harga": 2,
  "hariwang": -2,
  "harmoniously": 2,
  "harmonis": 2,
  "harms": -2,
  "harried": -2,
  "harsher": -2,
  "harshest": -2,
  "harshly": -2,
  "harti": 1,
  "hasil": 3,
  "hated": -3,
  "hater": -3,
  "haters": -3,
  "hates": -3,
  "hating": -3,
  "hatred": -3,
  "hatur nuhun": 2,
  "haunted": -2,
  "haunting": 1,
  "haunts": -1,
  "hayang": 1,
  "hayang pisan": 2,
  "hayang weruh": 2,
  "heartbreaking": -3,
  "heartbroken": -3,
  "heartfelt": 3,
  "heartless": -2,
  "heartwarming": 3,
  "heavyhearted": -2,
  "hebat": 4,
  "hébat": 3,
  "hebat pisan": 4,
  "Heboh": 4,
  "hehe": 2,
  "hehehehe": 1,
  "hellish": -2,
  "hemeng": -2,
  "hening": 2,
  "henteu mampuh": -2,
  "henteu ngahatur nuhun": -3,
  "henteu rapih": -2,
  "henteu resep": -3,
  "henteu saé": -2,
  "henteu sah": -3,
  "henteu seger": -2,
  "henteu sieun": 2,
  "henteu tanggung jawab": -2,
  "hese": -1,
  "hesitant": -2,
  "heubeul": -1,
  "heuras": -1,
  "Hhh": -2,
  "hibah": 1,
  "hideous": -3,
  "hides": -1,
  "hih": -2,
  "hilarious": 2,
  "hinaan": -2,
  "hirup": 1,
  "histeris": -3,
  "homicides": -2,
  "honoring": 2,
  "hooligan": -2,
  "hooliganism": -2,
  "hooligans": -2,
  "hopelessness": -2,
  "hoping": 2,
  "horrendous": -3,
  "horrid": -3,
  "horrific": -3,
  "horrified": -3,
  "hugs": 2,
  "hujan es": 2,
  "hukuman": -2,
  "hukuman bui": -2,
  "humandeu": -2,
  "humarurung": -2,
  "humbug": -2,
  "humerous": 3,
  "humiliation": -3,
  "humourous": 2,
  "hurray": 5,
  "hurting": -2,
  "hurts": -2,
  "hutang": -2,
  "hysterics": -3,
  "icky": -3,
  "idin": 2,
  "idiocy": -3,
  "ignores": -1,
  "ilham": 2,
  "illegally": -3,
  "imbecile": -3,
  "impaired": -2,
  "impairing": -2,
  "impairment": -2,
  "impairs": -2,
  "impeachment": -3,
  "impeachments": -3,
  "impede": -2,
  "impeded": -2,
  "impedes": -2,
  "impeding": -2,
  "impedingly": -2,
  "imposes": -1,
  "imposter": -2,
  "impotent": -2,
  "impressed": 3,
  "impresses": 3,
  "improperly": -2,
  "imut": 2,
  "inaction": -2,
  "inappropriate": -2,
  "incapacitated": -2,
  "incapacitates": -2,
  "incapacitating": -2,
  "incenses": -2,
  "incensing": -2,
  "incoherent": -2,
  "incompetence": -2,
  "indecisive": -2,
  "indestructible": 2,
  "indicted": -2,
  "indifference": -2,
  "indignant": -2,
  "indignation": -2,
  "indoctrinate": -2,
  "indoctrinated": -2,
  "indoctrinates": -2,
  "indoctrinating": -2,
  "inediable": -2,
  "ineffectively": -2,
  "ineffectual": -2,
  "inefficiency": -2,
  "inefficiently": -2,
  "inept": -2,
  "ineptitude": -2,
  "inexcusable": -3,
  "inexorable": -3,
  "infantilized": -2,
  "infatuated": 2,
  "infatuation": 2,
  "infecting": -2,
  "infects": -2,
  "inféksi": -2,
  "infested": -2,
  "infesting": -2,
  "inflamed": -2,
  "inflicted": -2,
  "inflicting": -2,
  "inflicts": -2,
  "infract": -2,
  "infracted": -2,
  "infracting": -2,
  "infracts": -2,
  "infuriated": -2,
  "infuriates": -2,
  "infuriating": -2,
  "innovate": 1,
  "innovates": 1,
  "inopatip": 2,
  "inoperative": -2,
  "Inquisition": -2,
  "insipid": -2,
  "insomnia": -2,
  "inspirational": 2,
  "inspires": 2,
  "insufficiency": -2,
  "insufficiently": -2,
  "inten": 1,
  "interrupted": -2,
  "interrupting": -2,
  "interrupts": -2,
  "intimidated": -2,
  "intimidates": -2,
  "intimidating": -2,
  "intransigence": -2,
  "intransigency": -2,
  "intrigues": 1,
  "inviting": 1,
  "invulnerable": 2,
  "irate": -3,
  "ironi": -1,
  "irreparable": -2,
  "irreproducible": -2,
  "irresistible": 2,
  "irresistibly": 2,
  "irresolute": -2,
  "irresponsibly": -2,
  "irreversibly": -1,
  "irritates": -3,
  "irritating": -3,
  "isin": -2,
  "isinan": -1,
  "itchy": -2,
  "jackass": -4,
  "jackasses": -4,
  "jadi goréng silih musuhan": -3,
  "jahat": -2,
  "jailed": -2,
  "jampe": 3,
  "janggol": -4,
  "jangji": 2,
  "janji": 1,
  "janten": -2,
  "jaunty": 2,
  "jegud": 2,
  "jelas": 1,
  "jelema bodo": -3,
  "jelema nu baha": -2,
  "jelema nu bangkrut": -3,
  "jelema nu boloho": -2,
  "jelema nu maliding pisan ka hal suku bangsa": -3,
  "jelema nu meunang": 4,
  "jelema nu ngabodor": 1,
  "jelema nu salamet": 2,
  "jengkel": -3,
  "jeopardy": -2,
  "jepit": -2,
  "jeritan": -2,
  "jerk": -3,
  "jeung maksud katangtu": 2,
  "jewels": 1,
  "jieun kaduyung": 3,
  "jieun kapincut": 3,
  "jocular": 2,
  "jongjon": 3,
  "jorang": -2,
  "jovial": 2,
  "joyfully": 3,
  "joyless": -2,
  "joyous": 3,
  "juara": 2,
  "jubilant": 3,
  "jujur": 2,
  "jurig": -1,
  "justifiably": 2,
  "kaadilan": 2,
  "kaajaiban": 4,
  "kaajenan": 2,
  "kaancam": -2,
  "kaasih": 3,
  "kaasih pisan": 3,
  "kaasup": -2,
  "kaayaan awak": 2,
  "kaayaan bajoang": -2,
  "kaayaan bangkrut": -3,
  "kaayaan guligah": -2,
  "kaayaan kaku": -1,
  "kaayaan katarima": 1,
  "kaayaan milu sedih": -2,
  "kaayaan nu ngarugikeun": -2,
  "kaayaan nu walurat": -2,
  "kaayaan sieun": -2,
  "kaayaan teu nyaho": -2,
  "kaayaan teu satuju": -2,
  "kabaruntugan": 3,
  "kabebasan": 2,
  "kabebeng": -2,
  "Kabeneran": 3,
  "kabetot": 2,
  "kabodoan": -3,
  "kabogohan": 2,
  "kabungahan": 4,
  "kabur": -1,
  "kacaangan": 1,
  "kacangan": -3,
  "kacapean": -2,
  "kacau": -2,
  "kacemar": -2,
  "kacida alusna": 3,
  "kacilakaan": -2,
  "kacow": -2,
  "kado": 2,
  "kaduhung": -2,
  "kaduhungan pisan": -2,
  "kaeusi": 2,
  "kafir": -2,
  "kagagalan": -2,
  "kagagas": 2,
  "kaganggu": -2,
  "kageulisan": 3,
  "kagoda": -1,
  "kagok": -2,
  "kahadean": 3,
  "kahaneutan": 2,
  "kahayang": 2,
  "kaherangan": 2,
  "kahoyong hampura": -1,
  "kainféksi": -2,
  "kajadian nu pinalangsaeun teuing": -2,
  "kajahatan": -3,
  "kajembaran": 2,
  "kajembaran ati": 2,
  "kajembaran manah": 2,
  "kakariweuhan": -2,
  "kakeunaan": -1,
  "kakirangan": -2,
  "kaku": -2,
  "kakuatan": 2,
  "kakuatan keur narik ati": 2,
  "kakurangan": -2,
  "kakurangan tina nu enggeus ditangtukeun": -2,
  "kalakuan cucungah": -3,
  "kalakuan jahat": -1,
  "kalakuan nu jahat": -2,
  "kalam": -1,
  "kalaparan": -2,
  "kalawan daméy": 2,
  "kalawan loba harepanana": 2,
  "kalemahan": -2,
  "kaleresan": -2,
  "kaleungitan": -3,
  "kaleuwihan beurat": -1,
  "kalibet": 1,
  "kalimat": -2,
  "kaliru": -3,
  "kaluar": -2,
  "kamajuan": 2,
  "kamakmuran": 3,
  "kamampuhan": 2,
  "kameunangan": 3,
  "kamewahan": 2,
  "kampak": -1,
  "kamulyaan": 2,
  "kanalangsaan": -2,
  "kandang": 2,
  "kangen": -1,
  "kangker": -1,
  "Kanjut": -4,
  "kanyaram": -2,
  "kanyeri": -2,
  "kapaksa": -1,
  "kapangaruhan": -1,
  "kapentingan": 2,
  "kapercayaan": 2,
  "kapingpinan": 1,
  "kapoekan": -1,
  "karancang": -1,
  "karanjingan": 2,
  "karasa": -2,
  "karaton": -3,
  "karesep": 3,
  "karisma": 2,
  "kariweuh": -2,
  "karugian": -3,
  "karuksakan": -3,
  "Karuksakan": -3,
  "karunya": 2,
  "karusuhan": -2,
  "kasabaran": 2,
  "kasakit": -1,
  "kasalahan": -2,
  "kasalametan": 2,
  "kasampurnaan": 3,
  "kasangsaraan": -1,
  "kasapukan": 1,
  "kasar": -2,
  "kasatiaan": 3,
  "kasatujuan": 2,
  "kasehatan": 1,
  "kasempetan": 2,
  "kasep": 3,
  "kasép": 3,
  "kasohor": 2,
  "kasulitan": -2,
  "katangtu": 1,
  "katarik": 1,
  "katentreman": 2,
  "katimburu": -2,
  "katingalina ngora": 2,
  "katinggaleun": -2,
  "kaunggulan": 3,
  "kauntungan": 2,
  "Kauntungannana": 2,
  "kawani": 2,
  "kawasa": 2,
  "kawates": -1,
  "kawijaksanaan": 1,
  "kebal": 1,
  "kedul": -1,
  "kejahatan": -3,
  "kejam": -2,
  "kejang": -1,
  "kekerasanpatali": -3,
  "kelestarian": 1,
  "keluhan": -2,
  "keok": -2,
  "képrét": -4,
  "keprok": 2,
  "kereatip": 2,
  "kerentanan": -2,
  "kesederhanaan": 1,
  "kesel": -2,
  "ketawa": 1,
  "keureut uihkeun deui": -2,
  "khasanah": 2,
  "kickback": -3,
  "kickbacks": -3,
  "kidnappings": -2,
  "kidnaps": -2,
  "Kinder": 2,
  "kipas angin": 3,
  "kirang atiati": -2,
  "kokotor": -2,
  "komedi": 1,
  "kompeténsi": 1,
  "koncara": 5,
  "kondang": 2,
  "konstrain": -2,
  "kontol": -4,
  "kontroversial": -2,
  "konyol": -1,
  "korban": -2,
  "korupsi": -3,
  "kosong": -1,
  "Koswara": 3,
  "kotor": -2,
  "kritik": -2,
  "kritikus": -2,
  "kualitas": 2,
  "kuat": 2,
  "kuburan": -2,
  "kuciwa": -2,
  "kuciwaan": -2,
  "kudos": 3,
  "kulawu": -1,
  "kumawula": 2,
  "kusam": -2,
  "kutukan": -1,
  "labuh": -2,
  "lackadaisical": -2,
  "lag": -1,
  "lagged": -2,
  "lamunan": 2,
  "langgeng": 2,
  "lapatlapat": -2,
  "lasut": -2,
  "laughed": 1,
  "laughs": 1,
  "laughting": 1,
  "lawl": 3,
  "lawon": -2,
  "lawsuits": -2,
  "lebay": -3,
  "lega": 1,
  "lemes": -2,
  "lemesna": 2,
  "Lempeng": 1,
  "lengkep": 2,
  "lethality": -2,
  "lethargic": -2,
  "létoy": -2,
  "leuleus": -2,
  "leungit": -2,
  "Leungitkeun": 1,
  "leupas": -3,
  "leuwih alus": 2,
  "leuwih gede": 3,
  "leuwih goreng": -3,
  "leyuran": 1,
  "liars": -3,
  "libelous": -2,
  "licik": 2,
  "lieur": -1,
  "lifesaver": 4,
  "lighthearted": 1,
  "likable": 2,
  "likeable": 2,
  "liked": 2,
  "likers": 2,
  "likes": 2,
  "liking": 2,
  "lincah": 2,
  "litigious": -2,
  "livid": -2,
  "lmao": 4,
  "lmfao": 4,
  "loathe": -3,
  "loathed": -3,
  "loathes": -3,
  "loathing": -3,
  "loathsome": -3,
  "loba dosana": -3,
  "loba harepanana": 2,
  "loba hujanna": -1,
  "loba pamentaanana": -1,
  "lobbied": -2,
  "lobbying": -2,
  "lobbyist": -2,
  "lobbyists": -2,
  "lolol": 4,
  "lololol": 4,
  "lolololol": 4,
  "lool": 3,
  "loom": -1,
  "loomed": -1,
  "looming": -1,
  "looms": -1,
  "loool": 3,
  "looool": 3,
  "looses": -3,
  "lousy": -2,
  "lovelies": 3,
  "luas": 2,
  "lucrative": 3,
  "lucu": 4,
  "ludicrous": -3,
  "lugubrious": -2,
  "luhung": 5,
  "lulucon": 2,
  "lunatic": -3,
  "lunatics": -3,
  "lungguh": 1,
  "lurk": -1,
  "lurking": -1,
  "lurks": -1,
  "mabok": -2,
  "macabre": -2,
  "maddening": -3,
  "madly": -3,
  "madness": -3,
  "maehan": -3,
  "maéhan": -3,
  "maehan maneh": -2,
  "Maha karya": 4,
  "maju": 1,
  "makmur": 3,
  "maksa mirusa": -4,
  "maksakeun": -1,
  "maksudna sae": 3,
  "maladaption": -2,
  "malarat": -2,
  "maldevelopment": -2,
  "malikkeun": 1,
  "maling": -2,
  "maltreatment": -2,
  "mamang": -1,
  "mampuh": 2,
  "mangpaat": 2,
  "mangpaatkeun": -2,
  "manipulasi": -1,
  "manja": -2,
  "manjangkeun": 1,
  "mantuan": 2,
  "maok": -2,
  "maot": -3,
  "maotna": -2,
  "marahmay": 2,
  "marahmay pisan": 3,
  "martabat": 2,
  "marudah": -2,
  "marvel": 3,
  "Marvels": 3,
  "masalah": -2,
  "masalah gede": -3,
  "masterpieces": 4,
  "mastikeun": 1,
  "matak gehger": -2,
  "Maung Bandung": 3,
  "mawa hinaan": -2,
  "mawar": 1,
  "mayar": -1,
  "mayit": -1,
  "mecahkeun masalah": 2,
  "mediocrity": -3,
  "meditative": 1,
  "Melancholy": -2,
  "meledek": -2,
  "memorable": 1,
  "memoriam": -2,
  "menace": -2,
  "menaced": -2,
  "menaces": -2,
  "méncog": 3,
  "mengundurkan diri": -1,
  "menyimpang": -2,
  "mere ilham": 2,
  "mere kaleuwihan momotan": -1,
  "meres": -3,
  "mereun": 3,
  "merlukeun dibedah": -1,
  "mesem": 2,
  "mesmerizing": 3,
  "mess": -2,
  "messed": -2,
  "messing up": -2,
  "methodical": 2,
  "methodically": 2,
  "metot": 1,
  "meunang": 4,
  "meupeuskeun": 1,
  "miara": 2,
  "miboga": 2,
  "miburukan": -2,
  "miceun": -1,
  "migawe kahadean": 2,
  "mikangewa": -3,
  "mikanyaah": 3,
  "mikanyaah fucking": 4,
  "milaraan": -2,
  "milu sedih": -2,
  "Mindahkeun": -1,
  "mindless": -2,
  "minuhan": 2,
  "mirth": 3,
  "mirthful": 3,
  "mirthfully": 3,
  "misbehave": -2,
  "misbehaved": -2,
  "misbehaves": -2,
  "misbehaving": -2,
  "misbranding": -3,
  "miscast": -2,
  "mischiefs": -1,
  "misclassified": -2,
  "misclassifies": -2,
  "misclassify": -2,
  "misconducted": -2,
  "misconducting": -2,
  "misconducts": -2,
  "miserably": -3,
  "misfire": -2,
  "misfortune": -2,
  "misgiving": -2,
  "misinformation": -2,
  "misinformed": -2,
  "misinterpreted": -2,
  "mislead": -3,
  "misleaded": -3,
  "misleads": -3,
  "misplaced": -2,
  "misplaces": -2,
  "misplacing": -2,
  "mispricing": -3,
  "misread": -1,
  "misreport": -2,
  "misreported": -2,
  "misreporting": -2,
  "misreports": -2,
  "misrepresent": -2,
  "misrepresentation": -2,
  "misrepresentations": -2,
  "misrepresented": -2,
  "misrepresenting": -2,
  "misrepresents": -2,
  "mistaking": -2,
  "misunderstands": -2,
  "misused": -2,
  "misuses": -2,
  "misusing": -2,
  "moaned": -2,
  "moaning": -2,
  "moans": -2,
  "mocking": -2,
  "mocks": -2,
  "modernisasikeun": 2,
  "modernizes": 2,
  "modernizing": 2,
  "momotkeun": -2,
  "mongering": -2,
  "monopolize": -2,
  "monopolizes": -2,
  "monopolizing": -2,
  "monotone": -1,
  "Moody": -1,
  "mope": -1,
  "moping": -1,
  "motherfucker": -5,
  "motherfucking": -5,
  "motivating": 2,
  "motong": -1,
  "mourned": -2,
  "mournful": -2,
  "mourns": -2,
  "muatan": -3,
  "mudun": -2,
  "muja": 3,
  "muja sapenuh ati": 2,
  "muji": 3,
  "mulya": 2,
  "mumpish": -2,
  "mumusuhan": -2,
  "munafik": -2,
  "mundur": -1,
  "mungkir": -2,
  "murderer": -2,
  "murdering": -3,
  "murderous": -3,
  "murders": -2,
  "muriang": -2,
  "murky": -2,
  "murni": 1,
  "murtad": -1,
  "museur": 2,
  "musuh": -1,
  "musyrik": -1,
  "n00b": -2,
  "naek": 1,
  "naék": 1,
  "naekeun": 1,
  "naékkeun": 1,
  "nahan": -2,
  "nahankeun": 2,
  "naif": -2,
  "naksir": -1,
  "nalangsara": -2,
  "nampik": -2,
  "nangis": -2,
  "nangkeup": 2,
  "nanya": 1,
  "napsu": 2,
  "narajang": -2,
  "narajangan": -1,
  "naraka": -4,
  "narapidana": -2,
  "narcissism": -2,
  "narima": 1,
  "nasibna geus teu bisa dirobah": -3,
  "nawar": 2,
  "neangan jeung nulungan": -1,
  "negatip": -2,
  "negativity": -2,
  "neglected": -2,
  "neglecting": -2,
  "neglects": -2,
  "neguaan": -1,
  "neken": -2,
  "nelangsa": -2,
  "nembak": -1,
  "nenangkeun": 3,
  "neneng": 2,
  "nengtremkeun ati": 1,
  "nepa": -2,
  "nepakeun": -2,
  "nepi": 1,
  "nepungan": 1,
  "nervously": -2,
  "neunggeul": -1,
  "ngaapresiasi": 2,
  "ngabagéakeun": 2,
  "ngabagikeun": 1,
  "ngabahayakeun": -3,
  "ngabales dengdem": -2,
  "ngabarakatak": 3,
  "ngabatalkeun": -1,
  "ngabateskeun": -2,
  "ngabebaskeun": 2,
  "ngabentenkeun": -2,
  "ngabereskeun": 2,
  "ngabéwarakeun": -2,
  "ngabingungkeun": -2,
  "ngabohong": -2,
  "ngabukti": 2,
  "ngabulkeun": 1,
  "ngaco": -2,
  "ngaco nepi": -3,
  "ngacowkeun": -2,
  "ngadawa": -1,
  "ngadek": -2,
  "ngadéportasi": -2,
  "ngagagalkeun": -2,
  "ngaganggu": -2,
  "ngagantungkeun": -1,
  "ngagasab duit lain hakna": -3,
  "ngagentos": 3,
  "ngagugat": -2,
  "ngagumbirakeun": 3,
  "ngagungkeun": 3,
  "ngahalangan": -2,
  "ngahambat": -1,
  "ngahampurakeun": 1,
  "ngahancurkeun": -2,
  "ngaharep": 1,
  "ngahargaaan": 2,
  "ngahatur nuhun": 3,
  "ngahianat": -3,
  "ngahibur": 3,
  "ngahiji": 1,
  "ngahina": -2,
  "ngahindar": -1,
  "ngahontal": 1,
  "ngahormat": 2,
  "ngahormatan": 2,
  "ngahudang kacida": 1,
  "ngahukum": -2,
  "ngajadikeun eureun": 2,
  "ngajaga": 1,
  "ngajak": 2,
  "ngajamin": 1,
  "ngajempolan": -2,
  "ngajerit": -2,
  "ngakeuheulkeun": -2,
  "ngaku": -1,
  "ngakuna": -2,
  "ngalaan": -1,
  "ngalakukeun kajahatan": 1,
  "ngalalaworakeun": -2,
  "ngalaman": -2,
  "ngalanggar": -2,
  "Ngalanggar": -2,
  "ngalarang": -2,
  "ngalawan": -2,
  "ngalebarkeun": 1,
  "ngalegaan": 1,
  "ngalelepkeun": -2,
  "ngalepatkeun": -2,
  "ngalereskeun": 1,
  "ngaleuleuwihkeun": -2,
  "ngaleungit": -1,
  "ngali": -2,
  "ngalieurkeun": -2,
  "ngalindungan": 1,
  "ngaluarkeun": -1,
  "ngaluncat": -1,
  "ngancam": -2,
  "ngancurkeun": -3,
  "ngandoi": 2,
  "nganggap enteng": -1,
  "ngangluh": -2,
  "ngangsonan": -1,
  "nganonaktipkeun": -1,
  "ngantep": -1,
  "ngantosan": -1,
  "nganyenyerikeun": -2,
  "nganyenyerikeun hate": -2,
  "ngaragragkeun": -1,
  "ngarah": 2,
  "ngarampog": -2,
  "ngarangsang": 1,
  "ngaraosan": 2,
  "ngarareunahan": 2,
  "ngarasakeun": 2,
  "ngarecah": -2,
  "ngareken": -1,
  "ngarengsekeun": 1,
  "ngareureuwas": 3,
  "ngarojong": 2,
  "ngaronjat": 1,
  "ngaronjatkeun": 2,
  "ngartikeun": -2,
  "ngaruat": -2,
  "ngarugikeun": -2,
  "ngaruksak": -2,
  "ngaruksakkeun": -2,
  "Ngaruwat": -2,
  "ngayakinkeun": 1,
  "ngécé": -2,
  "ngéléhkeun": 4,
  "ngembang": 1,
  "ngepas": 1,
  "ngerakeun": -2,
  "ngérakeun": -2,
  "ngesahan": 2,
  "ngesahkeun": 2,
  "ngeunaan hukum": -2,
  "ngeunakeun": -1,
  "ngidinkeun": 1,
  "ngiles": -1,
  "ngiluan": 1,
  "ngimpi": 1,
  "ngingetkeun": 3,
  "ngintip": -3,
  "ngolesan": -2,
  "ngondang": 1,
  "ngotoran": -2,
  "ngotorkeun": -2,
  "ngritik": -2,
  "nguatkeun": 2,
  "ngubur": -1,
  "ngucapkeun salamet": 2,
  "nguciwakeun": -2,
  "ngukut anak": 1,
  "ngumbar": 2,
  "ngungkabkeun": -1,
  "ngungsi": -1,
  "nguntungkeun": 2,
  "nguraikeun": -2,
  "nifty": 2,
  "niggas": -5,
  "nigger": -5,
  "nikmat": 3,
  "ninggalkeun": -1,
  "ningkat": 2,
  "ningkatkeun": 2,
  "nipu": -3,
  "niru": -2,
  "nista": -2,
  "no fun": -3,
  "noblest": 2,
  "nolak": -1,
  "nondisatujuan": -2,
  "nopel": 2,
  "nu diparentahkeun": -1,
  "nu dituding": -2,
  "nu kasusun loba di": -2,
  "nu marahmay": 2,
  "Nu Ngahina": -3,
  "nu ngalanggar": -2,
  "nu ngalanggaran": -2,
  "nu nipu": -3,
  "nu pang luhur": 4,
  "nu pasalia paham": -2,
  "nu sirik": -2,
  "nu teu dihoyongkeun": -2,
  "nubles": -2,
  "nuding": -2,
  "nuhun": 1,
  "nuhunkeun hampura": -1,
  "nulungan": 2,
  "numpak": 1,
  "nunda": -1,
  "nundung": -1,
  "nungtut": -1,
  "nurturing": 2,
  "nyalametkeun": 2,
  "nyalurkeun": -2,
  "nyamur": -1,
  "nyangka": -1,
  "nyangkut": -2,
  "nyangsang": -1,
  "nyaram": -1,
  "nyarankeun": 2,
  "nyaring": 1,
  "nyasabkeun": -3,
  "nyata": 2,
  "nyawad": -2,
  "nyegah": -1,
  "nyegerkeun": 2,
  "nyekek": -2,
  "nyelap": -2,
  "nyelewengkeun": -2,
  "nyelundupkeun": -2,
  "nyempad": -2,
  "nyentak": -2,
  "nyerang": -1,
  "nyered": -1,
  "nyeret": -1,
  "nyeri": -1,
  "nyeseup": -3,
  "nyeuseuh héjo": -3,
  "Nyieun": 2,
  "nyieun onar": -2,
  "nyigeung": -2,
  "nyiksa": -3,
  "nyinggung": -2,
  "nyingkahan": -1,
  "nyingsieunan": -2,
  "nyium": 2,
  "nyoco": -2,
  "nyogok": -3,
  "nyolong": -2,
  "nyuhunkeun hampura": -1,
  "nyulik": -2,
  "nyumbang": 2,
  "nyumbangkeun": 2,
  "nyumput": -1,
  "nyurung": 2,
  "nyusahkeun": -2,
  "nyusupkeun": -2,
  "obliterate": -2,
  "obnoxious": -3,
  "obsessed": 2,
  "obstinate": -2,
  "obstructed": -2,
  "obstructs": -2,
  "ocon": 2,
  "offending": -2,
  "offends": -2,
  "offensively": -2,
  "offline": -1,
  "oks": 2,
  "ominous": 3,
  "oppressions": -2,
  "oppressive": -2,
  "optimism": 2,
  "optionless": -2,
  "orok, infantile": -2,
  "ostracize": -2,
  "ostracized": -2,
  "ostracizes": -2,
  "outage": -2,
  "outages": -2,
  "outcry": -2,
  "outmaneuvered": -2,
  "outraged": -3,
  "overjoyed": 4,
  "overlooked": -1,
  "overprotective": -2,
  "overran": -2,
  "overreact": -2,
  "overreacted": -2,
  "overreacting": -2,
  "overreaction": -2,
  "overreacts": -2,
  "oversell": -2,
  "overselling": -2,
  "oversells": -2,
  "oversimplification": -2,
  "oversimplified": -2,
  "oversimplifies": -2,
  "oversimplify": -2,
  "oversold": -2,
  "overstatement": -2,
  "overstatements": -2,
  "overwrought": -3,
  "oxymoron": -1,
  "pabaliwer": -3,
  "pacogregan": -2,
  "padet": 2,
  "paduli": 2,
  "padumukan": 1,
  "paeh": -3,
  "pagebug": -3,
  "pahlawan": 2,
  "pained": -2,
  "pait": -2,
  "pakampungan": 1,
  "pakaya": 3,
  "paksaan": -2,
  "palaku": -2,
  "palsu": -1,
  "pamenta": -1,
  "pamula": -2,
  "panahanan": -2,
  "panarajang": -1,
  "panarajangan": -1,
  "pang awonana": -3,
  "pang bogohna": 3,
  "pangakuan": 2,
  "pangalalanaan": 2,
  "pangaluaran": -1,
  "pangalusna": 3,
  "pangawasan": -1,
  "pangelingeling": -3,
  "pangélingan": 3,
  "panggedéna": 3,
  "panggilan ka sidang pangadilan": -2,
  "panghandapna": -1,
  "panghargaan": 3,
  "panghianatan": -3,
  "Pangleler": 3,
  "pangotor": -2,
  "pangrugina": -2,
  "panics": -3,
  "panik": -3,
  "panipuan": -2,
  "panolak": -2,
  "panolakan": -2,
  "panunjuk": 2,
  "panyakit": -1,
  "panyakit burung": -2,
  "papalingan": -2,
  "paporit": 2,
  "paradox": -1,
  "parah": -2,
  "pardoned": 2,
  "pardoning": 2,
  "pardons": 2,
  "parley": -1,
  "pasea": -2,
  "pasip": -1,
  "pasis": -2,
  "passively": -1,
  "pasti": 2,
  "pathetic": -2,
  "patubruk": -1,
  "pelanggaran": -2,
  "pelit": -2,
  "pembela": 2,
  "pemberdayaan": 2,
  "pemberontak": -2,
  "pembunuhan": -3,
  "penalized": -2,
  "penalizes": -2,
  "penalizing": -2,
  "penculikan": -2,
  "penjahat": -3,
  "pensive": -1,
  "penting": 2,
  "penyok": -2,
  "perang": -1,
  "perawatan": 2,
  "perbudakan": -3,
  "perfected": 2,
  "perfects": 2,
  "peril": -2,
  "perkara kajahatan": -3,
  "perlente": 3,
  "perpetrated": -2,
  "perplexed": -2,
  "persecuted": -2,
  "persecutes": -2,
  "persecuting": -2,
  "perturbed": -2,
  "pesimis": -2,
  "pesky": -2,
  "petrified": -2,
  "philanthropy": 2,
  "phobic": -2,
  "pibahyaeun": -2,
  "Piceun": -1,
  "picilakaeun": -2,
  "picturesque": 2,
  "pikaboseneun": -2,
  "pikageuleuhan": -2,
  "pikagumbiraeun": 3,
  "pikahariwangeun": -3,
  "pikaresepeun": 3,
  "pikaresepeun pisan": 3,
  "pikareusepeun pisan": 3,
  "pikaseurieun": 2,
  "pikasieuneun": -3,
  "pileup": -1,
  "pillage": -2,
  "pinalangsaeun teuing": -2,
  "pinceg": -2,
  "pinter": 2,
  "Pique": -2,
  "piqued": -2,
  "pisan": -3,
  "piss": -4,
  "pissed": -4,
  "pissing": -3,
  "pitamin": 1,
  "piteous": -2,
  "pitied": -1,
  "plagued": -3,
  "plagues": -3,
  "plaguing": -3,
  "pleased": 3,
  "pleasurable": 3,
  "plodding": -2,
  "plu": -2,
  "poho": -1,
  "pohoan": -2,
  "poignant": 2,
  "poised": -2,
  "pollutant": -2,
  "polluter": -2,
  "polluters": -2,
  "pollutes": -2,
  "polusi": -2,
  "pondoksighted": -2,
  "pondoksightedness": -2,
  "poorer": -2,
  "poorest": -2,
  "popularitas": 3,
  "populer": 3,
  "positif": 2,
  "positip": 2,
  "possessive": -2,
  "posttraumatis": -2,
  "postpones": -1,
  "postponing": -1,
  "potong": -1,
  "potongan": -1,
  "praises": 3,
  "praising": 3,
  "prays": 1,
  "prblm": -2,
  "prblms": -2,
  "predatory": -2,
  "pressured": -2,
  "prestasi": 2,
  "pretends": -1,
  "prick": -5,
  "prihatin": -2,
  "primitip": -2,
  "proaktif": 2,
  "profiteer": -2,
  "prohibits": -1,
  "promosi": 1,
  "promosikeun": 1,
  "promotes": 1,
  "promptly": 1,
  "propaganda": -2,
  "prosecuted": -2,
  "prosecutes": -1,
  "proses pangadilan": -1,
  "prospek": 1,
  "protes": -2,
  "protesting": -2,
  "proudly": 2,
  "provoked": -1,
  "provokes": -1,
  "provoking": -1,
  "prudence": 2,
  "pseudoscience": -3,
  "psychopathic": -2,
  "pujian": 3,
  "puncak": 2,
  "punishes": -2,
  "punishing": -2,
  "punitive": -2,
  "Punten": 1,
  "purest": 1,
  "putus harepan": -2,
  "putusan": -1,
  "putusanana": 3,
  "puzzled": -2,
  "quaking": -2,
  "qualities": 2,
  "questioned": -1,
  "questioning": -1,
  "racists": -3,
  "racun": -2,
  "rageful": -2,
  "ragrag": -1,
  "ragu": -2,
  "raheut": -2,
  "rajapati": -2,
  "randa": -1,
  "ranter": -3,
  "ranters": -3,
  "rants": -3,
  "raos": 3,
  "rapist": -4,
  "raptured": 2,
  "raptures": 2,
  "rapturous": 4,
  "raramean": 3,
  "rarasaan": 1,
  "rasa ajen": 2,
  "rasa isin": -2,
  "rasa lapar": -2,
  "ratified": 2,
  "reassured": 1,
  "reassures": 1,
  "reassuring": 2,
  "refined": 1,
  "refines": 1,
  "refreshingly": 2,
  "refuses": -2,
  "regretful": -2,
  "regrets": -2,
  "regretted": -2,
  "regretting": -2,
  "reigning": 1,
  "rejects": -1,
  "rejoiced": 4,
  "rejoices": 4,
  "rejoicing": 4,
  "reliabiliti": 2,
  "reliably": 2,
  "reliant": 2,
  "relieves": 1,
  "relieving": 2,
  "relishing": 2,
  "remeh": -2,
  "repercussion": -2,
  "repercussions": -2,
  "reprimanded": -2,
  "reprimanding": -2,
  "reprimands": -2,
  "repulse": -1,
  "repulsed": -2,
  "rescued": 2,
  "rescues": 2,
  "resep": 2,
  "resesi": -2,
  "resigning": -1,
  "resigns": -1,
  "resiko": -2,
  "resolusi": 2,
  "resolves": 2,
  "resolving": 2,
  "restores": 1,
  "restricting": -2,
  "restrictive": -1,
  "retard": -2,
  "retarded": -2,
  "reueus": 2,
  "reueus pisan": 2,
  "reuwas": -2,
  "revengeful": -2,
  "revives": 2,
  "revolting": -2,
  "rewarding": 2,
  "rewog": -2,
  "riaria": 3,
  "richly": 2,
  "rido": 2,
  "rieut": -2,
  "rigged": -1,
  "rightful": 2,
  "rightfully": 2,
  "rigorous": 3,
  "rigorously": 3,
  "rileks": 2,
  "risiko": -2,
  "robah dina jangka": -2,
  "robed": -2,
  "robing": -2,
  "robs": -2,
  "rofl": 4,
  "roflcopter": 4,
  "roflmao": 4,
  "rohang pas asupna": -2,
  "romantical": 2,
  "romantically": 2,
  "rongkah": -3,
  "rotfl": 4,
  "rotflmfao": 4,
  "rotflol": 4,
  "rubuh": -2,
  "ruined": -2,
  "ruining": -2,
  "ruksak": -3,
  "rumeuk": -2,
  "runtah": -1,
  "runtuh": -2,
  "ruruntuhan": -2,
  "ruwet": 2,
  "saanu": 2,
  "sababaraha jenis": 0,
  "sabar": 2,
  "sabotase": -2,
  "sacara nurut hukum": 1,
  "sacara saksama": 2,
  "sadden": -2,
  "saddened": -2,
  "sadia": -1,
  "sah": 1,
  "saimbang": 1,
  "sakalidiahirupna": 3,
  "sakongkolan": -3,
  "salah": -2,
  "salah kaprah": -2,
  "salah ngarti": -2,
  "salah ngartian": -2,
  "salam": 2,
  "salamet": 2,
  "salempang": -2,
  "salient": 1,
  "saluted": 2,
  "salutes": 2,
  "saluting": 2,
  "sampurna": 3,
  "sangkaan": -2,
  "sangkan méré konfirmasi": 1,
  "sangsara": -2,
  "sapertos": 0,
  "sappy": -1,
  "saraf": -1,
  "sarap": -1,
  "sarapna kaganggu": -3,
  "sarimi": -2,
  "sasaena": 1,
  "satia": 3,
  "satuju": 1,
  "sauyunan": 2,
  "savange": -2,
  "savanges": -2,
  "sawarga": 4,
  "scams": -2,
  "scandalous": -3,
  "scapegoat": -2,
  "scapegoats": -2,
  "scars": -2,
  "scary": -2,
  "scoop": 3,
  "scorn": -2,
  "scornful": -2,
  "screamed": -2,
  "screaming": -2,
  "scum": -3,
  "scumbag": -4,
  "seamless": 2,
  "seamlessly": 2,
  "secures": 2,
  "sederhana": 1,
  "sedih": -2,
  "sedition": -2,
  "seditious": -2,
  "seger": 1,
  "seksi": 3,
  "Selang": -1,
  "selfishness": -3,
  "selingkuh": -3,
  "seneng": 2,
  "sengketa": -2,
  "sensitifna": -2,
  "sensor": -2,
  "sentencing": -2,
  "senteng": -1,
  "serangan": -1,
  "seuneu": -2,
  "seuri": 1,
  "sexist": -2,
  "sexistic": -2,
  "shamed": -2,
  "shit": -4,
  "shithead": -4,
  "shitty": -3,
  "sholat": 1,
  "shoody": -2,
  "shrew": -4,
  "sia sia": -2,
  "sieun": -2,
  "sieunan": -2,
  "siga": 2,
  "signifikan": 1,
  "sihungan": 2,
  "silalatu": 1,
  "silencing": -1,
  "silihtanya": 1,
  "sincerest": 2,
  "singleminded": -2,
  "sinis": -2,
  "sinisme": -2,
  "sinister": -2,
  "sipatna pinalangsaeun": -1,
  "sirik": -1,
  "sisipangaruh": -2,
  "skandal": -3,
  "skeptic": -2,
  "skepticism": -2,
  "skeptics": -2,
  "Slam": -2,
  "slash": -2,
  "slashed": -2,
  "slashes": -2,
  "slashing": -2,
  "sleeplessness": -2,
  "slick": 2,
  "slicker": 2,
  "slickest": 2,
  "sluggish": -2,
  "slumping": -1,
  "slut": -5,
  "smarter": 2,
  "smartest": 2,
  "smiled": 2,
  "smog": -2,
  "smuggles": -2,
  "sneaky": -1,
  "sneezed": -2,
  "sneezes": -2,
  "sneezing": -2,
  "snub": -2,
  "snubbed": -2,
  "snubbing": -2,
  "snubs": -2,
  "sobering": 1,
  "sohor": 3,
  "sok": -1,
  "sokongan": 2,
  "solemn": -1,
  "solidaritas": 2,
  "solidified": 2,
  "solidifies": 2,
  "solidify": 2,
  "solidifying": 2,
  "solves": 1,
  "somber": -2,
  "sombong": -2,
  "soothed": 3,
  "soothing": 3,
  "sopan": 2,
  "Sopiani": -2,
  "sorangan": -2,
  "sorangan waé": -2,
  "sorot": 2,
  "sorrowful": -2,
  "sorry": -1,
  "sosoca": 3,
  "sosonsoson": -2,
  "spammer": -3,
  "spammers": -3,
  "spamming": -2,
  "sparkles": 3,
  "sparkling": 3,
  "spearhead": 2,
  "spekulatif": -2,
  "spiritless": -2,
  "sprightly": 2,
  "squander": -2,
  "squandered": -2,
  "squandering": -2,
  "squanders": -2,
  "squelched": -1,
  "sreg": 2,
  "Srimanganti": 2,
  "stabs": -2,
  "stalled": -2,
  "stalling": -2,
  "stampede": -2,
  "stank": -2,
  "startled": -2,
  "startling": 3,
  "starved": -2,
  "starves": -2,
  "steadfast": 2,
  "stereotype": -2,
  "stifled": -1,
  "stimulating": 2,
  "stinked": -2,
  "stinker": -2,
  "stinks": -2,
  "stinky": -2,
  "stopping": -1,
  "strangled": -2,
  "strengthened": 2,
  "strengthening": 2,
  "strengthens": 2,
  "stressed": -2,
  "stressor": -2,
  "stressors": -2,
  "stricken": -2,
  "strikers": -2,
  "struck": -1,
  "struggles": -2,
  "stunning": 4,
  "stupidly": -2,
  "suap": -3,
  "suave": 2,
  "substansi": 1,
  "subur": 2,
  "subversive": -2,
  "succeeding": 3,
  "succeeds": 3,
  "sued": -2,
  "sueing": -2,
  "sues": -2,
  "sufferer": -2,
  "sufferers": -2,
  "sugema": -2,
  "suicidal": -2,
  "suicides": -2,
  "suing": -2,
  "suka bungah": 2,
  "suka nulung": 2,
  "suka ulin": 2,
  "sukses": 2,
  "suksés": 3,
  "sulking": -2,
  "sulky": -2,
  "sullen": -2,
  "sumanget": 1,
  "sumanget pisan": 3,
  "sumpah": -2,
  "sumpah palsu": -3,
  "supporter": 1,
  "supportive": 2,
  "surak": 2,
  "surem": -2,
  "suspecting": -1,
  "sustainable": 2,
  "sustainably": 2,
  "swearing": -2,
  "swears": -2,
  "sweetest": 3,
  "Swift": 2,
  "swiftly": 2,
  "swindle": -3,
  "swindles": -3,
  "swindling": -3,
  "tabah": 2,
  "tabrakan": -1,
  "tabungan": 1,
  "tahan": 2,
  "tahanan": -2,
  "taint": -2,
  "tainted": -2,
  "tampi": 2,
  "tanda jasa": 3,
  "tanggung jawab": 2,
  "tangkal": -2,
  "tangtangan": -1,
  "tapak tatu": -2,
  "tard": -2,
  "tarnish": -2,
  "tarnished": -2,
  "tarnishes": -2,
  "tarung": -2,
  "tatu": -2,
  "tatutatu": -2,
  "tegoran": -2,
  "tekenan": -1,
  "telat": -2,
  "telenges": -3,
  "Teluh": -2,
  "tempat keur ngasingkeun": -2,
  "tenang": 2,
  "tenderness": 2,
  "tengtrem": 2,
  "tepa": -1,
  "terasing": -1,
  "tercinta": 3,
  "terhormat": 2,
  "teror": -3,
  "teroris": -2,
  "terrifically": 4,
  "terrified": -3,
  "terrorized": -3,
  "terrorizes": -3,
  "tersangka": -1,
  "tertindas": -2,
  "tetempoan": 1,
  "teu": -1,
  "teu adil": -2,
  "teu aman": -2,
  "teu asup kaakal": -1,
  "teu aya gunana": -2,
  "teu aya hargana": -2,
  "teu aya hartina": -2,
  "teu aya kakuatanana": -2,
  "teu aya nu ngelehkeun": 2,
  "teu bagja": -2,
  "teu biasa": 2,
  "teu bisa": -2,
  "teu bisa balik": -1,
  "teu bisa dihampurakeun": -3,
  "teu bisa dipake": -3,
  "teu bisa dipercaya": -1,
  "teu bisa jadi": -1,
  "teu boga pagawean": -1,
  "teu cukup": -2,
  "teu daek": -2,
  "teu damang": -2,
  "teu eces": -1,
  "teu eling": -2,
  "teu epektip": -2,
  "teu episien": -2,
  "teu hasil": -3,
  "teu jujur": -2,
  "teu kaampeuh": -2,
  "teu kaharti": -2,
  "teu kumplit": -1,
  "teu merhatikeun": -2,
  "teu ngahaja": -2,
  "teu ngarareunah": -2,
  "teu nyawaan": -1,
  "teu pantes": -2,
  "teu percaya": -3,
  "teu pikaresepeun": -2,
  "teu sabar": -2,
  "teu saimbang": -2,
  "teu satuju": -2,
  "teu sugema": -2,
  "teu upaya": -2,
  "teu yakin": -1,
  "teuas": -1,
  "teunggeulan": -1,
  "teureuh": 2,
  "thorny": -2,
  "thrilled": 5,
  "thwart": -2,
  "thwarted": -2,
  "thwarting": -2,
  "thwarts": -2,
  "tiis": 1,
  "tilar dunya": -2,
  "timburu": -2,
  "timer deluded": -2,
  "timer kontradiktif": -2,
  "timer nyiksa": -2,
  "timer yakin": 2,
  "timorous": -2,
  "tindakan jorang": -2,
  "tindakan keur nyingsieunan": -2,
  "tindakan maliding ka bangsa nu bedabeda": -3,
  "tipu": -3,
  "tipuan": -3,
  "titik": -1,
  "tits": -2,
  "toksik": -3,
  "toothless": -2,
  "tops": 2,
  "torn": -2,
  "tortures": -4,
  "torturing": -4,
  "totalitarian": -2,
  "totalitarianism": -2,
  "tout": -2,
  "touted": -2,
  "touting": -2,
  "touts": -2,
  "tragedies": -2,
  "transgress": -2,
  "transgressed": -2,
  "transgresses": -2,
  "transgressing": -2,
  "trapped": -2,
  "trauma": -3,
  "traumatis": -3,
  "travesty": -2,
  "treasonous": -3,
  "trembling": -2,
  "tremor": -2,
  "tremulous": -2,
  "tribulation": -2,
  "tricked": -2,
  "trickery": -2,
  "triumph": 4,
  "triumphant": 4,
  "troubled": -2,
  "troubles": -2,
  "troubling": -2,
  "trusts": 1,
  "tudingan": -2,
  "tuduh": -2,
  "tuduhan": -2,
  "tukang bohong": -3,
  "tukang jualan": -2,
  "Tulung": 2,
  "tumor": -2,
  "tumuwuhna": 2,
  "tungtutan": -1,
  "turun": -1,
  "tutulung": 2,
  "tutupan": -3,
  "twat": -5,
  "tyran": -3,
  "tyrannic": -3,
  "tyrannical": -3,
  "tyrannically": -3,
  "tyrans": -3,
  "ubiquitous": 2,
  "ucapan salamet": 2,
  "ugliness": -3,
  "uing": -2,
  "unacceptable": -2,
  "unappeasable": -2,
  "unappreciated": -2,
  "unapproved": -2,
  "unattractive": -2,
  "unavailing": -2,
  "unbiased": 2,
  "unconcerned": -2,
  "unconfirmed": -1,
  "unconvinced": -1,
  "uncredited": -1,
  "undecided": -1,
  "undercooked": -2,
  "underestimated": -1,
  "underestimates": -1,
  "underestimating": -1,
  "undermines": -2,
  "undermining": -2,
  "underperform": -2,
  "underperformed": -2,
  "underperforming": -2,
  "underperforms": -2,
  "undeserving": -2,
  "unequal": -1,
  "unequaled": 2,
  "unethical": -2,
  "uneventful": -2,
  "unfitted": -2,
  "unfocused": -2,
  "unforgiving": -2,
  "unfulfilled": -2,
  "unfunny": -2,
  "ungenerous": -2,
  "unggul": 2,
  "unhappiness": -2,
  "unhygienic": -2,
  "unimaginative": -2,
  "unimpressed": -2,
  "uninspired": -2,
  "unintelligent": -2,
  "uninvolving": -2,
  "unlovable": -2,
  "unloved": -2,
  "unmatched": 1,
  "unmotivated": -2,
  "unoriginal": -2,
  "unparliamentary": -2,
  "unpleasantness": -2,
  "unprofessional": -2,
  "unravel": 1,
  "unreleting": -2,
  "unresearched": -2,
  "unsafe": -2,
  "unsatisfied": -2,
  "unscientific": -2,
  "unsecured": -2,
  "unselfish": 2,
  "unsettled": -1,
  "unsold": -1,
  "unsophisticated": -2,
  "unsound": -2,
  "unstoppable": 2,
  "unsuccessfully": -2,
  "unsupported": -2,
  "untarnished": 2,
  "untung": 2,
  "untungna": 2,
  "unworthy": -2,
  "uplifting": 2,
  "uproar": -3,
  "upsets": -2,
  "upsetting": -2,
  "uptight": -2,
  "urang nu primitip": -2,
  "urusan": 1,
  "usefulness": 2,
  "uselessness": -2,
  "utah": -3,
  "validates": 1,
  "validating": 1,
  "vapid": -2,
  "verdicts": -1,
  "vested": 1,
  "vexation": -2,
  "vexing": -2,
  "vibrant": 3,
  "victimization": -3,
  "victimize": -3,
  "victimized": -3,
  "victimizes": -3,
  "victimizing": -3,
  "victories": 3,
  "victors": 3,
  "vigor": 3,
  "vile": -3,
  "vindicated": 2,
  "vindicates": 2,
  "vindicating": 2,
  "violating": -2,
  "virulent": -2,
  "visioner": 3,
  "visioning": 1,
  "visions": 1,
  "vitalitas": 3,
  "vitriolic": -3,
  "vivacious": 3,
  "vividly": 2,
  "vociferous": -1,
  "vomited": -3,
  "vomits": -3,
  "wabah": -2,
  "wadul": -2,
  "Wah": 4,
  "walkouts": -2,
  "wangenan": -2,
  "wani": 2,
  "wanker": -3,
  "wanti": 2,
  "wareg": 2,
  "warmhearted": 2,
  "warmness": 2,
  "warned": -2,
  "warnings": -3,
  "warns": -2,
  "waspada": 3,
  "wasted": -2,
  "wasting": -2,
  "wates": -1,
  "watesan": -1,
  "wavering": -1,
  "wealthier": 2,
  "weary": -2,
  "weeping": -2,
  "wellchampioned": 3,
  "welldimekarkeun": 2,
  "wellfokus": 2,
  "wellgroomed": 2,
  "wellmahluk": 2,
  "wellngadegkeun": 2,
  "wellproportioned": 2,
  "whimsical": 1,
  "whitewash": -3,
  "wibawa": 1,
  "wijaksana": 2,
  "Wilujeng": 2,
  "Wilujeng énjing": 1,
  "wilujeung sumping": 2,
  "winwin": 3,
  "wishing": 1,
  "wits": 2,
  "woebegone": -2,
  "woeful": -3,
  "won": 3,
  "wonderfully": 4,
  "Woo": 3,
  "woohoo": 3,
  "wooo": 4,
  "woow": 4,
  "worries": -3,
  "worsen": -3,
  "worsening": -3,
  "worsens": -3,
  "wowow": 4,
  "wowww": 4,
  "wrathful": -3,
  "wreck": -2,
  "wrenching": -2,
  "wrongdoings": -2,
  "wronged": -2,
  "wrongfully": -2,
  "wrongly": -2,
  "wtf": -4,
  "wtff": -4,
  "wtfff": -4,
  "x_x": -4,
  "xo": 3,
  "xoxo": 3,
  "xoxoxo": 4,
  "xoxoxoxo": 4,
  "yakin": 2,
  "yearning": 1,
  "yeees": 2,
  "Yesus": 1,
  "yucky": -2,
  "yummy": 3,
  "zat": 1,
  "zealot": -2,
  "zealots": -2,
  "zealous": 2
}