{
  "टी उभे करू शकता": -3,
  "abhors": -3,
  "absentees": -1,
  "absolves": 2,
  "absolving": 2,
  "accomplishes": 2,
  "acquits": 2,
  "advantageously": 2,
  "affectionateness": 3,
  "affronted": -1,
  "aggravates": -2,
  "aggressions": -2,
  "agonises": -3,
  "agonizes": -3,
  "alarmists": -2,
  "amazes": 2,
  "amusements": 3,
  "appeases": 2,
  "appeasing": 2,
  "applauds": 2,
  "ashame": -2,
  "assassinations": -3,
  "astoundingly": 3,
  "astounds": 3,
  "Avengers": -2,
  "averted": -1,
  "averts": -1,
  "awaits": -1,
  "badass": -3,
  "bamboozled": -2,
  "bamboozles": -2,
  "bankster": -3,
  "bastards": -5,
  "beauties": 3,
  "belittled": -2,
  "bereaves": -2,
  "bereaving": -2,
  "bitterest": -2,
  "blackmailed": -3,
  "blackmails": -3,
  "blames": -2,
  "boosts": 1,
  "bothersome": -2,
  "boycotts": -2,
  "braveness": 2,
  "bribed": -3,
  "bribing": -3,
  "brightest": 2,
  "brilliances": 3,
  "calms": 2,
  "chagrined": -2,
  "charmless": -3,
  "chastises": -3,
  "chastising": -3,
  "cheater": -3,
  "cheaters": -3,
  "chided": -3,
  "chides": -3,
  "chokes": -2,
  "cocksuckers": -5,
  "collides": -1,
  "colliding": -1,
  "colluding": -3,
  "combats": -1,
  "complicating": -2,
  "conciliated": 2,
  "conciliates": 2,
  "conciliating": 2,
  "conflictive": -2,
  "consolable": 2,
  "contagions": -2,
  "contaminant": -2,
  "contaminations": -2,
  "contemptuously": -2,
  "contestable": -2,
  "controversially": -2,
  "coziness": 2,
  "crappy": -3,
  "crazier": -2,
  "craziest": -2,
  "crestfallen": -2,
  "criminated": -3,
  "criminates": -3,
  "cutback": -2,
  "cutbacks": -2,
  "damnit": -4,
  "deadening": -2,
  "dehumanized": -2,
  "dehumanizes": -2,
  "deject": -2,
  "dejecting": -2,
  "dejects": -2,
  "delighting": 3,
  "demoralizes": -2,
  "demoralizing": -2,
  "denier": -2,
  "deniers": -2,
  "denounces": -2,
  "deplored": -3,
  "deplores": -3,
  "deploring": -3,
  "deportations": -2,
  "deporting": -2,
  "deports": -2,
  "derails": -2,
  "derides": -2,
  "deriding": -2,
  "despairs": -3,
  "deteriorates": -2,
  "detracted": -1,
  "detracts": -1,
  "devastations": -2,
  "dick": -4,
  "dilligence": 2,
  "dipshit": -3,
  "dirtier": -2,
  "dirtiest": -2,
  "disappoints": -2,
  "disapprovals": -2,
  "disapproving": -2,
  "disconsolation": -2,
  "discriminates": -2,
  "disguising": -1,
  "disgustful": -3,
  "disinclined": -2,
  "disoriented": -2,
  "disparaged": -2,
  "disparages": -2,
  "disrespected": -2,
  "dithering": -2,
  "dodging": -2,
  "dodgy": -2,
  "dour": -2,
  "downhearted": -2,
  "downside": -2,
  "drags": -1,
  "dreading": -2,
  "dreary": -2,
  "droopy": -2,
  "drowns": -2,
  "embarrasses": -2,
  "enlightens": 2,
  "enrages": -2,
  "enraging": -2,
  "enslaves": -2,
  "ErrorUndefined": 3,
  "ErrorWithTranslation": -2,
  "evacuates": -1,
  "evergreening": -3,
  "exacerbated": -2,
  "exacerbates": -2,
  "exacerbating": -2,
  "exaggerates": -2,
  "exasparate": -2,
  "exasperates": -2,
  "exasperating": -2,
  "exhilarated": 3,
  "exhilarates": 3,
  "exonerated": 2,
  "exonerates": 2,
  "exonerating": 2,
  "faker": -3,
  "faking": -3,
  "falsified": -3,
  "fatigues": -2,
  "fatiguing": -2,
  "favourited": 2,
  "felonies": -3,
  "flops": -2,
  "flustered": -2,
  "Foreclosures": -2,
  "forgettable": -1,
  "frikin": -2,
  "frustrates": -2,
  "ftw": 3,
  "fucktard": -4,
  "fud": -3,
  "fuked": -4,
  "fuking": -4,
  "fuming": -2,
  "gagged": -2,
  "glamourous": 3,
  "gleeful": 3,
  "godsend": 4,
  "goofiness": -2,
  "GR8": 3,
  "greenwash": -3,
  "greenwasher": -3,
  "greenwashers": -3,
  "greenwashing": -3,
  "groans": -2,
  "growths": 2,
  "hahaha": 3,
  "hahahah": 3,
  "hapless": -2,
  "haplessness": -2,
  "hardier": 2,
  "harmoniously": 2,
  "harried": -2,
  "harsher": -2,
  "harshest": -2,
  "haunts": -1,
  "heavyhearted": -2,
  "homicides": -2,
  "humbug": -2,
  "humerous": 3,
  "humourous": 2,
  "hurts": -2,
  "icky": -3,
  "immobilized": -1,
  "impairing": -2,
  "impeachments": -3,
  "impeded": -2,
  "impedes": -2,
  "impeding": -2,
  "impedingly": -2,
  "incapacitated": -2,
  "incapacitates": -2,
  "incenses": -2,
  "incensing": -2,
  "indoctrinates": -2,
  "indoctrinating": -2,
  "inediable": -2,
  "ineffectively": -2,
  "infantilized": -2,
  "infesting": -2,
  "infests": -2,
  "infracted": -2,
  "infracting": -2,
  "infracts": -2,
  "infuriated": -2,
  "infuriates": -2,
  "infuriating": -2,
  "innovates": 1,
  "intimidating": -2,
  "intransigency": -2,
  "intrigues": 1,
  "irreproducible": -2,
  "irresistibly": 2,
  "jackasses": -4,
  "justifiably": 2,
  "kills": -3,
  "kinder": 2,
  "lagging": -2,
  "lags": -2,
  "laughting": 1,
  "lawl": 3,
  "lethality": -2,
  "lifesaver": 4,
  "lighthearted": 1,
  "likable": 2,
  "likeable": 2,
  "likers": 2,
  "lmfao": 4,
  "loathes": -3,
  "lobbied": -2,
  "lobbyist": -2,
  "lololol": 4,
  "lolololol": 4,
  "lool": 3,
  "loomed": -1,
  "loool": 3,
  "looool": 3,
  "looses": -3,
  "lovelies": 3,
  "lunatics": -3,
  "lurking": -1,
  "lurks": -1,
  "maladaption": -2,
  "maldevelopment": -2,
  "masterpieces": 4,
  "menaced": -2,
  "menaces": -2,
  "mirthfully": 3,
  "misbranding": -3,
  "miscast": -2,
  "misclassified": -2,
  "misclassifies": -2,
  "misclassify": -2,
  "misconducted": -2,
  "misconducting": -2,
  "misconducts": -2,
  "misleaded": -3,
  "misplaces": -2,
  "misplacing": -2,
  "mispricing": -3,
  "misreport": -2,
  "misreported": -2,
  "misreporting": -2,
  "misreports": -2,
  "misrepresentations": -2,
  "mistaking": -2,
  "misunderstands": -2,
  "moaned": -2,
  "moaning": -2,
  "moans": -2,
  "modernizes": 2,
  "mongering": -2,
  "monopolized": -2,
  "monopolizes": -2,
  "monopolizing": -2,
  "moping": -1,
  "mumpish": -2,
  "n00b": -2,
  "noob": -2,
  "offensively": -2,
  "OKs": 2,
  "optionless": -2,
  "ostracized": -2,
  "ostracizes": -2,
  "outmaneuvered": -2,
  "outnumbered": -2,
  "overreacted": -2,
  "overreacting": -2,
  "overreaction": -2,
  "overreacts": -2,
  "oversell": -2,
  "overselling": -2,
  "oversells": -2,
  "oversimplification": -2,
  "oversimplified": -2,
  "oversimplifies": -2,
  "oversimplify": -2,
  "oversold": -2,
  "overstatements": -2,
  "panics": -3,
  "pardons": 2,
  "perfects": 2,
  "persecutes": -2,
  "pileup": -1,
  "piqued": -2,
  "plaguing": -3,
  "plodding": -2,
  "poisoned": -2,
  "poisons": -2,
  "pollutes": -2,
  "postpones": -1,
  "prblm": -2,
  "prblms": -2,
  "prosecutes": -1,
  "pseudoscience": -3,
  "psychopathic": -2,
  "racists": -3,
  "rageful": -2,
  "ranter": -3,
  "ranters": -3,
  "rants": -3,
  "raptured": 2,
  "reassures": 1,
  "refreshingly": 2,
  "relishing": 2,
  "reprimanding": -2,
  "reprimands": -2,
  "rescues": 2,
  "revives": 2,
  "riveting": 3,
  "robing": -2,
  "roflcopter": 4,
  "roflmao": 4,
  "romantical": 2,
  "romantically": 2,
  "rotflmfao": 4,
  "rotflol": 4,
  "ruining": -2,
  "saluting": 2,
  "savange": -2,
  "savanges": -2,
  "scapegoats": -2,
  "scumbag": -4,
  "sexistic": -2,
  "shoody": -2,
  "silencing": -1,
  "singleminded": -2,
  "slickest": 2,
  "slumping": -1,
  "smartest": 2,
  "smuggles": -2,
  "snubbed": -2,
  "snubbing": -2,
  "snubs": -2,
  "sobering": 1,
  "solidifies": 2,
  "solidifying": 2,
  "somber": -2,
  "soothed": 3,
  "soothing": 3,
  "squandering": -2,
  "squanders": -2,
  "squelched": -1,
  "stabs": -2,
  "stalling": -2,
  "starves": -2,
  "stinked": -2,
  "stinks": -2,
  "stinky": -2,
  "stressor": -2,
  "stupidly": -2,
  "sueing": -2,
  "sues": -2,
  "sulking": -2,
  "suspecting": -1,
  "Swears": -2,
  "swindles": -3,
  "swindling": -3,
  "tard": -2,
  "tarnishes": -2,
  "terrifically": 4,
  "terrorizes": -3,
  "thwarting": -2,
  "thwarts": -2,
  "toothless": -2,
  "totalitarianism": -2,
  "touted": -2,
  "touts": -2,
  "transgresses": -2,
  "treasonous": -3,
  "tyran": -3,
  "tyrannic": -3,
  "tyrannically": -3,
  "tyrans": -3,
  "unappeasable": -2,
  "unappreciated": -2,
  "unconvinced": -1,
  "uncredited": -1,
  "undercooked": -2,
  "underestimated": -1,
  "underestimates": -1,
  "undermines": -2,
  "underperforming": -2,
  "underperforms": -2,
  "unfitted": -2,
  "unfocused": -2,
  "unfunny": -2,
  "unimaginative": -2,
  "uninvolving": -2,
  "unlovable": -2,
  "unmotivated": -2,
  "unparliamentary": -2,
  "unreleting": -2,
  "unresearched": -2,
  "unscientific": -2,
  "uselessness": -2,
  "vindicates": 2,
  "visioning": 1,
  "vivacious": 3,
  "vomited": -3,
  "vomits": -3,
  "walkouts": -2,
  "warmhearted": 2,
  "weakened": -2,
  "winwin": 3,
  "wits": 2,
  "woebegone": -2,
  "wooo": 4,
  "woow": 4,
  "wowow": 4,
  "wowww": 4,
  "wrenching": -2,
  "wtff": -4,
  "wtfff": -4,
  "XO": 3,
  "xoxo": 3,
  "xoxoxo": 4,
  "xoxoxoxo": 4,
  "yeees": 2,
  "zealots": -2,
  "अ भी मा न": 2,
  "अंकुर": -1,
  "अंतर": -1,
  "अंतर्मुख": -1,
  "अंत्येष्टी": -1,
  "अंधार": -1,
  "अंन्गरस्": -3,
  "अकारण ती भीतीची": -2,
  "अकार्यक्षम": -2,
  "अकार्यक्षमता": -2,
  "अकार्यक्षमरित्या": -2,
  "अक्षम": -2,
  "अक्षम्य": -3,
  "अखंड": 2,
  "अखंडपणे": 2,
  "अग्रगण्य": 2,
  "अचुक दाखवू शकत नाही": -2,
  "अजिंक्य": 2,
  "अजिबात संकोच": -2,
  "अज्ञान": -2,
  "अटक": -2,
  "अडकवून ठेवणे": -2,
  "अडचणी": -2,
  "अडथळा": -2,
  "अडथळा करणे": -2,
  "अडथळे": -2,
  "अति काळजीचं": -2,
  "अतिशय": 2,
  "अतिशय आनंद देणे": 3,
  "अतिशय काळोख": -2,
  "अतिशय घाणेरडा": -2,
  "अतिशयोक्ती": -2,
  "अतिशयोक्तीपूर्ण": -2,
  "अतृप्त": -2,
  "अत्यंत": 4,
  "अत्यंत आक्रमक व कठोर": -2,
  "अत्यंत एकाकी": -2,
  "अत्यंत कुरूप": -3,
  "अत्यंत कौशल्यपूर्ण कृती": 3,
  "अत्यंत क्लेशकारक": -3,
  "अत्यंत जहरी": -2,
  "अत्यंत त्रासदायक": -3,
  "अत्यंत दक्ष": -2,
  "अत्यंत निराशाजनक": -3,
  "अत्यंत विस्मयकारक": 3,
  "अत्यंत वीट आलेला": -3,
  "अत्याचार": -3,
  "अत्याचारांना": -2,
  "अत्याचाराबाबत": -2,
  "अत्याचारी": -3,
  "अत्यादरपूर्वक": 3,
  "अत्याधुनिक": 2,
  "अत्यानंद": 4,
  "अत्यानंददर्शक": 4,
  "अत्यानंदाची अवस्था": 3,
  "अदूरदर्शी": -2,
  "अदृश्य": -1,
  "अद्भुत": 3,
  "अद्वितीय": 2,
  "अधिक माहिती देणे": 2,
  "अधिक वाईट होणे किंवा करणे": -3,
  "अधिकार": 1,
  "अधीर": -2,
  "अनर्थ": -2,
  "अनवधानाने": -2,
  "अनाकलनीय": -2,
  "अनागोंदी": -2,
  "अनादर": -2,
  "अनावर": -2,
  "अनिवार्य": -1,
  "अनिश्चित": -1,
  "अनिष्ट": -2,
  "अनुकूल": 2,
  "अनुकूल वातावरण": 2,
  "अनुदान": 1,
  "अनुपलब्ध": -1,
  "अनुपस्थित": -1,
  "अनेकजण": -2,
  "अनैतिक": -2,
  "अनौरस संतती": -3,
  "अन्याय": -2,
  "अन्वेषण": -2,
  "अपंग असलेल्या व् यक": -2,
  "अपंगत्व": -2,
  "अपघात": -2,
  "अपघाताने मृत्यू": -3,
  "अपघाती": -2,
  "अपमान": -3,
  "अपमानकारक": -3,
  "अपमानास्पद": -2,
  "अपयश": -2,
  "अपयशी": -3,
  "अपराधी": -3,
  "अपराध्यांना शिक्षा": -2,
  "अपर्याप्तपणे": -2,
  "अपवित्र": -2,
  "अपहरण": -2,
  "अपहार": -3,
  "अपात्र": -2,
  "अपुरा": -2,
  "अपुरी": -2,
  "अपुरे": -2,
  "अपुरेपणा": -2,
  "अपूर्ण": -1,
  "अपोकॅलिप्टिक": -2,
  "अप्रचलित": -2,
  "अप्रामाणिक": -2,
  "अप्रिय": -2,
  "अब्रुनुकसानीकारक": -2,
  "अभाव": -2,
  "अभिनंदन": 2,
  "अभिमानाने": 2,
  "अभिवादन केले": 2,
  "अभ्यासाची वर्षे": -2,
  "अमर": 2,
  "अमानवीकरण": -2,
  "अमानुष": -2,
  "अयशस्वी": -2,
  "अयो य र या": -2,
  "अयोग्य": 1,
  "अराजक": -2,
  "अरेरे": -2,
  "अर्थपूर्ण": 2,
  "अर्थहीन": -2,
  "अर्बुद": -2,
  "अवरोध": -1,
  "अवरोधित": -1,
  "अवरोधित करणे सुरू ठेवा": -1,
  "अवलंब": 1,
  "अवलंबून असलेला": 2,
  "अवशेष": -2,
  "अवस्था": -2,
  "अवांछित": -2,
  "अविनाशी": 2,
  "अविश्वसनीय": 2,
  "अविश्वास": -3,
  "अव्वल": 2,
  "अशक्त": -2,
  "अशक्तपणा": -2,
  "अशी मागणी": -1,
  "अशुध्द": -2,
  "अश्रू": -2,
  "अश्लील": -2,
  "असंवेदनशील": -2,
  "असमंजसपणाचे": -1,
  "असमर्थता": -2,
  "असमर्थित": -2,
  "असमाधानकारकपणे": -2,
  "असमाधानी": -2,
  "असमान": -1,
  "असहाय्य": -2,
  "असह्य": -2,
  "असा सल्ला दिला": -2,
  "असुखावहता गैरसमज": -2,
  "असुरक्षित": -2,
  "असे भाषण": -3,
  "असोशी": -2,
  "अस्ताव्यस्त": -2,
  "अस्थिर": -2,
  "अस्पष्ट": -2,
  "अस्वस्थ": -2,
  "अस्वस्थ करणारी": -2,
  "अस्वस्थ करणारी आहे": -2,
  "अस्वस्थता": -2,
  "अस्सल बात": -2,
  "आंतरजालावर असलेले मुक्त पुस्तकालय": -2,
  "आंदोलक": -2,
  "आंदोलन": -2,
  "आंधळा": -1,
  "आई": 2,
  "आउटेज": -2,
  "आकर्षक": 3,
  "आकर्षकपणा": 2,
  "आकर्षण": 2,
  "आकर्षणांवर": -1,
  "आकर्षित": 1,
  "आकाश": 2,
  "आक्रमक": -2,
  "आक्रमकता": -2,
  "आक्रमण": -1,
  "आक्रोश": -1,
  "आक्षेप घेतला": -3,
  "आक्षेपार्ह": -2,
  "आग": -2,
  "आगळीक": -2,
  "आगाऊ": 1,
  "आग्रह": -2,
  "आघाडी": 1,
  "आजार": -2,
  "आजारपण": -2,
  "आजारी": -2,
  "आठवणी": -2,
  "आड येणे": -2,
  "आडवा": -2,
  "आणखीच बिकट": -3,
  "आणतो": -2,
  "आणीबाणी": -2,
  "आतडयांमध्ये मुरडाहोऊन वेदना होणे": 2,
  "आतिशय": -3,
  "आत्मघाती": -2,
  "आत्मरती": -2,
  "आत्मविश्वास": 2,
  "आत्मविश्वासाने": 2,
  "आत्मसंतुष्ट": -2,
  "आत्महत्या": -2,
  "आत्महत्येचे कारण समजू शकलेले": -4,
  "आत्मा": 1,
  "आत्यंतिक तिटकारा": -3,
  "आदर": 2,
  "आदरणीय": 2,
  "आदळणे": -1,
  "आधार": 1,
  "आधुनिकीकरण": 2,
  "आनंद": 3,
  "आनंद आणि अभिमान": 3,
  "आनंद झाला": 4,
  "आनंद देणारा": 2,
  "आनंददायक": 3,
  "आनंददायी": 3,
  "आनंदाने": 3,
  "आनंदित": 3,
  "आनंदी": 3,
  "आपत्तिमय": -4,
  "आपत्ती": -2,
  "आपले स्वागत आहे": 2,
  "आपल्या भावना व्यक्त न करु शकणारा": -2,
  "आभार": 2,
  "आभारी": 2,
  "आमंत्रण": 1,
  "आम्ही पाप केले": -2,
  "आराम": 1,
  "आरामदायक": 2,
  "आरामशीर": 2,
  "आरामात": 2,
  "आरोग्य हानिकारक": -2,
  "आरोप": -3,
  "आरोपी": -2,
  "आर्सहोल": -4,
  "आलिंगन": 1,
  "आळशी": -1,
  "आवड": 2,
  "आवडत्या": 2,
  "आवडले": 2,
  "आवडले नाही": -2,
  "आवडी": 1,
  "आवेशी": 2,
  "आव्हान": -1,
  "आशा": 2,
  "आशावाद": 2,
  "आशावादी": 2,
  "आशीर्वाद": 3,
  "आशीर्वाद देतो": 2,
  "आशेने": 2,
  "आश्चर्य": 3,
  "आश्चर्यकारक": 4,
  "आश्चर्यकारक गोष्ट": 3,
  "आश्चर्यचकित": 2,
  "आश्वासक": 2,
  "आश्वासने": 1,
  "आह": -2,
  "आहे evergreens": 2,
  "इ": -2,
  "इंग्लीश मिडियाने बर्डला मोठे": -2,
  "इच्छा": 2,
  "इच्छित": 1,
  "इच्छित हालचाल घडवून आणण्यासाठी": -1,
  "इजा": -2,
  "इतकं प्रचंड वेड": 2,
  "इशारा": -1,
  "इशारा दिला": -2,
  "इशारे": -3,
  "इष्ट": 2,
  "ईश्वराची स्तुती केली जावो या अर्थाचा उद्गार": 3,
  "उकलणे": 1,
  "उगाचच इतरांना घाबरवून सोडणारी व्यक्ती": -2,
  "उग्र": -2,
  "उघड": -1,
  "उडाला": -2,
  "उत्कंठापूर्ण": 2,
  "उत्कट": 1,
  "उत्कट इच्छा": -1,
  "उत्कृष्ट": 4,
  "उत्कृष्ट नमुना": 4,
  "उत्कृष्टता": 3,
  "उत्तम प्रकारे": 3,
  "उत्तेजक": 2,
  "उत्तेजन": 2,
  "उत्तेजित": 1,
  "उत्पीडित": -2,
  "उत्सव": 3,
  "उत्साहपूर्ण": 2,
  "उत्साहवर्धक": 2,
  "उत्साहात": -3,
  "उत्सुक": 3,
  "उत्सुक आणि उत्कंठित": 2,
  "उदार": 2,
  "उदार हस्ते": 2,
  "उदास": -2,
  "उदासीन": -2,
  "उद्गार": -2,
  "उद्गार गोंडस": 3,
  "उद्गार चांगला": 4,
  "उद्धट": -2,
  "उद्ध्वस्त": -2,
  "उद्रेक": -2,
  "उधळपट्टी": -2,
  "उन्मत": -3,
  "उन्माद": -3,
  "उपयुक्त": 2,
  "उपयोगिता": 2,
  "उपरोधिक": -1,
  "उपलब्ध": 1,
  "उपहास": -2,
  "उपहास करणे": -2,
  "उपहास केला": -2,
  "उपहासाचा विषय": -2,
  "उपाय": 1,
  "उपाशी": -2,
  "उपाशी असतांना अब्जावधि": -2,
  "उपाहासवृत्ती": -2,
  "उपेक्षा": -1,
  "उबदार": 1,
  "उबविण्यासाठी": -2,
  "उर्मट": -1,
  "उलट करता येणार नाही असा": -1,
  "उलटी": -3,
  "उलट्या होणे": -3,
  "उल्लंघन": -2,
  "उल्लेख": -2,
  "उल्लेखनीय": 2,
  "उल्हासित": 2,
  "उष्णता": 2,
  "उसासा": -2,
  "एकता": 2,
  "एकदम": -1,
  "एकदा इन एका आजीवन": 3,
  "एकनिष्ठ": 3,
  "एकपक्षीय": -2,
  "एकसंधी": 2,
  "एकसारखा सतत तोच स्वर": -1,
  "एकही": -1,
  "एकाकी": -2,
  "एकाग्रता": 2,
  "एकूण": -2,
  "एखादी गोष्ट करण्याचा प्रयत्न": -2,
  "एखादी गोष्ट चांगली किंवा योग्य नाही असे म्हणणे": -2,
  "एवढा": 3,
  "ऑफ द फेम": 1,
  "ऑफलाइन": -1,
  "ओंगळ": -2,
  "ओझे": -2,
  "ओरडणारा": -1,
  "ओळख": 2,
  "औदासीन्य": -3,
  "कंटाळले": -2,
  "कंटाळवाणा": -2,
  "कंटाळवाणे": -2,
  "कंटाळा": -2,
  "कंटाळा आला": -3,
  "कचयाचा ढीग": -1,
  "कचरा": -1,
  "कट": -3,
  "कटुता वाढवणे": -2,
  "कट्टर": -2,
  "कठीण": -1,
  "कठोर": -3,
  "कठोरपणे": -2,
  "कडाक्याचे": -3,
  "कडू": -2,
  "कण्हणे": -2,
  "कदर": 2,
  "कधी कठीण": -2,
  "कनिष्ठ": -2,
  "कपट,": -2,
  "कपटी": -3,
  "कपात": -2,
  "कमजोर करणे": -2,
  "कमजोरी": -2,
  "कमतरता": -2,
  "कमालीचा तिरस्कार करणे": -3,
  "कमालीची": 4,
  "कमी": 2,
  "कमी परतावे": -2,
  "कमी लेखण्यात": -1,
  "कमी लेखू": -1,
  "करणार्या": -2,
  "करमणुकीचे साधन": 3,
  "करार": 2,
  "करारावर स्वाक्षरी केलेली": 2,
  "करारी": 2,
  "करुणाजनक": -2,
  "कर्करोग": -1,
  "कर्ज": -2,
  "कर्णमधुर": 2,
  "कलंक": -2,
  "कलुषित": -2,
  "कल्पनारम्य": 2,
  "कल्याण": 2,
  "कळकळ": 2,
  "कव्हर अप": -3,
  "कष्टाचे": -2,
  "काजू": -3,
  "काटेकोरपणे": 3,
  "काटेरी": -2,
  "काढून घेणे": -1,
  "काढून टाकते": -1,
  "कादंबरी": 2,
  "कापत": -2,
  "कापरा आवाज": -2,
  "काम करत नाही": -3,
  "कामगारांचा संप": -2,
  "कायदेशीर": 1,
  "कारावास": -2,
  "कालबाह्य झालेल्या": -2,
  "काळजी": 2,
  "काळजी घ्या": 2,
  "काळजीपसून": 2,
  "काळजीपूर्वक": 2,
  "काळा माणूस": -5,
  "काळानुरूप सुसंगत बदल आवश्यकच": -3,
  "काळीज": -2,
  "काळे": -5,
  "काळ्या न निळ्या रंगाचा": -2,
  "काही": 1,
  "काही प्रकारचे": 0,
  "काही मजा नाही": -3,
  "किंकाळ्यांनी": -2,
  "किंचाळणे": -2,
  "किफायतशीर": 3,
  "किळस, तिरस्कार व्यक्त करणारा उद्गार": -2,
  "किळसवाणा": -2,
  "किळसवाणे": -2,
  "कीव": -2,
  "कुचकामी": -2,
  "कुजलेला": -3,
  "कुत्री": -5,
  "कुरुप": -3,
  "कुरुपता": -3,
  "कुरूप": -2,
  "कुर्हाड": -1,
  "कुविख्यात": -2,
  "कृतघ्न": -3,
  "कृतज्ञ": 3,
  "कृत्रिम वध": -1,
  "कृपया": 1,
  "कृपा": 1,
  "कृपा करून": 3,
  "केली अप": -1,
  "कैदी": -2,
  "कैद्यांना": -2,
  "कॉमिक": 1,
  "कोंडी": -2,
  "कोंबडा": -5,
  "कोणताही": -2,
  "कोणाचेही प्रेम": -2,
  "कोपरे": -2,
  "कोल्ही": -5,
  "कोसळत": -2,
  "कोसळून": -2,
  "कौतुक": 2,
  "कौतुकाच्या नजरा": 3,
  "क्रश": -1,
  "क्रुद्ध": -2,
  "क्रूड": -1,
  "क्रूर": -3,
  "क्रूर कृत्य": -3,
  "क्रॅश": -2,
  "क्रोधाविष्ट": -3,
  "क्लिनर": 2,
  "क्लिष्ट": 2,
  "क्षमता": 1,
  "क्षमा": -2,
  "क्षमायाचना": -1,
  "क्षमाशील": 1,
  "क्षुद्र": -2,
  "क्षुल्लक": -2,
  "खंडणी": 2,
  "खंडीत": -2,
  "खंत": -2,
  "खंबीर": 2,
  "खच्चीकरण": -2,
  "खजिना": 2,
  "खटला": -2,
  "खटले": -2,
  "खटल्याची आवड असणारा": -2,
  "खरं": -2,
  "खरं तर अन्यायकारक": -2,
  "खराब": 3,
  "खरे": 2,
  "खरे प्रेम": 2,
  "खळबळ": 3,
  "खवळला": -2,
  "खाजून": -2,
  "खाने": -2,
  "खारा": 1,
  "खालावणे": -2,
  "खालावत": -2,
  "खालावली": -2,
  "खाली": -1,
  "खिन्न": -2,
  "खिन्नपणे": -2,
  "खीळ घालणे": -2,
  "खुनशी": -2,
  "खुनी": -3,
  "खून": -2,
  "खूप": -1,
  "खूप आनंदी": 2,
  "खूप रागावतो": -3,
  "खेळ बदलणारे": 3,
  "खोटारडे": -3,
  "खोटी माहिती पसरवली": -2,
  "खोटी साक्ष": -3,
  "खोटे": -3,
  "खोटे पाडणे": -3,
  "खोटे बोलणारा": -3,
  "खोटेपणा": -4,
  "खोडणे": -2,
  "खोल्यांची तटबंदी": -2,
  "खोळंबा": -2,
  "गंभीर": -1,
  "गंभीर गुन्हा": -3,
  "गजर": -2,
  "गढून गेलेला": 1,
  "गमावले": -3,
  "गरजू": -2,
  "गरिबी": -1,
  "गरीब": -2,
  "गर्दी करीत आहेत": -1,
  "गर्विष्ठ": -2,
  "गलिच्छ": -3,
  "गळती": -1,
  "गळा": -2,
  "गळा दाटून येणे": -2,
  "गळून पडलेला": -2,
  "गहाळ": -2,
  "गाठली": 1,
  "गारा": 2,
  "गालातल्या गालात हसत": 2,
  "गावचे": 2,
  "गीतोपदेश": -2,
  "गुंड": -2,
  "गुंडगिरी": -2,
  "गुंतलेल": 1,
  "गुंतलेला": 1,
  "गुण": 2,
  "गुणवत्ता": 2,
  "गुणवत्तेवर": -2,
  "गुदद्वारात संभोग": -4,
  "गुन्हा": -3,
  "गुन्हे": -2,
  "गुन्हेगार": -3,
  "गुन्हेगार ठरवणे": -3,
  "गुलाब": 1,
  "गुलाम": -2,
  "गुलाम करणे": 3,
  "गुलाम बनवणे": -2,
  "गुलामगिरी": -3,
  "गृहीत": -2,
  "गैर": -2,
  "गैरकारभार": -2,
  "गैरवर्तन": -2,
  "गैरवापर": -2,
  "गैरसमज": -2,
  "गैरसमज करुण घेणे": -2,
  "गैरसोय": -2,
  "गैरसोयीचे": -2,
  "गोंगाट करणारा": -1,
  "गोंडस": 2,
  "गोंधळ": -3,
  "गोंधळलेला": -2,
  "गोंधळात": -2,
  "गोंधळात टाकणारे": -2,
  "गोंधळात पडलो": -2,
  "गोठणे": 2,
  "गोड": 2,
  "गोरा": 2,
  "गोलंदाज": 2,
  "गोळीबार": -2,
  "गौरव": 2,
  "ग्रस्त": -2,
  "ग्रीटिंग": 1,
  "घटक": 2,
  "घट्ट": -2,
  "घडीव": -2,
  "घन": 2,
  "घबराट": 2,
  "घरफोडी": -2,
  "घराची ओढ लागलेला": -2,
  "घसरण": -1,
  "घसा": -1,
  "घाण": -2,
  "घाण वास येऊ लागला": -2,
  "घातक": -3,
  "घाबरणे": -2,
  "घाबरू": -2,
  "घाबरून": -1,
  "घालवून देणे": -2,
  "घुटमळणारा": -2,
  "घुसखोरी": 3,
  "घेतलेली": -2,
  "घेते": 1,
  "घोटाळा": -2,
  "घोटाळे": -2,
  "घोटाळ्यांच्या": -3,
  "चकाकणे": 3,
  "चटकन फसणारा": -2,
  "चट्टे": -2,
  "चट्ठा": -3,
  "चतुर": 2,
  "चपळ": 2,
  "चमत्कार": 3,
  "चांगला": 3,
  "चांगले": 2,
  "चांगले दिसणारे": 3,
  "चांगले नाही": -2,
  "चांगुलपणा": 2,
  "चालत्या बसमध्ये": -3,
  "चालना": 1,
  "चालु": -1,
  "चाहता": 3,
  "चिंता": 2,
  "चिंता नसलेला": -2,
  "चिंताग्रस्त": -2,
  "चिंतेत असणे": -3,
  "चिखलाचा": -2,
  "चिचुंद्री": -4,
  "चिडलेला": -2,
  "चिडून": -3,
  "चित्तथरारक": 5,
  "चुंबन": 2,
  "चुका": -2,
  "चुकीचा": -2,
  "चुकीचा अर्थ लावणे": -1,
  "चुकीचा अर्थ लावला": -2,
  "चुकीचा आहे असे सिद्ध": -2,
  "चुकीची माहिती": -2,
  "चुकीचे": -2,
  "चुकीच्या": -2,
  "चुकीच्या गोष्टी": -2,
  "चुकीच्या मार्गाने": -1,
  "चुकून": -2,
  "चूक": -2,
  "चेंगराचेंगरी": -2,
  "चेंडू": -1,
  "चेतना": 3,
  "चेतावणी": -3,
  "चेतावणी देणारी": -2,
  "चेष्टा": -2,
  "चेहर्यावर फिरविणे": -4,
  "चैतन्यशील": 2,
  "चोरटा": -1,
  "चोरले": -2,
  "चोरी": -2,
  "चोरुन आणणे": -2,
  "चोरून": -2,
  "चौकशी": -2,
  "च्या पलीकडे जाणे": 2,
  "च्याबद्दल तुच्छतापूर्वक बोलणे": -2,
  "च्यावर फिर्याद लावणे": -2,
  "छळ": -2,
  "छळाच्या": -3,
  "छान": 4,
  "छाप": 3,
  "छाप न पडलेला": -2,
  "छुपी": -1,
  "जखम": -2,
  "जखमी": -2,
  "जखमी झालेली व्यक्ती": -2,
  "जतन": 2,
  "जतन करणारे": 2,
  "जनता": -2,
  "जबरदस्त आकर्षक": 4,
  "जबाबदार": 2,
  "जबाबदारी": 1,
  "जरा आश्चर्यकारक": 4,
  "जरा गरम": 2,
  "जरा गोंडस": 4,
  "जरा चांगला": 4,
  "जरा परिपूर्ण": 4,
  "जरा प्रेम": 4,
  "जरा विलक्षण": 4,
  "जर्जर झालेला": -2,
  "जळजळ": -3,
  "जवळीक": 2,
  "जस्ट": 1,
  "जहाजात": 1,
  "जहालमतवादी": -2,
  "जागृत": 3,
  "जाड": 2,
  "जाणीव": -2,
  "जाणे": 1,
  "जादा असलेले ओझे": -1,
  "जादा वजन": -1,
  "जानी": 2,
  "जास्त भडकून प्रतिक्रिया": -2,
  "जाहिरात": 1,
  "जिज्ञासू": 1,
  "जिवंत": 1,
  "जिवावर उदार": -3,
  "जिवावर उदार होऊन": -3,
  "जीव": -2,
  "जीवघेणा": -3,
  "जीवनसत्व": 1,
  "जे वचन दिले आहे": 1,
  "जे विश्वास ठेवीत नाहीत": -1,
  "जेडीयू": -2,
  "जेम्सला हे मान्य": -3,
  "जोखीम": -2,
  "जोम": 3,
  "जोरदार": 2,
  "ज्ञान": 1,
  "ज्ञानी": 2,
  "ज्याचा निश्चय झाला नाही असा": -1,
  "ज्याचे हृदय भंग पावले आहे असा अत्यंत दु: खी": -3,
  "ज्याच्याविषयी तिटकारा वाटावा अशी व्यक्ती": -2,
  "ज्याद्वारे": -2,
  "ज्याला केवळ दोषच दिसतात असा भावनाशून्य मनूष्य": -2,
  "ज्याला जास्त अनुकूलता दाखविली": 2,
  "झगा": -2,
  "झटके देऊन चोखणे": -3,
  "झणझणीत": -3,
  "झपाटलेल्या": -2,
  "झाकतो": -1,
  "झिडकारणे": -1,
  "टक्कर": -2,
  "टर": -2,
  "टाकून": -1,
  "टाळणे": -1,
  "टाळण्यासाठी": -1,
  "टाळले": -1,
  "टाळ्या": 2,
  "टिका": -2,
  "टिकाऊ": 2,
  "टिकाव": 1,
  "टीका": -3,
  "टोचणी": -2,
  "टोचणे": -5,
  "टोपी घालणे": -2,
  "ठकवणे": -3,
  "ठरविला": 2,
  "ठरायला": -1,
  "ठराव": 2,
  "ठळक": 1,
  "ठार": -3,
  "ठिणगी": 1,
  "ठेचून": -2,
  "ठेवली": -1,
  "डंप": -1,
  "डाग": -2,
  "डागाळलेला": -2,
  "डिफेंडर": 2,
  "डिवचणे": -1,
  "डी": -3,
  "डोकेदुखी": -2,
  "डोळ्यात भरणारा": 2,
  "डौलदार": 2,
  "ड्रॅग": -1,
  "ढकलत": -1,
  "ढगळ": -2,
  "ढगाळ": -1,
  "ढासळून टाकणे": -2,
  "ढोंग": -1,
  "तंबी": -2,
  "तक्रार": -2,
  "तक्रारी": -2,
  "तग धरण्याची क्षमता": 2,
  "तटस्थ": -2,
  "तयार": 1,
  "तयारी": 2,
  "तरुण": 2,
  "तल्लख": 4,
  "तल्लीन करणारा": 3,
  "तळमळ": 1,
  "तळमळीचा": 2,
  "तसेच groomed": 2,
  "तसेच proportioned": 2,
  "तसेच लक्ष केंद्रित": 2,
  "तसेच विकसित": 2,
  "तसेच स्थान": 3,
  "तसेच स्थापन": 2,
  "तस्करी": -2,
  "तहाची बोलणी करण्यासाठी बोलावलेली सभा": -1,
  "ताकद": 2,
  "ताज्या": 1,
  "ताण": -1,
  "तातडीचे": -1,
  "तातडीने": 1,
  "तानाजी पडल्याची बातमी मिळाली": -2,
  "ताप": -2,
  "तापट": 2,
  "ताब्यात घेण्यात आले": -2,
  "तारण": 2,
  "तिटकारा": -3,
  "तिरकी रेघ": -2,
  "तिरस्करणीय": -2,
  "तिरस्कार": -2,
  "तिरस्कारदर्शक": -2,
  "तिरस्कारयुक्त": -2,
  "तीक्ष्ण": 2,
  "तीव्र": -3,
  "तीव्र तिटकारा": -3,
  "तीव्र प्रतिक्रिया": -3,
  "तुकडे तुकडे": -2,
  "तुच्छता दाखवण्यासारखा नसणे": -2,
  "तुटलेली": -1,
  "तुमचा द्वेष": -3,
  "तुमचे तारण कसे होईल": -2,
  "तुमचे माझे": 1,
  "तुरुंगात": -2,
  "तूट": -2,
  "ते पूर्ण होत": -2,
  "ते फार भ्याले": -3,
  "ते मानत नाहीत": -2,
  "तेज": 3,
  "तेज कमी होणे": -2,
  "तेजस्वी": 1,
  "तेही": 1,
  "तोंड द्यावे लागले": -1,
  "तोंड बांधणे": -2,
  "तोंडचे": -2,
  "तोंडाचे": -3,
  "तोट्याचा": -3,
  "तोडगे": 1,
  "तोडले": -1,
  "तोतया": -2,
  "तोफा": -1,
  "त्याग": -2,
  "त्याग केलेला": -2,
  "त्याचा विश्वासघात केला": -3,
  "त्याची स्तुती": 3,
  "त्याचे समर्थन कर": 2,
  "त्रस्त": -2,
  "त्रास": -3,
  "त्रास देऊ नये": -2,
  "त्रास देणे": -2,
  "त्रासदायक": -2,
  "त्रुटी": -2,
  "थंड": 1,
  "थंड सामग्री": 3,
  "थकणे": -2,
  "थकबाकी": 5,
  "थकलेला": -1,
  "थकलेले": -2,
  "थकवा": -2,
  "थट्टा": -2,
  "थट्टा केली": -2,
  "थट्टेचा": -1,
  "थांबवू": -1,
  "थेंब": -1,
  "थोपवणे": -2,
  "थोर": 2,
  "दंगली": -2,
  "दंगा": -2,
  "दंड": 2,
  "दंड आकारत": -2,
  "दंड आकारला": -2,
  "दंडात्मक": -2,
  "दडपशाही": -2,
  "दफन": -1,
  "दबाव": -2,
  "दम": -2,
  "दमलेला": -2,
  "दया": 2,
  "दयाळू": 3,
  "दरोडेखोर": -2,
  "दलाल": -2,
  "दलालीसाठी": -2,
  "दहशत": -3,
  "दहशतवादी": -3,
  "दहशतीचे वातावरण": -2,
  "दांभिक": -2,
  "दाखल": -1,
  "दाखवतोच": -2,
  "दागिने": 1,
  "दाता": 2,
  "दाद": 2,
  "दान": 2,
  "दावा": -1,
  "दाह": -2,
  "दिलगिरी": -1,
  "दिलगीर आहोत": -1,
  "दिलासा देणारा": 2,
  "दिवाळखोर": -2,
  "दिवाळखोरी": -3,
  "दिशाभूल": -3,
  "दीन": -3,
  "दु:": -2,
  "दु: ख": -2,
  "दु: ख कमी": 3,
  "दु: ख झाले": -2,
  "दु: ख देतो": -3,
  "दु: ख व्यक्त करणारे": -2,
  "दु: ख व्यक्त करणे": -3,
  "दु: ख सहन": -2,
  "दु: खाचा": -2,
  "दु: खी": -2,
  "दु: खे": -2,
  "दुःख": -2,
  "दुःखदायक": -2,
  "दुःखी": -2,
  "दुःखी करणे किंवा होणे": -2,
  "दुखणे": -2,
  "दुखविणे": -2,
  "दुखापत": -2,
  "दुखायला": 4,
  "दुखी": -2,
  "दुरावलेपण": -2,
  "दुरुपयोग": -3,
  "दुरूस्त": -2,
  "दुर्गंधी": -2,
  "दुर्दैव": -2,
  "दुर्दैवी": -2,
  "दुर्दैवी ठरते आहे": -1,
  "दुर्बलांना छळणे": -2,
  "दुर्लक्ष": -2,
  "दुर्लक्ष केले": -2,
  "दुर्लक्षित": -2,
  "दुष्काळ": -2,
  "दुष्काळी": -2,
  "दुष्ट": -2,
  "दुष्परिणाम": -2,
  "दुसयांना फसवण्याची कला": -2,
  "दुसऱ्याच्या भावनांची कदर न करणारा": -2,
  "दुहेरी उपयोगाची": 2,
  "दूषित": -2,
  "दृष्टान्त": 1,
  "दृष्टी": 1,
  "दृष्टीदोष": -2,
  "देखणा": 3,
  "देखिल": 1,
  "देणगी": 2,
  "देणे": -1,
  "देणे घेणे नाही": -2,
  "देण्यात": 3,
  "देव": 1,
  "देवाची उपासना केली": 3,
  "देवाला": -1,
  "देशद्रोह": -3,
  "देशातून हद्दपार करणे": -2,
  "देशोधडीस": -2,
  "दैव": 2,
  "दैवी सामर्थ्य": 2,
  "दोन प्रयोग": 2,
  "दोरीचा": -1,
  "दोलायमान": 3,
  "दोष": -3,
  "दोष देणे": -2,
  "दोषी": -2,
  "द्या": -1,
  "द्रष्टा": 3,
  "द्वेष": -3,
  "धंदेवाईक": -2,
  "धक्का": -3,
  "धक्का बसला,": -2,
  "धक्कादायक": -2,
  "धडकी भरवणारा": -3,
  "धततेरी": -3,
  "धन्यवाद": 2,
  "धपकन": -2,
  "धमकी": -2,
  "धमक्या": -2,
  "धरला": -1,
  "धरू नये": -1,
  "धर्मादाय": 2,
  "धा रूप": -2,
  "धाकदपटशा दाखविणे": -2,
  "धाडसी": 1,
  "धाडसी वृत्तीचा": 2,
  "धाव": -2,
  "धास्तावलेला": -2,
  "धास्ती": -2,
  "धिटाई": 2,
  "धीट": 2,
  "धीर खचला": -2,
  "धूप": -2,
  "धूर व धुके यांचे मिश्रण": -2,
  "धूसर": -2,
  "धैर्य": 2,
  "धैर्याने": 2,
  "धोका": -2,
  "धोकादायक": -2,
  "धोक्यात": -2,
  "ध्यान": 1,
  "ध्येयवादी नायक": 2,
  "न जुळणारी": 1,
  "न जुळणे": -2,
  "न विकलेले": -1,
  "न स्वीकारलेले": -2,
  "नंदनवन": 3,
  "नकटे": -2,
  "नकळत": -2,
  "नकार": -1,
  "नकार दिला": -2,
  "नकारही": -3,
  "नकारात्मक": -2,
  "नकारात्मकता": -2,
  "नकोसा झाला": -2,
  "नकोसा वाटणारा": -3,
  "नक्षलग्रस्त": -2,
  "नफा": 2,
  "नफ्यावर": 2,
  "नमस्कार": 2,
  "नम्र": 1,
  "नयनरम्य": 2,
  "नरक": -4,
  "नशिबात": -2,
  "नशीब": 3,
  "नशीबवान": 3,
  "नष्ट": -3,
  "नसत्या चौकशी करणारा": -2,
  "नसा": -1,
  "नाकारताना": -1,
  "नाकारतो": -1,
  "नाकारला": -2,
  "नाकारले": -1,
  "नाकारीत": -2,
  "नाकारू": -2,
  "नाकेबंदी": -2,
  "नाडला गेलेला": -2,
  "नापसंत": -2,
  "नापसंती": -2,
  "नामंजूर": -2,
  "नायक": 2,
  "नाराज": -2,
  "नाराजी": -2,
  "नालायक": -2,
  "नाविन्यपूर्ण": 2,
  "नावीन्यपूर्ण": 1,
  "नाश": -3,
  "नासधूस": -2,
  "नाही": -2,
  "नाहीशी झाली": -1,
  "नि: स्वार्थी": 2,
  "निःपक्षपाती": 2,
  "निःस्वार्थ": 2,
  "निकाल": -1,
  "निघाला": -2,
  "निचरा": -2,
  "निद्रानाश": -2,
  "निफ्टी": 2,
  "निमित्त": -1,
  "निरक्षरता": -2,
  "निरर्थक": -2,
  "निरस्त": -1,
  "निराकरण": 1,
  "निराधार": -2,
  "निराश": -3,
  "निराशा": -1,
  "निराशाजनक": -2,
  "निराशावादी": -2,
  "निराशावादी दृष्टिकोण": -2,
  "निराशेचा उदगार": -3,
  "निराशेने": -3,
  "निरुत्साही": -3,
  "निरुपयोगी": -2,
  "निरोगी": 2,
  "निर्जीव": -1,
  "निर्णय": -1,
  "निर्णायक": -1,
  "निर्दोष": 2,
  "निर्दोष ठरवणे": 2,
  "निर्दोष मुक्तता": 2,
  "निर्धारित": 2,
  "निर्बंध": -2,
  "निर्भय": 2,
  "निर्माण होत": -1,
  "निलंबित": -1,
  "निवारक": -2,
  "निविदा": 2,
  "निश्चल": 2,
  "निश्चिंत": 1,
  "निषिद्ध": -2,
  "निषेध": -2,
  "निष्कलंक": 2,
  "निष्काळजी": -2,
  "निष्क्रियता": -2,
  "निष्क्रीय": -1,
  "निष्क्रीयपणे": -1,
  "निष्ठा": 3,
  "निष्ठावंत": 3,
  "निष्ठूरपणे": -2,
  "निष्फळ": -2,
  "नुकसान": -3,
  "नेतृत्व": 1,
  "नैतिक": 2,
  "नैराश्यपूर्ण": -2,
  "नैसर्गिक": 1,
  "नॉनमंजूर": -2,
  "न्याय": 2,
  "न्याय्य": 2,
  "न्याय्य रीतीने": 2,
  "न्यूनगंड असलेला": -2,
  "प.पू.": 2,
  "पक्षपाती": -2,
  "पटकन": 2,
  "पटवणे": 1,
  "पठाणला": -1,
  "पडणे": 2,
  "पडला": -2,
  "पण तथ्य": -4,
  "पण सध्या काही प्रकल्पांची": -1,
  "पणे": -2,
  "पदक": 3,
  "पद्धतशीर": 2,
  "पद्धतशीरपणे": 2,
  "परवानगी": 1,
  "पराभव": -1,
  "पराभव केला": -2,
  "परिणामकारकता": 2,
  "परिपूर्ण": 3,
  "परिवार": 2,
  "परोपकार": 3,
  "परोपकाराची": 2,
  "पर्याय": 3,
  "पळून जातो": -1,
  "पश्चात्ताप": -2,
  "पसंत केला": 2,
  "पाठोपाठच्या": 3,
  "पाणउतारा": -3,
  "पाणी": -2,
  "पाण्यात बुडून मरणे": -2,
  "पाप": 1,
  "पाप करायला प्रवृत्त करतो": -2,
  "पापांची": -2,
  "पापी": -3,
  "पायचीत": -2,
  "पावसाळी": -1,
  "पीडा": -3,
  "पुढे ढकलणे": -1,
  "पुढे ढकलण्याचा": -1,
  "पुढे ढकलण्यात": -1,
  "पुढे ढकलू": -1,
  "पुनर्संचयन": 1,
  "पुनर्संचयित": 1,
  "पुन्हा चालू": 2,
  "पुन्हा विमा उतरवणे": 1,
  "पुरळ": -2,
  "पुरस्कार": 3,
  "पुरस्काराने सन्मानित": 2,
  "पुरस्कृत": 2,
  "पुरेसा": 1,
  "पुसून": -2,
  "पूजा करणे": 3,
  "पूर्ण": 2,
  "पूर्ण फजिती": -3,
  "पूर्ण मूर्खपणा": -4,
  "पूर्णपणे दुर्लक्ष करणारा": -2,
  "पूर्वी कधी": -2,
  "पॅनिक": -3,
  "पेच": -2,
  "पैसे काढणे": -3,
  "पोकळ": -1,
  "पोचा": -2,
  "पोटात पाय शिरणे": -2,
  "पोटॅशिअम": -2,
  "पोरकट": -2,
  "पोस्ट अत्यंत क्लेशकारक": -2,
  "पोहचवतो": -1,
  "पोहोचण्याचा": 1,
  "पोहोचत": 1,
  "पोहोचते": 1,
  "प्यालेले": -2,
  "प्रकारची": 2,
  "प्रकाशमय": 2,
  "प्रक्रिया": -1,
  "प्रक्रियेवर विपरीत": -2,
  "प्रक्षुब्ध": -3,
  "प्रखर": 1,
  "प्रगत": 1,
  "प्रगती": 2,
  "प्रगतीत अडथळा निर्माण": -2,
  "प्रचंड": 4,
  "प्रचार": -2,
  "प्रणय": 2,
  "प्रतिकूल": -2,
  "प्रतिक्रिया": -2,
  "प्रतिफळ भरून पावले": 2,
  "प्रतिबंध करणे": -1,
  "प्रतिबंधात्मक": -1,
  "प्रतिबंधित": -1,
  "प्रतिबंधित करते": -1,
  "प्रतिभा": 2,
  "प्रतिष्ठा": 3,
  "प्रतिष्ठित": 2,
  "प्रतिष्ठीत": 2,
  "प्रतिसाद": 2,
  "प्रत्येक प्रसंगी काहीतरी गडबड": 3,
  "प्रदीप्त करणे": -2,
  "प्रदूषण": -2,
  "प्रदूषित": -2,
  "प्रभावित": 3,
  "प्रभावी": 2,
  "प्रभावी व्यक्ती": 3,
  "प्रभावीत": -1,
  "प्रभावीपणे": 2,
  "प्रमुख": 2,
  "प्रलंबीत": -1,
  "प्रवासातील": 2,
  "प्रशंसनीय": 3,
  "प्रशंसा": 2,
  "प्रशस्त": 1,
  "प्रसन्न": 2,
  "प्रसार": 1,
  "प्रसिद्ध": 2,
  "प्रसिध्द झाले": -2,
  "प्राणघातक": -3,
  "प्राणघातक शस्त्र": -2,
  "प्रात्यक्षिक": -1,
  "प्राप्त": 2,
  "प्रामाणिक": 2,
  "प्रामाणिकपणा": 2,
  "प्रामाणिकपणे": 2,
  "प्रार्थना": 1,
  "प्रावीण्य": 3,
  "प्रिय": 3,
  "प्रेत": -1,
  "प्रेम": 3,
  "प्रेम करतो": 3,
  "प्रेमभाव व्यक्त करणारा": 3,
  "प्रेमयाचना": 3,
  "प्रेमळ": 3,
  "प्रेमळपणा": 2,
  "प्रेमासाठी वेडा झालेला": 2,
  "प्रेरणा": 2,
  "प्रेरणा देणारे": 2,
  "प्रेरणा मिळते": 2,
  "प्रेरणादायी": 3,
  "प्रेरित": 2,
  "प्रोत्साहन": 2,
  "प्रोत्साहन देते": 1,
  "प्रौढ": 2,
  "फकिन": -4,
  "फक्त": -2,
  "फरारी": -2,
  "फळे": -2,
  "फसफसणारी दारु": 3,
  "फसवणूक": -2,
  "फसवणूक करणारा": -3,
  "फसवणूक करणारे": -4,
  "फसवणे": -2,
  "फसवा": -4,
  "फसवा आहे": -4,
  "फसवू": -3,
  "फसवून": -2,
  "फाजील ताण पडलेला": -3,
  "फाजील धीट": 2,
  "फाटलेल्या": -2,
  "फायदा": 2,
  "फायदे": 2,
  "फायद्याचे": 2,
  "फार त्रास": -2,
  "फार वाईट वाटले": -2,
  "फालतूगोष्ट": -4,
  "फासा": -2,
  "फिट": 1,
  "फिटनेस": 1,
  "फिर्याद दाखल केली": -2,
  "फिर्यादी": -1,
  "फुकट": 1,
  "फुगलेला": -1,
  "फुले": -2,
  "फुसका ठरलेला बॉंब": -2,
  "फूट पाडणारा": -2,
  "फॅसिस्ट": -2,
  "फेटाळले": -2,
  "फेपऱ्याची झटका": -3,
  "फेरफार": -1,
  "फोन": -2,
  "फ्लू": -2,
  "बंड": -2,
  "बंडखोर": -2,
  "बंद": -1,
  "बंद पडलेल्या": -1,
  "बंदी": -2,
  "बंदीवान": 3,
  "बक्षिसे": 2,
  "बचत": 1,
  "बचाव": 2,
  "बचावफळी": 2,
  "बढती": 1,
  "बढाईखोर": -2,
  "बतावणी": -1,
  "बदनाम": -2,
  "बदला": -2,
  "बद्धकोष्ठता": -2,
  "बधिर": -1,
  "बनवू": 1,
  "बनावट": -3,
  "बलात्कार": -4,
  "बलात्काराची": -4,
  "बळकटी": 1,
  "बळकटीकरण": 2,
  "बळजबरी": -2,
  "बळजबरीने": -3,
  "बळी": -3,
  "बळीचा बकरा": -2,
  "बहिष्कार": -2,
  "बहिष्कार टाकला": -2,
  "बांधिलकी": 2,
  "बाद": -2,
  "बाधित": -2,
  "बाब": 1,
  "बायस": -1,
  "बालकाचे अपहरण": -2,
  "बाला": -3,
  "बालिश": -2,
  "बावळट": -4,
  "बाहेर घालवणे": -1,
  "बाहेर टाकणे": -2,
  "बिघडलेला": -2,
  "बिघडलेले कार्य": -2,
  "बिघडवणे": -2,
  "बिनधास्त": 3,
  "बीभत्सता": -2,
  "बुडून": -2,
  "बुद्धिमान": 2,
  "बॅक्ड": 1,
  "बेकायदेशीर": -3,
  "बेकायदेशीरपणे": -3,
  "बेकारी": -2,
  "बेघर": -2,
  "बेचव": -2,
  "बेचैन": -2,
  "बेजबाबदार": -2,
  "बेजबाबदारपणे": -2,
  "बेपर्वा": -2,
  "बेरोजगार": -1,
  "बेलआउट": -2,
  "बॉम्ब": -1,
  "बोजा": -2,
  "बोध": -2,
  "बोलणार": -3,
  "बोलतोयस मंदार": 3,
  "ब्राइटनेस": 1,
  "ब्लॅकमेल": -3,
  "ब्लॉक": -1,
  "भंग": -2,
  "भक्ती": 2,
  "भन्नाट": -2,
  "भय": -2,
  "भयंकर": -2,
  "भयंकर रोगराई": -3,
  "भयभीत झालेला": -2,
  "भयानक": -2,
  "भर": -2,
  "भरघोस": 4,
  "भरून न येणारा": -2,
  "भलत्याच ठिकाणी ठेवणे": -2,
  "भव्य": 3,
  "भव्य स्वागत": 2,
  "भांडण": -2,
  "भाग": -1,
  "भाग्यवान": 2,
  "भावना": 1,
  "भासवत": -1,
  "भितीदायक": -2,
  "भित्रा": -2,
  "भीती": -2,
  "भीती वाटायला लागली": -2,
  "भीतीदायक": -3,
  "भीतीने थरथर कापत": -2,
  "भीषण": -2,
  "भुताने": -3,
  "भूक": -2,
  "भूकंपाचे धक्के": -2,
  "भूत": -1,
  "भेट": 2,
  "भेटेल": -2,
  "भेदभाव": -2,
  "भेसूर": -2,
  "भोक": -2,
  "भोळसटपणा": -2,
  "भोवती गर्दी": -2,
  "भोवळ": -2,
  "भोसकले": -2,
  "भ्याडपणाचा": -2,
  "भ्यालेले": -3,
  "भ्रष्ट": -3,
  "भ्रष्टाचा": -3,
  "भ्रष्टाचार": -3,
  "भ्रामक": -3,
  "मंजूर": 2,
  "मंत्रमुग्ध": 3,
  "मंद": -2,
  "मक्तेदारी मिळविणे": -2,
  "मग्न": 1,
  "मजबूत": 2,
  "मजा": 4,
  "मजेत गाणे म्हणणे": -2,
  "मजेदार": 4,
  "मजेशीर": 4,
  "मठ्ठ": -3,
  "मतभेद": -2,
  "मता": 1,
  "मत्सर": -1,
  "मत्सरी": -2,
  "मदत": 2,
  "मदत करते": 2,
  "मधुर": 3,
  "मधूर": 3,
  "मध्यस्थीमुळे": -3,
  "मध्ये कॅशिंग": -2,
  "मन दुखावले": -2,
  "मन वळवणे": 2,
  "मनस्ताप": -2,
  "मना": -1,
  "मनातून काढून टाकणे": -1,
  "मनापासून": 3,
  "मनावर बिंबवणे": -2,
  "मनोधैर्य खच्ची करणे": -2,
  "मनोरंजक": 2,
  "मनोरंजन करणे": 3,
  "मरण": -3,
  "मरण पावला": -3,
  "मर्जी": 2,
  "मर्दपणाचे": 3,
  "मर्यादा": -1,
  "मर्यादित": -1,
  "मळी": -3,
  "महत्त्व": 2,
  "महत्त्व कमी करणे": -2,
  "महत्त्वाची": 2,
  "महत्व": 1,
  "महत्वाकांक्षी": 2,
  "महत्वाचा आहे": -3,
  "महत्वाचे": 2,
  "महाग": -2,
  "महादजी": -2,
  "महान": 3,
  "महान संभोग": 4,
  "महाभियोग": -3,
  "मांजर": -5,
  "मांडले": -2,
  "मागणी": -1,
  "मागण्या": -1,
  "माघार": -1,
  "माणूस": -4,
  "मात": 3,
  "मादक": 3,
  "मादरचोद": -5,
  "मानवी": 2,
  "मानहानी": -2,
  "मान्य": -1,
  "मान्यता": 2,
  "मान्यता देणे": 2,
  "मान्यताप्राप्त": 2,
  "माफ": -1,
  "माफी": -1,
  "माफी मागितली": -1,
  "मारणारा": -4,
  "मारले": -1,
  "मालमत्ता": 2,
  "मिठी": 2,
  "मिठ्या": 2,
  "मित्र": 1,
  "मित्रत्व": 2,
  "मिळविण्यापासून": 2,
  "मिळाल्यावर": 1,
  "मिळेल": 2,
  "मुका": -3,
  "मुक्त करणे": 2,
  "मुक्त केले": 2,
  "मुदतपूर्व बंद": -2,
  "मुद्दा बिनतोड": 2,
  "मुद्रण नियंत्रक": -2,
  "मुर्ख": -3,
  "मुलगाऑफएककुत्री": -5,
  "मुळीच आवडत नाही": -2,
  "मूडी": -1,
  "मूर्ख": -3,
  "मूर्ख माणूस": -4,
  "मूर्खपणा": -3,
  "मूर्खपणाचा": -3,
  "मूर्खपणाचे": -3,
  "मूर्खासारख्या": -1,
  "मूळ नसलेली": -2,
  "मूळनिवासी": -2,
  "मृत": -2,
  "मृत्यू": -3,
  "मृत्यूशी झुंज देत": -2,
  "मेटाकुटीस": -3,
  "मैत्री": 2,
  "मोठा": 1,
  "मोठा कोनाडा": -2,
  "मोठे": 3,
  "मोठेपण": 2,
  "मोठ्याने ओरडून म्हणाला": -2,
  "मोठ्याने हसणे": 3,
  "मोडणे": -2,
  "मोडण्यासाठी": -2,
  "मोडता": -2,
  "मोडला": -2,
  "मोहक": 1,
  "मोहकपणे": 3,
  "मोहित": 2,
  "मोहिनी": 3,
  "म्हटलं,": -2,
  "म्हणणे": -2,
  "यंत्रसामुग्री": -2,
  "यश": 2,
  "यशस्वी": 3,
  "यशस्वीरित्या": 3,
  "यशामुळे हर्षभरीत": 3,
  "या भूकंपाचा धक्का": -2,
  "या वाक्यावर": -2,
  "यांची क्षमा": 2,
  "यांना संघातून वगळण्यात": -1,
  "याची खात्री": 1,
  "याची खात्री पटते": 1,
  "यात काही शंका": -1,
  "यातच": 3,
  "यातना": -4,
  "यातनामय": -3,
  "युद्ध": -1,
  "युनिफाइड": 1,
  "युवा": -1,
  "येणार": -4,
  "येशू": 1,
  "योग्य": 2,
  "योग्य दिशेने": 3,
  "योनीमुख": -5,
  "रक्तरंजित": -3,
  "रडणे": -2,
  "रडत": -2,
  "रडा": -2,
  "रत्न": 3,
  "रत्नजडित": 1,
  "रद्द": -1,
  "रद्द झालेला": -2,
  "रद्द न करता": -1,
  "रवानगी": -2,
  "रसिकांनी": 2,
  "राखाडी": -1,
  "राग": -2,
  "रागाने धुमसत असलेला": -2,
  "रागावले": -2,
  "रागावले हे आपणांला कळते": -2,
  "राजकीय वाद": -2,
  "राजगुरूंच्या या धारिष्ट्यास काही": 2,
  "राजद्रोह": -2,
  "राजद्रोहाचा": -2,
  "राजीनामा": -1,
  "राजीनामा दिला": -1,
  "रात्री घरफोडी करणारा": -2,
  "रानटी": -2,
  "रास्त": 2,
  "राहात": -2,
  "रिकामा": -1,
  "रिक्त": -1,
  "रुग्ण": -2,
  "रुग्णालयात दाखल": -2,
  "रुळांवरून": -2,
  "रूळावरून": -2,
  "रोग": -1,
  "रोगप्रतिकार": 1,
  "रोगाचे स्वरूप": -3,
  "रोपाची वाढ खुंटविली": -2,
  "रोमांचक": 3,
  "लंगडे": -2,
  "लक्झरी": 2,
  "लक्ष केंद्रित": 2,
  "लक्ष विचलित": -2,
  "लक्षणीय": 1,
  "लखलखीत": 3,
  "लगावणे": -2,
  "लघवी": -4,
  "लघवी करणे": -4,
  "लज्जास्पद": -2,
  "लढणे": -1,
  "लढत": -2,
  "लढले": -1,
  "लढा": -1,
  "लढाई": -1,
  "लपवत": -1,
  "लपवा": -1,
  "लपविला": -1,
  "लपवून ठेवले": -1,
  "लपायची जागा": -1,
  "लफडे": -3,
  "लबाडी": -2,
  "लबाडीचा": -2,
  "लहर": -2,
  "लहरी": 1,
  "लहानsightedness": -2,
  "लागणा": 3,
  "लागू": -1,
  "लाच": -3,
  "लाज": -2,
  "लाज वाटली": -2,
  "लाजाळू": -1,
  "लाजीरवाणी": -2,
  "लादणे": -1,
  "लाभ": 2,
  "लावला": -1,
  "लीक": -1,
  "लुटणे": -2,
  "लुब्ध": 3,
  "लूटालूट": -2,
  "लेखन": -2,
  "लैंगिक": -2,
  "लॉबिंग": -2,
  "लॉबी": -2,
  "लोकप्रिय": 3,
  "लोभ": -3,
  "लोभी": -2,
  "वंचित": 2,
  "वंशविद्वेष": -3,
  "वगळण्याची": -1,
  "वगळताना": -1,
  "वगळले": -2,
  "वचन दिले": 1,
  "वचनबद्ध": 1,
  "वर दाखवतोच": -3,
  "वरिष्ठ": 2,
  "वर्णद्वेष": -3,
  "वळवल्याचा": -1,
  "वस्तुत:": -2,
  "वस्तू": 1,
  "वाईट": -3,
  "वाईट कृत्य करणारा": -2,
  "वाईट गोष्टी": -1,
  "वाईट नशीब": -2,
  "वाईट रीतीने": -3,
  "वाईट वागणूक": -2,
  "वाचतो": 2,
  "वाट पाहणे": -1,
  "वाटलं": -3,
  "वाटेतच": -2,
  "वाढ": 1,
  "वाढत्या": 1,
  "वाढला": 1,
  "वाढवणे": 1,
  "वाढविणे": 1,
  "वाढवितो": 1,
  "वाद": -2,
  "वादंग": -2,
  "वादग्रस्त": -2,
  "वादळी": -3,
  "वानर विष्टा": -3,
  "वाया": -2,
  "वाया घालवणे": -2,
  "वारंवार प्रकट": -1,
  "वाळीत टाकणे": -2,
  "विकार": -2,
  "विकृत": -2,
  "विकृती": -2,
  "विचक्षण": -2,
  "विचलित": -2,
  "विचित्र": -2,
  "विजय": 4,
  "विजयी": 3,
  "विजयी म्हणून आनंदी": 3,
  "विजयोत्सव": 4,
  "विजेता": 2,
  "विजोड": -2,
  "विडंबन": -2,
  "विणकराचा माग": -1,
  "विदूषक": -2,
  "विधवा झालेली किंवा विधुर झालेला": -1,
  "विध्वंसक": -2,
  "विनयशील": 2,
  "विनाशक": -2,
  "विनोद": 2,
  "विनोदी": 2,
  "विपर्यास करणे": -2,
  "विफल": -2,
  "विरामचिन्हे": -1,
  "विरोध": -2,
  "विरोधाभास": -1,
  "विरोधाभास अलंकार": -1,
  "विरोधी": -2,
  "विलंब": -1,
  "विलक्षण": 4,
  "विलक्षण आश्चर्यचकित": 3,
  "विवादित": -2,
  "विवेक": 2,
  "विवेकी": 2,
  "विशेष": 2,
  "विश्वसनीय": 2,
  "विश्वसनीयता": 2,
  "विश्वसनीयरित्या": 2,
  "विश्वस्त व्यवस्थांचे": 1,
  "विश्वास": 2,
  "विश्वास न ठेवणे": -2,
  "विश्वासघात": -3,
  "विश्वासघात करणे": -3,
  "विश्वासु": 2,
  "विश्वासू": 3,
  "विष": -2,
  "विषयाकडे तसे गांभीर्याने पाहिलेले": -3,
  "विषाद": -1,
  "विषारी": -3,
  "विसंगत": -2,
  "विसरला": -1,
  "विसरले": -1,
  "विसराळू": -2,
  "विसरू": -1,
  "विस्कळित": -2,
  "विस्कळीत": -2,
  "विस्तृत": 1,
  "वीट": -3,
  "वृद्धी करणारा": -2,
  "वेगळ्या": -1,
  "वेगळ्या नजरेने बघितले": -2,
  "वेड": 2,
  "वेडा": -2,
  "वेडापिसा": -1,
  "वेडेपणा": -3,
  "वेड्यासारखा": -3,
  "वेदना": -2,
  "वेदना व्यक्त करणारा": -3,
  "वेदनाकारक": -2,
  "वेदनादायक": -2,
  "वेळ निघून जाणे": -1,
  "वेश्या": -4,
  "वैचारिक दिवाळखोरी": -2,
  "वैध": 1,
  "वैरभाव": -2,
  "व्यंग": -2,
  "व्यत्यय": -2,
  "व्यत्यय आणू": -2,
  "व्यस्त": 1,
  "व्याकूळ": -3,
  "व्याज": 1,
  "व्यापक": 2,
  "व्याभिचारिणी": -5,
  "व्वा": 4,
  "व्हाईटवॉश": -3,
  "शंका": -1,
  "शंकेखोर": -3,
  "शक्तिमान": 2,
  "शक्तिशाली": 2,
  "शक्ती": 2,
  "शक्यता": 2,
  "शत्रू": -2,
  "शपथ": -2,
  "शपथविधी": -2,
  "शरीराला झालेली जखम": -3,
  "शांत": 2,
  "शांतता": 2,
  "शांततेत": 2,
  "शाप": -1,
  "शापित": -4,
  "शाश्वत": 2,
  "शासनाच्या आदेशानुसार": -2,
  "शिंक": -2,
  "शिंका": -2,
  "शिंका येणे": -2,
  "शिक्षण नाकारतो": -2,
  "शिक्षा": -3,
  "शिक्षा देणे": -2,
  "शिक्षा सुनावण्यात": -2,
  "शिक्षेचे": -2,
  "शिताफीने": 2,
  "शिफारस": 2,
  "शिवीगाळ": -3,
  "शिश्न चोखणारी": -5,
  "शिष्टाचार": 2,
  "शीतकरण": -1,
  "शुद्ध": 1,
  "शुध्द": 1,
  "शुभेच्छा": 1,
  "शुल्क": -2,
  "शून्यता": -1,
  "शूर": 3,
  "शूरपणे": 3,
  "शेअर": 1,
  "शेताची हद्द दाखवणारी खूण": 2,
  "शेवटचे टोक": -3,
  "शॉक": -2,
  "शोक": -2,
  "शोकांतिका": -2,
  "शोकांतिकेचा": -2,
  "शोध": 1,
  "शोभणे": 2,
  "शोषण": -2,
  "शोषून घेणे": -3,
  "शौर्य": 3,
  "श्रीमंत": 2,
  "षंढ": -2,
  "संकट": -3,
  "संकटमय": -3,
  "संकटे": -2,
  "संकुचित": -2,
  "संकेतस्थळांवर सादर केला तर": -2,
  "संक्रमण": -2,
  "संक्रमित": -2,
  "संक्षिप्त": -2,
  "संघर्ष": -2,
  "संतप्त": -3,
  "संतप्त होणे": -2,
  "संताप": -2,
  "संताप आणणे": -2,
  "संतापलेली": -1,
  "संतुलित": 1,
  "संदिग्ध": -2,
  "संधी": 2,
  "संपणारा": -3,
  "संपत": -2,
  "संपत्ती": 2,
  "संपन्न": 3,
  "संबंधित": -2,
  "संभव": -1,
  "संभावना": 1,
  "संभोग": -4,
  "संभोग करणारा": -4,
  "संमती": 2,
  "संमतीने": 2,
  "संयुक्त": 1,
  "संरक्षण": 1,
  "संरक्षित": 1,
  "संवेदनशील": 2,
  "संशयखोर वृत्ती": -2,
  "संशयवादी": -2,
  "संशयास्पद": -2,
  "संशयित": -1,
  "संशोधनांना": 1,
  "संसर्ग": -2,
  "संसर्गजन्य": -2,
  "संस्कार": 2,
  "संस्मरणीय": 1,
  "सकारात्मक": 2,
  "सक्त ताकीद": -2,
  "सक्रिय": 1,
  "सक्षम": 2,
  "सक्षमीकरण": 2,
  "सट्टेबाजीचा": -2,
  "सणाच्या": 2,
  "सत्तेवर": 1,
  "सत्यापित": 1,
  "सदाहरित": 2,
  "सदोष": -3,
  "सदोष मनुष्यवध": -3,
  "सद्गुणी": 2,
  "सद्भावना": 3,
  "सन्मान": 2,
  "सबंध": -3,
  "सभ्य": 2,
  "सभ्य टाळ्यांचा": 2,
  "समज": -2,
  "समतोल": -2,
  "समर्थक": 1,
  "समर्थन": 2,
  "समर्थन करणे": 2,
  "समर्थन पुरवित नाही": 2,
  "समर्थित": 2,
  "समर्पण": 2,
  "समर्पित": 2,
  "समस्या": -2,
  "समाधानी": 2,
  "समालोचन": -2,
  "समीक्षक": -2,
  "समृद्धी": 3,
  "सरळ": 1,
  "सर्जनशील": 2,
  "सर्वव्यापी": 2,
  "सर्वात कमी": -1,
  "सर्वे": 1,
  "सर्वोच्च": 4,
  "सर्वोत्तम": 3,
  "सर्वोत्तम उद्गार": 4,
  "सलाम": 1,
  "सल्ला दिला": 1,
  "सवलतीच्या": -1,
  "सहज लक्षात": 2,
  "सहजतेने": 2,
  "सहनशील": 2,
  "सहमत": 1,
  "सहानुभूती": 2,
  "सहाय्यकर्ते": 2,
  "सहिष्णुता": 2,
  "सहेतुक": -2,
  "सांगलीत": -1,
  "सांत्वन": 2,
  "सांसर्गिक": -1,
  "साकारल्या": 1,
  "साखर": 3,
  "साजरा": 3,
  "साजरा करणे": 3,
  "साजरा केला जातो": 3,
  "साजेसा": 2,
  "सातत्याने": 2,
  "साधा": -2,
  "साधाभोळा": -2,
  "साधेपणा": 1,
  "साध्य": 1,
  "सापळा": -1,
  "सापळे": -1,
  "साफ": 1,
  "सामर्थ्य": -2,
  "सामान्यपणा": -3,
  "सामायिक": 1,
  "सामील": 1,
  "सारखे": 2,
  "सारखे करू नका": -2,
  "सारासार विचार": 2,
  "सावध": -1,
  "साशंक लोकांना": -2,
  "साहस": 2,
  "सिद्धी": 2,
  "सुंदर": 3,
  "सुंदर संभोग": 4,
  "सुखकारक": 3,
  "सुखसोई": 2,
  "सुखी": 3,
  "सुटका": 2,
  "सुटकेवर": -1,
  "सुटलेला": -1,
  "सुदैवाने": 3,
  "सुधारणा": 2,
  "सुधारणा घडवून आणतो": 1,
  "सुधारणेची": 2,
  "सुधारण्यासाठी": 2,
  "सुधारते": 2,
  "सुधारित": 2,
  "सुनिश्चित": 1,
  "सुपर": 3,
  "सुपीक": 2,
  "सुप्रभात": 1,
  "सुप्रसिद्ध": 3,
  "सुरक्षा": 1,
  "सुरक्षित": 2,
  "सुरक्षित स्थळी हलविण्यात": -1,
  "सुरक्षितपणे": 1,
  "सुरु न होणे": -2,
  "सुरू": 1,
  "सुरेखरीत्या": 2,
  "सुर्यप्रकाश": 2,
  "सुलभ होतं": 1,
  "सुसंवाद": 2,
  "सुस्तावलेला": -2,
  "सुस्ती": -2,
  "सूचित": -2,
  "सूड": -2,
  "सेटलमेंट": 1,
  "सेन्सॉरने": -2,
  "सेवनाने": 1,
  "सैनिक": 2,
  "सैन्याचा धीर खचला": -2,
  "सैल": -3,
  "सोंग": -1,
  "सोई": 2,
  "सोडला": -1,
  "सोडवणे": 1,
  "सोडून": -1,
  "सोडून देते": -1,
  "सोने": 2,
  "सोपविण्यात": 2,
  "सोपे": 1,
  "सौंदर्य": 2,
  "सौम्य": 2,
  "स्टॉप": -1,
  "स्ट्राइक": -1,
  "स्ट्राईकर्स": -2,
  "स्तब्ध": -2,
  "स्तरावरील": 2,
  "स्तुति करीत": 3,
  "स्तुती": 3,
  "स्थान": 2,
  "स्थिर": -1,
  "स्नेहपूर्ण आणि शांत": 2,
  "स्पर्धक": -1,
  "स्पर्धात्मक": 2,
  "स्पष्ट": 2,
  "स्पष्टता": 2,
  "स्पष्टपणे": 2,
  "स्पॅम": -2,
  "स्पॅमर": -3,
  "स्पॅमर्सना": -3,
  "स्मार्ट": 1,
  "स्मित": 2,
  "स्लिप": -1,
  "स्लॅम": -2,
  "स्लॅश": -2,
  "स्वच्छ": 2,
  "स्वत: ची दुरुपयोग": -2,
  "स्वत: ची फसवणूक": -3,
  "स्वत: ची विश्वास": 2,
  "स्वत: ची विसंगत": -2,
  "स्वतंत्र": -1,
  "स्वतःला दोष देत": -2,
  "स्वप्न": 1,
  "स्वप्ने": 1,
  "स्वयंप्रेरित": 2,
  "स्वर्ग दोन बोटे उरणे": 2,
  "स्वर्गीय": 4,
  "स्वस्त": 2,
  "स्वागत": 2,
  "स्वातंत्र्य": 2,
  "स्वादिष्ट": 3,
  "स्वारस्य": 2,
  "स्वार्थ": -3,
  "स्वार्थी": -3,
  "स्वीकार": 1,
  "स्वीकारतो": 1,
  "स्वीकारलेल्या": 1,
  "स्वीकृती": 1,
  "हकालपट्टी": -2,
  "हक्क": 1,
  "हट्टी": -2,
  "हताश": -2,
  "हत्या": -1,
  "हद्दपारी": -2,
  "हनुवटीचा": 3,
  "हपापलेला": 2,
  "हमी": 1,
  "हयात": 2,
  "हर हर": 4,
  "हर्षतिरेकाने": 3,
  "हर्षभरीत": 4,
  "हलक्या प्रतिचा": -5,
  "हल्ला": -1,
  "हल्लेखोरांना": -2,
  "हसणारा": 1,
  "हसत": 2,
  "हसले": 1,
  "हसू": 2,
  "हसून": 4,
  "हा संघर्ष": -2,
  "हा हा": 3,
  "हाकाटी": -2,
  "हात": -2,
  "हाताने करायच्या कामात कुशल": 2,
  "हानी": -3,
  "हानीकारक": -3,
  "हायलाइट": 2,
  "हार्डी": 2,
  "हास्य": 1,
  "हास्यस्पदता": -2,
  "हास्यास्पद": -3,
  "हाहाहा": 4,
  "हिंसक": -3,
  "हिंसा": -3,
  "हिंसासंबंधित": -3,
  "हिणकस": -2,
  "हिरव्या वॉश": -3,
  "हिरव्या वॉशिंग": -3,
  "हिरा": 1,
  "हिरावून": -2,
  "हिरावून घेणे": -2,
  "ही सेवा विनामुल्य": -1,
  "हुशार": 2,
  "हेकेखोरपणा": -2,
  "हेक्टर": 2,
  "हेतुपूर्ण": 2,
  "हेवा": -1,
  "हॉस्पिटलमध्येच आहे ती": -2,
  "हो": -2,
  "होउन": -2,
  "होतय": 2,
  "होय": 1,
  "ह्रदयात जतन": 2,
  "ास": -2,
  "िनराश": -2
}