{
  "Lingkungan loropaken": 2,
  "abdi": -3,
  "abduction": -2,
  "abductions": -2,
  "abhor": -3,
  "abhorred": -3,
  "abhorrent": -3,
  "abhors": -3,
  "aborted": -1,
  "aborts": -1,
  "abot": -2,
  "absentee": -1,
  "absentees": -1,
  "absolve": 2,
  "absolved": 2,
  "absolves": 2,
  "absolving": 2,
  "abuh": -1,
  "abuses": -3,
  "Abusing": -3,
  "acceptance": 1,
  "accolade": 2,
  "accomplishes": 2,
  "accusations": -2,
  "achievable": 1,
  "aching": -2,
  "acquits": 2,
  "acquitting": 2,
  "acrimonious": -3,
  "adil": 2,
  "admired": 3,
  "admiring": 3,
  "admonished": -2,
  "adopts": 1,
  "adored": 3,
  "adores": 3,
  "adoring": 3,
  "adoringly": 3,
  "adventurous": 2,
  "affectionate": 3,
  "affectionateness": 3,
  "affronted": -1,
  "aficionados": 2,
  "agawe": -3,
  "ageng": 1,
  "aggravate": -2,
  "aggravates": -2,
  "aggressions": -2,
  "aggressiveness": -2,
  "aghast": -2,
  "agog": 2,
  "agonises": -3,
  "agonize": -3,
  "agonized": -3,
  "agonizes": -3,
  "agonizing": -3,
  "agreement": 1,
  "agresi": -2,
  "agresif": -2,
  "Ajaib": 4,
  "ajining": 2,
  "ajrih": -2,
  "akale": 2,
  "akeh": 1,
  "akibate": -2,
  "aktif": 1,
  "ala": -3,
  "alam": 1,
  "alané": -3,
  "alangan": -2,
  "alangi": -2,
  "alarmist": -2,
  "alarmists": -2,
  "alas": -1,
  "alergi": -2,
  "alesan": -1,
  "Allah": 1,
  "allegation": -2,
  "altruistic": 2,
  "amal": 2,
  "aman": 2,
  "amazes": 2,
  "amba": 1,
  "ambisi": 2,
  "ambivalent": -1,
  "ambruk": -2,
  "ampun kaya": -2,
  "amuse": 3,
  "amused": 3,
  "amusements": 3,
  "ancaman": -2,
  "anceman": -2,
  "andal": 2,
  "aneh": -1,
  "Angel": -1,
  "angered": -3,
  "angers": -3,
  "anget": 2,
  "anggun": 2,
  "angkara": -3,
  "Angker": -2,
  "anguished": -3,
  "anjog": 2,
  "annoys": -2,
  "antagonis": -2,
  "anteng": 2,
  "anti": -1,
  "antusias": 3,
  "anugerah": 4,
  "Anugrah": 3,
  "apathy": -3,
  "apeshit": -3,
  "API": 2,
  "apik": 4,
  "apik banget": 4,
  "apik tenan": 4,
  "apokaliptik": -2,
  "apologize": -1,
  "appalling": -2,
  "appease": 2,
  "appeases": 2,
  "appeasing": 2,
  "applaud": 2,
  "applauded": 2,
  "applauding": 2,
  "applauds": 2,
  "appreciate": 2,
  "appreciating": 2,
  "apprehensive": -2,
  "apus": -2,
  "apusapusan": -2,
  "ardent": 1,
  "arep": 1,
  "arrogant": -2,
  "arsehole": -4,
  "artine": -2,
  "aset": 2,
  "ashame": -2,
  "asor": 1,
  "assassinations": -3,
  "assaults": -2,
  "assfucking": -4,
  "asshole": -4,
  "astounding": 3,
  "astoundingly": 3,
  "astounds": 3,
  "asu": -5,
  "Ati": -2,
  "atiati": 2,
  "atos": 2,
  "atraksi": 2,
  "atraktif": 2,
  "atrocious": -3,
  "attractively": 2,
  "attractiveness": 2,
  "atur pangapunten": -1,
  "audacious": 3,
  "aura": 1,
  "Avengers": -2,
  "avenges": -2,
  "avenging": -2,
  "averted": -1,
  "averts": -1,
  "awèh pepéling": -2,
  "awet": 2,
  "awon": -3,
  "axed": -1,
  "ayu": 3,
  "bab": 2,
  "babagan": 2,
  "babras": -2,
  "babu": -3,
  "bacin": -2,
  "badass": -3,
  "badness": -3,
  "Bagong": -2,
  "bailout": -2,
  "Bajing buntut pèn utawa": -4,
  "bajingan": -5,
  "bakal ngrusak": -3,
  "Bala": -3,
  "bamboozle": -2,
  "bamboozled": -2,
  "bamboozles": -2,
  "ban": -2,
  "bandha": 2,
  "Bandjor": -2,
  "banget": 3,
  "bangga": 2,
  "bangkrut": -3,
  "banish": -1,
  "bankster": -3,
  "bantuan": 2,
  "barbar": -2,
  "barbarous": -2,
  "bastards": -5,
  "bathi": 2,
  "battling": -2,
  "bayangan": -2,
  "beatific": 3,
  "beautify": 3,
  "beban": -2,
  "bebantahan": -2,
  "bebaya": -2,
  "beboyo": -2,
  "becik": 3,
  "befit": 2,
  "befitting": 2,
  "begalan": -2,
  "begja": -2,
  "Begja": 2,
  "Begjanipun": 2,
  "Bejo": 3,
  "bekas": -2,
  "bekti": -2,
  "benefitted": 2,
  "benefitting": 2,
  "bener": 3,
  "benevolent": 3,
  "bengakbengok": -3,
  "bengokbengok": -2,
  "bentenaken": 2,
  "beracun": -3,
  "bereave": -2,
  "bereaved": -2,
  "bereaves": -2,
  "bereaving": -2,
  "berjuang": -2,
  "berkah": 3,
  "bertentangan": -2,
  "besel": -3,
  "Bias": -1,
  "biaya": -2,
  "bilai": -2,
  "bingung": 3,
  "bisa \"t ngadeg": -3,
  "bisu": -3,
  "bitterest": -2,
  "blackmail": -3,
  "blackmailed": -3,
  "blackmailing": -3,
  "blackmails": -3,
  "blah": -2,
  "blames": -2,
  "Bliss": 3,
  "blissful": 3,
  "blithe": 2,
  "blockbuster": 3,
  "bocor": -1,
  "bodho": -2,
  "boikot": -2,
  "bokong": -4,
  "bolongan": -2,
  "bom": -1,
  "bondho": 2,
  "boosts": 1,
  "boring": -3,
  "boroske": -2,
  "bosen": -2,
  "boten": -2,
  "boten cecek": -2,
  "boten mesthi": -1,
  "boten sae": -1,
  "boten stabil": -2,
  "bothers": -2,
  "bothersome": -2,
  "boycotted": -2,
  "boycotting": -2,
  "boycotts": -2,
  "brainwashing": -3,
  "braveness": 2,
  "bravura": 3,
  "breached": -2,
  "breaching": -2,
  "bribed": -3,
  "bribing": -3,
  "brilliance": 3,
  "brilliances": 3,
  "broken": -1,
  "brooding": -2,
  "brutal": -3,
  "bullied": -2,
  "bullying": -2,
  "bummer": -2,
  "bundhas": -2,
  "bungah": 4,
  "bungahaken": 3,
  "buoyant": 2,
  "burdening": -2,
  "butarepan": -2,
  "butuh": -2,
  "cacad": -2,
  "cacat": -2,
  "calmed": 2,
  "calming": 2,
  "camah": -2,
  "canceling": -1,
  "cancels": -1,
  "canggih": 2,
  "cantik": 1,
  "Capecchi": -1,
  "care": 2,
  "careless": -2,
  "cashing ing": -2,
  "catu": -2,
  "cemburu": -2,
  "cemlorot": 3,
  "cendhek": -2,
  "censored": -2,
  "censors": -2,
  "ceria": 3,
  "cetha": 1,
  "cetho": -1,
  "chagrin": -2,
  "chagrined": -2,
  "championed": 2,
  "charmingly": 3,
  "charmless": -3,
  "chastise": -3,
  "chastises": -3,
  "chastising": -3,
  "cheaters": -3,
  "cheered": 2,
  "cheering": 2,
  "cheerless": -2,
  "Cheers": 2,
  "cherished": 2,
  "cherishing": 2,
  "chide": -3,
  "chided": -3,
  "chides": -3,
  "chiding": -3,
  "childish": -2,
  "chilling": -1,
  "chokes": -2,
  "choking": -2,
  "Chrisye seneng banget": 4,
  "cidra": -3,
  "Cidra": -3,
  "cilaka": -3,
  "cilaka dhewe ing antarane": -1,
  "ciloko": -2,
  "cingak": -2,
  "clarifies": 2,
  "clouded": -1,
  "clueless": -2,
  "cocksucker": -5,
  "cocksuckers": -5,
  "cocog": 2,
  "cocok": 2,
  "coerced": -2,
  "coercion": -2,
  "collapsing": -2,
  "colluding": -3,
  "combats": -1,
  "comfort": 2,
  "commended": 2,
  "competitive": 2,
  "complains": -2,
  "complaint": -2,
  "complicating": -2,
  "complimented": 2,
  "conciliate": 2,
  "conciliated": 2,
  "conciliates": 2,
  "conciliating": 2,
  "condemnation": -2,
  "conflictive": -2,
  "congratulate": 2,
  "consents": 2,
  "consolable": 2,
  "constipation": -2,
  "contagion": -2,
  "contagions": -2,
  "contaminant": -2,
  "contaminate": -2,
  "contaminates": -2,
  "contaminating": -2,
  "contaminations": -2,
  "contemptuous": -2,
  "contemptuously": -2,
  "contender": -1,
  "contestable": -2,
  "convinces": 1,
  "convivial": 2,
  "corrupting": -3,
  "corruption": -3,
  "courageously": 2,
  "courageousness": 2,
  "courteous": 2,
  "coward": -2,
  "coziness": 2,
  "crazier": -2,
  "creative": 2,
  "crestfallen": -2,
  "criminate": -3,
  "criminated": -3,
  "criminates": -3,
  "criticizing": -2,
  "crowding": -1,
  "Crude": -1,
  "crushes": -1,
  "crushing": -1,
  "cunt": -5,
  "curiga": -2,
  "curious": 1,
  "Cut": -1,
  "cutback": -2,
  "cutbacks": -2,
  "cynic": -2,
  "cynical": -2,
  "cynicism": -2,
  "dakkirim": -3,
  "damai": 2,
  "damnit": -4,
  "dandan": 2,
  "daredevil": 2,
  "darmabakti": 2,
  "darurat": -2,
  "dateng": 1,
  "dauntless": 2,
  "David Austin": 3,
  "daya": -3,
  "deadening": -2,
  "deadlock": -2,
  "deafening": -1,
  "dear": 2,
  "debonair": 2,
  "defenseless": -2,
  "deferring": -1,
  "defiant": -1,
  "defisit": -2,
  "deformed": -2,
  "deformities": -2,
  "deformity": -2,
  "defrauds": -3,
  "deft": 2,
  "degrade": -2,
  "degrades": -2,
  "dehumanize": -2,
  "dehumanized": -2,
  "dehumanizes": -2,
  "dehumanizing": -2,
  "deject": -2,
  "dejecting": -2,
  "dejects": -2,
  "delectable": 3,
  "delightfully": 3,
  "delighting": 3,
  "demo": -1,
  "demontran": -2,
  "demoralize": -2,
  "demoralized": -2,
  "demoralizes": -2,
  "demoralizing": -2,
  "dendo": -2,
  "denials": -2,
  "denier": -2,
  "deniers": -2,
  "denounces": -2,
  "dent": -2,
  "deplore": -3,
  "deplored": -3,
  "deplores": -3,
  "deploring": -3,
  "deportasi": -2,
  "deportations": -2,
  "deporting": -2,
  "deports": -2,
  "depressing": -2,
  "derail": -2,
  "derailed": -2,
  "derails": -2,
  "derelict": -2,
  "deride": -2,
  "derided": -2,
  "derides": -2,
  "deriding": -2,
  "desahan": -2,
  "despairing": -3,
  "despondent": -3,
  "deteriorate": -2,
  "detract": -1,
  "detracted": -1,
  "detracts": -1,
  "devastations": -2,
  "devotional": 2,
  "dhendham": -2,
  "dhiri": 2,
  "di ajeni": 2,
  "di senengi": 2,
  "diajeni": 2,
  "diakoni": 2,
  "diakses": 1,
  "diamond": 1,
  "diampuni": 2,
  "diangkat": 2,
  "dianjurake": 2,
  "diantemi": -2,
  "dianugerahi": 3,
  "diapusi": -1,
  "dibalèkaké": 1,
  "dibatalake": -1,
  "diblokir": -1,
  "diboyong": -2,
  "dibukak": 1,
  "dibuwak": -1,
  "dicacat": -3,
  "dickhead": -4,
  "dicolong": -2,
  "diculik": -2,
  "didakwo": -2,
  "didhukung": 2,
  "diduga": -1,
  "dielingake": -2,
  "diffident": -2,
  "diganjar": 2,
  "diganti": 3,
  "digatèkaké": -2,
  "digawe": 1,
  "digawemunggah": -1,
  "digawé sewenangwenang": -2,
  "digeguyu": -2,
  "digugat": -2,
  "digunakke": 1,
  "dihukum": -2,
  "dikarepake": 2,
  "dikunjara": -2,
  "diladeni": -2,
  "dilecehke": -3,
  "dileksanakake": -1,
  "dilereni soko tugas": -1,
  "dilindhungi": 1,
  "dilligence": 2,
  "diombe": -1,
  "dipeksa": -1,
  "dipenjara": -2,
  "dipercaya": 2,
  "diperlokaké": -2,
  "dipoyoki": -2,
  "dipshit": -3,
  "dipun": 1,
  "dipun promosiaken": 1,
  "dipunbebasaken": 2,
  "dipungatosaken": -2,
  "dipunriyayakaken": 3,
  "dipunsebatsebat": -2,
  "dipunsengkuyung": 2,
  "dipuntudhuh": -2,
  "dire": -3,
  "direful": -3,
  "diremehake": -3,
  "dirinci": 1,
  "dirtier": -2,
  "dirtiest": -2,
  "dirudopekso": -4,
  "disabetake": -1,
  "disadvantaged": -2,
  "disagreeable": -2,
  "disagreement": -2,
  "disalahake": -2,
  "disambi": -2,
  "disambut": 1,
  "disappointments": -2,
  "disapprovals": -2,
  "disapproves": -2,
  "disapproving": -2,
  "discard": -1,
  "discarding": -1,
  "discards": -1,
  "disconsolate": -2,
  "disconsolation": -2,
  "discontented": -2,
  "discord": -2,
  "discredited": -2,
  "discriminated": -2,
  "discriminates": -2,
  "Discriminating": -2,
  "discriminatory": -2,
  "disdain": -2,
  "diselani": -2,
  "disenengi": 2,
  "disepelekake": -1,
  "disetujoni": 2,
  "disetujui": 2,
  "disguised": -1,
  "disgustful": -3,
  "disiapake": 1,
  "disillusioned": -2,
  "disimpen": 2,
  "disinclined": -2,
  "disjointed": -2,
  "diskon": -1,
  "dislikes": -2,
  "dismal": -2,
  "disorganized": -2,
  "disoriented": -2,
  "disparage": -2,
  "disparages": -2,
  "disparaging": -2,
  "displeasure": -2,
  "disproportionate": -2,
  "disquiet": -2,
  "disregard": -2,
  "disregarding": -2,
  "disregards": -2,
  "disrespect": -2,
  "disrespected": -2,
  "disrupting": -2,
  "disruptions": -2,
  "disrupts": -2,
  "dissatisfied": -2,
  "distasteful": -2,
  "distorting": -2,
  "distorts": -2,
  "distracts": -2,
  "distressing": -2,
  "distrustful": -3,
  "disturb": -2,
  "disumpahi": -2,
  "disusupi": -1,
  "ditakokake": -1,
  "Ditampa": 1,
  "ditampani": -2,
  "ditanggulangi": 1,
  "ditekan": -2,
  "ditemtokake": 2,
  "dithering": -2,
  "ditolak": -1,
  "ditresnani": 3,
  "ditrima": 1,
  "divalidasi": 1,
  "diwasa": 2,
  "diwatesi": -2,
  "diwehi pangapura": -3,
  "diwenehake": 1,
  "dodging": -2,
  "dodgy": -2,
  "dolorous": -2,
  "donor": 2,
  "Dora": 2,
  "dosa": -2,
  "dosanira": 2,
  "douche": -3,
  "douchebag": -3,
  "dour": -2,
  "downer": -2,
  "downhearted": -2,
  "drags": -1,
  "dread": -2,
  "dreaded": -2,
  "dreading": -2,
  "dreary": -2,
  "droopy": -2,
  "dropped": -1,
  "drown": -2,
  "drowns": -2,
  "drudgery": -2,
  "dubious": -2,
  "dud": -2,
  "duka": -2,
  "dukungan": 2,
  "Dul Sabrang sakanca gelem": -2,
  "dumadi": -4,
  "dumps": -1,
  "dupa": -2,
  "dupe": -2,
  "duped": -2,
  "dupery": -2,
  "duraka": -2,
  "durung dipesthèkaké": -1,
  "duwe bathi": 2,
  "duwe omah": -2,
  "duwe pengareparep": 2,
  "duwe tanggung jawab": -2,
  "duweni": 2,
  "dying": -3,
  "earnest": 2,
  "ease": 2,
  "éca": 3,
  "echo": 3,
  "edan": -2,
  "edhan": -3,
  "eerie": -2,
  "eery": -2,
  "efek samping": -2,
  "efektif": 2,
  "èfèktif": 2,
  "efektifitas": 2,
  "effortlessly": 2,
  "egois": -3,
  "eksklusif": 2,
  "eksploitasi": -2,
  "eksplorasi": 1,
  "elated": 3,
  "elation": 3,
  "elegan": 2,
  "elegantly": 2,
  "elek": -2,
  "emas": 2,
  "embarrasses": -2,
  "embezzlement": -3,
  "embittered": -2,
  "empathetic": 2,
  "endorses": 2,
  "eneg": -3,
  "engages": 1,
  "enggo bareng": 1,
  "enggonku sesambat": -2,
  "engrossed": 1,
  "engrossing": 3,
  "enlighten": 2,
  "enlightened": 2,
  "enlightening": 2,
  "enlightens": 2,
  "ennui": -2,
  "enrage": -2,
  "enrages": -2,
  "enraging": -2,
  "enrapture": 3,
  "enslave": -2,
  "enslaved": -2,
  "enslaves": -2,
  "enterprising": 1,
  "enthrall": 3,
  "entuk": 2,
  "entuk manfaat": 2,
  "envies": -1,
  "envying": -1,
  "enyekan": -2,
  "eri": -2,
  "ErrorUndefined": 1,
  "Escapes": -1,
  "eseman": 2,
  "esteemed": 2,
  "euphoria": 3,
  "euphoric": 4,
  "evacuates": -1,
  "evacuating": -1,
  "evakuasi": -1,
  "Evergreen": 2,
  "evergreening": -3,
  "eviction": -1,
  "éwa": -3,
  "exacerbate": -2,
  "exacerbated": -2,
  "exacerbates": -2,
  "exacerbating": -2,
  "exaggerate": -2,
  "exaggerates": -2,
  "exaggerating": -2,
  "exasparate": -2,
  "exasperated": -2,
  "exasperates": -2,
  "exasperating": -2,
  "excite": 3,
  "exempt": -1,
  "exhilarated": 3,
  "exhilarates": 3,
  "exhilarating": 3,
  "exonerate": 2,
  "exonerated": 2,
  "exonerates": 2,
  "exonerating": 2,
  "expels": -2,
  "expertly": 2,
  "exploitasi": -2,
  "explorations": 1,
  "extremist": -2,
  "extremists": -2,
  "exuberant": 4,
  "exultant": 3,
  "exultantly": 3,
  "fabulously": 4,
  "fad": -2,
  "fag": -3,
  "fagot": -3,
  "fagots": -3,
  "fainthearted": -2,
  "faker": -3,
  "Faking": -3,
  "falsified": -3,
  "falsify": -3,
  "fame": 1,
  "Fantastic": 4,
  "farce": -1,
  "fascinate": 3,
  "fascinated": 3,
  "fascinates": 3,
  "fascists": -2,
  "fasis": -2,
  "fatal": -3,
  "fatigues": -2,
  "fatiguing": -2,
  "favorably": 2,
  "favorit": 2,
  "favorited": 2,
  "favorites": 2,
  "favourited": 2,
  "fearfully": -2,
  "fearlessness": 2,
  "felonies": -3,
  "fertile": 2,
  "fervent": 2,
  "fervid": 2,
  "fiasco": -3,
  "fidgety": -2,
  "finest": 3,
  "fitness": 1,
  "flawlessly": 2,
  "flops": -2,
  "flu": -2,
  "flustered": -2,
  "fokus": 2,
  "fondness": 2,
  "forgettable": -1,
  "frantic": -1,
  "frauds": -4,
  "fraudster": -4,
  "fraudsters": -4,
  "fraudulence": -4,
  "fraudulent": -4,
  "freak": -2,
  "free": 1,
  "friendliness": 2,
  "frikin": -2,
  "frisky": 2,
  "frowning": -1,
  "fruitless": -2,
  "frustasi": -2,
  "ftw": 3,
  "fucked": -4,
  "fucker": -4,
  "fuckers": -4,
  "fuckface": -4,
  "fuckhead": -4,
  "fucking": -3,
  "fucking cute": 4,
  "fucking hot": 2,
  "fucktard": -4,
  "fud": -3,
  "fuked": -4,
  "fuming": -2,
  "fun": 4,
  "funky": 2,
  "gagah": 3,
  "gagal": -2,
  "Gagal": -2,
  "gain": 2,
  "gained": 2,
  "gak cukup": -2,
  "gak oleh pisan": 3,
  "galau": -2,
  "gallantly": 3,
  "gallantry": 3,
  "gamblang": 1,
  "gameganti": 3,
  "gampang": 1,
  "gampang diapusi": -2,
  "gampang nglokro": -1,
  "ganas": -2,
  "ganggu": -2,
  "gangguan": -2,
  "ganjaran": 2,
  "ganteng": 3,
  "Garong": -2,
  "gatel": -2,
  "gawe kaget": -2,
  "gawe kuatir": -3,
  "gawe piala": -2,
  "gawe salah": -3,
  "gaya": 3,
  "gayeng": 2,
  "gedhe": 3,
  "gedhéné": 2,
  "gedhong": -3,
  "geger": -3,
  "gegeran": -2,
  "gela": -2,
  "gelem": -2,
  "gelo": -2,
  "gelut": -2,
  "gem": 3,
  "gemblung": -2,
  "gemeter": -2,
  "gendheng": -2,
  "generously": 2,
  "geni": -2,
  "genial": 3,
  "gerah": -2,
  "gerahfated": -2,
  "geter": -2,
  "gething": -3,
  "getih": -3,
  "getun": -2,
  "Getun": -2,
  "ghastly": -2,
  "giat banget": 2,
  "giddy": -2,
  "giris": -2,
  "glamourous": 3,
  "Glee": 3,
  "gleeful": 3,
  "gloom": -1,
  "gloomy": -2,
  "glum": -2,
  "goblok": -3,
  "goddamn": -3,
  "gojaggajeg": -1,
  "Good news": -2,
  "goofiness": -2,
  "goofy": -2,
  "goroh": -2,
  "gr8": 3,
  "grand": 3,
  "gratification": 2,
  "greenwash": -3,
  "greenwasher": -3,
  "greenwashers": -3,
  "greenwashing": -3,
  "Greetings": 2,
  "greets": 1,
  "grey": -1,
  "gripping": 2,
  "grisly": -2,
  "growths": 2,
  "guilty": -3,
  "gullibility": -2,
  "gumbyang": 2,
  "gumregah": 2,
  "gun": -1,
  "guna": -2,
  "gupuh": -3,
  "guyon": 2,
  "guyonan": 2,
  "ha": 2,
  "hadiah": 2,
  "haha": 3,
  "hahaha": 3,
  "hahahah": 3,
  "hailed": 2,
  "hajat": 3,
  "hallelujah": 3,
  "handpicked": 1,
  "hapless": -2,
  "haplessness": -2,
  "happiest": 3,
  "haram": -3,
  "harasses": -3,
  "harassing": -3,
  "hard": -1,
  "hardier": 2,
  "Hardy": 2,
  "harmed": -2,
  "harming": -2,
  "harmoni": 2,
  "harmonious": 2,
  "harmonis": 2,
  "harms": -2,
  "harried": -2,
  "harsher": -2,
  "harshest": -2,
  "hasil": 2,
  "hasrat": 2,
  "hater": -3,
  "haters": -3,
  "hating": -3,
  "haunt": -1,
  "haunting": 1,
  "haunts": -1,
  "heartbreaking": -3,
  "heartbroken": -3,
  "heartfelt": 3,
  "heartwarming": 3,
  "heavyhearted": -2,
  "hehe": 2,
  "hellish": -2,
  "heroik": 3,
  "hiburan": 3,
  "hideous": -3,
  "homesick": -2,
  "homicides": -2,
  "hooligan": -2,
  "hooliganism": -2,
  "hooligans": -2,
  "hopelessness": -2,
  "hore": 5,
  "horrendous": -3,
  "horrid": -3,
  "horrified": -3,
  "huckster": -2,
  "humbug": -2,
  "humerous": 3,
  "humor": 2,
  "humourous": 2,
  "hysteria": -3,
  "hysterical": -3,
  "hysterics": -3,
  "icky": -3,
  "idin": 2,
  "idiocy": -3,
  "ijo abadi": 2,
  "ikhlas": 2,
  "ilang": -1,
  "ilang munggah": -2,
  "ilegal": -3,
  "imajinatif": 2,
  "iman": 1,
  "imbang": 1,
  "imbecile": -3,
  "immobilized": -1,
  "impairing": -2,
  "impairs": -2,
  "impeachment": -3,
  "impeachments": -3,
  "impede": -2,
  "impeded": -2,
  "impedes": -2,
  "impeding": -2,
  "impedingly": -2,
  "impen": 1,
  "imposing": -1,
  "imposter": -2,
  "impoten": -2,
  "impresses": 3,
  "improperly": -2,
  "imun": 1,
  "imut": 2,
  "inaction": -2,
  "inappropriate": -2,
  "incapacitated": -2,
  "incapacitates": -2,
  "incapacitating": -2,
  "incensed": -2,
  "incenses": -2,
  "incensing": -2,
  "incoherent": -2,
  "incompetence": -2,
  "inconsiderate": -2,
  "indestructible": 2,
  "indicted": -2,
  "indifference": -2,
  "indifferent": -2,
  "indoctrinate": -2,
  "indoctrinated": -2,
  "indoctrinates": -2,
  "indoctrinating": -2,
  "inediable": -2,
  "ineffectively": -2,
  "ineffectual": -2,
  "inefficient": -2,
  "inefficiently": -2,
  "inept": -2,
  "ineptitude": -2,
  "inexcusable": -3,
  "inexorable": -3,
  "infantile": -2,
  "infantilized": -2,
  "infatuated": 2,
  "infatuation": 2,
  "infèksi": -2,
  "infèksius": -2,
  "infest": -2,
  "infested": -2,
  "infests": -2,
  "inflict": -2,
  "inflicted": -2,
  "inflicting": -2,
  "inflicts": -2,
  "infract": -2,
  "infracted": -2,
  "infracting": -2,
  "infracts": -2,
  "infuriates": -2,
  "infuriating": -2,
  "ing dhuwur pesawat": 1,
  "innovates": 1,
  "inoperative": -2,
  "inovasi": 1,
  "inovatif": 2,
  "inquisition": -2,
  "insecure": -2,
  "insensitivity": -2,
  "insipid": -2,
  "insolvent": -2,
  "insomnia": -2,
  "inspirasi": 3,
  "Inspirational": 2,
  "inspires": 2,
  "insufficiency": -2,
  "insufficiently": -2,
  "integritas": 2,
  "interested": 2,
  "interogasi": -2,
  "interrupting": -2,
  "interrupts": -2,
  "intimacy": 2,
  "intimidates": -2,
  "intimidating": -2,
  "intransigence": -2,
  "intransigency": -2,
  "intrik": 1,
  "invincible": 2,
  "ipat": -1,
  "irate": -3,
  "iritasi": -3,
  "ironi": -1,
  "ironic": -1,
  "irreparable": -2,
  "irreproducible": -2,
  "irresistible": 2,
  "irresistibly": 2,
  "irresolute": -2,
  "irresponsibly": -2,
  "irreversibly": -1,
  "irritates": -3,
  "isin": 2,
  "isinan": -2,
  "isine": -1,
  "jackass": -4,
  "jackasses": -4,
  "jago": -5,
  "jahat": -2,
  "jancok": -4,
  "Jangkrik": -4,
  "janji": 1,
  "jareya": -3,
  "jaunty": 2,
  "jawat": -2,
  "jawatan": -3,
  "Jayanagar": 2,
  "jelas": -2,
  "jenis": 2,
  "jeopardy": -2,
  "jesus": 1,
  "jocular": 2,
  "jolly": 2,
  "jovial": 2,
  "joyless": -2,
  "joyous": 3,
  "juara": 4,
  "jubilant": 3,
  "jujur": 2,
  "julang": -1,
  "jumbuh": 2,
  "jumpy": -1,
  "justifiably": 2,
  "kaadilan": 2,
  "kaancam bakal punah,": -2,
  "kabebasankabebasan": 2,
  "kabecikan": 3,
  "kabeneran": 2,
  "kabisan": 2,
  "kabotan": -1,
  "kabungahan": 3,
  "kacathet": 2,
  "kacilakan": -2,
  "kadadosan": -1,
  "kadakwa": -2,
  "Kadurjanan": -3,
  "kae": -2,
  "kaendahan": 3,
  "kafir": -2,
  "kaganggu": -2,
  "kaget": 2,
  "Kagodha": -2,
  "kagungané": -1,
  "kajelasan": 2,
  "kajijikan": -3,
  "kakehan": -1,
  "kakosongan": -1,
  "kaku": 3,
  "kakurangan": -2,
  "kalah": -2,
  "kalem": 2,
  "kaliren": -2,
  "kaluwihan": 2,
  "kamakmuran": 3,
  "kamardikan": 2,
  "kambing ireng kala": -2,
  "kamenangan": 3,
  "kamulyan": 2,
  "kamulyane": 2,
  "kanca": 1,
  "kandel": 2,
  "kandhang": -2,
  "kandheg": -2,
  "kang ndarbeni hak istimewa": 2,
  "kangelan": -2,
  "kangen": -1,
  "Kangen": -2,
  "kangge": -2,
  "kanker": -1,
  "kanthi irahirahan": 1,
  "kanti awon": -3,
  "Kapabilitas": 1,
  "kapak": -1,
  "kapal penggedhe": 2,
  "kapapar": -1,
  "kapasrahake": 2,
  "kapentingan": 1,
  "kapercayan": 2,
  "kapiran": -2,
  "kapojok": -2,
  "karep": 3,
  "kari": -2,
  "karibedan": -2,
  "karisma": 2,
  "karu": -2,
  "karusakan": -3,
  "karusakane": -3,
  "karya Agung": 4,
  "kasalahan": -2,
  "kasangsaran": -2,
  "kasar": -3,
  "kasebut kanthi teliti,": 2,
  "kasedhiya": -1,
  "kasekengan": -2,
  "kasel": 2,
  "kasempatan": 2,
  "kasenengan": 3,
  "kasengsem": 3,
  "kasetyan": 3,
  "kasil": 3,
  "kasil mbendung": -2,
  "kasugihan": 3,
  "kasuksesan": 2,
  "kasurung": 2,
  "kasusahan": -2,
  "katambahan": -2,
  "katentremen": 2,
  "Kathi": -3,
  "katindhes": -2,
  "katon": -1,
  "katresnan fucking": 4,
  "katu": 2,
  "kaukum": -2,
  "kaulungaké": -3,
  "kauntungan": 2,
  "kawenan": 2,
  "kawicaksanan": 1,
  "kawilujengan": 2,
  "kawirangan": -2,
  "kawujud": 2,
  "Kayangel": -2,
  "keadilan": 2,
  "keapesan": -2,
  "kebecikan": 2,
  "kebejatan": -2,
  "kebeneran": 3,
  "kecaman": -2,
  "kecampuran": -2,
  "kecelakaan": -2,
  "keganggu": -2,
  "kejahatan": -3,
  "kejem": -2,
  "kejut": -2,
  "kekacoan": -2,
  "kekejeman": -3,
  "kekirangan": -2,
  "kekiyatan": 2,
  "kekuatan": 2,
  "kekurangan": -3,
  "kelainan": -2,
  "kelalen": -1,
  "kelangan": 1,
  "kelangan barang": 3,
  "kelaralara": -2,
  "kelemahane": -2,
  "kelewatan": -1,
  "keluhan": -2,
  "keluwen": -2,
  "kemampuan": 2,
  "kemampuan ngatasi": 1,
  "Kemanusiaan": 2,
  "kemethak": -2,
  "kemewahan": 2,
  "kemungkinan": 2,
  "kena pengaruh": -1,
  "kendel": 2,
  "kenthekan": -2,
  "kepareng": 4,
  "kepatèn": -1,
  "kepekso": 1,
  "Kepemimpinan": 1,
  "kepengin banget": 2,
  "kepengin weruh": 2,
  "kepepet": -2,
  "kepileh": 3,
  "kepincut": 1,
  "kepinginan": 1,
  "keplok": 2,
  "kerugian": -2,
  "kerusakan": -3,
  "kerusuhan": -2,
  "kesalahan": -2,
  "kesalahane": -2,
  "kesel": -2,
  "keselek": -2,
  "kesempatan": 2,
  "kesenengan": 3,
  "kesengsem": 3,
  "kesepian": -2,
  "kesingsal": -2,
  "keslametan": 1,
  "ketidakadilan": -2,
  "ketoke enom": 2,
  "kétoké kesel": -3,
  "ketrampilan": -2,
  "ketularan": -2,
  "keunggulan": 3,
  "keuntungan": 2,
  "kewane": -3,
  "keweden": -2,
  "khusus": -1,
  "Khwit": -2,
  "kiamat": -2,
  "kickback": -3,
  "kickbacks": -3,
  "kidnapping": -2,
  "kidnappings": -2,
  "kien": -3,
  "kikuk": -2,
  "kills": -3,
  "Kinanthi": -3,
  "kinasih": 3,
  "kinder": 2,
  "kirimtraumatik": -2,
  "Kiss": 2,
  "Kiyas": -2,
  "klebu nalar": -2,
  "klelep": -2,
  "kleru": -2,
  "Kléru": -2,
  "komedi": 1,
  "komik": 1,
  "kompetensi": 1,
  "konflik": -2,
  "kongkalikong": -3,
  "kontol": -4,
  "kontroversi": -2,
  "kontrovèrsi": -2,
  "kontroversial": -2,
  "kontrovèrsial": -2,
  "korban": -2,
  "korban jiwa": -3,
  "kothong": -1,
  "koyo": 1,
  "kraman": -2,
  "kreta": -2,
  "kriminal": -3,
  "krisis": -3,
  "kritik": -2,
  "Kritik": -2,
  "kritikus": -2,
  "kualitas": 2,
  "kuat": 2,
  "kuatake": 2,
  "kuatir": -2,
  "kuburan": -2,
  "kuciwo": -2,
  "kudos": 3,
  "Kudus": -1,
  "kumpulan": 2,
  "kurang": -1,
  "kurang ajar apik": 4,
  "kurang ajar ayu": 4,
  "kurang ajar Fantastic": 4,
  "kurang ajar gedhe": 4,
  "kurang ajar sampurna": 4,
  "kurang ajar tenan": 4,
  "kuwalitas": 2,
  "kuwasa": -2,
  "kuwat": 2,
  "kuwatir": -2,
  "kuya": -2,
  "lack": -2,
  "lackadaisical": -2,
  "lag": -1,
  "lagged": -2,
  "lagging": -2,
  "lags": -2,
  "Laka": -2,
  "laku": 1,
  "lali": -1,
  "lam": -2,
  "lamat": 2,
  "lamis": -2,
  "lampus": -2,
  "lanang": -2,
  "landmark": 2,
  "langgeng": 2,
  "langit": 1,
  "lapsed": -1,
  "lara": -2,
  "larang regane": -2,
  "larangan": -2,
  "laughting": 1,
  "Lawakan": 2,
  "lawan": -2,
  "lawl": 3,
  "legal": 1,
  "lelucon": -2,
  "lemes": -2,
  "lengkap": 2,
  "lepat": -2,
  "lethargic": -2,
  "liar": -3,
  "libelous": -2,
  "lifeless": -1,
  "lifesaver": 4,
  "lighthearted": 1,
  "likable": 2,
  "likeable": 2,
  "Likers": 2,
  "lincah": 2,
  "lingkungan": -2,
  "linuwih": 2,
  "litigious": -2,
  "livid": -2,
  "lmao": 4,
  "LMFAO": 4,
  "loathed": -3,
  "loathes": -3,
  "loathing": -3,
  "loathsome": -3,
  "lobbied": -2,
  "lobbying": -2,
  "lobbyist": -2,
  "lobbyists": -2,
  "lobi": -2,
  "lol": 3,
  "lolol": 4,
  "lololol": 4,
  "lolololol": 4,
  "loma": 2,
  "loman": 2,
  "lool": 3,
  "loom": -1,
  "loomed": -1,
  "looms": -1,
  "loool": 3,
  "looool": 3,
  "loropaken": 2,
  "Los Angeles": -2,
  "losses": -3,
  "lousy": -2,
  "lovelies": 3,
  "luck": 3,
  "luck ala": -2,
  "lucrative": 3,
  "lucu": 4,
  "ludicrous": -3,
  "lugubrious": -2,
  "lunatic": -3,
  "lunatics": -3,
  "lungse": -2,
  "lunyu": 2,
  "lurk": -1,
  "lurking": -1,
  "lurks": -1,
  "luwih": 3,
  "luwih aman": 2,
  "macabre": -2,
  "macem": 3,
  "macet": -2,
  "mad": -3,
  "mada": -2,
  "maddening": -3,
  "Madness": -3,
  "maha": 2,
  "mahakebecikan": 3,
  "mahakarya": 4,
  "majeng": 1,
  "makmur": 3,
  "maladaption": -2,
  "maldevelopment": -2,
  "males": 2,
  "maling": -2,
  "maltreatment": -2,
  "mamang": -1,
  "mancorong": 3,
  "mandegake": -1,
  "manfaat": -2,
  "mangkelake": -2,
  "Mangsa Kasangsaran": -2,
  "mangu": -1,
  "mangumangu": -1,
  "Manipulating": -1,
  "manis": 2,
  "manslaughter": -3,
  "manteb": 2,
  "mantepa": 2,
  "mantun": 2,
  "manut": 3,
  "mapan": 2,
  "marem": -2,
  "Mariah": -2,
  "maringi hadiah": 2,
  "Marvel": 3,
  "marvels": 3,
  "masalah": -2,
  "masmur": 3,
  "mateni": -1,
  "matèni": -2,
  "matesi": -2,
  "mati": -3,
  "matur": 2,
  "matur nuwun": 2,
  "mau": -2,
  "mayit": -1,
  "mbabarake": -1,
  "mbales": -2,
  "mbangkitaké": 2,
  "mbantah": -2,
  "mbantu": 2,
  "mbatalake": -1,
  "mbatesi": -1,
  "mbayar": -1,
  "mbebasake": 2,
  "mbebayani": -2,
  "mbedakake": -2,
  "mbeling": -3,
  "mbenakake": 2,
  "mberkahi": 2,
  "mbiyantu": 2,
  "mblokade": -2,
  "mboten remen": -2,
  "mboten saget": -2,
  "mbuang": -2,
  "mbucal": -1,
  "mburi": 1,
  "mbuwang": -2,
  "mecat": -2,
  "medali": 3,
  "medenmedeni": -2,
  "medeni": -2,
  "MediaWiki": 2,
  "mediocrity": -3,
  "meditative": 1,
  "mejahi": -2,
  "meksa": -1,
  "melankolis": -2,
  "melu": 1,
  "melu ngudi kawruh": -2,
  "memenuhi": 2,
  "Memoriam": -2,
  "memperluas": 1,
  "memuji": 3,
  "menace": -2,
  "menaced": -2,
  "menaces": -2,
  "menang": 4,
  "menarik": 2,
  "menehi": 3,
  "mengeti": 3,
  "menging": -1,
  "menjangkau": 2,
  "merajalela": -2,
  "meri": -1,
  "Merry": 3,
  "mesem": 2,
  "mesmerizing": 3,
  "mesthekake": 1,
  "mesthi": 2,
  "mesti": 1,
  "methodical": 2,
  "methodically": 2,
  "metu": -1,
  "migunani": 2,
  "minggah": -1,
  "minggat": -1,
  "mirth": 3,
  "mirthful": 3,
  "mirthfully": 3,
  "misbehave": -2,
  "misbehaved": -2,
  "misbehaves": -2,
  "misbranding": -3,
  "miscast": -2,
  "mischiefs": -1,
  "misclassified": -2,
  "misclassifies": -2,
  "misclassify": -2,
  "misconducted": -2,
  "misconducting": -2,
  "misconducts": -2,
  "miserably": -3,
  "misfire": -2,
  "misgiving": -2,
  "misinformation": -2,
  "misinformed": -2,
  "misinterpreted": -2,
  "miskin": -2,
  "misleaded": -3,
  "misplaced": -2,
  "misplaces": -2,
  "misplacing": -2,
  "mispricing": -3,
  "misread": -1,
  "misreport": -2,
  "misreported": -2,
  "misreporting": -2,
  "misreports": -2,
  "misrepresent": -2,
  "misrepresentation": -2,
  "misrepresentations": -2,
  "misrepresented": -2,
  "misrepresenting": -2,
  "misrepresents": -2,
  "miss": -2,
  "mistaken": -2,
  "mistaking": -2,
  "misunderstanding": -2,
  "misunderstands": -2,
  "misunderstood": -2,
  "misused": -2,
  "misuses": -2,
  "misusing": -2,
  "misuwur": 2,
  "mitos": -1,
  "mlarat": -1,
  "mlebu": -1,
  "moaned": -2,
  "moaning": -2,
  "moans": -2,
  "mock": -2,
  "modern": 2,
  "modernisasi": 2,
  "modernizes": 2,
  "modernizing": 2,
  "molak": -2,
  "momotan": -2,
  "mongering": -2,
  "monopolize": -2,
  "monopolized": -2,
  "monopolizes": -2,
  "monopolizing": -2,
  "monoton": -1,
  "mope": -1,
  "moping": -1,
  "moron": -3,
  "motherfucker": -5,
  "motherfucking": -5,
  "motivasi": 2,
  "motivating": 2,
  "motong": -2,
  "mournful": -2,
  "mourning": -2,
  "mourns": -2,
  "moyoki": -2,
  "mratelakake": -1,
  "mriyang": -2,
  "mromosiaken": 1,
  "muddy": -2,
  "mudhun": -2,
  "Mudhun": -1,
  "Mugi": 2,
  "mugia": 2,
  "muji": 2,
  "mukmin": 2,
  "mula": 2,
  "mulihake": 1,
  "mulihaken": 1,
  "mulya": 2,
  "mulyo": 2,
  "mumetake": -2,
  "mumpish": -2,
  "Mundakake": 1,
  "mundhak": 1,
  "mundhut": -3,
  "mundur": -1,
  "munggah": 1,
  "mungkasi": -1,
  "mungsuh": -1,
  "mungsuhan": -1,
  "muntah": -3,
  "mupangati": 2,
  "murko": -2,
  "murky": -2,
  "murni": 1,
  "murtad": -2,
  "murub": -2,
  "murungake": -2,
  "murup": 2,
  "musibah": -3,
  "musuhan": -2,
  "mutusake": 2,
  "n00b": -2,
  "nahan": -2,
  "naif": -2,
  "nakal": -2,
  "Nalini": 2,
  "nambah": 2,
  "nambah semangat": 1,
  "nampa": 1,
  "nampani": 2,
  "nandhang": -2,
  "nandhang sangsara": -2,
  "nandhang sungkowo": -2,
  "nangis": -1,
  "nangisi": -2,
  "narcissism": -2,
  "narik": 3,
  "narik ati": 5,
  "narik kawigaten": 2,
  "narima": 2,
  "nasaraké": -3,
  "natoni": -2,
  "ndadekake": 1,
  "ndalang": -1,
  "ndedonga": 1,
  "ndhedhes": 1,
  "ndhelik": -1,
  "ndhelikake": -1,
  "ndhudhuk": -2,
  "ndhukung": 2,
  "ndhuwur": 2,
  "ndongkrak": 1,
  "ndukung": 2,
  "nduweni daya": -2,
  "nebus": 2,
  "negatif": -2,
  "negativity": -2,
  "neglects": -2,
  "nekad sanget": -2,
  "nekat": -3,
  "nemen": -2,
  "nemtokake": 1,
  "nemtokke": -1,
  "nengsemake": 3,
  "nenten nglinguang tetimbangan": -2,
  "nepaki": 2,
  "nepsu": -3,
  "nerak": -2,
  "neraka": -4,
  "nerbitake": -2,
  "neror": -3,
  "nervously": -2,
  "nesu": -2,
  "netepi": -2,
  "ngaco": -2,
  "ngaco munggah": -3,
  "ngagetake": -3,
  "ngageti": 3,
  "ngajak": 2,
  "ngajar": -3,
  "ngakali": -3,
  "ngakeni": -1,
  "ngakoni": -1,
  "ngalami": -3,
  "ngalangalangi": -1,
  "ngalangi": 2,
  "ngalembana": 3,
  "Ngalihake": -1,
  "ngamanake": 2,
  "ngamuk": -3,
  "ngancam": -2,
  "ngancem": -2,
  "ngancurake": -2,
  "ngangap": -2,
  "nganggo": 1,
  "nganggur": -1,
  "nganiaya": -2,
  "ngankat": 1,
  "ngantem": -1,
  "Ngapikake": 2,
  "ngapura": 1,
  "ngapusi": -2,
  "Ngapusi": -3,
  "ngarani": -2,
  "ngarep": 1,
  "ngareparep": 2,
  "ngatasi": 1,
  "ngatiati": -1,
  "ngawèhaké": 1,
  "ngawinang": -1,
  "ngawisi": -1,
  "ngawonaken": -3,
  "ngecakaken": -2,
  "ngece": -2,
  "ngécé": -2,
  "ngeculke": 2,
  "ngedongkrak": 1,
  "ngelingake": -2,
  "ngelingke": 2,
  "ngelu": -1,
  "ngeluh": -2,
  "ngelungké": -3,
  "ngematake": 3,
  "ngengkel": 1,
  "ngenteni": -1,
  "ngentot ama": -4,
  "ngenyek": -2,
  "Ngerang": -2,
  "ngerayakno": 3,
  "ngeri": -2,
  "Ngerjain": -2,
  "ngethok": -1,
  "ngevakuasi": -1,
  "ngewangi": 2,
  "ngeyek": -3,
  "nggabungake": 1,
  "nggagalake": -2,
  "nggagalaké": -2,
  "ngganggu": -2,
  "ngganti": 1,
  "nggantosaken": 3,
  "nggatekke": -2,
  "nggatheli": -4,
  "Nggawe": 2,
  "Nggawe jalur kekancan": 2,
  "nggedhekake": 1,
  "nggegirisi": -2,
  "nggentèni": -1,
  "nggenteni kreditan": -2,
  "nggetak": -2,
  "nggoleki": 2,
  "nggugat": -2,
  "nggumun": 2,
  "nggumunake": 2,
  "nggumunke": 4,
  "ngguyu": 1,
  "ngijini": 1,
  "ngilangi": -1,
  "ngimpi": 1,
  "ngina": -2,
  "ngindari": -1,
  "nginfèksi": -2,
  "ngisin": 1,
  "ngiyanati": -3,
  "ngiyataken": 2,
  "nglakoni": 1,
  "nglanggar": -2,
  "nglarakake": -2,
  "nglarang": -1,
  "nglarani": -2,
  "nglaras": 2,
  "nglemesaké": -2,
  "nglepas": -1,
  "nglepataken": -2,
  "nglereni": -1,
  "nglindhungi": 1,
  "nglipur": 2,
  "nglirwaaken": -2,
  "nglirwakake": -1,
  "nglokro": -2,
  "ngluputake": -2,
  "ngluwari": 2,
  "ngluwihi": 1,
  "ngormati": 2,
  "ngrambah": 1,
  "ngrameke": 3,
  "ngrampungake": 2,
  "ngrampungi": 2,
  "ngrangkul": 2,
  "ngrangsang": 1,
  "ngrasani": -2,
  "ngratifikasi": 2,
  "ngrawat": 2,
  "ngregedi": -2,
  "ngremehake": -1,
  "ngremukake": -2,
  "ngrintih": -2,
  "ngritik": -2,
  "ngrugekke": -2,
  "ngrusak": -2,
  "nguatake": 2,
  "ngucapke matur nuwun": 3,
  "nguciwakake": -2,
  "nguciwani": -2,
  "ngujo": 3,
  "ngukum": -2,
  "ngulandara": 2,
  "ngumbah ijo": -3,
  "ngundang": 1,
  "ngungsi": -1,
  "nguntungaken": 2,
  "ngupadosi": 2,
  "ngurmati": 2,
  "ngusir": -2,
  "ngutuk": -4,
  "niggas": -5,
  "nigger": -5,
  "nilar": -2,
  "ninggalake": -1,
  "ningkatake": 1,
  "ningkataké": 1,
  "nistha": -2,
  "nitya": -3,
  "njaluk ngapura": -1,
  "njamin": 1,
  "njerit": -2,
  "njijiki": -3,
  "njobo": -3,
  "njupuk": 1,
  "Noble": 2,
  "noblest": 2,
  "nolak": -1,
  "Nolak": -1,
  "nondisetujoni": -2,
  "noob": -2,
  "novel": 2,
  "nrima": 1,
  "nuduh": -2,
  "nuduhake": 1,
  "nulari": -1,
  "numb": -1,
  "numpes": -3,
  "nundha": -1,
  "nundhung": -2,
  "nunggu": 1,
  "nuntut": -1,
  "nusul": 2,
  "nutupi": -3,
  "nuwun": -1,
  "nyababaken": -3,
  "nyabut": -3,
  "nyacad": -2,
  "nyalahi panggunaan": -2,
  "nyalahke": -2,
  "nyaman": 3,
  "nyamarake": -1,
  "nyampahi": -2,
  "nyandhet": -1,
  "nyangnyangan": 2,
  "nyaranake": 2,
  "nyarujuki": -2,
  "nyebabake": -2,
  "nyedhiyakake": -1,
  "nyedhot": -3,
  "nyedot": -3,
  "nyegah": -1,
  "nyekel": -2,
  "nyelehake": -1,
  "nyemangati": 2,
  "nyembah": 3,
  "nyenengake": 2,
  "nyenengi": 2,
  "nyenggol": -2,
  "nyengkuyung": 2,
  "nyengsarakke": -2,
  "nyengsemaken": 3,
  "nyerang": -1,
  "nyeret": -1,
  "nyetujui": 2,
  "nyiksa": -2,
  "nyimpen": 2,
  "nyinggung": -2,
  "nyingkiri": -1,
  "Nyirep": 2,
  "nyiutaken": -2,
  "nylundupaké": -2,
  "nyolong": -2,
  "nyulik": -2,
  "nyumbang": 2,
  "obliterate": -2,
  "obliterated": -2,
  "obnoxious": -3,
  "obor": -2,
  "obscenity": -2,
  "obstructed": -2,
  "obstructing": -2,
  "obstructs": -2,
  "offending": -2,
  "offensively": -2,
  "offline": -1,
  "oks": 2,
  "olahan": 1,
  "olo": -3,
  "ominous": 3,
  "omong kosong": -4,
  "ono": -2,
  "ono ing ngendi panggonan": 2,
  "ono racune": -2,
  "onok": -2,
  "oops": -2,
  "oppression": -2,
  "oppressions": -2,
  "oppressive": -2,
  "optimisme": 2,
  "optimistis": 2,
  "optionless": -2,
  "ora": -1,
  "ora adil": -2,
  "ora apik": -2,
  "ora atiati": -2,
  "ora becik": -3,
  "ora bisa": -2,
  "ora bisa digunakake": -3,
  "ora biso ditompo": -2,
  "ora duwe kabisan": -2,
  "ora kejawab": -2,
  "ora klebu nalar": -1,
  "ora ngaku": -2,
  "ora ngandel": -3,
  "ora ngerti matur nuwun": -3,
  "ora nyukupi": 1,
  "ora peduli": -2,
  "ora perduli": -2,
  "ora pracaya": -1,
  "ora seneng": -2,
  "ora senengseneng": -3,
  "Ore": 1,
  "ostracize": -2,
  "ostracized": -2,
  "ostracizes": -2,
  "outage": -2,
  "outages": -2,
  "outmaneuvered": -2,
  "outraged": -3,
  "overprotective": -2,
  "overran": -2,
  "overreact": -2,
  "overreacted": -2,
  "overreacting": -2,
  "overreaction": -2,
  "overreacts": -2,
  "oversell": -2,
  "overselling": -2,
  "oversells": -2,
  "oversimplification": -2,
  "oversimplified": -2,
  "oversimplifies": -2,
  "oversimplify": -2,
  "oversold": -2,
  "overstatement": -2,
  "overstatements": -2,
  "overwrought": -3,
  "oxymoron": -1,
  "P": -1,
  "Paceklik": -2,
  "Padang": 1,
  "padha": 2,
  "padhang": 2,
  "padhange": 1,
  "padu": -1,
  "padudon": -1,
  "pahlawan": 2,
  "pain": -2,
  "pained": -2,
  "pait": -2,
  "pajeg": 2,
  "pakunjaran": -2,
  "pakurmatan": 2,
  "paling": 3,
  "paling apik": 5,
  "paling dhuwur": 4,
  "palsu": -1,
  "pamblokiran": -1,
  "pamukiman": 1,
  "panandhangé": -2,
  "pancingan": 2,
  "pandamelipun": -2,
  "pangaksumo": 1,
  "pangalembana": 2,
  "panganiaya": -3,
  "panganiayarelated": -3,
  "pangayoman": 2,
  "pangenalan": 2,
  "pangerti": -2,
  "pangestune": 3,
  "panggilan sidhang pangadilan": -2,
  "panglipuring": 2,
  "pangretosan": 2,
  "panguburan": -1,
  "panguwasa": 1,
  "panicked": -3,
  "panics": -3,
  "panitraning": 2,
  "panjaluk": -1,
  "pantes": 2,
  "panyengkuyung": 1,
  "panyokro bowo": -2,
  "paradoks": -1,
  "pardon": 2,
  "pardons": 2,
  "pareng": -2,
  "paring kaadilan": 2,
  "Parley": -1,
  "pas": 1,
  "pasambat": -2,
  "pasif": -1,
  "passion": 1,
  "passively": -1,
  "pati": -2,
  "Pati": -2,
  "patine": -2,
  "paukuman": -2,
  "paweling": 1,
  "pecah": -1,
  "peduli": -2,
  "peduli apik": 4,
  "peduli cute": 3,
  "peduli paling": 4,
  "pegel": -2,
  "pejah": 2,
  "pelaku": -2,
  "pelanggaran": -2,
  "Pelanggaran": -2,
  "pemain": 2,
  "pemberdayaan": 2,
  "pemberontak": -2,
  "pemblokiran": -1,
  "pemikir": 2,
  "penake": 3,
  "penalized": -2,
  "penalizes": -2,
  "penalizing": -2,
  "penangkepan": -2,
  "penasaran": -2,
  "pengabdian": 3,
  "pengadilan": -1,
  "pengangguran": -2,
  "pengangkatan": 2,
  "pengarepan": 1,
  "pengaruh": 2,
  "penggemar": 3,
  "penghargaan": 2,
  "pengin": 1,
  "penguatan": 2,
  "penipuan": -1,
  "penjara": -2,
  "pensive": -1,
  "penting": 2,
  "penyakit": -1,
  "penyalah gunaan": -3,
  "penyalahgunaan": -3,
  "penyamaran": -1,
  "pepak": -1,
  "peran": -3,
  "perang": -1,
  "perang nglawan": -1,
  "perayaan": 2,
  "perbudakan": -3,
  "percados": 1,
  "perfects": 2,
  "perhiasan emas": 1,
  "perih": -1,
  "peril": -2,
  "perjuangan": -2,
  "perjury": -3,
  "perkakas": -3,
  "Permata": 1,
  "perpetrated": -2,
  "Persahabatan": 2,
  "persecutes": -2,
  "pertahanan": 2,
  "pertempuran": -1,
  "pertjoyo": -2,
  "perturbed": -2,
  "pervert": -3,
  "pesimis": -2,
  "pesky": -2,
  "Pesona": 3,
  "pessimism": -2,
  "peteng": -1,
  "petrified": -2,
  "petualangan": 2,
  "philanthropy": 2,
  "phobic": -2,
  "piala": -1,
  "picturesque": 2,
  "pidana": -3,
  "pikatan": 3,
  "pillage": -2,
  "pinasthi": -2,
  "pincang": -2,
  "pinter": 2,
  "pinunjul": 5,
  "pique": -2,
  "piqued": -2,
  "piss": -4,
  "pissing": -3,
  "pitakonan": -1,
  "piteous": -2,
  "pituna": -3,
  "piyambak": -2,
  "plaguing": -3,
  "Playful": 2,
  "please": 1,
  "pleased": 3,
  "plodding": -2,
  "poignant": 2,
  "poised": -2,
  "poisoned": -2,
  "poisons": -2,
  "Pokoke": -1,
  "polesan": 2,
  "pollutant": -2,
  "polluter": -2,
  "polluters": -2,
  "polusi": -2,
  "popularitas": 3,
  "populer": 3,
  "porn": -5,
  "positif": 2,
  "possessive": -2,
  "postponed": -1,
  "postpones": -1,
  "postponing": -1,
  "potodeluded": -2,
  "potomanteb ing ati": 2,
  "potombantah": -2,
  "potoplanggaran": -2,
  "praising": 3,
  "prakara": 1,
  "prasetya": 2,
  "prasongko": -2,
  "prayaan": 3,
  "prblm": -2,
  "prblms": -2,
  "predatory": -2,
  "prejanjiané": -2,
  "prentah": -1,
  "pretends": -1,
  "prewangan": 2,
  "prick": -5,
  "prihatin": -3,
  "profiteer": -2,
  "propaganda": -2,
  "prosecutes": -1,
  "proses": 2,
  "proses nduweni": -2,
  "prospek": 1,
  "protes": -2,
  "protest": -2,
  "provoke": -1,
  "provokes": -1,
  "prudence": 2,
  "pseudoscience": -3,
  "psychopathic": -2,
  "puguh": -1,
  "pujian": 2,
  "Pulsa": 2,
  "pundung": -2,
  "punishes": -2,
  "punishing": -2,
  "punitive": -2,
  "purposeful": 2,
  "pushy": -1,
  "putraofaasu": -5,
  "putusan": -1,
  "puzzled": -2,
  "Quaking": -2,
  "racists": -3,
  "racun": -2,
  "radhang": -2,
  "rageful": -2,
  "raguragu": -2,
  "Rajapati": -2,
  "rame": -1,
  "randha": -1,
  "ranter": -3,
  "ranters": -3,
  "rants": -3,
  "raosaken": -3,
  "rapi": 2,
  "rapist": -4,
  "raptures": 2,
  "rapturous": 4,
  "rasa seneng": 3,
  "rasis": -3,
  "rasisme": -3,
  "rawa": -2,
  "real": 2,
  "reassure": 1,
  "reassured": 1,
  "reassures": 1,
  "reassuring": 2,
  "Rebel": -2,
  "refines": 1,
  "refreshingly": 2,
  "reged": -2,
  "regejegan": -2,
  "reget": -2,
  "regretful": -2,
  "rejeki": 2,
  "rek": -2,
  "reliant": 2,
  "Relieves": 1,
  "relieving": 2,
  "remen": 3,
  "remorse": -2,
  "repellent": -2,
  "repercussion": -2,
  "repercussions": -2,
  "reprimanding": -2,
  "reprimands": -2,
  "repulse": -1,
  "rereged": -2,
  "rereget": -2,
  "reruntuhan": -2,
  "Rerusuh": -2,
  "rescue": 2,
  "rescues": 2,
  "resesi": -2,
  "resigns": -1,
  "resik": 2,
  "resiko": -2,
  "résolusi": 2,
  "resolves": 2,
  "responsif": 2,
  "retard": -2,
  "revive": 2,
  "revives": 2,
  "revolting": -2,
  "rhoma": -2,
  "richly": 2,
  "ridiculous": -3,
  "rig": -1,
  "rigged": -1,
  "rightfully": 2,
  "ringkih": -2,
  "rintihan": -2,
  "risak": -3,
  "risiko": -2,
  "riveting": 3,
  "Rob": -2,
  "robing": -2,
  "Robs": -2,
  "rofl": 4,
  "roflcopter": 4,
  "roflmao": 4,
  "roh": 1,
  "rojo pati": -2,
  "Roman": 2,
  "romantical": 2,
  "romantically": 2,
  "rongrongan": -2,
  "roso seduluran": 2,
  "rotfl": 4,
  "rotflmfao": 4,
  "rotflol": 4,
  "rotten": -3,
  "rude": -2,
  "rudo pekso": -4,
  "ruining": -2,
  "rumangsa": -2,
  "runtut": -1,
  "rupane apik": 3,
  "rusak": -1,
  "ruwet": 2,
  "sabar": 2,
  "sabdho": 2,
  "sabdhoning": -2,
  "sabotage": -2,
  "sad": -2,
  "sadden": -2,
  "saged": 1,
  "sah": 1,
  "sakcara": 1,
  "sakcepete": 1,
  "sakit": -2,
  "Sakloron": 3,
  "salah": -2,
  "salam": 1,
  "Salam": 1,
  "Salamku": 2,
  "salient": 1,
  "salutes": 2,
  "saluting": 2,
  "samar": -2,
  "sambat": -2,
  "sambatan": -2,
  "sambungan": 1,
  "samesthine": -2,
  "sampah": -1,
  "sampurna": 3,
  "Samsaya awon": -3,
  "sandhangan kasucèn": -2,
  "sandhungan tumrap": -2,
  "sanggup": -2,
  "sangsara": -1,
  "sante": 2,
  "Sapi": -2,
  "sappy": -1,
  "saranake": 1,
  "sarcastic": -2,
  "saru": -2,
  "sarujuk": 2,
  "sarwa": 4,
  "savange": -2,
  "savanges": -2,
  "sawetara jenis": 0,
  "scam": -2,
  "scandals": -3,
  "scapegoat": -2,
  "scoop": 3,
  "scorn": -2,
  "scornful": -2,
  "screams": -2,
  "scum": -3,
  "scumbag": -4,
  "seamlessly": 2,
  "sebel": -3,
  "secures": 2,
  "seda": -3,
  "sedhih": -2,
  "sedhih atine": -2,
  "sedition": -2,
  "seditious": -2,
  "seduced": -1,
  "seger": 1,
  "sehat": 2,
  "sekaligus": 1,
  "seksi": 3,
  "selamat": 2,
  "selamet": 2,
  "selfishness": -3,
  "semanak": 1,
  "semangat": 2,
  "sembrono": -2,
  "sempurno": 3,
  "semrawut": -2,
  "seneng": 5,
  "senengseneng": 3,
  "seneng banget": 2,
  "seng di pengeni": 2,
  "seng di tuduh": -1,
  "sengaja": -2,
  "sengit": -3,
  "sensor": -2,
  "sentences": -2,
  "sepele": -2,
  "sepi": -1,
  "sepira": -2,
  "serangan": -1,
  "serem": -2,
  "serene": 2,
  "seret": -1,
  "sergap": -2,
  "sesanti": 1,
  "setuju": 1,
  "setya": 3,
  "sexist": -2,
  "sexistic": -2,
  "shaky": -2,
  "shalat jumat": 1,
  "shamed": -2,
  "shithead": -4,
  "shitty": -3,
  "shoody": -2,
  "shortsighted": -2,
  "shortsightedness": -2,
  "shortages": -2,
  "sih": 2,
  "sik njongko": 1,
  "siksa": -2,
  "simpati": 2,
  "simpatik": 2,
  "sinawang": 2,
  "Sincerely": 2,
  "sincerest": 2,
  "singleminded": -2,
  "sinudukaken": -2,
  "Sinuhun": 2,
  "sirah": -2,
  "sirno": -3,
  "skandal": -3,
  "skepticism": -2,
  "Slam": -2,
  "slamet": 2,
  "slashed": -2,
  "slashes": -2,
  "slashing": -2,
  "sleeplessness": -2,
  "slicker": 2,
  "slickest": 2,
  "slip": -1,
  "sluggish": -2,
  "slumping": -1,
  "smartest": 2,
  "smear": -2,
  "smiling": 2,
  "smog": -2,
  "smuggled": -2,
  "smuggles": -2,
  "smuggling": -2,
  "sneaky": -1,
  "snub": -2,
  "snubbed": -2,
  "snubbing": -2,
  "snubs": -2,
  "sobering": 1,
  "sokongan": 1,
  "solemn": -1,
  "solidified": 2,
  "solidifies": 2,
  "solidifying": 2,
  "solusi": 1,
  "solves": 1,
  "Soma": -2,
  "somber": -2,
  "songko": -1,
  "soothe": 3,
  "soothed": 3,
  "sopan": 2,
  "sosial": 2,
  "spam": -2,
  "spammer": -3,
  "spammers": -3,
  "spamming": -2,
  "sparkles": 3,
  "sparkling": 3,
  "Spekulasi": -2,
  "spirited": 2,
  "spiritless": -2,
  "sprightly": 2,
  "squander": -2,
  "squandered": -2,
  "squandering": -2,
  "squanders": -2,
  "squelched": -1,
  "srakah": -2,
  "sregep": 3,
  "stabil": 2,
  "stabs": -2,
  "stalling": -2,
  "stamina": 2,
  "stampede": -2,
  "stank": -2,
  "startling": 3,
  "starves": -2,
  "stereotype": -2,
  "stereotyped": -2,
  "stifled": -1,
  "Stimulates": 1,
  "stimulus": 1,
  "stingy": -2,
  "stinked": -2,
  "Stinker": -2,
  "stinking": -2,
  "stinks": -2,
  "stinky": -2,
  "stout": 2,
  "strangely": -1,
  "strengthens": 2,
  "stressor": -2,
  "stressors": -2,
  "stricken": -2,
  "striker": -2,
  "stunned": -2,
  "stupidity": -3,
  "stupidly": -2,
  "suap": -3,
  "suave": 2,
  "substansial": 1,
  "subvèrsif": -2,
  "sue": -2,
  "sueing": -2,
  "Suèz": -1,
  "sugeh": 3,
  "Sugeng": 2,
  "Sugeng enjang": 1,
  "sugih": 2,
  "suicidal": -2,
  "suicides": -2,
  "suing": -2,
  "sujana": -2,
  "sujèn": -2,
  "sukses": 3,
  "sulap, asor": -2,
  "sulking": -2,
  "sullen": -2,
  "sumbangan": 2,
  "sumelang": 2,
  "Sumelang": -1,
  "sumpah": -2,
  "sundel": -4,
  "sungkawa": -2,
  "Sungkem": 3,
  "sungkowo": -2,
  "Sunshine": 2,
  "supata": -2,
  "supaya": -1,
  "super": 3,
  "support": 2,
  "supporter": 1,
  "surem": -2,
  "suryak": 1,
  "susah": -2,
  "Suspect": -1,
  "sustainable": 2,
  "susu": -2,
  "suwek": -1,
  "Swapnil": -3,
  "swarga": 4,
  "swearing": -2,
  "sweeter": 3,
  "sweetest": 3,
  "Swift": 2,
  "swindle": -3,
  "swindles": -3,
  "swindling": -3,
  "syaraf": -1,
  "tabrakan": -1,
  "tabungan": 1,
  "tahanan": -2,
  "tahap": -2,
  "taint": -2,
  "tak omong": 3,
  "talent": 2,
  "tambah": 1,
  "tampi": 2,
  "tandha": -1,
  "tandhing": 2,
  "tanggung jawab": 2,
  "tangkal": -2,
  "tanpa guna": -2,
  "tantangan": -1,
  "tard": -2,
  "tarnish": -2,
  "tarnished": -2,
  "tarnishes": -2,
  "tartamtu": 1,
  "tatu": -2,
  "tawanan": -2,
  "tawuran": -2,
  "tayang": -2,
  "tega": -2,
  "tegang": -2,
  "teguh": 2,
  "tekak": -2,
  "tekan": 1,
  "tekanan": -2,
  "teko": -3,
  "telat": -1,
  "telek": -4,
  "tembémburiné": 2,
  "temenan": -1,
  "temonan": 3,
  "tenanan": 1,
  "tender": 2,
  "tenderness": 2,
  "tension": -1,
  "tentrem": 2,
  "terbelakang": -2,
  "terjangkau": 2,
  "teror": -3,
  "teroris": -2,
  "terrifically": 4,
  "terrorized": -3,
  "thanks": 2,
  "thwarted": -2,
  "thwarting": -2,
  "thwarts": -2,
  "tiba": -2,
  "tilar": -2,
  "timorous": -2,
  "titik": -1,
  "tiyang alit": -2,
  "tolak": -2,
  "toleransi": 2,
  "Tomin": 2,
  "torture": -4,
  "tortured": -4,
  "tortures": -4,
  "total": -3,
  "totalitarian": -2,
  "totalitarianisme": -2,
  "touting": -2,
  "touts": -2,
  "tragedi": -2,
  "tragis": -2,
  "tranquil": 2,
  "transgresses": -2,
  "transgressing": -2,
  "trap": -1,
  "traps": -1,
  "trauma": -3,
  "traumatik": -3,
  "travesty": -2,
  "treasonous": -3,
  "tremor": -2,
  "tremors": -2,
  "tremulous": -2,
  "tresna": 3,
  "tresna fucking": 4,
  "tresnani": 2,
  "tresno": 3,
  "trickery": -2,
  "Triumph": 4,
  "trocoh": -1,
  "troll": -2,
  "Tuduhan": -2,
  "tujuan": -2,
  "Tukang": -2,
  "tulisan": -2,
  "tulus": 2,
  "tumbukan": -1,
  "tumor": -2,
  "tumpukan munggah": -1,
  "tundha": -1,
  "tuntas": 2,
  "tuntutan hukum": -2,
  "tuntutan ukum": -1,
  "tuwa": -2,
  "twat": -5,
  "tyran": -3,
  "tyrannic": -3,
  "tyrannical": -3,
  "tyrannically": -3,
  "tyrans": -3,
  "udan": -1,
  "ugachampioned": 3,
  "ugafokus": 2,
  "ugagroomed": 2,
  "ugakang": 2,
  "ugaproportioned": 2,
  "ugh": -2,
  "ugliness": -3,
  "ujung tombak": 2,
  "ukara": -2,
  "ukuman": -2,
  "ulig": -2,
  "uluk salam": 2,
  "unappeasable": -2,
  "Unapproved": -2,
  "unattractive": -2,
  "unavailing": -2,
  "unbearable": -2,
  "unconcerned": -2,
  "unconvinced": -1,
  "uncredited": -1,
  "undecided": -1,
  "undercooked": -2,
  "underestimates": -1,
  "underestimating": -1,
  "undermines": -2,
  "underperform": -2,
  "underperformed": -2,
  "underperforming": -2,
  "underperforms": -2,
  "undeserving": -2,
  "undesirable": -2,
  "unequal": -1,
  "UNETHICAL": -2,
  "uneventful": -2,
  "unfavorable": -2,
  "unfitted": -2,
  "unfocused": -2,
  "unforgiving": -2,
  "unfulfilled": -2,
  "unfunny": -2,
  "ungenerous": -2,
  "ungguhing": 2,
  "unggul": 2,
  "unhappiness": -2,
  "unhygienic": -2,
  "unimaginative": -2,
  "unimpressed": -2,
  "uninspired": -2,
  "unintelligent": -2,
  "unintentional": -2,
  "uninvolving": -2,
  "united": 1,
  "unlovable": -2,
  "unloved": -2,
  "unmatched": 1,
  "unmotivated": -2,
  "unoriginal": -2,
  "unparliamentary": -2,
  "unpleasantness": -2,
  "unprofessional": -2,
  "unreleting": -2,
  "unresearched": -2,
  "unscientific": -2,
  "unsecured": -2,
  "unselfish": 2,
  "unsettled": -1,
  "unsold": -1,
  "unsound": -2,
  "unsupported": -2,
  "untarnished": 2,
  "upset": -2,
  "upsets": -2,
  "upsetting": -2,
  "uptight": -2,
  "urgent": -1,
  "urip": 2,
  "uselessness": -2,
  "usil": -2,
  "utang": 1,
  "utuh": 2,
  "uwal": -1,
  "uwuh": -1,
  "validates": 1,
  "validating": 1,
  "vapid": -2,
  "verdicts": -1,
  "vested": 1,
  "vexation": -2,
  "vexing": -2,
  "victimization": -3,
  "victimize": -3,
  "victimizes": -3,
  "victimizing": -3,
  "victor": 3,
  "victors": 3,
  "vigor": 3,
  "vindicates": 2,
  "vindicating": 2,
  "violently": -3,
  "virulent": -2,
  "visionary": 3,
  "visioning": 1,
  "vitalitas": 3,
  "vitamin": 1,
  "vitriolic": -3,
  "vivacious": 3,
  "vividly": 2,
  "vociferous": -1,
  "vomit": -3,
  "vomits": -3,
  "wabah": -2,
  "wadhi": -2,
  "waduh": -2,
  "wagol": -2,
  "wahing": -2,
  "wahyu": 1,
  "walkout": -2,
  "walkouts": -2,
  "wangkal": -2,
  "wani": 2,
  "wanker": -3,
  "wareg": 2,
  "warmhearted": 2,
  "warmness": 2,
  "warning": -3,
  "warns": -2,
  "wassumelang": 2,
  "waspada": 3,
  "watak cerobo": -2,
  "watesan": -1,
  "Watesan": -1,
  "wavering": -1,
  "weakened": -2,
  "wedhi": 2,
  "wedi": -2,
  "weker": -2,
  "welasan": 2,
  "welasi": 3,
  "welcome": 2,
  "welldikembangaké": 2,
  "wewelak": -3,
  "Wewelak": -3,
  "wewenang": 2,
  "wewengkon": 2,
  "whimsical": 1,
  "whitewash": -3,
  "wigati": 2,
  "winates": -1,
  "winwin": 3,
  "Wirang": -2,
  "wisata": 2,
  "wishes": 1,
  "wisuh ijo": -3,
  "wiyar": 2,
  "woebegone": -2,
  "woeful": -3,
  "women": -2,
  "won": 3,
  "wong bodho": -2,
  "wong lara": -2,
  "wong sing drengki": -2,
  "woo": 3,
  "woohoo": 3,
  "wooo": 4,
  "woow": 4,
  "worsened": -3,
  "worsens": -3,
  "worth": 2,
  "wow": 4,
  "wowow": 4,
  "wowww": 4,
  "wrathful": -3,
  "wrenching": -2,
  "wrongfully": -2,
  "wrongly": -2,
  "wtff": -4,
  "wtfff": -4,
  "wujud": 1,
  "wungu": 1,
  "wus": 2,
  "wuta": -1,
  "wutah": 2,
  "XO": 3,
  "xoxo": 3,
  "xoxoxo": 4,
  "xoxoxoxo": 4,
  "ya": 1,
  "yakin": 1,
  "Yasadipura": 1,
  "yeah": 1,
  "yearning": 1,
  "yeees": 2,
  "yeningaumur": 3,
  "yucky": -2,
  "zealot": -2,
  "Zelot": -2
}