{
  "agonises": -3,
  "apeshit": -3,
  "Awaits": -1,
  "bamboozles": -2,
  "bankster": -3,
  "bereaves": -2,
  "bereaving": -2,
  "brilliances": 3,
  "cocksuckers": -5,
  "consolable": 2,
  "criminates": -3,
  "dejecting": -2,
  "dejects": -2,
  "Dilligence": 2,
  "dipshit": -3,
  "disconsolation": -2,
  "ErrorWithTranslation": -4,
  "exasparate": -2,
  "exhilarates": 3,
  "frikin": -2,
  "FTW": 3,
  "fuckface": -4,
  "fuckhead": -4,
  "fucktard": -4,
  "FUD": -3,
  "fuked": -4,
  "fuking": -4,
  "goofiness": -2,
  "gr8": 3,
  "greenwasher": -3,
  "greenwashers": -3,
  "Greenwashing": -3,
  "hahahah": 3,
  "haplessness": -2,
  "heavyhearted": -2,
  "humerous": 3,
  "impedingly": -2,
  "incensing": -2,
  "inediable": -2,
  "Infract": -2,
  "infracted": -2,
  "infracts": -2,
  "intransigency": -2,
  "Lawl": 3,
  "LMAO": 4,
  "LMFAO": 4,
  "LOLOL": 4,
  "lololol": 4,
  "lolololol": 4,
  "Lool": 3,
  "Loool": 3,
  "looool": 3,
  "MEMORIAM": -2,
  "mirthfully": 3,
  "misclassifies": -2,
  "misconducted": -2,
  "misconducting": -2,
  "misleaded": -3,
  "misreports": -2,
  "n00b": -2,
  "OKS": 2,
  "optionless": -2,
  "ostracizes": -2,
  "oversells": -2,
  "prblm": -2,
  "prblms": -2,
  "Robs": -2,
  "ROFL": 4,
  "roflcopter": 4,
  "ROFLMAO": 4,
  "romantical": 2,
  "ROTFL": 4,
  "rotflmfao": 4,
  "rotflol": 4,
  "savange": -2,
  "savanges": -2,
  "Secures": 2,
  "sexistic": -2,
  "shoody": -2,
  "singleminded": -2,
  "stinked": -2,
  "sueing": -2,
  "tyrans": -3,
  "uninvolving": -2,
  "unreleting": -2,
  "WINWIN": 3,
  "Woohoo": 3,
  "Wooo": 4,
  "woow": 4,
  "WOWOW": 4,
  "wowww": 4,
  "WTF": -4,
  "wtff": -4,
  "wtfff": -4,
  "XO": 3,
  "XOXO": 3,
  "xoxoxo": 4,
  "xoxoxoxo": 4,
  "yeees": 2,
  "абсентеістов": -1,
  "аварійний": -2,
  "аварія": -2,
  "авторитет": 1,
  "агресивний": -2,
  "агресивність": -2,
  "агресій": -2,
  "агресія": -2,
  "ад": -4,
  "адекватний": 1,
  "Акколада": 2,
  "актив": 2,
  "активи": 2,
  "активний": 1,
  "акуратність": 2,
  "акцептування": 2,
  "акції": 1,
  "алергічний": -2,
  "алілуя": 3,
  "альтруїстичний": 2,
  "Анжер": -3,
  "аномалія розвитку": -2,
  "антагоністичний": -2,
  "анти": -1,
  "апатичний": -3,
  "апатія": -3,
  "аплодувати": 2,
  "аплодує": 2,
  "аплодують": 2,
  "апокаліптичний": -2,
  "арешти": -2,
  "атака": -1,
  "атакуючий": -1,
  "атракціон": 2,
  "аура": 1,
  "афери": -3,
  "багаті": 2,
  "багато": 2,
  "багатообіцяючий": 2,
  "багатство": 3,
  "бадьорий": 3,
  "бажаний": 2,
  "бажання": 1,
  "бажано": 2,
  "бажаючих": 1,
  "байдужий": -2,
  "байдужість": -2,
  "байстрюк": -3,
  "банкрут": -3,
  "банкрутство": -3,
  "бачення": 1,
  "без особливих зусиль": 2,
  "безвідмовно": 2,
  "безвідповідальний": -2,
  "безвідповідально": -2,
  "безглуздий": -2,
  "бездоганний": 2,
  "бездомний": -2,
  "беззахисний": -2,
  "беззмістовний": -2,
  "беззубий": -2,
  "безкорисливий": 2,
  "безкоштовно": 1,
  "безлад": -2,
  "безнадійний": -2,
  "безнадійність": -2,
  "безоплатно надає": 2,
  "безпеку": 1,
  "безпечний": 1,
  "безпечніше": 2,
  "безпечно": 1,
  "безплідний": -2,
  "безпорадний": -2,
  "безпрецедентний": -2,
  "безрадісний": -2,
  "безрезультатно": -2,
  "безробітний": -1,
  "безробіття": -2,
  "безрозсудна пристрасть": 2,
  "безсердечний": -2,
  "безсилий": -2,
  "безсмертний": 2,
  "безсоння": -2,
  "безстрашний": 2,
  "безстрашність": 2,
  "безтурботний": -2,
  "безумніше": -2,
  "безумство": -3,
  "безуспішно": -2,
  "безчестя": -2,
  "безшовний": 2,
  "бентежити": -2,
  "бесшовно": 2,
  "битви": -1,
  "биття": -1,
  "бідних": -2,
  "бідність": -1,
  "біднішими": -2,
  "бій": -1,
  "біль": -2,
  "біса дивно": 4,
  "бісить": -2,
  "благодать": 1,
  "благодійний": 2,
  "благодійник": 2,
  "благодійники": 2,
  "благополуччя": 2,
  "благороднейший": 2,
  "благородний": 2,
  "благословення": 3,
  "благословити": 2,
  "благословляє": 2,
  "блаженний": 3,
  "блаженство": 3,
  "блиск": 3,
  "блискітки": 3,
  "блискучий": 3,
  "блін": -4,
  "блок": -1,
  "блокада": -2,
  "блокбастер": 3,
  "блоки": -1,
  "блокований": -1,
  "блокування": -1,
  "блювота": -3,
  "блювотний": -3,
  "бля любов": 4,
  "бовдур": -4,
  "бог": 1,
  "божевільний": -2,
  "бойкот": -2,
  "бойкоти": -2,
  "бойкотували": -2,
  "бойкотувати": -2,
  "бойової": -1,
  "бої": -1,
  "боїться": -2,
  "болить": -2,
  "болісний": -3,
  "болісно": -1,
  "болісно реагує": -2,
  "боляче": -2,
  "болящий": -2,
  "бомба": -1,
  "борг": -2,
  "бореться": -2,
  "боролися": -1,
  "боротися": -1,
  "боротьба": -2,
  "борючись": -2,
  "боягуз": -2,
  "боягузливий": -2,
  "боязкий": -2,
  "боятися": -2,
  "боячись": -2,
  "бравурність": 3,
  "брехав": -2,
  "брехливий": -3,
  "брехливість": -3,
  "брехун": -3,
  "брехуни": -3,
  "бруд": -2,
  "брудне": -2,
  "брудний": -2,
  "брудніше": -2,
  "брутто": -2,
  "будь ласка": 1,
  "буйний": 4,
  "бунт": -2,
  "бунтівний": -2,
  "бунтувати": -2,
  "в жаху": -3,
  "в захваті": 3,
  "в змові": -3,
  "в обране": 2,
  "в розпачі": -3,
  "вада": -2,
  "важкий": -2,
  "важко": -1,
  "важливість": 2,
  "важливо": 2,
  "варвар": -2,
  "варварський": -2,
  "вартість": 2,
  "вбивств": -3,
  "вбивства": -2,
  "вбивствами": -2,
  "вбивство": -2,
  "вбивця": -2,
  "вбивчий": -3,
  "вбити": -3,
  "вболівальники": 1,
  "введення в оману": -2,
  "ввічливий": 2,
  "ввічливість": 2,
  "вводити в оману": -3,
  "вводити нововведення": 1,
  "вводить в оману": -3,
  "вгамовувався": 2,
  "вдавати": -1,
  "вдає": -1,
  "вдалося": 3,
  "вдумливий": 2,
  "вдячний": 2,
  "велика": 3,
  "великий": 3,
  "величезний": 1,
  "вентилятор": 3,
  "вердикт": -1,
  "верткий": -2,
  "верхівки": 2,
  "веселий": 2,
  "весело": 2,
  "веселощі": 4,
  "вести переговори": -1,
  "вибачається": -1,
  "вибачатися": -1,
  "вибачаючись": -1,
  "вибачення": -1,
  "вибачився": -1,
  "вибачте": -1,
  "виверткий": -2,
  "вигідна покупка": 2,
  "вигідний": 2,
  "вигнання": -2,
  "вигода": 2,
  "виграш": 4,
  "вигук": -2,
  "вид": 2,
  "видатний": 2,
  "визнав": -1,
  "визнає": -1,
  "визнання": 2,
  "виклик": -1,
  "виклик до суду": -2,
  "виключати": -1,
  "виключений": -2,
  "виконання": 2,
  "виконано": 2,
  "виконувати": 2,
  "викрадає": -2,
  "викрадати": -2,
  "викрадена": -2,
  "викрадений": -2,
  "викрадення людей": -2,
  "викрадень": -2,
  "викривати": -1,
  "викриттів": -1,
  "виктимизация": -3,
  "виманювати": -3,
  "вимовляв": -2,
  "вимоги": -1,
  "вимогливий": -1,
  "вимушений": 1,
  "вина": -2,
  "винагороджені": 2,
  "винесення вироку": -2,
  "винищує": -3,
  "винний": -3,
  "виняток": -1,
  "випадки зловживання": -2,
  "випадковий": -2,
  "випадково": -2,
  "випал": -2,
  "випещений": 2,
  "виправдавши": 2,
  "виправдає": 2,
  "виправданий": 2,
  "виправдання": -1,
  "виправдано": 2,
  "випускати з уваги": -1,
  "виразками": -3,
  "вирвало": -3,
  "вирізати": -1,
  "вирішальне значення": 1,
  "вирішена": 1,
  "вирішені": 2,
  "вирішити": 1,
  "вирішує": 1,
  "виродки": -5,
  "виродок": -3,
  "вироки": -1,
  "вирощування": 1,
  "виручає": 2,
  "виселення": -1,
  "висилати": -2,
  "висип": -2,
  "вислизає": -1,
  "висловив співчуття з приводу": -3,
  "висловлювали вдячність": 2,
  "висловлює жаль з приводу": -3,
  "висміювання": -2,
  "висміювати": -2,
  "висміює": -2,
  "висміюються": -2,
  "виснажливий": -2,
  "висновок": -3,
  "високо оцінює": 2,
  "виступ": 1,
  "витік": -1,
  "витісняє": -2,
  "витончений": 2,
  "витрати": -2,
  "витрачати": -2,
  "витривалий": 2,
  "витривалішими": 2,
  "витяг переваг": 2,
  "вихваляння": 3,
  "виховання": 2,
  "вичитує": -3,
  "вишуканий": 3,
  "вишукування": 3,
  "вищий": 4,
  "виявилася затоплена": -2,
  "вібруючий": 3,
  "відбиті": -2,
  "відбувся": -2,
  "відважний": 2,
  "відважно": 2,
  "відвали": -1,
  "відведення": -2,
  "відвернена": -1,
  "відвертає": -1,
  "відволікається": -2,
  "відволікання": -2,
  "відволікати": -2,
  "відволікаючи": -1,
  "відганяти": -1,
  "відгомін": -2,
  "відданий": 2,
  "відданість": 2,
  "відкати": -3,
  "відкидає": -1,
  "відкидання": -1,
  "відкидати": -1,
  "відкидаються": -1,
  "відкидаючи": -1,
  "відкинуто": -1,
  "відкладати": -1,
  "відкладаючи": -1,
  "відкладено": -1,
  "відключення": -2,
  "відмінно": 3,
  "відмов": -2,
  "відмова": -2,
  "відмовився": -2,
  "відмовитися від": -2,
  "відмовлено": -2,
  "відмовляється": -2,
  "відмовлятися": -2,
  "віднімати": -2,
  "відновлений": 1,
  "відновлення": 1,
  "відомий": 2,
  "відповідальність": 1,
  "відповідний": 2,
  "відпрацьовує": 2,
  "відпускає": 2,
  "відраза": -3,
  "відроджується": 2,
  "відсалютував": 2,
  "відставав": -2,
  "відстає": -2,
  "відстій": -3,
  "відстоювали": 2,
  "відстрочка": -1,
  "відступ": -1,
  "відсуває": -1,
  "відсутній": -1,
  "відсутність": -2,
  "відсутня": -1,
  "відхилені": -2,
  "відхиляти": -1,
  "відходи": -1,
  "відчай": -3,
  "відчайдушний": -3,
  "відчитав": -3,
  "відчуває огиду": -3,
  "відчувати огиду": -3,
  "відчуження": -2,
  "відчутий": 3,
  "відштовхувати": -1,
  "відштовхуючий": -2,
  "війна": -2,
  "віктимізації": -3,
  "віктимізована": -3,
  "вільний": -3,
  "вініл": -2,
  "віра": 1,
  "вірний": 3,
  "вітав": 2,
  "вітає": 2,
  "вітамін": 1,
  "вітання": 1,
  "вітати": 1,
  "вітаю": 2,
  "вічнозелений": 2,
  "вічнозелених": 2,
  "вічнозелені": -3,
  "вколоти": -5,
  "вкрасти": -2,
  "власницький": -2,
  "вмираючий": -3,
  "вміння": 1,
  "вогонь": -2,
  "вознесена": 2,
  "волати": -2,
  "волі": 2,
  "вона": 3,
  "вонючка": -2,
  "ворог": -2,
  "вороги": -2,
  "ворожий": -2,
  "впав": -1,
  "впав духом": -2,
  "впадає": -2,
  "впадає у відчай": -3,
  "впала": -1,
  "впевнений": 2,
  "впевненість": 2,
  "впевнено": 2,
  "впертий": -2,
  "впливовий": 2,
  "впустити": -1,
  "вражає": 3,
  "вражати": 2,
  "вражаючий": 3,
  "вражений": -1,
  "враження": 3,
  "вразливість": -2,
  "врятований": 2,
  "вселяти": -2,
  "вселяють": -2,
  "всепоглинаючий": 3,
  "всюдисущий": 2,
  "втамовує": 2,
  "Втеча": -1,
  "втечу": -1,
  "втішний": 2,
  "втома": -2,
  "втомлений": -2,
  "вторгнення": -1,
  "втрата": -3,
  "втрати": -3,
  "втрати права викупу": -2,
  "втраті": -2,
  "втрачає": -3,
  "втрачений": -3,
  "втрачених викликів": -2,
  "входить в зачеплення": 1,
  "вчинення": 1,
  "вчинення тяжкого вбивства": -3,
  "галантний": 3,
  "галантність": 3,
  "галантно": 3,
  "галасливий": -1,
  "гам": -3,
  "гандон": -4,
  "ганебний": -2,
  "ганьба": -2,
  "Ганьба": -2,
  "гарантія": 1,
  "гармонійний": 2,
  "гармонійно": 2,
  "гармонія": 2,
  "гарний": 3,
  "гарний вигляд": 3,
  "герой": 2,
  "герої": 2,
  "героїчний": 3,
  "гидливість": -3,
  "гидоту": -2,
  "гівнюк": -4,
  "гідний": 2,
  "гідність": 2,
  "гіпнотизує": 3,
  "гірке": -2,
  "гіркий": -2,
  "гірко": -2,
  "гірше": -3,
  "гірше за ринок": -2,
  "гірше ринку": -2,
  "гламурний": 3,
  "глушіння": -1,
  "гнилої": -3,
  "гнів": -3,
  "гнівний": -3,
  "гнітючий": -2,
  "головний біль": -2,
  "голод": -2,
  "голодувати": -2,
  "голодує": -2,
  "голодуючий": -2,
  "голосистий": -1,
  "гониш": -2,
  "гордий": 2,
  "гордо": 2,
  "горезвісний": -2,
  "горі": -2,
  "горішки": -3,
  "госпіталізовані": -2,
  "гострий": 1,
  "готовність": 2,
  "грабіжник": -2,
  "грабувати": -2,
  "град": 2,
  "грайливий": 2,
  "гранти": 1,
  "гребувала": -3,
  "грип": -2,
  "грізний": -2,
  "гріх": -2,
  "гріхи": -2,
  "грішний": -3,
  "грубий": -2,
  "грубості": -2,
  "губити": -2,
  "гумористичний": 2,
  "гумористичні": 2,
  "гучне вітання": 2,
  "да": 1,
  "данину": 2,
  "даремний": -2,
  "даремно": -2,
  "дарувати": 1,
  "двоїстий": -1,
  "деградованих": -2,
  "деградувати": -2,
  "деградує": -2,
  "дегуманізував": -2,
  "дегуманізує": -2,
  "дезадаптацією": -2,
  "дезінформація": -2,
  "дезінформований": -2,
  "дезорганізований": -2,
  "дезорієнтований": -2,
  "декламація": -3,
  "демонстрація": -1,
  "деморалізований": -2,
  "деморалізувати": -2,
  "деморалізує": -2,
  "деморалізуючий": -2,
  "денонсувати": -2,
  "денонсує": -2,
  "денье": -2,
  "депортації": -2,
  "депортація": -2,
  "депортовані": -2,
  "депортувати": -2,
  "депортує": -2,
  "державна зрада": -3,
  "дерьмово": -3,
  "дефект": -3,
  "дефекти": -3,
  "дефектний": -3,
  "дефіцит": -2,
  "джерело забруднення": -2,
  "дивний": -1,
  "дивно": -1,
  "диво": 3,
  "дивовижний": 4,
  "дивувати": 3,
  "дивує": 3,
  "дивується": -2,
  "дилема": -1,
  "димить": -2,
  "димчастий": -1,
  "дискваліфікований": -2,
  "дискомфорт": -2,
  "дискредитований": -2,
  "дискримінаційний": -2,
  "дискримінувати": -2,
  "дискримінує": -2,
  "дискримінуються": -2,
  "дисонанс": -2,
  "дистрес": -2,
  "дисфункція": -2,
  "дитячий": -2,
  "діамант": 1,
  "добре": 3,
  "добре захищала": 3,
  "добре розвинена": 2,
  "добрішими": 2,
  "доброго ранку": 1,
  "добродушний": 3,
  "доброзичливий": 2,
  "доброзичливість": 3,
  "доброта": 2,
  "доброчесний": 2,
  "доброякісність": 3,
  "довговічний": 2,
  "доведений": 2,
  "довіра": 1,
  "довірений": 2,
  "довірено": 2,
  "довірливість": -2,
  "догани": -2,
  "догану": -2,
  "догляд": 2,
  "додали в обране": 2,
  "дозвіл": 2,
  "дозволяє уникати": -1,
  "дозволяти": 2,
  "докучати": -2,
  "докучливий": -2,
  "домагання": -3,
  "домашній затишок": 2,
  "допитав": -2,
  "допитливий": 2,
  "допомагає": 2,
  "допомога": 2,
  "дорікає": -3,
  "дорогий": 2,
  "дорого": 3,
  "дорогоцінний камінь": 3,
  "досада": -2,
  "досить": 1,
  "досконалий": 3,
  "досконалість": 3,
  "дослідження": 1,
  "доступний": 2,
  "доступною": 1,
  "досяг": 1,
  "досягає": 1,
  "досягає успіху": 3,
  "досягати успіху": 3,
  "досягнення": 2,
  "досягти": 1,
  "досяжний": 1,
  "доходи": 2,
  "дошкуляє": -2,
  "дощовий": -1,
  "дощовик": 2,
  "дрантя": -2,
  "дратівливий": -2,
  "дратувати": -3,
  "дратує": -3,
  "дроблення": -1,
  "дробленням": -1,
  "дроселі": -2,
  "дросселирование": -2,
  "дружба": 2,
  "дружелюбність": 2,
  "дружний": 2,
  "дуже смачний": 3,
  "дупа": -4,
  "дурень": -3,
  "дурити": -2,
  "дурний": -2,
  "дурниця": -2,
  "дурні": -2,
  "дутися": -2,
  "дух": 1,
  "Дякую": 2,
  "ебарь": -4,
  "ебать": -4,
  "евакуація": -1,
  "евакуйований": -1,
  "евакуювати": -1,
  "евакуює": -1,
  "евакуюють": -1,
  "егоїстичний": -3,
  "егоїстичність": -3,
  "ейфорії": 4,
  "ейфорія": 3,
  "екологічно чисті": 2,
  "економити": 2,
  "економія": 1,
  "ексклюзивний": 2,
  "експертно": 2,
  "експлойти": -2,
  "експлуатації": -2,
  "експлуатований": -2,
  "експлуатувати": -2,
  "екстатичний": 4,
  "екстреміст": -2,
  "екстремісти": -2,
  "ексцентричний": -2,
  "елегантний": 2,
  "елегантно": 2,
  "енергійний": 2,
  "етичний": 2,
  "ефективний": 2,
  "ефективність": 2,
  "єдиний": 1,
  "жадібний": 2,
  "жадібність": -3,
  "жалібний": -2,
  "жалісливий": 2,
  "жалість": -2,
  "жалю": -2,
  "жарт": 2,
  "жарти": 2,
  "жартівливий": 2,
  "жах": -3,
  "жахливий": -3,
  "жахливо": 4,
  "жвавий": 2,
  "жваво": 2,
  "женофоб": -2,
  "жертва": -3,
  "жертви": -3,
  "жертвувати": 2,
  "живий": 1,
  "живої": 2,
  "життєздатність": 3,
  "життєрадісний": 2,
  "жітья": -3,
  "жовчний": -3,
  "жопу": -4,
  "жорсткий": -1,
  "жорстких": -2,
  "жорстокий": -3,
  "жорстокість": -3,
  "жорстоко": -3,
  "з кутами": -2,
  "з надією": 2,
  "заарештований": -3,
  "заарештувати": -2,
  "забавляти": 3,
  "забезпечений": 2,
  "забезпечення": 1,
  "забезпечувати": 1,
  "заборона": -2,
  "заборонений": -2,
  "заборонено": -2,
  "заборонити": -1,
  "забороняє": -1,
  "забороняти": -1,
  "забруднене": -2,
  "забруднення": -2,
  "забруднювати": -2,
  "забруднювач": -2,
  "забруднювачами": -2,
  "забруднює": -2,
  "забруднюючи": -2,
  "забруднюючі речовини": -2,
  "забув": -1,
  "забувається": -1,
  "забувати": -1,
  "забудькуватий": -2,
  "забутий": -1,
  "заважає": -2,
  "заважати": -2,
  "завдає мети": -2,
  "завдано збитків": -2,
  "завершує роботу": -1,
  "завищення": -2,
  "загальний": 1,
  "загальноприйнятий": 1,
  "загибель": -2,
  "заглушати": -2,
  "загострювати": -2,
  "загострює": -2,
  "загострюється": -2,
  "загримований": -1,
  "загрожувала": -2,
  "загрожувати": -2,
  "загроз": -2,
  "загроза": -2,
  "загрози": -2,
  "загрозливий": 3,
  "задирака": -3,
  "задоволений": 3,
  "задоволення": 2,
  "задумливий": -2,
  "задушений": -2,
  "зажадав": -1,
  "заздрить": -1,
  "заздрісний": -2,
  "заздрість": -1,
  "зазивання покупців": -2,
  "зазнає невдачі": -2,
  "займатися": 1,
  "закликає": 2,
  "заклопотаний": -2,
  "заколов": -2,
  "законно": 2,
  "закріплений": 1,
  "залишати": -1,
  "залишився в живих": 2,
  "залупа": -4,
  "залучати": 1,
  "залучення": 2,
  "залучили": 1,
  "залякування": -2,
  "залякувати": -2,
  "залякує": -2,
  "залякують": -2,
  "залякуючий": -2,
  "замаскований": -1,
  "заможний": 2,
  "заможніше": 2,
  "занадто гостро реагувати": -2,
  "занадто спрощений": -2,
  "занедбаний": -2,
  "занедбаність": -2,
  "занепалий": -2,
  "занепокоєння": -3,
  "занижені": -1,
  "заохочення": 2,
  "заохочувала": 2,
  "заохочувати": 2,
  "запалений": -1,
  "запаморочливий": -1,
  "запас життєвих сил": 2,
  "заперечники": -2,
  "заперечувати": -2,
  "заперечує": -2,
  "запізнювання": -2,
  "заплутаний": 2,
  "запобігає": -1,
  "запобігання": -1,
  "запобігати": -1,
  "заповітний": 2,
  "заподіяння": -2,
  "заподіяти": -2,
  "запозичений": -2,
  "запор": -2,
  "запрошувати": 1,
  "запруднював": -2,
  "запущений": 1,
  "заражає": -2,
  "заражати": -2,
  "заражений": -2,
  "заражений паразитами": -2,
  "зараження паразитами": -2,
  "зараз": -2,
  "зараза": -2,
  "зарозумілий": -2,
  "заряджений": -3,
  "заслужений": 2,
  "засмучений": -2,
  "засмучені": -2,
  "засмучення": -2,
  "засмучувати": -2,
  "засмучує": -2,
  "заспокійливе": 2,
  "заспокійливий": 3,
  "заспокоєний": 2,
  "заспокоїв": 1,
  "заспокоювати": 1,
  "заспокоює": 2,
  "застарілий": -2,
  "застеріг": -2,
  "застогнав": -2,
  "застопорився": -2,
  "застряг": -2,
  "засуджений": -2,
  "засуджено": -3,
  "засуджувати": -2,
  "засуджує": -2,
  "затверджений": 2,
  "затвердження": -2,
  "затонуле судно": -2,
  "затриманий": -1,
  "затримання": -2,
  "затримка": -1,
  "затримувати": -2,
  "захват": 2,
  "захвати": 2,
  "захисник": 2,
  "захисники": 2,
  "захищає": 1,
  "захищати": 1,
  "захищений": 1,
  "захоплений": 2,
  "захоплювати": 3,
  "захоплюватися": 3,
  "захоплює": 3,
  "захоплююче": 2,
  "захоплюючий": 5,
  "зацікавлений": 2,
  "зацьковані": -2,
  "зачарований": 3,
  "зачаровувати": 3,
  "зачаровує": 3,
  "збалансований": -2,
  "збентежена": -2,
  "збентежений": -2,
  "збережені": 2,
  "зберігається": -1,
  "збиває з пантелику": -2,
  "збитки": -3,
  "збій в": -2,
  "збільшений": 1,
  "збільшили": 1,
  "збільшити": 1,
  "збірник законів": 2,
  "збої": -2,
  "збоченець": -3,
  "збуджений": -3,
  "звалище": -1,
  "звалювання": -2,
  "звинувачення": -2,
  "звинувачувати": -2,
  "звинувачує": -2,
  "звільнений": -2,
  "звільнений від відповідальності": 2,
  "звільнено": -1,
  "звільнили": -2,
  "звільнялися": 2,
  "звільняти": 2,
  "звірство": -3,
  "звірячий": -3,
  "зворушливий": 3,
  "згвалтована": -4,
  "згвалтування": -4,
  "згод": 2,
  "згода": 2,
  "згодні": 1,
  "згортання": -2,
  "згубний": -3,
  "згущення": -1,
  "здатний": 1,
  "здатність": 2,
  "здатності": 2,
  "здивоване": -2,
  "здивовані": 3,
  "здійснити": 1,
  "здійснює": 1,
  "здоровий": 2,
  "зелений камуфляж": -3,
  "зелений мити": -3,
  "зелений пральна": -3,
  "землерийка": -4,
  "зі знижкою": -1,
  "зі смертельними наслідками": -3,
  "зі спинкою": 1,
  "зійшов з рейок": -2,
  "зіпсований": -2,
  "зіпсував": -3,
  "зірвані": -2,
  "зіткнення": -2,
  "зітхати": -2,
  "зламав": -1,
  "зламаний": -1,
  "злий": -2,
  "злісний": -2,
  "злість": -2,
  "зло": -3,
  "зловживали": -3,
  "зловживання": -3,
  "зловживаючи": -2,
  "зловісний": -2,
  "зломщик": -2,
  "злочин": -3,
  "злочинець": -3,
  "злочинів": -2,
  "злочину": -3,
  "злочинці": -3,
  "змагальний": -1,
  "змагаються": -1,
  "зменшувало": -1,
  "зміг": -2,
  "змінюють правила гри": 3,
  "зміцнення": 2,
  "зміцнювати": 2,
  "зміцнює": 2,
  "зміщення": -1,
  "змова": -3,
  "змучений": -2,
  "знахідка": 4,
  "значення": 1,
  "значне": 1,
  "значний": -1,
  "значущим": 2,
  "зневажає": -3,
  "зневажати": -2,
  "зневажливий": -2,
  "зневажливо": -2,
  "зневірений": -3,
  "знехтувати": -2,
  "зникає": -1,
  "зникати": -1,
  "зниклий": -1,
  "знищити": -3,
  "знищувати": -2,
  "знімілий": -1,
  "зношений": -1,
  "знущався": -2,
  "знущається": -2,
  "знущатися": -2,
  "знущаються": -2,
  "золото": 2,
  "зосереджені": 2,
  "зрада": -3,
  "зраджувати": -3,
  "зраджує": -3,
  "зрадила": -3,
  "зраділи": 4,
  "зрадницький": -3,
  "зрив": -2,
  "зривати": -2,
  "зриви": -2,
  "зриві": -2,
  "зрілий": 2,
  "зростання": 2,
  "зруйнований": -2,
  "зруйнованої": -2,
  "зручний": 2,
  "зручно": 2,
  "зручності": 2,
  "зсув": -1,
  "зупинився": -1,
  "зупинка": -1,
  "зупинки": -1,
  "зухвалий": -1,
  "йде у відставку": -1,
  "йти у відставку": -1,
  "ігнорованих": -1,
  "ігнорування": -2,
  "ігнорувати": -1,
  "ігноруються": -2,
  "ідіот": -3,
  "ідіотизм": -3,
  "ідіотський": -3,
  "ізморенний голодом": -2,
  "ізольований": -1,
  "іммобілізований": -1,
  "імпічмент": -3,
  "імпічменту": -3,
  "імпотент": -2,
  "імунний": 1,
  "інвалідів": -2,
  "інвалідність": -2,
  "індоктринацію": -2,
  "інквізиція": -2,
  "інкримінувати": -3,
  "інноваційний": 2,
  "інноваційно": 1,
  "інновація": 1,
  "інтенсивний": 1,
  "інтерес": 1,
  "інтереси": 1,
  "інтимність": 2,
  "інфантильний": -2,
  "інфекційний": -2,
  "інфекції": -2,
  "інфекція": -2,
  "інфікувати": -2,
  "іронічний": -1,
  "Іронія": -1,
  "ірраціональний": -1,
  "іскра": 1,
  "іскритися": 3,
  "істерика": -3,
  "істеричний": -3,
  "істерія": -3,
  "істотний": 1,
  "Ісус": 1,
  "каліцтва": -2,
  "карає": -2,
  "каральний": -2,
  "карати": -3,
  "караюча": -3,
  "караючий": -2,
  "катапультування": -2,
  "катастрофа": -3,
  "катастрофічний": -4,
  "катувати": -4,
  "каяття": -2,
  "кепський": -2,
  "керівництво": 1,
  "кирпатий": -2,
  "киснути": -1,
  "кишіти": -2,
  "кладучи": -2,
  "класний": 3,
  "класти не на місце": -2,
  "клепки": 3,
  "кляп": -2,
  "кляпом у роті": -2,
  "коефіцієнт посилення": 2,
  "козел відпущення": -2,
  "колапс": -2,
  "коливається": -1,
  "комедія": 1,
  "комічний": 1,
  "компанійський": 2,
  "компетентний": 2,
  "комплексний": 2,
  "комплімент": 2,
  "комфорт": 2,
  "конкурентоспроможний": 2,
  "контамінації": -2,
  "контрабанда": -2,
  "контрабандний": -2,
  "конфлікт": -2,
  "конфлікти": -2,
  "конфліктний": -2,
  "конфуз": -2,
  "концептуалізація": 1,
  "корисний": 2,
  "корисним": 2,
  "корисність": 2,
  "користувався": 2,
  "користується": 2,
  "короткозорість": -2,
  "корупція": -3,
  "косі": -2,
  "коштовності": 1,
  "крадіжка": -2,
  "крадіжка зі зломом": -2,
  "крамола": -2,
  "краса": 3,
  "красивий": 3,
  "красиво": 3,
  "красуні": 3,
  "красунь": 3,
  "краще": 2,
  "кращий": 3,
  "кращий млинець": 4,
  "кращі": 3,
  "кривавий": -3,
  "криза": -3,
  "крик": -1,
  "крики": -2,
  "крикунами": -3,
  "криміналізації": -2,
  "критик": -2,
  "критика": -2,
  "критики": -2,
  "критикувати": -2,
  "критикує": -2,
  "критиці": -2,
  "кричав": -2,
  "кричущий": -2,
  "кряхтеть": -2,
  "купоросними": -3,
  "лаг": -1,
  "лаги": -2,
  "ладан": -2,
  "лається": -2,
  "лайка": -2,
  "лайно": -3,
  "ламі": -2,
  "ласкаво просимо": 2,
  "лаяти": -2,
  "лаятися": -2,
  "легкість": 2,
  "легко": 1,
  "легковажний": -2,
  "легковірний": -2,
  "легкодухим": -2,
  "ледар": -2,
  "ледачий": -1,
  "летальний": -2,
  "летальність": -2,
  "летаргічний": -2,
  "лжесвідчення": -3,
  "лиха": -2,
  "лихо": -2,
  "лихоманка": -2,
  "лицемірний": -2,
  "личило": 2,
  "лобі": -2,
  "лобіст": -2,
  "лобісти": -2,
  "лобіював": -2,
  "лобіювання": -2,
  "лобове опір": -1,
  "Лол": 3,
  "лохи": -4,
  "лояльний": 3,
  "лояльність": 3,
  "лунатики": -3,
  "любити": 3,
  "любить": 2,
  "люблю": 2,
  "любляча доброта": 3,
  "люблячий": 2,
  "любов": 3,
  "людяний": 2,
  "люто": -3,
  "лють": -2,
  "лякає": -2,
  "лякаючий": -3,
  "мазок": -2,
  "мальовничий": 2,
  "маніпулювали": -1,
  "маніпулювання": -1,
  "маркування товарним знаком, що вводить в оману": -3,
  "марність": -2,
  "марнотратство": -2,
  "мародерство": -2,
  "маскування": -1,
  "маскувати": -1,
  "масові заворушення": -2,
  "маячили": -1,
  "медаль": 3,
  "межах": -1,
  "меланхолія": -2,
  "мерзенний": -2,
  "мертвий": -3,
  "месник": -2,
  "месники": -2,
  "методичний": 2,
  "методично": 2,
  "милий": 2,
  "милість": 2,
  "милостивий": 3,
  "мир": 2,
  "мирне": 2,
  "мирно": 2,
  "міс": -2,
  "містифікація": -2,
  "міф": -1,
  "міцний": 2,
  "млинець": -2,
  "млявий": -2,
  "млявість": -2,
  "могила": -2,
  "модератори": 2,
  "модернізовані": 2,
  "модернізувати": 2,
  "модернізує": 2,
  "може \"стояти т": -3,
  "можливість": 1,
  "можливості": 1,
  "молитвами": 1,
  "молитися": 1,
  "монополізований": -2,
  "монополізувати": -2,
  "монополізує": -2,
  "монотонний": -1,
  "мотивація": 1,
  "мотивовано": 2,
  "мотивувати": 1,
  "мотивуючим": 2,
  "мрії": 1,
  "мстивий": -2,
  "мстити": -2,
  "мстить": -2,
  "мудак": -4,
  "мудрість": 1,
  "мужність": 2,
  "мука": -2,
  "мутний": -2,
  "мучитися": -3,
  "мучиться": -3,
  "на борту": 1,
  "на жаль": -1,
  "на щастя": 3,
  "набридає": -2,
  "набридло": -3,
  "навряд чи": -1,
  "нагляд": -1,
  "нагорода": 3,
  "нагороджений": 3,
  "нагородження": 2,
  "нагороди": 3,
  "надається": 1,
  "надали неправдиві відомості": -2,
  "надання": 1,
  "надихати": 2,
  "надихаючий": 3,
  "надійний": 2,
  "надійність": 2,
  "надійно": 2,
  "надії": 2,
  "надітий": -2,
  "надія": 2,
  "надмірна вага": -1,
  "надмірна реакція": -2,
  "надмірно": -2,
  "надприродний": -2,
  "надувати": -2,
  "надутий": -2,
  "найбідніший": -2,
  "найбільший": 3,
  "найгірше": -3,
  "найсильніший": 2,
  "найтемніший": -2,
  "найщасливіший": 3,
  "наївний": -2,
  "наївно": -2,
  "накип": -3,
  "накладати": -1,
  "накладений": -1,
  "наклепницький": -2,
  "наконечник списа": 2,
  "накопичити": -1,
  "належним чином": 2,
  "напад": -2,
  "нападки": -1,
  "напали": -1,
  "напівжирний": 2,
  "напідпитку": 3,
  "напористий": -1,
  "напружений": -2,
  "напруженість": -1,
  "напучував": -2,
  "наражати на небезпеку": -2,
  "нарости": 2,
  "насильник": -4,
  "насильницький": -3,
  "насильство": -3,
  "наслідки": -2,
  "насолоджуватися": 2,
  "насолоджуючись": 2,
  "насолоду": 3,
  "наставляє": -2,
  "наступ": -2,
  "наступний": 3,
  "насувається": -1,
  "натуральний": 1,
  "натхненний": 2,
  "натхнення": 2,
  "нахабний": -2,
  "не вартий": -2,
  "не вдалося": -2,
  "не вивчені": -2,
  "не вірити": -2,
  "не добре": -2,
  "не знають": -2,
  "не погоджуватися": -2,
  "не подобається": -2,
  "не працює": -3,
  "не смішно": -3,
  "Не сподобалось:": -2,
  "неадекватний": -2,
  "небажаний": -2,
  "небезпека": -2,
  "небезпечний": -3,
  "небезпечно": -2,
  "небесний": 4,
  "небо": 2,
  "невблаганний": -3,
  "невдалий": -2,
  "невдаха": -3,
  "невдохновленний": -2,
  "невдячний": -3,
  "невелікодушно": -2,
  "невиконаний": -2,
  "невирішене": -1,
  "невисока": -2,
  "невігластво": -2,
  "невідповідний": -2,
  "невірно витлумачені": -2,
  "невіруючий": -1,
  "невмілість": -2,
  "невміло": -2,
  "невмотивований": -2,
  "невпевнений": -2,
  "невпечатлен": -2,
  "невразливий": 2,
  "невтішний": -2,
  "негативний": -2,
  "негативність": -2,
  "негігієнічний": -2,
  "негідник": -3,
  "негр": -5,
  "неграмотність": -2,
  "недалекоглядний": -2,
  "недбалий": -2,
  "недієздатними": -2,
  "недіючий": -2,
  "недобросовісний": -2,
  "недоварений": -2,
  "недовірливий": -3,
  "недовіру": -3,
  "недогляд": -1,
  "недоліки": -2,
  "недооцінка": -1,
  "недооцінкою": -3,
  "недооцінювати": -1,
  "недоречні": -2,
  "недосконалий": -2,
  "недостатнє": -2,
  "недостатність": -2,
  "недостатньо": -2,
  "недостовірної інформації": -2,
  "недостойний": -2,
  "недоступний": -1,
  "недотепний": -2,
  "недоумкуватий": -3,
  "неетичним": -2,
  "неефективний": -2,
  "неефективні": -2,
  "неефективність": -2,
  "неживий": -2,
  "незабезпечений": -2,
  "незадоволений": -2,
  "незадоволення": -2,
  "незаконно": -3,
  "незаплямованою": 2,
  "незатверджений": -2,
  "незатверджених": -2,
  "незворотний": -1,
  "незграбний": -2,
  "нездатний": -2,
  "нездатність": -2,
  "нездоланний": 2,
  "нездоровий": -2,
  "незначний": -2,
  "незрівнянний": 2,
  "незріла, інфантильна": -2,
  "незрозумілий": -2,
  "незручне": -2,
  "незручний": -2,
  "незручність": -2,
  "неймовірний": 4,
  "неймовірно": -1,
  "неіснуючий": -2,
  "некомпетентний": -2,
  "некомпетентність": -2,
  "нелегальний": -3,
  "нелогічний": -2,
  "нелюбиме": -2,
  "нелюбимий": -2,
  "нелюбов": -2,
  "нелюдський": -2,
  "немає": -1,
  "неміцний": -2,
  "ненавидить": -3,
  "ненавиділа": -3,
  "ненавидіти": -3,
  "ненавидячи": -3,
  "ненависний": -3,
  "ненависники": -3,
  "ненависником": -3,
  "ненависть": -3,
  "ненавмисне вбивство": -3,
  "ненавмисний": -2,
  "ненароком": -2,
  "ненауковий": -2,
  "ненормальний": -2,
  "необачний": -2,
  "необгрунтований": -2,
  "необоротно": -1,
  "неосвічений": -2,
  "неослабний": -1,
  "неосудність": -2,
  "непарний": -2,
  "непереможний": 2,
  "непідтверджений": -1,
  "неповагу": -2,
  "неповеріл": -1,
  "неповний": -1,
  "неповторні": -2,
  "неподобство": -3,
  "непоправної": -2,
  "непорозуміння": -2,
  "непорушний": 2,
  "непохитний": -2,
  "неправдиві відомості про": -2,
  "неправдоподібно": 4,
  "неправильне вживання": -2,
  "неправильно": -2,
  "неправильно зрозумів": -2,
  "неправильно зрозуміти": -2,
  "неправильно класифікований": -2,
  "неправильно розподіляти ролі": -2,
  "неправильно спожитий": -2,
  "неправильно тлумачити": -1,
  "неправильної класифікації": -2,
  "неправомірно": -2,
  "неприборканий": -2,
  "непривабливий": -2,
  "непридатний": -2,
  "непридатних": -2,
  "непридатність": -3,
  "неприємний": -2,
  "неприємність": -2,
  "неприємності": -2,
  "неприйнятний": -2,
  "непримиренність": -2,
  "непристойний": -2,
  "непристойність": -2,
  "непроданий": -1,
  "непропорційний": -2,
  "непростимий": -3,
  "непрофесійний": -2,
  "непрохідність": -2,
  "нерви": -1,
  "нервовий": -2,
  "нервово": -2,
  "нерівний": -1,
  "нерішучий": -2,
  "нерозумний": -2,
  "несамовитий": -3,
  "нескладний": -2,
  "неспокійний": -2,
  "несправедливий": -2,
  "несправедливість": -2,
  "несприятливий": -2,
  "несприятливому": -2,
  "неспроможний": -2,
  "нестача": -2,
  "нестерпний": -2,
  "нестійкий": -2,
  "нестримний": 2,
  "нестримно": 2,
  "несфокусованого": -2,
  "несхвалення": -2,
  "несхвально": -2,
  "нетерплячий": 2,
  "неувага": -2,
  "неуважний": -2,
  "неупереджений": 2,
  "неушкоджений": 2,
  "нехтує": -2,
  "нечесний": -2,
  "нечутливий": -2,
  "нечутливість": -2,
  "нешанобливо": -2,
  "нещасливий": -2,
  "нещасний": -3,
  "нещасний випадок": -2,
  "нещасні випадки": -2,
  "нещасно": -3,
  "нещастя": -2,
  "неясно": -1,
  "нижня сторона": -2,
  "нижчий": -1,
  "ніггери": -5,
  "ніжний": 2,
  "ніжність": 2,
  "німий": -3,
  "новачок": -2,
  "нудна робота": -2,
  "нудьга": -2,
  "нудьгуючий": -2,
  "обвали": -2,
  "обвинувачений": -2,
  "обдурений": -2,
  "обдурять": -2,
  "обережний": -1,
  "обійми": 2,
  "обіймів": 2,
  "обіцяний": 1,
  "обіцянки": 1,
  "обіцянку": 1,
  "облаченні": -2,
  "обливання": -3,
  "облом": -3,
  "обман": -2,
  "обманутий": -3,
  "обманщик": -3,
  "обманювати": -3,
  "обманює": -3,
  "обмежений": -2,
  "обмеження": -2,
  "обмежувальний": -1,
  "обмежувати": -2,
  "обмежує": -2,
  "обнадійливий": 2,
  "обнадійливим": 2,
  "обожнюваний": 3,
  "обожнювання": 3,
  "обожнюванням": 3,
  "обожнює": 3,
  "ображає": -2,
  "ображати": -2,
  "ображатися": -2,
  "ображений": -2,
  "образ": -2,
  "образив": -2,
  "образливий": -3,
  "образу": -2,
  "обране": 2,
  "обтяжені": -2,
  "обтяження": -2,
  "обтяжує": -2,
  "обурений": -3,
  "обурення": -2,
  "обурливий": -3,
  "овдовілий": -1,
  "огидний": -3,
  "оглушення": -2,
  "оглушливий": -1,
  "Ого": 4,
  "огрубляет": -2,
  "одержимі": 2,
  "один": 1,
  "один раз в житті": 3,
  "оживляти": 2,
  "озаглавлений": 1,
  "озлоблений": -2,
  "ой": -2,
  "окремий": -1,
  "окрилює": 2,
  "оксюморон": -1,
  "оманливий": -3,
  "онанізм": -2,
  "опальний": -2,
  "оплакував": -2,
  "оплакувати": -3,
  "оплакує": -2,
  "оплески": 2,
  "опори": 2,
  "оптимізм": 2,
  "оптимістичний": 2,
  "орієнтир": 2,
  "освіжаюче": 2,
  "освічений": 2,
  "осічка": -2,
  "оскаржуючи": -2,
  "ослаблена": -2,
  "ослаблений": -2,
  "осли": -4,
  "осміяння": -2,
  "основний момент": 2,
  "остракізму": -2,
  "осуд": -2,
  "осудити": -2,
  "осушених": -2,
  "отримав вигоду": 2,
  "отримали": 2,
  "отримання": 2,
  "отруйний": -2,
  "отруїли": -2,
  "отрута": -2,
  "отрути": -2,
  "охоплювати": 1,
  "оцінили": 2,
  "оцінка": 2,
  "очищається": 1,
  "очищувач": 2,
  "очікувало": -1,
  "оштрафувати": -2,
  "падіння": -1,
  "палантин": -2,
  "палкий": 1,
  "паніка": -3,
  "панікер": -2,
  "панікери": -2,
  "панікує": -3,
  "панічний": -3,
  "панічну втечу": -2,
  "панує": 1,
  "парадокс": -1,
  "паразитує": -2,
  "пародія": -2,
  "паршивий": -2,
  "пасивна": -1,
  "пасивність": -2,
  "пасивно": -1,
  "пастка": -1,
  "пастки": -1,
  "пастці": -2,
  "патетичний": -2,
  "певна": 1,
  "певний": 2,
  "певні жертви": -3,
  "певного виду": 0,
  "педик": -3,
  "педики": -3,
  "пекельний": -2,
  "перебиває": -2,
  "перебільшений": -2,
  "перебільшень": -2,
  "перебільшувати": -2,
  "перебільшує": -2,
  "перебільшуєш": -2,
  "перебільшуючи": -2,
  "перевага": 2,
  "переваги": 2,
  "перевагу": 3,
  "переважно": 2,
  "перевантаження": -1,
  "переведення в готівку": -2,
  "перевершували": -2,
  "перевірки": 1,
  "перегороджує": -2,
  "передбачення": 1,
  "передній край": 1,
  "пережив": 2,
  "переконало": -1,
  "переконаний": 1,
  "переконувати": 1,
  "переконує": 1,
  "перекручено": -2,
  "переляк": -2,
  "переляканий": -2,
  "перемога": 4,
  "перемоги": 3,
  "переможений": -2,
  "переможець": 3,
  "переможці": 3,
  "переплуталися": -2,
  "перепроданості": -2,
  "перервана": -1,
  "перерваний": -2,
  "перерву в роботі": -2,
  "переривання": -2,
  "перериваючий": -2,
  "переслідуваний": -2,
  "переслідувати": -2,
  "переслідувати в судовому порядку": -1,
  "переслідує": -2,
  "перестарався": -2,
  "переступає": -2,
  "переступати": -2,
  "переступив": -2,
  "переступивши": -2,
  "перехитрили": -2,
  "перехоплень": -2,
  "перешкода": -2,
  "перешкоджає": -2,
  "перешкоджала": -2,
  "перешкоджати": -1,
  "перешкоди": -2,
  "перспектива": 1,
  "перспективи": 1,
  "песимізм": -2,
  "песимістичний": -2,
  "печаль": -2,
  "пидор": -3,
  "пизда": -5,
  "пильний": -1,
  "питання": 1,
  "півень": -5,
  "під загрозою": -2,
  "під сумнів": -1,
  "підбадьорливий": 2,
  "підбудований": -1,
  "підвищення": 1,
  "підвішений": -1,
  "підготовлений": 1,
  "піддавати остракізму": -2,
  "піддаються": -1,
  "піддаючи": -1,
  "підземні поштовхи": -2,
  "підібраний": 1,
  "підкреслив": -2,
  "підкуп": -3,
  "підкуплений": -3,
  "підлий": -3,
  "піднесений настрій": 3,
  "піднімає настрій": 2,
  "піднімається": 1,
  "підозрілий": -2,
  "підозрюваний": -1,
  "підозрювані": -1,
  "підозрюючи": -1,
  "підприємливий": 2,
  "підрив": -2,
  "підриває": -2,
  "підривається": -2,
  "підривати": -2,
  "підривної": -2,
  "підробка": -3,
  "підробками": -3,
  "підстерігає": -1,
  "підступи": 1,
  "підтверджено": 1,
  "підтверджувало": 2,
  "підтверджує": 1,
  "підтриманий": 2,
  "підтримка": 2,
  "підтримки": 1,
  "підтримку": 2,
  "підтримуваний": -2,
  "підходить": 2,
  "пікірувати": -2,
  "пільги": 2,
  "пістолет": -1,
  "плавучий": 2,
  "платити": -1,
  "плач": -2,
  "плекає": 2,
  "плекати": 2,
  "плекаючи": 2,
  "плескати": -2,
  "плюхається": -2,
  "по суті": 1,
  "побажання": 1,
  "побитий": -2,
  "побілка": -3,
  "побічний ефект": -2,
  "побічні ефекти": -2,
  "поблажливий": 1,
  "побожний": 2,
  "побоювання": -2,
  "побоюється": -2,
  "побоюючись": -2,
  "повага": 2,
  "повагу": 2,
  "повеселішав": 2,
  "повідомлені": -2,
  "повільний": -2,
  "повія": -4,
  "повстанці": -2,
  "повчальний": 2,
  "Погана вдача": -2,
  "погане поводження": -2,
  "поганий": -3,
  "погано": -3,
  "погано поводитися": -2,
  "погано себе веде": -2,
  "погашати": 2,
  "погашені": 2,
  "погіршення": -2,
  "погіршився": -2,
  "погіршувати": -3,
  "погіршуватися": -2,
  "погіршує": -2,
  "погіршує враження": -1,
  "погіршується": -2,
  "поглинений": 1,
  "погоджується з тим,": 1,
  "подав до суду": -2,
  "подав у відставку": -1,
  "подавився": -2,
  "подали в суд": -2,
  "подарунок": 2,
  "подібний": 2,
  "пожертвуваний": 2,
  "пожертвування": 2,
  "позбавлення": -3,
  "позбавлення права викупу заставної": -2,
  "позбавляючи": 2,
  "позитивний": 2,
  "позитивно": 2,
  "познабливание": -1,
  "позначався": -2,
  "покарали": -2,
  "покарати": -2,
  "покартав": -3,
  "покидьок": -3,
  "покинутий": -2,
  "поклоняється": 3,
  "покращений": 2,
  "покращує": 2,
  "полегшення": 2,
  "полеміка": -2,
  "поліпшення": 2,
  "поліпшувати": 2,
  "полірований": 2,
  "полонила": 3,
  "полоснув": -2,
  "полякати": -2,
  "помер": -3,
  "померти": -3,
  "помилка": -2,
  "помилки": -2,
  "помилковий": -2,
  "помилково": -2,
  "помилуваний": 2,
  "помилування": 2,
  "помітний": 2,
  "помста": -2,
  "помсти": -2,
  "поневолений": -2,
  "поневолити": -2,
  "поневолює": -2,
  "попереджає": -2,
  "попереджати": -2,
  "попередження": -3,
  "попереджено": -1,
  "попереджуючий": 2,
  "попит": -1,
  "популярний": 3,
  "популярність": 1,
  "поразку": -2,
  "порізи": -1,
  "порожнеча": -1,
  "порожнистий": -1,
  "порожній": -1,
  "порочне": -2,
  "порушене": -2,
  "порушений": -2,
  "порушені": -2,
  "порушення": -2,
  "порушено кримінальну справу": -2,
  "порушивши": -2,
  "порушник": -2,
  "порушувала": -2,
  "порушувати": -2,
  "порушувати справу": -2,
  "порушує": -2,
  "порятунок": 2,
  "посередність": -3,
  "посилений": 2,
  "посилює": -2,
  "посилюючи": -2,
  "поскаржитися": -2,
  "послаблює": -2,
  "посміхається": 2,
  "посмішка": 2,
  "посмішки": 2,
  "постраждали": -2,
  "постраждалих": -1,
  "посттравматичний": -2,
  "потворний": -2,
  "потворність": -2,
  "потонув": -2,
  "потребує": -2,
  "потужний": 2,
  "потускнение": -2,
  "потьмянів": -2,
  "похвалили": 2,
  "похмурий": -1,
  "похмурість": -1,
  "похорон": -1,
  "поцілунок": 2,
  "починає мучити": -3,
  "почувати відразу": -3,
  "почуття": 1,
  "почуття провини": -3,
  "пошкоджений": -3,
  "пошкодження": -3,
  "пошкодував": -2,
  "пошкодувати": -1,
  "правда": 2,
  "праведність": 2,
  "правильний напрямок": 3,
  "правової": 1,
  "правомірний": 2,
  "правопорушник": -2,
  "працьовитий": -2,
  "презирливо": -2,
  "презирство": -2,
  "прекрасний": 3,
  "претендує": -1,
  "прибутковий": 3,
  "прибуток": 2,
  "привабливий": 2,
  "привабливість": 2,
  "привабливіше": 2,
  "привертає": 1,
  "привид": -1,
  "привілейований": 2,
  "привітав": 1,
  "привітання": 2,
  "приводить в лють": -2,
  "пригальмовування": -2,
  "пригнічений": -3,
  "пригнічений горем": -2,
  "пригнічення": -2,
  "пригнічувати": -2,
  "пригноблений": -2,
  "пригода": 2,
  "пригоди": 2,
  "приголомшений": -2,
  "приголомшені": -2,
  "приголомшливий": 4,
  "придушила": -1,
  "приєднатися": 1,
  "приємний": 3,
  "призупинити": -1,
  "приймає": 1,
  "приймати": 1,
  "прийняти": 1,
  "прийнятний": 1,
  "прийняття": 1,
  "прикрашати": 3,
  "прикрий": -2,
  "прикро": -2,
  "применшувати": -1,
  "примиряє": 2,
  "примиряти": 2,
  "примітний": 2,
  "примус": -2,
  "примушують": -2,
  "примха": -2,
  "примхливий": 1,
  "принижений": -3,
  "приниження": -3,
  "принижувати": -2,
  "принижується": -2,
  "приречений": -2,
  "природничі науки": -2,
  "присвячений": 3,
  "присікає": -2,
  "присоромив": -2,
  "приставати": -3,
  "пристосовувати": 1,
  "пристрасний": 2,
  "пристрасть": 1,
  "прихильник": 1,
  "прихильно": 2,
  "прихильності": 2,
  "прихильною": 1,
  "прихистку": -1,
  "приховати": -3,
  "приховування": -1,
  "приховувати": -1,
  "прівязчівий": 3,
  "прісний": -2,
  "проблема": -2,
  "проблеми": -2,
  "провал": -2,
  "провидець": 3,
  "провідний": 2,
  "провозити": -2,
  "провокувати": -1,
  "провокує": -1,
  "провокуючий": -1,
  "прогнівити": -2,
  "проголошений": 2,
  "програш": -3,
  "прогрес": 2,
  "продавати понад своїх запасів": -2,
  "продажний": -3,
  "продовжити": 1,
  "прозаїчний": -2,
  "проклята": -4,
  "прокляття": -3,
  "промивання мізків": -3,
  "проникливість": 2,
  "пронирливий": -2,
  "пропаганда": -2,
  "пропозиція": -2,
  "пропущений": -2,
  "прорив": 3,
  "просвітити": 2,
  "просвітлює": 2,
  "прославлений": 3,
  "простак": -2,
  "простонала": -2,
  "просторий": 1,
  "простота": 1,
  "проступки": -2,
  "проступків": -2,
  "проступок": -2,
  "просунутий": 1,
  "протверезіння": 1,
  "протест": -2,
  "протести": -2,
  "протестувальники": -2,
  "протестувати": -2,
  "противний": -2,
  "протиправний": -2,
  "протягує": -2,
  "протяжний": -2,
  "прохолодний": 1,
  "процвітання": 3,
  "процвітаючий": 3,
  "прощати": 1,
  "прояснює": 2,
  "прямий": 1,
  "псевдонаука": -3,
  "психопатичні": -2,
  "псуючи": -2,
  "пускати під укіс": -2,
  "пустослов": -3,
  "пустощі": -1,
  "пухлина": -2,
  "раб": -3,
  "раби": -3,
  "рабство": -3,
  "радий": 3,
  "радіє": 4,
  "радісне": 4,
  "радісний": 3,
  "радісно": 3,
  "радість": 3,
  "радіти": 4,
  "разюче": 3,
  "рай": 3,
  "рак": -1,
  "расизм": -3,
  "расист": -3,
  "расисти": -3,
  "ратифікований": 2,
  "рафінує": 1,
  "рве": -3,
  "реабілітувати": 2,
  "реабілітує": 2,
  "реабілітуючий": 2,
  "ревнивий": -2,
  "ревний": 2,
  "ревнителі": -2,
  "ревнощі": -2,
  "рекламує": -2,
  "рекомендований": 2,
  "рекомендувати": 2,
  "рекомендує": 2,
  "рельєфи": 1,
  "ретельний": 2,
  "ретельно": 2,
  "рецензія": -2,
  "речення": -2,
  "ридання": -2,
  "ридати": -2,
  "ризик": -2,
  "ризики": -2,
  "ризикований": -2,
  "різання": -1,
  "різко": -2,
  "рішення": 1,
  "рішучий": 2,
  "робити нелюдським": -2,
  "робить непрацездатним": -2,
  "родючий": 2,
  "розбазарює": -2,
  "розбещує": -3,
  "розбіжність": -2,
  "розбірливий": -2,
  "розвага": 3,
  "розваги": 3,
  "розважальний": 2,
  "розвалився": -2,
  "розвідка": 1,
  "розводка": -2,
  "розгніваний": -3,
  "роздавлений": -2,
  "роздратований": -2,
  "роздратувати": -2,
  "роздутий": -1,
  "розірваний": -2,
  "розкіш": 2,
  "розкладницьке": -3,
  "розкрадання": -3,
  "розлад": -2,
  "розлади": -2,
  "розлютила": -3,
  "розлютилася": -2,
  "розлютило": -2,
  "розлючений": -3,
  "розмивання": -2,
  "розмито": -2,
  "розорення": -2,
  "розпливчастий": -2,
  "розплутувати": 1,
  "розрахунки": 1,
  "розрахунок": 1,
  "розсилки спаму": -2,
  "розсіється": 1,
  "розслаблений": 2,
  "розслідує": -1,
  "розсміявся": 1,
  "розсудливість": 2,
  "розточування": -2,
  "розтратив": -2,
  "розтринькати": -2,
  "розум": 2,
  "розумний": 1,
  "розумнішими": 2,
  "розхвалювали": -2,
  "розцінена": 2,
  "розчарований": -2,
  "розчаровувати": -2,
  "розчаровує": -2,
  "розчарування": -2,
  "розчленований": -2,
  "розширення прав і можливостей": 2,
  "розширювати": 1,
  "розширює": 1,
  "Роман": 2,
  "романтика": 2,
  "романтично": 2,
  "рубець": -2,
  "руйнівний": -2,
  "руйнування": -3,
  "руйнує": -3,
  "руйнується": -2,
  "руїни": -2,
  "рятувальник": 4,
  "рятується": -1,
  "саботаж": -2,
  "салют": 2,
  "салюти": 2,
  "салютувавши": 2,
  "самоомані": -2,
  "самовдоволений": -2,
  "самовпевнений": 2,
  "самогубний": -2,
  "самогубство": -2,
  "самогубці": -2,
  "самозакоханість": -2,
  "самозванець": -2,
  "самотньо": -2,
  "саркастичний": -2,
  "сварити": -3,
  "сварливий": -2,
  "свататися": 3,
  "сверблячий": -2,
  "свіжий": 1,
  "свобода": 2,
  "свята": 3,
  "святковий": 2,
  "святкування": 3,
  "святкувати": 3,
  "святкує": 3,
  "сексуальний": 3,
  "сердитий": -3,
  "сигнал тривоги": -2,
  "сила": 2,
  "сильний": 2,
  "сильні сторони": 2,
  "сильніший": 2,
  "сильно": -2,
  "симпатичний": 2,
  "симпатія": 2,
  "син, сучий": -5,
  "синюваточервоний": -2,
  "сира нафта": -1,
  "сірий": -1,
  "січа": -2,
  "сказ": -3,
  "скандал": -3,
  "скандали": -3,
  "скандальний": -3,
  "скарб": 2,
  "скарби": 2,
  "скарга": -2,
  "скарги": -2,
  "скаржачись": -2,
  "скаржився": -2,
  "скаржиться": -2,
  "скасований": -1,
  "скасовує": -1,
  "скасування": -1,
  "скасувати": -1,
  "скаче": -1,
  "скептик": -2,
  "скептики": -2,
  "скептицизм": -2,
  "скептичний": -2,
  "скидали": -2,
  "скоєних": -2,
  "скорботний": -2,
  "скорочення": -2,
  "скривджений": -2,
  "скрикнув": -2,
  "скрутний": -2,
  "скупий": -2,
  "слабкий": -2,
  "слабкі сторони": -2,
  "слабкість": -2,
  "слава": 2,
  "славний": 2,
  "слеш": -2,
  "слизький": 2,
  "сліковое": 2,
  "сліп": -1,
  "сліпий": -1,
  "сліпучий": 3,
  "сльози": -2,
  "смакота": 3,
  "смакує": 2,
  "смердючий": -2,
  "смертей": -2,
  "смертоносний": -3,
  "смерть": -2,
  "смиренний": 1,
  "сміється": 1,
  "сміливець": 2,
  "сміливий": 3,
  "сміливість": 2,
  "сміливо": 2,
  "сміття": -1,
  "сміх": 1,
  "сміховинний": -3,
  "смішний": 4,
  "смішніше": 4,
  "смоктати": -3,
  "сморід": -2,
  "совісно": -2,
  "совок": 3,
  "сокиру": -1,
  "соковитий": -1,
  "солідарність": 2,
  "солодкий": 2,
  "солодше": 3,
  "сон": 1,
  "сонячне світло": 2,
  "соромитися": -2,
  "союзник": 2,
  "спад": -2,
  "спалах": -2,
  "спалаху": -2,
  "спам": -2,
  "спамер": -3,
  "спамери": -3,
  "спасибі": 2,
  "спекулянт": -2,
  "спекуляція": -2,
  "спини": 1,
  "співрозмірний": 2,
  "співчуття": 2,
  "спірне": -2,
  "спірно": -2,
  "сплутати": -2,
  "сподіваючись": 2,
  "сподобався": 2,
  "спокійний": 2,
  "спокушений": -1,
  "спори": -2,
  "спотворений": -2,
  "спотворення": -2,
  "спотворювати": -2,
  "спотворює": -2,
  "спотворюється": -2,
  "спотворюючи": -2,
  "справедливість": 2,
  "спраглий": 2,
  "сприймає": -3,
  "спритний": 2,
  "сприяє": 1,
  "сприяло": 1,
  "сприяння": 2,
  "сприяти": 1,
  "сприятливий": 2,
  "спровокований": -1,
  "спрощенство": -2,
  "спрощувати": -2,
  "спуск в свердловину під тиском": -2,
  "спустошений": -2,
  "спустошення": -2,
  "спустошувати": -2,
  "сраний": -3,
  "ссанимі": -3,
  "ссать": -4,
  "стабільний": 2,
  "ставить під загрозу": -2,
  "сталківаетс": -1,
  "стан": 2,
  "стаут": 2,
  "стверджувати": 1,
  "стверджує": 2,
  "стереотипний": -2,
  "стикається": -1,
  "стикатися": -1,
  "стимульований": 1,
  "стимулювання": 1,
  "стимулювати": 1,
  "стимулює": 1,
  "стимулюючий": 2,
  "стирається": -2,
  "стійкий": 2,
  "стійкість": 1,
  "стійко": 2,
  "стійло": -2,
  "стогнати": -2,
  "стогони": -2,
  "стомлений": -2,
  "стомлює": -2,
  "СТОП": -1,
  "страдницький": -2,
  "страждає": -1,
  "страждалець": -2,
  "страждальці": -2,
  "страждати": -2,
  "страйк": -2,
  "страйки": -1,
  "страйкуючі": -2,
  "страх": -2,
  "страхітливий": -2,
  "страшний": -2,
  "страшно": -2,
  "стрес": -1,
  "стресфактор": -2,
  "стресори": -2,
  "стривожений": -2,
  "стримуючий": -2,
  "стріляти": -1,
  "строгий": 3,
  "строго": 3,
  "стурбована власним виживанням": 2,
  "стурбований": -2,
  "суворий": -2,
  "суворіше": -2,
  "судове переслідування": -1,
  "судовий процес": -2,
  "судові процеси": -2,
  "судома": -1,
  "сука": -5,
  "суки": -5,
  "сумний": -3,
  "сумнів": -1,
  "сумнівався": -1,
  "сумнівний": -1,
  "сумніву": -1,
  "сумно": -2,
  "сумовитий": -2,
  "сумує": 1,
  "сумує за домівкою": -2,
  "супер": 3,
  "суперечка": -2,
  "суперечливий": -2,
  "суперник": -1,
  "сутяжницькі": -2,
  "схвалення": 2,
  "схвалив": 2,
  "схвалювати": 2,
  "схвалює": -2,
  "схвильований": 5,
  "схиблений": -3,
  "схильне": -2,
  "сховався": -1,
  "таїтися": -1,
  "так": 1,
  "талант": 2,
  "тання": -2,
  "Тард": -2,
  "твердеть": 2,
  "твердження": 2,
  "твердий": 2,
  "твердне": 2,
  "творчий": 2,
  "темрява": -1,
  "тенденційний": -2,
  "теплий": 1,
  "тепло": 2,
  "теплота": 2,
  "терміновий": -1,
  "тернистий": -2,
  "терор": -3,
  "тероризував": -3,
  "тероризувати": -3,
  "тероризує": -3,
  "терористи": -2,
  "терористичний": -2,
  "терпіти невдачу": -2,
  "типу": 0,
  "тиради": -3,
  "тиран": -3,
  "тиранически": -3,
  "тиранічний": -3,
  "тиск": -2,
  "тиснява": -1,
  "Ті, кому подобається": 2,
  "Тіранідской": -3,
  "ткацький верстат": -1,
  "ткацькі верстати": -1,
  "токсичний": -3,
  "толерантний": 2,
  "толерантність": 2,
  "тоне": -2,
  "тонути": -2,
  "топ": 2,
  "торгаш": -2,
  "тортурам": -4,
  "тортури": -4,
  "тоталітаризм": -2,
  "тоталітарний": -2,
  "травма": -2,
  "травматичний": -3,
  "травми": -2,
  "травмований": -2,
  "трагедій": -2,
  "трагедія": -2,
  "трагічний": -2,
  "трасти": 1,
  "траур": -2,
  "траурний": -2,
  "траханий": -4,
  "траханий ідеальний": 4,
  "траханий любить": 4,
  "трахкав": -4,
  "тремор": -2,
  "тремтіння": -2,
  "тремтячий": -2,
  "трепетний": -2,
  "триває": 1,
  "тривога": -2,
  "тривожна": -2,
  "тріумф": 4,
  "тріумфально": 3,
  "тріумфування": 3,
  "троль": -2,
  "троянда": 1,
  "труп": -1,
  "тужливий": -2,
  "тупик": -2,
  "тупість": -3,
  "тупо": -2,
  "турботи": 2,
  "турботлива": 2,
  "турбували": -2,
  "турбувати": -2,
  "турбуватися": -3,
  "турбують": -3,
  "тьмяний": -2,
  "тьмяніє": -2,
  "тьху": -2,
  "тягає": -1,
  "тягар": -2,
  "тягли": -1,
  "тяжких злочинів": -3,
  "тямущим": 2,
  "у відставку": -1,
  "у нестямі від радості": 4,
  "убитий": -3,
  "убитий горем": -3,
  "ублюдок": -5,
  "УВАГА": -3,
  "Угода": 1,
  "удар ножем": -2,
  "удари": -2,
  "удача": 3,
  "удачливий": 3,
  "удосконалив": 2,
  "удосконалити": 1,
  "удосконалює": 2,
  "удушення": -2,
  "узгоджений": 1,
  "укладений": -2,
  "укладені": -2,
  "укріпляти": 2,
  "улюблена": 3,
  "улюблений": 2,
  "умиротворений": 2,
  "умовляти": -2,
  "умоглядний": -2,
  "уникати": -1,
  "уникнути": -1,
  "уніфікований": 1,
  "уповільнений": -2,
  "уповноважувати": 2,
  "ура": 2,
  "уразливий": -2,
  "урод": -2,
  "урочистий": -1,
  "усепрощаючий": 1,
  "ускладнюючи": -2,
  "усладітельний": 3,
  "усміхнувся": 2,
  "успіх": 2,
  "успішний": 3,
  "успішно": 3,
  "усталених": 2,
  "установка": -1,
  "утискає": -3,
  "утисків": -2,
  "ухилення": -2,
  "фактично": 2,
  "фальсифікований": -3,
  "фальсифікувати": -3,
  "фальсифікує": -3,
  "фанатик": -2,
  "фантастичний": 4,
  "фарс": -1,
  "фатальний": -3,
  "фатальність": -3,
  "фашист": -2,
  "фашисти": -2,
  "фелония": -3,
  "фігню": -4,
  "філантропія": 2,
  "філігранний": 2,
  "фітнес": 1,
  "флагман": 2,
  "фобічні": -2,
  "фол": -3,
  "форсує": 1,
  "франтівською": 2,
  "ха": 2,
  "хаха": 3,
  "хабар": -3,
  "хабарами": -3,
  "хандрити": -1,
  "хаос": -2,
  "хаотичний": -2,
  "харизма": 2,
  "Хармс": -2,
  "хахаха": 3,
  "хвала": 3,
  "хвалив": 3,
  "хвалить": 3,
  "хвалькуватий": -2,
  "хвилювання": 3,
  "хвилюючий": 3,
  "хворий": -2,
  "хвороба": -1,
  "хвороби": -1,
  "хворобливий": -2,
  "хехе": 2,
  "хер": -4,
  "хижий": -2,
  "хитрість": 2,
  "хлюпала": -1,
  "ховаючись": -1,
  "холодне речовина": 3,
  "хоробрість": 2,
  "хороший": 3,
  "хотіти": 1,
  "хто викликає духа": -1,
  "хто має сумнів": -1,
  "хуесос": -5,
  "хуліган": -2,
  "хуліганів": -2,
  "хуліганство": -2,
  "цапіввідбувайлів": -2,
  "цензор": -2,
  "цензори": -2,
  "цензурою": -2,
  "цинізм": -2,
  "цинік": -2,
  "цинічний": -2,
  "цицьки": -2,
  "цікавий": 2,
  "цілеспрямований": 2,
  "цілісність": 2,
  "цінувати": 2,
  "цінує": 2,
  "чарівний": 3,
  "чарівність": 3,
  "чарівно": 3,
  "частка": 1,
  "часто відвідуваний": -2,
  "часто відвідувати": -1,
  "чекати": -1,
  "чемний": 2,
  "чемпіон": 2,
  "чемпіони": 2,
  "чертовски добре": 4,
  "чертовски жарко": 2,
  "чертовски здорово": 4,
  "чертовски красива": 4,
  "чертовски мило": 4,
  "чертовски фантастичний": 4,
  "чесний": 2,
  "честолюбний": 2,
  "честь": 2,
  "чистий": 1,
  "чистісінька": 1,
  "чіти": -3,
  "чітко сфокусованої": 2,
  "чортів": -4,
  "чудесами": 3,
  "чудесно": 4,
  "чудо": 4,
  "чудовий": 3,
  "чудово": 3,
  "чуйний": 2,
  "чуйними": 2,
  "чума": -3,
  "чхає": -2,
  "чхання": -2,
  "чхати": -2,
  "чхнув": -2,
  "шалений": -1,
  "шалено": -3,
  "шанований": 3,
  "шановний": 2,
  "шанс": 2,
  "шанси": 2,
  "шантаж": -3,
  "шантажували": -3,
  "шантажує": -3,
  "шану": 3,
  "шанувальники": 2,
  "шанується": 2,
  "шахрай": -4,
  "шахрайства": -2,
  "шахрайство": -4,
  "шахрайський": -4,
  "шахраї": -3,
  "шахрая": -3,
  "швидкий": 2,
  "швидко": 1,
  "шедевр": 4,
  "шедеври": 4,
  "шик": 2,
  "шкідливий": -2,
  "шкоду": -2,
  "шкодувати": -2,
  "шкодуючи": -3,
  "шкури": -1,
  "шок": -2,
  "шоки": -2,
  "шпигувати": -2,
  "шрами": -2,
  "штраф": -2,
  "штрафи": -2,
  "штрафує": -2,
  "штурми": -2,
  "щасливий": 3,
  "щастя": 3,
  "щедрий": 2,
  "щедро": 2,
  "щира": 2,
  "щирий": 2,
  "щирість": 2,
  "щиро": 2,
  "щосили": -2,
  "юмор": 2,
  "юнацький": 2,
  "юридично": 1,
  "явно": 1,
  "який доводить до божевілля": -3,
  "якість": 2,
  "якого порушується": -2,
  "якості": 2,
  "ярмарок": 2,
  "яскравий": 2,
  "яскравість": 1,
  "ясність": 2,
  "ясно": 1
}