{
  "a fenébe is": -4,
  "A helytelenül osztályozott": -2,
  "absolves": 2,
  "adomány": 2,
  "adományoz": 2,
  "adományozott": 2,
  "adósság": -2,
  "adottságok": 2,
  "affectionateness": 3,
  "aggasztó": -3,
  "aggodalom": -2,
  "aggódó": -3,
  "agonises": -3,
  "agonizál": -3,
  "agresszió": -2,
  "agresszív": -2,
  "agyafúrt": -2,
  "agymosás": -3,
  "ajándék": 2,
  "ajándékozó": 2,
  "ajánl": 2,
  "ajánlás": 2,
  "ajánlja": 2,
  "ajánlott": 2,
  "akadály": -2,
  "akadályok": -2,
  "akadályozó": -2,
  "akadályozott": -2,
  "akadályozza": -2,
  "akadályozzák": -2,
  "akar": 1,
  "aktív": 1,
  "aláássa": -2,
  "aláássák": -2,
  "aláásta": -2,
  "aláásva": -2,
  "alábecsül": -1,
  "alábecsüljük": -1,
  "alábecsülni": -1,
  "alarmisták": -2,
  "alázatos": 1,
  "álcázás": -1,
  "áldás": 3,
  "áldások": 3,
  "áldja": 2,
  "áldozat": -3,
  "áldozatok": -3,
  "áldozattá": -3,
  "alkalmas": 2,
  "alkalmasság": 1,
  "alkalmatlan": -2,
  "alkalmatlanok": -2,
  "alku": 2,
  "Alleluja": 3,
  "allergiás": -2,
  "állhatatos": 2,
  "állítás": -2,
  "állítások": -2,
  "állj meg": -1,
  "állóképesség": 2,
  "álmatlanság": -2,
  "álmok": 1,
  "álom": 1,
  "alsóbbrendű": -2,
  "álszent": -2,
  "áltudomány": -3,
  "alulbecslésnek": -1,
  "alulteljesít": -2,
  "alulteljesítő": -2,
  "ambivalens": -1,
  "Angers": -3,
  "apeshit": -3,
  "apokaliptikus": -2,
  "ápolása": 2,
  "ápolt": 2,
  "áporodott": -2,
  "appeases": 2,
  "Arany": 2,
  "aranyos": 2,
  "arányos": 2,
  "aránytalan": -2,
  "arrogáns": -2,
  "ártalmak": -2,
  "árulás": -3,
  "árulkodó": -3,
  "áruló": -3,
  "árusítása": -2,
  "assfucking": -4,
  "átesés": -2,
  "átfogó": 2,
  "áthágása": -2,
  "áthágta": -2,
  "átjárónyitás": -2,
  "átkarolás": 2,
  "átkozott": -2,
  "átok": -1,
  "áttörés": 3,
  "átverés": -2,
  "átvert": -2,
  "aura": 1,
  "Avenged": -2,
  "Avengers": -2,
  "axed": -1,
  "az érintett": -2,
  "azonnal": 1,
  "azt állítják,": -1,
  "Azta": 4,
  "badarul": -2,
  "badass": -3,
  "bailout": -2,
  "baj": -2,
  "báj": 3,
  "bajnok": 2,
  "bajnokok": 2,
  "bajok": -2,
  "bájos": 3,
  "bájosan": 3,
  "bajt": -1,
  "balek": -2,
  "baleset": -2,
  "balesetek": -2,
  "baljós": -2,
  "baljóslatú": 3,
  "balszerencse": -2,
  "bamboozled": -2,
  "bamboozles": -2,
  "bánat": -2,
  "bankster": -3,
  "bántalmak": -2,
  "bántalmazott": -3,
  "barát": 2,
  "baráti": 2,
  "barátság": 2,
  "barátságos": 2,
  "barbár": -2,
  "Baromi jó": 4,
  "bátor": 3,
  "bátorítás": 2,
  "bátorítja": 2,
  "bátorító": 2,
  "bátorság": 3,
  "bátran": 2,
  "bebörtönzés": -2,
  "bebörtönzött": -2,
  "becsap": -3,
  "becsapott": -3,
  "becsapták": -2,
  "becsmérel": -2,
  "becsmérlő": -2,
  "becsülés": 2,
  "becsület": 2,
  "becsületes": 2,
  "becsületsértő": -2,
  "becsvágyó": 2,
  "befejezetlen": -1,
  "befolyásos": 2,
  "beijedt": 2,
  "beismerni": -1,
  "béke": 2,
  "Békés": 2,
  "békésen": 2,
  "beleegyezés": 2,
  "belemerül": 1,
  "belenevel": -2,
  "belittled": -2,
  "béna": -2,
  "bénító": -2,
  "beperelte": -2,
  "beperli": -2,
  "bereaves": -2,
  "bereaving": -2,
  "Best Damn": 4,
  "beteg": -2,
  "betegség": -1,
  "betegségek": -1,
  "beteljesítetlen": -2,
  "betörés": -2,
  "betörő": -2,
  "bevág": -2,
  "beváltás": -2,
  "bíráló": -2,
  "bírálta": -2,
  "bíróság elé": -2,
  "bírság": -2,
  "birtok": 2,
  "birtokos": -2,
  "bizakodó": 2,
  "bizalmatlanság": -3,
  "bizalom": 1,
  "bizarr": -2,
  "bízik": 1,
  "bizonyos": 1,
  "bizonytalan": -1,
  "biztonság": 1,
  "biztonságos": 1,
  "biztonságosabb": 2,
  "biztonságossá": 2,
  "biztos": 2,
  "biztosan": 1,
  "biztosít": 1,
  "biztosítása": 1,
  "biztosított": 2,
  "blabla": -2,
  "blokád": -2,
  "blokkok": -1,
  "blokkoló": -1,
  "bocsánat": 2,
  "Bocsánat": 2,
  "bocsánatkérés": -1,
  "bocsánatkérő": -1,
  "bocsánatot kér": -1,
  "bocsánatot kért": -1,
  "bojkott": -2,
  "bojkottálja": -2,
  "bojkottálták": -2,
  "bojkottok": -2,
  "bók": 2,
  "bőkezűen": 2,
  "bölcsesség": 1,
  "boldog": 3,
  "boldogító": 3,
  "boldogság": 3,
  "boldogtalan": -2,
  "boldogtalanság": -2,
  "bolond": -2,
  "bolondok": -2,
  "bolondos": -1,
  "bomba": -1,
  "bomlasztó": -2,
  "bonyolult": 2,
  "boost": 1,
  "borongó": -2,
  "börtön": -2,
  "borzalmas": -3,
  "borzasztó": -3,
  "bosszant": -2,
  "bosszantani": -2,
  "bosszantó": -2,
  "bosszú": -2,
  "bosszúálló": -2,
  "bosszús": -2,
  "bosszúság": -2,
  "bosszúsan": -2,
  "bosszúvágyó": -2,
  "botrány": -3,
  "botrányok": -3,
  "botrányos": -3,
  "bravúr": 3,
  "brilliances": 3,
  "brutális": -3,
  "brutálisan": -3,
  "bruttó": -2,
  "bűbájos": 2,
  "büdös": -2,
  "bujkál": -1,
  "bűn": -2,
  "bűnbak": -2,
  "bűnbakok": -2,
  "bűncselekmény": -2,
  "bűncselekmények": -3,
  "bűnök": -2,
  "bűnös": -3,
  "bűnösség": -3,
  "bűnözők": -3,
  "büntet": -2,
  "büntetés": -2,
  "büntetése": -2,
  "büntető": -2,
  "bűntett": -3,
  "büntették": -2,
  "bűntudat": -2,
  "Bűnügyi": -3,
  "bús": -2,
  "büszke": 2,
  "büszkén": 2,
  "bűz": -2,
  "buzgó": 2,
  "buzi": -3,
  "céltalan": -2,
  "cenzor": -2,
  "cenzorok": -2,
  "cenzúrázott": -2,
  "charmless": -3,
  "chastises": -3,
  "chastising": -3,
  "cickány": -4,
  "cinikus": -2,
  "cinizmus": -2,
  "cocksuckers": -5,
  "conciliates": 2,
  "consolable": 2,
  "courageousness": 2,
  "criminated": -3,
  "criminates": -3,
  "csal": -3,
  "csalás": -3,
  "csalások": -3,
  "csaló": -3,
  "csalódás": -2,
  "csalódást okoz": -2,
  "csalódott": -2,
  "csalódottság": -2,
  "csalók": -3,
  "csapások": -3,
  "csapda": -1,
  "csapdába": -2,
  "csapdák": -1,
  "csata": -1,
  "csaták": -1,
  "csatlakozik": 1,
  "csattanás": -2,
  "csavart": -2,
  "cselekvőképtelen": -2,
  "csempészet": -2,
  "csempészett": -2,
  "csempészi": -2,
  "csempészik": -2,
  "csepp": -1,
  "csillapít": 3,
  "csillapíthatatlan": -2,
  "csillapította": 3,
  "csillog": 3,
  "csillogása": 3,
  "csinos": 2,
  "csiszolt": 2,
  "csőd": -3,
  "csoda": 4,
  "csodák": 3,
  "csodál": 3,
  "csodálatos": 3,
  "csodálatosan": 4,
  "csodáló": 3,
  "csodált": 3,
  "csődbe jutott": -3,
  "csók": 2,
  "csökkent": -1,
  "csökönyös": -2,
  "csüggedt": -2,
  "csúnya": -3,
  "csúnyaság": -3,
  "csúszás": -1,
  "csúszópénz": -3,
  "csütörtököt mond": -2,
  "cuppogott": -1,
  "dacos": -1,
  "dagályos szónok": -3,
  "dédelget": 2,
  "dédelgetett": 2,
  "dédelgeti": 2,
  "dedikált": 2,
  "deformált": -2,
  "deformitások": -2,
  "defrauds": -3,
  "degradálódik": -2,
  "degradált": -2,
  "dehumanizáló": -2,
  "dehumanized": -2,
  "dejecting": -2,
  "dejects": -2,
  "demonstráció": -1,
  "demoralizál": -2,
  "demoralizáló": -2,
  "demoralizált": -2,
  "demoralizes": -2,
  "deportál": -2,
  "deportálását": -2,
  "deportálások": -2,
  "deportálják": -2,
  "deportáltak": -2,
  "derails": -2,
  "derengett": -1,
  "dermed": 2,
  "derűs": 2,
  "detracted": -1,
  "diadal": 4,
  "diadalmas": 4,
  "dicsér": 2,
  "dicséret": 3,
  "dicséri": 3,
  "dicsérte": 3,
  "dicső": 2,
  "dicsőség": 2,
  "díj": 3,
  "díjak": 3,
  "dilemma": -1,
  "dilligence": 2,
  "dió": -3,
  "disconsolation": -2,
  "disrespected": -2,
  "disszidál": -3,
  "diszkvalifikált": -2,
  "döbbent": -2,
  "dobni": -1,
  "döfés": -2,
  "domborművek": 1,
  "dömpingelt": -2,
  "dont, mint": -2,
  "döntő": 1,
  "douchebag": -3,
  "Downer": -2,
  "dőzsölés": -2,
  "drága": -2,
  "drágakő": 3,
  "düh": -2,
  "dühítő": -2,
  "dühös": -3,
  "dumbass": -3,
  "durva": -2,
  "durván": -2,
  "dús": 4,
  "duzzogás": -2,
  "duzzogó": -2,
  "éber": -1,
  "édes": 2,
  "édesebb": 3,
  "edzett": 2,
  "Egészségére": 2,
  "egészséges": 2,
  "egészségtelen": -2,
  "égetés": -2,
  "egyedül": -2,
  "egyenes": 1,
  "egyenlőtlen": -1,
  "egyértelmű": 1,
  "egyesült": 1,
  "egyetért": 1,
  "egyeztetése": 2,
  "egyeztetett": 2,
  "egyre": 2,
  "egységes": 1,
  "egyszer az életben": 3,
  "egyszerű": -2,
  "egyszerűség": 1,
  "egyszínű": 2,
  "együttérzés": 2,
  "éhezik": -2,
  "éhező": -2,
  "éhínség": -2,
  "éhség": -2,
  "ékszer": 1,
  "ékszerek": 1,
  "eladatlan": -1,
  "eláraszt": -2,
  "elárasztó": -2,
  "elárasztott": -2,
  "elárul": -3,
  "elárulja": -3,
  "elárulták": -3,
  "elavult": -2,
  "elbájol": 3,
  "elbűvöl": 3,
  "elbűvölő": 3,
  "elbűvölt": 3,
  "elcsábította": -1,
  "elcsüggeszt": -2,
  "eldöntetlen": -1,
  "elegáns": 2,
  "elegánsan": 2,
  "elégedetlen": -2,
  "elégedett": 3,
  "eleget tesz": 2,
  "eleget tesz,": 2,
  "elégtelen": -2,
  "elégtelenség": -2,
  "elégtelenül": -2,
  "élénk": 3,
  "élénken": 2,
  "elér": 1,
  "elérhető": 1,
  "elérte": 1,
  "elérve": 1,
  "elesett": -3,
  "életerő": 3,
  "életerős": -1,
  "életmentő": 4,
  "élettelen": -1,
  "elfedése": -1,
  "elfelejt": -1,
  "elfelejtett": -1,
  "elfelejtettem": -1,
  "elferdíti": -2,
  "elfogad": 1,
  "elfogadás": 1,
  "elfogadhatatlan": -2,
  "elfogadható": 1,
  "elfogadja": 1,
  "elfogadott": 1,
  "elfogadva": 1,
  "elfogulatlan": 2,
  "elfogult": -2,
  "elfojtott": -1,
  "elhagy": -2,
  "elhagyatott": -2,
  "elhagyott": -2,
  "elhalasztását": -1,
  "elhalasztja": -1,
  "elhallgattatás": -1,
  "elhány": -2,
  "elhanyagolás": -2,
  "elhanyagolja": -2,
  "elhanyagolt": -2,
  "elhárítására": -1,
  "elhárítja": -1,
  "elhatározás": 2,
  "elherdálta": -2,
  "elhunyt": -2,
  "elhúzódik": -1,
  "elidegenítés": -2,
  "elismerés": 2,
  "elismerést": 2,
  "elismeri": -1,
  "elismerően": 2,
  "elismert": 2,
  "elítél": -2,
  "elítéli": -2,
  "elítélt": -2,
  "elítélve": -3,
  "eljár": -1,
  "éljenzés": 2,
  "éljenzett": 2,
  "elképeszt": 2,
  "elképesztő": 4,
  "elkerül": -1,
  "elkeseredett": -3,
  "elkínzott": -3,
  "elkötelezett": 3,
  "elkötelezettség": 2,
  "elkövetése": 1,
  "elkövetett": -2,
  "elkövetni": 1,
  "elkövető": -2,
  "elkövetők": -2,
  "ellenállás": -1,
  "ellenállhatatlan": 2,
  "ellenállhatatlanul": 2,
  "elleni": -1,
  "ellenség": -1,
  "ellenséges": -2,
  "ellenségeskedés": -2,
  "ellenszenv": -2,
  "ellentétes": -2,
  "ellentmondásosan": -2,
  "ellentmondó": -2,
  "elmélkedő": 1,
  "elmosódott": -2,
  "elmulasztottuk": -1,
  "elmúlik": 2,
  "elnézést kér": -1,
  "elnéző": 1,
  "elnyelt": 1,
  "elnyomás": -2,
  "elnyomó": -2,
  "elnyomott": -2,
  "élő": 1,
  "előcsarnok": -2,
  "előérzet": 1,
  "előítélet": -1,
  "előkészített": 1,
  "elől": -2,
  "előny": 2,
  "előnyök": 2,
  "előnyös": 2,
  "előnyösen": 2,
  "elősegítése": 1,
  "elősegíti": 1,
  "elpazarol": -2,
  "elpazarolt": -2,
  "elpusztít": -2,
  "elpusztítani": -3,
  "elpusztíthatatlan": 2,
  "elpusztított": -2,
  "elrabol": -2,
  "elrabolja": -2,
  "elrabolt": -2,
  "elragadóan": 3,
  "elragadtatás": 3,
  "elragadtatott": 2,
  "elragadtatva": 3,
  "elrejt": -1,
  "elrejtette": -1,
  "elrettentő": -2,
  "elront": -3,
  "elrontott": -2,
  "elrontotta": -2,
  "elrontottam": -3,
  "elszánt": 2,
  "elszenvedett": -2,
  "elszomorít": -2,
  "elszomorította": -2,
  "elszomorodott": -2,
  "eltérít": -2,
  "eltévedt": -2,
  "eltéveszteni": -2,
  "eltökélt": 2,
  "eltorzult": -2,
  "eltúlzása": -2,
  "eltűnik": -1,
  "eltűnt": -1,
  "elutasít": -1,
  "elutasítás": -2,
  "elutasítási": -2,
  "elutasításunk": -2,
  "elutasítja": -1,
  "elutasító": -1,
  "elutasított": -1,
  "elutasította": -2,
  "elutasítva": -2,
  "elvesz": -1,
  "Elvesztett": -3,
  "elveszti": -3,
  "elvetésével": -1,
  "élvez": 2,
  "élvezet": 3,
  "élvezetek": 3,
  "élvezetes": 2,
  "élvezi": 2,
  "élvező": 2,
  "élvezte": 2,
  "élvonalában": 1,
  "elvonja": -2,
  "emberi mivoltából kivetkőztet": -2,
  "embernek nem": -2,
  "emberölés": -3,
  "emberrablás": -2,
  "emberrablások": -2,
  "embertelen": -2,
  "emelkedik": 1,
  "emlékezetes": 1,
  "empatikus": 2,
  "energikus": 2,
  "engesztelhetetlen": -2,
  "Enrage": -2,
  "enraging": -2,
  "enyhít": 1,
  "enyhítő": 3,
  "ép": 2,
  "érdekek": 1,
  "érdekelt": 2,
  "érdekes": 2,
  "érdeklődés": 1,
  "érdektelen": -2,
  "érdemes": 2,
  "érdemtelen": -2,
  "eredménytelenség": -2,
  "eredménytelenül": -2,
  "érem": 3,
  "erényes": 2,
  "érett": 2,
  "érik": -2,
  "érintett": -1,
  "erő": 2,
  "erőfeszítés": 2,
  "erőltetett": -2,
  "erős": 2,
  "erősebb": 2,
  "erősítése": 2,
  "erősíti": 2,
  "erősítő": 2,
  "erősségek": 2,
  "erőszak": -4,
  "erőszak kapcsolódó": -3,
  "erőszakos": -3,
  "erőszakosan": -3,
  "erőszakosság": -2,
  "erőszaktevő": -4,
  "erőtlen": -2,
  "ErrorUndefined": -2,
  "értékeli": 2,
  "értéktelen": -2,
  "értelmetlen": -2,
  "érthetetlen": -2,
  "érvényesít": 1,
  "érvényesítése": 1,
  "érvényesített": 1,
  "érvényesíti": 1,
  "érzékenység": 2,
  "érzéketlen": -2,
  "érzéketlenség": -2,
  "érzés": 1,
  "esélyeit": 2,
  "eseménytelen": -2,
  "esküszik": -2,
  "eső": -1,
  "esőköpeny": 2,
  "esős": -1,
  "eszközök": 2,
  "észrevehető": 2,
  "etikai": 2,
  "etikátlan": -2,
  "eufória": 3,
  "eufórikus": 4,
  "euphoria": 3,
  "evacuates": -1,
  "evakuálás": -1,
  "evergreening": -3,
  "exasparate": -2,
  "fáj": -2,
  "fájdalmaktól": -2,
  "fájdalmas": -2,
  "fájdalom": -2,
  "fájó": -2,
  "fakó": -2,
  "fantasztikus": 4,
  "fantáziátlan": -2,
  "fáradalmait": -2,
  "fáradt": -2,
  "fáradtság": -2,
  "fárasztó": -2,
  "fasiszta": -2,
  "fasiszták": -2,
  "fásult": -3,
  "fásultság": -3,
  "fasz": -5,
  "faszfej": -4,
  "faszszopó": -5,
  "fattyú": -5,
  "favourited": 2,
  "fedélzeten": 1,
  "fedezetlen": -2,
  "fejfájás": -2,
  "fejlett": 1,
  "fejsze": -1,
  "felajzott": 3,
  "feláldoz": -3,
  "félbeszakítás": -2,
  "felbontás": 2,
  "felbosszant": -2,
  "feldühít": -2,
  "feldühített": -2,
  "feldühítette": -3,
  "feldühödött": -2,
  "feledékeny": -2,
  "felejthető": -1,
  "félelem": -2,
  "feléleszt": 2,
  "félelmetes": -2,
  "felelős": 2,
  "felelősség": 1,
  "felelőtlen": -2,
  "felelőtlenül": -2,
  "felemelő": 2,
  "félénk": -2,
  "felértékelődés": 2,
  "felesleges": -2,
  "felfedezés": 1,
  "felfedezések": 1,
  "felforgató": -2,
  "felfüggesztésére": -1,
  "felfüggesztett": -1,
  "felfuvalkodott": -1,
  "felháborító": -3,
  "felháborodás": -2,
  "felháborodott": -2,
  "felháborodva": -2,
  "felhajtó": -2,
  "felhalmoz": -1,
  "felhatalmazas": 2,
  "felhős": -1,
  "fellendítette": 1,
  "felment": 2,
  "felmentették": 2,
  "felmenti": 2,
  "felmentő": 2,
  "felmondja": -2,
  "félnek": -2,
  "felnyögött": -2,
  "felonies": -3,
  "félreért": -2,
  "félreértelmezések": -2,
  "félreértelmezhető": -2,
  "félreértés": -2,
  "félreértett": -2,
  "Félreinformált": -2,
  "félrelép": -2,
  "félrevezet": -2,
  "félrevezetés": -2,
  "félrevezető": -3,
  "félrevezető tájékoztatás": -2,
  "felsikoltott": -2,
  "felső": 2,
  "felsők": 2,
  "féltékenység": -2,
  "feltételezett": -1,
  "feltételezheti,": -1,
  "feltörve": -1,
  "felügyelet": -1,
  "felújított": 1,
  "félve": -2,
  "felvételt nyer": -1,
  "felvidítja": 3,
  "felvilágosít": 2,
  "felvilágosítás": 2,
  "felvilágosult": 2,
  "felvillanyozott": 3,
  "fenntartható": 2,
  "fenntarthatóság": 1,
  "fenyeget": -2,
  "fenyegetés": -2,
  "fenyegetések": -2,
  "fenyegetett": -2,
  "fenyegető": -1,
  "fenyegette": -2,
  "fényes": 1,
  "fényesség": 1,
  "fenyítik": -3,
  "fertőzés": -2,
  "fertőzések": -2,
  "fertőzésekkel": -2,
  "fertőző": -2,
  "fertőzött": -2,
  "festői": 2,
  "feszült": -2,
  "feszültség": -1,
  "fiaofakurva": -5,
  "fiatalos": 2,
  "Figyelem": -3,
  "figyelemre méltó": 2,
  "figyelmen kívül hagyása": -2,
  "figyelmen kívül hagyja": -2,
  "figyelmen kívül hagyni": -1,
  "figyelmen kívül hagyott": -1,
  "figyelmen kívül hagyta": -2,
  "figyelmen kívül hagyva": -2,
  "figyelmes": 2,
  "figyelmeztet": -2,
  "figyelmeztetések": -3,
  "figyelmeztetett": -2,
  "filantrópia": 2,
  "finom": 3,
  "finomítani": 1,
  "finomítja": 1,
  "fizetés": -1,
  "fizetésképtelen": -2,
  "flop": -2,
  "fóbiás": -2,
  "fogad": 1,
  "fogatlan": -2,
  "fogékony": 2,
  "fogoly": -2,
  "fogva tartás": -2,
  "fogyatékos": -2,
  "fogyatékosság": -2,
  "fojtás": -2,
  "fojtó": -2,
  "fojtott": -2,
  "fontos": 2,
  "fontosság": 2,
  "förtelmes": -3,
  "fosztogatás": -2,
  "fosztogató": -2,
  "frikin": -2,
  "friss": 1,
  "frusztráló": -2,
  "frusztrált": -2,
  "FTW": 3,
  "fucker": -4,
  "fuckface": -4,
  "fucktard": -4,
  "FUD": -3,
  "fúj": -3,
  "fukar": -2,
  "fuked": -4,
  "fuking": -4,
  "fullad": -2,
  "fulladás": -2,
  "fúrás": -3,
  "furat": -2,
  "furcsa": -1,
  "furcsán": -1,
  "fürge": 2,
  "füstölgő": -2,
  "füstölők": -2,
  "gálánsan": 3,
  "garancia": 1,
  "gátolják": -1,
  "gazdag": 2,
  "gazdagabb": 2,
  "gazdagon": 2,
  "gombóc": 3,
  "gond": -3,
  "gondatlan": -2,
  "gondok": 2,
  "gondosan": 2,
  "gondoskodás": 2,
  "gondoskodó": 2,
  "gondtalan": 1,
  "gonosz": -3,
  "goofiness": -2,
  "görcs": -1,
  "gr8": 3,
  "gratula": 2,
  "gratuláció": 2,
  "gratulál": 2,
  "Gratulálok": 2,
  "gratulált": 2,
  "greenwash": -3,
  "greenwasher": -3,
  "greenwashers": -3,
  "greenwashing": -3,
  "Greets": 1,
  "guba": -1,
  "gükkel": 2,
  "gúnyolták": -2,
  "gúnyos": -2,
  "gürcölés": -2,
  "gyalázkodó": -3,
  "gyanakvó": -3,
  "gyanús": -2,
  "gyanúsított": -1,
  "gyász": -2,
  "gyászol": -2,
  "gyászoló család": -2,
  "gyászolt": -2,
  "gyászos": -2,
  "gyáva": -2,
  "gyáván": -2,
  "gyémánt": 1,
  "gyenge": -2,
  "gyengéd": 3,
  "gyengeség": -2,
  "gyengeségek": -2,
  "gyengítés": -2,
  "gyerekes": -2,
  "gyilkolás": -3,
  "gyilkos": -2,
  "gyilkosság": -2,
  "gyilkosságok": -3,
  "gyors": 2,
  "gyorsan": 2,
  "gyötör": -2,
  "gyötrelem": -2,
  "gyötrelmesen": -1,
  "győzelem": 4,
  "győztes": 4,
  "győztesek": 3,
  "gyulladt": -2,
  "gyűlöl": -3,
  "gyűlölet": -3,
  "gyűlöletes": -3,
  "gyűlöli": -3,
  "gyűlölt": -3,
  "Ha": 2,
  "ha ha": 2,
  "hab": -3,
  "háború": -2,
  "habozó": -2,
  "hadviselés": -2,
  "Haha": 3,
  "hahaha": 3,
  "hahahah": 3,
  "hajlandóság": 2,
  "hajléktalan": -2,
  "Haladás": 2,
  "halál": -2,
  "haláleset": -3,
  "halálos": -3,
  "halálozást": -2,
  "hálás": 2,
  "halasztani": -1,
  "hálátlan": -3,
  "haldoklik": -3,
  "halhatatlan": 2,
  "halogatás": -1,
  "halott": -3,
  "hamis": -1,
  "hamis eskü": -3,
  "hamis jelentése": -2,
  "hamis színben tüntetik fel": -2,
  "hamisan": -2,
  "hamisan tünteti": -2,
  "hamisít": -3,
  "hamisító": -3,
  "hamisított": -3,
  "hamisítvány": -3,
  "hamisítványok": -3,
  "Hangsúlyozta": -2,
  "hányás": -3,
  "hányásokat": -3,
  "hányt": -3,
  "haplessness": -2,
  "harag": -3,
  "haragos": -3,
  "harc": -1,
  "harcoló": -2,
  "hárítani": -1,
  "harmónia": 2,
  "harmonikus": 2,
  "harmonikusan": 2,
  "hasznos": 2,
  "hasznosítja": -2,
  "hasznosított": -2,
  "hasznosság": 2,
  "haszon": 2,
  "haszontalan": -2,
  "hatalmas": 1,
  "hátán": 1,
  "határértékek": -1,
  "határozatlan": -2,
  "hatásos": 3,
  "hatástalan": -2,
  "hátborzongató": -3,
  "hatékony": 2,
  "hatékonyan": 2,
  "hatékonyság": 2,
  "Hates": -3,
  "hatni": 3,
  "hatóság": 1,
  "hatotta": -2,
  "hátrány": -2,
  "hátránya": -2,
  "hátrányos": -2,
  "hátrányosan": -2,
  "hátrarúgás": -3,
  "háttal ellátott": 1,
  "házaló": -2,
  "hazavágyódó": -2,
  "hazudott": -2,
  "hazug": -3,
  "hazugok": -3,
  "heavyhearted": -2,
  "hegek": -2,
  "helyreállítása": 1,
  "helyreállítja": 1,
  "helytelen": -2,
  "helytelenítette": -3,
  "helyteleníti": -3,
  "helytelenül": -2,
  "helyzetű": 2,
  "henceg": -3,
  "hervatag": -2,
  "heves": 2,
  "hiábavaló": -2,
  "hiábavalóság": -2,
  "hiány": -2,
  "hiányában": -2,
  "hiányos": -3,
  "hiányosságok": -2,
  "hiányzik": -2,
  "hiányzó": -1,
  "hiányzók": -1,
  "hiba": -2,
  "hibái": -2,
  "hibák": -2,
  "hibás": -3,
  "hibátlan": 2,
  "hibátlanul": 2,
  "hibáztat": -2,
  "hibáztatja": -2,
  "hibáztatta": -2,
  "hihetetlen": -1,
  "hímszamár": -4,
  "hipnotizáló": 3,
  "híres": 2,
  "hirhedt": -2,
  "hírnév": 1,
  "hiszékeny": -2,
  "hiszékenység": -2,
  "hisztéria": -3,
  "hisztérikus": -3,
  "hit": 1,
  "hitelét": -2,
  "hitetlen": -1,
  "hitvány": -3,
  "hívogató": 1,
  "hóbort": -2,
  "holdkóros": -3,
  "holtpont": -2,
  "homályos": -1,
  "homályosság": -2,
  "hoppá": -2,
  "horpadás": -2,
  "hős": 2,
  "hősies": 3,
  "hősök": 2,
  "hozzá nem értés": -2,
  "hozzáférhető": 1,
  "hozzájárul": 2,
  "Huh": -2,
  "huligán": -2,
  "huliganizmus": -2,
  "huligánok": -2,
  "hulla": -1,
  "hulladék": -1,
  "hülye": -3,
  "hülyeség": -3,
  "humánus": 2,
  "humerous": 3,
  "humor": 2,
  "humoros": 2,
  "Hurrá": 5,
  "hűség": 3,
  "hűséges": 3,
  "hűtés": -1,
  "hűvös": 1,
  "idegek": -1,
  "ideges": -1,
  "idegesen": -2,
  "idegesít": -3,
  "idézés": -2,
  "idióta": -3,
  "igaz": 2,
  "igazolja": 2,
  "igazolta": 2,
  "igazság": 2,
  "igazságszolgáltatás": 2,
  "igazságtalan": -2,
  "igazságtalanság": -2,
  "igen": 1,
  "Igen": 1,
  "igények": -1,
  "igényes": -1,
  "ígér": 1,
  "ígéret": 1,
  "igért": 1,
  "ihlet": 2,
  "ijedős": -2,
  "ijedtség": -2,
  "ijesztő": -3,
  "illegális": -3,
  "illegálisan": -3,
  "illetékes": 2,
  "illetlenül viselkedik": -2,
  "illik": 2,
  "imádat": 3,
  "imádattal": 3,
  "imádja": 3,
  "imádkozás": 1,
  "imádkozik": 1,
  "imádni való": 3,
  "imádó": 3,
  "imádott": 3,
  "immobilizált": -1,
  "immúnis": 1,
  "impedingly": -2,
  "imposztor": -2,
  "impozáns": -1,
  "incapacitates": -2,
  "incensing": -2,
  "indított": 1,
  "indoctrinating": -2,
  "indokolt": 2,
  "indokoltan": 2,
  "inediable": -2,
  "infantilized": -2,
  "infesting": -2,
  "infests": -2,
  "influenza": -2,
  "infract": -2,
  "infracted": -2,
  "infracts": -2,
  "infuriates": -2,
  "ingatag": -2,
  "ingyenes": 1,
  "inkvizíció": -2,
  "innováció": 1,
  "inspirál": 2,
  "inspiráló": 3,
  "inspirált": 2,
  "instabil": -2,
  "intelligens": 2,
  "intelligensebb": 2,
  "inti": -2,
  "intimidates": -2,
  "intransigency": -2,
  "intrikák": 1,
  "invázió": -1,
  "írástudatlanság": -2,
  "irigy": -2,
  "irigyel": -1,
  "irigység": -1,
  "irígység": -1,
  "irónia": -1,
  "ironikus": -1,
  "irracionális": -1,
  "irritált": -3,
  "irtózik": -3,
  "irtózott": -3,
  "Isten": 1,
  "isteni finom": 3,
  "ítélet": -1,
  "ítéletek": -1,
  "izgalmas": 3,
  "izgalom": 3,
  "izgalommal": 5,
  "izgat": 3,
  "izgató hatású": -3,
  "izgatott": 2,
  "ízléses": 3,
  "izolált": -1,
  "jackasses": -4,
  "Jaj": -2,
  "járványok": -2,
  "játék változó": 3,
  "játékos": 2,
  "javítja": 2,
  "javított": 2,
  "javul": 2,
  "javulás": 2,
  "javuló": 2,
  "jégeső": 2,
  "jelentéktelen": -2,
  "jelentős": 1,
  "jelentőség": 1,
  "jelentőségteljes": 2,
  "Jézus": 1,
  "jó": 3,
  "jó irány": 3,
  "jó reggelt": 1,
  "jóakarat": 3,
  "jobb": 2,
  "jogi": 1,
  "jogilag": 1,
  "jogos": 2,
  "jogosan": 2,
  "jogosult": 1,
  "jogsértő": -2,
  "jogtalan": -2,
  "jogtalanul": -2,
  "jóindulatú": 3,
  "jókedvű": 2,
  "jóképű": 3,
  "jól fejlett": 2,
  "jól fókuszált": 2,
  "jól kiállt": 3,
  "jól megalapozott": 2,
  "jól néz ki": 3,
  "jólét": 2,
  "jóság": 3,
  "jótékony": 2,
  "jótevő": 2,
  "jótevők": 2,
  "jóváhagy": 2,
  "jóváhagyás": 2,
  "jóváhagyja": 2,
  "jóváhagyott": -2,
  "jövedelmező": 2,
  "jövőkép": 1,
  "Juhúú": 3,
  "jutalmak": 2,
  "jutalmazó": 2,
  "jutalmazzák": 2,
  "jutalom": 2,
  "kábult": -2,
  "kakas": -5,
  "kaland": 2,
  "kalandok": 2,
  "kalandos": 2,
  "káosz": -2,
  "Káprázatos": 3,
  "kápráztató": 3,
  "kapzsi": -2,
  "kapzsiság": -3,
  "kár": -2,
  "kárhoztatás": -2,
  "karizma": 2,
  "káromkodás": -2,
  "káros": -2,
  "károsítása": -2,
  "károsítását": -2,
  "károsodott": -2,
  "károsult": -2,
  "kárt okoz": -2,
  "kártérítés": -3,
  "kasszasiker": 3,
  "katasztrófa": -2,
  "katasztrófák": -2,
  "katasztrofális": -3,
  "kecses": 2,
  "kedélyes": 2,
  "kedvenc": 2,
  "kedvencek": 2,
  "Kedvencek": 2,
  "kedvencek közé": 2,
  "kedves": 3,
  "kedvesség": 2,
  "kedvét": -2,
  "kedvetlen": -2,
  "kedvez": 2,
  "kedvezményes": -1,
  "kedvező": 2,
  "kedvezően": 2,
  "kedvezőtlen": -2,
  "kedvük": -2,
  "kegyelem": 2,
  "kegyes": 3,
  "kegyetlen": -3,
  "kegyetlenség": -3,
  "kegyvesztett": -2,
  "kellemes": 3,
  "kellemetlen": -2,
  "kellemetlenség": -2,
  "keltette": -2,
  "kemény": -1,
  "keményebb": -2,
  "kenőpénzt": -3,
  "kénsavas": -3,
  "kényelem": 2,
  "kényelmes": 2,
  "kényelmesen": 2,
  "kényelmetlen": -2,
  "kényelmetlenség": -2,
  "kényelmi": 2,
  "kényszerítés": -2,
  "kényszerű": -1,
  "kénytelen": 1,
  "képes": 1,
  "képessé": 2,
  "képesség": 2,
  "képességek": 1,
  "képtelen": -2,
  "képtelenség": -2,
  "kérdéses": -2,
  "kérem": 1,
  "kereslet": -1,
  "keresztben": -2,
  "kérlelhetetlen": -3,
  "kerülni": -1,
  "keserű": -2,
  "keserűen": -2,
  "késett": -1,
  "késleltetés": -1,
  "késleltetett": -2,
  "kételkedés": -1,
  "kételkedett": -1,
  "kétes": -2,
  "kétség": -1,
  "kétségbeesés": -3,
  "kétségbeesett": -3,
  "kétségbeesetten": -3,
  "kétségbeesik": -3,
  "kétségek": -1,
  "kétséges": -1,
  "kiábrándító": -2,
  "kiábrándult": -2,
  "kiaknázása": -2,
  "kiállt": 2,
  "kiáltás": -1,
  "kiáltott": -2,
  "kibaszott": -5,
  "kibaszott fantasztikus": 4,
  "kibaszott lenyűgöző": 4,
  "kibaszott szerelem": 4,
  "kibaszott szerelmek": 4,
  "kibaszott tökéletes": 4,
  "kibírhatatlan": -2,
  "kibogoz": 1,
  "kicsinyel": -2,
  "kicsúfolás": -2,
  "kiegyensúlyozott": 1,
  "kiéhezett": -2,
  "kielégít": 2,
  "kielégítés": 2,
  "kielégítetlen": -2,
  "Kiemel": 2,
  "kiemelkedo": 2,
  "kiemelkedő": 5,
  "kiesések": -2,
  "kifinomult": 1,
  "kifogásolja,": -2,
  "kigúnyolja": -2,
  "kigúnyolják": -2,
  "kigúnyolt": -2,
  "kihallgatták": -2,
  "kihasználni": -2,
  "kihívás": -1,
  "kijátszotta": -2,
  "kijózanítás": 1,
  "kikényszerített": -2,
  "kikérdezés": -1,
  "kiközösít": -2,
  "kilakoltatás": -1,
  "kilátás": 1,
  "kilátások": 1,
  "kimerült": -2,
  "kín": -3,
  "kincs": 2,
  "kincsek": 2,
  "kinder": 2,
  "kinevet": -2,
  "kínos": -2,
  "kínoz": -3,
  "kínvallatás": -4,
  "kínzások": -4,
  "kínzó": -4,
  "kipihent": 2,
  "kirekesztés": -1,
  "kirúgott": -2,
  "kisajátító": -2,
  "kísérteties": -2,
  "kísértetjárta": -2,
  "kísérti": -1,
  "kísértő": 1,
  "kisétál": -2,
  "kisiklat": -2,
  "kisiklott": -2,
  "kiszabott": -1,
  "kiszögellő": -2,
  "kiterjed": 1,
  "kiterjesztése": 1,
  "kiteszi": -1,
  "kiteszik": -1,
  "kitett": -1,
  "kitiltja": -2,
  "kitiltva": -2,
  "kitisztul": 1,
  "kitoloncolás": -2,
  "kitörés": -2,
  "kitöröl": -2,
  "kiugró": 1,
  "kiürít": -1,
  "kiürítésére": -1,
  "kiürített": -1,
  "kiutasítja": -2,
  "kiütés": -2,
  "kiűzése": -2,
  "kiváló": 3,
  "kiválóság": 3,
  "kiváltságos": 2,
  "kívánatos": 2,
  "kíváncsi": 2,
  "kíváncsiskodó": -2,
  "kívánó": 1,
  "kívánságait": 1,
  "kizár": -1,
  "kizárás": -2,
  "kizárólagos": 2,
  "kizárt": -2,
  "kizárták": -2,
  "kockázat": -2,
  "kockázatok": -2,
  "kockázatos": -2,
  "köcsögök": -4,
  "komédia": -1,
  "komikus": 1,
  "komoly": 2,
  "komor": -1,
  "kompetenciák": 1,
  "kompetitív": 2,
  "konfekcionált": -1,
  "konfliktusok": -2,
  "konfliktusos": -2,
  "könnyed": 2,
  "könnyek": -2,
  "könnyen": 1,
  "könyörtelen": -1,
  "könyörületes": 2,
  "köpenyes": -2,
  "kopott": -1,
  "kórházban ápolt": -2,
  "korholta": -3,
  "korholva": -3,
  "korlátoz": -2,
  "korlátozás": -1,
  "korlátozó": -2,
  "korlátozódna": -2,
  "korlátozott": -2,
  "korlátozza": -2,
  "Környezetbarát": 2,
  "környezetszennyezés": -2,
  "korrupt": -3,
  "korszerűsítése": 2,
  "korszerűsítésére": 2,
  "korszerűsített": 2,
  "Kösz": 2,
  "köszönet": 2,
  "köszönt": 1,
  "köszöntötte": 1,
  "köteg": -3,
  "kötelességszegés": -2,
  "kötelező": -1,
  "követ": 1,
  "követelte": -1,
  "következményei": -2,
  "következő": 3,
  "középszerűség": -3,
  "közömbös": -2,
  "közöny": -2,
  "kreatív": 2,
  "kritika": -2,
  "kritikus": -2,
  "kritikusok": -2,
  "kritizál": -2,
  "kudarc": -3,
  "kudarcra ítélt": -2,
  "küldj": -2,
  "különálló": -1,
  "kurva": -4,
  "kurva aranyos": 4,
  "kurva jó": 4,
  "kurva meleg": 2,
  "kurva szép": 4,
  "küzd": -1,
  "küzdelem": -2,
  "küzdelmek": -2,
  "küzdött": -2,
  "lags": -2,
  "lakmározással kapcsolatos": 2,
  "lándzsahegy": 2,
  "lappangó": -1,
  "lassú": -2,
  "látnivalók": 2,
  "látnok": 3,
  "látomás": 1,
  "laughting": 1,
  "lawl": 3,
  "láz": -2,
  "laza": -3,
  "lázadás": -2,
  "lázadó": -2,
  "lázadók": -2,
  "leállás": -2,
  "lebeg": -2,
  "lebontják": -2,
  "lecsapolt": -2,
  "lecsillapított": 2,
  "leegyszerűsítés": -2,
  "leegyszerűsítésénél": -2,
  "leegyszerűsített": -2,
  "leépítés": -2,
  "leértékelésével": -2,
  "legalacsonyabb": -1,
  "legboldogabb": 3,
  "legdurvább": -2,
  "legédesebb": 3,
  "legerősebb": 2,
  "legfényesebb": 2,
  "legfőbb": 4,
  "legjobb": 3,
  "legkeserűbb": -2,
  "legmélyebb": 2,
  "legmocskosabb": -2,
  "legnagyobb": 3,
  "legnemesebb": 2,
  "legokosabb": 2,
  "legőrültebb": -2,
  "legrosszabb": -3,
  "legsötétebb": -2,
  "legszegényebb": -2,
  "legtisztább": 1,
  "legyőzhetetlen": 2,
  "legyőzött": -2,
  "lehangolt": -2,
  "lehet \"t állni": -3,
  "lehetőség": 2,
  "lehetőségek": 2,
  "lehetővé teszi": 1,
  "leigáz": -2,
  "leigázott": -2,
  "lejárt": -1,
  "lekötő": 3,
  "lélegzetelállító": 5,
  "lélektelen": -2,
  "lelkes": 1,
  "lelkibeteg": -2,
  "lemaradás": -1,
  "lemaradásunk": -2,
  "lemaradt": -2,
  "lemond": -1,
  "lemondó": -1,
  "lenézően": -2,
  "lényeges": 1,
  "lényegesen": 1,
  "Lenyűgöz": 3,
  "lenyűgözi": 3,
  "lenyűgöző": 4,
  "lenyűgözött": 3,
  "lerak": -1,
  "leselkedik": -1,
  "lesújtó": -2,
  "leszúrt": -2,
  "letargia": -2,
  "letargikus": -2,
  "letartóztatás": -2,
  "letartóztatások": -2,
  "letartóztatott": -3,
  "letiltása": -1,
  "leválás": -2,
  "levélszemét": -2,
  "levert": -2,
  "levon": -1,
  "likers": 2,
  "lmao": 4,
  "LMFAO": 4,
  "lő": -1,
  "lobbisták": -2,
  "lobbizás": -2,
  "lobbizott": -2,
  "lobbysta": -2,
  "logikátlan": -2,
  "lolol": 4,
  "LOLOLOL": 4,
  "lolololol kis": 4,
  "lool": 3,
  "loool": 3,
  "looool": 3,
  "lop": -2,
  "lopás": -2,
  "lopott": -2,
  "lovelies": 3,
  "lucskos": -2,
  "lusta": -1,
  "luxus": 2,
  "magabiztos": 2,
  "magabiztosan": 2,
  "magányos": -2,
  "makacs": -2,
  "makulátlan": 2,
  "maladaption": -2,
  "maldevelopment": -2,
  "manipuláció": -1,
  "manipuláló": -1,
  "manipulált": -1,
  "manó": -2,
  "marhaság": -3,
  "maszat": -2,
  "meddő": -2,
  "meg nem alkuvás": -2,
  "meg nem értett": -2,
  "megadott": 1,
  "megakadályozásán": -2,
  "megakadályozták": -1,
  "megakadályozza": -1,
  "megalázott": -3,
  "megaláztatás": -3,
  "megáldja": 2,
  "megáll": -1,
  "megállítás": -1,
  "megállíthatatlan": 2,
  "megállt": -1,
  "megbánás": -2,
  "megbánt": -2,
  "megbánta": -2,
  "megbecsült": 2,
  "megbízható": 2,
  "megbízhatóan": 2,
  "megbízhatóság": 2,
  "megbízott": 2,
  "megbocsát": 1,
  "megbocsáthatatlan": -3,
  "megbocsátó": 1,
  "megbosszul": -2,
  "megbosszulja": -2,
  "megbüntet": -3,
  "megdöbbent": 3,
  "Megdöbbent": 3,
  "megdöbbentő": -2,
  "megegyezés": 1,
  "megelőzése": -1,
  "megerősített": 2,
  "megerőszakolták": -4,
  "megfejt": 1,
  "megfelelő": 2,
  "megfélemlít": -2,
  "megfélemlítés": -2,
  "megfélemlített": -2,
  "megfélemlítő": -2,
  "megfertőz": -2,
  "megfertőzi": -2,
  "megfertőző": -2,
  "megfizethető": 2,
  "megfojtották": -2,
  "megfolyás": -1,
  "megfoszt vmitől": -2,
  "megfosztás": -3,
  "megfosztja": -2,
  "megfullad": -2,
  "megfulladt": -2,
  "meggátolja": -2,
  "meggondolatlan": -2,
  "meggyengült": -2,
  "meggyilkolása": -3,
  "meggyőz": 1,
  "meggyőző": 1,
  "meggyőződéses": 1,
  "meggyőződve": -1,
  "meghal": -3,
  "meghalt": -3,
  "meghittség": 2,
  "meghiúsít": -2,
  "meghiúsítja": -1,
  "meghiúsította": -2,
  "meghívás": 1,
  "meghódította": 3,
  "meghökkent": 2,
  "meghökkentő": 3,
  "megijeszt": -2,
  "megismételhetetlen": -2,
  "megítélt": 3,
  "megkegyelmezett": 2,
  "megkérdőjelezte": -1,
  "megkereső": 2,
  "megkínzott": -4,
  "megkönnyebbült": 2,
  "megkövesedett": -2,
  "megkülönböztetés": 2,
  "megkülönböztetést": -2,
  "megkülönbözteti,": -2,
  "megkülönböztető": -2,
  "meglepően": 3,
  "megmenti": 2,
  "megnövekedett": 1,
  "megnyugodott": 2,
  "megnyugtat": 1,
  "megnyugtatja": 1,
  "megnyugtató": 2,
  "megnyugtatta": 1,
  "megöl": -3,
  "megoldás": 1,
  "megoldása": 2,
  "megoldások": 1,
  "megoldja": 1,
  "megoldó": 1,
  "megoldott": 2,
  "megoszt": 1,
  "megosztott": 1,
  "megözvegyült": -1,
  "megragadt": -2,
  "megrekedt": -2,
  "megrémült": -2,
  "megrendítő": 2,
  "megriadt": -2,
  "megró": -3,
  "megront": -3,
  "megrontó": -3,
  "megrovás": -2,
  "megsebzett": -2,
  "megsemmisítés": -3,
  "megsért": -2,
  "megsértése": -2,
  "megsértette": -2,
  "megsérti": -2,
  "megsértődött": -2,
  "megszabadít": 2,
  "megszakítása": -2,
  "megszakítások": -2,
  "megszakítja": -1,
  "megszakított": -2,
  "megszakítva": -1,
  "megszállott": 2,
  "megszeg": -2,
  "megszégyenített": -2,
  "megszégyenülve": -2,
  "megszilárdul": 2,
  "megszökik": -1,
  "megszolgált": 1,
  "megszünteti": -1,
  "megtagadja": -2,
  "megtakarítás": 1,
  "megtámadta": -1,
  "megtévesztés": -3,
  "megtévesztette": -3,
  "megtéveszti": -3,
  "megtévesztő": -3,
  "megtisztelő": 2,
  "megvádolás": -3,
  "megvádolt": -2,
  "megválni": -1,
  "megvalósítani": 2,
  "megvalósítja": 2,
  "megváltás": 2,
  "megváltott": 2,
  "megvéd": 2,
  "megvesztegetése": -3,
  "megvesztegetett": -3,
  "megvetendő": -2,
  "megvetés": -2,
  "megvető": -2,
  "megvilágosít": 2,
  "megzavarhatja": -2,
  "megzavarja": -2,
  "megzavarodott": -2,
  "megzsarolja": -3,
  "melankólia": -2,
  "meleg": 1,
  "melegség": 2,
  "melegszívű": 2,
  "mell": -2,
  "mellékhatás": -2,
  "mellékhatások": -2,
  "mellőzések": -1,
  "méltányol": 2,
  "méltányosság": 2,
  "méltánytalanság": -2,
  "méltatlan": -2,
  "méltó": 2,
  "méltóság": 2,
  "memoriam": -2,
  "menekül": -1,
  "menekülés": -1,
  "menekülni": -1,
  "menny": 2,
  "mennyei": 4,
  "menő cucc": 3,
  "mentes": -1,
  "mentés": 2,
  "mentesíti": 2,
  "mentesül": 2,
  "mentett": 2,
  "mentettek": 2,
  "mentség": -1,
  "méreg": -2,
  "merénylet": -3,
  "merész": 2,
  "mérgek": -2,
  "mérges": -3,
  "mérgezett": -2,
  "mérgező": -3,
  "mesés": 4,
  "mesésen": 4,
  "Messiás": -2,
  "mestermű": 4,
  "mesterművek": 4,
  "mész": -3,
  "mindenütt jelenlevő": 2,
  "minőség": 2,
  "mint": 2,
  "mirthfully": 3,
  "misbehaves": -2,
  "misbranding": -3,
  "miscast": -2,
  "misclassifies": -2,
  "misclassify": -2,
  "misconducted": -2,
  "misconducting": -2,
  "misconducts": -2,
  "misleaded": -3,
  "misplacing": -2,
  "misreport": -2,
  "misreports": -2,
  "mítosz": -1,
  "mocskos": -2,
  "mocsoktalan": 2,
  "modernizálja": 2,
  "módszeres": 2,
  "módszeresen": 2,
  "mogorva": -2,
  "mohó": 2,
  "móka": 4,
  "mondat": -2,
  "monopolizál": -2,
  "monopolizált": -2,
  "monoton": -1,
  "morcos": -2,
  "mosoly": 2,
  "mosolygás": 2,
  "Mosolygott": 2,
  "mosolyog": 2,
  "motiváció": 1,
  "motivál": 1,
  "motiválatlan": -2,
  "motiváló": 2,
  "motivált": 2,
  "működési zavar": -2,
  "múlás": -1,
  "munkanélküli": -1,
  "munkanélküliség": -2,
  "n00b": -2,
  "nagy": 1,
  "nagyképű": -2,
  "nagylelkű": 2,
  "nagyobb": 3,
  "nagyra értékelt": 2,
  "nagyszerű": 5,
  "naiv": -2,
  "napfény": 2,
  "negatív": -2,
  "negatívság": -2,
  "néger": -5,
  "nehéz": -1,
  "nehezítő": -2,
  "nehézség": -2,
  "neheztelés": -2,
  "nekiütközik": -1,
  "nem": -1,
  "nem biztonságos": -2,
  "nem elérhető": -1,
  "nem engedélyezett": -2,
  "nem érhető el": -1,
  "nem ért egyet": -2,
  "Nem ért egyet": -2,
  "nem fogadott": -2,
  "nem hatékony": -2,
  "nem hisz": -2,
  "nem jó": -2,
  "nem kedvelt": -2,
  "Nem kedvelt": -2,
  "nem képes": 2,
  "nem kívánatos": -2,
  "nem megerősített": -1,
  "nem megfelelő": -2,
  "nem működik": -3,
  "nem parlamentáris": -2,
  "nem rokonszenves": -2,
  "nem sikerül": -2,
  "nem sikerült": -2,
  "nem szándékos": -2,
  "Nem támogatott": -2,
  "nem vicces": -3,
  "nem vonzó": -2,
  "néma": -3,
  "nemes": 2,
  "népszerű": 3,
  "népszerűség": 3,
  "népszerűsít": 1,
  "nevet": 1,
  "nevetés": 1,
  "nevetett": 1,
  "nevetséges": -3,
  "nézeteltérés": -2,
  "niggerek": -5,
  "nincs tudatában": -2,
  "növedékek": 2,
  "növekedés": 1,
  "növekvő": 1,
  "növelése": 1,
  "növeli": 1,
  "nyafkán ábrándos": -2,
  "nyereség": 2,
  "nyerészkedő": -2,
  "nyerő": 4,
  "nyers": -1,
  "nyersbőr": -1,
  "nyerte": 3,
  "nyögés": -2,
  "nyögések": -2,
  "nyögi": -2,
  "nyögve": -2,
  "nyomás": -1,
  "nyomás alatt": -2,
  "nyomasztó": -2,
  "nyomorult": -3,
  "nyomott": -2,
  "nyomuló": -1,
  "nyugalmas": 2,
  "nyugalom": 2,
  "nyűgét": -2,
  "nyughatatlan": -2,
  "nyugodt": 2,
  "nyugtalan": -2,
  "nyugtalanító": -2,
  "nyugtalanság": -2,
  "nyugtat": 2,
  "nyugtató": 2,
  "nyújtó": 1,
  "obszcén": -2,
  "odaadás": 2,
  "öklendezett": -2,
  "okos": 2,
  "Okos": 1,
  "okoz": -2,
  "okoz csalódást": -2,
  "okoznak": -2,
  "OKS": 2,
  "öl": -3,
  "ölelés": 1,
  "ölelést": 2,
  "oltották": -2,
  "olyasmi": 0,
  "onánia": -2,
  "önellentmondás": -2,
  "öngyilkos": -2,
  "öngyilkosság": -2,
  "önimádat": -2,
  "öntelt": -2,
  "önzés": -3,
  "önzetlen": 2,
  "önző": -3,
  "optimista": 2,
  "optimizmus": 2,
  "optionless": -2,
  "orgyilkosság": -3,
  "őrjöngő": -1,
  "örökzöld": 2,
  "örökzöldek": 2,
  "öröm": 4,
  "örömmel": 3,
  "örömtelen": -2,
  "örül": 4,
  "örület": -3,
  "őrület": -2,
  "örüljetek": 4,
  "örülnek": 2,
  "őrült": -3,
  "őrültebb": -2,
  "őrülten": -3,
  "őrültség": -3,
  "örvendezett": 4,
  "örvendeztette": 3,
  "Ossza meg": 1,
  "összecsapás": -2,
  "összeesik": -2,
  "összeesküvés": -3,
  "összefüggéstelen": -2,
  "összejátszik": -3,
  "összekapcsol": 1,
  "összeomlás": -2,
  "összeomló": -2,
  "összeomlott": -2,
  "összetört": -2,
  "összeütközés": -2,
  "összeütközik": -1,
  "összeütköző": -1,
  "összhangba hoz": 2,
  "összpontosított": 2,
  "ostoba": -3,
  "ostobaság": -2,
  "ostracized": -2,
  "ostracizes": -2,
  "őszinte": 3,
  "őszinteség": 2,
  "osztja": 2,
  "ösztönöz": 1,
  "ösztönzése": 2,
  "ösztönzött": 2,
  "ötletes": 2,
  "óvatos": 2,
  "óvatosság": 2,
  "overprotective": -2,
  "overreacts": -2,
  "oversell": -2,
  "overselling": -2,
  "oversells": -2,
  "oximoron": -1,
  "pályázati kiírás": 2,
  "panasz": -2,
  "panaszkodik": -2,
  "panaszkodott": -2,
  "panaszok": -2,
  "pánik": -2,
  "pánikolt": -3,
  "paradicsom": 3,
  "paradoxon": -1,
  "páratlan": -2,
  "pardoning": 2,
  "paródia": -2,
  "passzív": -1,
  "passzívan": -1,
  "patinás": -2,
  "pazarlás": -2,
  "per": -2,
  "perek": -2,
  "perel": -2,
  "pereli": -2,
  "peres": -2,
  "pereskedés": -1,
  "pesszimista": -2,
  "pesszimizmus": -2,
  "pestis": -3,
  "picsa": -5,
  "pisi": -4,
  "pisze": -2,
  "piszkos": -2,
  "piszkosabb": -2,
  "piszok": -2,
  "pisztoly": -1,
  "pöcs": -5,
  "pocsolya": -2,
  "pokol": -4,
  "pokoli": -2,
  "pompás": 3,
  "pontatlanul": -2,
  "pontosítja": 2,
  "por": -2,
  "poszttraumatikus": -2,
  "pótolhatatlan": -2,
  "pozitív": 2,
  "pozitívan": 2,
  "prblm": -2,
  "prblms": -2,
  "proaktív": 2,
  "probléma": -2,
  "problémák": -2,
  "profitáltak": 2,
  "propaganda": -2,
  "provokál": -1,
  "provokált": -1,
  "provokatív": -1,
  "pusztít": -3,
  "pusztítás": -2,
  "pusztítása": -2,
  "pusztító": -3,
  "pusztulás": -2,
  "rabló": -2,
  "rabol": -2,
  "rabszolga": -3,
  "rabszolgák": -3,
  "rabszolgaság": -3,
  "rabszolgává": -2,
  "rageful": -2,
  "ragyogás": 3,
  "ragyogó": 4,
  "rajong": 3,
  "rajongás": 2,
  "rajongó": 2,
  "rajongók": 2,
  "rák": -1,
  "rántás": -3,
  "ranters": -3,
  "rants": -3,
  "rasszista": -3,
  "rasszisták": -3,
  "rasszizmus": -3,
  "rászedés": -2,
  "ratifikált": 2,
  "ravasz": 2,
  "recesszió": -2,
  "regény": 2,
  "rejtett": -1,
  "remegés": -2,
  "remegnek": -2,
  "remegő": -2,
  "remélhetőleg": 2,
  "remélve": 2,
  "remény": 2,
  "remények": 2,
  "reménytelen": -2,
  "rémséges": -2,
  "rémült": -3,
  "rendellenességek": -2,
  "rendetlenség": -2,
  "rendezetlen": -1,
  "reprimanding": -2,
  "részeg": -4,
  "részt": 1,
  "retard": -2,
  "retardált": -2,
  "retteg": -2,
  "rettegésben tart": -3,
  "rettegett": -2,
  "rettegve": -2,
  "rettenetes": -3,
  "rettenthetetlen": 2,
  "revive": 2,
  "riasztás": -2,
  "riasztónak": -2,
  "ró": -1,
  "robing": -2,
  "robotolás": -2,
  "rofl": 4,
  "roflcopter": 4,
  "roflmao": 4,
  "rohadékok": -5,
  "rohadt aranyos": 3,
  "rokonszenvező": 2,
  "ROM": -2,
  "románc": 2,
  "romantikus": 2,
  "romantikusan": 2,
  "romboló": -3,
  "romlik": -2,
  "romló": -3,
  "romlott": -2,
  "romok": -2,
  "romos": -2,
  "roncs": -2,
  "rossz": -2,
  "rossz bánásmód": -2,
  "rossz helyre": -2,
  "rosszabb": -3,
  "rosszabbodik": -3,
  "rosszallás": -2,
  "rosszalló": -2,
  "rosszaság": -3,
  "rosszindulatú": -2,
  "rosszkedvű": -1,
  "rosszul": -2,
  "rosszul olvas": -1,
  "rosszul viselkedő": -2,
  "ROTFL": 4,
  "rotflmfao": 4,
  "rotflol": 4,
  "rothadt": -3,
  "rövidlátás": -2,
  "rövidlátó": -2,
  "rózsa": 1,
  "ruha": -1,
  "sablonos": -2,
  "sajnálja": -2,
  "sajnálkozó": -2,
  "sajnálom": -1,
  "sajnálta": -1,
  "sajnálva": -2,
  "sajnos": -2,
  "sáros": -2,
  "savange": -2,
  "savanges": -2,
  "sebezhetetlen": 2,
  "sebezhető": -2,
  "sebezhetőség": -2,
  "sebhely": -2,
  "seggfej": -4,
  "segít": 2,
  "Segítség": 2,
  "selfmegtévesztett": -2,
  "sérelem": -2,
  "sérelmekért": -2,
  "serkenti": 1,
  "serkentő": 2,
  "sért": -2,
  "sértés": -2,
  "sértések": -2,
  "sértetlenség": 2,
  "sértett": -1,
  "sértő": -2,
  "sérülés": -2,
  "sérülések": -2,
  "sérülnek": -2,
  "sérült": -2,
  "sexistic": -2,
  "shoody": -2,
  "siker": 2,
  "sikeres": 3,
  "sikeresen": 3,
  "sikertelen": -2,
  "sikertelenül": -2,
  "sikerül": 3,
  "sikerült": 3,
  "sikkasztás": -3,
  "sikkes": 2,
  "sikoly": -2,
  "sikolyok": -2,
  "sima": 2,
  "singleminded": -2,
  "sír": -2,
  "síró": -2,
  "sivár": -2,
  "slickest": 2,
  "snubbed": -2,
  "snubbing": -2,
  "snubs": -2,
  "sóhaj": -2,
  "sokk": -2,
  "sokkok": -2,
  "sötét": -2,
  "sötétség": -1,
  "sóvárgás": 1,
  "sóvárgó": 2,
  "spam": -2,
  "spammer": -3,
  "spammerek": -3,
  "spekulatív": -2,
  "squanders": -2,
  "stabil": 2,
  "stimulált": 1,
  "stinked": -2,
  "stóla": -2,
  "stresszor": -2,
  "stresszorok": -2,
  "sueing": -2,
  "sugallja": -2,
  "sújtja": -3,
  "sújtó": -3,
  "sújtott": -1,
  "süketítő": -1,
  "súlyosbít": -2,
  "súlyosbíthatja": -2,
  "súlyosbítja": -2,
  "súlyosbító": -2,
  "súlyosbította az amúgy is": -2,
  "súlyosbítva": -2,
  "sürgős": -1,
  "szabadság": 2,
  "szabadságok": 2,
  "szabálysértő": -2,
  "szabdalt": -2,
  "szabotázs": -2,
  "szájpecek": -2,
  "szakadt": -2,
  "szakítsa": -2,
  "szakszerűen": 2,
  "szakszerűtlen": -2,
  "szamár": -4,
  "száműz": -1,
  "szán": -3,
  "szánalmas": -3,
  "szánalmasan": -3,
  "szankcionálja": -2,
  "szankcionált": -2,
  "szar": -3,
  "szarházi": -5,
  "szarkasztikus": -2,
  "szaros": -3,
  "szédülő": -1,
  "szegecselés": 3,
  "szegény": -2,
  "szegényebb": -2,
  "szegénység": -1,
  "szegi": -2,
  "szégyen": -2,
  "szégyenletes": -2,
  "székrekedés": -2,
  "szeleburdi": -2,
  "szélhámosság": -3,
  "szellem": 1,
  "szellemes": 2,
  "szélsőséges": -2,
  "szélsőségesek": -2,
  "szemét": -1,
  "szemétláda": -4,
  "szemrehányást": -2,
  "szennyezések": -2,
  "szennyezett": -2,
  "szennyezi": -2,
  "szennyezik": -2,
  "szennyezni": -2,
  "szennyező": -2,
  "szennyezőanyag": -2,
  "szennyezőanyagok": -2,
  "szennyeződés": -2,
  "szennyezők": -2,
  "szenved": -2,
  "szenvedély": 1,
  "szenvedélyes": 2,
  "szenvedés": -2,
  "szenvedni": -2,
  "szenvedő": -2,
  "szenvedők": -2,
  "szép": 1,
  "szépen": 3,
  "szépít": 3,
  "szépség": 3,
  "szépségek": 3,
  "szerelem": 3,
  "szerencse": 3,
  "szerencsére": 3,
  "szerencsés": 2,
  "szerencsés véletlen": 4,
  "szerencsétlen": -2,
  "szeret": 2,
  "szeretet": 3,
  "szeretett": 3,
  "szeretnék": 1,
  "szeretnivaló": 3,
  "szerető": 2,
  "szerető kedvesség": 3,
  "szervezetlen": -2,
  "szerzett": 2,
  "szeszélyes": 1,
  "szétzúz": -1,
  "szétzúzott": -2,
  "szétzúzza": -1,
  "szexis": 3,
  "szexista": -2,
  "szid": -2,
  "szidja": -3,
  "szigorú": -2,
  "szigorúan": -2,
  "szikra": 1,
  "szikrázó": 3,
  "szilárd": 2,
  "szilárduló": 2,
  "szimpatikus": 2,
  "színlel": -1,
  "szív": -3,
  "szivárgott": -1,
  "szivárog": -1,
  "szívfacsaró": -3,
  "szívmelengető": 3,
  "szívósabb": 2,
  "szívtelen": -2,
  "szívű": -3,
  "szkepticizmus": -2,
  "szkeptikus": -2,
  "szkeptikusok": -2,
  "szmog": -2,
  "szolgai": -1,
  "szolidaritás": 2,
  "szomorkodik": -1,
  "szomorú": -2,
  "szórakozási": 3,
  "szórakoztat": 3,
  "szórakoztatás": 3,
  "szórakoztató": 2,
  "szörnyen": -3,
  "szörnyszülött": -2,
  "szörnyű": 4,
  "szorongás": -2,
  "szoruló": 2,
  "szövetséges": 2,
  "szövőszék": -1,
  "sztereotípia": -2,
  "sztrájk": -1,
  "sztrájkok": -1,
  "sztrájkolók": -2,
  "szukák": -5,
  "szűkölködő": -2,
  "szuper": 3,
  "szúrások": -2,
  "szürke": -1,
  "szürkeárnyalás": -2,
  "tagadás": -2,
  "tagadja": -2,
  "tagadni": -2,
  "tagadó": -2,
  "tagadók": -2,
  "tágas": 1,
  "tájékozódási pont": 2,
  "támadás": -1,
  "támadások": -1,
  "támadó": -1,
  "támadóan": -2,
  "támaszok": 2,
  "támogatás": 2,
  "támogatások": 1,
  "támogatni": 1,
  "támogató": 1,
  "támogatók": 1,
  "támogatott": 2,
  "tanácsos": 1,
  "tanácstalan": -2,
  "tanya": -1,
  "tapintatlan": -2,
  "taps": 2,
  "tapsol": 2,
  "tapsoltak": 2,
  "Tard": -2,
  "tartják számon": -2,
  "tartós": 2,
  "taszító": -2,
  "tegye": -1,
  "teher": -2,
  "tehermentesítő": 2,
  "tehetetlen": -2,
  "tehetség": 2,
  "település": 1,
  "települések": 1,
  "teljesítés": 2,
  "teljesítmény": 2,
  "teljesítmények": 2,
  "teljesül": 2,
  "temetés": -1,
  "terhek": -2,
  "terhelő": -2,
  "terhelt": -2,
  "terjeszkedik": 1,
  "termékeny": 2,
  "természetes": 1,
  "terrifically": 4,
  "terror": -3,
  "terrorista": -2,
  "terroristák": -2,
  "terrorizál": -2,
  "terrorizálja": -3,
  "terrorizálják": -2,
  "terrorizálta": -3,
  "tervszerű": 2,
  "tétlenség": -2,
  "tétovázik": -2,
  "tetszetős": 2,
  "tetszik": 2,
  "tetves": -2,
  "téves": -2,
  "tilalom": -2,
  "tilt": -1,
  "tiltakozás": -2,
  "tiltakozik": -2,
  "tiltakozó": -2,
  "tiltakozók": -2,
  "tiltja": -1,
  "tiltják": -1,
  "tiltó": -2,
  "tiltott": -2,
  "tiszta": 2,
  "tisztán": 1,
  "tiszteleg": 2,
  "tisztelegve": 2,
  "tisztelet": 2,
  "tiszteletben tart": 2,
  "tiszteletlenség": -2,
  "Tisztelettel": 2,
  "tisztelgés": 2,
  "tisztelgett": 2,
  "tisztelt": 2,
  "tisztességtelen": -2,
  "tisztító": 2,
  "titokzatos": -2,
  "tökéletes": 3,
  "tökéletesen": 3,
  "tökéletesített": 2,
  "tökéletesíti": 2,
  "tökéletesség": 3,
  "tökéletlen": -2,
  "tolerancia": 2,
  "toleráns": 2,
  "töltött": -3,
  "tömb": -1,
  "tömjén": -2,
  "tönkreteszed": -3,
  "tönkreteszi": -2,
  "töprengő": -1,
  "torkig van": -3,
  "törlése": -1,
  "törli": -1,
  "törölve": -1,
  "törött": -1,
  "törtvonal": -2,
  "törvénytelen": -3,
  "torzítja": -2,
  "torzítják": -2,
  "torzító": -2,
  "torzulás": -2,
  "totalitárius": -2,
  "totalitarizmus": -2,
  "touts": -2,
  "trágárság": -2,
  "tragédia": -2,
  "tragédiák": -2,
  "tragikus": -2,
  "traumás": -3,
  "tréfa": 2,
  "tréfás": 2,
  "trükk": -2,
  "tudatlan": -2,
  "tudatlanság": -2,
  "tudománytalan": -2,
  "túladott": -2,
  "túlélő": 2,
  "túlélte": 2,
  "túlerőben": -2,
  "túlfeszített": -3,
  "túloz": -2,
  "túlreagál": -2,
  "túlreagálás": -2,
  "túlreagáljuk": -2,
  "túlreagált": -2,
  "túlsúly": -1,
  "túlterhelés": -1,
  "túlzás": -2,
  "túlzott": -2,
  "túlzottan leegyszerűsít": -2,
  "tumor": -2,
  "türelmetlen": -2,
  "tüskés": -2,
  "tüsszent": -2,
  "tüsszentés": -2,
  "tüsszentett": -2,
  "Tűz": -2,
  "Tyran": -3,
  "Tyrans": -3,
  "üdítő": 3,
  "üdítően": 2,
  "udvarias": 2,
  "udvariasság": 2,
  "udvarol": 3,
  "üdvözlet": 1,
  "üdvözli": 2,
  "üdvözöl": 2,
  "Üdvözöljük": 2,
  "üdvözölte": 2,
  "üdvözölték": 2,
  "ügy": 1,
  "úgy tesz, mintha": -1,
  "ügyek": 1,
  "ügyes": 2,
  "újít": 1,
  "újító": 2,
  "ujjongó": 3,
  "ujjongva": 3,
  "üldözi": -2,
  "üldöző": -2,
  "üldözött": -2,
  "unalmas": -2,
  "unalom": -2,
  "undercooked": -2,
  "undor": -3,
  "undorító": -3,
  "unfunny": -2,
  "ungenerous": -2,
  "unintelligens": -2,
  "uninvolving": -2,
  "ünnepel": 3,
  "ünnepelt": 3,
  "ünnepeltebbnek": 2,
  "ünnepélyes": -1,
  "ünnepies": 2,
  "ünneplés": 3,
  "ünnepli": 3,
  "ünnepségek": 3,
  "unott": -2,
  "unreleting": -2,
  "unresearched": -2,
  "uralkodni": 1,
  "üreges": -1,
  "üres": -1,
  "üresség": -1,
  "úszóképes": 2,
  "utálatos": -3,
  "utáló": -3,
  "utálók": -3,
  "utált": -3,
  "utánzott": -2,
  "ütközés": -2,
  "ütközések": -2,
  "utolérhetetlen": 2,
  "ütött": -1,
  "üzérkedés": -2,
  "vád": -2,
  "vádakat": -2,
  "vádemelés": -1,
  "vádjai": -3,
  "vádló": -2,
  "vádlott": -2,
  "vádol": -3,
  "vádolja": -2,
  "vágás": -2,
  "vágások": -1,
  "vagdalkozás": -2,
  "vágott": -1,
  "vágy": 1,
  "vágyakozás": -1,
  "vak": -1,
  "vakmerő": -2,
  "vakmerően": 2,
  "vakmerőség": 2,
  "valami féle": 0,
  "vállalkozó szellemű": 1,
  "vallásos": 2,
  "válogatott": 1,
  "valószínűtlen": -1,
  "válság": -3,
  "várakozással": -1,
  "várja": -1,
  "várt": -1,
  "vaskos": 2,
  "véd": 1,
  "védett": 1,
  "védő": 2,
  "védők": 2,
  "védtelen": -2,
  "végrehajtások": -2,
  "végzet": -3,
  "végzetes": -4,
  "véletlen": 2,
  "véletlenül": -2,
  "ventilátor": 3,
  "verés": -1,
  "véres": -3,
  "vereség": -2,
  "verseng": -1,
  "versenyző": -1,
  "veszély": -2,
  "veszélyes": -3,
  "veszélyesen": -2,
  "vészhelyzet": -2,
  "vészmadár": -2,
  "veszteget": -3,
  "vesztegetés": -3,
  "vesztes": -3,
  "veszteség": -3,
  "vezetés": 1,
  "vezető": 2,
  "vibráló": 3,
  "viccek": 2,
  "vicces": 2,
  "viccesebb": 4,
  "victimizes": -3,
  "victimizing": -3,
  "vidám": 3,
  "vidáman": 2,
  "vidámság": 3,
  "vigasztalhatatlan": -2,
  "világosság": 2,
  "virágzó": 3,
  "viselkedő": -2,
  "visító": -2,
  "visszaállítás": 1,
  "visszadobott": -1,
  "visszaél": -3,
  "visszaélés": -2,
  "visszaélések": -3,
  "visszaéléseket": -2,
  "visszafordíthatatlan": -1,
  "visszafordíthatatlanul": -1,
  "visszatart": -2,
  "visszatartott": -1,
  "visszataszító": -2,
  "visszautasította": -2,
  "visszaver": -1,
  "visszaverődés": -2,
  "visszaverte": -2,
  "visszavonás": -3,
  "visszavonulás": -1,
  "viszály": -2,
  "viszketős": -2,
  "viszonoz": 2,
  "vita": -2,
  "viták": -2,
  "vitamin": 1,
  "vitás": -2,
  "vitatható": -2,
  "vitatja": -2,
  "vitatott": -2,
  "víziók": 1,
  "vonszolta": -1,
  "vonz": 1,
  "vonzása": 2,
  "vonzerő": 2,
  "vonzó": 2,
  "vonzóan": 2,
  "vonzott": 1,
  "walkouts": -2,
  "wanker": -3,
  "WINWIN": 3,
  "wooo": 4,
  "woow": 4,
  "WOWOW": 4,
  "wowww": 4,
  "wtf": -4,
  "wtff": -4,
  "wtfff": -4,
  "xo": 3,
  "xoxo": 3,
  "xoxoxo": 4,
  "xoxoxoxo": 4,
  "yeees": 2,
  "yucky": -2,
  "zajongás": -3,
  "zajos": -1,
  "zaklat": -3,
  "zaklatás": -2,
  "zaklatja": -3,
  "zaklató": -3,
  "zaklatott": -3,
  "zaklatottság": -2,
  "zárolt": -1,
  "zászlóshajó": 2,
  "zavar": -2,
  "zavarba": -2,
  "zavarba hoz": -2,
  "zavargások": -2,
  "zavaró": -2,
  "zavarok": -2,
  "zavaros": -2,
  "zavart": -2,
  "zavarta": -2,
  "zelóta": -2,
  "zelóták": -2,
  "zökkenőmentes": 2,
  "zökkenőmentesen": 2,
  "zöld mosás": -3,
  "zöldfülű": -2,
  "zöldre mosás": -3,
  "zord": -2,
  "zsarnoki": -3,
  "zsarnoksága": -3,
  "zsarolás": -3,
  "zsarolják": -3,
  "zsaroló": -3,
  "zsibbadt": -1,
  "zsúfolódó": -1,
  "zuhany": -3,
  "zúzó": -1
}