{
  "& Pe": 2,
  "abdicare": -1,
  "abductam": -2,
  "abductions": -2,
  "abessent,": -1,
  "abhorrens": -2,
  "abhorrent": -2,
  "abhorrent,": -3,
  "abhorrentes": -2,
  "abiectum,": -3,
  "abietes": 2,
  "abiit": -1,
  "ablative": -3,
  "ablatives": 2,
  "abnuere": -2,
  "abominata": -3,
  "abominatio": -3,
  "aborts": -1,
  "abscondit": -2,
  "absconditus est": -1,
  "Absentem": -1,
  "absit": -1,
  "absoluti,": -2,
  "absolutus": 2,
  "absolve": 2,
  "absolvendi": 2,
  "absolvendo": 2,
  "absolvit,": 2,
  "absorbuit": 1,
  "absque paleis": -3,
  "Abuse": -3,
  "abusus": -2,
  "accendi": -2,
  "accensa": -2,
  "acceptatio": 1,
  "acceptum": 1,
  "accident": -2,
  "accidentia,": -2,
  "accipere": 1,
  "accipit": 2,
  "accolade": 2,
  "accusabatur,": -3,
  "accusant": -2,
  "accusantium": -2,
  "accusat,": -2,
  "accusatio": -1,
  "accusatus": -2,
  "accusentur": -3,
  "acerbiorem": -2,
  "acerbissimum": -2,
  "acidus": -2,
  "acribus": 1,
  "active": 1,
  "acutus": 2,
  "ad": 1,
  "ad vivum,": 2,
  "adclamabatur": 2,
  "adcommodatus": -2,
  "adeptus": -2,
  "adfectus": -1,
  "adflictae": -3,
  "adflictio": -2,
  "adfligitur": -2,
  "adfligunt": -2,
  "adhæsit": -2,
  "adicias": -2,
  "adimit": -2,
  "aditum": 1,
  "adloquatur": 1,
  "adminicula": 2,
  "admissus": -1,
  "admittit,": -1,
  "admoneo": -2,
  "admonitus": -2,
  "adoptare": 1,
  "adorante": 3,
  "adoratio,": 3,
  "adoraverunt,": 3,
  "adoremus": 3,
  "adores": 3,
  "adoringly": 3,
  "adspires": -2,
  "adstipulator": -2,
  "adstitit": -1,
  "adulteri": -5,
  "adulteri,": -3,
  "Advanced": 1,
  "Adventure": 2,
  "Adventures": 2,
  "adversus": -1,
  "advertatur": -2,
  "advocatus": 1,
  "aemulator": -2,
  "aequivocatione": -2,
  "aequo": -2,
  "aequo animo": 2,
  "aequore": 2,
  "aequos": 2,
  "aequum": 2,
  "affectio": 3,
  "affectionateness": 3,
  "AFFLICTUS": -3,
  "Affligente": -2,
  "afflixit": -1,
  "aficionados": 2,
  "agerentur,": 3,
  "aggravantes,": -2,
  "aggravare": -2,
  "aggravatur": -2,
  "agit": -3,
  "agitatam": -2,
  "Agnus Dei": 2,
  "agonises": -3,
  "agonizes": -3,
  "ALACER": 2,
  "alarmist": -2,
  "alarmists": -2,
  "alba": 3,
  "Albanica": 2,
  "Albedo": 1,
  "aliena": -1,
  "alienationem": -2,
  "alienum": -2,
  "alios": -1,
  "allegationibus": -2,
  "allergic": -2,
  "almum": 2,
  "altruistic": 2,
  "amabilis,": 3,
  "amare": 3,
  "amat,": 3,
  "amentes,": -2,
  "amentiam,": 2,
  "amentis": -3,
  "amet": 2,
  "amicissimum": 2,
  "amicitia,": 2,
  "amicum": 2,
  "amicus": 1,
  "amissa": -3,
  "amor stupri": 4,
  "amores stupri": 4,
  "amplecti,": 1,
  "amplexus": 2,
  "amplio": 2,
  "amuse": 3,
  "anceps": -2,
  "Andegavi,": -3,
  "anfractus": -1,
  "angoris": -3,
  "angustia": -2,
  "angustiis": -2,
  "animadversionum": -2,
  "animarentur": 2,
  "animi": 2,
  "animis": -3,
  "animo": 2,
  "Annae": 2,
  "ante": 1,
  "anti": -1,
  "apeshit": -3,
  "apocalyptic": -2,
  "Apologia": -1,
  "Apologizing": -1,
  "aporiamur": -2,
  "apparatum": -2,
  "Appellato": 2,
  "appreciate": 2,
  "appreciated": 2,
  "apprehensiva": -2,
  "approbatione": 2,
  "appropriate": 2,
  "apta": 2,
  "arbitrantes": 2,
  "ardent": 1,
  "arduum": -1,
  "arguere": 1,
  "arguit": 1,
  "arietes": -1,
  "arietibus": -3,
  "armatisque": -1,
  "armaverat": -1,
  "armenti": -2,
  "arreptus": -3,
  "artibus": 2,
  "ashame": -2,
  "asinorum": -4,
  "asinus": -4,
  "aspectu": 2,
  "asperrimum": -2,
  "assfucking": -4,
  "astoundingly": 3,
  "Ataraxia": -2,
  "atris": -2,
  "atrox": -3,
  "attractionibus": 2,
  "attrahentis": 2,
  "attrahit": 1,
  "attrahitur": 1,
  "attrahunt": 1,
  "AUCTARIUM": -1,
  "auctor": 2,
  "auctoritas": 2,
  "auctus": 1,
  "audacia,": 2,
  "audacius": 3,
  "audiuerit": -2,
  "auerteratque": -2,
  "augentes": -2,
  "augere": 1,
  "auget;": -2,
  "aura,": 1,
  "aurum": 2,
  "auxilia": 2,
  "auxilium": 2,
  "avarus,": -2,
  "aversos": -2,
  "avertat": -1,
  "averteret": -1,
  "avertit,": -1,
  "avidus": 2,
  "Avoids": -1,
  "Award": 3,
  "Awards": 3,
  "bacchatur": -2,
  "badass": -3,
  "bamboozled": -2,
  "bamboozles": -2,
  "ban": -2,
  "bankster": -3,
  "barbarico": -2,
  "barbarous": -2,
  "barbarus": -2,
  "bastard": -5,
  "Beati": 2,
  "beatissimi": 3,
  "beatitudine": 3,
  "beatitudinem": 3,
  "beatorum": 3,
  "beatum": 3,
  "bellum": -1,
  "bellus": 3,
  "benefocused": 2,
  "benegroomed": 2,
  "bene aedificabatur": 2,
  "bene evoluta": 2,
  "bene vindicentur": 3,
  "benedicat": 2,
  "benedictio": 3,
  "benedictiones": 3,
  "benefactor": 2,
  "benefici vocantur": 2,
  "beneficium": 2,
  "benigne": 2,
  "BENIGNITAS": 2,
  "benignus": 3,
  "benivolentia": 3,
  "biased": -2,
  "BICEPS": -1,
  "bigis": -2,
  "bitches": -5,
  "blackmailed": -3,
  "blackmailing": -3,
  "blackmails": -3,
  "blande": 1,
  "blanditia": 2,
  "block": -1,
  "blockbuster": 3,
  "blurry": -2,
  "Bomb": -1,
  "bona": -3,
  "bonitatem": 3,
  "bonorum": 2,
  "bonum": 3,
  "bonum mane": 1,
  "bonum stupri": 4,
  "boost": 1,
  "boosted": 1,
  "boosting": 1,
  "boosts": 1,
  "bothered": -2,
  "boycott": -2,
  "boycotted": -2,
  "boycotting": -2,
  "boycotts": -2,
  "brainwashing": -3,
  "braveness": 2,
  "bravura": 3,
  "breakthrough": 3,
  "brilliances": 3,
  "bullshit": -4,
  "bummer": -2,
  "buoyant": 2,
  "burdens": -2,
  "burgaria": -2,
  "caecam": -3,
  "caecus": -1,
  "cædam": -3,
  "caede": -3,
  "caedes": -2,
  "caedis": -3,
  "caelestibus": 4,
  "caesa": 3,
  "Caesar": -1,
  "calamitosum": -2,
  "CALAMITOSUS": -2,
  "calcabit": -3,
  "calor,": 2,
  "calorem stupri": 2,
  "calumnia": -2,
  "calumniatur": -2,
  "cancer": -1,
  "cantata": 2,
  "capabilities": 1,
  "caperetur,": -2,
  "capit": 1,
  "capitis": -2,
  "capti": -2,
  "captionem": -1,
  "captivos,": -2,
  "captivus": -2,
  "captum": 3,
  "captus est": -3,
  "cara": 2,
  "carcere": -2,
  "carissimi": 3,
  "Carissimi,": -1,
  "caritatis,": 2,
  "carpere": -3,
  "carperet": -2,
  "cashing in": -2,
  "casibus": 2,
  "castigat": -3,
  "castigati,": -3,
  "casus": -2,
  "caupo": -2,
  "causam": 1,
  "celeberrimus": 3,
  "celebrando": 3,
  "celebrari": 3,
  "celebrate": 3,
  "celebrationem": 3,
  "celebrationibus,": 3,
  "censor": -2,
  "censores,": -2,
  "censura": -2,
  "centibus": 2,
  "certabant,": -2,
  "certamine": -2,
  "cescente": -2,
  "cessaverunt": -1,
  "cessoribus": -2,
  "ceu": -2,
  "chagrined": -2,
  "challenge": -1,
  "chaos": -2,
  "Charisma": 2,
  "charmless": -3,
  "cheaters": -3,
  "Chides": -3,
  "Chokes": -2,
  "cicatrices": -2,
  "cimex": -4,
  "cinaede": -3,
  "Cinefactus": -2,
  "circumlocution": -2,
  "circumspectus": -1,
  "CIRCUMVENIO": -2,
  "cito": 2,
  "civilitas": 2,
  "clamabat": -2,
  "clamantes": -2,
  "Clamo": -2,
  "clamor": -1,
  "clamoribus": -2,
  "clamosa": -1,
  "clare": 1,
  "claritate": 2,
  "classy": 3,
  "claudi": -2,
  "clausa": -2,
  "clauso": -2,
  "clausuris": -1,
  "Clears": 1,
  "clemens,": 1,
  "coactione": -2,
  "coactus": -2,
  "coactus,": -2,
  "cocksuckers": -5,
  "cocky": -2,
  "coelum": 2,
  "cogeretur": 1,
  "cogitantium": 2,
  "cognitis": 2,
  "cohortantes": 2,
  "coinquinationis": -2,
  "colabit": 1,
  "collapse": -2,
  "collapses": -2,
  "Collides": -1,
  "colloquium": -1,
  "colluding": -3,
  "comici": 1,
  "commendat": 2,
  "commendatur": 2,
  "committere": 1,
  "commoda,": 2,
  "commode": 2,
  "commodum": 2,
  "commorata": -2,
  "commoveat": -2,
  "Comoediae": 1,
  "compagem": 2,
  "competencies": 1,
  "competentis": 2,
  "complet": 2,
  "complexa": -2,
  "complimented": 2,
  "comprehendo": 2,
  "comprobans": -2,
  "concedit,": 1,
  "CONCERTATOR": -1,
  "concessionem": 1,
  "concidit": -2,
  "concilians": 2,
  "conciliare": 2,
  "conciliates": 2,
  "CONCILIO": 4,
  "concinnare": 2,
  "concitatus": 3,
  "concordat": 1,
  "concorditer": 2,
  "concors": 2,
  "concursus": -2,
  "condemnabitur": -2,
  "condemnare,": -2,
  "Condemnat": -2,
  "confectum": -1,
  "confidens": 2,
  "confidenter": 2,
  "confidentia": 2,
  "confidit": 1,
  "confirma": 2,
  "confirmat": 2,
  "Confirmat": 1,
  "confirmationem,": 2,
  "confirmatum:": -1,
  "conflator": 1,
  "conflictive": -2,
  "conflictus": -2,
  "confodere": -2,
  "confortamini,": 2,
  "confortatus": 2,
  "confossus": -2,
  "confractio": -2,
  "confregit": -2,
  "confundantur": -2,
  "confundentur": -2,
  "confundit:": -2,
  "confusa,": -2,
  "congrats": 2,
  "Congratulations": 2,
  "coniunctionis": 2,
  "coniuratio": -3,
  "conlaudatis": 2,
  "Conlocationem": 1,
  "CONPELLATIO": -2,
  "conputruit": -2,
  "consent": 2,
  "consentit,": 2,
  "consideratum": 3,
  "consilia": 2,
  "consilio": 2,
  "consilium": 2,
  "CONSOLABILIS": 2,
  "consolari": 2,
  "consolationes": 2,
  "consolatoria": 2,
  "constat": 1,
  "constipation": -2,
  "contagia": -2,
  "contagione": -1,
  "contaminant": -2,
  "contaminantes": -2,
  "contaminantium": -2,
  "contaminare": -2,
  "contaminari": -2,
  "contaminat": -2,
  "contaminationibus": -2,
  "contemptam": -2,
  "contemptibilis": -2,
  "contemptim": -2,
  "contendunt": -1,
  "contentione,": -2,
  "contentionum": -1,
  "conterriti": -2,
  "contra": -2,
  "contradicentem": -2,
  "contrectatam": -3,
  "contristant": -2,
  "contristatus": -1,
  "contritiones": -2,
  "controversially": -2,
  "contumacem": -2,
  "contumeliis": -2,
  "contumeliosum": -2,
  "conturbabimus": -2,
  "conturbare": -3,
  "conturbati": -2,
  "conturbatio": -2,
  "conturbauit": -3,
  "convalidandum": 1,
  "convalidatur": 1,
  "conveniens": 2,
  "convenienter": 2,
  "CONVENIO": 2,
  "conveniri": -2,
  "conveniunt": 1,
  "convincitur": -2,
  "cor": 2,
  "cordis,": 3,
  "corpus": -1,
  "correptio": -2,
  "corripiens": -3,
  "corruit": -2,
  "corrumpendo": -3,
  "corrumpit": -3,
  "corrupta": -3,
  "corruptionem": -3,
  "Cover est,": -3,
  "coziness": 2,
  "CRAMPUS": -1,
  "crap": -3,
  "crappy": -3,
  "crassus": -2,
  "crazier": -2,
  "Creative": 2,
  "credere": -2,
  "creditum": 2,
  "Credula": -2,
  "credulitas": -2,
  "criminal": -3,
  "criminate": -3,
  "criminates": -3,
  "crisis": -3,
  "critici": -2,
  "criticus": -2,
  "cruciabuntur": -2,
  "CRUCIANS": -3,
  "cruciari,": -4,
  "crude": -1,
  "crudelis,": -3,
  "crudelitatem,": -3,
  "crudeliterque": -3,
  "cruento": -3,
  "crush": -1,
  "culpa": -2,
  "culpa,": -3,
  "cultissima": 2,
  "culus": -4,
  "cum benivolentia": -2,
  "cum fiducia": 2,
  "cum gaudio": 3,
  "cum spe,": 2,
  "cunctator": -2,
  "cunnus": -5,
  "cunt": -5,
  "cupiditas": 1,
  "cupidum": 2,
  "cupidus": 2,
  "cupiebas": -2,
  "cupimus,": 1,
  "cura,": 2,
  "Curabitur": -1,
  "curae": 2,
  "curiosa": 1,
  "curiosum": 2,
  "cursus": -1,
  "cut": -1,
  "cutback": -2,
  "cutbacks": -2,
  "Cynicus": -2,
  "damnant": -2,
  "damnant bellus": 3,
  "damnatorum": -4,
  "damnit": -4,
  "damnosa": -3,
  "damnum": -3,
  "dampnas bonus": 4,
  "daredevil": 2,
  "daturam": -3,
  "deadlock": -2,
  "debiles": -2,
  "debilia": -2,
  "debitum": -2,
  "decepisti": -2,
  "deceptio,": -3,
  "deceptiones": -2,
  "deceptive": -3,
  "Decipere": -3,
  "decipi": -2,
  "decipiat": -3,
  "decipiendum": -3,
  "DECOCO": -2,
  "decorum": 3,
  "decorus": 3,
  "dedicationem": 2,
  "dedit": 1,
  "deduceretur": 1,
  "defectum,": -2,
  "defectus": -2,
  "defectus,": -2,
  "defensorem,": 2,
  "defensoribus": 2,
  "deficient": -2,
  "deformem": -2,
  "deformitas": -2,
  "deformitates": -2,
  "defraudat": -3,
  "deft": 2,
  "defuerit": -2,
  "defunct": -2,
  "degenerant": -2,
  "degenerat": -2,
  "dehinc": -2,
  "dehumanize": -2,
  "dehumanized": -2,
  "deinceps": 3,
  "dejecting": -2,
  "dejects": -2,
  "delectabiles": 2,
  "delectabilia": 3,
  "delectabilis": 3,
  "delectabiliter": 3,
  "delectamentum": 3,
  "delectata": 3,
  "delectatio,": 3,
  "delens": -1,
  "delere": -2,
  "delicta": -2,
  "delinitus": 3,
  "delinquat": -2,
  "delinquentis": -2,
  "deliquerunt": -2,
  "demens,": -3,
  "demolitus": -2,
  "demonstratio": -1,
  "demoralizes": -2,
  "Denier": -2,
  "denique": 2,
  "Dent": -2,
  "denuntiat:": -2,
  "deportations": -2,
  "deportaturum": -2,
  "deports": -2,
  "deprecarentur": -1,
  "depressus": -2,
  "deprimentes": -2,
  "deprimentium": -2,
  "derail": -2,
  "derailed": -2,
  "Derails": -2,
  "derelict": -2,
  "derelinquit": -2,
  "deridebant": -2,
  "deridet": -2,
  "derogaret": -1,
  "desiderabilis": 2,
  "desiderans": -1,
  "desideratum": 2,
  "desiderii": -2,
  "despectione": -2,
  "despectum": -2,
  "desperat": -3,
  "desperatio": -2,
  "desperationis": -3,
  "desperatis": -3,
  "destitutione": -2,
  "destruente": -3,
  "destruerent": -2,
  "detentionem": -2,
  "detentus": -2,
  "deteriorativus": -3,
  "deterioratus": -2,
  "deterrent": -2,
  "detinent": -2,
  "detorquet": -2,
  "detractare": -2,
  "detrahentque": -2,
  "detrahere,": -1,
  "detraxit": -1,
  "detulerat": -2,
  "Deus": 1,
  "devastatio": -2,
  "devastatum": -2,
  "Devotional": 2,
  "Diamond": 1,
  "dicaces": -2,
  "Dick": -4,
  "dickhead": -4,
  "dictum": -2,
  "dictus": 2,
  "diductis": -1,
  "die": -3,
  "differri": -1,
  "differt,": -1,
  "diffidens": -2,
  "diffidentiae": -3,
  "digna": 2,
  "dignitas": 2,
  "dignity": 2,
  "dignum": 1,
  "dignus": -2,
  "dilattionem": -1,
  "dilectus": 3,
  "dilemma": -1,
  "dilexisti": 3,
  "diligit,": 2,
  "dimissus": -2,
  "dimitte": 1,
  "dipshit": -3,
  "dire": -3,
  "diris": -3,
  "dirtiest": -2,
  "disabling": -1,
  "disappoints": -2,
  "disapprovals": -2,
  "discarding": -1,
  "disceptatio": -2,
  "disceptatione": -1,
  "discernit": -2,
  "discidium": -2,
  "disconsolation": -2,
  "discordiam": -2,
  "discounted": -1,
  "discriminantur": -2,
  "discriminate": -2,
  "disgustful": -3,
  "disillusioned": -2,
  "disoriented": -2,
  "displicuit": -2,
  "disputabat": -2,
  "disputantem,": -2,
  "disputate": -2,
  "disregard": -2,
  "Disrespected": -2,
  "Disrupting": -2,
  "disruptions": -2,
  "disrupts": -2,
  "dissensio": -2,
  "dissentio": -2,
  "dissimiles": -1,
  "dissimulatione,": -1,
  "dissimulato,": -2,
  "dissipantur": -2,
  "dissipasset": -2,
  "dissipat": -2,
  "dissipatae": -2,
  "dissipavit": -2,
  "dissolvendae": -2,
  "distractio": -2,
  "distrahit": -2,
  "distrahitur": -2,
  "distrahunt": -2,
  "dithering": -2,
  "diutissime": -2,
  "diversa,": -2,
  "dives": 2,
  "docebat": -2,
  "dociles,": 2,
  "dodging": -2,
  "dodgy": -2,
  "dogmatizat": -2,
  "dolebat": -2,
  "dolere": -3,
  "dolo": -4,
  "dolo,": -2,
  "dolor": -2,
  "dolore": -2,
  "doloribus": -2,
  "dolosa": -3,
  "dolus": -2,
  "donantes": 1,
  "donate": 2,
  "donating": 2,
  "donatione": 2,
  "donatus": 2,
  "Donatus": 2,
  "Donec": 3,
  "donum": 2,
  "douche": -3,
  "douchebag": -3,
  "dour": -2,
  "Downer": -2,
  "Downside": -2,
  "drag": -1,
  "Drowns": -2,
  "dubitabam": -2,
  "dubitat": -2,
  "dubium": 1,
  "ducit": 2,
  "ductu": 1,
  "ductus": -2,
  "dud": -2,
  "Duis": 1,
  "Dulcedo": 2,
  "dulcis": 2,
  "dulcissime": 3,
  "dulcius": 3,
  "dumped": -2,
  "dumps": -1,
  "dupery": -2,
  "durabile": 2,
  "DURITIA": -2,
  "durius": 2,
  "durum": -1,
  "eaque pariter": -2,
  "easy": 1,
  "ebrius": -2,
  "edentulae": -2,
  "eerie": -2,
  "eery": -2,
  "effectiveness": 2,
  "efficacius": 2,
  "efficax,": 2,
  "efficiar": -2,
  "effusum": -2,
  "egenum": -2,
  "egestatem": -1,
  "Ei": -2,
  "Eia": 5,
  "elapso": -1,
  "elegans": 2,
  "elevatio": 2,
  "elisis": -1,
  "elit": -2,
  "embarrasses": -2,
  "emissarium": -2,
  "empathetic": 2,
  "endorsed": 2,
  "endorsement": 2,
  "ennui": -2,
  "enrages": -2,
  "enraging": -2,
  "entitled": 1,
  "environmentamica": 2,
  "episcopatum": -1,
  "epulari": 3,
  "equidem": 3,
  "erectus": -1,
  "eripit": -2,
  "errantes,": -3,
  "erronea": -2,
  "error,": -2,
  "errores": -2,
  "erubescebant": -2,
  "eruit": 2,
  "Essential Alison Krauss": -2,
  "et adoraverunt": 3,
  "et cibavit": -3,
  "et exasperans": -2,
  "et ingemuerunt": -3,
  "et orabam": -3,
  "et orbitas": -2,
  "et timuerunt": -2,
  "et visitabo": -2,
  "Etiam": 1,
  "eu": -2,
  "euaseris": 2,
  "euphoria": 3,
  "euphoric": 4,
  "evacuate": -1,
  "evacuatione": -1,
  "evacuet": -1,
  "evergreening": -3,
  "evertentes": -2,
  "evictionem": -1,
  "evigilans": -2,
  "evomuit": -3,
  "ex abusu": -2,
  "Ex ambulare": -2,
  "exacerbate": -2,
  "exacuere": -2,
  "exaggerare": -2,
  "exaggerat": -2,
  "exagitare": -2,
  "exanimis": -1,
  "exasparate": -2,
  "exasperatum": -3,
  "exasperentur": -3,
  "exasperetur": -2,
  "excitando": 3,
  "excitant,": 3,
  "excitare,": 1,
  "excitata": 1,
  "excludere": -1,
  "exclusa": -1,
  "excrementa": -1,
  "excruciatingly": -1,
  "excusat": -1,
  "EXCUSATUS": -1,
  "EXERCITUS": -3,
  "exhausit": -2,
  "exhaustis": -2,
  "exhilarantur": 3,
  "exhilarates": 3,
  "exhilarating": 3,
  "Exhilaratus": 3,
  "existimabatur": -1,
  "EXITIABILIS": -4,
  "exitium": -3,
  "exitum": -1,
  "exitus": -1,
  "exonerat": 2,
  "exonerate": 2,
  "expand": 1,
  "Expands": 1,
  "expedit": 2,
  "expellere": -2,
  "expellit": -2,
  "exploiting": -2,
  "exploratio": 1,
  "explorationes": 1,
  "expolians": -2,
  "exponendo": -1,
  "exponere": -1,
  "Exposes": -1,
  "exposita": -1,
  "exprobrasti": -2,
  "expugnabat": -2,
  "expulsis,": -2,
  "exquisite": 3,
  "exsequiae": -1,
  "exsilium": -1,
  "exstasis": 2,
  "exstaticos": 4,
  "EXSTERNO": -2,
  "extendit,": 1,
  "exterminatur": -1,
  "exterreat": -3,
  "extollendae": 2,
  "extolleret": -2,
  "extremist": -2,
  "extremists": -2,
  "exuberant": 4,
  "exuitur": -2,
  "exulceret": -2,
  "exultant": 3,
  "exultantis": 1,
  "exultatione": 3,
  "fabulosa": 4,
  "fabulously": 4,
  "facetus": 2,
  "facit": 2,
  "factoribus": -2,
  "factum": 2,
  "factusest": -1,
  "facultas,": 1,
  "fad": -2,
  "fAG": -3,
  "failures": -2,
  "Fake": -3,
  "Fakes": -3,
  "fallit": -3,
  "fallitur,": -2,
  "falsarium": -3,
  "falsificant:": -3,
  "falsificatur": -3,
  "falsum,": -1,
  "fame": -2,
  "fameque,": -2,
  "fames,": -2,
  "familiarius": 2,
  "famosi": -2,
  "fasciculis": -3,
  "fascinant": 3,
  "fascinat": 3,
  "fascinating": 3,
  "fascinatio": 3,
  "fascinavit": 3,
  "fascist": -2,
  "fastidio": -3,
  "fastus": -2,
  "fateor,": -1,
  "fatigatis": -2,
  "fatua": 2,
  "fatuus": -3,
  "favorited": 2,
  "Favorites": 2,
  "favourited": 2,
  "febribus": -2,
  "fecerit": 1,
  "feliciter": 3,
  "felonia,": -3,
  "feloniis": -3,
  "felonum": -2,
  "ferantur": 2,
  "fere": 1,
  "ferit": -1,
  "fermentum": 1,
  "ferox": 2,
  "fertilis": 2,
  "fervens": 2,
  "fervens,": 2,
  "festivum": 1,
  "festum": 2,
  "Fetus": -1,
  "fiant": 2,
  "fide": 3,
  "fidelibus": 2,
  "fidelis": 3,
  "fidelium": 3,
  "fidem": 2,
  "fidens,": 2,
  "fiduciam": 1,
  "Filum": -4,
  "finibus": -1,
  "firmae": -2,
  "firmatisque": 2,
  "firmaverunt": 2,
  "fit": 1,
  "flagitium": -3,
  "flawlessly": 2,
  "flentes,": -2,
  "flete": -2,
  "flop": -2,
  "flops": -2,
  "flu": -2,
  "flustered": -2,
  "focused": 2,
  "foedo": -3,
  "foedus": -2,
  "foetidum": -2,
  "foetor": -2,
  "fomenta": 3,
  "Foreclosure": -2,
  "Foreclosures": -2,
  "forgettable": -1,
  "FORMIDULOSUS": -2,
  "formonsus": -2,
  "fortem": 2,
  "fortior": 2,
  "fortissimum": 2,
  "fortissimus": 2,
  "fortitudine": 2,
  "fortitudo": 2,
  "Fortuna": 3,
  "fortuna,": 3,
  "fortunate": 2,
  "Fortunatus,": 3,
  "fortune": 2,
  "Forum": -1,
  "foveat,": 2,
  "fovet": 2,
  "fractus": -1,
  "fraud": -4,
  "fraudatis": -3,
  "fraudator": -3,
  "fraudes": -4,
  "fraudster": -4,
  "fraudsters": -4,
  "fraudulenti": -4,
  "Fraus": -3,
  "fregit,": -1,
  "Frigida": -1,
  "frigidum": -2,
  "frigus": 1,
  "frigus effercio": 3,
  "frikin": -2,
  "fructus": 2,
  "fruges,": -2,
  "frustra": -2,
  "frustrating": -2,
  "frustrationem": -2,
  "frustretur": -2,
  "FTW": 3,
  "fucis": -1,
  "Fucked": -4,
  "fuckface": -4,
  "fuckhead": -4,
  "fuckin": -4,
  "fucktard": -4,
  "FUCO": -2,
  "fud": -3,
  "fugit": -1,
  "fuked": -4,
  "fuking": -4,
  "fulgore,": 3,
  "fumantem": -2,
  "fun": 4,
  "funesta": -2,
  "funnier": 4,
  "Funny": 4,
  "funus": -1,
  "fur": -2,
  "furantur": -2,
  "furari,": -2,
  "furati": -2,
  "furatur": -2,
  "Furi": -5,
  "furiosa": -1,
  "furit": -2,
  "furorem": -2,
  "fututorum": -4,
  "Gai": -2,
  "gallus": -5,
  "garriunt,": -2,
  "gaudens": 4,
  "GAUDENS": 3,
  "gaudentibus": 3,
  "gaudet": 4,
  "gaudete": 4,
  "gaudio": 4,
  "gaudium": 3,
  "gavisus": 3,
  "gem": 3,
  "gementes": -2,
  "gemere": -2,
  "gemit": -2,
  "gemitus": -2,
  "gemma": 1,
  "genus": 2,
  "gerendo": -2,
  "glamourous": 3,
  "glee": 3,
  "gloria": 2,
  "Gloria": -5,
  "glorificaret": 3,
  "gloriosum": -2,
  "goddamn": -3,
  "godsend": 4,
  "goofiness": -2,
  "gr8": 3,
  "grandinem": 2,
  "grant": 1,
  "gratia": 1,
  "gratiam,": 2,
  "gratias ago": 2,
  "gratulatio": 2,
  "gratulor": 2,
  "gratus": 3,
  "GRATUS": 2,
  "gravis": -2,
  "Gray": -1,
  "greenwash": -3,
  "greenwasher": -3,
  "greenwashers": -3,
  "greenwashing": -3,
  "grim": -2,
  "growing": 1,
  "gun": -1,
  "ha": 2,
  "habentes": 2,
  "habere": 2,
  "Habes": -2,
  "habitu": -1,
  "habitum": 2,
  "habuit": 2,
  "hacked": -1,
  "HAESITABUNDUS": -2,
  "haesitans": -1,
  "haha": 3,
  "hahaha": 3,
  "hahahah": 3,
  "handpicked": 1,
  "haplessness": -2,
  "harassment": -3,
  "Hardy": 2,
  "harmony": 2,
  "haunting": 1,
  "heavyhearted": -2,
  "hebetem": -2,
  "hebetes": -2,
  "hebetudine": -3,
  "hehe": 2,
  "heroes": 2,
  "heroico": 3,
  "heros,": 2,
  "Heu": -1,
  "hide": -1,
  "Highlight": 2,
  "hilarem": 2,
  "hilares": 2,
  "hilarisque": 3,
  "History": -2,
  "homicida,": -2,
  "homicidium": -2,
  "hominis": -3,
  "honestum": 2,
  "honorantes": 2,
  "honorem": 2,
  "honoris": 2,
  "hooligan": -2,
  "hooliganism": -2,
  "hooligans": -2,
  "hopefully": 2,
  "horrendam": -3,
  "Horrendum": -2,
  "horribilis": 2,
  "horrida": -2,
  "horrificam": -3,
  "hortari": 2,
  "hortatur": 2,
  "hospitalized": -2,
  "hostia": -3,
  "hostias": -3,
  "hostibus": -3,
  "hostis,": -1,
  "hostium": -2,
  "hugs": 2,
  "humane": 2,
  "humerous": 3,
  "humiles:": 2,
  "humiliatam": -2,
  "humiliationis,": -3,
  "humiliavit": -3,
  "humilibus": 1,
  "Humor": 2,
  "humourous": 2,
  "hypocrita": -2,
  "hYSTERIA": -3,
  "hysterics": -3,
  "hystericus": -3,
  "iacta": -1,
  "iactabat": -1,
  "icky": -3,
  "ictus": -2,
  "idest": -5,
  "idoneus": 2,
  "Iesu": 1,
  "ignavia": -3,
  "ignavus": -2,
  "IGNAVUS": -2,
  "ignis": 1,
  "ignominia": -2,
  "ignorantes": -2,
  "ignorantia": -2,
  "ignore": -1,
  "ignored": -2,
  "ignores": -1,
  "ignoscendi": 2,
  "ignosci": 2,
  "ILLAETABILIS": -2,
  "ille": 2,
  "illegal": -3,
  "illuminare": 2,
  "illustrat": 2,
  "illustratio": 2,
  "illustratum": 2,
  "illustraverat": -2,
  "Illyricum": -2,
  "imaginativa": 2,
  "imbecilli": -2,
  "immaculatam,": 2,
  "immemor,": 2,
  "imminentia": -1,
  "imminuit": -2,
  "immobiles": -1,
  "immortalis,": 2,
  "immunis": 1,
  "imo": -1,
  "impacta": -1,
  "impairs": -2,
  "impatiens": -2,
  "impavidum": 2,
  "impede": -2,
  "impediat,": -2,
  "impediens": -2,
  "impedimentum": -2,
  "impedingly": -2,
  "impedirent": -2,
  "impedit,": -2,
  "impeditis": 2,
  "imperatum": -1,
  "imperfectum": -1,
  "imperfectus": -2,
  "imperitia": -2,
  "imperitiam,": -2,
  "imperitus": -2,
  "imperium": 1,
  "impetrationem,": -2,
  "impetu": -2,
  "impetus": -1,
  "impia": -2,
  "impleatur": 2,
  "implere,": 2,
  "imponat,": -1,
  "imponere": -1,
  "IMPORTUNUS": -2,
  "impostor": -2,
  "imposuit,": -1,
  "impotentia": -2,
  "impressa": 3,
  "imprimere": 3,
  "imprimit": 3,
  "improbare": -2,
  "improbat": -2,
  "improbus,": -2,
  "improportionata": -2,
  "impropria": -2,
  "improprie": -2,
  "IMPROVIDUS": -2,
  "in carcere": -2,
  "in carcerem": -2,
  "in fame": -2,
  "in ignominiam": -2,
  "in pace": 1,
  "in servitutem redigit,": -2,
  "inaequalis": -1,
  "inanis": -1,
  "incapable": -2,
  "incapacitates": -2,
  "incensum": -2,
  "incertum": -2,
  "incertus": -1,
  "incidebant": -2,
  "incitamentum": 2,
  "incitare": 1,
  "incitat": 1,
  "incoherent": -2,
  "incom": -2,
  "incommodum": -2,
  "incompetens": -2,
  "incomprehensibilis,": -2,
  "inconsideratus": -2,
  "inconsutilis": 2,
  "inconueniens": -2,
  "inconveniens": -2,
  "incorrupto": -2,
  "incredibili": -1,
  "incrementa": 2,
  "incrementum": 2,
  "increpans": -3,
  "Increpantes": -3,
  "incubant": -2,
  "inculcatis": -2,
  "incuratus": -2,
  "incusavit:": -2,
  "indelebile": 2,
  "indictatus": -2,
  "indifferens,": -2,
  "indignati": -2,
  "indignationem": -2,
  "indignatus": -2,
  "indigni": -2,
  "indignum": -3,
  "indoctrinating": -2,
  "inediable": -2,
  "inefficax": -2,
  "inefficiently": -2,
  "inepta": -1,
  "inepte": -2,
  "inermes": -2,
  "inertibus": -2,
  "inexcusabiles": -1,
  "inexorabilis es": -3,
  "INEXPLICITUS": -1,
  "INEXSTINCTUS": -2,
  "infantile": -2,
  "infantilized": -2,
  "infecta": -2,
  "infectione": -2,
  "infectiones": -2,
  "infects": -2,
  "infelix": -2,
  "infelix,": -2,
  "inferentes": -2,
  "inferet": -2,
  "infernales,": -2,
  "infernum,": -4,
  "inferre": -2,
  "infestabant,": -2,
  "infestare": -2,
  "infestat,": -2,
  "inficit": -2,
  "inficiunt,": -2,
  "infidelibus": -1,
  "infigo": 3,
  "infirmata est": -2,
  "infirmatur": -2,
  "infirmitate,": -2,
  "infirmitatem": -2,
  "infirmitates": -2,
  "infirmum": -2,
  "infirmus": -2,
  "inflammatus": -2,
  "inflatius": -2,
  "infract": -2,
  "infracting": -2,
  "infracts": -2,
  "infractum": -2,
  "infringere": -2,
  "infuriating": -2,
  "ingemuerunt": -3,
  "ingemuit": -2,
  "ingemuit,": -2,
  "ingenium": 2,
  "ingens": -1,
  "ingens,": 1,
  "ingrata": -2,
  "ingratus": -3,
  "inhabilitantes": -2,
  "inhibere": -1,
  "inhumanum": -2,
  "inimicus": -2,
  "iniquis": -2,
  "iniquitatem": -2,
  "initium": -2,
  "iniucundum": -2,
  "iniuriam": -2,
  "iniurias": -2,
  "iniuste": -2,
  "iniusti": -2,
  "iniustitiam": -2,
  "injucundum": -2,
  "inlaetabilis": -2,
  "inludebant": -2,
  "inlusores": -2,
  "inmaculatum": 2,
  "innovate": 1,
  "innovates": 1,
  "innovatio": 1,
  "inopia": -2,
  "inops": -2,
  "inpedivit": -2,
  "inprobus": -3,
  "INPRUDENTER": -2,
  "inquiens,": -3,
  "inquietum": -2,
  "inquisition": -2,
  "inrita": -1,
  "insane": -2,
  "insaniam": -2,
  "insanis": -2,
  "insanissimae": -2,
  "insidias": -1,
  "insidiatus": -2,
  "insignis": 5,
  "insipida": -2,
  "insipidus": -2,
  "insomnia": -2,
  "inspirat": 2,
  "inspiratione,": 2,
  "inspiratori": 2,
  "inspiratum,": 2,
  "inspire": 2,
  "inspiring": 3,
  "instabiles": -1,
  "instabiles sumus": -2,
  "insueta": 3,
  "insultus,": -2,
  "integritas,": 2,
  "integrum": 2,
  "intelligens,": 2,
  "intelligentes": -2,
  "intelligit": 2,
  "intentio": 2,
  "interested": 2,
  "interesting": 2,
  "interfecti": -3,
  "interfectores": -3,
  "INTERMINOR": -3,
  "internicionem": -2,
  "interpellandi": -2,
  "interrogatus": -2,
  "interrogaverunt": -1,
  "interrogavit": -1,
  "Interrupit": -2,
  "interruptio": -2,
  "intolerabilis": 2,
  "intransigency": -2,
  "inualescente": -3,
  "inutili": -2,
  "inutilis": -2,
  "INUTILITAS": -2,
  "inutilitatem:": -2,
  "invenustum": -2,
  "invicta": 2,
  "invidia": -1,
  "invidiæ": -1,
  "invidus": -2,
  "inviolabilem": 2,
  "invitant": 1,
  "invite": 1,
  "iocosa": 2,
  "iocus": 2,
  "ipsum": 1,
  "ira": -3,
  "ira,": -3,
  "iracunda": 2,
  "iram": -2,
  "irati": -3,
  "Iratus": -3,
  "iratus est": -2,
  "ironia": -1,
  "irrationale": -1,
  "irremediabilibus": -2,
  "irremissibile": -3,
  "irreparabile": -2,
  "irrepetibili": -1,
  "irreproducible": -2,
  "irrideat:": -2,
  "irrisorie": -1,
  "irrita": -2,
  "irritati,": -2,
  "irrumabo": -4,
  "irrumator": -4,
  "iucundam": 2,
  "IUCUNDUS": 3,
  "iudicat": -1,
  "iudicatum": 2,
  "iudicium": 2,
  "Iunctus": 1,
  "iure": 2,
  "iurgantes": -3,
  "iusta": 2,
  "iustificatus": 2,
  "iustitia": 2,
  "iuvenes,": 2,
  "jocosum": 2,
  "join": 1,
  "jubilant": 3,
  "jucunda,": 3,
  "jucundo": 3,
  "jucundum": 3,
  "Judicavit": 2,
  "jumpy": -1,
  "jurare": -2,
  "juret": -2,
  "Kessinger": -1,
  "Kickback": -3,
  "kickbacks": -3,
  "kidnap": -2,
  "kidnappings": -2,
  "kills": -3,
  "Kudos": 3,
  "labe": -2,
  "labefactare": -2,
  "labore": 2,
  "laboribus": -2,
  "lacessit": -1,
  "lacrimae": -2,
  "lacrimans": -2,
  "lactaverunt": -3,
  "lacus": -1,
  "laedit": -2,
  "laesistis": -2,
  "laeta": 3,
  "laetatusque": 4,
  "laetificat": 2,
  "laetiora": 2,
  "laetitia": 3,
  "LAEVICULUS": -2,
  "lags": -2,
  "languidus": -2,
  "languoribus,": -1,
  "lapsa": -1,
  "láqueo": -2,
  "lasciva": 2,
  "LASCIVIBUNDUS": 2,
  "lassi": -2,
  "lassitudini": -2,
  "lassus": -2,
  "latens,": -1,
  "LATESCO": -1,
  "latet": -1,
  "latius": 1,
  "LATRO": 4,
  "laudabilis": 3,
  "laudant": 2,
  "laudatur": 2,
  "laude": 3,
  "laudem": 3,
  "laudibus": 3,
  "laughting": 1,
  "launched": 1,
  "lautus": 2,
  "lawl": 3,
  "leak": -1,
  "leaked": -1,
  "lectus": -2,
  "legal": 1,
  "legem": -3,
  "legibus": 1,
  "lepide": 3,
  "LEPIDUS": 3,
  "leporem": 3,
  "LEPOS": 2,
  "lethal": -2,
  "lethality": -2,
  "Lethargici": -2,
  "lethargum": -2,
  "levare": 1,
  "Liber": 1,
  "libera": -2,
  "liberabit": 2,
  "liberalis": 2,
  "liberaliter": 2,
  "liberi": -1,
  "libertate:": -2,
  "libertatem": 2,
  "libertates,": 2,
  "libet": 2,
  "licet,": -2,
  "lifesaver": 4,
  "liget;": 3,
  "likers": 2,
  "Lilium": 3,
  "limitationem": -1,
  "Limited": -1,
  "limosa": -2,
  "linunt": -2,
  "lis": -1,
  "lites,": -2,
  "litigiosos": -2,
  "LITIGIOSUS": -2,
  "litterarum": -2,
  "lividum": -2,
  "lmao": 4,
  "lmfao": 4,
  "lobbied": -2,
  "lobbying": -2,
  "lobbyist": -2,
  "lobbyists": -2,
  "loca": -1,
  "locorum": -2,
  "locutus est": -2,
  "lol": 3,
  "lolol": 4,
  "lololol": 4,
  "lolololol": 4,
  "lonesome": -2,
  "LONGINQUUS": -3,
  "lool": 3,
  "loool": 3,
  "looool": 3,
  "lovelies": 3,
  "lubricum": 2,
  "lucidissimum": 2,
  "lucidum": 1,
  "Lucius": -2,
  "lucrosa": 3,
  "luctantem": -2,
  "luctus": -2,
  "ludibrium": -1,
  "ludicrous": -3,
  "ludicrum": 3,
  "ludit": 2,
  "lugebit": -2,
  "lugubrem": -2,
  "lunaticos": -3,
  "lunaticus": -3,
  "lusus naturae": -2,
  "lutum": -2,
  "luxit": -2,
  "luxuria": 2,
  "Macabre": -2,
  "maerens": -2,
  "maesta": -2,
  "maesti": -2,
  "magis": 3,
  "magisteriis": 4,
  "magna": 3,
  "magna stupri": 4,
  "magnificum": 3,
  "magnificus": 3,
  "magnum": 1,
  "magnus": 2,
  "mala": -1,
  "maladaption": -2,
  "malam fortunam horret": -2,
  "maldevelopment": -2,
  "male": -2,
  "maledictionem,": -1,
  "maledicto": -2,
  "maledictus": -2,
  "malignis": -2,
  "MALITIA": -2,
  "malum": -1,
  "malus": -3,
  "manebat": -1,
  "manent": -1,
  "manet": -1,
  "manipulated": -1,
  "Manipulating": -1,
  "manipulation": -1,
  "matura": 2,
  "mauris": -2,
  "maxime": -3,
  "maxime damno": 4,
  "maximus": 2,
  "Maximus": 3,
  "Medal": 3,
  "mediocritatem": -3,
  "Meditative": 1,
  "meientis": -3,
  "melior": 2,
  "melior est": 2,
  "melius": 2,
  "memoriam": -2,
  "mendacibus,": -3,
  "mendacium": -2,
  "mendax": -3,
  "mendo,": 2,
  "mentiti": -2,
  "mentitur": -1,
  "mesmerizing": 3,
  "messed": -2,
  "methodice": 2,
  "metu": -3,
  "metu,": -3,
  "metuenda": -2,
  "metuere": -2,
  "metum": -2,
  "migale": -4,
  "minae,": -2,
  "minantur,": -2,
  "minas": -2,
  "minatur,": -2,
  "minime": -2,
  "minimis": -2,
  "minoris": -1,
  "MINORIS": -1,
  "minus": -1,
  "mirabile": 4,
  "mirabilia": 3,
  "miracula": 3,
  "miramini": 3,
  "mirantur": 3,
  "mirantur,": 3,
  "mirari": 3,
  "miratus": 3,
  "mirum in modum": 4,
  "mirum stupri": 4,
  "misbehaves": -2,
  "misbranding": -3,
  "miscast": -2,
  "misclassified": -2,
  "misclassifies": -2,
  "misclassify": -2,
  "misconducted": -2,
  "misconducting": -2,
  "misconducts": -2,
  "miserabile": -2,
  "miserabilis": -2,
  "MISERABILIS": -3,
  "Miserat": -3,
  "miseratusque": -3,
  "miseriae": -2,
  "misericordia": 2,
  "misericordiam": 3,
  "misericors": 2,
  "misfire": -2,
  "misinformation": -2,
  "misleaded": -3,
  "misplaces": -2,
  "misplacing": -2,
  "mispricing": -3,
  "misread": -1,
  "misreport": -2,
  "misreported": -2,
  "misreporting": -2,
  "misreports": -2,
  "misrepresented": -2,
  "miss": -2,
  "missing": -2,
  "misunderstands": -2,
  "mitigat": 2,
  "mittet": -1,
  "modernize": 2,
  "modernized": 2,
  "modernizes": 2,
  "modernizing": 2,
  "molestum": -2,
  "molestum est;": -2,
  "molestus": -2,
  "momentum": 2,
  "moneo": -2,
  "monet,": -2,
  "mongering": -2,
  "monita": -3,
  "monitum": -3,
  "monopolize": -2,
  "Monopolizing": -2,
  "monotone": -1,
  "Mopo": -1,
  "mora": -1,
  "moratus est": -1,
  "morbus": -1,
  "moremque": 2,
  "moribus": 2,
  "moron": -3,
  "mortem": -2,
  "mortifero": -3,
  "mortificet,": -2,
  "mortuus est": -3,
  "motherfucker": -5,
  "motherfucking": -5,
  "motivae": 2,
  "motum": -2,
  "motus": 2,
  "mulcere": 3,
  "mulctantur,": -2,
  "multum": 2,
  "mumpish": -2,
  "mundi": 2,
  "mundissimo": 3,
  "munera": -3,
  "murmurationis": -2,
  "musicum": 3,
  "muta": -3,
  "MYOPIA": -2,
  "Myth": -1,
  "n00b": -2,
  "nam oblectamentis": 3,
  "narcissism": -2,
  "naturali,": 1,
  "naufragium": -2,
  "nauseae": -3,
  "navigavimus": 1,
  "ne": -1,
  "ne moreris": -1,
  "negantes": -2,
  "negare": -2,
  "negat,": -2,
  "negatio": -2,
  "negationes": -2,
  "negativa": -2,
  "negativity": -2,
  "negatores": -2,
  "negavit,": -2,
  "neglectus": -2,
  "neglegit": -2,
  "negotium": -2,
  "nequam": -2,
  "nequidquam": -2,
  "nequiquam": -2,
  "nervi": -1,
  "nervous": -2,
  "nescius": -2,
  "Nic": -2,
  "nifty": 2,
  "niggas": -5,
  "nigger": -5,
  "nihil": -1,
  "nimis": -3,
  "nisi": 2,
  "nobilis": 2,
  "nobilissimum": 2,
  "nocebunt": -2,
  "nocendi": -2,
  "nocentes": -2,
  "nocet,": -2,
  "nocuit": -2,
  "noluit": -2,
  "non": -2,
  "non approbari,": -2,
  "non bonum": -2,
  "non fun": -3,
  "non operatur": -3,
  "non opus": -3,
  "non parcendum": -2,
  "Noob": -2,
  "nosy": -2,
  "novel": 2,
  "noxium": -2,
  "nube,": -1,
  "nuces": -3,
  "Nullam": 2,
  "nullique": 2,
  "Num": -1,
  "numero": -2,
  "nuntius": -2,
  "O": -2,
  "ob": -2,
  "obesitas;": -2,
  "obiurgare": -2,
  "obiurgationes": -2,
  "obliterata": -2,
  "obliti": -1,
  "oblitus": -1,
  "obloquitur,": -2,
  "obriguerunt": -2,
  "obruent": -2,
  "obsecro": 2,
  "obsessi": 2,
  "obsidio": -2,
  "obsolete": -2,
  "obstare,": -2,
  "obstruxit": -2,
  "obstupescite": 3,
  "obtrectare": -2,
  "occidere,": -3,
  "occidit": -3,
  "occupatam": 1,
  "occurrit": -2,
  "odd": -2,
  "odi": -3,
  "odia": -3,
  "odiosae": -2,
  "odisti": -3,
  "odium": -2,
  "offendere,": -2,
  "offendit": -2,
  "offensus": -2,
  "officere": -2,
  "officium": 2,
  "offline": -1,
  "OKs": 2,
  "ominous": 3,
  "onerante": -2,
  "ONERO": -1,
  "onus": -2,
  "onustum": -1,
  "operatus": 1,
  "opes,": 3,
  "opibus": -2,
  "oppidum": -1,
  "opprimebatur": -2,
  "oppugnare": -1,
  "optimistic": 2,
  "optimum": 3,
  "optionless": -2,
  "opulenti": -2,
  "opulentior": 2,
  "opulentus": 2,
  "orantes": 1,
  "orat": 1,
  "ornate": 2,
  "oscitavit": -2,
  "oscula": 2,
  "ostracize": -2,
  "ostracizes": -2,
  "otiosum": -2,
  "otium": 2,
  "outages": -2,
  "overprotective": -2,
  "overreact": -2,
  "overreacted": -2,
  "overreacting": -2,
  "overreaction": -2,
  "overreacts": -2,
  "oversell": -2,
  "overselling": -2,
  "oversells": -2,
  "oversimplification": -2,
  "oversimplified": -2,
  "oversimplifies": -2,
  "oversold": -2,
  "overstatements": -2,
  "oxymoron": -1,
  "pacem": 2,
  "pacifice": 2,
  "pacisci,": 2,
  "pactum": 1,
  "paeniteat,": -2,
  "paenitebit": -2,
  "paeniteret": -2,
  "paenitet?": -2,
  "PALMARIUS": 4,
  "Panics": -3,
  "parabilis": 2,
  "paradisum": 3,
  "paradoxon,": -1,
  "paratus": 1,
  "parcus": -2,
  "parte effectus": -2,
  "parte effectus,": -2,
  "Partialiter": 2,
  "partibus": 1,
  "parum": -2,
  "parvi": -2,
  "parvuli": -2,
  "passionis": 1,
  "passive": -1,
  "passus est": -2,
  "passus,": -2,
  "patet,": 1,
  "pati": -2,
  "patiatur": -3,
  "Patiens": -2,
  "patitur": 1,
  "patrat": -2,
  "pauper": -2,
  "Pauper,": -2,
  "pauperibus": -2,
  "paveas": -2,
  "pavent": -2,
  "pavore": -3,
  "peccare": -2,
  "peccatorum": -2,
  "peccatum": -2,
  "peculatus": -3,
  "peculium": 1,
  "PECULIUM": 1,
  "pecunia": 1,
  "peior": -3,
  "peiorationem": -3,
  "pellerentur": -1,
  "pellibus": -1,
  "penalizes": -2,
  "peperit": -2,
  "per accidens,": -2,
  "PERCELLO": -2,
  "percussitque": -1,
  "percutientibus": -2,
  "perdere": -3,
  "perdet": -2,
  "perdidit": -2,
  "perdidit:": -3,
  "perfectio,": 3,
  "perfectius": 3,
  "perfectus": 3,
  "perfectus stupri": 4,
  "perficit,": 2,
  "perfringere": 2,
  "peribit": -1,
  "periculo": -2,
  "periculosa": 2,
  "periculose": -2,
  "periculosum": -2,
  "periculum": -2,
  "perierat,": -3,
  "perite": 2,
  "periurium": -3,
  "permoveantur": -2,
  "permulsis": 2,
  "perniciem": -2,
  "perniciosa": -3,
  "perniciosasque": -2,
  "perniciosum": -3,
  "perperam": -2,
  "perpetratum": -2,
  "perque": 2,
  "persecutionem patimur": -2,
  "persequens": -2,
  "persequentur": -2,
  "persequitur": -2,
  "personarum acceptio": -2,
  "persuasum": 1,
  "perterriti": -2,
  "pertulit": -3,
  "perturbare": -2,
  "perturbationes": -2,
  "perturbato": -2,
  "pervenit": 1,
  "perverse": -2,
  "pervertitis": -2,
  "pesky": -2,
  "pessima": -2,
  "pessimism": -2,
  "pessimistic": -2,
  "phobic": -2,
  "picturesque": 2,
  "piget": -3,
  "pignus": 1,
  "pigra": -2,
  "pileup": -1,
  "pissed": -4,
  "pium": 3,
  "placare": 2,
  "Placatusque": 2,
  "placuit": 3,
  "plaga": -3,
  "plagis,": -3,
  "plaguing": -3,
  "Plant": -2,
  "plaudite": 2,
  "Please": 1,
  "plena": -2,
  "plenitudo": 2,
  "pluviae": -1,
  "poena,": -2,
  "poenam": -2,
  "politum,": 2,
  "polluimini,": -2,
  "polluit": -2,
  "pollutant": -2,
  "polluter": -2,
  "polluters": -2,
  "pollutum,": -2,
  "populandum": -2,
  "Popular": 3,
  "populus": 3,
  "positive": 2,
  "posse": 2,
  "possessivum": -2,
  "Posttraumatica": -2,
  "postulant": -1,
  "postulantes": -1,
  "postulat,": -1,
  "potens": 2,
  "potes": 1,
  "potest \"stare t": -3,
  "potius": -2,
  "praecepitque": -3,
  "praeceps": -2,
  "praecipua": 1,
  "praeclarum": 4,
  "praedator": -2,
  "praedatorias": -2,
  "praedico": -2,
  "praedo": -2,
  "praeiudicant": -2,
  "praeiudicio": -2,
  "praemium": 2,
  "praenomen": 1,
  "PRAEOCCUPATIO": -2,
  "praeoccupatum": 2,
  "praeque": 3,
  "Praesent": -2,
  "praesenti": -2,
  "praesidio": -1,
  "praesidium": 1,
  "PRAESUMPTIOSUS": 2,
  "praetendere": -1,
  "praeter": 2,
  "praetereuntis": -2,
  "praetermisissent": -1,
  "praetermissa": -1,
  "praetoria": 2,
  "prblm": -2,
  "prblms": -2,
  "Predator": -2,
  "pretiosos": -2,
  "primum": 1,
  "primus": 2,
  "privatio": -3,
  "privilegiata": 2,
  "proactive": 2,
  "probare": 2,
  "probat": 2,
  "probata,": 2,
  "probatissimi": 1,
  "probaverunt": 2,
  "PROBUS": -2,
  "PROCAX": -1,
  "procidens": -1,
  "prodidit,": -3,
  "prodigiosum": -2,
  "proditio": -3,
  "proditorie": -3,
  "proeliatus est,": -1,
  "proeliis": -1,
  "proelium": 1,
  "profectus": 2,
  "profuit": 2,
  "prohibentes": -2,
  "prohibere": -1,
  "prohibet": -1,
  "prohibet,": -1,
  "promissis": 1,
  "promissum": 1,
  "promotus": 1,
  "promovendi": 1,
  "promovere,": 1,
  "promovet": 1,
  "propaganda": -2,
  "propositum": 2,
  "PROPOSITUS": -1,
  "propugnabant": 3,
  "prosequi": -1,
  "prospectus": 1,
  "prospera": 3,
  "prospere": 3,
  "protegebat": 1,
  "protestando": -2,
  "provocantes": -1,
  "provocares,": -1,
  "provocastis": -1,
  "provocaverunt": -3,
  "prudentia": 2,
  "pseudoscience": -3,
  "psychopathic": -2,
  "pudicitiam": 2,
  "puerorum": -1,
  "pugiles": 2,
  "pugna": 1,
  "pugnae": -1,
  "pulcherrime": 3,
  "pulchra stupri": 4,
  "pulchritudo": 3,
  "pulsus": -1,
  "punit": -2,
  "pura,": 2,
  "purgandi": 2,
  "pusillanimis": -2,
  "putidus": -2,
  "putridum": -3,
  "QUADRATUS": 2,
  "quaecumque": 2,
  "quaerere": -3,
  "quaestio": -1,
  "quaestiones": 1,
  "quaestui": -2,
  "quaestus": 2,
  "qualitas": 2,
  "quasi leprosum": -3,
  "querelas": -2,
  "querella": -2,
  "queritur": -2,
  "queruntur": -2,
  "questus": -2,
  "qui subveherent": -4,
  "quid": -2,
  "quidam": 1,
  "quidvis": -3,
  "quis delinquit": -2,
  "Quisque": 1,
  "QUISQUILIAE": -1,
  "quod bene": 2,
  "quos": 2,
  "rabulam": -3,
  "racism": -3,
  "racist": -3,
  "racists": -3,
  "rageful": -2,
  "rant": -3,
  "Ranters": -3,
  "rapinas,": -2,
  "rapta": 4,
  "raptis": -2,
  "raptorem": -4,
  "raptus": 2,
  "ratio": 1,
  "rationem": 2,
  "ratum": 2,
  "rebellatis": -2,
  "rebellionis": -2,
  "rebellium": -2,
  "rebus": 3,
  "recedentes": -2,
  "recentibus": 1,
  "receptui": -1,
  "recessus": -3,
  "recessus,": -2,
  "reclamantibus": -2,
  "recognitionem": 2,
  "rectum": 3,
  "rectus": 1,
  "redde": -1,
  "reddere": -3,
  "redditum": 1,
  "reddunt": -2,
  "refrigerium": 2,
  "Register": -2,
  "regnare cœpisset:": 1,
  "rejectio": -2,
  "rejiciens": -1,
  "rejicit": -1,
  "relegaberis": -2,
  "relentless": -1,
  "relevabor": 2,
  "relicta": -1,
  "relinquere": -2,
  "relinquo": -1,
  "reliquiae": 2,
  "reliquias": 2,
  "rem": 1,
  "remissis": 2,
  "renidenti": 3,
  "renunciet": -1,
  "Renuntiatio,": -1,
  "renuntiavit,": -1,
  "reos": -2,
  "repellam": -1,
  "repercussions": -2,
  "reportando": 2,
  "reprehendit": -2,
  "reprehenditur,": -2,
  "reprehendunt": -2,
  "reprobando": -2,
  "reprobatio": -2,
  "reprobaverunt": -1,
  "reprobi": -2,
  "repulsed": -2,
  "repulsiva": -2,
  "requiem": 2,
  "rerum": -2,
  "res": 2,
  "rescindentes": -1,
  "resolutionem": 2,
  "restituendo": 1,
  "restituere": 1,
  "restituerit": 1,
  "restrictione": -2,
  "restrictiva": -1,
  "restringens": -2,
  "restringitur": -2,
  "retardant": -2,
  "retardari": -2,
  "retentum": -1,
  "retexere": 1,
  "retribuens": 2,
  "RETUNSUS": -2,
  "reuerendum": 2,
  "reus": -2,
  "Revirescunt": 2,
  "rideat": 1,
  "rident,": -2,
  "ridiculum": -3,
  "Ridiculum": -2,
  "rig": -1,
  "rigide": 3,
  "rigiditatis": -2,
  "risit": 1,
  "risum": 2,
  "riveting": 3,
  "Rob": -2,
  "robing": -2,
  "robusta": 2,
  "rofl": 4,
  "roflcopter": 4,
  "ROFLMAO": 4,
  "Romance": 2,
  "romantical": 2,
  "romantically": 2,
  "Rotfl": 4,
  "rotflmfao": 4,
  "rotflol": 4,
  "rudibus": -2,
  "ruentis": -2,
  "ruina": -2,
  "sabotage": -2,
  "sad": -2,
  "saeptum": -1,
  "salutant": 1,
  "salutat": 1,
  "Salutate": 2,
  "salutavit": 2,
  "salutem": 2,
  "saluto": 2,
  "salvabitur": 2,
  "salvator": 2,
  "sana": -2,
  "sanctorum": 2,
  "sanctus": 1,
  "Sanctus": 3,
  "sanus": 2,
  "sapiendis": 2,
  "sapientem": 2,
  "sapientiae": 1,
  "sappy": -1,
  "satis": 1,
  "saturabuntur": 2,
  "savange": -2,
  "savanges": -2,
  "SCABROSUS": -2,
  "scams": -2,
  "scandala": -3,
  "scandalum": -2,
  "scar": -2,
  "scelus": -3,
  "scepticismo": -2,
  "scintillans": 3,
  "scintillas": 3,
  "scintillula": 3,
  "scortum": -4,
  "scumbag": -4,
  "se delusum": -2,
  "secans": -1,
  "secat": -1,
  "sectione": -2,
  "secundo": 2,
  "secundum": 2,
  "secundum substantiam,": 1,
  "secure": 2,
  "Secures": 2,
  "securis": -1,
  "sed conlidebantur": -2,
  "sedato": 2,
  "sedibus": 1,
  "seditiones": -2,
  "seducent": -3,
  "seducit": -3,
  "seducti": -1,
  "segregatorum": -1,
  "semel in vita sua": 3,
  "semper": -1,
  "Sempervirent": 2,
  "sensum": 1,
  "sententia": -2,
  "sententiae": -2,
  "sententias": -1,
  "sepulcrum": -2,
  "Sequetur": -1,
  "sequitur": -1,
  "serenus": 2,
  "serio": 2,
  "servitutem": -2,
  "servos,": -3,
  "servus": -3,
  "severe": -2,
  "SEVERUS": -2,
  "sexist": -2,
  "sexistic": -2,
  "Share": 1,
  "shared": 1,
  "shitty": -3,
  "shoody": -2,
  "shortages": -2,
  "sibi": 2,
  "sicut": 2,
  "Significantius": 2,
  "signum": 4,
  "silencing": -1,
  "similia": 2,
  "SIMPLEX": -2,
  "simplicitate,": 1,
  "simultates": -2,
  "simum,": -2,
  "sinceram": 2,
  "sinceritate,": 2,
  "singleminded": -2,
  "singularis": 1,
  "sinister": -2,
  "Sinopensis": -2,
  "sionem": -2,
  "sistit": -2,
  "skeptical": -2,
  "slam": -2,
  "slashes": -2,
  "slicker": 2,
  "slickest": 2,
  "slumping": -1,
  "smarter": 2,
  "Smiled": 2,
  "smog": -2,
  "smuggle": -2,
  "smuggled": -2,
  "smuggles": -2,
  "smuggling": -2,
  "sneaky": -1,
  "snubbed": -2,
  "snubbing": -2,
  "snubs": -2,
  "sobering": 1,
  "Socero": 1,
  "socius": 2,
  "solatium": 2,
  "solidatae": 2,
  "solidatur": 2,
  "solidifying": 2,
  "solidum": 2,
  "solitudinem": -1,
  "sollemnibus": -1,
  "sollertius": -2,
  "sollicitat,": -3,
  "sollicite": 2,
  "sollicitudinem": 2,
  "sollicitudo": -2,
  "sollicitus": 2,
  "solum": -2,
  "solutio": 1,
  "Solutions": 1,
  "solutique": -2,
  "solutum est": 1,
  "solve": 1,
  "solvendo,": -2,
  "solvit": -3,
  "solvitis": -3,
  "solvitur,": 1,
  "somnium": 1,
  "sordem": -2,
  "Sordidior": -2,
  "SORDIDUS": -2,
  "sortem": -3,
  "SOSPITALIS": -2,
  "spam": -2,
  "spammer": -3,
  "spammers": -3,
  "spamming": -2,
  "spe": 2,
  "spearhead": 2,
  "speculativa,": -2,
  "spem": 2,
  "sperans,": 2,
  "spernit": -2,
  "spinosa": -2,
  "spiritum": 1,
  "spiritus dabat,": -2,
  "splendor": 1,
  "spumae": -3,
  "squelched": -1,
  "stabilis": 2,
  "stabilis,": 2,
  "stabulationi": -2,
  "stamina": 2,
  "Starved": -2,
  "stercore": -4,
  "stereotype": -2,
  "sterilem": -2,
  "sternumenta": -2,
  "Sternutatio": -2,
  "stetissent": -1,
  "stillaret": -1,
  "stimulating": 2,
  "stinked": -2,
  "stinker": -2,
  "stolam": -2,
  "stolide": -2,
  "strenuus,": 2,
  "stressor": -2,
  "stressors": -2,
  "studium": 3,
  "Stulte,": -2,
  "stulti": -2,
  "stultitia": -2,
  "stultum": -2,
  "stultus": -2,
  "stupebant": 2,
  "stupendo": 5,
  "stupet": 2,
  "Stupor": -2,
  "stupri": -4,
  "stupri bellus": 4,
  "suadeo": 2,
  "suave": 2,
  "subiectae": -2,
  "sublevandis,": 2,
  "submersi": -2,
  "subplantat": -3,
  "subpoena": -2,
  "subridens": 2,
  "subruat": -2,
  "subsannatio": -2,
  "subsidiis": 2,
  "substantiales,": 1,
  "succedant": 3,
  "succedit,": 3,
  "successit": 3,
  "succlamassem,": -2,
  "Sue": -2,
  "sueing": -2,
  "sues": -2,
  "sufferers": -2,
  "suffimenta": -2,
  "suffocant": -2,
  "suffocantur,": -2,
  "suffocatio": -2,
  "suffocato": -2,
  "suffocatus est": -1,
  "suffoderunt": -2,
  "suffodiens": -2,
  "sugit": -3,
  "sui": -3,
  "sui contradictionem": -2,
  "sulking": -2,
  "sulky": -2,
  "summa": 4,
  "Super": 3,
  "superarent": -2,
  "superb": 5,
  "superbi,": -2,
  "superbia": 2,
  "superbus": 2,
  "supercertari": -3,
  "superfuerant": 2,
  "superior": 2,
  "supplicium": -2,
  "Support": 2,
  "supportantes": 1,
  "surgens": 1,
  "surgere": 1,
  "surgit": 1,
  "suscepit": 2,
  "Suscepit": 1,
  "suspecta": -1,
  "SUSPECTUS": -1,
  "suspendisse": -1,
  "Suspendisse": 4,
  "Suspendisse stupri": 4,
  "suspensus": -1,
  "suspicatur": -1,
  "suspiciosa": -2,
  "sustainably": 2,
  "swindles": -3,
  "tabem": 1,
  "talem": 2,
  "talentum": 2,
  "tamquam ne": -2,
  "tandem": 1,
  "Tanti": -3,
  "tanturn": 3,
  "tard": -2,
  "tardis": -2,
  "TARDO": -1,
  "tarnishes": -2,
  "tedium": -2,
  "tempus": 2,
  "tenaci": 2,
  "tenebrarum": -2,
  "tenebris": -1,
  "teneris": 2,
  "teneritudinem": 2,
  "tenuistis": -2,
  "terebravisse": -2,
  "terga vertam:": 1,
  "terribilem": 4,
  "terribilis": 4,
  "terribiliter": -2,
  "terrifically": 4,
  "territat": -2,
  "territos": -2,
  "terrore": -2,
  "terroristis": -2,
  "thesaurorum": 2,
  "thrilled": 5,
  "thwarting": -2,
  "thymiamatis": -2,
  "timebat,": -2,
  "Timentes": -2,
  "timere": -2,
  "timida": -2,
  "timidis": -2,
  "timidos": -1,
  "tits": -2,
  "tolerant": 2,
  "tolerantia": 2,
  "Top": 2,
  "tormentum": -4,
  "torquentes": 2,
  "torsit": -3,
  "totalitarismi": -2,
  "tout": -2,
  "touted": -2,
  "touts": -2,
  "toxicus": -3,
  "tractus": -1,
  "tragedy": -2,
  "tragicum": -2,
  "tragoediis": -2,
  "trahit": -1,
  "TRAIECTIO": -2,
  "traiecto": -2,
  "tranquillum": 2,
  "tranquillus": 2,
  "transgreditur": -2,
  "transgressi": -2,
  "transgressorum praevaricati sunt": -3,
  "transgressus": -2,
  "transmigratione": -2,
  "transtris": -2,
  "transtulit": -2,
  "trauma": -3,
  "traumatica": -3,
  "travesty": -2,
  "tremens": -2,
  "tremores": -2,
  "tremula": -2,
  "tremulas": -2,
  "trepidare": -2,
  "tribulatio": -2,
  "tribulation": -2,
  "tributum": 2,
  "tristes": -2,
  "tristis": -2,
  "tristitia": -1,
  "triumph": 4,
  "triumphant": 4,
  "Troglodytarum": -2,
  "TRUCULENTUS": -2,
  "trusted": 2,
  "Trux": -2,
  "TUBER": -1,
  "tuberculum": -2,
  "tumidus": -1,
  "tumultu": 3,
  "tumultuantem": -1,
  "turbat": -2,
  "turbatio": -2,
  "turbatus": -2,
  "TURBATUS": -2,
  "turbulentos": -2,
  "turpem": -2,
  "turpissimum": -3,
  "turpitudinem": -2,
  "tutius": 2,
  "tutus": 1,
  "twat": -5,
  "tyran": -3,
  "tyrannica": -3,
  "tyrannicam": -3,
  "tyrannice": -3,
  "tyrans": -3,
  "uagae": -2,
  "uana,": -2,
  "uastationem": -2,
  "ubiquitous": 2,
  "uelut": -1,
  "uerbis": 2,
  "uerum": -2,
  "uexati": -2,
  "uictoria": 3,
  "uidebatur": -2,
  "uidelicet": -2,
  "uigiliis": -2,
  "uires": 2,
  "uiri": 3,
  "uirtus": 3,
  "ulciscens Dominus": -2,
  "ultores": -2,
  "ululate": -2,
  "umquam": -2,
  "una": 1,
  "unavailable": -1,
  "uncredited": -1,
  "undercooked": -2,
  "underestimates": -1,
  "underperform": -2,
  "underperformed": -2,
  "underperforming": -2,
  "underperforms": -2,
  "unethical": -2,
  "uneventful": -2,
  "unfocused": -2,
  "unfunny": -2,
  "uniformis": -2,
  "unimaginative": -2,
  "unimpressed": -2,
  "uninspired": -2,
  "uninvolving": -2,
  "uniusque": 2,
  "unmotivated": -2,
  "unoriginal": -2,
  "unparliamentary": -2,
  "unprofessional": -2,
  "unreleting": -2,
  "unresearched": -2,
  "Unsecured": -2,
  "unstoppable": 2,
  "unwanted": -2,
  "urbanitatis": 3,
  "urbanus": 2,
  "urbi": -1,
  "urgent": -1,
  "urinam": -4,
  "usque": 1,
  "usurpationis": -2,
  "ut": 1,
  "ut admirationem faciam": 3,
  "utantur": -3,
  "utentibus": -2,
  "utile": 2,
  "utiles": 2,
  "utilitatem,": 2,
  "utriusque": -2,
  "V": 3,
  "vaga": -2,
  "vagos": -2,
  "valde": -1,
  "Validates": 1,
  "validating": 1,
  "vanitate": -1,
  "vanitati": -2,
  "vastae": -1,
  "vastantes": -2,
  "vastare": -2,
  "vehementer": -2,
  "velamen": 2,
  "velle,": 2,
  "vellem": 2,
  "veloces": 2,
  "venatusmutans": 3,
  "venena": -2,
  "veneno,": -2,
  "venenum": -2,
  "Venerandum": 3,
  "veniam": 2,
  "veniarum": 2,
  "venitur": 2,
  "ventilantium": 3,
  "ventus": 2,
  "verecundia,": -2,
  "veritus": -2,
  "vertiginem": -1,
  "vertiginis": -2,
  "verum": 2,
  "vesana": -3,
  "VESTIBULUM": -2,
  "vestitu": 1,
  "vetitum": -2,
  "vexari": -3,
  "vexet": -2,
  "vexo": -3,
  "virelated": -3,
  "victimization": -3,
  "victimizes": -3,
  "victimizing": -3,
  "victor": 4,
  "Victor": 3,
  "victores": 3,
  "victorias": 3,
  "victus": -2,
  "Victus": -3,
  "videlicet": 1,
  "vidua": -1,
  "vigilate": 3,
  "vigore": 3,
  "vile": -3,
  "vilescit": -2,
  "vincit": 4,
  "vindicabo": -2,
  "vindicando": -2,
  "vindicate": 2,
  "vindicatur": -2,
  "vindicta": -2,
  "violabuntur": -4,
  "violans": -2,
  "violant,": -2,
  "violat,": -2,
  "violatione": -2,
  "violationes": -2,
  "violavit,": -2,
  "viridi lava": -3,
  "viridi lavacro": -3,
  "virulentis": -2,
  "visio": 1,
  "visionaria": 3,
  "visiones": 1,
  "Visioning": 1,
  "vitae": 3,
  "Vitaminum": 1,
  "vitetur": -1,
  "vitia": -2,
  "vitiantur": -2,
  "vitiosus": -2,
  "vitium": -2,
  "vitriolic": -3,
  "vitulum saginatum": -2,
  "vituperaverunt": -2,
  "vituperetur": -2,
  "vivaci": 3,
  "vivam": 2,
  "vivere": 1,
  "vivide": -2,
  "Vividiorque": 3,
  "vivificabit": 2,
  "volens": 1,
  "volo": 1,
  "voluptatem": 3,
  "vomit": -3,
  "vomitus": -3,
  "vomitus,": -3,
  "vota": 1,
  "vulnerability": -2,
  "vulnerable": -2,
  "vulneribus": -2,
  "walkouts": -2,
  "Wanker": -3,
  "warmhearted": 2,
  "warmness": 2,
  "welcome": 2,
  "winwin": 3,
  "Won": 3,
  "Woo": 3,
  "woohoo": 3,
  "wooo": 4,
  "woow": 4,
  "wowow": 4,
  "wowww": 4,
  "wtff": -4,
  "wtfff": -4,
  "XIX,": -1,
  "XO": 3,
  "XOXO": 3,
  "xoxoxo": 4,
  "xoxoxoxo": 4,
  "Yeah": 1,
  "yeees": 2,
  "yucky": -2,
  "yummy": 3,
  "Zelotes,": -2,
  "Zelotis": -2,
  "zelus": -1
}