{
  "a": 4,
  "aakit na luntian": -3,
  "aaproba": 2,
  "aba": -3,
  "abala": -2,
  "abalahin": -2,
  "abandonado": -2,
  "abandons": -2,
  "abductions": -2,
  "abhors": -3,
  "abilidad": 2,
  "aborts": -1,
  "absentees": -1,
  "absolved": 2,
  "absolves": 2,
  "absolving": 2,
  "absuweltado": 2,
  "abusado": -3,
  "abuses": -3,
  "abusing": -3,
  "abuso": -3,
  "accessible": 1,
  "acclaimed": 2,
  "accomplishes": 2,
  "accusations": -2,
  "accuses": -2,
  "aching": -2,
  "acquits": 2,
  "acquitting": 2,
  "admires": 3,
  "admitido": -1,
  "admits": -1,
  "adopts": 1,
  "adored": 3,
  "adores": 3,
  "adoring": 3,
  "adoringly": 3,
  "advanced": 1,
  "advantageously": 2,
  "adventures": 2,
  "affectionateness": 3,
  "afflicted": -1,
  "affronted": -1,
  "aficionados": 2,
  "aggravates": -2,
  "aggressions": -2,
  "agonises": -3,
  "agonized": -3,
  "agonizes": -3,
  "agresibo": -2,
  "akaparahin": -2,
  "akit": 2,
  "akitin": 1,
  "akma": 1,
  "aksaya": -2,
  "aksidente": -2,
  "aktibo": 1,
  "akusado": -2,
  "akusahan": -2,
  "akusasyon": -2,
  "alalahanin": -3,
  "alarma": -2,
  "alarmista": -2,
  "alarmists": -2,
  "alegasyon": -2,
  "alerto": -1,
  "alibadbad": -3,
  "alindog": 3,
  "alipin": -3,
  "alipinin": -2,
  "alitan": -2,
  "aliw": 2,
  "altruistic": 2,
  "amazes": 2,
  "ambisyoso": 2,
  "amusements": 3,
  "anak na lalaki of a bitch": -5,
  "anak sa labas": -5,
  "ang paglabag": -2,
  "angered": -3,
  "angers": -3,
  "angkop": 2,
  "anguished": -3,
  "annoys": -2,
  "antala": -1,
  "anti": -1,
  "apektado": -1,
  "apeshit": -3,
  "api": -2,
  "apocalyptic": -2,
  "apog na pampinta": -3,
  "apologized": -1,
  "apologizing": -1,
  "apoy": -2,
  "appalled": -2,
  "appeases": 2,
  "appeasing": 2,
  "applauded": 2,
  "applauding": 2,
  "applauds": 2,
  "appreciated": 2,
  "appreciates": 2,
  "appreciating": 2,
  "aprobado": 2,
  "apruba": -2,
  "aray": -2,
  "arestado": -3,
  "aresto": -2,
  "arrests": -2,
  "arsehole": -4,
  "asar": -4,
  "asno": -4,
  "asong babae": -5,
  "assassinations": -3,
  "assaults": -2,
  "assfucking": -4,
  "asshole": -4,
  "astonished": 2,
  "astounded": 3,
  "astoundingly": 3,
  "astounds": 3,
  "aswang": -1,
  "atake": -1,
  "attacked": -1,
  "attractions": 2,
  "attractively": 2,
  "aura": 1,
  "Avenged": -2,
  "avengers": -2,
  "avenges": -2,
  "avenging": -2,
  "averted": -1,
  "averts": -1,
  "avoids": -1,
  "awa": 2,
  "awaits": -1,
  "awards": 3,
  "awas": -2,
  "away": -1,
  "awitin": -2,
  "axed": -1,
  "ayon sa batas": 2,
  "babala": -3,
  "backs": 1,
  "badass": -3,
  "bading": -3,
  "bagamundo": -2,
  "bagay": 1,
  "bagay na may halaga": 2,
  "bagay na walang kapararakan": -2,
  "bagot": -2,
  "bagsak": -2,
  "bagsak ang negosyo": -2,
  "bagsik pumatay": -3,
  "bahid": -2,
  "bahin": -2,
  "baho": -2,
  "bailout": -2,
  "balaan": -2,
  "balakid": -2,
  "balintiyak": -1,
  "balisa": -2,
  "baliw": -3,
  "bamboozled": -2,
  "bamboozles": -2,
  "banggaan": -2,
  "bangkarota": -3,
  "bangkay": -1,
  "bankster": -3,
  "banta": -2,
  "bantog": 3,
  "bara": -2,
  "barado": -2,
  "baril": -1,
  "basag": -1,
  "basbas": 3,
  "basbasan": 2,
  "bastards": -5,
  "bastos": -2,
  "basura": -1,
  "batiin": 2,
  "battled": -1,
  "battles": -1,
  "battling": -2,
  "bawas": -1,
  "bayani": 2,
  "beauties": 3,
  "befitting": 2,
  "belittled": -2,
  "bendisyon": 3,
  "benefactors": 2,
  "benefitted": 2,
  "benefitting": 2,
  "benepisyo": 2,
  "bereaving": -2,
  "betrayed": -3,
  "betraying": -3,
  "betrays": -3,
  "bigaysala": -2,
  "biglang sigaw": -2,
  "bigo": -2,
  "bigti": -2,
  "biguin": -2,
  "biktima": -3,
  "biktimahin": -3,
  "bilanggo": -2,
  "bilangguan": -2,
  "Binalewala": -2,
  "binigyan ng babala": -2,
  "biro": 2,
  "bisa": 2,
  "bitag": -1,
  "bitamina": 1,
  "bitches": -5,
  "bitterest": -2,
  "blackmailed": -3,
  "blackmailing": -3,
  "blackmails": -3,
  "blames": -2,
  "blockbuster": 3,
  "bloke": -1,
  "bobo": -2,
  "bomba": -1,
  "boosted": 1,
  "boosting": 1,
  "boosts": 1,
  "bothered": -2,
  "bothers": -2,
  "boycotted": -2,
  "boycotting": -2,
  "boycotts": -2,
  "boykot": -2,
  "bravura": 3,
  "breaches": -2,
  "bribes": -3,
  "bribing": -3,
  "brightest": 2,
  "brilliances": 3,
  "brilyante": 1,
  "brilyo": 3,
  "brutal": -3,
  "brutally": -3,
  "buhay": 1,
  "bulag": -1,
  "bulagsak": -2,
  "bullied": -2,
  "bullying": -2,
  "bulok": -2,
  "bumaba": -1,
  "bumagsak": -2,
  "bumahin": -2,
  "bumaho": -2,
  "bumangkulong": -2,
  "bumibiktima": -3,
  "bummer": -2,
  "buntonghininga": -2,
  "buo": 2,
  "buong kapurihan": 2,
  "burdened": -2,
  "burdening": -2,
  "burdens": -2,
  "buyo": 1,
  "byuda": -1,
  "calmed": 2,
  "calms": 2,
  "cancels": -1,
  "captivated": 3,
  "caring": 2,
  "cashing in": -2,
  "celebrations": 3,
  "censored": -2,
  "censors": -2,
  "chagrined": -2,
  "championed": 2,
  "champions": 2,
  "charisma": 2,
  "charmingly": 3,
  "charmless": -3,
  "chastised": -3,
  "chastises": -3,
  "chastising": -3,
  "cheater": -3,
  "cheaters": -3,
  "cheats": -3,
  "cheered": 2,
  "cheerfully": 2,
  "cherishes": 2,
  "cherishing": 2,
  "chided": -3,
  "chides": -3,
  "chilling": -1,
  "chokes": -2,
  "choking": -2,
  "clarifies": 2,
  "clear": 1,
  "clueless": -2,
  "cocksucker": -5,
  "cocksuckers": -5,
  "coerced": -2,
  "collapses": -2,
  "collapsing": -2,
  "collides": -1,
  "collisions": -2,
  "colluding": -3,
  "combats": -1,
  "comfortably": 2,
  "comforts": 2,
  "commended": 2,
  "commits": 1,
  "competencies": 1,
  "competitive": 2,
  "complains": -2,
  "complicating": -2,
  "complimented": 2,
  "conciliated": 2,
  "conciliates": 2,
  "conciliating": 2,
  "condemns": -2,
  "confidently": 2,
  "conflicts": -2,
  "congrats": 2,
  "consents": 2,
  "consolable": 2,
  "contagions": -2,
  "contaminant": -2,
  "contaminants": -2,
  "contaminates": -2,
  "contaminating": -2,
  "contaminations": -2,
  "contending": -1,
  "contestable": -2,
  "controversially": -2,
  "controversies": -2,
  "convinces": 1,
  "cool na bagay": 3,
  "corrupting": -3,
  "corrupts": -3,
  "courageously": 2,
  "courageousness": 2,
  "coziness": 2,
  "crappy": -3,
  "crazier": -2,
  "craziest": -2,
  "cries": -2,
  "criminated": -3,
  "criminates": -3,
  "criticized": -2,
  "criticizes": -2,
  "critics": -2,
  "crushes": -1,
  "cutback": -2,
  "cutbacks": -2,
  "cuts": -1,
  "dagdagan": 1,
  "dahilan": -1,
  "daing": -2,
  "dalamhati": -3,
  "dalisay": 1,
  "dalisayin": 1,
  "damaging": -3,
  "damn cute na": 3,
  "damnit": -4,
  "dangerously": -2,
  "danyos": -3,
  "darkest": -2,
  "daya": -2,
  "dayain": -3,
  "dayukdok": -2,
  "deadening": -2,
  "debosyon": 2,
  "deceives": -3,
  "deceiving": -3,
  "dedikado": 2,
  "dedikasyon": 2,
  "defects": -3,
  "defenders": 2,
  "deferring": -1,
  "deficiencies": -2,
  "deformed": -2,
  "deformities": -2,
  "defrauds": -3,
  "degrades": -2,
  "dehumanized": -2,
  "dehumanizes": -2,
  "dehumanizing": -2,
  "dejecting": -2,
  "dejects": -2,
  "delighted": 3,
  "delightfully": 3,
  "delighting": 3,
  "delights": 3,
  "demanded": -1,
  "demanding": -1,
  "demands": -1,
  "demoralizes": -2,
  "demoralizing": -2,
  "denials": -2,
  "denier": -2,
  "deniers": -2,
  "denies": -2,
  "denounces": -2,
  "depekto": -3,
  "depisit": -2,
  "deplored": -3,
  "deplores": -3,
  "deploring": -3,
  "deportado": -2,
  "deportasyon": -2,
  "deportations": -2,
  "deporting": -2,
  "deports": -2,
  "derail": -2,
  "derails": -2,
  "derided": -2,
  "derides": -2,
  "deriding": -2,
  "desetso": -1,
  "desgrasyado": -2,
  "deskarilado": -2,
  "deskontentado": -2,
  "desmayado": -2,
  "desmoralisado": -2,
  "despairing": -3,
  "despairs": -3,
  "desperado": -3,
  "desperasyon": -3,
  "desperately": -3,
  "desproporsyonado": -2,
  "destroys": -3,
  "detensyon": -2,
  "deteriorates": -2,
  "deteriorating": -2,
  "determinado": 2,
  "deteryorado": -2,
  "detracted": -1,
  "detracts": -1,
  "devastated": -2,
  "dibersiyon": 3,
  "digma": -2,
  "digmaan": -2,
  "dignidad": 2,
  "diin": -1,
  "dinukot": -2,
  "dipshit": -3,
  "dirtier": -2,
  "dirtiest": -2,
  "disadvantaged": -2,
  "disappears": -1,
  "disappointing": -2,
  "disappointments": -2,
  "disappoints": -2,
  "disapproves": -2,
  "disapproving": -2,
  "discarding": -1,
  "disconsolation": -2,
  "discredited": -2,
  "discriminated": -2,
  "discriminates": -2,
  "disguised": -1,
  "disguises": -1,
  "disguising": -1,
  "disheartened": -2,
  "disillusioned": -2,
  "disliked": -2,
  "dislikes": -2,
  "dismayed": -2,
  "disorder": -2,
  "disoriented": -2,
  "disparaged": -2,
  "disparages": -2,
  "disputing": -2,
  "disregarding": -2,
  "disregards": -2,
  "disrespected": -2,
  "disrupted": -2,
  "disrupting": -2,
  "disruptions": -2,
  "disruptive": -2,
  "disrupts": -2,
  "distorting": -2,
  "distorts": -2,
  "distracts": -2,
  "disturbing": -2,
  "disturbs": -2,
  "dithering": -2,
  "dodging": -2,
  "donasyon": 2,
  "donates": 2,
  "dont like": -2,
  "doubted": -1,
  "doubts": -1,
  "douchebag": -3,
  "downer": -2,
  "downside": -2,
  "dragged": -1,
  "drags": -1,
  "dreaded": -2,
  "dreading": -2,
  "dreams": 1,
  "droopy": -2,
  "drop": -1,
  "drowns": -2,
  "duda": -1,
  "duguan": -3,
  "dulutan ng kalungkutan": -2,
  "dumating sa takdang panahon": 2,
  "dumi": -2,
  "dumidilim": -1,
  "dumped": -2,
  "duped": -2,
  "durog": -2,
  "durugin": -1,
  "dutsa": -3,
  "duwag": -2,
  "Duwag": -2,
  "dysfunction": -2,
  "ebakwasyon": -1,
  "eendorso": 2,
  "effortlessly": 2,
  "eksklusibo": 2,
  "elegantly": 2,
  "embarrasses": -2,
  "emergency": -2,
  "empathetic": 2,
  "empowerment": 2,
  "enchanted": 2,
  "encouragement": 2,
  "endorses": 2,
  "engages": 1,
  "engrossed": 1,
  "enlightens": 2,
  "enrages": -2,
  "enraging": -2,
  "enrapture": 3,
  "enslaved": -2,
  "enslaves": -2,
  "epektibong": 2,
  "error": -2,
  "ErrorUndefined": -3,
  "escapes": -1,
  "escaping": -1,
  "espiritu": 1,
  "estereotipiko": -2,
  "estereotipo": -2,
  "estola": -2,
  "euphoric": 4,
  "evacuated": -1,
  "evacuates": -1,
  "evacuating": -1,
  "evergreening": -3,
  "evergreens": 2,
  "exacerbated": -2,
  "exacerbates": -2,
  "exacerbating": -2,
  "exaggerates": -2,
  "exaggerating": -2,
  "exasparate": -2,
  "exasperates": -2,
  "excruciatingly": -1,
  "exhilarates": 3,
  "exhilarating": 3,
  "exonerated": 2,
  "exonerates": 2,
  "exonerating": 2,
  "expelling": -2,
  "expels": -2,
  "expertly": 2,
  "exploiting": -2,
  "explorations": 1,
  "exposé": -1,
  "extremist": -2,
  "extremists": -2,
  "exultantly": 3,
  "fabulously": 4,
  "fagots": -3,
  "fakes": -3,
  "faking": -3,
  "fascinates": 3,
  "fascists": -2,
  "fatalities": -3,
  "fatigues": -2,
  "favors": 2,
  "favourited": 2,
  "fearing": -2,
  "fed up": -3,
  "felonies": -3,
  "finest": 3,
  "fired": -2,
  "flawed": -3,
  "flawlessly": 2,
  "flees": -1,
  "flops": -2,
  "fools": -2,
  "foreclosure": -2,
  "foreclosures": -2,
  "forefront": 1,
  "frauds": -4,
  "fraudsters": -4,
  "frikin": -2,
  "frowning": -1,
  "frustrates": -2,
  "ftw": 3,
  "fucked": -4,
  "fucker": -4,
  "fuckers": -4,
  "fuckface": -4,
  "fuckhead": -4,
  "fuckin": -4,
  "fucking": -4,
  "fucking amazing": 4,
  "fucking fantastic": 4,
  "fucking hot": 2,
  "fucking love": 4,
  "fucking loves": 4,
  "fucking maganda": 4,
  "fucking magandang": 4,
  "fucking mahusay": 4,
  "fucking perpektong": 4,
  "fucktard": -4,
  "fud": -3,
  "fuked": -4,
  "fuking": -4,
  "fulfills": 2,
  "fuming": -2,
  "funerals": -1,
  "funky": 2,
  "funnier": 4,
  "gagantimpalaan": 2,
  "gagged": -2,
  "gahasa": -2,
  "galak": 3,
  "galak na galak": 3,
  "galante": 3,
  "galit": -2,
  "galit na galit": -1,
  "galitin": -2,
  "gallantly": 3,
  "ganap na ganap": 3,
  "ganap na kaguluhan": -2,
  "ganap na pagkasira": -2,
  "ganapin": 2,
  "gantimpala": 2,
  "Gantimpala": 2,
  "garantiya": 1,
  "gawagawa": -1,
  "gawa sa": -1,
  "gawing makabago": 2,
  "gaya ng": 2,
  "generously": 2,
  "Ginawang paborito ni": 2,
  "ginto": 2,
  "ginulangan": -3,
  "ginulo": -2,
  "glamourous": 3,
  "goddamn": -3,
  "goodlooking": 3,
  "goofiness": -2,
  "gr8": 3,
  "grasya": 1,
  "green wash": -3,
  "green washing": -3,
  "greenwash": -3,
  "greenwasher": -3,
  "greenwashers": -3,
  "greeted": 1,
  "greetings": 2,
  "greets": 1,
  "grieved": -2,
  "gripping": 2,
  "groaned": -2,
  "groaning": -2,
  "groans": -2,
  "growths": 2,
  "gulo": -2,
  "gumawa": 1,
  "gumawa ng kalokohan": -2,
  "gumising": 3,
  "gumuho": -2,
  "gusot": -2,
  "gusto": 1,
  "gutaygutay": -2,
  "gutom": -2,
  "guwang": -1,
  "guwapo": 3,
  "ha": 2,
  "hack": -1,
  "hadlang": -2,
  "hadlangan": -2,
  "haha": 3,
  "hahaha": 3,
  "hahahah": 3,
  "hailed": 2,
  "halata": 2,
  "halik": 2,
  "halimhim": -2,
  "halinghing": -2,
  "hallelujah": 3,
  "haltak": -3,
  "haluhalo": -2,
  "hamakin": -2,
  "hamon": -1,
  "handa": 1,
  "handa sa hirap": 1,
  "handulong": -2,
  "hanga": 3,
  "hangal": -3,
  "hangarin sa paghihiganti": -2,
  "hantad": -1,
  "haplessness": -2,
  "happiest": 3,
  "harassed": -3,
  "hardier": 2,
  "harming": -2,
  "harmoniously": 2,
  "harms": -2,
  "harried": -2,
  "harsher": -2,
  "harshest": -2,
  "hater": -3,
  "haters": -3,
  "hates": -3,
  "hating": -3,
  "haunts": -1,
  "he": -2,
  "hehe": 2,
  "heroes": 2,
  "hibang na hibang": -3,
  "hides": -1,
  "hidwaan at": -2,
  "highlight": 2,
  "higit na mataas": 2,
  "hikahos": -2,
  "himala": 4,
  "himukin": 2,
  "hinahangaan": 3,
  "hinahon": 2,
  "hinalinhan": 2,
  "hindi": -1,
  "hindi aprubahan": -2,
  "hindi batay sa katotohanan": -2,
  "hindi gaanong mahalaga": -2,
  "hindi gumagana": -3,
  "hindi gusto": -2,
  "hindi hiyang": -2,
  "hindi inaprubahang": -2,
  "hindi kailangan": -2,
  "hindi kanaisnais": -2,
  "hindi kapanipaniwala": 4,
  "hindi karapatdapat": -2,
  "hindi karapatdapat ng pagibig": -2,
  "hindi kasama": -2,
  "hindi kasiyasiya": -2,
  "hindi katanggaptanggap": -2,
  "hindi kaya": -2,
  "hindi kayang unawain": -2,
  "hindi komportable": -2,
  "hindi lubos na pagsisisi": -2,
  "hindi maamuhan": -2,
  "hindi magagamit": -1,
  "hindi maganda": -2,
  "hindi magandang pagpapalabas": -2,
  "hindi mahigpit": 1,
  "hindi makaagham": -2,
  "hindi makasarili": 2,
  "hindi makatao": -2,
  "hindi makatarungan": -2,
  "hindi makatwiran": -1,
  "hindi malilimot": 1,
  "hindi maliwanag": -1,
  "hindi maniwala": -2,
  "hindi mapagaalinlanganan": 1,
  "hindi mapaglabanan": 2,
  "hindi mapakali": -1,
  "hindi mapalagay": -2,
  "hindi mapapantayan": 2,
  "hindi mapatatawad": -3,
  "hindi masaya": -2,
  "hindi masisira": 2,
  "hindi matatag": -2,
  "hindi matinag": -3,
  "hindi maunawaan o maintindihan": -2,
  "hindi minamahal": -2,
  "hindi na mapananauli": -2,
  "hindi naaangkop": -2,
  "hindi naaayon sa batas": -3,
  "hindi nagiintindi": -2,
  "hindi nakaaakit": -2,
  "hindi naniniwala": -1,
  "hindi nasisiyahan": -2,
  "hindi pagkadumi": -2,
  "hindi pagkakasundo": -2,
  "hindi pagkakatulog": -2,
  "hindi pagkakaunawaan": -2,
  "hindi pagkapansin": -1,
  "hindi pagkilos": -2,
  "hindi pagpapagana": -1,
  "hindi pagsangayon": -2,
  "hindi pangkalinisan": -2,
  "hindi patas": -1,
  "hindi sanay": -2,
  "hindi sapat": -2,
  "hindi sigurado": -1,
  "hindi sinasadya": -2,
  "hindi sumangayon": -2,
  "hindi suportadong": -2,
  "hindi tama": -2,
  "hindi tapat": -2,
  "hindi tinatablan": 2,
  "hindi tiyak": -1,
  "hindi totoo": -1,
  "hindi tugma": -2,
  "hindi wasto": -2,
  "hinihikayat": 2,
  "hinto": -1,
  "hiwa": -1,
  "hiwalay": -1,
  "hiyas": 1,
  "homicides": -2,
  "honoring": 2,
  "hooligans": -2,
  "horrendous": -3,
  "horrified": -3,
  "hospitalized": -2,
  "hugs": 2,
  "humagulgol": -2,
  "humanga": 3,
  "humerous": 3,
  "Humihingi ng paumanhin": -1,
  "humingi ng tawad": -1,
  "humourous": 2,
  "huthot": -3,
  "huwad": -2,
  "huwag isama": -1,
  "Huwag pansinin": -1,
  "ibalik": 1,
  "ibinilanggo": -2,
  "icky": -3,
  "iginawad": 3,
  "Ignorante": -2,
  "ikalungkot": -2,
  "ilagay nang panakaw": -2,
  "ilang": -1,
  "ilantad": -1,
  "ilayo": -1,
  "ilegal": -3,
  "iliban": -1,
  "iligtas": 2,
  "illegally": -3,
  "ilungan": -2,
  "impairing": -2,
  "impairs": -2,
  "impeded": -2,
  "impedes": -2,
  "impeding": -2,
  "impedingly": -2,
  "impeksiyon": -2,
  "impeksyon": -2,
  "impostor": -3,
  "impressed": 3,
  "impresses": 3,
  "impyerno": -4,
  "inaantok": -2,
  "Inaanyayahan": 2,
  "inaapi": -2,
  "inaasamasam": 1,
  "inadvertently": -2,
  "inagaw": -2,
  "inalipusta": -2,
  "inalis ng karapatan": -2,
  "incapacitated": -2,
  "incapacitates": -2,
  "incapacitating": -2,
  "incensed": -2,
  "Incenses": -2,
  "incensing": -2,
  "indicted": -2,
  "indoctrinated": -2,
  "indoctrinates": -2,
  "indoctrinating": -2,
  "inediable": -2,
  "ineffectively": -2,
  "inefficiently": -2,
  "infantilized": -2,
  "infecting": -2,
  "infects": -2,
  "Infested": -2,
  "infesting": -2,
  "infests": -2,
  "inflamed": -2,
  "inflicted": -2,
  "inflicting": -2,
  "inflicts": -2,
  "infract": -2,
  "infracted": -2,
  "infracting": -2,
  "infracts": -2,
  "infuriated": -2,
  "infuriates": -2,
  "inggit": -1,
  "inilunsad": 1,
  "inirerekomenda": 2,
  "Inirerekomenda": 2,
  "inis": -2,
  "inisin": -2,
  "init": 2,
  "innovates": 1,
  "insenso": -2,
  "inspirasyon": 2,
  "inspirational": 2,
  "Inspires": 2,
  "insufficiently": -2,
  "insulto": -2,
  "insults": -2,
  "integridad": 2,
  "interes": 1,
  "interesado": 2,
  "interrogated": -2,
  "interrupts": -2,
  "intimidates": -2,
  "intimidating": -2,
  "intolerable": -2,
  "intransigence": -2,
  "intransigency": -2,
  "intrigues": 1,
  "Inusig": -2,
  "inutil": -2,
  "inuusig": -2,
  "ipagbawal": -1,
  "ipagdiwang": 3,
  "ipagkanulo": -3,
  "ipagpaliban": -1,
  "ipataw": -1,
  "ipinagbabawal": -2,
  "Ipinagbabawal": -1,
  "ipinagkaloob": 1,
  "ipinagkatiwala": 2,
  "ipinagmamalaki": 2,
  "ipinagpaliban": -1,
  "ipinagwawalangbahala": -1,
  "ipinangako": 1,
  "ipinuslit": -2,
  "ipokrita": -2,
  "ipon": 1,
  "irekomenda": 2,
  "iresponsable": -2,
  "irreproducible": -2,
  "irresponsibly": -2,
  "irreversibly": -1,
  "irritates": -3,
  "isang kahihiyan": -2,
  "isang mabigat na kasalanan": -3,
  "Iskam": -2,
  "iskandalo": -3,
  "isterismo": -3,
  "istimado": 2,
  "isumpa": -2,
  "itigil": -1,
  "itinataguyod": 2,
  "itinatangi": 2,
  "iwa": -2,
  "iwaksi": -1,
  "iwasan": -1,
  "jackasses": -4,
  "Jesus": 1,
  "jewels": 1,
  "jokes": 2,
  "joyfully": 3,
  "justifiably": 2,
  "justified": 2,
  "kaakitakit": 3,
  "kaangkupan": 1,
  "kaaway": -2,
  "kaayaaya": 3,
  "kababaangloob": 1,
  "kabaitan": 2,
  "kabalastugan": -3,
  "kabalintunaan": -1,
  "kabaliwan": -3,
  "kabanalan": 2,
  "kabangisan": -3,
  "kabataan": 2,
  "kabayanihan": 3,
  "kabiguan": -2,
  "kabilanin": -2,
  "kabuluhan": 1,
  "kabutihan": 3,
  "kadiliman": -1,
  "kadiri": -2,
  "kagalakan": 3,
  "kagalingan": 2,
  "kagalitgalit": -1,
  "kagandahan": 3,
  "kagandahangasal": 2,
  "kagandahangloob": 2,
  "kagiliwgiliw": 3,
  "kagitingan": 3,
  "kagulatgulat": 4,
  "kagulkol": 1,
  "kagulo": -2,
  "kaguluhan": 3,
  "kaguluhan ng isip": -2,
  "kagustuhan": 2,
  "Kagustuhan": 2,
  "kahabaghabag": -3,
  "kahalagahan": 2,
  "kahalihalina": 1,
  "kahangahanga": 4,
  "kahangahangang": 3,
  "kahapishapis": -2,
  "kahihiyan": -2,
  "kahilahilakbot": -3,
  "kahinahinala": -2,
  "kahinaan": -2,
  "kahindikhindik": -3,
  "kahirapan": -1,
  "kahiyahiya": -2,
  "kahusayan": 3,
  "kaibigibig": 3,
  "kaibigan": 1,
  "kakabakaba": -2,
  "kakaiba": 1,
  "kakayahan": 2,
  "kakilakilabot": -2,
  "kakisigan": 2,
  "kakulangan": -2,
  "kakulangan sa ginhawa": -2,
  "kalaban": -1,
  "kaladkarin": -1,
  "kalagimlagim": 1,
  "kalakasan": 3,
  "kalamangan": 2,
  "kalamidad": -2,
  "kalapating mababa ang lipad": -4,
  "kalaswaan": -2,
  "kalayaan": 2,
  "kalesa": -1,
  "kalidad": 2,
  "kaligayahan": 3,
  "kaligtasan": 2,
  "kalimutan": -1,
  "kalituhan": -2,
  "kaliwanagan": 2,
  "kalmado": 2,
  "kalokohan": -2,
  "kaloob ng diyos": 4,
  "kalugudlugod": 4,
  "kalungkutan": -2,
  "kalunuslunos": -2,
  "kalupitan": -3,
  "kaluwalhatian": 2,
  "kamanghamangha": 4,
  "kamangmangan": -2,
  "kamatayan": -2,
  "kampante": -2,
  "kampeon": 2,
  "kampi": -2,
  "kanaisnais": 2,
  "kanselahin": -1,
  "kanser": -1,
  "kapa": -3,
  "kapabayaan": -2,
  "kapakipakinabang": 2,
  "kapalaran": 3,
  "kapaligiranfriendly": 2,
  "kapanganiban": -2,
  "kapangitan": -3,
  "kapangkaraniwanan": -3,
  "kapangyarihan": 1,
  "kapanig": 2,
  "kapansanan": -2,
  "kapansinpansin": 5,
  "kapayapaan": 2,
  "kapighatian": -2,
  "kapootang panlahi": -3,
  "kapote": 2,
  "karahasan": -3,
  "karahasan maykinalaman sa": -3,
  "karangalan": 2,
  "karaniwan": -2,
  "karapatdapat": 2,
  "karumaldumal": -2,
  "karumihan": -2,
  "karunungan": 1,
  "kasabiksabik": -1,
  "kasabikan": -2,
  "kasaganaan": 3,
  "kasakiman": -3,
  "kasakitsakit": -2,
  "kasalanan": -2,
  "kasamaan": -3,
  "kasawian": -2,
  "kasayahan": 3,
  "kasindaksindak": 4,
  "kasinungalingan": -2,
  "kasipagan": 2,
  "kasiyasiya": 2,
  "kasiyahan": 3,
  "kaso": -2,
  "kasuklamsuklam": -2,
  "kasunduan": 1,
  "kataastaasan": 4,
  "katakottakot": -2,
  "katakuttakot": -3,
  "katangahan": -3,
  "katangian": 2,
  "katanyagan": 3,
  "katapangan": 2,
  "katapatan": 3,
  "katarungan": 2,
  "katatawanan": 2,
  "katawatawa": -3,
  "katiwalian": -3,
  "katuparan": 2,
  "kawalan": -2,
  "kawalan ng damdamin": -2,
  "kawalan ng kaalaman": -2,
  "kawalan ng kabagayan": -2,
  "kawalan ng kakayahan": -2,
  "kawalan ng katarungan": -2,
  "kawalan ng laman": -1,
  "kawalan ng pagasa": -2,
  "kawalan ng pagkakasundo": -2,
  "kawalan ng paputok": -2,
  "kawalan ng tiwala": -3,
  "Kawalan ng trabaho": -2,
  "kawalanggalang": -2,
  "kawalanghiyaan": -2,
  "kawalanginteres": -3,
  "kawalangkaya": -2,
  "kawalangtulog": -2,
  "kawiliwili": 2,
  "kaya": 1,
  "kayamanan": 3,
  "kickbacks": -3,
  "kidnappings": -2,
  "kidnaps": -2,
  "kilalangkilala": -2,
  "kills": -3,
  "kinakabahan": -2,
  "kinang": 3,
  "kinansela": -1,
  "kinasusuklaman": -3,
  "kinayamutan": -3,
  "kinder": 2,
  "kirat": -2,
  "kita": 2,
  "kitangkita": 2,
  "komedya": 1,
  "komprehensibong": 2,
  "kontrabando": -2,
  "krimen": -3,
  "kriminal": -3,
  "krisis": -3,
  "kritika": -2,
  "kritiko": -2,
  "krudo": -1,
  "kulang": -1,
  "kulangkulang": -3,
  "kulang sa pagganap": -2,
  "kulayabo": -1,
  "kumbinsido": 1,
  "kumbinsihin": 1,
  "kunan ng larawan": -1,
  "kunuwa": -1,
  "kuping": -2,
  "kuripot": -2,
  "kurukuro": -1,
  "labag sa bayan": -2,
  "labag sa budhi ng propesyon": -2,
  "labagin": -2,
  "labanan": -1,
  "labis na karga": -1,
  "labis na pangungusap": -2,
  "labis na pinagod sa trabaho": -3,
  "lagged": -2,
  "lagim": -1,
  "lagnat": -2,
  "lags": -2,
  "lakas": 2,
  "laki sa layaw": -2,
  "lalin": -2,
  "lalong malaki": 3,
  "lamat": -2,
  "lambing": 2,
  "langit": 2,
  "laropagbabago": 3,
  "lasing": -2,
  "lasing nang bahagya": 3,
  "laslas": -2,
  "lason": -2,
  "laughed": 1,
  "laughs": 1,
  "laughting": 1,
  "lawl": 3,
  "lawsuits": -2,
  "leaked": -1,
  "legal": 1,
  "lethality": -2,
  "liars": -3,
  "libing": -1,
  "libingan": -2,
  "libre": 1,
  "lied": -2,
  "lifesaver": 4,
  "ligalig": -2,
  "ligawan": 3,
  "lighthearted": 1,
  "ligtas": 2,
  "likers": 2,
  "limbagan": 3,
  "limitado": -1,
  "limitasyon": -1,
  "lingid": -1,
  "linlangin": -3,
  "lipas": -1,
  "lipas na": -2,
  "litigasyon": -1,
  "litigious": -2,
  "lituhin": -2,
  "liwanag": 1,
  "lmao": 4,
  "lmfao": 4,
  "loathed": -3,
  "loathes": -3,
  "lobbied": -2,
  "lobbying": -2,
  "lobbyists": -2,
  "loko": -2,
  "lokohin": -2,
  "lol": 3,
  "lolol": 4,
  "lololol": 4,
  "lolololol": 4,
  "looban": -2,
  "lool": 3,
  "loomed": -1,
  "looming": -1,
  "looms": -1,
  "loool": 3,
  "looool": 3,
  "looses": -3,
  "lovelies": 3,
  "lubhang katakataka": 3,
  "lubhang nakakalason": -2,
  "lubos na kaligayahan": 3,
  "luha": -2,
  "luho": 2,
  "lumabag": -2,
  "lumaban": -1,
  "lumala": -2,
  "lumalansag": -2,
  "lumawak": 1,
  "lumikas": -1,
  "lumuray": -2,
  "lumutas": 1,
  "lunatics": -3,
  "lundo": 2,
  "lungkot": -1,
  "lunurin": -2,
  "lupaypay": -2,
  "lurks": -1,
  "lutas": 1,
  "lutasin": 2,
  "luwag": 2,
  "maaaring \"t tumayo": -3,
  "maaaring limutin": -1,
  "maaaring makita ang kaibhan": -2,
  "maaaring pawalangbisa": -1,
  "maaaring tanggapin": 1,
  "maaasahan": 2,
  "maabot": 1,
  "maagap": 1,
  "maalab": 2,
  "maalipin": 3,
  "maasahin sa mabuti": 2,
  "mabagay": 2,
  "mabagbag": -2,
  "mabaho": -2,
  "mabangga": -1,
  "mabangis": -3,
  "mabigat ang katawan": -2,
  "mabigat na puso": -2,
  "mabigo": -2,
  "mabisa": 2,
  "mabuhay": 5,
  "mabulunan": -2,
  "mabuti": 3,
  "mabuting loob": 2,
  "mabuway": -1,
  "madali": 1,
  "madalian": -1,
  "madamdamin": 2,
  "madasalin": 2,
  "madilim": -2,
  "magabuloy": 2,
  "magalala": -3,
  "maganyaya": 1,
  "magatubili": -2,
  "magiwan": -1,
  "magudyok": 1,
  "magaan ang katawan": 3,
  "magalak": 4,
  "magalang": 2,
  "magaling": 3,
  "maganda": 3,
  "maganda ang pagganap": -2,
  "magandangmaganda": 3,
  "magandang umaga": 1,
  "magaralgal": -2,
  "magbahagi": 1,
  "magbayad": -1,
  "magbigay ng inspirasyon": 2,
  "magbigay ng kapangyarihan": 2,
  "magbitiw": -1,
  "magbutas": -2,
  "magdaraya": -3,
  "magdiwang": 3,
  "magdusa": -2,
  "maghain ng kahilingan": -2,
  "maghiganti": -2,
  "maghinagpis": -2,
  "maghirap sa sakit": -3,
  "magiliw": 2,
  "maginhawa": 2,
  "magkaaway": -2,
  "magkabagay": 2,
  "magkaila": -1,
  "magkamali ng basa": -1,
  "magkantot": -4,
  "magkaunawaan": 2,
  "maglalagi": -1,
  "maglobi": -2,
  "maglolobi": -2,
  "maglubag": 2,
  "magluko": -2,
  "maglustay": -2,
  "magnakaw": -2,
  "magnanakaw": -2,
  "magpabago": 1,
  "magpahalaga": 2,
  "magpahigit": -2,
  "magpalayas": -1,
  "magpalubha": -2,
  "magpalupit": -2,
  "magpanggap": -1,
  "magparatang": -3,
  "magpataka": 3,
  "magpataw": -1,
  "magpatawa": 3,
  "magpatibay": 1,
  "magpawalangsala": 2,
  "magreklamo": -2,
  "magsinungaling": -2,
  "magtago": -1,
  "magtagumpay": 3,
  "magtaguyod": 1,
  "magtakwil": -2,
  "magturo": -2,
  "magugulatin": -1,
  "magulo": -2,
  "mahabagin": 2,
  "mahal": 3,
  "mahalaga": 2,
  "mahalay": -2,
  "mahalin": 2,
  "mahalina": 3,
  "mahanda": -1,
  "mahawa": -2,
  "mahigpit": 3,
  "mahigpit na pangangaral": -2,
  "mahilig": 2,
  "mahina": -2,
  "mahinang loob": -2,
  "mahirap": -1,
  "mahirap na kalagayan": -1,
  "mahirap na paniwalaan": -1,
  "mahirap na trabaho": -2,
  "mahiyain": -1,
  "mahusay na binuo": 2,
  "mahusay na itinatag": 2,
  "maibigingkabaitan": 3,
  "mailagay sa ibang lugar": -2,
  "maimpluwensiya": 2,
  "maingat": 2,
  "maingay": -1,
  "mainggitin": -2,
  "mainit": 2,
  "mainitinit": 1,
  "mainit ang ulo": -2,
  "maipapayo": 1,
  "makaabala": -2,
  "makabagbagpuso": 3,
  "makabagong": 2,
  "makabubuti": 2,
  "makabulok": -2,
  "makabuluhan": 2,
  "makahadlang": -2,
  "makahawa": -2,
  "makapukaw": -1,
  "makaramdam ng sobrang tuwa": 3,
  "makasalanan": -3,
  "makasarili": -3,
  "makatao": 2,
  "makatarungan": 2,
  "makatas": -1,
  "makati": -2,
  "makidnap": -2,
  "makintab": 2,
  "makipaglaban": -1,
  "makulay": 3,
  "malaimpyerno": -2,
  "malabo": -2,
  "maladaption": -2,
  "malagim": -2,
  "malakas": 2,
  "malakas ang loob": 2,
  "malaki": 3,
  "malaki at maganda": 3,
  "malaking poot": -2,
  "malaking sakuna": -3,
  "malaking takot": -3,
  "malala": -3,
  "malamang na hindi": -1,
  "malambot": 2,
  "malamig": 1,
  "malamlam": -2,
  "malas": -2,
  "malaswa": -2,
  "malaya": -1,
  "maldevelopment": -2,
  "mali": -1,
  "maligaya": 2,
  "maligayang pagdating": 2,
  "maliitin": -1,
  "malikhain": 2,
  "malikot": 2,
  "maliksi": 2,
  "malilimutin": -2,
  "malinaw": 1,
  "maling gamit": -2,
  "maling impormasyon": -2,
  "maling pagulat": -2,
  "maling pagkakaintindi": -2,
  "malinis": 2,
  "malinis at maayos": 2,
  "maliwanag": 1,
  "maliwanagan": 2,
  "maloko": -2,
  "malungkot": -2,
  "malupit": -2,
  "malusog": 2,
  "malutas": 1,
  "maluwag": -3,
  "maluwalhati": 2,
  "maluwang": 1,
  "mamamataytao": -2,
  "mamatay": -3,
  "mamatay sa gutom": -2,
  "mamugad": -2,
  "managinip": 1,
  "manakot": -2,
  "manalangin": 1,
  "mananatili": -1,
  "manginis": -3,
  "manggagad": -2,
  "manggulo": -3,
  "manghaharang": -2,
  "manghuhuwad": -3,
  "mangmang": -2,
  "manhid": -1,
  "maningning": 3,
  "maningning na tagumpay": -2,
  "manipulahin": -1,
  "manlalako": -2,
  "manliliban": -1,
  "manlilinlang": -4,
  "manloko": -2,
  "manloloko": -2,
  "manuba": -2,
  "mapabuti": 2,
  "mapagisip": -2,
  "mapagbantay": 3,
  "mapagbigay": 2,
  "mapagbigayloob": 3,
  "mapagbigay sa kapwa": 2,
  "mapaghiganti": -2,
  "mapagkakatiwalaan": 2,
  "mapagkawanggawa": 3,
  "mapaglaro": 2,
  "mapagmahal": 3,
  "mapagnais": 2,
  "mapagnilaynilay": 1,
  "mapagpahirap": -2,
  "mapagpakumbaba": 1,
  "mapagparaya": 2,
  "mapagpasalamat": 2,
  "mapagpatawa": 2,
  "mapagpatawad": 1,
  "mapagsamantala": -2,
  "mapahiya": -2,
  "mapait": -2,
  "mapakay": 2,
  "mapaminsala": -3,
  "mapangangkin": -2,
  "mapangapi": -2,
  "mapanginis": -2,
  "mapanguyam": -2,
  "mapangahas": -3,
  "mapanganib": -2,
  "mapanglaw": -2,
  "mapanglaw na tao": -1,
  "mapangutya": -2,
  "mapangwasak": -2,
  "mapanirangpuri": -2,
  "mapaniwalain": -2,
  "mapanlait": -2,
  "mapanlikha": 2,
  "mapanlinlang": -3,
  "mapanukso": -2,
  "mapataob": -2,
  "mapatapon": -2,
  "mapawi": -2,
  "mapayapa": 2,
  "mapoot": -3,
  "mapurol": -2,
  "maputik": -2,
  "maputol": -2,
  "marahas": -3,
  "maramdamin": -2,
  "maramot": -2,
  "marangal": 2,
  "marangya": 2,
  "marumi": -2,
  "marunong na": 2,
  "marvels": 3,
  "mas ligtas": 2,
  "mas mabuti": 2,
  "mas matalinong": 2,
  "masagana": 3,
  "masakit": -2,
  "Masakit": -2,
  "masaklap na karanasan": -2,
  "masalimuot": 2,
  "masama": -2,
  "masama ang kalooban": -2,
  "masama ang lasa": -2,
  "masama sa katawan": -2,
  "masarap": 3,
  "masawata": -2,
  "masaya": 3,
  "masayahin": 3,
  "masayangmaingay": 2,
  "masayangmasaya": 4,
  "masayang sigaw": 2,
  "maselan": -2,
  "masidhing kagalakan": 2,
  "masigasig": 3,
  "masigla": 3,
  "masindak": -2,
  "Masindak": -2,
  "masipag": 2,
  "masiraan ng ulo": -2,
  "masiyahan": 2,
  "masterpieces": 4,
  "masusugatan": -2,
  "masuwerte": 2,
  "mataba": 2,
  "matabang": -2,
  "matagumpay": 4,
  "matahimik": 2,
  "matakaw": -2,
  "matakot": -2,
  "matakpan": -2,
  "matalino": 2,
  "matamis": 2,
  "matamlay": -2,
  "matamo": 1,
  "matanong": 2,
  "mataos na pagsisisi": -2,
  "matapang": 2,
  "matapat": 2,
  "matatag": 2,
  "matatakutin": -2,
  "matibay": 2,
  "matigas ang ulo": -1,
  "matikas": 2,
  "matindi": 2,
  "matinding pagnanasa": 1,
  "matinik": -2,
  "matipuno": 2,
  "matiwasay": 2,
  "matiyak": 1,
  "maton": -2,
  "matulin": 2,
  "matulungin": 2,
  "maulan": -1,
  "maulila": -2,
  "maunawain": -2,
  "mausisa": 1,
  "mawala": -1,
  "mawalan ng kinang": -2,
  "may bisyo": -2,
  "may gulo": -2,
  "may kakayahan": 2,
  "may karapatan": 1,
  "may kasalanan": -2,
  "may pagaalinlangan": -2,
  "may pananagutan": 2,
  "may pasak": -2,
  "may pasubali": -2,
  "may sakit": -2,
  "may sala": -2,
  "may sira": -3,
  "may tiwala": 2,
  "may tiwala sa sarili": 2,
  "may tulong": 1,
  "mayabang": -2,
  "mayabong": 2,
  "mayaman": 2,
  "maykapal": 1,
  "medalya": 3,
  "medyo": 1,
  "memorable": 2,
  "Memoriam": -2,
  "menaced": -2,
  "menaces": -2,
  "mesmerizing": 3,
  "messed": -2,
  "messing up": -2,
  "methodically": 2,
  "mga ariarian": 2,
  "mga kabutihan": 2,
  "mga lugar ng pagkasira": -2,
  "mga mani": -3,
  "mga nadagdag": 2,
  "mga tagapagtaguyod": 2,
  "mga taong may talento": 2,
  "milagro": 3,
  "minamahal": 3,
  "mirthfully": 3,
  "misbehaved": -2,
  "misbehaves": -2,
  "misbranding": -3,
  "miscast": -2,
  "mischiefs": -1,
  "misclassified": -2,
  "misclassifies": -2,
  "misclassify": -2,
  "misconducted": -2,
  "misconducting": -2,
  "misconducts": -2,
  "miserable": -3,
  "misinformed": -2,
  "misinterpreted": -2,
  "misleaded": -3,
  "misleads": -3,
  "misplaced": -2,
  "misplaces": -2,
  "misplacing": -2,
  "mispricing": -3,
  "misreport": -2,
  "misreported": -2,
  "misreports": -2,
  "misrepresentations": -2,
  "misrepresented": -2,
  "misrepresenting": -2,
  "misrepresents": -2,
  "miss": -2,
  "mistaking": -2,
  "misunderstands": -2,
  "misused": -2,
  "misuses": -2,
  "misusing": -2,
  "moaned": -2,
  "moans": -2,
  "mocked": -2,
  "mocks": -2,
  "modernized": 2,
  "modernizes": 2,
  "modernizing": 2,
  "mongering": -2,
  "monopolizes": -2,
  "moping": -1,
  "motherfucker": -5,
  "motherfucking": -5,
  "motivated": 2,
  "motivating": 2,
  "mukhang mahal na tao": 2,
  "muling bigyan ng katiyakan": 1,
  "muling buhayin": 2,
  "multa": -2,
  "mura": 2,
  "murdering": -3,
  "murders": -2,
  "n00b": -2,
  "na nagnanais": 1,
  "naaangkop": 2,
  "naabot": 1,
  "Naantala": -2,
  "naapi": -2,
  "naaprubahan": -2,
  "naayos": 2,
  "Nababahala": -2,
  "nabalisa": -2,
  "nabighani": 3,
  "nabigla": 3,
  "nabigo": -1,
  "nabilanggo": -2,
  "nabubuluk": -2,
  "nabuwal": -2,
  "nadagdagan": 1,
  "nagaalala": -2,
  "nagaalangan": -2,
  "nagaalinlangan": -1,
  "nagiisa": -2,
  "nagiisip": -1,
  "nagisip": 2,
  "nagagalak": 3,
  "nagagalit": -2,
  "nagalak": 4,
  "nagayuma": 4,
  "nagbabala": 3,
  "nagbabanggaan": -1,
  "nagbabanta": -2,
  "nagbahing": -2,
  "nagdadalamhati": -2,
  "nagdiriwang": 3,
  "nagdududa": -1,
  "nagdusa": -2,
  "naghadlang": -1,
  "naghihigpit": -1,
  "naghihikayat": 2,
  "naghihingalo": -3,
  "naghihirap sa sakit": -3,
  "Naging masaya": 2,
  "nagkaisa": 1,
  "nagkakahalaga": 2,
  "nagkakamali": -2,
  "nagkakasundo": 2,
  "nagkamit": 2,
  "Naglaho": -1,
  "nagmamahal": 3,
  "nagpapabaya": -2,
  "nagpapabuti": 2,
  "Nagpapalayo": -2,
  "nagpapalubha": -2,
  "nagpapanggap": -1,
  "nagpapasalamat": 3,
  "nagpapasama": -2,
  "nagpapasiklab sa galit": -2,
  "nagpapaudlot": -2,
  "nagpatupad": -1,
  "nagreklamo": -2,
  "nagrereklamo": -2,
  "nagsisisi": -2,
  "nagtago": -1,
  "nagtagumpay": 4,
  "nagtaka nang labis": 2,
  "nagtatago": -1,
  "nagtataguyod": 1,
  "nagtatampo": -2,
  "nagtatawanan": 3,
  "nagtitiwala": 2,
  "naguguluhan": -2,
  "nagugutom": -2,
  "Nagustuhan": 2,
  "nagwawasak": -2,
  "nahahaling": 2,
  "naharang": -1,
  "nahatulan": -2,
  "nahawahan": -2,
  "nahihilo": -1,
  "nahihiya": -2,
  "nahirapan": -2,
  "nahuhumaling": 2,
  "naibalik": 1,
  "naiinip": -2,
  "naiinis": -2,
  "nainis": -2,
  "nais": 1,
  "nakaaabala": -2,
  "nakagagalit": -2,
  "nakahihiya": -3,
  "nakaiinis": -3,
  "nakakaabala": -2,
  "nakakabagbagdamdamin": 3,
  "nakakabigo": -2,
  "nakakabugnot": -2,
  "nakakahapo": -2,
  "nakakahawa": -1,
  "nakakahiya": -2,
  "nakakailang": -2,
  "nakakainis": -2,
  "nakakalason": -3,
  "nakakaligalig": -3,
  "nakakalinlang": -3,
  "nakakalulon": 3,
  "nakakasakit ng damdamin": -3,
  "nakakasuya": -3,
  "nakakatakot": -2,
  "nakakatawa": 4,
  "nakakatawang": 2,
  "nakakayamot": -2,
  "nakalilibang": -1,
  "nakalilito": -2,
  "nakalimutan": -1,
  "nakalulungkot": -2,
  "nakamamatay": -2,
  "nakangiting": 2,
  "nakapanghihina ng loob": -2,
  "nakapangingilabot": -2,
  "nakapapaliwanag": 2,
  "nakapapawi": 3,
  "nakapupukaw": 3,
  "nakasasama": -2,
  "nakasisigla": 3,
  "nakasisilaw": 3,
  "nakasisira": -3,
  "nakasusuklam": -2,
  "nakatatakot": -2,
  "nakatirik": -1,
  "nakatuon": 1,
  "nakatutok": 2,
  "nakatutulig": -1,
  "nakayuko": -2,
  "nakikita ang kaibhan": -2,
  "Naku": -1,
  "nakulong": -2,
  "nalilito": -2,
  "nalulugod": 3,
  "nalulula": -2,
  "nalulumbay": -2,
  "nalulungkot": -2,
  "namatay": -3,
  "namimighati": -2,
  "namumukod": 5,
  "nananalo": 4,
  "nananangis": -2,
  "nang abangaba": -3,
  "nang hindi sinasadya": -2,
  "nang mahigpit": -2,
  "nang masakit": -2,
  "nang matapat": 2,
  "nangangailangan": -2,
  "nanggagalit": -3,
  "nanggigipit": -3,
  "nanggigitata": -2,
  "nanghahamak": -2,
  "nanghihina": -2,
  "nangilabot": -2,
  "nanginginig": 5,
  "nangingitimngitim": -2,
  "nangungulila sa bayan": -2,
  "nangunguna": 2,
  "naninibugho": -2,
  "nanunuya": -2,
  "napaboran": 2,
  "napahiya": -2,
  "napakagaling": 5,
  "napakaganda": 4,
  "napakahusay": 3,
  "napakaimbi": -1,
  "napakalakas": 4,
  "napakaligaya": 3,
  "napakarumi": -3,
  "napakasama": -2,
  "napakasarap": 3,
  "napakatalino": 4,
  "napakawalang hiya": -2,
  "napalampas": -2,
  "napaliwanagan": 2,
  "Napatunayan": 1,
  "napili": 1,
  "napilitan": -2,
  "napilitang": 1,
  "napinsala": -2,
  "nasa lahat ng pook": 2,
  "nasa sistema": 2,
  "nasasaktan": -2,
  "nasawi": -2,
  "nasayang": -2,
  "Nasira": -3,
  "nasisiyahan": 2,
  "natakot": -2,
  "natamaan": -2,
  "natatakot": -2,
  "natigil": -2,
  "natitigilan": -2,
  "natupad": 2,
  "natural": 1,
  "nawala": -3,
  "nawalan": -2,
  "nawasak": -3,
  "nawawala": -2,
  "nayayamot": -2,
  "negatibiti": -2,
  "negatibo": -2,
  "neglects": -2,
  "nerbiyos": -1,
  "nervously": -2,
  "ng ilang mga uri": 0,
  "ng paniwala": -2,
  "ngiti": 2,
  "niggas": -5,
  "nilabag": -2,
  "nilibang": 3,
  "nililimas": 1,
  "nilinlang": -3,
  "ninakaw": -2,
  "ninanais": 2,
  "nobela": 2,
  "noblest": 2,
  "nonnaaprubahan": -2,
  "noob": -2,
  "nugger": -5,
  "obliterated": -2,
  "obra maestra": 4,
  "obstacles": -2,
  "obstructing": -2,
  "obstructs": -2,
  "offending": -2,
  "offline": -1,
  "oks": 2,
  "oksimuron": -1,
  "oo": 1,
  "Oo": 1,
  "oops": -2,
  "optimismo": 2,
  "optionless": -2,
  "ostracized": -2,
  "ostracizes": -2,
  "outage": -2,
  "outages": -2,
  "outbreaks": -2,
  "outmaneuvered": -2,
  "outnumbered": -2,
  "outraged": -3,
  "outreach": 2,
  "overlooked": -1,
  "overprotective": -2,
  "overran": -2,
  "overreact": -2,
  "overreacted": -2,
  "overreacting": -2,
  "overreaction": -2,
  "overreacts": -2,
  "oversell": -2,
  "overselling": -2,
  "oversells": -2,
  "oversimplification": -2,
  "oversimplified": -2,
  "oversimplifies": -2,
  "oversimplify": -2,
  "oversold": -2,
  "overstatements": -2,
  "paalisin": -2,
  "paayon": 2,
  "pababain ang sarili": -2,
  "pabayaan": -2,
  "pabor": 2,
  "paborito": 2,
  "pagaaksaya": -2,
  "pagaalaga": 2,
  "pagaalinlangan": -2,
  "pagaaruga": 2,
  "pagaaway": -2,
  "pagabot": 1,
  "pagagaw": -2,
  "pagasa": 2,
  "pagibig": 3,
  "pagigkas": -2,
  "pagigting": -1,
  "pagiingat": 2,
  "pagintindi": 2,
  "pagiyak": -2,
  "pagunlad": 2,
  "paguusig": -1,
  "paguusisa": -2,
  "pagal": -2,
  "pagalit": -2,
  "pagalitan": -2,
  "pagalitin": -2,
  "pagandahin": 3,
  "pagbabago": 1,
  "pagbabanta": -2,
  "pagbabawal": -2,
  "pagbagsak": -1,
  "pagbati": 2,
  "pagbawalan": -1,
  "pagbibigay ng donasyon": 2,
  "pagbibiro": -1,
  "pagbintangan": -1,
  "pagbubunyi": 2,
  "pagbubutas": -3,
  "pagdaan ng panahon": -1,
  "pagdarasal": 1,
  "pagdiriwang": 3,
  "pagdumi": -2,
  "pagdurog": -1,
  "paggalan sa sarili": -2,
  "paggalang": 3,
  "pagganyak": 1,
  "paggitgit": -1,
  "paghadlang": -1,
  "paghahari": 1,
  "pagharang": -1,
  "paghatol": -2,
  "paghigpitan": -2,
  "paghihimagsik": -2,
  "paghihinagpis": -2,
  "paghihirap": -2,
  "paghihiyawan": -3,
  "paghinahon": 1,
  "paghingi ng tawad": -1,
  "pagiging kaakitakit": 2,
  "pagiging malokohin": -2,
  "paginhawahin": 3,
  "pagkaisteriko": -3,
  "pagkaantala": -2,
  "pagkabalda": -2,
  "pagkabalisa": -2,
  "pagkabigla": -2,
  "pagkabigo": -2,
  "pagkabilanggo": -2,
  "pagkahibang": 2,
  "pagkahuli": -2,
  "pagkainggit": -1,
  "pagkakahuli": -1,
  "pagkakaisa": 2,
  "pagkakamali": -2,
  "pagkakanulo": -3,
  "pagkakapantaypantay": 2,
  "pagkakaroon": 2,
  "pagkakasakit": -2,
  "pagkakasala": -2,
  "pagkakataboy": -1,
  "pagkakataon": 2,
  "pagkakawanggawa": 2,
  "pagkalooban": 3,
  "pagkalugi": -3,
  "pagkamakasarili": -3,
  "pagkamalinlang": -4,
  "pagkamapitagan": 2,
  "pagkamatay": -2,
  "pagkamuhi": -3,
  "pagkansela": -1,
  "pagkapagod": -2,
  "pagkaputol": -2,
  "pagkasaya": 3,
  "pagkasintusinto": -3,
  "pagkasira ng ulo": -2,
  "pagkatalo": -1,
  "pagkatuwa": 2,
  "pagkawala": -3,
  "pagkawalangtakot": 2,
  "pagkawasak": -2,
  "pagkayamot": -2,
  "pagkidnap": -2,
  "pagkilala": 2,
  "pagkiling": -1,
  "pagkukunwari upang mabalam": -2,
  "paglabag": -2,
  "paglagom": -2,
  "paglaki": 2,
  "paglapastangan": -2,
  "paglaslas": -2,
  "paglilipat ng liham": 2,
  "pagluluksa": -2,
  "paglusob": -1,
  "paglustay": -3,
  "paglutas": 2,
  "pagmamahal": 3,
  "pagmamahalan": 2,
  "pagmamalabis ng sarili": -2,
  "pagmamanipula": -1,
  "pagmultahin": 2,
  "pagnanais": 1,
  "pagnanakaw": -2,
  "pagod": -1,
  "pagod na pagod": -2,
  "pagpalakpak": 2,
  "pagpalayas": -1,
  "pagpapabuti": 2,
  "pagpapahalaga": 2,
  "pagpapahina": -2,
  "pagpapakahirap": -2,
  "pagpapakamatay": -2,
  "pagpapakita": -1,
  "pagpapalagayangloob": 2,
  "pagpapalakas": 2,
  "pagpapalayas": -1,
  "pagpapalayo ng damdamin": -2,
  "pagpapaliban": -1,
  "pagpapanakbuhan": -2,
  "Pagpapanatili": 1,
  "pagpapanumbalik": 1,
  "pagpapaputok": -2,
  "pagpapatahimik": 2,
  "pagpapatakbo": -1,
  "pagpapatunay": 1,
  "pagpapaubaya": 2,
  "pagpatay": -3,
  "pagpatay ng tao": -2,
  "pagpatay sa kapwa": -2,
  "pagpipigil": -2,
  "pagpupunyagi": -2,
  "pagpuri": 3,
  "pagputol": -1,
  "pagsabihan": -2,
  "pagsaksak": -2,
  "pagsalakay": -1,
  "Pagsalangsang": -2,
  "pagsaliksik": 1,
  "pagsamba": 3,
  "pagsangayon": 2,
  "pagsasabwatan": -3,
  "pagsasakdal": -3,
  "Pagsasamantala": -2,
  "pagsasauli": -3,
  "pagsasaya": 4,
  "pagsawaan": -3,
  "pagsiklab": -2,
  "pagsisihan": -3,
  "pagsuso": -3,
  "pagsusuka": -3,
  "pagsusumakit": 2,
  "pagsuway sa hukuman": -2,
  "pagtanggap": 1,
  "pagtanggi": -1,
  "pagtangging sumampalataya": -2,
  "pagtatagumpay": 4,
  "pagtataguyod": 1,
  "pagtataksil": -3,
  "pagtatalo": -2,
  "pagtataluwalag": -3,
  "pagtatanong": -1,
  "pagtawanan": -2,
  "pagtitiwala": 2,
  "pagtulong": 2,
  "pagtutungayaw": -2,
  "pagwawalangbahala": -2,
  "pagyanig": -2,
  "pagyurak": -2,
  "pahid": -2,
  "pahinain": -2,
  "pahinain ang loob": -2,
  "pahintulot": 2,
  "pahirap": -4,
  "pahirapan": -2,
  "pakaladkad": -2,
  "pakikipagkaibigan": 2,
  "pakikipagsapalaran": 2,
  "pakikiramay": 2,
  "pakinabang": 2,
  "pakiramdam": 1,
  "pakiusap": 1,
  "palaaway na babae": -4,
  "palabiro": 2,
  "palait": -2,
  "palakaibigan": 3,
  "palakat": -3,
  "palakol": -1,
  "palakpakan": 2,
  "palalain": -2,
  "palatandaan": 2,
  "palatutol": -2,
  "palawigin": 1,
  "paliwanag": -1,
  "palubagin ang loob": 2,
  "pamaypay": 3,
  "pambibiktima": -3,
  "pambihira": -2,
  "pambihirang tagumpay": 3,
  "pamigay": 1,
  "pamiminsala": -2,
  "pamista": 2,
  "pampahirap": -2,
  "pamumuno": 1,
  "panahunan": -2,
  "panalo": 4,
  "panalo rito": 3,
  "pananabik": -1,
  "pananaghili": -1,
  "pananakot": -2,
  "pananampalataya": 1,
  "panayam": -1,
  "pandaraya": -3,
  "pangaalipin": -3,
  "pangaalipusta": -3,
  "pangaapi": -2,
  "pangakit": 3,
  "panguuyam": -2,
  "pangahas": 3,
  "pangako": 2,
  "pangalagaan": 1,
  "pangamba": -2,
  "pangangailangan": -1,
  "pangangamba": -2,
  "panganib": -2,
  "pangarap lamang": 3,
  "panggagahasa": -4,
  "panggagantso": -3,
  "panggulo": -2,
  "panghabi": -1,
  "panghahamak": -2,
  "panghihina": -2,
  "panghihinayang": -2,
  "pangit": -2,
  "pango": -2,
  "pangunahing uri": 3,
  "pangungusap": -2,
  "pangungutya": -2,
  "pangunguwalta sa pamamagitan ng pananakot": -3,
  "panicked": -3,
  "panics": -3,
  "paningin": 1,
  "paninisi": -3,
  "panlalansi": -2,
  "panliligalig": -3,
  "panlilinlang": -3,
  "panlinis": 2,
  "panloloko": -4,
  "pansamantalang uso": -2,
  "pansulok": -2,
  "pantaksil": -3,
  "pantal": -2,
  "panunumpa nang walang katotohanan": -3,
  "papagbawahin": 1,
  "papanghinain": -2,
  "papangitin": -2,
  "papuri": 3,
  "paraang hindi mapaglalabanang maakit": 2,
  "paraiso": 3,
  "parang bata": -2,
  "parang larawan": 2,
  "paratang": -2,
  "parating berde": 2,
  "pardoned": 2,
  "pardoning": 2,
  "pardons": 2,
  "parusa": -2,
  "parusahan": -2,
  "pasalamatan": 2,
  "pasan": -2,
  "pasiglahin": 1,
  "pasinungaling": -2,
  "pasista": -2,
  "passively": -1,
  "pataksil na pagpatay": -3,
  "patawad": 2,
  "patawarin": 1,
  "patay": -3,
  "patibayin": 2,
  "patigasin": 2,
  "patiwasay": 2,
  "patunayan": 1,
  "pawalangsala": 2,
  "payagan": 1,
  "pekeng": -3,
  "peklat": -2,
  "peligroso": -2,
  "penalized": -2,
  "penalizes": -2,
  "penalizing": -2,
  "perfected": 2,
  "perfects": 2,
  "perpekto": 3,
  "perpetrated": -2,
  "perpetrators": -2,
  "pesimismo": -2,
  "pesimista": -2,
  "pesky": -2,
  "petrified": -2,
  "phobic": -2,
  "pigilan": -1,
  "pilay": -2,
  "pileup": -1,
  "pinabagsakan": -3,
  "pinabayaan": -2,
  "pinabuting": 2,
  "pinagisa": 1,
  "pinaguusig": -2,
  "pinagbabawalan": -2,
  "pinagbawalan": -2,
  "pinaghihinalaan": -1,
  "pinagkakatiwalaan": 2,
  "pinagliitan": -2,
  "pinagmumultuhan": -2,
  "Pinagpapala": 2,
  "pinagrabe": -2,
  "pinagsamantalahan": -2,
  "pinagsisisihan": -1,
  "pinagtatalunan": -2,
  "pinagtatalunang": -2,
  "pinagtigalawa": -1,
  "pinahina": -2,
  "pinakadakilang": 3,
  "pinakamababa": -1,
  "pinakamahusay": 3,
  "pinakamahusay damn": 4,
  "pinakamasama": -3,
  "pinakatampok": 3,
  "pinakikinabangan": 3,
  "pinalakas": 2,
  "pinalamig": 2,
  "pinalo": -2,
  "pinalubha": -2,
  "pinansin": -2,
  "Pinapalawak": 1,
  "pinarangalan": 2,
  "pinarusahan": -2,
  "pinatalsik": -2,
  "pinatay": -3,
  "pinatuyo": -2,
  "pinayuhan": -2,
  "pinigil": -2,
  "pinilit": -1,
  "pinipigilan": -1,
  "pino": 1,
  "pinong kumilos": 2,
  "pinoprotektahan": 1,
  "pinsala": -2,
  "pintas": -2,
  "pinukaw": 2,
  "Pinupuna": -2,
  "pinuri": 3,
  "pipi": -3,
  "piqued": -2,
  "pissing": -3,
  "pitied": -1,
  "plagued": -3,
  "plaguing": -3,
  "poised": -2,
  "poisoned": -2,
  "pollutant": -2,
  "polluted": -2,
  "polluter": -2,
  "polluters": -2,
  "pollutes": -2,
  "poorer": -2,
  "poorest": -2,
  "popular": 3,
  "positibo": 2,
  "posttraumatic": -2,
  "postpones": -1,
  "prays": 1,
  "prblm": -2,
  "prblms": -2,
  "pressured": -2,
  "presyon": -1,
  "privileged": 2,
  "proactive": 2,
  "problema": -2,
  "promote": 1,
  "propaganda": -2,
  "proporsyonado ng wasto": 2,
  "prosecuted": -2,
  "prosecutes": -1,
  "prospects": 1,
  "protektado": 1,
  "protesters": -2,
  "protesting": -2,
  "protests": -2,
  "provoked": -1,
  "provokes": -1,
  "pseudoscience": -3,
  "psychopathic": -2,
  "puki": -5,
  "pulikat": -1,
  "pumalakpak": 2,
  "pumatay": -3,
  "punahin": -2,
  "punishes": -2,
  "punishing": -2,
  "punong barko": 2,
  "purest": 1,
  "puri": 2,
  "purihin": 2,
  "pushy": -1,
  "questioned": -1,
  "racists": -3,
  "rageful": -2,
  "ranter": -3,
  "ranters": -3,
  "rants": -3,
  "raped": -4,
  "rapist": -4,
  "raptured": 2,
  "raptures": 2,
  "rasista": -3,
  "ratified": 2,
  "reassured": 1,
  "reassures": 1,
  "reassuring": 2,
  "rebelde": -2,
  "rebels": -2,
  "refines": 1,
  "refreshingly": 2,
  "regalo": 2,
  "regrets": -2,
  "regretted": -2,
  "regretting": -2,
  "rejects": -1,
  "rejoices": 4,
  "reklamo": -2,
  "Relieves": 1,
  "relieving": 2,
  "relishing": 2,
  "repercussions": -2,
  "reprimanded": -2,
  "reprimanding": -2,
  "reprimands": -2,
  "repulsed": -2,
  "rescued": 2,
  "rescues": 2,
  "resigning": -1,
  "resigns": -1,
  "resolves": 2,
  "respetado": 2,
  "respeto": 2,
  "responsibilidad": 1,
  "restores": 1,
  "restricting": -2,
  "retarded": -2,
  "revered": 2,
  "revives": 2,
  "rewarding": 2,
  "rigged": -1,
  "rightfully": 2,
  "rigorously": 3,
  "riots": -2,
  "rises": 1,
  "riveting": 3,
  "robed": -2,
  "robing": -2,
  "robs": -2,
  "rofl": 4,
  "roflcopter": 4,
  "roflmao": 4,
  "romantical": 2,
  "romantically": 2,
  "rosas": 1,
  "ROTFL": 4,
  "rotflmfao": 4,
  "ROTFLOL": 4,
  "ruining": -2,
  "sa kabutihangpalad": 3,
  "sa kalahatan": 1,
  "sa langit": 4,
  "sa sandalinginalifetime": 3,
  "sabik": 2,
  "sabik na sabik": 2,
  "saddened": -2,
  "sadly": -2,
  "sahol": -2,
  "sakay": 1,
  "sakit": -1,
  "sakit ng loob": -2,
  "sakit ng ulo": -2,
  "saktan ang damdamin": -2,
  "sakuna": -2,
  "salamangkahin": -2,
  "salamat": 2,
  "salbahe": -2,
  "salot": -3,
  "Saludo": 2,
  "salungat": -2,
  "saluted": 2,
  "salutes": 2,
  "saluting": 2,
  "sama ng loob": -2,
  "sambahin": 3,
  "sana": 2,
  "sangayon": 2,
  "sangkalan": -2,
  "santo": -2,
  "sapat": 1,
  "sapilitan": -1,
  "sarilinin": -2,
  "sariwa": 1,
  "savange": -2,
  "savanges": -2,
  "saya": 4,
  "scam": -2,
  "scandals": -3,
  "scapegoats": -2,
  "scars": -2,
  "scoop": 3,
  "screamed": -2,
  "screams": -2,
  "screwed": -2,
  "screwed up": -3,
  "scumbag": -4,
  "seamlessly": 2,
  "secured": 2,
  "Secures": 2,
  "sedisyon": -2,
  "seduced": -1,
  "selfcontradictory": -2,
  "selfdeluded": -2,
  "selos": -2,
  "sensor": -2,
  "sentenced": -2,
  "sentencing": -2,
  "sentensiya": -2,
  "settlements": 1,
  "sexist": -2,
  "sexistic": -2,
  "sexy": 3,
  "shamed": -2,
  "shared": 1,
  "shares": 1,
  "shattered": -2,
  "shitty": -3,
  "shocked": -2,
  "shocks": -2,
  "shoody": -2,
  "shortsighted": -2,
  "shortsightedness": -2,
  "shortages": -2,
  "sideeffects": -2,
  "sideepekto": -2,
  "sigalot": -2,
  "sigaw": -1,
  "sigla": 3,
  "siguruhin": 2,
  "sikangan": -2,
  "sikat ng araw": 2,
  "siklab ng galit": -3,
  "silakbo ng damdamin": 1,
  "silencing": -1,
  "simpatya": 2,
  "sincerest": 2,
  "sindak": -2,
  "singil": -2,
  "singleminded": -2,
  "sinira": -1,
  "sinisi": -2,
  "sinisingil": -3,
  "sinumpa": -4,
  "sinungaling": -3,
  "sira": -3,
  "sira ang bait": -2,
  "sirain": -3,
  "sisihin": -2,
  "skeptics": -2,
  "slashes": -2,
  "slickest": 2,
  "slumping": -1,
  "smartest": 2,
  "Smiled": 2,
  "smiles": 2,
  "smuggles": -2,
  "sneezes": -2,
  "snubbed": -2,
  "snubbing": -2,
  "snubs": -2,
  "sobrang timbang": -1,
  "solemne": -1,
  "solidified": 2,
  "solidifies": 2,
  "solidifying": 2,
  "solusyon": 1,
  "solves": 1,
  "soothed": 3,
  "spam": -2,
  "spammer": -3,
  "spammers": -3,
  "spamming": -2,
  "sparkles": 3,
  "squandered": -2,
  "squanders": -2,
  "squelched": -1,
  "stabbed": -2,
  "stabs": -2,
  "stalled": -2,
  "stalling": -2,
  "startled": -2,
  "starves": -2,
  "steals": -2,
  "stifled": -1,
  "stimulated": 1,
  "stimulates": 1,
  "stimulating": 2,
  "stinked": -2,
  "stinker": -2,
  "stinks": -2,
  "stinky": -2,
  "strangely": -1,
  "strengthens": 2,
  "stressed": -2,
  "stressor": -2,
  "stressors": -2,
  "strikers": -2,
  "strikes": -1,
  "strongest": 2,
  "struck": -1,
  "struggles": -2,
  "struggling": -2,
  "stupidly": -2,
  "subpena": -2,
  "succeeding": 3,
  "succeeds": 3,
  "sucks": -3,
  "sued": -2,
  "sueing": -2,
  "Sues": -2,
  "sufferer": -2,
  "sufferers": -2,
  "suffers": -2,
  "sugat": -1,
  "suhol": -3,
  "suicides": -2,
  "suing": -2,
  "suka": -3,
  "sulking": -2,
  "sumalampak": -2,
  "sumalangsang": -2,
  "sumali": 1,
  "sumamba": 3,
  "sumangayon": 1,
  "sumara nang malakas": -2,
  "sumasamo": 2,
  "Sumasangayon ang": 1,
  "sumbatan": -3,
  "sumigaw": -2,
  "sumpa": -1,
  "sumpain": -2,
  "sumpain mabuti": 4,
  "sumpungin": -1,
  "sumusuporta": 1,
  "super": 3,
  "suporta": 2,
  "suportado": 2,
  "supporters": 1,
  "supportive": 2,
  "survived": 2,
  "surviving": 2,
  "survivor": 2,
  "suspecting": -1,
  "suspects": -1,
  "suspendido": -1,
  "suspindihin": -1,
  "sustainable": 2,
  "sustainably": 2,
  "sutil": -2,
  "swears": -2,
  "sweeter": 3,
  "sweetest": 3,
  "swerte": 3,
  "swindles": -3,
  "tae": -3,
  "tagalan": -2,
  "tagapagampon": 2,
  "tagapaghiganti": -2,
  "tagapagtanggol": 2,
  "tagapanguna": 2,
  "tagataguyod": 1,
  "tagay": 2,
  "taggutom": -2,
  "tago": -1,
  "tagumpay": 3,
  "taimtim": 2,
  "takas": -1,
  "takot": -2,
  "takpan": -3,
  "takutin": -2,
  "talunan": -3,
  "tamad": -1,
  "tamang daan": 3,
  "tambakan ng basura": -1,
  "tanga": -4,
  "tangang tao": -3,
  "tanggapin": 1,
  "tanggapin ang alok": 1,
  "tanggihan": -1,
  "taong dumudulot ng kanyang mga kalakal": -2,
  "taong labis na masipag": -2,
  "taong naligaw ng landas": -3,
  "taong walang kakayahan": -2,
  "taospuso": 3,
  "tapang": 2,
  "tapat": 3,
  "tapat na kalooban": 3,
  "tapos na": 2,
  "tarantado": -2,
  "Tard": -2,
  "tarnished": -2,
  "tarnishes": -2,
  "terorista": -2,
  "terrifically": 4,
  "terrified": -3,
  "terrorists": -2,
  "terrorized": -3,
  "terrorizes": -3,
  "threatened": -2,
  "thwarted": -2,
  "thwarting": -2,
  "thwarts": -2,
  "tibay": 2,
  "tigil": -1,
  "tilamsik": 1,
  "timbang": 1,
  "tinanggap": 1,
  "tinanggihan": -1,
  "tinapa": -1,
  "tinatanggap": 2,
  "tinatanggihan": -2,
  "tinatangkilik": 2,
  "Tinatangkilik": 2,
  "Tinatapon": -1,
  "tinitiyak": 1,
  "tinubos": 2,
  "titi": -4,
  "tits": -2,
  "tiwala": 1,
  "tiyak": 1,
  "tiyak na mapapahamak": -2,
  "tops": 2,
  "tortured": -4,
  "tortures": -4,
  "torturing": -4,
  "totalitarianism": -2,
  "totalitaryo": -2,
  "totoo": 2,
  "touted": -2,
  "touting": -2,
  "touts": -2,
  "tragedies": -2,
  "trahedya": -2,
  "trangkaso": -2,
  "transgresses": -2,
  "traps": -1,
  "trauma": -3,
  "traumatiko": -3,
  "treasures": 2,
  "tremors": -2,
  "tricked": -2,
  "troubles": -2,
  "troubling": -2,
  "trusts": 1,
  "tubo": 2,
  "tuktok": 2,
  "tulala": -3,
  "tuligsain": -2,
  "tuliro": -2,
  "tulong": 2,
  "tulungan": 2,
  "tumaas": 1,
  "tumagas": -1,
  "tumanggi": -2,
  "tumangging": -2,
  "tumangis": -2,
  "tumatanggap": 1,
  "tumatawa": 1,
  "tumawa": 1,
  "tumbalik": -1,
  "tumigil": -1,
  "tumili": -2,
  "tumor": -2,
  "tumutubo": 1,
  "tumutugon": 2,
  "tumutulong": 2,
  "tuos": 1,
  "tuparin": 2,
  "turok": -5,
  "tuso": 2,
  "tuwa": 3,
  "tuwangtuwa": 4,
  "tuwid": 1,
  "twat": -5,
  "Tyran": -3,
  "tyrannic": -3,
  "tyrannically": -3,
  "tyrans": -3,
  "ubod ng galak": 3,
  "ulang may yelo": 2,
  "ulapusok": -2,
  "umaabot": 1,
  "umaakit": 1,
  "umaaliw": 2,
  "umaasa": 2,
  "umabot": 1,
  "umalis": -2,
  "umamin": -1,
  "umihi": -4,
  "umiiyak": -2,
  "umyak": -2,
  "unconvinced": -1,
  "uncredited": -1,
  "undercooked": -2,
  "underestimated": -1,
  "underestimates": -1,
  "underestimating": -1,
  "undermined": -2,
  "Undermines": -2,
  "undermining": -2,
  "underperformed": -2,
  "unethical": -2,
  "unfitted": -2,
  "unfocused": -2,
  "unforgiving": -2,
  "unfulfilled": -2,
  "unfunny": -2,
  "unimpressed": -2,
  "uninvolving": -2,
  "unmotivated": -2,
  "unparliamentary": -2,
  "unpleasantness": -2,
  "unreleting": -2,
  "unresearched": -2,
  "unsecured": -2,
  "unsold": -1,
  "unstoppable": 2,
  "unsuccessfully": -2,
  "untarnished": 2,
  "uplifting": 2,
  "upsets": -2,
  "upsetting": -2,
  "uptight": -2,
  "uri": 2,
  "urong": -1,
  "urongsulong": -2,
  "usapin": 1,
  "uselessness": -2,
  "usigin": -1,
  "utang": -2,
  "uto": -1,
  "utouto": -4,
  "uyam": -2,
  "validated": 1,
  "verdicts": -1,
  "vested": 1,
  "victimized": -3,
  "victories": 3,
  "vindicated": 2,
  "vindicates": 2,
  "vindicating": 2,
  "visioning": 1,
  "visions": 1,
  "vitriolic": -3,
  "vividly": 2,
  "vomited": -3,
  "vomits": -3,
  "wala sa katwiran": -2,
  "wala sa lugar": -2,
  "walang ano mang nangyari": -2,
  "walang arte": -2,
  "walang awa": -1,
  "walang bahid": 2,
  "walang bahiddungis": 2,
  "walang bisa": -2,
  "walang buhay": -1,
  "walang diwa": -2,
  "walang dugtong": 2,
  "walang gusto": -2,
  "walang imik": -2,
  "walang ingat": -2,
  "walang kabihasnan": -2,
  "walang kahulugan": -2,
  "walang kamalayan": -2,
  "walang kamalimali": 2,
  "walang kamatayan": 2,
  "walang kapangyarihan": -2,
  "walang kaparis": 1,
  "walang katiyakan": -2,
  "walang katuturan": -2,
  "walang kawawaan": -2,
  "walang kuwenta": -2,
  "walang laman": -1,
  "walang magawa": -2,
  "walang malasakit": -2,
  "walang matibay na pasya": -2,
  "walang muwang": -2,
  "walang nararamdaman": -2,
  "walang ngipin": -2,
  "walang pagasa": -2,
  "walang pagbabago": -1,
  "walang pagpapahalaga": -2,
  "walang pagtatanggol": -2,
  "walang pakundangan": -2,
  "walang panlalarawan": -2,
  "walang patawad": -3,
  "walang patunay": -1,
  "walang pinapanigan": 2,
  "walang puso": -2,
  "walang saya": -2,
  "walang saysay": -2,
  "walang silbi": -2,
  "walang suwerte": -2,
  "walang tahanan": -2,
  "walang takot": 2,
  "walang talo": 2,
  "walang tinag": 2,
  "walang tiwala": -3,
  "walang trabaho": -1,
  "walang tutol": -1,
  "walang utang na loob": -3,
  "walkouts": -2,
  "wanker": -3,
  "warmness": 2,
  "warns": -2,
  "wasak": -2,
  "wasak ang puso": -3,
  "wasto": 2,
  "weakened": -2,
  "wealthier": 2,
  "welga": -1,
  "wellchampioned": 3,
  "wellnakatutok": 2,
  "winwin": 3,
  "wits": 2,
  "won": 3,
  "woohoo": 3,
  "wooo": 4,
  "woow": 4,
  "worrying": -3,
  "worsened": -3,
  "worsening": -3,
  "worsens": -3,
  "WOWOW": 4,
  "wowww": 4,
  "wrenching": -2,
  "wrongdoings": -2,
  "wronged": -2,
  "wrongfully": -2,
  "wtf": -4,
  "wtff": -4,
  "wtfff": -4,
  "xo": 3,
  "xoxo": 3,
  "xoxoxo": 4,
  "xoxoxoxo": 4,
  "yakap": 2,
  "yakapin": 1,
  "yeees": 2,
  "zealots": -2
}