{
  "akcije": 1,
  "anti": -1,
  "best Дамн": 4,
  "borio": -1,
  "demonstranti": -2,
  "dilligence": 2,
  "drago": 3,
  "fucking Амазинг": 4,
  "fucking Перфецт": 4,
  "funky": 2,
  "grand": 3,
  "granice": -1,
  "greške": -2,
  "hapšenja": -2,
  "impresioniran": 3,
  "izdao": -3,
  "izvinjavam се": -1,
  "kills": -3,
  "lMAO": 4,
  "najjači": 2,
  "navodi": -2,
  "očaran": 2,
  "oduševljeni": 3,
  "optužbe": -2,
  "osumnjičeni": -1,
  "pobednici": 3,
  "pobunjenici": -2,
  "počinioci": -2,
  "prednosti": 2,
  "preporučuje": 2,
  "prevarili": -2,
  "pristalice": 1,
  "problemi": -2,
  "rešavanje": 1,
  "smeta": -2,
  "štrajkači": -2,
  "ubijanje": -3,
  "upozorio": -2,
  "upropastio": -2,
  "varao": -3,
  "verovao": 2,
  "zabrinjava": -3,
  "zabrljao": -2,
  "zadavio": -2,
  "zajebao": -2,
  "zatvorenici": -2,
  "а односи": 2,
  "абандонс": -2,
  "абортс": -1,
  "Аваитс": -1,
  "авај": -1,
  "авантура": 2,
  "авантуре": 2,
  "авантуристички": 2,
  "Авенгед": -2,
  "Авенгерс": -2,
  "агонизес": -3,
  "агонији": -3,
  "агонисес": -3,
  "агресиван": -1,
  "агресивност": -2,
  "агресија": -2,
  "агресије": -2,
  "адекватан": 1,
  "адмиралски брод": 2,
  "адоринг": 3,
  "акед": -1,
  "актива": 2,
  "активан": 1,
  "алармистс": -2,
  "алармни": -2,
  "алелуја": 3,
  "алергичан": -2,
  "амбивалентан": -1,
  "амбициозан": 2,
  "ангажовати": 1,
  "ангажује": 1,
  "Анже": -3,
  "анксиозност": -2,
  "апатија": -3,
  "апатичан": -3,
  "апесхит": -3,
  "аплаудирали": 2,
  "аплаудирати": 2,
  "аплауз": 2,
  "апокалиптичан": -2,
  "апресира": 2,
  "арогантан": -2,
  "Ассфуцкинг": -4,
  "асхаме": -2,
  "атентат": -3,
  "атентати": -3,
  "атрактиван": 2,
  "атрактивно": 2,
  "атрактивност": 2,
  "атракција": 2,
  "аура": 1,
  "аутор": -2,
  "афирмисане": 2,
  "аффецтионатенесс": 3,
  "аффронтед": -1,
  "бадасс": -3,
  "бакшиш": -3,
  "Бамбоозлед": -2,
  "бамбоозлес": -2,
  "Банкстер": -3,
  "баннед": -2,
  "баријера": -2,
  "баснословно": 4,
  "бачено": -2,
  "беда": -2,
  "бедан": -3,
  "бежи": -1,
  "беживотан": -1,
  "без значења": -2,
  "без зуба": -2,
  "без мане": 2,
  "без напора": 2,
  "без одбране": -2,
  "без подршке": -2,
  "без премца": 1,
  "без радости": -2,
  "безбедан": 2,
  "безбедно": 1,
  "безбедност": 1,
  "безбрижан": 2,
  "безвредан": -2,
  "безвредан човек": -2,
  "бездушан": -2,
  "безнадежан": -2,
  "безнадежност": -2,
  "безначајан": -2,
  "безуспешно": -2,
  "бекства": -1,
  "бекство": -1,
  "бело прање": -3,
  "бенефиттед": 2,
  "береавес": -2,
  "береавинг": -2,
  "бес": -2,
  "бесан": -3,
  "бескорисност": -2,
  "бескористан": -2,
  "бескућник": -2,
  "бесмислен": -2,
  "бесмислица": -2,
  "бесмртан": 2,
  "бесплатно": 1,
  "бесплодан": -2,
  "беспомоћан": -2,
  "беспрекорно": 2,
  "Бетраис": -3,
  "бешавни": 2,
  "бизаран": -2,
  "биле на ниском нивоу": -2,
  "битка": -1,
  "битке": -1,
  "битно": 1,
  "Битцхес": -5,
  "БиХ спорт": 4,
  "бла": -2,
  "благо": 2,
  "благонаклон": 3,
  "благослов": 3,
  "благословити": 2,
  "благостање": 2,
  "блажен": 3,
  "блаженство": 3,
  "блатњав": -2,
  "Блессес": 2,
  "блистав": 3,
  "блокада": -2,
  "блокиран": -1,
  "блокирање": -1,
  "блокирати": -1,
  "блокови": -1,
  "Блоцкбустер": 3,
  "бљак": -2,
  "бљутав": -2,
  "Бог": 1,
  "богат": 2,
  "богатији": 2,
  "богато": 2,
  "богатство": 3,
  "бодрење": 2,
  "божји дар": 4,
  "бојећи": -2,
  "бојкот": -2,
  "бојкоти": -2,
  "бојкотовали": -2,
  "бојкотују": -2,
  "бол": -2,
  "болан": -1,
  "болест": -1,
  "болестан": -2,
  "болести": -1,
  "боли": -2,
  "боље": 2,
  "бомба": -1,
  "боостед": 1,
  "борба": -1,
  "борбе": -2,
  "бори": -2,
  "борила": -2,
  "Бравура": 3,
  "бранилац": 2,
  "бранитељи": 2,
  "брз": 2,
  "брзо": 2,
  "брига": 2,
  "бриге": -3,
  "брижан": 2,
  "бриллианцес": 3,
  "бриљантан": 4,
  "брис": -2,
  "бројнији": -2,
  "бруталан": -3,
  "брутално": -3,
  "бруто": -2,
  "будала": -2,
  "будаласт": -2,
  "будале": -2,
  "бујан": 4,
  "бунтован": -2,
  "бучан": -1,
  "бушотина": -2,
  "важно": 2,
  "вара": -3,
  "варалице": -3,
  "варање": -3,
  "варати": -3,
  "варварин": -2,
  "варварски": -2,
  "варљив": -3,
  "варљивост": -4,
  "ватра": -2,
  "ватрен": 2,
  "вау": 4,
  "велики": 3,
  "великодушан": 2,
  "великодушно": 2,
  "величанствен": 3,
  "вентилатор": 3,
  "веома љут": -2,
  "вера": 1,
  "веран": 3,
  "верује": 1,
  "весело": 2,
  "веселост": 3,
  "весео": 3,
  "већи": 3,
  "вешт": 2,
  "визија": 1,
  "визије": 1,
  "визионар": 3,
  "виктимизују": -3,
  "ВинВин": 3,
  "виндицатед": 2,
  "виталност": 3,
  "витамин": 1,
  "вицеви": 2,
  "владајући": 1,
  "власт": 1,
  "воввв": 4,
  "вовов": 4,
  "водећи": 2,
  "волео": -2,
  "воли": 3,
  "вољен": 3,
  "Воо": 3,
  "воов": 4,
  "вооо": 4,
  "вреба": -1,
  "вребати": -1,
  "вредност": 2,
  "вређа": -2,
  "врисну": -2,
  "вриштање": -2,
  "вришти": -2,
  "врли": 2,
  "врста": 2,
  "вртоглав": -2,
  "врх": 2,
  "Врховни": 4,
  "врхунац": 2,
  "ВТФ": -4,
  "втфф": -4,
  "втффф": -4,
  "вукли": -1,
  "вући": -1,
  "гаггед": -2,
  "гадан": -3,
  "гадити се": -3,
  "гађење": -3,
  "гајење": 1,
  "галантан": 3,
  "галантно": 3,
  "гаранција": 1,
  "гег": -2,
  "главобоља": -2,
  "глад": -2,
  "гладан": -2,
  "гладује": -2,
  "гламурозан": 3,
  "гламурозно": 3,
  "Глее": 3,
  "глуп": -1,
  "глупо": -2,
  "глупост": -3,
  "гневан": -3,
  "гнусан": -3,
  "гнуша": -3,
  "говернанце": 2,
  "говнар": -4,
  "говно": -4,
  "Говњивко": -3,
  "гони": -1,
  "гонити": -1,
  "гоњен": -2,
  "гоњење": -1,
  "гоофинесс": -2,
  "горак": -2,
  "горе": -3,
  "горко": -2,
  "Госпођица": -2,
  "гр8": 3,
  "грди": -3,
  "грдити": -2,
  "греенвасх": -3,
  "греенвасхер": -3,
  "греенвасхерс": -3,
  "греенвасхинг": -3,
  "Греетс": 1,
  "греси": -2,
  "грех": -2,
  "грешан": -3,
  "грешка": -2,
  "грешке": -2,
  "грип": -2,
  "грипозан": 2,
  "грли": 2,
  "грло": -2,
  "гроб": -2,
  "грозан": -2,
  "грозница": -2,
  "груб": -2,
  "грубо": -2,
  "грч": -1,
  "губи": -3,
  "губитак": -3,
  "губитник": -3,
  "губици": -3,
  "губљење": -1,
  "гужва": -1,
  "гушење": -2,
  "Гушење": -2,
  "Д": -2,
  "да": 1,
  "давање": 1,
  "данак": 2,
  "деаденинг": -2,
  "Девастатионс": -2,
  "деградира": -2,
  "деградирати": -2,
  "дезинформација": -2,
  "дезинформирао": -2,
  "дезоријентисани": -2,
  "дејецтинг": -2,
  "дејецтс": -2,
  "делигхтинг": 3,
  "деманти": -2,
  "демонстрација": -1,
  "деморализед": -2,
  "деморализес": -2,
  "деморалисати": -2,
  "деморалишуће": -2,
  "ден": -2,
  "дениед": -2,
  "Дениерс": -2,
  "Депонија": -1,
  "депоније": -1,
  "депортација": -2,
  "депортације": -2,
  "депортацију": -2,
  "депортовани": -2,
  "депортовати": -2,
  "депортује": -2,
  "депресиван": -2,
  "депресивно": -2,
  "дераилед": -2,
  "деридинг": -2,
  "Деспаирс": -3,
  "деструктивна": -3,
  "детињаст": -2,
  "дефекти": -3,
  "деформација": -2,
  "деформисан": -2,
  "деформитети": -2,
  "дефраудс": -3,
  "дехуманизовани": -2,
  "дехуманизовати": -2,
  "дехуманизује": -2,
  "диван": 5,
  "диви": 3,
  "дивити се": 3,
  "дивља навала": -2,
  "дивљења": 3,
  "дивно": 3,
  "дијамант": 1,
  "дилема": -1,
  "дирљив": 2,
  "Дисгуисес": -1,
  "дисквалификован": -2,
  "дискредитовао": -2,
  "дискриминациони": -2,
  "дискриминисана": -2,
  "дискриминише": -2,
  "Дисрегардинг": -2,
  "Дисруптинг": -2,
  "дистрессес": -2,
  "дисфункција": -2,
  "дисцонсолатион": -2,
  "дисцоунтед": -1,
  "дитхеринг": -2,
  "дјела": -2,
  "добит": 2,
  "добици": 2,
  "добра воља": 3,
  "добрих пропорција": 2,
  "Добро": 3,
  "добро борили": 3,
  "добро јутро": 1,
  "добро развијена": 2,
  "добро фокусиран": 2,
  "Добродошли": 2,
  "Добродусна": 2,
  "доброта": 3,
  "добротвор": 2,
  "добротвори": 2,
  "довикнути": 2,
  "довнхеартед": -2,
  "договор": 1,
  "договорен": 1,
  "договорити се": 1,
  "додги": -2,
  "дојадити": -3,
  "донација": 2,
  "донирањем": 2,
  "донирао": 2,
  "донт лике": -2,
  "допадљив": 2,
  "допустити": 1,
  "досада": -2,
  "досадан": -2,
  "досадно": -2,
  "досезати": 2,
  "дослуху": -3,
  "достигао": 1,
  "достигне": 1,
  "достигнућа": 2,
  "достижан": 1,
  "достићи": 1,
  "достојан": 2,
  "достојанство": 2,
  "доступан": 2,
  "дотеран": 2,
  "драг": 2,
  "драги": 3,
  "драгоцен": 2,
  "драгс": -1,
  "драгуљ": 3,
  "драгуљи": 1,
  "дрека": -3,
  "дрекавац": -3,
  "дрзак": 3,
  "дри": 3,
  "дркадзије": -5,
  "дркаџија": -3,
  "дробљење": -1,
  "дроопи": -2,
  "дружељубив": 2,
  "дрхтав": -2,
  "дрхтање": -2,
  "дубиозан": -2,
  "дуг": -2,
  "дупе": -4,
  "дурим": -2,
  "дух": 1,
  "душманин": -3,
  "евакуација": -1,
  "евакуисани": -1,
  "евакуисати": -1,
  "евакуише": -1,
  "евергреенинг": -3,
  "Евергреенс": 2,
  "екаспарате": -2,
  "екасператес": -2,
  "еколошки": 2,
  "еконератес": 2,
  "Екплоитс": -2,
  "ексклузиван": 2,
  "експлоатацију": -2,
  "експлоатисан": -2,
  "експлоатисати": -2,
  "екстремиста": -2,
  "екстремисти": -2,
  "екултантли": 3,
  "екхиларатес": 3,
  "елегантан": 3,
  "елегантно": 2,
  "енергија": 3,
  "енергичан": 2,
  "енрагес": -2,
  "енрагинг": -2,
  "епидемија": -2,
  "ЕррорУндефинед": 2,
  "етички": 2,
  "еуфорија": 3,
  "еуфорији": 4,
  "ефектно": 2,
  "ефикасан": 2,
  "ефикасност": 2,
  "жалба": -2,
  "жалбе": -2,
  "жале": -2,
  "жалећи": -2,
  "жали": -2,
  "жалила": -2,
  "жалио": -2,
  "жалити": -1,
  "жалост": -2,
  "жалостан": -2,
  "жалости": -2,
  "жаљење": -2,
  "жарки": 2,
  "желети": 1,
  "желећи": 1,
  "жеља": 1,
  "жељан": 2,
  "жеље": 1,
  "жељени": 2,
  "жестоко": -3,
  "жив": 1,
  "живахан": 3,
  "Живели": 2,
  "живо": 2,
  "живописан": 2,
  "жртава": -3,
  "жртва": -2,
  "жртве": -3,
  "жртвени јарац": -2,
  "жртвени јарци": -2,
  "жртвовање": -3,
  "жртвујући": -3,
  "за жаљење": -2,
  "за прекршај": -2,
  "забава": 4,
  "забаван": 2,
  "забаве": 3,
  "забавити": 3,
  "забављен": 3,
  "забораван": -2,
  "Заборавио": -1,
  "заборавити": -1,
  "заборављен": -1,
  "забрана": -2,
  "забранити": -1,
  "забрањен": -2,
  "забрањује": -1,
  "забринут": -2,
  "забрињава": -2,
  "забрљати": -2,
  "заведен": -1,
  "завера": -3,
  "завести": -3,
  "завидан": -2,
  "завиди": -1,
  "завијати": -3,
  "завист": -1,
  "заводи": -1,
  "загадити": -2,
  "загађен": -2,
  "загађена": -2,
  "загађење": -2,
  "загађивач": -2,
  "загађивача": -2,
  "загађивачи": -2,
  "загађује": -2,
  "заглушујући": -1,
  "загрљај": 2,
  "загубљен": -2,
  "задивити": 2,
  "задивљен": 2,
  "задивљује": 2,
  "задовољан": 3,
  "задовољење": 2,
  "задовољства": 3,
  "задовољство": 3,
  "задржавање": -2,
  "задржала": -1,
  "задржан": -2,
  "задржати": -2,
  "задубљен": 1,
  "заинтересован": 2,
  "заједљив": -3,
  "закаснити": -2,
  "закивање": 3,
  "законит": 2,
  "зала": -3,
  "залагао": 2,
  "залуђен": 2,
  "заљубљеност": 2,
  "замагљен": -1,
  "замишљен": -1,
  "замишљено": -2,
  "замка": -1,
  "замке": -1,
  "заморно": -2,
  "занемарен": -2,
  "занемарити": -2,
  "занемарује": -2,
  "занети": 3,
  "занешеност": 2,
  "занимљив": 2,
  "занос": 3,
  "заносан": 3,
  "зао": -2,
  "заобилажени": -2,
  "заостајање": -2,
  "запаљен": -2,
  "запањен": 2,
  "запањени": 3,
  "запањити": 3,
  "запањује": 3,
  "запањујуће": 3,
  "запањујући": 3,
  "запетљан": 2,
  "запостављање": -2,
  "заражен": -2,
  "зараза": -2,
  "заразан": -1,
  "заразе": -2,
  "заразити": -2,
  "заробљава": -2,
  "заробљен": -2,
  "заслепљујући": 3,
  "застарео": -2,
  "застој": -2,
  "застрашени": -2,
  "застрашивање": -2,
  "застрашити": -2,
  "застрашујући": -2,
  "затамни": -2,
  "затвор": -2,
  "затвора": -2,
  "затворен": -2,
  "затвореник": -2,
  "затражио": -1,
  "затрован": -2,
  "зауставити": -1,
  "заустављање": -1,
  "заустављен": -1,
  "захвалан": 3,
  "захвалити": 2,
  "захвалност": 2,
  "захтевајући": -1,
  "Захтеви": -1,
  "заштитити": 1,
  "заштићен": 1,
  "збрисана": -2,
  "збунити": -2,
  "збуњен": -2,
  "збуњеност": -2,
  "збуњујуће": -2,
  "згодан": 3,
  "згрожен": -3,
  "здрав": 2,
  "зеалотс": -2,
  "зелена прање": -3,
  "зимзелен": 2,
  "злато": 2,
  "зло": -3,
  "злобан": -2,
  "злокобан": -2,
  "злосрећан": -2,
  "злостављање": -2,
  "злоупотреба": -2,
  "злоупотребе": -2,
  "злоупотребио": -3,
  "злоупотребљенији": -2,
  "злочин": -3,
  "злочини": -3,
  "знатан": 1,
  "значај": 2,
  "значајан": 2,
  "зрео": 2,
  "игнорисати": -1,
  "игнорише": -1,
  "игра мења": 3,
  "идиот": -3,
  "идиотизам": -3,
  "идиотски": -3,
  "иееес": 2,
  "изазивати": -1,
  "изазов": -1,
  "избацити из колосека": -2,
  "избачен": -2,
  "Избегава": -1,
  "избегавајући": -2,
  "избегавати": -1,
  "избијање": -2,
  "изванредан": 5,
  "извинио": -1,
  "извините": -1,
  "извињење": -1,
  "изврстан": 3,
  "извршење": 1,
  "извршилац": -2,
  "извршити": 1,
  "изгладнео": -2,
  "изглед": 1,
  "изгледи": 1,
  "изговор": -1,
  "изгуби": -2,
  "изгубити": -2,
  "изгубљен": -3,
  "издаја": -3,
  "издајнички": -3,
  "издали": -3,
  "издати": -3,
  "издржљив": 2,
  "издржљивост": 2,
  "изиритиран": -3,
  "излагање": -1,
  "изложен": -1,
  "изложити": -1,
  "изневерити": -2,
  "изненађен": -2,
  "изнервиран": -2,
  "изолован": -1,
  "израслине": 2,
  "имбецил": -3,
  "имобилисана": -1,
  "импедингли": -2,
  "импозантан": -1,
  "импотентан": -2,
  "импресиван": 3,
  "импресионира": 3,
  "импресионирати": 3,
  "имун": 1,
  "инвазија": -1,
  "инвалидитет": -2,
  "индоктринацију": -2,
  "индоктринирани": -2,
  "индоктринисати": -2,
  "индоцтринатес": -2,
  "инедиабле": -2,
  "инквизиција": -2,
  "иновативан": 2,
  "иновација": 1,
  "иновира": 1,
  "инсолвентан": -2,
  "инспиративне": 2,
  "инспирација": 2,
  "инспирисан": 2,
  "инспирисати": 2,
  "Инспирише": 2,
  "инспиришући": 3,
  "инсуфицијентност": -2,
  "интегритет": 2,
  "интелигентан": 2,
  "интензиван": 1,
  "интерес": 1,
  "интересовања": 1,
  "интимност": 2,
  "интрансигенци": -2,
  "инфантилан": -2,
  "Инфантилизовали": -2,
  "инфекција": -2,
  "инфекције": -2,
  "инфериоран": -2,
  "инфестс": -2,
  "инфицира": -2,
  "Инфлицтед": -2,
  "инфрацт": -2,
  "инфрацтед": -2,
  "инфрацтинг": -2,
  "инфрацтс": -2,
  "инхибирати": -1,
  "инценсинг": -2,
  "ирационалан": -1,
  "иритира": -3,
  "иронија": -1,
  "ироничан": -1,
  "иррепродуцибле": -2,
  "исекли": -2,
  "исељење": -1,
  "искаче из шина": -2,
  "искварен": -3,
  "искључено": -2,
  "искључење": -1,
  "искључити": -1,
  "Искра": 1,
  "искрен": 3,
  "искрено": 2,
  "искреност": 2,
  "искривити": -2,
  "искривљен": -2,
  "искривљује": -2,
  "искушење": -2,
  "исмејава": -2,
  "испади": -2,
  "испирање мозга": -3,
  "испитивали": -2,
  "испитивање": -1,
  "испод перформанса": -2,
  "исправни правац": 3,
  "испровоциран": -1,
  "испунити": 2,
  "испуњава": 2,
  "испуњени": 2,
  "испуњење": 2,
  "истакао": -2,
  "истакнут": 2,
  "истакнути": 2,
  "истина": 2,
  "истраживања": 1,
  "истраживање": 1,
  "Исус": 1,
  "исушен": -2,
  "исцрпљен": -1,
  "Ицки": -3,
  "ишчекивање": 1,
  "јад": -2,
  "јадан и несрећан": -2,
  "јадиковање": -2,
  "јадно": -3,
  "јак": 2,
  "јако узбудљив": -3,
  "јако црно пиво": 2,
  "јао": -2,
  "јасно": 1,
  "јасноћа": 2,
  "јаук": -2,
  "јача": 2,
  "Јача": 2,
  "јачање": 2,
  "је украо": -2,
  "јебана љубав": 4,
  "јебани": -3,
  "јебати": -4,
  "јебач": -4,
  "јебачи": -4,
  "јебем": -4,
  "јебем ти матер": -5,
  "јебени": -4,
  "јебено добар": 4,
  "јебено лепа": 4,
  "јебено сладак": 4,
  "јебено фантастицно": 4,
  "јединствен": 1,
  "једноличан": -2,
  "једном у животу": 3,
  "једноставност": 1,
  "језерце": -2,
  "језив": -2,
  "јунак": 2,
  "кажњава": -2,
  "кажњавање": -2,
  "кажњен": -2,
  "кажњено": -3,
  "казна": -2,
  "казне": -2,
  "казнени": -2,
  "казнити": -2,
  "кандидат": -1,
  "као": 2,
  "кап": -1,
  "каприциозан": 1,
  "каризма": 2,
  "касапљење": -2,
  "катастрофа": -2,
  "катастрофалан": -3,
  "кашњење": -1,
  "квалитет": 2,
  "квалитети": 2,
  "квари": -3,
  "киднапован": -2,
  "киднаповати": -2,
  "киднапује": -2,
  "кија": -2,
  "кијавица": -2,
  "кијање": -2,
  "Киндер": 2,
  "кишовит": -1,
  "клетва": -1,
  "клизав": 2,
  "клизање": -1,
  "климав": -2,
  "ко": 3,
  "коже": -1,
  "који воли": 2,
  "који дира у срце": 3,
  "који може да се заборави": -1,
  "који не избија из главе": 1,
  "који не прашта": -2,
  "који опет уверава": 2,
  "који подржава": 1,
  "који ради без престанка": -2,
  "који разликује": -2,
  "који сврби": -2,
  "који се дими": -2,
  "који стимулише": 3,
  "кококо": 4,
  "кокококо": 4,
  "колапс": -2,
  "колебање": -1,
  "колизији": -2,
  "комедија": 1,
  "компетенције": 1,
  "компликован": -2,
  "компликује": -2,
  "комплимент": 2,
  "комфор": 2,
  "комфоран": 2,
  "конкурентан": 2,
  "контаминација": -2,
  "контаминира": -2,
  "контроверзан": -2,
  "контроверзе": -2,
  "контроверзно": -2,
  "конфликт": -2,
  "конфликтан": -2,
  "копилад": -5,
  "копиле": -5,
  "корисно": 2,
  "корисност": 2,
  "корист": 2,
  "користан": 2,
  "корупција": -3,
  "косе црте": -2,
  "краде": -2,
  "крађа": -2,
  "кратковида": -2,
  "кратковидост": -2,
  "крвав": -3,
  "креативан": 2,
  "крив": -3,
  "криве": -2,
  "криви": -2,
  "кривица": -2,
  "кривична дела": -3,
  "кривоклетство": -3,
  "криза": -3,
  "кријумчарење": -2,
  "кријумчари": -2,
  "крик": -2,
  "криминалац": -3,
  "криминалци": -3,
  "критика": -2,
  "критиковао": -2,
  "критиковати": -2,
  "критикује": -2,
  "критичар": -2,
  "критичари": -2,
  "кршење": -2,
  "крши": -2,
  "КСОКСО": 3,
  "куга": -3,
  "кугла": 3,
  "кукавица": -2,
  "кукавички": -2,
  "кул ствар": 3,
  "куне": -2,
  "курац": -4,
  "курва": -4,
  "курвин син": -4,
  "кучка": -5,
  "лабав": -3,
  "лавл": 3,
  "ЛАГ": -2,
  "Лагала": -2,
  "лажан": -1,
  "лажно": -2,
  "лажно приказивање": -2,
  "лажов": -3,
  "лажови": -3,
  "лако": 1,
  "лаковеран": -2,
  "лаковерност": -2,
  "лакрдија": -2,
  "лансиран": 1,
  "лаугхинг": 1,
  "лаугхтинг": 1,
  "лега": -2,
  "легално": 1,
  "леђа": 1,
  "лењ": -1,
  "леп": 3,
  "Лепа": 3,
  "лепо": 3,
  "лепота": 3,
  "лепотице": 3,
  "леталитет": -2,
  "летаргија": -2,
  "летаргичан": -2,
  "леш": -1,
  "ликед": 2,
  "ЛиКерС": 2,
  "ликујући": 3,
  "лицемеран": -2,
  "лишавање": -3,
  "ЛМФАО": 4,
  "лоби": -2,
  "лобирање": -2,
  "лобирао": -2,
  "лобиста": -2,
  "лобисти": -2,
  "лојалност": 3,
  "лол": 3,
  "лолол": 4,
  "лололол": 4,
  "лолололол": 4,
  "лоол": 3,
  "лоомед": -1,
  "Лооол": 3,
  "лоооол": 3,
  "лош": -2,
  "Лоша": -2,
  "лоша срећа": -2,
  "лоше": -3,
  "луд": -2,
  "лудак": -3,
  "лудаци": -3,
  "лудило": -2,
  "лудо": -3,
  "луђи": -2,
  "лукав": 2,
  "лукавство": -2,
  "луксуз": 2,
  "љубав": 3,
  "љубазан": 2,
  "љубазност": 2,
  "љубак": 2,
  "љубитеља": 2,
  "љубомора": -2,
  "љубоморан": -2,
  "љупко": 3,
  "љут": -3,
  "љутња": -3,
  "магарац": -4,
  "магарци": -4,
  "маладаптион": -2,
  "малдевелопмент": -2,
  "малодушан": -2,
  "малтретирали": -2,
  "малтретирани": -3,
  "малтретирање": -2,
  "мамац": -2,
  "мана": -2,
  "мане": -2,
  "манипулација": -1,
  "манипулисати": -1,
  "мањак": -2,
  "мањкав": -2,
  "матер ти јебем": -4,
  "материја": 1,
  "махнит": -1,
  "маштовит": 2,
  "медаља": 3,
  "медиокритет": -3,
  "медитативан": 1,
  "меланхолија": -2,
  "мемориам": -2,
  "Менацес": -2,
  "месмеризинг": 3,
  "метеж": -3,
  "методички": 2,
  "методично": 2,
  "милосрдан": 2,
  "милост": 2,
  "милостив": 3,
  "мимоилаже": -3,
  "мир": 2,
  "миран": 2,
  "мири": 2,
  "мирити": 2,
  "мирно": 2,
  "миртхфулли": 3,
  "Мисбехавес": -2,
  "Мисбехавинг": -2,
  "мисбрандинг": -3,
  "мислеадед": -3,
  "мисплацинг": -2,
  "мисприцинг": -3,
  "мисрепорт": -2,
  "мисрепортед": -2,
  "мисрепортс": -2,
  "мисцаст": -2,
  "мисцлассифи": -2,
  "мисцлассифиес": -2,
  "мисцондуцтед": -2,
  "мисцондуцтинг": -2,
  "Мисцхиефс": -1,
  "мит": -1,
  "мито": -3,
  "младалачки": 2,
  "моанед": -2,
  "могућности": 2,
  "модар": -2,
  "модернизација": 2,
  "модернизовани": 2,
  "модернизовати": 2,
  "модернизује": 2,
  "може \"Т стајати": -3,
  "мокраћа": -4,
  "моли": 1,
  "Молимо вас": 1,
  "молитвен": 2,
  "молити": 1,
  "мољење": 1,
  "монопол": -2,
  "монополизовати": -2,
  "монополисања": -2,
  "монотонија": -1,
  "морон": -3,
  "мотивација": 1,
  "мотивисан": 2,
  "мотивисање": 2,
  "мотивисати": 1,
  "моћан": 2,
  "мржња": -3,
  "мрзети": -3,
  "мрзитељи": -3,
  "мрзовољан": -2,
  "мрља": -2,
  "мртав": -2,
  "мудрост": 1,
  "мука": -2,
  "мутно": -2,
  "мучен": -4,
  "мучења": -4,
  "мучење": -4,
  "мучи": -1,
  "мучити": -3,
  "н00б": -2,
  "на броду": 1,
  "набијена": -2,
  "навијали": 2,
  "навијање": 2,
  "навод": -2,
  "нагомилати": -1,
  "награда": 3,
  "награде": 3,
  "награђена": 3,
  "награђени": 2,
  "надајмо се": 2,
  "надајући": 2,
  "надати се": 2,
  "наде": 2,
  "надлежан": 2,
  "надмоћност": 3,
  "надражити": -3,
  "надувен": -1,
  "нажалост": -2,
  "наиван": -2,
  "најбоље": 3,
  "најбољи": 3,
  "највећи": 3,
  "највецих": -2,
  "најгори": -3,
  "најискренији": 2,
  "најклизавију": 2,
  "најлуђу": -2,
  "најнижи": -1,
  "најпаметнији": 2,
  "најплеменитији": 2,
  "најпрљавија": -2,
  "најсветлији": 2,
  "најсиромашнијима": -2,
  "најслађа": 3,
  "најсрећнији": 3,
  "најцрњи": -2,
  "најчистије": 1,
  "наказа": -2,
  "наклоност": 3,
  "наљутио": -3,
  "намеран": 2,
  "наметнуте": -1,
  "наметнути": -1,
  "намеће": -1,
  "нанети": -2,
  "Наносит": -2,
  "наношења": -2,
  "напад": -1,
  "напада": -1,
  "напади": -1,
  "нападнут": -1,
  "напале": -2,
  "напет": -2,
  "напетост": -1,
  "напоран": -2,
  "напредак": 2,
  "напредан": 3,
  "напустити": -2,
  "напуштања": -2,
  "напуштен": -2,
  "нарушава": -2,
  "нарушена": -2,
  "нарцисизам": -2,
  "насамарити": -2,
  "насеља": 1,
  "насилан": -3,
  "насилник": -4,
  "насиље": -3,
  "насиљевезани": -3,
  "насмејан": 2,
  "насмејао": 1,
  "настројен": -2,
  "не": -1,
  "не веровати": -2,
  "не волети": -2,
  "не одобри": -2,
  "не ради": -3,
  "неадекватан": -2,
  "неактивност": -2,
  "небески": 4,
  "небо": 2,
  "невероватан": -1,
  "невероватно": -1,
  "Невероватно": 4,
  "невесео": -2,
  "невичност": -2,
  "невоља": -2,
  "нега": 2,
  "негативан": -2,
  "негативност": -2,
  "негира": -2,
  "негирајући": -2,
  "неговање": 2,
  "неговати": 2,
  "недела": -2,
  "недовољан": -2,
  "недовољно": -2,
  "недолично се понашати": -2,
  "недопадљив": -2,
  "недостатак": -2,
  "недостаци": -2,
  "недостижан": 2,
  "недостојан": -2,
  "недоступан": -1,
  "неетички": -2,
  "неефикасан": -2,
  "неефикасно": -2,
  "неефикасност": -2,
  "нежан": 3,
  "нежељен": -2,
  "нежност": 2,
  "незадовољавајућег": -2,
  "незадовољан": -2,
  "незадовољство": -2,
  "незаконит": -2,
  "незаконито": -3,
  "незапослен": -1,
  "незапосленост": -2,
  "незаслужан": -2,
  "незаустављив": 2,
  "незахвалан": -3,
  "незаштићен": -2,
  "незгодан": -2,
  "нездрав": -2,
  "незнање": -2,
  "неимагирнаран": -2,
  "неисправан": -2,
  "неиспуњен": -2,
  "неистинит": -2,
  "нејасан": -1,
  "неједнак": -1,
  "нека врста": 0,
  "нелагодност": -2,
  "нелогичан": -2,
  "нељубљен": -2,
  "нељудски": -2,
  "нема забаве": -3,
  "немаран": -2,
  "немилосрдан": -1,
  "немиран": -2,
  "немири": -2,
  "немоћан": -2,
  "ненадахнут": -2,
  "ненамеран": -2,
  "ненаучни": -2,
  "неодговоран": -2,
  "неодговорно": -2,
  "неодлучан": -1,
  "неодобравања": -2,
  "неодобравање": -2,
  "неодољив": 2,
  "неодољиво": 2,
  "неопростив": -3,
  "неорганизован": -2,
  "неоригиналан": -2,
  "неосетљив": -2,
  "неосетљивост": -2,
  "непаран": -2,
  "непарламентарни": -2,
  "неписменост": -2,
  "непобедив": 2,
  "неповезан": -2,
  "неповерење": -3,
  "неповерљив": -1,
  "неповољан": -2,
  "неповратан": -1,
  "неповратно": -1,
  "неподесан": -2,
  "неподношљив": -2,
  "неподобни": -2,
  "неподстакнут": -2,
  "непожељан": -2,
  "непоправљив": -2,
  "непопустљивост": -2,
  "непотврђен": -1,
  "непотпун": -1,
  "непотрешен": -2,
  "непоштовање": -2,
  "Непоштовање": -2,
  "неправда": -2,
  "неправедан": -2,
  "неправедно": -2,
  "неправилно": -2,
  "непривлачан": -2,
  "непријатан": -2,
  "непријатељ": -2,
  "непријатељи": -2,
  "непријатељски": -2,
  "непријатељство": -2,
  "непријатност": -2,
  "неприкладан": -2,
  "неприметно": 2,
  "непристојан": -2,
  "непристрасан": 2,
  "неприхватљив": -2,
  "непродан": -1,
  "непромишљен": -2,
  "непрофесионалан": -2,
  "неразумљив": -2,
  "нерањив": 2,
  "нерви": -1,
  "нервира": -2,
  "нервозан": -1,
  "нервозно": -2,
  "неред": -2,
  "несавршен": -2,
  "несаница": -2,
  "несвестан": -2,
  "несебичан": 2,
  "несигуран": -1,
  "неслагање": -2,
  "неслога": -2,
  "несносан": -2,
  "неспоразум": -2,
  "неспортско понашање": -2,
  "неспособан": -2,
  "неспособност": -2,
  "неспретан": -2,
  "несразмеран": -2,
  "несретан": -2,
  "несрећа": -2,
  "несрећан": -2,
  "несреће": -2,
  "нестабилан": -2,
  "нестаје": -1,
  "нестао": -1,
  "нестати": -1,
  "несташан": 2,
  "Несташан": -2,
  "несташице": -2,
  "несташлук": -1,
  "нестрпљив": -2,
  "нетакнут": 2,
  "нетачно изношење": -2,
  "неубеђен": -1,
  "неублажив": -2,
  "неугодност": -2,
  "неудобан": -2,
  "неук": -2,
  "неукусан": -2,
  "неумољив": -3,
  "неуништеног сјаја": 2,
  "неуништив": 2,
  "неуредан": -2,
  "неуспеси": -2,
  "неуспех": -2,
  "неуспеха": -2,
  "неуспешан": -2,
  "неустрашив": 2,
  "неустрашивост": 2,
  "неутешан": -2,
  "нехигијенски": -2,
  "нехуман": -2,
  "нецењен": -2,
  "нечастан": -2,
  "нешто непријатно": -2,
  "није добро": -2,
  "није успео": -2,
  "нолстагичан": -2,
  "ноншалантан": 2,
  "нооб": -2,
  "носачи": 2,
  "нудио": -2,
  "нуспојаве": -2,
  "његује": 2,
  "њушкало": -2,
  "обавезан": -1,
  "обазрив": -1,
  "обарање": -3,
  "обасјава": 2,
  "обезбедити": 1,
  "обезбеђујући": 1,
  "обесхрабрити": -2,
  "обесхрабрујучи": -2,
  "обећан": 1,
  "обећања": 1,
  "обећање": 1,
  "обиман": 2,
  "обмана": -2,
  "обманљив": -3,
  "обмањив": -3,
  "обнавља": 1,
  "обнављање": 1,
  "обновљена": 1,
  "обожава": 3,
  "обожавала": 3,
  "обожавали": 3,
  "обожавање": 3,
  "обожавањем": 3,
  "обожавати": 3,
  "оболео": -2,
  "оборен поглед": -2,
  "обуставити": -1,
  "оверава": 1,
  "оверселл": -2,
  "Оверселлинг": -2,
  "оверселлс": -2,
  "оверсолд": -2,
  "оврава": 2,
  "огорчен": -2,
  "Огорчени": -2,
  "огорчење": -2,
  "ограничавање": -2,
  "ограничен": -1,
  "Ограничења": -2,
  "ограничење": -1,
  "ограничити": -2,
  "огријешио": -2,
  "огроман": 1,
  "одан": 3,
  "оданост": 2,
  "одбацивање": -1,
  "одбацити": -1,
  "одбацује": -1,
  "одбацујући": -1,
  "одбачен": -1,
  "одбачена": -2,
  "одбачени": -2,
  "одбија": -2,
  "одбијање": -2,
  "одбијати": -2,
  "одбијен": -1,
  "одбила": -2,
  "одбити": -1,
  "одбојан": -2,
  "одважан": 2,
  "одвлачи": -1,
  "одвојен": -1,
  "одвратан": -2,
  "одвратити": -2,
  "одговара": 2,
  "одговарајући": 2,
  "одговоран": 2,
  "одговорност": 1,
  "одзив": 2,
  "одлагање": -1,
  "одлаже": -1,
  "одличан": 3,
  "одложен": -1,
  "одложено": -1,
  "одложити": -1,
  "одлучан": 2,
  "одлучујући": 1,
  "одобрава": 2,
  "одобрен": 2,
  "одобрена": -2,
  "одобрено": 1,
  "одобрење": 2,
  "одобрити": 2,
  "одори": -2,
  "одрживи": 2,
  "одрживо": 2,
  "одрживост": 1,
  "одсутни": -1,
  "одузима дах": 5,
  "одушевљавао": 2,
  "одушевљен": 3,
  "оживети": 2,
  "ожиљак": -2,
  "ожиљци": -2,
  "озбиљан": 2,
  "озлојеђен": -2,
  "ојачана": 2,
  "ојачати": 2,
  "окамењен": -2,
  "оклевати": -2,
  "окривио": -2,
  "окрутан": -3,
  "окрутност": -3,
  "ОКС": 2,
  "оксиморон": -1,
  "олакшање": 2,
  "олакшице": 1,
  "олош": -3,
  "олупина": -2,
  "омаловажава": -2,
  "омаловажавају": -2,
  "омаловажити": -2,
  "омашком": -2,
  "омести": -2,
  "омета": -2,
  "ометају": -2,
  "ометати": -2,
  "омиљен": 2,
  "омрзнут": -3,
  "онај који има потпору": 1,
  "онемогућава": -2,
  "онемогућавање": -1,
  "онеспособљава": -2,
  "онеспособљавајући": -2,
  "онеспособљен": -2,
  "онлине": -1,
  "опао": -1,
  "опасан": -2,
  "опасно": -2,
  "опасност": -2,
  "оплемењује": 1,
  "опљачкати": -2,
  "опомињао": -2,
  "оправдан": 2,
  "оправдано": 2,
  "оправдати": 2,
  "опрезан": 3,
  "опрезност": 2,
  "опрема": -1,
  "опростити": 1,
  "опседнут": 2,
  "опструира": -2,
  "опструкција": -2,
  "оптерећен": -2,
  "оптерећења": -2,
  "оптерећују": -3,
  "оптимизам": 2,
  "оптимистичан": 2,
  "оптионлесс": -2,
  "оптужба": -2,
  "оптужен": -2,
  "оптужити": -2,
  "оптужује": -2,
  "оптужујући": -2,
  "опустошен": -2,
  "опустошити": -2,
  "опуштен": 2,
  "опчињен": 3,
  "ораси": -3,
  "освежавајуће": 2,
  "Освета": -2,
  "осветник": -2,
  "осветнички": -2,
  "осветољубив": -2,
  "освојио": 3,
  "осећај": 1,
  "осигурати": 2,
  "осип": -2,
  "ослабљен": 2,
  "ослабљена": -2,
  "ослања": 2,
  "ослобађа": 2,
  "ослобађајуће": 2,
  "ослободе": 2,
  "ослободио": 2,
  "ослободити": 2,
  "ослободјен": 2,
  "ослобођен": 2,
  "ослобођен оптужбе": 2,
  "ослобођени": 2,
  "осмех": 2,
  "оснаживање": 2,
  "оспорава": -2,
  "оспособити": 2,
  "осрамоћена": -2,
  "оставити": -1,
  "оставка": -1,
  "оставци": -1,
  "остварује": 2,
  "острацизес": -2,
  "осуда": -2,
  "осудила": -2,
  "осудио": -3,
  "осудити": -2,
  "осуду читавог": -3,
  "осуђен": -2,
  "осуђивати": -2,
  "осуђује": -2,
  "осујетила": -2,
  "осујетити": -2,
  "отежава": -2,
  "отежавајући": -2,
  "отежана": -2,
  "отета": -2,
  "отказан": -1,
  "отказати": -1,
  "отказивања": -1,
  "отклања": -1,
  "отклонити": -1,
  "откупио": 2,
  "отмица": -2,
  "отмице": -2,
  "отпуштен": -2,
  "отров": -2,
  "отрован": -3,
  "отрови": -2,
  "отуђење": -2,
  "офанзива": -2,
  "офанзивно": -2,
  "охрабрење": 2,
  "охрабривала": 2,
  "охрабрити": 2,
  "охрабрујући": 2,
  "очајан": -3,
  "очајање": -3,
  "очајнички": -3,
  "очврснути": 2,
  "очекивани": -1,
  "ошамућен": -1,
  "оштар": 2,
  "оштећен": -2,
  "оштећени": -2,
  "оштрија": -2,
  "пажљив": 2,
  "пажљиво": 2,
  "пакао": -4,
  "паклен": -2,
  "пакостан": -2,
  "паметан": 2,
  "паметнији": 2,
  "памћење": 1,
  "паника": -3,
  "панике": -3,
  "пао": -2,
  "парадокс": -1,
  "парница": -1,
  "парнички": -2,
  "пасиван": -1,
  "пасивно": -1,
  "патетичан": -2,
  "пати": -2,
  "патио": -2,
  "патити": -2,
  "патња": -2,
  "педер": -3,
  "педери": -3,
  "пенис": -5,
  "перговарање": -1,
  "Перфецтс": 2,
  "песимизам": -2,
  "песимистичан": -2,
  "пијан": -2,
  "пике": -2,
  "писсинг": -3,
  "питања": 1,
  "питање": -1,
  "пићка": -5,
  "пичко": -5,
  "Плагуед": -3,
  "плакала": -2,
  "плакање": -2,
  "плакати": -2,
  "платити": -1,
  "плач": -1,
  "плаши": -2,
  "плашио": -2,
  "плашљив": -2,
  "плашљиво": -2,
  "племенит": 2,
  "плован": 2,
  "плодан": 2,
  "пљачка": -2,
  "пљачкаш": -2,
  "пљачкашки": -2,
  "победа": 4,
  "победе": 3,
  "победио": 3,
  "победити": 4,
  "победник": 4,
  "победнички": 4,
  "Побеђивати": 4,
  "побеснео": -3,
  "побољшава": 2,
  "побољшан": 2,
  "побољшање": 2,
  "побољшати": 2,
  "побуна": -2,
  "побуњеник": -2,
  "поверена": 2,
  "поверење": 2,
  "повећана": 1,
  "повећати": 1,
  "повика": -2,
  "повишење": 1,
  "повлачење": -1,
  "повољан": 2,
  "повољно": 2,
  "повра": -3,
  "повратио": -3,
  "повратити": 1,
  "повраћање": -3,
  "повраћати": -3,
  "повреда": -2,
  "повреде": -2,
  "повредити": -2,
  "повређен": -2,
  "погодан": 2,
  "погодба": 2,
  "погођени": -1,
  "погорша": -3,
  "погоршава": -2,
  "погоршавају": -2,
  "погоршали": -2,
  "погоршало": -3,
  "погоршање": -2,
  "погоршати": -2,
  "погрдан": -2,
  "погрешан": -2,
  "погрешио": -2,
  "погрешна": -3,
  "погрешне": -2,
  "погрешно": -2,
  "погрешно класификован": -2,
  "погрешно представити": -2,
  "погрешно представљају": -2,
  "погрешно протумачили": -2,
  "погрешно прочитати": -1,
  "погрешно разумева": -2,
  "погрешно разумети": -2,
  "под притиском": -2,
  "подвала": -2,
  "подвалити": -3,
  "подмићен": -3,
  "подмићивање": -3,
  "подржан": 2,
  "подржао": 2,
  "подрива": -2,
  "подривање": -2,
  "подругљив": -2,
  "подрхтавање": -2,
  "подршка": 2,
  "подршку": 2,
  "подстиче": 2,
  "подцењивачки": -2,
  "пожељан": 2,
  "позвати": 1,
  "поздрав": 2,
  "Поздрав": 1,
  "поздрави": 2,
  "поздравио": 2,
  "поздравити": 1,
  "поздравља": 2,
  "поздрављали": 2,
  "позитиван": 2,
  "позитивно": 2,
  "познат": 2,
  "поједностављено": -2,
  "поједностављује": -2,
  "појма": -2,
  "покајање": -2,
  "покварен": -2,
  "поквареност": -3,
  "покварењак": -3,
  "покварити": -3,
  "поклања": 2,
  "поклон": 2,
  "поклонити": 2,
  "покуњен": -2,
  "покуњити се": -1,
  "полемика": -2,
  "поломљен": -1,
  "пољубац": 2,
  "помаже": 2,
  "помама": -3,
  "помамити": -2,
  "помиловања": 2,
  "помиловање": 2,
  "помиловао": 2,
  "помирљиво": 2,
  "помодар": 2,
  "помолу": -1,
  "помоћ": 2,
  "понижавати": -2,
  "понижен": -2,
  "понижење": -3,
  "поништава": -1,
  "поништење права на ослобођење од хипотеке": -2,
  "поново уверити": 1,
  "поносан": 2,
  "поносно": 2,
  "понуда": 2,
  "популаран": 3,
  "популарност": 3,
  "попустљив": 1,
  "поравнање": 1,
  "поражавајући": -2,
  "поражен": -2,
  "пораз": -2,
  "пореметити": -2,
  "поремећај": -2,
  "поремећаји": -2,
  "порећи": -2,
  "порицање": -2,
  "поробити": -2,
  "поробљен": -2,
  "посвета": 2,
  "посвећен": 2,
  "посекотине": -1,
  "посесиван": -2,
  "последица": -2,
  "последице": -2,
  "посрамљен": -2,
  "посрамљујући": -2,
  "посттрауматски": -2,
  "постизање": 1,
  "постићи": 2,
  "постојан": 2,
  "потврдити": 1,
  "потврђивање": 1,
  "потврђује": 2,
  "Потврђујући": 2,
  "поткопати": -2,
  "потлачених": -2,
  "потражња": -1,
  "потресан": 3,
  "потценити": -1,
  "потцењен": -1,
  "потцењени": -1,
  "потцењивања": -1,
  "потцењује": -2,
  "поуздан": 2,
  "поуздано": 2,
  "поузданост": 2,
  "похвала": 3,
  "похвале": 3,
  "похвалили": 2,
  "похвалио": 3,
  "похвалити": 2,
  "похлепа": -3,
  "похлепан": -2,
  "поцепан": -2,
  "почаствован": 2,
  "почини": 1,
  "починио": -2,
  "поштен": 2,
  "поштење": 2,
  "поштовали": -2,
  "поштован": 2,
  "поштовани": 2,
  "поштовање": 2,
  "поштовати": 2,
  "правда": 2,
  "праведно": 2,
  "праведност": 2,
  "правни": 1,
  "право": 1,
  "празан": -1,
  "празнина": -1,
  "праштајући": 1,
  "прблм": -2,
  "прблмс": -2,
  "први план": 1,
  "пребијање": -1,
  "превара": -2,
  "преварант": -3,
  "преваранти": -4,
  "преваре": -2,
  "преварени": -2,
  "превари": -3,
  "преварити": -2,
  "превидети": -1,
  "превише упростити": -2,
  "прегазили": -2,
  "предиван": 4,
  "предивно": 4,
  "предност": 2,
  "предности": 2,
  "Предности": 2,
  "предузимљив": 1,
  "преживели": 2,
  "преживео": 2,
  "презир": -2,
  "презирао": -3,
  "презире": -3,
  "презрен": -2,
  "презрив": -2,
  "презриво": -2,
  "преимућство": 2,
  "прекид": -2,
  "прекид рада": -2,
  "прекида": -2,
  "прекидати": -2,
  "прекиди": -2,
  "прекинут": -1,
  "прекорачи": -2,
  "прекршај": -2,
  "прекршаје": -2,
  "прекршио": -2,
  "прекршити": -2,
  "преоптерећење": -1,
  "препекла": -2,
  "препознавање": 2,
  "препоручити": 2,
  "препоручљив": 1,
  "препоручује": 2,
  "препрека": -2,
  "препреке": -2,
  "прерадити": 1,
  "прерушавање": -1,
  "прерушен": -1,
  "прерушити": -1,
  "пресрећан": 4,
  "престаје": -1,
  "престрављен": -3,
  "престрашен": -2,
  "преступник": -2,
  "пресуда": -1,
  "претвара": -1,
  "претварала": -3,
  "претварати": -1,
  "претварати се": -1,
  "претежак": -1,
  "претерала": -2,
  "претеран": -2,
  "претерана реакција": -2,
  "претеривање": -2,
  "претеривао": -2,
  "претеруј": -2,
  "претерује": -2,
  "претећи": 3,
  "прети": -2,
  "Прети": -2,
  "претити": -2,
  "претња": -2,
  "претње": -2,
  "преувеличава": -2,
  "преувеличавати": -2,
  "префињен": 1,
  "привилегован": 2,
  "привлачење": 2,
  "привлачи": 1,
  "привремена мода": -2,
  "привржен": 1,
  "приврженост": 2,
  "привукла": 1,
  "привући": 1,
  "приговори": -3,
  "пригрлити": 1,
  "пригушнице": -2,
  "придружити": 1,
  "признаје": -1,
  "признао": -1,
  "признат": 1,
  "признати": 2,
  "пријатан": 3,
  "пријатељ": 1,
  "пријатељски": 2,
  "пријатељство": 2,
  "прикладан": 2,
  "прикрити": -3,
  "прилика": 2,
  "прилично": 1,
  "примамљив": 1,
  "приметан": 2,
  "приморан": 1,
  "приморана": -1,
  "принуда": -2,
  "припремљен": 1,
  "припрост": -2,
  "природни": 1,
  "присиљени": -2,
  "пристајати": 2,
  "пристајући": 2,
  "присталица": 1,
  "пристанак": 2,
  "пристрасан": -2,
  "приступачан": 1,
  "притисак": -1,
  "прихвата": 1,
  "прихватање": 1,
  "прихватити": 1,
  "прихватљив": 1,
  "пркосан": -1,
  "прљав": -2,
  "прљавији": -2,
  "прљавштина": -2,
  "проактивно": 2,
  "пробијен": -2,
  "проблем": -2,
  "проблеми": -2,
  "пробој": 3,
  "провала": -2,
  "провалник": -2,
  "провера": 1,
  "провокативан": -1,
  "прогања": -2,
  "прогањани": -2,
  "прогањати": -2,
  "прогнати": -1,
  "прогоном": -2,
  "проклет": -2,
  "проклети": -2,
  "проклето добар": 4,
  "Проклетство": -4,
  "прокријумчарити": -2,
  "промовисање": 1,
  "промовише": 1,
  "проневера": -3,
  "проневерити": -3,
  "проницљивост": 2,
  "пропаганда": -2,
  "пропада": -2,
  "пропали": -2,
  "пропао": -1,
  "пропуст": -1,
  "Пропустио": -2,
  "просветити": 2,
  "просветљујућа": 2,
  "просвећен": 2,
  "просјачки": -2,
  "прослава": 3,
  "прославе": 3,
  "прославити": 3,
  "просперитет": 3,
  "простран": 1,
  "протерала": -2,
  "протерати": -2,
  "протеривање": -2,
  "протест": -2,
  "протести": -2,
  "протестовали": -2,
  "противник": -1,
  "противнички": -2,
  "протраћио": -2,
  "профит": 2,
  "профитер": -2,
  "процурела": -1,
  "прочисти": 1,
  "проширити": 1,
  "проширује": 1,
  "псеудонаука": -3,
  "психопата": -2,
  "псовање": -2,
  "псовати": -2,
  "пун бола": -3,
  "пун наде": 2,
  "пустош": -2,
  "пустошити": -2,
  "пуцање": -2,
  "пуцати": -1,
  "равнодушан": -2,
  "равнодушност": -2,
  "рагефул": -2,
  "радовали": 4,
  "радовати се": 4,
  "радознао": 2,
  "радосно": 3,
  "радост": 4,
  "радостан": 3,
  "радује": 4,
  "разарање": -3,
  "разбеснети": -2,
  "разбио": -2,
  "разбој": -1,
  "разбоји": -1,
  "разборитост": 2,
  "развратност": -2,
  "раздраган": 3,
  "раздрагати": 3,
  "раздражујући": -2,
  "разигран": 2,
  "разјарен": -2,
  "разјарујући": -2,
  "разјашњава": 2,
  "разликовати": -2,
  "размажен": -2,
  "размрсити": 1,
  "разорен": -2,
  "разоткрива": -1,
  "разочара": -2,
  "разочаравајући": -2,
  "разочаран": -2,
  "разочарања": -2,
  "разочарати": -2,
  "разочарење": -2,
  "разум": 2,
  "рај": 3,
  "рак": -1,
  "рантерс": -3,
  "рантс": -3,
  "рањив": -2,
  "рањивост": -2,
  "расизам": -3,
  "расипа": -2,
  "расипање": -2,
  "расиста": -3,
  "расисти": -3,
  "распада": -2,
  "расправа": -2,
  "раст": 2,
  "растављен": -2,
  "расте": 1,
  "расти": 1,
  "растројен": -2,
  "растужити": -2,
  "расути": -2,
  "рат": -2,
  "ратификован": 2,
  "ратовање": -2,
  "Ревивес": 2,
  "ревностан": 2,
  "Регретс": -2,
  "редукције": -2,
  "рез": -1,
  "резигниран": -1,
  "резолуција": 2,
  "рекламирана": -2,
  "рекламирати": -2,
  "ремек": 4,
  "ремекдело": 4,
  "ремети": -2,
  "репер": 2,
  "реперкусија": -2,
  "репримандинг": -2,
  "Ресигнс": -1,
  "рестриктиван": -1,
  "Ресцуес": 2,
  "ретардиран": -2,
  "рецесија": -2,
  "реченица": -2,
  "реченице": -2,
  "решава": 2,
  "решавање": 2,
  "решен": 2,
  "решења": 1,
  "решење": 1,
  "реши": 2,
  "решити": 1,
  "риггед": -1,
  "ригорозан": 3,
  "ригорозно": 3,
  "ризик": -2,
  "ризици": -2,
  "ризичан": -2,
  "Роб": -3,
  "Робинг": -2,
  "робље": -3,
  "Робс": -2,
  "робустан": 2,
  "ровка": -4,
  "Роман": 2,
  "романтика": 2,
  "романтицал": 2,
  "романтично": 2,
  "ропство": -3,
  "ротфл": 4,
  "ротфлмфао": 4,
  "ротфлол": 4,
  "рофл": 4,
  "Рофлцоптер": 4,
  "руга": -2,
  "ругали": -2,
  "ругање": -2,
  "ругати се": -2,
  "руглу": -2,
  "ружа": 1,
  "ружан": -3,
  "ружноћа": -3,
  "руководство": 1,
  "руком биран": 1,
  "рушевина": -2,
  "рушевине": -2,
  "сабластан": -2,
  "саботажа": -2,
  "саванге": -2,
  "савангес": -2,
  "савезник": 2,
  "савршен": 3,
  "савршено": 3,
  "савршенство": 3,
  "сагласности": 2,
  "сакрити": -1,
  "салутинг": 2,
  "сам": -2,
  "самилостан": 2,
  "самозаблуди": -2,
  "самозлоупотреба": -2,
  "самопротивречна": -2,
  "самоубилачки": -2,
  "самоубиства": -2,
  "самоубиство": -2,
  "самоуверен": 2,
  "самоуверено": 2,
  "сан": 1,
  "саосећајан": 2,
  "саосећање": 2,
  "саркастичан": -2,
  "сатеран у ћошак": -2,
  "сахрана": -1,
  "сачињен": -1,
  "сачуван": 2,
  "сачувати": 2,
  "свеж": 1,
  "свеприсутан": 2,
  "светао": 1,
  "свети": -2,
  "светити се": -2,
  "свечан": 2,
  "свиђа": 2,
  "свирепост": -3,
  "се извињава": -1,
  "себичан": -3,
  "себичност": -3,
  "секира": -1,
  "секистиц": -2,
  "секси": 3,
  "сексистички": -2,
  "сероња": -3,
  "Сецурес": 2,
  "сечење": -1,
  "сив": -1,
  "сигуран": 2,
  "сигурније": 2,
  "силазни": -1,
  "Силенцинг": -1,
  "силеџија": -2,
  "силован": -4,
  "силовање": -4,
  "симпатија": 2,
  "симпатичан": 3,
  "синофабитцх": -5,
  "синглеминдед": -2,
  "сиров": -1,
  "сиромашан": -2,
  "сиромашнији": -2,
  "сиромаштво": -1,
  "сисати": -3,
  "сисе": -2,
  "ситуацију": 1,
  "сјај": 3,
  "сјајан": 3,
  "сјајно": 4,
  "сјајност": 1,
  "сјебан": -4,
  "скандал": -3,
  "скандали": -3,
  "скандалозан": -3,
  "скептици": -2,
  "скептицизам": -2,
  "скептичан": -2,
  "складан": 2,
  "склон": 2,
  "склони": -2,
  "склоност": 2,
  "скривање": -1,
  "скривен": -1,
  "скроман": 1,
  "скрхан": -2,
  "скрхана срца": -3,
  "скуелцхед": -1,
  "скуп": -2,
  "скупо": 3,
  "слаб": -2,
  "слабо": -2,
  "слабост": -2,
  "слабости": -2,
  "слава": 3,
  "славан": 2,
  "слави": 3,
  "славни": 3,
  "сладак": 3,
  "слађе": 3,
  "слаже": 1,
  "слажем се": -2,
  "Сласт": 3,
  "следећи": 3,
  "слеп": -1,
  "слобода": 2,
  "сломио": -1,
  "сломити": -1,
  "слумпинг": -1,
  "слуте": -2,
  "слутња": -2,
  "случајан": -2,
  "случајно": -2,
  "смањити": -2,
  "смелост": 2,
  "смета": -2,
  "сметати": -2,
  "смеће": -1,
  "смех": 1,
  "смешан": 4,
  "смешније": 4,
  "смилед": 2,
  "Смилес": 2,
  "смирен": 2,
  "смирила": 2,
  "смирити": 2,
  "смирује": 2,
  "смог": -2,
  "смрад": -2,
  "смрди": -2,
  "смрдљив": -2,
  "смрдљива": -2,
  "смрдљивац": -2,
  "смрт": -2,
  "смртан": -3,
  "смрти": -2,
  "смртоносан": -2,
  "снага": 2,
  "снеезед": -2,
  "снови": 1,
  "Снуббинг": -2,
  "снубс": -2,
  "снужден": -1,
  "солидан": 2,
  "солидарност": 2,
  "софистициран": 2,
  "сочан": -1,
  "спам": -2,
  "Спам": -2,
  "спамера": -3,
  "спамери": -3,
  "Спарклес": 3,
  "спас": 2,
  "спасавање": -2,
  "спасени": 2,
  "спасилац": 4,
  "спашавање": 2,
  "спекулативан": -2,
  "сплетке": 1,
  "спокојан": 2,
  "спор": -2,
  "споран": -2,
  "спорна": -2,
  "спорно": -2,
  "спорови": -2,
  "способан": 1,
  "способност": 2,
  "способности": 2,
  "спремност": 2,
  "спречава": -1,
  "спречавање": -1,
  "спречити": -1,
  "сраман": -2,
  "срамота": -2,
  "срамотан": -2,
  "срамоти": -2,
  "срање": -3,
  "срдачан": 3,
  "срдит": -3,
  "срећа": 3,
  "срећан": 3,
  "срећом": 3,
  "срцепарајући": -3,
  "стабилан": 2,
  "Стабс": -2,
  "сталожен": -2,
  "стекао": 2,
  "стењали": -2,
  "стењање": -2,
  "стереотип": -2,
  "стечај": -3,
  "стечен": 1,
  "стидљив": -1,
  "стимулисани": 1,
  "стимулисати": 1,
  "стимулишући": 2,
  "стинкед": -2,
  "стипендије": 1,
  "стицање": 2,
  "страдалници": -2,
  "страдалнички": -2,
  "страст": 1,
  "страстан": 2,
  "страствен": 2,
  "страх": -2,
  "страховит": -2,
  "страховито": 4,
  "страшан": 4,
  "стрес": -1,
  "стресори": -2,
  "стрип": 1,
  "строг": -2,
  "строго": -2,
  "стручно": 2,
  "стуцк": -2,
  "субверзиван": -2,
  "судар": -2,
  "Судар": -1,
  "судара": -1,
  "сударају": -1,
  "судари": -2,
  "судбина": -2,
  "судски позив": -2,
  "суеинг": -2,
  "сузе": -2,
  "сукоб": -2,
  "сукоби": -2,
  "сумња": -1,
  "сумњајући": -1,
  "сумњао": -1,
  "сумње": -1,
  "сумњив": -1,
  "суморан": -1,
  "суморност": -1,
  "сунце": 2,
  "супер": 3,
  "супериоран": 2,
  "суспендован": -1,
  "суцкс": -3,
  "схаред": 1,
  "схооди": -2,
  "таленат": 2,
  "тама": -1,
  "таман": -2,
  "тамјан": -2,
  "тамјане": -2,
  "тамнети": -2,
  "тард": -2,
  "тврд": -1,
  "тврдећи": -1,
  "тврдити": -1,
  "тврдоглав": -2,
  "тегоба": -2,
  "тежак": -1,
  "тежак рад": -2,
  "тезга": -2,
  "терет": -2,
  "терор": -3,
  "терорисао": -3,
  "терорисати": -3,
  "терориста": -2,
  "терористи": -2,
  "терорише": -3,
  "теске": -2,
  "тешка срца": -2,
  "Тиран": -3,
  "тиранију": -3,
  "тиранниц": -3,
  "Тиранс": -3,
  "тирански": -2,
  "титрах не указан": -1,
  "тмуран": -2,
  "толерантан": 2,
  "толеранција": 2,
  "топ": -1,
  "топао": 1,
  "Топлина": 2,
  "топлота": 2,
  "Топс": 2,
  "торбар": -2,
  "тоталитаран": -2,
  "тоталитаризам": -2,
  "тоутс": -2,
  "трагедија": -2,
  "трагедије": -2,
  "трагичан": -2,
  "траума": -3,
  "трауматичан": -3,
  "трежњење": 1,
  "треперав": 3,
  "тресак": -2,
  "трзај": -3,
  "тријумф": 4,
  "трновит": -2,
  "тром": -2,
  "труо": -3,
  "туга": -2,
  "туговати": -2,
  "тужан": -2,
  "тужбе": -2,
  "тужи": -2,
  "тужио": -2,
  "тужити": -2,
  "тукли": -2,
  "тумор": -2,
  "туп": -2,
  "тупан": -3,
  "туш": -3,
  "у болници": -2,
  "у заблуди": -2,
  "у застоју": -2,
  "у неповољном положају": -2,
  "убедити": 1,
  "убеђује": 1,
  "убијање": -3,
  "убијен": -3,
  "убиства": -2,
  "убиство": -2,
  "убиство без предоумишљаја": -3,
  "убитачан": -3,
  "убити": -3,
  "убица": -2,
  "ублажава": 2,
  "ублажити": 3,
  "убо": -2,
  "убод": -2,
  "уважени": 2,
  "уверава": 1,
  "уверен": 1,
  "уверио": 1,
  "увечан": -2,
  "уводити новине": 1,
  "увреда": -2,
  "увреде": -2,
  "увредити": -2,
  "увредљив": -2,
  "увређен": -2,
  "увређени": -2,
  "углађен": 2,
  "угњетавања": -2,
  "угњетавање": -2,
  "угрожава": -2,
  "угрожена": -2,
  "угроженим": -2,
  "угуши": -1,
  "удавити се": -2,
  "удари": -1,
  "удео": 1,
  "удобно": 2,
  "удобност": 2,
  "удовички": -1,
  "удубљење": -2,
  "ужасавајући": -3,
  "ужасан": -2,
  "ужасно": -3,
  "ужаснут": -3,
  "ужива": 2,
  "уживала": 2,
  "уживање": 2,
  "уживати": 2,
  "узалудан": -2,
  "узбудити": 3,
  "узбудљив": 3,
  "узбуђен": 3,
  "узбуђење": 3,
  "узвикивање": 2,
  "узврпољен": -2,
  "уздах": -2,
  "уздизање": 2,
  "узнемирава": -3,
  "узнемиравање": -3,
  "узнемиравати": -3,
  "узнемирен": -1,
  "узнемиреност": -2,
  "узнемирење": -2,
  "узнемирити": -2,
  "узнемирујући": -2,
  "узнесена": 2,
  "уједињен": 1,
  "укалупљен": -2,
  "уклет": -2,
  "укор": -2,
  "укора": -2,
  "укочен": -1,
  "украден": -2,
  "украсти": -2,
  "укусан": 3,
  "улепшати": 3,
  "уљез": -2,
  "уљудан": 2,
  "умањити": -1,
  "умањује": -1,
  "умирање": -3,
  "умирати од глади": -2,
  "умирена": 3,
  "умирујуће": 2,
  "умирујући": 3,
  "умор": -2,
  "уморан": -2,
  "уморно": -2,
  "умрети": -3,
  "умро": -3,
  "Унаппровед": -2,
  "унапредити": 1,
  "унгенероус": -2,
  "ундерперформ": -2,
  "унинволвинг": -2,
  "уништава": -3,
  "уништавање": -2,
  "уништена": -3,
  "уништити": -2,
  "уновчавања": -2,
  "уносан": 3,
  "унрелетинг": -2,
  "унресеарцхед": -2,
  "унфунни": -2,
  "уображен": -2,
  "уплашен": -2,
  "уплашити": -2,
  "упозорава": -2,
  "упозорења": -3,
  "упозорење": -3,
  "упозорити": -2,
  "упрошћавање": -2,
  "ура": 5,
  "уравнотежен": 1,
  "усавршио": 2,
  "усамљен": -2,
  "усваја": 1,
  "усвојен": 2,
  "усвојити": 1,
  "услугу": 2,
  "успаничио": -3,
  "успе": 3,
  "успео": 3,
  "успети": 3,
  "успех": 2,
  "успешан": 3,
  "успешно": 3,
  "усплахирен": -2,
  "успоравање": -1,
  "усрана": -3,
  "усхићен": 5,
  "усхићење": 3,
  "утвара": -1,
  "утешан": 2,
  "утицајан": 2,
  "утопи": -2,
  "утопљен": -2,
  "утучен": -2,
  "ух": -2,
  "ухапсити": -2,
  "ухапшен": -2,
  "уцвелити": -2,
  "уцена": -3,
  "уцене": -3,
  "уцењивао": -3,
  "уцењују": -3,
  "учврсте": 2,
  "учврстила": 2,
  "учтив": 2,
  "учтивост": 2,
  "фаворизовати": 2,
  "фаворит": 2,
  "фаворитед": 2,
  "фаворити": 2,
  "Фавоуритед": 2,
  "фалсификати": -3,
  "фалсификовани": -3,
  "фалсификовати": -3,
  "фанатик": -2,
  "фантастичан": 4,
  "фарса": -1,
  "фасцинантан": 3,
  "фасцинира": 3,
  "фасцинирати": 3,
  "фаталан": -3,
  "фаталност": -3,
  "фашиста": -2,
  "фашисти": -2,
  "феноменалан": 4,
  "фер": 2,
  "фијаско": -3,
  "фино": 2,
  "фитнес": 1,
  "флопа": -2,
  "флопс": -2,
  "фокусиран": 2,
  "фрикин": -2,
  "фровнинг": -1,
  "фрустрација": -2,
  "фрустрира": -2,
  "фрустрирајући": -2,
  "фрустриран": -2,
  "фтв": 3,
  "ФУД": -3,
  "фукед": -4,
  "Фукинг": -4,
  "фуцкинг љубави": 4,
  "фуцкинг хот": 2,
  "фуцктард": -4,
  "ха": 2,
  "хазардер": 2,
  "хакован": -1,
  "хаос": -2,
  "хаотичан": -2,
  "хаплесснесс": -2,
  "хардиер": 2,
  "харминг": -2,
  "хармонија": 2,
  "хармонично": 2,
  "Хармс": -2,
  "Харриед": -2,
  "Хатес": -3,
  "хатинг": -3,
  "Хаунтс": -1,
  "хаха": 3,
  "хахаха": 3,
  "хахахах": 3,
  "хвала": 2,
  "хвалисав": -2,
  "хероји": 2,
  "херојски": 3,
  "хехе": 2,
  "хид": -1,
  "хипотеке": -2,
  "хистерија": -3,
  "хистеричан": -3,
  "хитан": -1,
  "хладан": 1,
  "хлађење": -1,
  "Хоноринг": 2,
  "храбар": 2,
  "храбро": 2,
  "храброст": 3,
  "храбрости": 2,
  "хром": -2,
  "Хтц": -2,
  "хулиган": -2,
  "хулигани": -2,
  "хулиганство": -2,
  "хуман": 2,
  "Хумероус": 3,
  "хумор": 2,
  "хушкања": -2,
  "целебратинг": 3,
  "цензор": -2,
  "цензори": -2,
  "цензурисан": -2,
  "цени": 2,
  "ценити": 2,
  "цеститам": 2,
  "цинизам": -2,
  "циник": -2,
  "циничан": -2,
  "цозинесс": 2,
  "Цоммендед": 2,
  "цонсолабле": 2,
  "цонтагионс": -2,
  "цонцилиатед": 2,
  "цоурагеоуснесс": 2,
  "цриминатед": -3,
  "цриминатес": -3,
  "црнчуга": -5,
  "црње": -5,
  "Црусхес": -1,
  "цурење": -1,
  "Цхармлесс": -3,
  "цхастисинг": -3,
  "Цхеатер": -3,
  "цхидед": -3,
  "цхидес": -3,
  "цхидинг": -3,
  "цхокед": -2,
  "част": 2,
  "чежња": 1,
  "чекати": -1,
  "чело колоне": 2,
  "Честитам": 2,
  "честитати": 2,
  "честитка": 2,
  "чист": 2,
  "чистач": 2,
  "човек који диже узбуну без разлога": -2,
  "чок": -2,
  "чуда": 3,
  "чудан": -1,
  "чудно": -1,
  "чудо": 4,
  "шала": 2,
  "шаљив": 2,
  "шаљива": 2,
  "шампион": 2,
  "шампиони": 2,
  "шанса": 2,
  "шансе": 2,
  "шарм": 3,
  "шармантан": 3,
  "шашав": -2,
  "шверцује": -2,
  "шик": 2,
  "шкрт": -2,
  "шок": -2,
  "шокантан": -2,
  "шокиран": -2,
  "шокови": -2,
  "штедња": 1,
  "штета": -2,
  "штетан": -2,
  "штете": -3,
  "штити": 1,
  "штрајк": -1,
  "Штрајкови": -1,
  "шупак": -4,
  "шупаљ": -1
}