{
  "adoringly": 3,
  "affectionateness": 3,
  "agonises": -3,
  "agonizes": -3,
  "apeshit": -3,
  "appeases": 2,
  "arsehole": -4,
  "ashame": -2,
  "astounds": 3,
  "bamboozles": -2,
  "bereaves": -2,
  "bereaving": -2,
  "Betsie با": -3,
  "brilliances": 3,
  "charmless": -3,
  "chides": -3,
  "clueless در": -2,
  "cocksuckers": -5,
  "conciliates": 2,
  "consolable": 2,
  "contagions": -2,
  "coziness در": 2,
  "crestfallen": -2,
  "criminated": -3,
  "criminates": -3,
  "dejecting": -2,
  "dejects": -2,
  "demoralizes": -2,
  "derails": -2,
  "devastations": -2,
  "dickhead": -4,
  "dilligence": 2,
  "dipshit": -3,
  "disapprovals": -2,
  "disconsolation": -2,
  "Disguising و": -1,
  "disgustful": -3,
  "disparages": -2,
  "enrapture": 3,
  "evergreening": -3,
  "exasparate": -2,
  "exasperates": -2,
  "exhilarates": 3,
  "frikin": -2,
  "FTW": 3,
  "FUCKERS": -4,
  "fuckface": -4,
  "fuckhead": -4,
  "fucktard": -4,
  "FUD": -3,
  "fuked": -4,
  "fuking": -4,
  "gallantly": 3,
  "GLAMOUROUS": 3,
  "goodlooking": 3,
  "goofiness": -2,
  "GR8": 3,
  "greenwash": -3,
  "greenwasher": -3,
  "greenwashers": -3,
  "hahahah": 3,
  "haplessness": -2,
  "heavyhearted": -2,
  "humerous": 3,
  "impedingly": -2,
  "incensing": -2,
  "inediable": -2,
  "infantilized": -2,
  "infracted": -2,
  "infracting": -2,
  "infracts": -2,
  "intransigency": -2,
  "jackasses": -4,
  "laughting": 1,
  "lawl": 3,
  "likers": 2,
  "LMAO": 4,
  "LMFAO": 4,
  "LOL": 3,
  "lolol": 4,
  "lololol": 4,
  "lolololol": 4,
  "loool": 3,
  "looool": 3,
  "lovelies": 3,
  "maladaption": -2,
  "mirthfully": 3,
  "misbranding": -3,
  "mischiefs": -1,
  "misclassifies": -2,
  "misclassify": -2,
  "misconducted": -2,
  "misplaces": -2,
  "misreported": -2,
  "misreports": -2,
  "mock ها": -2,
  "motherfucker": -5,
  "mumpish": -2,
  "n00b": -2,
  "OKS": 2,
  "optionless": -2,
  "ostracizes": -2,
  "outmaneuvered": -2,
  "overprotective": -2,
  "overreacts": -2,
  "oversell": -2,
  "overselling": -2,
  "oversells": -2,
  "overstatements": -2,
  "prblm": -2,
  "prblms": -2,
  "rageful": -2,
  "ranters": -3,
  "raptured": 2,
  "robing": -2,
  "ROFL": 4,
  "roflcopter": 4,
  "roflmao": 4,
  "romantical": 2,
  "ROTFL": 4,
  "rotflmfao": 4,
  "ROTFLOL": 4,
  "savange": -2,
  "savanges": -2,
  "scumbag": -4,
  "sexistic": -2,
  "shithead": -4,
  "shoody": -2,
  "slickest": 2,
  "squelched": -1,
  "stinked": -2,
  "sueing": -2,
  "TARD": -2,
  "terrifically": 4,
  "tyrannic": -3,
  "tyrans": -3,
  "unavailing به": -2,
  "underperformed": -2,
  "underperforms": -2,
  "unfitted": -2,
  "unimaginative در": -2,
  "uninspired": -2,
  "uninvolving": -2,
  "unlovable": -2,
  "unreleting": -2,
  "vindicates": 2,
  "WANKER": -3,
  "warmhearted می": 2,
  "winwin": 3,
  "WOOO": 4,
  "woow": 4,
  "WOWOW": 4,
  "wowww": 4,
  "WTF": -4,
  "wtff": -4,
  "wtfff": -4,
  "XO": 3,
  "XOXO": 3,
  "XOXOXO": 4,
  "xoxoxoxo": 4,
  "yeees": 2,
  "Yucky به": -2,
  "اب زیر کاه": -1,
  "ابراز همدردی": 2,
  "ابله": -3,
  "ابلهانه": -2,
  "اتخاذ": 1,
  "آتش": -2,
  "اتلاف": -2,
  "اتهام": -2,
  "اتهام جرم": -3,
  "اتهامات": -2,
  "اثرات جانبی": -2,
  "اثربخشی": 2,
  "اجازه دادن": 1,
  "اجبار": -2,
  "اجباری": -1,
  "اجتناب": -1,
  "اجتناب کردن": -1,
  "اجنبی": -2,
  "آجیل": -3,
  "احترام": 2,
  "احتیاط": 2,
  "احساس": 1,
  "احساساتی": -2,
  "احضاریه": -2,
  "احکام": -1,
  "احمق": -3,
  "احمقانه": 2,
  "احمقانه ترین": -2,
  "احیای": 2,
  "اخ": -2,
  "اخاذی": -3,
  "اختصاصی": 2,
  "اختلاس": -3,
  "اختلاف": -2,
  "اختلافات": -2,
  "اختلال": -2,
  "اختلال عملکرد": -2,
  "اختلالات": -2,
  "اخراج": -2,
  "اخراج کردن": -2,
  "آخرالزمانی": -2,
  "اخلاقی": 2,
  "اخم": -1,
  "اخمو": -1,
  "ادای احترام کردند": 2,
  "ادب": 2,
  "ادعا": -2,
  "ادعا کردن": -1,
  "ادم احمق و ابله": -3,
  "آدم ربایی": -2,
  "آدم ساده": -2,
  "ادم سفیه و احمق": -3,
  "آدم کشی": -2,
  "اذعان می کند": -1,
  "اذیت": -2,
  "اذیت کردن": -3,
  "اذیت و آزار": -3,
  "اراذل و اوباش": -2,
  "آرام": 2,
  "آرام بخش": 2,
  "آرامش": 2,
  "ارائه اطلاعات نادرست": -2,
  "ارتکاب": 1,
  "ارج نهادن": 2,
  "ارزش": 2,
  "آرزو کردن": 1,
  "ارعاب": -2,
  "ارمکوریتلنیتسی": -2,
  "آره": 1,
  "از cocksucker": -5,
  "از Niggas": -5,
  "از بین بردن": 1,
  "از بین رفتن": -3,
  "از بین رفته": -2,
  "از بین می رود": -1,
  "از خط خارج": -2,
  "از خط خارج شدن": -2,
  "از خود راضی": -2,
  "از خود گذشتگی": 2,
  "از دست": -3,
  "از دست دادن": -2,
  "از دست رفته": -2,
  "از صمیم": 2,
  "از کوره در رفته": -1,
  "از گرسنگی مردن": -2,
  "از وجهه عمومی انداختن": -2,
  "از یاد بردنی": -1,
  "ازادی": 2,
  "آزادی": 2,
  "ازار": -2,
  "آزار": -3,
  "ازار دهنده": -3,
  "آزار دهنده": -2,
  "آزار و اذیت": -2,
  "ازدحام": -1,
  "اساسنامه": -4,
  "اسباب": -1,
  "اسپم": -3,
  "استادانه": 2,
  "استحکام": 2,
  "استعداد": 2,
  "استعفا": -1,
  "استعفا داد": -1,
  "استفادهچی": -2,
  "استفراغ": -3,
  "استقامت": 2,
  "استقبال": 2,
  "استقبال مینماید": 2,
  "استهزاء کردن": -2,
  "اسراف": -2,
  "اسطوره": -1,
  "اسفناک": -3,
  "اسکناس": -3,
  "اسلش": -2,
  "آسمان": 2,
  "آسمانی": 4,
  "آسیب": -2,
  "آسیب پذیر": -2,
  "آسیب پذیری": -2,
  "آسیب دیده": -3,
  "آسیب رساندن": -2,
  "اسیر کردن": 3,
  "آسین": 3,
  "اشباع فروش": -2,
  "اشتباه": -2,
  "اشتباه گزارش دادن": -2,
  "اشتباهات": -2,
  "اشتراک گذاری": 1,
  "آشتی": 2,
  "اشتیاق": -1,
  "آشفته": -2,
  "اشک": -2,
  "اشک ریختن": -2,
  "اضافه بار": -1,
  "اضافه وزن": -1,
  "اضداد": -1,
  "اضطراب": -2,
  "اضطراری": -2,
  "اطلاعات غلط": -2,
  "اطمینان": 1,
  "اطمینان بخش": 2,
  "اطمینان داد": 1,
  "اظهار تاسف": -3,
  "اظهار تأسف": -3,
  "اظهار شجاعت و دلاوری": 3,
  "اعتبار": 1,
  "اعتراض": -2,
  "اعتصاب": -2,
  "اعتماد": 1,
  "اعتماد به نفس": 2,
  "اعصاب": -1,
  "اعطا شده": 1,
  "اعطا کردن": 1,
  "اعطای": 1,
  "اعلام جرم": -3,
  "آغاز": -2,
  "اغراق": -2,
  "اغراق آمیز": -2,
  "اغوا": -1,
  "آغوش": 2,
  "آفت": -3,
  "افتادن": -1,
  "افتاده": -2,
  "افتخار": 2,
  "افراد مبتلا به": -2,
  "افراط گرایان": -2,
  "افراطی": -2,
  "افزایش": 1,
  "افزایش دادن": 1,
  "افزایش می یابد": 1,
  "افزایش یافت": 1,
  "افسردگی": -1,
  "افسردن": -2,
  "افسرده": -2,
  "افسوس": -2,
  "افسون": 3,
  "افشاگری": -1,
  "افشای": -1,
  "آفلاین": -1,
  "اقرار کردن": -1,
  "اقناع نشدنی": -2,
  "اکتشاف": 1,
  "اکتشافات": 1,
  "الاغ": -4,
  "آلاینده": -2,
  "آلرژی": -2,
  "الماس": 1,
  "الهام": 2,
  "الهام بخش": 2,
  "الهام بخشیدن": 2,
  "الهام گرفته": 2,
  "الودگی": -2,
  "آلودگی": -2,
  "آلوده": -2,
  "الوده کننده": -2,
  "آلوده کننده": -2,
  "آماده": -2,
  "آماده شده": 1,
  "امتناع": -2,
  "امد و شد زیاد": -1,
  "امکانات": 3,
  "امن": 2,
  "امن تر": 2,
  "اموختن": -2,
  "امید": 2,
  "امیدوار": 2,
  "انباشته شدن": -1,
  "انت": -3,
  "انتظار": -1,
  "انتقاد": -2,
  "انتقاد کردن": -2,
  "انتقام": -2,
  "انتقام جو": -2,
  "انتقامجویان": -2,
  "انجام": 2,
  "انجام دادن": 2,
  "انجام شده": 2,
  "انحراف": -1,
  "انحصار": -2,
  "انحصاری": -2,
  "انرژی و زنده دلی": 3,
  "انزجار": -3,
  "انسداد": -1,
  "آنفولانزا": -2,
  "انکار": -2,
  "انگیزه": -2,
  "اه": -2,
  "آه": -2,
  "اهانت": -1,
  "اهدا": 2,
  "اهداء": 2,
  "اهدای": 2,
  "آهسته": -2,
  "اهمیت": 1,
  "اهمیت جلوه": -1,
  "اهميت دادن": 2,
  "اوه": -2,
  "ایجاد انگیزه": 1,
  "ایمان": 1,
  "ایمنی": 1,
  "با ابهت": -1,
  "با ادب": 2,
  "با اراده": -2,
  "با آرزوی": 1,
  "با اطمینان": 2,
  "با افتخار": 2,
  "با ایمان": 3,
  "با بهره گیری از": 2,
  "با تخفیف": -1,
  "با تشکر": 2,
  "با درود": 2,
  "با دقت": 2,
  "با دوام": 2,
  "با سیخونک بحرکت واداشتن": -5,
  "با شدت بهم زدن": -2,
  "با شکوه": 2,
  "با صرفه": 2,
  "با فضیلت": 2,
  "با مته سوراخ کردن": -2,
  "با محبت": 2,
  "با موفقیت": 3,
  "با ناراحتی": -2,
  "با نشاط": 2,
  "بادوام": 2,
  "بار": -2,
  "بارانی": -1,
  "بارقههای": 3,
  "بارور": 2,
  "بازجویی": -2,
  "بازخرید": 2,
  "بازدارنده": -2,
  "بازداشت": -2,
  "بازگرداندن": 1,
  "بازمانده": 2,
  "بازنده": -3,
  "بازور": -1,
  "بازی در حال تغییر": 3,
  "بازیابی": 1,
  "بازیگوش": 2,
  "باشکوه": 3,
  "باطل": -2,
  "باعث خرابی": -2,
  "بافندگی": -1,
  "بالا": 2,
  "بالا آمدن": 1,
  "بالا بردن": 1,
  "بالغ": 2,
  "بانکداران تبهکار": -3,
  "بانی خیر": 2,
  "باهوش": 2,
  "باهوش  هوشمند": 2,
  "باهوش ترین": 2,
  "باور نکردنی": -1,
  "بچگانه": -2,
  "بحث": -2,
  "بحث برانگیز": -2,
  "بحران": -3,
  "بحران اقتصادی": -2,
  "بخشش": 2,
  "بخشنده": 2,
  "بخشیدن": 1,
  "بخور دادن به": -2,
  "بد": -3,
  "بد اخلاق": -3,
  "بد بازی کردن": -2,
  "بد بخت": -2,
  "بد بو": 2,
  "بد تفسیر": -2,
  "بد شانسی": -2,
  "بدبختی": -2,
  "بدبین": -2,
  "بدبینانه": -2,
  "بدبینی": -2,
  "بدتر": -3,
  "بدتر شدن": -3,
  "بدترین": -3,
  "بدجلوه دادن": -2,
  "بدخیم": -2,
  "بدرفتار": -2,
  "بدرفتاری": -2,
  "بدشکلی": -2,
  "بدگمان": -3,
  "بدنام": -2,
  "بدهی": -2,
  "بدون بهانه": -3,
  "بدون خدشه": 2,
  "بدون خطر": 1,
  "بدون خود خواهی": 2,
  "بدون درز": 2,
  "بدی": -3,
  "بر دوش": -2,
  "برازنده": 2,
  "برافروخته": -2,
  "برانگیخت": -1,
  "برانگیخته": 3,
  "برآورده": 2,
  "برآورده نشده": -2,
  "برتر": 2,
  "برتری": 3,
  "برجسته": 5,
  "برخورد": -2,
  "برداشت از حساب": -3,
  "بردبار": 2,
  "بردگی": -3,
  "بردگی می کشاند،": -2,
  "برده": -3,
  "برش": -1,
  "برش دادن": -1,
  "برطرف": 2,
  "برطرف کردن": 2,
  "برکت": 2,
  "برگزیده شده": 2,
  "برگشت ناپذیر": -1,
  "برمی انگیزد": -1,
  "برنده": 4,
  "برنده شد": 3,
  "بریده بریده کردن": -2,
  "بز طلیعه": -2,
  "بزرگ": 1,
  "بزرگترین": 3,
  "بزرگداشت": 2,
  "بزمی": 2,
  "بست": 2,
  "بستری": -2,
  "بسط دادن": 1,
  "بسیار": 1,
  "بسیار خوشحال": 4,
  "بشاش": 2,
  "بشر دوستی": 2,
  "بشویم": -1,
  "بصیر": -2,
  "بصیرت": 2,
  "بطور عزیز": 3,
  "بعید": -1,
  "بلا استفاده": -2,
  "بلندی": -1,
  "بله": 1,
  "بلوک": -1,
  "بمب": -1,
  "بمکد": -3,
  "بن بست": -2,
  "بنده کردن": -2,
  "به اشتراک گذاشته شده": 1,
  "به بردگی گرفته شده": -2,
  "به تاخیر افتاده": -1,
  "به تاخیر انداختن": -2,
  "به تعویق انداختن": -1,
  "به تعویق می اندازد": -1,
  "به تلخی": -2,
  "به حق": 2,
  "به خوبی تثبیت": 2,
  "به خوبی توسعه یافته": 2,
  "به دام افتاده": -2,
  "به درستی": 2,
  "به دست آورد": 2,
  "به دست آوردن": 2,
  "به راحتی": 2,
  "به رسمیت شناختن": 2,
  "به ستوه آورده": -3,
  "به سخره گرفت": -2,
  "به سرقت برده": -2,
  "به سرقت رفته": -2,
  "به سلامتی": 2,
  "به شدت": -3,
  "به طرز وحشیانه ای": -3,
  "به طور تصادفی": -2,
  "به طور غیر قانونی": -3,
  "به طور موثر": 2,
  "به عمد وانمود": -2,
  "به وضوح": 2,
  "بهانه": -1,
  "بهبود": 2,
  "بهبود یافته": 2,
  "بهت زده": -2,
  "بهتر": 2,
  "بهتر کردن": 2,
  "بهترین": 3,
  "بهترین لعنتی": 4,
  "بهره": 2,
  "بهره برداری": -2,
  "بهشت": 3,
  "بهم خوردن": -1,
  "بهم ریختگی": -2,
  "بوسه": 2,
  "بی اثر": -2,
  "بی احترامی": -2,
  "بی ادب": -2,
  "بی ادبی کردن": -2,
  "بی ارزش": -2,
  "بی اعتبار": -2,
  "بی اعتبار کردن": -2,
  "بی اعتمادی": -3,
  "بی اعتنایی": -2,
  "بی امان": -2,
  "بی ایمان": -1,
  "بی باک": 2,
  "بی پروا": -2,
  "بي تفاوت": -2,
  "بی تفاوت": -3,
  "بی تناسب": -2,
  "بی توجه": -2,
  "بی توجهی": -2,
  "بی ثبات": -2,
  "بی ثمر": -2,
  "بی چاره": -2,
  "بی حادثه": -2,
  "بی حال": -2,
  "بی حالی": -2,
  "بی حرکت": -1,
  "بی حس": -1,
  "بی خانمان": -2,
  "بی خطر": 1,
  "بی خیال": 1,
  "بی درنگ": 1,
  "بی دست و پا": -2,
  "بی دفاع": -2,
  "بی دندان": -2,
  "بی ربط": -2,
  "بی رحم": -1,
  "بی روح": -2,
  "بی سر و صدا": 2,
  "بی سرپرست": -2,
  "بی شفقت": -3,
  "بی صبر": -2,
  "بی عاطفه": -2,
  "بی عدالتی": -2,
  "بی عرقه": -2,
  "بی علاقگی": -2,
  "بی عیب": 2,
  "بی غرض": 2,
  "بی فایده": -2,
  "بی فکر": -2,
  "بی قرار": -2,
  "بی قراری": -1,
  "بی کار": -1,
  "بی کفایت": -2,
  "بی کفایتی": -2,
  "بی مزه": -2,
  "بی مسئولیت": -2,
  "بی معنی": -2,
  "بی ملاحظه": -2,
  "بی منطق": -2,
  "بی میل": -2,
  "بی نظم": -2,
  "بی نظیر": 2,
  "بی همتا": 1,
  "بی وفا": -2,
  "بی وقفه": 2,
  "بیاد": -2,
  "بیاد ماندنی": 1,
  "بیخوابی": -2,
  "بیداد": -2,
  "بیرون انداختن": -2,
  "بیزار": -3,
  "بیسوادی": -2,
  "بیشتر": 3,
  "بیشرفم": -5,
  "بیکاری": -2,
  "بیگانگی": -2,
  "بیمار": -2,
  "بیماری": -2,
  "بینتیجه میگذارد": -1,
  "بیهوده": -2,
  "بیهوده گویی": -3,
  "بیوه": -1,
  "پاداش": 2,
  "پاره شده": -2,
  "پاسخگو": 2,
  "پاک": 1,
  "پاک کردن": 2,
  "پاک کننده": 2,
  "پالودن": 1,
  "پایدار": 2,
  "پایداری": 1,
  "پایین ترین": -1,
  "پدیدار": -1,
  "پدیده": -2,
  "پذیرش": 1,
  "پذیرفتن": 1,
  "پذیرفته": -1,
  "پذیرفته شده": 1,
  "پر جنب و جوش": 3,
  "پر دردسر": -2,
  "پر زرق و برق": 3,
  "پر سر و صدا": -1,
  "پر مخاطره": -2,
  "پراسایش": 2,
  "پربرکت": 4,
  "پرجنجال": -3,
  "پرچین": 3,
  "پرخاشگری": -2,
  "پرخطر": -3,
  "پرداخت": -1,
  "پرستش": 3,
  "پرسش": -1,
  "پرماجرا": 2,
  "پرورش": 2,
  "پرونده های حقوقی": -2,
  "پریشان": -2,
  "پریشانی": -2,
  "پژمرده": -2,
  "پس از سانحه": -3,
  "پس از ضربه": -2,
  "پس انداز": 1,
  "پست": -2,
  "پسر از یک عوضی": -5,
  "پسندیدن": 2,
  "پشت": 1,
  "پشتیبانی": 2,
  "پشتیبانی نشده": -2,
  "پشیمان": -2,
  "پشيمان شدن": -2,
  "پف کرده": -1,
  "پنکه": 3,
  "پنهان": -1,
  "پنهان شدن": -1,
  "پنهان کردن": -1,
  "پوچی": -1,
  "پوزشخواهی": -1,
  "پوست": -1,
  "پوشیده": -1,
  "پی جو": 2,
  "پیامدهای": -2,
  "پیچ": -3,
  "پیچیده": -2,
  "پیروز": 4,
  "پیروزی": 3,
  "پیش بینی": 1,
  "پیش رفتن": 2,
  "پیشرفته": 1,
  "پیگرد قانونی": -1,
  "پیگیری": -1,
  "پیوستن": 1,
  "تاپ": 2,
  "تاثير گذار": 2,
  "تاثیر گذاشتن": 3,
  "تاخیر انداختن": -1,
  "تار": -2,
  "تاریک ترین": -2,
  "تاریکی": -1,
  "تازه": 1,
  "تازه کار": -2,
  "تاسف": -2,
  "تاکید": -2,
  "تالار گفتگوی جوانان ایرانی": -2,
  "تایید": 2,
  "تأیید": -2,
  "تایید اعتبار": 1,
  "تایید کرد": 2,
  "تایید نشده": -1,
  "تب": -2,
  "تبانی": -3,
  "تباهی": -2,
  "تبر": -1,
  "تبریک": 2,
  "تبریک گفتن": 1,
  "تبرئه": 2,
  "تبرئه کردن": 2,
  "تبعیض": -2,
  "تبعیض آمیز": -2,
  "تبعیض جنسی": -2,
  "تبعیض قائل شدن": -2,
  "تبلیغ": -2,
  "تبلیغات": -2,
  "تجاری در": -2,
  "تجاوز": -2,
  "تجاوزات": -2,
  "تجلیل": 3,
  "تحت پیگرد قانونی قرار": -2,
  "تحت تاثیر قرار": 3,
  "تحت تعقیب": -2,
  "تحت تعقیب قانونی قرار دادن": -1,
  "تحت فشار": -2,
  "تحریف": -2,
  "تحریک": 1,
  "تحریک کردن": 3,
  "تحریک کننده": 2,
  "تحریم": -2,
  "تحریم کردن": -2,
  "تحسین": 2,
  "تحقیر": -3,
  "تحقیر امیز": -2,
  "تحلیل بردن": -2,
  "تحمل": 2,
  "تحمیل": -1,
  "تحمیل کردن": -2,
  "تخریب": -3,
  "تخلف": -2,
  "تخلفات": -2,
  "تخلیه": -2,
  "تخیلی": 2,
  "تراژدی": -2,
  "تراست": 1,
  "ترحم": -2,
  "تردید": -2,
  "ترس": -2,
  "ترسان": -2,
  "ترساندن": -2,
  "ترساننده": -2,
  "ترسناک": -3,
  "ترسو": -2,
  "ترسیدن": -3,
  "ترسیده": -2,
  "ترک کردن": -1,
  "ترمیم": 1,
  "ترور": -3,
  "تروریست ها": -2,
  "تروریستی": -2,
  "ترویج": 1,
  "تسبیح": 3,
  "تسکین": 2,
  "تسکین بخش": 2,
  "تسکین دادن": 3,
  "تسکین دهنده": 3,
  "تسلیم شدن": -1,
  "تشدید": -2,
  "تشکر": 2,
  "تشویشی": -2,
  "تشویق": 2,
  "تشويق كردن": 2,
  "تشویق کردن": 2,
  "تشویق و تمجید": 2,
  "تشییع جنازه": -1,
  "تصادف": -2,
  "تصادفی": -2,
  "تصحیح": 1,
  "تصرف": -2,
  "تصفیه شده": 1,
  "تصویب": 2,
  "تضاد": -2,
  "تضعیف": -2,
  "تضعیف کردن": -2,
  "تضمین امنیت": 2,
  "تظاهرات": -2,
  "تعارف": 2,
  "تعجب": 3,
  "تعدادشان کمتر": -2,
  "تعدیل شده": 2,
  "تعریف و تمجید": 2,
  "تعزیر": -3,
  "تعصب": -1,
  "تعطیل": -2,
  "تعفن": -2,
  "تعقیب کردن": -2,
  "تعهد": 2,
  "تعویق": -1,
  "تفاله": -3,
  "تفریحی": 3,
  "تفکری": -2,
  "تفنگ": -1,
  "تقاضا": -1,
  "تقبیح": -2,
  "تقدیر": 2,
  "تقدیر نشده": -2,
  "تقلا کردن": -3,
  "تقلب": -4,
  "تقلب کردن": -3,
  "تقلبی": -3,
  "تقلید شده": -2,
  "تقلید مسخره امیز کردن": -2,
  "تقلید می کنی": -3,
  "تقلیل": -2,
  "تقویت": 2,
  "تقویت شده": 1,
  "تکان دهنده": -2,
  "تکبر": -2,
  "تکذیب کرد": -2,
  "تگرگ": 2,
  "تلاش": -2,
  "تلافی کردن": -2,
  "تلخ": -2,
  "تلف": -2,
  "تلفات": -3,
  "تلقین": -2,
  "تله": -1,
  "تمامیت": 2,
  "تمایل": 2,
  "تمسخر": -2,
  "تمیز": 2,
  "تناسب اندام": 1,
  "تنبل": -2,
  "تنبلی": -2,
  "تنبیه": -3,
  "تنبیه کردن": -2,
  "تنبیهی": -2,
  "تند": -3,
  "تند و تلخ": 2,
  "تند و تیز": 1,
  "تند و زننده": -3,
  "تند و سوزنده": -3,
  "تندرستی": 2,
  "تنزل": -2,
  "تنش": -1,
  "تنگیهای": -2,
  "تنها": -2,
  "تنها و بیکس": -2,
  "تنومند": 2,
  "تهاجم": -1,
  "تهاجمی": -2,
  "تهدید": -3,
  "تهدید آمیز": -2,
  "تهدید کردن": -2,
  "تهدید می": -2,
  "تواضع": 2,
  "توافق": 1,
  "توانا": 1,
  "توانایی": 2,
  "توانایی ها": 2,
  "توانمندسازی": 2,
  "توبیخ": -2,
  "توبیخ و ملامت کردن": -3,
  "توتالیتاریسم": -2,
  "توتالیتر": -2,
  "توجه": 2,
  "توجیه": 2,
  "توخالی": -1,
  "توسعه": 2,
  "توصیف": 3,
  "توصیه": 2,
  "توصیه شده": 2,
  "توطئه": 1,
  "توقف": -1,
  "تومور": -2,
  "توهین": -2,
  "تیر": -2,
  "تیران": -3,
  "تیره": -2,
  "تیره و ابر آلود": -1,
  "ثابت": -1,
  "ثابت قدم": 2,
  "ثروت": 2,
  "ثروتمند": 2,
  "ثروتمندتر": 2,
  "جا گذاشتن": -2,
  "جادار": 1,
  "جاذب": 3,
  "جاذبه": 2,
  "جاذبه های": 2,
  "جاسوسی": -2,
  "جالب": 3,
  "جالب هست": 2,
  "جامد": 2,
  "جامع": 2,
  "جان": -3,
  "جان سالم به در": 2,
  "جان کندن": -3,
  "جانبدارانه": -2,
  "جانی دوباره": 2,
  "جاه طلب": 2,
  "جاویدان": 2,
  "جای زخم": -2,
  "جای غلط گذاشتن": -2,
  "جایزه": 3,
  "جبران ناپذیر": -2,
  "جدا": -1,
  "جدا شده": -1,
  "جدی": 2,
  "جذاب": 3,
  "جذابیت": 2,
  "جذب": 2,
  "جذبه": 2,
  "جرأت مندی": 2,
  "جرایم": -2,
  "جرقه": 1,
  "جرقه زننده": 3,
  "جرم": -3,
  "جریمه": -2,
  "جریمه کردن": -2,
  "جسد": -1,
  "جسور": 2,
  "جشن": 3,
  "جشن گرفتن": 3,
  "جشن ها": 3,
  "جشنی": 2,
  "جعل": -3,
  "جعلی": -3,
  "جلا": 2,
  "جلب": -2,
  "جلف": 2,
  "جلودار": 1,
  "جلوگیری": -1,
  "جلوگیری کردن": -1,
  "جلوگیری می کند": -1,
  "جمله": -2,
  "جمله ها": -2,
  "جنایات": -3,
  "جنایت": -3,
  "جنایی": -3,
  "جنجال": -2,
  "جنگ": -2,
  "جنون": -2,
  "جهات": 2,
  "جهل": -2,
  "جهنم": -4,
  "جهنمی": -2,
  "جوان": 2,
  "جواهر": 1,
  "جواهرات": 1,
  "جوایز": 3,
  "جوک": 2,
  "جیغ": -2,
  "جیغ زدن": -2,
  "چاق و چله": 2,
  "چاقو": -2,
  "چاقوکشی": -2,
  "چاک دار": -2,
  "چالش": -1,
  "چانه زدن": 2,
  "چرند": -3,
  "چشم انداز": 1,
  "چشم پوشی": -1,
  "چشمگیر": 3,
  "چک و چانه زدن": -2,
  "چندش آور": -3,
  "چوک": -2,
  "چیز غریب": -2,
  "چیزهای جالب": 3,
  "حاکم": 1,
  "حالت منفی بودن": -2,
  "حامی": 1,
  "حامیان": 1,
  "حبس": -2,
  "حد وسط": -3,
  "حرامزاده": -5,
  "حرکت تند و سریع": -3,
  "حرکت شبیه چمچه زنی": 3,
  "حرکت نزولی": -2,
  "حریص": -2,
  "حزن انگیز": -2,
  "حسادت": -1,
  "حسرت": 1,
  "حسن نیت": 3,
  "حسود": -2,
  "حصول اطمینان از": 1,
  "حفاظت شده": 1,
  "حفظ": -1,
  "حقه باز": 2,
  "حقیقی": 2,
  "حکم": -1,
  "حل": 1,
  "حل شد": 1,
  "حل کردن": 1,
  "حماقت": -3,
  "حمایت از": 1,
  "حمایت کردن": 2,
  "حمایت کننده": 2,
  "حملات": -1,
  "حمله": -1,
  "حمله کرد": -1,
  "حمله و تشنج": -3,
  "حوادث": -2,
  "حواس پرتی": -2,
  "حوصله سر بر": -3,
  "حیرت آور": 4,
  "حیف و میل": -2,
  "حیله گری": -2,
  "خار": -2,
  "خارش دار": -2,
  "خارق العاده": 4,
  "خاک": -2,
  "خاکستری": -1,
  "خالص": 1,
  "خالصانه": 2,
  "خالق": 2,
  "خالی": -1,
  "خالی از سکنه": -2,
  "خالی کردن": -1,
  "خام": -1,
  "خاموش": -1,
  "خجالت": -2,
  "خجالتی": -1,
  "خجل": -2,
  "خدا": 1,
  "خر نر": -4,
  "خراب": -3,
  "خراب کردن": -2,
  "خرابکار": -2,
  "خرابکاری": -2,
  "خرابی": -2,
  "خراشیده": -2,
  "خرحمالی": -2,
  "خرد": -2,
  "خرد کردن": -1,
  "خروس": -5,
  "خسارت": -3,
  "خستگی": -2,
  "خسته": -2,
  "خسته شده": -3,
  "خسته کننده، اذیت کننده": -2,
  "خشم": -3,
  "خشم آور": -2,
  "خشمگین": -2,
  "خشمگین کردن": -2,
  "خشن": -2,
  "خشونت": -3,
  "خشونت آمیز": -2,
  "خشونت های مرتبط با": -3,
  "خصومت آمیز": -2,
  "خطا": -2,
  "خطاهای": -2,
  "خطر": -2,
  "خطرات": -2,
  "خطرناک": -2,
  "خطرناکی": -2,
  "خفگی": -2,
  "خفه": -2,
  "خفه کردن": -2,
  "خلاف": -2,
  "خلاقانه": 2,
  "خلوص": 2,
  "خنثی": -2,
  "خنثی کردن": -2,
  "خنثی کننده": -2,
  "خندان": 2,
  "خنده": 1,
  "خنده دار": 4,
  "خندید": 1,
  "خوار": -2,
  "خواستار": -1,
  "خواستگاری کردن": 3,
  "خواسته": -1,
  "خواسته ها": -1,
  "خوب": 3,
  "خوب آنلاین": 4,
  "خوب تقسیم شده": 2,
  "خوب دفاع": 3,
  "خوب نیست": -2,
  "خوبی": 3,
  "خوبی متمرکز": 2,
  "خود آزاری": -2,
  "خود خواه": -3,
  "خود رای": 2,
  "خود متناقض": -2,
  "خودخواهی": -3,
  "خودشیفتگی": -2,
  "خودکشی": -2,
  "خودکشی کردن": -2,
  "خوش": 2,
  "خوش آمد می گوید": 1,
  "خوش آمدی": 2,
  "خوش بین": 2,
  "خوش بینی": 2,
  "خوش شانس": 3,
  "خوش قیافه": 3,
  "خوش مشرب": 3,
  "خوشبختانه": 3,
  "خوشحال": 3,
  "خوشحالی": 3,
  "خوشدل": 3,
  "خوشگل": 3,
  "خوشمزه  لذیذ": 3,
  "خونین": -3,
  "خیانت": -3,
  "خیانت امیز": -3,
  "خیانت کرد": -3,
  "خیانت کردن": -3,
  "خیر": -1,
  "خیراندیش": 3,
  "خیره": -2,
  "خیره سری": 2,
  "خیره کننده": 4,
  "خیریه": 2,
  "خیلی بد و ناخوشایند": -3,
  "داد و بیداد": -3,
  "دارای پشت": 1,
  "دارای طبقهبندی نادرست": -2,
  "دارای کمبود": -2,
  "دارایی": 2,
  "دارایی های": 2,
  "داستان عاشقانه": 2,
  "داستان مصور": 1,
  "دافع": -2,
  "دام": -1,
  "داونر": -2,
  "دایره وار حرکت کردن": -2,
  "دچار سوء تفاهم": -2,
  "دچار سوءتفاهم": -2,
  "دچار طاعون": -3,
  "در twat": -5,
  "در آغوش گرفتن": 2,
  "در انتظار": -1,
  "در حال رشد": 1,
  "در حال مرگ": -3,
  "در حرکت": 2,
  "در خفا انجام دادن": -1,
  "در خور": 2,
  "در دسترس": 1,
  "در دسترس نیست": -1,
  "در رفتن": -1,
  "در سوگ درگذشت": -2,
  "در گوشه ای": -2,
  "در معرض": -1,
  "در معرض گذاشتن": -1,
  "در موارد دلخواه": 2,
  "در هکتار": 2,
  "در هم شکسته": -2,
  "درجه یک": 3,
  "درخشان": 2,
  "درخشش": 3,
  "درخشندگی": 3,
  "درد": -2,
  "دردناک": -2,
  "درست": 2,
  "درشت": -2,
  "درگیر": 1,
  "درگیری": -2,
  "درمانده": -2,
  "درنده": -2,
  "درنرفتن": -2,
  "درهم و برهم": -2,
  "دروغ": -2,
  "دروغ گو": -3,
  "دروغگو": -3,
  "دریغ": -2,
  "دزد": -2,
  "دزدی": -2,
  "دست انداختن": -2,
  "دست بردن در": -3,
  "دست کاری": -1,
  "دست کم گرفت": -1,
  "دست کم گرفتن": -1,
  "دست یافتنی": 1,
  "دستاورد": 2,
  "دستاوردهای": 2,
  "دستچین": 1,
  "دستکاری": -1,
  "دستگیری": -2,
  "دسته کردن": -3,
  "دستیابی به موفقیت": 3,
  "دشمن": -2,
  "دشمنان": -2,
  "دشمنی": -2,
  "دشوار": -1,
  "دعا": 1,
  "دعا كردن": 1,
  "دعوا کردن": -2,
  "دعوایی": -2,
  "دعوت": 1,
  "دعوی قضایی": -1,
  "دغل باز": -2,
  "دفاع": 2,
  "دفاع کردن از": 2,
  "دفع": -1,
  "دقت": 3,
  "دقیق": 2,
  "دل تنگی": -2,
  "دل شکسته": -3,
  "دلالی": -2,
  "دلاوری": 3,
  "دلپذیر": 2,
  "دلتنگ": -2,
  "دلتنگ کننده": -2,
  "دلخواه": 2,
  "دلخور": -2,
  "دلخوری": -2,
  "دلخوشیها": 3,
  "دلسرد": -2,
  "دلسوز": 2,
  "دلسوزی کردن بر": -3,
  "دلگرم کننده": 2,
  "دلهره آور": -3,
  "دمار از روزگارمان درآورد": -4,
  "دمدمی": -1,
  "دندانه": -2,
  "دهان": -2,
  "دهشتناک": -3,
  "دوباره قوت قلب دادن": 1,
  "دود مه": -2,
  "دور انداختن": -1,
  "دور انداخته": -1,
  "دور ریختنی": -1,
  "دوراهی": -1,
  "دوست": 1,
  "دوست دارد": 2,
  "دوست داشت": 2,
  "دوست داشتني": 3,
  "دوست داشتنی": 3,
  "دوست نداشتن": -2,
  "دوستانه": 2,
  "دوستی": 2,
  "دوش گرفتن": -3,
  "دیر باور": -2,
  "دیک": -4,
  "دیوانگی": -3,
  "دیوانه": -2,
  "دیوانه کننده": -3,
  "دیوانه وار": -3,
  "ذخیره": 2,
  "را underperform": -2,
  "را انکار می کند": -2,
  "را بهبود می بخشد": 2,
  "را تسکین می دهد": 1,
  "را دوست دارد": 3,
  "را دوست دارد لعنتی": 4,
  "را محدود و": -2,
  "را مخفی می کردند": -1,
  "را ممنوع کرده است": -1,
  "راحت": 2,
  "راش": -2,
  "راضی": 2,
  "راه اندازی شد": 1,
  "راه حل": 1,
  "راهرو": -2,
  "رایحه": 1,
  "رایگان": 1,
  "ربایش": -2,
  "ربوده": -2,
  "ربوده شده": -2,
  "رحمت": 2,
  "رخ داد": -1,
  "رخنه": -2,
  "رد": -2,
  "رد صلاحیت": -2,
  "رد کردن": -1,
  "ردای": -2,
  "رسد": 1,
  "رسوایی": -2,
  "رسیدن": 1,
  "رسیده": 1,
  "رشته badass": -3,
  "رشد": 2,
  "رشد بد و ناصحیح": -2,
  "رشوه": -3,
  "رشوه دادن": -3,
  "رضایت": 2,
  "رفاهی": 2,
  "رفتار نادرست": -2,
  "رفتند": -2,
  "رفع": 2,
  "رفعت": 3,
  "رقابتی": 2,
  "رقت بار": -2,
  "رقیب": -1,
  "رم": -2,
  "رمان": 2,
  "رنج": -2,
  "رنج بردن": -2,
  "رنج کشیدن": -2,
  "رنج می برد": -2,
  "رنگ پریده": -2,
  "رها": -2,
  "رها کردن": -1,
  "رهبری": 1,
  "رو به وخامت": -2,
  "رو به وخامت گذاشته": -2,
  "روانی": -2,
  "روح": -1,
  "روحیه": -2,
  "روحیه اش را تضعیف": -2,
  "روش": 2,
  "روشن": 1,
  "روشن کردن": 2,
  "روشنایی": 1,
  "روشنگر": 2,
  "روی": 1,
  "رویا": 1,
  "رویاهای": 1,
  "رویایی": 3,
  "رویین تن": 2,
  "ریاکار": -2,
  "ریخته": -2,
  "زا": -2,
  "زاری": -2,
  "زباله": -1,
  "زحمت": -2,
  "زحمتکش": -2,
  "زخم": -2,
  "زخم زبان زدن": -2,
  "زخم زدن": -2,
  "زشت": -2,
  "زشتی": -3,
  "زن غرغرو": -4,
  "زندان": -2,
  "زندانی": -2,
  "زندانیان": -2,
  "زنده": 1,
  "زنگ خطر": -2,
  "زننده": -2,
  "زیاد ساده کردن": -2,
  "زیاده": -2,
  "زیان": -3,
  "زیان آور": -2,
  "زیبا": 2,
  "زیبا کردن": 3,
  "زیبایی": 3,
  "زیبایی ها": 3,
  "ساختگی": -1,
  "سادگی": 1,
  "ساده": -2,
  "ساده دل": -2,
  "ساده لوح": -2,
  "ساده لوحی": -2,
  "سادهسازی": -2,
  "ساکت": 3,
  "ساکت کردن": 2,
  "سالم": 2,
  "سانحه": -2,
  "سانسور": -2,
  "سانسورچی": -2,
  "سبزشویی": -3,
  "سپاسگزار": 3,
  "سپر بلا": -2,
  "سپرده": 2,
  "سپری شدن": -1,
  "ستایش": 2,
  "ستم": -2,
  "ستمگر": -2,
  "ستودن": 2,
  "ستوده": 3,
  "سخاوتمندانه": 2,
  "سخت": -1,
  "سخت ترین": -2,
  "سخت گیری در سیاست": -2,
  "سختی": -2,
  "سد": -2,
  "سرانداز": 2,
  "سرایت": -2,
  "سرپوش گذاشتن": -3,
  "سرپیچی کردن از": -2,
  "سرخورده": -2,
  "سرخوشی": 4,
  "سرد": 1,
  "سردرد": -2,
  "سردرگم": -2,
  "سرزنده": 2,
  "سرزنش": -2,
  "سرزنش کردن": -3,
  "سرطان": -1,
  "سرقت": -2,
  "سرگرم کننده": 2,
  "سرگرمی": 4,
  "سرنوشت": -2,
  "سریع": 2,
  "سریعا": 2,
  "سعادت": 3,
  "سعادتمند": 3,
  "سعید": 3,
  "سفت": -2,
  "سفت کردن": 2,
  "سقط": -1,
  "سقوط": -2,
  "سقوط  فروپاشی  اضمحلال": -2,
  "سکسی": 3,
  "سگ": -5,
  "سگ ماده": -5,
  "سلام": 2,
  "سلام های نظامی": 2,
  "سلب حق اقامه دعوی": -2,
  "سلب حق مالکیت": -2,
  "سلوک": -2,
  "سم": -2,
  "سموم": -2,
  "سمی": -3,
  "سند چشم انداز": 1,
  "سنگ": -2,
  "سهام": 1,
  "سهوا": -2,
  "سهولت": 2,
  "سو استفاده کردن": -3,
  "سوء استفاده": -3,
  "سوء استفاده قرار گیرد": -2,
  "سوء تفاهم": -2,
  "سوء رفتار": -2,
  "سوال": -1,
  "سوال برانگیز": -2,
  "سود": 2,
  "سودا": -2,
  "سودآور": 2,
  "سودمندانه": 2,
  "سودمندی": 2,
  "سوزاندم": -1,
  "سوگند": -2,
  "سوگوار": -2,
  "سوگواری": -2,
  "سیاه": -2,
  "سیاه بند": -3,
  "سیاه پوست": -5,
  "سیاه رو": -2,
  "شاد": 3,
  "شاد و خرم": 2,
  "شادترین": 3,
  "شادمانه": 3,
  "شادی": 3,
  "شادی کردن": 4,
  "شاش": -4,
  "شاشیدن": -3,
  "شان اعمال تبعیض": -2,
  "شانس": 3,
  "شاهکار": 4,
  "شاهکارهای": 4,
  "شایان ستایش": 3,
  "شایستگی": 1,
  "شایسته": 2,
  "شبه علم": -3,
  "شبهه": -2,
  "شجاع": 2,
  "شجاعانه": 2,
  "شجاعت": 2,
  "شخص غایب": -1,
  "شخص نفرت انگیز": -2,
  "شدت": -2,
  "شدید": 1,
  "شدیدتر": -2,
  "شدیدترین دشمن": -1,
  "شرارت": -1,
  "شرم": -2,
  "شرم آور": -2,
  "شرمسار": -2,
  "شرمنده": -2,
  "شریر": -2,
  "شستشو سبز": -3,
  "شستشوی مغزی": -3,
  "شستن سبز": -3,
  "شفقت": 2,
  "شكايت كردن": -2,
  "شک": -1,
  "شک و تردید": -1,
  "شکاک": -2,
  "شکاکان": -2,
  "شکایت": -2,
  "شکایت کرد": -2,
  "شکست": -1,
  "شکست خوردن": -2,
  "شکست داد": -2,
  "شکست مفتضحانه": -3,
  "شکست ناپذیر": 2,
  "شکسته شده": -1,
  "شکنجه": -4,
  "شکوه": 2,
  "شگفت": 4,
  "شگفت انگیز": 4,
  "شگفت آور": 4,
  "شگفت زده": 3,
  "شگفت زده می کند": 2,
  "شل": -3,
  "شلخته": -5,
  "شلیک": -1,
  "شناور": 2,
  "شنگول": 3,
  "شهرت": 1,
  "شهرک": 1,
  "شوخ": 4,
  "شوخ طبعی": 2,
  "شوخی": 2,
  "شور": 2,
  "شورش": -2,
  "شورشی": -2,
  "شورشیان": -2,
  "شوک": -2,
  "شوکه شدن": -2,
  "شوم": 3,
  "شیرین": 3,
  "شیرین ترین": 3,
  "شیطانی": -2,
  "شیفتگی": 2,
  "شیک": 2,
  "شیوع": -2,
  "شیوع بیماری": -2,
  "صادق": 2,
  "صبح بخیر": 1,
  "صحه": 2,
  "صدمات": -2,
  "صدمه": -2,
  "صدمه زدن به": -2,
  "صدور حکم": -2,
  "صرفه جویی": 2,
  "صلح": 2,
  "صلح آمیز": 2,
  "صمیمیت": 2,
  "ضد و نقیض": -1,
  "ضرب و جرح": -2,
  "ضربت اور": -2,
  "ضربه": -1,
  "ضرر": -2,
  "ضعف": -2,
  "ضعیف": -2,
  "ضعیف النفس": -2,
  "ضمانت": 1,
  "طاعون": -3,
  "طاقت فرسا": -2,
  "طبق آمار": 2,
  "طبیعی": 1,
  "طرح دعوی در دادگاه": -2,
  "طرد": -2,
  "طرد شدن": -2,
  "طرد کردن": -1,
  "طرز ناراحت": -3,
  "طلا": 2,
  "طمع": -3,
  "طنز": -1,
  "ظالم": -2,
  "ظالمانه": -3,
  "ظریف": 2,
  "ظریفانه": 2,
  "ظلم": -3,
  "عاشق": 2,
  "عاشق مهربانی": 3,
  "عاشقانه": 2,
  "عالی": 5,
  "عاملان": -2,
  "عایق": -2,
  "عبوس": -2,
  "عجز": -2,
  "عجیب": -1,
  "عجیب و غریب": -2,
  "عدالت": 2,
  "عدم": -2,
  "عدم حساسیت": -2,
  "عدم رعایت": -2,
  "عذاب": -3,
  "عذر خواهی": -1,
  "عذر خواهی کردن": -1,
  "عذرخواهی": -1,
  "عزاداری": -2,
  "عزت": 2,
  "عزیز": 2,
  "عشق": 3,
  "عشق لعنتی": 4,
  "عشق ورزیدن": 3,
  "عصبانی": -4,
  "عصبانی کردن": -2,
  "عصبی": -2,
  "عطسه": -2,
  "عفو": 2,
  "عفونت": -2,
  "عفونی": -2,
  "عقب افتاده": -2,
  "عقب انداختن": -1,
  "عقب ماندن": -1,
  "عقب مانده": -2,
  "عقب نشینی": -1,
  "عقل": 2,
  "علاقه": 2,
  "علاقه مند": 2,
  "عمدی": 2,
  "عملکرد ضعیفی": -2,
  "عوارض جانبی": -2,
  "عوامل استرس زا": -2,
  "عوضی": -3,
  "عیاش": 2,
  "عیسی": 1,
  "عیوب": -3,
  "غارت": -2,
  "غاصب": -4,
  "غافل": -2,
  "غایب": -1,
  "غبن": -3,
  "غرفه": -2,
  "غرق": 2,
  "غرق شدن": -2,
  "غریب": 1,
  "غریب و عجیب": -2,
  "غصه دار": -2,
  "غضبناک": -2,
  "غفلت": -2,
  "غفور": 1,
  "غلط": -1,
  "غلط خواندن": -1,
  "غم": -2,
  "غم انگیز": -2,
  "غم و اندوه": -2,
  "غم وغصه": -2,
  "غمگین": -2,
  "غنی": 2,
  "غیر اخلاقی": -2,
  "غیر اصلی": -2,
  "غیر انسانی": -2,
  "غیر تایید شده": -2,
  "غیر جذاب": -2,
  "غیر حرفه ای": -2,
  "غیر حساس": -2,
  "غیر عمد": -2,
  "غیر فعال": -1,
  "غیر فعال کردن": -1,
  "غير قابل تحمل": -2,
  "غیر قابل توقف": 2,
  "غیر قابل درک": -2,
  "غیر قابل قبول": -2,
  "غیر قابل مقاومت": 2,
  "غیر قانونی": -2,
  "غیر قطعی": -2,
  "غیر مجاز": -3,
  "غیر مسئولانه": -2,
  "غیر مشروع": -3,
  "غیر منصفانه": -2,
  "غیر منطقی": -2,
  "غیر واضح": -1,
  "غیرانسانی": -2,
  "غیربهداشتی": -2,
  "غیرپارلمانی": -2,
  "غیرعلمی": -2,
  "غیرقابل اعتذار": -3,
  "غیرموثر": -2,
  "فاتحان": 3,
  "فاجعه": -2,
  "فاجعه بار": -3,
  "فاحشه": -4,
  "فاسد": -3,
  "فاسد شدن": -2,
  "فاشیست": -2,
  "فتنه": -2,
  "فتنه انگیز": -2,
  "فداکار": 3,
  "فداکارانه": 2,
  "فداکاری": 2,
  "فرار": -1,
  "فراموش شده": -1,
  "فراموش کردن": -1,
  "فراموش نشدنی": 1,
  "فراموشکار": -2,
  "فرد": -2,
  "فرصت": 2,
  "فرصت ها": 2,
  "فروتن": 1,
  "فروش بازار سیاه": -2,
  "فروش نرفته": -1,
  "فریاد": -2,
  "فریب": -3,
  "فریب خورده": -2,
  "فريب دادن": -3,
  "فریب دادن": -3,
  "فریبکار": -3,
  "فریبنده": -3,
  "فساد": -3,
  "فشار": -1,
  "فضل": 1,
  "فضول": -2,
  "فعال": 2,
  "فقر": -1,
  "فقیر": -2,
  "فقیرترین": -2,
  "فکاهی": 2,
  "فکری": 1,
  "فلاپ": -2,
  "فنا ناپذیر": 2,
  "فوت کرد": -3,
  "فوری": -1,
  "فوق العاده": 3,
  "فیروز": 3,
  "فیلمهای": 3,
  "قابل اعتراض": -2,
  "قابل اعتماد": 2,
  "قابل توجه": 2,
  "قابل توصیه": 1,
  "قابل قبول": 1,
  "قابل ملاحظه ای": 1,
  "قابلیت": 1,
  "قابلیت اطمینان": 2,
  "قابلیت ها": 1,
  "قاتل": -2,
  "قاچاق": -2,
  "قاطع": 1,
  "قانونا": 1,
  "قانونی": 1,
  "قایم شدن": -1,
  "قبر": -2,
  "قبول": 1,
  "قبول کردن": 1,
  "قتل": -2,
  "قتل نفس": -3,
  "قحطی": -2,
  "قدرت": 3,
  "قدرت دادن": 2,
  "قدردانی": 2,
  "قربانی": -3,
  "قربانی کردن": -3,
  "قربانیان": -3,
  "قساوت": -3,
  "قسم خوردن": -2,
  "قطع": -2,
  "قطع شد": -2,
  "قطع کردن": -2,
  "قلبی": 3,
  "قلدری": -2,
  "قهرمان": 2,
  "قهرمانان": 2,
  "قهرمانانه": 3,
  "قهری": -2,
  "قوی": 2,
  "قوی تر": 2,
  "قویترین": 2,
  "قیمت گذاری اشتباه": -3,
  "كتك زدن": -1,
  "کار بیهوده": -1,
  "کار نمی کند": -3,
  "کاستن": -1,
  "کاسته": -1,
  "کافر شدند": -2,
  "کافی": 1,
  "کالایی": -2,
  "کامل": 2,
  "کاملا": 3,
  "کامیابی": 3,
  "کاهد": -1,
  "کاهش": -1,
  "کاهش یافته است": -1,
  "کبود": -2,
  "کثافت": -2,
  "کثیف": -2,
  "کثیف ترین": -2,
  "کد تقلب بازی": -3,
  "کدر": -2,
  "کرامت": 2,
  "کس": -5,
  "کسب کردن": 2,
  "کشتن": -3,
  "کشته شده": -3,
  "کشنده": -2,
  "کشنده بودن": -2,
  "کشیدن": -1,
  "کشیده": -1,
  "کف زدن": 2,
  "کلاه برداری": -4,
  "کلاهبرداران": -4,
  "کلاهبرداری": -2,
  "کلبی": -2,
  "کلمه گریزی": -1,
  "کله خر": 2,
  "کلیشه": -2,
  "کم ارزش": -3,
  "کم ارزش کردن": -2,
  "کم شده": -3,
  "کمال": 3,
  "کمبود": -2,
  "کمدی": 1,
  "کمک": 2,
  "کمک مالی": -2,
  "کمک می کند تا": 2,
  "کمک های مالی": 1,
  "کمیته انضباطی به تذکر": -2,
  "کمین": -1,
  "کنایه دار": -1,
  "کنجکاو": 1,
  "کند": -2,
  "که dodging": -2,
  "کوتاه بینی": -2,
  "کوته بینانه": -2,
  "کودکانه": -2,
  "کودن": -2,
  "کیفیت": 2,
  "کینه توز": -2,
  "گرامی": 2,
  "گرامی بدارد": 2,
  "گرامی داشتن": 2,
  "گردانیدن": -1,
  "گردن کلفت": -2,
  "گرسنگی": -2,
  "گرسنه": -2,
  "گرفتار": 3,
  "گرفتگی عضلات": -1,
  "گرم": 1,
  "گرما": 2,
  "گرمای": 2,
  "گریان": -2,
  "گریه": -2,
  "گریه کردن": -1,
  "گریه می کند": -2,
  "گزارشدهی نادرست": -2,
  "گسترش": 1,
  "گل آلود": -2,
  "گل سرخ": 1,
  "گل سرسبد": 2,
  "گم": -2,
  "گمراه": -2,
  "گمراه کردن": -3,
  "گمراه کننده": -3,
  "گناه": -3,
  "گناهان": -2,
  "گناهکار": -3,
  "گنج": 2,
  "گنجینه": 2,
  "گنگ": -3,
  "گه": -4,
  "گواهی دروغ": -3,
  "گول": -2,
  "گول خور": -2,
  "گول زنی": -2,
  "گوهر": 3,
  "گیج": -1,
  "گیج کردن": -2,
  "گیج کننده": -2,
  "گیجی": -2,
  "گیر": -2,
  "لابی": -2,
  "لبخند": 2,
  "لبخند زد": 2,
  "لجباز": -2,
  "لجوج": -2,
  "لذت": 3,
  "لذت بخش": 3,
  "لذت بردن": 2,
  "لذت می برد": 2,
  "لذتبخش": 3,
  "لذیذ": 3,
  "لرزان": -2,
  "لرزش": -2,
  "لرزشی": -2,
  "لطف": 2,
  "لطفا": 1,
  "لطمه می زند": -2,
  "لعنت": -1,
  "لعنت خدا": -3,
  "لعنتی": -4,
  "لعنتی بزرگ": 4,
  "لعنتی خوب": 4,
  "لعنتی داغ": 2,
  "لعنتی زیبا": 4,
  "لعنتی شگفت انگیز": 4,
  "لعنتی فوق العاده": 4,
  "لعنتی کامل": 4,
  "لعنتی ناز": 3,
  "لغو": -1,
  "لغو شد": -1,
  "لغو کردن": -1,
  "لکه": -2,
  "لکه دار": -2,
  "لکه دار کردن": -2,
  "لگد زدن": -3,
  "لنگ": -2,
  "له": -1,
  "له شدن": -1,
  "لو رفته": -1,
  "لوکس": 2,
  "لیز خوردن": -1,
  "لئیم": -2,
  "مات کردن": 2,
  "مات و متحیر کردن": 3,
  "ماجرا": 2,
  "ماجراهای": 2,
  "ماده": 1,
  "ماست مالی کردن": -3,
  "مانده": -2,
  "مانع": -2,
  "مانع شدن": -2,
  "ماهرانه": 2,
  "مایه دل شکستگی": -3,
  "مأیوس": -3,
  "مبارز": -1,
  "مبارزات": -2,
  "مبارزه": -2,
  "مبارزه با": -2,
  "مبارزه کردن": -1,
  "مبارك باشد": 2,
  "مبالغه": -2,
  "مبتلا": -1,
  "مبتلا به دوار سر": -2,
  "مبدل": -1,
  "مبهم": -2,
  "مبهوت": -2,
  "مبهوت کردن": 3,
  "متاثر": -2,
  "متاثر ساختن": -2,
  "متأثر، تحت تأثیر، دچار، مبتلا": -1,
  "متاسف": -1,
  "متجاوز": -2,
  "متحد": 1,
  "متحیر": 2,
  "متخاصم": -2,
  "متخلف": -2,
  "متد": 2,
  "متروکه": -2,
  "متضاد": -2,
  "متظاهر": -2,
  "متعادل": 1,
  "متعجب": 2,
  "متعصب": -2,
  "متعصبان": -2,
  "متعفن": -2,
  "متعهد": 1,
  "متفکر": 2,
  "متقاعد": -1,
  "متقاعد کردن": 1,
  "متقلب": -3,
  "متکبر": -2,
  "متکی": 2,
  "متلاطم": -2,
  "متمرکز": 2,
  "متنازع فیه": -2,
  "متناقض": -2,
  "متنفر": -3,
  "متنفر بودن": -3,
  "متهم": -3,
  "متهم کردن": -3,
  "متورم": -2,
  "متوقف": -2,
  "متوقف کردن": -1,
  "مثبت": 2,
  "مجازات": -2,
  "مجبور": -1,
  "مجذوب": 1,
  "مجذوب کردن": 3,
  "مجرمان": -3,
  "مجروح": -2,
  "محاصره": -2,
  "محافظت": 1,
  "محبت": 2,
  "محبوب": 2,
  "محبوبیت": 3,
  "محتاط": -1,
  "محجوب": -2,
  "محدود": -1,
  "محدود شده": -1,
  "محدود کردن": -2,
  "محدودیت": -1,
  "محروم": -2,
  "محروم کردن": -1,
  "محروم می سازد": -2,
  "محرومیت": -3,
  "محزون": -3,
  "محق": 1,
  "محکوم": -2,
  "محکوم به فنا": -2,
  "محکوم کردن": -2,
  "محکومیت": -2,
  "محنت زا": -2,
  "محو": -2,
  "محیط دوستانه": 2,
  "مخالف": -1,
  "مخالف بودن": -2,
  "مختل": -2,
  "مختل ساختن": -2,
  "مخرب": -2,
  "مخلص  بی ریا  صمیمانه": 2,
  "مخوف": -3,
  "مدافع": 2,
  "مدافعان": 2,
  "مدال": 3,
  "مدرن": 2,
  "مدعی": -1,
  "مدفوع": -2,
  "مذاکره کردن": -1,
  "مذمت": -2,
  "مراسم خاکسپاری": -1,
  "مراقبت": 2,
  "مرتب": 2,
  "مرتعش": -2,
  "مرتکب": 1,
  "مرتکب جنایت یا جنحه": -2,
  "مرتکب شدن": 1,
  "مرحبا": 5,
  "مردانه وار": 2,
  "مردد": -2,
  "مردن": -3,
  "مرده": -1,
  "مرض": -1,
  "مرعوب": -2,
  "مرگ": -2,
  "مرگ و میر": -3,
  "مرگبار": -3,
  "مزاحم": -2,
  "مزاحمت": -2,
  "مزایای": 2,
  "مزخرف": -2,
  "مزیت": 2,
  "مسالمت آمیز": 2,
  "مسائل": 1,
  "مست": -2,
  "مستاصل": -3,
  "مستقیم": 1,
  "مسحور": 2,
  "مسخره": -2,
  "مسخره کردن": -2,
  "مسدود": -1,
  "مسدود کردن": -1,
  "مسری": -1,
  "مسلم  قطعی": 1,
  "مسموم": -2,
  "مسیر درست": 3,
  "مسئله": -2,
  "مسئوليت": 1,
  "مشاغل": 1,
  "مشتاق": 3,
  "مشتری جلب کردن": -2,
  "مشخص": 2,
  "مشغول کردن": 1,
  "مشکل": -2,
  "مشکل دار": -2,
  "مشکلات": -2,
  "مشکوک": -2,
  "مشهور": 2,
  "مصمم": 2,
  "مصون": 1,
  "مصیبت بار": -4,
  "مصیبت زده": -2,
  "مضافالیه": -2,
  "مضحک": -3,
  "مضر": -2,
  "مضرات": -2,
  "مضطرب": -2,
  "مطالب": -3,
  "مطلوب": 2,
  "مطمئن": 2,
  "مطمئنا سرزنشها": -2,
  "مظلوم": -2,
  "مظنون": -1,
  "معاف": -1,
  "معایب": -2,
  "معترضان": -2,
  "معجزه": 4,
  "معدوم کردن": -2,
  "معسر": -2,
  "معلق": -1,
  "معلق کردن": -1,
  "معلولیت": -2,
  "معنی دار": 2,
  "معیوب": -3,
  "مغرور": 2,
  "مفتخر": 2,
  "مفید": 2,
  "مقاوم تر": 2,
  "مقاومت ناپذیری": 2,
  "مقرره": 1,
  "مقرون به صرفه": 2,
  "مقصر می داند": -2,
  "مقید": -2,
  "مکار": -3,
  "مکمل": 2,
  "مکیدن": -3,
  "ملایم": 1,
  "ملتهب": 2,
  "مماشات": 2,
  "ممتاز": 2,
  "ممنوع": -2,
  "ممنوع کرده است": -1,
  "مناسب": 2,
  "مناسب بودن": 2,
  "منافع": 1,
  "مناقصه": 2,
  "منتقد": -2,
  "منتقدان": -2,
  "منتهی شدن": 2,
  "منحرف": -3,
  "منحرف کردن اذهان": -2,
  "منحصر": -2,
  "منزجر": -3,
  "منسوخ": -2,
  "منع": -2,
  "منفجر نشده": -2,
  "منفعلانه": -1,
  "منفور": -3,
  "منفورترین": -2,
  "منفی": -2,
  "منقضی": -1,
  "منکر": -2,
  "منکران": -2,
  "مهاجمان": -2,
  "مهار": -1,
  "مهربان": 3,
  "مهربانتر": 2,
  "مهربانی": 2,
  "مهم": 2,
  "مهیب": -2,
  "مهیج": 5,
  "مواخذه": -2,
  "مواظبت": 2,
  "موافق": 1,
  "موانع": -2,
  "موثر": 2,
  "موجب ناراحتی": -2,
  "مودب": 2,
  "مورد آزار قرار گرفته": -3,
  "مورد آزار و اذیت": -3,
  "مورد انتقاد قرار": -2,
  "مورد تجاوز قرار گرفته": -4,
  "مورد ستایش قرار داد": 2,
  "مورد ضرب و شتم": -2,
  "مورد علاقه": 2,
  "مورد علاقه های": 2,
  "مورد مناقشه": -2,
  "موعود": 1,
  "موفق": 2,
  "موفق شدن": 3,
  "موفقیت": 2,
  "موکول": -1,
  "می توانید \"تی ایستاده": -3,
  "می خواهید": 1,
  "میل": 1,
  "نا امن": -2,
  "نا امید": -2,
  "نا امید کردن": -2,
  "نا امیدی": -2,
  "نا انسانی کردن": -2,
  "نا معلوم": -1,
  "نا مناسب": -2,
  "ناارامی": -2,
  "ناامن": -2,
  "ناامید": -2,
  "ناامید کننده": -2,
  "ناامیدی": -2,
  "ناب ترین": 1,
  "نابجا": -2,
  "نابرابر": -1,
  "نابسنده": -2,
  "نابود": -3,
  "نابینا": -1,
  "ناپاک": -3,
  "ناپدید": -1,
  "ناپدید شدن": -1,
  "ناپسند": -2,
  "ناتوان": -2,
  "ناتوانی": -2,
  "ناچیز": -2,
  "ناخشنودشان": -2,
  "ناخشنودی": -2,
  "ناخواسته": -2,
  "ناخوش آیند": -2,
  "ناخوشایند": -2,
  "نادان": -2,
  "نادانی": -2,
  "نادرست": -2,
  "نادیده": -2,
  "نادیده گرفتن": -2,
  "نادیده گرفته": -2,
  "نادیده گرفته شده": -1,
  "نادیده می گیرد": -1,
  "ناراحت": -2,
  "ناراحت كننده": -2,
  "ناراحتی": -2,
  "ناراضی": -2,
  "نارسایی": -2,
  "نارضایتی": -2,
  "ناسالم": -2,
  "ناسپاس": -3,
  "ناشده": -2,
  "ناشناس": -1,
  "ناشی از خست": -2,
  "ناقص": -2,
  "ناقص شده": -2,
  "ناکارآمد": -2,
  "ناکافی": -2,
  "ناکام": -2,
  "ناگوار": -3,
  "نالایق": -2,
  "ناله": -2,
  "نامساعد": -2,
  "نامطلوبمان": -2,
  "نامناسب": -2,
  "ناموفق": -2,
  "ناهنجاری": -2,
  "نائل شدن": 1,
  "نبرد": -1,
  "نپخته": -2,
  "نتواند": -2,
  "نجات": 2,
  "نجات دهنده زندگانی": 4,
  "نجیب": 2,
  "ندامت": -2,
  "نرم و صاف کردن": 2,
  "نرم و ملایم": 2,
  "نزاع": -2,
  "نژاد پرست": -3,
  "نژاد پرستی": -3,
  "نژادپرستان": -3,
  "نژند": -2,
  "نساجی": -1,
  "نشاط": 1,
  "نشاط بخشی": 2,
  "نشت": -1,
  "نشدهام": -2,
  "نشئه شده": 4,
  "نصیحت": -2,
  "نصیحت کردن": -2,
  "نظارت": -1,
  "نعمت": 3,
  "نعمت غیر مترقبه": 4,
  "نفرت": -3,
  "نفرت انگیز": -3,
  "نفرت داشتن از": -3,
  "نفیس": 3,
  "نقاط ضعف": -2,
  "نقاط قوت": 2,
  "نقص": -3,
  "نقض": -2,
  "نقض کردن": -2,
  "نقطه عطفی": 2,
  "نقه": -2,
  "نگران": -2,
  "نگران کننده": -3,
  "نگرانی": -3,
  "نگرانی ها": -3,
  "نماز خواندن": 1,
  "نمایشگاه": 2,
  "نمی خواهم": -2,
  "نوآوری": 1,
  "نور افتاب": 2,
  "نوسازی": 2,
  "نوع": 2,
  "نوع دوستانه": 2,
  "نوعی": 0,
  "نومید": -2,
  "نومید کننده": -3,
  "نوین کردن": 2,
  "نیازمند": -2,
  "نیاید": -2,
  "نیش دار": -2,
  "ها assfucking": -4,
  "ها Lool": 3,
  "هارمونی": 2,
  "هاها": 3,
  "هاهاها": 3,
  "هتک حرمت": -3,
  "هجوامیز": -2,
  "هجوم بردن": -1,
  "هجوم کردن در": -2,
  "هدر": -2,
  "هدر دادن": -2,
  "هدیه": 2,
  "هر چیز نوک تیز": 2,
  "هراس": -3,
  "هرج و مرج": -2,
  "هرزنامه ها": -2,
  "هرزه نگاره، وارد": -2,
  "هزینه بر": -2,
  "هشدار": -2,
  "هشدار داد": -2,
  "هشدار دادن": -2,
  "هک": -1,
  "هماهنگ": 2,
  "همبستگی": 2,
  "همجنسبازها": -3,
  "همدلانه": 2,
  "همه جا حاضر": 2,
  "همیشه سبز": 2,
  "هنردوستان": 2,
  "هنرهای رزمی": -1,
  "هه هه": 2,
  "هورا": 3,
  "هوس": -2,
  "هوشمند": 1,
  "هوشیار": 3,
  "هیجان": 3,
  "هیجان انگیز": 4,
  "هیجان زده": 5,
  "هیچ سرگرم کننده": -3,
  "هیچ کس دوستش نداره": -2,
  "هیستری": -3,
  "هیستریک": -3,
  "و سرخوش": -2,
  "واخ": -2,
  "وارد آمده": -2,
  "وارونه جلوه دادن": -2,
  "واضح": 1,
  "واقعه مسرور": 3,
  "واکنش": -2,
  "واکنش افراطی": -2,
  "واکنش بیش از حد": -2,
  "واکنش زیاده از حد": -2,
  "وانمود": -1,
  "وانمود کردن": -1,
  "وای": 4,
  "وجد آمدیم": 3,
  "وحشت": -3,
  "وحشت زده": -2,
  "وحشتناک": -2,
  "وحشتناکی": -3,
  "وحشی": -2,
  "وحشیانه": -2,
  "وخیم": -3,
  "ورشکستگی": -3,
  "ورشکسته": -2,
  "وضوح": 2,
  "وعده": 1,
  "وفادار": 3,
  "وفاداری": 3,
  "وقاحت": -2,
  "وقفه": -2,
  "ولگرد": -2,
  "ویتامین": 1,
  "ویران": -2,
  "ویران کردن": -2,
  "ویرانگر": -2,
  "ویرانه": -2,
  "ویرانی": -2,
  "یادم رفت": -1,
  "یاس": -3,
  "یاوهگو": -3,
  "یبوست": -2,
  "یک بار در طول زندگی": 3,
  "یک دنده": -2,
  "یک نواخت": -1,
  "یکپارچه": 2
}