{
  "abhorred": -3,
  "abhors": -3,
  "aborts": -1,
  "absentees": -1,
  "absolves": 2,
  "absurds": -2,
  "acclaimed": 2,
  "accomplishes": 2,
  "ādas": -1,
  "adoring": 3,
  "adoringly": 3,
  "affectionateness": 3,
  "agonises": -3,
  "agonized": -3,
  "agonizes": -3,
  "agonizing": -3,
  "agresija": -2,
  "agresijas": -2,
  "agresivitāte": -2,
  "agresīvs": -2,
  "aicinošs": 1,
  "aizbēg": -1,
  "aizbēgt": -1,
  "aizcietējums": -2,
  "aizdomām": -1,
  "aizdomas": -1,
  "aizdomās": -1,
  "aizdomīgs": -1,
  "aizkavēšana": -1,
  "aizklāt": -3,
  "aizliedz": -1,
  "aizliegt": -1,
  "aizliegts": -2,
  "aizliegums": -2,
  "aizmāršīgs": -2,
  "aizmirsa": -1,
  "aizmirst": -1,
  "aizrādījumiem": -2,
  "aizrauj": 3,
  "aizraujoši": 3,
  "aizrautīgs": 1,
  "aizrāvies": 2,
  "aizrīties": -2,
  "aizsargā": 1,
  "aizsargāt": 1,
  "aizsargāts": 1,
  "aizsist": -2,
  "aizskar": -2,
  "aizskarošs": -3,
  "aizskartas": -2,
  "aizskarts": -1,
  "aizspriedums": -1,
  "aizsprostot": -2,
  "aizstāvēja": 2,
  "aizstāvis": 2,
  "aizstāvji": 2,
  "aizturēšana": -2,
  "aizturēt": -2,
  "aizturēti": -2,
  "aizvainojošs": -2,
  "aizvainots": -2,
  "ak vai": -1,
  "akceptē": 1,
  "akceptēt": 1,
  "akcija": 1,
  "akcijas": 1,
  "akls": -1,
  "akolāde": 2,
  "aktīva": 2,
  "aktīvi": 2,
  "aktīvs": 2,
  "alarmists": -2,
  "alerģisks": -2,
  "amused": 3,
  "analfabētisms": -2,
  "Angers": -3,
  "antagonistisks": -2,
  "anti": -1,
  "apātija": -3,
  "apbalvojumi": 3,
  "apbalvojums": 3,
  "apbēdināt": -2,
  "apbrīno": 3,
  "apbrīnojami": 3,
  "apbrīnojams": 3,
  "apbrīnot": 3,
  "apburošs": 3,
  "apburt": 3,
  "apcietināti": -2,
  "apdraudēto": -2,
  "apdraudēts": -2,
  "apdraudot": -2,
  "apdullināšanas": 4,
  "apdullinošs": -1,
  "apeshit": -3,
  "apgādnieka": 2,
  "apgaismo": 2,
  "apgalvojot": -1,
  "apgalvojumi": -2,
  "apgalvojums": -2,
  "apgalvot": -1,
  "apgānīt": -2,
  "apgrūtināšanas": -2,
  "apgrūtināts": -2,
  "apjucis": -2,
  "apkaro": -1,
  "apkaunojošs": -2,
  "apkaunot": -2,
  "apkaunots": -2,
  "apklusināšana": -1,
  "aplaudē": 2,
  "aplaudēja": 2,
  "aplaupīt": -2,
  "aplausi": 2,
  "apliets": -2,
  "apmākušās": -1,
  "apmānīt": -2,
  "apmātība": 2,
  "apmelojošs": -2,
  "apmetne": 1,
  "apmierināts": 3,
  "apmulsums": -2,
  "apņemas": 1,
  "apņēmīgs": 2,
  "apņemoties": 1,
  "apņēmusies": 1,
  "apnicīgs": -2,
  "apnicis": -2,
  "apnikt": -2,
  "apnikums": -2,
  "apnikuši": -3,
  "apocalyptic": -2,
  "appeases": 2,
  "appeasing": 2,
  "apreibis": -1,
  "apšaubāms": -1,
  "apšaubīja": -1,
  "apsēst": -2,
  "apskauž": -1,
  "apskāviens": 1,
  "apsolīja": 1,
  "apspiešana": -2,
  "apspiesta": -1,
  "apspiesti": -2,
  "apstājās": -1,
  "apstājies": -2,
  "apstāšanās": -1,
  "apstāties": -1,
  "apstiprina": 2,
  "apstiprināja": 2,
  "apstiprinājums": 2,
  "apstiprināšanu": 1,
  "apstiprināt": 2,
  "apstiprināta": 1,
  "apstiprināts": 2,
  "apstrīdēts": -2,
  "apstrīdot": -2,
  "apsūdz": -2,
  "apsūdzība": -2,
  "apsūdzības": -2,
  "apsūdzot": -2,
  "apšuvums": -2,
  "apsveicu": 2,
  "apsveikt": 2,
  "apsveikums": 2,
  "aptraipīt": -2,
  "aptraipīta": -2,
  "apturēt": -1,
  "apturēta": -1,
  "aptverošs": 2,
  "apvainojošs": -2,
  "apvainojumi": -2,
  "apvainojums": -2,
  "apvainot": -2,
  "apvainots": -2,
  "apžēloja": 2,
  "apžēlot": 2,
  "ar stūriem": -2,
  "arestēt": -2,
  "arestēts": -3,
  "aresti": -2,
  "ārkārtas": -2,
  "ārprātīgais": -3,
  "ārprātīgs": -2,
  "ārprāts": -2,
  "arsehole": -4,
  "asaras": -2,
  "asiņains": -3,
  "aspektos": 2,
  "asprātīgs": -2,
  "assfucking": -4,
  "asshole": -4,
  "astounds": 3,
  "atalgojot": 2,
  "atalgoti": 2,
  "atbaidošs": -2,
  "atbalsta": 2,
  "ATBALSTA": 2,
  "Atbalstīja": 1,
  "atbalstīt": 2,
  "atbalstītāji": 1,
  "atbalstītājs": 1,
  "atbalstīts": 2,
  "atbalstoša": 2,
  "atbalstot": 1,
  "atbalsts": 2,
  "atbildība": 1,
  "atbildīgs": 2,
  "atbilstošs": 2,
  "atbrīvo": 2,
  "atbrīvojot": 2,
  "atbrīvot": 2,
  "atbrīvota": 2,
  "atbrīvoties": -1,
  "atbrīvots": 2,
  "atceļ": -1,
  "atcelšana": -1,
  "atcelt": -1,
  "atcelts": -1,
  "atdalīts": -1,
  "atdzesēšana": -1,
  "Atdzīvina": 2,
  "atdzīvināt": 2,
  "atjauno": 1,
  "atjaunojot": 1,
  "atjaunot": 1,
  "atjaunota": 1,
  "atkāpšanos": -1,
  "atkāpties": -1,
  "atkāpties no amata": -1,
  "atkritumi": -1,
  "atlaišana": -1,
  "atlaists": -2,
  "atlīdzība": 2,
  "atlīdzības": 2,
  "atliek": -1,
  "atliekot": -1,
  "atlikšana": -1,
  "atlikt": -1,
  "atlikta": -1,
  "atmet": -2,
  "atņemt": -1,
  "atpaliek no ārzemju": -2,
  "atpalika": -2,
  "atpalikuši": -2,
  "atraitnis": -1,
  "atrakcija": 2,
  "atrakcijas": 3,
  "atraktīvi": 2,
  "atrauj": -2,
  "atraut": -2,
  "ātri": 2,
  "atriebējs": -2,
  "atriebība": -2,
  "atriebīgs": -2,
  "atriebj": -2,
  "atriebt": -2,
  "atrisina": 2,
  "atrisināt": 2,
  "atrisināta": 1,
  "atrisināts": 2,
  "ātrs": 2,
  "atsakās": -2,
  "atsaucīgs": 2,
  "atsaukšana": -3,
  "atsavināšana": -2,
  "atsišana": -1,
  "atsitiena": -3,
  "atskaņas": -2,
  "atšķetināt": 1,
  "atstāj novārtā": -2,
  "atstāt": -1,
  "atsvaidzinoši": 2,
  "attaisno": 2,
  "attaisnoja": 2,
  "attaisnojošus": 2,
  "attaisnojot": 2,
  "attaisnojums": -1,
  "attaisnot": 2,
  "attaisnots": 2,
  "atteicās": -2,
  "atteikties": -2,
  "atteikumu": -2,
  "attīra": 1,
  "atvainojas": -1,
  "atvainojās": -1,
  "atvainojies": -1,
  "Atvainojiet": -1,
  "atvainošanās": -1,
  "atvainoties": -1,
  "atvairīti": -2,
  "atvieglojumi": 1,
  "atvieglot": 2,
  "atviegloti": 2,
  "atvieglots": 2,
  "atzinīgi": 2,
  "atzīšana": 2,
  "atzīst": -1,
  "audzējs": -2,
  "auglīgs": 2,
  "augošs": 1,
  "augšana": 2,
  "augstākais": 4,
  "augstprātīgs": -2,
  "aura": 1,
  "autoritāte": 1,
  "avārija": -2,
  "Avenged": -2,
  "Avengers": -2,
  "Avenging": -2,
  "axed": -1,
  "badā": -2,
  "badoties": -2,
  "bads": -2,
  "bagātāka": 2,
  "bagātība": 3,
  "bagātīgi": 2,
  "bagāts": 2,
  "baidās": -2,
  "baidoties": -2,
  "baigs": -2,
  "bailes": -2,
  "bailīgs": 2,
  "bailout": -2,
  "baismīgs": -2,
  "balamute": -3,
  "balsināšana": -3,
  "bamboozled": -2,
  "bamboozles": -2,
  "bankrotējis": -3,
  "bankrots": -3,
  "bankster": -3,
  "barbarisks": -2,
  "barbars": -2,
  "bargas": 1,
  "barjera": -2,
  "bastards": -5,
  "bauda": 2,
  "bēdas": -2,
  "bēdīgi slavens": -2,
  "bēdīgs": -2,
  "befitting": 2,
  "bēg": -1,
  "belittled": -2,
  "bereaves": -2,
  "bereaving": -2,
  "bēres": -1,
  "bērnišķīgs": -2,
  "best damn": 4,
  "bez izdomas": -2,
  "bez prieka": -2,
  "bez rūpēm": 1,
  "bezatbildīgi": -2,
  "bezatbildīgs": -2,
  "bezbailība": 2,
  "bezbailīgs": 2,
  "bezcerība": -2,
  "bezcerīgs": -2,
  "bezdarbība": -2,
  "bezdarbnieks": -1,
  "bezdarbs": -2,
  "bezjēdzīgi": -2,
  "bezmaksas": 1,
  "bezmiegs": -2,
  "bezpajumtnieki": -2,
  "bezpalīdzīgs": -2,
  "bezsaistē": -1,
  "bezspēcīgs": -2,
  "bezzobains": -2,
  "biedējoši": -3,
  "biedēt": -2,
  "bieza migla": -2,
  "bikls": -2,
  "bildināt": 3,
  "bīstamas": -2,
  "bīstami": -2,
  "bīstams": -2,
  "bīties": -2,
  "bitterest": -2,
  "blackmailed": -3,
  "blackmails": -3,
  "blakus efekti": -2,
  "blakusefekts": -2,
  "blēdi": -3,
  "blēdība": -2,
  "blēņas": -1,
  "blokāde": -2,
  "bloķēšana": -1,
  "bloķēt": -1,
  "bloķēts": -1,
  "bloki": -1,
  "boikotē": -2,
  "boikotēja": -2,
  "boikoti": -2,
  "boikots": -2,
  "bojāgājušie": -3,
  "bojājums": -3,
  "bojāt": -3,
  "bojāta": -3,
  "bojāti": -2,
  "bojāts": -3,
  "bothered": -2,
  "brāķis": -1,
  "Bravura": 3,
  "breathtaking": 5,
  "brīdina": -2,
  "brīdināja": -2,
  "brīdinājumi": -3,
  "brīdinājums": -3,
  "brīdināt": -2,
  "briesmas": -2,
  "briesmīgi": -3,
  "briesmīgs": -3,
  "brilliances": 3,
  "brīnišķīgs": 4,
  "brīnumiem": 3,
  "brīnums": 4,
  "brīvība": 2,
  "brīvības": 2,
  "brooding": -2,
  "brutāli": -3,
  "brutāls": -3,
  "bučas un apskāvieni": 3,
  "buksēšana": -1,
  "bullshit": -4,
  "bumba": -1,
  "bummer": -2,
  "burvīgs": 3,
  "būt grūtsirdīgam": -1,
  "būtībā": 1,
  "būtisks": 1,
  "cashing": -2,
  "cēls": 2,
  "čempioni": 2,
  "čempions": 2,
  "censored": -2,
  "cenzori": -2,
  "cenzors": -2,
  "cerams": 2,
  "cerēt": 2,
  "cerības": 2,
  "cerību pilns": 2,
  "cerot": 2,
  "chagrined": -2,
  "charmless": -3,
  "chastises": -3,
  "chastising": -3,
  "cheated": -3,
  "cheaters": -3,
  "chides": -3,
  "chiding": -3,
  "cieņa": 2,
  "cienīgs": 2,
  "cienījams": 2,
  "cieņu": 2,
  "cieš": -2,
  "ciešanām": -2,
  "ciešanas": -2,
  "ciest": -2,
  "cieta": -2,
  "cietējs": -2,
  "ciets": 2,
  "cietsirdīgs": -2,
  "cietums": -2,
  "cietušie": -3,
  "cīņa": -1,
  "cīnās": -2,
  "cīņas": -1,
  "cīnījās": -1,
  "ciniķis": -2,
  "cinisks": -2,
  "cinisms": -2,
  "cīnīties": -1,
  "cirvis": -1,
  "cītīgs": 2,
  "clueless": -2,
  "cocksucker": -5,
  "cocksuckers": -5,
  "cocky": -2,
  "conciliated": 2,
  "conciliates": 2,
  "conflictive": -2,
  "consolable": 2,
  "contagions": -2,
  "controversially": -2,
  "cool stuff": 3,
  "corrupting": -3,
  "courageousness": 2,
  "crap": -3,
  "crappy": -3,
  "crazier": -2,
  "craziest": -2,
  "criminated": -3,
  "criminates": -3,
  "crushes": -1,
  "cunt": -5,
  "cutback": -2,
  "dabas": 1,
  "dalīts": 1,
  "damn gudrs": 3,
  "damn labs": 4,
  "darba nespēju": -2,
  "darbības traucējumi": -2,
  "darbojas nepareizi": -2,
  "dārgakmeņiem": 1,
  "dārgakmens": 3,
  "dārgi": 3,
  "dārgs": 2,
  "dārgumiem": 2,
  "dārgums": 2,
  "dāsni": 2,
  "dāvana": 2,
  "deadening": -2,
  "debesis": 2,
  "debesu": 4,
  "dedzīgs": 2,
  "defekti": -3,
  "defekts": -3,
  "deficīts": -2,
  "deformācijas": -2,
  "deformēta": -2,
  "defrauds": -3,
  "degradēt": -2,
  "degradēti": -2,
  "dehumanizes": -2,
  "dehumanizing": -2,
  "dejected": -2,
  "dejecting": -2,
  "dejects": -2,
  "delectable": 3,
  "delightfully": 3,
  "delights": 3,
  "dēlsofakuce": -5,
  "demisionē": -1,
  "demonstrācija": -1,
  "demoralized": -2,
  "demoralizes": -2,
  "demoralizēt": -2,
  "demoralizing": -2,
  "dempinga": -2,
  "denjē": -2,
  "denonsēt": -2,
  "deportācijas": -2,
  "deportēt": -2,
  "deportēti": -2,
  "deports": -2,
  "derails": -2,
  "deriding": -2,
  "devastations": -2,
  "devīgs": 2,
  "dezinformācija": -2,
  "dezinformēta": -2,
  "dezorientēti": -2,
  "dickhead": -4,
  "diemžēl": -2,
  "dievbijīgs": 2,
  "dievina": 3,
  "dievināja": 3,
  "dievs": 1,
  "diezgan": 1,
  "dilemma": -1,
  "dilligence": 2,
  "dimanta": 1,
  "dipshit": -3,
  "dirtiest": -2,
  "disconsolation": -2,
  "disfunkcija": -2,
  "disgraced": -2,
  "disheartened": -2,
  "diskontēta": -1,
  "diskreditēt": -2,
  "diskriminē": -2,
  "diskriminējoši": -2,
  "diskriminēt": -2,
  "diskriminēti": -2,
  "diskvalificēts": -2,
  "disorganized": -2,
  "disparaged": -2,
  "disrespected": -2,
  "dithering": -2,
  "dīvaini": -1,
  "dīvains": 1,
  "dod priekšroku": 2,
  "domīga": -1,
  "domīgs": 2,
  "domstarpības": -2,
  "dont patīk": -2,
  "dotācijas": 1,
  "dotības": 2,
  "Douchebag": -3,
  "downer": -2,
  "downhearted": -2,
  "draņķīgs": -2,
  "drastisks": 1,
  "draud": -2,
  "draudēt": -2,
  "draudi": -2,
  "draudīgs": -2,
  "draudošo": -1,
  "draudošs": 3,
  "draudzība": 2,
  "draudzīgs": 2,
  "draudzīgums": 2,
  "draugs": 1,
  "drausmīgs": 4,
  "dreading": -2,
  "drebošs": -2,
  "droopy": -2,
  "drošāku": 2,
  "droseles": -2,
  "droši": 2,
  "drošība": 1,
  "drošībā": 1,
  "drosme": 2,
  "drosmi": 2,
  "drosmīgi": 2,
  "drosmīgs": 2,
  "drošs": 2,
  "drowns": -2,
  "drudzis": -2,
  "drūms": -1,
  "drūmums": -1,
  "drupas": -2,
  "drupināšanas": -1,
  "dubļains": -2,
  "dubļi": -2,
  "dumbass": -3,
  "dumjš": -1,
  "dumpinieks": -2,
  "duped": -2,
  "duša": -3,
  "dusmas": -2,
  "dusmīgs": -3,
  "dzeltenais": -2,
  "dziļi izjust": 3,
  "dzirkstele": 1,
  "dzirkstīšana": 3,
  "dzirkstošs": 3,
  "dzīvespriecīgs": 3,
  "dzīvs": 1,
  "eery": -2,
  "efektīvi": 2,
  "efektivitāte": 2,
  "efektivitāte ir zema": -2,
  "efektīvs": 2,
  "eiforija": 3,
  "eiforisks": 4,
  "ekskluzīvs": 2,
  "ekstāze": 2,
  "ekstāzes": 4,
  "ekstrēmisti": -2,
  "ekstrēmists": -2,
  "eleganti": 2,
  "elegants": 3,
  "elle": -4,
  "embarrasses": -2,
  "empātisks": 2,
  "enchanted": 2,
  "enerģisks": 2,
  "enrages": -2,
  "enraging": -2,
  "enslaves": -2,
  "entuziasti": 2,
  "ērkšķains": -2,
  "ērti": 2,
  "ērtības": 2,
  "ērts": 2,
  "esteemed": 2,
  "ētiska": 2,
  "evacuates": -1,
  "evakuācija": -1,
  "evakuēt": -1,
  "evakuēti": -1,
  "evergreening": -3,
  "evergreens": 2,
  "exasparate": -2,
  "exasperates": -2,
  "excruciatingly": -1,
  "exhilarated": 3,
  "exultantly": 3,
  "ēzelis": -4,
  "faking": -3,
  "faktoriem": -2,
  "fanātiķis": -2,
  "fantastisks": 4,
  "farss": -1,
  "fascinē": 3,
  "fascinējoši": 3,
  "fašistiem": -2,
  "fašistu": -2,
  "fatāls": -3,
  "fatigues": -2,
  "favorīti": 2,
  "favorīts": 2,
  "felonies": -3,
  "fiasko": -3,
  "filantropija": 2,
  "finest": 3,
  "flagmanis": 2,
  "flops": -2,
  "flustered": -2,
  "foajē": -2,
  "fond": 2,
  "foreclosures": -2,
  "forgettable": -1,
  "frikin": -2,
  "frisky": 2,
  "FTW": 3,
  "fucked": -4,
  "fuckers": -4,
  "fuckface": -4,
  "fuckhead": -4,
  "fuckin": -4,
  "fucking amazing": 4,
  "fucking cute": 4,
  "fucking fantastisks": 4,
  "fucking labs": 4,
  "fucking mīl": 4,
  "fucking mīlestība": 4,
  "fucking perfekts": 4,
  "fucking skaista": 4,
  "fucktard": -4,
  "FUD": -3,
  "fuked": -4,
  "fuking": -4,
  "funnier": 4,
  "gādīgs": 2,
  "gagged": -2,
  "gaida": -1,
  "gaidas": 1,
  "gaidītā": -1,
  "gaidīts": 2,
  "gailis": -5,
  "galants": 3,
  "galantums": 3,
  "gallantly": 3,
  "galvassāpes": -2,
  "galvenais": 2,
  "galvojums": 1,
  "garām": -2,
  "garīgi atpalicis cilvēks": -3,
  "garlaicīgi": -2,
  "garlaicīgs": -3,
  "gars": 1,
  "garšīgs": 3,
  "gatavība": 2,
  "gatavots": 1,
  "gauss": -2,
  "gavilējoša": 3,
  "gavilējošs": 3,
  "glābšana": 2,
  "glābt": 2,
  "glamūrīga": 3,
  "gļēvi": -2,
  "gļēvs": -2,
  "gļēvulis": -2,
  "gleznains": 2,
  "glīts": 3,
  "goddamn": -3,
  "godīgi": 2,
  "godīgs": 2,
  "godīgums": 2,
  "Godinot": 2,
  "godkārīgs": 2,
  "gods": 2,
  "goofiness": -2,
  "gr8": 3,
  "grācija": 1,
  "graciozs": 2,
  "grandiozs": 3,
  "grauj": -2,
  "graujošs": -2,
  "graut": -2,
  "grēcīgs": -3,
  "greenwash": -3,
  "greenwasher": -3,
  "greenwashers": -3,
  "greenwashing": -3,
  "greizsirdība": -2,
  "greizsirdīgs": -2,
  "grēkāži": -2,
  "grēkāzis": -2,
  "grēki": -2,
  "grēks": -2,
  "greznība": 2,
  "griezšana": -1,
  "gripa": -2,
  "groaning": -2,
  "gruesome": -3,
  "grūti": -1,
  "grūtība": -2,
  "grūtsirdība": -1,
  "gudrākais": 2,
  "gudrāku": 2,
  "gudrība": 1,
  "gudrs": 2,
  "gullible": -2,
  "guva labumu": 2,
  "ha": 2,
  "hacked": -1,
  "haha": 3,
  "hahaha": 3,
  "hahahah": 3,
  "Hallelujah": 3,
  "handpicked": 1,
  "haoss": -2,
  "haotisks": -2,
  "haplessness": -2,
  "hardier": 2,
  "harmonija": 2,
  "harmoniski": 2,
  "harmonisks": 2,
  "hating": -3,
  "haunting": 1,
  "heartbreaking": -3,
  "heartwarming": 3,
  "heavyhearted": -2,
  "hehe": 2,
  "histērija": -3,
  "histērisks": -3,
  "hooligans": -2,
  "hugs": 2,
  "huligānisms": -2,
  "huligānismu": -2,
  "huligāns": -2,
  "humāns": 2,
  "humerous": 3,
  "humoristisks": 2,
  "humors": 2,
  "humourous": 2,
  "icky": -3,
  "idiotisks": -3,
  "idiotisms": -3,
  "idiots": -3,
  "iebiedē": -2,
  "iebiedēšana": -2,
  "iebiedēt": -2,
  "iedoma": -2,
  "iedrošinājums": 2,
  "iedrošināti": 2,
  "iedrošinošs": 2,
  "iedvesma": 2,
  "iedvesmo": 2,
  "iedvesmoja": 2,
  "iedvesmojošs": 3,
  "iedvesmot": 2,
  "iegūstot": 2,
  "iegūt": 2,
  "ieguvumi": 2,
  "ieguvusi": 2,
  "ieinteresēts": 2,
  "iekaisis": -2,
  "iekaisušas": -3,
  "iekrājumi": 1,
  "ienaidnieki": -2,
  "ienaidnieks": -2,
  "ienesīgs": 3,
  "ienīda": -3,
  "ienīst": -3,
  "ieplīsis": -2,
  "iepriecinājums": 2,
  "ierobežo": -2,
  "ierobežojošs": -1,
  "ierobežojot": -2,
  "ierobežojumi": -1,
  "ierobežojums": -1,
  "ierobežošana": -2,
  "ierobežot": -2,
  "ierobežots": -1,
  "iesācējs": -2,
  "iesaistās": 1,
  "iesaka": 2,
  "ieskaidrot": 3,
  "ieskrūvē": -2,
  "Ieslodzījuma": -2,
  "ieslodzījums": -2,
  "ieslodzītais": -2,
  "ieslodzītie": -2,
  "ieslodzīts": -2,
  "iespaidīgs": 3,
  "iespaidu": 3,
  "iespēja": 2,
  "iespējas": 2,
  "iespiedums": -2,
  "iestrēdzis": -2,
  "iesūdz": -2,
  "iesūdzēt": -2,
  "ieteicams": 2,
  "ieteikt": 2,
  "ietekmēts": -1,
  "ietekmīgs": 2,
  "ietērps": -1,
  "ievainojamība": -2,
  "ievainojumi": -2,
  "ievainojums": -2,
  "ievainot": -2,
  "ievainots": -2,
  "ievērojams": 2,
  "ignorē": -2,
  "ignorēja": -2,
  "ignorēšana": -2,
  "ignorēt": -1,
  "ignorēta": -1,
  "īgns": -2,
  "īgnums": -2,
  "ilgas": 1,
  "ilgoties pēc mājām": -2,
  "ilgtspēja": 1,
  "ilgtspējīga": 2,
  "ilgtspējīgi": 2,
  "imobilizācijas": -1,
  "impeachments": -3,
  "impedingly": -2,
  "impotents": -2,
  "imūns": 1,
  "incapacitates": -2,
  "incensed": -2,
  "incenses": -2,
  "incensing": -2,
  "inde": -2,
  "indes": -2,
  "indoctrinate": -2,
  "indoctrinated": -2,
  "indoctrinates": -2,
  "indoctrinating": -2,
  "inediable": -2,
  "infantilized": -2,
  "infekcija": -2,
  "infekcijām": -2,
  "infekcijas": -2,
  "infesting": -2,
  "infests": -2,
  "inficē": -2,
  "inficēšana": -2,
  "inficēt": -2,
  "inficēti": -2,
  "informēts": 2,
  "infract": -2,
  "infracted": -2,
  "infracting": -2,
  "infracts": -2,
  "infuriates": -2,
  "inkriminēt": -3,
  "inovācija": 1,
  "inovatīvus risinājumus": 1,
  "intensīvs": 1,
  "interesants": 2,
  "interese": 1,
  "intereses": 1,
  "intimitāte": 2,
  "intransigency": -2,
  "intrigas": 1,
  "invadētas": -2,
  "invaliditāti": -1,
  "invāzija": -1,
  "īpašības": 2,
  "ironija": -1,
  "ironisks": -1,
  "irreproducible": -2,
  "īstenojusi": -2,
  "it kā": 0,
  "izaicinājums": -1,
  "izaicinošs": -1,
  "izbailes": -2,
  "Izbaudi": 2,
  "izbaudot": 2,
  "izbijusies": -2,
  "izbrīns": 2,
  "izcelšanās": -2,
  "izcelt": 2,
  "izcilība": 3,
  "izcils": 5,
  "izdaiļot": 3,
  "izdarīt": 1,
  "izdevās": 3,
  "izdevīgi": 2,
  "izdevīgs": 2,
  "izdodas": 3,
  "izdomāts": -1,
  "izdoties": 3,
  "izdrāzt": -4,
  "izdurt": -5,
  "izdzīvoja": 2,
  "izglābj": 2,
  "izglābti": 2,
  "izglītot": 2,
  "izglītots": 2,
  "iziet": -2,
  "izjauca": -1,
  "izjaukt": -2,
  "izjautāšana": -1,
  "izklaide": 3,
  "izklaidēšanās": -2,
  "izkrāpšana": -3,
  "izkrāpšanu": -2,
  "izkrāpt": -3,
  "izkropļot": -2,
  "izkropļots": -2,
  "izliekas": -1,
  "izliekoties": -1,
  "izlikšana": -1,
  "izlikties": -1,
  "izmantojot": -2,
  "izmantot": -2,
  "izmantots": -2,
  "izmeklēšana": -2,
  "izmet": -1,
  "izmete": -1,
  "izmetumi": -1,
  "izmisīgi": -3,
  "izmisīgi cīnīties": -3,
  "izmisīgs": -1,
  "izmisis": -3,
  "izmisums": -3,
  "izmisušās": -3,
  "izmisušo": -3,
  "iznīcina": -3,
  "iznīcināšana": -3,
  "iznīcināt": -2,
  "iznīcinātas": -2,
  "iznīcināti": -3,
  "iznīcinot": -3,
  "izolēts": -1,
  "izpēte": 1,
  "izpilde": 2,
  "izpildīt": 2,
  "izpildīts": 2,
  "izpirkts": 2,
  "izplūdis": -2,
  "izpostīt": -2,
  "izpostīti": -2,
  "izpostītu": -2,
  "izputējis": -1,
  "izraida": -2,
  "izraidīšanas": -2,
  "izraidīt": -1,
  "izraidīt trimdā": -2,
  "izraidīts": -2,
  "izraidot": -2,
  "izraisīja": -1,
  "izredzes": 2,
  "izsalkums": -2,
  "izsauciens": -2,
  "izsitumi": -2,
  "izšķērdēšanu": -2,
  "izšķērdēt": -2,
  "izšķērdēta": -2,
  "izšķiest": -2,
  "izšķirošs": 1,
  "izslēgšana": -1,
  "izslēgt": -1,
  "izslēgta": -2,
  "izsmalcināts": 2,
  "izsmej": -2,
  "izsmēja": -2,
  "izsmeltas": -2,
  "izsmiekls": -2,
  "izsmiet": -2,
  "izstumšana": -1,
  "izsūtīšana": -2,
  "izsvitrots": -2,
  "izturība": 2,
  "izturīgs": 2,
  "izvairās": -1,
  "izvairījās": -1,
  "izvairījusies": -1,
  "izvairīties": -1,
  "izvarošana": -4,
  "izvarotāju": -4,
  "izvarotas": -4,
  "izveicīgs": 2,
  "Izvēlēts": 2,
  "izvirtulis": -3,
  "izvirzījums": 1,
  "izzust": -1,
  "Jā": 1,
  "jackasses": -4,
  "jāšanās": -4,
  "jāšanās karstu": 2,
  "jāšanās liels": 4,
  "jauks": 3,
  "jauneklīgs": 2,
  "jauninājumus": 1,
  "jautājumi": 1,
  "jautājums": 1,
  "jautrība": 4,
  "jautrs": 3,
  "jēgpilna": 2,
  "Jēzus": 1,
  "joki": 2,
  "joks": 2,
  "juceklīgs": 2,
  "juridisks": 1,
  "jūsmīgs": 4,
  "kairināt": -3,
  "kairinošs": -3,
  "kaislība": 1,
  "kaislīgs": 2,
  "kaitē": -2,
  "kaitēt": -2,
  "kaitīgs": -2,
  "kaitina": -2,
  "kaitinošs": -1,
  "kankari": -2,
  "kaprīzs": -1,
  "kaps": -2,
  "kāre": -3,
  "karojošs": 2,
  "karš": -2,
  "kārs": 2,
  "kas vēlas": 1,
  "katastrofa": -3,
  "katastrofāls": -4,
  "katastrofas": -2,
  "kaulēties": 2,
  "kauns": -2,
  "kauslis": -2,
  "kaut kāds": 0,
  "kautrīgs": -1,
  "kautrs": -2,
  "kavē": -2,
  "kavējas": -1,
  "kavējošais": -2,
  "kavēklis": -2,
  "kavēt": -2,
  "kavēta": -2,
  "kavētu": -2,
  "ķēms": -2,
  "ķēriens": 2,
  "kickbacks": -3,
  "ķīla": 2,
  "ķildīgs": -2,
  "Kinder": 2,
  "klasificējusi nepareizi": -2,
  "klepojot": -2,
  "klibs": -2,
  "kliedz": -2,
  "kliedza": -2,
  "kliedzieni": -2,
  "kļūda": -1,
  "kļūdains": -2,
  "kļūdas": -2,
  "kļūt neuzticīgam": -3,
  "kņada": -3,
  "kniedēm": 3,
  "kodīgs": 2,
  "komēdija": 1,
  "komforts": 2,
  "komikss": 1,
  "kompetences": 1,
  "kompetences trūkums": -2,
  "kompetents": 2,
  "kompliments": 2,
  "komplimentus": 2,
  "koncentrējās": 2,
  "konflikti": -2,
  "konflikts": -2,
  "konkurējošs": 2,
  "kontrabanda": -2,
  "kontrabandas": -2,
  "kopjot": 2,
  "korupcija": -3,
  "Krampis": -1,
  "kramplauzis": -2,
  "krāpj": -3,
  "krāpniecisks": -4,
  "krāpnieki": -4,
  "krāpnieks": -2,
  "krāpšana": -2,
  "krāpšanu": -4,
  "krāpt": -2,
  "kriminālnoziegums": -3,
  "kriminālvajāšana": -2,
  "kriminālvajāšanu": -1,
  "krišanu": -1,
  "kritiens": -2,
  "kritika": -2,
  "kritiķi": -2,
  "kritiķis": -2,
  "kritizē": -2,
  "kritizēja": -2,
  "kritizējot": -2,
  "kritizēt": -2,
  "kritušais": -2,
  "kritušo": -2,
  "krīze": -3,
  "kroplība": -2,
  "kropļo": -2,
  "kropļojot": -2,
  "krusa": 2,
  "kuce": -5,
  "kuces": -5,
  "kukulis": -3,
  "kukuļus": -3,
  "kūpošs": -2,
  "kvalitāte": 2,
  "labāk": 2,
  "labdarības": 2,
  "labdariem": 2,
  "labdaris": 2,
  "labi aizstāvēja": 3,
  "labi attīstīta": 2,
  "labi izskatās": 3,
  "labi izveidots": 2,
  "labi koncentrējās": 2,
  "labi kopts": 2,
  "labi proporcijas": 2,
  "labklājība": 3,
  "Labrīt": 1,
  "labs": 3,
  "labsirdība": 3,
  "labsirdīgs": 2,
  "labums": 2,
  "labumu": 2,
  "labvēlība": 3,
  "labvēlīgi": 2,
  "labvēlīgs": 3,
  "lag": -1,
  "laime": 3,
  "laimests": 4,
  "laimīgākais": 3,
  "laimīgs": 3,
  "laipnība": 2,
  "laipns": 2,
  "lamāšanās": -2,
  "lamāt": -2,
  "lamatas": -1,
  "lāsts": -1,
  "laughting": 1,
  "ļauna nojauta": -2,
  "ļaunprātīgi": -2,
  "Ļaunprātīgi": -2,
  "ļaunprātīgi izmantot": -3,
  "ļaunprātīgi izmantota": -2,
  "ļauns": -2,
  "ļaunums": -3,
  "laupīšana": -2,
  "laupītājs": -2,
  "laušana": -2,
  "ļaut": 1,
  "lawl": 3,
  "lejupslīde": -2,
  "lēns": -2,
  "lepni": 2,
  "lepns": 2,
  "letalitāte": -2,
  "letarģija": -2,
  "lētticības": -2,
  "liars": -3,
  "līdzjūtība": 2,
  "līdzjūtīgs": 2,
  "līdzsvarotu": 1,
  "lieks": -2,
  "liekšķere": 3,
  "liekulīgs": -2,
  "lielāks": 3,
  "lielgabals": -1,
  "lielīgs": -2,
  "lieliski": 4,
  "lielisks": 3,
  "lielīt": 2,
  "liels": 3,
  "lietains": -1,
  "lietderīgs": 2,
  "lietderīgums": 2,
  "lietusmētelis": 2,
  "lifesaver": 4,
  "līķa bāls": -2,
  "likers": 2,
  "līķis": -1,
  "līksmība": 3,
  "līksms": 3,
  "liksta": -2,
  "liktenis": -2,
  "likumīgi": 1,
  "likumīgs": 2,
  "likumpārkāpējs": -2,
  "lipīgs": -1,
  "LMAO": 4,
  "lmfao": 4,
  "loathed": -3,
  "loathes": -3,
  "lobēja": -2,
  "lobēšana": -2,
  "lobisti": -2,
  "lobists": -2,
  "lojalitāte": 3,
  "lojāls": 3,
  "lol": 3,
  "lolo": 2,
  "lolol": 4,
  "lololol": 4,
  "lolololol": 4,
  "lolot": 2,
  "lolotākajiem": 2,
  "lool": 3,
  "loomed": -1,
  "loool": 3,
  "looool": 3,
  "lovelies": 3,
  "lūdzu": 1,
  "lūgšanas": 1,
  "lurking": -1,
  "maddening": -3,
  "maigums": 2,
  "mājīgums": 2,
  "maksa": -2,
  "maksāt": -1,
  "maksātnespējīgs": -2,
  "maladaption": -2,
  "maldevelopment": -2,
  "maldīgs": -2,
  "maldina": -3,
  "maldināšana": -3,
  "maldināt": -3,
  "maldināts": -3,
  "maldinoši": -2,
  "maldinošs": -3,
  "maldinot": -3,
  "manāms": 2,
  "manevrējot": -2,
  "manipulācija": -1,
  "Manipulēšana": -1,
  "manipulēt": -1,
  "mānīšana": -2,
  "mantkārīgs": -2,
  "maskē": -1,
  "maskēšana": -1,
  "maskēts": -1,
  "maz ticams": -1,
  "mazbērna": -2,
  "medaļa": 3,
  "meistardarbs": 4,
  "melis": -3,
  "melnādainais": -5,
  "meloja": -2,
  "Memoriam": -2,
  "mēms": -3,
  "menaced": -2,
  "mērķtiecīgs": 2,
  "mesmerizing": 3,
  "messed": -2,
  "messing up": -2,
  "metodiski": 2,
  "metodisks": 2,
  "miegains": -2,
  "mierīgi": 2,
  "mierīgs": 2,
  "mierināja": 3,
  "mierinājums": 2,
  "mierināt": 3,
  "miers": 2,
  "Mīklas": -3,
  "mīl": 3,
  "mīlēja": 3,
  "mīlestība": 3,
  "mīlošs": 2,
  "mīlošslaipnība": 3,
  "mīļotais": 3,
  "milzīgs": 1,
  "mirdzums": 3,
  "miris": -3,
  "miršana": -3,
  "mirthfully": 3,
  "misbehave": -2,
  "misbehaves": -2,
  "misbranding": -3,
  "miscast": -2,
  "misclassifies": -2,
  "misclassify": -2,
  "misconducted": -2,
  "misconducting": -2,
  "misconducts": -2,
  "misleaded": -3,
  "misplacing": -2,
  "misreport": -2,
  "misreports": -2,
  "mīt": 2,
  "mīts": -1,
  "mīzt": -4,
  "moaning": -2,
  "moans": -2,
  "mocīt": -3,
  "modernizē": 2,
  "modernizēt": 2,
  "modernizēts": 2,
  "modrs": 3,
  "mokas": -3,
  "mongering": -2,
  "monopolizē": -2,
  "monopolizēt": -2,
  "monotons": -1,
  "moping": -1,
  "motherfucker": -5,
  "motherfucking": -5,
  "motivācija": 1,
  "motivēšana": 2,
  "motivēt": 1,
  "motivēts": 2,
  "mourns": -2,
  "možs": 2,
  "mudina": 2,
  "muguras": 1,
  "muļķi": -2,
  "muļķība": -2,
  "muļķīgi": -2,
  "muļķis": -2,
  "mulsinoši": -2,
  "mumpish": -2,
  "mundrs": 2,
  "musināšana": -2,
  "musinātu": -2,
  "mūžam zaļojošs": 2,
  "n00b": -2,
  "nabadzība": -1,
  "nabadzīgāki": -2,
  "nabadzīgāko": -2,
  "nabadzīgs": -2,
  "naidīgs": -2,
  "naids": -2,
  "naivs": -2,
  "narcisms": -2,
  "nav apstiprināti": -2,
  "nav fun": -3,
  "nav labi": -2,
  "nāve": -2,
  "nāvējošs": -2,
  "nāves gadījumi": -2,
  "Nē": -1,
  "neadekvāts": -2,
  "neaizmirstams": 1,
  "neaizsargāti": -2,
  "neaizsargāts": -2,
  "neapdomīgs": -2,
  "neapmierināta": -3,
  "neapmierināti": -2,
  "neapmierinātība": -2,
  "neapmierināts": -2,
  "neapstiprināta": -1,
  "neapstiprināts": -2,
  "neapturams": 2,
  "neapzinās": -2,
  "neatbalsta": -2,
  "neatbalstīts": -2,
  "neatgriežams": -1,
  "neatgriezeniski": -1,
  "neatrisināts": -1,
  "neatvairāmi": 2,
  "neatvairāms": 2,
  "neatzīs": -2,
  "neatzīt": -2,
  "neauglīgs": -2,
  "nebrīvs": -2,
  "necieņa": -2,
  "necienīgas attieksmes": -2,
  "necienīgs": -2,
  "necilvēcīgs": -2,
  "necilvēcisku": -2,
  "nedarbojas": -2,
  "nedarbojošos": -2,
  "nedarbos": -1,
  "nedarboties": -2,
  "nedarot": -2,
  "nederīgs": -2,
  "nedrošs": -1,
  "nedzīvs": -1,
  "neefektīvi": -2,
  "neefektīvs": -2,
  "neērtība": -2,
  "neērts": -2,
  "neētisks": -2,
  "negadījumi": -2,
  "negaršīgs": -2,
  "negatīvie": -2,
  "negatīvisma": -2,
  "negatīvs": -2,
  "neģēlīgs": -3,
  "neglīts": -3,
  "neglītums": -3,
  "negodīgs": -2,
  "negods": -2,
  "negribīgi": -2,
  "nehigiēniska": -2,
  "neiecietīgi": -2,
  "neieredzēt": -3,
  "neievainojams": 2,
  "neizdevās": -2,
  "neizdevīgā stāvoklī": -2,
  "neizdodas": -2,
  "neizdoties": -2,
  "neiznīcināms": 2,
  "neizpilda": 2,
  "neizšķirts": -1,
  "nejauši": -2,
  "nejaušs": -2,
  "nejutīgs": -2,
  "nejutīgumu": -2,
  "nekaitējot": -2,
  "neķītrība": -2,
  "neķītrs": -2,
  "nekompetents": -2,
  "nelabojams": -2,
  "nelabvēlīgs": -2,
  "nelaiķis": -2,
  "nelaime": -2,
  "nelaimes gadījums": 4,
  "nelaimīgs": -2,
  "nelegāls": -3,
  "nelīdzenā": -2,
  "nelietis": -4,
  "nelikumīgi": -2,
  "nelikumīgs": -3,
  "neloģisks": -2,
  "nelokāms": 2,
  "nemanāmi": 2,
  "nemazina": -1,
  "nemieri": -2,
  "nemierīgs": -2,
  "nemierniekiem": -2,
  "nemiers": -2,
  "nemīlams": -2,
  "nemīlēts": -2,
  "nemirstīgs": 2,
  "neņem vērā": -2,
  "nenodrošināti": -2,
  "nenomierināms": -2,
  "nenoteikts": -1,
  "nenotraipīts": 2,
  "nenovērtē": -2,
  "nenovērtējot": -1,
  "nenovērtēt": -1,
  "nenovērtēts": -2,
  "nenozīmīgs": -2,
  "neobjektīvs": -2,
  "neomulīgs": -2,
  "nepacietībā": 2,
  "nepacietīgs": -2,
  "nepanesams": -2,
  "nepāra": -2,
  "nepārdots": -1,
  "nepareiza lietošana": -2,
  "nepareizi": -2,
  "nepareizi izlasīt": -1,
  "nepareizo": -2,
  "nepareizs": -2,
  "nepareizs novērtējums": -3,
  "neparlamentārs": -2,
  "nepārliecina": -1,
  "nepārspēts": 2,
  "nepārspīlējot": -2,
  "nepārtraucot": -2,
  "nepateicīgs": -3,
  "nepatiesa liecība": -3,
  "nepatiesi": -2,
  "nepatiess": -1,
  "nepatiesu ziņu sniegšana": -2,
  "nepatīk": -2,
  "nepatika": -2,
  "nepatīkamas": -2,
  "nepatīkami": -2,
  "nepatīkams": -2,
  "nepatikšanām": -2,
  "nepatikšanas": -2,
  "nepiedodams": -3,
  "nepieejams": -1,
  "nepiekāpību": -2,
  "nepiekrišana": -2,
  "nepiekrist": -2,
  "nepielūdzams": -3,
  "nepiemērots": -2,
  "nepieņemams": -2,
  "nepiepildīts": -2,
  "nepietiekami": -1,
  "nepietiekami novērtē": -1,
  "nepietiekamība": -2,
  "nepietiekams": -2,
  "nepievilcīgs": -2,
  "nepilnīgi": -2,
  "nepilnīgs": -1,
  "neprātīgi": -3,
  "neprātīgs": -2,
  "neprāts": -3,
  "neprofesionāls": -2,
  "neracionāls": -1,
  "nerē": -2,
  "nervi": -1,
  "nervozi": -2,
  "nervozs": -2,
  "nesakarīgs": -2,
  "nesamērīgs": -2,
  "nesamierināms": -2,
  "nesaprašanā": -2,
  "nesaprot": -2,
  "nesaprotams": -2,
  "nesaskaņa": -2,
  "nesavtīgs": 2,
  "nesekmīgs": -2,
  "neskaidrs": -1,
  "neskaidru": -2,
  "neskarts": 2,
  "nespēja": -2,
  "nespējīgs": -2,
  "nestabils": -2,
  "nestrādā": -3,
  "netaisnība": -2,
  "netaisns": -2,
  "neticams": -1,
  "neticēt": -2,
  "neticīgs": -1,
  "netīrāka": -2,
  "netīrs": -2,
  "netīrumi": -2,
  "netīši": -2,
  "netīšu": -2,
  "neuzmanīgs": -2,
  "neuzticīgi": -3,
  "neuzticīgs": -3,
  "neuzvarams": 2,
  "nevainojami": 2,
  "nevainojams": 2,
  "nevajadzības": -2,
  "nevar": -2,
  "neveiksme": -2,
  "neveiksmes": -2,
  "neveiksmīgi": -2,
  "neveiksmīgs": -2,
  "nevēlams": -2,
  "nevērtīgs": -2,
  "neveselīgs": -2,
  "nevienmērīgs": -1,
  "nevietā": -2,
  "nezaudē cerību": -3,
  "nežēlība": -3,
  "nežēlīgs": -1,
  "nezinātnisks": -2,
  "nezinošs": -2,
  "nicīgi": -2,
  "nicinājums": -2,
  "nicināms": -2,
  "nicināšana": -2,
  "nicinošs": -2,
  "nīdēji": -3,
  "nīdējs": -3,
  "nievājošas": -2,
  "nievājošs": -2,
  "nievājums": -2,
  "niezošs": -2,
  "niggas": -5,
  "nikns": -3,
  "ņiprs": 2,
  "nīst": -3,
  "nobažījies": -2,
  "nobēdājies": -2,
  "nobiedēt": -2,
  "nobijies": -2,
  "nobirums": -2,
  "noblest": 2,
  "nobriedis": 2,
  "nodara": -2,
  "nodarboties ar kontrabandu": -2,
  "nodarījumi": -2,
  "nodarījums": -2,
  "nodarīts": -2,
  "nodarīts kaitējums": -2,
  "nodarot": -2,
  "noderīgs": 2,
  "nodevība": -3,
  "nodevību": -3,
  "nodevīgs": -3,
  "nodevis": -3,
  "nodilis": -1,
  "nodod": -3,
  "nodrošina": 2,
  "nodrošināt": 1,
  "nodrošinātas": 2,
  "nodrošinot": 1,
  "nodurts": -2,
  "nogalina": -3,
  "nogalināšanu": -3,
  "nogalināt": -3,
  "nogalināts": -3,
  "nogurdinošs": -2,
  "noguris": -2,
  "nogurums": -2,
  "noguruši": -2,
  "nokavēt": -2,
  "noklausījās": -2,
  "nolādēts": -4,
  "nolaidība": -2,
  "nolaist no sliedēm": -2,
  "nolaupa": -2,
  "nolaupīja": -2,
  "nolaupīšana": -2,
  "nolaupīšanas": -2,
  "nolaupīti": -2,
  "nolemti": -2,
  "noliedz": -2,
  "noliedza": -2,
  "noliedzēju": -2,
  "noliedzot": -2,
  "noliegšana": -2,
  "noliegt": -2,
  "noliek nevietā": -2,
  "nolikt nevietā": -2,
  "nomācošs": -2,
  "nomākt": -1,
  "nomākta": -2,
  "nomākts": -2,
  "nomierina": 2,
  "nomierināja": 2,
  "nomierinājās": 2,
  "nomierināt": 2,
  "nomierinoša": 2,
  "nomirt": -3,
  "nomocīt": -3,
  "nomocīts": -1,
  "nomoka": -3,
  "noniecināšana": -3,
  "noniecināt": -2,
  "nonievā": -2,
  "nopelt": -2,
  "noplūda": -1,
  "nopratināta": -2,
  "nopūta": -2,
  "nopūtās": -2,
  "Noraida": -2,
  "noraidīja": -2,
  "noraidījums": -2,
  "noraidīšanu": -2,
  "noraidīt": -1,
  "noraidītas": -2,
  "noraidīti": -2,
  "noraidīts": -1,
  "noraidot": -1,
  "noraizējies": -2,
  "norēķini": 1,
  "norūpējies": -2,
  "noskaidroti": 1,
  "nošķaudījās": -2,
  "noskumis": -2,
  "noskumuši": -2,
  "noslepkavošana": -3,
  "noslēpt": -1,
  "noslīcināt": -2,
  "noslīka": -2,
  "nosoda": -2,
  "nosodīja": -2,
  "nosodīšana": -2,
  "nosodīt": -2,
  "nospiedošs": -2,
  "nostiprināja": 2,
  "noteikts": 2,
  "notiesāšanas": -2,
  "notiesāts": -2,
  "Notīra": 1,
  "novājināta": -2,
  "novārtā": -2,
  "novatorisks": 2,
  "novecojis": -2,
  "novele": 2,
  "novērš": -1,
  "novēršot": -1,
  "novērst": -1,
  "novērsta": -1,
  "novērstas": -1,
  "novērtē": 2,
  "novērtējot": 2,
  "novērtēt": 2,
  "novērtēts": 2,
  "novirzot": -1,
  "nozagts": -2,
  "nožēla": -2,
  "nožēlas pilns": -2,
  "nožēlojami": -3,
  "nožēlojams": -2,
  "nožēlojot": -3,
  "nožēlot": -2,
  "nožēlu": -2,
  "noziedznieki": -3,
  "noziedznieks": -3,
  "noziegumi": -3,
  "noziegums": -2,
  "nozīme": 1,
  "nožņaugta": -2,
  "nozog": -2,
  "objektīvs": 2,
  "obligāts": -1,
  "obstrukcija": -2,
  "offensively": -2,
  "OKS": 2,
  "optimisms": 2,
  "optimistisks": 2,
  "optionless": -2,
  "orientieris": 2,
  "ostracized": -2,
  "ostracizes": -2,
  "outmaneuvered": -2,
  "Outreach": 2,
  "overprotective": -2,
  "overreacted": -2,
  "overreacting": -2,
  "overreaction": -2,
  "overreacts": -2,
  "oversell": -2,
  "overselling": -2,
  "oversells": -2,
  "oversold": -2,
  "oxymoron": -1,
  "pacilājoša": 2,
  "pacilāts": 3,
  "padzerties": -2,
  "pakļauj": -1,
  "pakļaujot": -1,
  "pakļaut": -1,
  "pakļauti": -1,
  "palaist garām": -2,
  "paļāvīgs": 2,
  "Paldies": 2,
  "palīdz": 2,
  "palīdzēt": 2,
  "palīdzot": 2,
  "paliek kauns": -2,
  "Palielina": 1,
  "palielinājusi": 1,
  "palielināt": 1,
  "palielināta": 1,
  "palielinot": 1,
  "pamācīja": -2,
  "pamācīt": -2,
  "pamatoti": 2,
  "pamests": -2,
  "panākumi": 3,
  "panics": -3,
  "panika": -3,
  "panikā": -3,
  "panikas cēlējs": -2,
  "paniska bēgšana": -2,
  "paplašina": 1,
  "paplašināt": 1,
  "par laimi": 3,
  "paradīze": 3,
  "paradokss": -1,
  "parāds": -2,
  "pārakmeņoto": -2,
  "pārāks": 2,
  "paraut": -3,
  "pārbagāts": 4,
  "pārbijusies": -3,
  "pārdabisks": -2,
  "pardoning": 2,
  "pārdrošs": 3,
  "pārdzīvojušais": 2,
  "pareizais virziens": 3,
  "pārestība": -2,
  "pārgalvis": 2,
  "pārguris": -3,
  "pāri skrejceļa galam": -2,
  "pārkāpēja": -2,
  "pārkāpj": -2,
  "pārkāpšanas": -2,
  "pārkāpt": -2,
  "pārkāptas": -2,
  "pārkāpts": -2,
  "pārkāpumi": -2,
  "pārkāpumi,": -2,
  "pārkāpums": -2,
  "pārliecina": 1,
  "pārliecināt": 1,
  "pārliecināts": 2,
  "pārliecinoši": 2,
  "pārmācījis": -3,
  "pārmērīga": -2,
  "pārmest": -3,
  "pārņemts": 2,
  "parodēt": -2,
  "parodija": -2,
  "pārprast": -2,
  "pārpratums": -2,
  "pārrāvums": 3,
  "pārslodze": -1,
  "pārsniegšanu": -2,
  "pārspēks": -2,
  "pārspīlē": -2,
  "pārspīlēju": -2,
  "pārspīlējumi": -2,
  "pārspīlējums": -2,
  "pārspīlēt": -2,
  "pārspīlēti": -2,
  "pārsteidz": 3,
  "pārsteidza": -1,
  "pārsteidzīgs": -2,
  "pārsteidzoši": 3,
  "pārsteidzošs": 4,
  "pārsteigt": 4,
  "pārsteigts": 3,
  "pārtrauc": -2,
  "pārtraukt": -2,
  "pārtraukta": -1,
  "pārtraukums": -2,
  "pasakaini": 4,
  "pasakains": 4,
  "pašapmierināts": -2,
  "pasīvi": -1,
  "pasīvs": -1,
  "pasliktina": -2,
  "pasliktinājās": -2,
  "pasliktinājusies": -3,
  "pasliktinās": -2,
  "pasliktināšanās": -2,
  "pasliktināt": -2,
  "pasliktināta": -2,
  "pasliktinošs": -2,
  "pasmaidīja": 2,
  "pašnāvība": -2,
  "pašnāvības": -2,
  "pašnāvību": -2,
  "pasniegts": 2,
  "pašpārliecināts": 2,
  "pastiprina": -2,
  "pastiprināt": -2,
  "pastiprināta": 2,
  "pastrādāti": -2,
  "pateicīgs": 3,
  "pateikties": 2,
  "patiess": 2,
  "patīk": 2,
  "patika": 2,
  "patīkamāku": 3,
  "patīkams": 3,
  "patmīlība": -3,
  "patmīlīgs": -3,
  "pauda nožēlu": -3,
  "pauž nožēlu": -2,
  "pavadījumā": 3,
  "pavājināta": -2,
  "pavedis": -1,
  "paveikt": 2,
  "paveikts": 2,
  "paverdzināja": -2,
  "pavēste": -2,
  "pazemīgs": 1,
  "pazemojums": -3,
  "pazemoti": -3,
  "pazūd": -1,
  "pazuda": -1,
  "pazudināt": -2,
  "pazudis": -2,
  "pediņš": -3,
  "peldošs": 2,
  "pelēks": -1,
  "peļņa": 2,
  "penis": -4,
  "perfekts": 3,
  "personu attaisno": 2,
  "perspektīvas": 1,
  "pesimisms": -2,
  "pesimistisks": -2,
  "pētījumus": 1,
  "phobic": -2,
  "pieaug": 1,
  "pieaugt": 1,
  "pieaugums": 2,
  "piedāvājums": 2,
  "piederēties": 2,
  "piederošs": -2,
  "piedod": 2,
  "piedot": 1,
  "piedzēries": -2,
  "piedzīvojumi": 2,
  "piedzīvojums": 2,
  "piedzīvojumu kārs": 2,
  "pieejams": 1,
  "pieejamu": 2,
  "pieķeršanās": 3,
  "pieklājība": 2,
  "pieklājīgs": 2,
  "piekrāpt": -3,
  "piekrāptais": -2,
  "piekrišana": 2,
  "piekrišanas": 2,
  "piekrist": 1,
  "piekrīt": 2,
  "piekukuļojot": -3,
  "pielūdza": 3,
  "pielūgšana": 3,
  "pielūgt": 3,
  "piemērotība": 1,
  "piemērots": 2,
  "pienācīgi": 2,
  "pieņem": 1,
  "pieņemams": 1,
  "pieņemot": 1,
  "pieņemšana": 1,
  "pieņemt": 1,
  "pieņemts": 1,
  "pieprasīja": -1,
  "pieprasījums": -1,
  "pieprasot": -1,
  "piepūles": 2,
  "piesaista": 1,
  "piesaistīja": 1,
  "piesaistītu": 1,
  "piesaistot": 2,
  "piesardzība": 2,
  "piesardzīgs": -1,
  "piesārņo": -2,
  "piesārņojot": -2,
  "piesārņojums": -2,
  "piesārņotāji": -2,
  "piesārņotājs": -2,
  "piesārņots": -2,
  "piesavināšanās": -3,
  "piešķīra": 3,
  "piešķiršana": 1,
  "piešķirt": 1,
  "piespiedu": -1,
  "piespiešana": -2,
  "pieturas": -1,
  "pievienoti izlasei": 2,
  "pievienoties": 1,
  "pievilcība": 2,
  "pievilcīgi": 2,
  "pievilcīgs": 3,
  "pievilt": -2,
  "piliens": -1,
  "pilnība": 3,
  "pilnīgi": 3,
  "pilnvarošana": 2,
  "pilnvarot": 2,
  "pilnveido": 2,
  "pilnveidojams": 2,
  "Piqué": -2,
  "piqued": -2,
  "pissed": -4,
  "pissing": -3,
  "pitied": -1,
  "plagued": -3,
  "plaguing": -3,
  "plaisāt": -2,
  "plašs": 1,
  "plēsīgs": -2,
  "pliekans": -2,
  "popularitāte": 3,
  "populārs": 3,
  "posttraumatiska": -2,
  "postīšana": -2,
  "postošas": -2,
  "postošs": -3,
  "posts": -2,
  "pozitīvi": 2,
  "pozitīvs": 2,
  "prasības": -1,
  "prasmīgi": 2,
  "prātu": 2,
  "prāva": -2,
  "prāvošanās": -1,
  "praying": 1,
  "prblm": -2,
  "prblms": -2,
  "precizē": 2,
  "pretīgs": -2,
  "pretinieks": -1,
  "pretrunīgi": -1,
  "pretrunīgs": -2,
  "preventīvs": -2,
  "priecājas": 4,
  "priecājās": 4,
  "priecāties": 4,
  "priecīgi": 3,
  "priecīgs": 3,
  "priekā": 2,
  "prieks": 3,
  "priekšējā līnija": 1,
  "priekšrocība": 2,
  "priekšrocības": 2,
  "privileģēts": 2,
  "problēma": -2,
  "problēmas": -2,
  "progress": 2,
  "promesošais": -1,
  "propaganda": -2,
  "prostitūta": -4,
  "protestē": -2,
  "protestētāji": -2,
  "protesti": -2,
  "protests": -2,
  "provocē": -1,
  "provocējot": -1,
  "provocēt": -1,
  "pseudoscience": -3,
  "psihopātiskā": -2,
  "pulētas": 2,
  "pushy": -1,
  "pušums": -1,
  "putot": -3,
  "radīt": -2,
  "radošs": 2,
  "rafinēt": 1,
  "rafinēts": 1,
  "rageful": -2,
  "raizējoties": -2,
  "rāja": -3,
  "rājiens": -2,
  "raksturīgs": -2,
  "rāms": 2,
  "ranters": -3,
  "rants": -3,
  "raptured": 2,
  "rasisms": -3,
  "rasisti": -3,
  "rasistisku": -3,
  "ratificējusi": 2,
  "raudāt": -2,
  "raudošs": -2,
  "reibinošs": -2,
  "reizi mūžā": 3,
  "remdējošs": 3,
  "represijas": -2,
  "represīvs": -2,
  "reprimanded": -2,
  "reprimanding": -2,
  "resns": 2,
  "rēta": -2,
  "rētas": -2,
  "revered": 2,
  "rezolūcija": 2,
  "rīcībnespējīga": -2,
  "riebīgs": -2,
  "riebums": -3,
  "riebumu": -3,
  "rieksti": -3,
  "rigged": -1,
  "risinājumi": 1,
  "risināšana": 1,
  "risināšanā": 2,
  "riskants": -2,
  "riski": -2,
  "risks": -2,
  "rīstīties": -2,
  "robed": -2,
  "robežstāvokļa": -2,
  "robing": -2,
  "Robs": -2,
  "robusts": 2,
  "rofl": 4,
  "roflcopter": 4,
  "roflmao": 4,
  "romance": 2,
  "romantical": 2,
  "romantiski": 2,
  "rotfl": 4,
  "rotflmfao": 4,
  "rotflol": 4,
  "roze": 1,
  "rūgti": -2,
  "rūgts": -2,
  "ruining": -2,
  "rūpes": 2,
  "rupjš": -1,
  "saasina": -2,
  "saasināja": -2,
  "saasināt": -2,
  "saasinot": -2,
  "sabiedrotais": 2,
  "sabojāt": -2,
  "sabojāta": -2,
  "sabotāža": -2,
  "sabrūk": -2,
  "sabruka": -2,
  "sabrukums": -2,
  "sačakarēja": -3,
  "sacelšanās": -2,
  "sacietē": 2,
  "sacietēt": 2,
  "saduļķot": -2,
  "sadursme": -2,
  "sadursmes": -1,
  "sadurt": -2,
  "sadurties": -1,
  "sadurts": -2,
  "sagaidīt": -1,
  "saglabāts": 2,
  "sagraušana": -2,
  "sagraut": -2,
  "sagrāva": -2,
  "sagrozīšana": -2,
  "sagrozīt": -2,
  "sagrozot": -2,
  "saīdzis": -2,
  "saindēta": -2,
  "saišķu": -3,
  "saistība": 2,
  "saistošs": 3,
  "sajaukt": -2,
  "sajaukts": -2,
  "sajūsma": 3,
  "sajūsmā": 2,
  "sajūsmināt": 3,
  "sajūsmināts": 4,
  "sajūta": 1,
  "sakauts": -2,
  "sakāve": -2,
  "sakraut": -1,
  "sakta": -2,
  "salauzts": -1,
  "saldāks": 3,
  "salds": 2,
  "saluting": 2,
  "salūts": 2,
  "samaitā": -3,
  "samazinājās": -1,
  "samazinājumi": -1,
  "samazinājusi": -2,
  "samazināt": -1,
  "samierinājies": -1,
  "samierināt": 2,
  "sāncensis": -1,
  "saniknot": -2,
  "saniknots": -2,
  "šantāža": -3,
  "šantāžā": -3,
  "sāp": -2,
  "sāpes": -2,
  "sāpēt": -2,
  "sapīcis": -2,
  "sāpīgs": -2,
  "sapņi": 1,
  "sapņot": 1,
  "sapņotājs": 3,
  "saprātīgs": 2,
  "sapuvis": -3,
  "saraušana": -2,
  "sarežģīt": -2,
  "sarkastisks": -2,
  "šarmanti": 3,
  "šarms": 3,
  "sarūgtināta": -2,
  "sašļucis": -2,
  "sasmalcināt": -1,
  "sasmalcināts": -2,
  "sasniedz": 1,
  "sasniedza": 1,
  "sasniedzams": 1,
  "sasniedzot": 1,
  "sasniegt": 1,
  "sasniegumi": 2,
  "sasniegums": 2,
  "sasodīts": -4,
  "saspīlējums": -1,
  "saspringts": -2,
  "sastindzis": -1,
  "sašutis": -2,
  "sašutumā": -2,
  "sašutums": -2,
  "satiekas": -1,
  "satrauc": -2,
  "satraucoša": -3,
  "satraucošs": -2,
  "satraukt": 3,
  "satraukti": 3,
  "satraukts": -2,
  "satraukums": -2,
  "satraukumu": -2,
  "satricinājumiem": -2,
  "satriecošs": 4,
  "satriekta": -3,
  "satriekts": -2,
  "satveršanai": 2,
  "šaubas": -1,
  "šaubījās": -1,
  "šaubu": -1,
  "sauca": -2,
  "sauciens": -1,
  "saucošs": -2,
  "saules gaisma": 2,
  "šaušana": -2,
  "šausmās": -3,
  "šausmīgs": -2,
  "šausminošos": -3,
  "šausminošs": -3,
  "šausmu pārņemts": -2,
  "šaut": -1,
  "savaldīšana": -4,
  "savange": -2,
  "savanges": -2,
  "saviļņots": 5,
  "sazvērestība": -3,
  "scam": -2,
  "šedevri": 4,
  "sekas": -2,
  "seksisma": -2,
  "selfļaunprātīgu": -2,
  "selfmaldināta": -2,
  "selfpretrunīgi": -2,
  "sentimentāls": -2,
  "sēras": -2,
  "sērīgs": -2,
  "sēroja": -2,
  "sērot": -2,
  "sexistic": -2,
  "sexy": 3,
  "shithead": -4,
  "shitty": -3,
  "shoody": -2,
  "signalizācija": -2,
  "šiks": 2,
  "silts": 1,
  "siltums": 2,
  "Siltums": 2,
  "simpātisks": 2,
  "singleminded": -2,
  "sirsnība": 2,
  "sirsnīgi": 2,
  "sirsnīgs": 3,
  "sišana": -1,
  "sistēmas traucējumus": -2,
  "skaidri": 1,
  "skaidrība": 2,
  "skaidrs": 1,
  "skaisti": 3,
  "skaists": 3,
  "skaistules": 3,
  "skaistums": 3,
  "skaitīt lūgšanas": 1,
  "skaļas frāzes": -3,
  "skaļš": -1,
  "skandāli": -3,
  "skandalozs": -3,
  "skandāls": -3,
  "skarbi": -2,
  "skarbs": -2,
  "skaudība": -1,
  "skaudībā": -1,
  "skaudīgs": -2,
  "šķaudīt": -2,
  "šķavas": -2,
  "šķebinošs": -3,
  "šķēpa smaile": 2,
  "skepticisms": -2,
  "skeptiķi": -2,
  "skeptiķis": -2,
  "skeptisks": -2,
  "šķēršļi": -2,
  "šķērslis": -2,
  "šķīdums": 1,
  "skops": -2,
  "skumjas": -2,
  "skumjš": -2,
  "skumst": -2,
  "skūpsts": 2,
  "slampa": -5,
  "slashes": -2,
  "slashing": -2,
  "slava": 3,
  "slavē": 3,
  "slavēja": 3,
  "slavens": 3,
  "slavēt": 3,
  "slēpa": -1,
  "slepeni vienojoties": -3,
  "slēpjas": -1,
  "slepkava": -2,
  "slepkavība": -2,
  "slepkavības": -2,
  "slepkavoja": -3,
  "slēpšanās": -1,
  "slēpt": -1,
  "slickest": 2,
  "slidens": 2,
  "sliedēm": -2,
  "sliktais": -3,
  "sliktāk": -2,
  "sliktāks": -2,
  "slikti": -3,
  "slikti apieties": -2,
  "slikts": -3,
  "sliktums": -3,
  "slimība": -1,
  "slimības": -1,
  "slimnīcā": -2,
  "slimniekiem": -2,
  "slims": -2,
  "slinks": -1,
  "slīpsvītra": -2,
  "slogs": -2,
  "slumping": -1,
  "smadzeņu skalošanas": -3,
  "smaga fugasa bumba": 3,
  "smagākas": -2,
  "smagi cietušiem": -2,
  "smags": -2,
  "smaida": 2,
  "smaids": 2,
  "smejas": 1,
  "smējās": 1,
  "smejošs": 1,
  "smieklīgs": 4,
  "smieties": 1,
  "smiling": 2,
  "smirdēt": -2,
  "smirdīgs": -2,
  "smirdošs": -2,
  "smuggles": -2,
  "sneaky": -1,
  "sniedzot sagrozītu": -2,
  "snubbing": -2,
  "snubs": -2,
  "sobering": 1,
  "soda": -2,
  "soda nauda": 2,
  "soda naudas": -2,
  "sodīt": -2,
  "sodīti": -2,
  "sodīts": -2,
  "sods": -2,
  "šoks": -2,
  "solidaritāte": 2,
  "solidifying": 2,
  "solījumi": 1,
  "solījums": 1,
  "spams": -2,
  "sparkles": 3,
  "spars": 3,
  "spēcīgāka": 2,
  "spēcīgākais": 2,
  "spēcīgi": -3,
  "spēcīgs": 2,
  "spēja spriest": 2,
  "spējas": 2,
  "spējīgs": 1,
  "spēks": 2,
  "spekulants": -2,
  "spekulatīvi": -2,
  "spēle mainās": 3,
  "spīdzināja": -4,
  "spīdzināšana": -4,
  "spīdzināšanas": -4,
  "spīdzināts": -4,
  "spiediens": -1,
  "spiegšana": -2,
  "spiesti": -2,
  "spiests": 1,
  "spilgti": 2,
  "spilgtums": 1,
  "spītīgs": -2,
  "spokoties": -1,
  "spoks": -1,
  "spožāko": 2,
  "spriedumi": -1,
  "spriedums": -1,
  "squanders": -2,
  "squelched": -1,
  "stabils": 2,
  "Stabs": -2,
  "Stank": -2,
  "starves": -2,
  "steidzams": -1,
  "stelles": -1,
  "stends": -2,
  "stenēt": -2,
  "stereotips": -2,
  "stimulē": 1,
  "stimulēja": 1,
  "stimulējot": 2,
  "stimulēt": 1,
  "stingri": 3,
  "stingrs": 3,
  "stinked": -2,
  "stinker": -2,
  "stinks": -2,
  "stiprās puses": 2,
  "Stiprina": 2,
  "stiprināšana": 2,
  "stiprināt": 2,
  "stiprs": 2,
  "stola": -2,
  "streiki": -1,
  "streikotāju": -2,
  "streiks": -1,
  "stresa": -2,
  "strīdi": -2,
  "strīdīgs": -2,
  "strīds": -2,
  "strupceļš": -2,
  "stulbenis": -4,
  "stulbs": -2,
  "stulbums": -3,
  "stūrgalvīgs": -2,
  "sūce": -1,
  "sūdi": -4,
  "sūdzas": -2,
  "sūdzējās": -2,
  "sūdzēties": -2,
  "sūdzība": -2,
  "sūdzības": -2,
  "sueing": -2,
  "sūkā": -3,
  "sūkt": -3,
  "sulīgs": -1,
  "sulking": -2,
  "super": 3,
  "Superb": 5,
  "surogātpasta izplatītāja": -3,
  "surogātpasta izplatītāji": -3,
  "surogātpasts": -2,
  "svaigs": 1,
  "svarīgs": 2,
  "svarīgums": 2,
  "svārstīgs": -2,
  "svārstīšanās": -1,
  "sveicieni": 2,
  "sveicieniem": 2,
  "Sveicina": 1,
  "sveicināja": 2,
  "sveikt": 1,
  "svētī": 2,
  "svētība": 3,
  "svētības": 3,
  "svētīt": 2,
  "svētku": 2,
  "svētlaime": 3,
  "svētlaimīgs": 3,
  "svin": 3,
  "svinēt": 3,
  "svinības": 3,
  "svinīgs": -1,
  "švītīgs": 2,
  "sweetest": 3,
  "swindles": -3,
  "Tādi draudi": -2,
  "taisni": 1,
  "taisnība": 2,
  "taisnīgums": 2,
  "talants": 2,
  "tāpat": 2,
  "tard": -2,
  "tarnishes": -2,
  "teikumi": -2,
  "teikums": -2,
  "tēlains": 2,
  "teroristi": -2,
  "terorists": -2,
  "terorizēja": -3,
  "terorizēt": -3,
  "terorizēti": -2,
  "terors": -3,
  "terrifically": 4,
  "terrorizes": -3,
  "ticība": 1,
  "tiesas prāvas": -2,
  "tiesības": 1,
  "tikumīgs": 2,
  "tirānisks": -3,
  "tīrītājs": 2,
  "tīrs": 2,
  "tits": -2,
  "toksisks": -3,
  "tolerance": 2,
  "tolerants": 2,
  "topi": 2,
  "tops": 2,
  "totalitārismu": -2,
  "totāls": -2,
  "touted": -2,
  "touting": -2,
  "touts": -2,
  "Traģēdija": -2,
  "traģēdijas": -2,
  "traģisks": -2,
  "traips": -2,
  "traks": -2,
  "transgresses": -2,
  "trastiem": 1,
  "traucē": -2,
  "traucējošs": -2,
  "traucējumi": -2,
  "traucējums": -2,
  "traucēšana": -2,
  "traucēt": -2,
  "traucēta": -2,
  "traucēts": -2,
  "trauma": -3,
  "traumatisks": -3,
  "trīce": -2,
  "tricked": -2,
  "trīcošs": -2,
  "trīsas": -2,
  "triumfējošs": 4,
  "triumfs": 4,
  "trollis": -2,
  "trūkumi": -2,
  "trūkums": -2,
  "truls": -2,
  "tukšs": -1,
  "tukšums": -1,
  "tumsa": -1,
  "tumšs": -2,
  "turēt aizdomās": -3,
  "tuvredzība": -2,
  "tuvredzīgs": -2,
  "twat": -5,
  "tyran": -3,
  "tyrannic": -3,
  "tyrannically": -3,
  "tyrans": -3,
  "ugh": -2,
  "uguns": -2,
  "uncredited": -1,
  "unfitted": -2,
  "unfunny": -2,
  "ungenerous": -2,
  "uninspired": -2,
  "unintelligent": -2,
  "uninvolving": -2,
  "unmotivated": -2,
  "unoriginal": -2,
  "unreleting": -2,
  "unresearched": -2,
  "untarnished": 2,
  "Ups": -2,
  "uptight": -2,
  "upuriem": -3,
  "upuris": -3,
  "urā": 5,
  "urbums": -2,
  "uz klāja": 1,
  "uzaicināt": 1,
  "uzbruka": -1,
  "uzbrukt": -1,
  "uzbrukumiem": -1,
  "uzbrukums": -1,
  "uzbrukumus": -2,
  "uzgavilēt": 2,
  "uzglūnēt": -1,
  "uzjautrināt": 3,
  "uzlabo": 2,
  "uzlabošana": 2,
  "uzlabot": 2,
  "uzlabots": 2,
  "uzlādēts": -3,
  "uzliek": -1,
  "uzliesmojumi": -2,
  "uzlika": -1,
  "uzlikt": -1,
  "uzmācīga": -3,
  "uzmākšanās": -3,
  "uzmanīgi": 2,
  "uzmanīgs": 2,
  "uzmanīgums": 2,
  "uzmundrina": 3,
  "uzmundrināja": 2,
  "uzmundrināt": 2,
  "uzmundrinošu": 3,
  "uzņēmīgs": 1,
  "uzņemt": -1,
  "uzņemts": -1,
  "uzpirkti": -3,
  "uzpūsts": -1,
  "uzraudzība": -1,
  "uzrauts": -2,
  "uzsāka": 1,
  "uzsākt": 1,
  "uzslavēja": 2,
  "uzspiest": -2,
  "uzsūcas": 1,
  "uzsvars": -1,
  "uzsvēra": -2,
  "uzticamība": 2,
  "uzticams": 2,
  "uzticēja": 2,
  "uzticība": 2,
  "uzticīgs": 3,
  "uztraucošs": -2,
  "uztraukties": -2,
  "uztraukums": 3,
  "uzvar": 4,
  "uzvara": 4,
  "uzvaras": 3,
  "uzvarētāji": 3,
  "uzvarētājs": 4,
  "uzvarēts": -2,
  "vadība": 1,
  "vaidēja": -2,
  "vaidēt": -2,
  "vaidi": -2,
  "vaina": -3,
  "vainīgais": -2,
  "vainīgie": -2,
  "vainīgs": -3,
  "vaino": -2,
  "vainoja": -2,
  "vainojot": -2,
  "vainot": -2,
  "vajā": -1,
  "vajāšanu": -1,
  "vajāt": -2,
  "vāji": -2,
  "vājprātīgie": -3,
  "vājš": -2,
  "vājums": -2,
  "valdošo": 1,
  "valdzinājums": 3,
  "valdzinošs": 3,
  "vaļīgs": -3,
  "var \"t stāvēt": -3,
  "vardarbība": -3,
  "vardarbību saistīto": -3,
  "varmācīgs": -3,
  "varoņdarbi": -2,
  "varoņi": 2,
  "varonīgs": 3,
  "varonis": 2,
  "veicina": 1,
  "veicināt": 2,
  "veicināta": 1,
  "veicinot": 1,
  "veiksme": 2,
  "veiksmīgi": 3,
  "veiksmīgs": 3,
  "vēlamais": 2,
  "vēlams": 2,
  "vēlēšanās": 1,
  "vēlēties": 1,
  "velkas": -1,
  "vēlmes": 1,
  "veltīgs": -2,
  "veltījums": 2,
  "veltīta": 2,
  "veltīts": 3,
  "velts": -2,
  "vēma": -3,
  "vēmekļi": -3,
  "vemšana": -3,
  "ventilators": 3,
  "verdzība": -3,
  "verdzināt": -2,
  "vergi": -3,
  "vergošana": -2,
  "vergs": -3,
  "vērtības pieaugums": 2,
  "vērts": 2,
  "veselīgs": 2,
  "vēss": 1,
  "vest sarunas": -1,
  "vexing": -2,
  "vēzis": -1,
  "vibrējošs": 3,
  "victimizes": -3,
  "videi draudzīgas": 2,
  "viduvējība": -3,
  "viegli": 1,
  "vienaldzība": -2,
  "vienaldzīgs": -2,
  "viengabala": 2,
  "vienkāršība": 1,
  "vienkāršs": -2,
  "vienmuļš": -2,
  "vienošanās": 1,
  "vienota": 1,
  "vienots": 1,
  "vienreizējs": 1,
  "viens pats": -2,
  "vientuļš": -2,
  "viktimizācijas": -3,
  "vilcinās": -2,
  "vilcināties": -2,
  "vīlies": -2,
  "vilka": -1,
  "vilkt": -1,
  "vilšanās": -2,
  "vilšanos": -2,
  "vilties": -2,
  "viltīgs": 2,
  "viltojums": -3,
  "viltojumu": -3,
  "viltot": -3,
  "viltoti": -3,
  "vīlušies": -2,
  "vindicates": 2,
  "vīraks": -2,
  "virssvars": -1,
  "virulents": -2,
  "visdziļāko": 2,
  "vislabāk": 3,
  "vislielākais": 3,
  "vissliktākais": -3,
  "vistīrāko": 1,
  "vistumšākā": -2,
  "visuresošs": 2,
  "vitalitāte": 3,
  "vitamīns": 1,
  "vitriola": -3,
  "vīzija": 1,
  "vīzijas": 1,
  "vīziju": 1,
  "vona": 3,
  "vraks": -2,
  "VRG": -2,
  "walkouts": -2,
  "wanker": -3,
  "Winwin": 3,
  "woohoo": 3,
  "wooo": 4,
  "woow": 4,
  "wowow": 4,
  "wowww": 4,
  "wrenching": -2,
  "wtf": -4,
  "wtff": -4,
  "wtfff": -4,
  "XO": 3,
  "xoxoxo": 4,
  "xoxoxoxo": 4,
  "yeah": 1,
  "yeees": 2,
  "yucky": -2,
  "zagt": -2,
  "zaļā mazgāšana": -3,
  "zaudē": -3,
  "zaudēja spēku": -1,
  "zaudējis": -3,
  "zaudējumi": -3,
  "zaudējums": -2,
  "zaudēšana": -3,
  "zaudētājs": -3,
  "žāvētas": -2,
  "zealots": -2,
  "žēlīgs": 3,
  "žēls": -2,
  "žēlsirdība": 2,
  "žēlsirdīgs": 1,
  "zelts": 2,
  "žēlums": -2,
  "zemākais": -1,
  "ziedo": 2,
  "ziedoja": 2,
  "ziedojot": 2,
  "ziedojums": 2,
  "ziedot": 2,
  "žilbinošs": 3,
  "zinātkārs": 2,
  "ziņkārīgs": 1,
  "žirgts": 3,
  "žņaudzošs": -2,
  "zudumiem": -2,
  "zvēr": -2,
  "zvērēt": -2
}