{
  "å miste": -3,
  "å nå": 1,
  "å nekte": -2,
  "abortert": -1,
  "absentees": -1,
  "absolved": 2,
  "absolving": 2,
  "absorbert": 1,
  "acquits": 2,
  "acrimonious": -3,
  "adoptere": 1,
  "adored": 3,
  "adoring": 3,
  "adoringly": 3,
  "advarer": -2,
  "advarsel": -3,
  "advarsler": -3,
  "advart": -2,
  "ære": 2,
  "Ærede": 2,
  "ærgjerrig": 2,
  "ærlig": 2,
  "affectionateness": 3,
  "affronted": -1,
  "aficionados": 2,
  "aggresjon": -2,
  "aggresjoner": -2,
  "aggressiv": -2,
  "aggressivitet": -2,
  "agog": 2,
  "agonises": -3,
  "agonizes": -3,
  "akk": -1,
  "akseptabel": 1,
  "akseptere": 1,
  "aksepterer": 1,
  "akseptert": 1,
  "aksjer": 1,
  "aktiv": 1,
  "alarm": -2,
  "alarmist": -2,
  "alarmists": -2,
  "alene": -2,
  "allergisk": -2,
  "allestedsnærværende": 2,
  "alliert": 2,
  "altruistiske": 2,
  "alvor": 2,
  "alvorlig": -2,
  "ambivalent": -1,
  "analfabetisme": -2,
  "anbefale": 2,
  "anbefaler": 2,
  "anbefales": 2,
  "ånd": 1,
  "andakt": 2,
  "Angers": -3,
  "Angitt som favoritt": 2,
  "angre": -2,
  "angrende": -2,
  "angrep": -1,
  "angrepet": -1,
  "angrer": -2,
  "angret": -2,
  "Angrip": 2,
  "angripe": -1,
  "angst": -2,
  "anholdt": -2,
  "anklage": -2,
  "anklagende": -2,
  "anløpe": -2,
  "anløpet": -2,
  "ansikte": -2,
  "anspent": -2,
  "ansvar": 1,
  "ansvarlig": 2,
  "antagonistiske": -2,
  "anti": -1,
  "apati": -3,
  "apatisk": -3,
  "apeshit": -3,
  "apokalyptisk": -2,
  "Apologized": -1,
  "apologizing": -1,
  "appeases": 2,
  "applaudere": 2,
  "applauderer": 2,
  "applauderte": 2,
  "applaus": 2,
  "arbeidsledig": -1,
  "arbeidsledighet": -2,
  "arr": -2,
  "arrestasjoner": -2,
  "arrestere": -2,
  "arrestert": -3,
  "arrogant": -2,
  "arsehole": -4,
  "årvåken": 3,
  "ass": -4,
  "Assfucking": -4,
  "astounds": 3,
  "attentat": -3,
  "attraksjoner": 2,
  "attraktiv": 2,
  "attraktivitet": 2,
  "attraktivt": 2,
  "au": -2,
  "aura": 1,
  "autoritet": 1,
  "avansert": 1,
  "avbrudd": -2,
  "avbrutt": -2,
  "avbryte": -2,
  "avbryter": -1,
  "avdekke": -1,
  "Avenged": -2,
  "avfyring": -2,
  "avgjørende": 1,
  "avhengige": 2,
  "avhør": -1,
  "avhørt": -1,
  "avid": 2,
  "avlede": -1,
  "avskrekkende": -2,
  "avskum": -3,
  "avsky": -3,
  "avskydd": -3,
  "avskyelig": -3,
  "avskyr": -3,
  "avslå": -2,
  "avslappende": 2,
  "avslappet": 2,
  "avspore": -2,
  "avspores": -2,
  "avtale": 1,
  "avtalt": 1,
  "avvente": -1,
  "avverge": -1,
  "avverger": -1,
  "avverget": -1,
  "avvise": -1,
  "avviser": -1,
  "avvisning": -2,
  "avvist": -1,
  "axed": -1,
  "Backed": 1,
  "backing": 2,
  "backs": 1,
  "badass": -3,
  "bærekraft": 1,
  "bærekraftig": 2,
  "bagatelliserer": -2,
  "bailout": -2,
  "balanserte": 1,
  "Bamboozle": -2,
  "bamboozles": -2,
  "bankster": -3,
  "banne": -2,
  "barbar": -2,
  "barbariske": -2,
  "barnslig": -2,
  "barriere": -2,
  "barskere": -2,
  "bastards": -5,
  "battling": -2,
  "be": 1,
  "be om unnskyldning": -1,
  "beatific": 3,
  "bedårende": 3,
  "bedra": -3,
  "bedrag": -3,
  "bedrager": -2,
  "bedrageri": -3,
  "bedragersk": -3,
  "bedratt": -3,
  "bedre": 2,
  "bedrøvet": -2,
  "befit": 2,
  "befitting": 2,
  "begå": 1,
  "begått": -2,
  "begeistrede": 4,
  "begeistret": 5,
  "begeistring": 3,
  "begivenhetsløs": -2,
  "begjærlig": 2,
  "begravelse": -1,
  "begravelser": -1,
  "begrense": -2,
  "begrenser": -2,
  "begrenset": -1,
  "begrensning": -1,
  "behage": 3,
  "behagelig": 2,
  "behendig": 2,
  "beholdt": -1,
  "bekjemper": -1,
  "beklage": -3,
  "beklager": -1,
  "Beklager": -1,
  "beklaget": -3,
  "bekymre": -3,
  "bekymret": -2,
  "bekymringer": 2,
  "bekymrings": -3,
  "bekymringsløs": 1,
  "belasting": -2,
  "beleven": 2,
  "belønnet": 2,
  "belønning": 2,
  "belønninger": 2,
  "bemerkelsesverdig": 2,
  "benådet": 2,
  "benådninger": 2,
  "benekte": -2,
  "benektelse": -2,
  "benekter": -2,
  "benektet": -2,
  "ber": 1,
  "bereave": -2,
  "bereaves": -2,
  "bereaving": -2,
  "berettiget": 2,
  "bero": 2,
  "beroligende": 3,
  "beroliger": 2,
  "beroliget": 3,
  "berømmelse": 1,
  "berømt": 2,
  "berørt": -1,
  "besatt": 2,
  "beskylde": -2,
  "beskylder": -2,
  "beskyldninger": -2,
  "beskytte": 1,
  "beskytter": 1,
  "beskyttet": 1,
  "best": -3,
  "Best Damn": 4,
  "beste": 3,
  "bestikkelse": -3,
  "bestikkelser": -3,
  "bestukket": -3,
  "besvær": -2,
  "betale": -1,
  "betatt": 2,
  "betent": -2,
  "betrodd": 2,
  "betryggende": 2,
  "betydelig": 1,
  "betydning": 2,
  "beundre": 3,
  "beundrer": 3,
  "beundret": 3,
  "beviser": 1,
  "bifall": 2,
  "bisarr": -2,
  "bitreste": -2,
  "bitter": -2,
  "bittert": -2,
  "bivirkning": -2,
  "bivirkninger": -2,
  "blah": -2,
  "blakk": -1,
  "Bleik": -2,
  "blendende": 3,
  "bli enige": 1,
  "bli med": 1,
  "blind": -1,
  "blir borte": -1,
  "blithe": 2,
  "blockbuster": 3,
  "blodig": -3,
  "blokade": -2,
  "blokker": -1,
  "blokkere": -1,
  "blokkerer": -1,
  "blokkert": -1,
  "boikott": -2,
  "boikotter": -2,
  "boikottet": -2,
  "bølle": -2,
  "bombe": -1,
  "Bondevik": -2,
  "bønn": 1,
  "boosting": 1,
  "bortfalt": -1,
  "bortføring": -2,
  "bortføringer": -2,
  "bortført": -2,
  "bortskjemte": -2,
  "bosetninger": 1,
  "bosetting": 1,
  "bøter": -2,
  "brak": -2,
  "Brann": -2,
  "braut": -2,
  "bravura": 3,
  "Brekke seg": -2,
  "brilliances": 3,
  "brudd": -2,
  "brutal": -3,
  "brutalt": -3,
  "brutt": -2,
  "bry": -2,
  "brysom": -2,
  "bryte": -2,
  "bryter med": -2,
  "bulk": -2,
  "bygges": -1,
  "byrde": -2,
  "byrder": -2,
  "chagrined": -2,
  "champion": 2,
  "chastises": -3,
  "chastising": -3,
  "cheaters": -3,
  "cheering": 2,
  "cheerless": -2,
  "cherishes": 2,
  "chic": 2,
  "chide": -3,
  "chides": -3,
  "chiding": -3,
  "chilling": -1,
  "choker": -2,
  "choking": -2,
  "clash": -2,
  "classy": 3,
  "cocksuckers": -5,
  "commended": 2,
  "conciliated": 2,
  "conciliates": 2,
  "conflictive": -2,
  "consolable": 2,
  "contagions": -2,
  "conte": -2,
  "cornered": -2,
  "courageousness": 2,
  "crappy": -3,
  "criminate": -3,
  "criminates": -3,
  "crush": -1,
  "damnit": -4,
  "dårlig": -2,
  "dårlig oppførsel": -2,
  "dårlige": -2,
  "dårlige resultater": -2,
  "dårligere": -2,
  "dauntless": 2,
  "debonair": 2,
  "dedikert": 2,
  "defekt": -3,
  "defekter": -3,
  "deformert": -2,
  "defrauds": -3,
  "degradere": -2,
  "degradert": -2,
  "dehumanized": -2,
  "dehumanizing": -2,
  "deject": -2,
  "dejecting": -2,
  "dejects": -2,
  "dekke til": -3,
  "dele": 1,
  "delectable": 3,
  "delene": 1,
  "delighting": 3,
  "delt": 1,
  "demonstranter": -2,
  "demonstrasjon": -1,
  "demoralisere": -2,
  "demoraliserende": -2,
  "demoraliserer": -2,
  "demoralisert": -2,
  "denier": -2,
  "deportasjon": -2,
  "deportasjoner": -2,
  "deportere": -2,
  "deporterer": -2,
  "deportert": -2,
  "deprimerende": -2,
  "deprimert": -2,
  "deprivasjon": -3,
  "derides": -2,
  "deriding": -2,
  "desillusjonert": -2,
  "desorientert": -2,
  "despairs": -3,
  "desperat": -3,
  "dessverre": -2,
  "destruktiv": -3,
  "detracts": -1,
  "diamant": 1,
  "dilemma": -1,
  "dilligence": 2,
  "dire": -3,
  "direful": -3,
  "disapproves": -2,
  "disconsolation": -2,
  "disguising": -1,
  "disgustful": -3,
  "disinclined": -2,
  "diskreditert": -2,
  "diskriminere": -2,
  "diskriminerende": -2,
  "diskriminerer": -2,
  "diskriminert": -2,
  "diskvalifisert": -2,
  "disparaged": -2,
  "disregarding": -2,
  "disrespect": -2,
  "distingvert": 2,
  "distrahere": -2,
  "distrahert": -2,
  "distraksjon": -2,
  "distressed": -2,
  "distressing": -2,
  "dø": -3,
  "død": -2,
  "døde": -3,
  "dødelig": -2,
  "dødelighet": -2,
  "dodgy": -2,
  "dødsfall": -2,
  "dødsulykke": -3,
  "døende": -3,
  "dolorous": -2,
  "dømmekraft": 2,
  "dommer": -1,
  "dømt": -2,
  "donasjon": 2,
  "donere": 2,
  "donerer": 2,
  "donert": 2,
  "douche": -3,
  "douchebag": -3,
  "døve": -1,
  "downer": -2,
  "downhearted": -2,
  "dra": -1,
  "drap": -2,
  "drar": -1,
  "drenert": -2,
  "drepe": -3,
  "dreper": -3,
  "drept": -3,
  "driftige": 1,
  "dristig": 2,
  "drita full": -2,
  "dritt": -3,
  "drittsekk": -4,
  "driver": -2,
  "drøm": 1,
  "drømmer": 1,
  "droppet": -1,
  "drukne": -2,
  "drukner": -2,
  "druknet": -2,
  "dud": -2,
  "dum": -1,
  "dumdristig": 3,
  "dumhet": -3,
  "dump": -1,
  "dumper": -1,
  "dumpet": -2,
  "dupery": -2,
  "dydig": 2,
  "dysfunksjon": -2,
  "dyster": -2,
  "edel": 2,
  "edleste": 2,
  "eery": -2,
  "effektiv": 2,
  "effektivitet": 2,
  "effektivt": 2,
  "egnet": 2,
  "egoisme": -3,
  "eiendeler": 2,
  "eiendomspronomen": -2,
  "ekkel": -3,
  "ekkelt": -2,
  "ekskludert": -2,
  "eksklusiv": 2,
  "eksponerer": -1,
  "ekstatisk": 4,
  "ekstremister": -2,
  "ekstremistisk": -2,
  "ekte": 2,
  "elegant": 2,
  "elendig": -2,
  "elendighet": -2,
  "elskede": 3,
  "elskelig": 3,
  "elsker": 3,
  "elsket": 3,
  "embarrasses": -2,
  "embittered": -2,
  "empatisk": 2,
  "en gang i livet": 3,
  "en skam": -2,
  "en type": 0,
  "enebolig": -1,
  "energisk": 2,
  "engasjere": 1,
  "engasjerer": 1,
  "engstelig": -2,
  "enke": -1,
  "enkelhet": 1,
  "ennui": -2,
  "enorm": 1,
  "enrages": -2,
  "enraging": -2,
  "enslaves": -2,
  "ensom": -2,
  "enthrall": 3,
  "entusiastisk": 3,
  "Envies": -1,
  "er enig": 1,
  "ergerlig": -2,
  "ergrelse": -2,
  "erkjennelse": 2,
  "erobret": -2,
  "erte": -2,
  "este": 2,
  "etisk": 2,
  "etterlatte": -2,
  "etterlengtede": -1,
  "etterslep": -2,
  "ettervirkning": -2,
  "eufori": 3,
  "euforisk": 4,
  "evakuere": -1,
  "evakuerer": -1,
  "evakuering": -1,
  "evakuert": -1,
  "eventyr": 2,
  "eventyrlig": 2,
  "Evergreen": 2,
  "evergreening": -3,
  "evergreens": 2,
  "evne": 2,
  "evner": 1,
  "exasparate": -2,
  "exasperated": -2,
  "exasperates": -2,
  "exasperating": -2,
  "exhilarates": 3,
  "exhilarating": 3,
  "exonerate": 2,
  "exonerates": 2,
  "få": 2,
  "fabelaktig": 4,
  "fabulously": 4,
  "faen": -4,
  "fåfengt": -2,
  "fag": -3,
  "faggot": -3,
  "fagmessig": 2,
  "fainthearted": -2,
  "faker": -3,
  "fakes": -3,
  "fall": -2,
  "falleferdige": -2,
  "fallen": -2,
  "faller": -1,
  "falsk": -1,
  "fan": 3,
  "fanatiker": -2,
  "fanatikere": -2,
  "fange": -2,
  "fanger": -2,
  "fanget": -2,
  "fantasi": 2,
  "fantasiløs": -2,
  "fantastisk": 5,
  "Fantastisk": 4,
  "fare": -2,
  "farlig": -2,
  "farse": -1,
  "fascinasjon": 3,
  "fascinerende": 3,
  "fascinerer": 3,
  "fascinert": 3,
  "fascist": -2,
  "fascister": -2,
  "fasinere": 3,
  "fast": 2,
  "fast bestemt": 2,
  "fastlåste": -2,
  "fatal": -3,
  "fatigues": -2,
  "fattigdom": -1,
  "fattigste": -2,
  "favorisere": 2,
  "favoriserer": 2,
  "favorisert": 2,
  "favoritt": 2,
  "favoritter": 2,
  "feber": -2,
  "feiging": -2,
  "feigt": -2,
  "feil": -2,
  "feil~~POS=TRUNC": -2,
  "feilaktig": -2,
  "feilaktig fremstilling": -2,
  "feilet": -3,
  "feilfri": 2,
  "feilinformert": -2,
  "feilklassifiserer": -2,
  "feilplassert": -2,
  "feilprising": -3,
  "feilrapportering": -2,
  "feilrepresentere": -2,
  "feiltenning": -2,
  "feire": 3,
  "feirer": 3,
  "feiret": 3,
  "feiring": 3,
  "feiringer": 3,
  "felle": -1,
  "feller": -1,
  "fengsel": -2,
  "fengslende": 3,
  "fengslet": 3,
  "fengsling": -2,
  "ferdigheter": 2,
  "fersk": 1,
  "fervid": 2,
  "festlig": 2,
  "fiasco": -3,
  "fiende": -2,
  "fiender": -2,
  "fiendtlig": -2,
  "fiendtlighet": -2,
  "fikk": 2,
  "fikk panikk": -3,
  "filantropi": 2,
  "fineste": 3,
  "fint": 2,
  "fitness": 1,
  "fitte": -5,
  "flaggskip": 2,
  "flaks": 3,
  "flau": -2,
  "flause": -2,
  "flink": 3,
  "flop": -2,
  "flops": -2,
  "flott": 3,
  "flukt": -1,
  "flykter": -1,
  "fobiske": -2,
  "fokusert": 2,
  "følelse": 2,
  "fond": 2,
  "fools": -2,
  "forakt": -2,
  "foraktelig": -2,
  "forbanna bra": 4,
  "forbannelse": -1,
  "forbannet": -4,
  "forbause": 2,
  "forbauset": 2,
  "forbedre": 2,
  "forbedrer": 2,
  "forbedret": 2,
  "forbedring": 2,
  "forberedt": 1,
  "forbløffe": 3,
  "forbløffende": 3,
  "forbløffet": 3,
  "forbrytelse": -3,
  "forbrytelser": -3,
  "forbryter": -3,
  "forbudt": -2,
  "forby": -1,
  "forbyr": -1,
  "fordel": 2,
  "fordelaktig": 2,
  "fordeler": 2,
  "fordømme": -2,
  "fordømmelse": -2,
  "fordømmer": -2,
  "fordømt": -2,
  "foreclosure": -2,
  "foreclosures": -2,
  "foredler": 1,
  "foreldet": -2,
  "forelskelse": 2,
  "forenkling": -2,
  "forent": 1,
  "forfalske": -3,
  "forfalsket": -3,
  "forfalskning": -3,
  "forfektet": 2,
  "forferdelig": 4,
  "forferdet": -2,
  "forfølge": -2,
  "forfølger": -2,
  "forfører": -3,
  "forført": -1,
  "forfremmet": 1,
  "forfriskende": 2,
  "forfulgt": -2,
  "forgettable": -1,
  "forgifter": -2,
  "forgiftet": -2,
  "forgiving": 1,
  "forglemmelse": -1,
  "forguder": 3,
  "forhåpentligvis": 2,
  "forhindre": -1,
  "forhindrer": -1,
  "forhørt": -2,
  "forkaste": -1,
  "forkastet": -1,
  "forkjærlighet": 2,
  "forkledd": -1,
  "forkledning": -1,
  "forkledninger": -1,
  "forlate": -2,
  "forlater": -2,
  "forlatt": -2,
  "forlegge": -2,
  "forlegger": -2,
  "forlenge": 1,
  "formane": -2,
  "formant": -2,
  "formue": 2,
  "fornærme": -2,
  "fornærmelse": -2,
  "fornærmelser": -2,
  "fornærmende": -2,
  "fornærmet": -2,
  "fornedret": -2,
  "fornektelser": -2,
  "fornektere": -2,
  "fornøyd": 3,
  "fornøyelse": 3,
  "fornøyelser": 3,
  "forpint": -3,
  "forpliktelse": 2,
  "forplikter": 1,
  "forpliktet": 1,
  "forpurret": -2,
  "forråde": -3,
  "forråder": -3,
  "forrådt": -3,
  "forræderi": -3,
  "forræderisk": -3,
  "forringer": -2,
  "forringes": -2,
  "forseelse": -2,
  "forsikre": 1,
  "forsikrer": 1,
  "forsiktig": 2,
  "forsiktige": -1,
  "forsinket": -1,
  "forskjønne": 3,
  "forskrekket": -2,
  "forsømmelse": -2,
  "forsømt": -2,
  "forsone": 2,
  "forsteinet": -2,
  "forsterke": 2,
  "forstoppelse": -2,
  "forstyrre": -2,
  "forstyrrelser": -2,
  "forstyrrende": -2,
  "forstyrrer": -2,
  "forstyrret": -2,
  "forsvant": -1,
  "forsvarer": 2,
  "forsvarsløs": -2,
  "forsvinne": -1,
  "fortært": -2,
  "fortjeneste": 2,
  "fortreffelighet": 3,
  "fortrolighet": 2,
  "fortryllende": 3,
  "fortryllet": 2,
  "fortvilelse": -3,
  "fortvilet": -3,
  "forundrer": 2,
  "forurense": -2,
  "forurensende": -2,
  "forurenser": -2,
  "forurensere": -2,
  "forurenseren": -2,
  "forurenset": -2,
  "forurensing": -2,
  "forurensning": -2,
  "forurensninger": -2,
  "forurettet": -2,
  "forvekslet": -2,
  "forventning": 1,
  "forverre": -2,
  "forverrer": -2,
  "forverres": -2,
  "forverret": -2,
  "forverring": -3,
  "forvirre": -2,
  "forvirrende": -2,
  "forvirret": -2,
  "forvise": -1,
  "forvrenge": -2,
  "forvrenger": -2,
  "forvrengt": -2,
  "foul": -3,
  "framgang": 2,
  "frastøtende": -2,
  "frastøtt": -2,
  "fraudulence": -4,
  "fraværende": -1,
  "freak": -2,
  "fred": 2,
  "fredelig": 2,
  "frelse": 2,
  "fremme": 1,
  "fremmed": -1,
  "fremmedgjøring": -2,
  "fremmer": 1,
  "fremstillinger": -2,
  "fremtredende": 2,
  "frifinne": 2,
  "frifunnet": 2,
  "frihet": 2,
  "friheter": 2,
  "frikin": -2,
  "frikjenne": 2,
  "frikjenner": 2,
  "frikjent": 2,
  "fritatt": -1,
  "frowning": -1,
  "fruktbar": 2,
  "frustrasjon": -2,
  "frustrere": -2,
  "frustrerende": -2,
  "frustrerer": -2,
  "frustrert": -2,
  "fryde": 4,
  "frydet": 4,
  "frykt": -2,
  "fryktelig": -3,
  "fryktet": -2,
  "fryktløs": 2,
  "fryktløshet": 2,
  "fryktsomme": -2,
  "ftw": 3,
  "fucker": -4,
  "fuckers": -4,
  "fuckface": -4,
  "fuckhead": -4,
  "fuckin": -4,
  "fucktard": -4,
  "fud": -3,
  "fuked": -4,
  "fuking": -4,
  "full": -2,
  "fullkommenhet": 3,
  "funksjonshemminger": -2,
  "funky": 2,
  "funnier": 4,
  "gå glipp av": -2,
  "gå ut": -2,
  "gal": -2,
  "galant": 3,
  "galere": -2,
  "galeste": -2,
  "gallantry": 3,
  "galning": -3,
  "galskap": -2,
  "ganske": 1,
  "garanti": 1,
  "gått i stykker": -1,
  "gave": 2,
  "genial": 3,
  "gevinst": 2,
  "gevinster": 2,
  "gift": -2,
  "gikk av": -1,
  "gir mening": 2,
  "givende": 2,
  "gjeld": -2,
  "gjemme seg": -1,
  "gjemte seg": -1,
  "gjennombrudd": 3,
  "gjennomføring": 2,
  "gjenopplive": 2,
  "gjenoppliver": 2,
  "gjenopprette": 1,
  "gjenoppretting": 1,
  "gjernings~~POS=TRUNC": -2,
  "gjør vondt": -2,
  "gjøre rasende": -2,
  "gjørmete": -2,
  "glad": 3,
  "glamorøs": 3,
  "glamorøse": 3,
  "glans": 3,
  "glede": 3,
  "gledelig": 3,
  "gleder seg": 4,
  "gledesløs": -2,
  "gleeful": 3,
  "glemme": -1,
  "glemsom": -2,
  "glemt": -1,
  "glemte": -1,
  "glitre": 3,
  "glitrer": 3,
  "glødende": 2,
  "glum": -2,
  "gnist": 1,
  "god": 3,
  "god morgen": 1,
  "godhet": 3,
  "godkjennelse": 1,
  "godkjenner": 2,
  "godkjenning": 2,
  "godkjent": 2,
  "godt fokusert": 2,
  "godt promo": 3,
  "godtroende": -2,
  "godtroenhet": -2,
  "goodlooking": 3,
  "goofiness": -2,
  "goofy": -2,
  "gr8": 3,
  "grå": -1,
  "grådig": -2,
  "grådighet": -3,
  "grand": 3,
  "grasiøs": 2,
  "gråt": -2,
  "gråte": -1,
  "gratis": 1,
  "gratulere": 2,
  "Gratulerer": 2,
  "grav": -2,
  "green vask": -3,
  "greenwash": -3,
  "greenwasher": -3,
  "greenwashers": -3,
  "greenwashing": -3,
  "greets": 1,
  "grenser": -1,
  "gripende": 2,
  "grov": -1,
  "grubling": -2,
  "Grue seg": -2,
  "gruer": -2,
  "grusom": -3,
  "grusomhet": -3,
  "Gud": 1,
  "gudegave": 4,
  "gull": 2,
  "gun": -1,
  "gunstig": 2,
  "gyselig": -3,
  "ha": 2,
  "ha ha": 3,
  "hacket": -1,
  "hagl": 2,
  "hahaha": 3,
  "hahahah": 3,
  "hallelujah": 3,
  "hån": -2,
  "handel": 2,
  "håndplukket": 1,
  "hånlig": -2,
  "håp": 2,
  "håpe": 2,
  "håper": 2,
  "haplessness": -2,
  "håpløs": -2,
  "håpløshet": -2,
  "har krav på": 1,
  "hard": -1,
  "harde": -2,
  "hardfør": 2,
  "hardføre": 2,
  "harmoni": 2,
  "harmonisk": 2,
  "harried": -2,
  "hat": -3,
  "hater": -3,
  "haters": -3,
  "Hates": -3,
  "hatet": -3,
  "hating": -3,
  "haunting": 1,
  "haunts": -1,
  "havari": -2,
  "heavyhearted": -2,
  "hedret": 2,
  "hehe": 2,
  "heldig": 3,
  "heldigvis": 3,
  "helt": 2,
  "helt klart": 1,
  "helter": 2,
  "helvete": -4,
  "hemme": -1,
  "hemmende": -2,
  "henge": -1,
  "hengende": -2,
  "hengivenhet": 2,
  "henrykke": 3,
  "henrykkelse": 2,
  "henseender": 2,
  "hensiktsmessig": 2,
  "hensynsløs": -2,
  "herlig": 4,
  "herlighet": 2,
  "herligheter": 3,
  "heroisk": 3,
  "heslig": -3,
  "hevn": -2,
  "hevne": -2,
  "hevner": -2,
  "hevnere": -2,
  "hevngjerrig": -2,
  "hilsen": 1,
  "hilsener": 2,
  "hilser": 2,
  "hilste": 2,
  "himmel": 2,
  "himmelsk": 4,
  "hinder": -2,
  "hindre": -1,
  "hindrer": -2,
  "hindret": -2,
  "hindring": -2,
  "hindringer": -2,
  "hjelp": 2,
  "hjelpe": 2,
  "hjelpeløs": -2,
  "hjelper": 2,
  "hjelpsom": 2,
  "hjemløs": -2,
  "hjemsøke": -1,
  "hjemsøkt": -2,
  "hjernevask": -3,
  "hjertefølt": 3,
  "hjerteløs": -2,
  "hjerteskjærende": -3,
  "hjertevarmende": 3,
  "hoax": -2,
  "hodepine": -2,
  "høflig": 2,
  "høflighet": 2,
  "høker": -2,
  "holde tilbake": -2,
  "honnør": 2,
  "hooligan": -2,
  "hooliganisme": -2,
  "hooligans": -2,
  "hoper seg opp": -1,
  "hore": -4,
  "høy på pæra": -2,
  "høyrøstet": -1,
  "høytidelig": -1,
  "huder": -1,
  "hul": -1,
  "human": 2,
  "humbug": -2,
  "humerous": 3,
  "humor": 2,
  "humoristisk": 2,
  "humørsyk": -1,
  "humourous": 2,
  "hungersnød": -2,
  "hurra": 5,
  "hyggelig": 3,
  "hyklersk": -2,
  "hyllest": 2,
  "hyllet": 2,
  "hysteri": -3,
  "hysterisk": -3,
  "i likhet med": 2,
  "i live": 1,
  "i stand": 1,
  "icky": -3,
  "idiot": -3,
  "idioti": -3,
  "idiotisk": -2,
  "ignorerer": -1,
  "ignorert": -2,
  "ikkegodkjent": -2,
  "ikke bra": -2,
  "ikke godkjent": -2,
  "ikke i stand til": -2,
  "ikke liker": -2,
  "ikke noe gøy": -3,
  "ikke til å tro": -1,
  "ildfull": 1,
  "illevarslende": 3,
  "illsint": -2,
  "imbecile": -3,
  "immobilisert": -1,
  "immun": 1,
  "impeachments": -3,
  "impedingly": -2,
  "imponere": 3,
  "imponerende": 3,
  "imponerer": 3,
  "imponert": 3,
  "impotent": -2,
  "incapacitates": -2,
  "incapacitating": -2,
  "incen": -2,
  "indignasjon": -2,
  "indignert": -2,
  "indoctrinates": -2,
  "indoktrinere": -2,
  "indoktrinering": -2,
  "indoktrinert": -2,
  "inediable": -2,
  "ineffektiv": -2,
  "ineffektivitet": -2,
  "ineffektivt": -2,
  "infantile": -2,
  "infantilized": -2,
  "infeksjon": -2,
  "infeksjoner": -2,
  "infested": -2,
  "infesting": -2,
  "infests": -2,
  "infisere": -2,
  "infiserer": -2,
  "infisert": -2,
  "influensa": -2,
  "infract": -2,
  "infracted": -2,
  "infracting": -2,
  "infracts": -2,
  "infuriates": -2,
  "infuriating": -2,
  "injurier": -2,
  "inkompetanse": -2,
  "inkompetent": -2,
  "inkvisisjonen": -2,
  "innbringende": 3,
  "innbrudd": -2,
  "innbruddstyv": -2,
  "innbydende": 1,
  "innflytelsesrik": 2,
  "innfri": 2,
  "innlagt på sykehus": -2,
  "innløse": -2,
  "innløst": 2,
  "innovasjon": 1,
  "innovates": 1,
  "innovative": 2,
  "innovere": 1,
  "innrømme": -1,
  "innrømmer": -1,
  "innrømmet": -1,
  "innviklet": 2,
  "innvilgelse": 1,
  "innvilget": 1,
  "insolvent": -2,
  "inspirasjon": 2,
  "inspirere": 2,
  "inspirerende": 3,
  "inspirerer": 2,
  "inspirert": 2,
  "insuffisiens": -2,
  "intakt": 2,
  "integritet": 2,
  "intelligent": 2,
  "intens": 1,
  "interessant": 2,
  "interesser": 1,
  "interessert": 2,
  "intransigence": -2,
  "intransigency": -2,
  "intriger": 1,
  "invalid": -1,
  "invasjon": -1,
  "invitere": 1,
  "irettesettelser": -2,
  "ironi": -1,
  "ironisk": -1,
  "irrasjonell": -1,
  "irreversibelt": -1,
  "irreversible": -1,
  "irritasjon": -2,
  "irritere": -2,
  "irriterende": -2,
  "irriterer": -2,
  "irritert": -2,
  "isolert": -1,
  "ivrig": 2,
  "ja": 1,
  "jackass": -4,
  "jackasses": -4,
  "jævla": -2,
  "jævla bra": 4,
  "jævla elsker": 4,
  "jævla fantastisk": 4,
  "jævla hot": 2,
  "jævla kjærlighet": 4,
  "jævla perfekte": 4,
  "jævla søt": 4,
  "jævla utrolig": 4,
  "jævla vakker": 4,
  "jævli": -2,
  "jerk": -3,
  "jesus": 1,
  "jobber ikke": -3,
  "jolly": 2,
  "jovial": 2,
  "jubilant": 3,
  "jublende": 3,
  "jubler": 4,
  "jublet": 2,
  "juks": -3,
  "jukse": -3,
  "juksemaker": -3,
  "jukset": -3,
  "jumpy": -1,
  "juvel": 1,
  "juveler": 1,
  "kamp": -1,
  "kamper": -1,
  "kan \"t stå": -3,
  "kandidat": -1,
  "kansellere": -1,
  "kansellerer": -1,
  "kansellert": -1,
  "kaos": -2,
  "kaotisk": -2,
  "karisma": 2,
  "kassering": -1,
  "kaste bort": -1,
  "kaste opp": -3,
  "katastrofal": -3,
  "katastrofe": -2,
  "katastrofer": -2,
  "kickbacks": -3,
  "kidnappe": -2,
  "kidnappet": -2,
  "kidnapping": -2,
  "kidnappinger": -2,
  "kjære": 2,
  "kjærester": 2,
  "kjærlig": 3,
  "kjærlig vennlighet": 3,
  "kjærlighet": 3,
  "kjært": 3,
  "kjede": -2,
  "kjedelig": -2,
  "kjekk": 3,
  "kjempebra": 4,
  "kjempefint": 4,
  "kjempegod": 3,
  "kjempet": -1,
  "kjennelse": -1,
  "kjepphest": -2,
  "kjønnsdiskriminerende": -2,
  "klag": -2,
  "klage": -2,
  "klager": -2,
  "klaget": -2,
  "klandrer": -2,
  "klappe": 2,
  "klar": 1,
  "klarert": 2,
  "klargjør": 2,
  "klarhet": 2,
  "Klem": 2,
  "klemmer": 2,
  "kløende": -2,
  "klokskap": 2,
  "kneble": -2,
  "kneblet": -2,
  "knivstukket": -2,
  "knullet": -4,
  "knuser": -1,
  "knusing": -1,
  "knust": -2,
  "kødd": -4,
  "kokt": -2,
  "kollapse": -2,
  "kollapser": -2,
  "kollapset": -2,
  "køllesugeren": -5,
  "kollidere": -1,
  "kolliderer": -1,
  "kollisjon": -2,
  "kollisjoner": -2,
  "komedie": 1,
  "komfort": 2,
  "komfortabel": 2,
  "komfortabelt": 2,
  "komisk": 1,
  "kompetanser": 1,
  "kompetent": 2,
  "komplimen": 2,
  "kompliment": 2,
  "komplimenter": 2,
  "kompliserende": -2,
  "konflikt": -2,
  "konflikter": -2,
  "konkurranse": 2,
  "konkurs": -3,
  "konkurser": -3,
  "konsekvenser": -2,
  "Kontrovers": -2,
  "kontroverser": -2,
  "kontroversielt": -2,
  "korrumperende": -3,
  "korrumperer": -3,
  "korrupsjon": -3,
  "korrupt": -3,
  "kortsynt": -2,
  "kos": 2,
  "kostbar": -2,
  "kostnader": -2,
  "kraftig": 2,
  "krampe": -1,
  "krav": -1,
  "kreativ": 2,
  "kreft": -1,
  "krenket": -2,
  "krevde": -1,
  "kreve": -1,
  "krevende": -1,
  "krig": -2,
  "krigføring": -2,
  "kriminelle": -3,
  "krise": -3,
  "kritikere": -2,
  "kritikk": -2,
  "kritisere": -2,
  "kritiserer": -2,
  "kritisert": -2,
  "kritisk": -2,
  "Kudos": 3,
  "kuk": -5,
  "kul": 1,
  "kule": 3,
  "kule ting": 3,
  "kutt": -1,
  "kutte opp": -1,
  "kuttet": -2,
  "kval": -3,
  "kvalitet": 2,
  "kvaliteter": 2,
  "kvalt": -1,
  "kvalte": -2,
  "kvele": -2,
  "kvikk": 2,
  "kvistbunter": -3,
  "kyniker": -2,
  "kynisk": -2,
  "kynisme": -2,
  "kysse": 2,
  "lackadaisical": -2,
  "ladet": -3,
  "lag": -1,
  "lagged": -2,
  "lagging": -2,
  "lagre": 2,
  "lagret": 2,
  "lakker": 1,
  "lame": -2,
  "lamslått": -2,
  "landemerke": 2,
  "lanserte": 1,
  "lapse": -1,
  "lat": -1,
  "late": -1,
  "late som": -1,
  "later": -1,
  "latter": 3,
  "latterlig": -3,
  "latterliggjort": -2,
  "laugh": 1,
  "lavest": -1,
  "lawl": 3,
  "LED": -2,
  "ledelse": 1,
  "ledende": 2,
  "ledtog": -3,
  "lei": -2,
  "lei seg": -2,
  "leken": 2,
  "lekke": -1,
  "lekket": -1,
  "lengsel": 1,
  "lengter hjem": -2,
  "ler": 1,
  "lethargic": -2,
  "lett": 1,
  "lettet": 2,
  "letthet": 2,
  "levende": 3,
  "lide": -2,
  "lidelse": -2,
  "lidelser": -2,
  "lidende": -2,
  "lidenskap": 1,
  "lidenskapelig": 2,
  "lider": -2,
  "lik": -1,
  "likable": 2,
  "likandes": 2,
  "likegyldig": -2,
  "likegyldighet": -2,
  "liker": 2,
  "likers": 2,
  "likte": 2,
  "lindre": 1,
  "lindrende": 2,
  "lindrer": 1,
  "listende": -1,
  "lite sannsynlig": -1,
  "livlig": 3,
  "livløs": -1,
  "livredd": -3,
  "livredder": 4,
  "livskvalitet": 2,
  "lmao": 4,
  "lmfao": 4,
  "LO": 1,
  "loathes": -3,
  "lobby": -2,
  "lobbyist": -2,
  "lobbyister": -2,
  "lobbyvirksomhet": -2,
  "løfter": 1,
  "løgner": -3,
  "løgnere": -3,
  "lojal": 3,
  "lojalitet": 3,
  "lol": 3,
  "lolol": 4,
  "lololol": 4,
  "lolololol": 4,
  "lønnsom": 2,
  "lool": 3,
  "loool": 3,
  "looool": 3,
  "løs": -3,
  "løse": 2,
  "Løse": 2,
  "løser": 2,
  "løsning": 1,
  "løsninger": 1,
  "løst": 2,
  "lovbrudd": -2,
  "lovbryteren": -2,
  "love": 1,
  "lovelies": 3,
  "lovet": 1,
  "lovlig": 1,
  "lovsanger": 3,
  "løy": -2,
  "ludder": -5,
  "lugubrious": -2,
  "luksus": 2,
  "lunatics": -3,
  "lune": 1,
  "lunheten": 2,
  "lur": 2,
  "lure": -2,
  "lurer": -1,
  "lureri": -2,
  "lurking": -1,
  "lurt": -2,
  "lyddempende": -2,
  "lykke": 3,
  "lykkelig": 4,
  "lykkeligste": 3,
  "lykkes": 3,
  "lyktes": 3,
  "lys": 1,
  "lysstyrke": 1,
  "madly": -3,
  "makabre": -2,
  "maktesløs": -2,
  "maladaption": -2,
  "målbevisst": 2,
  "maldevelopment": -2,
  "mangel": -2,
  "mangel på": -2,
  "mangelfull": -2,
  "manglende evne": -2,
  "mangler": -2,
  "manipulasjon": -1,
  "manipulere": -1,
  "manipulert": -1,
  "marvels": 3,
  "med fordel": 2,
  "medalje": 3,
  "medfølelse": 2,
  "medfølende": 2,
  "meditative": 1,
  "medlidenhet": -2,
  "medrivende": 3,
  "melankoli": -2,
  "memoriam": -2,
  "mened": -3,
  "meningsløs": -2,
  "meningsløst": -2,
  "merkbar": 2,
  "merkelig": -1,
  "messed": -2,
  "mesterverk": 4,
  "metodisk": 2,
  "middelmådighet": -3,
  "mildere": 1,
  "miljøvennlig": 2,
  "mindretall": -2,
  "mindreverdig": -2,
  "minnelig": 2,
  "minneverdig": 1,
  "mirakel": 4,
  "mirthfully": 3,
  "misbehaved": -2,
  "misbehaves": -2,
  "misbilligelse": -2,
  "misbilligende": -2,
  "misbranding": -3,
  "misbruk": -2,
  "misbruke": -2,
  "misbruker": -3,
  "misbrukt": -2,
  "miscast": -2,
  "mischiefs": -1,
  "misclassified": -2,
  "misclassifies": -2,
  "misconducted": -2,
  "misconducting": -2,
  "misconducts": -2,
  "misdannelse": -2,
  "misdannelser": -2,
  "misfornøyd": -2,
  "misfornøyde": -2,
  "misforstå": -2,
  "misforståelse": -2,
  "misforstår": -2,
  "misforstått": -2,
  "misgiving": -2,
  "mishandling": -2,
  "misleaded": -3,
  "mislike": -2,
  "misliker": -2,
  "mislikte": -2,
  "mislykkes": -2,
  "mislykket": -2,
  "mislyktes": -2,
  "misnøye": -2,
  "misplacing": -2,
  "misread": -1,
  "misreport": -2,
  "misreported": -2,
  "misreports": -2,
  "Misrepresented": -2,
  "mista": -2,
  "mistanke": -1,
  "miste": -1,
  "mistenkelig": -2,
  "mistenksom": -3,
  "mistenkt": -1,
  "mistenkte": -1,
  "mistolket": -2,
  "mistro": -3,
  "misunne": -1,
  "misunnelig": -2,
  "misunnelse": -1,
  "moaning": -2,
  "mobbet": -2,
  "mobbing": -2,
  "mock": -2,
  "moden": 2,
  "modern": 2,
  "moderniserer": 2,
  "modernisering": 2,
  "modernisert": 2,
  "modig": 2,
  "mongering": -2,
  "monopoliser": -2,
  "monopolisere": -2,
  "monopolisert": -2,
  "monopolizes": -2,
  "monotone": -1,
  "mope": -1,
  "mør": 2,
  "mord": -2,
  "morder": -2,
  "morderisk": -3,
  "mørke": -1,
  "mørkeste": -2,
  "moro": 4,
  "morsom": 4,
  "mot": 2,
  "motbydelig": -3,
  "motet": -2,
  "motgang": -2,
  "motherfucker": -5,
  "motivasjon": 1,
  "motivere": 1,
  "motiverende": 2,
  "motivert": 2,
  "motløs": -2,
  "motpart": -1,
  "motstrid": -1,
  "møtt": 1,
  "mottakelig": 2,
  "motvilje": -2,
  "mourns": -2,
  "mulighet": 2,
  "muligheter": 2,
  "mumpish": -2,
  "munter": 2,
  "munterhet": 3,
  "muntert": 2,
  "muntre": 3,
  "murdering": -3,
  "musserende": 3,
  "mutt": -2,
  "myndiggjøring": 2,
  "myte": -1,
  "n00b": -2,
  "nå": 1,
  "nådd": 1,
  "nåde": 2,
  "nådeløse": -1,
  "nådig": 3,
  "nærsynthet": -2,
  "naiv": -2,
  "narsissisme": -2,
  "naturlig": 1,
  "nedbrytende": -2,
  "nederlag": -2,
  "nedkjempet": -2,
  "nedlagte": -2,
  "nedsatt": -2,
  "nedsatte": -1,
  "nedsettende": -2,
  "nedskjæring": -2,
  "nedskjæringer": -2,
  "nedslått": -2,
  "nedtur": -2,
  "nedvurdere": -2,
  "nedvurderer": -2,
  "negativ": -2,
  "negativitet": -2,
  "neglisjerer": -2,
  "Nei": -1,
  "nekter": -2,
  "nektet": -2,
  "nerver": -1,
  "nervøs": -2,
  "nervøst": -2,
  "nidkjær": 2,
  "nifty": 2,
  "niggas": -5,
  "nigger": -5,
  "nød": -2,
  "nødsituasjon": -2,
  "nøl": -2,
  "nølende": -2,
  "nøs": -2,
  "nøt": 2,
  "notorisk": -2,
  "nøtter": -3,
  "nøyaktighet": 2,
  "nøye": 2,
  "nummen": -1,
  "nybegynner": -2,
  "nydelig": 3,
  "nyse": -2,
  "nyser": -2,
  "nysgjerrig": 1,
  "nysgjerrige": 2,
  "nysing": -2,
  "nyskjerrig": -2,
  "Nyt": 2,
  "nyter": 2,
  "Nyter": 2,
  "nytte": 2,
  "nytteløs": -2,
  "nytten": 2,
  "nyttig": 2,
  "objektivt": 2,
  "obskøn": -2,
  "obskønitet": -2,
  "ødelagt": -3,
  "ødelegge": -2,
  "ødeleggelse": -2,
  "ødeleggelser": -2,
  "ødeleggende": -2,
  "ødelegger": -3,
  "offensivt": -2,
  "offer": -3,
  "offline": -1,
  "ofrene": -3,
  "øke": 1,
  "øker": 1,
  "OKS": 2,
  "øks": -1,
  "oksiderer": -2,
  "økt": 1,
  "ombord": 1,
  "omfattende": 2,
  "omfavne": 1,
  "omgå": 1,
  "ømhet": 2,
  "omsorg": 2,
  "omsorgsfull": 2,
  "omstridt": -2,
  "omstridte": -2,
  "omtenksom": 2,
  "ond": -2,
  "ondskap": -3,
  "ondskapsfull": -2,
  "ønske": 1,
  "ønskelig": 2,
  "ønskene": 1,
  "ønsker": 1,
  "ønsket": 2,
  "oops": -2,
  "oppdiktet": -1,
  "oppfordret": 2,
  "oppfyllelse": 2,
  "Oppfyller": 2,
  "oppfylt": 2,
  "opphisse": 3,
  "oppkast": -3,
  "oppløftende": 2,
  "oppløsning": 2,
  "opplyse": 2,
  "opplysende": 2,
  "opplyser": 2,
  "opplyst": 2,
  "oppmuntre": 2,
  "oppmuntrende": 2,
  "oppmuntrer": 2,
  "oppmuntring": 2,
  "oppnåelig": 1,
  "oppnår": 2,
  "oppnås": 2,
  "oppriktig": 2,
  "oppriktighet": 2,
  "opprømt": 3,
  "opprør": -2,
  "opprørende": -3,
  "opprører": -2,
  "opprørerne": -2,
  "opprørsk": -2,
  "opprykket": 2,
  "oppsiktsvekkende": 3,
  "oppskjørtet": -2,
  "oppslukt": 1,
  "oppsøk": 2,
  "oppsvulmet": -1,
  "opptjent": 1,
  "opptøyer": -2,
  "oppvigleri": -2,
  "optimisme": 2,
  "optimistisk": 2,
  "optionless": -2,
  "ordner": 2,
  "ordskifte": -2,
  "øredøvende": -1,
  "ørkesløshet": -2,
  "ostracize": -2,
  "ostracizes": -2,
  "overbelastning": -1,
  "overbeskyttende": -2,
  "overbevise": 1,
  "overbevist": 1,
  "overdrevet": -2,
  "overdriv": -2,
  "overdrive": -2,
  "overdriver": -2,
  "overfall": -2,
  "overforenkle": -2,
  "overgrep": -2,
  "overlegen": 2,
  "overlevde": 2,
  "overlevende": 2,
  "overrasket": 2,
  "overreagerte": -2,
  "overreaksjon": -2,
  "overse": -1,
  "overselling": -2,
  "oversett": -1,
  "oversimplifies": -2,
  "overskride": -2,
  "overspent": -3,
  "overstatements": -2,
  "overtredelse": -2,
  "overvekt": -1,
  "oxymoron": -1,
  "på en måte": 0,
  "påbudt": -1,
  "påføre": -2,
  "påfører": -2,
  "påført": -2,
  "pålagt": -1,
  "pålegge": -1,
  "pålegger": -1,
  "pålitelig": 2,
  "pålitelighet": 2,
  "panikk": -2,
  "panisk": -1,
  "paradis": 3,
  "paradoks": -1,
  "parley": -1,
  "parodi": -2,
  "partisk": -2,
  "partiskhet": -1,
  "passe": 1,
  "passende": 2,
  "passiv": -1,
  "passivitet": -2,
  "passivt": -1,
  "påstand": -2,
  "påstander": -2,
  "påtar seg ansvaret": 2,
  "påtegne": 2,
  "påtegning": 2,
  "patetisk": -2,
  "penalising": -2,
  "perfeksjonerer": 2,
  "perfeksjonert": 2,
  "perfekt": 3,
  "Peril": -2,
  "perle": 3,
  "permisjon": -1,
  "pervers": -3,
  "pesky": -2,
  "pessimisme": -2,
  "pessimistisk": -2,
  "pest": -3,
  "pikk": -4,
  "pinefull": -3,
  "pines": -3,
  "pinlig": -2,
  "pique": -2,
  "pirret": -2,
  "pissing": -3,
  "pittoreske": 2,
  "plager": -2,
  "plaget": -2,
  "plaguing": -3,
  "pleie": 2,
  "plett": -2,
  "plettfrie": 2,
  "plodding": -2,
  "plyndring": -2,
  "polert": 2,
  "populær": 3,
  "popularitet": 3,
  "positiv": 2,
  "positivt": 2,
  "post traumatisk": -2,
  "prblm": -2,
  "prblms": -2,
  "presser": -3,
  "presset": -2,
  "prestasjoner": 2,
  "prikkfritt": 2,
  "priste": 3,
  "privilegert": 2,
  "proaktiv": 2,
  "problem": -2,
  "problema": -2,
  "problemer": -2,
  "profitør": -2,
  "propaganda": -2,
  "prosecutes": -1,
  "prospekter": 1,
  "prospektet": 1,
  "prostituerade": -2,
  "protest": -2,
  "protester": -2,
  "protesterer": -2,
  "provosere": -1,
  "provoserer": -1,
  "provosert": -1,
  "pseudovitenskap": -3,
  "psykopatisk": -2,
  "puppene": -2,
  "pushy": -1,
  "rådvill": -2,
  "raffinere": 1,
  "raffinert": 1,
  "rageful": -2,
  "rakne": 1,
  "ramaskrik": -2,
  "rammet": -1,
  "rane": -2,
  "raner": -2,
  "rant": -3,
  "ranter": -3,
  "Ranters": -3,
  "rants": -3,
  "raptures": 2,
  "rasende": -2,
  "raseri": -2,
  "Rasisme": -3,
  "rasist": -3,
  "rasister": -3,
  "raskt": 2,
  "rasshøl": -3,
  "rastløs": -2,
  "ratifisert": 2,
  "råtten": -3,
  "reagere": -2,
  "reagerer": -2,
  "redd": -2,
  "redde": 2,
  "redder": 2,
  "reddet": 2,
  "refset": -2,
  "regnfull": -1,
  "Reigning": 1,
  "reiser seg": 1,
  "reklamere": 1,
  "relishing": 2,
  "ren": 2,
  "renere": 2,
  "reneste": 1,
  "renter": 1,
  "renvasking": -3,
  "reprimande": -2,
  "reprimanding": -2,
  "Repulse": -1,
  "resesjon": -2,
  "resolutt": 2,
  "respekt": 2,
  "respektert": 2,
  "respekterte": 2,
  "ressurs": 2,
  "restaurere": 1,
  "restaurert": 1,
  "restriktiv": -1,
  "retrett": -1,
  "rett": 1,
  "rette": 2,
  "rettferdig": 2,
  "rettferdighet": 2,
  "rettmessig": 2,
  "rettmessige": 2,
  "rettssak": -2,
  "rettssaker": -1,
  "revet": -2,
  "rigg": -1,
  "rigget": -1,
  "rik": 2,
  "rikdom": 3,
  "rikere": 2,
  "riksrett": -3,
  "rikt": 2,
  "riktig retning": 3,
  "rimelig": 2,
  "risikabelt": -2,
  "risikoer": -2,
  "robed": -2,
  "robing": -2,
  "Robs": -2,
  "robust": 2,
  "roet": 2,
  "ROFL": 4,
  "roflcopter": 4,
  "ROFLMAO": 4,
  "røkelse": -2,
  "rolig": 2,
  "roman": 2,
  "romanse": 2,
  "romantical": 2,
  "rømmer": -1,
  "rømming": -1,
  "romslig": 1,
  "ros": 3,
  "rose": 1,
  "roste": 2,
  "rot": -2,
  "rote til": -2,
  "ROTFL": 4,
  "rotflmfao": 4,
  "rotflol": 4,
  "rov": -2,
  "røve": -3,
  "ruin": -2,
  "ruiner": -2,
  "ruinert": -2,
  "ruining": -2,
  "ruvet": -1,
  "ryddet": 1,
  "sabotasje": -2,
  "saken": 1,
  "saker": 1,
  "saksøke": -2,
  "saksøkende": -2,
  "saksøkt": -2,
  "salutter": 2,
  "sammensvergelse": -3,
  "samtykke": 2,
  "samvittighetsnag": -2,
  "sappy": -1,
  "sår": -1,
  "sårbar": -2,
  "sårbarhet": -2,
  "sårer": -2,
  "sarkastisk": -2,
  "savange": -2,
  "savanges": -2,
  "savnet": -2,
  "se bort fra": -2,
  "seier": 3,
  "seire": 3,
  "selfmisbruk": -2,
  "sell": -2,
  "sells": -2,
  "selskapelig": 2,
  "selv villedet": -2,
  "selvmord": -2,
  "selvmotsigende": -2,
  "selvopptatt": -3,
  "selvsikker": 2,
  "selvsikkert": 2,
  "selvtillit": 2,
  "sensor": -2,
  "sensuren": -2,
  "sensurert": -2,
  "ser bort": -2,
  "serene": 2,
  "setning": -2,
  "setninger": -2,
  "sette pris på": 2,
  "sexistic": -2,
  "sexy": 3,
  "shitty": -3,
  "shoody": -2,
  "si opp": -1,
  "signifikant": 1,
  "sikker": 1,
  "sikker på": 2,
  "sikkerhet": 1,
  "sikre": 2,
  "sikrer": 1,
  "Sikrer": 2,
  "sikrere": 2,
  "sikret": 2,
  "since": 2,
  "singleminded": -2,
  "sinne": -3,
  "sinnsyk": -2,
  "sint": -3,
  "sittende fast": -2,
  "sjalu": -2,
  "sjalusi": -2,
  "sjanse": 2,
  "sjansene": 2,
  "sjarm": 3,
  "sjarmerende": 3,
  "sjenerøs": 2,
  "sjenerøst": 2,
  "sjenert": -1,
  "sjofel": -3,
  "sjokk": -2,
  "sjokkerende": -2,
  "sjokkert": -2,
  "skade": -2,
  "skadelig": -2,
  "skadende": -2,
  "skadene": -2,
  "skader": -2,
  "skadet": -2,
  "Skål": 2,
  "skam": -2,
  "skamfull": -2,
  "skammelig": -2,
  "skandale": -3,
  "skandalene": -3,
  "skandaløs": -3,
  "skatt": 2,
  "skatter": 2,
  "skepsis": -2,
  "skeptiker": -2,
  "skeptikere": -2,
  "skeptisk": -2,
  "skit": -2,
  "skitne": -2,
  "skitnere": -2,
  "skitt": -2,
  "skitten": -2,
  "skjæring": -1,
  "skjebnesvangre": -2,
  "skjelle ut": -2,
  "skjelv": -2,
  "skjelven": -2,
  "skjelving": -2,
  "skjelvinger": -2,
  "skjemmes": -2,
  "skjemt": -2,
  "skjente": -3,
  "skjevheter": -2,
  "skjønn": 3,
  "skjønnhet": 3,
  "skjule": -1,
  "skråstrek": -2,
  "skråstreker": -2,
  "skrek": -2,
  "skrekk": -2,
  "skremme": -2,
  "skremmende": -2,
  "skremmer": -2,
  "skremt": -2,
  "skrik": -2,
  "skrike": -2,
  "skrudd": -2,
  "skryt": 3,
  "skuff": -2,
  "skuffe": -2,
  "skuffelse": -2,
  "skuffelser": -2,
  "skuffer": -2,
  "skuffet": -2,
  "skulle ønske": 1,
  "skummel": -2,
  "skummelt": -2,
  "skyld": -3,
  "skylde på": -2,
  "skyldebukk": -2,
  "skylden": -2,
  "skyldig": -3,
  "skyte": -1,
  "slående": 4,
  "slag": -1,
  "slam": -2,
  "slapphet": -2,
  "slår": -1,
  "slashing": -2,
  "slåss": -1,
  "slått": -2,
  "slave": -3,
  "slavebinde": -2,
  "slaver": -2,
  "slaveri": -3,
  "sleip": 2,
  "slepte": -1,
  "slet": -2,
  "slicker": 2,
  "slickest": 2,
  "slip": -1,
  "slit": -2,
  "sliter": -2,
  "slitt": -1,
  "sløse": -2,
  "sløsing": -2,
  "sløst bort": -2,
  "slukøret": -2,
  "slumping": -1,
  "slurvet": -2,
  "smak": 2,
  "smakløs": -2,
  "smart": 1,
  "smartere": 2,
  "smarteste": 2,
  "smerte": -2,
  "smertefull": -2,
  "smil": 2,
  "smiler": 2,
  "smiling": 2,
  "Smilte": 2,
  "smitte": -2,
  "smittsom": -1,
  "smittsomme": -2,
  "smog": -2,
  "smøre": -2,
  "smugle": -2,
  "smugler": -2,
  "smuglet": -2,
  "smugling": -2,
  "snillere": 2,
  "snub": -2,
  "snubs": -2,
  "sofistikert": 2,
  "søke": -2,
  "søksmål": -2,
  "solgt": -2,
  "solidaritet": 2,
  "solidifying": 2,
  "solskinn": 2,
  "som favoritt": 2,
  "som haster": -1,
  "sømløs": 2,
  "sømløst": 2,
  "son of a tispe": -5,
  "søppel": -1,
  "sorg": -2,
  "sørge for": 1,
  "sørge over": -2,
  "sørgelig": -3,
  "sørget": -2,
  "sorgfull": -2,
  "sørgmodig": -2,
  "søt": 2,
  "søtere": 3,
  "søteste": 3,
  "søvnløshet": -2,
  "spam": -2,
  "spammer": -3,
  "spammere": -3,
  "spamming": -2,
  "sparing": 1,
  "sparken": -2,
  "spekulativ": -2,
  "spennende": 3,
  "spenning": -1,
  "spenstig": 2,
  "spenstighet": 3,
  "spent": 3,
  "spillendring": 3,
  "spioner": -2,
  "spirit": -2,
  "spirited": 2,
  "spissmus": -4,
  "splid": -2,
  "spøkefull": 2,
  "spøkelse": -1,
  "sporer av": -2,
  "spotter": -2,
  "spretten": 2,
  "spydde": -3,
  "spydspiss": 2,
  "squanders": -2,
  "squelched": -1,
  "sta": -2,
  "stabil": 2,
  "stadfester": 2,
  "stall": -2,
  "standhaftig": 2,
  "stank": -2,
  "stanse": -1,
  "steile": -2,
  "stereotype": -2,
  "sterk": 2,
  "sterkere": 2,
  "sterkeste": 2,
  "stevning": -2,
  "stiftelser": 1,
  "stige": 1,
  "stikk": -2,
  "stikke": -2,
  "stikkende": -2,
  "stimulere": 1,
  "stimulerende": 2,
  "stimulerer": 1,
  "stimulert": 1,
  "stinke": -2,
  "stinked": -2,
  "stinkende": -2,
  "stinker": -2,
  "stinking": -2,
  "stipend": 1,
  "stivner": 2,
  "stjal": -2,
  "stjålet": -2,
  "stjele": -2,
  "stjeler": -2,
  "stolt": 2,
  "stønn": -2,
  "stønner": -2,
  "stønnet": -2,
  "stopp": -1,
  "stoppe": -1,
  "stoppet": -1,
  "stor": 1,
  "størkne": 2,
  "størknet": 2,
  "større": 3,
  "storslått": 3,
  "størst": 3,
  "stort": -3,
  "støt": -2,
  "støtende": -2,
  "støtte": 2,
  "støttende": 2,
  "støtter": 2,
  "støttes": 2,
  "støttespillere": 1,
  "støyende": -1,
  "strabasiøs": -2,
  "straff": -2,
  "straffe": -2,
  "straffer": -2,
  "straffet": -2,
  "strålende": 4,
  "streik": -1,
  "strekker": 1,
  "streng": 3,
  "strengt": 3,
  "stresset": -2,
  "stressor": -2,
  "stressors": -2,
  "streve": -2,
  "stri": -1,
  "strømmende": 4,
  "struttende": 2,
  "sturen": -2,
  "sturer": -1,
  "stygg": -3,
  "stygghet": -3,
  "styrke": 2,
  "styrker": 2,
  "styrket": 2,
  "styrking": 2,
  "subversive": -2,
  "sueing": -2,
  "Sues": -2,
  "suge": -3,
  "suger": -3,
  "suicidal": -2,
  "sukk": -2,
  "suksess": 2,
  "sulking": -2,
  "sulky": -2,
  "sult": -2,
  "sulte": -2,
  "sulter": -2,
  "sultet": -2,
  "sunn": 2,
  "super": 3,
  "supporter": 1,
  "supreme": 4,
  "suspendert": -1,
  "suveren": 5,
  "svak": -2,
  "svakhet": -2,
  "svakheter": -2,
  "svekke": -2,
  "svekker": -2,
  "svekket": -1,
  "sverge": -2,
  "sverger": -2,
  "svikt": -2,
  "sviktende": -2,
  "svimmel": -1,
  "svindel": -2,
  "svindle": -3,
  "svindler": -4,
  "svindlere": -4,
  "svulst": -2,
  "swift": 2,
  "syk": -2,
  "sykdom": -1,
  "sykdommer": -1,
  "sympati": 2,
  "syn": 1,
  "synd": -2,
  "syndebukker": -2,
  "synder": -2,
  "syndig": -3,
  "tåkete": -1,
  "Takk": 2,
  "takke": 2,
  "takknemlig": 3,
  "talent": 2,
  "tankefull": -1,
  "tankeløs": -2,
  "tankevekkende": 1,
  "tannløs": -2,
  "tap": -3,
  "taper": -3,
  "tapperhet": 2,
  "tapt": -3,
  "tapte terreng": -2,
  "Tard": -2,
  "tårer": -2,
  "terror": -3,
  "terroriserer": -3,
  "terrorisert": -3,
  "terrorist": -2,
  "terrorister": -2,
  "teten": 1,
  "tilba": 3,
  "tilbakeslag": -3,
  "tilbakestående": -2,
  "tilbedelse": 3,
  "tildele": 3,
  "tildelt": 3,
  "tilfreds": -2,
  "tilfredstillelse": 2,
  "tilgi": 2,
  "tilgivelse": 2,
  "tilgjengelig": 1,
  "tillate": 1,
  "tillatelse": 2,
  "tillit": 1,
  "tilrådelig": 1,
  "tilsidesatt": -2,
  "tilskudd": 1,
  "tilstrekkelig": 1,
  "tilt": 1,
  "tiltale": -1,
  "tiltalt": -2,
  "tiltalte": -2,
  "tiltrekke": 1,
  "tiltrekkende": 2,
  "tiltrekker": 2,
  "tiltrekning": 2,
  "tispe": -5,
  "tisper": -5,
  "tiss": -4,
  "tøffeste": -2,
  "toftene": -2,
  "toksisk": -3,
  "toleranse": 2,
  "tolerant": 2,
  "Tom": -1,
  "tomhet": -1,
  "topp": 2,
  "topper": 2,
  "tornete": -2,
  "tortur": -4,
  "torturere": -4,
  "torturert": -4,
  "tosk": -2,
  "totalitær": -2,
  "totalitarisme": -2,
  "tout": -2,
  "touting": -2,
  "touts": -2,
  "trådt": -2,
  "tragedie": -2,
  "tragedier": -2,
  "tragisk": -2,
  "trakassere": -3,
  "trakasserende": -3,
  "trakasserer": -3,
  "trakassering": -3,
  "trakassert": -3,
  "transgresses": -2,
  "transgressing": -2,
  "trassig": -1,
  "traumatisk": -3,
  "traume": -3,
  "traust": 2,
  "treg": -2,
  "trekke fram": 2,
  "trekker seg": -1,
  "tremor": -2,
  "treng": -2,
  "trengende": -2,
  "trengsel": -1,
  "trett": -2,
  "trette": -2,
  "trist": -2,
  "triumf": 4,
  "triumferende": 4,
  "tro": 1,
  "trofast": 3,
  "troll": -2,
  "trøst": 2,
  "trøste": 3,
  "trøtt": -2,
  "true": -2,
  "truende": -1,
  "truer": -2,
  "truet": -2,
  "trusler": -2,
  "trussel": -2,
  "trygt": 1,
  "trykk": -1,
  "trykkrør": -2,
  "tukte": -3,
  "tull": -2,
  "tullete": -2,
  "tungsinn": -1,
  "tvang": -1,
  "tvil": -1,
  "tvilende": -1,
  "tvilsom": -1,
  "tvilte": -1,
  "tvist": -2,
  "tvister": -2,
  "tvunget": 1,
  "twat": -5,
  "tynget": -2,
  "type": 2,
  "Tyran": -3,
  "tyrannic": -3,
  "tyrannisk": -3,
  "Tyrans": -3,
  "uærlig": -2,
  "uakseptabelt": -2,
  "uakseptable": -2,
  "uaktsomt drap": -3,
  "uanstrengt": 2,
  "uansvarlig": -2,
  "uattraktiv": -2,
  "ubegripelig": -2,
  "ubehag": -2,
  "ubehagelig": -2,
  "ubekreftet": -1,
  "ubesluttsom": -2,
  "ubesudlede": 2,
  "ubetydelig": -2,
  "ubønnhørlige": -3,
  "ubrukelig": -2,
  "ubrukelighet": -2,
  "udødelig": 2,
  "udugelig": -2,
  "uegnet": -2,
  "uekte": -3,
  "uelsket": -2,
  "uenighet": -2,
  "uetisk": -2,
  "uflaks": -2,
  "ufokusert": -2,
  "ufølsom": -2,
  "ufølsomhet": -2,
  "uføre": -2,
  "uforgjengelig": 2,
  "uførhet": -2,
  "uforholdsmessig": -2,
  "uforklarlige": -2,
  "uforsiktig": -2,
  "uforsonlig": -2,
  "uforsvarlig": -2,
  "ufortjente": -2,
  "uforvarende": -2,
  "ufullkommen": -2,
  "ufullstendig": -1,
  "ugagn": -1,
  "ugh": -2,
  "ugunstig": -2,
  "uheldige": -2,
  "uhøflig": -2,
  "uholdbar": -2,
  "uhyggelig": -2,
  "uhygienisk": -2,
  "uimotståelig": 2,
  "uinspirert": -2,
  "uintelligent": -2,
  "uklar": -1,
  "ulempe": -2,
  "ulempen": -2,
  "ulidelig": -1,
  "ulik": -1,
  "ulogisk": -2,
  "ulovlig": -3,
  "ulykke": -2,
  "ulykkelig": -2,
  "ulykkelighet": -2,
  "ulykker": -2,
  "umenneskelig": -2,
  "umotiverte": -2,
  "unappeasable": -2,
  "unappreciated": -2,
  "unavailing": -2,
  "uncredited": -1,
  "underestimerer": -1,
  "undergang": -2,
  "undergrave": -2,
  "undergraver": -2,
  "undergraves": -2,
  "underhold": 2,
  "underholde": 3,
  "underholdt": 3,
  "underskudd": -2,
  "underslag": -3,
  "underslår": -1,
  "understreke": -1,
  "undertrykkelse": -2,
  "undertrykkelser": -2,
  "undertrykkende": -2,
  "undertrykt": -2,
  "undervurder": -1,
  "undervurdert": -1,
  "unfunny": -2,
  "ungdommelig": 2,
  "ungenerous": -2,
  "unimpressed": -2,
  "uninvolving": -2,
  "unlovable": -2,
  "unngå": -1,
  "unngår": -1,
  "unngås": -1,
  "unnskyldning": -1,
  "unnvike": -2,
  "unparliamentary": -2,
  "unreleting": -2,
  "unresearched": -2,
  "unyansert": -2,
  "uønsket": -2,
  "uoppfylte": -2,
  "uoppgjorte": -1,
  "uopprettelig": -2,
  "uorganisert": -2,
  "uoriginal": -2,
  "uovertruffen": 1,
  "uovervinnelig": 2,
  "upassende": -2,
  "upraktisk": -2,
  "uprofesjonelt": -2,
  "upsetting": -2,
  "uptight": -2,
  "uredelig": -4,
  "urettferdig": -2,
  "urettferdighet": -2,
  "urettmessig": -2,
  "uriktig": -2,
  "uriktig fremstilling": -2,
  "uro": -2,
  "urolig": -2,
  "urovekkende": -2,
  "usammenhengende": -2,
  "usann": -2,
  "usårbar": 2,
  "uselvisk": 2,
  "usikker": -1,
  "usikre": -1,
  "usikret": -2,
  "usjarmerende": -3,
  "uskikket": -2,
  "uskikkethet": -2,
  "usmakelig": -2,
  "usofistikert": -2,
  "usolgt": -1,
  "ustabil": -2,
  "ustoppelig": 2,
  "usunn": -2,
  "utakknemlig": -3,
  "utålmodig": -2,
  "utbrudd": -2,
  "ute av stand": -2,
  "utelukke": -1,
  "utelukkelse": -1,
  "uten hell": -2,
  "utestående": 5,
  "utestengt": -2,
  "utfordring": -1,
  "utforskn": 1,
  "utforskning": 1,
  "utholdenhet": 2,
  "utilgivelig": -3,
  "utilgjengelig": -1,
  "utilsiktet": -2,
  "utilstrekkelig": -2,
  "utjamning": -2,
  "utkast": -1,
  "utkastelse": -1,
  "utmålingen": -2,
  "utmanøvrert": -2,
  "utmattelse": -2,
  "utmerkelse": 2,
  "utmerkelser": 3,
  "utmerket": 3,
  "utnytte": -2,
  "utnytter": -2,
  "utnyttes": -2,
  "utpresset": -3,
  "utpressing": -3,
  "utrette": 2,
  "utrøstelig": -2,
  "utrygg": -2,
  "utsatt": -1,
  "utsette": -1,
  "utsetter": -1,
  "utslett": -2,
  "utslette": -2,
  "utslettet": -2,
  "utslitt": -2,
  "utsøkt": 3,
  "utstøter": -2,
  "utstøtt": -2,
  "uttak": -3,
  "utvide": 1,
  "utvides": 1,
  "utvise": -2,
  "utvist": -2,
  "utydelig": -2,
  "uutholdelig": -2,
  "uverdig": -2,
  "uvitende": -2,
  "uvitenhet": -2,
  "uvitenskapelig": -2,
  "vær så snill": 1,
  "være uenig": -2,
  "vag": -2,
  "Våghals": 2,
  "vakker": 3,
  "vakkert": 3,
  "vaklende": -1,
  "validere": 1,
  "validerer": 1,
  "validert": 1,
  "vanære": -2,
  "vanæret": -2,
  "vanskelig": -1,
  "vanskeliggjør": -2,
  "vanskeligstilte": -2,
  "Vant": 3,
  "vantro": -1,
  "vapid": -2,
  "varig": 2,
  "varm": 1,
  "varme": 2,
  "varmhjertede": 2,
  "varsle": -2,
  "varsling": -1,
  "ved et uhell": -2,
  "vedtar": 1,
  "vekk": -1,
  "vekst": 2,
  "vekster": 2,
  "veldedig": 2,
  "veletablerte": 2,
  "velgjører": 2,
  "velgjørere": 2,
  "velkommen": 2,
  "Velkommen": 2,
  "vellykket": 3,
  "velpreparerte": 2,
  "velproporsjonert": 2,
  "velsigne": 2,
  "velsignelse": 3,
  "velsignelser": 3,
  "velsigner": 2,
  "velstående": 3,
  "velstand": 3,
  "velutviklet": 2,
  "velvære": 2,
  "velvilje": 3,
  "velvillig": 3,
  "vemmelig": -3,
  "venn": 1,
  "vennlig": 2,
  "Vennlig hilsen": 2,
  "vennlighet": 2,
  "vennskap": 2,
  "venter": -1,
  "verdi": 2,
  "verdig": 2,
  "verdighet": 2,
  "verdiløs": -2,
  "verds": 2,
  "verdsatt": 2,
  "verdsette": 2,
  "verdsettelse": 2,
  "verk": -2,
  "verne": 2,
  "verre": -3,
  "verst": -3,
  "vesentlig": 1,
  "vevstol": -1,
  "vevstoler": -1,
  "vexing": -2,
  "victimization": -3,
  "victimizes": -3,
  "victimizing": -3,
  "victor": 3,
  "vidunder": 3,
  "viet": 3,
  "vigør": 3,
  "viktig": 2,
  "vil": 1,
  "villede": -3,
  "villedende": -3,
  "villighet": 2,
  "vindicated": 2,
  "vindicates": 2,
  "vinne": 4,
  "vinner": 4,
  "vinnere": 2,
  "virker ikke": -3,
  "virkningsløs": -2,
  "virulente": -2,
  "visdom": 1,
  "visio": 1,
  "visjonær": 3,
  "visjoner": 1,
  "vitalitet": 3,
  "vitamin": 1,
  "vitriolic": -3,
  "vits": 2,
  "vitser": 2,
  "voksende": 1,
  "vold": -3,
  "vold relatert": -3,
  "voldelig": -3,
  "voldtatt": -4,
  "voldtekt": -4,
  "voldtektsmann": -4,
  "vomits": -3,
  "vraket": -2,
  "vranglås": -2,
  "vrede": -3,
  "walkouts": -2,
  "wanker": -3,
  "winwin": 3,
  "wits": 2,
  "woebegone": -2,
  "woo": 3,
  "woohoo": 3,
  "Wooo": 4,
  "woow": 4,
  "wow": 4,
  "WOWOW": 4,
  "wowww": 4,
  "wrenching": -2,
  "wtf": -4,
  "wtff": -4,
  "wtfff": -4,
  "xo": 3,
  "xoxo": 3,
  "xoxoxo": 4,
  "xoxoxoxo": 4,
  "ydmyk": 1,
  "ydmykelse": -3,
  "ydmyket": -3,
  "yeees": 2,
  "Ynkelig": -2,
  "ynket": -1,
  "ytterst ubehagelig": -3,
  "yucky": -2
}