{
  "acquits": 2,
  "agonises": -3,
  "apeshit": -3,
  "assfucking": -4,
  "astounds": 3,
  "bamboozles": -2,
  "bankster": -3,
  "bereaves": -2,
  "bereaving": -2,
  "brilliances": 3,
  "cocksuckers": -5,
  "consolable": 2,
  "contagions": -2,
  "courageousness": 2,
  "criminated": -3,
  "criminates": -3,
  "dejecting": -2,
  "dejects": -2,
  "DELIGHTING": 3,
  "dickhead": -4,
  "dilligence": 2,
  "dipshit": -3,
  "disconsolation": -2,
  "dupery": -2,
  "exasparate": -2,
  "exhilarates": 3,
  "FAD": -2,
  "FAG": -3,
  "frikin": -2,
  "FTW": 3,
  "fuckface": -4,
  "fuckhead": -4,
  "fucktard": -4,
  "FUD": -3,
  "fuked": -4,
  "fuking": -4,
  "goofiness": -2,
  "GR8": 3,
  "greenwasher": -3,
  "greenwashers": -3,
  "haplessness": -2,
  "impedingly": -2,
  "indoctrinates": -2,
  "inediable": -2,
  "infantilized": -2,
  "infracting": -2,
  "infracts": -2,
  "intransigency": -2,
  "laughting": 1,
  "lawl": 3,
  "likers": 2,
  "LMAO": 4,
  "LMFAO": 4,
  "lolol": 4,
  "lololol": 4,
  "lolololol": 4,
  "LOOL": 3,
  "loool": 3,
  "looool": 3,
  "lovelies": 3,
  "maladaption": -2,
  "mirthfully": 3,
  "miscast": -2,
  "misclassifies": -2,
  "misplaces": -2,
  "mumpish": -2,
  "OKS": 2,
  "optionless": -2,
  "ostracizes": -2,
  "oversells": -2,
  "prblm": -2,
  "prblms": -2,
  "rageful": -2,
  "ranters": -3,
  "robing": -2,
  "ROFL": 4,
  "roflcopter": 4,
  "roflmao": 4,
  "ROTFL": 4,
  "rotflmfao": 4,
  "rotflol": 4,
  "savange": -2,
  "savanges": -2,
  "sexistic": -2,
  "shoody": -2,
  "singleminded": -2,
  "stinked": -2,
  "sueing": -2,
  "TARD": -2,
  "tyran": -3,
  "tyrans": -3,
  "uncredited": -1,
  "uninvolving": -2,
  "unparliamentary": -2,
  "unreleting": -2,
  "unresearched": -2,
  "untarnished": 2,
  "wanker": -3,
  "WOOW": 4,
  "WOWOW": 4,
  "wowww": 4,
  "WTF": -4,
  "wtff": -4,
  "wtfff": -4,
  "XO": 3,
  "XOXO": 3,
  "xoxoxo": 4,
  "xoxoxoxo": 4,
  "yeees": 2,
  "一审宣判": -1,
  "一尘不染": 2,
  "一拖再拖": -1,
  "一生一次的": 3,
  "上升": 1,
  "上衣": 2,
  "下": -2,
  "下一": 3,
  "下垂": -2,
  "下游": 1,
  "下降": -1,
  "不专业": -2,
  "不人道": -2,
  "不会": -1,
  "不信": -1,
  "不值得": -2,
  "不偏不倚": 2,
  "不健全": -2,
  "不像话": -3,
  "不公": -2,
  "不公平": -2,
  "不公正": -2,
  "不利": -2,
  "不卫生": -2,
  "不受重视": -2,
  "不可原谅": -3,
  "不可原谅的": -3,
  "不可战胜的": 2,
  "不可抗拒": 2,
  "不可挽回的": -2,
  "不可接受": -2,
  "不可爱": -2,
  "不可用": -1,
  "不可逆": -1,
  "不可重复": -2,
  "不合理的": -1,
  "不同意": -2,
  "不和": -2,
  "不喜欢": -2,
  "不喜欢的": -2,
  "不堪忍受": -2,
  "不好": -2,
  "不好玩": -3,
  "不安": -2,
  "不安全": -2,
  "不完善": -2,
  "不尊重": -2,
  "不工作": -2,
  "不幸": -2,
  "不幸的": -2,
  "不当": -2,
  "不快": -2,
  "不快乐": -2,
  "不怕": 2,
  "不愉快": -2,
  "不成功": -2,
  "不成比例": -2,
  "不支持": -2,
  "不方便": -2,
  "不明": -1,
  "不景气": -2,
  "不服气": -1,
  "不朽": 2,
  "不满": -2,
  "不满意": -2,
  "不灵": -2,
  "不知道": -2,
  "不确定": -1,
  "不确实": -2,
  "不祥的": 3,
  "不科学": -2,
  "不稳定": -2,
  "不等": -1,
  "不经意间": -2,
  "不结果": -2,
  "不耐烦": -2,
  "不肖": -2,
  "不舒服": -2,
  "不良": -2,
  "不要脸": -4,
  "不诚实的": -2,
  "不负责任": -2,
  "不负责任的": -2,
  "不赞成": -2,
  "不足": -2,
  "不足之处": -2,
  "不足够": -2,
  "不适于": -2,
  "不适当": -2,
  "不通": -2,
  "不道德": -2,
  "不错": 3,
  "不需要": -2,
  "丑": -3,
  "丑恶": -2,
  "丑闻": -3,
  "丑陋": -3,
  "专用": 2,
  "世界末日": -2,
  "丢人现眼": -2,
  "丢失": -3,
  "丢弃": -1,
  "严厉": -2,
  "严峻": -2,
  "严惩": -3,
  "严格": -1,
  "严重": -2,
  "丧": -2,
  "丧失抵押品赎回权": -2,
  "中伤": -2,
  "中断": -2,
  "中止": -1,
  "中毒": -2,
  "丰富": 2,
  "丰富地": 2,
  "为害": -2,
  "主动": 2,
  "主管": 2,
  "义": 2,
  "乐意": 2,
  "乐观": 2,
  "乐趣": 3,
  "也妨碍": -2,
  "乱放": -2,
  "乱花": -2,
  "了不起": 4,
  "争议": -2,
  "争论的": -2,
  "事故": -2,
  "事项": 1,
  "享乐": 2,
  "享受": 2,
  "亮": 2,
  "亮度": 1,
  "亲": 2,
  "亲切": 3,
  "亲密关系": 2,
  "亲热": 3,
  "人渣": -4,
  "人道": 2,
  "什么麻烦事": -2,
  "仁慈": 3,
  "仇": -3,
  "仇敌": -3,
  "从事": 1,
  "他妈的": -4,
  "他妈的伟大": 4,
  "他妈的可爱": 4,
  "他妈的太棒了": 4,
  "他妈的好": 4,
  "他妈的完美": 4,
  "他妈的惊人": 4,
  "他妈的热": 2,
  "他妈的爱": 4,
  "他妈的爱情": 4,
  "他妈的美丽": 4,
  "令人不安": -2,
  "令人作呕": -2,
  "令人印象深刻": 3,
  "令人反感": -2,
  "令人叹为观止": 3,
  "令人失望": -2,
  "令人心寒": -1,
  "令人惊叹": 4,
  "令人担忧": -3,
  "令人振奋": 2,
  "令人欣慰": 2,
  "令人烦恼": -2,
  "令人痛心": -2,
  "令人眼花缭乱": 3,
  "令人讨厌": -2,
  "令人难以忘怀": 1,
  "价值": 2,
  "休克": -2,
  "优柔寡断": -2,
  "优点": 2,
  "优秀": 5,
  "优美": 2,
  "优胜者": 4,
  "优越": 2,
  "优雅": 3,
  "传染性": -2,
  "传染性的": -1,
  "传染的": -2,
  "传票": -2,
  "伤": -2,
  "伤害": -2,
  "伤心": -2,
  "伤疤": -2,
  "伤脑筋": -2,
  "伪科学": -3,
  "伪装": -1,
  "伪证": -3,
  "伪造": -3,
  "低估": -1,
  "低劣": -3,
  "低效": -2,
  "住院": -2,
  "余波": -2,
  "作保": 2,
  "作假": -3,
  "作弊": -3,
  "作战": -2,
  "佩服": 3,
  "使...称叹": 3,
  "使服从": 3,
  "侮辱": -1,
  "侵入": -1,
  "侵占": -2,
  "侵害": -2,
  "侵扰": -2,
  "侵略": -2,
  "侵略性": -2,
  "侵越": -2,
  "便秘": -2,
  "促进": 1,
  "俏皮的": 2,
  "保佑": 2,
  "保存": 2,
  "保护": 1,
  "保留": -1,
  "保证": 1,
  "信仰": 1,
  "信仰的": 2,
  "信心": 2,
  "信心十足地": 2,
  "信托": 1,
  "信赖的": 2,
  "倒塌": -2,
  "倒掉": -2,
  "倒霉": -2,
  "倔强": -2,
  "倜傥": 2,
  "借口": -1,
  "倡导": 2,
  "债务": -2,
  "值得": 2,
  "值得信赖": 2,
  "倾倒": -1,
  "假": -2,
  "假装": -1,
  "假货": -3,
  "偏": -2,
  "偏压": -1,
  "偏爱": 2,
  "做出决议": 2,
  "停止": -1,
  "停滞": -2,
  "停电": -2,
  "停运": -2,
  "健康": 2,
  "健忘": -2,
  "偶然": -2,
  "偷": -2,
  "偷了": -2,
  "偷偷摸摸": -1,
  "偷窃行为": -2,
  "储": 1,
  "傲慢": -2,
  "傲然": 2,
  "傻": -2,
  "傻子": -2,
  "傻瓜": -2,
  "僵局": -2,
  "允许": 1,
  "充满活力": 3,
  "充足": 1,
  "光": 2,
  "光环": 1,
  "免疫的": 1,
  "免除": 2,
  "兑现": -2,
  "兜": -2,
  "兜售": -2,
  "入迷": 2,
  "全神贯注": 1,
  "全面": 2,
  "八卦": -2,
  "公差": 2,
  "公平": 2,
  "公认": 1,
  "公鸡": -5,
  "共享": 1,
  "关心": -2,
  "兴奋": 3,
  "兴高采烈": 2,
  "具有讽刺意味": -1,
  "再保证": 1,
  "冒名顶替": -2,
  "冒犯": -2,
  "冒险": 2,
  "冠军": 2,
  "冰雹": 2,
  "冲突": -2,
  "决定性": 1,
  "决心": 2,
  "冷冷清清": -2,
  "冷漠": -2,
  "冷落": -2,
  "冷门": -2,
  "冷静": 2,
  "凄凉": -2,
  "凄美": 2,
  "准备": 1,
  "凉": 1,
  "减值": -2,
  "减弱": -2,
  "减损": -1,
  "减速": -2,
  "凝": 2,
  "凝固": 2,
  "凯": 4,
  "凶手": -2,
  "凹痕": -2,
  "出没": -1,
  "出轨": -2,
  "出逃": -1,
  "击败": -2,
  "击退": -1,
  "分享": 1,
  "分心": -2,
  "分流": -1,
  "分类错误": -2,
  "切": -1,
  "切割": -1,
  "刑事": -3,
  "创伤": -3,
  "创伤后": -2,
  "创作的": 2,
  "创新": 2,
  "创新探析": 1,
  "判决书": -1,
  "判别": -2,
  "利他": 2,
  "利润": 2,
  "利用": -2,
  "利益": 1,
  "别致": 2,
  "到达": 1,
  "刺": -5,
  "刺激": -3,
  "刺激性": -3,
  "刻毒": -2,
  "削减": -2,
  "前厅": -2,
  "前途": 1,
  "前锋": -2,
  "剥夺": -3,
  "剧毒": -2,
  "副作用": -2,
  "功能": 1,
  "功能障碍": -2,
  "加以": -2,
  "加入": 1,
  "加剧": -2,
  "加强": 2,
  "加重": -2,
  "劣势": -2,
  "动机": 1,
  "励志": 2,
  "势不可挡": 2,
  "勇敢": 2,
  "勇毅": 2,
  "勇气": 2,
  "勋章": 3,
  "勒死": -2,
  "勒索": -3,
  "勘探": 1,
  "勾结": -3,
  "匀称": 2,
  "匮乏": -2,
  "匿伏": -1,
  "千篇一律": -2,
  "升值": 2,
  "华丽的": 3,
  "华而不实的": 2,
  "协议": 1,
  "卓越": 2,
  "单独": -2,
  "单调": -1,
  "单调乏味的": -2,
  "卖空": -2,
  "卡住": -2,
  "印": 3,
  "印象深刻": 3,
  "危害": -2,
  "危机": -3,
  "危言耸听": -2,
  "危险": -3,
  "危险的": -2,
  "厄运": -2,
  "压制": -1,
  "压力": -1,
  "压抑": -2,
  "压痛": 2,
  "压迫": -2,
  "厌倦": -2,
  "厌恶": -3,
  "厌恶的": -3,
  "原形毕露": -3,
  "原油": -1,
  "原谅": 1,
  "及时": 1,
  "友善": 2,
  "友好": 2,
  "友谊": 2,
  "双赢": 3,
  "反叛": -2,
  "反响": -2,
  "反常": -3,
  "反应过度": -2,
  "反感": -2,
  "发人深省": 1,
  "发射": -2,
  "发展": 2,
  "发怒的": -3,
  "发抖": -2,
  "发抖的": -2,
  "发放": 1,
  "发炎的": -2,
  "发烟": -2,
  "发热": -2,
  "发狂": -3,
  "发疯": -3,
  "发痒的": -2,
  "发育不良": -2,
  "发臭": -2,
  "发誓": -2,
  "发达": 2,
  "取得": 2,
  "取消": -1,
  "取消比赛资格": -2,
  "取缔": -2,
  "受伤": -2,
  "受够了": -3,
  "受害": -3,
  "受害者": -2,
  "受影响": -1,
  "受惊": -2,
  "受挫": -2,
  "受损": -2,
  "受益": 2,
  "受贿": -3,
  "受辱": -2,
  "受阻": -1,
  "受限": -2,
  "受骗": -2,
  "变形": -2,
  "叛军": -2,
  "叛逆": -3,
  "口交": -5,
  "句子": -2,
  "只会验证": 1,
  "叫好": 2,
  "可“受不了": -3,
  "可以减压": 1,
  "可信": 3,
  "可取": 1,
  "可怕": -3,
  "可怕的": -2,
  "可怜": -1,
  "可恶": -3,
  "可悲的是": -2,
  "可持续": 2,
  "可持续发展": 2,
  "可持续性": 1,
  "可气": -2,
  "可爱": 3,
  "可爱的": 3,
  "可疑": -2,
  "可疑的": -2,
  "可耻": -2,
  "可避免出现": -1,
  "可鄙": -2,
  "可靠": 2,
  "可靠性": 2,
  "叹": -2,
  "吃惊": 2,
  "合乎道德的": 2,
  "合意": 2,
  "合法的": 2,
  "合适": 2,
  "合适的": 2,
  "同情": 2,
  "同意": 2,
  "名作": 4,
  "名正言顺": 2,
  "名誉": 1,
  "后卫": 1,
  "后悔": -2,
  "后盾": 2,
  "吐": -3,
  "吓": -2,
  "吓人": -2,
  "吓人的": -2,
  "吓倒": -2,
  "吓坏了": -3,
  "吝啬": -2,
  "否认": -2,
  "含情脉脉": 3,
  "吮吸": -3,
  "启发": 2,
  "启蒙观": 2,
  "吸": -3,
  "吸引": 1,
  "吸引人的": 2,
  "吸引力": 2,
  "吸收": 1,
  "吹捧": -2,
  "吻": 2,
  "告": -2,
  "告诫": -2,
  "呕吐": -3,
  "呛": -2,
  "呜呼": 3,
  "周到": 2,
  "呵呵": 2,
  "呻吟": -2,
  "咆哮": -3,
  "和平": 2,
  "和睦": 2,
  "和蔼的": 3,
  "和谐": 2,
  "和谐地": 2,
  "哀思": -2,
  "哀悼": -2,
  "品味": 2,
  "哄骗": -2,
  "哇": 4,
  "哈": 2,
  "哈利路亚": 3,
  "哈哈": 3,
  "哈哈哈": 3,
  "响亮": -1,
  "响应": 2,
  "哎呀": -2,
  "哎哟": -2,
  "哑": -3,
  "哭": -1,
  "哭了": -2,
  "哭声": -2,
  "哭泣": -2,
  "哽咽": -2,
  "唉": -1,
  "唐纳": -2,
  "唾弃": -3,
  "啊": -2,
  "啮合": 1,
  "善意": 3,
  "善良": 2,
  "喊叫": -2,
  "喜": 3,
  "喜出望外": 4,
  "喜剧": 1,
  "喜庆": 3,
  "喜怒无常": -1,
  "喜悦": 3,
  "喜欢": 2,
  "喜爱": 2,
  "喝叱": -3,
  "喷嚏": -2,
  "嘈杂": -1,
  "嘲笑": -2,
  "嘲讽": -2,
  "囚犯": -2,
  "囚禁": -2,
  "回扣": -3,
  "团结": 2,
  "困境": -1,
  "困惑": -2,
  "困扰": -3,
  "困扰着": -3,
  "困窘": -2,
  "固体": 2,
  "固化": 2,
  "固定": -1,
  "在位的": 1,
  "在调解": 2,
  "地狱": -4,
  "地狱般": -2,
  "均衡": 1,
  "坍方": -2,
  "坏": -3,
  "坏事": -2,
  "坏处": -2,
  "坏蛋": -3,
  "坑蒙拐骗": -3,
  "块": -1,
  "坚不可摧": 2,
  "坚决": 2,
  "坚定": 2,
  "坚果": -3,
  "坟": -2,
  "垂头丧气": -2,
  "垂死": -3,
  "垃圾": -1,
  "垃圾邮件": -2,
  "垃圾邮件发送者": -3,
  "垄断": -2,
  "培育": 2,
  "堂堂": -1,
  "堕落": -2,
  "堵": -1,
  "堵嘴": -2,
  "增加": 1,
  "士气低落": -2,
  "士气受挫": -2,
  "声望": 3,
  "声讨": -2,
  "处理不当": -2,
  "处罚": -2,
  "复仇": -2,
  "复仇的": -2,
  "复仇者": -2,
  "复兴": 2,
  "复杂的": 2,
  "复活": 2,
  "外伤": -3,
  "多刺的": -2,
  "多情": 2,
  "多雨的": -1,
  "大": 3,
  "大声笑": 3,
  "大幅": 1,
  "大胆": 2,
  "大量的": 1,
  "天上": 4,
  "天堂": 3,
  "天罚": -2,
  "天赋": 2,
  "天赐": 4,
  "失业": -2,
  "失业的": -1,
  "失利": -3,
  "失去": -3,
  "失去亲人的": -2,
  "失去人性": -2,
  "失去光泽": -2,
  "失效": -1,
  "失望": -2,
  "失火": -2,
  "失眠": -2,
  "失职": -2,
  "失能": -2,
  "失误": -2,
  "失败": -2,
  "失败者": -3,
  "失踪": -2,
  "失速": -2,
  "头晕": -1,
  "头痛": -2,
  "夸大": -2,
  "夸张的": -2,
  "夹持": 2,
  "奇": -2,
  "奇妙": 3,
  "奇异的": -2,
  "奇怪": -1,
  "奇怪的": -2,
  "奇迹": 3,
  "奋斗的": -2,
  "奖": 3,
  "奖励": 2,
  "奖项": 3,
  "奴役": -2,
  "奴隶": -3,
  "奴隶制度": -3,
  "奸商": -2,
  "好": 3,
  "好吃": 3,
  "好处": 2,
  "好奇": 2,
  "好看": 3,
  "如假包换": -1,
  "如画": 2,
  "如飞": 2,
  "妒": -2,
  "妒忌": -1,
  "妓女": -4,
  "妥协": -2,
  "妨害": -2,
  "姑息": 2,
  "委屈": -2,
  "委托": 2,
  "威吓": -2,
  "威慑": -2,
  "威胁": -2,
  "娘": -5,
  "娘们": -5,
  "娱乐": 3,
  "婊子": -5,
  "婴儿": -2,
  "嫌疑": -1,
  "孔": -2,
  "孤独": -2,
  "孤立": -1,
  "学障碍": -2,
  "宁静": 2,
  "安全": 2,
  "安心": 2,
  "安慰": 3,
  "安抚": 2,
  "安然": 2,
  "安详": 2,
  "完善": 3,
  "完成": 2,
  "完整": 2,
  "完美": 3,
  "完美无瑕": 2,
  "定居点": 1,
  "定罪": -3,
  "宝": 1,
  "宝石": 3,
  "宝藏": 2,
  "实现": 1,
  "审查": -2,
  "审问": -2,
  "宣传": -2,
  "宣判": -2,
  "害怕": -2,
  "害羞": -1,
  "容易忘记的": -1,
  "宽容": 1,
  "宽恕": 2,
  "宽敞": 1,
  "寂寞": -2,
  "富于同情心的": 2,
  "富有意义的": 2,
  "富有进取心的": -1,
  "富有魅力的": 3,
  "富裕": 2,
  "寡": -1,
  "寡不敌众": -2,
  "对手": -1,
  "对抗性的": -2,
  "对敌人造成": -2,
  "封锁": -2,
  "射击": -2,
  "尊严": 2,
  "尊敬": 2,
  "尊重": 2,
  "小便": -4,
  "小姐": -2,
  "小心": 2,
  "小气": -2,
  "小说": 2,
  "尔虞我诈": 1,
  "尖刻": -3,
  "尖叫": -2,
  "尴尬": -2,
  "尸体": -1,
  "局限性": -1,
  "屁股": -4,
  "屄": -5,
  "屈辱": -3,
  "屏障": -2,
  "展望": 1,
  "履行": 2,
  "山雀": -2,
  "岌": -2,
  "崇拜": 3,
  "崩塌": -2,
  "崩溃": -2,
  "工资": -1,
  "巨大": 1,
  "已备份": 1,
  "师爷": -2,
  "希望": 2,
  "帕利": -1,
  "带电": -3,
  "帮助": 2,
  "帮帮我": 2,
  "常去的地方": -1,
  "常绿": 2,
  "常青": -3,
  "常青树": 2,
  "干杯": 2,
  "平反": 2,
  "平庸": -2,
  "平息": 2,
  "平淡": -2,
  "平静": 2,
  "平静的": 2,
  "并发": -2,
  "幸": 3,
  "幸好": 2,
  "幸存": 2,
  "幸存者": 2,
  "幸福": 3,
  "幸运": 2,
  "幻灭": -2,
  "幼稚": -2,
  "幽默": 2,
  "广受好评": 2,
  "庄严": -1,
  "庆典": 3,
  "庆祝": 3,
  "庆祝活动": 3,
  "应激": -2,
  "应验": 2,
  "废墟": -2,
  "废话": -4,
  "庸人": -3,
  "廉正": 2,
  "延伸": 1,
  "延缓": -1,
  "延迟": -1,
  "建议": 2,
  "开导": 2,
  "开明": 2,
  "开玩笑": 4,
  "开脱": 2,
  "开释": 2,
  "开除": -2,
  "异化": -2,
  "异常": 4,
  "异议": -2,
  "弃": -2,
  "引人入胜": 3,
  "引力": 2,
  "张力": -1,
  "弱": -2,
  "弱势": -2,
  "弱点": -2,
  "弹劾": -3,
  "强": 2,
  "强制性": -1,
  "强加": -1,
  "强化": 2,
  "强化剂": 2,
  "强壮": 2,
  "强大": 2,
  "强大的": 2,
  "强奸": -4,
  "强奸犯": -4,
  "强度": 2,
  "强横": -3,
  "强盗": -2,
  "强调": -1,
  "强迫": -2,
  "归咎": -2,
  "录取": -1,
  "征收": -1,
  "很酷的东西": 3,
  "徊": -2,
  "徒刑": -2,
  "得意扬扬": 3,
  "得罪": -2,
  "微不足道": -2,
  "微弱": -2,
  "微笑": 2,
  "心爱": 3,
  "心理变态": -2,
  "心碎": -3,
  "心虚": -2,
  "忍饥挨饿": -2,
  "忐忑": -2,
  "忘恩负义": -3,
  "忘记": -1,
  "忘记了": -1,
  "忙碌的": -2,
  "忠勇": 3,
  "忠诚": 2,
  "忧": -3,
  "忧心忡忡": -2,
  "忧愁": -2,
  "忧虑": -2,
  "忧郁": -1,
  "快乐": 2,
  "快活": 3,
  "忽略": -1,
  "忽视": -1,
  "忽视了": -2,
  "忿激": -2,
  "怀念": 1,
  "怀恨在心者": -3,
  "怀柔": 2,
  "怀疑": -3,
  "怀疑的": -3,
  "怀疑论": -2,
  "怀疑论者": -2,
  "怔": -3,
  "怜悯": 2,
  "怠慢": -2,
  "急": -2,
  "急于": 2,
  "急切": 2,
  "性交": -4,
  "性别歧视": -2,
  "性感的": 3,
  "怪": -2,
  "怪异": -2,
  "怪物": -2,
  "怪诞的": 1,
  "恇": -2,
  "恐吓": -2,
  "恐怖": -3,
  "恐怖分子": -2,
  "恐惧": -2,
  "恐惧症": -2,
  "恐慌": -3,
  "恝": -2,
  "恢复": 1,
  "恨": -3,
  "恩人": 2,
  "恩典": 1,
  "恫吓": -2,
  "恭喜": 2,
  "恶": -3,
  "恶作剧": -1,
  "恶劣": -3,
  "恶化": -2,
  "恶棍": -3,
  "恶毒": -2,
  "恶行": -2,
  "恼人的": -2,
  "恼怒的": -3,
  "悁": -2,
  "悔恨": -2,
  "悖论": -1,
  "患有": -2,
  "患者": -2,
  "悲": -2,
  "悲伤": -2,
  "悲伤的": -3,
  "悲剧": -2,
  "悲哀": -2,
  "悲惨": -2,
  "悲痛": -2,
  "悲观": -2,
  "悲观主义": -2,
  "悼": -2,
  "悼念": -2,
  "情": 1,
  "惊人": 3,
  "惊叫": -2,
  "惊奇": 3,
  "惊慌": -2,
  "惊慌失措": -3,
  "惊讶": 2,
  "惊险": 5,
  "惊骇": -2,
  "惨": -3,
  "惨淡": -2,
  "惨败": -3,
  "惨重": -3,
  "惩戒": -2,
  "惩治": -2,
  "惩罚": -2,
  "惩罚性": -2,
  "想": 1,
  "想像的": 2,
  "想家": -2,
  "惹": -1,
  "惹恼": -2,
  "愁云": -1,
  "愁眉苦脸": -2,
  "愁绪": -2,
  "愉快": 3,
  "愉快的": 3,
  "意义": 1,
  "意淫": -2,
  "愚弄": -2,
  "愚昧": -2,
  "愚蠢": -1,
  "感人": 3,
  "感情": 3,
  "感染": -2,
  "感激": 3,
  "感觉": 1,
  "感谢": 2,
  "愣神": -2,
  "愤世嫉俗的": -2,
  "愤怒": -3,
  "愤怒的": -3,
  "愤慨": -2,
  "愿意": 2,
  "愿景": 1,
  "慈善": 2,
  "慈善事业": 2,
  "慈爱": 3,
  "慌": -2,
  "慑": -2,
  "慷慨": 2,
  "憎恶": -3,
  "憧": -1,
  "懊恼": -2,
  "懒": -1,
  "懒妇": -5,
  "懒得": -2,
  "懦夫": -2,
  "成功": 2,
  "成就": 2,
  "成熟": 2,
  "战": -2,
  "战争": -2,
  "战功": -2,
  "战斗": -1,
  "戡": -2,
  "所引发": -1,
  "所有格": -2,
  "手忙脚乱的": -2,
  "手无寸铁": -2,
  "扑朔迷离": -2,
  "打个喷嚏": -2,
  "打乱": -2,
  "打喷嚏": -2,
  "打扰": -2,
  "打折": -1,
  "打搅": -2,
  "打断": -2,
  "打破": -1,
  "扣人心弦": 3,
  "扣留": -2,
  "扩大": 1,
  "扩展": 1,
  "扩张": 1,
  "扫地": -2,
  "扭曲": -2,
  "批准": 2,
  "批判": -2,
  "批评": -2,
  "批评者": -2,
  "扼流圈": -2,
  "承认": -1,
  "承诺": 1,
  "抑制": -1,
  "投机": -2,
  "投标": 2,
  "投诉": -2,
  "抖动": -2,
  "抗": -1,
  "抗衡": -1,
  "抗议": -2,
  "抗议者": -2,
  "折磨": -1,
  "折腾": -3,
  "抚慰的": 3,
  "抢": -2,
  "抢劫": -2,
  "抢断": -2,
  "报仇": -2,
  "报复": -2,
  "报警": -2,
  "抱怨": -2,
  "抱怨的": -2,
  "抱歉": -1,
  "抵制": -2,
  "抵触的": -2,
  "抽筋": -1,
  "抿着嘴": -2,
  "担保": 2,
  "担心": -3,
  "拉屎": -4,
  "拍击声": -2,
  "拒不": -2,
  "拒登": -2,
  "拒绝": -1,
  "拖": -1,
  "拖动": -1,
  "拖钓": -2,
  "拘留": -2,
  "招呼": 1,
  "拥护": 2,
  "拥抱": 2,
  "拥挤": -1,
  "拧": -2,
  "拯救": 2,
  "拷打": -4,
  "拼命": -3,
  "拼着": -2,
  "指控": -2,
  "指责": -2,
  "按捺不住": -2,
  "挑战": -1,
  "挑衅": -1,
  "挖苦": -2,
  "挣扎": -2,
  "挥霍": -2,
  "挨饿": -2,
  "挫折": -2,
  "挫败": -2,
  "捍卫者": 2,
  "捏造": -1,
  "捐": 2,
  "捐款": 2,
  "捐赠": 2,
  "损伤": -3,
  "损坏": -3,
  "损失": -3,
  "授": 1,
  "授予": 3,
  "授权": 2,
  "掌声": 2,
  "排斥": -2,
  "排除": -1,
  "排除在外": -2,
  "掠": -2,
  "掠夺": -2,
  "探究": -2,
  "探索": 1,
  "接受": 1,
  "推出": 1,
  "推广": 2,
  "推荐": 2,
  "推荐的": 2,
  "推迟": -1,
  "掩饰": -3,
  "掷骰子": -3,
  "提交": 1,
  "提升": 1,
  "提拔": 1,
  "提振": 1,
  "提炼": 1,
  "提神": 1,
  "提高": 1,
  "插科打诨": -2,
  "揭": -1,
  "搅扰": -2,
  "搏斗": -1,
  "搞乱": -2,
  "搞砸": -2,
  "搞砸了": -3,
  "摇摆不定": -1,
  "摇摇欲坠": -2,
  "摊子": -2,
  "撇清": -3,
  "撒尿": -3,
  "撕裂": -2,
  "撤离": -1,
  "撤退": -1,
  "操作": -1,
  "操纵": -1,
  "支持": 2,
  "支持的": 2,
  "支持者": 1,
  "收益": 2,
  "收藏": 2,
  "收藏最多": 2,
  "收费": -2,
  "改变游戏规则": 3,
  "改善": 2,
  "攻击": -1,
  "放弃": -2,
  "放心": 1,
  "放缓": -1,
  "放逐": -1,
  "故障": -2,
  "效率低下": -2,
  "效用": 2,
  "效益": 2,
  "敌人": -2,
  "敌对": -2,
  "敌意": -2,
  "敏锐": 1,
  "救助": -2,
  "救恩": 2,
  "救援": 2,
  "救星": 4,
  "散播": -2,
  "敬礼": 2,
  "敲诈": -3,
  "整齐干净": 2,
  "文盲": -2,
  "斗争": -1,
  "斗智斗勇": 2,
  "斜杠": -2,
  "斥责": -3,
  "斧头": -1,
  "断言": -2,
  "新鲜": 1,
  "方法避免": -1,
  "旗舰": 2,
  "无为而治": -2,
  "无力": -2,
  "无动于衷": -2,
  "无助": -2,
  "无家可归": -2,
  "无心向学": -2,
  "无情": -2,
  "无意": -2,
  "无意义": -2,
  "无意义的": -2,
  "无懈可击": 2,
  "无效": -2,
  "无比": 2,
  "无法": -2,
  "无牙": -2,
  "无用": -2,
  "无用的人": -2,
  "无畏": 2,
  "无知": -2,
  "无礼": -2,
  "无私": 2,
  "无缝": 2,
  "无罪": 2,
  "无罪释放": 2,
  "无聊": -3,
  "无能": -2,
  "无行为能力": -2,
  "无视": -2,
  "无趣": -2,
  "无障碍": 1,
  "既定": 2,
  "既得利益": 1,
  "旦": -2,
  "早上好": 1,
  "时髦": 2,
  "旺盛": 4,
  "昂热": -3,
  "昂贵": -2,
  "明快": 2,
  "明晰": 2,
  "明确": 1,
  "明确地": 1,
  "昏睡": -2,
  "昏睡的": -2,
  "是": 1,
  "是啊": 1,
  "显": 2,
  "显着": 2,
  "普及": 2,
  "景点": 2,
  "智慧": 1,
  "智能": 2,
  "智障": -2,
  "暂停": -1,
  "暖": 1,
  "暗杀": -3,
  "暮气": -3,
  "暴力": -3,
  "暴力相关": -3,
  "暴动": -2,
  "暴发": -2,
  "暴虐": -3,
  "暴行": -3,
  "暴跌": -1,
  "暴露": -1,
  "曲解": -2,
  "更大": 3,
  "更好": 2,
  "更安全": 2,
  "更差": -3,
  "更甜": 3,
  "替罪羊": -2,
  "最严厉": -2,
  "最低": -1,
  "最佳": 2,
  "最大": 3,
  "最好": 3,
  "最好的": 3,
  "最差": -3,
  "最幸福": 3,
  "最强": 2,
  "最爱": 2,
  "最穷": -2,
  "最纯净的": 1,
  "最聪明": 2,
  "最脏": -2,
  "最该死": 4,
  "最高": 4,
  "有兴趣": 2,
  "有利": 2,
  "有利可图": 2,
  "有同情心": 2,
  "有吸引力": 2,
  "有声有色": 3,
  "有害": -2,
  "有希望": 2,
  "有帮助": 2,
  "有影响": 2,
  "有损": -1,
  "有效": 2,
  "有方法的": 2,
  "有条不紊": 2,
  "有毒的": -3,
  "有活力": 2,
  "有点": 0,
  "有理": 2,
  "有用": 2,
  "有目的的": 2,
  "有礼貌": 2,
  "有缺陷": -3,
  "有罪": -3,
  "有趣": 2,
  "有限": -1,
  "有雄心": 2,
  "有风险": -2,
  "朋友": 1,
  "期待已久": -1,
  "期望": 2,
  "未了": -2,
  "未售出": -1,
  "未定": -1,
  "未经批准": -2,
  "未经证实": -1,
  "机会": 2,
  "机能不全": -2,
  "杀": -3,
  "杀人": -2,
  "杀伤力": -2,
  "杀害": -3,
  "杀敌": -3,
  "杂乱无章": -2,
  "权力": 2,
  "权威": 1,
  "来袭": -1,
  "杰作": 4,
  "杰出的": 2,
  "松动": -3,
  "极好": 4,
  "极权主义": -2,
  "极端主义": -2,
  "极端分子": -2,
  "枪": -1,
  "某些": 1,
  "某种": 0,
  "柴": -3,
  "柴草": -3,
  "标题": 1,
  "梗死": -2,
  "梗阻": -2,
  "梦": 1,
  "梦想": 1,
  "检察官": -1,
  "检控": -1,
  "检查员": -2,
  "森严": -2,
  "森森": -2,
  "模糊": -2,
  "横座板": -2,
  "欢乐": 3,
  "欢乐的": 2,
  "欢呼": 5,
  "欢喜": 4,
  "欢天喜地": 2,
  "欢天喜地的": 4,
  "欢欣鼓舞": 4,
  "欢笑": 3,
  "欢跃的": 2,
  "欢迎": 1,
  "欢闹的": 2,
  "欣喜": 4,
  "欣喜的": 3,
  "欣喜若狂": 4,
  "欣快": 4,
  "欣快症": 3,
  "欣慰的": 2,
  "欣然": 3,
  "欣赏": 3,
  "欲望": 1,
  "欺凌": -2,
  "欺诈": -4,
  "欺诈者": -4,
  "欺负": -2,
  "欺骗": -2,
  "歇斯底里": -3,
  "歉意": -1,
  "正义": 2,
  "正确的方向": 3,
  "正面的": 2,
  "歧视": -2,
  "歪曲": -2,
  "死": -3,
  "死亡": -2,
  "死亡人数": -3,
  "死气沉沉": -1,
  "殊死": -3,
  "残忍": -3,
  "残疾人": -2,
  "残缺": -1,
  "残酷": -3,
  "殴打": -2,
  "毁了": -2,
  "毁坏": -2,
  "母狗": -5,
  "毒": -2,
  "毒药": -2,
  "毛": -2,
  "毫不费力": 2,
  "气死人": -2,
  "气质": 2,
  "汁液": -1,
  "求爱": 3,
  "污垢": -2,
  "污染": -2,
  "污染物": -2,
  "污染者": -2,
  "污点": -2,
  "污秽": -2,
  "沃": 2,
  "沉思": 1,
  "沉降": 1,
  "沉默": -1,
  "没人爱": -2,
  "没头脑": -2,
  "没有": -1,
  "没有吸引力": -2,
  "沮丧": -3,
  "泄气": -2,
  "泄漏": -1,
  "泄露": -1,
  "法律": 1,
  "法律上": 1,
  "法眼": 2,
  "法西斯": -2,
  "波光粼粼": 3,
  "波澜不惊": -2,
  "泣": -2,
  "注定": -2,
  "泯": -2,
  "泼妇": -4,
  "洗脑": -3,
  "活": 1,
  "活力": 3,
  "活性": 1,
  "活泼": 3,
  "流感": -2,
  "流氓": -2,
  "流行": 3,
  "浑": -2,
  "浩劫": -2,
  "浪漫": 2,
  "浪漫主义": 2,
  "浪费": -1,
  "浮渣": -3,
  "涂抹": -2,
  "消失": -1,
  "消极": -2,
  "消沉": -2,
  "深情": 3,
  "深深地": 3,
  "淳朴": -2,
  "混乱的": -2,
  "混沌": -2,
  "混蛋": -5,
  "淹": -2,
  "淹死": -2,
  "淹死的": -2,
  "清洁": 2,
  "清洁器": 2,
  "清爽": 2,
  "清除": 1,
  "清零": 1,
  "温文尔雅": 2,
  "温暖": 2,
  "渴望": 2,
  "游玩": 3,
  "游说": -2,
  "湮没": -2,
  "滋生": -2,
  "滑": -1,
  "滑稽": 4,
  "滑稽戏": -2,
  "滑稽的": -3,
  "滞后": -2,
  "满意": 2,
  "满目疮痍": -2,
  "滥用": -3,
  "滥用的": -3,
  "漂亮": 1,
  "漂绿": -3,
  "漏洞": -2,
  "漠不关心": -2,
  "漠视": -2,
  "潜伏": -1,
  "澄清": 2,
  "激切": 2,
  "激动": 3,
  "激励": 2,
  "激发": 3,
  "激怒": -2,
  "激烈": 1,
  "激起": -2,
  "灌洗": -3,
  "灌输": -2,
  "火": -2,
  "火花": 3,
  "灰头土脸": -2,
  "灰心": -2,
  "灰色": -1,
  "灵巧": 2,
  "灵感": 2,
  "灾区": -2,
  "灾害": -2,
  "灾难": -3,
  "灾难性的": -4,
  "灿烂": 3,
  "炫耀的表现": 3,
  "炸弹": -1,
  "烂": -3,
  "烈性": 2,
  "烟雾": -2,
  "烦": -2,
  "烦乱": -2,
  "烦恼": -2,
  "烦扰的": -2,
  "烦闷": -3,
  "热切": 2,
  "热心": 2,
  "热情": 3,
  "焦虑": -2,
  "煮熟的": -2,
  "煽动叛乱": -2,
  "煽动性": -2,
  "熟练": 2,
  "爆发": -2,
  "爱": 3,
  "爱冒险的": 2,
  "爱心": 2,
  "物": 1,
  "牵肠挂肚": -2,
  "特别好": 4,
  "特权": 2,
  "特赦": 2,
  "犬儒": -2,
  "犯下": -2,
  "犯罪": -3,
  "犯罪分子": -2,
  "犯罪嫌疑人": -1,
  "犯规": -3,
  "狂": -3,
  "狂人": -3,
  "狂怒": -3,
  "狂热": 2,
  "狂热者": -2,
  "狠": -1,
  "狠心": -2,
  "狡猾": 2,
  "狡诈": -3,
  "独一无二": 1,
  "独占": -2,
  "独家": 2,
  "猛撞": -2,
  "猛烈": -3,
  "猥亵": -2,
  "王八蛋": -5,
  "玩世不恭": -2,
  "玩笑": 2,
  "玫瑰": 1,
  "环境友好型": 2,
  "现代化": 2,
  "现代化，": 2,
  "玷污": -2,
  "珍品": 2,
  "珍惜": 2,
  "珍爱的": 2,
  "珍视": 2,
  "珠宝": 1,
  "理所当然": 2,
  "瓦解": -2,
  "甜": 2,
  "甜蜜": 3,
  "生动": 2,
  "生气": -4,
  "生病": -2,
  "生长": 1,
  "生闷气": -2,
  "用处": 2,
  "甩": -2,
  "申斥": -2,
  "畅快": 1,
  "畸形": -2,
  "疏忽": -1,
  "疏散": -1,
  "疏松": -3,
  "疑": -1,
  "疑似": -1,
  "疑惑": -1,
  "疑虑": -2,
  "疑问": -1,
  "疮": -1,
  "疯": -2,
  "疯子": -3,
  "疯狂": -3,
  "疯狂的": -1,
  "疲劳": -2,
  "疼痛": -2,
  "疾病": -2,
  "病死率": -3,
  "痛": -2,
  "痛恨": -3,
  "痛惜": -3,
  "痛苦": -2,
  "痛苦的": -2,
  "痛骂": -2,
  "痴": -3,
  "痴情": 2,
  "痴迷": 2,
  "瘟疫": -3,
  "瘢痕": -2,
  "瘤": -2,
  "瘫痪": -2,
  "瘸": -2,
  "癌症": -1,
  "癖好": 2,
  "白痴": -3,
  "百家争鸣": -1,
  "的n00b": -2,
  "的Wooo": 4,
  "的灾害中": -2,
  "的误导": -3,
  "的起诉": -2,
  "皮": -1,
  "皮疹": -2,
  "皱着眉头": -1,
  "监狱": -2,
  "盛大": 3,
  "盟友": 2,
  "目中无人": -1,
  "目瞪口呆": -2,
  "盲": -1,
  "盲目乐观": 2,
  "直索": -2,
  "直行": 1,
  "相信": 1,
  "眉飞色舞": 3,
  "真棒": 4,
  "真正": 2,
  "真诚": 2,
  "真诚的": 2,
  "眼泪": -2,
  "着迷": 3,
  "瞎": -2,
  "矛头": 2,
  "矛盾": -1,
  "矛盾的": -2,
  "短缺": -2,
  "短视": -2,
  "石化的": -2,
  "砍死": -1,
  "破产": -3,
  "破产者": -3,
  "破坏": -2,
  "破坏性": -2,
  "破坏性的": -2,
  "破损": -3,
  "破灭": -2,
  "破碎": -1,
  "破绽": -2,
  "硫酸": -3,
  "硬": -1,
  "确保": 1,
  "碎": -2,
  "碰撞": -2,
  "示范": -1,
  "礼品": 2,
  "礼炮": 2,
  "礼貌": 2,
  "祈祷": 1,
  "祝福": 2,
  "祝福的": 3,
  "祝贺": 2,
  "神": 1,
  "神经": -1,
  "神经过敏": -1,
  "神话": -1,
  "祸患": -2,
  "禁止": -2,
  "禁用": -1,
  "福": 3,
  "福利": 2,
  "离开": -1,
  "离线": -1,
  "种族主义": -3,
  "种族主义者": -3,
  "秘籍": -3,
  "积极": 2,
  "积累": -1,
  "称赞": 2,
  "移情": 2,
  "稀松": -2,
  "稳定": 2,
  "穷": -2,
  "穷凶极恶": -3,
  "空": -1,
  "空想家": 3,
  "空洞": -1,
  "空虚": -1,
  "穿长袍": -2,
  "突出": 2,
  "突出的": 1,
  "突击": -2,
  "突破": -2,
  "突破口": -2,
  "窃案": -2,
  "窃贼": -2,
  "窒息的": -2,
  "竞争的": 2,
  "竞争者": -1,
  "笑": 1,
  "笑了": 1,
  "笑容": 2,
  "笑笑": 2,
  "笑话": 2,
  "符合": 2,
  "笨": -2,
  "笨人": -3,
  "笨蛋": -4,
  "第一线": 1,
  "等待": -1,
  "等待着": -1,
  "简单": 1,
  "简单化": -2,
  "管它": 2,
  "类": 2,
  "粉碎": -1,
  "粗心": -2,
  "粗暴地": -2,
  "粲": -3,
  "精制": 1,
  "精彩": 4,
  "精挑细选": 1,
  "精神": 1,
  "精细": 2,
  "精美": 3,
  "糊涂事": -3,
  "糟糕": -2,
  "紊乱": -2,
  "紧张": -2,
  "紧急": -2,
  "累": -2,
  "繁荣": 3,
  "纯": 1,
  "织布机": -1,
  "织机": -1,
  "绎": 1,
  "经济实惠": 2,
  "绑架": -2,
  "绝望": -3,
  "统一": 1,
  "维他命": 1,
  "维护了": 2,
  "绿洗": -3,
  "绿色洗涤": -3,
  "缓和": 3,
  "缓解": 1,
  "缩减": -2,
  "缩头缩脑": -2,
  "缺乏": -2,
  "缺乏想象力": -2,
  "缺席者": -1,
  "缺点": -2,
  "缺陷": -2,
  "罚": -2,
  "罚款": -2,
  "罢工": -2,
  "罪": -2,
  "罪犯": -3,
  "罪行": -2,
  "置信度": 2,
  "美丽": 3,
  "美化": 3,
  "美味": 3,
  "美味的": 3,
  "美女": 3,
  "美食": 3,
  "羞愧": -2,
  "羡慕": -1,
  "老张": -2,
  "耐力": 2,
  "耐寒": 2,
  "耐用": 2,
  "耶稣": 1,
  "耻辱": -2,
  "联合的": 1,
  "聚焦": -2,
  "聪明": 1,
  "肇事者": -2,
  "肠断": -3,
  "肥硕": 2,
  "胀": -1,
  "胆": 2,
  "胆大": 2,
  "胆大妄为": 2,
  "胆小": -2,
  "背书": 2,
  "背叛": -3,
  "背负": -2,
  "胜": 4,
  "胜任": 2,
  "胜利": 4,
  "胜利者": 3,
  "胡来": -2,
  "胡言乱语": -3,
  "胡说": -2,
  "能": 1,
  "能力": 1,
  "脏": -2,
  "脱节": -2,
  "腐败": -3,
  "自信": 2,
  "自在": 2,
  "自夸": -2,
  "自恋狂": -2,
  "自我欺骗": -2,
  "自曝": -1,
  "自杀": -2,
  "自满": -2,
  "自然": 1,
  "自由": 1,
  "自相矛盾": -2,
  "自私": -3,
  "自虐": -2,
  "臭": -2,
  "臭名昭著": -2,
  "臭屁": -2,
  "臭气熏天": -2,
  "致命": -3,
  "致害": -3,
  "致残": -2,
  "舀": 3,
  "舒服": 2,
  "舒适": 2,
  "舒适度": 2,
  "舞弊": -4,
  "船上": 1,
  "良好的拥护": 3,
  "苛刻": -2,
  "若隐若现": -1,
  "苦": -2,
  "苦差事": -2,
  "苦恼": -2,
  "苦涩": -2,
  "苦难": -2,
  "英俊": 3,
  "英勇": 3,
  "英雄": 2,
  "范围": -1,
  "荒谬": -3,
  "荣幸": 2,
  "荣耀": 2,
  "荣誉": 3,
  "获刑": -2,
  "获得": 2,
  "获救": 2,
  "菜鸟": -2,
  "落下": -1,
  "落后": -1,
  "著名": 2,
  "葬礼": -1,
  "蓄势": -2,
  "蔑视": -2,
  "蔑视的": -2,
  "藏": -1,
  "虐待": -2,
  "虚伪": -2,
  "蠢蛋": -4,
  "蠢驴": -4,
  "血腥": -3,
  "行为不当": -2,
  "行为不端": -2,
  "补助": 1,
  "表彰": 2,
  "表扬": 3,
  "表现不佳": -2,
  "表白": 2,
  "衷心": 3,
  "被判刑": -2,
  "被刺": -2,
  "被动": -1,
  "被告": -2,
  "被困": -2,
  "被定罪": -2,
  "被忽视的": -2,
  "被拘留": -2,
  "被捕": -3,
  "被盗": -2,
  "被砍": -1,
  "被禁止": -2,
  "被起诉": -2,
  "被迫": 1,
  "被遗弃": -2,
  "被驱逐出境": -2,
  "被骗": -3,
  "袭击": -2,
  "裁员": -1,
  "裸露": -1,
  "裹挟": -2,
  "要求": -1,
  "见死不救": -2,
  "视力": 1,
  "解": 1,
  "解决": 1,
  "解决了": 1,
  "解决方案": 1,
  "解散": -2,
  "解析度": 2,
  "触发器": -2,
  "触目惊心": 3,
  "言过其实": -2,
  "警告": -2,
  "警惕": 3,
  "警报": -1,
  "认可": 2,
  "认真": 2,
  "讨人喜欢": 2,
  "讨价还价": 2,
  "讨厌": -3,
  "讨厌的": -3,
  "让人堕落": -2,
  "训斥": -2,
  "许诺": 1,
  "讽刺": -1,
  "证实": 1,
  "评论家": -2,
  "诅咒": -1,
  "诈骗": -2,
  "诉讼": -2,
  "诙谐": 2,
  "诚实的": 2,
  "诚意": 2,
  "诚挚": 2,
  "诡计": -2,
  "该死": -4,
  "该死的": -4,
  "该死的可爱": 3,
  "误传": -2,
  "误导": -2,
  "误报": -2,
  "误杀": -3,
  "误用": -2,
  "误解": -1,
  "误认": -2,
  "诱人的": 1,
  "诱惑": -1,
  "说客": -2,
  "说服": 1,
  "说脏话": -2,
  "说谎": -2,
  "说谎者": -3,
  "请": 1,
  "请享用": 2,
  "诺言": 1,
  "调皮": 2,
  "调解": 2,
  "谋杀": -3,
  "谎言": -3,
  "谏": -2,
  "谢谢": 2,
  "谦卑": 1,
  "谨慎": -1,
  "谩": -2,
  "谴责": -2,
  "豁免": -1,
  "豪华": 2,
  "豪言壮语的人": -3,
  "负": -2,
  "负担": -2,
  "贡": 2,
  "贡献": 2,
  "财富": 3,
  "责任": 1,
  "责备": -3,
  "责骂": -3,
  "贤": 2,
  "败": -2,
  "质疑": -1,
  "质量": 2,
  "贪婪": -2,
  "贪心": -3,
  "贫穷": -1,
  "贬低": -2,
  "贬损": -2,
  "费解的": -2,
  "贻害": -2,
  "贿赂": -3,
  "资不抵债": -2,
  "资产": 2,
  "赎回": 2,
  "赔偿": -3,
  "赞同": 2,
  "赞扬": 2,
  "赞美": 2,
  "赞赏": 2,
  "赢得": 4,
  "赤字": -2,
  "赦免": 2,
  "走出去": -2,
  "走投无路": -2,
  "走私": -2,
  "赶出": -1,
  "起色": 2,
  "起诉": -1,
  "超": 3,
  "超卖": -2,
  "超脱": -1,
  "超载": -1,
  "超重": -1,
  "跑输大市": -2,
  "跳动": -1,
  "踟": -2,
  "踩踏": -2,
  "蹂躏": -2,
  "蹩脚的": -3,
  "身体素质": 1,
  "躲着": -2,
  "躲闪的": -2,
  "转储": -1,
  "转移": -2,
  "轻信": -2,
  "轻快": 1,
  "轻松": 2,
  "轻松活泼": 2,
  "轻率": -2,
  "轻蔑": -2,
  "轻视": -2,
  "轻飘": 2,
  "较差的": -2,
  "辉": 3,
  "辉煌": 2,
  "辜负": -3,
  "辞职": -1,
  "辨析": -2,
  "辩护人": 2,
  "达到": 1,
  "迅速": 2,
  "过于简单": -2,
  "过份简单化": -2,
  "过分": -2,
  "过分甜的": -3,
  "过度反应": -2,
  "过敏的": -2,
  "过时的": -2,
  "过眼云烟": -1,
  "迎接": 1,
  "运气": 3,
  "近视": -2,
  "还价": -2,
  "进取": 1,
  "进展": 2,
  "进攻": -2,
  "远景": 1,
  "违反": -2,
  "违约": -2,
  "违背": -2,
  "违规": -2,
  "违规行为": -2,
  "连天": -2,
  "迟疑": -2,
  "迟缓": -2,
  "迪克": -4,
  "迫害": -2,
  "迫近": -1,
  "迷": 2,
  "迷人": 3,
  "迷住": 3,
  "迷失方向": -2,
  "迷彩服": -2,
  "迷恋": -1,
  "迷惑": -2,
  "退出": -3,
  "退让": -2,
  "适合": 1,
  "适当": 2,
  "逃逸": -1,
  "递解出境": -2,
  "造成": -2,
  "逮捕": -2,
  "逾矩": -2,
  "逾越": -2,
  "道歉": -1,
  "遗憾": -2,
  "遭受": -2,
  "遭报": -2,
  "遭遇": -2,
  "避免": -1,
  "邀请": 1,
  "邪恶": -3,
  "郁闷": -2,
  "鄙视": -2,
  "配料": -2,
  "醉": -2,
  "采用": 1,
  "里程碑": 2,
  "重大": 1,
  "重点": 2,
  "重点突出": 2,
  "重磅炸弹": 3,
  "重罪": -3,
  "重要": 2,
  "重要性": 2,
  "野蛮": -3,
  "野蛮人": -2,
  "金": 2,
  "金德": 2,
  "鉴别": -2,
  "钻石": 1,
  "铁青": -2,
  "铅板": -2,
  "铆": 3,
  "销毁": -3,
  "错": -2,
  "错位": -2,
  "错杀": -3,
  "错综复杂": 2,
  "错误": -2,
  "错误分类": -2,
  "错误定价": -3,
  "错误标签": -3,
  "错过": -2,
  "镇定": 2,
  "镦": -2,
  "长号": -2,
  "长处": 2,
  "闭塞": -1,
  "问候": 2,
  "问题": -2,
  "间断": -2,
  "闷闷不乐": -1,
  "闹剧": -1,
  "闹鬼": -2,
  "防止": -1,
  "阳光": 2,
  "阴云密布": -1,
  "阴森": -3,
  "阴沉": -2,
  "阴谋": -3,
  "阻力": -2,
  "阻挠": -2,
  "阻碍": -2,
  "降级": -2,
  "限制": -1,
  "险恶": -2,
  "陷阱": -1,
  "隐藏": -1,
  "隔音材料": -2,
  "障碍": -2,
  "难": -1,
  "难以忍受": -1,
  "难以置信的": -1,
  "难忘": 1,
  "雒": -3,
  "雕饰": -3,
  "雨衣": 2,
  "需求": -1,
  "需要": -1,
  "震": -2,
  "震惊": 3,
  "震耳欲聋": -1,
  "震荡": -2,
  "震颤": -2,
  "青春的": 2,
  "青睐": 2,
  "非人化": -2,
  "非人性化": -2,
  "非常不幸地": -3,
  "非常讨厌": -3,
  "非法": -3,
  "非法操纵的": -1,
  "非法的": -2,
  "非独创的": -2,
  "非难": -2,
  "革新": 1,
  "韩元": 3,
  "顺利": 3,
  "顽固": -2,
  "预期": 1,
  "领导": 1,
  "颠三倒四": -2,
  "颠覆": -2,
  "风扇": 3,
  "风趣": 3,
  "风险": -2,
  "饥荒": -2,
  "饥饿": -2,
  "饿死": -2,
  "香": -2,
  "香烛": -2,
  "驱蚊": -2,
  "驱逐": -2,
  "驱逐出境": -2,
  "驳回": -2,
  "驴": -4,
  "骂": -2,
  "骄傲": 2,
  "骇人听闻的": -2,
  "骇然": -2,
  "验收": 1,
  "验证": 1,
  "骗人的": -3,
  "骗取": -3,
  "骗子": -3,
  "骗局": -3,
  "骚乱": -2,
  "骚动": -3,
  "骚扰": -3,
  "高兴": 3,
  "高昂": 3,
  "高级": 1,
  "高贵": 2,
  "高超": 5,
  "高飞": -2,
  "鬼": -1,
  "魅力": 3,
  "鲁莽": -2,
  "麻利": 2,
  "麻木": -1,
  "麻木不仁": -3,
  "麻烦": -2,
  "麾": 4,
  "黑暗": -2,
  "黑鬼": -5,
  "鼓励": 2,
  "鼓掌": 2,
  "鼓舞人心": 3,
  "鼓舞人心的": 2,
  "鼠疫": -3
}