{
  "Hahahaha": 3,
  "నిలవదు": -3,
  "aborts": -1,
  "absolves": 2,
  "absolving": 2,
  "acquits": 2,
  "acquitting": 2,
  "adoring": 3,
  "adoringly": 3,
  "affectionateness": 3,
  "agonises": -3,
  "alarmist": -2,
  "alarmists": -2,
  "amazes": 2,
  "appeases": 2,
  "applauding": 2,
  "applauds": 2,
  "astoundingly": 3,
  "astounds": 3,
  "avenges": -2,
  "averts": -1,
  "badass": -3,
  "bamboozled": -2,
  "bamboozles": -2,
  "bankster": -3,
  "befitting": 2,
  "belittled": -2,
  "bereaves": -2,
  "bereaving": -2,
  "bitches": -5,
  "bothers": -2,
  "braveness": 2,
  "bribing": -3,
  "brilliances": 3,
  "calms": 2,
  "carefulness": 2,
  "caring": 2,
  "chagrined": -2,
  "charmingly": 3,
  "charmless": -3,
  "chastising": -3,
  "cheered": 2,
  "cheerfully": 2,
  "cheerless": -2,
  "cherishing": 2,
  "chided": -3,
  "chides": -3,
  "chiding": -3,
  "chilling": -1,
  "cocksuckers": -5,
  "colluding": -3,
  "conciliated": 2,
  "conciliates": 2,
  "conciliating": 2,
  "conflictive": -2,
  "consolable": 2,
  "courageousness": 2,
  "coziness": 2,
  "crappy": -3,
  "crazier": -2,
  "crestfallen": -2,
  "criminated": -3,
  "criminates": -3,
  "deafening": -1,
  "defrauds": -3,
  "dehumanized": -2,
  "dehumanizes": -2,
  "dejecting": -2,
  "dejects": -2,
  "demoralizes": -2,
  "demoralizing": -2,
  "deploring": -3,
  "deporting": -2,
  "derails": -2,
  "deriding": -2,
  "despairs": -3,
  "devastations": -2,
  "dilligence": 2,
  "dipshit": -3,
  "direful": -3,
  "dirtier": -2,
  "dirtiest": -2,
  "disappoints": -2,
  "disapprovals": -2,
  "disconsolation": -2,
  "disguising": -1,
  "disgustful": -3,
  "disparages": -2,
  "disregards": -2,
  "disturbs": -2,
  "dodging": -2,
  "dodgy": -2,
  "dumbass": -3,
  "dupery": -2,
  "Eery": -2,
  "embarrasses": -2,
  "empathetic": 2,
  "enlightens": 2,
  "enraging": -2,
  "enrapture": 3,
  "enslaves": -2,
  "envies": -1,
  "envying": -1,
  "ErrorWithTranslation": -1,
  "evacuates": -1,
  "evergreening": -3,
  "exaggerates": -2,
  "exasparate": -2,
  "exasperates": -2,
  "exasperating": -2,
  "exhilarates": 3,
  "exonerating": 2,
  "expels": -2,
  "exultant": 3,
  "exultantly": 3,
  "fainthearted": -2,
  "faker": -3,
  "falsified": -3,
  "fascinates": 3,
  "fearing": -2,
  "fraudsters": -4,
  "fraudulence": -4,
  "frikin": -2,
  "FTW": 3,
  "fucker": -4,
  "fucktard": -4,
  "fud": -3,
  "fuked": -4,
  "fuking": -4,
  "glamourous": 3,
  "gleeful": 3,
  "goofiness": -2,
  "gr8": 3,
  "greenwasher": -3,
  "greenwashers": -3,
  "groans": -2,
  "gullible": -2,
  "hahaha": 3,
  "haplessness": -2,
  "harried": -2,
  "heavyhearted": -2,
  "Hehe": 2,
  "humerous": 3,
  "icky": -3,
  "idiotic": -3,
  "impeachments": -3,
  "impedingly": -2,
  "incapacitates": -2,
  "incenses": -2,
  "incensing": -2,
  "indoctrinates": -2,
  "indoctrinating": -2,
  "inediable": -2,
  "ineffectively": -2,
  "inefficiently": -2,
  "infests": -2,
  "infract": -2,
  "infracted": -2,
  "infracting": -2,
  "infracts": -2,
  "infuriates": -2,
  "innovates": 1,
  "intimidates": -2,
  "intransigency": -2,
  "irresistibly": 2,
  "irresponsibly": -2,
  "jackasses": -4,
  "jaunty": 2,
  "joyless": -2,
  "Jumpy": -1,
  "justifiably": 2,
  "kickback": -3,
  "lapsed": -1,
  "laughting": 1,
  "lawl": 3,
  "lifesaver": 4,
  "likers": 2,
  "litigious": -2,
  "lmao": 4,
  "LOL": 3,
  "lolol": 4,
  "lololol": 4,
  "lolololol": 4,
  "lool": 3,
  "loool": 3,
  "looool": 3,
  "looses": -3,
  "lousy": -2,
  "lovelies": 3,
  "loving": 2,
  "lunatics": -3,
  "maladaption": -2,
  "maltreatment": -2,
  "menaced": -2,
  "mirthful": 3,
  "mirthfully": 3,
  "miscast": -2,
  "mischiefs": -1,
  "misclassifies": -2,
  "misclassify": -2,
  "misconducted": -2,
  "misconducting": -2,
  "misconducts": -2,
  "misinformed": -2,
  "misleaded": -3,
  "misplaces": -2,
  "misplacing": -2,
  "mispricing": -3,
  "misreport": -2,
  "misreporting": -2,
  "misreports": -2,
  "misunderstands": -2,
  "misusing": -2,
  "moans": -2,
  "modernizes": 2,
  "moping": -1,
  "mumpish": -2,
  "n00b": -2,
  "nervously": -2,
  "noob": -2,
  "nosy": -2,
  "offensively": -2,
  "oks మరిన్ని తక్కువ": 2,
  "optionless": -2,
  "ostracizes": -2,
  "outmaneuvered": -2,
  "overreact": -2,
  "overreacted": -2,
  "overreacting": -2,
  "overreacts": -2,
  "oversell": -2,
  "oversells": -2,
  "oversimplifies": -2,
  "oversold": -2,
  "pained": -2,
  "penalizes": -2,
  "persecutes": -2,
  "perturbed": -2,
  "phobic": -2,
  "piqued": -2,
  "piteous": -2,
  "pitied": -1,
  "plodding": -2,
  "prblm": -2,
  "prblms": -2,
  "profiteer": -2,
  "pushy": -1,
  "puzzled": -2,
  "quaking": -2,
  "racists": -3,
  "rageful": -2,
  "ranter": -3,
  "ranters": -3,
  "raptured": 2,
  "raptures": 2,
  "refines": 1,
  "regretting": -2,
  "relishing": 2,
  "reprimanding": -2,
  "reprimands": -2,
  "restful": 2,
  "rigged": -1,
  "ROFL": 4,
  "roflcopter": 4,
  "roflmao": 4,
  "romantical": 2,
  "rotfl": 4,
  "rotflmfao": 4,
  "rotflol": 4,
  "sadden": -2,
  "sappy": -1,
  "savange": -2,
  "savanges": -2,
  "scornful": -2,
  "sexistic": -2,
  "shoody": -2,
  "singleminded": -2,
  "slickest": 2,
  "smuggles": -2,
  "sneezed": -2,
  "Spiritless": -2,
  "squanders": -2,
  "squelched": -1,
  "starves": -2,
  "stinked": -2,
  "stinker": -2,
  "stinks": -2,
  "Stinky": -2,
  "stupidly": -2,
  "sueing": -2,
  "sulking": -2,
  "sulky": -2,
  "swindling": -3,
  "tarnishes": -2,
  "terrifically": 4,
  "terrorizes": -3,
  "transgresses": -2,
  "transgressing": -2,
  "tyrans": -3,
  "unappeasable": -2,
  "underperform": -2,
  "underperforms": -2,
  "unfitted": -2,
  "unfunny": -2,
  "ungenerous": -2,
  "uninvolving": -2,
  "unlovable": -2,
  "unmotivated": -2,
  "unreleting": -2,
  "unresearched": -2,
  "untarnished": 2,
  "upsetting": -2,
  "uptight": -2,
  "victimizes": -3,
  "vindicates": 2,
  "vindicating": 2,
  "vitriolic": -3,
  "vomits": -3,
  "walkouts": -2,
  "warmhearted": 2,
  "wavering": -1,
  "winwin": 3,
  "woebegone": -2,
  "woeful": -3,
  "wooo": 4,
  "woow": 4,
  "wowow": 4,
  "wowww": 4,
  "wrenching": -2,
  "WTF": -4,
  "wtff": -4,
  "wtfff": -4,
  "XO": 3,
  "xoxo": 3,
  "xoxoxoxo": 4,
  "yeees": 2,
  "yucky": -2,
  "Zealots": -2,
  "అం ద మైన": 1,
  "అంకితం": 2,
  "అంకితభావం": 3,
  "అంగీకరించడం": 1,
  "అంగీకరించని": -2,
  "అంగీకరించాయి": 1,
  "అంగీకరించాలి": 1,
  "అంగీకరిస్తాడు": 1,
  "అంగీకరిస్తుంది": 1,
  "అంగీకరిస్తున్నారు": 1,
  "అంగీకారం": 2,
  "అంగీకారమైన": 2,
  "అంటు": -1,
  "అంటువ్యాధి": -2,
  "అంటువ్యాధులు": -2,
  "అంటే తనకు అసహ్యమని": -3,
  "అంతరాయం": -2,
  "అంతరాయంగా": -2,
  "అంతరాయాలకు": -2,
  "అంతేకాకుడా": -2,
  "అంత్యక్రియలకు": -1,
  "అంత్యక్రియలు": -1,
  "అందం": 3,
  "అందంగా": 3,
  "అందంగా కనబడుతుంది": 3,
  "అందములేని": -3,
  "అందమైన": 3,
  "అందవిహీనమైన": -2,
  "అందాలను": 3,
  "అందుబాటులో": 1,
  "అక్రమ": -2,
  "అక్రమ రవాణా": -2,
  "అక్రమంగా": -2,
  "అగౌరవ": -2,
  "అగ్ని": -2,
  "అజాగ్రత్త": -2,
  "అజ్ఞానం": -2,
  "అడవుల": 2,
  "అడ్డంకి": -2,
  "అడ్డంకులు": -2,
  "అడ్డుకుంటుంది": -2,
  "అడ్డుకుంటే": -2,
  "అడ్డుకొని": -2,
  "అడ్డుకోవడం": -2,
  "అడ్డుకోవడానికి": -2,
  "అడ్డుతగిలే": -2,
  "అడ్మిట్స్": -1,
  "అణగదొక్కాలని": -2,
  "అణగారిన": -2,
  "అణచివేత": -2,
  "అణిచి": -1,
  "అణిచివేయడం": -1,
  "అతిక్రమించలేదు": -2,
  "అతిగా సులభతరం": -2,
  "అతిచెడ్డది": -2,
  "అతిజాగ్రత్త": -2,
  "అతివాద": -2,
  "అతిశయంగాచెప్పు": -2,
  "అతిశయమైన": 4,
  "అతిశయోక్తి": -2,
  "అతుకులు": 2,
  "అత్యల్ప": -1,
  "అత్యవసర": -2,
  "అత్యాచారం": -3,
  "అత్యాశకరమైన": -2,
  "అత్యుత్తమ": 3,
  "అత్యుత్సాహముగల": 2,
  "అదరగొట్టు": 3,
  "అదుపులోకి": -2,
  "అదృశ్యమవడం": -1,
  "అదృశ్యమవుతుంది": -1,
  "అదృశ్యమైన": -1,
  "అదృష్ట": 3,
  "అదృష్టం": 3,
  "అదృష్టము": -2,
  "అదృష్టవశాత్తూ": 3,
  "అద్భుతం": 4,
  "అద్భుతంగా": 4,
  "అద్భుతమైన": 5,
  "అద్భుతాలను": 3,
  "అధిక బరువు": -1,
  "అధికం": -2,
  "అధికారం": 1,
  "అధునాతన": 2,
  "అధోకరణం": -2,
  "అధ్బుతమైన": 3,
  "అధ్వాన్నంగా": -3,
  "అననుకూల": -2,
  "అనర్హుడిగా": -2,
  "అనర్హులైన": -2,
  "అనాగరిక": -2,
  "అనామిక": -1,
  "అనారోగ్య": -2,
  "అనారోగ్యం": -2,
  "అనారోగ్యంతో": -2,
  "అనారోగ్యమైన": -2,
  "అనిశ్చిత": -1,
  "అను": -2,
  "అనుకరిస్తుంది": -2,
  "అనుకుంటున్నారా": 1,
  "అనుకూల": 2,
  "అనుకూలంగా": 2,
  "అనుకూలతలు": 2,
  "అనుకూలమైన": 2,
  "అనుకోకుండా": -2,
  "అనుమతి": 2,
  "అనుమతి పొందని": -2,
  "అనుమతిస్తాయి": 1,
  "అనుమానమేమీ": -1,
  "అనుమానాలు": -1,
  "అనుమానాస్పద": -2,
  "అనుమానించడం": -1,
  "అనుమానించబడింది": -1,
  "అనుమానిత": -1,
  "అనుమానితుడు": -1,
  "అనుమానితులను": -1,
  "అనూహ్యమైన": -3,
  "అనైతిక": -2,
  "అన్నదమ్ముల": 2,
  "అన్నెసయ్": -3,
  "అన్యాయ": -2,
  "అన్యాయం": -2,
  "అన్యాయముగా": -3,
  "అన్యాయాన్ని": -2,
  "అన్వేషణకు": 1,
  "అన్వేషణలు": 1,
  "అన్స్టాపబుల్": 2,
  "అపజయం": -2,
  "అపనమ్మకం": -2,
  "అపరాధం": -3,
  "అపరాధాలు": -2,
  "అపసవ్యంగా": -2,
  "అపహరణ": -2,
  "అపహరణాలు": -2,
  "అపహరించి": -2,
  "అపహాస్యం": -2,
  "అపహాస్యం చేశాడు": -2,
  "అపారమయిన": -2,
  "అపార్ధం": -2,
  "అప్ లిఫ్టింగ్": 2,
  "అప్ సమస్యను": -2,
  "అప్పగించారు": 2,
  "అప్రతిష్ట": -2,
  "అప్రమత్తంగా": 3,
  "అప్రమత్తమైన": -2,
  "అప్రయత్నంగా": 2,
  "అబద్దం": -2,
  "అబద్ధాల": -3,
  "అబ్సేన్టీస్": -1,
  "అభినందన": 2,
  "అభినందనలు": 2,
  "అభినందించడానికి": 1,
  "అభినందించి": 2,
  "అభినందించేందుకు": 2,
  "అభినందిస్తున్నాము": 2,
  "అభిమానంతో": 3,
  "అభిమానానికి": 2,
  "అభిమాని": 3,
  "అభిమానులు": 2,
  "అభిరుచి": 1,
  "అభిరుచులు": 1,
  "అభివృద్ధి": 2,
  "అభివృద్ధిలేకపోవడం": -2,
  "అభిశంసన": -3,
  "అమర": 2,
  "అమానవీయ": -2,
  "అమానుష": -2,
  "అమానుషమైన": -2,
  "అమాయక": -2,
  "అమాయకులకు": -2,
  "అమితమైన ఆగ్రహం": -2,
  "అమ్మబడినదని": -2,
  "అమ్ముడుపోని": -1,
  "అయ్యో": -1,
  "అరిచి": -2,
  "అరిష్ట": 3,
  "అరుపులతో": -1,
  "అరెస్టు": -2,
  "అరెస్టులు": -2,
  "అర్థమయ్యింది": -3,
  "అర్థరహితమని": -2,
  "అర్ధం": -2,
  "అర్ధంలేని": -2,
  "అర్ధవంతమైన": 2,
  "అలక్ష్యం": -2,
  "అలభ్యత": -2,
  "అలసట": -2,
  "అలసత్వము": -2,
  "అలసిన": -2,
  "అలసిపోయి": -2,
  "అలసిపోయిన": -3,
  "అలాంటిదే": 0,
  "అలారం": -2,
  "అలెర్జీ": -2,
  "అలౌకిక": -2,
  "అల్లరి": -1,
  "అల్లరిగా": 2,
  "అల్లర్లు": -2,
  "అవకతవకలు": -1,
  "అవకాశం": 2,
  "అవకాశాలు": 2,
  "అవమానం": -2,
  "అవమానకర": -2,
  "అవమానకరమైన": -2,
  "అవమానాన్ని": -2,
  "అవమానాలకి": -2,
  "అవమానాలు": -3,
  "అవమానించాడని": -2,
  "అవమానించిన": -2,
  "అవమానించినందుకు": -2,
  "అవరోధం": -2,
  "అవరోధంగా": -2,
  "అవరోధాలు": -2,
  "అవశ్యకమైన": 2,
  "అవసరం లేదు": -1,
  "అవహేళన": -2,
  "అవహేళనగా": -2,
  "అవాంఛనీయ": -2,
  "అవాంఛిత": -2,
  "అవాంతర": -2,
  "అవార్డు": 3,
  "అవార్డులు": 3,
  "అవాస్తవ": -2,
  "అవాస్తవంగా": -2,
  "అవినీతి": -3,
  "అవినీతిపరులు": -3,
  "అవివేకము": -2,
  "అవివేకి": -2,
  "అవిశ్వాసి": -1,
  "అవును": 1,
  "అవెంజేడ్": -2,
  "అశాస్త్రీయంగా": -2,
  "అశ్రద్ధ": -2,
  "అశ్లీల": -2,
  "అసంతృప్త": -2,
  "అసంతృప్తి": -2,
  "అసంతృప్తిని": -2,
  "అసంపూర్ణ": -2,
  "అసంపూర్తిగా": -1,
  "అసంబద్ధం": -3,
  "అసంబద్ధమయిన": -2,
  "అసత్య": -2,
  "అసభ్య": -2,
  "అసమర్థ": -2,
  "అసమర్థంగా": -2,
  "అసమర్థత": -2,
  "అసమర్థతపై": -2,
  "అసమర్థుడని": -2,
  "అసమర్థులు": -2,
  "అసమర్ధత": -2,
  "అసమర్ధమైన": -2,
  "అసమాన": -1,
  "అసమానమైన": 2,
  "అసమ్మతత్వము": -2,
  "అసమ్మతి": -2,
  "అసమ్మతిని": -2,
  "అసహజ": -2,
  "అసహజంగా": -2,
  "అసహనం": -2,
  "అసహనానికి": -2,
  "అసహాయపడు": -3,
  "అసహ్యం పొందిన": -1,
  "అసహ్యకరంగా": -3,
  "అసహ్యకరమైన": -2,
  "అసహ్యము": -3,
  "అసహ్యమైన": -3,
  "అసహ్యించుకుంటూ": -3,
  "అసహ్యించుకునే": -3,
  "అసహ్యించుకునేవాడు": -3,
  "అసహ్యించుకున్న": -3,
  "అసహ్యించుకొను": -3,
  "అసాధారణ": 5,
  "అసురక్షిత": -2,
  "అసూయ": -1,
  "అసూయపడే": -2,
  "అసౌకర్యం": -2,
  "అసౌకర్యంగా": -2,
  "అసౌకర్యానికి": -2,
  "అస్తవ్యస్తమైన": -2,
  "అస్థిర": -2,
  "అస్పష్టంగా": -1,
  "అస్పష్టమైన": -2,
  "ఆ తరువాత వచ్చిన": 3,
  "ఆందోళన": -2,
  "ఆందోళనలకు": -3,
  "ఆందోళనలతోపాటు": -3,
  "ఆకట్టుకునే": 3,
  "ఆకట్టుకున్నాయి": 3,
  "ఆకట్టుకోవడానికి": 3,
  "ఆకర్షణ": 3,
  "ఆకర్షణకు": 2,
  "ఆకర్షణలు": 2,
  "ఆకర్షణీయ": 3,
  "ఆకర్షణీయం": 2,
  "ఆకర్షణీయంగా": 2,
  "ఆకర్షణీయమైన": 2,
  "ఆకర్షించడానికి": 1,
  "ఆకర్షించలేదు": 3,
  "ఆకర్షించాడు": -1,
  "ఆకర్షించాయి": 3,
  "ఆకర్షించింది": 1,
  "ఆకర్షించిన": 3,
  "ఆకర్షించే": 3,
  "ఆకర్షిస్తుంది": 1,
  "ఆకర్షిస్తున్న": 2,
  "ఆకలి": -2,
  "ఆకలితో": -2,
  "ఆకుపచ్చ వాషింగ్": -3,
  "ఆకుపచ్చ వాష్": -3,
  "ఆక్రమణల": -2,
  "ఆక్రమించుకున్నారు": -2,
  "ఆగారు": -1,
  "ఆగిపోయింది": -1,
  "ఆగిపోయిన": -1,
  "ఆగ్రహం": -2,
  "ఆగ్రహంతో": -2,
  "ఆగ్రహానికి": -3,
  "ఆగ్రహించిన": -2,
  "ఆట మారుతున్న": 3,
  "ఆటంక": -2,
  "ఆటంకం": -2,
  "ఆటంకములతో": -2,
  "ఆటపట్టించే": 2,
  "ఆడునట్టి": -2,
  "ఆత్మ": 1,
  "ఆత్మవిశ్వాసం": -5,
  "ఆత్మవిశ్వాసంతో": 2,
  "ఆత్మసంతృప్తి": -2,
  "ఆత్మహత్య": 1,
  "ఆత్మహత్యలు": -2,
  "ఆత్మాహుతి": -2,
  "ఆత్రంగా": 2,
  "ఆత్రుత": -2,
  "ఆత్రుతలో": 1,
  "ఆదుకోవాల్సిన": -2,
  "ఆధారపడే": 2,
  "ఆధునిక": 1,
  "ఆధునీకరణ": 2,
  "ఆధునీకరించింది": 2,
  "ఆనందం": 3,
  "ఆనందంగా": 3,
  "ఆనందంతో": 3,
  "ఆనందకరమైన": 3,
  "ఆనందపరిచింది": 3,
  "ఆనందపరుస్తోంది": 3,
  "ఆనందించండి": 2,
  "ఆనందించారు": 2,
  "ఆనందించే": 2,
  "ఆనందిస్తాడు": 2,
  "ఆనందోత్సాహాలతో కూడిన": 3,
  "ఆపటం": -1,
  "ఆపడానికి": -1,
  "ఆపింది": -2,
  "ఆఫ్లైన్": -1,
  "ఆభరణాలను": 1,
  "ఆభరణాలు": 1,
  "ఆమోదం": 2,
  "ఆమోదనీయం": -2,
  "ఆమోదయోగ్యమైన": 1,
  "ఆమోదించక": -2,
  "ఆమోదించబడిన": 1,
  "ఆమోదించలేదు": -2,
  "ఆమోదించాయి": 2,
  "ఆమోదింపబడిన": 2,
  "ఆమోదిస్తుంది": 2,
  "ఆయాసకరమైన": -2,
  "ఆరాధన": 3,
  "ఆరాధించు": 3,
  "ఆరాధిస్తాను": 3,
  "ఆరాధ్యుడైన": 3,
  "ఆరోగ్యంగా": 2,
  "ఆరోపణ": -2,
  "ఆరోపణలను": -2,
  "ఆరోపణలు": -2,
  "ఆర్స్హోల్": -4,
  "ఆలస్యం": -1,
  "ఆలింగనం": 1,
  "ఆలోచన లేని": -2,
  "ఆవిష్కరణ": 1,
  "ఆవేదన": -3,
  "ఆవేశం": -3,
  "ఆవేశంతో": -2,
  "ఆశతో": 2,
  "ఆశలు": 2,
  "ఆశాజనక": 2,
  "ఆశాజనకంగా": 2,
  "ఆశావాద": 2,
  "ఆశావాదంతో": 2,
  "ఆశించింది": 1,
  "ఆశించిన ఫలం": -2,
  "ఆశిస్తున్నాము": 2,
  "ఆశీర్వదించును": 2,
  "ఆశ్చర్యపరచు": 2,
  "ఆశ్చర్యపోయాడు": 2,
  "ఆశ్చర్యపోయానని": -2,
  "ఆశ్చర్యపోయారు": 5,
  "ఆశ్చర్యపోయిన": 2,
  "ఆశ్చర్యమైన": -2,
  "ఆసక్తి": 2,
  "ఆసక్తికరమైన": 2,
  "ఆసక్తిగల": 2,
  "ఆసుపత్రి": -2,
  "ఆస్తి": 2,
  "ఆస్తులు": 2,
  "ఆహ్లాదకరమైన": 3,
  "ఆహ్వానించండి": 1,
  "ఆహ్వానించకుండా": 1,
  "ఇంటి ధ్యాస": -2,
  "ఇండ్లలో": -1,
  "ఇంఫెస్తేడ్": -2,
  "ఇడియట్": -3,
  "ఇతనికి": -1,
  "ఇన్ మెమోరియం": -2,
  "ఇన్విన్సిబుల్": 2,
  "ఇబ్బంది": -2,
  "ఇబ్బంది పెట్టాడు": -4,
  "ఇబ్బందికర": -2,
  "ఇబ్బందికరమైన": -2,
  "ఇరుక్కొనిపోయింది": -2,
  "ఇవే": 3,
  "ఇష్టం": 2,
  "ఇష్టంలేని": -3,
  "ఇష్టపడలేదు": -2,
  "ఇష్టపడే": 2,
  "ఇష్టపడ్డారు": 2,
  "ఇష్టపర్చబడ్డారు": 2,
  "ఇష్టమైన": 2,
  "ఈర్ష్య": -2,
  "ఉక్కిరిబిక్కిరి": -2,
  "ఉచిత": 1,
  "ఉచ్చు": -1,
  "ఉచ్చులు": -1,
  "ఉడుంపట్టులను": -2,
  "ఉడుపులు": -2,
  "ఉత్కంఠభరితమైన": 5,
  "ఉత్తమ": 3,
  "ఉత్తమ తిట్టు": 4,
  "ఉత్తమమైనది": 2,
  "ఉత్తేజకరమైన": 3,
  "ఉత్తేజపరిచే": 2,
  "ఉత్తేజపరిచేది": 2,
  "ఉత్తేజపర్చడానికి": 3,
  "ఉత్సాహం": 3,
  "ఉత్సాహంగా": 2,
  "ఉత్సాహంతో": 4,
  "ఉత్సాహపూరిత": 2,
  "ఉత్సాహపూరితమైన": 3,
  "ఉత్సాహభరితంగా": 3,
  "ఉత్సాహరహిత": -2,
  "ఉత్సాహవంతుడని": 3,
  "ఉత్సాహవంతులైన": 2,
  "ఉదారంగా": 2,
  "ఉదాసీనత": -2,
  "ఉద్దీపన": 1,
  "ఉద్దేశిస్తూ": -2,
  "ఉద్దేశ్య": 2,
  "ఉద్రిక్తత": -1,
  "ఉద్రేకపూరిత": -2,
  "ఉన్నత": 2,
  "ఉన్నప్పటికీ బలాత్కారం": -4,
  "ఉపదేశాలను": -2,
  "ఉపయోగం": -2,
  "ఉపయోగకరమైన": 2,
  "ఉపయోగపడిందా": 2,
  "ఉపయోగార్థాన్ని": 2,
  "ఉపయోగించుకోలేకపోయిన": -2,
  "ఉపశమనం": 3,
  "ఉపశమనానికి": 3,
  "ఉపసంహరణ": -3,
  "ఉప్పొంగింది": 4,
  "ఉప్పొంగే": 3,
  "ఉల్లంఘన": -2,
  "ఉల్లంఘనల": -2,
  "ఉల్లంఘనలకు": -2,
  "ఉల్లంఘించడం": -2,
  "ఉల్లంఘించిన": -2,
  "ఉల్లంఘించినందుకు": -2,
  "ఉల్లంఘించినట్లు": -2,
  "ఉల్లంఘించే": -2,
  "ఉల్లసించిన": 3,
  "ఉల్లాస": 3,
  "ఉల్లాసం": 3,
  "ఉల్లాసంగా": 2,
  "ఉల్లాసకరమైన": 3,
  "ఉల్లాసభరితమైన": 1,
  "ఉల్లాసమైన": 2,
  "ఊపిరి": -2,
  "ఊహా": 2,
  "ఊహించి": 1,
  "ఎంచిన": 2,
  "ఎండార్స్మెంట్": 2,
  "ఎంతో": -2,
  "ఎంపిక చేసిన": 1,
  "ఎక్కువ": 3,
  "ఎక్స్టాటిక్": 4,
  "ఎడబాటుకు గురైనవారిని": -2,
  "ఎదురుచూస్తున్న": -1,
  "ఎదురులేని": 2,
  "ఎదుర్కొంటున్నారని": -2,
  "ఎనేబుల్ మద్దతు": -1,
  "ఎర్రబడిన": -2,
  "ఎవెంజర్స్": -2,
  "ఎస్కేప్": -1,
  "ఏ": -1,
  "ఏ వినోదంగా": -3,
  "ఏకరీతి": -1,
  "ఏకీకృత": 1,
  "ఏడుపు": -2,
  "ఏడుస్తుంది": -2,
  "ఏడుస్తూ": -2,
  "ఏప్షిట్": -3,
  "ఏమరించు": -2,
  "ఏమారిన": -2,
  "ఏమీ అనలేదు": -2,
  "ఐడియా": -1,
  "ఒంటరి": -2,
  "ఒంటరిగా": -2,
  "ఒంటి": -4,
  "ఒక బిచ్ కుమారుడు ఆఫ్": -5,
  "ఒక రకంగా": 0,
  "ఒట్టు": -3,
  "ఒత్తిడి": 1,
  "ఒత్తిళ్లు": -2,
  "ఒప్పందం": 1,
  "ఒప్పించింది": 1,
  "ఒప్పించేందుకు": 1,
  "ఒప్పుకుంటే": -1,
  "ఒప్పుకున్నాడు": -1,
  "ఒప్పుకోలేదు": -1,
  "ఒప్రెషన్స్": -2,
  "ఓజస్సును": 3,
  "ఓటమి": -2,
  "ఓడించారు": -2,
  "ఓడిపోయిన": -3,
  "ఓదార్చుటకును": -2,
  "ఓదార్పు": 3,
  "ఓవర్లోడ్": -1,
  "ఓవర్స్టేట్మెంట్స్ను": -2,
  "ఔట్రీచ్": 2,
  "ఔత్సాహిక": 1,
  "ఔదార్యం": -2,
  "కంగారు": -2,
  "కంట్": -5,
  "కండెమ్న్స్": -2,
  "కంపు": -2,
  "కంపుకొట్టే": -2,
  "కట్": -1,
  "కట్టింగ్": -1,
  "కఠినంగా": -2,
  "కఠినమైన": 3,
  "కణితి": -2,
  "కత్తిపోటు": -2,
  "కత్తిపోటుకు గురై": -2,
  "కథగా": 4,
  "కదులుతోంది": -2,
  "కనికరంలేని": -1,
  "కన్నీళ్లు": -2,
  "కపట": -2,
  "కపటము": -3,
  "కమిట్": 1,
  "కరణీయ": -1,
  "కరమైన": 3,
  "కరవడం": -2,
  "కరుకుగా": -2,
  "కరుణ": 2,
  "కరువు": -2,
  "కలత": -2,
  "కలలు": 1,
  "కలవరపడ్డాడు": -2,
  "కలుషిత": -2,
  "కలుషితం": -2,
  "కలుషితాల": -2,
  "కలుషితాలు": -2,
  "కల్పనాశక్తి": -2,
  "కళంకిత": -2,
  "కళాఖండాలుగా": 4,
  "కష్టం": -1,
  "కష్టాలలో": -2,
  "కష్టాలు": -2,
  "కాంటజియన్స్": -2,
  "కాక్సక్కర్": -5,
  "కాటరాక్స్": 4,
  "కాని ఆమోదం": -2,
  "కానీ పట్టించుకోవు": -2,
  "కాన్సర్": -1,
  "కారుణ్య": 2,
  "కాలం": -2,
  "కాలుష్యం": -2,
  "కాలుష్యకారకాలు": -2,
  "కాల్పుల్లో": -2,
  "కావలసిన": 2,
  "కావలసినంత": -2,
  "కావాలని": 1,
  "కావాల్సిన": 2,
  "కావొచ్చు": -2,
  "కిండర్": 2,
  "కిటికీలు ఇబ్బందికరంగా": -2,
  "కిడ్నాపులు": -2,
  "కిడ్నాప్": -2,
  "కిరాతక": -3,
  "కీడు": -2,
  "కీన్": 1,
  "కీర్తి": 2,
  "కుంభకోణం": -2,
  "కుట్ర": 1,
  "కుడి దిశలో": 3,
  "కుదుపు": -3,
  "కుప్ప": -2,
  "కుళ్ళిన": -3,
  "కుహనా": -2,
  "కూలిపోయింది": -2,
  "కూలిపోవడం": -2,
  "కూల్ స్టఫ్": 3,
  "కృతజ్ఞత": 3,
  "కృప": 3,
  "కేకలు": -2,
  "కొంత అనిశ్చిత": -2,
  "కొట్టిపారేసిన": -2,
  "కొట్టుకొని": -1,
  "కొన్ని": 1,
  "కొరత": -2,
  "కోతలు": -1,
  "కోపం": -2,
  "కోపం తెప్పించేది": -2,
  "కోపం తెప్పిస్తుంది": -2,
  "కోపంగా": -3,
  "కోపంగా ఉన్న": -1,
  "కోపంతో": -3,
  "కోపగించుకున్నాడు": -2,
  "కోపము": -2,
  "కోపానికి": -2,
  "కోపాన్ని తెప్పించింది": -2,
  "కోరింది": -2,
  "కోరిక": 2,
  "కోరికతో": -1,
  "కోలుకోలేని": -2,
  "కోల్పోయిన": -3,
  "కౌగిలింత": 2,
  "కౌగిలింతల": 2,
  "క్యాష్": -2,
  "క్రాష్": -2,
  "క్రియాశీల": 1,
  "క్రీడల్లో అవకాశాలు": 2,
  "క్రుంగిపోతాడు": -2,
  "క్రుళ్ళిన": -2,
  "క్రూరంగా": -2,
  "క్రూరత్వం": -3,
  "క్రూరమైన": -3,
  "క్రై": -1,
  "క్రైడ్": -2,
  "క్రేజీ": -2,
  "క్లాష్": -2,
  "క్లాస్సి": 3,
  "క్లియర్": 1,
  "క్లీనర్": 2,
  "క్లీన్చిట్ ఇచ్చింది": 2,
  "క్లూలెస్": -2,
  "క్షమా": 1,
  "క్షమాపణ": -1,
  "క్షమాపణ కోరడం": -1,
  "క్షమాపణలు": -1,
  "క్షమాపణలు కోరిన": -1,
  "క్షమాభిక్ష": 2,
  "క్షమార్హం": -3,
  "క్షమించండి": -1,
  "క్షమించరానిదని": -3,
  "క్షమించాడు": 2,
  "క్షమించి": 1,
  "క్షమిస్తాడు": 2,
  "క్షమిస్తున్నట్లు": 2,
  "క్షీణించటం": -2,
  "క్షీణించింది": -2,
  "ఖండించడం": -2,
  "ఖండించాయి": -2,
  "ఖండించారు": -2,
  "ఖండించింది": -2,
  "ఖండించు": -2,
  "ఖరీదైన": -2,
  "ఖాళీ": -1,
  "ఖాళీగా": -1,
  "ఖైదీ": -2,
  "ఖైదీలను": -2,
  "ఖైదు": -2,
  "గండికొట్టింది": -2,
  "గందరగోళ": -2,
  "గందరగోళం": -2,
  "గందరగోళంగా": -2,
  "గందరగోళంలో": -2,
  "గందరగోళాన్ని": -1,
  "గంభీరమైన": -1,
  "గగుర్పొడిచే": 3,
  "గట్టిగా": -1,
  "గడుసైన": -2,
  "గణనీయంగా": 1,
  "గణనీయమైన": 1,
  "గమనించదగ్గ": 2,
  "గరిమెళ్ళ": 4,
  "గర్వంగా": 3,
  "గలదా": 2,
  "గాడిద": -4,
  "గాడ్డామ్": -3,
  "గాన విశేషాలను": 3,
  "గాభరాపెట్టు": -3,
  "గాయం": -2,
  "గాయపడిన": -2,
  "గాయాలు": -2,
  "గింజలు": -3,
  "గిఫ్ట్": 2,
  "గుత్తాధిపత్యం": -2,
  "గుత్తేదారు": -2,
  "గుద్దు": -1,
  "గుద్దుకునే": -1,
  "గురవుతాయి": -2,
  "గుర్తించదగిన": 2,
  "గుర్తింపు": 2,
  "గూఫీ": -2,
  "గెలిచింది": 3,
  "గెలిచిన": 4,
  "గేలిచేస్తాడు": -2,
  "గొంతు": -1,
  "గొంతునులిమి": -2,
  "గొడవలు": -3,
  "గొడ్డలి": -1,
  "గొప్ప": 3,
  "గొప్పగా చెప్పుకోవడం": -2,
  "గౌరవం": 2,
  "గౌరవనీయమైన": 2,
  "గౌరవించడం": 2,
  "గౌరవించే": 2,
  "గ్రాండ్": 3,
  "గ్రీటింగ్": 1,
  "గ్రీన్వాషింగ్": -3,
  "గ్లామరస్": 3,
  "ఘన": 2,
  "ఘనంగా": 2,
  "ఘనముగా": 3,
  "ఘనమైన": 4,
  "ఘనీభవించడంతోపాటు": 2,
  "ఘాటైన": -2,
  "ఘోరంగా": -3,
  "ఘోరమైన": -3,
  "చంపడానికి": -3,
  "చక్కటి ఆహార్యం": 2,
  "చట్టపరమైన": 1,
  "చట్టబద్ధంగా": 1,
  "చట్టవిరుద్ధంగా": -3,
  "చనిపోయిన": -3,
  "చనిపోయే": -3,
  "చప్పట్లు కొట్టిన": 2,
  "చర్మము": -1,
  "చల్లని": 1,
  "చాకిరీ": -2,
  "చింతించారు": -2,
  "చింతిస్తున్నాము": -2,
  "చింతిస్తూ": -3,
  "చికాకుపరచు": -3,
  "చిక్": 2,
  "చిక్కుకున్న": -2,
  "చితికి": -3,
  "చిత్రహింసలు": -4,
  "చిన్నచూపు": -1,
  "చిన్నబుచ్చుకొన్న": -2,
  "చిరస్మరణీయ": 1,
  "చిరాకు": -3,
  "చిరిగిన": -2,
  "చీకటి": -1,
  "చీకటిని": -1,
  "చీకూచింతాలేని": 2,
  "చీటింగ్": -3,
  "చీట్స్": -3,
  "చీర్స్": 2,
  "చీవాట్లు": -2,
  "చురుకుదనాన్ని": -2,
  "చురుకైన": 2,
  "చులకన": -2,
  "చూడటం": 1,
  "చూడముచ్చటగా": 3,
  "చూపుతున్నది": -2,
  "చూర్ణం": -2,
  "చెక్కుచెదరకుండా": 2,
  "చెడగొట్టే": -3,
  "చెడిన": -3,
  "చెడిపోయిన": -2,
  "చెడు": -2,
  "చెడుపు": -2,
  "చెడ్డ": -2,
  "చైతన్యపరచటంలో": 1,
  "చెత్త": -1,
  "చెదిరిన": -2,
  "చెప్పుకోదగిన": 2,
  "చెరుపు": -3,
  "చెల్లించాల్సి": -1,
  "చెల్లుబాటు": 1,
  "చేదు": -2,
  "చేరడానికి": 1,
  "చేరుకుంది": 1,
  "చేరుకోవడానికి": 1,
  "చేరే": 1,
  "చేసుకుంటాడు": 1,
  "చొరబడిన": -2,
  "చౌకబారు": -2,
  "చౌక్": -2,
  "ఛాంపియన్": 2,
  "ఛాంపియన్స్": 2,
  "ఛేదిస్తాడు": 1,
  "జటిలమైన": 2,
  "జడత్వం": -3,
  "జన సమూహం": -1,
  "జప్తు": -2,
  "జప్తులు": -2,
  "జరగ": -2,
  "జరగబోయే": -2,
  "జరిమానా": 2,
  "జరిమానా విధించడం": -2,
  "జరిమానా విధిస్తారు": -2,
  "జరిమానాలు": -2,
  "జరుపుకుంటారు": 3,
  "జరుపుతున్నారు": -1,
  "జరుపుతోంది": 3,
  "జలేశ్వర్": -2,
  "జాకస్": -4,
  "జాగాలోకి": -2,
  "జాగ్రత్తగా": 2,
  "జాత్యహంకార": -3,
  "జాత్యహంకారం": -3,
  "జాలి": -2,
  "జిత్తుల": -2,
  "జీవించివున్న": 2,
  "జీవితకాలంలో ఒకసారి": 3,
  "జైలు": -2,
  "జైలు శిక్ష": -2,
  "జోకులు": 2,
  "జోక్": 2,
  "జ్ఞానం": 1,
  "జ్ఞానోదయం": 2,
  "జ్వరం": -2,
  "టాప్": 2,
  "టాప్స్": 2,
  "టిట్స్": -2,
  "టెండర్": 2,
  "టైరన్": -3,
  "టెర్రర్": -3,
  "ట్రస్ట్": 1,
  "ట్రోల్": -2,
  "ట్వాట్": -5,
  "డంపుల": -1,
  "డంప్": -1,
  "డామిట్": -4,
  "డిక్": -4,
  "డిజ్జి": -1,
  "డిఫెండర్": 2,
  "డిమాండ్": -1,
  "డిమాండ్లు": -1,
  "డిలైట్స్": 3,
  "డిస్టర్బ్": -2,
  "డిస్రప్ట్స్": -2,
  "డూమ్": -2,
  "డూష్బ్యాగ్": -3,
  "డెనియర్లలో": -2,
  "డైమండ్": 1,
  "డైర్": -3,
  "డేర్డెవిల్": 2,
  "డోనెర్": -2,
  "డౌచ్": -3,
  "డౌన్హార్టెడ్": -2,
  "డ్రాగ్": -1,
  "డ్రాప్": -1,
  "తక్కువ అంచనా": -1,
  "తక్కువగా అంచనా": -1,
  "తక్షణ": -1,
  "తగాదా పడిన": -2,
  "తగిన": 2,
  "తగినన్ని": -2,
  "తగ్గించడం": -2,
  "తగ్గించినందుకు": -2,
  "తగ్గిపోతోంది": -2,
  "తగ్గిస్తుంది:": 1,
  "తగ్గుతుంది": -2,
  "తగ్గుదల నమోదయింది": -2,
  "తనకు": 2,
  "తనపై దౌర్జన్యం": -2,
  "తప్పనిసరి": -1,
  "తప్పించడానికి": -1,
  "తప్పించింది": -1,
  "తప్పించుకుంటాడు": -1,
  "తప్పిన": -2,
  "తప్పిపోయిన": -2,
  "తప్పు": -2,
  "తప్పు చెయ్యడం": -3,
  "తప్పు దారి": -3,
  "తప్పు స్థానంలో": -2,
  "తప్పుగా": -2,
  "తప్పుగా అర్థం": -2,
  "తప్పుగా అర్థం చేసుకున్నారు": -2,
  "తప్పుగా ప్రవర్తించినట్లయితే": -2,
  "తప్పుగా ప్రవర్తించినప్పుడు": -2,
  "తప్పుడు": -1,
  "తప్పుడు ఉపయోగాలు": -2,
  "తప్పుడు బ్రాండింగ్": -3,
  "తప్పుదారి": -3,
  "తప్పుదోవ": -1,
  "తప్పులు": -2,
  "తమను మెచ్చుకోలేదని": -2,
  "తయారు": 1,
  "తరంగాలను": 2,
  "తరలించారు": -1,
  "తరలింపు": -1,
  "తరువాత": -2,
  "తల తిరుగుతున్నట్లు": -2,
  "తలనొప్పి": -2,
  "తాగిఉండు": 2,
  "తాగిన": -2,
  "తాగినందు చేత ముఖము ఎర్రగా వుండే": -2,
  "తాజా": 1,
  "తాయారు చేయబడింది": -1,
  "తారుమారు": -1,
  "తిట్టు": -2,
  "తిట్టు అందమైన": 3,
  "తినేసాడు": -2,
  "తిప్పికొట్టడం": -1,
  "తిప్పికొట్టారు": -2,
  "తిప్పుకొన్న": -1,
  "తియ్యగా": 3,
  "తిరస్కరణ": -2,
  "తిరస్కరించడం": -1,
  "తిరస్కరించవచ్చు": -2,
  "తిరస్కరించారు": -1,
  "తిరస్కరించాలి": -1,
  "తిరస్కరించి": -2,
  "తిరస్కరించువాడు": -2,
  "తిరస్కరిస్తుంది": -1,
  "తిరస్కారభావంతో": -2,
  "తిరస్కారాలు": -2,
  "తిరుగుబాటు": -2,
  "తిరుగుబాటుదారులు": -2,
  "తిరోగమనం": -1,
  "తీక్ష్ణమైన": 2,
  "తీపి": 2,
  "తీరాన్ని": -2,
  "తీర్చుకొని": -2,
  "తీర్చే": 2,
  "తీర్పు": -1,
  "తీర్పులు": -1,
  "తీర్మానించని": -1,
  "తీవ్ర": 1,
  "తీవ్రంగా": -2,
  "తీవ్రంగా మందలించు": -2,
  "తీవ్రతరం": -2,
  "తీవ్రమైన": -2,
  "తీవ్రమైన మోహాన్ని": 2,
  "తీవ్రవాద": -2,
  "తీవ్రవాదుల": -2,
  "తీవ్రవాదులు": -2,
  "తుడుచు": -2,
  "తుపాకీ": -1,
  "తుమ్ము": -2,
  "తుమ్ములు": -2,
  "తుళ్లే": 2,
  "తృప్తి": 2,
  "తెగించిన": -3,
  "తెగింపు": 2,
  "తెగుళ్ళు": -3,
  "తెలియజేయాల్సిన": 1,
  "తెలియదు": -2,
  "తెలివిగల": 2,
  "తెలివిగా": 2,
  "తెలివితేటలు": 2,
  "తెలివైన": 4,
  "తేజము": 3,
  "తేజస్సు": 2,
  "తేరుకుంటుంది": 2,
  "తేరుకున్న": 2,
  "తేలి": 2,
  "తేలింది": -2,
  "తేలికగా చూసి": -2,
  "తొందరతో": -2,
  "తొక్కిసలాట": -2,
  "తొడుగు": -4,
  "తొలగించటం": -1,
  "తొలగించటానికి": -2,
  "తొలగించారు": -2,
  "తొలగింపును": -1,
  "తొలగిస్తుంది": -1,
  "తోసిపుచ్చారు": -2,
  "థేమటె": -2,
  "దండించెను": -3,
  "దండించే": -3,
  "దంతాలులేని": -2,
  "దగాకోరులుగా": -3,
  "దత్తత": 1,
  "దద్దుర్లు": -2,
  "దయ": 2,
  "దయచేసి": 1,
  "దయతో": 3,
  "దర్శనములు": 1,
  "దళారి వ్యాపారం": -2,
  "దాచడం": -1,
  "దాచడానికి": -1,
  "దాచిపెట్టాడు": -1,
  "దాచిపెట్టు": -1,
  "దాడి": -1,
  "దాడిని": -2,
  "దాడులు": -1,
  "దాతృత్వం": 2,
  "దాతృత్వముగా": 2,
  "దానం": 2,
  "దాన్నే పెంచుతున్నప్పుడు": -2,
  "దారుణం": -3,
  "దారుణమైన": -3,
  "దావా": -2,
  "దావా వేసారు": -2,
  "దిక్కుతోచక యున్న": -2,
  "దిక్కులేకుండా": -2,
  "దిగజారాయి": -3,
  "దిగజారిన": -2,
  "దిగజారుతున్న": -2,
  "దిగులు": -2,
  "దిగులుగా": -2,
  "దిగులుగా ఉన్న": -1,
  "దిగులుపడ్డాడు": -2,
  "దిగ్బంధనం": -2,
  "దిగ్భ్రమపరిచింది": 3,
  "దిగ్భ్రాంతిని": -2,
  "దివాలా": -2,
  "దివాళా": -3,
  "దీనితో": -2,
  "దీవించి": 2,
  "దీవెనలు": 3,
  "దుకాణము": -2,
  "దుడుకు": -2,
  "దుమ్ము": -2,
  "దురద": -2,
  "దురదృష్టం": -2,
  "దురదృష్టకరమైన": -2,
  "దురహంకారం": -2,
  "దురాగతాన్ని": -3,
  "దురాశ": -3,
  "దుర్గంధంతో": -2,
  "దుర్బల": -2,
  "దుర్బలమైన": -2,
  "దుర్భాషలాడటం": -3,
  "దుర్భేద్యంగా": 2,
  "దుర్వినియోగం": -2,
  "దుర్వినియోగమైన": -2,
  "దుష్ట": -3,
  "దుష్ప్రభావాన్ని": -2,
  "దుష్ప్రభావాలు": -2,
  "దుష్ప్రవర్తన": -2,
  "దుస్తులు వేసుకున్న": -2,
  "దూకుడు": -2,
  "దూరమైంది": -2,
  "దూసుకొస్తున్న": -1,
  "దృష్టి": 2,
  "దృష్టి మరల్చడం": -2,
  "దెబ్బతిన్న": -2,
  "దెబ్బతీయకుండా": -2,
  "దెయ్యం": -1,
  "దేవుడు": 1,
  "దేశద్రోహం": -2,
  "దేశద్రోహంగా": -3,
  "దేశమునుండి": -2,
  "దొంగ": -2,
  "దొంగతనం": -2,
  "దొంగిలించడం": -2,
  "దొంగిలించారు": -2,
  "దోచుకుంటున్నారని": -2,
  "దోచుకున్న": -2,
  "దోపిడీ": -2,
  "దోపిడీకి": -2,
  "దోపిడీలు": -2,
  "దోషం": -2,
  "దోషపూరిత": -3,
  "దోషపూరితంగా": 2,
  "దోషములన్నిటిని": -2,
  "దోషిగా": -2,
  "దౌర్జన్యం": -3,
  "దౌర్జన్యాలు": -2,
  "ద్రవ్యత పోగొట్టడం": 2,
  "ద్రోహం": -3,
  "ద్విగుణీకృతం": 3,
  "ద్వేషం": -2,
  "ద్వేషపూరిత": -2,
  "ద్వేషాన్ని": -3,
  "ద్వేషిస్తూ": -3,
  "ధనిక": 2,
  "ధన్యవాదాలు": 2,
  "ధరిస్తారు": -1,
  "ధర్మపరులుగా": 2,
  "ధిక్కరిస్తూ": -2,
  "ధిక్కార": -1,
  "ధూపం": -2,
  "ధృడమైన": 2,
  "ధైర్య": 2,
  "ధైర్యం": 2,
  "ధైర్యంగా": 2,
  "ధ్యాన": 1,
  "ధ్రువీకరించడానికి": 1,
  "ధ్రువీకరించని": -1,
  "ధ్వంసమైంది": -3,
  "ధ్వని": -2,
  "ధ్వనించే": -1,
  "నంబ్": -1,
  "నకిలీ": -3,
  "నకిలీల": -3,
  "నచ్చక": -2,
  "నచ్చని": -2,
  "నటిస్తాడు": -1,
  "నటిస్తారు": -1,
  "నత్తనడక": -3,
  "నమ్మకంగా": 2,
  "నమ్మకద్రోహం": -3,
  "నమ్మకమైన": 3,
  "నమ్మశక్యం": -1,
  "నమ్మశక్యంకాని": 3,
  "నమ్మించాడు": 1,
  "నరకం": -4,
  "నరములు": -1,
  "నరహత్య": -2,
  "నరహత్యలు": -2,
  "నల్లబజారులో": -2,
  "నవల": 2,
  "నవుకరు": -3,
  "నవ్వి": 2,
  "నవ్విన": 1,
  "నవ్వుతూ": 2,
  "నవ్వుల": 1,
  "నష్టం": -3,
  "నష్టపరచు": -2,
  "నష్టపరిచే": -3,
  "నష్టపరిహారం": -3,
  "నష్టపోతారు": -2,
  "నష్టాలు": -2,
  "నష్టాల్లో": -2,
  "నాటకమాడి": -3,
  "నాటకీయంగా సంభాషించుట": -3,
  "నాడీ": -2,
  "నాణ్యత": 2,
  "నాయకత్వం": 1,
  "నాయకులు": 2,
  "నాశనం": -2,
  "నాశనం చేయబడలేని": 2,
  "నాశనం చేసింది": -2,
  "నాసిరకం": -2,
  "నిండుగా": -2,
  "నింద": -2,
  "నిందించాడు": -2,
  "నిందించింది": -2,
  "నిందించినప్పటికీ": -3,
  "నిందించినా": -3,
  "నిందించు": -2,
  "నిందితుడి": -2,
  "నిందిస్తాడు": -2,
  "నిందిస్తారు": -2,
  "నిందిస్తూ": -2,
  "నిగ్గర్": -5,
  "నిగ్గస్": -5,
  "నిజం": -2,
  "నిజమైన": 2,
  "నిజాయితీ": 2,
  "నిట్టూర్పు": -2,
  "నిదానం": -2,
  "నిద్రలేమి": -2,
  "నిద్రలేమితో": -2,
  "నిధి": 2,
  "నిధుల": 1,
  "నిధుల దుర్వినియోగం": -3,
  "నిఫ్టీ": 2,
  "నిబద్ధత": 2,
  "నిమగ్నం": 1,
  "నిమగ్నమయ్యాడు": 2,
  "నిమగ్నమైంది": 1,
  "నియంతృత్వ": -2,
  "నియంత్రిస్తుంది": -2,
  "నియమించబడే": -2,
  "నిరంకుశ": -2,
  "నిరంకుశత్వం": -2,
  "నిరంకుశరీతిలో": -3,
  "నిరక్షరాస్యత": -2,
  "నిరసన": -2,
  "నిరసనకారులు": -2,
  "నిరసనలు": -2,
  "నిరాకరణ": -2,
  "నిరాకరించడానికి": -2,
  "నిరాకరించారు": -2,
  "నిరాకరిస్తాడు": -2,
  "నిరాధార": -2,
  "నిరాశ": -2,
  "నిరాశచెంది": -2,
  "నిరాశతో": -3,
  "నిరాశాజనక": -2,
  "నిరాశాజనకమైన": -2,
  "నిరాశావాద": -2,
  "నిరాశావాదం": -2,
  "నిరాశావాహ": -2,
  "నిరాశ్రయులకు": -2,
  "నిరీక్షించు": -1,
  "నిరుత్సాహ": -2,
  "నిరుత్సాహ పరిచే": -3,
  "నిరుత్సాహం": -2,
  "నిరుత్సాహక": -2,
  "నిరుత్సాహపరిచిన": -2,
  "నిరుత్సాహపరిచే": -2,
  "నిరుత్సాహపూరితమైన": -2,
  "నిరుత్సాహాలు": -2,
  "నిరుద్యోగ": -1,
  "నిరుద్యోగం": -2,
  "నిరోధించడంలో": -1,
  "నిరోధించడానికి": -1,
  "నిరోధించడాన్ని": -1,
  "నిరోధించుట": -2,
  "నిరోధిత": -2,
  "నిరోధిస్తుంది": -1,
  "నిర్ణయం తీసుకోలేని": -2,
  "నిర్ణయాత్మక": 1,
  "నిర్ణయించబడుతుంది": 2,
  "నిర్థారించింది": 1,
  "నిర్దోషిగా": 2,
  "నిర్దోషులని తెలుపుతాడు": 2,
  "నిర్ధారించడంలో": 1,
  "నిర్ధారించడానికి": 1,
  "నిర్బంధ": -2,
  "నిర్బంధిత": -2,
  "నిర్భంధించాలని": -2,
  "నిర్భయంగా": 2,
  "నిర్భయముగా": 2,
  "నిర్మలమైన": 2,
  "నిర్లక్ష్య": 1,
  "నిర్లక్ష్యం": -1,
  "నిర్లక్ష్యంగా": -2,
  "నిర్విరామంగా": -3,
  "నిలబెట్టుకున్నాడు": -1,
  "నిలిచిపోయాయి": -2,
  "నిలిచిపోయింది": -2,
  "నిలిచిపోయిన": -2,
  "నిలిపివేసాడు": -2,
  "నిలిపివేసిన": -1,
  "నిలువరించే": -2,
  "నివారించడం": -1,
  "నివారించవచ్చు": -1,
  "నివారించేందుకు": -1,
  "నివారితమైన": 2,
  "నివాళి": 2,
  "నిశ్చయముగా": 2,
  "నిశ్చేష్టమైన": -2,
  "నిషేధం": -2,
  "నిషేధించడం": -2,
  "నిషేధించబడింది": -2,
  "నిషేధించాయి": -1,
  "నిషేధించారు": -2,
  "నిషేధిస్తుంది": -1,
  "నిష్క్రియాత్మక": -1,
  "నిష్టూరము": -2,
  "నిష్పాక్షికమైన": 2,
  "నిస్తేజంగా": -2,
  "నిస్వార్థ": 2,
  "నిస్వార్ధ": 2,
  "నిస్సహాయ": -2,
  "నిస్సహాయంగా": -2,
  "నిస్సారం": -2,
  "నీచమైన": -2,
  "నీతి": 2,
  "నీరసమైన": -2,
  "నీలవర్ణము": -2,
  "నువ్వు నీ అమూల్యమైన": -4,
  "నైతిక": 2,
  "నెరవేరని": -2,
  "నెరవేరింది": 2,
  "నెరవేరుస్తుంది": 2,
  "నెలకొన్న": -3,
  "నైస్": 3,
  "నేపధ్య": 2,
  "నేర": -3,
  "నేరం": -2,
  "నేరం మోపు": -3,
  "నేరము": -3,
  "నేరస్తుడు": -2,
  "నేరస్తులను": -3,
  "నేరాన్ని": -3,
  "నేరారోపణ": -2,
  "నేరాల": -2,
  "నేరాలకు": -3,
  "నేరాలు": -2,
  "నేరుగా": 1,
  "నేర్పుగా": 2,
  "నొక్కి": -2,
  "నొప్పి": -2,
  "నోబెల్": 2,
  "నోరుమూయించు": -2,
  "నోరుమూయించే": -1,
  "నౌకలో": 1,
  "న్యాయం": 2,
  "న్యాయంగా": 2,
  "పండుగ": 2,
  "పక్షపాతంతో అందించిన": -2,
  "పక్షపాతమును": -2,
  "పట్టాలు తప్పింది": -2,
  "పట్టించుకోకుండా": -1,
  "పట్టించుకోలేదు": -2,
  "పట్టుకుంటారు": -2,
  "పట్టున్న": 2,
  "పడిపోయింది": -1,
  "పడిపోయిన": -2,
  "పడిపోవడం": -1,
  "పడ్డ": -2,
  "పతకాన్ని": 3,
  "పతన": -1,
  "పతనం": -2,
  "పతనం చేయు": -3,
  "పదిలపరచుకోనేందుకు": 2,
  "పదునైన": 2,
  "పద్ధతి": 2,
  "పద్ధతి ప్రకారం": 2,
  "పని చెయ్యని": -2,
  "పని చేయడం లేదు": -3,
  "పని లేదు": -3,
  "పనికిమాలినది": -2,
  "పనికిరాడు": -2,
  "పనికిరాని": -2,
  "పనికిరాని వ్యక్తి": -3,
  "పనిచేయకపోవడం": -2,
  "పనిచేయని": -2,
  "పనులకు": -2,
  "పరచు": 2,
  "పరధ్యానం": -2,
  "పరధ్యానంగా": -2,
  "పరమానందమైన": 3,
  "పరాజయం": -2,
  "పరాభవం": -3,
  "పరాభవించబడిన": -2,
  "పరాయీకరణ": -2,
  "పరిచయం చేస్తూ": -1,
  "పరిణతి": 2,
  "పరిణామాల": -2,
  "పరిత్యజించిన": -2,
  "పరిపూర్ణ": 3,
  "పరిపూర్ణత": 3,
  "పరిపూర్ణతలో": 2,
  "పరిమళం": 3,
  "పరిమిత": -1,
  "పరిమితం": -2,
  "పరిమితమయ్యాయి": -2,
  "పరిమితమైంది": -2,
  "పరిమితి": -1,
  "పరిమితులు": -1,
  "పరిష్కరించడమే": 2,
  "పరిష్కరించడానికి": 2,
  "పరిష్కరించాడు": 1,
  "పరిష్కరిస్తుంది": 2,
  "పరిష్కారం": 2,
  "పరిష్కారాలు": 1,
  "పరిహాస": -2,
  "పరీవాహ": 1,
  "పరుగులు": -1,
  "పర్యవేక్షణ": -1,
  "పర్యావరణంస్నేహపూర్వక": 2,
  "పలకరించింది": 1,
  "పలకరిస్తాడు": 1,
  "పశ్చాత్తాప": -2,
  "పశ్చాత్తాపం": -2,
  "పసిగట్టింది": -2,
  "పాడు": -2,
  "పాడుచేసింది": -2,
  "పాడైన": -3,
  "పాపం": -2,
  "పాపాత్మకమైన": -3,
  "పాపాలు": -2,
  "పాపిష్": -2,
  "పాయిజన్": -2,
  "పారడాక్స్": -1,
  "పారద్రోలాలని": -2,
  "పారిపోతాడు": -1,
  "పారిపోవటం": -1,
  "పారుదల": -2,
  "పాలిస్తున్న": 1,
  "పాల్పడకుండా": -2,
  "పాల్పడే": 1,
  "పిచ్చి": -3,
  "పిచ్చితనం": -2,
  "పిచ్చివాడు": -2,
  "పిరికి": -2,
  "పిరికివాడు": -2,
  "పిల్లతనం": -2,
  "పిస్ట్": -4,
  "పిస్సింగ్": -3,
  "పీడించబడ్డట్లు": -2,
  "పీడిత": -2,
  "పీల్చుకోవడానికి": -3,
  "పుంజుకుంది": -1,
  "పునరుత్పత్తి చేయలేవని": -2,
  "పునరుద్ధరించడం": 1,
  "పునరుద్ధరించడానికి": 1,
  "పునరుద్ధరించబడింది": 1,
  "పునరుద్ధరించాలని": 2,
  "పునరుద్ధరిస్తుంది": 1,
  "పురస్కారం": 2,
  "పురాణం": -1,
  "పురోగతి": 3,
  "పూజలు": 3,
  "పూజ్యమైన": 3,
  "పూడ్చలేని": -1,
  "పూనుకున్నారు": 2,
  "పూరణం": 1,
  "పూరిత": -2,
  "పెంచడం": 1,
  "పెంచి": -2,
  "పెంచు": 1,
  "పెంపకం": -2,
  "పెద్ద": 1,
  "పెద్దఎత్తున": -3,
  "పెద్దగా అవగాహనలేని": -2,
  "పెద్దగా చూపించడం": 1,
  "పెనాల్టీ": -2,
  "పెరగడం": 1,
  "పెరిగింది": 1,
  "పెరిగిన": 1,
  "పెరిగే": 2,
  "పెరిగేలా": -2,
  "పెరుగుట": 2,
  "పెరుగుతున్న": 1,
  "పేద": -2,
  "పేదరికం": -1,
  "పేరుతో": 1,
  "పేర్చుకు పోవుట": -1,
  "పేలవంగా": -2,
  "పేసర్": 2,
  "పొంచియుండే": -1,
  "పొందలేదన్న": -2,
  "పొందలేదు": -2,
  "పొందింది": 2,
  "పొందిన": 2,
  "పొగమంచు": -2,
  "పొగుడుతూ": 3,
  "పొడిచి": -2,
  "పొదుపు": 1,
  "పొరపాటు": -2,
  "పొల్యూటర్": -2,
  "పోకిరి": -2,
  "పోటీ": 2,
  "పోటీదారు": -1,
  "పోటీపడిన": -1,
  "పోటీలకు": -2,
  "పోటు": -2,
  "పోటును": -2,
  "పోయాము": -2,
  "పోరాట": -1,
  "పోరాటం": -1,
  "పోరాటాల": -2,
  "పోరాటాలు": -1,
  "పోరాడారు": -1,
  "పోరాడింది": -2,
  "పోరాడుతున్న": -2,
  "పోరాడుతూ": -2,
  "పోస్ట్ ట్రామాటిక్": -2,
  "ప్రకంపనం": -2,
  "ప్రకాశం": 3,
  "ప్రకాశవంతమైన": 2,
  "ప్రకాశాన్ని": 2,
  "ప్రచండ": 1,
  "ప్రచార": -2,
  "ప్రచారం": 1,
  "ప్రచారకర్త": 2,
  "ప్రచ్ఛన్న": -1,
  "ప్రజాదరణ": 3,
  "ప్రతికూల": -2,
  "ప్రతికూలత": -2,
  "ప్రతిక్రియ": -2,
  "ప్రతిబంధకంగా": -2,
  "ప్రతిభ": 2,
  "ప్రతిష్టాత్మక": 2,
  "ప్రతిష్టాత్మకమైన": 2,
  "ప్రతిష్ఠంభన": -2,
  "ప్రతిస్పందనలకు": -2,
  "ప్రతీకారం": -2,
  "ప్రతీకారాన్ని": -2,
  "ప్రత్యర్ధులు": -3,
  "ప్రత్యేక": 2,
  "ప్రదర్శన": -1,
  "ప్రదానం": 3,
  "ప్రధానాంశాలు": 1,
  "ప్రభావం": 2,
  "ప్రభావవంతమైన": 2,
  "ప్రభావితం": -1,
  "ప్రమాణ": -2,
  "ప్రమాణ స్వీకారం": -2,
  "ప్రమాద": -2,
  "ప్రమాదం": -2,
  "ప్రమాదంలో": -2,
  "ప్రమాదకర": -2,
  "ప్రమాదకరమైన": -2,
  "ప్రమాదము": -2,
  "ప్రమాదవశాత్తు": -2,
  "ప్రమాదాలలో": -2,
  "ప్రమాదాలు": -2,
  "ప్రముఖ": 3,
  "ప్రముఖుడైన": 3,
  "ప్రముఖుల": 2,
  "ప్రయత్నించడంతో": -2,
  "ప్రయోజనం": 2,
  "ప్రయోజనకరంగా": 2,
  "ప్రయోజనాలు": 2,
  "ప్రలాపాలు": -3,
  "ప్రవర్తిస్తోంది": -2,
  "ప్రశంసలను": 2,
  "ప్రశంసలు": 3,
  "ప్రశంసించడం": 2,
  "ప్రశంసించారు": 3,
  "ప్రశంసించింది": 2,
  "ప్రశాంత": 2,
  "ప్రశాంతత": 2,
  "ప్రశ్నార్థకం": -2,
  "ప్రశ్నించారు": -1,
  "ప్రశ్నించే": -1,
  "ప్రసిద్ధ": 2,
  "ప్రహసనము": -1,
  "ప్రాణం": -1,
  "ప్రాణాంతకమైన": -2,
  "ప్రాణాలతో": 2,
  "ప్రాముఖ్యత": 1,
  "ప్రాముఖ్యతను": 2,
  "ప్రార్థన": 1,
  "ప్రార్థనలు": 1,
  "ప్రాసిక్యూషన్": -1,
  "ప్రియమైన": 3,
  "ప్రేక్షకాదరణ": 3,
  "ప్రేమ": 3,
  "ప్రేమతో": 3,
  "ప్రేమను": -1,
  "ప్రేమించే": 3,
  "ప్రేరణ": 2,
  "ప్రేరణా": 2,
  "ప్రేరేపించడం": 2,
  "ప్రేరేపించే": -1,
  "ప్రేరేపిత": 3,
  "ప్రోత్సహించటం": 2,
  "ప్రోత్సహించలేదు": -2,
  "ప్రోత్సహిస్తుంది": 2,
  "ప్రోత్సహిస్తున్నాము": 2,
  "ప్రోత్సహిస్తున్నారు": 2,
  "ప్రోత్సాహంతో": 2,
  "ప్రోయాక్టివ్": 2,
  "ప్లేగు": -3,
  "ఫకర్స్": -4,
  "ఫకింగ్": -4,
  "ఫకింగ్ అందమైన": 4,
  "ఫకింగ్ అద్భుతమైన": 4,
  "ఫకింగ్ గొప్ప": 4,
  "ఫకింగ్ పరిపూర్ణ": 4,
  "ఫకింగ్ ప్రేమ": 4,
  "ఫకింగ్ లవ్స్": 4,
  "ఫకింగ్ వేడి": 2,
  "ఫక్": -4,
  "ఫక్ఫేస్": -4,
  "ఫక్హెడ్": -4,
  "ఫగాట్స్": -3,
  "ఫన్నీ": 4,
  "ఫలితం లేని": -3,
  "ఫలితము": -2,
  "ఫాగాట్": -3,
  "ఫాసిజం": -2,
  "ఫిట్నెస్": 1,
  "ఫియర్సమ్": -2,
  "ఫిర్యాదు": -2,
  "ఫిర్యాదులు": -2,
  "ఫూల్స్": -2,
  "ఫెటీగ్": -2,
  "ఫెయిర్": 2,
  "ఫేమ్": 1,
  "ఫేవరైట్ చేయబడినవి": 2,
  "ఫౌల్": -3,
  "ఫ్లాగ్షిప్": 2,
  "ఫ్లాప్": -2,
  "ఫ్లూ": -2,
  "బంగారం": 2,
  "బడ్డ": -2,
  "బద్ధకం": -2,
  "బయటపడింది": 2,
  "బయాస్": -1,
  "బలం": 2,
  "బలం చేకూరింది": 2,
  "బలపడుతూ": 2,
  "బలపరచాలని": 2,
  "బలపరచిన": 1,
  "బలపరిచేటటువంటి": 2,
  "బలమైన": 2,
  "బలవంతంగా": -1,
  "బలవంతంగా లాగేసుకుంటుంది": -2,
  "బలహీనం": -2,
  "బలహీనత": -2,
  "బలహీనతల": -2,
  "బలహీనపడిన": -2,
  "బలహీనపరిచే": -2,
  "బలహీనపరుస్తుంది": -2,
  "బలహీనమైన": -2,
  "బలాత్కారానికి": -2,
  "బలాలు": 2,
  "బలిపశువు": -2,
  "బలిపశువులుగా": -2,
  "బలిసిన": 2,
  "బలోపేతం": 2,
  "బహిరంగంగా": -2,
  "బహిర్గతం": -1,
  "బహిష్కరణకు": -2,
  "బహిష్కరణల": -2,
  "బహిష్కరణలు": -2,
  "బహిష్కరించటం": -1,
  "బహిష్కరించబడతాడు": -2,
  "బహిష్కరించబడిన వాడు": -2,
  "బహిష్కరించారు": -2,
  "బహిష్కరించి": -2,
  "బహుమతి": 2,
  "బహుమతిగా": 2,
  "బహుమతులు": 2,
  "బాంబు": -1,
  "బాగా అభివృద్ధి చెందిన": 2,
  "బాగా ఉందంటూ": 3,
  "బాగా తగినట్లు": 2,
  "బాగా దృష్టి": 2,
  "బాగా మెరుగుపడుతుంది": 1,
  "బాగా స్థిరపడిన": 2,
  "బాధ": -2,
  "బాధను అనుభవించాడు": -3,
  "బాధపడతాడు": -2,
  "బాధపడ్డాడు": -2,
  "బాధపెట్టే": -1,
  "బాధాకరంగా": -2,
  "బాధాకరమైన": -2,
  "బాధించు": -2,
  "బాధితుడు": -2,
  "బాధితురాలి": -3,
  "బాధితుల": -3,
  "బాధితులకు": -2,
  "బాధితులను": -3,
  "బాధిస్తుంది": -2,
  "బాధ్యత": 2,
  "బాధ్యతా రహితమైనవి": -2,
  "బాధ్యతాయుతంగా": 2,
  "బానిస": -3,
  "బానిసత్వం": -3,
  "బానిసల": -2,
  "బానిసలు": -3,
  "బానిసలుగా": -2,
  "బారినపడిన": -2,
  "బార్బేరియన్": -2,
  "బావుంది": 4,
  "బాస్టర్డ్": -5,
  "బాస్టర్డ్స్": -5,
  "బిచ్": -5,
  "బీటింగ్": -1,
  "బీభత్సానికి": -2,
  "బుజ్జగించడానికి": 2,
  "బుడతడు": -5,
  "బుద్ధిహీన": -2,
  "బురదలో": -2,
  "బూటకపు": -2,
  "బూటకపు శాస్త్రం": -3,
  "బూడిద": -1,
  "బూస్ట్": 1,
  "బృందం": -2,
  "బెదిరి": -2,
  "బెదిరించడం": -2,
  "బెదిరించవని": -1,
  "బెదిరించే": -2,
  "బెదిరింపు": -2,
  "బెదిరింపులకు": -2,
  "బెదిరింపులు": -2,
  "బెదిరిస్తాడు": -2,
  "బేరం": 2,
  "బేసి": -2,
  "బోరింగ్": -3,
  "బోర్": -2,
  "బోలు": -1,
  "బోల్డ్": 2,
  "బ్రెయిన్వాష్": -3,
  "బ్లడీ": -3,
  "బ్లా": -2,
  "బ్లాకులో అమ్మే అంశానికి": -2,
  "బ్లాక్": -1,
  "బ్లాక్ మెయిల్": -3,
  "బ్లాక్బస్టర్": 3,
  "బ్లాక్మెయిల్": -3,
  "బ్లాక్స్": -1,
  "బ్లైండ్": -1,
  "భంగం": -2,
  "భంగము": -2,
  "భక్తి": 2,
  "భద్రత": 1,
  "భద్రతలేని": -2,
  "భయ పెట్టు": -2,
  "భయం": -2,
  "భయం లేని": -2,
  "భయంకర": -3,
  "భయంకరంగా": -3,
  "భయంకరమైన": -2,
  "భయంకలిగించు": -3,
  "భయంలేని": 2,
  "భయపడటం": -2,
  "భయపడడం": -2,
  "భయపడి": -3,
  "భయపడింది": -3,
  "భయపడిన": -2,
  "భయపడుతున్న": -2,
  "భయపడే": -2,
  "భయపడ్డాడు": -2,
  "భయపడ్డాను": -2,
  "భయపెట్టడం": -2,
  "భయపెట్టడానికి": -2,
  "భయపెట్టి": -2,
  "భయపెట్టింది": -2,
  "భయపెట్టే": -2,
  "భయభ్రాంతులకు": -3,
  "భయభ్రాంతులను": -3,
  "భయభ్రాంతులయ్యారు": -3,
  "భయానక": -2,
  "భరించలేక": -2,
  "భరోసా": 1,
  "భవదీయులు": 2,
  "భవిష్యత్": 1,
  "భాగస్వామ్య": 1,
  "భాదాకరమైన": -2,
  "భాదితులని": -3,
  "భారం": -2,
  "భారంగా": -2,
  "భారాన్ని": -2,
  "భారాలు": -2,
  "భారీ": 1,
  "భావజాలంతో విసిగివేసారి": -2,
  "భావన": 1,
  "భిన్నంగానే": -2,
  "భీకరమైన": -2,
  "భూ ప్రకంపనలకు": -2,
  "మ న్ని కై న": 2,
  "మంచి": 3,
  "మంచి నాశనం": 4,
  "మంచితనం": 3,
  "మంచిది": 1,
  "మంచిది కాదు": -2,
  "మంజూరు": 1,
  "మండిపడ్డారు": -2,
  "మంత్రముగ్దులను": 3,
  "మందకొడి": -1,
  "మందకొడిగా": -2,
  "మందగించిన": -2,
  "మందలించాడు": -2,
  "మందలించారు": -2,
  "మందలింపుకు": -2,
  "మంది ఇష్టపడలేదు": -2,
  "మందితో": 1,
  "మక్కువ": 2,
  "మగ్గాలు": -1,
  "మచ్చ": -2,
  "మచ్చలు": -2,
  "మచ్చలేని": 2,
  "మట్టుపెట్టాలని": -2,
  "మతిమరుపు": -2,
  "మథర్ఫకింగ్": -5,
  "మదర్": -5,
  "మద్దతివ్వని": -2,
  "మద్దతు": 2,
  "మద్దతుదారు": 1,
  "మద్దతుదారులు": 1,
  "మద్యం": 3,
  "మధ్యవర్తులను": -2,
  "మనసులు": -2,
  "మనస్తాపం": -2,
  "మనుష్యద్వేషి": -2,
  "మనోవ్యధగా": -1,
  "మనోహరం": -2,
  "మనోహరమైనది": 3,
  "మబ్బుల": -1,
  "మభ్యపరచడానికి": -3,
  "మభ్యపెట్టే": 2,
  "మరణం": -2,
  "మరణాల": -3,
  "మరణాలు": -2,
  "మరణించాడు": -3,
  "మరణిస్తున్న": -3,
  "మరింత ఉధృతం": -2,
  "మరిచిపోలేమని": -1,
  "మరుపు": 3,
  "మరెక్కడో": -2,
  "మర్చిపోతే": -1,
  "మర్చిపోయాను": -1,
  "మర్చిపోయి": -1,
  "మర్యాద": 2,
  "మర్యాద లేని": -2,
  "మర్యాదపూర్వక": 2,
  "మర్యాదపూర్వకమైన": 2,
  "మలబద్ధకం": -2,
  "మళ్లించడం": -1,
  "మళ్ళించడం అవుతుంది": -1,
  "మసకగా": -2,
  "మాంద్యం": -2,
  "మాక్": -2,
  "మాట వరుసకు": -2,
  "మానవతా విలువలకు": -2,
  "మానవత్వ": 2,
  "మానసిక": -2,
  "మాయ": -2,
  "మాయమైన": -3,
  "మారణకాండ": -3,
  "మారుమూల": -2,
  "మారువేషంలో": -1,
  "మార్వెల్": 3,
  "మించే": -2,
  "మిగిలారు": -2,
  "మిగిల్చింది": -2,
  "మితమైన": -1,
  "మిత్ర": 2,
  "మినహాయించాలని": -1,
  "మినహాయించాలి": -2,
  "మినహాయింపు": -1,
  "మిరుమిట్లు": 3,
  "మిస్": -2,
  "మిస్ఫైర్": -2,
  "మీ deporteaza": -2,
  "మీ వ్యాఖ్యలు అభ్యంతరకరం కాకపోతే": -2,
  "మీకు dont": -2,
  "మీరు పనికిరాని": -2,
  "ముందంజలో": 1,
  "ముఖ్యమైన": 2,
  "ముచ్చటైన": 3,
  "ముడి": -1,
  "ముడుపులు": -3,
  "ముద్దు": 2,
  "మునిగిపోతాడు": -2,
  "మునిగిపోయాడు": -2,
  "మునుగు": -2,
  "ముప్పు": -2,
  "మురికి": -2,
  "మురికిగా": -2,
  "ముసి వేయు": -3,
  "మూగ": -3,
  "మూడి": -1,
  "మూర్ఖత్వం": -3,
  "మూర్ఖత్వమే": -2,
  "మూర్ఖుడు": -4,
  "మూర్ఛ": -3,
  "మూలుగు": -2,
  "మూలుగుల": -2,
  "మూసపోత": -2,
  "మృదువుగా మందలించు": -3,
  "మెచ్చిన": 2,
  "మెచ్చుకుంటుంది": 3,
  "మెచ్చుకుంది": 3,
  "మెచ్చుకోవడం": 3,
  "మెరుగు": 2,
  "మెరుగుదల": 2,
  "మెరుగుపరుస్తుంది": 2,
  "మెరుగుపెట్టిన": 2,
  "మెరుగైన": 2,
  "మైలురాయి": 2,
  "మెస్": -2,
  "మొండి": -2,
  "మొండితనం": -2,
  "మొగ్గుచూపుతున్నారు": 2,
  "మొద్దుబారిన": -2,
  "మొరటు": -2,
  "మొరాన్": -3,
  "మోక్షం": 2,
  "మోసం": -3,
  "మోసంతో": -3,
  "మోసకారి": -2,
  "మోసగాడు": -2,
  "మోసగాళ్లు": -3,
  "మోసగించటం": -1,
  "మోసగించడం": -3,
  "మోసపుచ్చు": -2,
  "మోసపూరిత": 2,
  "మోసపోయానని": -3,
  "మోసము": -2,
  "మోసాన్ని": -3,
  "మోసాలు": -3,
  "మోహం": 3,
  "మ్యాడ్లీ": -3,
  "యవ్వన": 2,
  "యాతనతో": -3,
  "యాదృచ్ఛిక": -2,
  "యాస్ఫకింగ్": -4,
  "యుద్ధం": -2,
  "యుద్ధంలో": -1,
  "యుద్ధతంత్రం": -2,
  "యుద్ధాలు": -1,
  "యేసు": 1,
  "రంజింపచేసిన": 3,
  "రకం": 2,
  "రకమయిన": 2,
  "రక్షకులు": 2,
  "రక్షణ": -2,
  "రక్షించడానికి": 1,
  "రక్షించబడ్డారు": 2,
  "రక్షిత": 1,
  "రక్షిస్తాడు": 2,
  "రక్షిస్తుంది": 1,
  "రక్షిస్తున్న": 2,
  "రచన": 4,
  "రత్నం": 3,
  "రద్దు": -1,
  "రప్చర్": 2,
  "రాజద్రోహ": -2,
  "రాజద్రోహం": -3,
  "రాజీనామా": -1,
  "రాత్రి కో": -2,
  "రాయితీ": -1,
  "రావటమును": -2,
  "రిగ్": -1,
  "రిచ్": 2,
  "రిటార్డెడ్": -2,
  "రిటార్డ్": -2,
  "రిఫ్రెషింగ్లీ": 2,
  "రిలాక్స్డ్": 2,
  "రివార్డ్": 2,
  "రుగ్మత": -2,
  "రుచించలేదు": 2,
  "రుచికరమైన": 3,
  "రుచిలేని": -2,
  "రుణ": -2,
  "రూపాంతరం": -2,
  "రెచ్చగొట్టింది": -1,
  "రెచ్చగొట్టు": -2,
  "రెచ్చిపోయిన": -2,
  "రైలు పట్టాలు": -2,
  "రెస్క్యూ": 2,
  "రేకెత్తించు": -1,
  "రేకెత్తిస్తూ": -1,
  "రేగిన": -2,
  "రేగే": -2,
  "రేప్": -4,
  "రోగనిరోధక": 1,
  "రోత": -2,
  "రోతను": -2,
  "రోబింగ్": -2,
  "రౌడీ": -2,
  "లంచం": -3,
  "లంచాలు": -3,
  "లక్షణాలను": 2,
  "లగ్జరీ": 2,
  "లచే": 3,
  "లబ్ధి": 2,
  "లబ్ధిదారులతో": 2,
  "లాక్కువెళుతుంది": -1,
  "లాగారు": -1,
  "లాగ్": -1,
  "లాగ్స్": -2,
  "లాజిక్": -2,
  "లాఫ్డ్": 1,
  "లాబీ": -2,
  "లాబీయింగ్": -2,
  "లాబీయిస్ట్": -2,
  "లాభం": 2,
  "లాభదాయక": 3,
  "లాభదాయకమైన": 2,
  "లాభపడుతోంది": 2,
  "లాభాలు": 2,
  "లీక్": -1,
  "లీనమవడం": 3,
  "లేకపోవడం": -2,
  "లేకుండా చేయుట": -2,
  "లేచి": 1,
  "లేమి": -3,
  "లోటు": -2,
  "లోపం": -2,
  "లోపభూయిష్ట": -3,
  "లోపాలను": -2,
  "లోపాలు": -2,
  "వంటి": 2,
  "వంటివారు": -3,
  "వందనం": 2,
  "వందని": -2,
  "వక్రీకరించడం": -2,
  "వక్రీకరించింది": -2,
  "వక్రీకరించే": -2,
  "వడగళ్ళు": 2,
  "వడ్డీ": 1,
  "వణుకుతున్నట్టుగా": -2,
  "వత్తిడిలను": -1,
  "వదలని": -2,
  "వదలివేయడం": 2,
  "వదిలి": -1,
  "వదిలిపెట్టడం": -1,
  "వదిలివేసిన": -2,
  "వదులుగా": -3,
  "వరం": 3,
  "వరము": 4,
  "వర్గీకరిస్తారు": -2,
  "వర్తకులు": -2,
  "వర్షపు": -1,
  "వశీకరణ": 2,
  "వాంఛ": 2,
  "వాంతి": -3,
  "వాంతులు": -3,
  "వాకౌట్": -2,
  "వాక్యం": -2,
  "వాక్యాలు": -2,
  "వాగ్దానం": 1,
  "వాగ్దానాలు": 1,
  "వాటా": 1,
  "వాడుకలో": -2,
  "వాడుకలోలేని": -2,
  "వాయిదా": -1,
  "వారించటానికి": -2,
  "వాస్తవమైన": 2,
  "వింత": -1,
  "వింతగా": -1,
  "వికర్షకం": -2,
  "వికర్షణ": -2,
  "వికసిస్తుంది": 4,
  "వికారమైన": -2,
  "విక్టర్": 3,
  "విచారం": -2,
  "విచారంగా": -2,
  "విచారంలో": -2,
  "విచారకరంగా": -2,
  "విచారకరమైన": -2,
  "విచారగ్రస్తుడైన": -2,
  "విచారణ": -2,
  "విచారణలు": -2,
  "విచారాన్ని": -2,
  "విచారించినట్లు": -2,
  "విచారిస్తుంది": -1,
  "విచిత్రమైన": 1,
  "విచిత్రమేమంటే": -2,
  "విచ్చలవిడిగా ఖర్చు చేయు": -2,
  "విజయం": 4,
  "విజయవంతం": 3,
  "విజయవంతంగా": 3,
  "విజయవంతమైన": 4,
  "విజయాల": 2,
  "విజయాలు": 4,
  "విజేత": 4,
  "విజేతలకు": 3,
  "విటమిన్": 1,
  "విడిచి": -2,
  "విడుదల": 1,
  "వితంతు": -1,
  "విదించింది": -1,
  "విద్రోహ": -2,
  "విధాలుగా": 2,
  "విధించడం": -1,
  "విధించింది": -1,
  "విధేయత": 3,
  "విధ్వంసం": -3,
  "విధ్వంసక": -3,
  "విధ్వంసకర": -2,
  "వినయం": 2,
  "వినయపూర్వకమైన": 1,
  "వినాశనం": -2,
  "వినూత్న": 2,
  "వినోద": 3,
  "వినోదం": 3,
  "వినోదాత్మక": 2,
  "విపత్తు": -2,
  "విపత్తుల": -2,
  "విప్లవాన్ని": -2,
  "విఫల": -2,
  "విఫలం": -2,
  "విఫలమైంది": -2,
  "విఫలమైతే": -2,
  "విఫలమైనందుకు": -2,
  "విబేధించాడు": -1,
  "విభేదాలు": -2,
  "విభేదిస్తున్నారు": -2,
  "విమర్శ": -2,
  "విమర్శకుడు": -2,
  "విమర్శకులు": -2,
  "విమర్శించడానికి": -2,
  "విమర్శించారు": -2,
  "విమర్శిస్తుంది": -2,
  "విమర్శిస్తూ": -2,
  "విమోచన": 2,
  "విమోచనం చెయ్యి": 2,
  "విరమించుకున్నాను": -1,
  "విరామం": -2,
  "విరాళం": 2,
  "విరిగింది": -1,
  "విరిగిన": -1,
  "విరుద్ధ": -1,
  "విరుద్ధమైన": -2,
  "విరోధంతో": -1,
  "విరోధి": -1,
  "విలువ": 2,
  "విలువలేకుండా": -2,
  "విలువైన": 2,
  "విలువైన రాళ్ళ నగ": -2,
  "వివక్షత": -2,
  "వివక్షతలు": -2,
  "వివక్షాపూరిత": -2,
  "వివాదం": -2,
  "వివాదస్పద": -2,
  "వివాదాలు": -2,
  "వివాదాస్పద": -2,
  "వివాదాస్పదంగా": -2,
  "వివిక్త": -1,
  "వివేక": 2,
  "వివేచన": 2,
  "విశాలమైన": 1,
  "విశేష": 2,
  "విశ్వసనీయ": 2,
  "విశ్వసనీయంగా": 2,
  "విశ్వసనీయత": 2,
  "విశ్వాసం": 2,
  "విశ్వాసకులు": 3,
  "విష": -2,
  "విషయం": 1,
  "విషయాలను": 1,
  "విషాద": -2,
  "విషాదం": -2,
  "విషాదకరమైన": -2,
  "విషాదాల": -2,
  "విషాలు": -2,
  "విసరడం": -2,
  "విసర్జన": -4,
  "విసిగిస్తాడు": -2,
  "విసుగు": -2,
  "విసుగు పుట్టించెడు": -2,
  "విసుగుగా": -3,
  "విసుగుని": -2,
  "విస్తరించడానికి": 1,
  "విస్తరించి": 1,
  "విస్తరించి ఉండు": -2,
  "విస్తరించేందుకు": 1,
  "విస్తరిస్తుంది": 1,
  "విస్మరణలు": -1,
  "విస్మరించనా": -1,
  "విస్మరించిన": -1,
  "విహార": -1,
  "వీగిపోయాయి": 2,
  "వీరోచిత": 3,
  "వీలులేకుండా": -1,
  "వూ": 3,
  "వృద్ధి": 2,
  "వృద్ధులలో": 2,
  "వృధా": -2,
  "వెంటనే": 1,
  "వెంటాడే": 1,
  "వైకల్యం": -2,
  "వైకల్యంతో": -2,
  "వైకల్యాల": -2,
  "వైకల్యాలు": -2,
  "వెక్కిరిస్తూ": -2,
  "వెచ్చదనం": 2,
  "వెచ్చని": 1,
  "వైట్వాష్": -3,
  "వెనక ఏమేమి దాగి": -1,
  "వెనుకబడి": -2,
  "వెనుకబడిన": -2,
  "వెనుకాడారు": -2,
  "వెన్నుముక": 1,
  "వైఫల్యం": -2,
  "వైఫల్యాలు": -2,
  "వైభవము": 3,
  "వెర్రి": -1,
  "వెర్రివాడు": -3,
  "వెఱ్ఱి": -1,
  "వెలుతురు": 2,
  "వెల్లడైంది": -1,
  "వేగంగా": 2,
  "వేగవంతం": -2,
  "వేటు": -1,
  "వేడిగావుండే": 2,
  "వేడుక": 3,
  "వేడుకలు": 3,
  "వేదన": -2,
  "వేధించడానికి": -3,
  "వేధించి": -3,
  "వేధించినట్లు": -3,
  "వేధించు": -3,
  "వేధించే": -2,
  "వేధింపులకు": -3,
  "వేధింపులను": -3,
  "వేధింపులు": -2,
  "వేరుచేసిన": -1,
  "వేలాడే": -2,
  "వేశ్య": -4,
  "వేసారు": -2,
  "వో": 4,
  "వ్యంగ్య": -2,
  "వ్యంగ్యం": -1,
  "వ్యతిరేక": -1,
  "వ్యధ": -2,
  "వ్యర్థ": -1,
  "వ్యర్థమైంది": -2,
  "వ్యవహరించి": -1,
  "వ్యాజ్యం": -1,
  "వ్యాజ్యాల": -2,
  "వ్యాధి": -1,
  "వ్యాధులు": -1,
  "వ్యాపారం చేయు": -2,
  "వ్యాప్తి": -2,
  "వ్యాప్తికి": -2,
  "వ్యామోహం": -2,
  "శక్తివంతమైన": 2,
  "శత్రు": -2,
  "శత్రుత్వం": -2,
  "శత్రువులను": -2,
  "శపథం": -2,
  "శరీరాకర్షణ": -2,
  "శవాన్ని": -1,
  "శాంతి": 2,
  "శాంతింపచేసి": 2,
  "శాంతియుత": 2,
  "శాంతియుతంగా": 2,
  "శాంతియుతంగా నిర్ధారణ లేకుండా": -1,
  "శాపం": -1,
  "శాస్తిచేసేవాడు": -2,
  "శిక్ష": -2,
  "శిక్షాత్మక": -2,
  "శిక్షించటం": -2,
  "శిక్షించడం": -2,
  "శిక్షించడంలో": -2,
  "శిక్షించడానికి": -1,
  "శిక్షించే": -2,
  "శిక్షిస్తాడు": -3,
  "శిధిలాల": -2,
  "శిలగా": -2,
  "శిశువులను": -2,
  "శుద్ధి": 1,
  "శుభాకాంక్షలు": 2,
  "శుభోదయం": 1,
  "శుభ్రంగా": 2,
  "శూన్యత": -1,
  "శృంగారం": 2,
  "శృంగారపరంగా": 2,
  "శైశవ": -2,
  "శోకం": -2,
  "శోషిత": 1,
  "శౌర్య": 3,
  "శౌర్యం": 2,
  "శ్రద్ద": 2,
  "శ్రావ్యంగా": 2,
  "శ్రేయస్సు": 3,
  "శ్రేయోభిలాషి": 2,
  "శ్లాష్లు": -2,
  "షాక్": -2,
  "షిట్టీ": -3,
  "షిట్హెడ్": -4,
  "షూట్": -1,
  "షేర్లు": 1,
  "ష్రూ": -4,
  "సంకటంలో": -2,
  "సంకోచించరు": -2,
  "సంక్రమణ": -2,
  "సంక్షోభానికి": -3,
  "సంఘర్షణ": -2,
  "సంఘీభావం": 2,
  "సంచలనాత్మక": -2,
  "సంతాప": -2,
  "సంతాపం": -2,
  "సంతృప్తి": 2,
  "సంతృప్తిపరచాలని": 2,
  "సంతోషంగా": 3,
  "సంతోషకరమైన": 3,
  "సంతోషపడ్డాడు": 4,
  "సంతోషించండి": 4,
  "సంతోషించారు": 4,
  "సంతోషిస్తున్నాము": 3,
  "సందిగ్ధంలో": -1,
  "సందేహం": -1,
  "సందేహాలు": -1,
  "సందేహాస్పదంగా": -1,
  "సంపద": 3,
  "సంపన్న": 3,
  "సంపూర్ణ": 3,
  "సంబంధిత": -2,
  "సంబరాలు": 3,
  "సంరక్షణ": 2,
  "సంరక్షణలను": 2,
  "సంశయవాదం": -2,
  "సంశయవాది": -2,
  "సంశయవాదులు": -2,
  "సక్స్": -3,
  "సగర్వంగా": 2,
  "సచేతన": 3,
  "సజావుగా": 2,
  "సజీవ": 2,
  "సజీవంగా": 1,
  "సతతహరిత": 2,
  "సతతహరితాలతో": 2,
  "సత్తువ": 2,
  "సన్నగిల్లింది": -2,
  "సన్మానించారు": 2,
  "సఫలమైతే": 3,
  "సఫలీకృతం": 2,
  "సమగ్ర": 2,
  "సమగ్రతను": 2,
  "సమతుల్య": 1,
  "సమర్థ": 2,
  "సమర్థత": 3,
  "సమర్థవంతంగా": 2,
  "సమర్థవంతమైన": 2,
  "సమర్థించడం": 2,
  "సమర్ధవంతం": 2,
  "సమర్ధించారు": 2,
  "సమస్య": -2,
  "సమస్య మరింత తీవ్రమవుతుంది": -2,
  "సమస్యల": -2,
  "సమస్యలు": -2,
  "సమస్యాత్మక": -2,
  "సమాధి": -2,
  "సమైక్య": 1,
  "సమ్మతి": 2,
  "సమ్మతిస్తే": 2,
  "సమ్మె": -1,
  "సమ్మెలు": -1,
  "సరదా": 2,
  "సరదాగా": 4,
  "సరళ": -2,
  "సరళంగా": -2,
  "సరళత": 1,
  "సరసమైన": 2,
  "సరికాని": -2,
  "సరిగ్గా": -2,
  "సరిపోని": -2,
  "సరిపోయే": 2,
  "సరిపోలని": 1,
  "సర్వనాశనం": -3,
  "సర్వవ్యాప్తి": 2,
  "సవాలు": -1,
  "సవాలుచేయదగిన": -2,
  "సస్పెండ్": -1,
  "సహజ": 1,
  "సహనం": 2,
  "సహనంతో": 2,
  "సహనశీలి": 3,
  "సహాయం": 2,
  "సహాయపడుతుంది": 2,
  "సహాయాలు": 2,
  "సహించని": -2,
  "సాధనకు": 2,
  "సాధించగల": 1,
  "సాధించవచ్చు": 2,
  "సాధికారతకు": 2,
  "సానుకూలంగా": 2,
  "సానుభూతి": 2,
  "సాన్నిహిత్యం": 2,
  "సాఫల్యం": 2,
  "సామరస్యం": 2,
  "సామర్థ్యం": 1,
  "సామర్థ్యాన్ని": 2,
  "సామర్థ్యాన్ని దెబ్బతీస్తుంది": -2,
  "సామర్థ్యాలు": 1,
  "సామర్ధ్యం": 1,
  "సామర్ధ్యములను": 1,
  "సామర్ధ్యాలు": 2,
  "సామాన్యత": -3,
  "సారవంతమైన": 2,
  "సాహస": 2,
  "సాహసాలను": 2,
  "సాహసించరు": -2,
  "సాహసోపేత": 2,
  "సాహసోపేతమైన": 3,
  "సిగ్గరి": -1,
  "సిగ్గు": -2,
  "సిగ్గుపడతాడు": -2,
  "సిఫార్సు": 2,
  "సుందరమైన": 3,
  "సుఖాలు": 2,
  "సున్నితత్వం": 2,
  "సున్నితమైన": 3,
  "సుప్రీం": 4,
  "సురక్షిత": 2,
  "సురక్షితం": 2,
  "సురక్షితంగా": 1,
  "సురక్షితమైన": 2,
  "సులభం": 2,
  "సులభంగా": 1,
  "సూపర్": 3,
  "సూర్యరశ్మి": 2,
  "సృజనాత్మక": 2,
  "సెక్సియెస్ట్": -2,
  "సెక్సీ": 3,
  "సైన్ ఇన్ ఎంపిక": -2,
  "సెన్సార్": -2,
  "సేవ్": 2,
  "సొంపుగా": 2,
  "సొగసైన": 2,
  "సోకకుండా": -2,
  "సోకిన": -2,
  "సోకుతుంది": -2,
  "సోమరి": -1,
  "సౌకర్యం": 2,
  "సౌకర్యవంతమైన": 2,
  "సౌరభం": 1,
  "సౌహార్ద": 3,
  "స్కాండలస్": -3,
  "స్కామ్ల": -2,
  "స్కూప్": 3,
  "స్కేరీ": -2,
  "స్క్రీం": -2,
  "స్టీరియోటైప్": -2,
  "స్టీల్స్ను": -2,
  "స్టుపిడ్": -2,
  "స్ట్రైకర్స్": -2,
  "స్తబ్దంగా": -1,
  "స్తుతించు": 2,
  "స్థావరాలు": 1,
  "స్థిరంగా": 2,
  "స్థిరత్వం": 1,
  "స్థిరమైన": 2,
  "స్థిరీకరించిన": -1,
  "స్థూల": -2,
  "స్నాయువుల ఈడ్పు": -1,
  "స్నేహం": 2,
  "స్నేహపూర్వక": 2,
  "స్నేహపూర్వకమైన": 3,
  "స్నేహితుడు": 1,
  "స్నేహితులతో కలిసి విందు ఏర్పాటు చేసుకొను": 2,
  "స్పందించని": -2,
  "స్పర్క్ల్స్": 3,
  "స్పష్టం": 2,
  "స్పష్టంగా": 1,
  "స్పష్టత": 2,
  "స్పష్టమైన": 2,
  "స్పాట్లెస్స్": 2,
  "స్పామర్": -3,
  "స్పామర్లు": -3,
  "స్పామింగ్": -2,
  "స్పామ్": -2,
  "స్పార్క్": 1,
  "స్పూర్తినిస్తూ": 3,
  "స్ఫూర్తి": 2,
  "స్మరించడం": 2,
  "స్మార్ట్": 1,
  "స్మృతిగా నిక్షిప్తం": 2,
  "స్మెర్": -2,
  "స్మైల్": 2,
  "స్యూ": -2,
  "స్యూస్": -2,
  "స్లామ్": -2,
  "స్లాష్": -2,
  "స్లిప్": -1,
  "స్వచ్ఛంద": 2,
  "స్వచ్ఛమైన": 1,
  "స్వర్గం": 3,
  "స్వర్గపు": 4,
  "స్వల్ప చూపు": -2,
  "స్వాగత": 2,
  "స్వాగతించారు": 2,
  "స్వాగతించింది": 2,
  "స్వాధీనతా": -2,
  "స్వార్థ": 1,
  "స్వార్ధం": -3,
  "స్విఫ్ట్": 2,
  "స్వీకరించి": 1,
  "స్వీయదుర్వినియోగం": -2,
  "స్వీయవైరుధ్యాన్ని": -2,
  "స్వీయ deluded": -2,
  "స్వీయ విశ్వాసం": 2,
  "స్వేచ్ఛ": 2,
  "స్వేచ్ఛలు": 2,
  "హ": 2,
  "హంతక": -3,
  "హంతకుడు": -2,
  "హతమార్చాడు": -3,
  "హత్య": -2,
  "హత్యలు": -2,
  "హయ్యా": 3,
  "హరిత": -3,
  "హర్ట్": -2,
  "హర్షం": 3,
  "హల్లెలూయా": 3,
  "హా హా": 3,
  "హాంటెడ్": -2,
  "హాగ్": -2,
  "హాని": -2,
  "హానికర": -2,
  "హానికరం": -3,
  "హానికరమైన": -2,
  "హామీ": 1,
  "హామీ ఇచ్చారు": 1,
  "హామీ ఇస్తున్నాడు": 1,
  "హాయిగా": 2,
  "హార్డీ": 2,
  "హార్డ్": -1,
  "హాస్య": 2,
  "హాస్యం": 2,
  "హాస్యభరితంగా": 2,
  "హాస్యాన్ని": 2,
  "హాస్యాస్పదంగా": -3,
  "హాస్యాస్పదమైన": -3,
  "హాస్యాస్పదమైనది": 4,
  "హింస": -3,
  "హింస సంబంధిత": -3,
  "హింసాత్మక": -3,
  "హింసాత్మకంగా": -3,
  "హింసించారు": -4,
  "హింసించే": -3,
  "హింసిస్తారు": -2,
  "హిస్టెరిక్స్": -3,
  "హీనత": -2,
  "హీనస్థితిలో": -3,
  "హీరో": 2,
  "హుందాగా": 1,
  "హుర్రే": 5,
  "హుషారైన": 2,
  "హూలిగాన్స్": -2,
  "హృదయం బద్దలయ్యే": -3,
  "హృదయపూర్వక": 3,
  "హృదయాన్ని కదిలించే": 3,
  "హెచ్చరించారు": -2,
  "హెచ్చరిక": -1,
  "హెచ్చరికలు": -3,
  "హెచ్చరిస్తుంది": -2,
  "హైలైట్": 2,
  "హేట్స్": -3,
  "హేయమైన": -4,
  "హ్యాక్": -1,
  "హ్రస్వ": -2
}