{
  "žrtvujući": -3,
  "adekvatan": 1,
  "admiralski brod": 2,
  "affectionateness": 3,
  "affronted": -1,
  "agonises": -3,
  "agonizes": -3,
  "agresija": -2,
  "agresivan": -1,
  "agresivnost": -2,
  "akcija": 1,
  "aktivan": 1,
  "alarm": -2,
  "alarmirali": -2,
  "aleluja": 3,
  "alergičan": -2,
  "aljkav": -2,
  "ambiciozan": 2,
  "ambivalentan": -1,
  "angažovati": 1,
  "Angers": -3,
  "anksioznost": -2,
  "anti": -1,
  "apatičan": -3,
  "apatija": -3,
  "aplaudira": 2,
  "aplaudirati": 2,
  "aplauz": 2,
  "apokaliptičan": -2,
  "apsorbira": 1,
  "arogantan": -2,
  "assfucking": -4,
  "atentat": -3,
  "atentati": -3,
  "atrakcija": 2,
  "atraktivan": 2,
  "atraktivnost": 2,
  "aura": 1,
  "avaj": -1,
  "avantura": 2,
  "avanture": 2,
  "avanturistički": 2,
  "Avenged": -2,
  "Avengers": -2,
  "Awaits": -1,
  "axed": -1,
  "bačena": -2,
  "badass": -3,
  "Bamboozled": -2,
  "bamboozles": -2,
  "bankrotiran": -3,
  "bankster": -3,
  "barijera": -2,
  "basnoslovan": 4,
  "basnoslovno": 4,
  "batine": -1,
  "bereaves": -2,
  "bereaving": -2,
  "bešavni": 2,
  "beskorisnost": -2,
  "beskoristan": -2,
  "beskućnik": -2,
  "besmislen": -2,
  "besmislica": -2,
  "besmrtan": 2,
  "besplatno": 1,
  "besplodan": -2,
  "bespomoćan": -2,
  "besprijekoran": 2,
  "besprijekorno": 2,
  "best damn": 4,
  "Betrays": -3,
  "bez greške": 2,
  "Bez obzira na": -2,
  "bez odbrane": -2,
  "bez podrške": -2,
  "bez premca": 1,
  "bez radosti": -2,
  "bez značenja": -2,
  "bez zuba": -2,
  "bezbrižan": 1,
  "bezdušan": -2,
  "beživotan": -1,
  "beznačajan": -2,
  "beznadežan": -2,
  "beznadežnost": -2,
  "bezvjeran": -1,
  "bezvoljan": -2,
  "bezvrijedan": -2,
  "bijeda": -2,
  "bijedan": -2,
  "bijeg": -1,
  "bijes": -2,
  "bijesan": -3,
  "bitan": 2,
  "bitches": -5,
  "bitka": -1,
  "bitke": -1,
  "bitno": 1,
  "bizaran": -2,
  "bjesniti": -3,
  "bla": -2,
  "blaga": 2,
  "blago": 2,
  "blagonaklon": 3,
  "blagoslov": 3,
  "blagoslovi": 2,
  "blagosloviti": 2,
  "blagostanje": 2,
  "blatnjav": -2,
  "blažen": 3,
  "blaženstvo": 3,
  "blistav": 3,
  "bljutav": -2,
  "blockbuster": 3,
  "blokada": -2,
  "blokiran": -1,
  "blokiranje": -1,
  "blokirati": -1,
  "blokovi": -1,
  "bog": 1,
  "bogat": 2,
  "bogatiji": 2,
  "bogato": 2,
  "bogatstvo": 3,
  "bojkot": -2,
  "bojkoti": -2,
  "bojkotovali": -2,
  "bojkotuje": -2,
  "bol": -2,
  "bolan": -2,
  "bolest": -1,
  "bolestan": -2,
  "bolesti": -1,
  "boli": -2,
  "bolje": 2,
  "bolno": -2,
  "bomba": -1,
  "borba": -1,
  "borbama": -1,
  "borbe": -2,
  "bore": -2,
  "borila": -1,
  "božji dar": 4,
  "branitelj": 2,
  "branitelji": 2,
  "bravura": 3,
  "braža": -2,
  "briga": 2,
  "brige": -3,
  "brilliances": 3,
  "bris": -2,
  "brižan": 2,
  "brutalan": -3,
  "brutalno": -3,
  "bruto": -2,
  "brz": 2,
  "brzo": 2,
  "bučan": -1,
  "budala": -2,
  "budalast": -2,
  "budale": -2,
  "bujan": 4,
  "buntovan": -2,
  "bušotina": -2,
  "čaroban": 3,
  "čast": 3,
  "čekati": -1,
  "cenzor": -2,
  "cenzori": -2,
  "cenzurisano": -2,
  "čestitam": 2,
  "čestitati": 2,
  "čestitka": 2,
  "čestitke": 2,
  "čežnja": 1,
  "charmless": -3,
  "cheats": -3,
  "cijeneći": 2,
  "cijeni": 2,
  "cijeniti": 2,
  "cijenjen": 2,
  "ciničan": -2,
  "cinik": -2,
  "cinizam": -2,
  "čist": 2,
  "čistač": 2,
  "clueless": -2,
  "cocky": -2,
  "čok": -2,
  "conciliates": 2,
  "consolable": 2,
  "cool stvari": 3,
  "čovjek koji diže uzbunu bez razloga": -2,
  "criminated": -3,
  "criminates": -3,
  "crnčuga": -5,
  "crnje": -5,
  "crno pivo": 2,
  "čuda": 3,
  "čudan": -1,
  "ćudljiv": -1,
  "čudno": -1,
  "čudo": 4,
  "curenje": -1,
  "da": 1,
  "da naljuti": -2,
  "damn cute": 3,
  "dati ostavku": -1,
  "davanje": 1,
  "deficit": -2,
  "deformacija": -2,
  "deformisan": -2,
  "deformiteti": -2,
  "degradira": -2,
  "degradiranih": -2,
  "degradirati": -2,
  "dehumanizovana": -2,
  "dehumanizovati": -2,
  "dehumanizuje": -2,
  "dehumanizujući": -2,
  "dejecting": -2,
  "dejects": -2,
  "demantiji": -2,
  "demonstracija": -1,
  "demonstranti": -2,
  "demoralisana": -2,
  "demoralisati": -2,
  "demorališe": -2,
  "demorališuće": -2,
  "den": -2,
  "deponije": -1,
  "deportacija": -2,
  "deportacije": -2,
  "deportaciju": -2,
  "deportiralo": -2,
  "deportovan": -2,
  "deportovati": -2,
  "depresivan": -2,
  "deriding": -2,
  "Despairs": -3,
  "devotional": 2,
  "dezinformacija": -2,
  "dezorijentisani": -2,
  "dijamant": 1,
  "dilema": -1,
  "dilligence": 2,
  "dimljiv": -2,
  "dirljiv": 2,
  "disconsolation": -2,
  "disfunkcija": -2,
  "diskontiranog": -1,
  "diskreditovanog": -2,
  "diskriminacija": -2,
  "diskriminacioni": -2,
  "diskriminisani": -2,
  "diskvalifikovan": -2,
  "Disrupting": -2,
  "distrakcija": -2,
  "divan": 5,
  "dive": 3,
  "diveći": 3,
  "diviti se": 3,
  "divlja navala": -2,
  "divno": 3,
  "djela": -2,
  "djetinjast": -2,
  "doĂu": -2,
  "dobio potvrdu": 1,
  "dobit": 2,
  "dobra volja": 3,
  "dobro": 3,
  "dobro došli": 2,
  "dobro fokusiran": 2,
  "dobro jutro": 1,
  "dobro njegovan": 2,
  "dobro razvijena": 2,
  "dobro zastupao": 3,
  "dobrota": 3,
  "dobrotvor": 2,
  "dobrotvoran": 2,
  "dobrotvori": 2,
  "dodging": -2,
  "dodgy": -2,
  "dodijeliti": 1,
  "dogovoren": 1,
  "doličiti": 2,
  "donacija": 2,
  "doniranje": 2,
  "donirao": 2,
  "donirati": 2,
  "dont like": -2,
  "dopadljiv": 2,
  "dopao": 2,
  "dopustiti": 1,
  "dosada": -2,
  "dosadan": -2,
  "dosadno": -2,
  "dosluhu": -3,
  "dosta": -3,
  "dostići": 1,
  "dostignuća": 2,
  "dostignuće": 2,
  "dostižan": 1,
  "dostojan": 2,
  "dostojanstvo": 2,
  "dostupan": 2,
  "dostupno": 1,
  "doviknuti": 2,
  "Downer": -2,
  "downhearted": -2,
  "drag": 2,
  "dragi": 3,
  "dragocjen": 2,
  "dragulj": 3,
  "drekavac": -3,
  "drhtanje": -2,
  "drhtav": -2,
  "drolja": -5,
  "Droopy": -2,
  "dubiozan": -2,
  "dug": -2,
  "duh": 1,
  "dump": -1,
  "dupe": -4,
  "durenje": -2,
  "efektivan": 2,
  "efektno": 2,
  "efikasnost": 2,
  "ekološki": 2,
  "ekskluzivan": 2,
  "eksploataciju": -2,
  "eksploatisan": -2,
  "ekstremista": -2,
  "ekstremisti": -2,
  "elegantan": 3,
  "elegantno": 2,
  "empatičan": 2,
  "Enchanted": 2,
  "energičan": 2,
  "energija": 3,
  "Envies": -1,
  "etično": 2,
  "euforičan": 4,
  "euforija": 3,
  "evakuacija": -1,
  "evakuisan": -1,
  "evakuisati": -1,
  "evakuiše": -1,
  "evakuišu": -1,
  "evergreena": 2,
  "evergreening": -3,
  "exasparate": -2,
  "exhilarates": 3,
  "fagot": -3,
  "fail": -2,
  "Faking": -3,
  "falsifikati": -3,
  "falsifikovani": -3,
  "falsifikovati": -3,
  "fanatici": -2,
  "fanatik": -2,
  "fantastičan": 4,
  "fascinantan": 3,
  "fascinira": 3,
  "fašisti": -2,
  "fašistički": -2,
  "fatalan": -3,
  "fatalnost": -3,
  "favorited": 2,
  "fenomenalan": 4,
  "fer": 2,
  "fijasko": -3,
  "filantropija": 2,
  "fin": 3,
  "fitnes": 1,
  "flops": -2,
  "fobiju": -2,
  "fokusiran": 2,
  "foreclosure": -2,
  "frikin": -2,
  "Frowning": -1,
  "frustracija": -2,
  "frustrira": -2,
  "frustrirajući": -2,
  "frustriran": -2,
  "ftw": 3,
  "fucker": -4,
  "fucktard": -4,
  "FUD": -3,
  "fuj": -2,
  "fuked": -4,
  "fuking": -4,
  "funky": 2,
  "gadan": -3,
  "gade": -3,
  "gađenje": -3,
  "gadio": -3,
  "gadovi": -5,
  "galantan": 3,
  "galantno": 3,
  "garancija": 1,
  "geg": -2,
  "gegajući": -2,
  "glad": -2,
  "gladan": -2,
  "gladovati": -2,
  "gladuje": -2,
  "Glamourous": 3,
  "glavobolja": -2,
  "glup": -1,
  "glupan": -3,
  "glupo": -2,
  "glupost": -3,
  "gnjevan": -3,
  "gnuša": -3,
  "gnušati se": -3,
  "gomila": -1,
  "goni": -1,
  "goniti": -1,
  "gonjenje": -1,
  "goofiness": -2,
  "gorak": -2,
  "gore": -3,
  "goropadnica": -4,
  "gostoljubiv": 2,
  "govnar": -4,
  "Gr8": 3,
  "grand": 3,
  "granica": -1,
  "grč": -1,
  "grdi": -3,
  "grditi": -2,
  "green wash": -3,
  "greenwash": -3,
  "greenwasher": -3,
  "greenwashers": -3,
  "greenwashing": -3,
  "Greets": 1,
  "greška": -2,
  "greške": -2,
  "greške u": -2,
  "grijeh": -2,
  "grijeha": -2,
  "griješan": -3,
  "gripa": -2,
  "gripozan": 2,
  "grob": -2,
  "grozan": -2,
  "groznica": -2,
  "grozno": -1,
  "grub": -2,
  "grubo": -2,
  "gubi": -3,
  "gubici": -3,
  "gubitak": -2,
  "gubiti boju": -2,
  "gubitnik": -3,
  "gubljenje": -3,
  "gušenje": -2,
  "guši": -2,
  "gušti": 3,
  "gužva": -1,
  "ha": 2,
  "hacked": -1,
  "Haha": 3,
  "hahaha": 3,
  "hahahah": 3,
  "haos": -2,
  "haotično": -2,
  "haplessness": -2,
  "hapšenja": -2,
  "harmoničan": 2,
  "harmonija": 2,
  "Hates": -3,
  "Haunting": 1,
  "Haunts": -1,
  "hazarder": 2,
  "heavyhearted": -2,
  "hehe": 2,
  "heroj": 2,
  "heroji": 2,
  "herojski": 3,
  "histeričan": -3,
  "histerija": -3,
  "hitan": -1,
  "hladan": 1,
  "hlađenje": -1,
  "hrabar": 2,
  "hrabro": 2,
  "hrabrošću": 2,
  "hrabrost": 3,
  "hrabrosti": 2,
  "hrom": -2,
  "huligan": -2,
  "huligana": -2,
  "huliganstvo": -2,
  "human": 2,
  "humerous": 3,
  "humor": 2,
  "humorističke": 2,
  "hvala": 2,
  "hvalisav": -2,
  "Icky": -3,
  "idiot": -3,
  "idiotizam": -3,
  "idiotski": -3,
  "ignorisanje": -2,
  "ignoriše": -1,
  "ignorišu": -2,
  "imbecil": -3,
  "imobilisane": -1,
  "imovina": 2,
  "Impeachments": -3,
  "impedingly": -2,
  "impotentan": -2,
  "impozantan": -1,
  "impresionira": 3,
  "impresioniran": 3,
  "impresionirati": 3,
  "impresivan": 3,
  "imun": 1,
  "indoktrinaciju": -2,
  "indoktrinira": -2,
  "indoktrinirani": -2,
  "indoktrinisati": -2,
  "inediable": -2,
  "infantilan": -2,
  "infantilizovalo": -2,
  "infekcija": -2,
  "infekcije": -2,
  "inferioran": -2,
  "infests": -2,
  "inficira": -2,
  "inficiran": -2,
  "infract": -2,
  "infracted": -2,
  "infracting": -2,
  "infracts": -2,
  "inhibirati": -1,
  "inkvizicija": -2,
  "inovacija": 1,
  "inovativan": 2,
  "inovira": 1,
  "insolventan": -2,
  "inspiracija": 2,
  "inspirativna": 2,
  "Inspires": 2,
  "inspirisati": 2,
  "inspirišući": 3,
  "integritet": 2,
  "inteligentan": 2,
  "intenzivan": 1,
  "interes": 1,
  "interesi": 1,
  "intimnost": 2,
  "intransigency": -2,
  "invaliditetom": -2,
  "invalidnost": -2,
  "invazija": -1,
  "iracionalan": -1,
  "ireverzibilan": -1,
  "iritira": -3,
  "ironičan": -1,
  "ironija": -1,
  "irreproducible": -2,
  "iščašen": -2,
  "iscrpljen": -2,
  "iseljenje": -1,
  "iskače iz šina": -2,
  "iskidan": -2,
  "isključena": -2,
  "isključenje": -1,
  "isključila": -2,
  "isključiti": -1,
  "iskoristiti": -2,
  "iskra": 1,
  "iskren": 3,
  "iskreno": 2,
  "iskrenost": 2,
  "iskričav": 3,
  "iskriviti": -2,
  "iskrivljen": -2,
  "iskrivljuju": -2,
  "iskušenje": -2,
  "iskvaren": -3,
  "ismijava": -2,
  "ismijavana": -2,
  "ismijavanje": -2,
  "ispada": -2,
  "ispiranje mozga": -3,
  "ispitivan": -2,
  "ispitivanje": -1,
  "isprekidan": -2,
  "ispuniti": 2,
  "ispunjava": 2,
  "ispunjeni": 2,
  "ispunjenje": 2,
  "ispustiti": -1,
  "istaknut": 2,
  "istaknuti": 2,
  "istina": 2,
  "istraživanja": 1,
  "istraživanje": 1,
  "Isus": 1,
  "isušen": -2,
  "izaći": -2,
  "izazov": -1,
  "izazvala": -1,
  "izbaciti iz kolosjeka": -2,
  "izbijanja": -2,
  "izbijanje": -2,
  "izbjeći": -1,
  "izbjegava": -1,
  "izbjegavati": -1,
  "izbjegnuta": -1,
  "izbo": -2,
  "izdaja": -3,
  "izdajnički": -3,
  "izdaju": -3,
  "izdao": -3,
  "izdržljiv": 2,
  "izdržljivost": 2,
  "izgladneo": -2,
  "izgled": 1,
  "izgovor": -1,
  "izgrditi": -2,
  "izgubiti": -2,
  "izgubljen": -3,
  "izlaganja": -1,
  "izlaganje": -1,
  "izložen": -1,
  "izložiti": -1,
  "izmanevrisani": -2,
  "izmanipulisani": -1,
  "izmišljeno": -1,
  "iznenađen": 2,
  "iznenađenja": -2,
  "iznevjeriti": -3,
  "izolaciju": -2,
  "izolovan": -1,
  "izostanaka": -1,
  "izraslina": 2,
  "izricanje kazne": -2,
  "izvanredan": 5,
  "izveštava pravilno": -2,
  "izvini": -1,
  "izvinio": -1,
  "izvinjava": -1,
  "izvinjenje": -1,
  "izvinjenjem": -1,
  "izvršiti": 1,
  "jača": 2,
  "jačanje": 2,
  "jači": 2,
  "jadan i nesrećan": -2,
  "jadno": -3,
  "jak": 2,
  "jao": -2,
  "jasno": 1,
  "jasnoća": 2,
  "jauk": -2,
  "jauke": -2,
  "jebaču": -4,
  "jebani": -3,
  "jebati": -4,
  "jebeni": -4,
  "jebeni amazing": 4,
  "jebeni ljubavi": 4,
  "jebeni slatka": 4,
  "jebeno dobar": 4,
  "jebeno fantastično": 4,
  "jebeno prekrasne": 4,
  "jebeno savršen": 4,
  "jebeno sjajno": 4,
  "jebeno vruće": 2,
  "jeca": -3,
  "jedak": -3,
  "jedinstven": 1,
  "jednim jedinim": -2,
  "jednoličan": -2,
  "jednom u životu": 3,
  "jednostavnost": 1,
  "Jewels": 1,
  "jezerce": -2,
  "jeziv": -2,
  "kadi": -2,
  "kandidat": -1,
  "kao": 2,
  "kapriciozan": 1,
  "karizma": 2,
  "kasapljenje": -2,
  "kašičica": 3,
  "katastrofa": -2,
  "katastrofalan": -3,
  "kazna": -2,
  "kazne": -2,
  "kazneni": -2,
  "kaznio": -3,
  "kazniti": -2,
  "kažnjava": -2,
  "kažnjavanja": -2,
  "kažnjavanje": -2,
  "kažnjavati": -2,
  "kažnjen": -2,
  "kažnjeni": -2,
  "kihanje": -2,
  "kija": -2,
  "kills": -3,
  "kinder": 2,
  "kinuo": -2,
  "kišni": -1,
  "kletva": -1,
  "klevetnički": -2,
  "klicanje": 2,
  "klicati": 2,
  "klizanje": -1,
  "klizav": 2,
  "kočnica": -1,
  "koja krši i": -2,
  "koji dira u srce": 3,
  "koji izaziva bijes": -3,
  "koji mrzi": -3,
  "koji pada": -1,
  "koji podržava": 1,
  "koji remeti": -2,
  "koji voli": 2,
  "koji zapaža razlike": -2,
  "kolaps": -2,
  "kolebanje": -1,
  "komedija": 1,
  "komplikuje": -2,
  "kompliment": 2,
  "konfliktan": -2,
  "konkurentan": 2,
  "kontaminacija": -2,
  "kontaminirati": -2,
  "kontroverzan": -2,
  "kontroverze": -2,
  "kontroverzno": -2,
  "kopile": -5,
  "korisno": 2,
  "korisnost": 2,
  "korist": 2,
  "koristan": 2,
  "korupcija": -3,
  "kose crte": -2,
  "koža": -1,
  "krađa": -2,
  "kratkovidi": -2,
  "kratkovidost": -2,
  "kreativan": 2,
  "kreten": -3,
  "krici": -2,
  "krijumčarenje": -2,
  "krik": -1,
  "kriminalac": -3,
  "kriminalci": -3,
  "kritičar": -2,
  "kritičari": -2,
  "kritika": -2,
  "kritikovala": -3,
  "kritikovao": -2,
  "kritikovati": -2,
  "kritikuje": -2,
  "kritikujući": -2,
  "kriv": -3,
  "krivi": -2,
  "krivica": -2,
  "krivična dela": -3,
  "krivokletstvo": -3,
  "kriza": -3,
  "kršenje": -2,
  "krši": -2,
  "krvav": -3,
  "kuga": -3,
  "kuja": -5,
  "kukavica": -2,
  "kukavički": -2,
  "kune": -2,
  "kurac": -4,
  "kurtalisanje": -2,
  "kurva": -4,
  "kurvin sin": -4,
  "kvalitet": 2,
  "kvalitetama": 2,
  "kvari": -3,
  "kvarova": -2,
  "labav": -3,
  "LAG": -2,
  "lagao": -2,
  "lako": 1,
  "lakova": 1,
  "lakovjeran": -2,
  "lakovjernost": -2,
  "lakrdija": -1,
  "laughting": 1,
  "lawl": 3,
  "lažan": -1,
  "lažnih": -4,
  "lažno": -2,
  "lažno predstavljanje": -2,
  "lažno prikazuju": -2,
  "lažov": -3,
  "leđa": 1,
  "legalno": 1,
  "lepotice": 3,
  "les": -1,
  "letalitet": -2,
  "letargičan": -2,
  "letargija": -2,
  "Liars": -3,
  "licemjeran": -2,
  "lijen": -1,
  "lijep": 3,
  "lijepo": 3,
  "Likers": 2,
  "likujući": 3,
  "lišavanje": -3,
  "ljepota": 3,
  "ljepote": 3,
  "ljubak": 2,
  "ljubav": 3,
  "ljubavidobrote": 3,
  "ljubazan": 2,
  "ljubaznost": 2,
  "ljubitelji": 2,
  "ljubomora": -2,
  "ljubomoran": -2,
  "ljupko": 3,
  "ljut": -2,
  "ljutnja": -3,
  "lmao": 4,
  "lmfao": 4,
  "Loathes": -3,
  "lobi": -2,
  "lobirali": -2,
  "lobiranje": -2,
  "lobista": -2,
  "lobisti": -2,
  "lojalnost": 3,
  "lol": 3,
  "LOLOL": 4,
  "lololol": 4,
  "lolololol": 4,
  "lool": 3,
  "loool": 3,
  "LOOOOL": 3,
  "loš": -2,
  "loša sreća": -2,
  "Loša strana": -2,
  "loše": -3,
  "lošeg ponašanja": -2,
  "lud": -2,
  "ludaci": -3,
  "ludak": -3,
  "luđi": -2,
  "ludilo": -2,
  "ludo": -3,
  "lukav": 2,
  "luksuz": 2,
  "magarac": -4,
  "magaraca": -4,
  "mahnit": -1,
  "maladaption": -2,
  "maldevelopment": -2,
  "malodušan": -2,
  "maltretira": -3,
  "maltretiraju": -2,
  "maltretiranje": -2,
  "mana": -2,
  "mane": -2,
  "manipulacija": -1,
  "manjini": -2,
  "manjkav": -2,
  "maske": -1,
  "maskiran": -1,
  "maštovit": 2,
  "materija": 1,
  "medalja": 3,
  "meditativan": 1,
  "melanholija": -2,
  "memoriam": -2,
  "metež": -3,
  "metodički": 2,
  "metodično": 2,
  "milost": 2,
  "milostiv": 3,
  "mimoilaže": -3,
  "mir": 2,
  "miran": 2,
  "mirisi": -2,
  "miriti": 2,
  "mirno": 2,
  "mirthfully": 3,
  "misbranding": -3,
  "mischiefs": -1,
  "misclassifies": -2,
  "misclassify": -2,
  "misconducted": -2,
  "misconducting": -2,
  "misplaces": -2,
  "misreports": -2,
  "mit": -1,
  "mito": -3,
  "mizeran": -3,
  "mladalački": 2,
  "moaned": -2,
  "moćan": 2,
  "Mocks": -2,
  "modar": -2,
  "modernizacije": 2,
  "moderniziran": 2,
  "modernizovati": 2,
  "modernizuje": 2,
  "mogućnosti": 2,
  "mokraća": -4,
  "moli": 1,
  "molim vas": 1,
  "moliti": 1,
  "moljenje": 1,
  "mongering": -2,
  "monopol": -2,
  "monopolizacije": -2,
  "monopolizira": -2,
  "monopolizovati": -2,
  "monotonija": -1,
  "motherfucker": -5,
  "motivacija": 1,
  "motiviranje": 2,
  "motivisan": 2,
  "motivisati": 1,
  "Mourns": -2,
  "može \"t stand": -3,
  "mračan": -2,
  "mrak": -1,
  "mrlja": -2,
  "mrtav": -2,
  "mrzi": -3,
  "mrzitelja": -3,
  "mrziti": -3,
  "mržnja": -3,
  "mrzovoljan": -2,
  "muče": -3,
  "mučen": -4,
  "mučenja": -4,
  "mučenje": -4,
  "mučiti": -3,
  "mudrost": 1,
  "muka": -2,
  "mutno": -2,
  "n00b": -2,
  "na brodu": 1,
  "na odgovarajući način": 2,
  "nada": 2,
  "nadahnut": 2,
  "nadajmo se": 2,
  "nadajući": 2,
  "nadati se": 2,
  "nade": 2,
  "nadležan": 2,
  "nadležnosti": 1,
  "nadražiti": -3,
  "nadražujući": -3,
  "nadut": -1,
  "nadzor": -1,
  "naglasio": -2,
  "nagrada": 3,
  "nagrade": 2,
  "nagrađen": 3,
  "nagrađeni": 2,
  "nagrađivanje": 2,
  "naivan": -2,
  "naivni": -2,
  "najbolje": 3,
  "najboljih": 3,
  "najčistija": 1,
  "najgore": -3,
  "najiskrenije": 2,
  "najjači": 2,
  "najljući": -2,
  "najluđa": -2,
  "najmračnije": -2,
  "najniži": -1,
  "Najomiljeniji": 2,
  "najoštriji": -2,
  "najpametniji": 2,
  "najplemenitijih": 2,
  "najprljavijim": -2,
  "najsiromašnije": -2,
  "najsjajnije": 2,
  "najslađe": 3,
  "najsretniji": 3,
  "najveći": 3,
  "nakaza": -2,
  "nakit": 1,
  "naklonost": 2,
  "nameće": -1,
  "nameću": -1,
  "nametnuti": -1,
  "namučen": -3,
  "nanijeti": -2,
  "nanoseći": -2,
  "nanosi": -2,
  "napad": -1,
  "napada": -1,
  "napadi": -1,
  "napadnut": -1,
  "napale": -2,
  "napet": -2,
  "napeto": -2,
  "napora": 2,
  "naporan": -2,
  "napredak": 2,
  "napredan": 1,
  "napušta": -2,
  "napušten": -2,
  "napustiti": -2,
  "narcisizam": -2,
  "naredni": 3,
  "narušava": -2,
  "narušavanja": -2,
  "nasamariti": -2,
  "naselja": 1,
  "naselje": 1,
  "nasilan": -3,
  "nasilje": -3,
  "nasilje u vezi": -3,
  "nasilnik": -4,
  "nasmejao": 1,
  "nasmijan": 2,
  "nasrtati": -2,
  "navijali": 2,
  "navod": -2,
  "navode": -2,
  "nažalost": -2,
  "nazire": -1,
  "ne": -1,
  "ne odobrava": -2,
  "ne poštuje": -2,
  "ne radi": -3,
  "ne slagati se": -2,
  "ne sviđa": -2,
  "ne vjerovati": -2,
  "neaktivnost": -2,
  "neatraktivan": -2,
  "nebeski": 4,
  "necijenjen": -2,
  "nečistoća": -2,
  "nedela": -2,
  "Nedolični": -2,
  "nedolično ponašanje": -2,
  "nedolično se ponašati": -2,
  "nedopadljiv": -2,
  "nedostaci": -2,
  "nedostajati": -2,
  "nedostatak": -2,
  "nedostižan": 2,
  "nedostojan": -2,
  "nedostupan": -1,
  "nedovoljan": -2,
  "nedovoljno": -2,
  "nedovoljno kuhanog": -2,
  "nedovoljnost": -2,
  "neefikasan": -2,
  "neefikasno": -2,
  "neefikasnost": -2,
  "neetički": -2,
  "nefokusiran": -2,
  "negativan": -2,
  "negativnost": -2,
  "negira": -2,
  "negirajući": -2,
  "negodovanja": -2,
  "negodovanje": -2,
  "negovanje": 2,
  "nehigijenski": -2,
  "nehuman": -2,
  "neimpresioniran": -2,
  "neinspirisan": -2,
  "neinteligentan": -2,
  "neispravan": -2,
  "neispunjen": -2,
  "neistinit": -2,
  "neistraženim": -2,
  "neizvjestan": -1,
  "nejasan": -1,
  "neka vrsta": 0,
  "neki": 1,
  "nelagodan": -2,
  "nelagodnost": -2,
  "nelegitimni": -3,
  "nelogičan": -2,
  "nemaran": -2,
  "nemilosrdan": -1,
  "nemiran": -2,
  "nemiri": -2,
  "nemoćan": -2,
  "nemotivisan": -2,
  "nenadoknadiv": -2,
  "nenaklonost": -2,
  "nenamjeran": -2,
  "nenaučni": -2,
  "neodgovarajući": -2,
  "neodgovoran": -2,
  "neodgovorno": -2,
  "neodlučan": -1,
  "neodlučno": -2,
  "neodobravanje": -2,
  "neodobrenih": -2,
  "neodobrenim": -2,
  "neodoljiv": 2,
  "neodoljivo": 2,
  "neoprostiv": -3,
  "neoriginalan": -2,
  "neosjetljiv": -2,
  "neosjetljivost": -2,
  "neparlamentarni": -2,
  "nepismenost": -2,
  "nepobjediv": 2,
  "nepodesnost": -2,
  "nepodnošljivo": -2,
  "nepopustljiv": -2,
  "nepopustljivost": -2,
  "nepošten": -2,
  "nepoštovanje": -2,
  "nepotpun": -1,
  "nepotvrđen": -1,
  "nepovezan": -2,
  "nepovjerenje": -3,
  "nepovjerljiv": -1,
  "nepovoljan": -2,
  "nepovratno": -1,
  "nepoželjan": -2,
  "nepravda": -2,
  "nepravedan": -2,
  "nepravedno": -2,
  "nepravilno": -2,
  "neprihvatljiv": -2,
  "neprijatan": -2,
  "neprijatelj": -2,
  "neprijatelji": -2,
  "neprijateljski": -2,
  "neprijateljstvo": -2,
  "neprijatnost": -2,
  "neprikladno": -2,
  "neprimjetno": 2,
  "nepristojan": -2,
  "nepristrasan": 2,
  "neprodanih": -1,
  "neprofesionalan": -2,
  "nepromišljen": -2,
  "nepropisno": -2,
  "neranjiv": 2,
  "neravnopravan": -1,
  "nerazumljiv": -2,
  "nered": -2,
  "nervira": -2,
  "nervozan": -1,
  "nervozno": -2,
  "nesanica": -2,
  "nesavršen": -2,
  "nesebičan": 2,
  "nesiguran": -1,
  "neslaganje": -2,
  "nesnosan": -2,
  "nesporazum": -2,
  "nesposoban": -2,
  "nesposobnost": -2,
  "nespretan": -2,
  "nesrazmjeran": -2,
  "nesreća": -2,
  "nesretan": -2,
  "nestabilan": -2,
  "nestaje": -1,
  "nestao": -1,
  "nestašan": 2,
  "nestašica": -2,
  "Nestašluk": -1,
  "nestati": -1,
  "nešto neprijatno": -2,
  "nestrpljiv": -2,
  "nestrpljivo": 2,
  "nesvjestan": -2,
  "netačno iznošenje": -2,
  "netaknut": 2,
  "neubijeđen": -1,
  "neublaživ": -2,
  "neudoban": -2,
  "neugodnost": -2,
  "neuk": -2,
  "neukusan": -2,
  "neumoljiv": -3,
  "neuništenog sjaja": 2,
  "neuništiv": 2,
  "neuređen": -2,
  "neuspjeh": -2,
  "neuspješan": -2,
  "neuspješno": -2,
  "neustrašiv": 2,
  "neustrašivost": 2,
  "neutješan": -2,
  "neveseo": -2,
  "nevičan": -2,
  "nevjerovatan": 4,
  "nevjerovatno": -1,
  "nevolja": -2,
  "nevolje": -2,
  "nevoljen": -2,
  "nezaboravan": 1,
  "nezadovoljan": -2,
  "nezadovoljavajućeg": -2,
  "nezadovoljstvo": -2,
  "nezahvalan": -3,
  "nezakonit": -2,
  "nezakonito": -3,
  "nezaposlen": -1,
  "nezaposlenost": -2,
  "nezaštićen": -2,
  "nezaustavljiv": 2,
  "nezdrav": -2,
  "neželjen": -2,
  "neželjena pošta": -2,
  "nezgodan": -2,
  "neznanje": -2,
  "nije": -2,
  "nije dobro": -2,
  "nije zabavno": -3,
  "njegovati": 2,
  "njeguje": 2,
  "nježnost": 2,
  "njuškalo": -2,
  "noob": -2,
  "nosači": 2,
  "nostalgičan za domom": -2,
  "nuspojava": -2,
  "nuspojave": -2,
  "obaranje": -3,
  "obasjava": 2,
  "obavezan": -1,
  "obazriv": -1,
  "obećan": 1,
  "obećanja": 1,
  "obećanje": 1,
  "obeshrabreni": -2,
  "obeshrabriti": -2,
  "obezbijediti": 1,
  "obezbje uje": 2,
  "obilaženje": -2,
  "obiman": 2,
  "obmana": -3,
  "obmane": -3,
  "obmanjiv": -3,
  "obmanjivati": -3,
  "obmanjuje": -3,
  "obmanut": -3,
  "obnavlja": 1,
  "obnovljena": 1,
  "oboren pogled": -2,
  "obožava": 3,
  "obožavala": 3,
  "obožavali": 3,
  "obožavanje": 3,
  "obožavanjem": 3,
  "obožavati": 3,
  "obradovao": 4,
  "obustaviti": -1,
  "očaj": -3,
  "očajan": -3,
  "očajnički": -3,
  "očarati": 3,
  "očaravajući": 3,
  "očekivani": -1,
  "očvrsnuti": 2,
  "odan": 3,
  "odanost": 2,
  "odbačene": -1,
  "odbacila": -1,
  "odbacio": -2,
  "odbaciti": -1,
  "odbacivanje": -1,
  "odbacuje": -1,
  "odbacujući": -1,
  "odbija": -2,
  "odbijanje": -1,
  "odbijen": -1,
  "odbiti": -1,
  "odbojan": -2,
  "odgađanje": -1,
  "odgođen": -1,
  "odgoditi": -1,
  "odgovara": 2,
  "odgovarati": 1,
  "odgovoran": 2,
  "odgovornost": 1,
  "odjavljen": -1,
  "odlaganja": -1,
  "odlaganje": -1,
  "odličan": 3,
  "odličnost": 3,
  "odloženo": -1,
  "odložio": -1,
  "odlučan": 2,
  "odlučujući": 1,
  "odobrava": 2,
  "odobren": 2,
  "odobrenje": 2,
  "odobreno": 1,
  "odobrio": 2,
  "odobriti": 2,
  "odori": -2,
  "održivo": 2,
  "održivog": 2,
  "održivost": 1,
  "odsutni": -1,
  "odugovlačenja": -2,
  "oduševljen": 5,
  "odvažan": 3,
  "odvojen": -1,
  "odvratan": -2,
  "odvratiti": -2,
  "odziv": 2,
  "ofanziva": -2,
  "ofanzivno": -2,
  "ogorčen": -2,
  "ogorčene zbog": -2,
  "ogorčenje": -2,
  "ogorčeno": -2,
  "ogranićavaju": -2,
  "ograničavanje": -2,
  "ograničen": -1,
  "ograničenje": -1,
  "ograničiti": -2,
  "ogroman": 1,
  "ohrabrenje": 2,
  "ohrabrili": 2,
  "ohrabriti": 2,
  "ohrabruje": 2,
  "ohrabrujući": 2,
  "ojačati": 2,
  "okamenjen": -2,
  "oklijevati": -2,
  "okrečiti": -3,
  "okrivljen": -2,
  "okrivljujući": -2,
  "okrutan": -3,
  "okrutni": -2,
  "okrutnost": -3,
  "OKS": 2,
  "oksimoron": -1,
  "olakšice": 1,
  "ološ": -4,
  "olupina": -2,
  "omalovažava": -2,
  "omalovažavam": -2,
  "omalovažio": -2,
  "omaškom": -2,
  "ometa": -2,
  "ometanja": -2,
  "ometanje": -2,
  "ometati": -2,
  "omiljen": 2,
  "omiljene": 2,
  "omrznut": -3,
  "onaj koji ima potporu": 1,
  "onemogućavanje": -1,
  "onesposobljava": -2,
  "onesposobljavanja": -2,
  "onesposobljen": -2,
  "oops": -2,
  "opasan": -2,
  "opasno": -2,
  "opasnost": -2,
  "opčinjen": 3,
  "oplakivanje": -2,
  "oplemenjuje": 1,
  "opljačkati": -2,
  "opomene": -2,
  "opomenuo": -2,
  "opravdan": 2,
  "opravdano": 2,
  "opravdati": 2,
  "opravdava": 2,
  "oprema": -1,
  "oprezan": 3,
  "opreznost": 2,
  "oprostiti": 1,
  "opscen": -2,
  "opsjednut": 2,
  "opstruirala": -2,
  "opstrukcija": -2,
  "opterećen": -2,
  "opterećenja": -2,
  "opterećuje": -2,
  "optimistički": 2,
  "optimizam": 2,
  "optionless": -2,
  "optužba": -2,
  "optužbe": -2,
  "optužen": -2,
  "optužiti": -2,
  "optužuje": -2,
  "optužujući": -2,
  "opušten": 2,
  "opustošen": -2,
  "opustošiti": -2,
  "orasi": -3,
  "orijentir": 2,
  "ošamućen": -1,
  "osiguran": 2,
  "osigurati": 2,
  "osiguravanje": 1,
  "osip": -2,
  "osjećaj": 1,
  "osjećajan": 2,
  "oslabljen": 2,
  "oslabljena": -2,
  "oslobađa": 2,
  "oslobađajuća": 2,
  "oslobađajući": 2,
  "oslobođen": 2,
  "oslobođen optužbe": 2,
  "oslobođeni": 2,
  "oslobodio": 2,
  "osloboditi": 2,
  "osmijeh": 2,
  "osnaživanje": 2,
  "osporavanje": -2,
  "osposobiti": 2,
  "osramoćenog": -2,
  "osramotila": -2,
  "osrednjost": -3,
  "oštar": 1,
  "ostaviti": -1,
  "ostavke": -1,
  "oštećen": -2,
  "oštećeni": -2,
  "ošteti": -3,
  "ostracizes": -2,
  "oštrije": -2,
  "ostvariti": 2,
  "ostvaruje": 2,
  "osuda": -2,
  "osuđen": -2,
  "osudio": -2,
  "osuditi": -2,
  "osuđivati": -2,
  "osuđuje": -2,
  "osujećena": -2,
  "osujetilo,": -2,
  "osujetiti": -2,
  "osumnjičen": -1,
  "osumnjičenih": -1,
  "osvećuje": -2,
  "osveta": -2,
  "osveti": -2,
  "osvetnički": -2,
  "osvetnik": -2,
  "osvetoljubiv": -2,
  "osvijetliti": 2,
  "osvježavajuće": 2,
  "otet": -2,
  "oteti": -2,
  "otežan": -2,
  "otežana": -2,
  "otežavajući": -2,
  "otkaz": -2,
  "otkazan": -1,
  "otkazati": -1,
  "otkazivanje": -1,
  "otkazuje": -1,
  "otklanja": -1,
  "otkupljeni": 2,
  "otmica": -2,
  "otmice": -2,
  "otpadni": -1,
  "otresao": -2,
  "otrov": -2,
  "otrovan": -2,
  "otrovi": -2,
  "otuđenje": -2,
  "Outreach": 2,
  "ovacija": 2,
  "oversells": -2,
  "oversold": -2,
  "ožalošćen": -2,
  "ožalostiti": -2,
  "ozbiljan": 2,
  "ožiljak": -2,
  "ožiljaka": -2,
  "oživjeti": 2,
  "oživljava": 2,
  "ozloglašen": -2,
  "ozlojeđen": -2,
  "pakao": -4,
  "paklen": -2,
  "pakostan": -2,
  "pamet": 2,
  "pametan": 2,
  "pametniji": 2,
  "paničari": -2,
  "panika": -3,
  "panike": -3,
  "pao": -1,
  "paradoks": -1,
  "parnica": -1,
  "parodija": -2,
  "pasivan": -1,
  "pasivno": -1,
  "pate": -2,
  "patetičan": -2,
  "pati": -2,
  "patiti": -2,
  "patnja": -2,
  "pažljiv": 2,
  "pažljivo": 2,
  "peder": -3,
  "pederi": -3,
  "penis": -5,
  "pergovaranje": -1,
  "perspektive": 1,
  "pesimistično": -2,
  "pesimizam": -2,
  "pićka": -5,
  "pijan": -2,
  "pike": -2,
  "pissing": -3,
  "pitanja": 1,
  "pitanje": -1,
  "plač": -2,
  "Plagued": -3,
  "plakala": -2,
  "plakanje": -2,
  "plakati": -2,
  "plašio": -2,
  "plašljiv": -2,
  "plašljivo": -2,
  "platiti": -1,
  "plemenit": 2,
  "pljačka": -2,
  "pljačkaš": -2,
  "pljačkaški": -2,
  "plodan": 2,
  "plovan": 2,
  "pobjeda": 4,
  "Pobjede": 4,
  "pobjednički": 4,
  "pobjednik": 4,
  "pobjegao": -1,
  "pobjesnio": -3,
  "poboljšan": 2,
  "poboljšanje": 2,
  "poboljšati": 2,
  "poboljšava": 2,
  "pobuna": -2,
  "pobunjenici": -2,
  "pobunjenik": -2,
  "počast": 2,
  "počastvovan": 2,
  "počini": 1,
  "počinilac": -2,
  "počinili": -2,
  "počinio": 1,
  "počinitelja": -2,
  "pod nazivom": 1,
  "pod pritiskom": -2,
  "podao": -3,
  "podbace": -2,
  "podbacio": -2,
  "podbacivanjem": -2,
  "podcijeniti": -1,
  "podcjenjivački": -2,
  "podigao": 3,
  "podmićen": -3,
  "podmićivanje": -3,
  "podnese ostavku": -1,
  "podnio ostavku": -1,
  "podrhtavanje": -2,
  "podrivaju": -2,
  "podrška": 2,
  "podršku": 2,
  "podrugljiv": -2,
  "podržano": 2,
  "podržao": 2,
  "podstiče": 1,
  "podvala": -2,
  "podvaliti": -3,
  "podvizima": -2,
  "poginuli": -2,
  "pogodan": 2,
  "pogodba": 2,
  "pogođen": -2,
  "pogođene": -1,
  "pogodno": 2,
  "pogoršalo": -2,
  "pogoršana": -2,
  "pogoršanja": -2,
  "pogoršanje": -3,
  "pogoršati": -2,
  "pogoršava": -2,
  "pogreb": -1,
  "pogrešan": -2,
  "pogrešnim": -2,
  "pogrešno": -2,
  "pogrešno klasifikovala": -2,
  "pogrešno predstaviti": -2,
  "pogrešno pročitati": -1,
  "pogrešno protumačili": -2,
  "pogrešno razumjeti": -2,
  "pogrešno shvata": -2,
  "pogrešno ubačeni": -2,
  "pohaban": -1,
  "pohlepa": -3,
  "pohlepan": -2,
  "pohvala": 3,
  "pohvale": 3,
  "pohvalio": 3,
  "pohvaliti": 2,
  "pojačati": 1,
  "pojašnjava": 2,
  "pojednostavljeno": -2,
  "pojednostavljivanje": -2,
  "pojednostavljuje": -2,
  "poklon": 2,
  "poklonile": 2,
  "pokrenut": 1,
  "pokunjen": -1,
  "pokvaren": -1,
  "pokvarenjak": -3,
  "pokvarenost": -3,
  "pokvari": -2,
  "polemika": -2,
  "poljubac": 2,
  "pomama": -3,
  "pomaže": 2,
  "pomažući": 2,
  "pomilovanja": 2,
  "pomilovanje": 2,
  "pomilovao": 2,
  "pomirljivo": 2,
  "pomoći": 2,
  "pomodar": 2,
  "pomolu": -1,
  "ponižavati": -2,
  "ponižen": -3,
  "poniženje": -3,
  "ponosan": 2,
  "ponosno": 2,
  "ponuda": 2,
  "popizdi": -3,
  "popularan": 3,
  "popularnost": 3,
  "popustljiv": 1,
  "popustu": -1,
  "poraz": -2,
  "poražavajući": -2,
  "poražen": -2,
  "poreći": -2,
  "poremećaj": -2,
  "poremećaja": -2,
  "poremećaji": -2,
  "poremećen": -2,
  "poremetio": -2,
  "poremetiti": -2,
  "poricanje": -2,
  "poriču": -2,
  "porobiti": -2,
  "porobljava": -2,
  "porobljen": -2,
  "porušen": -3,
  "pošasti": -3,
  "posesivan": -2,
  "posljedica": -2,
  "posramiti": -2,
  "posramljen": -2,
  "posramljujući": -2,
  "posttraumatskog": -2,
  "pošten": 2,
  "poštenje": 2,
  "postiđen": -2,
  "postignut": 1,
  "postizanje": 1,
  "postojan": 2,
  "poštovani": 2,
  "poštovanje": 2,
  "postrojenje": -1,
  "posvećen": 3,
  "posveta": 2,
  "Potamni": -2,
  "potcenjivanja": -1,
  "potcenjivati": -1,
  "potcenjujući": -1,
  "potišten": -2,
  "potkopao": -2,
  "potkopati": -2,
  "potlačenih": -2,
  "potražnja": -1,
  "potresan": 3,
  "potvrđen": 1,
  "potvrđena": 2,
  "potvrditi": 1,
  "potvrđivanje": 1,
  "poučno": 2,
  "pouzdan": 2,
  "pouzdano": 2,
  "pouzdanost": 2,
  "povećala": 1,
  "povećan": 1,
  "povećanje": 1,
  "povećati": 1,
  "povjerenje": 2,
  "povjereno": 2,
  "povlačenje": -1,
  "povoljan": 2,
  "povoljno": 2,
  "povraća": -3,
  "povraćanje": -3,
  "povraćao": -3,
  "povreda": -2,
  "povrede": -2,
  "povrijeđen": -2,
  "povrijediti": -2,
  "pozdrav": 2,
  "pozdravi": 2,
  "pozdravio": 2,
  "pozdraviti": 1,
  "pozdravlja": 2,
  "poželjan": 2,
  "pozitivno": 2,
  "poznat": 2,
  "pozvati": 1,
  "praštajući": 1,
  "pravda": 2,
  "pravednost": 2,
  "praviti razliku": -2,
  "pravni": 1,
  "pravo": 1,
  "pravom smjeru": 3,
  "prazan": -1,
  "praznina": -1,
  "prblm": -2,
  "prblms": -2,
  "preceni": -2,
  "predivan": 4,
  "predivno": 4,
  "prednost": 2,
  "prednosti": 2,
  "preduzimljiv": 1,
  "predviđanje": 1,
  "prefinjen": 2,
  "prekid": -2,
  "prekida": -1,
  "prekidanja": -2,
  "prekidati": -2,
  "prekidi": -2,
  "prekinut": -1,
  "prekomerni": -2,
  "prekorne": -2,
  "prekršaj": -2,
  "prekršaje": -2,
  "prekršila": -2,
  "prekršio": -2,
  "prekršitelj": -2,
  "prekršiti": -2,
  "preopterećenje": -1,
  "preporučeno": 2,
  "preporučljiv": 1,
  "preporučuje": 2,
  "preporučuje se": 2,
  "prepoznavanje": 2,
  "prepreka": -2,
  "prepreke": -2,
  "preraditi": 1,
  "prerušiti": -1,
  "presretan": 4,
  "prestao": -1,
  "prestrašen": -2,
  "prestravljen": -3,
  "prestupio": -2,
  "presuda": -1,
  "presude": -1,
  "preterala": -2,
  "preterivanje": -2,
  "preteruj": -2,
  "preteruje": -2,
  "preterujem": -2,
  "pretežak": -1,
  "pretjeramo": -2,
  "pretjeran": -2,
  "pretjerivanje": -2,
  "pretjerivati": -2,
  "pretrpio": -2,
  "pretvara": -1,
  "pretvarati": -1,
  "pretvarati se": -1,
  "prevara": -2,
  "prevaranata": -4,
  "prevarant": -3,
  "prevare": -2,
  "prevareni": -2,
  "prevario": -2,
  "prevariti": -2,
  "prevazilazi": -2,
  "previdjeti": -1,
  "previše uprostiti": -2,
  "prezir": -2,
  "preziran": -2,
  "preživio": 2,
  "prezriv": -2,
  "prezrivo": -2,
  "prigovor": -2,
  "prigušnice": -2,
  "prihvata": 1,
  "prihvatanje": 1,
  "prihvatiti": 1,
  "prihvatljiv": 1,
  "prijatan": 3,
  "prijatelj": 1,
  "prijateljski": 2,
  "prijateljstvo": 2,
  "prijava": -2,
  "prijeteći": -2,
  "prijeti": -2,
  "prijetnja": -2,
  "prijetnje": -2,
  "prikladan": 2,
  "prikrivanje": -1,
  "prilično": 1,
  "prilika": 2,
  "primamljiv": 1,
  "primjetan": 2,
  "primljen": 1,
  "primoran": 1,
  "pripremljen": 1,
  "priprost": -2,
  "prirodno": 1,
  "prisila": -2,
  "prisiljeni": -1,
  "pristajući": 2,
  "pristalica": 1,
  "pristanak": 2,
  "pristrasan": -2,
  "pristupiti": 1,
  "pritisak": -1,
  "pritužbe": -2,
  "privilegovan": 2,
  "privlačenje": 2,
  "privlači": 1,
  "privržen": 1,
  "privrženost": 2,
  "privući": 1,
  "privukao": 1,
  "priznaje": -1,
  "priznanje": 2,
  "priznao": -1,
  "priznati": 2,
  "prkosan": -1,
  "prljav": -2,
  "prljavije": -2,
  "prljavština": -2,
  "proaktivna": 2,
  "problem": -2,
  "problematičan": -2,
  "problemi": -2,
  "proboj": 3,
  "proćerdati": -2,
  "procurio": -1,
  "produžiti": 1,
  "profit": 2,
  "profiter": -2,
  "proganjati": -1,
  "prognati": -2,
  "progon": -2,
  "progoni": -2,
  "progonili": -2,
  "progoniti": -2,
  "prohtjev": -2,
  "proklet": -2,
  "prokleti": -2,
  "prokleto dobro": 4,
  "prokletstvo": -4,
  "prokrijumčaren": -2,
  "prokrijumčariti": -2,
  "promovira": 1,
  "promoviranje": 1,
  "pronevjera": -3,
  "pronevjeriti": -3,
  "propada": -2,
  "propaganda": -2,
  "propao": -1,
  "propast": -2,
  "proporcionalan": 2,
  "propust": -1,
  "propušta": -2,
  "propustili": -2,
  "proširiti": 1,
  "proširuje": 1,
  "Proširuje": 1,
  "prosjački": -2,
  "prosječen": -2,
  "proslava": 3,
  "prosperitet": 3,
  "prostran": 1,
  "prosvijećen": 2,
  "protest": -2,
  "protesti": -2,
  "protestuju": -2,
  "protivnički": -2,
  "protivnik": -1,
  "protjerani": -2,
  "protjerati": -1,
  "protjerivanje": -2,
  "provala": -2,
  "provalnik": -2,
  "provizije": -3,
  "provocira": -1,
  "provocirati": -1,
  "provokativan": -1,
  "prvaci": 2,
  "prvak": 2,
  "prvi plan": 1,
  "pseudonauka": -3,
  "psihopatske": -2,
  "psovanje": -2,
  "psovati": -2,
  "pucanje": -2,
  "pucati": -1,
  "puška": -1,
  "pustoš": -2,
  "radosno": 3,
  "radost": 4,
  "radostan": 3,
  "radovati se": 4,
  "radoznao": 2,
  "raduje": 4,
  "rafiniran": 1,
  "rageful": -2,
  "raj": 3,
  "rak": -1,
  "rana": -1,
  "ranije pogrešno": -3,
  "ranjiv": -2,
  "ranjivost": -2,
  "Ranters": -3,
  "Raptures": 2,
  "rasipaju": -2,
  "rasipanje": -2,
  "rasisti": -3,
  "rasistički": -3,
  "rasizam": -3,
  "raspada": -2,
  "rasplesti": 1,
  "raspoložen": 3,
  "rasprava": -2,
  "rast": 2,
  "raste": 1,
  "rasterećenje": 2,
  "rasti": 1,
  "rastrojen": -2,
  "rastući": 1,
  "rastužen": -2,
  "rastužiti": -2,
  "rastvor": 1,
  "rat": -2,
  "ratificirala": 2,
  "ratovanje": -2,
  "ravnodušan": -2,
  "ravnodušnost": -2,
  "razaranja": -2,
  "razaranje": -3,
  "razbio": -2,
  "razbjesni": -2,
  "razboj": -1,
  "razboritost": 2,
  "razdor": -2,
  "razdragan": 3,
  "razdraganost": 3,
  "razdragati": 3,
  "razdražen": -3,
  "razdražujući": -2,
  "razigran": 2,
  "razjaren": -2,
  "razjariti": -2,
  "razjarujući": -2,
  "razljutio": -3,
  "razmažen": -2,
  "razočaran": -2,
  "razočarani": -2,
  "razočaranja": -2,
  "razočaranje": -2,
  "razočarao": -2,
  "razočarati": -2,
  "razočaravajući": -2,
  "razoran": -3,
  "razoren": -2,
  "razvratnost": -2,
  "rečenica": -2,
  "recesija": -2,
  "reklamira": -2,
  "reklamirati": -2,
  "Reliant": 2,
  "remek": 4,
  "remekdjelo": 4,
  "remeti": -2,
  "reperkusija": -2,
  "reprimanding": -2,
  "rešava": 1,
  "restriktivan": -1,
  "retardiran": -2,
  "revnostan": 2,
  "Revolucionarni": 3,
  "rez": -1,
  "rezanje": -1,
  "rezolucija": 2,
  "rezovi": -1,
  "rigged": -1,
  "rigorozan": 3,
  "rigorozno": 3,
  "riješen": 2,
  "riješiti": 2,
  "rizičan": -2,
  "rizici": -2,
  "rizik": -2,
  "rješava": 2,
  "rješavanje": 2,
  "rješenja": 1,
  "rob": -3,
  "robing": -2,
  "roblje": -3,
  "Robs": -2,
  "robustan": 2,
  "rofl": 4,
  "Roflcopter": 4,
  "roflmao": 4,
  "roman": 2,
  "romantical": 2,
  "romantično": 2,
  "romantika": 2,
  "ropstvo": -3,
  "rotfl": 4,
  "rotflmfao": 4,
  "rotflol": 4,
  "rugali": -2,
  "ruganje": -2,
  "rugati se": -2,
  "rukom biran": 1,
  "rukovodstvo": 1,
  "ruševine": -2,
  "ruža": 1,
  "ružan": -3,
  "ružnoća": -3,
  "sablastan": -2,
  "sabotaža": -2,
  "sačuvana": 2,
  "saglasnosti": 2,
  "sahrane": -1,
  "sakrio": -1,
  "sakriti": -1,
  "šale": 2,
  "šaljiv": 2,
  "salutira": 2,
  "sam": -2,
  "samilost": 2,
  "samoubilački": -2,
  "samoubistava": -2,
  "samoubistvo": -2,
  "samouvjeren": 2,
  "samozloupotreba": -2,
  "sanjalo": -1,
  "sanjati": 1,
  "šansa": 2,
  "šanse": 2,
  "saosjećajan": 2,
  "sarkastičan": -2,
  "šarm": 3,
  "šarmantan": 3,
  "šašav": -2,
  "savange": -2,
  "savanges": -2,
  "saveznik": 2,
  "savršen": 3,
  "savršeno": 3,
  "savršenstvo": 3,
  "se sudara": -1,
  "sebičan": -3,
  "sebičnost": -3,
  "sef": 1,
  "seksi": 3,
  "seksističke": -2,
  "selfkontradiktorni": -2,
  "selfzabludi": -2,
  "seronja": -3,
  "seronje": -4,
  "sexistic": -2,
  "shoody": -2,
  "sigurnije": 2,
  "sigurno": 1,
  "sigurnost": 1,
  "šik": 2,
  "šikanirali": -3,
  "siledžija": -2,
  "silovan": -4,
  "silovanje": -4,
  "simpatičan": 3,
  "simpatija": 2,
  "sin of a bitch": -5,
  "siromašan": -2,
  "siromašniji": -2,
  "siromaštvo": -1,
  "sirov": -1,
  "sisati": -3,
  "sise": -2,
  "sitničar": -2,
  "siva": -1,
  "sjaj": 3,
  "sjajan": 4,
  "sjebani": -4,
  "sjednica": -2,
  "sjekira": -1,
  "skandal": -3,
  "skandala": -3,
  "skandalozan": -3,
  "skeptičan": -2,
  "skeptici": -2,
  "skepticizam": -2,
  "skeptik": -2,
  "skladno": 2,
  "sklon": 2,
  "sklonost": 2,
  "skrhana srca": -3,
  "skrivanje": -1,
  "skroman": 1,
  "škrt": -2,
  "skup": -2,
  "skupo": 3,
  "slab": -2,
  "slabo": -2,
  "slabost": -2,
  "slabosti": -2,
  "slađa": 3,
  "sladak": 3,
  "slatkiš": 2,
  "slatko": 2,
  "slava": 2,
  "slavan": 2,
  "slavi": 3,
  "slaviti": 3,
  "slavlje": 3,
  "slavni": 3,
  "slaže": 1,
  "Slickest": 2,
  "slijep": -1,
  "šljam": -3,
  "sloboda": 2,
  "slomio": -1,
  "složiti": 1,
  "slučajan": -2,
  "slučajno": -2,
  "slutnja": -2,
  "smanjenja": -2,
  "smanjiti": -2,
  "smeće": -1,
  "smeh": 1,
  "smeje": 1,
  "smeta": -2,
  "smetati": -2,
  "smijeh": 1,
  "smiješan": 4,
  "Smiled": 2,
  "smiles": 2,
  "smiren": 2,
  "smirila": 2,
  "smirivanju": 2,
  "smiruje": 2,
  "smješnije": 4,
  "smog": -2,
  "smrad": -2,
  "smrdi": -2,
  "smrdljiv": -2,
  "smrdljivac": -2,
  "smrdljivo": -2,
  "smrt": -2,
  "Smrti": -2,
  "smrtnih slučajeva": -3,
  "smrtonosan": -2,
  "smrtonosni": -3,
  "snaga": 2,
  "snovi": 1,
  "snubs": -2,
  "sočan": -1,
  "šok": -2,
  "šokantan": -2,
  "šokiran": -2,
  "šokovi": -2,
  "solidan": 2,
  "solidarnost": 2,
  "spam": -2,
  "spameri": -3,
  "spammer": -3,
  "Sparkles": 3,
  "spas": 2,
  "spašava": 1,
  "spašavanja": 2,
  "spasavanje": 2,
  "spašena": 2,
  "spasilac": 4,
  "spasiti": 2,
  "spekulativan": -2,
  "spletke": 1,
  "spokojan": 2,
  "spor": -2,
  "sporan": -2,
  "sporazum": 1,
  "sporne": -2,
  "sporno": -2,
  "sporova": -2,
  "sposoban": 1,
  "sposobnost": 2,
  "sposobnosti": 2,
  "sprečava": -1,
  "sprečavanje": -1,
  "spremnost": 2,
  "spretan": 2,
  "spriječiti": -1,
  "sramota": -2,
  "sramotan": -2,
  "sramoti": -2,
  "sranje": -3,
  "srceparajući": -3,
  "srdačan": 3,
  "sreća": 3,
  "srećan": 3,
  "srećom": 3,
  "sredstvo": 2,
  "sretan": 3,
  "srušila": -2,
  "stabilan": 2,
  "stabilizirajuće": 2,
  "stabs": -2,
  "stečaj": -3,
  "stečen": 1,
  "štednja": 1,
  "stekao": 2,
  "stenjanje": -2,
  "stenjao": -2,
  "stereotip": -2,
  "šteta": -2,
  "štetan": -2,
  "štete": -2,
  "sticanje": 2,
  "stid": -2,
  "stidljiv": -1,
  "stimulirana": 1,
  "stimulirati": 1,
  "stimulišući": 3,
  "stinked": -2,
  "stipendije": 1,
  "štiti": 1,
  "stop": -1,
  "stradalac": -2,
  "strah": -2,
  "štrajk": -1,
  "štrajkači": -2,
  "štrajkovi": -1,
  "strašan": 4,
  "strasni": 2,
  "strašno": 4,
  "strast": 1,
  "strastan": 2,
  "strastven": 2,
  "stres": -1,
  "stresor": -2,
  "stresora": -2,
  "strip": 1,
  "strogo": -2,
  "stvaran": -2,
  "stvrdnjava": 2,
  "subverzivan": -2,
  "sudar": -2,
  "sudara": -2,
  "sudaraju": -1,
  "sudariti se": -1,
  "sudbina": -2,
  "sudski poziv": -2,
  "sueing": -2,
  "sukob": -2,
  "sukobi": -2,
  "sumnja": -1,
  "sumnjajući": -1,
  "sumnjao": -1,
  "sumnje": -1,
  "sumnjiv": -1,
  "sumoran": -2,
  "sumornost": -1,
  "Sunshine": 2,
  "šupak": -4,
  "šupalj": -1,
  "super": 3,
  "superioran": 2,
  "suspendovan": -1,
  "suze": -2,
  "svečan": 2,
  "sveprisutan": 2,
  "švercuje": -2,
  "svijetao": 1,
  "svirepost": -3,
  "svjetlost": 1,
  "svjež": 1,
  "svrbljiv": -2,
  "tajni": -1,
  "takmičiti se": -1,
  "talenat": 2,
  "tamjan": -2,
  "Tard": -2,
  "tegoba": -2,
  "tenzija": -1,
  "teret": -2,
  "teror": -3,
  "terorisati": -3,
  "teroriše": -3,
  "terorista": -2,
  "teroristi": -2,
  "teroru": -3,
  "težak": -1,
  "težak rad": -2,
  "tezga": -2,
  "tiranska": -3,
  "tiranski": -2,
  "toga počinju": 2,
  "toka": 1,
  "toksičan": -3,
  "tolerancija": 2,
  "tolerantan": 2,
  "topao": 1,
  "toplina": 2,
  "toplinu": 2,
  "totalitaran": -2,
  "totalitarizam": -2,
  "tragedija": -2,
  "tragedije": -2,
  "tragičan": -2,
  "trajan": 2,
  "trauma": -3,
  "traumatičan": -3,
  "tremor": -2,
  "tresak": -2,
  "trežnjenje": 1,
  "trijumf": 4,
  "trnovit": -2,
  "trošenje": -2,
  "trzaj": -3,
  "tučen": -2,
  "tuga": -2,
  "tugovati": -2,
  "tumor": -2,
  "tup": -2,
  "turoban": -2,
  "turobne": -2,
  "tuš": -3,
  "tužan": -2,
  "tužbe": -2,
  "tuži": -2,
  "tužio": -2,
  "tužiti": -2,
  "tvrd": -1,
  "tvrdeći": -1,
  "tvrdoglav": -2,
  "twat": -5,
  "Tyran": -3,
  "tyrannic": -3,
  "Tyrans": -3,
  "u bolnici": -2,
  "u nepovoljnom položaju": -2,
  "u strahu": -2,
  "u zabludi": -2,
  "ubica": -2,
  "ubijanje": -3,
  "ubijen": -3,
  "ubistva": -2,
  "ubistvo": -2,
  "ubistvo bez predoumišljaja": -3,
  "ubitačan": -3,
  "ubiti": -3,
  "ublažiti": 2,
  "ubod": -2,
  "ucenjuju": -3,
  "učini krivično djelo": -2,
  "ucjena": -3,
  "ucjene": -3,
  "ucjenjivanje": -3,
  "učtiv": 2,
  "učtivost": 2,
  "učvrstila": 2,
  "udario": -1,
  "udio": 1,
  "udoban": 2,
  "udobno": 2,
  "udobnost": 2,
  "udobnosti": 2,
  "udovički": -1,
  "udubljenje": -2,
  "udvarati se": 3,
  "uglađen": 2,
  "uglavljen": -2,
  "ugledan": 2,
  "ugnjetavanja": -2,
  "ugnjetavanje": -2,
  "ugodan": 3,
  "ugrožen": -2,
  "ugrožena": -2,
  "ugroziti": -2,
  "ugušena": -1,
  "uh": -2,
  "uhapšen": -3,
  "uhapsiti": -2,
  "uhodani": 2,
  "ujedinjen": 1,
  "ukaljana": -2,
  "ukalupljen": -2,
  "uklet": -2,
  "ukor": -2,
  "ukorila": -3,
  "ukorom": -3,
  "ukraden": -2,
  "ukradene lopte": -2,
  "ukrao": -2,
  "ukrasti": -2,
  "ukusan": 3,
  "uljepšati": 3,
  "uljudan": 2,
  "uljudnost": 2,
  "umanjenje vrijednosti": -2,
  "umanjiti": -1,
  "umanjuje": -1,
  "umiranje": -3,
  "umirena": 3,
  "umiriti": 3,
  "umirujuće": 2,
  "umirujući": 3,
  "umor": -2,
  "umoran": -2,
  "umorno": -2,
  "umrijeti": -3,
  "umro": -3,
  "unaprijeđen": 1,
  "unaprijediti": 1,
  "uncredited": -1,
  "unfitted": -2,
  "unfunny": -2,
  "ungenerous": -2,
  "uninvolving": -2,
  "uništava": -3,
  "uništavanje": -3,
  "uništena": -2,
  "uništiti": -2,
  "unosan": 3,
  "unovčavanje u": -2,
  "unreleting": -2,
  "uplašen": -2,
  "uplašiti": -2,
  "uplifting": 2,
  "upozorava": -2,
  "upozorenja": -3,
  "upozorenje": -3,
  "upozorio": -2,
  "upozoriti": -2,
  "upropastili": -2,
  "upropastiti": -2,
  "ura": 5,
  "uravnotežen": 1,
  "usamljen": -2,
  "usavršava": 2,
  "usavršio": 2,
  "ushićen": 4,
  "ushićenje": 3,
  "usluge": 2,
  "uspaničio": -3,
  "uspije": 3,
  "uspjeh": 2,
  "uspjeli": 3,
  "uspješan": 3,
  "uspješno": 3,
  "uspjeti": 3,
  "usplahiren": -2,
  "usporavanje": -1,
  "usporiti": -2,
  "usrani": -3,
  "usuglašeno": 2,
  "usvaja": 1,
  "usvojiti": 1,
  "uticajan": 2,
  "utišavanje": -1,
  "utješan": 2,
  "utopi": -2,
  "utopiti": -2,
  "utopljen": -2,
  "utučen": -3,
  "utući": -2,
  "uveravanja": 1,
  "uveravao": 1,
  "uveseljavati": 3,
  "uvjerava": 1,
  "uvjeravati": 1,
  "uvjeren": 2,
  "uvjeriti": 1,
  "uvoditi novine": 1,
  "uvreda": -2,
  "uvrede": -2,
  "uvredio": -2,
  "uvredljiv": -2,
  "uvrijeđen": -2,
  "uvrijediti": -2,
  "uzaludan": -2,
  "užasan": -2,
  "užasavajući": -3,
  "užasno": -3,
  "užasnut": -2,
  "uzbuđen": 3,
  "uzbuđenje": 3,
  "uzbuđeno": 3,
  "uzbuditi": 3,
  "uzbudljiv": 3,
  "uzdah": -2,
  "uzdizao": -1,
  "uživa": 2,
  "uživajući": 2,
  "uživanje": 2,
  "uživao": 2,
  "uživati": 2,
  "uzjoguni": -2,
  "uznemiravanje": -3,
  "uznemiravati": -2,
  "uznemiren": -1,
  "uznemirena": -2,
  "uznemirenje": -2,
  "uznemirenost": -2,
  "uznemirujuće": -2,
  "uznemirujući": -2,
  "uznesena": 2,
  "uzrokovane": -2,
  "uzrujan": -3,
  "uzvrpoljen": -2,
  "vanredno stanje": -2,
  "varalica": -2,
  "varalice": -3,
  "varanje": -2,
  "varao": -3,
  "varati": -3,
  "varljiv": -3,
  "varljiva": -3,
  "varljivost": -4,
  "varvarin": -2,
  "varvarski": -2,
  "vatra": -2,
  "vatren": 1,
  "važnost": 2,
  "veće": 3,
  "vedar": 1,
  "veličanstven": 5,
  "velik": 3,
  "velikodušan": 2,
  "velikodušno": 2,
  "ventilator": 3,
  "veoma ljut": -2,
  "veruje": 1,
  "veselo": 2,
  "veselost": 3,
  "veseo": 3,
  "veslačke klupe": -2,
  "vibrantan": 3,
  "vic": 2,
  "Victors": 3,
  "viktimizira": -3,
  "vindicating": 2,
  "vitalnost": 3,
  "vitamin": 1,
  "vizija": 1,
  "vizije": 1,
  "vizionar": 3,
  "vjera": 1,
  "vjeran": 3,
  "vjerovati": 2,
  "vladajući": 1,
  "vlast": 1,
  "vodeći": 2,
  "voli": 3,
  "volio": -2,
  "voljen": 3,
  "von": 3,
  "vraćanje": 1,
  "vratiti": 1,
  "vreba": -1,
  "vrebati": -1,
  "vrh": 2,
  "vrh koplja": 2,
  "vrhovi": 2,
  "vrhovni": 4,
  "vrhunac": 2,
  "vrijedan": 2,
  "vriske": -2,
  "vrištanje": -2,
  "vrištao": -2,
  "vrištati": -2,
  "vrli": 2,
  "vrsta": 2,
  "vrtoglav": -2,
  "vuče": -1,
  "vukao": -1,
  "Wanker": -3,
  "winwin": 3,
  "WooHoo": 3,
  "wooo": 4,
  "woow": 4,
  "wow": 4,
  "wowow": 4,
  "wowww": 4,
  "wtf": -4,
  "wtff": -4,
  "wtfff": -4,
  "xo": 3,
  "xoxo": 3,
  "xoxoxo": 4,
  "xoxoxoxo": 4,
  "yeees": 2,
  "zabava": 4,
  "zabavan": 2,
  "zabave": 3,
  "zabavljen": 3,
  "zaboravan": -2,
  "zaboravio": -1,
  "zaboraviti": -1,
  "zaboravljen": -1,
  "zabrana": -2,
  "zabraniti": -1,
  "zabranjen": -2,
  "zabranjena": -2,
  "zabranjuje": -1,
  "zabrinjavajući": -2,
  "zabrinut": -2,
  "zabrinuti": -3,
  "zabrljao": -2,
  "zadavio": -2,
  "zadesile": -1,
  "zadiviti": 2,
  "zadivljen": 2,
  "zadivljuje": 2,
  "zadivljujući": 4,
  "zadovaljavaju": 2,
  "zadovoljan": 3,
  "zadovoljenje": 2,
  "zadovoljstvo": 3,
  "zadržan": -2,
  "zadržao": -1,
  "zadržati": -2,
  "zadržavanje": -2,
  "zadubljen": 1,
  "zagađen": -2,
  "zagađena": -2,
  "zagađenje": -2,
  "zagadi": -2,
  "zagaditi": -2,
  "zagađivač": -2,
  "zagađivača": -2,
  "zagađuje": -2,
  "zaglavi": -2,
  "zaglušujući": -1,
  "zagrcnuo": -2,
  "zagrljaj": 2,
  "zagrljaji": 2,
  "zagroziti": -2,
  "zagubljen": -2,
  "zahtijevali": -1,
  "zahtjevan": -1,
  "zahtjevi": -1,
  "zahvalan": 3,
  "zahvaliti": 2,
  "zahvalnost": 2,
  "zainteresovan": 2,
  "zajednička": 1,
  "zakači": 1,
  "zakivanje": 3,
  "zakonit": 2,
  "zakonito": 2,
  "žale": -2,
  "žaleći": -2,
  "zali": -2,
  "žali": -2,
  "žalili": -2,
  "žalio": -2,
  "žaliti": -1,
  "žaljenja": -2,
  "žaljenje": -2,
  "zaljubljenost": 2,
  "zaljubljivanja": -1,
  "žalost": -2,
  "žalostan": -2,
  "zaluđen": 2,
  "zamagljeno": -1,
  "zamišljen": -1,
  "zamka": -1,
  "zamke": -1,
  "zamorno": -2,
  "zamršen": -2,
  "zanemaren": -2,
  "zanemariti": -1,
  "zanemarivanja": -2,
  "zanešenost": 2,
  "zanijemio": -1,
  "zanimljivo": 2,
  "zanos": 3,
  "zanosan": 3,
  "zao": -2,
  "zaostajanje": -2,
  "zaostajao": -2,
  "zapaljen": -2,
  "zapanjen": -2,
  "zapanjeni": 3,
  "zapanjiti": 3,
  "zapanjuje": 3,
  "zapanjujuće": 3,
  "zapanjujući": 3,
  "zapetljan": 2,
  "zaplene": -2,
  "zaprepastilo": -2,
  "zaraza": -2,
  "zarazan": -1,
  "zarazi": -2,
  "zaraziti": -2,
  "žarki": 2,
  "zarobljen": 3,
  "zastario": -2,
  "zastenja": -2,
  "zaštićen": 1,
  "zaštititi": 1,
  "zaštitnički": -2,
  "zastoj": -2,
  "zastoju": -2,
  "zastrašeni": -2,
  "zastrašiti": -2,
  "zastrašivanje": -2,
  "zastrašuje": -2,
  "zastrašujuća": -2,
  "zastrašujuće": -2,
  "zastrašujući": -2,
  "zastupao": 2,
  "zatajivanje": -2,
  "zataškavanje": -3,
  "zatrovan": -2,
  "zaturila": -2,
  "zatvor": -2,
  "zatvora": -2,
  "zatvoren": -2,
  "zatvorenici": -2,
  "zatvorenik": -2,
  "zaustavljanja": -1,
  "zaustavljanje": -1,
  "zavaljen": -1,
  "zaveden": -1,
  "zavesti": -3,
  "zavidan": -2,
  "zavidim": -1,
  "zavijati": -3,
  "zavist": -1,
  "zavjera": -3,
  "završili i pre roka": -2,
  "zbog nedostatka": -2,
  "zbuniti": -2,
  "zbunjen": -2,
  "zbunjujuće": -2,
  "zdrav": 2,
  "žele": 1,
  "zeleno pranje": -3,
  "želja": 1,
  "željan": 2,
  "želje": 1,
  "željeni": 2,
  "željeti": 1,
  "žestoko": -3,
  "zgnječen": -2,
  "zgodan": 3,
  "zgodna": 3,
  "zgrožen": -3,
  "zgroženi": -2,
  "zimzelen": 2,
  "živ": 1,
  "živahan": 3,
  "živahno": 3,
  "živci": -1,
  "Živjeli": 2,
  "živo": 2,
  "živopisan": 2,
  "zlato": 2,
  "zlo": -3,
  "zločin": -3,
  "zločine": -3,
  "zlokoban": -2,
  "zloslutan": 3,
  "zlosretan": -2,
  "zlostavljana": -3,
  "zlostavljanje": -2,
  "zloupotreba": -2,
  "zloupotrebljavaju": -2,
  "zloupotrebljene": -2,
  "zloupotrebom": -3,
  "zlovoljan": -2,
  "značaj": 1,
  "značajan": 2,
  "znalački": 2,
  "znatan": 1,
  "zreo": 2,
  "žrtva": -2,
  "žrtve": -3,
  "žrtvene jarce": -2,
  "žrtveni jarac": -2,
  "žrtvovanje": -3,
  "žustar": 2
}