{
  "agonises": -3,
  "apeshit": -3,
  "Awaits": -1,
  "bamboozles": -2,
  "bankster": -3,
  "bereaves": -2,
  "bereaving": -2,
  "brilliances": 3,
  "cocksuckers": -5,
  "consolable": 2,
  "criminates": -3,
  "Damnit": -4,
  "dejecting": -2,
  "dejects": -2,
  "Dilligence": 2,
  "dipshit": -3,
  "disconsolation": -2,
  "exasparate": -2,
  "exhilarates": 3,
  "frikin": -2,
  "FTW": 3,
  "fuckface": -4,
  "fuckhead": -4,
  "fucktard": -4,
  "FUD": -3,
  "fuked": -4,
  "fuking": -4,
  "goofiness": -2,
  "gr8": 3,
  "greenwasher": -3,
  "greenwashers": -3,
  "Greenwashing": -3,
  "hahahah": 3,
  "haplessness": -2,
  "heavyhearted": -2,
  "humerous": 3,
  "i хрыпла": -2,
  "impedingly": -2,
  "incensing": -2,
  "inediable": -2,
  "Infract": -2,
  "infracted": -2,
  "infracts": -2,
  "intransigency": -2,
  "Lawl": 3,
  "LMAO": 4,
  "LMFAO": 4,
  "LOLOL": 4,
  "lololol": 4,
  "lolololol": 4,
  "Lool": 3,
  "Loool": 3,
  "looool": 3,
  "MEMORIAM": -2,
  "mirthfully": 3,
  "misclassifies": -2,
  "misconducted": -2,
  "misconducting": -2,
  "misleaded": -3,
  "misreports": -2,
  "n00b": -2,
  "OKS": 2,
  "optionless": -2,
  "ostracizes": -2,
  "oversells": -2,
  "prblm": -2,
  "prblms": -2,
  "Robs": -2,
  "ROFL": 4,
  "roflcopter": 4,
  "ROFLMAO": 4,
  "romantical": 2,
  "ROTFL": 4,
  "rotflmfao": 4,
  "rotflol": 4,
  "savange": -2,
  "savanges": -2,
  "Secures": 2,
  "sexistic": -2,
  "shoody": -2,
  "singleminded": -2,
  "stinked": -2,
  "sueing": -2,
  "tyrans": -3,
  "uninvolving": -2,
  "unreleting": -2,
  "WINWIN": 3,
  "Woohoo": 3,
  "Wooo": 4,
  "woow": 4,
  "WOWOW": 4,
  "wowww": 4,
  "WTF": -4,
  "wtff": -4,
  "wtfff": -4,
  "XO": 3,
  "XOXO": 3,
  "xoxoxo": 4,
  "xoxoxoxo": 4,
  "yeees": 2,
  "абавязацельства": 2,
  "абавязковы": -1,
  "абагаўляе": 3,
  "абажанне": 3,
  "абараняе": 1,
  "абараняць": 1,
  "абаронены": 1,
  "абаронца": 2,
  "абаронцы": 2,
  "абачлівымі": 2,
  "абаяльны": 3,
  "абвалы": -2,
  "абвастрае": -2,
  "абвастраецца": -2,
  "абвастраць": -2,
  "абвешчаны": 2,
  "абвінавачвае": -2,
  "абвінавачванне": -2,
  "абвінавачванні": -2,
  "абвінавачваны": -2,
  "абдураным": -2,
  "абдымкаў": 2,
  "абдымкі": 2,
  "абліванне": -3,
  "аблом": -3,
  "абмежавальны": -1,
  "абмежаванне": -1,
  "абмежаваны": -1,
  "абмяжоўвае": -2,
  "абмяжоўваць": -2,
  "абнадзейваючым": 2,
  "абнадзейлівы": 2,
  "абпал": -2,
  "абражаны": -2,
  "абраз": -2,
  "абразлівы": -2,
  "абразу": -2,
  "абранае": 2,
  "абсентеистами": -1,
  "абсмейванне": -2,
  "абстрактны": -2,
  "абуральны": -3,
  "абураны": -3,
  "абурэнне": -2,
  "абцяжарання": -2,
  "абцяжараныя": -2,
  "абцяжарваць": -2,
  "абыякавасць": -2,
  "абыякавы": -2,
  "абяцанне": 1,
  "абяцанні": 1,
  "абяцаны": 1,
  "аварыйны": -2,
  "аварыя": -2,
  "агаломшаны": -2,
  "агіда": -3,
  "агідны": -3,
  "аглушальны": -1,
  "аглушэнне": -2,
  "агонь": -2,
  "агрубляе": -2,
  "агрэсіўнасць": -2,
  "агрэсіўны": -2,
  "агрэсія": -2,
  "агрэсіяў": -2,
  "агульнапрыняты": 1,
  "агульны": 1,
  "адабрэнне": 2,
  "адбіваўся": -2,
  "адбітыя": -2,
  "адвагу": 2,
  "адважна": 2,
  "адважны": 2,
  "адваротны": -2,
  "адварочвае": -1,
  "адвядзенне": -2,
  "адганяць": -1,
  "адданасць": 2,
  "адзін": -2,
  "адзін раз у жыцця": 3,
  "адзіны": 1,
  "адзнака": 2,
  "адказнасць": 1,
  "адкаты": -3,
  "адкідаць": -1,
  "адкідаюцца": -1,
  "адкідванне": -1,
  "адкладаць": -1,
  "адкладаючы": -1,
  "адкладзена": -1,
  "адключэнне": -1,
  "адключэння": -2,
  "адмаўляе": -2,
  "адмаўляецца": -2,
  "адмаўляцца": -2,
  "адмаўляць": -2,
  "адмена": -1,
  "адменены": -1,
  "адмова": -2,
  "адмоваў": -2,
  "адмовіўся": -2,
  "адмовіцца ад": -2,
  "адмоўлена": -2,
  "адмоўна": -2,
  "адмоўны": -2,
  "адмяніць": -1,
  "адмяняе": -1,
  "аднаўленне": 1,
  "аднаўлення": 1,
  "адноўлены": 1,
  "адпаведны": 2,
  "адпачынак": -1,
  "адпрацоўвае": 2,
  "адпрэчана": -1,
  "адпрэчваючы": -1,
  "адпускае": 2,
  "адраджаецца": 2,
  "адсалютаваў": 2,
  "адсоўвае": -1,
  "адставаў": -2,
  "адсталы": -2,
  "адстой": -3,
  "адстойвалі": 2,
  "адступленне": -1,
  "адсутнасць": -2,
  "адсутнічае": -1,
  "адсутны": -2,
  "адтэрміноўка": -1,
  "адукаваць": 2,
  "адхіленыя": -2,
  "адхіляе": -1,
  "адхіляць": -1,
  "адходы": -1,
  "адцягваецца": -2,
  "адцягваць": -2,
  "адцягваючы": -1,
  "адцягненне": -2,
  "адчай": -3,
  "адчайваецца": -3,
  "адчайны": -3,
  "адчуваць агіду": -3,
  "адчужэнне": -2,
  "адчытаў": -3,
  "адчытвае": -3,
  "адштурхвае": -2,
  "адштурхоўваць": -1,
  "адымаць": -2,
  "адэкватны": 1,
  "ажыўлена": 2,
  "ажыўляць": 2,
  "ажыццяўляе": 2,
  "азагалоўлены": 1,
  "акколада": 2,
  "акрыляе": 2,
  "аксюмарон": -1,
  "актывы": 2,
  "актыў": 2,
  "актыўны": 1,
  "акуратнасць": 2,
  "акцептование": 2,
  "акцыі": 1,
  "алергічны": -2,
  "алілуя": 3,
  "альтруістычным намерам": 2,
  "анамалія развіцця": -2,
  "ананізм": -2,
  "Анжэры": -3,
  "антаганістычных": -2,
  "анты": -1,
  "апакаліптычны": -2,
  "апальны": -2,
  "апантаны": -2,
  "апантаныя": 2,
  "апатычным": -3,
  "апатыя": -3,
  "апладзіруюць": 2,
  "апладысменты": 2,
  "аплаквае": -2,
  "аплакваў": -2,
  "аплакваць": -3,
  "апоры": 2,
  "апоўзень": -1,
  "апраўдае": 2,
  "апраўдана": 2,
  "апраўданне": -1,
  "апраўданы": 2,
  "апраўдаўшы": 2,
  "аптымізм": 2,
  "аптымістычны": 2,
  "апынулася наводнена": -2,
  "апытвае": -1,
  "арыенцір": 2,
  "арыштаваны": -3,
  "арыштаваць": -2,
  "арышты": -2,
  "арэшкі": -3,
  "асалода": 3,
  "асалоду": 3,
  "асвечаны": 2,
  "асвяжальна": 2,
  "асечка": -2,
  "аслаблена": -2,
  "аслаблены": -2,
  "аслабляе": -2,
  "аслы": -4,
  "асляпляльны": 3,
  "асноўны момант": 2,
  "асобны": -1,
  "аспрэчваючы": -2,
  "астракізму": -2,
  "асуджае": -2,
  "асуджана": -3,
  "асуджаны": -2,
  "асуджаць": -2,
  "асуджэнне": -2,
  "асушаных": -2,
  "асцярога": -2,
  "асцярожны": -1,
  "атака": -1,
  "атакуючы": -1,
  "атракцыён": 2,
  "атруцілі": -2,
  "атрымалася": 3,
  "атрымалі": 2,
  "атрыманне": 2,
  "атрымання наяўных": -2,
  "атрымаць поспех": 3,
  "атрымліваць асалоду ад": 2,
  "атрымліваючы асалоду ад": 2,
  "аўдавелы": -1,
  "аўра": 1,
  "аўтарытэт": 1,
  "афёры": -3,
  "ахвяра": -3,
  "ахвяравала": 2,
  "ахвяраванне": 2,
  "ахвяраваць": 2,
  "ахвярны казёл": -2,
  "ахвяры": -3,
  "ахопліваць": 1,
  "ацанілі": 2,
  "ачышчальнік": 2,
  "ашаламляльны": 4,
  "ашаломлены": -2,
  "аштрафаваць": -2,
  "ашуканец": -3,
  "ашуканскі": -4,
  "ашуканцы": -3,
  "ашуканы": -3,
  "багата": 2,
  "багатыя": 2,
  "багацце": 3,
  "бадзёры": 3,
  "бадзёрыя": 2,
  "байкатавалі": -2,
  "байкатаваць": -2,
  "байкот": -2,
  "байкоты": -2,
  "баі": -1,
  "баіцца": -2,
  "баіцца працаваць": -2,
  "Балеснай": -2,
  "баліць": -2,
  "балюча": -2,
  "балючы": -2,
  "банкрут": -3,
  "банкруцтва": -3,
  "барацьба": -2,
  "бачанне": 1,
  "бачання": 1,
  "бачны": 2,
  "баючыся": -2,
  "баявой": -1,
  "баязлівец": -2,
  "баязлівы": -2,
  "баяцца": -2,
  "беднасць": -1,
  "бедны": -2,
  "бедных": -2,
  "бедства": -2,
  "бедствы": -2,
  "без асаблівых высілкаў": 2,
  "безабаронны": -2,
  "безадказна": -2,
  "безадказны": -2,
  "безадмоўна": 2,
  "безвынікова": -2,
  "бездакорны": 2,
  "бездапаможны": -2,
  "безжыццёвы": -2,
  "беззмястоўны": -2,
  "безнадзейнасць": -2,
  "безнадзейны": -2,
  "бесить": -2,
  "бесіць": -2,
  "бескарыслівы": 2,
  "бескарыснасць": -2,
  "бескарысны": -2,
  "бесклапотны": -2,
  "беспарадак": -2,
  "беспаспяхова": -2,
  "беспрацоўе": -2,
  "беспрацоўны": -1,
  "беспрэцэдэнтны": -2,
  "бессань": -2,
  "бессардэчны": -2,
  "бесстаронні": 2,
  "бессэнсоўны": -2,
  "бесталковы": -2,
  "бестурботны": -2,
  "бздуру": -4,
  "бітвы": -1,
  "біццё": -1,
  "блага паводзіць сябе": -2,
  "благадаць": 1,
  "блажэнны": 3,
  "блакаваны": -1,
  "блакада": -2,
  "блаславення": 3,
  "блаславіць": 2,
  "блізарукасць": -2,
  "блін": -2,
  "бліскаўкі": 3,
  "бліскучы": 4,
  "блок": -1,
  "блокбастар": 3,
  "блокі": -1,
  "бля каханне": 4,
  "блякаваньне": -1,
  "бляск": 3,
  "бог": 1,
  "бой": -1,
  "бойкі": 2,
  "боль": -2,
  "больш заможны": 2,
  "больш моцны": 2,
  "больш шалёна": -2,
  "бомба": -1,
  "бравурныя": 3,
  "бруд": -2,
  "бруднае": -2,
  "брудней": -2,
  "брудны": -2,
  "брута": -2,
  "брыльянт": 1,
  "бунт": -2,
  "бунтаваць": -2,
  "бурыцца": -2,
  "буяны": 4,
  "бядней": -2,
  "бязвыплатна прадастаўляе": 2,
  "бяздомны": -2,
  "бяззубы": -2,
  "бязладдзе": -3,
  "бязрадасны": -2,
  "бянтэжыць": -2,
  "бяспеку": 1,
  "бяспечна": 1,
  "бяспечней": 2,
  "бяспечны": 2,
  "бясплатна": 1,
  "бясплодны": -2,
  "бяссільны": -2,
  "бясстрашнасць": 2,
  "бясстрашны": 2,
  "бясшвовых": 2,
  "бясшвоўны": 2,
  "вагальны": -1,
  "важна": 2,
  "важнасць": 2,
  "вайна": -2,
  "ваніты": -3,
  "варвар": -2,
  "варварскі": -2,
  "варожы": -2,
  "велізарны": 1,
  "вельмі смачны": 3,
  "вентылятар": 3,
  "вера": 1,
  "вердыкт": -1,
  "верны": 3,
  "вёрткі": 2,
  "верхавіны": 2,
  "весела": 2,
  "весці перамовы": -1,
  "весялосьць": 3,
  "ветлівасць": 2,
  "ветлівы": 2,
  "вехцем ў роце": -2,
  "вечназялёны": 2,
  "вечназялёных": -3,
  "виктимизации": -3,
  "виктимизация": -3,
  "виктимизировать": -3,
  "вібруе": 3,
  "відавочна": 1,
  "віна": -2,
  "вінаваты": -3,
  "вінаваціць": -2,
  "вініл": -2,
  "віншаванне": 2,
  "віншаваць": 2,
  "віншую": 2,
  "вірулентнасці": -2,
  "вітае": 2,
  "вітамін": 1,
  "вітаў": 1,
  "вітаць": 1,
  "вобразны": 2,
  "водгук": -2,
  "вона": 3,
  "вонючка": -2,
  "вораг": -2,
  "ворагі": -2,
  "востры": 1,
  "вот это да": 4,
  "вочы, гіпнатызуючы": 3,
  "выбаўляе": 2,
  "выбачаецца": -1,
  "выбітны": 2,
  "выгада": 2,
  "выгадная купля": 2,
  "выгадны": 2,
  "выгляд": 2,
  "выгнанне": -2,
  "выгоды": 2,
  "выдаткі": -2,
  "выдатна": 3,
  "выдатны": 3,
  "выжывае": 2,
  "вызвалены": -1,
  "вызвалены ад адказнасці": 2,
  "вызваляліся": 2,
  "вызваляць": 1,
  "выйгрыш": 4,
  "выказаў шкадаванне з нагоды": -3,
  "выказвае шкадаванне з нагоды": -3,
  "выказвалі ўдзячнасць": 2,
  "выканана": 2,
  "выкананне": 2,
  "выклік": -1,
  "выклік у суд": -2,
  "выклікаць": -2,
  "выклікаюць": -2,
  "выключаны": -2,
  "выключаць": -1,
  "выключэнне": -1,
  "выконваць": 2,
  "выкрадае": -2,
  "выкраданне людзей": -2,
  "выкраданні людзей": -2,
  "выкраданняў": -2,
  "выкрадаць": -2,
  "выкрадзена": -2,
  "выкрадзены": -2,
  "выкрываць": -1,
  "выкрык": -2,
  "выкрыццяў": -1,
  "выманне пераваг": 2,
  "выманьваць": -3,
  "вымаўляў": -2,
  "вымова": -2,
  "вымовы": -2,
  "вымушаны": -1,
  "вынаходствы": 3,
  "вынішчае": -3,
  "вынясенне прысуду": -2,
  "выпадкі злоўжывання": -2,
  "выпадкова": -2,
  "выпадковы": -2,
  "выпешчаны": 2,
  "выпускаць зпад увагі": -1,
  "вырадак": -5,
  "выразаць": -1,
  "выразна сфакусаваныя": 2,
  "выратавальнік": 4,
  "выратаванне": 2,
  "выратаваны": 2,
  "вырашае": 1,
  "вырашальнае значэнне": 1,
  "вырашана": 1,
  "вырашаны": 2,
  "вырашыць": 1,
  "вырвала": -3,
  "вырошчванне": 1,
  "высакародны": 2,
  "выслізгвае": -1,
  "высмейвае": -2,
  "высмейванне": -2,
  "высмейваць": -2,
  "высмейваюцца": -2,
  "выснову": -3,
  "высока ацэньвае": 2,
  "выступ": 1,
  "высылаць": -2,
  "высяленне": -1,
  "вытанчаны": 3,
  "вытрымліваючым": 2,
  "выхаванне": 2,
  "выцясняе": -2,
  "вышэйшы": 4,
  "Выяўляе": -2,
  "вядомасць": 1,
  "вядомы": 2,
  "вядучы": 2,
  "вялікая": 3,
  "вялікі": 1,
  "вяртлявы": -2,
  "вясёлы": 3,
  "гадасць": -2,
  "галавакружны": -1,
  "галадае": -2,
  "галадаць": -2,
  "галадаючы": -2,
  "галантна": 3,
  "галантнасць": 3,
  "галантны": 3,
  "галасісты": -1,
  "галаўны боль": -2,
  "галашэньне": -2,
  "гам": -3,
  "гандляр": -2,
  "гандон": -4,
  "ганебны": -2,
  "ганьба": -2,
  "гарантыя": 1,
  "гарачы": 2,
  "гарманічна": 2,
  "гарманічны": 2,
  "гармонія": 2,
  "гатоўнасць": 2,
  "гаўнюк": -4,
  "гвалт": -3,
  "гвалтаўнік": -4,
  "гвалтоўны": -3,
  "гераічны": 3,
  "герой": 2,
  "героі": 2,
  "гібель": -2,
  "гібець": -1,
  "гідлівасць": -3,
  "гламурны": 3,
  "глупства": -2,
  "глушэння": -1,
  "гнеў": -3,
  "гнеўны": -3,
  "гнілы": -3,
  "гнятлівы": -2,
  "годнасць": 2,
  "годны": 2,
  "голад": -2,
  "гонар": 2,
  "гоніш": -2,
  "гора": -2,
  "горда": 2,
  "горды": 2,
  "горка": -2,
  "горкае": -2,
  "горкі": -3,
  "горш": -3,
  "горш рынку": -2,
  "град": 2,
  "гранты": 1,
  "грахі": -2,
  "гробаны": -4,
  "гробаны ідэальны": 4,
  "гробаны любіць": 4,
  "грозны": -2,
  "грубасці": -2,
  "грубы": -2,
  "грып": -2,
  "грэбавала": -3,
  "грэбліва": -2,
  "грэблівае": -2,
  "грэбуе": -2,
  "грэх": -2,
  "грэшны": -3,
  "губіць": -2,
  "губляе": -3,
  "гуллівы": 2,
  "гультай": -2,
  "гумар": 2,
  "гумарыстычны": 2,
  "гумарыстычныя": 2,
  "дабрабыт": 2,
  "дабрадзей": 2,
  "дабрадзейны": 2,
  "дабрадзеі": 2,
  "дабраславеньне": 3,
  "дабраслаўляе": 2,
  "дабрачынны": 2,
  "дабраякаснасць": 3,
  "дабро запрашаем": 2,
  "дабрыня": 2,
  "давер": 1,
  "даверана": 2,
  "давераны": 2,
  "даверлівасць": -2,
  "даводзіць да агульнага": -3,
  "даволі": 1,
  "дадалі у абранае": 2,
  "дажджлівы": -1,
  "дазваляе пазбягаць": -1,
  "дазваляць": 1,
  "дазвол": 2,
  "даймае": -2,
  "даказаны": 2,
  "даложаны": -2,
  "далучыцца": 1,
  "дамаганне": -3,
  "дамагаюцца": 1,
  "даніну": 2,
  "дапамагае": 2,
  "дапамогу": 2,
  "дапытаў": -2,
  "дапытлівы": 2,
  "дапякаць": -2,
  "дараваць": 1,
  "дарагі": 2,
  "дасканаласць": 3,
  "дасканалы": 3,
  "даследаванні": 1,
  "дастаў выгаду": 2,
  "даступнай": 1,
  "даступны": 2,
  "дасягае": 1,
  "дасягальны": 1,
  "дасягненне": 2,
  "дасягненні": 1,
  "дасягнуў": 1,
  "дасягнуць": 1,
  "даўгавечны": 2,
  "даходы": 2,
  "дваісты": -1,
  "дегуманизирует": -2,
  "дегуманизирующий": -2,
  "денье": -2,
  "дерьмовый": -3,
  "дзёрзкі": -1,
  "дзівіць": 3,
  "дзівосны": 3,
  "дзіўна": 3,
  "дзіўны": 3,
  "дзіцячы": -2,
  "дзьмуцца": -2,
  "дзякуй": 2,
  "дзяржаўная здрада": -3,
  "дзярмо": -3,
  "добра": 3,
  "добра бараніла": 3,
  "добра выглядае": 3,
  "добра развітая": 2,
  "добразычліва": 2,
  "добразычлівасці": 2,
  "добразычлівасць": 3,
  "добразычлівы": 3,
  "добрай раніцы": 1,
  "добрее": 2,
  "добры": 3,
  "доля": 1,
  "дорага": 3,
  "доўг": -2,
  "драбленне": -1,
  "драбненнем": -1,
  "драпежны": -2,
  "дроселі": -2,
  "дросселирование": -2,
  "дружба": 2,
  "дружны": 2,
  "дрыготкі": -2,
  "дрыжыкі": -2,
  "дрэнна": -2,
  "дрэнна сябе вядзе": -2,
  "дрэннае зварот": -2,
  "дрэнны": -3,
  "дубянее": 2,
  "дубянець": 2,
  "дужы": 2,
  "дупу": -4,
  "дурань": -4,
  "дурні": -2,
  "дурны": -1,
  "дурыць": -2,
  "дух": 1,
  "ды": 1,
  "дылема": -1,
  "дымчаты": -1,
  "дымяшчай": -2,
  "дысананс": -2,
  "дыскамфорт": -2,
  "дыскваліфікаваны": -2,
  "дыскрымінаваць": -2,
  "дыскрымінацыйны": -2,
  "дыскрымінуе": -2,
  "дыскрымінуюцца": -2,
  "дыскрэдытаваны": -2,
  "дыстрэс": -2,
  "дысфункцыя": -2,
  "дэбіл": -3,
  "дэградавалі": -2,
  "дэградаваць": -2,
  "дэградуе": -2,
  "дэгуманізаваны": -2,
  "дэзадаптацыі": -2,
  "дэзарганізаваць": -2,
  "дэзарыентаваць": -2,
  "дэзінфармаваць": -2,
  "дэзінфармацыя": -2,
  "дэкламацыя": -3,
  "дэманстрацыя": -1,
  "дэмаралізаваны": -2,
  "дэмаралізаваць": -2,
  "дэмаралізуе": -2,
  "дэнансаваць": -2,
  "дэнансуе": -2,
  "дэпартаваныя": -2,
  "дэпартаваць": -2,
  "дэпартацыі": -2,
  "дэпартацыя": -2,
  "дэпартуе": -2,
  "дэфект": -3,
  "дэфектны": -3,
  "дэфекты": -3,
  "дэфіцыт": -2,
  "ебарь": -4,
  "ебать": -4,
  "ёлупень": -3,
  "жаданне": -1,
  "жадаючых": 1,
  "жаласны": -2,
  "жалобны": -2,
  "жалобу": -2,
  "жаль": -2,
  "жалячыся": -2,
  "жарт": 2,
  "жартаўлівы": 2,
  "жарты": 2,
  "жах": -3,
  "жахліва": -3,
  "жахлівы": -2,
  "жвавы": 2,
  "женофоб": -2,
  "жорстка": -3,
  "жорсткасць": -3,
  "жорсткі": -3,
  "жорсткіх": -2,
  "жоўцевая": -3,
  "жудасны": -3,
  "жульніцтва": -2,
  "журботны": -2,
  "жыва": 2,
  "жывы": 1,
  "жыцця": -3,
  "жыццяздольнасць": 3,
  "жыццярадасны": 2,
  "з кутамі": -2,
  "з надзеяй": 2,
  "з усіх сіл": -2,
  "за раз": -2,
  "заахвочвала": 2,
  "заахвочванне": 2,
  "заахвочваць": 2,
  "забавы": 3,
  "забараніць": -1,
  "забараняе": -1,
  "забараняць": -1,
  "забарона": -2,
  "забаронена": -2,
  "забаронены": -2,
  "забастоўка": -2,
  "забастоўкі": -1,
  "забаўка": 3,
  "забаўляльны": 2,
  "забаўляць": 3,
  "забеспячэнне": 1,
  "забіты": -3,
  "забіты горам": -3,
  "забіць": -3,
  "заблытаны": 2,
  "забойны": -3,
  "забойства": -3,
  "забойствамі": -2,
  "забойстваў": -3,
  "забойца": -2,
  "забруджаны": -2,
  "забруджвае": -2,
  "забруджвальнікамі": -2,
  "забруджвальныя рэчывы": -2,
  "забруджванне": -2,
  "забруджваць": -2,
  "забруджваючы": -2,
  "забываеш": -1,
  "забываць": -1,
  "забыты": -1,
  "забыўся": -1,
  "забыўчывы": -2,
  "забяспечаны": 2,
  "забяспечваць": 1,
  "завала": -2,
  "завышэнне": -2,
  "завяршае працу": -1,
  "загана": -2,
  "заганны": -2,
  "загачвала": -2,
  "заглушаць": -2,
  "загрыміравалі": -1,
  "задавальненне": 2,
  "задаволены": 2,
  "задзіра": -2,
  "задніца": -4,
  "задуменны": 1,
  "зазывание пакупнікоў": -2,
  "зайздрасць": -1,
  "зайздросны": -2,
  "зайздросціць": -1,
  "зайздросцяць": -1,
  "займацца": 1,
  "закалоў": -2,
  "закінуты": -2,
  "заклапочаны": -2,
  "заклікае": 2,
  "заключаны ў турму": -2,
  "законна": 2,
  "закрычаў": -2,
  "залішняя вага": -1,
  "залупа": -4,
  "замаскіраваны": -1,
  "замацаваны": 1,
  "заможны": 2,
  "занадта востра рэагаваць": -2,
  "занадта спрошчаны": -2,
  "занепакоены": -2,
  "заніжаныя": -1,
  "заняволіць": -2,
  "занявольвае": -2,
  "занядбанасць": -2,
  "занядбаць": -2,
  "запаветны": 2,
  "запаволены": -2,
  "запазненне": -2,
  "запазычаны": -2,
  "запал": 1,
  "запала": -1,
  "запалёны": -2,
  "запалохвае": -2,
  "запалохваць": -2,
  "запалохваюць": -2,
  "запас жыццёвых сіл": 2,
  "запатрабаваў": -1,
  "запрашаць": 1,
  "запушчаны": 1,
  "зараджаны": -3,
  "заражае": -2,
  "заражаны": -2,
  "заражаны паразітамі": -2,
  "заражаць": -2,
  "заражэнне паразітамі": -2,
  "зараза": -2,
  "заслужаны": 2,
  "засмучае": -2,
  "засмучальна": -2,
  "засмучаны": -2,
  "засмучаныя": -2,
  "засмучэнне": -2,
  "засмучэнні": -2,
  "засмяяўся": 1,
  "заспакаяльны": 2,
  "заспакойваючы": 2,
  "заспакойлівы": 2,
  "застагнаў": -2,
  "застопарыўся": -2,
  "застрашванне": -2,
  "заступае": -2,
  "затрыманне": -2,
  "затрыманы": -2,
  "затрымаўся": -2,
  "затрымка": -1,
  "затрымліваць": -2,
  "заўзятары": 1,
  "захаваны": 2,
  "захапленні": 2,
  "захапляе": 3,
  "захапляльнае": 2,
  "захапляльны": 3,
  "захапляцца": 3,
  "захапляць": 3,
  "захоплены": 3,
  "захоўваецца": -1,
  "зацверджаны": 2,
  "зацвярджэнне": 2,
  "зацікаўлены": 2,
  "зацкаваныя": -2,
  "зачараванне": 2,
  "зачараваны": 3,
  "зачароўвае": 3,
  "зачароўваць": 3,
  "збалансаваны": -2,
  "збівае з толку": -2,
  "збіты": -2,
  "зблытаць": -2,
  "збой у": -2,
  "збоі": -2,
  "зборнік законаў": 2,
  "збянтэжаны": -2,
  "звалка": -1,
  "зверскі": -3,
  "зверства": -3,
  "зводзіць з розуму": -3,
  "звольнена": -1,
  "звольнены": -2,
  "звольнілі": -2,
  "звышнатуральны": -2,
  "звязаныя з гвалтам,": -3,
  "згаджаецца з тым,": 1,
  "згвалтаваная": -4,
  "згвалтаванне": -4,
  "згодныя": 1,
  "згоду": 2,
  "згоды": 2,
  "згортванне": -2,
  "згубе": -2,
  "згушчэнне": -1,
  "здавальняе": 2,
  "здаровы": 2,
  "здзейсніць": 1,
  "здзекаваўся": -2,
  "здзекавацца": -2,
  "здзекуецца": -2,
  "здзекуюцца": -2,
  "здзіўлены": 3,
  "здзіўляецца": -2,
  "здзяйсняе": 1,
  "здольнасці": 2,
  "здольнасць": 2,
  "здольны": 1,
  "здрада": -3,
  "здраджвае": -3,
  "здрадзіла": -3,
  "Здрадныя": -3,
  "здранцвеў": -1,
  "землеройка": -4,
  "злавесны": -2,
  "зламаны": -1,
  "зламаў": -1,
  "злапомны": -2,
  "злачынец": -3,
  "злачынства": -2,
  "злачынстваў": -2,
  "злачынцы": -3,
  "зло": -3,
  "злосны": -2,
  "злосць": -2,
  "злоўжывалі": -3,
  "злоўжыванне": -3,
  "злоўжываючы": -3,
  "злы": -2,
  "змагаліся": -1,
  "змагары": -2,
  "змагацца": -1,
  "змагаючыся": -2,
  "зменліва": -2,
  "змова": -3,
  "змог": -2,
  "змрочнасць": -1,
  "змрочны": -2,
  "змучаны": -2,
  "знаходка": 4,
  "значнае": 1,
  "значным": 2,
  "значэнне": 1,
  "знікае": -1,
  "знікаць": -1,
  "зніклы": -1,
  "знішчаць": -2,
  "знішчыць": -3,
  "зношаны": -1,
  "зняволены": -2,
  "зняволеныя": -2,
  "золата": 2,
  "зручна": 2,
  "зручны": 2,
  "зрушэнне": -1,
  "зрываць": -2,
  "зрыве": -2,
  "зрывы": -2,
  "зрыў": -2,
  "зудящий": -2,
  "зялёны камуфляж": -3,
  "зялёны мыць": -3,
  "зялёны пральная": -3,
  "изморенный голадам": -2,
  "иммобилизованный": -1,
  "ігнараванне": -2,
  "ігнараваць": -1,
  "ігнаруемых": -1,
  "ігнаруюцца": -2,
  "ідыёт": -3,
  "ідыёцкі": -3,
  "ідыятызм": -3,
  "ізаляваны": -1,
  "ілжыва": -2,
  "ілжывасць": -3,
  "ілжывы": -1,
  "ілжывыя звесткі аб": -2,
  "ілжэсьведчаньне": -3,
  "імпатэнт": -2,
  "імпічмент": -3,
  "імпічменту": -3,
  "імунны": 1,
  "інавацыйны": 2,
  "інавацыі": 1,
  "інавацыя": 1,
  "інвалідаў": -2,
  "інваліднасць": -2,
  "індактрынацыі": -2,
  "інквізіцыя": -2,
  "інкрымінаваць": -3,
  "інтарэсы": 1,
  "інтымнасць": 2,
  "інтэнсіўны": 1,
  "інфантыльны": -2,
  "інфекцыйны": -2,
  "інфекцыі": -2,
  "інфекцыя": -2,
  "інфікаваць": -2,
  "іншым грамадзтве": -2,
  "іранічны": -1,
  "ірацыянальны": -1,
  "ірве": -3,
  "ірвотнае": -3,
  "іронія": -1,
  "іскра": 1,
  "іскрыцца": 3,
  "істотны": 1,
  "істэрыка": -3,
  "істэрычны": -3,
  "істэрыя": -3,
  "Ісус": 1,
  "казлоў адпушчэння": -2,
  "каламутны": -2,
  "калапс": -2,
  "калі ласка": 1,
  "камедыя": 1,
  "камічны": 1,
  "кампанейскі": 2,
  "кампетэнтны": 2,
  "камплімент": 2,
  "камфорт": 2,
  "канкурэнтаздольны": 2,
  "кантамінацыі": -2,
  "кантрабанда": -2,
  "кантрабандны": -2,
  "канфлікт": -2,
  "канфліктны": -2,
  "канфлікты": -2,
  "канфуз": -2,
  "канцэптуалізацыя": 1,
  "капрыз": -2,
  "капрызны": 1,
  "карае": -2,
  "каральная": -3,
  "караць": -3,
  "карны": -2,
  "карупцыя": -3,
  "карыснасць": 2,
  "карысны": 2,
  "карысным": 2,
  "карыстаецца": 2,
  "карыстаўся": 2,
  "касыя": -2,
  "катаванні": -4,
  "катаваннях": -4,
  "катаваць": -4,
  "катапультаванне": -2,
  "катастрафічны": -4,
  "катастрофа": -3,
  "каханне": 3,
  "кахаючая дабрыня": 3,
  "каштоўнасці": 1,
  "каштоўны камень": 3,
  "каэфіцыент узмацнення": 2,
  "квітнеючы": 3,
  "кемнасьць": 2,
  "кепскі": -2,
  "кідаецца": -2,
  "кіраўніцтва": 1,
  "кірмаш": 2,
  "кірпаты": -2,
  "кішэць": -2,
  "кладучы": -2,
  "клапатлівая": 2,
  "класны": 3,
  "класці не на месца": -2,
  "клёпкі": 3,
  "клопаты": -3,
  "кляп": -2,
  "комплексны": 2,
  "кошт": 2,
  "крадзеж": -2,
  "крадзеж з узломам": -2,
  "крамола": -2,
  "кранальны": 3,
  "красуні": 3,
  "крывавы": -3,
  "крывадушны": -2,
  "крызіс": -3,
  "крык": -1,
  "крыкі": -2,
  "крыкунамі": -3,
  "крыміналізацыі": -2,
  "крыніца забруджвання": -2,
  "крытык": -2,
  "крытыка": -2,
  "крытыкаваць": -2,
  "крытыкі": -2,
  "крытыкуе": -2,
  "крытыцы": -2,
  "крыўдзіцца": -2,
  "крыўдзіць": -2,
  "крыўдна": -2,
  "крычаў": -2,
  "кряхтеть": -2,
  "купарвасны": -3,
  "лабавое супраціў": -1,
  "лабіраванне": -2,
  "лабіст": -2,
  "лабісты": -2,
  "лабіяваў": -2,
  "лаг": -1,
  "лагі": -2,
  "лагодны": 3,
  "ладан": -2,
  "лаецца": -2,
  "ламе": -2,
  "лаяльнасць": 3,
  "лаяльны": 3,
  "лаянку": -2,
  "лаяцца": -2,
  "лаяць": -3,
  "лёгка": 1,
  "легкаверны": -2,
  "легкадумны": -2,
  "лёгкасць": 2,
  "лепш": 2,
  "лепшы": 3,
  "лепшы блін": 4,
  "лепшыя": 3,
  "летаргічны": -2,
  "лжец": -3,
  "літасцівы": 3,
  "ліхаманка": -2,
  "лобі": -2,
  "лол": 3,
  "лохі": -4,
  "лунацікі": -3,
  "льготы": 2,
  "любімая": 3,
  "любімы": 3,
  "любіць": 2,
  "любоўю": 3,
  "люта": -3,
  "лютасьць": -2,
  "лямантаваць": -2,
  "лянівы": -1,
  "лятальнасць": -2,
  "лятальны": -2,
  "магіла": -2,
  "магутны": 2,
  "магчымасці": 1,
  "магчымасць": 2,
  "мадэрнізаваны": 2,
  "мадэрнізаваць": 2,
  "мадэрнізуе": 2,
  "мае поспех": 3,
  "мазок": -2,
  "маладушных": -2,
  "малітвамі": 1,
  "маліцца": 1,
  "маляўнічы": 2,
  "манапалізаваны": -2,
  "манапалізаваць": -2,
  "манапалізуе": -2,
  "манатонны": -1,
  "маніпулявалі": -1,
  "маніпуляванне": -1,
  "мара": 1,
  "марадзёрства": -2,
  "маркіроўка таварным знакам, якія ўводзяць у зман": -3,
  "маркоціцца": -1,
  "марна": -2,
  "марнаваць": -2,
  "марнатраўства": -2,
  "марудлівы": -2,
  "мары": 1,
  "масавыя беспарадкі": -2,
  "маскіраваць": -1,
  "маскіроўка": -1,
  "матываванае": 2,
  "матываваць": 1,
  "матывацыя": 1,
  "матывіровачную": 2,
  "махляр": -4,
  "махляра": -3,
  "махлярства": -4,
  "маячылі": -1,
  "медаль": 3,
  "межах": -1,
  "меланхолія": -2,
  "мёртвы": -3,
  "метадычна": 2,
  "метадычны": 2,
  "міласць": 2,
  "мілы": 2,
  "мірна": 2,
  "мірны": 2,
  "міс": -2,
  "міф": -1,
  "млявасць": -2,
  "млявы": -2,
  "модеры": 2,
  "можа \"стаяць т": -3,
  "моцна": -2,
  "моцны": 2,
  "моцныя бакі": 2,
  "мсціўцы": -2,
  "мудак": -4,
  "мудрасць": 1,
  "мужнасць": 2,
  "мучыцца": -3,
  "мэтанакіраваны": 2,
  "мяняюць правілы гульні": 3,
  "мяцежны": -2,
  "на борце": 1,
  "на шчасце": 3,
  "навязаны": -2,
  "навязвае": -1,
  "нагляд": -1,
  "надакучае": -2,
  "надакучлівы": -2,
  "надакучыла": -3,
  "надзвычайны": 4,
  "надзейна": 2,
  "надзейнасць": 2,
  "надзейны": 2,
  "надзеі": 2,
  "надзеты": -2,
  "надзея": 2,
  "надзімаць": -2,
  "надзьмуты": -2,
  "нажаль": -1,
  "найвялікшы": 3,
  "найгоршае": -3,
  "найнізкі": -2,
  "найчыстая": 1,
  "наіўна": -2,
  "наіўны": -2,
  "наказваў": -2,
  "наканечнік дзіды": 2,
  "накіп": -3,
  "накладанне": -1,
  "накладаць": -1,
  "накладзены": -1,
  "накшталт": 0,
  "належным чынам": 2,
  "намаўляць": -2,
  "нанесены ўрон": -2,
  "наносіць мэты": -2,
  "напад": -2,
  "нападкі": -1,
  "напалі": -1,
  "напорысты": -1,
  "напружанасць": -1,
  "напружаны": -2,
  "нарасты": 2,
  "насоўваецца": -1,
  "настаўляе": -2,
  "наступ": -2,
  "наступны": 3,
  "наступствы": -2,
  "натуральны": 1,
  "натуральныя навукі": -2,
  "натхненне": 2,
  "натхнёны": 2,
  "натхняльны": 2,
  "натхняць": 2,
  "наўрад ці": -1,
  "нахабны": -2,
  "не ведаюць": -2,
  "не вывучаныя": -2,
  "не вытрымала:": -2,
  "не добра": -2,
  "не згаджацца": -2,
  "не падабаецца": -2,
  "не працуе": -2,
  "Не спадабалася:": -2,
  "не ўдалося": -2,
  "не ўхваляць": -2,
  "неабгрунтаваны": -2,
  "неабдуманы": -2,
  "неадпаведныя": -2,
  "неадчувальнасці": -2,
  "неадчувальнасць": -2,
  "неадэкватны": -2,
  "неаслабную": -1,
  "неба": 2,
  "небяспека": -2,
  "небяспечна": -2,
  "небяспечны": -3,
  "невдохновленный": -2,
  "невеликодушно": -2,
  "неверагодна": -1,
  "неверагодны": 4,
  "невпечатлен": -2,
  "невуцкі": -2,
  "невуцтва": -2,
  "невыносны": -2,
  "невысокая": -2,
  "негігіенічно": -2,
  "негр": -5,
  "недаацэнка": -3,
  "недаацэньваць": -1,
  "недавараны": -2,
  "недавер": -3,
  "недаверлівы": -3,
  "недагляд": -1,
  "недакладнай інфармацыі": -2,
  "недальнабачны": -2,
  "недаравальны": -3,
  "недарэка": -2,
  "недарэчныя": -2,
  "недасканалы": -2,
  "недастаткова": -2,
  "недастатковае": -2,
  "недастатковасць": -2,
  "недаступны": -1,
  "недасціпная": -2,
  "недаўменнае": -2,
  "недахоп": -2,
  "недахопы": -2,
  "недзеяздольнымі": -2,
  "незабяспечаных": -2,
  "незадавальненне": -2,
  "незадаволены": -2,
  "незаконна": -3,
  "незаконнанароджаны": -3,
  "незаплямленай": 2,
  "незваротна": -1,
  "незваротны": -1,
  "нездаволены": -2,
  "нездаровы": -2,
  "незнарок": -2,
  "незнарокавы": -2,
  "незразумела": -1,
  "незразумелы": -2,
  "незразуметы": -2,
  "нейкі": 0,
  "неіснуючы": -2,
  "некампетэнтнасць": -2,
  "некампетэнтны": -2,
  "нелагічны": -2,
  "нелегальны": -3,
  "нелюбоў": -2,
  "нематываваны": -2,
  "немы": -3,
  "ненавідзела": -3,
  "ненавідзець": -3,
  "ненавідзіць": -3,
  "ненавідзячы": -3,
  "ненавіснікам": -3,
  "ненавіснікі": -3,
  "ненавісны": -3,
  "ненармальны": -2,
  "ненаўмысным забойстве": -3,
  "ненаучный": -2,
  "непаважліва": -2,
  "Непадтрымоўваны": -2,
  "непадыходны": -2,
  "непажаданы": -2,
  "непапраўную": -2,
  "непаражальны": 2,
  "непаразуменне": -2,
  "непарушны": 2,
  "непаўторныя": -2,
  "непахісны": -2,
  "непацверджаны": -1,
  "непачцівасць": -2,
  "непашкоджаны": 2,
  "непераадольны": 2,
  "непераможны": 2,
  "непісьменнасць": -2,
  "неплацежаздольнасці": -2,
  "неповеривший": -1,
  "неправамерна": -2,
  "непраданы": -1,
  "непрапарцыйны": -2,
  "непраўдападобна": 4,
  "непрафесійны": -2,
  "непраходнасць": -2,
  "непрывабны": -2,
  "непрыдатнасць": -3,
  "непрыдатны": -2,
  "непрыдатных": -2,
  "непрыемнасці": -2,
  "непрыемнасць": -2,
  "непрыемны": -2,
  "непрымальны": -2,
  "непрымірымасць": -2,
  "непрыстойнае": -2,
  "непрыстойнасць": -2,
  "непрыстойны": -2,
  "непрытомнасць": -2,
  "неразумная запал": 2,
  "неразумны": -2,
  "нерашучы": -2,
  "нервова": -2,
  "нервовы": -2,
  "нервы": -1,
  "несмяротны": 2,
  "неспакой": -2,
  "неспакойны": -2,
  "несправядлівасць": -2,
  "несправядлівы": -2,
  "неспрыяльны": -2,
  "неспрыяльным": -2,
  "несумленны": -2,
  "несуцяшальны": -2,
  "несфакусыяванага": -2,
  "нетрывалы": -2,
  "неўтаймоўны": -2,
  "нецярплівы": -2,
  "нечалавечы": -2,
  "неэтычным": -2,
  "неэфектыўнасць": -2,
  "неэфектыўны": -2,
  "неэфектыўныя": -2,
  "нігер": -5,
  "ніжняя бок": -2,
  "нудная праца": -2,
  "нудны": -2,
  "ня верыць": -2,
  "ня годны": -2,
  "нябесны": 4,
  "няварты": -2,
  "нявыкананы": -2,
  "нявырашанае": -1,
  "нядбайны": -2,
  "нядобрасумленны": -2,
  "няёмкае": -2,
  "няздатны": -2,
  "няздольнасць": -2,
  "нязначны": -2,
  "нязручнасць": -2,
  "нязручны": -2,
  "нялюбае": -2,
  "нялюбы": -2,
  "няма": -1,
  "няма ніякага задавальнення": -3,
  "нямоцныя": -2,
  "нямы": -3,
  "нянавісць": -3,
  "няпоўны": -1,
  "няправільна": -2,
  "няправільна зразумеў": -2,
  "няправільна зразумець": -2,
  "няправільна інтэрпрэтаваць": -1,
  "няправільна класіфікавана": -2,
  "няправільна размяркоўваць ролі": -2,
  "няправільнае ўжыванне": -2,
  "няправільнай класіфікацыі": -2,
  "няроўны": -1,
  "няскладны": -2,
  "няслушна вытлумачаны": -2,
  "нясмелы": -2,
  "няспелая, інфантыльная": -2,
  "няспраўны": -2,
  "нястрымна": 2,
  "нястрымны": 2,
  "няўвагу": -2,
  "няўважлівы": -2,
  "няўдалы": -2,
  "няўдача": -2,
  "няўдачлівы": -2,
  "няўдачнік": -2,
  "няўдзячны": -3,
  "няўмела": -2,
  "няўмельства": -2,
  "няўмольны": -2,
  "няўпэўнены": -2,
  "няўстойлівы": -2,
  "няўхвальна": -2,
  "няўцешны": -2,
  "няцотны": -2,
  "няшчасна": -3,
  "няшчасны": -3,
  "няшчасны выпадак": -2,
  "няшчасныя выпадкі": -2,
  "няшчасце": -2,
  "обожать": 3,
  "ой": -2,
  "паза сябе ад радасці": 4,
  "пачартоўску добра": 4,
  "па сутнасці": 1,
  "пабел": -3,
  "паблажлівы": 1,
  "пабожны": 2,
  "пабочны эфект": -2,
  "пабочныя эфекты": -2,
  "павага": 2,
  "паважаны": 3,
  "павесялеў": 2,
  "павіншаваў": 1,
  "павучальны": 2,
  "павышэнне": 1,
  "павялічаны": 1,
  "павялічылі": 1,
  "павялічыць": 1,
  "пагадненне": 1,
  "пагардай": -2,
  "пагарджае": -2,
  "пагарджаны": -2,
  "пагарджаць": -2,
  "пагардліва": -2,
  "пагардлівы": -2,
  "пагарду": -2,
  "пагаршае": -2,
  "пагаршае ўражанне": -1,
  "пагаршаецца": -2,
  "пагаршацца": -2,
  "пагаршаць": -3,
  "пагаршаючы": -2,
  "пагаршэнне": -2,
  "пагашаны": 2,
  "пагашаць": 2,
  "пагібельны": -3,
  "паглынуты": 1,
  "пагоршыўся": -2,
  "пагражала": -2,
  "пагражаць": -2,
  "пагроз": -2,
  "пагроза": -2,
  "пагрозлівы": -2,
  "пагрозы": -2,
  "пад небяспеку": -2,
  "пад пагрозай": -2,
  "пад сумнеў": -1,
  "падабраны": 1,
  "падавіла": -1,
  "падавіўся": -2,
  "падазравалы": -1,
  "падазраваны": -1,
  "падазраваныя": -1,
  "падазроны": -2,
  "падалі ў суд": -2,
  "падарунак": 2,
  "падаў у адстаўку": -1,
  "падаў у суд": -2,
  "падбудаваны": -1,
  "падвешаны": -1,
  "падвяргаць астракізму": -2,
  "падвяргаюцца": -1,
  "падвяргаючы": -1,
  "падземныя штуршкі": -2,
  "падзенне": -1,
  "падкопы": 1,
  "падкрэсліў": -2,
  "падкуплены": -3,
  "падман": -2,
  "падманвае": -3,
  "падманваць": -3,
  "падманлівы": -3,
  "падмануць": -2,
  "падонак": -3,
  "падоўжыць": 1,
  "падпіўшы": 3,
  "падробка": -3,
  "падробкамі": -3,
  "падрывае": -2,
  "падрываецца": -2,
  "падрываць": -2,
  "падрыў": -2,
  "падрыўной": -2,
  "падрыхтаваны": 1,
  "падтрыманы": 2,
  "падтрымка": 2,
  "падтрымкі": 1,
  "падтрымку": 2,
  "падцікоўвае": -1,
  "падымае настрой": 2,
  "падымаецца": 1,
  "падыходзіць": 2,
  "пажадана": 1,
  "пажаданні": 1,
  "пажаданы": 2,
  "пазбаўленне": -3,
  "пазбаўленне права выкупу закладной": -2,
  "пазбаўлення": -2,
  "пазбаўляючы": 2,
  "пазбегнуць": -1,
  "пазбягаць": -1,
  "пакаралі": -2,
  "пакараць": -2,
  "пакінуты": -2,
  "пакінуты ў жывых": 2,
  "паклёпніцкі": -2,
  "пакорлівы": 1,
  "пакрыўджаны": -2,
  "пакрыўдзіў": -2,
  "пакута": -2,
  "пакутаваць": -2,
  "пакутліва": -1,
  "пакутлівы": -3,
  "пакутнік": -2,
  "пакутнікі": -2,
  "пакутніцкі": -2,
  "пакутуе": -2,
  "паланіла": 3,
  "палантын": -2,
  "паласнуў": -2,
  "палёгку": 2,
  "палеміка": -2,
  "палепшаны": 2,
  "паліраваны": 2,
  "паліцы": -1,
  "палкі": 2,
  "Палы": -2,
  "паляпшае": 2,
  "паляпшаць": 2,
  "паляпшэнне": 2,
  "памёр": -3,
  "памерці": -3,
  "памілаванне": 2,
  "памілаваны": 2,
  "паміраючы": -3,
  "памылка": -2,
  "памылкі": -2,
  "памылковы": -2,
  "памятны": 1,
  "памяшаны": -3,
  "паніка": -3,
  "панікёр": -2,
  "панікёры": -2,
  "панікуе": -3,
  "панічны": -3,
  "панічны ўцёкі": -2,
  "пануры": -2,
  "панылы": -2,
  "паняволеных": -2,
  "папалохаць": -2,
  "папераджальны": 2,
  "папракае": -3,
  "папрасіў прабачэння": -1,
  "папулярнасць": 3,
  "папулярны": 3,
  "папярэджана": -1,
  "папярэджаная": -1,
  "папярэджанне": -3,
  "папярэджання": -3,
  "папярэджвае": -2,
  "папярэджваць": -2,
  "парадаваліся": 4,
  "парадокс": -1,
  "паражаць": 2,
  "паражэнне": -2,
  "паразітуе": -2,
  "пародыя": -2,
  "парушае": -2,
  "парушальнік": -2,
  "парушанае": -2,
  "парушаны": -2,
  "парушаныя": -2,
  "парушаць": -2,
  "парушыўшы": -2,
  "парушэнне": -2,
  "парушэнні": -2,
  "паршывы": -2,
  "парэзы": -1,
  "пасарамаціў": -2,
  "пасіўна": -1,
  "пасіўнасць": -2,
  "пасіўная": -1,
  "паскардзіцца": -2,
  "паспяхова": 3,
  "паспяховы": 3,
  "пасрэднасць": -3,
  "пастка": -1,
  "пасткі": -1,
  "пастцы": -2,
  "патанулае судна": -2,
  "патануў": -2,
  "патрабавальны": -1,
  "патрабаванні": -1,
  "патэтычны": -2,
  "паўстанцы": -2,
  "паўтлусты": 2,
  "паўшчуваў": -3,
  "пахаванне": -1,
  "пахвалілі": 2,
  "пахмурны": -2,
  "пацалунак": 2,
  "пацверджана": 1,
  "пацвярджае": 2,
  "пацвярджала": 2,
  "пацьмянелы": -2,
  "пацярпелі": -2,
  "пацярпелых": -1,
  "пачатковец": -2,
  "пачварнасць": -2,
  "пачварны": -2,
  "пачуццё": 1,
  "пачуццё віны": -3,
  "пачуццё таямніцы": 1,
  "пачцівы": 2,
  "пачынае мучыць": -3,
  "пашана": 3,
  "пашкадаваў": -2,
  "пашкадаваць": -1,
  "пашкоджанне": -3,
  "пашкоджаны": -3,
  "пашырае": 1,
  "пашыраць": 1,
  "пашырэнне правоў і магчымасцяў": 2,
  "певень": -5,
  "педзікам": -3,
  "пекла": -4,
  "перабівае": -2,
  "пераблыталіся": -2,
  "перабольшанняў": -2,
  "перабольшаны": -2,
  "перабольшвае": -2,
  "перабольшваеш": -2,
  "перабольшваць": -2,
  "перабольшваючы": -2,
  "пераборлівы": -2,
  "перавага": 2,
  "перавагі": 2,
  "перавагу": 3,
  "пераважна": 2,
  "перагрузка": -1,
  "перажыў": 2,
  "пераканала": -1,
  "перакананы": 2,
  "пераконвае": 1,
  "пераконваць": 1,
  "перакрут": -3,
  "перамога": 4,
  "перамогі": 4,
  "пераможаны": -2,
  "пераможны": 4,
  "пераможца": 4,
  "пераможцы": 3,
  "перапынак у працы": -2,
  "перапыненне": -2,
  "перарвана": -1,
  "перарваны": -2,
  "перарываецца": -2,
  "пераследваць": -2,
  "пераследваць у судовым парадку": -1,
  "пераступае": -2,
  "пераступаць": -2,
  "пераступіў": -2,
  "пераступіўшы": -2,
  "перасцярог": -2,
  "перасьледуе": -2,
  "пераўзыходзілі": -2,
  "перахітрылі": -2,
  "перахопаў": -2,
  "перашкаджала": -2,
  "перашкаджаць": -2,
  "перашкода": -2,
  "перашкоды": -2,
  "перепроданность": -2,
  "переусердствовал": -2,
  "перспектыва": 1,
  "перспектывы": 1,
  "песімізм": -2,
  "песімістычны": -2,
  "песціць": 2,
  "песцячы": 2,
  "підарам": -3,
  "піздзіць": -5,
  "пікіраваць": -2,
  "пільны": -1,
  "пісталет": -1,
  "плакаць": -2,
  "плаціць": -1,
  "плач": -2,
  "плывучы": 2,
  "плюхается": -2,
  "пляскае ў ладкі": 2,
  "пляскаць": -2,
  "пляскаць у далоні": 2,
  "подкуп": -3,
  "подлы": -1,
  "познабливание": -1,
  "полы": -1,
  "помсны": -2,
  "помста": -2,
  "помсціць": -2,
  "помсьнік": -2,
  "попыт": -1,
  "порхаўка": 2,
  "поспех": 2,
  "посттраўматычнае": -2,
  "потускнение": -2,
  "прабачце": -1,
  "прабачэнне": -1,
  "праблема": -2,
  "праблемы": -2,
  "прававой": 1,
  "правакаваць": -1,
  "правакуе": -1,
  "правал": -2,
  "правамерны": 2,
  "правапарушальнік": -2,
  "праведнасьць": 2,
  "праверкі": 1,
  "правільны кірунак": 3,
  "правін": -2,
  "правіну": -2,
  "правіны": -2,
  "правозіць": -2,
  "прагнасць": -3,
  "прагны": -2,
  "прагрэс": 2,
  "прадаваць звыш сваіх запасаў": -2,
  "прадажны": -3,
  "прадастаўленне": 1,
  "прадастаўляецца": 1,
  "прадпрымальны": 1,
  "прадухіленне": -1,
  "прадухіляе": -1,
  "прадухіляць": -1,
  "празаічны": -2,
  "празмерна": -2,
  "празмерная рэакцыя": -2,
  "празорлівец": 3,
  "праклён": -1,
  "праклятая": -4,
  "прамантачыўшы": -2,
  "прамой": 1,
  "прамыванне мазгоў": -3,
  "праніклівасць": 2,
  "пранырлівы": -2,
  "прапаганда": -2,
  "прапанова": -2,
  "прапановы": -2,
  "прапушчаны": -2,
  "прарыў": 3,
  "прасвятляе": 2,
  "Прасілі": -2,
  "прасіць прабачэння": -1,
  "праславуты": -2,
  "праследуемы": -2,
  "прастагнала": -2,
  "прастата": 1,
  "прасторны": 1,
  "прасунуты": 1,
  "пратэст": -2,
  "пратэставаць": -2,
  "пратэстоўцы": -2,
  "пратэсты": -2,
  "праўда": 2,
  "прахалодны": 1,
  "працавіты": -2,
  "працверажэнне": 1,
  "працягваецца": 1,
  "прачула": 3,
  "приличествовать": 2,
  "пройгрыш": -3,
  "просячы прабачэння": -1,
  "прыбытак": 2,
  "прыбытковы": 3,
  "прывабнасць": 2,
  "прывабней": 2,
  "прывабны": 3,
  "прывід": -1,
  "прывілеяваны": 2,
  "прывітанне": 1,
  "прывітання": 2,
  "прыгажосць": 3,
  "прыгажунь": 3,
  "прыгнёт": -2,
  "прыгнёту": -2,
  "прыгнечаны": -3,
  "прыгнечаны горам": -2,
  "прыгнятаць": -2,
  "прыгода": 2,
  "прыгоды": 2,
  "прыгожа": 3,
  "прыгожы": 3,
  "прыдатны": 2,
  "прыдуркаваты": -3,
  "прыемны": 2,
  "прызнае": -1,
  "прызнанне": 2,
  "прызнаў": -1,
  "прыкметны": 2,
  "прыкрасць": -2,
  "прыкрыццё": -3,
  "прымае": -3,
  "прымальны": 1,
  "прымаць": 1,
  "прымірае": 2,
  "прыміраць": 2,
  "прымус": -2,
  "прымушаюць": -2,
  "прымяншае": -1,
  "прымяншаць": -1,
  "прыніжаецца": -2,
  "прыніжаны": -3,
  "прыніжаць": -2,
  "прыніжэньне": -3,
  "прыняцце": 1,
  "прыняць": 1,
  "прыпынак": -1,
  "прыпыніць": -1,
  "прыпынку": -1,
  "прысвечаны": 3,
  "прыставаць": -3,
  "прыстанішчам": -1,
  "прыстасоўваць": 1,
  "прысуджаны": -2,
  "прысуды": -1,
  "прытармажвання": -2,
  "прыхілістая": 3,
  "прыхільнай": 1,
  "прыхільнік": 1,
  "прыхільнікі": 2,
  "прыцягальны": 1,
  "прыцягвае": 1,
  "прыцягваць": 1,
  "прыцягненне": 2,
  "прыцягнулі": 1,
  "прычыненне": -2,
  "прычыніць": -2,
  "прыязнасць": 2,
  "прыязны": 2,
  "прэсны": -2,
  "прэтэндуючы": -1,
  "псеўданавука": -3,
  "псіхапатычныя": -2,
  "псуючы": -2,
  "пужалы": -3,
  "пускаць пад адхон": -2,
  "пустаслоў": -3,
  "пустата": -1,
  "пусты": -1,
  "пухліна": -2,
  "пытанне": 1,
  "пытанні": 1,
  "пэўная": 1,
  "пэўны": 2,
  "пэўныя ахвяры": -3,
  "пякельны": -2,
  "пярэдні край": 1,
  "пяшчота": 2,
  "пяшчотны": 2,
  "раб": -3,
  "рабаваць": -2,
  "рабаўнік": -2,
  "рабіць бесчалавечныя": -2,
  "рабіць выгляд": -1,
  "рабства": -3,
  "рабы": -3,
  "радавацца": 4,
  "радасна": 3,
  "радасны": 3,
  "радасць": 3,
  "радасьць": 3,
  "радуецца": 4,
  "рады": 3,
  "разадзьмуты": -1,
  "разарваны": -2,
  "разблытваць": 1,
  "разбуральны": -2,
  "разбуранай": -2,
  "разбураны": -2,
  "разбурэнне": -3,
  "разбэшчвае": -3,
  "разважлівасць": 2,
  "разваліўся": -2,
  "разведка": 1,
  "разводка": -2,
  "развозяць нашае багацьце": -2,
  "разгневаны": -3,
  "раздражнёны": -3,
  "раздражняе": -3,
  "раздражняльны": -3,
  "раздражняць": -3,
  "раздушаны": -2,
  "раззлавала": -3,
  "разлік": 1,
  "разлікі": 1,
  "размыванне": -2,
  "размыта": -2,
  "разумнейшыя": 2,
  "разумны": 1,
  "рай": 3,
  "рак": -1,
  "раман": 2,
  "рамантыка": 2,
  "рамантычна": 2,
  "расізм": -3,
  "расіст": -3,
  "расісты": -3,
  "раскаянне": -2,
  "раскладаць": -3,
  "раскоша": 2,
  "распачата крымінальная справа": -2,
  "расплывісты": -2,
  "рассеецца": 1,
  "расслаблены": 2,
  "расследуе": -1,
  "рассылання спаму": -2,
  "растлумачвае": 2,
  "расточванне": -3,
  "растраціў": -2,
  "расхвальвалі": -2,
  "расцэненая": 2,
  "расчаравала": -2,
  "расчараванне": -2,
  "расчаравання": -2,
  "расчараваны": -2,
  "расчароўвае": -2,
  "расчароўваць": -2,
  "расчлянёны": -2,
  "ратуецца": -1,
  "ратыфікаваны": 2,
  "раўнівы": -2,
  "рафінуюць": 1,
  "рашучы": 2,
  "рашэнне": 1,
  "рашэнні": 2,
  "робіць выгляд": -1,
  "рознагалоссе": -2,
  "розум": 2,
  "росквіт": 3,
  "рост": 2,
  "рубец": -2,
  "ружа": 1,
  "руіны": -2,
  "руплівы": 2,
  "рызманы": -2,
  "рызыка": -2,
  "рызыкі": -2,
  "рызыкоўны": -2,
  "рэабілітаваць": 2,
  "рэабілітуе": 2,
  "рэзка": -1,
  "рэкамендаваць": 2,
  "рэкамендуе": 2,
  "рэкамендуемы": 2,
  "рэкламуе": -2,
  "рэльефы": 1,
  "рэўнасць": -2,
  "рэцыдывіст": -2,
  "рэцэнзія": -2,
  "Рэчыва": -2,
  "са зніжкай": -1,
  "са смяротным зыходам": -3,
  "са спінкай": 1,
  "сабатаж": -2,
  "савок": 3,
  "садзейнічае": 1,
  "садзейнічанне": 1,
  "садзейнічаць": 1,
  "сакавіты": -1,
  "саладзей": 3,
  "салідарнасць": 2,
  "салодкі": 2,
  "салют": 2,
  "салютуючы": 2,
  "салюты": 2,
  "самапамылцы": -2,
  "самагубства": -2,
  "самагубчы": -2,
  "самазабойцы": -2,
  "самазванец": -2,
  "самаздаволены": -2,
  "самаўлюбёнасць": -2,
  "самаўпэўнены": 2,
  "самотна": -2,
  "самотны": 1,
  "самотны па хаце": -2,
  "самы моцны": 2,
  "самы цёмны": -2,
  "самы шчаслівы": 3,
  "сапернік": -1,
  "сапсаваны": -2,
  "сарамлівы": -1,
  "сарваныя": -2,
  "саркастычны": -2,
  "саромецца": -2,
  "састарэлы": -2,
  "саюзнік": 2,
  "свабода": 2,
  "свабодны": -3,
  "свабоды": 2,
  "свавольства": -1,
  "свавольствы": -1,
  "сваливание": -2,
  "сварлівы": -2,
  "сватацца": 3,
  "свежы": 1,
  "свет": 2,
  "святкаванне": 3,
  "святкаваць": 3,
  "святкуе": 3,
  "святочны": 2,
  "святы": 3,
  "сейф": 1,
  "сеча": -2,
  "сігнал трывогі": -2,
  "сіла": 2,
  "сілкаваць агіду": -3,
  "сімпатычнай": 2,
  "сімпатыя": 2,
  "сіняватабарвовы": -2,
  "скажаецца": -2,
  "скажаць": -2,
  "скажаючы": -2,
  "скажоны": -2,
  "скажэнні": -2,
  "скаку": -1,
  "скамянела": -2,
  "скандал": -3,
  "скандалы": -3,
  "скандальны": -3,
  "сканцэнтраваны": 2,
  "скарачэнне": -2,
  "скарб": 2,
  "скарбы": 2,
  "скарга": -2,
  "скаргі": -2,
  "скардзіўся": -2,
  "скардзіцца": -2,
  "сквапны": 2,
  "скептык": -2,
  "скептыкі": -2,
  "скептыцызм": -2,
  "скептычны": -2,
  "скідалі": -2,
  "скрасці": -2,
  "скука": -2,
  "скупы": -2,
  "слабасць": -2,
  "слабы": -2,
  "слабыя бакі": -2,
  "слава": 2,
  "славалюбівы": 2,
  "славутасці": 2,
  "славуты": 3,
  "слаўны": 2,
  "слёзы": -2,
  "сликовое": 2,
  "слізкі": 2,
  "сліп": -1,
  "слэш": -2,
  "смактаць": -3,
  "смакуе": 2,
  "смачніна": 3,
  "смела": 2,
  "смеласць": 2,
  "смерць": -2,
  "смерцяў": -2,
  "смех": 1,
  "смецце": -1,
  "смешны": -3,
  "смурод": -2,
  "смутак": -2,
  "смяецца": 1,
  "смяльчак": 2,
  "смярдзючы": -2,
  "смяротны": -3,
  "смяхотны": -3,
  "смяшней": 4,
  "сонечнае святло": 2,
  "сорамна": -2,
  "спаборны": -1,
  "спагадаў": 2,
  "спагадны": 2,
  "спад": -2,
  "спадабаўся": 2,
  "спадзеючыся": 2,
  "спакойны": 2,
  "спакушаны": -1,
  "спалох": -2,
  "спалоханы": -2,
  "спам": -2,
  "спамер": -3,
  "спамеры": -3,
  "спачуванне": 2,
  "спекулянт": -2,
  "спекуляцыя": -2,
  "спелы": 2,
  "спіны": 1,
  "справакаваны": -1,
  "справядлівасць": 2,
  "спрашчаць": -2,
  "спрашчэнства": -2,
  "спрытны": 2,
  "спрыяла": 1,
  "спрыяльны": 2,
  "спрыяння": 2,
  "спрыяць": 2,
  "спрэчка": -2,
  "спрэчкі": -2,
  "спрэчна": -2,
  "спрэчны": -2,
  "спуск у свідравіну пад ціскам": -2,
  "спусташаць": -2,
  "спусташэнне": -2,
  "спусташэньня": -2,
  "спустошаны": -2,
  "спыніўся": -1,
  "спыніць": -1,
  "спыняе": -2,
  "сраный": -3,
  "ссание": -3,
  "стабільны": 2,
  "ставіць пад пагрозу": -2,
  "стагнаць": -2,
  "сталкиваетс": -1,
  "стамляе": -2,
  "стан": 2,
  "станоўча": 2,
  "станоўчы": 2,
  "старанна": 2,
  "стаут": 2,
  "стогне": -2,
  "стогны": -2,
  "стойла": -2,
  "стомленасць": -2,
  "стомлены": -2,
  "стомны": -2,
  "страляць": -1,
  "страта": -3,
  "страты": -3,
  "страты права выкупу": -2,
  "страх": -2,
  "страчаны": -3,
  "страчаных выклікаў": -2,
  "страшна": -2,
  "страшны": -2,
  "страшным": -2,
  "страшэнны": -3,
  "строга": 3,
  "строгі": 3,
  "стрымальны": -2,
  "стрэс": -1,
  "стрэсфактар": -2,
  "стрэсары": -2,
  "стымулюе": 1,
  "стымулюючы": 2,
  "стымуляванне": 1,
  "стымуляваць": 1,
  "стэрэатыпны": -2,
  "судовы пераслед": -1,
  "судовы працэс": -1,
  "судовыя працэсы": -2,
  "сука": -5,
  "сукі": -5,
  "сумленны": 2,
  "сумна": -2,
  "сумневу": -1,
  "сумнеў": -1,
  "сумніўны": -2,
  "сумны": -2,
  "сумняваецца": -1,
  "сумняваўся": -1,
  "сунімаўся": 2,
  "супакоены": 2,
  "супакойвае": 2,
  "супакойваць": 2,
  "супакоіў": 1,
  "супамерны": 2,
  "супер": 3,
  "супернічаюць": -1,
  "супрацьпраўны": -2,
  "супярэчлівы": -2,
  "суровей": -2,
  "суровы": -2,
  "сутарга": -1,
  "сутыкацца": -1,
  "сутыкненне": -2,
  "сутыкнення": -2,
  "суцяшальны": 2,
  "схаваўся": -1,
  "схільна": -2,
  "сцаць": -4,
  "сцвярджае": 2,
  "сцвярджаць": 1,
  "сцвярджэння": -2,
  "сціраецца": -2,
  "сын, сукін": -5,
  "сып": -2,
  "сырая нафта": -1,
  "сыход": 2,
  "сыходзіць у адстаўку": -1,
  "сышоў з рэек": -2,
  "сэксуальны": 3,
  "сябар": 1,
  "сякера": -1,
  "сярдзіты": -3,
  "таіцца": -1,
  "таксічны": -3,
  "талент": 2,
  "талерантнасць": 2,
  "талерантны": 2,
  "тануць": -2,
  "Тардзьё": -2,
  "таталітарны": -2,
  "таталітарызм": -2,
  "творчы": 2,
  "Тиранидской": -3,
  "ткацкі станок": -1,
  "ткацкія станкі": -1,
  "той, хто прайграў": -3,
  "той, хто шануе": 3,
  "тоне": -2,
  "топ": 2,
  "трагедый": -2,
  "трагедыя": -2,
  "трагічны": -2,
  "трапяткі": -2,
  "Траст": 1,
  "траўма": -3,
  "траўматычны": -3,
  "траўміраваны": -2,
  "траўмы": -2,
  "трахал": -4,
  "тремор": -2,
  "тролль": -2,
  "труп": -1,
  "трывае няўдачу": -2,
  "трываць няўдачу": -2,
  "трывога": -2,
  "трывожная": -2,
  "трыумф": 4,
  "тупа": -2,
  "тупасць": -3,
  "тупень": -3,
  "тупік": -2,
  "турбавалі": -2,
  "турбавацца": -3,
  "турбаваць": -2,
  "турбуюся": -3,
  "турбуюць": -3,
  "турма": -2,
  "турэмнае зняволенне": -2,
  "тырады": -3,
  "тыран": -3,
  "тыранічнага": -3,
  "тыранічны": -3,
  "Тыя, каму падабаецца": 2,
  "тэндэнцыйны": -2,
  "тэрарызаваў": -3,
  "тэрарызаваць": -3,
  "тэрарызуе": -3,
  "тэрарысты": -2,
  "тэрарыстычны": -2,
  "тэрміновы": -1,
  "тэрор": -3,
  "у абранае": 2,
  "у адстаўку": -1,
  "ў жаху": -3,
  "ў захапленні": 3,
  "у змове": -3,
  "у роспачы": -3,
  "ў смеху": 1,
  "ўблюдкі": -5,
  "уборы": -2,
  "ўвагнутасць": -2,
  "ўварванне": -1,
  "ўваўнаважваць": 2,
  "ўваходзіць у зачапленне": 1,
  "ўводзіць новаўвядзенні": 1,
  "ўводзіць у зман": -3,
  "ўвядзенне ў зман": -2,
  "ўгнявіць": -2,
  "удар нажом": -2,
  "ўдары": -2,
  "ўдасканаліў": 2,
  "удасканаліць": 1,
  "ўдасканальвае": 2,
  "ўдачлівы": 3,
  "удзячны": 2,
  "ўдумлівы": 2,
  "ўдушэнне": -2,
  "ўзбуджала": -2,
  "узбуджаны": -3,
  "ўзбуджаць": 3,
  "ўзбуджаць справу": -2,
  "ўзгоднены": 1,
  "ўздыхаць": -2,
  "узламаны": -1,
  "узломшчык": -2,
  "узмоцнены": -2,
  "ўзмоцнены": 2,
  "Узнагарода": 2,
  "ўзнагарода": 3,
  "ўзнагароджанне": 2,
  "узнагароджаны": 3,
  "ўзнагароджаныя": 2,
  "ўзнагароды": 3,
  "ўзнесена": 2,
  "ўзнёслы настрой": 3,
  "узрушаны": -2,
  "ўзрушаныя": -2,
  "ўкалоць": -5,
  "улагоджаны": 2,
  "уласніцкімі": -2,
  "ўмацаванне": 2,
  "умацоўвае": 2,
  "умацоўваць": 2,
  "ўмення": 1,
  "уніфікаваны": 1,
  "ўпарты": -2,
  "ўпаў": -1,
  "уплывовы": 2,
  "упрыгожваць": 3,
  "ўпусціць": -1,
  "ўпэўнена": 2,
  "упэўненасць": 2,
  "упэўнены": 2,
  "ура": 5,
  "ўрадлівы": 2,
  "ўражанне": 3,
  "уражаны": -2,
  "ўражвае": 3,
  "ўражлівы": 3,
  "ўразлівасць": -2,
  "ўразлівы": -2,
  "ўрачысты": -1,
  "уродства": -2,
  "уседаравальны": 1,
  "усёпаглынальнай": 3,
  "ускладняючы": -2,
  "усладительный": 3,
  "ўсмешка": 2,
  "ўсмешкі": 2,
  "усміхаецца": 2,
  "усміхнуўся": 2,
  "ўспышка": -2,
  "ўспышкі": -2,
  "ўстаноўка": -1,
  "устойліва": 2,
  "ўстойлівасць": 1,
  "ўстойлівы": 2,
  "устояных": 2,
  "устрывожаны": -2,
  "ўсхваленне": 3,
  "усхваляваны": 5,
  "ўсюдыісны": 2,
  "ўтойванне": -1,
  "утонченный": 1,
  "ўхваліў": 2,
  "ўхваляе": -2,
  "ўхваляць": 2,
  "ухіленне": -2,
  "ўцёкі": -1,
  "ўцечка": -1,
  "ўціскае": -3,
  "ўчыненне": 1,
  "ўчыненне цяжкага забойства": -3,
  "фактычна": 2,
  "фальсіфікаваны": -3,
  "фальсіфікаваць": -3,
  "фальсіфікуюцца": -3,
  "фанатык": -2,
  "фантастычны": 4,
  "фарс": -1,
  "фарсіруе": 1,
  "фатальнасць": -3,
  "фатальны": -3,
  "фашыст": -2,
  "фашысты": -2,
  "фелонь": -3,
  "філантропія": 2,
  "філігранны": 2,
  "фітнес": 1,
  "флагман": 2,
  "фобическая": -2,
  "фол": -3,
  "франтаваты": 2,
  "ха": 2,
  "хаха": 3,
  "хаатычны": -2,
  "хабар": -3,
  "хабарамі": -3,
  "хаваць": -1,
  "хаваючыся": -1,
  "халоднае рэчыва": 3,
  "хаос": -2,
  "характэрны": 2,
  "Хармс": -2,
  "харызма": 2,
  "хатні ўтульнасць": 2,
  "хахаха": 3,
  "хацець": 1,
  "хвала": 3,
  "хваліў": 3,
  "хваліць": 3,
  "хвалюе": -2,
  "хвалюючы": 3,
  "хваляванне": 3,
  "хваравіта рэагуе": -2,
  "хвароба": -1,
  "хваробы": -1,
  "хворы": -2,
  "хворыя": -2,
  "хехе": 2,
  "хер": -4,
  "хітрасць": 2,
  "хлусіў": -2,
  "хлусы": -3,
  "хлюпала": -1,
  "хмурны": -1,
  "хто ня верыць,": -1,
  "хто страйкуе": -2,
  "хуесос": -5,
  "хуліган": -2,
  "хуліганаў": -2,
  "хуліганства": -2,
  "хупавы": 2,
  "хутка": 1,
  "хуткі": 2,
  "цвёрды": 2,
  "цвярдзець": 2,
  "цемра": -1,
  "цёплы": 1,
  "цеплыня": 2,
  "Ці сутыкаліся": -1,
  "цікавасць": 1,
  "цікавы": 2,
  "цікаўны": 1,
  "ціск": -1,
  "цісканіна": -1,
  "ціхамірны": 2,
  "цуд": 3,
  "цудамі": 3,
  "цудоўна": 4,
  "цудоўны": 5,
  "цынізм": -2,
  "цынік": -2,
  "цынічны": -2,
  "цыцкі": -2,
  "цьмянее": -2,
  "цьмяны": -2,
  "цьфу": -2,
  "цэласнасць": 2,
  "цэнзар": -2,
  "цэнзары": -2,
  "цэнзурай": -2,
  "цягавіты": 2,
  "цягае": -1,
  "цягнулі": -1,
  "цяжар": -2,
  "цяжка": -1,
  "цяжкі": -2,
  "цяжкім": -2,
  "цяжкіх злачынстваў": -3,
  "цяпло": 2,
  "цярністы": -2,
  "чакала": -1,
  "чакаць": -1,
  "чалавечны": 2,
  "чароўна": 3,
  "чароўны": 3,
  "чартоўску выдатна": 4,
  "чартоўску горача": 2,
  "чартоўску дзіўна": 4,
  "чартоўску міла": 3,
  "чартоўску прыгожая": 4,
  "чартоўску фантастычны": 4,
  "часта наведвальны": -2,
  "часта наведваць": -1,
  "чортаў": -4,
  "чума": -3,
  "чхае": -2,
  "чханне": -2,
  "чхаць": -2,
  "чхнуў": -2,
  "чысты": 2,
  "чысціцца": 1,
  "Чыты": -3,
  "чэмпіён": 2,
  "чэмпіёны": 2,
  "шаленства": -3,
  "шанаваць": 2,
  "шанец": 2,
  "шантаж": -3,
  "шантажавалі": -3,
  "шантажуе": -3,
  "шануецца": 2,
  "шанцаванне": 3,
  "шанцы": 2,
  "шкадаванняў": -2,
  "шкадаваць": -2,
  "шкадуючы": -3,
  "шкодны": -2,
  "шкоду": -2,
  "шкуры": -1,
  "шлюха": -5,
  "шматспадзеўны": 2,
  "шнары": -2,
  "шок": -2,
  "шокі": -2,
  "шпіёніць": -2,
  "шпіталізаваны": -2,
  "што валадарыць": 1,
  "шторы": -1,
  "штраф": 2,
  "штрафуе": -2,
  "штрафы": -2,
  "штурмы": -2,
  "шумнае прывітанне": 2,
  "шумны": -1,
  "шчаслівы": 3,
  "шчасце": 3,
  "шчодра": 2,
  "шчодры": 2,
  "шчыра": 2,
  "шчырасць": 2,
  "шчырая": 2,
  "шчыры": 2,
  "шык": 2,
  "шэдэўр": 4,
  "шэдэўры": 4,
  "шэры": -1,
  "эвакуацыя": -1,
  "эвакуіраваць": -1,
  "эвакуіруе": -1,
  "эвакуююць": -1,
  "эвакуяваны": -1,
  "эгаістычны": -3,
  "эгаістычнымі": -3,
  "эйфарыі": 4,
  "эйфарыя": 3,
  "экалагічна чыстыя": 2,
  "эканоміць": 2,
  "эканомія": 1,
  "эксклюзіўны": 2,
  "экспертна": 2,
  "эксплойты": -2,
  "эксплуатаваны": -2,
  "эксплуатаваць": -2,
  "эксплуатацыі": -2,
  "экстатычны": 4,
  "экстрэміст": -2,
  "экстрэмісты": -2,
  "эксцэнтрычны": -2,
  "элегантна": 2,
  "элегантны": 2,
  "энергічны": 2,
  "этычны": 2,
  "эфектыўнасць": 2,
  "эфектыўны": 2,
  "юнацкі": 2,
  "юрыдычна": 1,
  "яд": -2,
  "яды": -2,
  "язвамі": -3,
  "як": 2,
  "якасці": 2,
  "якасць": 2,
  "якая перашкаджае": -2,
  "які адмаўляе": -2,
  "які адмаўляецца": -2,
  "які адчувае агіду": -3,
  "які жыве ў нястачы": -2,
  "які замінае": -2,
  "які змагаецца": -2,
  "які крытыкуе": -2,
  "які не адбыўся": -2,
  "які пагоршыць": -2,
  "які пакутуе": -1,
  "які перашкаджае": -2,
  "які правакуе": -1,
  "які прагне": 2,
  "які прыводзіць у лютасць": -2,
  "які прымае": 1,
  "які робіць непрацаздольным": -2,
  "які скажае": -2,
  "які ў роспачы": -3,
  "які ўводзіць у зман": -3,
  "які ўпаў духам": -2,
  "які шануе": 2,
  "якія здзяйсняюцца": -2,
  "якія крычаць": -2,
  "якія падалі ілжывыя звесткі": -2,
  "якога парушаецца": -2,
  "якое забараняе": -2,
  "яркасць": 1,
  "яркі": 2,
  "ясна": 1,
  "яснасць": 2
}