{
  "a accueilli": 2,
  "a approuvé": 2,
  "à feuilles persistantes": 2,
  "a gagné": 3,
  "à juste titre": 2,
  "à la perfection": 3,
  "a présenté ses excuses": -1,
  "à tort": -2,
  "a volé": -2,
  "à votre santé": 2,
  "abandonne": -2,
  "abandonné": -2,
  "abandonner": -2,
  "abattu": -2,
  "abhorre": -3,
  "abhorré": -3,
  "abhorrer": -3,
  "abordable": 2,
  "absent": -1,
  "absents": -1,
  "absolvant": 2,
  "absorbé": 1,
  "absoudre": 2,
  "absous": 2,
  "absout": 2,
  "absurdité": -2,
  "abusant": -2,
  "abusé": -3,
  "abuser": -2,
  "abuser de": -3,
  "acceptable": 1,
  "acceptant": 1,
  "acceptation": 1,
  "accepte": 1,
  "accepté": 1,
  "Acceptez": 1,
  "accessible": 1,
  "accident": -2,
  "accidentel": -2,
  "accidentellement": -2,
  "acclamation": 2,
  "acclamé": 2,
  "acclamer": 2,
  "accolade": 2,
  "accompli": 2,
  "accomplir": 2,
  "accomplissement": 2,
  "accomplit": 2,
  "accordé": 1,
  "acculé": -2,
  "accusant": -2,
  "accusation": -2,
  "accusations": -2,
  "accuse": -2,
  "accusé": -2,
  "accuser": -2,
  "acquis": 1,
  "acquits": 2,
  "acquitté": 2,
  "acquittement": 2,
  "acquitter": 2,
  "acrimonieux": -3,
  "actes répréhensibles": -2,
  "actif": 1,
  "actions": 1,
  "actualisés": -1,
  "adapté": 2,
  "adéquat": 1,
  "admet": -1,
  "admettre": -1,
  "admirant": 3,
  "admire": 3,
  "admirées": 3,
  "admirer": 3,
  "admis": -1,
  "admonesté": -2,
  "adopte": 1,
  "adopter": 1,
  "adorable": 3,
  "adorant": 3,
  "adoration": 3,
  "adore": 3,
  "adoré": 3,
  "adorer": 3,
  "adoringly": 3,
  "adversaire": -1,
  "affable": 3,
  "affaibli": -2,
  "affaissement": -1,
  "affamé": -2,
  "affamer": -2,
  "affecté": -1,
  "affection": 3,
  "affectionateness": 3,
  "affectueux": 3,
  "affiner": 1,
  "affligé": -1,
  "affligée": -2,
  "affreux": -3,
  "affronted": -1,
  "aficionados": 2,
  "agace": -2,
  "agacé": -2,
  "agacement": -2,
  "aggravant": -2,
  "aggrave": -2,
  "aggravé": -2,
  "aggravée": -3,
  "aggraver": -2,
  "agité": -2,
  "agonise": -3,
  "agréable": 3,
  "agressif": -2,
  "agression": -2,
  "agressions": -2,
  "agressivité": -2,
  "aide": 2,
  "Aidezmoi": 2,
  "Aie": -2,
  "aigri": -2,
  "aimable": 3,
  "aime": 3,
  "aimé": 3,
  "alarme": -2,
  "alarmé": -2,
  "alarmiste": -2,
  "alarmistes": -2,
  "alerte": -1,
  "aliénation": -2,
  "allégation": -2,
  "allégations": -2,
  "allégresse": 3,
  "Alléluia": 3,
  "allergique": -2,
  "allié": 2,
  "altérant": -2,
  "altère": -2,
  "altruiste": 2,
  "ambitieux": 2,
  "ambivalent": -1,
  "amélioration": 2,
  "améliore": 2,
  "amélioré": 2,
  "améliorer": 2,
  "amendes": -2,
  "amer": -2,
  "amèrement": -2,
  "ami": 1,
  "amical": 2,
  "amicale": 2,
  "amortissant": -2,
  "amour": 3,
  "amoureux": 2,
  "amours putain": 4,
  "amusé": 3,
  "amusement": 4,
  "amusements": 3,
  "amuser": 3,
  "analphabétisme": -2,
  "âne": -4,
  "angers": -3,
  "angoissant": -3,
  "angoisse": -3,
  "angoissé": -3,
  "animé": 2,
  "animosité": -2,
  "annulation": -1,
  "annule": -1,
  "annulé": -1,
  "Annuler": -1,
  "antagoniste": -2,
  "anti": -1,
  "anticipation": 1,
  "antiparlementaire": -2,
  "anxiété": -2,
  "anxieux": -2,
  "apaisant": 3,
  "apaise": 2,
  "apaisée": 3,
  "apaiser": 3,
  "apathie": -3,
  "apathique": -2,
  "apeshit": -3,
  "apocalyptique": -2,
  "applaudi": 2,
  "applaudir": 2,
  "applaudissant": 2,
  "applaudissement": 2,
  "applaudissements": 2,
  "applaudit": 2,
  "appréciation": 2,
  "apprécie": 2,
  "apprécié": 2,
  "apprécier": 2,
  "approbation": 2,
  "approprié": 2,
  "approuve": 2,
  "Approuve": 2,
  "approuvé": 2,
  "aptitude": 1,
  "ardent": 1,
  "arnaque": -2,
  "arrestations": -2,
  "arrêt": -1,
  "arrêté": -1,
  "arrêter": -2,
  "Arrêtez": -1,
  "arrêts": -1,
  "arrogant": -1,
  "arsehole": -4,
  "aspiration": 1,
  "assassinat": -3,
  "assassinats": -3,
  "asservir": -2,
  "asservit": -2,
  "assfucking": -4,
  "assignation": -2,
  "assourdissant": -1,
  "assurer": 1,
  "astoundingly": 3,
  "atout": 2,
  "atroce": -2,
  "atrocement": -1,
  "atrocité": -3,
  "attaquable": -2,
  "attaque": -1,
  "attaqué": -1,
  "attaquer": -1,
  "attaques": -1,
  "attardé": -2,
  "atteindre": 1,
  "atteint": 1,
  "attend": -1,
  "attendre": -1,
  "attendu": -1,
  "Attention": -3,
  "atterré": -2,
  "attirant": 2,
  "attire": 1,
  "attiré": 1,
  "attirer": 2,
  "attraction": 2,
  "attractions": 2,
  "attrayant": 1,
  "attristé": -2,
  "attrister": -2,
  "au point mort": -2,
  "Aucune idée": -2,
  "audace": 2,
  "audacieux": 3,
  "augmenté": 1,
  "augmenter": 1,
  "aura": 1,
  "austère": -2,
  "auteur": -2,
  "auteurs": -2,
  "autocontradictoire": -2,
  "autotrompé": -2,
  "autorité": 1,
  "Avancée": 1,
  "avanies": -2,
  "avantage": 2,
  "avantages": 2,
  "avantageusement": 2,
  "avantageux": 2,
  "avare": -2,
  "avec attention": 2,
  "avec facultés affaiblies": -2,
  "avec mépris": -2,
  "avec optimisme": 2,
  "avec succès": 3,
  "avengers": -2,
  "aventure": 2,
  "aventures": 2,
  "aventureux": 2,
  "aversion": -2,
  "aversions": -2,
  "averti": -2,
  "avertir": -2,
  "avertissements": -3,
  "aveugle": -1,
  "avide": 2,
  "avidité": -3,
  "avorte": -1,
  "avorté": -1,
  "backed": 1,
  "bâillonné": -2,
  "baisée": -4,
  "baiser": 2,
  "Bamboozles": -2,
  "bancal": -2,
  "bande dessinée": 1,
  "bankster": -3,
  "banni": -2,
  "bannir": -1,
  "barbare": -2,
  "barres obliques": -2,
  "barrière": -2,
  "bataille": -1,
  "batailles": -1,
  "bâtards": -5,
  "bats toi": -1,
  "battement": -1,
  "battre": -2,
  "battre en retraite": -1,
  "battu": -2,
  "béatifique": 3,
  "beau": 3,
  "Beau": 3,
  "beauté": 3,
  "beautés": 3,
  "BEFIT": 2,
  "befitting": 2,
  "bénédiction": 3,
  "bénédictions": 3,
  "bénéfices": 2,
  "bénéficiant": 2,
  "bénéficie": 2,
  "bénéficié": 2,
  "bénir": 2,
  "bénit": 2,
  "bereaves": -2,
  "bereaving": -2,
  "Best Damn": 4,
  "biaisée": -2,
  "bien": 3,
  "bienaimé": 3,
  "bienêtre": 2,
  "bien ciblé": 2,
  "bien défendu": 3,
  "bien développé": 2,
  "bien établie": 2,
  "bien proportionné": 2,
  "bienfaiteur": 2,
  "bienfaiteurs": 2,
  "bienheureux": 3,
  "bienveillant": 3,
  "Bienvenue": 2,
  "bière": 2,
  "bijou": 1,
  "bijoux": 1,
  "bisous bisous": 3,
  "bitches": -5,
  "bizarre": -2,
  "blabla": -2,
  "blague": 2,
  "blagues": 2,
  "blâmant": -2,
  "blâme": -2,
  "blâmé": -2,
  "blanchir": -3,
  "blessé": -2,
  "blesser": -2,
  "blessure": -2,
  "blessures": -2,
  "blocage": -1,
  "blocs": -1,
  "blocus": -2,
  "bloque": -1,
  "bloqué": -1,
  "boiteux": -2,
  "bombe": -1,
  "bon sang": -4,
  "bonheur": 3,
  "Bonjour": 1,
  "bonne affaire": 2,
  "bonne baise": 4,
  "bonne direction": 3,
  "Bonne volonté": 3,
  "bonté": 3,
  "boosts": 1,
  "bosse": -2,
  "bouc émissaire": -2,
  "boucs émissaires": -2,
  "bouderie": -2,
  "boudeur": -2,
  "bouée de sauvetage": 4,
  "boueux": -2,
  "bouleversant": -2,
  "bourré": -4,
  "bourriques": -4,
  "boycotté": -2,
  "boycotter": -2,
  "boycotteur": -2,
  "boycotts": -2,
  "branleur": -3,
  "braveness": 2,
  "bravoure": 2,
  "bravura": 3,
  "brèche": -2,
  "brillant": 4,
  "brillants": 2,
  "brilliances": 3,
  "brisé": -2,
  "broyer du noir": -1,
  "brut": -1,
  "brutal": -3,
  "brutalement": -3,
  "brute": -2,
  "bruyant": -1,
  "bummer": -2,
  "caché": -1,
  "cacher": -1,
  "cachette": -1,
  "cadeau": 2,
  "caduque": -1,
  "caleçon": -1,
  "câlins": 2,
  "calmant": 2,
  "calme": 2,
  "calmé": 2,
  "calorifugeage": -2,
  "cambriolage": -2,
  "cambrioleur": -2,
  "cancer": -1,
  "canular": -2,
  "capable": 1,
  "capacité": 2,
  "capacités": 2,
  "caprice": -2,
  "capricieux": 1,
  "captivant": 3,
  "captivé": 3,
  "captiver": 3,
  "caractère désagréable": -2,
  "carence": -2,
  "cassé": -1,
  "cassecou": 2,
  "catastrophe": -2,
  "catastrophes": -2,
  "catastrophique": -3,
  "célébrations": 3,
  "célèbre": 3,
  "célébrer": 3,
  "célébrité": 1,
  "céleste": 4,
  "censeurs": -2,
  "censuré": -2,
  "censurer": -2,
  "certain": 1,
  "chagrin": -2,
  "chagriné": -2,
  "chaleur": 2,
  "chaleureux": 2,
  "champion": 2,
  "champions": 2,
  "chance": 2,
  "chances": 2,
  "chanceux": 3,
  "chantage": -3,
  "chantages": -3,
  "chaotique": -2,
  "chargé": -2,
  "charges": -2,
  "charisme": 2,
  "charitable": 2,
  "charmant": 3,
  "charme": 3,
  "charmless": -3,
  "châtiant": -3,
  "châtie": -3,
  "châtié": -3,
  "chatte": -5,
  "chaud": 1,
  "cheats": -3,
  "cher": 2,
  "chère": 2,
  "chèrement": 3,
  "chérir": 2,
  "chérissant": 2,
  "chérit": 2,
  "chic": 3,
  "chienne": -5,
  "choc": -2,
  "chocs": -2,
  "chômage": -2,
  "choquant": -2,
  "choqué": -2,
  "chute": -1,
  "chuté": -1,
  "cicatrice": -2,
  "cicatrices": -2,
  "clair": 1,
  "clairement": 1,
  "claquer": -2,
  "clarifie": 2,
  "cocksucker": -5,
  "cocksuckers": -5,
  "cocky": -2,
  "coercition": -2,
  "coincé": -2,
  "colère": -3,
  "collision": -1,
  "collisions": -2,
  "collusion": -3,
  "colonies": 1,
  "colporteur": -2,
  "combat": -1,
  "combats": -1,
  "combattre": -1,
  "combinard": 2,
  "comédie": 1,
  "comme": 2,
  "commémoratifs": -2,
  "commettre": 1,
  "compatissant": 2,
  "compétences": 1,
  "compétent": 2,
  "compétitif": 2,
  "complet": 2,
  "complexe": 2,
  "compliment": 2,
  "complimenté": 2,
  "compliments": 2,
  "compliquant": -2,
  "comporte mal": -2,
  "composé": -1,
  "compressions": -2,
  "concerné": -2,
  "conciliant": 2,
  "concilie": 2,
  "concilié": 2,
  "concilier": 2,
  "concurrent": -1,
  "condamnation": -2,
  "condamne": -2,
  "condamné": -2,
  "condamner": -2,
  "confiance": 2,
  "confiant": 2,
  "confié": 2,
  "conflictivité": -2,
  "conflit": -2,
  "conflits": -2,
  "confort": 2,
  "confortable": 2,
  "confortablement": 2,
  "confus": -2,
  "conifères": 2,
  "connard": -4,
  "Connard": -4,
  "connerie": -4,
  "conseillé": 2,
  "consentement": 2,
  "consentements": 2,
  "consolable": 2,
  "conspiration": -3,
  "consterné": -2,
  "constipation": -2,
  "contagieux": -1,
  "contagion": -2,
  "contagions": -2,
  "contaminant": -2,
  "contaminants": -2,
  "contamination": -2,
  "contaminations": -2,
  "contaminer": -2,
  "content": 3,
  "content de": 3,
  "contestant": -2,
  "contesté": -2,
  "contradictoire": -2,
  "contraignant": -1,
  "contraint": 1,
  "contrariant": -2,
  "contrebande": -2,
  "contrecarre": -2,
  "contrecarré": -2,
  "contrecarrer": -2,
  "controverse": -2,
  "controversé": -2,
  "controversée": -2,
  "controverses": -2,
  "convainc": 1,
  "convaincre": 1,
  "convaincu": 1,
  "convenu": 1,
  "convivial": 2,
  "cool": 1,
  "coq": -5,
  "Cordialement": 2,
  "corps": -1,
  "corrompt": -3,
  "corrompu": -3,
  "corruptrice": -3,
  "corvée": -2,
  "coupable": -3,
  "Coupe": -1,
  "couper la parole": -2,
  "coupure de courant": -2,
  "courage": 2,
  "courageousness": 2,
  "courageusement": 2,
  "courageux": 2,
  "courroucé": -2,
  "courtiser": 3,
  "courtois": 2,
  "courtoisie": 2,
  "couvaison": -2,
  "Couvrir": -3,
  "craignant": -2,
  "crainte": -2,
  "craintif": -2,
  "craintivement": -2,
  "crampe": -1,
  "crash": -2,
  "crasseux": -2,
  "Créatif": 2,
  "crédule": -2,
  "crédulité": -2,
  "creux": -1,
  "cri": -1,
  "crier": -2,
  "crime": -3,
  "crimes": -3,
  "criminates": -3,
  "criminel": -3,
  "cris": -2,
  "crise": -3,
  "crispé": -2,
  "critique": -2,
  "critiqué": -2,
  "critiquer": -2,
  "critiques": -2,
  "croissance": 2,
  "cruauté": -3,
  "cruel": -3,
  "cueillies à la main": 1,
  "cuisson": -2,
  "cul": -4,
  "culpabilité": -3,
  "curieuse": 1,
  "curieux": 2,
  "cynique": -2,
  "cynisme": -2,
  "damné": -4,
  "danger": -2,
  "dangereusement": -2,
  "dangereux": -2,
  "devin": -3,
  "de défi": -1,
  "de façon transparente": 2,
  "de fausses déclarations": -2,
  "de fête": 2,
  "de manière appropriée": 2,
  "de mauvais augure": 3,
  "de mauvaise humeur": -1,
  "de premier plan": 2,
  "de regret": -2,
  "débandade": -2,
  "débrayages": -2,
  "décalage": -1,
  "déception": -2,
  "déceptions": -2,
  "décerné": 3,
  "décès": -2,
  "décevant": -2,
  "décevoir": -2,
  "décharges publiques": -1,
  "déchets": -1,
  "déchirant": -3,
  "déchirante": -2,
  "déchiré": -2,
  "décide": 2,
  "décisif": 1,
  "déclenchement": -2,
  "déçoit": -2,
  "découragé": -2,
  "décousu": -2,
  "défaite": -2,
  "défaut": -2,
  "défauts": -2,
  "défavorable": -2,
  "défavorisé": -2,
  "défectueux": -2,
  "défenseur": 2,
  "défenseurs": 2,
  "défi": -1,
  "déficiences": -2,
  "déficit": -2,
  "déformation": -2,
  "déforme": -2,
  "déformé": -2,
  "déformez": -2,
  "défunt": -2,
  "dégagé": 1,
  "dégâts": -3,
  "dégoûtant": -3,
  "dégoûtante": -3,
  "dégoûté": -3,
  "dégoûter": -3,
  "dégradé": -2,
  "dégrader": -2,
  "dégueu": -2,
  "déguisé": -1,
  "déguisement": -1,
  "déguisements": -1,
  "dejecting": -2,
  "dejects": -2,
  "délectable": 3,
  "délectant": 3,
  "délice": 3,
  "délices": 3,
  "délicieusement": 3,
  "délicieux": 3,
  "délinquant": -2,
  "demande": -1,
  "demandes": -1,
  "démêler": 1,
  "démissionnaire": -1,
  "démissionne": -1,
  "démissionner": -1,
  "démoralisant": -2,
  "démoralise": -2,
  "démoralisé": -2,
  "démoraliser": -2,
  "démotivés": -2,
  "dénature": -2,
  "dénaturer": -2,
  "dénié": -2,
  "denier": -2,
  "deniers": -2,
  "dénigre": -2,
  "dénigré": -2,
  "dénigrer": -2,
  "dénis": -2,
  "dénonce": -2,
  "dénoncer": -2,
  "dépendant": 2,
  "dépérissement": -2,
  "dépit": -2,
  "déplacée": -2,
  "déplorant": -3,
  "déplore": -3,
  "déploré": -3,
  "déplorer": -3,
  "déportant": -2,
  "déportation": -2,
  "déportations": -2,
  "déporte": -2,
  "déporté": -2,
  "déprimant": -2,
  "déprimé": -2,
  "déraillé": -2,
  "dérailler": -2,
  "dérailleurs": -2,
  "dérange": -2,
  "dérangé": -2,
  "déranger": -2,
  "dérision": -2,
  "déroutant": -2,
  "des charges": -2,
  "des déchets": -1,
  "des disputes": -2,
  "des économies": 1,
  "des esclaves": -3,
  "des menaces": -2,
  "des morts": -2,
  "des noisettes": -3,
  "des opportunités": 2,
  "des pertes": -3,
  "des pots de vin": -3,
  "des rires": 1,
  "des risques": -2,
  "des soucis": -3,
  "désabusé": -2,
  "désaccord": -2,
  "désactivant": -1,
  "désagréable": -2,
  "désappointé": -2,
  "désapprobateur": -2,
  "désapprobation": -2,
  "désapprobations": -2,
  "désapprouve": -2,
  "désapprouvé": -2,
  "désapprouver": -2,
  "désespéré": -3,
  "désespérément": -3,
  "désespoir": -2,
  "désespoirs": -3,
  "déshumanisant": -2,
  "déshumanise": -2,
  "déshumanisé": -2,
  "déshumaniser": -2,
  "désinformation": -2,
  "désinvolte": 2,
  "désir": -1,
  "désireux": 2,
  "désobligeant": -2,
  "désolé": -2,
  "désordre": -2,
  "désorientée": -2,
  "desserre": -3,
  "destructeur": -3,
  "destruction": -3,
  "détaché": -1,
  "détendu": 2,
  "détenir": -2,
  "détention": -2,
  "détenu": -2,
  "détérioration": -2,
  "détériore": -2,
  "détérioré": -2,
  "détériorer": -2,
  "détermination de la peine": -2,
  "déterminé": 2,
  "détestable": -3,
  "détesté": -2,
  "détester": -3,
  "détournant": -1,
  "détournement de fonds": -3,
  "détresse": -2,
  "détresses": -2,
  "détruire": -3,
  "détruit": -3,
  "dette": -2,
  "deuil": -2,
  "dévastateur": -2,
  "dévastation": -2,
  "dévastée": -2,
  "dévaster": -2,
  "développer": 1,
  "déverser": -1,
  "dévotion": 2,
  "dévoué": 3,
  "dévouement": 2,
  "diamant": 1,
  "DICKHEAD": -4,
  "Dieu": 1,
  "diffamatoire": -2,
  "différant": -1,
  "différé": -1,
  "différend": -2,
  "difficile": -1,
  "difficulté": -2,
  "difformités": -2,
  "digne": 2,
  "dignité": 2,
  "dilapidé": -2,
  "dilemme": -1,
  "dilligence": 2,
  "diminuer": -1,
  "dipshit": -3,
  "direction": 1,
  "direful": -3,
  "discernement": 2,
  "disconsolation": -2,
  "discorde": -2,
  "discrédité": -2,
  "discrimination": -2,
  "discriminatoire": -2,
  "discrimine": -2,
  "discriminé": -2,
  "disculpe": 2,
  "disculpé": 2,
  "disculper": 2,
  "discutable": -2,
  "disgrâce": -2,
  "disgracié": -2,
  "disparaît": -1,
  "disparaître": -1,
  "disparu": -1,
  "disproportionné": -2,
  "disqualifié": -2,
  "disrespected": -2,
  "dissimulation": -1,
  "dissuasif": -2,
  "distingué": 2,
  "distraction": -2,
  "distraire": -2,
  "distrait": -2,
  "distraits": -2,
  "divertissant": 2,
  "dommage": -3,
  "don": 2,
  "don du ciel": 4,
  "dont like": -2,
  "dos": 1,
  "doucereux": 2,
  "douche": -3,
  "douchebag": -3,
  "douleur": -2,
  "douloureux": -2,
  "doutant": -1,
  "doute": -1,
  "douté": -1,
  "douteux": -1,
  "doux": 3,
  "downer": -2,
  "drainé": -2,
  "droiture": 2,
  "drôle": 4,
  "dupe": -2,
  "dupé": -2,
  "duperie": -2,
  "dur": -2,
  "dur à cuire": -3,
  "durabilité": 1,
  "durable": 2,
  "durement": -2,
  "dysfonctionnement": -2,
  "éblouissant": 3,
  "échappe": -1,
  "échapper": -1,
  "échec": -2,
  "échoue": -2,
  "échoué": -2,
  "échouer": -2,
  "éclairants": 2,
  "éclairé": 2,
  "éclairer": 2,
  "éclat": 3,
  "écoblanchiment": -3,
  "écologique": 2,
  "écrasé": -2,
  "écrasement": -1,
  "écrasements": -1,
  "écraser": -1,
  "écume": -3,
  "édenté": -2,
  "édifiant": 2,
  "efface": 1,
  "effacer": -2,
  "effet secondaire": -2,
  "Effets secondaires": -2,
  "efficace": 2,
  "efficacement": 2,
  "efficacité": 2,
  "effondrement": -2,
  "effondrements": -2,
  "effrayant": -2,
  "effrayé": -2,
  "effrayer": -2,
  "effroyable": -2,
  "égare": -2,
  "égarer": -2,
  "égoïsme": -3,
  "égoïste": -3,
  "élégamment": 2,
  "élégant": 2,
  "embarras": -2,
  "embarrasse": -2,
  "embarrassé": -2,
  "embarrasser": -2,
  "embellir": 3,
  "embêtements": -2,
  "embobiner": -2,
  "embrasse": 1,
  "embrouiller": -2,
  "émeute": -2,
  "émeutes": -2,
  "émoustille": 3,
  "empathique": 2,
  "empêche": -1,
  "empêché": -1,
  "empêcher": -2,
  "empirer": -3,
  "empoisonné": -2,
  "empowerment": 2,
  "emprisonné": -2,
  "emprisonnement": -2,
  "en bonne santé": 2,
  "en colère": -3,
  "en diverger": -1,
  "en espérant": 2,
  "en extase": 4,
  "en hurlant": -2,
  "en infériorité numérique": -2,
  "en riant": 1,
  "en surpoids": -1,
  "en toute confiance": 2,
  "en train de mourir": -3,
  "en vrac": -3,
  "encaissement": -2,
  "encens": -2,
  "encensement": -2,
  "enchanté": 2,
  "Enchanté": 3,
  "encourage": 2,
  "encouragé": 2,
  "encourageant": 2,
  "encouragement": 2,
  "encourager": 2,
  "endoctrine": -2,
  "endoctriner": -2,
  "endoctrinés": -2,
  "endolori": -1,
  "endommagé": -3,
  "endosser": 2,
  "endurance": 2,
  "énergique": 2,
  "énergumène": -3,
  "enfer": -4,
  "enflammé": -2,
  "Enfoiré": -4,
  "engage": 1,
  "engagé": 1,
  "engagement": 2,
  "engager": 1,
  "engouement": 2,
  "engourdir": -1,
  "enjoué": 2,
  "enlèvement": -2,
  "enlèvements": -2,
  "enlevés": -2,
  "ennemi": -2,
  "ennemis": -2,
  "ennui": -2,
  "ennuyé": -2,
  "ennuyer": -2,
  "ennuyeuse": -3,
  "ennuyeux": -2,
  "énorme": 1,
  "enrageant": -2,
  "enragée": -2,
  "enragés": -2,
  "enregistré": 2,
  "enregistrer": 2,
  "ensoleillement": 2,
  "entaché": -2,
  "entacher": -2,
  "entasser": -1,
  "enthousiaste": 4,
  "entiché": 2,
  "entravant": -2,
  "entrave": -2,
  "entravé": -2,
  "entraver": -2,
  "entre en collision": -1,
  "entreprenant": 1,
  "entrer en collision": -1,
  "envahirent": -2,
  "enviant": -1,
  "envie": 1,
  "envies": -1,
  "envieux": -2,
  "épave": -2,
  "épidémies": -2,
  "épineux": -2,
  "épouvantable": -2,
  "épreuves": -2,
  "épuisé": -2,
  "équilibré": 1,
  "erreur": -2,
  "Erreur": -2,
  "erreurs": -2,
  "erroné": -2,
  "erronément": -2,
  "ErrorWithTranslation": 4,
  "éruption": -2,
  "esclavage": -3,
  "esclave": -2,
  "escroque": -3,
  "escroquerie": -3,
  "escroqueries": -2,
  "espérer": 2,
  "espiègle": 2,
  "espoirs": 2,
  "esprit": 1,
  "esprits": 2,
  "esquivant": -2,
  "estime": 2,
  "estimé": 2,
  "établir une discrimination": -2,
  "étend": 1,
  "étendre": 1,
  "éternue": -2,
  "éternué": -2,
  "éternuement": -2,
  "éternuements": -2,
  "éthique": 2,
  "étincelle": 1,
  "étincelles": 3,
  "étonnant": 3,
  "étonné": 3,
  "étonner": 3,
  "étouffé": -1,
  "étouffement": -2,
  "étourdi": -1,
  "étourdissant": 4,
  "étrange": -1,
  "étrangement": -1,
  "étranglé": -2,
  "étranglées": -2,
  "étranglement": -2,
  "être en désaccord": -2,
  "étreinte": 2,
  "euphorie": 3,
  "euphorique": 4,
  "évacuant": -1,
  "évacuation": -1,
  "évacue": -1,
  "évacué": -1,
  "évacuer": -1,
  "evergreening": -3,
  "évite": -1,
  "évité": -1,
  "éviter": -1,
  "éviter de": -1,
  "exacerbant": -2,
  "exacerbe": -2,
  "exacerbée": -2,
  "exacerber": -2,
  "exagérant": -2,
  "exagération": -2,
  "exagéré": -2,
  "exagère": -2,
  "exagérer": -2,
  "exalté": 3,
  "exasparate": -2,
  "exaspérant": -2,
  "exaspéré": -2,
  "exaspère": -2,
  "exaspèrent": -2,
  "exaspérer": -2,
  "excédé": -3,
  "excellence": 3,
  "excellent": 3,
  "exceptionnel": 5,
  "excitation": 3,
  "excité": 3,
  "exciter": 3,
  "exclu": -2,
  "exclure": -1,
  "exclusif": 2,
  "exclusion": -1,
  "excroissances": 2,
  "excusant": -1,
  "excuse": -1,
  "excuses": -1,
  "exécré": -3,
  "exècre": -3,
  "exempter": -1,
  "exigé": -1,
  "exigeant": -1,
  "exonérant": 2,
  "experte": 2,
  "exploit": -2,
  "exploitant": -2,
  "exploité": -2,
  "exploits": -2,
  "exploration": 1,
  "explorations": 1,
  "expose": -1,
  "exposé": -1,
  "exposer": -1,
  "expulsant": -2,
  "expulse": -2,
  "expulser": -2,
  "expulsion": -1,
  "exquis": 3,
  "extrémiste": -2,
  "extrémistes": -2,
  "exubérant": 4,
  "exultant": 3,
  "exultantly": 3,
  "fabuleusement": 4,
  "fabuleux": 4,
  "facile": 1,
  "facilité": 2,
  "facteurs de stress": -2,
  "fagot": -3,
  "faible": -2,
  "faiblesses": -2,
  "faillite": -3,
  "faim": -2,
  "faire le deuil": -2,
  "faire semblant": -1,
  "faire un don": 2,
  "fait mal": -2,
  "fait pression": -2,
  "fait un don": 2,
  "faker": -3,
  "fakes": -3,
  "falsifié": -3,
  "falsifier": -3,
  "famine": -2,
  "fanatique": -2,
  "fantastique": 4,
  "fantôme": -1,
  "farce": -1,
  "fardeau": -2,
  "fascinant": 3,
  "fascination": 3,
  "fascine": 3,
  "fasciné": 3,
  "fasciner": 3,
  "fascines": -3,
  "fasciste": -2,
  "fascistes": -2,
  "fatal": -3,
  "Fatalité": -3,
  "fatigant": -2,
  "fatigue": -2,
  "fatigué": -2,
  "fatigues": -2,
  "faussant": -2,
  "faussement": -2,
  "fausser": -2,
  "fausses déclarations": -2,
  "fausses indications": -2,
  "faute": -3,
  "faux": -1,
  "faux étiquetage": -3,
  "faveur": 2,
  "faveurs": 2,
  "favorable": 2,
  "favorablement": 2,
  "favoris": 2,
  "favorise": 1,
  "favorisé": 2,
  "favoriser": 2,
  "favorited": 2,
  "Favourited": 2,
  "feint": -1,
  "félicitation": 2,
  "félicitations": 2,
  "Félicitations à vous": 2,
  "félicité": 3,
  "féliciter": 2,
  "félonies": -3,
  "fer de lance": 2,
  "ferme": 2,
  "fertile": 2,
  "fervent": 2,
  "fête": 3,
  "Feu": -2,
  "fiabilité": 2,
  "fiable": 2,
  "fiasco": -2,
  "fichu": -3,
  "fidèle": 3,
  "fidélité": 3,
  "fiducies": 1,
  "fier": 2,
  "fièrement": 2,
  "fièvre": -2,
  "Fils de pute": -5,
  "flops": -2,
  "flottable": 2,
  "flottement": -1,
  "floue": -2,
  "flustered": -2,
  "focalisé": 2,
  "foi": 1,
  "foiré": -2,
  "folie": -2,
  "follement": -3,
  "force": 2,
  "forcé": -1,
  "forces": 2,
  "forclusions": -2,
  "formidable": 4,
  "fort": 2,
  "fortune": 2,
  "fou": -2,
  "fou de joie": 4,
  "fougueux": 2,
  "foule": -1,
  "fourvoie": -3,
  "Frais": 1,
  "frappé": -1,
  "fraude": -4,
  "frauder": -3,
  "fraudes": -4,
  "fraudeur": -4,
  "fraudeurs": -4,
  "frauduleux": -4,
  "frénésie": -3,
  "frénétique": -1,
  "frikin": -2,
  "fringant": 2,
  "frottis": -2,
  "froussard": 2,
  "frustrant": -2,
  "frustration": -2,
  "frustre": -2,
  "frustré": -2,
  "frustrer": -2,
  "ftw": 3,
  "fuckers": -4,
  "Fuckface": -4,
  "fuckhead": -4,
  "fucking hot": 2,
  "fucktard": -4,
  "fUD": -3,
  "fuit": -1,
  "fuite": -1,
  "fuked": -4,
  "fuking": -4,
  "fumant": -2,
  "fumisterie": -2,
  "funérailles": -1,
  "furieux": -2,
  "futile": -2,
  "gâcher": -2,
  "gag": -2,
  "gagnant": 4,
  "gagné": 2,
  "gagner": 4,
  "gai": 3,
  "gaiement": 2,
  "gaieté": 3,
  "Gain": 2,
  "gains": 2,
  "galamment": 3,
  "galant": 3,
  "galanterie": 3,
  "garantir": 2,
  "gaspillage": -2,
  "gaspille": -2,
  "gaspiller": -2,
  "gâté": -2,
  "gémi": -2,
  "gémissant": -2,
  "gémissement": -2,
  "gémissements": -2,
  "gemme": 3,
  "gênant": -2,
  "généreusement": 2,
  "généreux": 2,
  "génial": 4,
  "genre de": 0,
  "gentil": 2,
  "glamour": 3,
  "glamourous": 3,
  "gloire": 3,
  "glorieux": 2,
  "gonflé": -1,
  "goofiness": -2,
  "gracié": 2,
  "gracieux": 3,
  "grandiose": 3,
  "gratification": 2,
  "gratuit": 1,
  "gravement": -2,
  "gréé": -1,
  "green washing": -3,
  "greenwasher": -3,
  "greenwashers": -3,
  "greenwashing": -3,
  "grèves": -1,
  "grévistes": -2,
  "grippe": -2,
  "gris": -1,
  "grisante": 3,
  "gronder": -2,
  "gros": 1,
  "grossier": -2,
  "guerre": -2,
  "Ha": 2,
  "habile": 2,
  "habiliter": 2,
  "hache": -1,
  "haha": 3,
  "hahaha": 3,
  "hahahah": 3,
  "haine": -3,
  "haines": -3,
  "haineux": -3,
  "haïssant": -3,
  "hall": -2,
  "handicapées": -2,
  "hanté": 1,
  "hanter": -1,
  "haplessness": -2,
  "Harcelante": -3,
  "harcelé": -2,
  "harcèle": -3,
  "harcèlement": -2,
  "harceler": -3,
  "harcelés": -3,
  "hardiment": 2,
  "harmonie": 2,
  "harmonieusement": 2,
  "harmonieux": 2,
  "hehe": 2,
  "Hélas": -1,
  "héroïque": 3,
  "héros": 2,
  "hésitant": -2,
  "hésiter": -2,
  "Heureusement": 3,
  "heureux": 3,
  "hideux": -3,
  "hilarant": 2,
  "homicide": -2,
  "homicide involontaire": -3,
  "homicides": -2,
  "hommage": 2,
  "honnête": 2,
  "honneur": 2,
  "honoré": 2,
  "honte": -2,
  "honteux": -2,
  "hooligan": -2,
  "hooligans": -2,
  "horrible": -2,
  "horrifié": -3,
  "hors ligne": -1,
  "hospitalisé": -2,
  "hostile": -2,
  "Hourra": 5,
  "humain": 2,
  "humble": 1,
  "humerous": 3,
  "humiliation": -3,
  "humilié": -3,
  "humoristique": 2,
  "humour": 2,
  "hurla": -2,
  "hypnotisant": 3,
  "hypocrite": -2,
  "hystérie": -3,
  "hystérique": -3,
  "hystériques": -3,
  "icky": -3,
  "idiot": -1,
  "Idiot": -3,
  "idiotie": -3,
  "ignorance": -2,
  "ignorant": -2,
  "ignoré": -2,
  "ignorer": -1,
  "Il éclaire": 2,
  "illégal": -3,
  "illégalement": -3,
  "illégitime": -3,
  "illogique": -2,
  "imaginatif": 2,
  "imbécile": -2,
  "imminente": -1,
  "immobilisé": -1,
  "immoral": -2,
  "immortel": 2,
  "immunitaire": 1,
  "impair": -2,
  "imparable": 2,
  "impardonnable": -3,
  "imparfait": -2,
  "impartial": 2,
  "impasse": -2,
  "impatient": 2,
  "impeachments": -3,
  "impeccable": 2,
  "impedingly": -2,
  "impitoyable": -2,
  "implacable": -1,
  "importance": 2,
  "important": 2,
  "imposant": -1,
  "impose": -1,
  "imposé": -1,
  "imposer": -1,
  "imposteur": -2,
  "impressionnant": 3,
  "impressionne": 3,
  "impressionné": 3,
  "impressionner": 3,
  "improbable": -1,
  "impropre": -2,
  "impuissant": -2,
  "inacceptable": -2,
  "inaction": -2,
  "inadéquat": -2,
  "inapproprié": -2,
  "inapte": -2,
  "inassouvi": -2,
  "incapable": -2,
  "incapacitante": -2,
  "incapacité": -2,
  "incenses": -2,
  "incertain": -1,
  "incohérent": -2,
  "incommode": -2,
  "incomparable": 1,
  "incompétence": -2,
  "incompétent": -2,
  "incomplet": -1,
  "incompréhensible": -2,
  "inconduite": -2,
  "inconduites": -2,
  "inconfortable": -2,
  "inconsidéré": -2,
  "inconsolable": -2,
  "inconvénient": -2,
  "incrédule": -1,
  "incriminantes": -3,
  "incriminé": -2,
  "incriminer": -3,
  "incroyable": 4,
  "inculpé": -2,
  "indécis": -1,
  "indésirable": -2,
  "indestructible": 2,
  "indifférence": -2,
  "indifférent": -2,
  "indignation": -2,
  "indigne": -2,
  "indigné": -2,
  "indisponible": -1,
  "indulgent": 1,
  "inediable": -2,
  "inefficace": -2,
  "inefficacement": -2,
  "inefficacité": -2,
  "inégal": -1,
  "inégalé": 2,
  "inepte": -2,
  "ineptie": -2,
  "inexactes": -2,
  "inexcusable": -3,
  "inexorable": -3,
  "infantile": -2,
  "infantilisé": -2,
  "infarci": -2,
  "infectant": -2,
  "infecte": -2,
  "infecté": -2,
  "infecter": -2,
  "infectieux": -2,
  "infection": -2,
  "infections": -2,
  "inférieur": -2,
  "infestant": -2,
  "infeste": -2,
  "infesté": -2,
  "infester": -2,
  "Inflige": -2,
  "infligeant": -2,
  "infligées": -2,
  "infliger": -2,
  "influent": 2,
  "infracting": -2,
  "infraction": -2,
  "infractions": -2,
  "infracts": -2,
  "infructueux": -2,
  "ingrat": -3,
  "inhiber": -1,
  "inhumain": -2,
  "inintelligent": -2,
  "injurieux": -3,
  "injuste": -2,
  "injustement": -2,
  "injustice": -2,
  "injustifié": -2,
  "innovant": 2,
  "innovation": 1,
  "innove": 1,
  "innover": 1,
  "inopérant": -2,
  "inorganisé": -2,
  "inquiet": -2,
  "inquiétant": -2,
  "inquiéter": -3,
  "inquiétude": -2,
  "inquisition": -2,
  "insatisfait": -2,
  "insensé": -2,
  "insensibilité": -2,
  "insensible": -2,
  "insignifiant": -2,
  "insipide": -2,
  "insolvable": -2,
  "insomnie": -2,
  "insouciant": 1,
  "inspirant": 3,
  "inspiration": 2,
  "inspire": 2,
  "inspiré": 2,
  "inspirer": 2,
  "instable": -1,
  "insuffisamment": -2,
  "insuffisance": -2,
  "insuffisant": -2,
  "insultant": -2,
  "insulté": -2,
  "insulter": -2,
  "insupportable": -2,
  "intact": 2,
  "intégrité": 2,
  "intelligent": 2,
  "intense": 1,
  "interdiction": -2,
  "interdire": -1,
  "interdit": -1,
  "intéressant": 2,
  "intéressé": 2,
  "intérêt": 1,
  "intérêts": 1,
  "interrogatoire": -1,
  "interrogé": -1,
  "interrompant": -2,
  "interrompu": -2,
  "interruption": -2,
  "interruptions": -2,
  "intimidante": -2,
  "intimidation": -2,
  "intimide": -2,
  "intimidé": -2,
  "intimider": -2,
  "intimité": 2,
  "intitulé": 1,
  "intransigeance": -2,
  "intransigeances": -2,
  "intrépide": 2,
  "intrépidité": 2,
  "intrigues": 1,
  "inutile": -2,
  "inutilité": -2,
  "invalidité": -2,
  "invasion": -1,
  "invendu": -1,
  "invincible": 2,
  "Invitez": 1,
  "involontaire": -2,
  "invulnérable": 2,
  "ironie": -1,
  "ironique": -1,
  "irrationnel": -1,
  "irréfléchi": -2,
  "irréparable": -2,
  "irreproducible": -2,
  "irrésistible": 2,
  "irrésistiblement": 2,
  "irrésolu": -2,
  "irresponsable": -2,
  "irréversible": -1,
  "irréversiblement": -1,
  "irritant": -3,
  "irrite": -3,
  "irrité": -2,
  "irriter": -3,
  "isolé": -1,
  "ivre": -2,
  "jalousie": -2,
  "jaloux": -2,
  "je suis patiente": -2,
  "Jésus": 1,
  "Jeter": -1,
  "jeu de changement": 3,
  "jeune": 2,
  "joie": 3,
  "Joindre": 1,
  "joli": 1,
  "joliment": 2,
  "jovial": 2,
  "joyeusement": 3,
  "joyeux": 3,
  "jure": -2,
  "jurer": -2,
  "Juste": 2,
  "justice": 2,
  "Justice": 2,
  "justificatif": 1,
  "justifie": 2,
  "justifié": 2,
  "justifiée": 2,
  "justifier": 2,
  "kidnappe": -2,
  "kidnappé": -2,
  "kidnapper": -2,
  "kinder": 2,
  "la bonté": 3,
  "la chance": 3,
  "la clarté": 2,
  "la compassion": 2,
  "la convivialité": 2,
  "la corruption": -3,
  "la crainte": -2,
  "la criminalité": -3,
  "la critique": -2,
  "la démence": -3,
  "la faiblesse": -2,
  "la faillite": -3,
  "la frayeur": -2,
  "la gentillesse": 2,
  "la grâce": 1,
  "la grève": -1,
  "la laideur": -3,
  "la miséricorde": 2,
  "la passion": 1,
  "la pauvreté": -1,
  "la perfection": 3,
  "la plus forte": 2,
  "la plus pure": 1,
  "la pollution": -2,
  "la progression": 2,
  "la propagande": -2,
  "la prospérité": 3,
  "la sincérité": 2,
  "la sympathie": 2,
  "la terreur": -3,
  "la tombe": -2,
  "la tragédie": -2,
  "la triche": -3,
  "la victoire": 3,
  "la violence": -3,
  "lâche": -2,
  "laid": -3,
  "laisser": -1,
  "laissez tomber": -1,
  "lancé": 1,
  "laps": -1,
  "larmes": -2,
  "laughting": 1,
  "lavage de cerveau": -3,
  "lavage vert": -3,
  "lawl": 3,
  "le champion": 2,
  "le chaos": -2,
  "le coeur lourd": -2,
  "le déni": -2,
  "le malheur": -2,
  "le plus bas": -1,
  "le plus dur": -2,
  "le plus fou": -2,
  "le plus noble": 2,
  "le plus sombre": -2,
  "le profit": 2,
  "le regret": -2,
  "le respect": 2,
  "le succès": 2,
  "légal": 1,
  "légalement": 1,
  "léger": 1,
  "légitime": 2,
  "les abus": -3,
  "les accidents": -2,
  "les atouts": 2,
  "les criminels": -3,
  "les doutes": -1,
  "les échecs": -2,
  "les erreurs": -2,
  "les insultes": -2,
  "les maladies": -2,
  "les prisonniers": -2,
  "les ravages": -2,
  "les rejets": -1,
  "les soutiens": 2,
  "les terroristes": -2,
  "lésés": -2,
  "létalité": -2,
  "léthargie": -2,
  "léthargique": -2,
  "liberté": 2,
  "libertés": 2,
  "lié la violence": -3,
  "likers": 2,
  "limitation": -1,
  "limité": -1,
  "limites": -1,
  "litige": -1,
  "litigieux": -2,
  "livide": -2,
  "lmao": 4,
  "lmfao": 4,
  "lobbyiste": -2,
  "lobbyistes": -2,
  "lol": 3,
  "lolol": 4,
  "lololol": 4,
  "lolololol": 4,
  "lool": 3,
  "loool": 3,
  "looool": 3,
  "louange": 3,
  "louanges": 3,
  "loué": 3,
  "louer": 3,
  "lovelies": 3,
  "lucratif": 3,
  "lugubre": -2,
  "luminosité": 1,
  "lunatiques": -3,
  "lutte": -2,
  "lutté": -1,
  "luttes": -2,
  "luxe": 2,
  "macabre": -2,
  "magnifique": 3,
  "magnifiquement": 3,
  "mal": -2,
  "mal aimé": -2,
  "mal classer": -2,
  "mal classés": -2,
  "mal comprendre": -2,
  "mal compris": -2,
  "mal conduit": -2,
  "mal de tête": -2,
  "mal informé": -2,
  "mal interprété": -2,
  "mal interpréter": -1,
  "mal utilisé": -2,
  "maladaptation": -2,
  "malade": -2,
  "maladie": -1,
  "maladies": -1,
  "malaise": -2,
  "malchance": -2,
  "malchanceux": -2,
  "maldéveloppement": -2,
  "malédiction": -1,
  "malentendu": -2,
  "malheur": -2,
  "Malheureusement": -2,
  "malheureux": -2,
  "Malheureux": -2,
  "malhonnête": -2,
  "malveillant": -2,
  "manifestants": -2,
  "manifestation": -1,
  "manipulation": -1,
  "manipulé": -1,
  "manœuvré": -2,
  "manquant": -2,
  "manqué": -2,
  "manque de respect": -2,
  "manquer": -2,
  "manquer de": -2,
  "marre": -3,
  "masturbation": -2,
  "matière": 1,
  "mature": 2,
  "maussade": -2,
  "mauvais": -2,
  "mauvais placement": -2,
  "mauvais pour la santé": -2,
  "mauvais traitement": -2,
  "mauvaise conduite": -2,
  "maux": -1,
  "méchanceté": -3,
  "méchant": -2,
  "méconnu": -2,
  "mécontent": -2,
  "mécontentement": -2,
  "médaille": 3,
  "médiocrité": -3,
  "méditatif": 1,
  "méfait": -2,
  "méfiance": -3,
  "méfiant": -2,
  "meilleur": 3,
  "mélancolie": -2,
  "mémorable": 1,
  "menaçant": -2,
  "menace": -2,
  "menacé": -2,
  "menacer": -2,
  "menaces": -2,
  "menacés": -2,
  "menteur": -3,
  "menteurs": -3,
  "menti": -2,
  "méprend": -2,
  "mépris": -2,
  "méprisable": -2,
  "méprisant": -2,
  "Merci": 2,
  "merde": -3,
  "Merde": -4,
  "merdique": -3,
  "merveille": 3,
  "merveilles": 3,
  "merveilleusement": 4,
  "merveilleux": 3,
  "mesquine": -2,
  "mésusages": -2,
  "met en garde": -2,
  "méthodique": 2,
  "méthodiquement": 2,
  "métier à tisser": -1,
  "métiers à tisser": -1,
  "mettre en rage": -2,
  "meurt de faim": -2,
  "meurtre": -2,
  "meurtres": -2,
  "meurtrier": -2,
  "mieux": 2,
  "mignonne": 2,
  "miné": -2,
  "miracle": 4,
  "mirthfully": 3,
  "mis à la porte": -2,
  "mis au rebut": -1,
  "misbehaved": -2,
  "miscast": -2,
  "misclassifies": -2,
  "misconducting": -2,
  "mise en accusation": -3,
  "misérable": -3,
  "misérablement": -3,
  "misère": -2,
  "misleaded": -3,
  "mispricing": -3,
  "misreports": -2,
  "mocks": -2,
  "mode": -2,
  "modernisateur": 2,
  "modernise": 2,
  "modernisé": 2,
  "moderniser": 2,
  "mongering": -2,
  "monopolisation": -2,
  "monopolise": -2,
  "monopolisé": -2,
  "monopoliser": -2,
  "monotone": -1,
  "monte": 1,
  "monter": 1,
  "moquant": -2,
  "moquer": -2,
  "moqués": -2,
  "mordant": -3,
  "morfondre": -1,
  "morne": -2,
  "mort": -3,
  "mortel": -2,
  "motherfucking": -5,
  "motivant": 2,
  "motivation": 1,
  "motivé": 2,
  "motiver": 1,
  "mourir": -3,
  "mourut": -3,
  "mumpish": -2,
  "musaraigne": -4,
  "myope": -2,
  "myopie": -2,
  "mythe": -1,
  "n00b": -2,
  "naïf": -2,
  "nappe": 2,
  "narcissisme": -2,
  "Naturel": 1,
  "navré": -3,
  "ne fonctionne pas": -3,
  "ne marche pas": -3,
  "ne pas croire": -2,
  "ne tient pas compte": -1,
  "nécessiteux": -2,
  "négatif": -2,
  "négativité": -2,
  "néglige": -2,
  "négligé": -2,
  "négligence": -2,
  "négligent": -2,
  "nègre": -5,
  "nerfs": -1,
  "nerveusement": -2,
  "nerveux": -1,
  "nettoyer": 2,
  "nettoyeur": 2,
  "niant": -2,
  "nie": -2,
  "nier": -2,
  "Niggas": -5,
  "noble": 2,
  "nocif": -2,
  "non": -1,
  "non approuvé": -2,
  "non confirmée": -1,
  "non conforme": -2,
  "non crédité": -1,
  "non garantis": -2,
  "non hygiénique": -2,
  "non pris en charge": -2,
  "non pris en compte": -2,
  "non prise en compte": -2,
  "Noob": -2,
  "nostalgique": -2,
  "notable": 2,
  "nourricier": 2,
  "noyé": -2,
  "noyer": -2,
  "nui": -1,
  "nuire": -2,
  "nuit": -2,
  "obligatoire": -1,
  "oblitérée": -2,
  "obscène": -2,
  "obscénité": -2,
  "obscurité": -1,
  "obsédé": 2,
  "obsolète": -2,
  "obstacle": -2,
  "obstacles": -2,
  "obstiné": -2,
  "obstruction": -2,
  "obstrue": -2,
  "obstrué": -2,
  "obstruer": -2,
  "octroi": 1,
  "odieux": -3,
  "offense": -2,
  "offensé": -2,
  "offenser": -2,
  "offensive": -2,
  "offensivement": -2,
  "oks": 2,
  "omniprésent": 2,
  "Oops": -2,
  "opacifié": -1,
  "opportunité": 2,
  "oppressif": -2,
  "oppression": -2,
  "oppressions": -2,
  "opprimé": -2,
  "optimisme": 2,
  "optimiste": 2,
  "optionless": -2,
  "or": 2,
  "ostracise": -2,
  "ostracisés": -2,
  "Ouais": 1,
  "oubli": -2,
  "oublié": -1,
  "oublier": -1,
  "oublieux": -2,
  "Oui": 1,
  "outrage": -3,
  "outragée": -3,
  "overreacts": -2,
  "oversells": -2,
  "oxymoron": -1,
  "pacifiquement": 2,
  "paisible": 2,
  "paix": 2,
  "panique": -3,
  "paniqué": -3,
  "paniques": -3,
  "pannes": -2,
  "par inadvertance": -2,
  "paradis": 3,
  "paradoxe": -1,
  "pardon": 2,
  "Pardon": -1,
  "pardonnant": 2,
  "pardonner": 1,
  "pardons": 2,
  "paresseux": -1,
  "parfait": 3,
  "parfaitement": 2,
  "parjure": -3,
  "parlementer": -1,
  "partagé": 1,
  "partager": 1,
  "partisans": 1,
  "pas assez cuite": -2,
  "pas bon": -2,
  "pas clair": -1,
  "pas convaincu": -1,
  "pas drôle": -3,
  "pas impressionné": -2,
  "passé en contrebande": -2,
  "passer en contrebande": -2,
  "passif": -1,
  "passionnant": 3,
  "passionné": 2,
  "passivement": -1,
  "pathétique": -2,
  "pauvre": -2,
  "pauvrement": -2,
  "Payer": -1,
  "peaux": -1,
  "péché": -2,
  "péchés capitaux": -2,
  "pédé": -3,
  "peine": -2,
  "peiné": -2,
  "pénalisation": -2,
  "pénalise": -2,
  "pénalisé": -2,
  "pénaliser": -2,
  "penchant": 2,
  "pénible": -2,
  "pensif": -1,
  "pénurie": -2,
  "pénuries": -2,
  "percée": 3,
  "perceptible": 2,
  "perdant": -3,
  "perdu": -2,
  "perfectionné": 2,
  "perfects": 2,
  "péril": -2,
  "permettre": 1,
  "perpétrée": -2,
  "perplexe": -2,
  "persécutant": -2,
  "persécute": -2,
  "persécuter": -2,
  "persécutés": -2,
  "perspective": 1,
  "perspectives": 1,
  "perte": -3,
  "perturbateur": -2,
  "perturbateurs": -2,
  "perturbation": -2,
  "perturbations": -2,
  "perturbe": -2,
  "perturbé": -2,
  "perturber": -2,
  "pervertir": -3,
  "pessimisme": -2,
  "pessimiste": -2,
  "peste": -3,
  "pestiférés": -3,
  "pétillant": 3,
  "pétrifié": -2,
  "peu attrayant": -2,
  "peu disposé": -2,
  "peu mémorable": -1,
  "peu professionnel": -2,
  "peu scientifique": -2,
  "peu sûr": -2,
  "peur": -2,
  "peut \"stand t": -3,
  "philanthropie": 2,
  "phobique": -2,
  "phrase": -2,
  "Phrases": -2,
  "piégé": -2,
  "piège": -1,
  "pièges": -1,
  "pillage": -2,
  "piqué": -2,
  "piquer": -2,
  "piraté": -1,
  "pire": -3,
  "pisse": -4,
  "pisser": -3,
  "pistolet": -1,
  "pitié": -2,
  "pitoyable": -2,
  "pittoresque": 2,
  "plaies": -3,
  "plaignais": -1,
  "plainte": -2,
  "plaintes": -2,
  "plaints": -2,
  "plaisir": 3,
  "plateforme": -1,
  "plein de sève": -1,
  "pleure": -2,
  "pleuré": -2,
  "pleurée": -2,
  "pleurer": -2,
  "pleurs": -2,
  "plodding": -2,
  "plus": 3,
  "plus amusant": 4,
  "plus forte": 2,
  "plus fou": -2,
  "plus grand": 3,
  "plus intelligent": 2,
  "plus pauvre": -2,
  "plus résistantes": 2,
  "plus riches": 2,
  "plus sale": -2,
  "plus sévère": -2,
  "plus sûr": 2,
  "pluvieux": -1,
  "poignant": 2,
  "poignarde": -2,
  "poignardé": -2,
  "poignarder": -2,
  "point de repère": 2,
  "poison": -2,
  "poisons": -2,
  "poli": 2,
  "politesse": 2,
  "polluant": -2,
  "pollue": -2,
  "pollué": -2,
  "polluer": -2,
  "pollueur": -2,
  "pollueurs": -2,
  "populaire": 3,
  "popularité": 3,
  "porter secours": 2,
  "portion": 2,
  "positif": 2,
  "positivement": 2,
  "possessif": -2,
  "posttraumatique": -2,
  "Pouah": -2,
  "pouilleux": -2,
  "pourri": -3,
  "poursuit": -1,
  "poursuite": -1,
  "poursuivi": -2,
  "poursuivis": -2,
  "poursuivre": -1,
  "poursuivre en justice": -2,
  "prblm": -2,
  "prblms": -2,
  "précaire": -2,
  "prédateur": -2,
  "préféré": 2,
  "préjudiciable": -3,
  "préjugé": -1,
  "premier plan": 1,
  "prendre plaisir": 2,
  "préparé": 1,
  "pression": -1,
  "prestation de serment": -2,
  "prête": -2,
  "prétendre": -1,
  "prévenir": -1,
  "prévention": -1,
  "priant": 1,
  "prie": 1,
  "prier": 1,
  "prise en charge": 2,
  "prison": -2,
  "prisonnier": -2,
  "privation": -3,
  "privé": -2,
  "priver": -2,
  "privilégié": 2,
  "prix": 3,
  "proactive": 2,
  "problème": -2,
  "problèmes": -2,
  "procès": -2,
  "profiter": 2,
  "profiteur": -2,
  "promesses": 1,
  "promettre": 1,
  "promis": 1,
  "promotion": 1,
  "promouvoir": 1,
  "promu": 1,
  "prospère": 3,
  "protégé": 1,
  "protège": 1,
  "protéger": 1,
  "protestant": -2,
  "protestation": -2,
  "protestations": -2,
  "provoquant": -1,
  "provoque": -1,
  "provoqué": -1,
  "provoquer": -1,
  "prudence": 2,
  "prudent": 2,
  "pseudoscience": -3,
  "psychopathique": -2,
  "puait": -2,
  "puait le tabac": -2,
  "puant": -2,
  "puante": -2,
  "puanteur": -2,
  "puanteurs": -2,
  "puéril": -2,
  "puissant": 2,
  "puni": -2,
  "punir": -2,
  "punisse": -2,
  "punitif": -2,
  "pur": 1,
  "pusillanime": -2,
  "putain": -4,
  "putain amour": 4,
  "putain belle": 4,
  "putain de": -4,
  "putain fantastique": 4,
  "putain grande": 4,
  "putain incroyable": 4,
  "putain mignonne": 4,
  "putain parfaite": 4,
  "quaking": -2,
  "qualité": 2,
  "qualités": 2,
  "querelleur": -2,
  "questions": 1,
  "queue": -4,
  "qui démange": -2,
  "qui donne à réfléchir": 1,
  "rabaissé": -2,
  "rabaisser": -2,
  "rabatteurs": -2,
  "rabroué": -2,
  "rachetés": 2,
  "racisme": -3,
  "raciste": -3,
  "racistes": -3,
  "radieux": 3,
  "raffine": 1,
  "raffiné": 2,
  "rafraîchissante": 2,
  "rage": -2,
  "raillée": -2,
  "railler": -2,
  "railleur": -2,
  "rant": -3,
  "ranters": -3,
  "rants": -3,
  "râpé": -4,
  "rapide": 2,
  "rapidement": 2,
  "raptured": 2,
  "rassurant": 2,
  "rassure": 1,
  "rassuré": 1,
  "rassurer": 1,
  "ratés": -2,
  "ratifié": 2,
  "ravage": -2,
  "ravi": 5,
  "ravir": 3,
  "ravissement": 2,
  "ravissements": 2,
  "réaction exagérée": -2,
  "réaction excessive": -2,
  "réagi de manière excessive": -2,
  "réagir de façon excessive": -2,
  "réalisable": 1,
  "réalisations": 2,
  "réalisé": 2,
  "réanimations": 2,
  "rebelle": -2,
  "rebelles": -2,
  "rébellion": -2,
  "rebond": -3,
  "récession": -2,
  "recommande": 2,
  "recommander": 2,
  "récompense": 2,
  "récompensé": 2,
  "récompenses": 2,
  "réconfortant": 2,
  "réconfortante": 3,
  "reconnaissance": 2,
  "reconnaissant": 3,
  "redoutant": -2,
  "redouté": -2,
  "réductions": -1,
  "réduire": -2,
  "réfléchi": 2,
  "refroidissement": -1,
  "refusant": -2,
  "refuse": -2,
  "refusé": -2,
  "refuser": -2,
  "règlement": 1,
  "régnant": 1,
  "regrets": -2,
  "regrettant": -2,
  "regretté": -2,
  "rejet": -1,
  "rejetant": -1,
  "rejeté": -1,
  "rejeter": -1,
  "rejette": -1,
  "réjouir": 4,
  "réjouirent": 4,
  "réjouissance": 4,
  "relancer": 2,
  "relation amicale": 2,
  "relève": 2,
  "religieux": 2,
  "remarquable": 2,
  "remercier": 2,
  "remettre à plus tard": -1,
  "remords": -2,
  "remplir": 2,
  "remplit": 2,
  "renflouement": -2,
  "renforce": 2,
  "renforcé": 2,
  "renforcement": 2,
  "renforcer": 2,
  "renfrogné": -1,
  "rentable": 2,
  "repaires": -1,
  "répercussion": -2,
  "répercussions": -2,
  "report": -1,
  "reporte": -1,
  "reporté": -1,
  "reporter": -1,
  "reposant": 2,
  "repoussant": -2,
  "repoussé": -2,
  "repousser": -1,
  "représailles": -3,
  "réprimanda": -3,
  "réprimandant": -2,
  "réprimande": -2,
  "réprimandé": -2,
  "réprimandes": -2,
  "répugnance": -3,
  "résigné": -1,
  "résolu": 2,
  "résolution": 2,
  "résoudre": 2,
  "résout": 1,
  "respect": 2,
  "respecté": 2,
  "respects": 2,
  "responsabilité": 1,
  "responsable": 2,
  "restauration": 1,
  "restaurations": 1,
  "restaurée": 1,
  "restaurer": 1,
  "restreindre": -2,
  "restreint": -2,
  "restriction": -2,
  "retard": -1,
  "retardée": -2,
  "retards": -2,
  "retenu": -1,
  "retrait": -3,
  "réussi": 3,
  "réussir": 3,
  "réussit": 3,
  "revendiquant": 2,
  "rêver": 1,
  "révéré": 2,
  "rêves": 1,
  "révoltant": -2,
  "ri": 1,
  "richement": 2,
  "riches": 2,
  "richesse": 3,
  "ridicule": -3,
  "ridiculise": -2,
  "rieuse": 3,
  "rigoureusement": 3,
  "rigoureux": 3,
  "rire": 1,
  "risque": -2,
  "risqué": -2,
  "rivetage": 3,
  "robed": -2,
  "robing": -2,
  "robs": -2,
  "robuste": 2,
  "rofl": 4,
  "roflcopter": 4,
  "roflmao": 4,
  "roman": 2,
  "romance": 2,
  "romantical": 2,
  "romantique": 2,
  "rotfl": 4,
  "rotflmfao": 4,
  "rotflol": 4,
  "ruinant": -2,
  "ruiné": -2,
  "ruines": -2,
  "ruse": 2,
  "sabotage": -2,
  "sabrant": -2,
  "sabrer": -2,
  "sacrément bon": 4,
  "sagesse": 1,
  "saillant": 1,
  "saisie": -2,
  "salaud": -2,
  "sale": -2,
  "saleté": -2,
  "salope": -5,
  "saluant": 2,
  "Salue": 1,
  "salué": 2,
  "saluer": 2,
  "salut": 2,
  "salutation": 1,
  "salutations": 2,
  "saluts": 2,
  "sanglant": -3,
  "sans abri": -2,
  "sans aide": -2,
  "sans coeur": -2,
  "sans couture": 2,
  "sans défaut": 2,
  "sans défense": -2,
  "sans effort": 2,
  "sans emploi": -1,
  "sans encombre": 1,
  "sans énergie": -2,
  "sans espoir": -2,
  "sans imagination": -2,
  "sans incidents": -2,
  "sans originalité": -2,
  "sans peur": 2,
  "sans succès": -2,
  "sans tache": 2,
  "sans valeur": -2,
  "sans vie": -1,
  "sapant": -2,
  "sape": -2,
  "saper": -2,
  "sarcastique": -2,
  "satisfait": 2,
  "sauvé": 2,
  "sauvetages": 2,
  "savange": -2,
  "savanges": -2,
  "savourant": 2,
  "scandale": -3,
  "scandales": -3,
  "scandaleux": -3,
  "scepticisme": -2,
  "sceptique": -2,
  "sceptiques": -2,
  "scoop": 3,
  "scumbag": -4,
  "se cache": -1,
  "se cacher": -1,
  "se conduire mal": -2,
  "se dégrade": -2,
  "se développe": 1,
  "se félicite": 2,
  "se laisser abattre": -2,
  "se lasser": -2,
  "se leva": 1,
  "se noie": -2,
  "se plaindre": -2,
  "Se plaint": -2,
  "Se promener": -2,
  "se réjouit": 4,
  "se ruiner": -2,
  "se tromper": -2,
  "secousse": -3,
  "sécurise": 2,
  "sécurisé": 2,
  "sécurité": 1,
  "séditieux": -2,
  "sédition": -2,
  "séduisant": 2,
  "séduit": -1,
  "seins": -2,
  "selfs": -2,
  "sensationnel": 4,
  "sensibilisation": 2,
  "sensible": 2,
  "sentiment": 1,
  "serein": 2,
  "sérieux": 2,
  "seul": -2,
  "sévère": -2,
  "sexiste": -2,
  "sexistic": -2,
  "sexy": 3,
  "shoody": -2,
  "significatif": 2,
  "silence": -1,
  "simple": -2,
  "simplicité": 1,
  "simplification excessive": -2,
  "simplificatrice": -2,
  "simplifie": -2,
  "simplifier": -2,
  "sincère": 3,
  "singleminded": -2,
  "sinistre": -2,
  "sinistré": -2,
  "slickest": 2,
  "smog": -2,
  "snober": -2,
  "soigné": 2,
  "soin": 2,
  "soins": 2,
  "solennel": -1,
  "solidarité": 2,
  "solide": 2,
  "solidification": 2,
  "solidifie": 2,
  "solidifié": 2,
  "solidifier": 2,
  "solitaire": -2,
  "Solution": 1,
  "solutions": 1,
  "sombre": -2,
  "sommet": 2,
  "sophistiqué": 2,
  "sots": -2,
  "sottises": -1,
  "soudoyant": -3,
  "soudoyer": -3,
  "souffert": -2,
  "souffrant": -2,
  "souffre": -2,
  "souffrir": -2,
  "souhait": 1,
  "souhaitable": 2,
  "souhaitant": 1,
  "souille": -2,
  "souillé": -2,
  "soulage": 1,
  "soulagé": 2,
  "soulager": 1,
  "souligné": -2,
  "soumissionner": 2,
  "soupçonnant": -1,
  "soupçonné": -1,
  "soupir": -2,
  "souriant": 2,
  "sourire": 2,
  "sourires": 2,
  "Sourit": 2,
  "sournois": -1,
  "sousestimé": -1,
  "sousestimer": -1,
  "sousestimés": -1,
  "sousévaluées": -2,
  "sousperformant": -2,
  "sousperforme": -2,
  "sousperformé": -2,
  "sousperformer": -2,
  "sous la contrainte": -2,
  "sous pression": -2,
  "soutenant": -1,
  "soutien": 2,
  "spacieux": 1,
  "Spam": -2,
  "spammeur": -3,
  "spammeurs": -3,
  "spamming": -2,
  "spéculatif": -2,
  "splendide": 3,
  "squelché": -1,
  "stable": 2,
  "stabulation": -2,
  "stalle": -2,
  "stéréotype": -2,
  "stéréotypé": -2,
  "stimulant": 2,
  "stimule": 1,
  "stimulé": 1,
  "stimulée": 1,
  "stimuler": 1,
  "stress": -1,
  "stresseur": -2,
  "Stupéfiant": 5,
  "stupéfie": 3,
  "stupide": -2,
  "stupidement": -2,
  "stupidité": -3,
  "suborné": -3,
  "substantiel": 1,
  "substantiellement": 1,
  "subvention": 1,
  "subventions": 1,
  "subversif": -2,
  "suce": -3,
  "sucer": -3,
  "sueing": -2,
  "Sues": -2,
  "suicidaire": -2,
  "suicide": -2,
  "suicides": -2,
  "super": 3,
  "superbe": 5,
  "supérieur": 2,
  "superproduction": 3,
  "support": 2,
  "supporter": 1,
  "suprême": 4,
  "sûr": 1,
  "surcharge": -1,
  "surcharger": -2,
  "surévaluations": -2,
  "surligner": 2,
  "surprenant": 3,
  "surpris": -2,
  "surprotecteur": -2,
  "survécu": 2,
  "surveillance": -1,
  "survendre": -2,
  "survendu": -2,
  "survente": -2,
  "survivant": 2,
  "suspect": -1,
  "suspects": -1,
  "suspendre": -1,
  "suspendu": -1,
  "sympathique": 2,
  "tailladé": -2,
  "Talent": 2,
  "tard": -2,
  "Tellement mignon": 3,
  "téméraire": -2,
  "tendresse": 2,
  "tendu": -2,
  "tension": -1,
  "terne": -2,
  "terni": -2,
  "ternir": -2,
  "ternit": -2,
  "terrible": -3,
  "terriblement": 4,
  "terrifiant": 4,
  "terrifié": -3,
  "terrorise": -3,
  "terrorisé": -3,
  "terroriser": -3,
  "terroriste": -2,
  "têtu": -2,
  "timide": -1,
  "timoré": -2,
  "tirer": -1,
  "tissés": -1,
  "tolérance": 2,
  "tolérant": 2,
  "tollé": -2,
  "tombant": -2,
  "tombé": -2,
  "tops": 2,
  "toqué": -2,
  "torturant": -4,
  "torture": -4,
  "torturé": -4,
  "tortures": -4,
  "totalitaire": -2,
  "totalitarisme": -2,
  "tourmenter": -3,
  "tout droit": 1,
  "toxique": -3,
  "tragédies": -2,
  "tragique": -2,
  "trahi": -3,
  "trahir": -3,
  "trahison": -3,
  "trahit": -3,
  "traîne": -1,
  "traîné": -1,
  "traînée": -1,
  "traître": -3,
  "traîtresse": -3,
  "tramage": -2,
  "tranquille": 2,
  "transgresse": -2,
  "transgressée": -2,
  "transgresser": -2,
  "transgresseur": -2,
  "traumatique": -3,
  "traumatisme": -3,
  "travestir": -2,
  "tremblant": -2,
  "tremblement": -2,
  "tremblements": -2,
  "très agréable": 3,
  "Trésor": 2,
  "trésors": 2,
  "tribulations": -2,
  "triché": -3,
  "Tricher": -3,
  "tricheur": -3,
  "tricheurs": -3,
  "triomphant": 4,
  "triomphe": 4,
  "tripotages": -3,
  "triste": -2,
  "troll": -2,
  "tROMPE": -3,
  "trompé": -3,
  "tromper": -3,
  "tromperie": -2,
  "trompeur": -3,
  "trouble": -2,
  "troublé": -2,
  "troubles": -2,
  "truc cool": 3,
  "trucage": -3,
  "tue": -3,
  "tué": -3,
  "tuer": -3,
  "tumeur": -2,
  "tumulte": -3,
  "tyran": -3,
  "tyrannique": -3,
  "tyranniquement": -3,
  "tyranniques": -3,
  "Tyrans": -3,
  "un conseil": 1,
  "un infarctus": -2,
  "unappeasable": -2,
  "une entente": 1,
  "une fois dans une vie": 3,
  "une garantie": 1,
  "une honte": -2,
  "une sorte": 0,
  "unfocused": -2,
  "unfunny": -2,
  "uni": 1,
  "unifié": 1,
  "uninvolving": -2,
  "unlovable": -2,
  "unreleting": -2,
  "unresearched": -2,
  "urgence": -2,
  "urgent": -1,
  "usé": -1,
  "utile": 2,
  "utilité": 2,
  "vague": -2,
  "vain": -2,
  "vaincu": -2,
  "vainqueurs": 3,
  "vaisseau amiral": 2,
  "validation": 1,
  "Valide": 1,
  "validé": 1,
  "valider": 1,
  "vandalisme": -2,
  "vantant": -2,
  "vantard": -2,
  "vanté": -2,
  "vanter": -2,
  "vaut": 2,
  "venge": -2,
  "vengeance": -2,
  "vengée": -2,
  "venger": -2,
  "vengeresse": -2,
  "vengeur": -2,
  "ventilateur": 3,
  "verdict": -1,
  "verdicts": -1,
  "vertueux": 2,
  "veuf": -1,
  "vexation": -2,
  "vibrant": 3,
  "vicieux": -2,
  "victime": -2,
  "victimes": -3,
  "victimise": -3,
  "victimiser": -3,
  "victimisés": -3,
  "victoires": 4,
  "Victor": 3,
  "vide": -1,
  "vif": 2,
  "vigilant": 3,
  "vigueur": 3,
  "vil": -3,
  "vindicatif": -2,
  "violant": -2,
  "violation": -2,
  "violations": -2,
  "viole": -2,
  "violé": -2,
  "violemment": -3,
  "violent": -3,
  "violer": -2,
  "violeur": -4,
  "virulent": -2,
  "vis à vis": -1,
  "vision": 1,
  "visionnaire": 3,
  "visions": 1,
  "vissé": -2,
  "vissé vers le haut": -3,
  "visualisation": 1,
  "vitalité": 3,
  "vitamine": 1,
  "vivace": 3,
  "vivant": 1,
  "vivement": 2,
  "vivifié": 3,
  "vœux": 1,
  "vol": -2,
  "vole": -2,
  "volé": -2,
  "voler": -2,
  "voleur": -2,
  "volonté": 2,
  "vomi": -3,
  "vomir": -3,
  "vomissement": -3,
  "vomissures": -3,
  "vouloir": 1,
  "voulu": 2,
  "vrai": 2,
  "vulnérabilité": -2,
  "vulnérable": -2,
  "warmness": 2,
  "winwin": 3,
  "woohoo": 3,
  "wooo": 4,
  "woow": 4,
  "wowow": 4,
  "wowww": 4,
  "wtf": -4,
  "wtff": -4,
  "wtfff": -4,
  "xo": 3,
  "xoxoxo": 4,
  "xoxoxoxo": 4,
  "yeees": 2,
  "zélé": 2,
  "zélotes": -2,
  "Zut": -2
}