{
  "durabiliriz": -3,
  "abartı": -2,
  "abartılı": -2,
  "abartır": -2,
  "abartmak": -2,
  "abarttığını": -2,
  "abhorred": -3,
  "abluka": -2,
  "absolved": 2,
  "absolves": 2,
  "absolving": 2,
  "absorbe": 1,
  "açgözlü": -2,
  "açgözlülük": -3,
  "acı": -2,
  "acı çekmek": -2,
  "acı çektirmek": -2,
  "acı veren": -3,
  "acı verici": -2,
  "acıdım": -1,
  "açığa": -1,
  "açığa vurmak": -3,
  "açık": -2,
  "Açıkça": 1,
  "acıklı": -2,
  "açıklık getirmektedir": 2,
  "acil": -1,
  "acil Servis": -2,
  "acılı": -2,
  "acımasız": -3,
  "acıyan": -1,
  "aciz": -2,
  "aciz bırakılmış": -2,
  "açlık": -2,
  "açlıktan ölecektir": -2,
  "açlıktan ölmek": -2,
  "adalet": 2,
  "adaletsizlik": -2,
  "adam öldürme": -3,
  "adanmış": 2,
  "adı çıkmış": -2,
  "adil": 2,
  "adli": -3,
  "adlı": 1,
  "adoringly": 3,
  "af": 2,
  "afet": -3,
  "afetler": -2,
  "affectionateness": 3,
  "affedildi": 2,
  "affedilmez": -3,
  "affetmek": 2,
  "affetmez": -2,
  "affronted": -1,
  "ağır": -2,
  "ağır yürekli": -2,
  "ağırbaşlı": -1,
  "ağırlaştırıcı": -2,
  "ağırlaştırılmış": -2,
  "ağırlaştırmak": -2,
  "ağırlıyor": 2,
  "ağlamak": -1,
  "ağlayan": -2,
  "agonises": -3,
  "agonize": -3,
  "agresif": -2,
  "ağrı": -2,
  "Ağrı": -2,
  "ağrıyan": -2,
  "ah": -2,
  "ahır": -2,
  "ahlâki": 2,
  "ahlaksız": -2,
  "ahmak": -4,
  "akıllı": 2,
  "akılsız": -2,
  "aklamak": 2,
  "aklayan": 2,
  "aksamalar": -2,
  "aktif": 1,
  "alarm": -2,
  "alarmists": -2,
  "alay": -1,
  "alay etmek": -2,
  "alaycı": -2,
  "alaylı": -2,
  "alçaltır": -2,
  "aldatan": -3,
  "aldatıcı": -3,
  "aldatıldığını": -2,
  "aldatılmak": -3,
  "aldatma": -2,
  "aldatmaca": -2,
  "aldatmak": -3,
  "aldırmamak": -1,
  "alerjik": -2,
  "alevlenen": -2,
  "alıkoymak": -2,
  "alkış": 2,
  "alkışladı": 2,
  "alkışlamak": 2,
  "alkışlanan": 2,
  "alkışlıyor": 2,
  "Allah": 1,
  "allak bullak": -2,
  "altın": 2,
  "am": -5,
  "amansız": -2,
  "amiral gemisi": 2,
  "angaje": 1,
  "angarya": -2,
  "anlamlı": 2,
  "anlamsız": -2,
  "anlaşılmaz": -2,
  "anlaşma": 1,
  "anlaşmak": 1,
  "anlaşmazlık": -2,
  "anlaşmazlıklar": -2,
  "anti": -1,
  "antipatik": -2,
  "apeshit": -3,
  "appalled": -2,
  "appeases": 2,
  "aptal": -2,
  "aptalca": -3,
  "aptallar": -2,
  "aptallık": -3,
  "arıtmak": 1,
  "arızaları": -2,
  "arızalı": -3,
  "arkadaş": 1,
  "arkadaş canlısı": 2,
  "arkaları": 1,
  "artırdığını": 1,
  "artırılması": 1,
  "artırır": 1,
  "artırmak": 1,
  "artış": 1,
  "artmış": 1,
  "arzu etmek": 1,
  "arzulu": 2,
  "aşağı": -2,
  "aşağılama": -3,
  "aşağılanmış": -3,
  "aşağılayarak": -2,
  "aşağılayıcı": -2,
  "aşağılık": -3,
  "aşağılık herif": -3,
  "asi": -2,
  "asık suratlı": -2,
  "asil": 2,
  "aşılamak": -2,
  "aşırı": -2,
  "aşırı basitleştirmek": -2,
  "aşırı satım": -2,
  "aşırı tepki": -2,
  "Aşırı tepki": -2,
  "aşırı yükleme": -1,
  "aşırılık": -2,
  "Aşk": 3,
  "askıya alındı": -1,
  "askıya almak": -1,
  "aşmak": -2,
  "assfucking": -4,
  "astarlı": 1,
  "ateş": -2,
  "ateş etme": -1,
  "ateşleme": -2,
  "ateşli": 1,
  "atık": -1,
  "atılan": -1,
  "atmosfer": 1,
  "avantaj": 2,
  "avantajları": 2,
  "avantajlı": 2,
  "Avenged": -2,
  "avengers": -2,
  "averts": -1,
  "ayaklanmalar": -2,
  "ayartıcı": -3,
  "aydın": 2,
  "aydınlatıcı": 2,
  "aydınlatır": 2,
  "aydınlatmak": 2,
  "ayılma": 1,
  "ayıplamak": -3,
  "ayrıcalıklı": 2,
  "ayrılmak": -1,
  "ayrılmış": -2,
  "ayrımcı": -2,
  "ayrımcılık": -2,
  "ayrımını": -2,
  "ayy": -2,
  "az pişmiş": -2,
  "azaltmak": -2,
  "azarladı": -2,
  "azarlama": -2,
  "azarlamak": -2,
  "azdırır": -2,
  "azdırmak": -2,
  "aziz": 2,
  "badana": -3,
  "badass": -3,
  "bağımsız": -1,
  "bağıran": -2,
  "bağış": 2,
  "bağışık": 1,
  "bağışlanan": 2,
  "bağışlayıcı": 1,
  "bağışta bulunmak": 2,
  "bağlılık": 3,
  "bahane": -1,
  "bahtsız": -2,
  "bakım": 2,
  "bakımları": 2,
  "bakımlı": 2,
  "bakımsız": -2,
  "balta": -1,
  "baltalamak": -2,
  "baltalıyor": -2,
  "bamboozled": -2,
  "Bamboozles": -2,
  "Bankster": -3,
  "barbar": -2,
  "Barış": 2,
  "barışçıl": 2,
  "barıştırmak": 2,
  "bariyer": -2,
  "baş ağrısı": -2,
  "başarı": 2,
  "başarılar": 2,
  "başarılı": 2,
  "başarılı olarak": 3,
  "başarılı olmak": 3,
  "başarısız": -2,
  "başarısız oldu": -2,
  "başarısızca": -2,
  "başarısızlık": -2,
  "başarmak": 2,
  "başgösteren": -1,
  "basınç": -1,
  "basınçlı": -2,
  "basiretsiz": -2,
  "basitleştirme": -2,
  "basitlik": 1,
  "baskıcı": -2,
  "baskılar": -2,
  "başlattı": 1,
  "baştan": -1,
  "bastırılmış": 2,
  "başyapıt": 4,
  "başyapıtlarından": 4,
  "batmaz": 2,
  "bayan": -2,
  "becerdin": -4,
  "beceriksiz": -2,
  "beceriksizlik": -2,
  "beğenilen": 3,
  "beğenmek": 3,
  "beğenmeme": -2,
  "beğenmemek": -3,
  "beklemek": -1,
  "beklenen": -1,
  "bekliyor": -1,
  "belirgin": 1,
  "belirlenen": 2,
  "belirleyici": 1,
  "belirsiz": -2,
  "belittled": -2,
  "ben mükemmelim": -2,
  "bencil": -3,
  "bencillik": -3,
  "benimsemek": 1,
  "benimser": 1,
  "beraat": 2,
  "berbat": -2,
  "berbat şekilde": -3,
  "bereketli": 2,
  "berraklık": 2,
  "bertaraf": -2,
  "beslemek": 2,
  "beslenmesi": 2,
  "beyhude": -2,
  "beyin yıkama": -3,
  "bezgin": -2,
  "bıçaklama": -2,
  "bıçaklandı": -2,
  "bıkkın": -2,
  "bilgelik": 1,
  "bilimsel olmayan": -2,
  "bir kişiyi taciz": -3,
  "Bir ömür boyu bir kez": 3,
  "biraz": 0,
  "birleşik": 1,
  "bitkin": -2,
  "bla": -2,
  "blok": -1,
  "bloke etme": -1,
  "bloklar": -1,
  "bobinleri": -2,
  "boğma": -2,
  "boğmak": -2,
  "boğucu": -2,
  "boğuldu": -2,
  "boğulmuş": -2,
  "boğulur": -2,
  "bok": -3,
  "bokkafalı": -4,
  "boktan": -3,
  "bol bol": 2,
  "bomba": -1,
  "borç": -2,
  "boş": -1,
  "boşa": -2,
  "boşa çıkarıyor": -2,
  "boşa çıkarmak": -2,
  "boşluk": -1,
  "boykot": -2,
  "boykotlar": -2,
  "boykotları": -2,
  "boylu poslu": 2,
  "boyun": 3,
  "bozan": -2,
  "bozar": -2,
  "bozarsa": -3,
  "bozdururken": -2,
  "bozma": -2,
  "bozmak": -2,
  "bozmak, zayıflatmak": -2,
  "bozuk": -3,
  "bozuklukları": -2,
  "bozulan": -2,
  "bozulma": -2,
  "bozulmamış": 2,
  "bozulmuş": -2,
  "bozulur": -2,
  "braveness": 2,
  "breaching": -2,
  "brilliances": 3,
  "brüt": -2,
  "bulanık": -2,
  "bulaşıcı": -2,
  "bulaşıcı hastalıkların": -2,
  "bulaşma": -2,
  "bulaşmasını": -2,
  "bulaştırmak": -2,
  "buluş": 3,
  "bulutlu": -1,
  "bunalımlı": -2,
  "burkan": -2,
  "bütünlük": 2,
  "büyük": 3,
  "büyük coşkuyla": 3,
  "Büyük lanet": 4,
  "büyüledi": 3,
  "büyülemek": 3,
  "büyülemektedir": 3,
  "büyülenmiş": 3,
  "büyüleyen": 3,
  "büyüleyici": 3,
  "büyülü": 2,
  "büyüme": 2,
  "büyümeler": 2,
  "büyüyen": 1,
  "cahil": -2,
  "çaldı": -2,
  "çalıntı": -2,
  "çalışmayan": -2,
  "çalışmıyor": -3,
  "çalma": -2,
  "çalmak": -2,
  "çamurlu": -2,
  "can atan": 2,
  "Can sıkıcı": -2,
  "can sıkıntısı": -2,
  "canavarlaştırmak": -2,
  "canı sıkkın": -2,
  "canı yanmak": -2,
  "canını sıkıyor": -2,
  "canını yakmak": -2,
  "cankurtaran": 4,
  "canlandıran": 2,
  "canlandırıcı": 2,
  "canlandırmak": 2,
  "canlı": 1,
  "cansız": -1,
  "çapraşık": -2,
  "çaprazlara": -2,
  "çarçur": -2,
  "çarçur ediyor": -2,
  "çaresiz": -2,
  "çarpıcı": 4,
  "çarpık": -2,
  "çarpışan": -1,
  "çarpışır": -1,
  "çarpışma": -2,
  "çarpışmak": -1,
  "çarpışmalar": -2,
  "çarpıtarak": -2,
  "çarpıtmak": -2,
  "çarpma": -2,
  "çatık": -1,
  "çatışma": -2,
  "çatışmalar": -2,
  "çatışmalı": -2,
  "caydırıcı": -2,
  "çaylak": -2,
  "cazibe": 2,
  "cazip": 2,
  "cebri icra": -2,
  "cehalet": -2,
  "cehennem": -4,
  "cehennemi": -2,
  "çekici": 2,
  "çekicilik": 3,
  "çekingen": -2,
  "çekişmeli": -2,
  "çekiyor": 1,
  "çekmek": 1,
  "çekti": 1,
  "çelişkili": -2,
  "cenaze": -1,
  "cennet": 3,
  "cesaret": 2,
  "cesaret kırıcı": -2,
  "cesareti": -2,
  "cesaretlendirmemişti": 2,
  "ceset": -1,
  "çeşit": 0,
  "cesur": 3,
  "cesurca": 2,
  "cesurluk": 2,
  "cevapsız": -2,
  "Çevre dostu": 2,
  "çevrimdışı": -1,
  "ceza": -2,
  "ceza verir": -2,
  "cezalandırıcı": -2,
  "cezalandırılmış": -2,
  "cezalandırır": -2,
  "cezalandırırcasına": -3,
  "cezalandırıyor": -2,
  "cezalandırmak": -2,
  "cezbetmek": 3,
  "chastises": -3,
  "cherishes": 2,
  "chides": -3,
  "ciddi": 2,
  "çığırtkan": -2,
  "çığlık": -2,
  "çığlıklar": -2,
  "çığlıkları": -2,
  "çıkarmak": -2,
  "çıkıştıklarını": -3,
  "çıkmak": -2,
  "çıkmaz": -2,
  "cilalı": 2,
  "çıldırtan": -2,
  "çıldırtıcı": -3,
  "çile": -2,
  "çileden": -3,
  "çılgın": -3,
  "çılgınca": -1,
  "çılgınlık": -3,
  "cimri": -2,
  "cinayet": -2,
  "cinayetler": -2,
  "cinsiyet farkı gözeten": -2,
  "çirkin": -3,
  "çirkinlik": -3,
  "ciro": 2,
  "clueless": -2,
  "çocuğu": -5,
  "çocuk": -2,
  "çocukça": -2,
  "çok aç": -2,
  "çok güzel": 3,
  "çok memnun": 4,
  "çok sevinçli": 3,
  "çok tatlı": 3,
  "çok tehlikeli": -2,
  "çöken": -2,
  "çökmeler": -2,
  "çökmüş": -2,
  "çöküş": -2,
  "combats": -1,
  "cömert": 2,
  "conciliates": 2,
  "conciliating": 2,
  "çöp": -1,
  "çöplük": -1,
  "coşkulu": 3,
  "coşkun": 4,
  "çözer": 1,
  "coziness": 2,
  "çözme": 1,
  "çözmek": 2,
  "çözüldü": 2,
  "çözülmüş": 1,
  "çözüm": 2,
  "çözümler": 1,
  "criminated": -3,
  "criminates": -3,
  "çük kafalı": -4,
  "çüksuratlı": -4,
  "cümle": -2,
  "cümleler": -2,
  "cüppeli": -2,
  "cüretli": 3,
  "çürük": -3,
  "cürümler": -3,
  "çürütülmesi": -1,
  "da ihanet": -3,
  "dağınık": -2,
  "dağınıklık": -2,
  "daha akıllı": 2,
  "daha da kötüsü": -3,
  "daha güvenli": 2,
  "daha iyi": 2,
  "daha nazik": 2,
  "dalgın": -1,
  "dallama": -5,
  "dalmış": 1,
  "dampingli": -2,
  "darbeye": -1,
  "dava": -2,
  "dava açmak": -1,
  "Davet etmek": 1,
  "davranarak": -1,
  "dayak": -1,
  "dayakla": -2,
  "dayanıklı": 2,
  "dayanılmaz": 2,
  "Dayanışma": 2,
  "dayanma gücü": 2,
  "dayatılan": -1,
  "deadening": -2,
  "deceives": -3,
  "deforme olmuş": -2,
  "deformiteler": -2,
  "değer": 2,
  "değersiz": -2,
  "değmez": -2,
  "dehşet": -2,
  "dehşete": -2,
  "dehşete kapılmış": -3,
  "dehumanizes": -2,
  "dejecting": -2,
  "dejects": -2,
  "deli": -3,
  "delice": -3,
  "delicesine aşık": 2,
  "delik": -2,
  "deliler": -3,
  "delilik": -2,
  "demoralize": -2,
  "demoralized": -2,
  "dengeli": 1,
  "deniye": -2,
  "deplored": -3,
  "derhal": 1,
  "dertli": -1,
  "destek": 2,
  "destekçi": 1,
  "destekçileri": 1,
  "desteklemek": 2,
  "desteklenmeyen": -2,
  "destekler": 2,
  "destekleyici": 2,
  "destekli": 2,
  "detracted": -1,
  "devamsız kimse": -1,
  "devastations": -2,
  "devre dışı bırakma": -1,
  "dezavantaj": -2,
  "dezavantajlı": -2,
  "dikenli": -2,
  "dikkat çekici": 2,
  "dikkate değer": 2,
  "dikkati dağılmış": -2,
  "dikkatini dağıtmak": -2,
  "dikkatli": 2,
  "dikkatlice": 2,
  "dikkatlilik": 2,
  "dikkatsiz": -2,
  "dikmek": -5,
  "dilek": 1,
  "dilligence": 2,
  "dinçlik": 3,
  "dindar": 2,
  "dinlendirici": 2,
  "dirilik": 3,
  "disappoints": -2,
  "disconsolation": -2,
  "disguising": -1,
  "disgustful": -3,
  "disheartened": -2,
  "dışlamak": -2,
  "dışlanır": -2,
  "dışlayıcı": -2,
  "dişsiz": -2,
  "diye bağırdı": -2,
  "Dobra Üyesini İhraç": -2,
  "doğal": 1,
  "doğru yön": 3,
  "doğrulama": 1,
  "doğrulanmamış": -1,
  "doğrular": 1,
  "doğruluk": 2,
  "dökmeyen": 2,
  "dokuma tezgâhı": -1,
  "dökümleri": -1,
  "dokunaklı": 2,
  "dolandırıcı": -3,
  "dolandırıcıların": -4,
  "dolandırıcılığı": -2,
  "dolandırıcılık": -4,
  "dolandırma": -3,
  "dolandırmak": -3,
  "dolu": 2,
  "donakalmış": -2,
  "donuk": -2,
  "dostane": 2,
  "dostluk": 2,
  "dövülmüş": -2,
  "dua": 1,
  "dua eden": 1,
  "dua etmek": 1,
  "dul": -1,
  "dumanlı": -2,
  "dumanlı sis": -2,
  "Dur": -1,
  "durdu": -1,
  "durdurduklarını": -2,
  "durdurma": -1,
  "durdurulamaz": 2,
  "durgunluk": -2,
  "durur": -1,
  "dürüst": 2,
  "düşen": -1,
  "düşkün": 2,
  "düşman": -2,
  "düşmanca": -2,
  "düşmanları": -2,
  "düşmanlık": -2,
  "düşme": -2,
  "düşmüş": -2,
  "düşsel": 3,
  "düştü": -1,
  "düşük performans": -2,
  "Düşük performans": -2,
  "düşünceli": 2,
  "düşüncesiz": -2,
  "düşündürücü": 3,
  "düşürmek": -1,
  "duyarlı": 2,
  "duyarsız": -2,
  "duyarsızlık": -2,
  "duygu": 1,
  "Düz": 1,
  "düzensizlik": -2,
  "efsane": -1,
  "eğik çizgi": -2,
  "eğlence": 3,
  "eğlenceli": 2,
  "eğlenceli değil": -3,
  "eğlendirmek": 3,
  "eğlenerek": 3,
  "eksik": -1,
  "eksiklik": -2,
  "eksiklikleri": -2,
  "eksiltmek": -1,
  "eleştirdi": -2,
  "eleştiri": -2,
  "eleştirme": -2,
  "eleştirmek": -2,
  "eleştirmen": -2,
  "eleştirmenler": -2,
  "ellerinden alarak": -2,
  "elmas": 1,
  "elverişsiz": -2,
  "emanet": 2,
  "embesil": -3,
  "emin olmayan": -1,
  "emmek": -3,
  "emniyetsiz": -2,
  "empatik": 2,
  "En büyük": 3,
  "en düşük": -1,
  "en iyi": 3,
  "en iyi lanet": 4,
  "en kötü": -3,
  "endişe": -2,
  "endişe verici": -3,
  "endişelenmek": -3,
  "endişeler": -3,
  "endişeli": -2,
  "enerjik": 2,
  "enfeksiyon": -2,
  "enfeksiyonlar": -2,
  "enfekte": -2,
  "engel": -2,
  "engellemek": -2,
  "engellemektedir": -2,
  "engeller": -2,
  "engelleyen": -2,
  "engelleyici": -2,
  "Engelleyici": -2,
  "engelli": -2,
  "engizisyon mahkemesi": -2,
  "enkaz": -2,
  "enraging": -2,
  "enslaved": -2,
  "entrikalar": 1,
  "Envies": -1,
  "erdemli": 2,
  "ErrorUndefined": -3,
  "ErrorWithTranslation": -2,
  "Erteledi": -1,
  "ertelemek": -1,
  "ertelenen": -1,
  "ertelenmesi": -1,
  "esasen": 1,
  "esefle": -3,
  "eşek": -4,
  "esir etmek": -2,
  "eşitsiz": -1,
  "eski": -2,
  "espriler": 2,
  "esprili": 2,
  "eşsiz": 1,
  "etik": -2,
  "etki": 2,
  "etkilemek": 3,
  "etkilendim": 3,
  "etkilenmiş": -1,
  "etkileyici": 3,
  "etkili": 2,
  "etkili bir şekilde": 2,
  "etkisiz": -2,
  "evergreening": -3,
  "Evet": 1,
  "evsiz": -2,
  "exacerbating": -2,
  "exasparate": -2,
  "exasperates": -2,
  "excruciatingly": -1,
  "ezik": -3,
  "ezilmiş": -2,
  "ezme": -1,
  "fahişe": -4,
  "fail": -2,
  "failler": -2,
  "faiz": 1,
  "fan": 3,
  "fanatik": -2,
  "fanatikler": -2,
  "fantastik": 4,
  "fantastik lanet": 4,
  "farfaralık": -3,
  "fark gözetmek": -2,
  "farkedilebilir": 2,
  "faşist": -2,
  "faşistler": -2,
  "fatigues": -2,
  "faul": -3,
  "favori": 2,
  "Favori": 2,
  "Favoriler": 2,
  "favorilere": 2,
  "favourited": 2,
  "faydaları": 2,
  "faydalı": 2,
  "faydasız": -2,
  "feci": -3,
  "felaket": -2,
  "fervid": 2,
  "festival": 2,
  "fikir ayrılığı": -2,
  "fındık": -3,
  "fire": -2,
  "fırsat": 2,
  "fırsatlar": 2,
  "fiyasko": -3,
  "flop": -2,
  "fobik": -2,
  "fonksiyon bozukluğu": -2,
  "frikin": -2,
  "ftw": 3,
  "fuckers": -4,
  "fucktard": -4,
  "fud": -3,
  "fuked": -4,
  "Fuking": -4,
  "gaddar": -2,
  "gagged": -2,
  "galip": 3,
  "galipler": 3,
  "gallantly": 3,
  "ganimet": 4,
  "garanti": 1,
  "garip": -2,
  "garip biçimde": -1,
  "gayretli": 2,
  "gayri meşru": -3,
  "geçersiz": -2,
  "geçersiz oy": -2,
  "gecikme": -1,
  "gecikmeli": -2,
  "gecikmiş": -1,
  "geciktirmek": -2,
  "gelişme iyilesme duzelme ilerleme": 2,
  "gelişmiş": 2,
  "geliştirir": 2,
  "geliştirme": 2,
  "gemiye": 1,
  "genç": 2,
  "geniş": 1,
  "genişler": 1,
  "genişletmek": 1,
  "gerçek": 2,
  "gerçekleştirir": 2,
  "gergin": -2,
  "gerginlik": -1,
  "geri": 1,
  "geri çekilmek": -1,
  "geri döndürülemez": -1,
  "geri dönüşümsüz": -1,
  "geri kalmış": -2,
  "geri yükleme": 1,
  "gerizekalı": -3,
  "gevşek": -3,
  "gıcık": -2,
  "giderir": 2,
  "girişimci": 1,
  "gizleme": -1,
  "gizlemek": -1,
  "gizlenmek": -1,
  "gizlenmiş": -1,
  "gizler": -1,
  "gizli": -1,
  "gizli anlaşma": -3,
  "gizlice sokmak": -2,
  "göçük": -2,
  "göksel": 4,
  "gönlünü": 2,
  "Goofiness": -2,
  "görkemli": 3,
  "görülüyordu": -1,
  "görüşme": -1,
  "gösteri": -1,
  "göt deliği": -4,
  "göz alıcı": 3,
  "göz ardı": -2,
  "göz dağı": -2,
  "göz kamaştırıcı": 3,
  "gözaltına": -2,
  "gözardı": -2,
  "gözdağı": -2,
  "gözden düşmüş": -2,
  "gözden kaçmış": -1,
  "gözetim": -1,
  "Gözle": -3,
  "gözüpek": 2,
  "gözyaşı": -2,
  "greenwash": -3,
  "greenwasher": -3,
  "greenwashers": -3,
  "greenwashing": -3,
  "greets": 1,
  "grev": -1,
  "grevcileri": -2,
  "gri": -1,
  "grip": -2,
  "gücendirir": -2,
  "gücendirmek": -2,
  "güçlendirilmiş": 2,
  "güçlendirir": 2,
  "güçlendirme": 2,
  "güçlendirmek": 2,
  "güçlü": 2,
  "güçlü yönler": 2,
  "güçsüz": -2,
  "güçsüz duruma sokacak": -2,
  "gül": 1,
  "güldü": 1,
  "gülen": 1,
  "güler yüzlü": 3,
  "gülmek": 1,
  "GÜLÜMSEDİ": 2,
  "gülümseme": 2,
  "gülümseyen": 2,
  "gülümsüyor": 2,
  "gülünç": 3,
  "gülüyor": 1,
  "günah": -2,
  "günah keçisi": -2,
  "günahkâr": -3,
  "günahları": -2,
  "Günaydın": 1,
  "Gunes isigi": 2,
  "gürültülü": -1,
  "gururla": 2,
  "gururlu": 2,
  "güven": 1,
  "güvence": 1,
  "güvence altına alır": 1,
  "güvence vermek": 1,
  "güvenen": 2,
  "güvenilir": 2,
  "güvenilirlik": 2,
  "güvenle": 2,
  "güvenli": 2,
  "güvenli bir şekilde": 1,
  "güvenlik": 1,
  "güvenlik açığı": -2,
  "güvensiz": -3,
  "güvensizlik": -3,
  "güzel": 3,
  "Güzel": 3,
  "güzel lanet": 4,
  "güzel şeyler": 3,
  "güzelleştirmek": 3,
  "güzellik": 3,
  "güzellikler": 3,
  "Ha": 2,
  "haberci": -2,
  "habersiz": -2,
  "haciz": -2,
  "hacklendi": -1,
  "haddini bildirmek": -2,
  "hafife": -1,
  "haha": 3,
  "hahaha": 3,
  "hahahah": 3,
  "haince": -3,
  "hak etmeyen": -2,
  "hakaret": -2,
  "haklı": 2,
  "haklı çıkarır": 2,
  "haklı olarak": 2,
  "haksız": -2,
  "haksız yere": -2,
  "haksızlığa": -2,
  "hale": -3,
  "halinden memnun": -2,
  "halsiz": -2,
  "ham": -1,
  "hamileri": 2,
  "handpicked": 1,
  "hapis": -2,
  "hapis cezası": -2,
  "hapisteki": -2,
  "hapşırdı": -2,
  "hapşırma": -2,
  "hapsolmuş": -2,
  "harabe": -2,
  "haraç": 2,
  "harap": -2,
  "hardier": 2,
  "hardship": -2,
  "hareketsizlik": -2,
  "hariç": -2,
  "hariç tutma": -1,
  "harika": 4,
  "harikaları": 3,
  "hasar": -3,
  "hasarlı": -3,
  "hasım": -1,
  "haşin": -2,
  "hasret": 1,
  "hassas": 2,
  "hassaslık": 2,
  "hasta": -2,
  "hastalık": -1,
  "hastalıklar": -2,
  "hastanede yatan": -2,
  "hata": -2,
  "hata payı": 2,
  "hatalar": -2,
  "hatalı": -2,
  "haters": -3,
  "haunts": -1,
  "hayal kırıklığı": -2,
  "hayal kırıklığına": -2,
  "hayal kırıklığına uğramış": -2,
  "hayal kırıklığına uğratmak": -2,
  "hayal kırıklıkları": -2,
  "hayalet": -1,
  "hayata küsmüş": -2,
  "hayatta": 2,
  "hayatta kalan": 2,
  "hayırsever": 2,
  "hayırseverlik": 2,
  "haykırış": -2,
  "hayran": 3,
  "hayrandı": 3,
  "hayranlık": 3,
  "hayranlık duyulacaksa": 3,
  "hayret": 2,
  "hayrete": -2,
  "hayretler": 3,
  "haysiyet": 2,
  "haz": 2,
  "hazin": -2,
  "hazine": 2,
  "hazineler": 2,
  "hazırlanıyor": -2,
  "hazırlanmış": 1,
  "Heartwarming": 3,
  "hediye": 2,
  "hehe": 2,
  "her yerde birden bulunan": 2,
  "hesaba katılmayan": -2,
  "heves": -2,
  "hevesli": 3,
  "heybetli": -1,
  "heyecan": 5,
  "heyecan verici": 3,
  "heyecan verici oluyor": 3,
  "heyecanlandırmak": 3,
  "heyecanlı": 3,
  "hibe": 1,
  "Hibe": 2,
  "hiçe sayma": -2,
  "hiciv": -2,
  "hijenik olmayan": -2,
  "hile": -1,
  "hilekâr": -3,
  "hileleri": -3,
  "hileli": -4,
  "hilkat garibesi": -2,
  "hırçın": -3,
  "hırsız": -2,
  "hırsızlık": -2,
  "hırslı": 2,
  "hisseleri": 1,
  "histeri": -3,
  "hızla": 2,
  "hızlı": 2,
  "holigan": -2,
  "holiganlar": -2,
  "homurdanıyor": -2,
  "hor": -2,
  "horoz": -5,
  "hoş": 3,
  "hoş olmayan": -2,
  "Hoşgeldiniz": 2,
  "hoşgörülü": 1,
  "hoşlanır": 2,
  "hoşnutsuz": -2,
  "hoşnutsuzluk": -2,
  "hükümdarlık": 1,
  "hükümlü": -2,
  "humourous": 2,
  "hüsran": -2,
  "huzurlu": 2,
  "huzursuz": -1,
  "huzursuzluk": -2,
  "ibne": -3,
  "ibneler": -3,
  "ibret": -2,
  "iç çekmek": -2,
  "iç karartıcı": -2,
  "içeriksiz": -2,
  "Icky": -3,
  "içten": 2,
  "içtenlikle": 2,
  "iddia": -2,
  "iddialar": -2,
  "iddialı": -2,
  "iflas": -3,
  "iflas etmiş": -2,
  "iflas etti": -3,
  "İFŞA": -1,
  "iğneleyici": -3,
  "iğrenç": -3,
  "iğrenme": -3,
  "iğrenmek": -3,
  "ihanet": -3,
  "ihlal": -2,
  "ihlal etmek": -2,
  "ihlalleri": -2,
  "ihmal": -2,
  "ihmal edilmesi": -2,
  "ihmaller": -2,
  "ihtar etmek": -2,
  "ihtilaf": -2,
  "ihtilâs": -3,
  "ihtiyatlı": -1,
  "iki yüzlü": -2,
  "ikilem": -1,
  "ikna": 1,
  "ikna etmek": 1,
  "ikna olmamış": -1,
  "ikna olmuş": 1,
  "iktidarsız": -2,
  "ileri": 1,
  "ilerleme": 2,
  "ilgi alanları": 1,
  "ilgili": 2,
  "ilginç": 2,
  "ilgisiz": -3,
  "ilgisizlik": -3,
  "ilham": 2,
  "ilham veren": 2,
  "ilham verici": 3,
  "ilham vermek": 2,
  "ilhamlı": 2,
  "Ilık, hafif sıcak": 1,
  "iltifat": 2,
  "iltihaplanmış": -2,
  "imha": -3,
  "immobilize": -1,
  "impedingly": -2,
  "imrenme": -1,
  "inanç": 1,
  "Inanılmaz": -1,
  "inanılmaz lanet": 4,
  "inanmamak": -2,
  "inatçı": -2,
  "incapacitating": -2,
  "ince": 2,
  "incelik": 2,
  "incenses": -2,
  "incensing": -2,
  "incitici": -2,
  "indirgemek": -2,
  "indirimli": -1,
  "inediable": -2,
  "infantilized": -2,
  "infesting": -2,
  "infests": -2,
  "inflicting": -2,
  "infract": -2,
  "infracted": -2,
  "infracting": -2,
  "infracts": -2,
  "infuriated": -2,
  "inilti": -2,
  "inkar": -2,
  "inkâr": -2,
  "inkarcıların": -2,
  "inledi": -2,
  "inleyen": -2,
  "inliyor": -2,
  "inşallah": 2,
  "insancıl": 2,
  "insanlık dışı": -2,
  "insanlıktan çıkmış": -2,
  "intihar": -2,
  "intiharla ilgili": -2,
  "intikam": -2,
  "intikam alır": -2,
  "intikamcı": -2,
  "intikamını almak": -2,
  "intransigency": -2,
  "iptal": -1,
  "iptal edildi": -1,
  "iptal etmek": -1,
  "ırkçı": -3,
  "ırkçılık": -3,
  "ironik": -1,
  "irrasyonel": -1,
  "ırz düşmanı": -4,
  "isa": 1,
  "işaret": 2,
  "işe yarar": 2,
  "işemek": -4,
  "isilik": -2,
  "ıskarta": -1,
  "işkence": -4,
  "işkence etmek": -4,
  "işkenceler": -4,
  "işlemek": 1,
  "işlemekle": 1,
  "işlenen": -2,
  "işportacı": -2,
  "israf": -2,
  "işsiz": -1,
  "işsizlik": -2,
  "istekli": 2,
  "isteklilik": 2,
  "isteksiz": -2,
  "istemek": 1,
  "işten": -2,
  "İstenen": 2,
  "istenmeyen": -2,
  "istenmeyen e": -2,
  "isterik": -3,
  "isteyen": 1,
  "istifa": -1,
  "istifa etmek": -1,
  "istila": -1,
  "istismar": -3,
  "isyan": -2,
  "isyana teşvik": -2,
  "isyancılar": -2,
  "itfa": 2,
  "ithaf": 2,
  "itibarlı": 2,
  "itici": -2,
  "itiraf": -1,
  "itiraf etmek": -1,
  "itiraz": -2,
  "itme": -1,
  "iyelik": -2,
  "iyi": 3,
  "iyi değil": -2,
  "iyi gelişmiş": 2,
  "iyi görünümlü": 3,
  "iyi ki": 3,
  "iyi niyet": 3,
  "iyi odaklanmış": 2,
  "İyi savunulan": 3,
  "iyileştirmek": 2,
  "iyilik": 3,
  "iyimser": 2,
  "iyimserlik": 2,
  "izdiham": -2,
  "ızdırap": -3,
  "ızdıraplar": -3,
  "izin vermek": 1,
  "izinler": 2,
  "izleri": -2,
  "kaba": -2,
  "kabartmalar": 1,
  "kabiliyet": 2,
  "kabızlık": -2,
  "kabul": 1,
  "kabul edilebilir": 1,
  "kabul edilemez": -2,
  "kabul edilmiş": 1,
  "kabul etmek": 1,
  "kaçak": -2,
  "kaçakçılık": -2,
  "kaçan": -1,
  "kaçar": -1,
  "kaçınılması": -1,
  "kaçırdı": -2,
  "kaçırılan": -2,
  "kaçırma": -2,
  "kaçırmak": -2,
  "kaçırması": -2,
  "kaçış": -1,
  "kaçmak": -2,
  "kader": -2,
  "kafa karıştırıcı": -2,
  "kafayı takmış": 2,
  "kâfir": -1,
  "kahraman": 2,
  "kahramanca": 3,
  "kahramanlar": 2,
  "Kahretsin": -4,
  "kahrolası": -4,
  "kalabalıklaşma": -1,
  "kalıntılar": -2,
  "kalite": 2,
  "kalmıyorum": 4,
  "kalp kırıcı": -3,
  "kalpsiz": -2,
  "kandırdın": -2,
  "kandırmak": -2,
  "kanlı": -3,
  "kanser": -1,
  "kaos": -2,
  "kaplamak": -2,
  "kaprisli": 1,
  "kapsamlı": 2,
  "kar": 2,
  "kâr": 2,
  "karalayıcı": -2,
  "karamsar": -1,
  "karamsarlık": -2,
  "karanlık": -1,
  "karar": -1,
  "kararınız": -2,
  "kararları": -1,
  "kararlı": 2,
  "kararmamış": 2,
  "kararmış": -2,
  "kararsız": -1,
  "karartı": -2,
  "karışık": 2,
  "karıştırıyorsun": -2,
  "karizma": 2,
  "kârlı": 2,
  "karmakarışık": -2,
  "karşı konulmaz": 2,
  "karşıladı": 1,
  "kasa": 1,
  "kaşıntılı": -2,
  "kasıtsız": -2,
  "kasvet": -1,
  "kasvetli": -2,
  "katı": 2,
  "katil": -3,
  "katılaşan": 2,
  "katılaşır": 2,
  "katılaşmış": 2,
  "katılmak": 1,
  "katılmıyorum": -2,
  "kavga": -1,
  "kavgalı": -2,
  "kavrama": 2,
  "kaybeder": -3,
  "kaybetme": -3,
  "kayboldu": -1,
  "kaybolmak": -1,
  "kaybolur": -1,
  "kaydedilmiş": 2,
  "kaygan": 2,
  "kaygı": -2,
  "kaygısız": 1,
  "kayıp": -3,
  "kayırılan": 2,
  "kayıt etmek": 2,
  "kayıtsız": -2,
  "kayıtsızlık": -2,
  "kayma": -1,
  "kaza": -2,
  "kazalar": -2,
  "kazanan": 4,
  "kazanç": 2,
  "kazançlar": 2,
  "kazançlı": 3,
  "kazanılmış": 1,
  "kazanma": 2,
  "kazanmak": 4,
  "kazanmış": 2,
  "kazara": -2,
  "keder": -2,
  "kederlendirmek": -2,
  "kederli": -3,
  "Kendi kendine deluded": -2,
  "kendinden geçme": 2,
  "kendinden geçmiş": 4,
  "kendine güvenen": 2,
  "kendini aşağılama": -2,
  "kendini beğenmiş": -2,
  "kendisiyle çatışan": -2,
  "kepaze": -3,
  "kepçe": 3,
  "keser": -1,
  "keşif": 1,
  "keşifler": 1,
  "kesilmiş": -2,
  "kesim": -1,
  "kesin": 1,
  "kesinti": -2,
  "kesintileri": -2,
  "kesintisiz": 2,
  "kesintiye": -2,
  "keskin": 1,
  "kesmek": -2,
  "kesmeler": -2,
  "keyfini çıkarın": 2,
  "keyifli": 3,
  "keyifsiz": -2,
  "kibar": 2,
  "kibirli": -2,
  "kilolu": -1,
  "kin": -3,
  "kınadı": -2,
  "kınama": -2,
  "kınamak": -2,
  "kınayan": -3,
  "kinci kimse": -3,
  "kindar": -2,
  "kinik": -2,
  "kinizm": -2,
  "kinler": -3,
  "kıpır kıpır": -2,
  "kir": -2,
  "kır faresi": -4,
  "kırdı": -1,
  "kırgın": -2,
  "kırık": -1,
  "kırılmak": -2,
  "kirlenmiş": -2,
  "kirletici": -2,
  "kirletici madde": -2,
  "kirleticiler": -2,
  "kirleticilerin": -2,
  "kirletir": -2,
  "kirletmek": -2,
  "kirli": -2,
  "kirlilik": -2,
  "kirlilikler": -2,
  "kısa görüşlülük": -2,
  "kısık": -2,
  "kısıntılar": -2,
  "kısıtlama": -2,
  "kısıtlamak": -2,
  "kısıtlar": -2,
  "kısıtlayan": -2,
  "kısıtlayıcı": -1,
  "kısıtlı": -2,
  "kıskanarak": -1,
  "kıskanç": -2,
  "kıskançlık": -2,
  "kışkırtıcı": -2,
  "kışkırtır": -1,
  "kışkırtmak": -1,
  "kısmet": -3,
  "kıtlık": -2,
  "kıvılcım": 1,
  "kıvranmak": -3,
  "kıyamet": -2,
  "kızdırdı": -2,
  "kızdırıyor": -2,
  "kızdırmak": -2,
  "kızgın": -3,
  "klişe": -2,
  "klişeleşmiş": -2,
  "Kocaman": 1,
  "köklü": 2,
  "kokmuş": -2,
  "kokuyor": -2,
  "kolay": 1,
  "kolaylaştırmak": 2,
  "köle": -3,
  "köleler": -3,
  "köleleştiren": -2,
  "kölelik": -3,
  "kolza": -4,
  "komedi": 1,
  "komik": 1,
  "komisyon": -3,
  "komisyonlar": -3,
  "komplike": -2,
  "komplo": -3,
  "konfor": 2,
  "konular": 1,
  "kopuk": -2,
  "köpüklü": 3,
  "kör": -1,
  "korkak": -2,
  "korkakça": -2,
  "korkan": -2,
  "korkmuş": -3,
  "korku": -2,
  "korku ile": -2,
  "korkunç": -2,
  "korkusuz": 2,
  "korkusuzluk": 2,
  "korkutma": -2,
  "korkutmak": -2,
  "korkutucu": -3,
  "korumak": 2,
  "korumalı": 1,
  "korur": 1,
  "köşeli": -2,
  "kötü": -2,
  "kötü davranış": -2,
  "kötü davranma": -2,
  "kötülemek": -2,
  "kötüleşen": -2,
  "kötüleşir": -3,
  "kötüleşti": -3,
  "kötüleştirebilir": -3,
  "kötüleyen": -2,
  "kötüleyici": -2,
  "kötülük": -3,
  "kötümser": -2,
  "kötüye": -2,
  "kovma": -2,
  "kovmak": -1,
  "kovuşturma": -1,
  "kramp": -1,
  "kriz": -3,
  "kucaklamak": 1,
  "küçümseme": -2,
  "küçümsemek": -2,
  "küçümseyen": -2,
  "küfrettiği": -2,
  "küfür": -2,
  "küfürlü": -3,
  "kulis": -2,
  "kullanım dışı": -1,
  "kullanışlılık": 2,
  "kur yapmak": 3,
  "kurban": -3,
  "kurban etmek": -3,
  "kurbanlar": -3,
  "kurnaz": 2,
  "kurtarıldı": 2,
  "kurtarır": 2,
  "kurtarma": -2,
  "kurtuluş": 2,
  "kuşku": -2,
  "kuşkucu": -2,
  "kuşkulu": -2,
  "küskün": -2,
  "kusma": -3,
  "kusmak": -3,
  "kustu": -3,
  "kusur": -2,
  "kusurlar": -3,
  "kusurları": -2,
  "kusurlu": -2,
  "kusursuz": 2,
  "kusursuzca": 3,
  "kusuyor": -3,
  "kutladı": 3,
  "kutlama": 2,
  "kutlamak": 3,
  "kutlamalar": 3,
  "kutluyor": 3,
  "kutsamak": 2,
  "kutsar": 2,
  "kutsayan": 3,
  "kuvvet": 2,
  "lanet": -4,
  "lanet aşk": 4,
  "lanet aşklar": 4,
  "lanet iyi": 4,
  "lanet mükemmel": 4,
  "lanet olası": -3,
  "lanet olsun": -4,
  "Lanet olsun": -2,
  "lanetli": -4,
  "lanse": -2,
  "lapsed": -1,
  "laughting": 1,
  "lawl": 3,
  "layık": 3,
  "lekesiz": 2,
  "letarji": -2,
  "lezzetli": 3,
  "liderlik": 1,
  "likers": 2,
  "lmao": 4,
  "lmfao": 4,
  "lobi": -2,
  "lobici": -2,
  "lobiciler": -2,
  "lobicilik": -2,
  "lol": 3,
  "lolol": 4,
  "lololol": 4,
  "lolololol": 4,
  "lool": 3,
  "loool": 3,
  "looool": 3,
  "lovelies": 3,
  "lüks": 2,
  "Lütfen": 1,
  "lütuf": 1,
  "macera": 2,
  "maceralar": 2,
  "maceraperest": 2,
  "madalya": 3,
  "madde": 1,
  "mağdur": -3,
  "mağduriyet": -3,
  "mağdurlaştırıcı": -3,
  "mağlup": -2,
  "mahçup": -2,
  "mahkeme çağrısı": -2,
  "mahkumlar": -2,
  "mahvetmek": -2,
  "mahzun": -2,
  "maksatlı": 2,
  "manipulasyon": -1,
  "manipüle": -1,
  "mantıksız": -2,
  "marifet gösterisi": 3,
  "maruz": -1,
  "maruz bırakmak": -1,
  "maskeler": -1,
  "matem": -2,
  "mazlum": -2,
  "mecbur": 1,
  "meclis soruşturması": -3,
  "melankoli": -2,
  "memeler": -2,
  "memnun": 2,
  "memnun olmak": 3,
  "memnuniyetle": 2,
  "memoriam": -2,
  "meraklı": -2,
  "Meraklı": 1,
  "meraklıları": 2,
  "merhamet": 2,
  "merhametli": 2,
  "meslek kurallarına aykırı": -2,
  "mest etmek": 3,
  "mest olma": 2,
  "meydan okuma": -1,
  "meydan okuyan": -1,
  "mezar": -2,
  "minnettar": 3,
  "mirthfully": 3,
  "misbehaved": -2,
  "misbehaves": -2,
  "misbranding": -3,
  "mischiefs": -1,
  "misconducted": -2,
  "misconducting": -2,
  "misinformed": -2,
  "misleaded": -3,
  "misplace": -2,
  "misplaces": -2,
  "misplacing": -2,
  "misreport": -2,
  "misreported": -2,
  "misreports": -2,
  "mizah": 2,
  "mocks": -2,
  "modernizasyonu": 2,
  "modernize": 2,
  "modernleştirmek": 2,
  "monoton": -1,
  "moping": -1,
  "morali bozuk": -2,
  "moralini bozmak": -2,
  "moron": -3,
  "mosmor": -2,
  "motivasyon": 1,
  "motive": 2,
  "motive etmek": 1,
  "muaf": -1,
  "mücadele": -1,
  "mücadeleler": -2,
  "mücevher": 1,
  "mücevherler": 1,
  "mucize": 3,
  "muhafaza": -1,
  "muhakeme": 2,
  "muhalif": -2,
  "muhtaç": -2,
  "muhteşem": 5,
  "mükemmel": 3,
  "mükemmelleştirilmiş": 2,
  "mükemmellik": 3,
  "Müktesebatının": 2,
  "mumpish": -2,
  "musallat": -2,
  "müstehcen": -2,
  "müstehcenlik": -2,
  "müteşekkir": 2,
  "mütevazi": 1,
  "müthiş": 4,
  "mutlu": 3,
  "mutluluk": 3,
  "mutsuz": -2,
  "mutsuzluk": -2,
  "müttefik": 2,
  "muzaffer": 4,
  "n00b": -2,
  "nahoş": -2,
  "naif": -2,
  "nankör": -3,
  "narsizm": -2,
  "nazik": 2,
  "ne yazık ki": -2,
  "nedensiz": -2,
  "nefes kesen": 5,
  "nefis": 3,
  "nefret": -3,
  "nefret edilen": -3,
  "negatif": -2,
  "neşe": 3,
  "neşelendirmeye": 2,
  "neşeli": 1,
  "neşesiz": -2,
  "neşeyle": 2,
  "neyse ki": 2,
  "nezaket": 2,
  "nimet": 3,
  "nimetler": 3,
  "nitelikleri": 2,
  "numara yapıyor": -3,
  "numaracı": -3,
  "o ne lan": -4,
  "oblitere": -2,
  "odaklanmamış": -2,
  "odaklı": 2,
  "ödeme": -1,
  "ödenmemiş": 5,
  "ödül": 3,
  "ödüllendirilir": 2,
  "ödülleri": 2,
  "öf": -2,
  "ofansif": -2,
  "öfke": -2,
  "öfkelendiren": -2,
  "öfkelendirir": -2,
  "öfkeler": -3,
  "öfkeli": -2,
  "öfori": 3,
  "öforik": 4,
  "oks": 2,
  "olanlar": -2,
  "olası olmayan": -1,
  "olasılık": 1,
  "olaysız": -2,
  "öldürdü": -3,
  "öldürme": -3,
  "öldürmek": -3,
  "öldürücü": -2,
  "öldürücülüğü": -2,
  "öldürür": -3,
  "ölen": -3,
  "olgun": 2,
  "Olmayan onaylı": -2,
  "ölmek": -3,
  "ölü": -3,
  "ölüm": -2,
  "ölümcül": -3,
  "ölüme mahkum": -2,
  "ölümler": -2,
  "ölümlerin": -3,
  "olumlu": 2,
  "olumsuz": -2,
  "ölümsüz": 2,
  "Olumsuzluk": -2,
  "ön taraf": 1,
  "onarılamaz": -2,
  "onay": 2,
  "onayladı": 2,
  "Onayladı": 2,
  "onaylamak": 1,
  "onaylamama": -2,
  "onaylamamak": -2,
  "onaylamaması": -2,
  "onaylamayan": -2,
  "onaylanan": 2,
  "onaylanmadı": -2,
  "onaylanmamış": -2,
  "onaylanmış": 2,
  "onaylı": 2,
  "öncü": 2,
  "önem": 2,
  "önemli": 2,
  "önemseme": 2,
  "önemsiz": -2,
  "önerir": 2,
  "önlemek": -1,
  "önlenen": -1,
  "önlenmesi": -1,
  "önlenmiş": -1,
  "önler": -1,
  "Onur": 2,
  "onurlandıran": 2,
  "önyargı": -1,
  "önyargılı": -2,
  "optionless": -2,
  "öpücük": 2,
  "oransız": -2,
  "orijinal olmayan": -2,
  "orospu": -5,
  "orospu çocuğu": -5,
  "Orospu çocuğu": -5,
  "orospular": -5,
  "Örtmek": -3,
  "outmaneuvered": -2,
  "övdü": 3,
  "overreaction": -2,
  "overreacts": -2,
  "oversell": -2,
  "overselling": -2,
  "oversells": -2,
  "oversimplified": -2,
  "oversimplifies": -2,
  "overstatements": -2,
  "övgü": 3,
  "övgüyle": 2,
  "övme": 3,
  "övmek": 2,
  "övünen": -2,
  "oyalama": -2,
  "oyalayıcı": -1,
  "oynak": 2,
  "oyuk": -1,
  "Oyuncu": -1,
  "oyunun kurallarını değiştiren": 3,
  "özel": 2,
  "özgecil": 2,
  "özgürlük": 2,
  "özgürlükler": 2,
  "özlem": -1,
  "özlü": -1,
  "özür": -1,
  "özür diledi": -1,
  "özür dileme": -1,
  "özür dilemek": -1,
  "özür diler": -1,
  "özveri": 2,
  "özverili": 2,
  "pahalı": -2,
  "pahalıya": 3,
  "palavracı": -3,
  "panik": -3,
  "panik yaratan": -2,
  "panikler": -3,
  "para çekme": -3,
  "para cezaları": -2,
  "paradoks": -1,
  "paragöz": -2,
  "paramparça": -2,
  "Pardon": 2,
  "parıldıyor": 3,
  "parlak": 2,
  "parlaklık": 3,
  "pasif": -1,
  "patlatır": -2,
  "pay": 1,
  "paylaşılan": 1,
  "pazarlık": 2,
  "penis": -4,
  "perçinleme": 3,
  "perfects": 2,
  "performanslıysa": -2,
  "perili": -2,
  "pervasız": -2,
  "Pezevenk": -4,
  "Piç": -5,
  "piçler": -5,
  "pike": -2,
  "pırıltı": 3,
  "pis": -2,
  "pis koku": -2,
  "pis kokulu": -2,
  "pislik": -2,
  "Pislik": -4,
  "pislikler": -5,
  "pişman": -2,
  "pişmanlık": -2,
  "pişmanlıklar": -2,
  "pissing": -3,
  "popüler": 3,
  "popülerlik": 3,
  "posttravmatik": -2,
  "pozitif": 2,
  "pozitif olarak": 2,
  "prblm": -2,
  "prblms": -2,
  "proaktif": 2,
  "propaganda": -2,
  "protesto": -2,
  "protesto eden": -2,
  "protestocular": -2,
  "protestolar": -2,
  "provoke": -1,
  "pseudoscience": -3,
  "psikopat": -2,
  "püskürtüldü": -2,
  "pusuda": -1,
  "rabıta": 2,
  "rafine": 1,
  "rageful": -2,
  "rahat": 2,
  "rahatça": 2,
  "rahatladım": 2,
  "rahatlamış": 2,
  "rahatlatıcı": 2,
  "rahatlatma": 2,
  "rahatlatmak": 1,
  "rahatsız": -2,
  "rahatsız edici": -3,
  "rahatsız ediyor": -2,
  "rahatsız etmek": -2,
  "rahatsızlık": -2,
  "ranters": -3,
  "rants": -3,
  "raydan": -2,
  "raydan çıkarmak": -2,
  "raydan çıktı": -2,
  "razı olmak": 2,
  "reddeden": -2,
  "reddeder": -1,
  "reddedildi": -1,
  "reddediyor": -2,
  "reddetme": -1,
  "reddetmek": -2,
  "reddetti": -2,
  "refah": 3,
  "rekabetçi": 2,
  "relishing": 2,
  "reprimands": -2,
  "resmedilmeye değer": 2,
  "restore": 1,
  "ret": -2,
  "retleri": -2,
  "rezalet": -2,
  "rezil": -3,
  "risk": -2,
  "riskler": -2,
  "riskli": -2,
  "riyakârlık": -2,
  "robing": -2,
  "Robs": -2,
  "rofl": 4,
  "roflcopter": 4,
  "roflmao": 4,
  "romantical": 2,
  "romantik olarak": 2,
  "romantizm": 2,
  "rotfl": 4,
  "rotflmfao": 4,
  "rotflol": 4,
  "ruh": 1,
  "ruhsuz": -2,
  "rüşvet": -3,
  "rüşvetçi": -3,
  "rüya": 1,
  "rüyalar": 1,
  "sabırsız": -2,
  "sabitler": 2,
  "sabotaj": -2,
  "saçmalık": -2,
  "sadık": 3,
  "saf": -2,
  "saflık": -2,
  "sağduyu": 2,
  "sağır eden": -1,
  "sağlam": 2,
  "sağlamak": 1,
  "sağlamlaştırmak": 2,
  "sağlanması": 1,
  "sağlıklı": 2,
  "sağlıksız": -2,
  "sahipsiz": -2,
  "sahte": -2,
  "sahte olarak": -2,
  "sahtekâr": -2,
  "sahtekârlık": -4,
  "şaka": -2,
  "şakacı": 2,
  "sakatlık": -2,
  "Sakatlıklar": -2,
  "sakin": 2,
  "sakıncalı": -2,
  "sakinleştirdi": 2,
  "sakinleştirilemez": -2,
  "sakinleştirir": 2,
  "sakladı": -1,
  "salak": -3,
  "saldırgan": -2,
  "saldırganlık": -2,
  "saldırganlıklar": -2,
  "saldırı": -2,
  "saldırılar": -2,
  "saldırıya": -1,
  "saldırma": -1,
  "salgın": -2,
  "salgınlar": -2,
  "şamata": -3,
  "samimi": 2,
  "samimiyet": 2,
  "şampiyon": 2,
  "şampiyonlar": 2,
  "şan": 2,
  "sanık": -2,
  "şanlı": 2,
  "şans": 2,
  "şansı": 2,
  "şanslı": 2,
  "şanssızlık": -2,
  "sansür": -2,
  "sansürcü": -2,
  "sansürlü": -2,
  "şantaj": -3,
  "sapık": -3,
  "sapma": -1,
  "saptananları": -2,
  "saptıran": -2,
  "saptırıcı": -3,
  "saran": -3,
  "sarhoş": -2,
  "sarılmak": 2,
  "sarılmalar": 2,
  "sarstım": -1,
  "şaşırmış": -2,
  "şaşırtıcı": 4,
  "şaşırtıyor": 2,
  "şaşırtmak": 3,
  "şaşkın": -1,
  "Şaşkın": -2,
  "şaşkına": 3,
  "sataşmak": -2,
  "satılmamış": -1,
  "satın alınabilir": 2,
  "savange": -2,
  "savanges": -2,
  "savaş": -1,
  "savaşlar": -1,
  "savunmasız": -2,
  "savunucu": 2,
  "savunucuları": 2,
  "savunulan": 2,
  "savurdu": -2,
  "saygı": 2,
  "saygılar": 2,
  "saygın": 2,
  "saygısızlık": -2,
  "sayıca": -2,
  "Sayın": 2,
  "seçici": -2,
  "seçkin": 2,
  "sefalet": -2,
  "sefil": -3,
  "şekil bozukluğu": -2,
  "seksi": 3,
  "sekteye": -2,
  "selam": 2,
  "selamladı": 2,
  "selamlama": 1,
  "selamlamak": 1,
  "selamlar": 2,
  "sempati": 2,
  "sempatik": 2,
  "şen": 3,
  "şen şakrak": 2,
  "şenlik": 2,
  "şeref": 3,
  "şerefe": 2,
  "şerefli": 2,
  "sersem": -2,
  "serseri": -2,
  "serserilik": -2,
  "sert": -2,
  "servet": 2,
  "sevecen": 3,
  "seven": 2,
  "sevgi": 2,
  "sevgi dolu": 3,
  "sevgili": 3,
  "sevilen": 2,
  "sevilmemiş": -2,
  "sevimli": 3,
  "sevimli lanet": 4,
  "sevimsiz": -2,
  "sevinç": 3,
  "sevinçle": 3,
  "sevinçli": 3,
  "sevindirdi": 3,
  "sevindirici": 3,
  "sevinir": 4,
  "sevinmek": 4,
  "seviyor": 2,
  "sevme": 2,
  "sevmediği": -2,
  "Sevmediği": -2,
  "sevmek": 2,
  "sevmiyorum": -2,
  "sexistic": -2,
  "shoody": -2,
  "sıcak lanet": 2,
  "sıcaklık": 2,
  "şiddet": -3,
  "şiddetilgili": -3,
  "şiddetle": -3,
  "şiddetlenir": -2,
  "şiddetli": -2,
  "şık": 3,
  "şikayet": -2,
  "şikâyet": -2,
  "şikayetler": -2,
  "sıkıcı": -3,
  "sıkıntı": -2,
  "sıkıntılar": -2,
  "sıkıntıların": -2,
  "sıkıntılı": -2,
  "sıkıntısı": -2,
  "sıkışmış": -2,
  "sikkafa": -4,
  "şımarık": -2,
  "simir": -2,
  "singleminded": -2,
  "Sınıflandırılmamış": -2,
  "sinir bozucu": -2,
  "sınır dışı": -2,
  "sinir krizi": -3,
  "sınırdışı": -2,
  "sınırlama": -1,
  "sınırları": -1,
  "sinirlenmiş": -2,
  "sinirler": -1,
  "sinirleri bozuk": -3,
  "sinirli": -2,
  "sınırlı": -1,
  "sinirli olarak": -2,
  "sinsi": -1,
  "sıradanlık": -3,
  "şırınga": -3,
  "şişmiş": -1,
  "sistemli": 2,
  "sızdırılmış": -1,
  "sızıntı": -1,
  "skandal": -3,
  "skandallar": -3,
  "slickest": 2,
  "snubbed": -2,
  "snubbing": -2,
  "Snubs": -2,
  "sofistike": 2,
  "soğuk": -1,
  "şöhret": 1,
  "şok": -2,
  "şok edici": -2,
  "şoklar": -2,
  "sömürme": -2,
  "sömürmek": -2,
  "somurtkan": -2,
  "somurtma": -2,
  "sömürülen": -2,
  "son derece": -3,
  "sonuçsuz": -2,
  "sorguladı": -1,
  "sorgulama": -1,
  "sorguya": -2,
  "sorumluluk": 1,
  "sorumluluk sahibi": 2,
  "sorumluluktan kurtarıcı": 2,
  "sorumsuz": -2,
  "sorumsuzca": -2,
  "sorun": -2,
  "sorunlar": -2,
  "sorunsuz": 2,
  "sosyal yardım": 2,
  "soyguncu": -2,
  "soylu": 2,
  "soymak": -2,
  "söz vermek": 1,
  "sözler": 1,
  "sözleri ters anlam kullanarak kuvvetlendirme": -1,
  "sözünü": -2,
  "spam": -3,
  "spekülatif": -2,
  "squelched": -1,
  "stabs": -2,
  "stank": -2,
  "starved": -2,
  "stifled": -1,
  "stinked": -2,
  "stres": -1,
  "streslerinin": -2,
  "stresli": -2,
  "suç": -2,
  "suçladı": -2,
  "suçlama": -2,
  "suçlamak": -2,
  "suçlamalar": -2,
  "suçlanan": -2,
  "suçlar": -2,
  "suçları": -3,
  "suçlayan": -2,
  "suçlu": -3,
  "suçlular": -3,
  "suçluyor": -2,
  "sueing": -2,
  "sues": -2,
  "suikast": -3,
  "suikastlar": -3,
  "şükürler olsun": 3,
  "sundu": -2,
  "Süper": 3,
  "şüphe": -1,
  "şüpheci": -2,
  "şüpheciler": -2,
  "şüphecilik": -2,
  "şüphelenen": -1,
  "şüpheler": -1,
  "şüpheli": -2,
  "şüpheliler": -1,
  "suratsız": -2,
  "sürdürülebilir": 2,
  "Sürdürülebilirlik": 1,
  "sürgün etmek": -2,
  "sürgünler": -2,
  "sürtük": -5,
  "sürüklemek": -1,
  "sürüklenen": -1,
  "sürükler": -1,
  "susturma": -1,
  "swindles": -3,
  "taahhüt": 1,
  "tabanca": -1,
  "taciz": -3,
  "taciz etmek": -3,
  "tahliye": -1,
  "tahliye etmek": -1,
  "tahribat": -2,
  "tahrif etmek": -3,
  "tahrip": -3,
  "takdir": 2,
  "takdir eden": 2,
  "takdir etmek": 2,
  "taklit": -1,
  "taklitçi": -2,
  "talep": -1,
  "talep etmek": -2,
  "talepleri": -1,
  "Talihsizlik": -2,
  "tanıma": 2,
  "tapınılan": 3,
  "tapınmak": 3,
  "tapıyor": 3,
  "tarafsız": 2,
  "tard": -2,
  "tarnishes": -2,
  "tartışılabilir": -2,
  "tartışma": -2,
  "tartışmalar": -2,
  "tartışmalı": -2,
  "taş": 3,
  "tasarruf": 1,
  "taşlaşmış": -2,
  "tatlı": 3,
  "tatminsiz": -2,
  "tatsız": -2,
  "tatsızlık": -2,
  "Tavsiye edilen": 2,
  "tavsiye etmek": 2,
  "taze": 1,
  "tazminat": -3,
  "tebrik ederiz": 2,
  "tebrik etmek": 2,
  "tebrikler": 2,
  "tecavüz": -4,
  "teçhizat": -1,
  "tedirgin": -3,
  "tehdit": -2,
  "tehdit etmek": -2,
  "tehditler": -2,
  "tehditlerinden": -2,
  "tehlike": -2,
  "Tehlike": -2,
  "tehlikeli": -3,
  "tekel": -2,
  "tekeline": -2,
  "tekeline almak": -2,
  "tekleme": -2,
  "telkin": -2,
  "telkinini": -2,
  "tembel": -1,
  "temiz": 2,
  "temizlenir": 1,
  "temizler": 1,
  "Temizler": 1,
  "temizleyici": 2,
  "ten": -2,
  "tereddüt": -2,
  "terfi": 1,
  "terk": -2,
  "terkedilmiş": -2,
  "terketmek": -2,
  "terör": -3,
  "terörist": -2,
  "teröristler": -2,
  "terörize": -3,
  "tesadüfi": -2,
  "teşekkür": 2,
  "Teşekkürler": 2,
  "teselli": 2,
  "teşvik": 2,
  "teşvik edici": 2,
  "teşvik etmek": 2,
  "tezahürat": 2,
  "tezgâh": -1,
  "tezyif": -2,
  "tıkaç": -2,
  "tıkalı": -1,
  "tıkar": -2,
  "tiksinmek": -3,
  "tiksinmektedir": -3,
  "titiz": 3,
  "titizlikle": 3,
  "titrek": -1,
  "titreme": -2,
  "Titreme": -2,
  "toksik": -3,
  "top çalma": -2,
  "topal": -2,
  "toprak kayması": -1,
  "totaliter": -2,
  "totaliterlik": -2,
  "touting": -2,
  "trajedi": -2,
  "trajediler": -2,
  "trajik": -2,
  "transgrasyonal": -2,
  "transgresiyon": -2,
  "transgresses": -2,
  "travma": -3,
  "travmatik": -3,
  "trol": -2,
  "tröstler": 1,
  "tüccarlığı": -2,
  "tuhaf": -2,
  "tükenmiş": -2,
  "tümör": -2,
  "tür": 2,
  "turistik yerler": 2,
  "tutarsız": -2,
  "tutku": 1,
  "tutkulu": 2,
  "tutmak": 1,
  "tütsü": -2,
  "tutuklama": -2,
  "tutuklamak": -2,
  "tutuklamalar": -2,
  "tutuklandı": -3,
  "tutuklu": -2,
  "tüyler ürpertici": -2,
  "tuzak": -1,
  "tuzakları": -1,
  "tyran": -3,
  "Tyrans": -3,
  "uçak bombası": 3,
  "ücretleri": -2,
  "ücretsiz": 1,
  "uğrak": -1,
  "uğrar": -2,
  "uğraşmak": -1,
  "uğratan": -2,
  "uğursuz": 3,
  "uğursuzluk": -2,
  "ulaşan": 1,
  "ulaşılabilir": 1,
  "ulaşır": 1,
  "ulaşmak": 1,
  "ulaştı": 1,
  "umma": 1,
  "umursamaz": -2,
  "umut": 2,
  "umutlar": 2,
  "umutlu": 2,
  "umutsuz": -3,
  "Umutsuz": -2,
  "umutsuzca": -3,
  "umutsuzluk": -3,
  "umutsuzluklar": -3,
  "underperformed": -2,
  "unfitted": -2,
  "unfunny": -2,
  "uninvolving": -2,
  "ünlü": 3,
  "unreleting": -2,
  "unresearched": -2,
  "unutkan": -2,
  "unutmak": -1,
  "unuttum": -1,
  "unutulabilir": -1,
  "unutulmayan": 2,
  "unutulmaz": 1,
  "unutulmuş": -1,
  "ürkek": -1,
  "ürkütücü": -2,
  "ürküyor": -2,
  "üst": 2,
  "usta": 2,
  "ustalıkla": 2,
  "üstleri": 2,
  "üstün": 2,
  "utanç": -2,
  "utanç verici": -2,
  "utandırıcı": -2,
  "utandırıyor": -2,
  "utandırmak": -2,
  "utangaç": -1,
  "utanma": -2,
  "utanmış": -2,
  "uyandıran": -1,
  "uyanık": 3,
  "uyardı": -2,
  "uyarı": -3,
  "uyarıcı": 2,
  "uyarılar": -3,
  "uyarılmış": 1,
  "uyarır": 1,
  "uyarmak": 1,
  "uygun": 2,
  "uygun olarak": 2,
  "uygunluk": 1,
  "uygunsuz": -2,
  "uykusuzluk": -2,
  "uyum": 2,
  "uyumlu": 2,
  "uyumsuzluk sorunu": -2,
  "uyuşmazlık": -2,
  "uyuşmuş": -1,
  "uyuşuk": -2,
  "uzaklaştırır": -1,
  "uzanır": 1,
  "uzatmak": 1,
  "üzgün": -2,
  "üzgünüm": -1,
  "üzmek": -1,
  "üzücü": -2,
  "üzüldü": -2,
  "üzüntü": -2,
  "üzüntülü": -2,
  "vahşet": -3,
  "vahşice": -3,
  "valide": 1,
  "varlık": 2,
  "varlıklar": 2,
  "vatan hainliği": -3,
  "Vatan hasreti çeken": -2,
  "vay": 4,
  "vay vay": 4,
  "veba": -3,
  "vefat etti": -3,
  "verilen": 1,
  "verimsiz": -2,
  "verimsizlik": -2,
  "verme": 1,
  "vermek": -2,
  "vicdan azabı": -2,
  "vindicates": 2,
  "vitamin": 1,
  "vizyon": 1,
  "vizyonlar": 1,
  "vurdu": -1,
  "vurgulamak": 2,
  "vurguncu": -2,
  "vurulma": 2,
  "vuruş": -1,
  "wanker": -3,
  "winwin": 3,
  "wits": 2,
  "won": 3,
  "woohoo": 3,
  "wooo": 4,
  "wowow": 4,
  "wowww": 4,
  "wtff": -4,
  "wtfff": -4,
  "xo": 3,
  "xoxo": 3,
  "xoxoxo": 4,
  "xoxoxoxo": 4,
  "yabancılaştırma": -2,
  "yağma": -2,
  "yağmurlu": -1,
  "yağmurluk": 2,
  "yakalanmış": -2,
  "yakınını kaybetmiş": -2,
  "yakışıklı": 3,
  "yakışır": 2,
  "yakışmak": 2,
  "Yalan": -2,
  "yalan beyanda": -2,
  "yalan yere yemin": -3,
  "yalancı": -3,
  "yalancılar": -3,
  "yalanladı": -2,
  "yalıtılmış": -1,
  "yalnız": -2,
  "yan etki": -2,
  "yan etkiler": -2,
  "yanıltıcı": -3,
  "Yanıltmalar": -2,
  "yankı": -2,
  "yanlış": -2,
  "yanlış anlama": -2,
  "yanlış anlamak": -2,
  "yanlış anlamaktadır": -2,
  "yanlış beyanlar": -2,
  "yanlış bilgi": -2,
  "yanlış fiyatlandırmadır": -3,
  "yanlış kullanılan": -2,
  "yanlış kullanım": -2,
  "yanlış kullanımlar": -2,
  "yanlış rol dağıtımı yapmak": -2,
  "yanlış sınıflandırır": -2,
  "yanlış sınıflandırmaktadır": -2,
  "yanlış tanıtma": -2,
  "yanlış tanıtmak": -2,
  "yanlış temsil edilen": -2,
  "yanlış yorumlamak": -1,
  "yanlışlarını": -2,
  "yanlışlıkla": -2,
  "yapılan": -1,
  "yara izi": -2,
  "yaralama": -2,
  "yaralanmaz": 2,
  "yaralı": -2,
  "yaramaz": -2,
  "yaramazlık": -1,
  "yaramazlık etmek": -2,
  "yarar": 2,
  "yararlanan": 2,
  "yararlandılar": 2,
  "yararsız": -2,
  "yararsızlık": -2,
  "yaratıcı": 2,
  "yaratıcı olmayan": -2,
  "yardım eder": 2,
  "yardım ediyor": 2,
  "yardım et": 2,
  "yardımlar": 1,
  "yarım yamalak": -2,
  "yarışma": -1,
  "yarışmacı": -1,
  "yas": -2,
  "yaşa": 5,
  "yasadışı": -3,
  "yasak": -2,
  "yasaklamak": -1,
  "yasaklar": -1,
  "yasaklı": -2,
  "yasal": 1,
  "yasta": -2,
  "yatıştırdı": 3,
  "yatıştırıcı": 3,
  "yatıştırıcı madde": -2,
  "yatıştırmak": 3,
  "yavan": -2,
  "yazık": -2,
  "yeees": 2,
  "yemin ediyor": -2,
  "yemin etmek": -2,
  "yeni": 2,
  "yenilemektedir": 2,
  "yenilgi": -2,
  "yenilik": 1,
  "yenilik yapmak": 1,
  "yenilikçi": 2,
  "yeniliklerin": 1,
  "yenilmez": 2,
  "yerindeymiş gibi": -1,
  "yerine": 2,
  "yerine getirilmemiş": -2,
  "yerine getirme": 2,
  "yerine getirmek": 2,
  "yerine getirmektedir": 2,
  "yerlebir edilmiş": -3,
  "yerleşim": 1,
  "yerleşme": 1,
  "yersiz": -2,
  "yeşil yıkama": -3,
  "yetenek": 2,
  "yetenekleri": 2,
  "yetenekli": 1,
  "yeterli": 1,
  "yetersiz": -2,
  "yetersizlik": -2,
  "yetki": 1,
  "yetkili": 2,
  "yetkinlikleri": 1,
  "yetmezlik": -2,
  "yiğitlik": 3,
  "yığmak": -1,
  "yıkıcı": -3,
  "yıkmak": -3,
  "yıpranmış": -1,
  "yırtıcı": -2,
  "yırtık": -2,
  "yırtmaç": -2,
  "yoğun": 1,
  "yok eder": -3,
  "yok edilemez": 2,
  "yok hayır": -1,
  "yok sayar": -1,
  "yoketmek": -2,
  "yoklukları": -1,
  "yoksul": -2,
  "yoksulluk": -1,
  "yoksun bırakmak": -2,
  "yoksunluk": -3,
  "yolsuzluklar": -3,
  "yöne çevirmek": -2,
  "yöntemli": 2,
  "yorgun": -2,
  "yorgunluk": -2,
  "yorucu": -2,
  "yozlaşmış": -3,
  "yüce": 4,
  "yucky": -2,
  "yük": -2,
  "yüklemek": -1,
  "yüklemektedir": -1,
  "yükler": -2,
  "yüklü": -3,
  "yükselir": 1,
  "yürekten": 3,
  "zafer": 4,
  "zaferler": 3,
  "zahmet": -2,
  "zahmetli": -1,
  "Zahmetli": -2,
  "zahmetsizce": 2,
  "zalim": -3,
  "zarar": -2,
  "zarar verici": -3,
  "zararları": -2,
  "zararlı": -2,
  "zarif": 3,
  "zayıf": -2,
  "zayıflamış": -2,
  "zayıflık": -2,
  "zayıflıklar": -2,
  "zehir": -2,
  "zehirlenmiş": -2,
  "zehirler": -2,
  "zeki": 2,
  "zenci": -5,
  "zenciler": -5,
  "zengin": 2,
  "zengince": 2,
  "zevk": 3,
  "Zevk": 3,
  "zevkli": 3,
  "zor": -1,
  "zoraki": -2,
  "zorba": -2,
  "zorbaca": -3,
  "zorbalık": -2,
  "zorla": -2,
  "zorlama": -2,
  "zorunlu": -1,
  "Zulmediyor": -2,
  "zulmetmeye": -2,
  "zulüm": -2
}