{
  "avya": -2,
  "husu": 2,
  "kenga": -2,
  "stusha": 3,
  "abandons": -2,
  "abhors": -3,
  "aborted": -1,
  "aborts": -1,
  "absentee": -1,
  "absolve": 2,
  "absolved": 2,
  "absolves": 2,
  "absolving": 2,
  "acclaim": 2,
  "acclaimed": 2,
  "accolade": 2,
  "accomplishes": 2,
  "accomplishment": 2,
  "accusing": -2,
  "acquit": 2,
  "acrimonious": -3,
  "adabu": -2,
  "adhabu": -2,
  "admire": 3,
  "admired": 3,
  "admiring": 3,
  "adorable": 3,
  "adored": 3,
  "adores": 3,
  "adoring": 3,
  "adoringly": 3,
  "adui": -3,
  "adui wa mawazo": -3,
  "advantageously": 2,
  "adventure": 2,
  "adventures": 2,
  "adventurous": 2,
  "afa": -2,
  "affectionate": 3,
  "affectionateness": 3,
  "affronted": -1,
  "aficionados": 2,
  "afya": 2,
  "aggravates": -2,
  "aggravating": -2,
  "aggressions": -2,
  "aghast": -2,
  "agog": 2,
  "agonises": -3,
  "agonize": -3,
  "agonizes": -3,
  "agonizing": -3,
  "ahadi": 1,
  "aibu": -1,
  "aina": 2,
  "aina fulani": 0,
  "aina ya": 0,
  "ajabu": 4,
  "ajali": -2,
  "ajira": -1,
  "akaivamia": -2,
  "akakimbilia": -1,
  "akakubali": 2,
  "akalipa": 1,
  "akampiga": -1,
  "akamsalimu": 1,
  "akiba": 1,
  "akicheka": 1,
  "akifunzwa": -2,
  "akiiba": -2,
  "akilaumu": -2,
  "akilazimika": 1,
  "akili": 2,
  "akimsifu": 3,
  "akipinga": -2,
  "akiwa na huzuni,": -2,
  "alarmist": -2,
  "alarmists": -2,
  "aliachiwa huru": 2,
  "aliahidi": 1,
  "aliashiria": 2,
  "alicheka": 1,
  "alidai": -1,
  "alifanyaup": -1,
  "alihoji": -1,
  "aliiba": -2,
  "alijiuzulu": -1,
  "alikamatwa": -3,
  "alikanusha": -2,
  "alikataa": -2,
  "alikiri": -1,
  "alikufa": -3,
  "alilaani": -2,
  "alilalamika": -2,
  "alinusurika": 2,
  "aliomba radhi": -1,
  "aliongoza": 2,
  "alionya": -2,
  "alipata": 2,
  "alisahau": -1,
  "alishindwa": -2,
  "alisisitiza": -2,
  "alitabasamu": 2,
  "alitaka": 2,
  "aliumia sana": -3,
  "aliwaangamiza": -2,
  "aliwapiga": -3,
  "aliwarudisha nyuma": -2,
  "aliwasihi": -2,
  "aliyenyongwa": -2,
  "aliyeshindwa": -2,
  "allergic": -2,
  "amana": 1,
  "amani": 2,
  "amaze": 2,
  "amazes": 2,
  "ambao si waamini": -1,
  "ambivalent": -1,
  "ame": -2,
  "amefurahi": 4,
  "amekosa": -2,
  "amepigwa": -2,
  "amepongeza": 2,
  "amicable": 2,
  "amuse": 3,
  "amused": 3,
  "amusements": 3,
  "anaapa": -2,
  "anachukia": -3,
  "anafafanua": 2,
  "anafurahi": 4,
  "anafurahia": 2,
  "anahangaika": -2,
  "Anaharibu Hazina": -2,
  "anaikinga": -1,
  "anaishitaki": -2,
  "anajifanya": -1,
  "anakanusha": -2,
  "anakataa": -2,
  "anakubali": -1,
  "anakubaliana": 1,
  "analalamika": -2,
  "analaumu": -2,
  "anamtuhumu": -2,
  "anamwondolea": 2,
  "anaomba": 1,
  "anaonya": -2,
  "anapenda": 2,
  "anapokea": 1,
  "anasa": 2,
  "anastahili": 2,
  "anatimiza": 2,
  "anatoa": -2,
  "anaugulia": -2,
  "anawadanganya": -3,
  "anawasalimu": 1,
  "anawasalimuni": 2,
  "anawasamehe": 2,
  "anayekubalika": 2,
  "anayepoteza": -1,
  "anayetenda": 1,
  "Angers": -3,
  "angry": -2,
  "anguished": -3,
  "annoyed": -2,
  "annoying": -2,
  "antagonistic": -2,
  "antar": 1,
  "apathetic": -3,
  "apeshit": -3,
  "apocalyptic": -2,
  "appeases": 2,
  "appeasing": 2,
  "applauding": 2,
  "Applauds": 2,
  "applause": 2,
  "apprehensive": -2,
  "ari": 2,
  "arsehole": -4,
  "asili": 1,
  "asiyeitii": -2,
  "asiyekufa": 2,
  "asiyekuwa na meno": -2,
  "assfucking": -4,
  "asshole": -4,
  "astounding": 3,
  "astoundingly": 3,
  "astounds": 3,
  "atahubiri": -2,
  "atajiuzulu": -1,
  "atakayenisaliti": -3,
  "attractively": 2,
  "aura": 1,
  "Avenged": -2,
  "avengers": -2,
  "avenges": -2,
  "avid": 2,
  "avoids": -1,
  "awabariki": 2,
  "awaited": -1,
  "Awkward": -2,
  "axed": -1,
  "Azazeli": -2,
  "azimio": 2,
  "baada ya kiwewe": -2,
  "baadhi": 1,
  "backed": 1,
  "bahati": 3,
  "bahati mbaya": -2,
  "bahati nzuri": 2,
  "bailout": -2,
  "baki": -2,
  "bamboozled": -2,
  "bamboozles": -2,
  "bandia": -3,
  "bankrupt": -3,
  "bankster": -3,
  "baradhuli": -2,
  "baraka": 3,
  "Baraza": -2,
  "barbaric": -2,
  "baridi": 1,
  "barua taka": -2,
  "bashasha": 2,
  "bastards": -5,
  "batili": -2,
  "battled": -1,
  "baya": -3,
  "beatific": 3,
  "beauties": 3,
  "befitting": 2,
  "beki": 2,
  "bereaves": -2,
  "bereaving": -2,
  "bidii": 2,
  "big": 1,
  "bila mafanikio": -2,
  "bila ya haki,": -2,
  "binafsi kugeuzwa": -2,
  "binafsi matumizi mabaya": -2,
  "bingwa": 2,
  "Bitch": -5,
  "bitches": -5,
  "bitterest": -2,
  "blackmailing": -3,
  "blah": -2,
  "blissful": 3,
  "blithe": 2,
  "bloated": -1,
  "blockade": -2,
  "blockbuster": 3,
  "blurry": -2,
  "bomu": -1,
  "boosts": 1,
  "bora": 2,
  "bora damn": 4,
  "bora kabisa": 2,
  "boring": -3,
  "bothered": -2,
  "bothers": -2,
  "bovu": -3,
  "brainwashing": -3,
  "braveness": 2,
  "bravura": 3,
  "breached": -2,
  "breakthrough": 3,
  "breathtaking": 5,
  "brightest": 2,
  "brilliances": 3,
  "brisk": 2,
  "brooding": -2,
  "bubu": -3,
  "bullshit": -4,
  "bummer": -2,
  "buoyant": 2,
  "burdening": -2,
  "bure": 1,
  "burglar": -2,
  "burudani": 2,
  "burudika": 3,
  "busara": 2,
  "calms": 2,
  "cancels": -1,
  "captivated": 3,
  "carefree": 1,
  "cashing katika": -2,
  "censor": -2,
  "censored": -2,
  "censors": -2,
  "centralt": 2,
  "cha kusikitisha": -2,
  "chafu": -2,
  "chafya": -2,
  "chaga": -2,
  "chagrined": -2,
  "changamoto": -1,
  "chanya": 2,
  "chaotic": -2,
  "chapwa": -2,
  "charisma": 2,
  "charm": 3,
  "charmingly": 3,
  "charmless": -3,
  "chastising": -3,
  "cheated": -3,
  "cheater": -3,
  "cheaters": -3,
  "cheating": -3,
  "cheats": -3,
  "cheche": 1,
  "cheering": 2,
  "cheerless": -2,
  "cheers": 2,
  "cheery": 3,
  "chekeshaji": 2,
  "chenye utu": 2,
  "Cherish": 2,
  "cherishing": 2,
  "chic": 2,
  "chide": -3,
  "chides": -3,
  "chiding": -3,
  "chilling": -1,
  "chini": -1,
  "chokaa": -3,
  "choking": -2,
  "chuki": -2,
  "chukizo": -3,
  "chumvi": -2,
  "chungu": -2,
  "clash": -2,
  "classy": 3,
  "Clears": 1,
  "clueless": -2,
  "cocksucker": -5,
  "cocksuckers": -5,
  "cocky": -2,
  "collapses": -2,
  "collide": -1,
  "collides": -1,
  "colliding": -1,
  "colluding": -3,
  "comedy": 1,
  "comforts": 2,
  "Comic": 1,
  "complacent": -2,
  "complicating": -2,
  "conciliate": 2,
  "conciliated": 2,
  "conciliates": 2,
  "conciliating": 2,
  "conflictive": -2,
  "consolable": 2,
  "contagion": -2,
  "contagions": -2,
  "contaminant": -2,
  "contaminations": -2,
  "contender": -1,
  "contestable": -2,
  "convinces": 1,
  "convivial": 2,
  "cornered": -2,
  "courageousness": 2,
  "coziness": 2,
  "crap": -3,
  "crappy": -3,
  "crazier": -2,
  "craziest": -2,
  "crestfallen": -2,
  "criminate": -3,
  "criminated": -3,
  "criminates": -3,
  "critic": -2,
  "crushes": -1,
  "cunt": -5,
  "curious": 1,
  "cute": 2,
  "cynic": -2,
  "cynicism": -2,
  "damn": -2,
  "damn cute": 3,
  "damn nzuri": 4,
  "damned": -4,
  "dampo": -1,
  "daredevil": 2,
  "daring": 2,
  "dauntless": 2,
  "dazzling": 3,
  "deadening": -2,
  "deafening": -1,
  "debonair": 2,
  "defective": -3,
  "deferring": -1,
  "deformed": -2,
  "defrauds": -3,
  "deft": 2,
  "defunct": -2,
  "dehumanizes": -2,
  "dehumanizing": -2,
  "deject": -2,
  "dejecting": -2,
  "dejects": -2,
  "delightfully": 3,
  "delighting": 3,
  "demoralizing": -2,
  "denier": -2,
  "denounces": -2,
  "dent": -2,
  "deporting": -2,
  "deports": -2,
  "depressing": -2,
  "derailed": -2,
  "derails": -2,
  "derelict": -2,
  "derides": -2,
  "deriding": -2,
  "detached": -1,
  "detract": -1,
  "detracted": -1,
  "devastate": -2,
  "devastations": -2,
  "dhahabu": 2,
  "dhaifu": -2,
  "dhambi": -3,
  "dhamira": 2,
  "dharau": -2,
  "dharura": -2,
  "dhati": 2,
  "dhiki": -2,
  "dhulma": -2,
  "diamond": 1,
  "Dick": -4,
  "dickhead": -4,
  "diffident": -2,
  "dilligence": 2,
  "dipshit": -3,
  "dira": 1,
  "dire": -3,
  "direful": -3,
  "dirtiest": -2,
  "disappoint": -2,
  "disappointments": -2,
  "disappoints": -2,
  "disapprovals": -2,
  "disapproves": -2,
  "disapproving": -2,
  "disconsolate": -2,
  "disconsolation": -2,
  "disguises": -1,
  "disguising": -1,
  "disgustful": -3,
  "disgusting": -3,
  "disheartened": -2,
  "disillusioned": -2,
  "disinclined": -2,
  "disjointed": -2,
  "diskrimineras": -2,
  "disoriented": -2,
  "disparages": -2,
  "disrespected": -2,
  "disrupts": -2,
  "distasteful": -2,
  "distrustful": -3,
  "dithering": -2,
  "dizzy": -1,
  "djupt": -3,
  "doa": 2,
  "dodging": -2,
  "Donates": 2,
  "dont kama": -2,
  "dosari": -2,
  "douchebag": -3,
  "dour": -2,
  "downer": -2,
  "Drag": -1,
  "drags": -1,
  "dreaded": -2,
  "dreary": -2,
  "drivas": 1,
  "droopy": -2,
  "drowns": -2,
  "drudgery": -2,
  "dubious": -2,
  "dud": -2,
  "duka": -2,
  "dumbass": -3,
  "dumps": -1,
  "duni": -3,
  "duped": -2,
  "dupery": -2,
  "dysfunction": -2,
  "ecstatic": 4,
  "eerie": -2,
  "eery": -2,
  "effortlessly": 2,
  "elated": 3,
  "elation": 3,
  "elegantly": 2,
  "embarrass": -2,
  "embarrasses": -2,
  "embittered": -2,
  "Enchanted": 2,
  "endelevu": 1,
  "endorsement": 2,
  "engrossing": 3,
  "enrages": -2,
  "enraging": -2,
  "enrapture": 3,
  "enslave": -2,
  "enterprising": 1,
  "enthrall": 3,
  "epuka": -1,
  "ErrorWithTranslation": -2,
  "euphoria": 3,
  "evacuates": -1,
  "evergreen": 2,
  "evergreening": -3,
  "evergreens": 2,
  "exacerbated": -2,
  "exaggerates": -2,
  "exasparate": -2,
  "exasperates": -2,
  "exasperating": -2,
  "Excite": 3,
  "excruciatingly": -1,
  "exhilarated": 3,
  "exhilarates": 3,
  "exhilarating": 3,
  "exonerate": 2,
  "exonerated": 2,
  "exonerates": 2,
  "exonerating": 2,
  "expands": 1,
  "expels": -2,
  "expertly": 2,
  "explorations": 1,
  "exquisite": 3,
  "exuberant": 4,
  "exultantly": 3,
  "fabulous": 4,
  "fabulously": 4,
  "fad": -2,
  "fadhili zenye upendo": 3,
  "fag": -3,
  "fagot": -3,
  "fagots": -3,
  "fahari": 2,
  "faida": 2,
  "faida kubwa": 3,
  "faini": 2,
  "faker": -3,
  "faking": -3,
  "falsified": -3,
  "fantastic": 4,
  "faraja": 2,
  "fascinated": 3,
  "fascinates": 3,
  "fascination": 3,
  "fascists": -2,
  "fatality": -3,
  "fatigues": -2,
  "fatiguing": -2,
  "favorite": 2,
  "favorites": 2,
  "favourited": 2,
  "feki": -3,
  "felonies": -3,
  "felony": -3,
  "fervid": 2,
  "fiasco": -3,
  "fidgety": -2,
  "fika": 1,
  "fired": -2,
  "fit": 1,
  "fitina": 1,
  "fitna": -2,
  "fitness": 1,
  "flaw": -2,
  "flawless": 2,
  "flawlessly": 2,
  "flop": -2,
  "flustered": -2,
  "fond": 2,
  "Foreclosure": -2,
  "forgettable": -1,
  "fraudster": -4,
  "fraudulence": -4,
  "frenzy": -3,
  "frikin": -2,
  "frisky": 2,
  "frowning": -1,
  "frustrated": -2,
  "frustrates": -2,
  "frustrating": -2,
  "ftw": 3,
  "fucked": -4,
  "fucker": -4,
  "fuckers": -4,
  "fuckface": -4,
  "fuckhead": -4,
  "fuckin": -4,
  "fucking": -4,
  "fucking ajabu": 4,
  "fucking anapenda": 4,
  "fucking cute": 4,
  "fucking kamili": 4,
  "fucking kubwa": 4,
  "fucking moto": 2,
  "fucking nzuri": 4,
  "fucktard": -4,
  "fud": -3,
  "fujo": -2,
  "fuked": -4,
  "fuking": -4,
  "funika": -3,
  "funky": 2,
  "funnier": 4,
  "funny": 4,
  "Funzo": 3,
  "furaha": 3,
  "fursa": 2,
  "gag": -2,
  "gagged": -2,
  "gallant": 3,
  "gallantly": 3,
  "gallantry": 3,
  "ganda": -2,
  "gem": 3,
  "genial": 3,
  "gerezani": -2,
  "ghadhabu": -3,
  "ghafi": -1,
  "gharama": -2,
  "gharama kubwa": -2,
  "ghasia": -3,
  "ghastly": -2,
  "ghibu": -1,
  "giddy": -2,
  "giza": -2,
  "glamorous": 3,
  "glamourous": 3,
  "gleeful": 3,
  "gloomy": -2,
  "glum": -2,
  "goddamn": -3,
  "godsend": 4,
  "goodlooking": 3,
  "goofiness": -2,
  "goofy": -2,
  "gr8": 3,
  "graceful": 2,
  "grand": 3,
  "gratification": 2,
  "gray": -1,
  "greenwash": -3,
  "greenwasher": -3,
  "greenwashers": -3,
  "greenwashing": -3,
  "gripping": 2,
  "grisly": -2,
  "groaned": -2,
  "growths": 2,
  "gruesome": -3,
  "gugu maji limetapakaa": -2,
  "gullible": -2,
  "gun": -1,
  "ha": 2,
  "Habari za asubuhi": 1,
  "hacked": -1,
  "hadithi": -1,
  "hafifu": -2,
  "haha": 3,
  "hahaha": 3,
  "hahahah": 3,
  "hai": 1,
  "haiba": 3,
  "Haieleweki": -1,
  "haiendani": -2,
  "haifahamiki vizuri": 2,
  "haifanyi kazi": -3,
  "haikubaliki": -2,
  "haina maana": -2,
  "hajaridhishwa": -2,
  "haki": 1,
  "hakipo kwenye mpangilio": -2,
  "hakitawaliki": -1,
  "hakufurahishwa": -2,
  "hakuna": -1,
  "hakuna furaha": -3,
  "Hakupenda": -2,
  "halali": 2,
  "haleluya": 3,
  "halina nguvu": -2,
  "hamu": -1,
  "hana akiendelea": 1,
  "handpicked": 1,
  "handsome": 3,
  "haplessness": -2,
  "haraka": -1,
  "haramu": -3,
  "harasses": -3,
  "hardier": 2,
  "haribu": -2,
  "haridhiki": -2,
  "harmoniously": 2,
  "harried": -2,
  "harshest": -2,
  "hasara": -2,
  "hasi": -2,
  "hasira": -2,
  "hastahili": -2,
  "hatari": -2,
  "hatarini": -2,
  "hater": -3,
  "hatia": -2,
  "hating": -3,
  "hatufai": -2,
  "hauna maana": -2,
  "hauna mwisho": 2,
  "haunt": -1,
  "haunted": -2,
  "haunting": 1,
  "haunts": -1,
  "hauonekani": 2,
  "havoc": -2,
  "hawaangalii wananchi": -2,
  "hawaelewi": -2,
  "hawajui": -2,
  "hawakubaliani": -2,
  "hawaogopi": 2,
  "hawawezi": -2,
  "hayatoshi": -2,
  "hazieleweki": -2,
  "hazijathibitishwa": -1,
  "hazina": 2,
  "hazipatikani": -1,
  "heartbreaking": -3,
  "heartbroken": -3,
  "heartwarming": 3,
  "heavyhearted": -2,
  "hehe": 2,
  "hekima": 1,
  "heko": 5,
  "hellish": -2,
  "heshima": 2,
  "hideous": -3,
  "hila": -2,
  "hilarious": 2,
  "hisa za": 1,
  "hisani": 2,
  "hisia": 3,
  "HIV": -2,
  "hofu": -2,
  "homa": -2,
  "homesick": -2,
  "homicides": -2,
  "Hongera": 2,
  "hooligan": -2,
  "hopefully": 2,
  "horrified": -3,
  "hospitalini": -2,
  "Huadhimisha": 3,
  "huchukia": -3,
  "huckster": -2,
  "huduma": 2,
  "huganda": 2,
  "hugs": 2,
  "huharibu": -3,
  "hujishughulisha": 1,
  "hujitapa": 3,
  "hujuma": -2,
  "hukumu": -2,
  "hukumu hiyo": -2,
  "hulisonga": -2,
  "hulitesa": -2,
  "humane": 2,
  "humbug": -2,
  "humdhikisha": -2,
  "humerous": 3,
  "humorous": 2,
  "humuadhibu": -3,
  "huru": -3,
  "huruma": 2,
  "husababisha wivu": -1,
  "husaidia": 2,
  "hutafisha": -2,
  "huteseka": -2,
  "huvutia": 1,
  "Huwabariki": 2,
  "huzuia": -2,
  "huzuni": -2,
  "Huzuni": -2,
  "hysteria": -3,
  "hysterical": -3,
  "hysterics": -3,
  "ibada": 2,
  "icky": -3,
  "idhini": 2,
  "idiocy": -3,
  "idiot": -3,
  "idiotic": -3,
  "ikaanguka": -2,
  "ikichukua hatua kali kupita": -2,
  "ilifanikiwa": 3,
  "ilikiuka": -2,
  "ililenga": 2,
  "iliondoa": -1,
  "ilipendekeza": 2,
  "Ilisahihishwa": 1,
  "iliyo chungu": -2,
  "iliyovunjika": -1,
  "ilizindua": 1,
  "illogical": -2,
  "imani": 1,
  "imara": 2,
  "imechoka": -2,
  "imefumwa": 2,
  "imefungwa": -1,
  "imeharibika": -2,
  "imeshuka": -2,
  "imesikitishwa": -2,
  "immobilized": -1,
  "impairing": -2,
  "impairs": -2,
  "impeachments": -3,
  "impedingly": -2,
  "impotent": -2,
  "improperly": -2,
  "inaboresha": 2,
  "inachafua": -2,
  "inadvertently": -2,
  "inafaa": 2,
  "inafanikiwa": 3,
  "inafanyika": 2,
  "inafunika": -2,
  "inakaribisha": 2,
  "inakataza": -1,
  "inakera": -3,
  "inalaani": -2,
  "inalinda": 1,
  "inaomboleza": -2,
  "Inapambana": -1,
  "inapendekeza": 2,
  "inapiga marufuku": -2,
  "inapunguza thamani": -1,
  "inashindwa": -2,
  "inatisha": -2,
  "inaunga mkono": 2,
  "inaweka": -1,
  "inayoumiza": -2,
  "inazidisha": -2,
  "incapacitated": -2,
  "incapacitates": -2,
  "incensed": -2,
  "incensing": -2,
  "incoherent": -2,
  "incomprehensible": -2,
  "inconvenient": -2,
  "indecisive": -2,
  "indifferent": -2,
  "indoctrinate": -2,
  "indoctrinates": -2,
  "indoctrinating": -2,
  "inediable": -2,
  "ineffectively": -2,
  "inefficiently": -2,
  "inept": -2,
  "ineptitude": -2,
  "inexorable": -3,
  "infantile": -2,
  "infantilized": -2,
  "infatuated": 2,
  "infatuation": 2,
  "infest": -2,
  "infesting": -2,
  "inflamed": -2,
  "inflicts": -2,
  "infract": -2,
  "infracted": -2,
  "infracting": -2,
  "infracts": -2,
  "infuriate": -2,
  "infuriated": -2,
  "infuriates": -2,
  "infuriating": -2,
  "innovates": 1,
  "innovation": 1,
  "inoperative": -2,
  "inquisitive": 2,
  "insensitivity": -2,
  "insignificant": -2,
  "insolventa": -2,
  "inspirational": 2,
  "intact": 2,
  "interrupts": -2,
  "intransigency": -2,
  "intricate": 2,
  "invulnerable": 2,
  "ipasavyo": 2,
  "ipo katika nafasi": -2,
  "irate": -3,
  "irrational": -1,
  "irreparable": -2,
  "irresolute": -2,
  "irreversibly": -1,
  "irritated": -3,
  "isiyo ya kawaida": -2,
  "isiyojali": -2,
  "isiyokuwa na furaha": -2,
  "isiyosameheka": -3,
  "isiyotosheleza": -2,
  "isiyozalisha": -2,
  "itafufua": 2,
  "jackass": -4,
  "jackasses": -4,
  "jamani": -4,
  "jambazi": -2,
  "jambo": 1,
  "janga": -3,
  "jasiri": 3,
  "jaunty": 2,
  "jela": -2,
  "jerk": -3,
  "jesus": 1,
  "jeuri": -2,
  "Jihadi": -2,
  "jinai": -3,
  "jinsia": -2,
  "jocular": 2,
  "jogoo": -5,
  "joto": 1,
  "juhudi": 2,
  "jumpy": -1,
  "justifiably": 2,
  "juta": -3,
  "juu": 1,
  "kabambe": 2,
  "kaburi": -2,
  "kadhibisha": -3,
  "kali": 4,
  "kama": 2,
  "kamili": -2,
  "kamili ilivyo": -1,
  "kani": -2,
  "kansa": -1,
  "karanga": -3,
  "kashfa": -2,
  "kasirika": -2,
  "kasoro": -3,
  "kasseringen": -1,
  "kata tamaa": -3,
  "kazi": 1,
  "kejeli": -1,
  "kelele": -2,
  "kengele": -2,
  "kero": -2,
  "kesi za kisheria": -2,
  "kibaguzi": -2,
  "kiburi": -2,
  "kichekesho": 1,
  "kickback": -3,
  "kickbacks": -3,
  "kidhalilishaji": -2,
  "kidnap": -2,
  "kidnaps": -2,
  "kidonda": -1,
  "kifahari": 2,
  "kifalme": 3,
  "kifo": -2,
  "kifungo cha": -2,
  "kigaidi": -2,
  "kihalali": 2,
  "kihistoria": 2,
  "kiimla": -2,
  "kijani safisha": -3,
  "kijanja": -1,
  "kijinga": -2,
  "kijivu": -1,
  "kikamilifu": 3,
  "kikatili": -3,
  "kikubwa": 1,
  "kikwazo": -2,
  "kilema": -2,
  "kilio": -1,
  "kimaadili": 2,
  "kimakosa": -2,
  "kimwa": -2,
  "kina": 2,
  "kinachowavutia": 3,
  "kinafiki": -2,
  "kinga": 1,
  "kinyago": -1,
  "kinyemela": -2,
  "kinyume cha sheria": -3,
  "kipaji": 4,
  "kipekee": 2,
  "kipofu": -1,
  "kirafiki": 2,
  "kirukanjia": -4,
  "kisa cha wizi": -3,
  "kisasa": 2,
  "kisasi": -2,
  "kisheria": 1,
  "kishujaa": 3,
  "kisiri": -2,
  "kiss": 2,
  "Kitendawili": -1,
  "kitendo hiki cha kupuuzia": -2,
  "kito": 1,
  "Kito": 4,
  "kitoto": -2,
  "kituko": -2,
  "kiuadui": -2,
  "kiujanja": -3,
  "kiutata": -2,
  "kivutio": 2,
  "kiwango cha juu": -1,
  "kiwewe": -3,
  "kizamani": -2,
  "kizuizi": -2,
  "kizuizini": -2,
  "kodi": 2,
  "kongwe": -1,
  "kopa": -3,
  "korofi": 3,
  "kosa": -2,
  "kovu": -2,
  "kuabudu": 3,
  "kuacha": -1,
  "kuachana na": -2,
  "kuadhibiwa": -2,
  "kuadhimisha": 3,
  "kuahirisha": -1,
  "kuahirishwa": -1,
  "kuambukiza": -2,
  "kuambukizwa": -2,
  "kuaminika": 2,
  "kuaminiwa": 2,
  "kuamua": 2,
  "kuandaliwa": 1,
  "kuanguka": -1,
  "kuanguka kwa": -2,
  "kuanika juani": -1,
  "kuapa": -2,
  "kuapishwa": -2,
  "KUBADILIKA": -2,
  "kubagua": -2,
  "kubaguliwa": -2,
  "kubakia": -1,
  "kubakwa": -4,
  "kubisha": -2,
  "kuboresha": 1,
  "kuboreshwa": 2,
  "kubwa": 3,
  "kuchafua": -2,
  "kuchafuliwa": -2,
  "kuchafya": -2,
  "kuchanganyikiwa": -2,
  "kuchangia": 2,
  "kuchelewa": -1,
  "kuchochea": -2,
  "kuchochewa": -2,
  "kuchoka": -2,
  "kuchukiwa": -3,
  "kuchukizwa": -2,
  "kudai": -1,
  "kudanganya": -3,
  "kudanganywa": -3,
  "kudhalilika": -2,
  "kudharauliwa": -2,
  "kudhoofisha": -2,
  "kudhulumiwa": -2,
  "kudhulumu": -2,
  "kudos": 3,
  "kuegemea": 2,
  "kuelekeza": -1,
  "kuepuka": -1,
  "kuepukwa": -1,
  "kuepusha": -1,
  "kufa": -3,
  "kufa na njaa": -2,
  "kufahamu": 2,
  "kufaidika": 2,
  "kufanikiwa": 3,
  "kufikia": 1,
  "kufikiwa": 1,
  "kufilisika": -3,
  "kufufua": 2,
  "kufufuka": 1,
  "kufuja": -2,
  "kufukuza": -2,
  "kufukuzwa": -2,
  "kufukuzwa kazi": -2,
  "kufukuzwa nchini": -2,
  "kufungwa": -1,
  "kufurahi": 4,
  "kufurahia": 2,
  "kufurahisha": 2,
  "kufuru": -2,
  "kufurukuta": -1,
  "kufuta": -2,
  "kufutwa": -1,
  "kufyeka": -2,
  "kufyonzwa": 1,
  "kugoma": -2,
  "kugomea": -2,
  "kuhakikisha": 1,
  "kuhakikishiwa": 1,
  "kuhalalisha": 1,
  "kuhamasisha": 2,
  "kuhamishwa": -2,
  "kuharibika": -2,
  "kuharibiwa": -2,
  "kuharibu": -2,
  "kuheshimiwa": 2,
  "kuheshimu": 2,
  "kuhitajika": 2,
  "kuhodhi": -2,
  "kuhoji": -1,
  "kuhojiwa": -2,
  "kuhujumu": -2,
  "kuhukumiwa": -2,
  "kuiba": -2,
  "kuibiwa": -2,
  "kuidhinisha": 2,
  "kuiharibu,": -3,
  "kuikabili": -2,
  "kuikataa": -2,
  "kuikiuka": -2,
  "kuimarisha": 2,
  "kuimarishwa": 2,
  "kuingiliwa": -2,
  "kuingiwa": -2,
  "kuingizwa": -1,
  "kuipamba": 3,
  "kuipindua": -2,
  "kuipotosha": -3,
  "kuitetea": 2,
  "kuiudhi": -3,
  "kujali": 2,
  "kujeruhiwa": -2,
  "kujiamini": 2,
  "kujifanya": -1,
  "kujificha": -1,
  "kujigamba": 2,
  "kujisumbua": -2,
  "kujitegemea": 2,
  "kujitetea": -2,
  "kujitoa": 3,
  "kujitolea": 2,
  "kujitutumua": -1,
  "kujiua": -2,
  "kujiunga na": 1,
  "kujiuzulu": -1,
  "kujuta": -2,
  "kujutia": -2,
  "kukamatwa": -2,
  "kukamilisha": 2,
  "kukanusha": -2,
  "kukanyagana": -2,
  "kukaribisha": 1,
  "kukaribishwa": 2,
  "kukasirika": -2,
  "kukasirishwa": -3,
  "kukata": -1,
  "kukata tamaa": -2,
  "kukataa": -2,
  "kukataa kusalimu": 2,
  "kukataliwa": -1,
  "kukataza": -1,
  "kukatika": -2,
  "kukatisha": -2,
  "kukatiza": -2,
  "kukemea": -2,
  "kukera": -2,
  "kukimbia": -1,
  "kukiuka": -2,
  "kukiuka maadili": -2,
  "kukomaa": 2,
  "kukombolewa": 2,
  "kukomesha": -1,
  "kukosa": -2,
  "kukosa uwezo": -2,
  "kukosea": -2,
  "kukosekana kwa uwajibikaji": -2,
  "kukosoa": -2,
  "kukosolewa": -2,
  "kukubali": 1,
  "kukubaliana": 1,
  "kukubalika": 1,
  "kukubaliwa": 2,
  "kukubwa": 4,
  "kukumbatia": -1,
  "kukumbukwa": 1,
  "kukuza": 1,
  "kukuzwa": 1,
  "kukwama": -2,
  "kukwepa": -2,
  "kulaani": -2,
  "kulalamika": -2,
  "kulaumiwa": -2,
  "kulazimisha": -1,
  "kulazimishwa": -1,
  "kulia": -2,
  "kulinda": 1,
  "kulipa": -1,
  "kulipiza kisasi": -2,
  "kulishwa juu": -3,
  "kulitunza": 2,
  "kumbushwa": -2,
  "kumchoma": -2,
  "kumdanganya": -2,
  "kumezuia": -2,
  "kumfanya": -1,
  "kumfukuza nchini": -2,
  "kumkataa": -1,
  "kumkosea": -2,
  "kumkumbatia": 2,
  "kumnufaisha": 2,
  "kumnyanyasa": -3,
  "kumpiga": -1,
  "kumpongeza": 2,
  "kumsaliti": -3,
  "kumsumbua": -2,
  "kumtania": -2,
  "kumtishia": -3,
  "kumtoa": -3,
  "kumtuliza": 2,
  "kumvutia": 3,
  "kumwachia huru": 2,
  "kunadhoofisha": -2,
  "kunaharibu": -2,
  "kunyakuliwa": 2,
  "kunyamazisha": -1,
  "kunyimwa": -3,
  "kunyonya": -2,
  "kuokoa": -1,
  "kuokolewa": 2,
  "kuomba": 1,
  "kuomba msamaha": -1,
  "kuomba radhi": -1,
  "kuomboleza": -2,
  "kuondoka": -1,
  "kuondokana": -1,
  "kuondolewa": -1,
  "kuonewa": -2,
  "kuongeza": 1,
  "kuongeza chumvi": -2,
  "kuongezeka": 1,
  "kuongoza": 2,
  "kuonyesha": 2,
  "kuosha kijani": -3,
  "kupambana": -1,
  "kupambana na": -1,
  "kupanda": 1,
  "kupanua": 1,
  "kupata": 2,
  "kupatikana": 1,
  "kupendekeza": 2,
  "kupendeza": 3,
  "kupendwa": 3,
  "kupiga chafya": -2,
  "kupiga kelele": -2,
  "kupigwa": -2,
  "kupinga": -2,
  "kupita": -2,
  "kupita kiasi": -2,
  "kupitisha": 1,
  "kupitishwa": 2,
  "kuponda": -1,
  "kupongeza": 2,
  "kuporomoka": -2,
  "kupoteza": -2,
  "kupotosha": -2,
  "kupotoshwa": -3,
  "kupungua": -2,
  "kupunguza": 1,
  "kupunguzwa": -1,
  "kupuuza": -1,
  "kupuuzwa": -1,
  "kurejesha": 1,
  "kurejeshwa": 1,
  "kuridhika": 2,
  "kuridhiwa": 2,
  "kuripotiwa tofauti": -2,
  "kuruhusu": 1,
  "kurusha": -2,
  "kusafirisha": -2,
  "kusafirishia": -1,
  "kusagwa": -1,
  "kusahau": -1,
  "kusaidia": 2,
  "kusalimiana": 1,
  "kusalitiwa": -3,
  "kusamehe": 1,
  "kusema uwongo": -3,
  "kushambulia": -1,
  "kushambuliwa": -1,
  "kushangaza": 3,
  "kusharifu": 3,
  "kushawishi": -2,
  "kusherehekea": 3,
  "kushinda": 4,
  "kushindana": -1,
  "kushindwa": -2,
  "kushinikizwa": -2,
  "kushiriki": 1,
  "kushirikisha": 1,
  "kushtakiwa": -3,
  "kushtua": -2,
  "kushuka": -1,
  "kushukuru": 2,
  "Kushushia": -2,
  "kushutumu": -3,
  "kusifiwa": 3,
  "kusikitisha": -2,
  "kusimamishwa": -1,
  "kusisimua": 3,
  "kusitishwa": -2,
  "kusumbua": -2,
  "kusumbuliwa": -2,
  "kususia": -2,
  "kutabasamu": 2,
  "kutamanika": -3,
  "kutambua": 2,
  "kutapika": -3,
  "kutarajia": 1,
  "kutatanisha": -2,
  "kutatiza": -2,
  "kutatua": 2,
  "kutatuliwa": 1,
  "kutawala": 1,
  "kutayarisha": 1,
  "kutekwa nyara": -2,
  "kutelekezwa": -2,
  "kutenda": 1,
  "kutengwa": -1,
  "kutesa": -4,
  "kuteseka": -2,
  "kuteswa": -1,
  "kuthibitisha": 1,
  "kutimia": 2,
  "kutimiza": 2,
  "kutisha": -3,
  "kutishia": -2,
  "kutishika": -2,
  "kutishiwa": -2,
  "kutishwa": -2,
  "kutoa adhabu": -2,
  "kutoa tathmini potofu kuhusu": -1,
  "kutoa uvundo": -2,
  "kutochukua": -2,
  "kutoelewa": -2,
  "kutoeleweka": -2,
  "kutoheshimu": -2,
  "kutojali": -2,
  "kutojitosheleza": -2,
  "kutokana na taarifa": -2,
  "kutokubaliana": -2,
  "kutokuchukua hatua": -2,
  "kutokuelewana": -2,
  "kutokuona mbali": -2,
  "kutomba": -4,
  "kutoroka": -1,
  "kutosamehe": -2,
  "kutosha": 1,
  "kutoweka": -1,
  "kutukanwa": -2,
  "kutuliza": 2,
  "kutuliza ghasia": -2,
  "kutumia": -2,
  "kutumia nguvu": -2,
  "kutumia vibaya": -3,
  "kutupwa": -1,
  "kuua": -3,
  "kuuawa": -3,
  "kuugua": -2,
  "kuulinda": 2,
  "kuuma": -2,
  "kuumbuka": -2,
  "kuumia": -2,
  "kuumiza": -2,
  "kuunga mkono": 2,
  "kuvimbiwa": -2,
  "kuvuja": -1,
  "kuvumbua": 1,
  "kuvumiliana": 2,
  "kuvunja": -1,
  "kuvunjika moyo": -2,
  "kuvuruga": -2,
  "kuvurugika": -2,
  "kuvutana": -1,
  "kuvutia": 2,
  "kuwaadhibu": -3,
  "kuwaambukiza": -2,
  "kuwaangazia": 2,
  "kuwabughudhi": -3,
  "kuwadanganya": -3,
  "kuwaelimisha": 2,
  "kuwafichua": -1,
  "kuwafikia": 2,
  "kuwafukuza": -1,
  "kuwahakikishia": 1,
  "kuwahamasisha": 1,
  "kuwahonga": -3,
  "kuwaibia": -2,
  "kuwajibika": 2,
  "kuwakamata": -2,
  "kuwakaribisha": 2,
  "kuwakasirisha": -2,
  "kuwakatisha tamaa": -2,
  "kuwalaumu": -2,
  "kuwalea": 2,
  "kuwaokoa": 2,
  "kuwaonya": -2,
  "kuwapongeza": 2,
  "kuwasababishia": -1,
  "kuwashawishi": 1,
  "kuwashitaki": -2,
  "kuwashukuru": 2,
  "kuwatenga": -1,
  "kuwatenganisha": 1,
  "kuwatesa": -2,
  "kuwatisha": -2,
  "kuwatishia": -3,
  "kuwaudhi": -1,
  "kuwaumbua": -2,
  "kuwaumiza": -2,
  "kuwavurugia": -2,
  "kuwavutia": 1,
  "kuwawezesha": 2,
  "kuweka": -1,
  "kuyaharibu": -2,
  "kuyakataa": -2,
  "kuzaa": -2,
  "kuzama": -2,
  "kuzimu": -4,
  "kuzisonga": -2,
  "kuzomewa": -2,
  "kuzorota": -2,
  "kuzorotesha": -2,
  "kuzuia": -2,
  "kuzuiwa": -1,
  "kuzuka": -2,
  "kwa moyo mkunjufu": 2,
  "kwa uchungu": -2,
  "kwama kooni": -2,
  "kweli": 2,
  "laana": -1,
  "lackadaisical": -2,
  "ladha": 3,
  "lag": -1,
  "lapse": -1,
  "lapsed": -1,
  "laugh": 1,
  "laughs": 1,
  "laughting": 1,
  "lawama": -2,
  "lawl": 3,
  "lawsuit": -2,
  "lazima": -1,
  "leak": -1,
  "lenient": 1,
  "lenye": -2,
  "lethal": -2,
  "lethality": -2,
  "lethargic": -2,
  "libelous": -2,
  "lifesaver": 4,
  "lighthearted": 1,
  "likable": 2,
  "likeable": 2,
  "likers": 2,
  "liking": 2,
  "liko": 2,
  "linahusu": 1,
  "linakiuka": -2,
  "linalokusumbua": -2,
  "linatambulisha": 1,
  "linatatiza": -2,
  "linatishia": -2,
  "lipo": -2,
  "litigious": -2,
  "livid": -2,
  "lmao": 4,
  "lmfao": 4,
  "loathe": -3,
  "loathsome": -3,
  "lobbyist": -2,
  "lol": 3,
  "lolol": 4,
  "lololol": 4,
  "lolololol": 4,
  "lonesome": -2,
  "Lool": 3,
  "loomed": -1,
  "looms": -1,
  "loool": 3,
  "looool": 3,
  "looses": -3,
  "lousy": -2,
  "lovable": 3,
  "lovelies": 3,
  "lovely": 3,
  "lovordade": 2,
  "lugubrious": -2,
  "lunatics": -3,
  "lurk": -1,
  "lurking": -1,
  "lurks": -1,
  "maadhimisho": 3,
  "maadui": -2,
  "maafa": -3,
  "maajabu": 3,
  "maambukizi": -2,
  "maamuzi": 1,
  "maana": -2,
  "maandamano": -2,
  "maarufu": 3,
  "maasi": -2,
  "mabaya": -3,
  "mabaya ya": -2,
  "mabingwa": 2,
  "macabre": -2,
  "machachari": -2,
  "machafu": -2,
  "machafuko": -2,
  "macho": 3,
  "machozi": -2,
  "machungu": -2,
  "madai": -2,
  "maddening": -3,
  "madeni": -2,
  "madhara": -2,
  "Madhara": -2,
  "madly": -3,
  "maelewano": 2,
  "maendeleo": 2,
  "mafanikio": 2,
  "mafichoni": -1,
  "mafua": -2,
  "mafungo": -1,
  "magaidi": -2,
  "magendo": -2,
  "magofu": -2,
  "magonjwa": -2,
  "magumu": 2,
  "mahiri": 3,
  "mahitaji": -1,
  "maiti": -1,
  "majanga": -2,
  "majeruhi": -2,
  "majigambo": -2,
  "majuto": -2,
  "makazi": 1,
  "makini": 2,
  "makosa": -2,
  "makovu": -2,
  "makubaliano": 1,
  "makubwa": -2,
  "makusudi": 2,
  "maladaption": -2,
  "malalamiko": -2,
  "maldevelopment": -2,
  "Malena": -1,
  "mali": 2,
  "maltreatment": -2,
  "mambo": 1,
  "mambo machafu": -2,
  "mambo ya baridi": 3,
  "mamlaka": 1,
  "manipulating": -1,
  "manslaughter": -3,
  "manufaa": 2,
  "maombolezo": -2,
  "maono": 3,
  "maovu": -2,
  "mapambano": -1,
  "mapatano": 2,
  "mapema mno": -2,
  "mapendano": 2,
  "mapigano": -2,
  "mapigo": -3,
  "mara moja": 1,
  "mara mojakatikamaisha": 3,
  "Maria": 2,
  "marufuku": -2,
  "mashaka": -1,
  "mashaka yoyote": -1,
  "mashambulizi": -2,
  "mashimo": -1,
  "mashirika yasiyo ya kupitishwa": -2,
  "mashitaka": -2,
  "mashtaka": -2,
  "mashuhuri": 2,
  "mashujaa": 2,
  "masikini": -1,
  "maskhara": -2,
  "maskini": -2,
  "maslahi": 1,
  "masterpieces": 4,
  "matakwa": 1,
  "matao": 3,
  "matapishi": -3,
  "matarajio": 1,
  "matata": -2,
  "matatizo": -2,
  "mateso": -4,
  "matope": -2,
  "matumaini": 2,
  "matumizi mabaya": -2,
  "matunda": -2,
  "matusi": -2,
  "mauaji": -2,
  "maumivu": -2,
  "maumivu ya kichwa": -2,
  "mauti": -3,
  "mawaidha": -2,
  "mayowe": -2,
  "mazingira magumu": -2,
  "mazingira ya kirafiki": 2,
  "mazishi": -1,
  "mazuri": 2,
  "mbakaji": -4,
  "mbaya": -2,
  "mbaya zaidi": -3,
  "mbezi": -2,
  "mbinguni": 2,
  "mbora": 2,
  "mbovu": -3,
  "mbu": -2,
  "mchafu": -3,
  "mchanga": -2,
  "mchango": 2,
  "mchezokubadilisha": 3,
  "Mchoyo": -2,
  "mdogo": -1,
  "medali": 3,
  "mediocrity": -3,
  "melancholy": -2,
  "memoriam": -2,
  "menaced": -2,
  "menaces": -2,
  "merry": 3,
  "mesmerizing": 3,
  "messed": -2,
  "methodical": 2,
  "methodically": 2,
  "mfadhili": 2,
  "mfungwa": -2,
  "mgogoro": -2,
  "mgomo": -1,
  "mgongano": -2,
  "mgonjwa": -2,
  "mgonjwafated": -2,
  "mhanga": -3,
  "mhusika": -2,
  "migogoro": -2,
  "migomo": -1,
  "migongano": -2,
  "migongo": 1,
  "mikwaju": -2,
  "mindless": -2,
  "mipaka": -1,
  "mirthful": 3,
  "mirthfully": 3,
  "misaada": 1,
  "misbehave": -2,
  "misbehaves": -2,
  "misbehaving": -2,
  "misbranding": -3,
  "miscast": -2,
  "mischiefs": -1,
  "misclassified": -2,
  "misclassifies": -2,
  "misclassify": -2,
  "misconducted": -2,
  "misconducting": -2,
  "misconducts": -2,
  "misfire": -2,
  "mishipa ya": -1,
  "misinformation": -2,
  "misinformed": -2,
  "misleaded": -3,
  "misplace": -2,
  "misplaced": -2,
  "misplaces": -2,
  "misplacing": -2,
  "mispricing": -3,
  "Misread": -1,
  "misreport": -2,
  "misreporting": -2,
  "misreports": -2,
  "misrepresent": -2,
  "misrepresentation": -2,
  "misrepresentations": -2,
  "misrepresents": -2,
  "miss": -2,
  "misunderstands": -2,
  "misuses": -2,
  "mitego": -1,
  "mitikisiko": -2,
  "miujiza": 4,
  "mizigo": -2,
  "mjane": -1,
  "mjanja": 2,
  "mkadanganywa": -2,
  "mkali": 1,
  "mkereketwa": 1,
  "mkono": 2,
  "mkosaji": -2,
  "Mkosoaji": -2,
  "mkubwa": 1,
  "mlemavu": -1,
  "mlevi": -2,
  "mno": -3,
  "moan": -2,
  "moaning": -2,
  "moans": -2,
  "modernizes": 2,
  "moja kwa moja": 1,
  "mongering": -2,
  "monopolized": -2,
  "monopolizes": -2,
  "monopolizing": -2,
  "monotone": -1,
  "moody": -1,
  "Mope": -1,
  "moping": -1,
  "moron": -3,
  "motherfucker": -5,
  "motherfucking": -5,
  "motisha": 2,
  "moto": -2,
  "moyo": 2,
  "moyo mnyonge": -2,
  "mpendwa": 3,
  "mpinga": -2,
  "Mporomoko": 2,
  "mpotezaji": -3,
  "msaada": 2,
  "msaidizi": 1,
  "msamaha": 2,
  "mshangao": -2,
  "mshikamano": 2,
  "mshindi": 4,
  "mshindwi": -3,
  "mshirika": 2,
  "mshitaki": -1,
  "mshituko": -3,
  "mshtuko": -2,
  "msikivu": 2,
  "msimamo": -2,
  "Msimamo": -2,
  "msimamo mkali": -2,
  "msisimko": 3,
  "msomi": -2,
  "msongamano": -1,
  "msongo": -1,
  "mstari wa mbele": 1,
  "msuguano": -2,
  "msukumo": 3,
  "msukumo wa nguvu": 2,
  "msuli": -1,
  "mtanziko": -1,
  "mtego": -1,
  "mtuhumiwa": -1,
  "mtumwa": -2,
  "mu": -2,
  "muafaka": -2,
  "muasi": -2,
  "muda mrefu": 2,
  "muhimu": 2,
  "mumpish": -2,
  "mungu": 1,
  "murua": 2,
  "muuaji": -2,
  "mvua": -1,
  "mvua ya mawe": 2,
  "mvutano": -1,
  "mwaminifu": 3,
  "mwanaya Bitch": -5,
  "mwanaharamu": -5,
  "mwanga": 2,
  "mwanga wa jua": 2,
  "mwangaza": 1,
  "mwelekeo sahihi": 3,
  "mwendawazimu": -3,
  "mwepesi": 2,
  "mwiba": -2,
  "mwoga": -2,
  "mwongo": -3,
  "mzaha": -2,
  "mzigo": -2,
  "mzozo": -2,
  "mzuri": 2,
  "mzushi": -2,
  "n00b": -2,
  "nadhifu": 2,
  "nafasi": 2,
  "nafuu": 2,
  "nakisi": -2,
  "narcissism": -2,
  "nasty": -3,
  "ndani": 1,
  "ndiyo": 1,
  "ndoto": 1,
  "neema": 1,
  "negativity": -2,
  "neglects": -2,
  "nervously": -2,
  "neva": -2,
  "ngozi": -1,
  "ngumu": -1,
  "nguvu": 2,
  "nia": 1,
  "nifty": 2,
  "niggas": -5,
  "nigger": -5,
  "nimechoka": -2,
  "njaa": -2,
  "Njaa": -2,
  "njama": -3,
  "njia ya kuzuia": -2,
  "nongwa": -2,
  "noob": -2,
  "nosy": -2,
  "numb": -1,
  "nuna": -2,
  "nyara": -2,
  "nzuri": 3,
  "obliterated": -2,
  "obnoxious": -3,
  "obscene": -2,
  "obsessed": 2,
  "ofarlig": -2,
  "offending": -2,
  "offends": -2,
  "offline": -1,
  "oks": 2,
  "ole": -1,
  "omba": 1,
  "Ongeza": 1,
  "onyo": -3,
  "oops": -2,
  "oppressions": -2,
  "optionless": -2,
  "ostracizes": -2,
  "ouch": -2,
  "outages": -2,
  "outmaneuvered": -2,
  "outnumbered": -2,
  "outraged": -3,
  "outrageous": -3,
  "overload": -1,
  "overprotective": -2,
  "overreact": -2,
  "overreacted": -2,
  "overreaction": -2,
  "overreacts": -2,
  "oversell": -2,
  "overselling": -2,
  "oversells": -2,
  "oversimplification": -2,
  "oversimplified": -2,
  "oversimplifies": -2,
  "oversimplify": -2,
  "oversold": -2,
  "overstatement": -2,
  "overstatements": -2,
  "overweight": -1,
  "overwrought": -3,
  "ovu": -2,
  "ovyo": -2,
  "pamoja": 1,
  "pamoja na utajiri wake": 2,
  "panics": -3,
  "papara": -2,
  "parley": -1,
  "passionate": 2,
  "passively": -1,
  "pathetic": -2,
  "pato la": -2,
  "peke yake": -2,
  "pekutevu": -1,
  "penalize": -2,
  "peponi": 3,
  "perturbed": -2,
  "pesky": -2,
  "pessimism": -2,
  "pevu": -2,
  "phobic": -2,
  "picturesque": 2,
  "pigo": -3,
  "Pileup": -1,
  "pingamizi": 2,
  "pingwa": -2,
  "pique": -2,
  "piqued": -2,
  "piss": -4,
  "pissed": -4,
  "pissing": -3,
  "piteous": -2,
  "playful": 2,
  "plodding": -2,
  "poignant": 2,
  "pointless": -2,
  "pole": -1,
  "polished": 2,
  "polite": 2,
  "polluter": -2,
  "pongezi": 2,
  "postpones": -1,
  "potofu": -2,
  "potovu": -2,
  "prblm": -2,
  "prblms": -2,
  "pretty": 1,
  "prick": -5,
  "profiteer": -2,
  "propaganda": -2,
  "prosecutes": -1,
  "pseudoscience": -3,
  "psychopathic": -2,
  "pumbao": 3,
  "punda": -4,
  "pungufu": -1,
  "Punguza": -2,
  "punguzo": -1,
  "puzzled": -2,
  "quaking": -2,
  "questionable": -2,
  "radhi": 3,
  "rafiki": 1,
  "rageful": -2,
  "raha": 2,
  "rahisi": 1,
  "rant": -3,
  "ranter": -3,
  "ranters": -3,
  "rants": -3,
  "raptures": 2,
  "rapturous": 4,
  "reassures": 1,
  "reckless": -2,
  "refines": 1,
  "refreshingly": 2,
  "relentless": -1,
  "reliably": 2,
  "relieves": 1,
  "relieving": 2,
  "relishing": 2,
  "repercussion": -2,
  "reprimanded": -2,
  "reprimanding": -2,
  "reprimands": -2,
  "restful": 2,
  "retard": -2,
  "retarded": -2,
  "ridhaa": 2,
  "rig": -1,
  "risasi": -1,
  "riveting": 3,
  "riwaya": 2,
  "robed": -2,
  "robs": -2,
  "rofl": 4,
  "roflcopter": 4,
  "roflmao": 4,
  "roho": 1,
  "romance": 2,
  "romantical": 2,
  "romantically": 2,
  "rotfl": 4,
  "rotflmfao": 4,
  "rotflol": 4,
  "rufaa": 2,
  "rushwa": -3,
  "rutuba": 2,
  "ruzuku": 1,
  "sababu ya kujitetea": -3,
  "sababu ya matendo maovu": -2,
  "safi": 1,
  "Safi": 3,
  "sahihi": 2,
  "salama": 2,
  "salamu": 1,
  "salient": 1,
  "salute": 2,
  "sana": -3,
  "sappy": -1,
  "sarcastic": -2,
  "savange": -2,
  "savanges": -2,
  "scams": -2,
  "scapegoats": -2,
  "scare": -2,
  "scoop": 3,
  "scum": -3,
  "scumbag": -4,
  "seamlessly": 2,
  "Secures": 2,
  "serene": 2,
  "sexistic": -2,
  "sexy": 3,
  "shabiki": 3,
  "shaka": -1,
  "shaky": -2,
  "shambulio": -2,
  "shattered": -2,
  "shauku": 1,
  "shenzi": -2,
  "sherehe": 2,
  "shiba": 2,
  "shida": -2,
  "shinikizo": -1,
  "shit": -4,
  "shithead": -4,
  "shitty": -3,
  "shoka": -1,
  "shoody": -2,
  "Shower": -3,
  "shujaa": 2,
  "shukrani": 2,
  "shupavu": -2,
  "shutuma": -2,
  "shwari": 2,
  "Si nzuri": -2,
  "sifa": 2,
  "sifa mbaya": -2,
  "sigh": -2,
  "sihiri": 3,
  "sikitisha": -2,
  "silly": -1,
  "sincerest": 2,
  "singleminded": -2,
  "sinister": -2,
  "slam": -2,
  "slashed": -2,
  "slicker": 2,
  "slickest": 2,
  "sloppy": -2,
  "slumping": -1,
  "slut": -5,
  "smart": 1,
  "smartest": 2,
  "smear": -2,
  "smiles": 2,
  "smog": -2,
  "snubbed": -2,
  "snubbing": -2,
  "snubs": -2,
  "solidified": 2,
  "solidifying": 2,
  "somber": -2,
  "soothing": 3,
  "spammer": -3,
  "spammers": -3,
  "spamming": -2,
  "sparkle": 3,
  "sparkles": 3,
  "sparkling": 3,
  "spirited": 2,
  "spiritless": -2,
  "sprightly": 2,
  "squandered": -2,
  "squanders": -2,
  "squelched": -1,
  "staajabiwa": 3,
  "stamina": 2,
  "Star": -2,
  "Star up": -3,
  "starehe": 2,
  "starves": -2,
  "stifled": -1,
  "stimulates": 1,
  "stinked": -2,
  "stinker": -2,
  "stinking": -2,
  "stinks": -2,
  "stinky": -2,
  "story": -2,
  "strangely": -1,
  "stressor": -2,
  "stressors": -2,
  "strikt": 3,
  "stunned": -2,
  "stunning": 4,
  "stupidly": -2,
  "styrkefaktorer": 2,
  "suave": 2,
  "subiri": 2,
  "subpoena": -2,
  "subversive": -2,
  "Suck": -3,
  "sucks": -3,
  "sue": -2,
  "sueing": -2,
  "Sues": -2,
  "sufferer": -2,
  "suicides": -2,
  "sulking": -2,
  "sumbufu": -2,
  "sumu": -2,
  "super": 3,
  "superb": 5,
  "survivor": 2,
  "suspecting": -1,
  "sweetest": 3,
  "swindles": -3,
  "taabu": -2,
  "tabasamu": 2,
  "tafadhali": 1,
  "tafakari": 1,
  "tahadhari": -1,
  "taint": -2,
  "tainted": -2,
  "tajiri": 2,
  "taka": -1,
  "takataka": -1,
  "tamaa": -3,
  "tamu": 3,
  "tandawaa": -1,
  "tard": -2,
  "tarnish": -2,
  "tarnishes": -2,
  "tatizo": -2,
  "tayari": 1,
  "tenda uovu": -2,
  "terrifically": 4,
  "terrorized": -3,
  "terrorizes": -3,
  "tetemeko": -2,
  "thamani": 2,
  "thwarting": -2,
  "thwarts": -2,
  "tia moyo": 2,
  "tija": -2,
  "tillstyrker": 2,
  "timamu": -2,
  "timid": -2,
  "tishio": -2,
  "tits": -2,
  "tops": 2,
  "totalitarianism": -2,
  "touting": -2,
  "tranquil": 2,
  "trapped": -2,
  "treasonous": -3,
  "tremulous": -2,
  "Troll": -2,
  "tuhuma": -2,
  "tukufu": 2,
  "Tukufu": 2,
  "tulivu": 2,
  "tumekurahisisha": -2,
  "tumeshindwa": -2,
  "tumor": -2,
  "Tunaomba": 2,
  "tunaugua": -2,
  "tupu": -1,
  "tusi": -2,
  "tuzo": 3,
  "tvekar": -2,
  "twat": -5,
  "tyran": -3,
  "tyrannic": -3,
  "tyrannical": -3,
  "tyrannically": -3,
  "tyrans": -3,
  "uadilifu": 2,
  "uadui": -2,
  "uaminifu": 3,
  "uamuzi": -1,
  "uangalizi": -1,
  "uasherati": -4,
  "uasi": -2,
  "ubadhirifu": -3,
  "ubaguzi": -2,
  "ubaguzi wa rangi": -3,
  "ubakaji": -4,
  "ubaradhuli": -2,
  "ubatili": -2,
  "ubaya": -3,
  "ubinafsi": -3,
  "ubiquitous": 2,
  "ubishi": -2,
  "ubora": 3,
  "uboreshaji": 2,
  "ubunifu": 2,
  "uchafu": -2,
  "uchafuzi": -2,
  "ucheshi": 2,
  "uchochezi": -2,
  "uchokozi": -2,
  "uchovu": -2,
  "uchoyo": -3,
  "uchukivu": -3,
  "uchumi": -2,
  "uchungu": -2,
  "udanganyifu": -3,
  "udhaifu": -2,
  "udhalilishaji": -3,
  "udhalimu": -2,
  "udhuru": -1,
  "ufanisi": -2,
  "ufumbuzi": 1,
  "ugh": -2,
  "ugly": -3,
  "ugomvi": -2,
  "ugonjwa": -1,
  "ugumu wa maisha": -2,
  "uhaba": -2,
  "uhaini": -3,
  "uhakika": -1,
  "uhalifu": -3,
  "uharibifu": -2,
  "uhasama": -2,
  "uhisani": 2,
  "uhuni": -2,
  "uhuru": 2,
  "ujana": 2,
  "ujanja": 2,
  "ujasiri": 2,
  "ujinga": -2,
  "ukaidi": -2,
  "ukali": 3,
  "ukamilifu": 3,
  "ukandamizaji": -2,
  "ukarimu": 3,
  "ukatili": -3,
  "ukimya": -2,
  "ukitoa sauti kubwa": -1,
  "ukiukaji": -2,
  "ukiukwaji": -3,
  "ukiwa": -2,
  "uko": -2,
  "ukosefu": -2,
  "ukosefu wa ajira": -2,
  "ukuaji": 2,
  "ulaghai": -4,
  "ulemavu": -2,
  "ulinzi": 1,
  "uliopo": -2,
  "uliotolewa": 1,
  "ulitarajiwa": -2,
  "umaarufu": 3,
  "umabavu": -2,
  "umaskini": -1,
  "umekamilika": 2,
  "umesitishwa": -2,
  "umoja": 1,
  "umuhimu": 1,
  "umwagaji damu": -3,
  "unaharibu": -2,
  "unakabiliwa": -2,
  "unakosoa": -2,
  "unaochoma": -2,
  "unaofanywa": -2,
  "unaosababisha ulemavu": -2,
  "unappeasable": -2,
  "unappreciated": -2,
  "unapproved": -2,
  "unataka": 1,
  "unatishia": -2,
  "unattractive": -2,
  "unaua": -3,
  "unavailing": -2,
  "unaweza \"t kusimama": -3,
  "unazuia": -3,
  "unbearable": -2,
  "unbelievable": -1,
  "unbiased": 2,
  "uncredited": -1,
  "underestimate": -1,
  "underestimated": -1,
  "underestimates": -1,
  "underperformed": -2,
  "underperforming": -2,
  "underperforms": -2,
  "undesirable": -2,
  "uneasy": -2,
  "unequaled": 2,
  "unethical": -2,
  "uneventful": -2,
  "unfitted": -2,
  "unfocused": -2,
  "unfulfilled": -2,
  "unfunny": -2,
  "ungenerous": -2,
  "unimaginative": -2,
  "uninspired": -2,
  "unintentional": -2,
  "uninvolving": -2,
  "unlovable": -2,
  "unloved": -2,
  "unmatched": 1,
  "unmotivated": -2,
  "unono": 3,
  "unoriginal": -2,
  "unparliamentary": -2,
  "unpleasant": -2,
  "unprofessional": -2,
  "unravel": 1,
  "unreleting": -2,
  "unresearched": -2,
  "unscientific": -2,
  "unsecured": -2,
  "unsold": -1,
  "unsophisticated": -2,
  "unstoppable": 2,
  "untarnished": 2,
  "untrue": -2,
  "unyakuo": 2,
  "unyama": -2,
  "unyanyasaji": -3,
  "unyarafu": -3,
  "unyenyekevu": 1,
  "unyonge": -2,
  "uokoaji": -1,
  "uondoaji": -3,
  "uonevu": -2,
  "uongo": -1,
  "uongozi": 1,
  "upande wa chini": -2,
  "upande wa mashtaka": -1,
  "upele": -2,
  "upendeleo": -1,
  "upendo": 2,
  "upendo fucking": 4,
  "uplifting": 2,
  "uporaji": -2,
  "upsetting": -2,
  "uptight": -2,
  "upumbavu": -3,
  "upungufu": -2,
  "upweke": -2,
  "urafiki": 2,
  "Urafiki": -1,
  "usafi": 2,
  "usaha": -2,
  "usalama": -2,
  "usaliti": -3,
  "usawa": -1,
  "ushawishi": -2,
  "ushawishi mkubwa": 2,
  "ushindani": 2,
  "ushindi": 4,
  "ushujaa": -2,
  "usifadhaike": -2,
  "usingizi": -2,
  "usio na ubinafsi": 2,
  "usiokuwa": -2,
  "usiweze": -2,
  "ustawi": 2,
  "usumbufu": -2,
  "utafutaji": 1,
  "utajiri": 3,
  "utambuzi": 2,
  "utamu": 3,
  "utani": 2,
  "utapeli": -2,
  "utata": -2,
  "utatanishi": -1,
  "utayari": 2,
  "utekaji": -2,
  "utekaji nyara": -2,
  "uti wa mgongo wa": 1,
  "utoaji": 1,
  "utovu wa nidhamu": -2,
  "utowaji": 2,
  "utu": -2,
  "utukufu": 2,
  "utumwa": -3,
  "utundu": -1,
  "utupu": -1,
  "uutu": -2,
  "uvamizi": -1,
  "uvivu": -2,
  "uvumba": -2,
  "uvundo": -2,
  "uvunjaji": -2,
  "uwazi": 2,
  "uwezekano": -1,
  "uwezeshaji": 2,
  "uwezo": 1,
  "uwiano": 1,
  "uzembe": -2,
  "uzuio": -2,
  "uzuri": 3,
  "vapid": -2,
  "vexing": -2,
  "viatu vya wazi": -2,
  "vibaya": 2,
  "victimizes": -3,
  "vifo": -3,
  "vikwazo": -2,
  "vilema": -2,
  "vilivyopikwa": -2,
  "vindicated": 2,
  "vindicates": 2,
  "vindicating": 2,
  "vipaji": 2,
  "vipuuza": -1,
  "virulent": -2,
  "Visa": 3,
  "vita": -1,
  "vitality": 3,
  "vitalu": -1,
  "vitamini": 1,
  "vitisho": -2,
  "vitriolic": -3,
  "vituo": -1,
  "vivacious": 3,
  "vividly": 2,
  "vivutio": 2,
  "viza": -1,
  "vizuizi": -1,
  "vizuri": 2,
  "vizuriumakini": 2,
  "vizuri groomed": 2,
  "vizuri maendeleo": 2,
  "vizuri proportioned": 2,
  "vizuri yaliongozwa": 3,
  "vomited": -3,
  "vurugika": -2,
  "vurugu": -3,
  "vurugukuhusiana": -3,
  "vyema": 1,
  "vyeo": 2,
  "vyombo": 1,
  "waaminifu": 3,
  "waandamanaji": -2,
  "waasi": -2,
  "waathirika": -3,
  "wabaguzi": -3,
  "wachafuzi": -2,
  "wadanganyifu": -4,
  "wafadhili": 2,
  "wafiwa": -2,
  "wafu": -3,
  "wafuasi": 1,
  "wafungwa": -2,
  "wagonjwa": -2,
  "wahalifu": -3,
  "wahuni": -2,
  "wahusika": -2,
  "wajanja": 2,
  "wajibu": 1,
  "wajinga": -2,
  "wakamcheka": -2,
  "wakihofia": -2,
  "wakijadiliana": -2,
  "wakipambana": -2,
  "wakipinga": -2,
  "wakishangilia": 2,
  "wakisubiri": -1,
  "wakitoa": 2,
  "wakosoaji": -2,
  "walao": -2,
  "walichangia": 2,
  "walifurahi": 4,
  "Waliikosoa": -3,
  "walikubaliana": 1,
  "walilalamikia": -3,
  "walioathirika": -1,
  "waliokabidhiwa": 2,
  "waliokata tamaa": -2,
  "waliokolewa": 2,
  "waliopotea": -3,
  "waliowachukia": -3,
  "walipenda": 2,
  "walishangaa": 2,
  "walishirikiana": 2,
  "waliyoyapata": -2,
  "walkout": -2,
  "walkouts": -2,
  "wamechoka": -2,
  "wamepotea": -2,
  "wamesahau": -1,
  "wametengwa": -1,
  "wamevunja": -2,
  "wanaamini": 1,
  "wanaathirika": -2,
  "Wanafurahia": 3,
  "wanaishi": 2,
  "wanajulikana": 2,
  "wanakumbana": -3,
  "wanaosumbuliwa": -2,
  "wanaotaka": 1,
  "wanapata shida": -2,
  "wanashangaa": -2,
  "wanasumbuliwa": -3,
  "wanataka": 1,
  "wanker": -3,
  "wanyenyekevu": 1,
  "wanyonge": -2,
  "waoga": -2,
  "waongo": -3,
  "waovu": -2,
  "wapenzi": 2,
  "wapiga debe": -2,
  "Wapongezwa": 2,
  "wapumbavu": -2,
  "warmhearted": 2,
  "warmness": 2,
  "wasaa": 1,
  "wasahaulifu": -2,
  "washambuliaji": -2,
  "washindi": 3,
  "wasio na makazi": -2,
  "wasio na shukrani": -3,
  "wasiojiweza": -2,
  "wasiojua": -2,
  "wasiostahili": -2,
  "wasiwasi": -3,
  "watalipwa": 2,
  "watapata": -1,
  "watazamaji": -1,
  "watetezi": -2,
  "watu wenye msimamo mkali": -2,
  "watuhumiwa": -1,
  "watumwa": -2,
  "waudhi": -2,
  "wavivu": -1,
  "wavumilivu": 2,
  "wazi": -1,
  "wazimu": -3,
  "weird": -2,
  "wema": 2,
  "wenye kukataa": -2,
  "wenye wasiwasi": -2,
  "wepesi": -2,
  "winwin": 3,
  "wits": 2,
  "wivu": -1,
  "wizi": -2,
  "wizi wa kura": -1,
  "woebegone": -2,
  "wokovu": 2,
  "won": 3,
  "woo": 3,
  "Wooo": 4,
  "Woow": 4,
  "worsens": -3,
  "wow": 4,
  "wowow": 4,
  "wowww": 4,
  "wrongful": -2,
  "wtf": -4,
  "wtff": -4,
  "wtfff": -4,
  "xo": 3,
  "xoxo": 3,
  "XOXOXO": 4,
  "xoxoxoxo": 4,
  "yafuta": 2,
  "yakamilisha": 2,
  "yalikataliwa": -2,
  "yaliongozwa": 2,
  "yaliyoathirika": -2,
  "yaliyopo": 1,
  "yametimia": 2,
  "yanaangamiza": -2,
  "yanachochea": -2,
  "yanayohusika": -2,
  "yanayotisha": 1,
  "Yapotoshwa": -2,
  "yasiyo na msingi": -2,
  "yasiyofaa": -2,
  "yasiyokuwa ya afya": -2,
  "yeah": 1,
  "yeees": 2,
  "yenye ladha": 3,
  "Yesu kutoa maisha": -2,
  "yucky": -2,
  "yumba": -1,
  "za dhati": 3,
  "zabuni": 2,
  "zaidi": 3,
  "zama": -2,
  "zawadi": 2,
  "zealots": -2,
  "Zelote": -2,
  "zenye kupingana zenyewe": -2,
  "zikiathiri": -3,
  "zilizowekwa": -1,
  "zilizozoeleka": -2,
  "zimbaa": -2,
  "zinakabiliwa": -2,
  "zinatarajia": -2,
  "zinazohusisha": 2,
  "zisizohitajika": -2,
  "zisizopendwa": -2
}