{
  "ondersteunde": -2,
  "aaklig": -3,
  "aaklige": -3,
  "aan die kaak stel": -2,
  "aanbeveel": 2,
  "aanbid": 3,
  "aanbidding": 3,
  "Aanbidding": 3,
  "aanboord": 1,
  "aandag": -2,
  "aandeel": 1,
  "aandele": 1,
  "aangehelp": 1,
  "aangehou": -2,
  "aangekla": -3,
  "aangemoedig": 2,
  "aangenaam": 2,
  "aangename": 3,
  "aangesteek": -2,
  "aangetrokke": 1,
  "aangeval": -1,
  "aangrypende": 2,
  "aanhou": -2,
  "aanhouding": -2,
  "aanmoediging": 2,
  "aanranding": -2,
  "aanrandings": -2,
  "aansienlik": 1,
  "aansienlike": 1,
  "aanskakel": -1,
  "aanslaan": -2,
  "aanspraakmaker": -1,
  "aansteeklik": -1,
  "aansteeklike": -2,
  "aanstoot": -2,
  "aanstootlik": -2,
  "aantas": -2,
  "aantrekking": 2,
  "aantreklik": 2,
  "aantreklike": 2,
  "aantreklikhede": 2,
  "aantreklikheid": 2,
  "aanvaar": 1,
  "aanvaarbare": 1,
  "aanvaarde": 1,
  "aanvaarding": 1,
  "aanval": -1,
  "aanvalle": -1,
  "aanvallend": -2,
  "aanvegbaar": -2,
  "aardig": 2,
  "aborteer": -1,
  "absolves": 2,
  "absolving": 2,
  "accomplishes": 2,
  "adorable": 3,
  "afbreuk": -1,
  "affectionateness": 3,
  "afgedank": -2,
  "afgekeur": -2,
  "afgelei": -2,
  "afgepers": -3,
  "afgewag": -1,
  "afgeweer": -1,
  "afgewyk": -2,
  "afguns": -1,
  "afhanklik": 2,
  "afkeer": -2,
  "afkerig": -3,
  "afkeur": -2,
  "afkeurende": -2,
  "afkeuring": -2,
  "afkraak": -2,
  "afleiding": -2,
  "afpers": -3,
  "afpersing": -3,
  "afsettery": -3,
  "afskrikmiddel": -2,
  "afsku": -3,
  "afskuwelike": -3,
  "afslag": -1,
  "afstootlik": -2,
  "afval": -1,
  "afvuur": -2,
  "afwagting": 1,
  "afweermiddel": -2,
  "afwesige": -1,
  "afwesiges": -1,
  "afzetterij": -2,
  "aggressie": -2,
  "aggressiewe": -2,
  "agonises": -3,
  "agonizes": -3,
  "agteruit gaan": -2,
  "agting": 2,
  "aktiewe": 1,
  "alarm": -2,
  "alarmists": -2,
  "alleen": -2,
  "allergiese": -2,
  "alomteenwoordige": 2,
  "altruïstiese": 2,
  "ambisieuse": 2,
  "ambivalente": -1,
  "amuseer": 3,
  "Angers": -3,
  "angs": -3,
  "angstig": -2,
  "antagonistiese": -2,
  "anti": -1,
  "apatie": -3,
  "apaties": -3,
  "apeshit": -3,
  "apokaliptiese": -2,
  "applous": 2,
  "armer": -2,
  "armoede": -1,
  "armste": -2,
  "arne": 3,
  "arrestasies": -2,
  "arrogante": -2,
  "asemrowende": 5,
  "asseblief": 1,
  "Assfucking": -4,
  "asshole": -4,
  "aura": 1,
  "Avenged": -2,
  "Avengers": -2,
  "averts": -1,
  "avonture": 2,
  "avontuur": 2,
  "avontuurlike": 2,
  "badass": -3,
  "bailout": -2,
  "bamboozled": -2,
  "bamboozles": -2,
  "bang": -2,
  "bankjes": -2,
  "bankrot": -3,
  "bankrotskap": -3,
  "bankster": -3,
  "barbaarse": -2,
  "barmhartige": 2,
  "bastards": -5,
  "bate": 2,
  "bates": 2,
  "bedaar": 2,
  "bedank": -1,
  "bedeesd": -2,
  "bedeesde": -2,
  "bederf": -3,
  "bedorwe": -2,
  "bedreig": -2,
  "bedreiging": -2,
  "bedreigings": -2,
  "bedrieër": -2,
  "bedrieërs": -4,
  "bedrieg": -3,
  "bedrieglijk": -4,
  "bedrieglike": -3,
  "bedroef": -2,
  "bedroefde": -2,
  "bedrog": -3,
  "beduidende": 1,
  "beet neem": -2,
  "begeerte": 1,
  "begeesterde": 2,
  "begenadig": 2,
  "begenadiging": 2,
  "begrafnis": -1,
  "begrafnisse": -1,
  "begroet": 2,
  "behoeftige": -2,
  "behou": -1,
  "beïndruk": -2,
  "bekamp": -1,
  "beklemtoon": -2,
  "bekommer": -3,
  "bekommerd": -3,
  "bekommernisse": -3,
  "bekoor": 3,
  "bekoorlike": 3,
  "bekorend": 3,
  "bekoring": 3,
  "bekostigbaar": 2,
  "bekragtig": 1,
  "bekroonde": 2,
  "belaglik": -3,
  "belange": 1,
  "belangrik": 2,
  "belangrikheid": 2,
  "belangstel": 2,
  "belas": -2,
  "beledig": -2,
  "beledigende": -3,
  "belediging": -2,
  "beledigings": -2,
  "beleef": 2,
  "beleefd": 2,
  "beleefde": 2,
  "beleefdheid": 2,
  "beleidig": -2,
  "belemmer": -2,
  "belemmerende": -2,
  "belofte": 1,
  "beloftes": 1,
  "beloning": 2,
  "belonings": 2,
  "beloon": 2,
  "belowe": 1,
  "bemagtig": 2,
  "bemagtiging": 2,
  "bemoedigend": 2,
  "bemoeilik": -2,
  "benadeel": -2,
  "benadeelde": -2,
  "benadeling": -2,
  "benijdt": -1,
  "benoud": -2,
  "benoudhede": -2,
  "bepaal": 2,
  "beperk": -2,
  "beperkende": -1,
  "beperking": -2,
  "beperkte": -1,
  "bepleit": -2,
  "bereid": 1,
  "bereik": 1,
  "bereikbare": 1,
  "berispe": -2,
  "beroemde": 2,
  "beroep": 2,
  "beroering": 2,
  "berokken": -2,
  "beroof": -2,
  "berou": -2,
  "berowe": -2,
  "berug": -2,
  "beseer": -2,
  "besering": -2,
  "beserings": -2,
  "besig om": 2,
  "besitlik": -2,
  "beskaamd": -2,
  "beskadig": -3,
  "beskerm": 1,
  "beskou": -2,
  "beskuldig": -2,
  "beskuldigde": -2,
  "beskuldiging": -2,
  "beskuldigings": -2,
  "beslissende": 1,
  "besluiteloos": -2,
  "besmet": -2,
  "besmette": -2,
  "besmetting": -2,
  "besoedel": -2,
  "besoedelaar": -2,
  "besoedelaars": -2,
  "besoedelde": -2,
  "besoedelende": -2,
  "besoedeling": -2,
  "bespot": -2,
  "bespotting": -2,
  "beste": 3,
  "beste damn": 4,
  "bestoking": -2,
  "bestraffende": -2,
  "bestry": -1,
  "beswaard": -2,
  "betaal": -1,
  "betaamlik": 2,
  "betamen": 2,
  "betekenis": 1,
  "betekenisloos": -2,
  "betekenisvolle": 2,
  "beter": 2,
  "betogers": -2,
  "betower": 2,
  "betrek": 1,
  "betreur": -3,
  "betroubaar": 2,
  "betroubaarheid": 2,
  "betroubare": 2,
  "betwis": -2,
  "betwiste": -2,
  "beveel": 2,
  "bevoegde": 2,
  "bevoordeel": 2,
  "bevooroordeeld": -2,
  "bevoorregte": 2,
  "bevorder": 1,
  "bevordering": 1,
  "bevraagteken": -1,
  "bevraagtekening": -1,
  "bevrediging": 2,
  "bewe": -2,
  "bewering": -2,
  "bewerings": -2,
  "bewerkstellig": 2,
  "bewing": -2,
  "bewonder": 3,
  "bid": 1,
  "Bid": 1,
  "billike": 2,
  "bisarre": -2,
  "bitter": -3,
  "bitterlik": -2,
  "bitterste": -2,
  "blaam": -2,
  "blah": -2,
  "blameer": -2,
  "bliksem": -5,
  "blind": -1,
  "Bliss": 3,
  "blockbuster": 3,
  "bloedige": -3,
  "blok": -1,
  "blokkade": -2,
  "blokke": -1,
  "blokkeer": -1,
  "bloot": -1,
  "bloot te stel": -1,
  "blootgestel": -1,
  "bly": 3,
  "blydskap": 3,
  "boeiend": 3,
  "boek": 2,
  "boelie": -2,
  "boelies": -2,
  "boetes": -2,
  "boikot": -2,
  "boikotte": -2,
  "bom": -1,
  "bondgenoot": 2,
  "bose": -2,
  "bots": -1,
  "botsende": -2,
  "botsing": -2,
  "botsings": -2,
  "braak": -3,
  "braking": -3,
  "braveness": 2,
  "breek": -1,
  "Brei": 1,
  "breinspoeling": -3,
  "briljant": 4,
  "briljantheid": 3,
  "brilliances": 3,
  "bruto": -2,
  "buit": -2,
  "bullshit": -4,
  "bummer": -2,
  "byl": -1,
  "censor": -2,
  "chagrined": -2,
  "chan opbreek": -3,
  "chaos": -2,
  "chaotiese": -2,
  "charisma": 2,
  "charmless": -3,
  "cheater": -3,
  "cheaters": -3,
  "cheats": -3,
  "cheers": 2,
  "chic": 2,
  "classy": 3,
  "Clears": 1,
  "clueless": -2,
  "cocksucker": -5,
  "cocksuckers": -5,
  "conciliates": 2,
  "consolable": 2,
  "constant": 2,
  "contagions": -2,
  "cool stuff": 3,
  "courageousness": 2,
  "crappy": -3,
  "crazier": -2,
  "criminated": -3,
  "criminates": -3,
  "cunt": -5,
  "cynicus": -2,
  "daarin geslaag": 3,
  "daaropvolgende": 3,
  "dagvaar": -2,
  "dagvaarding": -2,
  "damn": -2,
  "damn goeie": 4,
  "damn oulik": 3,
  "dankbaar": 2,
  "dankie": 2,
  "dapper": 2,
  "dapperheid": 2,
  "dartel": 2,
  "deernis": 2,
  "defek": -3,
  "defekte": -3,
  "deformiteite": -2,
  "defrauds": -3,
  "dehumaniseren": -2,
  "dehumanizes": -2,
  "dejecting": -2,
  "dejects": -2,
  "demonstrasie": -1,
  "demoraliseer": -2,
  "demoraliserende": -2,
  "demoralizes": -2,
  "denier": -2,
  "deniers": -2,
  "denkende": -2,
  "deportasie": -2,
  "deportasies": -2,
  "deporteer": -2,
  "depressief": -2,
  "depressiewe": -2,
  "derails": -2,
  "desperaat": -3,
  "desperate": -3,
  "deugsame": 2,
  "deurbraak": 3,
  "deurdagte": 2,
  "deurmekaar": -2,
  "diamant": 1,
  "Dick": -4,
  "die instansie": 2,
  "die moeite werd": 2,
  "die oplossing van": 2,
  "dilemma": -1,
  "dipshit": -3,
  "disconsolation": -2,
  "disfunksie": -2,
  "disguising": -1,
  "diskrimineer": -2,
  "diskriminerende": -2,
  "disparaged": -2,
  "disrespek": -2,
  "dodelike": -2,
  "dodging": -2,
  "dodgy": -2,
  "doelgerigte": 2,
  "dom": -1,
  "domkop": -3,
  "doneert": 2,
  "donker": -2,
  "donkerste": -2,
  "dont like": -2,
  "dood": -2,
  "dood te maak": -3,
  "dood verklaar": -2,
  "doodmaak": -3,
  "dooiepunt": -2,
  "dour": -2,
  "Downer": -2,
  "Dowwe": -2,
  "draaierig": -2,
  "dreig": -2,
  "dreigend": -2,
  "dreigende": -1,
  "Driftige": -3,
  "dringende": -1,
  "droefgeestig": -2,
  "droewige": -2,
  "Drol": -3,
  "drome": 1,
  "dronk": -2,
  "droom": 1,
  "droopy": -2,
  "drop": -1,
  "druiloor": -1,
  "druk": -1,
  "drukkie": 2,
  "drukkies": 2,
  "dryf die spot met": -2,
  "duidelik": 1,
  "duidelikheid": 2,
  "duik": -2,
  "duiselig": -1,
  "duisternis": -1,
  "duur": 3,
  "duursaam": 2,
  "dwaas": -2,
  "dwang": -2,
  "dwase": -2,
  "dweper": -2,
  "edele": 2,
  "edelste": 2,
  "eensaam": -2,
  "eenvoud": 1,
  "eer": 2,
  "eerlik": 2,
  "effektief": 2,
  "effektiewe": 2,
  "effektiwiteit": 2,
  "eienskappe": 2,
  "eina": -2,
  "eise": -1,
  "eksklusiewe": 2,
  "eksplorasie": 1,
  "ekstase": 4,
  "ekstremiste": -2,
  "ekstremistiese": -2,
  "elegant": 2,
  "elegante": 2,
  "ellende": -2,
  "empatiese": 2,
  "endossement": 2,
  "energieke": 2,
  "enraging": -2,
  "enslaves": -2,
  "entoesiastiese": 3,
  "erg": -2,
  "erger": -3,
  "ergernis": -2,
  "ergste": -3,
  "erken": -1,
  "erkenning": 2,
  "erns": 2,
  "ernstig": -2,
  "ernstige": -2,
  "ErrorUndefined": 2,
  "ErrorWithTranslation": -2,
  "eties": 2,
  "euforie": 3,
  "euforiese": 4,
  "evergreening": -3,
  "exasparate": -2,
  "exasperates": -2,
  "exhilarates": 3,
  "exultantly": 3,
  "fag": -3,
  "faggot": -3,
  "faggots": -3,
  "Fakes": -3,
  "fan": 3,
  "fantastiese": 4,
  "fascineren": 3,
  "fasciste": -2,
  "fascistiese": -2,
  "fassinerende": 3,
  "favorites": 2,
  "feeks": -4,
  "feestelike": 2,
  "felste": -2,
  "fiasko": -3,
  "fietse": 2,
  "fiksheid": 1,
  "filantropie": 2,
  "flink": 2,
  "flop": -2,
  "flops": -2,
  "flou": -2,
  "flous": -2,
  "fobiese": -2,
  "fok": -4,
  "fokken fantastiese": 4,
  "fokken goeie": 4,
  "fokken groot": 4,
  "fokken ongelooflike": 4,
  "fokken oulike": 4,
  "fokken perfek": 4,
  "fokken warm": 2,
  "fokker": -4,
  "fokkers": -4,
  "folterende": -3,
  "foreclosures": -2,
  "fortuin": 2,
  "fout": -2,
  "foute": -2,
  "foutief": -3,
  "foutiewe": -2,
  "foutloos": 2,
  "frats": -2,
  "frikin": -2,
  "frons": -1,
  "frustrasie": -2,
  "frustreer": -2,
  "frustrerende": -2,
  "FTW": 3,
  "fuck head": -4,
  "fucked": -4,
  "fuckface": -4,
  "fuckin": -4,
  "fucking": -4,
  "fucking liefde": 4,
  "fucking liefdes": 4,
  "fucking pragtige": 4,
  "fucktard": -4,
  "FUD": -3,
  "fuked": -4,
  "fuking": -4,
  "funky": 2,
  "fyn": 2,
  "fynste": 3,
  "gag": -2,
  "galant": 3,
  "galante": 3,
  "gat": -4,
  "geaborteer": -1,
  "geabsorbeer": 1,
  "Geagte": 2,
  "geamuseerd": 3,
  "gebaat": 2,
  "gebalanseerde": 1,
  "geblameer": -2,
  "geblokkeer": -1,
  "geboelie": -2,
  "geboikot": -2,
  "gebraak": -3,
  "gebreek": -1,
  "gebrek": -2,
  "gebrekkig": -3,
  "gebroke": -1,
  "gedaal": -1,
  "gedagvaar": -2,
  "gedeel": 1,
  "gedemoraliseer": -2,
  "gedeporteer": -2,
  "gediskrediteer": -2,
  "gediskrimineer": -2,
  "gediskwalifiseer": -2,
  "gedoem": -2,
  "gedra": -1,
  "gedreig": -2,
  "gedreineer": -2,
  "gedwing": -2,
  "geëis": -1,
  "geen": -1,
  "geen pret": -3,
  "gees": 1,
  "geeslose": -2,
  "gefassineer": 3,
  "gefnuik": -2,
  "gefokus": 2,
  "gefrustreerd": -2,
  "geglimlag": 2,
  "gegrief": -2,
  "gegroet": 2,
  "gehaat": -3,
  "gehalte": 2,
  "geharde": 2,
  "gehospitaliseer": -2,
  "gehuil": -2,
  "geïgnoreer": -2,
  "geïmmobiliseer": -1,
  "geïndoktrineer": -2,
  "geïnspireer": 2,
  "geïntimideer": -2,
  "geïrriteerd": -3,
  "geïsoleerde": -1,
  "gejuig": 2,
  "gek": -2,
  "gekanselleer": -1,
  "gekap": -2,
  "gekerm": -2,
  "gekla": -2,
  "gekneus": -2,
  "geknoei": -2,
  "gekoesterde": 2,
  "gekomplimenteer": 2,
  "gekritiseer": -2,
  "gekste": -2,
  "gelag": 1,
  "geleenthede": 2,
  "geleentheid": 2,
  "geliefd": 3,
  "geliefde": 3,
  "geliefdes": -1,
  "gelieg": -2,
  "geloof": 1,
  "gelowiges": -2,
  "geluk": 3,
  "gelukkig": 3,
  "Gelukkig": 3,
  "gelukkigste": 3,
  "gelukwens": 2,
  "gelukwensing": 2,
  "gely": -2,
  "gemak": 2,
  "gemaklik": 2,
  "gemanipuleer": -1,
  "gemartel": -4,
  "geminag": -2,
  "gemis": -2,
  "gemoderniseer": 2,
  "gemoedelike": 3,
  "gemors": -2,
  "gemorspos": -2,
  "gemotiveer": 2,
  "gemuilband": -2,
  "genade": 2,
  "genadig": 3,
  "Geneig": -2,
  "geniet": 2,
  "genot": 3,
  "genotvolle": 2,
  "gepla": -2,
  "gepleeg": -2,
  "gepoleerde": 2,
  "gepos": -1,
  "geprikkel": -2,
  "geprys": 3,
  "geraak": -1,
  "gered": 2,
  "gereed": -2,
  "geregtig": 1,
  "geregtigheid": 2,
  "geregverdig": 2,
  "Geregverdig": 2,
  "gerespekteerde": 2,
  "gerief": 2,
  "geriewe": 2,
  "geroep": -1,
  "Gerugsteun": 1,
  "gerusgestel": 1,
  "gerusstel": 1,
  "gerusstellend": 2,
  "gesellige": 2,
  "gesensor": -2,
  "geskaad": -2,
  "geskend": -2,
  "geskenk": 2,
  "geskeur": -2,
  "geskik": 2,
  "geskil": -2,
  "geskille": -2,
  "geskok": -2,
  "geskors": -2,
  "geskree": -2,
  "geskrik": -2,
  "geskroef": -2,
  "geslaan": -2,
  "gesleep": -1,
  "geslepe": 2,
  "gesmokkel": -2,
  "gesmoor": -1,
  "gesofistikeerde": 2,
  "gesonde": 2,
  "gespanne": -2,
  "gesteek": -2,
  "gesteel": -2,
  "gesterf": -3,
  "gestimuleer": 1,
  "gestink": -2,
  "gestol": 2,
  "gestolde": 2,
  "gestop": -1,
  "gestort": -2,
  "gestraf": -2,
  "gestremdhede": -2,
  "gestremdheid": -2,
  "gestrengheid": -2,
  "gestuit": -2,
  "gestyg": 1,
  "gesukkel": -2,
  "geteister": -3,
  "geteisterde": -2,
  "geterroriseer": -3,
  "getref": -1,
  "getreur": -2,
  "getrou": 3,
  "getugtig": -3,
  "getuig": -1,
  "getwyfel": -1,
  "gevaar": -2,
  "gevaarlik": -2,
  "gevaarlike": -3,
  "gevalle": -2,
  "gevange": -2,
  "gevangene": -2,
  "gevangenes": -2,
  "gevangenis": -2,
  "gevangenisstraf": -2,
  "geveg": -2,
  "gevegte": -1,
  "gevestigde": 1,
  "gevierde": 3,
  "geviktimiseer": -3,
  "gevoel": 1,
  "gevoelloos": -1,
  "gevolge": -2,
  "gevonnis": -2,
  "gevorderde": 1,
  "gevreesde": -2,
  "gewaagde": 3,
  "gewaardeërd": -2,
  "gewaardeerde": 2,
  "gewaarsku": -2,
  "gewalg": -3,
  "gewas": -2,
  "geweer": -1,
  "geweier": -2,
  "geweld": -3,
  "geweldverwante": -3,
  "gewelddadige": -3,
  "geweldig": 4,
  "geweldige": 4,
  "gewenste": 2,
  "gewilde": 3,
  "gewildheid": 3,
  "gewilligheid": 2,
  "gewin": 2,
  "gewraakte": -2,
  "gewroeg": -3,
  "gewyde": 2,
  "gezelligheid": 2,
  "gier": -2,
  "gierigheid": -3,
  "gif": -2,
  "gifstowwe": -2,
  "giftig": -3,
  "giftige": -3,
  "gille": -2,
  "gladde": 2,
  "glamourous": 3,
  "glansryke": 3,
  "glimlag": 2,
  "glimlagte": 2,
  "glo": -2,
  "gloeiend": 2,
  "God": 1,
  "goddamn": -3,
  "goed gefokus": 2,
  "goed gespeel": 3,
  "goed gevestigde": 2,
  "goed ontwikkelde": 2,
  "goed versorg": 2,
  "goedertierenheid": 3,
  "goedgekeur": 2,
  "goedgekeurde": -2,
  "goedheid": 3,
  "goedkeur": 2,
  "goedkeuring": 2,
  "goeie": 3,
  "goeie more": 1,
  "goeie verhouding": 2,
  "Goodlooking": 3,
  "goofiness": -2,
  "gooi": -1,
  "goud": 2,
  "gr8": 3,
  "graf": -2,
  "Grand": 3,
  "grap": 2,
  "grappies": 2,
  "grasieuse": 2,
  "greenwash": -3,
  "greenwasher": -3,
  "greenwashers": -3,
  "gretig": 1,
  "griep": -2,
  "groei": 2,
  "groeiende": 1,
  "groeisels": 2,
  "groen groei": -3,
  "groen was": -3,
  "groen wasgoed": -3,
  "groet": 1,
  "Groet": 2,
  "groete": 2,
  "groot": 3,
  "grootpraters": -2,
  "grootste": 3,
  "groter": 3,
  "grusame": -3,
  "gruweldaad": -3,
  "gruwelike": -3,
  "grys": -1,
  "gulsige": -2,
  "guns": 2,
  "gunsies": 2,
  "gunsteling": 2,
  "gunstelinge": 2,
  "gunstelinge gevoeg": 2,
  "gunstig": 2,
  "gunstige": 2,
  "ha": 2,
  "haan": -5,
  "haat": -3,
  "hael": 2,
  "haglike": -2,
  "haha": 3,
  "hahaha": 3,
  "hahahah": 3,
  "halfgaar": -2,
  "Hallelujah": 3,
  "haplessness": -2,
  "hard": -2,
  "hard koppig": -2,
  "harde": -2,
  "harder": -2,
  "hardkoppig": -2,
  "hardlywigheid": -2,
  "harmonie": 2,
  "harmonieuse": 2,
  "Harms": -2,
  "harried": -2,
  "harteloos": -2,
  "hartroerende": -3,
  "hartseer": -2,
  "hartverskeurende": -3,
  "hartverwarmend": 3,
  "hater": -3,
  "haweloses": -2,
  "heavyhearted": -2,
  "heerlik": 3,
  "heerlike": 3,
  "heerlikheid": 2,
  "hegtenis": -2,
  "hehe": 2,
  "heimwee": -2,
  "hel": -4,
  "helaas": -1,
  "held": 2,
  "helde": 2,
  "helder": 1,
  "helderheid": 1,
  "helderste": 2,
  "heldhaftige": 3,
  "help": 2,
  "helse": -2,
  "hemel": 2,
  "hemelse": 4,
  "herleef": 2,
  "herstel": 1,
  "Herstelt": 1,
  "hilarious": 2,
  "hinderlik": -2,
  "hindernis": -2,
  "histerie": -3,
  "histeries": -3,
  "hoax": -2,
  "hoer": -4,
  "hoera": 5,
  "hofwerk": -2,
  "hol": -1,
  "honger": -2,
  "hongersnood": -2,
  "hoofpyn": -2,
  "Hoogste": 4,
  "hoogtepunt": 2,
  "hooligans": -2,
  "hoop": 2,
  "hoop op": -1,
  "hoopvol": 2,
  "hopelik": 2,
  "hopeloos": -2,
  "hopeloosheid": -2,
  "hou": 2,
  "Hou": 2,
  "Hou Nie Van": -2,
  "houe": -2,
  "huide": -1,
  "huil": -2,
  "huivering wekkend": -2,
  "huiwer": -2,
  "huiwerig": -2,
  "huldeblyk": 2,
  "hulpeloos": -2,
  "humerous": 3,
  "humor": 2,
  "humoristiese": 2,
  "hunkering": 1,
  "hupstoot": 1,
  "hypnotiserende": 3,
  "icky": -3,
  "idioot": -3,
  "idiotiese": -3,
  "ignoreer": -1,
  "Ignoreer": -1,
  "immergroen": 2,
  "immuun": 1,
  "impeachments": -3,
  "impedingly": -2,
  "in die verleentheid": -2,
  "in duie stort": -2,
  "in duie te stort": -2,
  "in hegtenis geneem": -3,
  "inbraak": -2,
  "inbreker": -2,
  "incensing": -2,
  "indoctrinates": -2,
  "indoctrinating": -2,
  "indoktrineer": -2,
  "indrukwekkende": 3,
  "inediable": -2,
  "ineengestort": -2,
  "infantiele": -2,
  "infantilized": -2,
  "infeksie": -2,
  "infeksies": -2,
  "infesteer": -2,
  "inflicts": -2,
  "infract": -2,
  "infracted": -2,
  "infracting": -2,
  "infracts": -2,
  "infuriates": -2,
  "ingewikkeld": -2,
  "ingewikkelde": 2,
  "inhibeer": -1,
  "inkrimping": -2,
  "inkwisisie": -2,
  "innovasie": 1,
  "innoverend": 1,
  "innoverende": 2,
  "insolvent": -2,
  "inspirasie": -2,
  "inspireer": 2,
  "Inspireer": 2,
  "inspirerende": 2,
  "instelling": -1,
  "integriteit": 2,
  "intelligente": 2,
  "intense": 1,
  "interessant": 2,
  "intimidasie": -2,
  "intimideer": -2,
  "intimiderend": -2,
  "intimiteit": 2,
  "intransigency": -2,
  "intriges": 1,
  "inval": -2,
  "invloedryke": 2,
  "ironie": -1,
  "ironies": -1,
  "irrasionele": -1,
  "irriteer": -2,
  "irriterend": -3,
  "irriterende": -2,
  "ja": 1,
  "Ja": 1,
  "jackass": -4,
  "Jackasses": -4,
  "jaloers": -2,
  "jaloesie": -2,
  "jammer": -2,
  "Jammer": -1,
  "Jarigen": 3,
  "Jesus": 1,
  "jeugdige": 2,
  "jeukerig": -2,
  "jolly": 2,
  "joviale": 2,
  "jubel": 2,
  "jubelende": 3,
  "juigende": 2,
  "juweel": 1,
  "juwele": 1,
  "kak": -3,
  "kalk": -3,
  "kalm": 2,
  "kalmeer": 2,
  "kalmerende": 2,
  "kampe": -1,
  "kampioen": 2,
  "kampioene": 2,
  "kampvegter": 2,
  "kan \"t staan": -3,
  "kanker": -1,
  "kans": 2,
  "kanse": 2,
  "kanselleer": -1,
  "kasty": -3,
  "katastrofe": -3,
  "katastrofiese": -4,
  "ketsschot": -2,
  "Kinder": 2,
  "kinderagtige": -2,
  "kla": -2,
  "klaaglik": -3,
  "klagte": -2,
  "klagtes": -2,
  "klap": 2,
  "klink": 3,
  "klop": -1,
  "klug": -1,
  "kluis": 1,
  "koel": 1,
  "koester": 2,
  "koestering": 2,
  "komedie": 1,
  "komiese": 1,
  "kommerwekkende": -3,
  "kompeterend": 2,
  "kompliment": 2,
  "komplimente": 2,
  "konflik": -2,
  "konflikte": -2,
  "konfliktuele": -2,
  "koning geword het": 1,
  "kontaminant": -2,
  "kontaminante": -2,
  "kontaminasie": -2,
  "koors": -2,
  "koppigheid": -2,
  "korrupsie": -3,
  "korrupte": -3,
  "kortsigtig": -2,
  "kortsigtigheid": -2,
  "koste": -2,
  "koue": -1,
  "krag": 3,
  "kragonderbrekings": -2,
  "kragtige": 2,
  "kramp": -1,
  "kranksinnige": -3,
  "kreatiewe": 2,
  "krete": -2,
  "kreun": -2,
  "kriewelrig": -2,
  "kriminele": -3,
  "krisis": -3,
  "kritici": -2,
  "kritiek": -2,
  "kritikus": -2,
  "kritiseer": -2,
  "kul": -3,
  "kullery": -2,
  "kundig": 2,
  "kwaad": -1,
  "kwansuis": -1,
  "kwesbaar": -2,
  "kwesbaarheid": -2,
  "kwytgeskeld": 2,
  "kwytskelding": 2,
  "kwytskeldings": 2,
  "laagste": -1,
  "lafaard": -2,
  "lafhartige": -2,
  "lag": 1,
  "lags": -2,
  "laken": -3,
  "lam": -2,
  "landmerk": 2,
  "larie": -2,
  "las": -2,
  "laste": -2,
  "lasterlike": -2,
  "lastige": -2,
  "late": -2,
  "laughting": 1,
  "lawaaierige": -1,
  "LawL": 3,
  "leë": -1,
  "leegheid": -1,
  "lei": -2,
  "leierskap": 1,
  "lek": -1,
  "lekker": 3,
  "lelike": -3,
  "letsels": -2,
  "leuenaar": -3,
  "leuenaars": -3,
  "lewelose": -1,
  "lewendig": 2,
  "lewendige": 2,
  "lewensredder": 4,
  "lief": 3,
  "liefdadigheid": 2,
  "liefde": 3,
  "liefderyk": 3,
  "liefdevolle": 3,
  "liggelowiges": -2,
  "liggelowigheid": -2,
  "lighartig": 1,
  "like": -2,
  "likers": 2,
  "litigasie": -1,
  "litteken": -2,
  "LMFAO": 4,
  "LMGA": 4,
  "loathes": -3,
  "lobby": -2,
  "lobbying": -2,
  "lobbyist": -2,
  "lobbyisten": -2,
  "loer": -1,
  "lof": 3,
  "lojale": 3,
  "lojaliteit": 3,
  "lok": -1,
  "lokval": -1,
  "lol": 3,
  "lolol": 4,
  "Lololol": 4,
  "lolololol": 4,
  "lonende": 2,
  "loof": 3,
  "lool": 3,
  "loom": -1,
  "Loool": 3,
  "looool": 3,
  "los": 1,
  "Los": 1,
  "loslaat": -1,
  "losstaande": -1,
  "lovelies": 3,
  "lugubere": -2,
  "lui": -1,
  "luidkeels": -1,
  "lusteloosheid": -2,
  "lustig": 3,
  "lustige": 2,
  "luukse": 2,
  "ly": -2,
  "lyer": -2,
  "lyers": -2,
  "lyk": -1,
  "maak toe": -3,
  "maansiekes": -3,
  "Maestria": 3,
  "magteloos": -2,
  "makabere": -2,
  "maklik": 1,
  "mal": -3,
  "maladaption": -2,
  "manipulasie": -1,
  "manipuleer": -1,
  "martel": -4,
  "marteling": -4,
  "medalje": 3,
  "medelyde": -1,
  "meditatiewe": 1,
  "meedoënlose": -1,
  "meesterstuk": 4,
  "meesterstukke": 4,
  "meineed": -3,
  "Mej": -2,
  "melancholie": -2,
  "Memoriam": -2,
  "menslike": 2,
  "merkbaar": 2,
  "merkwaardige": 2,
  "met reg": 2,
  "metodies": 2,
  "metodiese": 2,
  "middelmatigheid": -3,
  "mildelik": 2,
  "minagtend": -2,
  "minagtende": -2,
  "minagting": -2,
  "minderwaardige": -2,
  "mirthfully": 3,
  "misbranding": -3,
  "misbruik": -3,
  "miscast": -2,
  "misclassifies": -2,
  "misclassify": -2,
  "misconducted": -2,
  "misconducting": -2,
  "misdaad": -3,
  "misdade": -3,
  "misdadigers": -3,
  "miserabel": -3,
  "misgekyk": -1,
  "mishandeling": -2,
  "misleaded": -3,
  "mislei": -3,
  "misleidend": -3,
  "misleidende": -3,
  "misleiding": -3,
  "misluk": -2,
  "mislukking": -2,
  "mislukkings": -2,
  "misnoeë": -2,
  "misplaas": -2,
  "misplaatsen": -2,
  "mispricing": -3,
  "misreport": -2,
  "misreported": -2,
  "misreports": -2,
  "misverstaan": -2,
  "misverstand": -2,
  "misvormde": -2,
  "misvorming": -2,
  "mite": -1,
  "Mocks": -2,
  "modderige": -2,
  "moderniseer": 2,
  "modernisering": 2,
  "moed": 2,
  "moedeloos": -2,
  "moedig": 2,
  "moedige": 2,
  "moedswillig": -2,
  "moeg": -2,
  "moegheid": -2,
  "moeilik": -1,
  "moeilikheid": -2,
  "moeiteloos": 2,
  "mongering": -2,
  "monopolie": -2,
  "monopoliseer": -2,
  "monopolisering": -2,
  "monopolizes": -2,
  "monotone": -1,
  "Moody": -1,
  "mooi": 3,
  "mooie": 3,
  "moord": -3,
  "moorde": -2,
  "moordenaar": -2,
  "moordende": -3,
  "moping": -1,
  "moroon": -3,
  "mors": -2,
  "motherfucker": -5,
  "motherfucking": -5,
  "motiveer": 1,
  "motiverende": 2,
  "motivering": 1,
  "n goeie werkende toestand": -2,
  "n jammerte": -2,
  "n00b": -2,
  "naatlose": 2,
  "nadeel": -2,
  "nagevors": -2,
  "naïef": -2,
  "naïewe": -2,
  "narcisme": -2,
  "nare": -3,
  "natuurlike": 1,
  "nederige": 1,
  "nederlaag": -2,
  "nedersetting": 1,
  "nedersettings": 1,
  "neem": 1,
  "neergeslane": -2,
  "neerhaal": -2,
  "neerhalende": -2,
  "neerslachtig": -2,
  "neerslagtig": -2,
  "negatief": -2,
  "negatiewe": -2,
  "negatiwiteit": -2,
  "neger": -5,
  "netelige": -2,
  "neute": -3,
  "neweeffekte": -2,
  "newe effekte": -2,
  "niegoedgekeurde": -2,
  "nie beskikbaar nie": -1,
  "nie gelaaik nie": -2,
  "nie genoem": -1,
  "nie goed nie": -2,
  "nie in staat": -2,
  "nie in staat is": -2,
  "Nie ingericht": -2,
  "nies": -2,
  "nifty": 2,
  "Niggas": -5,
  "noemenswaardige": 2,
  "nonsens": -2,
  "nood": -2,
  "noodlottig": -2,
  "noodlottige": -3,
  "nooi": 1,
  "nors": -2,
  "nut": 2,
  "nutteloos": -2,
  "nuttig": 2,
  "nuttige": 2,
  "nuuskierig": 1,
  "nuuskierige": -2,
  "nuweling": -2,
  "nypende": -3,
  "obsceniteiten": -2,
  "obsessie": 2,
  "obstruksie": -2,
  "OKS": 2,
  "oksimoron": -1,
  "om die bos gelei": -2,
  "Omdat aanvoerders aangevoer": -2,
  "omgee": 2,
  "omgekoop": -3,
  "omgekrap": -2,
  "omgewingvriendelike": 2,
  "omhels": 1,
  "omkoopgeld": -3,
  "Omkopery": -3,
  "omsigtigheid": 2,
  "omsigtigheidstudie": 2,
  "omstrede": -2,
  "omstredenheid": -2,
  "omvattende": 2,
  "onaangenaam": -3,
  "onaangenaamheid": -2,
  "onaangename": -2,
  "onaantreklike": -2,
  "onaanvaarbaar": -2,
  "onafgehandelde": -1,
  "onbedagsame": -2,
  "onbedoelde": -2,
  "onbehoorlik": -2,
  "onbehoorlike": -2,
  "onbekommerd": -2,
  "onbekwaam": -2,
  "onbekwaamheid": -2,
  "onbekwame": -2,
  "onbelangrik": -2,
  "onbeskof": -2,
  "onbesonne": -2,
  "onbevestigde": -1,
  "onbevoeg": -2,
  "onbevoegdheid": -2,
  "onbevooroordeelde": 2,
  "onbewus": -2,
  "ondankbare": -3,
  "ONDER SCHRIJFT": 2,
  "onderbreek": -2,
  "onderbreking": -2,
  "onderbrekings": -2,
  "onderdrukkende": -2,
  "onderdrukking": -2,
  "ondergang": -2,
  "onderhandeling": -1,
  "ondermyn": -2,
  "ondermynende": -2,
  "ondermyning": -2,
  "ondernemende": 1,
  "onderontwikkeling": -2,
  "onderpresteer": -2,
  "onderskat": -1,
  "onderskei": 2,
  "onderskeiding": 2,
  "onderskryf": 2,
  "ondersteun": 2,
  "ondersteunend": 1,
  "ondersteuner": 1,
  "ondersteuners": 1,
  "ondersteuning": 2,
  "ondervra": -2,
  "ondoeltreffend": -2,
  "ondoeltreffende": -2,
  "ondoeltreffendheid": -2,
  "ondraaglik": -2,
  "onduidelik": -1,
  "oneerlik": -2,
  "oneffektief": -2,
  "oneffektiewe": -2,
  "onenigheid": -2,
  "onetiese": -2,
  "oneweredige": -2,
  "ongeduldig": -2,
  "ongeëwenaard": 1,
  "ongeëwenaarde": 2,
  "ongefokus": -2,
  "ongeleë": -2,
  "ongeletterdheid": -2,
  "ongeliefd": -2,
  "ongelooflike": 4,
  "ongelowige": -1,
  "ongeluk": -2,
  "ongelukke": -2,
  "ongelukkig": -2,
  "ongelukkige": -2,
  "ongelukkigheid": -2,
  "ongelyke": -1,
  "ongemak": -2,
  "ongemaklik": -2,
  "ongemaklike": -2,
  "ongemotiveerde": -2,
  "ongeneeslik": -2,
  "ongeorganiseerd": -2,
  "ongerief": -2,
  "ongesekureerde": -2,
  "ongeskik": -2,
  "ongeskonde": 2,
  "ongesofistikeerde": -2,
  "ongesond": -2,
  "ongesonde": -2,
  "ongevalle": -2,
  "ongewenste": -2,
  "ongunstige": -2,
  "onheil": -3,
  "onheile": -1,
  "onheilspellend": -2,
  "onheilspellende": 3,
  "onherstelbare": -2,
  "onhigiëniese": -2,
  "onkunde": -2,
  "onkundig": -2,
  "onkwetsbaar": 2,
  "onlogies": -2,
  "onluste": -2,
  "onmenslike": -2,
  "onmin": -2,
  "onnosel": -2,
  "onnoselheid": -3,
  "onomkeerbaar": -1,
  "onoorspronklike": -2,
  "onoorwinlike": 2,
  "onopgevoed": -2,
  "onparlementair": -2,
  "onprofessionele": -2,
  "onrechte so aangedui": -2,
  "onreg": -2,
  "onregmatig": -2,
  "onregmatige": -2,
  "onregverdige": -2,
  "onreproduseerbare": -2,
  "onrus": -2,
  "onsamehangende": -2,
  "onseker": -2,
  "onselfsugtig": 2,
  "onsensitief": -2,
  "onsensitiwiteit": -2,
  "onsmaaklik": -2,
  "onstabiele": -2,
  "onsterflik": 2,
  "onstuitbaar": 2,
  "onsuksesvol": -2,
  "ontbinde": -2,
  "ontbloot": -1,
  "ontbreek": -2,
  "ontevrede": -2,
  "ontgin": -2,
  "ontginning": -2,
  "onthef": 2,
  "ontheffen": 2,
  "ontken": -2,
  "ontkenning": -2,
  "ontkennings": -2,
  "ontlok": -1,
  "ontluistering": -2,
  "ontmensde": -2,
  "ontmenslikende": -2,
  "ontneem": -2,
  "ontneming": -3,
  "ontnugter": -2,
  "ontnugterende": 1,
  "ontoereikendheid": -2,
  "ontrafel": 1,
  "ontrekking": -3,
  "ontruim": -1,
  "ontruiming": -1,
  "ontsagwekkende": 4,
  "ontslaan": -2,
  "ontsnap": -1,
  "ontsnapping": -1,
  "ontsnappings": -1,
  "ontspanne": 2,
  "ontspoor": -2,
  "ontstel": -2,
  "ontsteld": -2,
  "ontstellend": -2,
  "ontstellende": -2,
  "ontstoke": -3,
  "ontvoer": -2,
  "ontvoering": -2,
  "ontvoerings": -2,
  "ontvoert": -2,
  "ontwrig": -2,
  "ontwrigtende": -2,
  "ontwrigting": -2,
  "onvanpas": -2,
  "onveilige": -2,
  "onverantwoordelik": -2,
  "onverantwoordelike": -2,
  "onverbiddelike": -3,
  "onverdienstelike": -2,
  "onvergeeflik": -3,
  "onvergeetlike": 1,
  "onverkoopte": -1,
  "onvermoë": -2,
  "onvernietigbaar": 2,
  "onversaagd": 2,
  "onverskillig": -2,
  "onverskilligheid": -2,
  "onverskoonbaar": -3,
  "onversoenlik": -2,
  "onverstaanbaar": -2,
  "onvervulde": -2,
  "onvoldoende": -2,
  "onvolledige": -1,
  "onvolmaakte": -2,
  "onvoorspelbaar": -1,
  "onwaar": -2,
  "onwaardig": -2,
  "onwaarskynlik": -1,
  "onweerstaanbaar": 2,
  "onwelvoeglike": -2,
  "onwetenskaplik": -2,
  "onwettig": -3,
  "onwettige": -3,
  "oops": -2,
  "oorbeskermend": -2,
  "oordrewe": -2,
  "oordryf": -2,
  "ooreengekom": 1,
  "ooreenkoms": 1,
  "oorgewig": -1,
  "oorlading": -1,
  "oorleef": 2,
  "oorlewende": 2,
  "oorlog": -2,
  "oorlogvoering": -2,
  "oorreageer": -2,
  "oorreaksie": -2,
  "oorreed": -2,
  "oorrompel": -2,
  "oorstaterings": -2,
  "oorstelp": 4,
  "oorstuur": -3,
  "oortreder": -2,
  "oortreders": -2,
  "oortreding": -2,
  "oortredings": -2,
  "oortree": -2,
  "oortref": -2,
  "oortuig": 1,
  "oorverdowend": -1,
  "oorvereenvoudig": -2,
  "oorvereenvoudigde": -2,
  "oorvereenvoudiging": -2,
  "oorverkoop": -2,
  "oorwinnaars": 3,
  "oorwinning": 3,
  "oorwinnings": 3,
  "op die regte pad": -1,
  "op te skort": -1,
  "opbouende": 2,
  "opdringerig": -1,
  "opgeblase": -1,
  "opgedoem": -1,
  "opgedoen": 2,
  "opgelê": -1,
  "opgelos": 2,
  "opgemaak": -1,
  "opgemors": -3,
  "opgeskort": -1,
  "opgetrek": 4,
  "opgevrolijkend": 3,
  "opgewonde": 3,
  "oplê": -1,
  "oplê,": -1,
  "oplichterij": -3,
  "oplossing": 1,
  "oplossings": 1,
  "opreg": 2,
  "opregte": 3,
  "Opregte": 2,
  "opregtheid": 2,
  "oproer": -2,
  "oproerige": -2,
  "opruiende": -2,
  "opsigte": 2,
  "opstand": -2,
  "optimisme": 2,
  "optimisties": 2,
  "optionless": -2,
  "opvallende": 1,
  "opwindend": 3,
  "opwindende": 3,
  "opwinding": 3,
  "orige": -2,
  "ostracizes": -2,
  "oulike": 2,
  "oversell": -2,
  "overselling": -2,
  "oversells": -2,
  "oversimplify": -2,
  "owerheid": 1,
  "paai": 3,
  "Panics": -3,
  "paniek": -3,
  "paniek saai": -2,
  "paniekbevange": -3,
  "paradoks": -1,
  "paradys": 3,
  "pas": 1,
  "passie": 1,
  "passief": -1,
  "passievolle": 2,
  "passiewe": -1,
  "pateties": -2,
  "peinsende": -1,
  "penaliseer": -2,
  "per ongeluk": -2,
  "perfek": 3,
  "perfeksie": 3,
  "perke": -1,
  "pessimisme": -2,
  "Pessimisties": -2,
  "pique": -2,
  "piss": -4,
  "Pissing": -3,
  "pla": -2,
  "plaag": -3,
  "plae": -3,
  "plaguing": -3,
  "pleeg": 1,
  "plegtige": -1,
  "plesier": 3,
  "positief": 2,
  "positiewe": 2,
  "posttraumatiese": -2,
  "pragtig": 3,
  "pragtige": 3,
  "prblm": -2,
  "prblms": -2,
  "prestasies": 2,
  "pret": 4,
  "prik": -5,
  "proaktiewe": 2,
  "probleem": -2,
  "probleme": -2,
  "profiteur": -2,
  "prominente": 2,
  "propaganda": -2,
  "protes": -2,
  "prul": -2,
  "Pseudo": -3,
  "psigopatiese": -2,
  "pyn": -2,
  "pynlike": -2,
  "raadsaam": 1,
  "Raak betrokke": 1,
  "rageful": -2,
  "ramp": -2,
  "rampe": -2,
  "rampspoedig": -3,
  "rant": -3,
  "ranters": -3,
  "raptures": 2,
  "rassisme": -3,
  "rassiste": -3,
  "rassistiese": -3,
  "reageer": 2,
  "rebelle": -2,
  "rebelleer": -2,
  "rebellie": -2,
  "red": 2,
  "redding": 2,
  "reën": -1,
  "regmatig": 2,
  "regmatige": 2,
  "regsgeding": -2,
  "regsgedinge": -2,
  "regte rigting": 3,
  "reguit": 1,
  "regverdig": 2,
  "regverdigheid": 2,
  "relishing": 2,
  "rente": 1,
  "resessie": -2,
  "resolusie": 2,
  "Restricties": -2,
  "retard": -2,
  "retreat": -1,
  "reukwerk": -2,
  "risiko": -2,
  "riskant": -2,
  "Rob": -2,
  "robed": -2,
  "robing": -2,
  "Robs": -2,
  "robuuste": 2,
  "roekelose": -2,
  "roem": 3,
  "roep": -2,
  "roes": -3,
  "rofl": 4,
  "ROFLcopter": 4,
  "ROFLMAO": 4,
  "romanse": 2,
  "romantical": 2,
  "romanties": 2,
  "roof": -2,
  "rookmis": -2,
  "ROTFL": 4,
  "rotflmfao": 4,
  "rotflol": 4,
  "rou": -2,
  "rower": -2,
  "royaal": -2,
  "ru": -1,
  "rug": 1,
  "ruim": 2,
  "ruïnes": -2,
  "rusteloos": -2,
  "rustig": -2,
  "rustige": 2,
  "ryk": 2,
  "Ryk": 2,
  "rykdom": 3,
  "ryker": 2,
  "ryklik": 2,
  "saai": -2,
  "saak": 1,
  "saamstem": 1,
  "saamsweer": -3,
  "sabotasie": -2,
  "sagtheid": 2,
  "sake": 1,
  "sakking": -1,
  "salig": 3,
  "salueer": 2,
  "saluut": 2,
  "sameswering": -3,
  "sappig": -1,
  "sarkastiese": -2,
  "savange": -2,
  "savanges": -2,
  "schreeuwer": -3,
  "schurk": -2,
  "scoop": 3,
  "scumbag": -4,
  "seën": 3,
  "seëninge": 3,
  "seer": -2,
  "sekere": 1,
  "seksistiese": -2,
  "seksistisch": -2,
  "selfmisbruik": -2,
  "selfmislei": -2,
  "selfteenstrydige": -2,
  "selfbejammering": -2,
  "selfmoord": -2,
  "selfmoorde": -2,
  "selfsug": -3,
  "selfsugtig": -3,
  "selfversekerde": 2,
  "selfvertroue": 2,
  "sensors": -2,
  "sentimenteel": -2,
  "senuweeagtig": -2,
  "senuwees": -1,
  "sexy": 3,
  "Shit Head": -4,
  "shitty": -3,
  "shoody": -2,
  "siek": -2,
  "siek en sat": -3,
  "siekte": -2,
  "siektes": -2,
  "silencing": -1,
  "simpatie": 2,
  "simpatieke": 2,
  "Simpel": -2,
  "sin": -2,
  "singleminded": -2,
  "sinies": -2,
  "sinisme": -2,
  "sinistere": -2,
  "sinne": -2,
  "sinnelose": -2,
  "sissies": -2,
  "sit uit": -2,
  "sjarme": 3,
  "Sjoe": 4,
  "skaam": -1,
  "skade": -2,
  "skadelike": -3,
  "skadevergoeding": -3,
  "skandaal": -3,
  "skandale": -3,
  "skandalig": -3,
  "skande": -2,
  "skat": 2,
  "skatte": 2,
  "skei": -2,
  "skel": -2,
  "skelm": -1,
  "skend": -2,
  "skending": -2,
  "skenk": 2,
  "skenking": 2,
  "skeptici": -2,
  "skepties": -2,
  "skeptisisme": -2,
  "skiet": -1,
  "skilderagtige": 2,
  "skitter": 3,
  "skitterende": 3,
  "skok": -2,
  "skokke": -2,
  "skokkende": -2,
  "skoner": 2,
  "skoon": 2,
  "skoongemaak": 1,
  "skoonheid": 3,
  "skoonmaak": 2,
  "skors": -2,
  "skree": -2,
  "skrikwekkend": -2,
  "skrikwekkende": -3,
  "skugter": -2,
  "skuil": -1,
  "skuld": -3,
  "skuldig": -3,
  "skuldig bevind": -2,
  "skynheilige": -2,
  "slaaf": -3,
  "slaag": 3,
  "slagoffer": -2,
  "slagoffers": -3,
  "Slam": -2,
  "slap": -2,
  "slapeloosheid": -2,
  "slawe": -3,
  "slawerny": -3,
  "sleep": -2,
  "sleg": -3,
  "slegte": -3,
  "slet": -5,
  "sleurwerk": -2,
  "slickest": 2,
  "slim": 2,
  "slimmer": 2,
  "slimste": 2,
  "sloerende": -2,
  "slordig": -2,
  "sluipmoord": -3,
  "sluipmoorde": -3,
  "sluit": -1,
  "smaak": 2,
  "smart": 1,
  "smeer": -2,
  "smokkel": -2,
  "smullekker": 3,
  "snaaks": 4,
  "snaakser": 4,
  "SNUBBED": -2,
  "snubbing": -2,
  "snubs": -2,
  "sny": -1,
  "sny terug": -2,
  "so angstig hieroor": -3,
  "soekers": 2,
  "soen": 2,
  "soet": 2,
  "soeter": 3,
  "soetste": 3,
  "Solidariteit": 2,
  "solied": 2,
  "somber": -2,
  "somberheid": -1,
  "sonde": -2,
  "sondebokke": -2,
  "sondes": -2,
  "sondige": -3,
  "soort": 2,
  "soort van": 0,
  "soos": 2,
  "sorg": 2,
  "sorg vir groot struikelblok": -2,
  "sorge": 2,
  "sorgelose": -2,
  "sorgvrye": 1,
  "spaar": 1,
  "spammer": -3,
  "spammers": -3,
  "spanning": -1,
  "speelse": 2,
  "speerpunt": 2,
  "spekulatiewe": -2,
  "spelveranderende": 3,
  "speserye": -2,
  "spoelen": -2,
  "spook": -1,
  "spookhuis": -2,
  "spot": -2,
  "spotters": -2,
  "sprankelende": 3,
  "spring": -1,
  "spyt": -2,
  "squelched": -1,
  "staat": 1,
  "stabiele": 2,
  "stakers": -2,
  "staking": -1,
  "stakingen": -2,
  "stakings": -1,
  "stalletjie": -2,
  "stamina": 2,
  "standvastig": 2,
  "stap uit": -2,
  "stapelgek": -2,
  "steek": -2,
  "steekpenningen": -3,
  "steel": -2,
  "stem saam": 1,
  "stereotipe": -2,
  "sterf": -2,
  "sterftes": -3,
  "sterk": 2,
  "sterker": 2,
  "sterkpunte": 2,
  "sterkste": 2,
  "Sterkte": 3,
  "steun": 2,
  "stimuleer": 1,
  "stimulerende": 2,
  "stink": -2,
  "stinked": -2,
  "stinkende": -2,
  "stiptelik": 1,
  "stol": 2,
  "stom": -3,
  "stomgeslaan": -2,
  "stomkop": -4,
  "stompe": -2,
  "stoot": -1,
  "stop": -1,
  "stormloop": -2,
  "stortbad": -3,
  "stortingsterrein": -1,
  "stortingsterreine": -1,
  "stout": 2,
  "straf": -2,
  "strafbare manslag": -3,
  "streel": 3,
  "streep": -2,
  "strek": 1,
  "strelend": 3,
  "streng": 3,
  "stressor": -2,
  "stressors": -2,
  "strikke": -1,
  "strokie": -1,
  "struikelblokke": -2,
  "stry": -1,
  "stryd": -1,
  "strydpunte": -2,
  "stuit": -2,
  "stunning": 4,
  "styg": 1,
  "suave": 2,
  "Sue": -2,
  "sueing": -2,
  "sug": -2,
  "suig": -3,
  "suinig": -2,
  "suiwer": 1,
  "suiwerste": 1,
  "sukkel": -2,
  "sukses": 2,
  "suksesvol": 3,
  "sulky": -2,
  "super": 3,
  "swaar is": -2,
  "swaarkry": -2,
  "swak": -2,
  "swakhede": -2,
  "swakheid": -2,
  "swaksinnige": -3,
  "swart skaap": -2,
  "SWEARS": -2,
  "sweer": -2,
  "swendelary": -2,
  "talent": 2,
  "tandelose": -2,
  "tard": -2,
  "teef": -5,
  "teenstander": -1,
  "teister": -3,
  "teistering": -3,
  "tekort": -2,
  "tekorte": -2,
  "tekortkominge": -2,
  "teleur": -2,
  "teleurgesteld": -2,
  "teleurstel": -2,
  "teleurstellende": -2,
  "teleurstelling": -2,
  "teleurstellings": -2,
  "tender": 2,
  "teregwysing": -2,
  "teregwysings": -2,
  "tergend": -1,
  "terreur": -3,
  "terroriseer": -3,
  "terroriste": -2,
  "terrorizes": -3,
  "terugslag": -2,
  "tevrede": 2,
  "tewe": -5,
  "thwarting": -2,
  "tirannieke": -3,
  "tiranniese": -3,
  "tits": -2,
  "toeganklik": 1,
  "toegediende": -2,
  "toegeeflik": 1,
  "toegejuig": 2,
  "toegeken": 3,
  "toegelaat": -1,
  "toegestaan": 1,
  "toegewyde": 3,
  "toekenning": 3,
  "toekennings": 3,
  "toelaat": 1,
  "toelaes": 1,
  "toepaslik": 2,
  "toepaslike": 2,
  "toesig": -1,
  "toestaan": 1,
  "toestem": 2,
  "toestemming": 2,
  "toevallige": -2,
  "toevertrou": 2,
  "toewyding": 2,
  "toksisiteitstoetsorganisme": -2,
  "Top": 2,
  "tops": 2,
  "tot bedaring bring": 2,
  "tot stand gebring": 2,
  "totalitarisme": -2,
  "totalitêre": -2,
  "tout": -2,
  "touts": -2,
  "traag": -2,
  "tragedie": -2,
  "tragedies": -2,
  "tragies": -2,
  "trane": -2,
  "trauma": -3,
  "traumatiese": -3,
  "trek": 1,
  "treur": -2,
  "trillend": -2,
  "triomf": 4,
  "triomfantelike": 4,
  "tronk toe gestuur": -2,
  "troos": 2,
  "trots": 2,
  "trusts": 1,
  "tugtig": -3,
  "tuig": -1,
  "tuigt": 1,
  "TWAT": -5,
  "twis": -3,
  "twyfel": -2,
  "twyfelagtige": -1,
  "Tyran": -3,
  "tyrannic": -3,
  "tyrans": -3,
  "ugh": -2,
  "uit te brei": 1,
  "uitbarstings": -3,
  "uitbraaksel": -3,
  "uitbreek": -2,
  "uitbrekings": -2,
  "uitbundige": 4,
  "uitdagend": -1,
  "uitdagende": -1,
  "uitdaging": -1,
  "uitgebuit": -2,
  "uitgediende": -2,
  "uitgehongerd": -2,
  "uitgelag": -2,
  "uitgelek": -1,
  "uitgelok": -1,
  "uitgeput": -2,
  "uitgesluit": -2,
  "uitgesoekte": 1,
  "uitgestel": -2,
  "uitgewis": -2,
  "uithoeke": 1,
  "uithonger": -2,
  "uitkoms": 4,
  "uitnemendheid": 3,
  "uitoorlê": -2,
  "uitreik": 2,
  "uitroep": -2,
  "uitsetting": -1,
  "uitslag": -2,
  "uitsluiting": -1,
  "uitspraak": -1,
  "uitstaande": 5,
  "uitstekende": 5,
  "uitstel": -1,
  "uitwis": -2,
  "unappeasable": -2,
  "unfunny": -2,
  "uninvolving": -2,
  "unlovable": -2,
  "unreleting": -2,
  "uptight": -2,
  "vaag": -2,
  "vaardighede": 1,
  "vae": -2,
  "val": -1,
  "Valid": 1,
  "validering": 1,
  "vals": -3,
  "valslik": -2,
  "van stapel gestuur": 1,
  "vandalisme": -2,
  "vars": 1,
  "vas": -2,
  "vasberade": 2,
  "vasgekeer": -2,
  "vasgevang": -2,
  "veeleisende": -1,
  "veels geluk": 2,
  "veg": -2,
  "veilig": 1,
  "veiliger": 2,
  "veiligheid": 1,
  "venter": -2,
  "verafsku": -3,
  "veragtelik": -2,
  "veragtelike": -3,
  "verantwoordelik": 2,
  "verantwoordelikheid": 1,
  "verbaas": 3,
  "verban": -1,
  "verbasend": 3,
  "verbeeldingloos": -2,
  "verbeeldingryke": 2,
  "verberg": -1,
  "verbeter": 2,
  "verbetering": 2,
  "verbied": -2,
  "verbind": 1,
  "verbitterde": -2,
  "verbloem": -1,
  "verbly": 4,
  "verbod": -2,
  "verbode": -2,
  "verborge": -1,
  "verbouereerd": -2,
  "verbreking": -2,
  "verdagte": -1,
  "verdagtes": -1,
  "verdedig": 2,
  "verdediger": 2,
  "verdedigers": 2,
  "verdiep": 1,
  "verdoem": -4,
  "verdraagsaam": 2,
  "verdraagsaamheid": 2,
  "verdraai": -2,
  "verdring": -1,
  "verdrink": -2,
  "verdrukking": -2,
  "verdrukkinge": -2,
  "verdruktes": -2,
  "verdrywing": -2,
  "verduistering": -3,
  "verdwaasd": 2,
  "verdwyn": -1,
  "vereer": 2,
  "verenigde": 1,
  "Verenigde": 1,
  "vererg": -2,
  "vererger": -2,
  "verering": 2,
  "verfraai": 3,
  "verfrissend": 2,
  "verfyn": 1,
  "verfynde": 1,
  "vergeefse": -2,
  "vergeet": -1,
  "Vergeet": -2,
  "vergeetlike": -1,
  "vergewe": 1,
  "vergiftig": -2,
  "vergunning": 2,
  "verhelderend": 2,
  "verheug": 3,
  "verheugend": 3,
  "verhinder": -2,
  "verhoed": -1,
  "verhoog": 1,
  "Verhoog": 1,
  "verkeerd": -2,
  "verkeerd ingelig": -2,
  "verkeerd lees": -1,
  "verkeerd verstaan": -2,
  "verkeerde": -2,
  "verkeerde inligting": -2,
  "verkeerde of": -2,
  "verkeerde plek": -2,
  "verkeerdelik": -2,
  "verkennings": 1,
  "verkleineer": -2,
  "verkrag": -4,
  "verkragter": -4,
  "verkragting": -4,
  "verkul": -3,
  "verkwis": -2,
  "verkwisting": -2,
  "verlaat": -1,
  "verlange": -1,
  "verlate": -2,
  "verlatenheid": -2,
  "verlê": -2,
  "verleë": -2,
  "verleen": 1,
  "verleentheid": -2,
  "verlei": -1,
  "verlies": -3,
  "verliese": -3,
  "verlig": 1,
  "Verlig": 1,
  "verligte": 2,
  "verligting": 2,
  "verloor": -3,
  "verloorder": -3,
  "verlos": 2,
  "vermaak": 3,
  "vermaan": -2,
  "vermanend": -2,
  "Vermelding": 2,
  "vermoë": 1,
  "vermoed": -1,
  "vermoeiende": -2,
  "vermoëns": 2,
  "vermom": -1,
  "vermoor": -3,
  "vermors": -2,
  "vermorsel": -1,
  "vermorsing": -2,
  "vermy": -1,
  "verneder": -3,
  "vernedering": -3,
  "verneukspul": -2,
  "verniel": -3,
  "vernietig": -3,
  "vernietigende": -3,
  "vernietiging": -3,
  "verontagsaam": -2,
  "verontagsaming": -2,
  "verontreg": -2,
  "verontwaardig": -2,
  "verontwaardiging": -2,
  "veroordeel": -2,
  "veroordeling": -2,
  "veroorsaak": -2,
  "verower": -3,
  "verplaas": -1,
  "verpletter": -2,
  "verpletterend": -2,
  "verplig": 1,
  "verpligtend": -1,
  "verraad": -3,
  "verraai": -3,
  "verraderlike": -3,
  "verrassende": 3,
  "verregaande": -3,
  "verrukking bring": 3,
  "verseker": 1,
  "versigtig": 2,
  "Versigtig": -1,
  "versigtigheid": 2,
  "verskil": -2,
  "verskoning": -1,
  "verskoning vra": -1,
  "verskrik": -2,
  "verskriklike": -3,
  "verslaaf": -2,
  "verslaan": -2,
  "versleg": -2,
  "verslegtende": -3,
  "versmaai": -2,
  "versoen": 2,
  "versot": 2,
  "versper": -2,
  "versperring": -2,
  "versteende": -2,
  "versterk": 2,
  "Versterk": 2,
  "versterking": 2,
  "versteur": -2,
  "versteurde": -2,
  "versteurings": -2,
  "verstik": -2,
  "verstikkende": -2,
  "verstom": -2,
  "verstommend": 3,
  "verstoot": -2,
  "versuim": -2,
  "verswak": -2,
  "verswakte": -2,
  "verswarende": -2,
  "vertraag": -1,
  "vertraagde": -2,
  "vertraging": -1,
  "vertroebel": -1,
  "vertrou": 2,
  "vertroue": 2,
  "verval": -1,
  "vervalle": -2,
  "vervals": -3,
  "vervalsen": -3,
  "vervalser": -3,
  "verveel": -2,
  "verveeld": -2,
  "vervelige": -3,
  "verveling": -2,
  "vervloek dit": -4,
  "vervolg": -1,
  "vervolging": -3,
  "vervolmaak": 2,
  "vervreemding": -2,
  "vervul": 2,
  "vervulling": 2,
  "verwaand": -2,
  "verwaarloos": -2,
  "verwaarlosing": -2,
  "verwar": -2,
  "verward": -2,
  "verwarrend": -2,
  "verwelkom": 2,
  "verwerp": -1,
  "verwerping": -2,
  "verwoes": -2,
  "verwoestende": -2,
  "verwoesting": -2,
  "verwring": -2,
  "verwurg": -2,
  "verwyt": -3,
  "vet": 2,
  "victimizes": -3,
  "Victor": 3,
  "vier": 3,
  "viering": 3,
  "vieringe": 3,
  "viktimisasie": -3,
  "viktimiseer": -3,
  "vindicating": 2,
  "vinnig": 2,
  "virulente": -2,
  "visie": 1,
  "visioene": 1,
  "visioenêre": 3,
  "vitaliteit": 3,
  "vitamien": 1,
  "vlagskip": 2,
  "Vlek": -2,
  "vlekkeloos": 2,
  "vlekkelose": 2,
  "vloek": -1,
  "vlug": -1,
  "vol vertroue": 2,
  "voldoende": 1,
  "volhoubaar": 2,
  "volhoubaarheid": 1,
  "volhoubare": 2,
  "volmaak": 2,
  "volwasse": 2,
  "vonk": 1,
  "vonnisoplegging": -2,
  "voordeel": 2,
  "voordele": 2,
  "voordelig": 2,
  "voorgee": -1,
  "voorkom": -1,
  "Voorkom": -1,
  "voorkoming": -1,
  "voorliefde": 2,
  "voornemens": 2,
  "vooroordeel": -1,
  "voorpunt": 1,
  "voorspoed": 3,
  "voorspoedige": 3,
  "voorste": 2,
  "vooruitsig": 1,
  "vooruitsigte": 1,
  "vordering": 2,
  "vra om verskoning": -1,
  "vraag": -1,
  "vrede": 2,
  "vreedsaam": 2,
  "vreemd": -1,
  "vreemde": -1,
  "vrees": -2,
  "vreesaanjaende": -2,
  "vreesbevange": -3,
  "vreeslik": -2,
  "vreeslike": -3,
  "vreesloosheid": 2,
  "vreeslose": 2,
  "vreugde": 3,
  "vreugdelose": -2,
  "vreugdevolle": 3,
  "vriend": 1,
  "vriendelike": 2,
  "vriendelikheid": 2,
  "vriendskap": 2,
  "vriendskaplike": 2,
  "vrolik": 3,
  "vrolike": 2,
  "vrot": -3,
  "vrugbare": 2,
  "vrugtelose": -2,
  "vry": 1,
  "vry te spreek": 2,
  "vrygespreek": 2,
  "vrygestel": -1,
  "vryheid": 2,
  "vrymoedigheid": 2,
  "vryspreek": 2,
  "vuil": -3,
  "vuiler": -2,
  "vuilste": -2,
  "vullis": -1,
  "vurig": 3,
  "vurige": 2,
  "vuur": -2,
  "vyand": -2,
  "vyande": -3,
  "vyandige": -2,
  "vyandigheid": -2,
  "waaghals": 2,
  "waaksaam": 3,
  "waansin": -3,
  "waarborg": 1,
  "waardedaling": -2,
  "waardeer": 2,
  "waardeloos": -2,
  "waardering": 2,
  "waardig": 2,
  "waardigheid": 2,
  "waarsku": -2,
  "waarskuwing": -1,
  "waarskuwings": -3,
  "wag": -1,
  "walging": -3,
  "walglik": -3,
  "walglike": -3,
  "wangedra": -2,
  "wangedrag": -2,
  "wangedrag ingespan": -2,
  "wangedrag skuldig maak": -2,
  "wanhoop": -3,
  "wanhopige": -3,
  "wankelende": -1,
  "wankelrige": -2,
  "wanker": -3,
  "wanopvatting": -2,
  "wanorde": -2,
  "wantroue": -3,
  "wantrouig": -3,
  "wanvoorstelling": -2,
  "wanvoorstellings": -2,
  "war": -2,
  "ware": 2,
  "warm": 1,
  "warmhearted": 2,
  "warmness": 2,
  "warmte": 2,
  "wat": 1,
  "wedervaringe": -2,
  "weduwee": -1,
  "weerloos": -2,
  "weersin": -3,
  "wegdoen": -1,
  "weggegooi": -1,
  "weggeraap": 2,
  "weggooi": -1,
  "wegkruip": -1,
  "wegraping": 2,
  "weier": -2,
  "weiering": -2,
  "weifelende": -2,
  "weldoener": 2,
  "weldoeners": 2,
  "welkom": 2,
  "welstand": 2,
  "welwillende": 3,
  "welwillendheid": 3,
  "wen": 4,
  "Wen": 3,
  "wenner": 4,
  "wense": 1,
  "wenslik": 2,
  "werk nie": -3,
  "werkloos": -1,
  "werkloosheid": -2,
  "wettig": 1,
  "wil": 1,
  "wins": 2,
  "winsgewende": 3,
  "winskoop": 2,
  "winste": 2,
  "Winwin": 3,
  "wisseling in": -2,
  "Wits": 2,
  "woede": -2,
  "woedend": -2,
  "woes": -1,
  "wonderlik": 4,
  "wonderlike": 3,
  "wonders": 3,
  "wonderwerk": 4,
  "Woo": 3,
  "Woohoo": 3,
  "wooo": 4,
  "Woow": 4,
  "Wowow": 4,
  "wowww": 4,
  "wraak": -2,
  "wraakgierige": -2,
  "wraaksugtige": -2,
  "wrak": -2,
  "wrede": -3,
  "wreed": -3,
  "wreedheid": -3,
  "wreek": -2,
  "wtf": -4,
  "wtff": -4,
  "wtfff": -4,
  "wysheid": 1,
  "XO": 3,
  "xoxo": 3,
  "xoxoxo": 4,
  "Xoxoxoxo": 4,
  "yeees": 2,
  "yucky": -2,
  "ywerig": 2,
  "ywerige": 2
}