{
  "Худидоракунии фиребашон дод": -2,
  ", медузданд": -2,
  ", ноумед": -3,
  "abhorred": -3,
  "aborts": -1,
  "absolve": 2,
  "absolves": 2,
  "absolving": 2,
  "acclaim": 2,
  "accolade": 2,
  "acquitting": 2,
  "acrimonious": -3,
  "admires": 3,
  "adored": 3,
  "adores": 3,
  "adoring": 3,
  "adoringly": 3,
  "advantageously": 2,
  "affectionateness": 3,
  "affronted": -1,
  "aficionados": 2,
  "aggressions": -2,
  "aggressiveness": -2,
  "aghast": -2,
  "agog": 2,
  "agonises": -3,
  "agonize": -3,
  "agonized": -3,
  "agonizes": -3,
  "alarmist": -2,
  "alarmists": -2,
  "altruistic": 2,
  "apeshit": -3,
  "apocalyptic": -2,
  "apologizes": -1,
  "appalled": -2,
  "appeases": 2,
  "appeasing": 2,
  "applauded": 2,
  "applauding": 2,
  "applauds": 2,
  "arsehole": -4,
  "assassinations": -3,
  "assfucking": -4,
  "astoundingly": 3,
  "astounds": 3,
  "atrocious": -3,
  "attractively": 2,
  "audacious": 3,
  "avengers": -2,
  "axed": -1,
  "badass": -3,
  "bamboozle": -2,
  "bamboozled": -2,
  "bamboozles": -2,
  "bankster": -3,
  "beatific": 3,
  "belittled": -2,
  "benefactors": 2,
  "benevolent": 3,
  "bereave": -2,
  "bereaves": -2,
  "bereaving": -2,
  "bitches": -5,
  "bitterest": -2,
  "blackmailed": -3,
  "blackmails": -3,
  "blah": -2,
  "blithe": 2,
  "blockbuster": 3,
  "blurry": -2,
  "boosts": 1,
  "bothersome": -2,
  "boycotts": -2,
  "brainwashing": -3,
  "braveness": 2,
  "bravura": 3,
  "bribing": -3,
  "brilliances": 3,
  "brisk": 2,
  "brooding": -2,
  "bullshit": -4,
  "bullying": -2,
  "bummer": -2,
  "buoyant": 2,
  "burdening": -2,
  "calms": 2,
  "carefulness": 2,
  "censors": -2,
  "chagrined": -2,
  "championed": 2,
  "charmless": -3,
  "cheater": -3,
  "cheaters": -3,
  "Cheats": -3,
  "cheered": 2,
  "cheery": 3,
  "chic": 2,
  "chided": -3,
  "chides": -3,
  "chiding": -3,
  "chilling": -1,
  "classy": 3,
  "clouded": -1,
  "clueless": -2,
  "cocksucker": -5,
  "cocksuckers": -5,
  "cocky": -2,
  "colliding": -1,
  "collisions": -2,
  "combats": -1,
  "complimented": 2,
  "conciliate": 2,
  "conciliated": 2,
  "conciliates": 2,
  "conciliating": 2,
  "conflictive": -2,
  "congrats": 2,
  "consolable": 2,
  "contagion": -2,
  "contagions": -2,
  "contaminant": -2,
  "contaminants": -2,
  "contaminates": -2,
  "contaminations": -2,
  "contemptuous": -2,
  "contender": -1,
  "contestable": -2,
  "controversially": -2,
  "convivial": 2,
  "courageousness": 2,
  "coziness": 2,
  "crap": -3,
  "crappy": -3,
  "crazier": -2,
  "craziest": -2,
  "crestfallen": -2,
  "criminate": -3,
  "criminated": -3,
  "criminates": -3,
  "crushes": -1,
  "cunt": -5,
  "cynic": -2,
  "dangerously": -2,
  "daredevil": 2,
  "dauntless": 2,
  "deafening": -1,
  "debonair": 2,
  "defenseless": -2,
  "deferring": -1,
  "defiant": -1,
  "deformities": -2,
  "deft": 2,
  "dehumanize": -2,
  "dehumanized": -2,
  "dehumanizes": -2,
  "deject": -2,
  "dejected": -2,
  "dejecting": -2,
  "dejects": -2,
  "delectable": 3,
  "delightfully": 3,
  "demoralize": -2,
  "demoralized": -2,
  "denials": -2,
  "denier": -2,
  "denounces": -2,
  "deplore": -3,
  "deplores": -3,
  "deploring": -3,
  "deporting": -2,
  "deports": -2,
  "derailed": -2,
  "derails": -2,
  "deriding": -2,
  "derision": -2,
  "deteriorates": -2,
  "detracts": -1,
  "devastations": -2,
  "dickhead": -4,
  "diffident": -2,
  "dilligence": 2,
  "dipshit": -3,
  "direful": -3,
  "dirtier": -2,
  "dirtiest": -2,
  "disappoints": -2,
  "disapprovals": -2,
  "disapproving": -2,
  "discarding": -1,
  "discards": -1,
  "disconsolate": -2,
  "disconsolation": -2,
  "discredited": -2,
  "discriminates": -2,
  "discriminating": -2,
  "disguises": -1,
  "disgustful": -3,
  "disillusioned": -2,
  "disinclined": -2,
  "disjointed": -2,
  "dislikes": -2,
  "dismayed": -2,
  "disorganized": -2,
  "disoriented": -2,
  "disparage": -2,
  "disparaged": -2,
  "disparages": -2,
  "disrespected": -2,
  "disrupts": -2,
  "distrustful": -3,
  "dithering": -2,
  "dodging": -2,
  "dodgy": -2,
  "dolorous": -2,
  "donating": 2,
  "douche": -3,
  "dour": -2,
  "downer": -2,
  "dreaded": -2,
  "dreading": -2,
  "dreary": -2,
  "droopy": -2,
  "drowns": -2,
  "drudgery": -2,
  "dud": -2,
  "dupe": -2,
  "dupery": -2,
  "eerie": -2,
  "eery": -2,
  "effortlessly": 2,
  "elegantly": 2,
  "embarrasses": -2,
  "emptiness": -1,
  "enchanted": 2,
  "engrossing": 3,
  "enjoys": 2,
  "ennui": -2,
  "enrapture": 3,
  "enthrall": 3,
  "ErrorUndefined": -3,
  "euphoric": 4,
  "evacuates": -1,
  "evacuating": -1,
  "evergreening": -3,
  "evergreens": 2,
  "exaggerates": -2,
  "exasparate": -2,
  "exasperates": -2,
  "exasperating": -2,
  "excruciatingly": -1,
  "exhilarated": 3,
  "exhilarates": 3,
  "exhilarating": 3,
  "exonerate": 2,
  "exonerates": 2,
  "exonerating": 2,
  "expertly": 2,
  "fabulously": 4,
  "fad": -2,
  "fag": -3,
  "fagot": -3,
  "fagots": -3,
  "faker": -3,
  "fakes": -3,
  "faking": -3,
  "farce": -1,
  "fascinate": 3,
  "fascinates": 3,
  "fascists": -2,
  "fatalities": -3,
  "fatality": -3,
  "fatigues": -2,
  "fatiguing": -2,
  "favorited": 2,
  "favourited": 2,
  "fervid": 2,
  "fidgety": -2,
  "flawlessly": 2,
  "flop": -2,
  "flops": -2,
  "flustered": -2,
  "foreclosures": -2,
  "forgettable": -1,
  "fraudster": -4,
  "fraudulence": -4,
  "frikin": -2,
  "frisky": 2,
  "frustrates": -2,
  "ftw": 3,
  "fucked": -4,
  "fuckers": -4,
  "fuckface": -4,
  "fuckhead": -4,
  "fuckin": -4,
  "fucktard": -4,
  "fud": -3,
  "fuked": -4,
  "fuking": -4,
  "fuming": -2,
  "funnier": 4,
  "gag": -2,
  "gagged": -2,
  "gallant": 3,
  "gallantly": 3,
  "genial": 3,
  "ghastly": -2,
  "giddy": -2,
  "glamourous": 3,
  "glee": 3,
  "gleeful": 3,
  "goofiness": -2,
  "goofy": -2,
  "greenwash": -3,
  "greenwasher": -3,
  "greenwashers": -3,
  "greenwashing": -3,
  "gripping": 2,
  "grisly": -2,
  "groans": -2,
  "growths": 2,
  "gullibility": -2,
  "haha": 3,
  "hahaha": 3,
  "hahahah": 3,
  "haplessness": -2,
  "harasses": -3,
  "harried": -2,
  "hater": -3,
  "haunting": 1,
  "heartbreaking": -3,
  "heartbroken": -3,
  "heartless": -2,
  "heavyhearted": -2,
  "hehe": 2,
  "hellish": -2,
  "hilarious": 2,
  "homicides": -2,
  "hooligan": -2,
  "hooligans": -2,
  "horrid": -3,
  "huckster": -2,
  "humbug": -2,
  "humerous": 3,
  "humourous": 2,
  "hurray": 5,
  "hysterical": -3,
  "hysterics": -3,
  "icky": -3,
  "idiocy": -3,
  "immobilized": -1,
  "impeachment": -3,
  "impeachments": -3,
  "impedingly": -2,
  "imposter": -2,
  "incapacitates": -2,
  "incapacitating": -2,
  "incensed": -2,
  "incensing": -2,
  "incoherent": -2,
  "indestructible": 2,
  "indoctrinate": -2,
  "indoctrinated": -2,
  "indoctrinates": -2,
  "inediable": -2,
  "ineffectively": -2,
  "inept": -2,
  "ineptitude": -2,
  "inexorable": -3,
  "infantilized": -2,
  "infects": -2,
  "infest": -2,
  "infesting": -2,
  "infests": -2,
  "inflicts": -2,
  "infract": -2,
  "infracted": -2,
  "infracting": -2,
  "infracts": -2,
  "infuriated": -2,
  "infuriates": -2,
  "infuriating": -2,
  "innovates": 1,
  "insipid": -2,
  "intimidates": -2,
  "intransigency": -2,
  "invulnerable": 2,
  "irony": -1,
  "irreproducible": -2,
  "irresistibly": 2,
  "irresolute": -2,
  "irritates": -3,
  "itchy": -2,
  "jackass": -4,
  "jackasses": -4,
  "jaunty": 2,
  "jerk": -3,
  "jocular": 2,
  "jolly": 2,
  "jovial": 2,
  "joyless": -2,
  "jubilant": 3,
  "kickback": -3,
  "kidnaps": -2,
  "kinder": 2,
  "lapsed": -1,
  "laughting": 1,
  "lawl": 3,
  "lethality": -2,
  "lethargic": -2,
  "lethargy": -2,
  "likable": 2,
  "likeable": 2,
  "likers": 2,
  "litigious": -2,
  "livid": -2,
  "lmao": 4,
  "lmfao": 4,
  "loathe": -3,
  "loathed": -3,
  "loathes": -3,
  "loathing": -3,
  "loathsome": -3,
  "lobbyist": -2,
  "lolol": 4,
  "lololol": 4,
  "lolololol": 4,
  "lool": 3,
  "Loom": -1,
  "loomed": -1,
  "looms": -1,
  "loool": 3,
  "looool": 3,
  "lousy": -2,
  "lovelies": 3,
  "lugubrious": -2,
  "lurks": -1,
  "macabre": -2,
  "maddening": -3,
  "madly": -3,
  "maladaption": -2,
  "maldevelopment": -2,
  "mediocrity": -3,
  "memoriam": -2,
  "menaced": -2,
  "mesmerizing": 3,
  "messed": -2,
  "messing то": -2,
  "methodically": 2,
  "mirth": 3,
  "mirthful": 3,
  "mirthfully": 3,
  "misbehave": -2,
  "misbehaved": -2,
  "misbehaves": -2,
  "misbranding": -3,
  "miscast": -2,
  "mischiefs": -1,
  "misclassified": -2,
  "misclassifies": -2,
  "misclassify": -2,
  "misconducted": -2,
  "misconducting": -2,
  "misconducts": -2,
  "misfire": -2,
  "misinterpreted": -2,
  "misleaded": -3,
  "misplaces": -2,
  "misplacing": -2,
  "mispricing": -3,
  "misread": -1,
  "misreport": -2,
  "misreports": -2,
  "misrepresent": -2,
  "misrepresentation": -2,
  "misrepresentations": -2,
  "misrepresented": -2,
  "misrepresenting": -2,
  "misrepresents": -2,
  "mistaking": -2,
  "misunderstands": -2,
  "moaned": -2,
  "moaning": -2,
  "moans": -2,
  "modernizes": 2,
  "mongering": -2,
  "monopolized": -2,
  "monopolizes": -2,
  "monopolizing": -2,
  "Moody": -1,
  "mope": -1,
  "moping": -1,
  "motherfucker": -5,
  "motherfucking": -5,
  "mumpish": -2,
  "n00b": -2,
  "narcissism": -2,
  "negativity": -2,
  "nervously": -2,
  "nifty": 2,
  "niggas": -5,
  "nigger": -5,
  "obnoxious": -3,
  "obstructs": -2,
  "oks": 2,
  "oppressions": -2,
  "optionless": -2,
  "ostracize": -2,
  "ostracizes": -2,
  "ouch": -2,
  "outage": -2,
  "outmaneuvered": -2,
  "overprotective": -2,
  "overreacted": -2,
  "overreacting": -2,
  "overreaction": -2,
  "overreacts": -2,
  "oversell": -2,
  "overselling": -2,
  "oversells": -2,
  "oversimplification": -2,
  "oversimplified": -2,
  "oversimplifies": -2,
  "oversimplify": -2,
  "oversold": -2,
  "overstatements": -2,
  "overwrought": -3,
  "oxymoron": -1,
  "panicked": -3,
  "panics": -3,
  "parley": -1,
  "pathetic": -2,
  "penalizes": -2,
  "penalizing": -2,
  "pensive": -1,
  "perfects": 2,
  "perturbed": -2,
  "pesky": -2,
  "petrified": -2,
  "phobic": -2,
  "pileup": -1,
  "pillage": -2,
  "pique": -2,
  "piss": -4,
  "pissed": -4,
  "pissing": -3,
  "piteous": -2,
  "pitied": -1,
  "pleasurable": 3,
  "plodding": -2,
  "poignant": 2,
  "polished": 2,
  "pollutant": -2,
  "polluter": -2,
  "prblm": -2,
  "prblms": -2,
  "predatory": -2,
  "profiteer": -2,
  "prosecutes": -1,
  "pseudoscience": -3,
  "psychopathic": -2,
  "racists": -3,
  "rageful": -2,
  "rant": -3,
  "ranter": -3,
  "ranters": -3,
  "rants": -3,
  "rapist": -4,
  "raptured": 2,
  "raptures": 2,
  "rapturous": 4,
  "refreshingly": 2,
  "relishing": 2,
  "reprimanding": -2,
  "repulse": -1,
  "retarded": -2,
  "revengeful": -2,
  "rig": -1,
  "rigged": -1,
  "rightfully": 2,
  "riveting": 3,
  "robed": -2,
  "robing": -2,
  "rofl": 4,
  "roflcopter": 4,
  "roflmao": 4,
  "romantical": 2,
  "romantically": 2,
  "rotfl": 4,
  "rotflmfao": 4,
  "rotflol": 4,
  "salient": 1,
  "sappy": -1,
  "savange": -2,
  "savanges": -2,
  "scandalous": -3,
  "scandals": -3,
  "scapegoat": -2,
  "SCOOP": 3,
  "screwed": -2,
  "screwed то": -3,
  "scumbag": -4,
  "seamlessly": 2,
  "seditious": -2,
  "sexist": -2,
  "sexistic": -2,
  "shaky": -2,
  "shit": -4,
  "shithead": -4,
  "shitty": -3,
  "shoody": -2,
  "shrew": -4,
  "silencing": -1,
  "sincerest": 2,
  "singleminded": -2,
  "skeptics": -2,
  "Slam": -2,
  "slashed": -2,
  "slashes": -2,
  "slashing": -2,
  "slick": 2,
  "slicker": 2,
  "slickest": 2,
  "slumping": -1,
  "slut": -5,
  "smartest": 2,
  "smog": -2,
  "smuggles": -2,
  "sneezed": -2,
  "sneezing": -2,
  "snub": -2,
  "snubbed": -2,
  "snubbing": -2,
  "snubs": -2,
  "solidified": 2,
  "solidifies": 2,
  "solidify": 2,
  "solidifying": 2,
  "somber": -2,
  "soothe": 3,
  "spamming": -2,
  "sparkles": 3,
  "spearhead": 2,
  "spiritless": -2,
  "sprightly": 2,
  "squandering": -2,
  "squelched": -1,
  "stalled": -2,
  "stampede": -2,
  "stank": -2,
  "starved": -2,
  "starves": -2,
  "stereotyped": -2,
  "stinked": -2,
  "stinker": -2,
  "stinking": -2,
  "stinks": -2,
  "stinky": -2,
  "stressor": -2,
  "stressors": -2,
  "stupidly": -2,
  "suave": 2,
  "sucks": -3,
  "sueing": -2,
  "sufferer": -2,
  "sufferers": -2,
  "sulking": -2,
  "sulky": -2,
  "sullen": -2,
  "suspecting": -1,
  "sweetest": 3,
  "swindles": -3,
  "swindling": -3,
  "tard": -2,
  "tarnish": -2,
  "tarnished": -2,
  "tarnishes": -2,
  "terrifically": 4,
  "terrorized": -3,
  "terrorizes": -3,
  "thwarting": -2,
  "thwarts": -2,
  "timorous": -2,
  "tits": -2,
  "tout": -2,
  "touted": -2,
  "touting": -2,
  "touts": -2,
  "travesty": -2,
  "treasonous": -3,
  "tremulous": -2,
  "troll": -2,
  "twat": -5,
  "tyran": -3,
  "tyrannic": -3,
  "tyrannically": -3,
  "tyrans": -3,
  "ugh": -2,
  "ugliness": -3,
  "unappeasable": -2,
  "unavailing": -2,
  "unconcerned": -2,
  "unconvinced": -1,
  "uncredited": -1,
  "undercooked": -2,
  "underestimates": -1,
  "underperform": -2,
  "underperformed": -2,
  "underperforming": -2,
  "underperforms": -2,
  "undeserving": -2,
  "unequaled": 2,
  "uneventful": -2,
  "unfitted": -2,
  "unfocused": -2,
  "unfunny": -2,
  "ungenerous": -2,
  "unhygienic": -2,
  "unimaginative": -2,
  "unimpressed": -2,
  "unintelligent": -2,
  "uninvolving": -2,
  "unlovable": -2,
  "unloved": -2,
  "unmotivated": -2,
  "unoriginal": -2,
  "unparliamentary": -2,
  "unpleasantness": -2,
  "unprofessional": -2,
  "unravel": 1,
  "unreleting": -2,
  "unresearched": -2,
  "unscientific": -2,
  "unsophisticated": -2,
  "unstoppable": 2,
  "untarnished": 2,
  "upsets": -2,
  "uptight": -2,
  "uselessness": -2,
  "validated": 1,
  "validates": 1,
  "validating": 1,
  "vapid": -2,
  "vexation": -2,
  "vexing": -2,
  "victimize": -3,
  "victimizes": -3,
  "victimizing": -3,
  "virulent": -2,
  "visionary": 3,
  "vitriolic": -3,
  "vivacious": 3,
  "vociferous": -1,
  "vomits": -3,
  "walkouts": -2,
  "wanker": -3,
  "warmhearted": 2,
  "warmness": 2,
  "whimsical": 1,
  "whitewash": -3,
  "winwin": 3,
  "wits": 2,
  "woebegone": -2,
  "woo": 3,
  "woohoo": 3,
  "wooo": 4,
  "woow": 4,
  "wowow": 4,
  "wowww": 4,
  "wrenching": -2,
  "wrongdoings": -2,
  "WTF": -4,
  "wtff": -4,
  "wtfff": -4,
  "xo": 3,
  "xoxo": 3,
  "xoxoxo": 4,
  "xoxoxoxo": 4,
  "yeah": 1,
  "yeees": 2,
  "yucky": -2,
  "yummy": 3,
  "zealots": -2,
  "аблаҳ": -3,
  "аблаҳнамо": -3,
  "аблаҳон": -2,
  "аборт": -1,
  "абрӣ": -1,
  "Агар хашмгин шуда": -3,
  "адовати": -2,
  "адолат": 2,
  "адонашуда": -2,
  "аз азоби": -2,
  "аз ащл берун": -1,
  "аз бадӣ нафрат": -3,
  "аз будаш зиёд": -2,
  "аз будаш зиёд крдан": -2,
  "аз бунбасти": -2,
  "аз ғоибшудагон": -1,
  "аз лињози": -1,
  "аз њуш": -2,
  "аз ҳад": -2,
  "азиз": 2,
  "азизу": 2,
  "азияткашида": -2,
  "азияту": -2,
  "азоб": -2,
  "азоб мекунад": -2,
  "Азонихудкунӣ": -3,
  "айбдор": -2,
  "айбдор кунанд": -2,
  "айбдоркуниҳои": -2,
  "айратангези": 5,
  "айшу ишрат": -2,
  "аќиб": -2,
  "аќидаанд": 2,
  "ақибмонӣ": -1,
  "аламноке кашид": -2,
  "аллергӣ": -2,
  "алмаз": 1,
  "алоњида": -1,
  "амиќтар": -2,
  "Амэйзс": 2,
  "анбдор": -2,
  "ангалнома": -2,
  "Андварафорс": -1,
  "андоми": -2,
  "андӯҳгин мешаванд": -2,
  "Андӯҳу фалокат": -3,
  "анищ кардан": 1,
  "арвоҳ": -2,
  "арзанда": 2,
  "арзон": -1,
  "аризаи шикоятӣ": 2,
  "асабонӣ": -2,
  "асабоникунанда": -3,
  "асабҳо": -1,
  "асоснок": 2,
  "ато кун": 1,
  "атса": -2,
  "атса задан": -2,
  "Аура": 1,
  "аутрич": 2,
  "афв": 2,
  "афвкунандаву": 2,
  "афвнопазир": -3,
  "афзалияти": 2,
  "афзоиш": 2,
  "афканда": -1,
  "афсонавӣ": 4,
  "афсурдањол": -2,
  "Афсӯс": -2,
  "афтидан": -1,
  "ахлоқӣ": 2,
  "ахлот": -1,
  "ахмақ": -3,
  "аҳамият": 2,
  "аҳамияти": 2,
  "Аҳмақ": -4,
  "аҳсан": 3,
  "ашки": -2,
  "ащибнишинӣ": -1,
  "ащлнорас": -1,
  "аъло": 3,
  "аьиб": -2,
  "аэобест": -3,
  "ба авбошӣ": -2,
  "ба адои пул нощобил": -2,
  "ба васваса": -2,
  "ба ваҳшат": -3,
  "ба ваьҳ омадан": 3,
  "ба ғазаб меорад": -3,
  "ба даст овардани": 2,
  "Ба дер партофтани": -1,
  "ба зиммаи": 2,
  "ба зудї": -1,
  "ба истеъфо рафтан": -1,
  "ба камол": 2,
  "ба маблағи": 2,
  "ба манфиати": 2,
  "ба масхара": -2,
  "ба мувофиқа": 1,
  "ба мурофиа кашидан": -2,
  "ба низоъ": -2,
  "ба самти дуруст": 3,
  "ба ситоиши": 3,
  "ба СҶШ": -2,
  "ба таври комил": 3,
  "ба тарафи дигар кашидан": -2,
  "ба тарбияи": 2,
  "ба таъқибот": -2,
  "ба таъхир": -1,
  "ба хатогӣ роҳ": -2,
  "ба хашм намеояд": -1,
  "ба ҳадаф нарасидан": -2,
  "ба ҳайрат": 3,
  "ба ҳалокат расидааст": -3,
  "ба ҳаяҷон": 3,
  "ба эътидол меоварад": 1,
  "бағазабомада": -3,
  "бад": -2,
  "бадарца": -2,
  "бадарца кардан": -1,
  "бадахлощ": -2,
  "бадбахт": -2,
  "бадбахтӣ": -3,
  "бадбахтиҳои": -2,
  "бадбинӣ": -3,
  "бадбӯй": -2,
  "баддидашудаву": -2,
  "бади": -1,
  "бадкирдории": -3,
  "бадкоронро": -3,
  "бадрафторц тило": -2,
  "бадрашк": -2,
  "бадтар": -3,
  "бадтарин": -3,
  "бадхоҳона": -2,
  "бадҳайбат": -2,
  "бадшавии": -2,
  "базеб": 3,
  "баќия": -2,
  "баландшавӣ": 1,
  "Балливуд": 4,
  "бало занад": -4,
  "бало зебо": 3,
  "бало хуб": 4,
  "Балоҳои": -3,
  "бањс": -2,
  "баракат": 2,
  "баракатҳои": 3,
  "барангехтан": 3,
  "барващт": -1,
  "бардурӯғ": -1,
  "баркамол": 2,
  "барқарор": 1,
  "барқарор кардани": 1,
  "Барқияи": 2,
  "бармеангезад": 2,
  "Барои Саломати!": 2,
  "баромада рафтан": -2,
  "Барори": 3,
  "Барори бад": -2,
  "бароҳат": 2,
  "бароҳатӣ": 2,
  "бартарӣ": 2,
  "бархоста": 1,
  "бархӯрад": -1,
  "бархӯрӣ": -2,
  "барҳаво": 1,
  "барҳамхурии": -2,
  "барҷаста": 2,
  "барщарор кардан": 2,
  "барьаста": 2,
  "баста": -1,
  "бастаем": 2,
  "бастани": -1,
  "бафикр": 2,
  "бахил": -2,
  "бахшида": 3,
  "бахшидан": 1,
  "бахшидани": 2,
  "бахшидашуда": 2,
  "бахшиш": -1,
  "баҳаяьон": -2,
  "баҳснок": -2,
  "баҳсомез": -2,
  "баҳсҳои": -2,
  "бачаи": 2,
  "баъди осеб": -2,
  "баъзе намуди": 0,
  "беадолатӣ": -2,
  "беайб": 2,
  "беақл": -2,
  "беақлона": -2,
  "беамал": -2,
  "беамалии": -2,
  "беасос": -2,
  "бебарор": -3,
  "бебозгашт": -1,
  "бева": -1,
  "бевиьдон": -2,
  "беѓаразона": 2,
  "бегона": -1,
  "бегуноҳ": 2,
  "бедандон": -2,
  "бедоц": 2,
  "безеб": -2,
  "беимон": -1,
  "беинсофона": -2,
  "бекор": -1,
  "бекорӣ": -2,
  "беқурбшавӣ": -2,
  "бемадор": -2,
  "бемантищ": -2,
  "бемасъулиятона": -2,
  "бемаънӣ": -2,
  "бемаънигӣ": -2,
  "бемаъсулият": -2,
  "бемислу": 3,
  "бемор": -2,
  "беморӣ": -1,
  "беморињои": -1,
  "бемориҳои": -2,
  "бемуваффащият": -2,
  "бенатиьа": -2,
  "бенизом": -2,
  "бењтар": 2,
  "бењтар намудани": 2,
  "беодоб": -2,
  "беохир": -2,
  "бепарво": 1,
  "бепарвогӣ": -2,
  "бепарвоӣ": -3,
  "бераҳм": -2,
  "бераҳмӣ": -3,
  "бераҳмона": -2,
  "бероҳат": -2,
  "бесаводӣ": -2,
  "бесалоҳият": -2,
  "бесамар": -2,
  "бесару сомон": -2,
  "бесарусомон": -2,
  "бетартибӣ": -2,
  "бетартибиҳои": -2,
  "бетартибона": -2,
  "бетощат": -2,
  "бефикрона": -2,
  "бефоида": -2,
  "бехатар": 2,
  "бехатарӣ": 1,
  "бехирадӣ": -3,
  "бехоб": -2,
  "бехона": -2,
  "беҳаёт": -1,
  "беҳаракат": -2,
  "беҳис": -2,
  "беҳтар": 2,
  "беҳтарин": 3,
  "беҳтарин бало": 4,
  "беҳтаршавӣ": 2,
  "беҳурматӣ": -2,
  "беҷавоб": -2,
  "бечора": -2,
  "бешубҳа": -1,
  "бешӯбҳа": -2,
  "бещувват": -2,
  "беэњтиромї": -2,
  "беэътиёт": -2,
  "беэътиётӣ": -2,
  "беэътино": -2,
  "беэътиноb зо": -2,
  "беэътиноӣ": -1,
  "бибуред": -2,
  "биёмурз": 1,
  "бикушад": -3,
  "биниш": 1,
  "бисёрваъдагӣ": 2,
  "Бисёри": 3,
  "битарсед": -2,
  "битарсонад": -2,
  "биҳишт": 3,
  "блок": -1,
  "блокҳои": -1,
  "бо боварӣ": 2,
  "бо мулоҳиза": 1,
  "бо партовҳои": -1,
  "боадолат": -2,
  "боақлӣ": 3,
  "боб": 1,
  "бобуранг": -3,
  "бовар кунонад": 1,
  "бовар мекунонад,": 1,
  "Боварb надорам": -1,
  "боварӣ": 2,
  "боваринок": 2,
  "бовафо": 3,
  "боваьд": 3,
  "бодиққат": 3,
  "бодиққати": 3,
  "бодҳоро": -3,
  "бозаш медорад": -1,
  "боздошт": -2,
  "боздошта": -1,
  "боздоштан": -1,
  "боздоштанд": -1,
  "Боздошти": -2,
  "бозӣ тағйир": 3,
  "бозӯ": -2,
  "бозхондани": -3,
  "бозхоҳад": -2,
  "бой": 2,
  "бойкот": -2,
  "боинсофона": -3,
  "боиси": 2,
  "боиси баланд": 1,
  "Боиси сарфарозист,": 2,
  "боистеъдод": 1,
  "боло": 2,
  "бомаънӣ": 2,
  "бомба": -1,
  "бомуваффақият": 3,
  "бомувваффащият": 2,
  "бомҳо": 2,
  "бонг": -5,
  "бор кардан": -1,
  "бори": -2,
  "боронӣ": -1,
  "босаброна": 2,
  "босаодати": 3,
  "ботамкин": 1,
  "боҳашшамат": 3,
  "бошавщ": 3,
  "бошиддат": 2,
  "бошитоб,": 2,
  "бошукӯҳ": 5,
  "бошукӯҳи": -1,
  "боэътимод": 2,
  "боэътимодӣ": 2,
  "брд": 3,
  "буғишуда": -2,
  "буданро": -2,
  "бузургвор": 2,
  "бузурги": 3,
  "бузургтар": 3,
  "бузургтарин": 3,
  "бурдан": -1,
  "бурдем": -1,
  "буриш": 4,
  "буриши": -1,
  "бӯсса": 2,
  "бухур": -2,
  "бӯҳрони": -3,
  "ва бераҳмона буд": -2,
  "ва масхараашон мекунанд": -2,
  "ва фиғон ва": -2,
  "вазни зиёдатӣ": -1,
  "вазнин": -3,
  "вайрокунанда": -2,
  "вайрон": -1,
  "вайрон кардан": -2,
  "вайронӣ": 3,
  "вайронкунӣ": -2,
  "вайронкунии": -2,
  "вайроншуда": -2,
  "ваїдњ": 4,
  "валангор": -2,
  "варам": -1,
  "васеъ": 1,
  "Василчуки": -2,
  "ватангадо": -2,
  "вафодории": 3,
  "ваҳшӣ": -2,
  "ваҳшиёна": -2,
  "ваҷд": 4,
  "ваъда": 1,
  "ваъдаҳои": 1,
  "Виктор": 3,
  "витамин": 1,
  "водор": -1,
  "вой": -1,
  "воқеаи": 3,
  "вонамуд": -1,
  "воҳима": -3,
  "воҳиманок": -2,
  "вусъат меёбад": 1,
  "га": 2,
  "ғайри қобили амал": -2,
  "ғайриахлоқӣ": -2,
  "ғайридавлатӣ тасдиќ": -2,
  "ѓайриќонунї": -3,
  "ғайриқаноатбахш": -2,
  "ғайриқонунӣ": -3,
  "Ғайриқонунӣ": -2,
  "ғайрирасмии": -2,
  "ѓайрисамарабахш": -2,
  "ғалаба": 3,
  "ғалабаҳои": 3,
  "ғалат": -2,
  "ғалтидааст": -2,
  "ғамгин": -2,
  "ѓамгинињо": -2,
  "ғамовар": -2,
  "ғаму": -2,
  "ғамхор": 2,
  "ғамхорӣ": -2,
  "ганҷе": 2,
  "ганҷҳо": 2,
  "гарави": 2,
  "гардишгоҳ": 2,
  "ғарқ сохтем": -2,
  "ғарқи": 1,
  "гарм": 1,
  "гарм мекунад": 2,
  "гармӣ": 2,
  "гарон": -2,
  "гаронборон": -2,
  "ғафс": -2,
  "ғаюр": 2,
  "Ғаюр": -2,
  "гиламанд": -2,
  "гилолуду": -2,
  "гиранд": -1,
  "гирён": 3,
  "гирифтан": -1,
  "гирифторӣ": -2,
  "гиромитарини": 2,
  "гиромишудагон": 2,
  "гирья": -2,
  "гиря кардан": -1,
  "ғолиб": 4,
  "ғолибанд": 3,
  "ғолиби": 4,
  "ғофил": -2,
  "грантҳо": 1,
  "грипп": -2,
  "гуворо": 3,
  "гувоҳии бардурӯц": -3,
  "гузаранда": -1,
  "ғулом": -2,
  "ғуломи": -3,
  "ғуломӣ": -3,
  "ғуломон": -3,
  "гулӯгиру": -2,
  "гум кардан": -2,
  "гум шудан": -1,
  "гумон аст": -1,
  "гумонбар": -1,
  "гумонбаршудагон": -1,
  "гумроҳ": -3,
  "гумроҳкунанда": -3,
  "гумшуда": -2,
  "гунањкорони": -2,
  "гунаҳкор": -3,
  "гунаҳкор кардан": -1,
  "гунаькоронро": -2,
  "гунг": -3,
  "гуноҳ": -2,
  "гуноҳи": -2,
  "гуноҳи беасос": -2,
  "гуноҳҳои": -2,
  "гӯр": -2,
  "гурехтан": -1,
  "гурусна": -2,
  "гурусна мондан": -2,
  "гуруснагӣ": -2,
  "густариши": 1,
  "гуфтаҳои": -2,
  "гӯша": -2,
  "гӯшт": -5,
  "давомдор": -2,
  "дағалона": -2,
  "даккахӯрӣ": -2,
  "далел овардан": 1,
  "далеловарӣ": 2,
  "далер": 2,
  "далерӣ": 2,
  "далерона": 2,
  "дар амонат": 1,
  "дар беморхона": -2,
  "дар дуо": 1,
  "дар ҳайрат": 2,
  "дар ҳайрат афтоданд": -2,
  "дар шак": -1,
  "дарғазаб": -2,
  "дард": -2,
  "дард мекунад": -2,
  "дардовар": -2,
  "дардод": -2,
  "дареғ": -2,
  "дарец": -2,
  "дармондаро": -2,
  "дароз": 1,
  "дарояд": -2,
  "дарсгурез": -1,
  "дасисаву": 1,
  "даст": 2,
  "даст кашидани": -2,
  "дастгирӣ": 2,
  "дастгирии": 2,
  "дастгириҳои": 2,
  "дастжбк": -3,
  "дастнорас": -1,
  "дастовардани": 1,
  "дастовардњои": 2,
  "дастрас": 2,
  "дафн": -1,
  "дахшатнок": -2,
  "даҳшатангез": -2,
  "даҳшатовар": -3,
  "даъват": -1,
  "даъват кардан": 1,
  "даъватро": 1,
  "даъвогар шудан": -1,
  "девона": -2,
  "девонавор": -2,
  "девонагӣ": -3,
  "девҳост": -2,
  "депортатсия": -2,
  "депортатсияи": -2,
  "деринан": 1,
  "дерини": 1,
  "деринтизор": -1,
  "диќќатљалбкунанда": -2,
  "диққати": -2,
  "дилаш намемонд": -2,
  "дилбазан": -3,
  "дилбастагӣ": 3,
  "дилбеҳузур шудан": -3,
  "дилгармии": 2,
  "дилгармкунанда": 3,
  "дилгир": -2,
  "дилошӯб": 3,
  "дилпур": 2,
  "дилрабоӣ": 3,
  "дилсӯзӣ": 2,
  "дилтанг": -3,
  "дилхоҳро": 2,
  "дилхӯшӣ": 3,
  "дилхушӣ кардан": 3,
  "дод задан": -2,
  "дода": 3,
  "додани": 1,
  "доданҳои": -3,
  "додгоҳ": -2,
  "доду фарёди": -2,
  "дом": -2,
  "домҳои": -1,
  "донача": -2,
  "доно": 2,
  "Донт мисли": -2,
  "дороиҳои": 2,
  "дорої": 2,
  "дугона": 1,
  "дудила": -2,
  "дуздӣ": -2,
  "дӯздӣ": -2,
  "дузди щулфшикан": -2,
  "дуздид": -2,
  "дуздида": -2,
  "дӯздидан": -2,
  "думболагирӣ кардан": -2,
  "дуньёӣ": 2,
  "дуо кардан": 1,
  "дуои хайр": 3,
  "дур мекунад": 1,
  "дурандешӣ": 2,
  "дурахши": 1,
  "дурахшон": 3,
  "дурдасте": -1,
  "дурӣ": -1,
  "дурнамои": 1,
  "дурӯғ": -3,
  "дурӯғгӯёнанд": -3,
  "дурӯғгӯй": -3,
  "дуруцгӯ": -3,
  "дурушт": -3,
  "дӯст доштан": 3,
  "дӯст медорад": 3,
  "дӯст медорад шибан": 4,
  "дӯст медошт": 3,
  "дӯстдор": 2,
  "дӯстдошта": 3,
  "дӯстдоштаи": 2,
  "дӯстӣ": 2,
  "дӯстона": 2,
  "духела": -1,
  "дучанд": -2,
  "дучанд шудан": -2,
  "душвор": 2,
  "душвор кардан": -2,
  "Душвориҳои": -2,
  "душвортар": -2,
  "душман": -2,
  "душманӣ": -2,
  "душманони": -2,
  "жола": 2,
  "завқу": 2,
  "зад": -1,
  "заду": 3,
  "заифмизоҷеро": -1,
  "заминларза": -2,
  "замонавӣ": 2,
  "замонавикунонї": 2,
  "зандагӣ": -3,
  "занчирҳо бикашандашон": -1,
  "зањрхимикатњо": -2,
  "зарар": -2,
  "зарар расонанд": -2,
  "зарар расондан": -2,
  "зараррасон": -2,
  "зарба": -1,
  "зарби": -2,
  "зафарёфтагонанд": 4,
  "захмдоршударо": -2,
  "захмӣ": -2,
  "захмӣ кардан": -2,
  "захмро": -1,
  "заҳр": -2,
  "заҳролуд": -2,
  "зебо": 3,
  "зебоӣ": 3,
  "зебоиҳои": 3,
  "зебоманзар": 2,
  "зери илҳоми илоҳӣ": 2,
  "зид": 1,
  "зиддикоррупсионӣ": -1,
  "зиддилағзиш": -1,
  "зиёд": 1,
  "зиёд мекунад": -2,
  "зиёдатӣ": -2,
  "зиён": -2,
  "зиқ": -2,
  "зиқу": -2,
  "зиммаи": -1,
  "зинатҳои": 3,
  "зинда": 2,
  "зинда месозад": 2,
  "зиндалил": 2,
  "зиндамонда": 2,
  "зиндамонӣ": 2,
  "зиндон": -2,
  "золими": -3,
  "зомин": 1,
  "зор": -2,
  "зудбовар": -2,
  "зӯр": 2,
  "зӯроварӣ": -3,
  "зўроварї": -3,
  "зўроварї марбут ба": -3,
  "идани": 2,
  "иддаои": -2,
  "идона": 2,
  "иёлот": -2,
  "изохӯрда": -2,
  "изтироб": -2,
  "иќдомоти": -2,
  "икром": 2,
  "иктишоф": 1,
  "иқрор": -1,
  "иллати": -2,
  "илҳом": 2,
  "илҳом бахшидан": 2,
  "илҳом мебахшад": 2,
  "илҳомбахш": 2,
  "иљрои љазои љиноятї": -2,
  "Имейлатро": -4,
  "имкон": 1,
  "имконият": 2,
  "имконияти": 2,
  "имкониятҳои": 2,
  "имконпазир": 2,
  "имон": 1,
  "имтиёзнок": 2,
  "ин шӯру ғавғо": -3,
  "иніирофии": -2,
  "инквизитсия": -2,
  "инкишофи": 1,
  "инкор": -2,
  "инноватсионӣ": 2,
  "инноватсионї": 1,
  "интеллектуалӣ": 1,
  "интизор аст": -1,
  "интизор шудан": -1,
  "интизорӣ": 1,
  "интиқод": -2,
  "Интиқоди": -3,
  "интиқоли ғайриқонунии": -2,
  "интиқом мегирад": -2,
  "инфексионӣ": -2,
  "инҳисори": -2,
  "инҳоянд": 3,
  "инҷиқиҳои": -2,
  "инчунинchampioned": 3,
  "инчунинмавқею": 2,
  "инчунинравона": 2,
  "инчунинтаҳия": 2,
  "иръоб": -3,
  "исбот": 2,
  "иснод": -2,
  "Исо": 1,
  "исроркунанда": -1,
  "исрофкорӣ": -2,
  "ист": -1,
  "Ист": -1,
  "истеҳзо": -2,
  "истеҳзоҳомез": -2,
  "истеъдод": 2,
  "истеъфо": -1,
  "Истиқболи": 2,
  "истисноии": 2,
  "истифода": -2,
  "истифодаи": -2,
  "ифлос": -2,
  "ифлос кардани муҳит": -2,
  "ифлоскунандагонаш": -2,
  "ифлоскунӣ": -2,
  "ифротгароён": -2,
  "ифтихор": 2,
  "ихроҷи як": -2,
  "ихтилоли": -2,
  "иҳонатовар": -2,
  "ицво андохтан": -1,
  "иҷро": 2,
  "иҷро мекунад": 2,
  "иҷрои": 2,
  "иҷрошавии": -2,
  "иьро": 2,
  "ќабул": 1,
  "ќабули": 1,
  "кадом як аз неъматҳои": 2,
  "ќайкунї": -3,
  "калобашуда": -2,
  "калон": 3,
  "кам баҳо додан": -1,
  "кам кардан": -2,
  "камащлона": -3,
  "камбизоат": -2,
  "камбизоатї": -1,
  "камбизоаттарин": -2,
  "камбудӣ": -2,
  "камбудии": -3,
  "камбудиҳои": -2,
  "камфурӯшӣ": -2,
  "камҳосилӣ": -2,
  "канда": -2,
  "кандашавӣ": -2,
  "ќаноатманд": -2,
  "карахт": -1,
  "касал": -2,
  "касалӣ гузарондан": -2,
  "касри": -2,
  "кафке": -3,
  "кафкӯбӣ кардан": 2,
  "каҷ": -2,
  "кашад": -2,
  "кашем": -3,
  "кашид,": -2,
  "кашида": -2,
  "кашиш": -1,
  "кашолакунон": -1,
  "ки барои шиканча": -4,
  "ки мисолҳои": 2,
  "ки ошомандагон": 3,
  "ки парастиши": 2,
  "кинаеро": -1,
  "кифоя": 1,
  "кн": 2,
  "комёбии": 4,
  "комёбиҳои": 2,
  "комил": 3,
  "комил хардкор": 4,
  "комили": -2,
  "кор накунад": -3,
  "кор намекунад": -3,
  "корд": -2,
  "кореро": 3,
  "кори суд": -1,
  "корпартоӣ": -1,
  "корпартоиҳо": -1,
  "коррупсия": -3,
  "коршикани": -2,
  "кофир": -2,
  "кӯдакона": -2,
  "кӯмак": 2,
  "Кӯмак": 2,
  "кӯмак мекунад": 2,
  "кумаку дастгириеро": -2,
  "кундапих": -2,
  "куньков": 2,
  "куньковона": 1,
  "кур": -2,
  "кӯр": -1,
  "кутох,": 1,
  "кӯтоҳ дурбинона": -2,
  "кӯтоҳ таваккалҳо": -2,
  "кӯфтани": 2,
  "кӯҳна": -1,
  "кушта": -3,
  "куштан": -3,
  "куштор": -2,
  "куштори тасодуфӣ": -3,
  "кушторҳои": -3,
  "қабеҳ,": -3,
  "қабул": 1,
  "қабулшаванда": 1,
  "қавитар": 2,
  "қавитарин": 2,
  "қадр": 2,
  "қадру": -2,
  "қаллобӣ": -2,
  "қаллобон": -4,
  "қаноатманд": 2,
  "қарзи": -2,
  "қатл": -2,
  "қатъ": -1,
  "қатъи": -2,
  "қатъии": 2,
  "қафокашӣ": -2,
  "қаҳрамони": 2,
  "қаҳрамонон": 2,
  "қобил": -2,
  "қобили": -2,
  "қобилияти": 2,
  "қобилиятҳои": 2,
  "қолинеро": -3,
  "қонунӣ": 1,
  "қонунии": 2,
  "қотил": -2,
  "қувват": 2,
  "Қуддуси": -2,
  "қурбониён": -3,
  "қурбонии": -3,
  "лабханд": 2,
  "лавандона": -2,
  "ланг": -2,
  "ларзи": -2,
  "лату": -2,
  "лаънат": -1,
  "Лаънат": -4,
  "лоѓарии": -2,
  "лой": -2,
  "лойолуд": -2,
  "Лонсам": -2,
  "лутф кардан": 2,
  "Лутфан": 1,
  "љалб": 1,
  "љалби": 2,
  "љинояткор": -2,
  "љињат": -2,
  "љолиб": 2,
  "љорї": -1,
  "маводи сард": 3,
  "мадди аввал": 1,
  "маёзор": -3,
  "мазлуми": -2,
  "мазлумонро": -2,
  "мазоҳ": 2,
  "мазҳака": 2,
  "майдатарини": -3,
  "маишати": 2,
  "макидан": -3,
  "маќоми": 1,
  "макри": 2,
  "мақбул нест": -2,
  "маломат": -2,
  "манишинед": -1,
  "манфӣ": -2,
  "манфиат": 1,
  "манфиатбаранда": 2,
  "манфиатдор": 2,
  "манфиати": 2,
  "манфиатњои": 1,
  "манфиатҳои": 2,
  "манъ": -2,
  "манъ кардан": -1,
  "манъ мекунад": -1,
  "мањалњои ањолинишин": 1,
  "мањдуд": -1,
  "марав,": 3,
  "марг": -2,
  "марговар": 4,
  "марсия": -2,
  "масокини": -1,
  "масофат": -1,
  "масрӯон": -3,
  "масрӯъ": -3,
  "маст": -2,
  "масхара": -2,
  "масхара мекунад": -2,
  "масщарабоз": 1,
  "масъала": 1,
  "масъалањои": 1,
  "масъул": 2,
  "масъулияти": 1,
  "маталкунӣ": -2,
  "матин": -2,
  "матлуб": 2,
  "мафтун": 3,
  "махон": -2,
  "махфинигоҳдорӣ": -3,
  "маҳбас": -2,
  "маҳбуби": 3,
  "маҳбусон": -2,
  "маҳбусони фирорӣ": -2,
  "маҳдуд": -1,
  "маҳдуд кардан": -2,
  "маҳдудият": -2,
  "маҳдудкунандаи": -1,
  "маҳкум": -2,
  "маҳкум кард": -2,
  "маҳкум кардан": -2,
  "маҳкум шудаанд": -2,
  "маҳкумшуда": -2,
  "маҳрамона": 2,
  "маҳрум": -1,
  "маҳрум сохтан": -2,
  "маҷбур": 1,
  "маҷбуркунӣ": -2,
  "машѓул": 1,
  "машғул": 1,
  "машҳур": 5,
  "мащсаддор": 2,
  "маъқул": 2,
  "маълум": -2,
  "маълумоти нодуруст": -2,
  "маъмул": 3,
  "маънавӣ": 2,
  "маъруфияти": 3,
  "маъщӯл": 2,
  "маъюб": -2,
  "маъюбї": -2,
  "маъюс": -2,
  "маьащшуда": -2,
  "маьдудият": -1,
  "меафтаду": -2,
  "мебастаанд": -2,
  "мебахшанд": 2,
  "мегаштӣ": 1,
  "мегурезад": -1,
  "медал": 3,
  "мекашад": -2,
  "мекашанд": -2,
  "мекашид": -2,
  "мекӯшанд,": 3,
  "мекушед": -2,
  "мео дар": -2,
  "меоред": -2,
  "мепазирад": 1,
  "мепарастиданд,": 3,
  "метавонад \"т истода": -3,
  "метарсанд": -2,
  "метарсонад": -3,
  "методӣ": 2,
  "мехоҳанд": 1,
  "мехоҳанд,": 1,
  "меҳрубон": 3,
  "меҳрубонӣ": 3,
  "меҳрубонии меҳрубонии": 3,
  "меҷангиданд": -1,
  "мечариданд": -2,
  "меъѐрњои": -3,
  "мидёнӣ": -2,
  "миёнсарой": -2,
  "миннатдорӣ": 3,
  "мисле,": 2,
  "мисли": 2,
  "миф": -1,
  "модасаг": -5,
  "молидан": -2,
  "молу": 3,
  "монанди": 2,
  "монеа": -2,
  "монеа ба": -2,
  "монеа шудан": -1,
  "монеаҳо": -2,
  "монеъ": -2,
  "монеъ шудааст": -2,
  "монеъ шудан": -2,
  "монондан": -1,
  "моњирона": -1,
  "мотам": -2,
  "мотамдор": -2,
  "моҳиятан": 1,
  "мошиншӯйӣ сабз": -3,
  "муайян": 1,
  "муайян карда мешавад": 2,
  "муболиға": -2,
  "муболиғаомез": -2,
  "мубориза": -1,
  "Мубориза бар": -2,
  "муборизаи": -2,
  "мубоҳиса": -2,
  "мубтало": -2,
  "мубтало шудан": -1,
  "мубталои": -2,
  "муваффақ": 3,
  "муваффақияти": 2,
  "муваффаы": -2,
  "мувофиқ": 2,
  "мувофиқи": 2,
  "мудҳиш": -3,
  "мудҳише,": -3,
  "муздашонро": 2,
  "музтариб": -2,
  "мукофот": 3,
  "мукофоташон дод": 2,
  "Мукофоти": 2,
  "мулоим": 2,
  "мулоимӣ": 2,
  "мунаввар": 2,
  "мунаққиди": -2,
  "мунаққидон": -2,
  "мункирони": -2,
  "мунозира": -2,
  "муносиб": 2,
  "муносибати берањмона": -2,
  "мунтахаб": 2,
  "муњофизатшаванда": 1,
  "мураккаб": -1,
  "мураккабтар": 2,
  "Мурғоб": -2,
  "мурда": -1,
  "мурдадил": -2,
  "мурдан": -3,
  "мурури": -1,
  "мусбат": 2,
  "мусибате": -2,
  "мусибати": -2,
  "мусибатҳоро": -2,
  "мусоид": 2,
  "мусоидат": 1,
  "мусоидат ба": 1,
  "мустаҳкам": 2,
  "мустаҳкам мекунад": 2,
  "мутаассир": 3,
  "мутавозуни": 1,
  "мутаносиб": 2,
  "мутаносиби": 2,
  "мутобиқанд": 2,
  "муттаҳам": -2,
  "муттаҳид": 1,
  "муттаҳир": -3,
  "муфлисшавњ": -3,
  "муфтазаҳонаи": -3,
  "мухлиси": 3,
  "мухолиф": -2,
  "мухолифате": -2,
  "муҳаббат хардкор": 4,
  "муҳим": 2,
  "муҳити дӯстона": 2,
  "муҳокимакунӣ": -2,
  "муҳосира": -2,
  "муҳофизат": 1,
  "муҳоьиркунӣ": -1,
  "мӯҳтарам": 2,
  "мушкил": -1,
  "мушкилӣ": -2,
  "мушкилоти": -2,
  "муштарак": 1,
  "мущобил": -3,
  "мущобилият нишон додан": -1,
  "мӯътадил": 2,
  "мӯъҷизаи": 4,
  "мӯъҷизоти": 3,
  "муьарадд": -2,
  "набахшид,": -2,
  "набудани": -2,
  "набуред,": -1,
  "набурида": -2,
  "нав кардан": 2,
  "навакак": -1,
  "навзод": -2,
  "навоварӣ": 1,
  "навозиш": 2,
  "навомӯз": -2,
  "навҳагарӣ": -2,
  "навъ": 2,
  "нағз не": -2,
  "нагирифтааст": -2,
  "надодани": -2,
  "наёмад": -2,
  "нажодпараст": -3,
  "нажодпарастӣ": -3,
  "назаррас": 2,
  "назарраси": 1,
  "назорат кардан": 2,
  "назорати": -1,
  "назораткунӣ": 2,
  "найрангбозии": -2,
  "нақзи": -3,
  "намеронданд": -2,
  "наметобанд": -2,
  "намефаҳманд": -2,
  "намоён": 2,
  "намоз": 1,
  "намоиш": -1,
  "намоишгоҳ": 2,
  "наоварад,": -4,
  "нармӣ": 2,
  "Насазад": 2,
  "насиҳат": -2,
  "насиҳат кунед": -2,
  "натавонист": -2,
  "нафасгир шудан": -2,
  "нафаҳмад": -2,
  "нафрат": -3,
  "нафраткунандагони": -3,
  "нафратовар": -2,
  "нафт": -1,
  "наҳй аз": -1,
  "наҷот": 2,
  "наҷот ёфтагонанд": 3,
  "нащрасанг": 3,
  "наяфзуданд": -2,
  "некӣ": 2,
  "некирода": 3,
  "некомпетентность": -2,
  "некўањволии": 2,
  "некӯкор": 2,
  "некӯкоронро": 2,
  "нест": -1,
  "нест масхара": -3,
  "нестед,": -2,
  "несту нобуд": -3,
  "нигарист": 2,
  "нигаҳдорандае": 2,
  "Нигористон": -1,
  "нигоҳ": -1,
  "нигоҳ доштан": -2,
  "нигоҳубини": 2,
  "нидо": 2,
  "ниёзмандон": -2,
  "Низоъ аз": -2,
  "низоъњои": -2,
  "ниқоби": -1,
  "нисбат ба": 2,
  "нишоти": 3,
  "нищоб мондан": -1,
  "нобакор": -2,
  "нобаробар": -1,
  "нобаробарӣ": -2,
  "нобарорӣ": -2,
  "нобарориҳо": -2,
  "нобовар": -1,
  "нобоварӣ": -3,
  "нобуд": -3,
  "нобудкунандагони": -2,
  "ногувор": -2,
  "ногузир": -3,
  "ногусастание": 2,
  "нодида": -1,
  "нодон": -3,
  "нодонӣ": -2,
  "нодуруст": -2,
  "нодуруст истифода бурдан": -2,
  "нодуруст фаҳмидан": -2,
  "нодурусфаҳмӣ": -2,
  "нозук": 2,
  "ноилоь": -3,
  "нокифоя": -2,
  "нокифоя будани": -2,
  "ноком": -2,
  "нокомӣ": -2,
  "нокомил": -2,
  "нокомиҳо": -2,
  "нолаҳои": -2,
  "нолиш": -2,
  "нолоищ": -2,
  "номатлуб": -2,
  "номатлуби": -2,
  "номдор": 3,
  "номуайян": -1,
  "номувофиқ": -2,
  "номуносиб": -2,
  "номураттаби": -2,
  "номусоид": -2,
  "номусоиди": -1,
  "номутаносиб": -1,
  "ноодам": -2,
  "ноором": -2,
  "ноп": -2,
  "нопадид шуд": -1,
  "нописанд": -2,
  "нописандии": -2,
  "нопоки": -2,
  "нопурра": -1,
  "норавшан аст": -2,
  "норасоии": -2,
  "норизоияти": -2,
  "норозӣ": -2,
  "норозигӣ": -2,
  "нороњатанд": -1,
  "норохат мекунад": -2,
  "нороҳат": -2,
  "носолим": -2,
  "нотарс": 2,
  "нотарсии": 2,
  "ноумед": -2,
  "ноумед кардан": -2,
  "ноумед мешавад": -3,
  "ноумедӣ": -2,
  "ноуммедӣ": -2,
  "ноустувор": -2,
  "ноӯҳдабаро": -2,
  "нофаҳмо": -1,
  "нофорам": -2,
  "нохуш": -2,
  "нохуштарини": -3,
  "ноҳақ": -2,
  "ноҳақро": -2,
  "ночиз": -2,
  "ночор": -2,
  "ношукр": -3,
  "нощисулащл": -3,
  "нощобил": -2,
  "нощулай": -2,
  "нощуллай": -2,
  "нуқсони": -2,
  "њавасманд": 1,
  "њавасмандгардонии": 2,
  "њал менамояд": 1,
  "њалли": 2,
  "њаљм": -2,
  "њолате,": -2,
  "њусни": 2,
  "обрӯманд": 2,
  "оғоз": 1,
  "огоҳ": -2,
  "огоҳ мекунад": -2,
  "огоҳӣ": -3,
  "огоҳномаи суд": -2,
  "оғӯш": 2,
  "одамгарӣ": 2,
  "одамрабоиҳои": -2,
  "одоб": 2,
  "озмун": 2,
  "озод": 1,
  "озод кардан": 1,
  "озодӣ": 2,
  "озодињои": 2,
  "озор медиҳад": -2,
  "озору": -3,
  "озурда карданд": -3,
  "оқибатҳои": -2,
  "олӣ": 4,
  "олии": 4,
  "олитарини": 3,
  "олиҷаноб": 4,
  "олуда": -2,
  "омода": 1,
  "орзу": 1,
  "орзуҳои": 1,
  "ором": 2,
  "ором мекунад": 1,
  "оромбахш": 3,
  "оромиву": 3,
  "оромона": 2,
  "осебпазир": -2,
  "осебпазирї": -2,
  "осмон": 2,
  "осмониамон": 4,
  "осоишта": 2,
  "осон": 1,
  "осуда": 2,
  "осудагии": 3,
  "оташ": -2,
  "оташи": 1,
  "оташин кардан": -3,
  "офатбор": -4,
  "офатҳои табиӣ": -2,
  "оҳу": -2,
  "оцӯш": 2,
  "оцуш гирифтан": 1,
  "ошиқиро": 2,
  "ошти додан": 2,
  "оштинопазирии": -2,
  "ошуб": -2,
  "ошуфтааст": -2,
  "ояд": 2,
  "оянда": 1,
  "падид омад": -1,
  "падидор": -2,
  "пазироӣ": 2,
  "паньарабандӣ": -2,
  "парадокси": -1,
  "парвариши": 1,
  "пардаи ғафлат": -2,
  "пардохт": 2,
  "пардохтњои": -2,
  "парешон": -2,
  "парма": -2,
  "пармакунанда": -3,
  "партовгоњњои": -1,
  "партоед": -1,
  "партофташуда": -2,
  "парҳезгорон": -1,
  "пасандоз": 1,
  "пасткунандаи": -2,
  "пасттар": -2,
  "пасттарин": -1,
  "пахш": -1,
  "пахш карданд": -2,
  "пачақ,": -1,
  "Перлис": -3,
  "пешвозгиранда": 2,
  "пешгирӣ": -1,
  "пешгирӣ кардан": -1,
  "пешгӯишудаи": 3,
  "пешравӣ": 3,
  "пешрафта": 1,
  "пинҳон": -1,
  "пинҳон кардан": -1,
  "пинҳоншуда": -1,
  "пирӯзиҳои": 4,
  "писанд омад": 2,
  "Писари фоҳиша": -5,
  "пия": 2,
  "поймолшуда": -2,
  "покиза": 1,
  "Поккунии": 1,
  "пора": -2,
  "проблема": -2,
  "прокуратура": -1,
  "пӯзиш": -1,
  "пуразобро": -3,
  "пурдаромад": 3,
  "пурнеъмат": 3,
  "пурра": 3,
  "пуррагӣ": 2,
  "пурсида": -1,
  "пурсиш": -1,
  "пуртаъсир": 2,
  "пӯсида": -3,
  "пӯсти": -1,
  "пушаймон": -2,
  "пушаймонӣ": -2,
  "пӯшондан": -3,
  "пушт": 1,
  "рабудаанд": -2,
  "рабудани": -2,
  "рабудашуда": -2,
  "рав!": 2,
  "равона": 2,
  "равшан": 2,
  "равшанибахше": 2,
  "равшании офтоб": 2,
  "рағбат": 2,
  "рад": -1,
  "рад кардан": -1,
  "рад мекунад": -2,
  "раднопазир": -3,
  "ранҷ": -2,
  "раньондан": -2,
  "расид": 1,
  "расидан": 1,
  "Расо": 4,
  "расондан": -2,
  "расонида": -2,
  "расонидани": -2,
  "рафиқонашро": -2,
  "рафти суд": -2,
  "рафтор": 1,
  "рафънопазир": 2,
  "раҳо": 3,
  "раҳояш": 2,
  "рашк": -2,
  "риёкорона": -2,
  "ришва": -3,
  "ришканҳо": -2,
  "розӣ": 2,
  "розӣ нестанд": -2,
  "розигӣ": 2,
  "роман": 2,
  "Рост": 1,
  "ростқавл": 2,
  "роҳбарият": 1,
  "роҳзан": -2,
  "рӯдхонаҳо": -2,
  "рӯйҳо": -1,
  "рӯйҳоро": -2,
  "рӯҳ": 1,
  "рӯҳафтода": -2,
  "рӯҳбаланд": 2,
  "рӯҳбаландӣ": 2,
  "рӯҳбаландкунанда": 2,
  "рӯҳбаландкунанда аст": 2,
  "рӯъё": 1,
  "рӯъёҳо": 1,
  "сабр": 2,
  "сабук": 2,
  "савганд": -2,
  "садама": -2,
  "садамаовар": -3,
  "садамаҳои нақлиётӣ": -2,
  "садоқатмандии": 2,
  "саисхона": -2,
  "салом": 2,
  "салом додан": 1,
  "салом доданд": 2,
  "салом мерасонад": 1,
  "саломат": 2,
  "салоњиятнокии": 1,
  "салоҳиятдор": 2,
  "салют": 2,
  "самаранок": 2,
  "самаранокии": 2,
  "самимӣ": 2,
  "самимии": 3,
  "самимият": 2,
  "самимияте": 1,
  "самимона": 2,
  "сангҳои": 1,
  "Санобар": 3,
  "сањни": 1,
  "сапедӣ гирифт": -2,
  "саранҷомест": -2,
  "саратон": -1,
  "сарватманд": 2,
  "сарватмандтар": 2,
  "саргарангкунанда": -1,
  "Саргаштагони": -1,
  "саргузашт": 2,
  "сардард": -2,
  "сарзаниш": -2,
  "саркаш": -2,
  "саркашӣ": -2,
  "саркашӣ мекунад": -2,
  "сармастонро": 3,
  "сарфи назар": -2,
  "сарфи назар аз муқобилиятҳои": -2,
  "сафед": 2,
  "сафед кардан": 2,
  "саховатманд": 2,
  "саховатмандона": 2,
  "сахт": 2,
  "сахт хӯрда ва": -2,
  "сахтгирона": -2,
  "сахттар": -2,
  "саҳм": 2,
  "саҳмгин": -2,
  "саҳмгини": 3,
  "саҳмияҳои": 1,
  "сензор": -2,
  "сензура": -2,
  "сернущсон": -3,
  "сертакаббур": 2,
  "серҳосил": 2,
  "серцавцо": -1,
  "сипосгузор": 2,
  "сироят кардан": -2,
  "сирояти": -2,
  "сироятњои": -2,
  "ситам": -2,
  "ситамкорон": -2,
  "ситонид": -2,
  "ситонида": -3,
  "ситонидан": -2,
  "ситош кардан": 2,
  "сифат": 2,
  "слэш": -2,
  "соддалавҳона": -2,
  "содиқ": 3,
  "содир": 1,
  "содиркунии": -2,
  "соз": 1,
  "созишнома": 1,
  "солим": 3,
  "сомон": -1,
  "софкунак": 2,
  "сохтаӣ": -2,
  "сохтакоронаи": -2,
  "сохташуда": -1,
  "соҳилӣ": -2,
  "соъиқаи": 4,
  "спаммер": -3,
  "спаммерҳо": -3,
  "стереотипи": -2,
  "стресс": -1,
  "субҳ ба хайр": 1,
  "Судмандии": 2,
  "сўзондан": -2,
  "суиистифода": -2,
  "сӯиистифода": -3,
  "суиистифода аз": -2,
  "сӯистеъмоли": -1,
  "сўистифода": -2,
  "сулҳ": 2,
  "супер": 3,
  "сӯрохдор": -1,
  "суст": -2,
  "сустӣ": -2,
  "сустиҳои": -2,
  "сустнашаванда": -1,
  "сӯхтан": -2,
  "таассурот бахшидан": 3,
  "таассуротбахш": 3,
  "таассуф": -2,
  "тааҷҷуб": 3,
  "табар": -1,
  "табассум": 2,
  "табассуми": 2,
  "табиӣ": 1,
  "табларза": -2,
  "таблиғкунанда": -2,
  "табоҳ": -2,
  "табрик": 2,
  "табъиз": -2,
  "таввало кардан": -2,
  "тавонмандсозии": 2,
  "тавоно": 2,
  "тавсия": 2,
  "тавсия дода мешавад": 2,
  "тайёрӣ": 2,
  "такаббур": -2,
  "такмил": 2,
  "такомул": 3,
  "такя": 2,
  "тақдим": 2,
  "тақдим кард": 2,
  "талаб": -1,
  "талабкунанда": -1,
  "талаботи": -1,
  "талх": -2,
  "таљовуз": -4,
  "тамасхуромез": -1,
  "тамоман": -1,
  "тамомшуда": -2,
  "тамошобоб": 2,
  "таназзул": -2,
  "таназзулёфта": -2,
  "танбал": -1,
  "танг кардан": -2,
  "тангрӯзиаш мекунад": -2,
  "танќиди": -2,
  "танқиди": -2,
  "тансиҳативу": 3,
  "танҳо": -2,
  "танщид кардан": -2,
  "тањдиди": -2,
  "тањриф": -2,
  "таппончаи": -1,
  "таранг": -2,
  "тарафдорони": 1,
  "Тарафҳои": 2,
  "тарк": -1,
  "тарки": -1,
  "таркиш": -2,
  "таронро": 4,
  "тарс": -2,
  "тарсид": -2,
  "тарсидан": -2,
  "тарсон": -2,
  "тарсонанд": -2,
  "тарсондан": -2,
  "тарсондану": -2,
  "тарсончак": -1,
  "тарсончакон": -2,
  "тарсу бим": -2,
  "тару тоза": 1,
  "тасаллибахш": 2,
  "тасалло": 2,
  "тасвиб": 2,
  "тасвибнашуда": -2,
  "тасдиќ": 2,
  "тасдиќи": 2,
  "тасдиқ": 2,
  "тасдиқ кард": 2,
  "тасдиқи": 1,
  "тасдиқнашуда": -1,
  "таскин додан": 1,
  "таслим": -3,
  "таслим мекунад": -3,
  "тасодуф": -2,
  "тасодуфан": -2,
  "тафсиф": -2,
  "тахрибкорӣ": -2,
  "тахтаҳоро": 2,
  "таҳаммул": 2,
  "таҳдид": -2,
  "таҳдид мекунад": -2,
  "таҳдидҳои": -2,
  "таҳкими": 2,
  "таҳқиқоти": 1,
  "таҳқир": -2,
  "таҳқиромез": -2,
  "таҳқиршуда": -2,
  "таҳлука": -3,
  "таҳрим": -2,
  "таҳрир": -1,
  "таҳриф": -3,
  "таҳщир": -2,
  "таҳщиркунӣ": -2,
  "таҳщиромез": -2,
  "таҷлил": 3,
  "таҷовуз": -2,
  "таҷовуз карданд": -2,
  "ташаббускори": 1,
  "ташаккур": 2,
  "ташвиқоти": -2,
  "ташвиш": -2,
  "ташвиш додан": -3,
  "ташвишовар": -2,
  "ташвишовари": -2,
  "таъин": -1,
  "таъини": -1,
  "таъинсозии": -2,
  "таъќиб": -3,
  "таъкид": 2,
  "таъқиби судии": -2,
  "таъқиботи": -2,
  "таъмин": 2,
  "таъмини": 1,
  "таъриф": 3,
  "таърифӣ": -2,
  "таърифҳоро": 2,
  "таъсир": -1,
  "таъсирбахш": 2,
  "Таъсири манфии": -2,
  "таъхир": -1,
  "таьовуз": -2,
  "таьовузкорона": -2,
  "таьрид": -2,
  "тен": 3,
  "тендер": 2,
  "террор": -3,
  "террор кардан": -3,
  "террорист": -2,
  "террористӣ": -2,
  "тилло": 2,
  "тинҷу": 2,
  "тир андохтан": -1,
  "тираро": -2,
  "тобоваре": 2,
  "тоза": 2,
  "тоза мекунад": 1,
  "тозашуда": 1,
  "торикӣ": -1,
  "ториктарини": -2,
  "тоталитаризм": -2,
  "тощатфарсо": -2,
  "туршрӯянд": -2,
  "тӯҳмат": -2,
  "тӯҳфа": 2,
  "узр": -1,
  "Узр": -1,
  "уқубат": -2,
  "умед": 2,
  "уммедворӣ": 2,
  "умумӣ": -2,
  "Ӯро таъқиб": -2,
  "устувор": 2,
  "устувори": 2,
  "устувории": 1,
  "усулӣ ва": -2,
  "ӯҳдадорӣ": 2,
  "фавқулодда": -2,
  "фавран": 1,
  "фаврӣ": -1,
  "фавт": -2,
  "файз": 1,
  "фалокат": -2,
  "Фанки": 2,
  "фантастикӣ": 4,
  "фарёд": -2,
  "фароғатӣ": 2,
  "фаромӯш": -1,
  "фаромӯш карданд": -1,
  "фаромӯшхотир": -2,
  "фарщ кардан": -2,
  "фарьёд": -2,
  "фасодкунанда": -3,
  "фасодовари": -2,
  "фаҳмо": 2,
  "фашист": -2,
  "фаъол": 1,
  "фаъолонаи": 2,
  "фидокорӣ": 2,
  "фиреб": -2,
  "фиреб додан": -3,
  "фиреб медиҳад": -3,
  "фиребгарона": -4,
  "фирефта": -1,
  "фирефтаи": -2,
  "фиристодани занг": -1,
  "фирқа": -2,
  "фирори": -1,
  "фитнаангезӣ": -2,
  "фитнае": -2,
  "фишор": -1,
  "фоида": 2,
  "фоидаи": 2,
  "фоиданок": 2,
  "фоидаовар": 2,
  "форам": 2,
  "фосид": -3,
  "фоҷиаи": -2,
  "фош": -1,
  "фоьиавӣ": -2,
  "фурӯпошии": -2,
  "хавотир": -3,
  "хайрбод": 2,
  "хайрия": 2,
  "халал": -2,
  "халал намерасонад": -2,
  "халал расондан": -2,
  "халалдор": -2,
  "халосӣ": 2,
  "хандаовар": -3,
  "хандид": 1,
  "хандидан": 1,
  "хандовар": 4,
  "хардкор": -4,
  "хари": -4,
  "харида": 2,
  "хариду фуруш": 2,
  "харобиовар": -2,
  "харобиҳои": -2,
  "хасис": 2,
  "хасисӣ": -3,
  "хаста": -2,
  "хатар": 2,
  "Хатар": -2,
  "хатарнок": -2,
  "хатарҳо": -2,
  "хатарҳои": -2,
  "хато": -2,
  "хатогӣ": -2,
  "Хатогии": -2,
  "хатогиҳо": -2,
  "Хатои": -1,
  "хатоӣ": -2,
  "хафа": -2,
  "хафа шудан": -2,
  "хафагӣ": -2,
  "хашм": -2,
  "хашмашро": -2,
  "хашмгин": -2,
  "хашмгин кардан": -2,
  "хашми": -3,
  "хел": 2,
  "хеле наздик": -1,
  "хиёнат": -3,
  "хилоф": -2,
  "хирад": 1,
  "хислатҳои": 2,
  "хиьолат кашидан": -2,
  "Хмили": -1,
  "хоинӣ": -3,
  "хоинӣ кардан": -3,
  "хоіишіои": 1,
  "хокистаранг": -1,
  "хоксорӣ": 1,
  "холӣ": -1,
  "холимондаву": -2,
  "хомӯш кардани": -1,
  "хонаёдкунӣ": -2,
  "Хонтед": -2,
  "хориву": -3,
  "хориљ": -2,
  "хориҷ карда": -2,
  "хориь кардан": -1,
  "хориькунӣ": -1,
  "хору": -3,
  "хотима намеёбад": -2,
  "хотирмон": 1,
  "хоҳиш": 1,
  "хоҳиши": 2,
  "хоҳишмандем": -2,
  "хоҷат": 2,
  "хуб": 3,
  "хуб ба роҳ монда": 2,
  "хуб намудор шуд": 2,
  "хуб хардкор": 4,
  "хубтар": 2,
  "худбовар": 2,
  "худгумкунӣ": -3,
  "худидоракунии сӯиистифода": -2,
  "худидоракунии хилофи": -2,
  "худкомаи": -2,
  "худкушӣ": -2,
  "Худо": 1,
  "Худоро ҳамду сано": 3,
  "худотарс": -2,
  "худпарастӣ": -3,
  "худпарто": -1,
  "худфиребњ": -3,
  "худхоҳонаи": -3,
  "хунин": -3,
  "хунрези": -3,
  "хунук": 1,
  "хӯрад,": -2,
  "хурсанд": 3,
  "хурсандӣ": 3,
  "хурсандибахш": 3,
  "хурсандиву": 2,
  "хурсандии": 3,
  "хурсандиовар": 3,
  "хуруҷи": -2,
  "хӯсонда": -2,
  "хусумат": -1,
  "хуш омадед": 2,
  "хушбахт": 3,
  "хушбахтӣ": 3,
  "хушбахтона": 2,
  "хушбахттарин": 3,
  "хушмуомила": 2,
  "хушнуд": 3,
  "хушнудии": 3,
  "хушомад": 2,
  "хушрӯ": 3,
  "хуштак": 2,
  "хушҳол": 2,
  "Хушҳол": 3,
  "ҳа": 1,
  "Ҳа ҳа ҳа": 3,
  "ҳабс": -2,
  "ҳабс кардан": -2,
  "ҳабсхона": -2,
  "ҳавасманд": 2,
  "ҳадду": 1,
  "ҳазар": -2,
  "ҳайрат": 3,
  "ҳайратангез": 4,
  "ҳайратангезона": -3,
  "Ҳайрон": -2,
  "ҳайрон шудан": 3,
  "ҳакерҳо": -1,
  "ҳақиқӣ": 2,
  "ҳаққонияти": 2,
  "ҳал": 2,
  "Ҳалелуёҳ": 3,
  "ҳалкунанда": 1,
  "ҳалли": 1,
  "ҳаловат": 2,
  "ҳаловат бурдан": 2,
  "ҳалокат": -3,
  "Ҳалокати": -3,
  "ҳалокшуда": -2,
  "ҳамбастагии": 2,
  "ҳамдардӣ": 2,
  "ҳамешасабзи": 2,
  "ҳамла": -1,
  "ҳамлаи": -1,
  "ҳамроҳ": 1,
  "ҳамсӯии": -3,
  "ҳарза": -2,
  "ҳариф": -1,
  "ҳаром": -2,
  "Ҳаромзода": -5,
  "ҳаромзодагонед": -5,
  "ҳарос": -3,
  "ҳаросон": -2,
  "ҳасад": -1,
  "ҳасаде,": -2,
  "ҳастй": 2,
  "ҳатмӣ": -1,
  "ҳащорат кардан": -2,
  "ҳаяҷон": 5,
  "ҳаяьон": 3,
  "ҳаяьоновар": -2,
  "ҳивзкунӣ": 2,
  "ҳиссиёт": 1,
  "ҳолат": 2,
  "ҳолати мушкил": -1,
  "ҳомиёни": 2,
  "ҳудуди": -1,
  "ҳузф": -1,
  "ҳукм": -2,
  "ҳукми": -1,
  "ҳукми суд": -2,
  "ҳукмфармост": 1,
  "ҳукмҳои": -1,
  "ҳуқуқ": 1,
  "ҳуқуқвайронкунии": -2,
  "ҳуқуқӣ": 1,
  "ҳусумат": -1,
  "ҳушдор": -2,
  "ҳушёр": 3,
  "ҳушёрӣ": -1,
  "ҳуьум": -2,
  "цазабангез": -2,
  "цайрищаноат": -2,
  "цайрищонунӣ": -3,
  "цалатӣ": 2,
  "цам,": 2,
  "цар": -4,
  "царитассодуф": -2,
  "царщ шудан": -2,
  "цорат кардан": -2,
  "ҷабрдида": -3,
  "ҷавона": 2,
  "ҷаззоб": 3,
  "ҷазира": -2,
  "ҷазо": -2,
  "ҷазодиҳӣ": -2,
  "ҷазои": -2,
  "ҷазоятон медиҳанд": -2,
  "чакра": -1,
  "ҷалб": 1,
  "ҷанг": -1,
  "ҷангем": -2,
  "ҷанги": -2,
  "ҷангӣ": -1,
  "чаппакзанӣ": 2,
  "ҷарима": -2,
  "ҷароҳат": -2,
  "ҷароҳатҳои": -2,
  "ҷаҳаннам": -4,
  "ҷашн": 3,
  "ҷашнгирии": 3,
  "ҷашни": 3,
  "чемпионҳо": 2,
  "чигил": -2,
  "ҷилавгирӣ": -1,
  "ҷиноят": -3,
  "ҷиноятӣ": -3,
  "ҷинояткорон": -3,
  "чирк": -2,
  "чиркин": -2,
  "ҷиҳатҳо": 2,
  "ҷиҳод кардаанд": -2,
  "ҷодуро": -3,
  "ҷой гирифт": -2,
  "Ҷоизаҳои": 3,
  "ҷолибияти": 2,
  "ҷонбозиҳои": -2,
  "ҷонибдори": 1,
  "ҷонибдорӣ кард": -1,
  "Ҷонибиэффектхо": -2,
  "чормащз": -3,
  "ҷуброннопазири": -2,
  "ҷуръат": 2,
  "ҷуст": 3,
  "ҷӯшу": 2,
  "шавкат": 2,
  "шавковар": 4,
  "шавқ": 3,
  "шавқовар": 3,
  "шавқро": -2,
  "шавщу завщ": 2,
  "Шайтон": -2,
  "шаклдигаркунӣ": -2,
  "шаковарандаро": -2,
  "шалощкорӣ": -1,
  "шањраки": 1,
  "шараф": 2,
  "шарики": 2,
  "шарифи": 2,
  "шарм": -2,
  "шарманда": -2,
  "шармандагӣ": -2,
  "шароит": 2,
  "шарора": 1,
  "шах шудан": -2,
  "шаън": 1,
  "шаъну": 3,
  "шибан афсонавӣ": 4,
  "шибан аҷиб": 4,
  "шибан бузург": 4,
  "шибан гарм": 2,
  "шибан зебо": 4,
  "шиддат": -2,
  "шиддати": -1,
  "шиканад": -2,
  "шиканҷа": -4,
  "шикаст": -2,
  "шикаста": -2,
  "шикастагӣ": -1,
  "шикоят": -2,
  "шикоят кардан": -2,
  "Шикояти": -2,
  "шикоятњо": -2,
  "ширин": 3,
  "шитобкорона": -2,
  "Шитобон": 2,
  "шишта": -1,
  "шод": 4,
  "шодӣ": 4,
  "шоки": -2,
  "шонро": 1,
  "шоҳасарҳои": 4,
  "шоҳкор": 4,
  "шрам": -2,
  "шубҳа": -1,
  "шубҳанок": -2,
  "шӯбҳанок": -1,
  "шубҳаомез": -2,
  "шубҳаҳои": -1,
  "шубца": -2,
  "шукр": 2,
  "шукуфоӣ": 3,
  "Шукуфоии": 3,
  "шукуфон": 3,
  "шукӯҳ": 2,
  "шумурданд": 3,
  "шуриш": -2,
  "шӯришиён": -2,
  "шустани сабз": -3,
  "шухии фиребомез": -2,
  "шӯхиҳои": 2,
  "шуцл": 3,
  "щабеҳ": -2,
  "щабзият": -2,
  "щалбакӣ": -3,
  "щасос": -2,
  "щасос гирифтан": -2,
  "щатъ кардан": -2,
  "щатъкунӣ": -1,
  "щафомонда": -1,
  "щаҳрамон": 2,
  "щаҳрамонӣ": 3,
  "щочощ овардан": -2,
  "щулфшикан": -2,
  "щурбон шудан": 2,
  "ыасосгирц": -2,
  "ьавобӣ": 2,
  "ьавон": 2,
  "ьавоҳирот": 1,
  "ьазо додан": -2,
  "ьаньол": -3,
  "ьароҳат": -3,
  "ьилодиҳанда": 4,
  "ьовид": 2,
  "ьозибанок": 3,
  "ьолиб": 3,
  "эвакуасия": -1,
  "эвакуасия кардан": -1,
  "экстремистӣ": -2,
  "энергетикӣ": 2,
  "Эҳ": -2,
  "эҳсосӣ": 2,
  "эҳтиёт": 2,
  "эҳтиёткорӣ": 2,
  "эҳтиром": 2,
  "эҳьё": 1,
  "эҷодӣ": 2,
  "эътибор": 2,
  "эътимод ба": 2,
  "эътироз": -2,
  "эътирозгарон": -2,
  "эътирози": -2,
  "эътироф": 2,
  "Юнон": -2,
  "ягона": 1,
  "як бордараумр": 3,
  "якранга": -1,
  "яктарафа": -2
}