{
  "Hahahaha": 3,
  "ટી ઊભા કરી શકે છે": -3,
  "abhors": -3,
  "absolves": 2,
  "absolving": 2,
  "accuses": -2,
  "acquitting": 2,
  "admiring": 3,
  "admonished": -2,
  "adores": 3,
  "adoring": 3,
  "adoringly": 3,
  "advantageously": 2,
  "affectionateness": 3,
  "affronted": -1,
  "aficionados": 2,
  "aggressions": -2,
  "agonises": -3,
  "agonizes": -3,
  "alarmists": -2,
  "amazes": 2,
  "appeases": 2,
  "applauds": 2,
  "appreciates": 2,
  "asshole": -4,
  "astoundingly": 3,
  "astounds": 3,
  "avenges": -2,
  "averts": -1,
  "axed": -1,
  "Badass": -3,
  "bamboozled": -2,
  "bamboozles": -2,
  "bankster": -3,
  "Bastards": -5,
  "befitting": 2,
  "belittled": -2,
  "bereaves": -2,
  "bereaving": -2,
  "bitches": -5,
  "blackmailed": -3,
  "blackmailing": -3,
  "blackmails": -3,
  "braveness": 2,
  "breathtaking": 5,
  "bribing": -3,
  "brilliances": 3,
  "carefulness": 2,
  "chagrined": -2,
  "charmingly": 3,
  "charmless": -3,
  "chastised": -3,
  "chastises": -3,
  "cheated": -3,
  "cheaters": -3,
  "cheered": 2,
  "cherished": 2,
  "chides": -3,
  "cocksuckers": -5,
  "coerced": -2,
  "colluding": -3,
  "conciliated": 2,
  "conciliates": 2,
  "conciliating": 2,
  "conflictive": -2,
  "contaminates": -2,
  "contemptuously": -2,
  "courageousness": 2,
  "coziness": 2,
  "crazier": -2,
  "crestfallen": -2,
  "criminated": -3,
  "criminates": -3,
  "cutback": -2,
  "cutbacks": -2,
  "cynic": -2,
  "deadening": -2,
  "deafening": -1,
  "dehumanized": -2,
  "dehumanizes": -2,
  "dehumanizing": -2,
  "dejecting": -2,
  "dejects": -2,
  "delightfully": 3,
  "demoralized": -2,
  "demoralizes": -2,
  "demoralizing": -2,
  "denier": -2,
  "deplored": -3,
  "deplores": -3,
  "deploring": -3,
  "deporting": -2,
  "deports": -2,
  "derailed": -2,
  "derails": -2,
  "deriding": -2,
  "despairs": -3,
  "detracted": -1,
  "devastations": -2,
  "dilligence": 2,
  "dipshit": -3,
  "dirtier": -2,
  "dirtiest": -2,
  "disappoints": -2,
  "disapprovals": -2,
  "discards": -1,
  "disguises": -1,
  "dismayed": -2,
  "disparaged": -2,
  "disparaging": -2,
  "disregards": -2,
  "distracts": -2,
  "dithering": -2,
  "dodging": -2,
  "dodgy": -2,
  "doubting": -1,
  "Douchebag": -3,
  "dour": -2,
  "downer": -2,
  "dreading": -2,
  "droopy": -2,
  "drowned": -2,
  "drowns": -2,
  "dumbass": -3,
  "duped": -2,
  "dupery": -2,
  "eery": -2,
  "embarrasses": -2,
  "embittered": -2,
  "empathetic": 2,
  "enlightens": 2,
  "enrages": -2,
  "enraging": -2,
  "enslaves": -2,
  "envies": -1,
  "evergreening": -3,
  "exaggerates": -2,
  "exaggerating": -2,
  "exasparate": -2,
  "exasperated": -2,
  "Exasperates": -2,
  "exasperating": -2,
  "excruciatingly": -1,
  "exhilarates": 3,
  "exonerated": 2,
  "exonerates": 2,
  "exonerating": 2,
  "expels": -2,
  "exultantly": 3,
  "fabulously": 4,
  "faker": -3,
  "fakes": -3,
  "falsify": -3,
  "fascinates": 3,
  "fatiguing": -2,
  "favourited": 2,
  "felonies": -3,
  "flees": -1,
  "flustered": -2,
  "fraudsters": -4,
  "fraudulence": -4,
  "frikin": -2,
  "frisky": 2,
  "FTW": 3,
  "fucked": -4,
  "fuckers": -4,
  "fuckin": -4,
  "fucktard": -4,
  "FUD": -3,
  "fuked": -4,
  "fuking": -4,
  "fuming": -2,
  "gagged": -2,
  "goddamn": -3,
  "goofiness": -2,
  "Gr8": 3,
  "greenwash": -3,
  "greenwasher": -3,
  "greenwashers": -3,
  "greenwashing": -3,
  "gripping": 2,
  "groans": -2,
  "haha": 3,
  "hahaha": 3,
  "Hallelujah": 3,
  "handpicked": 1,
  "haplessness": -2,
  "harried": -2,
  "harshest": -2,
  "hater": -3,
  "heartwarming": 3,
  "heavyhearted": -2,
  "Hehe": 2,
  "hid": -1,
  "Hooligans": -2,
  "horrendous": -3,
  "humerous": 3,
  "humourous": 2,
  "icky": -3,
  "idiocy": -3,
  "immobilized": -1,
  "impairing": -2,
  "impeachments": -3,
  "impedes": -2,
  "impedingly": -2,
  "imposter": -2,
  "incapacitates": -2,
  "incapacitating": -2,
  "incensing": -2,
  "indoctrinated": -2,
  "indoctrinates": -2,
  "indoctrinating": -2,
  "inediable": -2,
  "inefficiently": -2,
  "infatuated": 2,
  "Infested": -2,
  "infesting": -2,
  "infests": -2,
  "infract": -2,
  "infracted": -2,
  "infracting": -2,
  "infracts": -2,
  "infuriates": -2,
  "infuriating": -2,
  "Innovates": 1,
  "intransigency": -2,
  "irreproducible": -2,
  "irresistibly": 2,
  "irresponsibly": -2,
  "jackasses": -4,
  "justifiably": 2,
  "Kickback": -3,
  "kickbacks": -3,
  "laughs": 1,
  "laughting": 1,
  "lawl": 3,
  "liars": -3,
  "lifesaver": 4,
  "lighthearted": 1,
  "likeable": 2,
  "likers": 2,
  "lmao": 4,
  "LMFAO": 4,
  "loathes": -3,
  "lolol": 4,
  "lololol": 4,
  "lolololol": 4,
  "lool": 3,
  "loool": 3,
  "looool": 3,
  "looses": -3,
  "lovable": 3,
  "lovelies": 3,
  "lunatics": -3,
  "lurks": -1,
  "maddening": -3,
  "maladaption": -2,
  "maldevelopment": -2,
  "mediocrity": -3,
  "menaced": -2,
  "mesmerizing": 3,
  "mindless": -2,
  "mirthfully": 3,
  "misbehaved": -2,
  "miscast": -2,
  "mischiefs": -1,
  "misclassified": -2,
  "misclassifies": -2,
  "misclassify": -2,
  "misconducted": -2,
  "misconducting": -2,
  "misconducts": -2,
  "miserably": -3,
  "misfire": -2,
  "misinformed": -2,
  "misleaded": -3,
  "misplaces": -2,
  "misplacing": -2,
  "mispricing": -3,
  "misreport": -2,
  "misreported": -2,
  "misreporting": -2,
  "misreports": -2,
  "misrepresentations": -2,
  "misrepresented": -2,
  "mistaking": -2,
  "misunderstands": -2,
  "moaned": -2,
  "moans": -2,
  "mocks": -2,
  "modernizes": 2,
  "monopolizing": -2,
  "moping": -1,
  "Moron": -3,
  "motherfucker": -5,
  "mumpish": -2,
  "n00b": -2,
  "nervously": -2,
  "noob": -2,
  "offensively": -2,
  "oks": 2,
  "optionless": -2,
  "ostracizes": -2,
  "outmaneuvered": -2,
  "overreacted": -2,
  "overreacting": -2,
  "oversell": -2,
  "overselling": -2,
  "oversells": -2,
  "oversimplified": -2,
  "oversimplifies": -2,
  "oversold": -2,
  "overstatement": -2,
  "overstatements": -2,
  "oxymoron": -1,
  "pained": -2,
  "perfects": 2,
  "perplexed": -2,
  "pesky": -2,
  "petrified": -2,
  "piqued": -2,
  "pissed": -4,
  "plaguing": -3,
  "plodding": -2,
  "postpones": -1,
  "prblm": -2,
  "prblms": -2,
  "pushy": -1,
  "quaking": -2,
  "rageful": -2,
  "ranters": -3,
  "rants": -3,
  "refines": 1,
  "reprimanding": -2,
  "reprimands": -2,
  "Repulse": -1,
  "rewarded": 2,
  "riveting": 3,
  "robed": -2,
  "robing": -2,
  "robs": -2,
  "ROFL": 4,
  "roflcopter": 4,
  "roflmao": 4,
  "romantical": 2,
  "rotfl": 4,
  "rotflmfao": 4,
  "rotflol": 4,
  "ruining": -2,
  "savange": -2,
  "savanges": -2,
  "scars": -2,
  "scumbag": -4,
  "sexistic": -2,
  "shitty": -3,
  "shoody": -2,
  "silencing": -1,
  "singleminded": -2,
  "slashed": -2,
  "slashing": -2,
  "slick": 2,
  "slicker": 2,
  "Slickest": 2,
  "sloppy": -2,
  "slumping": -1,
  "slut": -5,
  "sneezed": -2,
  "snubbed": -2,
  "snubbing": -2,
  "sobering": 1,
  "solidifies": 2,
  "somber": -2,
  "soothe": 3,
  "soothing": 3,
  "sparkles": 3,
  "spiritless": -2,
  "Spiteful": -2,
  "sprightly": 2,
  "squander": -2,
  "squandered": -2,
  "squandering": -2,
  "squanders": -2,
  "squelched": -1,
  "stabs": -2,
  "Stink": -2,
  "stinked": -2,
  "stinker": -2,
  "stinking": -2,
  "stinks": -2,
  "Stinky": -2,
  "strangely": -1,
  "stupidly": -2,
  "suck": -3,
  "sucks": -3,
  "sueing": -2,
  "suing": -2,
  "sulking": -2,
  "sulky": -2,
  "swearing": -2,
  "swears": -2,
  "sweetest": 3,
  "swindles": -3,
  "tarnishes": -2,
  "terrorized": -3,
  "thwarts": -2,
  "tits": -2,
  "toothless": -2,
  "tortures": -4,
  "transgresses": -2,
  "transgressing": -2,
  "treasonous": -3,
  "tyran": -3,
  "tyrannic": -3,
  "tyrans": -3,
  "unappeasable": -2,
  "unappreciated": -2,
  "unattractive": -2,
  "unbiased": 2,
  "unconvinced": -1,
  "underestimates": -1,
  "underperform": -2,
  "underperforms": -2,
  "undeserving": -2,
  "unfitted": -2,
  "unfocused": -2,
  "unforgiving": -2,
  "unfunny": -2,
  "ungenerous": -2,
  "ungrateful": -3,
  "UNIFIED": 1,
  "unimaginative": -2,
  "uninvolving": -2,
  "unlovable": -2,
  "unmotivated": -2,
  "unoriginal": -2,
  "unreleting": -2,
  "unresearched": -2,
  "untarnished": 2,
  "uplifting": 2,
  "upsetting": -2,
  "victimizes": -3,
  "vindicating": 2,
  "visioning": 1,
  "vomits": -3,
  "walkouts": -2,
  "wanker": -3,
  "warmhearted": 2,
  "warmness": 2,
  "wavering": -1,
  "whitewash": -3,
  "winwin": 3,
  "wits": 2,
  "woebegone": -2,
  "wooo": 4,
  "WooW": 4,
  "wowow": 4,
  "wowww": 4,
  "wrenching": -2,
  "wrongdoings": -2,
  "WTF": -4,
  "wtff": -4,
  "wtfff": -4,
  "XO": 3,
  "xoxo": 3,
  "xoxoxo": 4,
  "xoxoxoxo": 4,
  "yearning": 1,
  "yeees": 2,
  "yucky": -2,
  "zealot": -2,
  "zealots": -2,
  "અકસ્માત": -2,
  "અકસ્માતો": -2,
  "અકળામણ": -2,
  "અક્ષમતા": -2,
  "અક્ષમ્ય": -3,
  "અખંડ": 2,
  "અખંડિતતા": 2,
  "અગમ્ય": -2,
  "અગવડતા": -2,
  "અગાઉથી": -2,
  "અગ્રણી": 2,
  "અચકાતા": -2,
  "અચકાવું": -2,
  "અછત": -2,
  "અજાણ": -2,
  "અજાણતા": -2,
  "અજાણતાં": -2,
  "અજ્ઞાન": -2,
  "અજ્ઞાની": -2,
  "અટકાયત": -2,
  "અટકાયતમાં": -2,
  "અટકાવવા": -1,
  "અટકાવાયેલ": -1,
  "અટકાવી": -1,
  "અટકાવે": -1,
  "અટકાવો": -2,
  "અટકાવ્યા": -2,
  "અટકી": -2,
  "અડગ": 2,
  "અડચણ": -2,
  "અડધેથી બંધ કરે છે": -1,
  "અણગમતું": -2,
  "અણગમો": -2,
  "અણઘડ": -2,
  "અણનમ": 2,
  "અતાર્કિક": -1,
  "અતિ": -2,
  "અતિ પ્રસન્ન કરવું": 3,
  "અતિપ્રસન્ન": 4,
  "અતિશયોક્તિ": -2,
  "અત્યંત": -3,
  "અત્યાચાર": -3,
  "અત્યાચાર ગુજારવામાં": -2,
  "અત્યાનંદ": 2,
  "અથડાઈ": -1,
  "અથડામણ": -1,
  "અથડામણમાં": -2,
  "અદભૂત": 4,
  "અદમ્ય": 2,
  "અદાલતમાં દાવો માંડવો": -2,
  "અદાલતી તપાસ": -2,
  "અદાવત": -2,
  "અદૃશ્ય": -1,
  "અદૃશ્ય થઈ જાય છે": -1,
  "અદ્ભુત": 4,
  "અદ્યતન": 1,
  "અદ્રશ્ય": -1,
  "અધમ": -3,
  "અનધિકૃત": -5,
  "અનસપોર્ટેડ": -2,
  "અનાડી": -2,
  "અનાદર": -2,
  "અનિચ્છનીય": -2,
  "અનિદ્રા": -2,
  "અનિર્ણાયક": -2,
  "અનિવાર્ય": 2,
  "અનિશ્ચિત": -1,
  "અનુકૂળ": 2,
  "અનુકૂળ હોવે": 2,
  "અનુચિત": -2,
  "અનુદાન": 1,
  "અનુપલબ્ધ": -1,
  "અનૈતિક": -2,
  "અન્યાય": -2,
  "અન્યાય સહન": -2,
  "અન્યાયી": -2,
  "અપનાવે": 1,
  "અપમાન": -3,
  "અપમાનજનક": -2,
  "અપરાધ": -3,
  "અપશુકનિયાળ": 3,
  "અપહરણ": -2,
  "અપહરણો": -2,
  "અપંગ": -2,
  "અપંગતા": -2,
  "અપીલ": 2,
  "અપૂરતા રાંધેલા": -2,
  "અપૂરતી": -2,
  "અપૂરતું": -2,
  "અપૂર્ણ": -2,
  "અપૂર્ણતા": -2,
  "અપેક્ષા": 1,
  "અપ્રચલિત": -2,
  "અપ્રમાણસર": -2,
  "અપ્રમાણિક": -2,
  "અપ્રિય": -2,
  "અફવા": -2,
  "અફસોસ કરવો": -3,
  "અભાવ": -2,
  "અભિનંદન": 2,
  "અભિવાદન": 1,
  "અભેદ્ય": 2,
  "અમર": 2,
  "અમાનુષી": -2,
  "અમાન્ય": -2,
  "અમુક પ્રકારની": 0,
  "અમેઝિંગ": 4,
  "અયોગ્ય": -2,
  "અયોગ્યતા": -2,
  "અરાજકતા": -2,
  "અરે": -1,
  "અર્થપૂર્ણ": 2,
  "અર્થહીન": -2,
  "અલગ": -1,
  "અલગ પાડવા": -1,
  "અવગણના": -1,
  "અવગણવામાં": -2,
  "અવગણે": -3,
  "અવગણો": -1,
  "અવગણોમાંથી": -1,
  "અવજ્ઞા": -2,
  "અવજ્ઞાકારી": -2,
  "અવરોધ": -2,
  "અવરોધ ઉભો": -2,
  "અવરોધવું": -2,
  "અવરોધિત": -1,
  "અવરોધે": -2,
  "અવરોધો": -2,
  "અવિચારી": -2,
  "અવિનાશી": 2,
  "અવિરત": -1,
  "અવિવેકી": -2,
  "અવિશ્વાસ": -2,
  "અવિશ્વાસી": -1,
  "અવૈજ્ઞાનિક": -2,
  "અવ્યવસ્થિત": -2,
  "અવ્યાવસાયિક": -2,
  "અશકત": -2,
  "અશક્ત": -2,
  "અશાંત": -2,
  "અશુદ્ધિ": -2,
  "અશુદ્ધિઓ": -2,
  "અશ્લીલ": -2,
  "અશ્લીલ ક્યૂટ": 4,
  "અશ્લીલ ગરમ": 2,
  "અશ્લીલ પ્રેમ": 4,
  "અશ્લીલ મહાન": 4,
  "અશ્લીલ વિચિત્ર": 4,
  "અશ્લીલ સંપૂર્ણ": 4,
  "અશ્લીલ સારી": 4,
  "અશ્લીલ સુંદર": 4,
  "અશ્લીલતા": -2,
  "અસત્ય": -2,
  "અસમર્થ": -2,
  "અસમર્થિત": -1,
  "અસમાન": -1,
  "અસર": -1,
  "અસરકારક": 2,
  "અસરકારકતા": 2,
  "અસહમત": -2,
  "અસહ્ય": -2,
  "અસંતુષ્ટ": -2,
  "અસંતોષ": -2,
  "અસંબદ્ધ": -2,
  "અસુરક્ષિત": -2,
  "અસુવિધા": -2,
  "અસ્કયામતો": 2,
  "અસ્તવ્યસ્ત": -2,
  "અસ્થિર": -2,
  "અસ્પષ્ટ": -2,
  "અસ્વચ્છ": -2,
  "અસ્વસ્થ": -2,
  "અસ્વસ્થતા": -2,
  "અસ્વીકાર": -2,
  "અસ્વીકાર્ય": -2,
  "અંગે શંકા": -2,
  "અંતિમવિધિ": -1,
  "અંત્યેષ્ટિમાં": -1,
  "અંદર પેસે નહિ": -3,
  "અંધ": -1,
  "અંધકાર": -1,
  "અંધકારમય": -2,
  "અૅસફકિંગ": -4,
  "આ નુકસાન": -2,
  "આ રીતે વખાણાયેલી": 2,
  "આઉચ": -2,
  "આઉટરીચ": 2,
  "આઉટેજ": -2,
  "આઉટેજની": -2,
  "આકર્ષક": 2,
  "આકર્ષણ": 2,
  "આકર્ષણની": 3,
  "આકર્ષણો": 2,
  "આકર્ષાય": 1,
  "આકર્ષિત": 1,
  "આકર્ષે": -1,
  "આકર્ષે છે": 1,
  "આકસ્મિક": -2,
  "આક્રમક": -2,
  "આક્રમકતા": -2,
  "આક્રમણ": -2,
  "આક્રંદ": -2,
  "આક્ષેપ": -2,
  "આક્ષેપો": -2,
  "આગ": -2,
  "આગ્રહ રાખે છે": 2,
  "આઘાત": -2,
  "આઘાતજનક": -3,
  "આચરવામાં": -2,
  "આજે પણ એ દિવસ": 2,
  "આડ અસરો": -2,
  "આડઅસર": -2,
  "આડઅસરો": -2,
  "આડેધડ": -2,
  "આતંક": -3,
  "આતંકવાદી": -2,
  "આતંકવાદીઓ": -2,
  "આતુર": 2,
  "આત્મરતિ": -2,
  "આત્મહત્યા": -2,
  "આત્મહત્યા કરવાની કોશીષ": -2,
  "આત્મીયતા": 2,
  "આત્યંતિક": -2,
  "આદર": 2,
  "આદરણીય": 2,
  "આદરે": 1,
  "આધાર": 2,
  "આધાર આપે છે": 2,
  "આધારભૂત": 2,
  "આધુનિક": 2,
  "આધુનિકીકરણ": 2,
  "આનંદ": 2,
  "આનંદદાયક": 3,
  "આનંદપૂર્વક": 3,
  "આનંદપ્રદ": 2,
  "આનંદિત": 3,
  "આનંદી": 2,
  "આનંદોદ્ગાર": 5,
  "આપતી": -3,
  "આપત્તિ": -2,
  "આપત્તિઓ": -2,
  "આપત્તિજનક": -4,
  "આપની": 2,
  "આપનું સ્વાગત છે": 2,
  "આપવામાં": 1,
  "આભાર": 2,
  "આભારી": 3,
  "આમંત્રિત": 1,
  "આરાધના": 3,
  "આરામ": 2,
  "આરામદાયક": 2,
  "આરોપ": -2,
  "આરોપ મૂકવામાં": -2,
  "આરોપી": -2,
  "આરોપો": -2,
  "આર્સહૉલ": -4,
  "આલિંગન": 2,
  "આલિંગવું": 1,
  "આલીશાન": -1,
  "આલોચના": -2,
  "આવકાર": 2,
  "આશા": 2,
  "આશાવાદ": 2,
  "આશાવાદી": 2,
  "આશીર્વાદ": 2,
  "આશ્ચર્ય": 2,
  "આશ્ચર્ય પમાડવું": 2,
  "આશ્ચર્યચકિત": -2,
  "આશ્ચર્યજનક": 3,
  "આસ્થાપૂર્વક": 2,
  "આહ ભરવી": -2,
  "આહલાદક": 3,
  "આળસ": -2,
  "આંગર્સ": -3,
  "આંચકા": -2,
  "આંચકો": -3,
  "આંસુ": -2,
  "ઇચ્છનીય": 2,
  "ઇચ્છા": 1,
  "ઇચ્છિત": 2,
  "ઇચ્છુક": 2,
  "ઇજા": -3,
  "ઇજાઓ": -2,
  "ઇજાગ્રસ્ત": -3,
  "ઇનકાર": -2,
  "ઇનકાર કર્યો હતો": -2,
  "ઇનફેન્ટીલાઇઝ": -2,
  "ઇન્કાર": -2,
  "ઇમાનદારી": 2,
  "ઇર્ષાના": -1,
  "ઇર્ષ્યા": -2,
  "ઈચ્છતા": 1,
  "ઈચ્છા": 2,
  "ઈજા": -2,
  "ઈજારાશાહી મેળવી લીધી": -2,
  "ઈજારો ઊભો": -2,
  "ઈનામ": -2,
  "ઈમાનદારી": 2,
  "ઈર્ષા": -2,
  "ઈર્ષ્યા": -2,
  "ઈસુ": 1,
  "ઉકેલ": 1,
  "ઉકેલવા": 2,
  "ઉકેલાયુ": 2,
  "ઉકેલો": 1,
  "ઉગારે": 2,
  "ઉગ્ર": -3,
  "ઉગ્રવાદીઓ": -2,
  "ઉચાપત": -3,
  "ઉચ્છેદ કરી રહી": -2,
  "ઉજવણી": 3,
  "ઉણપ": -2,
  "ઉત્કટ": 1,
  "ઉત્કૃષ્ટ": 3,
  "ઉત્તમ": 3,
  "ઉત્તેજક": 3,
  "ઉત્તેજના": 3,
  "ઉત્તેજિત": 2,
  "ઉત્તેજીત": 1,
  "ઉત્સાહ": 2,
  "ઉત્સાહી": 2,
  "ઉત્સુક": -2,
  "ઉદાર": 2,
  "ઉદારતાપૂર્વક": 2,
  "ઉદાસ": -2,
  "ઉદાસ થઈ જવું": -1,
  "ઉદાસી": -2,
  "ઉદાસીન": -2,
  "ઉદાસીનતા": -2,
  "ઉદાહરણ": 2,
  "ઉન્માદ": -3,
  "ઉપયોગી": 2,
  "ઉપયોગીતા": 2,
  "ઉપહાસ": -2,
  "ઉપહાસ પામતા ઍરોસ્મિથે": -2,
  "ઉપહાસના": -2,
  "ઉપેક્ષા": -2,
  "ઉપેક્ષિત": -2,
  "ઉભું": -2,
  "ઉમદા": 2,
  "ઉમેદવારી": 1,
  "ઉલટાવી ન શકાય તેવી": -1,
  "ઉલટાવી શકાય તેવું": -1,
  "ઉલટી": -3,
  "ઉલ્લંઘન": -2,
  "ઉશ્કેરવામાં": -1,
  "ઉશ્કેરાતા": -2,
  "ઊણપ": -2,
  "ઊર્મિલ": 4,
  "ઊલટી": -3,
  "ઋગ": -1,
  "ઋણભારિતા": -2,
  "એકતા": 2,
  "એકદમ વિચિત્ર": -2,
  "એકલા": -2,
  "એકવાર ઈન એક જીવનકાળ": 3,
  "એકહથ્થુ": -2,
  "એકાંત": -1,
  "એકી": -2,
  "એકીકૃત": 2,
  "એક્સ્પ્લોરેશન": 1,
  "એડવેન્ચર્સ": 2,
  "એન્ચેન્ટેડ": 2,
  "એપેશિટ": -3,
  "એફઆરએસ": 2,
  "એલર્જીક": -2,
  "એલાર્મ": -2,
  "એવન્જર": -2,
  "એવી": 2,
  "એવેન્જ્ડ": -2,
  "એવોર્ડ": 3,
  "એસેટ": 2,
  "એસોલ્ટ": -2,
  "એસ્કેપ": -1,
  "ઑપ્રેશન્સ": -2,
  "ઓછું કરવું": -2,
  "ઓછો અંદાજ": -1,
  "ઓફલાઇન": -1,
  "ઔચિત્યની": 2,
  "કક્ષાના": -2,
  "કચડી": -2,
  "કચરો": -1,
  "કચવાટ": -2,
  "કટું": -2,
  "કટોકટી": -2,
  "કઠોર": -2,
  "કઠોરતાથી": -2,
  "કડવી": -2,
  "કડવો": -2,
  "કઢાપો": -3,
  "કથળી": -3,
  "કદર": 2,
  "કદરૂપું": -3,
  "કનડગત": -3,
  "કન્ટેજિઓન્સ": -2,
  "કન્ત્": -5,
  "કપટ": -2,
  "કપટી": -3,
  "કબજિયાત": -2,
  "કબર": -2,
  "કબૂલ": -1,
  "કબૂલે": -1,
  "કમજોર": -3,
  "કમનસીબી": -2,
  "કમ્ફર્ટ": 2,
  "કરતાં ઓછું": -2,
  "કરવાનું ટાળે છે": -1,
  "કરા": 2,
  "કરાર": 1,
  "કરિશ્મા": 2,
  "કરુણા": 2,
  "કરૂણાંતિકા": -2,
  "કરૂણાંતિકાઓ": -2,
  "કલંક": -2,
  "કલંકિત": -2,
  "કલંકિત કરેછે": -1,
  "કલ્પનાશીલ": 2,
  "કલ્પિત": 4,
  "કલ્પી": -1,
  "કંજુસ": -2,
  "કંટાળાજનક": -3,
  "કંટાળો": -2,
  "કાઇન્ડર": 2,
  "કાઢી": -1,
  "કાઢી મૂકવું": -2,
  "કાદવવાળું": -2,
  "કાનૂની": 1,
  "કાપ": -1,
  "કાપલી": -1,
  "કાપવું": -1,
  "કામ કરતું નથી": -3,
  "કાયદેસર": 1,
  "કાયદેસર કામ": -1,
  "કાયર": -2,
  "કાર્યવાહી": -2,
  "કાર્યવાહીમાં": -1,
  "કાવતરું": -3,
  "કાળજી": 2,
  "કાળજીપૂર્વક": 2,
  "કાળાબજારી": -2,
  "કાંડ": -2,
  "કિચૂડ કિચૂડ અવાજ કરતું": -2,
  "કિન્નાખોરી": -3,
  "કિલ્સ": -3,
  "કિંમતની": 2,
  "કુકર્મી": -2,
  "કુખ્યાત": -2,
  "કુદરતી": 1,
  "કુલ": -2,
  "કુશળતાપૂર્વક": 2,
  "કુહાડી": -1,
  "કૂતરી": -5,
  "કૃપા કરીને": 1,
  "કેદ": -2,
  "કેદી": -2,
  "કેદીઓ": -2,
  "કેન્સર": -1,
  "કેર્સ": 2,
  "કેશિંગ": -2,
  "કૉકસકર": -5,
  "કોઈ": -1,
  "કોઈ મજા": -3,
  "કોઈ રન નોંધાયો નહીં": -2,
  "કોપાયમાન": -3,
  "કોમિક": 1,
  "કોમેડી": 1,
  "કોમ્બેટ": -1,
  "કોયડારૂપ": -2,
  "કોર્ટના સમન્સ": -2,
  "કૌભાંડ": -3,
  "કૌભાંડો": -3,
  "ક્યૂટ": 2,
  "ક્રાય": -1,
  "ક્રીડા": 3,
  "ક્રૂડ": -1,
  "ક્રૂર": -3,
  "ક્રૂરતા": -3,
  "ક્રેઝી": -2,
  "ક્રેશ": -2,
  "ક્રોધિત": -3,
  "ક્રોધી": -3,
  "ક્લીનર": 2,
  "ક્લેશ": -2,
  "ક્ષતિ": -2,
  "ક્ષતિઓ": -2,
  "ક્ષતિગ્રસ્ત": -2,
  "ક્ષમતા": 2,
  "ક્ષમતાઓ": 1,
  "ક્ષમા": 1,
  "ક્ષુદ્ર": -2,
  "ક્ષોભ": -2,
  "ખડતલ": 2,
  "ખતરનાક": -2,
  "ખરા દિલનું": 3,
  "ખરાબ": -2,
  "ખરાબ થતુ": -2,
  "ખરાબ નસીબ": -2,
  "ખરાબ વર્તનનું": -2,
  "ખરેખર ખૂબ જ": -2,
  "ખરેખર ખૂબ જ સારી": 4,
  "ખરેખર ખૂબ જ સુંદર": 3,
  "ખર્ચ": -2,
  "ખર્ચાળ": -2,
  "ખલેલ પહોંચાડવા": -2,
  "ખસી": -3,
  "ખળભળાટ મચી ગયો": -3,
  "ખંડેર": -2,
  "ખાડો": -2,
  "ખાતરપાડુ": -2,
  "ખાતરી": 1,
  "ખાતરીઓ કરવે": 1,
  "ખાધ": -2,
  "ખામી": -3,
  "ખામીઓ": -2,
  "ખામીયુક્ત": -3,
  "ખાલી": -2,
  "ખાલીપણું": -1,
  "ખાસ કરીને ભોજનનું આહલાદક અને રુચિકર": 3,
  "ખિન્ન": -2,
  "ખીજવવું": -3,
  "ખુલ્લા": -1,
  "ખુલ્લી": -1,
  "ખુશ": 2,
  "ખુશખુશાલ": 2,
  "ખુશખુશાલ અને આનંદી": 3,
  "ખુશમિજાજ": 2,
  "ખુશામત": 2,
  "ખૂજલીવાળું": -2,
  "ખૂણામાં ધકેલાયેલું": -2,
  "ખૂન": -3,
  "ખૂની": -2,
  "ખૂબ": 1,
  "ખૂંટો": -1,
  "ખેદ": -2,
  "ખેંચી": -1,
  "ખેંચો": -1,
  "ખોટા": -3,
  "ખોટા બ્રાન્ડિંગની": -3,
  "ખોટી": -2,
  "ખોટી જગ્યાએ રાખવું": -2,
  "ખોટી જુબાની": -3,
  "ખોટી માહિતી": -2,
  "ખોટી રજૂઆત": -2,
  "ખોટી રીતે": -2,
  "ખોટી રીતે પ્રસ્તુત": -2,
  "ખોટું": -2,
  "ખોટું અર્થઘટન": -2,
  "ખોટું બોલ્યા": -2,
  "ખોટું વર્ણન": -2,
  "ખોટે રસ્તે દોરવું": -3,
  "ખોડ": -2,
  "ખોયેલ": -2,
  "ખોરવવા": -2,
  "ખ્યાતિ": 1,
  "ગડબડ": -2,
  "ગણાવ્યો": 2,
  "ગતિશીલ": 3,
  "ગધેડો": -4,
  "ગભરાઈ": -3,
  "ગભરાટ": -3,
  "ગભરાયેલા": -2,
  "ગભરાવવું": -2,
  "ગમગીન": -2,
  "ગમગીની": -2,
  "ગમતું": -2,
  "ગમે dont": -2,
  "ગમે તેવા": 2,
  "ગમ્યું": 2,
  "ગયેલું": -3,
  "ગરબડ": -2,
  "ગરમ": 1,
  "ગરીબ": -2,
  "ગરીબી": -1,
  "ગર્દભ": -4,
  "ગર્વ": 2,
  "ગર્વથી": 2,
  "ગર્વીલું": 3,
  "ગળુ દબાવીને મારી નાંખવામાં": -2,
  "ગંભીર": -2,
  "ગા ળ": -3,
  "ગાફેલ": -2,
  "ગાંઠ": -2,
  "ગાંડપણ": -3,
  "ગાંડા": -3,
  "ગીરો": -2,
  "ગુણવત્તા": 2,
  "ગુણો": 2,
  "ગુના": -2,
  "ગુનાઓ": -3,
  "ગુનેગાર": -2,
  "ગુનેગારો": -3,
  "ગુનેગારોના": -2,
  "ગુનો": -2,
  "ગુપ્ત રીતે": -2,
  "ગુમ": -2,
  "ગુમાવી": -3,
  "ગુલાબ": 1,
  "ગુલામ": -3,
  "ગુલામ બનાવવું": -2,
  "ગુલામી": -3,
  "ગુલામો": -3,
  "ગુસ્સે": -2,
  "ગુસ્સે થયેલું": -2,
  "ગુસ્સો": -3,
  "ગુંડાગીરી": -2,
  "ગુંડાગીરી કરવી": -2,
  "ગૂફી": -2,
  "ગૂંચ ઉકેલવી": 1,
  "ગૂંચવણમાં": -2,
  "ગેર હાજર": -1,
  "ગેરકાયદે": -2,
  "ગેરકાયદેસર": -3,
  "ગેરમાર્ગે": -3,
  "ગેરરજૂઆત": -2,
  "ગેરલાભ": -2,
  "ગેરલાયક": -2,
  "ગેરવર્તણૂક": -2,
  "ગેરવર્તાવ": -2,
  "ગેરસમજ": -2,
  "ગેરંટી": 1,
  "ગોળીબાર": -2,
  "ગૌરવ": 2,
  "ગૌરવપૂર્ણ": -1,
  "ગ્રહણ": 1,
  "ગ્રાન્ડ": 3,
  "ગ્રે": -1,
  "ગ્રેસ": 1,
  "ગ્લાનિ": -2,
  "ઘટતાં": -2,
  "ઘટાડવું": -1,
  "ઘટી": -2,
  "ઘટીને": -1,
  "ઘડવામાં": -3,
  "ઘડાયેલું": 2,
  "ઘન": 2,
  "ઘનીકરણ": 2,
  "ઘમંડી": -2,
  "ઘરથી દૂર હોવાને કારણ વ્યથિત કે અસ્વસ્થ": -2,
  "ઘરફોડ ચોરી": -2,
  "ઘસાતી": -2,
  "ઘા મારીને હત્યા": -1,
  "ઘાટા": -2,
  "ઘાતક": -2,
  "ઘાતકી": -3,
  "ઘાયલ": -2,
  "ઘાલમેલ": -2,
  "ઘૃણાજનક": -3,
  "ઘૃણાસ્પદ": -3,
  "ઘોર": -3,
  "ઘોર અંધારાવાળું": -2,
  "ઘોસ્ટ": -1,
  "ઘોંઘાટવાળું": -1,
  "ઘોંઘાટીયા": -1,
  "ચકિત": 3,
  "ચઢિયાતી": 2,
  "ચપળતાથી": 2,
  "ચમકાવતું": 3,
  "ચમત્કાર": 4,
  "ચલ્તુ નથિ": -3,
  "ચાર્જ": -3,
  "ચાલાકીથી": -1,
  "ચાહક": 3,
  "ચિટ્સ": -3,
  "ચિડવવું": -3,
  "ચિંતા": -2,
  "ચિંતાઓ": -3,
  "ચિંતાજનક": -3,
  "ચીડ": -2,
  "ચીલાચાલુ": -2,
  "ચીસો": -2,
  "ચુકાદો": -1,
  "ચુંબન": 2,
  "ચૂકાદા": -1,
  "ચૂકી ગયો": -2,
  "ચેતવણી": -3,
  "ચેતવણી આપી": -2,
  "ચેતવણી આપે છે": -2,
  "ચેતવણીઓ": -3,
  "ચેપ": -2,
  "ચેપ લગાડે": -2,
  "ચેપી": -2,
  "ચેમ્પિયન": 2,
  "ચેમ્પિયન્સ": 2,
  "ચોક": -2,
  "ચોકીંગ": -2,
  "ચોક્કસ": 1,
  "ચોખ્ખુ": 1,
  "ચોરી": -2,
  "ચોંકાવનારું": -2,
  "છક": -2,
  "છટકું": -1,
  "છટાદાર": 2,
  "છતી": -1,
  "છબીલું": 2,
  "છાતીફાટ": -2,
  "છિન્નભિન્ન": -2,
  "છી": -4,
  "છીંક": -2,
  "છુપાવવા": -1,
  "છુપાવી રહ્યું છે": -1,
  "છુપાવે": -1,
  "છૂટક": -3,
  "છૂપાવવા": -1,
  "છૂપી": -1,
  "છૂપો": -1,
  "છેડાઓ": 1,
  "છેતરતી": -3,
  "છેતરપિંડી": -4,
  "છેતરવામાં": -3,
  "છેતરવું": -3,
  "છેતરે છે": -3,
  "છોડવામાં": -1,
  "છોડી": -1,
  "છોડી દે છે": -2,
  "છોડો": -1,
  "જગ્યા ધરાવતી": 1,
  "જટિલ": 2,
  "જટીલ": -2,
  "જડ": -1,
  "જડતા": 3,
  "જતન": 2,
  "જબરદસ્ત": 4,
  "જબરદસ્તી": -2,
  "જરૂરિયાતમંદ": -2,
  "જર્જરિત": -2,
  "જવાબદાર": 2,
  "જવાબદારી": 1,
  "જંગલી": -2,
  "જાગ્રત": 3,
  "જાડું અને નાનું": 2,
  "જાતિવાદ": -3,
  "જાતિવાદી": -3,
  "જામીનગીરી": -2,
  "જાળવી રાખ્યું": -1,
  "જિજ્ઞાસુ": 2,
  "જિદ્દી": -2,
  "જીત": 3,
  "જીત્યું": 3,
  "જીવડાં": -2,
  "જીવલેણ": -3,
  "જીવંત": 2,
  "જુલમ": -2,
  "જુલમથી": -3,
  "જુલમી": -3,
  "જુવાન": 2,
  "જુસ્સાદાર": 2,
  "જે નકારી કાઢે છે": -2,
  "જેમ": 3,
  "જેલમાં": -2,
  "જો અચોક્કસ હોવ": -1,
  "જોખમ": -2,
  "જોખમી": -2,
  "જોખમો": -2,
  "જોડાયેલ": 1,
  "જોડાવા": 1,
  "જોમ": 3,
  "જોલી": 2,
  "ઝઘડાળુ": -2,
  "ઝઘડો": -1,
  "ઝડપથી": 2,
  "ઝડપી": 2,
  "ઝવેરાત": 1,
  "ઝંખના": -1,
  "ઝાટકણી": -3,
  "ઝાંખી પડી ગઇ": -2,
  "ઝેર": -2,
  "ઝેરી": -3,
  "ટકરાતા": -1,
  "ટકાઉ": 2,
  "ટકાઉક્ષમ": 2,
  "ટળી": -1,
  "ટાઉટ્સ": -2,
  "ટાઢ": -1,
  "ટાળવા": -1,
  "ટાળવું": -1,
  "ટાળી": -1,
  "ટાળો": -1,
  "ટીકા": -2,
  "ટીકાકારો": -2,
  "ટીમે": 2,
  "ટુચકાઓ": 2,
  "ટૂંકા sightedness": -2,
  "ટૂંકી નજરવાળું": -2,
  "ટેન્ડર": 2,
  "ટોચ": 2,
  "ટોટી": -5,
  "ટ્રસ્ટ": 1,
  "ટ્રેઝર": 2,
  "ટ્રેઝર્સ": 2,
  "ટ્વેટ": -5,
  "ઠગ": -3,
  "ઠપકો": -3,
  "ઠરાવ": 2,
  "ઠંડી": 1,
  "ઠારણ": -1,
  "ઠેકડી ઉડાડી": -2,
  "ઠેરવવા": -2,
  "ડમ્પ": -2,
  "ડર": -2,
  "ડરપોક": -2,
  "ડરામણી": -2,
  "ડરાવવું": -2,
  "ડરી ગયેલું": -2,
  "ડર્ટી": -2,
  "ડહાપણ": 2,
  "ડાઘ": -2,
  "ડાયમંડ": 1,
  "ડિક": -4,
  "ડિકહેડ": -4,
  "ડિનાઉન્સીસ": -2,
  "ડિફેન્ડર": 2,
  "ડિફેન્ડર્સ": 2,
  "ડિસઓર્ડર": -2,
  "ડિસ્કાઉન્ટેડ": -1,
  "ડીઝી": -1,
  "ડૂબીને મરી જવું": -2,
  "ડૂમ": -2,
  "ડેમ્નિટ": -4,
  "ડોળ કરવો": -1,
  "ડ્રેસમાં": -2,
  "ઢાંકવું": -3,
  "ઢાંકી દે છે": -2,
  "ઢીલ કરવી": -2,
  "ઢોંગ": -1,
  "તક": 2,
  "તકરાર": -2,
  "તકલીફ": -2,
  "તકો": 2,
  "તડીપાર": -2,
  "તણાવ": -1,
  "તમસ": -1,
  "તરત": 1,
  "તરફેણ": 2,
  "તરફેણમાં": 2,
  "તરંગી": 1,
  "તહેવારોની": 2,
  "તંગ": -2,
  "તંગી": -2,
  "તંદુરસ્ત": 2,
  "તાકાત": 2,
  "તાજા": 1,
  "તાત્કાલિક": -1,
  "તાવ": -2,
  "તિરસ્કાર": -3,
  "તિરસ્કાર કરતા": -2,
  "તિરસ્કારવું": -3,
  "તિરસ્કૃત": -4,
  "તીણો": -2,
  "તીવ્ર": 1,
  "તીવ્ર તંગી અનુભવાય છે": -2,
  "તુચ્છ": -2,
  "તૂટી": -2,
  "તૂટેલા": -1,
  "તૃપ્ત": -2,
  "તેજ": 1,
  "તેજસ્વી": 1,
  "તેજસ્વી અભિનય": 3,
  "તેના સ્થાનમાં ફેરફાર થાય": 2,
  "તેનાથી સૂગ ચઢી": -3,
  "તૈયાર": 1,
  "તોડી": -1,
  "તોફાન": -1,
  "ત્યજી": -2,
  "ત્યાગ": -2,
  "ત્યાર": 3,
  "ત્રાટકી": -1,
  "ત્રાસ": -1,
  "ત્રાસ આપવો": -3,
  "ત્રાસદાયક": -3,
  "ત્રાસરૂપ": -2,
  "ત્રાસવાદી": -3,
  "ત્રાસી જવું": -3,
  "થવાનું જોખમ તોળાઇ રહ્યું": -1,
  "થવાય": 1,
  "થાક": -2,
  "થાકી": -2,
  "થાકેલા": -2,
  "થાય છે": -2,
  "દગો": -3,
  "દબાણ": -1,
  "દમનકારી": -2,
  "દયા": -2,
  "દયાજનક": -2,
  "દયાપાત્ર": -1,
  "દલાલ": -2,
  "દલિત": -2,
  "દલીલ": -1,
  "દહેશત": -2,
  "દહેશતના": -2,
  "દંગ": 2,
  "દંડ": -2,
  "દંભી": -2,
  "દાણચોરી": -2,
  "દાણચોરી કરીને લાવવું": -2,
  "દાતાઓમાં": 2,
  "દાદો": -2,
  "દાન": 2,
  "દાનવૃત્તિ": 2,
  "દાવેદારી": -1,
  "દાવો": -2,
  "દાવો માંડ્યો": -2,
  "દિગ્મૂઢ": -2,
  "દિલ તૂટી ગયું": -3,
  "દિલગીર": -2,
  "દિલગીરી": -2,
  "દિલાસા": 2,
  "દીપ્તિ": 3,
  "દુ: ખ": -2,
  "દુ: ખદ": -2,
  "દુ: ખદાયક": -2,
  "દુ: ખદાયી": -2,
  "દુ: ખી": -3,
  "દુ: ખી કરતું": -2,
  "દુ: ખી થવું": -2,
  "દુકાળ": -2,
  "દુખાવો": -2,
  "દુરુપયોગ": -2,
  "દુર્ભાગી": -2,
  "દુર્ભાગ્યે": -2,
  "દુવિધા": -1,
  "દુશ્મન": -2,
  "દુશ્મનો": -2,
  "દુષિત": -2,
  "દુષ્ટ": -3,
  "દુષ્ટતા": -3,
  "દુઃખ": -2,
  "દુઃખદ": -2,
  "દુઃખી": -3,
  "દૂષણ": -2,
  "દૂષિત": -2,
  "દૃશ્ય": -1,
  "દેખાવડો": 3,
  "દેવતા": 3,
  "દેવાયું": -2,
  "દેવું": -2,
  "દેશનિકાલ": -2,
  "દેશપાર": -2,
  "દેશો કરતા ઓછી જોવા": -2,
  "દોષ": -2,
  "દોષમુક્ત": 2,
  "દોષરહિત": 2,
  "દોષારોપણ": -2,
  "દોષારોપણ કરવું": -3,
  "દોષિત": -2,
  "દોષી ઠેરવે છે": -2,
  "દ્રષ્ટિ": 1,
  "દ્રષ્ટિકોણો": 1,
  "દ્વિધામાં": -1,
  "ધ ટેમિંગ": -4,
  "ધન્ય": 3,
  "ધબકારાને": -1,
  "ધમકી": -2,
  "ધમકીઓ": -2,
  "ધમકીથી કઢાવેલી રકમ": -3,
  "ધરપકડ": -2,
  "ધાકધમકી": -2,
  "ધાકધમકી આપવી": -2,
  "ધાંધલ": -3,
  "ધિક્કાર": -3,
  "ધિક્કારપાત્ર": -2,
  "ધિક્કાર્યા હતાં": -3,
  "ધી એવેન્જર્સ": -2,
  "ધુત્કારે": -2,
  "ધુમ્મસ": -2,
  "ધૂપ": -2,
  "ધૂપોને": -2,
  "ધૂળ": -2,
  "ધોવાઇ": 2,
  "ધ્યાન": 1,
  "ધ્યાન કેન્દ્રિત": 2,
  "ધ્યાનમાં": -1,
  "ધ્રુજારી": -2,
  "ધ્રૂજતું": -2,
  "ધ્રૂજારી": -2,
  "નકલી": -3,
  "નકામી": -2,
  "નકામું": -2,
  "નકારાત્મક": -2,
  "નકારી": -2,
  "નકારી કાઢે છે": -1,
  "નકારે": -2,
  "નક્કી કરે": -2,
  "નચિંત": 1,
  "નપુંસક": -2,
  "નફરત": -3,
  "નફરતનો સૂચક": -2,
  "નફાકારક": 2,
  "નફાખોર": -2,
  "નફો": 2,
  "નબળા": -2,
  "નબળાઇ": -2,
  "નબળાઈ": -2,
  "નબળાઈઓ": -2,
  "નબળી": -2,
  "નબળું": -2,
  "નબળો દેખાવ કરતાં": -2,
  "નમસ્કાર": 1,
  "નમ્ર": 2,
  "નર્ક જેવું યાતનામય": -2,
  "નર્વસ": -2,
  "નવલકથા": 2,
  "નવી છેતરાયેલી": -2,
  "નવીન": 2,
  "નવીનતા": 1,
  "નવીનતા લાવવી": 1,
  "નશામાં": -2,
  "નષ્ટ": -2,
  "નસીબ": 3,
  "નસીબદાર": 3,
  "નહીં": -1,
  "નંખાઈ": -2,
  "નાકાબંધી": -2,
  "નાખુશ": -2,
  "નાત બહાર કરવું": -2,
  "નાદાર": -3,
  "નાદારી": -3,
  "નાપસંદ": -2,
  "નામંજૂર": -2,
  "નામાંકિત": 2,
  "નારાજ": -2,
  "નારાજી વ્યક્ત કરી": -3,
  "નાલાયક": -3,
  "નાશ": -3,
  "નાસભાગ": -2,
  "નાસીપાસ": -2,
  "નાસ્તિક વ્યક્તિ": -2,
  "નાસ્તિકતા": -2,
  "નાળિયેર": -2,
  "નાંખવામાં નહીં આવે": -1,
  "નિ: સ્વાર્થી": 2,
  "નિખાલસ": -2,
  "નિપુણ": 2,
  "નિફ્ટી": 2,
  "નિભાવે": 2,
  "નિરક્ષરતા": -2,
  "નિરર્થક": -2,
  "નિરાધાર": -2,
  "નિરાશ": -2,
  "નિરાશા": -2,
  "નિરાશાઓ": -2,
  "નિરાશાજનક": -2,
  "નિરાશાવાદ": -2,
  "નિરાશાવાદી": -2,
  "નિરાંતે": 2,
  "નિરાંતે ગાવું": -2,
  "નિર્જીવ": -1,
  "નિર્ણાયક": 1,
  "નિર્દયતાથી": -3,
  "નિર્દોષ": 2,
  "નિર્દોષ છુટકારો": 2,
  "નિર્ધારિત": 2,
  "નિર્બુદ્ધ": -2,
  "નિર્ભય": 2,
  "નિર્ભયતા": 2,
  "નિર્ભર": 2,
  "નિર્ભીક": -2,
  "નિર્ભ્રાન્ત": -2,
  "નિવારે": 1,
  "નિષેધ છે": -1,
  "નિષ્કપટ": -2,
  "નિષ્કલંક": 2,
  "નિષ્ક્રિય": -1,
  "નિષ્ક્રિયતા": -2,
  "નિષ્ઠાવાન": 2,
  "નિષ્ઠુર": -2,
  "નિષ્પ્રાણ": -2,
  "નિષ્ફળ": -2,
  "નિષ્ફળ જાય": -2,
  "નિષ્ફળ ફિલ્મો": -2,
  "નિષ્ફળતા": -2,
  "નિસાસા નાખતા કહ્યું": -2,
  "નિસાસો": -2,
  "નિસ્તેજ": -2,
  "નિંદા": -2,
  "નિંદ્ય": -3,
  "નીકળતો": -1,
  "નીચ": -3,
  "નીડર": 3,
  "નીરસ": -2,
  "નુકસાન": -3,
  "નુકસાનકર્તા": -3,
  "નુકસાનરૂપ": -2,
  "નુકસાની": -3,
  "નુક્સાન કરાવે છે": -2,
  "ને પસંદ નથી": -2,
  "નેઇવ": -2,
  "નેતૃત્વ": 1,
  "નૈતિક": 2,
  "નૈતિક પતન": -2,
  "નોનસેન્સ": -2,
  "નોંધનીય": 2,
  "નોંધપાત્ર": 1,
  "ન્યાય": 2,
  "પ રે શા ન": -3,
  "પગાર": -1,
  "પગેરું ન મળી શકે એવું ઉકેલી ન શકાય એવું ગૂઢ": -2,
  "પછાત": -3,
  "પડકાર": -1,
  "પડતા": 4,
  "પડી ભાંગી": -2,
  "પડી ભાંગે": -2,
  "પતન": -2,
  "પદ્ધતિસરના": 2,
  "પદ્ધતિસરની": 2,
  "પર પ્રતિબંધ મૂક્યો": -2,
  "પરખ": 2,
  "પરત": 2,
  "પરફેક્ટ": 3,
  "પરમ સૌભાગ્ય": 4,
  "પરમાર્થી": 2,
  "પરમેશ્વરે": 4,
  "પરવાનગી આપે છે": 1,
  "પરાજયનો બદલો લીધો": -2,
  "પરિપૂર્ણ": 2,
  "પરિપૂર્ણતા": 2,
  "પરોક્ષ": -1,
  "પર્યાપ્ત": 1,
  "પર્યાવરણ મૈત્રીપૂર્ણ": 2,
  "પસંદ": 2,
  "પસ્તાવો": -2,
  "પહેરવામાં": -1,
  "પહેલા": 3,
  "પહોંચી": 1,
  "પહોંચ્યા": 1,
  "પાગલ": -2,
  "પાછલું": -2,
  "પાછળથી": -2,
  "પાપ": -2,
  "પાપી": -2,
  "પામે": -2,
  "પાયમાલી": -2,
  "પારિતોષિકો": 2,
  "પિચકારી": -3,
  "પિસ": -4,
  "પીઠ": 1,
  "પીડા": -2,
  "પીડાતા": -2,
  "પીડાદાયક": -2,
  "પીડાય": -2,
  "પીડિત": -2,
  "પીલાં": -2,
  "પુખ્ત": 2,
  "પુત્ર ની એક કૂતરી": -5,
  "પુનર્સ્થાપિત": 1,
  "પુનઃજીવિત": 2,
  "પુનઃસ્થાપિત": 1,
  "પુરસ્કાર": 2,
  "પૂછપરછ": -1,
  "પૂજવું": 3,
  "પૂજા": 3,
  "પૂર્ણ": 2,
  "પૂર્ણપણે": 2,
  "પૂર્વગ્રહ": -1,
  "પૂર્વગ્રહયુક્ત": -2,
  "પેશ": -2,
  "પેશાબ કરતી": -3,
  "પોસ્ટ ટ્રોમેટિક": -2,
  "પૌરાણિક": -1,
  "પ્યાદું": -2,
  "પ્રકારની": 0,
  "પ્રકોપ": -2,
  "પ્રકોપક": -1,
  "પ્રખર": 2,
  "પ્રખ્યાત": 2,
  "પ્રગતિ": 2,
  "પ્રચંડ": -3,
  "પ્રચાર": -2,
  "પ્રતિકૂળ": -2,
  "પ્રતિબદ્ધ": 1,
  "પ્રતિબદ્ધતા": 2,
  "પ્રતિબંધ": -2,
  "પ્રતિબંધક": -1,
  "પ્રતિબંધિત": -2,
  "પ્રતિભા": 2,
  "પ્રત્યાઘાત": -2,
  "પ્રદર્શન": -1,
  "પ્રદીપ્ત તેજસ્વી": 2,
  "પ્રદુષકો": -2,
  "પ્રદૂષણ": -2,
  "પ્રદૂષિત": -2,
  "પ્રભાવ વેન ગો": 3,
  "પ્રભાવશાળી": 3,
  "પ્રભાવિત": 3,
  "પ્રમાણિક": 2,
  "પ્રવાહ": -2,
  "પ્રશંસક": 3,
  "પ્રશંસા": 3,
  "પ્રશંસાત્મક": 2,
  "પ્રશંસાપાત્ર": 3,
  "પ્રશ્ન": -1,
  "પ્રસન્ન": 3,
  "પ્રસન્નચિત્ત": 3,
  "પ્રસન્નતા": 2,
  "પ્રહસન": -1,
  "પ્રાપ્ત": 2,
  "પ્રાર્થના": 1,
  "પ્રિક": -5,
  "પ્રિય": 3,
  "પ્રેમ": 3,
  "પ્રેમનો": -2,
  "પ્રેમપૂર્વક": 3,
  "પ્રેમાળ": 3,
  "પ્રેમાળ કૃપા": 3,
  "પ્રેરણા": 2,
  "પ્રેરણાત્મક": 2,
  "પ્રેરણાદાયી": 3,
  "પ્રેરિત": 2,
  "પ્રોત્સાહક": 2,
  "પ્રોત્સાહન": 2,
  "પ્રોત્સાહન આપે છે": 2,
  "પ્રોત્સાહિત": 2,
  "પ્લેગ": -3,
  "ફકર": -4,
  "ફકહેડ": -4,
  "ફગાવી": -1,
  "ફરજ": 1,
  "ફરજ પડી": -1,
  "ફરજિયાત": -1,
  "ફરિયાદ": -1,
  "ફરી": 2,
  "ફરી વળ્યો": -2,
  "ફરીથી ખાતરી આપવામાં": 1,
  "ફર્વિડ": 2,
  "ફલૂ": -2,
  "ફસાયેલા": -2,
  "ફળદ્રુપ": 2,
  "ફંકી": 2,
  "ફાઉલ": -3,
  "ફાટી": -2,
  "ફાટી નીકળ્યો": -2,
  "ફાયદાઓ": 2,
  "ફાયદાકારક": 2,
  "ફાયદો": 2,
  "ફાશીવાદી": -2,
  "ફાશીવાદીઓ": -2,
  "ફિટ": 1,
  "ફિટનેસ": 1,
  "ફિયાસ્કા": -3,
  "ફૂલેલું": -1,
  "ફૅગટ્સ": -3,
  "ફેરફાર": -1,
  "ફેરફાર વિનાનું ઉચ્ચારણ": -1,
  "ફેરિયો": -2,
  "ફેલાયેલું": 4,
  "ફેલાવી": -2,
  "ફોજદારી": -3,
  "ફોટો": 2,
  "ફોબિક": -2,
  "ફોલ્લીઓ": -2,
  "ફ્લોપ": -2,
  "બકવાદ કરનાર વ્યક્તિ": -3,
  "બગડવાની": -2,
  "બગડેલ": -3,
  "બગડેલું": -2,
  "બગાડવું": -3,
  "બચત": 1,
  "બચાવ": 2,
  "બચાવી": 2,
  "બચી": 2,
  "બડાઈખોર": -2,
  "બઢતી": 1,
  "બતાવતી": -2,
  "બદનક્ષીકારક": -2,
  "બદનામ": -2,
  "બદબોઈ કરવી": -2,
  "બદમાશ": -2,
  "બદલ": -2,
  "બદલતું": -1,
  "બદલે શિક્ષા": -3,
  "બદલો": -2,
  "બદામ": -3,
  "બનાવટ": -3,
  "બનાવટી": -1,
  "બનાવટીનો": -4,
  "બનાવ્યું": -1,
  "બરતરફ": -2,
  "બરબાદી": -2,
  "બરાબર વર્તતું": -2,
  "બહાદુર": 2,
  "બહાદુરી": 2,
  "બહાનું": -1,
  "બહાર કાઢી": -2,
  "બહાર નીકળી જવું": -2,
  "બહાલી": 2,
  "બહિષ્કાર": -2,
  "બળતણ ની ભારી": -3,
  "બળતરા": -3,
  "બળવાખોર": -2,
  "બળવાખોરો": -2,
  "બળવો": -2,
  "બળાત્કાર": -4,
  "બળાત્કાર કરનાર": -4,
  "બંદૂક": -1,
  "બંધ": -1,
  "બંધ કરવા પડ્યા": -2,
  "બાકાત": -2,
  "બાકી": 5,
  "બાધિત": -2,
  "બાનું": 2,
  "બાબત": 3,
  "બાબતો": 1,
  "બાબતોમાં": 2,
  "બાલિશ": -2,
  "બિકમ": -2,
  "બિનમંજૂર": -2,
  "બિનસંસદીય": -2,
  "બિનઅસરકારક": -2,
  "બિનકાર્યક્ષમ": -2,
  "બિનકાર્યક્ષમતા": -2,
  "બિનતરફેણકારી": -2,
  "બિરદાવવા": 2,
  "બિહામણું": -2,
  "બીકણ": -1,
  "બીબાઢાળ": -2,
  "બીભત્સ": -3,
  "બીમાર": -2,
  "બીમારીઓ": -2,
  "બુદ્ધિશાળી": 2,
  "બુમરાણ": -2,
  "બુલશીટ": -4,
  "બુસ્ટ": 1,
  "બુસ્ટીંગ": 1,
  "બૂમાબૂમ": -2,
  "બેકાર": -1,
  "બેકિંગ": 2,
  "બેઘર": -2,
  "બેચેન": -2,
  "બેજવાબદાર": -2,
  "બેઠાડું": -1,
  "બેદરકાર": -2,
  "બેબાકળું": -1,
  "બેરોજગાર": -1,
  "બેરોજગારી": -2,
  "બેસાડવા": -2,
  "બૉમ્બ": -1,
  "બોજ": -2,
  "બોજો": -2,
  "બોર": -2,
  "બોલતું બંધ કરવું": -2,
  "બોલર": 2,
  "બોલાચાલી": -2,
  "બોલ્ડ": 2,
  "બ્લડી": -3,
  "બ્લોક": -1,
  "બ્લોકબસ્ટર": 3,
  "બ્લોક્સ": -1,
  "ભક્તિ": 2,
  "ભગવાન": 1,
  "ભય": -2,
  "ભયગ્રસ્ત": -2,
  "ભયચકિત કરવું": 3,
  "ભયભીત": -3,
  "ભયભીત કરી નાખવું": -3,
  "ભયંકર": -2,
  "ભયંકર કે ડરામણી": 4,
  "ભયાનક": -3,
  "ભયાવહ": -3,
  "ભરચક હોવું": -2,
  "ભરતી": -1,
  "ભરપાઈ ન થઈ શકે": -2,
  "ભરાયા": -3,
  "ભલામણ": 2,
  "ભવિષ્ય": 1,
  "ભવ્ય": 2,
  "ભંગ": -2,
  "ભંગાણ": -2,
  "ભંગાણજનક": -2,
  "ભાગી": -1,
  "ભાર": -2,
  "ભારને": -1,
  "ભારે દુ: ખ": -2,
  "ભાવના": 1,
  "ભાવનાશૂન્ય": -2,
  "ભાવનાશૂન્યતા": -2,
  "ભાવિ": 1,
  "ભાંગફોડ": -2,
  "ભાંગી": -2,
  "ભીડ": -1,
  "ભીષણ": -3,
  "ભૂખ": -2,
  "ભૂખરા": -1,
  "ભૂખે મરતા": -2,
  "ભૂખ્યા": -2,
  "ભૂતિયા": -2,
  "ભૂલ": -2,
  "ભૂલથી": -2,
  "ભૂલભરેલા": -2,
  "ભૂલશો": -1,
  "ભૂલી": -1,
  "ભૂલી ગયા છો": -1,
  "ભૂલો": -2,
  "ભેટ": 2,
  "ભેદ": -2,
  "ભેદભાવ": -2,
  "ભેદભાવયુક્ત": -2,
  "ભોગ": -3,
  "ભોગવે": 2,
  "ભોળિયું": -2,
  "ભ્રમિત": -2,
  "ભ્રષ્ટ": -2,
  "ભ્રષ્ટતા": -2,
  "ભ્રષ્ટાચાર": -3,
  "ભ્રામક": -3,
  "મક્કમ": 2,
  "મગજને બદલી નાખવાના": -3,
  "મજબુત": 2,
  "મજબૂત": 2,
  "મજા": 4,
  "મજાક": -2,
  "મજાની": -2,
  "મડાગાંઠ": -2,
  "મતભેદ": -2,
  "મતાગ્રહ": -2,
  "મદદ": 2,
  "મદદ કરે છે": 2,
  "મધરફકિંગ": -5,
  "મનપસંદ": 2,
  "મનમાંથી કાઢી નાખવું": -1,
  "મનાઈ": -2,
  "મનાઈ ફરમાવવી": -1,
  "મનુષ્યવધ": -2,
  "મનોરંજક": 2,
  "મનોરંજન": 3,
  "મનોરંજન કરવું": 3,
  "મનોરોગી": -2,
  "મનોવ્યથા": -2,
  "મફત": 1,
  "મર્યાદા": -1,
  "મર્યાદિત": -2,
  "મસ્ત": -2,
  "મહત્વ": 2,
  "મહત્વપૂર્ણ": 2,
  "મહત્વાકાંક્ષી": 2,
  "મહાન": 3,
  "મહાપરાધ": -3,
  "મહાભિયોગ": -3,
  "મહેનતુ": 2,
  "મળતું": 1,
  "મંજુર": 2,
  "મંજૂર": 1,
  "મંજૂરી": 2,
  "મંદબુદ્ધિ": -2,
  "મંદી": -2,
  "માગ": -1,
  "માગણી": -1,
  "માણી": 2,
  "માથાનો દુખાવો": -2,
  "માથાભારે": -1,
  "માન": 3,
  "માનનીય": 3,
  "માનમાં": 2,
  "માનવવધ": -3,
  "માનવીય": 2,
  "માનુષી લક્ષણનો નાશ કરવો": -2,
  "માન્ય": 1,
  "માન્યતા": 2,
  "માફ": 2,
  "માફ કરશો": -1,
  "માફી": 2,
  "માફી માગી": -1,
  "માયા": 2,
  "મારી": -3,
  "માર્મિક": -1,
  "માર્વેલ": 3,
  "માર્વેલ્સ": 3,
  "માલિક સાથે છેતરપિંડી": -3,
  "માસ્ટરપીસ": 4,
  "માંગ": -1,
  "માંગો છો": 1,
  "માંદગી": -2,
  "મિત્ર": 1,
  "મિત્રતા": 2,
  "મિલનસાર": 3,
  "મિશ્રિત": -2,
  "મિસ": -2,
  "મીઠી": 2,
  "મીઠું": 3,
  "મીસયુઝ": -2,
  "મુકદ્દમા": -1,
  "મુક્તિ": -1,
  "મુખ્ય": 2,
  "મુગ્ધ": 3,
  "મુલતવી": -1,
  "મુશ્કેલ": -1,
  "મુશ્કેલી": -2,
  "મુશ્કેલીઓ": -2,
  "મુશ્કેલીમાં": -2,
  "મૂક": -3,
  "મૂર્ખ": -2,
  "મૂર્ખ માણસ": -3,
  "મૂર્ખતા": -3,
  "મૂર્ખાઈભર્યું": -3,
  "મૂર્ખામી ભરેલી વાહિયાત વાત": -2,
  "મૂલ્યવાન ગણે છે": 2,
  "મૂંઝવતી": -2,
  "મૂંઝવવું": -2,
  "મૃત": -3,
  "મૃત્યુ": -3,
  "મૃત્યુ પામ્યા હતા": -3,
  "મૃત્યુથી શોકાતુર": -2,
  "મૃત્યુનો": -3,
  "મેડ": -3,
  "મેડલ": 3,
  "મેનીપ્યુલેશન": -1,
  "મેમોરિયમ માં": -2,
  "મેરી": 3,
  "મેલનો": -3,
  "મેલું": -2,
  "મેળ ન ખાતી": 1,
  "મેળવી": 2,
  "મેળવેલું": 1,
  "મૈત્રીપૂર્ણ": 2,
  "મૈથુન ચહેરો": -4,
  "મોકલવું": 1,
  "મોખરે": 1,
  "મોટા": 1,
  "મોટા મોટા શબ્દો વાપરવા": -3,
  "મોટી સંખ્યામાં હોવું": -2,
  "મોહ": 2,
  "મોહક": 3,
  "મોળું": -2,
  "મોંઘી કિંમતથી": 3,
  "યાતના": -4,
  "યાતનાઓ": -4,
  "યાદગાર": 1,
  "યુઝલેસ": -2,
  "યુદ્ધ": -2,
  "યુનાઇટેડ": 1,
  "યુફોરિયા": 3,
  "યોગ્ય": 2,
  "યોગ્ય દિશામાં": 3,
  "રક્ષણ": 1,
  "રક્ષણ કરવા અસમર્થ": -2,
  "રડતી": -2,
  "રડવું": -2,
  "રડે": -2,
  "રત્ન": 1,
  "રદ": -1,
  "રદ થયેલી": -1,
  "રમખાણો": -2,
  "રમત બદલતા": 3,
  "રમતિયાળ": 2,
  "રમૂજ": 3,
  "રમૂજી": 3,
  "રસ": 1,
  "રસનો": 2,
  "રસપ્રદ": 2,
  "રહેમિયત": 2,
  "રાજદ્રોહ": -2,
  "રાજદ્રોહી": -2,
  "રાજીખુશીથી": 2,
  "રાજીનામું": -1,
  "રાજીનામું આપ્યું": -1,
  "રાજ્યને": 1,
  "રાહ": -1,
  "રાહ જોઈ રહ્યું હતુ": -1,
  "રાહ જોવી": -1,
  "રાહત": 1,
  "રિફાઇન": 1,
  "રિસ્ટોર": 1,
  "રિસ્પોન્સિવ": 2,
  "રીફ્રેશિંગલી": 2,
  "રુચિ પણ ધ્યાનપાત્ર": 2,
  "રુચિકર": 2,
  "રૂચિ": 1,
  "રૂંધાયું": -1,
  "રેજ": -2,
  "રોકવું": -1,
  "રોકાયેલા": -2,
  "રોકી": -1,
  "રોગ": -1,
  "રોગના હુમલા": -3,
  "રોગનું લક્ષણ": 1,
  "રોગપ્રતિકારક": 1,
  "રોગમાં સરળતાથી": -2,
  "રોગો": -1,
  "રોબ": -2,
  "રોમાન્ટિક": 2,
  "રોમાંચક": 2,
  "રોમાંચિત": 5,
  "રોષ": -2,
  "રોષની": -2,
  "રોષે": -3,
  "લઈ": -2,
  "લડાઇ": -1,
  "લડાઈ": -1,
  "લત": -2,
  "લહેરી": 2,
  "લાગણી": 1,
  "લાગણીશીલ": 2,
  "લાગી ગયું": -3,
  "લાગૂ પડ્યો": -2,
  "લાચાર": -2,
  "લાદવાનો આરોપ કર્યો": -2,
  "લાદવામાં": -1,
  "લાદવું": -2,
  "લાદી": -1,
  "લાભ": 2,
  "લાભદાયી": 2,
  "લાભો": 2,
  "લાયક": 2,
  "લાયર": -3,
  "લાવનારાઓ": -2,
  "લાવે": -2,
  "લાંચ": -3,
  "લાંબા કે મોટા નાકવાળું": -2,
  "લીક": -1,
  "લીલા ધોવા": -3,
  "લીલા ધોવું": -3,
  "લૂમ": -1,
  "લૂમ્સ એસ": -1,
  "લૂંટવું": -2,
  "લૂંટારો": -2,
  "લેગ": -1,
  "લૈંગિકવાદી": -2,
  "લોકપ્રિયતા": 3,
  "લોનસમ": -2,
  "લોન્લી": -2,
  "લોબિસ્ટ": -2,
  "લોબિસ્ટ્સ": -2,
  "લોબિંગ": -2,
  "લોબિંગ કર્યું": -2,
  "લોબીમાં": -2,
  "લોભ": -3,
  "લોભી": -2,
  "વકરી": -2,
  "વક્રોક્તિ": -1,
  "વખણાય": 2,
  "વખાણ": 2,
  "વખોડી કાઢવું": -2,
  "વચન": 1,
  "વચનો": 1,
  "વજનવાળા": -1,
  "વટાવી જશે": -2,
  "વઢવું": -3,
  "વણસે": -2,
  "વધતી": 1,
  "વધારતું": -2,
  "વધારે": 3,
  "વધારેપડતું ભોળપણ": -2,
  "વધારો": 1,
  "વધુ ડામાડોળ": -3,
  "વધુ પડતી": -2,
  "વધુ પડતી સાદગીની": -2,
  "વધુ બગાડે છે": -2,
  "વધુ વણસી": -3,
  "વધે": 1,
  "વફાદાર": 3,
  "વફાદારી": 3,
  "વરદાન": 3,
  "વરસાદી": -1,
  "વલણવાળું": -2,
  "વશીકરણ": 3,
  "વસાહતો": 1,
  "વહાણમાં": 1,
  "વહેંચાયેલ": 1,
  "વળગવું": 2,
  "વંચિત": -2,
  "વંશવાદ": -3,
  "વાક્યો": -2,
  "વાજબી": 2,
  "વાટવું": -1,
  "વાતોન્માદ": -3,
  "વાદળ જેવા": -1,
  "વારેઘડીએ ભયનું કારણ દેખતું માણસ": -2,
  "વાર્તાલાપ": -1,
  "વાસણ": -2,
  "વાહ": 4,
  "વાહિયાત": -4,
  "વાંચવામાં ભૂલ કરવી": -1,
  "વાંધાજનક": -2,
  "વાંધો": -2,
  "વિકૃત": -2,
  "વિકૃતિ": -2,
  "વિકૃતિઓ": -2,
  "વિક્ટર": 3,
  "વિક્ષેપ": -2,
  "વિખેરાઇ": -2,
  "વિચલિત": -2,
  "વિચારગ્રસ્ત": -1,
  "વિચારશીલ": 2,
  "વિચિત્ર": 1,
  "વિચિત્ર ખ્યાલ કે રીતભાત": -2,
  "વિજય": 3,
  "વિજયી": 4,
  "વિજેતા": 4,
  "વિજેતાઓ": 3,
  "વિટામિન": 1,
  "વિડંબન કાવ્ય": -2,
  "વિધવા": -1,
  "વિધ્વંસક": -2,
  "વિનંતી": -2,
  "વિના પ્રયાસે": 2,
  "વિના વિલંબે": 2,
  "વિનાશ": -3,
  "વિનાશ વેર્યો": -2,
  "વિનાશક": -3,
  "વિનાશકારી": -2,
  "વિનોદ": -2,
  "વિમુખ": -2,
  "વિરામ": -2,
  "વિરેચન": -1,
  "વિરોધ": -2,
  "વિરોધાત્મક": -2,
  "વિરોધાભાસ": -1,
  "વિરોધાભાસી": -2,
  "વિરોધી": -1,
  "વિલક્ષણ": -2,
  "વિલંબ": -1,
  "વિવાદ": -2,
  "વિવાદયોગ્ય": -2,
  "વિવાદાસ્પદ": -2,
  "વિવાદો": -2,
  "વિવેકી": 2,
  "વિવેચક": -2,
  "વિવેચન": -2,
  "વિશાળ": 1,
  "વિશિષ્ટ": 2,
  "વિશેષ બનાવ": -2,
  "વિશેષાધિકૃત": 2,
  "વિશ્વસનીય": 2,
  "વિશ્વસનીયતા": 2,
  "વિશ્વાસ": -2,
  "વિશ્વાસઘાત": -3,
  "વિશ્વાસપૂર્વક": 2,
  "વિસ્તરણ": 1,
  "વિસ્તરે": 1,
  "વિસ્તારવા": 1,
  "વિસ્તૃત": 1,
  "વીરતાપૂર્વક": 3,
  "વુ": 3,
  "વૂહૂ": 3,
  "વૃદ્ધિ": 2,
  "વેક્સિંગ": -2,
  "વેચી": -1,
  "વેટ્સ": 1,
  "વેદનાકારી": -3,
  "વેર": -2,
  "વેરતા": 2,
  "વેશ્યા": -4,
  "વૈતરું": -2,
  "વૈભવી": 2,
  "વ્યગ્ર": -2,
  "વ્યથિત": -1,
  "વ્યર્થ": -2,
  "વ્યાકુલ": -1,
  "વ્યાપક": 2,
  "વ્રણ": -1,
  "શકમંદો": -1,
  "શક્તિ": 2,
  "શક્તિશાળી": 2,
  "શક્તિહિન": -2,
  "શક્ય": 2,
  "શક્યતા": -1,
  "શપથ": -2,
  "શબ": -1,
  "શમનીય": 2,
  "શરમ": -2,
  "શરમજનક": -1,
  "શરમાળ": -2,
  "શરૂ": 1,
  "શંકા": -2,
  "શંકા દૂર": 1,
  "શંકાશીલ": -3,
  "શંકાસ્પદ": -2,
  "શાણપણ": 1,
  "શાતા આપે": 2,
  "શાનદાર": 3,
  "શાપ": -1,
  "શાસનમાં": -2,
  "શાંત": 2,
  "શાંત પાડ્યો": 3,
  "શાંતિ": 2,
  "શાંતિથી": 2,
  "શાંતિપૂર્ણ": 2,
  "શિકાર": -3,
  "શિકાર બનાવતા": -3,
  "શિક્ષા": -2,
  "શિક્ષાત્મક": -2,
  "શિટહેડ": -4,
  "શિશુ": -2,
  "શીખવવું": 2,
  "શુકન": 3,
  "શુદ્ધ": 1,
  "શુભ": 2,
  "શુભેચ્છક": 2,
  "શુભેચ્છા": 3,
  "શુભેચ્છાઓ": 2,
  "શૂટ": -1,
  "શેર": 1,
  "શોક": -2,
  "શોક કરવો": -2,
  "શોકાતુર": -2,
  "શોકાતુર બન્યા": -2,
  "શોખીન": 2,
  "શોષણ": -2,
  "શૌર્ય": 3,
  "શ્યૂડોસાયન્સ": -3,
  "શ્રદ્ધાંજલિ": 2,
  "શ્રીમંત": 2,
  "શ્રેય અપાયું નહીં": -1,
  "શ્રેષ્ઠ": 3,
  "શ્રેષ્ઠ કંઈ": 4,
  "શ્રેષ્ઠ કૃતિ": 4,
  "શ્રેષ્ઠતા": 3,
  "શ્વાસ બંધ કરવાની ટેકનિક": -2,
  "સક્રિય": 2,
  "સક્ષમ": 2,
  "સખત": -2,
  "સખાવતી": 2,
  "સખ્ત સજા": -3,
  "સજા": -2,
  "સજ્જ": -1,
  "સટ્ટાકીય": -2,
  "સતત કથળી": -2,
  "સતાવે": -2,
  "સતાવે છે": -2,
  "સતાવ્યા": -3,
  "સત્તા": 1,
  "સત્ત્વવાળું": -1,
  "સદનસીબે": 2,
  "સદભાગ્યે": 3,
  "સદાચારી": 2,
  "સદાબહાર": 2,
  "સદાય લીલાં છમ રહેતાં": 2,
  "સદી": -1,
  "સનશાઇન": 2,
  "સન્માન": 2,
  "સન્માનિત": 2,
  "સપના": 1,
  "સફળ": 3,
  "સફળતા": 3,
  "સફળતાપૂર્વક": 3,
  "સભ્યતા": 2,
  "સમય વ્યર્થ થયો": -2,
  "સમર્થક": 1,
  "સમર્થકો": 1,
  "સમર્થન": 2,
  "સમર્થન મળ્યું": 2,
  "સમર્થિત": 1,
  "સમર્પણ": 2,
  "સમર્પિત": 2,
  "સમસ્યા": -2,
  "સમસ્યાઓ": -2,
  "સમાધાન": 1,
  "સમીયર": -2,
  "સમૃદ્ધ": 2,
  "સમૃદ્ધિ": 3,
  "સરવાળો": 1,
  "સરસ": 3,
  "સરસામાન": -1,
  "સરળ": 1,
  "સરળતા": -2,
  "સર્જનાત્મક": 2,
  "સર્વગ્રાહી": 3,
  "સર્વવ્યાપક": 2,
  "સર્વાઈવર": 2,
  "સર્વાધિકારી": -2,
  "સર્વોપરી": 3,
  "સલામ": 2,
  "સલામત": 1,
  "સલામતી": 1,
  "સલામી": 2,
  "સલાહભર્યું": 1,
  "સવિનય": 2,
  "સવિશેષ સિદ્ધાંતનું શિક્ષણ આપવું": -2,
  "સશક્તિકરણ": 2,
  "સસ્તું": 2,
  "સસ્પેન્ડ": -1,
  "સહકાર્યકર": -3,
  "સહન": -2,
  "સહનશક્તિ": 2,
  "સહનશીલતા": 2,
  "સહમત": 1,
  "સહાનુભુતિ": 2,
  "સહાયક": 2,
  "સંકટ": -2,
  "સંક્રમિત": -2,
  "સંગ્રહવાથી": 1,
  "સંઘર્ષ": -2,
  "સંતાઈ બેસવું": -1,
  "સંતાપ": -2,
  "સંતાપવું": -2,
  "સંતુલિત": 1,
  "સંતુષ્ટ": 2,
  "સંદેહ": -3,
  "સંપત્તિ": 3,
  "સંપન્ન": 2,
  "સંપૂર્ણ": 2,
  "સંપૂર્ણતા": 3,
  "સંપૂર્ણપણે": 3,
  "સંબંધિત": -2,
  "સંભાળ": 2,
  "સંમત": 1,
  "સંમત થાય છે": 1,
  "સંમતિ": 2,
  "સંલગ્ન": 1,
  "સંવાદિતા": 2,
  "સંવેદનશીલ": -2,
  "સંવેદનશૂન્યતાની": -2,
  "સંશોધન": 1,
  "સંસર્ગ": -2,
  "સંસ્કારી": 2,
  "સાક્ષાત્કાર": -2,
  "સાક્ષી": -1,
  "સાચું": 2,
  "સાથી": 2,
  "સાફ": 1,
  "સાફ કરે છે": 1,
  "સામે બુમ પાડીને પાડીને": -2,
  "સામે રક્ષણ આપે છે": 1,
  "સારી": 3,
  "સારી માત્રામાં": 2,
  "સારી રીતે ચેમ્પિયન": 3,
  "સારી રીતે તૈયાર": 2,
  "સારી રીતે ધ્યાન કેન્દ્રિત કર્યું": 2,
  "સારી રીતે વિકસિત": 2,
  "સારી સામગ્રી": 3,
  "સારું નથી": -2,
  "સાવચેત": 2,
  "સાવધ": -1,
  "સાવધાન": -2,
  "સાહસિક": 2,
  "સિદ્ધિ": 2,
  "સિદ્ધિઓ": 2,
  "સિલી": -1,
  "સીમલેસ": 2,
  "સીમાચિહ્ન": 2,
  "સુખ": 3,
  "સુખદ": 2,
  "સુખાકારી": 2,
  "સુખાવહ": 3,
  "સુખી": 3,
  "સુધારવા": 2,
  "સુધારે": 2,
  "સુધારો": 2,
  "સુધી પહોંચવા": 1,
  "સુપર": 3,
  "સુપર્બ": 5,
  "સુપ્રભાત": 1,
  "સુપ્રીમ": 4,
  "સુરક્ષિત": 1,
  "સુરક્ષિત રીતે": 1,
  "સુલભ": 1,
  "સુલિખિત": 1,
  "સુલેહ": 2,
  "સુસ્ત": -2,
  "સુસ્થાપિત": 2,
  "સુંદર": 3,
  "સુંદરતા": 3,
  "સેક્સી": 3,
  "સેન્સર": -2,
  "સેલ્યુઅટ": 2,
  "સેવ": 2,
  "સેવે": -2,
  "સોજો": -2,
  "સોદો": 2,
  "સોનું": 2,
  "સોંપવામાં": 2,
  "સૌજન્ય": 2,
  "સૌથી નીચો": -1,
  "સૌથી વધુ ગમ્મતભરી": 4,
  "સૌમ્ય": 2,
  "સ્ટેજની": 3,
  "સ્ટેંક": -2,
  "સ્ટોલ": -2,
  "સ્ટોલિંગ": -2,
  "સ્ટ્રાઇકર": -2,
  "સ્ટ્રેસર": -2,
  "સ્તુતિ": 3,
  "સ્થગિત": -1,
  "સ્થાપિત": 1,
  "સ્થિર": 2,
  "સ્થિરતા": 1,
  "સ્નબ": -2,
  "સ્નબ્સ ડીઓજે": -2,
  "સ્નીકી": -1,
  "સ્નેહ": 3,
  "સ્પર્ધાત્મક": 2,
  "સ્પર્ધાત્મકતાની": 1,
  "સ્પષ્ટ": 1,
  "સ્પષ્ટતા": 2,
  "સ્પામ": -2,
  "સ્પામર": -3,
  "સ્પામર્સ": -3,
  "સ્પામિંગ": -2,
  "સ્પાર્ક": 1,
  "સ્પાર્કલ": 3,
  "સ્પાર્કલિંગ": 3,
  "સ્માર્ટ": 2,
  "સ્મિત": 2,
  "સ્યુઝ": -2,
  "સ્લેમ": -2,
  "સ્લેશ": -2,
  "સ્વ deluded": -2,
  "સ્વ દુરુપયોગ": -2,
  "સ્વ વિશ્વાસ": 2,
  "સ્વચ્છ": 2,
  "સ્વતંત્રતા": 2,
  "સ્વતંત્રતાઓ": 2,
  "સ્વત્વબોધક": -2,
  "સ્વપ્ન": 1,
  "સ્વપ્નદ્રષ્ટા": 3,
  "સ્વયંપરસ્પરવિરોધી": -2,
  "સ્વર્ગ": 2,
  "સ્વાગત": 1,
  "સ્વાદિષ્ટ": 3,
  "સ્વાર્થ": -3,
  "સ્વાર્થી": -3,
  "સ્વિફ્ટ": 2,
  "સ્વીકારવું": 2,
  "સ્વીકારી": 1,
  "સ્વીકારે છે": 1,
  "સ્વીકાર્ય": 1,
  "સ્વીકૃત": 1,
  "સ્વીકૃતિ": 1,
  "હકનું": 2,
  "હકારાત્મક": 2,
  "હગ્ઝ": 2,
  "હઠીલા": -2,
  "હડતાલ": -1,
  "હતાશ": -2,
  "હતાશા": -2,
  "હતોત્સાહ": -2,
  "હતોત્સાહ કરવું": -2,
  "હત્યા": -2,
  "હત્યાની": -2,
  "હબસી": -5,
  "હબસીઓ": -5,
  "હયાત": 2,
  "હરખઘેલું": 4,
  "હરખાય છે": 4,
  "હરાવ્યો": -2,
  "હર્ટ્સ": -2,
  "હર્ષ": 3,
  "હર્ષધેલું": 3,
  "હર્ષાવેશ": 2,
  "હલ": 1,
  "હલકું": -2,
  "હસતાં": 2,
  "હસતી": 1,
  "હસવા": 1,
  "હળવા": 2,
  "હળવી": 1,
  "હળી": -2,
  "હંટીંગ": 1,
  "હંબગ": -2,
  "હા": 1,
  "હા હા હા": 3,
  "હાઇલાઇટ": 2,
  "હાડમારી": -2,
  "હાનિકારક": -2,
  "હાની": -2,
  "હાર": -2,
  "હારી": -3,
  "હારેલો": -3,
  "હાર્ડ": -1,
  "હાર્દિક": 2,
  "હાવર્ડ": -1,
  "હાસ્યજનક": -3,
  "હાસ્યાસ્પદ": -3,
  "હાંકી": -2,
  "હાંસલ": -2,
  "હાંસી ઉડાવે": 1,
  "હિજરત": -1,
  "હિતકારી": 3,
  "હિંમત": 2,
  "હિંમતથી": 2,
  "હિંમતભેર": 2,
  "હિંમતવાન": 2,
  "હિંસક": -2,
  "હિંસા": -3,
  "હિંસા સંબંધિત": -3,
  "હીરો": 2,
  "હીરોઝ": 2,
  "હુમલા": -1,
  "હુમલો": -2,
  "હુલ્લડ": -2,
  "હૂંફ": 2,
  "હેકટર": 2,
  "હેતુપૂર્ણ": 2,
  "હેપી": 3,
  "હેરાન": -2,
  "હેરાનગતિ": -2,
  "હેલ": -4,
  "હેવનલી": 4,
  "હોન્ટ્સ": -1,
  "હોલો": -1,
  "હોસ્પિટલમાં દાખલ": -2,
  "હોંશિયાર": 2,
  "હ્રદયસ્પર્શી": -3,
  "્ને": -2
}