{
  "shata": -2,
  "yevedza": 3,
  "abatsire": 2,
  "abductions": -2,
  "aboard": -2,
  "aborted": -1,
  "aborts": -1,
  "absentees": -1,
  "absolved": 2,
  "absolves": 2,
  "absolving": 2,
  "acclaimed": 2,
  "accolade": 2,
  "achida": 1,
  "achidzima kakawanda": -2,
  "achifa": -3,
  "achifumura": -1,
  "achiipa": -3,
  "achikudza": 3,
  "achikura": 1,
  "achingoadzinga": -2,
  "achinyemwerera": 2,
  "achiparadza": -3,
  "achiranga": -2,
  "achirwadza": -2,
  "achirwarafated": -2,
  "achishingaira": 1,
  "achisumudzira": 2,
  "achitambudza": -4,
  "achitambura": -2,
  "achitengesa": -3,
  "achitorwa": 2,
  "achitowedzera": -2,
  "achitsausa": -1,
  "achitya": -2,
  "achityisa": -3,
  "achivada": 2,
  "achizengurira": -2,
  "acrimonious": -3,
  "admire": 3,
  "adopts": 1,
  "adores": 3,
  "adoring": 3,
  "adoringly": 3,
  "advantageously": 2,
  "adventures": 2,
  "affectionateness": 3,
  "affronted": -1,
  "aficionados": 2,
  "afraid": -2,
  "afunge": -1,
  "aggressions": -2,
  "agog": 2,
  "agonises": -3,
  "agonized": -3,
  "agumbuke": -2,
  "agumbura": -2,
  "aidzvinyirira": 4,
  "aihwa": -1,
  "aikosheswa": 2,
  "aikwanisa": 2,
  "ainyepera": -3,
  "aiodza mwoyo": -2,
  "airega": -2,
  "airemekedzwa": 2,
  "aisema": -3,
  "akabiridzira": -3,
  "akabvuma": -1,
  "akabvunza": -1,
  "akachenurwa": 1,
  "akadanidzira": -2,
  "akademba": -3,
  "akadonha": -1,
  "akadzikama": 1,
  "akadzikinura": 2,
  "akadzima": -1,
  "akadzingwa": -2,
  "akaendesa": -2,
  "akafa": -3,
  "akafara": 3,
  "akafarira": 2,
  "akafundumwara": -2,
  "akafunga": -3,
  "akafuridzirwa": 2,
  "akagadzirira": 1,
  "akagadzirisa": 1,
  "akahotsira": -2,
  "akaisvochenjera": 2,
  "akaita": 1,
  "akakahadzika": -2,
  "akakatyamadza": -2,
  "akakodzera": 2,
  "akakundwa": -2,
  "akakurirwa nehasha": -2,
  "akakurudzira": -2,
  "akakuvadza": -2,
  "akakwana": 3,
  "akakwazisa": 1,
  "akakwezva": 1,
  "akambokanganiswa": -2,
  "akambomiswa": -2,
  "akamira": -1,
  "akamirirwa": -1,
  "akamugamuchira": 2,
  "akanaka": 2,
  "akanakidzwa": 2,
  "akanatswa": 1,
  "akaneta": -2,
  "akanganwa": -1,
  "akangwara": 2,
  "akanunura": 2,
  "akanyangarika": -1,
  "Akanyemwerera": 2,
  "akanyengerwa": -3,
  "akanyevera": -2,
  "akaomarara": 2,
  "akaomerera": -2,
  "akaonga": 2,
  "akaongororwa": -2,
  "akapambadza": -2,
  "akaparadza": -3,
  "akapfeka": -2,
  "akapfuma": 2,
  "akapfuura": -2,
  "akapika": -2,
  "akaputsa": -1,
  "akaputsika": -1,
  "akarambazve": -2,
  "akarambidza": -2,
  "akaregererwa": 2,
  "akarova": -1,
  "akarwadziwa": -2,
  "akarwisa": -1,
  "akaseka": 1,
  "Akasema": -3,
  "akashatirwa": -3,
  "akashinga": 2,
  "akasimba": 2,
  "akasimbisa": 2,
  "akasimuka": 1,
  "akasiya": -1,
  "akasiyiwa": -2,
  "akasungwa": -3,
  "akasununguka": 1,
  "akasuruvara": -2,
  "akatadzirwa": -2,
  "akatambudza": -2,
  "akatendeka": 3,
  "akatendeseka": 2,
  "akatsamwiswa": -3,
  "akatsausa": -1,
  "akatsigira": 2,
  "Akatya": -3,
  "akatyorerwa": -2,
  "akavanda": -1,
  "akavandudzika": 2,
  "akavavimbisa": 1,
  "akavenga": -3,
  "akaverenga zvisizvo": -1,
  "akavhunduka": -2,
  "akaviga": -1,
  "akavimbika": -2,
  "akavimbisa": 1,
  "akawana": 2,
  "akazadzika": 2,
  "akazoshamisikawo": -2,
  "akazvidemba": -2,
  "akazvidya mwoyo": -2,
  "akunde": 3,
  "akuvadzwa": -2,
  "alarmist": -2,
  "alarmists": -2,
  "altruistic": 2,
  "amunyengera": -2,
  "Amusements": 3,
  "andibudire": -2,
  "anekutita": 2,
  "angasafa": -1,
  "angashora": -2,
  "Angers": -3,
  "annoys": -2,
  "Anoba": -2,
  "anobaya": -5,
  "anobaya mwoyo": 2,
  "anobira": -2,
  "anobudirira": 3,
  "anobva audza": -1,
  "anobviswa": -1,
  "anobvuma": 1,
  "anochenesa": 1,
  "anoda": 2,
  "anodzinga": -2,
  "anodzinyaradza": -1,
  "anodzivirira": 1,
  "anodzvinyirira": -2,
  "anoedzesera": -1,
  "anofadza": 3,
  "anofara": 4,
  "anogamuchira": 1,
  "anoita": 1,
  "anojekesa": 2,
  "Anokanganisa": -2,
  "anokanganwira": 2,
  "anokodzera": 2,
  "Anokomborera": 2,
  "anokoshesa": 2,
  "anokudimburira": -2,
  "anokudzwa": 2,
  "anokurudzira kupandukira": -2,
  "anokwirira": -2,
  "anomanikidzwa": -2,
  "anomuti": 2,
  "Anomutsiridza": 2,
  "anonetsa": -2,
  "anonhuwa": -3,
  "anonyaradza": 2,
  "Anonyaradza": 2,
  "anonyengedza": -3,
  "anonyengera": 1,
  "anonyevera": -2,
  "anonyunyuta": -2,
  "anoonga": 2,
  "anoparadza": -1,
  "anoputsa": -2,
  "anoramba": -1,
  "Anorambwa naPetro": -2,
  "anoranga": -2,
  "anorasa": -1,
  "anorasha": -2,
  "anoratidzwa": 3,
  "anoremekedzwa": 2,
  "anoreverera": 2,
  "anorwadziwa": -3,
  "anoseka": -2,
  "Anoseka": 1,
  "anoshamisa": 3,
  "Anoshamisa": 3,
  "anoshora": -2,
  "Anoshora": -2,
  "anosimbisa": 2,
  "anosimudzira": 1,
  "anosiya": -2,
  "anotambudza": -2,
  "anotambudzika": -1,
  "anotengesa": -3,
  "anotengeswa": -3,
  "anotiza": -1,
  "anotokonya": 2,
  "anotsausa": -3,
  "anotsiva": -2,
  "Anotungamirira": 2,
  "anotyisa": -2,
  "anotyisidzira": -2,
  "anotyiswa": -2,
  "Anouraya": -3,
  "Anovandira": -1,
  "anovenga": -3,
  "Anovenga": -3,
  "anovimba": 1,
  "anowira": -1,
  "anoyamura": 2,
  "anozvidzawo": -2,
  "Anti": -1,
  "anyengerwa": -2,
  "aparara": -2,
  "apeshit": -3,
  "applauds": 2,
  "apwanye": -1,
  "aramu": -2,
  "arayire": -2,
  "ariko": -1,
  "arikukachidzwa": -2,
  "arsehole": -4,
  "ashame": -2,
  "ashayikirwe": -2,
  "asina hanya": -2,
  "asingadiwi": -2,
  "asingafari": -2,
  "asingafariri": -3,
  "asingakanganwiri": -2,
  "asingakwezvi": -2,
  "asingavadi": -2,
  "asipo": -1,
  "asiye": -1,
  "assfucking": -4,
  "asshole": -4,
  "atadze kurara": -2,
  "atrocity": -3,
  "atsamwa": -2,
  "atsause": -3,
  "attractively": 2,
  "atukwa": -2,
  "atyora": -2,
  "Aura": 1,
  "awane": 2,
  "axed": -1,
  "ba": -2,
  "badass": -3,
  "bailout": -2,
  "bamboozle": -2,
  "bamboozled": -2,
  "bamboozles": -2,
  "bankster": -3,
  "barbarous": -2,
  "basa": 1,
  "bata chibharo": -2,
  "batana": 1,
  "batsira": 2,
  "baya": -2,
  "beatific": 3,
  "benefitted": 2,
  "besa": -2,
  "besano": -2,
  "bhana": -2,
  "bhendesera": -2,
  "bhomba": -1,
  "bhowa": -2,
  "bindira": -1,
  "biridzira": -3,
  "bitches": -5,
  "bitterest": -2,
  "blackmailed": -3,
  "blackmailing": -3,
  "blackmails": -3,
  "blah": -2,
  "blames": -2,
  "blithe": 2,
  "blockade": -2,
  "blockbuster": 3,
  "blurry": -2,
  "bongozozo": -2,
  "booka": -1,
  "boosting": 1,
  "boosts": 1,
  "bothersome": -2,
  "boycott": -2,
  "boycotted": -2,
  "boycotting": -2,
  "boycotts": -2,
  "brainwashing": -3,
  "braveness": 2,
  "bravura": 3,
  "bribed": -3,
  "Bribing": -3,
  "brilliances": 3,
  "budirira": 2,
  "budiriro": 2,
  "bullshit": -4,
  "bummer": -2,
  "buoyant": 2,
  "bvisa": -1,
  "bvoronga": -2,
  "bvuma": -1,
  "bvumidza": 2,
  "bvumika": 2,
  "cashing mu": -2,
  "censors": -2,
  "chagrined": -2,
  "chaiita": -2,
  "chaizvo": 3,
  "chakabiwa": -2,
  "chakajeka": 2,
  "chakakanganisika": -2,
  "chakamira pakunodengenyeka zvine": -2,
  "chakanakisisa": 3,
  "chakasuruvara": -2,
  "chakasvibiswa": -2,
  "chakatsamwisa": -2,
  "Champions": 2,
  "chandinodisisa": 2,
  "charmingly": 3,
  "charmless": -3,
  "chazezesa": -2,
  "cheaters": -3,
  "cheerless": -2,
  "chema": -2,
  "chemai": -2,
  "chena": -3,
  "chenesesa": 2,
  "chengetedza": -2,
  "Chengetedza": -2,
  "chengetedzo": 1,
  "chengeto": -2,
  "chenjedza": -2,
  "chenjera": -1,
  "chenjerera": -1,
  "chenura": 2,
  "chepfu": -3,
  "chetevere": 2,
  "chezvinyorwa": -2,
  "chibharo": -4,
  "chibhende": -1,
  "chibvumirano": 1,
  "chic": 2,
  "chichikusvota": -2,
  "chides": -3,
  "chido": 3,
  "chidzivaidzo": -2,
  "chifonyedzo": -2,
  "chiitiko chinosuwisa chaizvo": -2,
  "chikaka": -1,
  "chikanganiso": -2,
  "chikaunyana": -2,
  "chikomborero": 3,
  "chikuru": -1,
  "chikwereti": -2,
  "chimbichimbi": -2,
  "chimhepo": -2,
  "chimhingamupinyi": -2,
  "chimurenga": -2,
  "chimvari": 1,
  "chinanga": -3,
  "chinetso": -1,
  "chinhu": -1,
  "chinodikanwa": -1,
  "chinodiwa": 2,
  "chinofadza": 3,
  "chinogamuchirika": 1,
  "chinokurwadzai": -1,
  "chinokushamisa": 3,
  "chinonditadzisa": -1,
  "chinonhuhwira": 2,
  "chinosekwa": -2,
  "chinosemesa": -3,
  "chinoshamisa": 3,
  "chinosimbisa": 1,
  "chinovhenekera": 2,
  "chinozorodza": 2,
  "chinyadzo": -2,
  "chipaparadzungu": -3,
  "chipingaidzo": -2,
  "chipingidzo": -1,
  "chipo": 2,
  "chipoko": -1,
  "chips on whitekuva": -2,
  "chirango": -2,
  "chiremera": 2,
  "chirikadzi": -1,
  "chirwere": -1,
  "chisarudzo": 2,
  "chishamiso": 4,
  "chishingaidzo": -2,
  "chishuviro": -1,
  "chisimba": -3,
  "chitambudzo": -3,
  "chitarafu": -2,
  "chitsotsi": -2,
  "chituko": -1,
  "chitunha": -1,
  "chityiso": -2,
  "chivaraidzo": 3,
  "chivi": -2,
  "chivimbiso": 1,
  "chivimbo": 1,
  "chivindi": 2,
  "chiwanikwa": 3,
  "chizerenga": -3,
  "chokubvisa": 2,
  "chokwadi": -1,
  "classy": 3,
  "clueless": -2,
  "cocksucker": -5,
  "cocksuckers": -5,
  "cocky": -2,
  "collapses": -2,
  "collapsing": -2,
  "collides": -1,
  "colliding": -1,
  "colluding": -3,
  "competencies": 1,
  "complicating": -2,
  "compliments": 2,
  "conciliate": 2,
  "conciliated": 2,
  "conciliates": 2,
  "conciliating": 2,
  "conflictive": -2,
  "congrats": 2,
  "congratulation": 2,
  "consolable": 2,
  "contagion": -2,
  "contagions": -2,
  "contaminant": -2,
  "contaminations": -2,
  "contestable": -2,
  "convivial": 2,
  "courageousness": 2,
  "coziness": 2,
  "crap": -3,
  "crappy": -3,
  "crazier": -2,
  "craziest": -2,
  "crestfallen": -2,
  "criminated": -3,
  "criminates": -3,
  "criticizes": -2,
  "cunt": -5,
  "cutback": -2,
  "cutbacks": -2,
  "dada": 2,
  "dai": -2,
  "daka": -2,
  "damage": -3,
  "dambudziko": -1,
  "dambudziko guru": -3,
  "damn": -2,
  "damn akanaka": 3,
  "damn zvakanaka": 4,
  "daredevil": 2,
  "dauntless": 2,
  "deadlock": -2,
  "debonair": 2,
  "deformities": -2,
  "defunct": -2,
  "dehumanize": -2,
  "dehumanized": -2,
  "dehumanizing": -2,
  "deject": -2,
  "dejecting": -2,
  "dejects": -2,
  "delectable": 3,
  "demba": -2,
  "demo": -1,
  "demoralizes": -2,
  "denda": -3,
  "denga": 2,
  "denha": -1,
  "denier": -2,
  "deniers": -2,
  "deploring": -3,
  "deports": -2,
  "derailed": -2,
  "derails": -2,
  "derelict": -2,
  "detracted": -1,
  "detracts": -1,
  "Devotional": 2,
  "dhakwa": -2,
  "dhayamondi": 1,
  "dhefisiti": -2,
  "dhemeji": -3,
  "dhererwa": -2,
  "dhimanda": -1,
  "dhipota": -2,
  "dhirika": -2,
  "dhonesheni": 2,
  "dhoneta": 2,
  "dhumhana": -1,
  "Dick": -4,
  "dickhead": -4,
  "diffident": -2,
  "dika": 3,
  "diki": 2,
  "dilligence": 2,
  "dipshit": -3,
  "direful": -3,
  "dirtier": -2,
  "dirtiest": -2,
  "disapprovals": -2,
  "disapproving": -2,
  "disconsolation": -2,
  "discounted": -1,
  "discriminatory": -2,
  "disguising": -1,
  "disgustful": -3,
  "disinclined": -2,
  "disjointed": -2,
  "disparages": -2,
  "disproportionate": -2,
  "dithering": -2,
  "divianokonzerwa": -2,
  "divichaizvoizvo": -2,
  "dodging": -2,
  "dodgy": -2,
  "dolorous": -2,
  "donates": 2,
  "Donhedza": -1,
  "dont kufanana": -2,
  "douchebag": -3,
  "dour": -2,
  "downer": -2,
  "dreading": -2,
  "droopy": -2,
  "drowns": -2,
  "dud": -2,
  "dumbass": -3,
  "dumped": -2,
  "dumps": -1,
  "dupe": -2,
  "dupery": -2,
  "dutununu": -2,
  "dysfunction": -2,
  "dzaikanganisa": -2,
  "dzakabvaruka": -2,
  "dzakaderera": -2,
  "dzakakura nokuvatema": -3,
  "dzakapinza": 3,
  "dzakarongwa": -1,
  "dzamira": -2,
  "dzatinonyanya": 3,
  "dzikaparara": -2,
  "dzinga": -1,
  "dzingaidza": -2,
  "dzinodya": -2,
  "dzinokatyamadza": 4,
  "dzinonakidza": 3,
  "dzinongoitika": 1,
  "dzinoronga": -3,
  "dzinoshungurudza": -2,
  "dzinosiririsa": -3,
  "dzinosvibisa": -2,
  "dzinotyisa": -3,
  "dzisakarurama": -1,
  "dzitira": -2,
  "dzivaidza": -2,
  "dzivirira": -1,
  "dzokera shure": -1,
  "dzokuchema": -2,
  "dzokufungidzira": -2,
  "dzokuvanda": -1,
  "dzoro": -2,
  "dzoutsinye": -2,
  "eerie": -2,
  "eery": -2,
  "effortlessly": 2,
  "ehe": 1,
  "embarrasses": -2,
  "embezzlement": -3,
  "enchanted": 2,
  "enderera": 1,
  "engrossing": 3,
  "enhema": -4,
  "ennui": -2,
  "enrage": -2,
  "enrages": -2,
  "enrapture": 3,
  "enterprising": 1,
  "ErrorWithTranslation": -3,
  "euphoria": 3,
  "evacuates": -1,
  "evacuating": -1,
  "evergreening": -3,
  "exacerbates": -2,
  "exaggerates": -2,
  "exasparate": -2,
  "exasperates": -2,
  "exasperating": -2,
  "excruciatingly": -1,
  "exhilarates": 3,
  "exonerate": 2,
  "exonerates": 2,
  "exonerating": 2,
  "explorations": 1,
  "exuberant": 4,
  "fabulously": 4,
  "fadza": 2,
  "fag": -3,
  "fagot": -3,
  "fagots": -3,
  "faker": -3,
  "fakes": -3,
  "faking": -3,
  "famba kwemarunda": -2,
  "fanira": -1,
  "fara": 3,
  "farai": 4,
  "farce": -1,
  "farira": 3,
  "fascinates": 3,
  "fatalities": -3,
  "fatigues": -2,
  "fatiguing": -2,
  "favorited": 2,
  "favourited": 2,
  "felonies": -3,
  "felony": -3,
  "feni": 3,
  "fervid": 2,
  "Fiasco": -3,
  "fidgety": -2,
  "figa": 2,
  "fines": -2,
  "fita": 1,
  "flagship": 2,
  "flawlessly": 2,
  "flops": -2,
  "flustered": -2,
  "foreclosure": -2,
  "Foreclosures": -2,
  "forgettable": -1,
  "fraudster": -4,
  "fraudsters": -4,
  "fraudulence": -4,
  "frikin": -2,
  "frisky": 2,
  "frowning": -1,
  "ftw": 3,
  "fuck": -4,
  "fucked": -4,
  "Fucker": -4,
  "fuckers": -4,
  "fuckface": -4,
  "fuckhead": -4,
  "fuckin": -4,
  "fucking": -4,
  "fucking akanaka": 4,
  "fucking chakanaka": 4,
  "fucking huru": 4,
  "fucking inopisa": 2,
  "fucking naka": 4,
  "fucking rudo": 4,
  "fucking yakakwana": 4,
  "fucking yakanaka": 4,
  "fucking zvinoshamisa": 4,
  "fucktard": -4,
  "fud": -3,
  "fufuro": -3,
  "fuked": -4,
  "fuking": -4,
  "fuma": 2,
  "fuming": -2,
  "funga": 2,
  "funga kumba": -2,
  "fungidzira": 2,
  "fungira": -1,
  "Funky": 2,
  "funnier": 4,
  "fura": -1,
  "furufusha": -3,
  "futa": -1,
  "fuza": -3,
  "gadzikana": 2,
  "gadzira": 1,
  "gag": -2,
  "gagged": -2,
  "gallantly": 3,
  "gallantry": 3,
  "gamba": 2,
  "gandanga": -2,
  "gangaidzo": -1,
  "garika": 2,
  "gehena": -4,
  "Genial": 3,
  "ghastly": -2,
  "giddy": -2,
  "gireyi": -1,
  "girini kuwacha": -3,
  "girini Washing": -3,
  "glamourous": 3,
  "gleeful": 3,
  "glum": -2,
  "goddamn": -3,
  "godsend": 4,
  "gomera": -2,
  "gona": 1,
  "goofiness": -2,
  "goofy": -2,
  "goridhe": 2,
  "gororo": -2,
  "gr8": 3,
  "greenwash": -3,
  "greenwasher": -3,
  "greenwashers": -3,
  "greenwashing": -3,
  "grisly": -2,
  "growths": 2,
  "gumirwa": -3,
  "gumo": -2,
  "guru": 1,
  "guva": -2,
  "gwara": -2,
  "Ha": 2,
  "haafariri": -2,
  "haangakanganisi": -3,
  "haangobvumiri": -2,
  "hacked": -1,
  "haha": 3,
  "hahaha": 3,
  "hahahah": 3,
  "haiwa mhani": -4,
  "hake": 2,
  "hakutombonakidze": -3,
  "hamunzwisisi": -2,
  "handisemeswi": -3,
  "hanya": -1,
  "haplessness": -2,
  "harasses": -3,
  "hardier": 2,
  "hareruya": 3,
  "harried": -2,
  "hasha": -3,
  "haufi": 2,
  "haukodzeri": -2,
  "haunted": -2,
  "havadi": -2,
  "havakwanisi": -2,
  "havana chokwadi": -1,
  "havangoomereri pakuti": -2,
  "havanzwisise": -2,
  "havaratidzi": -2,
  "hazvishandi": -3,
  "hehe": 2,
  "hellish": -2,
  "hilarious": 2,
  "hondo": -1,
  "hongu": 1,
  "hooligan": -2,
  "hooliganism": -2,
  "hooligans": -2,
  "horrid": -3,
  "hotsira": -2,
  "huchirumbidzwa": 2,
  "huckster": -2,
  "hukuru": 3,
  "humbug": -2,
  "humerous": 3,
  "humourous": 2,
  "hune simba": 2,
  "hunogutsa": 2,
  "hunokanganisa": -2,
  "hunokurudzira": 2,
  "hunopiwa": 1,
  "hunoshamisa": 5,
  "hunotsigira": 1,
  "hurray": 5,
  "huta": -2,
  "hwacho": -2,
  "hwakanyanya kunobvisa chimiro": -2,
  "hwakavhiringidzwa": -2,
  "hwega": -4,
  "hwekubvisa": -1,
  "hwina": 4,
  "hwokushandisa": -2,
  "hwomutambarakede": 2,
  "hysterical": -3,
  "hysterics": -3,
  "ibva": 2,
  "ibwe rinokosha": 1,
  "ichifamba famba": 1,
  "ichishaikwa": -2,
  "Ichitsigirwa": 2,
  "ichivaima": 3,
  "ichivharira": -1,
  "ichizvivanza": -3,
  "icky": -3,
  "idi": 2,
  "idiocy": -3,
  "Iii": -2,
  "Iite": 2,
  "ikanhuwa": -2,
  "ikapenya": 3,
  "ikasateererwa": -2,
  "ikavhunga": -2,
  "imbecile": -3,
  "impairing": -2,
  "impeachment": -3,
  "impeachments": -3,
  "impedingly": -2,
  "imposter": -2,
  "inahwo": 2,
  "inake": 3,
  "incapacitated": -2,
  "incapacitates": -2,
  "incapacitating": -2,
  "incensing": -2,
  "incoherent": -2,
  "indoctrinate": -2,
  "indoctrinates": -2,
  "indoctrinating": -2,
  "inediable": -2,
  "ineffectively": -2,
  "inefficiency": -2,
  "inefficiently": -2,
  "ineptitude": -2,
  "inexorable": -3,
  "infantile": -2,
  "infantilized": -2,
  "infest": -2,
  "infesting": -2,
  "infests": -2,
  "infract": -2,
  "infracted": -2,
  "infracting": -2,
  "infracts": -2,
  "infuriating": -2,
  "innovate": 1,
  "innovates": 1,
  "inobviswa": -1,
  "inoderedza": -2,
  "INOGADZIRA": 1,
  "inokanganisa": -2,
  "inokuvadza": -2,
  "inomutsa": 2,
  "inoperative": -2,
  "inopindura": 2,
  "inorambidza": -2,
  "inorwadza": -2,
  "inosembura": -3,
  "inotenderwa": 2,
  "inouraya": -2,
  "inovhumbamira": -2,
  "insufficiency": -2,
  "insufficiently": -2,
  "intransigence": -2,
  "intransigency": -2,
  "invulnerable": 2,
  "ipa": -2,
  "ipisisa": -3,
  "irreparable": -2,
  "irreproducible": -2,
  "irresolute": -2,
  "irreversibly": -1,
  "isina": -1,
  "isina kukodzera": -2,
  "isingafadzi": -2,
  "isisina": -2,
  "isva": -2,
  "it criminal": -3,
  "ita chiringa": 1,
  "ita hanganwa": -2,
  "ita mhirizhonga": -2,
  "ita mukarirano": -2,
  "ita mutsa": 2,
  "ita usingazivi": -2,
  "itchy": -2,
  "itsvedze": 2,
  "itwa nokukasira": -1,
  "iva nesimba": 2,
  "iwo": -3,
  "jabwanira": -2,
  "jackass": -4,
  "jackasses": -4,
  "janyangura": -3,
  "jaunty": 2,
  "jeka": 1,
  "jerk": -3,
  "jocular": 2,
  "jongwe": -5,
  "jovial": 2,
  "joyless": -2,
  "jubilant": 3,
  "jumpy": -1,
  "kachidza": -2,
  "kakavadzana": -2,
  "kamwemuahwose": 3,
  "kangaidza": -2,
  "kanganisa": -2,
  "kanganisika": -2,
  "kanganwa": -1,
  "kangaridza": -1,
  "kanyanyisa": -3,
  "kanzura": -1,
  "kapi": -2,
  "kasharara": -2,
  "kasingaperi": -2,
  "katyamadza": -2,
  "kenza": -1,
  "kickback": -3,
  "kickbacks": -3,
  "kidnappings": -2,
  "Kinder": 2,
  "kisi": 2,
  "kodzero": 1,
  "kohomedza": 3,
  "koka": 1,
  "kokurwa": -3,
  "kokutambudzika": -2,
  "kombera": -2,
  "komborera": 2,
  "konzera": -2,
  "korokotedza": 2,
  "kosha": 2,
  "kuba": -2,
  "kubatana": 1,
  "kubatikana": 2,
  "kubatsira": 2,
  "kubatsirikana": 2,
  "kubhadhara": -1,
  "kubiridzira": -4,
  "kubiwa": -2,
  "kubudirira": 3,
  "kubudiswa": -2,
  "kubvisa": -1,
  "kubvoronga": -2,
  "kubvuma": 1,
  "kubvumidza": 2,
  "kubvumira": 2,
  "kubvumirana": 1,
  "kubvuta": -1,
  "kubvutwa": 2,
  "kubwinya": 2,
  "kuchambokanganisa": -2,
  "kuchangotyisa bedzi": -2,
  "kucheka": -2,
  "kuchema": -1,
  "kuchemachema": 2,
  "kuchengeteka": -2,
  "kuchinja": -2,
  "kuda": 2,
  "kudanana": 2,
  "kuderera": -2,
  "kudheerera": -2,
  "kudhipotwa": -2,
  "kudhumhana": -2,
  "kudiwa": 2,
  "kudos": 3,
  "kudyidzana": 2,
  "kudzikama": 2,
  "kudzikira": -2,
  "kudzikisira": -2,
  "kudzingwa": -1,
  "kudzingwa basa": -2,
  "kudzivirira": -1,
  "kudzivirirwa": 1,
  "kudziviswa": -1,
  "kudzorera": 1,
  "kuenda apa": -1,
  "kuenderera": 1,
  "kufa": -3,
  "kufadza": 3,
  "kufadzwa": -2,
  "kufamba": 1,
  "kufanana nevechiduku": -2,
  "kufara": 3,
  "kufarira": 3,
  "kufarisa": 2,
  "kufinhikana": -2,
  "kufunganya": 2,
  "kufungidzirwa": -2,
  "kufuratirwa": -1,
  "kugadzikana": -1,
  "kugadzirisa": 2,
  "kugadziriswa": 2,
  "kugadzirwa ne": -1,
  "kugashira": 1,
  "kugomera": -2,
  "kugona": 3,
  "kugumbuka": -3,
  "kugumbura": -3,
  "kugutsikana": -1,
  "kugutswa": -2,
  "kugwinha": -2,
  "kugwinya": 1,
  "kuhwina": 4,
  "kuipa": -3,
  "kuita": 2,
  "kujekesera": 2,
  "kukakavara": -1,
  "kukanganisa": -2,
  "kukanganisika": 1,
  "Kukanganisika": -3,
  "kukanganiswa": -2,
  "kukodzera": -2,
  "kukokwa": 1,
  "kukosha": 2,
  "kukoshesa": 2,
  "kukudyira": -1,
  "Kukudza": 2,
  "kukudzwa": 2,
  "kukumbira": -2,
  "Kukumbira Ruregerero": -1,
  "kukunda": 3,
  "kukundikana": -2,
  "kukundwa": -2,
  "kukura": 2,
  "kukurudzira": 1,
  "kukurumbira": 3,
  "kukuvadza": -2,
  "kukuvadzwa": -2,
  "kukuvara": -2,
  "kukwana": -2,
  "kukwezva": 2,
  "kumanikidza": -1,
  "kumanikidzira": -1,
  "kumanikidzwa": 1,
  "kumbira ruregerero": -1,
  "kumbomira": -1,
  "Kumbomira": -1,
  "kumbundira": 2,
  "kumbundirana": 2,
  "kumhurwa": -2,
  "Kumira": -1,
  "kumukira": -2,
  "kunaka": -2,
  "kunakidza": 3,
  "kunakidzwa": 2,
  "kunakira munhu": 2,
  "kundikana": -2,
  "kundishatirisa": -2,
  "kunetsa": -2,
  "kunetsana": -2,
  "kunetswa": -3,
  "kunge": 0,
  "kungopeta maoko": -2,
  "kungopfeka": -2,
  "kungwara": 2,
  "kungwarira": 2,
  "kunhuhwa, anyenga": -2,
  "kuninipisa": 1,
  "kunodzivisa": -2,
  "Kunogadzirisa": 1,
  "kunogumbura": -2,
  "kunokanganisa": -2,
  "kunokuvadza": -2,
  "kunokwezva": 1,
  "kunomutsa": 1,
  "kunonakidza": 3,
  "kunonoka": -1,
  "kunosimbisa": 1,
  "Kunosimbisa": 2,
  "kunosvibisa": -2,
  "kunosvika": 1,
  "KUNOTADZISA": -2,
  "kunyadziswa": -3,
  "kunyanyisa": -2,
  "kunyara": -2,
  "kunyemwerera": 2,
  "kunyengera": -3,
  "kunyengerai": -2,
  "kunyepedzera": -1,
  "kunyepera": -3,
  "kunyevenutsa": 3,
  "kunyura": 1,
  "kunzarwo": -2,
  "kunze": -2,
  "kunzvaira": -2,
  "kunzwa": 1,
  "kunzwa dzungu": -1,
  "kunzwisiswa": -2,
  "kuodza mwoyo nokunyadzisa Zvapupu": -2,
  "kuomera": -2,
  "kuomeserana": -1,
  "kuona": 1,
  "kuongwa": -2,
  "kuora mwoyo": -2,
  "kupambadza": -2,
  "kupara": 1,
  "kuparadza": -3,
  "kuparadzwa": -2,
  "kuparapatika": -2,
  "kupatira": -2,
  "kupedza": 2,
  "kupembera": 4,
  "kupenga": -2,
  "kupenya": 1,
  "kuperera": 2,
  "kupesana": -2,
  "kupomera": -2,
  "kupomerwa": -2,
  "kupona": 2,
  "kuponda": -2,
  "kupondwa": -3,
  "kuponeswa": 2,
  "kupopota": -2,
  "kupukunyuka": -1,
  "kupunyuka": -1,
  "kupuruvha": 2,
  "kuputirwa": -2,
  "kupwanya": -1,
  "kura": 1,
  "kuramba": -2,
  "kurambidzwa": -2,
  "kuranga": -2,
  "kurasa": -1,
  "kurasikirwa": -3,
  "kurasisa": -3,
  "kuratidzira": -2,
  "kuregeredza": -2,
  "kuremara": -2,
  "kuremedza": -2,
  "kuremedzwa": -2,
  "kuremekedza": 2,
  "kuremekedzwa": 2,
  "kurerutswa": -1,
  "kurohwa": -2,
  "kurova": -1,
  "kuru": 4,
  "kurudzira": 1,
  "kurudziro": 1,
  "kurumbidzwa": 2,
  "kururama": 2,
  "kururamisira": 2,
  "kururamiswa": 1,
  "kurutsa": -3,
  "kurwa": -2,
  "kurwadziswa": -4,
  "kurwadziwa": -2,
  "kurwadziwa nemusoro": -2,
  "kurwisa": -1,
  "kurwisana": -2,
  "Kusabatsira": -2,
  "kusadzidza": -2,
  "kusafara": -2,
  "kusafarira": -2,
  "kusagadzikana": -2,
  "kusaita zvinhu nomazvo": -2,
  "kusakadza": -3,
  "kusanzwisisa": -2,
  "kusaremekedza": -2,
  "kusarerekera divi rimwe chete": -2,
  "kusarudza": 1,
  "kusaruramisira": -2,
  "kusasarura": -1,
  "kusatya": 2,
  "kusauka": -3,
  "kusava nehanya": -2,
  "kusava netariro": -2,
  "kusavimba": -3,
  "kusawirirana": -2,
  "kusazvibata": -2,
  "kusembura": -3,
  "kusetsa": 2,
  "kushamisika": -2,
  "kushandisa": -2,
  "kushandiswa": -2,
  "kushatirwa": -3,
  "kushaya": -2,
  "kushaya hanya": -3,
  "kushaya pokugara": -2,
  "kushayiwa": -3,
  "kushora": -2,
  "kushota": -2,
  "kushungurudzwa": -3,
  "kushushikana": -1,
  "Kushuva": 1,
  "kushuvira": -2,
  "kusimudzirwa": 1,
  "kusingachamisiki": 2,
  "kusingarapiki": -1,
  "kusingazununguki": -1,
  "kusiya": -1,
  "kusunga": -2,
  "kusungirwa": -2,
  "kusungwa": -2,
  "kusurukirwa": -2,
  "kusuruvarisa": -2,
  "kusuwa": -2,
  "kusviba": -2,
  "kusvibisa": -2,
  "kusvika": 1,
  "kutadza": -3,
  "kutadza kurara": -2,
  "kutadzisa": -2,
  "kutambisa": -2,
  "kutambudza": -1,
  "kutambudzika": -2,
  "kutambura": -3,
  "kutapa": -2,
  "kutaridzika zvakanaka": 3,
  "kutarisira": 1,
  "kutarisirwa": -2,
  "kutenda": 1,
  "kutengeka": 2,
  "kutonhora": 1,
  "kutsamwa": -2,
  "kutsamwa kunobva kwaita": -2,
  "kutsanangurika": 2,
  "kutsarukana": -1,
  "kutsauswa": -2,
  "kutsigira": 1,
  "kutsiura": -3,
  "kutsiurwa": -2,
  "kutsiva": -2,
  "kutsiviwa": -2,
  "kutsoropodza": -2,
  "kutsutsumwa": 2,
  "Kutsvinyirwa": -2,
  "kutuka": -3,
  "kutungamirira": 2,
  "kutya": -3,
  "kutyisa": -2,
  "kutyisidzira": -2,
  "kutyisidzirwa": -2,
  "kutyorwa": -2,
  "kuuraya": -2,
  "kuvadza": -2,
  "kuvandudza": 2,
  "kuvandudzwa": 2,
  "kuvapo": 1,
  "kuvarwadza": -2,
  "kuvava": -2,
  "kuvharira": -2,
  "kuvhiringidza": -2,
  "kuvhiringidzika": -2,
  "kuvhiringika": -2,
  "kuvhunduka": -2,
  "kuvhunduka kwakanyanya": -3,
  "kuvhunika": -2,
  "kuvimba": 2,
  "kuvimbika": 3,
  "kuwana": 2,
  "kuwedzera": -2,
  "kuwedzeredza": -2,
  "kuwedzeredzwa": -2,
  "kuya": 1,
  "kuzadzika": 2,
  "kuzadzikisa": 2,
  "kuzadzisa": 2,
  "kuzadziswa": -2,
  "kuzeza": -2,
  "kuzvibvisa": -2,
  "kuzvidza": -2,
  "kuzvidzivirira": -2,
  "kuzvidzora kushungurudzwa": -2,
  "kuzvigutsa": 2,
  "kuzvisungirira": -2,
  "kuzvitsaurira": 2,
  "kuzviuraya": -2,
  "kuzvivanza": -1,
  "kuzvivimba": 2,
  "kuzvuzvungudza": -2,
  "Kwaive": -2,
  "kwakadziviswa": -2,
  "kwakamutsa": 1,
  "kwakatowedzera zvikuru mabhuku": 1,
  "kwakatyisa": -3,
  "kwakavanzika": -2,
  "kwakavhundutsa": -2,
  "kwamaitira": -2,
  "kwanyarara": 2,
  "kwapera": 2,
  "kwazisa": 1,
  "Kwazisa": 2,
  "kwaziso": 2,
  "kwazvo": -1,
  "kweBhaibheri": 2,
  "kwechokwadi": -2,
  "kwemotokari": -2,
  "kwemvura": 3,
  "kwepamutemo": 1,
  "kwete kushanda": -3,
  "kwezva": 1,
  "kwikwidzana": 2,
  "kwokunyepedzera": -2,
  "kwokuoma": -2,
  "kwokusakwana": -2,
  "kwomwoyo wose": 2,
  "kwoushamwari": 1,
  "lackadaisical": -2,
  "lag": -1,
  "lagged": -2,
  "lagging": -2,
  "lags": -2,
  "laughting": 1,
  "lawl": 3,
  "leaked": -1,
  "lethality": -2,
  "lethargic": -2,
  "lethargy": -2,
  "libelous": -2,
  "likeable": 2,
  "likers": 2,
  "likes": 2,
  "litigation": -1,
  "litigious": -2,
  "lmao": 4,
  "lmfao": 4,
  "lobbied": -2,
  "lobbying": -2,
  "lobbyist": -2,
  "lobbyists": -2,
  "lol": 3,
  "lolol": 4,
  "lololol": 4,
  "lolololol": 4,
  "lool": 3,
  "loomed": -1,
  "loool": 3,
  "looool": 3,
  "looses": -3,
  "lousy": -2,
  "lovelies": 3,
  "luckily": 3,
  "ludicrous": -3,
  "lugubrious": -2,
  "lunatics": -3,
  "Mabvunziro": -1,
  "macabre": -2,
  "madanha": -1,
  "maddening": -3,
  "madhaka": -2,
  "madly": -3,
  "maererano": 2,
  "mafaro": 3,
  "magamba": 2,
  "magandanga": -2,
  "magariro": -2,
  "Mahofisi ngaave": 2,
  "majee": 2,
  "makakatanwa": -1,
  "makapiwa": 1,
  "Makarasika": -2,
  "makasuwa": -2,
  "makavhara": -1,
  "makorokoto": 2,
  "makuwende": 2,
  "makwenzi": 2,
  "maladaption": -2,
  "maldevelopment": -2,
  "maltreatment": -2,
  "mangwanani akanaka": 1,
  "manhenda": -1,
  "manikidza": -1,
  "mano": -2,
  "manomano": 2,
  "manyadzo": -2,
  "manyaro": -2,
  "manyemwe": -3,
  "manyongori": -2,
  "maoko": 2,
  "mapenzi": -2,
  "mapofu": -1,
  "mapundu": -2,
  "marara": -1,
  "mari": 3,
  "mari iri kubhangi": 1,
  "mariro": -1,
  "marwadzo": -2,
  "masanga": -2,
  "mashokonhando": -2,
  "matambudziko": -3,
  "matsotsi": -3,
  "maturo": -2,
  "Mauya": 2,
  "mavanga": -2,
  "mbavha": -2,
  "mbayo": -3,
  "mbeveve": -3,
  "mbiri": 2,
  "mbongoro": -4,
  "mbundira": 1,
  "mbwakadzi": -5,
  "mediocrity": -3,
  "memoriam": -2,
  "menaced": -2,
  "menaces": -2,
  "menduru": 3,
  "mesmerizing": 3,
  "messing kukwira": -2,
  "mhaka": -3,
  "mhando": 2,
  "mhandu": -1,
  "mhanya": -1,
  "mhare": 3,
  "mhemberero": 3,
  "mhere": -2,
  "mheremhere": -3,
  "mhinduro": 1,
  "mhingaidzo": -2,
  "mhirizhonga": -3,
  "mhirizhongarelated": -3,
  "mhondi": -2,
  "mhosho": -2,
  "mhosva": -2,
  "mibayiro": 3,
  "mibvunzo": -2,
  "midziyo": 2,
  "miganhu": 2,
  "mikana": 2,
  "minzwa": -2,
  "mira": -1,
  "mirangariro": 2,
  "mirira": -1,
  "mirthful": 3,
  "mirthfully": 3,
  "misa": -1,
  "misbehaving": -2,
  "misbranding": -3,
  "miscast": -2,
  "misclassified": -2,
  "misclassifies": -2,
  "misclassify": -2,
  "misconducted": -2,
  "misconducting": -2,
  "misconducts": -2,
  "misfire": -2,
  "misgiving": -2,
  "misha": 1,
  "misikanzwa": -2,
  "misleaded": -3,
  "misodzi": -2,
  "misoro": 2,
  "misplaces": -2,
  "misplacing": -2,
  "mispricing": -3,
  "misreport": -2,
  "misreported": -2,
  "misreporting": -2,
  "misreports": -2,
  "misrepresentations": -2,
  "misrepresenting": -2,
  "mistaking": -2,
  "misungo": -1,
  "miti yakasvibira": 2,
  "mitoro": -2,
  "mitsara": -2,
  "moans": -2,
  "modernize": 2,
  "modernized": 2,
  "modernizes": 2,
  "modernizing": 2,
  "mongering": -2,
  "monopolize": -2,
  "monopolizes": -2,
  "monopolizing": -2,
  "monotone": -1,
  "mope": -1,
  "moping": -1,
  "moron": -3,
  "mota": -2,
  "motherfucker": -5,
  "motherfucking": -5,
  "moto": -2,
  "muareka": 1,
  "mubayiro": 2,
  "mubereko": 1,
  "mubetseri": 2,
  "mubiridziri": -3,
  "mubvandiripo": -3,
  "mubvunzo": -1,
  "muchetura": -2,
  "muchikanganwirana": 1,
  "muchipatara": -2,
  "muchivenga": -3,
  "muchizvikudza": 2,
  "mudanga": -2,
  "mudano": 3,
  "mudiwa": 2,
  "mudziira": 2,
  "mudziviriri": 2,
  "mufaro": -2,
  "Mufaro": 2,
  "mugove": 1,
  "mugwara": 3,
  "mugwenga": -2,
  "mujeri": -2,
  "mukana": 2,
  "mukangamwire": 1,
  "mukanwa": -2,
  "mukare": 5,
  "mukundi": 4,
  "mukuru": 2,
  "mukurumbira": 3,
  "Mumagakava": -2,
  "mumatare": -2,
  "mumhirizhonga": -2,
  "mumpish": -2,
  "Mumwewo": -1,
  "Mungozi": -3,
  "munhu akuvara": -2,
  "munhu anofadza": 1,
  "munhuhwi": -2,
  "munjodzi": -2,
  "Munonyadzisa": -2,
  "munosema": -3,
  "munyama": -2,
  "munyepi": -3,
  "mupanduki": -2,
  "mupari wemhosva": -3,
  "mupenyu": 1,
  "mupepeti": -2,
  "mupfungwa": -1,
  "mupindikiti": -2,
  "mupingo": -2,
  "mupise": 2,
  "murarami": 2,
  "murky": -2,
  "murombo": -2,
  "murunyararo": 2,
  "muruzi": -3,
  "murwere": -2,
  "musara": 2,
  "musaruraganda": -3,
  "mushana": 2,
  "mushonga wekuchenesa": 2,
  "musono": 2,
  "musungo": -1,
  "musungwa": -2,
  "mutadzi": -3,
  "mutambarakede": 1,
  "mutambo": 1,
  "mutambo achichinja": 3,
  "mutero": 2,
  "mutongo": -1,
  "mutoro": 2,
  "mutsa": 2,
  "mutsa worudo": 3,
  "mutsidzira": 2,
  "mutsigiri": 1,
  "mutsivi": -2,
  "mutsividzo": -2,
  "mutsoropodzi": -2,
  "mUTSOROPODZI": -2,
  "muvengi": -3,
  "mvumo": 2,
  "mwanakomanaofambwakadzi": -5,
  "Mwari": 1,
  "mweya": 1,
  "mwoyo": -2,
  "n00b": -2,
  "najesu": 1,
  "naka": 3,
  "nakidza": 2,
  "nakidzwa": 2,
  "nakisa": 3,
  "nakisisa": 3,
  "namata": 1,
  "nane": 2,
  "Narcissism": -2,
  "nayanaya": -1,
  "ndakarovha": -2,
  "ndakavhiringidza": -2,
  "ndakawedzera": 2,
  "ndangariro": 2,
  "ndapota": 1,
  "ndashungurudzika": -2,
  "ndatenda": 2,
  "ndevo": -2,
  "ndichirairira": -2,
  "ndikavasema": -3,
  "ndine hurombo": -1,
  "Ndinonyangadza": 2,
  "ndisingakahadziki": -1,
  "ndivanzei": -1,
  "ndokuotsira": -2,
  "ndyaringo": -1,
  "nechido": 1,
  "nechisimba": -2,
  "nechitsotsi": -2,
  "nechivimbo": 2,
  "nechokwadi": 1,
  "negativity": -2,
  "negodo": -1,
  "nehanya": 2,
  "nehasha": -2,
  "nekakutya": -2,
  "nekufinhikana": -2,
  "nekufirwa": -3,
  "nekumhura": -2,
  "nekuongorora": -2,
  "nekuramba": -2,
  "nekusiyana": -2,
  "nemadandemutande": -2,
  "nemano": 2,
  "nemari yaakapiwa": -2,
  "nemasimba": 2,
  "nematehwe": -1,
  "nembiri": 2,
  "nemhosva": 2,
  "nemhuru": -2,
  "nemiganhu": -1,
  "nemvura": -4,
  "nenedzera": -2,
  "nenedzero": -2,
  "nengozi": -2,
  "nenzara": -2,
  "nenzira yacho": 2,
  "nenzira yakakodzera": 2,
  "nerunako": 3,
  "nesayenzi": -2,
  "neshungu": -2,
  "neta": -2,
  "netariro": 2,
  "netsa": -2,
  "nevaFascist": -2,
  "nevanozvitsigira": 2,
  "nezvaanoda": 2,
  "nezvaanogona": 1,
  "nezvaasingadi": -2,
  "nezvakasiyana": -2,
  "nezvaMwari": -2,
  "nezvavasingadi": -2,
  "nezvinonhuhwira": -2,
  "nezvinyamusi": -1,
  "nganonyorwa": 2,
  "ngozi": -2,
  "ngwara": 1,
  "nhamo": -1,
  "nhangaruvazhe": 2,
  "nhapwa": -3,
  "nharo": -2,
  "nhema": -3,
  "nhoroondo": -1,
  "nifty": 2,
  "niggas": -5,
  "Nigger": -5,
  "njere": 1,
  "njodzi": -2,
  "no pararira": -1,
  "nokuba": -2,
  "nokubaya": -2,
  "nokudarika": -2,
  "nokudedera": -2,
  "nokudziurira": -2,
  "nokukarudza": -2,
  "nokukasika": -1,
  "nokukoshesa": 2,
  "nokukurumidza": 1,
  "nokumanikidzwa": -2,
  "nokungwarira": 2,
  "nokunyengedza": -3,
  "nokunyombwa": -2,
  "nokunyonganiswa": -2,
  "nokunyumwirwa": -3,
  "nokupambarwa": -2,
  "nokuratidza patimire": -2,
  "nokurwadziwa": -3,
  "nokusakendenga": -3,
  "nokushaisa": -2,
  "nokusunungura": 2,
  "nokusuwa": -1,
  "nokuuraya": -3,
  "nokuveza": -1,
  "nokuvhura": -2,
  "nokuzvidzora dzinopesana": -2,
  "nokuzvidzora kurasiswa": -2,
  "nomufaro": 3,
  "nomutoo unotyisa": -2,
  "nonvanotenderwa": -2,
  "nonotsa": -1,
  "noob": -2,
  "noruremekedzo": 2,
  "noshamisa": -2,
  "Nosy": -2,
  "nouchapupu": 1,
  "noudzvinyiriri": -3,
  "nounyanzvi": 2,
  "nounyengeri": 2,
  "nounyoro": 2,
  "noushingi": 2,
  "noutano": 3,
  "noutsi": -2,
  "noutsinye": -3,
  "nyadza": -2,
  "nyadzi": -2,
  "nyadzisa": -2,
  "nyakurwadziwa": -3,
  "nyangarika": -1,
  "nyanyaidza": -1,
  "nyanyisa": 1,
  "nyara": -1,
  "nyaradzo": 2,
  "nyasha": 2,
  "nyatsokwana": 1,
  "nyatsoona": 1,
  "nyaya": 1,
  "nyemwerera": 2,
  "nyengadza": -3,
  "nyengedza": -1,
  "nyengedzeka": -2,
  "nyengera": -3,
  "nyepera": -3,
  "nyerusa": -2,
  "nyeruso": -2,
  "nyevero": -3,
  "nyima": -3,
  "nyomba": -2,
  "nyonganyonga": -2,
  "nyore": 1,
  "nyoro": 2,
  "nyunyuta": -2,
  "nyunyuto": -2,
  "nyura": -2,
  "nzara": -2,
  "nzeve": -1,
  "nzufu": -2,
  "nzungu": -3,
  "nzvenga": -1,
  "nzvongo": -2,
  "nzwa nzara": -2,
  "nzwira tsitsi": 2,
  "nzwisisika": 2,
  "obliterated": -2,
  "obnoxious": -3,
  "offensively": -2,
  "offline NO": -1,
  "oga": -2,
  "oks": 2,
  "okupandukira": -2,
  "okutuka": -1,
  "oma": 2,
  "one": -1,
  "oneka": 2,
  "onyengetera": 1,
  "optionless": -2,
  "ora": -3,
  "ostracizes": -2,
  "ouch": -2,
  "ounyanzvi": 4,
  "outage": -2,
  "outbreaks": -2,
  "outmaneuvered": -2,
  "overprotective": -2,
  "overreacted": -2,
  "overreaction": -2,
  "oversell": -2,
  "overselling": -2,
  "oversells": -2,
  "oversimplification": -2,
  "oversimplified": -2,
  "oversimplifies": -2,
  "oversimplify": -2,
  "oversold": -2,
  "overstatements": -2,
  "overwrought": -3,
  "ovimba": 2,
  "oxymoron": -1,
  "pa": 1,
  "Paaidzidzisa": 4,
  "paakasvika": 3,
  "paakavapa": 3,
  "pachena": -1,
  "pachirukiso": -1,
  "pachokwadi": 2,
  "pakasava": -1,
  "pakoromoka": -2,
  "pakubiridzira": -4,
  "pakuedza": -2,
  "pakutambudzika": -2,
  "pakutyisidzira": -2,
  "pakuunza": -2,
  "pamakakatanwa": -2,
  "pamariro": -1,
  "pamatambudziko": -2,
  "pamisana": 1,
  "pamitambo": 2,
  "pamusaka pokuda": -3,
  "pamusoro": 2,
  "pamutoro": 2,
  "pamwoyo": 3,
  "panics": -3,
  "paradhiso": 3,
  "paradza": -3,
  "parinouya": -1,
  "parley": -1,
  "pata": -2,
  "pathetic": -2,
  "pavezve": 1,
  "pavhurike": -2,
  "pembedzo": -3,
  "penalized": -2,
  "penalizes": -2,
  "penalizing": -2,
  "penga": -3,
  "Penina": -1,
  "Pensive": -1,
  "penya": 4,
  "perfects": 2,
  "pesky": -2,
  "Petrified": -2,
  "pezvinhu": 3,
  "pezvisarudzo": -1,
  "pfambi": -4,
  "pfava": 2,
  "pfuma": 2,
  "pfumbamuromo": -3,
  "pfungwa": 2,
  "Pfungwa dzavo zvadzaiva": 1,
  "pfupikwehurumende": -2,
  "pfupi anoona zvakanaka": -2,
  "pfuti": -1,
  "phobic": -2,
  "pileup": -1,
  "pindika": 1,
  "pingaidza": -2,
  "pique": -2,
  "piqued": -2,
  "pissed": -4,
  "pissing": -3,
  "piteous": -2,
  "pitikoti": -1,
  "plodding": -2,
  "podza": 1,
  "pokana": -2,
  "pokudengenyeka": -2,
  "pokukuvadza": -2,
  "pokuperevedza": -2,
  "pokurega": -1,
  "pokutsoropodza": -2,
  "polluter": -2,
  "pomunhu": -1,
  "ponesa": 2,
  "poromoka": -2,
  "possessive": -2,
  "postwakapona": -2,
  "postpones": -1,
  "potsa": -2,
  "prblm": -2,
  "prblms": -2,
  "proactive": 2,
  "profiteer": -2,
  "prosecutes": -1,
  "psychopathic": -2,
  "punitive": -2,
  "purofiti": 2,
  "puropaganda": -2,
  "pusa": -1,
  "pwisa": 1,
  "ra": 2,
  "racists": -3,
  "rageful": -2,
  "raipembera nomufaro": 3,
  "rakabatana": 1,
  "rakadzika": -1,
  "Rakasimbisa": 2,
  "rakasimbiswa": 2,
  "rake richidedera": -2,
  "ramba": -2,
  "ramba kuonekwa": 2,
  "rambidza": -1,
  "rambidzwa": -2,
  "ranga": -2,
  "rant": -3,
  "ranter": -3,
  "ranters": -3,
  "rants": -3,
  "raptures": 2,
  "rapturous": 4,
  "rasha": -2,
  "rasika": -3,
  "rasisa": -1,
  "Rasvika": 1,
  "ratidziro": -2,
  "ratyama": -2,
  "rayirika": 1,
  "rebwedeka": -2,
  "regedzeka": -3,
  "regerera": 2,
  "regretful": -2,
  "relishing": 2,
  "remesa": -1,
  "remuSamoa": -2,
  "repercussion": -2,
  "reruka": 1,
  "rerutsa": -2,
  "resigns": -1,
  "resva mashandisiro": -2,
  "retsono": -1,
  "revengeful": -2,
  "richibatsira": 2,
  "richikwidibira": -2,
  "richishungurudzika": -2,
  "richisvika": 1,
  "rig": -1,
  "rigorously": 3,
  "rikanyuramo": -2,
  "rima": -1,
  "rinokundikana": -2,
  "rinokurudzira": 2,
  "rinokutadzisa": -2,
  "rinokwira": 1,
  "rinorambidza": -1,
  "rinorambidzwa": -1,
  "rinoseka": -2,
  "rinotsigira": 2,
  "Rinowedzera": 1,
  "rinozadziswa": 2,
  "Riri Mberi": -1,
  "risingadzivisiki": 2,
  "risingakanganwiki": 1,
  "riveting": 3,
  "rizaina": -1,
  "rizowedzerwa": 2,
  "robing": -2,
  "rofl": 4,
  "roflcopter": 4,
  "roflmao": 4,
  "rokumisa": -2,
  "rokutonga": 1,
  "romantical": 2,
  "rombo": 3,
  "romora": -3,
  "romuromo": -1,
  "ropafadzo": 2,
  "rota": 1,
  "rotfl": 4,
  "rotflmfao": 4,
  "rotflol": 4,
  "rovha": -1,
  "ruchiri kukangaidza": 3,
  "rudo": 3,
  "rudo rusiri rwechokwadi": 2,
  "rufaro": 3,
  "rufu": -2,
  "rugare": 2,
  "rukudzo": 2,
  "rumbidza": 3,
  "rumbidzo": 3,
  "runako": 1,
  "runokukura": -1,
  "runokwaniswa": 2,
  "runyararo": 2,
  "rupo": -2,
  "rupokano": -2,
  "ruponeso": 2,
  "ruregerero": -1,
  "ruregero": -1,
  "rusarura": -2,
  "rusaruraganda": -3,
  "rusenzi": -2,
  "rusununguko": 2,
  "rutsa": -3,
  "rutuna": -2,
  "ruvengo": -3,
  "rwadza": -2,
  "rwakanyarara": 2,
  "rwara": -2,
  "rwarisa": -2,
  "rwisana": -2,
  "rwokufara": 2,
  "rworukundo": 4,
  "sabatsira": -2,
  "sabhinha": -2,
  "sabhoteji": -2,
  "sabvumika": -2,
  "sadikanwa": -2,
  "safa": 2,
  "safunga": -2,
  "sagadzikana": -2,
  "sagona": -2,
  "sagutsikana": -2,
  "sakisa": 2,
  "sakodzera": -2,
  "sakosha": -2,
  "sakwana": -1,
  "salient": 1,
  "sanganisika": 2,
  "sanganisira": 2,
  "sanzwa chinhu": -2,
  "sanzwisisa": -2,
  "sanzwisisika": -1,
  "sappy": -1,
  "saregerera": -3,
  "sarupu": 2,
  "sarura": -2,
  "sashanda": -2,
  "satendeseka": -1,
  "satyisa": 2,
  "sauka": -2,
  "sava nechokwadi": -1,
  "savange": -2,
  "savanges": -2,
  "sawirirana": -2,
  "saziva": -2,
  "scandalous": -3,
  "Scoop": 3,
  "scornful": -2,
  "scumbag": -4,
  "se": 2,
  "seakatambudzwa": -3,
  "sehasha": -2,
  "seka": -2,
  "seksikäs": 3,
  "sema": -2,
  "semadzangaradzimu": -2,
  "sembura": -2,
  "sendarama": 1,
  "setsa": 2,
  "sexist": -2,
  "sexistic": -2,
  "sezvinei": 2,
  "sezvisingaiti": -1,
  "shaiwa": -2,
  "shaky": -2,
  "shamisa": -2,
  "shamwari": 1,
  "shamwaridzana": 2,
  "shanda": 2,
  "shangwa": -2,
  "shanje": -1,
  "sharu": -1,
  "sharuka": -2,
  "shasha": 2,
  "shata": -3,
  "shatirisa": -3,
  "shaya basa": -2,
  "shaya chinanga": 2,
  "shaya hanya": -2,
  "shinga": 2,
  "shingaidza": -2,
  "shingirira": -1,
  "shit": -4,
  "shithead": -4,
  "shitty": -3,
  "shoma": -1,
  "Shongwe": 1,
  "shoody": -2,
  "shoora": -2,
  "shora": -2,
  "shoreka": -2,
  "shrew": -4,
  "shurikirwa": -2,
  "shusha": -2,
  "shushikana": -3,
  "shuvira": -2,
  "simba": 1,
  "simbe": -1,
  "simbisa": 2,
  "simuka": 1,
  "sina hunhu": -2,
  "sina musoro": -2,
  "sinakunaka": -2,
  "sincerest": 2,
  "sindimara": -2,
  "singleminded": -2,
  "sitiraiki": -1,
  "siya": -1,
  "siyiwa": -1,
  "slam": -2,
  "slashed": -2,
  "slashes": -2,
  "slickest": 2,
  "slumping": -1,
  "slut": -5,
  "smuggles": -2,
  "sneaky": -1,
  "sneezing": -2,
  "snubbing": -2,
  "snubs": -2,
  "sokusingagutsi": -1,
  "solidifies": 2,
  "solidifying": 2,
  "somber": -2,
  "spam": -2,
  "spammer": -3,
  "spammers": -3,
  "spamming": -2,
  "spiritless": -2,
  "sprightly": 2,
  "squelched": -1,
  "stalling": -2,
  "starves": -2,
  "stereotyped": -2,
  "stifled": -1,
  "stinked": -2,
  "stinker": -2,
  "stinking": -2,
  "stinks": -2,
  "stressor": -2,
  "stupidly": -2,
  "suave": 2,
  "substantially": 1,
  "sucks": -3,
  "sued": -2,
  "sueing": -2,
  "suihku": -3,
  "sukunasai": -2,
  "sulky": -2,
  "sunga": -1,
  "sununguka": 2,
  "supporters": 1,
  "suspecting": -1,
  "suwa": -2,
  "suwisa chose": -2,
  "sveta": -3,
  "sviba": -2,
  "svibisa": -2,
  "swindles": -3,
  "tadza": -2,
  "tadza kubata zvakanaka": -2,
  "takakanganiswa": -2,
  "takakushuvai": 2,
  "tamba": 2,
  "tambudza": -3,
  "taneta": -2,
  "tanyatsodzidziswa": -2,
  "taora mwoyo": -2,
  "tapata": 1,
  "tard": -2,
  "tariro": -2,
  "tarisira": 2,
  "tarisiro": 2,
  "tarnishes": -2,
  "tawanda": 1,
  "tenda": 2,
  "tendera": 1,
  "terrifically": 4,
  "terrorizes": -3,
  "the scum": -3,
  "tichifungisisa": 1,
  "tichikoshesa": 2,
  "timorous": -2,
  "Tingawaneiko": 2,
  "tinokanganiswa": -2,
  "tinyerere": -1,
  "tirongo": -2,
  "tisare": -2,
  "tits": -2,
  "tora nguva refu": 2,
  "toredzera": 1,
  "toreva": 2,
  "totalitarianism": -2,
  "tout": -2,
  "touted": -2,
  "touting": -2,
  "touts": -2,
  "travesty": -2,
  "treasonous": -3,
  "tremulous": -2,
  "troll": -2,
  "tsamwa": -3,
  "tsamwisa": -2,
  "tsaona": -2,
  "tsidza": 2,
  "tsigira": 2,
  "tsigiro": 2,
  "tsinga": -1,
  "tsitsi": 2,
  "tsividza": -2,
  "tsoropodza": -2,
  "tsoropodzo": -2,
  "tsunga": 2,
  "tsvina": -1,
  "tuka": -2,
  "tunodzivisa": -1,
  "tuvira": -2,
  "twa": 2,
  "twakapengerera": 3,
  "twat": -5,
  "twaunganidzwa": 1,
  "tya": -2,
  "tyisa": -2,
  "tyisidzira": -3,
  "tyran": -3,
  "tyrannic": -3,
  "tyrans": -3,
  "ubanguranyika": 1,
  "ube": -2,
  "ubiquitous": 2,
  "uburutu": -2,
  "uchangamire": 2,
  "uchifara": 3,
  "uchinyatsobatanidzwa": 2,
  "uchira": 2,
  "uchiratidza": -3,
  "uchirwisa": -1,
  "udo": 2,
  "udyire": -3,
  "udzvanyiriri": -2,
  "udzvinyiriri": -2,
  "ufuza": -3,
  "ugamba": -2,
  "Ugare": 3,
  "ugari": 1,
  "ugh": -2,
  "ukamuvhundutsa": -3,
  "ukapisa murwi": -2,
  "ukoshi": 2,
  "umbavha": -2,
  "umbirimi": 3,
  "umbozha": 2,
  "umhare": 3,
  "umhondi": -2,
  "unappeasable": -2,
  "unapproved": -2,
  "unavailing": -2,
  "unbiased": 2,
  "unconfirmed": -1,
  "uncredited": -1,
  "undecided": -1,
  "undercooked": -2,
  "underestimates": -1,
  "underestimating": -1,
  "underperform": -2,
  "underperformed": -2,
  "underperforming": -2,
  "underperforms": -2,
  "undundika": -3,
  "unethical": -2,
  "uneventful": -2,
  "unfitted": -2,
  "unfocused": -2,
  "unfunny": -2,
  "ungwandangwanda": -2,
  "ungwaru": 2,
  "unhu": 2,
  "unhygienic": -2,
  "unimaginative": -2,
  "uninspired": -2,
  "uninvolving": -2,
  "unmotivated": -2,
  "Unobata": 4,
  "Unobuda": 1,
  "unochema": -2,
  "unodanidzira": -2,
  "unodarika": -2,
  "unodzingwa": -2,
  "UNODZIPA": -2,
  "unofadza": 3,
  "Unofadzwa": 3,
  "unofarira": 3,
  "unogadzirira": 1,
  "unokanganwira": 2,
  "unokukwazisa": 2,
  "unokukwazisai": 1,
  "unokunakidza": 3,
  "unomufaro": 3,
  "unondiurayira": -2,
  "unonyangadzwa": -2,
  "unoriginal": -2,
  "unoshamisa": 4,
  "unotambudzika": -2,
  "Unotsigira": 1,
  "unotsika": -3,
  "unotyisa": -3,
  "unotyisa ungatsunga": 3,
  "unparliamentary": -2,
  "unpleasantness": -2,
  "unprofessional": -2,
  "unreleting": -2,
  "unresearched": -2,
  "unsecured": -2,
  "unsold": -1,
  "unsophisticated": -2,
  "unsupported": -2,
  "untarnished": 2,
  "unyengedzi": -3,
  "unyengeri": -2,
  "unyore": 2,
  "uori": -3,
  "uori hukuru hunoitwa nevezvoutano": -2,
  "upenyu": 4,
  "upfumi": 3,
  "uptight": -2,
  "uranda": -3,
  "urema": -2,
  "urombo": -1,
  "urovha": -2,
  "usatenda": -2,
  "ushamwari": 2,
  "ushati": -3,
  "ushingi": 2,
  "ushingiwo": 2,
  "usimbe": -2,
  "usina kufukidzwa": -2,
  "usungwa": -2,
  "utachiona": -2,
  "utano": 2,
  "utera": -2,
  "utsanzi": 1,
  "utsinye": -3,
  "utungamiri": 1,
  "utununu": -3,
  "va burutu": -2,
  "va nechido": 2,
  "va nechinangwa": 2,
  "va nechinya": -2,
  "va nembayo": -2,
  "va nendere": -3,
  "va nenjodzi": -3,
  "va nenyasha": 2,
  "va neraki": 2,
  "va neubatebate": 2,
  "va neudhadha": -2,
  "va neukasha": -2,
  "va neutsanzi": 2,
  "vaaida": 2,
  "vaanotyisidzira": -2,
  "vabatsiri": 2,
  "vabvunzurudzwe": -2,
  "Vachibira": -2,
  "vachichema": -2,
  "vachichimbidzika": 2,
  "vachidarika": -2,
  "vachidzivisa": -2,
  "vachifadza": 2,
  "vachifara": 4,
  "vachifara zvikuru": 3,
  "vachigomera": -2,
  "vachikanganisa": -2,
  "vachikorovhera": -1,
  "vachimanikidzwa": -2,
  "vachimunetsa": -3,
  "vachinyengetera": 1,
  "vachinyunyuta": -2,
  "vachinzvera": -2,
  "vachiombera": 2,
  "vachipemberera": 3,
  "vachipika": -2,
  "vachiramba": -2,
  "vachiratidzwa": 1,
  "vachiridzira": -2,
  "vachirumbidza": 3,
  "vachiseka": 1,
  "vachishungurudza": -2,
  "vachitarisira": 2,
  "vachitopikisa": -2,
  "vachivhiringidza": -2,
  "vachiyemura": 3,
  "vachizvidza": -2,
  "VaDabengwa": -1,
  "vadzinga": -2,
  "vaenzi": -2,
  "vafa": -2,
  "vaiba": -2,
  "vaikurovai": -3,
  "vaimuzvidza": -2,
  "vainyengera": -3,
  "vaipomera": -2,
  "vairatidzira": -2,
  "vairwira": 2,
  "vaisagutsikana": -2,
  "vaishora": -2,
  "vaitambura": -2,
  "vaitozonyepa muvanhu kuti seyi": -3,
  "vaitya": -2,
  "vaizodzinga": -2,
  "vakaba": -2,
  "vakabayiwa": -2,
  "Vakabira vamwe": -3,
  "vakabudirira": 3,
  "vakaburitswa": -2,
  "vakabvuma": 1,
  "vakabvunzwa": -1,
  "vakada": 2,
  "vakadarika": -2,
  "Vakadzikama": 2,
  "vakadzorerwa": 1,
  "vakadzvinyirirwa": -2,
  "vakafanira": 2,
  "vakafara": 4,
  "vakafirwa": -2,
  "vakagoverana": 1,
  "vakagumbuka": -2,
  "vakaipa": -2,
  "vakakakatira": -1,
  "vakakangamwa": -1,
  "vakakonona": -1,
  "vakakundikana": -2,
  "vakakuvadzwa": -2,
  "vakambovhenekerwa": 2,
  "vakanaka": 2,
  "vakanamata": 3,
  "vakanyangadza": -3,
  "vakanyarara": -1,
  "vakanyeperwa": -2,
  "vakanyorerana": 2,
  "vakapa": 2,
  "vakapedzwa": -2,
  "vakapemberera": 3,
  "vakapiwa": 2,
  "vakapona": 2,
  "vakaramba": -2,
  "vakarega": -1,
  "vakarumbidza": 3,
  "Vakarumbidzwa": 2,
  "vakarwa": -3,
  "vakaseka": -2,
  "vakashamiswa": 3,
  "vakashatiriswa": -2,
  "vakasimba": 2,
  "vakasununguka": 1,
  "vakasvibisa": -2,
  "vakasvinuka": 2,
  "vakasvinurira": 3,
  "vakatambudzwa": -4,
  "vakatambura": -2,
  "vakatongerwa": -2,
  "vakatsamwa": -3,
  "vakatsiura": -2,
  "vakatsoropodza": -2,
  "Vakatsunga": 2,
  "vakaurayirwa chigaro": -3,
  "vakaurayiwa": -3,
  "vakavharirwa": -2,
  "vakavhiringidzika": -2,
  "vakavimba": 2,
  "vakawedzera": 1,
  "vakazvipira": 3,
  "vakazvitsaurira": 2,
  "vakundi": 3,
  "Vakurudzirwa": 2,
  "validates": 1,
  "vambomira": -1,
  "vamwe": 1,
  "vamwe mhando": 0,
  "vana veupombwe": -5,
  "Vandimukira": -3,
  "vaneta": -2,
  "vanga": -2,
  "vangosiyiwa": -2,
  "vanobatwa": -3,
  "vanodzvinyirira": -3,
  "vanofara": 3,
  "vanofarira": 2,
  "vanofungidzirwa": -1,
  "vanofurira": -3,
  "vanogomera": -2,
  "vanokakavara": -2,
  "vanokonzera": -2,
  "vanokudzwa": 2,
  "Vanomhanyisa": 2,
  "vanonyengedza": -2,
  "vanonyengera": -3,
  "vanoonga": 2,
  "vanoparadza": -2,
  "Vanopembera": 3,
  "vanopika": -2,
  "vanopomera": -2,
  "vanoremekedzwa": 2,
  "vanorova": -3,
  "vanorwara": -2,
  "vanoshayiwa": -2,
  "vanoshingaira": 2,
  "vanosiririsa": -1,
  "vanotenderwa": 2,
  "vanotsamwisa": -2,
  "vanotya": -2,
  "vanotyisa": -3,
  "vanotyisidzirwa": -2,
  "vanyadziswa": -3,
  "vanyanyisa": 2,
  "vanyanyisi": -2,
  "vanyengedzwa": -3,
  "vanzika": -2,
  "vapanduki": -2,
  "vapid": -2,
  "varaidza": 3,
  "varambe vachifara": 3,
  "varanda": -3,
  "varangwe": -2,
  "varombo": -2,
  "varovi": -2,
  "varumbidzwa": 2,
  "vasafare": -2,
  "vasakarurama": -2,
  "vashamisika": 2,
  "vashoma": -2,
  "Vashori": -2,
  "vasina kurongeka": -2,
  "vasingadiwi": -2,
  "vasingakendengi": -3,
  "vasinganzwisisiki": -1,
  "vasingatendi": -1,
  "vasisina tariro": -3,
  "vasiyiwa paakanga": -2,
  "vasungwa": -2,
  "vasununguke": 2,
  "vatongerwa": -2,
  "vatsivi": -2,
  "vatsoropodzi": -2,
  "vavenge": -3,
  "vavengi": -2,
  "vazvidzisa": -2,
  "vekudenga": 4,
  "vemhosva": -2,
  "vendu": -1,
  "venga": -3,
  "venhema": -1,
  "vepamu": 2,
  "verevedza": -2,
  "vexing": -2,
  "vhaira": -2,
  "vhinza": -1,
  "vhitameni": 1,
  "vhunduka": -3,
  "vhundutsa": -2,
  "victimizes": -3,
  "victimizing": -3,
  "Victor": 3,
  "vimba": 2,
  "vimbisa": 1,
  "virulent": -2,
  "vitriolic": -3,
  "vivacious": 3,
  "vociferous": -1,
  "vokupomera": -2,
  "Volt": -2,
  "Volt vakakwira": -3,
  "vomits": -3,
  "waipedza": -1,
  "wakachema": -2,
  "wakachena": 1,
  "wakada": 3,
  "wakagadzikana": 2,
  "wakaipa": -3,
  "wakajeka": 2,
  "Wakakodzera": 2,
  "wakakombama": 1,
  "wakamanikidza": -2,
  "wakanaka": 5,
  "wakapamhama": 1,
  "wakapona": -3,
  "wakarebesa": -2,
  "wakasimba": 2,
  "wakavharirwa": -2,
  "wakazadzwa": 2,
  "walkout": -2,
  "walkouts": -2,
  "wanker": -3,
  "warmed": 2,
  "Washington": 2,
  "watamburira": -2,
  "wazorodzwa": 2,
  "wedzera": 1,
  "wedzeredza": -2,
  "whimsical": 1,
  "winwin": 3,
  "wirirana": 2,
  "woebegone": -2,
  "woeful": -3,
  "womuranda": 2,
  "Won": 3,
  "Woo": 3,
  "woohoo": 3,
  "wooo": 4,
  "woow": 4,
  "woupombwe": -5,
  "Wow": 4,
  "wowow": 4,
  "wowww": 4,
  "wtf": -4,
  "wtff": -4,
  "wtfff": -4,
  "xo": 3,
  "xoxo": 3,
  "xoxoxo": 4,
  "xoxoxoxo": 4,
  "yaAzazeri": -2,
  "yaigamuchirwa": 1,
  "yaikurudzira": 2,
  "yaiva nomutsa": 2,
  "yakabwinyiswa": 2,
  "yakadhirika": -2,
  "yakagomara": -2,
  "yakakanganiswa": -2,
  "yakanakisisa": 3,
  "yakanakisisa damn": 4,
  "yakaora": -3,
  "yakaparadzwa": -2,
  "yakapwanyika": -2,
  "yakarongeka": 2,
  "yakarurama": 2,
  "yakarutsira": -3,
  "yakasimba": 2,
  "yakasimbiswa": 1,
  "yakaturikwa": -1,
  "yakavhiringidzwa": -2,
  "yakavimbika": 2,
  "yakawedzera": -2,
  "yakazonyorwa": -1,
  "yanyadziswa": -2,
  "yaparara": -2,
  "yechiFascist": -2,
  "yeees": 2,
  "yekutapurira": -2,
  "yemura": 3,
  "Yesayenzi": -3,
  "yevaifungidzirwa": -1,
  "yokubatana": 2,
  "yokubiridzira": -2,
  "yokufara": 4,
  "yokukorovhera": -3,
  "yokukwezva": 2,
  "yokusaremekedza": -2,
  "yokutsoropodza.": -2,
  "yokuzvidza": -2,
  "yomufaro mukuru ine": 3,
  "yucky": -2,
  "Yummy": 3,
  "zadzisa": -1,
  "zamu": 1,
  "zara ropa": -3,
  "zenzaira": -2,
  "zeza": -1,
  "zhoweza": -1,
  "ziva": 2,
  "zodzera": -2,
  "zvabatwa": -1,
  "zvahunoita": 2,
  "zvaikanganisa": -2,
  "zvakadzipwa": -2,
  "zvakaipa": -1,
  "zvakaipisisa": -3,
  "zvakajeka": 1,
  "zvakakanganisa": -1,
  "zvakakodzera": 2,
  "zvakakomba": -2,
  "zvakakwana": 3,
  "zvakanaka": 3,
  "zvakanakaachidzidziswa": 2,
  "zvakanakadzakabudirira": 2,
  "zvakanakakwatakagoverwa": 2,
  "zvakanakapfungwa": 2,
  "zvakanakavairwira": 3,
  "zvakanakayakasimbiswa": 2,
  "zvakanakanaka": 2,
  "zvakaoma": -1,
  "zvakapfurikidza": 3,
  "zvakapundutsika": 3,
  "zvakashandiswa": -2,
  "zvakashata": -1,
  "Zvakashatira": -2,
  "zvakashatirisa": -2,
  "zvakasimba": 2,
  "zvakasvota": -2,
  "zvakatimirira": -3,
  "zvakatipoteredzaushamwari": 2,
  "zvakavhiringidza": -2,
  "zvakawanda": 2,
  "Zvakawanwa": 2,
  "zvakunobatsira": -2,
  "zvakunowedzera": 2,
  "zvakwakanakira": 2,
  "zvaparadzwa": -2,
  "zvarisingazivi": 2,
  "zvasvika": 1,
  "zvaunokanganisa": -2,
  "zvavanofarira": 1,
  "zvechihwana": -2,
  "zvechokwadi": 2,
  "zvetsaona": -2,
  "zveutsinye": -3,
  "zvibereko": -2,
  "zvichemo": -2,
  "zvichimisa": -2,
  "Zvidhinha": -1,
  "zvido": 1,
  "zvigare": 2,
  "zvikanganiso": -2,
  "zvikanganiswe": -1,
  "zvikasiyanasiyana": 2,
  "zvikomborero": 3,
  "zvikunde": 1,
  "zvikundikane": -2,
  "zvikunguro": -2,
  "zvikuru": 4,
  "zvine rudo": 3,
  "zvinenge": -3,
  "zvingaitwa": 1,
  "zvingakusembura": -1,
  "zvinhu": 1,
  "zvininipisa": 1,
  "zvinobatsira": 2,
  "zvinobudirira": 3,
  "zvinobvisa": -1,
  "zvinoda": -1,
  "zvinofadza": 3,
  "Zvinoipisisa": -3,
  "zvinoisa": -1,
  "zvinoitwa": 2,
  "zvinokanganisa": -2,
  "zvinokunetsa": -3,
  "zvinokurudzira": 2,
  "Zvinokurudzira": 2,
  "zvinokwaniswa": 2,
  "zvinokwezva": 2,
  "zvinomukira": -1,
  "Zvinondisvota": -3,
  "zvinonyadzisa": -3,
  "Zvinonyaradza": 2,
  "zvinoparadza": -3,
  "zvinopindirana": 2,
  "zvinorwadza": -3,
  "zvinoshamisa": 4,
  "zvinoshatisa": -2,
  "zvinoshungurudza": -2,
  "Zvinosimbisa": 2,
  "zvinosiririsa": -3,
  "zvinosvibisa": -2,
  "zvinotapira": 3,
  "zvinotitambudza": -2,
  "zvinotitsausa": -2,
  "zvinotyisa": -3,
  "zvinouraya": -3,
  "zvinovava": -2,
  "zvinovhiringidza": -2,
  "Zvinovhiringidza": -2,
  "Zvinovhundutsa": 1,
  "zvinowedzerwa": -2,
  "zvinozorodza": 2,
  "zvipikirwa": 1,
  "zvipingamupinyi": -2,
  "zvipusha": -3,
  "zviratidzo": 1,
  "zvirema": -2,
  "zviri pamutemo": 1,
  "zviroto": 1,
  "zvirwere": -2,
  "zvisakafanira": -2,
  "zvishongo": 1,
  "zvisina kufanira": -3,
  "zvisina kuvimbika": -2,
  "zvisina maturo": -1,
  "zvisina musoro": -2,
  "zvisingadzivisiki": 2,
  "zvisingafadzi.": -2,
  "zvisingafungi": -2,
  "zvisingagamuchirwi": -2,
  "zvisingareve chinhu": -2,
  "zvisiri pamutemo": -3,
  "zvisizvo": -2,
  "zvitinakire": -1,
  "zvitsigiso": 2,
  "zvitutumadza": -2,
  "zvivi": -2,
  "zvomoto": -2,
  "zvuva": -1,
  "zvuzvungudza": -2
}