{
  "aktar baxx": -1,
  "faċilità": 2,
  "qtil": -3,
  "raġun": 2,
  "validazzjoni": 1,
  "abbandunata": -2,
  "abbandunati": -2,
  "abbiltajiet": 2,
  "abbord": 1,
  "abbuż": -3,
  "abbużat": -3,
  "abbużi": -3,
  "abbużiv": -3,
  "abhor": -3,
  "abhorred": -3,
  "abhors": -3,
  "abortiti": -1,
  "aborts": -1,
  "absolves": 2,
  "aċċessibbli": 1,
  "aċċettabbli": 2,
  "aċċettati": 1,
  "aċċettazzjoni": 1,
  "aċċidentali": -2,
  "aċċidentalment": -2,
  "Accolade": 2,
  "accomplishes": 2,
  "acrimonious": -3,
  "adattat": 2,
  "adattati": 2,
  "adegwat": 1,
  "admires": 3,
  "admiring": 3,
  "adorable": 3,
  "adorazzjoni": 3,
  "adore": 3,
  "adored": 3,
  "adores": 3,
  "adoring": 3,
  "adoringly": 3,
  "affaxxinanti": 3,
  "affectionateness": 3,
  "affettiva": 3,
  "affettwati": -1,
  "affezzjoni": 3,
  "affidabbiltà": 2,
  "affidabbli": 2,
  "affordabbli": 2,
  "affronted": -1,
  "aficionados": 2,
  "aggravanti": -2,
  "aggravata": -2,
  "aggressivi": -2,
  "aggressività": -2,
  "aggressjoni": -2,
  "agħar": -3,
  "aghast": -2,
  "agog": 2,
  "agonises": -3,
  "agonize": -3,
  "agonized": -3,
  "agonizes": -3,
  "agonizing": -3,
  "aħjar": 3,
  "aħjar kkritikat": 4,
  "aħsel aħdar": -3,
  "akbar": 3,
  "akklamazzjoni": 2,
  "akkomplit": 2,
  "akkuża": -2,
  "akkużat": -2,
  "akkużati": -2,
  "akkużi": -2,
  "aktar intelliġenti": 2,
  "aktar nodfa": 2,
  "aktar sikuri": 2,
  "aktar skur": -2,
  "alarmists": -2,
  "Alas": -1,
  "aljenazzjoni": -2,
  "alla": 1,
  "allarm": -2,
  "allarmanti": -2,
  "allarmat": -2,
  "alleat": 2,
  "allegazzjoni": -2,
  "allegazzjonijiet": -2,
  "allerġika": -2,
  "altruisti": 2,
  "amaze": 2,
  "amazes": 2,
  "ambivalenti": -1,
  "ambizzjuż": 2,
  "amikevoli": 2,
  "ammessi": -1,
  "ammirajt": 3,
  "Amuse": 3,
  "amused": 3,
  "anfira": -2,
  "Angers": -3,
  "anguished": -3,
  "animosity": -2,
  "annoys": -2,
  "ansjetà": -2,
  "antagonista": -2,
  "anti": -1,
  "antiċipazzjoni": 1,
  "anzjuż": -2,
  "apathetic": -3,
  "apatija": -3,
  "apeshit": -3,
  "apocalyptic": -2,
  "apoloġija": -1,
  "apologizes": -1,
  "apologizing": -1,
  "appease": 2,
  "appeased": 2,
  "appeases": 2,
  "appeasing": 2,
  "applauding": 2,
  "applause": 2,
  "appoġġ": 2,
  "Appoġġjati": 1,
  "apprezzament": 2,
  "apprezzat": 2,
  "approvat": 2,
  "approvata": 2,
  "approvazzjoni": 2,
  "aqwa": 4,
  "Ara naqra": 4,
  "ardent": 1,
  "armel": -1,
  "armonija": 2,
  "armonjuż": 2,
  "arrek": -2,
  "arrest": -3,
  "arrestati": -3,
  "arresti": -2,
  "arroganti": -2,
  "arsehole": -4,
  "ashamed": -2,
  "assassini": -2,
  "assenti": -1,
  "assfucking": -4,
  "asshole": -4,
  "assi": 2,
  "assigurat": 1,
  "assigurati": 2,
  "assorbit": 1,
  "astonished": 2,
  "astound": 3,
  "astounded": 3,
  "astounds": 3,
  "atroċi": -3,
  "atrocity": -3,
  "attakk": -1,
  "attakkanti": -2,
  "attakkat": -1,
  "attakki": -1,
  "attirati": 1,
  "attiva": 1,
  "attraenti": 2,
  "attrazzjoni": 2,
  "attrazzjonijiet": 2,
  "audacious": 3,
  "Aura": 1,
  "avenged": -2,
  "avenger": -2,
  "avengers": -2,
  "avenges": -2,
  "Avenging": -2,
  "AVID": 2,
  "avvanzati": 1,
  "avventura": 2,
  "avventuri": 2,
  "avventuruża": 2,
  "avversarju": -1,
  "avvjament": 3,
  "awdaċi": 2,
  "awtoabbuż": -2,
  "Awto deluded": -2,
  "Awto kontradittorja": -2,
  "awtorità": 1,
  "awtur": -2,
  "awturi": -2,
  "axed": -1,
  "bad": -3,
  "badass": -3,
  "badness": -3,
  "bagħal": -5,
  "bamboozle": -2,
  "bamboozled": -2,
  "bamboozles": -2,
  "banish": -1,
  "bankster": -3,
  "baqgħu": -2,
  "baqgħu ħajjin": 2,
  "barbari": -2,
  "barbarian": -2,
  "bargain": 2,
  "barka": 3,
  "barriera": -2,
  "bastards": -5,
  "battalja": -1,
  "battalji": -1,
  "battled": -1,
  "battling": -2,
  "batut": -2,
  "bbenefikaw": 2,
  "bbojkottja": -2,
  "beatific": 3,
  "beauties": 3,
  "beautifully": 3,
  "befit": 2,
  "befitting": 2,
  "belittle": -2,
  "belittled": -2,
  "benefattur": 2,
  "benefatturi": 2,
  "benefiċċji": 2,
  "benefiċċju": 2,
  "benesseri": 2,
  "benevolenti": 3,
  "bereave": -2,
  "bereaved": -2,
  "bereaves": -2,
  "bereaving": -2,
  "betray": -3,
  "betrays": -3,
  "beżgħana": -2,
  "bħal": 2,
  "biki": -2,
  "bilanċjat": 1,
  "birreqqa": 2,
  "bittama": 2,
  "bitterest": -2,
  "bitterly": -2,
  "biża": 4,
  "biżżejjed": -2,
  "bla dar": -2,
  "bla difetti": 2,
  "Bla heda": 2,
  "bla nkwiet ta xejn": 1,
  "bla sens": -2,
  "bla snien": -2,
  "bla tama": -2,
  "bla waqfien": 2,
  "blackmailed": -3,
  "blackmails": -3,
  "blah": -2,
  "blames": -2,
  "bless": 2,
  "blesses": 2,
  "bliss": 3,
  "blissful": 3,
  "blithe": 2,
  "Blockbuster": 3,
  "blokk": -1,
  "blokki": -1,
  "blurry": -2,
  "boastful": -2,
  "bojkott": -2,
  "bojkotts": -2,
  "boldly": 2,
  "bomba": -1,
  "Bongu": 1,
  "bored": -2,
  "boring": -3,
  "bothered": -2,
  "bothers": -2,
  "brainwashing": -3,
  "brave": 2,
  "braveness": 2,
  "bravura": 3,
  "breakthrough": 3,
  "bribed": -3,
  "brillanti": 4,
  "brilliance": 3,
  "brilliances": 3,
  "brooding": -2,
  "brutali": -3,
  "brutalment": -3,
  "bugħawwieġ": -1,
  "buli": -2,
  "bullshit": -4,
  "bullying": -2,
  "Bummer": -2,
  "ċaħda": -2,
  "ċaħdiet": -2,
  "ċajt": 2,
  "calmed": 2,
  "calms": 2,
  "ċampjins": 2,
  "ċanfira": -2,
  "ċans": 2,
  "ċansijiet": 2,
  "captivated": 3,
  "ċara": 1,
  "carefulness": 2,
  "cares": 2,
  "ċarezza": 2,
  "cashing": -2,
  "ċċelebrat": 3,
  "ċelebrazzjoni": 3,
  "ċelebrazzjonijiet": 3,
  "censors": -2,
  "ċensurati": -2,
  "ċert": -1,
  "ċerti": 1,
  "chagrin": -2,
  "chagrined": -2,
  "champion": 2,
  "charisma": 2,
  "CHARM": 3,
  "charming": 3,
  "charmingly": 3,
  "charmless": -3,
  "chastise": -3,
  "chastised": -3,
  "chastises": -3,
  "chastising": -3,
  "cheater": -3,
  "cheats": -3,
  "cheer": 2,
  "cheered": 2,
  "cheerfully": 2,
  "cheering": 2,
  "cheerless": -2,
  "Cheers": 2,
  "cheery": 3,
  "cherishing": 2,
  "CHIC": 2,
  "chide": -3,
  "chided": -3,
  "chides": -3,
  "chiding": -3,
  "childish": -2,
  "ċifra inkredibbli": 3,
  "ċikatriċi": -2,
  "ċinika": -2,
  "ċitazzjoni": -2,
  "classy": 3,
  "clouded": -1,
  "clueless": -2,
  "cocksucker": -5,
  "cocksuckers": -5,
  "cocky": -2,
  "collides": -1,
  "comforting": 2,
  "comforts": 2,
  "conciliated": 2,
  "conciliates": 2,
  "conflictive": -2,
  "congrats": 2,
  "congratulation": 2,
  "congratulations": 2,
  "consolable": 2,
  "contagions": -2,
  "contemptible": -2,
  "contemptuously": -2,
  "convinces": 1,
  "cornered": -2,
  "correspondiente": 2,
  "corrupting": -3,
  "corrupts": -3,
  "courageousness": 2,
  "coverup": -3,
  "coward": -2,
  "ċowk": -2,
  "coziness": 2,
  "crappy": -3,
  "crazier": -2,
  "craziest": -2,
  "crazy": -2,
  "crestfallen": -2,
  "cried": -2,
  "cries": -2,
  "criminate": -3,
  "criminated": -3,
  "criminates": -3,
  "critique": -2,
  "crushes": -1,
  "cry": -1,
  "cunning": 2,
  "cunt": -5,
  "cutback": -2,
  "cutbacks": -2,
  "cynic": -2,
  "cynicism": -2,
  "daħka": 2,
  "Damned": -4,
  "danni": -3,
  "daqqa": -2,
  "daqqiet": -2,
  "darba inaħajja": 3,
  "Daredevil": 2,
  "dauntless": 2,
  "ddestinat": -2,
  "ddisprata": -3,
  "ddubitat": -1,
  "deadening": -2,
  "deafening": -1,
  "dearly": 3,
  "debonair": 2,
  "dedikat": 2,
  "dedikazzjoni": 2,
  "defeated": -2,
  "Defiant": -1,
  "defiċit": -2,
  "defiċjenti": -2,
  "defiċjenza": -2,
  "deformat": -2,
  "deformità": -2,
  "deformitajiet": -2,
  "defrauds": -3,
  "deft": 2,
  "defunct": -2,
  "degradat": -2,
  "deheb": 2,
  "dehumanize": -2,
  "dehumanized": -2,
  "dehumanizes": -2,
  "dehumanizing": -2,
  "deject": -2,
  "dejected": -2,
  "dejecting": -2,
  "dejects": -2,
  "dejn": -2,
  "delectable": 3,
  "Delicious": 3,
  "delight": 3,
  "delightful": 3,
  "delighting": 3,
  "Delights": 3,
  "delitti": -3,
  "demoralize": -2,
  "demoralized": -2,
  "demoralizes": -2,
  "demoralizzanti": -2,
  "deni": -2,
  "denier": -2,
  "deniers": -2,
  "denja": 2,
  "denti": -2,
  "deportati": -2,
  "deportazzjoni": -2,
  "deportazzjonijiet": -2,
  "deports": -2,
  "depressi": -2,
  "deprimenti": -2,
  "derail": -2,
  "derails": -2,
  "deride": -2,
  "derided": -2,
  "derides": -2,
  "deriding": -2,
  "derision": -2,
  "despairing": -3,
  "despairs": -3,
  "despondent": -3,
  "detached": -1,
  "detenuti": -2,
  "detenzjoni": -2,
  "determinanti": 1,
  "determinati": 2,
  "deterrenti": -2,
  "devastanti": -2,
  "devastate": -2,
  "devastations": -2,
  "devastazzjoni": -2,
  "devotional": 2,
  "devozzjoni": 2,
  "dewmien": -1,
  "dgħajfa": -2,
  "dgħjufija": -2,
  "dhur": 1,
  "Dick": -4,
  "dickhead": -4,
  "die": -3,
  "dieqa": -3,
  "difensur": 2,
  "difensuri": 2,
  "difett": -2,
  "difetti": -2,
  "difettuż": -3,
  "diffiċli": -1,
  "diffident": -2,
  "difiża": -2,
  "dikjarazzjoni żejda": -2,
  "dikjarazzjonijiet żejda": -2,
  "dilemma": -1,
  "dilligence": 2,
  "dimenzja": -3,
  "dimostranti": -2,
  "dimostrazzjoni": -1,
  "dinjità": 2,
  "dipendenti": 2,
  "dipshit": -3,
  "diqa": -2,
  "dire": -3,
  "direful": -3,
  "direzzjoni ttajba": 3,
  "dirtier": -2,
  "dirtiest": -2,
  "disapprovals": -2,
  "disbelieve": -2,
  "disconsolate": -2,
  "disconsolation": -2,
  "discontented": -2,
  "disfunzjoni": -2,
  "disgrace": -2,
  "disgraced": -2,
  "disgust": -3,
  "disgusted": -3,
  "disgustful": -3,
  "disgusting": -3,
  "disheartened": -2,
  "disinclined": -2,
  "diskriminanti": -2,
  "diskriminati": -2,
  "diskriminatorji": -2,
  "dislike": -2,
  "dislikes": -2,
  "disoriented": -2,
  "disparaged": -2,
  "disparaging": -2,
  "disperazzjoni": -2,
  "dispjaċir": -2,
  "displeased": -2,
  "displeasure": -2,
  "disprament": -3,
  "disprezz": -2,
  "disrespected": -2,
  "distasteful": -2,
  "distinti": 2,
  "distorsjoni": -2,
  "distorta": -2,
  "distracted": -2,
  "distracts": -2,
  "distrazzjoni": -2,
  "distresses": -2,
  "distrustful": -3,
  "distruttivi": -3,
  "disturb": -2,
  "disturbat": -2,
  "Disturbi": -2,
  "dithering": -2,
  "divertenti": 2,
  "divertiment": 3,
  "dixxerniment": 2,
  "diżabilità": -2,
  "diżabilitajiet": -2,
  "diżapprovazzjoni": -2,
  "diżappunt": -2,
  "diżappuntanti": -2,
  "diżappuntat": -2,
  "diżappunti": -2,
  "diżastri": -2,
  "diżastru": -2,
  "diżastruż": -3,
  "diżastruża": -2,
  "diżgrazzja": -2,
  "diżgustanti": -3,
  "diżillużi": -2,
  "diżonest": -2,
  "diżorganizzata": -2,
  "diżrispett": -2,
  "djamant": 1,
  "dlam": -1,
  "dnub": -2,
  "dnubiet": -2,
  "dodging": -2,
  "dodgy": -2,
  "dolorous": -2,
  "domanda": -1,
  "donat": 2,
  "donates": 2,
  "donazzjoni": 2,
  "dont simili": -2,
  "doom": -2,
  "douche": -3,
  "douchebag": -3,
  "dour": -2,
  "downcast": -2,
  "downer": -2,
  "downhearted": -2,
  "drag": -1,
  "drags": -1,
  "dread": -2,
  "dreaded": -2,
  "dreading": -2,
  "dreary": -2,
  "dritti": 1,
  "droopy": -2,
  "drown": -2,
  "drowns": -2,
  "drudgery": -2,
  "dubji": -1,
  "dubju": -1,
  "dubjuż": -1,
  "dubjuża": -2,
  "dubjużi": -2,
  "Dud": -2,
  "dump": -1,
  "dupe": -2,
  "dupery": -2,
  "durabbli": 2,
  "dwejjaq": -2,
  "ebda": -1,
  "ebda gost": -3,
  "eċċellenti": 3,
  "eċċellenza": 3,
  "eċċitament": 3,
  "eċċitanti": 3,
  "eċċitati": 3,
  "eċitati": 3,
  "ecstatic": 4,
  "edukat": 2,
  "eerie": -2,
  "eery": -2,
  "effett sekondarju": -2,
  "effetti sekondarji": -2,
  "effettiv": 2,
  "effettività": 2,
  "egoist": -3,
  "egoiżmu": -3,
  "elated": 3,
  "elation": 3,
  "eleganti": 2,
  "elegantly": 2,
  "embarras": -2,
  "embarrassed": -2,
  "embarrasses": -2,
  "embittered": -2,
  "emerġenza": -2,
  "empathetic": 2,
  "empowerment": 2,
  "Enchanted": 2,
  "endorsjar": 2,
  "enerġetika": 2,
  "enfasizzat": -2,
  "engrossed": 1,
  "engrossing": 3,
  "ennui": -2,
  "enormi": 1,
  "enrage": -2,
  "enraged": -2,
  "enrages": -2,
  "enraging": -2,
  "enrapture": 3,
  "enslave": -2,
  "enslaved": -2,
  "enslaves": -2,
  "enthrall": 3,
  "entużjasti": 3,
  "envies": -1,
  "envious": -2,
  "envying": -1,
  "eroj": 2,
  "ErrorUndefined": 2,
  "ErrorWithTranslation": 3,
  "esaġerata": -2,
  "esklussiva": 2,
  "esklużi": -2,
  "esklużjoni": -1,
  "esplorazzjoni": 1,
  "esplorazzjonijiet": 1,
  "esposti": -1,
  "esteem": 2,
  "estremisti": -2,
  "etika": 2,
  "étonné": 2,
  "evacuates": -1,
  "evakwati": -1,
  "evakwazzjoni": -1,
  "Evergreen": 2,
  "evergreening": -3,
  "evergreens": 2,
  "evitat": -1,
  "evitati": -1,
  "Evviva": 5,
  "ewforija": 3,
  "ewforika": 4,
  "exasparate": -2,
  "exasperated": -2,
  "exasperates": -2,
  "exasperating": -2,
  "excruciatingly": -1,
  "exhilarated": 3,
  "exhilarates": 3,
  "exhilarating": 3,
  "expertly": 2,
  "exquisite": 3,
  "exultant": 3,
  "exultantly": 3,
  "eżawriti": -2,
  "eżenti": -1,
  "eżiġenti": -1,
  "eżonerat": 2,
  "eżuberanti": 4,
  "fabulous": 4,
  "fabulously": 4,
  "faċilità": 2,
  "faċli": 1,
  "fad": -2,
  "fag": -3,
  "faggot": -3,
  "faħħar": 3,
  "fainthearted": 2,
  "faker": -2
}