{
  "a bordo": 1,
  "a comemorar": 3,
  "abafou": -1,
  "abandonado": -2,
  "abandono": -2,
  "abandonos": -2,
  "abatido": -2,
  "abdução": -2,
  "abençoa": 2,
  "abençoar": 2,
  "aberração": -2,
  "abomina": -3,
  "abominar": -3,
  "abominou": -3,
  "aborrecedor": -3,
  "aborrecido": -2,
  "aborrecimento": -2,
  "aborta": -1,
  "abortado": -1,
  "abraço": 2,
  "abraços": 2,
  "absentista": -1,
  "absolve": 2,
  "absolvendo": 2,
  "absolver": 2,
  "absolvido": 2,
  "absolvidos": 2,
  "absortos": 1,
  "absorvido": 1,
  "absurdo": -2,
  "abusado": -3,
  "abusando": -3,
  "abusivo": -3,
  "abuso": -2,
  "Abuso": -3,
  "abusos": -3,
  "acalentando": 2,
  "acalentar": 2,
  "acalmada": 3,
  "acalmado": 2,
  "acalmar": 3,
  "ação judicial": -2,
  "aceita": 1,
  "aceitação": 1,
  "aceitando": 1,
  "aceitar": 1,
  "aceitaram": 1,
  "aceitável": 1,
  "acendimento": -2,
  "acessível": 2,
  "acidental": -2,
  "acidentalmente": -2,
  "acidente": -2,
  "acidentes": -2,
  "aclamação": 2,
  "aclamado": 2,
  "ações": 1,
  "ações judiciais": -2,
  "aconselhável": 1,
  "acordo": 1,
  "acrimonioso": -3,
  "acumularse": -1,
  "acusa": -2,
  "acusação": -1,
  "acusações": -2,
  "acusado": -2,
  "acusador": -2,
  "acusar": -2,
  "adequadamente": 2,
  "adequado": 2,
  "Adia": -1,
  "adiado": -1,
  "adiamento": -1,
  "adiar": -1,
  "admira": 3,
  "admiração": 3,
  "admirado": 3,
  "admirar": 3,
  "admite": -1,
  "Admitem": -1,
  "admitido": -1,
  "admoestado": -2,
  "admoestar": -2,
  "adoração": 3,
  "adorado": 3,
  "adorador": 3,
  "adorar": 3,
  "adorável": 3,
  "adores": 3,
  "adota": 1,
  "adotar": 1,
  "adversário": -1,
  "adverte": -2,
  "advertir": -2,
  "afabilidade": 2,
  "afável": 2,
  "afeição": 3,
  "afeiçoado": 2,
  "afetado": -1,
  "afetividade": 3,
  "afetuoso": 3,
  "afiado": 1,
  "aficionados": 2,
  "aflição": -2,
  "aflitivo": -2,
  "aflito": -1,
  "afobado": -2,
  "afoga": -2,
  "afogado": -2,
  "afogar": -2,
  "afortunado": 2,
  "afrontada": -1,
  "aglomeração": -1,
  "agoniza": -3,
  "agonizado": -3,
  "agonizante": -3,
  "agonizar": -3,
  "agradável": 3,
  "agrava": -2,
  "agravado": -2,
  "agravante": -2,
  "agravar": -2,
  "agressão": -2,
  "agressividade": -2,
  "agressivo": -1,
  "agressões": -2,
  "Aguarda": -1,
  "aguardado": -1,
  "aguardam": -1,
  "agudo": 2,
  "ai": -1,
  "ajuda": 2,
  "alarmado": -2,
  "alarme": -2,
  "alarmista": -2,
  "alarmistas": -2,
  "alcançado": 1,
  "alcançando": 1,
  "alcance": 1,
  "alcances": 1,
  "alegação": -2,
  "alegações": -2,
  "alegrar": 4,
  "alegre": 3,
  "alegremente": 3,
  "alegria": 4,
  "Aleluia": 3,
  "alérgico": -2,
  "alerta": -1,
  "aleta": -2,
  "algum tipo": 0,
  "aliado": 2,
  "alienação": -2,
  "aliviado": 2,
  "aliviando": 2,
  "aliviar": 1,
  "altruísta": 2,
  "alucinantes": 3,
  "Amado": 3,
  "amar": 3,
  "amarga": -2,
  "amargamente": -2,
  "amargo": -2,
  "amargurado": -2,
  "ambicioso": 2,
  "ambiente amigável": 2,
  "ambivalente": -1,
  "ameaça": -2,
  "ameaçado": -2,
  "ameaçador": 3,
  "ameaçados": -2,
  "ameaçar": -2,
  "ameaças": -2,
  "amigáveis": 2,
  "amigável": 2,
  "amigos": 1,
  "amizade": 2,
  "amordaçado": -2,
  "amoroso": 2,
  "amortecimento": -2,
  "ampliar": 1,
  "Amuado": -2,
  "analfabetismo": -2,
  "angariar": -2,
  "Angers": -3,
  "angústia": -3,
  "angustiada": -3,
  "angustiado": -2,
  "angústias": -2,
  "animado": 3,
  "ânimo": 2,
  "animosidade": -2,
  "ânsia": 1,
  "ansiedade": -2,
  "ansioso": 2,
  "antagônico": -2,
  "antecipação": 1,
  "anti": -1,
  "anticientífico": -2,
  "Antiético": -2,
  "antiparlamentar": -2,
  "antipatia": -2,
  "antipático": -2,
  "apaixonado": 2,
  "apatia": -3,
  "apático": -3,
  "apavorante": -2,
  "apaziguado": 2,
  "apaziguar": 2,
  "aperfeiçoa": 2,
  "aperfeiçoado": 2,
  "apeshit": -3,
  "aplaca": 2,
  "aplaude": 2,
  "aplaudido": 2,
  "aplaudindo": 2,
  "aplaudir": 2,
  "aplaudiu": 2,
  "aplauso": 2,
  "apocalíptico": -2,
  "Apoia": 2,
  "Apoiado": 1,
  "apoiantes": 1,
  "apoio": 2,
  "aprecia": 2,
  "apreciação": 2,
  "apreciado": 2,
  "apreciando": 2,
  "apreciar": 2,
  "apreensão": -2,
  "apreensivo": -2,
  "apregoados": -2,
  "apropriado": 2,
  "aprova": 2,
  "aprovação": 2,
  "aprovado": 2,
  "aproveitador": -2,
  "apuradas": 1,
  "ardente": 2,
  "argumentando": -1,
  "armadilha": -1,
  "armadilhas": -1,
  "arrasta": -1,
  "arrastada": -1,
  "arrastar": -1,
  "arrebatador": 4,
  "arrebatados": 2,
  "arrebatar": 3,
  "arrebitado": -2,
  "arrepender": -2,
  "arrependimentos": -2,
  "arrepiante": -1,
  "arriscado": -2,
  "arrogante": -2,
  "arruaceiros": -2,
  "arruinado": -2,
  "arruinando": -2,
  "arsehole": -4,
  "asfixiante": -2,
  "asno": -4,
  "áspero": -2,
  "assaltante": -2,
  "assalto": -2,
  "assaltos": -2,
  "assassinado": -3,
  "assassinato": -2,
  "assassinatos": -2,
  "assassino": -2,
  "assediado": -3,
  "assediando": -3,
  "assedie": -3,
  "assédio": -3,
  "assédio moral": -2,
  "assegurando": 1,
  "assentamento": 1,
  "assentamentos": 1,
  "assfucking": -4,
  "assomava": -1,
  "assombrações": -1,
  "assombrada": -2,
  "assombrando": 1,
  "assombro": -1,
  "assuntos": 1,
  "assustada": -2,
  "assustado": -2,
  "assustador": -2,
  "atacado": -1,
  "atacante": -1,
  "ataque": -1,
  "ataque de nervos": -3,
  "ataques": -1,
  "Atenção": -3,
  "Atenciosamente": 2,
  "aterroriza": -3,
  "aterrorizado": -3,
  "aterrorizar": -3,
  "aterrorizou": -3,
  "atirar": -1,
  "ativo": 1,
  "ativos": 2,
  "atônito": 2,
  "atordoado": -2,
  "atormentou": -3,
  "atração": 2,
  "atrações": 2,
  "atractividade": 2,
  "atraente": 2,
  "atrai": 1,
  "atraído": 1,
  "atraindo": 2,
  "atrasado": -1,
  "atraso": -1,
  "atrativamente": 2,
  "atrocidade": -3,
  "atroz": -3,
  "audaciosamente": 2,
  "audacioso": 3,
  "aumenta": 1,
  "aumentar": 1,
  "aumentou": 1,
  "aura": 1,
  "ausência de": -2,
  "ausentes": -1,
  "autoabuso": -2,
  "autoiludidos": -2,
  "autoconfiante": 2,
  "autor": -2,
  "autoridade": 1,
  "autorizar": 2,
  "avançado": 1,
  "avanço": 3,
  "aventura": 2,
  "aventuras": 2,
  "aventureiro": 2,
  "averts": -1,
  "ávido": 2,
  "avisos": -3,
  "avisou": -2,
  "babaca": -3,
  "backs": 1,
  "bagunça": -2,
  "baixo desempenho": -2,
  "Bamboozles": -2,
  "banal": -2,
  "banido": -2,
  "banimento": -2,
  "banir": -1,
  "bankster": -3,
  "bárbaro": -2,
  "barganha": 2,
  "barras": -2,
  "barreira": -2,
  "barulhento": -1,
  "bastardos": -5,
  "batalha": -1,
  "batalhando": -2,
  "batalhas": -1,
  "batalhou": -1,
  "batida": -2,
  "beatífico": 3,
  "bêbado": -2,
  "beijo": 2,
  "beleza": 3,
  "belezas": 3,
  "bem": 2,
  "bemestar": 2,
  "bem defendido": 3,
  "bem desenvolvido": 2,
  "bem estabelecido": 2,
  "bem focada": 2,
  "bem proporcionado": 2,
  "bem sucedido": 3,
  "bem vinda": 2,
  "bênção": 3,
  "bênçãos": 3,
  "beneficiado": 2,
  "beneficiando": 2,
  "beneficiar": 2,
  "benefícios": 2,
  "benevolente": 3,
  "benfeitor": 2,
  "benfeitores": 2,
  "bereaves": -2,
  "bereaving": -2,
  "Best Damn": 4,
  "besteira": -4,
  "bicha": -3,
  "bichas": -3,
  "bizarro": -2,
  "blah": -2,
  "blocos": -1,
  "bloqueado": -1,
  "bloqueando": -1,
  "bloqueio": -2,
  "Boa": 3,
  "boa aparência": 3,
  "boa vontade": 3,
  "boasvindas": 2,
  "boato": -2,
  "boba": -1,
  "bobinas": -2,
  "bode expiatório": -2,
  "bodes expiatórios": -2,
  "boicotando": -2,
  "boicotaram": -2,
  "boicote": -2,
  "boicotes": -2,
  "bom": 3,
  "bom Dia": 1,
  "bom pra caralho": 4,
  "bomba": -1,
  "bondade": 3,
  "bonita": 3,
  "bonito": 3,
  "borrada": -2,
  "borrão": -2,
  "bravo": 2,
  "bravura": 3,
  "brilhante": 4,
  "brilho": 3,
  "brilhos": 3,
  "brilliances": 3,
  "brincalhão": 2,
  "brutal": -3,
  "brutalmente": -3,
  "bruto": -1,
  "bunda": -4,
  "burla": -3,
  "burro": -3,
  "caber": 1,
  "cabisbaixo": -2,
  "cadáver": -1,
  "cadela": -5,
  "cadelas": -5,
  "caduco": -1,
  "cagado": -3,
  "cãibra": -1,
  "caído": -2,
  "caindo": -1,
  "cal": -3,
  "calmante": 3,
  "calmarias": 2,
  "calmo": 2,
  "calor": 2,
  "caloroso": 1,
  "calunioso": -2,
  "campeão": 2,
  "campeões": 2,
  "cancela": -1,
  "cancelado": -1,
  "cancelando": -1,
  "cancelar": -1,
  "Câncer": -1,
  "cansaço": -3,
  "cansado": -2,
  "cantarolar": -2,
  "caos": -2,
  "caótico": -2,
  "capacidade": 1,
  "capacidades": 1,
  "capaz": 1,
  "caprichoso": 1,
  "caralho": 4,
  "carefulness": 2,
  "carente": -2,
  "caricatura": -2,
  "caridoso": 2,
  "carinho": 2,
  "carisma": 2,
  "caro": 3,
  "carrancudo": -1,
  "carregada": -3,
  "castigar": -3,
  "castigou": -3,
  "catástrofe": -3,
  "catastrófico": -4,
  "cativado": 3,
  "cativante": 3,
  "cauteloso": -1,
  "cego": -1,
  "celebração": 3,
  "celebrações": 3,
  "célebre": 3,
  "celestial": 4,
  "censores": -2,
  "censurado": -2,
  "censurar": -2,
  "cépticos": -2,
  "certo": 1,
  "ceticismo": -2,
  "cético": -2,
  "céu": 2,
  "chagrined": -2,
  "chance": 2,
  "chances": 2,
  "chantageado": -3,
  "chantageando": -3,
  "chantagem": -3,
  "chantagens": -3,
  "charme": 3,
  "charmless": -3,
  "chastises": -3,
  "chateado": -2,
  "chato": -3,
  "chided": -3,
  "chides": -3,
  "chique": 2,
  "chocado": -2,
  "chocante": -2,
  "choque": -2,
  "choques": -2,
  "chorando": -2,
  "chorar": -1,
  "choro": -2,
  "chorou": -2,
  "chuvoso": -1,
  "cicatriz": -2,
  "cicatrizes": -2,
  "cínico": -2,
  "cinismo": -2,
  "cinzento": -1,
  "ciúmes": -2,
  "clamor": -2,
  "claramente": 1,
  "clareza": 2,
  "Claro": 1,
  "classificar erroneamente": -2,
  "classy": 3,
  "clemente": 1,
  "coagido": -2,
  "cobranças": -2,
  "cobrir": -3,
  "cocksucker": -5,
  "cocksuckers": -5,
  "coerção": -2,
  "coisa que cheira mal": -2,
  "coisas legais": 3,
  "colapso": -2,
  "colapsos": -2,
  "colérico": -3,
  "colide": -1,
  "colidindo": -1,
  "colidir": -1,
  "colisão": -2,
  "colisões": -2,
  "com ciumes": -2,
  "com nojo": -3,
  "com saudades de casa": -2,
  "com segurança": 2,
  "com sucesso": 3,
  "combate": -1,
  "combates": -1,
  "comédia": 1,
  "Comemora": 3,
  "comemoro": 3,
  "cometer": 1,
  "cómico": 2,
  "comissão": -3,
  "compaixão": 2,
  "compartilhado": 1,
  "compartilhar": 1,
  "compassivo": 2,
  "compelido": 1,
  "competências": 1,
  "competente": 2,
  "competitivo": 2,
  "complacente": -2,
  "complementados": 2,
  "complicando": -2,
  "comportado mal": -2,
  "comportamentos abusivos": -2,
  "compreensivo": 2,
  "compromete": 1,
  "comprometendo": 1,
  "comprometido": 1,
  "compromisso": 2,
  "cona": -5,
  "conceder": 1,
  "concedido": 1,
  "concessão": 1,
  "concha": 3,
  "concilia": 2,
  "conciliados": 2,
  "conciliando": 2,
  "conciliar": 2,
  "concorda": 1,
  "concordar": 1,
  "concordou": 1,
  "Condena": -2,
  "condenação": -2,
  "condenado": -2,
  "condenar": -2,
  "condizente": 2,
  "conduzindo": 2,
  "confiabilidade": 2,
  "confiada": 2,
  "confiança": 2,
  "confiante": 2,
  "Confiar em": 1,
  "confiável": 2,
  "conflito": -2,
  "conflitos": -2,
  "conflituosa": -2,
  "confortável": 2,
  "confortavelmente": 2,
  "conforto": 2,
  "confortos": 2,
  "confundir": -2,
  "confuso": -2,
  "congratulase": 2,
  "consentimento": 2,
  "consentimentos": 2,
  "consolável": 2,
  "conspiração": -3,
  "conspirando": -3,
  "consternado": -2,
  "constipação": -2,
  "constrangido": -2,
  "contágio": -2,
  "contagions": -2,
  "contagioso": -1,
  "contamina": -2,
  "contaminação": -2,
  "contaminações": -2,
  "contaminado": -2,
  "contaminando": -2,
  "contaminante": -2,
  "contaminantes": -2,
  "contaminar": -2,
  "contencioso": -2,
  "contender": -1,
  "contendor": -1,
  "contestando": -2,
  "contestável": -2,
  "contrabandeado": -2,
  "contrabandear": -2,
  "contrabandeia": -2,
  "contrabando": -2,
  "contraditório": -2,
  "controversamente": -2,
  "controvérsia": -2,
  "controvérsias": -2,
  "controverso": -2,
  "convence": 1,
  "convencer": 1,
  "convencido": 1,
  "convidativo": 1,
  "convir": 2,
  "convite": 1,
  "coração pesado": -2,
  "coragem": 2,
  "corajosamente": 2,
  "corajoso": 2,
  "corrompe": -3,
  "corrupção": -3,
  "corrupto": -3,
  "corruptora": -3,
  "cortados": -2,
  "cortante": -2,
  "cortar": -1,
  "corte": -1,
  "cortejar": 3,
  "cortes": -1,
  "cortês": 2,
  "cortesia": 2,
  "courageousness": 2,
  "couros": -1,
  "covarde": -2,
  "covardemente": -2,
  "coxo": -2,
  "crazier": -2,
  "creditado": -1,
  "credulidade": -2,
  "crédulo": -2,
  "crescimento": 2,
  "crescimentos": 2,
  "criativo": 2,
  "crime": -3,
  "crimes": -3,
  "criminal": -3,
  "criminated": -3,
  "criminates": -3,
  "criminosos": -3,
  "crise": -3,
  "critica": -2,
  "crítica": -2,
  "criticada": -2,
  "criticar": -2,
  "crítico": -2,
  "críticos": -2,
  "cruel": -3,
  "crueldade": -3,
  "Cuidado": 2,
  "cuidados": 2,
  "cuidadosamente": 2,
  "Cuidando": 2,
  "culpa": -2,
  "culpado": -3,
  "culpando": -2,
  "culpou": -2,
  "cumprimenta": 1,
  "cumprimentar": 1,
  "cumprimento": 2,
  "cumprimentos": 2,
  "cumprimentou": 1,
  "curioso": 2,
  "dádiva": 4,
  "danificar": -3,
  "danos": -3,
  "de ativos": 2,
  "de baixa qualidade": -3,
  "de infarto": -2,
  "de tirar o fôlego": 5,
  "debandada": -2,
  "débil": -2,
  "debilitado": -2,
  "decepção": -3,
  "decepciona": -2,
  "decepcionante": -2,
  "decepções": -2,
  "decidir": -1,
  "decisivo": 1,
  "dedicação": 2,
  "dedicado": 2,
  "defasada": -2,
  "defasagens": -2,
  "defeito": -3,
  "defeitos": -3,
  "defeituoso": -3,
  "defendida": 2,
  "defensor": 2,
  "defensores": 2,
  "deferimento": -1,
  "deficiência": -2,
  "deficiências": -2,
  "deficiente": -2,
  "déficit": -2,
  "deformado": -2,
  "deformidade": -2,
  "deformidades": -2,
  "defrauda": -3,
  "defraudar": -3,
  "defunto": -2,
  "degrada": -2,
  "degradante": -2,
  "degradar": -2,
  "dejecting": -2,
  "dejetos": -2,
  "Deleitado": 3,
  "deleitável": 3,
  "deliciando": 3,
  "delícias": 3,
  "deliciosamente": 3,
  "delicioso": 3,
  "demandas": -1,
  "demitido": -2,
  "demitirse": -1,
  "demonstração": -1,
  "demora": -1,
  "denegrir": -2,
  "denier": -2,
  "dente": -2,
  "denuncia": -2,
  "denunciar": -2,
  "deplora": -3,
  "deplorando": -3,
  "deplorar": -3,
  "deplorou": -3,
  "deporta": -2,
  "deportação": -2,
  "deportações": -2,
  "deportado": -2,
  "deportando": -2,
  "deportar": -2,
  "depreciar": -1,
  "depreciativo": -2,
  "deprecie": -2,
  "deprimente": -2,
  "deprimido": -2,
  "deprimir": -2,
  "derides": -2,
  "Deriding": -2,
  "derrota": -2,
  "derrotado": -2,
  "desabou": -2,
  "desacordo": -2,
  "desacreditado": -2,
  "desafiador": -1,
  "desafio": -1,
  "desagradável": -2,
  "desajeitado": -2,
  "desamparado": -2,
  "desanimado": -3,
  "desaparece": -1,
  "desaparecer": -1,
  "desaparecido": -1,
  "desapontado": -2,
  "desapontamento": -2,
  "desaprova": -2,
  "desaprovação": -2,
  "desaprovado": -2,
  "desaprovar": -2,
  "desarticulado": -2,
  "desastre": -2,
  "desastres": -2,
  "desastroso": -3,
  "descarrila": -2,
  "descarrilhar": -2,
  "descarrilou": -2,
  "descartado": -1,
  "descartar": -1,
  "descarte": -1,
  "descolados": 2,
  "desconfiado": -2,
  "desconfiança": -3,
  "desconfortável": -2,
  "desconforto": -2,
  "desconsideração": -2,
  "desconsiderados": -2,
  "desconsiderando": -2,
  "desconsolado": -2,
  "desconsolo": -2,
  "descontado": -1,
  "descontentamento": -2,
  "descontente": -2,
  "Descontente": -2,
  "descontraído": 2,
  "descrente": -1,
  "descrer": -2,
  "descuidado": -2,
  "desculpa": -1,
  "desculpando": -1,
  "desdém": -2,
  "desdenhosamente": -2,
  "desdenhoso": -2,
  "desdentado": -2,
  "desejado": 2,
  "desejando": 1,
  "desejável": 2,
  "desejo": 1,
  "desejos": 1,
  "desejoso": 2,
  "desempregado": -1,
  "desemprego": -2,
  "desencorajado": -2,
  "desenredar": 1,
  "desenvolto": 2,
  "desesperada": -3,
  "desesperadamente": -3,
  "desesperado": -3,
  "desespero": -2,
  "desesperos": -3,
  "desfalque": -3,
  "desfavorável": -2,
  "desfavorecidos": -2,
  "desfocado": -2,
  "desfrutado": 2,
  "desgosto": -2,
  "desgostos": -2,
  "desgostoso": -3,
  "desgraça": -2,
  "Desgraçado": -5,
  "desigual": -1,
  "desiludidos": -2,
  "desiludir": -2,
  "desistiu": -1,
  "desleixado": -2,
  "deslize": -1,
  "deslumbrante": 3,
  "desmoraliza": -2,
  "desmoralizada": -2,
  "desmoralizante": -2,
  "desmoralizar": -2,
  "desmotivada": -2,
  "desmotivado": -2,
  "desolado": -2,
  "desolador": -3,
  "desonesto": -2,
  "desonrado": -2,
  "desordem": -2,
  "desorganizado": -2,
  "desorientado": -2,
  "despejado": -2,
  "despejo": -1,
  "desperdiçado": -2,
  "desperdiçando": -2,
  "desperdiçar": -2,
  "desperdício": -1,
  "despertado": -2,
  "despreocupado": 1,
  "desprezível": -2,
  "Desprezível": -4,
  "desprezo": -2,
  "desproporcionado": -2,
  "desqualificado": -2,
  "desregulação": -2,
  "desrespeitado": -2,
  "desrespeito": -2,
  "destacado": -1,
  "destemido": 2,
  "destemor": 2,
  "destreza": 2,
  "destrói": -3,
  "destruição": -2,
  "destruído": -2,
  "destruidor": -3,
  "destruir": -2,
  "destrutivo": -3,
  "desumaniza": -2,
  "desumanizado": -2,
  "desumanizante": -2,
  "desumanizar": -2,
  "desumano": -2,
  "desvantagem": -2,
  "desviado": -1,
  "detenção": -2,
  "deter": -2,
  "deteriorado": -2,
  "deteriorando": -2,
  "deteriorar": -2,
  "determinado": 2,
  "detestar": -3,
  "detestava": -3,
  "detestável": -3,
  "detido": -2,
  "deturpa": -2,
  "deturpação": -2,
  "deturpações": -2,
  "deturpado": -2,
  "deturpando": -2,
  "deturpar": -2,
  "Deus": 1,
  "devastação": -2,
  "devastações": -2,
  "devastado": -2,
  "devastador": -2,
  "devastar": -2,
  "devoção": 2,
  "devoluções": -1,
  "devotado": 3,
  "devoto": 2,
  "diamante": 1,
  "dickhead": -4,
  "difícil": -1,
  "dificuldade": -2,
  "dignidade": 2,
  "digno": 2,
  "dilema": -1,
  "dilligence": 2,
  "dipshit": -3,
  "direção correta": 3,
  "direto": 1,
  "discernimento": 2,
  "discordar": -2,
  "discórdia": -2,
  "discrimina": -2,
  "discriminador": -2,
  "discriminados": -2,
  "discriminar": -2,
  "discriminatória": -2,
  "discurso retórico": -3,
  "disfarçado": -1,
  "disfarce": -1,
  "disfarces": -1,
  "disfunção": -2,
  "disparamos": -2,
  "dispendioso": -2,
  "disputa": -2,
  "disputado": -2,
  "disputas": -2,
  "disruptivo": -2,
  "dissabor": -2,
  "distinto": 2,
  "distorção": -2,
  "distorce": -2,
  "distorcer": -2,
  "distorcida": -2,
  "Distração": -2,
  "distrai": -2,
  "distraído": -2,
  "distrair": -2,
  "distúrbios": -2,
  "diversão": 3,
  "Diversão": 4,
  "divertido": 3,
  "divertimentos": 3,
  "divertir": 3,
  "dívida": -2,
  "divulgação": 2,
  "doa": 2,
  "doação": 2,
  "doando": 2,
  "doar": 2,
  "doce": 2,
  "doença": -1,
  "doenças": -1,
  "doendo": -2,
  "doente": -2,
  "doentio": -2,
  "dói": -2,
  "dolorido": -1,
  "dolorosamente": -1,
  "doloroso": -2,
  "doou": 2,
  "dor": -2,
  "dor de cabeça": -2,
  "doutrina": -2,
  "doutrinados": -2,
  "doutrinar": -2,
  "Downer": -2,
  "downhearted": -2,
  "drenado": -2,
  "droga": -4,
  "Droga": -2,
  "ducha": -3,
  "dupery": -2,
  "durável": 2,
  "dúvida": -1,
  "dúvidas": -1,
  "duvidoso": -1,
  "duvidou": -1,
  "é uma merda": -3,
  "educado": 2,
  "efeito colateral": -2,
  "efeitos colaterais": -2,
  "eficácia": 2,
  "eficaz": 2,
  "eficazmente": 2,
  "egoísmo": -3,
  "egoísta": -3,
  "elação": 3,
  "ele Ele": 2,
  "elegante": 2,
  "elegantemente": 2,
  "elogiado": 2,
  "elogio": 2,
  "elogiou": 3,
  "em pânico": -3,
  "embaraça": -2,
  "embaraçar": -2,
  "embaraço": -2,
  "embaraçoso": -2,
  "embelezar": 3,
  "embuste": -3,
  "emergência": -2,
  "emocionante": 3,
  "emotivo": 3,
  "empática": 2,
  "empreendedor": 1,
  "empurrão": -3,
  "encantador": 3,
  "encantadoramente": 3,
  "encantar": 3,
  "encargos": -2,
  "enchanted": 2,
  "encorajados": 2,
  "encorajamento": 2,
  "encorajando": 2,
  "encorajar": 2,
  "encurralado": -2,
  "endossado": 2,
  "endossar": 2,
  "endosso": 2,
  "energia": 2,
  "enérgico": 2,
  "enfadonho": -2,
  "enfraquecido": -2,
  "enfurece": -2,
  "enfurecer": -2,
  "enfureceu": -2,
  "enfurecido": -3,
  "enfurecidos": -2,
  "engana": -3,
  "enganação": -3,
  "enganado": -2,
  "enganador": -3,
  "enganando": -3,
  "enganar": -2,
  "engano": -2,
  "enganoso": -3,
  "engasgou": -2,
  "engata": 1,
  "Engordou": -3,
  "engraçado": 4,
  "enlightens": 2,
  "enlouquecedora": -3,
  "enlutado": -2,
  "enorme": 1,
  "Enragés": -2,
  "enraging": -2,
  "ensurdecedor": -1,
  "entender mal": -2,
  "entorpecido": -1,
  "entrada": -2,
  "entristecer": -2,
  "entristecido": -2,
  "entristecidos": -2,
  "entusiasmado": 3,
  "envenenado": -2,
  "envergonhado": -2,
  "equilibrado": 1,
  "equipamento": -1,
  "equivocando": -2,
  "erradamente": -2,
  "errado": -2,
  "erro": -2,
  "errôneo": -2,
  "erros": -2,
  "erupção cutânea": -2,
  "esbanjamento": -2,
  "escândalo": -3,
  "escândalos": -3,
  "escandaloso": -3,
  "escapando": -1,
  "escapar": -1,
  "escapes": -1,
  "escarnecido": -2,
  "escárnio": -2,
  "escassez": -2,
  "esclarece": 2,
  "esclarecedor": 2,
  "esclarecido": 2,
  "escolhido a dedo": 1,
  "esconder": -1,
  "escondeu": -1,
  "escravidão": -3,
  "escraviza": -2,
  "escravizados": -2,
  "escravizar": -2,
  "escravo": -3,
  "escravos": -3,
  "escumalha": -3,
  "escuridão": -1,
  "esfaqueado": -2,
  "esgotado": -2,
  "esmaga": -1,
  "esmagado": -2,
  "esmagador": -1,
  "esmagamento": -1,
  "esnobado": -2,
  "espaçoso": 1,
  "espancado": -2,
  "espancamento": -1,
  "espanta": 2,
  "espantosamente": 3,
  "espantoso": 3,
  "especulativo": -2,
  "esperança": 2,
  "esperanças": 2,
  "esperançosamente": 2,
  "esperançoso": 2,
  "espertalhão": -2,
  "esperto": 2,
  "espinhoso": -2,
  "espírito": 1,
  "espirrar": -2,
  "espirros": -2,
  "espirrou": -2,
  "esplêndido": 3,
  "espreita": -1,
  "espreitar": -1,
  "espumante": 3,
  "esqueceu": -1,
  "esquecidas": -2,
  "esquecido": -1,
  "esquecível": -1,
  "esqueço": -1,
  "esquisito": -2,
  "esquivando": -2,
  "estagnou": -2,
  "estável": 2,
  "estendese": 1,
  "estereotipado": -2,
  "estereótipo": -2,
  "estiloso": 2,
  "estima": 2,
  "estimado": 2,
  "estimula": 1,
  "estimulado": 1,
  "estimulando": 2,
  "estimular": 1,
  "estragado": -2,
  "estragando tudo": -2,
  "estrangulada": -2,
  "estrangulamento": -2,
  "estranhamente": -1,
  "estranho": -1,
  "estressado": -2,
  "estresse": -1,
  "estressor": -2,
  "estressores": -2,
  "estupefacto": 3,
  "estupidamente": -2,
  "estupidez": -3,
  "estúpido": -2,
  "estuprado": -4,
  "estuprador": -4,
  "estupro": -4,
  "ético": 2,
  "euforia": 3,
  "eufórico": 4,
  "evacua": -1,
  "evacuação": -1,
  "evacuado": -1,
  "evacuando": -1,
  "evacuar": -1,
  "evergreens": 2,
  "evita": -1,
  "evitado": -1,
  "evitar": -1,
  "exacerba": -2,
  "exacerbada": -2,
  "exacerbando": -2,
  "exacerbar": -2,
  "exagera": -2,
  "exagerado": -2,
  "exagerando": -2,
  "exagerar": -2,
  "exagerei": -2,
  "exagero": -2,
  "Exasparate": -2,
  "exaspera": -2,
  "exasperado": -2,
  "exasperador": -2,
  "exausto": -3,
  "excedido em número": -2,
  "excelência": 3,
  "excelente": 3,
  "excepcional": 5,
  "excesso de peso": -1,
  "excitação": 3,
  "excitados": 5,
  "excitar": 3,
  "excluídos": -2,
  "excluir": -1,
  "exclusão": -1,
  "exclusivo": 2,
  "execução duma hipoteca": -2,
  "exhilarates": 3,
  "exigem": -1,
  "exigente": -1,
  "exonera": 2,
  "exonerado": 2,
  "exonerando": 2,
  "exonerar": 2,
  "expande": 1,
  "expandir": 1,
  "Expele": -2,
  "expelindo": -2,
  "exploits": -2,
  "exploração": 1,
  "explorações": 1,
  "explorados": -2,
  "explorando": -2,
  "explorar": -2,
  "expõe": -1,
  "expondo": -1,
  "expor": -1,
  "exposto": -1,
  "expulsar": -2,
  "expulso": -2,
  "êxtase": 2,
  "êxtases": 2,
  "extático": 4,
  "extraviado": -2,
  "extravie": -2,
  "extravio": -2,
  "extremista": -2,
  "extremistas": -2,
  "exuberante": 4,
  "exultante": 3,
  "fabulosamente": 4,
  "fabuloso": 4,
  "facada": -2,
  "fácil": 1,
  "facilidade": 2,
  "fadiga": -2,
  "fadigas": -2,
  "fainthearted": -2,
  "faísca": 3,
  "falência": -3,
  "falha": -2,
  "falha na ignição": -2,
  "falhar": -2,
  "falhas": -2,
  "falho": -3,
  "falhou": -2,
  "falido": -3,
  "falsamente": -2,
  "falsificação": -3,
  "falsificações": -3,
  "falsificador": -3,
  "falsificados": -3,
  "falsificar": -3,
  "falso": -1,
  "falta": -2,
  "fama": 1,
  "faminto": -2,
  "famoso": 2,
  "fanático": -2,
  "fanfarrão": -2,
  "fantasma": -1,
  "fantástico": 4,
  "fardo": -2,
  "farsa": -1,
  "fascina": 3,
  "fascinação": 3,
  "fascinado": 3,
  "fascinante": 3,
  "fascinar": 3,
  "fascista": -2,
  "fascistas": -2,
  "fatal": -3,
  "fatalidade": -3,
  "fatalidades": -3,
  "fatigado": -2,
  "fatigante": -2,
  "fautor": -2,
  "Favor": 2,
  "favorável": 2,
  "favoravelmente": 2,
  "favorecido": 2,
  "favores": 2,
  "favorito": 2,
  "favoritos": 2,
  "faz de conta": -1,
  "fé": 1,
  "febre": -2,
  "fede": -2,
  "fedia": -2,
  "fedido": -2,
  "fedor": -2,
  "fedorento": -2,
  "feio": -3,
  "feiúra": -3,
  "felicidade": 3,
  "felicitar": 2,
  "feliz": 3,
  "felizmente": 3,
  "Felizmente": 2,
  "felonies": -3,
  "ferido": -2,
  "fertil": 2,
  "fervente": 2,
  "festivo": 2,
  "fez lobby": -2,
  "fiasco": -2,
  "fidelidade": 3,
  "fiel": 3,
  "filantropia": 2,
  "filho da puta": -5,
  "Filho da puta": -5,
  "finge": -1,
  "fingindo": -1,
  "firme": 2,
  "fiscalização": -1,
  "flutuante": 2,
  "fóbica": -2,
  "focado": 2,
  "fodão": -3,
  "fodido": -4,
  "fofa": 2,
  "foge": -1,
  "fogo": -2,
  "fome": -2,
  "força": 2,
  "forçado": -1,
  "foreclosures": -2,
  "formidável": 4,
  "fortalece": 2,
  "fortalecer": 2,
  "fortalecido": 2,
  "fortalecimento": 2,
  "Forte": 2,
  "fortuna": 2,
  "fracassado": -2,
  "fraco": -2,
  "fraqueza": -2,
  "fraquezas": -2,
  "frase": -2,
  "frases": -2,
  "fraudada": -1,
  "fraudador": -4,
  "fraudadores": -4,
  "fraude": -4,
  "fraudes": -3,
  "fraudulência": -4,
  "fraudulento": -4,
  "frenesi": -3,
  "frenético": -1,
  "frente": 1,
  "fresco": 1,
  "frikin": -2,
  "frustra": -2,
  "frustração": -2,
  "frustrado": -2,
  "frustrados": -2,
  "frustrante": -2,
  "frustrar": -2,
  "ftw": 3,
  "Fuckers": -4,
  "fuckface": -4,
  "fuckhead": -4,
  "fucktard": -4,
  "fud": -3,
  "fuked": -4,
  "fuking": -4,
  "fulfills": 2,
  "fumegante": -2,
  "fúnebre": -2,
  "funerais": -1,
  "funeral": -1,
  "furado": -2,
  "furioso": -3,
  "galantemente": 3,
  "galo": -5,
  "ganância": -3,
  "ganhando": 4,
  "ganhar": 4,
  "ganho": 2,
  "ganhos": 2,
  "ganhou": 2,
  "Ganhou": 3,
  "garantia": 1,
  "garantido": 2,
  "garantir": 1,
  "gema": 3,
  "gemendo": -2,
  "gemeu": -2,
  "gemido": -2,
  "gemidos": -2,
  "generosamente": 2,
  "generoso": 2,
  "genial": 3,
  "gentileza adorável": 3,
  "ginástica": 1,
  "glória": 3,
  "glorioso": 2,
  "golpe": -2,
  "golpeado": -1,
  "goofiness": -2,
  "gostar": 2,
  "gosto": 2,
  "gostos": 2,
  "gostosa": 2,
  "gostoso": 3,
  "gostou": 2,
  "goza": 2,
  "graça": 1,
  "gracejo": 2,
  "gracioso": 3,
  "grande": 3,
  "gratificação": 2,
  "grato": 3,
  "grave": -2,
  "greenwash": -3,
  "greenwasher": -3,
  "greenwashers": -3,
  "greenwashing": -3,
  "greve": -1,
  "greves": -1,
  "grevistas": -2,
  "gripe": -2,
  "gritando": -2,
  "grito": -2,
  "gritos": -2,
  "gritou": -2,
  "grosseiro": -2,
  "guerra": -2,
  "ha": 2,
  "hábil": 2,
  "habilidade": 2,
  "habilidades": 2,
  "habilmente": 2,
  "hackeado": -1,
  "haha": 3,
  "hahaha": 3,
  "hahahah": 3,
  "hardier": 2,
  "harming": -2,
  "harmonia": 2,
  "harmoniosamente": 2,
  "harmonioso": 2,
  "Harms": -2,
  "harried": -2,
  "herói": 2,
  "heróico": 3,
  "Heróis": 2,
  "hesitante": -2,
  "hesitar": -2,
  "Hilário": 2,
  "hipnotizante": 3,
  "hipócrita": -2,
  "histeria": -3,
  "histérico": -3,
  "homenagem": 2,
  "homicídio": -2,
  "homicídio involuntário": -3,
  "homicídios": -2,
  "honesto": 2,
  "honra": 2,
  "honrado": 2,
  "hooliganismo": -2,
  "horrendo": -3,
  "horrível": -3,
  "horrorizado": -2,
  "hospitalizado": -2,
  "hostil": -2,
  "humano": 2,
  "humerous": 3,
  "humilde": 1,
  "humilhação": -3,
  "humilhado": -3,
  "humor": 2,
  "hurra": 5,
  "icky": -3,
  "idiota": -2,
  "Idiota": -3,
  "idiotia": -3,
  "ignora": -1,
  "ignorados": -2,
  "ignorância": -2,
  "ignorante": -2,
  "ignorar": -1,
  "ilegal": -2,
  "ilegalmente": -3,
  "ilegítimo": -3,
  "ilógico": -2,
  "iluminar": 2,
  "imaculado": 2,
  "imaginativo": 2,
  "imbecil": -3,
  "iminente": -1,
  "imobilizado": -1,
  "imortal": 2,
  "impaciente": -2,
  "impar": -2,
  "ímpar": -2,
  "imparável": 2,
  "imparcial": 2,
  "impasse": -2,
  "impeachments": -3,
  "impede": -2,
  "impedido": -1,
  "impedimento": -2,
  "impedingly": -2,
  "impedir": -2,
  "imperdoável": -3,
  "imperfeito": -2,
  "implacável": -1,
  "impõe": -1,
  "imponente": -1,
  "impor": -1,
  "importam": 1,
  "importância": 2,
  "importante": 2,
  "imposta": -1,
  "impostor": -2,
  "impotente": -2,
  "impressiona": 3,
  "impressionado": 3,
  "impressionante": 4,
  "impressionar": 3,
  "impropriamente": -2,
  "impróprio": -2,
  "improvável": -1,
  "imprudente": -2,
  "impugnação": -3,
  "impulsionar": 1,
  "impulsionou": 1,
  "imundo": -2,
  "imune": 1,
  "inação": -2,
  "inaceitável": -2,
  "inacreditável": -1,
  "inadvertidamente": -2,
  "inapropriado": -2,
  "incapacidade": -2,
  "incapacidades": -2,
  "incapacitado": -2,
  "incapacitante": -1,
  "incapaz": -2,
  "incensado": -2,
  "incensing": -2,
  "incenso": -2,
  "incensos": -2,
  "incerto": -1,
  "inchado": -1,
  "inclinado": -2,
  "incoerente": -2,
  "incomoda": -2,
  "incomodados": -2,
  "incomodar": -2,
  "incomparável": 1,
  "incompetência": -2,
  "incompetente": -2,
  "incompleto": -1,
  "incompreendido": -2,
  "incompreensível": -2,
  "inconsciente": -2,
  "inconsiderado": -2,
  "inconsolável": -3,
  "inconveniência": -2,
  "inconveniente": -2,
  "incriminar": -3,
  "indeciso": -1,
  "indesculpável": -3,
  "indesejável": -2,
  "indestrutível": 2,
  "indiferença": -2,
  "indiferente": -2,
  "indignação": -2,
  "indignado": -2,
  "indigno": -2,
  "indisponível": -1,
  "indulgente": 1,
  "inediable": -2,
  "ineficaz": -2,
  "ineficiência": -2,
  "ineficiente": -2,
  "ineficientemente": -2,
  "ineptidão": -2,
  "inepto": -2,
  "inexorável": -3,
  "infantil": -2,
  "infantilizado": -2,
  "infecção": -2,
  "infeccioso": -2,
  "infecções": -2,
  "infecta": -2,
  "infectado": -2,
  "infectando": -2,
  "infectar": -2,
  "infelicidade": -2,
  "infeliz": -2,
  "Infelizmente": -2,
  "inferior": -2,
  "infernal": -2,
  "inferno": -4,
  "infesta": -2,
  "infestado": -2,
  "infestando": -2,
  "infestar": -2,
  "inflamado": -2,
  "inflige": -2,
  "infligido": -2,
  "infligir": -2,
  "influente": 2,
  "informação errada": -2,
  "infortúnio": -2,
  "infract": -2,
  "infracts": -2,
  "infratoras": -2,
  "infrutífero": -2,
  "ingênuo": -2,
  "ingrato": -3,
  "inibir": -1,
  "inigualável": 2,
  "inimaginável": -2,
  "inimigo": -2,
  "inimigos": -2,
  "injustamente": -2,
  "injustiça": -2,
  "injustiçado": -2,
  "injusto": -2,
  "Injusto": -2,
  "inoperante": -2,
  "inova": 1,
  "inovação": 1,
  "inovador": 2,
  "inovar": 1,
  "inquietação": -2,
  "inquieto": -2,
  "inquisição": -2,
  "inquisitivo": 2,
  "insaciável": -2,
  "insanidade": -2,
  "insano": -2,
  "insatisfeito": -2,
  "inseguro": -1,
  "Insensato": -2,
  "insensível": -2,
  "insensividade": -2,
  "insignificante": -2,
  "insípido": -2,
  "insolvente": -2,
  "insônia": -2,
  "inspira": 2,
  "inspiração": 2,
  "inspirado": 2,
  "inspirador": 3,
  "inspirar": 2,
  "instável": -2,
  "insuficiência": -2,
  "insuficiente": -2,
  "insuficientemente": -2,
  "insultado": -2,
  "insultante": -2,
  "insulto": -2,
  "insultos": -2,
  "insuportável": -2,
  "intacto": 2,
  "integridade": 2,
  "inteligência": 2,
  "inteligente": 2,
  "intencional": 2,
  "intenso": 1,
  "interessado": 2,
  "interessante": 2,
  "interesse": 1,
  "interesses": 1,
  "interpretar mal": -1,
  "interrogados": -2,
  "interrogatório": -1,
  "interrompendo": -2,
  "interromper": -2,
  "interrompeu": -2,
  "interrompidas": -2,
  "interrupção": -2,
  "interrupções": -2,
  "intimação": -2,
  "intimida": -2,
  "intimidação": -2,
  "intimidade": 2,
  "intimidado": -2,
  "intimidador": -2,
  "intimidados": -2,
  "intimidar": -2,
  "intitulado": 1,
  "intransigência": -2,
  "intricado": 2,
  "intrigas": 1,
  "inútil": -2,
  "inutilidade": -2,
  "invasão": -1,
  "inveja": -1,
  "invejas": -1,
  "invejoso": -2,
  "invencível": 2,
  "investido": 1,
  "invulnerável": 2,
  "ir embora": -2,
  "ironia": -1,
  "irônico": -1,
  "irracional": -1,
  "irrefletido": -2,
  "irreparável": -2,
  "irreproduzíveis": -2,
  "irresistível": 2,
  "irresistivelmente": 2,
  "irresoluto": -2,
  "irresponsabilidade": -2,
  "irresponsável": -2,
  "irreversível": -1,
  "irreversivelmente": -1,
  "irrita": -2,
  "irritado": -3,
  "irritados": -3,
  "irritante": -2,
  "irritar": -2,
  "isentar": -1,
  "isolado": -1,
  "jackasses": -4,
  "Jesus": 1,
  "jocoso": 2,
  "jóia": 1,
  "jóias": 1,
  "jovem": 2,
  "jovial": 2,
  "jubilante": 3,
  "Juntese": 1,
  "jura": -2,
  "juramento": -2,
  "jurar": -2,
  "justiça": 2,
  "justificadamente": 2,
  "justificado": 2,
  "justo": 2,
  "kills": -3,
  "kinder": 2,
  "labuta": -2,
  "lackadaisical": -2,
  "ladrão": -2,
  "lágrimas": -2,
  "Lamentação": -2,
  "lamentando": -2,
  "lamentar": -2,
  "lamentável": -2,
  "lamentou": -2,
  "lançado": 1,
  "lapso": -1,
  "lastimador": -1,
  "lastimando": -1,
  "lastimável": -3,
  "laughting": 1,
  "lavagem cerebral": -3,
  "lavagem verde": -3,
  "lawl": 3,
  "legal": 1,
  "legalmente": 1,
  "legitimamente": 2,
  "legítimo": 2,
  "lerdo": -2,
  "lesões": -2,
  "letal": -2,
  "letalidade": -2,
  "letargia": -2,
  "letárgico": -2,
  "lhes retirar": -1,
  "liberdade": 2,
  "liberdades": 2,
  "Liderança": 1,
  "likers": 2,
  "limitação": -1,
  "limitado": -1,
  "limites": -1,
  "limpa": 1,
  "limpador": 2,
  "limpar": 2,
  "lindamente": 3,
  "liso": 2,
  "litígio": -1,
  "litigioso": -2,
  "lívido": -2,
  "livre": 1,
  "lixeira": -1,
  "lixo": -1,
  "lixões": -1,
  "lmao": 4,
  "lmfao": 4,
  "loathes": -3,
  "lobbying": -2,
  "lobista": -2,
  "lobistas": -2,
  "lolol": 4,
  "lololol": 4,
  "lolololol": 4,
  "lool": 3,
  "loool": 3,
  "looool": 3,
  "loucamente": -3,
  "louco": -2,
  "loucura": -3,
  "louvando": 3,
  "louvor": 3,
  "louvores": 3,
  "lovelies": 3,
  "lucrando": -2,
  "lucrativo": 3,
  "lucro": 2,
  "lucros": 2,
  "lúgubre": -2,
  "lunático": -3,
  "lunáticos": -3,
  "luta": -1,
  "lutando": -2,
  "lutas": -2,
  "lutava": -2,
  "luto": -2,
  "luxo": 2,
  "luz do sol": 2,
  "má rotulagem": -3,
  "má sorte": -2,
  "macabro": -2,
  "maçante": -2,
  "machado": -1,
  "machadou": -1,
  "machucando": -2,
  "mácula": -2,
  "maduro": 2,
  "magnífico": 3,
  "maior": 3,
  "mais brilhante": 2,
  "mais doce": 3,
  "mais duras": -2,
  "mais engraçado": 4,
  "mais escura": -2,
  "mais esperto": 2,
  "mais feliz": 3,
  "mais forte": 2,
  "mais inteligente": 2,
  "mais louca": -2,
  "mais nobre": 2,
  "mais ou menos": 0,
  "mais pobres": -2,
  "mais pura": 1,
  "mais ricos": 2,
  "mais segura": 2,
  "mais severos": -2,
  "mais sujo": -2,
  "mal": -3,
  "malhumorado": -2,
  "mal amada": -2,
  "mal cozida": -2,
  "mal entendido": -2,
  "mal informado": -2,
  "mal interpretado": -2,
  "maladaption": -2,
  "maldade": -3,
  "maldevelopment": -2,
  "maldição": -1,
  "maldita": -3,
  "maldito": -4,
  "malvado": -2,
  "mancha": -2,
  "manchada": -2,
  "mania": -2,
  "manifestantes": -2,
  "manipulação": -1,
  "manipulado": -1,
  "manos": -5,
  "maravilha": 3,
  "maravilhado": 2,
  "maravilhas": 3,
  "maravilhosamente": 4,
  "maravilhoso": 3,
  "Maravilhoso": 4,
  "mascate": -2,
  "matança": -3,
  "matar": -3,
  "mau": -3,
  "mau comportamento": -2,
  "mau trato": -2,
  "mau uso": -2,
  "medalha": 3,
  "mediocridade": -3,
  "meditativo": 1,
  "medo": -2,
  "medonho": -2,
  "medrosamente": -2,
  "megera": -4,
  "melancolia": -1,
  "melancólico": -2,
  "melhor": 3,
  "melhora": 2,
  "melhorado": 2,
  "melhorando": 2,
  "melhorar": 2,
  "melhoria": 2,
  "melindre": -2,
  "memorável": 1,
  "memoriam": -2,
  "menor": -1,
  "menosprezada": -2,
  "menosprezou": -2,
  "mentiroso": -3,
  "mentirosos": -3,
  "mentiu": -2,
  "merda": -4,
  "mesquinho": -2,
  "metodicamente": 2,
  "metódico": 2,
  "mijo": -4,
  "milagre": 4,
  "mimado": -2,
  "minado": -2,
  "minar": -2,
  "míope": -2,
  "miopia": -2,
  "mirthfully": 3,
  "misbehaves": -2,
  "misbehaving": -2,
  "miscast": -2,
  "mischiefs": -1,
  "misclassified": -2,
  "misclassifies": -2,
  "misconducted": -2,
  "misconducting": -2,
  "miserável": -3,
  "miseravelmente": -3,
  "miséria": -2,
  "misericórdia": 2,
  "misleaded": -3,
  "misplace": -2,
  "mispricing": -3,
  "misreport": -2,
  "misreported": -2,
  "misreporting": -2,
  "misreports": -2,
  "misterioso": -2,
  "mistificação": -2,
  "misunderstands": -2,
  "misused": -2,
  "mito": -1,
  "mocks": -2,
  "moderniza": 2,
  "modernização": 2,
  "modernizado": 2,
  "modernizar": 2,
  "molestar": -3,
  "Moléstia": -3,
  "monopoliza": -2,
  "monopolização": -2,
  "monopolizado": -2,
  "monopolizar": -2,
  "monotonia": -1,
  "mordaça": -2,
  "morre de fome": -2,
  "morrendo": -3,
  "morrendo de fome": -2,
  "morrer": -3,
  "morrer de fome": -2,
  "morreu": -3,
  "mortal": -3,
  "morte": -2,
  "mortes": -2,
  "morto": -3,
  "motins": -2,
  "motivação": 1,
  "motivada": 2,
  "motivador": 2,
  "motivar": 1,
  "mudando jogo": 3,
  "muito bom": 4,
  "muito fofo": 3,
  "multas": -2,
  "n00b": -2,
  "na esperança": 2,
  "não": -1,
  "não aprovada": -2,
  "não confirmado": -1,
  "não convencido": -1,
  "não desejado": -2,
  "não é bom": -2,
  "não está funcionando": -3,
  "não funciona": -3,
  "não gostei": -2,
  "não gosto": -2,
  "não higiênico": -2,
  "não intencional": -2,
  "não profissional": -2,
  "não realizado": -2,
  "não vendido": -1,
  "narcisismo": -2,
  "natural": 1,
  "navio almirante": 2,
  "nega": -2,
  "negação": -2,
  "negações": -2,
  "negado": -2,
  "negadores": -2,
  "negando": -2,
  "negar": -2,
  "negatividade": -2,
  "negativo": -2,
  "negligência": -2,
  "negligenciada": -2,
  "negligenciado": -1,
  "negligenciando": -2,
  "negligências": -2,
  "negociação": -1,
  "negrito": 2,
  "negro": -5,
  "nenhum divertimento": -3,
  "nervos": -1,
  "nervosamente": -2,
  "nervoso": -2,
  "ninhada": -2,
  "nobre": 2,
  "nojento": -2,
  "notável": 2,
  "notório": -2,
  "novato": -2,
  "nozes": -3,
  "nublado": -1,
  "O amor é": 3,
  "obcecado": 2,
  "obliterado": -2,
  "obliterar": -2,
  "obnóxio": -3,
  "obraprima": 4,
  "obrasprimas": 4,
  "obrigado": 2,
  "obrigatório": -1,
  "obscenidade": -2,
  "obsceno": -2,
  "obscuro": -1,
  "obsoleto": -2,
  "obstáculo": -2,
  "obstáculos": -2,
  "obstinado": -2,
  "obstrua": -2,
  "obstrução": -2,
  "obstruído": -2,
  "obstruindo": -2,
  "obstruir": -2,
  "oco": -1,
  "odiadores": -3,
  "odiando": -3,
  "odiava": -3,
  "ódio": -3,
  "ódios": -3,
  "ofende": -2,
  "ofender": -2,
  "ofendido": -2,
  "ofensa": -2,
  "ofensas": -2,
  "ofensiva": -2,
  "ofensivamente": -2,
  "ofensor": -2,
  "offline": -1,
  "OKS": 2,
  "oops": -2,
  "oportunidade": 2,
  "oportunidades": 2,
  "opressão": -2,
  "opressivo": -2,
  "opressões": -2,
  "oprimida": -2,
  "optionless": -2,
  "oração": 1,
  "orar": 1,
  "orgulhosamente": 2,
  "orgulhoso": 2,
  "ostracismo": -2,
  "ostracizes": -2,
  "otimismo": 2,
  "otimista": 2,
  "ótimo": 3,
  "ouro": 2,
  "ousado": 2,
  "outmaneuvered": -2,
  "overran": -2,
  "overreaction": -2,
  "overreacts": -2,
  "oversells": -2,
  "oversold": -2,
  "overstatements": -2,
  "oxímoro": -1,
  "pacificamente": 2,
  "pacífico": 2,
  "pagamento": -1,
  "paixão": 2,
  "pânico": -3,
  "pânicos": -3,
  "parabéns": 2,
  "Parabéns": 2,
  "paradas": -1,
  "parado": -1,
  "paradoxo": -1,
  "parafusado": -2,
  "paraíso": 3,
  "parando": -1,
  "Pare": -1,
  "partido": -1,
  "passiva": -1,
  "passivamente": -1,
  "pateta": -2,
  "patético": -2,
  "pavor": -2,
  "Paz": 2,
  "pecado": -2,
  "pecados": -2,
  "pecaminoso": -3,
  "pede desculpas": -1,
  "pedido": -1,
  "pedir desculpas": -1,
  "pediu desculpa": -1,
  "pena": -1,
  "penaliza": -2,
  "penalizado": -2,
  "penalizando": -2,
  "penalizar": -2,
  "pênis": -4,
  "pensativo": 2,
  "perceptível": 2,
  "perda": -3,
  "perdão": 2,
  "perdas": -3,
  "perde": -3,
  "perdedor": -3,
  "perder": -3,
  "perdido": -3,
  "perdoado": 2,
  "perdoar": 1,
  "perdões": 2,
  "perenização": -3,
  "perfeição": 3,
  "perfeitamente": 3,
  "perfeito": 3,
  "perfuração": -2,
  "perigo": -2,
  "perigosamente": -2,
  "perigoso": -2,
  "perjúrio": -3,
  "permitir": 1,
  "perpetrada": -2,
  "perpetradores": -2,
  "perplexo": -2,
  "persegue": -2,
  "persegues": -2,
  "perseguidos": -2,
  "perseguir": -2,
  "perspectivas": 1,
  "perturba": -2,
  "perturbado": -1,
  "perturbador": -2,
  "perturbar": -2,
  "perturbe": -2,
  "perverter": -3,
  "pesado": -2,
  "pessimismo": -2,
  "pessimista": -2,
  "petrificado": -2,
  "piadas": 2,
  "picada": -5,
  "pilhagem": -2,
  "piolhento": -2,
  "pior": -3,
  "piora": -3,
  "piorar": -3,
  "piorou": -3,
  "pissing": -3,
  "pistola": -1,
  "pitoresco": 2,
  "pobre": -2,
  "pobremente": -2,
  "pobreza": -1,
  "Poção": -2,
  "pode \"t ficar": -3,
  "poderoso": 2,
  "podre": -3,
  "polidez": 2,
  "polido": 2,
  "poluente": -2,
  "polui": -2,
  "poluição": -2,
  "poluído": -2,
  "poluidor": -2,
  "poluidores": -2,
  "poluir": -2,
  "ponta de lança": 2,
  "pontilhado": -2,
  "ponto de referência": 2,
  "pontos fortes": 2,
  "popular": 3,
  "popularidade": 3,
  "por favor": 1,
  "por sorte": 3,
  "porcaria": -3,
  "porra": -4,
  "Porra": -4,
  "porra amor": 4,
  "porra amores": 4,
  "porra bela": 4,
  "porra bonito": 4,
  "porra fantástica": 4,
  "porra incrível": 4,
  "porra perfeita": 4,
  "portarse mal": -2,
  "pós traumático": -2,
  "positivamente": 2,
  "positivo": 2,
  "possessivo": -2,
  "postergar": -1,
  "pouco apreciado": -2,
  "pouco atraente": -2,
  "pouco inteligente": -2,
  "pouco saudável": -2,
  "poupança": 1,
  "praga": -3,
  "pragas": -3,
  "prazer": 3,
  "prblm": -2,
  "prblms": -2,
  "predatório": -2,
  "predileção": 2,
  "Preencha": 2,
  "preensão": 2,
  "preguiçoso": -1,
  "prejudica": -2,
  "prejudicada": -2,
  "prejudicar": -2,
  "prejudicial": -2,
  "prejudicou": -1,
  "prejuízo": -2,
  "premiado": 3,
  "prêmio": 3,
  "prêmios": 3,
  "prender": -2,
  "preocupação": -3,
  "preocupações": -3,
  "preocupado": -2,
  "preocupante": -2,
  "preparado": 1,
  "Presente": 2,
  "preso": -2,
  "pressão": -1,
  "pressionado": -2,
  "pretensioso": -2,
  "prevenção": -1,
  "previne": -1,
  "preza": 2,
  "prisão": -2,
  "prisioneiro": -2,
  "prisioneiros": -2,
  "prisões": -2,
  "privação": -3,
  "privar": -2,
  "privilegiado": 2,
  "proactiva": 2,
  "problema": -2,
  "problemas": -2,
  "processado": -2,
  "processados": -2,
  "processando": -2,
  "processar": -1,
  "proeminente": 2,
  "progresso": 2,
  "proíbe": -1,
  "proibido": -2,
  "proibir": -1,
  "promessa": 1,
  "promessas": 1,
  "prometido": 1,
  "promoção": 1,
  "promove": 1,
  "promover": 1,
  "promoveu": 1,
  "pronta": -2,
  "prontamente": 1,
  "propaganda": -2,
  "propinas": -3,
  "prosecutes": -1,
  "prospecto": 1,
  "prosperidade": 3,
  "próspero": 3,
  "prostituta": -4,
  "protege": 1,
  "Protege": 2,
  "proteger": 1,
  "protegido": 1,
  "protestando": -2,
  "protesto": -2,
  "protestos": -2,
  "provoca": -1,
  "provocante": -1,
  "provocar": -1,
  "provocou": -1,
  "prudência": 2,
  "pseudociência": -3,
  "psicopata": -2,
  "pune": -2,
  "punhaladas": -2,
  "punheteiro": -3,
  "punido": -2,
  "punindo": -2,
  "punir": -2,
  "punitivo": -2,
  "puro": 1,
  "quadra": -1,
  "quadrinho": 1,
  "qualidade": 2,
  "qualidades": 2,
  "que apoia": 1,
  "que vale a pena": 2,
  "quebrou": -1,
  "queda": -1,
  "queixa": -2,
  "queixando": -2,
  "queixarse": -2,
  "queixaram": -2,
  "queixas": -2,
  "quer": 1,
  "querido": 2,
  "questionável": -2,
  "questionou": -1,
  "racismo": -3,
  "racista": -3,
  "racistas": -3,
  "radiante": 4,
  "raiva": -2,
  "raivosa": -2,
  "ralhar": -2,
  "rancoroso": -2,
  "ranter": -3,
  "ranters": -3,
  "rants": -3,
  "rapidamente": 2,
  "rápido": 2,
  "rapto": -2,
  "raptos": -2,
  "rasgado": -2,
  "ratificado": 2,
  "reagir demais": -2,
  "realçar": 2,
  "realiza": 2,
  "realização": 2,
  "realizações": 2,
  "realizada": 2,
  "realizado": 2,
  "realizar": 2,
  "realizável": 1,
  "rebelde": -2,
  "rebeldes": -2,
  "rebelião": -2,
  "receoso": -2,
  "recessão": -2,
  "reclama": -2,
  "recomenda": 2,
  "recomendado": 2,
  "recomendar": 2,
  "recompensa": 2,
  "recompensado": 2,
  "recompensador": 2,
  "recompensas": 2,
  "reconfortante": 2,
  "reconhecimento": 2,
  "recusa": -2,
  "recusar": -2,
  "recusou": -2,
  "reduzir": -2,
  "refina": 1,
  "refinado": 1,
  "refinar": 1,
  "refrescante": 2,
  "regozija": 4,
  "regozijouse": 4,
  "Reinando": 1,
  "rejeição": -2,
  "rejeita": -1,
  "rejeitados": -1,
  "rejeitando": -1,
  "rejeitar": -1,
  "relevos": 1,
  "remorso": -2,
  "rentável": 2,
  "renuncia": -1,
  "renunciando": -1,
  "repelente": -2,
  "repelido": -2,
  "repercussão": -2,
  "repercussões": -2,
  "repousante": 2,
  "repreendendo": -3,
  "repreendido": -2,
  "reprimanding": -2,
  "reprimenda": -2,
  "reprimendas": -2,
  "reprovações": -2,
  "reprovado": -2,
  "repugnância": -3,
  "repugnante": -3,
  "repulsa": -1,
  "repulsivo": -2,
  "requintado": 3,
  "resgatado": 2,
  "resgatar": 2,
  "resgate": -2,
  "resgates": 2,
  "resignado": -1,
  "resolução": 2,
  "resoluto": 2,
  "resolve": 2,
  "resolvendo": 2,
  "resolver": 2,
  "resolvido": 2,
  "respeitado": 2,
  "respeito": 2,
  "responsabilidade": 1,
  "responsável": 2,
  "responsivo": 2,
  "ressentido": -2,
  "restauração": 1,
  "restaurações": 1,
  "restaurado": 1,
  "restaurar": 1,
  "restrição": -2,
  "restringe": -2,
  "restringindo": -2,
  "restringir": -2,
  "restritivo": -1,
  "restrito": -2,
  "retardado": -2,
  "retardar": -2,
  "retida": -1,
  "retirada": -3,
  "retiro": -1,
  "reverenciado": 2,
  "revive": 2,
  "reviver": 2,
  "revoltante": -2,
  "reza": 1,
  "ri muito": 3,
  "ricamente": 2,
  "rico": 2,
  "ridicularizado": -2,
  "ridicularizar": -2,
  "ridículo": -3,
  "rigorosamente": 3,
  "rigoroso": 3,
  "rindo": 1,
  "riqueza": 3,
  "rir": 1,
  "risco": -2,
  "riscos": -2,
  "risos": 1,
  "riu": 1,
  "robing": -2,
  "robusto": 2,
  "rofl": 4,
  "roflcopter": 4,
  "roflmao": 4,
  "romance": 2,
  "romantical": 2,
  "romanticamente": 2,
  "rompimento": -2,
  "rosa": 1,
  "rotfl": 4,
  "rotflmfao": 4,
  "rotflol": 4,
  "rotineiro": -2,
  "rouba": -2,
  "roubado": -2,
  "roubando": -2,
  "roubar": -2,
  "roubo": -2,
  "roubos de bola": -2,
  "roubou": -2,
  "ruína": -2,
  "ruínas": -2,
  "rupturas": -2,
  "sabedoria": 1,
  "saboreando": 2,
  "sabotar": -2,
  "sair": -1,
  "saliente": 1,
  "saltitante": -1,
  "salvavidas": 4,
  "salvação": 2,
  "salvar": 2,
  "salvou": 2,
  "sangrento": -3,
  "sarcástico": -2,
  "sarnento": -2,
  "satisfatória.Bateria": -2,
  "satisfeito": 3,
  "saudação": 2,
  "saudações": 2,
  "saudade": -1,
  "saudado": 2,
  "saudando": 2,
  "saudar": 2,
  "saudaram": 2,
  "saudável": 2,
  "Saúde": 2,
  "savange": -2,
  "savanges": -2,
  "scams": -2,
  "se deteriora": -2,
  "se empenhar": 1,
  "se escondendo": -1,
  "sedição": -2,
  "sedicioso": -2,
  "seduzido": -1,
  "seguramente": 1,
  "segurança": 1,
  "seguro": 2,
  "sem casa": -2,
  "sem coração": -2,
  "sem costura": 2,
  "sem defesa": -2,
  "sem esforço": 2,
  "sem esperança": -2,
  "sem êxito": -2,
  "sem falhas": 2,
  "sem inspiração": -2,
  "sem noção": -2,
  "sem sentido": -2,
  "sem significado": -2,
  "sem sucesso": -2,
  "sem suporte": -2,
  "sem utilidade": -2,
  "sem vida": -1,
  "sempreviva": 2,
  "senhorita": -2,
  "sensual": 3,
  "sentença": -2,
  "sentindome": 1,
  "sequestra": -2,
  "sequestrado": -2,
  "seqüestrado": -2,
  "seqüestrar": -2,
  "sequestros": -2,
  "sereno": 2,
  "sério": 2,
  "severamente": -2,
  "severo": -2,
  "sexista": -2,
  "sexistic": -2,
  "shithead": -4,
  "shoody": -2,
  "significado": 1,
  "significativo": 2,
  "silenciamento": -1,
  "sim": 1,
  "simpatia": 2,
  "simpático": 2,
  "simples": -2,
  "simplicidade": 1,
  "simplifica": -2,
  "simplificação": -2,
  "simplificada": -2,
  "simplificar": -2,
  "simulado": -2,
  "sincerest": 2,
  "sinceridade": 2,
  "sincero": 3,
  "singleminded": -2,
  "sinistro": -2,
  "slickest": 2,
  "Smiled": 2,
  "snubbing": -2,
  "snubs": -2,
  "sobe": 1,
  "soberbo": 5,
  "sobrecarga": -1,
  "sobrecarregados": -2,
  "sobrecarregar": -2,
  "sobrevivendo": 2,
  "sobrevivente": 2,
  "sobrevivido": 2,
  "sóbrio": 1,
  "Socorro": 2,
  "sofisticado": 2,
  "sofre": -2,
  "sofredor": -2,
  "sofredores": -2,
  "sofrer": -2,
  "sofreu": -2,
  "sofrimento": -2,
  "solene": -1,
  "solidariedade": 2,
  "solidifica": 2,
  "solidificação": 2,
  "solidificar": 2,
  "solidificou": 2,
  "sólido": 2,
  "solitário": -2,
  "solta": -1,
  "solto": -3,
  "solução": 1,
  "soluções": 1,
  "solving": 1,
  "sombrio": -2,
  "sonho": 1,
  "sonhos": 1,
  "sorrateiro": -1,
  "sorridente": 2,
  "sorrir": 2,
  "sorrisos": 2,
  "sorte": 3,
  "sozinho": -2,
  "spam": -2,
  "Spam": -2,
  "spammer": -3,
  "spammers": -3,
  "squanders": -2,
  "squelched": -1,
  "stalling": -2,
  "stinked": -2,
  "suave": 2,
  "subestima": -1,
  "subestimado": -1,
  "subestimando": -1,
  "subestimar": -1,
  "subir": 1,
  "subornado": -3,
  "subornando": -3,
  "suborno": -3,
  "subornos": -3,
  "substancial": 1,
  "substancialmente": 1,
  "subvenções": 1,
  "subversivo": -2,
  "sucede": 3,
  "sucedendo": 3,
  "suceder": 3,
  "sucedeu": 3,
  "sucesso": 3,
  "sueing": -2,
  "sues": -2,
  "sugar": -3,
  "suicida": -2,
  "suicídio": -2,
  "suicídios": -2,
  "sujeira": -2,
  "sujo": -2,
  "super": 3,
  "Superprotetor": -2,
  "superior": 2,
  "suportado": 2,
  "suporte": 1,
  "suportes": 2,
  "supremo": 4,
  "surpreendente": 4,
  "surpreender": 3,
  "surto": -2,
  "surtos": -2,
  "suspeita": -1,
  "suspeitando": -1,
  "suspeito": -1,
  "suspeitos": -1,
  "suspender": -1,
  "suspenso": -1,
  "suspiro": -2,
  "sustentabilidade": 1,
  "sustentável": 2,
  "susto": -2,
  "swindles": -3,
  "taciturno": -2,
  "talento": 2,
  "tard": -2,
  "tarnishes": -2,
  "tear": -1,
  "teares": -1,
  "tédio": -2,
  "teimoso": -2,
  "temendo": -2,
  "temerário": 2,
  "temeroso": -2,
  "temido": -2,
  "temperamental": -1,
  "tenda": -2,
  "tendenciosa": -2,
  "tenro": 2,
  "tensão": -1,
  "tenso": -2,
  "ternura": 2,
  "terrifically": 4,
  "terrivel": -3,
  "terrível": -3,
  "terrivelmente": -3,
  "terror": -3,
  "terrorista": -2,
  "terroristas": -2,
  "Tesouro": 2,
  "tesouros": 2,
  "tímido": -1,
  "timorato": -2,
  "tipo": 2,
  "tiranicamente": -3,
  "tirânico": -3,
  "tits": -2,
  "tolerância": 2,
  "tolerante": 2,
  "tolos": -2,
  "tonto": -1,
  "topo": 2,
  "topos": 2,
  "tortura": -4,
  "torturados": -4,
  "torturando": -4,
  "torturas": -4,
  "totalitário": -2,
  "totalitarismo": -2,
  "touting": -2,
  "touts": -2,
  "tóxico": -3,
  "tragédia": -2,
  "tragédias": -2,
  "trágico": -2,
  "trai": -3,
  "traição": -3,
  "traiçoeiro": -3,
  "traída": -3,
  "traidores": -3,
  "traindo": -3,
  "trair": -3,
  "tranquiliza": 1,
  "tranquilizado": 1,
  "tranquilizador": 2,
  "tranqüilizar": 1,
  "tranquilo": 2,
  "transgredimos": -2,
  "transgredir": -2,
  "transgrediu": -2,
  "transgressão": -2,
  "transgride": -2,
  "trapaça": -2,
  "trapaceiro": -3,
  "trauma": -3,
  "traumático": -3,
  "traversins": -2,
  "travessura": -1,
  "tremor": -2,
  "tremores": -2,
  "trêmulo": -2,
  "tribulação": -2,
  "tributo": 2,
  "triste": -2,
  "tristeza": -2,
  "triunfante": 4,
  "triunfo": 4,
  "trusts": 1,
  "tumor": -2,
  "tumulto": -2,
  "túnica": -2,
  "turvar": -2,
  "twat": -5,
  "tyran": -3,
  "Tyrans": -3,
  "Uau": 4,
  "ubíquo": 2,
  "ugh": -2,
  "ultrajado": -3,
  "ultrajante": -3,
  "ultraje": -3,
  "uma vergonha": -2,
  "uma vez na vida": 3,
  "underperform": -2,
  "underperformed": -2,
  "unfitted": -2,
  "unfunny": -2,
  "ungenerous": -2,
  "unido": 1,
  "unificado": 1,
  "uninvolving": -2,
  "unreleting": -2,
  "unresearched": -2,
  "untarnished": 2,
  "uplifting": 2,
  "urgente": -1,
  "usado": -1,
  "usos indevidos": -2,
  "útil": 2,
  "utilidade": 2,
  "vacilante": -1,
  "vadio": -2,
  "vago": -2,
  "valentão": -2,
  "valente": 3,
  "Valida": 1,
  "validado": 1,
  "validando": 1,
  "validar": 1,
  "vantagem": 2,
  "vantagens": 2,
  "vantajosamente": 2,
  "vantajoso": 2,
  "vazamento": -1,
  "vazio": -1,
  "vazou": -1,
  "vencedor": 3,
  "vencedora": 4,
  "vencedores": 3,
  "venenos": -2,
  "ventilador": 3,
  "verdade": 2,
  "veredictos": -1,
  "veredito": -1,
  "vergonha": -2,
  "vergonhoso": -2,
  "vertiginoso": -2,
  "vestido com esmero": 2,
  "vexação": -2,
  "vexatório": -2,
  "vibrante": 3,
  "vicioso": -2,
  "viçoso": -1,
  "victimizing": -3,
  "viés": -1,
  "vigarista": 2,
  "Vigilância": 3,
  "vigor": 3,
  "vil": -3,
  "vindicação": 2,
  "vindicado": 2,
  "vindicar": 2,
  "vinga": -2,
  "vingada": -2,
  "vingador": -2,
  "vingadores": -2,
  "vingança": -2,
  "vingar": -2,
  "vingativo": -2,
  "violação": -2,
  "violações": -2,
  "violada": -2,
  "violados": -2,
  "violando": -2,
  "violar": -2,
  "viole": -2,
  "violência": -3,
  "violência relacionada": -3,
  "violentamente": -3,
  "violento": -3,
  "viradas": -2,
  "virtuoso": 2,
  "virulento": -2,
  "visão": 1,
  "visionário": 3,
  "visioning": 1,
  "visões": 1,
  "vitalidade": 3,
  "Vitamina": 1,
  "vítima": -3,
  "vitimados": -3,
  "vitimar": -3,
  "vítimas": -3,
  "vitimiza": -3,
  "vitória": 3,
  "vitórias": 4,
  "vitriólico": -3,
  "viúva": -1,
  "vivaz": 3,
  "vividamente": 2,
  "vivo": 2,
  "vociferador": -1,
  "vomitar": -3,
  "vómitos": -3,
  "vômitos": -3,
  "vomitou": -3,
  "vulnerabilidade": -2,
  "vulnerável": -2,
  "warmhearted": 2,
  "warmness": 2,
  "winwin": 3,
  "woohoo": 3,
  "wooo": 4,
  "woow": 4,
  "wowow": 4,
  "wowww": 4,
  "wrenching": -2,
  "wrongdoings": -2,
  "wtf": -4,
  "wtff": -4,
  "wtfff": -4,
  "xo": 3,
  "Xoxo": 3,
  "xoxoxo": 4,
  "xoxoxoxo": 4,
  "yeees": 2,
  "zeloso": 2,
  "zelotes": -2,
  "zombeteiro": -2
}