{
  "absolves": 2,
  "absolving": 2,
  "acquitting": 2,
  "adores": 3,
  "adoringly": 3,
  "aficionados": 2,
  "aghast": -2,
  "agog": 2,
  "agonises": -3,
  "agonize": -3,
  "agonizes": -3,
  "alas": -1,
  "Angers": -3,
  "apeshit": -3,
  "appeases": 2,
  "arsehole": -4,
  "assfucking": -4,
  "audacious": 3,
  "aura": 1,
  "Avengers": -2,
  "badass": -3,
  "bamboozle": -2,
  "bamboozled": -2,
  "bankster": -3,
  "beatification": 3,
  "bereavement": -2,
  "bitterest": -2,
  "blackmailing": -3,
  "blah": -2,
  "bravura": 3,
  "brooding": -2,
  "bullshit": -4,
  "bummer": -2,
  "charmingly": 3,
  "charmless": -3,
  "cheater": -3,
  "cheerless": -2,
  "cherish": 2,
  "chiding": -3,
  "choke": -2,
  "choked": -2,
  "clueless": -2,
  "cocksucker": -5,
  "cocksuckers": -5,
  "cocky": -2,
  "Colorado បានលើកឡើង": -3,
  "conciliated": 2,
  "conciliating": 2,
  "convivial": 2,
  "crap": -3,
  "crappy": -3,
  "Crazier": -2,
  "craziest": -2,
  "crestfallen": -2,
  "criminate": -3,
  "crushes": -1,
  "cunt": -5,
  "damn": -4,
  "damnit": -4,
  "dauntless": 2,
  "dazzling": 3,
  "deafening": -1,
  "debonair": 2,
  "deft": 2,
  "degrade": -2,
  "dehumanized": -2,
  "dehumanizes": -2,
  "delectable": 3,
  "delightfully": 3,
  "demoralizes": -2,
  "denier": -2,
  "deniers": -2,
  "deplored": -3,
  "deploring": -3,
  "deports": -2,
  "detract": -1,
  "dickhead": -4,
  "diffident": -2,
  "dilligence": 2,
  "dipshit": -3,
  "dirtier": -2,
  "dirtiest": -2,
  "disagreeable": -2,
  "disapprove": -2,
  "disconsolate": -2,
  "disconsolation": -2,
  "disorganized": -2,
  "disparaged": -2,
  "distasteful": -2,
  "dodgy": -2,
  "Dolores": -2,
  "douchebag": -3,
  "dour": -2,
  "downer": -2,
  "drags": -1,
  "dreading": -2,
  "dreary": -2,
  "droopy": -2,
  "dud": -2,
  "dumbass": -3,
  "dupery": -2,
  "eerie": -2,
  "elation": 3,
  "embittered": -2,
  "enchanted": 2,
  "engrossing": 3,
  "ennui": -2,
  "enrage": -2,
  "enrapture": 3,
  "enthrall": 3,
  "exacerbate": -2,
  "exasparate": -2,
  "excruciatingly": -1,
  "exhausted": -2,
  "exonerate": 2,
  "exonerates": 2,
  "exonerating": 2,
  "exultantly": 3,
  "fag": -3,
  "fagot": -3,
  "faker": -3,
  "fervid": 2,
  "fiasco": -3,
  "flawlessly": 2,
  "flops": -2,
  "flustered": -2,
  "fond": 2,
  "fraudsters": -4,
  "frikin": -2,
  "frisky": 2,
  "ftw": 3,
  "fuck": -4,
  "fucker": -4,
  "fuckers": -4,
  "fuckface": -4,
  "fuckhead": -4,
  "fuckin": -4,
  "fucking": -4,
  "fucking ក្តៅ": 2,
  "fucking គួរឱ្យស្រលាញ់": 4,
  "fucking ស្រស់ស្អាត": 4,
  "fucking អស្ចារ្យ": 4,
  "fucktard": -4,
  "fud": -3,
  "fuked": -4,
  "fuking": -4,
  "funky": 2,
  "funnier": 4,
  "gallantly": 3,
  "gallantry": 3,
  "genial": 3,
  "giddy": -2,
  "Glamour": 3,
  "Glee": 3,
  "gleeful": 3,
  "glum": -2,
  "goddamn": -3,
  "godsend": 4,
  "goofy": -2,
  "gr8": 3,
  "greenwash": -3,
  "greenwasher": -3,
  "greenwashers": -3,
  "greenwashing": -3,
  "grisly": -2,
  "hahahah": 3,
  "hardier": 2,
  "hardy": 2,
  "harmed": -2,
  "harsher": -2,
  "haunting": 1,
  "haunts": -1,
  "heavyhearted": -2,
  "hehe": 2,
  "hideous": -3,
  "Hooligans": -2,
  "horrid": -3,
  "huckster": -2,
  "humbug": -2,
  "humerous": 3,
  "hysterical": -3,
  "ICKIS": -3,
  "idiocy": -3,
  "imbecile": -3,
  "immobilized": -1,
  "Impedance": -2,
  "impedingly": -2,
  "imposing": -1,
  "incapacitates": -2,
  "incapacitating": -2,
  "incensing": -2,
  "indoctrinate": -2,
  "indoctrinated": -2,
  "indoctrinating": -2,
  "inediable": -2,
  "inept": -2,
  "ineptitude": -2,
  "inexorably": -3,
  "infantile": -2,
  "infatuated": 2,
  "infest": -2,
  "infestation": -2,
  "infesting": -2,
  "infracting": -2,
  "infuriating": -2,
  "insipid": -2,
  "intrigues": 1,
  "invulnerable": 2,
  "irreproducible": -2,
  "irresolute": -2,
  "irresponsibly": -2,
  "jackass": -4,
  "jackasses": -4,
  "jaunty": 2,
  "jovial": 2,
  "joyless": -2,
  "jumpy": -1,
  "Kinder": 2,
  "Kudos": 3,
  "lackadaisical": -2,
  "lapse": -1,
  "laughting": 1,
  "lawl": 3,
  "lethargic": -2,
  "likable": 2,
  "likers": 2,
  "litigious": -2,
  "livid": -2,
  "lmao": 4,
  "lmfao": 4,
  "lolol": 4,
  "lololol": 4,
  "lolololol": 4,
  "lool": 3,
  "loom": -1,
  "looms": -1,
  "loool": 3,
  "looool": 3,
  "looses": -3,
  "ludicrous": -3,
  "lugubriously": -2,
  "lurk": -1,
  "macabre": -2,
  "maddening": -3,
  "madly": -3,
  "maldevelopment": -2,
  "maltreatment": -2,
  "memoriam": -2,
  "menaced": -2,
  "messing ឡើង": -2,
  "mirthful": 3,
  "mirthfully": 3,
  "misbehaved": -2,
  "misbehaves": -2,
  "misbehaving": -2,
  "misbranded": -3,
  "miscast": -2,
  "misclassified": -2,
  "misclassifies": -2,
  "misclassify": -2,
  "misconducted": -2,
  "misfire": -2,
  "misinformation": -2,
  "mispricing": -3,
  "misreport": -2,
  "misreported": -2,
  "misreporting": -2,
  "misreports": -2,
  "misusing": -2,
  "mongers": -2,
  "monopolizes": -2,
  "monopolizing": -2,
  "Moody": -1,
  "moping": -1,
  "moron": -3,
  "motherfucker": -5,
  "motherfucking": -5,
  "mumpish": -2,
  "n00b": -2,
  "narcissism": -2,
  "niggas": -5,
  "nigger": -5,
  "Noob": -2,
  "nosy": -2,
  "obliterate": -2,
  "obnoxious": -3,
  "oks": 2,
  "ominous": 3,
  "optionless": -2,
  "ostracize": -2,
  "ostracizes": -2,
  "overreacted": -2,
  "overreacts": -2,
  "oversell": -2,
  "overselling": -2,
  "oversells": -2,
  "oversimplification": -2,
  "oversimplified": -2,
  "oversimplifies": -2,
  "oversimplify": -2,
  "overstatement": -2,
  "overstatements": -2,
  "overwrought": -3,
  "oxymoron": -1,
  "pensive": -1,
  "perturbations": -2,
  "pervert": -3,
  "pesky": -2,
  "phobic": -2,
  "pileup": -1,
  "Pique": -2,
  "piss": -4,
  "pissed": -4,
  "piteous": -2,
  "plod": -2,
  "poignant": 2,
  "prblm": -2,
  "prblms": -2,
  "predatory": -2,
  "provokes": -1,
  "pseudoscience": -3,
  "psychopath": -2,
  "quaking": -2,
  "Rage": -2,
  "rant": -3,
  "ranter": -3,
  "ranters": -3,
  "refreshingly": 2,
  "Repulse": -1,
  "Revives": 2,
  "riveting": 3,
  "rofl": 4,
  "roflcopter": 4,
  "roflmao": 4,
  "rotfl": 4,
  "rotflmfao": 4,
  "rotflol": 4,
  "sappy": -1,
  "savange": -2,
  "savanges": -2,
  "scoop": 3,
  "scornful": -2,
  "screwed": -2,
  "screwed ឡើង": -3,
  "scumbag": -4,
  "sexist": -2,
  "shithead": -4,
  "shitty": -3,
  "shoody": -2,
  "sincerest": 2,
  "singleminded": -2,
  "Slam": -2,
  "sloppy": -2,
  "smuggles": -2,
  "sneeze": -2,
  "sneezed": -2,
  "snub": -2,
  "solidifies": 2,
  "soothe": 3,
  "spammer": -3,
  "spiritless": -2,
  "sprightly": 2,
  "stank": -2,
  "stereotyped": -2,
  "stimulating": 2,
  "stinked": -2,
  "stinker": -2,
  "stinks": -2,
  "stinky": -2,
  "stout": 2,
  "stupidly": -2,
  "suave": 2,
  "sueing": -2,
  "sulking": -2,
  "sulky": -2,
  "sullen": -2,
  "swindle": -3,
  "tard": -2,
  "terrorizes": -3,
  "tits": -2,
  "toothless": -2,
  "tout": -2,
  "transgresses": -2,
  "tremulous": -2,
  "trolls": -2,
  "twat": -5,
  "tyran": -3,
  "tyrannical": -3,
  "tyrans": -3,
  "ugh": -2,
  "unappeasable": -2,
  "unappreciative": -2,
  "uncredited": -1,
  "undercooked": -2,
  "underestimate": -1,
  "undermines": -2,
  "unethical": -2,
  "uneventful": -2,
  "unfit": -2,
  "unfunny": -2,
  "ungenerous": -2,
  "uninspired": -2,
  "uninvolving": -2,
  "unloved": -2,
  "unmotivated": -2,
  "unoriginal": -2,
  "unparliamentary": -2,
  "unreleting": -2,
  "unresearched": -2,
  "unscientific": -2,
  "unsophisticated": -2,
  "untarnished": 2,
  "uptight": -2,
  "vapid": -2,
  "victimize": -3,
  "virtuous": 2,
  "vivacious": 3,
  "vociferous": -1,
  "wanker": -3,
  "winwin": 3,
  "wits": 2,
  "woebegone": -2,
  "woo": 3,
  "woohoo": 3,
  "wooo": 4,
  "woow": 4,
  "wowow": 4,
  "wowww": 4,
  "WTF": -4,
  "wtff": -4,
  "wtfff": -4,
  "XO": 3,
  "xoxo": 3,
  "xoxoxo": 4,
  "xoxoxoxo": 4,
  "yeees": 2,
  "yucky": -2,
  "ក": -3,
  "កក់ក្ដៅ": 3,
  "កខ្វក់": -2,
  "កង្វះ": -2,
  "កង្វះខាត": -2,
  "កង់អគ្គិសនី": -1,
  "កណ្ដុរច្រមុះវែង": -4,
  "កណ្តាស់": -2,
  "កន្ទួល": -2,
  "កម្ទេច": -1,
  "កម្ទេចចោល": -2,
  "កម្រិតខ្ពស់": 1,
  "កម្លាំង": 2,
  "កម្សាន្ត": 3,
  "កាកសំណល់": -1,
  "កាត់": -1,
  "កាត់ទោស": -2,
  "កាត់បន្ថយ": -2,
  "កាត់ឱ្យរួចទោស": 2,
  "កាន់ជើង": -2,
  "កាន់តែ": -2,
  "កាន់តែច្រើន": 3,
  "កាន់តែធ្ងន់ធ្ងរ": -2,
  "កាន់តែយ៉ាប់": -2,
  "កាន់តែយ៉ាប់យ៉ឺន": -2,
  "កាន់តែរឹងមាំ": 2,
  "កាន់តែអាក្រក់": -3,
  "កាន់ទុក្ខ": -2,
  "កាប់": -1,
  "ការ​កោតសរសើរ": 2,
  "ការ​ខ្ជះខ្ជាយ": -2,
  "ការ​គំរាម": -2,
  "ការ​តស៊ូ": -2,
  "ការ​លើកទឹកចិត្ត": 2,
  "ការ​អាម៉ាស់​មួយ": -2,
  "ការកាត់ទោស": -2,
  "ការកាត់បន្ថយ": -1,
  "ការកាន់ទុក្ខ": -2,
  "ការការពារ": -1,
  "ការកើនឡើង": 2,
  "ការកេងបន្លំថវិកា": -3,
  "ការកេងប្រវ័ញ្ច": -2,
  "ការកែលម្អ": 2,
  "ការក្បត់": -3,
  "ការក្លែងបន្លំ": -4,
  "ការកំប្លែងលេង": 2,
  "ការកំសាន្ត": 2,
  "ការខកចិត្ត": -2,
  "ការខាតបង់": -3,
  "ការខូចខាត": -3,
  "ការខ្មាស់អៀន": -2,
  "ការខ្វែងគំនិតគ្នា": -2,
  "ការខ្វះខាត": -2,
  "ការខ្វះខាតច្រើនជាង": -2,
  "ការគាបសង្កត់": -2,
  "ការគាំទ្រ": 2,
  "ការគួរ": 1,
  "ការគួរសម": 2,
  "ការគេងមិនលក់": -2,
  "ការគោរព": 2,
  "ការគំនាប់": 2,
  "ការគំរាមកំហែង": -2,
  "ការគំរាមកំហែងដល់": -2,
  "ការឃុបឃិត": -3,
  "ការឃុំខ្លួន": -2,
  "ការឃោសនា": -2,
  "ការចងគំនុំ": -2,
  "ការចង់បាន": 2,
  "ការចម្លងរោគ": -2,
  "ការចរចា": 2,
  "ការចាក់ម្ជុល": -5,
  "ការចាប់ខ្លួ": -2,
  "ការចាប់ខ្លួន": -2,
  "ការចាប់ជម្រិត": -2,
  "ការចាប់ពង្រត់": -2,
  "ការចាប់អារម្មណ៍": 3,
  "ការចិញ្ចឹមបីបាច់": 2,
  "ការចុះខ្សោយ": -2,
  "ការចុះសម្រុងគ្នា": 2,
  "ការចុះអន់ថយ": -2,
  "ការចូលរួម": 1,
  "ការចោទប្រកាន់": -2,
  "ការចោទសួរ": -2,
  "ការច្រណែន": -1,
  "ការឆបោក": -2,
  "ការឆ្លងមេរោគ": -2,
  "ការជម្រុញ": 1,
  "ការជម្លៀសចេញ": -1,
  "ការជួយ": 2,
  "ការជួយសង្គ្រោះ": 2,
  "ការជឿទុកចិត្ត": 1,
  "ការឈឺចាប់": -2,
  "ការឈូសឆាយ": 1,
  "ការឈ្នះ": 4,
  "ការឈ្លានពាន": -2,
  "ការដក": -3,
  "ការដកហូត": -3,
  "ការដាក់កម្រិត": -2,
  "ការដាច់": -2,
  "ការដាច់ទំនាក់ទំនង": -2,
  "ការដួលរលំ": -2,
  "ការដេញថ្លៃ": 2,
  "ការណ៍": -2,
  "ការតវ៉ា": -2,
  "ការតស៊ូ": -2,
  "ការតាំងចិត្ត": 2,
  "ការតាំងទីលំនៅ": 1,
  "ការត្រាស់ដឹង": 2,
  "ការត្រួតពិនិត្យ": -1,
  "ការថទាំ": 2,
  "ការថប់បារម្ភ": -3,
  "ការថែទាំ": 2,
  "ការថែរក្សា": 2,
  "ការថ្កោលទោស": -2,
  "ការថ្វាយខ្លួន": 2,
  "ការទទួលខុសត្រូវ": 2,
  "ការទទួលជ័យជម្នះ": 4,
  "ការទទួលបាន": 2,
  "ការទទួលយក": 1,
  "ការទទួលស្គាល់": 2,
  "ការទប់ស្កាត់": -2,
  "ការទម្លាយភាពទាល់ច្រក": 3,
  "ការទល់លាមក": -2,
  "ការទាក់ទាញ": 2,
  "ការទាមទារ": -1,
  "ការទះដៃ": 2,
  "ការធានា": 1,
  "ការធ្លាក់ចុះ": -1,
  "ការធ្លាក់ចុះសេដ្ឋកិច្ច": -2,
  "ការធ្វើកូដកម្ម": -1,
  "ការធ្វើខុស": -2,
  "ការធ្វើឃាត": -3,
  "ការធ្វើទារុណកម្ម": -4,
  "ការធ្វើទុក្ខ": -2,
  "ការធ្វើពហិការ": -2,
  "ការធ្វើអត្តឃាត": -2,
  "ការធ្វេសប្រហែស": -2,
  "ការនាំបំបះបំបោរ": -2,
  "ការនិយាយសុំទោស": -1,
  "ការនិរទេស": -2,
  "ការបកស្រាយខុស": -2,
  "ការបង្កើតថ្មី": 1,
  "ការបង្កើន": 1,
  "ការបង្ខិតបង្ខំ": -2,
  "ការបង្ហាញភាពត្រឹមត្រូវ": 2,
  "ការបញ្ចុះបញ្ចូល": -2,
  "ការបដិសេធ": -1,
  "ការបន្លិច": 2,
  "ការបន្លំ": -1,
  "ការបន្លំសន្លឹកឆ្នោត": -1,
  "ការបរាជ័យ": -2,
  "ការបរិច្ចាគ": 2,
  "ការប៉ាន់ប្រមាណ": -1,
  "ការប៉ះទង្គិចគ្នា": -2,
  "ការប៉ះពាល់ដល់": -2,
  "ការបាត់បង់": -3,
  "ការបិទផ្លូវ": -2,
  "ការបែកបាក់": -1,
  "ការបោកបញ្ជោត": -3,
  "ការបោកប្រាស់": -3,
  "ការបោះបង់ចោល": -1,
  "ការប្តេជ្ញាចិត្ត": 1,
  "ការប្រកួតប្រជែង": 2,
  "ការប្រឆាំង": -1,
  "ការប្រឆាំងយ៉ាងខ្លាំងក្លាពីសំណាក់": -2,
  "ការប្រព្រឹត្ត": 1,
  "ការប្រមាថ": -2,
  "ការប្រយុទ្ធ": -1,
  "ការប្រារព្ធពិធី": 3,
  "ការប្រុងប្រយ័ត្ន": -1,
  "ការប្រើកលល្បិច": -2,
  "ការប្រើប្រាស់ខុស": -2,
  "ការបំបិទសិទ្ធិ": -1,
  "ការបំផុសគំនិត": 2,
  "ការបំផ្លាញ": -3,
  "ការបំផ្លិចបំផ្លាញ": -3,
  "ការបំផ្លិចបំផ្លាញដោយចេតនា": -2,
  "ការបំផ្លើស": -2,
  "ការបំពុល": -2,
  "ការបំពេញ": 2,
  "ការបំភិតបំភ័យ": -2,
  "ការបះបោរ": -2,
  "ការផាកពិន័យ": 2,
  "ការផ្តន្ទាទោស": -2,
  "ការផ្តល់": 1,
  "ការផ្តល់រង្វាន់": 2,
  "ការផ្តល់សិទ្ធិអំណាច": 2,
  "ការផ្ទុះ": -2,
  "ការផ្ទុះឡើង": -2,
  "ការផ្លាស់ប្តូរការលេងហ្គេម": 3,
  "ការផ្សងព្រេង": 2,
  "ការផ្សព្វផ្សាយ": 2,
  "ការផ្សះផ្សា": 2,
  "ការពង្រឹង": 2,
  "ការពញចិត្ត": 2,
  "ការពន្យារពេល": -1,
  "ការពារ": 1,
  "ការពិន័យ": -2,
  "ការព្រមាន": -3,
  "ការព្រួយបារម្ភមួយ": -2,
  "ការភ្ញាក់ផ្អើល": 2,
  "ការភ័យខ្លាច": -2,
  "ការភ័យបារម្ភ": -2,
  "ការភ័យស្លន់ស្លោ": -3,
  "ការមានទុក្ខព្រួយ": -2,
  "ការមានអារម្មណ៍រីករាយ": 3,
  "ការមិនគោរព": -2,
  "ការមិនទទួលខុសត្រូវ": -2,
  "ការមិនទុកចិត្ត": -3,
  "ការមិនពេញចិត្ត": -2,
  "ការមិនសប្បាយចិត្ត": -2,
  "ការមើលងាយ": -2,
  "ការយល់ច្រឡំ": -2,
  "ការយល់ព្រម": 2,
  "ការយាយី": -3,
  "ការរងទុក្ខវេទនា": -2,
  "ការរងរបួស": -2,
  "ការរត់គេចខ្លួន": -1,
  "ការរត់ជាន់គ្នា": -2,
  "ការរត់ពន្ធ": -2,
  "ការរលាក": -3,
  "ការរអាក់រអួល": -2,
  "ការរារាំង": -1,
  "ការរិចរិល": -2,
  "ការរិះគន់": -2,
  "ការរីកចំរើន": 2,
  "ការរីករាលដាល": -2,
  "ការរឹតបន្តឹង": -2,
  "ការរុករករ៉ែ": 1,
  "ការរើសអើង": -2,
  "ការរើសអើងជាតិសាសន៍": -3,
  "ការរៀបចំ": -1,
  "ការរំខាន": -2,
  "ការរំពឹងទុក": 1,
  "ការរំភើប": 3,
  "ការរំលោភ": -2,
  "ការរំលោភបំពាន": -2,
  "ការរំលោភបំពានដោយខ្លួនឯង": -2,
  "ការរំលោភសេពសន្ថវៈ": -4,
  "ការលក់ភាគច្រើន": -2,
  "ការលាឈប់ពីតំណែង": -1,
  "ការលាតសន្ធឹង": 1,
  "ការលុកលុយ": -1,
  "ការលុបចោល": -1,
  "ការលួងលោម": 2,
  "ការលួងលោមចិត្ត": 2,
  "ការលួច": -2,
  "ការលួចបន្លំ": -4,
  "ការលើកកម្ពស់ការ": 1,
  "ការលើកទឹកចិត្ត": 1,
  "ការលើកលែងទោស": 2,
  "ការលើកឡើង": 2,
  "ការលំបាក": -1,
  "ការវាយដំ": -1,
  "ការវាយប្រយុទ្ធគ្នា": -2,
  "ការវាយប្រហារ": -2,
  "ការវាយលុក": -2,
  "ការសង្គ្រោះ": 2,
  "ការសង្ស័យ": -1,
  "ការសន្យា": 1,
  "ការសន្សំ": 1,
  "ការសម្រេចចិត្ត": 1,
  "ការសម្លាប់": -3,
  "ការសម្លុត": -2,
  "ការសរសើរ": 2,
  "ការសាកសួរ": -1,
  "ការសុំអភ័យទោស": -1,
  "ការសោកស្តាយ": -2,
  "ការស្គាល់ខុសស្គាល់": 2,
  "ការស្ដារ": 1,
  "ការស្តីបន្ទោស": -2,
  "ការស្ទះ": -2,
  "ការស្បថ": -2,
  "ការស្មានទុកជាមុន": 1,
  "ការស្រមើលស្រមៃ": 2,
  "ការស្រឡាញ់": 3,
  "ការស្លាប់": -2,
  "ការស្វាគមន៍": 2,
  "ការស្អប់": -3,
  "ការហាមឃាត់": -2,
  "ការអញ្ជើញ": 1,
  "ការអធ្យាស្រ័យ": 2,
  "ការអនុម័ត": 2,
  "ការអនុវត្តខុស": -2,
  "ការអប់រំ": -2,
  "ការអស់សង្ឃឹម": -2,
  "ការអាណិតអាសូរ": 2,
  "កាឡៃ": -2,
  "កាំភ្លើង": -1,
  "កិច្ចការដែលគួរឱ្យធុញទ្រាន់": -2,
  "កិច្ចព្រមព្រៀង": 1,
  "កិត្តិនាម": 1,
  "កិត្តិយស": 2,
  "កីឡាករ": 1,
  "កុងសូល": 2,
  "កុបកម្ម": -2,
  "កុហក": -3,
  "កូដកម្ម": -1,
  "កូននៃការមួយឆ្កេ": -5,
  "កូនឥតខាន់ស្លា": -5,
  "កើនឡើង": 1,
  "កៀរ": -2,
  "កេងប្រវ័ញ្ច": -2,
  "កោតសរសើរ": 3,
  "ក្ដីមេត្តាករុណា": 3,
  "ក្ដីអស់សង្ឃឹម": -3,
  "ក្ដៅគគុក": 1,
  "ក្តាប់": 2,
  "ក្តីមេត្តា": 2,
  "ក្តីសង្ឃឹម": 2,
  "ក្តីសុខ": -2,
  "ក្តីសុបិន្ត": 1,
  "ក្តៅ": 1,
  "ក្បត់": -3,
  "ក្មេងដែលចូលចិត្តឆាឆៅ": -2,
  "ក្រីក្រ": -2,
  "ក្រីក្របំផុត": -2,
  "ក្រុមឧទ្ទាម": -2,
  "ក្រុមអ្នកតវ៉ា": -2,
  "ក្រុមអ្នករិះគន់": -2,
  "ក្រៅបណ្តាញ": -1,
  "ក្លាយ": -2,
  "ក្លាស៊ីស្តាយ": 3,
  "ក្លាហាន": 2,
  "ក្លិនស្អុយ": -2,
  "ក្លៀវក្លា": 2,
  "ក្លែង": -1,
  "ក្លែងក្លាយ": -3,
  "ក្លែងបន្លំ": -3,
  "ក្ស័យធន": -3,
  "ក្អួត": -3,
  "កំណាច": -3,
  "កំណើន": 2,
  "កំណើនទាប": -2,
  "កំទេច": -2,
  "កំទេចដោយសប្បាយ": 2,
  "កំប្លែង": 1,
  "កំពុង​យំ": -2,
  "កំពុងជួបការលំបាក": -2,
  "កំពុងប្រយុទ្ធ": -2,
  "កំពូល": 4,
  "កំសាក": -2,
  "កំហឹង": -2,
  "កំហុស": -3,
  "កំហុសឆ្គង": -1,
  "កំហុសវិជ្ជាជីវៈ": -2,
  "កំអួត": -3,
  "ខក": -2,
  "ខកខាន": -2,
  "ខកចិត្ត": -2,
  "ខារ៉ាអូខេ": 2,
  "ខឹង": -3,
  "ខឹងចុះ!": -3,
  "ខឹងសម្បាយ៉ាងខ្លាំង": -3,
  "ខុស": -2,
  "ខុសច្បាប់តែប៉ុណ្ណោះ": -3,
  "ខុសឆ្គង": -2,
  "ខូច": -1,
  "ខូចខាត": -2,
  "ខូចចិត្ត": -3,
  "ខូចចិត្តទាំងស្រុង": -3,
  "ខូចទ្រង់ទ្រាយ": -2,
  "ខ្ជាប់ខ្ជួន": 2,
  "ខ្ជិល": -1,
  "ខ្ជះខ្ជាយ": -2,
  "ខ្នង": 1,
  "ខ្ពើមឆ្អើម": -2,
  "ខ្ពើមរអើម": -3,
  "ខ្មាស់": -2,
  "ខ្មាស់អៀន": -2,
  "ខ្មាំងសត្រូវ": -2,
  "ខ្មោច": -1,
  "ខ្មោចលង": -2,
  "ខ្លាច": -2,
  "ខ្លាចក្រែង": -2,
  "ខ្លាំង": 2,
  "ខ្លាំងណាស់": 3,
  "ខ្លាំងបំផុត": 2,
  "ខ្លោចផ្សា": -2,
  "ខ្វល់ខ្វាយ": 2,
  "ខ្វះ": -2,
  "ខ្សែការពារ": 2,
  "ខ្សែប្រយុទ្ធ": -2,
  "ខ្សែភាពយន្ត": 3,
  "ខ្សោយ": -2,
  "ខំ": 2,
  "គតិបណ្ឌិត": 3,
  "គម្របឡើង": -3,
  "គម្រាម": -1,
  "គាំទ្រ": 2,
  "គិត": 2,
  "គុក": -2,
  "គុណប្រយោជន៍": 2,
  "គុណភាព": 2,
  "គុណវិបត្តិ": -3,
  "គុណសម្បត្តិ": 2,
  "គួរ​ឱ្យ​ចាប់អារម្មណ៍": 3,
  "គួរសម": 2,
  "គួរស្ញែងខ្លាច": -3,
  "គួរអោយស្រឡាញ់": 3,
  "គួរអោយអាណិត": -1,
  "គួរឱ្យកត់សម្គាល់": 2,
  "គួរឱ្យខ្ពើម": -3,
  "គួរឱ្យខ្លាច": -2,
  "គួរឱ្យខ្លាចក្រៃលែង": -2,
  "គួរឱ្យគោរពស្រឡាញ់": 3,
  "គួរឱ្យចាប់អារម្មណ៍": 2,
  "គួរឱ្យទាក់ទាញ": 2,
  "គួរឱ្យធុញ": -3,
  "គួរឱ្យបារម្ភ": -3,
  "គួរឱ្យភ្ញាក់ផ្អើល": 4,
  "គួរឱ្យភ័យខ្លាច": -2,
  "គួរឱ្យរីករាយ": 4,
  "គួរឱ្យរំភើប": 3,
  "គួរឱ្យសង្វេគ": -2,
  "គួរឱ្យសង្ស័យ": -2,
  "គួរឱ្យស្តាយ": -2,
  "គួរឱ្យស្រលាញ់": 2,
  "គួរឱ្យស្រលាញ់ឈឺក្បាលវិលមុខ": 3,
  "គួរឱ្យស្រឡាញ់": 3,
  "គួរឱ្យស្អប់ខ្ពើម": -3,
  "គួរឱ្យអស់សំណើច": 4,
  "គួរឱ្យអស់សំណើចណាស់": -3,
  "គួរឱ្យអាម៉ាស់ណាស់": -2,
  "គេច": -2,
  "គេចចេញ": -1,
  "គេជិះជាន់": -2,
  "គេលួចបាត់": -2,
  "គេសង្ស័យថា": -1,
  "គេះថា្នាក់": -2,
  "គោរព": 2,
  "គោរពកោតខ្លាច": -2,
  "គោរពជាទីសក្ការៈ": 2,
  "គោរពស្រឡាញ់": 3,
  "គោរពអោនលំទោន": 2,
  "គោលបំណង": 2,
  "គ្មាន": -1,
  "គ្មាន​ការងារ​ធ្វើ": -1,
  "គ្មានកង្វល់": 1,
  "គ្មានចិត្ត": -2,
  "គ្មានជីវិត": -1,
  "គ្មានតម្លៃ": -2,
  "គ្មានថ្នេរ": 2,
  "គ្មានន័យ": -2,
  "គ្មានប្រយោជន៍": -2,
  "គ្មានប្រសិទ្ធភាព": -2,
  "គ្មានផ្ទះសម្បែង": -2,
  "គ្មានវិជ្ជាជីវៈ": -2,
  "គ្មានសមត្ថភាព": -2,
  "គ្មានសុវត្ថិភាព": -2,
  "គ្មានអនាម័យ": -2,
  "គ្មានអ្វីប្រៀបផ្ទឹមបានឡើយ": 2,
  "គ្មានអំណាច": -2,
  "គ្រប់គ្រាន់": 1,
  "គ្រប់ទីកន្លែង": 2,
  "គ្រាប់": -3,
  "គ្រួសារ": -2,
  "គ្រឿងក្រអូប": -2,
  "គ្រឿងអលង្ការ": 1,
  "គ្រោង": -1,
  "គ្រោង​ការ​ក្បត់": -2,
  "គ្រោះកាច": -3,
  "គ្រោះថ្នាក់": -2,
  "គ្រោះថ្នាក់ចរាចរណ៍": -2,
  "គ្រោះទុរ្ភិក្ស": -2,
  "គ្រោះមហន្តរាយ": -2,
  "គំនរ": -1,
  "គំនរសំរាម": -1,
  "គំនិតច្នៃប្រឌិត": 2,
  "គំនិតច្នៃប្រឌិតថ្មី": 1,
  "គំរាមកំហែង": -2,
  "គំរាមកំហែងដល់": -2,
  "គំរាមយកប្រាក់": -3,
  "ឃាតកម្ម": -2,
  "ឃាតករ": -2,
  "ឃាតករសប្បនិម្មិត": -2,
  "ឃុបឃិត": -3,
  "ឃុំខ្លួន": -2,
  "ឃោរឃៅ": -2,
  "ឃោរឃៅបំផុត": -2,
  "ឃ្លានយ៉ាងខ្លាំង": -2,
  "ងងឹត": -2,
  "ងប់ងល់": 2,
  "ងាប់លិង្គ": -2,
  "ងាយរងគ្រោះ": -2,
  "ចក្ខុវិស័យ": 3,
  "ចង": -2,
  "ចងចាំ": 1,
  "ចងចិញ្ចើម": -1,
  "ចង់": 1,
  "ចង់ដឹងចង់ឃើញ": 1,
  "ចង់បាន": -1,
  "ចម្រាញ់": 1,
  "ចម្រូងចម្រាស": -2,
  "ចម្រូងចម្រាស់": -2,
  "ចម្លែក": -1,
  "ចម្លែកណាស់": -1,
  "ចរិតរីករាយ": 3,
  "ចលាចល": -3,
  "ចល់": -1,
  "ចាកចេញ": -1,
  "ចាកចេញពី": -1,
  "ចាក់": -2,
  "ចាក់ផ្សាយតាមផ្កាយរណប": 2,
  "ចាញ់បោក": -3,
  "ចាប់ខ្លួន": -2,
  "ចាប់ជំរិត": -2,
  "ចាប់ពង្រត់": -2,
  "ចាប់ពិរុទ្ធ": -2,
  "ចាប់យក": 1,
  "ចាប់រំលោភសេពសន្ថវៈ": -4,
  "ចាប់អារម្មណ៍": 3,
  "ចាប់អារម្មណ៍ជាខ្លាំង": 3,
  "ចាប់អារម្មណ៍ឡើយ": -2,
  "ចាស": 1,
  "ចិត្ដខ្នះខ្នែង": 2,
  "ចិត្ដមេត្ដាករុណា": 2,
  "ចិត្តក្លាហានឡើង!": 2,
  "ចិត្តមានបុរស": -2,
  "ចឹងដូច": -2,
  "ចុកឡើង": -3,
  "ចុច Like": 2,
  "ចុះខ្សោយ": -2,
  "ចូរមានអំណរសប្បាយ": 4,
  "ចូរស្អប់ខ្ពើម": -3,
  "ចូលចិត្ត": 2,
  "ចូលរួម": 1,
  "ចេះបង្ហាញសេចក្ដីស្រឡាញ់": 2,
  "ចែករំលែក": 1,
  "ចៃដន្យ": -2,
  "ចោទ": -2,
  "ចោទ​ប្រកា​ន": -2,
  "ចោទប្រកាន់": -2,
  "ចោរប្លន់": -2,
  "ចោរម្នាក់": -2,
  "ច្បាស់ណាស់": 1,
  "ច្រងោ": -2,
  "ច្រណែន": -2,
  "ច្រណែនឈ្នានីសគ្នា": -1,
  "ច្របល់": -2,
  "ច្របាច់": -2,
  "ច្រឡំ": -2,
  "ច្រានចោល": -1,
  "ច្រាស់": 1,
  "ច្រើន": 1,
  "ចំកួត": -2,
  "ចំណងមិត្ដភាព": 2,
  "ចំណង់": 2,
  "ចំណង់ចំណូលចិត្ត": 1,
  "ចំណាប់": -2,
  "ចំណាយ": -2,
  "ចំណែក": 1,
  "ចំនូលចិត្ត": 2,
  "ចំលែក": -2,
  "ចំអក": -2,
  "ឆក់": -2,
  "ឆន្ទៈ": 2,
  "ឆន្ទៈចង់": 1,
  "ឆបោក": -2,
  "ឆល់": 2,
  "ឆាកល្ខោន": -1,
  "ឆាឆៅ": -2,
  "ឆាប់ខឹង": -3,
  "ឆើតឆាយ": 2,
  "ឆ្កួត": -3,
  "ឆ្កេ": -5,
  "ឆ្កេញី": -5,
  "ឆ្គង": -2,
  "ឆ្ងល់": -2,
  "ឆ្ងាញ់": 3,
  "ឆ្នុក": -2,
  "ឆ្នើម": 5,
  "ឆ្លង": -1,
  "ឆ្លងមេរោគ": -2,
  "ឆ្លាត": 2,
  "ឆ្លាតបំផុត": 2,
  "ឆ្លាតវៃ": 2,
  "ឆ្លើយតប": 2,
  "ជជីក": -3,
  "ជនក្បត់ជាតិ": -3,
  "ជនក្រីក្រ": -2,
  "ជនឆបោក": -4,
  "ជនដៃដល់": -2,
  "ជនបោកប្រាស់": -3,
  "ជនពិការ": -2,
  "ជនរងគ្រោះ": -3,
  "ជនរងគ្រោះដោយ": -3,
  "ជនល្មើស": -2,
  "ជនសង្ស័យ": -1,
  "ជម្ងឺ": -3,
  "ជម្ងឺប៉ោងពោះ": -1,
  "ជម្រុញការ": 2,
  "ជម្រុញចិត្ត": 2,
  "ជម្រះ": 1,
  "ជម្លៀស": -1,
  "ជម្លៀសចេញ": -1,
  "ជម្លោះ": -2,
  "ជា disjointed": -2,
  "ជា fad": -2,
  "ជាការខុសច្បាប់": -3,
  "ជាការងាយស្រួល": 1,
  "ជាការពិត": 2,
  "ជាការលើកតម្កើង": 3,
  "ជាកំពុបញ្ឆោត": 3,
  "ជាក់លាក់": 1,
  "ជាចាំបាច់": -1,
  "ជាដំណោះស្រាយ": 1,
  "ជាតិដែក": -1,
  "ជាតិពុល": -2,
  "ជាទីគាប់ព្រះហឫទ័យ": 2,
  "ជាទីស្រឡាញ់": 2,
  "ជាបណ្ដោះអាសន្ន": -2,
  "ជាប់": -2,
  "ជាប់កិច្ចសន្យា": 2,
  "ជាប់គាំង": -2,
  "ជាប់គុក": -2,
  "ជាប់សង្ស័យ": -1,
  "ជារៀងរហូត": -1,
  "ជាសួនឧទ្យាន": 3,
  "ជូនដំណឹង": -1,
  "ជូនពរ": 1,
  "ជូរចត់": -2,
  "ជូលី": 2,
  "ជួបការលំបាក": -2,
  "ជួយ": 2,
  "ជួយពួកគេ": 2,
  "ជួយសង្គ្រោះ": 2,
  "ជើងឯក": 2,
  "ជឿ": -1,
  "ជឿជាក់": -3,
  "ជឿជាក់លើខ្លួនឯង": 2,
  "ជឿដោយងងឹតងងុល": -2,
  "ជឿទុកចិត្ត": 2,
  "ជៀសវាង": -1,
  "ជេរប្រមាថ": -2,
  "ជោគជ័យ": 4,
  "ជ្រាប": -2,
  "ជ្រុង": -2,
  "ជ្រុលនិយម": -2,
  "ជ្រុលនិយមខាងសាសនា": -2,
  "ជ្រើសរើស": 1,
  "ជំងឺ": -2,
  "ជំងឺគ្រុន": -2,
  "ជំងឺធ្លាក់ទឹកចិត្ត": -2,
  "ជំងឺផ្តាសាយ": -2,
  "ជំងឺមហារីក": -1,
  "ជំងឺវាសនា": -2,
  "ជំងឺវិកលចរិត": -2,
  "ជំនាញ": 2,
  "ជំនួយឥតសំណង": 1,
  "ជំនឿ": 1,
  "ជំរាបសួរ": 2,
  "ជំរុញ": 1,
  "ជ័យជំនះ": 4,
  "ឈប់": -1,
  "ឈប់ប្រតិបត្តិការ": -2,
  "ឈានដល់": 1,
  "ឈានមុខគេ": 1,
  "ឈឺ": -2,
  "ឈឺក្បាល": -2,
  "ឈឺក្បាលវិលមុខ": -2,
  "ឈឺក្បាលវិលមុខល្អបំផុត": 4,
  "ឈឺចាប់": -2,
  "ឈឺណាស់": -2,
  "ឈ្ងុយ": 3,
  "ឈ្នះ": 4,
  "ឈ្លក់វង្វេង": 2,
  "ឈ្លានពាន": -2,
  "ឈ្លើយ": -2,
  "ញញឹម": 2,
  "ញាប់ញ័រ": -2,
  "ញ័រ": -2,
  "ដក": -1,
  "ដកដង្ហើមធំ": -2,
  "ដកសិទ្ធិ": -2,
  "ដាក់": -1,
  "ដាក់កម្រិត": -2,
  "ដាក់ខុសកន្លេង": -2,
  "ដាក់ខុសកន្លែង": -2,
  "ដាក់ទោ": -2,
  "ដាក់ទោស": -2,
  "ដាក់ទោសទណ្ឌ": -2,
  "ដាក់ទោសមន្ដ្រី": 2,
  "ដាក់បណ្តាសា": -1,
  "ដាក់ពន្ធនាគារ": -2,
  "ដាច់ឆ្ងាយ": -1,
  "ដាច់ភ្លើង": -2,
  "ដាច់អហង្ការ": -2,
  "ដាស់តឿន": -2,
  "ដិត": 2,
  "ដីកា": -2,
  "ដឹកនាំ": 2,
  "ដុំសាច់": -2,
  "ដូច": 2,
  "ដូចកូនក្មេង": -2,
  "ដួលរលំ": -2,
  "ដើរ​ចេញ": -2,
  "ដេកមិនលក់": -2,
  "ដេលឆាប់ច្យេ": -2,
  "ដេលរតុវកេរុញ": -1,
  "ដែនកំណត់": -1,
  "ដែល chagrined": -2,
  "ដែល​ខុសច្បាប់": -3,
  "ដែល​ផ្សងព្រេង": 2,
  "ដែល​មិនអាច​បញ្ឈប់​បាន": 2,
  "ដែល​សោក​ស្តា​យ": -2,
  "ដែលខូច": -2,
  "ដែលចង់": 2,
  "ដែលបានកំណត់": -1,
  "ដែលបានបម្រុង": 1,
  "ដែលមានចិត្ដរាបទាប": 1,
  "ដែលមានចំនួនច្រើន": -2,
  "ដែលមានប្រសិទ្ធភាព": 2,
  "ដែលមានសិទ្ធិ": 2,
  "ដែលមិនចង់បាន": -2,
  "ដែលមិនចេះខ្វល់ខ្វាយ": -2,
  "ដែលមិនត្រូវបានអនុម័ត": -2,
  "ដែលមិនអាចសងបំណុល": -2,
  "ដោយ​ចិត្ដ​រីករាយ": 2,
  "ដោយក្ដីស្រឡាញ់": 2,
  "ដោយខុសច្បាប់": -2,
  "ដោយខ្លួនឯងដែលផ្ទុយ": -2,
  "ដោយខ្លួនឯងបានបញ្ឆោត": -2,
  "ដោយចិត្ដក្លាហាន": 2,
  "ដោយចៃដន្យ": -2,
  "ដោយជោគជ័យ": 3,
  "ដោយប្រថុយប្រថាន": -2,
  "ដោយប្រុងប្រយ័ត្ន": 2,
  "ដោយមោទនភាព": 2,
  "ដោយយល់អារម្មណ៍": 2,
  "ដោយសន្តិវិធី": 2,
  "ដោយសារការបង្ហាញ": -1,
  "ដោយសុវត្ថិភាព": 1,
  "ដោយស្មារតី": 2,
  "ដោយស្មោះ": 2,
  "ដោយស្របច្បាប់": 1,
  "ដោយអចេតនា": -2,
  "ដោយអត់ទោសឱ្យ": 2,
  "ដោយអំណរ": 3,
  "ដោះស្រាយ": 1,
  "ដំណើរការទៅមុខ": -1,
  "ដំណើរផ្សងព្រេង": 2,
  "ដំណោះស្រាយ": 2,
  "ដ៍សាហាវ": -2,
  "តក់ស្លុត": -3,
  "តក់ស្លុតណាស់": -2,
  "តតាត់": -2,
  "តម្រូវការ": -1,
  "តម្លៃប្រេងឆៅ": -1,
  "តាកែវ": 2,
  "តានតឹង": -2,
  "តាមរយៈប្រព័ន្ធ SWIFT": 2,
  "តាល": -2,
  "តឹងរ៉ឹង": -1,
  "តុលាការ": 2,
  "តុល្យភាព": 1,
  "តូចចិត្ត": -2,
  "តូប": -2,
  "តែម្នាក់ឯង": -2,
  "ត្បូង": 3,
  "ត្រង់": 1,
  "ត្រជាក់": 1,
  "ត្រូវតែបានយកចេញ": -1,
  "ត្រូវបានចាប់ខ្លួន": -3,
  "ត្រូវបានចោទប្រកាន់": -3,
  "ត្រៀមខ្លួន": -2,
  "ត្អូញត្អែរ": -2,
  "តំណាង": -2,
  "តំឡើងឋានៈ": 1,
  "ថតរូប": -2,
  "ថយចុះតម្លេ": -2,
  "ថវិកាសង្គ្រោះ": -2,
  "ថាមពល": 3,
  "ថូរ": -2,
  "ថើប": 2,
  "ថ្កោលទោស": -2,
  "ថ្ងូរ": -2,
  "ថ្នាំបំបាត់ការ": 1,
  "ថ្នាំពុល": -2,
  "ថ្លៃ": -2,
  "ទទួល​ស្គា​ល": -1,
  "ទទួលបាន": 2,
  "ទទួលបានជោគជ័យ": 3,
  "ទទួលបានរង្វាន់": 3,
  "ទទួលបានអត្ថប្រយោជន៍": 2,
  "ទទួលប្រយោជន៍": 2,
  "ទទួលយក": 1,
  "ទទួលរង": -2,
  "ទទួលរង្វាន់": 2,
  "ទទេ": -1,
  "ទន់ខ្សោយ": -2,
  "ទន់ភ្លន់": 2,
  "ទប់ស្កាត់": -1,
  "ទម្ងន់ទោស": -2,
  "ទម្រង់": -2,
  "ទម្រង់លេង": 2,
  "ទម្លាក់": -2,
  "ទស្សនៈវិស័យ": 1,
  "ទាក់ទាញ": 2,
  "ទាញយក": -2,
  "ទាបជាង": -2,
  "ទាបបំផុត": -1,
  "ទារុណកម្ម": -4,
  "ទាសករ": -3,
  "ទាសភាព": -3,
  "ទាស់ចិត្ដ": -2,
  "ទាំងខឹងសម្បា": -2,
  "ទិតៀន": -2,
  "ទិន្នន័យសំខាន់": 3,
  "ទិសដៅខាងស្ដាំ": 3,
  "ទីពឹង": -2,
  "ទីម័រ": -2,
  "ទឹកភ្នែក": -2,
  "ទុក្ខព្រួយ": -2,
  "ទុក្ខលំបាក": -1,
  "ទុក្ខវេទនា": -2,
  "ទុច្ចរិត": -2,
  "ទុដ្ឋិនិយម": -2,
  "ទុទិដ្ឋិនិយម": -2,
  "ទូទៅអំពី": -3,
  "ទូលំទូលាយ": 2,
  "ទេពកោសល្យ": 2,
  "ទេវកថា": -1,
  "ទោស": -3,
  "ទ្រព្យសកម្ម": 2,
  "ទ្រព្យសម្បត្ដិ": 2,
  "ទ្រព្យសម្បត្តិ": 2,
  "ទ្រាំ": 2,
  "ទំនុកចិត្ត": 2,
  "ទំនុកចិត្តខ្លួនឯង": 2,
  "ទំនើប": 3,
  "ទំនើបកម្ម": 2,
  "ទះដៃ": 2,
  "ធម្មជាតិ": 1,
  "ធានា": 2,
  "ធានាដល់": 1,
  "ធានាសុវត្ថិភាព": 2,
  "ធានាឱ្យបាននូវ": 1,
  "ធុញ": -2,
  "ធុញទ្រាន់": -2,
  "ធូប": -2,
  "ធូរចិត្ត": 2,
  "ធេវីអាេយខឹងខ្លាមង": -2,
  "ធ្ងន់ធ្ងរ": -3,
  "ធ្ងន់ធ្ងរឡើង": -2,
  "ធ្លាក់ចុះ": -1,
  "ធ្លាក់ចេញពីផ្លូវ": -2,
  "ធ្លាក់ទឹកចិត្ដ": -2,
  "ធ្លាក់ផ្លូវ": -2,
  "ធ្លាក់យន្តហោះ": -2,
  "ធ្វើ": -3,
  "ធ្វើ​ឱ្យ​មាន​សុពលភាព": 1,
  "ធ្វើខុស": -2,
  "ធ្វើឃាត": -3,
  "ធ្វើទារុណកម្ម": -4,
  "ធ្វើទុកបុកម្នេញ": -2,
  "ធ្វើទុក្ខបុកម្នេញ": -2,
  "ធ្វើទំនើបកម្ម": 2,
  "ធ្វើពហិការ": -2,
  "ធ្វើពហិការមិនចូល": -2,
  "ធ្វើពុត": -1,
  "ធ្វើអត្តឃាត": -2,
  "ធ្វើអោយ": 3,
  "ធ្វើអោយប្រសើរឡើងនូវ": 2,
  "ធ្វើឱ្យខូច": -2,
  "ធ្វើឱ្យខូចដល់": -2,
  "ធ្វើឱ្យធ្ងន់ធ្ងរ": -2,
  "ធ្វើឱ្យប៉ះពាល់ដល់": -2,
  "ធ្វើឱ្យប្រសើរឡើង": 2,
  "ធ្វើឱ្យមានសុពលភាព": 1,
  "ធ្វើឱ្យយល់ខុស": -2,
  "ធ្វើឱ្យយ៉ូបបាក់ទឹកចិត្ដ": -2,
  "ធ្វើឱ្យយើងព្រួយចិត្ដ": -2,
  "ធំ": 1,
  "ធំទូលាយ": 1,
  "ធំបំផុត": 3,
  "នរក": -2,
  "នាក់ដែលទស្សនិកជនចូលចិត្ត": 2,
  "នាក់រងរបួស": -2,
  "នាំមុខគេ": 2,
  "និយាយកុហក": -3,
  "និយាយបំផ្លើស": -2,
  "និរទេស": -2,
  "និរន្តរភាព": 1,
  "នឹកផ្ទះ": -2,
  "នឹងនរ": -1,
  "នឿយហត់": -2,
  "នៅក្បែរនោះ": -1,
  "នៅដដែល": 2,
  "នៅពេលខាងមុខ": -1,
  "នៅរស់": 1,
  "នៅរស់រានមានជីវិត": 2,
  "នៅលើយន្តហោះ": 1,
  "នៅស្ថានបរមសុខ": 4,
  "ន្ទុចបង្អាក់": -2,
  "បកស្រាយខុស": -2,
  "បកអាក្រាត": -1,
  "បងា្ករ": -1,
  "បង្ក": -1,
  "បង្កគ្រោះថ្នាក់": -2,
  "បង្កឱ្យ": -1,
  "បង្កើតឡើងយ៉ាងល្អ": 2,
  "បង្កើន": 1,
  "បង្កើនការ": 1,
  "បង្ខិតបង្ខំ": -2,
  "បង្ខិតបង្ខំប្រមើលមើលឃើញរយៈពេលខ្លី": -2,
  "បង្ខូច": -2,
  "បង្ខូចកេរ្តិ៍ឈ្មោះ": -2,
  "បង្ខូចទ្រង់ទ្រាយ": -2,
  "បង្ខំ": 1,
  "បង្រួបបង្រួម": 1,
  "បង្វែរ": -1,
  "បង្ហាញការពិត": 2,
  "បង្ហាញភាពមិនត្រឹមត្រូវ": -2,
  "បង្ហូរឈាម": -3,
  "បង្អាក់ការ": -2,
  "បង់ប្រាក់": -1,
  "បញ្ចុះតម្លៃ": -1,
  "បញ្ចុះបញ្ចូល": 1,
  "បញ្ចៀស": -1,
  "បញ្ចេញ": -2,
  "បញ្ឆោត": -3,
  "បញ្ជូន": -2,
  "បញ្ឈប់": -1,
  "បញ្ហា": -2,
  "បញ្ហាងាប់": -2,
  "បញ្ហាប្រឈម": -1,
  "បដិសេធ": -1,
  "បដិសេធមិន": -2,
  "បណ្ដាល": -2,
  "បណ្ដេញ": -2,
  "បណ្តេញ": -2,
  "បណ្តេញចេញ": -1,
  "បទមនុស្សឃាត": -3,
  "បទល្មើស": -2,
  "បទល្មើសឧក្រិដ្ឋ": -3,
  "បទសូកប៉ាន់": -3,
  "បទឧក្រិដ្ឋ": -3,
  "បទេស": -2,
  "បន្ថយ": -2,
  "បន្ទប់រង់ចាំ": -2,
  "បន្ទាន់": -1,
  "បន្ទុក": -2,
  "បន្ធូរបន្ថយ": 2,
  "បន្លា": -2,
  "បន្លាច": -2,
  "បន្លេង": 3,
  "បន្លំ": -3,
  "បន្លំភ្នែក": -2,
  "បរាជ័យ": -2,
  "បរិច្ចាក": 2,
  "បរិសុទ្ធបំផុត": 1,
  "បរិស្ថាន": 2,
  "បរិហារ": -2,
  "បហ្ចុហបហ្ចូលអាេយប្ដូរកមនិត": -3,
  "ប៉ាលី": -1,
  "ប៉ូលា": 2,
  "ប៉េស្ត": -3,
  "ប៉ះទង្គិច": -2,
  "ប៉ះពាល់": -1,
  "ប៉ះពាល់ច្រើន": -1,
  "ប៉ះពាល់ដល់": -2,
  "បាក់ទឹកចិត្ដឱ្យសោះ": -2,
  "បាក់ទឹកចិត្ត": -2,
  "បាក់រលំ": -2,
  "បាក់ស្បាត": -2,
  "បាញ់": -2,
  "បាតុកម្ម": -1,
  "បាត់": -2,
  "បាត់ខ្លួន": -2,
  "បាត់បង់": -2,
  "បាត់លក្ខណៈ": -2,
  "បាត់លក្ខណៈជាមនុស្ស": -2,
  "បាន deformed": -2,
  "បាន engrossed": 1,
  "បាន​កែប្រែ": -1,
  "បាន​រំខាន": -2,
  "បានកោតសរសើរ": 2,
  "បានកោតសរសើរចំពោះ": 2,
  "បានកំណត់": 2,
  "បានខកខាន": -2,
  "បានគាំទ្រ": 2,
  "បានគោរពបូជា": 3,
  "បានចោទប្រកាន់": -2,
  "បានចោទសួរ": -1,
  "បានជាស្អាតបរិសុទ្ធ": 2,
  "បានជួបការលំបាក": -2,
  "បានដាក់កម្រិត": -2,
  "បានដាស់តឿន": -2,
  "បានដោះលែង": 2,
  "បានដោះស្រាយ": 1,
  "បានថ្កោលទោស": -2,
  "បានទទួលស្គាល់ថា": -1,
  "បានទាក់ទាញ": 1,
  "បានទាមទារ": -1,
  "បានធានា": 1,
  "បានធ្វើខុស": -2,
  "បានធ្វើអាជីវកម្ម": -2,
  "បាននិរទេស": -2,
  "បានបង្ហាញ": -1,
  "បានបញ្ឈប់": -1,
  "បានបដិសេធ": -2,
  "បានបណ្ដាលឱ្យសរសេរ": 2,
  "បានបិទ": -1,
  "បានបើកដំណើរការ": 1,
  "បានបោះបង់ចោល": -1,
  "បានបំផ្លិចបំផ្លាញ": -2,
  "បានបំពេញ": 2,
  "បានផ្ដល់": 1,
  "បានផ្ដល់កិត្តិយស": 2,
  "បានផ្ដល់អនុសាសន៍": 2,
  "បានផ្តួ": -2,
  "បានពង្រឹង": 2,
  "បានពន្យារពេល": -1,
  "បានយល់ព្រម": 1,
  "បានយ៉ាងល្អ proportioned": 2,
  "បានរក្សាទុក": 2,
  "បានរាតត្បាតទៅលើ": -2,
  "បានរៀបចំ": 1,
  "បានលាក់": -1,
  "បានលាលែងពីតំណែង": -1,
  "បានសង្កត់ធ្ងន់": -2,
  "បានសន្យា": 1,
  "បានសមស្រប": 2,
  "បានស្តីបន្ទោស": -2,
  "បានស្រស់ស្អាត": 3,
  "បានសំលាប់មនុស្ស": -3,
  "បានហាមឃាត់": -2,
  "បានអនុម័ត": 2,
  "បានអរសប្បាយ": 4,
  "បារម្ភ": -2,
  "បិតមាត់": -2,
  "បិទ": -1,
  "បិទទ្វារ": -2,
  "បិទបាំង": -1,
  "បុក": -1,
  "បុណ្យ": 2,
  "បុណ្យណូអ៊ែល": 3,
  "បូកសរុប": -1,
  "បូមយក": -3,
  "បូរណភាព": 2,
  "បៀតបៀន": -2,
  "បេក្ខនារី": -2,
  "បែកខ្ចាយ": -2,
  "បែបសំណំ": 2,
  "បៃតង": -3,
  "បោក": -3,
  "បោកបញ្ឆោត": -2,
  "បោកប្រាស់": -3,
  "បោះចោល": -2,
  "បោះបង់": -1,
  "បោះបង់ចោល": -2,
  "ប្ដឹង": -2,
  "ប្តឹង": -2,
  "ប្តឹងតវ៉ា": -2,
  "ប្តឹងរឹបអូស": -2,
  "ប្តេជ្ញា": 1,
  "ប្រ": 1,
  "ប្រកបដោយចីរភាព": 2,
  "ប្រកបដោយនិរន្តរភាព": 2,
  "ប្រកបដោយភាពច្នៃប្រឌិត": 2,
  "ប្រកាន់ខ្ជាប់": 1,
  "ប្រកាន់ជាតិសាសន៍": -3,
  "ប្រកាសអាសន្ន": -2,
  "ប្រកែក": -1,
  "ប្រគល់": 2,
  "ប្រឆាំង": -2,
  "ប្រជាប្រិយភាព": 2,
  "ប្រឌិតដោយអ្នកឈរឈ្មោះ": -3,
  "ប្រណិត": 2,
  "ប្រណីសន្ដោស": 3,
  "ប្រតិកម្ម": -2,
  "ប្រតិកម្មយ៉ាងខ្លាំង": -2,
  "ប្រទានពរដល់": 2,
  "ប្រផេះ": -1,
  "ប្រព្រឹត្ដរំលង": -2,
  "ប្រព្រឹត្ត": -2,
  "ប្រភេទ": 2,
  "ប្រភេទ​នៃ": 0,
  "ប្រភេទមួយចំនួន": 0,
  "ប្រមាថ": -2,
  "ប្រមាថមើលងាយ": -2,
  "ប្រយុទ្ធ": -1,
  "ប្រយោគ": -2,
  "ប្រយោជន៍": 2,
  "ប្រលោមលោក": 2,
  "ប្រវត្តិសាស្ត្រ": 2,
  "ប្រសាទ": -2,
  "ប្រសិទ្ធភាព": 2,
  "ប្រសិទ្ធិភាព": 2,
  "ប្រសើរ": 2,
  "ប្រហោង": -1,
  "ប្រឡាក់ប្រឡូស": -2,
  "ប្រាក់ចំណេញ": -2,
  "ប្រាក់សំណូក": -3,
  "ប្រាជ្ញា": 1,
  "ប្រារព្ធពិធី": 3,
  "ប្រារព្វពិធី": 3,
  "ប្រាសាទ": -2,
  "ប្រាសាទបុរាណ": -2,
  "ប្រិតបត្តិការ": -1,
  "ប្រើប្រាស់បានយូរ": 2,
  "ប្រើមិន": -2,
  "ប្រេងធ្លាយ": 2,
  "ប្រេះឆា": -3,
  "ប្រែក្លាយទៅជាថ្ម": -2,
  "ប្រោសលោះ": 2,
  "ប្លន់": -2,
  "ប្លុក": -1,
  "បំ": -1,
  "បំណងប្រាថ្នា": 1,
  "បំណងប្រាថ្នារបស់": 1,
  "បំណុល": -2,
  "បំបាក់មុខ": -3,
  "បំបាត់ភាព": 1,
  "បំបែរអារម្មណ៍": -2,
  "បំផុសគំនិត": 3,
  "បំផ្ទុះគ្រាប់បែក": -1,
  "បំផ្លាញ": -2,
  "បំផ្លាញវាលស្រែ": -2,
  "បំផ្លើស": -2,
  "បំពាន": -3,
  "បំពុល": -2,
  "បំពេញ": 2,
  "បំពេញចិត្ត": 2,
  "បំពេញសេចក្តីត្រូវការ": -2,
  "បំភាន់": -3,
  "បំភិតបំភ័យ": -2,
  "បំភ្លឺ": 2,
  "បំភ្លេច": -1,
  "បំភ្លេចចោល": -1,
  "បំភ័យ": -3,
  "បះបោរ": -2,
  "ប័ណ្ណ": -1,
  "ផងដរ": -4,
  "ផងដែរការអភិវឌ្ឍ": 2,
  "ផងដែរដែលបានគាំទ្រ": 3,
  "ផល​ប៉ះពាល់": -2,
  "ផលចំណេញ": 2,
  "ផលប្រយោជន៍": 2,
  "ផលវិបាក": -2,
  "ផាបខ្ពើមរអើម": -3,
  "ផាសីស": -2,
  "ផុស": -1,
  "ផ្កាភ្លើង": 1,
  "ផ្ញើសារឥតបានការ": -3,
  "ផ្ដាច់": -1,
  "ផ្ដាច់ការ": -3,
  "ផ្ដើមវក់": -3,
  "ផ្តន្ទាទោស": -1,
  "ផ្តល់សច្ចាប័ន": 2,
  "ផ្តល់សិទ្ធិអំណាចដល់": 2,
  "ផ្តល់អនុសាសន៍": 2,
  "ផ្តល់ឱ្យ": 1,
  "ផ្តាច់មុខ": 2,
  "ផ្តោតការយកចិត្តទុកដាក់": 2,
  "ផ្តោតការយកចិត្តទុកដាក់យ៉ាងល្អ": 2,
  "ផ្នូរ": -2,
  "ផ្នែក​ដែល​រង​ឥទ្ធិពល": -2,
  "ផ្នែកច្បាប់": 1,
  "ផ្លីផើ្ល": -3,
  "ផ្សែងអ័ព្ទ": -2,
  "ផ្សះផ្សា": 2,
  "ផ្អាក": -1,
  "ផ្អូម": -2,
  "ផ្អៀង": -5,
  "ផ្អែម": 3,
  "ផ្អែមល្ហែម": 3,
  "ព​ន្លឹ": 1,
  "ពង្រត់": -2,
  "ពង្រីក": 1,
  "ពង្រឹង": 2,
  "ពន្យាពេល": -1,
  "ពន្យារពេល": -1,
  "ពន្លឺ": 1,
  "ពន្លឺថ្ង": 2,
  "ពពក": -1,
  "ពរជ័យ": 3,
  "ពាក្យបណ្តឹង": -2,
  "ពាក់": -1,
  "ពានរង្វាន់": 3,
  "ពិការភាព": -3,
  "ពិការភ្នែក": -1,
  "ពិធីបុណ្យ​សព": -1,
  "ពិធីបុណ្យសព": -1,
  "ពិនិត្យចាប់ពិរុទ្ធ": -2,
  "ពិន័យ": -2,
  "ពិបាក": -2,
  "ពិព័រណ៍": 2,
  "ពិរុទ្ធភាព": -3,
  "ពឹងផ្អែកលើការ": 2,
  "ពុល": -3,
  "ពុំអាចដោះសាខ្លួន": -3,
  "ពុំអាចទៅរួច": -2,
  "ពូថៅ": -1,
  "ពួកឧទ្ទាម": -2,
  "ពេជ្រ": 1,
  "ពេញចិត្ត": -2,
  "ពេញចិត្តក្នុងការស្តាប់": 2,
  "ពេញច្បាប់": 2,
  "ពេញនិយម": 3,
  "ព្រងើយកណ្តើយ": -2,
  "ព្រមាន": -2,
  "ព្រមានជា": -2,
  "ព្រហើនកោងកាច": -2,
  "ព្រហ្មទណ្ឌ": -2,
  "ព្រិល": -2,
  "ព្រឹត្ដល្មើស": -2,
  "ព្រួយចិត្ដ": -2,
  "ព្រួយចិត្ត": -3,
  "ព្រួយបារម្ភ": -3,
  "ព្រៃផ្សៃ": -2,
  "ព្រះ": 1,
  "ព្រះគុណ": 1,
  "ព្រះទ័យទុកដាក់ពិតប្រាកដ": 2,
  "ព្រះពរ": 3,
  "ព្រះយេស៊ូវ": 1,
  "ព្រះវិញ្ញាណ": 1,
  "ភក្ដីភាពចំពោះ": 2,
  "ភក្តី": 3,
  "ភក់": -2,
  "ភាគហ៊ុន": 1,
  "ភាព": 2,
  "ភាព​ក្រីក្រ": -1,
  "ភាព​ទាក់ទាញ": 2,
  "ភាព​សុខដុម": 2,
  "ភាព​អត់​ការងារ​ធ្វើ": -2,
  "ភាព​អត់​ឃ្លាន": -2,
  "ភាពកក់ក្ដៅ": 2,
  "ភាពកខ្វក់": -2,
  "ភាពក្លាហាន": 2,
  "ភាពក្ស័យធន": -3,
  "ភាពខ្លាំង": 2,
  "ភាពគ្រប់គ្រាន់": -2,
  "ភាពងងឹត": -1,
  "ភាពងាយរងគ្រោះ": -2,
  "ភាពចម្រូងចម្រាស": -2,
  "ភាពច្នៃប្រឌិត": 1,
  "ភាពច្បាស់លាស់": 2,
  "ភាពជាប់គាំង": -2,
  "ភាពជាអ្នកដឹកនាំ": 1,
  "ភាពជូរចត់": -3,
  "ភាពជោគជ័យ": 2,
  "ភាពតានតឹង": -2,
  "ភាពទន់ខ្សោយ": -2,
  "ភាពបរាជ័យ": -2,
  "ភាពព្រងើយកន្ដើ": -3,
  "ភាពមិនចុះសម្រុង": -2,
  "ភាពមិនច្បាស់លាស់": -1,
  "ភាពរន្ធត់": -3,
  "ភាពរឹងមាំខាង": 3,
  "ភាពរុងរឿង": 3,
  "ភាពល្ងង់ខ្លៅ": -2,
  "ភាពល្អប្រសើរ": 1,
  "ភាពលំអៀង": -1,
  "ភាពវឹកវរ": -2,
  "ភាពសក្ដិសម": 2,
  "ភាពសប្បាយរីករាយ": 4,
  "ភាពស៊ាំ": 1,
  "ភាពសាមញ្ញ": 1,
  "ភាពសាហាវឃោរឃៅ": -3,
  "ភាពសុខស្រួល": 2,
  "ភាពសូន្យទទេ": -1,
  "ភាពស្ងប់ស្ងាត់": 2,
  "ភាពស្និទ្ធស្នាល": 2,
  "ភាពស្មោះត្រង់": 2,
  "ភាពស្រអាប់": -1,
  "ភាពអកុសល": -2,
  "ភាពអស់សង្ឃឹម": -3,
  "ភាពអាចជឿជាក់បាន": 2,
  "ភាពអាត្មានិយម": -3,
  "ភាពអាម៉ាស់": -2,
  "ភេទ": -2,
  "ភេរវកម្ម": -2,
  "ភេរវករ": -2,
  "ភ្ញាក់ផ្អើល": -2,
  "ភ្ញាក់ផ្អើលកាន់តែខ្លាំង": 3,
  "ភ្ញាក់ផ្អើលខ្លាំងណាស់": 2,
  "ភ្ញាក់ផ្អើលជាខ្លាំង": 3,
  "ភ្ញាក់ផ្អើលយ៉ាងខ្លាំង": 2,
  "ភ្លាត់": -3,
  "ភ្លាម": 1,
  "ភ្លឺ": 2,
  "ភ្លើង": -2,
  "ភ្លៀង": -1,
  "ភ្លេច": -2,
  "ភ័យខ្លាច​ជា​ខ្លាំង": -3,
  "ភ័យខ្លាចឡើយ": 2,
  "ភ័យតក់ស្លុត": -2,
  "ភ័យបារម្ភ": -1,
  "ភ័យស្លន់ស្លោ": -3,
  "មនុស្សកំសាក": -2,
  "មនុស្សខ្វិន": -2,
  "មនុស្សឃាត": -2,
  "មនុស្សឆ្កួត": -3,
  "មនុស្សទុច្ចរិត": -2,
  "មនុស្សល្ងីល្ងើ": -2,
  "មនុស្សស្លាប់": -3,
  "មនុស្សអាក្រក់": -2,
  "មន្តស្នេហ៍": 3,
  "មន្ទិលសង្ស័យ": -2,
  "មហន្តរាយ": -3,
  "ម៉ឺងម៉ាត់": 1,
  "មាន​ផា​សុខភាព": 2,
  "មានការខឹងសម្បាយ៉ាងខ្លាំង": -2,
  "មានការងឿងឆ្ងល់បែបនេះ": -2,
  "មានការចាប់អារម្មណ៍": 2,
  "មានការព្រួយបារម្ភ": -2,
  "មានការភាន់ច្រលំ": -2,
  "មានការសើបអង្កេត": -2,
  "មានកិត្តិយស": 2,
  "មានកេរ្តិ៍ឈ្មោះ": -2,
  "មានកំហុស": -3,
  "មានគ្រោះថ្នាក់": -3,
  "មានជីជាតិ": 2,
  "មានតំលៃ": 2,
  "មានតំលៃសមរម្យ": 2,
  "មានទុក្ខព្រួយ": -2,
  "មានទ្រព្យធន": 2,
  "មានទ្រព្យសម្បត្តិ": 2,
  "មានបញ្ហា": -2,
  "មានបាប": -3,
  "មានប្រតិកម្មខ្លាំង": -2,
  "មានប្រយោជន៍": 2,
  "មានបំណងចង់": 1,
  "មានភាពងាយស្រួល": 2,
  "មានភាពចាស់ទុំ": 2,
  "មានភាពមិនល្អឥតខ្ចោះ": -2,
  "មានភាពស្មោះត្រង់": 2,
  "មានមហិច្ឆតា": 2,
  "មានសុខភាពល្អ": 2,
  "មានសេចក្ដីអំណរ": 3,
  "មានសំណាង": 2,
  "មានឥទ្ធិពល": 2,
  "មានអារម្មណ៍ក្ដុកក្ដួល": -3,
  "មានអារម្មណ៍រីករាយ": 3,
  "មានះ": -2,
  "មាន់": -2,
  "មារស": -1,
  "មាស": 2,
  "មិត្តភក្តិ": 1,
  "មិត្តភាព": 2,
  "មិន​គ្រប់គ្រាន់": -2,
  "មិន​ច្បាស់": -1,
  "មិន​ដំ​ណេ​ី​រ​ការ": -3,
  "មិន​ទំនេរ": -1,
  "មិន​មាន​ការ​សប្បាយ": -3,
  "មិន​រាប់បញ្ចូល": -2,
  "មិន​លំអៀង": 2,
  "មិន​ស្រួល": -2,
  "មិនគិត": -2,
  "មិនគិតថ្លៃ": 1,
  "មិនគិតប្រយោជន៍ខ្លួន": 2,
  "មិនគួរឱ្យជឿ": -1,
  "មិនគួរឱ្យស្រឡាញ់": -2,
  "មិនគ្រប់គ្រាន់": -2,
  "មិនចង់": -3,
  "មិនចង់បាន": -2,
  "មិនចូល": -2,
  "មិនចូលចិត្ត": -2,
  "មិនច្បាស់": -2,
  "មិនច្បាស់លាស់": -2,
  "មិនជឿ": -2,
  "មិនដាច់រេ": -2,
  "មិនដឹង": -2,
  "មិនដឹងមិនឮ": -2,
  "មិនត្រឹម": -2,
  "មិនត្រឹមត្រូវ": -2,
  "មិនទទួលបានជោគជ័យ": -2,
  "មិនទាន់": -2,
  "មិនទាន់លក់ចេញ": -1,
  "មិនទាន់សម្រេចចិត្ត": -1,
  "មិនទំនង": -1,
  "មិនធ្វើការ": -3,
  "មិនបាច់បារម្ភ": -2,
  "មិនបាន": -2,
  "មិនបានគាំទ្រ": -2,
  "មិនបានជោគជ័យ": -2,
  "មិនបានដោះស្រាយ": -2,
  "មិនប្រាកដ": -1,
  "មិនប្រាកដនិយម": -2,
  "មិនប្រាកដប្រជា": -2,
  "មិនប្រុងប្រយ័ត្ន": -2,
  "មិនផ្គូផ្គង": 1,
  "មិនផ្តោត": -2,
  "មិនពិត": -1,
  "មិនពេញចិត្ដ": -2,
  "មិនពេញចិត្ត": -2,
  "មិនពេញលេញ": -1,
  "មិនព្រម": -2,
  "មិនមានសម្បទាគ្រប់គ្រាន់": -2,
  "មិនយកចិត្តទុកដាក់": -2,
  "មិនយល់": -2,
  "មិនយល់ស្រប": -2,
  "មិនល្អ": -2,
  "មិនល្អ​ទេ": -2,
  "មិនសក្តិសម": -2,
  "មិនសប្បាយចិត្ត": -2,
  "មិនសមរម្យ": -2,
  "មិនសមហេតុផល": -1,
  "មិនសមហេតុសមផល": -2,
  "មិនស្ថិតស្ថេរ": -2,
  "មិនស្មើគ្នា": -2,
  "មិនស្មោះត្រង់": -1,
  "មិនស្រួល": -2,
  "មិនស័ក្តិសិទ្ធិ": -2,
  "មិនអាច": -2,
  "មិនអាចទទួលបាន": -2,
  "មិនអាចទទួលយកបាន": -2,
  "មិនអាចនឹងមានសង្ឃឹម": -2,
  "មិនអាចប្រើបាន": -2,
  "មិនអាចបំផ្លាញបានទេ": 2,
  "មិនអាចផ្លាស់ប្តូរ": -2,
  "មិនអាចផ្សះផ្សារ": -2,
  "មិនអាចយល់បាន": -2,
  "មិនអាចលើកលែង": -2,
  "មិនអាចលើកលែងបាន": -3,
  "មិនអើពើ": -3,
  "មិនអំណោយផល": -2,
  "មុខក្រៀម": -2,
  "មួយរំពេច": 2,
  "មើលខុស": -1,
  "មើលឃើញខ្លី": -2,
  "មើលងាយ": -2,
  "មើលរំលង": -1,
  "មើលស្រាល": -1,
  "មេដាយ": 3,
  "មោទនភាព": 2,
  "ម្ចាស់": -2,
  "ម្ចាស់ជើងឯក": 2,
  "ម្តងក្នុងមួយជីវិត": 3,
  "យកចិត្តទុកដាក់": -2,
  "យង់ឃ្នង": -3,
  "យល់": -2,
  "យល់ខុស": -2,
  "យល់តម្លៃ": 2,
  "យល់ព្រម": 1,
  "យល់ស្រប": 1,
  "យ៉ាង​មាន​ប្រសិទ្ធិ​ភាព": 2,
  "យ៉ាង​អាក្រក់": -3,
  "យ៉ាងក្លាហាន": 2,
  "យ៉ាងខ្លាំង": -2,
  "យ៉ាងច្បាស់": 1,
  "យ៉ាងធ្ងន់ធ្ងរ": -2,
  "យ៉ាងព្រៃផ្សៃ": -3,
  "យ៉ាងម៉ត់ចត់": 3,
  "យ៉ាងរន្ធត់": -3,
  "យ៉ាងរលូនល្អ": 2,
  "យ៉ាងលឿន": 2,
  "យ៉ាងលំបាក": -2,
  "យ៉ាងវិសេស": 2,
  "យ៉ាងសាហាវ": -2,
  "យ៉ាងឱឡារិក": -1,
  "យា": 2,
  "យាយ": 1,
  "យាយី": -3,
  "យុត្ដិកម្ម": 2,
  "យុវវ័យ": 2,
  "យំ": -2,
  "យំសោក": -2,
  "រកកម្រៃ": 3,
  "រកប្រាក់ចំណេញ": -2,
  "រក្សាទុក": -1,
  "រក្សាទុកការ": 2,
  "រងការគំរាមកំហែង": -2,
  "រងការវាយដំ": -2,
  "រងគ្រោះ": -3,
  "រងទុក្ខ": -1,
  "រងនូវការសោកសៅ": -3,
  "រងផលប៉ះពាល់": -1,
  "រង្គើ": -2,
  "រង្វាន់": 2,
  "រង់ចាំ": -1,
  "រញ៉េរញ៉ៃ": -2,
  "រញ្ជួយដី": -2,
  "រតនភណ្ឌ": 1,
  "រត់": -1,
  "រត់គេចខ្លួន": -1,
  "រត់ពន្ធ": -2,
  "រន្ធត់": -2,
  "របាំង": -2,
  "របុសផ្លើ": -3,
  "រមយលរកបើ": -1,
  "រមាស់": -2,
  "រមិលគុណ": -3,
  "រម្ងាប់": 3,
  "រលាក": -2,
  "រលាយបាត់": -1,
  "រលុង": -3,
  "រលួយ": -3,
  "រវើរវាយ": -1,
  "រសាប់រសល់": -2,
  "រស់នៅ": -3,
  "រស់រវើក": 3,
  "រស់រានមានជីវិត": 2,
  "រហែក": -2,
  "រហ័ស": 2,
  "រ៉ូមែនទិច": 2,
  "រាប": -2,
  "រារាំង": -2,
  "រាំងស្ទះដល់": -2,
  "រិល": -2,
  "រិះគន់": -2,
  "រីករាយ": 1,
  "រីករាយជាមួយ": 2,
  "រីករាយដែល": 3,
  "រីករាយយ៉ាងខ្លាំង": 3,
  "រីករាយរួម": 2,
  "រឹង": 2,
  "រឹងចចេស": -2,
  "រឹងទទឹង": -1,
  "រឹងមាំ": 2,
  "រឹងរូស": -2,
  "រឹបអូស": -2,
  "រុងរឿង": 2,
  "រួចផុត": -1,
  "រួចពីទោស": 2,
  "រួបរួម": 1,
  "រើសអើង": -2,
  "រឿង": -1,
  "រឿងកំប្លែង": 1,
  "រឿងឆោត": -2,
  "រឿងឆោតល្ងង់": -2,
  "រឿងអាស្រូវ": -3,
  "រៀបចំឡើង": -1,
  "រេចរឹល": -2,
  "រំខាន": -1,
  "រំខានដល់": -2,
  "រំដោះ": 2,
  "រំភើប": 3,
  "រំភើបចិត្ត": -2,
  "រំភើបយ៉ាងខ្លាំង": 5,
  "រំលោភ": -2,
  "រំលោភក្មេងស្រី": -4,
  "រំលោភបំពាន": -3,
  "រំលោភលើ": -2,
  "រំេភបំព": -2,
  "រះ​ឡើង": 1,
  "លក្ខណះ": -2,
  "លក្ខណៈសម្បត្ដិ": 2,
  "លង": -1,
  "លង់ទឹក": -2,
  "លង់ទឹកស្លាប់": -2,
  "លត់ដំ": -2,
  "លបចូល": -2,
  "លម្អៀង": -2,
  "លា": -4,
  "លាក់": -1,
  "លាក់កំហុស": -3,
  "លាក់ខ្លួន": -1,
  "លាក់ពុត": -2,
  "លាងទា": -3,
  "លាងបៃតង": -3,
  "លាបបន្តិច": -2,
  "លាមក": -4,
  "លាលែងពីតំណែង": -1,
  "លឺយ": -2,
  "លុប​ចោល": -1,
  "លុបចោល": -1,
  "លុបបំបាត់": -2,
  "លូតលាស់": 2,
  "លួច": -2,
  "លួចបន្លំ": -2,
  "លួចយក": -2,
  "លើកកម្ពស់ការ": 1,
  "លើកទឹកចិត្ដ": 2,
  "លើកទឹកចិត្ត": 2,
  "លើកលែងទោស": 2,
  "លើកឡើង": 2,
  "លើសទម្ងន់": -1,
  "លើសរសរ": -2,
  "លឿន": 2,
  "លេខរៀង": -3,
  "លេង": 2,
  "លេចធ្លាយ": -1,
  "លេចធ្លោ": 2,
  "លេស": -1,
  "លែង": 2,
  "លែងប្រើ": -2,
  "លោក Dick": -4,
  "លោក Harry": -2,
  "លោកអ៊ូច": -2,
  "លោភលន់": -3,
  "ល្ងង់": -2,
  "ល្ងង់ខ្លៅ": -2,
  "ល្បិច": -1,
  "ល្បិចកល": 2,
  "ល្បី": 2,
  "ល្មើស": -2,
  "ល្អ": -1,
  "ល្អ fucking": 4,
  "ល្អក់": -2,
  "ល្អគ្មានគូប្រៀប": 2,
  "ល្អឈឺក្បាលវិលមុខ": 4,
  "ល្អប្រសើរជាងមុន": 2,
  "ល្អបំផុត": 3,
  "ល្អមែនទែន": 4,
  "ល្អវិសេស": 5,
  "ល្អឥតខ្ចោះ": 3,
  "ល្អឥតខ្ចោះ fucking": 4,
  "វង្វេងវង្វាន់": -2,
  "វត្ថុដែលល្អ": 2,
  "វត្ថុត្រជាក់": 3,
  "វ៉ុន": 3,
  "វ៉ោ​វ": 4,
  "វាយប្រហារ": -1,
  "វាយផ្ចាល": -3,
  "វាយឫក": -2,
  "វិជ្ជមាន": 2,
  "វិជ្ជាជីវៈ": 2,
  "វិទ្ធង្សនា": -2,
  "វិធីសាស្រ្ត": 2,
  "វិនាស": -2,
  "វិបត្ដិ": -2,
  "វិបត្តិ": -2,
  "វិបុលភាព": 3,
  "វិប្បដិសារី": -2,
  "វិលមុខ": -1,
  "វិវាទ": -1,
  "វិសមភាព": -1,
  "វីតាមីន": 1,
  "វីរបុរស": 2,
  "វីរភាព": 3,
  "វីរៈបុរស": 2,
  "វេទនា": -3,
  "សកម្ម": 1,
  "សងសឹក": -2,
  "សង្គម": -2,
  "សង្គ្រាម": -2,
  "សង្គ្រោះជីវិត": 4,
  "សង្គ្រោះបន្ទាន់": -2,
  "សង្ឃឹម": 2,
  "សង្ឃឹមថា": 2,
  "សង្រ្គាម": -2,
  "សង្វេគ": -3,
  "សង្ស័យ": -1,
  "សង្ហា": 3,
  "សចបាន": 1,
  "សញ្ញា": -2,
  "សត្រូវ": -2,
  "សទ្ធា": 2,
  "សន្ដិសុខ": 2,
  "សន្តិភាព": 2,
  "សន្យា": 1,
  "សន្លឹក flop": -2,
  "សន្លឹម": -2,
  "សប្បាយ": 3,
  "សប្បាយក្រៃលែង": 4,
  "សប្បាយរីករាយ": 3,
  "សប្បុរស": 2,
  "សប្បុរសជន": 2,
  "សម": 2,
  "សមត្ថកិច្ច": 2,
  "សមត្ថភាព": 2,
  "សមនឹង": 1,
  "សមនឹងទទួល": -2,
  "សមរម្យ": 2,
  "សមាធិ": 1,
  "សមានចិត្ត": 2,
  "សមិទ្ធផល": 2,
  "សម្តែងការគួរសម": 2,
  "សម្បថ": -3,
  "សម្បទា": 1,
  "សម្បទាន": 2,
  "សម្បូរបែប": 2,
  "សម្ពាធ": -1,
  "សម្ព័ន្ធមិត្ត": 2,
  "សម្រស់": 3,
  "សម្រាក": 2,
  "សម្រាកនៅមន្ទីរពេទ្យ": -2,
  "សម្រាំង": 1,
  "សម្រេច": 2,
  "សម្រេចបាន": 2,
  "សម្រែក": -2,
  "សម្លាប់": -2,
  "សម្លាប់មនុស្ស": -3,
  "សម្លេងស្រែកថ្ងូរ": -2,
  "សម័យទំនើប": 2,
  "សរសើរ": 2,
  "សរសើរតម្កើង": 3,
  "សរសៃប្រសាទ": -1,
  "សរុប": -2,
  "សល់": 2,
  "ស៊ីដើម": -2,
  "សាកល្បង": -2,
  "សាកសព": -1,
  "សាទរ": 2,
  "សាទរចំពោះ": 2,
  "សាមគ្គីភាព": 2,
  "សារ​ឥត​បាន​ការ": -2,
  "សារប្រយោជន៍សាធារណៈ": 2,
  "សារភាព": -1,
  "សារឥតបានការ": -2,
  "សារៈសំខាន់": 2,
  "សាលក្រម": -1,
  "សាហាវ": -3,
  "សាហាវឃោរឃៅ": -3,
  "សិចស៊ី": 3,
  "សិទ្ធិទទួលបាន": 1,
  "សិទ្ធិផ្តាច់មុខ": -2,
  "សិរីរុងរឿង": 2,
  "សុខភាពមិនល្អ": -2,
  "សុខុមាលភាព": 2,
  "សុខៈ": 3,
  "សុចរិត": 2,
  "សុច្ឆន្ទៈ": 3,
  "សុទិដ្ឋិនិយម": 2,
  "សុទ្ធ": 1,
  "សុបិន្ត": 1,
  "សុពលភាព": 1,
  "សុភមង្គល": 3,
  "សុភមង្គលបំផុត": 3,
  "សុភាព": 2,
  "សុវត្ថិភាព": 1,
  "សុវត្ថិភាពជាងមុន": 2,
  "សុំទោស": -1,
  "សូកប៉ាន់": -3,
  "សូម": 1,
  "សូមថ្លែងអំណរគុណ": 2,
  "សូមផ្តល់អនុសាសន៍": 2,
  "សូមស្វាគមន៍": 2,
  "សូមអញ្ជើញ": 1,
  "សូមអបអរសាទរ": 2,
  "សូមអរគុណ": 2,
  "សួយសារអាករ": 2,
  "សួរចម្លើយ": -2,
  "សើច": 1,
  "សើច​ឮ​ខ្លាំង": 3,
  "សេចក្ដីកំហឹង": -2,
  "សេចក្ដីមេត្ដាករុណា": 2,
  "សេចក្ដីល្អ": 3,
  "សេចក្ដីវិនាស": -2,
  "សេចក្ដីសប្បុរស": 3,
  "សេចក្ដីសុចរិត": 2,
  "សេចក្ដីស្រឡាញ់ fucking": 4,
  "សេចក្តីថ្លៃថ្នូរ": 2,
  "សេចក្តីទុក្ខព្រួយ": -2,
  "សេចក្តីសោមនស្សរីករាយ": 3,
  "សេរីភាព": 2,
  "សេស": -2,
  "សោកនាដកម្ម": -2,
  "សោកសង្រេង": -2,
  "សោកស្តាយចំពោះ": -2,
  "ស្កប់ស្កល់": -2,
  "ស្ងប់": 2,
  "ស្ងប់ចិត្ត": 2,
  "ស្ងប់ស្ងាត់": 2,
  "ស្ដារឡើងវិញ": 1,
  "ស្ដីបន្ទោស": -2,
  "ស្តា": 2,
  "ស្តារ": 1,
  "ស្តី​បន្ទោស": -2,
  "ស្តីបន្ទោស": -3,
  "ស្ត្រីមេម៉ាយ": -1,
  "ស្ត្រេស": -2,
  "ស្ថាននរក": -4,
  "ស្ថានបរមសុខ *": 2,
  "ស្ថានីយ៍": -1,
  "ស្ថិតក្នុងភាពស្រអាប់": -2,
  "ស្ថេរភាព": 2,
  "ស្ទាក់ស្ទើរ": -2,
  "ស្ទាក់ស្ទើរក្នុងការ": -2,
  "ស្ទះ": -2,
  "ស្នាដៃ": 4,
  "ស្នាម": -2,
  "ស្នាមញញឹម": 2,
  "ស្នេហា": 2,
  "ស្បថ": -2,
  "ស្ពឹក": -1,
  "ស្មាតហ្វូន": 2,
  "ស្មុគស្មាញ": 2,
  "ស្មុគ្រស្មាញ": 2,
  "ស្មោះត្រង់": 3,
  "ស្មោះអស់ពីចិត្ដ": 3,
  "ស្រងាកចិត្ត": -2,
  "ស្រងេះស្រងោច": -2,
  "ស្រណុកស្រួលក្នុងអារម្មណ៍": 4,
  "ស្របច្បាប់": 2,
  "ស្រលាញ់": 3,
  "ស្រវឹង": -2,
  "ស្រស់": 1,
  "ស្រស់​ស្អាត": 1,
  "ស្រស់ស្អាត": 3,
  "ស្រឡាញ់": 3,
  "ស្រឡាញ់ fucking": 4,
  "ស្រឡាញ់ថ្នាក់ថ្នម": 2,
  "ស្រីសំផឹង": -4,
  "ស្រូបយក": 1,
  "ស្រេកឃ្លាន": -2,
  "ស្រែក": -2,
  "ស្រែកឡើង": -2,
  "ស្លន់ស្លោ": -3,
  "ស្លាក់": -2,
  "ស្លាប់": -3,
  "ស្លុត": -5,
  "ស្វាគមន៍": 2,
  "ស្វាគមន៍ការ": 2,
  "ស្វាហាប់": 2,
  "ស្វែងរក": 1,
  "ស្អប់": -3,
  "ស្អាត": 3,
  "ស្អាតអស្ចារ្យ": 3,
  "សំខាន់": 2,
  "សំណព្វ": 2,
  "សំណព្វចិត្ត": 2,
  "សំណល់": -2,
  "សំណាង": 3,
  "សំណាង​អាក្រក់": -2,
  "សំណាងល្អ": 2,
  "សំណាងអាក្រក់": -2,
  "សំណូក": -3,
  "សំបូរ": -2,
  "សំពោច": 2,
  "សំរាម": -1,
  "សំរែកយំ": -2,
  "សំលាប់": -3,
  "សំឡេងរោទិ៍": -2,
  "សំអាត": 3,
  "ហ៊ាន": 2,
  "ហ៊ោ": 2,
  "ហាក់ដូច": 2,
  "ហានិភ័យ": -2,
  "ហាមឃាត់": -1,
  "ហាមប្រាម": -2,
  "ហាលេលូយ៉ា": 3,
  "ហាហា": 3,
  "ហិកតា": 2,
  "ហិង្សា": -3,
  "ហួសហេតុ": -2,
  "ហេតុនេះ": -1,
  "ហ្វាស៊ីស": -2,
  "ឡូយ": 2,
  "ឡើងកំដៅផែនដី": 2,
  "ឡះឡះ": -2,
  "ឯកតា": -1,
  "អកម្ម": -1,
  "ឯកសណ្ឋាន": -2,
  "ឯការវាយផ្ចាល": -3,
  "ឱកាស": 2,
  "ឯកោ": -2,
  "ឧក្រិដ្ឋកម្ម": -3,
  "ឧក្រិដ្ឋជន": -3,
  "ឯងអន់ណាស់": -2,
  "អង់អាច": 2,
  "ឥតខ្ចោះ": 3,
  "ឥតសៅហ្មង": 2,
  "ឥតស្រាកស្រា": -1,
  "ឥតអៀនខ្មាស់": -2,
  "អតីតគ្រូភ្នំពេញក្រោ": -1,
  "ឧត្តមនាវី": 3,
  "ឧត្តមភាព": 3,
  "អត្ថន័យ": 2,
  "អត្ថប្រយោជន៍": 2,
  "អត្មានិយម": -3,
  "អត្រាការប្រាក់": 1,
  "អត់ទោសអោយ": 1,
  "អត់ឱន": 2,
  "ឧទ្ទិស": 2,
  "អធិស្ឋាន": 1,
  "អនក្ខរកម្ម": -2,
  "ឱនភាព": -2,
  "អនុគ្រោះ": 2,
  "អនុញ្ញាតឱ្យ": 1,
  "អនុម័ត": 1,
  "អន្ទាក់": -1,
  "អន្ទះអន្ទែង": -2,
  "អន់": -2,
  "ឱប": 2,
  "ឧបករណ៍": -2,
  "ឧបសគ្គ": -2,
  "អបអរ": 2,
  "អបអរសាទរ": 2,
  "ឧបាយកល": -1,
  "អប្រសិទ្ធិភាព": -2,
  "អផ្សុក": -2,
  "អព្ភូតហេតុ": 4,
  "អភ័យទោស": 1,
  "អមតៈ": 2,
  "ឱមានអារម្មណ៍តានតឹង": -2,
  "អយុត្តិ": -2,
  "អរគុណ": 2,
  "អរសប្បាយ": 3,
  "អរិភាព": -2,
  "អរុណ​សួស្តី": 1,
  "អវត្តមាន": -1,
  "អវិជ្ជមាន": -2,
  "អសកម្ម": -2,
  "អសន្ដិសុខ": -2,
  "អសមត្ថភាព": -2,
  "អស្ចារ្យ": 5,
  "អស្ចារ្យណាស់": 3,
  "អស់កម្លាំង": -2,
  "អស់សង្ឃឹម": -3,
  "អាក្រក់": -3,
  "អាក្រក់ក្រៃលែង": -3,
  "អាក្រក់បែបនេះ": -2,
  "អាក្រក់បំផុត": -3,
  "អាក្រក់រាប់": -2,
  "អាច«ឈរអាវ": -3,
  "អាចចូលដំណើរការបាន": 1,
  "អាចជឿទុកចិត្តបាន": 2,
  "អាចត្រឡប់វិញ": -1,
  "អាចទទួលយកបាន": 1,
  "អាជីវកម្ម": 2,
  "អាជ្ញាធរមាន": 1,
  "អាណិត": -2,
  "អាប់អួរ": -2,
  "អាពួកពីរនាក់": -5,
  "អាម៉ាស់": -2,
  "អារម្មណ៍": 1,
  "អាវ": -2,
  "អាសគ្រាម": -2,
  "អាសាអែល": -2,
  "អាស្រូវ": -3,
  "អាឡែស៊ី": -2,
  "អូរ!": -2,
  "អូស": -1,
  "អួតអាង": 3,
  "អ្នក​ចាញ់": -3,
  "អ្នក​ស្អប់": -3,
  "អ្នកការពារ": 2,
  "អ្នកគាំទ្រ": 1,
  "អ្នកគ្រប់គ្រង": -2,
  "អ្នកជាតិនិយម": -2,
  "អ្នកជំងឺ": -2,
  "អ្នកឈ្នះ": 4,
  "អ្នកទោស": -2,
  "អ្នកប៉ះបោរ": -2,
  "អ្នកមានអំណាច": 2,
  "អ្នករស់រានមានជីវិត": 2,
  "អ្នករិះគន់": -2,
  "អ្នកស្លាប់": -3,
  "អ្នកស្អប់": -3,
  "ឱ្យល្អក់កករ": -2,
  "អ្វីដែលគ្មានប្រយោជន៍": -2,
  "អំណរសប្បាយ": 3,
  "អំណួ": -2,
  "អំណោយ": 2,
  "អំណោយទាន": 2,
  "អំណោយផល": 2,
  "អំពាវនាវ": 2,
  "អំពើក្បត់": -3,
  "អំពើឃោរឃៅ": -3,
  "អំពើបាប": -2,
  "អំពើពុករលួយ": -3,
  "អំពើហិង្សា": -3,
  "អំពើហិង្សាដែលទាក់ទងនឹង": -3,
  "អំពើអាក្រក់": -3,
  "អំពើអាសអាភាស": -2,
  "អះអាង": -1,
  "អះអាងពន្យល់": 2,
  "ឿទុកចិត្ដ": 2,
  "្ញអប្ប": -2,
  "ះថាក់": -2
}