{
  "oraingoz": -1,
  "xuxurlatu": -2,
  "& Ez ikusi": -1,
  "abailduta": -2,
  "abal": 2,
  "abala": 2,
  "abandonatu": -2,
  "abangoardian": 1,
  "abantaila": 2,
  "abantailak": 2,
  "abantailatsuena": 2,
  "abantailaz": 2,
  "abducted": -2,
  "abentura": 2,
  "abenturak": 2,
  "abenturazale": 2,
  "aberasgarria": 2,
  "aberastasun": 3,
  "aberats": 2,
  "aberatsa": 2,
  "abian jarri": 1,
  "abisu": -3,
  "abisuak": -3,
  "abortatu": -1,
  "aborts": -1,
  "absentees": -1,
  "absentismoa": -1,
  "absolbitu": 2,
  "absolbitua": 2,
  "absolbitzea": 2,
  "absolves": 2,
  "abusing": -3,
  "abusuzkoa": -2,
  "accidental": -2,
  "accomplishes": 2,
  "accusa": -2,
  "accusing": -2,
  "aching": -2,
  "acquits": 2,
  "acquitting": 2,
  "acrimonious": -3,
  "adeitasuna": 2,
  "Adeitasunarengatik": 2,
  "adeitsu": 2,
  "adi": 3,
  "Adibidea": -2,
  "adiskidetasuna": 2,
  "adiskidetsu": 2,
  "admiring": 3,
  "adoratu": 3,
  "Adorazioa": 3,
  "adore": 3,
  "adoretzeko": 2,
  "adoring": 3,
  "adoringly": 3,
  "ados": 1,
  "adostutako": 1,
  "affectionateness": 3,
  "affronted": -1,
  "agerian uzten du": -1,
  "aggravating": -2,
  "agindu": 1,
  "agintaritza": 1,
  "agog": 2,
  "agonises": -3,
  "agonize": -3,
  "agonizes": -3,
  "agonizing": -3,
  "agortu": -2,
  "agresibitatea": -2,
  "agurra": 2,
  "agurrak": 2,
  "agurtu": 1,
  "agurtzeko": 1,
  "ahaleginik": 2,
  "ahanzkorrez": -2,
  "ahaztea": -1,
  "ahaztu": -1,
  "ahaztua": -1,
  "ahaztuta": -1,
  "ahaztutako": -2,
  "ahula": -2,
  "ahuldu": -2,
  "ahulduz": -2,
  "ahuleziak": -2,
  "ahuleziapean": -2,
  "ahultasun": -2,
  "ahultasuna": -2,
  "ai": -1,
  "aintza": 2,
  "aitortu": -1,
  "aitortu du": -1,
  "aitzakia": -1,
  "aizkora": -1,
  "akastuna": -3,
  "akats": -2,
  "akatsa": -3,
  "akatsak": -2,
  "aktibo": 2,
  "akusatzen": -2,
  "akzioak": 1,
  "alai": 2,
  "alaia": 3,
  "alaiki": 2,
  "alaitasun": 2,
  "alaitsu": 2,
  "alaiz": 3,
  "alargundu": -1,
  "alarma": -2,
  "alarmist": -2,
  "alarmists": -2,
  "Alboefektu": -2,
  "alboondorioak": -2,
  "aldarrikatu": 2,
  "aldarrikatzen": 2,
  "aldatzeari": -2,
  "alde batera utzi": -2,
  "aldekoa": 1,
  "aldekoak": 1,
  "alegazio": -2,
  "alegazioak": -2,
  "alegueraric": 4,
  "alegueratzen": 4,
  "alergia": -2,
  "Alerta": -1,
  "alferrik": -2,
  "alferrik galtzen": -2,
  "alferrikako": -2,
  "algaraka": 3,
  "aliatu": 2,
  "alienazioa": -2,
  "alone": -2,
  "altruista": 2,
  "altxor": 2,
  "altxorra": 2,
  "ameslari": 3,
  "amets": 1,
  "ametsak": 1,
  "amilotxak": -2,
  "amodio fucking": 4,
  "amodioa": 2,
  "amorragarria": -2,
  "amorru": -2,
  "amorrua": -2,
  "Amorrua": -3,
  "amorruz": -3,
  "amuse": 3,
  "amused": 3,
  "amusements": 3,
  "anai": -2,
  "analfabetismoa": -2,
  "anbibalentea": -1,
  "angered": -3,
  "Angers": -3,
  "animatu": 2,
  "animatzen": 2,
  "animoak": 2,
  "animosity": -2,
  "anker": -2,
  "ankerkeria": -3,
  "annoy": -2,
  "annoyance": -2,
  "antagoniko": -2,
  "anti": -1,
  "antsietatea": -2,
  "antzuak": -2,
  "anxious": -2,
  "apatia": -3,
  "apatiko": -3,
  "apeshit": -3,
  "apokaliptikoa": -2,
  "apologia": -1,
  "apologized": -1,
  "apologizes": -1,
  "apologizing": -1,
  "appalled": -2,
  "appalling": -2,
  "appeases": 2,
  "apprehensive": -2,
  "apuros": -2,
  "apurtu": -2,
  "arauhauste": -2,
  "Arauhauste": -2,
  "arazo": -2,
  "arazoa": -2,
  "arazoak": -2,
  "arazotxo": -2,
  "arbuiatu": -1,
  "Arbuiatu": -2,
  "arbuiatzeko": -1,
  "ardura": 2,
  "arduragabe": -2,
  "arduragabekeria": -2,
  "arduratsua": 2,
  "areagotu": 1,
  "argi": 1,
  "Argi eta garbi": 1,
  "argigarria": 2,
  "argitasun": 2,
  "argitzeko": 1,
  "argitzen": 2,
  "arintzea": 2,
  "arintzeko": 2,
  "arraio": -4,
  "arrakasta": 3,
  "Arrakasta": 3,
  "arrakastarik": -2,
  "arrakastarik gabe": -2,
  "arrakastasua": 3,
  "arrakastaz": 3,
  "arrangura": 2,
  "arraroa": -1,
  "arrastaka": -1,
  "arrastatu": -1,
  "arrazakeria": -3,
  "arrazista": -3,
  "arreta": -2,
  "arretaz": 2,
  "arrisku": -2,
  "arriskuak": -2,
  "arriskuan": -2,
  "arriskutsua": -2,
  "arriskutsuak": -3,
  "arriskutsuan": -2,
  "arsehole": -4,
  "asaldatu": -2,
  "ashame": -2,
  "askatasuna": 2,
  "askatasunak": 2,
  "askatuta": -1,
  "Asko eskertzen": 2,
  "aspergarri": -3,
  "aspertu": -2,
  "assfucking": -4,
  "astinduaren": -1,
  "astoundingly": 3,
  "astounds": 3,
  "atentatu": -3,
  "atrebentzia": 2,
  "atsegin dont": -2,
  "atsegina": 3,
  "atsegingarri": 2,
  "atsekabe": -2,
  "atsekabetuta": -2,
  "attractions": 2,
  "atxiki": -1,
  "atxiloketa": -2,
  "atxiloketak": -2,
  "atxilotu": -2,
  "atxilotzen": -2,
  "atzeraezina": -1,
  "atzerako": -1,
  "atzeraldi": -2,
  "atzerapena": -1,
  "atzeratu": -1,
  "atzeratua": -1,
  "atzeratzeko": -1,
  "auhenez": -2,
  "aukera": 2,
  "aukerak": 2,
  "aura": 1,
  "aurkariarekiko": -1,
  "aurrea": 1,
  "Aurrelariak": -2,
  "aurrerapauso": 3,
  "aurrerapena": 2,
  "aurreratuak": 1,
  "aurrezki": 1,
  "aurriak": -2,
  "ausardia": 2,
  "ausardiaz": 2,
  "ausarta": 3,
  "ausartak": 2,
  "ausartenak": 2,
  "autoabusu": -2,
  "Autodeluded": -2,
  "autokonfiantza": 2,
  "autoestimua": 2,
  "autsi": -2,
  "auzi": -1,
  "auzia": -2,
  "auziperatu": -2,
  "auzipetutako": -2,
  "auzipetzen": -1,
  "auzitara eraman": -2,
  "Avenged": -2,
  "avengers": -2,
  "avert": -1,
  "averted": -1,
  "averts": -1,
  "awesome": 4,
  "awful": -3,
  "axed": -1,
  "axolagabe": -2,
  "axolagabekeria": -2,
  "azaltzen": -1,
  "azkar": 2,
  "azoka": 2,
  "azpijokoak": 1,
  "azpimarratu": -2,
  "Azpimarratzeko": 2,
  "aztoratuak": 4,
  "aztoratzen": -2,
  "babesaz": 1,
  "babesik": -2,
  "babesten": 1,
  "babestu": 1,
  "babestuta": 1,
  "backing": 2,
  "badass": -3,
  "bahiketa": -2,
  "bahiketak": -2,
  "bahitu": -2,
  "bahitzen ditu": -2,
  "bai": 1,
  "baikor": 2,
  "baikortasun": 2,
  "bailout": -2,
  "baimena": 2,
  "baimendu": 1,
  "baitituzte": 2,
  "bakartia": -2,
  "bakea": 2,
  "baketsu": 2,
  "baketsuan": 2,
  "bakoitiak": -2,
  "baldar": -2,
  "baliagarritasuna": 2,
  "balidatu": 1,
  "balioetsi": 2,
  "baliogabetzeko": -1,
  "baliogabetzen": -2,
  "baliozkotzen": 1,
  "balioztatzeko": 1,
  "bamboozle": -2,
  "bamboozled": -2,
  "bamboozles": -2,
  "bankster": -3,
  "barbarian": -2,
  "barbarie": -2,
  "barbaroagoak": -2,
  "bare": 2,
  "baretu": 2,
  "baretzen": 2,
  "bargain": 2,
  "barkaezina": -3,
  "Barkatu": -1,
  "barkatzea": 1,
  "barkatzen": 1,
  "barra": -2,
  "barrak": -2,
  "barre": 1,
  "barre egin": 1,
  "barreak": 1,
  "barregarri": 2,
  "barregarria": -3,
  "barrera": -2,
  "barrez": 1,
  "bastardo": -5,
  "bastards": -5,
  "batailak": -1,
  "bateratua": 1,
  "bateratzeko": 2,
  "battled": -1,
  "batu": 1,
  "Batzuen": -2,
  "bazterketa": -1,
  "bazterkinak": -1,
  "bazterrera utzi": -2,
  "baztertu": -1,
  "baztertuen": -2,
  "baztertuko": -2,
  "Bazterturiko": -2,
  "baztertuz": -1,
  "baztertzea": -1,
  "baztertzeko": -1,
  "baztertzen": -2,
  "beatifikoaren": 3,
  "beauties": 3,
  "beautify": 3,
  "bedeinka": 2,
  "bedeinkatzeko": 3,
  "bedeinkazioa": 3,
  "befit": 2,
  "befitting": 2,
  "behartsuak": -2,
  "behartsuei": -2,
  "behartu": -1,
  "behartuta": 1,
  "behininabizitzan": 3,
  "bekatari": -3,
  "bekatuak": -2,
  "beldur": -2,
  "beldurgarria": -2,
  "beldurra": -2,
  "beldurrik": 2,
  "beldurtzea": -2,
  "belittled": -2,
  "benebenetan": 2,
  "benevolent": 3,
  "bereave": -2,
  "bereaves": -2,
  "bereaving": -2,
  "berehala": 1,
  "bereizten": 2,
  "berekoia": -3,
  "berekoikeria": -3,
  "berez kontraesankorra": -2,
  "bermatuz": 1,
  "bermatzeko": 1,
  "bermea": 1,
  "bero": 1,
  "berotasuna": 2,
  "berpizten": 2,
  "berpiztu": 2,
  "berrerosi": 2,
  "berreskuratu": 2,
  "berreskuratuko": 1,
  "berretsi gabeko": -1,
  "berretsitako": 2,
  "berrezartzeari": 1,
  "berrikuntza": 1,
  "berrikuspena": 1,
  "berritzaileak": 2,
  "berritzeko": 1,
  "berriz": -2,
  "bertan behera": -1,
  "bertan behera utzi": -1,
  "Bertan behera utzi": -2,
  "bertan behera uzten": -1,
  "bertutetsu": 2,
  "besarkada": 2,
  "besarkadak": 2,
  "besarkatu": 1,
  "bete": -2,
  "bete gabeko": -2,
  "beteta": -3,
  "betetzea": 2,
  "betetzearen": -2,
  "betetzeko": 2,
  "betetzen dituzte": 2,
  "betirako": -1,
  "betray": -3,
  "bezalako": 2,
  "bias": -1,
  "bidegabea": -2,
  "bidegabeko": -2,
  "bideoak gogoko": 2,
  "big": 1,
  "bihotza": -3,
  "bihurritu": -1,
  "bikain": 3,
  "bikaina": 5,
  "bikaintasuna": 3,
  "biktima": -3,
  "biktimak": -3,
  "biktimek": -3,
  "biktimizatu": -3,
  "biktimizazio": -3,
  "bilakatu": -2,
  "bilbea": -2,
  "birrintzeko": -1,
  "bitamina": 1,
  "bitterly": -2,
  "bitxi": -2,
  "bitxia": 1,
  "bitxiak": 1,
  "bizia": 2,
  "bizigarri": 2,
  "bizirik": 2,
  "bizirik atera": 2,
  "bizitasun": 3,
  "bizkar": 1,
  "blackmails": -3,
  "blah": -2,
  "blames": -2,
  "blaming": -2,
  "blithe": 2,
  "bloated": -1,
  "blockbuster": 3,
  "bloke": -1,
  "blokeatu": -1,
  "blokeatuta": -2,
  "blokeatuz": -1,
  "blokeoa": -2,
  "boastful": -2,
  "boikot": -2,
  "boikota": -2,
  "boikotatzea": -2,
  "bola": 3,
  "bold": 2,
  "boldly": 2,
  "bonba": -1,
  "bondad": 3,
  "bore": -2,
  "borondatea": 2,
  "borroka": -1,
  "Borroka": -1,
  "borrokalari": -2,
  "borrokaldi": -2,
  "borrokan": -2,
  "borrokatu": -2,
  "bortitza": -3,
  "bortizki": -3,
  "bortxaketa": -4,
  "bortxatu": -4,
  "Bortxatu": -2,
  "botaka": -3,
  "boycotts": -2,
  "bozaturik": -2,
  "bozkariotsu": 3,
  "bozkarioz": 3,
  "boztu": 4,
  "brainwashing": -3,
  "braveness": 2,
  "bravura": 3,
  "bribe": -3,
  "bribed": -3,
  "bribes": -3,
  "bribing": -3,
  "brisk": 2,
  "brooding": -2,
  "brotes": -2,
  "brutal": -3,
  "brutally": -3,
  "bullied": -2,
  "bullshit": -4,
  "bully": -2,
  "bullying": -2,
  "bultzada": 1,
  "bultzatuta": 1,
  "bultzatzen": 2,
  "bummer": -2,
  "burla": -2,
  "burrunbatsua": -1,
  "buruaz beste": -2,
  "buruko mina": -2,
  "burumakur": -2,
  "burutsua": 2,
  "burutzen": 1,
  "busti": -1,
  "buxadura": -2,
  "calms": 2,
  "carefree": 1,
  "cerucoac": 4,
  "charmless": -3,
  "chastises": -3,
  "chastising": -3,
  "cheater": -3,
  "Cheats": -3,
  "cheerless": -2,
  "cheers": 2,
  "cheery": 3,
  "cherished": 2,
  "cherishes": 2,
  "chic": 2,
  "chided": -3,
  "chides": -3,
  "chiding": -3,
  "Chihiroren": 2,
  "chilling": -1,
  "choke": -2,
  "choked": -2,
  "chokes": -2,
  "choking": -2,
  "classy": 3,
  "clever": 2,
  "clouded": -1,
  "clueless": -2,
  "cocksucker": -5,
  "cocksuckers": -5,
  "cocky": -2,
  "collapsed": -2,
  "collapsing": -2,
  "colluding": -3,
  "combats": -1,
  "comforting": 2,
  "compli": 2,
  "complimented": 2,
  "compliments": 2,
  "concesión": 1,
  "conciliates": 2,
  "consolable": 2,
  "contaminations": -2,
  "contemptuously": -2,
  "contend": -1,
  "contender": -1,
  "contestable": -2,
  "controversially": -2,
  "convivial": 2,
  "cool": 1,
  "cool stuff": 3,
  "corrupting": -3,
  "courage": 2,
  "courageousness": 2,
  "courteous": 2,
  "coziness": 2,
  "cramp": -1,
  "crap": -3,
  "crappy": -3,
  "crash": -2,
  "craziest": -2,
  "crazy": -2,
  "criminal": -3,
  "criminate": -3,
  "criminates": -3,
  "cruel": -3,
  "crushes": -1,
  "cunt": -5,
  "cute": 2,
  "cynic": -2,
  "daiteke \"t stand": -3,
  "Damned": -4,
  "damnit": -4,
  "damurik": -2,
  "damutuko": -2,
  "dardar": -2,
  "dardara": -2,
  "dardarak": -2,
  "dardarati": -2,
  "daredevil": 2,
  "datozenak": 1,
  "dauntless": 2,
  "deadening": -2,
  "dearly": 3,
  "debekatu": -2,
  "debekatuta": -2,
  "debekatuz": -2,
  "debekatzeko": -1,
  "debekatzen": -1,
  "debeku": -2,
  "Debeku": -2,
  "debozio": 2,
  "deboziozko": 2,
  "deceitful": -3,
  "dedicado": 3,
  "dedikatu": 2,
  "dedikazio": 2,
  "defendatzaile": 2,
  "defensor": 2,
  "defentsarik": -2,
  "defiant": -1,
  "defizita": -2,
  "deformatuak": -2,
  "deformazioa": -2,
  "deformazioak": -2,
  "defrauds": -3,
  "deft": 2,
  "degradatu": -2,
  "degradatutako": -2,
  "degradatzen": -2,
  "dehumanize": -2,
  "dehumanizes": -2,
  "dehumanizing": -2,
  "deitoragarri": -3,
  "deitoratu": -2,
  "deitoratzen": -2,
  "deject": -2,
  "dejecting": -2,
  "dejects": -2,
  "delectable": 3,
  "delightfully": 3,
  "delighting": 3,
  "delitu": -2,
  "delitua": -3,
  "delituak": -3,
  "demanden": -2,
  "demoralize": -2,
  "demoralized": -2,
  "demoralizes": -2,
  "demoralizing": -2,
  "denari": -2,
  "denez": 2,
  "denials": -2,
  "denier": -2,
  "dent": -2,
  "deplores": -3,
  "deportatu": -2,
  "deportatzea": -2,
  "deportatzen": -2,
  "deportazioa": -2,
  "deportazioak": -2,
  "deports": -2,
  "derail": -2,
  "derailed": -2,
  "derails": -2,
  "derides": -2,
  "deriding": -2,
  "derrigorrezko": -1,
  "derrigortzeak": -2,
  "desabantaila": -2,
  "desadostasuna": -2,
  "desagertu": -1,
  "desagertuko": -1,
  "desagertuta": -2,
  "desagertzen": -1,
  "desalojoa": -1,
  "desatsegina": -2,
  "desatseginik": -2,
  "desbideratze": -1,
  "desegokitasunak": -2,
  "deseroso": -2,
  "deserosoa": -2,
  "desfaseak": -2,
  "desgaituz": -1,
  "desilusiorako": -2,
  "desiratuz": 1,
  "desitxuratuz": -2,
  "desitxuratzen": -2,
  "deskalifikatu": -2,
  "deskontatuko": -1,
  "deskontentua": -2,
  "desmoche": -3,
  "desordenatuak": -2,
  "desorekatua": -1,
  "desprestigiozko": -2,
  "devastate": -2,
  "devastations": -2,
  "diamantea": 1,
  "dibertigarria": 4,
  "dibertigarriagoa": 3,
  "dibulgazioa": 2,
  "Dick": -4,
  "dickhead": -4,
  "diffident": -2,
  "digne": 2,
  "dilema": -1,
  "dilligence": 2,
  "dimisioa": -1,
  "dimititzen": -1,
  "dipshit": -3,
  "dirdai": 3,
  "dire": -3,
  "direful": -3,
  "Dirulaguntzak": 1,
  "disappoints": -2,
  "disapprovals": -2,
  "disapproves": -2,
  "disconsolation": -2,
  "discord": -2,
  "discriminates": -2,
  "disdain": -2,
  "disfuntzio": -2,
  "disgrace": -2,
  "disgraced": -2,
  "disgusted": -3,
  "disgusting": -3,
  "disheartened": -2,
  "disillusioned": -2,
  "disinclined": -2,
  "diskriminatu": -2,
  "diskriminatzailea": -2,
  "Diskriminaziozko": -2,
  "Dislike": -2,
  "disorganized": -2,
  "disparages": -2,
  "displeasure": -2,
  "disputatzen": -2,
  "disquiet": -2,
  "disregards": -2,
  "disrespect": -2,
  "disrespected": -2,
  "disruptiboak": -2,
  "disrupting": -2,
  "dissatisfied": -2,
  "distasteful": -2,
  "distira": 3,
  "distiratsua": 1,
  "distiratsuena": 2,
  "distortsionatu": -2,
  "distraitu": -2,
  "distrazio": -2,
  "distressed": -2,
  "distressing": -2,
  "disturbs": -2,
  "disuasio": -2,
  "ditu bereizten": -2,
  "doan": 1,
  "dodging": -2,
  "dodgy": -2,
  "dohaintza": 2,
  "dohaintzan": 2,
  "doktrinatua": -2,
  "doktrinatzeko": -2,
  "dolorous": -2,
  "Dolu egin": -2,
  "Doluz": -2,
  "doluzko": -4,
  "domina": 3,
  "doministiku": -2,
  "doministikuak": -2,
  "dona": 2,
  "doom": -2,
  "dotore": 2,
  "dotoreak": 3,
  "dotoreziaz": 2,
  "doubted": -1,
  "doubting": -1,
  "douche": -3,
  "dour": -2,
  "downcast": -2,
  "downer": -2,
  "Downhearted": -2,
  "drags": -1,
  "dreadful": -3,
  "dreary": -2,
  "droopy": -2,
  "drudgery": -2,
  "dud": -2,
  "dudarik": -1,
  "dudatzen": -1,
  "dudazko": -1,
  "duintasuna": 2,
  "dump": -1,
  "dupe": -2,
  "duped": -2,
  "dupery": -2,
  "ebaketa": -1,
  "ebaki": -1,
  "ebakuatu": -1,
  "ebakuazio": -1,
  "ebatzi": 2,
  "ebazpen": 2,
  "ebazten": 2,
  "ecstatic": 4,
  "ederki": 3,
  "ederra": 3,
  "edertasuna": 3,
  "eerie": -2,
  "eery": -2,
  "egia": 2,
  "egileei": -2,
  "eginup": -1,
  "egoera fisiko": 2,
  "egokia": 2,
  "egokian": 2,
  "egokitzat": -2,
  "egokitzeko": 1,
  "egondako": -1,
  "egonkor": 2,
  "egoztea": 1,
  "egun on": 1,
  "egunerokotasunarekin": -2,
  "eguzkia": 2,
  "ekintzailea": 1,
  "elated": 3,
  "eleberri": 2,
  "Elikatu": -3,
  "Elikatzea": 2,
  "elkarbanatu": 1,
  "elkartasuna": 2,
  "eman": 2,
  "emanaldirik": 4,
  "emandako": 1,
  "emankorrak": 2,
  "ematuko": 3,
  "embarrass": -2,
  "embarrasses": -2,
  "embezzlement": -3,
  "empty": -1,
  "enaren": 2,
  "enblematiko": 2,
  "energetikoa": 2,
  "engainagarria": -3,
  "engainatu": -3,
  "engainatuta": -3,
  "engainatzen": -3,
  "enganio": -3,
  "engrossed": 1,
  "engrossing": 3,
  "enlighten": 2,
  "ennui": -2,
  "enpatikoago": 2,
  "enrages": -2,
  "enraging": -2,
  "enslave": -2,
  "enslaves": -2,
  "enthrall": 3,
  "entretenigarria": 2,
  "envies": -1,
  "envious": -2,
  "epaia": -1,
  "epaiak": -1,
  "epaitu": -1,
  "erabakigarria": 1,
  "erabakior": 2,
  "erabilgarria": 2,
  "erabiltzaileri ez": -2,
  "eragin handia": 2,
  "eraginez": -2,
  "eraginkorra": 2,
  "eraginkortasuna": 2,
  "eraginkortasunez": 2,
  "eraginkortasunik eza": -2,
  "eraginkortasunik gabeak": -2,
  "eragitea": -1,
  "eragiteko": -1,
  "eragotzi": -1,
  "eragozpena": -2,
  "eragozpenak": -2,
  "eragozteak": -1,
  "eragozten": -1,
  "erakargarria": 2,
  "erakargarrian": 2,
  "erakargarritasuna": 2,
  "erakarpen": 2,
  "erakarri": 1,
  "erakartzeko": 2,
  "erakartzen": 1,
  "erakusgai": 2,
  "erantsi": 2,
  "erantzukizun": 1,
  "eraso": -1,
  "erasoa": -1,
  "erasoak": -1,
  "erasoen": -2,
  "erasoka": -2,
  "erasotzeko": -1,
  "erdeinatuz": -2,
  "eredugarria": 2,
  "ergela": -3,
  "Ergela": -3,
  "ergelak": -2,
  "ergelkeria": -3,
  "ergelki": -2,
  "erliebeak": 1,
  "ero": -3,
  "eroago": -2,
  "eroaldi": -3,
  "eromena": -2,
  "eroritako": -2,
  "erortzen": -1,
  "eroso": 2,
  "erosotasun": 2,
  "erosotasuna": 2,
  "erotzekoa": -3,
  "erraldoi": 1,
  "erraza": 1,
  "erreibindikatu": 2,
  "erreinatzerik": 1,
  "Errekonozimendu": 2,
  "errentagarria": 2,
  "erreskatatu": 2,
  "erreskate": 2,
  "errespetatu": 2,
  "errespetatuenetako": 2,
  "errespetua": 2,
  "erretira gaitezen": -2,
  "erretiratzea": -3,
  "erretiro": -1,
  "errieta": -2,
  "erronka": -1,
  "error": -2,
  "erru": -3,
  "errua": -2,
  "errudun": -3,
  "erruduntzat": -2,
  "erruki": 2,
  "errukia": 2,
  "errukitsua": 2,
  "Esaldien": -2,
  "esangura": 1,
  "esanguratsua": 1,
  "esanguratsuak": 2,
  "eseki": -1,
  "esekita": -1,
  "eskakizun": -1,
  "eskandalagarriak": -3,
  "eskandalua": -3,
  "eskandaluak": -3,
  "eskaria": -1,
  "eskasa": -2,
  "eskasak": -2,
  "eskasia": -2,
  "eskatzen": -1,
  "eskergabe": -3,
  "eskerrak": 2,
  "eskerrik asko": 2,
  "eskertu": 3,
  "esklabo": -3,
  "esklabotza": -3,
  "esklabu": -2,
  "esklusiboa": 2,
  "eskuineko norabidea": 3,
  "eskumena": 2,
  "eskumenak": 1,
  "eskuzabal": 2,
  "esleitu": 3,
  "espekulazio": -2,
  "espero": 2,
  "espetxe": -2,
  "espetxeratu": -2,
  "espiritua": 1,
  "esplorazio": 1,
  "esteemed": 2,
  "estereotipatu": -2,
  "estereotipo": -2,
  "estimatzen": 2,
  "estimua": 2,
  "estimulatzeko": 1,
  "estimulatzen": 1,
  "estresa": -1,
  "estresores": -2,
  "estutu": -2,
  "eszeptiko": -2,
  "eszeptizismoa": -2,
  "ETAren": 2,
  "eten": -2,
  "etenak": -2,
  "etenaldiak": -2,
  "etenaz": -2,
  "etenik": -2,
  "eteteko": -2,
  "etiko": 2,
  "etorkor": -2,
  "etsai": -2,
  "etsaia": -2,
  "etsaiak": -2,
  "etsi": -3,
  "etsigarriak": -2,
  "etsipen": -3,
  "etsipena": -2,
  "etsipenak": -2,
  "etsipenez": -3,
  "etsita": -2,
  "etsituta": -3,
  "etxerik": -2,
  "euforia": 3,
  "euforiko": 4,
  "Eulate": -2,
  "euritsua": -1,
  "euskarri": 2,
  "evacuates": -1,
  "evergreening": -3,
  "evergreens": 2,
  "exaggerate": -2,
  "exasparate": -2,
  "exasperates": -2,
  "excruciatingly": -1,
  "exhilarated": 3,
  "exhilarates": 3,
  "exhilarating": 3,
  "exonerated": 2,
  "exonerates": 2,
  "Expels": -2,
  "expertly": 2,
  "expuestas": -1,
  "ez": -1,
  "ez da nahikoa": -2,
  "ez dabil": -3,
  "ez dago erabilgarri": -1,
  "ez ikusi egin": -1,
  "ez lanean": -3,
  "ez ona": -2,
  "Ez zaio gustatu": -2,
  "eza": -2,
  "ezabatu": -2,
  "ezabaturik": -2,
  "ezarritako": -1,
  "ezazu": -2,
  "ezbehar": -2,
  "ezbeharra": -2,
  "ezbeharraren": -2,
  "ezegonkorra": -2,
  "ezerekin": -2,
  "Ezertarako": -2,
  "ezgai": -2,
  "ezgaitasuna": -2,
  "ezgaituen": -2,
  "ezin": -2,
  "ezintasuna": -2,
  "ezintasunen": -2,
  "ezjakin": -2,
  "ezjakinak": -2,
  "ezjakintasuna": -2,
  "ezkor": -2,
  "ezkortasuna": -2,
  "ezkutatu": -1,
  "ezkutatzeko": -1,
  "ezkutatzen": -1,
  "ezkutupean": -2,
  "ezlegezko": -3,
  "eztabaidagarri": -2,
  "eztabaidatua": -2,
  "eztandaren": -2,
  "fabulously": 4,
  "fAG": -3,
  "fagot": -3,
  "fagots": -3,
  "fainthearted": -2,
  "faker": -3,
  "Faking": -3,
  "false": -1,
  "falsely": -2,
  "falta": -2,
  "faltarik": -2,
  "faltsifikazioak": -3,
  "faltsutu": -3,
  "faltsutuan": -2,
  "faltsutzen": -3,
  "fan": 3,
  "fanatiko": -2,
  "fantastiko": 4,
  "fartsa": -1,
  "fascinates": 3,
  "fatalities": -3,
  "fatality": -3,
  "fatigued": -2,
  "fatiguing": -2,
  "favorable": 2,
  "favorites": 2,
  "faxista": -2,
  "faxisten": -2,
  "fearful": -2,
  "fearsome": -2,
  "fede": 1,
  "felonies": -3,
  "fervent": 2,
  "fervid": 2,
  "fiasco": -3,
  "fidagarria": 2,
  "fidagarriak": 2,
  "fidagarrian": 2,
  "fidagarritasuna": 2,
  "fidgety": -2,
  "filth": -2,
  "filthy": -2,
  "fina": 2,
  "findu": 1,
  "fintzeko": 1,
  "fintzen": 1,
  "Fiskaltzak": -1,
  "fitness": 1,
  "Flasharekin": -2,
  "flaw": -2,
  "flawed": -3,
  "flawless": 2,
  "flawlessly": 2,
  "flaws": -2,
  "flop": -2,
  "flops": -2,
  "fondoak": 1,
  "fools": -2,
  "foreclosures": -2,
  "forgettable": -1,
  "fraudster": -4,
  "fraudsters": -4,
  "fraudulence": -4,
  "freak": -2,
  "Frenet": -1,
  "freskoa": 1,
  "frikin": -2,
  "frisky": 2,
  "frowning": -1,
  "fruitu lehorrak": -3,
  "frustrates": -2,
  "frustrating": -2,
  "frustratu": -2,
  "frustrazioa": -2,
  "ftw": 3,
  "fucked": -4,
  "fucker": -4,
  "fuckers": -4,
  "fuckface": -4,
  "fuckhead": -4,
  "FUCKIN": -4,
  "fucktard": -4,
  "Fud": -3,
  "fuked": -4,
  "fuking": -4,
  "fuming": -2,
  "fun": 4,
  "funky": 2,
  "funnier": 4,
  "futile": -2,
  "gabezia": -2,
  "gabeziak": -2,
  "gag": -2,
  "gai": 1,
  "Gaia": 1,
  "gaichtaguin": -2,
  "gaietan": 1,
  "gailurretan": 2,
  "gain": 2,
  "gaina": -2,
  "gainbegiratze": 1,
  "gainezkatua": -2,
  "gainkarga": -1,
  "gaitasun": 2,
  "gaitasuna": 2,
  "gaitzespen": -2,
  "gaitzespena": -2,
  "gaitzesteari": -2,
  "gaitzesteko": -2,
  "gaitzetsi": -2,
  "gaitzetsita": -3,
  "gaixo": -2,
  "gaixoa": -2,
  "gaixotasun": -1,
  "gaixotasuna": -2,
  "gaizki": -2,
  "gaizki erabiltzea": -2,
  "gaizki portatzen": -2,
  "Gaizki ulertu": -2,
  "gaizki ulerturik": -2,
  "gaizkile": -3,
  "gaizkiulertuei": -2,
  "gaiztakeria": -3,
  "gaizto": -3,
  "gaiztoak": -3,
  "gaiztoaz": -2,
  "gako": 2,
  "galaikeria": 3,
  "galarazteko": -1,
  "galdekatu": -2,
  "galdu": -3,
  "galduak": -2,
  "galduta": -3,
  "galera": -3,
  "galerak": -3,
  "Gallant": 3,
  "galtzaile": -3,
  "galtzen": -3,
  "garaiezina": 2,
  "garaileen": 3,
  "garaipen": 4,
  "garaipena": 3,
  "garaipenekin": 3,
  "garaitu": -2,
  "garbi": 2,
  "garbiena": 1,
  "garbiketa berdea": -3,
  "garbitu": 1,
  "garbitzailea": 2,
  "garestia": -2,
  "garrantzia": 2,
  "garrantzitsua": 2,
  "garrantzizko": 1,
  "garrasi": -2,
  "Garrasi": -2,
  "garratzen": -2,
  "gastatu": -1,
  "gastuak": -2,
  "gatazka": -2,
  "gatazkak": -2,
  "Gatazkako": -2,
  "gatazkatsu": -2,
  "gatoz": 2,
  "Gaztetxoen": 2,
  "gaztigatu": -2,
  "gehiegikeri": -3,
  "gehiegikeriak": -3,
  "Gehiegizko pisua": -1,
  "Gehitu": -2,
  "geldiezin": -2,
  "geldiezina": 2,
  "geldirik": -1,
  "gelditu": -1,
  "geldoegi": -2,
  "gem": 3,
  "genial": 3,
  "geraleku": -1,
  "geratu": -2,
  "gerra": -2,
  "geza": -2,
  "gezurra": -2,
  "gezurti": -3,
  "gilipollas": -4,
  "gimen": -2,
  "gizahilketa": -2,
  "gizatasunik": -2,
  "gizatiarrak": 2,
  "glamour": 3,
  "glamourous": 3,
  "glee": 3,
  "gloriosa": 2,
  "glum": -2,
  "goddamn": -3,
  "godsend": 4,
  "gogaikarriak": -2,
  "gogoa": 1,
  "gogoangarria": 1,
  "gogoko": 2,
  "Gogokoa": 2,
  "gogor": -1,
  "gogorragoak": -2,
  "gogorrenean": -2,
  "gogorretan": -2,
  "gogorrik": -2,
  "gogotsu": 3,
  "goibel": -2,
  "goibeldu": -2,
  "gomendagarria": 2,
  "gomendatzen": 2,
  "gommendatzen": 2,
  "gonbidatuta": 1,
  "gonbidatzen": 1,
  "goodwill": 3,
  "goofiness": -2,
  "goofy": -2,
  "gora": 2,
  "goraazala": -3,
  "goraipatu": 3,
  "goraipatzearen": 3,
  "goraipatzen": 3,
  "gorde": 2,
  "gordin": -1,
  "gordina": -2,
  "gorena": 4,
  "gorpua": -1,
  "gorrotatu": -3,
  "gorroto": -3,
  "gorrotoa": -3,
  "gosea": -2,
  "goseak hiltzen": -2,
  "gosetea": -2,
  "gosez": -2,
  "Gosez": -2,
  "gozamenerako": 3,
  "gozatzeko": 2,
  "gozatzen": 2,
  "gozoa": 2,
  "gozoago": 3,
  "gozoak": 3,
  "gozoenak": 3,
  "gr8": 3,
  "gracious": 3,
  "grand": 3,
  "gratification": 2,
  "grave": -2,
  "grazia": 1,
  "greba": -1,
  "grebak": -1,
  "Greedy": -2,
  "greenwash": -3,
  "greenwasher": -3,
  "greenwashers": -3,
  "greenwashing": -3,
  "greets": 1,
  "grina": 1,
  "gripearen": -2,
  "grisa": -1,
  "grisly": -2,
  "groans": -2,
  "gruesome": -3,
  "gullibility": -2,
  "gullible": -2,
  "gun": -1,
  "guppida": -2,
  "gurpil": -2,
  "gurtu": 3,
  "gurtzen": 3,
  "gustagarri": 2,
  "gustatu": 2,
  "Gustoko": 2,
  "gustuko": 2,
  "gustura": 2,
  "gutizia": 3,
  "gutxiegitasuna": -2,
  "gutxiesgarrian": -2,
  "gutxiestea": -1,
  "gutxiesten": -2,
  "gutxietsi": -1,
  "gutxietsita": -2,
  "gutxitzen": -2,
  "ha": 2,
  "hacked": -1,
  "haha": 3,
  "hahaha": 3,
  "hahahah": 3,
  "Hallelujah": 3,
  "handia": 3,
  "handiagoa": 3,
  "handienak": 3,
  "handinahi": 2,
  "handitu": 1,
  "handpicked": 1,
  "handsome": 3,
  "hapless": -2,
  "haplessness": -2,
  "harako": -2,
  "hardier": 2,
  "hardy": 2,
  "harmed": -2,
  "harmonia": 2,
  "harmoniatsuan": 2,
  "harmonikoa": 2,
  "harraparia": -2,
  "harrapatuta": -2,
  "Harri bihurtutako": -2,
  "harribitxia": 1,
  "harrien": -2,
  "harrigarri": 4,
  "harrigarria": 4,
  "harrigarriak": 5,
  "harritu": 3,
  "Harrituta": 3,
  "harrituta geratzen": 2,
  "Harritzeko": -1,
  "Harritzen": 2,
  "harro": 2,
  "harroputz": -2,
  "hartzea": 1,
  "hartzen": 1,
  "haserre": -2,
  "haserrea": -3,
  "haserretu": -2,
  "Haserretuta": -2,
  "hasperen": -2,
  "hastia": -3,
  "hater": -3,
  "haters": -3,
  "hating": -3,
  "haunt": -1,
  "haunting": 1,
  "Haur": -2,
  "hauste": -2,
  "hausten": -2,
  "hautsi": -1,
  "hautsiezina": 2,
  "hautsitako": -1,
  "hazkunde": 2,
  "hazkundea": 2,
  "hazten": 1,
  "heartbreaking": -3,
  "heartless": -2,
  "heartwarming": 3,
  "heavyhearted": -2,
  "hedatzen": 1,
  "hehe": 2,
  "heldua": 2,
  "hellish": -2,
  "herabe": -2,
  "heriotza": -2,
  "heriotzak": -2,
  "heroi": 2,
  "heroiak": 2,
  "heroiko": 3,
  "herriminez": -2,
  "higuineko": -3,
  "hil": -3,
  "hildako": -3,
  "hileta": -1,
  "hiletak": -1,
  "hilezkorra": 2,
  "hilgarria": -2,
  "hilketa": -2,
  "hilketak": -2,
  "hilketaren": -3,
  "hiltzaile": -3,
  "hiltzaileei": -2,
  "hiltzeko": -3,
  "hiltzen": -3,
  "hipnotikoekin": 3,
  "hipokrita": -2,
  "Hipoteken exekuzioa": -2,
  "histeria": -3,
  "histeriak": -3,
  "hitzarmen": 1,
  "hoax": -2,
  "hobekuntza": 2,
  "Hobera": 2,
  "hobeto": 2,
  "hobetu": 2,
  "hobetzeko": 2,
  "hobetzen": 2,
  "hondakin": -1,
  "hondamena": -2,
  "hondamendi": -2,
  "hondatu": -2,
  "hondatuta": -3,
  "hondatzen": -2,
  "honor": 2,
  "hooligan": -2,
  "hooliganismo": -2,
  "hooligans": -2,
  "hopeless": -2,
  "hopelessness": -2,
  "Horren": -3,
  "horrendous": -3,
  "hortzik": -2,
  "hosto iraunkorreko": 2,
  "huckster": -2,
  "humerous": 3,
  "humor": 2,
  "humourous": 2,
  "hunkigarria": 3,
  "hunkigarriak": -2,
  "hurray": 5,
  "husteko": -1,
  "huts": -2,
  "Huts": -2,
  "huts egiten": -2,
  "hutsak": -1,
  "hutsalak": -2,
  "hutsik egin": -2,
  "hutsunearen": -1,
  "hysterical": -3,
  "iauquiten": 1,
  "icky": -3,
  "Idatzia": -2,
  "Idiocy": -3,
  "idiot": -3,
  "idiotic": -3,
  "idorreria": -2,
  "igo": 1,
  "igoko": 1,
  "igotzen": 1,
  "ihardun": 1,
  "ihes": -1,
  "ihes egitea": -1,
  "ihes egiten du": -1,
  "ihesaldian": -2,
  "ikara eman": -2,
  "ikararequin": -2,
  "ikaratu": -2,
  "ikusgarria": 3,
  "ikuskariak": 1,
  "ikusmen laburra": -2,
  "ilegalki": -3,
  "ilogikoa": -2,
  "ilunena": -2,
  "iluntasun": -1,
  "iluntasuna": -1,
  "ilusioa": 3,
  "ilusioz": 3,
  "ilustratuak": 2,
  "immunitate": 1,
  "impairing": -2,
  "impeachments": -3,
  "impedingly": -2,
  "imposter": -2,
  "impotent": -2,
  "impresses": 3,
  "inaction": -2,
  "inbasioa": -1,
  "inbidia": -1,
  "incapacitates": -2,
  "incapacitating": -2,
  "incense": -2,
  "incenses": -2,
  "incensing": -2,
  "incierto": -1,
  "incompetence": -2,
  "incompetent": -2,
  "incredula": -1,
  "indarguneak": 2,
  "indarkeria": -3,
  "indarkeriaerlazionatutako": -3,
  "indarra": 2,
  "indartsu": 2,
  "indartsua": 2,
  "indartsuagoa": 2,
  "indartsuak": 2,
  "indartsuena": 2,
  "indartu": 2,
  "indartzea": 2,
  "indartzearen": 2,
  "indartzeko": 2,
  "indignation": -2,
  "indoctrinates": -2,
  "indultoa": 2,
  "indultuak": 2,
  "indultuarekin": 2,
  "inediable": -2,
  "ineffective": -2,
  "ineffectively": -2,
  "ineffectual": -2,
  "inefficiently": -2,
  "ineptitude": -2,
  "inexcusable": -3,
  "infantilized": -2,
  "infatuated": 2,
  "infatuation": 2,
  "infekzioa": -2,
  "infekzioak": -2,
  "infekziosoen": -2,
  "inferior": -2,
  "infernua": -4,
  "infested": -2,
  "infesting": -2,
  "infests": -2,
  "inflamed": -2,
  "inflict": -2,
  "inflicting": -2,
  "infract": -2,
  "infracted": -2,
  "infracting": -2,
  "infracts": -2,
  "infuriate": -2,
  "infuriates": -2,
  "infuriating": -2,
  "ingurumena errespetatzen": 2,
  "iniustoqui": -2,
  "injustizia": -2,
  "Inkisizioa": -2,
  "inkoherente": -2,
  "innova": 1,
  "inoperative": -2,
  "inozoa": -2,
  "inozoak": -2,
  "inpartziala": 2,
  "Inperfektua": -2,
  "inposatu": -1,
  "inposatzen": -1,
  "inquisitive": 2,
  "insane": -2,
  "insecure": -2,
  "insolvent": -2,
  "insomnioa": -2,
  "inspiratutako": 2,
  "inspiratzen": 2,
  "inspirazio": 2,
  "instruct": -2,
  "integrala": 2,
  "interes": 1,
  "interesa": 2,
  "interesak": 1,
  "Interesatu": -2,
  "interesgarria": 2,
  "interrupzio": -2,
  "intimitatea": 2,
  "intransigency": -2,
  "intrantsigentzia": -2,
  "Intziri": -2,
  "intzirika": -2,
  "inuidiatan": -1,
  "invulnerable": 2,
  "Iparra galdu": -2,
  "ipurdian": -4,
  "irabazi": 4,
  "irabaziak": 2,
  "irabazien": 2,
  "irabazlea": 4,
  "irabazten": 2,
  "iradokitzaile": 3,
  "iragaiten": -2,
  "Irailean berriz": -2,
  "irain": -2,
  "iraina": -2,
  "iraindu": -2,
  "iraingarria": -2,
  "iraintzailea": -2,
  "iraintzen": -2,
  "irate": -3,
  "iraultzeko": -2,
  "iraunkorrak": 2,
  "iraunkorrean": 2,
  "iraunkortasuna": 1,
  "irekietan": 2,
  "irinetan": -1,
  "irisgarria": 1,
  "iristeko": 1,
  "iristen": 1,
  "iritsi": 1,
  "irmoak": -1,
  "ironia": -1,
  "ironikoa": -1,
  "irrazional": -1,
  "irreproducible": -2,
  "Irresistible": 2,
  "irresistibly": 2,
  "irresolute": -2,
  "irribarre": 2,
  "irribarrez": 2,
  "irribarrez zegoen": 2,
  "irrika": 1,
  "irrikaz": 2,
  "irrikazale": 2,
  "irritating": -3,
  "irtenbide": 1,
  "irtenbideak": 1,
  "irudimentsua": 2,
  "iruzur": -3,
  "iruzurgileek": -3,
  "iruzurra": -2,
  "iruzurrak": -2,
  "iruzurrezko": -4,
  "iruzurtia": -3,
  "Isad": -2,
  "iseka": -2,
  "isiltze": -1,
  "iskanbila": -3,
  "isolatua": -1,
  "istiluek": -2,
  "istripua": -2,
  "istripuak": -2,
  "isunak": -2,
  "itchy": -2,
  "ito": -2,
  "itota": -2,
  "itotzen": -1,
  "itsasontzian": 1,
  "itsu": -1,
  "itsusi": -2,
  "itsusiak": -3,
  "itsustasuna": -3,
  "itxarondako": -1,
  "itxaropen": 2,
  "itxaropenik": -3,
  "itxaropentsu": 2,
  "itxurak": -1,
  "itzaltze": -2,
  "iustitiá": 2,
  "ixilik": -2,
  "izanen ditu": -1,
  "izenburupean": 1,
  "izendapenerako": -1,
  "izerditsu": -1,
  "izorratu": -2,
  "izu": -3,
  "izugarri": 4,
  "izugarria": -3,
  "izurria": -3,
  "izutu": -2,
  "izuturik": -2,
  "izututa": -3,
  "izutzen": -2,
  "jackass": -4,
  "jackasses": -4,
  "jai": 2,
  "jainkoa": 1,
  "jaitsi": -1,
  "jakituria": 1,
  "jaregin": -1,
  "jasanezina": -2,
  "jasangarria": 2,
  "jasaten": -2,
  "jastatzeko": 2,
  "jatorra": 2,
  "jaunty": 2,
  "jazarpenak": -3,
  "jazarpenaren": -3,
  "jazarria": -2,
  "jazartzailea": -3,
  "jelosia": -2,
  "jeloskor": -2,
  "jerk": -3,
  "jesus": 1,
  "jipoitu": -2,
  "jo": -1,
  "jokatuz": -2,
  "jokoaldatzen": 3,
  "jokoan": 3,
  "jolas": 3,
  "Jolly": 2,
  "jori": 2,
  "jota": -3,
  "jovial": 2,
  "joyless": -2,
  "joyous": 3,
  "jubilant": 3,
  "jumpy": -1,
  "justifiably": 2,
  "justifikatua": 2,
  "justizia": 2,
  "kaka": -4,
  "kalitatea": 2,
  "kalte": -2,
  "kalte egiteko": -2,
  "kalteak": -2,
  "kalteengatik": -3,
  "kaltegarriak": -2,
  "kaltetuta": -3,
  "kaltetutako": -1,
  "kanporatua": -2,
  "kanporatzeko": -2,
  "kaosa": -2,
  "kaotikoa": -2,
  "kare": -3,
  "kargak": -2,
  "kargu": -3,
  "kargu hartu": -2,
  "karisma": 2,
  "kartsua": 3,
  "kartzelatua": -2,
  "kartzelatzea": -2,
  "kaskarkeria": -3,
  "kaskarragoak": -2,
  "katastrofe": -3,
  "kazkabarra": 2,
  "kentzen dio": -1,
  "kexa": -2,
  "kexak": -2,
  "kexatu": -2,
  "kexatzen": -2,
  "kexu": -2,
  "kezkagarria": -2,
  "kezkagarriak": 3,
  "kezkak": -3,
  "kezkatu": -3,
  "kezkatuta": -3,
  "kia": 2,
  "kickback": -3,
  "kickbacks": -3,
  "Kinder": 2,
  "kobratuko": -3,
  "kolapso": -2,
  "kolapsoak": -2,
  "koldar": -2,
  "koldarra": -2,
  "komedia": 1,
  "komenigarria": 1,
  "Komenigarria": 2,
  "komikia": 1,
  "konbentzitu": 1,
  "konbentzituko": 1,
  "konbentzituta": 1,
  "kondenatu": -2,
  "kondenatua": -2,
  "kondenatuta": -2,
  "kondenatzeko": -2,
  "kondenatzen": -2,
  "konfiantza": 2,
  "konfiantzaz": 2,
  "konpondu": 1,
  "konponezin": -3,
  "konponezinak": -2,
  "konpontzea": 1,
  "konpontzeko": 2,
  "konpontzen": 1,
  "konprometitu": 1,
  "konpromiso": 2,
  "konpromisoa": 1,
  "konspirazio": -3,
  "kontrabandoa": -2,
  "kontrabandoan": -2,
  "kontsideraziogabe": -2,
  "kontuan hartuko": -2,
  "Kontuan izanik": -2,
  "kontuz": 2,
  "korapilatsu": 2,
  "krediturik gabe": -1,
  "kriminapenik": -3,
  "krisia": -3,
  "kritika": -2,
  "kritikari": -2,
  "kritikaria": -2,
  "kritikatu": -2,
  "kritikatzea": -2,
  "kritikatzeko": -2,
  "kritikatzen": -2,
  "krudelkeria": -3,
  "kualitate": 2,
  "Kudos": 3,
  "kutsadura": -2,
  "kutsagarri": -2,
  "kutsagarria": -2,
  "kutsakorra": -1,
  "kutsakorren": -2,
  "kutsatu": -2,
  "kutsatua": -2,
  "kutsatuko": -2,
  "kutsatuta": -2,
  "kutsatutako": -2,
  "kutsatzaile": -2,
  "kutsatzailea": -2,
  "kutsatze": -2,
  "kutsatzen": -2,
  "kutsatzen duenak": -2,
  "kutsu": -2,
  "kuzinatutakoa": -2,
  "labankada": -2,
  "labankadaz": -2,
  "labururetan": -2,
  "lackadaisical": -2,
  "lag": -1,
  "lagging": -2,
  "lagun": 2,
  "Lagun": 1,
  "lagunarteko": 2,
  "lagungarria": 2,
  "laguntza": 2,
  "laguntzen": 2,
  "lame": -2,
  "langabezia": -2,
  "langabezian": -1,
  "lanik": -2,
  "lapse": -1,
  "lapsed": -1,
  "lapsus": -1,
  "Lapurreta": -2,
  "lapurretak": -2,
  "lapurretan": -2,
  "lapurtu": -2,
  "lapurtzen": -2,
  "larderia": -2,
  "larderiatuta": -2,
  "larregi": -2,
  "larri": -2,
  "larria": -2,
  "larriagoa": -3,
  "larriagotu": -2,
  "larriagotzen": -2,
  "larrialdi": -2,
  "larritasun": -3,
  "Larritasun": -3,
  "larritu": -2,
  "larrituta": -3,
  "larritzea": -2,
  "larruak": -1,
  "lasaiago": 2,
  "lasaiaz": 2,
  "lasaigarri": 2,
  "lasaigarriak": 3,
  "lasaitu": 2,
  "Lasaitu egin": 1,
  "lasaitzea": 1,
  "laudatuak": 2,
  "laudorio": 3,
  "laughting": 1,
  "lausoak": -2,
  "lawl": 3,
  "laxoa": -2,
  "lazy": -1,
  "leak": -1,
  "leaked": -1,
  "lege": 1,
  "legez": 1,
  "legez kanpoko": -3,
  "leheneratu": 1,
  "lehiakorra": 2,
  "Lehian": -1,
  "leiala": 3,
  "leialak": 3,
  "leialtasuna": 3,
  "Lepoko": -1,
  "leporatu": -2,
  "lesioak": -2,
  "lethality": -2,
  "lethargic": -2,
  "leundutako": 2,
  "liars": -3,
  "libelous": -2,
  "lidergoa": 1,
  "liderra": 2,
  "Lied": -2,
  "lifeless": -1,
  "lifesaver": 4,
  "lighthearted": 1,
  "likable": 2,
  "likeable": 2,
  "likers": 2,
  "likidazioa": 1,
  "likidazioak": 1,
  "lilura": 3,
  "liluragarri": 3,
  "liluragarria": 4,
  "liluragarriak": 3,
  "liluratu": -1,
  "liluratuko": 3,
  "liluratuta": 3,
  "litigious": -2,
  "livid": -2,
  "lizitazio": 2,
  "lizuna": -2,
  "lmao": 4,
  "lmfao": 4,
  "loathed": -3,
  "loathes": -3,
  "lobbied": -2,
  "lobby": -2,
  "lobbying": -2,
  "lobbyists": -2,
  "lobbysta": -2,
  "logabez": -2,
  "Lohitu": -2,
  "lol": 3,
  "lolol": 4,
  "lololol": 4,
  "lolololol": 4,
  "lonesome": -2,
  "lool": 3,
  "loom": -1,
  "loomed": -1,
  "looming": -1,
  "looms": -1,
  "loool": 3,
  "looool": 3,
  "lor": 1,
  "lorpen": 2,
  "lorpenak": 2,
  "lortzen": 2,
  "lotsa": -2,
  "lotsati": -1,
  "lotsatu": -2,
  "lotsatuta": -2,
  "lotsatzen": -2,
  "lotutako": -1,
  "lousy": -2,
  "love fucking": 4,
  "lovelies": 3,
  "lozorrotik": -2,
  "ludicrous": -3,
  "ludikoak": 2,
  "lugubrious": -2,
  "Lunatic": -3,
  "lunatics": -3,
  "lur jota": -2,
  "lurk": -1,
  "lurking": -1,
  "lurks": -1,
  "luxuzko": 2,
  "madarikatu": -4,
  "madarikatu beroa": 2,
  "madarikatu cute": 4,
  "madarikatu eder": 4,
  "madarikatu fantastiko": 4,
  "madarikatu handia": 4,
  "madarikatu harrigarria": 4,
  "madarikatu ona": 4,
  "madarikatua": -2,
  "madarikatua cute": 3,
  "madarikatua ona": 4,
  "madarikazio": -1,
  "madly": -3,
  "maisulana": 4,
  "maisulanak": 4,
  "maitagarria": 3,
  "maitasunaren": 3,
  "maitasunean": 3,
  "maite": 3,
  "maitea": 3,
  "maitekorra": 2,
  "maketak": -2,
  "maladaption": -2,
  "maldevelopment": -2,
  "malenkonia": -2,
  "malkoak": -2,
  "maltzur": -1,
  "maltzurra": -2,
  "maltzurrak": 2,
  "maltzurrez": -2,
  "mamua": -1,
  "Manifestariek": -2,
  "manifestazio": -1,
  "manipulatu": -1,
  "manipulatzea": -1,
  "manipulazioa": -1,
  "Manslaughter": -3,
  "Marvel": 3,
  "matxinada": -2,
  "matxinatuak": -2,
  "matxinatuz": -2,
  "matxino": -2,
  "matxinoak": -2,
  "meditazio": 1,
  "mehatxatutako": -2,
  "mehatxatzaileak": -2,
  "mehatxatzen": -2,
  "mehatxu": -2,
  "mehatxuak": -2,
  "mehatxuek": -2,
  "memoriam": -2,
  "menaced": -2,
  "mende": 2,
  "mendekatzaile": -2,
  "mendekatzaileei": -2,
  "mendekatzen": -2,
  "mendeku": -2,
  "mendekuan": -2,
  "mendekuzko": -2,
  "merezi": 2,
  "merezitako": 1,
  "merkean": 2,
  "merry": 3,
  "mesede": 2,
  "mesederako": 2,
  "mesederik": 2,
  "mesedez": 1,
  "mesfidantza": -3,
  "mesfidati": -3,
  "mespretxa": -2,
  "mespretxua": -2,
  "mesprezagarriri": -2,
  "Mespreziozko": -2,
  "messed": -2,
  "metodikoa": 2,
  "metodikoki": 2,
  "miaketen": 1,
  "mihiluze": -4,
  "mikrofonoari": -2,
  "mina": -2,
  "minberen": -2,
  "minbizia": -1,
  "mindless": -2,
  "mindu": -2,
  "minez": -2,
  "mingarria": -2,
  "Mingarria": -2,
  "mingotsak": -2,
  "minik": -2,
  "miragarria": 3,
  "miraria": 4,
  "mirariez": 3,
  "miresten": 3,
  "mirthful": 3,
  "mirthfully": 3,
  "misbehave": -2,
  "misbehaved": -2,
  "misbehaves": -2,
  "misbranding": -3,
  "miscast": -2,
  "mischief": -1,
  "mischiefs": -1,
  "misclassified": -2,
  "misclassifies": -2,
  "misclassify": -2,
  "misconducted": -2,
  "misconducting": -2,
  "misconducts": -2,
  "miserable": -3,
  "miserably": -3,
  "miseria": -2,
  "misfire": -2,
  "misinformation": -2,
  "misinformed": -2,
  "misleaded": -3,
  "misleads": -3,
  "misplace": -2,
  "misplaces": -2,
  "misplacing": -2,
  "mispricing": -3,
  "misread": -1,
  "misreport": -2,
  "misreported": -2,
  "misreporting": -2,
  "misreports": -2,
  "misrepresent": -2,
  "misrepresented": -2,
  "misrepresenting": -2,
  "misrepresents": -2,
  "miss": -2,
  "misunderstands": -2,
  "misuses": -2,
  "mitoa": -1,
  "Mitxel": -3,
  "moan": -2,
  "moans": -2,
  "mobilizazio": -3,
  "mocking": -2,
  "mocks": -2,
  "moda": -2,
  "modernizatu": 2,
  "modernizatzeko": 2,
  "modernizes": 2,
  "modukoa": 0,
  "mongering": -2,
  "monopolizatu": -2,
  "monopolizes": -2,
  "monopolizing": -2,
  "Monotono": -1,
  "Moody": -1,
  "moping": -1,
  "Moron": -3,
  "mota": 2,
  "motherfucker": -5,
  "motherfucking": -5,
  "motibagarria": 2,
  "motibaturik": 2,
  "motibatzea": 1,
  "motibazioa": 1,
  "motza": -2,
  "mournful": -2,
  "mourns": -2,
  "mozketak": -1,
  "mozkortuta": -2,
  "mozorroen": -1,
  "mozorrotua": -1,
  "mozorrotzeko": -1,
  "moztu": -2,
  "muda": -3,
  "mugak": -1,
  "mugarik": -1,
  "Mugarra": 2,
  "mugarri": 2,
  "mugatu": -2,
  "mugatua": -1,
  "mugatuta": -2,
  "mugatzen": -2,
  "mumpish": -2,
  "murderer": -2,
  "murdering": -3,
  "murky": -2,
  "murrizketak": -2,
  "murriztaile": -2,
  "murriztaileak": -1,
  "musu": 2,
  "muturreko": -2,
  "n00b": -2,
  "nabarmen": 1,
  "nabarmena": 5,
  "nabarmenagoa": 2,
  "nabarmenak": 2,
  "nahasgarria": -2,
  "nahasia": -2,
  "nahaspila": -2,
  "nahaste": -2,
  "nahasteak": -2,
  "nahastu": -2,
  "nahi": 1,
  "nahi den": 2,
  "nahia": 1,
  "nahiak": 1,
  "nahigabe": -2,
  "nahigabea": -2,
  "nahigabeko": -2,
  "nahigabeturik nengoen": -2,
  "nahigabetzeagatik": -2,
  "nahiko": 1,
  "nahikoa": -2,
  "naif": -2,
  "nardagarriagorik": -3,
  "narriadura": -2,
  "narritagarriak": -3,
  "nartzisismo": -2,
  "natural": 1,
  "nazka": -3,
  "nazkagarri": -3,
  "nazkagarria": -3,
  "negarzotinka": -2,
  "negarrez": -2,
  "negarrik": -2,
  "negatiboa": -2,
  "negatiboaren": -2,
  "nekaezinean": -1,
  "nekagaitza": 2,
  "nekaturik": -2,
  "nekatuta": -2,
  "nekea": -2,
  "nekeak": -2,
  "nekez": -3,
  "nerbio": -2,
  "nerbioak": -1,
  "neurrigabea": -2,
  "neurriz": -3,
  "nifty": 2,
  "Niggas": -5,
  "nigger": -5,
  "no fun": -3,
  "noble": 2,
  "nobleena": 2,
  "nolabaiteko": 0,
  "nonahiko": 2,
  "noob": -2,
  "nosy": -2,
  "notorio": -2,
  "numb": -1,
  "obnoxious": -3,
  "obsesionatuta": 2,
  "obstinate": -2,
  "odoltsua": -3,
  "offender": -2,
  "offensively": -2,
  "offline": -1,
  "oharkabean": -2,
  "oharkabetu": -2,
  "ohartarazi": -2,
  "ohartarazpen": -2,
  "ohartarazteko": -2,
  "ohartarazten": -2,
  "ohore": 2,
  "oihartzun": -2,
  "oihartzunagatik": -2,
  "oihua": -1,
  "oihuak": -2,
  "oihukatu": -2,
  "oilarra": -5,
  "oinaze": -2,
  "oinordekoa": 3,
  "oka": -3,
  "oker": -2,
  "okerrago": -3,
  "okerrak": -2,
  "okerraren": -2,
  "okerrera": -3,
  "okertzen": -3,
  "oks": 2,
  "oldarkorra": -2,
  "omenaldi": 2,
  "ona": 3,
  "onargarria": 1,
  "onarpen": 2,
  "onarpena": 2,
  "onartezina": -2,
  "onartu": 2,
  "onartu du": 2,
  "Onartu gabeko": -2,
  "Onartuta ez": -2,
  "onartutako": 1,
  "onartutakoen": -1,
  "onartuz": 1,
  "onartzen": 2,
  "ondogroomed": 2,
  "ondo bideratuta": 2,
  "Ondo ezarri": 2,
  "ondo garatua": 2,
  "ondoeza": -2,
  "onena": 3,
  "onena madarikatua": 4,
  "onenetako": 3,
  "ongi": -2,
  "ongi bultzatzen": 3,
  "ongietorri": 2,
  "ongietorria": 2,
  "ongile": 2,
  "ongileen": 2,
  "ongintza": 2,
  "ongizatea": 2,
  "onura": 2,
  "opari": 2,
  "oparoa": 3,
  "oparotasun": 3,
  "optionless": -2,
  "orbain": -2,
  "ordaindu": -1,
  "orekatua": 1,
  "oriotarraren": 2,
  "Osasungaitz": -2,
  "osasuntsu": 2,
  "osatu gabe": -1,
  "osoosorik": 2,
  "osoko": 2,
  "osotasuna": 2,
  "ospakizun": 3,
  "ospakizunak": 3,
  "ospatuz": 3,
  "ospatzeko": 3,
  "ospatzen": 3,
  "ospea": 1,
  "ospetsua": 2,
  "ospetsuenetakoa": 3,
  "ospitaleratua": -2,
  "ostracize": -2,
  "ostracized": -2,
  "ostracizes": -2,
  "otoitz": 1,
  "otoitzean ari": 1,
  "otoizten": 1,
  "ouch": -2,
  "outage": -2,
  "outcry": -2,
  "outmaneuvered": -2,
  "outnumbered": -2,
  "outraged": -3,
  "outrageous": -3,
  "overjoyed": 4,
  "overprotective": -2,
  "overreact": -2,
  "overreacted": -2,
  "overreacting": -2,
  "overreaction": -2,
  "overreacts": -2,
  "oversell": -2,
  "overselling": -2,
  "oversells": -2,
  "oversight": -1,
  "oversimplification": -2,
  "oversimplified": -2,
  "oversimplifies": -2,
  "oversimplify": -2,
  "oversold": -2,
  "overstatement": -2,
  "overstatements": -2,
  "overwrought": -3,
  "oximorona": -1,
  "oztopatu": -2,
  "oztopatuko": -2,
  "oztopatzen": -2,
  "oztopo": -2,
  "pairatu": -2,
  "pairatzen": -2,
  "panicked": -3,
  "paradise": 3,
  "paradoxa": -1,
  "pardon": 2,
  "parerik": 2,
  "parlamentatu": -1,
  "pasiboa": -1,
  "pasiboki": -1,
  "patetikoa": -2,
  "pazientziarik": -2,
  "pena": -2,
  "Pena": -2,
  "penagarria": -3,
  "penalizatu": -2,
  "penalti": -2,
  "pentsakor": 2,
  "pentsamendurik": -2,
  "perfecto": 2,
  "perfects": 2,
  "perfektua": 3,
  "perfektua fucking": 4,
  "perfekzioa": 3,
  "peril": -2,
  "perjury": -3,
  "perpetrated": -2,
  "perpetrator": -2,
  "persecutes": -2,
  "perspectiva": 1,
  "pertsegitzen": -2,
  "pervert": -3,
  "pesky": -2,
  "petrala": -2,
  "philanthropy": 2,
  "phobic": -2,
  "pilaketak": -1,
  "pileup": -1,
  "pinakoteka": 2,
  "pintoreskoak": 2,
  "Pique": -2,
  "piqued": -2,
  "piropo": 2,
  "piss": -4,
  "pissed": -4,
  "pissing": -3,
  "piteous": -2,
  "pitied": -1,
  "plaguetaric": -3,
  "plaguing": -3,
  "plazerra": 3,
  "plodding": -2,
  "pobrea": -2,
  "pobreago": -2,
  "pobrezia": -1,
  "poignant": 2,
  "pointless": -2,
  "poised": -2,
  "polemika": -2,
  "polemikak": -2,
  "polemikoa": -2,
  "polita": 3,
  "politak": 3,
  "poltsikoratu hasi": -2,
  "poluituta": -2,
  "popular": 3,
  "porrot": -3,
  "Porrot": -2,
  "porrota": -2,
  "porrotak": -2,
  "Porrotaren": -3,
  "posesiboa": -2,
  "positiboa": 2,
  "positiboki": 2,
  "posttraumatikoa": -2,
  "powerless": -2,
  "pozpozik": 3,
  "poza": 3,
  "pozez": 3,
  "pozgarria": 2,
  "pozik": 3,
  "Pozik": 3,
  "pozoi": -2,
  "pozoia": -2,
  "pozoituta": -2,
  "pozten": 4,
  "prblm": -2,
  "prblms": -2,
  "prebenitzeko": -1,
  "premiazko": -1,
  "presio": -1,
  "presionatu": -2,
  "preso": -2,
  "presoak": -2,
  "prestatu": 1,
  "prestazioa": 2,
  "prestazioak": 2,
  "preziatu": 2,
  "pribilegiatu": 2,
  "prick": -5,
  "primerako": 4,
  "primeran": 3,
  "proaktiboa": 2,
  "probokatu": -1,
  "profiteer": -2,
  "promesa": 1,
  "promesak": 1,
  "propaganda": -2,
  "proportzionatua": 2,
  "protesta": -2,
  "protestak": -2,
  "protestatzen": -2,
  "psikopata": -2,
  "purposeful": 2,
  "purua": 1,
  "pushy": -1,
  "puta": -4,
  "puztu": -2,
  "puzzled": -2,
  "rageful": -2,
  "rant": -3,
  "ranter": -3,
  "ranters": -3,
  "rants": -3,
  "rapist": -4,
  "rapture": 2,
  "raptured": 2,
  "raptures": 2,
  "rash": -2,
  "rateros": -2,
  "razioak": -2,
  "reassuring": 2,
  "refreshingly": 2,
  "remorse": -2,
  "repellent": -2,
  "reprimanding": -2,
  "reprimands": -2,
  "repulse": -1,
  "repulsive": -2,
  "restful": 2,
  "retard": -2,
  "revered": 2,
  "rightfully": 2,
  "riot": -2,
  "riveting": 3,
  "rob": -2,
  "robed": -2,
  "robing": -2,
  "rofl": 4,
  "roflcopter": 4,
  "roflmao": 4,
  "romantical": 2,
  "romantically": 2,
  "rotfl": 4,
  "rotflmfao": 4,
  "rotflol": 4,
  "ruina": -2,
  "ruining": -2,
  "sabotaje": -2,
  "sadden": -2,
  "saihesteko": -1,
  "saihestu": -1,
  "salaketa": -2,
  "Salaketa": -3,
  "salaketak": -2,
  "salatu": -2,
  "salatu du": -2,
  "salatzeko": -2,
  "salbatu": 2,
  "salbazioa": 2,
  "salbuesten": 2,
  "salbuetsi": 2,
  "salbuetsita": -1,
  "saldu gabeko": -1,
  "saltoki": -2,
  "saluta": 2,
  "salutes": 2,
  "saluting": 2,
  "samina": -3,
  "saminez": -2,
  "samintsua": -2,
  "samurtasuna": 2,
  "saria": 3,
  "Saria": 2,
  "sariak": 3,
  "saritu": 2,
  "Saritua": 2,
  "sarkastikoa": -2,
  "sasizientzia": -3,
  "sastatzen": -2,
  "savange": -2,
  "savanges": -2,
  "scapegoat": -2,
  "scapegoats": -2,
  "scar": -2,
  "scary": -2,
  "scold": -2,
  "scum": -3,
  "scumbag": -4,
  "sedizioa": -2,
  "seducitu": -3,
  "segurantza": 1,
  "segurtasuna": 1,
  "Segurtasuna": 2,
  "segurtasunez": 1,
  "segurtatu": 2,
  "seguru": 1,
  "seguruagoak": 2,
  "semeofaputa": -5,
  "sendoa": 2,
  "sendotu": 2,
  "sentikorrena": 2,
  "sentikortasunik": -2,
  "sentimendu": 1,
  "Sentitzen": -1,
  "serio": 2,
  "sexistak": -2,
  "sexistic": -2,
  "sexy": 3,
  "shameful": -2,
  "share": 1,
  "shithead": -4,
  "shock": -2,
  "shocks": -2,
  "shoody": -2,
  "silly": -1,
  "sin": -2,
  "sincerest": 2,
  "sinesgaitza": -1,
  "sinetsi": -2,
  "singleminded": -2,
  "sinpatia": 2,
  "skeptic": -2,
  "skeptics": -2,
  "slam": -2,
  "slashed": -2,
  "slick": 2,
  "slicker": 2,
  "slickest": 2,
  "sloppy": -2,
  "slumping": -1,
  "slut": -5,
  "smart": 1,
  "smarter": 2,
  "smartest": 2,
  "smog": -2,
  "smuggles": -2,
  "snubs": -2,
  "sobering": 1,
  "sofistikatuak": 2,
  "soiltasun": 1,
  "solemne": -1,
  "solidario": 2,
  "solidarioa": 2,
  "solidoa": 2,
  "solidotu": 2,
  "solidotzen": 2,
  "solteak": -3,
  "soluzioak": 1,
  "somber": -2,
  "sombría": -2,
  "soothe": 3,
  "sorbeltz": 2,
  "sorgindutako": 2,
  "sormen": 2,
  "sortzen dizkio": -1,
  "spam": -2,
  "spammer": -3,
  "spamming": -2,
  "spanta": 2,
  "spantatzen": 2,
  "sparkle": 3,
  "sparkles": 3,
  "spearhead": 2,
  "spiritless": -2,
  "spotless": 2,
  "squanders": -2,
  "squelched": -1,
  "stabs": -2,
  "STANK": -2,
  "Starved": -2,
  "stink": -2,
  "stinked": -2,
  "stinker": -2,
  "stinking": -2,
  "stinks": -2,
  "Stinky": -2,
  "Stout": 2,
  "strangled": -2,
  "stressor": -2,
  "stubborn": -2,
  "stunned": -2,
  "suave": 2,
  "subertsiboa": -2,
  "sucks": -3,
  "sue": -2,
  "sueing": -2,
  "sues": -2,
  "sufferer": -2,
  "suing": -2,
  "suizida": -2,
  "suizidioak": -2,
  "sukar": -2,
  "sulking": -2,
  "sulky": -2,
  "suntsiezina": 2,
  "suntsiketak": -2,
  "suntsitu": -3,
  "suntsitutako": -2,
  "suntsitzailea": -3,
  "suntsitzaileak": -2,
  "suntsitzea": -3,
  "suntsitzen": -3,
  "super": 3,
  "superior": 2,
  "susmagarri": -1,
  "susmagarriak": -2,
  "susmagarrien": -1,
  "susmatu": -1,
  "susmatzen": -1,
  "sustatu": 1,
  "sustatzeko": 1,
  "sustatzen": 1,
  "sustoa": -2,
  "sutan": -2,
  "Sutan": -2,
  "sute": -2,
  "sutsua": 2,
  "swearing": -2,
  "swears": -2,
  "swindles": -3,
  "swindling": -3,
  "talentua": 2,
  "talka": -1,
  "talkak": -2,
  "Tamalez": -2,
  "tard": -2,
  "tarnish": -2,
  "tarnished": -2,
  "taupadak": -1,
  "tentsioa": -1,
  "tentsioz": -2,
  "Teorizantes": 1,
  "terrible": -3,
  "terror": -3,
  "terrorista": -2,
  "thorny": -2,
  "thrilled": 5,
  "thwarts": -2,
  "tiraniko": -3,
  "tiranikoen": -3,
  "tiro": -1,
  "toleranteak": 2,
  "tolerantzia": 2,
  "tormentua eragin": -2,
  "tortura": -4,
  "torturak": -4,
  "torturatuak": -4,
  "torturatzen": -4,
  "totalitario": -2,
  "totalitarismoa": -2,
  "tout": -2,
  "touted": -2,
  "touting": -2,
  "touts": -2,
  "toxikoak": -3,
  "traba": -2,
  "trabarik": -2,
  "trabatuta": -2,
  "trabatzen": -2,
  "tractament": -1,
  "tragedia": -2,
  "tragediak": -2,
  "tragiko": -2,
  "traizio": -3,
  "traizioa": -3,
  "tranpa": -1,
  "tranpak": -1,
  "tranparik": -3,
  "tranquil": 2,
  "tratu txarrak": -2,
  "trauma": -3,
  "traumatikoa": -3,
  "travesty": -2,
  "treason": -3,
  "treasonous": -3,
  "tribulation": -2,
  "tricked": -2,
  "tristatu": -2,
  "triste": -2,
  "tristea": -2,
  "tristetzen": -2,
  "triunfatzailetik": 4,
  "troll": -2,
  "troubling": -2,
  "trufatzen": -2,
  "tumore": -2,
  "twat": -5,
  "txalo": 2,
  "txaloak": 2,
  "txalotu": 2,
  "txalotu egin": 2,
  "txalotua": 2,
  "txalotzeko": 2,
  "txalotzen": 2,
  "txantxetako": 2,
  "txapeldun": 2,
  "Txapeldun": 2,
  "txarra": -3,
  "txarrak": -2,
  "txarreko": -2,
  "txarrena": -3,
  "txarrera": -2,
  "txikiena": -1,
  "txikiz": -2,
  "txinparta": 1,
  "txinpartatsu": 3,
  "txiroenetako": -2,
  "Txiste": 2,
  "txisteak": 2,
  "txokoak": -1,
  "txoriburua": -3,
  "txosnak": 3,
  "txunditzen": -2,
  "tyran": -3,
  "tyrannically": -3,
  "tyrans": -3,
  "ugari izaten": -2,
  "ugaria": 4,
  "ugh": -2,
  "ukatu": -2,
  "ukatuz": -2,
  "ukatzea": -2,
  "ukatzeko": -1,
  "ukatzen": -2,
  "uko": -1,
  "ukuiluratze": -2,
  "ulertezina": -2,
  "ulertu": 2,
  "ulertua": -2,
  "ulu": -1,
  "umekeria": -2,
  "umiliatu": -3,
  "umoretsu": 2,
  "unappeasable": -2,
  "unappreciated": -2,
  "unattractive": -2,
  "unclear": -1,
  "unconvinced": -1,
  "undecided": -1,
  "undermined": -2,
  "underperform": -2,
  "underperformed": -2,
  "underperforming": -2,
  "underperforms": -2,
  "undeserving": -2,
  "unethical": -2,
  "uneventful": -2,
  "unfocused": -2,
  "unforgiving": -2,
  "unfunny": -2,
  "ungenerous": -2,
  "unhygienic": -2,
  "unimaginative": -2,
  "uninspired": -2,
  "unintelligent": -2,
  "uninvolving": -2,
  "united": 1,
  "unlovable": -2,
  "unloved": -2,
  "unmotivated": -2,
  "unoriginal": -2,
  "unparliamentary": -2,
  "unpleasantness": -2,
  "unprofessional": -2,
  "unreleting": -2,
  "unresearched": -2,
  "unsafe": -2,
  "unselfish": 2,
  "unsophisticated": -2,
  "unsound": -2,
  "unsupported": -2,
  "untarnished": 2,
  "unworthy": -2,
  "upsets": -2,
  "upsetting": -2,
  "uptight": -2,
  "urbanístico": -5,
  "urduri": -2,
  "urduritu": 3,
  "urduritzen": -2,
  "urraketa": -2,
  "urratu": -2,
  "urratzaile": -2,
  "urratzen": -2,
  "urre": 2,
  "urritasuna": -2,
  "urrunketa": -2,
  "ustekabean": -2,
  "ustel": -3,
  "ustelkeria": -3,
  "usteltzen": -3,
  "ustiatu": -2,
  "ustiatzeko": -2,
  "ustiatzen": -2,
  "utzi": -1,
  "utzikeria": -2,
  "uxatzen": -2,
  "uztartzeko": 2,
  "vague": -2,
  "valora": 2,
  "vapid": -2,
  "vexing": -2,
  "victimizes": -3,
  "victimizing": -3,
  "victor": 3,
  "vigor": 3,
  "vile": -3,
  "vindicating": 2,
  "vision": 1,
  "vitriolic": -3,
  "vivacious": 3,
  "vividly": 2,
  "vociferous": -1,
  "Vomit": -3,
  "vomits": -3,
  "vulnerable": -2,
  "walkout": -2,
  "walkouts": -2,
  "wanker": -3,
  "warmhearted": 2,
  "warmness": 2,
  "wealthier": 2,
  "whimsical": 1,
  "winwin": 3,
  "wits": 2,
  "woebegone": -2,
  "won": 3,
  "wonderfully": 4,
  "woo": 3,
  "Woohoo": 3,
  "wooo": 4,
  "woow": 4,
  "worthless": -2,
  "wow": 4,
  "wowow": 4,
  "wowww": 4,
  "wrathful": -3,
  "Wreck": -2,
  "wrenching": -2,
  "wrongdoing": -2,
  "wrongdoings": -2,
  "wtf": -4,
  "wtff": -4,
  "wtfff": -4,
  "xahutu": -2,
  "xahutzen": -2,
  "xalo": 3,
  "xantaia": -3,
  "xarma": 3,
  "xarmangarri": 3,
  "xarmangarriro": 3,
  "xaxatzeko": -2,
  "xehatu": -2,
  "xeratsua": 3,
  "XO": 3,
  "xoxo": 3,
  "xoxoxo": 4,
  "xoxoxoxo": 4,
  "xukatu": -2,
  "xume": 1,
  "xurgatu": 1,
  "yeah": 1,
  "yeees": 2,
  "yucky": -2,
  "Yummy": 3,
  "zabal": 1,
  "zabaldu": 1,
  "zabaltzeko": 1,
  "zabor": -1,
  "zabortegiak": -1,
  "zaharberritu": 1,
  "zaharkitua": -2,
  "zaila": -1,
  "Zaila": -1,
  "zailtzen": -2,
  "zain": -1,
  "zainketa": 2,
  "zaintzaile": 2,
  "zakar": -2,
  "zalantzak": -1,
  "zalantzakor": -2,
  "zalantzan": -1,
  "zalantzarik izan": -2,
  "zalantzatiaren": -2,
  "Zalantzazkoak": -1,
  "zaleek": 2,
  "zaletasun": 2,
  "zama": -2,
  "zapalduak": -2,
  "zapalkuntza": -2,
  "zapalkuntzen": -2,
  "zapaltzailearen": -2,
  "zapuztea": -2,
  "zapuztu": -2,
  "zaratatsu": -1,
  "zauritu": -2,
  "zealot": -2,
  "zealous": 2,
  "zearekin": 2,
  "zebiltzala": -3,
  "zeharkatu": -2,
  "zehaztuko": 2,
  "zeken": -2,
  "Zelai": -2,
  "zenbait": 1,
  "zentratu": 2,
  "zentsura": -2,
  "zentsurak": -2,
  "zentsuratu": -2,
  "zentzugabeak": -2,
  "zentzugabekeria": -2,
  "zeruan": 2,
  "zientifikoa": -2,
  "zigor": -2,
  "zigorra": -2,
  "zigortu": -2,
  "zigortuko": -2,
  "zigortuz": -2,
  "zigortzeko": -2,
  "zigortzen": -2,
  "zikin": -2,
  "zikinagoa": -2,
  "zikinena": -2,
  "zikinkeria": -2,
  "zikintzen": -2,
  "zin": -2,
  "zinikoa": -2,
  "zinismo": -2,
  "zintzo": 2,
  "zintzoa": 2,
  "zintzotasun": 2,
  "zirikatzen": -3,
  "zirraragarria": 3,
  "zitala": -2,
  "zitazioa": -2,
  "ziur": 2,
  "ziurtatzeko": 2,
  "zorabiatu": -2,
  "zorabiatuta": -1,
  "zoragarri": 3,
  "zoragarria": 4,
  "zorgindutako": -2,
  "zori": 2,
  "zorigaitzaren": -2,
  "zorigaiztoko": -2,
  "zorion": 3,
  "zorionak": 2,
  "Zorionak": 2,
  "zoriondu": 2,
  "zorioneko": 2,
  "Zorionekoak": 2,
  "zorionez": 3,
  "zoriontasuna": 3,
  "zoriontsu": 3,
  "zoriontsuena": 3,
  "zoritxarreko": -2,
  "zoritxarrez": -2,
  "zorra": -2,
  "zorrotz": 3,
  "zorrotzak": -1,
  "zorrotzeko": 3,
  "zorte": 3,
  "Zorte txarra": -2,
  "zortea": 3,
  "zuhurra": -1,
  "zuhurtzia": 2,
  "Zuk": -2,
  "zurrupatu": -3,
  "zuzen": 1,
  "zuzentasuna": 2
}