{
  "abadi": 2,
  "abai": -2,
  "abaian": -1,
  "abaikan lalu": -2,
  "aborts": -1,
  "absolving": 2,
  "acquits": 2,
  "acuh tak acuh": -2,
  "adil": -2,
  "adores": 3,
  "adoringly": 3,
  "aduan": -2,
  "Aduh": -2,
  "advantageously": 2,
  "affectionateness": 3,
  "affronted": -1,
  "agak hebat": -3,
  "agog": 2,
  "agonises": -3,
  "agonizes": -3,
  "agresif": -2,
  "air mata": -2,
  "akal": -2,
  "akan memberi keadilan kepada": 2,
  "aktif": 1,
  "alahan": -2,
  "alarmists": -2,
  "alasan": -1,
  "Allah dibenarkan": 2,
  "altruistik": 2,
  "amal": 2,
  "aman": 2,
  "amanah": 1,
  "amaran": -1,
  "amat menggusarkan": -2,
  "amazes": 2,
  "ambivalen": -1,
  "anakofajalang": -5,
  "anak haram": -5,
  "ancaman": -2,
  "anda menjejaskan": -2,
  "aneh": 1,
  "Anehnya": 3,
  "angers": -3,
  "anggun": 2,
  "angkat sumpah": -2,
  "anti": -1,
  "anugerah": 2,
  "apeshit": -3,
  "api": -2,
  "appeases": 2,
  "arah yang betul": 3,
  "aset": 2,
  "assfucking": -4,
  "asshole": -4,
  "astoundingly": 3,
  "asuhan": 2,
  "asyik": 1,
  "aura": 1,
  "Avenged": -2,
  "avengers": -2,
  "averts": -1,
  "awesome": 4,
  "ayat": -2,
  "azab": -2,
  "azam": 2,
  "bacul": -2,
  "badass": -3,
  "bagus": 2,
  "bahagia": 2,
  "bahagian": 2,
  "bahan cemar": -2,
  "bahaya": -2,
  "bahaya dengan": -2,
  "baik": 2,
  "baik fucking": 4,
  "baik hati": 3,
  "baik hati dan gembira": 2,
  "bailout": -2,
  "bakat": 2,
  "bamboozled": -2,
  "bamboozles": -2,
  "banduan": -2,
  "bangkai kapal": -2,
  "bankster": -3,
  "bantahan": -2,
  "bantu": 2,
  "banyak menjual": -2,
  "barangan sejuk": 3,
  "barisan hadapan": 1,
  "basuh hijau": -3,
  "batang": -4,
  "bayi": -2,
  "beban": -1,
  "belakang": 1,
  "belas kasihan": 2,
  "belum membuat keputusan": -1,
  "belum selesai": -1,
  "belum yakin": -2,
  "benar": 2,
  "bencana": -3,
  "bencana perbuatan sendiri": -2,
  "benci": -3,
  "beracun": -2,
  "berani": 2,
  "berat badan berlebihan": -1,
  "berat sebelah": -1,
  "berbahaya": -2,
  "berbangga": 2,
  "berbau": -2,
  "berbau busuk": -2,
  "berbohong": -2,
  "berbuat jahat": -2,
  "bercanggah": -2,
  "bercitacita tinggi": 2,
  "berdarah": -3,
  "berdaya saing": 2,
  "berdaya usaha": 1,
  "berdedikasi": 2,
  "berdendam": -2,
  "berdepan": -1,
  "berdiskaun": -1,
  "berdoa": 1,
  "berdosa": -3,
  "berduri": -2,
  "bereave": -2,
  "bereaves": -2,
  "bereaving": -2,
  "berfaedah": 2,
  "berfikir dahulu": -2,
  "bergantung": 2,
  "bergaya": 2,
  "bergelut": -2,
  "bergembira": 3,
  "bergerak": -1,
  "berguna": 2,
  "berhak": 1,
  "berhantu": -2,
  "berharap": 2,
  "berhasrat": 2,
  "berhatihati": -1,
  "berhemah": 2,
  "berhenti": -1,
  "beri amaran": -2,
  "berinteraksi": 1,
  "berisiko": -2,
  "berjagajaga": 3,
  "Berjagajaga": 2,
  "berjangkit": -2,
  "berjanji": 1,
  "berjaya": 3,
  "berjuang": -1,
  "berjubah": -2,
  "berkabung": -2,
  "berkanun yang": 3,
  "berkas": -3,
  "berkat": 3,
  "berkecai": -2,
  "berkelakuan salah": -2,
  "berkembang": 1,
  "berkembar": -1,
  "berkenaan": 2,
  "berkesan": 2,
  "berkilau": 3,
  "berkualiti": 2,
  "berkutu": -2,
  "berlalu": -1,
  "berlanggar": -1,
  "berlembut": 1,
  "berlian": 1,
  "berlumpur": -2,
  "bermakna": 2,
  "bermasalah": -2,
  "bermegahmegah": 3,
  "bermimpi": 1,
  "berminat": 2,
  "bermotivasi": 2,
  "bermuram": -1,
  "bermusuhan": -2,
  "bernasib baik": 2,
  "bernilai": 2,
  "berongga": -1,
  "berpakat": -3,
  "berpatutan": 2,
  "berpengaruh": 2,
  "berperikemanusiaan": 2,
  "berpilu": -2,
  "berpindah": -1,
  "berprestasi rendah": -2,
  "berpuas hati": 2,
  "berpurapura": -1,
  "berputus asa": -3,
  "bersalah": -2,
  "bersalahan": -2,
  "bersalaman": 1,
  "Bersandarkan": 1,
  "bersatu": 1,
  "bersedia": -2,
  "bersemangat": 2,
  "bersemangat Khuruj": -2,
  "bersembunyi": -1,
  "bersenjata": -2,
  "bersesuaian": 2,
  "bersetuju": 1,
  "bersih": 2,
  "bersikap tidak peduli": -3,
  "bersimpati": 2,
  "bersin": -2,
  "bersorak": 2,
  "bersukacita": 4,
  "bersumpah": -2,
  "bersungguhsungguh": 2,
  "bersyukur": 3,
  "bertambah buruk": -3,
  "bertanding": -1,
  "bertanggungjawab": 2,
  "bertaring": -2,
  "bertembung": -1,
  "bertenaga": 2,
  "bertepuk tangan": 2,
  "bertimbang rasa": 2,
  "bertindak balas secara keterlaluan": -2,
  "bertuah": 3,
  "berundur": -1,
  "berwawasan": 3,
  "besar": 1,
  "betulbetul": -3,
  "biasabiasa saja": -3,
  "bijak": 2,
  "bimbang": -3,
  "bingung": -2,
  "bising": -1,
  "bisu": -3,
  "bitches": -5,
  "blackmailed": -3,
  "blackmails": -3,
  "blah": -2,
  "blockbuster": 3,
  "blok": -1,
  "bocor": -1,
  "bodoh": -2,
  "boikot": -2,
  "boleh \"t berdiri": -3,
  "boleh diperbaiki": -2,
  "boleh diterima": 1,
  "bom": -1,
  "bongkah": -1,
  "bore": -2,
  "bosan": -3,
  "bravura": 3,
  "brilliances": 3,
  "buangan": -1,
  "budi bahasa": 2,
  "buih": -3,
  "buli": -2,
  "bunuh": -3,
  "bunuh diri": -2,
  "buruk": -2,
  "buruk sekali": -3,
  "busuk": -2,
  "buta": -1,
  "buta huruf": -2,
  "cabaran": -1,
  "cacat": -3,
  "cahaya hati": 1,
  "cahaya matahari": 2,
  "caj": -2,
  "cakap besar": -2,
  "canggih": 2,
  "cantik": 1,
  "cedera": -2,
  "cemas": -2,
  "cemburu": -2,
  "cemerlang": 5,
  "cemuhan": -2,
  "cerdik": -2,
  "ceria": 2,
  "ceroboh": -2,
  "charmless": -3,
  "cherishing": 2,
  "chiding": -3,
  "cinta fucking": 4,
  "ciuman": 2,
  "cocksucker": -5,
  "cocksuckers": -5,
  "cocok": 2,
  "comel": 3,
  "conciliates": 2,
  "conciliating": 2,
  "conflictive": -2,
  "congrats": 2,
  "consolable": 2,
  "contagions": -2,
  "courageousness": 2,
  "coverup": -3,
  "crap": -3,
  "criminated": -3,
  "criminates": -3,
  "crushes": -1,
  "cuai": -2,
  "cucuk": -5,
  "curiga": -3,
  "cut": -1,
  "dahan": -1,
  "dahsyat": -2,
  "dakwaan": -2,
  "dalam jenayah": -3,
  "damn cute": 3,
  "daya hidup": 3,
  "daya tarikan": 2,
  "dedikasi": 2,
  "defisit": -2,
  "defrauds": -3,
  "deft": 2,
  "degil": -2,
  "dehumanized": -2,
  "dehumanizes": -2,
  "dejecting": -2,
  "dejects": -2,
  "demam": -2,
  "demonstrasi": -1,
  "demoralizes": -2,
  "denda": 2,
  "dengan bangganya": 2,
  "dengan harapan": 2,
  "dengan ketara": 1,
  "Dengan mengabaikan": -2,
  "dengan penuh": -1,
  "dengan segera": 1,
  "dengan selesa": 2,
  "dengan sempurna": 2,
  "dengan yakin": 2,
  "dengki": -1,
  "denier": -2,
  "dent": -2,
  "deports": -2,
  "deriding": -2,
  "derma": 2,
  "dermawan": 2,
  "Despairs": -3,
  "detracted": -1,
  "detracts": -1,
  "devastations": -2,
  "di atas kapal": 1,
  "diabaikan": -2,
  "diakses": 1,
  "diamanahkan": 2,
  "diampunkan": 2,
  "diangkat": 2,
  "dianiaya": -2,
  "dianugerahkan": 3,
  "dibatalkan": -1,
  "dibebani": -2,
  "dibebaskan": 2,
  "dibelenggu": -3,
  "dibenci": -3,
  "diberi amaran": -2,
  "diberikan": 1,
  "dibersihkan": 1,
  "dibesarbesarkan": -2,
  "dibezakan": 2,
  "diboikot": -2,
  "dibuang": -2,
  "dibuatbuat": -1,
  "dibuli": -2,
  "diburukkan lagi": -2,
  "dicapai": 1,
  "dicederakan": -2,
  "dicekik": -2,
  "dicintai": 3,
  "dickhead": -4,
  "diculik": -2,
  "dicuri": -2,
  "didakwa": -2,
  "didamaikan": 2,
  "didera": -3,
  "didermakan": 2,
  "didiskriminasi": -2,
  "didoktrinkan": -2,
  "diejek": -2,
  "dieksploitasi": -2,
  "dielakkan": -1,
  "difahami": -2,
  "digagalkan": -2,
  "digalakkan": -2,
  "diganasi": -3,
  "diganggu": -2,
  "digantung": -1,
  "digemari": 2,
  "Digemari": 2,
  "digilap": 2,
  "digodam": -1,
  "digugurkan": -1,
  "dihancurkan": -2,
  "dihantar pulang": -2,
  "diharamkan": -2,
  "dihargai": 2,
  "dihina": -3,
  "dihormati": 2,
  "dihukum": -2,
  "diilhamkan": 2,
  "dijangkiti": -2,
  "dikagumi": 3,
  "dikalahkan": -2,
  "dikasihani": -1,
  "dikecualikan": -1,
  "dikehendaki": 2,
  "dikekalkan": -1,
  "dikekang": -2,
  "dikelar": -2,
  "dikenakan": -3,
  "dikhianati": -3,
  "dilakukan": -2,
  "dilanda": -2,
  "dilarang": -2,
  "dilema": -1,
  "dilemahkan": -2,
  "dilepaskan": 2,
  "dilindungi": 1,
  "diluluskan": -2,
  "dilupakan": -1,
  "dimaafkan": -3,
  "dimanipulasi": -1,
  "dimasukkan ke hospital": -2,
  "dimodenkan": 2,
  "dimonopoli": -2,
  "dimusnahkan": 2,
  "dinaikkan pangkat": 1,
  "dinasihatkan": 1,
  "dinikmati": 2,
  "dinobatkan": 2,
  "dipadamkan": -2,
  "dipakai": -1,
  "dipaksa": -2,
  "dipalsukan": -3,
  "dipandang ringan": -1,
  "dipecat": -2,
  "dipenjara": -2,
  "dipenjarakan": -2,
  "dipenuhi": 2,
  "dipercayai": 2,
  "diperdaya": -2,
  "diperhambakan": -2,
  "diperjuangkan": 2,
  "diperkukuhkan": 2,
  "dipersalahkan": -2,
  "dipersoalkan": -2,
  "dipertikaikan": -2,
  "dipilih": 1,
  "dipindahkan": -1,
  "dipshit": -3,
  "dipuja": 3,
  "dipukul": -2,
  "dipulaukan": -2,
  "dipulihkan": 1,
  "diputarbelitkan": -2,
  "dirangsang": 1,
  "diri terpedaya": -2,
  "dirogol": -4,
  "dirosakkan": -2,
  "disabitkan": -2,
  "disahkan": 2,
  "disalah tafsir": -2,
  "disalahgunakan": -2,
  "disambut": 1,
  "disconsolation": -2,
  "disebutsebut": -2,
  "disekat": -1,
  "diseksa": -4,
  "diselamatkan": 2,
  "diselesaikan": 2,
  "diseludup": -2,
  "disembah": 3,
  "disempurnakan": 2,
  "disenangi": 2,
  "diserap": 1,
  "diseret": -1,
  "disfungsi": -2,
  "disimpan": 2,
  "diskriminasi": -2,
  "diskru": -3,
  "diskrukan": -2,
  "disoal siasat": -2,
  "disogok": -3,
  "disokong": 2,
  "disukai": 2,
  "disyaki": -1,
  "disyorkan": 2,
  "ditahan": -2,
  "ditakdirkan": -2,
  "ditakuti": -2,
  "ditangguhkan": -1,
  "ditangkap": -3,
  "ditangkis": -2,
  "ditapis": -2,
  "ditebus": 2,
  "ditegur": -2,
  "ditenangkan": 2,
  "diterima": 1,
  "ditikam": -2,
  "ditimpa": -1,
  "ditipu": -2,
  "ditolak": -1,
  "diusir": -2,
  "doktriner": -2,
  "dosa": -2,
  "douche": -3,
  "douchebag": -3,
  "Downer": -2,
  "drag": -1,
  "drags": -1,
  "dreading": -2,
  "droopy": -2,
  "drop": -1,
  "drowns": -2,
  "dungu": -3,
  "ejekejekan": -2,
  "ejekan": -2,
  "eksklusif": 2,
  "eksploitasi": -2,
  "Elakkan daripada": -1,
  "elegan": 2,
  "emas": 2,
  "empati": 2,
  "enggan": -2,
  "enrages": -2,
  "enraging": -2,
  "envying": -1,
  "erangan": -2,
  "ErrorUndefined": 2,
  "etika": 2,
  "euphoric": 4,
  "evacuates": -1,
  "evergreen": 2,
  "evergreening": -3,
  "exasparate": -2,
  "exasperates": -2,
  "exonerates": 2,
  "exonerating": 2,
  "expertly": 2,
  "exultantly": 3,
  "fabulously": 4,
  "fad": -2,
  "faedah": 2,
  "faker": -3,
  "fanatik": -2,
  "fasis": -2,
  "felonies": -3,
  "fitnah": -2,
  "flop": -2,
  "flustered": -2,
  "foreclosures": -2,
  "frikin": -2,
  "frowning": -1,
  "ftw": 3,
  "fuck": -4,
  "fucked": -4,
  "fucker": -4,
  "fuckers": -4,
  "fuckhead": -4,
  "fuckin": -4,
  "fucking": -4,
  "fucking besar": 4,
  "fucking comel": 4,
  "fucking hebat": 4,
  "fucking indah": 4,
  "fucking menakjubkan": 4,
  "fucking panas": 2,
  "fucktard": -4,
  "fud": -3,
  "fuked": -4,
  "fuking": -4,
  "funky": 2,
  "gag": -2,
  "gagah": 3,
  "gagal": -2,
  "galakan": 2,
  "gambaran yang salah": -2,
  "ganas": -3,
  "gangguan": -3,
  "ganjaran": 2,
  "ganjil": -2,
  "ganti rugi": -3,
  "garis condong": -2,
  "gasar": -2,
  "gatal": -2,
  "gegaran": -2,
  "gelap": -2,
  "geli": 3,
  "geli hati": 3,
  "gelisah": -1,
  "gemar": 2,
  "gembira": 4,
  "gemilang": 2,
  "gempal": 2,
  "genial": 3,
  "gerai": -2,
  "geram": -2,
  "geran": 1,
  "getir": -2,
  "ghairah": 2,
  "gila": -3,
  "glamor": 3,
  "goofiness": -2,
  "goyah": -2,
  "gr8": 3,
  "grand": 3,
  "greenwash": -3,
  "greenwasher": -3,
  "greenwashers": -3,
  "greenwashing": -3,
  "gugup": -3,
  "gula": 2,
  "gun": -1,
  "gundah gulana": -3,
  "ha": 2,
  "habis": -2,
  "had": -1,
  "hadiah": 2,
  "Hadkan": -2,
  "haha": 3,
  "hahaha": 3,
  "hahahah": 3,
  "hairan": -2,
  "hajat": 1,
  "halangan": -2,
  "halus": 1,
  "hamba": -3,
  "hambar": -2,
  "hancur": -2,
  "hantu": -1,
  "haplessness": -2,
  "harapan": 2,
  "hardier": 2,
  "harga": 2,
  "harmoni": 2,
  "harta": 2,
  "hasutan": -2,
  "heavyhearted": -2,
  "hebat": 5,
  "hehe": 2,
  "hiburan": 3,
  "hidangan": 3,
  "hidup": 1,
  "hilang": -3,
  "hilang kelayakan": -2,
  "hina": -3,
  "hipokrit": -2,
  "histeria": -3,
  "hodoh": -3,
  "homo": -3,
  "hormat": 2,
  "hujan": -1,
  "hujan batu": 2,
  "hukuman": -2,
  "humerous": 3,
  "humor": 2,
  "hura": 5,
  "huruhara": -2,
  "hutang": -2,
  "ikhlas": 2,
  "ilham": 2,
  "imaginatif": 2,
  "iman": 1,
  "impedingly": -2,
  "impian": 1,
  "imunisasi": 1,
  "incapacitates": -2,
  "incenses": -2,
  "incensing": -2,
  "indah": 4,
  "indoctrinates": -2,
  "inediable": -2,
  "infantilized": -2,
  "infesting": -2,
  "infests": -2,
  "infract": -2,
  "infracted": -2,
  "infracting": -2,
  "infracts": -2,
  "ingin": 1,
  "ingin tahu": 2,
  "ingkar": -1,
  "inovasi": 1,
  "inovatif": 2,
  "insomnia": -2,
  "inspirasi": 3,
  "integriti": 2,
  "intransigency": -2,
  "iri hati": -2,
  "ironi": -1,
  "ironis": -1,
  "irreproducible": -2,
  "istimewa": 2,
  "jackass": -4,
  "jackasses": -4,
  "jahat": -3,
  "jahil": -2,
  "jalang": -5,
  "jaminan": 1,
  "Jaminan": 1,
  "janda": -1,
  "janggal": -2,
  "jangkaan": 1,
  "jangkitan": -2,
  "janji": 1,
  "jatuh": -1,
  "jelas": 1,
  "jenaka": 2,
  "jenayah": -3,
  "jenis": 2,
  "jeritan": -2,
  "jerk": -3,
  "jesus": 1,
  "jijik": -3,
  "juara": 2,
  "jujur": 2,
  "kabur": -2,
  "kabut": -2,
  "kacak": 3,
  "kacang": -3,
  "kafir": -2,
  "kagum": 3,
  "kagumi": 3,
  "kambing hitam": -2,
  "kanser": -1,
  "kapak": -1,
  "kapur": -3,
  "karisma": 2,
  "karut": -2,
  "karya": 4,
  "karyakarya": 4,
  "kasar": -2,
  "kasih sayang": 3,
  "kasih sejati": 3,
  "kasihan": -2,
  "katakata kasar": -3,
  "kaya": 2,
  "keadaan huruhara": -2,
  "keadilan": 2,
  "keajaiban": 4,
  "keamanan": 2,
  "kebahagiaan": -2,
  "kebaikan": 3,
  "kebaktian": 2,
  "kebal": 2,
  "kebankrapan": -3,
  "kebas": -1,
  "kebebasan": 2,
  "kebenaran": 2,
  "kebencian": -3,
  "keberahian": 2,
  "keberanian": 3,
  "keberkesanan": 2,
  "kebijaksanaan": 1,
  "kebimbangan": -3,
  "kebocoran": -1,
  "kebodohan": -3,
  "kebolehan": 2,
  "kebolehpercayaan": 2,
  "kebudakbudakan": -2,
  "kebuluran": -2,
  "kebuntuan": -2,
  "kecacatan": -2,
  "kecantikan": 3,
  "kecederaan": -2,
  "kecekapan": 1,
  "kecemasan": -2,
  "kecemerlangan": 3,
  "kecerahan": 1,
  "kecerdasan": 2,
  "kecergasan": 1,
  "kecewa": -2,
  "kecil sedemikian": -2,
  "kedegilan": -2,
  "kedekut": -2,
  "kedermawanan": 2,
  "kegagalan": -2,
  "keganasan": -2,
  "keganasan berkaitan": -3,
  "kegelapan": -1,
  "kegemaran": 2,
  "kegembiraan": 3,
  "kegemparan": -3,
  "keghairahan": 3,
  "kegilaan": -3,
  "kegunaan": 2,
  "kegusaran": -2,
  "kehancuran": -2,
  "kehangatan": 2,
  "keharmonian": 2,
  "kehebatan": 3,
  "kehilangan": -3,
  "kehilangan tempat tinggal": -2,
  "kehinaan": -2,
  "kehodohan": -3,
  "keikhlasan": 2,
  "keindahan": 3,
  "keinginan": 1,
  "keintiman": 2,
  "kejahatan": -3,
  "kejahilan": -2,
  "kejam": -2,
  "kejang": -1,
  "kejatuhan": -1,
  "kejayaan": 4,
  "kejelasan": 2,
  "keji": -3,
  "kejutan": -2,
  "kekalahan": -2,
  "kekayaan": 3,
  "kekecewaan": -2,
  "kekejaman": -3,
  "Kekesalan": -2,
  "kekosongan": -1,
  "kekuatan": 2,
  "kekurangan": -3,
  "kelabu": -1,
  "kelakar": 2,
  "kelaparan": -2,
  "keldai": -4,
  "kelebihan": 2,
  "kelemahan": -2,
  "Kelemahan": -2,
  "kelembutan": 2,
  "kelesuan": -2,
  "keletihan": -2,
  "kelewatan": -1,
  "keliru": -2,
  "keliru dengan konsep": -2,
  "kelucahan": -2,
  "kelulusan": 2,
  "kemajuan": 2,
  "kemakmuran": 3,
  "kemalangan": -2,
  "kemaluan wanita": -5,
  "kemampanan": 1,
  "kemampuan": 1,
  "kemanusiaannya": -2,
  "kemarahan": -2,
  "kemasyhuran": 1,
  "kematian": -3,
  "kembung": -1,
  "kemelesetan": -2,
  "kemelut": -3,
  "kemenangan": 4,
  "kemenyan": -2,
  "kemerosotan": -2,
  "kemiskinan": -1,
  "kemudaratan": -2,
  "kemuliaan": 2,
  "kemuncak": 2,
  "kemurungan": -2,
  "kemusnahan": -3,
  "kenangan": 1,
  "Kencing": -4,
  "kenyamanan": 2,
  "kepanasan": 2,
  "kepentingan": 1,
  "kepimpinan": 1,
  "kepuasan": 2,
  "keputusan": -1,
  "keputusan yang dibuat secara": -1,
  "keraguan": -2,
  "keramahan": 2,
  "keras": -2,
  "keras kepala": -2,
  "kerinduan": 1,
  "kerosakan": -1,
  "kerugian": -3,
  "keruh": -2,
  "kerunsingan sehingga": -2,
  "kes pembunuhan": -2,
  "kesal": -3,
  "kesalahan": -2,
  "kesan": -2,
  "kesan sampingan": -2,
  "kesanggupan": 2,
  "kesangsian": -3,
  "kesat": -3,
  "kesederhanaan": 1,
  "kesedihan": -2,
  "kesejahteraan": 2,
  "keselamatan": 2,
  "keselesaan": 2,
  "kesempurnaan": 3,
  "kesengsaraan": -2,
  "kesepian": -2,
  "keseronokan": 3,
  "kesesakan": -1,
  "kesetiaan": 3,
  "kesilapan": -2,
  "kesopanan": 2,
  "kesukaan": 2,
  "kesulitan": -2,
  "kesuraman": -1,
  "kesusahan": -2,
  "ketakutan": -2,
  "ketamakan": -3,
  "ketara": 2,
  "ketat": -1,
  "ketawa": 1,
  "ketegangan": -1,
  "ketekunan": 2,
  "keterlaluan": -2,
  "ketetapan": 2,
  "ketidakcekapan": -2,
  "ketidakselesaan": -2,
  "ketidakupayaan": -2,
  "ketinggalan": -2,
  "ketumbuhan": 2,
  "keuntungan": 2,
  "keupayaan": 2,
  "keyakinan": 2,
  "keyakinan diri": 2,
  "kezaliman": -2,
  "khazanah": 2,
  "khianat": -3,
  "kinder": 2,
  "kipas": 3,
  "kira": -2,
  "komedi": 1,
  "komik": 1,
  "komited": 1,
  "komitmen": 2,
  "kompeten": 2,
  "komplot": 1,
  "konflik": -2,
  "kongsi": 1,
  "konspirasi": -3,
  "kontroversi": -2,
  "korban penipuan": -2,
  "kosong": -1,
  "kotor": -2,
  "kotoran": -2,
  "koyak": -2,
  "kreatif": 2,
  "krisis": -3,
  "kritikan": -2,
  "kualiti": 2,
  "Kuasa melakukan": 2,
  "kuat": 2,
  "kubur": -2,
  "kumandang": -2,
  "kurang": -2,
  "kurang ajar": -2,
  "kurang berprestasi": -2,
  "kutukan": -2,
  "lag": -1,
  "lain daripada yang lain": -2,
  "laknat": -1,
  "lambat dan berat": -2,
  "lame": -2,
  "lancar": 2,
  "larangan": -2,
  "Laughting": 1,
  "lawak": 2,
  "layak": 2,
  "lazat": 3,
  "lebam": -2,
  "lebih baik": 2,
  "lebih besar": 3,
  "lebih bijak": 2,
  "lebih selamat": 2,
  "lebih teruk": -3,
  "lega": 2,
  "leka": -2,
  "lemah": -2,
  "lemas": -2,
  "lembap": -2,
  "lembing": 2,
  "lesu": -2,
  "lethality": -2,
  "letih": -2,
  "licik": 2,
  "licin": 2,
  "lifesaver": 4,
  "likers": 2,
  "lincah": 2,
  "lmao": 4,
  "lmfao": 4,
  "lobi": -2,
  "lol": 3,
  "lolol": 4,
  "lololol": 4,
  "lolololol": 4,
  "longgar": -3,
  "Lool": 3,
  "loom": -1,
  "loool": 3,
  "looool": 3,
  "looses": -3,
  "lovelies": 3,
  "luar biasa": -1,
  "luas": 1,
  "lucah": -2,
  "lucu": 2,
  "luka": -1,
  "lumayan": 3,
  "lupa": -1,
  "luput": -1,
  "lurks": -1,
  "lurus": 1,
  "maaf": -1,
  "mabuk": -2,
  "mabuk benar": -4,
  "macet": -2,
  "mahal": -2,
  "mahu": 1,
  "maju": 1,
  "maklumat salah": -2,
  "maklumat yang salah": -2,
  "Makmur": 3,
  "maladaption": -2,
  "malang": -2,
  "Malangnya": -1,
  "malapetaka": -3,
  "malar hijau": 2,
  "malas": -2,
  "maldevelopment": -2,
  "malu": -2,
  "malumalu": -2,
  "mampan": 2,
  "mampu": 1,
  "mandatori": -1,
  "manfaat": 2,
  "mangsa": -3,
  "manipulasi": -1,
  "manis": 3,
  "manja": -2,
  "marah": -3,
  "martabat": 2,
  "masak": -2,
  "masalah": -2,
  "Masam": -2,
  "matang": 2,
  "mati": -3,
  "mati pucuk": -2,
  "maut": -2,
  "mayat": -1,
  "meditasi": 1,
  "melakukan": 1,
  "melakukan inovasi": 1,
  "melampaui batas": -2,
  "melampaui batas,": -2,
  "melancarkan": 1,
  "melanda": -3,
  "melanggar": -2,
  "melanggari syarat": -2,
  "melanjutkan": 1,
  "melarang": -1,
  "melarikan diri": -1,
  "melegakan": 3,
  "melemahkan": -2,
  "melemahkan semangat": -2,
  "melepaskan": 2,
  "meletak jawatan": -1,
  "meletakkan jawatan": -1,
  "meletihkan": -2,
  "melibatkan diri": 1,
  "melindungi": 1,
  "melobi": -2,
  "melulu": -2,
  "meluluskan": -2,
  "melumpuhkan": -2,
  "memaafkan": 1,
  "memalsukan": -3,
  "memalukan": -2,
  "memandang rendah": -1,
  "memanipulasi": -1,
  "memanjangkan": 1,
  "memarahi": -2,
  "memarahkan": -2,
  "memastikan": 1,
  "mematahkan semangat": -2,
  "membalas": -2,
  "membalas dendam": -2,
  "membangkitkan": 3,
  "membantah": -2,
  "membantu": 2,
  "membatalkan": -1,
  "membayangkan kegembiraan": 4,
  "membayar": -1,
  "membazir": -1,
  "membazirkan": -2,
  "membebankan": -2,
  "membebaskan": 2,
  "membebaskannya": 2,
  "membenci": -3,
  "memberangkan": -2,
  "memberangsangkan": 2,
  "memberi amaran": -2,
  "memberi amaran kepada": -2,
  "memberi gambaran yang salah": -2,
  "memberi inspirasi": 2,
  "memberi kuasa": 2,
  "memberi manfaat kepada": 2,
  "memberi rasuah kepada": -3,
  "memberi salam": 2,
  "memberi tumpuan": 2,
  "memberikan": 1,
  "memberikan gambaran yang salah": -2,
  "memberkati": 2,
  "Memberkati": 2,
  "memberontak": -2,
  "Membersihkan": 1,
  "membesarbesarkan": -2,
  "membezakan": -2,
  "membimbangkan": -3,
  "membinasakan": -2,
  "memboikot": -2,
  "membolehkan": 1,
  "membongkar": 1,
  "memboroskan": -2,
  "membosankan": -3,
  "membuang": -2,
  "membungkam": -1,
  "membunuh": -3,
  "membunuh diri": -2,
  "memburukkan": -3,
  "memburukkan lagi": -2,
  "memejal": 2,
  "memekakkan": -1,
  "memenangi": 4,
  "memenatkan": -3,
  "mementingkan diri": -3,
  "mementingkan diri sendiri": -3,
  "memenuhi": 2,
  "memerangi": -1,
  "memeras ugut": -3,
  "memerlukan": -2,
  "memesongkan": -2,
  "memihak": 2,
  "memilukan": 2,
  "memindahkan": -1,
  "meminta maaf": -1,
  "meminta pertolongan": -2,
  "memodenkan": 2,
  "memohon maaf": -1,
  "memonopoli": -2,
  "Memoriam": -2,
  "memotong": -1,
  "memperbudakkan": -2,
  "memperdaya": -2,
  "memperkecilkan": -2,
  "mempersendakan": -2,
  "mempersoalkan": -1,
  "mempertahankan": 2,
  "mempertikaikan": -2,
  "mempesona": 3,
  "mempesonakan": 3,
  "mempromosi": 1,
  "memprovokasi": -1,
  "memuja": 3,
  "memuji": 3,
  "memujuk": 2,
  "memukau": 2,
  "memulaukan": -2,
  "memulihkan": 2,
  "memusnahkan": -3,
  "memutarbelitkan": -2,
  "menaced": -2,
  "menaces": -2,
  "menafikan": -2,
  "menahan": -2,
  "menaikkan semangat": 2,
  "menaja": -2,
  "menakjubkan": 3,
  "menakluki": -2,
  "menakutnakutkan": -2,
  "menakutkan": -2,
  "menang": 3,
  "menangguhkan": -1,
  "menangis": -2,
  "menangkap": -2,
  "menangkis": -1,
  "menanti": -1,
  "menapis": -2,
  "menarik": 1,
  "menarik perhatian": 3,
  "menawan": 3,
  "menawan hati": 3,
  "mencabar": 2,
  "mencaci": -3,
  "mencantikkan": 3,
  "mencapai": 1,
  "mencederakan": -2,
  "mencemarkan": -2,
  "mencetuskan": -1,
  "mencintai fucking": 4,
  "mencuci hijau": -3,
  "mencuci otak": -3,
  "mencukupi": 1,
  "menculik": -2,
  "mencuri": -2,
  "mencurigakan": -2,
  "mendakwa": -1,
  "mendamaikan": 2,
  "mendapat": 2,
  "mendedahkan": -1,
  "mendera": -4,
  "menderita": -2,
  "menderma": 2,
  "mendesak": 2,
  "mendiskriminasi": -2,
  "mendiskriminasikan": -2,
  "mendustakan": -2,
  "menegaskan": -2,
  "menegur": -2,
  "menembak": -1,
  "menenangkan": 2,
  "menerangi": 2,
  "menerima": 1,
  "menerima pakai": 1,
  "mengabaikan": -2,
  "mengabaikan,": -2,
  "mengadu": -2,
  "mengagumi": 3,
  "mengaku": -1,
  "mengakui": -1,
  "mengalami": -2,
  "mengalihkan": -1,
  "mengalihkan perhatian": -2,
  "mengalualukan": 2,
  "mengambil berat": -2,
  "mengampuni": 2,
  "mengancam": -2,
  "menganggur": -1,
  "menganiaya": -2,
  "mengatasi": -2,
  "mengaut keuntungan berlebihan": -2,
  "mengazab": -3,
  "mengecewakan": -2,
  "mengejek": -2,
  "mengejutkan": 3,
  "mengeksploitasi": -2,
  "mengelak": -2,
  "mengelakkan": -1,
  "mengelirukan": -2,
  "mengeluarkan": -3,
  "mengeluh": -2,
  "mengembalikan": 1,
  "mengembang": 1,
  "mengembangkan": 1,
  "mengenakan": -1,
  "mengerang": -2,
  "mengerikan": -2,
  "mengerumuni": -2,
  "mengesahkan": 1,
  "Mengesahkan": 1,
  "mengesankan": 3,
  "mengesyaki": -1,
  "mengesyorkan": 2,
  "mengetuai": 2,
  "menggagalkan": -2,
  "menggalakkan": 2,
  "menggalakkan,": -2,
  "menggampangkan": -2,
  "mengganas": -3,
  "mengganggu": -3,
  "menggantung": -1,
  "menggeletar": -2,
  "menggemari": 2,
  "menggembargemburkan": -2,
  "Menggembirakan": 3,
  "menggendalakan": -2,
  "menggenggam": 2,
  "menggertak": -2,
  "mengghairahkan": 3,
  "menggugat": -2,
  "menghajar": -3,
  "menghalang": -2,
  "Menghalang": -2,
  "menghalusi": 1,
  "menghambakan": -2,
  "menghancurkan": -1,
  "menghantui": 1,
  "menghar": 2,
  "menghargai": 2,
  "mengharukan": 3,
  "menghasut": -2,
  "mengherankan": 3,
  "menghiburkan": 3,
  "menghidupkan": 2,
  "menghina": -2,
  "menghisap": -3,
  "menghormati": 2,
  "menghukum": -2,
  "mengindoktrinasi": -2,
  "mengintai": -1,
  "mengkhianati": -3,
  "mengkritik": -2,
  "mengorbankan": -3,
  "menguatkan": 2,
  "mengucapkan tahniah kepada": 2,
  "mengujakan": 3,
  "mengukuhkan": 2,
  "mengundang": 1,
  "mengundurkan": -1,
  "menguntungkan": 2,
  "mengurangkan": -2,
  "mengurangkan tekanan": -2,
  "mengusir": -2,
  "mengutuk": -2,
  "menikam": -2,
  "menikmati": 2,
  "menimbulkan": -1,
  "menimbulkan kemarahan": -3,
  "menindas": -2,
  "meninggal dunia": -3,
  "meninggalkan": -2,
  "meningkat": 1,
  "meningkatkan": 1,
  "menipu": -3,
  "menjadi lebih teruk": -3,
  "menjahit mulut": -2,
  "menjangkiti": -2,
  "menjejaskan": -2,
  "menjemput": 1,
  "menjengkelkan": -3,
  "menjerit": -2,
  "menjijikkan": -3,
  "menjulang": -1,
  "menolak": -2,
  "menonjol": 2,
  "mensiasiakan": -2,
  "mentah": -1,
  "menuduh": -2,
  "menunaikan dalam": -2,
  "menunjukkan prestasi": -2,
  "menuntut": -1,
  "menurun": -1,
  "menyahinsanikan": -2,
  "menyakinkan": 1,
  "menyakiti": -2,
  "menyakitkan": -2,
  "menyakitkan hati": -2,
  "menyalahgunakan": -3,
  "menyalahi undangundang": -3,
  "menyalahkan": -2,
  "menyalahletakkan": -2,
  "menyalahtafsirkan": -2,
  "menyaman": -2,
  "menyamar": -1,
  "menyampah": -3,
  "menyatakan kebersihanku": 2,
  "menyayat": -2,
  "menyayat hati": -3,
  "menyebalkan": -2,
  "menyedarkan": 2,
  "menyedihkan": -2,
  "menyegarkan": 2,
  "menyekat": -2,
  "menyeksa": -2,
  "menyeksakan": -3,
  "menyelamat": 2,
  "menyelamatkan": 2,
  "menyelesaikan": 2,
  "menyeludup": -2,
  "menyeludupkan": -2,
  "menyeluruh": 2,
  "menyembunyikan": -1,
  "menyempurnakan": 2,
  "menyenangkan": 3,
  "menyenangkan hati": 2,
  "menyerang": -1,
  "menyeronokkan": 3,
  "menyertai": 1,
  "menyesal": -2,
  "menyesali": -3,
  "menyesatkan": -3,
  "menyindir": -2,
  "menyinggung perasaan": -2,
  "Menyingkir": -2,
  "menyokong": 2,
  "Menyumbangkan": 2,
  "menyusahkan": -2,
  "meragukan": -2,
  "meraikan": 3,
  "Meraikan": 3,
  "merajuk": -2,
  "merangsang": 1,
  "meraung": -2,
  "merayu": 2,
  "meremehkan": -2,
  "merendah diri": 1,
  "merendahkan": -2,
  "merengsakan": -3,
  "merengus": -2,
  "meriah": 3,
  "meringankan": 2,
  "merintangi": -2,
  "merintih": -2,
  "merisaukan": -2,
  "merompak": -2,
  "merosakkan": -2,
  "merosot": -2,
  "merumitkan": -2,
  "merungut": -2,
  "merunsingkan": -2,
  "mesra": 2,
  "mesra alam": 2,
  "mewah": 2,
  "meyakinkan": 2,
  "Miang": -3,
  "mirthfully": 3,
  "misbehaves": -2,
  "misbranding": -3,
  "misclassifies": -2,
  "misclassify": -2,
  "misconducted": -2,
  "misconducting": -2,
  "miskin": -2,
  "misleaded": -3,
  "misplaces": -2,
  "mispricing": -3,
  "misreport": -2,
  "misreports": -2,
  "miss": -2,
  "mitos": -1,
  "modernizes": 2,
  "mogok": -2,
  "mongering": -2,
  "monopoli": -2,
  "monopolizes": -2,
  "moody": -1,
  "moping": -1,
  "motherfucker": -5,
  "motherfucking": -5,
  "motivasi": 1,
  "Mourns": -2,
  "muda": 2,
  "mudah": 2,
  "mudahmudahan": 2,
  "mudah tersinggung": -2,
  "mudah tertipu": -2,
  "muflis": -3,
  "mulia": 2,
  "muntah": -3,
  "murah hati": 2,
  "muram": -2,
  "musnah": -2,
  "musuh": -1,
  "n00b": -2,
  "nada yg sama": -1,
  "naif": -2,
  "najis": -2,
  "nakal": -2,
  "nama baik": 3,
  "nantikan": -1,
  "narsisisme": -2,
  "nasib": 2,
  "nasib baik": 2,
  "nasib malang": -2,
  "negatif": -2,
  "Negro": -5,
  "neraka": -4,
  "ngeri": -3,
  "nice": 3,
  "niggas": -5,
  "nikmat": 2,
  "noob": -2,
  "novel": 2,
  "OKS": 2,
  "olokolok": -2,
  "oops": -2,
  "oppressions": -2,
  "optimis": 2,
  "optionless": -2,
  "orang bodoh": -2,
  "orang gila": -3,
  "orang seperti": 2,
  "orang yang bodoh": -4,
  "orang yang keji": -4,
  "ostracizes": -2,
  "outmaneuvered": -2,
  "outreach": 2,
  "overprotective": -2,
  "overreacted": -2,
  "overreacting": -2,
  "overreaction": -2,
  "Overselling": -2,
  "oversells": -2,
  "oversold": -2,
  "oxymoron": -1,
  "pahit": -2,
  "paksaan": -2,
  "paling keras": -2,
  "paling kotor": -2,
  "paling teruk": -3,
  "paling tulen": 1,
  "palsu": -2,
  "panas": 1,
  "pandai": 2,
  "pandai bergaul": 2,
  "panik": -3,
  "pantas": 2,
  "paradoks": -1,
  "parut": -2,
  "pasif": -1,
  "pasti": 2,
  "patah": -1,
  "patah semangat": -2,
  "pecah rumah": -2,
  "pedas": -3,
  "peduli": -2,
  "pekerjaan yg membosankan": -2,
  "pelacur": -4,
  "pelaku": -2,
  "pelampau": -2,
  "pelanggaran": -2,
  "pelik": -1,
  "pelobi": -2,
  "peluang": 2,
  "peluk": 2,
  "pelukan": 2,
  "pelupa": -2,
  "pemangsa": -2,
  "pemati": -2,
  "pembalasan": -2,
  "pembela": 2,
  "pembenci": -3,
  "pemberani": 2,
  "pemberdayaan": 2,
  "pemberian": 1,
  "pemberontak": -2,
  "pemberontakan": -2,
  "pembohong": -3,
  "pemborosan": -2,
  "pembual": -3,
  "pembuangan": -1,
  "pembuli": -2,
  "pembunuh": -2,
  "pembunuhan": -2,
  "pemecatan": -3,
  "pemenang": 4,
  "pemindahan": -1,
  "pemotongan": -2,
  "pemujaan": 3,
  "pemurah": 3,
  "penafian": -2,
  "penalti": -2,
  "penapis": -2,
  "penat": -2,
  "pencabar": -1,
  "pencapaian": 2,
  "pencekik": -2,
  "pencemar": -2,
  "pencemaran": -2,
  "pencemaran bahan": -2,
  "pencerahan": 2,
  "pencerobohan": -1,
  "penculikan": -2,
  "pencuri": -2,
  "pendakwaan": -1,
  "Pendakwaan": -3,
  "pendedahan": -1,
  "pendek sightedness": -2,
  "penderaan": -4,
  "penempatan": 1,
  "penerimaan": 1,
  "penerokaan": 1,
  "pengabaian": -2,
  "pengabdian": 2,
  "Pengampun": 1,
  "pengampunan": 2,
  "pengangguran": -2,
  "pengangkatan": 2,
  "penganiayaan": -2,
  "pengasingan": -2,
  "pengawasan": -1,
  "pengebumian": -1,
  "pengecualian": -1,
  "pengecut": -2,
  "pengembaraan": 2,
  "pengendorsan": 2,
  "pengertian": 2,
  "pengganas": -2,
  "penggelisah": -2,
  "penggemar": 2,
  "penggera": -2,
  "penggetaran": -2,
  "penghalang": -2,
  "penghalau": -2,
  "penghargaan": 2,
  "penghinaan": -2,
  "penghormatan": 2,
  "pengiktirafan": 2,
  "pengkhianatan": -3,
  "pengkritik": -2,
  "penglihatan": 1,
  "pengukuhan": 2,
  "pengurangan": -2,
  "pengusiran": -1,
  "penindasan": -3,
  "pening": -1,
  "peningkatan": 2,
  "penipu": -4,
  "penipuan": -4,
  "penjagaan": 2,
  "penjara": -2,
  "penjarahan": -2,
  "Penjelasan": 2,
  "penjenayah": -3,
  "Penjimatan": 1,
  "penjuru": -2,
  "penolakan": -2,
  "penting": 2,
  "penuh kebahagiaan": 3,
  "penuh kesedihan": -2,
  "penularan": -2,
  "penunjuk perasaan": -2,
  "penuntut tebusan": -2,
  "penyakit": -2,
  "penyakit jiwa": -2,
  "penyalahgunaan": -3,
  "penyalahgunaan diri": -2,
  "penyamar": -2,
  "penyamaran": -1,
  "penyayang": 2,
  "penyejukan": -1,
  "penyeksaan": -4,
  "penyelesaian": 1,
  "penyelewengan": -3,
  "penyeludupan": -2,
  "penyerang": -2,
  "penyesalan": -2,
  "penyiasatan": -2,
  "penyokong": 1,
  "pepejal": 2,
  "perampasan": -2,
  "perang": -2,
  "perangkap": -1,
  "perasaan": 1,
  "perasaan bosan": -2,
  "perasaan waswas": -2,
  "perayaan": 2,
  "perbalahan": -2,
  "perbezaan pendapat": -2,
  "percikan": 1,
  "percintaan": 2,
  "percuma": 1,
  "perdana": 2,
  "perembukan": -1,
  "perempuan jahat": -4,
  "perempuan murahan": -5,
  "perhambaan": -3,
  "perhentian": -1,
  "perindukan": -2,
  "peringatan": -2,
  "peristiwanya": -2,
  "perjanjian": 1,
  "perjuangan": -2,
  "perkara": 1,
  "perkaraperkara yang": 1,
  "perkauman": -3,
  "perlanggaran": -2,
  "permainan berubah": 3,
  "permata": 3,
  "permintaan": -1,
  "permodenan": 2,
  "permohonan maaf": -1,
  "permusuhan": -2,
  "perogol": -4,
  "Peroleh": 2,
  "perompak": -2,
  "perpaduan": 2,
  "perpecahan": -2,
  "persahabatan": 2,
  "perselisihan": -1,
  "persendaan": -2,
  "pertahanan": 2,
  "pertarungan": -1,
  "pertembungan": -2,
  "pertempuran": -1,
  "pertikaian": -2,
  "pertumbuhan": 2,
  "pesakit": -2,
  "pesalah": -2,
  "pesimis": -2,
  "pesimisme": -2,
  "petrified": -2,
  "phobic": -2,
  "pihak berkuasa": 1,
  "pingat": 3,
  "pintar": 1,
  "pique": -2,
  "piqued": -2,
  "pissing": -3,
  "popular": 3,
  "populariti": 3,
  "posesif": -2,
  "positif": 2,
  "posttraumatic": -2,
  "prblm": -2,
  "prblms": -2,
  "prestasi buruk": -2,
  "prihatin": -2,
  "propaganda": -2,
  "prospek": 1,
  "protes": -2,
  "pseudosains": -3,
  "pu": -4,
  "pujian": 2,
  "pujian kpd Tuhan": 3,
  "pukulan": -1,
  "punah": -2,
  "puncak": 2,
  "punitif": -2,
  "putus asa": -2,
  "rabun dekat": -2,
  "racun": -2,
  "radang": -2,
  "rageful": -2,
  "ragu": -1,
  "raguragu": -2,
  "rahmat": 4,
  "rakan": 1,
  "ralat": -2,
  "ramah tamah": 2,
  "ranters": -3,
  "rants": -3,
  "rapi": 2,
  "rasa tidak puas hati": -2,
  "rasa tidak senang": -2,
  "rasis": -3,
  "rasuah": -3,
  "rempuhan": -2,
  "rendah": -1,
  "rendah hati": -2,
  "resah": -2,
  "resolusi": 2,
  "responsif": 2,
  "retard": -2,
  "ria": 2,
  "riang": 3,
  "riang gembira": 2,
  "rig": -1,
  "rigged": -1,
  "rindu": -2,
  "rintihan": -2,
  "risau": -2,
  "risiko": -2,
  "riuh rendah": -1,
  "rivet": 3,
  "robing": -2,
  "Robs": -2,
  "rofl": 4,
  "roflcopter": 4,
  "roflmao": 4,
  "rogol": -4,
  "romantical": 2,
  "romantis": 2,
  "rosak": -3,
  "rotfl": 4,
  "rotflmfao": 4,
  "rotflol": 4,
  "ruam": -2,
  "rumit": 2,
  "runtuh": -2,
  "runtuhan": -2,
  "rusuhan": -2,
  "sabar": 2,
  "sabotaj": -2,
  "sah": 2,
  "sahaja": -2,
  "saham": 1,
  "sakit": -2,
  "sakit hati": -3,
  "sakit kepala": -2,
  "salah": -2,
  "salah faham": -2,
  "salah guna": -2,
  "salah laku": -2,
  "salah lapor": -2,
  "salah letak": -2,
  "salah membaca": -1,
  "salah nyata": -2,
  "salah pilih": -2,
  "salahlapor": -2,
  "salam": 2,
  "Salam": 1,
  "salute": 2,
  "saluting": 2,
  "saman": -2,
  "samarsamar": -2,
  "sambil lewa": -2,
  "Sambut": 2,
  "sambutan": 3,
  "sampah": -1,
  "sampai": 1,
  "sampukan": -2,
  "samseng": -2,
  "sandiwara": -1,
  "sangatsangat": -3,
  "sangat baik": 3,
  "sangat menarik": 2,
  "santai": 2,
  "saraf": -2,
  "savange": -2,
  "savanges": -2,
  "sayang": 2,
  "scumbag": -4,
  "seburukburuk": -3,
  "secara baik": 2,
  "secara haram": -3,
  "secara salah": -2,
  "secara tidak sengaja": -2,
  "sedar undangundang": -2,
  "sedih": -2,
  "segan": -2,
  "segar": 1,
  "segera": -1,
  "seimbang": 1,
  "sejenis": 0,
  "sejuk": 1,
  "sekali dalam seumur hidup": 3,
  "sekatan": -2,
  "seksis": -2,
  "sekutu": 2,
  "selamat": 1,
  "selamat datang": 2,
  "selamat hari raya": 3,
  "selamat Pagi": 1,
  "selesa": 2,
  "selesema": -2,
  "semakin merosot": -2,
  "semakin teruk": -3,
  "semangat": 1,
  "sembelit": -2,
  "sempurna": 2,
  "sempurna fucking": 4,
  "semula jadi": 1,
  "senang": -2,
  "sendiri bercanggah": -2,
  "sengaja": -2,
  "sengsara": -3,
  "sentiasa ada": 2,
  "senyuman": 2,
  "seperti": 2,
  "sepi": -2,
  "sepina": -2,
  "seragam": -2,
  "Seram": -2,
  "serang": -1,
  "serangan": -2,
  "serangan panik": -3,
  "serangan penyakit saraf": -3,
  "sesuai": 1,
  "setia": 3,
  "Setia": 3,
  "sewajarnya": 2,
  "sexistic": -2,
  "sexy": 3,
  "shoody": -2,
  "siasia": -2,
  "sialan": -2,
  "sialan terbaik": 4,
  "sihat": 2,
  "sikap acuh tak acuh": -2,
  "sikap tidak peduli": -3,
  "siksanya": -3,
  "sila": 1,
  "silap": -2,
  "silap dikelaskan": -2,
  "simpati": 2,
  "singleminded": -2,
  "sinis": -2,
  "skandal": -3,
  "skeptis": -2,
  "slam": -2,
  "slickest": 2,
  "smear": -2,
  "sneaky": -1,
  "snubbed": -2,
  "snubbing": -2,
  "snubs": -2,
  "soal": -1,
  "sogokan": -3,
  "sokongan": 2,
  "solven": -2,
  "sombong": -2,
  "sombong takbur": -2,
  "sopan": -2,
  "sorakan": 2,
  "spam": -2,
  "spammer": -3,
  "spamming": -2,
  "spekulatif": -2,
  "squelched": -1,
  "stabil": 2,
  "stamina": 2,
  "stereotaip": -2,
  "stinked": -2,
  "stinker": -2,
  "suave": 2,
  "subur": 2,
  "subversif": -2,
  "sudu": 3,
  "sueing": -2,
  "Sues": -2,
  "suka": 3,
  "suka bermain": 2,
  "sukar": -1,
  "sukar dipercayai": -1,
  "sumpah bohong": -3,
  "sungguhsungguh": 2,
  "super": 3,
  "suram": -2,
  "suspek": -1,
  "swindles": -3,
  "swindling": -3,
  "syurga": 4,
  "tahan lama": 2,
  "tahan lasak": 2,
  "tahanan": -2,
  "tahi": -4,
  "tahniah": 2,
  "tak berguna": -2,
  "tak boleh balik": -1,
  "tak guna": -4,
  "taksub": 2,
  "takut": -2,
  "tamak": -2,
  "tambak": -2,
  "tanda": 2,
  "tangguh": -1,
  "tanggungjawab": 1,
  "tangisan": -2,
  "tangkapan": -2,
  "tanpa fantasi": -2,
  "tard": -2,
  "tarikan": 2,
  "tawarmenawar": 2,
  "tawar hati": -2,
  "tegang": 1,
  "tegas": 2,
  "teguh": 2,
  "teguran": -2,
  "tekanan": -2,
  "telah dipilih": 2,
  "tembakan": -2,
  "tempat pembuangan sampah": -1,
  "tenang": 2,
  "tender": 2,
  "tenun": -1,
  "tepukan": 2,
  "teragakagak": -2,
  "terancam": -2,
  "terang": 2,
  "teratur": 2,
  "terbaik": 3,
  "terbengkalai": -2,
  "terbesar": 3,
  "terbiar": -2,
  "terbunuh": -3,
  "terburuburu": -1,
  "tercekik": -2,
  "tercemar": -2,
  "tercinta": 3,
  "terdedah": -1,
  "terdesak": -3,
  "terganggu": -2,
  "tergelincir": -2,
  "tergilagila": 2,
  "tergoda": -1,
  "terhad": -2,
  "terhalang": -2,
  "terhenti": -2,
  "terhina": -2,
  "terhormat": 2,
  "terima kasih": 2,
  "terjatuh": -1,
  "terjejas": -2,
  "terkejut": -2,
  "terkenal": 3,
  "terkumpul": -1,
  "terkutuk": -4,
  "terlalu bagus": 4,
  "terlalu dipermudahkan": -2,
  "terlalu mempermudahkan": -2,
  "terlebih bertindak": -2,
  "terlebihnyata": -2,
  "terlepas": -2,
  "terlepas pandang": -1,
  "terletak hak": 1,
  "terlupa": -1,
  "termenung": -1,
  "termiskin": -2,
  "terpencil": -1,
  "terperangkap": -2,
  "terperi sakitnya": -2,
  "terpesona": 3,
  "terputusputus": -2,
  "terrifically": 4,
  "terrorizes": -3,
  "tersangkut": -2,
  "terselamat": 2,
  "tersenyum": 2,
  "tersilap": -2,
  "tersinggung": -2,
  "tertarik": 1,
  "tertekan": -2,
  "tertentu": 1,
  "tertindas": -2,
  "tertinggal": -2,
  "tertinggi": 4,
  "tertipu": -3,
  "tertuduh": -2,
  "teruja": 3,
  "teruk": -3,
  "thwarting": -2,
  "tiada bandingnya": 2,
  "tidak": -1,
  "tidak ada": -1,
  "tidak adil": -2,
  "tidak asli": -2,
  "tidak baik": -2,
  "tidak bekerja": -3,
  "tidak benar": -2,
  "tidak berat sebelah": 2,
  "tidak bercagar": -2,
  "tidak berdaya": -2,
  "tidak beretika": -2,
  "tidak berfungsi": -3,
  "tidak berguna": -2,
  "tidak berjaya": -2,
  "tidak berkesan": -2,
  "tidak berkuasa": -2,
  "tidak berkuat kuasa": -2,
  "tidak bermaya": -1,
  "tidak berperikemanusiaan": -2,
  "tidak berpuas hati": -2,
  "tidak bersetuju": -2,
  "tidak bersyukur": -3,
  "tidak bertanggungjawab": -2,
  "tidak bertimbang rasa": -2,
  "tidak bertindak": -2,
  "tidak berupaya": -2,
  "tidak betul": -2,
  "tidak boleh diterima": -2,
  "tidak cekap": -2,
  "tidak cerdik": -2,
  "tidak cukup": -2,
  "tidak dapat": -2,
  "tidak dapat dihalang": 2,
  "tidak dapat disekat": -3,
  "tidak dapat ditandingi": 1,
  "tidak dapat tidur": -2,
  "tidak dihargai": -2,
  "tidak dipenuhi": -2,
  "tidak disayangi": -2,
  "tidak disengajakan": -2,
  "tidak disokong": -2,
  "tidak hadir": -1,
  "tidak hentihenti": -1,
  "tidak jelas": -1,
  "tidak jujur": -2,
  "tidak kena pada tempatnya": -2,
  "tidak keruan": -2,
  "tidak kukuh": -2,
  "tidak layak": -2,
  "tidak lengkap": -1,
  "tidak logik": -2,
  "tidak masuk akal": -3,
  "tidak meluluskan": -2,
  "tidak memahami": -2,
  "tidak menarik": -2,
  "tidak mencukupi": -2,
  "tidak menentu": -1,
  "tidak mengambil kira": -2,
  "tidak menghormati": -2,
  "tidak menguntungkan": -2,
  "tidak menyenangkan": -2,
  "tidak mungkin": -1,
  "tidak penting": -2,
  "tidak percaya": -1,
  "tidak profesional": -2,
  "tidak puas hati": -2,
  "tidak rasional": -1,
  "tidak sabar": -2,
  "tidak sah": -3,
  "tidak saintifik": -2,
  "tidak sedar": -2,
  "tidak selamat": -2,
  "tidak selesa": -2,
  "tidak sempurna": -2,
  "tidak sensitif": -2,
  "tidak seronok": -3,
  "tidak sesuai": -2,
  "tidak sihat": -2,
  "tidak stabil": -2,
  "tidak suka": -2,
  "tidak teratur": -2,
  "tidak terjual": -1,
  "tidak termasuk": -1,
  "tidak tertanggung": -2,
  "tidak wajar": -2,
  "tidak yakin": -1,
  "tikaman": -2,
  "tindakan undangundang": -1,
  "tindakan yg bodoh": -2,
  "tipu": -2,
  "tipu muslihat": -2,
  "tits": -2,
  "toksik": -3,
  "toleran": 2,
  "toleransi": 2,
  "tolol": -1,
  "toskan": -2,
  "totalitarian": -2,
  "totalitarianisme": -2,
  "tout": -2,
  "tragedi": -2,
  "tragik": -2,
  "trauma": -3,
  "tuduhan": -2,
  "tuhan": 1,
  "tukang jualan": -2,
  "tulah": -3,
  "tulen": 1,
  "tulus": 3,
  "tumbang": -2,
  "tumor": -2,
  "Tumpas": -2,
  "tunduk malu": -2,
  "tuntutan mahkamah": -2,
  "Tutup Talian": -1,
  "twat": -5,
  "Tyran": -3,
  "tyrannic": -3,
  "tyrans": -3,
  "Ucapan": 1,
  "ugh": -2,
  "ugut": -3,
  "ugutan": -2,
  "ulat tiket": -2,
  "unappeasable": -2,
  "uncredited": -1,
  "undangundang": 1,
  "underestimates": -1,
  "unfitted": -2,
  "unfocused": -2,
  "unfunny": -2,
  "ungenerous": -2,
  "unggul": 2,
  "uninvolving": -2,
  "unlovable": -2,
  "unparliamentary": -2,
  "unreleting": -2,
  "unresearched": -2,
  "untarnished": 2,
  "upaya": -2,
  "usang": -2,
  "utuh": 2,
  "victimizes": -3,
  "victimizing": -3,
  "victor": 3,
  "vitamin": 1,
  "wabak": -2,
  "wajar": 2,
  "walkouts": -2,
  "wanker": -3,
  "wawasan": 1,
  "winwin": 3,
  "wira": 2,
  "woebegone": -2,
  "woo": 3,
  "Woohoo": 3,
  "wooo": 4,
  "woow": 4,
  "wow": 4,
  "WOWOW": 4,
  "wowww": 4,
  "wtf": -4,
  "wtff": -4,
  "wtfff": -4,
  "xo": 3,
  "xoxo": 3,
  "XOXOXO": 4,
  "xoxoxoxo": 4,
  "ya": 1,
  "yakin": 1,
  "yang belum disahkan": -1,
  "yang dapat memberi tumpuan": 2,
  "yang diperjuangkan": 3,
  "yang ingin": 1,
  "yang kalah": -3,
  "yang kurang bernasib baik": -2,
  "yang lebih berat": -2,
  "yang maju": 2,
  "yang manis": 2,
  "yang mantap": 2,
  "yang masih hidup": 2,
  "yang mengenakan": -2,
  "yang merosakkan": -3,
  "yang tidak berfungsi lagi": -2,
  "yang tidak bersih": -2,
  "yang tidak bertanggungjawab": -2,
  "yang tidak diingini": -2,
  "yang tidak diluluskan": -2,
  "yang tidak sama rata": -1,
  "yang tidak seimbang": -2,
  "Yeah": 1,
  "yeees": 2,
  "yg berpeluk": -2,
  "yg disakitkan hati": -2,
  "yg ingin tahu": -2,
  "yg memerintah": 1,
  "yg menderita": -2,
  "yg menenangkan": 1,
  "yg mengasyikkan": 3,
  "yg menyedihkan": -2,
  "yg menyusahkan": -2,
  "yg tdk pantas": -2,
  "yucky": -2,
  "yummy": 3,
  "zakar": -5,
  "zalim": -3
}