{
  "abandons": -2,
  "Abbrüche": -1,
  "Abenteuer": 2,
  "abenteuerlich": 2,
  "Abfall": -1,
  "abgebrochen": -1,
  "abgeladen": -2,
  "abgelehnt": -1,
  "abgeneigt": -2,
  "abgenutzt": -1,
  "abgeschoben": -2,
  "abgestürzten": -2,
  "abgetropft": -2,
  "abgewendet": -1,
  "abgewertet": -2,
  "abgewiesen": -2,
  "Ablauf": -1,
  "ablehnen": -1,
  "Ablehnung": -1,
  "Ablehnungen": -2,
  "ablenken": -2,
  "Ablenkung": -2,
  "Ablösung": 2,
  "Abmahnungen": -2,
  "Abneigungen": -2,
  "Absacken": -1,
  "abschätzig": -2,
  "Abschaum": -3,
  "Abscheu": -3,
  "abscheulich": -3,
  "abschiebt": -2,
  "abschreckend": -2,
  "abstoßend": -2,
  "Abstrich": -2,
  "Abstumpfung": -2,
  "Absturz": -2,
  "Abwehr": -1,
  "abwenden": -1,
  "abwendet": -1,
  "Abwesende": -1,
  "Abwürgen": -2,
  "abzeichnende": -1,
  "abziehen": -1,
  "Ach": -1,
  "ächten": -2,
  "Achtung": -2,
  "adoptieren": 1,
  "affectionateness": 3,
  "Aggression": -2,
  "Aggressionen": -2,
  "aggressiv": -2,
  "Aggressivität": -2,
  "agonisiert": -3,
  "agonize": -3,
  "ahndet": -1,
  "ahnend": -1,
  "ahnungslos": -2,
  "Akkolade": 2,
  "Aktie": 1,
  "Aktien": 1,
  "aktiv": 1,
  "akzeptabel": 1,
  "akzeptieren": 1,
  "akzeptiert": 1,
  "Alarm": -2,
  "alarmiert": -2,
  "Alarmisten": -2,
  "albern": -1,
  "allein": -2,
  "allergisch": -2,
  "allgegenwärtig": 2,
  "altruistisch": 2,
  "am Boden zerstört": -2,
  "am dunkelsten": -2,
  "am Leben": 1,
  "am schlimmsten": -3,
  "am stärksten": 2,
  "ambivalent": -1,
  "Amüsement": 3,
  "amüsieren": 3,
  "amüsiert": 3,
  "an Bord": 1,
  "Analphabetentum": -2,
  "anbetet": 3,
  "Anbetung": 3,
  "Andachts": 2,
  "Anerkennung": 2,
  "Anfänger": -2,
  "anfechtbar": -2,
  "Anfechtung": -2,
  "angeekelt": -3,
  "angegriffen": -1,
  "angeklagt": -2,
  "Angeklagte": -2,
  "angekündigt": -2,
  "Angelegenheit": 1,
  "Angelegenheiten": 1,
  "angemessen": 2,
  "angemessene": 1,
  "angenehm": 3,
  "angers": -3,
  "angewiesen": 2,
  "angezogen": 1,
  "angreifen": -1,
  "Angriff": -2,
  "Angriffe": -2,
  "Angst": -2,
  "ängstlich": -2,
  "Anklage": -2,
  "Anklagen": -3,
  "anklagend": -2,
  "anlocken": 1,
  "Anmut": 1,
  "anmutig": 2,
  "Annahme": 1,
  "Annehmen": 1,
  "annulliert": -1,
  "anprangern": -2,
  "Anpreisung": -2,
  "anregen": 3,
  "anregend": 2,
  "Anschläge": -1,
  "Ansehen": 3,
  "ansprechbar": 2,
  "ansprechend": 2,
  "anspruchsvoll": 2,
  "ansteckend": -1,
  "Ansteckung": -2,
  "Ansteckungen": -2,
  "Ansturm": -2,
  "antagonistisch": -2,
  "Anti": -1,
  "anvertrauten": 2,
  "Anwärter": -1,
  "Anziehen": 2,
  "Apathie": -3,
  "apathisch": -3,
  "apeshit": -3,
  "apokalyptisch": -2,
  "applaudieren": 2,
  "applaudiert": 2,
  "applaudierte": 2,
  "arbeitsam": -2,
  "arbeitslos": -1,
  "Arbeitslosigkeit": -2,
  "Ärger": -2,
  "ärgerlich": -2,
  "ärgert": -2,
  "Arm": -2,
  "ärmer": -2,
  "ärmste": -2,
  "Armut": -1,
  "arrogant": -2,
  "Arsch": -4,
  "Arschloch": -4,
  "Art": 2,
  "assfucking": -4,
  "astoundingly": 3,
  "astounds": 3,
  "atemberaubend": 5,
  "Attacke": -1,
  "Attentate": -3,
  "Attraktion": 2,
  "attraktiv": 2,
  "Attraktivität": 2,
  "aufdecken": -3,
  "aufdringlich": -1,
  "auferlegen": -1,
  "auferlegte": -1,
  "aufgebläht": -1,
  "aufgegeben": -2,
  "aufgelöst": 2,
  "aufgeregt": 3,
  "aufgeschlitzt": -2,
  "Aufhalten": -2,
  "Auflösung": 1,
  "aufmerksam": -1,
  "aufregend": 3,
  "Aufregung": 3,
  "aufreizend": -3,
  "aufrichtig": 2,
  "Aufrichtigkeit": 2,
  "aufrichtigste": 2,
  "Aufruhr": -2,
  "aufrührerisch": -2,
  "aufschieben": -1,
  "Aufschiebung": -1,
  "Aufschrei der Empörung": -2,
  "Aufsicht": -1,
  "aufstapeln": -1,
  "Auftrieb": 1,
  "Aura": 1,
  "Ausbruch": -2,
  "Ausbrüche": -2,
  "Ausdauer": 2,
  "Ausfall": -2,
  "Ausfälle": -2,
  "ausfallend": -3,
  "ausgebeutet": -2,
  "ausgeprägten": 1,
  "ausgeschlossen": -2,
  "ausgesetzt": -1,
  "ausgetrickst": -2,
  "ausgewiesen": -2,
  "ausgewogen": 1,
  "ausgezeichnet": 3,
  "Ausgezeichnet": 3,
  "Aushöhlung": -2,
  "auslöschen": -2,
  "ausmanövriert": -2,
  "ausnutzen": -2,
  "Ausrede": -1,
  "Ausschlag": -2,
  "ausschließen": -1,
  "Ausschluss": -1,
  "Ausschreitungen": -2,
  "Ausschuss": -1,
  "außer Acht gelassen": -2,
  "außer Acht lassen": -2,
  "aussetzen": -1,
  "Aussetzen": -1,
  "Aussicht": 1,
  "Austreiben": -2,
  "Ausweichen": -2,
  "Auswirkung": -2,
  "Auswirkungen": -2,
  "Auszeichnung": 2,
  "Auszeichnungen": 3,
  "Autsch": -2,
  "avengers": -2,
  "Axt": -1,
  "Bailout": -2,
  "bamboozled": -2,
  "Bamboozles": -2,
  "Bangemacher": -2,
  "Bankster": -3,
  "Barbar": -2,
  "barbarisch": -2,
  "Barmherzigkeit": 2,
  "Barriere": -2,
  "Bastard": -5,
  "Bastarde": -5,
  "bedauern": -3,
  "Bedauern": -2,
  "Bedauern darüber,": -2,
  "bedauernd": -2,
  "bedauert": -2,
  "bedauerte": -2,
  "Bedenken": -2,
  "Bedeutung": 2,
  "bedeutungslos": -2,
  "Bedrängnissen": -2,
  "Bedrängung": -3,
  "bedrohlich": 3,
  "bedroht": -2,
  "Bedrohung": -2,
  "Bedrohungen": -2,
  "bedrückt": -2,
  "Bedürftige": -2,
  "beeindrucken": 3,
  "beeindruckend": 3,
  "Beeindruckend": 4,
  "beeindruckt": 3,
  "beeinträchtig": -2,
  "beeinträchtigen": -2,
  "beeinträchtigt": -2,
  "beeinträchtigte": -2,
  "Beeinträchtigung": -2,
  "Beerdigung": -1,
  "Beerdigungen": -1,
  "befall": -2,
  "befallen": -2,
  "Befragung": -1,
  "befreit": -1,
  "Befreiung": 2,
  "Befriedigung": 2,
  "begangen": -2,
  "begehen": 1,
  "begeistern": 3,
  "begeistert": 5,
  "Begeisterung": 3,
  "begierig": 2,
  "begnadigt": 2,
  "Begnadigung": 2,
  "Begnadigungen": 2,
  "begrenzt": -1,
  "begrüßen": 1,
  "begrüßt": 2,
  "begünstigt": 2,
  "behaftet": -1,
  "behauen": -1,
  "Behauptung": -2,
  "Behauptungen": -2,
  "behindern": -2,
  "behindert": -2,
  "Behinderung": -2,
  "Behinderungen": -2,
  "Behörde": 1,
  "beibehalten": -1,
  "Beifall": 2,
  "beitreten": 1,
  "beklagten": -3,
  "bekümmert": -2,
  "beladen": -2,
  "belangen": -1,
  "belästigen": -3,
  "belästigt": -3,
  "Belästigung": -3,
  "Belastung": -2,
  "Belastungen": -2,
  "beleben": 2,
  "beleidigen": -2,
  "beleidigend": -2,
  "beleidigt": -2,
  "beleidigten": -1,
  "Beleidigung": -2,
  "Beleidigungen": -2,
  "Beliebt": 3,
  "belohnt": 2,
  "Belohnung": 2,
  "Belohnungen": 2,
  "bemerkbar": 2,
  "bemerkenswert": 2,
  "bemitleidet": -1,
  "benachteiligen": -2,
  "benachteiligt": -2,
  "beneidet": -1,
  "bequem": 2,
  "berauben": -2,
  "berauschend": 3,
  "bereaving": -2,
  "berechnet": -3,
  "berechtigt": 1,
  "bereit": 1,
  "Bereitschaft": 2,
  "berüchtigt": -2,
  "beruhigen": 3,
  "beruhigend": 3,
  "beruhigt": 1,
  "beruhigte": 2,
  "berühmt": 2,
  "besänftigt": 2,
  "beschädigt": -3,
  "Beschädigung": -3,
  "beschämend": -2,
  "beschämt": -2,
  "beschissen": -3,
  "beschmutzt": -2,
  "beschränken": -2,
  "beschränkt": -2,
  "Beschränkung": -2,
  "beschuldigen": -2,
  "beschuldigt": -2,
  "Beschwerde": -2,
  "Beschwerden": -2,
  "beschweren": -2,
  "beschwerte": -2,
  "beschwichtigen": 2,
  "beschwichtigt": 2,
  "beschwindeln": -2,
  "beschwingt": 3,
  "besessen": 2,
  "besiegt": -2,
  "besitzergreifend": -2,
  "besoffen": -4,
  "besorgniserregend": -3,
  "besorgt": -2,
  "besser": 2,
  "best damn": 4,
  "bestätigen": 1,
  "beste": 3,
  "Bestechung": -3,
  "bestochen": -3,
  "bestrafen": -2,
  "bestraft": -2,
  "Bestrafung": -2,
  "bestürzend": -2,
  "Bestürzung": -2,
  "betäuben": -1,
  "betäubt": -2,
  "beten": 1,
  "betet": 1,
  "betont": -2,
  "betroffen": -1,
  "Betroffene": -2,
  "betrogen": -3,
  "betrüben": -2,
  "betrübt": -2,
  "Betrug": -2,
  "betrügen": -3,
  "Betrügerei": -2,
  "betrügerisch": -4,
  "Betrügern": -4,
  "Betrügers": -4,
  "betrügt": -3,
  "betrunken": -2,
  "beunruhigend": -2,
  "beunruhigt": -2,
  "bewundern": 3,
  "bewundernd": 3,
  "bewunderten": 3,
  "bezahlen": -1,
  "bezaubernd": 3,
  "bezweifelte": -1,
  "billigen": 2,
  "billigt": 2,
  "Billigung": 2,
  "bissig": -3,
  "Bitte": 1,
  "bitter": -2,
  "bitterlich": -2,
  "bittersten": -2,
  "bizarr": -2,
  "bla": -2,
  "bleifarben": -2,
  "blendend": 3,
  "blind": -1,
  "Blindgänger": -2,
  "Block": -1,
  "Blockade": -2,
  "Blöcke": -1,
  "blockier": -2,
  "Blockierung": -1,
  "blöd": -2,
  "Blödmann": -3,
  "blühend": 3,
  "blutig": -3,
  "Bohrloch": -2,
  "Bombe": -1,
  "Boosts": 1,
  "bösartig": -2,
  "böse": -2,
  "bothers": -2,
  "Boykott": -2,
  "Boykotte": -2,
  "boykottieren": -2,
  "boykottierten": -2,
  "Bravour": 3,
  "Brennen": -2,
  "brennend": 2,
  "Brillanz": 3,
  "brilliances": 3,
  "Bruch": -2,
  "brüskiert": -2,
  "Brüskierung": -2,
  "brutal": -3,
  "brutto": -2,
  "Bullshit": -4,
  "Bully": -2,
  "bummer": -2,
  "Bußgelder": -2,
  "Cancelling": -1,
  "chagrined": -2,
  "Champion": 2,
  "Chance": 2,
  "Chancen": 2,
  "Chaos": -2,
  "chaotisch": -2,
  "Charisma": 2,
  "charmant": 3,
  "Charme": 3,
  "charmless": -3,
  "cheater": -3,
  "Cheater": -3,
  "Cheats": -3,
  "chiding": -3,
  "Choke": -2,
  "Chokes": -2,
  "Clears": 1,
  "cocksuckers": -5,
  "Comic": 1,
  "conciliated": 2,
  "consol": 2,
  "cool": 1,
  "cooles Zeug": 3,
  "courageousness": 2,
  "criminate": -3,
  "criminated": -3,
  "criminates": -3,
  "Crowding": -1,
  "dafür sorgen": 1,
  "dankbar": 3,
  "danken": 2,
  "daran interessiert": 1,
  "das Mitleid": -2,
  "dauerhaft": 2,
  "dazu gezwungen": -2,
  "Deadlock": -2,
  "deaktivieren": -1,
  "defekt": -3,
  "Defekt": -3,
  "Defizit": -2,
  "deformiert": -2,
  "Deformität": -2,
  "Deformitäten": -2,
  "degradieren": -2,
  "degradiert": -2,
  "degradierten": -2,
  "dejecting": -2,
  "dejects": -2,
  "Delikt": -2,
  "Delle": -2,
  "Dementis": -2,
  "Demonstranten": -2,
  "Demonstration": -1,
  "demoralisieren": -2,
  "demoralisierend": -2,
  "demoralisiert": -2,
  "demütigen": 1,
  "Denier": -2,
  "Deponien": -1,
  "Deportation": -2,
  "Deportationen": -2,
  "deportieren": -2,
  "deprimieren": -2,
  "deprimierend": -2,
  "der Wohlstand": 3,
  "desillusioniert": -2,
  "desorientiert": -2,
  "destruktiv": -3,
  "deutlich": 1,
  "Diamant": 1,
  "dick": -4,
  "die Achtung": 2,
  "Die falsche": -2,
  "die Genehmigung": 2,
  "die Opfer": -3,
  "Dilemma": -1,
  "Dilligence": 2,
  "dipshit": -3,
  "direful": -3,
  "disgustful": -3,
  "diskon": -1,
  "diskreditiert": -2,
  "diskriminieren": -2,
  "diskriminierend": -2,
  "diskriminiert": -2,
  "disqualifiziert": -2,
  "disrespected": -2,
  "disruptive": -2,
  "disturbs": -2,
  "Dithering": -2,
  "dolorous": -2,
  "doof": -2,
  "dornig": -2,
  "Downer": -2,
  "Drangsal": -2,
  "Draufgänger": 2,
  "dreckig": -2,
  "dreckiger": -2,
  "dringend": -1,
  "drohen": -2,
  "droht": -2,
  "droopy": -2,
  "Druck": -1,
  "drückend": -2,
  "Duchten": -2,
  "dumm": -2,
  "Dummheit": -3,
  "Dummkopf": -2,
  "Dunkelheit": -1,
  "dupery": -2,
  "Durchbruch": 3,
  "durchgeführt": 2,
  "durchgesickert": -1,
  "Dusche": -3,
  "düster": -2,
  "Düsternis": -1,
  "edel": 2,
  "edelste": 2,
  "eery": -2,
  "effektiv": 2,
  "egoistisch": -3,
  "Ehre": 2,
  "ehrgeizig": 2,
  "ehrlich": 2,
  "Eiferer": -2,
  "Eifersucht": -2,
  "eifersüchtig": -2,
  "eifrig": 2,
  "Einbrecher": -2,
  "Einbruch": -2,
  "eindringliche": 1,
  "eine Art": 0,
  "eine Schande": -2,
  "einfach": 1,
  "Einfachheit": 1,
  "einfallslos": -2,
  "einfallsreich": 2,
  "einflussreich": 2,
  "einfühlsam": 2,
  "eingelöst": 2,
  "eingeschüchtert": -2,
  "eingesperrt": -2,
  "eingestehen": -1,
  "eingreift": 1,
  "einheitlich": 1,
  "einladen": 1,
  "einladend": 1,
  "Einlösen": -2,
  "einmal im Leben": 3,
  "einsam": -2,
  "Einschränkung": -1,
  "einschüchtern": -2,
  "einschüchternd": -2,
  "Einschüchterung": -2,
  "Einstellung": -1,
  "einwandfrei": 2,
  "Ekel": -3,
  "eklig": -3,
  "ekligen": -2,
  "elegant": 2,
  "elend": -3,
  "Elend": -2,
  "Elfmeter": -2,
  "empfehlen": 2,
  "empfiehlt": 2,
  "empfohlen": 2,
  "empörend": -3,
  "empört": -2,
  "Empörung": -2,
  "energisch": 2,
  "Engagement": 2,
  "engagieren": 1,
  "Enge getrieben": -2,
  "Engpässe": -2,
  "engt": -2,
  "enorm": 1,
  "enraging": -2,
  "Entbehrung": -3,
  "entbinden": 2,
  "entbindet": 2,
  "entbunden": 2,
  "Entfremdung": -2,
  "entführen": -2,
  "entführt": -2,
  "Entführung": -2,
  "Entführungen": -2,
  "entgeistert": -2,
  "entgleisen lassen": -2,
  "entgleist": -2,
  "entkommt": -1,
  "entlassen": -2,
  "entlasten": 2,
  "entlastende": 2,
  "entlastete": 2,
  "entmenschlichen": -2,
  "entmenschlicht": -2,
  "Entmenschlichung": -2,
  "entmutigt": -2,
  "entnervt": -2,
  "Entrückung": 2,
  "entrüstet": -2,
  "entscheidend": 1,
  "entschlossen": 2,
  "Entschlossenheit": 2,
  "Entschlüssen": 2,
  "entschuldigen": -1,
  "entschuldigend": -1,
  "entschuldigt sich": -1,
  "entschuldigten": -1,
  "Entschuldigung": -1,
  "entsetzlich": -2,
  "entsetzt": -2,
  "entspannt": 2,
  "entstellt": -2,
  "Entstellungen": -2,
  "enttäuschen": -2,
  "enttäuschend": -2,
  "enttäuscht": -2,
  "Enttäuschung": -2,
  "Enttäuschungen": -2,
  "entwirren": 1,
  "entzücken": 3,
  "ENTZÜCKEND": 3,
  "entzündet": -2,
  "erbärmlich": -2,
  "erbittern": -2,
  "erbrach": -3,
  "erbrechen": -3,
  "Erbrechen": -3,
  "erbricht": -3,
  "erdrosselt": -2,
  "ereignislos": -2,
  "Erfolg": 3,
  "erfolglos": -2,
  "erfolgreich": 3,
  "Erfreuliches": -3,
  "Erfreut": 3,
  "erfrischend": 2,
  "erfrischt,": 3,
  "erfüllen": 2,
  "erfüllt": 2,
  "Erfüllung": 2,
  "erfunden": -1,
  "ergreifend": 2,
  "erhebend": 2,
  "erhebt euch": 1,
  "erhebt sich": 1,
  "erhöhen, ansteigen": 1,
  "erhöht": 1,
  "erholsam": 2,
  "Erkundung": 1,
  "Erkundungen": 1,
  "erlegt": -1,
  "erleichtert": 2,
  "erleuchten": 2,
  "erleuchtenden": 2,
  "erleuchtet": 2,
  "ermächtigen": 2,
  "Ermächtigung": 2,
  "ermahnen": -2,
  "ermahnte": -2,
  "ermordet": -3,
  "Ermordung": -3,
  "ermüden": -2,
  "ermüdend": -2,
  "ermüdete": -2,
  "ermutigen": 2,
  "ermutigend": 2,
  "ermutigt": 2,
  "Erniedrigung": -3,
  "Ernst": 2,
  "ernüchternd": 1,
  "erpresst": -3,
  "Erpressung": -3,
  "Erpressungen": -3,
  "erreichbar": 1,
  "erreichen": 2,
  "erreicht": 2,
  "ErrorWithTranslation": 0,
  "erschöpft": -2,
  "erschreckend": -3,
  "erschrocken": -2,
  "erschwerend": -2,
  "erschwinglich": 2,
  "Ersparnisse": 1,
  "Erstarren": 2,
  "erstaunlich": 3,
  "erstaunt": 3,
  "ersticht": -2,
  "erstickt": -1,
  "erstochen": -2,
  "ertrank": -2,
  "ertrinken": -2,
  "ertrinkt": -2,
  "erwarten": -1,
  "erwartet": -1,
  "erwartete": -1,
  "Erwartung": 1,
  "erweitern": 1,
  "erweitert": 1,
  "erwünscht": 2,
  "erzürnt": -2,
  "Es tut uns leid": -1,
  "Esel": -4,
  "Eseln": -4,
  "ethisch": 2,
  "Euphorie": 3,
  "euphorisch": 4,
  "evakuieren": -1,
  "Evakuieren": -1,
  "evakuiert": -1,
  "Evakuierung": -1,
  "Evergreen": 2,
  "evergreening": -3,
  "exasparate": -2,
  "exklusiv": 2,
  "Expose": -1,
  "Exposes": -1,
  "exquisit": 3,
  "Extremist": -2,
  "Extremisten": -2,
  "fabelhaft": 4,
  "fade": -2,
  "fähig": 1,
  "Fähigkeit": 2,
  "Fähigkeiten": 2,
  "Fairness": 2,
  "Fakes": -3,
  "Falle": -1,
  "fallen": -1,
  "Fallen": -1,
  "fallen gelassen": -1,
  "falsch": -1,
  "falsch darstellen": -2,
  "falsch einordnet": -2,
  "falsch informiert": -2,
  "falsch interpretiert": -2,
  "falsch klassifizieren": -2,
  "falsch verstanden": -2,
  "falsch verstehen": -1,
  "falsche Darstellung": -2,
  "fälschlicherweise": -2,
  "Fälschung": -3,
  "Fan": 1,
  "fantastisch": 4,
  "Farce": -1,
  "Faschisten": -2,
  "faschistisch": -2,
  "Faszination": 3,
  "faszinieren": 3,
  "faszinierend": 3,
  "fasziniert": 3,
  "fatigues": -2,
  "faul": -1,
  "Favorit": 2,
  "favorited": 2,
  "Favoriten": 2,
  "favourited": 2,
  "fehlbesetzen": -2,
  "Fehlentwicklung": -2,
  "Fehler": -2,
  "fehlerhaft": -3,
  "Fehlinformation": -2,
  "fehlklassifiziert": -2,
  "Fehlmeldungen": -2,
  "fehlschlagen": -2,
  "fehlt": -2,
  "Fehlverhalten": -2,
  "Fehlzündung": -2,
  "Feier": 3,
  "feierlich": -1,
  "Feierlichkeiten": 3,
  "feiern": 3,
  "feiert": 3,
  "feige": -2,
  "Feigling": -2,
  "fein": 2,
  "Feind": -2,
  "Feinde": -2,
  "feindlich": -2,
  "Feindseligkeit": -2,
  "feinste": 3,
  "felonies": -3,
  "fesselnd": 3,
  "festgenommen": -2,
  "festhalten": -2,
  "festlich": 2,
  "Fett gedruckt": 2,
  "Feuer": -2,
  "feurig": 1,
  "Fiasko": -3,
  "Ficken": -4,
  "ficken Liebe": 4,
  "ficken niedlich": 4,
  "Ficker": -4,
  "Fieber": -2,
  "fit sein": 2,
  "Fitness": 1,
  "Flaggschiff": 2,
  "Flauten": 2,
  "flieht": -1,
  "flink": 2,
  "Flops": -2,
  "flott": 2,
  "Fluch": -1,
  "Fluchen": -2,
  "Flucht": -1,
  "Folter": -4,
  "foltern": -4,
  "Foltern": -4,
  "fördern": 1,
  "fördert": 1,
  "Förderung": 2,
  "Forderungen": -1,
  "fortgeschritten": 1,
  "Fortschritt": 2,
  "Fotze": -5,
  "Foul": -3,
  "fraglich": -2,
  "fraudulence": -4,
  "Fräulein": -2,
  "frei": 1,
  "Freiheit": 2,
  "Freiheiten": 2,
  "freisprechen": 2,
  "Freispruch": 2,
  "freistehend": -1,
  "frequentiert": -2,
  "Freude": 3,
  "freudig": 3,
  "freudlos": -2,
  "Freund": 1,
  "freundlich": 3,
  "Freundlichkeit": 2,
  "Freundschaft": 2,
  "freundschaftlich": 2,
  "freute sich": 4,
  "Frieden": 2,
  "friedlich": 2,
  "frikin": -2,
  "frisch": 1,
  "froh": 3,
  "fröhlich": 3,
  "frohlockend": 3,
  "fruchtbar": 2,
  "fruchtlos": -2,
  "frust": -2,
  "Frustration": -2,
  "frustrierend": -2,
  "frustriert": -2,
  "ftw": 3,
  "Fuckface": -4,
  "Fuckhead": -4,
  "fucking hot": 2,
  "fucktard": -4,
  "fud": -3,
  "führend": 2,
  "Führung": 1,
  "fuked": -4,
  "fuking": -4,
  "Funke": 1,
  "funkeln": 3,
  "funkelnd": 3,
  "funkelt": 3,
  "funktioniert nicht": -3,
  "Funktionsstörung": -2,
  "Furcht erregend": -2,
  "furchtbar": -3,
  "fürchten": -2,
  "fürchtend": -2,
  "fürchterlich": -3,
  "furchtlos": 2,
  "Furchtlosigkeit": 2,
  "Gag": -2,
  "galant": 3,
  "Galanterie": 3,
  "Garantie": 1,
  "geächtet": -2,
  "gebilligt": 2,
  "gebrochen": -1,
  "Gebühren": -2,
  "gebührend": 2,
  "gedankenlos": -2,
  "gedemütigt": -3,
  "gedrückt": -2,
  "geehrt": 2,
  "geeignet": 2,
  "Gefahr": -2,
  "gefährlich": -2,
  "gefallen": 2,
  "Gefallen": 2,
  "gefälscht": -3,
  "gefangen": 3,
  "Gefangene": -2,
  "Gefängnis": -2,
  "Gefechte": -1,
  "gefeiert": 3,
  "gefeuert": -2,
  "gefickt": -4,
  "gefoltert": -4,
  "gefordert": -1,
  "gefördert": 1,
  "Gefühl": 1,
  "Gefühllosigkeit": -2,
  "gefürchtet": -2,
  "gegeben": 2,
  "gegensätzlich": -2,
  "Gegner": -1,
  "gehackt": -1,
  "gehässig": -2,
  "gehegten": 2,
  "Gehirnwäsche": -3,
  "Geist": 1,
  "geistert": -1,
  "geistlos": -2,
  "geizig": -2,
  "geknebelt": -2,
  "gelangweilt": -2,
  "gelassen": -2,
  "Gelegenheit": 2,
  "Geliebte": 3,
  "gelindert": 3,
  "gelingen": 3,
  "gelingt es": 3,
  "gelobt": 3,
  "gelobten": 2,
  "gelöscht": 1,
  "gelöst": 1,
  "gelungen": 3,
  "gemeinsam genutzt": 1,
  "gemobbt": -2,
  "gemocht": 2,
  "gemütlich": 2,
  "Gemütlichkeit": 2,
  "genehmigt": 2,
  "genial": 4,
  "Genial": 4,
  "geniales": 4,
  "genießen": 2,
  "genießt": 2,
  "genossen": 2,
  "gepflegt": 2,
  "geplagte": -3,
  "gequält": -3,
  "gerächt": -2,
  "Gerade": 1,
  "geräumig": 1,
  "gerechtfertigt": 2,
  "Gerechtigkeit": 2,
  "gerettet": 2,
  "Gerettet": 2,
  "geriet in Panik": -3,
  "gerissen": 2,
  "gerügt": -2,
  "Geschädigten": -2,
  "Geschäftemacher": -2,
  "geschätzt": 2,
  "geschätzten": 2,
  "gescheitert": -2,
  "Geschenk": 2,
  "Geschenk des Himmels": 4,
  "geschlagen": -1,
  "geschlagenen": -2,
  "geschleppt": -1,
  "Geschmack": 2,
  "geschmuggelt": -2,
  "Geschrei": -2,
  "geschützt": 1,
  "geschwächt": -2,
  "gesellig": 2,
  "gesichert": 2,
  "gespannt": 2,
  "gespendet": 2,
  "gesperrt": -1,
  "gestärkt": 2,
  "gesteht": -1,
  "gesteigert": 1,
  "gestohlen": -2,
  "gestoppt": -1,
  "gestorben": -3,
  "gestört": -2,
  "gestressten": -2,
  "gesund": 2,
  "gesündigt": -2,
  "gewähren": 1,
  "gewährleisten": 1,
  "gewährt": 1,
  "Gewährung": 1,
  "Gewalt": -3,
  "Gewalt bezogenen": -3,
  "gewarnt": -2,
  "Gewehr": -1,
  "gewidmet": 2,
  "Gewinne": 2,
  "gewinnen": 4,
  "Gewinner": 4,
  "gewinnt": 4,
  "Gewinnung": 2,
  "gewonnen": 3,
  "gewürgt": -2,
  "gezüchtigt": -3,
  "gezwungen": 1,
  "gibt vor": -1,
  "Gier": -3,
  "gierig": -2,
  "Gift": -2,
  "Gifte": -2,
  "giftig": -3,
  "glamourös": 3,
  "glamourous": 3,
  "glatt": 2,
  "Glauben": 1,
  "Gleichen": 2,
  "gleichgültig": -2,
  "Gleichgültigkeit": -2,
  "Glück": 3,
  "glücklich": 3,
  "glücklicherweise": 2,
  "Glücklicherweise": 3,
  "glücklichsten": 3,
  "glücklos": -2,
  "glückselig": 3,
  "Glückseligkeit": 3,
  "Glückwunsch": 2,
  "gnädig": 3,
  "goddamn": -3,
  "Gold": 2,
  "Gönnern": 2,
  "goofiness": -2,
  "Gott": 1,
  "Grab": -2,
  "grässlich": -2,
  "gratulieren": 2,
  "grau": -1,
  "Gräueltat": -3,
  "grausam": -3,
  "Grausamkeit": -3,
  "grausig": -2,
  "greenwash": -3,
  "greenwasher": -3,
  "greenwashers": -3,
  "Greenwashing": -3,
  "greets": 1,
  "Greif": 2,
  "Grenzen": -1,
  "grimmig": -2,
  "Grippe": -2,
  "grob vereinfachen": -2,
  "groß": 3,
  "großartig": 3,
  "größer": 3,
  "großspurig": -2,
  "größte": 3,
  "großzügig": 2,
  "Grübelei": -2,
  "grün waschen": -3,
  "Gruß": 2,
  "grüßend": 2,
  "günstig": 2,
  "gut": 3,
  "gut aussehend": 3,
  "gut entwickelt": 2,
  "gut etabliert": 2,
  "gut fokussierten": 2,
  "gut proportioniert": 2,
  "gut verfochten": 3,
  "Güte": 3,
  "guten Morgen": 1,
  "Ha": 2,
  "Haft": -2,
  "Häftling": -2,
  "Hagel": 2,
  "hagelte": 2,
  "Haha": 3,
  "hahaha": 3,
  "hahahah": 3,
  "Halleluja": 3,
  "halt": -1,
  "handverlesen": 1,
  "haplessness": -2,
  "hardier": 2,
  "Harmonie": 2,
  "harmonisch": 2,
  "Harms": -2,
  "hart": -1,
  "härter": -2,
  "hartnäckig": -2,
  "Hass": -3,
  "Hasse": -3,
  "hassen": -3,
  "Hasser": -3,
  "hässlich": -3,
  "Hässlichkeit": -3,
  "hat geweint": -2,
  "hat verloren": -3,
  "heftig": -3,
  "hegen": 2,
  "hegt": 2,
  "hehe": 2,
  "Heil": 2,
  "heimwehkrank": -2,
  "heiter": 3,
  "Heiterkeit": 3,
  "Held": 2,
  "Helden": 2,
  "hell": 1,
  "Helligkeit": 1,
  "hellste": 2,
  "hemmen": -1,
  "Herausforderung": -1,
  "herb": -2,
  "heroisch": 3,
  "herrlich": 3,
  "herrschend": 1,
  "hervorragend": 5,
  "Herz gebrochen": -3,
  "herzerwärmend": 3,
  "herzlich": 3,
  "herzlich willkommen": 2,
  "Herzliche Glückwünsche": 2,
  "herzlos": -2,
  "herzzerreißend": -3,
  "heuchlerisch": -2,
  "Hilfe": 2,
  "hilflos": -2,
  "hilfreich": 2,
  "hilft": 2,
  "Himmel": 2,
  "Hindernis": -2,
  "Hindernisse": -2,
  "Hingabe": 2,
  "hingebungsvoll": 3,
  "hinkte": -2,
  "Hinsicht": 2,
  "hinterhältig": -1,
  "hinters Licht geführt": -2,
  "höchste": 4,
  "hoffentlich": 2,
  "Hoffnung": 2,
  "Hoffnung,": 2,
  "Hoffnungen": 2,
  "hoffnungslos": -2,
  "Hoffnungslosigkeit": -2,
  "hoffnungsvoll": 2,
  "höflich": 2,
  "Höflichkeit": 2,
  "Höhepunkt": 2,
  "hohl": -1,
  "Hölle": -4,
  "höllisch": -2,
  "Hooligans": -2,
  "Hoppla": -2,
  "hörig": -2,
  "horrend": -3,
  "human": 2,
  "Humbug": -2,
  "humerous": 3,
  "Humor": 2,
  "humorvoll": 2,
  "Hündin": -5,
  "Hündinnen": -5,
  "Hunger": -2,
  "hungernd": -2,
  "Hungersnot": -2,
  "hungert": -2,
  "Hure": -4,
  "Hurensohn": -5,
  "Hurra": 5,
  "hypnotisierend": 3,
  "Hysterie": -3,
  "hysterisch": -3,
  "Idiotie": -3,
  "idiotisch": -3,
  "ignorant": -2,
  "Ignoranz": -2,
  "ignorieren": -1,
  "ignoriert": -1,
  "illegal": -3,
  "illegitim": -3,
  "im Wesentlichen": 1,
  "immergrün": 2,
  "immobilisiert": -1,
  "immun": 1,
  "impedingly": -2,
  "imponiert": 3,
  "imposant": -1,
  "imposter": -2,
  "impotent": -2,
  "in erstaunen versetzen": 3,
  "in Frage gestellt": -1,
  "in Ordnung gebracht": -1,
  "in Ungnade gefallenen": -2,
  "in Verlegenheit bringen": -2,
  "inbrünstig": 2,
  "incapacitates": -2,
  "incapacitating": -2,
  "incensing": -2,
  "indoctrinates": -2,
  "indoktrinieren": -2,
  "indoktriniert": -2,
  "inediable": -2,
  "ineffektiv": -2,
  "ineffizient": -2,
  "Ineffizienz": -2,
  "infantil": -2,
  "infantilisierte": -2,
  "Infarkt": -2,
  "Infekte": -2,
  "Infektion": -2,
  "Infektionen": -2,
  "infektiös": -2,
  "infests": -2,
  "infizieren": -2,
  "inflicted": -2,
  "infract": -2,
  "infracting": -2,
  "infuriates": -2,
  "inkohärent": -2,
  "inkompetent": -2,
  "Inkompetenz": -2,
  "Innovation": 1,
  "innovativ": 2,
  "innoviert": 1,
  "Inquisition": -2,
  "ins Leben gerufen": 1,
  "ins Stocken geraten": -2,
  "Inspiration": 2,
  "inspirativ": 2,
  "inspirieren": 2,
  "inspirierend": 3,
  "inspiriert": 2,
  "instabil": -2,
  "Insuffizienz": -2,
  "intakt": 2,
  "Integrität": 2,
  "intelligent": 2,
  "intensiv": 1,
  "interessant": 2,
  "Interessen": 1,
  "interessieren": 1,
  "interessiert": 2,
  "Interrupts": -2,
  "Intimität": 2,
  "Intrigen": 1,
  "Invasion": -1,
  "Ironie": -1,
  "ironisch": -1,
  "irrational": -1,
  "irre": 2,
  "irreführen": -3,
  "irreführend": -3,
  "irreparabel": -2,
  "irreproduzierbaren": -2,
  "irreversibel": -1,
  "irritierend": -3,
  "irritiert": -3,
  "isoliert": -1,
  "ja": 1,
  "Ja": 1,
  "Jaaa": 2,
  "Jesus": 1,
  "jovial": 2,
  "Jubel": 4,
  "jubeln": 2,
  "jubelnd": 3,
  "jubelt": 4,
  "jubelten": 2,
  "jugendlich": 2,
  "Juwel": 3,
  "Juwelen": 1,
  "Kampf": -1,
  "Kämpfe": -2,
  "kämpfen": -1,
  "kämpfte": -1,
  "kann \"t stehen": -3,
  "kaputt gemacht": -3,
  "katastrophal": -3,
  "Katastrophe": -2,
  "Katastrophen": -2,
  "kein Spaß": -3,
  "kills": -3,
  "kinder": 2,
  "kindisch": -2,
  "Kippe": -3,
  "Klage": -2,
  "Klagen": -2,
  "klagend": -2,
  "kläglich": -2,
  "klagt": -2,
  "klar": 1,
  "Klarheit": 2,
  "klasse": 4,
  "kleinlich": -2,
  "kleinmütig": -2,
  "klug": 2,
  "Klugheit": 2,
  "klügste": 2,
  "knallhart": -3,
  "Knüller": 3,
  "kollabiert": -2,
  "kollidieren": -1,
  "kollidiert": -1,
  "Kollision": -2,
  "Kollisionen": -2,
  "Komfort": 2,
  "komisch": 4,
  "Komödie": 1,
  "kompetent": 2,
  "Kompetenzen": 1,
  "Kompliment": 2,
  "Komplimente": 2,
  "komplizieren": -2,
  "Konflikt": -2,
  "Konflikte": -2,
  "Konkurs": -3,
  "konspirieren": -3,
  "Kontamination": -2,
  "Kontaminationen": -2,
  "kontrovers": -2,
  "Kontroverse": -2,
  "Kontroversen": -2,
  "konzentriert": 2,
  "Kopfschmerzen": -2,
  "korrumpiert": -3,
  "korrupt": -3,
  "Korruption": -3,
  "köstlich": 3,
  "Köstlichkeiten": 3,
  "Kraft": 3,
  "Krampf": -1,
  "krank": -2,
  "Krankenhaus": -2,
  "Krankheit": -1,
  "Krankheiten": -1,
  "kratzig": -2,
  "kreativ": 2,
  "Krebs": -1,
  "Krieg": -2,
  "Kriminalität": -3,
  "Krise": -3,
  "Kritik": -2,
  "Kritiker": -2,
  "kritisieren": -2,
  "kritisiert": -2,
  "Kühlen": -1,
  "kühn": 3,
  "kummervoll": -2,
  "kurzsichtig": -2,
  "Kurzsichtigkeit": -2,
  "Kürzung": -2,
  "Kürzungen": -2,
  "kurzweilig": -1,
  "Kuss": 2,
  "Lächeln": 2,
  "lächelnd": 2,
  "Lächelte": 2,
  "Lachen": 1,
  "lächerlich": -3,
  "lacht": 1,
  "lachte": 1,
  "Lags": -2,
  "Lame": -2,
  "Langeweile": -2,
  "langweilig": -3,
  "lästig": -2,
  "lauern": -1,
  "lauernd": -1,
  "lauert": -1,
  "laughting": 1,
  "Laune": -2,
  "launisch": -1,
  "lausig": -2,
  "laut": -1,
  "lautstark": -1,
  "lawl": 3,
  "lebendig": 2,
  "lebensmüde": -2,
  "lebhaft": 3,
  "leblos": -1,
  "Leck": -1,
  "lecker": 3,
  "leer": -1,
  "Leere": -1,
  "legal": 1,
  "Leiche": -1,
  "leichtgläubig": -2,
  "Leichtgläubigkeit": -2,
  "Leichtigkeit": 2,
  "leichtsinnig": -2,
  "leiden": -2,
  "Leiden": -2,
  "Leidende": -2,
  "Leidenschaft": 1,
  "leidenschaftlich": 2,
  "leidet": -2,
  "Leistung": 2,
  "Leistungen": 2,
  "Leistungsanforderungen": -2,
  "lenkt ab": -2,
  "Letalität": -2,
  "Lethargie": -2,
  "lethargisch": -2,
  "leugnen": -2,
  "Leugnern": -2,
  "Liebe": 3,
  "liebend": 2,
  "liebende Güte": 3,
  "liebenswert": 3,
  "liebevoll": 2,
  "Liebhaber": 2,
  "liebt": 3,
  "liebte": 3,
  "lighthearted": 1,
  "likers": 2,
  "litt": -2,
  "lmao": 4,
  "LMFAO": 4,
  "Lob": 3,
  "Lobby": -2,
  "Lobbying": -2,
  "Lobbyist": -2,
  "Lobbyisten": -2,
  "loben": 3,
  "lobte": 2,
  "log": -2,
  "lohnend": 2,
  "lol": 3,
  "lolol": 4,
  "lololol": 4,
  "lolololol": 4,
  "lool": 3,
  "loool": 3,
  "looool": 3,
  "lose": -3,
  "lösen": 1,
  "löst": 1,
  "Lösung": 2,
  "Lösungen": 1,
  "Loyalität": 3,
  "Lügner": -3,
  "lukrativ": 3,
  "lustig": 2,
  "Luxus": 2,
  "mächtig": 4,
  "machtlos": -2,
  "makaber": -2,
  "makellos": 2,
  "maladaption": -2,
  "malerisch": 2,
  "Mangel": -2,
  "Mängel": -2,
  "mangelhaft": -2,
  "Manipulation": -1,
  "Manipulieren": -1,
  "manipuliert": -1,
  "Maßregelung": -2,
  "Medaille": 3,
  "meditativ": 1,
  "Meineid": -3,
  "Meister": 2,
  "Meisterstück": 4,
  "Meisterwerke": 4,
  "Melancholie": -2,
  "memoriam": -2,
  "menaced": -2,
  "menaces": -2,
  "Messe": 2,
  "messed": -2,
  "methodisch": 2,
  "minderwertig": -2,
  "mirthfully": 3,
  "misbehaved": -2,
  "misbehaves": -2,
  "misbranding": -3,
  "mischiefs": -1,
  "misconducted": -2,
  "misconducting": -2,
  "misconducts": -2,
  "misleaded": -3,
  "mispricing": -3,
  "misreport": -2,
  "misreported": -2,
  "misreports": -2,
  "misrepresents": -2,
  "missachtet": -2,
  "missbilligen": -2,
  "missbilligend": -1,
  "mißbilligt": -2,
  "Missbilligung": -2,
  "Missbrauch": -2,
  "Mißbräuche": -3,
  "mißbrauchen": -2,
  "missbraucht": -3,
  "mißbraucht": -2,
  "mißbrauchten": -2,
  "Misshandlung": -2,
  "Misstrauen": -3,
  "misstrauisch": -3,
  "Missverständnis": -2,
  "missverstehen": -2,
  "missversteht": -2,
  "Mit freundlichen Grüßen": 2,
  "mitfühlend": 2,
  "Mittelmäßigkeit": -3,
  "Mobbing": -2,
  "Mocks": -2,
  "Mode": -2,
  "modernisieren": 2,
  "modernisiert": 2,
  "Modernisierungen": 2,
  "mögen": 2,
  "mongering": -2,
  "monopolisieren": -2,
  "monopolisiert": -2,
  "monopolisierte": -2,
  "Monopolisierung": -2,
  "Monotonie": -1,
  "mord": -3,
  "Mord": -2,
  "Morde": -2,
  "Mörder": -2,
  "mörderisch": -3,
  "Motivation": 1,
  "motivieren": 1,
  "motivierende": 2,
  "motiviert": 2,
  "müde": -2,
  "Mühe": -2,
  "mühelos": 2,
  "Müll": -1,
  "Müllhalde": -1,
  "mumpish": -2,
  "munter": 2,
  "mürrisch": -2,
  "Mut": 2,
  "mutig": 2,
  "mutlos": -2,
  "Mythos": -1,
  "n00b": -2,
  "nachdenklich": 2,
  "Nachfrage": -1,
  "nachhaltig": 2,
  "nachhaltige": 2,
  "Nachhaltigkeit": 1,
  "nachlässig": -2,
  "nachlauf": -2,
  "nachsichtig": 1,
  "Nachteil": -2,
  "nahtlos": 2,
  "naiv": -2,
  "Narbe": -2,
  "Narben": -2,
  "narren": -2,
  "Narren": -2,
  "Narzissmus": -2,
  "natürlich": 1,
  "Nebenwirkung": -2,
  "Nebenwirkungen": -2,
  "Negativ": -2,
  "Negativität": -2,
  "Neid": -1,
  "neidisch": -2,
  "Nein": -1,
  "Nerven": -1,
  "nervig": -2,
  "nervös": -1,
  "nervtötend": -2,
  "ness": 2,
  "nett": 3,
  "Neuerungen einführen": 1,
  "neugierig": 2,
  "nicht akzeptabel": -2,
  "nicht bewusst": -2,
  "nicht gefallen": -2,
  "nicht geschätzt": -2,
  "nicht glauben": -2,
  "nicht gut": -2,
  "nicht im Abspann": -1,
  "nicht komisch": -2,
  "nicht überzeugt": -1,
  "nicht unterstützt": -2,
  "nicht verfügbar": -1,
  "nicht wie": -2,
  "nicht zu fassen": -1,
  "nicht zufrieden": -2,
  "nicht zugelassenen": -2,
  "nicht zustimmen": -2,
  "niedergeschlagen": -2,
  "Niederlage": -2,
  "Niederlegungen": -2,
  "niedlich": 2,
  "niesen": -2,
  "Niesen": -2,
  "niest": -2,
  "nieste": -2,
  "Nieten": 3,
  "niggas": -5,
  "Nigger": -5,
  "nobel": 3,
  "Not": -2,
  "Notfall": -2,
  "Nüsse": -3,
  "Nützlichkeit": 2,
  "nutzlos": -2,
  "Nutzlosigkeit": -2,
  "Nutzung": -2,
  "obdachlos": -2,
  "oben": 2,
  "obsolet": -2,
  "Obstruktion": -2,
  "obszön": -2,
  "Obszönität": -2,
  "offends": -2,
  "offensiv": -2,
  "offline": -1,
  "ohrenbetäubend": -1,
  "OKS": 2,
  "Opfer": -3,
  "Optimismus": 2,
  "optimistisch": 2,
  "optionless": -2,
  "ostracizes": -2,
  "overran": -2,
  "overreacted": -2,
  "overreacts": -2,
  "oversells": -2,
  "Oxymoron": -1,
  "panics": -3,
  "Panik": -3,
  "Paradies": 3,
  "paradiesisch": 4,
  "Paradox": -1,
  "Pardon": 2,
  "passen": 1,
  "passend": 2,
  "passiv": -1,
  "Pech": -2,
  "Pein": -3,
  "peinlich": -2,
  "perfekt": 3,
  "Perfektion": 3,
  "perfektioniert": 2,
  "pervertieren": -3,
  "Pessimismus": -2,
  "pessimistisch": -2,
  "Pest": -3,
  "Pflege": 2,
  "Pfui": -2,
  "Philanthropie": 2,
  "Pikee": -2,
  "pikiert": -2,
  "Piss": -4,
  "pissing": -3,
  "Plagen": -3,
  "pleite": -1,
  "Pleite": -3,
  "plündern": -2,
  "poliert": 2,
  "Popularität": 3,
  "Portion": 2,
  "positiv": 2,
  "posttraumatischen": -2,
  "prahlerisch": -2,
  "prangert": -2,
  "prblm": -2,
  "prblms": -2,
  "Prima": 3,
  "privilegiert": 2,
  "proaktive": 2,
  "Problem": -2,
  "Probleme": -2,
  "profitabel": 2,
  "profitieren": 2,
  "profitiert": 2,
  "prominent": 2,
  "Propaganda": -2,
  "Prost": 2,
  "Protest": -2,
  "Proteste": -2,
  "protestieren": -2,
  "provozieren": -1,
  "provozierend": -1,
  "provoziert": -1,
  "provozierten": -1,
  "prozesssüchtig": -2,
  "Prügel": -1,
  "Pseudo": -3,
  "psychopathisch": -2,
  "quaking": -2,
  "quälend": -1,
  "Qualität": 2,
  "Qualitäten": 2,
  "quält": -3,
  "qualvoll": -3,
  "Rache": -2,
  "rächen": -2,
  "rächend": -2,
  "Rächer": -2,
  "rachsüchtig": -2,
  "rächt": -2,
  "raffiniert": 1,
  "Rage": -2,
  "rageful": -2,
  "ragte": -1,
  "randalieren": -2,
  "ranter": -3,
  "Ranters": -3,
  "raptured": 2,
  "Raserei": -3,
  "Rassismus": -3,
  "Rassist": -3,
  "Rassisten": -3,
  "ratifiziert": 2,
  "ratsam": 1,
  "rauben": -2,
  "Räuber": -2,
  "räuberisch": -2,
  "raubt": -2,
  "Räucherwerk": -2,
  "rauesten": -2,
  "Rebell": -2,
  "Rebellen": -2,
  "Rebellion": -2,
  "rechtfertigen": 2,
  "rechtlich": 1,
  "rechtmäßig": 2,
  "Rechtsstreit": -1,
  "rege": 2,
  "Regenjacke": 2,
  "regnerisch": -1,
  "rehabilitiert": 2,
  "reich": 2,
  "Reich": 2,
  "reichend": 1,
  "reicheren": 2,
  "Reichtum": 3,
  "Reichweite": 2,
  "reifen": 2,
  "rein": 1,
  "Reinfall": -2,
  "reinigen": 2,
  "Reiniger": 2,
  "reinste": 1,
  "reizen": -3,
  "Reliefe": 1,
  "relishing": 2,
  "resigniert": -1,
  "respektierte": 2,
  "Respektlosigkeit": -2,
  "restauriert": 1,
  "restriktiv": -1,
  "Rettung": 2,
  "Rettungen": 2,
  "Rettungsschwimmer": 4,
  "Reue": -2,
  "Rezession": -2,
  "richtige Richtung": 3,
  "rigoros": 3,
  "Risiken": -2,
  "Risiko": -2,
  "riskant": -2,
  "robed": -2,
  "robing": -2,
  "robust": 2,
  "rofl": 4,
  "roflcopter": 4,
  "roflmao": 4,
  "roh": -1,
  "Roman": 2,
  "romantical": 2,
  "Romantik": 2,
  "romantisch": 2,
  "Rose": 1,
  "rotfl": 4,
  "rotflmfao": 4,
  "ROTFLOL": 4,
  "Rowdy": -2,
  "Rowdytum": -2,
  "Rücken": 1,
  "rückläufig": -1,
  "Rückschlags": -3,
  "Rückschnitt": -2,
  "rücksichtslos": -2,
  "Rücktritt": -1,
  "Rückzug": -1,
  "ruhig": 2,
  "Ruhm": 2,
  "Ruine": -2,
  "Ruinen": -2,
  "ruiniert": -2,
  "rüstig": 2,
  "Sabotage": -2,
  "sachverständig": 2,
  "Safe": 1,
  "sagenhaft": 4,
  "salutiert": 2,
  "salutierte": 2,
  "sarkastisch": -2,
  "satt": -3,
  "Satz": -2,
  "Sätze": -2,
  "saugen": -3,
  "saugt": -3,
  "savange": -2,
  "savanges": -2,
  "Schaden": -2,
  "Schadenersatz": -3,
  "schädlich": -2,
  "Schadstoff": -2,
  "Schalldämpfung": -1,
  "schalt": -3,
  "Schande": -2,
  "Schande, d": -2,
  "Schatz": 2,
  "Schätze": 2,
  "schätzen": 2,
  "schätzt": 2,
  "Scheiß": -5,
  "Scheisse": -4,
  "Scheiße": -3,
  "Scheißkerl": -2,
  "schelten": -2,
  "schenkt": 2,
  "Scherz": -2,
  "scherzhaft": 2,
  "scheußlich": -3,
  "schick": 2,
  "schießen": -1,
  "schikanieren": -3,
  "schikaniert": -3,
  "Schikanierung": -3,
  "schikanös": -3,
  "schimpfen": -3,
  "Schinderei": -2,
  "Schlacht": -1,
  "Schlachten": -1,
  "Schlaflosigkeit": -2,
  "schlägt fehl": -2,
  "schlammig": -2,
  "Schlampe": -5,
  "schlampig": -2,
  "schlecht": -2,
  "schlecht benehmen": -2,
  "schlechter": -2,
  "Schlechtigkeit": -3,
  "Schlepper": -2,
  "schleppt": -1,
  "schmälern": -2,
  "schmälert": -1,
  "schmälerte": -1,
  "Schmerz": -2,
  "schmerzen": -2,
  "schmerzerfüllt": -2,
  "schmerzlich": -2,
  "Schmiergelder": -3,
  "schmollend": -2,
  "schmollt": -2,
  "Schmuggel": -2,
  "schmuggeln": -2,
  "schmuggelt": -2,
  "Schmutz": -2,
  "schmutzig": -2,
  "schmutzigste": -2,
  "Schnäppchen": 2,
  "schneiden": -1,
  "Schneiden": -1,
  "schnell": 2,
  "Schnitte": -1,
  "Schock": -2,
  "schockierend": -2,
  "schockiert": -2,
  "Schocks": -2,
  "schön": 3,
  "Schönheit": 3,
  "Schönheiten": 3,
  "Schrägstrich": -2,
  "Schrägstriche": -2,
  "Schreck": -2,
  "Schrecken": -2,
  "schrecklich": -3,
  "Schrei": -1,
  "Schreien": -2,
  "schreiend": -2,
  "schrie": -2,
  "schüchtern": -1,
  "schüchtert": -2,
  "Schuld": -2,
  "schuldig": -3,
  "schützen": 1,
  "schützt": 1,
  "schwach": -2,
  "Schwäche": -2,
  "Schwächen": -2,
  "schwachsinnig": -3,
  "schwankend": -1,
  "Schwanz": -5,
  "Schwanzlutscher": -5,
  "Schwärmen": 2,
  "schwer": -1,
  "schweren Herzens": -2,
  "schwermütig": -2,
  "schwimmend": 2,
  "Schwindel": -3,
  "schwindelt": -3,
  "Schwindler": -3,
  "schwindlig": -1,
  "schwören": -2,
  "schwört": -2,
  "Schwuchteln": -3,
  "Scoop": 3,
  "scumbag": -4,
  "Segen": 3,
  "segnen": 2,
  "segnet": 2,
  "Sehenswürdigkeiten": 2,
  "Sehnsucht": 1,
  "sehr geehrter": 2,
  "Selbst verblendet": -2,
  "selbst widersprechend": -2,
  "Selbstbefleckung": -2,
  "selbstbewusst": 2,
  "selbstgefällig": -2,
  "selbstlos": 2,
  "Selbstmord": -2,
  "Selbstsucht": -3,
  "selig": 3,
  "seltsam": -1,
  "Seufzer": -2,
  "Sexist": -2,
  "sexistischen": -2,
  "sexy": 3,
  "shoody": -2,
  "sich freuen": 4,
  "sich verschlechtern": -2,
  "sich weigern": -2,
  "sicher": 1,
  "sicherer": 2,
  "Sicherheit": 1,
  "sichern": 2,
  "sichert": 2,
  "Siedlung": 1,
  "Siedlungen": 1,
  "Sieg": 3,
  "Siege": 3,
  "Siegen": 4,
  "Sieger": 3,
  "signifikant": 1,
  "simplifiziert": -2,
  "Simplifizierung": -2,
  "singleminded": -2,
  "sinister": -2,
  "sinnvoll": 2,
  "Skandal": -3,
  "Skandale": -3,
  "skandalös": -3,
  "Skepsis": -2,
  "Skeptiker": -2,
  "skeptisch": -2,
  "Sklave": -3,
  "Sklaven": -3,
  "Sklaverei": -3,
  "slickest": 2,
  "smarter": 2,
  "SMOG": -2,
  "snubbing": -2,
  "so tun als ob": -1,
  "sofort": 1,
  "Solidarität": 2,
  "solide": 2,
  "Sonnenschein": 2,
  "Sorge": -3,
  "Sorgen": 2,
  "Sorgfalt": 2,
  "sorglos": 1,
  "Spam": -2,
  "Spammer": -3,
  "Spammers": -3,
  "Spamming": -2,
  "Spannung": -1,
  "sparen": 2,
  "Spaß": 4,
  "Speerspitze": 2,
  "spekulativ": -2,
  "Spende": 2,
  "spenden": 2,
  "SpielWechsel": 3,
  "spielerisch": 2,
  "Spitzmaus": -4,
  "spornt": 2,
  "Spott": -2,
  "spotten": -2,
  "spöttisch": -2,
  "squelched": -1,
  "stabil": 2,
  "Stahl": -2,
  "Stall": -2,
  "standhaft": 2,
  "stank": -2,
  "stark": 2,
  "Stärke": 2,
  "stärken": 2,
  "Stärken": 2,
  "stärker": 2,
  "Stärkt": 2,
  "Stärkung": 2,
  "Steals": -2,
  "stechen": -2,
  "Stechen": -5,
  "stecken": -2,
  "stehlen": -2,
  "stellt klar,": 2,
  "sterben": -3,
  "sterbend": -3,
  "stereotyp": -2,
  "Stereotyp": -2,
  "still": 2,
  "stimmt zu": 1,
  "stimulieren": 1,
  "stimulierend": 1,
  "stimuliert": 1,
  "stinked": -2,
  "stinken": -2,
  "stinkend": -2,
  "stinkende": -2,
  "stinkt": -2,
  "Stöhnen": -2,
  "stöhnt": -2,
  "stöhnte": -2,
  "stolz": 2,
  "stören": -2,
  "störend": -2,
  "stornieren": -1,
  "stört": -2,
  "Störung": -2,
  "Störungen": -2,
  "Stout": 2,
  "strafend": -2,
  "straft": -2,
  "Straftaten": -2,
  "Strafverfolgung": -1,
  "Straßenhändler": -2,
  "Streik": -1,
  "Streiks": -1,
  "streit": -1,
  "Streit": -2,
  "Streitigkeiten": -2,
  "Stress": -1,
  "Stressfaktoren": -2,
  "Stressor": -2,
  "strittig": -2,
  "stumm": -3,
  "stur": -2,
  "Stützen": 2,
  "stützend": 2,
  "subversiv": -2,
  "sueing": -2,
  "Sues": -2,
  "Suizide": -2,
  "Sünde": -2,
  "Sünden": -2,
  "Sündenbock": -2,
  "Sündenböcke": -2,
  "sündig": -3,
  "Super": 3,
  "suspendiert": -1,
  "süß": 2,
  "Süßen": 3,
  "süßer": 3,
  "süßeste": 3,
  "swindling": -3,
  "Sympathie": 2,
  "sympathisch": 2,
  "tadelt": -3,
  "Takelage": -1,
  "Talent": 2,
  "tard": -2,
  "tatenlos": -1,
  "Täter": -2,
  "täuschen": -3,
  "Täuschung": -3,
  "temperamentlos": -2,
  "temperamentvoll": 2,
  "Tempus": -2,
  "Tender": 2,
  "Terror": -3,
  "terrorisieren": -3,
  "terrorisiert": -3,
  "Terrorist": -2,
  "Terroristen": -2,
  "teuer": 3,
  "Titten": -2,
  "Tod": -2,
  "Todesfälle": -2,
  "Todesopfer": -3,
  "tödlich": -2,
  "tolerant": 2,
  "Toleranz": 2,
  "tolle": 4,
  "Tops": 2,
  "töricht": -2,
  "tot": -3,
  "totalitär": -2,
  "Totalitarismus": -2,
  "töten": -3,
  "tötlich": -3,
  "Totschlag": -3,
  "Tötung": -3,
  "Tötungsdelikte": -2,
  "touting": -2,
  "träge": -2,
  "tragisch": -2,
  "Tragödie": -2,
  "Tragödien": -2,
  "Tränen": -2,
  "transgressing": -2,
  "Trauer": -2,
  "trauern": -2,
  "trauernde": -2,
  "trauert": -2,
  "trauerte": -2,
  "Traum": 1,
  "Trauma": -3,
  "traumatisch": -3,
  "Träume": 1,
  "traurig": -2,
  "Travestie": -2,
  "Tremor": -2,
  "treu": 3,
  "Tribut": 2,
  "triebenen": -2,
  "tritt zurück": -1,
  "Triumph": 4,
  "triumphierend": 4,
  "Troll": -2,
  "tröstlich": 2,
  "trostlos": -2,
  "Trostlosigkeit": -2,
  "Trottel": -3,
  "trotzig": -1,
  "trüb": -2,
  "trübe": -2,
  "trüben": -2,
  "Trübsal blasen": -1,
  "trübselig": -1,
  "trübt": -2,
  "trügerisch": -3,
  "Trusts": 1,
  "Tücke": -2,
  "tugendhaft": 2,
  "Tumor": -2,
  "tünchen": -3,
  "Tunte": -3,
  "twat": -5,
  "tyran": -3,
  "tyrannic": -3,
  "tyrannisch": -3,
  "Tyrans": -3,
  "übelnehmerisch": -2,
  "überängstlich": -2,
  "Übergewicht": -1,
  "überglücklich": 4,
  "Überlast": -1,
  "überlebend": 2,
  "Überlebende": 2,
  "überlebt": 2,
  "überlegen": 2,
  "überraschend": 3,
  "überreagieren": -2,
  "überreagierst": -2,
  "Überreaktion": -2,
  "überreizt": -3,
  "überschreiten": -2,
  "überschwänglich": 4,
  "übersehen": -1,
  "übertreiben": -2,
  "übertreibt": -2,
  "Übertreibung": -2,
  "Übertreibungen": -2,
  "übertrieben": -2,
  "übertritt": -2,
  "überverkauft": -2,
  "überzeugen": 1,
  "überzeugt": 1,
  "Umarmung": 2,
  "Umarmungen": 2,
  "umfassend": 2,
  "umstritten": -2,
  "umweltfreundlich": 2,
  "umwerben": 3,
  "unangebracht": -2,
  "unangemessen": -2,
  "unangenehm": -2,
  "Unangenehmheit": -2,
  "unappeasable": -2,
  "unattraktiv": -2,
  "unaufhaltsam": 2,
  "unbeabsichtigt": -2,
  "unbedeutend": -2,
  "unbeeindruckt": -2,
  "Unbeholfenheit": -2,
  "unbekümmert": -2,
  "unbeliebt": -2,
  "unbequem": -2,
  "Unbequemlichkeit": -2,
  "unbeschwert": 2,
  "unbesiegbar": 2,
  "unbestätigt": -1,
  "undankbar": -3,
  "underperform": -2,
  "underperforming": -2,
  "unehrlich": -2,
  "Uneinigkeit": -2,
  "unempfindlich": -2,
  "unentschieden": -1,
  "unentschlossen": -2,
  "unentschuldbar": -3,
  "unerbittlich": -1,
  "unerforscht": -2,
  "unerfüllt": -2,
  "unerledigt": -1,
  "unerreicht": 2,
  "unerschrocken": 2,
  "unerträglich": -2,
  "unerwünscht": -2,
  "unethisch": -2,
  "unfähig": -2,
  "Unfähigkeit": -2,
  "unfair": -2,
  "Unfall": -2,
  "Unfälle": -2,
  "Unfallopfer": -2,
  "Unfug": -1,
  "ungeduldig": -2,
  "ungeeignet": -2,
  "ungekochten": -2,
  "ungekünstelt": -2,
  "ungeliebt": -2,
  "ungenehmigte": -2,
  "ungenügend": -2,
  "ungeordnet": -2,
  "ungerade": -2,
  "ungerecht": -2,
  "Ungerechtigkeit": -2,
  "ungeschickt": -2,
  "ungesichert": -2,
  "ungesund": -2,
  "ungetrübt": 2,
  "ungläubig": -1,
  "ungleich": -1,
  "Unglück": -2,
  "unglücklich": -2,
  "ungünstig": -2,
  "unheimlich": -2,
  "unhöflich": -2,
  "unhygienisch": -2,
  "unintelligent": -2,
  "uninvolving": -2,
  "unklar": -1,
  "unkoordiniert": -2,
  "unlogisch": -2,
  "unmenschlich": -2,
  "unmotiviert": -2,
  "Unmut": -2,
  "Unnachgiebigkeit": -2,
  "unparlamentarisch": -2,
  "unpassend": -2,
  "unprofessionell": -2,
  "Unrecht": -2,
  "unrechtmäßig": -2,
  "unreleting": -2,
  "Unruhe": -2,
  "unruhig": -2,
  "unsachgemäß": -2,
  "unsicher": -1,
  "Unsinn": -2,
  "unsolide": -2,
  "unsterblich": 2,
  "unsympathisch": -2,
  "Untätigkeit": -2,
  "untauglich": -2,
  "unter Druck gesetzt": -2,
  "unterbrechen": -2,
  "Unterbrechung": -2,
  "unterbrochen": -2,
  "Unterdrückten drückten~~POS=HEADCOMP": -2,
  "Unterdrückung": -2,
  "Unterdrückungen": -2,
  "Untergang": -2,
  "untergraben": -2,
  "untergräbt": -2,
  "unterhaltsam": 2,
  "Unterhose": -1,
  "unternehmungslustig": 1,
  "unterschätzen": -1,
  "unterschätzt": -1,
  "unterscheidet": -2,
  "Unterschlagung": -3,
  "unterste": -1,
  "Untersteck": -2,
  "unterstützen": 2,
  "Unterstützer": 1,
  "unterstützt": 2,
  "Unterstützung": 2,
  "Untertreibungen": -1,
  "Unterzahl": -2,
  "unübertroffen": 1,
  "unverantwortlich": -2,
  "unvergesslich": 1,
  "unverkauft": -1,
  "unversöhnlich": -2,
  "unverständlich": -2,
  "unverwundbar": 2,
  "unverzeihlich": -3,
  "unvollkommen": -2,
  "unvollständig": -1,
  "unvoreingenommene": 2,
  "unwahr": -2,
  "unwahrscheinlich": -1,
  "unwiderstehlich": 2,
  "unwirksam": -2,
  "unwissenschaftlich": -2,
  "unwürdig": -2,
  "unzerstörbar": 2,
  "unzufrieden": -2,
  "unzureichend": -2,
  "unzusammenhängend": -2,
  "ureigenes": 1,
  "urkomisch": 2,
  "Urteil": -1,
  "Urteile": -1,
  "Urteilsvermögen": 2,
  "vage": -2,
  "validates": 1,
  "validiert": 1,
  "Validierung": 1,
  "Ventilator": 3,
  "verabscheuen": -3,
  "verabscheut": -3,
  "verabscheute": -3,
  "verabschiedet": 1,
  "verächtlich": -2,
  "Verachtung": -2,
  "verantwortlich": 2,
  "Verantwortung": 1,
  "verärgert": -2,
  "verbannen": -1,
  "verbessern": 2,
  "verbessert": 2,
  "Verbesserung": 2,
  "verbieten": -1,
  "verbietet": -1,
  "verbittert": -2,
  "verblüffen": 2,
  "Verbot": -2,
  "verboten": -2,
  "Verbrechen": -3,
  "Verbrecher": -3,
  "Verbündete": 2,
  "verdächtig": -2,
  "Verdächtige": -1,
  "verdammt": -4,
  "Verdammt": -2,
  "verdammt erstaunlich": 4,
  "verdammt fantastisch": 4,
  "verdammt gut": 4,
  "verdammt perfekt": 4,
  "verdammt schön": 4,
  "verdammt süß": 3,
  "verderben": -2,
  "verderblich": -3,
  "verdorben": -2,
  "Verdrehung": -2,
  "verdutzt": -2,
  "verehren": 3,
  "verehrt": 3,
  "verehrten": 2,
  "vereinbart": 1,
  "vereinfachend": -2,
  "vereinigt": 1,
  "vereiteln": -2,
  "vereitelt": -2,
  "Vereitelung": -2,
  "verfallen": -1,
  "verfälschen": -3,
  "verfälschtes": -2,
  "Verfehlung": -2,
  "Verfehlungen": -2,
  "verfeinern": 1,
  "verfeinert": 1,
  "verfestigen": 2,
  "Verfestigen": 2,
  "verfestigte": 2,
  "verfochten": 2,
  "verfolgen": -1,
  "verfolgt": -2,
  "Verfolgung": -2,
  "verführt": -1,
  "vergeben": 3,
  "vergeblich": -2,
  "vergessen": -1,
  "vergesslich": -2,
  "vergesslichen": -1,
  "Vergeudung": -2,
  "vergewaltigen": -4,
  "Vergewaltiger": -4,
  "vergewaltigt": -4,
  "vergifteten": -2,
  "Vergnügen": 3,
  "Vergnügungen": 3,
  "verhaften": -2,
  "verhaftet": -3,
  "Verhaftungen": -2,
  "verhandeln": -1,
  "verhasst": -3,
  "verheerend": -2,
  "verhindern": -1,
  "verhindert": -1,
  "verhört": -2,
  "verhungern": -2,
  "verhungert": -2,
  "Verhütung": -1,
  "verkennen": -2,
  "verklagen": -2,
  "verklagt": -2,
  "Verkleidung": -1,
  "Verkleidungen": -1,
  "verklemmt": -2,
  "Verlangen": 1,
  "verlassen": -1,
  "verlegen": -2,
  "Verlegenheit": -2,
  "verlegt": -2,
  "verleitet": -3,
  "verletzen": -2,
  "verletzendes": -2,
  "Verletzlichkeit": -2,
  "verletzt": -2,
  "Verletzung": -2,
  "Verletzungen": -2,
  "verleumderisch": -2,
  "verlieren": -3,
  "Verlierer": -3,
  "verliert": -3,
  "Verlust": -3,
  "Verluste": -3,
  "vermasselt": -2,
  "vermeiden": -1,
  "vermeidet": -1,
  "vermieden": -1,
  "Vermögen": 2,
  "Vermögenswert": 2,
  "Vermögenswerte": 2,
  "vermuten": -1,
  "vermutlich": -1,
  "vernachlässigen": -2,
  "vernachlässigt": -2,
  "Vernachlässigung": -2,
  "vernarrt": 2,
  "Vernarrtheit": 2,
  "vernichtend": -1,
  "verpasst": -2,
  "verpflichten": 1,
  "verpflichtet": 1,
  "Verrat": -3,
  "verraten": -3,
  "Verraten": -3,
  "verräterischen": -3,
  "verrückt": -2,
  "verrückteres": -2,
  "verrückteste": -2,
  "Versagen": -2,
  "Versagung": -2,
  "Versäumnisse": -2,
  "verschärfen": -2,
  "verschärft": -2,
  "verschieben": -1,
  "verschiebt": -1,
  "verschlechtern": -3,
  "verschlechternden": -2,
  "verschlechtert": -2,
  "Verschlechterung": -3,
  "verschleudert": -2,
  "verschlimmern": -2,
  "verschlimmert": -2,
  "Verschlimmerung": -2,
  "verschmutzen": -2,
  "Verschmutzer": -2,
  "verschmutzt": -2,
  "Verschmutzung": -2,
  "verschoben": -1,
  "verschönern": 3,
  "verschraubt": -2,
  "verschwenden": -2,
  "verschwendet": -2,
  "verschwinden": -1,
  "verschwindet": -1,
  "verschwommen": -2,
  "Verschwörung": -3,
  "verschwunden": -1,
  "versehentlich": -2,
  "versklaven": -2,
  "versklavt": -2,
  "versöhnen": 2,
  "versöhnlich": 1,
  "versöhnt": 2,
  "verspätet": -1,
  "verspotten": -2,
  "verspottet": -2,
  "verspottete": -2,
  "Verspottung": -2,
  "versprechen": 1,
  "Versprechen": 1,
  "versprochen": 1,
  "Verstand": 2,
  "Verstärkung": 1,
  "verstecken": -1,
  "versteckt": -1,
  "versteckte": -1,
  "versteinert": -2,
  "Verstimmungen": -2,
  "Verstopfung": -2,
  "verstorben": -2,
  "Verstoß": -2,
  "verstößt gegen": -2,
  "versunken": 1,
  "Verteidiger": 2,
  "vertieft": 1,
  "Vertrauen": 2,
  "Vertrauenswürdige": 2,
  "vertreiben": -2,
  "vertreibt": -2,
  "Vertreibung": -1,
  "verunglimpfen": -2,
  "verunglimpft": -2,
  "verunglimpfte": -2,
  "verunreinigen": -2,
  "verunreinigt": -2,
  "Verunreinigung": -2,
  "Verunreinigungen": -2,
  "Verursacher": -2,
  "verurteilen": -2,
  "verurteilt": -2,
  "Verurteilung": -2,
  "vervollkommnet": 2,
  "verwechseln": -2,
  "verweigern": -2,
  "verweigert": -2,
  "Verweigerung": -2,
  "Verweis": -2,
  "verwerfen": -1,
  "Verwerfung": -1,
  "verwickelt": 2,
  "verwirft": -1,
  "verwirrend": -2,
  "verwirrt": -2,
  "verwischt": -2,
  "verwitwet": -1,
  "verworfen": -1,
  "verwundbar": -2,
  "verwüsten": -2,
  "Verwüstung": -2,
  "Verwüstungen": -2,
  "verzauberte": 2,
  "verzeihen": 1,
  "verzerren": -2,
  "verzerrenden": -2,
  "verzerrt": -2,
  "verzögern": -1,
  "Verzögerung": -1,
  "verzückt": 4,
  "verzweifelt": -3,
  "Verzweiflung": -3,
  "Verzweiflungen": -3,
  "victimizing": -3,
  "Vielen Dank": 2,
  "viktimisiert": -3,
  "vindicates": 2,
  "vindicating": 2,
  "virulent": -2,
  "Vision": 1,
  "visionär": 3,
  "Visionen": 1,
  "visioning": 1,
  "vital": -1,
  "Vitalität": 3,
  "Vitamin": 1,
  "voller Verehrung": 3,
  "Vordergrund": 1,
  "voreingenommen": -2,
  "vorgibt,": -1,
  "Vorladung": -2,
  "Vorliebe": 2,
  "vornehm": 2,
  "vorsichtig": 2,
  "vorspannen": -1,
  "Vorteil": 2,
  "Vorteile": 2,
  "vorteilhaft": 2,
  "Vorwürfe": -2,
  "Vorzüglichkeit": 3,
  "wachsam": 3,
  "wachsend": 1,
  "Wachstum": 2,
  "wackelig": -2,
  "Wagemut": 2,
  "wählerisch": -2,
  "Wahnsinn": -2,
  "wahnsinnig": -2,
  "Wahnsinnige": -3,
  "wahr": 2,
  "Wahrzeichen": 2,
  "warm": 1,
  "Wärme": 2,
  "warmherzig": 2,
  "warnen": -2,
  "warnt": -2,
  "Warnung": -3,
  "Warnungen": -3,
  "Webstuhl": -1,
  "Webstühle": -1,
  "wehrlos": -2,
  "Weihrauch": -2,
  "weinen": -2,
  "Weinen": -2,
  "weinend": -2,
  "Weisheit": 1,
  "wenig originell": -2,
  "Werber": -2,
  "wert": 2,
  "wertlos": -2,
  "Wertschätzung": 2,
  "wesentlich": 1,
  "wettbewerbsfähig": 2,
  "Wichser": -3,
  "wichtig": 2,
  "widerlich": -3,
  "widersprüchlich": -2,
  "widerwärtig": -2,
  "Wiederbelebungen": 2,
  "wiederherstellen": 1,
  "Wiederherstellung": 1,
  "Wiederherstellungen": 1,
  "wild": -1,
  "winterhart": 2,
  "winwin": 3,
  "Wirksam": 2,
  "Wirksamkeit": 2,
  "Witz": 2,
  "Witze": 2,
  "witziger": 4,
  "Wohlbefinden": 2,
  "Wohltäter": 2,
  "wohltätig": 2,
  "Wohlwollen": 3,
  "wohlwollend": 3,
  "wollen": 1,
  "woohoo": 3,
  "wooo": 4,
  "woow": 4,
  "wowow": 4,
  "wowww": 4,
  "Wrack": -2,
  "wtf": -4,
  "wtff": -4,
  "wtfff": -4,
  "Wucherungen": 2,
  "wund": -1,
  "Wunder": 4,
  "wunderbar": 4,
  "wunderlich": 1,
  "Wunsch": 1,
  "wünschen": 1,
  "wünschenswert": 2,
  "wünscht sich": 1,
  "Würde": 2,
  "würdig": 2,
  "würgend": -2,
  "wütend": -2,
  "wütend machen": -2,
  "xo": 3,
  "xoxo": 3,
  "xoxoxo": 4,
  "xoxoxoxo": 4,
  "zaghaft": -2,
  "zahlungsunfähig": -2,
  "zahnlos": -2,
  "zappelig": -2,
  "zärtlich": 3,
  "Zärtlichkeit": 2,
  "Zeloten": -2,
  "zensieren": -2,
  "zensiert": -2,
  "Zensur": -2,
  "zermalmt": -1,
  "zerquetschen": -1,
  "zerrissen": -2,
  "zerschlagen": -2,
  "zerstören": -3,
  "zerstört": -3,
  "Zerstörung": -2,
  "zerstreut": -2,
  "ziehen": -1,
  "zieht an": 1,
  "ziemlich": 1,
  "Zittern": -2,
  "zittrig": -2,
  "zögerlich": -2,
  "zögern": -2,
  "Zorn": -3,
  "zu Recht": 2,
  "zu Unrecht": -2,
  "züchtigen": -3,
  "züchtigt": -3,
  "Züchtigung": -3,
  "zufällig": -2,
  "zufrieden": 3,
  "zufügen": -2,
  "zufügt": -2,
  "zugänglich": 1,
  "zugelassen": -1,
  "zulassen": 1,
  "Zuneigung": 3,
  "zurückgeblieben": -2,
  "zurücktreten": -1,
  "Zusammenbruch": -2,
  "zusammengebrochen": -2,
  "Zusammenstoß": -2,
  "zuschlagen": -2,
  "Zuschüsse": 1,
  "zustimmen": 1,
  "Zustimmung": 2,
  "Zustimmungen": 2,
  "zuverlässig": 2,
  "Zuverlässigkeit": 2,
  "Zuversicht": 2,
  "zuversichtlich": 2,
  "zuvorkommend": 2,
  "zuzufügen": -2,
  "Zwang": -2,
  "Zwangsversteigerungen": -2,
  "Zwangsvollstreckung": -2,
  "zwecklos": -2,
  "zweckmäßig": 2,
  "Zweifel": -1,
  "zweifelhaft": -1,
  "zweifelnde": -1,
  "zwielichtigen": -2,
  "Zwietracht": -2,
  "zwingend notwendig": -1,
  "Zyniker": -2,
  "zynisch": -2,
  "Zynismus": -2
}