{
  "caphukisa": -2,
  "dumbiley": -1,
  "enza mandundu": -2,
  "eyodwa": -2,
  "fudusa": -1,
  "hlekisa": 3,
  "Kanyeaubomi": 3,
  "liqhitala": -2,
  "mangalisa": 2,
  "miwa": -2,
  "nemfesane": 2,
  "ngakholeleki": -1,
  "nganyamezeleki": -2,
  "ngcatsha": -3,
  "ngenakuxoleleka": -3,
  "ngenambulelo": -3,
  "ngenangxaki": 1,
  "ngenankathalo": -2,
  "ngqubana": -1,
  "ngummangaliso": 4,
  "nobuntwana": -2,
  "nokutshinizwa": -2,
  "nothando": 3,
  "nqanda": -1,
  "nqula": 3,
  "othusa": 3,
  "oyikeka": 4,
  "sisilima": -2,
  "sisiphithiphithi": -2,
  "thandekayo": 3,
  "velayo": 1,
  "xakisayo": -2,
  ", Ndalila": -2,
  "ababethanda": 2,
  "abachatshazelwe": -1,
  "abadimeleyo": -3,
  "abagulayo": -2,
  "abahlalutyi": -2,
  "abakhohlisayo": -3,
  "abakhubazekileyo": -2,
  "abakrelekrele": 2,
  "abalahlekisa ngayo": -3,
  "abalangazelela": 1,
  "Abamthiyayo": -3,
  "abanamandla": -2,
  "abanempembelelo": 2,
  "abangafezekanga": -2,
  "abangaphangeliyo": -1,
  "abangasiqondiyo": -2,
  "abangazi": -2,
  "abangekhoyo": -1,
  "abangenamakhaya": -2,
  "abanilulekayo": -2,
  "abanobuhlanga": -3,
  "abanomdla": 2,
  "abanqolobi": -2,
  "abanqwenela": 1,
  "abantu": 3,
  "abantu endandinomdla": -1,
  "abanye uhlobo": 0,
  "abanyhukulwa": -2,
  "abaphindezeli": -2,
  "abaqhankqalazi": -2,
  "abaqiniseki": -2,
  "abarhanelwa": -1,
  "abarhwaphilizi": -4,
  "abasemngciphekweni": -2,
  "abasetyenziswa": -1,
  "abasweleyo": -2,
  "abathandekayo": 2,
  "abatshinizi": -3,
  "abatyhafileyo": -2,
  "abavalelweyo": -2,
  "abavikivekileyo": -2,
  "abavukeli": -2,
  "abaxhaphaza": -3,
  "abaxhasi": 1,
  "abazi": -2,
  "abazimiseleyo": 1,
  "abazinikeleyo": 2,
  "abaziyalezayo": 2,
  "Abazobi": 2,
  "abenoburhalarhume": -2,
  "abenzi bobubi": -2,
  "abosulelwe": -2,
  "absolves": 2,
  "achazayo": 1,
  "achukumisayo": 3,
  "acocekileyo": 2,
  "acrimonious": -3,
  "adikwe": -3,
  "adores": 3,
  "adoringly": 3,
  "advantageously": 2,
  "affectionateness": 3,
  "affronted": -1,
  "afumileyo": 2,
  "afunge": -2,
  "afunyaniswa": 2,
  "aggravates": -2,
  "aggressions": -2,
  "agog": 2,
  "agonises": -3,
  "agungqise": -2,
  "agxekayo": -2,
  "ahlolayo": -2,
  "ahlonitshwayo": 2,
  "akabakho": -2,
  "akachasi": -2,
  "akadyakrazi": -2,
  "akafaneleka": -2,
  "akafanelekanga": -2,
  "Akafuni": 3,
  "akakholiswa": -2,
  "akakukhathalele": -2,
  "akakuqondi": -2,
  "akakwazi": -2,
  "akamazi": -2,
  "akanako": 2,
  "akathandwa": -2,
  "akaziphatha": -2,
  "akhalaze": -2,
  "akhawunti": -3,
  "akhe": 2,
  "akhohlisayo": -3,
  "akhuselwe": 1,
  "akhuthale": 2,
  "akon": 4,
  "akrokrisayo": -2,
  "akubonakali": -1,
  "akukho luvo": -1,
  "akukho mnandi": -3,
  "akulunganga": -2,
  "akusikhuphi": 2,
  "alarm": -2,
  "alarmists": -2,
  "Alexandra": -2,
  "alirhoxise": -1,
  "ally": 2,
  "aluphumelelanga": -2,
  "alwazi": -2,
  "amabanjwa": -2,
  "amabhaso": 3,
  "Amacebo": -2,
  "amadabi": -1,
  "amahlwempu": -2,
  "amakhoboka": -2,
  "amalungelo": 2,
  "amandla": 2,
  "amanene": 2,
  "amanwele": -3,
  "amanxeba": -1,
  "Amanxeba": -2,
  "amanxuwa": -2,
  "amanzi": -2,
  "amaphupha": 1,
  "amathamsanqa": 3,
  "amathandabuzo": -1,
  "amathemba": 2,
  "amathuba": 2,
  "amatsha": 1,
  "amaxhala": 2,
  "amaxhoba": -3,
  "amaxoki": -3,
  "amayeyeye": 2,
  "ambalwa": 2,
  "amkele": 1,
  "amncome": 3,
  "amoyika": 2,
  "amqumbele": -2,
  "amrholela": -1,
  "amxokayo": -2,
  "ancina": -2,
  "ancinwe": -1,
  "andahexa": -1,
  "Andidibani": -2,
  "andifaneleki": -2,
  "Andimthandi": -2,
  "andisa": 1,
  "andisebenzi": -3,
  "andithandi": -2,
  "aneembono": -2,
  "anezikrokro": -2,
  "angama": -1,
  "angaphefumlelwanga": -2,
  "angayithatheli": -1,
  "angaziphathanga kakuhle": -2,
  "angcatshwa": -3,
  "angoneli": -2,
  "anibandezele": -3,
  "anodaka": -2,
  "anti": -1,
  "antywiliselwe": -2,
  "anxibe iingubo": -2,
  "anxunguphale": -2,
  "anyanisekileyo": 2,
  "anyhashwe": -2,
  "anyotywa": -3,
  "apeshit": -3,
  "aphazamisa": -2,
  "aphazamise": -2,
  "aphefumlelweyo": 2,
  "aphumeze": 2,
  "aqinisekisayo": 2,
  "aqondele": -2,
  "arsehole": -4,
  "asabe": -1,
  "asebenzisana": -3,
  "aseItali": -2,
  "asethi": 2,
  "asifakwanga": -2,
  "asikuko": -3,
  "asithandwa": -2,
  "asiziphathi": -2,
  "asizixakekisi": -2,
  "assfucking": -4,
  "astoundingly": 3,
  "athembekileyo": 3,
  "athethelele": 2,
  "atolikwe gwenxa": -2,
  "atyhwatyhwe": -2,
  "aura": 1,
  "avalelwe": -2,
  "avalwa": -2,
  "avume": -2,
  "avuza": -1,
  "awalahle": -1,
  "awayenayo": -2,
  "awayevuya": 3,
  "awileyo": -2,
  "awona": -2,
  "awoyisa": 3,
  "awugqithile": -2,
  "Awunakuqinisekisa": 1,
  "awuqinisekanga": -1,
  "awuvumelani": -2,
  "axed": -1,
  "axhalabe": -3,
  "axhaphaze": 4,
  "ayaphela": -2,
  "ayasivuselela": 2,
  "ayebambeke": 1,
  "ayengenalo": -2,
  "ayibuyiseki": -1,
  "ayihambisani": -2,
  "ayihombise": 3,
  "ayijongele": -2,
  "ayikhuselekanga": -2,
  "ayikukhuthazi": 2,
  "ayilandeleki": -2,
  "ayimbatshi": 2,
  "ayinakutshintshwa": -3,
  "ayinamdla": -3,
  "ayinyamezeleki": -2,
  "ayiphumelelanga": -2,
  "ayiphumi engqo": -3,
  "ayisebenzi": -2,
  "ayithiyileyo": -3,
  "ayiyithandi yadlala": 4,
  "azanelanga": -2,
  "Azazele": -2,
  "azilibhidanisi": -2,
  "azimiseleyo": 2,
  "azincedi": 3,
  "aziqali": -2,
  "azithandayo": 2,
  "aziwuthi": -2,
  "azixhaswanga": -2,
  "azole": 2,
  "Babambana": -3,
  "Babebuhlungu": -2,
  "babevutha": -2,
  "baboniswa": -1,
  "baboniswe": -1,
  "babulawa": -3,
  "bacaphuka": -2,
  "bacinezela": -3,
  "badass": -3,
  "badla": -2,
  "bafanelwe": 2,
  "bagatya": -2,
  "bagwetywe": -4,
  "bagxeka": -2,
  "bagxotha": -2,
  "bahleke": 3,
  "bahluphekayo": -2,
  "bakhalaza": -2,
  "bakhanyiselwa": 2,
  "bakhupha kwi": -2,
  "bakhutshwe": -1,
  "bakrelekrele": 2,
  "bakwimida": -3,
  "balahlekise": -3,
  "balinqabisa": 2,
  "balithandayo": 2,
  "Balumkele": -2,
  "bamaxhaphetshu": -1,
  "bamba": -2,
  "bambana": -3,
  "bamboozle": -2,
  "bamboozled": -2,
  "bamboozles": -2,
  "bambulisa": 2,
  "bamchasa": -2,
  "bamele": -1,
  "bamgxeke": -2,
  "bamoya": -2,
  "bamoyikayo": -2,
  "Bamqumbisa": -3,
  "bamshiya": -2,
  "Bamxokisa": -2,
  "banale": -2,
  "baneenkani": -2,
  "banenzondelelo": 2,
  "bangadakumbi": -2,
  "bangela umsindokazi": -2,
  "bangenamandla": -2,
  "banikela": 2,
  "banikele": 2,
  "bankster": -3,
  "bankwantya": -2,
  "banxila": -2,
  "banzi": 2,
  "baphazamise": -2,
  "baphazamiseka": -2,
  "baphethwe": -2,
  "barhoxa": -1,
  "basenokuyithandabuza": -2,
  "basindiswe": 2,
  "basiwa": -2,
  "batshutshise": -1,
  "batshutshiswa": -2,
  "batyakatywa": -4,
  "batyhefwa": -2,
  "batyityimbiselw": -2,
  "bavu": -2,
  "bavuya": 5,
  "bavuyiswa": 3,
  "bawonakalisayo": -2,
  "baxa": -2,
  "baxhamla": 2,
  "baxhaswa": 2,
  "baxhomekeke": 2,
  "bayafa": -3,
  "bayancwina": -2,
  "bayathandabuza": -2,
  "bayavuma": -1,
  "bayazihleka": -2,
  "bayazikhupha": 2,
  "bayeka": -2,
  "bayeke": -1,
  "bazibandakanye": 1,
  "baziintshaba": -2,
  "bazive": 3,
  "bebaleka": -1,
  "bebamb": 3,
  "bebe": -2,
  "bebekwa": -2,
  "bebengaxolanga": -2,
  "bebeyisebenzisa": -2,
  "becaphuka": -2,
  "bedanduluka": -2,
  "bedidekile": -2,
  "befumene": 2,
  "bekhubeka": -2,
  "bekhululekile": 2,
  "bekhwankqiswa": 2,
  "bekumzuzu": 2,
  "bemdumisa": 3,
  "bemkhanyela": -2,
  "bemsinekela": -2,
  "bengabalulekanga": -2,
  "bengcangcazela": -2,
  "bengekho": -1,
  "bengenamsebenzi": -2,
  "bengenzi": -1,
  "benyanzelisa": -1,
  "bephila": 1,
  "beqinile": 2,
  "besaphula": -2,
  "besenza": 1,
  "besonwabela": 2,
  "bethotyiwe": -3,
  "bethuka": -2,
  "betyhafiswa": -2,
  "bevuya": 4,
  "bevuyelela": 4,
  "bexhaphaza": -3,
  "bha બુલેટવાળી": -2,
  "bitterest": -2,
  "blackmailed": -3,
  "blackmails": -3,
  "blah": -2,
  "blockbuster": 3,
  "bobuxoki": -1,
  "bokukhetha": 2,
  "bolile": -3,
  "bolonwabo": 3,
  "bomda": 2,
  "bondele": -2,
  "bonwabileyo": 3,
  "bothersome": -2,
  "boycotted": -2,
  "boyika": -2,
  "boyiswa": -2,
  "braveness": 2,
  "bravura": 3,
  "brilliances": 3,
  "brilliant": 4,
  "brisk": 2,
  "buboya": -1,
  "bubudenge": -2,
  "bubugeza": -3,
  "bubugwala": -2,
  "bubunewunewu": -2,
  "bugoxo": -2,
  "buhlile": 3,
  "buhlu": -2,
  "buhlungu": -2,
  "bulala": -3,
  "bulela": 2,
  "bulima": -2,
  "bulisa": 2,
  "bullshit": -4,
  "bulungileyo": 3,
  "bummer": -2,
  "bundlobongela": -2,
  "bungasebenziyo": -2,
  "buthathaka": -2,
  "buthintela": -2,
  "buthuntu": -2,
  "Butshone": 2,
  "buvuvu": -2,
  "buxakaniseke": -2,
  "buya umva": -1,
  "buyisela": 1,
  "buze": -2,
  "cala": 2,
  "calulo": -2,
  "caphuka": -3,
  "caphukisa": -2,
  "cebisa": 2,
  "chagrined": -2,
  "Charisma": 2,
  "charmingly": 3,
  "charmless": -3,
  "chasene nendlela eyiyo yokucinga": -2,
  "cheater": -3,
  "cheats": -3,
  "cheerless": -2,
  "chic": 2,
  "chides": -3,
  "choisir": -2,
  "clueless": -2,
  "cocksucker": -5,
  "cocksuckers": -5,
  "cocky": -2,
  "cokisa": 1,
  "conciliated": 2,
  "conciliates": 2,
  "conciliating": 2,
  "conflictive": -2,
  "congrats": 2,
  "consolable": 2,
  "convivial": 2,
  "courageousness": 2,
  "coziness": 2,
  "crazier": -2,
  "craziest": -2,
  "crazy": -2,
  "crestfallen": -2,
  "criminated": -3,
  "criminates": -3,
  "cunt": -5,
  "cute": 2,
  "cwinana": 2,
  "damn abaziinzwana": 3,
  "damn eyona": 4,
  "damn kulungile": 4,
  "danisa": -2,
  "daredevil": 2,
  "dauntless": 2,
  "debonair": 2,
  "defrauds": -3,
  "dehumanize": -2,
  "dehumanized": -2,
  "dehumanizes": -2,
  "deject": -2,
  "dejects": -2,
  "delela": -1,
  "Demethi": -2,
  "demoralizes": -2,
  "denier": -2,
  "deniers": -2,
  "deploring": -3,
  "deports": -2,
  "derails": -2,
  "detracted": -1,
  "diffident": -2,
  "diki": -3,
  "dilligence": 2,
  "diniwe": -2,
  "dipshit": -3,
  "direful": -3,
  "dirtier": -2,
  "dirtiest": -2,
  "disapprovals": -2,
  "disconsolation": -2,
  "disgustful": -3,
  "disparages": -2,
  "dodging": -2,
  "dolorous": -2,
  "douche": -3,
  "dour": -2,
  "Downer": -2,
  "droopy": -2,
  "drowns": -2,
  "dubula": -1,
  "dumile": 2,
  "dupe": -2,
  "dupery": -2,
  "dyobheka": -2,
  "ebalulekileyo": 2,
  "ebekwe": -1,
  "ebhenca": -1,
  "ebingalingi": 2,
  "ebonakalayo": 1,
  "ebubudenge": -2,
  "ebugxwayibeni": -3,
  "ebuhlungu": -2,
  "ebukhobokeni": -3,
  "ebuthe": -2,
  "ecacileyo": 1,
  "ecaphukisayo": -2,
  "echwayithileyo": 3,
  "ecocekileyo": 1,
  "ecubhukile": -2,
  "edakumbile": -2,
  "edandathekileyo": -2,
  "edidayo": -1,
  "edlamkileyo": 1,
  "eery": -2,
  "efanelekileyo": 2,
  "efihla": -1,
  "efikelela": 1,
  "efowunini": 1,
  "efudumeleyo": 1,
  "efundisayo": 2,
  "egabadeleyo": -2,
  "egcweleyo": -1,
  "egxotha": -2,
  "egxugxileyo": -3,
  "ehlasela": -1,
  "ehlazisayo": -2,
  "ehleka": 1,
  "ehlekisayo": 2,
  "eish": -2,
  "ekhubekisayo": -2,
  "ekhululekile": 2,
  "ekhupha": -2,
  "ekhuselekileyo": 1,
  "ekhuthazayo": 2,
  "ekomelezeni": 2,
  "ekrakra": -2,
  "ekrwada": -1,
  "ekrwitshiweyo": -2,
  "ekucaphukisayo": -2,
  "ekufikeleleni": 1,
  "ekufikelelwe": 1,
  "ekukhathaza": -3,
  "ekukhuthazeni": 1,
  "ekumnikeni": -2,
  "ekuncedeni": 2,
  "ekungxolisa": -2,
  "ekunyaniseni": 1,
  "ekunyuseni": 1,
  "ekuphuculeni": 2,
  "ekuqinisekiseni": 1,
  "ekutsaleni": 2,
  "ekuvezeni": -2,
  "ekuvunyelwene": 1,
  "ekuxhaseni": 1,
  "ekwabelwana": 1,
  "ekwanti": -1,
  "elambileyo": -2,
  "elibanalo": -2,
  "elibi": -2,
  "elidityanisiweyo": 1,
  "elidumileyo": 3,
  "elihlazo": -2,
  "elihle": 2,
  "elikhabayo": -2,
  "elikhokelayo": 2,
  "elila": -2,
  "elilolo": -2,
  "elilwa": -2,
  "elimnqakathi": -2,
  "elingakwaziyo": -2,
  "elingaqondakaliyo": -1,
  "elingonanga": -2,
  "elinye": -1,
  "eliphangaleleyo": 1,
  "eliphilileyo": 2,
  "eliqaqambileyo": 1,
  "eliqingqiweyo": -1,
  "elithozamisayo": 2,
  "elizukileyo": 2,
  "eloyikekayo": -2,
  "elungeleleneyo": 1,
  "eluntwini": 2,
  "emabiIzayakaku": -2,
  "emangalisayo": 4,
  "emanyeneyo": 1,
  "emanyumnyezi": -3,
  "embarrasses": -2,
  "embi": -2,
  "emhlanzweni": -3,
  "emihle": 3,
  "emiselwe": 2,
  "emkholisayo": 2,
  "empoxo": -1,
  "emzileni": -2,
  "encwina": -2,
  "Encyclopaedia ithi": -3,
  "endalo": 1,
  "endizikhumbulayo": 3,
  "enemifanekiso": 2,
  "enencasa": 3,
  "enengxolo": -1,
  "enetyala": -2,
  "engacacanga": -1,
  "engafanelekanga": -2,
  "engafumanekiyo": -1,
  "engafunwayo": -2,
  "engakhuselekanga": -2,
  "engakhuselwanga": -2,
  "engalunganga": -2,
  "engamanxuwa": -2,
  "engamkelekanga": -2,
  "engaphekisiswanga": -2,
  "engaphelelanga": -1,
  "engaqhelekanga": -1,
  "engasasetyenziswayo": -2,
  "engatyhilekanga": -2,
  "engavunywanga": -2,
  "engazibaxi": -2,
  "engcolileyo": -2,
  "engenamazinyo": -2,
  "engenamkhethe": 2,
  "engenanzuzo": -2,
  "engenazimpazamo kwaye": 2,
  "engento": -2,
  "engeyonyaniso": -2,
  "engogwetyiweyo": -2,
  "engqushiweyo": -2,
  "engrossing": 3,
  "engxakini": -2,
  "engxamisekileyo": -1,
  "engxoliswa": -2,
  "eninzi": -2,
  "enixabana": -1,
  "enkohliso": -3,
  "enkosi": 2,
  "enkulu": 3,
  "enkwantyisayo": -2,
  "ennui": -2,
  "enobushushu": -3,
  "enokubaxaka": -3,
  "enokufikelelwa": 1,
  "enokugculelwa": -3,
  "enomtsalane": 2,
  "enorhatyazo": -1,
  "enqwena": 3,
  "enqwenelekayo": 2,
  "enrage": -2,
  "enrages": -2,
  "enrapture": 3,
  "entle": 3,
  "entolongweni": -2,
  "entshabalalo": -3,
  "entsonkothe": 2,
  "enukayo": -2,
  "enxunguphele": -2,
  "enye": -2,
  "enza into ibe yeyexesha lanamhlanje": 2,
  "enze": 1,
  "Ephakamileyo": 4,
  "ephawulekayo": 2,
  "ephazamisana": -2,
  "ephelelweyo": -1,
  "ephelisa": 1,
  "ephembelela": -2,
  "ephika": -2,
  "ephikisayo": -2,
  "ephosakeleyo": -2,
  "Ephuhliswe kakuhle": 2,
  "eqhwaba": 2,
  "eqinileyo": 2,
  "eqwengiweyo": -2,
  "erhoxisa": -1,
  "ErrorUndefined": -3,
  "ErrorWithTranslation": 3,
  "es": -2,
  "esalela": -2,
  "esalelweyo": -2,
  "esebenzayo": 1,
  "esekhosi": -2,
  "esentloko": 1,
  "esentlungwini": -3,
  "eshotayo": -2,
  "eshukumayo": 3,
  "esibhedlele": -2,
  "esikwaziyo": 1,
  "esile": -4,
  "esingangxengelelweyo": 1,
  "esingathembisiyo": -3,
  "esingelwe phantsi": 3,
  "esiphanzisayo": -2,
  "esisebenzayo": 2,
  "esisihange": -2,
  "esisongela": -2,
  "esiwa": -1,
  "esonakala": -2,
  "esondeleyo": -1,
  "esongamileyo": 2,
  "esongela": -2,
  "esoniwa": -2,
  "esothusayo": -2,
  "esoyika": -2,
  "esulungekisiweyo": 1,
  "etele": -1,
  "ethandaza": 1,
  "ethandeka": 2,
  "ethandwayo": 3,
  "ethembekileyo": 2,
  "ethimla": -2,
  "etrongweni": -2,
  "etsala": 1,
  "etshis": -2,
  "etyekele": -2,
  "etyetyisiweyo": -2,
  "etyhola": -2,
  "euphoric": 4,
  "evacuates": -1,
  "evakalala": -3,
  "evalela": -1,
  "evergreen": 2,
  "evergreening": -3,
  "evunyiweyo": 2,
  "evutha": 2,
  "ewasebenzisa": -2,
  "ewe": 1,
  "ewuvusa": 2,
  "exasparate": -2,
  "exasperates": -2,
  "exhilarates": 3,
  "exonerates": 2,
  "exonerating": 2,
  "exoxa": -2,
  "exuberant": 4,
  "eyagqugqisa": -3,
  "eyamkelekileyo": 1,
  "eyamkelweyo": 1,
  "eyane": -2,
  "eyayimele": 2,
  "eyenyanyekayo": -3,
  "eyibambile": 2,
  "eyilawula": -2,
  "eyinjubaqa": -2,
  "eyo": -2,
  "eyona": 3,
  "eyonakeleyo": -3,
  "eyonqenayo": -1,
  "eyothusayo": 4,
  "eyoyikekayo": 3,
  "eyoyikisayo": -3,
  "ezasuka": -2,
  "ezaziqhube": -2,
  "ezibakho": -2,
  "ezibengezelayo": 3,
  "ezibenza": -2,
  "ezibiweyo": -2,
  "eziboniswe": -2,
  "ezichaseneyo": -2,
  "ezichithakeleyo": -2,
  "ezicinezelayo": -2,
  "ezidimazayo": -2,
  "ezidodobalisa": -2,
  "ezifana": 2,
  "ezifanelekileyo": 2,
  "ezifikelelekayo": 2,
  "ezihlelelekileyo": -2,
  "ezihluphekileyo": -2,
  "ezikrelekrele": 2,
  "ezilahlekileyo": -3,
  "ezilizothe": -3,
  "ezilumezayo": -2,
  "ezilungele": 2,
  "ezilusizi": -2,
  "ezilwa": -2,
  "ezimangalisayo": 3,
  "ezimanyumnyezi": -3,
  "ezimaxongo": -3,
  "ezinga qhelekanga": -2,
  "ezingafanelekanga": -2,
  "ezinganqwenelekiyo": -2,
  "ezingaqinisekiswanga": -1,
  "ezingathandekiyo": -2,
  "ezingathethekiyo": -2,
  "ezingavumelani": -2,
  "ezingcolisa": -2,
  "ezingcolisekileyo": -2,
  "ezingemnandi": -2,
  "ezingenakulungiswa": -2,
  "ezingenangqondo": -1,
  "ezingenanto": -1,
  "ezingeyiyo": -2,
  "ezingeyonyani": -2,
  "ezingquzulanayo": -2,
  "ezingqwabalala": -2,
  "ezinkundleni": -2,
  "ezinoku": -2,
  "ezinokugcwala": -2,
  "ezinqanda": -1,
  "ezintle": 2,
  "ezintsha": 2,
  "ezintsonkothileyo": 2,
  "ezinzileyo": 2,
  "ezinzulu": -2,
  "eziphanzileyo": -2,
  "eziphawulekayo": 2,
  "eziphazamisayo": -2,
  "eziphethe": 2,
  "eziphosakeleyo": -2,
  "eziphunyeziweyo": 2,
  "eziqaqambileyo": 3,
  "eziqhuba": -2,
  "ezisilelayo": -2,
  "ezisola": -2,
  "ezithandekayo": 3,
  "ezithile": 1,
  "ezivunyiweyo": 2,
  "ezixhamla": 2,
  "eziyityhefu": -3,
  "ezolile": 2,
  "ezolileyo": 2,
  "ezomeleleyo": 2,
  "ezonakalisayo": -3,
  "ezonakalisile": -2,
  "ezosulelayo": -1,
  "ezothusayo": -2,
  "fagots": -3,
  "Faker": -3,
  "fakes": -3,
  "Faking": -3,
  "fatigues": -2,
  "favorited": 2,
  "favourited": 2,
  "felonies": -3,
  "fervid": 2,
  "fiasco": -3,
  "flagship": 2,
  "flop": -2,
  "forgettable": -1,
  "fraudulence": -4,
  "frikin": -2,
  "frisky": 2,
  "ftw": 3,
  "fuckers": -4,
  "fuckface": -4,
  "fuckhead": -4,
  "fuckin": -4,
  "fucktard": -4,
  "FUD": -3,
  "fuked": -4,
  "fuking": -4,
  "fun": -3,
  "funky": 2,
  "funnier": 4,
  "gallantry": 3,
  "gametshintsha": 3,
  "gap": -2,
  "gcina": 2,
  "gem": 3,
  "genial": 3,
  "glamourous": 3,
  "glum": -2,
  "goddamn": -3,
  "godsend": 4,
  "goofiness": -2,
  "Goofy": -2,
  "gqitha": 3,
  "Gquma": -3,
  "Grand": 3,
  "greenwash": -3,
  "greenwasher": -3,
  "greenwashers": -3,
  "greenwashing": -3,
  "grisly": -2,
  "grogrisa": -2,
  "gugile": -1,
  "gwenxa": -2,
  "gwenxa na": -3,
  "gxa": -2,
  "gxotha": -2,
  "gxotha elizweni": -2,
  "ha": 2,
  "haha": 3,
  "hahaha": 3,
  "hahahah": 3,
  "haleluya": 3,
  "hamba uphume": -2,
  "haplessness": -2,
  "haunted": -2,
  "hayi": -1,
  "Hehe": 2,
  "hellish": -2,
  "heroes": 2,
  "hilarious": 2,
  "hlaba": -2,
  "hlawula": -1,
  "hlaziya": 2,
  "hle kakhulu": 3,
  "hleka": 1,
  "hleka kakhulu": 3,
  "hlekisa": 4,
  "hlupheka": -2,
  "hlwazayo": 3,
  "holoholo": -1,
  "huckster": -2,
  "Humbug": -2,
  "humerous": 3,
  "hurray": 5,
  "hysterics": -3,
  "idumbass": -3,
  "Ibatyakatye": -3,
  "ibengezela": 3,
  "ibengezelayo": 3,
  "ibhaso": 3,
  "ibhloko": -1,
  "ibhokisi": -4,
  "ibhombu": -1,
  "ibingena": 2,
  "ibingezozilumkiso": -1,
  "ibiyonakalisile": -3,
  "ibuyisele": 1,
  "ibuyiselo": 2,
  "icacisa": 2,
  "icala": -1,
  "Icala": -2,
  "icky": -3,
  "idabi": -1,
  "idambisa": 2,
  "idayimani": 1,
  "idikiwe": -3,
  "idiocy": -3,
  "idouchebag": -3,
  "ifeni": 3,
  "ifihla": -1,
  "ifiva": -2,
  "iflopsi": -2,
  "igcinwe": -1,
  "igolide": 2,
  "igqekeziwe": -1,
  "igqiba": 1,
  "igranti": 1,
  "igubha": -2,
  "igunya": 1,
  "igwala": -2,
  "igwebela": -2,
  "iHaiti": -4,
  "ihenyukazi": -4,
  "ihlazo": -2,
  "iibhloko": -1,
  "iilahleko": -3,
  "iimbambano": -2,
  "iimbandezelo": -2,
  "iimpahla": 1,
  "iimpahla cool": 3,
  "iimpawu": 2,
  "iimpazamo": -2,
  "iimpembelelo": 2,
  "iincindi": 1,
  "iincopho": 2,
  "iindumiso": 3,
  "iingenelo": 2,
  "iingeniso": 2,
  "iingozi": -2,
  "iingwanyalala": 2,
  "iingxaki": -2,
  "iinkalo": 2,
  "iinkunkuma": -1,
  "iintanda": -2,
  "iintlekele": -2,
  "iintloni": -2,
  "iintshaba": -2,
  "iintsikelelo": 3,
  "iintsilelo": -2,
  "Iintuthuzelo": 2,
  "iinyembezi": -2,
  "iinzuzo": 2,
  "ijongela": -2,
  "ikaka": -3,
  "ikhoboka": -3,
  "ikhomishoni": -3,
  "ikhosi": 1,
  "ikhubaze": -1,
  "ikhuthaza": 2,
  "ikukhathaza": -2,
  "ikuphwe": -1,
  "ilahleko": -3,
  "ilingane": 1,
  "ilishwa": -2,
  "ilityalwe": -1,
  "Ilula": 2,
  "ilumkisa": -2,
  "ilungiswe": 1,
  "imali": 1,
  "imangalisa": 2,
  "imbambano": -2,
  "imbandezelo": -2,
  "imbasa": 3,
  "imbeko": 2,
  "imbi": -3,
  "imboni": 3,
  "imenyu": -1,
  "imfazwe": -1,
  "imfesane": 2,
  "imfezeko": 3,
  "imfuneko": -1,
  "imibono": 1,
  "imibuliso": 2,
  "imicimbi": 1,
  "imida": -1,
  "imilomo": -2,
  "imincili": 3,
  "imingcipheko": -2,
  "imingcwabo": -1,
  "iminqweno": 1,
  "imiphumela": -2,
  "imiqobo": -2,
  "imisindo": -3,
  "imithi eluhlaza": 2,
  "imithwalo": -2,
  "imizabalazo": -2,
  "Imnandi": 4,
  "impambano": -2,
  "impazamo": -2,
  "impeachment": -3,
  "impeachments": -3,
  "impedingly": -2,
  "impikiswano": -2,
  "impindezelo": -2,
  "imposiso": -2,
  "imposter": -2,
  "impumelelo": 3,
  "imthobe": -2,
  "imvisiswano": 2,
  "imvukelo": -2,
  "imvume": 2,
  "inabela": 1,
  "incanca": -4,
  "inceba": 2,
  "inceda": 2,
  "incensing": -2,
  "inciphise": -2,
  "incoma": 2,
  "incwina": -2,
  "indlala": -2,
  "indoctrinate": -2,
  "indoctrinates": -2,
  "indoctrinating": -2,
  "indumiso": 3,
  "indyebo": 2,
  "inediable": -2,
  "ineffectively": -2,
  "infantilized": -2,
  "infesting": -2,
  "infests": -2,
  "infracted": -2,
  "infracting": -2,
  "infracts": -2,
  "infuriates": -2,
  "inganiki": -2,
  "ingaqwalaselwa": -2,
  "ingazaliseki": -2,
  "ingcaciso": 2,
  "ingcaphuko": -3,
  "ingcinezelo": -2,
  "ingcinga": -2,
  "ingcwaba": -2,
  "ingozi": -2,
  "Ingozi": -2,
  "ingqalelo": 2,
  "ingqongqo": -1,
  "ingqumbo": -2,
  "ingqungquthela": -1,
  "ingumqobo": -2,
  "ingxabano": -2,
  "ingxaki": -1,
  "ingxe": -3,
  "Inja": -5,
  "injakazi": -5,
  "inkantsi": -1,
  "inkathalo": 2,
  "inkathazo": -1,
  "inkohliso": -3,
  "inkqubela": 2,
  "inkuku": -5,
  "inkulu": 3,
  "inkululeko": 2,
  "inkunkuma": -1,
  "inkuthazo": 2,
  "inkxaso": 2,
  "innovates": 1,
  "inokutshatyalaliswa": 2,
  "inoob": -2,
  "inoveli": 2,
  "intabatheko": 2,
  "intanda": 3,
  "intiyo": -3,
  "intlahla embi": -2,
  "intlantsi": 1,
  "intle": 3,
  "intle kakhulu": 4,
  "intlekele": -2,
  "intloko ebuhlungu": -2,
  "intlonipho": 2,
  "intlungu": -2,
  "intolongo": -2,
  "intransigence": -2,
  "intransigency": -2,
  "intshabalalo": -3,
  "intshatsheli": 2,
  "intshi": -2,
  "intsikelelo": 3,
  "intsilelo": -2,
  "intsinda": 1,
  "intsomi": -1,
  "intswelo": -2,
  "intuthuzelo": 2,
  "inyala": -2,
  "inyanzelekile": -1,
  "inyanzelisa": -1,
  "inzaliseko": 2,
  "inzondelelo": 3,
  "inzuzo": 2,
  "iparadesi": 3,
  "iphucula": 2,
  "iphumeza": 2,
  "iphupha": 1,
  "iqatsele": -2,
  "iqhawe": 2,
  "iqhubele": -3,
  "iqine": 2,
  "iqinisekisa": 1,
  "iqinisiwe": 2,
  "irhoxisiwe": -1,
  "irreproducible": -2,
  "irresolute": -2,
  "isabela": -2,
  "isabelo": 1,
  "isacholo": 1,
  "isamani": -2,
  "iSGB": 2,
  "isibetho": -1,
  "isibindi": 2,
  "isicoci": 2,
  "isidima": 2,
  "isidumbu": -1,
  "isifo": -1,
  "isifotho": -2,
  "isigqebelo": -1,
  "isigulo": -2,
  "isigwebo": -1,
  "isihogo": -4,
  "isijwili": -2,
  "isikhalazo": -2,
  "isikhalo": -1,
  "isikrelemnqa": -4,
  "isileshi": -2,
  "isiliphu": -1,
  "isilumkiso": -1,
  "isimnini": -2,
  "isindisa": 4,
  "isinyobo": -3,
  "isiphako": -2,
  "isiphango": 2,
  "isiphazamiso": -2,
  "isiphendu": -2,
  "isiphene": -3,
  "isiphithiphithi": -2,
  "isipho": 2,
  "isiphoso": -3,
  "isiphukuphuku": -3,
  "isiporho": -1,
  "isiqalekiso": -1,
  "isiqhulo": 2,
  "isiqhumiso": -2,
  "isiqinisekiso": 1,
  "isisa": 2,
  "isisifo": -3,
  "isisombululo": 2,
  "isisulu": 2,
  "isitali": 2,
  "isithembiso": 1,
  "isithintelo": -2,
  "isithonga": -2,
  "isithuko": -2,
  "isityholo": -2,
  "isiva": -2,
  "isivumelwano": 1,
  "isixando sokwenziwa": -1,
  "isixhobo": -1,
  "isiyoliso": 1,
  "isizathu": -1,
  "isizondelelo": -1,
  "isohlwayo": 2,
  "isono": -2,
  "isoyikiso": -2,
  "ispemu": -2,
  "istres": -1,
  "italente": 2,
  "ithambileyo": -2,
  "ithemba": 2,
  "ithenda": 2,
  "ithintelwe": -1,
  "ithuba": 2,
  "ithumba": -2,
  "itshitshiswe": -2,
  "ityala": 1,
  "ityhefu": -2,
  "ive": -3,
  "ivithamini": 1,
  "ivuselele": 1,
  "iWeb": -1,
  "ixabiso": 2,
  "ixesha": -2,
  "ixesha elizayo": -2,
  "ixhala": -2,
  "ixhalabisayo": -3,
  "ixhamla": 2,
  "ixhoba": -3,
  "ixoki": -3,
  "iyabagxotha": -2,
  "iyahlozinga": -2,
  "iyakukhathaza": -2,
  "iyakuthintela": -1,
  "iyamxabisa": 2,
  "iyana": -1,
  "iyancwina": -2,
  "Iyandikhathaza": -1,
  "Iyandikruqula": -3,
  "iyaphumelela": 3,
  "iyelenqe": -3,
  "iyishiye": -2,
  "iyoyikeka": -3,
  "izabelo": 1,
  "izakugcinwa": 1,
  "izembe": -1,
  "izibetho": -3,
  "izifo": -1,
  "izigulo": -2,
  "Izikali": -3,
  "izikhalazo": -2,
  "izikhalo": -2,
  "izikhumba": -1,
  "Izikhuseli": 2,
  "izilumkiso": -3,
  "izimbo": -3,
  "izingcolisi": -2,
  "izinto ezikhula": 2,
  "iziphene": -3,
  "iziqhulo": 2,
  "izisombululo": 1,
  "izisongelo": -2,
  "izithembiso": 1,
  "izithuko": -2,
  "izityholo": -2,
  "izivakalisi": -2,
  "izohlwayo": -2,
  "izono": -2,
  "izulu": 2,
  "izuze": -2,
  "jackass": -4,
  "jackasses": -4,
  "jaunty": 2,
  "jesus": 1,
  "jika": -1,
  "jocular": 2,
  "jolly": 2,
  "jongelwe phantsi": -2,
  "jovial": 2,
  "joyina": 1,
  "joyous": 3,
  "kaJona": 2,
  "kakhulu": 3,
  "kakubi": -2,
  "kakuhle": 2,
  "kakuhleesekwe": 2,
  "kakuhleimile": 2,
  "kakuhlentle": 2,
  "kakuhlezijolise": 2,
  "kakuhle abanembeko": 2,
  "kakuhle ekumeni nkqo": -2,
  "kakuhle waso": 3,
  "kanjalo": 0,
  "kanti ndonakalisa": -2,
  "karhataka": -2,
  "kaZuma": -2,
  "kelele": 2,
  "kelwa": -2,
  "khadi": -2,
  "khala": -2,
  "khalaza": -3,
  "khamnqa": 3,
  "khathazekile": -2,
  "kho": -2,
  "khpoyinti": 1,
  "khulula": 1,
  "khululi": 1,
  "khululwe": -1,
  "khumbula": -2,
  "khumbula ikhaya": -2,
  "khuphela ngaphandle": -1,
  "khusela": 1,
  "khuthaza": 2,
  "khuthazwa": 2,
  "khwa": -2,
  "kobumhlophe": 2,
  "kohlwaywa": -2,
  "kokubulala": -3,
  "kokufuna": -2,
  "kokulibazisa": -1,
  "kokuva": 1,
  "koloyiko": 2,
  "kombono": 3,
  "komdlali": -3,
  "komore": -3,
  "koyikisa": -1,
  "krwada": -2,
  "kubabethi": -2,
  "kubambana": -1,
  "kubethelela": 3,
  "kubhenca": -1,
  "kubhiyozela": 3,
  "kubhuqwa": -2,
  "kubi": -2,
  "kubuhlungu": -2,
  "kubunewunewu": 2,
  "kucamngca": 1,
  "kucetyiswa": 2,
  "Kucingeleka": -1,
  "kuconjululwa": 1,
  "kudana": -2,
  "kudelekile": -2,
  "kudos": 3,
  "kufa": -3,
  "kufiphale": -2,
  "kufunwa": -1,
  "kugcoba": 3,
  "kugcuma": -3,
  "kugwetywa": -2,
  "kugxobha": -2,
  "kuhlaselo": -1,
  "kuhle": 4,
  "kujongele": -2,
  "kukhuseleke": 2,
  "kukhuthaza": 2,
  "kukhuthazwa": 1,
  "kuku": -3,
  "kukucaphukisa": -3,
  "kukunqulwa": 3,
  "kukuphelelwa": -1,
  "kukuphumelela": 3,
  "kukurhaxa": -2,
  "kukuthintele": -2,
  "kukuva": -2,
  "kukuxenga": -2,
  "kukuzingca": -3,
  "kukwaphula": -2,
  "kulahla": -1,
  "kulahlwa": -2,
  "Kulawo": 2,
  "Kulindelwe": -1,
  "kulungile": 3,
  "kulungile yadlala": 4,
  "kumaxesha": -2,
  "kumbhodamo": 2,
  "kumisa": -2,
  "kumvisa": -3,
  "kunciphise": -1,
  "kundigweba": -2,
  "kundikhanyela": -2,
  "kungasuki": -1,
  "kungawazi": -2,
  "kungcolise": -2,
  "kungqinisiswa": 1,
  "kunikwa": 1,
  "kunokutyhafisa": -2,
  "kunomvuzo": 2,
  "kuNowa": -2,
  "kunyuse": 3,
  "kunzi": -2,
  "kunzima": -2,
  "kuphazamisa": -2,
  "kuphazamisana": -2,
  "kuphazanyiswa": -2,
  "kuphela": 2,
  "kuphoxeka": -2,
  "kuphumelela": 3,
  "kuphungulwa": 2,
  "kuphunywe": -1,
  "kuqinisa": 2,
  "kuqiniselwa": 2,
  "kurhwaphilizo": -4,
  "kusabela": -2,
  "kusikelela": 2,
  "kuthakazelelwa": 2,
  "kuthandana": 2,
  "kuthintela": -1,
  "kuthiywa": -3,
  "kutshabalalisa": -3,
  "kutshatyalaliswa": -2,
  "kutyeka": -1,
  "kutyhefeka": -3,
  "kuvumela": 1,
  "kuvuselela": 2,
  "kuvuzwa": 2,
  "kuyacetyiswa": 1,
  "kuyadimaza": -2,
  "kuyafana": -2,
  "kuyamkhathaza": -2,
  "Kuyanikhubekisa": -2,
  "kuyathandabuzeka": -1,
  "kuyi": 2,
  "kuyingenelo": 2,
  "kuyinto": -2,
  "kuyothusa": 1,
  "kuyoyikisa": 3,
  "kuzana": -1,
  "kuze": -1,
  "kuzenzela": -2,
  "kuzigxotha": -2,
  "kuziqalekisa": -2,
  "kuzisola": -2,
  "kuzityumza": -1,
  "kwabanjwa": -2,
  "kwagxothwa": -2,
  "kwakungeniswa": -2,
  "kwama": -1,
  "kwangqingetye": -2,
  "kwanokubeka": -1,
  "kwanolwabangemalungisa": -2,
  "kwaphuculwa": 2,
  "kwaphulelwa": 2,
  "kwaphulwa": -2,
  "kwaphumelela": 4,
  "kwathintela": -1,
  "kwavusa": 1,
  "kwee": -2,
  "kwendawu": -2,
  "kwentembeko": 2,
  "kwenzakalise": -2,
  "kwesifo": -2,
  "kwesiphazamiso": -2,
  "kwezixinzeleli": -2,
  "kwicala lasekunene": 3,
  "kwiglasana": -2,
  "kwiivenkile": -3,
  "kwimibhiyozo": 3,
  "kwiMidlalo": 3,
  "kwinqakwana": 1,
  "kwisambuku": -2,
  "kwisaphulelo": -1,
  "Kwisehlo": -2,
  "kwiseli": -1,
  "kwisenzo": -2,
  "kwisigqibo": 2,
  "kwisimo esibi": -2,
  "kwizibonelelo": 1,
  "lag": -1,
  "lambatha": -2,
  "landihlutha": -2,
  "landula": -2,
  "langenisa": -2,
  "lanqunyanyiswa": -1,
  "lanuka": -2,
  "laughting": 1,
  "lawl": 3,
  "laxhwilwa": -2,
  "leendlavini": -2,
  "lehla": -1,
  "lengqondo": -2,
  "lethality": -2,
  "leyo eyenza": -2,
  "libala": -1,
  "libalaseleyo": 5,
  "libaziseko": -1,
  "libelous": -2,
  "licela": -1,
  "lifu": -2,
  "ligeza": -2,
  "ligqabi": -3,
  "ligqiba": -2,
  "lihule": -5,
  "likaxakeka": -2,
  "likeable": 2,
  "likers": 2,
  "likholo": 3,
  "Likholwa": -2,
  "likhonkco": 2,
  "likhula": 1,
  "likulungele": -2,
  "lilize": -2,
  "liluhlanzileyo": -3,
  "lilungisa": 2,
  "limfiliba": -2,
  "linyala": -3,
  "liphantsi": -1,
  "liphuma": 1,
  "lishwangusha": -2,
  "lisibekele": -2,
  "lithemba": -3,
  "lithethelela": 2,
  "lixolele": -2,
  "lixoxwe": -1,
  "liyakwamkela": 2,
  "liyalahleka": -1,
  "liyaluxabisa": 3,
  "liyingozi": -1,
  "Lmao": 4,
  "lobbyist": -2,
  "lobbyists": -2,
  "lobungangamsha": 4,
  "lobuntlola": 1,
  "lokubacingela": -2,
  "lokubhukuqa": -2,
  "lokugqiba": 2,
  "lokungazingci": 2,
  "lokusinda": 2,
  "lokuwisa": -1,
  "lokuyisebenzisa": -1,
  "lolol": 4,
  "lololol": 4,
  "lolololol": 4,
  "lombono": 1,
  "lomncedis": -2,
  "lomonakalo": -2,
  "lonakalisa": -3,
  "lool": 3,
  "loool": 3,
  "looool": 3,
  "looses": -3,
  "lophanziso": -2,
  "lophule": -2,
  "lovelies": 3,
  "loviwo": 3,
  "lubenze": 2,
  "lucalucalulo": -2,
  "luchanwa": -3,
  "ludandatheko": -2,
  "lugcwabevu": -2,
  "lugqibelele": 2,
  "lugubrious": -2,
  "lukhumbuleka": 1,
  "lukhuni": -1,
  "lula": 1,
  "Lumka": -1,
  "lumkisa": -2,
  "luncedo": 2,
  "luncipha": -2,
  "lungile": 2,
  "lunokuyitshintsha": -2,
  "lunzulu": 2,
  "lutho": -2,
  "luthuka": -2,
  "lutsale": 2,
  "luvo": -1,
  "luyalahlwa": -2,
  "luzakulahlwa": -1,
  "lwalusiwa": -2,
  "lwehla": -3,
  "lwemethodoloji": 2,
  "lwemostade": -2,
  "lwengcingane": 2,
  "lwenkohlakalo": -2,
  "lwenkohliso": -2,
  "lwentengiso": -2,
  "lwenza": 1,
  "lweziphawuli": 1,
  "mabele": -2,
  "macabre": -2,
  "madolw": -2,
  "maladaption": -2,
  "maldevelopment": -2,
  "mandife": -2,
  "mandundu": -2,
  "mangala": -2,
  "manyundululu": -3,
  "Masinwabe": 2,
  "mbandezelo": -3,
  "mbisile": -2,
  "mda": -1,
  "mdaka": -2,
  "mema": 1,
  "menaces": -2,
  "mesmerizing": 3,
  "mez": -1,
  "mfiliba": -2,
  "mfutshanesightedness": -2,
  "mhlalutyi": -2,
  "mhle,": 3,
  "mholo": 1,
  "mincili": 3,
  "mirthful": 3,
  "mirthfully": 3,
  "misbranding": -3,
  "miscast": -2,
  "misclassified": -2,
  "misclassifies": -2,
  "misclassify": -2,
  "misconducted": -2,
  "misconducting": -2,
  "misfire": -2,
  "misgiving": -2,
  "misleaded": -3,
  "misplaces": -2,
  "mispricing": -3,
  "misreport": -2,
  "misreporting": -2,
  "misreports": -2,
  "mizamo": 2,
  "Mka": -4,
  "mkhuba ubeka": -2,
  "mnandi": 3,
  "modernizes": 2,
  "monopolize": -2,
  "monotone": -1,
  "moping": -1,
  "Moroni": -3,
  "mphulukwa": -3,
  "mpilweni": -2,
  "msinya": -2,
  "msulwa": 2,
  "msulwa onetyala": 2,
  "mthetho": -3,
  "mthethweni": -3,
  "mtsalane": 2,
  "mumpish": -2,
  "mva": -3,
  "n00b": -2,
  "naba": -2,
  "nabala": 2,
  "nabanesathuthwane": -3,
  "nabomi": -1,
  "naïve": -2,
  "nakakubi": -2,
  "Nakanye": -1,
  "nako": 2,
  "nakovuyayo": 3,
  "nakukhala": -2,
  "nakukunkwantya": -2,
  "nakungxengxezeleka": -3,
  "nalamba": -2,
  "namabhongo": 2,
  "namandla": 2,
  "namathemba": 1,
  "nambeko": -2,
  "namdla": -2,
  "Name": 1,
  "namendu": 2,
  "namnyumnyezi": -3,
  "nangayithandiyo": -2,
  "nangazithandiyo": -2,
  "nangcono": 2,
  "nangokubandezela": -2,
  "nangokukrola": -1,
  "nangokuncwina": -2,
  "nangoovumazonke": 2,
  "nankathalo": -2,
  "nanobubele": 2,
  "nantlonelo": -2,
  "nantsingiselo": -2,
  "naphezulu": -2,
  "Narcissism": -2,
  "naseEurope": -2,
  "nasekufeni": -3,
  "nasekusweleni": -3,
  "nasongo": -2,
  "nathemba": -2,
  "naxhala": 2,
  "nayigatya": -2,
  "nazintloni": -2,
  "ncanca": -3,
  "Nceda": 2,
  "ndabusithelisa": -1,
  "ndabuzwa": -2,
  "ndacinezelwayo": -1,
  "ndacudisa bani": -3,
  "ndakhala": -2,
  "ndakhwela": 1,
  "ndakruquka": -3,
  "ndakumbetha": -3,
  "Ndakuthingaza": -2,
  "Ndandikhumbula": -2,
  "ndandingayithandi": -1,
  "Ndandingonwabanga": -2,
  "Ndandisoyika": -2,
  "ndandityebe": -1,
  "ndawaphula": -2,
  "ndayihlangula": 2,
  "ndibagezela": -3,
  "Ndibandezelekile": -2,
  "Ndibaxolele": 2,
  "ndichithe": -3,
  "ndidakumbe": -1,
  "ndidiniwe": -2,
  "ndihluthiwe": -2,
  "ndijonge": 5,
  "ndikhohlakele": -3,
  "ndililolo": -2,
  "ndilitshutshisa": -2,
  "ndimphoxe": -2,
  "ndinganelisekanga": -2,
  "ndingathandabuzi": -1,
  "ndinikhathaze": -2,
  "ndiqiniseke": 1,
  "ndiqinisekile": 1,
  "ndithembe": 2,
  "ndityumkile": -2,
  "ndiwuhlutha": -2,
  "ndixhatshazwa": -3,
  "ndixhelekile": -2,
  "ndiyacela": 1,
  "Ndiyavuya": 3,
  "ndiyayoyika": -2,
  "ndiyazibaxa": -2,
  "ndiyazingca": 2,
  "ndizeka": -1,
  "ndiziphendulela": 2,
  "ndiziphindezelele": -2,
  "ndizisole": -2,
  "ndizivelele": -2,
  "ndlongo": -2,
  "ndlongondlongo": -2,
  "ndobahlutha": -2,
  "Ndonywatyisiwe": 3,
  "ndothuka": -2,
  "Ndothuka": -2,
  "neeklokhwe": 1,
  "neemfuno": -1,
  "neenkululeko": 2,
  "neenqobo": -2,
  "neentloni": -2,
  "neentsizi": -2,
  "neentwala": -2,
  "nehlombe": 3,
  "nekratshi": 2,
  "nelungelo": 2,
  "nembono": -2,
  "nemfesane": 2,
  "nemfezeko": 3,
  "nemigibe": -1,
  "nemihlali": 4,
  "nemivuzo": 2,
  "nempilo": 2,
  "nempumelelo": 3,
  "nenceba": 3,
  "nendlalo": 2,
  "nengozi": -2,
  "neninye": 2,
  "nenkathalo": 2,
  "nenkohlakalo": -3,
  "nenkuthazo": 1,
  "nentaphane": -2,
  "nentiyo": -2,
  "nenzuzo": 2,
  "nephuku": -3,
  "nesibindi": 2,
  "nesigculelo": -2,
  "nesinyalimane": -1,
  "nesiphene": -3,
  "nesisa": 2,
  "nesizunguzane": -1,
  "nethamsanqa": 3,
  "nethemba": 2,
  "netyala": -3,
  "newonga": 2,
  "nezikhubekiso": -2,
  "nezingabonakaliyo": -1,
  "nezothuso": -2,
  "ngababulali": -3,
  "ngabancedi": 2,
  "ngabaya": -2,
  "ngabomi": -1,
  "ngabomvu": 2,
  "ngahoyi": -1,
  "ngakhathaleli": -2,
  "ngalisa": 3,
  "ngalunganga": -2,
  "ngamagwala": -2,
  "ngamakhoboka": -2,
  "ngamalahle": -2,
  "ngamanqenerha": -2,
  "ngamaqhakraqhakra": 3,
  "ngamaza": 2,
  "nganconywa": -2,
  "nganto": -2,
  "ngapha": 2,
  "ngaphandle": -1,
  "ngaphandle kweintanethi": -1,
  "ngaphantsi": -2,
  "ngasonye": -2,
  "ngathi": -1,
  "ngavumi": -2,
  "ngcazela": -2,
  "ngcolile": -2,
  "ngcolisa": -2,
  "ngcono": 2,
  "ngebhongo": 2,
  "ngelishwa": -2,
  "ngembeko": 2,
  "ngempazamo": -2,
  "ngempumelelo": 3,
  "ngempumlo": -2,
  "ngemvisiswano": 2,
  "ngenabuntu": -2,
  "ngenakoyiswa": 2,
  "ngenakuqondwa": -2,
  "ngenalusizi": -1,
  "ngencoko": -2,
  "ngendledlana": -2,
  "ngengozi": -2,
  "ngenjongo": 2,
  "ngenkalipho": 2,
  "ngenkani": -1,
  "ngenkohlakalo": -3,
  "ngentiyo": -2,
  "ngentlawulelo": 2,
  "ngentsholo": 3,
  "ngentswahla": 4,
  "ngesankxwe": -2,
  "ngesantya": -2,
  "ngesisa": 2,
  "ngesitya": 3,
  "ngethamsanqa": 3,
  "ngethemba": 2,
  "ngobubele": 2,
  "ngobungcali": 2,
  "ngobuxoki": -2,
  "ngokobume": -2,
  "ngokobunene": 2,
  "ngokobutyebi": 2,
  "ngokomoya": 2,
  "ngokomthetho": 1,
  "ngokoyikekayo": -2,
  "ngoku ixhala": -3,
  "ngokubalulekileyo": 4,
  "ngokubaxwa": -2,
  "ngokuca": -1,
  "ngokucace": 2,
  "ngokucacileyo": 1,
  "ngokuchwishayo": -2,
  "ngokufanelekileyo": 2,
  "ngokugatya": -1,
  "ngokugqiba": -2,
  "ngokugqibeleleyo": 3,
  "ngokugqwetha": -3,
  "ngokujika": -1,
  "ngokukhalaza": -2,
  "ngokukhalipha": 3,
  "ngokukhawuleza": 2,
  "ngokukhuselekileyo": 1,
  "ngokukrakra": -2,
  "ngokumangalelana": -2,
  "ngokun": -2,
  "ngokungagungqiyo": 2,
  "ngokungakhathali": -2,
  "ngokungekho": -3,
  "ngokungenakujikwa": -1,
  "ngokungenkathalo": -2,
  "ngokungeyompumelelo": -2,
  "ngokunyanisekileyo": 2,
  "ngokunyikimisayo": -2,
  "ngokuphanyaza": -2,
  "ngokuphosakeleyo": -2,
  "ngokuphumelela": 4,
  "ngokuqhwaba": 2,
  "ngokusesikweni": 1,
  "ngokuthembekileyo": 2,
  "ngokuthengiswa": -2,
  "ngokuthi": -2,
  "ngokuxabisa": 2,
  "ngokuxhatshazwa": -2,
  "ngokuyingozi": -2,
  "ngokuzithemba": 2,
  "ngokwaneleyo": -2,
  "ngokwayo": -2,
  "ngokwenene": 2,
  "ngokwesini": -2,
  "ngolunya": -2,
  "ngomdlwenguli": -4,
  "ngomsindo": -3,
  "ngongasebenziyo": -2,
  "ngononophelo": 2,
  "ngoomabonw": -3,
  "ngovuyo": 3,
  "ngoxolo": 2,
  "ngoyiki": 2,
  "ngozi": -2,
  "ngqengqile": 2,
  "ngqesho": -2,
  "ngqinayo": 2,
  "ngqindilili": 2,
  "Ngqo": 1,
  "ngqwabalala": -2,
  "ngumonakalisi": -3,
  "ngumonde": -2,
  "ngumphindezeli": -2,
  "ngumsi": -2,
  "ngumsindo": -2,
  "ngwevu": -1,
  "ngxakini": -4,
  "ngxolisa": -2,
  "ngxolo": -3,
  "nicamanga": -2,
  "niggas": -5,
  "nigger": -5,
  "nikela": 2,
  "nilile": -2,
  "ningazi": -2,
  "ningothuswa": -2,
  "ninomona": -1,
  "niwugqithe": -2,
  "niyimigqakhwe": -3,
  "nizive": -3,
  "njani \"t ukuma": -3,
  "njengesifo": -2,
  "njengokuhlaba": -2,
  "njengonqulo": -2,
  "nkcwe": -2,
  "nobubi": -3,
  "nobuchule": 1,
  "nobuganga": 2,
  "nobuhlobo": 2,
  "nobuncwane": 2,
  "nobungozi": -2,
  "nobunzima": 2,
  "nododobalisa": -2,
  "nokobuqhawe": 3,
  "nokubhala": -2,
  "nokubonwa": -2,
  "nokubuyisela": 1,
  "nokuceba": -3,
  "nokudelelwa": -2,
  "nokuginya": -2,
  "nokugwetywa": -2,
  "nokuhlonipha": 2,
  "nokukhala": -2,
  "nokukhuthuzwa": -3,
  "nokuncinitha": -3,
  "nokunikela": 2,
  "nokuphela": -2,
  "nokuphelisa": -2,
  "nokuphonononga": 1,
  "nokuphoxeka": -2,
  "nokuqonda": 2,
  "nokuthintela": -1,
  "nokuthotywa": -3,
  "nokuvunda": 1,
  "nokuxhotyiswa": 2,
  "nokwaphulwa": -2,
  "noludinisayo": -2,
  "noluphendulayo": 2,
  "nolwamkelekileyo": 1,
  "nombulelo": 3,
  "nomdla": 2,
  "nommangalelwa": -2,
  "nomona": -1,
  "nomsindo": -2,
  "nomthungo": 2,
  "nomtsalane": 2,
  "nomxhasi": 1,
  "nomxhelo": 2,
  "nonezivunyiweyo": -2,
  "nonefuthe": 2,
  "nongasebenziyo": -2,
  "nosizi": -2,
  "nothando": 2,
  "notorious": -2,
  "novelwano": 2,
  "noxanduva": 2,
  "nqa": 2,
  "nqwenela": 2,
  "ntimfa": -2,
  "ntlekele": -3,
  "Nyana wemazi yenja": -5,
  "nyhwalaza": -1,
  "Nyusa": 1,
  "nza njani": -2,
  "nzima": -1,
  "obalaseleyo": 5,
  "obalulekileyo": 2,
  "obawayo": -2,
  "obutsha": 3,
  "ochaphazelekayo": -2,
  "ochumileyo": 2,
  "ochwayitileyo": 2,
  "offensively": -2,
  "ofileyo": -3,
  "ogqibeleleyo": 3,
  "ogqwetha": -2,
  "ohlawulayo": 3,
  "ohloniphekileyo": 2,
  "ohlwaya": -2,
  "okhaliphileyo": 2,
  "okhohlakeleyo": -3,
  "okhuphisanayo": -2,
  "okhuselayo": 2,
  "okoyikekayo": -3,
  "okrwada": -3,
  "oks": 2,
  "okucaphukisayo": -2,
  "okufanelekileyo": 2,
  "okukruqulayo": -3,
  "okungafanelekanga": -2,
  "okunyanzela": -2,
  "okuphinde": -2,
  "okuphosakeleyo": -2,
  "okusingqongileyofriendly": 2,
  "okuvuthisa": -1,
  "okwamenza": -2,
  "oliqhophololo": 1,
  "olomeleleyo": 2,
  "olubakhanyiselayo": 2,
  "olubi": -3,
  "oludlamkileyo": 3,
  "oluhlephukayo": -3,
  "olukhazimlisiweyo": 2,
  "olunamandla": -2,
  "olunentsingiselo": 2,
  "olungafanelekanga": -2,
  "olungalinganiyo": -1,
  "olungapheliyo": 3,
  "olungelulo": -2,
  "olungeyonyani": -3,
  "olungqongqo": 3,
  "olunovelwano": 2,
  "olunzulu": 3,
  "oluphazamisa": -2,
  "olusebenzayo": 2,
  "olusemthethweni.Uqhomfo": -3,
  "olusondeleyo": 2,
  "oluxinzelela": -2,
  "oluyintshembenxa": -2,
  "oluziindleko": -1,
  "oluzinzileyo": 2,
  "olwaneleyo": 1,
  "olwaphula": -2,
  "omkhanyelayo": -2,
  "onakalisayo": -3,
  "oneentloni": -2,
  "onekhwele": -2,
  "onekratshi": -2,
  "onesifo": -3,
  "ongafiyo": 2,
  "ongakholwayo": -1,
  "ongathethekiyo": 3,
  "ongayaziyo": -2,
  "ongazenzisiyo": 2,
  "ongcolileyo": -2,
  "ongendawo": -2,
  "ongonwabisiyo": -2,
  "ongumhlolokazi": -1,
  "onobubele": 2,
  "onokujongela": -2,
  "onothando": 2,
  "onqanda": -2,
  "onwabile": 3,
  "onyanzelwayo": -2,
  "onzakaliswe": -2,
  "onzulu": 1,
  "oogxa": -2,
  "ookubulala": -2,
  "ophula": -2,
  "ophumeleleyo": 4,
  "optionless": -2,
  "oqiqayo": 2,
  "oqolileyo": 2,
  "osemngciphekweni": -2,
  "osindileyo": 2,
  "osisiyatha": -1,
  "ostracizes": -2,
  "othandwa": 3,
  "othandwayo": 2,
  "othathwe": -2,
  "othintela": -1,
  "othobekileyo": 1,
  "outi engaqondakaliyo": -2,
  "outmaneuvered": -2,
  "overreacted": -2,
  "oversell": -2,
  "oversells": -2,
  "oversimplification": -2,
  "oversimplified": -2,
  "oversimplifies": -2,
  "oversimplify": -2,
  "overwrought": -3,
  "owaye": -3,
  "owenzakeleyo": -2,
  "owokumangalela": -2,
  "oxhonywe": 3,
  "oxhwalekileyo": -2,
  "oxolela": 2,
  "oyalele": -1,
  "oyinyaniso": 2,
  "oyithandayo": 2,
  "oyithandileyo": 2,
  "ozaliswe": -2,
  "Ozidelayo": -2,
  "ozifunayo": 2,
  "ozithandayo": 3,
  "pakishana": -1,
  "parley": -1,
  "penalizing": -2,
  "perfects": 2,
  "phakama": 1,
  "phambili": 1,
  "phantsi": -2,
  "phazamisa": -2,
  "phelele": 2,
  "phelelwe lithemba": -3,
  "phisa": -2,
  "phucula": 2,
  "phuke intliziyo": -3,
  "phukisa": -2,
  "pique": -2,
  "piteous": -2,
  "plodding": -2,
  "po": -2,
  "posttraumatic": -2,
  "postpones": -1,
  "prblm": -2,
  "prblms": -2,
  "pseudo": -2,
  "pseudoscience": -3,
  "qabu": 2,
  "qapheleka": 2,
  "qhwalela": -2,
  "qhwanyazo": 2,
  "qinisa": 2,
  "qinisekisa": 1,
  "qumbile": -1,
  "qwenge": 1,
  "rageful": -2,
  "ranter": -3,
  "ranters": -3,
  "raptures": 2,
  "regretful": -2,
  "repercussion": -2,
  "reprimanding": -2,
  "revengeful": -2,
  "rhafu": 1,
  "rhubaxa": -2,
  "rhubuluzisa ngokungekho mthethweni": -2,
  "rhuqa": -1,
  "riveting": 3,
  "rob": -2,
  "robing": -2,
  "robust": 2,
  "rofl": 4,
  "roflcopter": 4,
  "roflmao": 4,
  "romance": 2,
  "romantical": 2,
  "ROTFL": 4,
  "rotflmfao": 4,
  "rotflol": 4,
  "sakuvuyela": 2,
  "samabona": -2,
  "sandilukuhla": -3,
  "sappy": -1,
  "savange": -2,
  "savanges": -2,
  "sazaliseka": 2,
  "scapegoats": -2,
  "scumbag": -4,
  "seamlessly": 2,
  "sekanga": -1,
  "selfbakhohliseke": -2,
  "selfgadalala": -2,
  "selfziphikisana": -2,
  "semngciphekweni": -2,
  "semvukelo": -1,
  "sentuthumbo": -4,
  "seshweni": -2,
  "sexistic": -2,
  "sexy": 3,
  "shaky": -2,
  "shithead": -4,
  "shitty": -3,
  "shiya": -1,
  "shoody": -2,
  "shrew": -4,
  "shwaka": -1,
  "sidale ingozi": -2,
  "Sidengendini": -2,
  "sidlulis": -2,
  "sijongile": 3,
  "sika": -1,
  "sikho": -1,
  "Sikhumbula": -2,
  "sikwai": 4,
  "sikweni": -2,
  "Sikwimeko": -2,
  "silahliwe": -2,
  "silindele": -1,
  "silixabisa": 2,
  "siludelele": -2,
  "silusizi": -2,
  "simithe": -2,
  "singabafanelanga": -2,
  "singalali": -2,
  "singenamandla": -2,
  "sino": -2,
  "Sinovuyo": 3,
  "siphoxa": -2,
  "siphukuphuku": -3,
  "siphukuphukundini": -3,
  "siprofe": 1,
  "siqinisekile": 2,
  "siqinisekisa": 2,
  "siqonde": 2,
  "siqondwe": -2,
  "sisidenge": -3,
  "sisikhubekiso": -2,
  "sisilwa": -2,
  "sisithokothoko": -1,
  "siskemu": -2,
  "sisono": -3,
  "sithwaxa": -2,
  "Sivuyisana": 2,
  "sixhasa": 2,
  "Siyavuyisana": 2,
  "Siyayincoma": 2,
  "siyazikhohlisa": -3,
  "sizathu": 2,
  "sizibaxa": -2,
  "slam": -2,
  "slicker": 2,
  "slickest": 2,
  "smart": 1,
  "smear": -2,
  "smiling": 2,
  "sneaky": -1,
  "snubbing": -2,
  "snubs": -2,
  "sokurhanela": -1,
  "sokuthandabuza": -2,
  "sokuthimba": -2,
  "sombulula": 1,
  "songela": -2,
  "sothusayo": 3,
  "spammers": -3,
  "spiritless": -2,
  "sprightly": 2,
  "squelched": -1,
  "stampede": -2,
  "stinked": -2,
  "Stinker": -2,
  "stinks": -2,
  "stinky": -2,
  "stressor": -2,
  "stupidly": -2,
  "sulela": -2,
  "sulelayo": -2,
  "super": 3,
  "swindle": -3,
  "swindles": -3,
  "swindling": -3,
  "tenxileyo": -3,
  "terrifically": 4,
  "terrorizes": -3,
  "thandayo": 3,
  "thandaza": 1,
  "thandazo": 2,
  "thandiyo": -2,
  "thazeka": -2,
  "thembeka": 3,
  "thimla": -2,
  "thintela": -1,
  "thintele": -2,
  "thintelo": -2,
  "thwalisa": -2,
  "timorous": -2,
  "touts": -2,
  "traumatic": -3,
  "treasonous": -3,
  "trust": 1,
  "tshabalalisa": -2,
  "tshintshiyo": -2,
  "tshonile": -2,
  "tshutshisa": -1,
  "twat": -5,
  "tyebile": 2,
  "tyiwe": -2,
  "tyran": -3,
  "tyrannic": -3,
  "tyrans": -3,
  "ubabalweyo": 2,
  "ubaleka": -1,
  "ubethelela": 3,
  "ubhavumo": -2,
  "ubhiyozela": 3,
  "ubhobhoyi": -1,
  "Ubize": 1,
  "ubohlwaya": -2,
  "ububele": 2,
  "ububele bothando": 3,
  "ububhanxa": -2,
  "ububi": -3,
  "ubuchule": 2,
  "Ubudanisile": -2,
  "ubudenge": -3,
  "ubufanasini": -2,
  "ubuhlanga": -3,
  "ubuhle": 3,
  "ubuhlobo": 2,
  "ubuhlwempu": -1,
  "ubukeka kakuhle": 3,
  "ubukhalipha": 2,
  "ubulumko": 1,
  "ubulungisa": 2,
  "ubulwelwe": -2,
  "ubumdaka": -2,
  "ubumnyama": -1,
  "ubunakho": 1,
  "ubundlobongela": -3,
  "ubundlobongelaezinxulumene": -3,
  "ubungqina bobuxoki": -3,
  "ubunkokheli": 1,
  "ubunzima": -2,
  "ubuqhetseba": -4,
  "uburharha": 2,
  "ubusela": -2,
  "ubusilika": -3,
  "ubuthathaka": -2,
  "ubutshaba": -2,
  "ubutyebi": 3,
  "ubuxoki": -2,
  "ubuxoki obenziwe ngamasibomu": -2,
  "ucalula": -2,
  "ucalulwayo": -2,
  "ucaphuka": -2,
  "uchasaniso": -1,
  "uchitha": -2,
  "udada": -2,
  "udano": -2,
  "udimazekile": -2,
  "udimele": -3,
  "udiniwe": -2,
  "udize": -3,
  "udlwengulo": -4,
  "udumo": 1,
  "ufefe": 1,
  "ufunga": -2,
  "ugcobayo": 3,
  "ugly": -3,
  "ugula": -2,
  "ugwayimbo": -1,
  "ugwetyelwe": 2,
  "ugwinto": -3,
  "ugxeka": -2,
  "ugxeke": -2,
  "Ugxothiwe": -2,
  "uhanahaniso": -1,
  "uhlangulo": 2,
  "uhlaselo": -1,
  "uhlekisa": -2,
  "uhlobo": 2,
  "ukhalazela": -2,
  "ukhalimela": -2,
  "ukhanyisela": 2,
  "ukhohlakeleyo": -2,
  "ukholo": 1,
  "ukholose": 2,
  "ukhusela": 1,
  "ukomeleza": 2,
  "ukonakalisa ngabom": -2,
  "ukonwaba": 4,
  "ukonwabisa": 2,
  "ukoyiswa": -2,
  "ukuba akemanga": -2,
  "ukuba mabi kwawo": -3,
  "ukuba nethemba": 2,
  "ukuba nibambane": -3,
  "Ukuba siyayixabisa": 2,
  "ukubaleka": -1,
  "ukubaluleka": 2,
  "ukubamba": -2,
  "Ukubamba phambi": 2,
  "ukubandezeleka": -2,
  "ukubetha": -1,
  "ukubhiyozela": 3,
  "ukubhomboloza": -2,
  "ukubhubhisa": -2,
  "ukubonisa": -1,
  "ukubulala": -2,
  "ukubulala umntu": -2,
  "ukucekisile": -1,
  "ukucengwa": -1,
  "ukucofwa kwemawusi": -5,
  "ukucudisa": -2,
  "ukudela": -2,
  "ukudinwa": -2,
  "ukudlulela": 2,
  "ukudutyulwa": -2,
  "ukufa": -2,
  "ukufikelela": 1,
  "ukufudumala": 2,
  "ukufudusa": -1,
  "ukufunda": 2,
  "ukufunxile": 1,
  "ukugabha": -3,
  "ukugcuma": -2,
  "Ukugqekeza": -2,
  "ukugqwesa": 3,
  "ukugrogrisa": -2,
  "ukugungqa": -2,
  "ukugweba": -1,
  "ukugwetywa": -2,
  "ukugxeka": -2,
  "ukugxekwa": -2,
  "ukugxothwa": -2,
  "ukuhlamba eluhlaza": -3,
  "ukuhlambela": -2,
  "ukuhlatywa": -5,
  "ukuhlekisa": 3,
  "ukukhanya kwelanga": 2,
  "ukukhathazeka": -3,
  "ukukhazeka": -2,
  "ukukhula": 2,
  "ukukhuphisana": 2,
  "ukukhuthaza": 1,
  "ukukhutshwa": -1,
  "ukukhweliswa": -1,
  "ukukreqa": -2,
  "ukulahlekisa": -3,
  "ukulindela": 1,
  "ukulunga": 3,
  "ukulwa": -1,
  "ukumangala": -2,
  "ukumangalela": -1,
  "Ukumangalela": -2,
  "ukumangaliswa": 3,
  "ukumenywa": 1,
  "ukumqumbisa": -1,
  "ukuncoma": 2,
  "Ukunconywa": 2,
  "ukungabinako": -2,
  "ukungaboni": -1,
  "ukungahoywa": -2,
  "ukungakhathali": -2,
  "ukungakhululeki": -2,
  "ukungakhuseleki": -2,
  "ukungananzi": -2,
  "ukungaqondani": -2,
  "ukungathembi": -3,
  "ukungavisisani": -2,
  "ukungavumelani": -2,
  "ukungayamkeli": -2,
  "ukungazi": -2,
  "ukungcatsha": -3,
  "ukungcatshwa": -3,
  "ukungcola": -2,
  "ukungcungcuthekisayo": -2,
  "ukungonwabi": -2,
  "ukungqubana": -2,
  "ukungxola": -2,
  "ukungxolisa": -2,
  "ukunikwa": 1,
  "ukunqongophala": -2,
  "ukunuka": -2,
  "ukunyaniseka": 3,
  "ukunyhashwa": -2,
  "ukunyoluka": -3,
  "ukunyotywa": -3,
  "ukuphalazwa": -2,
  "ukuphambana": -3,
  "ukuphanziswa": -2,
  "ukuphaphazela": -3,
  "ukuphazamisa": -2,
  "ukuphazamisana": -2,
  "ukuphazamiseka": -2,
  "ukuphazanyiswa": -2,
  "ukuphena": -3,
  "ukuphepha": -1,
  "ukuphila qete": 1,
  "ukuphucuka": 2,
  "ukuphumelela": 4,
  "ukuphuthelwa": -2,
  "ukuqaqamba": 1,
  "ukuqasha": -3,
  "ukuqhatha": -2,
  "ukuqhawuka": -2,
  "ukuqhina kwesisu": -2,
  "ukuqinisekisa": 1,
  "ukuqweqwedisa": -2,
  "ukurhawuzelelwa": -2,
  "ukurhoxa": -1,
  "ukurhoxisa": -1,
  "ukurhoxiswa": -3,
  "ukusebenza": 2,
  "ukusebenzeni": -2,
  "ukusebenzisa kakubi": -2,
  "ukusebenzisana": -2,
  "ukusebenziseka": 2,
  "ukusibutyaza": -2,
  "ukusikela emva": -2,
  "ukusilela": -2,
  "ukusingela": -2,
  "ukusirhoxisa": -1,
  "ukusombulula": 2,
  "Ukusuleleka": -2,
  "ukuswela": -2,
  "ukuthembeka": 2,
  "ukuthintela": -1,
  "ukuthobela": -1,
  "ukutsala": 1,
  "ukutshabalalisa": -3,
  "ukutshona": -3,
  "ukuvalelwa": -2,
  "ukuvalwa umlomo": -2,
  "ukuvingcela": -2,
  "ukuvuma": 2,
  "ukuvuza": -1,
  "ukuwa": -2,
  "ukuwathuthumbisa": -4,
  "ukuwumisa": -1,
  "ukuxabana": -2,
  "ukuxabisa": 2,
  "ukuxhalela": -2,
  "Ukuxhaphaka": -2,
  "ukuxhaphaza": -2,
  "ukuxhatshazwa": -3,
  "ukuxhobisa": 2,
  "ukuxhwila": -2,
  "ukuxhwilwa": -2,
  "ukuxolela": 1,
  "ukuxolelanisa": 2,
  "ukuxolisa": -1,
  "ukuyeka": -1,
  "ukuyekelela": 2,
  "ukuyila": 1,
  "ukuyithanda": 2,
  "ukuzahlulela": 2,
  "ukuzalisekisa": 2,
  "ukuzanelisa": 2,
  "ukuzenzela": -2,
  "ukuzibophelela": 2,
  "ukuzibulala": -2,
  "ukuzidimaza": -2,
  "ukuzikhusela": -2,
  "ukuzila": -2,
  "ukuzilahla": -2,
  "ukuzinikela": 2,
  "ukuziphatha kakubi": -2,
  "ukuzisola": -2,
  "ukuzithemba": 2,
  "ukwala": -1,
  "ukwaliwa": -2,
  "ukwamkela": 1,
  "ukwamkelwa": 2,
  "ukwanda": 1,
  "ukwandisa": 1,
  "ukwanga": 2,
  "ukwazi": 2,
  "ukwehla": -2,
  "ukwenzakala": -2,
  "ukweyelisela": -1,
  "ukweyisela": 1,
  "ulahle": -1,
  "Ulalela": -1,
  "ulonwabo": 3,
  "uloyiko": -2,
  "uloyiso": 3,
  "ulugcalagcala": -2,
  "ulukhuni": -2,
  "ulusizana": -3,
  "ulwamkelo": 1,
  "ulwaphulomthetho": -3,
  "umangalelwano": -1,
  "umangaliso": 4,
  "umbanjwa": -2,
  "umbhiyozo": 3,
  "umbilini": -2,
  "umbombo": -2,
  "umbono": 1,
  "umbuliso": 1,
  "umchamo": -4,
  "umcimbi": 1,
  "umda": -2,
  "umdak": 3,
  "umdla": 3,
  "umgca oxwesileyo": -2,
  "umgibe": -1,
  "Umgqobho wempundu": -4,
  "umgrogrisi": -2,
  "Umgxeki ufuna": -3,
  "umhlaza": -1,
  "umhlobo": 1,
  "umhlwa": -3,
  "umitho": -2,
  "umkhuhlane": -2,
  "umkhulu": 4,
  "umlilo": -2,
  "umlo": -1,
  "umlozi": -2,
  "umncedi": 2,
  "umngcolisi": -2,
  "umngcwabo": -1,
  "umngeni": -1,
  "umnikelo": 2,
  "umnqwazi": 2,
  "umnqweno": 1,
  "Umntu ogezela umama wakhe": -5,
  "umntu okrwada": -2,
  "umntu onesifo": -2,
  "umntu onobuhlanga": -3,
  "umntu owenzakeleyo": -2,
  "umnyama": -2,
  "umnyele": -2,
  "umona": -1,
  "umonakalo": -2,
  "umonakalo omkhulu": -2,
  "umoni": -2,
  "umoshile": -3,
  "umothuko": -2,
  "umoya": 1,
  "umphezulu": 2,
  "umpu": -1,
  "umqhekezi": -2,
  "umqobo": -2,
  "umrhanelwa": -1,
  "umsantsa": -2,
  "umsindo": -2,
  "umthwalo": -2,
  "umtsalane": 3,
  "umtyholwa": -2,
  "umvukeli": -2,
  "umxakatho": -2,
  "umxhasi wolawulo lobuzwilakhe": -2,
  "umxhelo": 3,
  "umxhino": 2,
  "umyili": -3,
  "umzabalazo": -2,
  "unappeasable": -2,
  "unavailing": -2,
  "uncedo": 2,
  "uncome": 2,
  "uncredited": -1,
  "uncumo": 2,
  "underperform": -2,
  "underperforms": -2,
  "undibambezele": -2,
  "undigwebele": 2,
  "undigxeka": -2,
  "undikhonzise": -2,
  "undiphindezelayo": -2,
  "uneentloni": -1,
  "unembeko": 2,
  "uneventful": -2,
  "unfitted": -2,
  "unfunny": -2,
  "ungakhululekanga": -2,
  "ungaxhalabi": -2,
  "ungayithandi": -2,
  "ungcoliseko": -2,
  "ungcoliso": -2,
  "ungonwabanga": -2,
  "ungqameko": -2,
  "ungquzulwano": -2,
  "ungumbulali": -2,
  "unimaginative": -2,
  "uninvolving": -2,
  "unkwantyo": -3,
  "unobugagu": 3,
  "unokuwuthabatha": 3,
  "unonelele": 3,
  "unoriginal": -2,
  "unqumamisa": -2,
  "unreleting": -2,
  "unresearched": -2,
  "unsophisticated": -2,
  "unyamezelo": 2,
  "unyanzelekile": 1,
  "unyashiweyo": -2,
  "uphawu": 2,
  "uphelise": 3,
  "uqhambuko": -2,
  "uqhankqalazo": -1,
  "uqhushululu": -2,
  "uqhutywa": -2,
  "uqumbile": -2,
  "Urhintyelwe": -2,
  "urhuqa": -1,
  "urhwaphilizo": -3,
  "usesemva": -2,
  "usijongele": -1,
  "usindiso": 2,
  "usizi": -2,
  "Usola": -2,
  "usulelo": -2,
  "uthando": 3,
  "uthando yadlala": 4,
  "uthimla": -2,
  "uThixo": 1,
  "uthuthumbisa": -4,
  "utshaba": -1,
  "utshayela": 1,
  "utyhola": -2,
  "uvelwano": 2,
  "uvuye": 3,
  "uvuyo": 3,
  "uwajongele": -1,
  "uwucukuceze": -2,
  "uxanduva": 1,
  "uxhatshazo": -3,
  "Uxhokonxwa": -1,
  "uxhwilo": 2,
  "uxinano": -1,
  "uxinezeleke": -2,
  "uxinzelelo": -1,
  "uxolo": 2,
  "Uya kubulisa": 2,
  "uyabaphazamisa": -2,
  "uyabohlwaya": -2,
  "uyafekethisa": -2,
  "uyagabha": -3,
  "uyakugatya": -1,
  "uyakuqeqesha": -3,
  "uyakuthanda": 3,
  "uyala": -2,
  "uyamkele": 2,
  "uyamkhulula": 2,
  "uyangcungcuthekiswa": -2,
  "uyasilela": -2,
  "uyasiqinisela": 2,
  "uyavuma": 2,
  "uyavuya": 4,
  "uyawunqanda": -1,
  "uyayenza": 2,
  "uyayixabisa": 2,
  "uyayolisa": 3,
  "uyibalaselisa": -2,
  "uyinkokeli": 2,
  "Uyintlekisa": -2,
  "uyiphathisiweyo": 2,
  "uyolo": 3,
  "uyotywe": 3,
  "uyoyika": -2,
  "uzinzo": 1,
  "uziphuculeyo": -1,
  "uzole": 2,
  "uzuko": 2,
  "uzwilakhe": -2,
  "vapid": -2,
  "victor": 3,
  "vitriolic": -3,
  "vuyela": 2,
  "vuyisa": 3,
  "wababulala": -3,
  "wabanjwa": -3,
  "wabanyanzela": -2,
  "wabongoza": -2,
  "wadanduluka": -2,
  "wadlwengulwa": -4,
  "wafa": -3,
  "wagwetywa": -2,
  "wagxininisa": -2,
  "wagxothwa": -2,
  "wahlasela": -1,
  "wahleka": 1,
  "wakhanyela": -2,
  "wakruthakrutheka": -2,
  "walibala": -1,
  "walkouts": -2,
  "walumkisa": -2,
  "wamagazi": -3,
  "wambetha": -1,
  "wambulisa": 2,
  "wambuza": -1,
  "Wamkelekile": 2,
  "wamnqula khona": 3,
  "wanamathela": -2,
  "wancoma": 2,
  "wancuma": 2,
  "wandisa": 1,
  "wandiyolisayo": 3,
  "wangxoliswa": -2,
  "wanibetha": -3,
  "wanker": -3,
  "wanyoba": -3,
  "waphazamisa": -2,
  "waphumelela": 3,
  "waqa": -2,
  "waqhekeza": -1,
  "waqinisekisa": 1,
  "waqubuda": 3,
  "waqweqwedisa": -2,
  "warhoxa": -1,
  "warmness": 2,
  "wasezulwini": 4,
  "wasinda": 2,
  "wathembisa": 1,
  "wavuka": 1,
  "wavuma": -1,
  "wavuya": 4,
  "wawalukuhla": -1,
  "wawuthanda": 2,
  "wayebambene": -1,
  "wayeka": -1,
  "wayemthanda": 3,
  "wayengenakukwazi": -2,
  "wayezithethelela": 2,
  "wayichitha": -2,
  "wayindulula": -2,
  "wazenza mntu": -1,
  "wazisola": -2,
  "wazomeleza": 2,
  "wazuza": 2,
  "weba": -2,
  "wedwa": -2,
  "weencwadi njl.": -2,
  "weHIV": -3,
  "wengcibi": 2,
  "wento": 3,
  "wenza": 1,
  "wesisa": 2,
  "winwin": 3,
  "wobubi": -2,
  "woebegone": -2,
  "wokongamela": -1,
  "wokosulela": -2,
  "wokufuna": 2,
  "wokulawula": 1,
  "wokuzibulala": -2,
  "wola": 2,
  "womgxeki": -2,
  "won": 3,
  "wonakaliswa": -2,
  "wonga": 2,
  "wonzakalisa": -2,
  "woo": 3,
  "woohoo": 3,
  "wooo": 4,
  "woow": 4,
  "wovuyiswano": 2,
  "wowow": 4,
  "Wowu": 4,
  "wowww": 4,
  "woyika": -3,
  "woyikekayo": -2,
  "WTF": -4,
  "wtff": -4,
  "wtfff": -4,
  "xa kufikwa": -1,
  "Xenikweni": 2,
  "xhokonxa": -1,
  "xhoma": -1,
  "XO": 3,
  "xolela": 2,
  "xolisa": 2,
  "xoliswa": 2,
  "xoxo": 3,
  "xoxoxo": 4,
  "xoxoxoxo": 4,
  "xwi": 2,
  "yabangxamayo": -2,
  "yacel": -1,
  "yachukumiseka": 3,
  "yadika": -3,
  "yakunqanqa": -1,
  "yakwalubala": -1,
  "yalamaxesha": 2,
  "yamanyama": 2,
  "yamkela": 1,
  "yamkele": 2,
  "Yancinwa": -2,
  "yandikhuthaza": 2,
  "Yandothusa indlela": -3,
  "yanele": 2,
  "yanelisekile": 2,
  "yanto": -2,
  "yaphulwe": -1,
  "yarhoxa": -1,
  "yathandabuza": -1,
  "yathi folokohlo": -2,
  "yathimla": -2,
  "yaxobuka": -1,
  "yaya": -1,
  "yayihlekisa": -2,
  "yayikukujijwa": -2,
  "yayilawula": -2,
  "yayiminxa": -2,
  "yayingulo": 2,
  "yayiwabambe": -1,
  "yazala": -2,
  "yeah": 1,
  "YeApocalypse": -2,
  "yeees": 2,
  "yeenqobo": 2,
  "yeha": -1,
  "yeka": -1,
  "yenza isijwili": -2,
  "Yenza ubeko": -2,
  "yenziwe": -1,
  "Yes": -4,
  "Yes ashushu": 2,
  "Yes cute": 4,
  "Yes emangalisayo": 4,
  "Yes entle": 4,
  "Yes Imnandi": 4,
  "Yes 👏😪": -4,
  "yeSkrini": -2,
  "yezehlo": -3,
  "yezenzo": -2,
  "yezidenge": -2,
  "yeziphene": -2,
  "yileyo": -3,
  "yimbono": -2,
  "yimimangaliso": 3,
  "yimincili": 4,
  "yimpumelelo": 3,
  "yindinisa": -2,
  "yindlala": -2,
  "yingozi": -2,
  "yintlekele": -3,
  "Yintshushiso": -2,
  "yinzwana": 3,
  "yitheze": -2,
  "yobugcisa": 4,
  "yobuqhetseba": -4,
  "yokhuseleko": 1,
  "yokohlwaya": -2,
  "yokubambana": -2,
  "yokubandezeleka": -2,
  "yokucukucezwa": -2,
  "yokudikwa": -2,
  "yokufikela": -2,
  "yokuhlamba eluhlaza": -3,
  "yokuhlambela": -2,
  "yokuhlaziywa": 2,
  "yokuhlola": 1,
  "yokukhokela": -2,
  "yokukopa": -3,
  "yokulahla": -1,
  "yokulahlekelwa": -3,
  "yokulumangalela": -2,
  "yokuncathama": -1,
  "yokuqhatha": -3,
  "yokusaba": -1,
  "yokuzonwabisa": 3,
  "yolwaphulo": -3,
  "yolwaphulo": -2,
  "Yomelelani": 2,
  "yomzimba": 1,
  "yonakalise": -2,
  "yonakaliswa": -2,
  "yonk": -2,
  "yosulela": -2,
  "yucky": -2,
  "za": -2,
  "zabona": -2,
  "zanikwa": 3,
  "zazikho": 3,
  "Zealot": -2,
  "zehlobo": 2,
  "zekofu": 2,
  "zemfazwe": -2,
  "zenja": -5,
  "zentelekelelo": -2,
  "zepistasi": -3,
  "zevenkile": -2,
  "zezisombululo": 2,
  "zibuya": -2,
  "zidlale": -2,
  "zifikeleleke": 1,
  "zigatya": -3,
  "zigqibeleleyo": 2,
  "zihlolwa": -2,
  "zihoyi": -2,
  "ziingxinano": -2,
  "ziinkathazo": -2,
  "ziinkqubo": 2,
  "ziintambo": 1,
  "ziintshatsheli": 2,
  "zikhaliphileyo": 2,
  "zikhuseleke": 2,
  "zikhuthazayo": 2,
  "zimbi": -2,
  "zimela": -1,
  "zinedolo": -1,
  "zingagilani": -1,
  "zingqondweni": -3,
  "zinomtsalane": 3,
  "zinonophele": 2,
  "zinyeliso": -2,
  "zinzima": -2,
  "ziphazamise": -2,
  "ziphetshwe": -1,
  "ziphumeze": -2,
  "ziqhubele": -3,
  "zisonjululwe": 2,
  "zixhaswa": 2,
  "ziyahlala": 2,
  "ziyakukhathaza": -2,
  "ziyasilela": -2,
  "ziyatyeshelwa": -2,
  "ziyavumelana": 2,
  "ziyayo": 2,
  "ziye": 1,
  "ziyingozi": -2,
  "ziyonakala": -2,
  "zizi": -2,
  "zizibulale": -3,
  "zizikolpati": -2,
  "ziziqhumiso": -2,
  "zobugqi": 1,
  "zobundlobongela": -3,
  "zobungangamela": 3,
  "zobutsha": 2,
  "zoguqulo": -2,
  "zokubangela": -2,
  "zokudala": 2,
  "zokuhlala": 1,
  "zokuhlangula": 2,
  "zokulolonga": -2,
  "zokumisa": -1,
  "zokupha": 2,
  "zokusombulula": 1,
  "zokuxhwilwa": -2,
  "zokuyitshabalalisa": -2,
  "zokuzingca": -3,
  "zokwala": -2,
  "zomthetho": 1,
  "zophula": -2,
  "zotyelelo": 2,
  "zoxolo": 2,
  "zwilakhe": -2
}