{
  "abhorrent": -3,
  "absolves": 2,
  "absorbira": 1,
  "acquitting": 2,
  "adoringly": 3,
  "affectionateness": 3,
  "agonises": -3,
  "agonizes": -3,
  "agresija": -2,
  "agresije": -2,
  "agresivni": -2,
  "agresivnost": -2,
  "aktivna": 1,
  "alarm": -2,
  "alarmantni": -2,
  "alarmists": -2,
  "Aleluja": 3,
  "alergični": -2,
  "ambiciozni": 2,
  "ambivalentna": -1,
  "amuse": 3,
  "Angers": -3,
  "anksioznost": -2,
  "antagonistični": -2,
  "anti": -1,
  "apatični": -3,
  "apatija": -3,
  "apeshit": -3,
  "aplavz": 2,
  "apokaliptični": -2,
  "apreciacija": 2,
  "aretacije": -2,
  "aretiran": -3,
  "aretirati": -2,
  "aroganten": -2,
  "ass": -4,
  "assfucking": -4,
  "astounds": 3,
  "atentat": -3,
  "atentati": -3,
  "atrakcija": 2,
  "Auč": -2,
  "aura": 1,
  "Avenged": -2,
  "Avengers": -2,
  "Avenging": -2,
  "averts": -1,
  "ax": -1,
  "Backed": 1,
  "badass": -3,
  "bailout": -2,
  "bala": -2,
  "bamboozled": -2,
  "bamboozles": -2,
  "ban": -2,
  "bankster": -3,
  "baraba": -4,
  "barabe": -5,
  "barbarska": -2,
  "barbarske": -2,
  "barbarsko": -2,
  "bastard": -5,
  "Bastard": -3,
  "beda": -2,
  "bedak": -2,
  "bedaki": -2,
  "bedarija": -4,
  "belež": -3,
  "belittled": -2,
  "bereave": -2,
  "bereaves": -2,
  "bereaving": -2,
  "bes": -2,
  "besen": -2,
  "besno": -3,
  "beži": -1,
  "Beznadan": -2,
  "Bezvjeran": -1,
  "Bijesan": -3,
  "bistveno": 1,
  "bitch": -5,
  "bitje": -1,
  "Bitka": -1,
  "bitke": -1,
  "bitter": -2,
  "bizarna": -2,
  "bla": -2,
  "blaginja": 3,
  "blagoslavlja": 2,
  "blagoslov": 3,
  "blagoslovi": 2,
  "blatno": -2,
  "Blažen": 3,
  "blaženo": 3,
  "blaženost": 3,
  "blaži": 2,
  "blaznost": -3,
  "bleščati": 3,
  "blockbuster": 3,
  "blok": -1,
  "blokada": -2,
  "bloki": -1,
  "blokiran": -1,
  "blokiranje": -1,
  "Bog": 1,
  "bogastvo": 3,
  "bogat": 2,
  "bogatejši": 2,
  "bogato": 2,
  "boj": -1,
  "Bojazan": -2,
  "boječ": -2,
  "bojeval": -1,
  "bojevanje": -2,
  "bojevnik": -1,
  "boji": -1,
  "bojite": -2,
  "bojkot": -2,
  "bojkoti": -2,
  "bojkotirali": -2,
  "bolan": -2,
  "bold": 2,
  "Boleč": 2,
  "boleče": -2,
  "bolečina": -2,
  "bolečino": -2,
  "bolezen": -1,
  "bolezni": -1,
  "Bolezni": -2,
  "boli": -2,
  "bolje": 2,
  "bomb": -1,
  "bore": -2,
  "bori": -2,
  "borijo": -2,
  "boril": -2,
  "Božji dar": 4,
  "branilec": 2,
  "Braniti": 2,
  "brave": 2,
  "braveness": 2,
  "bravura": 3,
  "brazgotina": -2,
  "brazgotine": -2,
  "brez počitka": -2,
  "Brez pomena": -2,
  "brez življenja": -1,
  "brezbožni": -2,
  "brezbrižnost": -2,
  "brezdomci": -2,
  "brezhiben": 2,
  "brezhibno": 2,
  "brezposelni": -1,
  "brezposelnost": -2,
  "brezšivne": 2,
  "Brezskrben": -2,
  "brezskrbno": 1,
  "brezsrčni": -2,
  "brezupno": -2,
  "brezupnost": -2,
  "brezzobi": -2,
  "briga": 2,
  "briljantno": 4,
  "brilliance": 3,
  "brilliances": 3,
  "bris": -2,
  "brlog": -1,
  "bruha": -3,
  "bruhal": -3,
  "bruhanje": -3,
  "brutal": -3,
  "brutalno": -3,
  "bruto": -2,
  "bujna": 4,
  "bully": -2,
  "butec": -4,
  "Čaka": -1,
  "čakajo": -1,
  "čar": 3,
  "Časa": -2,
  "čast": 2,
  "častijo": 3,
  "častili": 3,
  "čeden": 3,
  "celovito": 2,
  "celovitost": 2,
  "čelu": 2,
  "ceni": 2,
  "cenijo": 2,
  "cenjena": 2,
  "cenjenih": 2,
  "cenovno": 2,
  "cenzor": -2,
  "cenzorji": -2,
  "cenzurirani": -2,
  "cepec": -4,
  "češčenje": 3,
  "čestital": 2,
  "čestitam": 2,
  "čestitke": 2,
  "Čestitke": 2,
  "Chagrin": -2,
  "chagrined": -2,
  "charmless": -3,
  "chastises": -3,
  "chastising": -3,
  "cheerless": -2,
  "chic": 2,
  "chides": -3,
  "chiding": -3,
  "ciničen": -2,
  "Cinik": -2,
  "cinizem": -2,
  "čist": 2,
  "čista": 1,
  "čistilec": 2,
  "classy": 3,
  "človekoljubje": 2,
  "clueless": -2,
  "conciliated": 2,
  "conciliates": 2,
  "consolable": 2,
  "contagions": -2,
  "cool": 1,
  "courageousness": 2,
  "coziness": 2,
  "crappy": -3,
  "crash": -2,
  "criminated": -3,
  "criminates": -3,
  "črnuh": -5,
  "čudak": -2,
  "čudesa": 3,
  "čudež": 4,
  "čudno": -1,
  "čudovit": 4,
  "čudovito": 4,
  "cut": -1,
  "daj": -1,
  "damn": -2,
  "damned": -4,
  "dampinški": -2,
  "Daredevil": 2,
  "darilo": 2,
  "darovanje": 2,
  "darovati": 2,
  "daruje": 2,
  "darujejo": 2,
  "davila": -2,
  "deformacij": -2,
  "deformacija": -2,
  "deformirani": -2,
  "Defrauded": -2,
  "defrauds": -3,
  "degradirano": -2,
  "dehumanizing": -2,
  "dehumanizirane": -2,
  "Dehumanizovati": -2,
  "deject": -2,
  "dejecting": -2,
  "dejects": -2,
  "deliti": 1,
  "delnice": 1,
  "deložacija": -1,
  "Demoralizatorski": -2,
  "demoralizes": -2,
  "Demoraliziran": -2,
  "demoralizirani": -2,
  "den": -2,
  "deniers": -2,
  "dent": -2,
  "deportacije": -2,
  "deportacijo": -2,
  "deports": -2,
  "depresiven": -2,
  "depresivni": -2,
  "derails": -2,
  "derides": -2,
  "deriding": -2,
  "despairs": -3,
  "destruktivno": -3,
  "devastations": -2,
  "deževno": -1,
  "dezinformacije": -2,
  "diamond": 1,
  "dick": -4,
  "die": -3,
  "dih jemajoče": 5,
  "dilema": -1,
  "dilligence": 2,
  "dire": -3,
  "direful": -3,
  "disconsolation": -2,
  "disfunkcija": -2,
  "disgustful": -3,
  "diskontirani": -1,
  "diskreditirana": -2,
  "diskriminatorna": -2,
  "diskriminira": -2,
  "diskriminirani": -2,
  "diskvalificirana": -2,
  "disparaged": -2,
  "disrespected": -2,
  "divji": -1,
  "dobiček": 2,
  "dobičkar": -2,
  "dobro": 3,
  "dobro ime": 3,
  "dobro jutro": 1,
  "dobro negovani": 2,
  "dobro počutje": 2,
  "dobro razmerij": 2,
  "dobro razvito": 2,
  "dobro usmerjena": 2,
  "dobro zavzemal": 3,
  "dobrodelnost": 2,
  "dobrodošli": 2,
  "dobrohotni": 3,
  "dobrota": 3,
  "dobrotnik": 2,
  "dobrotniki": 2,
  "dogovorjeno": 1,
  "dolg": -2,
  "dolgčas": -2,
  "dolgočasen": -3,
  "dolgočasno": -2,
  "določi": 2,
  "dolorous": -2,
  "domiselne": 2,
  "domišljav": -2,
  "domišljije": -2,
  "domotožje": -2,
  "donosen": 3,
  "donosna": 2,
  "dont všeč": -2,
  "doom": -2,
  "dopolni": 2,
  "doseg": 2,
  "dosega": 2,
  "doseganje": 2,
  "dosegljiv": 1,
  "doseže": 2,
  "dosežek": 2,
  "dosežena": 1,
  "dosežke": 2,
  "dostojanstvo": 2,
  "dostopno": 1,
  "douche": -3,
  "Douchebag": -3,
  "dovolj": -2,
  "Downer": -2,
  "draga": -2,
  "dragi": 2,
  "drago": 3,
  "dragulj": 3,
  "dragulji": 1,
  "draži": -3,
  "dread": -2,
  "drek": -3,
  "drhti": -2,
  "drobljenje": -1,
  "drzne": 2,
  "drzno": 3,
  "dud": -2,
  "duh": 1,
  "duhovit": 2,
  "dumb": -3,
  "dump": -1,
  "dupe": -2,
  "dupery": -2,
  "dušenje zvoka": -1,
  "dušilke": -2,
  "dvig": 1,
  "dviga": 1,
  "dvoma": -1,
  "dvomi": -1,
  "dvomil": -1,
  "dvomljiva": -1,
  "dvomljive": -2,
  "eery": -2,
  "ekstatične": 4,
  "ekstremistično": -2,
  "eleganten": 2,
  "elegantno": 2,
  "empathetic": 2,
  "enak": -2,
  "energična": 2,
  "enkrat v življenju": 3,
  "enostavno": 1,
  "enostavnost": 2,
  "enoten": 1,
  "enrages": -2,
  "enraging": -2,
  "enthrall": 3,
  "envying": -1,
  "escape": -1,
  "esteem": 2,
  "etično": 2,
  "evakuacija": -1,
  "evakuacijo": -1,
  "evakuirali": -1,
  "evakuirati": -1,
  "evergreen": 2,
  "evergreening": -3,
  "evforično": 4,
  "evforija": 3,
  "exasparate": -2,
  "exasperates": -2,
  "exultantly": 3,
  "fad": -2,
  "fag": -3,
  "fagot": -3,
  "fallen": -2,
  "false": -1,
  "Fanatik": -2,
  "fanatiki": -2,
  "Fantastična": 3,
  "fantastično": 4,
  "farsa": -1,
  "fascinacija": 3,
  "fascinantno": 3,
  "fascinira": 3,
  "fašist": -2,
  "fašisti": -2,
  "fervid": 2,
  "fit": 1,
  "fitness": 1,
  "flop": -2,
  "flops": -2,
  "fobija": -2,
  "fond": 2,
  "foreclosures": -2,
  "frikin": -2,
  "frustracije": -2,
  "frustrirajoče": -2,
  "ftw": 3,
  "fucked": -4,
  "fucker": -4,
  "fuckface": -4,
  "fuckhead": -4,
  "fuckin": -4,
  "fucking": -4,
  "fucking ljubezen": 4,
  "fucktard": -4,
  "FUD": -3,
  "fuked": -4,
  "fuking": -4,
  "fun": 4,
  "funky": 2,
  "gag": -2,
  "gagged": -2,
  "galanterijo": 3,
  "galantno": 3,
  "Garancija": 1,
  "genial": 3,
  "glamourous": 3,
  "glamurozno": 3,
  "glasni": -1,
  "glavobol": -2,
  "glede na to,": 1,
  "glee": 3,
  "globe": -2,
  "gnilo": -3,
  "gnusen": -3,
  "goljuf": -3,
  "goljufa": -3,
  "goljufal": -3,
  "goljufanje": -3,
  "goljufi": -4,
  "goljufija": -3,
  "goljufije": -3,
  "goljufivo": -3,
  "Goodlooking": 3,
  "goofiness": -2,
  "goreča": 2,
  "gorečimi": 1,
  "Gostoljubiv": 2,
  "govorilo": 2,
  "Gr8": 3,
  "grace": 1,
  "Graditi": -2,
  "Graja": -2,
  "grajal": -3,
  "grand": 3,
  "grda": -3,
  "greenwasher": -3,
  "greenwashers": -3,
  "greenwashing": -3,
  "grehi": -2,
  "grenko": -2,
  "grešni": -3,
  "Grešni kozel": -2,
  "grešni kozli": -2,
  "grim": -2,
  "gripa": -2,
  "grob": -2,
  "grozen": 4,
  "groženj": -2,
  "grozila": -1,
  "grozljiv": -3,
  "grozljivo": -2,
  "Grozna": -3,
  "grožnja": -2,
  "grožnje": -2,
  "grozno": -3,
  "Grozno": -2,
  "grozodejstvo": -3,
  "grozovit": -3,
  "gun": -1,
  "ha": 2,
  "hacked": -1,
  "haha": 3,
  "hahaha": 3,
  "hahahah": 3,
  "haplessness": -2,
  "hardier": 2,
  "hardy": 2,
  "harmonično": 2,
  "harmonija": 2,
  "Harried": -2,
  "haunts": -1,
  "heavyhearted": -2,
  "hehe": 2,
  "hell": -4,
  "hinavski": -2,
  "hipnotično": 3,
  "histerični": -3,
  "histerija": -3,
  "histerije": -3,
  "hitra": 2,
  "hitro": 2,
  "hlajenje": -1,
  "hollow": -1,
  "hooligan": -2,
  "hospitalizirani": -2,
  "Hrabri": 3,
  "hrepenenje": 1,
  "Hrup": -3,
  "hrupno": -1,
  "huckster": -2,
  "huda": -2,
  "huligani": -2,
  "huliganstvo": -2,
  "humane": 2,
  "humerous": 3,
  "humor": 2,
  "humoren": 2,
  "hura": 5,
  "hvala": 2,
  "hvaležen": 3,
  "hvali": 3,
  "Hvali": -2,
  "Hvalisav": -2,
  "hvaliti": 3,
  "icky": -3,
  "idiot": -3,
  "Idiotizam": -3,
  "idiotsko": -3,
  "ignorance": -2,
  "ignorant": -2,
  "ignorira": -2,
  "Igra spreminjajoče": 3,
  "igriv": 2,
  "imbecil": -3,
  "immortal": 2,
  "imobiliziran": -1,
  "impeachments": -3,
  "impedingly": -2,
  "impotenten": -2,
  "impresioniran": 3,
  "impresivna": 3,
  "imunski": 1,
  "In memoriam": -2,
  "in poslabšanje": -2,
  "incapacitates": -2,
  "incensing": -2,
  "indoctrinates": -2,
  "indoktri": -2,
  "Indoktrinacija": -3,
  "indoktrinacijo": -2,
  "Indoktriniran": -2,
  "inediable": -2,
  "infantilized": -2,
  "infantilne": -2,
  "infesting": -2,
  "infests": -2,
  "inflicts": -2,
  "infract": -2,
  "infracted": -2,
  "infracting": -2,
  "infracts": -2,
  "inkvizicija": -2,
  "inovacije": 1,
  "inovativna": 2,
  "inovativnost": 1,
  "insanity": -2,
  "insolventen": -2,
  "inspirativno": 2,
  "insuficienca": -2,
  "inteligentni": 2,
  "intenzivno": 1,
  "interesi": 1,
  "intimnost": 2,
  "intransigency": -2,
  "invalidnost": -2,
  "invalidnosti": -2,
  "invazija": -1,
  "iracionalno": -1,
  "ironic": -1,
  "ironija": -1,
  "iskra": 1,
  "iskren": 2,
  "iskreno": 3,
  "iskrenost": 2,
  "iskrice": 3,
  "izbil": 1,
  "izboljšalo": 2,
  "izboljšanje": 2,
  "izboljšava": 2,
  "izboljšuje": 2,
  "izbral": 1,
  "izbruh": -2,
  "izbruhi": -2,
  "izčrpan": -3,
  "izčrpana": -2,
  "izdaja": -3,
  "izdajstvo": -3,
  "izdal": -3,
  "Izdati": -3,
  "izgine": -1,
  "izginejo": -1,
  "izginila": -1,
  "izgnali": -2,
  "izgnani": -2,
  "izgnati": -2,
  "izgon": -2,
  "izgonu": -2,
  "izgovor": -1,
  "izguba": -3,
  "izgube": -3,
  "izgubi": -3,
  "Izgubiti": -2,
  "izgubljen": -3,
  "izjemna": 2,
  "izključena": -2,
  "izključi": -1,
  "izključitev": -1,
  "izključna": 2,
  "izkorišča": -2,
  "izkoriščajo": -2,
  "izkoriščanje": -2,
  "izkrivlja": -2,
  "izkrivljajo": -2,
  "izkrivljena": -2,
  "izmeček": -3,
  "izmikanje": -2,
  "izneveri": -3,
  "izogiba": -1,
  "izogibati": -1,
  "izogniti": -1,
  "izolacijo": -2,
  "izolirani": -1,
  "izpadi": -2,
  "izpodbijanje": -2,
  "izpodbijati": -2,
  "izpolnitev": 2,
  "izpolnjeni": 2,
  "izpolnjujejo": 2,
  "izpopolnjena": 2,
  "izpostavi": -1,
  "izpostavitvijo": -1,
  "izpostavlja": -1,
  "izpostavljena": -1,
  "izpuščaj": -2,
  "izrastki": 2,
  "izsiljeval": -3,
  "izsiljevanja": -3,
  "izsiljevanje": -3,
  "izsiljuje": -3,
  "izstreljuje": -2,
  "izsušena": -2,
  "iztiril": -2,
  "iztirila": -2,
  "izvzeti": -1,
  "izženejo": -2,
  "izziv": -1,
  "izzivalen": -1,
  "izzove": -1,
  "izzovejo": -1,
  "izzvala": -1,
  "ja": 1,
  "jackass": -4,
  "jackasses": -4,
  "jalovo": -2,
  "jarek": 3,
  "jasno": 1,
  "jasnost": 2,
  "Jaukanje": -2,
  "je potrdila": -1,
  "je vzkliknil": -2,
  "jebači": -4,
  "jedko": -3,
  "jesus": 1,
  "jewel": 1,
  "jeza": -3,
  "jezen": -3,
  "Jezerce": -2,
  "jezila": -3,
  "jok": -1,
  "jokajo": -2,
  "jolly": 2,
  "jopičev": -3,
  "joške": -2,
  "joyless": -2,
  "Juhu": 3,
  "jumpy": -1,
  "junak": 2,
  "junaki": 2,
  "junaški": 3,
  "kadeče": -2,
  "kadila": -2,
  "kakovost": 2,
  "kaos": -2,
  "kaotično": -2,
  "karizmo": 2,
  "katastrofa": -3,
  "katastrofalne": -4,
  "katastrofalno": -3,
  "kazen": -2,
  "kazenska": -3,
  "kazni": -2,
  "kazniva dejanja": -2,
  "kaznivimi": -3,
  "kaznivo dejanje": -2,
  "kaznoval": -3,
  "kaznovalne": -2,
  "kaznovani": -2,
  "kaznovanje": -2,
  "kaznuje": -2,
  "kesanja": -2,
  "ki omejuje": -2,
  "kickback": -3,
  "kihanje": -2,
  "kihanjem": -2,
  "kihnil": -2,
  "kinder": 2,
  "klavrno": -3,
  "kljubovalno": -1,
  "kolaps": -2,
  "komedija": 1,
  "kompetence": 1,
  "kompliment": 2,
  "konflikti": -2,
  "konkurenčno": 2,
  "kontaminacija": -2,
  "kontaminira": -2,
  "kontaminirajo": -2,
  "kontaminirano": -2,
  "kontroverzno": -2,
  "koristi": 2,
  "koristno": 2,
  "korupcija": -3,
  "kosi": -1,
  "kot": 2,
  "kože": -1,
  "kradejo": -2,
  "krasen": 5,
  "krasti": -2,
  "kratkovidno": -2,
  "kratkovidnost": -2,
  "krči": -1,
  "krepak": 2,
  "Krepi": 2,
  "krepitev": 2,
  "kreten": -3,
  "kričal": -2,
  "kriči": -2,
  "kriminal": -3,
  "kriminalci": -3,
  "kriminirati": -3,
  "krinka": -3,
  "kritik": -2,
  "kritika": -2,
  "kritiki": -2,
  "kritizira": -2,
  "kritizirajo": -2,
  "kritizirali": -2,
  "kritiziranja": -2,
  "kriv": -3,
  "kriva izpovedba": -3,
  "krivda": -2,
  "krivi": -2,
  "krivica": -2,
  "krivijo": -2,
  "kriza": -3,
  "krovu": 1,
  "kršena": -2,
  "krši": -2,
  "kršijo": -2,
  "kršila": -2,
  "kršiteljem": -2,
  "kršitev": -2,
  "kršitve": -2,
  "kršitve,": -2,
  "kruto": -2,
  "krutost": -3,
  "krvavo": -3,
  "kudos": 3,
  "kuga": -3,
  "kuhano": -2,
  "kul stvari": 3,
  "kurba": -5,
  "lag": -1,
  "lagal": -2,
  "lahko \"t stati": -3,
  "lahkoveren": -2,
  "Lahkovernost": -2,
  "lajšanje": 2,
  "lakota": -2,
  "lame": -2,
  "lapse": -1,
  "lastnosti": 2,
  "laughting": 1,
  "lawl": 3,
  "lažnivci": -3,
  "lažnivec": -3,
  "lažno": -2,
  "leak": -1,
  "leni": -1,
  "lepa": 3,
  "lepo": 3,
  "lepota": 3,
  "lepote": 3,
  "letargija": -2,
  "lethal": -2,
  "lifesaver": 4,
  "likers": 2,
  "Likujući": 3,
  "ljubček": 2,
  "ljubeč": 2,
  "ljubeč, prijaznost": 3,
  "ljubek": 2,
  "ljubezen": 3,
  "ljubezniv": 3,
  "ljubi": 3,
  "ljubil": 3,
  "ljubitelji": 2,
  "ljubiti": -3,
  "ljubljeni": 3,
  "ljubosumen": -2,
  "ljubosumje": -2,
  "ljut": -2,
  "lmao": 4,
  "LMFAO": 4,
  "Lobi": -2,
  "lobiral": -2,
  "lobiranje": -2,
  "lobist": -2,
  "lobisti": -2,
  "ločiti": -2,
  "lojalnost": 3,
  "lol": 3,
  "lolol": 4,
  "lololol": 4,
  "lolololol": 4,
  "lool": 3,
  "loool": 3,
  "looool": 3,
  "lov": 1,
  "lovelies": 3,
  "lovely": 3,
  "lugubrious": -2,
  "Lukavstvo": -2,
  "macabre": -2,
  "mad": -3,
  "madeup": -1,
  "majavo": -2,
  "maladaption": -2,
  "maldevelopment": -2,
  "Malodušan": -2,
  "malodušna": -2,
  "manipulacija": -1,
  "manipulacija tržnih cen": -3,
  "manipulacijsko": -1,
  "manipulira": -1,
  "manj opazne": -1,
  "manjka": -2,
  "marajo": -2,
  "marali": -2,
  "marvel": 3,
  "maščeval": -2,
  "maščevalec": -2,
  "maščevalen": -2,
  "maščevanje": -2,
  "maščuje": -2,
  "matice": -3,
  "med priljubljene": 2,
  "medalja": 3,
  "meditativno": 1,
  "mejnik": 2,
  "melanholija": -2,
  "menaced": -2,
  "merilo izpolnjuje": 2,
  "metodične": 2,
  "metodično": 2,
  "milostiv": 3,
  "mir": 2,
  "miren": 2,
  "mirno": 2,
  "mirthfully": 3,
  "misbranding": -3,
  "miscast": -2,
  "mischiefs": -1,
  "misclassifies": -2,
  "misclassify": -2,
  "misconducted": -2,
  "misconducting": -2,
  "misconducts": -2,
  "misleaded": -3,
  "misplaces": -2,
  "misplacing": -2,
  "misreport": -2,
  "misreports": -2,
  "mit": -1,
  "mladosten": 2,
  "množice": -1,
  "mo": -2,
  "moč": 2,
  "močan": 2,
  "mock": -2,
  "močna": 2,
  "močnejši": 2,
  "Moda": -2,
  "modernizira": 2,
  "modrost": 1,
  "mojstrovina": 4,
  "mojstrovine": 4,
  "moli": 1,
  "moliti": 1,
  "mongering": -2,
  "monopolizira": -2,
  "monopoliziran": -2,
  "monopoliziranja": -2,
  "monopolizirati": -2,
  "monotone": -1,
  "mope": -1,
  "Mori": -3,
  "morilec": -2,
  "morilski": -3,
  "moron": -3,
  "moteč": -2,
  "moteča": -2,
  "moteče": -2,
  "moten": -2,
  "moteno": -2,
  "motherfucker": -5,
  "motherfucking": -5,
  "moti": -2,
  "motijo": -2,
  "motivacija": 1,
  "motivirani": 2,
  "motiviranje": 2,
  "motivirati": 1,
  "motnja": -2,
  "motnje": -2,
  "motnjo": -2,
  "možnosti": 2,
  "mračna": -2,
  "mračno": -2,
  "mrtev": -3,
  "mučenja": -4,
  "mučenje": -4,
  "mučili": -4,
  "Mučiti": -3,
  "mučno": -1,
  "muhast": 1,
  "mumpish": -2,
  "n00b": -2,
  "na srečo": 3,
  "na žalost": -2,
  "na zdravje": 2,
  "nadlegovali": -3,
  "nadlegovan": -2,
  "nadlegovanje": -3,
  "nadleguje": -3,
  "nadlegujejo": -3,
  "nadležen": -2,
  "nadloge": -3,
  "nadzor": -1,
  "nagajajta": -2,
  "nagajati": -2,
  "nagajivost": -1,
  "nagel": 3,
  "nagnusni": -3,
  "nagrada": 3,
  "nagrade": 3,
  "nagrajeni": 2,
  "nagrajevanje": 2,
  "naiven": -2,
  "najboljši": 3,
  "najboljši prekleto": 4,
  "najčistejši": 1,
  "najhujši": -2,
  "najmočnejši": 2,
  "najnižja": -1,
  "najostrejši": -2,
  "najpametnejše": 2,
  "najpametnejši": 2,
  "najplemenitejša": 2,
  "najrevnejše": -2,
  "najslabše": -3,
  "najslajša": 3,
  "najsrečnejši": 3,
  "najtemnejši": -2,
  "največji": 3,
  "naključno": -2,
  "naklonjenost": 3,
  "nakopičiti": -1,
  "nalaga": -1,
  "nalezljiva": -1,
  "naloži": -1,
  "namenjen": 3,
  "namenska": 2,
  "namrščena": -1,
  "napačna": -2,
  "napačno": -2,
  "napačno obravnava": -2,
  "napačno poročanje": -2,
  "Napačno prebrati": -1,
  "napačno razumljen": -2,
  "napad": -1,
  "napadajo": -1,
  "napadene": -2,
  "napadi": -1,
  "napadli": -1,
  "napaka": -2,
  "napake": -2,
  "napeto": -2,
  "napetost": -1,
  "napihnjenosti": -1,
  "naporna": -2,
  "napredek": 2,
  "napredno": 1,
  "narašča": 1,
  "naravna": 1,
  "naravnost": 1,
  "narcizem": -2,
  "narobe": -2,
  "narobe razumel": -2,
  "naselja": 1,
  "naselje": 1,
  "nasilje": -3,
  "nasilno": -3,
  "nasloni": 1,
  "nasmeh": 2,
  "nasmehnila": 2,
  "nasmehov": 2,
  "nasmejan": 2,
  "nasprotnik": -1,
  "nasprotujoča": -2,
  "nasty": -3,
  "natančneje": 1,
  "Natmuren": -2,
  "navdih": 2,
  "navdihnjen": 2,
  "navdihuje": 2,
  "navdihujoč": 3,
  "navdušen": 3,
  "navdušeni": 5,
  "navdušenje": 3,
  "navdušila": 3,
  "navdušili": 3,
  "navdušuje": 3,
  "naveličani": -3,
  "navijali": 2,
  "navijanja": 2,
  "ne": -2,
  "ne deluje": -2,
  "ne deluje pravilno": -2,
  "ne more": -2,
  "ne pozna": -2,
  "ne razume": -2,
  "ne strinja": -2,
  "ne upošteva": -2,
  "nebesa": 2,
  "nebeški": 4,
  "nečloveško": -2,
  "nedelovanje": -2,
  "Nedopadljiv": -2,
  "Nedrag": -2,
  "neenako": -1,
  "neetično": -2,
  "nega": 2,
  "negativna": -2,
  "negativnost": -2,
  "negotov": -2,
  "Negotov": -1,
  "negotova": -1,
  "negovanjem": 2,
  "neguje": 2,
  "nehigienično": -2,
  "nehote": -2,
  "nehvaležno": -3,
  "neizpolnjena": -2,
  "neizprosno": -3,
  "nejasna": -1,
  "nekatere": 1,
  "Nekdanja": -2,
  "neke vrste": 0,
  "nelagodje": -2,
  "nelegitimna": -3,
  "nelogično": -2,
  "nemir": -2,
  "nemiren": -2,
  "nemiri": -2,
  "nemočni": -2,
  "nemotivirani": -2,
  "Nenadahnut": -2,
  "Nenadaren": -2,
  "nenaklonjena": -2,
  "nenamerno": -2,
  "neobčutljiv": -2,
  "neobčutljivost": -2,
  "neobvladljivo": 2,
  "neodgovorno": -2,
  "neodločen": -1,
  "neodločenih": -2,
  "neodločni": -2,
  "neodobravanje": -2,
  "neodobreni": -2,
  "neodobrenih": -2,
  "neokusna": -2,
  "neokusno": -2,
  "neopazno": 2,
  "neopravičljivo": -3,
  "Neoprostiv": -3,
  "neorganizirano": -2,
  "nepismenost": -2,
  "nepomembno": -2,
  "neponovljive": -2,
  "nepopolna": -1,
  "nepopolno": -2,
  "nepopravljivo": -2,
  "nepopustljivost": -2,
  "nepoškodovana": 2,
  "nepošten": -2,
  "nepošteno": -2,
  "nepotrjenih": -1,
  "nepovezano": -2,
  "nepovraten": -1,
  "nepovratna sredstva": 1,
  "nepovratno": -1,
  "nepozabno": 1,
  "nepravično": -2,
  "nepravilna": -2,
  "nepravilno": -2,
  "nepravilnost": -2,
  "nepremagljiv": 2,
  "nepremišljenega": -2,
  "nepremišljeni": -2,
  "Nepremišljeno": -2,
  "nepreviden": -2,
  "nepridipravi": -5,
  "neprijeten": -2,
  "neprijetno": -2,
  "neprijetnosti": -2,
  "neprimerljivo": 1,
  "neprimerni": -2,
  "neprimerno": -2,
  "nepristranski": 2,
  "neprivlačno": -2,
  "neprizanesljiva": -2,
  "neprodane": -1,
  "neranljivi": 2,
  "nerazumljiva": -2,
  "nered": -2,
  "neresnične": -2,
  "nerodno": -2,
  "nervozno": -2,
  "nesebična": 2,
  "nesebično": 2,
  "Neslan": -2,
  "nesmisel": -2,
  "nesmiselno": -2,
  "nesocializirana": -2,
  "nesoglasje": -2,
  "nesorazmerno": -2,
  "nespečnost": -2,
  "nespodobno": -2,
  "nesporazum": -2,
  "nesposoben": -2,
  "nesposobna": -2,
  "nesposobni": -2,
  "nesposobnost": -2,
  "nespoštovanje": -2,
  "nesprejemljivo": -2,
  "Nesramno": -2,
  "nesreč": -2,
  "nesreča": -2,
  "nesreče": -2,
  "nesrečen": -2,
  "Nesrečen": -2,
  "nesrečne": -2,
  "Nesrečni": -2,
  "nestabilna": -2,
  "nestrokovno": -2,
  "nestrpen": 2,
  "nestrpni": -2,
  "Nestrpno": 2,
  "neučinkovita": -2,
  "neučinkovito": -2,
  "neučinkovitost": -2,
  "neugodne": -2,
  "neumen": -2,
  "neumno": -1,
  "neumnost": -3,
  "neuničljiva": 2,
  "neuporabna": -2,
  "neuporabnost": -2,
  "neupoštevanje": -2,
  "neupravičena": -2,
  "neurejene": -1,
  "neusmiljen": -1,
  "neuspel": -2,
  "neuspešna": -2,
  "neuspešne": -2,
  "neuspešno": -2,
  "neustavljiv": 2,
  "neustrašen": 2,
  "Neustrašiv": 2,
  "neustrašnost": 2,
  "Neuvažen": -2,
  "nevarna": -2,
  "nevarne": -2,
  "nevarno": -2,
  "nevarnost": -2,
  "neverjetno": 4,
  "nevreden": -2,
  "nevredni": -2,
  "nevšečnosti": -2,
  "nezadostno": -2,
  "nezadovoljen": -2,
  "nezadovoljni": -2,
  "nezadovoljstvo": -2,
  "nezahteven": -2,
  "nezakonito": -2,
  "nezaslišano": -3,
  "nezaupanje": -3,
  "nezaupljivi": -3,
  "nezavarovane": -2,
  "nezaželena pošta": -2,
  "nezaželene": -2,
  "nezdravo": -2,
  "neželeno": -2,
  "nezmožen": -2,
  "nezmožnost": -2,
  "nezmožnost za delo": -2,
  "neznanstveno": -2,
  "neznosen": -2,
  "nežnost": 2,
  "ni": -2,
  "Ni mi všeč": -2,
  "ni na voljo": -1,
  "ni uspelo": -2,
  "ni zabavno": -3,
  "ničvreden": -2,
  "niggas": -5,
  "no": -1,
  "noob": -2,
  "nor": -2,
  "Nor": -2,
  "nora": -2,
  "norci": -3,
  "norec": -3,
  "noro": -2,
  "norost": -3,
  "nujno": -1,
  "občudoval": 3,
  "občudovala": 3,
  "občuduje": 3,
  "občudujem": 3,
  "občutek": 1,
  "objem": 2,
  "objemi": 2,
  "oblečeni": -2,
  "obljuba": 1,
  "obljube": 1,
  "obljubil": 1,
  "obnavljanje": 1,
  "obnovitev": 1,
  "obnovljena": 1,
  "oboževal": 3,
  "obožuje": 3,
  "obožujejo": 3,
  "obrabljena": -1,
  "obrambe": -2,
  "obrekuje": -2,
  "obremenitev": -2,
  "obremenitve": -2,
  "obremenjeni": -2,
  "obremenjevanja": -2,
  "obresti": 1,
  "obscenost": -2,
  "obseden": 2,
  "obsodba": -2,
  "obsodbe": -1,
  "obsodijo": -2,
  "obsodil": -2,
  "obsoja": -2,
  "obsojen": -2,
  "obsojena": -2,
  "obstrukcija": -2,
  "obtožba": -2,
  "obtožbe": -2,
  "obtožen": -2,
  "obtožila": -2,
  "obtožilo": -2,
  "obtožiti": -2,
  "obtožuje": -2,
  "obup": -3,
  "obupan": -3,
  "obupani": -3,
  "Obupen": -3,
  "obupno": -3,
  "obvezna": -1,
  "obžaloval": -2,
  "obžaluje": -2,
  "obžalujejo": -3,
  "obžalujemo": -2,
  "očara": 3,
  "očaral": 3,
  "očarljiv": 3,
  "očarljivo": 3,
  "odbijajoča": -2,
  "odbili": -2,
  "oddano": 3,
  "odgovorne": 2,
  "odgovornost": 1,
  "Odklanjajte": -3,
  "odkrit": 2,
  "odlagališč": -1,
  "odlašanje": -1,
  "odličen": 3,
  "Odličen": 3,
  "odlično": 3,
  "odličnost": 3,
  "odlikuje": 2,
  "odločen": 2,
  "Odločen": 2,
  "odločilno": 1,
  "Odločiti": -2,
  "odločnim": 2,
  "odlogu": -1,
  "odloži": -1,
  "odložijo": -1,
  "odložiti": -1,
  "odmerijo": 1,
  "odmika": -1,
  "odobrava": 2,
  "odobravanje": 2,
  "odobren": 2,
  "odobrena": 1,
  "odobri": 1,
  "odobritev": 2,
  "Odobritev": 1,
  "odpadki": -1,
  "odpor": -3,
  "odpove": -2,
  "odpoved": -2,
  "odprta": 5,
  "odpuščen": -2,
  "odpusti": 1,
  "odrešitev": 2,
  "odškodnina": -3,
  "odsotni": -1,
  "odsotnih": -1,
  "odstopi": -1,
  "odstopil": -1,
  "odstopiti": -1,
  "odtujenost": -2,
  "odvaja": -1,
  "odvezuje": 2,
  "odvisna": 2,
  "odvračanje": -2,
  "odvratne": -3,
  "odvratno": -2,
  "odvrnilo": -2,
  "odvrniti": -1,
  "odvzem": -3,
  "odziven": 2,
  "ofenziva": -2,
  "ofenzivno": -2,
  "offline": -1,
  "ogabno": -2,
  "oglušujoč": -1,
  "ogorčen": -2,
  "Ogorčen": -2,
  "ogorčeni": -3,
  "ogorčenje": -2,
  "ogorčenju": -2,
  "ogroža": -2,
  "Ogroža": -2,
  "ogrožajo": -2,
  "ogrožena": -2,
  "ogrožene": -2,
  "ogroženost": -2,
  "ohlapna": -3,
  "okamneli": -2,
  "oklevajte": -2,
  "okoljsko zavajanje": -3,
  "Okolju prijazni": 2,
  "okrepiti": 2,
  "okrni": -2,
  "OKS": 2,
  "okusno": 3,
  "okužba": -2,
  "okužbe": -2,
  "Okužen": -2,
  "okuženih": -2,
  "okuži": -2,
  "okužijo": -2,
  "okužil": -2,
  "okužila": -2,
  "okvara": -2,
  "olajšan": 2,
  "olajšano": -2,
  "olajšave": 1,
  "Omahljiv": -2,
  "omalovaževal": -2,
  "omalovaževanja": -2,
  "omalovaževati": -2,
  "omamiti": -2,
  "omamljanje": 4,
  "omejena": -1,
  "omejenimi možnostmi": 2,
  "omejevanje": -2,
  "omejitev": -1,
  "omejitve": -1,
  "omejujejo": -2,
  "omogočajo": 1,
  "onemogoča": -2,
  "onemogočanje": -1,
  "Onemogočanje": -2,
  "onemogočilo": -2,
  "onesnaženo": -2,
  "onesnaževalcev": -2,
  "onesnaževalci": -2,
  "onesnaževalec": -2,
  "onesnaževalo": -2,
  "onesnaževanje": -2,
  "onesnažuje": -2,
  "onesnažujejo": -2,
  "oops": -2,
  "opazen": 2,
  "opolnomočenje": 2,
  "opomin": -2,
  "opominjam": -2,
  "opominov": -2,
  "opozarja": -2,
  "opozarjajo": -2,
  "opozoril": -2,
  "opozorila": -3,
  "opozorilo": -1,
  "Opozorilo": -3,
  "opravičevati": -1,
  "opravičil": -1,
  "opravičilo": -1,
  "opravičuje": -1,
  "Opravičujemo": -1,
  "opremljene": -1,
  "oprošča": 2,
  "oproščen": 2,
  "oproščena": 2,
  "oprosti": 2,
  "oprostilo": 2,
  "Oprostitev": 1,
  "oprostiti": 2,
  "optimistični": 2,
  "optimizem": 2,
  "optionless": -2,
  "opustili": -2,
  "opustiti": -2,
  "opustošena": -2,
  "opustošenje": -2,
  "organ": 1,
  "originalnosti": -2,
  "osamljen": -2,
  "osamljena": -2,
  "oškodovani": -2,
  "oslabi": -2,
  "oslabljen": -2,
  "oslabljena": -2,
  "osno": -1,
  "ospredju": 1,
  "osramočen": -2,
  "osramotili": -2,
  "osramotiti": -2,
  "osredotočen": 2,
  "ostanem": -2,
  "ostro": -2,
  "osumljencev": -1,
  "osumljenec": -1,
  "osupel": 2,
  "osvežujoče": 2,
  "oteževalna": -2,
  "otežuje": -2,
  "otročji": -2,
  "otrpel": -2,
  "otrple": -1,
  "outmaneuvered": -2,
  "overreacts": -2,
  "oversell": -2,
  "overselling": -2,
  "oversells": -2,
  "oversimplify": -2,
  "oversold": -2,
  "ovira": -2,
  "ovirajo": -2,
  "oviran": -2,
  "oviranje": -2,
  "Oviranje": -2,
  "ovirano": -2,
  "ovire": -2,
  "oxymoron": -1,
  "oživiti": 2,
  "oživlja": 2,
  "pada": -1,
  "padla": -1,
  "pameten": 2,
  "pametnejši": 2,
  "paničen": -3,
  "panike": -3,
  "para": 2,
  "paradoks": -1,
  "pardon": 2,
  "pardoning": 2,
  "Parodija": -2,
  "pasivno": -1,
  "past": -1,
  "pasti": -1,
  "pazljivi": 3,
  "pedra": -3,
  "Pega": -2,
  "peklensko": -2,
  "peneče": 3,
  "pereče": 1,
  "perverznež": -3,
  "pesimističen": -2,
  "pesimizem": -2,
  "pesti": -3,
  "petelin": -5,
  "pezde": -5,
  "pijan": -2,
  "Pique": -2,
  "pissing": -3,
  "pitied": -1,
  "pizda": -5,
  "plačati": -1,
  "plašen": -2,
  "plaši": -2,
  "plemeniti": 2,
  "plenilske": -2,
  "plinom siromašni": -2,
  "ploskajo": 2,
  "ploskali": 2,
  "po nesreči": -2,
  "pobegov": -1,
  "Pobuna": -2,
  "počaščen": 2,
  "počasen": -2,
  "počisti": 1,
  "Pod pritiskom": -2,
  "podaril": 2,
  "podcenjevanje": -1,
  "podcenjevati": -1,
  "podcenjuje": -1,
  "podcenjujejo": -2,
  "podjetni": 1,
  "podkupil": -3,
  "podkupnine": -3,
  "podkupovanja": -3,
  "podlega": -2,
  "podpira": 2,
  "podpora": 2,
  "podpornik": 1,
  "podporniki": 1,
  "podporno": 2,
  "podprta": -2,
  "Podrhtavanje": -2,
  "poenostavljanje": -2,
  "poenostavljeno": -2,
  "Pogajanja": -1,
  "Pogođen": -2,
  "pogreb": -1,
  "pogrebi": -1,
  "pogum": 2,
  "pogumni": 2,
  "pogumno": 2,
  "pohlep": -3,
  "Pohvala": 2,
  "pohvale": 3,
  "Pohvali": 2,
  "pohvalil": 3,
  "pojasnjuje": 2,
  "poklon": 2,
  "Pokunjen": -1,
  "pokvari": -3,
  "pokvarjena": -3,
  "polemike": -2,
  "polirani": 2,
  "poljub": 2,
  "polom": -3,
  "Polomljen": -2,
  "pomaga": 2,
  "Pomamiti": -2,
  "pomanjkanje": -2,
  "pomanjkljiv": -3,
  "pomanjkljiva": -2,
  "pomanjkljivo": -2,
  "pomanjkljivost": -2,
  "pomanjkljivosti": -2,
  "pomembna": 1,
  "pomembno": 2,
  "pomembnost": 2,
  "pomilostil": 2,
  "pomilostitve": 2,
  "pomilovanja vreden": -2,
  "pomirili": 1,
  "pomiriti": 2,
  "pomirja": 3,
  "Pomirja": 2,
  "pomirjajo": 3,
  "pomirjen": 1,
  "pomirjena": 3,
  "pomirjujoče": 2,
  "pomoč": 2,
  "ponaredek": -3,
  "ponaredki": -3,
  "ponarejati": -3,
  "ponarejena": -3,
  "ponarejevalcu": -3,
  "poneverbe": -3,
  "ponižan": -3,
  "ponižanje": -3,
  "ponižen": 1,
  "ponosni": 2,
  "ponosno": 2,
  "ponovni vzpostavitvi": 1,
  "ponudba": 2,
  "pooblasti": 2,
  "popolna": 3,
  "popolnoma": 3,
  "popolnost": 3,
  "popreproshcheno": -2,
  "popustljivi": 1,
  "porast": 1,
  "poraz": -2,
  "posesivni": -2,
  "poševnica": -2,
  "poševnice": -2,
  "pošiljatelji": -3,
  "posiljena": -4,
  "posiljevalec": -4,
  "posilstvo": -4,
  "Poškodba": -2,
  "poškodovan": -3,
  "poškodovana": -3,
  "poslabša": -2,
  "poslabšala": -2,
  "poslabšalo": -2,
  "poslabšanje": -2,
  "Posledic": -2,
  "posledice": -2,
  "posmeh": -2,
  "posmehovali": -2,
  "posmehuje": -2,
  "posodobitev": 2,
  "posodobiti": 2,
  "posodobljena": 2,
  "pospešek": 1,
  "pospešila": 1,
  "pospeški": 1,
  "pošteno": 2,
  "poštenost": 2,
  "posttravmatske": -2,
  "potegavščina": -2,
  "potekla": -1,
  "potemni": -2,
  "potešena": 2,
  "potrdi": 2,
  "potrdil": 2,
  "potrjena": 1,
  "potrjevanje": 1,
  "POTRJUJE": 2,
  "potrt": -2,
  "potvarja": -2,
  "poučen": -2,
  "poudaril": -2,
  "povabi": 1,
  "povečana": 1,
  "povečanje": 1,
  "povečuje": -2,
  "povešenimi": -2,
  "povešenost": -2,
  "povezane z nasiljem": -3,
  "povleci": -1,
  "povpraševanje": -1,
  "Povprečne": -2,
  "povprečnost": -3,
  "površni": -2,
  "povzroča": -2,
  "povzročena": -2,
  "pozabi": -1,
  "pozabil": -1,
  "pozabljeno": -1,
  "pozabljiv": -1,
  "požar": -2,
  "požarov": -2,
  "pozdrav": 2,
  "pozdravi": 2,
  "pozdravili": 1,
  "pozdraviti": 2,
  "pozdravlja": 2,
  "Pozdravlja": 2,
  "pozitiven": 2,
  "pozitivno": 2,
  "požrešen": -2,
  "pravdarstvo": -2,
  "pravice": 2,
  "pravičnost": 2,
  "pravljično": 4,
  "pravna": 1,
  "pravo smer": 3,
  "pray": 1,
  "praznično": 2,
  "praznina": -1,
  "prazno": -1,
  "praznoval": 3,
  "praznovanja": 3,
  "praznovanje": 3,
  "praznuje": 3,
  "praznujejo": 3,
  "prblm": -2,
  "prblms": -2,
  "preboj": 3,
  "precejšen": 1,
  "Precrtavati": -2,
  "predanost": 2,
  "prednost": 2,
  "prednosti": 2,
  "predstavitev": -1,
  "predvidevanje": 1,
  "prefinjene": 2,
  "preganja": -1,
  "preganjali": -2,
  "preganjani": -2,
  "preganjanju": -2,
  "pregnati": -1,
  "pregon": -1,
  "pregrada": -2,
  "prejema": 2,
  "prekine": -1,
  "prekinili": -2,
  "prekinitev": -2,
  "Prekinitev": -2,
  "prekiniti": -2,
  "prekinitve": -2,
  "prekinjena": -1,
  "prekinjeno": -1,
  "prekleta": -3,
  "prekleti ljubezni": 4,
  "prekleto": -4,
  "prekleto dober": 4,
  "prekleto dobro": 4,
  "prekleto fantastično": 4,
  "prekleto lepa": 4,
  "prekleto luštna": 4,
  "prekleto neverjetno": 4,
  "prekleto popolna": 4,
  "prekleto veliko": 4,
  "prekleto vroče": 2,
  "prekletstvo": -1,
  "preklic": -1,
  "prekliče": -1,
  "preklinjanja": -2,
  "preklinjati": -2,
  "prekomerno telesno težo": -1,
  "prekoračene": -2,
  "prekoračili": -2,
  "prekoračitev": -2,
  "prelisičen": -2,
  "prelomov": 2,
  "preložena": -1,
  "premagan": -2,
  "premeten": -2,
  "premoči": -2,
  "preobleke": -1,
  "preobleki": -1,
  "preobremenitev": -1,
  "prepove": -1,
  "prepovedana": -2,
  "prepovedano": -2,
  "prepovedjo": -2,
  "prepoveduje": -1,
  "preprečeni": -2,
  "preprečevanje": -1,
  "preprečiti": -1,
  "preprečuje": -1,
  "prepriča": 1,
  "prepričali": 1,
  "prepričan": 1,
  "prepričani": 2,
  "prepričani,": -1,
  "prepričati": 1,
  "preprodaje": -2,
  "preprostost": 1,
  "preseneča": 3,
  "presenečen": 3,
  "presenečeni": 2,
  "presenetiti": 2,
  "presenetljiva": 3,
  "presenetljivo": 3,
  "preslepitev": -3,
  "presrečen": 4,
  "prestopa": -2,
  "Prestopnik": -2,
  "prestrašen": -2,
  "Prestrašen": -2,
  "pretepli": -2,
  "pretihotapi": -2,
  "pretihotapiti": -2,
  "pretirana": -2,
  "pretirava": -2,
  "pretiraval": -2,
  "pretiravam": -2,
  "pretiravanje": -2,
  "pretiravate": -2,
  "pretiravati": -2,
  "pretrganja": -2,
  "pretvarja": -1,
  "pretvarjati": -1,
  "preusmerjanje": -1,
  "prevara": -2,
  "Prevara": -1,
  "prevarali": -3,
  "prevarani": -2,
  "prevarati": -3,
  "prevare": -2,
  "Prevare": -2,
  "preveč zaščitniški": -2,
  "previden": -1,
  "previdni": 2,
  "previdno": 2,
  "previdnost": 2,
  "previsoke": -2,
  "previsoko": -2,
  "preži": -1,
  "prezir": -2,
  "Prezir": -2,
  "prezira": -2,
  "preživela": 2,
  "preživeli": 2,
  "prezreti": -1,
  "Prezriv": -2,
  "prezrte": -1,
  "pričakovan": -1,
  "prick": -5,
  "pridobi": 2,
  "pridobivanje": 2,
  "pridobljenih": 2,
  "pridružijo": 1,
  "pridržanih": -2,
  "pridržanje": -2,
  "prihranki": 1,
  "prijatelj": 1,
  "prijateljski": 2,
  "prijateljstvo": 2,
  "prijazno": 2,
  "prijaznost": 2,
  "prijemanje": 2,
  "prijetna": 3,
  "prijetno": 3,
  "Prijetno": 3,
  "prikrajšane": -2,
  "prikrito": -1,
  "prikrivanje": -1,
  "priljubljene": 2,
  "priljubljeni": 3,
  "priljubljeno": 2,
  "priljubljenost": 3,
  "priložnost": 2,
  "primanjkljaj": -2,
  "primerna": 2,
  "primerno": 2,
  "priporoča": 2,
  "priporoči": 2,
  "priporočljivo": 2,
  "pripravljen": -2,
  "pripravljeni": 1,
  "pripravljenost": 2,
  "prisega": -2,
  "prisila": -2,
  "prisiljena": -2,
  "prisiljeni": 1,
  "Pristajati": 2,
  "Pristajući": 2,
  "pristojni": 2,
  "pristranski": -2,
  "pristranskosti": -1,
  "pritegniti": 1,
  "pritisk": -1,
  "pritožb": -2,
  "pritožba": -2,
  "pritoževati": -2,
  "pritožil": -2,
  "pritožuje": -2,
  "privabljanje": 2,
  "privilegiran": 2,
  "privlači": 1,
  "privlačna": 2,
  "privlačno": 2,
  "privlačnost": 2,
  "prizadenejo": -2,
  "prizadeta": -1,
  "priznal": -1,
  "priznam": -1,
  "priznani": 2,
  "priznanje": 2,
  "priznava": -1,
  "proaktivno": 2,
  "problem": -2,
  "Proćerdati": -2,
  "Prognati": -2,
  "propadel": -2,
  "propadi": -2,
  "propaganda": -2,
  "prosim": 1,
  "proslavi": 3,
  "prost": 1,
  "prostorna": 1,
  "prosveti": 2,
  "protest": -2,
  "protesta": -2,
  "protesti": -2,
  "protestniki": -2,
  "protisloven": -2,
  "prvak": 2,
  "prvaki": 2,
  "psevdoznanost": -3,
  "psice": -5,
  "psihopatske": -2,
  "pusti": -1,
  "pustolovščina": 2,
  "pustolovščine": 2,
  "pustolovski": 2,
  "radodaren": 2,
  "radosti": 3,
  "radostim": 4,
  "radoveden": 1,
  "radovedna": 2,
  "raduje": 4,
  "rafinirano": 1,
  "rageful": -2,
  "raj": 3,
  "rak": -1,
  "rane": -2,
  "ranljiva": -2,
  "ranljivost": -2,
  "rant": -3,
  "ranter": -3,
  "ranters": -3,
  "rants": -3,
  "raptured": 2,
  "rasist": -3,
  "rasiste": -3,
  "rasizem": -3,
  "Raspaljen": -2,
  "rast": 2,
  "ratificirala": 2,
  "ravnodušen": -2,
  "Ražalostiti": -2,
  "razbesni": -2,
  "razbremeni": 2,
  "razbremenijo": 2,
  "razbremenilne": 2,
  "razburjen": -2,
  "razburljiv": -3,
  "razburljiva": 3,
  "razburljivo": 3,
  "Razčloveči": -2,
  "Razdejanje": -2,
  "razdora": -2,
  "Razdragan": 3,
  "razdražena": -3,
  "Razdražujući": -2,
  "razgradijo": -2,
  "Raziskovalec": -3,
  "raziskovanja": 1,
  "raziskovanje": 1,
  "Razjarujući": -2,
  "razkačile": -2,
  "razkošje": 2,
  "razlagala": -2,
  "razločevanje": 2,
  "razočara": -2,
  "razočaral": -2,
  "razočaran": -2,
  "Razočaran": -2,
  "razočaranja": -2,
  "razočaranje": -2,
  "razpada": -2,
  "razpadati": -2,
  "razpoka": -1,
  "razširi": 1,
  "razširja": 1,
  "razsodbo": -1,
  "razsvetliti": 2,
  "razsvetljeni": 2,
  "razsvetljuje": 2,
  "raztegniti": 1,
  "raztrgano": -2,
  "razum": 2,
  "razvajen": -2,
  "razvalina": -2,
  "razvedrilo": 3,
  "razvozlati": 1,
  "razvpiti": -2,
  "rebel": -2,
  "recesija": -2,
  "recimo": 0,
  "Refines": 1,
  "regretful": -2,
  "reorganizacije": 2,
  "repelent": -2,
  "reprimanding": -2,
  "Repulse": -1,
  "rešen": 2,
  "reševanje": 2,
  "Reševanje": 1,
  "rešili": 2,
  "rešitev": 1,
  "rešiti": 1,
  "rešitve": 1,
  "resno": -2,
  "resolucija": 2,
  "restriktivna": -1,
  "rešuje": 1,
  "retard": -2,
  "revnejši": -2,
  "revščina": -1,
  "rezanje": -1,
  "Rezanje": -2,
  "rig": -1,
  "riot": -2,
  "rit": -4,
  "rob": -2,
  "robing": -2,
  "Robs": -2,
  "robusten": 2,
  "rodovitna": 2,
  "ROFL": 4,
  "roflcopter": 4,
  "roflmao": 4,
  "roman": 2,
  "romance": 2,
  "romantical": 2,
  "romantično": 2,
  "ropanja": -2,
  "ropar": -2,
  "rose": 1,
  "rotfl": 4,
  "rotflmfao": 4,
  "rotflol": 4,
  "rovka": -4,
  "Rugajući": -2,
  "ruševine": -2,
  "Ružnoća": -3,
  "sabotaža": -2,
  "Šala": 2,
  "šale": 2,
  "Šaljiv": 2,
  "salutiral": 2,
  "sam": -2,
  "samomor": -2,
  "samomorilski": -2,
  "samomorov": -2,
  "samostojna": -1,
  "samozadovoljni": -2,
  "samozavesten": 2,
  "samozavestno": 2,
  "sanje": 1,
  "sarkastičen": -2,
  "savange": -2,
  "savanges": -2,
  "scare": -2,
  "ščiti": 2,
  "scoop": 3,
  "scream": -2,
  "se strinjam": 1,
  "sebičen": -3,
  "sebičnost": -3,
  "seksi": 3,
  "selfzavedeni": -2,
  "selfzloraba": -2,
  "sesati": -3,
  "sexistic": -2,
  "shoody": -2,
  "shranjena": 2,
  "shranjevanje": 2,
  "šibao": -3,
  "šibko": -2,
  "šikaniranje": -3,
  "sili": -2,
  "simpatičen": 2,
  "simpatična": 2,
  "simpatij": -1,
  "sin": -2,
  "sin of a bitch": -5,
  "singleminded": -2,
  "siva": -1,
  "škandal": -3,
  "škandali": -3,
  "škandalozno": -3,
  "skepticizem": -2,
  "skeptični": -2,
  "skeptik": -2,
  "skeptiki": -2,
  "škoda": -2,
  "škodljiva": -2,
  "škodovali": -2,
  "škodovalo": -2,
  "škoduje": -2,
  "skrajneži": -2,
  "skrbelo": -3,
  "skrbi": -3,
  "skrbna": 2,
  "skril": -1,
  "skriti": -1,
  "skriva": -1,
  "skrivnim dogovarjanjem": -3,
  "Skromen": -2,
  "Škrt": -2,
  "slab": -3,
  "slaba": -2,
  "Slaba stran": -2,
  "slabo": -2,
  "slabost": -2,
  "slabosti": -2,
  "slaboten": -2,
  "slabša": -2,
  "slabše": -2,
  "Slačenje": -2,
  "sladko": 2,
  "slajše": 3,
  "slam": -2,
  "slava": 2,
  "slavni": 2,
  "slavno": 2,
  "slep": -1,
  "slepar": -2,
  "sleparija": -3,
  "slick": 2,
  "slicker": 2,
  "slickest": 2,
  "slikovito": 2,
  "slip": -1,
  "slovesna": -1,
  "slumping": -1,
  "smart": 1,
  "smeh": 1,
  "smejali": 1,
  "smešen": 4,
  "smešno": 4,
  "smeti": -1,
  "smiselna": 2,
  "smog": -2,
  "smola": -2,
  "smrdi": -2,
  "smrdijo": -2,
  "smrdljiva": -2,
  "smrdljivo": -2,
  "smrt": -2,
  "smrti": -2,
  "smrtna žrtev": -3,
  "smrtnih žrtev": -3,
  "smrtnost": -2,
  "smrtonosna": -3,
  "smuggles": -2,
  "snubbed": -2,
  "snubbing": -2,
  "Sočan": -1,
  "sočuten": 2,
  "sočutje": 2,
  "sodelujejo": 1,
  "sodni poziv": -2,
  "soglasij": 2,
  "soglasje": 2,
  "šok": -2,
  "šokantno": -2,
  "šoki": -2,
  "šokiran": -2,
  "solidarnost": 2,
  "solze": -2,
  "sore": -1,
  "šovinist": -2,
  "sovraštvo": -2,
  "sovraži": -3,
  "sovražil": -3,
  "sovražim": -3,
  "sovražiti": -3,
  "sovražnik": -2,
  "sovražniki": -2,
  "sovražno": -2,
  "spam": -2,
  "spammer": -3,
  "špekulativne": -2,
  "spletke": 1,
  "spodbudila": 1,
  "spodbuja": 2,
  "spodbujajo": 2,
  "spodbujanje": 2,
  "spodbujati": 1,
  "spodkopava": -2,
  "spodkopavajo": -2,
  "spodnesla": -2,
  "spopad": -2,
  "spopadati": -1,
  "spor": -2,
  "sporazum": 1,
  "spore": -1,
  "sporen": -2,
  "spori": -2,
  "sporna": -2,
  "sporno": -2,
  "sposoben": 1,
  "sposobnost": 2,
  "spoštovane": 2,
  "spoštovanje": 2,
  "spoštuje": 2,
  "spraševanje": -1,
  "sprave": 2,
  "spravlja v zadrego": -2,
  "sprejem": 1,
  "sprejema": 1,
  "sprejemajo": 1,
  "sprejemanje": 1,
  "sprejemljiva": 1,
  "sprejete": 1,
  "sprejme": 1,
  "Spreten": 2,
  "sproščeno": 2,
  "spusti": -1,
  "squelched": -1,
  "sram": -2,
  "sramežljiv": -1,
  "sramota": -2,
  "sramotno": -2,
  "sranje": -3,
  "srbeč": -2,
  "Srceparajući": -3,
  "srčkan": 2,
  "Srdit": -3,
  "sreča": 3,
  "srečen": 3,
  "srečna": 3,
  "srečo": 2,
  "sredstva": 2,
  "sredstvo": 2,
  "stab": -2,
  "stabilno": 2,
  "Stabs": -2,
  "stampede": -2,
  "statve": -1,
  "stavek": -2,
  "stavkajoči": -2,
  "stavke": -1,
  "stečaj": -3,
  "stereotip": -2,
  "stereotipne": -2,
  "stimulira": 1,
  "stinked": -2,
  "stinker": -2,
  "stisk": -2,
  "stiska": -2,
  "stiske": -2,
  "stiski": -2,
  "stojnica": -2,
  "stoka": -2,
  "stokanje": -2,
  "stop": -1,
  "stori": 1,
  "storilci": -2,
  "storilec": -2,
  "storjena krivica": -2,
  "strada": -2,
  "stradajo": -2,
  "stradati": -2,
  "strah": -2,
  "strahoma": -2,
  "strahopetec": -2,
  "strahopeten": -2,
  "strahu": -2,
  "Štrajk": -2,
  "stranski učinek": -2,
  "stranski učinki": -2,
  "strašen": -2,
  "Strašen": -2,
  "straši": -2,
  "strašnimi": -3,
  "strašno": -2,
  "strast": 1,
  "strasten": 2,
  "strdi": 2,
  "streljanje": -2,
  "stres": -1,
  "stresa": -2,
  "stresorje": -2,
  "streznitev": 1,
  "strinja": 1,
  "strinjam": -2,
  "strip": 1,
  "strjeni": 2,
  "strjevanja": 2,
  "strjevati": 2,
  "strog": 3,
  "Strog": -2,
  "strogo": 3,
  "strokovno": 2,
  "stroški": -2,
  "strožje": -2,
  "strto srce": -3,
  "strup": -2,
  "strupena": -3,
  "strupi": -2,
  "suave": 2,
  "subverzivna": -2,
  "sue": -2,
  "sueing": -2,
  "sulking": -2,
  "sulky": -2,
  "sum": -1,
  "sumljivo": -2,
  "Sumornost": -1,
  "sunshine": 2,
  "super": 4,
  "superior": 2,
  "supreme": 4,
  "Surovi": -1,
  "suženj": -3,
  "suženjstvo": -3,
  "sužnji": -3,
  "svaril": -2,
  "svetla": 1,
  "svetlost": 1,
  "sveže": 1,
  "svoboda": 2,
  "svoboščin": 2,
  "svojo žrtev": -3,
  "swindles": -3,
  "takoj": 1,
  "talent": 2,
  "Taman": -2,
  "tard": -2,
  "tema": -1,
  "teroristi": -2,
  "terorizirajo": -3,
  "terorizma": -2,
  "terrifically": 4,
  "terror": -3,
  "terrorizes": -3,
  "tesnobe": -2,
  "tesnobno": -3,
  "tesnobo": -3,
  "težave": -2,
  "težko": -1,
  "tihotapljenje": -2,
  "tiranski": -3,
  "tlači": -2,
  "toča": 2,
  "tolažba": 2,
  "toleranca": 2,
  "tolerantna": 1,
  "tolerantne": 2,
  "topla": 3,
  "Toplina": 2,
  "toplo": 1,
  "toplota": 2,
  "totalitarizem": -2,
  "totalitarna": -2,
  "tout": -2,
  "touted": -2,
  "touts": -2,
  "tožba": -2,
  "tožbe": -2,
  "toži": -2,
  "tragedija": -2,
  "tragedije": -2,
  "tragična": -2,
  "trajen": 2,
  "trajnost": 1,
  "trajnostno": 2,
  "travma": -3,
  "travmatična": -3,
  "trčenje": -2,
  "trči": -1,
  "Trčiti": -1,
  "trdi,": -1,
  "trditev": -2,
  "trdna": 2,
  "trdno": 2,
  "Trdo": -2,
  "Trdo delo": -2,
  "treasonous": -3,
  "trebuhu": -2,
  "tremor": -2,
  "tresenja": -2,
  "tresenje": -2,
  "trka": -1,
  "trkov": -2,
  "trmasti": -2,
  "trnova": -2,
  "troll": -2,
  "trpeti": -2,
  "trpi": -2,
  "trpijo": -2,
  "trpin": -2,
  "trpinčenje": -2,
  "trpljenje": -2,
  "truda": 2,
  "true": 2,
  "truplo": -1,
  "tumor": -2,
  "tveganja": -2,
  "tveganje": -2,
  "tvegano": -2,
  "twat": -5,
  "Tyran": -3,
  "tyrannic": -3,
  "tyrannically": -3,
  "tyrans": -3,
  "ubija": -3,
  "ubijanje": -3,
  "ubil": -3,
  "ubiti": -3,
  "Ubog": -2,
  "uboj": -3,
  "učinkovito": 2,
  "učinkovitost": 2,
  "udari": -1,
  "udobje": 2,
  "udobno": 2,
  "Uglavljen": -2,
  "ugodna": 2,
  "ugodne": 2,
  "ugodno": 2,
  "ugrabi": -2,
  "ugrabili": -2,
  "ugrabitev": -2,
  "ugrabitve": -2,
  "ugrabljena": -2,
  "uhaja": -1,
  "ujet": -2,
  "ukor": -2,
  "ukrade": -2,
  "ukradel": -2,
  "ukradeno": -2,
  "umazan": -2,
  "umazana": -2,
  "umazanih": -2,
  "umazanija": -2,
  "umazanijo": -2,
  "umik": -1,
  "umira": -3,
  "umirile": 2,
  "umiritev": 2,
  "umirjanje": 2,
  "umirjen": 2,
  "umor": -2,
  "umori": -2,
  "umorov": -2,
  "umrl": -3,
  "unappeasable": -2,
  "uncredited": -1,
  "unfitted": -2,
  "unfunny": -2,
  "ungenerous": -2,
  "uničen": -2,
  "uničena": -3,
  "uničenje": -3,
  "uničevanje": -3,
  "uničiti": -2,
  "uničuje": -2,
  "uničujejo": -2,
  "uničujoče": -2,
  "uninvolving": -2,
  "united": 1,
  "unovčena": 2,
  "unovčevanja": -2,
  "unparliamentary": -2,
  "unreleting": -2,
  "unresearched": -2,
  "untarnished": 2,
  "upa": 2,
  "upajmo": 2,
  "upam": 2,
  "upi": 2,
  "upor": -2,
  "uporabnost": 2,
  "uporniki": -2,
  "uporniško": -2,
  "upravičeno": 2,
  "upravičili": 2,
  "uravnotežen": 1,
  "urin": -4,
  "Ushićen": 4,
  "uslug": 2,
  "usmiljenje": 2,
  "usodna": -3,
  "uspe": 3,
  "uspeh": 3,
  "uspelo": 3,
  "uspešen": 2,
  "uspešna": 3,
  "uspešno": 3,
  "uspeti": 3,
  "Usplahiren": -2,
  "usrano": -3,
  "ustavi": -1,
  "ustavil": -1,
  "ustavitev": -1,
  "ustrahovali": -3,
  "ustrahovanje": -2,
  "ustrahovati": -2,
  "Ustrašil": -2,
  "ustrelil": -1,
  "ustrezna": 1,
  "ustrezno": 2,
  "ustvarjalno": 2,
  "utemeljena": 2,
  "utonil": -2,
  "utopi": -2,
  "utrpela": -2,
  "utrujen": -2,
  "utrujeni": -2,
  "utrujenost": -2,
  "uvedbi": -1,
  "uvedene": -1,
  "uveljavljene": 2,
  "užali": -2,
  "užalil": -2,
  "užaliti": -2,
  "užaljen": -1,
  "užaljenost": -2,
  "užaloščen": -2,
  "Uzaludan": -2,
  "užitek": 3,
  "uživa": 2,
  "uživajo": 2,
  "užival": 2,
  "Uznemiren": -2,
  "V čast": 2,
  "V redu": 2,
  "v skupni rabi": 1,
  "v upanju,": 2,
  "vabi": 1,
  "valijo": -2,
  "Valja": -2,
  "vara": -3,
  "varljivo": -3,
  "Varljivost": -4,
  "varna": 1,
  "varnejši": 2,
  "varno": 1,
  "varnost": 1,
  "varuje": 1,
  "vdano": 2,
  "vdova": -1,
  "več": 3,
  "vedro": 2,
  "veličastno": 3,
  "velika": 1,
  "velikodušno": 2,
  "ventilator": 3,
  "vera": 1,
  "verjame": 1,
  "verjamem": -2,
  "verjetno": -1,
  "vesel": 3,
  "Vesel": 3,
  "veseli": 3,
  "veselil": 4,
  "veseliti": 4,
  "veselje": 3,
  "veselo": 3,
  "veselost": 3,
  "victor": 3,
  "vidno": 2,
  "vigor": 3,
  "vile": -3,
  "vindicates": 2,
  "vindicating": 2,
  "virulenten": -2,
  "vitalnost": 3,
  "vitamin": 1,
  "vizija": 1,
  "vizije": 1,
  "vizionar": 3,
  "vizionarstvo": 1,
  "vladajoči": 1,
  "vleče": -1,
  "vlekel": -1,
  "vljuden": 2,
  "vljudno": 2,
  "vljudnost": 2,
  "vljudnostni": 2,
  "vlom": -2,
  "vlomilec": -2,
  "vnet": 2,
  "vneta": -2,
  "vodilna": 2,
  "vodilni": 2,
  "vodstvo": 1,
  "vojna": -2,
  "Vplivati": -2,
  "vplivna": 2,
  "Vprašanje": -2,
  "vprašljiva": -1,
  "vraga": -4,
  "vreden": 2,
  "vredno": 2,
  "vrh": 2,
  "vrhovi": 2,
  "vrhunec": 2,
  "vročina": -2,
  "vrste": 2,
  "Vrtoglav": -2,
  "vrtoglavico": -1,
  "všeč": 2,
  "všeč mi je": 2,
  "všečen": 2,
  "vseprisotne": 2,
  "vtis": 3,
  "vzburjenost": 3,
  "vzdih": -2,
  "vzdržljivost": 2,
  "vzgojo": 2,
  "vzklikanje": 2,
  "vznemiril": -2,
  "vznemiriti": 3,
  "vznemirjati": -3,
  "vznemirjen": -2,
  "vznemirjenje": 3,
  "vzneseno": 3,
  "vznesenosti": 3,
  "vzpodbuditi": 2,
  "walkouts": -2,
  "wanker": -3,
  "warmhearted": 2,
  "whore": -4,
  "Winwin": 3,
  "woebegone": -2,
  "woeful": -3,
  "won": 3,
  "woo": 3,
  "wooo": 4,
  "WOOW": 4,
  "wow": 4,
  "wowow": 4,
  "wowww": 4,
  "wtf": -4,
  "wtff": -4,
  "wtfff": -4,
  "xo": 3,
  "xoxo": 3,
  "xoxoxo": 4,
  "xoxoxoxo": 4,
  "yeees": 2,
  "yummy": 3,
  "z naslovom": 1,
  "z oblikovanjem": 3,
  "zabaval": 3,
  "zabaven": 2,
  "zabavo": 3,
  "Zaboden": -2,
  "zabrisati": -2,
  "začaran": 2,
  "začasno": -1,
  "začela": 1,
  "zadavil": -2,
  "zadeve": 1,
  "zadovoljen": 3,
  "Zadovoljen": 2,
  "Zadovoljiti": 2,
  "zadovoljstvo": 3,
  "zadrega": -2,
  "zadržani": -1,
  "zadržijo": -2,
  "zadušena": -1,
  "zaduši": -2,
  "zadušitve": -2,
  "zagotavljanje": 1,
  "zagotovitev": 2,
  "zagovorniki": 2,
  "zagrešile": -2,
  "Zagroziti": -2,
  "zahrbten": -1,
  "zahtevano": -1,
  "zahteve": -1,
  "zahtevno": -1,
  "zajebali": -2,
  "zajebavam": -2,
  "zaklad": 2,
  "zakladi": 2,
  "zakoniti": 2,
  "zakonito": 1,
  "zakovicami": 3,
  "zakričala": -2,
  "žal": -1,
  "žalitev": -2,
  "žalitve": -2,
  "žaljiv": -3,
  "žaljive": -2,
  "žaljivo": -2,
  "zaljubljen": -2,
  "zaljubljenost": 2,
  "žalost": -2,
  "žalosti": -2,
  "žalostna": -2,
  "žalostno": -2,
  "žaloval": -2,
  "žalovali": -2,
  "žalovanje": -2,
  "žaluje": -2,
  "žalujoča": -2,
  "zamaknjenost": 2,
  "zaman": -2,
  "zamegljen": -2,
  "zamegljena": -1,
  "zamenjujte": -2,
  "zamerljiv": -2,
  "zamikov": -2,
  "zamišljen": 2,
  "zamišljena": -1,
  "zamočil": -2,
  "zamrzil": -3,
  "zamudil": -2,
  "zamudo": -1,
  "zanemariti": -2,
  "zanemarja": -2,
  "zanemarjanje": -2,
  "zanesljiv": 2,
  "zanesljivo": 2,
  "zanesljivost": 2,
  "zanič": -2,
  "zaničevanja": -2,
  "zaničljivo": -2,
  "zanika": -2,
  "zanikal": -2,
  "zanikala": -2,
  "zanikanja": -2,
  "zanikanje": -2,
  "zanikati": -2,
  "zanima": 2,
  "zanimivo": 3,
  "zanimivosti": 2,
  "zaostajajo": -2,
  "zaostajala": -2,
  "zaostal": -2,
  "zaostanek": -2,
  "zaostruje": -2,
  "zapeljal": -1,
  "zapira": -2,
  "zaplete": -2,
  "zapleten": 2,
  "zapor": -2,
  "zapornik": -2,
  "zaporniki": -2,
  "zapravili": -2,
  "zapravlja": -2,
  "zapravljanju": -2,
  "zaprli": -2,
  "zaprt": -2,
  "zaprtje": -2,
  "Zapuščen": -2,
  "zapusti": -2,
  "zaračuna": -3,
  "zares": 2,
  "zarote": -3,
  "zaščiten": 1,
  "zaščititi": 1,
  "zaskoči": 1,
  "zaskrbljen": -2,
  "zaskrbljujoče": -2,
  "zasliševali": -2,
  "zaslužka": -3,
  "zasmehovali": -2,
  "zasmehujejo": -2,
  "zasral": -3,
  "zastalo": -2,
  "zastarela": -2,
  "zastoj": -2,
  "zastoja": -2,
  "zastokal": -2,
  "zastokala": -2,
  "zastraševali": -2,
  "zastrašujejo": -2,
  "zastrašujoče": -3,
  "zastrašujočega": -2,
  "zastrupljen": -2,
  "zasužnjenih": -2,
  "zasužnjiti": -2,
  "zasužnjuje": -2,
  "zategnjen": -2,
  "zatirana": -2,
  "zatiranja": -2,
  "zatiranje": -2,
  "zaupa": 2,
  "zaupana": 2,
  "zaupanje": 2,
  "zavaja": -3,
  "zavajajo": -3,
  "zavajajoča": -3,
  "zavajanjem": -2,
  "zavarovani": 2,
  "zavedena": -2,
  "zaverovani": 2,
  "zaveza": 2,
  "zavezana": 1,
  "zavezati": 1,
  "zaveznik": 2,
  "zavezuje": 1,
  "zavida": -1,
  "zavirajo": -1,
  "zavist": -1,
  "zavrača": -1,
  "zavreči": -1,
  "zavrne": -1,
  "zavrni": -2,
  "zavrnil": -2,
  "zavrnitev": -1,
  "zavrnitvami": -2,
  "zavrnjena": -1,
  "zavrnjeni": -2,
  "zavržki": -1,
  "zavržkov": -1,
  "zavzemal": 2,
  "zaželeno": 2,
  "zaznamek": 2,
  "zbegale": -2,
  "zbodljaj": -1,
  "zbolijo": -1,
  "zdravo": 2,
  "zdrobi": -1,
  "zdrobljen": -1,
  "zdrobljena": -2,
  "zelena pranje": -3,
  "želeno": 2,
  "želi": 1,
  "želijo": 1,
  "želja": 1,
  "želje": 1,
  "želji": 2,
  "Zgaditi": -3,
  "zgraža nad": -3,
  "zgrešiti": -2,
  "Zgrožen": -3,
  "zgrožena": -2,
  "zguba": -3,
  "zimzelene": 2,
  "živ": 1,
  "Živahan": 2,
  "živahen": 3,
  "živahno": 3,
  "Živahno": 3,
  "živci": -1,
  "živčni": -2,
  "živo": 2,
  "zlato": 2,
  "zletel s steze": -2,
  "zlo": -3,
  "Zloća": -3,
  "zločin": -3,
  "zločini": -3,
  "zlomil": -1,
  "zlorab": -2,
  "zloraba": -2,
  "zlorabe": -3,
  "zlorablja": -3,
  "zlorabljen": -3,
  "zlorabljena": -2,
  "zlorabo": -2,
  "zlovešč": 3,
  "Zlurad": -2,
  "zmaga": 4,
  "zmage": 3,
  "zmagoslavje": 4,
  "zmagoslavno": 4,
  "zmagovalci": 3,
  "zmagovalec": 4,
  "zmagovalni": 4,
  "Zmagovit": 2,
  "zmanjšati": -2,
  "zmanjšuje": -1,
  "zmeden": -2,
  "zmedeno": -2,
  "zmesti": -2,
  "zmogljivosti": 1,
  "zmoten": -2,
  "zmožnost": 1,
  "zmožnosti": 2,
  "znižanj": -2,
  "zrel": 2,
  "žrtev": -2,
  "žrtve": -3,
  "žrtve so": -3,
  "Žrtvovati": -3,
  "zvest": 3,
  "zvesti": 3,
  "zvit": 2
}