{
  "ٹی کھڑے کر سکتے ہیں": -3,
  "aborts": -1,
  "absolves": 2,
  "absolving": 2,
  "accolade کے": 2,
  "acrimonious": -3,
  "adoring کی": 3,
  "adoringly": 3,
  "affectionateness": 3,
  "affronted": -1,
  "aficionados کے": 2,
  "aggressiveness کے": -2,
  "agog": 2,
  "agonises": -3,
  "agonize": -3,
  "agonizes": -3,
  "amazes ہے": 2,
  "apeshit": -3,
  "appeases": 2,
  "arsehole": -4,
  "ASSFUCKING": -4,
  "astoundingly": 3,
  "astounds": 3,
  "Avengers کی": -2,
  "bamboozle": -2,
  "bamboozled": -2,
  "bamboozles": -2,
  "bankster": -3,
  "beatific": 3,
  "bereaves": -2,
  "bereaving": -2,
  "bitches کے": -5,
  "blithe": 2,
  "braveness": 2,
  "brilliances": 3,
  "carefulness": 2,
  "chagrined": -2,
  "charmless": -3,
  "chiding": -3,
  "cocksucker": -5,
  "cocksuckers": -5,
  "colliding کے": -1,
  "collisions سے": -2,
  "conciliates": 2,
  "consolable": 2,
  "contagions": -2,
  "contaminant": -2,
  "contestable": -2,
  "coziness کے": 2,
  "Cramp کی": -1,
  "crestfallen": -2,
  "criminate": -3,
  "criminated": -3,
  "criminates": -3,
  "deadening": -2,
  "debonair کے": 2,
  "defrauds": -3,
  "degrades ہے": -2,
  "dehumanizes": -2,
  "dejecting": -2,
  "dejects": -2,
  "deports": -2,
  "deriding": -2,
  "detracted": -1,
  "dickhead": -4,
  "diffident": -2,
  "dilligence": 2,
  "dipshit": -3,
  "direful": -3,
  "disapproving": -2,
  "disconsolate": -2,
  "disconsolation": -2,
  "disgustful": -3,
  "disoriented کیا": -2,
  "disparaged": -2,
  "disparages": -2,
  "Dour میں": -2,
  "downer": -2,
  "downhearted": -2,
  "droopy": -2,
  "dupery": -2,
  "dysfunction کے": -2,
  "eery": -2,
  "elation کے": 3,
  "empathetic کی": 2,
  "enrages": -2,
  "enrapture": 3,
  "ErrorUndefined": -3,
  "evacuates": -1,
  "evergreening": -3,
  "exaggerates": -2,
  "exasparate": -2,
  "exasperates": -2,
  "exasperating": -2,
  "excruciatingly": -1,
  "exhilarated": 3,
  "exhilarates": 3,
  "exultantly": 3,
  "fagots کے": -3,
  "fainthearted": -2,
  "Faker کی": -3,
  "faking کی": -3,
  "foreclosure کے": -2,
  "fraudulence": -4,
  "frikin": -2,
  "frowning کے": -1,
  "frustrates کرنے": -2,
  "FTW": 3,
  "fucker کے": -4,
  "Fuckers کی": -4,
  "fuckface": -4,
  "fuckhead": -4,
  "Fuckin اور": -4,
  "fucktard": -4,
  "FUD": -3,
  "fuking": -4,
  "funnier کے": 4,
  "glamourous": 3,
  "goofiness": -2,
  "GR8": 3,
  "greenwash": -3,
  "greenwasher": -3,
  "greenwashers": -3,
  "greenwashing": -3,
  "gripping کے": 2,
  "gullibility": -2,
  "Hahaha کی": 3,
  "hahahah": 3,
  "haplessness": -2,
  "hardier": 2,
  "heartwarming": 3,
  "heavyhearted": -2,
  "huckster": -2,
  "humerous": 3,
  "humourous": 2,
  "hysterics": -3,
  "impairing کے": -2,
  "impeachments": -3,
  "impedingly": -2,
  "incapacitates": -2,
  "incensing": -2,
  "indoctrinates": -2,
  "indoctrinating": -2,
  "inediable": -2,
  "ineffectively": -2,
  "inefficiently": -2,
  "infantilized": -2,
  "infests": -2,
  "Inflicted کی": -2,
  "infract": -2,
  "infracted": -2,
  "infracting": -2,
  "infracts": -2,
  "infuriate": -2,
  "infuriates": -2,
  "insipid": -2,
  "intimidates": -2,
  "intransigency": -2,
  "irreproducible": -2,
  "irresolute": -2,
  "jackasses": -4,
  "jocular": 2,
  "lackadaisical": -2,
  "lags کے": -2,
  "laughting": 1,
  "lawl": 3,
  "lifesaver کی": 4,
  "lighthearted": 1,
  "likers": 2,
  "litigious": -2,
  "LMAO": 4,
  "LMFAO": 4,
  "lol": 3,
  "lolol": 4,
  "lololol": 4,
  "lolololol": 4,
  "loool": 3,
  "looool": 3,
  "lovelies": 3,
  "lugubrious": -2,
  "lurks ہے": -1,
  "maddening ہے": -3,
  "maladaption": -2,
  "maldevelopment": -2,
  "mediocrity کے": -3,
  "Memoriam میں": -2,
  "menaced": -2,
  "menaces کے": -2,
  "mesmerizing ہے": 3,
  "mirthful": 3,
  "mirthfully": 3,
  "misbranding": -3,
  "miscast": -2,
  "misclassified": -2,
  "misclassifies": -2,
  "misclassify": -2,
  "misconducted": -2,
  "misconducting": -2,
  "misconducts": -2,
  "misfire": -2,
  "misgiving": -2,
  "misleaded": -3,
  "misplaces": -2,
  "misplacing": -2,
  "mispricing": -3,
  "misreport": -2,
  "misreporting": -2,
  "misreports": -2,
  "misunderstands": -2,
  "monopolizes": -2,
  "mope": -1,
  "moping": -1,
  "motherfucking": -5,
  "mumpish": -2,
  "n00b": -2,
  "Niggas کی": -5,
  "offensively": -2,
  "oks": 2,
  "optionless": -2,
  "ostracize": -2,
  "ostracizes": -2,
  "outmaneuvered کیا": -2,
  "OVERPROTECTIVE": -2,
  "overreact": -2,
  "overreacts": -2,
  "oversell": -2,
  "overselling": -2,
  "oversells": -2,
  "oversimplified": -2,
  "oversimplifies": -2,
  "oversimplify": -2,
  "oversold کے": -2,
  "overstatement": -2,
  "overstatements": -2,
  "overwrought": -3,
  "parley": -1,
  "persecutes": -2,
  "phobic کے": -2,
  "piteous": -2,
  "polluters کو": -2,
  "prblm": -2,
  "prblms": -2,
  "prosecutes": -1,
  "pushy کیا": -1,
  "rageful": -2,
  "ranter": -3,
  "ranters": -3,
  "rants کے": -3,
  "raptures": 2,
  "rapturous": 4,
  "reprimands": -2,
  "riveting کے": 3,
  "robed": -2,
  "robing": -2,
  "ROFL": 4,
  "roflcopter": 4,
  "roflmao": 4,
  "romantical": 2,
  "rotfl": 4,
  "rotflmfao": 4,
  "rotflol": 4,
  "savange": -2,
  "savanges": -2,
  "sexistic": -2,
  "shithead": -4,
  "shitty": -3,
  "shoody": -2,
  "sincerest": 2,
  "singleminded": -2,
  "slashes کے": -2,
  "slickest": 2,
  "slumping کے": -1,
  "slut کے": -5,
  "smog کے": -2,
  "smuggles": -2,
  "snubbed کیا": -2,
  "snubbing": -2,
  "snubs": -2,
  "solidifies، اور": 2,
  "spammers کو": -3,
  "Sparkles میں": 3,
  "squanders ہے": -2,
  "squelched کے": -1,
  "stank": -2,
  "starves": -2,
  "stinked": -2,
  "stinker کے": -2,
  "stressor": -2,
  "sueing": -2,
  "sufferer کے": -2,
  "sulking": -2,
  "sulky": -2,
  "swindles": -3,
  "tarnishes": -2,
  "terrifically": 4,
  "terrorizes": -3,
  "The Panics میں": -3,
  "treasonous": -3,
  "tremulous": -2,
  "troll کے": -2,
  "twat کے": -5,
  "tyran": -3,
  "tyrannic": -3,
  "tyrannically": -3,
  "tyrans": -3,
  "unappeasable": -2,
  "uncredited": -1,
  "underestimating کے": -1,
  "underperform": -2,
  "uneventful کے": -2,
  "unfitted": -2,
  "unfocused سے": -2,
  "unfunny": -2,
  "ungenerous": -2,
  "uninspired": -2,
  "uninvolving": -2,
  "unmotivated": -2,
  "unoriginal": -2,
  "unreleting": -2,
  "unresearched": -2,
  "Uptight کی": -2,
  "victimizes": -3,
  "vindicates": 2,
  "vindicating": 2,
  "visioning": 1,
  "vitriolic": -3,
  "vivacious": 3,
  "vividly سے": 2,
  "WANKER": -3,
  "winwin": 3,
  "woebegone": -2,
  "wooo": 4,
  "woow": 4,
  "wowow": 4,
  "wowww": 4,
  "WTF": -4,
  "wtff": -4,
  "wtfff": -4,
  "XO": 3,
  "XOXO": 3,
  "XOXOXO": 4,
  "xoxoxoxo": 4,
  "yeees": 2,
  "yucky": -2,
  "آاچ": -2,
  "اباگی": -2,
  "ابلاغ": -2,
  "ابھرنا": 1,
  "ابھیدی": 2,
  "اپ کا احاطہ": -3,
  "اپکار": 2,
  "اپمانت": -2,
  "اپنانے": 1,
  "اپنایا": 1,
  "اپنے wits": 2,
  "اپنی طرف متوجہ": 1,
  "اپہاس": -2,
  "اپیل": 2,
  "اتارنا fucking": -4,
  "اتارنا fucking اچھا": 4,
  "اتارنا fucking پیاری": 4,
  "اتارنا fucking تصوراتی، بہترین": 4,
  "اتارنا fucking سے محبت کرتا ہے": 4,
  "اتارنا fucking کامل": 4,
  "اتارنا fucking محبت": 4,
  "اتحادی": 2,
  "اترانے": 3,
  "اتساہی": 2,
  "اتفاق کرتا ہوں": 1,
  "اتفاق کرتے ہیں": 1,
  "اتفاقی طور پر": -2,
  "اتکرجتا": 3,
  "اتنا ہی کم": -1,
  "اتھارٹی": 1,
  "اتھارٹی رہی": -1,
  "اتیاچار": -4,
  "اتیاچاری": -3,
  "اتیجک": -2,
  "اتیجیت": 3,
  "اتیجیت کرتا": 1,
  "اٹک": -2,
  "اثاثہ": 2,
  "اثاثوں": 2,
  "اجارہ داری": -2,
  "اجاڑنا": -2,
  "اجازت دیتے ہیں": 1,
  "اجاگر": -1,
  "اجتماع ضدین": -1,
  "اجتناب": -1,
  "اجروثواب": 2,
  "اجیئ": 2,
  "اچھا": 3,
  "اچھا نہیں": -2,
  "اچھو": -2,
  "اچھی": 3,
  "اچھی طرح ترقی": 2,
  "اچھی طرح توجہ مرکوز": 2,
  "اچھی طرح سے proportioned": 2,
  "اچھی طرح سے تیار": 2,
  "اچھی طرح سے کی ترجمانی کی": 3,
  "احتجاج": -2,
  "احتجاجی مظاہرے": -2,
  "احترام": 2,
  "احتیاط سے": 2,
  "احساس": 1,
  "احسان": 3,
  "اختٹ": -2,
  "اختراعات": 1,
  "اخترتی": -2,
  "اخترشک": -2,
  "اختلاف": -2,
  "اختیار کیا": 2,
  "آخر": -4,
  "اخراج کے": -1,
  "اخلاص": 2,
  "اخلاق پست": -2,
  "اخلاقی": 2,
  "ادار": 1,
  "اداس": -2,
  "اداسی": -2,
  "ادائیگی کرتے ہیں": -1,
  "ادب": 2,
  "اددنڈ": -1,
  "ادوردرشی": -2,
  "ادوری": -2,
  "ادیر": -2,
  "ادیمی": 1,
  "اذیت": -3,
  "اراجک": -2,
  "آرادنا": 3,
  "آرام": 2,
  "آرام دہ": 2,
  "آرام دہ اور پرسکون": 2,
  "آرام سے": 2,
  "ارتکاب": 1,
  "اڑا": -2,
  "آزادی": 2,
  "آزادیوں": 2,
  "آزردہ": -2,
  "اس بات پر اتفاق": 1,
  "اس بات پر یقین": 1,
  "اس قسم کی": 0,
  "آسان": 1,
  "اسبی": -2,
  "استحصال": -2,
  "استعفی دے دیا": -1,
  "استعمال کی اطلاع دیں": -3,
  "استغاثہ": -1,
  "استہزاء": -2,
  "اسقاط حمل": -1,
  "اسکینڈل": -3,
  "اسکینڈلوں": -3,
  "آسمان": 2,
  "آسمانی": 4,
  "اسمبدق": -2,
  "اسمرتتا": -2,
  "اسمگل": -2,
  "اسمگلنگ": -2,
  "اسنسدیی": -2,
  "اشاعت کی خلاف ورزی": -2,
  "آشاہین": -2,
  "اشتراک کیا": 1,
  "اشتعال انگیز": -3,
  "اشج": -2,
  "اشوب": 3,
  "اصلی اہل": 2,
  "اضافہ": 1,
  "اضافہ ہوا": 1,
  "اضافے کا باعث": 1,
  "اضطراب": -2,
  "اعتراض": -2,
  "اعتراف کیا": -1,
  "اعتکاف": -1,
  "اعتماد": 1,
  "اعتماد سے": 2,
  "اعتماد کیا": 2,
  "اعصاب": -1,
  "اعلی": 2,
  "اعلی درجے کی": 1,
  "اغوا": -2,
  "اغوا کر لیا": -2,
  "آف لائن": -1,
  "آفات": -2,
  "افادیت": 2,
  "آفت": -2,
  "افراتفری": -2,
  "افراد ہلاک": -3,
  "افسردہ": -2,
  "افسوس": -3,
  "افسوس رہے": -2,
  "افسوس کا اظہار": -2,
  "افسوس کی بات ہے": -2,
  "افواہیں پھیلاتے": -2,
  "افوہ": -2,
  "اکسانے": -1,
  "اکسایا": -1,
  "اکشمتا": -2,
  "اکشمی": -3,
  "اکیلے": -2,
  "آگ کے": -2,
  "الارم": -2,
  "الجھانے": -2,
  "الجھن": -2,
  "الجھنا": -2,
  "الحمد": 3,
  "الرٹ": -1,
  "الرجک": -2,
  "الزام": -2,
  "الزام عائد کیا": -3,
  "الزام لگا": -2,
  "الزام لگانے": -2,
  "الزامات": -2,
  "الگ تھلگ": -1,
  "المناک": -2,
  "الہامی": 2,
  "آلودگی": -2,
  "آلودگی پھیلانے": -2,
  "آلودہ": -2,
  "آلودہ ہوجاتے ہیں": -2,
  "آمادگی": 2,
  "امانتوں": 1,
  "امائبھوت": -2,
  "امپاورمنٹ": 2,
  "امتیازی": -2,
  "امتیازی سلوک": -2,
  "امکان": 1,
  "امکان نہیں": -1,
  "امکانات": 1,
  "امن": 2,
  "امن طریقے": 2,
  "اموات": -3,
  "امید کر": 2,
  "امید ہے کہ": 2,
  "امیدیں": 2,
  "امیر": 2,
  "آمیز": -2,
  "اناڑی": -2,
  "انانٹلگانٹ": -2,
  "انتباہ": -3,
  "انتباہ کے": -3,
  "انترنگتا": 2,
  "انتظار": -1,
  "انتظار کر رہا ہے": -1,
  "انتظار ہے": -1,
  "انتقام": -3,
  "انتقام کا نشانہ بنایا": -3,
  "انتقامی": -2,
  "انتہاپسند": -2,
  "انتہاپسندوں": -2,
  "انتہائی خراب": -2,
  "انتہائی رغبت ہے": 2,
  "انچرچھک": -2,
  "انحصار": 2,
  "انخلا": -1,
  "انخلاء": -1,
  "اندرا": -2,
  "اندھے": -1,
  "اندھیرے": -1,
  "اندیرا": -2,
  "انسانی": 2,
  "آنسو": -2,
  "انشورنس": -3,
  "انصاف": 2,
  "انعام": 2,
  "انعامات": 2,
  "انفیکشن": -2,
  "انفیکشنز": -2,
  "انکار": -2,
  "انکار کر دیا": -2,
  "انکار کرتے ہیں": -2,
  "انگیخت": -1,
  "انماد": -3,
  "انمنیی": -3,
  "آنندپورن": 3,
  "آننددایک": 3,
  "آنندیت": 4,
  "اہ": -2,
  "اہانت آمیز": -2,
  "اہم": 1,
  "اہمیت": 2,
  "اہمیت بھی کم ہوجاتی": -1,
  "آؤٹ ریچ": 2,
  "اورتم": 2,
  "اورعبادت": 2,
  "اوکردوست": -2,
  "اوناشی": 2,
  "اوہیلنا": -2,
  "اویوساییک": -2,
  "اویوستیت": -2,
  "اویویکی": -2,
  "ایذا دیتی": -2,
  "ایک douche": -3,
  "ایک شرم کی بات": -2,
  "ایکادکار": -2,
  "ایماندار": 2,
  "ایمرجنسی": -2,
  "ایوارڈ": 3,
  "ایوارڈز": 3,
  "ایوگیتا": -2,
  "بااثر": 2,
  "بااختیار بنانے": 2,
  "بازیاب": 2,
  "باعث": -2,
  "باعث بنیں": -2,
  "باغی": -2,
  "باغیانہ": -2,
  "باغیوں": -2,
  "بال سفید ہو جانا": -1,
  "بالغ": 2,
  "بالکل": 3,
  "بامعنی": 2,
  "بامقصد": 2,
  "بائیکاٹ": -2,
  "بجا": 2,
  "بچ گئے": 2,
  "بچا لیا": 2,
  "بچاتا": 2,
  "بچت": 1,
  "بچکانا": -2,
  "بچے": -2,
  "بحال": 1,
  "بحال کیا": 1,
  "بحران": -3,
  "بخار": -2,
  "بخش دے": 1,
  "بخشنے": 1,
  "بخور": -2,
  "بد اعتمادی": -3,
  "بد قسمتی": -2,
  "بدبدار": -2,
  "بدبو": -2,
  "بدبودار": -2,
  "بدتر": -3,
  "بدترین": -3,
  "بدتمیزی": -2,
  "بددا": -3,
  "بدسلوکی": -3,
  "بدسورتی": -3,
  "بدصورت": -3,
  "بدصورتی": -2,
  "بدظن": -3,
  "بدعت": 1,
  "بدقسمت": -2,
  "بدقسمتی": -2,
  "بدکرداری": -2,
  "بدلہ": -2,
  "بدلہ لے": -2,
  "بدلہ لینے کے": -2,
  "بدلہ لینے والا": -2,
  "بدماش": -3,
  "بدمزہ": -2,
  "بدمعاش سمجھتے ہیں": -2,
  "بدنام": -2,
  "بدنام زمانہ": -2,
  "بدنصیب": -1,
  "برا": -3,
  "برا سلوک": -2,
  "برامک": -3,
  "برائی": -3,
  "برباد": -2,
  "برباد کر": -2,
  "برباد کر دیا": -2,
  "برباد کیا": -2,
  "بربادی": -2,
  "برسات": -1,
  "برساتی کوٹ": 2,
  "برسرپیکار": -2,
  "برقرار": 2,
  "برقرار رکھا": -1,
  "برکات": 3,
  "برکت": 2,
  "بری": -3,
  "بری چیز": -2,
  "بری طرح": -3,
  "بری طرح متاثر": -2,
  "بری کر دیا": 2,
  "بڑھ": -2,
  "بڑھا": 1,
  "بڑھاتا": 1,
  "بڑھتے ہوئے": 1,
  "بڑھنے": -1,
  "بڑوآ": -2,
  "بڑے": 1,
  "بزدل": -2,
  "بزدلانہ": -2,
  "بستیاں": 1,
  "بصارت کا شکار": -2,
  "بصیرت": 3,
  "بعض": 1,
  "بغاوت": -2,
  "بغیر اجازت": 2,
  "بغیر کسی رکاوٹ": 2,
  "بکتی": 2,
  "بکھر": -2,
  "بکواس": -2,
  "بگاڑنا": -2,
  "بگڑ جاتی ہے": -3,
  "بگڑ گئی": -3,
  "بگڑتے": -2,
  "بگڑتی ہوئی": -2,
  "بلاتکاری": -4,
  "بلاک بسٹر": 3,
  "بلاک کر دیا": -1,
  "بلاکس": -1,
  "بلاہ": -2,
  "بلککڑ": -2,
  "بلی": -3,
  "بلیک میل": -3,
  "بلیک میلنگ": -3,
  "بم کے": -1,
  "بند کر دیا": -1,
  "بند کرنا": -1,
  "بندش": -2,
  "بندشوں": -2,
  "بندوق": -1,
  "بندوں": -3,
  "بہادر": 2,
  "بہادری": 3,
  "بہت": -3,
  "بہت اچھا": 4,
  "بہت بڑا": 1,
  "بہت پرجوش": 3,
  "بہت پیار کرتی تھی": 3,
  "بہت خوبصورت": 3,
  "بہت خوش": 4,
  "بہت ہی": 4,
  "بہتر": 2,
  "بہتر بناتا ہے": 2,
  "بہتر بنائیں": 1,
  "بہتری": 2,
  "بہتری آئی": 2,
  "بہترین": 3,
  "بہترین لات": 4,
  "بھڑکیلا پن": 2,
  "بہکانے": -3,
  "بہکایا": -1,
  "بھگدڑ": -2,
  "بھگوان": 3,
  "بھلا کرے": 2,
  "بھوتیا": 1,
  "بھوک": -2,
  "بھوکا": -2,
  "بھول": -1,
  "بھول جاؤ": -1,
  "بھولی": -1,
  "بھونک": -2,
  "بھی درد دینے والا": -2,
  "بھیس": -1,
  "بھیس ​​بدل کر": -1,
  "بوجھ": -2,
  "بوجھ ڈالا": -2,
  "بور": -2,
  "بورنگ": -3,
  "بولا": -2,
  "بولڈ": 2,
  "بولی": -2,
  "بے اولاد کرےگی": -2,
  "بے ایمان": -1,
  "بے چین": -2,
  "بے چینی": -2,
  "بے حس": -3,
  "بے حسی": -2,
  "بے خبر": -2,
  "بے خوابی": -2,
  "بے خود": 2,
  "بے خودی": 2,
  "بے خوف": 2,
  "بے خوفی": 2,
  "بے داغ": 2,
  "بے دخل": -2,
  "بے روزگار": -1,
  "بے روزگاری": -2,
  "بے ضرر": -2,
  "بے عیب": 2,
  "بے غرض": 2,
  "بے گھر": -2,
  "بے معنی": -2,
  "بے نقاب": -1,
  "بے وقوف گدھا": -3,
  "بے یقینی کا شکار": -1,
  "بیانا": 2,
  "بیپرواہ": -2,
  "بیتاب": -3,
  "بیٹے کےایککتیا": -5,
  "بیجان": -1,
  "بیچنے کا نہیں": -1,
  "بیچینی": -2,
  "بیدخلی": -1,
  "بیدردی": -3,
  "بیرہمی": -3,
  "بیکار": -3,
  "بیل آؤٹ": -2,
  "بیمار": -2,
  "بیماری": -1,
  "بیماریوں": -1,
  "بیمسال": 1,
  "بینکر": -3,
  "بیہودہ": -2,
  "بیوٹی": 3,
  "بیوقوف": -2,
  "بیوقوف بنانے": -2,
  "بیوقوفی": -2,
  "بیوکوف": -2,
  "بیوہ": -1,
  "بیئمان": -2,
  "پابندی": -2,
  "پابندیوں": -1,
  "پاسداری": 2,
  "پاگل": -2,
  "پاگل پن": -3,
  "پالش": 2,
  "پامال": -2,
  "پائیدار": 2,
  "پائیداری": 1,
  "پتہ": -2,
  "پٹری سے اتر": -2,
  "پٹری سے اتر گئی": -2,
  "پچھتا": -2,
  "پچھتاوا": -2,
  "پچھواڑے": -4,
  "پختہ": -1,
  "پختہ عزم": 2,
  "پر forgettable": -1,
  "پر likable": 2,
  "پر الزام لگایا ہے": -2,
  "پر پابندی لگا دی": -2,
  "پر تنقید": -2,
  "پر حملہ": -1,
  "پر سکون": 2,
  "پر ظلم": -2,
  "پر کشش": 2,
  "پرامن": 2,
  "پرامید": 2,
  "پرپکاری": 2,
  "پرتشدد": -3,
  "پرتیاشا": 1,
  "پرتیبھا": 2,
  "پرجوش": 1,
  "پرچی": -1,
  "پرخطر": -2,
  "پرستار": 3,
  "پرسکون": 2,
  "پرکشش مقامات": 2,
  "پرکوپ": -3,
  "پروان": 2,
  "پروانہ طلبی": -2,
  "پروپیگنڈہ": -2,
  "پروری": -2,
  "پریتوادت": -2,
  "پریرتا": 2,
  "پریشان": -1,
  "پریشان کن": -2,
  "پریشانی": -2,
  "پریشانیوں": -2,
  "پسپا": -1,
  "پسماندہ": -2,
  "پسند": 3,
  "پسند کرتا ہے": 2,
  "پسند کردہ": 2,
  "پسند کیا": 2,
  "پسند نہ": -2,
  "پسندی کو فروغ دیتے": 2,
  "پسندیدہ": 2,
  "پسے": -2,
  "پشت پناہی": 2,
  "پکڑوایا": -3,
  "پکی": -2,
  "پگلی": -1,
  "پھٹا": -2,
  "پھر سے زندہ": 2,
  "پھراس میں سستی": -2,
  "پہنا": -1,
  "پہنچنے": 1,
  "پھنسے ہوئے": -2,
  "پھیلنے": -2,
  "پھینک دیا": -2,
  "پوچھ گچھ": -1,
  "پورا": 2,
  "پوری": 2,
  "پوسٹ ٹرامیٹک": -2,
  "پیار": 3,
  "پیارا": 3,
  "پیارا، دلکش": 3,
  "پیاری": 2,
  "پیٹھ": 1,
  "پیچھے رہ": -2,
  "پیچیدہ": 2,
  "پیدا کرنا": -2,
  "پیش رفت": 2,
  "پیشاب": -4,
  "تاثیر": 2,
  "تاخیر": -1,
  "تاخیر کا شکار": -1,
  "تادیبی": -2,
  "تاریخ ساز": 2,
  "تاریک ترین": -2,
  "تازه": 1,
  "تازہ": 2,
  "تالیاں": 2,
  "تباہ": -3,
  "تباہ شدہ": -3,
  "تباہ کن": -4,
  "تباہی": -2,
  "تبتوشن": 2,
  "تبشرمی": -2,
  "تجاوز": -2,
  "تحریف": -2,
  "تحریک دیتی ہیں": 1,
  "تحریک ملتی": 2,
  "تحفہ": 2,
  "تحقیر": -2,
  "تخریب کاری": -2,
  "تخریبی": -2,
  "تخلیقی": 2,
  "تخوداجنک": -2,
  "تذبذب": -1,
  "ترجمانی": 2,
  "تردید": -2,
  "ترسکار": -2,
  "ترقی دے": 1,
  "ترک": -2,
  "ترک کر دیا": -2,
  "تڑپ": 1,
  "تسلیم": -1,
  "تشدد": -3,
  "تشدد سے متعلق": -3,
  "تشدد کا نشانہ بنایا": -4,
  "تصادم": -2,
  "تصدیق": 2,
  "تصفیہ": 1,
  "تصوراتی، بہترین": 4,
  "تصوری": -2,
  "تعداد": -2,
  "تعریف": 2,
  "تعریف کر": 3,
  "تعریف کی": 2,
  "تعزیری کارروائی": -2,
  "تعصب": -1,
  "تعلق": 2,
  "تعلق توڑا": -2,
  "تعین کیا": 2,
  "تفتیش": -2,
  "تفریح": 3,
  "تفریحی": 3,
  "تقریبات": 3,
  "تک پہنچ جاتا ہے": 1,
  "تک پہنچ گئی": 1,
  "تک پہنچنے": 1,
  "تکبر": -2,
  "تکذیب": -3,
  "تکرار": -1,
  "تکلیف": -2,
  "تکلیفیں": -2,
  "تکمیل": 2,
  "تکی": -2,
  "تلاش": 1,
  "تلخی": -2,
  "تمناؤں": 1,
  "تنازعات": -2,
  "تنازعہ": -2,
  "تنقید": -2,
  "تنقید کا نشانہ بنایا": -2,
  "تنگ": -2,
  "تنگ آگیا": -3,
  "تنگ کیا": -2,
  "تنہا": -2,
  "تہ و بالا": -2,
  "تھکا": -2,
  "تھکا ہوا": -2,
  "تھکانے": -2,
  "تھکاوٹ": -2,
  "تھکنا": -3,
  "تہوار": 2,
  "توثیق": 2,
  "توثیق کی": 2,
  "توجہ": 3,
  "توجہ مرکوز": 2,
  "توڑ": -1,
  "توڑ دیا": -1,
  "توسیع": 1,
  "توہین": -2,
  "توہین آمیز": -2,
  "توہین عدالت": -2,
  "تیار": -2,
  "تیار کی گئی": 1,
  "تیز": 2,
  "تیزی": 2,
  "ٹاپس": 2,
  "ٹال دیا": -2,
  "ٹالنے": -1,
  "ٹاؤٹ": -2,
  "ٹرامیٹک": -3,
  "ٹریپ": -1,
  "ٹکرا": -1,
  "ٹکرانے": -1,
  "ٹل": -1,
  "ٹھگا": -2,
  "ٹھنڈا": 2,
  "ٹھنڈی": 1,
  "ٹھنڈی چیزیں": 3,
  "ٹھوس": 2,
  "ٹھوکر": -2,
  "ٹھیک": 2,
  "ٹوٹ": -2,
  "ٹوٹاھوا": -1,
  "ٹویٹ": -2,
  "ٹینڈر": 2,
  "ٹیومر": -2,
  "ثابت قدم": 2,
  "جابر": -2,
  "جابرانہ": -2,
  "جادو": 2,
  "جارحانہ": -2,
  "جارحیت": -2,
  "جارہی": -2,
  "جاہل": -2,
  "جائز": 2,
  "جبر": -2,
  "جدت طرازی": 1,
  "جدوجہد": -2,
  "جدید": 2,
  "جدید بنانے": 2,
  "جذب": 1,
  "جذبہ": 1,
  "جرات": 2,
  "جرات سے": 2,
  "جرات مندانہ": 2,
  "جراتمند": 2,
  "جرائم": -2,
  "جرم": -3,
  "جرمانہ": -2,
  "جرمانے": -2,
  "جسٹس": 2,
  "جشتھاس": 2,
  "جشن": 3,
  "جشن منانے": 3,
  "جعلی": -3,
  "جلال": 2,
  "جلالی": 2,
  "جلاوطنیاں": -2,
  "جلائے": -2,
  "جلن": -3,
  "جنازہ": -1,
  "جنازوں": -1,
  "جنایات": -3,
  "جنت": 3,
  "جنگ": -1,
  "جنگلی": -2,
  "جنون": -2,
  "جہالت": -2,
  "جھٹکا": -3,
  "جھٹکے": -2,
  "جھٹلاؤ": -2,
  "جھگڑا": -1,
  "جہنم": -4,
  "جھوبجھلاہٹ": -2,
  "جھوٹ": -2,
  "جھوٹ بولا": -2,
  "جھوٹا": -3,
  "جھوٹے": -1,
  "جھوٹی خبر": -2,
  "جھوٹی گواہی": -3,
  "جو ہنگامہ خیز": -2,
  "جوش": 3,
  "جوش و خروش": 3,
  "جوشیلا": 2,
  "جی ہاں": 1,
  "جیت": 4,
  "جیتنے": 4,
  "جیسی": -1,
  "جیل": -2,
  "جیل بھیج دیا": -2,
  "جیورنبل": 3,
  "جیونت": 2,
  "چالوں": -1,
  "چام": -1,
  "چاہت": -1,
  "چاہتے": 1,
  "چاہنے والوں کی": -1,
  "چپ": -2,
  "چپٹی": -2,
  "چرا": -2,
  "چرا لیا": -2,
  "چڑھ": -2,
  "چکت": 3,
  "چکر": -1,
  "چکما": -2,
  "چللا": -2,
  "چللاہٹ": -2,
  "چللایا": -2,
  "چلی": 2,
  "چمتکار": 3,
  "چمک": 1,
  "چنچل": 2,
  "چنگاری": 1,
  "چننے": 2,
  "چھا": -2,
  "چھاتی": -2,
  "چھپا": -1,
  "چھپا دیا": -1,
  "چھپانے": -1,
  "چھوٹا": -2,
  "چھوڑنے": -1,
  "چھینک": -2,
  "چھینکنے": -2,
  "چوبن": -5,
  "چوٹ پہنچانے": -2,
  "چوٹ کی وجہ سے": -2,
  "چوٹ لگی": -2,
  "چوٹوں": -2,
  "چور": -2,
  "چوری": -2,
  "چوری شدہ": -2,
  "چوسنا": -3,
  "چوکس": 3,
  "چومو": 2,
  "چونکا دیا": -2,
  "چونکانے": 3,
  "چونکانے والی": -2,
  "چیخ": -2,
  "چیرس": 2,
  "چیلنج": -1,
  "چیمپئن": 2,
  "چیمپئنز": 2,
  "حاجت": 1,
  "حادثات": -2,
  "حادثاتی": -2,
  "حادثہ": -2,
  "حادثے": -2,
  "حاصل": 2,
  "حاصل کر لی": 2,
  "حاصل کرنا": 2,
  "حاصل کیا": 2,
  "حامی": 1,
  "حدود": -2,
  "حراست": -2,
  "حراست میں لے لیا": -2,
  "حرام": -2,
  "حرامی": -5,
  "حسد": -2,
  "حسد کرے": -1,
  "حصص": 1,
  "حصول": 1,
  "حفاظت": 1,
  "حق": 2,
  "حق بحال": 2,
  "حق جتانے": -2,
  "حق میں": 2,
  "حقارت": -2,
  "حقارت آمیز": -2,
  "حقدار": 1,
  "حقیر جانا": -2,
  "حکمت": 1,
  "حل": 2,
  "حل کرتی": 1,
  "حل کیا": 1,
  "حلف برداری": -2,
  "حماقت": -3,
  "حمایت": 2,
  "حملہ": -1,
  "حملہ کرنا": -2,
  "حملہ کرنے": -1,
  "حملوں": -1,
  "حملے": -2,
  "حملے کے": -1,
  "حوصلہ افزا": 2,
  "حوصلہ افزائی": 1,
  "حوصلہ شکن": -2,
  "حوصلہ شکنی": -2,
  "حوصلے پست": -2,
  "حیران": -2,
  "حیران کن": 3,
  "حیرت انگیز": 4,
  "حیرت انگیز اتارنا fucking": 4,
  "خارج": -1,
  "خارج کر دیا گیا": -2,
  "خاردار": -2,
  "خاص بات": 2,
  "خالص": 1,
  "خالص ترین": 1,
  "خالی": -1,
  "خالی کرا لیا": -1,
  "خام": -1,
  "خاموش": -1,
  "خاموشی": -1,
  "خامیوں": -2,
  "ختم": -2,
  "خدا": 1,
  "خدا داد": 4,
  "خدشہ": -2,
  "خدمت خلق": 2,
  "خراب": -2,
  "خراب کارکردگی": -2,
  "خرابی": -2,
  "خرابی کی شکایت": -2,
  "خراج تحسین": 2,
  "خزانے": 2,
  "خسارہ": -2,
  "خصوصی": 2,
  "خصوصیات": 2,
  "خطرات": -2,
  "خطرناک": -2,
  "خطرہ": -2,
  "خطرے": -2,
  "خطرے سے دوچار": -2,
  "خطرے کا سامنا": -2,
  "خفا": -2,
  "خلاف ورزی": -2,
  "خلاف ورزی کرنے": -2,
  "خلاف ورزی کی": -2,
  "خلاف ورزی ہوتی ہے": -2,
  "خلاف ورزیوں": -2,
  "خلل": -2,
  "خلل ڈالنے": -2,
  "خواب": 1,
  "خواہاں": 1,
  "خواہش": 1,
  "خواہش ظاہر کی": 2,
  "خواہش مند": 2,
  "خوبصورت": 1,
  "خوبصورت، اتارنا fucking": 4,
  "خوبصورتی": 3,
  "خود اعتماد": 2,
  "خود غرض": -3,
  "خود غرضی": -3,
  "خود غلط استعمال": -2,
  "خود کو دھوکے میں ڈال": -2,
  "خود متضاد": -2,
  "خودکش": -2,
  "خودکشی": -2,
  "خوش": 4,
  "خوش آمدید": 2,
  "خوش قسمت": 3,
  "خوش قسمتی": 2,
  "خوش قسمتی سے": 2,
  "خوش نصیب": 2,
  "خوش ہو جاؤ": 2,
  "خوشحال": 3,
  "خوشحالی": 3,
  "خوشگوار": 3,
  "خوشی": 2,
  "خوشی سے": 3,
  "خوشی کا نعرہ": 5,
  "خوشی کو": 3,
  "خوشی منائی": 4,
  "خوف": -2,
  "خوفزدہ": -2,
  "خوفناک": 4,
  "خونی": -3,
  "خیر سگالی": 3,
  "خیر مقدم کرتا ہے": 2,
  "خیر مقدم کیا": 2,
  "خیراتی": 2,
  "داغ": -2,
  "داغدار": -2,
  "دبا": -1,
  "دبادی": -2,
  "دباؤ": -1,
  "دباؤ ڈالا": -2,
  "دت تیرے کی": -3,
  "دخل": -2,
  "دراڑیں": -2,
  "درپیش": -3,
  "درد": -3,
  "درد کم": 3,
  "درد ہوتا ہے": -2,
  "دردناک": -2,
  "درست سمت": 3,
  "درست شکل": -2,
  "درمادکرن": -2,
  "دریافت": 1,
  "دستیاب نہیں": -1,
  "دشمن": -2,
  "دشمنوں": -2,
  "دشمنی": -2,
  "دعا": 1,
  "دعا کر": 1,
  "دعوت دیتے ہیں": 1,
  "دعوتی": 2,
  "دعوی": -1,
  "دفع فرما دیتا ہے": -1,
  "دقیانوسی تصورات": -2,
  "دکھ": -2,
  "دکھاوا": -1,
  "دکھی": -2,
  "دل": -3,
  "دل ٹوٹ": -3,
  "دل چھوٹا": -2,
  "دل شکستہ": -3,
  "دل کھول کر": 2,
  "دل لگی": 2,
  "دلالوں": -2,
  "دلچسپ": 3,
  "دلچسپی": 2,
  "دلکش": 3,
  "دلکشی سے محروم": -2,
  "دلی": 3,
  "دلیری": 2,
  "دم گھٹ": -2,
  "دنڈ": -2,
  "دنڈت": -2,
  "دنگ رہ": -2,
  "دنی": -2,
  "دھاندلی": -1,
  "دھپڑ": -2,
  "دہشت": -3,
  "دہشت گرد": -2,
  "دہشت گردوں": -2,
  "دہشت گردی": -3,
  "دھمکی": -2,
  "دھمکیوں": -2,
  "دھندلا": -2,
  "دھوکہ": -2,
  "دھوکہ باز": -4,
  "دھوکہ بازی": -2,
  "دھوکہ دہی": -4,
  "دھوکہ دہی کی": -3,
  "دھوکہ دے": -3,
  "دھوکہ دیا": -3,
  "دھوکہ دیتا ہے": -3,
  "دھوکہ دیتی ہے": -3,
  "دھوکے باز": -3,
  "دہی": -4,
  "دھیان": 3,
  "دوالیا": -2,
  "دوچار": -3,
  "دودگانگ": -2,
  "دوست": 1,
  "دوستانہ": 2,
  "دوستی": 2,
  "دوش": -2,
  "دولت": 3,
  "دیانتدار": 3,
  "دیکھ بھال": 2,
  "دیوالیہ": -3,
  "دیوالیہ پن": -3,
  "ڈاکو": -2,
  "ڈاںٹ": -2,
  "ڈانٹا": -2,
  "ڈانٹنا": -3,
  "ڈر": -3,
  "ڈر سے": -2,
  "ڈر لگتا": -2,
  "ڈرا ہوا": -2,
  "ڈراپ": -1,
  "ڈرامہ": -1,
  "ڈرانا": -2,
  "ڈراونا": -2,
  "ڈرپوک": -2,
  "ڈریگ": -1,
  "ڈک": -4,
  "ڈمپ": -1,
  "ڈھیر": -1,
  "ڈھیروں": -1,
  "ڈھیلے": -3,
  "ڈوب": -2,
  "ڈوب گئے": -2,
  "ڈول": -1,
  "ڈومین ان": -2,
  "ڈی ریل": -2,
  "ڈیڈ لاک": -2,
  "ڈیسک": 2,
  "ڈینٹ": -2,
  "ذاتی": 1,
  "ذریعے untarnished": 2,
  "ذلت": -3,
  "ذمہ دار": 2,
  "ذمہ دار ٹھہراتے ہیں": -2,
  "ذمہ داری": 1,
  "ذہنی خیالات تبدیل": -3,
  "ذہین": 2,
  "راج": 1,
  "راحت": 3,
  "راستبازی": 2,
  "راضی": 3,
  "راہ میں حائل رکاوٹوں": -2,
  "راہ میں رکاوٹ": -2,
  "رائے": -2,
  "رجائیت": 2,
  "رحمت": 2,
  "رحمدلی": 2,
  "ردی باز": -3,
  "ردی کی ٹوکری": -1,
  "رسک": -2,
  "رش": -1,
  "رشک": -2,
  "رشوت": -3,
  "رشوت دی": -3,
  "رضامندی": 2,
  "رعایتی": -1,
  "رک": -2,
  "رک جاتا ہے": -1,
  "رکاوٹ": -2,
  "رکاوٹ پیدا کرتی": -2,
  "رکنہین": -2,
  "رگ": -1,
  "رہ گئے": -2,
  "روادار": 2,
  "رواداری": 2,
  "روب": -2,
  "روتا ہے": -2,
  "روج": -2,
  "روح": 1,
  "روشن": 1,
  "روشن خیال": 2,
  "روک": -1,
  "روکا": -1,
  "روکتا ہے": -1,
  "روکتی": -2,
  "روکنا": -2,
  "روکنے": -1,
  "رومانچت": 5,
  "رومانوی": 2,
  "رونا": -2,
  "رونے": -2,
  "رویا": 1,
  "روئی": -2,
  "روئیں": -2,
  "ریسکیو": 2,
  "زائد وزن": -1,
  "زبردست": 3,
  "زخم": -1,
  "زخمی": -2,
  "زدہ": -2,
  "زرخیز": 2,
  "زلزلے": -2,
  "زندگی میں ایک بار": 3,
  "زندہ": 2,
  "زندہ بچ جانے والے": 2,
  "زہر": -2,
  "زہریلا": -3,
  "زہریلی": -2,
  "زور دیا": -2,
  "زیادہ سے زیادہ": 3,
  "زیادہ وزن": -1,
  "زیورات": 1,
  "ساختہ اپ": -1,
  "سادگی": 1,
  "سازش": -3,
  "سازگار": 2,
  "ساقط": 2,
  "سالمیت": 2,
  "سامنے": -1,
  "سانحات": -2,
  "سانحہ": -2,
  "سانس": -2,
  "سب": 2,
  "سب infesting": -2,
  "سب سے آگے": 1,
  "سب سے بہترین": 3,
  "سب سے پیاری": 3,
  "سب سے خوش": 3,
  "سب سے کم": -1,
  "سب سے ہوشیار": 2,
  "سبز واش": -3,
  "سبز واشنگ": -3,
  "سپارکلنگ": 3,
  "سپر": 3,
  "سپرد": -1,
  "سپریم": 4,
  "سپنوں": 1,
  "سپیم سے": -2,
  "سپیمنگ": -2,
  "ستاتا": -2,
  "ستایا": -2,
  "ستائیں": -2,
  "ستم ظریفی": -1,
  "سٹال": -2,
  "سٹے": -2,
  "سچ": 2,
  "سحر میں گرفتار": 3,
  "سخت": -2,
  "سخت ترین": -2,
  "سختی": -2,
  "سدا بہار": 2,
  "سراہا ہے": 2,
  "سراہی": 2,
  "سردرد": -2,
  "سرزنش": -2,
  "سرشار": 2,
  "سرمی": 2,
  "سرمئی": -1,
  "سروچپورن": 2,
  "سڑے ہوئے": -3,
  "سزا": -2,
  "سزا پائی": -3,
  "سزا دے": -2,
  "سزا دی": -2,
  "سزا کے": -2,
  "سزا یافتہ": -2,
  "سزائیں": -2,
  "سست": -2,
  "سست کرنا": -2,
  "سستاپت": 2,
  "سستی": -2,
  "سفارش کی": 2,
  "سفارش کی گئی ہے": 2,
  "سکوپ": 3,
  "سکون": 2,
  "سلام": 3,
  "سلامی": 2,
  "سلیش": -2,
  "سلیم": -2,
  "سمجھ سے باہر": -2,
  "سمگل": -2,
  "سمیر": -2,
  "سنسر": -2,
  "سنشائن": 2,
  "سنکردوست": -2,
  "سنکی": 1,
  "سنگین": 1,
  "سنن": -1,
  "سنور": 2,
  "سہاونا": 3,
  "سھدایک": 3,
  "سہل": -2,
  "سہولت": 2,
  "سوادج": 3,
  "سوار ہوکر": 1,
  "سوال و جواب": -1,
  "سوانگ": -1,
  "سوپیی": 2,
  "سوجن": -2,
  "سوچ": -2,
  "سودا": 2,
  "سوگ": -2,
  "سوگوار": -2,
  "سومی": 2,
  "سونے": 2,
  "سوھا": -2,
  "سویٹ": 2,
  "سوئفٹ": 2,
  "سے aggravated": -2,
  "سے Dehumanized": -2,
  "سے Icky": -3,
  "سے infuriating": -2,
  "سے moaning": -2,
  "سے perpetrated": -2,
  "سے Sappy": -1,
  "سے Tard": -2,
  "سے Unlovable": -2,
  "سے انکار": -2,
  "سے بچنے کے": -1,
  "سے لطف اندوز": 2,
  "سے محبت": 3,
  "سے محبت کرتا ہے": 3,
  "سے نفرت": -3,
  "سے نفرت تھی": -3,
  "سیدھا": 1,
  "سیکنڈ اور": 1,
  "سینسر": -2,
  "شامل ہو جائیے": 1,
  "شاندار": 5,
  "شاہکار": 4,
  "شائستہ": 2,
  "شبہ": -2,
  "شخصیات": 3,
  "شدت": -3,
  "شدید": -2,
  "شدید ردعمل": -2,
  "شرم": -2,
  "شرمناک": -2,
  "شرمندا": -2,
  "شرمندگی": -2,
  "شرمندہ": -2,
  "شرمیلی": -1,
  "شریر": -2,
  "ششدر": -2,
  "شفقت": 2,
  "شک": -1,
  "شک کیا": -1,
  "شکار": -2,
  "شکاری": -2,
  "شکایات": -2,
  "شکایت": -2,
  "شکایت کی": -2,
  "شکتہین": -2,
  "شکر گزار": 2,
  "شکریہ": 2,
  "شکریہ ادا": 2,
  "شکست": -2,
  "شکوک و شبہات": -2,
  "شکی": -2,
  "شکی مزاج": -2,
  "شہرت": 1,
  "شہوانی، شہوت انگیز": 3,
  "شوبا": 2,
  "شور": -1,
  "شورش زدہ": -2,
  "شوق": 2,
  "شوکین": 2,
  "شیخی": -3,
  "شیطانی": -2,
  "صاف": 2,
  "صاف کرتا ہے": 1,
  "صبح بخیر": 1,
  "صحت مند": 2,
  "صدمے": -3,
  "صلاحیت": 2,
  "صلاحیت رکھتا": 1,
  "صلاحیتوں": 2,
  "صلہ": 2,
  "صنفی امتیاز": -2,
  "ضائع": -2,
  "ضائع کردے": -1,
  "ضد": -2,
  "ضروری": 2,
  "ضمانت": 1,
  "طاق": -2,
  "طاقت": 2,
  "طاقتور": 2,
  "طریقے": 2,
  "طلوع": 1,
  "طیش میں آکر": -3,
  "ظالم": -2,
  "ظالمانہ": -3,
  "ظلم": -3,
  "عاجز": -2,
  "عائد": -1,
  "عائد کردہ": -1,
  "عبرت": -2,
  "عجائبات": 3,
  "عجیب": -2,
  "عدل": 2,
  "عدم اتفاق": -2,
  "عدم اطمینان": -2,
  "عذاب": -2,
  "عذاب دے": -3,
  "عذر": -1,
  "عزت": 2,
  "عزت افزائی": 2,
  "عزم": 1,
  "عزیز": 2,
  "عصمت دری": -4,
  "عطا": 1,
  "عطا کی": 1,
  "عطیہ": 2,
  "عظیم": 2,
  "عظیم ترین": 3,
  "عظیم، اتارنا fucking": 4,
  "عقیدت": 2,
  "عقیدے": 1,
  "علیحدہ": -1,
  "عمدہ": 3,
  "عمومی": -2,
  "عوارض": -2,
  "عود": -2,
  "عیب": -3,
  "عیب دار": -3,
  "عیش و آرام کی": 2,
  "غارت گری": -2,
  "غالب": 3,
  "غائب": -1,
  "غبن": -3,
  "غداری": -3,
  "غربت": -1,
  "غریب": -2,
  "غریب ترین": -2,
  "غصہ": -2,
  "غصہ دلا": -2,
  "غصہ دلایا": -3,
  "غصے": -3,
  "غضبناک": -3,
  "غفلت": -2,
  "غلام": -3,
  "غلام بنا کر رکھ": -2,
  "غلام بنانا": 3,
  "غلامی": -3,
  "غلط": -2,
  "غلط استعمال": -2,
  "غلط استعمال کے": -2,
  "غلط استعمال نے": -2,
  "غلط بیانی": -2,
  "غلط پڑھنا": -1,
  "غلط تشریح": -2,
  "غلط ثابت": -3,
  "غلط جگہ رکھنا": -2,
  "غلط سمجھا": -2,
  "غلط سمجھنا": -2,
  "غلط طریقے سے": -2,
  "غلط فہمی": -2,
  "غلط معلومات": -2,
  "غلط نمائندگی": -2,
  "غلطی": -2,
  "غلطی پر": -2,
  "غلطی سے": -2,
  "غلطیاں": -2,
  "غلطیوں": -2,
  "غم": -3,
  "غم و غصہ": -3,
  "غنڈہ گردی": -2,
  "غیر اخلاقی": -2,
  "غیر تسلی بخش": -2,
  "غیر تسلی بخش کارکردگی": -2,
  "غیر جانبدار": 2,
  "غیر حاضر": -1,
  "غیر ذمہ دارانہ": -2,
  "غیر سائنسی": -2,
  "غیر فعال": -1,
  "غیر قانونی": -3,
  "غیر قانونی طور پر": -3,
  "غیر متناسب": -2,
  "غیر محفوظ": -2,
  "غیر مساوی": -1,
  "غیر مستحکم": -2,
  "غیر مصدقہ": -1,
  "غیر مطمئن": -2,
  "غیر معقول": -1,
  "غیر منصفانہ": -2,
  "غیر منطقی": -2,
  "غیر منظور شدہ": -2,
  "غیر مؤثر": -2,
  "غیر واضح": -1,
  "غیر یقینی": -1,
  "غیرانسانی": -2,
  "غیرت کے نام پر": 2,
  "غیرمطمئن": -2,
  "غیظ و غضب": -2,
  "فاتح": 4,
  "فاسد": -3,
  "فاشسٹ": -2,
  "فائدہ": 2,
  "فائدہ پہنچانے": 2,
  "فائدہ مند": 2,
  "فائرنگ": -2,
  "فتح": 4,
  "فتنہ": -2,
  "فتنوں": -1,
  "فتوحات": 3,
  "فٹ ہونے کے": 1,
  "فٹنس": 1,
  "فحاشی": -2,
  "فخر": 2,
  "فخر کرنے والا": -2,
  "فخر کے ساتھ": 2,
  "فدیہ": 2,
  "فراڈ": -3,
  "فرار": -1,
  "فرتیلا": 2,
  "فرد جرم عائد": -2,
  "فرضی": -2,
  "فرو": 2,
  "فروغ": 1,
  "فروغ دیتا ہے": 1,
  "فروغ دینے کے": 1,
  "فریاد": -1,
  "فریب": -3,
  "فساد": -2,
  "فسادات": -2,
  "فضل": 1,
  "فضلہ": -1,
  "فضول": -2,
  "فعال": 2,
  "فقدان": -2,
  "فکر": -3,
  "فکر مند": -2,
  "فکروں": 2,
  "فلاپ": -2,
  "فلاح": 2,
  "فلک": 2,
  "فلہین": -2,
  "فلو": -2,
  "فلیگ شپ": 2,
  "فنکی": 2,
  "فہم و فراست": 2,
  "فوائد": 2,
  "فوری": -1,
  "فوری طور پر": 1,
  "فولا ہوا": -1,
  "فیشنےبل": 2,
  "فیصلہ کن": 1,
  "فیصلوں": -1,
  "فیصلے": -1,
  "قابل": 2,
  "قابل احترام": 2,
  "قابل اعتماد": 2,
  "قابل ذکر": 2,
  "قابل رحم": -2,
  "قابل رسائی": 1,
  "قابل قبول": 1,
  "قابل لطف": 2,
  "قابل نفرت": -3,
  "قاتل": -2,
  "قاتلانہ": -3,
  "قاصر": -2,
  "قانونی": 1,
  "قانونی چارہ جوئی": -1,
  "قانونی طور پر": 1,
  "قانونی مقدموں": -2,
  "قائل": 1,
  "قبر": -2,
  "قبض": -2,
  "قبول کرتا ہے": 1,
  "قبول کرتے ہیں": -1,
  "قبول کرنے": 1,
  "قبول کریں": 1,
  "قبولیت": 1,
  "قتل": -3,
  "قتل کر دیا": -3,
  "قحط": -2,
  "قداچار": -2,
  "قدر": -2,
  "قدرتی": 1,
  "قدردانی": 2,
  "قرارداد": 2,
  "قربانی کا بکرا": -2,
  "قربانی کے بکرے": -2,
  "قرض": -2,
  "قسم": -3,
  "قسم اکاؤنٹ": -2,
  "قسم کھاتے ہیں": -2,
  "قسم کی معمولی ہدایات": -4,
  "قسمت": 3,
  "قصورواروں": -2,
  "قلت": -2,
  "قے": -3,
  "قئ": -3,
  "قید": -2,
  "قیدی": -2,
  "قیدیوں": -2,
  "کا استحصال": -2,
  "کا آغاز کیا": 1,
  "کا بدلہ لیا": -2,
  "کا سامنا کرنا پڑا": -2,
  "کا شکار": -2,
  "کا مطالبہ": -1,
  "کاٹنے": -1,
  "کارناموں": -2,
  "کافی": 1,
  "کافی حد تک": 1,
  "کالابازاری": -2,
  "کالعدم": -2,
  "کام نہیں کرتا": -3,
  "کام نہیں کررہا": -3,
  "کامبیٹ": -1,
  "کامک": 1,
  "کامل": 2,
  "کامیاب": 3,
  "کامیاب ہو گئے": 3,
  "کامیاب ہوں": 3,
  "کامیابی": 2,
  "کامیابی سے": 3,
  "کامیابیوں": 2,
  "کامیڈی": 1,
  "کان پھاڑ دینے والی": -1,
  "کانپ": -2,
  "کانپتے": -2,
  "کپٹی": -2,
  "کتیا": -5,
  "کٹ": -1,
  "کثرت": 2,
  "کچل": -1,
  "کچھ قسم": 0,
  "کراہ": -2,
  "کراہت": -3,
  "کراہنا": -2,
  "کرپٹ": -3,
  "کرپشن": -3,
  "کرتیوں": 4,
  "کرشمہ": 2,
  "کرشنگ": -1,
  "کرکشا": -4,
  "کڑوا": -2,
  "کساد بازاری": -2,
  "کشادہ": 1,
  "کشش": 2,
  "کشیدگی": -2,
  "کشیدہ": -2,
  "کفر کیا": -2,
  "کک بیکس": -3,
  "کلپناشیل": 2,
  "کلنک": -2,
  "کلنکت": -2,
  "کلہاڑی": -1,
  "کلین سوئپ": -3,
  "کلینر": 2,
  "کم": -1,
  "کم کر دیا": -2,
  "کمال": 4,
  "کمتر": -2,
  "کمجوس": -2,
  "کمزور": -2,
  "کمزوری": -2,
  "کمزوریاں": -2,
  "کمی": -1,
  "کمی پیدا ہوجاتی": -1,
  "کمینوں": -5,
  "کمینے": -5,
  "کمیوں": -2,
  "کنٹرول حاصل کر لیا": -2,
  "کھجلی": -2,
  "کہر": -2,
  "کھنڈرات": -2,
  "کھو": -2,
  "کھوکھلی": -1,
  "کھونے": -3,
  "کھیل کو تبدیل کرنے": 3,
  "کہیں غائب": -1,
  "کھینچ لیتا": -1,
  "کو accomplishes": 2,
  "کو unequaled": 2,
  "کو unravel": 1,
  "کو بچانے کے": 2,
  "کو بہتر بنانے کے": 2,
  "کو تباہ کر دیا": -3,
  "کو حل کرنے کے": 2,
  "کو خارج کر": -3,
  "کو دھوکہ": -3,
  "کو روشن": 2,
  "کو روکنے کے": -1,
  "کو سزا": -2,
  "کو غیر فعال": -1,
  "کو کم": 3,
  "کو مسترد کر دیا": -2,
  "کو یقینی بنانے کے": 1,
  "کوائف": 3,
  "کوملتا": 2,
  "کون سا پاگلپن": -2,
  "کوئی مزہ": -3,
  "کے bravura": 3,
  "کے breathtaking": 5,
  "کی buoyant": 2,
  "کے charmingly": 3,
  "کی cunt": -5,
  "کے dirtiest": -2,
  "کے frisky": 2,
  "کے Fuked": -4,
  "کے idiocy": -3,
  "کے irresistible": 2,
  "کے joyless": -2,
  "کے pesky": -2,
  "کے pseudoscience": -3,
  "کی spiteful": -2,
  "کے stabs": -2,
  "کی پوجا": 3,
  "کی تعریف": 2,
  "کی تفریحات": 3,
  "کے حامیوں": 1,
  "کی حفاظت": 1,
  "کی حفاظت کرتا ہے": 1,
  "کی حمایت": 1,
  "کی حمایت کی": 2,
  "کی حوصلہ افزائی": 2,
  "کی خرابی": -2,
  "کے خلاف قانونی کارروائی": -1,
  "کی خلاف ورزی": -2,
  "کی روک تھام": -1,
  "کے ساتھ زیادتی": -3,
  "کی سزا سنائی": -2,
  "کی سفارش کرتے ہیں": 2,
  "کی صلاحیت": 2,
  "کی طرح": 2,
  "کی عصمت دری": -4,
  "کی گرفتاری": -2,
  "کی مدد کر": 2,
  "کی منظوری دے دی": 1,
  "کیچڑ": -2,
  "کینسر": -1,
  "کینہ پرور": -2,
  "گالی": -3,
  "گالیاں": -3,
  "گدی": -4,
  "گر": -2,
  "گرا دیا": -1,
  "گرانٹ": 1,
  "گرانٹگ": 1,
  "گرفتار کیا": -3,
  "گرفتاریاں": -2,
  "گرم": 1,
  "گرم جوشی": 2,
  "گرم، اتارنا fucking": 2,
  "گرنے": -2,
  "گرے": -2,
  "گری دار میوے": -3,
  "گریز": -1,
  "گرینڈ": 3,
  "گڑبڑ": -2,
  "گزر جانے کے": -1,
  "گلا": -2,
  "گلا گھونٹنا": -2,
  "گلاب": 1,
  "گلوگیر": -2,
  "گلے": 2,
  "گلے لگانے": 1,
  "گلیمرس": 3,
  "گمراہ": -3,
  "گمراہ کن": -3,
  "گناہ": -2,
  "گناہوں": -2,
  "گندگی": -4,
  "گندہ": -2,
  "گندے": -2,
  "گندی": -2,
  "گنڈہردی": -2,
  "گنڈوں": -2,
  "گنڈی": -2,
  "گنہگار": -3,
  "گنوا": -2,
  "گھات میں ہونا": -1,
  "گھبرا": -2,
  "گھبراہٹ": -3,
  "گھٹیا": -3,
  "گھر رہا": -1,
  "گہری": 1,
  "گھسیٹا": -1,
  "گھمنڈی": -2,
  "گہنا": 1,
  "گھنونا": -3,
  "گھنونی": -3,
  "گھوٹالوں": -2,
  "گھوسٹ": -1,
  "گھیر": -2,
  "گولی مار": -1,
  "گونگے": -3,
  "گیلنٹ": 3,
  "لابسٹ": -2,
  "لابنگ": -2,
  "لابی": -2,
  "لاپتہ": -2,
  "لاپرواہ": -2,
  "لات": -2,
  "لاتعلق": -2,
  "لاجواب": 4,
  "لاچار": -2,
  "لاحاصل": -2,
  "لازمی": -1,
  "لاش": -1,
  "لافانی": 2,
  "لالچ": -3,
  "لالچی": -2,
  "لائق": 2,
  "لذت": 3,
  "لرزاں": -2,
  "لرزہ خیز": -3,
  "لڑائی": -1,
  "لڑائیوں": -1,
  "لطیفے": 2,
  "لعنت": -2,
  "لعنت ہے": -1,
  "لغو": -2,
  "لگا": -1,
  "لگاتار": -1,
  "لگاو": 2,
  "لگائے": 2,
  "لگن": 2,
  "لنڈ": -5,
  "لنگڑے": -2,
  "لواحقین": 2,
  "لوٹتا": -2,
  "لوڈ شیڈنگ": -2,
  "لوم": -1,
  "لومز": -1,
  "لونسم": -2,
  "لیڈر شپ": 1,
  "لیک": -1,
  "ماتم": -2,
  "ماحول کے مطابق": 2,
  "مار پیٹ": -1,
  "مارا": -1,
  "مارا پیٹا گیا": -2,
  "مارکس کا اختلاف": -1,
  "مارمک": 2,
  "مارنے کے": -3,
  "مانگ": -1,
  "مانے": -2,
  "مائباشالی": 2,
  "مائپرباو": -2,
  "مائکارک": -2,
  "مایوس": -2,
  "مایوس کن": -2,
  "مایوسی": -3,
  "مایوسیوں": -2,
  "مبارک باد": 1,
  "مبارک باد دی": 1,
  "مبارک ہو": 3,
  "مبارکباد": 2,
  "مبارکباد دیتا ہوں": 2,
  "مبالغہ آرائی": -2,
  "مبالغہ آمیز": -2,
  "مبتلا": -2,
  "مبہم": -1,
  "متاثر": 3,
  "متاثر کرنا": 3,
  "متاثر کن": 3,
  "متاثرہ": -1,
  "متاثرین": -3,
  "متجسس": 1,
  "متحدہ": 1,
  "متحرک": 3,
  "متروک": -2,
  "متروکہ": -2,
  "متضاد": -2,
  "متعدی": -1,
  "متعصب": -2,
  "متعفن": -2,
  "متعلقہ فارم ہاؤسز": -2,
  "متفق": 2,
  "متک": -1,
  "متنازع": -2,
  "متنازعہ": -2,
  "متوازن": 1,
  "متوجہ": 3,
  "مٹا": -2,
  "مٹانے": -2,
  "مثبت": 2,
  "مثبت انداز": 2,
  "مجا": 3,
  "مجاز": 2,
  "مجاہد": -2,
  "مجبور": 1,
  "مجبور کر دیا": -1,
  "مجرم": -2,
  "مجرمانہ": -3,
  "مجرموں": -3,
  "مجروح": -2,
  "مجریشکرت": -2,
  "مجموعی": -2,
  "مجنوں": -1,
  "محافظ": 2,
  "محبت": 2,
  "محبوب": 3,
  "محتاجوں": -2,
  "محتاط": -1,
  "محدود": -2,
  "محدود ہونا": -1,
  "محرومی": -3,
  "محسن": 2,
  "محسنوں": 2,
  "محفوظ": 2,
  "محفوظ بنانے": 2,
  "محفوظ طریقے سے": 1,
  "مخالف": -2,
  "مختصر اندیشی": -2,
  "مخر": -1,
  "مخلص": 2,
  "مخمصے": -2,
  "مداخلت": -2,
  "مدافعتی": 1,
  "مدح": 3,
  "مدد": 2,
  "مدد گار": 2,
  "مدعو": 1,
  "مدعی": -1,
  "مدمقابل": -1,
  "مذاق": -2,
  "مذاق اڑایا": -2,
  "مذمت": -3,
  "مذمت کی": -2,
  "مر گیا": -3,
  "مراعات یافتہ طبقے کے": 2,
  "مرتکب": 1,
  "مرتے": -3,
  "مردہ": -3,
  "مرنے": -3,
  "مری": -3,
  "مریض": -2,
  "مزاح": 2,
  "مزاحیہ": 2,
  "مزہ": 4,
  "مزہ آیا": 2,
  "مزے لوٹ رہے ہیں": 2,
  "مزید": 4,
  "مزید بگاڑ": -2,
  "مزید نمائش": 1,
  "مزیدار": 3,
  "مس": -2,
  "مسابقتی": 2,
  "مسائل": -2,
  "مستثنی": 2,
  "مستثنی تقاضہ": -1,
  "مستحکم": -1,
  "مسترد": -1,
  "مسترد کرتے ہیں": -1,
  "مستعفی": -1,
  "مستعفی ہونے": -1,
  "مستفید": 2,
  "مسحور": 3,
  "مسخ": -2,
  "مسدود کرنے": -1,
  "مسڈ": -2,
  "مسکرا": 2,
  "مسکراہٹ": 2,
  "مسکراہٹیں": 2,
  "مسکرایا": 2,
  "مسلط": -1,
  "مسئلہ": -2,
  "مشتاق": 2,
  "مشتبہ": -1,
  "مشتبہ افراد": -1,
  "مشتبہ شخص": -1,
  "مشتعل": -2,
  "مشغول": 1,
  "مشفق": 2,
  "مشقت": -2,
  "مشکل": -1,
  "مشکل لیبر": -2,
  "مشکلات": -2,
  "مشکوک": -1,
  "مشکوک میں پڑا": -2,
  "مشہور": 3,
  "مصالحت": 2,
  "مصائب": -2,
  "مصروف": 1,
  "مصنوعی": -3,
  "مصیبت": -2,
  "مصیبت زده": -3,
  "مصیبت زدہ": -1,
  "مضبوط": 2,
  "مضبوط بنانے": 2,
  "مضبوط ترین": 2,
  "مضبوط کیا": 2,
  "مضبوط ہے": 2,
  "مضبوطی": 2,
  "مضحکہ خیز": -3,
  "مضر": -3,
  "مضر اثرات": -2,
  "مضرصحت": -2,
  "مضمرات": -2,
  "مطالبات": -1,
  "مطالبہ": -1,
  "مطلق العنانیت": -2,
  "مطمئن": -2,
  "مظاہرے": -1,
  "مظاہرین": -2,
  "مظلوم": -2,
  "معاشرے سے نالاں": -2,
  "معاف": 2,
  "معاف کیا": 2,
  "معافی": 2,
  "معافی مانگی": -1,
  "معاملات": 1,
  "معاملہ": 1,
  "معاندانہ": -2,
  "معاہدہ": 1,
  "معاونتیں": 2,
  "معتبر طریقے": 2,
  "معجزہ": 4,
  "معذرت": -1,
  "معذور": -2,
  "معذوری": -2,
  "معذوریوں": -2,
  "معروف": 2,
  "معزز": 2,
  "معطل": -1,
  "معیار": 2,
  "مغوی": -2,
  "مفادات": 1,
  "مفت": 1,
  "مفید": 2,
  "مقابلہ": -1,
  "مقبول": 3,
  "مقبولیت": 3,
  "مقدمہ": -2,
  "مقدمہ چلایا": -2,
  "مکرم": 2,
  "مگن": 1,
  "ملان": -2,
  "ملبے": -2,
  "ملتوی": -1,
  "ملزم": -2,
  "ملک بدر": -2,
  "ملک بدری": -2,
  "ملنسار": 3,
  "ملی بھگت": -3,
  "ممانعت": -1,
  "ممتاز": 2,
  "منا": 3,
  "مناسب": 2,
  "مناسب طریقے سے": 2,
  "منافع": -2,
  "منافع بخش": 3,
  "منافقانہ": -2,
  "منتخب": 1,
  "مند": -2,
  "منسوخ": -1,
  "منسوخ کر دیا": -1,
  "منصفانہ": 2,
  "منظور": 1,
  "منظورشدہ": 2,
  "منظوری": 2,
  "منظوری دیدی": 2,
  "منع": -1,
  "منع کرتا ہے": -1,
  "منفی": -2,
  "منفی اثرات": -2,
  "منفی پہلو": -2,
  "منکر": -2,
  "منکرین": -2,
  "منہدم": -2,
  "منی": 3,
  "مہارت": 1,
  "مہتواکانکشی": 2,
  "مہتوہین": -2,
  "مہربان": 2,
  "مہربانی کرکے": 1,
  "مہلک": -3,
  "مہم جوئی": 2,
  "مہنگا": -2,
  "مواخذے": -3,
  "مواقع": 2,
  "موت": -2,
  "مؤثر": 2,
  "مؤثر طریقے": 2,
  "موڈرنایس": 2,
  "موڈیز": -1,
  "مورد الزام ٹھہرایا": -2,
  "مورکھون": -2,
  "مورھ": -3,
  "مورھتاپورن": -3,
  "موزوں": 2,
  "موقع": 2,
  "موہ": 2,
  "موہبنگ": -2,
  "موہت": 2,
  "میٹھا": 3,
  "میٹھی": 2,
  "میڈل": 3,
  "میرا یقین": -1,
  "میلا": -2,
  "میں cashing": -2,
  "میں Douchebag": -3,
  "میں Gleeful": 3,
  "میں Humbug": -2,
  "میں Jumpy": -1,
  "میں lurking": -1,
  "میں انتباہ": -2,
  "میں پریشان": -3,
  "میں خلل": -2,
  "میں خلل پیدا": -2,
  "میں سوگ": -2,
  "میں فرار": -1,
  "میں مدد ملتی ہے": 2,
  "میں ناکام رہے": -2,
  "نا امید": -2,
  "نا پسندیدہ": -2,
  "نا مناسب": -2,
  "نا منظور": -2,
  "نا منظوری": -2,
  "ناامیدی": -2,
  "ناانصافی": -2,
  "نااہل": -2,
  "نااہل قرار": -2,
  "نااہلی": -2,
  "ناپسند": -2,
  "ناپسند کرتا ہے": -2,
  "ناپسندیدگی": -2,
  "ناپسندیدہ": -2,
  "ناجائز": -2,
  "ناجائز استعمال": -2,
  "ناحق": -2,
  "ناخواندگی": -2,
  "ناخوش": -2,
  "ناخوشگوار": -2,
  "ناخوشگواری": -2,
  "نادانستہ طور پر": -2,
  "نادم": -2,
  "ناراج": -2,
  "ناراض": -2,
  "ناراضگی": -2,
  "نارکیی": -2,
  "ناشکرا": -3,
  "نافذ": -1,
  "نافرمان": -2,
  "ناقابل اعتماد": -1,
  "ناقابل برداشت": -2,
  "ناقابل تلافی": -2,
  "ناقابل قبول": -2,
  "ناقابل مذحمت": 2,
  "ناقابل معافی": -3,
  "ناقابل واپسی": -1,
  "ناقدین": -2,
  "ناقص": -2,
  "ناقص کارکردگی": -2,
  "ناکافی": -2,
  "ناکام": -2,
  "ناکام بنا دیا": -2,
  "ناکام بنانے": -2,
  "ناکام رہتا ہے": -2,
  "ناکام رہنے": -2,
  "ناکامی": -2,
  "ناکامیوں": -2,
  "ناکہ بندی": -2,
  "نامرد": -2,
  "نامکمل": -1,
  "نامناسب": -2,
  "ناموزوں": -2,
  "ناول": 2,
  "نجات": 2,
  "نجات دلانے کےایک": 2,
  "نراشا": -2,
  "نراشاوادی": -2,
  "نرگسیت": -2,
  "نروس": -2,
  "نسل پرست": -3,
  "نسل پرستوں": -3,
  "نسل پرستی": -3,
  "نشانات": -2,
  "نشانہ": -3,
  "نشکریتا": -2,
  "نشے": -2,
  "نصیحت": -2,
  "نظر انداز": -2,
  "نظر انداز کر دیا": -2,
  "نظرانداز": -2,
  "نظریاتی پراپیگنڈے": -2,
  "نظریاتی تعلیم": -2,
  "نعرہ لگانے": -2,
  "نعمت": 3,
  "نعمتوں": 3,
  "نعمتیں": 3,
  "نفٹی": 2,
  "نفرت": -3,
  "نفرت کرنا": -3,
  "نفرت کرنے والے": -3,
  "نفسیاتی": -2,
  "نفیس": 2,
  "نقاد": -2,
  "نقائص": -3,
  "نقصان": -2,
  "نقصان پہنچا": -2,
  "نقصان پہنچانے": -2,
  "نقصان پہنچایا": -2,
  "نقصان پہنچتا": -2,
  "نقصان دہ": -2,
  "نقصان کریں": -3,
  "نقصانات": -3,
  "نقلوں": -2,
  "نکال": -1,
  "نکال دیا": -2,
  "نکالنے": -1,
  "نکالے": -1,
  "نگر": -5,
  "نگرانی": -1,
  "نگہداشت": 2,
  "نمایاں": 2,
  "نمو": 2,
  "نندک": -2,
  "نندی": -3,
  "نہار": 3,
  "نہایت رنجیدہ": -2,
  "نہیں": -1,
  "نہیں lool": 3,
  "نوازا": 3,
  "نوجوان": 2,
  "نوکری سے نکال دیا": -2,
  "نے خبردار کیا": -2,
  "نے خبردار کیا ہے": -2,
  "نیچ": -3,
  "نیچا": -2,
  "نیرس": -1,
  "نیک": 2,
  "نیکی": 3,
  "ہا": 2,
  "ہا ہا": 3,
  "ہارا ہوا": -3,
  "ہارتا": -3,
  "ہارڈی": 2,
  "ھالیپن": -1,
  "ہاںفتے": -2,
  "ہتاش": -2,
  "ہتک": -2,
  "ہتوتساہ کرنا": -2,
  "ہٹ دھرمی": -2,
  "ہٹھی": -2,
  "ھجانا": 2,
  "ہچکچا": -2,
  "ہچکچاتے": -2,
  "ہر جگہ موجود": 2,
  "ہراساں": -3,
  "ہراساں کرنے": -3,
  "ہرایا": -2,
  "ہردیہین": -2,
  "ہڑتال": -1,
  "ہڑتالی": -2,
  "ہڑتالیں": -1,
  "ہسپتال میں داخل": -2,
  "ہسٹیریا": -3,
  "ہلاکت": -3,
  "ہلاکت پر مقدمہ": -2,
  "ہلکے پھلکے": 2,
  "ہم آہنگی": 2,
  "ہمت": 2,
  "ہمدرد": 2,
  "ہمدردی": 2,
  "ہموار": 2,
  "ہنس": 1,
  "ہنستے": 1,
  "ہنسمھ": 2,
  "ہنسی": 1,
  "ہنسی اڑانا": -2,
  "ہنگامہ": -3,
  "ہوبھی": -2,
  "ہوشیار": 2,
  "ہولناک": -3,
  "ہوموسیکسال": -3,
  "هے": -2,
  "ہے delightfully": 3,
  "ہے dirtier": -2,
  "ہے moans": -2,
  "ہے pensive": -1,
  "ہیرا پھیری": -1,
  "ہیرو": 2,
  "ہیروز": 2,
  "ہیرے": 1,
  "ہیک": -1,
  "وابستگی": 2,
  "واپس کاٹ": -2,
  "وار": -2,
  "واصل": -4,
  "واضح": 1,
  "واضح طور پر": 1,
  "واک آوٹ": -2,
  "واک آؤٹ": -2,
  "وال": 3,
  "واہ واہ": 3,
  "وباء": -2,
  "وٹامن": 1,
  "وحشت": -2,
  "وحشیانہ": -2,
  "ودوت": 2,
  "ؤرجاوان": 2,
  "وردی": -2,
  "وژن": 1,
  "وسیع": 2,
  "وشوسنییتا": 2,
  "وضاحت": 2,
  "وعدہ": 1,
  "وعدے": 1,
  "وفادار": 3,
  "وفاداری": 3,
  "وقار": 2,
  "وقف": 3,
  "وقفہ": -1,
  "وکٹر": 3,
  "ونودی": 2,
  "وو": 3,
  "وویک": 2,
  "ویپگت": -1,
  "ویچارشیل": 2,
  "ویرت": -2,
  "ویرتا": 3,
  "ویشیا": -4,
  "ویگر": 2,
  "ویگھٹنکاری": -2,
  "وینگیپورن": -2,
  "یاد": 1,
  "یاد ستا": -2,
  "یادگار": 1,
  "یخ بستہ": -1,
  "یسوع": 1,
  "یقین": 2,
  "یقین دہانی": 1,
  "یقینی بنانے": 1,
  "یکجہتی": 2,
  "یہ bothersome": -2,
  "یہ مشورہ دیا جاتا": 1
}