{
  "whāiti": -2,
  ", uhia iho": -2,
  "a Muldoon": -2,
  "a pouri iho": -3,
  "A tuu na": -2,
  "a utua ana": -3,
  "Aah": -2,
  "aau": 3,
  "aau maitai": 3,
  "abductions": -2,
  "aborts": -1,
  "absolve": 2,
  "absolved": 2,
  "absolving": 2,
  "Accolade": 2,
  "acrimonious": -3,
  "admires": 3,
  "adores": 3,
  "adoringly": 3,
  "advantageously": 2,
  "ae": 1,
  "ae pouri ana": -2,
  "affectionateness": 3,
  "aficionados": 2,
  "aggravates": -2,
  "agog": 2,
  "agonises": -3,
  "ahakoa": 3,
  "āheinga": 1,
  "ahi": -2,
  "ahotea": -1,
  "ahua": -1,
  "ähua": -2,
  "ahua o": 0,
  "āhuaatua": 3,
  "ahuareka": 3,
  "āhukahuka": 2,
  "äia": -2,
  "aitua": -3,
  "aituā": -3,
  "ake": -2,
  "ake ngaa": -2,
  "akiaki": -1,
  "akiri": -2,
  "alarmist": -2,
  "alarmists": -2,
  "āmai": -1,
  "amanaki": 1,
  "amazes": 2,
  "āmiomio": -2,
  "amuamu": -3,
  "āna": -2,
  "anaana": 4,
  "anaanatae": 1,
  "anake": -2,
  "anea": -2,
  "anga": 2,
  "Angers": -3,
  "angitu": 3,
  "ānini": -2,
  "anti": -1,
  "Äperahama": -2,
  "apeshit": -3,
  "apinganui": 2,
  "apo": -3,
  "appeases": 2,
  "ara": 2,
  "ārahi": 2,
  "ārahitanga": 1,
  "arai": -2,
  "ārai": -1,
  "arai atu": -2,
  "āraia": -1,
  "aravihi": 2,
  "aritarita": -2,
  "aro": 2,
  "aroha": -2,
  "aroha fucking": 4,
  "arohaehae": -2,
  "aronga tika": 3,
  "arotahi": 2,
  "arsehole": -4,
  "aruaru": -2,
  "arumanga": -2,
  "ashame": -2,
  "assassinations": -3,
  "assfucking": -4,
  "asshole": -4,
  "astoundingly": 3,
  "astounds": 3,
  "ata": 2,
  "āta": 2,
  "ataahua": 3,
  "ātaahua": 2,
  "ātaahua hoki": 1,
  "ataata": 2,
  "ātahu": 3,
  "atamai": 1,
  "ataruatia": -1,
  "atawhai": 2,
  "atawhaikore": -2,
  "ati": -3,
  "atiati": -2,
  "attraction": 2,
  "atua": 1,
  "au": 2,
  "au ore": -2,
  "auaha": 1,
  "aue": -1,
  "Aue": -2,
  "auē": -1,
  "auheke": 4,
  "auhoaraa": 2,
  "aukati": -2,
  "auru huna": -2,
  "awangaawanga": -2,
  "āwangawanga": -3,
  "awhi": 1,
  "awhiawhi": 2,
  "āwhina": 2,
  "axed": -1,
  "badass": -3,
  "bailout": -2,
  "bamboozle": -2,
  "bamboozled": -2,
  "bamboozles": -2,
  "bankster": -3,
  "beatific": 3,
  "bitches": -5,
  "blackmailed": -3,
  "blackmailing": -3,
  "blackmails": -3,
  "blah": -2,
  "blames": -2,
  "blithe": 2,
  "boosting": 1,
  "boycotting": -2,
  "boycotts": -2,
  "brainwashing": -3,
  "braveness": 2,
  "bravura": 3,
  "breathtaking": 5,
  "brilliances": 3,
  "bullshit": -4,
  "bummer": -2,
  "burdening": -2,
  "catastrophic": -4,
  "censors": -2,
  "chagrined": -2,
  "championed": 2,
  "Charisma": 2,
  "charmingly": 3,
  "charmless": -3,
  "cheater": -3,
  "cheaters": -3,
  "cheerless": -2,
  "chic": 2,
  "chides": -3,
  "classy": 3,
  "clueless": -2,
  "cocksucker": -5,
  "cocksuckers": -5,
  "cocky": -2,
  "collapsing": -2,
  "colliding": -1,
  "collisions": -2,
  "conciliated": 2,
  "conciliates": 2,
  "conciliating": 2,
  "conflictive": -2,
  "congrats": 2,
  "consolable": 2,
  "contagion": -2,
  "contagions": -2,
  "contamination": -2,
  "contaminations": -2,
  "controversially": -2,
  "courageousness": 2,
  "coverake": -3,
  "coziness": 2,
  "crap": -3,
  "crappy": -3,
  "crazier": -2,
  "craziest": -2,
  "criminate": -3,
  "criminated": -3,
  "criminates": -3,
  "cunt": -5,
  "damnit": -4,
  "debonair": 2,
  "deformities": -2,
  "defrauds": -3,
  "deft": 2,
  "defunct": -2,
  "dehumanize": -2,
  "dehumanized": -2,
  "dehumanizes": -2,
  "dehumanizing": -2,
  "deject": -2,
  "dejecting": -2,
  "dejects": -2,
  "delightfully": 3,
  "demoralizes": -2,
  "denier": -2,
  "deniers": -2,
  "deplore": -3,
  "deploring": -3,
  "deportations": -2,
  "deporting": -2,
  "deports": -2,
  "depressing": -2,
  "derailed": -2,
  "derails": -2,
  "Dick": -4,
  "dickhead": -4,
  "dilligence": 2,
  "dipshit": -3,
  "dire": -3,
  "direful": -3,
  "dirtiest": -2,
  "disapprovals": -2,
  "disapproving": -2,
  "disconsolation": -2,
  "disgustful": -3,
  "disorders": -2,
  "disparages": -2,
  "distorting": -2,
  "distrustful": -3,
  "dodgy": -2,
  "dolorous": -2,
  "douche": -3,
  "douchebag": -3,
  "Downer": -2,
  "droopy": -2,
  "drudgery": -2,
  "dud": -2,
  "dull": -3,
  "dumbass": -3,
  "dupery": -2,
  "e aitâ": -2,
  "e awhi nei": -2,
  "E faahuru ź": -2,
  "e faaneva": -2,
  "e faaûru": 2,
  "E haamaramarama": 2,
  "e haapeapea i": -2,
  "E haukoti nei": -2,
  "e hawata": 2,
  "e hiahiatia ana": 2,
  "e kino ana": -3,
  "e kiriora": -2,
  "e kore e mahi": -3,
  "e kore e pai": -2,
  "e mahi i": 1,
  "e minaminatia": 2,
  "e ngaua": -2,
  "e pā ana te tutu": -3,
  "e pahua ana": -2,
  "e pahuatia": -2,
  "e pawera": -2,
  "e pee mai": -1,
  "e piri": -1,
  "e poka ke": -2,
  "e pūkeke": -2,
  "e rapu utu": -2,
  "e raruraru": -2,
  "e raruraru ana": -2,
  "E taere": -2,
  "e tahae ana": -2,
  "e tango": -1,
  "E tata mate": -2,
  "e tau": -2,
  "E taunaki ana": 2,
  "e tika ana": 2,
  "e toko": 2,
  "e tukinotia ana": -2,
  "e whakaahua ana": -1,
  "e whakahe": -2,
  "E whakahe": -2,
  "e whakamataku ana": -3,
  "e whakapa ana": -2,
  "E whakapōnānā ana": -2,
  "e whakarihariha ana": -3,
  "e whakatika": 2,
  "e whakaware ana": -1,
  "e whakawarea ana": -2,
  "e whakawhāiti": -2,
  "ea": -2,
  "eery": -2,
  "embarrasses": -2,
  "engrossing": 3,
  "enraging": -2,
  "eo": 2,
  "ērā": -2,
  "ere i": -2,
  "ErrorWithTranslation": 3,
  "etahi": 1,
  "etahi ahua": 0,
  "euphoria": 3,
  "euphoric": 4,
  "evacuates": -1,
  "evergreening": -3,
  "evergreens": 2,
  "exacerbate": -2,
  "exacerbating": -2,
  "exaggerates": -2,
  "exasparate": -2,
  "exasperates": -2,
  "exhilarated": 3,
  "exhilarates": 3,
  "exonerate": 2,
  "exonerates": 2,
  "expertly": 2,
  "extremist": -2,
  "extremists": -2,
  "exultantly": 3,
  "faaara": -2,
  "faaararaa": -3,
  "faaati": -2,
  "faahapa": -2,
  "faahaparaa ia": -3,
  "faahiahia": 3,
  "faaieie": 3,
  "faaino": -2,
  "faaitoitoraa": 2,
  "faanane": -2,
  "faanevaneva": -2,
  "faaoaoaraa": 3,
  "faaohipa": -2,
  "faaora": 2,
  "faaore": 1,
  "faarahi": -2,
  "faarahiraa": 2,
  "faataime": -1,
  "faataime i": -1,
  "faatau": -2,
  "faatautau": -2,
  "faateitei": 2,
  "faatura": -2,
  "faaturahia": 2,
  "faaturaraa": 2,
  "faauru": 2,
  "faauruhia": 2,
  "faaururaa": 2,
  "fabulously": 4,
  "fafauraa": 2,
  "fagot": -3,
  "faingamālie": 2,
  "faitotonu": 2,
  "fakaanga": -2,
  "fakaangá": -2,
  "fakaaoao": -2,
  "Fakaaoga": -2,
  "fakafalala": 2,
  "fakafepaki": -2,
  "fakafiefia": 2,
  "Fakafiefia": 2,
  "fakafiemālie": 2,
  "fakafisi": -2,
  "fakahoko": 2,
  "fakalaulauloto": 1,
  "fakalaumālie": 3,
  "fakalilifu": -3,
  "fakamā": -2,
  "fakamaama": 2,
  "fakamālohisinó": 2,
  "fakamamahi": -2,
  "fakamanamanai": -2,
  "fakamasiva": -3,
  "fakangatangata": -1,
  "fakaofo": 3,
  "fakaofoofa": 3,
  "fakatamaki": -2,
  "fakatokanga": -2,
  "fakatupu fakakaukau": 1,
  "faker": -3,
  "fakes": -3,
  "Faking": -3,
  "falemahaki": -2,
  "falsify": -3,
  "fantastic": 4,
  "farii i": 1,
  "fascinates": 3,
  "Fascist": -2,
  "fascists": -2,
  "fatata mai": -1,
  "fatiguing": -2,
  "fatongia": 1,
  "faufaa": 2,
  "faufau": -2,
  "favorited": 2,
  "favourited": 2,
  "feaa": -1,
  "felonies": -3,
  "feongoongoi": 2,
  "feruri": -2,
  "feruri ore": -2,
  "fervid": 2,
  "Fetukutuku": -1,
  "fidgety": -2,
  "fiefia": 2,
  "fiekaia": -2,
  "fiemālie": -2,
  "fifi": -2,
  "flawlessly": 2,
  "flops": -2,
  "flustered": -2,
  "foaki": 2,
  "foi": -3,
  "foreclosure": -2,
  "forgettable": -1,
  "fraudster": -4,
  "fraudsters": -4,
  "fraudulence": -4,
  "free": 1,
  "frikin": -2,
  "FTW": 3,
  "Fuck": -4,
  "fucked": -4,
  "fucker": -4,
  "fuckers": -4,
  "fuckface": -4,
  "fuckhead": -4,
  "fuckin": -4,
  "fucking": -4,
  "fucking ataahua": 4,
  "fucking fantastic": 4,
  "fucking mīharo": 4,
  "fucking nui": 4,
  "fucking orotika": 4,
  "fucking wera": 2,
  "fucktard": -4,
  "fud": -3,
  "fuked": -4,
  "fuking": -4,
  "funky": 2,
  "funnier": 4,
  "fuu": -2,
  "ga": -2,
  "gallantly": 3,
  "ghastly": -2,
  "glamourous": 3,
  "gleeful": 3,
  "glum": -2,
  "goalless": -2,
  "goddamn": -3,
  "goodlooking": 3,
  "goodmorning": 1,
  "goofiness": -2,
  "goofy": -2,
  "gr8": 3,
  "greenwash": -3,
  "greenwasher": -3,
  "greenwashers": -3,
  "greenwashing": -3,
  "grisly": -2,
  "growths": 2,
  "ha": -2,
  "haafaufaa": -2,
  "haafaufaa ore": -1,
  "haamahu": 2,
  "haamaramarama": 2,
  "haamauiui": -2,
  "haamoriraa": 3,
  "haamou": -3,
  "haapapu": 1,
  "haapoupou": 2,
  "haapoupouraa": 2,
  "haapouri": 2,
  "haaputapū": 3,
  "haavare": -2,
  "haavarevare": -2,
  "haavî": -2,
  "hae": -1,
  "haea": -2,
  "haehaa": 1,
  "haehaenga": -2,
  "haere noa": 2,
  "haereere": -1,
  "haha": 3,
  "hahaha": 3,
  "hahahah": 3,
  "haka": -2,
  "hakahaka": 1,
  "hakari": 2,
  "hakawhetai": -3,
  "hākiki": -2,
  "hākirikiri": -2,
  "hakohako": 3,
  "hala": -2,
  "haleluia": 3,
  "hamani": -2,
  "hamani ino": -2,
  "hāmene": -1,
  "hāmenetia": -2,
  "hanahana": 2,
  "hangaake": -1,
  "hāngai": 2,
  "hāngū": -1,
  "hano": -2,
  "hao": -2,
  "hapa": -3,
  "hapanga": -3,
  "hāparangi": -1,
  "hape": -2,
  "haplessness": -2,
  "hara": -2,
  "harakoakoa": 2,
  "harasses": -3,
  "hardier": 2,
  "hari": 4,
  "harried": -2,
  "haruhia": -2,
  "haua": -2,
  "hauā": -2,
  "hauarea": -2,
  "hauātanga": -2,
  "Haukarotia": -1,
  "haukotia": -2,
  "haumaru": 2,
  "hauora": 2,
  "haurangi": -2,
  "hauwarea": -2,
  "he": -3,
  "hē": -3,
  "he hanga whakawehi": -3,
  "he hora i te": -1,
  "he i": -3,
  "he karanga": -2,
  "he kino": -2,
  "he mea patu": -2,
  "he nunui": 2,
  "he pai": 3,
  "He pārekareka ki": 2,
  "he patanga": -2,
  "He poka ke": -2,
  "he wehi": -2,
  "hea": 1,
  "heahea": -1,
  "heartbreaking": -3,
  "hehe": 2,
  "hei whakaatu he": 1,
  "hei whakatau he": -2,
  "heke": -2,
  "hēmanawa": -2,
  "hemo": -2,
  "hemokai": -2,
  "hepohepo": -2,
  "here": 2,
  "herea": -2,
  "herehere": -2,
  "herehereraa": 2,
  "herehia": 2,
  "herepata no": -2,
  "hero": 2,
  "Heroti": -2,
  "hetia": -3,
  "hiaai": 1,
  "hiahia": 1,
  "hiahiatia": -2,
  "hiako": -1,
  "hiamoe": -2,
  "hihira": -2,
  "hihiri": 3,
  "hikaka": -2,
  "hiki": -1,
  "hina": -1,
  "hinaaro": 2,
  "hinengaro": -2,
  "hinga": -1,
  "hira": -2,
  "hiranga": 1,
  "hivá": 3,
  "hoa": 1,
  "hoariri": -2,
  "hoax": -2,
  "hoha": -2,
  "hōhā": -3,
  "hohe": 1,
  "hokona": 2,
  "Holoki e": -2,
  "homai": 1,
  "homicides": -2,
  "hōneatanga": -1,
  "honore": 2,
  "hoohonutanga": -1,
  "hooligan": -2,
  "hooliganism": -2,
  "hopu": -2,
  "hopuhopu": -2,
  "hopukia": -2,
  "hopukina": -3,
  "horekau he": -2,
  "horihori": -2,
  "horoi": -2,
  "horoi matomato": -3,
  "hou": 2,
  "houhanga": -2,
  "houhou": -2,
  "houtamaki": -2,
  "hua": 2,
  "hua kore": -2,
  "huaketo": -2,
  "huaki": -2,
  "huakore": -2,
  "huanane": -2,
  "huaora": 1,
  "huatau": 2,
  "huckster": -2,
  "hūhi": -2,
  "hukihuki": -5,
  "humarie": 1,
  "humbug": -2,
  "humerous": 3,
  "huna": -2,
  "huraina": -3,
  "huri": -2,
  "hurituatia": -1,
  "huru": -2,
  "hysterical": -3,
  "hysterics": -3,
  "i ako": -3,
  "i arongia atu": -2,
  "i ërä": -2,
  "i faaapiapi": -2,
  "i fariihia e": 3,
  "i kitea": 1,
  "i miharo hoki": 3,
  "i muri": 3,
  "i ngā": -1,
  "i taua kupu": -2,
  "i tohungia": -1,
  "i whakapoke": -2,
  "ia faataere": -2,
  "icky": -3,
  "iho": -2,
  "iho ratou": -2,
  "Ihu": 1,
  "ikuna": 4,
  "illiteracy": -2,
  "impairing": -2,
  "impairs": -2,
  "impeachments": -3,
  "impedingly": -2,
  "ina tohe": -2,
  "incapacitates": -2,
  "incapacitating": -2,
  "incensing": -2,
  "incoherent": -2,
  "indoctrinated": -2,
  "indoctrinates": -2,
  "indoctrinating": -2,
  "inediable": -2,
  "ineffectively": -2,
  "inefficiently": -2,
  "ineptitude": -2,
  "inexorable": -3,
  "infantilized": -2,
  "infesting": -2,
  "infests": -2,
  "infract": -2,
  "infracted": -2,
  "infracting": -2,
  "infracts": -2,
  "infuriates": -2,
  "infuriating": -2,
  "Iniraiti": -2,
  "innovates": 1,
  "ino": -2,
  "inoi": 1,
  "inoino": -2,
  "inonotitanga": -3,
  "intransigency": -2,
  "io": -2,
  "ira": 2,
  "iri": -1,
  "irreproducible": -2,
  "irresistible": 2,
  "irreversibly": -1,
  "irritates": -3,
  "irritating": -3,
  "iti": -2,
  "itoito": 3,
  "iu": -1,
  "ivi": 3,
  "jackass": -4,
  "jackasses": -4,
  "jaunty": 2,
  "jovial": 2,
  "jumpy": -1,
  "kā hē": -2,
  "ka marie ai": -1,
  "ka patai": -1,
  "ka patua": -3,
  "ka porearea": -2,
  "Ka rāhuitia e": -1,
  "Ka taea e \"t tu": -3,
  "Ka tiango": -2,
  "ka tuki": -1,
  "Ka whakamana e": 2,
  "Ka whakaroha": 1,
  "ka whiua": -3,
  "kaha": -3,
  "kaha a": 2,
  "kähaki": -2,
  "kāhaki": -2,
  "kahakina": -2,
  "kāhakitanga": -2,
  "kahakore": -2,
  "kahore": -1,
  "Kahore": -3,
  "kāhore": -2,
  "kahore fun": -3,
  "kahore nei": -2,
  "kahore ona": -2,
  "kaia": -3,
  "kaiatawhai": 2,
  "kaihau": -3,
  "kaihe": -4,
  "kaihōpara": -3,
  "kaihoroi": 2,
  "kaikiri": -2,
  "kaikohuru": -2,
  "kaikopere": -2,
  "kaikorero": -2,
  "kaila": -2,
  "kaimahi": -2,
  "kaimahi kino": -3,
  "kaingākau": 2,
  "kairangi": 3,
  "kairapu": -2,
  "kairapu utu": -2,
  "kairau": -4,
  "kaitahi": 1,
  "kaitakitaki": -2,
  "kaitautoko": 1,
  "kaitiaki": 1,
  "kaitukino": -2,
  "kaituku": -3,
  "kaiwawao": 2,
  "kaiwhakakino": -3,
  "kaiwhakamātau": -2,
  "kaiwhakatikatika": 2,
  "kaiwhakatuma": -2,
  "kaiwhiu": -2,
  "kākā": -3,
  "kakahu": -2,
  "kakama": 2,
  "kake": 3,
  "kanakana kau": -3,
  "kanapa": 3,
  "kānapanapa": 2,
  "kanga": -1,
  "kanohi": -2,
  "kaore": -2,
  "Kāore": -2,
  "käore a": -1,
  "kāore rite": -2,
  "kaoro": -2,
  "kāpasá": 3,
  "kapokapohia": -3,
  "kara": 3,
  "karaatitanga": 1,
  "karanga": -2,
  "karawhiua": -2,
  "kare": -2,
  "karo": -2,
  "karohia": -1,
  "karukaru": -2,
  "kata": 1,
  "kataina": -2,
  "kataina iho": -2,
  "katakata": 2,
  "kātakí": 2,
  "katanga": -2,
  "kati": -2,
  "Kati": -2,
  "kau": -2,
  "kawa": -2,
  "kawenga": -2,
  "ke": -3,
  "ke ana": -1,
  "kē atu": -2,
  "keakea": -1,
  "kēmute huri": 3,
  "ketia": -2,
  "këtia kia": -2,
  "kia kaua": -2,
  "kia riri": -2,
  "kickback": -3,
  "kickbacks": -3,
  "kidnappings": -2,
  "kihai": -2,
  "kihi": 2,
  "kiki": -1,
  "kikī": -1,
  "kinakitia": -2,
  "kingitanga": 1,
  "kino": -1,
  "kinohū": -2,
  "kino rawa": -3,
  "kinongia": -2,
  "kinongia ana": -2,
  "kinotia": -2,
  "kinotia ia": -3,
  "kirika": -2,
  "kiritau": 2,
  "kiriuka": -2,
  "kite": 2,
  "kitea": -1,
  "ko ení te": 2,
  "koa": 3,
  "koati": -2,
  "koha": -2,
  "kohakore": -2,
  "kōhatu": 3,
  "kohete": -2,
  "kohi": -1,
  "kohukohu": -3,
  "kohupara": -2,
  "kohuru": -2,
  "köhuru": -2,
  "kōhurutanga": -3,
  "koka": -4,
  "kōkiri": 2,
  "kōmeke": 1,
  "konihi": -2,
  "kopa": -2,
  "kōpā": -1,
  "kōpeka": -2,
  "kopere": -1,
  "korakora": 1,
  "kore": -2,
  "korewhakaaetia": -2,
  "kore ai": -3,
  "kore mahi": -1,
  "korero": 1,
  "korero e korerotia ana": -2,
  "koretake": -2,
  "koreutu,": 1,
  "koroke": -2,
  "korokē": -1,
  "kōroke": -2,
  "koropiko": 3,
  "kororia": 2,
  "kotahi": 1,
  "kotahii roto i teteoranga": 3,
  "koti": 2,
  "kounga": 2,
  "koura": 2,
  "kowaowaotia": -2,
  "kua hauātia": -2,
  "kua horoa": -2,
  "kua kore": -2,
  "kua kore e": -1,
  "kua tau": 1,
  "kua ururuatia": -2,
  "kua whakapania": -2,
  "kuare": -2,
  "kūare": -2,
  "kudos": 3,
  "kukū": -2,
  "kukume": 2,
  "kumea": -1,
  "kupu": -2,
  "kupu reka": 2,
  "kupu whakaari": 1,
  "kuru": -1,
  "kurua": -3,
  "kuware": -2,
  "Kuware": -2,
  "kūwawa": -2,
  "lackadaisical": -2,
  "lagged": -2,
  "lags": -2,
  "lapsed": -1,
  "laughting": 1,
  "lawl": 3,
  "lelei": 2,
  "lēsoni": -1,
  "lethality": -2,
  "lethargic": -2,
  "lethargy": -2,
  "lifesaver": 4,
  "likers": 2,
  "lmao": 4,
  "lmfao": 4,
  "lobbyist": -2,
  "lobbyists": -2,
  "lol": 3,
  "lolol": 4,
  "lololol": 4,
  "lolololol": 4,
  "lool": 3,
  "loool": 3,
  "looool": 3,
  "lotolotoua": -2,
  "lotu": 2,
  "lousy": -2,
  "lovelies": 3,
  "lugubrious": -2,
  "ma": 2,
  "macabre": -2,
  "maere": 3,
  "Mahalo": -2,
  "mahana": 2,
  "mahanahana": 2,
  "mahanga": -1,
  "mahara": 2,
  "maharakore": -2,
  "mahi": -2,
  "mahi hoki i te": 1,
  "mahi kikino": -2,
  "mahia": 1,
  "mahia e": 1,
  "mahira": 2,
  "māhorahora": 2,
  "mahue": -2,
  "mahue te": -2,
  "mahuenga": -2,
  "mahuki ana": -2,
  "mai": 2,
  "maia": 2,
  "māia": 2,
  "maioha": 2,
  "maitai": 3,
  "maka atu": -1,
  "mākahi": -2,
  "makanga": -2,
  "makau": 2,
  "makona": 2,
  "maladaption": -2,
  "maldevelopment": -2,
  "maltreatment": -2,
  "mama": 2,
  "mamae": -2,
  "mamahi": -2,
  "mamatanga": 2,
  "mana": 1,
  "manaaki": 3,
  "manahau": 3,
  "manako": 2,
  "manakoa ai": 2,
  "manakohia": 1,
  "manarūtanga": 3,
  "mänatunatu": -3,
  "manawa": 2,
  "manawanui": -2,
  "manawapa": -2,
  "manawarau": -2,
  "manene": -2,
  "mangā": -2,
  "manganga": 2,
  "mangere": -1,
  "manohi": 2,
  "manuïa": 3,
  "manukanuka": 2,
  "mānukanuka": -1,
  "manuware": -3,
  "maongo": 3,
  "maori": -2,
  "Maori": -2,
  "māori": 1,
  "mapu": -2,
  "marae a": -2,
  "marama": 3,
  "mārama": 1,
  "marie": 2,
  "mārie": 2,
  "marino": 2,
  "mārire": 1,
  "mariu": 2,
  "maro": -2,
  "marutuna": -1,
  "masivesivá": -1,
  "masterpieces": 4,
  "mataara": -1,
  "mataaratanga": -2,
  "matakana": -3,
  "matakawa": 1,
  "matakite": 3,
  "mataku": -2,
  "mātanga": 2,
  "matao": 1,
  "mataora": 2,
  "Mataora": 4,
  "matapo": -1,
  "matatau": 1,
  "matatika": 2,
  "mātātoa": 2,
  "mātau": 2,
  "matawaenga": -1,
  "mate": -1,
  "mate pukupuku": -1,
  "mateaki": 3,
  "matekai": -2,
  "matekiri": -2,
  "matenui": 3,
  "matia": -2,
  "matihe": -2,
  "matomato": 2,
  "matotoru": -2,
  "matua": 2,
  "maturuturu": -1,
  "maturuturu iho": -1,
  "mau": -1,
  "mau fafauraa": 1,
  "mau fifi": -2,
  "maua": -1,
  "mauahara": -3,
  "mauähara": -3,
  "mauheretia": -2,
  "mauiui": -3,
  "māuiui": -2,
  "mauiui to": -2,
  "maumau": -2,
  "Maumau": -1,
  "maumaui": -2,
  "maumauria": -2,
  "maumauria e": -2,
  "mauri": 5,
  "mauruuru": -2,
  "mautohe": -2,
  "mawehe": -1,
  "mawhiti": -1,
  "mea": 1,
  "meá": -2,
  "mea hauhautanga": 3,
  "mediocrity": -3,
  "medium": -1,
  "meinga": 1,
  "meinga e": 3,
  "mele": -3,
  "memeha": -2,
  "MEMORIAM": -2,
  "menaces": -2,
  "meroiti": -2,
  "mesmerizing": 3,
  "messed": -2,
  "mētara": 3,
  "miharo": -2,
  "mīharo": 3,
  "mihi": 2,
  "mimi,": -4,
  "miramira": 2,
  "mirthful": 3,
  "mirthfully": 3,
  "misbranding": -3,
  "miscast": -2,
  "misclassified": -2,
  "misclassifies": -2,
  "misclassify": -2,
  "misconducted": -2,
  "misconducting": -2,
  "misconducts": -2,
  "misgiving": -2,
  "misleaded": -3,
  "misplaces": -2,
  "misplacing": -2,
  "mispricing": -3,
  "misread": -1,
  "misreport": -2,
  "misreported": -2,
  "misreporting": -2,
  "misreports": -2,
  "modernizes": 2,
  "modernizing": 2,
  "moe": 1,
  "moea": -4,
  "moeahia": -3,
  "moemoea": 1,
  "mohio": 2,
  "mōhio": -1,
  "mohio:": -3,
  "mokai,": -2,
  "mokemoke": -2,
  "mokomoko mo": -1,
  "momo": 2,
  "mongamonga": -2,
  "mongering": -2,
  "moni": 1,
  "monopolizes": -2,
  "Moody": -1,
  "moorearea": -2,
  "mope": -1,
  "moping": -1,
  "mōrea": -2,
  "mōrearea": -2,
  "morehu": 2,
  "mōrikarika a": -3,
  "moron": -3,
  "möteatea": -2,
  "motherfucker": -5,
  "motherfucking": -5,
  "motu": -1,
  "motuhake": 2,
  "motuhaketanga": -1,
  "moumou": -2,
  "mua": 1,
  "mui": -2,
  "muia": -2,
  "mukākā": -3,
  "mumpish": -2,
  "muru": 2,
  "murua": 2,
  "murunga": -2,
  "murunga kore": -3,
  "mutu": 2,
  "n00b": -2,
  "na pehia ana": -2,
  "nama": -2,
  "nana": -2,
  "nāna i tātari": -2,
  "nanakia": -3,
  "nananga": -2,
  "nati": -3,
  "natulá": -2,
  "nawe": -2,
  "nehenehe": 3,
  "nehenehe roa": 2,
  "neki": -1,
  "nengaro": -2,
  "nervously": -2,
  "ngā": 2,
  "ngā ngākau nuitanga": 1,
  "nga pātanga": -2,
  "ngā whare": -2,
  "ngahau": 4,
  "ngakau": -2,
  "ngākau": 2,
  "ngakau nui": 2,
  "ngākau nui": 1,
  "ngakaukore": -2,
  "ngali": -2,
  "ngali fakaoli": 1,
  "Ngana tonu": -3,
  "ngangahau": 4,
  "ngangare": -2,
  "ngangau": -1,
  "ngangautanga": -1,
  "ngaro": -3,
  "ngaro kē": -2,
  "ngaruru": -3,
  "ngaua": -2,
  "ngaueue": -2,
  "ngawari": 2,
  "ngāwari": 1,
  "ngāwari ai": 3,
  "ngenge": -2,
  "ngia": -2,
  "ngoikore": -2,
  "ngoikoretanga": -2,
  "ngotea": -3,
  "nguha": -1,
  "ngunguru": -2,
  "nifty": 2,
  "niggas": -5,
  "niwha": 2,
  "noa iho": -1,
  "noaa": 2,
  "noatia": -1,
  "noho nakohakoha": 1,
  "nohohi": -3,
  "nonoi": -1,
  "noob": -2,
  "notia": -2,
  "nui": 1,
  "nui e": 3,
  "o te mamae": -3,
  "oa": -1,
  "oaoa": 3,
  "oaoa ore": -2,
  "oati": -2,
  "oati teka": -3,
  "oatitia": -2,
  "obliterate": -2,
  "obstructs": -2,
  "ofati": -2,
  "ofeina": 3,
  "oha": 1,
  "Oha atu": 2,
  "ōhanga": -2,
  "ohaoha": 2,
  "ohipa": 2,
  "ohooho": -2,
  "ohorere": -2,
  "ohoroa": -2,
  "oi": 3,
  "oka": -3,
  "okooko": -3,
  "oks": 2,
  "Okú": -2,
  "Oops": -2,
  "opani": -1,
  "optionless": -2,
  "opuaraa": 1,
  "ora": 2,
  "ora o": -2,
  "oranga": -2,
  "ore": 2,
  "ore te": -2,
  "oreraa": -2,
  "ōrite": 1,
  "oro": 2,
  "orotika": 2,
  "ostracizes": -2,
  "oti": 2,
  "otinga": 1,
  "otirā": -2,
  "oto": -3,
  "Ouch": -2,
  "outage": -2,
  "Outages": -2,
  "outmaneuvered": -2,
  "overprotective": -2,
  "overreact": -2,
  "overreacted": -2,
  "overreaction": -2,
  "overreacts": -2,
  "oversell": -2,
  "overselling": -2,
  "oversells": -2,
  "oversimplification": -2,
  "oversimplified": -2,
  "oversimplifies": -2,
  "oversimplify": -2,
  "oversold": -2,
  "overstatement": -2,
  "overstatements": -2,
  "overwrought": -3,
  "pa": 1,
  "pā": -2,
  "pā pōuri ana": -2,
  "pae totiare e": -2,
  "pahara": -1,
  "pāhekeheke": -2,
  "pahua": -2,
  "pahuatia": -2,
  "pahuhu noa": -1,
  "pai": 2,
  "paiarotahi": 2,
  "paichampioned": 3,
  "paiMatiu": 2,
  "paioranga": 2,
  "paiproportioned": 2,
  "paiu": 2,
  "pai ake": 2,
  "pai fucking": 4,
  "pai rawa": 3,
  "pai whakawhanakehia": 2,
  "paihana": -2,
  "painga": -2,
  "paingia": 2,
  "Paipera": -2,
  "paitini": -3,
  "pakanga": -1,
  "pakari": 2,
  "pakaru": -3,
  "pakaruhanga": 3,
  "pakarutanga": -2,
  "pakeke": -1,
  "paki": 2,
  "pākiki": -2,
  "pakipaki": 2,
  "paku": -2,
  "palakuú": -3,
  "pāmamae": -3,
  "pāme": -2,
  "pana": -2,
  "panatanga": -1,
  "pānga": -2,
  "pangia": -2,
  "pāngia": -1,
  "pani": -2,
  "pani ana": -2,
  "panics": -3,
  "paopao": -1,
  "paoro": -2,
  "papā": -2,
  "papai": 2,
  "parahanga": -2,
  "pārai": -1,
  "parakino": -2,
  "parakore": 1,
  "paranga": -2,
  "Pararaiha": 3,
  "pārekareka": 2,
  "parekura": -3,
  "paremo": -1,
  "parenga": -1,
  "Parley": -1,
  "paru": -3,
  "paruparu": -2,
  "pärurenga": -3,
  "pathetic": -2,
  "patiatia": -2,
  "patoi": -1,
  "patu": -2,
  "patu wairua": -2,
  "patua": -1,
  "patunga": -3,
  "pau": -3,
  "paunga": -2,
  "pawera": -3,
  "pāwera": -2,
  "pē": -1,
  "pea": -1,
  "pehanga": -1,
  "pēhanga": -1,
  "pehi": -2,
  "pehitanga": -2,
  "pei": -2,
  "peia": -2,
  "peia mai": -2,
  "pēkerapu": -2,
  "pēnā": -1,
  "penalizes": -2,
  "penalizing": -2,
  "penapena": 1,
  "pēnekitia": 2,
  "pepa": -1,
  "pepeé": 4,
  "Perehepura": -2,
  "peresideni": -2,
  "perpetrators": -2,
  "perturbed": -2,
  "pesky": -2,
  "peu": 2,
  "phobic": -2,
  "pīataata": 3,
  "picturesque": 2,
  "pikaunga": -2,
  "pikitia": -2,
  "piko": -1,
  "pileup": -1,
  "pique": -2,
  "pirau": -3,
  "piri": 2,
  "piro": -2,
  "piro ana te": -2,
  "pissed": -4,
  "pissing": -3,
  "pito": 1,
  "plaguing": -3,
  "poauau": -2,
  "pōhara kē": -3,
  "pohehe": -2,
  "pōhēhē": -2,
  "pohewa": -1,
  "poihere": 2,
  "poka": -2,
  "poke": -2,
  "pokotia i": -2,
  "polluter": -2,
  "poma": -1,
  "ponana": -2,
  "pono": 2,
  "pononga": -2,
  "popou": 2,
  "popouhia": 3,
  "põpula ◊a": -2,
  "pōrahurahu": -2,
  "poraka": -1,
  "porangi": -2,
  "pōrangi": -3,
  "porangirangi": -2,
  "porearea": -2,
  "pōrearea": -2,
  "poriro": -3,
  "poroa": -2,
  "porohurihia": -2,
  "poronika": -5,
  "poropiti": -3,
  "pororaru": -2,
  "Porou o": -2,
  "postpones": -1,
  "potoatarua": -2,
  "potokahurau": -2,
  "poungaukino": -2,
  "pouiri": -2,
  "pouri": -2,
  "pöuri": -2,
  "pōuri": -2,
  "pōuri noa": -2,
  "Pouriuri": -3,
  "powhiriwhiri": 3,
  "prblm": -2,
  "prblms": -2,
  "profiteer": -2,
  "pseudoscience": -3,
  "psychopathic": -2,
  "pu": -2,
  "pū": -1,
  "puhihori": -2,
  "puhoi": -2,
  "pukana": -3,
  "puku": -2,
  "pukuaroha": 2,
  "pukuhohe": 2,
  "pukukata": 2,
  "pukuriri": -2,
  "pūmau": 2,
  "pūpango": -2,
  "pupuhi": -2,
  "pupuri": -2,
  "pūrākau": -1,
  "puranga": -2,
  "puremu": -2,
  "puru hipi": -1,
  "purua": -2,
  "puta": -1,
  "puta ke": -2,
  "pūtake": 2,
  "putanga": 1,
  "putunga": -1,
  "racism": -3,
  "racists": -3,
  "rageful": -2,
  "Raha": -2,
  "rahi": 3,
  "rahua": -2,
  "rāhuitia": -2,
  "rahunga": -2,
  "rākau": -2,
  "ranga": 2,
  "rangatiratanga": 2,
  "rangimarie": 2,
  "rant": -3,
  "ranter": -3,
  "ranters": -3,
  "rants": -3,
  "rāoa": -2,
  "rapaau": -2,
  "rape": -4,
  "rapist": -4,
  "raptured": 2,
  "raptures": 2,
  "rapu utu": -2,
  "rarā": -2,
  "raro": -1,
  "raru": -1,
  "rarua": -2,
  "rarunga": -2,
  "raruraru": -3,
  "rata": 1,
  "ratou ta": 2,
  "raupapa": 2,
  "rave": 1,
  "ravea": -1,
  "rawa": 2,
  "rawaka": 1,
  "rawaka te": -2,
  "rawakore": -2,
  "rawe": 5,
  "rāwekeweke": -1,
  "refreshingly": 2,
  "reka": 3,
  "relieves": 1,
  "relishing": 2,
  "reprimands": -2,
  "rere": -1,
  "Rere": 2,
  "rerehua": 2,
  "rereke": -3,
  "rerekē": -2,
  "rerenga": -2,
  "reta": -3,
  "revives": 2,
  "rewharewha": -2,
  "Rig": -1,
  "rihaina": -1,
  "rikarika": 2,
  "riri": -3,
  "riria": -2,
  "riro": -1,
  "rītaha": -2,
  "rite": 2,
  "rite ana ki to": 2,
  "River": 3,
  "rivet": 1,
  "roa": 2,
  "robing": -2,
  "rofl": 4,
  "roflcopter": 4,
  "roflmao": 4,
  "rohe": 2,
  "rohi": 2,
  "rohirohi": -2,
  "roimata": -2,
  "romance": 2,
  "romantical": 2,
  "romantically": 2,
  "rongo": 1,
  "rongoā": 1,
  "rongonui": 2,
  "rore": -1,
  "rorirori": -3,
  "roroku": -2,
  "rorona": -2,
  "rorotu": 2,
  "rotfl": 4,
  "rotflmfao": 4,
  "rotflol": 4,
  "ru": -2,
  "ruaki": -3,
  "ruakina": -3,
  "ruakina mai": -3,
  "ruarua": -2,
  "rukahu": -2,
  "rukea": -2,
  "Runanga": -2,
  "runga": 1,
  "rūpahu": -3,
  "rupe": -2,
  "rutaki": -3,
  "salient": 1,
  "sappy": -1,
  "savange": -2,
  "savanges": -2,
  "scam": -2,
  "scapegoats": -2,
  "scumbag": -4,
  "semeio": 4,
  "sexist": -2,
  "sexistic": -2,
  "sexy": 3,
  "shit": -4,
  "shithead": -4,
  "shitty": -3,
  "shoody": -2,
  "silencing": -1,
  "sincerest": 2,
  "singleminded": -2,
  "siokita": -3,
  "Slam": -2,
  "slick": 2,
  "Slicker": 2,
  "slickest": 2,
  "slumping": -1,
  "slut": -5,
  "smuggled": -2,
  "smuggles": -2,
  "Sneaky": -1,
  "snubbing": -2,
  "snubs": -2,
  "solidifies": 2,
  "solidifying": 2,
  "solves": 1,
  "solving": 1,
  "spirited": 2,
  "spiritless": -2,
  "sprightly": 2,
  "squelched": -1,
  "Stampede": -2,
  "stereotype": -2,
  "stinked": -2,
  "stinker": -2,
  "stinky": -2,
  "stressor": -2,
  "stupidly": -2,
  "suave": 2,
  "subversive": -2,
  "sueing": -2,
  "sufferer": -2,
  "suicidal": -2,
  "sulking": -2,
  "super": 3,
  "suspecting": -1,
  "suspects": -1,
  "sustainably": 2,
  "SWINDLE": -3,
  "swindles": -3,
  "swindling": -3,
  "tā": 2,
  "ta ratou whakapa he": -2,
  "taahia": -2,
  "taahoa": -3,
  "tae": 1,
  "taea": -2,
  "taehae": -2,
  "taetuí": -2,
  "tahapānga": -2,
  "tahae": -2,
  "tahaetia": -2,
  "tahi": 2,
  "tahitanga": -2,
  "tahuti ore": 2,
  "taia": -2,
  "taiaofriendly": 2,
  "taihara": -3,
  "taikaha": -2,
  "taimaha": 2,
  "taimana": 1,
  "tainga": 2,
  "taitaiā": -2,
  "taitamariki": 2,
  "taitarahia": 1,
  "takahi": -2,
  "takahi ana": -2,
  "takahia": -2,
  "takamuri": -1,
  "takare": -2,
  "tākare": 3,
  "takarepa": -2,
  "takaro": 3,
  "takatakahi": -2,
  "take": -3,
  "taki ake": -2,
  "takiri": -3,
  "takirimatia": -2,
  "takiwhatia": -3,
  "takoha": 2,
  "takoto": 2,
  "takuhe": 1,
  "tamaateuwha": -5,
  "tamahanahana": 2,
  "tamariki": -2,
  "tamarû": 2,
  "tangata teka": -3,
  "tangi": -2,
  "tangihanga": -1,
  "tangihia": -2,
  "tango": 3,
  "tangohia": -1,
  "tängurunguru": -1,
  "tano ore": -2,
  "täoke": -2,
  "taonga": 3,
  "taotū": -2,
  "tapahia": -1,
  "tapatahi": 1,
  "tāpiapia": -2,
  "taranata": 2,
  "taratahi": -1,
  "tard": -2,
  "tarepa": -2,
  "tarewa": -2,
  "tarnishes": -2,
  "tatarahapa": -2,
  "tataramoa": -2,
  "tatari": -1,
  "tātari": -2,
  "tau": -2,
  "tāu": -2,
  "tauā": -2,
  "tauahi": 2,
  "tauārai": -2,
  "taui": -1,
  "tauihaa": -2,
  "taumaha": -2,
  "taumanu": -2,
  "taumanutia": -1,
  "taumira": 2,
  "taunu": -1,
  "taunutanga": -2,
  "taunutia": -2,
  "taupare": -2,
  "taupatupatu": -2,
  "taupatupatunga": -2,
  "taurangi": 1,
  "taurite": -1,
  "tautangata": -2,
  "tautāwhi": -1,
  "tautika": 1,
  "tautohe": -2,
  "tautohetia": -2,
  "tautohetohe": -2,
  "tautoko": 2,
  "tautokona": 1,
  "tauturu": 2,
  "tauturu i": 2,
  "tautururaa": 2,
  "tauwhatinga": -2,
  "tauwhiro": 2,
  "tawai": -2,
  "tāwai": -3,
  "tawainga": -2,
  "tawhitotia": -2,
  "te ahoaho": -3,
  "te ähua": -3,
  "te ahunga whakamua": 2,
  "te akiaki": 2,
  "te anaanatae": 1,
  "Te Ānaua": 2,
  "te aroha noa": 1,
  "te faaino no": -2,
  "te faatupu i": 2,
  "te fariiraa i": 1,
  "te hae": -1,
  "te hape": -2,
  "te haruraa i": 2,
  "te he": -2,
  "te iti": -2,
  "te kahui ka": 1,
  "te kukume": -3,
  "te maere": -1,
  "te mahitahi": -3,
  "te manaaki": 2,
  "te manukanuka": 2,
  "te mata◊u ore": 2,
  "te mau haamaitairaa": 3,
  "te mea nui rawa": 4,
  "te mokemoke o": 1,
  "te oaoa": 2,
  "te oreraa": -2,
  "te oto": -2,
  "te pai ki": 2,
  "te paremo noa": -2,
  "te patapatai": -1,
  "te pēnei ka": -2,
  "te peu maitai": 2,
  "te pipiri": -3,
  "te pouri": -2,
  "te rāhui": -2,
  "te rangi": 4,
  "te raru": -2,
  "te rarunga": -2,
  "te reinga": -4,
  "te taiva ore": 3,
  "te tautururaa": 2,
  "te teka": -2,
  "te tiaturi": -2,
  "te tumanako": -3,
  "te tura": 2,
  "te u": -3,
  "te wāwāhi": 2,
  "te whakakaha": 2,
  "te whakamarama": 2,
  "te whakapai ake": 2,
  "te whakarērea": -1,
  "te whakauru": 4,
  "te whakawa": -1,
  "te whakawhānui i": 1,
  "te whare herehere": -2,
  "teenei": -1,
  "teimaha": 3,
  "teka": -3,
  "tēnā": 1,
  "Tenei te oha atu": 1,
  "tere": 2,
  "tereputia": -2,
  "terrifically": 4,
  "terrorizes": -3,
  "tëtahi": 2,
  "tētehi": -2,
  "ti◊aororaa aroha": -2,
  "tia": -2,
  "tia ore": -2,
  "tiai": -1,
  "tiaki": 2,
  "tiakina": 1,
  "tiango": -2,
  "tihe": -2,
  "tihi": 2,
  "tika": 1,
  "tīkaihia": -2,
  "tikanga": 2,
  "tikaokao": -5,
  "tikokitanga": -2,
  "timorous": -2,
  "tinana": 1,
  "tinihanga": -4,
  "Tinihanga": -3,
  "tinihangatia": -3,
  "tino": 3,
  "tino fucking": 4,
  "tino mate": -3,
  "tino mīharo": 4,
  "tino nui": 2,
  "tino rite": 2,
  "tino whakamīharo": 3,
  "tipu": 1,
  "tipua": 2,
  "tirengi": -1,
  "tirotiro": -1,
  "titi": -2,
  "titiro atu": 2,
  "tito noa": -2,
  "tits": -2,
  "tiwerawera": -2,
  "Tiwihana": 1,
  "tō": -1,
  "toa": 2,
  "toe": 2,
  "tohe": -3,
  "tohea": -2,
  "tohu": 2,
  "toia": -1,
  "tōkeke": 2,
  "toki": -1,
  "toko": 3,
  "tokoiti": -2,
  "tokomaha": -3,
  "tomokanga": -2,
  "tōna": 2,
  "tono": -1,
  "tonu": 2,
  "tonuhia": 2,
  "tonui": -3,
  "toretore": -2,
  "torikiriki,": -2,
  "toro": 1,
  "torturing": -4,
  "totalitarian": -2,
  "totalitarianism": -2,
  "tōtika": 2,
  "tōtikatia": 3,
  "toto": -3,
  "totohe": -2,
  "totohu": -3,
  "totoka": 2,
  "totonu": 2,
  "totonú": -2,
  "tout": -2,
  "touting": -2,
  "touts": -2,
  "treasonous": -3,
  "tremors": -2,
  "tu": -1,
  "tų ihiihi": 2,
  "tuara": 1,
  "tuba i roto i": -2,
  "Tuhinga": -2,
  "tūhura": 1,
  "tūhuratanga": 1,
  "tuimotu": -1,
  "tukino": -3,
  "tükino": -2,
  "tūkino": -3,
  "tūkinowhaiaro": -2,
  "tukinotanga": -2,
  "tųkinotanga": -2,
  "tukinotia": -2,
  "tūkinotia": -3,
  "tuku": -2,
  "tuku tetahi": -3,
  "tukua": 1,
  "tukuna ai": -2,
  "tukunga": -2,
  "tuma": -2,
  "tumâ": -1,
  "tumanako": 2,
  "tūmanako": 2,
  "tunga": -1,
  "tūnga": -1,
  "tūnguru": -2,
  "tuo mai": 3,
  "tüohu": -1,
  "tupato": 2,
  "tūpato": -1,
  "tupono": 2,
  "tūponotanga": -2,
  "tupu": 2,
  "tupuheke": -2,
  "tūraki": -1,
  "turanga": -2,
  "türanga": -3,
  "ture": 1,
  "turoro": -2,
  "tūroro": -2,
  "turuturu": -1,
  "tutakina": -1,
  "tūtohu": 2,
  "tutu": -2,
  "tütü": -2,
  "tutua": -3,
  "tutuki": -2,
  "tutukinga": -2,
  "tūtukitanga": -2,
  "tutuku": -1,
  "tuu ia": -1,
  "tuukinotanga": -2,
  "tuutuu": 2,
  "tuwhera": -1,
  "twat": -5,
  "tyran": -3,
  "tyrannic": -3,
  "tyrannically": -3,
  "tyrans": -3,
  "u": 2,
  "ua": -1,
  "Ua": -2,
  "ua anaanatae roa": 2,
  "Ua ataata": 2,
  "Ua faaatea": -1,
  "ua haapuai": 2,
  "uaua": -1,
  "uesia": -2,
  "uesia,": -2,
  "uhu": -1,
  "ui": -1,
  "uitou": -1,
  "ūkui": 1,
  "umere": 2,
  "unappeasable": -2,
  "uncredited": -1,
  "undercooked": -2,
  "underestimates": -1,
  "underestimating": -1,
  "underperformed": -2,
  "underperforming": -2,
  "underperforms": -2,
  "unethical": -2,
  "uneventful": -2,
  "unfitted": -2,
  "unfocused": -2,
  "unfunny": -2,
  "ungenerous": -2,
  "unhygienic": -2,
  "unimaginative": -2,
  "uninvolving": -2,
  "unoriginal": -2,
  "unparliamentary": -2,
  "unreleting": -2,
  "unresearched": -2,
  "unscientific": -2,
  "unstoppable": 2,
  "uptight": -2,
  "uru": 1,
  "urupa": -2,
  "ururua": -1,
  "urutā": -2,
  "uta": -1,
  "Utiuti": -2,
  "utu": -2,
  "utu nui": -2,
  "utu pupuri": 2,
  "utu whakapati": -3,
  "utunga": -2,
  "uwha": -5,
  "vai": -2,
  "vapid": -2,
  "vare": -2,
  "vēkeveke": 2,
  "verdicts": -1,
  "victimize": -3,
  "victimizing": -3,
  "victor": 3,
  "viivii ore": 2,
  "visioning": 1,
  "wā": -2,
  "wae": 2,
  "wahangu": -3,
  "wahi": 1,
  "waho": -2,
  "waiho": -1,
  "waihotia": -2,
  "waikura": -3,
  "waimaero": -2,
  "waimaerotanga": -2,
  "waimarie": 3,
  "waimarie kino": -2,
  "wairangi": -2,
  "wairua": 1,
  "waka": -2,
  "walkout": -2,
  "walkouts": -2,
  "waniwani": -2,
  "wanker": -3,
  "ware": -2,
  "warea": -2,
  "wareware": -2,
  "warmness": 2,
  "wātea": 1,
  "wāteatea": 1,
  "wawau": -3,
  "wawe": 1,
  "wehe": -1,
  "wehi": -2,
  "wehiwehi": -2,
  "wenewene": -2,
  "wepu": -3,
  "weriweri": 1,
  "wero": -1,
  "wetekina": -3,
  "wewete": -3,
  "whai": 2,
  "whai hua": 2,
  "whai wāhi": 1,
  "whai wāhitanga": 2,
  "whaiaromāia": 2,
  "whaiaropohehe": -2,
  "whaiarowhakahē": -2,
  "whaihua": 2,
  "whaikörero": 2,
  "whaina": -2,
  "whāiti": -2,
  "whakaae": 2,
  "whakaaetanga": 1,
  "whakaaetia": 1,
  "whakaahua": -1,
  "whakaahuru": 2,
  "whakaaro": 2,
  "whakaaro nui": 1,
  "whakaaroaronga": 2,
  "whakaarokore": -2,
  "whakaaturanga": -1,
  "whakaeke": -1,
  "whakaekea": -1,
  "whakaekenga": -1,
  "whakahari": 2,
  "whakahauanga": -1,
  "whakahauora": 2,
  "whakahawea": -2,
  "whakahāwea": -2,
  "whakahäweatia": -2,
  "whakahāweatia": -2,
  "whakahē": -2,
  "whakahekea": -2,
  "whakahekenga": -2,
  "whakahenga": -2,
  "whakahengia": -2,
  "whakahi": -2,
  "whakahianga": -2,
  "whakahihi": -2,
  "whakahihiri": 1,
  "whakahōhā": -2,
  "whakahoki mau": -3,
  "whakahokia": 1,
  "whakahonoretia": 2,
  "whakahou": 2,
  "whakahua noa ana": -2,
  "whakaihiihi": 2,
  "whakairo": -1,
  "whakaiti": -2,
  "whakaitinga": -3,
  "whakakaha": 2,
  "whakakahangia": 2,
  "whakakahore": -1,
  "whakakāhoretanga": -2,
  "whakakai": 1,
  "whakakakara": -2,
  "whakakake": -2,
  "whakakapi": 2,
  "whakakikī": -1,
  "whakakitea": -2,
  "whakakore": -1,
  "whakakorea": -1,
  "whakakorekore": -2,
  "whakakorikoria": -2,
  "whakama": -2,
  "whakamā": -1,
  "whakamahi": -2,
  "whakamahia": -2,
  "whakamahine": 1,
  "whakamamaetia": -4,
  "whakamana": 2,
  "whakamanamana": 4,
  "whakamanatanga": 2,
  "whakamanatia": 2,
  "whakamanuhiritia": 2,
  "whakamarama": 2,
  "whakamarie": 2,
  "whakamataku": -3,
  "whakamate": -3,
  "whakamiharo": 4,
  "whakamihi": 2,
  "whakamoemiti": 3,
  "whakamoemiti ana": 3,
  "whakamomori": -2,
  "whakamuhani": -2,
  "whakangahau": 3,
  "whakangaro": -3,
  "whakangaromanga": -2,
  "whakangata": 2,
  "whakangawaritia": 3,
  "whakanguha": -2,
  "whakanui": 1,
  "whakaoati": -2,
  "whakaoho": -1,
  "whakaongaonga": 2,
  "whakaongaongatia": 1,
  "whakaora": 2,
  "whakaorangia": 2,
  "whakaoti": 1,
  "whakapae": -1,
  "whakapāha": -1,
  "whakapai": 2,
  "whakapai ake": 2,
  "whakapaia": 2,
  "whakapakari": 2,
  "whakapangia": -2,
  "whakapania": -2,
  "whakaparu": -2,
  "whakapataritari": -1,
  "whakapehapeha": -2,
  "whakapiki ake i": 1,
  "whakapiki i": 2,
  "whakapoauau": -2,
  "whakapohehe": -3,
  "whakapoke": -2,
  "whakapokea": -2,
  "whakapokea ano": -2,
  "whakapono": 1,
  "whakaponokore": -1,
  "whakapōrearea": -2,
  "whakapoururu": -2,
  "whakapūmautanga": 1,
  "whakaraerae": -2,
  "whakaraeraetanga": -2,
  "whakarahi": -2,
  "whakararuraru": -2,
  "whakararuraru i": -2,
  "whakarere": -2,
  "whakarerea": -2,
  "whakarerea noatia": 1,
  "whakarerenga": -1,
  "whakareretanga": -1,
  "whakarewahia": 1,
  "whakarihariha": -2,
  "whakarite": 1,
  "whakaritea": -1,
  "whakaritea mo": -2,
  "whakaroa": -1,
  "whakataetae": 2,
  "whakatahi": -1,
  "whakatahia": -1,
  "whakatairanga": 1,
  "whakatairangatia": 1,
  "whakataka": -2,
  "whakataki": -2,
  "whakatakoto kē": -2,
  "whakatakotoria": 1,
  "whakatakotoria ana": -3,
  "whakatapua": 2,
  "whakatara": -2,
  "whakatara orotika": 3,
  "whakatara pai": 4,
  "whakatārewa": -1,
  "whakatau": 2,
  "whakataua te he ki": -2,
  "whakataunga": 1,
  "whakatāupe": -2,
  "whakateka": -2,
  "whakatenatena": 2,
  "whakatika": 1,
  "whakatika;": 2,
  "whakatikaia": 2,
  "whakatö": -2,
  "whakatoi": -2,
  "whakatoia": -2,
  "whakatupato": -2,
  "whakatūpato": -3,
  "whakatutuki": 1,
  "whakawa": -1,
  "whakawakia": -2,
  "whakaware": -2,
  "whakawāteatia": -1,
  "whakawehi": -2,
  "whakaweti": -2,
  "whakawhāiti": -2,
  "whakawhānui": 1,
  "whakawhetai": 2,
  "whakawhirinaki": 1,
  "whakawhiu": -2,
  "whakawhiua": -1,
  "whakawhiwhia": 3,
  "whaki": -2,
  "whakihauā": -1,
  "whākīia": -3,
  "whānako": -3,
  "whānakotanga": -2,
  "whanau": -2,
  "whanga": -1,
  "whangai ake": -3,
  "whanoke": 1,
  "whanowhanoā": -2,
  "whānui": 2,
  "whaowhina": -2,
  "whara": -2,
  "wharanga": -2,
  "whati": -2,
  "whatu": 2,
  "whawhai": -1,
  "whawhati": -1,
  "whawhati tata": -2,
  "whawhe": -1,
  "whenumi": 1,
  "wherikotanga": 1,
  "wheroni": -3,
  "whētuki": -3,
  "whiriwhiri": 1,
  "whiu": -3,
  "whiua": -2,
  "whiunga": -2,
  "whiwhi": 2,
  "wikitoria": 3,
  "win": 4,
  "winwin": 3,
  "wiri": -2,
  "wiria": -2,
  "wiria ake": -3,
  "wiriwiri": -2,
  "withdrawal": -3,
  "woebegone": -2,
  "won": 3,
  "Woo": 3,
  "woohoo": 3,
  "wooo": 4,
  "woow": 4,
  "worsens": -3,
  "wow": 4,
  "wowow": 4,
  "wowww": 4,
  "WTF": -4,
  "wtff": -4,
  "wtfff": -4,
  "XO": 3,
  "xoxo": 3,
  "xoxoxo": 4,
  "xoxoxoxo": 4,
  "yeah": 1,
  "yeees": 2,
  "yucky": -2
}