{
  "gimió": -2,
  "gritó": -2,
  "a bordo": 1,
  "abandona": -2,
  "abandonado": -2,
  "abandonar": -2,
  "abatido": -2,
  "aborrece": -3,
  "aborrecer": -3,
  "aborrecible": -3,
  "aborrecido": -3,
  "aborta": -1,
  "abortado": -1,
  "abrazo": 2,
  "abrazos": 2,
  "abriga": 2,
  "absolver": 2,
  "absolviendo": 2,
  "absorbido": 1,
  "absorto": 1,
  "absueltos": 2,
  "absuelve": 2,
  "aburrido": -2,
  "aburrir": -2,
  "abusado": -3,
  "abusar": -3,
  "abusivo": -3,
  "abuso": -3,
  "abuso de sí mismo": -2,
  "abusos": -3,
  "acaparador": -2,
  "acaparamiento": -2,
  "accesible": 1,
  "accidental": -2,
  "accidentalmente": -2,
  "accidente": -2,
  "accidentes": -2,
  "acepta": 1,
  "aceptable": 1,
  "aceptación": 1,
  "aceptado": 1,
  "aceptando": 1,
  "aceptar": 1,
  "acicalado": 2,
  "aclamación": 2,
  "aclamaciones": 2,
  "aclamado": 2,
  "aclara": 2,
  "aconsejable": 1,
  "acosado": -2,
  "Acosadora": -3,
  "acosar": -3,
  "acose": -3,
  "acoso": -2,
  "activo": 2,
  "acuchillado": -2,
  "acuerdo": 1,
  "acusa": -2,
  "acusación": -2,
  "acusaciones": -2,
  "acusado": -2,
  "acusando": -2,
  "acusar": -2,
  "adecuadamente": 2,
  "adecuado": 2,
  "admira": 3,
  "admirar": 3,
  "admirativo": 3,
  "admite": -1,
  "admitir": -1,
  "adoctrina": -2,
  "adoctrinados": -2,
  "adoctrinar": -2,
  "adopta": 1,
  "adoptar": 1,
  "adora": 3,
  "adorable": 3,
  "adoración": 3,
  "adorado": 3,
  "adorar": 3,
  "adoringly": 3,
  "adversario": -1,
  "advertencia": -3,
  "advertencias": -3,
  "advertir": -2,
  "advierte": -2,
  "afable": 2,
  "afectado": -1,
  "afecto": 3,
  "aficionado": 2,
  "aficionados": 2,
  "afilado": 1,
  "afirmativamente": 2,
  "afligido": -1,
  "afortunado": 2,
  "afrentado": -1,
  "agarre": 2,
  "agobiados": -2,
  "agoniza": -3,
  "agonizado": -3,
  "agonizante": -3,
  "agonizar": -3,
  "agotado": -2,
  "agotador": -2,
  "agraciado": 2,
  "agradable": 3,
  "agradecido": 3,
  "agrava": -2,
  "agravado": -2,
  "agravante": -2,
  "agravar": -2,
  "agresión": -2,
  "agresiones": -2,
  "agresividad": -2,
  "agresivo": -2,
  "agresor": -1,
  "aguante": 2,
  "aguarda": -1,
  "ahogar": -2,
  "ahogo": -2,
  "ahogue": -2,
  "ahorros": 1,
  "airado": -3,
  "aislado": -1,
  "ajuste": 1,
  "alabado": 3,
  "alabando": 3,
  "alabanza": 3,
  "alabanzas": 3,
  "alarma": -2,
  "alarmado": -2,
  "alarmante": 3,
  "alarmista": -2,
  "alarmistas": -2,
  "alboroto": -2,
  "alcances": 1,
  "alcanzado": 1,
  "alcanzar": 1,
  "aleccionadora": 1,
  "alegación": -2,
  "alegaciones": -2,
  "alegrarse": 4,
  "alegre": 3,
  "alegremente": 3,
  "alegría": 4,
  "aleluya": 3,
  "alentado": 2,
  "alentador": 2,
  "alentar": 2,
  "alérgico": -2,
  "alerta": -1,
  "alfombrilla de ratón": -1,
  "algún tipo": 0,
  "aliado": 2,
  "alicaído": -2,
  "alienación": -2,
  "alienta": 2,
  "aliviado": 3,
  "aliviar": 1,
  "altruista": 2,
  "ama": 3,
  "amabilidad": 2,
  "amable": 3,
  "amado": 3,
  "amargado": -2,
  "amargamente": -2,
  "amargo": -2,
  "ambicioso": 2,
  "ambivalente": -1,
  "amenaza": -2,
  "amenazado": -2,
  "amenazados": -2,
  "amenazante": -2,
  "amenazar": -2,
  "amenazas": -2,
  "amigo": 1,
  "amistad": 2,
  "amistoso": 2,
  "amonestado": -2,
  "amonestar": -2,
  "amontonar": -1,
  "amor": 3,
  "amordazado": -2,
  "amoroso": 2,
  "amortiguando": -2,
  "ampliar": 1,
  "analfabetismo": -2,
  "Angers": -3,
  "angustia": -2,
  "angustiado": -3,
  "angustias": -2,
  "angustioso": -2,
  "anhelo": 1,
  "animado": 2,
  "animar": 2,
  "ánimo": 2,
  "animosidad": -2,
  "ansiedad": -2,
  "ansioso": 2,
  "antagonista": -2,
  "anti": -1,
  "anticipación": 1,
  "antihigiénico": -2,
  "antiparlamentario": -2,
  "apaciguado": 2,
  "apaciguamiento": 2,
  "apaciguar": 2,
  "aparejado": -1,
  "aparejo": -1,
  "apasionado": 2,
  "apatía": -3,
  "apático": -3,
  "apenado": -2,
  "apeshit": -3,
  "apestaba": -2,
  "apestoso": -2,
  "apiñamiento": -1,
  "aplaca": 2,
  "aplasta": -1,
  "aplastada": -2,
  "aplastante": -1,
  "aplastar": -1,
  "aplaude": 2,
  "aplaudida": 2,
  "aplaudiendo": 2,
  "aplaudir": 2,
  "aplausos": 2,
  "aplazar": -1,
  "apocalíptico": -2,
  "apoyo": 2,
  "aprecia": 2,
  "apreciación": 2,
  "apreciado": 2,
  "apreciando": 2,
  "apreciar": 2,
  "aprensivo": -2,
  "aprobación": 2,
  "aprobado": 2,
  "apropiado": 2,
  "aprueba": 2,
  "aptitud": 1,
  "árboles de hoja perenne": 2,
  "ardiente": 1,
  "armonía": 2,
  "armoniosamente": 2,
  "armonioso": 2,
  "arrastra": -1,
  "arrastrado": -1,
  "arrastrar": -1,
  "arreglado": -1,
  "arrepentido": -2,
  "arrepentimientos": -2,
  "arrestar": -2,
  "arriesgado": -2,
  "arrinconado": -2,
  "arrogante": -2,
  "arruinado": -2,
  "arruinando": -2,
  "asalto": -2,
  "asaltos": -2,
  "asco": -3,
  "asegura": 2,
  "asegurado": 2,
  "asegurando": 1,
  "asegurar": 1,
  "asentamiento": 1,
  "asentamientos": 1,
  "asequible": 2,
  "asesinato": -2,
  "asesinatos": -2,
  "asesino": -2,
  "asfixia": -2,
  "asombra": 3,
  "asombrado": 3,
  "asombrar": 3,
  "asombro": 2,
  "asombroso": 5,
  "asquerosa": -2,
  "asqueroso": -3,
  "assfucking": -4,
  "astucia": 2,
  "astuto": -2,
  "asuntos": 1,
  "asustadizo": -1,
  "asustado": -2,
  "atacado": -1,
  "ataque": -1,
  "ataques": -1,
  "atascado": -2,
  "aterrador": -3,
  "aterroriza": -3,
  "aterrorizado": -3,
  "aterrorizar": -3,
  "atornillado": -2,
  "atracción": 2,
  "atracciones": 2,
  "atractivamente": 2,
  "atractivo": 3,
  "atrae": 1,
  "atraer": 1,
  "atraído": 1,
  "atrapado": -2,
  "atrayendo": 2,
  "atrevido": 2,
  "atrocidad": -3,
  "atropello": -3,
  "atroz": -3,
  "aturdido": -2,
  "audaz": 3,
  "aumenta": 1,
  "aumentado": 1,
  "aumentar": 1,
  "aura": 1,
  "ausencia": -2,
  "ausente": -1,
  "ausentes": -1,
  "austero": -2,
  "autoengañada": -2,
  "autor": -2,
  "autoridad": 1,
  "autorizar": 2,
  "avanzado": 1,
  "Avenged": -2,
  "avengers": -2,
  "aventuras": 2,
  "aventurero": 2,
  "avergonzado": -2,
  "avergonzar": -2,
  "aversión": -3,
  "ávido": 2,
  "axed": -1,
  "Ay": -1,
  "ayuda": 2,
  "Bajo Expectativas": -2,
  "bajo rendimiento": -2,
  "Bamboozles": -2,
  "bancadas": -2,
  "bancarrota": -3,
  "bankster": -3,
  "bárbaro": -2,
  "barra oblicua": -2,
  "barras": -2,
  "barrera": -2,
  "Bastardo": -5,
  "bastardos": -5,
  "basura": -1,
  "batalla": -1,
  "batallado": -1,
  "batallas": -1,
  "beatífico": 3,
  "belleza": 3,
  "bellezas": 3,
  "bendecir": 2,
  "bendice": 2,
  "bendición": 4,
  "bendiciones": 3,
  "benefactor": 2,
  "benefactores": 2,
  "beneficiado": 2,
  "beneficiando": 2,
  "beneficio": 2,
  "beneficios": 2,
  "benevolente": 3,
  "bereaves": -2,
  "bereaving": -2,
  "Beso": 2,
  "Best damn": 4,
  "bien defendido,": 3,
  "bien desarrollado": 2,
  "bien enfocada": 2,
  "bien establecido": 2,
  "bien proporcionado": 2,
  "bienes": 2,
  "bienestar": 2,
  "bienvenida": 2,
  "Bienvenido": 2,
  "bloquear": -1,
  "bloqueo": -1,
  "bloques": -1,
  "boicoteado": -2,
  "boicoteando": -2,
  "boicotear": -2,
  "boicots": -2,
  "bomba": -1,
  "bondad": 3,
  "bondad amorosa": 3,
  "bonita": 1,
  "bonito": 3,
  "borracho": -2,
  "borroso": -2,
  "boyante": 2,
  "bravura": 3,
  "brillante": 4,
  "brillantez": 3,
  "brillar": 3,
  "brillo": 1,
  "brillos": 3,
  "broma": 2,
  "brote": -2,
  "brotes": -2,
  "brutal": -3,
  "brutalmente": -3,
  "bruto": -2,
  "buena puta": 4,
  "buena voluntad": 3,
  "bueno": 3,
  "Buenos días": 1,
  "buque insignia": 2,
  "bureado": -2,
  "burla": -2,
  "burlado": -2,
  "burlarse de": -2,
  "burlón": -2,
  "burro": -4,
  "cabezas de turco": -2,
  "cabildeo": -2,
  "cabildero": -2,
  "cabizbajo": -2,
  "Cabron": -4,
  "Cabrón": -3,
  "cadáver": -1,
  "cagado": -3,
  "caído": -1,
  "caído en desgracia": -2,
  "calambre": -1,
  "calentar": 1,
  "calidad": 2,
  "calidez": 2,
  "calma": 2,
  "calmado": 2,
  "calmante": 3,
  "calmar": 3,
  "calor": 2,
  "campeón": 2,
  "campeones": 2,
  "canalla": -2,
  "cancela": -1,
  "cancelado": -1,
  "cancelar": -1,
  "cáncer": -1,
  "candidez": -2,
  "cansado": -2,
  "caos": -2,
  "caótico": -2,
  "capacidad": 2,
  "capacidades": 1,
  "capaz": 1,
  "caprichoso": 1,
  "carcajadas": -2,
  "carga": -2,
  "cargado": -3,
  "cargas": -2,
  "cargos": -2,
  "cariño": 2,
  "cariñoso": 3,
  "carisma": 2,
  "Caritativo": 2,
  "caro": 3,
  "Caso omiso": -2,
  "castiga": -2,
  "castigado": -2,
  "castigadora": -3,
  "castigar": -2,
  "catástrofe": -3,
  "catastrófico": -4,
  "cauteloso": -1,
  "cautivado": 3,
  "cautivar": 3,
  "celebra": 3,
  "celebracion": 3,
  "celebraciones": 3,
  "celebrado": 3,
  "celebrando": 3,
  "celebrar": 3,
  "celestial": 4,
  "celos": -1,
  "celoso": 2,
  "censores": -2,
  "censurado": -2,
  "censurar": -2,
  "ceñudo": -1,
  "cernía": -1,
  "cerveza negra": 2,
  "chagrined": -2,
  "chantaje": -3,
  "chantajeado": -3,
  "chantajeando": -3,
  "chantajes": -3,
  "chiding": -3,
  "chiflado por": 2,
  "chispa": 1,
  "chistes": 2,
  "chistoso": 2,
  "chivo expiatorio": -2,
  "chocante": -2,
  "chocar": -1,
  "choque": -2,
  "choques": -2,
  "chupa": -3,
  "chupar": -3,
  "cicatrices": -2,
  "cicatriz": -2,
  "ciego": -1,
  "cielo": 2,
  "cierto": 2,
  "cínico": -2,
  "cinismo": -2,
  "citación": -2,
  "claramente": 1,
  "claridad": 2,
  "claro": 1,
  "claros": 1,
  "clasifica incorrectamente": -2,
  "coaccionado": -2,
  "cobarde": -2,
  "cobardemente": -2,
  "cobrar": -2,
  "Cocksuckers": -5,
  "codicia": -3,
  "codicioso": -2,
  "coerción": -2,
  "cojo": -2,
  "cojonudo": 4,
  "colapsado": -2,
  "colapso": -2,
  "colapsos": -2,
  "colérico": -3,
  "colisión": -2,
  "colisiona": -1,
  "colisionando": -1,
  "colisiones": -2,
  "colocación incorrecta": -2,
  "colusión": -3,
  "combate": -1,
  "combates": -1,
  "comedia": 1,
  "comete": 1,
  "cometer": 1,
  "cómic": 1,
  "comisiones ilegales": -3,
  "cómodamente": 2,
  "comodidad": 2,
  "comodidades": 2,
  "cómodo": 2,
  "compadecía": -1,
  "Comparte": 1,
  "compartido": 1,
  "compartir": 1,
  "compasión": 2,
  "compasivo": 2,
  "competencias": 1,
  "competente": 2,
  "competitivo": 2,
  "complacencia": 2,
  "complementado": 2,
  "complicando": -2,
  "comprometido": 1,
  "comprometiéndose": 1,
  "compromiso": 2,
  "con confianza": 2,
  "con miedo": -2,
  "con toda tranquilidad": 2,
  "conceder": 1,
  "concedido": 1,
  "concesión": 1,
  "concilia": 2,
  "conciliado": 2,
  "conciliando": 2,
  "conciliar": 2,
  "condena": -2,
  "condenación": -2,
  "condenado": -2,
  "condenar": -2,
  "condenar al ostracismo": -2,
  "conduce mal": -2,
  "confiabilidad": 2,
  "confiado": 2,
  "confianza": 2,
  "confidente": 2,
  "conflictiva": -2,
  "conflicto": -2,
  "conflictos": -2,
  "confundir": -2,
  "confuso": -2,
  "conmocionado": -2,
  "conmovedor": 2,
  "coño": -5,
  "consentimiento": 2,
  "consentimientos": 2,
  "consolable": 2,
  "consolador": 2,
  "conspiración": -3,
  "consternados": -2,
  "constreñido": -2,
  "consumado": 2,
  "contagio": -2,
  "contagios": -2,
  "contagioso": -1,
  "contamina": -2,
  "contaminación": -2,
  "contaminaciones": -2,
  "contaminado": -2,
  "contaminadores": -2,
  "contaminante": -2,
  "contaminantes": -2,
  "contaminar": -2,
  "contencioso": -2,
  "contender": -1,
  "contendiendo": -1,
  "contendiente": -1,
  "contento": 3,
  "contestable": -2,
  "contrabando": -2,
  "contradictorio": -2,
  "contragolpe": -3,
  "contratar": 1,
  "controversia": -2,
  "controversias": -2,
  "convence": 1,
  "convencer": 1,
  "convencido": 1,
  "convenido": 1,
  "convenir a": 2,
  "convicto": -2,
  "corazón pesado": -2,
  "correo no deseado": -2,
  "corrompe": -3,
  "corrompido": -3,
  "corrupción": -3,
  "corrupto": -3,
  "corruptor": -3,
  "cortar": -1,
  "corte": -1,
  "cortejar": 3,
  "cortes": -2,
  "cortés": 2,
  "Cortés": 3,
  "cortesía": 2,
  "cosas interesantes": 3,
  "costoso": -2,
  "creativo": 2,
  "creciente": 1,
  "crecimiento": 2,
  "crecimientos": 2,
  "crédulo": -2,
  "crianza": 2,
  "crimen": -3,
  "crímenes": -3,
  "criminal": -3,
  "criminales": -3,
  "criminar": -3,
  "criminated": -3,
  "criminates": -3,
  "crisis": -3,
  "critica": -2,
  "crítica": -2,
  "criticado": -2,
  "criticar": -2,
  "crítico": -2,
  "críticos": -2,
  "crudo": -1,
  "cruel": -2,
  "crueldad": -3,
  "cualidades": 2,
  "cubrir": -3,
  "cuchara": 3,
  "cuchillada": -2,
  "cuestionable": -2,
  "cuestionado": -1,
  "cuidado": 2,
  "cuidados": 2,
  "cuidadosamente": 2,
  "cuidadoso": 2,
  "cuidando": 2,
  "culo": -4,
  "culpa": -2,
  "culpable": -3,
  "culpada": -2,
  "culpando": -2,
  "cumplido": 2,
  "cumplidos": 2,
  "cumplimiento": 2,
  "cumplir": 2,
  "curioso": 1,
  "da la bienvenida": 2,
  "dañado": -2,
  "dañar": -2,
  "daño": -2,
  "daños": -2,
  "daños y perjuicios": -3,
  "de acuerdo": 1,
  "de buen tono": 3,
  "de confianza": 2,
  "de contrabando": -2,
  "de miedo": -2,
  "de mierda": -3,
  "de poco mérito": -2,
  "débil": -2,
  "débiles": -2,
  "debilidad": -2,
  "debilidades": -2,
  "debilitado": -2,
  "debilitante": -2,
  "decepción": -2,
  "decepciona": -2,
  "decepcionado": -2,
  "decepcionante": -2,
  "decepcionar": -2,
  "decepciones": -2,
  "decir ah": 2,
  "decisivo": 1,
  "declaran mal": -2,
  "Dedicación": 2,
  "dedicado": 2,
  "defecto": -2,
  "defectos": -2,
  "defectuoso": -2,
  "defendido": 2,
  "defensor": 2,
  "defensores": 2,
  "deficiencia": -2,
  "deficiencias": -2,
  "deficiente": -2,
  "déficit": -2,
  "deformado": -2,
  "deformidad": -2,
  "deformidades": -2,
  "defrauda": -3,
  "defraudador": -4,
  "defraudadores": -4,
  "defraudar": -3,
  "degradado": -2,
  "degradar": -2,
  "dejecting": -2,
  "dejects": -2,
  "delanteros": -2,
  "deleitando": 3,
  "deleite": 3,
  "delicado": -3,
  "delicias": 3,
  "deliciosamente": 3,
  "delicioso": 3,
  "delincuente": -2,
  "delito": -3,
  "delitos": -2,
  "demanda": -1,
  "demanda judicial": -2,
  "demandado": -2,
  "demandar": -2,
  "demandas": -1,
  "demostración": -1,
  "denuncia": -2,
  "denunciar": -2,
  "deplorado": -3,
  "deplorando": -3,
  "deplorar": -3,
  "deporta": -2,
  "deportación": -2,
  "deportaciones": -2,
  "deportado": -2,
  "deportando": -2,
  "deportar": -2,
  "depredador": -2,
  "deprimente": -2,
  "Deprimido": -2,
  "Derecho": 1,
  "Deriding": -2,
  "derrota": -2,
  "derrotado": -2,
  "desacreditada": -2,
  "desacuerdo": -2,
  "desafiante": -1,
  "desagradable": -2,
  "desagradecido": -3,
  "desairado": -2,
  "desaire": -2,
  "desaires": -2,
  "desalojo": -1,
  "desanimado": -2,
  "desaparece": -1,
  "desaparecer": -1,
  "desaparecido": -1,
  "desaprobación": -2,
  "desaprobado": -2,
  "desaprobar": -2,
  "desaprueba": -2,
  "desasosiego": -2,
  "desastre": -2,
  "desastres": -2,
  "desastroso": -3,
  "desatiende": -2,
  "desbarata": -2,
  "descalificado": -2,
  "descarrila": -2,
  "descarrilado": -2,
  "descartado": -1,
  "descarte": -1,
  "descartes": -1,
  "desconcertado": -2,
  "desconectado": -1,
  "desconfiado": -3,
  "desconfianza": -3,
  "desconsiderado": -2,
  "desconsolado": -2,
  "desconsuelo": -2,
  "descontento": -2,
  "descorazonado": -2,
  "descuento": -1,
  "descuidado": -2,
  "desdén": -2,
  "desdeñosamente": -2,
  "desdeñoso": -2,
  "deseable": 2,
  "deseado": 2,
  "deseando": 1,
  "desempleados": -1,
  "desempleo": -2,
  "desenfocado": -2,
  "desenmarañar": 1,
  "deseo": 1,
  "deseos": 1,
  "deseoso": 2,
  "desesperación": -2,
  "desesperaciones": -3,
  "desesperadamente": -3,
  "desesperado": -3,
  "desestimación": -1,
  "desestructurado": -2,
  "desfases": -2,
  "desfavorable": -2,
  "desgarradora": -2,
  "desgracia": -2,
  "deshecho": -1,
  "deshonesto": -2,
  "deshumaniza": -2,
  "deshumanizado": -2,
  "deshumanizante": -2,
  "deshumanizar": -2,
  "desigual": -1,
  "desilusionado": -2,
  "desinformación": -2,
  "deslumbrante": 3,
  "deslustre": -2,
  "desmoraliza": -2,
  "desmoralizado": -2,
  "desmoralizador": -2,
  "desmoralizar": -2,
  "desorientado": -2,
  "despectivo": -2,
  "despedido": -2,
  "desperdicios": -2,
  "despilfarra": -2,
  "despilfarrado": -2,
  "despilfarro": -2,
  "despistados": -2,
  "despotricar": -3,
  "despreciable": -2,
  "despreciando": -2,
  "desprecio": -2,
  "despreocupado": 1,
  "desproporcionado": -2,
  "destellos": 3,
  "desterrar": -1,
  "destrozada": -2,
  "destrucción": -3,
  "destructivo": -3,
  "destruido": -3,
  "destruir": -3,
  "destruye": -3,
  "destruyendo": -3,
  "desventaja": -2,
  "desventurado": -2,
  "detención": -2,
  "detenciones": -2,
  "detener": -1,
  "detenido": -1,
  "deteriorado": -2,
  "deteriorarse": -2,
  "deterioro": -2,
  "determinado": 2,
  "detestado": -3,
  "detestar": -3,
  "detrae": -1,
  "detraer": -1,
  "detraído": -1,
  "deuda": -2,
  "devastación": -2,
  "devastaciones": -2,
  "devastado": -2,
  "devastador": -2,
  "devastar": -2,
  "devoción": 2,
  "devoto": 3,
  "diamante": 1,
  "difamatorio": -2,
  "difícil": -1,
  "difiriendo": -1,
  "difunto": -2,
  "dignidad": 2,
  "digno": 2,
  "dilema": -1,
  "dilligence": 2,
  "Dios": 1,
  "dipshit": -3,
  "dirección correcta": 3,
  "discapacidad": -2,
  "discernimiento": 2,
  "discordia": -2,
  "discrepar": -2,
  "discrimina": -2,
  "discriminado": -2,
  "discriminante": -2,
  "discriminar": -2,
  "discriminatorio": -2,
  "disculpa": -1,
  "disculpándose": -1,
  "disculpó": -1,
  "disfraces": -1,
  "disfraz": -1,
  "disfrazado": -1,
  "disfruta": 2,
  "Disfruta": 2,
  "disfrutado": 2,
  "disfrutando": 2,
  "disfunción": -2,
  "disgustado": -2,
  "disgusto": -2,
  "disparar": -1,
  "disparates": -2,
  "disparo": -2,
  "disputa": -2,
  "disputando": -2,
  "disputas": -2,
  "disruptivo": -2,
  "distinguido": 2,
  "distorsiona": -2,
  "distorsionado": -2,
  "distorsionar": -2,
  "distorsionista": -2,
  "distracción": -2,
  "distrae": -2,
  "distraer": -2,
  "distraído": -2,
  "disturbios": -2,
  "disuasorio": -2,
  "diversión": 3,
  "diversiones": 3,
  "divertidísimo": 2,
  "divertido": 4,
  "dolor": -2,
  "dolor de cabeza": -2,
  "dolorido": -1,
  "doloroso": -2,
  "dona": 2,
  "donación": 2,
  "donado": 2,
  "donar": 2,
  "dont like": -2,
  "Downer": -2,
  "ducha": -3,
  "duda": -1,
  "dudado": -1,
  "dudas": -1,
  "dudoso": -1,
  "duele": -2,
  "dulce": 2,
  "durable": 2,
  "duramente": -2,
  "duro": -2,
  "echar a perder": -2,
  "edificante": 2,
  "efecto secundario": -2,
  "efectos secundarios": -2,
  "eficacia": 2,
  "eficaz": 2,
  "eficazmente": 2,
  "egoísmo": -3,
  "egoísta": -3,
  "el alivio": 2,
  "el corazón roto": -3,
  "el respeto": 2,
  "elación": 3,
  "elegante": 2,
  "elogiado": 2,
  "elogiar": 2,
  "embaraza": -2,
  "embarazoso": -2,
  "embaucar": -2,
  "embellecer": 3,
  "emergencia": -2,
  "emoción": 3,
  "emocionado": 3,
  "emocionante": 3,
  "empalaga;": -3,
  "empaña": -2,
  "empañado": -2,
  "empático": 2,
  "empeora": -3,
  "empeorado": -3,
  "empeoramiento": -3,
  "empeorar": -3,
  "empequeñecer": -2,
  "empoderamiento": 2,
  "empollando": -2,
  "emprendedor": 1,
  "En caso de infracción": -2,
  "en mal estado": -2,
  "enamoramiento": 3,
  "encalar": -3,
  "encantada": 2,
  "Encantado": 3,
  "encantador": 3,
  "encantadoramente": 3,
  "encantados": 5,
  "encanto": 3,
  "encarcelado": -2,
  "enconado": -2,
  "endosado": 2,
  "endosar": 2,
  "enemigo": -2,
  "enemigos": -2,
  "energético": 2,
  "enérgico": 2,
  "enfado": -3,
  "enfermedad": -1,
  "enfermedades": -1,
  "enfermo": -2,
  "enfermos": -2,
  "enfocado": 2,
  "enfurece": -2,
  "Enfurecedora": -2,
  "enfurecer": -2,
  "enfurecido": -2,
  "engaña": -3,
  "engañado": -2,
  "engañando": -3,
  "engañar": -2,
  "engancha": 1,
  "engaño": -2,
  "engañoso": -3,
  "engreído": -2,
  "enhorabuena": 2,
  "enjuicia": -1,
  "enjuiciamiento": -1,
  "enjuiciar": -1,
  "enloquecedor": -3,
  "enojado": -3,
  "enorme": 1,
  "enragés": -2,
  "ensordecedor": -1,
  "entender mal": -2,
  "entiende mal": -2,
  "entretener": 3,
  "entretenido": 2,
  "entristecer": -2,
  "entristecido": -2,
  "entumecido": -1,
  "entusiasta": 3,
  "envenenado": -2,
  "envidia": -1,
  "envidias": -1,
  "envidioso": -2,
  "envío de correo basura": -2,
  "equilibrado": 1,
  "equivocado": -2,
  "erróneamente": -2,
  "erróneo": -2,
  "error": -2,
  "Error": -2,
  "errores": -2,
  "erupción": -2,
  "es una pena": -2,
  "escalofriante": -1,
  "escándalo": -3,
  "escándalos": -3,
  "escandaloso": -3,
  "escapa": -1,
  "escapar": -1,
  "escasez": -2,
  "escepticismo": -2,
  "escéptico": -2,
  "escépticos": -2,
  "esclarecedor": 2,
  "esclavitud": -3,
  "esclaviza": -2,
  "esclavizado": -2,
  "esclavizar": -2,
  "esclavo": -3,
  "esclavos": -3,
  "esconder": -1,
  "escondido": -1,
  "escoria": -3,
  "esmeradamente": 2,
  "espacioso": 1,
  "espalda": 1,
  "espaldarazo": 2,
  "espantado": -2,
  "especulativo": -2,
  "espeluznante": -2,
  "esperado": -1,
  "esperando": 2,
  "esperanza": 2,
  "esperanzado": 2,
  "esperanzas": 2,
  "esperar": -1,
  "espinoso": -2,
  "espíritu": 1,
  "espléndido": 3,
  "espumoso": 3,
  "está de acuerdo": 1,
  "está de duelo": -2,
  "estable": 2,
  "establecido": 1,
  "estafa": -2,
  "estafas": -2,
  "estampida": -2,
  "estancado": -2,
  "estancamiento": -2,
  "estar al acecho": -1,
  "estereotipo": -2,
  "esteriotipado": -2,
  "estima": 2,
  "estimado": 3,
  "estimula": 1,
  "estimulado": 1,
  "estimulante": 3,
  "estimular": 1,
  "estola": -2,
  "estornudado": -2,
  "estornudar": -2,
  "estornudos": -2,
  "estragos": -2,
  "estrangulado": -2,
  "estranguladores": -2,
  "estreñimiento": -2,
  "estrés": -1,
  "estresado": -2,
  "estresor": -2,
  "estropeado": -2,
  "estupendo": 4,
  "estúpidamente": -2,
  "estupidez": -3,
  "estúpido": -2,
  "Estúpido": -4,
  "ético": 2,
  "euforia": 3,
  "eufórico": 4,
  "evacua": -1,
  "evacuación": -1,
  "evacuado": -1,
  "evacuando": -1,
  "evacuar": -1,
  "evergreening": -3,
  "evita": -1,
  "Evita": -1,
  "evitado": -1,
  "evitar": -1,
  "exacerba": -2,
  "exacerbado": -2,
  "exacerbando": -2,
  "exacerbar": -2,
  "exagera": -2,
  "exageración": -2,
  "exagerado": -2,
  "exagerando": -2,
  "exagerar": -2,
  "exaltado": 3,
  "exasparate": -2,
  "exaspera": -2,
  "exasperada": -2,
  "exasperante": -2,
  "excelencia": 3,
  "excelente": 3,
  "excepcional": 5,
  "exceso de peso": -1,
  "excitar": 3,
  "excluidos": -2,
  "excluir": -1,
  "exclusión": -1,
  "exclusivo": 2,
  "excusa": -1,
  "exhaustivo": 2,
  "exigente": -1,
  "exigido": -1,
  "eximir": -1,
  "éxito": 2,
  "éxito de taquilla": 3,
  "exitosamente": 3,
  "exitoso": 3,
  "exonera": 2,
  "exonerado": 2,
  "exonerando": 2,
  "exonerar": 2,
  "expandir": 1,
  "experta": 2,
  "exploits": -2,
  "exploración": 1,
  "exploraciones": 1,
  "explotado": -2,
  "explotando": -2,
  "explotar": -2,
  "expone": -1,
  "exponer": -1,
  "exposición": -1,
  "expuesto": -1,
  "expulsa": -2,
  "expulsado": -2,
  "expulsando": -2,
  "expulsar": -2,
  "Exquisito": 3,
  "extasiar": 3,
  "éxtasis": 2,
  "extático": 4,
  "extrañamente": -1,
  "extraño": -1,
  "extravíe": -2,
  "extremista": -2,
  "extremistas": -2,
  "exuberante": 4,
  "exultante": 3,
  "fabulosamente": 4,
  "fabuloso": 4,
  "fácil": 1,
  "facilitar": 2,
  "factores de estrés": -2,
  "faggots": -3,
  "falla": -2,
  "fallar": -2,
  "falsamente": -2,
  "falsificación": -3,
  "falsificaciones": -3,
  "falsificado": -3,
  "falsificador": -3,
  "falsificar": -2,
  "falso": -1,
  "falta": -3,
  "falta de respeto": -2,
  "fama": 1,
  "famélico": -2,
  "famoso": 2,
  "fanático": -2,
  "fanáticos": -2,
  "fangoso": -2,
  "fantasma": -1,
  "fantástico": 4,
  "farsa": -1,
  "farsante": -2,
  "fascina": 3,
  "fascinación": 3,
  "fascinado": 3,
  "fascinante": 3,
  "fascinar": 3,
  "fascista": -2,
  "fascistas": -2,
  "fatal": -3,
  "fatalidad": -3,
  "fatiga": -2,
  "fatigado": -2,
  "fatigas": -2,
  "fatigoso": -2,
  "favor": 2,
  "favorable": 2,
  "favorable al medio ambiente": 2,
  "favorablemente": 2,
  "favorecido": 2,
  "Favorecido": 2,
  "favores": 2,
  "favorito": 2,
  "favoritos": 2,
  "fe": 1,
  "fealdad": -3,
  "felicidad": 3,
  "felicidades": 2,
  "felicitaciones": 2,
  "felicitar": 2,
  "feliz": 3,
  "feo": -3,
  "fértil": 2,
  "ferviente": 2,
  "fervoroso": 2,
  "festivo": 2,
  "fiasco": -3,
  "fideicomisos": 1,
  "fiebre": -2,
  "fiel": 3,
  "filantropía": 2,
  "filtrada": -1,
  "finge": -1,
  "fingir": -1,
  "firme": 2,
  "flop": -2,
  "fóbico": -2,
  "follada": -4,
  "fortalece": 2,
  "fortalecer": 2,
  "fortalecimiento": 2,
  "fortalezas": 2,
  "fortificado": 2,
  "fortuna": 2,
  "forzado": -1,
  "fracasado": -2,
  "fracaso": -2,
  "fracasos": -2,
  "frase": -2,
  "frases": -2,
  "fraude": -4,
  "fraudes": -4,
  "fraudulento": -4,
  "frenesí": -3,
  "frenético": -1,
  "Fresco": 1,
  "frikin": -2,
  "frotis": -2,
  "frustra": -2,
  "frustración": -2,
  "frustrado": -2,
  "frustrante": -2,
  "frustrar": -2,
  "ftw": 3,
  "Fuckface": -4,
  "fuckhead": -4,
  "fucktard": -4,
  "FUD": -3,
  "fuego": -2,
  "fuera de lugar": -2,
  "fuerte": 2,
  "fuerza": 2,
  "fuga": -1,
  "fuked": -4,
  "fuking": -4,
  "fulfills": 2,
  "fumante": -2,
  "funeral": -1,
  "funerales": -1,
  "furioso": -3,
  "furtivo": -1,
  "fútil": -2,
  "galante": 3,
  "galantería": 3,
  "galardonado": 3,
  "gallardamente": 3,
  "gamberrismo": -2,
  "gamberro": -2,
  "ganado": 2,
  "ganador": 4,
  "ganancia": 2,
  "ganancias": 2,
  "ganando": 2,
  "ganar": 4,
  "garantía": 1,
  "gemía": -2,
  "gemido": -2,
  "gemidos": -2,
  "generosamente": 2,
  "generoso": 2,
  "genial": 3,
  "gilipollas": -3,
  "gimiendo": -2,
  "glamour": 3,
  "gloria": 2,
  "glorioso": 2,
  "golpe": -2,
  "golpeado": -1,
  "goofiness": -2,
  "gorrón": -2,
  "gracia": 1,
  "gracias": 2,
  "Gracias": 2,
  "gracioso": 4,
  "grande": 1,
  "grandioso": 3,
  "granizado": 2,
  "granizo": 2,
  "gratificación": 2,
  "gratificante": 2,
  "gratis": 1,
  "grave": -2,
  "greenwasher": -3,
  "greenwashers": -3,
  "gripe": -2,
  "gris": -1,
  "gritando": -2,
  "gritar": -2,
  "grito": -2,
  "grosero": -2,
  "guapo": 3,
  "guarida": -1,
  "Guau": 4,
  "guay": 1,
  "guerra": -2,
  "gusto": 2,
  "gustó": 2,
  "gustos": 2,
  "ha fallado": -2,
  "hábil": 2,
  "habilidades": 2,
  "Hace suya": 2,
  "hacer contrabando": -2,
  "hacer descarrilar": -2,
  "hacha": -1,
  "hackeado": -1,
  "hahahah": 3,
  "hambre": -2,
  "hambruna": -2,
  "harto": -3,
  "hater": -3,
  "hedor": -2,
  "hedores": -2,
  "herir": -2,
  "hermosa": 3,
  "hermosamente": 3,
  "hermoso": 3,
  "héroe": 2,
  "héroes": 2,
  "heroico": 3,
  "hijo de puta": -5,
  "Hijo de puta": -5,
  "hijos de puta": -4,
  "hinchado": -1,
  "hipócrita": -2,
  "histeria": -3,
  "histérico": -3,
  "histerismo": -3,
  "hojas perennes": 2,
  "homenaje": 2,
  "homicidio": -2,
  "homicidio involuntario": -3,
  "homicidios": -2,
  "honesto": 2,
  "honor": 2,
  "honrado": 2,
  "hooligans": -2,
  "horrendo": -3,
  "horrible": -2,
  "horrorizada": -3,
  "horrorizados": -2,
  "hosco": -2,
  "hospitalizado": -2,
  "hostil": -2,
  "hueco": -1,
  "Huelga": -1,
  "huelgas": -1,
  "humano": 2,
  "humerous": 3,
  "humilde": 1,
  "humillación": -3,
  "humillado": -3,
  "humor": 2,
  "humorístico": 2,
  "Hurra": 5,
  "huye": -1,
  "idiota": -3,
  "idiotez": -3,
  "ignora": -1,
  "ignorado": -2,
  "ignorancia": -2,
  "ignorante": -2,
  "ignorar": -1,
  "ilegal": -2,
  "ilegalmente": -3,
  "ilegítimo": -3,
  "ilógico": -2,
  "Ilumina": 2,
  "iluminar": 2,
  "ilustrado": 2,
  "imaginativo": 2,
  "imbécil": -2,
  "impaciente": -2,
  "impar": -2,
  "Imparable": 2,
  "imparcial": 2,
  "impedido": -1,
  "impedingly": -2,
  "impedir": -2,
  "imperdonable": -3,
  "imperfecto": -2,
  "impermeable": 2,
  "impide": -2,
  "implacable": -1,
  "impone": -1,
  "imponente": -1,
  "imponer": -1,
  "importancia": 2,
  "importante": 2,
  "importar": 1,
  "impostor": -2,
  "impotente": -2,
  "impresiona": 3,
  "impresionado": 3,
  "impresionante": 3,
  "impresionar": 3,
  "improbable": -1,
  "impropio": -2,
  "impuesto": -1,
  "impulsado": 1,
  "impulsar": 1,
  "inacción": -2,
  "inaceptable": -2,
  "inadaptación": -2,
  "inadecuado": -2,
  "inaguantable": -2,
  "inapaciguable": -2,
  "inapropiado": -2,
  "incapacidad": -2,
  "incapacita": -2,
  "incapacitado": -2,
  "incapacitante": -1,
  "incapaz": -2,
  "incensing": -2,
  "incienso": -2,
  "inciensos": -2,
  "incierto": -1,
  "inclinados": -2,
  "incoherente": -2,
  "incomodidad": -2,
  "incómodo": -2,
  "incompetencia": -2,
  "incompetente": -2,
  "incompleto": -1,
  "incomprendido": -2,
  "incomprensible": -2,
  "inconexo": -2,
  "inconfirmado": -1,
  "inconsciente": -2,
  "inconveniencia": -2,
  "inconveniente": -2,
  "incorrectamente": -2,
  "incorrecto": -2,
  "incrédulo": -1,
  "increíble": 4,
  "incrementar": 1,
  "incumplido": -2,
  "incumplimiento": -2,
  "indeciso": -1,
  "indefenso": -2,
  "indeseable": -2,
  "indestructible": 2,
  "indiferencia": -2,
  "indiferente": -2,
  "indignación": -2,
  "indignado": -2,
  "indignados": -3,
  "indignante": -3,
  "indigno de": -2,
  "indisponible": -1,
  "induce a error": -3,
  "indulgente": 1,
  "indultos": 2,
  "inediable": -2,
  "ineficacia": -2,
  "ineficaz": -2,
  "ineficazmente": -2,
  "ineficiente": -2,
  "ineficientemente": -2,
  "ineptitud": -2,
  "inepto": -2,
  "inestable": -1,
  "inexcusable": -3,
  "inexorable": -3,
  "infantil": -2,
  "infantilizado": -2,
  "infarto de": -2,
  "infatuación": 2,
  "infección": -2,
  "infecciones": -2,
  "infeccioso": -2,
  "infecta": -2,
  "infectado": -2,
  "infectar": -2,
  "infelicidad": -2,
  "infeliz": -2,
  "inferior": -2,
  "infernal": -2,
  "infesta": -2,
  "infestada": -2,
  "infestando": -2,
  "infestar": -2,
  "infierno": -4,
  "inflige": -2,
  "infligido": -2,
  "infligiendo": -2,
  "infligir": -2,
  "influyente": 2,
  "información errónea": -2,
  "infortunio": -2,
  "infracción": -2,
  "infracciones": -2,
  "infracted": -2,
  "infracting": -2,
  "infractor": -2,
  "infructuoso": -2,
  "ingenio": 2,
  "ingenuo": -2,
  "inhibir": -1,
  "inhumano": -2,
  "injustamente": -2,
  "injusticia": -2,
  "injusto": -2,
  "inmaculado": 2,
  "inmortal": 2,
  "inmovilizado": -1,
  "inmundicia": -2,
  "inmundo": -2,
  "inmune": 1,
  "innova": 1,
  "innovación": 1,
  "innovador": 2,
  "innovar": 1,
  "inoperante": -2,
  "inquieto": -2,
  "inquisición": -2,
  "inquisitivo": 2,
  "insalubre": -2,
  "insano": -2,
  "insatisfecho": -2,
  "inseguro": -1,
  "insensibilidad": -2,
  "insensible": -2,
  "insignificante": -2,
  "insípido": -2,
  "insolvente": -2,
  "insomnio": -2,
  "insoportablemente": -1,
  "inspira": 2,
  "inspiración": 2,
  "inspirado": 2,
  "inspirador": 3,
  "inspirar": 2,
  "insuficiencia": -2,
  "insuficiente": -2,
  "insuficientemente": -2,
  "insultado": -2,
  "insultante": -2,
  "insulto": -2,
  "insultos": -2,
  "intacto": 2,
  "integridad": 2,
  "inteligente": 2,
  "intenso": 1,
  "interesado": 2,
  "interesante": 2,
  "interesar": 1,
  "intereses": 1,
  "interrogado": -2,
  "interrogatorio": -1,
  "interrumpida": -2,
  "interrumpido": -2,
  "interrumpiendo": -2,
  "interrumpir": -2,
  "interrupción": -2,
  "interrupciones": -2,
  "intimida": -2,
  "intimidación": -2,
  "intimidad": 2,
  "intimidado": -2,
  "intimidante": -2,
  "intimidar": -2,
  "intitulado": 1,
  "intransigencia": -2,
  "intrepidez": 2,
  "intrépido": 2,
  "intrigas": 1,
  "intrincado": 2,
  "inútil": -2,
  "inutilidad": -2,
  "invasión": -1,
  "invencible": 2,
  "invitación": 1,
  "involuntario": -2,
  "invulnerable": 2,
  "ironía": -1,
  "irónico": -1,
  "irracional": -1,
  "irreparable": -2,
  "irreproducible": -2,
  "irresistible": 2,
  "irresistiblemente": 2,
  "irresoluto": -2,
  "irrespetado": -2,
  "irresponsable": -2,
  "irreversible": -1,
  "irreversiblemente": -1,
  "irrita": -3,
  "irritado": -2,
  "irritante": -2,
  "irritar": -3,
  "jackasses": -4,
  "jactancioso": -2,
  "jaja": 3,
  "jajaja": 3,
  "jeje": 2,
  "Jesús": 1,
  "jocoso": 2,
  "jodidamente bueno": 4,
  "jovial": 2,
  "joya": 3,
  "joyas": 1,
  "jubiloso": 3,
  "juguetón": 2,
  "juicio hipotecario": -2,
  "jura": -2,
  "jurar": -2,
  "justa": 2,
  "justicia": 2,
  "justificadamente": 2,
  "justificado": 2,
  "juvenil": 2,
  "kills": -3,
  "Kinder": 2,
  "la prevención": -1,
  "la resolución": 1,
  "la restauración": 1,
  "la seguridad": 1,
  "la violencia relacionada": -3,
  "laborioso": -2,
  "ladrón": -2,
  "lag": -2,
  "lágrimas": -2,
  "lamenta": -3,
  "lamentable": -3,
  "lamentando": -2,
  "lamentar": -2,
  "lánguido": -2,
  "lanzado": 1,
  "lapso": -1,
  "las ejecuciones hipotecarias": -2,
  "lástima": -2,
  "lastimoso": -2,
  "late": -2,
  "laughting": 1,
  "lavado del cerebro": -3,
  "lavado verde": -3,
  "lawl": 3,
  "leal": 3,
  "lealtad": 3,
  "leer mal": -1,
  "legal": 1,
  "legalmente": 1,
  "legítimamente": 2,
  "legítimo": 2,
  "lento": -2,
  "lesión": -2,
  "lesionado": -2,
  "lesiones": -2,
  "letal": -2,
  "letalidad": -2,
  "letárgico": -2,
  "letargo": -2,
  "libertad": 2,
  "libertades": 2,
  "líder": 2,
  "liderazgo": 1,
  "likers": 2,
  "limitación": -1,
  "limitado": -1,
  "límites": -1,
  "limpiado": 1,
  "limpiador": 2,
  "limpiar": 2,
  "linda": 2,
  "lío": -2,
  "listo": -2,
  "litigio": -1,
  "litigioso": -2,
  "lívido": -2,
  "llanto": -2,
  "llantos": -2,
  "llegar": 1,
  "lleno de alegría": 4,
  "lleno de savia": -1,
  "llorado": -2,
  "llorando": -2,
  "llorar": -1,
  "lluvioso": -1,
  "lmao": 4,
  "lmfao": 4,
  "lo siento": -1,
  "loca": -2,
  "locamente": -3,
  "loco": -2,
  "locura": -2,
  "Locura": -3,
  "logra": 2,
  "logrado": 3,
  "logro": 2,
  "logros": 2,
  "lol": 3,
  "lolol": 4,
  "lololol": 4,
  "lolololol": 4,
  "lool": 3,
  "loool": 3,
  "looool": 3,
  "los autores": -2,
  "los grupos de presión": -2,
  "los spammers": -3,
  "lovelies": 3,
  "lucha": -1,
  "luchado": -2,
  "luchando": -2,
  "luchas": -2,
  "lucrativo": 3,
  "lucro": 2,
  "lúgubre": -2,
  "lujo": 2,
  "lunático": -3,
  "lunáticos": -3,
  "luto": -2,
  "macabro": -2,
  "maduro": 2,
  "magnífico": 5,
  "mal": -2,
  "mal clasificados": -2,
  "mal comportamiento": -2,
  "mal humor": -2,
  "mal informado": -2,
  "mal trato": -2,
  "mal uso": -2,
  "mala conducta": -2,
  "mala suerte": -2,
  "malas acciones": -2,
  "maldad": -3,
  "maldición": -1,
  "Maldita sea": -2,
  "maldito": -2,
  "maldito lindo": 3,
  "malentendido": -2,
  "males": -1,
  "malévolo": -2,
  "malgastar": -2,
  "malhumorado": -2,
  "malinterpretado": -2,
  "malísimo": -2,
  "malo": -3,
  "malogrado": -2,
  "maloliente": -2,
  "malos usos": -2,
  "malvado": -2,
  "malversación": -3,
  "mancha": 2,
  "manifestantes": -2,
  "manipulación": -1,
  "manipulación de los precios": -3,
  "manipulada": -1,
  "maravilla": 3,
  "maravillas": 3,
  "maravillosamente": 4,
  "maravilloso": 4,
  "marcha mala": -2,
  "mareado": -1,
  "maricón": -3,
  "más amargo": -2,
  "más baja": -1,
  "más brillante": 2,
  "más divertido": 4,
  "más dulce": 3,
  "más duras": -2,
  "más duro": -2,
  "más feliz": 3,
  "más fuerte": 2,
  "más inteligente": 2,
  "más loca": -2,
  "más noble": 2,
  "mas o menos": 0,
  "más oscura": -2,
  "más pobre": -2,
  "más pura": 1,
  "más resistentes": 2,
  "más rico": 2,
  "más seguro": 2,
  "más sincera": 2,
  "más sucio": -2,
  "matar": -3,
  "matón": -2,
  "mayor": 3,
  "me gusta": 2,
  "meando": -3,
  "mear": -4,
  "medalla": 3,
  "medio crudo": -2,
  "mediocridad": -3,
  "meditativo": 1,
  "mejor": 3,
  "mejora": 2,
  "mejorado": 2,
  "mejorando": 2,
  "mejorar": 2,
  "melancolía": -2,
  "melancólico": -1,
  "mella": -2,
  "memorable": 1,
  "menoscaba": -2,
  "menoscabos": -2,
  "menospreciado": -2,
  "menospreciar": -2,
  "menosprecie": -2,
  "mentecato": -2,
  "mentiroso": -3,
  "mentirosos": -3,
  "mercachifle": -2,
  "metódicamente": 2,
  "metódico": 2,
  "miedo": -2,
  "miedoso": 2,
  "mierda": -3,
  "Mierda": -4,
  "milagro": 4,
  "minado": -2,
  "minando": -2,
  "mintió": -2,
  "miope": -2,
  "miopía": -2,
  "mirthfully": 3,
  "misbranding": -3,
  "miscast": -2,
  "misclassify": -2,
  "misconducted": -2,
  "misconducting": -2,
  "miserable": -3,
  "miseria": -2,
  "misericordia": 2,
  "misleaded": -3,
  "misreported": -2,
  "misreports": -2,
  "misterioso": -2,
  "mito": -1,
  "moda": -2,
  "moderniza": 2,
  "modernización": 2,
  "modernizado": 2,
  "modernizar": 2,
  "molesta": -2,
  "molestado": -2,
  "molestar": -2,
  "molestia": -2,
  "molesto": -1,
  "Molesto": -4,
  "mongering": -2,
  "monopoliza": -2,
  "monopolizado": -2,
  "monopolizar": -2,
  "monótono": -1,
  "monstruo": -2,
  "moping": -1,
  "mordaz": -3,
  "mordaza": -2,
  "moribundo": -3,
  "morir": -3,
  "morir de hambre": -2,
  "mortal": -3,
  "motivación": 1,
  "motivado": 2,
  "motivador": 2,
  "motivar": 1,
  "muere de hambre": -2,
  "muerte": -2,
  "muertes": -2,
  "muerto": -3,
  "multa": 2,
  "multas": -2,
  "muriendo de hambre": -2,
  "murió": -3,
  "musaraña": -4,
  "n00b": -2,
  "narcisismo": -2,
  "natural": 1,
  "necesitado": -2,
  "negación": -2,
  "negaciones": -2,
  "negado": -2,
  "negador": -2,
  "negadores": -2,
  "negando": -2,
  "negar": -2,
  "negatividad": -2,
  "negativo": -2,
  "negligencia": -2,
  "negligencias": -2,
  "negociar": 2,
  "negrita": 2,
  "negro": -5,
  "nervios": -1,
  "nerviosamente": -2,
  "nervioso": -2,
  "niebla tóxica": -2,
  "niega": -2,
  "Niggas": -5,
  "no": -1,
  "no amable": -2,
  "no aprobado": -2,
  "no atractivo": -2,
  "no científico": -2,
  "no creer": -2,
  "no deseado": -2,
  "no es divertido": -3,
  "no está bien": -2,
  "no funciona": -3,
  "no imaginativo": -2,
  "no inspirado": -2,
  "No me gusta:": -2,
  "No me gustó": -2,
  "no profesional": -2,
  "no sofisticado": -2,
  "no vendido": -1,
  "noble": 2,
  "nostálgico": -2,
  "notable": 2,
  "notorio": -2,
  "novato": -2,
  "novela": 2,
  "nubes": -2,
  "nublada": -1,
  "nueces": -3,
  "objeto de dumping": -2,
  "obligado": 1,
  "obligatorio": -1,
  "obliterado": -2,
  "obliterar": -2,
  "obra maestra": 4,
  "obras maestras": 4,
  "obscenidad": -2,
  "obsceno": -2,
  "obsesionado": 2,
  "obsesionante": 1,
  "obsoleto": -2,
  "obstaculizador": -2,
  "obstáculo": -2,
  "obstáculos": -2,
  "obstinado": -2,
  "obstrucción": -2,
  "obstructivo": -2,
  "obstruido": -1,
  "obstruir": -2,
  "obstruye": -2,
  "ocultación": -1,
  "odiado": -3,
  "odiando": -3,
  "odio": -3,
  "odios": -3,
  "ofende": -2,
  "ofender": -2,
  "ofendido": -2,
  "ofensa": -2,
  "ofensiva": -2,
  "ofensivamente": -2,
  "oferta": 2,
  "Ojalá": 2,
  "OKS": 2,
  "olvidable": -1,
  "olvidadizo": -2,
  "olvidado": -1,
  "olvidar": -1,
  "olvidó": -1,
  "ominoso": 3,
  "oportunidad": 2,
  "oportunidades": 2,
  "opresión": -2,
  "opresiones": -2,
  "opresivo": -2,
  "oprimidos": -2,
  "optimismo": 2,
  "optimista": 2,
  "optionless": -2,
  "ora": 1,
  "orar": 1,
  "orgullo": 2,
  "orgulloso": 2,
  "oro": 2,
  "oscuridad": -1,
  "ostracismo": -2,
  "ostracizes": -2,
  "outmaneuvered": -2,
  "overran": -2,
  "overreacted": -2,
  "overreacting": -2,
  "overselling": -2,
  "oversells": -2,
  "oxímoron": -1,
  "pacífico": 2,
  "paga": -1,
  "pagado": 2,
  "paja": -2,
  "paliza": -1,
  "pánico": -3,
  "pánicos": -3,
  "parada": -1,
  "paradas": -1,
  "paradoja": -1,
  "paraíso": 3,
  "parcial": -2,
  "parcialidad": -1,
  "parlamentar": -1,
  "parodia": -2,
  "paros": -2,
  "parte superior": 2,
  "partidarios": 1,
  "pasado": -1,
  "pasado por alto": -1,
  "pasión": 1,
  "pasivamente": -1,
  "pasivo": -1,
  "pasmosamente": 3,
  "patético": -2,
  "pavor": -2,
  "paz": 2,
  "pecado": -2,
  "pecados": -2,
  "pecaminoso": -3,
  "pedir disculpas": -1,
  "peligro": -2,
  "peligrosamente": -2,
  "peligroso": -2,
  "pena": -2,
  "penaliza": -2,
  "penalizado": -2,
  "penalizando": -2,
  "penalizar": -2,
  "penetración": 3,
  "pensativo": 2,
  "peor": -3,
  "perceptible": 2,
  "perdedor": -3,
  "perder": -2,
  "pérdida": -3,
  "pérdidas": -3,
  "perdido": -2,
  "perdiendo": -3,
  "perdió": -3,
  "perdón": 2,
  "perdonado": 2,
  "perdonar": 1,
  "perezoso": -1,
  "perfección": 3,
  "perfecciona": 2,
  "perfeccionado": 2,
  "perfectamente": 3,
  "perfecto": 2,
  "Perfecto": 3,
  "perjudicado": -2,
  "perjudicando": -2,
  "perjudicar": -2,
  "perjudicial": -2,
  "perjurio": -3,
  "permitir": 1,
  "perpetrado": -2,
  "perplejo": -2,
  "perra": -5,
  "perras": -5,
  "persecución": -3,
  "perseguidos": -2,
  "perseguir": -2,
  "persigue": -2,
  "perspectiva": 1,
  "perspectivas": 1,
  "perturba": -2,
  "perturbado": -2,
  "perturbador": -2,
  "perturbadores": -2,
  "pervertido": -3,
  "pesimismo": -2,
  "pesimista": -2,
  "pésimo": -2,
  "petrificado": -2,
  "piadoso": 2,
  "picado": -2,
  "picante": -2,
  "pierde": -3,
  "pillaje": -2,
  "pinchazo": -5,
  "pintoresco": 2,
  "piqué": -2,
  "pistola": -1,
  "Placer": 3,
  "Plaga": -3,
  "plagada": -3,
  "plagas": -3,
  "pobre": -2,
  "pobreza": -1,
  "poco claro": -1,
  "poco ético": -2,
  "poco generoso": -2,
  "poco original": -2,
  "poco riguroso": -2,
  "poderoso": 2,
  "podrido": -3,
  "polémicamente": -2,
  "polémico": -2,
  "polla": -4,
  "popular": 3,
  "popularidad": 3,
  "Por favor": 1,
  "por inadvertencia": -2,
  "por suerte": 3,
  "porta mal": -2,
  "portado mal": -2,
  "portarse mal": -2,
  "posesivo": -2,
  "posibilidades": 2,
  "positivo": 2,
  "pospone": -1,
  "posponer": -1,
  "posponiendo": -1,
  "pospuesto": -1,
  "postraumático": -2,
  "prblm": -2,
  "prblms": -2,
  "premio": 3,
  "premios": 3,
  "preocupación": -3,
  "preocupaciones": -3,
  "preocupado": -2,
  "preocupante": -2,
  "preparado": 1,
  "presar": -2,
  "presión": -1,
  "presionado": -2,
  "presionados": -2,
  "prestigio": 3,
  "pretendiendo": -1,
  "prevenido": -2,
  "previene": -1,
  "primer plano": 1,
  "prisión": -2,
  "prisionero": -2,
  "prisioneros": -2,
  "privación": -2,
  "privar": -2,
  "privilegiado": 2,
  "proactivo": 2,
  "problema": -2,
  "problemas": -2,
  "procesado": -2,
  "Progreso": 2,
  "prohíbe": -1,
  "prohibición": -2,
  "prohibido": -2,
  "prohibir": -1,
  "promesa": 1,
  "promesas": 1,
  "prometido": 1,
  "prominente": 2,
  "promocionado": -2,
  "promover": 1,
  "promovido": 1,
  "promoviendo": 1,
  "promueve": 1,
  "prontamente": 1,
  "propaganda": -2,
  "propio": 2,
  "prosperidad": 3,
  "próspero": 3,
  "protege": 1,
  "proteger": 1,
  "protegido": 1,
  "protesta": -2,
  "protestar": -2,
  "protestas": -2,
  "provoca": -1,
  "provocado": -1,
  "provocador": -1,
  "provocar": -1,
  "prudencia": 2,
  "pseudociencia": -3,
  "psicopático": -2,
  "puede \"t soportar": -3,
  "puesto": -2,
  "pulido": 2,
  "puñalada": -2,
  "puñaladas": -2,
  "punitivo": -2,
  "punta de lanza": 2,
  "punto de referencia": 2,
  "punto muerto": -2,
  "puro": 1,
  "pusilánime": -2,
  "puta": -4,
  "puta caliente": 2,
  "puta hermosa": 4,
  "puta increíble": 4,
  "puta linda": 4,
  "puta perfecta": 4,
  "puto": -4,
  "puto amor": 4,
  "puto fantástica": 4,
  "putos amores": 4,
  "que cae": -1,
  "que cambia el juego": 3,
  "que supera numéricamente": -2,
  "queja": -2,
  "quejado": -2,
  "quejar": -2,
  "quejas": -2,
  "quejumbroso": -2,
  "querer": 1,
  "querido": 2,
  "rabia": -2,
  "rabioso": -2,
  "ración": 2,
  "racismo": -3,
  "racista": -3,
  "racistas": -3,
  "ranter": -3,
  "ranters": -3,
  "rantes": -3,
  "rápidamente": 2,
  "rápido": 2,
  "raptados": 2,
  "rapto": 2,
  "Rasgado": -2,
  "ratificado": 2,
  "realce": 2,
  "realizable": 1,
  "realizar": 2,
  "reanimar": 2,
  "rebelde": -2,
  "rebeldes": -2,
  "rebelión": -2,
  "recelo": -2,
  "recesión": -2,
  "rechaza": -1,
  "rechazado": -1,
  "rechazando": -1,
  "rechazar": -1,
  "rechazo": -2,
  "rechazos": -2,
  "recomendado": 2,
  "recomendar": 2,
  "recomienda": 2,
  "recompensa": 2,
  "recompensado": 2,
  "recompensas": 2,
  "reconfortante": 3,
  "reconocimiento": 2,
  "Recordatorios": -2,
  "recortado": -2,
  "recortes": -1,
  "redimido": 2,
  "reducir": -2,
  "refina": 1,
  "refinado": 1,
  "refinar": 1,
  "refrescantemente": 2,
  "refugios": -1,
  "regalo": 2,
  "regaño": -2,
  "regate": -2,
  "regocija": 3,
  "regocijado": 4,
  "reinante": 1,
  "reír": 1,
  "reivindica": 2,
  "reivindicado": 2,
  "reivindicando": 2,
  "relajado": 2,
  "relieves": 1,
  "remachado": 3,
  "remordimiento": -2,
  "Rendimiento menor": -2,
  "rentable": 2,
  "renuncia": -1,
  "renunciar": -1,
  "Renunciar": -1,
  "repelente": -2,
  "repelido": -2,
  "repercusión": -2,
  "repercusiones": -2,
  "reprende": -3,
  "reprendido": -2,
  "reprendió": -3,
  "reprendo": -3,
  "reprimenda": -2,
  "reprimendas": -2,
  "repugnante": -2,
  "repulsivas": -3,
  "repulsivo": -2,
  "resbalón": -1,
  "rescatada": 2,
  "rescate": 2,
  "rescates": 2,
  "resentido": -2,
  "residencias": -3,
  "residuos": -1,
  "resignado": -1,
  "resistente": 2,
  "resolución": 2,
  "resolver": 2,
  "Respaldados": 1,
  "respetado": 2,
  "responsabilidad": 1,
  "responsable": 2,
  "restauraciones": 1,
  "restaurada": 1,
  "restaurar": 1,
  "restos": -2,
  "restricción": -2,
  "restrictivo": -1,
  "restringe": -2,
  "restringido": -2,
  "restringiendo": -2,
  "restringir": -2,
  "resuelto": 2,
  "resuelve": 2,
  "retardar": -2,
  "retenido": -1,
  "retirada": -1,
  "reto": -1,
  "retozón": 2,
  "retrasado": -1,
  "retrasar": -1,
  "retraso": -1,
  "revendedor": -2,
  "revendedores": -2,
  "reventa": -2,
  "reverenciado": 2,
  "revive": 2,
  "rezagado": -2,
  "ricamente": 2,
  "rico": 2,
  "Rico": 2,
  "ridiculiza": -2,
  "ridiculizado": -2,
  "ridiculizar": -2,
  "ridículo": -3,
  "riesgo": -2,
  "riesgos": -2,
  "rigurosamente": 3,
  "riguroso": 3,
  "riqueza": 3,
  "risa": 1,
  "risas": 1,
  "robado": -2,
  "robando": -2,
  "robar": -2,
  "robing": -2,
  "robo": -2,
  "robos": -2,
  "robs": -2,
  "robusto": 2,
  "rofl": 4,
  "roflcopter": 4,
  "roflmao": 4,
  "romance": 2,
  "romantical": 2,
  "románticamente": 2,
  "rompió": -1,
  "Rosa": 1,
  "rotfl": 4,
  "rotflmfao": 4,
  "ROTFLOL": 4,
  "roto": -1,
  "rudo": -3,
  "ruidoso": -1,
  "ruina": -2,
  "ruptura": -2,
  "sabiduría": 1,
  "saboreando": 2,
  "sabotaje": -2,
  "sabroso": 3,
  "saliente": 1,
  "salir": -1,
  "Saltos": -2,
  "saluda": 1,
  "saludable": 2,
  "saludado": 2,
  "saludando": 2,
  "saludar": 1,
  "saludo": 2,
  "saludos": 2,
  "salvación": 2,
  "salvado": 2,
  "salvador de la vida": 4,
  "salvar": 2,
  "sangriento": -3,
  "sarcástico": -2,
  "satisfecho": 3,
  "savange": -2,
  "savanges": -2,
  "se ahoga": -2,
  "se avecina": -1,
  "se degrada": -2,
  "se deniega": -2,
  "se deteriora": -2,
  "se disculpa": -1,
  "se eleva": 1,
  "se esconde": -1,
  "se expande": 1,
  "se extiende": 1,
  "se goza": 4,
  "se niega": -2,
  "se queja": -2,
  "Se rió": 1,
  "secuestrado": -2,
  "secuestrar": -2,
  "secuestro": -2,
  "secuestros": -2,
  "secundario": 1,
  "sedición": -2,
  "sedicioso": -2,
  "seducir": -1,
  "seguidor": 1,
  "seguramente": 2,
  "seguro": 2,
  "seguro de sí mismo": 2,
  "seleccionado cuidadosamente": 1,
  "sencillez": 1,
  "sensación": 1,
  "sensibilidad": 2,
  "sensible": 2,
  "sentencia": -2,
  "sentido": 3,
  "separado": -1,
  "sereno": 2,
  "serio": 2,
  "servicial": 2,
  "severamente": -2,
  "severo": -2,
  "sexista": -2,
  "sexistic": -2,
  "sexy": 3,
  "shamed": -2,
  "shoody": -2,
  "sí": 1,
  "significado": 1,
  "significativo": 2,
  "silenciamiento": -1,
  "simpatía": 2,
  "simpático": 2,
  "simplifica en exceso": -2,
  "simplificada": -2,
  "simplificar demasiado": -2,
  "sin acontecimientos notables": -2,
  "sin acreditar": -1,
  "sin amor": -2,
  "sin ánimo": -2,
  "sin apoyo": -2,
  "sin costura": 2,
  "sin cumplirse": -2,
  "sin dientes": -2,
  "sin encanto": -3,
  "sin esfuerzo": 2,
  "sin esperanza": -2,
  "sin éxito": -2,
  "sin garantía": -2,
  "sin hogar": -2,
  "sin igual": 2,
  "sin inteligencia": -2,
  "sin motivación": -2,
  "sin par": 1,
  "sin peligro": 1,
  "sin problemas": 2,
  "sin sentido": -2,
  "sin tacha": 2,
  "sin valor": -2,
  "sin vida": -1,
  "sinceramente": 2,
  "sinceridad": 2,
  "sincero": 2,
  "singleminded": -2,
  "siniestro": -2,
  "slickest": 2,
  "slumping": -1,
  "Smiled": 2,
  "snubbing": -2,
  "sobornado": -3,
  "sobornando": -3,
  "soborno": -3,
  "sobornos": -3,
  "sobrecarga": -1,
  "sobrecargar": -2,
  "sobreexcitado": -3,
  "sobreprotector": -2,
  "sobrereacciona": -2,
  "sobrereaccionar": -2,
  "sobrerreacción": -2,
  "sobresimplificación": -2,
  "sobrestimación": -2,
  "sobreventa": -2,
  "sobreviviente": 2,
  "sobrevivió": 2,
  "socava": -2,
  "socavar": -2,
  "sofisticado": 2,
  "sofocado": -1,
  "sol": 2,
  "solemne": -1,
  "solidaridad": 2,
  "solidifica": 2,
  "solidificación": 2,
  "solidificado": 2,
  "solidificar": 2,
  "sólido": 2,
  "solitario": -2,
  "solo": -2,
  "soltar": -1,
  "solución": 1,
  "soluciones": 1,
  "sombrío": -2,
  "sonreír": 2,
  "sonriente": 2,
  "sonrisas": 2,
  "soportado": 2,
  "soportes": 2,
  "sorprende": 2,
  "sorprendido": -2,
  "sosegado": 2,
  "sospecha": -1,
  "sospechando": -1,
  "sospechar": -1,
  "sospechosos": -1,
  "sostenibilidad": 1,
  "sostenible": 2,
  "spammer": -3,
  "squelched": -1,
  "stinked": -2,
  "subestimaciones": -1,
  "subestimado": -1,
  "subestimar": -1,
  "subir": 1,
  "subsidios": 1,
  "subsiguiente": 3,
  "subversivo": -2,
  "suciedad": -2,
  "sucio": -2,
  "sueing": -2,
  "suelto": -3,
  "sueño": 1,
  "Sueños": 1,
  "suerte": 3,
  "Sues": -2,
  "suficiente": -2,
  "sufre": -2,
  "sufrido": -2,
  "sufrimiento": -2,
  "sufrir": -2,
  "suicida": -2,
  "suicidio": -2,
  "suicidios": -2,
  "súper": 3,
  "superar a": 2,
  "superior": 2,
  "supremo": 4,
  "suspender": -1,
  "suspendido": -1,
  "suspicaz": -2,
  "suspiro": -2,
  "sustancial": 1,
  "sustancialmente": 1,
  "susto": -2,
  "tacaño": -2,
  "talento": 2,
  "tapas": 2,
  "tard": -2,
  "tedio": -2,
  "telar": -1,
  "telares": -1,
  "temblante": -2,
  "temblor": -2,
  "temblores": -2,
  "tembloroso": -2,
  "temerario": 2,
  "temeroso": -2,
  "temible": -2,
  "temido": -2,
  "temiendo": -2,
  "temperamental": -1,
  "tener éxito": 3,
  "tensión": -1,
  "tenso": -2,
  "tergiversa": -2,
  "tergiversación": -2,
  "tergiversaciones": -2,
  "tergiversada": -2,
  "tergiversar": -2,
  "terrible": -3,
  "terriblemente": -3,
  "terrifically": 4,
  "terror": -3,
  "terrorista": -2,
  "terroristas": -2,
  "tesoro": 2,
  "tesoros": 2,
  "tetas": -2,
  "tiempo": -2,
  "tiene éxito": 3,
  "tímido": -1,
  "timorato": -2,
  "tipo": 2,
  "tiránicamente": -3,
  "tiránico": -3,
  "tiranuelos": -3,
  "tolerancia": 2,
  "tolerante": 2,
  "toma de posesión": -2,
  "tonto": -1,
  "tontos": -2,
  "torpe": -2,
  "tortura": -4,
  "torturado": -4,
  "torturas": -4,
  "totalitario": -2,
  "totalitarismo": -2,
  "tóxico": -3,
  "trabajo penoso": -2,
  "tragedia": -2,
  "tragedias": -2,
  "trágico": -2,
  "tragona": -5,
  "traición": -3,
  "traiciona": -3,
  "traicionado": -3,
  "traicionar": -3,
  "traicionero": -3,
  "traidor": -3,
  "tramado": -2,
  "trampa": -1,
  "trampas": -1,
  "tramposo": -3,
  "tramposos": -3,
  "tranquiliza": 1,
  "tranquilizado": 1,
  "tranquilizador": 2,
  "tranquilizar": 1,
  "tranquilo": 2,
  "transcurrido": -1,
  "transgrede": -2,
  "transgredido": -2,
  "transgrediendo": -2,
  "transgredir": -2,
  "trapacero": -3,
  "trastornado": -2,
  "trastorno": -2,
  "trastornos": -2,
  "trastornos del desarrollo": -2,
  "trauma": -3,
  "traumático": -3,
  "travesura": -1,
  "trémulo": -2,
  "tribulación": -2,
  "tributo": 2,
  "triste": -2,
  "tristemente": -2,
  "triunfante": 4,
  "triunfo": 4,
  "Troll": -2,
  "tugurio": -1,
  "tumba": -2,
  "tumor": -2,
  "túnica": -2,
  "turbio": -2,
  "tyran": -3,
  "ubicuo": 2,
  "uf": -2,
  "un desempeño inferior": -2,
  "una vez en la vida": 3,
  "unfitted": -2,
  "unfunny": -2,
  "unido": 1,
  "unificada": 1,
  "uninvolving": -2,
  "unirse": 1,
  "unreleting": -2,
  "unresearched": -2,
  "urgente": -1,
  "útil": 2,
  "utilidad": 2,
  "Uy": -2,
  "vacilante": -1,
  "vacilar": -2,
  "vacío": -1,
  "vago": -2,
  "valentía": 2,
  "valida": 1,
  "validado": 1,
  "validando": 1,
  "validar": 1,
  "valiente": 2,
  "valientemente": 2,
  "valor": 2,
  "vano": -2,
  "vejación": -2,
  "vencedores": 3,
  "vencido": -2,
  "veneno": -2,
  "venenos": -2,
  "venga": -2,
  "vengador": -2,
  "vengadora": -2,
  "venganza": -2,
  "vengar": -2,
  "vengativo": -2,
  "ventaja": 2,
  "ventajas": 2,
  "ventajosamente": 2,
  "ventajoso": 2,
  "ventilador": 3,
  "veredicto": -1,
  "veredictos": -1,
  "vergonzoso": -2,
  "vergüenza": -2,
  "vestíbulo": -2,
  "vibrante": 3,
  "vicioso": -2,
  "víctima": -2,
  "víctimas": -3,
  "víctimas mortales": -3,
  "victimiza": -3,
  "victimizadora": -3,
  "victimizar": -3,
  "Víctor": 3,
  "victoria": 3,
  "victorias": 4,
  "victorioso": 4,
  "vigilancia": -1,
  "vigilante": 3,
  "vigor": 3,
  "vil": -3,
  "vindicar": 2,
  "viola": -2,
  "violación": -2,
  "violaciónes": -2,
  "violada": -4,
  "violado": -2,
  "violador": -4,
  "violar": -2,
  "violencia": -3,
  "violentamente": -3,
  "violento": -3,
  "virtuoso": 2,
  "virulento": -2,
  "visión": 1,
  "visionario": 3,
  "visiones": 1,
  "vitalidad": 3,
  "vitamina": 1,
  "vitriólico": -3,
  "viudo": -1,
  "viva": 1,
  "vivamente": 2,
  "vivaz": 3,
  "vociferante": -1,
  "vomitado": -3,
  "vómito": -3,
  "vómitos": -3,
  "vulnerabilidad": -2,
  "vulnerable": -2,
  "warmhearted": 2,
  "winwin": 3,
  "won": 3,
  "woohoo": 3,
  "wooo": 4,
  "woow": 4,
  "wOWOW": 4,
  "wowww": 4,
  "wtf": -4,
  "wtff": -4,
  "wtfff": -4,
  "xo": 3,
  "xoxo": 3,
  "xoxoxo": 4,
  "xoxoxoxo": 4,
  "yeees": 2
}