{
  "Angers": -3,
  "Benefits": 2,
  "Carefully": 2,
  "Conflicts": -2,
  "Congrats": 2,
  "defeated": -2,
  "Defenders": 2,
  "Effectively": 2,
  "ErrorUndefined": -3,
  "ErrorWithTranslation": -2,
  "Fabulous": 4,
  "FAILS": -2,
  "Falling": -1,
  "favorites": 2,
  "FIRED": -2,
  "flawless": 2,
  "Frantic": -1,
  "fraudster": -4,
  "Freak": -2,
  "Frenzy": -3,
  "FTW": 3,
  "FUD": -3,
  "Funky": 2,
  "HAHAHA": 3,
  "Hurray": 5,
  "Infected": -2,
  "jackass": -4,
  "Offensive": -2,
  "offline": -1,
  "Profits": 2,
  "sophisticated": 2,
  "Suave": 2,
  "Woohoo": 3,
  "woow": 4,
  "Wowww": 4,
  "xoxo": 3,
  "א שאנדע": -2,
  "אָאָפּס": -2,
  "אַבאַנדאַנז": -2,
  "אַבאָרד": 1,
  "אַבאָרטיד": -1,
  "אַבאָרץ": -1,
  "אַבדאַקטיד": -2,
  "אַבדאַקשאַן": -2,
  "אַבדוקטיאָנס": -2,
  "אַבהאָרס": -3,
  "אַבהאָררעד": -3,
  "אַבהאָררענט": -3,
  "אַבזאָרבד": 1,
  "אַביוזד": -3,
  "אַביוזינג": -3,
  "אַביוסיוו": -3,
  "אַביוסיז": -3,
  "אַבילאַטיז": 2,
  "אָבליטעראַטעד": -2,
  "אַבנאַקשאַס": -3,
  "אַבסאָלווינג": 2,
  "אַבסאָלוועד": 2,
  "אַבסאָלוועס": 2,
  "אַבסטראַקטיד": -2,
  "אַבסטראַקטינג": -2,
  "אָבסטרוירן": -2,
  "אָבסטרוקץ": -2,
  "אַבסענטעעס": -1,
  "אַבסעסט": 2,
  "אַג": -2,
  "אַגאַג": 2,
  "אַגאָניזע": -3,
  "אַגאָניזעד": -3,
  "אַגאָניזעס": -3,
  "אַגאַנייזינג": -3,
  "אַגאָניסעס": -3,
  "אַגגראַוואַטעס": -2,
  "אַגגרעססיאָנס": -2,
  "אַגהאַסט": -2,
  "אַגראַווייטיד": -2,
  "אַגראַווייטינג": -2,
  "אַגריאַבאַל": 2,
  "אַגריז": 1,
  "אַגרעסיוו": -2,
  "אַגרעסיוונאַס": -2,
  "אַדאַפּט": 1,
  "אַדאַפּץ": 1,
  "אַדאָר": 3,
  "אַדאָרד": 3,
  "אַדאָרז": 3,
  "אַדאָרינג": 3,
  "אַדאָרינגלי": 3,
  "אַדוואַנטאַגעאָוסלי": 2,
  "אַדוואַנטאַגעס": 2,
  "אַדוואַנטיידזשאַס": 2,
  "אַדווענטשעראַס": 2,
  "אַדווענטשערז": 2,
  "אַדמאָנישעד": -2,
  "אַדמיטאַד": -1,
  "אַדמייערד": 3,
  "אַדמיירז": 3,
  "אַדמיירינג": 3,
  "אַדמיץ": -1,
  "אַוואַנסירטע": 1,
  "אַוואָרד": 3,
  "אַוואָרדיד": 3,
  "אַוואַרדס": 3,
  "אַוווידאַד": -1,
  "אַוווידז": -1,
  "אָוווערדזשויד": 4,
  "אָוווערלוקט": -1,
  "אָוווערסאָולד": -2,
  "אַווייטאַד": -1,
  "אַווייץ": -1,
  "אַוולע": -2,
  "אַווענגעס": -2,
  "אַווענגער": -2,
  "אַווענגערס": -2,
  "אַווענדזשד": -2,
  "אַווענדזשינג": -2,
  "אַוועקוואַרפן": -1,
  "אָווערווראָוגהט": -3,
  "אַווערטאַד": -1,
  "אָווערלאָאַד": -1,
  "אָווערסטאַטעמענט": -2,
  "אָווערסטאַטעמענץ": -2,
  "אָווערסימפּליפי": -2,
  "אָווערסימפּליפיעד": -2,
  "אָווערסימפּליפיעס": -2,
  "אָווערסימפּליפיקאַטיאָן": -2,
  "אָווערסעלל": -2,
  "אָווערסעללינג": -2,
  "אָווערסעללס": -2,
  "אָווערפּראָטעקטיווע": -2,
  "אַווערץ": -1,
  "אָווערראַן": -2,
  "אָוועררעאַקט": -2,
  "אָוועררעאַקטיאָן": -2,
  "אָוועררעאַקטינג": -2,
  "אָוועררעאַקטעד": -2,
  "אָוועררעאַקץ": -2,
  "אַוטברייקס": -2,
  "אַוטידזש": -2,
  "אַוטידזשיז": -2,
  "אָוטמאַנעוווערעד": -2,
  "אָוטנומבערעד": -2,
  "אַוטריטש": 2,
  "אַוטריידזשאַס": -3,
  "אַוטריידזשד": -3,
  "אויבן": 2,
  "אויטאָריטעט": 1,
  "אויסגעלאכט": -2,
  "אויסגעלייזט": 2,
  "אומוויסנדיקייט": -2,
  "אוממענטשלעך": -2,
  "אונטערשיידן": 2,
  "אוצר": 2,
  "אוצרות": 2,
  "אַטאַקע": -2,
  "אַטראָסיטי": -3,
  "אַטראַקטיוו": 2,
  "אַטראַקטיוולי": 2,
  "אַטראַקטיוונאַס": 2,
  "אַטראַקטינג": 2,
  "אַטראַקשאַן": 2,
  "אַטראַקשאַנז": 2,
  "אַטשיוואַבאַל": 1,
  "איבערגעגעבנקייט": 2,
  "איבערראשט": 2,
  "איגנאָרירט": -2,
  "אינטערעסירט": 2,
  "אינטערעסן": 1,
  "אַכזאָריעס": -3,
  "אָכצן": -2,
  "אַלאַגיישאַנז": -2,
  "אַלאַרמיסט": -2,
  "אַלאַרמיסץ": -2,
  "אַלטרויסטיק": 2,
  "אַליין": -2,
  "אַליירט": 2,
  "אַללעגאַטיאָן": -2,
  "אַלעווייַ": 2,
  "אַלערדזשיק": -2,
  "אַמאָלאיןאַלעבן": 3,
  "אַמאַנאַס": 3,
  "אַמביוואַלענט": -1,
  "אַמביציעס": 2,
  "אַמוסעמענץ": 3,
  "אַמיוזד": 3,
  "אַמייז": 2,
  "אַמייזיז": 2,
  "אַמייזינג": 4,
  "אמת": 2,
  "אָנ אַ גלייַכן": 1,
  "אָנ אַ פלעק": 2,
  "אָנ קויכעס": -2,
  "אַנאַוויילאַבאַל": -1,
  "אַנאַטראַקטיוו": -2,
  "אַנאַל פאַנטאַסטיש": 4,
  "אַנאַקסעפּטאַבאַל": -2,
  "אַנבאַליוואַבאַל": -1,
  "אַנבאַליווינג": -1,
  "אַנבייאַסט": 2,
  "אַנבעראַבאַל": -2,
  "אַנגגערד": -3,
  "אַנגוישעד": -3,
  "אָנגעכמורעט": -2,
  "אנגענומען": 1,
  "אָנגענעם": 3,
  "אָנגעקלאָגט": -2,
  "אַנדיזייראַבאַל": -2,
  "אַנדערמיין": -2,
  "אַנדערמיינד": -2,
  "אַנדערמיינז": -2,
  "אַנדערמיינינג": -2,
  "אַנדערעסטאַמאַט": -1,
  "אַנדערעסטאַמייטיד": -1,
  "אַנוואָנטיד": -2,
  "אָנוווקס": -2,
  "אָנווער": -3,
  "אַנויאַנס": -2,
  "אַנויד": -2,
  "אַנויז": -2,
  "אַנויינג": -2,
  "אַנטאַגאָניסטיק": -2,
  "אָנטאָן": -1,
  "אַנטוישונג": -2,
  "אַנטוישן": -2,
  "אַנטי": -1,
  "אַנטיסאַפּיישאַן": 1,
  "אַנטלויפן": -1,
  "אַנטרו": -2,
  "אַנטשולדיקונג": -1,
  "אַנטשולדיקן": -1,
  "אַניוועסדיק": 1,
  "אַניקוואַל": -1,
  "אַניקוואַלד": 2,
  "אַנכאַפּיניס": -2,
  "אַנכעלטי": -2,
  "אַנלאַווד": -2,
  "אַנלייקלי": -1,
  "אָננעמען": 1,
  "אַנסאָולד": -1,
  "אַנסאַפּאָרטיד": -2,
  "אַנסטאַפּאַבאַל": 2,
  "אַנסטייבאַל": -2,
  "אַנסייף": -2,
  "אַנסיקיורד": -2,
  "אַנעטיקאַל": -2,
  "אַנערד": 2,
  "אַנערינג": 2,
  "אָנפאַל": -2,
  "אָנצינדן": 3,
  "אַנקאַנסערנד": -2,
  "אַנראַוואַל": 1,
  "אָנרירן": -2,
  "אַנשור": -1,
  "אָנשטעקן": -2,
  "אָנשרעקן": -2,
  "אַסאָלץ": -2,
  "אָסאַם": 4,
  "אַסאַסאַניישאַן": -3,
  "אַסטאַונדינג": 3,
  "אַסטאָונדינגלי": 3,
  "אַסטאָונדס": 3,
  "אַסטאָונדעד": 3,
  "אָסטראַסיזעד": -2,
  "אָסטראַסיזעס": -2,
  "אָסטראַקירן": -2,
  "אַסכאָול": -4,
  "אַססאַססינאַטיאָנס": -3,
  "אַסספוקקינג": -4,
  "אַסעט": 2,
  "אַסעץ": 2,
  "אַפּאַטי": -3,
  "אַפּאַטעטיק": -3,
  "אַפּאָלאָגיזינג": -1,
  "אַפּאָלאָגיזעס": -1,
  "אַפּאַלאַדזשייזד": -1,
  "אַפּאָלד": -2,
  "אַפּאַקאַליפּטיק": -2,
  "אָפּגעהיט": 2,
  "אָפּגעלאָזן": -2,
  "אָפּוואַרפן": -1,
  "אָפּווישן": -2,
  "אָפּזאָגן": -2,
  "אָפּטיאָנלעסס": -2,
  "אָפּטימיזם": 2,
  "אָפּטימיסטיש": 2,
  "אָפּטרייַביק": -2,
  "אָפיטן": 2,
  "אַפּילינג": 2,
  "אַפיסיאָנאַדאָס": 2,
  "אַפּלאָדיד": 2,
  "אַפּלאָדיסמענטן": 2,
  "אַפּלאָדירן": 2,
  "אָפּלייגן": -1,
  "אָפּלייקענונג": -2,
  "אָפּמאַטערן": -3,
  "אָפנהאַרציקייַט": 2,
  "אָפּנאַר": -3,
  "אָפּנאַרן": -3,
  "אָפּנאַרער": -3,
  "אָפנהאַרציק": 2,
  "אָפּנעמען": -2,
  "אַפּסעטינג": -2,
  "אָפענטיק": -2,
  "אַפּערטונאַטיז": 2,
  "אַפּעשיט": -3,
  "אַפפאָרדאַבלע": 2,
  "אַפּפּלאַודינג": 2,
  "אַפּפּלאַודס": 2,
  "אַפפליקטעד": -1,
  "אַפּפּעאַסינג": 2,
  "אַפּפּעאַסעד": 2,
  "אַפּפּעאַסעס": 2,
  "אָפפענדינג": -2,
  "אָפפענדס": -2,
  "אָפפענדער": -2,
  "אָפפענסיוועלי": -2,
  "אַפפעקטיאָנאַטענעסס": 3,
  "אַפפעקטעד": -1,
  "אַפפראָנטעד": -1,
  "אָפּפּרעססיאָנס": -2,
  "אָפּקוועלן": 4,
  "אַפּראָופּרייטלי": 2,
  "אַפּרוווז": 2,
  "אָפּרופיק": 2,
  "אַפּרישיייטיד": 2,
  "אַפּרישיייטינג": 2,
  "אַפּרישיייץ": 2,
  "אַפּרישייישאַן": 2,
  "אַפּרעסט": -2,
  "אַפּרעסיוו": -2,
  "אָפּשאַצן": 2,
  "אָפּשטיי": -1,
  "אַצוועסדיק": -2,
  "אַקאַלייד": 2,
  "אַקאַמפּלישיז": 2,
  "אַקאַמפּלישמאַנט": 2,
  "אַקאַמפּלישמאַנץ": 2,
  "אַקוויטאַד": 2,
  "אַקטיוו": 1,
  "אַקיוזיז": -2,
  "אַקיוזינג": -2,
  "אַקליים": 2,
  "אַקליימד": 2,
  "אָקס": 2,
  "אַקסאַדאַנץ": -2,
  "אַקסאַדענאַלי": -2,
  "אַקסאַדענטאַל": -2,
  "אָקסימאָראָן": -1,
  "אַקסעד": -1,
  "אַקסעפּטאַנס": 1,
  "אַקסעפּטינג": 1,
  "אַקסעפּץ": 1,
  "אַקקוויטטינג": 2,
  "אַקקוויץ": 2,
  "אַקרימאָניאָוס": -3,
  "אָראַ": 1,
  "ארבעט נישט": -3,
  "אַרבעטלאָז": -1,
  "אַרבעטלאָזיקייַט": -2,
  "ארויסגיין": -2,
  "אַרויסגעוואָרפן": -2,
  "ארויסטריטן": -1,
  "אַרויסטרייַבן": -2,
  "אַרויסרופן": -1,
  "אַרייַנלאָזן": -1,
  "אַרן": -2,
  "אָרנטלעכקייַט": 2,
  "אַרסעהאָלע": -4,
  "אָרעם": -2,
  "אָרעמקייַט": -1,
  "אַרעסטאַנט": -2,
  "אַרעסטירן": -2,
  "באָאַסטפול": -2,
  "באָבקעס": -3,
  "באַגאַזלענען": -2,
  "באגאנגען": 1,
  "באַגייַסטערן": 2,
  "באַגריסן": 2,
  "באַגרענעצונג": -1,
  "באגרענעצט": -1,
  "באַגרענעצן": -2,
  "באַדאַסס": -3,
  "באַדויערן": -2,
  "באַדלי": -3,
  "באַדנעסס": -3,
  "באַדערד": -2,
  "באַדערז": -2,
  "באַדערסאַם": -2,
  "באַהאַלטן": -1,
  "באַהעפטן": 1,
  "באַווונדערן": 3,
  "באַוווסט": 2,
  "באוויליקט": 2,
  "באַזאָרגט": -2,
  "באַזיגן": -2,
  "באַטאַלז": -1,
  "באַטטלעד": -1,
  "באַטייַט": 1,
  "באַטייַטיק": 1,
  "באָטל מאַכן": -1,
  "באַטלאָניש": -2,
  "באַטלינג": -2,
  "באַלאַגאַן": -2,
  "באַלאַנסט": 1,
  "באָלוואַן": -3,
  "באלוינונג": 2,
  "באַלטויווע": 2,
  "באַליבט": 3,
  "באליידיגט": -2,
  "באַליידיקונג": -2,
  "באליידיקטער": -2,
  "באַליידיקן": -2,
  "באַמבאָאָזלעד": -2,
  "באַמבאָאָזלעס": -2,
  "באָמבע": -1,
  "באַמער": -2,
  "באמערקט": 2,
  "באַנגקראַפּט": -3,
  "באַנד": -2,
  "באַנדיט": -2,
  "באַנקסטער": -3,
  "באַנקראָט": -3,
  "באַסטערדז": -5,
  "באַערן": 2,
  "באַפאַלן": -1,
  "באַפאַלעריש": -2,
  "באַפֿוילן": -3,
  "באַפּוצן": 3,
  "באַפרייַען": 1,
  "באַצאָלן": -1,
  "באַקוועם": 2,
  "באַקט": 1,
  "באַקינג": 2,
  "באַקישעפן": 3,
  "באַקלאָגנ זיך": -2,
  "באַקס": 1,
  "באַרבאַראָוס": -2,
  "באַרבעריאַן": -2,
  "באָרד": -2,
  "באַרוט": 2,
  "באַרויקן": 2,
  "באַרימט": 2,
  "באַרען": -4,
  "באַשווינדלען": -2,
  "באַשולדיקונג": -2,
  "באשולדיקונגען": -2,
  "באַשולדיקן": -2,
  "באַשטימענדיק": 1,
  "באַשטראָפֿט": -2,
  "באַשייד": 1,
  "באַשיצן": 1,
  "באשלאסן": 2,
  "באַשמוצן": -2,
  "בוויאַנט": 2,
  "בוילעט": 5,
  "בויקאַט": -2,
  "בויקאָטטינג": -2,
  "בויקאָטטעד": -2,
  "בויקאָטץ": -2,
  "בוליד": -2,
  "בוליינג": -2,
  "בולשיט": -4,
  "בונטאַר": -2,
  "בוסט": 1,
  "בוסטיד": 1,
  "בוסטינג": 1,
  "בוסץ": 1,
  "ביטטערעסט": -2,
  "ביטינג": -1,
  "ביטל": -2,
  "ביטלדיק": -2,
  "ביטע": 1,
  "ביטער": -2,
  "ביטרייאַל": -3,
  "ביטרייד": -3,
  "ביטרייז": -3,
  "ביטרייינג": -3,
  "ביטשיז": -5,
  "בייאַסט": -2,
  "בייז": -2,
  "ביילאַוט": -2,
  "בייַשטייַער": 2,
  "ביסטרע": 2,
  "ביקס": -1,
  "בישליימעס": 3,
  "בלאַ": -2,
  "בלאַדי": -3,
  "בלאָוטיד": -1,
  "בלאַמינג": -2,
  "בלאָף": -2,
  "בלאָק": -1,
  "בלאַקבאַסטער": 3,
  "בלאַקט": -1,
  "בלאַקייד": -2,
  "בלאַקינג": -1,
  "בלאַקמייל": -3,
  "בלאַקמיילינג": -3,
  "בלאַקס": -1,
  "בלאַקקמאַילס": -3,
  "בלאַקקמאַילעד": -3,
  "בליטהע": 2,
  "בליימד": -2,
  "בליימז": -2,
  "בלינד": -1,
  "בליסספול": 3,
  "בליענדיק": 3,
  "בלענדיק": 3,
  "בלעסיז": 2,
  "בלערי": -2,
  "בנוגע": 2,
  "בעאַוטיעס": 3,
  "בעאַוטיפוללי": 3,
  "בעאַטיפיק": 3,
  "בעליטטלע": -2,
  "בעליטטלעד": -2,
  "בענטשונג": 3,
  "בענטשן": 2,
  "בענעפאַקטאָרס": 2,
  "בענעפיטטינג": 2,
  "בענעפיטטעד": 2,
  "בעסטער": 3,
  "בעסטער פאַרשילטן": 4,
  "בעסער": 2,
  "בעעמעס": 2,
  "בעפיט": 2,
  "בעפיטטינג": 2,
  "בעפיירעש": 2,
  "בערגלער": -2,
  "בערגלערי": -2,
  "בערדאַנד": -2,
  "בערדאַנינג": -2,
  "בעריווד": -2,
  "בערעאַווינג": -2,
  "בערעאַוועס": -2,
  "בעשאָלעם": 2,
  "בראָאָדינג": -2,
  "בראַוווראַ": 3,
  "בראַווע": 2,
  "בראַווענעסס": 2,
  "בראַווערי": 2,
  "בראָך": -2,
  "בראָקען": -1,
  "ברודיק": -3,
  "ברוטאַל": -3,
  "ברוטאַלי": -3,
  "ברויגעז": -2,
  "ברונעט גרויס": 4,
  "ברונעט ליב": 4,
  "ברונעט שליימעסדיק": 4,
  "בריבינג": -3,
  "בריטש": -2,
  "בריטשט": -2,
  "בריטשיז": -2,
  "ברייבד": -3,
  "ברייבז": -3,
  "ברייטהאַרציק": 2,
  "ברייטנאַס": 1,
  "ברייטער האנט": 2,
  "בריינוואַשינג": -3,
  "ברייקטרו": 3,
  "בריליאַנט": 4,
  "ברילליאַנסעס": 3,
  "בריסק": 2,
  "ברכות": 3,
  "ברעאַטשינג": -2,
  "ברעטטייקינג": 5,
  "ברעכן": -3,
  "גאָאָפינעסס": -2,
  "גאַגגעד": -2,
  "גאָדדאַמן": -3,
  "גאַדסענד": 4,
  "גאַזירטע": 3,
  "גאַזלן": -2,
  "גאָט": 1,
  "גאַינעד": 2,
  "גאַלאַבאַל": -2,
  "גאַלאַנט": 3,
  "גאָלד": 2,
  "גאַללאַנטלי": 3,
  "גאַללאַנטרי": 3,
  "גאַנווענען": -2,
  "גאַניידן": 3,
  "גאַסטלי": -2,
  "גאַראַנטירן": 1,
  "גדולע": 3,
  "גודוויל": 3,
  "גוואַלד": -3,
  "גוואַלדפֿאַרבונדענע": -3,
  "גוואַלדיק": 4,
  "גוואַלדעווען": -3,
  "גווורע": -2,
  "גוט": 3,
  "גוט מארגן": 1,
  "גוטהאַרציקייַט": 2,
  "גוטסקייט": 3,
  "גוטע אויסזעהן": 3,
  "גולליביליטי": -2,
  "גידי": -2,
  "גיינז": 2,
  "גיינינג": 2,
  "גייַסט": 1,
  "גיכער": 2,
  "גינציק": 2,
  "גיפט": -2,
  "גיריק": 2,
  "גלאַמאָוראָוס": 3,
  "גלאָריע": 2,
  "גלויבן": 1,
  "גליטשיק": 2,
  "גלייַך": 1,
  "גלייַכגילט": -2,
  "גלייַכגילטיק": -2,
  "גליק": 3,
  "גלענצנדיק": 3,
  "גלעעפול": 3,
  "גנייוויש": -1,
  "גנעדיק": 3,
  "געבוקט": 3,
  "געגעבן": 1,
  "געהאלטן ביים שטארבן": -3,
  "געהאסט": -3,
  "געהעריק": 2,
  "געהרגעט": -3,
  "געוואלט": 2,
  "געוואקסן": 1,
  "געווארנט": -2,
  "געוויין": -2,
  "געווינען": 4,
  "געווינער": 4,
  "געזונט": 2,
  "געזונטגעגרינדעט": 2,
  "געזונטגרומד": 2,
  "געזונטדעוועלאָפּעד": 2,
  "געזונטווייל": 2,
  "געזונטטשאַמפּיאָנעד": 3,
  "געזונטפאָקוסעד": 2,
  "געזונטפּראַפּאָרשאַנד": 2,
  "געטרונקען": -2,
  "געטרייַ": 3,
  "געלאכט": 1,
  "געלויבט": 3,
  "געליטן": -2,
  "געליימט": -1,
  "געלייקנט": -2,
  "געלעגנהייַט": 2,
  "געלעכטער": 1,
  "געמאכטאַרויף": -1,
  "געמיין": -2,
  "גענארט": -3,
  "גענוג געווען": -3,
  "גענייט": 1,
  "גענעם": -4,
  "געפֿאַלן": -2,
  "געפאַר": -2,
  "געפיל": 1,
  "געפערלעך": -2,
  "געצווונגען": -1,
  "געצויגן": 1,
  "געראָטן": 3,
  "געראַנגל": -2,
  "גערודפֿט": -2,
  "גערעכט": 2,
  "גערעכטיקייַט": 2,
  "געשטארבן": -3,
  "געשטארקט": 2,
  "געשלאגן": -1,
  "געשמאַק": 3,
  "געשעדיגט": -2,
  "געשפּאַנט": -2,
  "געשפּעט": -1,
  "געשריגן": -2,
  "געשריי": -2,
  "געשרייען": -2,
  "גר8": 3,
  "גראָאַנעד": -2,
  "גראָב": -1,
  "גראָבקייַט": -2,
  "גראָוט": 2,
  "גראָוטס": 2,
  "גראָוינג": 1,
  "גראָונז": -2,
  "גראָונינג": -2,
  "גראַטולירן": 2,
  "גראַנטינג": 1,
  "גראַנץ": 1,
  "גראַציעז": 2,
  "גרוב": -2,
  "גרוי": -1,
  "גרויזאַם": -3,
  "גרויליק": -2,
  "גרויס": 3,
  "גרויס טיץ": -2,
  "גרוס": 1,
  "גרוסאַם": -3,
  "גריד": -3,
  "גרייַז": -2,
  "גרימצארן": -3,
  "גרין וואַשינג": -3,
  "גרין וואַשן": -3,
  "גרינג": 1,
  "גריסט": 2,
  "גריסלי": -2,
  "גריפּינג": 2,
  "גריץ": 1,
  "גרעסטע": 3,
  "גרעסטער": 3,
  "גרעסער": 3,
  "גרעעטינגס": 2,
  "גרעענוואַש": -3,
  "גרעענוואַשינג": -3,
  "גרעענוואַשער": -3,
  "גרעענוואַשערס": -3,
  "דאגות": 2,
  "דאָדגי": -2,
  "דאַדזשינג": -2,
  "דאָובץ": -1,
  "דאָוונהעאַרטעד": -2,
  "דאַוונען": 1,
  "דאָוונער": -2,
  "דאָוונקאַסט": -2,
  "דאַוטיד": -1,
  "דאַוטינג": -1,
  "דאָוטשעבאַג": -3,
  "דאַונטלעסס": 2,
  "דאָונייטיד": 2,
  "דאָונייטינג": 2,
  "דאָונייץ": 2,
  "דאַונסייד": -2,
  "דאָור": -2,
  "דאָלאָראָוס": -2,
  "דאַמאַדזשאַז": -3,
  "דאַמד": -4,
  "דאַמידזשד": -3,
  "דאַמידזשינג": -3,
  "דאַמניט": -4,
  "דאַמפּ": -1,
  "דאַמפּט": -2,
  "דאַמפּס": -1,
  "דאָנט ווי": -2,
  "דאַנק": 2,
  "דאַנקבאַר": 3,
  "דאַנקען": 2,
  "דאַרקאַסט": -2,
  "דוד": -2,
  "דויכעק": -2,
  "דומבאַסס": -3,
  "דומד": -2,
  "דופּט": -2,
  "דופּערי": -2,
  "דוראַבאַל": 2,
  "דורכויס": 2,
  "דורכפאַל": -2,
  "דזשאָווויאַל": 2,
  "דזשאַונטי": 2,
  "דזשאָוקס": 2,
  "דזשאַמפּי": -1,
  "דזשאָקולאַר": 2,
  "דזשאַקקאַססעס": -4,
  "דזשואַלז": 1,
  "דזשובאַלאַנט": 3,
  "דזשוילעסס": -2,
  "דזשויפוללי": 3,
  "דזשוסטיפיאַבלי": 2,
  "דזשיילד": -2,
  "דיגרייד": -2,
  "דיגריידאַד": -2,
  "דיגריידז": -2,
  "דידערינג": -2,
  "דיוואָושאַנאַל": 2,
  "דיווערטינג": -1,
  "דיזאַסטערז": -2,
  "דיזאַסטראַס": -3,
  "דיזייראַבאַל": 2,
  "דיטאַטשט": -1,
  "דיטיינד": -2,
  "דיטיריערייטיד": -2,
  "דיטיריערייטינג": -2,
  "דיטיריערייץ": -2,
  "דיטערראַנט": -2,
  "דיטראַקט": -1,
  "דייַגעס": -2,
  "דיינדזשעראַסלי": -2,
  "דילדאָ": -4,
  "דילדאָ אַמייזינג": 4,
  "דילדאָ וואַרעם": 2,
  "דילדאָ קיוט": 4,
  "דילייד": -1,
  "דילייטיד": 3,
  "דילייטינג": 3,
  "דילייץ": 3,
  "דילליגענסע": 2,
  "דילעמאַ": -1,
  "דילעקטאַבאַל": 3,
  "דימאַנדינג": -1,
  "דימענט": 1,
  "דינגען": 1,
  "דינייאַלז": -2,
  "דינייז": -2,
  "דיסאַבילאַטיז": -2,
  "דיסאַביליטי": -2,
  "דיסאַגרי": -2,
  "דיסאַגריאַבאַל": -2,
  "דיסאַדוואַנטידזשד": -2,
  "דיסאַפּוינטמאַנץ": -2,
  "דיסאַפּויניד": -2,
  "דיסאַפּוינינג": -2,
  "דיסאַפּוינץ": -2,
  "דיסאַפּירז": -1,
  "דיסאַפּפּראָוואַלס": -2,
  "דיסאַפּפּראָווינג": -2,
  "דיסאַפּפּראָווע": -2,
  "דיסאַפּפּראָוועד": -2,
  "דיסאַפּפּראָוועס": -2,
  "דיסאַפּרווואַל": -2,
  "דיסאָרגאַנייזד": -2,
  "דיסאָרדער": -2,
  "דיסאָרדערס": -2,
  "דיסאָריענטעד": -2,
  "דיסבאַליוו": -2,
  "דיסגאַסטאַד": -3,
  "דיסגויסינג": -1,
  "דיסגוסטפול": -3,
  "דיסגייזד": -1,
  "דיסגייזיז": -1,
  "דיסגרייסט": -2,
  "דיסדזשאָינטעד": -2,
  "דיסדיין": -2,
  "דיסטאַסטעפול": -2,
  "דיסטאָרטינג": -2,
  "דיסטאָרץ": -2,
  "דיסטורבינג": -2,
  "דיסטורבעד": -2,
  "דיסטערבז": -2,
  "דיסטראַסט": -3,
  "דיסטראַקט": -2,
  "דיסטראַקטאַד": -2,
  "דיסטראַקץ": -2,
  "דיסטראַקשאַן": -2,
  "דיסטרויז": -3,
  "דיסטרויינג": -3,
  "דיסטרוסטפול": -3,
  "דיסטרעסינג": -2,
  "דיסטרעססעס": -2,
  "דיסייבלינג": -1,
  "דיסילוזשאַנד": -2,
  "דיסינקלינעד": -2,
  "דיסלייקט": -2,
  "דיסליקעס": -2,
  "דיסמייד": -2,
  "דיסמיסט": -2,
  "דיסערנמאַנט": 2,
  "דיספּאַראַגע": -2,
  "דיספּאַראַגעד": -2,
  "דיספּאַראַגעס": -2,
  "דיספּוטינג": -2,
  "דיספונקטיאָן": -2,
  "דיספּיוטיד": -2,
  "דיספּיוץ": -2,
  "דיספּליזד": -2,
  "דיספּלעזשער": -2,
  "דיספּערידזשינג": -2,
  "דיספּראַפּאָרשאַניט": -2,
  "דיסקאָונטעד": -1,
  "דיסקאָנטענטעד": -2,
  "דיסקאָנסאָלאַטיאָן": -2,
  "דיסקאָנסאָלאַטע": -2,
  "דיסקאָרד": -2,
  "דיסקאַרדיד": -1,
  "דיסקאַרדינג": -1,
  "דיסקאַרדס": -1,
  "דיסקוואַליפיעד": -2,
  "דיסקוויעט": -2,
  "דיסקערידזשד": -2,
  "דיסקרימאַנאַטאָרי": -2,
  "דיסקרימאַנייטינג": -2,
  "דיסקרימינאַטעס": -2,
  "דיסקרימינירט": -2,
  "דיסקרימינירן": -2,
  "דיסקרעדיטיד": -2,
  "דיסראַפּטיד": -2,
  "דיסראַפּטיוו": -2,
  "דיסראַפּטינג": -2,
  "דיסראַפּץ": -2,
  "דיסראַפּשאַן": -2,
  "דיסראַפּשאַנז": -2,
  "דיסריגאַרד": -2,
  "דיסריגאַרדיד": -2,
  "דיסריספּעקט": -2,
  "דיסרעגאַרדינג": -2,
  "דיסרעגאַרדס": -2,
  "דיסרעספּעקטעד": -2,
  "דיפּאָרטאַד": -2,
  "דיפפידענט": -2,
  "דיפּרעסינג": -2,
  "דיפּשיט": -3,
  "דיק": 2,
  "דיקכעאַד": -4,
  "דירייל": -2,
  "דיריילד": -2,
  "דירלי": 3,
  "דירע": -3,
  "דירעפול": -3,
  "דישעאַרטענעד": -2,
  "דעאַדענינג": -2,
  "דעאַפענינג": -1,
  "דעבאָנאַיר": 2,
  "דעדאַקייטאַד": 2,
  "דעדזשעקט": -2,
  "דעדזשעקטינג": -2,
  "דעדזשעקץ": -2,
  "דעדיקאַציע": 2,
  "דעדלאַק": -2,
  "דעדלי": -3,
  "דעהומאַניזינג": -2,
  "דעהומאַניזע": -2,
  "דעהומאַניזעד": -2,
  "דעהומאַניזעס": -2,
  "דעוואַסטאַטיאָנס": -2,
  "דעוואַסטייטיד": -2,
  "דעוואַסטייטינג": -2,
  "דעטס": -2,
  "דעטראַקטעד": -1,
  "דעטראַקץ": -1,
  "דעליגהטפול": 3,
  "דעליגהטפוללי": 3,
  "דעמאַנדס": -1,
  "דעמאַנדעד": -1,
  "דעמאַנסטריישאַן": -1,
  "דעמאָראַליזינג": -2,
  "דעמאָראַליזע": -2,
  "דעמאָראַליזעד": -2,
  "דעמאָראַליזעס": -2,
  "דענאָונסעס": -2,
  "דעניינג": -2,
  "דעניער": -2,
  "דעניערס": -2,
  "דעסטרוקטיווע": -3,
  "דעסיראָוס": 2,
  "דעסעיטפול": -3,
  "דעספּאַירינג": -3,
  "דעספּאַירס": -3,
  "דעספּעראַטלי": -3,
  "דעפּאָרטאַטיאָנס": -2,
  "דעפּאָרטאַציע": -2,
  "דעפּאָרטינג": -2,
  "דעפּאָרטירן": -2,
  "דעפאָרמיטי": -2,
  "דעפאָרמיטיעס": -2,
  "דעפאָרמעד": -2,
  "דעפּאָרץ": -2,
  "דעפט": 2,
  "דעפיאַנט": -1,
  "דעפיסיענט": -2,
  "דעפיסיענסי": -2,
  "דעפיסיענסיעס": -2,
  "דעפיציט": -2,
  "דעפּלאָרינג": -3,
  "דעפּלאָרעד": -3,
  "דעפּלאָרעס": -3,
  "דעפענסעלעסס": -2,
  "דעפעקטיווע": -3,
  "דעפעררינג": -1,
  "דעפראַוד": -3,
  "דעפראַודס": -3,
  "דעפּראַוויישאַן": -3,
  "דעקןאַרויף": -3,
  "דעראַילס": -2,
  "דעראַליקט": -2,
  "דערגרייכן": 1,
  "דערדעוואַל": 2,
  "דערוואַקסן": 2,
  "דערווארגן": -2,
  "דערוואַרטן": -1,
  "דערטיאַסט": -2,
  "דערטיער": -2,
  "דערטרונקען געווארן": -2,
  "דערטרונקענ ווערן": -2,
  "דערידינג": -2,
  "דערידעד": -2,
  "דערידעס": -2,
  "דעריזשאַן": -2,
  "דערינג": 2,
  "דערלאַנגען": 3,
  "דערלייזונג": 2,
  "דערקענונג": 2,
  "דערשטוינט": 2,
  "דערשטיקט": -2,
  "דערשטיקן": -2,
  "דערשלאָגן": -2,
  "דערשראקן": -2,
  "דערשראָקן": -2,
  "דראָאָפּי": -2,
  "דראַגד": -1,
  "דראַגס": -1,
  "דראַונז": -2,
  "דראַפּט": -1,
  "דרודגערי": -2,
  "דרוק": -1,
  "דרייסט": 2,
  "דרייען": -1,
  "דרינגלעך": -1,
  "דריקונג": -2,
  "דרעאַדינג": -2,
  "דרעדיד": -2,
  "דרעק": -4,
  "האָאָליגאַניסם": -2,
  "האָגל": 2,
  "האַהאַ": 3,
  "האַהאַהאַה": 3,
  "האַונץ": -1,
  "האַטעס": -3,
  "האַטער": -3,
  "האַכלאָטע": 2,
  "האַלדזן": 2,
  "האַלטן": 2,
  "האַללעלודזשאַה": 3,
  "האָן": -5,
  "האָן גוט": 4,
  "האַס": -3,
  "האַסקאָמע": 2,
  "האַפּלעססנעסס": -2,
  "האָפענונג": 2,
  "האָפּעס": 2,
  "האַק": -1,
  "האַראַססינג": -3,
  "האַראַססעס": -3,
  "האַרב": -2,
  "האַרט": 2,
  "האַרמאָניע": 2,
  "האַרמס": -2,
  "האַרריעד": -2,
  "האָרריפיעד": -3,
  "האָרריפיק": -3,
  "האַרשער": -2,
  "הבטחות": 1,
  "הויכפּונקט": 2,
  "הומאָוראָוס": 2,
  "הומאָר": 2,
  "הומבוג": -2,
  "הומעראָוס": 3,
  "הונגער": -2,
  "הונגערן": -2,
  "היימלאָז": -2,
  "הייסער": 2,
  "הילעל": -2,
  "הילף": 2,
  "הימל": 2,
  "הימלישע": 4,
  "היסטעריאַ": -3,
  "היסטעריקס": -3,
  "היסכייַוועס": 2,
  "היספּייַלעס": 2,
  "היפּש": 1,
  "היץ": -2,
  "היציק": -3,
  "המגיד": 2,
  "הנאה": 2,
  "העאַוויהעאַרטעד": -2,
  "העאַרטבראָקען": -3,
  "העאַרטברעאַקינג": -3,
  "העאַרטוואַרמינג": 3,
  "העאַרטפעלט": 3,
  "העהע": 2,
  "העט": -2,
  "העכסט": 4,
  "העכער": 2,
  "העכערונג": 1,
  "העכערן": 1,
  "העלד": 2,
  "העלדיש": 3,
  "העלדן": 2,
  "העלסטע": 2,
  "העלפּינג": 2,
  "העלפּס": 2,
  "העלקייַט": 3,
  "העסקעם": 1,
  "העפלעך": 2,
  "העפלעכקייַט": 2,
  "הצלחה": 3,
  "וואָאָאָ": 4,
  "וואָוואָוו": 4,
  "וואונדערלאך": 4,
  "וואַלאַדייט": 1,
  "וואַלאַדייטאַד": 1,
  "וואַלאַדייטינג": 1,
  "וואַלידאַטעס": 1,
  "וואַלנעראַביליטי": -2,
  "וואַלקאָוץ": -2,
  "וואַמאַטינג": -3,
  "וואָמיטעד": -3,
  "וואָמיץ": -3,
  "וואַן": 3,
  "וואָנדערפוללי": 4,
  "וואַנקער": -3,
  "וואָסיפעראָוס": -1,
  "וואָעבעגאָנע": -2,
  "וואָעפול": -3,
  "וואַפּיד": -2,
  "וואַרמהעאַרטעד": 2,
  "וואַרמנעסס": 2,
  "וואָרן": -1,
  "וואָרנז": -2,
  "וואָרנינגז": -3,
  "וואַרעם": 3,
  "וואַרעמקייַט": 2,
  "ווארענונג": -3,
  "וואָרענען": -2,
  "ווו": 3,
  "וווילטאָג": 3,
  "ווונדער": 3,
  "ווונדערלעך": 4,
  "ווטף": -4,
  "ווטפף": -4,
  "ווטפפף": -4,
  "ווי": 2,
  "וויבראַנט": 3,
  "ווידאָוד": -1,
  "ווידדראָאַל": -3,
  "ווידזשאַלאַנט": 3,
  "ווידער פאַרזיכערן": 1,
  "וויוואַדלי": 2,
  "וויזשאַנז": 1,
  "וויזשאַנערי": 3,
  "וויטאַמין": 1,
  "וויטריאָליק": -3,
  "וויי": -1,
  "וויי טאָן": -2,
  "ווייאַלאַנטלי": -3,
  "ווייאַלייטיד": -2,
  "ווייאַלייטינג": -2,
  "ווייאַלייץ": -2,
  "ווייאַליישאַנז": -2,
  "ווייג": -2,
  "ווייווערינג": -1,
  "ווייטאַלאַטי": 3,
  "ווייטוואַש": -3,
  "ווייטיק": -2,
  "ווייטיקדיק": -1,
  "ווייך": 2,
  "וויינען": -1,
  "ווייסטאַד": -2,
  "ווייסטינג": -2,
  "וויכטיק": 2,
  "וויכטיקייַט": 2,
  "וויל": 1,
  "ווילדן": -2,
  "ווילינגנאַס": 2,
  "ווינדיקאַטינג": 2,
  "ווינדיקאַטע": 2,
  "ווינדיקאַטעד": 2,
  "ווינדיקאַטעס": 2,
  "ווינווין": 3,
  "ווינטשן": 1,
  "ווינינג": 4,
  "ווינס": 4,
  "וויסט": -1,
  "וויסיאָנינג": 1,
  "וויץ": 2,
  "וויקאַנד": -2,
  "וויקטאָר": 3,
  "וויקטאָריעס": 3,
  "וויקטאָרס": 3,
  "וויקטימיזאַטיאָן": -3,
  "וויקטימיזינג": -3,
  "וויקטימיזע": -3,
  "וויקטימיזעד": -3,
  "וויקטימיזעס": -3,
  "וויקטימס": -3,
  "וויקנאַסאַז": -2,
  "וויראַלאַנט": -2,
  "וועאַלטהיער": 2,
  "וועבשטול": -1,
  "וועלן": 1,
  "וועלקאַמד": 2,
  "וועלקאַמז": 2,
  "וועסטאַד": 1,
  "וועקסאַטיאָן": -2,
  "וועקסינג": -2,
  "ווערדיקט": -1,
  "ווערדיקץ": -1,
  "ווערט": 2,
  "וועריז": -3,
  "וועריינג": -3,
  "ווערסאַן": -3,
  "ווערסאַנד": -3,
  "ווערסאַנז": -3,
  "ווערסאַנינג": -3,
  "ווראָנגדאָינגס": -2,
  "ווראָנגפול": -2,
  "ווראָנגפוללי": -2,
  "וורענטשינג": -2,
  "וי": -2,
  "ויסברוך": -2,
  "ויסגלייַך": 1,
  "ויסגעמאַטערט": -2,
  "ויסגעצייכנט": 3,
  "ויסגעשעפּט": -2,
  "ויסמייַדן": -1,
  "ויספירן": 2,
  "ויסקוק": 1,
  "ויסרעדן": -2,
  "ויסשטעלן": -1,
  "ויסשיט": -2,
  "ויסשליסיק": 2,
  "ויסשליסן": -1,
  "ומבאַקוועם": -2,
  "ומבאַקוועמקייַט": -2,
  "ומבאַשלאָסן": -1,
  "ומבעראַכמאָנעסדיק": -2,
  "ומגליק": -2,
  "ומגליקלעך": -2,
  "ומגעדולדיק": -2,
  "ומגעלומפּערט": -2,
  "ומגערעכט": -2,
  "ומדערשראָקן": 2,
  "ומהעסקעם": -2,
  "ומוויסנדיק": -2,
  "ומווערדיק": -2,
  "ומזיכער": -1,
  "ומזין": -2,
  "ומזיסט": -2,
  "ומיוישערדיק": -2,
  "ומכיין": -2,
  "ומלעגאַל": -3,
  "ומעט": -1,
  "ומעטומיק": 2,
  "ומערלעך": -2,
  "ומפעיק": -2,
  "ומקלאָר": -1,
  "ומקערן": 1,
  "ומרויק": -2,
  "ומרוען": -2,
  "ונאַוואַילינג": -2,
  "ונאַפּפּעאַסאַבלע": -2,
  "ונאַפּפּראָוועד": -2,
  "ונאַפּפּרעסיאַטעד": -2,
  "ונאָריגינאַל": -2,
  "ונגענעראָוס": -2,
  "ונגראַטעפול": -3,
  "ונדעסערווינג": -2,
  "ונדערעסטימאַטינג": -1,
  "ונדערעסטימאַטעס": -1,
  "ונדערפּערפאָרם": -2,
  "ונדערפּערפאָרמינג": -2,
  "ונדערפּערפאָרמס": -2,
  "ונדערפּערפאָרמעד": -2,
  "ונדערקאָאָקעד": -2,
  "ונהיגיעניק": -2,
  "ונטאַרנישעד": 2,
  "ונימאַגינאַטיווע": -2,
  "ונימפּרעססעד": -2,
  "ונינוואָלווינג": -2,
  "ונינטעלליגענט": -2,
  "ונינטענטיאָנאַל": -2,
  "ונינספּירעד": -2,
  "וניפיעד": 1,
  "ונלאָוואַבלע": -2,
  "ונמאָטיוואַטעד": -2,
  "ונסאַטיספיעד": -2,
  "ונסאָפיסטיקאַטעד": -2,
  "ונסוקסעסספוללי": -2,
  "ונססיענטיפיק": -2,
  "ונסעלפיש": 2,
  "ונעווענטפול": -2,
  "ונפאַוואָראַבלע": -2,
  "ונפאָקוסעד": -2,
  "ונפאָרגיוואַבלע": -3,
  "ונפאָרגיווינג": -2,
  "ונפּאַרליאַמענטאַרי": -2,
  "ונפולפיללעד": -2,
  "ונפונני": -2,
  "ונפיט": -2,
  "ונפיטטעד": -2,
  "ונפּלעאַסאַנטנעסס": -2,
  "ונפּראָפעססיאָנאַל": -2,
  "ונקאָנווינסעד": -1,
  "ונקאָנפירמעד": -1,
  "ונקרעדיטעד": -1,
  "ונרעלעטינג": -2,
  "ונרעסעאַרטשעד": -2,
  "וסעלעססנעסס": -2,
  "ופגעבראַכט": -2,
  "ופגעקאָכט": -2,
  "ופהענגען": -1,
  "ופּטיגהט": -2,
  "ופּליפטינג": 2,
  "ופלעבן": 2,
  "ופּסעץ": -2,
  "ופריר": -2,
  "ופרירעריש": -2,
  "ופשטאַנד": -2,
  "ורטייל": -2,
  "זאצן": -2,
  "זאָרג": 2,
  "זאָרגלאָז": 1,
  "זארגן": -2,
  "זויגן": -3,
  "זוכה": 2,
  "זוןפוןאַצויג": -5,
  "זונשייַן": 2,
  "זיג": 3,
  "זידלען": -3,
  "זייטיגע ווירקונג": -2,
  "זייטיגע ווירקונגען": -2,
  "זיךזיכער": 2,
  "זיך געפֿרייט": 4,
  "זיכער": 2,
  "זיכערקייַט": 1,
  "זילזולים": -2,
  "זילזל": -3,
  "זינד": -2,
  "זינדיק": -3,
  "זיס": 2,
  "זעאונג": 1,
  "זעאַלאָץ": -2,
  "זעלבסטדעלודעד": -2,
  "זעלבסטזידלען": -2,
  "זעלבסטקאַנטראַדיקטערי": -2,
  "זעלבסטמאָרד": -2,
  "זשעדנע": -2,
  "חולאתן": -1,
  "חורבות": -2,
  "חלומות": 1,
  "חסרונות": -3,
  "חרובֿ": -3,
  "טאָאָטהלעסס": -2,
  "טאַוט": -2,
  "טאָוטאַליטעריאַן": -2,
  "טאַוטיד": -2,
  "טאַוטינג": -2,
  "טאַוץ": -2,
  "טאָטאַליטאַריאַניסם": -2,
  "טאָטלאַס": -2,
  "טאָכעס": -4,
  "טאַלאַנט": 2,
  "טאָלעראַנט": 2,
  "טאָלעראַנץ": 2,
  "טאָם": -2,
  "טאַפּס": 2,
  "טאַקסיק": -3,
  "טאַרד": -2,
  "טאָרטורעס": -4,
  "טאָרטשערד": -4,
  "טאָרטשערינג": -4,
  "טאָרן": -2,
  "טאָרני": -2,
  "טאַרניש": -2,
  "טאַרנישט": -2,
  "טאַרנישעס": -2,
  "טהוואַרץ": -2,
  "טובֿים": 2,
  "טוואַט": -5,
  "טוואָרט": -2,
  "טוואָרטיד": -2,
  "טוואָרטינג": -2,
  "טוט ניט אַרבעטן": -3,
  "טויגיקייַט": 1,
  "טויגן": 1,
  "טויגעוודיק": 1,
  "טויווע": 2,
  "טויט": -2,
  "טויטלעך": -2,
  "טויטן": -3,
  "טומל": -2,
  "טומלדיק": -1,
  "טורמע": -2,
  "טיינטיד": -2,
  "טייַנען": -1,
  "טייַער": 3,
  "טימאָראָוס": -2,
  "טין ליבע": 4,
  "טין שיין": 4,
  "טיף": 1,
  "טיראַן": -3,
  "טיראַנניק": -3,
  "טיראַנניקאַללי": -3,
  "טיראַנס": -3,
  "טעות": -2,
  "טעמפּ": -2,
  "טענות": -2,
  "טעראַבלי": -3,
  "טעראַניקאַל": -3,
  "טעראָר": -3,
  "טעראָריזירן": -3,
  "טעראָריסט": -2,
  "טערעראַסץ": -2,
  "טערערייזד": -3,
  "טערערייזיז": -3,
  "טערריפיקאַללי": 4,
  "טפיסע": -2,
  "טראַבאַלינג": -2,
  "טראַגיש": -2,
  "טראַגעדיע": -2,
  "טראַגעדיעס": -2,
  "טראַוומאַטיש": -3,
  "טראַוומע": -3,
  "טראָול": -2,
  "טראַנסגרעססינג": -2,
  "טראַנסגרעססעס": -2,
  "טראַסטיד": 2,
  "טראַסץ": 1,
  "טראַפּ": -1,
  "טראַפּט": -2,
  "טראַפּס": -1,
  "טרויער": -2,
  "טרויעריק": -2,
  "טרויערן": -2,
  "טריביאַליישאַן": -2,
  "טריומף": 4,
  "טריומפאַנט": 4,
  "טריזאַן": -3,
  "טרייסט": 2,
  "טרילד": 5,
  "טריקט": -2,
  "טריקערי": -2,
  "טרעאַסאָנאָוס": -3,
  "טרעטאַנד": -2,
  "טרעטאַנז": -2,
  "טרעטאַנינג": -2,
  "טרעמולאָוס": -2,
  "טרעמער": -2,
  "טרעמערז": -2,
  "טרעץ": -2,
  "טרערן": -2,
  "טשאַגרינעד": -2,
  "טשאַדנעפּל": -2,
  "טשאָוקינג": -2,
  "טשאַמפּיאָנס": 2,
  "טשאַמפּיאָנעד": 2,
  "טשאַסטייזד": -3,
  "טשאַסטיסינג": -3,
  "טשאַסטיסע": -3,
  "טשאַסטיסעס": -3,
  "טשאָקעס": -2,
  "טשאַרדזשיז": -2,
  "טשאַרמינגלי": 3,
  "טשאַרמלעסס": -3,
  "טשודנע": -2,
  "טשידינג": -3,
  "טשידע": -3,
  "טשידעד": -3,
  "טשידעס": -3,
  "טשיטיד": -3,
  "טשיטינג": -3,
  "טשיטער": -3,
  "טשיטערז": -3,
  "טשיילדיש": -2,
  "טשילינג": -1,
  "טשיץ": -3,
  "טשיקאַווע": 2,
  "טשירד": 2,
  "טשירי": 3,
  "טשירינג": 2,
  "טשעערפוללי": 2,
  "טשעפּענ זיך": -2,
  "טשערישט": 2,
  "טשערישיז": 2,
  "טשערישינג": 2,
  "יאָ": 1,
  "יאָלד": -2,
  "יאַמי": 3,
  "יאַריד": -3,
  "יאָשקע": 1,
  "יבער": 3,
  "יבערגעבן": 1,
  "יבערוואָג": -1,
  "יבערטראַכטן": -2,
  "יבערצייַגן": 1,
  "יבעררייַס": -2,
  "יבעררייַסן": -2,
  "יבערשרעקן": -2,
  "יגזאַדזשערייטאַד": -2,
  "יגזאַדזשערייטינג": -2,
  "יגזאַסערבייט": -2,
  "יגזאַסערבייטאַד": -2,
  "יגזאַסערבייץ": -2,
  "יגזובעראַנט": 4,
  "יגזילערייטינג": 3,
  "יגנאָרז": -1,
  "יגנאָרירן": -1,
  "ידיאָט": -3,
  "ידיאָטיש": -3,
  "ידיאַסי": -3,
  "יוגנטלעך": 2,
  "יוואַקיאַווייטיד": -1,
  "יוואַקיאַוויישאַן": -1,
  "יוויקשאַן": -1,
  "יוישער": 2,
  "יוקקי": -2,
  "יז": 2,
  "יטשי": -2,
  "יידל": 2,
  "יידלשטיין": 3,
  "ייליאַניישאַן": -2,
  "יימע": -2,
  "יימעדיק": -3,
  "ייַנבראָך": -2,
  "ייַנטיילן": 1,
  "ייַנשולדיקונג": -3,
  "ייסאַלייטאַד": -1,
  "ייפערטזיכטיק": -2,
  "ייראַניק": -1,
  "יירייט": -3,
  "ילאַדזשיקאַל": -2,
  "יליגאַלי": -3,
  "ילידזשיטאַמיט": -3,
  "ילייטיד": 3,
  "יליישאַן": 3,
  "ילליטעראַסי": -2,
  "ילנאַסיז": -2,
  "ימאַדזשאַנאַטיוו": 2,
  "ימאָובאַלייזד": -1,
  "ימאָרטאַל": 2,
  "ימבעסילע": -3,
  "ימבעראַסינג": -2,
  "ימיון": 1,
  "ימפּאָוזאַז": -1,
  "ימפּאָוזד": -1,
  "ימפּאָוזינג": -1,
  "ימפּאַוער": 2,
  "ימפּאַוערמאַנט": 2,
  "ימפּאַטאַנט": -2,
  "ימפּאַירינג": -2,
  "ימפּאָנירן": 3,
  "ימפּאָסטער": -2,
  "ימפּיד": -2,
  "ימפּידז": -2,
  "ימפּידיד": -2,
  "ימפּידינג": -2,
  "ימפּעאַטשמענץ": -3,
  "ימפּעדינגלי": -2,
  "ימפּערד": -2,
  "ימפּערז": -2,
  "ימפּערמאַנט": -2,
  "ימפּערפעקט": -2,
  "ימפּראַפּער": -2,
  "ימפּראַפּערלי": -2,
  "ימפּרוווד": 2,
  "ימפּרוווז": 2,
  "ימפּרוווינג": 2,
  "ימפּריזאַנד": -2,
  "ימפּרעסט": 3,
  "ימפּרעסיוו": 3,
  "ימפּרעסיז": 3,
  "ינאַביליטי": -2,
  "ינאַדאַקוואַט": -2,
  "ינאַדווערטאַנטלי": -2,
  "ינאַווייטיוו": 2,
  "ינאָפּעראַטיווע": -2,
  "ינאַפּראָופּרייט": -2,
  "ינאַקשאַן": -2,
  "ינגקאַמפּראַכענסיבאַל": -2,
  "ינגראָוסט": 1,
  "ינגראָוסינג": 3,
  "ינדאַסטראַקטיבאַל": 2,
  "ינדאָקטרינאַטינג": -2,
  "ינדאָקטרינאַטע": -2,
  "ינדאָקטרינאַטעד": -2,
  "ינדאָקטרינאַטעס": -2,
  "ינדזשויד": 2,
  "ינדזשעריז": -2,
  "ינדיקטעד": -2,
  "ינדעסיסיווע": -2,
  "ינוואַזיע": -1,
  "ינוואַלנעראַבאַל": 2,
  "ינווייטינג": 1,
  "ינווינסאַבאַל": 2,
  "ינטאַמאַסי": 2,
  "ינטוזיאַסטיק": 3,
  "ינטימידאַטעס": -2,
  "ינטימידייטיד": -2,
  "ינטימידייטינג": -2,
  "ינטימידיישאַן": -2,
  "ינטעליגענט": 2,
  "ינטעראַפּטיד": -2,
  "ינטעראַפּץ": -2,
  "ינטערעס": 1,
  "ינטערראָגאַטעד": -2,
  "ינטראַנסיגענסי": -2,
  "ינטראַנסיגענסע": -2,
  "ינטראַקאַט": 2,
  "ינטריגז": 1,
  "ינכיבאַט": -1,
  "יננאָוואַטעס": 1,
  "ינסאַלוואַנט": -2,
  "ינסאַלטיד": -2,
  "ינסאַלטינג": -2,
  "ינסאַמניאַ": -2,
  "ינסאַקיער": -2,
  "ינסופפיסיענסי": -2,
  "ינסיפּיד": -2,
  "ינסענסיטיוו": -2,
  "ינסענסיטיוויטי": -2,
  "ינסענסינג": -2,
  "ינסענסעד": -2,
  "ינסענסעס": -2,
  "ינספּייערד": 2,
  "ינספּייערינג": 3,
  "ינספּיירז": 2,
  "ינספּיראַציע": 2,
  "ינספּעריישאַנאַל": 2,
  "ינעדיאַבלע": -2,
  "ינעפּט": -2,
  "ינעפּטיטודע": -2,
  "ינעפפיסיענטלי": -2,
  "ינעפפיסיענסי": -2,
  "ינעפפעקטואַל": -2,
  "ינעפפעקטיווע": -2,
  "ינעפפעקטיוועלי": -2,
  "ינעקסאָראַבלע": -3,
  "ינעקסקוסאַבלע": -3,
  "ינעראַפּטינג": -2,
  "ינפאַטואַטיאָן": 2,
  "ינפאַטואַטעד": 2,
  "ינפאַנטיליזעד": -2,
  "ינפאַנטילע": -2,
  "ינפוריאַטינג": -2,
  "ינפוריאַטע": -2,
  "ינפוריאַטעד": -2,
  "ינפוריאַטעס": -2,
  "ינפלאַמעד": -2,
  "ינפלוענטיאַל": 2,
  "ינפליקטינג": -2,
  "ינפליקטעד": -2,
  "ינפליקץ": -2,
  "ינפעסט": -2,
  "ינפעסטינג": -2,
  "ינפעסטעד": -2,
  "ינפעסץ": -2,
  "ינפעקטיאָוס": -2,
  "ינפעקטיאָנס": -2,
  "ינפעקטינג": -2,
  "ינפעקץ": -2,
  "ינפעקציע": -2,
  "ינפראַקט": -2,
  "ינפראַקטינג": -2,
  "ינפראַקטעד": -2,
  "ינפראַקץ": -2,
  "ינפרינגעמענט": -2,
  "ינקאָהערענט": -2,
  "ינקאַמפּאַטאַנס": -2,
  "ינקאַנוויניאַנס": -2,
  "ינקאָנסידעראַטע": -2,
  "ינקאַפּאַסיטאַטינג": -2,
  "ינקאַפּאַסיטאַטעס": -2,
  "ינקאַפּאַסיטייטיד": -2,
  "ינקוויסיטיאָן": -2,
  "ינקעראַדזשאַז": 2,
  "ינקעראַדזשד": 2,
  "ינקעראַדזשינג": 2,
  "ינשורינג": 1,
  "יסטימד": 2,
  "יסקייפּינג": -1,
  "יסקייפּס": -1,
  "יענצן": -3,
  "יעעעס": 2,
  "יערנינג": 1,
  "יקסטענדז": 1,
  "יקסטרימאַסץ": -2,
  "יקסייטאַד": 3,
  "יקסייטינג": 3,
  "יקסייטמאַנט": 3,
  "יקספּאָוזד": -1,
  "יקספּאָוזיז": -1,
  "יקספּאָוזינג": -1,
  "יקספּאַנד": 1,
  "יקספּאַנדז": 1,
  "יקספּעלד": -2,
  "יקספּעלינג": -2,
  "יקסקלודיד": -2,
  "יקסקלוזשאַן": -1,
  "יקקי": -3,
  "יראַטייטאַד": -3,
  "יראַטייטינג": -3,
  "יראַספּאַנסאַבאַל": -2,
  "יראַשאַנאַל": -1,
  "ירי": -2,
  "יריווערסאַבאַל": -1,
  "יריזיסטאַבאַל": 2,
  "יריזיסטאַבלי": 2,
  "יריטייץ": -3,
  "ירעפּעראַבאַל": -2,
  "יררעווערסיבלי": -1,
  "יררעסאָלוטע": -2,
  "יררעספּאָנסיבלי": -2,
  "יררעפּראָדוסיבלע": -2,
  "כאַאָטיש": -2,
  "כאַאָס": -2,
  "כאַבאַר": -3,
  "כאַגז": 2,
  "כאַוואַק": -2,
  "כאָופּינג": 2,
  "כאָופּלאַסנאַס": -2,
  "כאַזערדאַס": -3,
  "כאָלעם": 1,
  "כאַמאַסיידז": -2,
  "כאַנדפּיקט": 1,
  "כאָנט": -1,
  "כאָנטיד": -2,
  "כאָנטינג": 1,
  "כאַספּיטאַלייזד": -2,
  "כאַפּיאַסט": 3,
  "כאַפּעריש": -2,
  "כאַקט": -1,
  "כאָראַד": -3,
  "כאַראָטע": -2,
  "כאַרדי": 2,
  "כאַרדיער": 2,
  "כאַרמאָוניאַס": 2,
  "כאַרמאָוניאַסלי": 2,
  "כאַרמד": -2,
  "כאַרמינג": -2,
  "כאָרענדאַס": -3,
  "כאַרשאַסט": -2,
  "כאַרשלי": -2,
  "כאָשעד": -1,
  "כבוד": 2,
  "כווימזיקאַל": 1,
  "כויוו": -2,
  "כויזעק": -2,
  "כויזעק מאַכן": -2,
  "כוליגאַן": -2,
  "כוליגאַנז": -2,
  "כורבן": -3,
  "כידיאַס": -3,
  "כידעש": 1,
  "כיומיליייטיד": -3,
  "כיטרע": 2,
  "כיידז": -1,
  "כייטינג": -3,
  "כייטערז": -3,
  "כייַיש": -3,
  "כיילד": 2,
  "כיין": 3,
  "כיינעוודיק": 3,
  "כילעריאַס": 2,
  "כינדראַנס": -2,
  "כיסאָרן": -2,
  "כיסטעריקאַל": -3,
  "כיפּאַקריטיקאַל": -2,
  "כמאַרנע": -2,
  "כעזיטאַנט": -2,
  "כעליש": -2,
  "כעראַסט": -3,
  "כעראַסמאַנט": -3,
  "כערטינג": -2,
  "כערץ": -2,
  "כשיוועס": 2,
  "לאָאָאָאָל": 3,
  "לאָאָאָל": 3,
  "לאָאַטהינג": -3,
  "לאָאַטהע": -3,
  "לאָאַטהעד": -3,
  "לאָאַטהעס": -3,
  "לאָאָל": 3,
  "לאָאָסעס": -3,
  "לאָבבייסט": -2,
  "לאָבביעד": -2,
  "לאַבייסץ": -2,
  "לאַגד": -2,
  "לאַגינג": -2,
  "לאַגס": -2,
  "לאָואַסט": -1,
  "לאַוגהטינג": 1,
  "לאַוגהס": 1,
  "לאַוואַבאַל": 3,
  "לאַווינג": 2,
  "לאַווינגגוטהאַרציקייַט": 3,
  "לאַוול": 3,
  "לאָוועליעס": 3,
  "לאָזן": 1,
  "לאַטאַרדזשיק": -2,
  "לאכן": 1,
  "לאָל": 3,
  "לאָלאָל": 4,
  "לאָלאָלאָל": 4,
  "לאָלאָלאָלאָל": 4,
  "לאָם": -2,
  "לאָנגינג": -1,
  "לאַנדמאַרק": 2,
  "לאָנטשט": 1,
  "לאָסוץ": -2,
  "לאָססעס": -3,
  "לאָעט": 2,
  "לאַפּסט": -1,
  "לאָקערן": -1,
  "לאַקקאַדאַיסיקאַל": -2,
  "לוגובריאָוס": -2,
  "לוויה": -1,
  "לוזינג": -3,
  "לוזער": -3,
  "לויאַלטי": 3,
  "לויב": 3,
  "לויבן": 2,
  "לויפן": -1,
  "לומד": -1,
  "לומז": -1,
  "לומינג": -1,
  "לונאַטיקס": -3,
  "לונאַטיש": -3,
  "לוקסוס": 2,
  "לוקראַטיוו": 3,
  "לחיים": 2,
  "ליב": 3,
  "ליב געהאט": 3,
  "ליבע": 3,
  "ליבעלאָוס": -2,
  "ליבשאַפט": 3,
  "ליגאַלי": 1,
  "ליגנער": -3,
  "ליוויד": -2,
  "ליטאַגיישאַן": -1,
  "ליטיגיאָוס": -2,
  "לייד": -2,
  "ליידיק": -1,
  "לייַדן": -2,
  "לייַדנשאַפט": 1,
  "לייַדנשאַפטלעך": 2,
  "לייטכאַרטיד": 1,
  "לייערז": -3,
  "לייקאַבאַל": 2,
  "לייקט": 2,
  "לייקינג": 2,
  "לייקס": 2,
  "לייקענען": -2,
  "ליכטיק": 1,
  "לימאַץ": -1,
  "ליפעלעסס": -1,
  "ליפעסאַווער": 4,
  "ליקווידירט": -2,
  "ליקט": -1,
  "ליקעאַבלע": 2,
  "ליקערס": 2,
  "למאַאָ": 4,
  "למפאַאָ": 4,
  "לעבנ געבליבענער": 2,
  "לעבעדיק": 3,
  "לעגאַל": 1,
  "לעטהאַליטי": -2,
  "לעטערדזשי": -2,
  "לעכערלעך": -3,
  "לערקינג": -1,
  "לערקס": -1,
  "מאָאַנס": -2,
  "מאָאַנעד": -2,
  "מאַדלי": -3,
  "מאָדנע": 4,
  "מאָדערניזעס": 2,
  "מאַדערנייזד": 2,
  "מאַדערנייזינג": 2,
  "מאָוטאַווייטינג": 2,
  "מאָוטאַוויישאַן": 1,
  "מאָונינג": -2,
  "מאָורנעד": -2,
  "מאַזל": 2,
  "מאַזלטאָוו": 2,
  "מאַזלדיק": 3,
  "מאַטאַדאַקאַל": 2,
  "מאַטאַדיקלי": 2,
  "מאָטהערפוקקינג": -5,
  "מאָטהערפוקקער": -5,
  "מאָטיווירן": 2,
  "מאַלאַדאַפּטיאָן": -2,
  "מאַלדעוועלאָפּמענט": -2,
  "מאַלטרעאַטמענט": -2,
  "מאַמזער": -5,
  "מאָנאָטאָנע": -1,
  "מאָנאָפּאָליזינג": -2,
  "מאָנאָפּאָליזעס": -2,
  "מאַנאַפּאַלייז": -2,
  "מאַנאַפּאַלייזד": -2,
  "מאָנגערינג": -2,
  "מאַנדאַטאָרי": -1,
  "מאַניפּיאַלייטיד": -1,
  "מאַניפּיאַלייטינג": -1,
  "מאַניפּיאַליישאַן": -1,
  "מאַנסלאַוגהטער": -3,
  "מאַסטערפּיסיז": 4,
  "מאַסע": -2,
  "מאָפּינג": -1,
  "מאָפּע": -1,
  "מאַקאַבער": -2,
  "מאַקינג": -2,
  "מאַקס": -2,
  "מאָרד": -2,
  "מאַרוואַלז": 3,
  "מאָרנז": -2,
  "מוחל": 1,
  "מוט": 2,
  "מוטיק": 2,
  "מוטיקן": 2,
  "מוטנע": -2,
  "מויכל זייַן": 2,
  "מומפּיש": -2,
  "מוסערן": -2,
  "מורא": -2,
  "מחלוקתן": -2,
  "מיד": -2,
  "מידות": 2,
  "מידיאַקראַטי": -3,
  "מידקייַט": -2,
  "מיזעראַבלי": -3,
  "מיטאָס": -1,
  "מייַלע": 2,
  "מיינדלאַס": -2,
  "מייַסטער": 2,
  "מייַסטערווערק": 4,
  "מין": 2,
  "מין פון": 0,
  "מינינגלאַס": -2,
  "מיסאַנדערסטאַנדינג": -2,
  "מיסאַנדערסטוד": -2,
  "מיסבעהאַווינג": -2,
  "מיסבעהאַווע": -2,
  "מיסבעהאַוועד": -2,
  "מיסבעהאַוועס": -2,
  "מיסבראַנדינג": -3,
  "מיסגיווינג": -2,
  "מיסונדערסטאַנד": -2,
  "מיסונדערסטאַנדס": -2,
  "מיסוסינג": -2,
  "מיסוסעס": -2,
  "מיסט": -1,
  "מיסטאַקינג": -2,
  "מיסטייקס": -2,
  "מיסטשיעפס": -1,
  "מיסיוזד": -2,
  "מיסיוס": -2,
  "מיסינטערפּרעטעד": -2,
  "מיסינפאָרמאַטיאָן": -2,
  "מיסינפאָרמעד": -2,
  "מיסלידינג": -3,
  "מיסלעאַדס": -3,
  "מיסלעאַדעד": -3,
  "מיספירע": -2,
  "מיספּלאַסינג": -2,
  "מיספּלאַסעס": -2,
  "מיספּלייסט": -2,
  "מיספּריסינג": -3,
  "מיסקאַנדאַקט": -2,
  "מיסקאָנדוקטינג": -2,
  "מיסקאָנדוקטעד": -2,
  "מיסקאָנדוקץ": -2,
  "מיסקאַסט": -2,
  "מיסקלאַססיפי": -2,
  "מיסקלאַססיפיעד": -2,
  "מיסקלאַססיפיעס": -2,
  "מיסרעאַד": -1,
  "מיסרעפּאָרט": -2,
  "מיסרעפּאָרטינג": -2,
  "מיסרעפּאָרטעד": -2,
  "מיסרעפּאָרץ": -2,
  "מיסרעפּראַזענינג": -2,
  "מיסרעפּריזענטיישאַן": -2,
  "מיסרעפּרעסענט": -2,
  "מיסרעפּרעסענטאַטיאָנס": -2,
  "מיסרעפּרעסענטעד": -2,
  "מיסרעפּרעסענץ": -2,
  "מיעס": -3,
  "מיעסקייַט": -3,
  "מירטהפול": 3,
  "מירטהפוללי": 3,
  "מישנ": -2,
  "מכות": -3,
  "מלחמה": -2,
  "ממלא": 2,
  "מניעות": -2,
  "מסכים": 1,
  "מעאַנינגפול": 2,
  "מעגאַזעמ זייַן": -2,
  "מעדאַל": 3,
  "מעדובער": -1,
  "מעדיטאַטיווע": 1,
  "מעהודערדיק": 3,
  "מעזמערייזינג": 3,
  "מעכאַדעש זייַן": 1,
  "מעלאַנכאָליש": -2,
  "מעמאָריאַם": -2,
  "מעמעראַבאַל": 1,
  "מענאַסעד": -2,
  "מענאַסעס": -2,
  "מענטשלעך": 2,
  "מעניע": -2,
  "מעס": -1,
  "מעסט": -2,
  "מעסינג אַרויף": -2,
  "מעציע": 2,
  "מעקאַנע": -1,
  "מערדער": -2,
  "מערדעראַס": -3,
  "מערדערינג": -3,
  "מערקווירדיק": 2,
  "מערקי": -2,
  "מעשוגאַס": -2,
  "מעשוגע": -2,
  "מצליח": 3,
  "מצער": -2,
  "מקיים": 2,
  "משאות": -2,
  "משוגע": -2,
  "מתפּלל": 1,
  "נ00ב": -2,
  "נאָאָב": -2,
  "נאָובליסט": 2,
  "נאָוטאַבאַל": 2,
  "נאָוטאָריאַס": -2,
  "נאַטירלעך": 1,
  "נאַיוו": -2,
  "נאָכגעבן": -1,
  "נאַןבאוויליקט": -2,
  "נאַר": -2,
  "נארט": -3,
  "נאַריש": -1,
  "נאַרישקייַט": -3,
  "נארן": -3,
  "נאַרן": -3,
  "נאַרסיססיסם": -2,
  "נודניק": -2,
  "נודנע": -2,
  "נויט": -2,
  "נויטפאַל": -2,
  "נוץ": 2,
  "נוציק": 2,
  "נוציקייט": 2,
  "ניגגאַס": -5,
  "ניגגער": -5,
  "ניגלעקטינג": -2,
  "ניטדערענדיקט": -1,
  "ניט אַנדערש": -2,
  "ניט באַטראַכט": -2,
  "ניט באַשלאָסן": -1,
  "ניט גענוג": -2,
  "ניט גענוגיק": -2,
  "ניט געקענט": -2,
  "ניט געראָטן": -2,
  "ניט וויסנדיק": -2,
  "נייַגעריק": 2,
  "ניסלעך": -3,
  "ניסן": -2,
  "ניפטי": 2,
  "נישט גוט": -2,
  "נישטיק": -2,
  "נעבעך": -2,
  "נעבעכדיק": -1,
  "נעגאַטיוו": -2,
  "נעגאַטיוואַטי": -2,
  "נעגלעקץ": -2,
  "נעס": 4,
  "נעקאָמע": -2,
  "נעקאָמע נעמען": -2,
  "נערוואַסלי": -2,
  "נערוועז": -2,
  "נערוועס": -1,
  "נערטשערינג": 2,
  "סאָאָטהעד": 3,
  "סאַבאָטאַזש": -2,
  "סאַבווערסיוו": -2,
  "סאַבסטאַנשאַלי": 1,
  "סאַדאַנד": -2,
  "סאַדדען": -2,
  "סאַדלי": -2,
  "סאָובערינג": 1,
  "סאַוואַנגע": -2,
  "סאַוואַנגעס": -2,
  "סאַווירלי": -2,
  "סאַלאַן": -2,
  "סאַלווד": 1,
  "סאַלווז": 1,
  "סאַלווינג": 1,
  "סאָלווע": 1,
  "סאַלוטינג": 2,
  "סאַלוטעד": 2,
  "סאַלושאַנז": 1,
  "סאָלידאַרישקייַט": 2,
  "סאָלידיפי": 2,
  "סאָלידיפיינג": 2,
  "סאָלידיפיעד": 2,
  "סאָלידיפיעס": 2,
  "סאַמבער": -2,
  "סאַסטיינאַבאַל": 2,
  "סאַסטיינאַביליטי": 1,
  "סאַספּישאַס": -2,
  "סאַספּעקטיד": -1,
  "סאַספּעקס": -1,
  "סאַפּאָרטיוו": 2,
  "סאַפּאָרטער": 1,
  "סאָפעקדיק": -1,
  "סאַפער": 2,
  "סאַפּפּי": -1,
  "סאַקאָנע": -2,
  "סאַקס": -3,
  "סאַקסידאַד": 3,
  "סאַקסידז": 3,
  "סאַקסידינג": 3,
  "סאַרקאַסטיש": -2,
  "סו": -2,
  "סואַסיידאַל": -2,
  "סואַסיידז": -2,
  "סובפּאָענאַ": -2,
  "סוד": 3,
  "סודאָוסייאַנס": -3,
  "סודינג": 3,
  "סוויוועפרייַנדלעך": 2,
  "סוויטאַסט": 3,
  "סוויטער": 3,
  "סווינדלינג": -3,
  "סווינדלעס": -3,
  "סוויפטלי": 2,
  "סווערינג": -2,
  "סוז": -2,
  "סוטאַד": 2,
  "סוינג": -2,
  "סולקינג": -2,
  "סוסטאַינאַבלי": 2,
  "סוספּענדעד": -1,
  "סוספּעקטינג": -1,
  "סועינג": -2,
  "סופּפּאָרטערס": 1,
  "סופפערס": -2,
  "סופפערער": -2,
  "סופפערערס": -2,
  "סטאַבד": -2,
  "סטאַביל": 2,
  "סטאַבס": -2,
  "סטאָול": -2,
  "סטאָל": -2,
  "סטאָלד": -2,
  "סטאַללינג": -2,
  "סטאָלען": -2,
  "סטאַמאַנאַ": 2,
  "סטאַמפּיד": -2,
  "סטאַנד": -2,
  "סטאַנינג": 4,
  "סטאַנק": -2,
  "סטאַפּט": -1,
  "סטאַפּס": -1,
  "סטאָפּפּינג": -1,
  "סטאַק": -2,
  "סטאַרווד": -2,
  "סטאַרווינג": -2,
  "סטאַרוועס": -2,
  "סטאַרטאַלד": -2,
  "סטופּאַדלי": -2,
  "סטילז": -2,
  "סטילינג": -2,
  "סטימולירן": 1,
  "סטימיאַלייטאַד": 1,
  "סטימיאַלייטינג": 2,
  "סטימיאַלייץ": 1,
  "סטינגקס": -2,
  "סטינקעד": -2,
  "סטיפלעד": -1,
  "סטעאַדפאַסט": 2,
  "סטעריאַטייפּ": -2,
  "סטערעאָטיפּעד": -2,
  "סטראַגאַלד": -2,
  "סטראַגאַלינג": -2,
  "סטראָנגגער": 2,
  "סטראָנגעסט": 2,
  "סטראַשען": -2,
  "סטריינדזשלי": -1,
  "סטרייקס": -1,
  "סטרייקערז": -2,
  "סטריקאַן": -2,
  "סטרענגטאַנז": 2,
  "סטרענגקטס": 2,
  "סטרעסט": -2,
  "סטרעססאָר": -2,
  "סטרעססאָרס": -2,
  "סידוסט": -1,
  "סייווינגז": 1,
  "סיכסעך": -2,
  "סילענסינג": -1,
  "סימכע": 4,
  "סימלאַס": 2,
  "סימלאַסלי": 2,
  "סימפּאַטיע": 2,
  "סימפּאַטיש": 3,
  "סימפּאַטעטיק": 2,
  "סינגלעמינדעד": -2,
  "סיניסיסם": -2,
  "סיניק": -2,
  "סינסערעסט": 2,
  "סיקיורד": 2,
  "סיקיורז": 2,
  "סלאַוועס": -3,
  "סלאַם": -2,
  "סלאַפּי": -2,
  "סלאַשט": -2,
  "סלאַשינג": -2,
  "סלאַשעס": -2,
  "סלומפּינג": -1,
  "סליקקעסט": 2,
  "סליקקער": 2,
  "סלעעפּלעססנעסס": -2,
  "סמאַגאַלד": -2,
  "סמאַרטאַסט": 2,
  "סמאַרטער": 2,
  "סמוגגלינג": -2,
  "סמוגגלעס": -2,
  "סמיילד": 2,
  "סמיילז": 2,
  "סמיילינג": 2,
  "סנוב": -2,
  "סנובבינג": -2,
  "סנובבעד": -2,
  "סנובס": -2,
  "סניזד": -2,
  "סניזינג": -2,
  "סעטאַלמאַנץ": 1,
  "סעלאַברייטיד": 3,
  "סעלאַברייטינג": 3,
  "סעלאַבריישאַנז": 3,
  "סענטאַנסט": -2,
  "סענטענסינג": -2,
  "סענסערד": -2,
  "סעקסי": 3,
  "סעקסיסט": -2,
  "סעקסיסטיק": -2,
  "סערווייווד": 2,
  "סערווייווינג": 2,
  "ספּאַם": -2,
  "ספּאַממינג": -2,
  "ספּאַממער": -3,
  "ספּאַממערס": -3,
  "ספּאַרקאַלז": 3,
  "ספּיטעפול": -2,
  "ספּיראַטאַד": 2,
  "ספּיריטלעסס": -2,
  "ספּעאַרהעאַד": 2,
  "ספּעקולאַטיווע": -2,
  "ספּעקולאַנט": -2,
  "ספּריגהטלי": 2,
  "סקאַמז": -2,
  "סקאַנדאַל": -3,
  "סקאַנדאַלז": -3,
  "סקאַנדאַליעז": -3,
  "סקאַפּעגאָאַץ": -2,
  "סקאַרס": -2,
  "סקוואַנדער": -2,
  "סקוואַנדערד": -2,
  "סקוואַנדערינג": -2,
  "סקוואַנדערס": -2,
  "סקוועלטשעד": -1,
  "סקומבאַג": -4,
  "סקעפּטיסיזאַם": -2,
  "סקעפּטיקאַל": -2,
  "סקעפּטיקס": -2,
  "סקעפּטיקער": -2,
  "סקערי": -2,
  "סקרוד": -2,
  "סקרוד אַרויף": -3,
  "סקרימד": -2,
  "סקרימז": -2,
  "סקרימינג": -2,
  "עבירות": -2,
  "עגאָיזם": -3,
  "עגאָיסטיש": -3,
  "עובר": -2,
  "עוואַקואַטינג": -1,
  "עוואַקואַטעס": -1,
  "עוואַקוירן": -1,
  "עווערגרין": 2,
  "עווערגרעענינג": -3,
  "עווערגרעענס": 2,
  "עופאָריאַ": 3,
  "עופאָריק": 4,
  "עטישע": 2,
  "עטלעכע מין": 0,
  "עליגאַנטלי": 2,
  "עלנט": -2,
  "עלעגאַנט": 2,
  "עמבאַרראַססעס": -2,
  "עמבעזאַלמאַנט": -3,
  "עמפּאַטהעטיק": 2,
  "עמפּטינאַס": -1,
  "ענגיידזשיז": 1,
  "ענדאָרס": 2,
  "ענדאָרסט": 2,
  "ענדאָרסמאַנט": 2,
  "ענדאָרסעס": 2,
  "ענדזשויאַבאַל": 2,
  "ענדזשויז": 2,
  "ענדזשויינג": 2,
  "ענוויאַס": -2,
  "ענוויינג": -1,
  "ענוויעס": -1,
  "ענטהראַלל": 3,
  "ענטייטאַלד": 1,
  "ענטראַסטיד": 2,
  "ענטשאַניד": 2,
  "ענינים": 1,
  "ענליגהטענעד": 2,
  "ענלייטאַן": 2,
  "ענלייטאַנז": 2,
  "ענלייטנינג": 2,
  "עננוי": -2,
  "ענסלאַוועס": -2,
  "ענסלייוו": -2,
  "ענסלייווד": -2,
  "ענערגיש פירן": -1,
  "ענערגעטיק": 2,
  "ענערפּרייזינג": 1,
  "ענקערידזשמאַנט": 2,
  "ענראַגינג": -2,
  "ענראַגעס": -2,
  "ענראַפּטורע": 3,
  "ענריידזש": -2,
  "ענריידזשד": -2,
  "ענשור": 1,
  "עערי": -2,
  "עפעקטיוו": 2,
  "עפפאָרטלעססלי": 2,
  "עפפעקטיווענעסס": 2,
  "עקל": -3,
  "עקלדיק": -3,
  "עקסאַגגעראַטעס": -2,
  "עקסאַלאַנס": 3,
  "עקסאָנעראַטינג": 2,
  "עקסאָנעראַטע": 2,
  "עקסאָנעראַטעד": 2,
  "עקסאָנעראַטעס": 2,
  "עקסאַסערבאַטינג": -2,
  "עקסאַספּאַראַטע": -2,
  "עקסאַספּעראַטינג": -2,
  "עקסאַספּעראַטעס": -2,
  "עקסהילאַראַטעד": 3,
  "עקסהילאַראַטעס": 3,
  "עקסולטאַנט": 3,
  "עקסולטאַנטלי": 3,
  "עקסטאַטיק": 4,
  "עקסטרעמיסט": -2,
  "עקספּלאָראַטיאָנס": 1,
  "עקספּלויטאַד": -2,
  "עקספּלויטינג": -2,
  "עקספּלויץ": -2,
  "עקספּלעריישאַן": 1,
  "עקספּעלס": -2,
  "עקספּערטלי": 2,
  "עקסקרוסיייטינגלי": -1,
  "עראַגאַנט": -2,
  "עראָוניאַס": -2,
  "ערגסט": -3,
  "ערגער": -2,
  "ערלעך": 2,
  "ערנסט": 2,
  "ערעסטיד": -3,
  "ערעסץ": -2,
  "ערראָרונדעפינעד": 2,
  "ערראָרס": -2,
  "פאָאָלס": -2,
  "פאַבולאָוסלי": 4,
  "פאַג": -3,
  "פאַגאָט": -3,
  "פאַגאָץ": -3,
  "פאַד": -2,
  "פאָדערונג": -1,
  "פאַוואָוריטעד": 2,
  "פאַוואָראַבלי": 2,
  "פאַוואָריטעד": 2,
  "פאַוואָרס": 2,
  "פאַוואָרעד": 2,
  "פּאָוסטפּאָונד": -1,
  "פּאָוספּאָונז": -1,
  "פּאַזאַלד": -2,
  "פאַטאַל": -3,
  "פאַטאַליטיעס": -3,
  "פאַטאַלקייַט": -3,
  "פאַטיגוינג": -2,
  "פאַטיגועד": -2,
  "פאַטיגועס": -2,
  "פּאַטעטיק": -2,
  "פּאָטער": -1,
  "פאַילורעס": -2,
  "פאַילינג": -2,
  "פאַינטהעאַרטעד": -2,
  "פּאַינעד": -2,
  "פּאַכדן": -2,
  "פאָכער": 3,
  "פּאַלוטאַד": -2,
  "פּאַלוטאַנט": -2,
  "פּאַלייטנאַס": 2,
  "פּאַלישט": 2,
  "פּאָללוטעס": -2,
  "פּאָללוטער": -2,
  "פּאָללוטערס": -2,
  "פאַלסיפיעד": -3,
  "פאַלסעלי": -2,
  "פּאָלעמיק": -2,
  "פאָלקס": 3,
  "פאַלש": -1,
  "פאַלשע שוווע": -3,
  "פאַנאַטיקער": -2,
  "פאָנדנעסס": 2,
  "פאַנטאַסטיש": 4,
  "פּאַניק": -3,
  "פּאַניקט": -3,
  "פּאַניקס": -3,
  "פּאַנישאַז": -2,
  "פּאַנישינג": -2,
  "פּאָסטןטראַוומאַטיש": -2,
  "פּאָסטפּאָנינג": -1,
  "פּאַסיוו": -1,
  "פּאַסיוולי": -1,
  "פּאַסיק": 2,
  "פּאַסירונג": 2,
  "פאַססינאַטעד": 3,
  "פאַססינאַטעס": 3,
  "פאַססיסט": -2,
  "פאַססיסץ": -2,
  "פּאַסקודנע": -3,
  "פּאָפּולערקייַט": 3,
  "פּאָץ": -4,
  "פאָקוסעד": 2,
  "פאַקינג": -3,
  "פאַקעס": -3,
  "פּאַראַדאָקס": -1,
  "פֿאַראַכט": -1,
  "פאַראַנטוואָרטלעך": 2,
  "פֿאַראַנטוואָרטלעכקייט": 1,
  "פאַראַקשנט": -2,
  "פאַרבאָט": -2,
  "פאַרבאָטן": -2,
  "פֿאַרבאָרגן": -1,
  "פאָרבידדינג": -2,
  "פאַרביטערט": -2,
  "פאַרביסן": -2,
  "פאַרבעטן": 1,
  "פאַרבענקט": -2,
  "פאַרבעסערונג": 2,
  "פאַרבעסערן": 2,
  "פֿאַרבראָכן": -2,
  "פאַרברייטערן": 1,
  "פאַרברעכן": -3,
  "פאַרברעכער": -3,
  "פאַרברענט": 2,
  "פאָרגעטטאַבלע": -1,
  "פאַרגעטערונג": 3,
  "פאָרגעטפול": -2,
  "פאַרגעניגן": 3,
  "פאַרגעסן": -1,
  "פֿאַרגעסן": -1,
  "פּאַרדאַנד": 2,
  "פּאַרדאָנינג": 2,
  "פּאַרדאָנס": 2,
  "פאַרדאָרבן": -3,
  "פֿאַרדאָרבן": -3,
  "פאַרדראָס": -2,
  "פאַרהאַלטונג": -2,
  "פאַרהאַלטן": -1,
  "פאַרהיטן": -1,
  "פאַרהייַנטיקן": 2,
  "פאַרווייַלונג": 3,
  "פאַרווייַלן": 3,
  "פֿאַרוויילערישע": 2,
  "פאַרוויסונג": -2,
  "פאַרוויסטן": -2,
  "פאַרווערן": -1,
  "פאַרומערט": -2,
  "פאָרורטייל": -1,
  "פאַרזע": -1,
  "פאַרטיידיקער": 2,
  "פאַרטראַכט": 2,
  "פאַרטרייַבן": -1,
  "פאַרייניקט": 1,
  "פאַרכאַפּטקייַט": 3,
  "פאַרלאָזלעך": 2,
  "פאַרלאָזן": -2,
  "פֿאַרלאָזן": -2,
  "פאַרלאַנג": 1,
  "פאַרלירן": -2,
  "פאַרלעגנהייַט": -2,
  "פאַרמאַטערט": -2,
  "פאַרמייַדן": -1,
  "פאַרמישפּעטן": -2,
  "פאַרסע": -1,
  "פאַרעלטערט": -2,
  "פאָרעפראָנט": 1,
  "פאָרעקלאָסורע": -2,
  "פאָרעקלאָסורעס": -2,
  "פאַרערגערן": -2,
  "פאַרפאַלן": -2,
  "פאַרפירן": -2,
  "פאַרפירעריש": -3,
  "פאַרפעלער": -1,
  "פאַרפּעסטיקונג": -2,
  "פאַרצווייפלונג": -3,
  "פאַרצווייפלט": -3,
  "פאַרקאַקט": -3,
  "פאַרקרימט": -2,
  "פאַרקרימען": -2,
  "פאַרראַטן": -3,
  "פאַרשאַפן": -2,
  "פאַרשווונדן": -1,
  "פאַרשווינדן": -1,
  "פאַרשטאָפּונג": -2,
  "פֿאַרשטאַרקונג": 2,
  "פאַרשטאַרקן": -2,
  "פאַרשטונקען": -2,
  "פאַרשטעלונג": -1,
  "פאַרשילטן": -2,
  "פאַרשילטן גוט": 4,
  "פאַרשילטן קיוט": 3,
  "פאַרשעדיקן": -2,
  "פאַרשעמט": -2,
  "פאַרשעמען": -2,
  "פּאַשטעס": 1,
  "פּויזאַנד": -2,
  "פּויזאַנז": -2,
  "פּויזד": -2,
  "פויל": -1,
  "פויע": -2,
  "פול מיט האָפענונג": 2,
  "פולשטענדיק": 2,
  "פומינג": -2,
  "פונניער": 4,
  "פונעראַלס": -1,
  "פּונקט": 1,
  "פּוסט": -1,
  "פוקינג": -4,
  "פוקכעאַד": -4,
  "פוקעד": -4,
  "פוקקטאַרד": -4,
  "פוקקין": -4,
  "פוקקערס": -4,
  "פוקקפאַסע": -4,
  "פּוריסט": -2,
  "פּורער": -2,
  "פּושי": -1,
  "פיאַסקאָ": -3,
  "פידגעטי": -2,
  "פּיונאַטיוו": -2,
  "פּיוראַסט": 1,
  "פּיטיעד": -1,
  "פּיטעאָוס": -2,
  "פייגעלע": -3,
  "פיייקייַט": 2,
  "פייַן": 3,
  "פּייַן": -3,
  "פייַנדלעך": -2,
  "פייַנט": -2,
  "פייַנט האָבן": -3,
  "פּייַנטלעכקייַט": -2,
  "פּייַניקונג": -4,
  "פייַער": -2,
  "פֿייערט": 3,
  "פייַערלעך": -1,
  "פייַערן": 3,
  "פּיללאַגע": -2,
  "פּילעופּ": -1,
  "פּינאַלייז": -2,
  "פּינאַלייזד": -2,
  "פינעס": -2,
  "פינעסט": 3,
  "פינצטערניש": -1,
  "פינקלען": 3,
  "פּיס": -4,
  "פּיסט": -4,
  "פּיססינג": -3,
  "פּיק": -2,
  "פּיקוועד": -2,
  "פּיקטשעראַסק": 2,
  "פירינג": -2,
  "פירן": 2,
  "פירערשאַפט": 1,
  "פלאַגשיפּ": 2,
  "פּלאָדדינג": -2,
  "פלאַוו": -2,
  "פלאַוולעססלי": 2,
  "פלאַווס": -2,
  "פלאַוועד": -3,
  "פלאָפּ": -2,
  "פלאָפּס": -2,
  "פלו": -2,
  "פלוסטערעד": -2,
  "פּלייגד": -3,
  "פּלייגינג": -3,
  "פלינק": -1,
  "פּלעזשעראַבאַל": 3,
  "פלעעס": -1,
  "פלעק": -2,
  "פּסיטשאָפּאַטהיק": -2,
  "פּעאַסעפוללי": 2,
  "פעאַרלעססנעסס": 2,
  "פעאַרסאָמע": -2,
  "פעאַרפוללי": -2,
  "פּעדלער": -2,
  "פּעטריפיעד": -2,
  "פעלאָני": -3,
  "פעלאָניעס": -3,
  "פעלן": -2,
  "פעלנדיק": -2,
  "פּעלעדיק": 3,
  "פעלשן": -3,
  "פּענאַליזינג": -2,
  "פּענאַליזעס": -2,
  "פעסט": 2,
  "פּעסימיזם": -2,
  "פּעסימיסטיש": -2,
  "פּעסקי": -2,
  "פערוויד": 2,
  "פּערטערבד": -2,
  "פּערסיקיוטינג": -2,
  "פּערסעקוטעס": -2,
  "פּערפּאַטרייטיד": -2,
  "פּערפּאַטרייטער": -2,
  "פּערפּאַטרייטערז": -2,
  "פּערפּלעקסט": -2,
  "פּערפעקץ": 2,
  "פּראָבלעם": -2,
  "פּראָבלעמאַטיש": -2,
  "פּראָבלעמס": -2,
  "פּראָגרעס": 2,
  "פּראָואַקטיוו": 2,
  "פראַודולענט": -4,
  "פראַודולענסע": -4,
  "פראַודס": -4,
  "פראַודסטערס": -4,
  "פּראַוואָוקט": -1,
  "פּראַוואָוקינג": -1,
  "פּראַוואָוקס": -1,
  "פראָוונינג": -1,
  "פּראָוכיבאַץ": -1,
  "פּראַטעס": -2,
  "פּראָטעסט": -2,
  "פּראַטעסטינג": -2,
  "פּראָטעסטערס": -2,
  "פּראָטעקטעד": 1,
  "פּראַטעקץ": 1,
  "פּראַמאָוטינג": 1,
  "פּראַמאָוץ": 1,
  "פּראָמאָטעד": 1,
  "פּראָסטיטוטקע": -4,
  "פּראַסיקיוטיד": -2,
  "פּראָסעקוטעס": -1,
  "פּראַספּעקס": 1,
  "פּראָפּאַגאַנדע": -2,
  "פּראָצעס": -2,
  "פּראָקורירונג": -1,
  "פּרבלם": -2,
  "פּרבלמס": -2,
  "פּרודאַנס": 2,
  "פרוכטבאַר": 2,
  "פרוסטראַטיאָן": -2,
  "פרוסטראַטינג": -2,
  "פרוסטראַטעד": -2,
  "פרוסטראַטעס": -2,
  "פרידלעך": 2,
  "פרידן": 2,
  "פּריווענטיד": -1,
  "פּריווענץ": -1,
  "פּריטענדז": -1,
  "פּריטענדינג": -1,
  "פרייַ": 1,
  "פרייד": 3,
  "פריידיק": 3,
  "פרייַהייַט": 2,
  "פּרייז": 1,
  "פרייַזאָגן": 2,
  "פריילעך": 2,
  "פרייַנד": 1,
  "פרייַנדלעך": 3,
  "פרייַנדלעכקייַט": 2,
  "פרייַנדשאַפט": 2,
  "פּריסאָנערס": -2,
  "פריסקי": 2,
  "פריקין": -2,
  "פּריקרע": -2,
  "פריש": 1,
  "פּרעווענטינג": -1,
  "פרעך": 3,
  "פּרעכטיק": 5,
  "פרעעדאָמס": 2,
  "פּרעשערד": -2,
  "צארן": -2,
  "צארנדיקן": -3,
  "צאָרעדיק": -3,
  "צאָרעס": -2,
  "צוגעגרייט": 1,
  "צוגעזאגט": 1,
  "צווייפל": -1,
  "צוזאָג": 1,
  "צוטרוי": 2,
  "צוטריטלעך": 1,
  "צויג": -5,
  "צומ גליק": 3,
  "צונויפשטויס": -2,
  "צופאַל": -2,
  "צופּאַסן": 1,
  "צופרידן": 3,
  "צופֿרידן": 2,
  "צופרידנקייַט": 2,
  "צוציען": 1,
  "צוריקציענ זיך": -1,
  "צושטימען": 2,
  "ציט": 1,
  "ציטערניש": -2,
  "צילגעווענדט": 2,
  "צינדז": 2,
  "ציניש": -2,
  "צעבראכן": -1,
  "צעהאַקן": -2,
  "צעטומלען": -2,
  "צעטל": -1,
  "צעטרעטן": -1,
  "צעמישט": -2,
  "צענזאר": -2,
  "צענזארן": -2,
  "צערטלעכקייַט": 2,
  "צעשטערן": -2,
  "קאָוואַרדלי": -2,
  "קאָוזינאַס": 2,
  "קאָוערשאַן": -2,
  "קאָוראַגעאָוסנעסס": 2,
  "קאַטאַסטראָפיק": -4,
  "קאַטאַסטראָפע": -3,
  "קאַטינג": -1,
  "קאַלאַפּסט": -2,
  "קאַלאַפּסיז": -2,
  "קאַלאַפּסינג": -2,
  "קאַליזשאַנז": -2,
  "קאַלייד": -1,
  "קאַליידינג": -1,
  "קאַליע": -2,
  "קאַליע מאַכן": -2,
  "קאָללודינג": -3,
  "קאָללידעס": -1,
  "קאַלמד": 2,
  "קאַמבאַט": -1,
  "קאַמבאַץ": -1,
  "קאַמז": 2,
  "קאַמיטינג": 1,
  "קאַמינג": 2,
  "קאַמיץ": 1,
  "קאָמיקער": 1,
  "קאָמעדיע": 1,
  "קאַמענדיד": 2,
  "קאַמף": -1,
  "קאַמפּאַטינסיז": 1,
  "קאָמפאָרטאַבלי": 2,
  "קאָמפאָרטינג": 2,
  "קאָמפאָרץ": 2,
  "קאַמפּאַשאַנאַט": 2,
  "קאַמפּלאַמענטיד": 2,
  "קאַמפּלאַמענץ": 2,
  "קאַמפּלאַקייטינג": -2,
  "קאַמפּליינד": -2,
  "קאַמפּליינז": -2,
  "קאַמפּליינינג": -2,
  "קאַמפּלייסאַנט": -2,
  "קאָמפּלימענט": 2,
  "קאַמפּעטיטיוו": 2,
  "קאָמפּעטענט": 2,
  "קאָנגראַטולאַטיאָן": 2,
  "קאַנדעמז": -2,
  "קאָנדעמנעד": -2,
  "קאָנוויוויאַל": 2,
  "קאַנווינסט": 1,
  "קאַנווינסיז": 1,
  "קאָנוויקטעד": -2,
  "קאַנט": -5,
  "קאָנטאַגיאָנס": -2,
  "קאַנטאַמאַנאַנץ": -2,
  "קאַנטאַמאַנייט": -2,
  "קאַנטאַמאַנייטאַד": -2,
  "קאַנטאַמאַנייץ": -2,
  "קאַנטאַמאַניישאַן": -2,
  "קאָנטאַמינאַטיאָנס": -2,
  "קאָנטאַמינאַטינג": -2,
  "קאָנטאַמינאַנט": -2,
  "קאַנטיידזשאַן": -2,
  "קאַנטיידזשאַס": -1,
  "קאָנטעמפּטואָוס": -2,
  "קאָנטעמפּטיבלע": -2,
  "קאַנטעמפּטשוואַסלי": -2,
  "קאָנטענדינג": -1,
  "קאַנטענדער": -1,
  "קאָנטעסטאַבלע": -2,
  "קאָנטראָווערסיאַל": -2,
  "קאָנטראָווערסיאַללי": -2,
  "קאָנסאָלאַבלע": 2,
  "קאַנסאַלד": -1,
  "קאַנסאַלז": -1,
  "קאַנסאַלינג": -1,
  "קאַנסטריינד": -2,
  "קאָנסיליאַטינג": 2,
  "קאָנסיליאַטע": 2,
  "קאָנסיליאַטעד": 2,
  "קאָנסיליאַטעס": 2,
  "קאָנסענץ": 2,
  "קאַנספּיראַסי": -3,
  "קאָנפוסינג": -2,
  "קאָנפידענטלי": 2,
  "קאָנפליקט": -2,
  "קאָנפליקטיווע": -2,
  "קאָנפליקטינג": -2,
  "קאַס": -3,
  "קאַסואַלטי": -2,
  "קאָערסעד": -2,
  "קאַפּ": -1,
  "קאַפּאָרעהינדל": -2,
  "קאָפּדרייעניש": -2,
  "קאָפּווייטיק": -2,
  "קאַפּטיווייטיד": 3,
  "קאַפּריזיק": -1,
  "קאַץ": -1,
  "קאַקי": -2,
  "קאַקער": -4,
  "קאָקקסוקקער": -5,
  "קאָקקסוקקערס": -5,
  "קאַרב": -2,
  "קאָרבן": -3,
  "קאַרג": -2,
  "קאָרופּציע": -3,
  "קאַרינג": 2,
  "קאָרנערעד": -2,
  "קאַרעפולנעסס": 2,
  "קאָררופּטינג": -3,
  "קאַשינג אין": -2,
  "קאָשער": 1,
  "קודאָס": 3,
  "קוואַליטעט": 2,
  "קוואַקינג": -2,
  "קווענקלענ זיך": -2,
  "קוועסטשאַנד": -1,
  "קוועסטשאַנינג": -1,
  "קוטבאַקקס": -2,
  "קורווע": -5,
  "קורעווניק": -4,
  "קורץסיגהטעדנעסס": -2,
  "קורץסייטאַד": -2,
  "קוש": 2,
  "קטורת": -2,
  "קידנאַפּ": -2,
  "קידנאַפּט": -2,
  "קידנאַפּינג": -2,
  "קידנאַפּס": -2,
  "קידנאַפּפּינגס": -2,
  "קיוט": 2,
  "קיין": -1,
  "קיין שפּאַס": -3,
  "קייפּאַבילאַטיז": 1,
  "קיל": 1,
  "קיל שטאָפּן": 3,
  "קילז": -3,
  "קינדער": 2,
  "קינע": -2,
  "קיקבאַקס": -3,
  "קיקקבאַקק": -3,
  "קלאָג": -2,
  "קלאָגעדיק": -2,
  "קלאָודעד": -1,
  "קלאַסי": 3,
  "קלאַפּ": -2,
  "קלאר": 1,
  "קלאָר": 2,
  "קלאַריפיעס": 2,
  "קלאַש": -2,
  "קלוג": 2,
  "קלוגשאַפט": 1,
  "קלועלעסס": -2,
  "קלינער": 2,
  "קליפּע": -4,
  "קלירד": 1,
  "קלירז": 1,
  "קלעריטי": 2,
  "קנעכט": -3,
  "קסאָ": 3,
  "קסאָקסאָקסאָ": 4,
  "קסאָקסאָקסאָקסאָ": 4,
  "קעגן": -1,
  "קעגנער": -1,
  "קעדייַיק": 1,
  "קענען \"ה שטיין": -3,
  "קעראַפּץ": -3,
  "קעריזמאַ": 2,
  "קעריידזשאַסלי": 2,
  "קראַודינג": -1,
  "קראַזיער": -2,
  "קראַך": -2,
  "קראַמף": -1,
  "קראַנק": -2,
  "קראַנקפאַטעד": -2,
  "קראַנקייַט": -2,
  "קראַפט": 3,
  "קראַשט": -2,
  "קראַשיז": -1,
  "קראַשינג": -1,
  "קריג": -2,
  "קריגעריש": -2,
  "קריזיס": -3,
  "קריטיסייזיז": -2,
  "קריטיסייזינג": -2,
  "קריטיק": -2,
  "קריטיקירט": -2,
  "קריטיקירן": -2,
  "קריטיקער": -2,
  "קריטיקערס": -2,
  "קרייזיאַסט": -2,
  "קריימז": -3,
  "קרימאַנאַלז": -3,
  "קרימינאַטע": -3,
  "קרימינאַטעד": -3,
  "קרימינאַטעס": -3,
  "קרעכצן": -2,
  "קרענק": -1,
  "קרעסטפאַללען": -2,
  "ראָבינג": -2,
  "ראָבס": -2,
  "ראָבעד": -2,
  "ראַגעפול": -2,
  "ראַטיפיעד": 2,
  "ראטעוועט": 2,
  "ראַטעווען": 2,
  "ראָטפל": 4,
  "ראָטפלאָל": 4,
  "ראָטפלמפאַאָ": 4,
  "ראַכוועסדיק": 1,
  "ראַכמאָנעס": 2,
  "ראַכמאָנעסדיק": 2,
  "ראָמאַן": 2,
  "ראָמאַנטיקאַל": 2,
  "ראָמאַנטיקאַללי": 2,
  "ראָמאַנס": 2,
  "ראָנגד": -2,
  "ראָנגדוינג": -2,
  "ראָנגלי": -2,
  "ראנגלענישן": -2,
  "ראַנטער": -3,
  "ראַנטערס": -3,
  "ראַנץ": -3,
  "ראַסיסט": -3,
  "ראַסיסץ": -3,
  "ראַפּטוראָוס": 4,
  "ראַפּטורעד": 2,
  "ראַפּטורעס": 2,
  "ראַפינירט": 1,
  "ראַפינירן": 1,
  "ראָפל": 4,
  "ראָפלמאַאָ": 4,
  "ראָפלקאָפּטער": 4,
  "ראָצכיש": -2,
  "ראַק": -1,
  "רוידעפן": -2,
  "רויז": 1,
  "רוינד": -2,
  "רוינינג": -2,
  "רויק": 2,
  "רום": 1,
  "ריאַשורד": 1,
  "ריאַשורינג": 2,
  "ריבעלז": -2,
  "ריג": -1,
  "ריגד": -1,
  "ריגהטפול": 2,
  "ריגהטפוללי": 2,
  "ריגעראַסלי": 3,
  "ריגרעטיד": -2,
  "ריגרעץ": -2,
  "רידזשעקטינג": -1,
  "רידזשעקשאַן": -2,
  "ריוואַטינג": 3,
  "ריוואָרדז": 2,
  "ריוואָרדיד": 2,
  "ריוואָרדינג": 2,
  "ריווייווז": 2,
  "ריווירד": 2,
  "ריזאַלווד": 2,
  "ריזאַלווז": 2,
  "ריזאַלווינג": 2,
  "ריזיינז": -1,
  "ריזיק": 1,
  "ריזיקאַליש": -2,
  "ריזיקירן": -2,
  "ריטאַרד": -2,
  "ריטאַרדאַד": -2,
  "ריטיינד": -1,
  "ריטשאַז": 1,
  "ריטשט": 1,
  "ריטשינג": 1,
  "ריטשלי": 2,
  "רייַך": 2,
  "רייַכקייַט": 3,
  "ריין": 2,
  "ריינינג": 1,
  "רייסיזאַם": -3,
  "רייפּט": -4,
  "רייפּיסט": -4,
  "רייצן": -3,
  "רילאַקסט": 2,
  "ריליווד": 2,
  "ריליווז": 1,
  "ריליווינג": 2,
  "רילייאַבילאַטי": 2,
  "רילייאַבלי": 2,
  "רילייאַנט": 2,
  "רילענטליס": -1,
  "רינען": -1,
  "ריסטאָרז": 1,
  "ריסטאָרינג": 1,
  "ריסטריקטיד": -2,
  "ריסטריקטיוו": -1,
  "ריסטריקטינג": -2,
  "ריסטריקץ": -2,
  "ריסטריקשאַן": -2,
  "ריסיינד": -1,
  "ריסעס": 1,
  "ריסעשאַן": -2,
  "ריסקס": -2,
  "ריפּאַלס": -1,
  "ריפּאַלסט": -2,
  "ריפּאַלסיוו": -2,
  "רירעוודיק": 3,
  "רעאַססורעס": 1,
  "רעגנדיק": -1,
  "רעגרעטטינג": -2,
  "רעגרעטפול": -2,
  "רעדזשאָיסעס": 4,
  "רעדזשעקץ": -1,
  "רעוואָלטינג": -2,
  "רעוועכדיק": 2,
  "רעווענגעפול": -2,
  "רעזיגנירן": -1,
  "רעכט ריכטונג": 3,
  "רעלישינג": 2,
  "רעסטפול": 2,
  "רעסיגנינג": -1,
  "רעסענטפול": -2,
  "רעספּעקט": 2,
  "רעספּעקטעד": 2,
  "רעסקיוד": 2,
  "רעפוסינג": -2,
  "רעפינעס": 1,
  "רעפּערקוססיאָן": -2,
  "רעפּערקוססיאָנס": -2,
  "רעפּראַמאַנדיד": -2,
  "רעפּרימאַנדינג": -2,
  "רעפּרימאַנדס": -2,
  "רעפרעשינגלי": 2,
  "רעקאַמענדז": 2,
  "רעקאַמענדיד": 2,
  "רעקאָמענדירן": 2,
  "רציחה": -2,
  "שאָאָדי": -2,
  "שאָד": -2,
  "שאדן": -3,
  "שאָדן": -1,
  "שאַטן": -2,
  "שאַטערד": -2,
  "שאַמעד": -2,
  "שאַנד": -2,
  "שאַצן": 2,
  "שאַקט": -2,
  "שאַקי": -2,
  "שאַקינג": -2,
  "שאַקס": -2,
  "שאָרטידזשיז": -2,
  "שאַרעס": 1,
  "שאַרף": 2,
  "שוואַך": -2,
  "שוואַכקייַט": -2,
  "שווינדל": -2,
  "שווינדלדיק": -1,
  "שווער": -1,
  "שווערט": -2,
  "שוועריגקייט": -2,
  "שווערן": -2,
  "שולד": -3,
  "שולדיק": -3,
  "שונאים": -2,
  "שטאָך": -5,
  "שטאלץ": 2,
  "שטאָלץ": 2,
  "שטאָף": 1,
  "שטאַרבן": -3,
  "שטאַרציק": 1,
  "שטאַרק": 2,
  "שטאַרקייַט": 2,
  "שטארקן": 2,
  "שטום": -3,
  "שטונק": -2,
  "שטוסיק": -3,
  "שטורעם": -2,
  "שטימען": 1,
  "שטינקען": -2,
  "שטיפעריש": 2,
  "שטיצט": 2,
  "שטיצן": 2,
  "שטעכן": -2,
  "שטערן": -2,
  "שטראף": -2,
  "שטראָף": -2,
  "שטראָפן": -2,
  "שטרענג": 3,
  "שיין": 3,
  "שיינקייַט": 3,
  "שילטן": -1,
  "שלאַבאַן": -2,
  "שלאָגן": -1,
  "שלאַכט": -1,
  "שלייַם": -3,
  "שליימעס": 3,
  "שליימעסדיק": 3,
  "שלימאַזלדיק": -2,
  "שלימותדיק": 2,
  "שלעגער": -2,
  "שלעכט": -2,
  "שלעכט מזל": -2,
  "שלעפּן": -1,
  "שמוגלען": -2,
  "שמוץ": -2,
  "שמוציק": -2,
  "שמייכל": 2,
  "שמיר": -2,
  "שנוק": -3,
  "שנייַדן": -1,
  "שנייט צוריק": -2,
  "שעדלעך": -2,
  "שעמעוודיק": -1,
  "שעמען": -2,
  "שענדונג": -4,
  "שענדלעך": -2,
  "שענקען": 2,
  "שעפּ": 3,
  "שעפעריש": 2,
  "שערד": 1,
  "שפּאַנונג": -1,
  "שפּאַס": 4,
  "שפּאַסיק": 2,
  "שפּילטשאַנגינג": 3,
  "שפּירעוודיק": -2,
  "שפּריץ": -3,
  "שקלאַפערייַ": -3,
  "שראַם": -2,
  "שרייַען": -2,
  "שרעק": -2,
  "שרעקלעך": -3,
  "שרעקן": -3,
  "שרעקעדיק": -2,
  "שרעקעוודיק": -2,
  "שתדלנות": -2,
  "תהילות": 3
}