{
  "teršėjas": -2,
  "tariasi": -1,
  "abdukcija": -2,
  "abejingas": -2,
  "abejingumas": -2,
  "abejojimas": -1,
  "abejojo": -1,
  "abejonė": -1,
  "abejonių": -1,
  "abejotinas": -1,
  "absorbuojamas": 1,
  "adoringly": 3,
  "afera": -3,
  "affectionateness": 3,
  "agonises": -3,
  "agonizes": -3,
  "agresija": -2,
  "agresijos": -2,
  "Agresyviai": -2,
  "agresyvumas": -2,
  "agresyvus": -2,
  "aimana": -2,
  "aiškiai": 1,
  "aiškumas": 2,
  "aiškus": 1,
  "aistra": 2,
  "aistringas": 2,
  "akcijos": 1,
  "akėčios": -1,
  "akinantis": 3,
  "aklas": -1,
  "aklavietė": -2,
  "akredituotas": -2,
  "aktyvai": 2,
  "aktyvus": 1,
  "alarmists": -2,
  "aleliuja": 3,
  "alergiškas": -2,
  "alkis": -2,
  "altruistinis": 2,
  "ambicingas": 2,
  "amžinai žaliuojantis augalas": 2,
  "anekdotai": 2,
  "anekdotas": 2,
  "Angers": -3,
  "antagonistinis": -2,
  "antsvoris": -1,
  "apatija": -3,
  "apatiškas": -3,
  "apdovanojimai": 3,
  "apdovanojimas": 3,
  "apdovanotas": 3,
  "apdovanoti": 2,
  "apeshit": -3,
  "apgailestaudama": -3,
  "apgailestaudamas": -2,
  "apgailestauja": -2,
  "apgailestaujantis": -2,
  "apgailestauti": -2,
  "apgailestavo": -3,
  "apgailestavo,": -2,
  "apgailėtinai": -3,
  "apgaudinėja": -3,
  "apgaudinėti": -3,
  "apgaule": -3,
  "apgaulė": -2,
  "apgaulingas": -3,
  "apgauti": -2,
  "apgavikiškas": -4,
  "apgavikiškumas": -4,
  "apgavo": -3,
  "apiplėšdami": -2,
  "apiplėšimas": -2,
  "apiplėšti": -2,
  "Apkabinimai": 2,
  "apkabinimas": 2,
  "apkabinti": 1,
  "apkalta": -3,
  "apkaltinti": -2,
  "apklausa": -1,
  "apkūnus": 2,
  "aplaidumas": -2,
  "aplaistytas": -2,
  "apleistas": -2,
  "apleisti": -2,
  "aplodismentų": 2,
  "apmaudas": -2,
  "apmaudu": -2,
  "apmažinti": -2,
  "apnikti": -2,
  "apokaliptinio": -2,
  "appeases": 2,
  "apribojantis": -1,
  "apribojimas": -1,
  "apribotas": -2,
  "apriboti": -2,
  "apsaugo": 1,
  "apsaugo nuo": -2,
  "apsaugoti": 1,
  "apsėstas": 2,
  "apsėstos": 1,
  "apsimesti": -1,
  "apsimeta": -1,
  "apsimetėlis": -2,
  "apsirengę": -2,
  "apsišvietęs": 2,
  "apskretėlė": -5,
  "apsunkina": -2,
  "apsunkinimas": -2,
  "apsvaigęs": -1,
  "apšviečia": 2,
  "apšviesti": 2,
  "apviliantis": -2,
  "ardančių": -2,
  "ardomasis": -2,
  "ardyti": -2,
  "arogantiškas": -2,
  "Arsehole": -4,
  "ašaros": -2,
  "asilas": -4,
  "assfucking": -4,
  "ataka": -1,
  "atatrank~": -3,
  "atatrankos jėga": -3,
  "ataugų": 2,
  "atbaidantis": -2,
  "atbukimas": -2,
  "atėmimas": -3,
  "atgaivina": 2,
  "atgimti": 2,
  "atidedanti": -1,
  "atidedantį": -1,
  "atidėtas": -1,
  "atidėti": -1,
  "atima": -2,
  "atimti": -2,
  "atitinka": 2,
  "atitraukia": -2,
  "atitraukti": -2,
  "atkaklus": -2,
  "Atkaklus": 2,
  "atkalbinėjo": -2,
  "atkuria": 1,
  "atkurta": 1,
  "atkurti": 1,
  "atlaidus": 2,
  "atleidžia": 2,
  "atleidžiamas": 2,
  "atleisdami": 2,
  "atleista": 2,
  "atleistas": 2,
  "atleisti": 2,
  "atliekos": -1,
  "atliktas": 2,
  "atlikti": 2,
  "atlygis": 2,
  "atmesta": -1,
  "atmestas": -2,
  "atmesti": -1,
  "atmeta": -1,
  "atmetė": -2,
  "atmetimas": -2,
  "atnaujinti": 1,
  "atodūsis": -2,
  "atospyris": -1,
  "atpirkimo ožiai": -2,
  "atpirkimo ožys": -2,
  "atrakcionai": 2,
  "atrakcionas": 2,
  "atraminis": 1,
  "atramos": 2,
  "atrėmė": -2,
  "atsakingas": 2,
  "atsakomybė": 1,
  "atsargiai": 2,
  "atsargumas": 2,
  "atsargus": 2,
  "atšaukia": -1,
  "atšaukimas": -3,
  "atšauktas": -1,
  "atšaukti": -1,
  "atšiaurių": -2,
  "atsibodo": -3,
  "atsidavęs": 3,
  "atsidavimas": 2,
  "atsidavimo": 2,
  "atsiduso": -2,
  "atsikeršyti": -2,
  "atsikrato": -1,
  "atsilieka": -2,
  "atsilikimas": -1,
  "atsiliko": -2,
  "atsilikusi": -2,
  "atsinaujinimo": 1,
  "atsipalaidavęs": 2,
  "atsiprašau": -1,
  "atsiprašė": -1,
  "atsiprašo": -1,
  "atsiprašymas": -1,
  "atsiprašyti": -1,
  "atsisakė": -2,
  "atsisako": -2,
  "atsisakymas": -2,
  "atsisakymus": -2,
  "atsisakyti": -2,
  "atsiskaitymas": 1,
  "atsistatydina": -1,
  "atsistatydinantis": -1,
  "atsistatydinęs": -1,
  "atsitiktinis": -2,
  "atskambis": -2,
  "atskiras": -1,
  "atskleidžia": -1,
  "atskleisti": -1,
  "atsparus": 2,
  "atstumiantis": -2,
  "atstumtas": -2,
  "Atstumtas": -1,
  "atsukti": -2,
  "augantis": 1,
  "augimas": 2,
  "auka": 2,
  "aukojimas": 2,
  "aukos": -3,
  "auksas": 2,
  "aukščiausias": 4,
  "aura": 1,
  "avarija": -2,
  "Avarija": -2,
  "avarijų": -2,
  "Avenged": -2,
  "avenges": -2,
  "Avenging": -2,
  "AVERTS": -1,
  "axed": -1,
  "badas": -2,
  "badaujantis": -2,
  "badauti": -2,
  "baikštus": -2,
  "bailiai": -2,
  "Bailīgs": -2,
  "bailys": -2,
  "baimė": -2,
  "baimės": -2,
  "baiminasi": -2,
  "baimingas": -2,
  "baisiai": -2,
  "baisu": -2,
  "baisus": -2,
  "bamboozled": -2,
  "bamboozles": -2,
  "Banalus": -2,
  "bankrotas": -3,
  "bankster": -3,
  "bara": -3,
  "barbaras": -2,
  "barbariška": -2,
  "barbariškas": -2,
  "barimas": -2,
  "barjeras": -2,
  "barti": -3,
  "bauda": 2,
  "baudos": -2,
  "baudžia": -2,
  "baudžiamas": -2,
  "baudžiamasis": -2,
  "baudžiamasis persekiojimas": -1,
  "baugiai": -2,
  "baugina": -2,
  "bauginanti": -2,
  "bauginantis": -3,
  "baugino": -2,
  "baugštus": -2,
  "bausmė": -2,
  "bausti": -2,
  "be rūpesčių": 1,
  "bebaimis": 2,
  "bebaimiškumas": 2,
  "bėda": -2,
  "bedantis": -2,
  "bedarbis": -1,
  "beginklis": -2,
  "bejėgis": -2,
  "belittled": -2,
  "benamis": -2,
  "beprasmis": -2,
  "beprasmiškas": -2,
  "beprotiškai": -3,
  "beprotybė": -2,
  "bereaves": -2,
  "bergždžias": -2,
  "beširdis": -2,
  "besiūlių": 2,
  "bevaikis": -2,
  "bevaisis": -2,
  "bevertis": -2,
  "beviltiškas": -2,
  "beviltiškumas": -2,
  "bijodami": -2,
  "bijojimas": -2,
  "bitterest": -2,
  "bjaurėjosi": -3,
  "bjaurisi": -3,
  "bjaurumas": -3,
  "bjaurus": -2,
  "bjaurybė": -5,
  "bla": -2,
  "blackmails": -3,
  "blaivykla": 1,
  "blizgučiai": 3,
  "Blockbuster": 3,
  "blogai": -2,
  "blogai elgtis": -2,
  "blogas": -3,
  "blogašiknis": -3,
  "blogėja": -2,
  "blogiau": -3,
  "blogiausia": -3,
  "blogo elgesio": -2,
  "blogumas": -3,
  "blokada": -2,
  "blokai": -1,
  "blokas": -1,
  "blokavimo": -1,
  "blokus": -2,
  "boikotai": -2,
  "boikotas": -2,
  "boikotavo": -2,
  "boikotuoja": -2,
  "bomba": -1,
  "brandus": 2,
  "brangakmenis": 1,
  "brangenybės": 1,
  "brangiai": 3,
  "branginamų": 2,
  "brangus": -2,
  "brangusis": 2,
  "braveness": 2,
  "bravura": 3,
  "brilliances": 3,
  "bruto": -2,
  "bruzdus": -2,
  "bučinys": 2,
  "budrus": 3,
  "būgštavimas": -2,
  "bylinėjimasis": -1,
  "čempionai": 2,
  "čempionas": 2,
  "cenzoriai": -2,
  "cenzūruojamas": -2,
  "cenzūruoti": -2,
  "cha cha": 3,
  "chagrined": -2,
  "chaosas": -2,
  "chaotiškas": -2,
  "charizma": 2,
  "charmless": -3,
  "chastising": -3,
  "cheats": -3,
  "chided": -3,
  "chides": -3,
  "chiding": -3,
  "chuliganai": -2,
  "chuliganas": -2,
  "chuliganizmas": -2,
  "čiaudėjimas": -2,
  "Čiaudėti": -2,
  "čiaudint": -2,
  "cinikas": -2,
  "ciniškas": -2,
  "cinizmas": -2,
  "Clueless": -2,
  "Cocksucker": -5,
  "cocksuckers": -5,
  "conflictive": -2,
  "consolable": 2,
  "contagions": -2,
  "courageousness": 2,
  "crazier": -2,
  "craziest": -2,
  "criminated": -3,
  "criminates": -3,
  "Czarujący": 3,
  "dailiai": 2,
  "dalijamasi": 1,
  "dalis": 1,
  "damn gera": 4,
  "dangaus": 4,
  "dangun žengimas": 2,
  "dangus": 2,
  "daug juoko": 3,
  "daug supaprastinti": -2,
  "daugiau": 3,
  "defektai": -3,
  "defektas": -3,
  "defektinis": -3,
  "Deformacija": -2,
  "deformacijos": -2,
  "deformuotas": -2,
  "defrauds": -3,
  "degraduoti": -2,
  "dehumanized": -2,
  "dehumanizes": -2,
  "dehumanizuoti": -2,
  "deimantas": 1,
  "deja": -1,
  "dejavimas": -2,
  "dejavo": -2,
  "dejecting": -2,
  "dejects": -2,
  "dejuoja": -2,
  "dejuoti": -2,
  "dėkingas": 3,
  "Deklamator": -3,
  "dėkoju": 2,
  "dėkoti": 2,
  "delsimas": -1,
  "demonstracija": -1,
  "demoralizes": -2,
  "demoralizuoja": -2,
  "demoralizuota": -2,
  "demoralizuoti": -2,
  "dempingo": -2,
  "denjė": -2,
  "denonsuoti": -2,
  "deports": -2,
  "deportuoti": -2,
  "derides": -2,
  "derlingas": 2,
  "desperatiškai": -3,
  "Despotycznie": -3,
  "dėvėti": -1,
  "dezinformacija": -2,
  "dickhead": -4,
  "didelis": 1,
  "didina": 1,
  "didinti": 1,
  "didysis": 3,
  "didžiausias": 3,
  "dievas": 1,
  "dievina": 3,
  "dievinti": 3,
  "dilema": -1,
  "dilligence": 2,
  "dingęs": -2,
  "dingsta": -1,
  "dipshit": -3,
  "dirgina": -3,
  "Dirgina": -3,
  "dirginti": -3,
  "dirtier": -2,
  "disconsolation": -2,
  "disfunkcija": -2,
  "diskomfortas": -2,
  "diskreditavo": -2,
  "diskriminacinė": -2,
  "diskriminacinis": -2,
  "diskriminuoja": -2,
  "diskriminuojami": -2,
  "diskriminuoti": -2,
  "diskvalifikuotas": -2,
  "disparaged": -2,
  "disrespected": -2,
  "diversija": -2,
  "dodging": -2,
  "dont like": -2,
  "Doprowadzający į wściekłości": -2,
  "dorybingas": 2,
  "dosniai": 2,
  "dosnus": 2,
  "dotacijos": 1,
  "Dour": -2,
  "dovana": 2,
  "dovanoja": 2,
  "dovanoti": 2,
  "drąsa": 2,
  "drąsiai": 2,
  "drąsuolis": 2,
  "drąsus": 2,
  "draudimas": -2,
  "draudžia": -1,
  "draudžiamas": -2,
  "draugas": 1,
  "draugiškas": 2,
  "draugiškas aplinkai": 2,
  "draugiškumas": 2,
  "Draugystė": 2,
  "drebantis": -2,
  "drebulys": -2,
  "Droseliai": -2,
  "droselinė sklendė": -2,
  "drovus": -1,
  "Dūminis": -1,
  "duoklė": 2,
  "dūris": -2,
  "dušas": -3,
  "dvasia": 1,
  "dvejonė": -1,
  "dvejoti": -2,
  "dvokia": -2,
  "dvokiantis": -2,
  "dygus": -3,
  "džiaugėsi": 4,
  "džiaugiasi": 4,
  "džiaugsmas": 3,
  "džiaugsmingai": 3,
  "džiaugsmingas": 3,
  "džiaugtis": 4,
  "džiūgavimas": 4,
  "džiugina": 3,
  "džiuginantys": 2,
  "džiugus": 2,
  "efektyviai": 2,
  "efektyvumas": 2,
  "ekstaziškas": 4,
  "ekstremistai": -2,
  "ekstremistas": -2,
  "elegantiškas": 2,
  "elgėsi": -2,
  "Embarrasses": -2,
  "empatiškas": 2,
  "Enchanted": 2,
  "energingas": 3,
  "enrages": -2,
  "enraging": -2,
  "entuziastingas": 3,
  "erdvus": 1,
  "ErrorWithTranslation": -1,
  "erzina": -2,
  "erzinantis": -3,
  "erzinti": -2,
  "esminis": 1,
  "etinis": 2,
  "euforija": 3,
  "evacuates": -1,
  "evakuacija": -1,
  "evakuoti": -1,
  "evergreening": -3,
  "evergreenów": 2,
  "exasparate": -2,
  "exasperates": -2,
  "excruciatingly": -1,
  "exhilarated": 3,
  "exhilarates": 3,
  "exultantly": 3,
  "Fagot": -3,
  "fanatikai": -2,
  "fanatikas": -2,
  "fantastinis": 4,
  "farsas": -1,
  "fašistai": -2,
  "fašistas": -2,
  "fatigues": -2,
  "fiasko": -3,
  "FIFO": -2,
  "filantropija": 2,
  "finansinė pagalba": -2,
  "fitnesas": 1,
  "flagmanas": 2,
  "fondas": 2,
  "frikin": -2,
  "FTW": 3,
  "Fuckers": -4,
  "fuckface": -4,
  "fuckhead": -4,
  "Fuckin": -4,
  "fucktard": -4,
  "FUD": -3,
  "fuked": -4,
  "fuking": -4,
  "gabalai": -1,
  "gabenti kontrabanda": -2,
  "gadina": -3,
  "gagged": -2,
  "gaidys": -5,
  "gailestingas": 2,
  "gailestingumas": 2,
  "gailestis": -2,
  "gaisras": -2,
  "galantiškas": 3,
  "galantiškumas": 3,
  "gali \"T stovėti": -3,
  "galimybė": 2,
  "galimybes": 1,
  "galimybės": 2,
  "galingas": 2,
  "galintis": 1,
  "galvos skausmas": -2,
  "gana": 1,
  "garantija": 1,
  "garbė": 2,
  "garbinamas": 3,
  "garbinimas": 3,
  "garbino": 3,
  "garbintinas": 3,
  "gardas": -2,
  "garsas": 1,
  "garsus": 2,
  "gąsdinančiai": 4,
  "gauna naudą": 2,
  "gebėjimai": 2,
  "gebėjimas": 2,
  "gėda": -2,
  "gedėjo": -2,
  "gedėti": -2,
  "gedi": -2,
  "gedimai": -2,
  "gėdingas": -2,
  "gedulas": -2,
  "geidus": 2,
  "geidžiamas": 2,
  "gelbėjimas": 2,
  "Gelbėtojas": 4,
  "gelbsti": 2,
  "genialus": 3,
  "geradariai": 2,
  "geradarys": 2,
  "gerai apsirengęs": 2,
  "gerai gynė": 3,
  "gerai išvystyta": 2,
  "gerai orientuota": 2,
  "gerai proporcingas": 2,
  "geranoriškumas": 3,
  "geras": 3,
  "gerbė": 2,
  "gerbėjai": 2,
  "gerbia": 2,
  "gerbiamas": 2,
  "geriau": 2,
  "geriausia nusispjauti": 4,
  "geriausias": 3,
  "geriausių": 3,
  "gerinti": 2,
  "gėris": 3,
  "gerovė": 3,
  "gerumas": 2,
  "giedras": 2,
  "Giedras": 2,
  "gilina": -2,
  "ginčai": -2,
  "ginčas": -2,
  "ginčijama": -2,
  "ginčydama": -2,
  "ginčytinas": -2,
  "giria": 3,
  "giriamos": 3,
  "girtas": -2,
  "gniuždo": -1,
  "godumas": -3,
  "godus": 2,
  "goodlooking": 3,
  "goofiness": -2,
  "Goofy": -2,
  "gr8": 3,
  "grakštus": 2,
  "grasina": -2,
  "grasinant": -2,
  "grasinantis": -2,
  "grasinti": -2,
  "graudus": -2,
  "gražiai": 3,
  "gražuoliai": 3,
  "gražus": 3,
  "greenwash": -3,
  "greenwasher": -3,
  "greenwashers": -3,
  "Greenwashing": -3,
  "greitai": 2,
  "gresia": -2,
  "Gresmė": -2,
  "grėsmė": -2,
  "grėsmės": -2,
  "grėsmingas": 3,
  "gręžinys": -2,
  "griauna": -2,
  "griežtai": 3,
  "griežtas": 3,
  "gripas": -2,
  "griūva": -2,
  "griuvėsiai": -2,
  "grobimas": -2,
  "grobstymas": -3,
  "grobuoniškas": -2,
  "grožėtis": 3,
  "grožis": 3,
  "grubus": -2,
  "grūsti": -2,
  "grynas": 1,
  "gryniausia": 1,
  "gudrus": 2,
  "gynė": 2,
  "gynėjai": 2,
  "gynėjas": 2,
  "gyrė": 3,
  "gyvas": 2,
  "gyvenvietės": 1,
  "gyvybingumas": 3,
  "ha,": 2,
  "hahahah": 3,
  "haplessness": -2,
  "hardier": 2,
  "harmonija": 2,
  "harmoningai": 2,
  "harmoningas": 2,
  "Harms": -2,
  "Haters": -3,
  "Hates": -3,
  "Haunts": -1,
  "heavyhearted": -2,
  "hehe": 2,
  "herojai": 2,
  "herojiškas": 3,
  "herojus": 2,
  "humaniškas": 2,
  "humerous": 3,
  "Humoras": 2,
  "humoristinis": 2,
  "humoro": 2,
  "Į sveikatą": 2,
  "įbauginimas": -2,
  "įbauginti": -2,
  "idiotas": -3,
  "idiotiškas": -3,
  "idiotizmas": -3,
  "įdomiai": 2,
  "įdomus": 3,
  "ieškiniai": -2,
  "ieškinys": -2,
  "ietgalis": 2,
  "įgalinimas": 2,
  "įgalinti": 2,
  "ignoravo": -2,
  "ignoruojamas": -2,
  "ignoruojantis": -1,
  "ignoruoti": -1,
  "įgytas": 2,
  "įgyti": 2,
  "įjungiamas": 1,
  "įkalinimas": -2,
  "įkalintas": -2,
  "įkėlė": -2,
  "įkvepia": 2,
  "ikvepiantis": 3,
  "įkvepiantis": 2,
  "įkvėpimas": 2,
  "Įkvėptas": 2,
  "įkvėpti": 2,
  "įkyrus": -2,
  "ilgalaikis": 2,
  "ilgesys": 1,
  "imobilizuota": -1,
  "impedingly": -2,
  "imuninis": 1,
  "indoctrinates": -2,
  "indoctrinating": -2,
  "indoktrinuojami": -2,
  "inediable": -2,
  "infantilized": -2,
  "infantilus": -2,
  "infekcija": -2,
  "infekcijos": -2,
  "infests": -2,
  "infracted": -2,
  "infracting": -2,
  "infracts": -2,
  "infuriates": -2,
  "iniciatyvus": 2,
  "įniršinti": -2,
  "inkvizicija": -2,
  "įnoringas": 1,
  "intensyvus": 1,
  "interesai": 1,
  "intransigency": -2,
  "intrigos": 1,
  "intriguojantis": 2,
  "intymumas": 2,
  "invazija": -1,
  "įpykęs": -2,
  "ironija": -1,
  "ironiškas": -1,
  "irreproducible": -2,
  "iš esmės": 1,
  "išaiškinamos": 2,
  "išbaigia": 2,
  "išbėrimas": -2,
  "išdavė": -3,
  "išdavinėti": -3,
  "išdavystė": -3,
  "išdidus": 2,
  "išdidžiai": 2,
  "išduoda": -3,
  "Išeiti": -2,
  "išganymas": 2,
  "išgąstis": -2,
  "išgelbėtas": 2,
  "išgryninimo": -2,
  "išgyveno": 2,
  "išgyventi": 2,
  "įsimintinas": 1,
  "įsipareigoja": 1,
  "įsipareigojant": 1,
  "įsipareigojimas": 2,
  "įsipareigojusi": 1,
  "įsipareigoti": 1,
  "įsitikinęs": 2,
  "įsitikinęs,": 1,
  "įsiutęs": -2,
  "Įsiutęs vyriškis": -2,
  "įsiutimas": -3,
  "įsiutinti": -2,
  "įsižeidęs": -2,
  "išjungti": -1,
  "išjuokė": -2,
  "išjuokti": -2,
  "iškeldinimas": -1,
  "iškelta": -2,
  "iškelti bylą": -2,
  "įskiepyti": -2,
  "iškilmingas": -1,
  "iškraipymas": -2,
  "Iškraipymus": -2,
  "iškreipia": -2,
  "iškreiptas": -2,
  "iškreipti": -2,
  "iškrypėlis": -3,
  "išlaikė": -1,
  "išmesti": -1,
  "išmetimas": -1,
  "išmintis": 1,
  "išmokamos": 2,
  "išmuša iš vėžių": -2,
  "išnaudojamas": -2,
  "išnaudojant": -2,
  "išnaudoti": -2,
  "išniekinimas": -3,
  "išnykęs": -2,
  "išnykti": -1,
  "išpainioti": 1,
  "įspėja": -2,
  "įspėjimai": -3,
  "įspėjimas": -3,
  "įspėti": -2,
  "išpirkta": 2,
  "išplėsti": 1,
  "išplito": -2,
  "išprievartavo": -4,
  "išprovokavo": -1,
  "išprovokuoti": -1,
  "įspūdį": 3,
  "įspūdingas": 3,
  "įspūdžio": -2,
  "išpuolių": -1,
  "išrinktasis": 2,
  "išsamus": 2,
  "išsaugoti": 2,
  "išsekęs": -2,
  "išsekimo": -2,
  "išsiblaškęs": -2,
  "išsiblaškymas": -2,
  "išsigandęs": -2,
  "išsigandusi": -3,
  "išsigandusius": -2,
  "išsiuntimas": -2,
  "išsiųsti": -2,
  "Išsiųsti tremtyje": -2,
  "išskirti": 2,
  "išskirtinis": 2,
  "išsprendžia": 1,
  "išspręsta": 1,
  "išspręstas": 2,
  "išspręsti": 2,
  "išstūmimo": -1,
  "iššūkis": -1,
  "iššvaistęs": -2,
  "iššvaistytos": -2,
  "išteisina": 2,
  "išteisino": 2,
  "išteisintas": 2,
  "išteisinti": 2,
  "isterija": -3,
  "isteriškas": -3,
  "Ištikimas": 3,
  "ištiktų": -1,
  "ištinęs": -1,
  "ištobulino": 2,
  "ištremta": -2,
  "ištremti": -2,
  "įstrigo": -2,
  "ištrūksta": -1,
  "ištvermė": 2,
  "įsukus": -3,
  "išvalytas": 1,
  "išvaryti": -2,
  "išvemiama": -3,
  "išvengta": -1,
  "išvengti": -1,
  "išvirta": -2,
  "įtaigus": 3,
  "įtaisas": -1,
  "įtakingas": 2,
  "įtampa": -1,
  "įtariamas": -1,
  "įtariamieji": -1,
  "įtarimai": -2,
  "įtarti": -1,
  "įtartinas": -2,
  "įteigti": 3,
  "įtempti": -2,
  "įtikina": 1,
  "įtikinti": 1,
  "įtraukti į adresyną": 2,
  "įtvirtino": 2,
  "įtvirtintos": -1,
  "įvertinimas": 2,
  "įvertinti": 2,
  "įvykdė": 2,
  "įvykdymas": 2,
  "įvykdyti": 2,
  "įžambus brūkšnys": -2,
  "įžeidė": -2,
  "įžeidimas": -2,
  "įžeidinėjimų": -2,
  "įžeidžiantis": -2,
  "įžeisti": -2,
  "Įžeisti": -3,
  "izoliuotas": -1,
  "įžūlus": 3,
  "įžvalgumas": 2,
  "jackasses": -4,
  "jaučiančių": -2,
  "jaudinantis": 3,
  "jaukumą": 2,
  "jaunatviškas": 2,
  "jausmas": 1,
  "jėga": 3,
  "Jėzus": 1,
  "judrus": 2,
  "juodinti": -2,
  "juokas": 1,
  "Juokas": 3,
  "juokaujamas": 2,
  "juokiasi": 1,
  "juokingas": 4,
  "juokingiau": 4,
  "juoktis": -2,
  "juridinis": 1,
  "kad": -2,
  "kailiai": -1,
  "Kaip": 2,
  "kalė": -5,
  "kalėjimas": -2,
  "kalės": -5,
  "kaliniai": -2,
  "kalinys": -2,
  "kalkės": -3,
  "kaltas": -3,
  "kaltė": -2,
  "kaltina": -2,
  "kaltinamas": -2,
  "kaltindama": -2,
  "kaltinimai": -2,
  "kaltinimas": -2,
  "kaltininkai": -2,
  "kaltininkas": -2,
  "kaltino": -2,
  "kamštukas": -2,
  "kamuojančios": -3,
  "kančia": -2,
  "kančios": -2,
  "kankina": -4,
  "kankinamas": -4,
  "kankinantis": -2,
  "kankinimas": -4,
  "kankinimus": -4,
  "kankintis": -3,
  "kapas": -2,
  "kaprizas": -2,
  "karas": -2,
  "karščiavimas": -2,
  "karštas": 1,
  "Karštis": -1,
  "kartus": -2,
  "kasdieniškas": -2,
  "katastrofa": -3,
  "katastrofiškas": -4,
  "katorga": -2,
  "kaupti": -1,
  "kažkokia": 0,
  "keblus": -2,
  "keistai": -1,
  "keistas": -1,
  "kekše": -4,
  "kenčia": -1,
  "kenkia": -2,
  "kenkiančio": -2,
  "kentėjo": -3,
  "kentėti": -2,
  "kentėtojas": -2,
  "kerštas": -2,
  "kerštingas": -2,
  "keršytojas": -2,
  "Keršytojas": -2,
  "kibirkštis": 1,
  "kietas": 2,
  "Kieti dalykai": 3,
  "Kilniai": 3,
  "kilniausias": 2,
  "kilnus": 2,
  "Kinder": 2,
  "kirstukas": -4,
  "kirtimas": -2,
  "kirvis": -1,
  "klaida": -2,
  "klaidina": -3,
  "klaidinantis": -3,
  "klaidingai": -2,
  "klaidingas": -2,
  "klaidingos": -2,
  "klaidos": -2,
  "klaikus": -2,
  "klamstwo": -2,
  "klastotės": -3,
  "klastoti": -3,
  "klastotojas": -3,
  "klausimai": 1,
  "klausimas": 1,
  "klestintis": 3,
  "kliūtis": -2,
  "kliūtys": -2,
  "klysti": -2,
  "kokybė": 2,
  "komedija": 1,
  "komentarai": 2,
  "komfortą": 2,
  "komfortas": 2,
  "komiškas": 1,
  "kompetencijos": 1,
  "kompetentingas": 2,
  "komplimentas": 2,
  "koneveikti": -2,
  "konfliktai": -2,
  "konfliktas": -2,
  "Konkurencinis": 2,
  "kontrabanda": -2,
  "kontroversiškai": -2,
  "korupcija": -3,
  "korupciją": -3,
  "kova": -1,
  "kovoja": -2,
  "kovojo": -1,
  "kovos": -1,
  "kovoti": -1,
  "kratus": -2,
  "kritika": -2,
  "kritikai": -2,
  "kritikas": -2,
  "kritikavo": -2,
  "kritikuoja": -2,
  "kritikuoti": -2,
  "krizė": -3,
  "kruopštumas": 2,
  "kruša": 2,
  "kruvinas": -3,
  "Kudos": 3,
  "kurie riboja": -2,
  "kurstymas maištauti": -2,
  "kurtinantis": -1,
  "kūrybinis": 2,
  "kvaila": -2,
  "kvailai": -2,
  "kvailas": -1,
  "kvailiai": -2,
  "kvailumas": -3,
  "kvailys": -2,
  "Kvailys": -3,
  "kvalifikuotai": 2,
  "kvapą gniaužianti": 5,
  "kviečiantis": 1,
  "kyšiai": -3,
  "kyšis": -3,
  "labai": -2,
  "labai linksmas": 2,
  "Labas rytas": 1,
  "labdaringas": 2,
  "laidotuvės": -1,
  "laiko tarpas": -1,
  "laimė": 3,
  "laimei": 2,
  "laimėjimas": 4,
  "laimėjo": 3,
  "laimina": 2,
  "laimingai": 3,
  "laimingas": 3,
  "laimingiausia": 3,
  "laisvas": -3,
  "laisvė": 2,
  "laisvės": 2,
  "laive": 1,
  "lakios vaizduotės": 2,
  "Lankomumo": -2,
  "lapai": 2,
  "lašas": -1,
  "laughting": 1,
  "laukia \"": -1,
  "laukiamas": 2,
  "laukta": -1,
  "laukti": -1,
  "lavonas": -1,
  "lawl": 3,
  "ledinis": -1,
  "leisti": 1,
  "lėkštas": -2,
  "lemiamas": 1,
  "lemtis": -2,
  "lengvai pamirštamas": -1,
  "lengvas": 1,
  "lengvatos": 1,
  "lengvumas": 2,
  "letargija": -2,
  "lėtas ir sunkus": -2,
  "liepsningas": 2,
  "lietingas": -1,
  "Lietusmētelis": 2,
  "liga": -1,
  "ligos": -1,
  "ligų": -2,
  "likers": 2,
  "likusi našle": -1,
  "linksma": 4,
  "linksmas": 3,
  "linksmins": 3,
  "linksmintis": 3,
  "liūdėjo": -2,
  "liūdesys": -2,
  "liūdinti": -2,
  "liūdnas": -2,
  "lmao": 4,
  "LMFAO": 4,
  "lobiai": 2,
  "lobis": 2,
  "lobistai": -2,
  "lobistas": -2,
  "lobizmas": -2,
  "lobizmu": -2,
  "lojalumas": 3,
  "lojalus": 3,
  "lolol": 4,
  "lololol": 4,
  "lolololol": 4,
  "lool": 3,
  "loool": 3,
  "looool": 3,
  "lovelies": 3,
  "lunatikai": -3,
  "luošumą": -2,
  "lyčių": -2,
  "lygmalas": -2,
  "madingas": 3,
  "maištingas": -2,
  "maitintojo": 2,
  "maladaption": -2,
  "maldevelopment": -2,
  "malonė": 2,
  "malonės": 3,
  "Maloniai": 2,
  "maloningas": 3,
  "malonu": 5,
  "malonumai": 2,
  "malonumas": 3,
  "malonumų": 3,
  "malonus": 3,
  "malšinančių": 2,
  "Malšino": 3,
  "mandagumas": 2,
  "mandagus": 2,
  "manipuliacijos": -1,
  "manipuliuojama": -1,
  "manipuliuoti": -1,
  "maras": -3,
  "Maskavimo": -1,
  "maskuoti": -1,
  "mąstantis": 2,
  "maurai": -3,
  "maždaug": 0,
  "mažėja": -1,
  "mažina": -1,
  "mažuma": -2,
  "Męczący": -2,
  "medalis": 3,
  "meditacinė": 1,
  "mėgaujasi": 2,
  "mėgautis": 2,
  "mėgstamas": 2,
  "mėgstamiausių": 2,
  "mėgstantis bylinėtis": -2,
  "meilė": 3,
  "meilus": 3,
  "meistriškumas": 3,
  "melagiai": -3,
  "melagingas liudijimas": -3,
  "melagis": -3,
  "melancholija": -2,
  "melavo": -2,
  "meldžia": 1,
  "melstis": 1,
  "mEMORIAM": -2,
  "menkesnis": -2,
  "menkina": -2,
  "menkinti": -1,
  "mėšlungis": -1,
  "messed": -2,
  "metodinis": 2,
  "metodiškai": 2,
  "mieguistas": -2,
  "mielas": 3,
  "mieliausias": 3,
  "miglotas": -2,
  "mirčių": -2,
  "mirė": -3,
  "miręs": -3,
  "mirthfully": 3,
  "mirti": -3,
  "mirtinas": -2,
  "mirtingumas": -2,
  "mirtis": -2,
  "misconducted": -2,
  "misconducting": -2,
  "misconducts": -2,
  "misleaded": -3,
  "misplaces": -2,
  "misplacing": -2,
  "misreport": -2,
  "misreports": -2,
  "mišrūnai": -5,
  "mistifikuoti": -2,
  "mistikas": 3,
  "mitas": -1,
  "modernizavimas": 2,
  "modernizuoja": 2,
  "modernizuota": 2,
  "modernizuoti": 2,
  "mokesčiai": -2,
  "mokėti": -1,
  "mokėti išmoką": 1,
  "mongering": -2,
  "monopolizuoja": -2,
  "monopolizuota": -2,
  "monopolizuoti": -2,
  "monotoniškas": -1,
  "Monotonny": -2,
  "moping": -1,
  "motherfucker": -5,
  "Motherfucking": -5,
  "motyvacija": 1,
  "motyvuojanti": 2,
  "motyvuotas": 2,
  "motyvuoti": 1,
  "mulkis": -3,
  "mūšiai": -1,
  "mūšis": -1,
  "muštynės": -2,
  "Muštynės": -1,
  "myli": 3,
  "mylimas": 3,
  "mylimasis": 3,
  "mylintis": 2,
  "myžti": -4,
  "n00b": -2,
  "naikinantis": -3,
  "naikinimas": -3,
  "naivuolis": -2,
  "naivus": -2,
  "Narcisizmas": -2,
  "narkomanas": -2,
  "našta": -2,
  "natūralus": 1,
  "nauda": 2,
  "naudingai": 2,
  "naudingas": 2,
  "naudingumas": 2,
  "naudojasi": 2,
  "naudojimosi teisės atėmimas": -2,
  "Naujokas": -2,
  "naujovė": 1,
  "naujoviška": 2,
  "navikas": -2,
  "ne": -1,
  "Ne dvasia": -2,
  "neaišku": -1,
  "neaiškus": -1,
  "neapdairus": -2,
  "neapgalvotas": -2,
  "neapkęsti": -3,
  "neapsaugotas": -1,
  "neapsisprendęs": -1,
  "neapsižiūrėjimas": -1,
  "neapykanta": -3,
  "neatleisti": 2,
  "neatleistinas": -3,
  "neatsakingai": -2,
  "neatsakingas": -2,
  "neatsargus": -2,
  "Neatsispiriamas": 2,
  "neatsižvelgiama": -2,
  "neatsižvelgiant": -2,
  "neatvykęs": -1,
  "Nebaigtas": -1,
  "Necienīgs": -2,
  "nedalyvaujantys": -1,
  "Nedalyvavimas": -2,
  "nedarbas": -2,
  "nedarbingas": -2,
  "nedarbingumas": -2,
  "nedarbos": -1,
  "nedėkingas": -3,
  "nedelsiant": 1,
  "nedoras": -2,
  "nedorėlis": -2,
  "nedovanotinas": -3,
  "neefektyviai": -2,
  "neefektyvumas": -2,
  "neefektyvus": -2,
  "neetiškas": -2,
  "negailestinga": -2,
  "negalavimai": -2,
  "negalėjo pakęsti": -3,
  "negali": -2,
  "negaliojantis": -2,
  "negandų": -3,
  "negatyvumo": -2,
  "negerai": -2,
  "negras": -5,
  "negrįžtamai": -1,
  "negrįžtamas": -1,
  "negyvas": -1,
  "neigė": -2,
  "neigia": -2,
  "neigiama": -2,
  "neigiamas": -2,
  "neįprasta": 3,
  "neišmanantis": -2,
  "neišmintinga": -2,
  "neišsipildžiusių": -2,
  "neišspręstas": 5,
  "neįtikėtinas": -1,
  "neįtikino": -1,
  "Neįtraukti": -1,
  "neįvertintos": -2,
  "nejautrumas": -2,
  "nejautrus": -2,
  "nejuokinga": -2,
  "nekamuos": -2,
  "nekantriai laukiantis": 2,
  "nekantrus": -2,
  "nekenčia": -3,
  "nekenčiamas": -3,
  "nekęsti": -3,
  "nekompetentingas": -2,
  "nekompetentingumas": -2,
  "nelaimė": -2,
  "nelaimės": -2,
  "nelaimingas": -2,
  "nelaimingų atsitikimų": -2,
  "nelaimingumo": -2,
  "nelankstumo": -2,
  "nelegaliai": -3,
  "nelemtas": -2,
  "nelinkęs": -2,
  "nelinksma": -2,
  "nelinksmas": -2,
  "nelogiškas": -2,
  "nemalonus": -2,
  "Nemalonus": -3,
  "nemėgimas": -2,
  "nemėgstamas": -2,
  "nemėgti": -3,
  "nemiga": -2,
  "Nemīlams": -2,
  "nemirtingas": 2,
  "nemokamai": 1,
  "nemokantis": -2,
  "nemoksliška": -2,
  "nemokus": -2,
  "nemotyvuotą": -2,
  "nemylimi": -2,
  "nenauda": -2,
  "nenaudingas": -2,
  "nenaudingumas": -2,
  "nenugalimas": 2,
  "nenumaldomai": 2,
  "nenuoseklus": -2,
  "nenuvertinant": -1,
  "neorganizuotas": -2,
  "nepagarba": -2,
  "nepagarbūs": -2,
  "nepageidaujamas": -2,
  "nepagrįstas": -2,
  "nepaiso": -2,
  "nepaisymas": -2,
  "nepaisyti": -2,
  "nepakankamai": -1,
  "nepakankamai įvertinti": -1,
  "nepakankamas": -2,
  "nepakankamumas": -2,
  "nepakeliamas": -2,
  "nepakenčiamas": -2,
  "nepaklausiau": -2,
  "nepalaikomas": -2,
  "nepalankioje padėtyje": -2,
  "nepalankus": -2,
  "nepaliaujamas": -1,
  "nepaliestas": 2,
  "nepanašu": -1,
  "neparduotas": -1,
  "Neparlamentārs": -2,
  "nepasiekiamas": -1,
  "nepasitenkinimas": -2,
  "nepasitikėjimas": -3,
  "nepataisomas": -2,
  "nepatenkintas": -2,
  "nepatikėti": -2,
  "nepatiklus": -3,
  "nepatogumas": -2,
  "nepatogus": -2,
  "nepatrauklus": -2,
  "nepatvirtinimus": -2,
  "nepatvirtintas": -1,
  "nepatvirtintus": -2,
  "nepavyko": -2,
  "nepavyksta": -2,
  "nepažeidžiamas": 2,
  "nepermaldaujamas": -3,
  "nepiktnaudžiaujant": -2,
  "nepriekaištinga": 2,
  "nepriekaištingai": 2,
  "nepriimtinas": -2,
  "neprilygstamas": 2,
  "neprisijungęs": -1,
  "nepritaikyti": -2,
  "nepritaria": -2,
  "nepritariama": -2,
  "nepritarimas": -2,
  "nepritarti": -2,
  "neproduktyvus": -2,
  "neprofesionaliai": -2,
  "neproporcingas": -2,
  "neracionalus": -1,
  "neramus": -2,
  "neraštingumas": -2,
  "nereikšmingas": -2,
  "nerijos ribos": -2,
  "nerimą": -2,
  "nerimas": -2,
  "nerimauti": -3,
  "nerišlus": -2,
  "nervai": -1,
  "nervina": -2,
  "nervingai": -2,
  "nervingas": -1,
  "nervų": -2,
  "neryškus": -2,
  "neryžtingas": -2,
  "nesąmonė": -2,
  "nesant": -2,
  "nesantaika": -2,
  "nesaugus": -2,
  "nesavanaudis": 2,
  "Nesąžininga": -2,
  "nesąžiningas": -2,
  "Nesąžiningi": -2,
  "nesėkmė": -2,
  "nesėkmingai": -2,
  "nesėkmingas": -2,
  "nesirūpinantis": -2,
  "neskanus": -2,
  "nestabilus": -2,
  "nesudėtingos": -2,
  "nesugebėjimas": -2,
  "nesugriaunamas": 2,
  "nesupranta": -2,
  "nesuprantamas": -2,
  "nesuprastas": -2,
  "nesuprasti": -2,
  "nesusipratimas": -2,
  "nesustabdomas": 2,
  "nesutaikomas": -2,
  "nesutarimas": -2,
  "nesuteršta": 2,
  "nesutikti": -2,
  "nešvankus": -2,
  "nesveikas": -2,
  "neteisėtai": -2,
  "neteisėtas": -2,
  "Neteisėtas": -2,
  "neteisingai": -2,
  "neteisingai klasifikuoja": -2,
  "neteisingai klasifikuotos": -2,
  "neteisingai paskirstyti vaidmenis": -2,
  "neteisingai suprasti": -1,
  "neteisingas": -2,
  "neteisingų duomenų": -2,
  "neteisybė": -2,
  "netenka": -3,
  "netikintis": -1,
  "netikras": -1,
  "netinkamai": -2,
  "netinkamai veikiančią": -2,
  "netinkamai vertinamas": -3,
  "netinkamas": -2,
  "netinkamo": -2,
  "netobulas": -2,
  "netvarka": -2,
  "netyčia": -2,
  "netyčinis": -2,
  "neužtikrintos": -2,
  "nevaisingas": -2,
  "neveikia": -3,
  "neveikimas": -2,
  "neveiksmingas": -2,
  "neveiksnus": -2,
  "nevertas": -2,
  "nevienodas": -1,
  "neviltis": -3,
  "nevykėlis": -3,
  "nevykęs": -2,
  "nežino": -2,
  "nežinojimas": -2,
  "nežmoniškas": -2,
  "niausiai": -2,
  "Niedorzeczność": -2,
  "Niehigieniczny": -2,
  "niekam tikęs žmogus": -2,
  "niekinantis": -2,
  "niekingas": -2,
  "niekšiškas": -1,
  "nieprawdziwie": -2,
  "niežulys": -2,
  "nigeriai": -5,
  "niokojimas": -2,
  "Niūri": -2,
  "niūrus": -2,
  "norai": 1,
  "noras": 2,
  "norėti": 1,
  "nubaudimas": -2,
  "nubausti": -2,
  "nudėti": -2,
  "nudurtas": -2,
  "nudžiugęs": 4,
  "nudžiuginti": 2,
  "nugalėjo": -2,
  "nugalėti": -2,
  "nugalėtojas": 4,
  "nugarėlės": 1,
  "nukentėjęs": -2,
  "nukentėti": -2,
  "nukritęs": -2,
  "nulaužė": -1,
  "Nuleidimas į gręžinių spaudžiant": -2,
  "nuliūdęs": -2,
  "nuliūdinti": -2,
  "nuliūdo": -2,
  "numatymas": 1,
  "nuniokotas": -2,
  "nuniokoti": -2,
  "nunuodytas": -2,
  "nuobodumas": -2,
  "nuobodus": -2,
  "nuodai": -2,
  "nuodėmė": -2,
  "nuodėmės": -2,
  "nuodėmingas": -3,
  "nuodingas": -3,
  "nuolankus": 1,
  "nuoširdumas": 2,
  "nuoširdus": 2,
  "Nuoširdus": 3,
  "nuoširdžiai": 2,
  "nuoširdžiausią": 2,
  "nuoskauda": -2,
  "nuosmukis": -2,
  "nuosprendį": -2,
  "nuosprendžiai": -1,
  "nuostabiai": 4,
  "nuostabu": 4,
  "nuostabus": 4,
  "nuostoliai": -3,
  "nuostolingas": -3,
  "nuostolis": -3,
  "nuostolius": -3,
  "nuotaikingas": 3,
  "Nuotykiai": 2,
  "nuotykis": 2,
  "nuovargis": -2,
  "nuramino": 2,
  "nuraminti": 3,
  "nusausintos": -2,
  "nusidedame": -2,
  "nusijuokė": 1,
  "nusikaltėliai": -3,
  "nusikaltėlis": -2,
  "nusikaltimą": -2,
  "nusikaltimai": -2,
  "nusikaltimas": -2,
  "nusileidęs": -2,
  "nusiminėlis": -1,
  "nusiminęs": -2,
  "nusiminimas": -1,
  "nusipelnęs": 2,
  "nusiraminęs": -2,
  "nusistovėjęs": 2,
  "nusišypsojo": 2,
  "nusivilti": -2,
  "nusivylęs": -2,
  "nusivylimas": -2,
  "Nusivylimas": -2,
  "nusivylimų": -2,
  "nusižengiančioms": -2,
  "nusižengti": -2,
  "nuskęsta": -2,
  "nuskęsti": -2,
  "nuskriausti": -2,
  "nuslėpti": -3,
  "nusmelkė": -2,
  "nustatė": -1,
  "nustatyti": -1,
  "nustebęs": 2,
  "nustojo galioti": -1,
  "nuteistas": -2,
  "nutekėjimas": -1,
  "nutekėjo": -1,
  "nutirpęs": -1,
  "nutraukia": -1,
  "nutrauktas": -1,
  "nutraukusio": -2,
  "nutrinti": -2,
  "nuversti nuo bėgių": -2,
  "nuvilia": -2,
  "nuvilti": -2,
  "nužudymas": -2,
  "nužudyti": -3,
  "nykus": -2,
  "objektyvus": 2,
  "obstrukcija": -2,
  "Oho": 4,
  "Oi": -2,
  "Okpienie": -2,
  "OKS": 2,
  "oksimoronas": -1,
  "optimistiškas": 2,
  "optimizmas": 2,
  "optionless": -2,
  "orientuota": 2,
  "orientyras": 2,
  "orumas": 2,
  "Ospały": -2,
  "ostracizes": -2,
  "Ouch": -2,
  "outmaneuvered": -2,
  "Outreach": 2,
  "overprotective": -2,
  "overreacted": -2,
  "overreacting": -2,
  "overreacts": -2,
  "oversell": -2,
  "overselling": -2,
  "oversells": -2,
  "oversold": -2,
  "Paaiškinti": 2,
  "paaukoti": 2,
  "paaukštintas": 1,
  "pabėga": -1,
  "Pabegti": -1,
  "pablogėja": -3,
  "Pablogėja": -2,
  "pablogėjimas": -3,
  "pablogėjo": -2,
  "pablogėti": -2,
  "pablogina": -2,
  "pabloginti": -2,
  "pabrėžtas": -2,
  "pabrėžti": 2,
  "padaro": -2,
  "padarydamas": -2,
  "Padarytą": -2,
  "padaryti": -2,
  "padeda": 2,
  "padėti": 2,
  "padidėjo": 1,
  "padidina": -2,
  "padidinimą": -2,
  "padidino": 1,
  "padidinti": 1,
  "padirbta": -3,
  "padirbtas": -3,
  "Padovanok dovaną Pasiūlyk savaitės": -2,
  "padrąsinantis": 2,
  "pagalba": 2,
  "pagarba": 2,
  "pagarsėjęs": -2,
  "pagedęs": -2,
  "pageidaujamas": 2,
  "pageidaujantis": 1,
  "pagerbiami": 2,
  "pagerbimas": 2,
  "pagerėjo": 2,
  "pagerina": 2,
  "pagerinti": 2,
  "pagirti": 2,
  "pagražinti": 3,
  "pagrįstai": 2,
  "pagrobė": -2,
  "pagrobia": -2,
  "pagrobimai": -2,
  "pagrobimas": -2,
  "pagrobtas": -2,
  "pagrobti": -2,
  "paguldytas į ligoninę": -2,
  "Paguodos": 2,
  "pagyrė": 2,
  "pagyrimas": 3,
  "pagyrūniškas": -2,
  "painu": -2,
  "pajėgumas": 1,
  "pajuoka": -2,
  "pajuokiamas": -2,
  "pakabinamas": -1,
  "pakankamas": 1,
  "pakenkimas": -2,
  "pakenkta": -2,
  "pakenkti": -2,
  "pakili": 2,
  "pakili nuotaika": 3,
  "pakilios nuotaikos": 4,
  "pakilti": 1,
  "paklausa": -1,
  "pakliuvom": -4,
  "pakviesti": 1,
  "pakyla": 1,
  "palaikyti": 2,
  "palaima": 3,
  "palaimingas": 3,
  "palaiminimai": 3,
  "palaiminti": 2,
  "palankiai": 2,
  "palankiai vertina": 2,
  "palankus": 3,
  "palieka": -2,
  "palikti": -1,
  "palūkanos": 1,
  "Pamiršau": -1,
  "pamiršote": -1,
  "pamiršta": -1,
  "pamiršti": -1,
  "pamišėlis": -3,
  "paneigti": -2,
  "panieka": -2,
  "paniekinamas": -2,
  "paniekinti": -2,
  "Paniekos": -2,
  "panika": -2,
  "paniką": -3,
  "panikos kėlėjas": -2,
  "paniuręs": -1,
  "papai": -2,
  "papeikimą": -2,
  "papeikimai": -2,
  "papeikimas": -2,
  "papildymu": -2,
  "papirkinėjimą": -3,
  "papirko": -3,
  "paprastumas": 1,
  "paradoksas": -1,
  "paralyžiuotas": -2,
  "parama": 2,
  "pareikšti ieškinį": -2,
  "parengtas": 1,
  "parodija": -2,
  "pasakiškai": 4,
  "pašalinimas": -1,
  "pasekmės": -2,
  "pasenęs": -2,
  "pasibaisėjęs": -2,
  "pasibaisėtinas": -2,
  "pasiekė": 1,
  "pasiekiamas": 1,
  "pasiekimai": 2,
  "pasiekimas": 2,
  "pasiekti": 1,
  "pasigailėtinas": -2,
  "pasiilgęs namų": -2,
  "pasijuokti": -2,
  "pasiklysti": -1,
  "pasimetė": -2,
  "pasipiktinęs": -2,
  "pasipiktinimas": -2,
  "pasipūtęs": -2,
  "Pasirinktą": 1,
  "pasiruošęs": -2,
  "pasislėpė": -1,
  "pasiteisinimas": -1,
  "pasitikėjimas": 2,
  "pasitikintis savimi": 2,
  "pasitraukti": -1,
  "pasiturintis": 2,
  "pasiutęs": -1,
  "paskatinimas": 2,
  "paskatinti": 2,
  "paskendęs": -2,
  "paslėpti": -1,
  "pasmaugti": -1,
  "pasmerkimas": -2,
  "pasmerktas": -2,
  "pastangų": 2,
  "pastebimas": 2,
  "pašto šiukšlintojas": -3,
  "pasunkinti": -2,
  "pasveikino": 2,
  "pasveikinti": 2,
  "pasyviai": -1,
  "pasyvus": -1,
  "patartinas": 1,
  "pateisina": 2,
  "pateisinamas": 2,
  "patenkinimas": 2,
  "Patenkinta": 2,
  "patenkintas": 3,
  "patikėta": 2,
  "patikimai": 2,
  "patikimas": 2,
  "patikimumas": 2,
  "patiklumas": -2,
  "patiklus": -2,
  "patiko": 2,
  "patogiai": 2,
  "patogus": 2,
  "patraukliai": 2,
  "patrauklumą": 2,
  "patrauklus": 2,
  "patraukti baudžiamojon atsakomybėn": -1,
  "patvirtina": 1,
  "patvirtinimas": 2,
  "patvirtino": 2,
  "patvirtintas": 2,
  "patvirtinti": 2,
  "Patyčios": -2,
  "patyrė": -2,
  "pavargęs": -2,
  "paveiktas": -1,
  "pavergė": -2,
  "pavergia": -2,
  "pavergti": -2,
  "pavogtas": -2,
  "pavogti": -2,
  "pavojingai": -2,
  "pavojingas": -2,
  "pavojingi": -2,
  "Pavojingumo": -2,
  "pavojus": -2,
  "pavydas": -1,
  "pavydi": -1,
  "pavydus": -2,
  "pavyko": 3,
  "pavyksta": 3,
  "pavykti": 3,
  "pažadai": 1,
  "pažadas": 1,
  "pažadėjo": 1,
  "pažangus": 1,
  "pažeidė": -2,
  "pažeidimai": -2,
  "pažeidimai,": -2,
  "pažeidimas": -2,
  "pažeidus": -2,
  "pažeidžia": -2,
  "pažeidžiamas": -2,
  "pažeidžiamumas": -2,
  "pažeisti": -2,
  "Pažeisti": -2,
  "pažeminimas": -3,
  "pažemintas": -2,
  "pederastas": -3,
  "peikimas": -2,
  "pelnas": 2,
  "pelningas": 3,
  "penis": -4,
  "per stipriai reaguoti": -2,
  "peradresuotas": -1,
  "perdedu": -2,
  "perdėjimas": -2,
  "perdėta reakcija": -2,
  "perdėtas": -2,
  "perdėti": -2,
  "perdirba": 1,
  "perėjimas": -2,
  "pergalė": 3,
  "pergalės": 3,
  "Pergalės": 4,
  "Perimti kamuoliai": -2,
  "perkėlė į": -1,
  "perkrovimas": -1,
  "perlas": 3,
  "permainingas": -1,
  "persekioja": -1,
  "persekiojami": -2,
  "persekioji": -2,
  "persekioti": -2,
  "perspėjo": -2,
  "perspektyva": 1,
  "perspektyvos": 1,
  "pertraukia": -2,
  "pertraukimas": -2,
  "pertrauktas": -2,
  "pertraukti": -2,
  "pervargęs": -3,
  "pervertina": -2,
  "peržengia": -2,
  "pesimistinis": -2,
  "pesimizmas": -2,
  "phobic": -2,
  "piktas": -2,
  "piktdžiuga": 3,
  "piktdžiugiaujantis": 3,
  "piktnaudžiauja": -3,
  "piktnaudžiaujama": -3,
  "piktnaudžiavimai": -3,
  "piktnaudžiavimas": -2,
  "pilkas": -1,
  "piqued": -2,
  "pirmaujantis": 2,
  "pirštis": 3,
  "pissing": -3,
  "pistoletas": -1,
  "pjaustymas": -1,
  "plakimas": -1,
  "platybės": 1,
  "plečiasi": 1,
  "plėšikas": -2,
  "plojimai": 2,
  "plojo": 2,
  "ploti": 2,
  "po grėsmė": -2,
  "pokštai": -1,
  "poliruotas": 2,
  "populiarumas": 3,
  "populiarus": 3,
  "poreikiai": -1,
  "potrauminis": -2,
  "prabanga": 2,
  "pradėjo": 1,
  "pradingo": -1,
  "pragaras": -4,
  "pragariškas": -2,
  "prakeikimas": -1,
  "prakeiktas": -2,
  "praleidau": -2,
  "praleisti": -2,
  "pramogos": 3,
  "pranašesnis": 2,
  "pranašumas": 2,
  "praradimą": -2,
  "prarastas": -3,
  "prarasti": -3,
  "prašmatnus": 2,
  "Prašom": 1,
  "prastai": -2,
  "prastas": -2,
  "prastesni": -2,
  "pražūtingas": -3,
  "prblm": -2,
  "prblms": -2,
  "priblokštas": -2,
  "prieinamas": 1,
  "prieinamos": 2,
  "priekabiauja": -3,
  "priekabiauti": -3,
  "priekabiavimas": -3,
  "priekis": 1,
  "priėmimas": 1,
  "priešai": -2,
  "priešas": -2,
  "Priešingu": -2,
  "priešininkas": -1,
  "priešiškas": -2,
  "priešiškumas": -2,
  "priespauda": -2,
  "priespaudą": -2,
  "prieštaraujantis": -2,
  "prieštaringas": -2,
  "Prieštaringas": -1,
  "prievarta": -2,
  "prievartautojas": -4,
  "priežiūra": 2,
  "priima": 1,
  "Priima sprendimą": 2,
  "Priimamos": 1,
  "priimti": 1,
  "priimtinas": 1,
  "priklausomas": 2,
  "primesti": -1,
  "pripažinimas": 2,
  "pripažino": -1,
  "pripažintas": 2,
  "pripažinti": -1,
  "pripažįsta,": -1,
  "prisiekia": -2,
  "prisiekti": -2,
  "prisijungti": 1,
  "prisirišimas": 3,
  "prislėgtas": -2,
  "prisukamas": -2,
  "pritaikyti": 1,
  "pritikti": 2,
  "pritraukti": 2,
  "pritrenkiantis": 3,
  "pritrenktas": 3,
  "pritvirtinti": 2,
  "privalomas": -1,
  "privalumai": 2,
  "priverstas": -1,
  "priversti": 1,
  "privilegijuotas": 2,
  "problema": -2,
  "problemos": -2,
  "Profiliniai": -2,
  "progresas": 2,
  "propaganda": -2,
  "protestai": -2,
  "protestas": -2,
  "protestuoja": -2,
  "protestuotojai": -2,
  "protingas": 2,
  "protingesni": 2,
  "protingiausias": 2,
  "proto": 2,
  "protrūkiai": -2,
  "protrūkis": -2,
  "provokuoja": -1,
  "provokuojanti": -1,
  "Pseudomokslas": -3,
  "psichiškai nesveikas": -2,
  "psichopatinis": -2,
  "puikiai": 3,
  "puikus": 5,
  "puola": -1,
  "puolame į neviltį": -3,
  "puoselėja": 2,
  "puoselėjant": 2,
  "puoselėjanti": 2,
  "puoselėti": 2,
  "purvas": -2,
  "purvinas": -2,
  "putojantis": 3,
  "pyktis": -2,
  "rafinuotas": 3,
  "rageful": -2,
  "ramina": 2,
  "Raminančią": 2,
  "raminantis": 3,
  "ramus": 2,
  "randai": -2,
  "randas": -2,
  "ranters": -3,
  "Rants": -3,
  "rapsas": -4,
  "raptured": 2,
  "rasistai": -3,
  "rasistas": -3,
  "rasizmas": -3,
  "rasti pasigailėjimą akyse": -1,
  "ratifikavo": 2,
  "Ratio": 2,
  "raudojimas": -2,
  "reabilituojančių": 2,
  "reabilituotas": 2,
  "reabilituoti": 2,
  "reaguojantis": 2,
  "realizuoja": 2,
  "reikalavo": -1,
  "reiklus": -1,
  "reikšmė": 1,
  "reikšmingas": 2,
  "rėkia": -2,
  "reklamavimas": -2,
  "rekomenduoja": 2,
  "Rekomenduojamas": 2,
  "rekomenduoti": 2,
  "rėkti": -2,
  "rėmėjai": 1,
  "rėmėjas": 1,
  "remia": 2,
  "remti": 1,
  "rėmų": -2,
  "repelentas": -2,
  "rezoliucija": 2,
  "riaušės": -2,
  "riboja": -2,
  "ribos": -1,
  "ribotas": -1,
  "riešutai": -3,
  "rimtas": 2,
  "Rinktin": -2,
  "rizika": -2,
  "rizikingas": -2,
  "robing": -2,
  "roflcopter": 4,
  "roflmao": 4,
  "rojus": 3,
  "rol": 4,
  "romanas": 2,
  "romantical": 2,
  "romantika": 2,
  "romantiškai": 2,
  "ROTFL": 4,
  "rotflmfao": 4,
  "rotflol": 4,
  "Rozdrażniony": -2,
  "rožė": 1,
  "Rozjątrzony": -2,
  "rūkstančioji": -2,
  "rūpesčiai": 2,
  "rūpestinga": 2,
  "rūpintis": -2,
  "rūstus": -3,
  "ryškiai": 2,
  "ryškiausia": 2,
  "ryškiausias": 1,
  "ryškumas": 1,
  "ryžtingas": 2,
  "šaipėsi": -2,
  "sąjungininkas": 2,
  "sakiniai": -2,
  "sakinys": -2,
  "saldesnis": 3,
  "saldus": 2,
  "šalina": -2,
  "šališkas": -2,
  "šališkumas": -1,
  "saluting": 2,
  "šalutiniai poveikiai": -2,
  "šalutinis poveikis": -2,
  "Samogwałt": -2,
  "sąmokslas": -3,
  "samtelis": 3,
  "sandėris": 2,
  "šansas": 2,
  "santaupos": 1,
  "šantažas": -3,
  "šantažuojamas": -3,
  "šantažuoti": -3,
  "Sapīcis": -2,
  "sarkastiškas": -2,
  "šaudymas": -2,
  "šaudyti": -1,
  "saugiai": 1,
  "saugiau": 2,
  "saugumas": 1,
  "saugus": 1,
  "šaukė": -2,
  "šauksmas": -1,
  "saulės šviesa": 2,
  "Saunus": 1,
  "savanaudis": -3,
  "savanaudiškumas": -3,
  "savange": -2,
  "savanges": -2,
  "savarankiškai prieštaringi": -2,
  "savarankiškai suklaidintas": -2,
  "sąvartynas": -1,
  "savininkiškas": -2,
  "savižudiškas": -2,
  "savižudybė": -2,
  "savižudybės": -2,
  "savybės": 2,
  "scumbag": -4,
  "šedevrai": 4,
  "šedevras": 4,
  "sėkmė": 3,
  "Sėkmė": 4,
  "sėkmingai": 3,
  "sėkmingas": 3,
  "seksualus": 3,
  "sentimentalus": -1,
  "sergantis": -2,
  "sexistic": -2,
  "shithead": -4,
  "shoody": -2,
  "siaubas": -3,
  "siaubinga": -3,
  "siaubingai": -3,
  "siaubingas": -3,
  "siaubti": -2,
  "siaubus": -3,
  "sielvartas": -2,
  "sielvartingas": -3,
  "šikna": -4,
  "šiknius": -5,
  "silpnaprotis": -3,
  "silpnas": -2,
  "silpnumas": -2,
  "šiltas": 1,
  "šiluma": 2,
  "simpatija": 2,
  "simpatingas": 2,
  "simpatiškas": 2,
  "singleminded": -2,
  "šio": 1,
  "širdžiai malonus": 3,
  "šiukšlinimu": -2,
  "šiurkščiai": -2,
  "šiurkštus": -2,
  "šiurpus": -2,
  "skaidomas": -2,
  "skaitytis": -2,
  "skandalai": -3,
  "skandalas": -3,
  "skandalingas": -3,
  "skanus": 3,
  "skatina": 2,
  "skatinami": 2,
  "skatinantis": 2,
  "skatino": 1,
  "skatinti": 1,
  "skauda": -2,
  "skausmai": -2,
  "skausmas": -2,
  "Skausmas": -2,
  "skausmingai": -3,
  "skausmingas": -2,
  "skepticizmas": -2,
  "skeptikai": -2,
  "skeptikas": -2,
  "skeptiškas": -2,
  "skirta": 2,
  "sklandžiai": 2,
  "skola": -2,
  "skubus": -1,
  "Skubus atvėjis": -2,
  "Skundai": -2,
  "skundas": -2,
  "skundėsi": -2,
  "skundžiasi": -2,
  "skurdas": -1,
  "skurdesnės": -2,
  "skurdžiausia": -2,
  "skųstis": -2,
  "škvalas": -2,
  "skvarbus": 2,
  "šlamštas": -2,
  "slegia": -2,
  "slegiantis": -2,
  "slėgis": -1,
  "slėpimas": -1,
  "Slėpti": -1,
  "slidus": 2,
  "slidžiausiu": 2,
  "slogus": -3,
  "slopinti": -1,
  "slopus": -2,
  "šlovė": 2,
  "šlovingas": 2,
  "slumping": -1,
  "slydimas": -1,
  "šlykštėtis": -3,
  "šlykštumas": -3,
  "šlykštus": -3,
  "slypi": -1,
  "smagiai": 2,
  "smalsus": 2,
  "smarkiai": -3,
  "smarkus": -1,
  "smaugia": -2,
  "Smegenų plovimas": -3,
  "šmeižikiškas": -2,
  "smerkia": -2,
  "smerkti": -2,
  "smilkalas": -2,
  "smilkalų": -2,
  "smilkinimui": -2,
  "smirdantis": -2,
  "smirdžius": -2,
  "smogas": -2,
  "smuggles": -2,
  "smukos": -2,
  "smurtas": -3,
  "smurtas susijusi": -3,
  "smurtinis": -3,
  "šnekama": -2,
  "šnipštas": -2,
  "snubs": -2,
  "socialiai remtiniems asmenims": -2,
  "šokai": -2,
  "šokas": -2,
  "šokiruojantis": -2,
  "Solidarumas": 2,
  "spalvingi": 3,
  "spameriai": -3,
  "spąstai": -1,
  "Spąstai": -2,
  "spąstus": -1,
  "spaudžiami": -2,
  "spekuliacinis": -2,
  "spekuliantas": -2,
  "spindesys": 3,
  "sprendimai": 1,
  "sprendimas": 1,
  "sprendžiant": 2,
  "squanders": -2,
  "squelched": -1,
  "stabilus": 2,
  "Stabs": -2,
  "staklės": -1,
  "Stank": -2,
  "starves": -2,
  "statyti į pavojų": -2,
  "stebėjosi": 2,
  "stebina": 2,
  "stebinti": 3,
  "stebuklai": 3,
  "stebuklas": 4,
  "stereotipas": -2,
  "stimuliuoja": 1,
  "stingti": 2,
  "stinked": -2,
  "stipresnis": 2,
  "stipriausia": 2,
  "Stiprina": 2,
  "stiprinimas": 2,
  "stiprinti": 2,
  "stiprus": 2,
  "stiprybes": 2,
  "streikai": -1,
  "streikas": -1,
  "stresas": -1,
  "stresoriai": -2,
  "stresorius": -2,
  "Strikers": -2,
  "stula": -2,
  "stulbinantis": 4,
  "Stulbinantis": 3,
  "su nuolaida": -1,
  "su trūkumais": -3,
  "suabejojo": -1,
  "suakmenėjęs": -2,
  "suardyti": -2,
  "subalansuotas": 1,
  "sucks": -3,
  "sudarė": -1,
  "šūdas": -3,
  "sudaužė": -2,
  "suderinti": 2,
  "sudėtingas": 2,
  "šūdinas": -3,
  "sueing": -2,
  "suėmimai": -2,
  "sugadintas": -3,
  "sugadinti": -2,
  "sugedęs": -1,
  "sugėdintas": -2,
  "sugėdinti": -2,
  "sugedo": -1,
  "suglumęs": -2,
  "sugriautas": -3,
  "sugriovimo": -2,
  "suimtas": -3,
  "suimti": -2,
  "suinteresuotas": 2,
  "suirzęs": -3,
  "sujaudinimas": 3,
  "sukčiai": -3,
  "sukčiavimai": -4,
  "sukčiavimas": -4,
  "Sukčiavimas": -3,
  "sukčius": -3,
  "sukietėja": 2,
  "sukilėliai": -2,
  "sukilėlių": -2,
  "sukilimas": -2,
  "suklaidinta": -2,
  "suklaidinti": -3,
  "suklastoti": -1,
  "sukrečiantys": -2,
  "sulaikymas": -2,
  "sulaikytas": -2,
  "sulaikyti": -2,
  "sulaužymas": -2,
  "sulėtinti": -2,
  "sulking": -2,
  "sumanus": 1,
  "sumažėjo": -1,
  "sumažindavo": -1,
  "sumažino": -2,
  "sumenkinti": -2,
  "sumišęs": -2,
  "sumuštas": -2,
  "sunaikina": -3,
  "sunaikinti": -2,
  "sunerimęs": -2,
  "sunkinantis": -2,
  "sunkios": -2,
  "sunkių": -3,
  "sunku": -1,
  "sunkumas": -2,
  "sunkus": -1,
  "šunsnukis": -5,
  "sūnusofakalė": -5,
  "supainioti": -2,
  "supanikavo": -3,
  "supaprastina": -2,
  "supaprastinimas": -2,
  "supaprastino": -2,
  "Super": 3,
  "supjaustyti": -1,
  "suplyšusi": -2,
  "supuvęs": -3,
  "supykdė": -3,
  "suriko": -2,
  "šurmulys": -3,
  "susiduria": -1,
  "susidūrimas": -2,
  "susidūrimo": -1,
  "susidurti": -1,
  "susierzinęs": -2,
  "susierzinimas": -2,
  "susijaudinęs": 3,
  "susikrimtęs": -2,
  "sušikti": -4,
  "sušikti didelis": 4,
  "sušikti fantastiška": 4,
  "sušikti geras": 4,
  "sušikti gražus": 4,
  "sušikti karšto": 2,
  "sušikti mielas": 4,
  "sušikti myli": 4,
  "sušikti nuostabi": 4,
  "sušikti pažinčių": 4,
  "sušikti tobula": 4,
  "susilpnėjo": -2,
  "susilpnina": -2,
  "susiraukęs": -1,
  "susirūpinęs": -2,
  "susitarimas": 1,
  "susitarti": 1,
  "susižavėjimas": 3,
  "susižavėjusi": 3,
  "sustabdymas": -1,
  "sustabdyti": -1,
  "sustingti": 2,
  "sustiprino": 2,
  "sustojimai": -1,
  "sustojo": -1,
  "susvetimėjimas": -2,
  "sutaikantis": 2,
  "sutaikinti": 2,
  "sutartas": 1,
  "sutaupyti": 2,
  "suteikimas": 1,
  "suteikta": 1,
  "suteikti": 1,
  "suteneris": -2,
  "suteršta": -2,
  "sutikimai": 2,
  "sutikimas": 2,
  "sutinka": 1,
  "sutrikdo": -2,
  "sutrikdyti": -2,
  "sutrikimai": -2,
  "sutrikimas": -2,
  "Sutrikimas": -2,
  "sutrikimų": -2,
  "sutriktų": -2,
  "sutrikusi": -2,
  "sutrinka": -2,
  "sutrukdyti": -2,
  "sutrumpinimas": -2,
  "Sutrumpinimas": -2,
  "suvaržytas": -2,
  "suviliojo": -1,
  "suvokti": 2,
  "sužadinti": 3,
  "sužalojimas": -2,
  "sužavėtas": 4,
  "sužavėti": 3,
  "sužeistas": -2,
  "sužlugdytas": -2,
  "svaiginantis": -2,
  "švaistomi": -2,
  "švaistymas": -2,
  "svajingas": -1,
  "svajonės": 1,
  "svajoti": 1,
  "svarba": 2,
  "svarbus": 2,
  "švarus": 2,
  "sveikas": 2,
  "sveikina": 2,
  "Sveikiname": 2,
  "sveikinimai": 2,
  "Sveikinimai": 2,
  "sveikinimas": 2,
  "Sveikinu": 2,
  "švelnumas": 2,
  "švelnus": 2,
  "švenčia": 3,
  "Šventės": 3,
  "šventimas": 3,
  "šventinis": 2,
  "šventiškas": 2,
  "Švęsti": 3,
  "šviesus": 2,
  "šviežias": 1,
  "švinkti": -2,
  "swindles": -3,
  "šykštus": -2,
  "šypsena": 2,
  "šypsenų": 2,
  "šypsokis": 2,
  "taika": 2,
  "taikiai": 2,
  "taip": 1,
  "Taip": 1,
  "talentas": 2,
  "tam tikras": 1,
  "tamsa": -1,
  "tamsėja": -2,
  "tamsiausias": -2,
  "tard": -2,
  "tardytas": -2,
  "tarp mūsų": 2,
  "tarša": -2,
  "tartis": -1,
  "teig": 2,
  "Teigia": 2,
  "teigiamai": 2,
  "teigiamas": 2,
  "teisę": 1,
  "teisėtai": 2,
  "teisėtas": 2,
  "teisinga kryptimi": 3,
  "teisingumas": 2,
  "teisiškai": 1,
  "teismo šaukimas": -2,
  "teisumas": 2,
  "tempia": -1,
  "tepinėlis": -2,
  "teroristai": -2,
  "teroristas": -2,
  "terorizuojama": -2,
  "terorizuojami": -3,
  "terorizuoti": -3,
  "terrorizes": -3,
  "teršalai": -2,
  "teršalas": -2,
  "teršalų,": -2,
  "teršėjai": -2,
  "teršia": -2,
  "teršti": -2,
  "tęsiasi": 1,
  "tiesa": 2,
  "tiesiai": 1,
  "tikėjimas": 1,
  "tikimybė": 2,
  "tikiuosi": 2,
  "tikri": -1,
  "tikslingas": 2,
  "tingus": -1,
  "Tinkamą": 2,
  "tinkamai": 2,
  "tinkamas": 2,
  "tirada": -3,
  "tironiškas": -3,
  "tobulinimas": 2,
  "tobulinti": 1,
  "tobulumas": 3,
  "tolerancija": 2,
  "tolerantiškas": 2,
  "totalitarinis": -2,
  "totalitarizmas": -2,
  "touts": -2,
  "trafaretiškas": -2,
  "tragedija": -2,
  "tragedijų": -2,
  "tragiška": -2,
  "traiškyti": -1,
  "trankymas": -2,
  "traukia": 1,
  "trauktis": -1,
  "trauma": -3,
  "trauminis": -3,
  "traumų": -2,
  "treasonous": -3,
  "trėmimai": -2,
  "tremti": -1,
  "trestai": 1,
  "triukšmingas": -1,
  "triukšmo slopinimo": -1,
  "triumfas": 4,
  "triumfuojantis": 4,
  "trokštantis": 2,
  "trolis": -2,
  "trūkčioti": -3,
  "trukdančias": -2,
  "trukdoma": -2,
  "Trukdymas": -2,
  "trukdyti": -2,
  "trūkumai": -2,
  "trūkumas": -2,
  "trūkumų": -2,
  "trumparegiška": -2,
  "trumparegystė": -2,
  "trupinimo": -1,
  "Tryumfujący": 3,
  "turtas": 3,
  "turtingai": 2,
  "turtingas": 2,
  "turtingesni": 2,
  "tuščia": -1,
  "tuščiaviduris": -1,
  "tuštuma": -1,
  "tvaikas": -2,
  "tvariai": 2,
  "tvarumas": 1,
  "tvarus": 2,
  "tvirtas": 2,
  "tvirtina": 2,
  "tvirtindama": -1,
  "tvirtinimas": -2,
  "Twat": -5,
  "tyčiojosi": -2,
  "Tyčiotis": -2,
  "tykoti": -1,
  "Tyran": -3,
  "Tyrannic": -3,
  "tyrans": -3,
  "tyrinėjimai": 1,
  "tyrinėjimas": 1,
  "ugh": -2,
  "uncredited": -1,
  "uninvolving": -2,
  "unreleting": -2,
  "unresearched": -2,
  "uolus": 2,
  "utėlėtas": -2,
  "užblokuotas": -1,
  "uždegimas": -2,
  "uždegimo pertrūkiai": -2,
  "uždraustas": -2,
  "uždrausti": -1,
  "užgaulus": -3,
  "užguitas": -2,
  "užjaučiantis": 2,
  "užkirsti kelią": -1,
  "užkrečia": -2,
  "užkrečiamas": -1,
  "užkrėsti": -2,
  "užmaršus": -2,
  "užmaskuoti": -1,
  "užmuštas": -3,
  "užpuolė": -1,
  "užpuolimas": -2,
  "užpuolimų": -2,
  "užsiimti": 1,
  "Užsikrečiama": -2,
  "Užsikrečiama parazitams": -2,
  "užsikrėtę": -2,
  "užsispyręs": -2,
  "užteršimas": -2,
  "užteršta": -2,
  "užterštas": -2,
  "užteršti": -2,
  "užtikrina": 2,
  "užtikrintai": 2,
  "užtikrinti": 2,
  "užtverta": -2,
  "užuojauta": 2,
  "vadovavimas": 1,
  "vagis": -2,
  "vagystė": -2,
  "vaidentis": -1,
  "vaiduoklis": -1,
  "vaiduokliškos": 1,
  "vaikiškas": -2,
  "vaizdingas": 2,
  "valdantieji": 1,
  "valdžia": 1,
  "valio": 5,
  "valytuvas": 2,
  "vangus": -2,
  "vargas": -2,
  "varžovas": -1,
  "varžymasis": -2,
  "varžyti": -2,
  "Vedėjas": -1,
  "veidmainiškas": -2,
  "veiks neteisingai": -2,
  "veiksmingas": 2,
  "velnias": -3,
  "velniškai mielas": 3,
  "vemia": -3,
  "vėmimas": -3,
  "vemti": -3,
  "vengia": -1,
  "vengimas": -1,
  "vengti": -1,
  "ventiliatorius": 3,
  "verčiamas": -2,
  "verdiktas": -1,
  "vergai": -3,
  "vergas": -3,
  "vergija": -3,
  "verkia": -2,
  "verkimas": -2,
  "verkti": -2,
  "vertas": 2,
  "verteiva": -2,
  "vertina": 2,
  "vertinamas": 2,
  "veržimasis": -2,
  "vešlus": 4,
  "Vėžys": -1,
  "victimizes": -3,
  "vidurių užkietėjimas": -2,
  "vidutinybė": -3,
  "vieną kartą gyvenime": 3,
  "vienas": -2,
  "vieninga": 1,
  "vieningas": 1,
  "vienišas": -2,
  "vientisumas": 2,
  "vikrus": 2,
  "viktimizacija": -3,
  "vilkti": -1,
  "viltingas": 2,
  "viltis": 2,
  "viltys": 2,
  "virpėjimas": -2,
  "viršus": 2,
  "virulentinis": -2,
  "visur esantis": 2,
  "vitaminas": 1,
  "Vitriola": -3,
  "vizija": 1,
  "vizijos": 1,
  "vizualizavimas": 1,
  "VVG": -2,
  "walkouts": -2,
  "wanker": -3,
  "warmhearted": 2,
  "WINWIN": 3,
  "woohoo": 3,
  "wooo": 4,
  "woow": 4,
  "wowow": 4,
  "wowww": 4,
  "wprawia, pagirti": 3,
  "WTF": -4,
  "wtff": -4,
  "wtfff": -4,
  "Xo": 3,
  "xoxo": 3,
  "xoxoxo": 4,
  "xoxoxoxo": 4,
  "yeees": 2,
  "yra derinamas": 2,
  "žadintuvas": -2,
  "Zagłodzony": -2,
  "žaidimas keičiasi": 3,
  "žaismingas": 2,
  "žaizda": -1,
  "žala": -2,
  "žalia plauti": -3,
  "žalia skalbimo": -3,
  "žalingas": -2,
  "žalios": -1,
  "žavėjo": 3,
  "žavesys": 3,
  "žavėti": 3,
  "žavėtis": 3,
  "žavi": 3,
  "žaviai": 3,
  "žavisi": 3,
  "žavus": 3,
  "žeidžia": -2,
  "Žemiausia": -1,
  "žeminančią": -2,
  "Ženklinimas prekiniu ženklu klaidinanti": -3,
  "žėrėjimas": 3,
  "žiauriai": -3,
  "žiaurumas": -3,
  "žiaurus": -2,
  "žioplys": -4,
  "žįsti": -3,
  "žlugdo": -2,
  "žlugęs": -2,
  "žlugimas": -2,
  "žlugo": -2,
  "žlugti": -2,
  "žlunga": -2,
  "žmogžudysčių": -2,
  "žmogžudystė": -2,
  "žmogžudystės": -2,
  "Žmogžudystės": -3,
  "žudikas": -2,
  "žudymas": -3,
  "žuvusiųjų": -3,
  "žvitrus": 2,
  "žygdarbiai": -2,
  "žymių": 2,
  "žymus": 3
}