{
  "a ilegalno": -2,
  "adekvatan": 1,
  "admiralski brod": 2,
  "adoring": 3,
  "adoringly": 3,
  "affectionateness": 3,
  "agonises": -3,
  "agonistički": -3,
  "agresija": -2,
  "agresije": -2,
  "agresivan": -1,
  "agresivnost": -2,
  "aktivan": 1,
  "alarm": -2,
  "alarmisti": -2,
  "aleluja": 3,
  "alergičan": -2,
  "ambiciozan": 2,
  "ambivalentan": -1,
  "amusements": 3,
  "Angers": -3,
  "anksioznost": -2,
  "anti": -1,
  "apatičan": -3,
  "apatija": -3,
  "apeshit": -3,
  "aplaudirali": 2,
  "apokaliptičan": -2,
  "arogantan": -2,
  "assfucking": -4,
  "astoundingly": 3,
  "atentat": -3,
  "atrakcije": 2,
  "atraktivan": 2,
  "atraktivnost": 2,
  "aura": 1,
  "avaj jao meni": -1,
  "avantura": 2,
  "avanture": 2,
  "axed": -1,
  "bačena": -2,
  "badass": -3,
  "bagra": -3,
  "bakšiš": -3,
  "bamboozled": -2,
  "bamboozles": -2,
  "bankrotirati": -3,
  "bankster": -3,
  "baviti": 1,
  "benefitted": 2,
  "benefitting": 2,
  "bereaves": -2,
  "bereaving": -2,
  "bešavni": 2,
  "beskorisnost": -2,
  "beskoristan": -2,
  "beskućnik": -2,
  "besmislen": -2,
  "besmislica": -2,
  "besmrtan": 2,
  "besplatno": 1,
  "besplodan": -2,
  "bespomoćan": -2,
  "besprijekoran": 2,
  "besprijekorno": 2,
  "bez greške": 2,
  "bez napora": 2,
  "bez odmora": -2,
  "bez otiska": -2,
  "bez podrške": -2,
  "bez premca": 1,
  "bez radosti": -2,
  "bez života": -2,
  "bez značenja": -2,
  "bez zuba": -2,
  "bezbrižan": 1,
  "beživotan": -1,
  "beznačajan": -2,
  "beznadan": -2,
  "beznadežnost": -2,
  "bezobzirni": -2,
  "bezuspješno": -2,
  "bezvoljan": -2,
  "bezvrijedan": -2,
  "bi se osiguralo": 1,
  "bijeda": -2,
  "bijedan": -2,
  "bijeg": -1,
  "bijeljenje": -3,
  "bijenje": -1,
  "bijes": -2,
  "bijesan": -3,
  "Bitka": -1,
  "bitke": -1,
  "bitno": 1,
  "bizaran": -2,
  "bjesnilo": -3,
  "bježi": -1,
  "blag": 1,
  "blagajnik u": -2,
  "blago": 2,
  "blagoslivlja": 2,
  "blagoslov": 3,
  "blagoslovi": 3,
  "blagosloviti": 2,
  "blagostanje": 2,
  "blatan": -2,
  "blažen": 3,
  "blaženstvo": 3,
  "bljutav": -2,
  "blockbuster": 3,
  "blok": -1,
  "blokada": -2,
  "blokiran": -1,
  "blokiranje": -1,
  "blokovi": -1,
  "bodreći": 2,
  "bodriti": 2,
  "bog": 1,
  "bogat": 2,
  "bogatiji": 2,
  "bogato": 2,
  "bogatstvo": 3,
  "bojazan": -2,
  "bojeći": -2,
  "bojkot": -2,
  "bojkota": -2,
  "bojkoti": -2,
  "bojkotirala": -2,
  "bol": -2,
  "bolan": -1,
  "bolest": -1,
  "bolestan": -2,
  "bolesti": -1,
  "boli": -2,
  "bolje": 2,
  "boljeti": -2,
  "bolnicima": -2,
  "bomba": -1,
  "borba": -1,
  "borbe": -2,
  "bore": -2,
  "Bori se protiv": -1,
  "borili": -1,
  "boriti": -1,
  "božji dar": 4,
  "branitelj": 2,
  "branitelji": 2,
  "braveness": 2,
  "bravura": 3,
  "briga": 2,
  "brige": 2,
  "brilliances": 3,
  "brinuti": -3,
  "brižan": 2,
  "brojčano": -2,
  "brutalan": -3,
  "brutalno": -3,
  "bruto": -2,
  "brz": 2,
  "brzo": 2,
  "bučan": -1,
  "budala": -2,
  "budalast": -2,
  "budale": -2,
  "budan": 3,
  "bujan": 4,
  "buka": -3,
  "buntovan": -2,
  "bušotina": -2,
  "čaroban": 3,
  "čast": 3,
  "čekati": -1,
  "cenzor": -2,
  "cenzori": -2,
  "cenzurirano": -2,
  "čestitam": 2,
  "Čestitamo": 2,
  "čestitati": 2,
  "čestitka": 2,
  "čežnja": 1,
  "čežnja za domom": -2,
  "charmless": -3,
  "chastises": -3,
  "chided": -3,
  "cijeni": 2,
  "cijeniti": 2,
  "cijenjen": 3,
  "ciničan": -2,
  "cinik": -2,
  "cinizam": -2,
  "čio": 2,
  "čist": 2,
  "čistač": 2,
  "Čisti": 1,
  "čisto": 1,
  "clouded": -1,
  "clueless": -2,
  "cocksuckers": -5,
  "conciliates": 2,
  "conciliating": 2,
  "consolable": 2,
  "contagions": -2,
  "cool stvari": 3,
  "courageousness": 2,
  "čovjek koji diže uzbunu bez razloga": -2,
  "coziness": 2,
  "criminated": -3,
  "criminates": -3,
  "crnčuga": -5,
  "crnje": -5,
  "čudan": -1,
  "čudesa": 3,
  "ćudljiv": -1,
  "čudno": -1,
  "čudo": 4,
  "curenje": -1,
  "Da": 1,
  "danak": 2,
  "dar": 2,
  "darovale": 2,
  "darovati": 2,
  "dati ostavku": -1,
  "deformacija": -2,
  "deformacije": -2,
  "deformiran": -2,
  "defrauds": -3,
  "degradira": -2,
  "degradirati": -2,
  "dehumanizira": -2,
  "dehumanizirajuće": -2,
  "dehumanizovati": -2,
  "dejecting": -2,
  "dejects": -2,
  "demantiji": -2,
  "demonstracija": -1,
  "demoralizatorski": -2,
  "demoralizes": -2,
  "demoraliziran": -2,
  "demoralizirati": -2,
  "dena": -2,
  "deplored": -3,
  "deportacija": -2,
  "deportaciju": -2,
  "deportovan": -2,
  "deports": -2,
  "depresivan": -2,
  "depresivno": -2,
  "derides": -2,
  "destruktivno": -3,
  "detracted": -1,
  "dezinformacija": -2,
  "dezorijentirano": -2,
  "dijamant": 1,
  "dilema": -1,
  "dilligence": 2,
  "dimljiv": -2,
  "dionice": 1,
  "dipshit": -3,
  "dirljiv": 2,
  "disapproving": -2,
  "disfunkcija": -2,
  "disinclined": -2,
  "diskontiraju": -1,
  "diskreditirani": -2,
  "diskriminira": -2,
  "diskriminirajući": -2,
  "diskriminirani": -2,
  "diskvalificiran": -2,
  "disrespected": -2,
  "divan": 5,
  "diveći": 3,
  "divi": 3,
  "diviti se": 3,
  "divljački": -2,
  "divlje bjekstvo": -2,
  "divno": 3,
  "diže": 1,
  "djela": -2,
  "djelotvoran": 2,
  "djetinjast": -2,
  "djetinji": -2,
  "djevojčura": -5,
  "dobit": 2,
  "dobivanjem": 2,
  "dobro": 3,
  "dobro jutro": 1,
  "dobro njegovan": 2,
  "dobro razvijene": 2,
  "dobro usmjerena": 2,
  "dobro uspostavljena": 2,
  "dobro zagovarao": 3,
  "dobročinitelji": 2,
  "dobrodošla": 2,
  "Dobrodošli": 2,
  "dobrohotan": 2,
  "dobronamjeran": 3,
  "dobrota": 3,
  "dobroti": 3,
  "dobrotvor": 2,
  "dobrotvoran": 2,
  "dodging": -2,
  "dodgy": -2,
  "dodijeliti": 3,
  "dogovoren": 1,
  "dohvatiti": 1,
  "donacija": 2,
  "doniranje": 2,
  "donirao": 2,
  "donosi": 1,
  "dopustiti": 1,
  "dosada": -2,
  "dosadan": -2,
  "dosađivanje": -2,
  "dosadno": -2,
  "dosegao": 1,
  "dosezati": 2,
  "doseže": 1,
  "dostižan": 1,
  "dostizanje": 1,
  "dostojan": 2,
  "dostojanstvo": 2,
  "dostupan": 2,
  "douchebag": -3,
  "doviknuti": 2,
  "Downer": -2,
  "draga": 2,
  "dragi": 3,
  "dragocjen": 2,
  "dragulj": 3,
  "dragulji": 1,
  "draž": 3,
  "dreka": -3,
  "drekavac": -3,
  "drekavaca": -3,
  "drhtanje": -2,
  "drhtav": -2,
  "Droopy": -2,
  "đubrište": -1,
  "dug": -2,
  "duh": 1,
  "dupe": -4,
  "dušmanin": -3,
  "efikasnost": 2,
  "ekološki prihvatljiv": 2,
  "ekskluzivan": 2,
  "eksploatira": -2,
  "eksploatiran": -2,
  "ekstremista": -2,
  "ekstremisti": -2,
  "elegantan": 2,
  "elegantno": 2,
  "embarrasses": -2,
  "empatični": 2,
  "energičan": 2,
  "energija": 3,
  "ENRAGÉS": -2,
  "enraging": -2,
  "entuzijastičan": 3,
  "etički": 2,
  "euforično": 4,
  "euforija": 3,
  "evakuacija": -1,
  "evakuacijom": -1,
  "evakuiran": -1,
  "evakuirati": -1,
  "evergreena": 2,
  "evergreening": -3,
  "exasparate": -2,
  "exasperates": -2,
  "excruciatingly": -1,
  "exhilarates": 3,
  "exonerates": 2,
  "fagot": -3,
  "falsificirani": -3,
  "falsifikovati": -3,
  "fanatici": -2,
  "fanatik": -2,
  "fantastičan": 4,
  "fascinantan": 3,
  "fascinira": 3,
  "fascinirati": 3,
  "fašisti": -2,
  "fašistički": -2,
  "fatalan": -3,
  "fatalnost": -3,
  "favorizira": 2,
  "favourited": 2,
  "felonies": -3,
  "fenomenalno": 4,
  "fer": 2,
  "fijasko": -3,
  "filantropija": 2,
  "fin": 3,
  "fino": 2,
  "flops": -2,
  "fobijski": -2,
  "foreclosures": -2,
  "frikin": -2,
  "frustracija": -2,
  "frustrira": -2,
  "frustrirajući": -2,
  "frustriran": -2,
  "frustrirati": -2,
  "FTW": 3,
  "fuckface": -4,
  "fuckhead": -4,
  "fuckin": -4,
  "fucktard": -4,
  "FUD": -3,
  "fuked": -4,
  "fuking": -4,
  "gadan": -3,
  "gađenje": -3,
  "gadovi": -5,
  "galantan": 3,
  "galantno": 3,
  "galantnost": 3,
  "geg": -2,
  "glad": -2,
  "gladak": 2,
  "gladan": -2,
  "glamourous": 3,
  "glasan": -1,
  "glavobolja": -2,
  "glup": -1,
  "glupan": -3,
  "glupo": -2,
  "glupost": -3,
  "gnjaviti": -2,
  "gnjev": -2,
  "gnjevan": -2,
  "gnuša": -3,
  "gnušati se": -3,
  "goni": -1,
  "goniti": -1,
  "gonjenje": -1,
  "goofiness": -2,
  "gorak": -2,
  "gore": -3,
  "goropadnica": -4,
  "gostoljubiv": 2,
  "govnar": -4,
  "gr8": 3,
  "granice": -1,
  "grč": -1,
  "grditi": -2,
  "green wash": -3,
  "greenwash": -3,
  "greenwasher": -3,
  "greenwashers": -3,
  "greenwashing": -3,
  "greška": -2,
  "greške": -2,
  "grijeh": -2,
  "griješan": -3,
  "grijesi": -2,
  "gripa": -2,
  "gripozan": 2,
  "grob": -2,
  "grozan": -2,
  "groznica": -2,
  "grozota": -3,
  "grub": -2,
  "grubo": -2,
  "gubi": -3,
  "gubici": -3,
  "gubitak": -3,
  "gubiti boju": -2,
  "gubitnik": -3,
  "gubljenje": -1,
  "gunđanje": -2,
  "gušenje": -2,
  "gušio": -2,
  "gušiti": -2,
  "guzica": -5,
  "Ha": 2,
  "haha": 3,
  "hahaha": 3,
  "hahahah": 3,
  "haljama": -2,
  "haos": -2,
  "haotičan": -2,
  "haplessness": -2,
  "hardier": 2,
  "Harms": -2,
  "hazarder": 2,
  "heavyhearted": -2,
  "hehe": 2,
  "hendikep": -2,
  "heroji": 2,
  "herojski": 3,
  "histeričan": -3,
  "histerija": -3,
  "hitan": -1,
  "hlađenje": -1,
  "hrabar": 2,
  "hrabro": 2,
  "hrabrost": 2,
  "hranjen gore": -3,
  "hrom": -2,
  "huligan": -2,
  "huligani": -2,
  "huliganstvo": -2,
  "human": 2,
  "humerous": 3,
  "humor": 2,
  "humora": 2,
  "Hvala": 2,
  "hvalisav": -2,
  "Icky": -3,
  "idiot": -3,
  "idiotizam": -3,
  "idiotski": -3,
  "ignorirane": -2,
  "igramijenjanje": 3,
  "ilegalno": -3,
  "imbecil": -3,
  "imobiliziran": -1,
  "imovina": 2,
  "impeachments": -3,
  "impedingly": -2,
  "imperfekt": -2,
  "impotentan": -2,
  "impozantan": -1,
  "impresionira": 3,
  "impresioniran": 3,
  "impresionirati": 3,
  "impresivan": 3,
  "imun": 1,
  "incenses": -2,
  "incensing": -2,
  "indoctrinates": -2,
  "indoktriniran": -2,
  "indoktriniranje": -2,
  "indoktrinirati": -2,
  "inediable": -2,
  "infantilized": -2,
  "infarkt": -2,
  "infekcija": -2,
  "infekcije": -2,
  "infektivan": -2,
  "inferioran": -2,
  "infesting": -2,
  "infests": -2,
  "inficira": -2,
  "inficiran": -2,
  "infracted": -2,
  "infracting": -2,
  "infracts": -2,
  "inkvizicija": -2,
  "innovates": 1,
  "inovacija": 1,
  "inovacije": 1,
  "inovativan": 2,
  "insolventan": -2,
  "inspiracija": 2,
  "inspirativno": 2,
  "inspirira": 2,
  "inspiriranje": 3,
  "integritet": 2,
  "inteligentan": 2,
  "intenzivan": 1,
  "interes": 1,
  "interesi": 1,
  "intimnost": 2,
  "intransigency": -2,
  "invaliditetom": -2,
  "invalidnost": -2,
  "invazija": -1,
  "iracionalan": -1,
  "ireverzibilan": -1,
  "iritira": -2,
  "ironičan": -1,
  "ironija": -1,
  "iscrpljen": -1,
  "iseljenje": -1,
  "iskidan": -2,
  "iskliznica": -2,
  "isključen": -2,
  "isključenje": -1,
  "isključiti": -1,
  "iskorištavanje": -2,
  "iskorištavati": -2,
  "iskra": 3,
  "iskre": 3,
  "iskren": 3,
  "iskreno": 2,
  "iskrenost": 2,
  "iskriviti": -2,
  "iskrivljen": -2,
  "iskrivljenje": -2,
  "iskrivljeno": -2,
  "iskupljenje": 2,
  "iskušenje": -2,
  "ismijavanje": -2,
  "ismijavati": -2,
  "ispadi": -2,
  "ispiranje mozga": -3,
  "ispitivan": -2,
  "ispitivanje": -1,
  "ispod očekivanog": -2,
  "isprekidan": -2,
  "ispričao": -1,
  "ispričava": -1,
  "Ispričavam": 2,
  "ispričavati": -1,
  "ispuniti": 2,
  "ispunjava posebno": 2,
  "ispunjeni": 2,
  "ispunjenje": 2,
  "istaknut": 2,
  "istaknuti": 2,
  "istraživanja": 1,
  "istraživanje": 1,
  "Isus": 1,
  "isušen": -2,
  "izaziva": -1,
  "izazivati": -1,
  "izazov": -1,
  "izazvao": -1,
  "izbaciti iz kolosjeka": -2,
  "izbacivanje": -2,
  "izbijanje": -2,
  "izbije": -2,
  "izbjegava": -1,
  "Izbjegavajte": -1,
  "izbjegavati": -1,
  "izbo": -2,
  "izbrisan": 1,
  "izdaja": -3,
  "izdaje": -3,
  "izdajnički": -3,
  "izdaju": -3,
  "izdao": -3,
  "izdati": -3,
  "izdržljiv": 2,
  "izdržljivost": 2,
  "izgladneo": -2,
  "izgladnjuje": -2,
  "izgovor": -1,
  "izgubiti": -2,
  "izgubljen": -3,
  "izlaganje": -1,
  "izlaže": -1,
  "izložen": -1,
  "izložiti": -1,
  "izmučeni": -2,
  "iznenadio": -2,
  "iznevjeriti": -2,
  "izobliči": -2,
  "izolirani": -1,
  "izopćen": -2,
  "izostavljanje": -2,
  "izrasline": 2,
  "izrugivati": -2,
  "izruguje": -3,
  "izvanredan": 5,
  "izvinjavati": -1,
  "izvinjenje": -1,
  "izvršenje": 1,
  "izvršitelj": -2,
  "izvrsnost": 3,
  "Jača": 2,
  "jačanje": 2,
  "jači": 2,
  "jackasses": -4,
  "jadan": -2,
  "jadan i nesretan": -2,
  "jadno": -3,
  "jak": 2,
  "jako pivo": 2,
  "jako uzbudljiv": -3,
  "jamčiti": 1,
  "jao": -2,
  "jasno": 1,
  "jasnoća": 2,
  "jauk": -2,
  "jebač": -4,
  "jebani": -3,
  "jebati": -4,
  "jeben": -4,
  "jebena ljubav": 4,
  "jebeni": -4,
  "jebeni ljubavi": 4,
  "jebeni nevjerojatna": 4,
  "jebeno": -5,
  "jebeno dobar": 4,
  "jebeno fantastično": 4,
  "jebeno lijepa": 4,
  "jebeno savršen": 4,
  "jebeno slatka": 4,
  "jebeno super": 4,
  "jebeno vruće": 2,
  "jecaj": -2,
  "jecaje": -2,
  "jedak": -3,
  "jednoličan": -2,
  "jednom u životu": 3,
  "jednostavnost": 1,
  "jezerce": -2,
  "jeziv": -2,
  "Juhu": 3,
  "junak": 2,
  "kao": 2,
  "kapriciozan": 1,
  "karizma": 2,
  "kasapljenje": -2,
  "kasni": -1,
  "katastrofa": -2,
  "katastrofalan": -3,
  "kazna": -2,
  "kazne": -2,
  "kazneni": -2,
  "kazni": -2,
  "kazniti": -2,
  "kažnjava": -2,
  "kažnjavanje": -2,
  "kažnjen": -2,
  "kažnjeni": -2,
  "kihanje": -2,
  "kihnuo": -2,
  "kinder": 2,
  "kiše": -2,
  "kišni": -1,
  "kletva": -1,
  "klimav": -2,
  "klupe": -2,
  "kočnica": -1,
  "koji dira u srce": 3,
  "koji opet uvjerava": 2,
  "koji pada": -1,
  "koji remeti": -2,
  "koji voli": 2,
  "koji vrijeđa": -2,
  "koji zapaža razlike": -2,
  "kolaps": -2,
  "kolebanje": -1,
  "komedija": 1,
  "kompetencije": 1,
  "komplicira": -2,
  "komplikovan": -2,
  "kompliment": 2,
  "Komunikacijska": 1,
  "konfliktan": -2,
  "konkurentan": 2,
  "kontaminacija": -2,
  "kontaminanti": -2,
  "kontaminira": -2,
  "kontaminirati": -2,
  "kontroverzan": -2,
  "kontroverze": -2,
  "kontroverzno": -2,
  "kopile": -5,
  "korisnost": 2,
  "korist": 2,
  "koristan": 2,
  "koriti": -3,
  "korupcija": -3,
  "kose crte": -2,
  "krađa": -2,
  "krade": -2,
  "kratkovidan": -2,
  "kratkovidnost": -2,
  "kreativan": 2,
  "kreten": -3,
  "krijumčarenje": -2,
  "kriminal": -3,
  "kriminalac": -3,
  "kriminalci": -3,
  "krišom": -2,
  "kritičar": -2,
  "kritičari": -2,
  "kritika": -2,
  "kritikovati": -2,
  "kritizira": -2,
  "kritizirajući": -2,
  "kritizirao": -2,
  "kriv": -3,
  "krivi": -2,
  "krivica": -2,
  "krivo": -2,
  "krivo protumačena": -2,
  "krivokletstvo": -3,
  "kriza": -3,
  "kršenja": -2,
  "kršenje": -2,
  "krši": -2,
  "krvav": -3,
  "kuga": -3,
  "kuja": -5,
  "kuje": -5,
  "kukavica": -2,
  "kukavički": -2,
  "kune": -2,
  "kurac": -4,
  "kurva": -4,
  "kurvin sin": -4,
  "kvaliteta": 2,
  "kvari": -3,
  "kvarovi": -2,
  "kvragu": -3,
  "labav": -3,
  "LAG": -2,
  "lagao": -2,
  "lako": 1,
  "lakom": 2,
  "lakovjeran": -2,
  "lakovjernost": -2,
  "lakrdija": -1,
  "laughting": 1,
  "lawl": 3,
  "lažan": -1,
  "lažljivac": -3,
  "lažljivci": -3,
  "lažni": -3,
  "lažno": -2,
  "legalno": 1,
  "letalnost": -2,
  "letargičan": -2,
  "letargija": -2,
  "licemjeran": -2,
  "lijen": -1,
  "lijep": 3,
  "lijepo": 3,
  "likers": 2,
  "likujući": 3,
  "lišavanje": -3,
  "ljaga": -2,
  "ljepota": 3,
  "ljepotice": 3,
  "lješ": -1,
  "ljubav": 3,
  "ljubazan": 2,
  "ljubaznost": 2,
  "ljubimac": 2,
  "ljubitelji": 2,
  "ljubomora": -2,
  "ljubomoran": -2,
  "ljubomoru": -1,
  "ljupko": 3,
  "ljut": -3,
  "ljuti": -2,
  "lmao": 4,
  "LMFAO": 4,
  "loathes": -3,
  "lobi": -2,
  "lobirali": -2,
  "lobiranje": -2,
  "lobista": -2,
  "lobisti": -2,
  "lol": 3,
  "lolol": 4,
  "lololol": 4,
  "lolololol": 4,
  "lool": 3,
  "loomed": -1,
  "loool": 3,
  "looool": 3,
  "loš": -2,
  "Loša": -2,
  "loša sreća": -2,
  "loše": -3,
  "lovelies": 3,
  "lud": -2,
  "luđaci": -3,
  "luđak": -3,
  "luđi": -2,
  "ludilo": -2,
  "ludo": -3,
  "lukav": 2,
  "luksuz": 2,
  "madeup": -1,
  "mahnit": -1,
  "maladaption": -2,
  "maldevelopment": -2,
  "malodušan": -2,
  "maltretiraju": -2,
  "mamac": -2,
  "mana": -2,
  "manipulacija": -1,
  "manipulira": -1,
  "manjak": -2,
  "manjkav": -2,
  "maskiranja": -1,
  "maskirati": -1,
  "maštovit": 2,
  "Mattie": 2,
  "medalja": 3,
  "meditativan": 1,
  "mEMORIAM": -2,
  "metodičan": 2,
  "metodički": 2,
  "milost": 2,
  "milostiv": 3,
  "mio": 2,
  "mir": 2,
  "miran": 2,
  "miriti": 2,
  "mirno": 2,
  "mirovanje": -2,
  "mirthfully": 3,
  "misbehaved": -2,
  "misbehaves": -2,
  "misbranding": -3,
  "miscast": -2,
  "misclassify": -2,
  "misconducted": -2,
  "misconducting": -2,
  "misconducts": -2,
  "misleaded": -3,
  "misplaces": -2,
  "mispricing": -3,
  "misreports": -2,
  "mit": -1,
  "mita": -3,
  "mito": -3,
  "mladalački": 2,
  "modar": -2,
  "modernizacija": 2,
  "modernizira": 2,
  "moderniziran": 2,
  "modernizirati": 2,
  "moli": 1,
  "Molim": 1,
  "moliti": 1,
  "molitveni": 2,
  "moljenje": 1,
  "monopol": -2,
  "monopolističke": -2,
  "monopolizira": -2,
  "monopolizirati": -2,
  "monotonija": -1,
  "mori": -3,
  "motherfucker": -5,
  "motivacija": 1,
  "motivirajući": 2,
  "motiviran": 2,
  "motivirati": 1,
  "može \"t stajati": -3,
  "mrgodan": -2,
  "mrtav": -2,
  "mrtvački": -2,
  "mrzi": -3,
  "mrzio": -3,
  "mrzitelji": -3,
  "mrziti": -3,
  "mržnja": -3,
  "mržnje": -3,
  "mrzovoljan": -2,
  "mučen": -4,
  "mučenje": -4,
  "mučiti": -3,
  "mudrost": 1,
  "muka": -3,
  "mutno": -2,
  "n00b": -2,
  "na brodu": 1,
  "na odgovarajući način": 2,
  "nada": 2,
  "nadahnut": 2,
  "nadahnuti": 2,
  "nadajmo se": 2,
  "nadajući": 2,
  "nade": 2,
  "nadležan": 2,
  "nadražiti": -3,
  "nadražujući": -3,
  "nadzor": -1,
  "naglasio je": -2,
  "nagrada": 2,
  "nagrade": 3,
  "nagrađen": 3,
  "nagrađeni": 2,
  "nagrađivanje": 2,
  "naivan": -2,
  "naivni": -2,
  "najbolje": 3,
  "najbolji osuditi": 4,
  "najčišći": 1,
  "najdraži": 2,
  "najfiniji": 3,
  "najgorče": -2,
  "najgore": -2,
  "najgori": -3,
  "najjači": 2,
  "najluđa": -2,
  "najniža": -1,
  "najpametniji": 2,
  "najplemenitiji": 2,
  "najprljavijih": -2,
  "najsiromašnija": -2,
  "najslađi": 3,
  "najsretniji": 3,
  "Najsvjetliji": 2,
  "najtamnije": -2,
  "najveći": 3,
  "nakaza": -2,
  "naknade": -2,
  "nakupiti se": -1,
  "nameće": -1,
  "nametnuti": -1,
  "namjeran": 2,
  "namještena": -1,
  "namrštena": -1,
  "namučen": -3,
  "nanijeli": -2,
  "nanosi": -2,
  "nanositi": -2,
  "napad": -1,
  "napadački": -2,
  "napadaju": -1,
  "napadi": -1,
  "napadnut": -1,
  "napet": -2,
  "napetost": -1,
  "naporan": -2,
  "napredak": 2,
  "napredan": 1,
  "napušta": -2,
  "napušten": -2,
  "napustiti": -1,
  "narcisizam": -2,
  "narušava": -2,
  "narušena": -2,
  "narušili": -2,
  "nasamaren": -2,
  "nasamariti": -2,
  "naselja": 1,
  "naselje": 1,
  "nasilan": -3,
  "nasilje": -3,
  "nasilje vezane": -3,
  "nasilničko ponašanje": -2,
  "nasilnik": -4,
  "nasloni": 1,
  "nasmijan": 2,
  "nasmiješio": 2,
  "nasrtati": -2,
  "natjecatelj": -1,
  "nauditi": -2,
  "navijač": 1,
  "navijači": 1,
  "navijali": 2,
  "navod": -2,
  "navodi": -2,
  "nažalost": -2,
  "nazire": -1,
  "ne": -2,
  "Ne": -1,
  "ne prijavljuju": -2,
  "ne radi": -3,
  "ne slagati se": -2,
  "ne sviđa": -2,
  "ne vjerovati": -2,
  "ne voljeti": -2,
  "nebeski": 4,
  "necijenjen": -2,
  "nedjela": -2,
  "nedjelotvoran": -2,
  "nedolično se ponašati": -2,
  "nedopadljiv": -2,
  "nedosljedan": -2,
  "nedostaci": -2,
  "nedostaje": -2,
  "nedostatak": -2,
  "nedostatke": -2,
  "nedostižan": 2,
  "nedostojan": -2,
  "nedostupna": -1,
  "nedovoljan": -2,
  "nedovoljno": -2,
  "nedovoljno kuhana": -2,
  "nedovoljnost": -2,
  "neefikasan": -2,
  "neefikasnost": -2,
  "neetički": -2,
  "nefunkcionalna": -2,
  "negativan": -2,
  "negativnost": -2,
  "negira": -2,
  "negiraju": -2,
  "negodovanje": -2,
  "nehigijenski": -2,
  "nehuman": -2,
  "neinspiriran": -2,
  "neinteligentan": -2,
  "neispravan": -2,
  "neispunjen": -2,
  "neistinit": -2,
  "neistražena": -2,
  "neizvjestan": -2,
  "nejasan": -1,
  "nejednak": -1,
  "neka vrsta": 0,
  "nekako": 0,
  "nelagodan": -2,
  "nelagodnost": -2,
  "nelegitimni": -3,
  "nelogičan": -2,
  "nema zabave": -3,
  "nemaran": -2,
  "nemilosrdan": -1,
  "nemiri": -2,
  "nemotiviran": -2,
  "nenadoknadiv": -2,
  "nenamjeran": -2,
  "nenaučni": -2,
  "neobranjiv": -2,
  "neodgovarajući": -2,
  "neodgovoran": -2,
  "neodgovorno": -2,
  "neodlučan": -1,
  "neodobravanja": -2,
  "neodobravanje": -2,
  "neodobrenih": -2,
  "neodobrenoj": -2,
  "neodoljiv": 2,
  "neodoljivo": 2,
  "neoprostiv": -3,
  "neoriginalan": -2,
  "neosjetljiv": -2,
  "neosjetljivost": -2,
  "neparan": -2,
  "neparlamentarni": -2,
  "nepismenost": -2,
  "nepobjediv": 2,
  "nepodesnost": -2,
  "nepodnošljivo": -2,
  "neponovljivih": -2,
  "nepopustljiv": -2,
  "nepopustljivost": -2,
  "nepošten": -2,
  "nepoštovanje": -2,
  "nepotpun": -1,
  "nepotvrđen": -1,
  "nepovjerenje": -3,
  "nepovjerljiv": -1,
  "nepovoljan": -2,
  "nepovratno": -1,
  "nepoželjan": -2,
  "nepravda": -2,
  "nepravdu": -2,
  "nepravedan": -2,
  "nepravedno": -2,
  "nepravilne": -2,
  "neprihvatljiv": -2,
  "neprijatan": -2,
  "neprijatelj": -2,
  "Neprijatelji": -2,
  "neprijateljski": -2,
  "neprijateljstvo": -2,
  "neprikladan": -2,
  "neprimjetno": 2,
  "nepristojan": -2,
  "nepristojno": -2,
  "nepristran": 2,
  "neprivlačan": -2,
  "neprodan": -1,
  "neprofesionalan": -2,
  "nepromišljen": -2,
  "neranjiv": 2,
  "nerazumljiv": -2,
  "nered": -2,
  "neredovit": -1,
  "nervozan": -1,
  "nervozno": -2,
  "nesanica": -2,
  "nesebičan": 2,
  "neshvaćen": -2,
  "nesiguran": -1,
  "neslaganje": -2,
  "nesporazum": -2,
  "nesportsko ponašanje": -2,
  "nesposoban": -2,
  "nesposobni": -2,
  "nesposobnost": -2,
  "nespretan": -2,
  "nesrazmjeran": -2,
  "nesreća": -2,
  "nesretan": -2,
  "nestabilan": -2,
  "nestaje": -1,
  "nestao": -1,
  "nestašan": 2,
  "nestašica": -2,
  "nestašluci": -1,
  "nestati": -1,
  "nešto neprijatno": -2,
  "nestrpljiv": -2,
  "nesvjestan": -2,
  "netaknut": 2,
  "netočno": -2,
  "netočno iznošenje": -2,
  "neučinkovito": -2,
  "neudoban": -2,
  "neugodan": -2,
  "neugodnost": -2,
  "neukusan": -2,
  "neumirljiv": -2,
  "neumoljiv": -3,
  "neuništenog sjaja": 2,
  "neuništiv": 2,
  "neuredan": -2,
  "neuređen": -2,
  "neuspjeh": -2,
  "neuspješan": -2,
  "neuspješno": -2,
  "neustrašiv": 2,
  "neustrašivost": 2,
  "neutješan": -2,
  "neuvjeren": -1,
  "neveseo": -2,
  "nevin": -2,
  "nevjernički": -1,
  "nevjerojatan": 4,
  "nevjerojatno": -1,
  "nevolja": -2,
  "nevolje": -2,
  "Nevolje": -1,
  "nevoljen": -2,
  "nezaboravna": 1,
  "nezaboravni": -1,
  "nezadovoljan": -2,
  "nezadovoljstvo": -2,
  "nezahvalan": -3,
  "nezakonit": -3,
  "nezaposlen": -1,
  "nezaposlenost": -2,
  "nezaštićen": -2,
  "nezaustavljiv": 2,
  "nezdrav": -2,
  "neželjen": -2,
  "nezgodan": -2,
  "neznalica": -2,
  "neznanje": -2,
  "nije dobro": -2,
  "njegovanje": 2,
  "njegovati": 2,
  "njeguje": 2,
  "njegujući": 2,
  "nježan": 3,
  "nježnost": 2,
  "nonšalantan": 2,
  "noob": -2,
  "nosači": 2,
  "nosat": -2,
  "nuspojava": -2,
  "nuspojave": -2,
  "obaranje": -3,
  "obavezan": -1,
  "obazriv": -1,
  "obećan": 1,
  "obećanja": 1,
  "obećanje": 1,
  "obeshrabreni": -2,
  "obezvrijedio": -2,
  "obmana": -2,
  "obmanjiv": -3,
  "obmanjuju": -3,
  "obmanljiv": -3,
  "obnavljanje": 1,
  "obnovljena": 1,
  "obolio": -2,
  "oboren": -2,
  "obožava": 3,
  "obožavanje": 3,
  "obožavao": 3,
  "obožavati": 3,
  "Obradovah": 4,
  "obrani": 2,
  "obustaviti": -1,
  "obvezuje": 1,
  "očaj": -3,
  "očajan": -3,
  "očajavati": -3,
  "očajnički": -3,
  "očarati": 3,
  "očaravajuća": 3,
  "očekivani": -1,
  "očvrsnuo": 2,
  "očvrsnuti": 2,
  "Odabrao": 2,
  "odan": 3,
  "odanost": 3,
  "odbačena": -1,
  "odbaciti": -1,
  "odbacivanje": -1,
  "odbacuje": -1,
  "odbacujući": -1,
  "odbija": -2,
  "odbijaju": -2,
  "odbijajući": -2,
  "odbijanje": -2,
  "odbijen": -1,
  "odbijeni": -2,
  "odbio": -2,
  "odbiti": -1,
  "odbojan": -2,
  "odgađanje": -1,
  "odgoda": -1,
  "odgođena": -1,
  "odgodila": -1,
  "odgoditi": -1,
  "odgovara": 1,
  "odgovoran": 2,
  "odgovornost": 1,
  "odličan": 3,
  "odlučan": 2,
  "odlučnost": 2,
  "odlučujući": 1,
  "odobrava": 2,
  "odobravanje": 1,
  "odobren": 2,
  "odobreni": -2,
  "odobrenje": 2,
  "odobreno": 1,
  "odobriti": 2,
  "održiv": 2,
  "održiva": 2,
  "održivost": 1,
  "odsutni": -1,
  "odugovlačenje": -2,
  "oduševiti": 3,
  "oduševljen": 5,
  "oduševljene": 3,
  "odvažan": 2,
  "odvlačenje pažnje": -2,
  "odvlači": -2,
  "odvojen": -1,
  "odvraća": -1,
  "odvratan": -2,
  "odvratiti": -2,
  "ogorčen": -2,
  "ogorčeno": -2,
  "ograničava": -2,
  "ograničavanje": -2,
  "ograničen": -1,
  "ograničenje": -1,
  "ograničiti": -2,
  "ogroman": 1,
  "ohrabrenje": 2,
  "ohrabriti": 2,
  "ohrabrujući": 2,
  "ojačati": 2,
  "ojađen": -2,
  "okamenjen": -2,
  "oklijevanje": -2,
  "oklijevati": -2,
  "okriviti za zločin": -3,
  "okrivljavanje": -2,
  "okrivljen": -2,
  "okrivljuje": -2,
  "okrutan": -3,
  "okrutnost": -3,
  "Oks": 2,
  "oksimoron": -1,
  "olakšan": 2,
  "olakšavanja": 2,
  "olakšice": 1,
  "olupina": -2,
  "omalovažava": -2,
  "omalovažavan": -2,
  "omalovažiti": -2,
  "omaškom": -2,
  "ometa": -2,
  "ometajući": -2,
  "ometanje": -2,
  "ometati": -2,
  "omiljen": 2,
  "omrznut": -3,
  "onaj koji ima potporu": 1,
  "onanist": -3,
  "onečišćenja zraka": -2,
  "onemogućavanje": -1,
  "onemogučavanje": -2,
  "onesposobi": -2,
  "onesposobljavanje": -2,
  "onesposobljen": -2,
  "opasan": -3,
  "opasno": -2,
  "opasnost": -2,
  "opčinjen": 3,
  "oplakivali": -2,
  "oplakivanje": -2,
  "oplemenjuje": 1,
  "opljačkati": -2,
  "opomene": -2,
  "opomenuti": -2,
  "oponašanje": -2,
  "opravdan": 2,
  "opravdano": 2,
  "opravdati": 2,
  "opravdava": 2,
  "opredjeljenje": 2,
  "opremiti": -1,
  "oprezan": 2,
  "opreznost": 2,
  "oproštene": 2,
  "oprostite": -1,
  "oprostiti": 2,
  "opscen": -2,
  "opsežan": 2,
  "opsjednut": 2,
  "opstruirali": -2,
  "opstrukcija": -2,
  "opterećen": -2,
  "opterećuje": -2,
  "optimističan": 2,
  "optimizam": 2,
  "optionless": -2,
  "optužba": -2,
  "optužbe": -2,
  "optužen": -3,
  "optuženi": -2,
  "optuženik": -2,
  "optužiti": -2,
  "optužuje": -2,
  "optužujući": -2,
  "opušten": 2,
  "opustošen": -2,
  "opustošiti": -2,
  "orašasto voće": -3,
  "orijentir": 2,
  "ošamućen": -1,
  "osiguran": 2,
  "osiguranje": 1,
  "Osigurava": 2,
  "osip": -2,
  "osjećaj": 1,
  "osjećajan": 2,
  "oslabljena": -2,
  "oslobađa": 2,
  "oslobađajuća": 2,
  "oslobođen": 2,
  "oslobođena": 2,
  "oslobođeni": 2,
  "oslobodio": 2,
  "osloboditi": 2,
  "osloboditi optužbe": 2,
  "osmijeh": 2,
  "osmijesi": 2,
  "osnaživanje": 2,
  "osobine": 2,
  "osporava": -2,
  "osporena": -2,
  "osposobiti": 2,
  "osramoćena": -2,
  "osramotiti": -2,
  "osrednjost": -3,
  "ostavci": -1,
  "oštećen": -3,
  "oštećenje": -3,
  "oštećujućem": -2,
  "oštrija": -2,
  "ostvariti": 2,
  "ostvaruje": 2,
  "osuda": -2,
  "osuđen": -2,
  "osuditi": -2,
  "osuđuje": -2,
  "osujetio": -2,
  "osujetiti": -2,
  "osumnjičeni": -1,
  "osvajalo": 3,
  "osvajanjem": 4,
  "osvećuje": -2,
  "osveta": -2,
  "osvetio": -2,
  "osvetiti": -2,
  "osvetnici": -2,
  "osvetnički": -2,
  "osvetnik": -2,
  "osvetoljubiv": -2,
  "osvijetliti": 2,
  "osvježavajuće": 2,
  "otečen": -1,
  "oteli": -2,
  "oteta": -2,
  "oteti": -2,
  "otežano": -2,
  "otežavaju": -2,
  "otežavajući": -2,
  "otežavanje": -2,
  "otima": -2,
  "otkaz": -2,
  "otkazan": -1,
  "otkazati": -1,
  "otkaže": -1,
  "otkazivanja": -1,
  "otklonjena": -1,
  "otkupio": 2,
  "otmica": -2,
  "otmice": -2,
  "otmjeno": 3,
  "Otrov": -2,
  "otrovan": -3,
  "otrovi": -2,
  "otuđenje": -2,
  "outmaneuvered": -2,
  "overreaction": -2,
  "overreacts": -2,
  "oversell": -2,
  "overselling": -2,
  "oversells": -2,
  "oversimplified": -2,
  "oversold": -2,
  "overstatements": -2,
  "ovjeren": 1,
  "ovrhe": -2,
  "ožalostiti": -2,
  "ozbiljan": -2,
  "ožiljak": -2,
  "ožiljci": -2,
  "oživjeti": 2,
  "oživljava": 2,
  "ozlijeđen": -2,
  "ozljeda": -2,
  "ozljede": -2,
  "ozloglašen": -2,
  "ozlojeđeni": -2,
  "pad": -1,
  "pakao": -4,
  "paklen": -2,
  "pakostan": -2,
  "pametan": 2,
  "pametnije": 2,
  "panika": -3,
  "Panike": -3,
  "pao": -1,
  "paradoks": -1,
  "parnica": -1,
  "parodija": -2,
  "pasivan": -1,
  "pasivno": -1,
  "patetičan": -2,
  "pati": -2,
  "patio": -2,
  "patiti": -2,
  "pažljiv": 2,
  "pažljivo": 2,
  "peder": -3,
  "pederi": -3,
  "penis": -5,
  "pergovaranje": -1,
  "pesimističan": -2,
  "pesimizam": -2,
  "pićka": -5,
  "pijan": -2,
  "pišati": -4,
  "pissing": -3,
  "pitanja": 1,
  "pitanje": -1,
  "pjenušav": 3,
  "plač": -2,
  "plakala": -2,
  "plakanje": -2,
  "plakati": -1,
  "planovi": 1,
  "plaši": -2,
  "plašljiv": -2,
  "plašljivo": -2,
  "platiti": -1,
  "plemenite": 2,
  "pljačka": -2,
  "pljačkaški": -2,
  "pljesak": 2,
  "plješće": 2,
  "pljeskala": 2,
  "pljeskati": 2,
  "plodno": 2,
  "plovan": 2,
  "pobijediti": 4,
  "pobjeći": -1,
  "pobjeda": 4,
  "pobjede": 3,
  "pobjednici": 3,
  "pobjednički": 4,
  "pobjednik": 4,
  "pobjesnio": -3,
  "poboljšan": 2,
  "poboljšanje": 2,
  "poboljšati": 2,
  "poboljšava": 2,
  "pobuna": -2,
  "pobunjenici": -2,
  "pobunjenik": -2,
  "počinitelji": -2,
  "počiniti": 1,
  "počinjena": -2,
  "pod pritiskom": -2,
  "podcijenjen": -1,
  "podcjenjivački": -2,
  "podcjenjivati": -1,
  "podcjenjuje": -1,
  "podcjenjujući": -1,
  "podijeljen": 1,
  "podmićen": -3,
  "podmićivanje": -3,
  "podnese ostavku": -1,
  "podrhtavanje": -2,
  "podrška": 2,
  "podržano": 2,
  "podržava": 2,
  "podržavaju": 2,
  "poduzetan": 1,
  "podvala": -3,
  "poginuli": -2,
  "Pogledaj": -1,
  "pogodan": 2,
  "pogodba": 2,
  "pogođen": -1,
  "pogođeni": -1,
  "pogoršalo": -2,
  "pogoršane": -2,
  "pogoršanje": -3,
  "pogoršati": -2,
  "pogoršava": -2,
  "pogrdan": -2,
  "pogreb": -1,
  "pogrebi": -1,
  "pogrešan": -2,
  "pogreška": -2,
  "pogrešna": -2,
  "pogrešno": -2,
  "pogrešno klasificira": -2,
  "pogrešno klasificiran": -2,
  "pogrešno predstaviti": -2,
  "pogrešno prijavljene": -2,
  "pogrešno pročitati": -1,
  "pogrešno razumije": -2,
  "pogrešno razumjeti": -2,
  "pogrešnog": -2,
  "pohađati": -1,
  "pohlepa": -3,
  "pohlepan": -2,
  "pohvala": 3,
  "pohvale": 3,
  "pohvalio": 3,
  "pohvaliti": 2,
  "pojačati": 1,
  "pojačava": 1,
  "pojednostavljivanje": -2,
  "pojednostavljuje": -2,
  "pokrenut": 1,
  "pokunjen": -1,
  "pokvaren": -2,
  "pokvarenjak": -3,
  "pokvariti": -3,
  "polemika": -2,
  "poljubac": 2,
  "pomaže": 2,
  "pomilovanja": 2,
  "pomoć": 2,
  "pomodar": 2,
  "ponižen": -2,
  "poniženje": -3,
  "ponizi": -1,
  "ponos": 2,
  "ponosno": 2,
  "ponuda": 2,
  "popularan": 3,
  "popularnost": 3,
  "poraz": -2,
  "porazan": -1,
  "poražavajući": -2,
  "poražen": -2,
  "poremećaj": -2,
  "poremećaji": -2,
  "poremećen": -2,
  "poremetiti": -2,
  "poricanje": -2,
  "porobljen": -2,
  "posesivan": -2,
  "posljedica": -2,
  "posramljen": -2,
  "posramljujući": -2,
  "posrnuo": -1,
  "pošten": 2,
  "poštenje": 2,
  "postignuća": 2,
  "postojan": 2,
  "poštovan": 2,
  "poštovanje": 2,
  "poštovati": 2,
  "posttraumatski": -2,
  "posvećen": 3,
  "posveta": 2,
  "posvojiti": 1,
  "potaknut": 1,
  "potamniti": -2,
  "potiče": 2,
  "potkopati": -2,
  "potkopava": -2,
  "potkopavaju": -2,
  "potlačenima": -2,
  "potpora": 2,
  "potporni": 1,
  "potresan": 3,
  "potrošeno": -2,
  "potvrđen": 2,
  "potvrditi": 1,
  "potvrđuje": 1,
  "pouzdan": 2,
  "pouzdana": 2,
  "pouzdano": 2,
  "pouzdanost": 2,
  "povećan": 1,
  "povećati": 1,
  "povjerenje": 2,
  "povjeriti": 2,
  "povlačenje": -1,
  "povoljan": 2,
  "povoljno": 2,
  "povraća": -3,
  "povraćanje": -3,
  "povraćao": -3,
  "povreda": -2,
  "povrede": -2,
  "povrijeđeno": -2,
  "povrijediti": -2,
  "požalio": -2,
  "pozdrav": 2,
  "pozdravi": 2,
  "pozdravio": 2,
  "pozdraviti": 1,
  "pozdravlja": 2,
  "poželjan": 2,
  "pozitivan": 2,
  "pozitivno": 2,
  "poznat": 2,
  "pozvati": 1,
  "praštajući": 1,
  "pravac": 3,
  "pravda": 2,
  "praveći": -1,
  "pravednost": 2,
  "pravi": 2,
  "praviti razliku": -2,
  "pravni": 1,
  "pravo": 1,
  "prazan": -1,
  "praznina": -1,
  "prblm": -2,
  "prblms": -2,
  "prćast": -2,
  "predan": 1,
  "predivan": 4,
  "predivno": 4,
  "prednapon": -1,
  "prednost": 2,
  "prednosti": 2,
  "predstavki": -2,
  "predviđanje": 1,
  "pregazili": -2,
  "prekid": -2,
  "prekid rada": -2,
  "prekida": -1,
  "prekidajući": -2,
  "prekinut": -1,
  "prekinuti": -2,
  "prekršaj": -2,
  "prekršio": -2,
  "prekršiti": -2,
  "premazati": -2,
  "preopterećenje": -1,
  "preporuča": 2,
  "Preporuči": 2,
  "preporučljiv": 1,
  "preporučuje": 2,
  "prepreka": -2,
  "prepreke": -2,
  "Preprodaja": -2,
  "prerušavanje": -1,
  "prerušena": -1,
  "presretan": 4,
  "prestao": -1,
  "prestrašen": -2,
  "prestravljen": -2,
  "prestupio": -2,
  "presuda": -1,
  "presude": -1,
  "pretežak": -1,
  "pretjera": -2,
  "pretjeran": -2,
  "pretjerao": -2,
  "pretjerivanje": -2,
  "pretjerivati": -2,
  "pretjeruje": -2,
  "pretjeruješ": -2,
  "pretnji": -2,
  "pretvara": -1,
  "pretvarati se": -1,
  "prevara": -2,
  "prevarant": -4,
  "prevaranti": -4,
  "prevare": -2,
  "prevaren": -2,
  "prevariti": -2,
  "prevarljiv": -4,
  "previdjeti": -1,
  "previše uprostiti": -2,
  "prezaštitnički": -2,
  "prezir": -2,
  "preziran": -2,
  "prezire": -2,
  "prezirno": -2,
  "preživio": 2,
  "prezren": -2,
  "prezrene": -2,
  "prezriv": -2,
  "pridružiti": 1,
  "prigovor": -2,
  "prigušnice": -2,
  "prihvaća": 1,
  "prihvaćanje": 1,
  "prihvaćanjem": 1,
  "prihvatiti": 1,
  "prihvatljiv": 1,
  "prijatan": 3,
  "prijatelj": 1,
  "prijateljski": 2,
  "prijateljstvo": 2,
  "prijekorima": -3,
  "prijestupnik": -2,
  "prijeteći": -2,
  "prijeti": -2,
  "prijetnja": -2,
  "prijetnje": -2,
  "prijevara": -3,
  "prijevare": -4,
  "prikaza velikog": -1,
  "prikladan": 2,
  "prikrivanje": -3,
  "prilagođen": 2,
  "prilično": 1,
  "prilika": 2,
  "prilike": 2,
  "primamljiv": 1,
  "primjetan": 2,
  "primoran": 1,
  "pripremljen": 1,
  "priprost": -2,
  "prirodni": 1,
  "prisila": -2,
  "prisiljavani": -2,
  "prisiljeni": -1,
  "pristajati": 2,
  "pristaje": 2,
  "pristajući": 2,
  "pristanak": 2,
  "pristran": -2,
  "pritisak": -1,
  "pritužbe": -2,
  "privilegovan": 2,
  "privlačan": 2,
  "privlačenje": 2,
  "privlači": 1,
  "privlačnost": 2,
  "privući": 1,
  "privukla": 1,
  "priznaje": -1,
  "priznanje": 2,
  "priznao": -1,
  "priznat": 1,
  "priznati": -1,
  "prkosan": -1,
  "prljav": -2,
  "prljaviji": -2,
  "prljavština": -2,
  "proaktivna": 2,
  "probijen": -2,
  "probisvijet": -2,
  "problem": -2,
  "problematičan": -2,
  "problemi": -2,
  "proboj": 3,
  "proćerdati": -2,
  "procesuirana": -2,
  "pročistiti": 1,
  "produžiti": 1,
  "profiter": -2,
  "prognati": -2,
  "progoni": -1,
  "progonili": -2,
  "progoniš": -2,
  "progoniti": -2,
  "prohtjev": -2,
  "proklet": -2,
  "prokleto dobro": 4,
  "prokleto slatka": 3,
  "prokrijumčaren": -2,
  "prokrijumčariti": -2,
  "promicanje": 1,
  "promiče": 1,
  "pronevjera": -3,
  "pronevjeriti": -3,
  "propada": -2,
  "propaganda": -2,
  "propali": -2,
  "propast": -2,
  "proporcionalan": 2,
  "propust": -1,
  "propustili": -2,
  "propustiti": -2,
  "proširiti": 1,
  "Proširuje": 1,
  "prosjački": -2,
  "prosječen": -2,
  "proslava": 3,
  "Proslava": 3,
  "prosperitet": 3,
  "prostran": 1,
  "prosvijećen": 2,
  "prosvjedi": -2,
  "prosvjednici": -2,
  "prosvjeduju": -2,
  "prosvjetljuje": 2,
  "protest": -2,
  "proteže se": 1,
  "protivnički": -2,
  "protivnik": -1,
  "protjerani": -2,
  "protjerati": -1,
  "protjerivanje": -2,
  "protjeruje": -2,
  "provala": -2,
  "provalnik": -2,
  "provjera valjanosti": 1,
  "provokativan": -1,
  "prožet fanki ritmom": 2,
  "prvaci": 2,
  "prvak": 2,
  "prvi plan": 1,
  "pseudoznanost": -3,
  "psihopatski": -2,
  "psovanje": -2,
  "psovati": -2,
  "pucanje": -2,
  "pucati": -1,
  "pukotina": -1,
  "pun nade": 2,
  "pun pouzdanja": 2,
  "puška": -1,
  "pustolovan": 2,
  "pustoš": -2,
  "radosno": 3,
  "radost": 4,
  "radostan": 3,
  "radovati se": 4,
  "radoznao": 2,
  "raduje": 4,
  "rafiniran": 1,
  "rageful": -2,
  "raj": 3,
  "Rak": -1,
  "ranjavanje": -2,
  "ranjiv": -2,
  "ranjivost": -2,
  "ranters": -3,
  "raščovečen": -2,
  "rasipa": -2,
  "rasipanje": -2,
  "rasisti": -3,
  "rasistički": -3,
  "rasizam": -3,
  "rasparen": -2,
  "raspirivanja": -2,
  "rasplesti": 1,
  "raspoložen": 3,
  "rasprava": -2,
  "raspršuje": -1,
  "rast": 2,
  "rastavljen": -2,
  "rastrojen": -2,
  "rastući": 1,
  "rastužen": -2,
  "rastužio": -2,
  "rasvijetliti": 2,
  "rat": -2,
  "ratificirala": 2,
  "ratovanje": -2,
  "ravno": 1,
  "ravnodušan": -2,
  "ravnodušnost": -2,
  "ražalostiti": -2,
  "razaranja": -2,
  "razaranje": -3,
  "razbijen": -2,
  "razbio": -1,
  "razboj": -1,
  "razbojnik": -2,
  "razboritost": 2,
  "razdor": -2,
  "razdragan": 3,
  "razdraganost": 3,
  "razdragati": 3,
  "razdražen": -3,
  "razdražujući": -2,
  "razigran": 2,
  "razjaren": -2,
  "razjariti": -2,
  "razjarujući": -2,
  "razjašnjava": 2,
  "razljućen": -2,
  "razljutila": -3,
  "razmažen": -2,
  "razmišljanje": -2,
  "razočaran": -2,
  "razočaranja": -2,
  "razočaranje": -2,
  "razočarao": -2,
  "razočarati": -2,
  "razočaravajuće": -2,
  "razoren": -2,
  "realan": -2,
  "rečenica": -2,
  "rečenice": -2,
  "recesija": -2,
  "remekdjela": 4,
  "remek djelo": 4,
  "reperkusija": -2,
  "reprimanding": -2,
  "restriktivan": -1,
  "retardiran": -2,
  "revnostan": 2,
  "rez": -1,
  "rezanje": -1,
  "rezigniran": -1,
  "rezolucija": 2,
  "rezovi": -1,
  "rigorozan": 3,
  "rigorozno": 3,
  "riješen": 2,
  "riješenje": 1,
  "riješiti": 1,
  "rizičan": -2,
  "rizici": -2,
  "rizik": -2,
  "rješava": 2,
  "rješavanje": 2,
  "rješenja": 1,
  "rob": -3,
  "robing": -2,
  "roblje": -3,
  "robustan": 2,
  "ROFL": 4,
  "roflcopter": 4,
  "roflmao": 4,
  "roman": 2,
  "romantična": 2,
  "romantično": 2,
  "romantika": 2,
  "ropstvo": -3,
  "rotfl": 4,
  "rotflmfao": 4,
  "rotflol": 4,
  "ruga": -2,
  "rugajući": -2,
  "rukom biran": 1,
  "rukovodstvo": 1,
  "ruševine": -2,
  "ruža": 1,
  "ružan": -3,
  "ružnoća": -3,
  "sablastan": -2,
  "sabotaža": -2,
  "sakrio": -1,
  "sakriti": -1,
  "šaljiv": 2,
  "salutiraju": 2,
  "sam": -2,
  "samilost": 2,
  "samokontradiktorni": -2,
  "samoobmani": -2,
  "samosvjestan": -2,
  "samoubistvo": -2,
  "samoubojstva": -2,
  "samouvjeren": 2,
  "samozloupotreba": -2,
  "san": 1,
  "sanjalo": -1,
  "SaNKCIjE": -2,
  "sankcionirati": -2,
  "šanse": 2,
  "sarkastičan": -2,
  "šarmantan": 3,
  "šašav": -2,
  "savange": -2,
  "savanges": -2,
  "saveznik": 2,
  "savršen": 3,
  "Savršen sklad": 2,
  "savršeno": 3,
  "savršenstvo": 3,
  "scumbag": -4,
  "se njeguju": 2,
  "sebičan": -3,
  "sebičnost": -3,
  "sef": 1,
  "seksi": 3,
  "sexistic": -2,
  "shoody": -2,
  "šibao": -3,
  "siguran": 2,
  "sigurniji": 2,
  "sigurno": 1,
  "sigurnosni": 1,
  "šik": 2,
  "silovan": -4,
  "silovanje": -4,
  "simpatičan": 3,
  "simpatija": 2,
  "simulant": -3,
  "sinofakuja": -5,
  "sincerest": 2,
  "singleminded": -2,
  "siromašan": -2,
  "siromašniji": -2,
  "siromaštvo": -1,
  "Sirovi": -1,
  "sisati": -3,
  "sise": -2,
  "sitničar": -2,
  "siva": -1,
  "sjaj": 3,
  "sjajan": 4,
  "sjeckan": -1,
  "sjekira": -1,
  "sjeta": -2,
  "skandal": -3,
  "skandali": -3,
  "skandalozan": -3,
  "skeptičan": -2,
  "skeptici": -2,
  "skepticizam": -2,
  "skeptik": -2,
  "sklad": 2,
  "skladan": 2,
  "skladno": 2,
  "skliznuti": -1,
  "sklon": 2,
  "sklonost": 2,
  "skrhana srca": -3,
  "skriva": -1,
  "skrivanje": -1,
  "skroman": 1,
  "škrt": -2,
  "skrutne": 2,
  "skup": -2,
  "skupo": 3,
  "slab": -2,
  "slabe": -2,
  "slabijeg": -2,
  "slabo": -2,
  "slabost": -2,
  "slabosti": -2,
  "slađa": 3,
  "sladak": 3,
  "slatko": 2,
  "slava": 2,
  "slavan": 2,
  "slavi": 3,
  "slaviti": 3,
  "slavni": 3,
  "slaže": 1,
  "slickest": 2,
  "slijep": -1,
  "slikovit": 2,
  "sljedeći": 3,
  "sloboda": 2,
  "slobode": 2,
  "slomljen": -1,
  "složiti": 1,
  "slučajan": -2,
  "slučajno": -2,
  "slumping": -1,
  "smanjiti": -2,
  "smeće": -1,
  "smeta": -2,
  "smetati": -2,
  "smetnja": -2,
  "smijali": 1,
  "smijanje": 1,
  "smijeh": 1,
  "smiješan": 2,
  "smiješno": 4,
  "smilovanje": -1,
  "smion": 3,
  "smiren": 2,
  "smiriti": 2,
  "smiruje": 2,
  "smješnije": 4,
  "smog": -2,
  "smrad": -2,
  "smrdi": -2,
  "smrdljiv": -2,
  "smrdljivac": -2,
  "smrt": -2,
  "smrti": -2,
  "smrtnih slučajeva": -3,
  "smrtonosan": -2,
  "snaga": 2,
  "snažan": 2,
  "snovi": 1,
  "snubs": -2,
  "snuždenost": -1,
  "sočan": -1,
  "sofisticiran": 2,
  "šok": -2,
  "šokantan": -2,
  "šokiran": -2,
  "šokovi": -2,
  "solidan": 2,
  "solidarnost": 2,
  "spam": -2,
  "spameri": -3,
  "spammer": -3,
  "spašavanja": 2,
  "spašeni": 2,
  "spasenje": 2,
  "spasilac": 4,
  "spasiti": 2,
  "spekulativan": -2,
  "spletke": 1,
  "spokojan": 2,
  "sporan": -2,
  "sporazum": 1,
  "sporovi": -2,
  "sposoban": 1,
  "sposobnost": 2,
  "sposobnosti": 2,
  "sprečavanje": -1,
  "spremaju": 2,
  "spremnost": 2,
  "spretan": 2,
  "spriječiti": -1,
  "sprječava": -1,
  "squelched": -1,
  "sram": -2,
  "Sram": -2,
  "sramota": -2,
  "sramotan": -2,
  "sramotnost": -2,
  "sranje": -3,
  "srceparajući": -3,
  "srdačan": 3,
  "srdit": -3,
  "sreća": 3,
  "srećom": 3,
  "sretan": 3,
  "stabilan": 2,
  "staložen": -2,
  "stečaj": -3,
  "stečen": 1,
  "štednja": 1,
  "stekao": 2,
  "stenjala": -2,
  "stenjali": -2,
  "stenjati": -2,
  "stenjući": -2,
  "stereotip": -2,
  "stereotipan": -2,
  "šteta": -2,
  "štetan": -2,
  "štete": -3,
  "šteti": -2,
  "stidljiv": -1,
  "stimulira": 1,
  "stimulirana": 1,
  "stimuliranje": 2,
  "stimulirati": 1,
  "stimulišući": 3,
  "stinked": -2,
  "stipendije": 1,
  "štiti": 1,
  "stjeran": -2,
  "Stop": -1,
  "stradalac": -2,
  "strah": -2,
  "straha": 2,
  "štrajk": -1,
  "štrajkači": -2,
  "štrajkovi": -1,
  "strasan": 2,
  "strašan": -2,
  "strašljiv": -2,
  "strasni": 2,
  "strast": 1,
  "strepeći": -2,
  "stres": -1,
  "stresor": -2,
  "stresori": -2,
  "strip": 1,
  "strog": -2,
  "stručno": 2,
  "stvar": 1,
  "subverzivan": -2,
  "sudar": -2,
  "sudara": -1,
  "sudaraju": -1,
  "sudari": -2,
  "sudariti se": -1,
  "sudbina": -2,
  "sudski poziv": -2,
  "sueing": -2,
  "suicidalan": -2,
  "sukob": -2,
  "sukobi": -2,
  "sulking": -2,
  "sumnja": -1,
  "sumnjajući": -1,
  "sumnjao": -1,
  "sumnjati": -1,
  "sumnje": -1,
  "sumnjiv": -1,
  "sumoran": -2,
  "sumornost": -1,
  "sunce": 2,
  "suosjećajan": 2,
  "šupak": -4,
  "šupalj": -1,
  "super": 4,
  "superioran": 2,
  "šupkom": -4,
  "suspendiran": -1,
  "suze": -2,
  "svadljiv": -2,
  "svečan": 2,
  "sveprisutan": 2,
  "sviđa": 2,
  "sviđanje": 2,
  "svijetao": 1,
  "svjetlost": 1,
  "svjež": 1,
  "svježe": 1,
  "svrbljiv": -2,
  "svršavanje": 2,
  "tajni": -1,
  "talenat": 2,
  "tama": -1,
  "taman": -2,
  "tamjan": -2,
  "tard": -2,
  "tarnishes": -2,
  "tegoba": -2,
  "teret": -2,
  "tereta": -2,
  "teror": -3,
  "terorista": -2,
  "teroristi": -2,
  "terorizira": -3,
  "terorizirao": -3,
  "terorizirati": -3,
  "terrifically": 4,
  "teško": -1,
  "težak": -1,
  "težak rad": -2,
  "tirani": -3,
  "tiranijske": -3,
  "tiranski": -2,
  "tješi": 2,
  "tkalački": -1,
  "tlačenje": -2,
  "tmuran": -2,
  "tolerancija": 2,
  "tolerantan": 2,
  "toplina": 2,
  "toplinu": 2,
  "toplo": 1,
  "totalitaran": -2,
  "totalitarizam": -2,
  "touts": -2,
  "tračnica": -2,
  "tragedija": -2,
  "tragedije": -2,
  "tragičan": -2,
  "trajan": 2,
  "trauma": -3,
  "traumatičan": -3,
  "tremor": -2,
  "treperav": -2,
  "trežnjenje": 1,
  "trijumf": 4,
  "trnovit": -2,
  "trom": -2,
  "trzati": -3,
  "tučen": -2,
  "tuga": -2,
  "tugovati": -2,
  "tumor": -2,
  "turoban": -2,
  "tuš": -3,
  "tužan": -2,
  "tužbe": -2,
  "tuzi": -2,
  "tuži": -2,
  "tužio": -2,
  "tužiti": -2,
  "tvrditi": -1,
  "tvrdoglav": -2,
  "twat": -5,
  "tyran": -3,
  "tyrans": -3,
  "u bolnici": -2,
  "u dosluhu": -3,
  "u nepovoljnom položaju": -2,
  "u panici": -3,
  "u škripcu": -2,
  "u zabludi": -2,
  "u zatvoru": -2,
  "ubica": -2,
  "ubija": -3,
  "ubijanje": -3,
  "ubijen": -3,
  "ubistvo bez predoumišljaja": -3,
  "ubitačan": -3,
  "ubiti": -2,
  "ublažava": 2,
  "ublažiti": 2,
  "ubod": -5,
  "uboda": -2,
  "ubojit": -2,
  "ubojstava": -2,
  "ubojstva": -2,
  "ubojstvo": -3,
  "ubosti": -2,
  "ucijenjen": -3,
  "učinkovito": 2,
  "ucjena": -3,
  "ucviljen": -2,
  "udario": -3,
  "udio": 1,
  "udobno": 2,
  "udobnost": 2,
  "udovički": -1,
  "udvarati se": 3,
  "uglađen": 2,
  "uglađenost": 2,
  "ugled": 3,
  "ugledan": 2,
  "ugnjetavanje": -2,
  "ugodan": 3,
  "ugodna": 2,
  "ugroženi": -2,
  "ugroziti": -2,
  "ugušena": -1,
  "uguši": -2,
  "uh": -2,
  "uhapsiti": -2,
  "uhićen": -3,
  "uhićenja": -2,
  "ujedinjen": 1,
  "uklet": -2,
  "ukor": -2,
  "ukorio": -2,
  "ukraden": -2,
  "ukrao": -2,
  "ukrasti": -2,
  "ukusan": 3,
  "uljepšati": 3,
  "uljudan": 2,
  "uljudnost": 2,
  "umanjenje": -2,
  "umanjiti": -1,
  "umanjuje": -1,
  "umara": -2,
  "umiranje": -3,
  "umirati od gladi": -2,
  "umirena": 2,
  "umiriti": 3,
  "umirivala": 3,
  "umirivanja": 2,
  "umirujući": 3,
  "umor": -2,
  "umoran": -2,
  "umorstvo": -2,
  "umrijeti": -3,
  "umro": -3,
  "unaprijeđen": 1,
  "unaprijediti": 1,
  "uncredited": -1,
  "underperformed": -2,
  "unfocused": -2,
  "unfunny": -2,
  "uninvolving": -2,
  "uništava": -3,
  "uništavanje": -3,
  "uništena": -3,
  "uništiti": -2,
  "unosan": 3,
  "unreleting": -2,
  "upijen": 1,
  "uplašen": -2,
  "uplašiti": -2,
  "uplifting": 2,
  "uporan": -2,
  "upozorava": -2,
  "upozorenja": -3,
  "upozorenje": -3,
  "upozorio": -2,
  "upozoriti": -2,
  "upropašćena stvar": -3,
  "upropastila": -2,
  "Ups": -2,
  "ura": 5,
  "uravnotežen": 1,
  "urušavanja": -2,
  "usamljen": -2,
  "usavršio": 2,
  "ushićen": 3,
  "ushićenje": 3,
  "uskraćivanje": -2,
  "usmjerena": 2,
  "uspijeva": 3,
  "uspjeh": 2,
  "uspjela": 3,
  "uspješan": 3,
  "uspješno": 3,
  "uspjeti": 3,
  "usplahiren": -2,
  "usporavanja": -2,
  "usporiti": -2,
  "usprotiviti se": -2,
  "usrani": -3,
  "ustati": 1,
  "uštedjeti": 2,
  "usuglašen": 2,
  "utapa": -2,
  "utišavanje": -1,
  "utiskivati": -2,
  "utjecajan": 2,
  "utješan": 2,
  "utopiti": -2,
  "utopljen": -2,
  "utučen": -3,
  "utučenim": -2,
  "utući": -2,
  "uvjerava": 1,
  "uvjeravanja": 1,
  "uvjeravati": 1,
  "uvjeren": 2,
  "uvjeriti": 1,
  "uvreda": -2,
  "uvrede": -2,
  "uvredljiv": -2,
  "uvrijeđen": -2,
  "uvrijeđeno": -1,
  "uvrijeđenost": -2,
  "uvrijediti": -2,
  "Uz žaljenje": -3,
  "uzaludan": -2,
  "užasan": -2,
  "užasavajući": -3,
  "užasno": -3,
  "užasnut": -3,
  "uzbuđen": 3,
  "uzbuđenje": 3,
  "uzbuđeno": 2,
  "uzbudljiv": 5,
  "uzbuna": -1,
  "uzdah": -2,
  "užitke": 3,
  "uživa": 2,
  "uživanja": 2,
  "uživanje": 2,
  "uživao": 2,
  "uživati": 2,
  "uznemiravani": -3,
  "uznemiravanje": -3,
  "uznemiravati": -3,
  "uznemiren": -2,
  "uznemirenje": -2,
  "uznemirenost": -2,
  "uznemirio": -2,
  "uznemiruje": -3,
  "uznemirujući": -2,
  "uznešeni": 2,
  "uzrujan": -2,
  "uzvikivanje": 2,
  "uzvratni": 2,
  "uzvrpoljen": -2,
  "vapaji": -2,
  "vara": -3,
  "varalica": -2,
  "varalice": -3,
  "varanja": -3,
  "varanje": -2,
  "varati": -3,
  "varljiv": -3,
  "varljivost": -4,
  "varvarin": -2,
  "varvarski": -2,
  "vas čeka": -1,
  "vatra": -2,
  "važno": 2,
  "važnost": 2,
  "većih propusta": -2,
  "vedar": 1,
  "veličanstven": 3,
  "velika": 3,
  "velikodušan": 2,
  "velikodušno": 2,
  "ventilator": 3,
  "veoma ljut": -2,
  "veselo": 2,
  "veseo": 3,
  "vic": 2,
  "vicevi": 2,
  "victimizes": -3,
  "vidu podrugljive": -2,
  "viktimizacija": -3,
  "više": 3,
  "vitalno": 3,
  "vitalnost": 3,
  "vitamin": 1,
  "vizija": 1,
  "vizije": 1,
  "vizionar": 3,
  "vjera": 1,
  "vjeran": 3,
  "vjerojatnost": 1,
  "vjeruje": 1,
  "vladajući": 1,
  "vlast": 1,
  "vodeći": 2,
  "voli": 3,
  "volio": 2,
  "voljen": 3,
  "Vraća": 1,
  "vratiti": 1,
  "vrbovati": -2,
  "vreba": -1,
  "vrebati": -1,
  "vrh": 2,
  "vrh koplja": 2,
  "vrhovima": 2,
  "vrhovni": 4,
  "vrhunac": 2,
  "vrijeđa": -2,
  "vrijedan": 2,
  "vrijeme": -2,
  "vrisak": -2,
  "vrisnula": -2,
  "vrištanje": -2,
  "vrišti": -2,
  "vrli": 2,
  "vršile": -2,
  "vrtoglav": -2,
  "vuče": -1,
  "vukao": -1,
  "walkouts": -2,
  "winwin": 3,
  "won": 3,
  "wooo": 4,
  "woow": 4,
  "wow": 4,
  "wowow": 4,
  "wowww": 4,
  "WTF": -4,
  "wtff": -4,
  "wtfff": -4,
  "xo": 3,
  "xoxo": 3,
  "xoxoxo": 4,
  "xoxoxoxo": 4,
  "yeees": 2,
  "yucky": -2,
  "za rukovanje": -1,
  "zabava": 4,
  "zabavan": 2,
  "zabavljati": 3,
  "zabavljen": 3,
  "zaboravan": -2,
  "zaboravio": -1,
  "zaboraviti": -1,
  "zaboravljen": -1,
  "zabrana": -2,
  "zabraniti": -1,
  "zabranjen": -2,
  "zabranjuje": -1,
  "zabrinjavajući": -2,
  "zabrinut": -2,
  "zabrljati": -2,
  "zabrljati gore": -2,
  "zabune": -2,
  "zabuniti": -2,
  "začarani": 2,
  "začuđen": 2,
  "zadavljena": -2,
  "zadiviti": 2,
  "zadivljen": 2,
  "zadivljuje": 2,
  "zadivljujući": 4,
  "zadovoljan": 3,
  "zadovoljenje": 2,
  "zadovoljstvo": 3,
  "zadržan": -1,
  "zadržati": -2,
  "zadržavanje": -2,
  "zadubljen": 1,
  "zagađen": -2,
  "zagađena": -2,
  "zagađenje": -2,
  "zagaditi": -2,
  "zagađivač": -2,
  "zagađivači": -2,
  "zagađuje": -2,
  "zaglušujući": -1,
  "zagovarao": 2,
  "zagovornik neravnopravnosti među spolovima": -2,
  "zagrliti": 2,
  "zagrljaj": 1,
  "zagrljaji": 2,
  "zagubljen": -2,
  "zahtijevao": -1,
  "zahtjev": -1,
  "zahtjevan": -1,
  "zahtjevi": -1,
  "zahvaća": 1,
  "zahvalan": 3,
  "zahvaliti": 2,
  "zahvalnost": 2,
  "zainteresiran": 2,
  "zakivanje": 3,
  "zakonit": 2,
  "zakonito": 2,
  "zala": -3,
  "žaleći": -2,
  "žali": -2,
  "Žali": -2,
  "žalili": -2,
  "žaliti": -3,
  "žaliti se": -2,
  "žaljenja": -2,
  "žaljenje": -2,
  "zaljubljenost": 2,
  "žalost": -2,
  "žalostan": -2,
  "zaluđen": 2,
  "zalupiti": -2,
  "zamišljen": -1,
  "zamka": -1,
  "zamke": -1,
  "zanemaren": -2,
  "zanemarena": -2,
  "zanemariti": -1,
  "zanemarivanja": -1,
  "zanemaruje": -2,
  "zanesen": 4,
  "zanešenost": 2,
  "zanijemio": -1,
  "zanimljiv": 2,
  "zanos": 3,
  "zanosa": 2,
  "zanosan": 3,
  "zao": -2,
  "zaostajanje": -1,
  "zaostaje": -2,
  "zapaljen": -2,
  "zapanjen": 3,
  "zapanjiti": 3,
  "zapanjuje": 3,
  "zapanjujući": 3,
  "zapetljan": 2,
  "zapreka": -2,
  "zaprepašten": -2,
  "zapuštanje": -2,
  "zaraza": -2,
  "zarazan": -1,
  "zaraziti": -2,
  "žarki": 2,
  "zarobiti": -2,
  "zarobljena": -2,
  "zarobljuje": -2,
  "zaslijepljujući": 3,
  "zastario": -2,
  "zaštićen": 1,
  "zaštititi": 1,
  "zastoj": -2,
  "zastoju": -2,
  "zastrašiti": -2,
  "zastrašivao": -2,
  "zastrašuje": -2,
  "zastrašujuć": -3,
  "zastrašujuća": -2,
  "zastrašujući": -2,
  "zatajivanje": -2,
  "zatrovan": -2,
  "zatvor": -2,
  "zatvoren": -2,
  "zatvorenici": -2,
  "zatvorenik": -2,
  "zaustavlja": -1,
  "zaustavljanje": -1,
  "zavaravanje": -3,
  "zavaravate": -3,
  "zaveden": -1,
  "zavesti": -3,
  "zavidan": -2,
  "zavidi": -1,
  "zavist": -1,
  "zavjera": -3,
  "zbuniti": -2,
  "zbunjen": -2,
  "zbunjujuće": -2,
  "zdrav": 2,
  "želeći": 1,
  "zeleno pranje": -3,
  "želja": 1,
  "željan": 2,
  "želje": 1,
  "željeti": 1,
  "želji": 2,
  "žestok": -3,
  "žestoko": -3,
  "zgadili": -3,
  "zgnječen": -2,
  "zgnječi": -1,
  "zgodan": 3,
  "zgrožen": -3,
  "zgušnjavanja": 2,
  "zimzelen": 2,
  "živ": 1,
  "živahan": 3,
  "živahno": 3,
  "živčani": -2,
  "živci": -1,
  "Živjeli": 2,
  "živo": 2,
  "zlato": 2,
  "žlica": 3,
  "zlo": -3,
  "zloća": -3,
  "zločest": -3,
  "zločin": -3,
  "zločine": -3,
  "zlokoban": -2,
  "zloslutan": 3,
  "zlosretan": -2,
  "zlostavljana": -3,
  "zlostavljanje": -2,
  "zlostavljati": -2,
  "zloupotreba": -2,
  "zloupotrebe": -3,
  "zloupotrebljavajući": -3,
  "zloupotrijebljena": -2,
  "zlurad": -2,
  "značaj": 1,
  "značajan": 2,
  "znamenit": 1,
  "znatan": 1,
  "znatiželjan": 1,
  "zreo": 2,
  "žrtva": -2,
  "žrtve": -3,
  "žrtveni jarac": -2,
  "žrtvovanje": -3,
  "žrtvovati": -3,
  "žustar": 2
}