{
  "Apokalypsy": 3,
  "baraka": 2,
  "boly": 3,
  "kerimpo": 2,
  "miasa,": -2,
  "pahombiazana": 2,
  "panahy": 2,
  "pananana": 2,
  "aborts": -1,
  "absentees": -1,
  "absolves": 2,
  "absolving": 2,
  "accolade": 2,
  "ache": -2,
  "acquits": 2,
  "acrimonious": -3,
  "active": 1,
  "adala": -3,
  "adaladala": -1,
  "adihevitra": -2,
  "adintsaina": -1,
  "adores": 3,
  "adoringly": 3,
  "Advanced": 1,
  "advantageously": 2,
  "Adventures": 2,
  "ady": -2,
  "afabaraka": -2,
  "afamandositra": -1,
  "afamiala": -1,
  "afapo": 2,
  "afatsiny": -3,
  "afatsy": 2,
  "afaka \"T mijoro": -3,
  "afaka madiodio": 2,
  "afaka niady ny": -2,
  "afangaro": -2,
  "afeno": -1,
  "affectionateness": 3,
  "affronted": -1,
  "aficionados": 2,
  "afo": -2,
  "aggravates": -2,
  "aghast": -2,
  "agog": 2,
  "agonises": -3,
  "agonize": -3,
  "agonizes": -3,
  "ahiahy": -1,
  "ahiana": -1,
  "ahoantsy ahoana": -2,
  "aina": -2,
  "aingampanahy": 3,
  "akoho": -5,
  "alahelo": -2,
  "alarmists": -2,
  "alika": -5,
  "ampasana": -2,
  "ampilaminana": 2,
  "amponja": -2,
  "ambakaina": -3,
  "ambany": -2,
  "ambony": 2,
  "ambony indrindra": 4,
  "ambony sambo": 1,
  "amicable": 2,
  "amimpahasahiana": 2,
  "amimpifaliana": 3,
  "aminkitsimpo": 2,
  "ampahorina": -2,
  "ampihimamba": -2,
  "ampitondraina": -2,
  "ampy": 1,
  "antsokosoko": -2,
  "anaro": 1,
  "andevo": -3,
  "andiantsoratra": -1,
  "andraikitra": 1,
  "andriamanitra": 1,
  "Angers": -3,
  "anjara": 1,
  "ankasitrahana": -2,
  "ankasitrahany": -2,
  "ankivy": -2,
  "ankizy mifraody": -3,
  "antenaina": 2,
  "antoka": 1,
  "antra olona": 3,
  "antsy": -2,
  "any andanitra": 4,
  "apeshit": -3,
  "appeases": 2,
  "aradalàna": 1,
  "aradrariny": 2,
  "aratsindrimandry": 2,
  "Arahabaina": 2,
  "araka ny tokony ho": 2,
  "areti": -2,
  "aretimifindra": -2,
  "aretina": -2,
  "ariany": -1,
  "arsehole": -4,
  "ary marisika": 1,
  "asa ratsy": -2,
  "asa soa": 2,
  "asa tsizarizary": -3,
  "assfucking": -4,
  "astound": 3,
  "astoundingly": 3,
  "atidoha": -2,
  "atokisana": 2,
  "atolotry": 1,
  "attraction": 2,
  "attractions": 2,
  "attractively": 2,
  "aty malahelo": -2,
  "audacious": 3,
  "aura": 1,
  "avengers": -2,
  "avenges": -2,
  "averts": -1,
  "avy hatrany": 1,
  "awesome": 4,
  "axed": -1,
  "Azazela": -2,
  "azo": 2,
  "azo antoka": 1,
  "azo antoka kokoa": 2,
  "Azompahoriana mandritra": -3,
  "badass": -3,
  "bamboozle": -2,
  "bamboozled": -2,
  "bamboozles": -2,
  "banga": -2,
  "banga ridana": -2,
  "bankirompitra": -3,
  "bankster": -3,
  "baomba": -1,
  "baraka": -2,
  "barbariana": -2,
  "bastards": -5,
  "basy": -1,
  "be dia be": 2,
  "be fangorahana": 2,
  "be fisalasalana": -2,
  "be herimpo": 2,
  "be karama": 3,
  "be loatra": -1,
  "be pitsiny": 2,
  "be voninahitra": 2,
  "be zotompo": 2,
  "beatific": 3,
  "benefitted": 2,
  "bereaves": -2,
  "betsaka": 1,
  "Bitch": -5,
  "bitterest": -2,
  "blackmailed": -3,
  "blackmails": -3,
  "blah": -2,
  "blissful": 3,
  "blithe": 2,
  "bloated": -1,
  "boosting": 1,
  "boosts": 1,
  "boriky": -4,
  "bothersome": -2,
  "braveness": 2,
  "bravura": 3,
  "brilliances": 3,
  "brooding": -2,
  "Bummer": -2,
  "burdening": -2,
  "burglary": -2,
  "care": 2,
  "cashing in": -2,
  "chagrined": -2,
  "championed": 2,
  "charme": 2,
  "charmingly": 3,
  "charmless": -3,
  "cheaters": -3,
  "cheerless": -2,
  "Chic": 2,
  "chided": -3,
  "chides": -3,
  "choking": -2,
  "classy": 3,
  "clueless": -2,
  "cocksucker": -5,
  "cocksuckers": -5,
  "cocky": -2,
  "collide": -1,
  "collides": -1,
  "colliding": -1,
  "colluding": -3,
  "combats": -1,
  "complicating": -2,
  "conciliate": 2,
  "conciliated": 2,
  "conciliates": 2,
  "conciliating": 2,
  "conflictive": -2,
  "congratulation": 2,
  "consolable": 2,
  "contagions": -2,
  "contaminant": -2,
  "contaminates": -2,
  "contaminating": -2,
  "contaminations": -2,
  "contemptuous": -2,
  "contender": -1,
  "contestable": -2,
  "controversially": -2,
  "convivial": 2,
  "Cool Stuff": 3,
  "cornered": -2,
  "courageousness": 2,
  "coziness": 2,
  "cramp": -1,
  "crappy": -3,
  "crazier": -2,
  "craziest": -2,
  "crestfallen": -2,
  "criminate": -3,
  "criminated": -3,
  "criminates": -3,
  "crowding": -1,
  "cunt": -5,
  "cutbacks": -2,
  "cynic": -2,
  "cynicism": -2,
  "daredevil": 2,
  "daroka": -1,
  "dauntless": 2,
  "deadlock": -2,
  "debonair": 2,
  "deferring": -1,
  "deficient": -2,
  "deformity": -2,
  "deft": 2,
  "dehumanize": -2,
  "dehumanized": -2,
  "dehumanizes": -2,
  "dehumanizing": -2,
  "deject": -2,
  "dejecting": -2,
  "dejects": -2,
  "demoralize": -2,
  "denier": -2,
  "deniers": -2,
  "Dent": -2,
  "deplore": -3,
  "deploring": -3,
  "deporting": -2,
  "deports": -2,
  "derail": -2,
  "derailed": -2,
  "derails": -2,
  "derelict": -2,
  "derides": -2,
  "despairs": -3,
  "deteriorates": -2,
  "detracted": -1,
  "detracts": -1,
  "dia mampanankery": 1,
  "dia manazava": 2,
  "dia mandany": -2,
  "dia mivelatra": 1,
  "dia nahatalanjona": 2,
  "dia niteny ratsy": -2,
  "diamondra": 1,
  "Dick": -4,
  "dickhead": -4,
  "didimpitsarana": -2,
  "diffident": -2,
  "dikany": -2,
  "diky": -4,
  "dilligence": 2,
  "dipshit": -3,
  "direful": -3,
  "dirtier": -2,
  "dirtiest": -2,
  "disabling": -1,
  "disadisa": -2,
  "disapprovals": -2,
  "disapproving": -2,
  "disconsolation": -2,
  "discounted": -1,
  "disguising": -1,
  "disgustful": -3,
  "disjointed": -2,
  "diso": -2,
  "diso fanantenana": -2,
  "diso fandray": -2,
  "diso hevitra": -2,
  "diso hevitra momba antsika": -2,
  "diso toerana": -2,
  "disparages": -2,
  "disruptive": -2,
  "disrupts": -2,
  "dithering": -2,
  "ditinkazo manitra": -2,
  "dodging": -2,
  "dodgy": -2,
  "doha": -3,
  "dolorous": -2,
  "donates": 2,
  "Dondrombelona": -4,
  "dondrona": -3,
  "dont tahaka ny": -2,
  "douche": -3,
  "dour": -2,
  "downcast": -2,
  "downer": -2,
  "doza": -2,
  "drariny": 2,
  "dratsy": -2,
  "dreading": -2,
  "droopy": -2,
  "drowns": -2,
  "dud": -2,
  "dumped": -2,
  "dumps": -1,
  "dupe": -2,
  "dupery": -2,
  "eerie": -2,
  "eery": -2,
  "effortlessly": 2,
  "ekena": 1,
  "ela Hianao": -1,
  "embarrasses": -2,
  "enchanted": 2,
  "engrossing": 3,
  "enjehina": -2,
  "ennui": -2,
  "enrages": -2,
  "enraging": -2,
  "enrapture": 3,
  "entamavesatra": -2,
  "Eny": 1,
  "eo ampiandrasana": -1,
  "eritreritsika": 2,
  "ErrorWithTranslation": -3,
  "esoeso": -1,
  "eson": -2,
  "etika": 2,
  "evacuates": -1,
  "evacuating": -1,
  "Evergreen": 2,
  "evergreening": -3,
  "evergreens": 2,
  "exacerbates": -2,
  "exaggerates": -2,
  "exasparate": -2,
  "exasperates": -2,
  "excruciatingly": -1,
  "exhilarated": 3,
  "exhilarates": 3,
  "exonerates": 2,
  "exonerating": 2,
  "expertly": 2,
  "explorations": 1,
  "exuberant": 4,
  "exultantly": 3,
  "fabulously": 4,
  "fadiranovana": -3,
  "fag": -3,
  "fagot": -3,
  "fahadalana": -3,
  "fahadisoampanantenana": -2,
  "fahadisoana": -2,
  "fahafahana": 2,
  "fahafatesana": -2,
  "fahafinaretana": 4,
  "fahafoizako": -2,
  "fahagagana": 4,
  "fahaiza": 1,
  "fahaizamanao": 1,
  "fahaizamanavaka": 2,
  "fahaizana": 2,
  "fahaizany": 1,
  "fahalainana": -2,
  "fahalalahana": 2,
  "fahalalampomba": 2,
  "fahalemena": -2,
  "fahalotoana": -2,
  "fahamaimaizana": -2,
  "fahamalinana": 2,
  "fahamarinana": 2,
  "fahamendrehana": 2,
  "fahampiam": -2,
  "fahampiana": -2,
  "fahantrana": -1,
  "faharatsiana": -3,
  "faharavana": -2,
  "faharesena": -2,
  "fahasahiranana": -2,
  "fahasalamana": -2,
  "fahasambarana": 4,
  "fahasembanana": -2,
  "fahasoavana": 1,
  "fahasorenana": -2,
  "fahatafintohinana": -2,
  "fahatapahanjiro": -2,
  "fahatezerana": -2,
  "fahatokiana": 1,
  "fahatsorampo": 2,
  "fahavalo": -2,
  "fahaverezantsaina": -3,
  "fahavoazana": -3,
  "fahazoandalana mankany": 2,
  "fahazoana": 2,
  "fahefana": 1,
  "fahendrena": 1,
  "fahitana": 1,
  "fahombiazana": 3,
  "fahoriana": -2,
  "fahoriany": -3,
  "fahotana": -2,
  "fakana ankeriny": -2,
  "fakàna ankeriny": -2,
  "faker": -3,
  "faking": -3,
  "fako": -1,
  "falifaly": 2,
  "faly": 4,
  "faly be": 4,
  "faly ny": 3,
  "famadihana": -3,
  "famahana": 1,
  "famaizana": -3,
  "famaky": -1,
  "famaliana": -2,
  "famelankeloka": 2,
  "fameperana": -2,
  "fametavetana": -2,
  "famindrampo": 3,
  "famirapiratana": 1,
  "famoahana": -1,
  "famonjena": 2,
  "famonoantena": -2,
  "famonoana": -3,
  "famonoana olona": -2,
  "famoretana": -2,
  "famoronana": 2,
  "fampaherezana": 2,
  "fampahoriana": -2,
  "fampakarana": 2,
  "fampanantenana": 1,
  "fampanginana": -1,
  "fampiasana": -2,
  "fampidirana amponja": -2,
  "fampielezankevitra": -2,
  "fampihorohoroana": -3,
  "fampijalian": -2,
  "fampijaliana": -4,
  "fampiononana": 2,
  "fampiroboroboana": 1,
  "fampisehoana": -1,
  "fampitahorana": -2,
  "fampitandremana": -3,
  "fanafenana ny marina": -3,
  "fanafihana": -2,
  "fanahiana": -2,
  "fanahy": 1,
  "fanaintainana": -2,
  "fanairana": -2,
  "fanajana": 2,
  "fanakanana": -1,
  "fanakianana": -2,
  "fanakianana mivaivay mamely ny": -3,
  "fanakorontanana": -2,
  "fanalambaraka": -3,
  "fanamafisana orina": 2,
  "fanamavoana": -2,
  "fanambakana": -2,
  "fanambinana": 3,
  "fanamby": -1,
  "fanamelohana": -2,
  "fanandevozana": -3,
  "fanantenana": 1,
  "fanapahanjiro": -1,
  "fanapahankevitra": 1,
  "fanapahana": -1,
  "fanarahamaso": -1,
  "fanarahana": -2,
  "fanararaotana": -2,
  "fanariam": -1,
  "fanariana": -1,
  "fanatsarana": 2,
  "fanavakavahana": -2,
  "fanavotana": 2,
  "fanazavana diso": -2,
  "fanazavana mahaliana": 2,
  "fandaniampoana": -1,
  "fandavana": -2,
  "fandàvana": -2,
  "fandeferana": 2,
  "fandevenana": -1,
  "fandevilevena": -2,
  "fandikandalàna": -2,
  "Fandikandalàna": -2,
  "fandotoana": -2,
  "fandrahonana": -3,
  "Fandrahonana": -2,
  "fandrarana": -2,
  "fandravana": -2,
  "fandresena": 4,
  "Fandresena": 4,
  "fandriampahalemana": 2,
  "fandrika": -1,
  "fandringanana": -3,
  "fandroahana": -1,
  "fandrosoana": 2,
  "fanelingelenana": -2,
  "fanenjehana": -1,
  "fanentanana": 2,
  "fanerena": -2,
  "faneriterena": -1,
  "fanesoana": -2,
  "fanesorana": -3,
  "fangalana": -3,
  "fangorahampo": 2,
  "fanilikilihana": -1,
  "Fanina": -1,
  "faniratsirana": -2,
  "faniriana": -1,
  "faniry": 2,
  "fanisàna maty": -2,
  "fanitsakitsahana": -2,
  "fankahalana": -3,
  "fankahalantsika": -3,
  "fankalazana": 3,
  "Fankalazana": 3,
  "fankasitrahana": 3,
  "fankatoavana": 2,
  "fanodikodinambola": -3,
  "fanodinkodinana": -1,
  "fanohanana": 2,
  "fanolanana": -4,
  "fanolorantena": 2,
  "fanomezamboninahitra": 2,
  "fanomezantsiny": -2,
  "fanomezana": 2,
  "fanomezana hery": 2,
  "fanompana": -2,
  "fanontaniana": -1,
  "fara": -1,
  "fasista": -2,
  "fatiantoka": -3,
  "fatigue": -2,
  "fatigues": -2,
  "fatiguing": -2,
  "fatinà": -4,
  "fatokisana": -3,
  "fatrapaniry laza": 2,
  "fatratra": 3,
  "faty": -1,
  "favoris": 2,
  "favorited": 2,
  "favourited": 2,
  "felonies": -3,
  "feno": -2,
  "feno fanantenana": 2,
  "feno fanolorantena": 3,
  "feno fifaliana": 2,
  "feno fisaorana": 2,
  "feno fotaka": -2,
  "feno habibiana": -2,
  "feno herimpo": 3,
  "feno rahona": -1,
  "fervid": 2,
  "fetra": -1,
  "fetsy": 2,
  "fety": 2,
  "fiahiahiana": 2,
  "fiahiana": 2,
  "fialamboly": -2,
  "fialantsiny": -1,
  "fialonana": -1,
  "fiampangana": -2,
  "fianianana": -2,
  "fianjerana": -2,
  "fiankohofana": 3,
  "fiantraikany": -3,
  "fiarahamiory": 2,
  "fiarahabana": 2,
  "fiarovana": 1,
  "fiatoana": -1,
  "fiderana": 3,
  "fidgety": -2,
  "fifaliana": 3,
  "fifanarahana": 1,
  "fifandirana": -1,
  "fifandonana": -2,
  "fifanenjanana": -1,
  "fifanosehana": -2,
  "fihetsehampo": 1,
  "fihinanambilona": -2,
  "fihomehezana": -2,
  "fikarakarana": 2,
  "fikomiana": -2,
  "fikorontanana": -2,
  "filazana": -2,
  "filazana loza": 3,
  "Finaritra": 3,
  "finiavana": 2,
  "finoana": 1,
  "fiononana": 2,
  "firaisana aranofo": 2,
  "firaisankina": 2,
  "firavaka": 1,
  "firindrana": 2,
  "fisakaizana": 2,
  "fisalasalana": -2,
  "fisamborana": -2,
  "fisaonana": -2,
  "fisarahana": -2,
  "fisintahana": -1,
  "fisolokiana": -3,
  "fisotrony": -4,
  "fitahiana": 3,
  "fitaka": -2,
  "fitakiana": -1,
  "fitaomampanahy": 2,
  "fitaovana": -1,
  "fitarainana": -2,
  "fitarainany": -2,
  "fitiavambola tafahoatra": -3,
  "fitiavantena": 2,
  "fitiavana": 3,
  "Fitness": 1,
  "fitohanana": -2,
  "fitokonana": -1,
  "fitomaniana": -2,
  "fitomboana": 2,
  "fitondrantena": -2,
  "fitongilanana": -1,
  "fitoriana": -2,
  "fitrandrahana": 1,
  "fitsaohana": 3,
  "fitsarana": -1,
  "Fitsarana Katolika": -2,
  "fitsiriritana": -1,
  "fivontosana": -2,
  "fivoriana fampaherezampanahy": 2,
  "flagship": 2,
  "flop": -2,
  "fo": 2,
  "foana": -1,
  "fohymijery lavitra": -2,
  "fohysightedness": -2,
  "fomba voarindra": 2,
  "foreclosure": -2,
  "foreclosures": -2,
  "forgettable": -1,
  "fotsiny": -1,
  "fraudster": -4,
  "fraudsters": -4,
  "fraudulence": -4,
  "frenzy": -3,
  "friendly": 2,
  "frikin": -2,
  "frisky": 2,
  "frowning": -1,
  "ftw": 3,
  "fucked": -4,
  "fuckers": -4,
  "fuckface": -4,
  "fuckhead": -4,
  "fucking": -4,
  "fucking fitiavana": 4,
  "fucking lehibe": 4,
  "fucking mafana": 2,
  "fucking mahafatifaty": 4,
  "fucking mahafinaritra": 4,
  "fucking mahagaga": 4,
  "fucking tonga lafatra": 4,
  "fucking tsara": 4,
  "fucking tsara tarehy": 4,
  "fucktard": -4,
  "fud": -3,
  "fuked": -4,
  "fuking": -4,
  "fuming": -2,
  "Funky": 2,
  "gag": -2,
  "gaga": -3,
  "Gaga": -2,
  "gallantly": 3,
  "gallantry": 3,
  "Gem": 3,
  "Genial": 3,
  "ghastly": -2,
  "giddy": -2,
  "glamorous": 3,
  "glamourous": 3,
  "glum": -2,
  "goavana": 1,
  "goddamn": -3,
  "godsend": 4,
  "goofiness": -2,
  "goofy": -2,
  "Grand": 3,
  "greenwash": -3,
  "greenwasher": -3,
  "greenwashers": -3,
  "greenwashing": -3,
  "grey": -1,
  "gripa": -2,
  "growths": 2,
  "Ha": 2,
  "habibiana": -3,
  "hadino": -1,
  "hafa noho ny eritreritro": -2,
  "hafahafa": -2,
  "hafakely": 1,
  "hafaliana": 3,
  "hafanana": 2,
  "hagaigena izao": -4,
  "Haha": 3,
  "hahafaty ny zanany": -2,
  "hahafoana": -2,
  "hahaha": 3,
  "hahahah": 3,
  "hahakivy": -2,
  "hahamenatra": -2,
  "hahasorena": -2,
  "hahatanteraka": -2,
  "hahatezitra ny": -2,
  "hahavaha": -2,
  "hahomby": 3,
  "haingampandeha": 2,
  "haingana": 2,
  "haingana toy": -1,
  "haizimpito": -1,
  "haizina": -1,
  "hajaina": 2,
  "halahelo": -2,
  "halana": -3,
  "Haleloia": 3,
  "hamadika": -3,
  "hamadika ny": -3,
  "hamaha": -3,
  "hamaivanina": -1,
  "hamaizako": -3,
  "hamela": 1,
  "hamelona indray": 2,
  "hamerana": -2,
  "hametrapialana": -1,
  "hametraka": -1,
  "hamitaka": -3,
  "hamitaka ny": -3,
  "hamono tena": -2,
  "hampahatezitra": -3,
  "hampangovitra": -2,
  "hampiaiky volana": 3,
  "hampiato": -1,
  "hampididoza": -2,
  "hampiharihary": -1,
  "hampihena": -2,
  "hampihenana": -2,
  "hampihorohoro": -3,
  "hampiraviravy tànana": -2,
  "hampitahorana": -2,
  "hampitonena": 2,
  "hampitony": 2,
  "hanadiovana": 1,
  "hanafaka": 2,
  "hanafintohina": -2,
  "hanafoana": -1,
  "hanakana": -2,
  "hanakantsakana": -2,
  "hanakorontana": -2,
  "hanamafy": 1,
  "hanamafy orina": 2,
  "hanamaivanana": 2,
  "hanamarina": 2,
  "hanampy": 2,
  "hanankery eo": -2,
  "hanandevo": -2,
  "hanary": -1,
  "hanasazy": -2,
  "hanatanteraka": 2,
  "hanavao": 1,
  "hanazava": 2,
  "handà": -2,
  "handa azy": -2,
  "handentika": -2,
  "handiso fanantenana": -2,
  "handoto": -2,
  "handova": -2,
  "handrava": -2,
  "handresy lahatra": 1,
  "handringana": -3,
  "handrisika": 1,
  "handroaka": -2,
  "hanelingelina": -2,
  "hanemotra": -1,
  "hanenina": -2,
  "hangalatra": -2,
  "hangidihidy": -2,
  "hanimba": -2,
  "hanitatra": 1,
  "hanitra": 2,
  "hankasitrahana": -2,
  "hanoanana": -2,
  "hanome": 2,
  "hanome hery": 2,
  "hanome toky": 1,
  "hanorotoro": -1,
  "hanova": -2,
  "hapless": -2,
  "haplessness": -2,
  "harasses": -3,
  "hardier": 2,
  "Hardy": 2,
  "harena": 3,
  "harried": -2,
  "harsher": -2,
  "hasandratra": 2,
  "hatahotra": -2,
  "hatezerana": -3,
  "hatoky tena": -2,
  "hatsarampanahy": 2,
  "hatsarantarehy": 3,
  "hatsarantoetra": 3,
  "hatsarana": 3,
  "hatsarany": 3,
  "hatsikana": 2,
  "haunts": -1,
  "havakavahana": -2,
  "havandra": 2,
  "heavyhearted": -2,
  "hehe": 2,
  "hellish": -2,
  "helo": -4,
  "heloka bevava": -3,
  "henatra": -2,
  "henjana": -2,
  "Herim": 3,
  "herimpo": 2,
  "herimpony": 2,
  "heriny": 3,
  "herisetra": -2,
  "herisetramifandraika": -3,
  "hery": 2,
  "Hetezo": -1,
  "hetra": 2,
  "hetsipanoherana": -2,
  "Hevidiso": -1,
  "heviny": 1,
  "hiala": -1,
  "hiampanga": -2,
  "hiaramalahelo": -2,
  "hiarahaba": 2,
  "hiaraka": 1,
  "hidera": 3,
  "hifaly": 4,
  "Hifaly": 3,
  "hifanaraka": 1,
  "hihamafy": 2,
  "hikorontantsaina": -2,
  "hisalasala": -2,
  "hisambotra": -2,
  "hisarihana": 2,
  "hisoroka": -1,
  "hita": -2,
  "hitahy": 2,
  "hitaraina": -2,
  "hitarika": 2,
  "hiteny ratsy": -1,
  "hiteradoza": -3,
  "hitoloko": -2,
  "hitsangana": 1,
  "hitsikera": -2,
  "hivoaka": -2,
  "ho andevony": -2,
  "ho levona mandrakizay ny": -2,
  "ho meloka": -3,
  "ho niterapahavoazana": -2,
  "ho rakotra": -2,
  "ho tsy ampy ahazoana": -2,
  "ho tsy mahay": -2,
  "ho voa": -3,
  "ho voatery": -2,
  "ho zavabetaveta": -3,
  "hodi": -1,
  "Hody olonkafa": -1,
  "hoe afaka": 2,
  "hoe mpiady varotra tsy": 2,
  "hofaizako": -3,
  "hohamaivanina": -1,
  "hoharatsiratsina": -2,
  "holatra": -2,
  "hollow": -1,
  "homamiadana": -1,
  "hooligan": -2,
  "hopitaly": -2,
  "hosoka": -1,
  "hotananay": -2,
  "hovitra": -2,
  "hozatra": -1,
  "huckster": -2,
  "humbug": -2,
  "humerous": 3,
  "humourous": 2,
  "hurray": 5,
  "hysterics": -3,
  "i Parley": -1,
  "icky": -3,
  "idiocy": -3,
  "idiotic": -3,
  "idirana": 1,
  "ilaina": 2,
  "imbecile": -3,
  "impairing": -2,
  "impeachment": -3,
  "impeachments": -3,
  "impedingly": -2,
  "imposter": -2,
  "incapacitates": -2,
  "incensing": -2,
  "incoherent": -2,
  "indoctrinate": -2,
  "indoctrinates": -2,
  "indoctrinating": -2,
  "indray": 1,
  "indray mandehainaandrompiainany": 3,
  "Indrisy": -1,
  "indro kely": -2,
  "inediable": -2,
  "ineffectively": -2,
  "ineffectual": -2,
  "inefficiently": -2,
  "ineptitude": -2,
  "inexorable": -3,
  "infantile": -2,
  "infantilized": -2,
  "infatuated": 2,
  "infecting": -2,
  "infects": -2,
  "infest": -2,
  "infesting": -2,
  "infests": -2,
  "infract": -2,
  "infracted": -2,
  "infracting": -2,
  "infracts": -2,
  "infuriate": -2,
  "infuriates": -2,
  "infuriating": -2,
  "innovates": 1,
  "inoana": -1,
  "inoperative": -2,
  "insipid": -2,
  "insolvent": -2,
  "interruption": -2,
  "intransigence": -2,
  "intransigency": -2,
  "invulnerable": 2,
  "irate": -3,
  "ireny horonantsary malaza ireny": 3,
  "irery": 2,
  "irina": 2,
  "irreproducible": -2,
  "irresolute": -2,
  "irresponsibly": -2,
  "irreversibly": -1,
  "jackass": -4,
  "jackasses": -4,
  "jamba": -1,
  "jambany": -2,
  "jaunty": 2,
  "jaza": -2,
  "jerk": -3,
  "Jesosy": 1,
  "jiolahimboto": -2,
  "jiolahy": -3,
  "jiro": -2,
  "jolly": 2,
  "jovial": 2,
  "jumpy": -1,
  "ka miato": -2,
  "kafanampo": 2,
  "kahihitra": -2,
  "kaja": 2,
  "kalitao": 2,
  "kamo": -2,
  "kanosa": -2,
  "kanto": 3,
  "kapa": -2,
  "karazana": 0,
  "karena": -2,
  "KARENA": -2,
  "keriny": -3,
  "kerisetra": -3,
  "ketraka": -2,
  "kiakiaka": -2,
  "kickback": -3,
  "kickbacks": -3,
  "kijanona": -1,
  "kilalao miendrika biriky": -1,
  "kilema": -3,
  "kilemaina": -2,
  "kilemantoetra": -2,
  "kitapompanampiana": -2,
  "kivy": -2,
  "Kivy": -2,
  "kokoa": 2,
  "kolikoly": -3,
  "korontana": -2,
  "krizy": -3,
  "kudos": 3,
  "lafatra": 3,
  "lafiny": 2,
  "lafinyfiantraikany": -2,
  "lafo": -2,
  "lafo vidy": 2,
  "lafy ratsinjavatra": -2,
  "lafy ratsiny": -2,
  "lagged": -2,
  "lagging": -2,
  "lags": -2,
  "Lahatsoratrafiantraikany": -2,
  "lainga": -2,
  "lainga momba": -2,
  "lamaody": -2,
  "lamosiny": 1,
  "lany andro": -2,
  "lapsed": -1,
  "lasa kamo": -2,
  "laugh": 1,
  "laughting": 1,
  "lavo": -2,
  "lawl": 3,
  "laza": 1,
  "lazany": 3,
  "lehibe": 1,
  "lehibe indrindra": 3,
  "lehibe kokoa": 3,
  "Lele": -4,
  "Lelena": -4,
  "leo": -2,
  "lethality": -2,
  "lethargic": -2,
  "levitra": -2,
  "liana": 3,
  "lifesaver": 4,
  "likeable": 2,
  "likers": 2,
  "Litigation": -1,
  "litigious": -2,
  "lmao": 4,
  "lmfao": 4,
  "lo": -3,
  "loa": -3,
  "loathes": -3,
  "lobby": -2,
  "lobbying": -2,
  "lobbyist": -2,
  "lobbyists": -2,
  "lohalaharana": 1,
  "lojika": -2,
  "loka": 3,
  "lolol": 4,
  "lololol": 4,
  "lolololol": 4,
  "lonesome": -2,
  "lool": 3,
  "loool": 3,
  "looool": 3,
  "looses": -3,
  "loto": -2,
  "lousy": -2,
  "lovelies": 3,
  "lovely": 3,
  "loza": -3,
  "Loza": -2,
  "loza tokoa ny": -3,
  "lozabe": -3,
  "lozera": -3,
  "ludicrous": -3,
  "lugubrious": -2,
  "lunatics": -3,
  "lurks": -1,
  "maddening": -3,
  "madio": 1,
  "madio indrindra": 1,
  "madiodio": 2,
  "maditra": -2,
  "madly": -3,
  "mafana": 1,
  "mafana fo": 1,
  "mafy": -3,
  "mafy fo": -2,
  "mafy indrindra": -2,
  "mafy loha": -2,
  "mafy orina": 2,
  "mahaolombelona": 2,
  "mahafapo": 2,
  "mahafaly": 3,
  "mahafatifaty": 3,
  "mahafaty": -3,
  "mahafinaritra": 3,
  "mahafoana": -2,
  "mahagaga": 4,
  "mahakasika": -2,
  "mahakivy": -2,
  "mahalala": -2,
  "mahalala fomba": 2,
  "mahaliana": 2,
  "Mahaliana": 3,
  "mahamenatra": -2,
  "mahantra": -2,
  "mahantra indrindra": -2,
  "maharary": -2,
  "mahareraka ny": -2,
  "maharikoriko": -2,
  "Maharikoriko": -3,
  "maharitra": 2,
  "mahasakana": -1,
  "mahasarika": 1,
  "mahasoa": 2,
  "mahasosotra": -3,
  "mahatahotra": -2,
  "mahatalanjona": 4,
  "mahatehotia": 3,
  "mahatezitra": -2,
  "mahatoky": 3,
  "mahatratra": 1,
  "mahatsikaiky": 2,
  "Mahatsinontsinona": -2,
  "mahatsiravina": -3,
  "Mahavaha": 1,
  "mahavariana": 3,
  "mahavita": -2,
  "mahavokatra": 2,
  "mahay": 1,
  "mahazaka": -2,
  "mahazo aina": -2,
  "mahefa": 2,
  "mahery": 2,
  "mahery fihetsika": -2,
  "mahery fo": 2,
  "mahery setra": -2,
  "mahery vaika": 2,
  "mahita tory": -2,
  "Mahitsy": 1,
  "mahomby": 3,
  "mahonena": -2,
  "maika": -1,
  "maika,": 2,
  "mailo": 3,
  "maimaika": -2,
  "maimaimpoana": 1,
  "maimbo": -2,
  "maimbo be": -2,
  "maimbo Neily": -2,
  "mainka manasaro": -2,
  "mainka nampahaditra": -2,
  "maintsy": -2,
  "maitso manasa": -3,
  "maitso Wash": -3,
  "maivamaivana": 2,
  "maizina": -2,
  "maka ankeriny": -2,
  "maladaption": -2,
  "malala": 3,
  "malalatanana": 2,
  "malalaka": 1,
  "malaza": 2,
  "maldevelopment": -2,
  "malemy": -2,
  "malina": -1,
  "maloto": -2,
  "maltreatment": -2,
  "mamadika": -3,
  "mamaha": 1,
  "mamela": 2,
  "mamelà": 1,
  "mamela heloka": 1,
  "mamelombelona": 2,
  "Mamelombelona": 2,
  "mametra": -2,
  "mametraka": -1,
  "mamihina": 2,
  "mamindra fo": 3,
  "mamirapiratra": 1,
  "mamitaka": -3,
  "mamitsaka": -1,
  "mamo": -2,
  "mamoafady": -2,
  "mamoaka": -2,
  "mamono": -3,
  "Mamono": -3,
  "mamoy": -2,
  "mamoy fo": -3,
  "mampahasaro": -1,
  "mampahery": 2,
  "Mampahery": 2,
  "Mampahonena": -2,
  "mampahory": -2,
  "mampahory koa": -5,
  "mampalahelo": -2,
  "mampamangy": 2,
  "mampanahy": -2,
  "mampatahotra": -2,
  "Mampatanjaka": 2,
  "mampiady": -2,
  "mampiahiahy": -2,
  "mampiaiky": 3,
  "mampididoza": -2,
  "mampientampo": 3,
  "mampieritreritra": 1,
  "mampiforitra": -2,
  "mampihetsipo": 2,
  "mampihomehy": 4,
  "mampihorokoditra": -3,
  "mampihorohoro": -3,
  "mampihoronkoditra": -3,
  "mampijaly": -3,
  "mampikororosy fahana": -2,
  "mampino": -1,
  "mampiriorio": -2,
  "mampirisika": 2,
  "mampiroborobo": 1,
  "mampisafotofoto": -2,
  "mampisalasala": -1,
  "mampisava": 1,
  "mampiseho": -1,
  "mampitandrina": -2,
  "Mampitandrina": -2,
  "mampitokiky": 4,
  "mampitolagaga": 3,
  "mampitombo": -2,
  "mampitony": 2,
  "mampivarahontsana": -1,
  "mampody": 1,
  "mamy": 3,
  "manadino": -1,
  "manafaka": 2,
  "manafika": -1,
  "manafina": -3,
  "manafintohina": -2,
  "manafoana": -1,
  "manahirantsaina": -2,
  "manahirana": -2,
  "manahy": 2,
  "manaiky": 2,
  "manaiky hiara": 2,
  "manaisotra": -1,
  "manaitaitra": 3,
  "manaitra": 4,
  "manakana": -1,
  "manakiana": -2,
  "manakivy": -2,
  "manakorontana": -2,
  "manala baraka": -2,
  "manampaharetana": -2,
  "manampahefana": 2,
  "manamarina": 2,
  "manamarina ny meloka": 2,
  "manambaka": -3,
  "manambany": -2,
  "manambara": 2,
  "manambitana mahafatifaty": 3,
  "manambitana tsara": 4,
  "manameloka": -2,
  "Manameloka": -2,
  "manampatra": -2,
  "manampy": 2,
  "manandanja": 1,
  "mananjo": 2,
  "manankarena": 2,
  "manantsaina": 2,
  "manana": 2,
  "mananatra": -2,
  "manankarena": 2,
  "mananontanona": -1,
  "manantena": 2,
  "manao": 1,
  "Manao": 1,
  "Manao veloma": 1,
  "manao very": -1,
  "manapa": -2,
  "manapaka indray": -2,
  "manasa": 1,
  "manasazy": -2,
  "manatanteraka": 2,
  "Manatanteraka ny Teniny": 2,
  "manatsara": 1,
  "manavaka": -2,
  "manavakavaka": -2,
  "manavao": 2,
  "manazava": 2,
  "mandà": -1,
  "mandahateny": -3,
  "mandanilany": -2,
  "mandany": 1,
  "mandao": -2,
  "mandavorary": 2,
  "mandefitra": 1,
  "mandika": -2,
  "mandinika ireo": -2,
  "mandiso fanantenana": -2,
  "mandoa": -3,
  "mandositra": -1,
  "mandoto": -2,
  "mandrahona": -2,
  "mandrara": -1,
  "mandràra": -1,
  "mandratra": -2,
  "mandray": 2,
  "mandresy": 4,
  "mandringa": -2,
  "mandringana": -3,
  "mandrisika": 1,
  "mandroba": -2,
  "Mandroso haingana": 2,
  "maneho fitiavana": 2,
  "Manehoa fahalalampomba": 2,
  "manelingelina": -2,
  "manemotra": -1,
  "manenina": -2,
  "manenjika": -2,
  "manentana": 1,
  "maneso": -1,
  "manetry tena": 1,
  "mangalatra": -2,
  "mangatsiatsiaka": 1,
  "mangeja": -2,
  "mangidy": -2,
  "mangoraka": 2,
  "manilika": -1,
  "manimba": -3,
  "manimba,": -3,
  "manindrona": -2,
  "manintona": 3,
  "manirery": -2,
  "maniry": 1,
  "manisy": -3,
  "manitatra": -2,
  "manjavona": -1,
  "manjavozavo": -2,
  "manjopiaka": 3,
  "mankafy": 3,
  "mankahala": -3,
  "mankahalà": -3,
  "mankahery": 2,
  "mankalaza": 3,
  "mankaleo": -3,
  "mankasitraka": 2,
  "manodinkodina": -1,
  "manohana": 2,
  "manohintohina ny": -2,
  "manohitra": -2,
  "manolotena": 1,
  "manome": 2,
  "manome fiadanana ho": 2,
  "manome toky": 1,
  "manonofy": 1,
  "Manoro hevitra": 2,
  "manova": -2,
  "maoderina": 2,
  "marary": -2,
  "marary fatratra": -2,
  "marefo": -2,
  "maripankasitrahana": 3,
  "maritoerana": 2,
  "marina": 2,
  "masiaka": -2,
  "Masina": -1,
  "masoandro": 2,
  "matahotra": -2,
  "matanjaka": 2,
  "matanjaka kokoa": 2,
  "matavy": -1,
  "mateza": 2,
  "matihanina": -2,
  "matoky": 1,
  "matotra": 2,
  "matroka": -2,
  "matsiro": 3,
  "maty": -2,
  "maty andrano": -2,
  "maty vady": -1,
  "mavitrika": 2,
  "may ny antontam": -2,
  "mazava": -1,
  "mazava tsara": 2,
  "mazoto": 2,
  "Mba miangavy re": 1,
  "medaly": 3,
  "meloka": -3,
  "memoriam": -2,
  "menaced": -2,
  "menatra": -2,
  "mendrikaja": 2,
  "mendrika": 2,
  "mendrika hotiavina": -2,
  "mesmerizing": 3,
  "messing ny": -2,
  "mety": 2,
  "mety levona": 2,
  "mety resy": 2,
  "miady": -1,
  "Miafina": -1,
  "miahanahana aho": -1,
  "miala": -1,
  "miala tsiny": -1,
  "mialoha": 1,
  "mialona": -2,
  "miampanga": -2,
  "miandry": -1,
  "mianiana": -2,
  "mianjera": -1,
  "Miarahaba": 2,
  "miaro": 1,
  "miavaka": 1,
  "miavonavona": -2,
  "midera": 3,
  "miendrika": 2,
  "mieritreritra": -2,
  "mievina": -2,
  "mifanaraka": 2,
  "mifaninana": 2,
  "mifanohitra": -1,
  "mifantoka": 2,
  "mifetsy": -2,
  "mifindra": -1,
  "mifono": 1,
  "mihantona": -1,
  "mihantsy": -1,
  "miharatsy": -2,
  "mihombo": -3,
  "mihomehy": 1,
  "mihontsina": -2,
  "mijaly": -2,
  "Mijanòna": -1,
  "mikorontana": -2,
  "milamina": 2,
  "minomino foana": -2,
  "miovaova": -2,
  "mipoitra": -2,
  "miraharaha": -3,
  "miramirana": 2,
  "miravoravo": 3,
  "mirehareha": 2,
  "mirindra": 2,
  "mirthful": 3,
  "mirthfully": 3,
  "misafoaka koa": -2,
  "misaintsaina": 1,
  "misakana": -2,
  "misalasala": -2,
  "misaona": -2,
  "misaotra": 2,
  "Misaotra": 2,
  "misavoritaka": -2,
  "misavorovoro": -2,
  "misbehaved": -2,
  "misbehaving": -2,
  "misbranding": -3,
  "miscast": -2,
  "mischiefs": -1,
  "misclassified": -2,
  "misclassifies": -2,
  "misclassify": -2,
  "misconducted": -2,
  "misconducting": -2,
  "misconducts": -2,
  "Miseho": -1,
  "misento": -2,
  "misfire": -2,
  "misgiving": -2,
  "misleaded": -3,
  "misplaces": -2,
  "misplacing": -2,
  "mispricing": -3,
  "misread": -1,
  "misreported": -2,
  "misreporting": -2,
  "misreports": -2,
  "misrepresentations": -2,
  "misrepresents": -2,
  "Miss": -2,
  "misusing": -2,
  "misy dikany izany": -3,
  "misy fihafahafana": 1,
  "misy fitiavan": 2,
  "misy poizina": -3,
  "mitahiry fahatezerana": -3,
  "Mitahy": 2,
  "mitaiza kely": -3,
  "mitaky": -1,
  "Mitana": 1,
  "mitandrina": -2,
  "mitaona": 2,
  "mitaraina": -2,
  "Mitaraina": -2,
  "Mitatra ny": 1,
  "mitebiteby": -1,
  "mitehaka": 2,
  "miteraka fatiantoka ho": -2,
  "mitete": -1,
  "mitifitra": -1,
  "mitokamonina": -1,
  "mitomany": -2,
  "mitombo": 1,
  "mitondra ny lohateny hoe": 1,
  "mitory olona araka": -2,
  "mitovy": -1,
  "mitrandraka": -2,
  "mitsangana": 1,
  "mitsiky": 2,
  "mitsipaka": -2,
  "mivadika": 2,
  "mivaky loha": 1,
  "Mivavaha": 1,
  "mivavaka": 1,
  "mizaka": 2,
  "mizara": 1,
  "Mizarazara": -2,
  "mlay": 3,
  "moana": -3,
  "moaned": -2,
  "moans": -2,
  "modernizes": 2,
  "modernizing": 2,
  "mody": -1,
  "mongering": -2,
  "monopolize": -2,
  "monopolizes": -2,
  "Monotone": -1,
  "Moody": -1,
  "mope": -1,
  "moping": -1,
  "mora": 1,
  "mosarena": -2,
  "mosary": -2,
  "motherfucker": -5,
  "motherfucking": -5,
  "motivation": 1,
  "mpamadika": -3,
  "mpamaly": -2,
  "mpamono olona": -2,
  "mpampihorohoro": -2,
  "mpanao asa soa": 2,
  "mpanao heloka bevava": -3,
  "mpanao hetsipanoherana": -2,
  "mpanao ratsy": -2,
  "mpanao soa": 2,
  "mpanao spam": -3,
  "mpanao tsikera": -2,
  "mpanavakavaka": -3,
  "mpandainga": -3,
  "mpandoka": 2,
  "mpandoto": -2,
  "mpandresy": 4,
  "mpangalatra": -2,
  "mpaniratsira": -2,
  "mpankafy": 3,
  "mpankahala": -3,
  "mpanohana": 1,
  "mpanolana": -4,
  "mpanompo": -3,
  "mpanontolo fo": -2,
  "mpanorisory": -3,
  "mpanota": -3,
  "mpiara": 2,
  "mpiaro": -2,
  "mpihetraketraka": -2,
  "mpikomy": -1,
  "mpirehareha": -2,
  "mpiremby": -2,
  "mpitarika": 1,
  "mpitokona": -2,
  "mumpish": -2,
  "n00b": -2,
  "nafindra toerana": -1,
  "nahafeno fepetra": -2,
  "nahafoy": -3,
  "nahalala fomba": 2,
  "naharikoriko": -3,
  "nahasarika": 1,
  "nahatonga": 2,
  "Nahatratra": 1,
  "nahatsiravina": -3,
  "nahavaky fo": -3,
  "nahazo": 3,
  "nahazoany": 2,
  "nahemotra": -1,
  "nahiratsaina": 2,
  "nahomby": -2,
  "nahy": -3,
  "naka ankeriny": -2,
  "nalahelo": -2,
  "Nalahelo mafy": -3,
  "nalaina ambavany": -2,
  "nalaina ankeriny": -2,
  "namadika": -3,
  "namaha": 1,
  "namaky": -1,
  "namaly": -2,
  "namana": 1,
  "namazivazy": -2,
  "nambaniana": -2,
  "namela heloka": 2,
  "namely": -1,
  "nametrapanontaniana": -1,
  "nametrapialana": -1,
  "nametraka": -1,
  "namoaka": -2,
  "namoizana aina": -3,
  "namonjy": 2,
  "namono": -3,
  "nampahatahotra": -2,
  "nampahatezitra": -1,
  "Nampahery": -2,
  "nampahory": -2,
  "nampanantenaina": 1,
  "nampandamòka ny fikasana": -2,
  "nampiaiky volana azy": 3,
  "nampiasa fomba tsara": 2,
  "nampientanentana be": 3,
  "nampiharina": -2,
  "Nampihoronkoditra": -2,
  "nampijaliana": -4,
  "nampijaly": -2,
  "nampirisika ny olona hikomy": -2,
  "Nampiroborobo": 1,
  "Nampitandrina": -2,
  "nampitony": 2,
  "nampivaona": -3,
  "nanafaka madiodio": 2,
  "nanafika": -1,
  "nanafina": -1,
  "nanafintohina": -2,
  "nanafosafo": 3,
  "nanaiky": 1,
  "Nanaiky": 2,
  "Nanaintaina": -2,
  "nanaintaina be vao": -3,
  "nanaitra": 3,
  "nanakantsakana": -2,
  "nanakiana": -2,
  "nanakorontana": -2,
  "nanala": 1,
  "nanamafy": 2,
  "nanameloka": -2,
  "nanankarena": 3,
  "nanankery": 1,
  "Nananatra": -2,
  "nanao fandresendahatra": -2,
  "nanao vivery": -2,
  "nanararaotra": -3,
  "nanavotra": 2,
  "nanda": -1,
  "nandà": -2,
  "nandainga": -2,
  "nandamoka": -3,
  "nandanilany foana": -2,
  "nandao": -2,
  "nandatsaka": -1,
  "nandidy": -3,
  "nandoavany": -3,
  "nandrara": -2,
  "nandray": 2,
  "Nandreraka": -2,
  "nandringana": -2,
  "Nandrisika": 1,
  "Nandrotidrotika": -3,
  "nanelingelina": -2,
  "nanenina": -2,
  "Nanenjika": -2,
  "naneso": -2,
  "nangalarina": -2,
  "nangalatra": -2,
  "nangeja": -2,
  "nangoraka": 2,
  "nangovitra": -2,
  "nanindry": -2,
  "Nanintona": 3,
  "Naniry": -2,
  "nanitatra": -2,
  "nanitsakitsaka": -2,
  "nanjavona": -1,
  "Nanjombona": -2,
  "Nankafizinay koa": 3,
  "nankarenintsofina,": -1,
  "nankatoavina": 2,
  "nanohana": 2,
  "nanohintohina": -2,
  "nanomboka": 1,
  "nanome": 2,
  "nanome kolikoly": -3,
  "Nanome toky": 1,
  "nanontany": -1,
  "nanova": -2,
  "nanova tarehy": -1,
  "napetraky": -1,
  "naratra": -2,
  "narcissism": -2,
  "nariana": -1,
  "nasandratry": 1,
  "natahotra": 2,
  "Natahotra": -2,
  "natahotra be": -2,
  "natao": -2,
  "natoky": -3,
  "naviliny": -1,
  "negativity": -2,
  "nekena": 1,
  "nenina": -2,
  "nety": -2,
  "ngoly": -1,
  "niady": -2,
  "niady hevitra": -2,
  "niahiahy": -1,
  "niaiky": -1,
  "Niaiky": -1,
  "niala tsiny": -1,
  "niandry": -1,
  "nianiana": -2,
  "nianjera": -2,
  "niankohoka": 3,
  "niantra": -1,
  "niantso": -2,
  "niantsoantso": -2,
  "niarahaba": 2,
  "niavaka": 2,
  "nibedy": -2,
  "nidera": 3,
  "nidonampahoriana": -2,
  "nievina": -2,
  "Nifamihina": 2,
  "nifty": 2,
  "niggas": -5,
  "nigger": -5,
  "niharamboina": -2,
  "niharamboina": -2,
  "niharatsy": -2,
  "Niharatsy": -3,
  "nihatsaravelatsihy": -2,
  "nihazona": -1,
  "nihetsika": -1,
  "nihoby": 2,
  "nihomehy": 1,
  "nihorohoro": -2,
  "nijaly": -2,
  "nijanona": -1,
  "nikiakiaka": -2,
  "nionona": 2,
  "niparitaka": -1,
  "niraharaha": -2,
  "niraikitra": -2,
  "niray tetika": -3,
  "nirodana": -2,
  "nisafotofoto": -2,
  "nisakana": -2,
  "nisalasala": -1,
  "nisaona": -2,
  "nisarika": -1,
  "nisoloky": -3,
  "nisongadina": 2,
  "nisoroka": -1,
  "nisy diso": 2,
  "nisy fanakantsakanana": -2,
  "nisy feo avy": -1,
  "nitaraina": -2,
  "nitarika": 2,
  "nitehaka": 2,
  "niteraka": -2,
  "nitombo": 1,
  "nitsahatra": -1,
  "nitsangana": 1,
  "Nitsiky": 2,
  "nivadika": -2,
  "nizara": 1,
  "noana": -2,
  "noblest": 2,
  "nofoanana ny": -1,
  "nofy": 1,
  "nohamarinina": 2,
  "nohazavaina": 2,
  "nokapohina": -2,
  "nokendaina": -2,
  "nolavina": -1,
  "nomena": 2,
  "noob": -2,
  "Nosy": -2,
  "notampenambava": -2,
  "notànana": -2,
  "notaritaritina": -1,
  "Novaliantsoa": 2,
  "ny alahelo": -2,
  "ny fanafihan": -2,
  "ny fanafoanana": -1,
  "ny fanamavoana": -2,
  "ny fanaovana ankivy": -2,
  "ny fandikandalàna": -2,
  "ny fankalazana": 3,
  "ny fisarahambazana": -2,
  "ny fitiavana ny": 2,
  "ny hadisoana": -2,
  "ny lalao": -1,
  "ny mavesatra": -2,
  "ny miodina": -2,
  "ny nandisoany": -2,
  "ny rariny": 2,
  "ny tsy fahaizana": -2,
  "ny zokiolona mampihemotra ny": -1,
  "obliterate": -2,
  "obnoxious": -3,
  "obscenity": -2,
  "odiantsy hita": -1,
  "ody": -2,
  "offensively": -2,
  "oks": 2,
  "olana": -2,
  "olontiany": 2,
  "omeo": 1,
  "ompa": -2,
  "onitra": -2,
  "Oops": -2,
  "optionless": -2,
  "oroka": 2,
  "ory": -1,
  "osa fo": -2,
  "ostracize": -2,
  "ostracizes": -2,
  "ouch": -2,
  "outmaneuvered": -2,
  "overprotective": -2,
  "overreacted": -2,
  "overreaction": -2,
  "overreacts": -2,
  "oversell": -2,
  "overselling": -2,
  "oversells": -2,
  "oversimplification": -2,
  "oversimplified": -2,
  "oversimplifies": -2,
  "oversimplify": -2,
  "oversold": -2,
  "overstatements": -2,
  "overwrought": -3,
  "oxymoron": -1,
  "ozona": -1,
  "pahoriana ny": -3,
  "panahy": 2,
  "panics": -3,
  "paradisa": 3,
  "penalizes": -2,
  "penalizing": -2,
  "pensive": -1,
  "pesky": -2,
  "petrified": -2,
  "phobic": -2,
  "pialana": -1,
  "pileup": -1,
  "pique": -2,
  "pireharehana": 2,
  "pissed": -4,
  "pissing": -3,
  "piteous": -2,
  "playful": 2,
  "plodding": -2,
  "poizina": -2,
  "polished": 2,
  "polluter": -2,
  "ponenana": 1,
  "possessive": -2,
  "Potika Be": 2,
  "prblm": -2,
  "prblms": -2,
  "pretty": 1,
  "profiteer": -2,
  "prosecutes": -1,
  "pseudoscience": -3,
  "psychopathic": -2,
  "pushy": -1,
  "ra mandriaka": -3,
  "rageful": -2,
  "raharaha": 1,
  "raikitahotra": -2,
  "rainy": -1,
  "ranomaso": -2,
  "ranter": -3,
  "ranters": -3,
  "rants": -3,
  "rapturous": 4,
  "rariny": 2,
  "Rariny": 2,
  "ratra": -2,
  "ratrampo": -3,
  "ratsy": -3,
  "ratsy fanahy": -2,
  "ratsy fated": -2,
  "ratsy indrindra": -3,
  "ratsy tarehy": -3,
  "ratsy vintana": -2,
  "rava": -2,
  "ravoravo": 3,
  "regretful": -2,
  "reliably": 2,
  "relishing": 2,
  "reprimanding": -2,
  "reprimands": -2,
  "repulse": -1,
  "reratsaina": -2,
  "reraka": -2,
  "resaka": 1,
  "resy": -2,
  "resy lahatra": 1,
  "revengeful": -2,
  "rey olona ô": -4,
  "Rig": -1,
  "rikoriko": -3,
  "riveting": 3,
  "robing": -2,
  "rofl": 4,
  "roflcopter": 4,
  "roflmao": 4,
  "romantical": 2,
  "romantically": 2,
  "rotaka": -2,
  "rotfl": 4,
  "rotflmfao": 4,
  "rotflol": 4,
  "rovitra": -2,
  "sady sosotra": -2,
  "sahirantsaina": -2,
  "Sahirantsaina": -2,
  "sahirana": -2,
  "sahisahy": 2,
  "Sahisahy ratsy": -2,
  "sahy": 2,
  "saina izy": -2,
  "sakana": -2,
  "salama": 1,
  "salient": 1,
  "sambatra": 3,
  "sampona": -2,
  "Sanatria izany!": -1,
  "sanganasa": 4,
  "Sangy ratsy": -1,
  "sappy": -1,
  "sariaka": 2,
  "sarintsariny": -2,
  "sarokenatra": -2,
  "saropiaro": -2,
  "sarotahotra": -2,
  "sarobidy": 2,
  "sarona": -1,
  "sarotra": -2,
  "sary antsaina": 2,
  "sasany": 1,
  "savange": -2,
  "savanges": -2,
  "sazy": -2,
  "scapegoats": -2,
  "scoop": 3,
  "screwed": -2,
  "screwed ny": -3,
  "scumbag": -4,
  "seamless": 2,
  "seamlessly": 2,
  "seranampiaramanidina": -2,
  "sesitany": -2,
  "setroka": -2,
  "sexist": -2,
  "sexistic": -2,
  "Sexy": 3,
  "shaky": -2,
  "shithead": -4,
  "shitty": -3,
  "shoody": -2,
  "shrew": -4,
  "sidefiantraikany": -2,
  "simba": -3,
  "sincerest": 2,
  "singleminded": -2,
  "sisa tavela": -2,
  "sisa velona": 2,
  "sitraka": 2,
  "sitrany": 3,
  "sivana": -2,
  "skama": -2,
  "ski": 2,
  "Slam": -2,
  "slashed": -2,
  "slashes": -2,
  "slashing": -2,
  "slick": 2,
  "slicker": 2,
  "slickest": 2,
  "slumping": -1,
  "slut": -5,
  "smartest": 2,
  "smear": -2,
  "smuggles": -2,
  "sneaky": -1,
  "sneeze": -2,
  "sneezing": -2,
  "snub": -2,
  "snubbed": -2,
  "snubbing": -2,
  "snubs": -2,
  "soa": 2,
  "soa amantsara": 1,
  "soa ihany": 2,
  "Soa ihany": 3,
  "sokafana": -2,
  "solidifies": 2,
  "somber": -2,
  "sompatra": -1,
  "sonia": 2,
  "sosokevitra": 2,
  "sosotra": -2,
  "spam": -2,
  "spammers": -3,
  "spamming": -2,
  "Sparkle": 3,
  "sparkles": 3,
  "spiritless": -2,
  "spiteful": -2,
  "sprightly": 2,
  "squelched": -1,
  "stalled": -2,
  "stalling": -2,
  "starves": -2,
  "stereotype": -2,
  "stereotyped": -2,
  "stinked": -2,
  "stinker": -2,
  "stinks": -2,
  "stressor": -2,
  "stressors": -2,
  "stupidly": -2,
  "suave": 2,
  "subpoena": -2,
  "sucks": -3,
  "Sue": -2,
  "sueing": -2,
  "suing": -2,
  "sulking": -2,
  "sulky": -2,
  "Super": 3,
  "swindles": -3,
  "ta": 1,
  "tabataba": -1,
  "tafahoatra": -2,
  "tafaporitsaka": -1,
  "tafaray": 1,
  "tafasaraka": -1,
  "tafita": -1,
  "tafita velona": 2,
  "tahiry": 1,
  "tahotra": 2,
  "taitra": -2,
  "Taitra": -2,
  "takatry": 2,
  "talenta": 2,
  "tampon": 2,
  "tanàna": 1,
  "tandindonindoza": -2,
  "tanjona": 2,
  "tanora": 2,
  "tantara": 2,
  "tantara antsary": 1,
  "tantara ratsy": -3,
  "tanteraka": 2,
  "tapakevitra": 2,
  "Tapakevitra": 2,
  "tapaka": -1,
  "taratasy mi": -1,
  "tard": -2,
  "tarehy": 2,
  "taridalana tsara": 3,
  "tarihiny": -1,
  "tarnishes": -2,
  "tatitra diso niniana": -2,
  "tavy": -2,
  "tazo": -2,
  "te": 1,
  "tehaka": 2,
  "tena": 1,
  "Tena": 3,
  "tena mahaliana": 3,
  "tena matoky": 2,
  "tena mifanohitra": -2,
  "tena tafahoatra": -2,
  "tena voafitaka": -2,
  "tendankanina": -2,
  "teny fiderana": 2,
  "terena": -2,
  "terrifically": 4,
  "tery": -2,
  "teti": 1,
  "tezitra": -2,
  "Tezitra be mihitsy": -2,
  "tia": 3,
  "tia ady": -2,
  "tia karokaroka": 2,
  "tia tena": -3,
  "tiako": -3,
  "tiany": 2,
  "tiany indrindra": 3,
  "tifitra": -2,
  "timorous": -2,
  "tinady": -1,
  "tits": -2,
  "toa faly": 3,
  "toa karazana": 0,
  "toa olana": -1,
  "toejavatra mafy": 2,
  "toerana tena": 2,
  "toetra": 2,
  "tohina": -2,
  "tokony hatao": 1,
  "toky": 2,
  "tolona": -2,
  "tombantombana": -2,
  "tombondahiny": -2,
  "tombontsoa": 2,
  "tombony": 2,
  "tompondaka": 2,
  "tonga": 1,
  "tonga lafatra": 3,
  "tonga soa": 2,
  "tonta": -1,
  "tontolo iainanafriendly": 2,
  "tony": -2,
  "tony tsara ny andro": 2,
  "torakovitra": -2,
  "torinao": -2,
  "torotoro fo": -2,
  "tory": -2,
  "tosika": 1,
  "totalitarianism": -2,
  "tout": -2,
  "touted": -2,
  "touting": -2,
  "touts": -2,
  "toy ny": 2,
  "toy ny adaladala kely": -3,
  "tpt": 3,
  "traboina": -3,
  "traikefa nahafinaritra": 2,
  "Tranga": -2,
  "tratra": -1,
  "tratrarina": 1,
  "travesty": -2,
  "treasonous": -3,
  "tremulous": -2,
  "Troll": -2,
  "trosa": -2,
  "tsaina": 2,
  "tsara": 3,
  "tsarachampioned": 3,
  "tsaramandroso": 2,
  "tsaramifantoka": 2,
  "tsaranampiofanina": 2,
  "tsara bika": 3,
  "tsara fanahy": 2,
  "tsara fanahy kokoa": 2,
  "tsara indrindra": 3,
  "tsara indrindra manirikiry": 4,
  "tsara kokoa": 2,
  "tsara orina": 2,
  "tsara tarehy": 3,
  "tsara vintana": 3,
  "tsarotra": -3,
  "tsentsina": -2,
  "tsikera": -2,
  "tsiky": 2,
  "tsilo": -2,
  "tsindrimandry": -2,
  "tsininy": -3,
  "tsinontsinona": -2,
  "tsiny": -2,
  "tsirambina": -2,
  "tsopo": 2,
  "tsokosoko": -2,
  "tsotra": 1,
  "tsotra loatra": -2,
  "Tss": -2,
  "tsy": -2,
  "tsy afamanoatra": -2,
  "tsy afapo": -2,
  "tsy afaka": -2,
  "tsy aradalàna": -3,
  "tsy aradrariny": -2,
  "tsy azo antoka": -1,
  "tsy azo ekena": -2,
  "tsy azo ivalozany": -1,
  "tsy azo sakanana": 2,
  "tsy fahafahany": -2,
  "tsy fahalalana": -2,
  "tsy fahampian": -2,
  "tsy fahasambarana": -2,
  "tsy fahazoankevitra": -2,
  "tsy fahombiazana": -2,
  "tsy falifaly": -2,
  "tsy faly": -2,
  "tsy fanajana": -2,
  "tsy fananana": -3,
  "tsy fananana asa": -2,
  "tsy fankasitrahana": -2,
  "tsy feno": -1,
  "tsy firaharahiana": -2,
  "tsy fitoviankevitra": -2,
  "tsy fivadihana": 3,
  "tsy hahazoana famelan": -3,
  "tsy hamono": -2,
  "tsy hay hadinoina": 1,
  "tsy hay tohaina": 2,
  "tsy hifankahitana": -2,
  "tsy hita": -2,
  "tsy ilaina": -2,
  "tsy lavorary": -2,
  "tsy mahafinaritra": -3,
  "tsy mahalala fomba": -2,
  "tsy mahavita azy": -2,
  "tsy mahay mandinika": -1,
  "tsy mahay mankasitraka": -3,
  "tsy mahomby": -2,
  "tsy manan tsahala": 1,
  "tsy manankery": -2,
  "tsy manankialofana": -2,
  "tsy manantsahala": 2,
  "tsy manana aina": -1,
  "tsy manarapenitra": -2,
  "Tsy mandeha": -3,
  "tsy mandray andraikitra": -2,
  "tsy mankasitraka ny": -3,
  "tsy mankeny": -1,
  "tsy marina": -2,
  "tsy matoky": -2,
  "tsy mendrika": -2,
  "tsy mety maty": 2,
  "tsy miasa": -3,
  "tsy mino": -2,
  "tsy miombonkevitra": -2,
  "tsy miovaova": 2,
  "tsy miraharaha": -3,
  "Tsy Miraharaha": -1,
  "tsy misy": -1,
  "tsy misy dikany": -2,
  "tsy misy ilàna azy": -2,
  "tsy misy pentina": 2,
  "tsy mivadika": 3,
  "tsy mpino": -1,
  "tsy nahalala": -2,
  "tsy nahy": -2,
  "Tsy nampihontsina": -2,
  "Tsy nankafy": -2,
  "tsy nankatoavina": -2,
  "tsy nety": -2,
  "tsy niraharaha": -2,
  "Tsy niraharaha": -3,
  "tsy nodinihana": -2,
  "tsy rariny": -2,
  "tsy refesimandidy": -2,
  "tsy sambatra": -2,
  "tsy takatry ny saina": -2,
  "tsy tia": -2,
  "tsy tiana": -2,
  "tsy tiany": -2,
  "tsy tonga": -1,
  "tsy tsara": -2,
  "tsy voamarina": -1,
  "Tsy vonona": -1,
  "twat": -5,
  "tyran": -3,
  "tyrannic": -3,
  "tyrans": -3,
  "ubiquitous": 2,
  "ugh": -2,
  "unappeasable": -2,
  "unavailing": -2,
  "unconvinced": -1,
  "uncredited": -1,
  "undercooked": -2,
  "underestimates": -1,
  "underestimating": -1,
  "underperform": -2,
  "underperformed": -2,
  "underperforming": -2,
  "underperforms": -2,
  "unethical": -2,
  "uneventful": -2,
  "unfitted": -2,
  "unfocused": -2,
  "unfunny": -2,
  "unhygienic": -2,
  "unimaginative": -2,
  "unintelligent": -2,
  "uninvolving": -2,
  "unmotivated": -2,
  "unoriginal": -2,
  "unparliamentary": -2,
  "unpleasantness": -2,
  "unreleting": -2,
  "unresearched": -2,
  "unsecured": -2,
  "unsold": -1,
  "unsophisticated": -2,
  "untarnished": 2,
  "uptight": -2,
  "uselessness": -2,
  "vahaolana": 1,
  "vaky": -2,
  "vaky fo": -3,
  "validating": 1,
  "valifaty": -2,
  "valisoa": 2,
  "Vao mainka mampitombo": -2,
  "vao nanjaka": 1,
  "vaovao": 1,
  "vapid": -2,
  "variana": 1,
  "Variana": 1,
  "varimbariana": -2,
  "vato misakana": -2,
  "vavolombelona mandainga": -3,
  "vazivazy": 2,
  "vehivavy janga": -4,
  "velively mampitolagaga": 2,
  "veloma": 1,
  "velona": 1,
  "vendrana": -3,
  "very": -3,
  "very hevitra": -2,
  "very saina": -3,
  "vexing": -2,
  "victimizes": -3,
  "Victor": 3,
  "vintana": 2,
  "virulent": -2,
  "visioning": 1,
  "vita fanolorantena": 2,
  "vitaminina": 1,
  "vitriolic": -3,
  "vivacious": 3,
  "voaaro": 1,
  "voadio": 1,
  "voafafa mandrakizay": -2,
  "voafandrika": -2,
  "voafetra": -1,
  "voafitaka": -3,
  "voafonja": -2,
  "voaheloka": -2,
  "voahevitra": -2,
  "voahilika": -2,
  "voahitsakitsaka": -2,
  "voailika": -2,
  "voajanahary": 1,
  "voajirika": -1,
  "voalanjalanja": 1,
  "voaloto": -2,
  "voamarika": 2,
  "voamarina": 2,
  "voambaka": -2,
  "voampanga": -2,
  "voanjo": -3,
  "voaolana": -4,
  "voaomana": 1,
  "voaozona": -4,
  "voapoizina": -2,
  "voarara": -2,
  "voaroaka": -2,
  "voarohirohy": -1,
  "voasakana": -1,
  "voasambotra": -3,
  "voasazy": -2,
  "voasivana": -2,
  "voasoroka": -1,
  "voatery": 1,
  "voatosika": -2,
  "voavaha": 1,
  "voavonjy": 2,
  "vociferous": -1,
  "voina": -2,
  "voka": -2,
  "vokany": -2,
  "vokatra": 2,
  "vola": -1,
  "volamena": 2,
  "voly": 2,
  "vomits": -3,
  "voninahitra": 2,
  "Vonjeo": 2,
  "vonjy taitra": -2,
  "vono olona": -2,
  "vonoanolona": -2,
  "vonto": -2,
  "votsa saina": -2,
  "vovoka": -2,
  "vovoka ny felany": -2,
  "walkouts": -2,
  "wanker": -3,
  "warmness": 2,
  "Win": 4,
  "winwin": 3,
  "wits": 2,
  "woebegone": -2,
  "woeful": -3,
  "Won": 3,
  "Woo": 3,
  "woohoo": 3,
  "Wooo": 4,
  "woow": 4,
  "worsens": -3,
  "Wow": 4,
  "wowow": 4,
  "wowww": 4,
  "wrongful": -2,
  "WTF": -4,
  "wtff": -4,
  "wtfff": -4,
  "xo": 3,
  "xoxo": 3,
  "xoxoxo": 4,
  "xoxoxoxo": 4,
  "yeees": 2,
  "yucky": -2,
  "zaka": -2,
  "zara raha": -2,
  "zavabaovao": 2,
  "zavabita": 2,
  "zavabitany": 2,
  "zavadehibe": 2,
  "zavamahagaga": 3,
  "zavapoana": -2,
  "zavatsarotra": -2,
  "Zavaboary Ratsy": -2,
  "Zelota": -2
}