{
  "«T тұра алады": -3,
  "absolves": 2,
  "Acclaim": 2,
  "adoringly": 3,
  "Adventure": 2,
  "Adventures": 2,
  "affectionateness": 3,
  "Agog": 2,
  "agonises": -3,
  "agonizes": -3,
  "alarmists": -2,
  "apeshit": -3,
  "appeases": 2,
  "arsehole": -4,
  "assfucking": -4,
  "Aura": 1,
  "Avenged": -2,
  "Avenger": -2,
  "avenges": -2,
  "averts": -1,
  "bamboozle": -2,
  "bamboozled": -2,
  "bamboozles": -2,
  "bankster": -3,
  "Bastards": -5,
  "bereave": -2,
  "bereaves": -2,
  "bereaving": -2,
  "Bliss": 3,
  "Brilliance": 3,
  "brilliances": 3,
  "chagrined": -2,
  "charmless": -3,
  "chastises": -3,
  "Cheats": -3,
  "chides": -3,
  "Cock": -5,
  "cocksucker": -5,
  "cocksuckers": -5,
  "conciliates": 2,
  "consolable": 2,
  "courageousness": 2,
  "Crestfallen": -2,
  "criminates": -3,
  "Cynic": -2,
  "Daredevil": 2,
  "Dauntless": 2,
  "debonair": 2,
  "defrauds": -3,
  "dehumanize": -2,
  "dehumanized": -2,
  "dehumanizes": -2,
  "deject": -2,
  "dejecting": -2,
  "dejects": -2,
  "demoralizes": -2,
  "derails": -2,
  "derides": -2,
  "deriding": -2,
  "despairs": -3,
  "devastations": -2,
  "dickhead": -4,
  "dilligence": 2,
  "dipshit": -3,
  "direful": -3,
  "disapprovals": -2,
  "disconsolate": -2,
  "disconsolation": -2,
  "disgustful": -3,
  "disparages": -2,
  "dolorous": -2,
  "Donates": 2,
  "Doom": -2,
  "Drowns": -2,
  "dupery": -2,
  "embarrasses": -2,
  "Enchanted": 2,
  "ennui": -2,
  "enrage": -2,
  "enraging": -2,
  "enrapture": 3,
  "envying": -1,
  "evergreening": -3,
  "exasparate": -2,
  "exhilarates": 3,
  "exonerating": 2,
  "Fag": -3,
  "fagots": -3,
  "fainthearted": -2,
  "FAKER": -3,
  "Faking": -3,
  "fervid": 2,
  "fidgety": -2,
  "flustered": -2,
  "Forefront": 1,
  "Freak": -2,
  "frikin": -2,
  "Frisky": 2,
  "FTW": 3,
  "fuckface": -4,
  "fuckhead": -4,
  "fucktard": -4,
  "fuked": -4,
  "fuking": -4,
  "Funky": 2,
  "Gagged": -2,
  "Glee": 3,
  "goofiness": -2,
  "greenwash": -3,
  "greenwasher": -3,
  "greenwashers": -3,
  "greenwashing": -3,
  "GRISLY": -2,
  "gullibility": -2,
  "hahahah": 3,
  "haplessness": -2,
  "Hardy": 2,
  "hater": -3,
  "Haunt": -1,
  "heavyhearted": -2,
  "HID": -1,
  "Huckster": -2,
  "Humbug": -2,
  "humerous": 3,
  "Imbecile": -3,
  "impeachments": -3,
  "impedingly": -2,
  "imposter": -2,
  "incensing": -2,
  "indoctrinates": -2,
  "indoctrinating": -2,
  "inediable": -2,
  "infantilized": -2,
  "infests": -2,
  "infract": -2,
  "infracted": -2,
  "infracting": -2,
  "infracts": -2,
  "infuriates": -2,
  "intransigency": -2,
  "irreproducible": -2,
  "Jackass": -4,
  "jackasses": -4,
  "jocular": 2,
  "Jolly": 2,
  "Jumpy": -1,
  "Kinder": 2,
  "lawl": 3,
  "likers": 2,
  "Likes": 2,
  "LMAO": 4,
  "LMFAO": 4,
  "lolol": 4,
  "lololol": 4,
  "lolololol": 4,
  "Lool": 3,
  "Loom": -1,
  "loool": 3,
  "looool": 3,
  "lovelies": 3,
  "lugubrious": -2,
  "Macabre": -2,
  "Madness": -3,
  "maladaption": -2,
  "Marvel": 3,
  "mirthful": 3,
  "misbranding": -3,
  "mischiefs": -1,
  "misclassified": -2,
  "misclassifies": -2,
  "misclassify": -2,
  "misconducted": -2,
  "misconducting": -2,
  "misleaded": -3,
  "misplaces": -2,
  "misplacing": -2,
  "mispricing": -3,
  "misreport": -2,
  "misreported": -2,
  "misreports": -2,
  "Mocks": -2,
  "Moody": -1,
  "MOPE": -1,
  "moping": -1,
  "motherfucking": -5,
  "mumpish": -2,
  "N00b": -2,
  "Niggas": -5,
  "optionless": -2,
  "Ouch": -2,
  "outmaneuvered": -2,
  "overreacted": -2,
  "overreacts": -2,
  "oversell": -2,
  "overselling": -2,
  "oversells": -2,
  "oversimplifies": -2,
  "Parley": -1,
  "pileup": -1,
  "piteous": -2,
  "prblm": -2,
  "prblms": -2,
  "quaking": -2,
  "rageful": -2,
  "ranter": -3,
  "ranters": -3,
  "Rants": -3,
  "REPULSE": -1,
  "robing": -2,
  "ROFL": 4,
  "roflcopter": 4,
  "roflmao": 4,
  "romantical": 2,
  "rotfl": 4,
  "rotflmfao": 4,
  "rotflol": 4,
  "savange": -2,
  "savanges": -2,
  "Scumbag": -4,
  "sexistic": -2,
  "shithead": -4,
  "shoody": -2,
  "Slam": -2,
  "slickest": 2,
  "Smart": 1,
  "smuggles": -2,
  "sneezed": -2,
  "snubbed": -2,
  "snubbing": -2,
  "snubs": -2,
  "Sparkle": 3,
  "Stampede": -2,
  "stinked": -2,
  "Stinker": -2,
  "Stinky": -2,
  "Suave": 2,
  "sueing": -2,
  "Sulky": -2,
  "SWIFT": 2,
  "tard": -2,
  "terrorizes": -3,
  "timorous": -2,
  "toothless": -2,
  "TOP": 2,
  "treasonous": -3,
  "Troll": -2,
  "twat": -5,
  "tyran": -3,
  "tyrannic": -3,
  "tyrannically": -3,
  "tyrans": -3,
  "unappeasable": -2,
  "underperforms": -2,
  "unfitted": -2,
  "unfunny": -2,
  "ungenerous": -2,
  "uninspired": -2,
  "uninvolving": -2,
  "unparliamentary": -2,
  "unreleting": -2,
  "unresearched": -2,
  "Vapid": -2,
  "victimizes": -3,
  "visioning": 1,
  "walkouts": -2,
  "winwin": 3,
  "Wits": 2,
  "woebegone": -2,
  "wooo": 4,
  "WooW": 4,
  "WOWOW": 4,
  "wowww": 4,
  "Wreck": -2,
  "WTF": -4,
  "wtff": -4,
  "wtfff": -4,
  "XO": 3,
  "XOXO": 3,
  "xoxoxo": 4,
  "xoxoxoxo": 4,
  "yeees": 2,
  "yucky": -2,
  "абайсыз": -2,
  "абыржыған": -3,
  "абырой": 2,
  "ағарту": 2,
  "агрессивтілік": -2,
  "агрессия": -2,
  "ағу": -1,
  "ағынан жарылда": -1,
  "адал": 3,
  "адалдық": 2,
  "адам өліміне": -3,
  "адамгершілік": 2,
  "адамгершілікке жатпайтын": -2,
  "адамгершілікті": 2,
  "адастыру": -3,
  "адастырып": -3,
  "адинамия": -2,
  "адский": -2,
  "ажырату": -1,
  "ажыратымдылық": 2,
  "аза тұтуда": -2,
  "азап шегу": -2,
  "азаптайды": -3,
  "азаптап": -4,
  "азаптау": -4,
  "азапты": -3,
  "азаттық": 2,
  "азаюынан": -1,
  "азған": -2,
  "азғын": -3,
  "айқай": -2,
  "айқайлау": -1,
  "айқын": 3,
  "айлашарғы жасау": -1,
  "айлалы": -1,
  "айналысады": -1,
  "айналысуға": 1,
  "айрылу": -3,
  "айтарлықтай": 1,
  "айуандық": -2,
  "айып": -2,
  "айыппұл": 2,
  "айыппұл алу": -2,
  "айыптады": -2,
  "айыптайды": -2,
  "Айыптаймыз": -3,
  "айыпталушы": -2,
  "айыпталушыға": -2,
  "айыптау": -2,
  "айыптаушылық": -2,
  "айырады": -2,
  "Айырмашылықтары": -2,
  "айыру": -3,
  "актив": 2,
  "акциялар": 1,
  "ақаулар": -3,
  "ақаулы": -3,
  "аққан": -1,
  "ақсақ": -2,
  "Ақтады": 2,
  "ақтайды": 2,
  "ақтайтын": 2,
  "ақталатынын": 2,
  "ақталған": 2,
  "ақталды": 2,
  "ақтамайды": 2,
  "ақтау": -1,
  "ақтауға болмайтын": -3,
  "ақыл": 2,
  "ақылға сыймайтын": -1,
  "ақылды": 2,
  "ақылсыз": -2,
  "ақылсыздық": -3,
  "ақымақ": -3,
  "Ақымақ, жарымес": -3,
  "ақымақтар": -2,
  "ақыр": -2,
  "Алақай": 5,
  "алақайлап": -2,
  "аламын": -2,
  "алаңдамай": -3,
  "алаңдатпай": -1,
  "алаңдату": -2,
  "алаңдатушылық": -2,
  "алаңдатып": -2,
  "алаңдаушылық": -2,
  "алапат": -2,
  "аластау": -1,
  "алауыздық": -2,
  "алаяқ": -3,
  "алаяқтар": -3,
  "алаяқтық": -3,
  "алаяқтықтың": -4,
  "алаяқтың": -4,
  "алғаннан": 2,
  "алғыс айту": 2,
  "Алда келе жатқан": -1,
  "алдамайды": -3,
  "алдамшы": -3,
  "алданған": -2,
  "алдап ойнау": -2,
  "алдау": -4,
  "Алдау мен алаяқтық": -3,
  "алдаушылық": -2,
  "алдын": -1,
  "алдын алу": -1,
  "аллергиялық": -2,
  "аллилуйя": 3,
  "алмас": 1,
  "алтын": 2,
  "алымсалық": 2,
  "алымдар": -2,
  "алып қою": -3,
  "алып тасталды": -2,
  "алыпсатарлық": -2,
  "альтруистические": 2,
  "аман": 2,
  "аман қалған": 2,
  "амандасу": 1,
  "амбивалентными": -1,
  "Анже": -3,
  "ант": -2,
  "антагонистік": -2,
  "антисанитарным": -2,
  "анық": 1,
  "анықталады": 2,
  "анықтық": 2,
  "аңқау": -2,
  "апат": -2,
  "апатия": -3,
  "апаттар": -2,
  "апатты": -4,
  "апокалипсические": -2,
  "ар": 2,
  "аразды": -2,
  "аралығы": -1,
  "арам": -2,
  "арандата": -1,
  "арандатқан": -1,
  "арандату": -1,
  "арбайды": 3,
  "ардақты": 2,
  "арқа": 1,
  "арман": 1,
  "Арман": 1,
  "арналған": 3,
  "арнау": 2,
  "Артқы": 2,
  "артсақ": -2,
  "артта қалушылық": -2,
  "артта қалуы": -1,
  "арттырады": 1,
  "арттыратын": 1,
  "арттыру": 1,
  "артық": 4,
  "артық салмақ": -1,
  "артықтық": 3,
  "артықшылықтары": 2,
  "артықшылықты": 2,
  "ару": 3,
  "аруақ": -1,
  "аса ауыр қылмыстар": -3,
  "асқынуда": -2,
  "аспан": 2,
  "асс": -4,
  "астыртын әрекет": -3,
  "асыл": 2,
  "асыл тас": 3,
  "асыл тастар": 1,
  "асыра": -2,
  "асыра сілтеп": -2,
  "асырып жіберу": -2,
  "атақты": 3,
  "атап": 2,
  "атап өтеді": 3,
  "атап өтті": -2,
  "аттракциондары": 3,
  "ату": -2,
  "аты шулы": -3,
  "аулақ": -1,
  "Аулақ жүру": -3,
  "ауру": -2,
  "аурулар": -1,
  "аурумаң": -2,
  "ауруханаға": -2,
  "аутрич": 2,
  "ауыр": -2,
  "ауыра": -2,
  "ауырады": -2,
  "ауыратын": -2,
  "ауырлататын": -2,
  "ауыртатын": -2,
  "ауыртпалығы": -2,
  "ауыртпалық": -2,
  "ауыртпалықтарды": -2,
  "ауыру": -2,
  "ауырыпсуждено": -2,
  "ауыстыру": -1,
  "ауытқып": -2,
  "аш": -2,
  "ашкөз": -2,
  "ашкөздік": -3,
  "аштық": -2,
  "аштыққа өледі": -2,
  "ашу": -3,
  "ашуға": 1,
  "ашуланамыз": -2,
  "Ашуланғанда": -3,
  "ашуландыру": -2,
  "ашуланып": -2,
  "ашулы": -3,
  "ашуы": -2,
  "ашығу": -2,
  "ашық": 1,
  "ашыналық": 2,
  "ащы": -2,
  "аяқтау": 2,
  "аялап күтеді": 2,
  "аялдамалары": -1,
  "аяушылық": -2,
  "бағалай": 2,
  "бағалайды": 2,
  "бағалаймыз": 2,
  "бағасыз": -2,
  "бағдар": 2,
  "бай": 2,
  "байкот жариялау": -2,
  "байқаусыз": -2,
  "байқаусызда": -2,
  "байлық": 3,
  "байсалды": 2,
  "байыппен": -2,
  "баққанда": 2,
  "бақыт": 3,
  "бақытсыз": -2,
  "бақытсыздық": -2,
  "бақытты": 2,
  "бақытымызға орай": 3,
  "бақытына қарай": 2,
  "бала ұрлау": -2,
  "баланың": -2,
  "баласын жек көрушілер": -3,
  "балғындығын": 3,
  "балта": -1,
  "балшық": -2,
  "банкрот": -3,
  "банкроттық": -3,
  "барабар": 1,
  "барлау": 1,
  "бас": -2,
  "бас айналарлық": -1,
  "бас ауру": -2,
  "бас бостандығынан айырылды": -2,
  "бас тартады": -2,
  "бас тартты": -2,
  "бас тарту": -2,
  "бас тартуға": -2,
  "басқыншылық": -2,
  "бастамашыл": 2,
  "бастамашысы": 2,
  "Бастарынан": -2,
  "басымдық": 2,
  "басып кіру": -1,
  "бата": 3,
  "бата беру": 2,
  "батады": -2,
  "баталар": 3,
  "батасын береді": 2,
  "бату": -2,
  "батыл": 2,
  "батылдық": 2,
  "батылдықпен": 2,
  "батып": -2,
  "батырлар": 2,
  "батырлығы": 2,
  "батырлық": 3,
  "баукеспе ұры": -2,
  "БАХ": -2,
  "бедеу": -2,
  "бежит": -1,
  "безгек": -2,
  "бездіретін": -2,
  "безысходность": -2,
  "бейбақ": -3,
  "бейбіт": 2,
  "бейбітшілік": 2,
  "бейқам": -2,
  "бейхабар": -2,
  "бекітілген": 2,
  "бекітілмеген": -2,
  "бекіту": -2,
  "белгілі": 2,
  "белгісіз": -2,
  "белсенді": 1,
  "берік": 2,
  "берілген": 1,
  "берілгендік": 2,
  "бермейді": -2,
  "берсең": 1,
  "беру": 1,
  "бесит": -2,
  "беспорядок": -2,
  "бессвязно": -2,
  "бессвязные": -2,
  "бессердечный": -2,
  "бессонница": -2,
  "бәлелі": -2,
  "бәсекеге қабілетті": 2,
  "біліксіз": -2,
  "білікті": 2,
  "біріккен": 1,
  "біріктіру": 2,
  "бірсарындылығы": -1,
  "бірыңғай": 1,
  "благовония": -2,
  "блок": -1,
  "блокбастері": 3,
  "блоктар": -1,
  "бойкот": -2,
  "бойкот жариялады": -2,
  "Бойкотирование": -2,
  "бойкүйездік": -2,
  "болашағы": 1,
  "болван": -2,
  "болдырмау": -1,
  "болдырмауға": -1,
  "болмауы": -2,
  "Болу": -2,
  "бомба": -1,
  "бондар": 2,
  "бопсалап": -3,
  "бопсалау": -3,
  "бортында": 1,
  "бос": -3,
  "бос әурешілік": -2,
  "босатпайды": 2,
  "босату": 1,
  "босатылған": -1,
  "босатылды": 2,
  "бостандықтары": 2,
  "бөгет": -2,
  "бөгеу": -2,
  "бөлектеңіз": 2,
  "бөлінбеген": -1,
  "бөлінген": 2,
  "бөлісті": 1,
  "бөртпе": -2,
  "Браво": 3,
  "Бравурное": 3,
  "бредущий": -2,
  "буындырып": -2,
  "бүлдіріп": -2,
  "бүлдіру": -2,
  "бүлік": -2,
  "бүліктің": -2,
  "бүлікшілер": -2,
  "бүлінген": -3,
  "бүркеу": -1,
  "бүрынғысынша": -2,
  "бұғатталған": -1,
  "бұғаттау": -1,
  "бұзады": -2,
  "бұзақылар": -2,
  "бұзақылық": -1,
  "бұзатын": -2,
  "бұзған": -2,
  "бұзғаны": -2,
  "бұзу": -2,
  "бұзушылықтар": -2,
  "бұзылады": -2,
  "бұзылған": -2,
  "бұзылды": -1,
  "бұзылуы": -2,
  "бұзып": -2,
  "бұзып ұрлау": -2,
  "бұлдыр": -2,
  "бұлжытпай": 3,
  "бұлтартпас": -3,
  "бұлттанып": -1,
  "бұнын": -2,
  "бұрандалы": -2,
  "бұрғанымыз": 1,
  "бұрмалаған": -2,
  "бұрмалайды": -1,
  "бұрмалайтын": -2,
  "бұрмаланбаған": -2,
  "бұрмаланған": -2,
  "бұрмаланғанын": -2,
  "бұрмаласа": -1,
  "бұрмалау": -2,
  "бұрумен": -1,
  "бұршақ": 2,
  "Бұрылатын": -2,
  "бұрыш": -2,
  "бұрышы": -2,
  "былғау": -2,
  "былық": -2,
  "былыққан": -2,
  "в шоке": -2,
  "вассалов": -3,
  "вестибюль": -2,
  "вечнозелеными": 2,
  "вздох": -2,
  "виктимизации": -3,
  "Виктор": 3,
  "вирулентных": -2,
  "витамин": 1,
  "внимателен": -2,
  "воны": 3,
  "воняет": -2,
  "вонял": -2,
  "восхвалял": -2,
  "Ву": 3,
  "выебанная": -4,
  "высмеивали": -2,
  "высмеять": -2,
  "вялый": -2,
  "вялым": -2,
  "га": 2,
  "ғажайып": 3,
  "ғажайыптар": 3,
  "галантно": 3,
  "гипноза": 3,
  "Гламурус": 3,
  "глупость": -2,
  "говно": -4,
  "горестный": -3,
  "Гран": 3,
  "грант": 1,
  "гранттар": 1,
  "гребаный": -4,
  "гудвилл": 3,
  "гүлденген": 3,
  "гүлдену": 3,
  "ғылымға қарамақайшы": -2,
  "да бір": -2,
  "дабыл": -2,
  "дабыл бойынша": -2,
  "дағдарыс": -3,
  "дайын": -2,
  "дайындалған": 1,
  "дақсыз": 2,
  "Дақтар": -2,
  "дамп": -1,
  "даму аномалиясы": -2,
  "дамылсыз": -2,
  "дамыттық": -2,
  "даналық": 1,
  "даңқ": 1,
  "даңқты": 2,
  "дау": -1,
  "даулар": -2,
  "даулау": -2,
  "даулы": -2,
  "Даулы": -2,
  "Даунер": -2,
  "дезинформация": -2,
  "дезориентированные": -2,
  "демонстрация": -1,
  "деморализации": -2,
  "демпингтік": -2,
  "демпферлік": -2,
  "денье": -2,
  "депортация": -2,
  "депрессиялық": -2,
  "деректер бұрмалаудан немесе төмендету": -2,
  "дерзкий": -2,
  "дерьмом": -3,
  "десек": -2,
  "деструктивті": -3,
  "деформациялар": -2,
  "деформациясы": -2,
  "дәлелдеу": 1,
  "дәлелді": 2,
  "дәмді": 3,
  "дәріптеу": 2,
  "дәрменсіз": -2,
  "диверсия": -2,
  "дизеринг": -2,
  "Дик": -4,
  "дилемма": -1,
  "Дирлевангера": -1,
  "дисконтталған": -1,
  "дисфункция": -2,
  "Діншіл": -2,
  "дірілдеп": -2,
  "доғарылды": -1,
  "донорлық": 2,
  "дос": 1,
  "достық": 2,
  "Достық": 2,
  "дөрекі": -2,
  "дрянной": -3,
  "душераздирающих": -3,
  "дүрбелең": -3,
  "дұға ету": 1,
  "дұрыс": -2,
  "дұрыс қолданбау": -2,
  "дұрыс қолданбаушылық": -2,
  "дұрыс түсінбеудің": -2,
  "дұрыс ұстамағанда": -2,
  "дұрыстығына көз жеткізбеген": -1,
  "дұшпандық": -2,
  "ебля": -4,
  "ебля ғажайып": 4,
  "ебля әдемі": 4,
  "ебля жақсы": 4,
  "ебля көреді": 4,
  "ебля махаббат": 4,
  "ебля сүйкімді": 4,
  "ебля тамаша": 4,
  "ебля үлкен": 4,
  "ебля фантастикалық": 4,
  "езілген": -2,
  "екіжүзді": -2,
  "екіталай": -1,
  "елге": -1,
  "елді мекендер": 1,
  "елемейді": -1,
  "елемеу": -2,
  "еленбейді": -2,
  "елеулі": 1,
  "елеусіз": -2,
  "еліктірер": 2,
  "еліктіру": 3,
  "еліртеді": 3,
  "енжар": -1,
  "енжарлығымыз": -2,
  "ең бақытты": 3,
  "ең жақсы": 3,
  "Ең жақсы қарғыс": 4,
  "ең керемет": 3,
  "ең қараңғы": -2,
  "ең лас": -2,
  "ең нашар": -3,
  "Ең төменгі": -1,
  "ең үлкен": 3,
  "еңбек сіңірген": 2,
  "Еңбектеріңіз жана берсін": 2,
  "еңсеміз": -2,
  "епсіз": -2,
  "Епті": 2,
  "ерекше": 2,
  "ереуіл": -1,
  "ереуілдер": -1,
  "ержүрек": 2,
  "ержүректік": 2,
  "Еріксіз": 1,
  "ерлікпен": 2,
  "ерліктері": -2,
  "ермек": 3,
  "ертегідей": 4,
  "ертегілік": 4,
  "есі": -2,
  "есі ауысқан": -2,
  "есіл дерті": 2,
  "Есірткіні": -1,
  "еске": -2,
  "ескермейді": -2,
  "ескермейтін": -2,
  "ескерместен": -2,
  "ескермеу": -1,
  "ескертеді": -2,
  "ескертті": -2,
  "ескерту": -3,
  "ескертулер": -3,
  "ескілеу": -2,
  "ескірген": -2,
  "ессіз": -3,
  "ессіздік": -3,
  "естелік": 1,
  "есуас": -3,
  "ешкі": -5,
  "ешкіге": -2,
  "әдейі істеу": -1,
  "әдемі": 3,
  "әдепсіз ұятсыз": -2,
  "әділ": 2,
  "әділдік": 2,
  "әділетсіз": -2,
  "әділетсіздік": -2,
  "әділеттілік": 2,
  "әдістемелік": 2,
  "әзіл": 2,
  "әзілқалжың": 2,
  "әзіл суретіне": 2,
  "әзірлік": 2,
  "әйгілі": 3,
  "Әйгілі": 3,
  "Әйтпесе": -2,
  "әкеледі құтыру": -2,
  "әлауқаты": 2,
  "Әлеуметтік жағдайы төмен": -2,
  "әлсіз": -2,
  "әлсіздік": -2,
  "әлсіреген": -2,
  "әлсіреп": -1,
  "әрекетсіз": -2,
  "әрекетсіздігіне": -2,
  "әсем": 2,
  "әсемдік": 1,
  "әсер": -2,
  "әсер ету": 3,
  "әсерлі": 2,
  "әсерлілік": 3,
  "әсерсіз": -2,
  "әуес": 1,
  "әшкерелейді": -1,
  "жабайы": -2,
  "жабу": -3,
  "жабығу": -2,
  "жағымды": 3,
  "жағымсыз": -3,
  "жаза": -2,
  "жаза бермес": -3,
  "жазалайды": -2,
  "жазаланды": -2,
  "жазалау": -2,
  "жазалаушы": -3,
  "жазаны": -2,
  "жазық": 2,
  "жазып": 1,
  "жайдары": 2,
  "жайландырады": 2,
  "жайлы": 2,
  "жайлылық": 2,
  "жайнақы": 2,
  "жаққан": 2,
  "жақсартады": 2,
  "жақсартылған": 2,
  "жақсы": 3,
  "жақсы емес": -2,
  "жақсы көретін": 3,
  "жақсылық": 3,
  "жақсырақ": 2,
  "жақтастары": 1,
  "жақтаушылары": 2,
  "жақтаушысы": 1,
  "жақындастыруға": 2,
  "жала және тұтастай": -2,
  "жалған": -1,
  "жалған куә": -3,
  "жалған мәлімет": -2,
  "жалған сөздер естіген": -2,
  "жалғыз": -2,
  "жалко": -1,
  "жалқау": -1,
  "жалпы": -2,
  "жалтару": -2,
  "жалықтырған": -3,
  "жалықтыру": -2,
  "жаман": -3,
  "жаман сәттілік": -2,
  "жанама әсері": -2,
  "жанама әсерлері": -2,
  "жанашыр": 2,
  "жанданған": 3,
  "жандандырады": 2,
  "жанды": 3,
  "жанжал": -3,
  "жанжалдар": -3,
  "жанжалды": -3,
  "жанкештілік": -2,
  "жансыз": -1,
  "жаны ашу": 2,
  "жаны ашыған": 2,
  "жанына қатты батары": -2,
  "жаңа": 1,
  "жаңалық": 1,
  "жаңартады": 1,
  "жаңарту": 2,
  "жаңашыл": 2,
  "жаңбырлы": -1,
  "жаңғақтар": -3,
  "жаңғырту": 2,
  "жаңғыртылды": 2,
  "жаңғыртылуда": 2,
  "жаңылыстыратын": -2,
  "жапа": -3,
  "жаппай": 2,
  "жарақат": -3,
  "жарақаттан кейінгі": -2,
  "жарақаттар": -2,
  "жаралы": -2,
  "жарамды": 1,
  "жарамсыз": -2,
  "жараспайды": 2,
  "жаратпау": -2,
  "жарқын": 2,
  "жарқыраған": 3,
  "жарнамаланатын": -2,
  "жарықтық": 1,
  "жарылқаушы": 2,
  "жарылқаушыларға": 2,
  "Жарыстар": -1,
  "жасаған": -2,
  "жасағаны": 1,
  "жасауға": 1,
  "жастық": 2,
  "жасыл жуу": -3,
  "жасыру": -1,
  "жасырын": -1,
  "жасырынып": -1,
  "жау": -2,
  "жауапкершілік": 1,
  "жауапсыздық": -2,
  "жауапты": 2,
  "жаулап жаппай қуаныш": 3,
  "жаулары": -2,
  "жауласушы": -1,
  "жауһар": 4,
  "жауыз": -2,
  "жауын": -2,
  "жауынгерлік": -2,
  "жедел": 1,
  "жезекше": -4,
  "жек": -3,
  "жек көретін": -3,
  "жек көріп": -3,
  "жек көру": -3,
  "Жеке": -1,
  "жексұрын": -3,
  "желдеткіш": 3,
  "Желіден тыс": -1,
  "жемқорлық": -3,
  "жеңген": -2,
  "жеңілдетеді": 1,
  "жеңілдететін": 2,
  "жеңілдету": -2,
  "жеңілдік": 2,
  "жеңіліс": -2,
  "жеңімпаз": 2,
  "жеңіп": 4,
  "жеңіс": 4,
  "жеңіске": 3,
  "жеңістер": 3,
  "жеңу": -1,
  "Жер асты дүмпулері": -2,
  "жер аудару": -2,
  "жер аударылған": -2,
  "жер аударылуы": -2,
  "жеркеніш": -2,
  "жеркенішті": -3,
  "жеркену": -3,
  "жерлеу": -1,
  "жерлеу рәсімі": -1,
  "жесір": -1,
  "жете": -1,
  "жете бағаламау": -1,
  "жетеді": 1,
  "жетекші": 2,
  "Жетесіз": -5,
  "жетілген": 2,
  "жетілдірілмеген": -3,
  "жетілдіру": 2,
  "жетілуге": 2,
  "жетіп": 1,
  "жетіспеушілігі": -2,
  "жетіспеушілік": -2,
  "жетістіктері": 2,
  "жеткіліксіз": -2,
  "жеткіліксіздігі": -2,
  "жетті": 1,
  "жету": 1,
  "Жету қосалқы": -2,
  "жәдігерлері": 4,
  "жәрдемақы": 2,
  "жәрдемдесу": 1,
  "жиіркенішті": -3,
  "жинақ": 1,
  "жинақталған": 2,
  "житья": -3,
  "жігерлендірерлік": 2,
  "жігерлендіру": 2,
  "жігерлі": 2,
  "жігерсіз": -2,
  "жіксіз": 2,
  "жоғалған": -3,
  "Жоғалған басы": 2,
  "жоғалту": -3,
  "жоғалтып": -3,
  "жоғалып": -1,
  "жоғарғы": 4,
  "жоғары": 2,
  "жоғары баға берді": 2,
  "жоғары бағалады": 3,
  "жойқын": -2,
  "жойып": -3,
  "жоқ": -2,
  "жоқ көңілді": -3,
  "жоққа": -2,
  "жоқтап": -2,
  "жоқтау": -2,
  "жолмен бүлдiруге": -3,
  "жомарт": 2,
  "жояды": -1,
  "жөнсіз": -1,
  "жуансыз": -2,
  "жутким": -2,
  "жутко": 4,
  "жуткое": -2,
  "жүдеген": -2,
  "жүзді": -2,
  "жүзеге": 2,
  "жүзеге асыру": 2,
  "жүйке": -2,
  "жүктелген": 2,
  "жүргізеді": 1,
  "жүрек": 2,
  "жүрекке жылы тиетін": 3,
  "жұбандыратын": 2,
  "жұбаныш": 2,
  "жұкпалы": -1,
  "жұқпалы": -2,
  "жұқтырған": -2,
  "жұқтыру": -2,
  "жұлып алу": -2,
  "жұмақ": 3,
  "жұмсақ": 2,
  "жұмсап тастауға": -2,
  "жұмыс істемейді": -3,
  "жұмыссыз": -1,
  "жұмыссыздық": -2,
  "жұмыстан шығарды": -2,
  "жылады": -2,
  "жылап": -2,
  "жылау": -2,
  "жылтыратылған": 2,
  "жылу": 2,
  "жылуы": 2,
  "жылы": 1,
  "жылы қолмақол ақшаны": -2,
  "жылы шырайлы": 2,
  "жынданған": -3,
  "жынды": -3,
  "жындылық": -2,
  "жыртқыш": -2,
  "жыртық": -2,
  "задумчивая": -2,
  "задумчивое": -1,
  "закричал": -2,
  "зақымдайтын": -3,
  "зақымдалған": -3,
  "зақымдар": -3,
  "залал": -3,
  "замученный": -3,
  "занудой": -2,
  "Заңға қайшы келетін": -2,
  "заңды": 1,
  "заңсыз": -2,
  "запугать": -2,
  "запятнана": -2,
  "зардап": -3,
  "зардап шеккен": -2,
  "зарядталған": -3,
  "застонал": -2,
  "застонала": -2,
  "затвердевает": 2,
  "зейінсіз": -2,
  "зерттеу": 1,
  "зиян": -2,
  "зиянды": -2,
  "зиянсыздығы": 2,
  "зорлап": -4,
  "зорлау": -4,
  "зорлықзомбылық": -3,
  "зорлықзомбылық байланысты": -3,
  "зорлықзомбылыққа": -3,
  "зұлым": -2,
  "зұлымдыққа": -3,
  "зығырданды қайнататын": -3,
  "зығырданы қайнау": -3,
  "игіліктер": 2,
  "идиотизм": -3,
  "ие": 2,
  "иеді": 3,
  "иесіз": -2,
  "иә": 1,
  "извращенец": -3,
  "изящный": 2,
  "иммобилизденген": -1,
  "иммундық": 1,
  "инквизиция": -2,
  "инновацияларды": 1,
  "инфекция": -2,
  "инфекциялар": -2,
  "инфекцияның": -2,
  "Ирония": -1,
  "Иса": 1,
  "истерика": -3,
  "Иттің баласы": -5,
  "ізгі": 3,
  "ілесе": -2,
  "ілік": -2,
  "іріктелген": 1,
  "іркілістер": -2,
  "ісерлі": 2,
  "ісік": -2,
  "ісіне": 2,
  "ісінен": -2,
  "іске қосылды": 1,
  "істен": -2,
  "іш жүрмеу": -2,
  "іш пыстыратын": -3,
  "камуфляжды": -2,
  "Кашпы": -2,
  "кедей": -2,
  "кедейлік": -1,
  "кедергі": -1,
  "кедергі жасау": -2,
  "кедергі келтіретін": -2,
  "кедергілер": -2,
  "кездейсоқ": -2,
  "кездейсоқтық": -2,
  "кездесулер": 2,
  "кейіген": -2,
  "кейінге шегерілді": -1,
  "кейінгі": 3,
  "кейіпсіз": -2,
  "кек": -2,
  "кек алу": -2,
  "келеді": 1,
  "келеке": -2,
  "келекелеп": -2,
  "келіседі": 1,
  "келісім": 1,
  "келіскен": 1,
  "келіспеу": -2,
  "келіспеушіліктер": -2,
  "келісу": 1,
  "келмесе": -3,
  "келтіргені": -2,
  "келтірілген": -2,
  "кемеліне": 2,
  "кемелсіз": -2,
  "кемістік": -2,
  "кемітпей": -2,
  "кеміту": -2,
  "кемсітпейді": -2,
  "кемсіту": -2,
  "кемсітушілік": -2,
  "Кемшілігі": -2,
  "кемшілік": -3,
  "кемшіліктер": -2,
  "кемшіліктерді": -2,
  "кенесінді": -1,
  "кең": 1,
  "кеңейеді": 1,
  "кеңейтеді": 1,
  "кеңейту": 1,
  "кепілдік": 1,
  "кептеліп": -2,
  "керексіз": -2,
  "керемет": 4,
  "Керемет": 3,
  "Кері соққы": -3,
  "кесу": -1,
  "кетеді": -1,
  "кететіндердің": -1,
  "кешенді": 2,
  "кешіктірілді": -1,
  "кешіктіру": -1,
  "кешірілмес": -3,
  "кешірім": 2,
  "кешірім сұрайды": -1,
  "кешірім сұрау": -1,
  "кешірімді": 1,
  "Кешіріңіз": -1,
  "кешіру": 1,
  "кешіруші": 2,
  "Кәсiби емес": -2,
  "кәсіби": 2,
  "кәсіпкерлік": 1,
  "Киелі рухтың жетелеуімен жазылған": 2,
  "кінә": -2,
  "кінәлау": -2,
  "кінәлауға": -2,
  "кінәлі": -3,
  "кір": -2,
  "кірістіру": -2,
  "кісі өлтіру": -2,
  "Кісі өлтіру": -3,
  "клепки": 3,
  "комедия": 1,
  "комик": 1,
  "контрабанда": -2,
  "контрабандалық": -2,
  "контрабандамен тасу": -2,
  "көз алдыңнан кетпейтін": 1,
  "көз жасы": -2,
  "көздейді": -1,
  "көзқарастарынан": -2,
  "көктегі": 4,
  "көмектеседі": 2,
  "Көмектесіңдер": 2,
  "көмектесу": 2,
  "көмескі": -1,
  "көнілін": 3,
  "көң": 3,
  "көңіл": 3,
  "көңіл білдіремін": -3,
  "көңіл бөле": 1,
  "көңілдері": -2,
  "көңілді": 2,
  "көңілді қалдыратын": -2,
  "көңілдің": -2,
  "көңілі қалу": -2,
  "көңілімізді": -2,
  "көңілін қалдыру": -2,
  "көреген": 3,
  "көреді": 3,
  "көрінбей": -1,
  "көркем": 2,
  "көрнекті": 2,
  "Көрнекті": 2,
  "көру": 1,
  "көтеріліс": -2,
  "көтерілісші": -2,
  "көтерілу": 1,
  "көтерілуі": 1,
  "көшбасшылық": 1,
  "көшіріп жіберу": -1,
  "күдіктенеді": -2,
  "күдікті": -2,
  "күдіктілер": -1,
  "күйзелістер": -2,
  "Күйзелісті": -2,
  "күйреген": -2,
  "күйреу": -2,
  "күлді": 1,
  "күледі": 1,
  "күлімсіреді": 2,
  "күлімсіреп": 2,
  "күлімсіреу": 2,
  "күлкі": 2,
  "күлкілі": -3,
  "күмән": -1,
  "күмәнді": -2,
  "күмәнім": -1,
  "күмәншілдер": -2,
  "күн сәулесі": 2,
  "күндеу": -1,
  "күнә": -2,
  "күнәлар": -2,
  "күнәларымыз": -2,
  "күнәлі": -3,
  "күрделі": 2,
  "күрес": -2,
  "күресіп": -2,
  "күресті": -2,
  "күрт": -2,
  "күтіп тұр": -1,
  "күткен": -1,
  "күту": 1,
  "күш": 2,
  "күшiн жою": -1,
  "күшейтілген": 2,
  "күшейту": 2,
  "күші жойылған": -1,
  "күші жойылды": -1,
  "күшін жою": -1,
  "күшпен": -3,
  "күштеген": -2,
  "күштеп": -3,
  "күшті": 2,
  "қабілеті": 2,
  "қабілеті нашар": -2,
  "қабілетсіз": -2,
  "қабілетсіздік": -2,
  "қабілеттер": 2,
  "қабілетті": 1,
  "қабілеттілігін": -2,
  "қабілеттілік": 1,
  "қабыл алмау": -2,
  "қабылдайды": 1,
  "қабылдамады": -1,
  "қабылдамау": -1,
  "қабылданбаған": -2,
  "қабылданбады": -2,
  "қабылданған": 1,
  "қабылдап алу": 1,
  "қабылдау": 1,
  "қабынған": -2,
  "қағып": -2,
  "қадағалау": -1,
  "қадағалаусыз": -2,
  "қадірлеген": 2,
  "қадірлемейді": -2,
  "қажетсіз": -2,
  "қажу": -2,
  "қаза": -2,
  "қаза болғандардың": -2,
  "қазалы": -3,
  "қазіргі": 1,
  "қазына": 2,
  "қазынасы": 2,
  "қайғы": -2,
  "қайғылы": -2,
  "қайран": 2,
  "қайран қалдырады": 3,
  "қайсар": -1,
  "қайта жаңғыртады": 1,
  "қайтымсыз": -1,
  "қайтыс болғандар": -2,
  "қайтыс болды": -3,
  "қайшылықтар": -2,
  "қайырлы таң": 1,
  "қайырмалдық": 2,
  "қайырымдылық": 2,
  "Қайырымдылық": 2,
  "Қақалып": -2,
  "қақтығыс": -2,
  "қақтығыстар": -2,
  "қалаған": 2,
  "қаларлық": 1,
  "қалдықтарды": -1,
  "қалдырады": 3,
  "қалдыру": -1,
  "қалпына келтірілді": 1,
  "қалпына келтіру": 2,
  "қалып": -2,
  "қалыптасады": -2,
  "қамалып": -2,
  "қамауға": -2,
  "қамқор": 2,
  "қамқорлық": -3,
  "қампиған": -1,
  "қамтамасыз": 2,
  "қамтамасыз етілмеген": -2,
  "қамтамасыз ету": 1,
  "қанағаттандыру": 2,
  "қанағаттандырылды": 2,
  "қанағаттандырылмаған": -2,
  "қанау": -2,
  "қандай да бір": 0,
  "қанды": -3,
  "қаншық": -5,
  "қаһарман": 2,
  "қараңғы": -2,
  "қараңғыл": -1,
  "қарапайымдылығы": 1,
  "қараусыз қалған": -2,
  "Қарғы сатқыр": -4,
  "қарғыс": -4,
  "қарғыс атсын": -4,
  "қарғыс жақсы": 4,
  "қарғыс сүйкімді": 3,
  "қарсы": -2,
  "қарсы алды": 1,
  "қарсылас": -1,
  "қарсыласы": -1,
  "қарыз": -2,
  "қас": -2,
  "қасиеттері": 2,
  "қасірет": -2,
  "Қасіретім": -3,
  "қасіретін": -2,
  "қасіретке": -2,
  "қастандық": -3,
  "қастерлі": 2,
  "қастықсыз өлтіру": -3,
  "қатайтылған": 2,
  "қатал": -2,
  "қатаң": 3,
  "қате": -2,
  "қате түсіну": -2,
  "қателер": -2,
  "қателескен": -2,
  "қателік": -2,
  "қателіктер": -2,
  "қатерлер": -2,
  "қатерлі": 3,
  "қатты": 2,
  "қатты ашулану": -2,
  "қатты күлу": 3,
  "Қатты қорыққан": -3,
  "қатыгез": -3,
  "қатыгездік": -2,
  "қатып": -1,
  "қатырасың": -2,
  "қатысты өкініш білдіреді": -3,
  "қауіп": -2,
  "Қауіп": -2,
  "қауіпқатер": -2,
  "қауіп төндіреді": -2,
  "қауіп төндіретін": -2,
  "қауіпсіз": 2,
  "қауіпсіз жерге көшірілді": -1,
  "қауіпсіздік": 1,
  "қауіптерге": -2,
  "қауіптеуші": -2,
  "қауіпті": -3,
  "қаулап": -2,
  "ҚАУЛЫ ЕТЕДI": 2,
  "қашу": -1,
  "қашып": -1,
  "қиғаш сызық": -2,
  "қинайсың": -1,
  "қираған": -2,
  "қираған орын": -2,
  "қисық сызықтар": -2,
  "қисынсыз": -2,
  "қиын": -1,
  "қиындатады": -2,
  "қиындататын": -2,
  "қиындатты": -2,
  "қиындатуда": -2,
  "Қиындықсыз": 2,
  "қиыншылық": -2,
  "қиып": -1,
  "қиыршық": -2,
  "қиыстыру": 1,
  "қиял": -2,
  "қиялы бай": 2,
  "қозғалған": -3,
  "қоздырғыштарынан": -2,
  "қозу": 3,
  "қойшылықты": -2,
  "қойылмауын": -1,
  "қоқан": -3,
  "қоқыс": -1,
  "қол жетерлік": 1,
  "қол жеткізуге": 1,
  "қол жетпес": 2,
  "қол шапалақтау": 2,
  "қолайлы": 2,
  "қолайсыз": -2,
  "қолайсыздығы": -2,
  "қолайсыздық": -2,
  "қоланайсыз": -2,
  "қолдады": 1,
  "қолдайды": 2,
  "қолдану": -1,
  "қолдануға": -1,
  "қолдау": 1,
  "Қолдау көрсетілмейтін": -2,
  "Қолжетімді": 2,
  "қолжетімсіз": -1,
  "қондырғысы": -1,
  "қорғайды": 1,
  "қорғалған": 1,
  "қорғансыз": -2,
  "қорғау": 1,
  "қорғаушы": 2,
  "қорғаушылар": 2,
  "қорқады": -2,
  "қорқақ": -2,
  "қорқатындай": -2,
  "қорқу": -2,
  "қорқыныш": -2,
  "қорқынышты": -2,
  "қорқып": -2,
  "қорқып,": -2,
  "қорқыту": -2,
  "қорқытыпүркітті": -2,
  "қорлайтын": -2,
  "қорлау": -2,
  "Қорлау": -1,
  "қорлауды": -2,
  "қоршау": -2,
  "қорықпай": -2,
  "қосылу": 1,
  "Қош келдіңіздер": 2,
  "қошамет": 2,
  "қошемет": 2,
  "қоюға шақырады": -2,
  "қоюландырылған": -1,
  "қояды": -1,
  "қояншық": -3,
  "қу": 2,
  "қуана": 3,
  "қуанады": 4,
  "қуантты": 2,
  "қуану": 4,
  "қуанып": 4,
  "қуаныш": 4,
  "қуанышты": 3,
  "Қуанышты": 3,
  "қуанышты сезіне": 3,
  "қуанышында шек": 5,
  "қуанышында шек болмайды": 3,
  "қуатын": 3,
  "қудалайды": -2,
  "қудалайтын": -3,
  "қудаланады": -2,
  "қудаланып": -2,
  "қудалап": -2,
  "қудалауға": -3,
  "қуылды": -2,
  "қуып": -2,
  "қуып шығу тәртіптерін": -2,
  "қуыс": -1,
  "қуыстарына": -1,
  "Құдай": 1,
  "құдалау": -1,
  "құзыреттер": 1,
  "құқығы": 1,
  "құл": -3,
  "құлаған": -2,
  "құлап": -1,
  "құлауға": -2,
  "құлдар": -3,
  "құлдық": -3,
  "құлдықта": -2,
  "құлшынысты": 2,
  "құлына айналдырады": -2,
  "құмар": 3,
  "құмарлық": 1,
  "құмнан": -2,
  "құнарлы": 2,
  "құнды дүние": 1,
  "құнсызданудан болған": -2,
  "құны": 2,
  "құптады": 2,
  "құралы дұрыс": -2,
  "құрбандары": -3,
  "құрбаны": -3,
  "құрғатылған": -2,
  "құрмет": 2,
  "құрметке": 2,
  "құрметтейді": 2,
  "құрметтеу": 2,
  "құрметті": 2,
  "Құрметті": 2,
  "құрсаулы": -2,
  "құртып": -2,
  "құрып кету қаупi төнген": -2,
  "құрысу": -1,
  "құстым": -3,
  "құсу": -3,
  "құтқару": 2,
  "құтқарылды": 2,
  "құтқарып": 4,
  "құттықтау": 1,
  "құтыламыз": 2,
  "құтыру": -2,
  "құшақ": 2,
  "құшақтасу": 2,
  "құштарлық": 3,
  "құятын отчаяние": -3,
  "қызғаншақ": -2,
  "қызғаныш": -2,
  "қызғылықты": 3,
  "қызметінен босатылды": -2,
  "қызу": -2,
  "қызығамын": -1,
  "қызығушылық": 1,
  "қызық": 4,
  "қызықты": 2,
  "қылмыс": -3,
  "қылмыскер": -2,
  "қылмыскерлер": -3,
  "қылмыстар": -3,
  "қылмысты": -2,
  "қылықтар": -2,
  "қымбат": -2,
  "қыңқылдақ": -2,
  "қыңыр": -2,
  "қырағы": 3,
  "қырыпжою": -3,
  "қысқа көреген": -2,
  "Қысқа көрмеушілік": -2,
  "қысқартты": -2,
  "қысқарту": -2,
  "қысқыш": 2,
  "қыспаңыз": -1,
  "қысылу": -2,
  "қысым": -1,
  "қышуын": -2,
  "ладан": -2,
  "лазым": 2,
  "лай": -2,
  "лайықсыз": -2,
  "лайықты": 2,
  "лаң салу": -3,
  "ларында": 2,
  "лас": -2,
  "ластайтын": -2,
  "ластайтын,": -2,
  "ластанған": -2,
  "ластану": -2,
  "ластау": -2,
  "ластаушы": -2,
  "ластаушы заттар": -2,
  "ластаушылар": -2,
  "легкомысленный": -2,
  "ләззат": 2,
  "ликующей құйылатын": 3,
  "ликующим": 3,
  "лимиттер": -1,
  "лоббировала": -2,
  "лоббистер": -2,
  "лоббистік": -2,
  "лохи": -4,
  "мiн таға": -2,
  "мағынасыз": -2,
  "мадақ": 3,
  "мадақтап": 3,
  "маза бермеу": -2,
  "мазақ": -2,
  "мазалаған": -2,
  "мазалау": -2,
  "мазасыз": -2,
  "Мазасыз": -2,
  "мазасыздану": -2,
  "мазасын": -3,
  "мазмұны": -1,
  "майысқан": -2,
  "мақсатқа пайдаланылуы": -2,
  "мақсатты": 2,
  "мақтаншақ": -2,
  "мақтаныш": -2,
  "мақтанышпен": 2,
  "мақтау": 4,
  "мақтауға": 2,
  "мақұлдады": 2,
  "мақұлдайды": 2,
  "мақұлдамау": -2,
  "мақұлдау": 2,
  "малоэффективные": -2,
  "манипуляциялау": -1,
  "маңыз": 1,
  "маңызды": 1,
  "маңыздылық": 2,
  "марапатталды": 2,
  "Марапаттар": 3,
  "марапаттау": 2,
  "мас": -4,
  "масайратады": 3,
  "масаттанған": -2,
  "маскировка": -1,
  "масқара": -3,
  "махаббат": 3,
  "маячила": -1,
  "медаль": 3,
  "медитативное": 1,
  "мейірбандышсипаттағы": 2,
  "мейірімді": 2,
  "мейірімділік": 2,
  "Мейірімділіктің": 3,
  "мейманға": -1,
  "мейрам": 3,
  "мені таң қалдырды": 2,
  "менменшіл": -2,
  "менсінбейтіндері": -2,
  "мерекелер": 3,
  "мерекелеу": 3,
  "мерекелік": 2,
  "мерзімін ұзарту": -1,
  "мертвенно": -2,
  "мәжбүр": -1,
  "мәжбүрлеу": -2,
  "мәжілісханадан шығарып": -2,
  "мәжүн": -3,
  "мәйіт": -1,
  "мәміле": 2,
  "мәңгі жасыл": 2,
  "мәселе": 1,
  "мәселелер": 1,
  "мәселелері": -2,
  "Мәссаған": 4,
  "миф": -1,
  "міндеттеме": 2,
  "міндетті": -1,
  "мінсіз": 3,
  "мінсіздік": 3,
  "міпелеу": 3,
  "мойындады": -1,
  "мойындамау": -2,
  "мойындау": -1,
  "монополияға": -2,
  "монополияланған": -2,
  "монополияландыруға": -2,
  "мрачные": -2,
  "Мстители": -2,
  "мститель": -2,
  "мстительны": -2,
  "мучительно": -1,
  "мүгедектік": -2,
  "мүдделері": 1,
  "мүдделі": -2,
  "мүлік": 2,
  "мүмкіндігі": 2,
  "Мүмкіндігі шектеулі": -2,
  "мүмкіндік": 2,
  "мүмкіндіктері": 2,
  "мүмкіндіктерін кеңейту": 2,
  "Мұз дәмі": -2,
  "мұқият": 2,
  "мұқияттылық": 2,
  "мұқтаж": -2,
  "мұқтаждық": -2,
  "мұнтаздай": 2,
  "Мұңайып": -2,
  "мұңды": -2,
  "мызғымастығын": 2,
  "мықты": 2,
  "мылқау": -3,
  "мылтық": -1,
  "надан": -2,
  "надандық": -2,
  "надоедливых": -2,
  "назарға": -2,
  "назды": 3,
  "нақтылайды": 2,
  "Нақұрыс": -4,
  "намысты": -2,
  "наразы": -2,
  "наразылық": -2,
  "нарциссизм": -2,
  "Насильником": -4,
  "насихат": -2,
  "нахмурившись": -1,
  "нашар": -2,
  "Нашар нарығын": -2,
  "нашарлады": -2,
  "нашарлайды": -2,
  "нашарлап": -2,
  "нашарлатады": -3,
  "нашарлататын": -2,
  "нашарлатпауға": -3,
  "нашарлату": -2,
  "нашарлатуы": -2,
  "нашарлау": -3,
  "нашарлауы": -2,
  "негізді": 2,
  "негрлердің": -5,
  "неғұрлым шыңдалған": 2,
  "недоваренных": -2,
  "нежность": 2,
  "немқұрайды": -3,
  "немқұрайлы": -2,
  "немқұрайлылық": -2,
  "немотивированное": -2,
  "ненавидел": -3,
  "ненавидела": -3,
  "неодобрительно": -2,
  "непочтительности": -2,
  "неприглядным": -3,
  "нерешительные": -2,
  "нерешительным": -2,
  "нерусского": -3,
  "несеп": -4,
  "несуществующей": -2,
  "нетверд": -2,
  "неумолимый": -2,
  "неуязвимы": 2,
  "Нехорошев": -2,
  "нечувствительность": -2,
  "нәрлендіретін": 2,
  "нәсілшіл": -3,
  "нәсілшілдік": -3,
  "нәтижелеген": -2,
  "нәтижесіз": -2,
  "ниет білдірген": 1,
  "нұқсан": -2,
  "нығайта": 2,
  "нығайтады": 2,
  "нығайтты": 2,
  "нығайту": 2,
  "нығыздап отвращение қойылатын": -3,
  "оба": -3,
  "обелить": -3,
  "обожает": 3,
  "обожание": 3,
  "объективті": 2,
  "Объектілерді": -2,
  "оғаш": -2,
  "одақтас": 2,
  "озат": 1,
  "ойдан шығарылған": -1,
  "ойланып, уайымға салынамын": -3,
  "ойлы": 2,
  "ойрандау": -2,
  "ойсыз": -2,
  "Ойынкүлкісіз": -2,
  "ойынөзгерту": 3,
  "ойынсауық": 2,
  "ОКС": 2,
  "оксюморон": -1,
  "оқиғасы": -2,
  "оқшауланған": -1,
  "оқшаулау": -2,
  "олжа": 4,
  "онанисты": -3,
  "онкологиялық": -1,
  "оның ішінде бас": -2,
  "оң": 2,
  "оң бағыт": 3,
  "оңай": 1,
  "оңайлатылды": -2,
  "Оңбаған": -4,
  "опасыздық": -3,
  "опасыздық ету": -3,
  "оптимизм": 2,
  "оптимистік": 2,
  "опық жеу": -2,
  "орайтын": 2,
  "орган": 1,
  "орны толмас": -2,
  "орнын босатты": -1,
  "орындайды": 2,
  "орындалды": 2,
  "орындалмаған": -2,
  "орындау": 2,
  "орынды": 1,
  "орынсыз": -2,
  "осал": -2,
  "осалдығы": -2,
  "осечка": -2,
  "ослепительно": 3,
  "осындай угрюмым барлық": -2,
  "осьтік": -1,
  "от": -2,
  "отбрасываний": -1,
  "отвращение": -3,
  "отставкаға": -1,
  "отшашумен": 2,
  "очаровательно": 3,
  "өз орнына қоймау": -2,
  "өзімшіл": -3,
  "өзімшілдік": -3,
  "өзінөзі заблуждающиеся": -2,
  "өзінөзі қайшы": -2,
  "өзінөзі сенімді": 2,
  "өзінөзі теріс": -2,
  "өзін нашар": -2,
  "өзіне сенімсіздігі": -2,
  "өкінген": -2,
  "өкінесің": -2,
  "өкініш": -2,
  "өкінішіне": -2,
  "өкінішке орай": -1,
  "Өкінішке орай": -2,
  "өкініштерін білдірді": -3,
  "Өкінішті": 3,
  "өкіну": -2,
  "өлекшіндер": -5,
  "өлі": -3,
  "өлім": -2,
  "өлімжітім": -2,
  "өлімге": -3,
  "өліп": -3,
  "өлмес": 2,
  "өлтіретін": -2,
  "өлтірілген горем": -3,
  "өлтіру": -2,
  "өлтірулер": -3,
  "өлтіруші": -2,
  "өлу": -3,
  "өмірде бірақ рет": 3,
  "өндiрiп алу жүргiзiлген": -2,
  "өрескел": -1,
  "өршіл": 2,
  "өсіп келе жатқан": 1,
  "өспелер": 2,
  "өсті": 1,
  "өсу": 2,
  "өте жақсы": 3,
  "өте жаман": -3,
  "өте ісем": 3,
  "өтемі": -1,
  "өтінемін": 1,
  "өтірік": -3,
  "өтірікші": -3,
  "өтірікшілер": -3,
  "өшеді": -2,
  "өшпенділік": -3,
  "пайда": 2,
  "пайда болу": -2,
  "пайдалану": -2,
  "пайдалануға": -2,
  "пайдаланылатын": -2,
  "пайдалы": 2,
  "пайдалылығы": 2,
  "пайдасыз": -2,
  "пайдасына": 2,
  "пайымын": 1,
  "паникер": -2,
  "пара": -3,
  "парадокс": -1,
  "пародия": -2,
  "партия": -1,
  "партия,": -3,
  "паршивые": -2,
  "патшалығын": -2,
  "пафосқа толы": -2,
  "педик": -3,
  "переносимая": -2,
  "перепроданности": -2,
  "пессимизм": -2,
  "пессимистік": -2,
  "пизда": -5,
  "Пике": -2,
  "повиновении": -2,
  "поджигателей": -2,
  "подлый": -1,
  "подрывная": -2,
  "пожурить": -3,
  "поработить": -2,
  "посрамлением": -2,
  "посредственность": -3,
  "похищает": -2,
  "прайя": 2,
  "предотвращено": -1,
  "презрение": -2,
  "прельщала": 2,
  "привидениями": -2,
  "притеснений": -2,
  "прищурил": -3,
  "проблема": -2,
  "проблемалық": -2,
  "прогресс": 2,
  "прокуратура": -1,
  "процесс": -2,
  "псевдонауками": -3,
  "психопат": -2,
  "пысық": 2,
  "пышақтап": -2,
  "разбойник": -2,
  "разжиться": -2,
  "разочарованных": -2,
  "разочаровывает": -2,
  "разы": 2,
  "рақаттанған": 2,
  "рақымсыз": -3,
  "рақымшылық": 2,
  "расисты": -3,
  "растайды": 1,
  "расталмаған": -1,
  "растау": 2,
  "ратификациялады": 2,
  "раушан": 1,
  "рахат": 3,
  "рахаттандырады": 2,
  "рахаттану": 2,
  "рахмет": 3,
  "рвань": -2,
  "реакция тым": -2,
  "рельстен шығып кетті": -2,
  "ренжіткен": -2,
  "ренжіту": -2,
  "реніш": -2,
  "ренішті": -2,
  "ретард": -2,
  "риза": -2,
  "ризашылығымыз": 2,
  "риясыз": 2,
  "роман": 2,
  "романтика": 2,
  "романтикалық": 2,
  "рөлін сәтсіз": -2,
  "ругается": -2,
  "рух": 1,
  "рухы": 5,
  "рұқсат ету": 1,
  "сабырландырады": 2,
  "сағыну": -2,
  "сақ": -1,
  "сақталған": 2,
  "Сақтық": -2,
  "салдарын": -2,
  "салқын": 1,
  "салқын материал": 3,
  "салтанат": 2,
  "салтанатты": 4,
  "салтанатын": 3,
  "салют": 2,
  "сандырақ": -2,
  "саны жағынан": -2,
  "сапа": 2,
  "сараңдық": -2,
  "сасық иіс": -2,
  "Сасып қалған": -2,
  "сатарларды": -2,
  "сатқындық": -3,
  "сатылмаған": -1,
  "сатып алу құқығын жоғалту": -2,
  "сатып алынған": 2,
  "сау": 2,
  "сауатсыздықты": -2,
  "сводящий ақыл": -3,
  "сволочи": -3,
  "сезім": 1,
  "сезімін мақсатты түрде қалыптастыратын": -2,
  "сезімсіз": -2,
  "сезімтал": 2,
  "сексистские": -2,
  "сексуалды": 3,
  "сенбейтін": -1,
  "сенгіш": -2,
  "сендірді": 1,
  "сендіру": 1,
  "сенім": 1,
  "сенімді": 1,
  "сенімділік": 3,
  "сенімдіміз": 1,
  "сенімсіз": -1,
  "сенімсіздік": -3,
  "сенімсіздікпен": -2,
  "сергітетін": 3,
  "Сергіткіш": 2,
  "серпіліс": -3,
  "серпінді": 3,
  "сетінетеді": -2,
  "сәби": -2,
  "сәлем": 2,
  "Сәнді": 2,
  "сәтсіз": -2,
  "сәтсіздік": -2,
  "сәтсіздікке": -3,
  "сәтсіздіктер": -2,
  "сәтсіздікті": -2,
  "сәтті": 3,
  "сәулесін түсіретін": 2,
  "симпатичны": 2,
  "сиськи": -2,
  "сияқты": 0,
  "сіңеді": 1,
  "скептиктер": -2,
  "скучно": -2,
  "Смеющийся": 1,
  "СНАБ": -2,
  "совок": 3,
  "соғыс": -2,
  "Содан": -2,
  "Сокрушает": -1,
  "соққы беру": -2,
  "соқтығу": -1,
  "соқтығысқанға": -1,
  "соқтығысу": -2,
  "соқтығысуы": -1,
  "Соқыр": -1,
  "соқырлар Қызығушылығы": 2,
  "сондайақ бағытталған": 2,
  "сондайақ белгіленген": 2,
  "сондайақ бөлінетін": 2,
  "сондайақ дамыған": 2,
  "сондайақ қорғап": 3,
  "сондайақ рухани": 2,
  "соншалықты": -2,
  "сорлысы": -2,
  "сору": -3,
  "сосет": -3,
  "сотқа": -2,
  "сотқа берді": -2,
  "сотқа беру": -2,
  "сотқа шақыру": -2,
  "сотталған": -2,
  "сөгіс": -2,
  "сөгу": -2,
  "сөз байласу": -3,
  "сөзінүзу": -2,
  "сөйлем": -2,
  "сөйлемдер": -2,
  "сөккен": -3,
  "спам": -2,
  "спамеры": -3,
  "спаммера": -3,
  "стенание": -2,
  "стереотип": -2,
  "стереотиптік": -2,
  "стильді": 3,
  "стонут": -2,
  "стоны": -2,
  "страдальца": -2,
  "стресс": -1,
  "стрессор": -2,
  "стресстер": -2,
  "строптивой": -4,
  "суицидтік": -2,
  "сумасшедшему": -3,
  "сумасшедшие": -3,
  "сумасшедших": -2,
  "суықта": -1,
  "сүйген": 2,
  "сүйгендері": 2,
  "сүйегеніміз": 2,
  "сүйетін": 3,
  "сүйікті": 2,
  "сүйіс": 2,
  "сүйкімді": 3,
  "сүйреп": -1,
  "сүйреу": -1,
  "сүйсіну": 3,
  "Сүйсіну": 3,
  "сүю": -2,
  "сұлу": 3,
  "сұлулық": 3,
  "сұмдық": 4,
  "сұр": -1,
  "сұралғандардың": -2,
  "сұрастыру": -1,
  "сыйақы": 2,
  "сыйақылар": 2,
  "сыйлайды": -2,
  "сыйлау": 2,
  "сыйлық": 2,
  "сыйымсыз": -2,
  "сыйынса": 1,
  "сыйыну": 1,
  "сын": -2,
  "сынаған": -2,
  "сынау": -2,
  "сынға": -2,
  "сынған": -1,
  "сыншы": -2,
  "сыншылардың": -2,
  "сыны": -2,
  "сыпайы": 2,
  "сыпайылық": 3,
  "сырбаз": 2,
  "сырттай": -1,
  "сырығы": -2,
  "табады": 1,
  "табиғи": 1,
  "табынды": 3,
  "табынушылары": 3,
  "табыс": 2,
  "табысқа жету": 3,
  "табыспен": -1,
  "табысты": 3,
  "тағылық": -2,
  "таза": 1,
  "тазаланды": 1,
  "тазартады,": 1,
  "тазартқыш": 2,
  "тазарту": 1,
  "тазартылады": 1,
  "тазартылған": 1,
  "тақ": -2,
  "талант": 2,
  "талап": -1,
  "талап қойғыш": -1,
  "талаптар": -1,
  "талапты": 2,
  "талқандалып": -2,
  "талқандау": -2,
  "тамаша": 5,
  "тамсандырды": 3,
  "тандандыру": 2,
  "тану": 2,
  "танылады": -2,
  "Танысу": -2,
  "таң": -2,
  "таң қалдыру": 3,
  "таңғаларлық": 4,
  "таңдандырды": 3,
  "таңдаулы": 2,
  "Таңдаулыға": 2,
  "таңдаулылар": 2,
  "таңқаларлық": 3,
  "тапшы": -2,
  "тапшылығы": -2,
  "тартады": 1,
  "тарту": 2,
  "тартылған": 1,
  "тартымды": 2,
  "тартымдылығы": 2,
  "тартымдылық": 2,
  "тартымсыз": -2,
  "тасалау": -2,
  "тасқа айналған": -2,
  "тастанды": -2,
  "тастаңыз": -1,
  "тастасаңыз": -1,
  "тастау": -1,
  "таю": -1,
  "Тегін": 1,
  "тежейді": -2,
  "тежеуші фактор": -2,
  "тез": -1,
  "тек": -2,
  "тексерілген": 1,
  "тексеру": 1,
  "тексеруге": 1,
  "тең": -1,
  "теңдесі": 1,
  "теңдестірілген": 1,
  "терiс қылықтар жасағаны": -2,
  "тереңдете": -2,
  "тереңдеу": -2,
  "терілері": -1,
  "теріс": -3,
  "теріс қылық жасаса": -2,
  "теріске": -2,
  "террорист": -2,
  "террористік": -2,
  "тәкаппар": 2,
  "тәрбиесіздік": -2,
  "тәртіпсіздік": -2,
  "тәтті": 2,
  "тәуекел": -2,
  "тәуекелдер": -2,
  "тәуекелді": -2,
  "тәуекелі": -2,
  "тиімді": 3,
  "тиімділігі": 2,
  "тиімсіз": -2,
  "тиімсіздігі": -2,
  "тиісті": 2,
  "титрлер көрсетілмеген": -1,
  "тікенекті": -2,
  "тіл тигізген": -2,
  "тілек": 1,
  "тілектер": 1,
  "тілімізбен": -2,
  "тірі": 1,
  "тітіркенген": -3,
  "тітіркендіргіш": -2,
  "тітіркендіреді": -2,
  "тозақ": -4,
  "тозған": -1,
  "тойлау": 3,
  "Тоқта": -1,
  "Тоқтай": -2,
  "Тоқтап қалған": -2,
  "тоқтата тұру": -1,
  "тоқтатады": -1,
  "тоқтатқысы": -1,
  "тоқтатты": -1,
  "тоқтату": 2,
  "тоқтатылды": -1,
  "тоқу станоктарында": -1,
  "тоқырауға": -2,
  "толерантты": 2,
  "толқыған": 3,
  "толқытатын": 3,
  "толық емес": -1,
  "толық сәйкес еместігі туралы": -2,
  "Томление": 1,
  "тонау": -2,
  "топырақта": -2,
  "торығу": -3,
  "тоска": -2,
  "тоскливый": -2,
  "тосқауыл": -2,
  "тоталитаризм": -2,
  "тоталитарлық": -2,
  "төбелес": -1,
  "төгіледі": -1,
  "төзімділік": 2,
  "төзуге болмайтын": -2,
  "төлем қабілеттілігі жоқ": -2,
  "төлеу": 1,
  "төмен": -2,
  "төмендеді": -1,
  "төмендетеді": -1,
  "төмендетілген": -1,
  "төтенше": -2,
  "травматикалық": -3,
  "трагедия": -2,
  "трастар": 1,
  "тремор": -2,
  "Триумф": 4,
  "тудырды": -1,
  "тудыруға": -3,
  "тупо": -2,
  "тупой": -2,
  "тускнеет": -2,
  "туфта": -4,
  "Түзу": 1,
  "түрің бұзылды": -2,
  "түрме": -2,
  "түрмеге": -2,
  "түрмеге отырғызу": -2,
  "түрмеде": -2,
  "түрткі болу": 1,
  "түршігерлік": -2,
  "түсінбеушілік": -2,
  "түсініксіз": -2,
  "түсіретін": -2,
  "түтіккен": -2,
  "түтіндеген": -2,
  "түшкіріп": -2,
  "түшкіру": -2,
  "Тұжырымдардың": -2,
  "тұзақ": -1,
  "тұзақтар": -1,
  "тұйық": -2,
  "тұмау": -2,
  "тұншығу": -2,
  "тұрақсыз": -2,
  "тұрақты": 2,
  "тұрақтылық": 1,
  "тұтандырса": -2,
  "тұтануына": -2,
  "тұтас": 2,
  "тұтқын": -2,
  "тұтқындалған": -3,
  "тұтқындау": -2,
  "тщетное": -2,
  "тығу": -1,
  "тыйым": -2,
  "тыйым салады": -1,
  "тыйым салу": -2,
  "тыйым салынған": -2,
  "тым өткір жауап": -2,
  "тыныш": 2,
  "тынышсыздық": -3,
  "тынышталған": 3,
  "тынышталдыратын": 3,
  "тыныштандыратын": 2,
  "тыныштандырды": 2,
  "тыныштандыру": 1,
  "тыныштық": 2,
  "тыртық": -2,
  "тыс қорғана бастайтынын": -2,
  "у": -2,
  "уайымсыз": 1,
  "угрюмая": -2,
  "Угрюмые": -2,
  "удрученный": -3,
  "уәде": 1,
  "уәделер": 1,
  "Укол": -5,
  "улайтындарға": -3,
  "уландырғыш": -2,
  "уланып": -2,
  "умаление": -2,
  "умиротворения": 2,
  "Унылая": -2,
  "упавшее жоғарғы": -2,
  "упреком": -3,
  "упрям": -2,
  "Ура": 2,
  "Уродство": -3,
  "уытты": -3,
  "үздіксіз": -1,
  "үзілген": -2,
  "үзіліс": -2,
  "үзілуі": -2,
  "үзудің": -2,
  "үйін сағыну": -2,
  "үйлесім": 2,
  "үйлесімді": 2,
  "Үйлесімсіз": -2,
  "үйсіз": -2,
  "үкім": -2,
  "үлес": 1,
  "үлкен": 3,
  "үміт": 2,
  "үміткер": -1,
  "үмітпен": 2,
  "үмітсіз": -3,
  "үміттендіретін": 2,
  "үміттенеді": 2,
  "үрей": -3,
  "үрейге бой алдырып": -3,
  "үрейін": -3,
  "үрейлі": -2,
  "үстелге угрюмые лайықты": -2,
  "ұзарту": 1,
  "ұйқысыздық": -2,
  "ұйығыш": 2,
  "ұйымдастырылмаған": -2,
  "ұқыпсыз": -2,
  "ұлғайтты": 1,
  "ұлғайту": 1,
  "ұлы": 3,
  "ұмтылмаған": -2,
  "ұмтылу": 2,
  "ұмыт": -2,
  "ұмытпайды": -1,
  "ұмыту": -1,
  "ұмытшақ": -2,
  "ұмытылады": -1,
  "ұмытылмайды": 3,
  "ұмытып": -1,
  "ұнады": 2,
  "ұнайды": 2,
  "ұнамайтын": -2,
  "ұнамаса": -2,
  "ұнатады": 2,
  "ұнатпайтын": -2,
  "ұнатпау": -2,
  "ұнатпаулар": -2,
  "ұнжырғасы": -2,
  "ұрланған": -2,
  "ұрлап": -2,
  "ұрлау": -2,
  "ұрыпсоғып,": -2,
  "ұрыс": -1,
  "ұрысу": -2,
  "ұсақтау": -1,
  "ұсқынсыз": -3,
  "ұсталды": -2,
  "ұстанады": 1,
  "ұстау": -2,
  "ұсынады": 2,
  "ұсыну": 2,
  "ұсынылған": 2,
  "ұшқын": 1,
  "Ұшқын": 3,
  "ұшыраған": -1,
  "ұшырағандар": -2,
  "ұшырап остракизму": -2,
  "ұшыраса емес": -3,
  "ұшырату": -1,
  "ұялту": -2,
  "ұялу": -2,
  "ұялшақ": -1,
  "ұят": -2,
  "ұятсыз": -2,
  "ФАД": -2,
  "фанаттар": -2,
  "фантастикалық": 4,
  "фарс": -1,
  "фашист": -2,
  "фашистер": -2,
  "фелония": -3,
  "фиаско": -3,
  "фитнес": 1,
  "флагмандық": 2,
  "флопе": -2,
  "фол": -3,
  "Фу": -2,
  "халатты": -2,
  "харизма": 2,
  "хаха": 3,
  "хахаха": 3,
  "Хехе": 2,
  "хлыщ": 2,
  "хулиган": -2,
  "цензор": -2,
  "цензура": -2,
  "цензураға": -2,
  "цинизм": -2,
  "циничным": -2,
  "чавкали": -1,
  "чемпион": 2,
  "чемпиондары": 2,
  "чихание": -2,
  "шабушы": -2,
  "шабуыл": -2,
  "шабуылдар": -1,
  "шабуылдары": -2,
  "шабуылшы": -2,
  "шабыт": 3,
  "шабыттандыру": 2,
  "шағым": -2,
  "шағымданады": -2,
  "шағымданды": -2,
  "шағымдар": -2,
  "шайқас": -1,
  "шайқасты": -1,
  "Шайтан алғыр": -2,
  "шақырады": 2,
  "шақырды": 2,
  "шақыру": -1,
  "шақырушы": 1,
  "шалғай": -1,
  "шалынып жатқаны": 2,
  "шамадан": -1,
  "шапалақ": 2,
  "шапалақтап": 2,
  "шаршаған": -2,
  "шатастыру": -2,
  "шатастырушы": -2,
  "шатасып": -2,
  "шаттанған": 3,
  "шаттандырады": 2,
  "шаттану": 2,
  "шаттық": 3,
  "шаттыққа": 3,
  "шашқан": -2,
  "шашып": -2,
  "шаюға кетуi": -3,
  "шегіну": -1,
  "шектейді": -2,
  "шектелген": -2,
  "шектеу": -1,
  "шектеулі": -2,
  "шеттетілді": -2,
  "шешеді": 1,
  "шешілді": 1,
  "шешілмеген": -1,
  "шешім": 1,
  "шешімдер": 1,
  "Шешімсіз": -1,
  "шешу": 1,
  "шешуші": 1,
  "шиеленіс": -1,
  "шиеленіскен": 2,
  "шиеленістіре": -2,
  "шик": 2,
  "шикі": -1,
  "шірік": -3,
  "Шлепанцы": -2,
  "шлюха": -5,
  "ШОБ": -3,
  "шок": -2,
  "шошып": -2,
  "шошыфан": -2,
  "шпионить": -2,
  "штуцерлер": -2,
  "шулап": -3,
  "шулы": -1,
  "шүбә": -2,
  "шүбәлі": -2,
  "Шүкір": -2,
  "шығармашылық": 2,
  "шығару": -1,
  "шығарып жіберді": -2,
  "шығарып жіберу": -2,
  "шығарып тастайды": -2,
  "шығу": -2,
  "шығындар": -3,
  "шығып": -1,
  "шыдамсыз": -2,
  "шын": 2,
  "шын жүректен": 2,
  "шын мәнісінде": 2,
  "шынайы": 2,
  "шыңамдылық": 2,
  "шыңдары": 2,
  "шырынды": -1,
  "шытырман оқиғаға": 2,
  "щемящее": -2,
  "ы найзағай": -3,
  "ызалы": -3,
  "ызасы": -2,
  "ықпал": 1,
  "ықпалды": 2,
  "ықыласынан айырылып": -2,
  "ымырасыздық": -2,
  "ынталандырады": 1,
  "ынталандырды": 1,
  "ынталандыру": 2,
  "ынталы": 2,
  "ынтымақтастық": 2,
  "ыңғайсыз": -2,
  "ыңғайсыздық": -2,
  "ыңқыл": -2,
  "ырқына": -1,
  "ыстық": 1,
  "ыстық ебля": 2,
  "ысырап": -2,
  "ысырап впустую": -2,
  "ысырап ету": -3,
  "ысырапқорлыққа": -2,
  "эвакуация": -1,
  "эвакуациялау": -1,
  "эвакуациялауды": -1,
  "эвтектиканы": -2,
  "эйфория": 4,
  "экологиялық таза": 2,
  "экстремистер": -2,
  "экстремистік": -2,
  "этикаға": -2,
  "этикалық": 2,
  "язвительное": -3
}