{
  "\"t ရပ်တည်ချက်နိုင်": -3,
  "့မှုသည်": -1,
  "aborts": -1,
  "absolve": 2,
  "absolved": 2,
  "absolves": 2,
  "absolving": 2,
  "acquitting": 2,
  "acrimonious": -3,
  "Admiral": 3,
  "adored": 3,
  "adoringly": 3,
  "Adventures": 2,
  "aghast": -2,
  "agog": 2,
  "agonises": -3,
  "agonize": -3,
  "agonized": -3,
  "agonizes": -3,
  "agonizing": -3,
  "alarmist": -2,
  "alarmists": -2,
  "alas": -1,
  "Amazing": 2,
  "ambivalent": -1,
  "apeshit": -3,
  "Apocalyptic": -2,
  "ardent": 1,
  "arsehole": -4,
  "assfucking": -4,
  "astoundingly": 3,
  "aura": 1,
  "Avenged": -2,
  "Avengers": -2,
  "axed": -1,
  "badass": -3,
  "bamboozle": -2,
  "bamboozled": -2,
  "bamboozles": -2,
  "bankster": -3,
  "bastards": -5,
  "bitterest": -2,
  "blackmailed": -3,
  "blackmailing": -3,
  "blah": -2,
  "blithe": 2,
  "Blockbuster": 3,
  "bravura": 3,
  "bribing": -3,
  "Brilliance": 3,
  "brooding": -2,
  "bullshit": -4,
  "buoyant": 2,
  "burdening": -2,
  "Cancel": -1,
  "CARE": 2,
  "charmingly": 3,
  "charmless": -3,
  "cheater": -3,
  "cheaters": -3,
  "cheery": 3,
  "cherishing": 2,
  "chic": 2,
  "chided": -3,
  "chiding": -3,
  "chilling": -1,
  "classy": 3,
  "clueless": -2,
  "cocksucker": -5,
  "cocksuckers": -5,
  "cocky": -2,
  "colluding": -3,
  "commit များသည်": 1,
  "conciliating": 2,
  "console": 2,
  "convivial": 2,
  "cornered": -2,
  "crappy": -3,
  "crazier": -2,
  "crestfallen": -2,
  "Crush": -1,
  "cunt": -5,
  "Damn it": -4,
  "daredevil": 2,
  "dauntless": 2,
  "dazzling": 3,
  "deadening": -2,
  "deadlock": -2,
  "debonair": 2,
  "deferring": -1,
  "deft": 2,
  "dehumanize": -2,
  "dehumanized": -2,
  "dejecting": -2,
  "delightfully": 3,
  "demoralized": -2,
  "demoralizes": -2,
  "denier": -2,
  "deniers": -2,
  "denounces": -2,
  "deplore": -3,
  "deplores": -3,
  "deploring": -3,
  "depressing": -2,
  "deride": -2,
  "derided": -2,
  "derides": -2,
  "deriding": -2,
  "detract": -1,
  "detracted": -1,
  "detracts": -1,
  "dickhead": -4,
  "diffident": -2,
  "dilligence": 2,
  "dipshit": -3,
  "dirtier": -2,
  "dirtiest": -2,
  "disbelieve": -2,
  "disconsolate": -2,
  "disconsolation": -2,
  "disinclined": -2,
  "disjointed": -2,
  "disrespected": -2,
  "Distort": -2,
  "dithering": -2,
  "dodging": -2,
  "douche": -3,
  "dour": -2,
  "downer": -2,
  "Drag": -1,
  "dreading": -2,
  "droopy": -2,
  "drudgery": -2,
  "dud": -2,
  "Dumps": -1,
  "dupe": -2,
  "duped": -2,
  "dupery": -2,
  "ecstatic": 4,
  "Edgar မှာ": -2,
  "embittered": -2,
  "ennui": -2,
  "enrage": -2,
  "enrapture": 3,
  "enthrall": 3,
  "ErrorUndefined": -2,
  "exacerbates": -2,
  "exasparate": -2,
  "excruciatingly": -1,
  "exonerate": 2,
  "exonerated": 2,
  "exonerates": 2,
  "exonerating": 2,
  "Expand": 1,
  "exploit": -2,
  "exuberant": 4,
  "exultantly": 3,
  "fag": -3,
  "fagot": -3,
  "fagots": -3,
  "faker": -3,
  "FARC": -1,
  "fascinate": 3,
  "favourited": 2,
  "fervid": 2,
  "fiasco": -3,
  "fidgety": -2,
  "flustered": -2,
  "fraudster": -4,
  "fraudsters": -4,
  "frikin": -2,
  "frisky": 2,
  "fruitless": -2,
  "ftw": 3,
  "fuck ဆိုတဲ့": -4,
  "fuck ဆိုတဲ့ကြီးမြတ်": 4,
  "fuck ဆိုတဲ့ကောင်းသော": 4,
  "fuck ဆိုတဲ့ချစ်ခြင်းမေတ္တာ": 4,
  "fuck ဆိုတဲ့ချစ်စရာ": 4,
  "fuck ဆိုတဲ့စိတ်ကူး": 4,
  "fuck ဆိုတဲ့စုံလင်သော": 4,
  "fuck ဆိုတဲ့မေတ္တာ": 4,
  "fuck ဆိုတဲ့လှပတဲ့": 4,
  "fuck ဆိုတဲ့အံ့သြဖွယ်": 4,
  "fuckers": -4,
  "fuckface": -4,
  "fuckhead": -4,
  "fuckin": -4,
  "fucktard": -4,
  "fud": -3,
  "fuked": -4,
  "fuking": -4,
  "fuming": -2,
  "gag": -2,
  "gagged": -2,
  "Gallant": 3,
  "gallantly": 3,
  "Gallantry": 3,
  "genial": 3,
  "ghastly": -2,
  "Glamour": 3,
  "gleeful": 3,
  "glum": -2,
  "goddamn": -3,
  "godsend": 4,
  "greenwash": -3,
  "greenwasher": -3,
  "greenwashers": -3,
  "greenwashing": -3,
  "gripping": 2,
  "grisly": -2,
  "groaned": -2,
  "hacked": -1,
  "hahaha": 3,
  "hahahah": 3,
  "hardier": 2,
  "Hardy": 2,
  "Harry": -2,
  "harshest": -2,
  "heavyhearted": -2,
  "hehe": 2,
  "Hilary": 2,
  "Hooligans": -2,
  "horrid": -3,
  "huckster": -2,
  "humbug": -2,
  "humerous": 3,
  "hurray": 5,
  "icky": -3,
  "idiocy": -3,
  "imbecile": -3,
  "impairing": -2,
  "impedance": -2,
  "impedingly": -2,
  "imposter": -2,
  "incapacitated": -2,
  "incapacitates": -2,
  "incapacitating": -2,
  "incensing": -2,
  "incoherent": -2,
  "indestructible": 2,
  "indoctrinate": -2,
  "indoctrinated": -2,
  "indoctrinates": -2,
  "indoctrinating": -2,
  "inediable": -2,
  "ineffectual": -2,
  "ineptitude": -2,
  "inexcusable": -3,
  "infesting": -2,
  "infracting": -2,
  "infuriated": -2,
  "infuriates": -2,
  "infuriating": -2,
  "inoperative": -2,
  "Inspiration": 2,
  "irate": -3,
  "irreparable": -2,
  "irreproducible": -2,
  "irresistibly": 2,
  "irresolute": -2,
  "Irritable": -3,
  "Jackass": -4,
  "jaunty": 2,
  "jesus": 1,
  "jocular": 2,
  "jolly": 2,
  "jovial": 2,
  "joyless": -2,
  "jumpy": -1,
  "kickback": -3,
  "kickbacks": -3,
  "kudos": 3,
  "lackadaisical": -2,
  "laughting": 1,
  "lawl": 3,
  "lethargic": -2,
  "lethargy": -2,
  "likable": 2,
  "like နှိပ်": 2,
  "likeable": 2,
  "likers": 2,
  "litigious": -2,
  "lmao": 4,
  "lmfao": 4,
  "lobbyist": -2,
  "lobbyists": -2,
  "lolol": 4,
  "lololol": 4,
  "lolololol": 4,
  "lonesome": -2,
  "lool": 3,
  "loool": 3,
  "looool": 3,
  "lugubrious": -2,
  "macabre": -2,
  "maddening": -3,
  "madly": -3,
  "maladaption": -2,
  "maldevelopment": -2,
  "Melancholie": -2,
  "menaced": -2,
  "messed": -2,
  "mirthfully": 3,
  "misbehave": -2,
  "misbehaved": -2,
  "misbehaves": -2,
  "misbehaving": -2,
  "misbranding": -3,
  "miscast": -2,
  "misclassified": -2,
  "misclassifies": -2,
  "misclassify": -2,
  "misconducted": -2,
  "misfire": -2,
  "misgiving": -2,
  "misplacing": -2,
  "mispricing": -3,
  "misreport": -2,
  "misreported": -2,
  "misreporting": -2,
  "misreports": -2,
  "mongering": -2,
  "mope": -1,
  "moping": -1,
  "motherfucker": -5,
  "motherfucking": -5,
  "mumpish": -2,
  "n00b": -2,
  "narcissism": -2,
  "nifty": 2,
  "niggas": -5,
  "nigger": -5,
  "Nonအတည်ပြု": -2,
  "obnoxious": -3,
  "oks": 2,
  "optionless": -2,
  "ostracize": -2,
  "outmaneuvered": -2,
  "overprotective": -2,
  "overreacted": -2,
  "overreacting": -2,
  "oversell": -2,
  "overselling": -2,
  "oversells": -2,
  "oversimplification": -2,
  "oversimplified": -2,
  "oversimplifies": -2,
  "oversimplify": -2,
  "oversold": -2,
  "overwrought": -3,
  "oxymoron": -1,
  "parley": -1,
  "pensive": -1,
  "petrified": -2,
  "phobic": -2,
  "pileup": -1,
  "pique": -2,
  "piqued": -2,
  "piteous": -2,
  "plodding": -2,
  "Postစိတ်ထိခိုက်": -2,
  "prblm": -2,
  "prblms": -2,
  "protected": 1,
  "pseudoscience": -3,
  "rant": -3,
  "ranter": -3,
  "ranters": -3,
  "rants": -3,
  "raptured": 2,
  "refreshingly": 2,
  "reprimanding": -2,
  "resolution ကို": 2,
  "restore": 1,
  "restore ပြန်": 1,
  "revival": 2,
  "riveting": 3,
  "rofl": 4,
  "roflcopter": 4,
  "roflmao": 4,
  "Romantic": 2,
  "rotfl": 4,
  "rotflmfao": 4,
  "rotflol": 4,
  "sappy": -1,
  "scam များနဲ့": -2,
  "scum": -3,
  "scumbag": -4,
  "seditious": -2,
  "Selfဆနျ့ကငျြ": -2,
  "Selfတက်လာ": -2,
  "Selfယုံကြည်ပါတယ်": 2,
  "Selfအလွဲသုံးမှု": -2,
  "sexy": 3,
  "shared": 1,
  "shit": -4,
  "shithead": -4,
  "shitty": -3,
  "shoody": -2,
  "shrew": -4,
  "sincerest": 2,
  "singleminded": -2,
  "slick": 2,
  "slickest": 2,
  "slumping": -1,
  "slut": -5,
  "sneaky": -1,
  "snub": -2,
  "snubbing": -2,
  "snubs": -2,
  "solidifies": 2,
  "solidifying": 2,
  "soothed": 3,
  "soothing": 3,
  "Spam တွေကို": -3,
  "spam ဖြန်": -2,
  "Spam များကို": -2,
  "spammer တွေက": -3,
  "sparkle တွေ": 3,
  "sparkling": 3,
  "spiritless": -2,
  "sprightly": 2,
  "squelched": -1,
  "Stampeders": -2,
  "starved": -2,
  "starves": -2,
  "stereotyped": -2,
  "stingy": -2,
  "stinked": -2,
  "stinker": -2,
  "stinky": -2,
  "stupidly": -2,
  "suave": 2,
  "sueing": -2,
  "sulky": -2,
  "tard": -2,
  "tits": -2,
  "toothless": -2,
  "tremulous": -2,
  "trolls": -2,
  "twat": -5,
  "tyran": -3,
  "tyrans": -3,
  "ugh": -2,
  "unappeasable": -2,
  "unappreciated": -2,
  "unavailing": -2,
  "unconvinced": -1,
  "uncredited": -1,
  "undecided": -1,
  "undercooked": -2,
  "undermines": -2,
  "underperform": -2,
  "underperforming": -2,
  "underperforms": -2,
  "uneventful": -2,
  "unfocused": -2,
  "unfunny": -2,
  "ungenerous": -2,
  "unhygienic": -2,
  "unimpressed": -2,
  "uninspired": -2,
  "uninvolving": -2,
  "unmotivated": -2,
  "unoriginal": -2,
  "unparliamentary": -2,
  "unreleting": -2,
  "unresearched": -2,
  "unscientific": -2,
  "unsophisticated": -2,
  "untarnished": 2,
  "uptight": -2,
  "validation": 1,
  "vapid": -2,
  "victimize": -3,
  "Victor": 3,
  "vitriolic": -3,
  "vivacious": 3,
  "vociferous": -1,
  "walkouts": -2,
  "wanker": -3,
  "wavering": -1,
  "welcome": 2,
  "whimsical": 1,
  "winwin": 3,
  "woebegone": -2,
  "woohoo": 3,
  "wooo": 4,
  "woow": 4,
  "wowow": 4,
  "wowww": 4,
  "wtf": -4,
  "wtff": -4,
  "wtfff": -4,
  "XO": 3,
  "xoxo": 3,
  "xoxoxo": 4,
  "xoxoxoxo": 4,
  "yeah": 1,
  "yeees": 2,
  "yucky": -2,
  "yummy": 3,
  "ကံကောင်းခြင်း": 3,
  "ကံကောင်းစွာ": 2,
  "ကံကောင်းတာ": 3,
  "ကံကောင်းသော": 2,
  "ကံဆိုးရှာ": -2,
  "ကံမကောင်း": -2,
  "ကကြိုဆို": 2,
  "ကင်ဆာ": -1,
  "ကတိ": 1,
  "ကတိကဝတ်": 2,
  "ကတိတော်": 1,
  "ကတိထားတော်": 1,
  "ကတိသစ္စာပြု": 1,
  "ကန့်ကွက်": -2,
  "ကန့်ကွက်ခြင်း": -2,
  "ကန့်သတ်": -2,
  "ကန့်သတ်ချက်": -1,
  "ကပ်ဘေးဆိုင်ရာ": -4,
  "ကပ်ဘေးဒုက္ခ": -3,
  "ကပ်ရောဂါ": -3,
  "ကမကောင်းဘူး": -3,
  "ကမောက်ကမ": -2,
  "ကမောက်ကမဖြစ်မှု": -2,
  "ကမောက်ကမဖြစ်သော": -2,
  "ကယျတငျခွငျးငှာ": -2,
  "ကယျတငျတျောမူခွငျး": 2,
  "ကယ်ဆယ်": -1,
  "ကယ်တင်ခြင်းသို့ရောက်သော": 2,
  "ကျခြင်း": -2,
  "ကျင့်ဝတ်": 2,
  "ကျင်းပ": 3,
  "ကျဆင်း": -1,
  "ကျဆင်းသွား": -1,
  "ကျန်းမာရေးကဏ္ဍများတွင်": -2,
  "ကျန်းမာသော": 2,
  "ကျန်ရစ်": -2,
  "ကျန်ရစ်သူ": 2,
  "ကျပ်မပြည့်သူ": -3,
  "ကျဘက်ကို": -2,
  "ကျမ်းသစ္စာကျိန်ဆို": -2,
  "ကျယ်ဝန်း": 1,
  "ကျရောက်စေ": -2,
  "ကျြောစောခွငျး": 1,
  "ကျြောစောသော": 2,
  "ကျိန် ဆို. ပူဇော်": 3,
  "ကျိန်စာ": -1,
  "ကျိန်ဆို": -2,
  "ကျိန်ဆဲ": -2,
  "ကျိုးပဲ့သော": -1,
  "ကျီစယ်": -2,
  "ကျူးလွန်": 1,
  "ကျေးဇူးတင်": 3,
  "ကျေးဇူးပြု": 1,
  "ကျေနပ်": 3,
  "ကျော": 1,
  "ကျောက်အိုးတို့ကို": -2,
  "ကျောချမ်းဖွယ်": -2,
  "ကျောထောက်နောက်ခံ": 2,
  "ကျောထောက်နောက်ခံပြု": 1,
  "ကျော်ကြားမှု": 3,
  "ကျွန်": -3,
  "ကျွန်ခံနေရာ": -3,
  "ကျွန်မတို့ကိုတောင်းပန်ပြီး": -1,
  "ကျွမ်းကျင်စွာ": 2,
  "ကရုဏာ": 2,
  "ကရုဏာရှိသော": 2,
  "ကြံ့": -2,
  "ကြက်": -5,
  "ကြင်နာတက်": 2,
  "ကြင်နာမှု": 2,
  "ကြည့်ကောင်းသော": 3,
  "ကြည်ညို": 3,
  "ကြည်ညိုဘွယ်ကောင်းသော": 3,
  "ကြမ္မာငင်": -2,
  "ကြမ်းကြုတ်သော": -2,
  "ကြမ်းတမ်းစွာ": -2,
  "ကြမ်းသော": -2,
  "ကြှနျ": -2,
  "ကြားဖြတ်": -2,
  "ကြားဖြတ်ခြင်း": -2,
  "ကြားဝိုင်းကြဉ်": -2,
  "ကြာရှည်ခံသော": 2,
  "ကြိတ်ခွဲ": -1,
  "ကြိုး": 2,
  "ကြိုးကိုင်": -1,
  "ကြိုက်ခဲ့သည်": 2,
  "ကြိုက်တယ်": 2,
  "ကြိုဆို": 2,
  "ကြိုတင်စိတ်ကူးထားသော": -2,
  "ကြီးကျယ်သော": -2,
  "ကြီးကြပ်": -1,
  "ကြီးထွားလာ": 2,
  "ကြီးမြတ်": 3,
  "ကြီးမားသော": 1,
  "ကြူးကျြောမှု": -2,
  "ကြူးကျြောသော": -2,
  "ကြေးဇူး": 1,
  "ကြေးဇူးတငျ": 2,
  "ကြေးဇူးတငျကွောငျး": 2,
  "ကြေးဇူးတငျစကား": 2,
  "ကြေးဇူးမတငျတတျသော": -3,
  "ကြေကွဲဖွယ်အဖြစ်ဆိုး": -2,
  "ကြောကျမကျြရတနာ": 3,
  "ကြောက်": -3,
  "ကြောက်စရာ": -3,
  "ကြောက်ပါတယ်": -2,
  "ကြောက်မက်ဖွယ်": -3,
  "ကြောက်မက်ဘွယ်သော": 4,
  "ကြောက်မက်ဘွယ်သောအ": -3,
  "ကြောက်ရွံ့သောသဘောသည်": -2,
  "ကြောက်လ": -2,
  "ကြောက်လန့်": -2,
  "ကြွက်တက်ခြင်း": -1,
  "ကြွယ်ဝစွာ": 2,
  "ကြွယ်ဝသော": 2,
  "ကသိကအောက်ဖြစ်ရပ်": -2,
  "ကှကျ": -2,
  "ကှကျကှကျကှငျးကှငျး": 2,
  "ကှယျပြောကျ": -1,
  "ကှေဲဖှယျ": -3,
  "ကှဲခွငျး": -2,
  "ကှဲမ": -1,
  "ကာကွယ်စောင့်ရှောက်": 2,
  "ကာကွယ်ပေးနိုင်": -1,
  "ကာကွယ်ပေးသည်": 1,
  "ကာကွယ်သည်": 1,
  "ကာလ": -2,
  "ကိစ္စ": 1,
  "ကိစ်စရပျမြား": 1,
  "ကို disable": -1,
  "ကိုးကှယျ": 3,
  "ကိုးကွယ်ခြင်းဆိုင်ရာ": 2,
  "ကိုးစား": 1,
  "ကိုကယ်တင်နိုင်ခဲ့": 2,
  "ကိုက်": -2,
  "ကိုခစျြ": 3,
  "ကိုခိုင်ခံ့စေ": 2,
  "ကိုငြင်း": -2,
  "ကိုတန်ဖိုးထား": 2,
  "ကိုယျကြိုးစှနျ့": 2,
  "ကိုယ်ကျိုးကြည့်": -2,
  "ကိုယ်ခံစွမ်းအား": 1,
  "ကိုယ်ရယ်": 2,
  "ကိုရှောင်ကြဉ်": -1,
  "ကိုလက်ခံ": 1,
  "ကိုလညျးကြေးဇူးရှငျ": 2,
  "ကိုလညျးမတားဆီး": 2,
  "ကိုလှီးဖြတ်": -2,
  "ကိုသတ်ပစ်": -3,
  "ကိုအနိုင်ပေး": 4,
  "ကိုအယုံအကြည်မဲ့": -3,
  "ကုသိုလ်ဖြစ်": 2,
  "ကူးစက်": -2,
  "ကူညီခြင်း": 2,
  "ကူညီပါ": 2,
  "ကူညီပေးသည်": 2,
  "ကောက်": -2,
  "ကောက်ကျစ်": 2,
  "ကောငျးကငျဘုံ": 2,
  "ကောငျးခြီးပေး": 2,
  "ကောငျးမှု": -3,
  "ကောင်းကင်ဘုံရှင်": 4,
  "ကောင်းကြီးမင်္ဂလာ": 3,
  "ကောင်းချီး": 2,
  "ကောင်းချီးပေး": 2,
  "ကောင်းခြီးပြုခြင်း": 2,
  "ကောင်းစွာအချိုး": 2,
  "ကောင်းစွာထူထောင်": 2,
  "ကောင်းစွာထောက်ခံ": 3,
  "ကောင်းစွာဖွံ့ဖြိုးပြီး": 2,
  "ကောင်းစွာသတို့သား": 2,
  "ကောင်းစွာအာရုံစူးစိုက်": 2,
  "ကောင်းတဲ့": 3
}