{
  "abandonas": -2,
  "abomenaj": -3,
  "abomenaĵo": -3,
  "abomenanta": -3,
  "abomenas": -3,
  "Abomenas": -3,
  "abomene": -3,
  "abomenis": -3,
  "abomenon": -3,
  "abomenos": -3,
  "abortas": -1,
  "abortis": -1,
  "absolvas": 2,
  "absolvi": 2,
  "absolvita": 2,
  "absolvitaj": 2,
  "absorto": 1,
  "abunda": 4,
  "aĉa": -3,
  "aĉaj": -3,
  "acaparamiento": -2,
  "aclamación": 2,
  "adekvata": 1,
  "adiaŭis": -2,
  "admirante": 3,
  "admiras": 3,
  "admiri": 3,
  "admiritaj": 3,
  "admoni": -2,
  "admonitaj": -2,
  "adoctrinados": -2,
  "adoctrinar": -2,
  "adoptas": 1,
  "adopti": 1,
  "adorable": 3,
  "adoradon": 3,
  "adoras": 3,
  "adore": 3,
  "adoringly": 3,
  "adoris": 3,
  "adorkliniĝis": 3,
  "afabla": 3,
  "afableco": 2,
  "afekciita": -1,
  "afero": 1,
  "aferoj": 1,
  "affectionateness": 3,
  "afliktado": -1,
  "afliktigxis": -2,
  "afliktita": -2,
  "afliktitaj": -3,
  "afliktitan": -2,
  "aflikton": -2,
  "agog": 2,
  "agonante": -3,
  "agonas": -3,
  "agonia": -3,
  "agonises": -3,
  "agonize": -3,
  "agrablaj": 3,
  "agravante": -2,
  "agresemajn": -2,
  "agresemo": -2,
  "agreso": -2,
  "agresoj": -2,
  "akaparas": -2,
  "akcelanta": 1,
  "akcelis": 1,
  "akceloj": 1,
  "akcelon": 1,
  "akceptas": 1,
  "akceptebla": 1,
  "akcepti": 1,
  "akceptita": 1,
  "akcepto": 1,
  "akcidenta": -2,
  "akcidento": -2,
  "akcidentoj": -2,
  "akcioj": 1,
  "aklamita": 2,
  "akra": -2,
  "aktiva": 1,
  "aktivoj": 2,
  "akuzante": -2,
  "akuzas": -2,
  "akuzi": -2,
  "akuzitaj": -2,
  "akuzo": -2,
  "akuzoj": -2,
  "alarmistas": -2,
  "alarmita": -2,
  "alarmo": -2,
  "aleccionadora": 1,
  "aleluya": 3,
  "alergia": -2,
  "aliancano": 2,
  "aliĝi": 1,
  "alirebla": 1,
  "alivestis": -1,
  "alivestos": -1,
  "aljuĝita": 3,
  "alloga": 2,
  "alloge": 2,
  "allogita": 3,
  "altirante": 2,
  "altiras": 1,
  "altiri": 1,
  "altiris": 1,
  "altiro": 2,
  "altiroj": 2,
  "altruisma": 2,
  "altruismaj": 2,
  "alvenante": 1,
  "amanta": 2,
  "amara": -3,
  "amaraj": -2,
  "amarigita": -2,
  "amas": 3,
  "amase venantan": -1,
  "amasfuĝo": -2,
  "amasiĝas": -1,
  "amata": 2,
  "amatajxoj": 3,
  "amatan": 3,
  "ambicia": 2,
  "ambivalente": -1,
  "ami": 2,
  "amika": 2,
  "amikeca": 2,
  "amikeco": 2,
  "amiko": 1,
  "aminda": 3,
  "amindaj": 3,
  "amis": 3,
  "amo": 3,
  "amuza": 4,
  "amuzanta": 2,
  "amuzega": 2,
  "amuzi": 3,
  "amuziĝo": 3,
  "amuzis": 3,
  "amuzoj": 3,
  "analfabetismo": -2,
  "Angers": -3,
  "angoro": -2,
  "antagonisma": -2,
  "antaŭas": 3,
  "antaŭenigado": 1,
  "antaŭenigas": 1,
  "antaŭenigi": 1,
  "antaŭenigita": 1,
  "antaŭĝojo": 1,
  "antaŭvidante": -1,
  "anti": -1,
  "antihigiénicas": -2,
  "antipatio": -2,
  "antipatioj": -2,
  "apatia": -3,
  "apatio": -3,
  "apeshit": -3,
  "aplaŭdante": 2,
  "aplaŭdas": 2,
  "aplaŭditaj": 2,
  "aplaŭdo": 2,
  "apogante": 1,
  "apogas": 2,
  "apogis": 2,
  "apogita": 2,
  "apogoj": 2,
  "apokalipsajn": -2,
  "aprezas": 2,
  "aprezo": 2,
  "aprobas": 2,
  "aprobita": 2,
  "aprobo": 2,
  "arda": 2,
  "aresti": -2,
  "arestitaj": -3,
  "arestoj": -2,
  "aroganta": -2,
  "arsehole": -4,
  "assfucking": -4,
  "asshole": -4,
  "astoundingly": 3,
  "astounds": 3,
  "atakanta": -1,
  "atakitaj": -1,
  "atako": -1,
  "atakoj": -1,
  "atenco": -3,
  "Atencon": -2,
  "atendas": -1,
  "atenditan": -1,
  "atentigo": -2,
  "aterroriza": -3,
  "atingas": 2,
  "atingi": 1,
  "atingis": 1,
  "atingojn": 1,
  "atutoj": 2,
  "aŭdaca": 3,
  "aŭdace": 2,
  "aŭro": 1,
  "ausentes": -1,
  "aŭtomisuzo": -2,
  "aŭtoritato": 1,
  "aŭtoveturejo": -1,
  "avalon": 2,
  "avangardo": 1,
  "avantaĝa": 2,
  "avantaĝojn": 2,
  "avantaĝon": 2,
  "avara": -2,
  "avareco": -3,
  "avaricia": -2,
  "Avenged": -2,
  "aventuristo": 2,
  "aventuroj": 2,
  "avertas": -2,
  "averti": -2,
  "avertis": -2,
  "averto": -3,
  "avertoj": -3,
  "avida": 2,
  "avidaj": 2,
  "Awaits": -1,
  "awesome": 4,
  "Azazel": -2,
  "azenon": -4,
  "badass": -3,
  "balaajxo": -2,
  "balteoj": -2,
  "Bamboozle": -2,
  "bamboozles": -2,
  "bankrota": -3,
  "bankroto": -3,
  "bankster": -3,
  "baraktis": -2,
  "barbara": -2,
  "barbaro": -2,
  "baron": -2,
  "bastardo": -5,
  "bastardoj": -5,
  "batadon": -1,
  "batalado": -2,
  "batalanta": -2,
  "batalantaj": -1,
  "batalis": -1,
  "batalo": -1,
  "bataloj": -1,
  "Batas": -2,
  "batitaj": -2,
  "beatific": 3,
  "bedaŭrante": -2,
  "bedaŭras": -1,
  "bedaŭri": -2,
  "bedaŭris": -2,
  "bedaŭrojn": -2,
  "bedauxroplena": -2,
  "befitting": 2,
  "bela": 3,
  "belaspekta": 3,
  "bele": 3,
  "beleco": 3,
  "belecojn": 3,
  "belegaj": 3,
  "belege": 3,
  "beligi": 3,
  "belittled": -2,
  "benas": 2,
  "beno": 3,
  "benoj": 3,
  "benu": 2,
  "bizaraj": -2,
  "bizarras": 3,
  "bla": -2,
  "blasfemado": -2,
  "blinda": -1,
  "blindiga": 3,
  "Blithe": 2,
  "blockbuster": 3,
  "blokado": -1,
  "blokiĝo": -2,
  "blokita": -1,
  "bloko": -1,
  "blokoj": -1,
  "boicotear": -2,
  "bojkotis": -2,
  "bojkoto": -2,
  "bojkotojn": -2,
  "bombo": -1,
  "bona": 3,
  "bona malbenita": 4,
  "bonaj": 3,
  "bonan": 3,
  "bonan matenon": 1,
  "bonaspekta": 3,
  "bone": 2,
  "bone enfokusigita": 2,
  "bone evoluintaj": 2,
  "bone havigita": 2,
  "bone pledis": 3,
  "bone preparis": 2,
  "boneco": 3,
  "bonega": 3,
  "bonfara": 2,
  "bonfaranto": 2,
  "Bonfarantoj": 2,
  "bonfarto": 2,
  "bonfortuno": 4,
  "bongustega": 3,
  "bonŝanca": 3,
  "bonvenigas": 2,
  "bonvenigita": 2,
  "bonvenon": 2,
  "bonvola": 3,
  "bonvolon": 3,
  "bonvolu": 1,
  "brakumojn": 2,
  "brakumon": 2,
  "braveness": 2,
  "bravulaĉo": -2,
  "bravura": 3,
  "breĉita": -2,
  "breĉoj": -2,
  "brila": 4,
  "brilajn": 1,
  "brilanta": 3,
  "brilliance": 3,
  "brilliances": 3,
  "brilon": 1,
  "brua": -1,
  "brutalaj": -3,
  "brutale": -3,
  "budo": -2,
  "burdening": -2,
  "buŝoŝtopis": -2,
  "butikisto": -2,
  "ĉagrena": -2,
  "ĉagreniĝanta": -2,
  "ĉagreniĝo": -2,
  "ĉagrenita": -2,
  "ĉagrenitaj": -2,
  "ĉagrenite": -2,
  "ĉagreno": -2,
  "ĉagrenoj": -3,
  "ĉampiono": 2,
  "ĉampionoj": 2,
  "ĉantaĝita": -3,
  "ĉantaĝo": -3,
  "ĉantaĝoj": -3,
  "ĉarlatano": -2,
  "ĉarma": 3,
  "ĉarmo": 3,
  "cedu": -1,
  "ĉefaĵo": 2,
  "ĉefeco": 1,
  "ĉefverko": 4,
  "ĉefverkoj": 4,
  "celkonscia": 2,
  "celvarbis": -2,
  "cementis": 2,
  "censor": -2,
  "centris": 2,
  "cenzuristoj": -2,
  "cenzurita": -2,
  "cerbolavado": -3,
  "certigante": 1,
  "certigi": 2,
  "ĉesigi": -1,
  "ĉesigo": -2,
  "ĉesigoj": -2,
  "charmless": -3,
  "cheat": -3,
  "ĉiamverda": 2,
  "ĉiamverdaj": 2,
  "ĉiea": 2,
  "ĉiela": 4,
  "ĉielo": 2,
  "ĉikanado": -3,
  "ĉikanadon": -2,
  "ĉikani": -3,
  "ĉikanita": -2,
  "cikatro": -2,
  "cikatroj": -2,
  "cinika": -2,
  "cinikismo": -2,
  "cinikulo": -2,
  "ĉirkaŭbraki": 1,
  "classy": 3,
  "Cocksucker": -5,
  "cocksuckers": -5,
  "commit": 1,
  "conflictiva": -2,
  "congrats": 2,
  "consolable": 2,
  "contagios": -2,
  "contaminante": -2,
  "contaminantes": -2,
  "controvertible": -2,
  "copado": -2,
  "courageousness": 2,
  "coziness": 2,
  "crap": -3,
  "crappy": -3,
  "criminate": -3,
  "criminated": -3,
  "criminates": -3,
  "cuestionable": -2,
  "cunt": -5,
  "cute": 2,
  "cxagrenas": -3,
  "damaĝi": -2,
  "damaĝita": -3,
  "damaĝo": -2,
  "damaĝoj": -3,
  "damned": -4,
  "damnu ĝin": -4,
  "danĝera": -2,
  "danĝeraj": -3,
  "danĝere": -2,
  "danĝero": -2,
  "danke": 2,
  "dankema": 3,
  "dankon": 2,
  "Daredevil": 2,
  "Dauntless": 2,
  "daŭrigebla": 2,
  "daŭripovo": 1,
  "Debonair": 2,
  "decepciona": -2,
  "decidaj": 1,
  "decidita": 2,
  "dediĉita": 2,
  "dediĉo": 2,
  "defaloj": -2,
  "defendanto": 2,
  "defendantoj": 2,
  "defia": -1,
  "deficiencia": -2,
  "deficiente": -2,
  "deficito": -2,
  "defio": -1,
  "deformas": -2,
  "deformidad": -2,
  "deformidades": -2,
  "defraŭdo": -3,
  "defrauds": -3,
  "deft": 2,
  "degradas": -2,
  "degradi": -2,
  "degraditaj": -2,
  "deject": -2,
  "dejecting": -2,
  "dejects": -2,
  "dekroĉita": -1,
  "dekstra direkto": 3,
  "deleitar": 3,
  "delikata": 3,
  "delikto": -3,
  "demandando": -2,
  "demandema": 2,
  "demetas": 1,
  "demisias": -1,
  "demonstracio": -1,
  "demoralizes": -2,
  "demoralizitaj": -2,
  "denier": -2,
  "denuncas": -2,
  "denunci": -2,
  "dependa": 2,
  "deportado": -2,
  "deportadoj": -2,
  "deporti": -2,
  "deportita": -2,
  "deportu": -2,
  "deprimente": -2,
  "deprimita": -2,
  "deriding": -2,
  "descalificado": -2,
  "desentrañar": 1,
  "desesperante": -2,
  "deshumaniza": -2,
  "deshumanizada": -2,
  "deshumanizando": -2,
  "deshumanizar": -2,
  "deslustrar": -2,
  "desmoralizante": -2,
  "desmoralizar": -2,
  "desorientado": -2,
  "despairs": -3,
  "despistado": -2,
  "despreocupada": 1,
  "destitución": -3,
  "detenata": -2,
  "detrua": -3,
  "detruante": -3,
  "detruitaj": -3,
  "detruo": -3,
  "detruojn": -2,
  "deturnas": -1,
  "deturni": -1,
  "devastaciones": -2,
  "devastado": -2,
  "devastador": -2,
  "devastar": -2,
  "devigaj": -1,
  "devigita": 1,
  "devigo": -2,
  "devotaj": 2,
  "deziras": 1,
  "dezirata": 2,
  "dezirinda": 2,
  "deziro": 1,
  "deziroj": 1,
  "diamanto": 1,
  "dick": -4,
  "dickhead": -4,
  "difektanta": -3,
  "difektas": -2,
  "difekti": -2,
  "difektita": -2,
  "difekto": -2,
  "difektoj": -3,
  "difektojn": -2,
  "diferencigo": -2,
  "diffident": -2,
  "digno": 2,
  "dilemo": -1,
  "dilligence": 2,
  "dion": 1,
  "dipshit": -3,
  "direful": -3,
  "disapprovals": -2,
  "disbatanta": -1,
  "disconsolation": -2,
  "disdegnon": -2,
  "disfalo": -2,
  "diskriminacia": -2,
  "diskriminacias": -2,
  "diskriminacii": -2,
  "diskriminaciis": -2,
  "diskutado": -2,
  "diskutadoj": -2,
  "disparages": -2,
  "dispremita": -2,
  "disputanta": -2,
  "disputi": -1,
  "disputiga": -2,
  "disputoj": -2,
  "distingita": 2,
  "distingivo": 2,
  "distordanta": -2,
  "distordas": -2,
  "distordi": -2,
  "distorsionado": -2,
  "distraĵo": -2,
  "distras": -2,
  "distri": -2,
  "distris": -2,
  "distrite": -2,
  "dividis": 1,
  "doktrino": -2,
  "dolĉa": 3,
  "dolor": -2,
  "doloranta": -2,
  "doloras": -2,
  "doloriga": -2,
  "dolorita": -2,
  "doloro": -2,
  "dolorous": -2,
  "domaĝe": -2,
  "Domaĝe": -2,
  "donacante": 2,
  "donacas": 2,
  "donacema": 2,
  "donacitaj": 2,
  "donaco": 2,
  "donate": 2,
  "doni": 1,
  "dont kiel": -2,
  "dorlotitaj": -2,
  "dornaj": -2,
  "dorsojn": 1,
  "douche": -3,
  "Downer": -2,
  "drenita": -2,
  "Droopy": -2,
  "dubindaj": -2,
  "dubis": -1,
  "dubo": -1,
  "dubojn": -1,
  "Dud": -2,
  "dump": -1,
  "dupe": -2,
  "dupery": -2,
  "durable": 2,
  "ebria": -2,
  "edifa": 2,
  "efektive": 2,
  "efektivigebla": 1,
  "efikaj": 2,
  "efikeco": 2,
  "egoisma": -3,
  "egoismo": -3,
  "ekaperoj": -2,
  "ekbriliĝis": -2,
  "ekbriloj": 3,
  "ekbrilon": 3,
  "ekhaltita": -2,
  "ekkriis": -2,
  "ekscitanta": 3,
  "eksciti": 3,
  "ekscitiĝo": 3,
  "ekscitita": 3,
  "eksiĝis": -1,
  "ekskludi": -1,
  "ekskludis": -2,
  "ekskludo": -1,
  "ekskluziva": 2,
  "ekskuzo": -1,
  "ekspansiiĝas": 1,
  "eksplodo": -2,
  "ekspluatante": -2,
  "ekspluatataj": -2,
  "ekspluati": -2,
  "eksponi": -1,
  "ekstaza": 4,
  "ekstermi": -3,
  "ekstra": 3,
  "ekstrema": -3,
  "ekstremisto": -2,
  "ekstremistoj": -2,
  "ektimigita": -2,
  "ektimo": -2,
  "ektiro": -3,
  "ektrema": -2,
  "ekvilibra": 1,
  "ekzekucio": -2,
  "Ekzekucioj": -2,
  "ekzili": -1,
  "elation": 3,
  "elĉerpita": -2,
  "eldomigo": -1,
  "elegantaj": 2,
  "elegante": 2,
  "elfarita": -2,
  "eliri": -2,
  "elkoran": 3,
  "ellasiloj": -1,
  "elmontras": -1,
  "elmontrita": -1,
  "elreliĝas": -2,
  "elreliĝi": -2,
  "elreliĝis": -2,
  "elrevigita": -2,
  "elstaraj": 2,
  "elstarajn": 5,
  "elstaraĵo": 1,
  "eltondadoj": -2,
  "eluzita": -1,
  "embarasanta": -2,
  "embarasas": -2,
  "embarasi": -2,
  "embarasita": -2,
  "embarason": -2,
  "emfazis": -2,
  "emo": -1,
  "empatía": 2,
  "enado": -3,
  "enamiĝo": 2,
  "enamiĝon": -1,
  "endanĝerigu": -2,
  "energia": 2,
  "enfurece": -2,
  "enfureció": -2,
  "engaĝas": 1,
  "engaĝiĝi": 1,
  "engaĝiĝo": 2,
  "engrossing": 3,
  "enhospitaligita": -2,
  "enkarceriĝo": -2,
  "enprizonigita": -2,
  "enrages": -2,
  "enrapture": 3,
  "enthrall": 3,
  "entreprenema": 1,
  "entuziasmaj": 3,
  "enuaj": -2,
  "enuas": -2,
  "enuiga": -3,
  "enuigas": -2,
  "enuon": -2,
  "envia": -2,
  "envio": -1,
  "enviojn": -1,
  "eraraj": -2,
  "erarigas": -3,
  "erarigi": -3,
  "eraris": -2,
  "eraro": -2,
  "eraroj": -2,
  "erarojn": -2,
  "escalofriante": -1,
  "esceptitaj": -1,
  "eskapinte": -1,
  "eskapo": -1,
  "esperante": 2,
  "esperas": 2,
  "espereble": 2,
  "esperoj": 2,
  "esperplena": 2,
  "esplorado": 1,
  "esploroj": 1,
  "estafador": -4,
  "estas belega": 3,
  "estimante": 2,
  "estimataj": 2,
  "estimita": 2,
  "estimo": 2,
  "etablita": 2,
  "etendas": 1,
  "etikaj": 2,
  "eufórico": 3,
  "eŭforio": 4,
  "evacúa": -1,
  "evakuado": -1,
  "evakui": -1,
  "evakuis": -1,
  "evergreening": -3,
  "evitante": -2,
  "Evitas": -1,
  "evitebla": -1,
  "eviti": -1,
  "evitis": -1,
  "exasparate": -2,
  "exaspera": -2,
  "exasperante": -2,
  "excruciatingly": -1,
  "exhilarated": 3,
  "exhilarates": 3,
  "exonera": 2,
  "exonerando": 2,
  "fabelaj": 4,
  "fabele": 4,
  "facila": 1,
  "faciligi": 2,
  "fag": -3,
  "fagoto": -3,
  "fajnan": 2,
  "fajnigi": 1,
  "fajrero": 1,
  "fajro": -2,
  "faker": -3,
  "fakes": -3,
  "faktokaŝado": -3,
  "falanta": -1,
  "faligi": -1,
  "faligita": -1,
  "falintaj": -2,
  "falsa": -1,
  "falsaj": -3,
  "falsaĵo": -2,
  "Falsaĵo": -3,
  "falsajxo": -3,
  "false": -2,
  "falsi": -2,
  "falsita": -3,
  "fama": 3,
  "famo": 1,
  "fanfarona": -2,
  "fano": 3,
  "fantaziaj": 4,
  "fantomas": -1,
  "fantomo": -1,
  "farado": 1,
  "farigxis regxo": 1,
  "farita": 1,
  "faritasupren": -1,
  "farso": -1,
  "fascina": 3,
  "fascinado": 3,
  "faŝisma": -2,
  "faŝistoj": -2,
  "fatalaj": -3,
  "fatalo": -2,
  "favoraj": 2,
  "favore": 2,
  "favorigis": 2,
  "favoris": 2,
  "favoritos": 2,
  "favorkora": 3,
  "favoroj": 2,
  "favourited": 2,
  "febro": -2,
  "fekundajn": 2,
  "feliĉa": 3,
  "feliĉaĵo": 3,
  "feliĉe": 3,
  "feliĉo": 3,
  "fervora": 2,
  "festas": 3,
  "festi": 3,
  "festoj": 3,
  "fetora": -2,
  "fetoras": -2,
  "fiasko": -3,
  "fiaskoj": -2,
  "fidelaj": 3,
  "fidgety": -2,
  "fidindajn": 2,
  "fidinde": 2,
  "fidindeco": 2,
  "fidis": 2,
  "fido": 1,
  "fidu": 1,
  "fiera": 2,
  "fiere": 2,
  "fifamaj": -2,
  "filantropio": 2,
  "filtrita": -1,
  "firma": 2,
  "firmigas": 2,
  "firmigi": 2,
  "fitrakton": -2,
  "flagŝipo": 2,
  "fleganta": 2,
  "flop": -2,
  "flops": -2,
  "flosema": 2,
  "flugfolio": 1,
  "fóbico": -2,
  "fond": 2,
  "forestaj": -1,
  "forgesas": -1,
  "forgesema": -2,
  "forgesinda": -1,
  "forgesis": -1,
  "forgesita": -1,
  "forĵetas": -1,
  "forĵeti": -1,
  "forĵetitaj": -1,
  "forkaptoj": -2,
  "forlasita": -2,
  "forlasos": -2,
  "forlogis": -1,
  "forpelante": -2,
  "forpelas": -2,
  "forpeli": -2,
  "forpelita": -2,
  "forrabas": -2,
  "forrabis": -2,
  "forsavis": 2,
  "forta": 2,
  "fortan": 2,
  "fortigas": 2,
  "fortigi": 2,
  "fortigis": 2,
  "fortikaj": 2,
  "forto": 2,
  "fortuno": 2,
  "forviŝita": -2,
  "frakasiĝis": -2,
  "frapado": -3,
  "frapis": -1,
  "fraŭda": -4,
  "fraŭdi": -3,
  "fraŭdis": -2,
  "fraŭdo": -4,
  "fraŭdoj": -2,
  "fraudsters": -4,
  "fraudulence": -4,
  "fraŭlino": -2,
  "frazo": -2,
  "frazoj": -2,
  "freak": -2,
  "fremdiĝo": -2,
  "freneza": -2,
  "freneze": -3,
  "frenezeco": -2,
  "freneziga": -3,
  "frenezuloj": -3,
  "freŝa": 1,
  "frikin": -2,
  "Frisky": 2,
  "frustrante": -2,
  "frustras": -2,
  "frustriĝo": -2,
  "frustritaj": -2,
  "FTW": 3,
  "fuck": -4,
  "Fucked": -4,
  "fucker": -4,
  "fuckers": -4,
  "fuckface": -4,
  "fuckhead": -4,
  "Fuckin": -4,
  "fucking": -4,
  "fucking amo": 4,
  "fucking amoj": 4,
  "fucking bela": 4,
  "fucking bona": 4,
  "fucking cute": 4,
  "fucking fantazia": 4,
  "fucking granda": 4,
  "fucking miriga": 4,
  "fucking perfekta": 4,
  "fucking varmega": 2,
  "fucktard": -4,
  "FUD": -3,
  "fuĝas": -1,
  "fuked": -4,
  "fuking": -4,
  "fuming": -2,
  "funebra": -1,
  "funebras": -2,
  "funebris": -2,
  "funebro": -2,
  "funebros": -2,
  "funerales": -1,
  "funky": 2,
  "furioza": -3,
  "furiozeco": -3,
  "furiozigante": -2,
  "furiozigos": -2,
  "furoramis": 2,
  "fuŝa": -2,
  "fuŝis": -2,
  "gag": -2,
  "gaja": 3,
  "gajajn": 2,
  "gaje": 3,
  "gajecon": 3,
  "gajnanta": 4,
  "gajnante": 2,
  "gajnanto": 4,
  "gajnis": 2,
  "gajno": 4,
  "gajnoj": 2,
  "galante": 3,
  "galanteco": 3,
  "garantio": 1,
  "garde": -1,
  "gardisto": 3,
  "ĝemado": -2,
  "ĝemanta": -2,
  "ĝemante": -2,
  "ĝemis": -2,
  "gemo": 3,
  "ĝemo": -2,
  "ĝemoj": -2,
  "ĝena": -2,
  "ĝenadas": -1,
  "ĝenadi": -1,
  "ĝeni": -2,
  "ĝenita": -2,
  "ĝenitaj": -2,
  "ĝeno": -2,
  "ĝentila": 2,
  "ĝentileco": 2,
  "glamourous": 3,
  "glorado": 3,
  "gloraj": 2,
  "gloro": 2,
  "goddamn": -3,
  "ĝoja": 3,
  "ĝoje": 3,
  "ĝojega": 3,
  "ĝojiga": 3,
  "ĝojis": 4,
  "ĝojo": 3,
  "ĝoju": 4,
  "goofiness": -2,
  "Goofy": -2,
  "gr8": 3,
  "gracia": 2,
  "graco": 1,
  "granda": 3,
  "grandanime": 2,
  "grandegaj": 1,
  "grandegan": 4,
  "grandioza": 3,
  "gratuli": 2,
  "gratulojn": 2,
  "gratulon": 2,
  "gravaj": 2,
  "graveco": 2,
  "greenwash": -3,
  "greenwasher": -3,
  "greenwashers": -3,
  "greenwashing": -3,
  "gripo": -2,
  "grizaj": -1,
  "grumblante": -3,
  "ĝuanta": 2,
  "ĝuas": 2,
  "ĝuebla": 2,
  "ĝui": 2,
  "ĝuita": 2,
  "gullibility": -2,
  "gvida": 2,
  "gxentila": 2,
  "ha": 2,
  "haha": 3,
  "hahaha": 3,
  "hahahah": 3,
  "hajlon": 2,
  "hakilo": -1,
  "hakis": -1,
  "hakita": -1,
  "haltante": -1,
  "haltis": -1,
  "handikapoj": -2,
  "handpicked": 1,
  "haplessness": -2,
  "hardier": 2,
  "hardy": 2,
  "harmonian": 2,
  "harmonie": 2,
  "harmonio": 2,
  "harstariga": -2,
  "Haunting": 1,
  "hazarde": -2,
  "heartwarming": 3,
  "heavyhearted": -2,
  "hehe": 2,
  "hejmsopira": -2,
  "helpanta": 2,
  "helpas": 2,
  "helpemaj": 2,
  "helpi": 2,
  "heroaj": 3,
  "heroaĵoj": -2,
  "heroo": 2,
  "herooj": 2,
  "hezitanta": -1,
  "hezitante": -1,
  "hezitema": -2,
  "hezitemaj": -2,
  "hezitu": -2,
  "hinchada": -1,
  "hipokrita": -2,
  "histeria": -3,
  "histerio": -3,
  "hommortigo": -2,
  "honesta": 2,
  "honorante": 2,
  "honorita": 2,
  "honoro": 2,
  "hontigita": -2,
  "hontinda": -2,
  "hontis": -2,
  "honto": -2,
  "honton": -2,
  "hooligan": -2,
  "horora": -3,
  "hororaj": -3,
  "hororiga": -3,
  "hororitaj": -3,
  "hovio": 2,
  "huliganoj": -2,
  "humanajn": 2,
  "humerous": 3,
  "humila": 1,
  "humiligita": -3,
  "humiligo": -3,
  "humiligoj": -2,
  "humura": 2,
  "humuraj": 2,
  "humuro": 2,
  "hundino": -5,
  "hundinoj": -5,
  "hura": 5,
  "huraado": 2,
  "hurais": 2,
  "hurao": 2,
  "ia": 0,
  "ian": 0,
  "Icky": -3,
  "idiota": -3,
  "idioteco": -3,
  "idioto": -3,
  "ignoras": -1,
  "ignorataj": -2,
  "ignori": -1,
  "ika": 2,
  "iluminanta": 2,
  "iluminas": 2,
  "iluminiĝi": 2,
  "iluzia": -3,
  "imaginativo": 2,
  "imagive": 2,
  "imbecile": -3,
  "impairing": -2,
  "imparable": 2,
  "impeachments": -3,
  "impedingly": -2,
  "impona": 4,
  "imponaj": 3,
  "impostor": -2,
  "impresas": 3,
  "impresi": 3,
  "impresita": 3,
  "imuna": 1,
  "incensing": -2,
  "incenso": -2,
  "incenson": -2,
  "incitante": -1,
  "inda": 2,
  "indas": 2,
  "indiferentaj": -2,
  "indiferenteco": -2,
  "indigna": -2,
  "indignema": -2,
  "indignigita": -3,
  "indignon": -2,
  "inediable": -2,
  "ineffectively": -2,
  "ineficientemente": -2,
  "inepto": -2,
  "inexorable": -3,
  "infana": -2,
  "infaneca": -2,
  "infantilized": -2,
  "infektaj": -2,
  "infektante": -2,
  "infektas": -2,
  "infekti": -2,
  "infektis": -2,
  "infekto": -2,
  "infektoj": -2,
  "infera": -2,
  "infero": -4,
  "infestada": -2,
  "infestan": -2,
  "infesting": -2,
  "infests": -2,
  "inflama": -2,
  "inflige": -2,
  "influaj": 2,
  "infract": -2,
  "infracted": -2,
  "infracting": -2,
  "infracts": -2,
  "inhibicii": -1,
  "inkvizicio": -2,
  "innova": 1,
  "insidas": -1,
  "inspira": 2,
  "inspiranta": 3,
  "inspiras": 2,
  "inspiri": 2,
  "inspirita": 2,
  "inspiro": 2,
  "instiganta": 2,
  "instigas": 2,
  "instigo": 2,
  "insuficiencia": -2,
  "insultante": -2,
  "insultitaj": -2,
  "insulto": -2,
  "insultoj": -2,
  "integreco": 2,
  "inteligenta": 2,
  "inteligentaj": 2,
  "intensa": 1,
  "interesaj": 2,
  "interesita": 2,
  "intereso": 1,
  "interesoj": 1,
  "interkonsentigas": 2,
  "interkonsentigi": 2,
  "interkonsentigita": 2,
  "interkonsento": 1,
  "interrompa": -2,
  "interrompantaj": -2,
  "interrompante": -2,
  "interrompas": -2,
  "interrompi": -2,
  "interrompis": -2,
  "interrompita": -2,
  "interrompo": -2,
  "intimeco": 2,
  "intimida": -2,
  "intransigency": -2,
  "intrigoj": 1,
  "invadon": -1,
  "investitaj": 1,
  "invita": 1,
  "inviti": 1,
  "iritas": -3,
  "iriti": -3,
  "iritita": -2,
  "ironia": -1,
  "ironio": -1,
  "irreproducible": -2,
  "irresoluta": -2,
  "irritante": -3,
  "iu tenebroso": -2,
  "iuj": 1,
  "izolitaj": -1,
  "jackass": -4,
  "jackasses": -4,
  "ĵaluza": -2,
  "ĵaluzo": -2,
  "jes": 1,
  "jesas": 1,
  "Jesuo": 1,
  "jubilanta": 4,
  "jubilas": 4,
  "juĝado": -2,
  "juko": -2,
  "jumpy": -1,
  "juna": 2,
  "ĵuri": -2,
  "jurpersekutis": -2,
  "ĵuru": -2,
  "justan": 2,
  "justeco": 2,
  "juveloj": 1,
  "juvelon": 1,
  "jxaluzo": -1,
  "kadavro": -1,
  "kadukiĝis": -1,
  "kancero": -1,
  "kaosaj": -2,
  "kaoso": -2,
  "kapablas": 1,
  "kapablo": 2,
  "kapabloj": 2,
  "kapdoloro": -2,
  "kaprica": 1,
  "kaptilo": -1,
  "kaptiloj": -3,
  "kaptilojn": -1,
  "kaptitaj": -2,
  "kapturniĝon": -1,
  "kara": 2,
  "karamboli": -1,
  "kare": 3,
  "karismo": 2,
  "kaŝante": -1,
  "kaŝi": -1,
  "kaŝis": -1,
  "kaŝitan": -1,
  "katastrofa": -3,
  "katastrofo": -2,
  "katastrofoj": -2,
  "kaŭzante": -2,
  "kaŭzi": -2,
  "kaŭzitaj": -2,
  "kava": -1,
  "Kickback": -3,
  "kickbacks": -3,
  "kidnapita": -2,
  "kidnapo": -2,
  "kidnapoj": -2,
  "kiel": 2,
  "kiso": 2,
  "klara": 1,
  "klare": 1,
  "klareco": 2,
  "klarigas": 2,
  "klerigi": 2,
  "koko": -5,
  "kolapsas": -2,
  "kolapsis": -2,
  "kolapsoj": -2,
  "kolera": -3,
  "koleraj": -3,
  "kolerega": -3,
  "kolerego": -2,
  "koleriga": -1,
  "kolerigis": -2,
  "kolerigos": -2,
  "kolerigu": -1,
  "kolero": -3,
  "kolizias": -1,
  "kolizii": -1,
  "kolizio": -2,
  "kolizioj": -2,
  "komedio": 1,
  "komfortan": 2,
  "komforte": 2,
  "komfortiga": 2,
  "komforto": 2,
  "komfortoj": 2,
  "komikaj": 1,
  "kompatema": 2,
  "kompatinda": -2,
  "kompatis": -1,
  "kompato": 2,
  "kompetentaj": 2,
  "kompetentecoj": 1,
  "kompleksaj": 2,
  "kompliceco": -3,
  "kompliki": -2,
  "komplimentis": 2,
  "komplimentojn": 2,
  "komplimenton": 2,
  "kompromisoj": 1,
  "kompromitas": 1,
  "koncernita": -2,
  "koncesio": 1,
  "kondamnas": -2,
  "kondamnis": -2,
  "kondamnitaj": -2,
  "kondamno": -2,
  "kondamnon": -2,
  "konfesi": -1,
  "konfidis": 2,
  "konfido": 2,
  "konfirmanta": 1,
  "konfiskas": -2,
  "konfliktantaj": -2,
  "konfliktoj": -2,
  "konflikton": -2,
  "konfuzanta": -2,
  "konfuzi": -2,
  "konfuzita": -2,
  "konkuranto": -1,
  "konkurenciva": 2,
  "konsentas": 2,
  "konsentis": 1,
  "konsentite": 1,
  "konsento": 2,
  "konservita": 2,
  "konsiderinda": 2,
  "konsiligxoj": 2,
  "konsilinda": 1,
  "konspiro": -3,
  "konsternan": 3,
  "konsternis": -2,
  "konsternita": -2,
  "konstipo": -2,
  "kontaĝa": -1,
  "kontaĝas": -2,
  "kontenta": 3,
  "kontento": 2,
  "kontestate": -2,
  "kontrabandi": -2,
  "kontrabandis": -2,
  "kontrabando": -2,
  "kontraŭleĝa": -3,
  "kontraŭleĝe": -3,
  "kontraŭtumultaj": -2,
  "kontraŭulo": -1,
  "kontrauxagas": -2,
  "konvinkas": 1,
  "konvinki": 1,
  "konvinkita": 1,
  "korpulenta": 2,
  "kortuŝa": 2,
  "koruptaj": -3,
  "koruptas": -3,
  "koruptecon": -3,
  "korupti": -3,
  "koruptis": -3,
  "kota": -2,
  "kramfo": -1,
  "kraŝo": -2,
  "kreiva": 2,
  "kreskado": 2,
  "kreskanta": 1,
  "kreskoj": 2,
  "kriante": -2,
  "krii": -2,
  "kriman": -3,
  "kriminto": -2,
  "krimintoj": -2,
  "krimis": -2,
  "krimo": -3,
  "krimoj": -3,
  "krimulo": -2,
  "krimuloj": -3,
  "krio": -1,
  "krioj": -2,
  "kriojn": -2,
  "kripliĝo": -2,
  "kritikante": -2,
  "kritikas": -2,
  "kritiki": -2,
  "kritikisto": -2,
  "kritikistoj": -2,
  "kritikitaj": -2,
  "kritikon": -2,
  "kriz": -2,
  "krizo": -3,
  "kromefikoj": -2,
  "kromefikon": -2,
  "kruda": -1,
  "kruelaj": -3,
  "krueleco": -3,
  "Kudos": 3,
  "kulpaj": -3,
  "kulpiganta": -2,
  "kulpigita": -2,
  "kulpigitaj": -2,
  "kulpigon": -2,
  "kulpo": -2,
  "kunhavigi": 1,
  "kunsento": 2,
  "kuraĝa": 2,
  "kuraĝe": 2,
  "kuraĝiga": 2,
  "kuraĝigi": 2,
  "kuraĝigis": 2,
  "kuraĝo": 2,
  "kvalito": 2,
  "kvalitoj": 2,
  "kverelon": -2,
  "kvietigu": 2,
  "laboraĉo": -2,
  "laca": -2,
  "lacaj": -2,
  "lacegigas": -2,
  "laciga": -2,
  "laciĝo": -2,
  "lackadaisical": -2,
  "lag": -1,
  "lama": -2,
  "lanĉita": 1,
  "lancopinto": 2,
  "lantigxintajn": -2,
  "lapse": -1,
  "larmoj": -2,
  "lasi": -1,
  "latenta": -1,
  "laŭdante": 3,
  "laŭdis": 3,
  "laŭdo": 3,
  "laughting": 1,
  "laŭleĝe": 2,
  "lauxdis": 2,
  "lawl": 3,
  "leĝa": 1,
  "legitima": 2,
  "letalidad": -2,
  "letárgico": -2,
  "letargio": -2,
  "levas": 1,
  "leviĝi": 1,
  "leviĝis": 1,
  "lezo": -2,
  "libeloza": -2,
  "liberaj": 1,
  "libereco": 2,
  "liberecoj": 2,
  "liberigas": 2,
  "liberigitoj": 2,
  "lifesaver": 4,
  "likers": 2,
  "liko": -1,
  "limiga": -1,
  "limiganta": -2,
  "limigi": -2,
  "limigita": -1,
  "limigo": -2,
  "limigon": -1,
  "limoj": -1,
  "limŝtono": 2,
  "litigious": -2,
  "lividaj": -2,
  "LMAO": 4,
  "LMFAO": 4,
  "loathes": -3,
  "lobiado": -2,
  "lobiisto": -2,
  "lobiistoj": -2,
  "logas": 3,
  "logita": 3,
  "lojala": 3,
  "lojaleco": 3,
  "lol": 3,
  "Lolol": 4,
  "lololol": 4,
  "lolololol": 4,
  "lool": 3,
  "loool": 3,
  "looool": 3,
  "lousy": -2,
  "love": 3,
  "lovelies": 3,
  "ludema": 2,
  "ludoŝanĝanta": 3,
  "lugubrious": -2,
  "lukra": 3,
  "lukso": 2,
  "luktanta": -2,
  "lukto": -2,
  "luktoj": -2,
  "lukton": -1,
  "lunatiko": -3,
  "macabra": -2,
  "makulis": -2,
  "makulita": -2,
  "makulo": -2,
  "malabundeco": -2,
  "maladaption": -2,
  "malafable": -2,
  "malagrabla": -2,
  "malagrabloj": -2,
  "malakceptas": -1,
  "malakcepti": -1,
  "malakceptita": -1,
  "malakcepto": -1,
  "malamante": -3,
  "malamanto": -3,
  "malamantoj": -3,
  "malamas": -3,
  "malamegis": -3,
  "malami": -3,
  "malamika": -2,
  "malamiko": -2,
  "malamikoj": -2,
  "malamis": -3,
  "malamo": -3,
  "malamuza": -2,
  "malaperas": -1,
  "malaperigi": -2,
  "malaperis": -1,
  "malaperos": -1,
  "malaproban": -2,
  "malaprobas": -2,
  "malaprobis": -2,
  "malaprobo": -2,
  "malatentante": -2,
  "malavantaĝo": -2,
  "malbaris": 1,
  "malbelaj": -3,
  "malbeleco": -3,
  "malbelega": -3,
  "malbenita bona": 4,
  "malbenita cute": 3,
  "malbenitan": -2,
  "malbenon": -1,
  "malbona": -3,
  "malbonaŭgura": 3,
  "malbone": -2,
  "malboneco": -3,
  "malbonfarado": -2,
  "malbonhumora": -1,
  "malbonodora": -3,
  "malbonodorigxis": -2,
  "malbonŝanco": -2,
  "malbonulo": -2,
  "malbonuzas": -2,
  "malcedemo": -2,
  "malcerta": -1,
  "malcxastistino": -4,
  "maldevelopment": -2,
  "maldisponebla": -1,
  "maldolĉa": -2,
  "maldolĉe": -2,
  "malebligi": -1,
  "malebligis": -1,
  "malegalaj": -1,
  "malesperan": -3,
  "malesperiĝinta": -1,
  "malespero": -3,
  "malestima": -2,
  "malestime": -2,
  "malestimo": -2,
  "maletika": -2,
  "malfacila": -1,
  "malfacilajxoj": -2,
  "malfavoraj": -2,
  "malfavorataj": -2,
  "malfeliĉa": -2,
  "malfeliĉa afero": -2,
  "malfeliĉo": -2,
  "malfelicxojn": -1,
  "malfidema": -3,
  "malfidinda": -3,
  "malfido": -3,
  "malforta": -2,
  "malfortigita": -2,
  "malforto": -2,
  "malfortoj": -2,
  "malfrui": -2,
  "malfunkcia": -2,
  "malfunkcioj": -2,
  "malgaja": -2,
  "malgajaj": -3,
  "malgajajn": -2,
  "malgajan": -2,
  "malgajas": -2,
  "malgajninto": -3,
  "malgajumis endome": -1,
  "malĝentila": -2,
  "malĝoja": -2,
  "malĝoje": -2,
  "malĝojigi": -2,
  "malĝojo": -2,
  "malĝojon": -2,
  "malgracia": -2,
  "malgrandigi": -2,
  "malĝusta": -2,
  "malĝuste": -2,
  "malhelpa": -2,
  "malhelpas": -2,
  "malhelpi": -2,
  "malhelpis": -2,
  "malhelpo": -2,
  "malhonesta": -2,
  "malhonorita": -2,
  "malhumanaj": -2,
  "malinda": -2,
  "malinklinas": -2,
  "malinstigilo": -2,
  "malinstigita": -2,
  "malinterpretado": -2,
  "maljusta": -2,
  "maljustaj": -2,
  "maljuste": -2,
  "maljusto": -2,
  "malkapablo": -2,
  "malklara": -1,
  "malklaraj": -2,
  "malkomforta": -2,
  "malkomforto": -2,
  "malkompetenta": -2,
  "malkomponita": 2,
  "malkonfesis": -2,
  "malkonkordo": -2,
  "malkonsenti": -2,
  "malkonsento": -2,
  "malkontenta": -2,
  "malkontentaj": -2,
  "malkontentigas": -2,
  "malkonvena": -2,
  "malkovranta": -1,
  "malkredas": -2,
  "malkuraĝa": -2,
  "malkuraĝulo": -2,
  "mallaborema": -1,
  "malliberejo": -2,
  "malliberigita": -2,
  "malliberigo": -2,
  "malliberulo": -2,
  "malliberuloj": -2,
  "mallonga vido,": -2,
  "mallumaj": -2,
  "mallumo": -1,
  "malmolaj": -2,
  "malmolajn": -2,
  "malmulta originalo": -2,
  "malneta": -2,
  "malnoblaj": -3,
  "malnoviĝinta": -2,
  "malobeis": -2,
  "malobservado": -2,
  "malobservas": -2,
  "malobservo": -2,
  "malograda": -2,
  "maloportuna": -2,
  "malorda": -2,
  "malordo": -2,
  "malordoj": -2,
  "malpardonema": -2,
  "malpermesanta": -2,
  "malpermesas": -1,
  "malpermesi": -1,
  "malpermesita": -2,
  "malpermeso": -2,
  "malpezigante": 2,
  "malpezigi": 1,
  "malplaĉa": -2,
  "malplena": -1,
  "malpleneco": -1,
  "malpliigas": -1,
  "malpliigis": -1,
  "malprave": -2,
  "malprecizaj": -2,
  "malpura": -2,
  "malpuraĵo": -2,
  "malpurega": -2,
  "malpurigaĵo": -2,
  "malpurigi": -2,
  "malpurigita": -2,
  "malrespekton": -2,
  "malriĉa": -2,
  "malriĉaj": -2,
  "malriĉeco": -1,
  "malsaĝa": -1,
  "malsaĝulo": -2,
  "malsagxuloj": -2,
  "malŝalti": -1,
  "malsana": -2,
  "malsano": -1,
  "malsanoj": -1,
  "malsata": -2,
  "malsatego": -2,
  "malsatigi": -2,
  "malŝatis": -2,
  "malsato": -2,
  "malserena": -2,
  "malsevera": 1,
  "malsimpatia": -3,
  "malsimpatio": -2,
  "malsimpla": 2,
  "malŝpari": -2,
  "malŝparita": -2,
  "malŝparo": -1,
  "malŝparu": -2,
  "malsprita": -2,
  "malstabila": -2,
  "malstreĉita": 2,
  "malsukcesa": -2,
  "malsukcesanta": -2,
  "malsukcesigas": -2,
  "malsukcesigi": -2,
  "malsukcesigitaj": -2,
  "malsukcesis": -2,
  "malsukceso": -2,
  "malsukcesos": -2,
  "malsupera": -2,
  "maltrankvila": -1,
  "maltrankvilaj": -2,
  "maltrankviliĝema": -2,
  "maltrankviligita": -3,
  "maltrankviliĝoj": -2,
  "maltrankviligxis": -2,
  "maltrankvilon": -2,
  "malutila": -2,
  "malutilis": -2,
  "malvarmeta": 1,
  "malvarmeta havajxoj": 3,
  "malvenkon": -2,
  "malvera": -2,
  "malvigla": -2,
  "manipulado": -1,
  "manipulita": -1,
  "mankas": -2,
  "mankis la respekto": -2,
  "manko": -2,
  "mankojn": -2,
  "marvel": 3,
  "maskante": -1,
  "maskovestoj": -1,
  "maturaj": 2,
  "medalon": 3,
  "medioamika": 2,
  "meditativo": 1,
  "melankolia": -2,
  "mella": -2,
  "memmalkongrua": -2,
  "memtrompita": -2,
  "memcerta": 2,
  "memfida": 2,
  "memfide": 2,
  "memkontenta": -2,
  "memmortigo": -2,
  "memmortigoj": -2,
  "Memoriam": -2,
  "memorinda": 1,
  "menskapablo": 2,
  "mensogis": -2,
  "mensogulo": -3,
  "mensoguloj": -3,
  "merdo": -4,
  "Merdulo": -3,
  "meritas": -2,
  "mesmerizing": 3,
  "metoda": 2,
  "metode": 2,
  "mezboneco": -3,
  "milda": 2,
  "mildigas": 1,
  "militado": -2,
  "milito": -2,
  "minacaj": -2,
  "minacanta": -1,
  "minacantaj": -1,
  "minacas": -2,
  "minacata": -2,
  "minaco": -2,
  "minacoj": -2,
  "miopa": -2,
  "miraklo": 4,
  "miregigita": -2,
  "miriga": 5,
  "mirigas": 3,
  "mirigi": 2,
  "mirigita": 2,
  "mirigitaj": 3,
  "mirinda": 4,
  "mirindaĵoj": 3,
  "mirinde": 4,
  "mirthful": 3,
  "mirthfully": 3,
  "misa": -3,
  "misbehave": -2,
  "misbehaving": -2,
  "misbranding": -3,
  "miscast": -2,
  "misclassified": -2,
  "misclassifies": -2,
  "misclassify": -2,
  "misconducted": -2,
  "misconducting": -2,
  "misconducts": -2,
  "misfamigi": -2,
  "misfire": -2,
  "misfunkcio": -2,
  "misinformado": -2,
  "misinformis": -2,
  "miskomprenas": -2,
  "miskompreni": -2,
  "miskomprenis": -2,
  "miskompreno": -2,
  "miskondutas": -2,
  "miskondutis": -2,
  "miskonduto": -2,
  "misleaded": -3,
  "mislegis": -1,
  "misplace": -2,
  "misplaced": -2,
  "misplaces": -2,
  "misplacing": -2,
  "misprezenti": -2,
  "misprezento": -2,
  "misprezentoj": -2,
  "misprezentus": -2,
  "mispricing": -3,
  "misreport": -2,
  "misreported": -2,
  "misreporting": -2,
  "misreports": -2,
  "misrepresenting": -2,
  "misreprezentas": -2,
  "missed": -2,
  "misuzan": -3,
  "misuzi": -2,
  "misuzita": -2,
  "misuzo": -2,
  "misuzoj": -3,
  "mito": -1,
  "mizera": -3,
  "mizeran": -3,
  "mizere": -3,
  "moderniga": 2,
  "modernigas": 2,
  "modernigi": 2,
  "modernigitaj": 2,
  "mok": -2,
  "mokado": -2,
  "mokanta": -2,
  "mokas": -2,
  "mokridis": -2,
  "mola": 2,
  "mongering": -2,
  "monopoligi": -2,
  "monopoligis": -2,
  "monotona": -1,
  "monpunoj": -2,
  "mope": -1,
  "morna": -2,
  "mortanta": -3,
  "mortas pro malsano": -2,
  "mortero": -3,
  "morti": -3,
  "mortiga": -2,
  "mortigas": -3,
  "mortigita": -3,
  "mortigo": -3,
  "mortiĝoj": -3,
  "mortigu": -3,
  "mortintoj": -3,
  "mortis": -3,
  "morto": -2,
  "mortoj": -2,
  "motherfucker": -5,
  "motherfucking": -5,
  "motivado": 1,
  "motivi": 1,
  "motivita": 2,
  "multampleksa": 2,
  "mumpish": -2,
  "murdema": -3,
  "murdisto": -2,
  "murdo": -2,
  "murdoj": -2,
  "musaraña": -4,
  "mutaj": -3,
  "n00b": -2,
  "naiva": -2,
  "naivaj": -2,
  "narcisismo": -2,
  "naskis": -2,
  "naturaj": 1,
  "naŭza": -2,
  "naŭzigaj": -2,
  "naŭzoplena": -3,
  "ne aprobita": -2,
  "Ne bona": -2,
  "ne funkcianta": -3,
  "ne funkcias": -3,
  "neadekvataj": -2,
  "neakceptebla": -2,
  "neanta": -2,
  "neaprobitaj": -2,
  "neas": -2,
  "nebonajn agojn": -2,
  "necerta": -1,
  "necesbezonoj": -2,
  "nedecidita": -1,
  "nedetruebla": 2,
  "nedeziratajn": -2,
  "nedezirindaj": -2,
  "neebligas": -1,
  "neelporteblan": -2,
  "nefokusitan": -2,
  "negadores": -2,
  "negativajn": -2,
  "negatividad": -2,
  "neglektas": -1,
  "neglektita": -2,
  "neglekto": -2,
  "Negroj": -5,
  "nei": -2,
  "neimponita": -2,
  "neintenca": -2,
  "neinversigebla": -1,
  "neinversigeble": -1,
  "nekapabla": -2,
  "nekapablaj": -2,
  "neklaraj": -2,
  "nekoheraj": -2,
  "nekomparebla": 1,
  "nekompetenta": -2,
  "nekompetenteco": -2,
  "nekompletaj": -1,
  "nekomprenebla": -2,
  "nekonfirmitaj": -1,
  "nekonscia": -2,
  "nekonvinkitaj": -1,
  "nekredanta": -1,
  "nekredebla": -1,
  "nekreditita": -1,
  "neleĝa": -3,
  "nelogika": -2,
  "nemalbriliĝita": 2,
  "neniu": -1,
  "neniu amuzo": -3,
  "neo": -2,
  "neoj": -2,
  "nepara": -2,
  "nepardonebla": -3,
  "neperfekta": -2,
  "neplenumita": -2,
  "neplibonigeblaj": 5,
  "neprofesia": -2,
  "neproporcia": -2,
  "nepropra": -2,
  "neprudenta": -2,
  "neracia": -1,
  "nerespondeca": -2,
  "nerezistebla": 2,
  "nerezisteble": 2,
  "neriparebla": -2,
  "nerompita": 2,
  "nervoj": -1,
  "nervoza": -2,
  "nervoze": -2,
  "nescienca": -2,
  "nescio": -2,
  "nesekura": -2,
  "nesolventa": -2,
  "nesubtenata": -2,
  "nesufiĉa": -2,
  "nesufiĉe": -2,
  "netaŭga": -2,
  "nevenkebla": 2,
  "neverŝajna": -1,
  "nevundebla": 2,
  "nifty": 2,
  "nigger": -5,
  "nobla": 2,
  "noblaj": 2,
  "nocas": -2,
  "Nosy": -2,
  "novigi": 1,
  "novigo": 1,
  "Novulo": -2,
  "nubeca": -1,
  "nuksoj": -3,
  "nuligante": -1,
  "nuligas": -1,
  "nuligi": -1,
  "nuligita": -1,
  "Numb": -1,
  "nutrado": 2,
  "oblikvo": -2,
  "obscena": -2,
  "obscenaĵo": -2,
  "obsedita": 2,
  "obstaklo": -2,
  "obstakloj": -2,
  "obstina": -2,
  "obstrukci": -2,
  "obstrukcis": -2,
  "obstrukco": -2,
  "obtuza": -2,
  "ofendanta": -2,
  "ofendas": -2,
  "ofendi": -2,
  "ofendis": -2,
  "ofenditaj": -1,
  "ofendo": -2,
  "ofendoj": -2,
  "ofensive": -2,
  "ofensivo": -2,
  "offline": -1,
  "okazigas": 3,
  "okazigo": 3,
  "Oks": 2,
  "oksimoro": -1,
  "oops": -2,
  "optimisma": 2,
  "optimismo": 2,
  "optionless": -2,
  "oro": 2,
  "ostracize": -2,
  "ostracizes": -2,
  "Ouch": -2,
  "outage": -2,
  "outmaneuvered": -2,
  "outreach": 2,
  "overan": -2,
  "overreact": -2,
  "overreacted": -2,
  "overreaction": -2,
  "overreacts": -2,
  "oversell": -2,
  "overselling": -2,
  "oversells": -2,
  "oversimplifies": -2,
  "oversimplify": -2,
  "oversold": -2,
  "overstatements": -2,
  "pacaj": 2,
  "pace": 2,
  "pacigi": 2,
  "pacigi al la electores": 2,
  "pacigita": 2,
  "paco": 2,
  "pafado": -2,
  "pafi": -1,
  "pafilo": -1,
  "pagebla": 2,
  "pagi": -1,
  "panika": -1,
  "panikis": -3,
  "panikoj": -3,
  "panikon": -3,
  "paradizo": 3,
  "paradokson": -1,
  "pardonanta": 1,
  "pardoni": 2,
  "pardonis": 2,
  "pardonojn": 2,
  "pardonon": 2,
  "pardonpeti": -1,
  "pardonpetis": -1,
  "pardonpeto": -1,
  "Parley": -1,
  "partian": -2,
  "paruoj": -2,
  "pasaĝerino": -2,
  "pasiaj": 2,
  "pasio": 1,
  "pasivaj": -1,
  "pasive": -1,
  "patosa": -2,
  "paŭta": -2,
  "pavante": 3,
  "peka": -3,
  "peko": -2,
  "pekojn": -2,
  "peniga": -2,
  "pensema": 2,
  "pentrinda": 2,
  "perdanta": -3,
  "perdas": -3,
  "perditaj": -3,
  "perdo": -3,
  "perdoj": -3,
  "perfekta": 3,
  "perfekte": 3,
  "perfekteco": 3,
  "perfektigis": 2,
  "perfidaj": -3,
  "perfidas": -3,
  "perfidi": -3,
  "perfidis": -3,
  "perfido": -3,
  "perfortajn": -3,
  "perfortas": -2,
  "perforte": -3,
  "perforto": -3,
  "perfortorilatajn": -3,
  "Peril": -2,
  "perjurio": -3,
  "permesite": 1,
  "permesus": 1,
  "perpleksa": -2,
  "persekutadas": -3,
  "persekutaditaj": -3,
  "persekutantoj": -2,
  "persekutas": -2,
  "persekutata": -2,
  "persekutataj": -2,
  "perspektivoj": 1,
  "persvadi": 1,
  "perturbas": -2,
  "perturbita": -2,
  "pervertido": -3,
  "pesimisma": -2,
  "pesimismo": -2,
  "pestoj": -3,
  "peto": -1,
  "pikis": -2,
  "pikojn": -2,
  "piku": -2,
  "pioniraj": 2,
  "pis": -4,
  "pisis": -4,
  "pissing": -3,
  "plaĉo": 2,
  "plagado": -3,
  "plaguing": -3,
  "planita murdo": -3,
  "platigi": 2,
  "pledis": 2,
  "plej": 3,
  "plej freneza": -2,
  "plej malbona": -3,
  "plej malsupra": -1,
  "plejboneco": 3,
  "plendanta": -2,
  "plendas": -2,
  "plendi": -2,
  "plendis": -2,
  "plendo": -2,
  "plendoj": -2,
  "plenumas": 2,
  "plenumi": 2,
  "plenumita": 2,
  "plenumo": 2,
  "plenumoj": 2,
  "plezuriga": 3,
  "plezurigaj": 3,
  "plezuro": 3,
  "plezuroj": 3,
  "pli freneza": -2,
  "pliakrigas": -2,
  "plibonigado": 2,
  "plibonigas": 2,
  "plibonigi": 2,
  "plibonigita": 2,
  "plibonigo": 2,
  "plifortigon": 2,
  "pligrandigi": 1,
  "pligravigas": -2,
  "pligravigi": -2,
  "pligravigis": -2,
  "pliigi": 1,
  "pliigita": 1,
  "plilongigi": 1,
  "plimalboniga": -2,
  "plimalbonigas": -3,
  "plimalbonigi": -3,
  "plimalboniĝi": -2,
  "plimalbonigis": -3,
  "plimalboniĝis": -2,
  "plimalboniĝo": -3,
  "plimultis": -2,
  "pliseverigi": -2,
  "pliseverigita": -2,
  "plodding": -2,
  "ploris": -2,
  "ploro": -2,
  "plozivoj": -1,
  "pluva": -1,
  "polemika": -2,
  "poluado": -2,
  "poluadoj": -2,
  "poluanto": -2,
  "poluantoj": -2,
  "poluas": -2,
  "polucias": -2,
  "polucio": -2,
  "polui": -2,
  "polurita": 2,
  "ponardita": -2,
  "ponardopiko": -2,
  "populara": 3,
  "populareco": 3,
  "posesiva": -2,
  "posttraŭmata": -2,
  "postrestas": -2,
  "postrestis": -2,
  "postulante": -1,
  "postulas": -1,
  "postulis": -1,
  "postuloj": -1,
  "postvivantaj": 2,
  "postvivanto": 2,
  "postvivita": 2,
  "potenca": 2,
  "povas \"t staras": -3,
  "povigi": 2,
  "povigo": 2,
  "pozitivaj": 2,
  "pozitive": 2,
  "prave": 2,
  "praviganto": 2,
  "pravigita": 2,
  "pravigitaj": 2,
  "prblm": -2,
  "prblms": -2,
  "preĝanta": 1,
  "preĝas": 1,
  "pregxu": 1,
  "premadita": -2,
  "premgrupoj": -2,
  "premio": 3,
  "premioj": 3,
  "premiteco": -2,
  "premo": -1,
  "preparita": 1,
  "preta": -2,
  "preteco": 2,
  "preteratentita": -1,
  "prick": -5,
  "pridemandado": -1,
  "pridemandis": -1,
  "pridemanditaj": -2,
  "pridisputita": -2,
  "primicia": 3,
  "priplukante": -3,
  "priplukas": -3,
  "prirezignita": -2,
  "privilegia": 2,
  "prizorgo": 2,
  "proactiva": 2,
  "problemo": -2,
  "problemoj": -2,
  "procesi": -1,
  "procesigitaj": -2,
  "procesigo": -1,
  "proceso": -1,
  "procesoj": -2,
  "profesinivele": 2,
  "profita": 2,
  "profitigante": 2,
  "profitigis": 2,
  "profito": 2,
  "profitoj": 2,
  "profunde frapitaj": -2,
  "progresinta": 1,
  "progreso": 2,
  "prokrastado": -1,
  "prokrastante": -1,
  "prokrastas": -1,
  "prokrasti": -1,
  "prokrastis": -1,
  "prokrastita": -1,
  "prokrastitaj": -2,
  "prokrasto": -1,
  "promesis": 1,
  "promeso": 1,
  "promesoj": 1,
  "propagandanta": -2,
  "propagandas": -2,
  "propagandita": -2,
  "propagando": -2,
  "propekaj kaproj": -2,
  "prosecutes": -1,
  "proskribita": -2,
  "prospero": 3,
  "protektitaj": 1,
  "protektu": 1,
  "protestantoj": -2,
  "protestego": -2,
  "protestis": -2,
  "protesto": -2,
  "protestoj": -2,
  "provokis": -1,
  "prudento": 2,
  "prudenton": 2,
  "pseŭdoscienco": -3,
  "psikopatia": -2,
  "punadis": -3,
  "punaj": -2,
  "punanta": -2,
  "punante": -2,
  "punas": -2,
  "puni": -2,
  "punis": -3,
  "punita": -2,
  "punitaj": -2,
  "puno": -2,
  "punu": -3,
  "pura": 2,
  "puraj": 1,
  "purest": 1,
  "purigisto": 2,
  "pushy": -1,
  "putraj": -3,
  "putras": -2,
  "rabado": -2,
  "rabaj": -2,
  "rabataĵo": 2,
  "rabi": -2,
  "rabisto": -2,
  "rabitan": -2,
  "racista": -3,
  "rafinas": 1,
  "rafinitaj": 1,
  "rageful": -2,
  "rankora": -2,
  "rant": -3,
  "ranter": -3,
  "ranters": -3,
  "rapide": 2,
  "rapidkuraj": 2,
  "raptured": 2,
  "rapturous": 4,
  "rasismo": -3,
  "rasistoj": -3,
  "ratifita": 2,
  "ravita": 5,
  "ravo": 2,
  "realigo": 2,
  "recesio": -2,
  "redukti": -2,
  "reflosigon": -2,
  "refrescantemente": 2,
  "rehabilitis": 2,
  "reivindica": 2,
  "reivindicando": 2,
  "rekomendantaj": 2,
  "rekomendas": 2,
  "rekomendita": 2,
  "rekomendus": 2,
  "rekompencanta": 2,
  "rekompenco": 2,
  "rekompencoj": 2,
  "rekompensita": 2,
  "rekono": 2,
  "rekonon": 2,
  "rektaj": 1,
  "rekupero": 2,
  "relishing": 2,
  "remachado": 3,
  "remordimiento": -2,
  "renversema": -2,
  "renversiĝo": -2,
  "repelente": -2,
  "reprende": -3,
  "reprimendas": -2,
  "respektata": 2,
  "respekto": 2,
  "respektoj": 2,
  "respondecaj": 2,
  "respondeco": 1,
  "respondema": 2,
  "restarigas": 1,
  "restarigis": 1,
  "restaŭrante": 1,
  "restaŭri": 1,
  "restful": 2,
  "restriktu": -2,
  "reteni": -2,
  "retenis": -2,
  "retenita": -1,
  "retiriĝo": -1,
  "revivigas": 2,
  "revivigi": 2,
  "revoj": 1,
  "rezigni": -1,
  "rezoluta": 2,
  "ribeli": -2,
  "ribelon": -2,
  "ribeluloj": -2,
  "riĉa": 2,
  "riĉaj": 2,
  "riĉan": 2,
  "riĉe": 2,
  "riĉeco": 3,
  "ridanta": 1,
  "ridetantaj": 2,
  "ridetis": 2,
  "rideto": 2,
  "ridetoj": 2,
  "ridindaj": -3,
  "ridindega": -3,
  "ridis": 1,
  "rido": 1,
  "ridoj": 1,
  "rifuzas": -2,
  "rifuzi": -2,
  "rifuzis": -2,
  "rigita": -1,
  "rigo": -1,
  "rigora": 3,
  "rigore": 3,
  "rimarkindaj": 2,
  "riproĉa": -2,
  "riproĉante": -2,
  "riproĉi": -2,
  "riproĉis": -2,
  "riska": -2,
  "risko": -2,
  "riskoj": -2,
  "robing": -2,
  "rofl": 4,
  "roflcopter": 4,
  "roflmao": 4,
  "romano": 2,
  "romantical": 2,
  "romantike": 2,
  "rompado": -2,
  "rompi": -2,
  "rompis": -1,
  "rompita": -1,
  "rotfl": 4,
  "rotflmfao": 4,
  "rotflol": 4,
  "rubejojn": -1,
  "rubo": -1,
  "ruinigi": -2,
  "ruinigitaj": -2,
  "ruiniĝo": -2,
  "ruino": -2,
  "ruinoj": -2,
  "ruza": 2,
  "ruztrompis": -2,
  "sabotado": -2,
  "saĝa": 2,
  "saĝo": 1,
  "ŝajnigante": -1,
  "ŝajnigi": -1,
  "ŝajnigu": -1,
  "salaton": -2,
  "salutas": 2,
  "saluti": 1,
  "salutis": 2,
  "salutita": 1,
  "saluto": 2,
  "salutojn": 2,
  "sanaj": 2,
  "ŝancele": -2,
  "ŝanco": 2,
  "ŝancoj": 2,
  "ŝancojn": 2,
  "sangaj": -3,
  "sappy": -1,
  "ŝarĝita": -3,
  "ŝarĝo": -2,
  "ŝargoj": -2,
  "ŝarĝojn": -2,
  "sarkasmaj": -2,
  "sata": -3,
  "ŝatantoj": 2,
  "ŝatata": 2,
  "ŝatataj": 2,
  "ŝati": 2,
  "ŝatinda": 2,
  "ŝatis": 2,
  "savange": -2,
  "savanges": -2,
  "savo": 2,
  "savoj": 2,
  "scivola": 1,
  "scum": -3,
  "scumbag": -4,
  "sedicioso": -2,
  "seksatenco": -4,
  "seksismaj": -2,
  "seksperfortadoj": -2,
  "seksperfortis": -2,
  "sekura": 2,
  "sekureco": 1,
  "sekurigita": 2,
  "sekurkopion": 1,
  "sen vendi": -1,
  "senagado": -2,
  "senantaŭjuĝa": 2,
  "sencela": -2,
  "sendanĝere": 1,
  "sendanka": -3,
  "sendefenda": -2,
  "sendenta": -2,
  "sendormeco": -2,
  "senefika": -2,
  "senefikeco": -2,
  "senegala": 2,
  "senespera": -3,
  "senesperaj": -2,
  "senesperan": -2,
  "senespereco": -2,
  "seneventa": -2,
  "senfantazia": -2,
  "senfervorigite": -2,
  "senfruktaj": -2,
  "senĝoja": -2,
  "sengusta": -2,
  "senhavuloj": -2,
  "senhejmaj": -2,
  "senhelpaj": -2,
  "senhonta": -2,
  "senigo": -3,
  "seniluziiga": -2,
  "seniluziigita": -2,
  "seniluziiĝo": -2,
  "seniluziiĝojn": -2,
  "seninfanigis min": -2,
  "seninfanigos": -2,
  "seninfanigxis": -2,
  "senjunta": 2,
  "senjunte": 2,
  "senkapabligante": -2,
  "senkapabligas": -2,
  "senkapabligita": -2,
  "senkompata": -1,
  "senkomprena": -2,
  "senkoncerna": -2,
  "senkoneksa": -2,
  "senkonsola": -2,
  "senkora": -2,
  "senkreditigita": -2,
  "senkulpa": 2,
  "senkulpigante": -1,
  "senkulpigas": -1,
  "senkulpigita": 2,
  "senkuragxa": -2,
  "senlaboreco": -2,
  "senlaboruloj": -1,
  "senmakula": 2,
  "senmanka": 2,
  "senmorta": 2,
  "senmoviĝas": -1,
  "senmoviĝita": -2,
  "senpacienca": -2,
  "senpene": 2,
  "senpova": -2,
  "senpripensa": -2,
  "senprizorga": -2,
  "senprokraste": 1,
  "senresponse": -2,
  "sensaciojn": -2,
  "sensacion": -2,
  "sensagxa": -2,
  "senscia": -2,
  "sensencaĵo": -2,
  "sensenta": -2,
  "sensignifa": -2,
  "sensukcese": -2,
  "Sentante": 2,
  "sentaŭgeco": -2,
  "sentemo": -2,
  "sentima": 2,
  "sentimeco": 2,
  "sento": 1,
  "senutila": -2,
  "senutileco": -2,
  "senvalora": -2,
  "senviva": -1,
  "senvivecon": -2,
  "senzorga": -2,
  "ŝercema": 2,
  "ŝerco": 2,
  "ŝercoj": 2,
  "serena": 2,
  "serioza": 2,
  "servigis": -2,
  "setlejo": 1,
  "severa": -2,
  "severaj": -2,
  "severajn": -2,
  "severe": -2,
  "severeco": -2,
  "sexistic": -2,
  "sexy": 3,
  "shithead": -4,
  "shoody": -2,
  "signifa": 1,
  "signifo": 1,
  "signifoplena": 2,
  "ŝika": 3,
  "silenciamiento": -1,
  "similaĵoj": 2,
  "simpatia": 2,
  "simpáticos": 2,
  "simplanima": -2,
  "simpleco": 1,
  "simplificación": -2,
  "sincera": 2,
  "sincerajn": 2,
  "sincere": 2,
  "sincereco": 2,
  "sindonema": 3,
  "sindono": 2,
  "singarda": -1,
  "singarde": 2,
  "singleminded": -2,
  "sinistra": -2,
  "ŝiprompiĝo": -2,
  "ŝirita": -2,
  "ŝirkriis": -2,
  "ŝirmi": 1,
  "skandala": -3,
  "skandalaj": -3,
  "skandalo": -3,
  "skandaloj": -3,
  "skeptika": -2,
  "skeptiko": -2,
  "skeptikulo": -2,
  "skeptikuloj": -2,
  "sklaveco": -3,
  "sklavigas": -2,
  "sklavigi": -2,
  "sklavigita": -2,
  "sklavo": -3,
  "sklavoj": -3,
  "skoldkritikoj": -3,
  "slashing": -2,
  "ŝlemo": -2,
  "slicker": 2,
  "slickest": 2,
  "slip": -1,
  "slumping": -1,
  "slut": -5,
  "ŝmiro": -2,
  "smog": -2,
  "smuggles": -2,
  "snubbed": -2,
  "snubbing": -2,
  "sobornos": -3,
  "sobrepeso": -1,
  "sobreprotector": -2,
  "ŝoka": -2,
  "ŝokanta": -3,
  "ŝokita": -2,
  "ŝoko": -2,
  "ŝokoj": -2,
  "sole": -2,
  "soleca": -2,
  "solena": -1,
  "solida": 2,
  "solidareco": 2,
  "solidigante": 2,
  "solvado": 2,
  "solvaĵo": 1,
  "solvanta": 1,
  "solvas": 1,
  "solvi": 2,
  "solvita": 1,
  "solvoj": 1,
  "son of a bitch": -5,
  "sonĝi": 1,
  "sopirado": -1,
  "sopiro": 1,
  "sorbita": 1,
  "sorĉita": -2,
  "sorto": 3,
  "spaman": -2,
  "spamistoj": -3,
  "spammer": -3,
  "spamo": -2,
  "ŝparadoj": 1,
  "ŝpari": 2,
  "speco": 2,
  "spekulativa": -2,
  "spiritless": -2,
  "spirito": 1,
  "splititaj": -2,
  "sprita": 2,
  "ŝraŭbita": -2,
  "stabila": 2,
  "Stalling": -2,
  "stamina": 2,
  "stariĝi": -2,
  "Starved": -2,
  "ŝtelado": -2,
  "ŝtelas": -2,
  "ŝteli": -2,
  "ŝtelis": -2,
  "ŝtelisto": -2,
  "ŝtelita": -2,
  "ŝtelo": -2,
  "ŝtelu": -2,
  "stereotipaj": -2,
  "stereotipo": -2,
  "stimulanta": 2,
  "stimulas": 1,
  "stimuli": 1,
  "stimulis": 1,
  "stinked": -2,
  "stinker": -2,
  "Stinky": -2,
  "stipendioj": 1,
  "ŝtipoj": -3,
  "ŝtoniĝinta": -2,
  "strangajn": -1,
  "strange": -1,
  "strangolis": -2,
  "streĉa": -2,
  "streĉiĝo": -1,
  "streso": -1,
  "stressor": -2,
  "stressors": -2,
  "strikantoj": -2,
  "strikoj": -1,
  "strikon": -1,
  "stultaj": -2,
  "stulte": -2,
  "stulteco": -3,
  "stultulo": -3,
  "sturmo": -2,
  "sturmoj": -2,
  "subaĉeti": -3,
  "subaĉetita": -3,
  "subaĉeto": -3,
  "subakvigita": -2,
  "subfosado": -2,
  "subfosas": -2,
  "subfosis": -2,
  "subpoena": -2,
  "subpremado": -2,
  "subpremaj": -2,
  "subpremataj": -2,
  "substanca": 1,
  "substance": 1,
  "subtaksas": -1,
  "subtaksi": -1,
  "subtaksis": -1,
  "subtena": 2,
  "subtenanto": 1,
  "subtenantoj": 1,
  "subtenas": 2,
  "subteno": 2,
  "suĉas": -3,
  "suĉi": -3,
  "sue": -2,
  "sueing": -2,
  "sueltos": -3,
  "Sues": -2,
  "suferanta": -2,
  "suferanto": -2,
  "suferantoj": -2,
  "suferanton": -2,
  "suferas": -2,
  "suferigo": -1,
  "suferis": -2,
  "suferos": -2,
  "sufokas": -2,
  "sufokiĝi": -2,
  "sufokis": -2,
  "sufokitaj": -1,
  "suicido": -2,
  "sukcedi": 3,
  "sukcedita": 3,
  "sukcesa": 3,
  "sukcesanta": 3,
  "sukcesas": 3,
  "sukcese": 3,
  "sukceso": 2,
  "ŝuldo": -2,
  "sulking": -2,
  "sunbrilo": 2,
  "supera": 4,
  "superakvi": -2,
  "superba": 3,
  "superfeliĉa": 4,
  "superreaganta": -2,
  "superŝarĝas": -1,
  "supro": 2,
  "suproj": 2,
  "surdiga": -1,
  "surhavanta": -2,
  "surŝipe": 1,
  "suspektante": -1,
  "suspektato": -1,
  "suspektatoj": -1,
  "suspektema": -2,
  "suspektita": -1,
  "susto": -2,
  "sxercis": -2,
  "tale": -3,
  "talenton": 2,
  "tard": -2,
  "tarnishes": -2,
  "taŭga": 2,
  "taŭge": 2,
  "taŭgeco": 1,
  "tedas": -2,
  "teksilo": -1,
  "teksiloj": -1,
  "temerara": -2,
  "teneraj": 3,
  "tenereco": 2,
  "ternas": -2,
  "terni": -2,
  "ternis": -2,
  "terorigi": -3,
  "teroris": -3,
  "teroristo": -2,
  "teroristoj": -2,
  "teroro": -3,
  "terrifically": 4,
  "terura": -2,
  "teruraj": -3,
  "terure": -3,
  "Terure": -2,
  "teruriga": -2,
  "terurita": -3,
  "timante": -2,
  "timas": -2,
  "timas reveni": -2,
  "time": -2,
  "timegis": -2,
  "timema": -2,
  "timida": -1,
  "timiga": -2,
  "timigado": -2,
  "timiganta": -2,
  "timigi": -2,
  "timigita": -2,
  "timindaj": -2,
  "timo": -2,
  "tirana": -3,
  "titolita": 1,
  "toksaj": -3,
  "tolerema": 2,
  "toleremo": 2,
  "tombo": -2,
  "tornas": 2,
  "torturante": -4,
  "torturo": -4,
  "torturoj": -4,
  "totalismaj": -2,
  "totalismo": -2,
  "tout": -2,
  "tragedio": -2,
  "tragedioj": -2,
  "tragikaj": -2,
  "tramposo": -3,
  "tramposos": -3,
  "tranĉante": -1,
  "tranĉo": -1,
  "tranĉoj": -1,
  "trankvila": 2,
  "trankviliga": 3,
  "trankviligante": 2,
  "trankviligas": 2,
  "trankviligi": 3,
  "trankviligis": 3,
  "trankviligita": 2,
  "trankvilo": 2,
  "traŭmata": -3,
  "traŭmato": -3,
  "travesty": -2,
  "tremanta": -2,
  "tremante": -2,
  "tremo": -2,
  "tremoj": -2,
  "trenas": -1,
  "treni": -1,
  "trenis": -1,
  "trezoro": 2,
  "trezoroj": 2,
  "tributo": 2,
  "triumfa": 4,
  "triumfo": 4,
  "troigante": -2,
  "troigas": -2,
  "troigi": -2,
  "troigita": -2,
  "troigo": -2,
  "troll": -2,
  "tromemfida": -2,
  "trompado": -2,
  "trompaj": -3,
  "trompanta": -3,
  "trompantoj": -3,
  "trompi": -3,
  "trompita": -2,
  "trompitaj": -3,
  "trompo": -2,
  "trompulojn": -2,
  "troŝarĝitaj": -3,
  "trosimpligita": -2,
  "trouzantaj": -3,
  "trouzitaj": -3,
  "trudi": -1,
  "trustoj": 1,
  "tumoro": -2,
  "tumulti": -2,
  "tumulto": -3,
  "tumultoj": -2,
  "turis": -1,
  "turmenta": -3,
  "turmentaj": -1,
  "turmentita": -4,
  "twat": -5,
  "tyran": -3,
  "tyrannic": -3,
  "tyrannically": -3,
  "tyrans": -3,
  "uf": -2,
  "unappeasable": -2,
  "unappreciated": -2,
  "undercooked": -2,
  "underperform": -2,
  "underperformed": -2,
  "underperforming": -2,
  "underperforms": -2,
  "unfitted": -2,
  "ungenerous": -2,
  "uninvolving": -2,
  "unlovable": -2,
  "unmotivated": -2,
  "unparliamentary": -2,
  "unreleting": -2,
  "unresearched": -2,
  "unsecured": -2,
  "unufoje en la vivo": 3,
  "unuiĝinta": 1,
  "unuigita": 1,
  "urĝa": -1,
  "urĝe": -3,
  "utila": 2,
  "utiliginta": -2,
  "utilo": 2,
  "validigas": 1,
  "validigi": 1,
  "validigitaj": 1,
  "valora": 2,
  "valoraĵo": 2,
  "vana": -2,
  "vandaleco": -2,
  "vanigas": -2,
  "varmajn": 1,
  "varmo": 2,
  "vastajn": 1,
  "ve": -1,
  "venenita": -2,
  "venenoj": -2,
  "venenon": -2,
  "vengador": -2,
  "vengadores": -2,
  "venĝanto": -2,
  "venĝas": -2,
  "venĝi": -2,
  "venĝo": -2,
  "vengxema": -2,
  "venkinto": 3,
  "venkintoj": 3,
  "venkita": -2,
  "venkoj": 4,
  "venkon": 3,
  "ventajosamente": 2,
  "veraj": 2,
  "verda lavi": -3,
  "verda lavon": -3,
  "verdiktoj": -1,
  "verdikton": -1,
  "vermborita": -2,
  "vibra": 3,
  "vicioso": -2,
  "victimize": -3,
  "victimizes": -3,
  "victimizing": -3,
  "videbla": 2,
  "vidvigita": -1,
  "vigla": 2,
  "viglan": 2,
  "vigleco": 3,
  "viglecon": 3,
  "vigliga": 3,
  "viktimigita": -3,
  "viktimo": -2,
  "viktimoj": -3,
  "violador": -4,
  "virta": 2,
  "virulenta": -2,
  "visioning": 1,
  "vitamino": 1,
  "vitriolic": -3,
  "vivacious": 3,
  "vivas": 1,
  "vizioj": 1,
  "vizion": 1,
  "viziulo": 3,
  "vociferantemente": -1,
  "vokante": 2,
  "volante": 2,
  "volas": 1,
  "vomadon": -3,
  "vomaĵo": -3,
  "vomis": -3,
  "vómitos": -3,
  "vundebla": -2,
  "vundebleco": -2,
  "vundis": -2,
  "vundoj": -2,
  "walkouts": -2,
  "Wanker": -3,
  "warmhearted": 2,
  "warmness": 2,
  "weird": -2,
  "winwin": 3,
  "woebegone": -2,
  "won": 3,
  "woo": 3,
  "woohoo": 3,
  "Wooo": 4,
  "woow": 4,
  "wow": 4,
  "WOWOW": 4,
  "wowww": 4,
  "WTF": -4,
  "wtff": -4,
  "wtfff": -4,
  "Xo": 3,
  "XOXO": 3,
  "xoxoxo": 4,
  "xoxoxoxo": 4,
  "yeah": 1,
  "yeees": 2,
  "yucky": -2,
  "yummy": 3,
  "zeloto": -2,
  "zelotoj": -2,
  "zorgado": -2,
  "zorganta": 2,
  "zorgema": 2,
  "zorgi": -3,
  "zorgiga": -3,
  "zorgiganta": -2,
  "zorgoj": 2
}