{
  "Chymesur": 2,
  "Groomed": 2,
  "Hen sefydlu": 2,
  "a osodwyd": -1,
  "a phob adran": 2,
  "a roddwyd": 1,
  "abductions": -2,
  "absennol": -1,
  "accomplishes": 2,
  "achos cynnen": -3,
  "achosion": -2,
  "achosion o dwyll": -4,
  "achoswyd": -2,
  "achub": 2,
  "acolâd": 2,
  "acquits": 2,
  "acquitting": 2,
  "adael": -1,
  "addas": 2,
  "addawyd": 1,
  "addewid": 1,
  "addewidion": 1,
  "addoli": 3,
  "adfail": -2,
  "adfeiliedig": -2,
  "adfeilion": -2,
  "adfer": 1,
  "adfywio": 2,
  "adorable": 3,
  "adoration": 3,
  "adores": 3,
  "adoringly": 3,
  "aeddfed": 2,
  "aer": -2,
  "aeth heibio i": -2,
  "afaelgar": 2,
  "affectionateness": 3,
  "afiach": -2,
  "aficionados": 2,
  "afieithus": 4,
  "aflonydd": -2,
  "aflonyddgar": -2,
  "aflonyddu": -3,
  "aflonyddwch": -2,
  "aflwyddiannus": -2,
  "afresymegol": -2,
  "afresymol": -1,
  "aggravates": -2,
  "agog": 2,
  "agonises": -3,
  "agonize": -3,
  "agonized": -3,
  "agonizes": -3,
  "agored": -1,
  "agored i niwed": -2,
  "agosatrwydd": 2,
  "alarmists": -2,
  "alaru": -2,
  "alas": -1,
  "alergaidd": -2,
  "allgáu": -1,
  "allgymorth": 2,
  "alltudio": -2,
  "allu gwrthsefyll": 2,
  "amau": -1,
  "amaze": 2,
  "amddifadedd": -3,
  "amddifadu": -2,
  "amddiffynnwr": 2,
  "amddiffynwyr": 2,
  "amgylcheddgyfeillgar": 2,
  "amharchu": -2,
  "amhariadau": -2,
  "amharod": -2,
  "amharu": -2,
  "amharu ar": -2,
  "amhendant": -2,
  "amherffaith": -2,
  "amheuaeth": -2,
  "amheuir": -1,
  "amheuon": -1,
  "amheus": -1,
  "amheuwyr": -2,
  "amhriodol": -2,
  "amhroffesiynol": -2,
  "amlwg": 1,
  "amser": -2,
  "amsugno": 1,
  "amwys": -2,
  "anabledd": -2,
  "anableddau": -2,
  "anablu": -1,
  "anaddas": -2,
  "anadferadwy": -2,
  "anaf": -2,
  "anafedig": -2,
  "anafiadau": -2,
  "anallu": -2,
  "analluog": -2,
  "analluogi": -2,
  "aneddiadau": 1,
  "aneffeithiol": -2,
  "aneffeithlon": -2,
  "aneffeithlonrwydd": -2,
  "aneglur": -1,
  "anesmwyth": -2,
  "anesmwythyd": -2,
  "anfaddeugar": -2,
  "anfaddeuol": -3,
  "anfantais": -2,
  "anfarwol": 2,
  "anffafriol": -2,
  "anffawd": -2,
  "anffodus": -2,
  "anffurfiad": -2,
  "anffurfiadau": -2,
  "anfodlon": -2,
  "anfodlonrwydd": -2,
  "anfoesegol": -2,
  "anfri": -2,
  "anfwriadol": -2,
  "angerdd": 1,
  "angerddol": 2,
  "Angers": -3,
  "anghenus": -2,
  "angheuol": -3,
  "anghildroadwy": -1,
  "anghofiadwy": -1,
  "anghofio": -1,
  "anghofus": -2,
  "anghredadwy": -1,
  "anghrediniol": -1,
  "anghwrtais": -2,
  "anghydfod": -2,
  "anghydfod yn eu cylch": -2,
  "anghydfodau": -2,
  "anghyfartal": -1,
  "anghyfforddus": -2,
  "anghyfiawn": -2,
  "anghyfiawnder": -2,
  "anghyflawn": -1,
  "anghyfleus": -2,
  "anghyfleustra": -2,
  "anghyfreithlon": -3,
  "anghyfrifol": -2,
  "anghymeradwyaeth": -2,
  "anghymeradwyo": -2,
  "anghymesur": -2,
  "anghymhwysedd": -2,
  "anghymhwyso": -2,
  "anghymwys": -2,
  "anghysur": -2,
  "anghytgord": -2,
  "anghytundeb": -2,
  "anghytuno": -2,
  "anghywir": -2,
  "angladd": -1,
  "angladdau": -1,
  "angof": -1,
  "anguish": -3,
  "anhaeddiannol": -2,
  "anhapus": -2,
  "anhapusrwydd": -2,
  "anheddiad": 1,
  "anhrefn": -2,
  "anhrefnus": -2,
  "anhunanol": 2,
  "anhunedd": -2,
  "anhwylderau": -2,
  "anhyblygrwydd": -2,
  "anhygoel": 4,
  "anhylan": -2,
  "anlladrwydd": -2,
  "anllythrennedd": -2,
  "annealladwy": -2,
  "anneallus": -2,
  "anneniadol": -2,
  "annerbyniol": -2,
  "annhebygol": -1,
  "annheg": -2,
  "annheilwng": -2,
  "annifyrrwch": -2,
  "annigonol": -2,
  "annigonolrwydd": -2,
  "annioddefol": -2,
  "anniogel": -2,
  "anniolchgar": -3,
  "annog": 2,
  "annoys": -2,
  "annuwiol": -2,
  "annwyl": 2,
  "annymunol": -2,
  "annynol": -2,
  "anobaith": -3,
  "anobeithio": -3,
  "anobeithiol": -2,
  "anodd": -1,
  "anogaeth": 2,
  "anonest": -2,
  "anorchfygol": 2,
  "anrhydedd": 2,
  "anrhydeddu": 2,
  "ansawdd": 2,
  "ansefydlog": -1,
  "anseneddol": -2,
  "ansensitif": -2,
  "ansensitifrwydd": -2,
  "ansicr": -1,
  "ansoffistigedig": -2,
  "ansolfent": -2,
  "ansymudol": -1,
  "antur": 2,
  "anturiaethau": 2,
  "anturus": 2,
  "anudon": -3,
  "anweddus": -2,
  "anwir": -2,
  "anwybodaeth": -2,
  "anwybodus": -2,
  "anwybyddu": -1,
  "anwyddonol": -2,
  "anwyldeb": 3,
  "anymwybodol": -2,
  "anystyriol": -2,
  "apelio": 2,
  "apeshit": -3,
  "apocalyptaidd": -2,
  "appease": 2,
  "appeases": 2,
  "appeasing": 2,
  "ar fwrdd": 1,
  "ar gam": -2,
  "ar goll": -2,
  "ar wahân": -1,
  "arafu": -2,
  "araul": 2,
  "arbed": 2,
  "archwiliadau": 1,
  "archwilio": 1,
  "arddangosiad": -1,
  "arestiadau": -2,
  "arestio": -2,
  "argraff": 3,
  "argyfwng": -2,
  "argyhoeddedig": 1,
  "argyhoeddi": 1,
  "argymell": 2,
  "argymhellir": 2,
  "arloesedd": 1,
  "arloesi": 1,
  "arloesol": 2,
  "arogldarth": -2,
  "aros": -1,
  "Aros am": -1,
  "arosfannau": -1,
  "arsehole": -4,
  "arswyd": -3,
  "arswydo": -3,
  "arswydus": -2,
  "artaith": -4,
  "arteithio": -4,
  "arwain": 2,
  "arweinyddiaeth": 1,
  "Arwisgo": -2,
  "arwr": 2,
  "arwrol": 3,
  "arwyddocâd": 1,
  "arwyddocaol": 1,
  "arwyr": 2,
  "ased": 2,
  "asedau": 2,
  "ashame": -2,
  "ass": -4,
  "assfucking": -4,
  "asshole": -4,
  "ast": -5,
  "astoundingly": 3,
  "atal": -1,
  "atal dros dro": -1,
  "ataliol": -2,
  "ateb": 1,
  "atebion": 1,
  "atyniad": 2,
  "atyniadau": 2,
  "aur": 2,
  "Avengers": -2,
  "avenges": -2,
  "averts": -1,
  "awdurdod": 1,
  "awyddus": 2,
  "babanaidd": -2,
  "badass": -3,
  "Badness": -3,
  "bai": -2,
  "baich": -2,
  "bailout": -2,
  "balch": 2,
  "bamboozle": -2,
  "bamboozled": -2,
  "bamboozles": -2,
  "banig": -3,
  "bankster": -3,
  "baradwys": 3,
  "barbaraidd": -2,
  "barch": 2,
  "barchedig": 2,
  "bardwn": 2,
  "barod": -2,
  "barus": -2,
  "bastard": -5,
  "bastardiaid": -5,
  "baw": -2,
  "beauties": 3,
  "bedd": -2,
  "beichiau": -2,
  "beiddgar": 3,
  "beio": -2,
  "beirniad": -2,
  "beirniadaeth": -2,
  "beirniadu": -2,
  "beirniaid": -2,
  "bendant": 1,
  "benderfynir": 2,
  "bendith": 3,
  "bendithia": 2,
  "bendithion": 3,
  "benysgafn": -2,
  "bereave": -2,
  "bereaves": -2,
  "bereaving": -2,
  "berffaith": 3,
  "beryglus": -2,
  "besimistaidd": -2,
  "bethau cwl": 3,
  "betrusgar": -2,
  "bigo â llaw": 1,
  "biti": -2,
  "bla": -2,
  "blackmailed": -3,
  "blackmailing": -3,
  "blackmails": -3,
  "blacmel": -3,
  "blaen": 1,
  "blaen gwaywffon": 2,
  "blaenllaw": 2,
  "blah": -2,
  "blasus": 3,
  "bleserus": 2,
  "blin": -2,
  "blinder": -2,
  "blino": -2,
  "Blithe": 2,
  "bloc": -1,
  "blociau": -1,
  "blocio": -1,
  "Blockbuster": 3,
  "bloeddio": 2,
  "blurry": -2,
  "bodd": 3,
  "boddau": 5,
  "boddi": -2,
  "bodlon": 2,
  "boenus": -2,
  "boicot": -2,
  "boicotiau": -2,
  "boicotio": -2,
  "boldly": 2,
  "bom": -1,
  "bondigrybwyll": -2,
  "bothersome": -2,
  "boycotting": -2,
  "brad": -3,
  "bradychu": -3,
  "brainwashing": -3,
  "braveness": 2,
  "bravura": 3,
  "braw": -2,
  "brawychu": -2,
  "brawychus": -3,
  "breakthrough": 3,
  "brech": -2,
  "breinio": 1,
  "breintiedig": 2,
  "breuddwydion": 1,
  "bribed": -3,
  "bribing": -3,
  "brifo": -2,
  "brilliances": 3,
  "briodol": 2,
  "Brodyr": -2,
  "brotestwyr": -2,
  "brwd": 2,
  "brwdfrydig": 3,
  "brwnt": -2,
  "brwydr": -1,
  "brwydrau": -2,
  "brwydro": -2,
  "brwydro yn erbyn": -1,
  "bryderus": -2,
  "brynodd": 2,
  "brys": -1,
  "Bu farw": -3,
  "budddal": 2,
  "budddaliadau": 2,
  "buddugoliaeth": 3,
  "buddugwyr": 3,
  "budr": -2,
  "budreddi": -2,
  "bullshit": -4,
  "bummer": -2,
  "bustlaidd": -3,
  "butraf": -2,
  "bwch dihangol": -2,
  "bwli": -2,
  "bwlio": -2,
  "bwyell": -1,
  "bwysau": -2,
  "bwysig": 2,
  "bychanu": -3,
  "bygwth": -2,
  "bygylu": -2,
  "bygythiad": -2,
  "bygythiadau": -2,
  "bygythiol": -2,
  "bylchu": -2,
  "byrddall": -2,
  "byrgleriaeth": -2,
  "bytholwyrdd": 2,
  "bywiocau": 2,
  "bywiog": 3,
  "bywiogrwydd": 3,
  "caboledig": 2,
  "cachu": -4,
  "cadarn": 2,
  "cadarnhaol": 2,
  "cadarnhau": 2,
  "cadw": -2,
  "caethiwo": -2,
  "caethwasiaeth": -3,
  "caethweision": -3,
  "cain": 2,
  "caled": -1,
  "caledi": -2,
  "callach": 2,
  "calonogol": 2,
  "calonogwyd": 2,
  "camdrin": -3,
  "camgynrychioli yn": -2,
  "camarwain": -2,
  "camddeall": -2,
  "camddealltwriaeth": -2,
  "camddefnyddio": -2,
  "camddehongli": -2,
  "camdriniaeth": -2,
  "camgymeriad": -2,
  "camgymeriadau": -2,
  "camgymryd": -2,
  "camgynrychiolaeth": -2,
  "camliwio": -2,
  "campau": -2,
  "campwaith": 4,
  "campweithiau": 4,
  "camwedd": -2,
  "Camweddu": -2,
  "camymddwyn": -2,
  "caniatâd": 2,
  "caniatadau": 2,
  "caniatáu": 1,
  "canmol": 3,
  "canmoliaeth": 2,
  "canolbwyntio": 2,
  "canolbwyntio ar y ffordd": -2,
  "canser": -1,
  "canslo": -1,
  "carchar": -2,
  "carcharor": -2,
  "carcharorion": -2,
  "carcharu": -2,
  "caredigrwydd": 2,
  "carefree": 1,
  "carefulness": 2,
  "cariad ffycin": 4,
  "cariadus": 2,
  "carisma": 2,
  "caru": 3,
  "caru ffycin": 4,
  "cas": -3,
  "cas bethau": -2,
  "casáu": -3,
  "casineb": -3,
  "cau allan": -1,
  "cefnau": 1,
  "cefnogaeth": 2,
  "cefnogi": 1,
  "Cefnogir": 2,
  "cefnogwr": 1,
  "cefnogwyr": 1,
  "ceg y groth": -2,
  "ceiliog": -5,
  "celwyddog": -3,
  "cenfigen": -2,
  "cenllysg": 2,
  "cerdded allan": -2,
  "cerydd": -2,
  "ceryddon": -2,
  "ceryddu": -3,
  "chagrin": -2,
  "chagrined": -2,
  "chaos": -2,
  "charmless": -3,
  "chasineb": -3,
  "chastised": -3,
  "chastises": -3,
  "Cheater": -3,
  "cheaters": -3,
  "cheryddu": -3,
  "chic": 2,
  "chided": -3,
  "chides": -3,
  "chwalu": -2,
  "chwarae o hyd": -2,
  "chwareus": 2,
  "chwerthin": 1,
  "chwerthinllyd": -3,
  "chwerw": -3,
  "chwerwi": -2,
  "chwilfrydig": 2,
  "chwyd": -3,
  "chwyddedig": -1,
  "chwyddo": -2,
  "chwydu": -3,
  "chyngaws": -2,
  "cipio": -2,
  "classy": 3,
  "clefyd": -1,
  "clefydau": -1,
  "clir": 1,
  "clirio": 1,
  "clod": 2,
  "cloff": -2,
  "clueless": -2,
  "clyfar": 2,
  "cnau": -3,
  "cocksucker": -5,
  "cocksuckers": -5,
  "cocky": -2,
  "cofiadwy": 1,
  "coleddu": 2,
  "colled": -3,
  "colledion": -3,
  "colli": -2,
  "collwr": -3,
  "comedi": 1,
  "comic": 1,
  "conciliates": 2,
  "conciliating": 2,
  "condemniad": -2,
  "condemnio": -2,
  "congrats": 2,
  "consolable": 2,
  "contagion": -2,
  "contagions": -2,
  "contaminations": -2,
  "contender": -1,
  "corff": -1,
  "cornelu": -2,
  "cosb": -2,
  "cosbi": -2,
  "cosbol": -2,
  "cosi": -2,
  "courageousness": 2,
  "coziness": 2,
  "crai": -1,
  "craith": -2,
  "cramp": -1,
  "crappy": -3,
  "crazier": -2,
  "craziest": -2,
  "crazy": -2,
  "creadigol": 2,
  "creithiau": -2,
  "crestfallen": -2,
  "creu dychryn": -2,
  "creulon": -3,
  "creulondeb": -3,
  "cri": -2,
  "criminate": -3,
  "criminated": -3,
  "criminates": -3,
  "crio": -2,
  "croch": -1,
  "Croesawyd": 2,
  "croeso": 2,
  "crwyn": -1,
  "crydwellt": -2,
  "cryf": 2,
  "cryfach": 2,
  "cryfaf": 2,
  "cryfder": 2,
  "cryfderau": 2,
  "cryfhau": 2,
  "cryndod": -2,
  "crynu": -2,
  "cuddio": -1,
  "cuddwisgoedd": -1,
  "cunt": -5,
  "cur pen": -2,
  "curo": -1,
  "curse": -1,
  "cusan": 2,
  "Cwestiynodd": -1,
  "cwestiynu": -1,
  "cwl": 1,
  "cwrteisi": 2,
  "cwymp": -2,
  "cwynion": -2,
  "cwyno": -2,
  "Cwynodd": -2,
  "cydgynllwynio": -3,
  "cydnabyddiaeth": 2,
  "cydymdeimlad": 2,
  "cyfaddef": -1,
  "cyfaddefodd": -1,
  "cyfarch": 1,
  "cyfarchion": 2,
  "cyfeillgarwch": 2,
  "cyfeiriad cywir": 3,
  "cyffro": 3,
  "cyffroi": 3,
  "cyffrous": 3,
  "cyfiawnder": 2,
  "cyfiawnhau": 2,
  "cyflawni": 2,
  "cyflawniadau": 2,
  "cyfle": 2,
  "cyfleoedd": 2,
  "cyflym": 2,
  "cyfnewid": -2,
  "cyfoeth": 3,
  "cyfoethocach": 2,
  "cyfoethog": 2,
  "cyfranddaliadau": 1,
  "cyfreithgar": -2,
  "cyfreithiol": 1,
  "cyfrifol": 2,
  "cyfrifoldeb": 1,
  "cyfrwys": 2,
  "cyfyngedig": -1,
  "cyfyngiad": -1,
  "cyfyngol": -1,
  "cyfyngu": -2,
  "cyhuddiad": -2,
  "cyhuddiadau": -2,
  "cyhuddo": -2,
  "Cyhuddwyd": -2,
  "cymell": 2,
  "cymeradwyaeth": 2,
  "Cymeradwyaf": 2,
  "cymeradwyo": 2,
  "cymhelliant": 1,
  "cymhleth": 2,
  "cymodi": 2,
  "cymorth": 2,
  "cymwynaswr": 2,
  "cymwyseddau": 1,
  "cymylog": -2,
  "cymylu": -1,
  "cynaliadwy": 2,
  "cynaliadwyedd": 1,
  "cynhennus": -2,
  "cynhesrwydd": 2,
  "cynhwysfawr": 2,
  "cynhyrfu": -2,
  "cynhyrfu drwyddynt": -2,
  "cynilion": 1,
  "cynllwynion": 1,
  "cynnes": 1,
  "cynnydd": 2,
  "Cynyddodd": 1,
  "cynyddu": 1,
  "cyrraedd": 1,
  "cystudd": -2,
  "cystuddio": -1,
  "cystuddiol": -3,
  "cysur": 2,
  "cysuron": 2,
  "cytbwys": 1,
  "cytgord": 2,
  "cythruddo": -3,
  "cythryblus": -2,
  "cytûn": 2,
  "cytundeb": 1,
  "cytuno": 1,
  "cytunwyd": 1,
  "cywilydd": -2,
  "cywilyddio": -2,
  "da": 3,
  "da ffycin": 4,
  "dadddyneiddio": -2,
  "dadddynoli": -2,
  "dadlau": -2,
  "dadleuon": -2,
  "dadrithio": -2,
  "daer": -3,
  "daflu": -1,
  "dagrau": -2,
  "dagu": -2,
  "daioni": 3,
  "daliadau": -2,
  "damn": -2,
  "damn cute": 3,
  "damn da": 4,
  "damn gorau": 4,
  "damned": -4,
  "Damnit": -4,
  "damwain": -2,
  "damweiniau": -2,
  "damweiniol": -2,
  "dan amheuaeth": -1,
  "dan anfantais": -2,
  "dan fygythiad": -2,
  "dan sylw": -2,
  "dant": 2,
  "darbwyllo": -1,
  "daredevil": 2,
  "darfod": -2,
  "darfu": -2,
  "dargyfeirio": -1,
  "datgelu": -1,
  "datgymalog": -2,
  "dathliad": 3,
  "dathliadau": 3,
  "dathlu": 3,
  "datod": 1,
  "datrys": 1,
  "dauntless": 2,
  "dawel": 2,
  "dawel eu meddwl": 1,
  "ddadlau": -2,
  "ddadleuol": -2,
  "ddall": -1,
  "ddamweiniol": -2,
  "ddannedd": -2,
  "ddefnyddiol": 2,
  "ddefosiynol": 2,
  "ddeheuig": 2,
  "ddeniadol": 2,
  "ddewr": 3,
  "ddewrder": 3,
  "ddidor": 2,
  "ddifflach": -2,
  "ddinod": -2,
  "ddirym": -2,
  "ddial": -2,
  "ddiamynedd": -2,
  "ddiarddel": -2,
  "ddibwynt": -2,
  "ddibynadwy": 2,
  "ddibynnol": 2,
  "ddideimlad": -2,
  "ddidostur": -3,
  "ddiduedd": 2,
  "ddieuog": 2,
  "ddifater": -3,
  "ddiffuant": 2,
  "ddiffygiol": -3,
  "ddiflas": -2,
  "ddifrif": 2,
  "ddifrifol": -2,
  "ddig": -3,
  "ddigalon": -3,
  "ddigartref": -2,
  "ddigonol": -2,
  "ddigymhelliant": -2,
  "ddilyswyd": 1,
  "ddim ar gael": -1,
  "ddim yn ei hoffi": -2,
  "ddim yn gweithio": -3,
  "ddiofal": -2,
  "ddiog": -1,
  "ddiolchgar": 3,
  "ddirmyg": -2,
  "ddirmygus": -2,
  "ddisgwyliedig": -1,
  "ddistewi": -2,
  "ddiwerth": -2,
  "ddiymadferth": -2,
  "ddiymdrech": 2,
  "ddiystyr": -2,
  "ddiystyru": -2,
  "ddolurus": -1,
  "ddoniol": 2,
  "ddrewodd": -2,
  "ddrud": 3,
  "ddrwgdybus": -3,
  "ddryslyd": -2,
  "ddwfn y galon": 3,
  "ddygn": 2,
  "ddylanwadol": 2,
  "ddyledus": 2,
  "ddymunir": 2,
  "ddymunol": 2,
  "ddyngarwch": 2,
  "deadening": -2,
  "deadlock": -2,
  "deallus": 2,
  "debonair": 2,
  "dedfryd": -2,
  "dedfrydau": -2,
  "dedfrydu": -2,
  "dedwydd": 3,
  "defnyddiol": 2,
  "defnyddioldeb": 2,
  "deformed": -2,
  "defosiwn": 2,
  "deg": 2,
  "dehumanized": -2,
  "dehumanizes": -2,
  "deilwng": 2,
  "deject": -2,
  "dejecting": -2,
  "dejects": -2,
  "demoralizes": -2,
  "deniadol": 2,
  "denier": -2,
  "Denodd": 1,
  "denounces": -2,
  "denu": 1,
  "deor": -2,
  "deports": -2,
  "derail": -2,
  "derailed": -2,
  "derails": -2,
  "derbyn": 1,
  "derbyniol": 1,
  "derides": -2,
  "deriding": -2,
  "devastated": -2,
  "devastations": -2,
  "dewr": 3,
  "dewrder": 2,
  "deyrnged": 2,
  "dibaid": -1,
  "didor": 2,
  "dihid": -2,
  "dial": -2,
  "dialydd": -2,
  "diamddiffyn": -2,
  "dianc": -1,
  "diangen": -2,
  "diangfeydd": -1,
  "diarddel": -2,
  "dibrisio": -2,
  "dibynadwy": 2,
  "dibynadwyedd": 2,
  "dick": -4,
  "dickhead": -4,
  "dicter": -3,
  "diddordeb": 3,
  "diddordebau": 1,
  "diddorol": 2,
  "diddychymyg": -2,
  "didoreth": -2,
  "didwylledd": 2,
  "dieflig": -2,
  "dieithrio": -2,
  "diemwnt": 1,
  "difaru": -2,
  "difaterwch": -2,
  "difeddwl": -2,
  "difetha": -2,
  "diffuant": 2,
  "diffyg": -2,
  "diffyg cwsg": -2,
  "diffyg gweithredu": -2,
  "diffyg ymddiriedaeth": -3,
  "diffygion": -2,
  "diflannu": -1,
  "diflas": -2,
  "diflastod": -2,
  "diflasu": -2,
  "difrifol": -2,
  "difrod": -3,
  "difrodi": -3,
  "difyr": 2,
  "difyrion": 3,
  "difyrru": 3,
  "difyrrwch": 3,
  "difywyd": -1,
  "digalon": -2,
  "digalonni": -2,
  "digonol": 1,
  "digyswllt": -2,
  "dihysbyddu": -2,
  "dileu": -2,
  "dilornus": -2,
  "dilysu": 1,
  "dim": -1,
  "dim hwyl": -3,
  "Dim yn dda": -2,
  "Dim yn gweithio": -3,
  "dinistr": -2,
  "dinistrio": -3,
  "dinistriol": -3,
  "dioddef": -2,
  "dioddefodd": -2,
  "dioddefwr": -2,
  "dioddefwyr": -2,
  "diogelu": 1,
  "diogelwch": 1,
  "diolch": 2,
  "dipshit": -3,
  "diraddiedig": -2,
  "diraddio": -2,
  "direful": -3,
  "dirmyg": -2,
  "dirmygu": -2,
  "dirmygus": -2,
  "dirnadaeth": 2,
  "dirtier": -2,
  "dirwasgiad": -2,
  "dirwy": 2,
  "dirwyon": -2,
  "dirywio": -2,
  "disapprovals": -2,
  "disapproving": -2,
  "disbelieve": -2,
  "disconsolate": -2,
  "disconsolation": -2,
  "disdain": -2,
  "disglair": 3,
  "disgleirdeb": 1,
  "disgownt": -1,
  "disgraced": -2,
  "disgustful": -3,
  "disgyn": -1,
  "disian": -2,
  "disoriented": -2,
  "distewi": -1,
  "diswyddo": -2,
  "diweithdra": -2,
  "diwydrwydd": 2,
  "diystyru": -2,
  "Diystyru": -2,
  "doethineb": 1,
  "dolorous": -2,
  "domenni": -1,
  "doniol": 3,
  "dont hoffi": -2,
  "doom": -2,
  "dorcalonnus": -3,
  "dotio": -2,
  "douche": -3,
  "douchebag": -3,
  "dour": -2,
  "downer": -2,
  "drahaus": -2,
  "drallodus": -2,
  "drasiedi": -2,
  "drawmatig": -3,
  "drefnus": 2,
  "dreisgar": -3,
  "dreisiodd": -3,
  "drewdod": -2,
  "drewi": -2,
  "drist": -2,
  "droopy": -2,
  "dros ben llestri": -3,
  "dros bwysau": -1,
  "droseddasant": -2,
  "droseddu": -2,
  "druenus": -3,
  "drugaredd": 2,
  "drugarog": 1,
  "drwg": -3,
  "drwgenwog": -2,
  "drygioni": -1,
  "drylwyr": 3,
  "drysor": 3,
  "drysu": -2,
  "drywanu": -2,
  "dud": -2,
  "duedd at deyrnfradwriaeth": -3,
  "dumbass": -3,
  "dupery": -2,
  "duw": 1,
  "dweud celwydd": -2,
  "dwp": -2,
  "dwyll": -3,
  "dwyn": -2,
  "Dwyn": -2,
  "dwys": 1,
  "dwywaith": -2,
  "dy ddenu": -1,
  "dychryn": -3,
  "dyfarniad": 3,
  "dyfarnwyd": 3,
  "dyled": -2,
  "dymchwel": -2,
  "dymp": -1,
  "dympio": -2,
  "dymuniad": 1,
  "dymuniadau": 1,
  "dymunol": 2,
  "dynladdiad": -3,
  "dyrchafol": 2,
  "dysfunction": -2,
  "eang": 1,
  "ecstatig": 4,
  "edifeirwch": -2,
  "Edmyga": 3,
  "edmygir": 3,
  "edmygu": 3,
  "edrych ymlaen": 2,
  "eery": -2,
  "effeithiol": 2,
  "effeithiolrwydd": 2,
  "effro": -1,
  "eglurder": 2,
  "egluro": 2,
  "egni": 3,
  "egnïol": 2,
  "ehangu": 1,
  "ei ben ei hun": -2,
  "ei chael yn anodd": -2,
  "ei sicrhau": 2,
  "eiddigedd": -1,
  "eironi": -1,
  "eironig": -1,
  "eisiau": 1,
  "eithafol": -2,
  "eithafwyr": -2,
  "eithriedig": -1,
  "elated": 3,
  "elusennol": 2,
  "elw": 2,
  "elwa": 2,
  "elyniaethus": -2,
  "em": 1,
  "embaras": -2,
  "empathetig": 2,
  "enbyd": -3,
  "encil": -1,
  "enfawr": 1,
  "engrossing": 3,
  "enillion": 2,
  "enillwyd": 2,
  "enillydd": 4,
  "enlightens": 2,
  "enllibus": -2,
  "ennill": 2,
  "Ennui": -2,
  "enrages": -2,
  "envies": -1,
  "envying": -1,
  "enwog": 2,
  "enwogrwydd": 1,
  "erchyll": -3,
  "erchylltra": -3,
  "erledigaeth": -3,
  "erlid": -2,
  "erlyn": -1,
  "erlyniad": -1,
  "ErrorWithTranslation": -3,
  "Erthylwyd": -1,
  "esgeulustod": -2,
  "esgus": -1,
  "esgusodi": 2,
  "eu heithrio": -2,
  "euogrwydd": -3,
  "euphoric": 4,
  "evacuates": -1,
  "evergreening": -3,
  "ewfforia": 3,
  "ewyllys da": 3,
  "exasparate": -2,
  "exasperates": -2,
  "exasperating": -2,
  "exclusive": 2,
  "excruciatingly": -1,
  "exhilarates": 3,
  "exonerate": 2,
  "exonerates": 2,
  "expelling": -2,
  "expels": -2,
  "exposes": -1,
  "exultantly": 3,
  "fabolaidd": 2,
  "fabulously": 4,
  "fad": -2,
  "faich": -2,
  "faker": -3,
  "falch": 3,
  "falch iawn": 3,
  "fanteisiol": 2,
  "fargen": 2,
  "farwolaeth": -3,
  "fatigues": -2,
  "fatiguing": -2,
  "favorited": 2,
  "favourited": 2,
  "fearless": 2,
  "fearlessness": 2,
  "feddw": -2,
  "felonies": -3,
  "fendith": 4,
  "fervid": 2,
  "fethdalwr": -3,
  "ffafrau": 2,
  "ffafrio": 2,
  "ffafriol": 2,
  "ffag": -3,
  "ffagot": -3,
  "ffagots": -3,
  "ffantastig": 4,
  "ffars": -1,
  "ffasgaidd": -2,
  "ffasgwyr": -2,
  "ffefrynnau": 2,
  "ffeloniaeth": -3,
  "ffiaidd": -3,
  "ffiaidd ganddynt": -3,
  "ffieiddio": -3,
  "ffieiddiodd": -3,
  "ffitio": 1,
  "ffitrwydd": 1,
  "ffliw": -2,
  "fflops": -2,
  "ffobig": -2,
  "ffodus": 2,
  "ffoi": -1,
  "ffôl": -2,
  "fforddiadwy": 2,
  "ffortiwn": 2,
  "ffres": 1,
  "ffrind": 1,
  "ffrwythlon": 2,
  "ffug": -2,
  "ffugio": -3,
  "ffwl": -2,
  "ffycin": -4,
  "ffycin anhygoel": 4,
  "ffycin cute": 4,
  "ffycin hyfryd": 4,
  "ffycin poeth": 2,
  "ffycin wych": 4,
  "ffydd": 1,
  "ffyddlon": 3,
  "ffyliaid": -2,
  "ffynci": 2,
  "ffyniant": 3,
  "ffyrnig": -2,
  "fiasco": -3,
  "fitamin": 1,
  "flawless": 2,
  "flawlessly": 2,
  "flêr": -2,
  "flin": -2,
  "flop": -2,
  "fodd": 4,
  "foreclosure": -2,
  "foreclosures": -2,
  "fradwrus": -2,
  "fradychu": -3,
  "fraudulence": -4,
  "Freak": -2,
  "frenzy": -3,
  "freuddwyd": 1,
  "fri": 2,
  "frikin": -2,
  "frisky": 2,
  "frowning": -1,
  "frwydr": -2,
  "FTW": 3,
  "Fuck": -4,
  "fucked": -4,
  "fucker": -4,
  "fuckers": -4,
  "fuckface": -4,
  "fuckhead": -4,
  "fuckin": -4,
  "fucktard": -4,
  "fud": -3,
  "FUD": -3,
  "fuddugoliaeth": 4,
  "fuddugoliaethau": 3,
  "fuked": -4,
  "fuking": -4,
  "fulfillment": 2,
  "fusneslyd": -2,
  "fwch dihangol": -2,
  "fwdlyd": -2,
  "fwy caredig": 2,
  "fwy doniol": 4,
  "fwy slic": 2,
  "fyddarol": -1,
  "fygwth": -2,
  "fythwyrdd": 2,
  "fywiog": 2,
  "gadael": -1,
  "gadarn": 2,
  "gael gwared": -1,
  "gaeth": -2,
  "gaethiwo": -2,
  "gaethiwyd": -2,
  "gaethweision": -3,
  "gagged": -2,
  "gain": 2,
  "galar": -2,
  "galaru": -2,
  "Gall \"n sefyll": -3,
  "gallu": 2,
  "galluoedd": 1,
  "galw": -1,
  "galwadau": -1,
  "gamadrodd": -2,
  "gamddosbarthu": -2,
  "gamarweiniol": -3,
  "gamdaniad": -2,
  "gamddarllen": -1,
  "gamddefnyddio": -2,
  "gamddefnyddir": -2,
  "gamliwio": -2,
  "gamp": -2,
  "gan ddenu": 2,
  "gan helpu": 2,
  "gan ofni": -2,
  "gan ryddhau": 2,
  "gan sicrhau": 1,
  "gandryll": -2,
  "ganmoliaeth": 2,
  "ganslo": -1,
  "garbage": -1,
  "garegaidd": -2,
  "gariaduscaredigrwydd": 3,
  "gas": -3,
  "Gefnogir gan": 1,
  "gefnogol": 2,
  "gefnogwr": 3,
  "geist": -5,
  "gelyn": -2,
  "gelyniaeth": -2,
  "gelyniaethus": -2,
  "gelynion": -2,
  "Genfa": -2,
  "genfigennus": -2,
  "geryddu": -2,
  "glamorous": 3,
  "glamourous": 3,
  "glân": 2,
  "glanach": 2,
  "glawog": -1,
  "gleeful": 3,
  "glir": 2,
  "gobaith": 1,
  "gobeithio": 2,
  "gobeithio,": 2,
  "gobeithion": 2,
  "goddamn": -3,
  "goddefgar": 2,
  "goddefgarwch": 2,
  "goddefol": -1,
  "godi cywilydd": -2,
  "godidog": 3,
  "goeglyd": -2,
  "gofal": 2,
  "gofalon": 2,
  "gofalu": 2,
  "gofalus": 2,
  "gofid": -2,
  "gofidus": -2,
  "gofleidio": 1,
  "gogoneddus": 2,
  "gogoniant": 2,
  "gohirio": -1,
  "golchi gwyrdd": -3,
  "goleuedig": 2,
  "goleuo": 2,
  "gollwng": -1,
  "gollwyd": -3,
  "golwg byr": -2,
  "golygus": 3,
  "gondemnio": -2,
  "goodmorning": 1,
  "goofiness": -2,
  "goofy": -2,
  "gor": -2,
  "gorddweud": -2,
  "gorau": 3,
  "gorddatganiad": -2,
  "gorddywediadau": -2,
  "goresgyniad": -1,
  "gorfodaeth": -2,
  "gorfodi": 1,
  "gorfodol": -1,
  "gorfoledd": 3,
  "gorfoleddus": 4,
  "gorlenwi": -1,
  "gorliwio": -2,
  "gorlwytho": -1,
  "gormes": -2,
  "gormesol": -2,
  "goroesi": 2,
  "goroeswr": 2,
  "gorsymleiddio": -2,
  "gorthrwm": -2,
  "gorthrymder": -2,
  "gorthrymderau": -2,
  "gorthrymedig": -2,
  "goruchaf": 4,
  "goruchwylio": -1,
  "gorwel": -1,
  "gorwerthu": -2,
  "gorymateb": -2,
  "gosgeiddig": 2,
  "gosod": -1,
  "gostus": -2,
  "gr8": 3,
  "grand": 3,
  "grant": 1,
  "grantiau": 1,
  "gras": 1,
  "grasol": 3,
  "gratification": 2,
  "greenwasher": -3,
  "greenwashers": -3,
  "greenwashing": -3,
  "gresynu": -3,
  "greu argraff": 3,
  "greulon": -3,
  "griddfan": -2,
  "grim": -2,
  "groaned": -2,
  "groes": -2,
  "gros": -2,
  "grymuso": 2,
  "guddio": -1,
  "gullibility": -2,
  "guro": -2,
  "gwacáu": -1,
  "gwacter": -1,
  "gwadu": -2,
  "gwadwyr": -2,
  "gwae": -1,
  "gwaedlyd": -3,
  "gwaethaf": -3,
  "gwaethygol": -2,
  "gwaethygu": -3,
  "gwag": -1,
  "gwahaniaethu": -2,
  "gwahaniaethu yn": -2,
  "gwahardd": -2,
  "gwaharddiad": -2,
  "gwahodd": 1,
  "gwall": -2,
  "gwallau": -2,
  "gwallgof": -3,
  "gwallgofiaid": -3,
  "gwallgofrwydd": -2,
  "gwallus": -2,
  "gwangalon": -2,
  "gwanhau": -2,
  "gwarant": 1,
  "gwarchae": -2,
  "gwarchod": 1,
  "gwasgfeydd": -1,
  "gwastraff": -1,
  "gwastraffu": -2,
  "gwatwar": -2,
  "gwatwarus": -2,
  "gwawd": -2,
  "gweddïo": 1,
  "gweddu": 2,
  "gweld y chwith": -1,
  "gweledigaeth": 1,
  "gweledigaethau": 1,
  "gweledigaethol": 3,
  "gwell": 2,
  "gwella": 2,
  "gwendid": -2,
  "gwendidau": -2,
  "Gwenodd": 2,
  "gwenu": 2,
  "gwenwyn": -2,
  "gwenwynau": -2,
  "gwenwyno": -2,
  "gwerthfawrogi": 2,
  "gwerthfawrogiad": 2,
  "Gwerthfawrogir": 2,
  "gwirion": -1,
  "gwisgo": -1,
  "gwisgoedd": -2,
  "gwn": -1,
  "gwneudup": -1,
  "Gwobr": 2,
  "gwobrau": 3,
  "gwobrwyo": 2,
  "gwrtais": 2,
  "gwrth": -1,
  "gwrthdaro": -2,
  "gwrthdaro yn erbyn": -1,
  "gwrthdrawiad": -2,
  "gwrthdrawiadau": -2,
  "gwrthod": -1,
  "gwrthodwyd": -2,
  "gwrthryfel": -2,
  "gwrthryfelwyr": -2,
  "gwrthwynebwr": -1,
  "gwrthyrru": -2,
  "gwybodaeth anghywir": -2,
  "gwych": 5,
  "gwŷdd": -1,
  "gwyddiau": -1,
  "gwydn": 2,
  "gwyllt": -1,
  "gwylltio": -2,
  "gwyn": -2,
  "gŵyn": -2,
  "gwyneb": -3,
  "gwyngalch": -3,
  "gwyrddgalchu": -3,
  "gwyrdroi": -2,
  "gwyrgam": -2,
  "gydymdeimladol": 2,
  "gyfarch": 2,
  "gyfeillgar": 2,
  "gyfforddus": 2,
  "gyffredinedd": -3,
  "gyffrous": 3,
  "gyflawniad": 2,
  "gyflawnir": -2,
  "gyfoethog": 2,
  "Gyfrannog ymwrthod": -2,
  "gymhlethu": -2,
  "gymwynaswyr": 2,
  "gymwys": 2,
  "gynaliadwy": 2,
  "gynddeiriog": -3,
  "gyndyn": -3,
  "gynefin": -1,
  "gynghreiriad": 2,
  "gynllwynio": -3,
  "gyraeddadwy": 1,
  "gystadleuol": 2,
  "gysur": 2,
  "gythruddo": -2,
  "gytûn": 2,
  "gywilyddus": -3,
  "ha": 2,
  "hacio": -1,
  "haddoli": 3,
  "hadfer": 1,
  "haeddiannol": 2,
  "hael": 2,
  "hagrwch": -3,
  "haha": 3,
  "hahaha": 3,
  "hahahah": 3,
  "haint": -2,
  "haleliwia": 3,
  "halogi": -2,
  "halogiad": -2,
  "halogydd": -2,
  "halogyddion": -2,
  "hamddenol": 2,
  "hamharchu": -2,
  "hanafu": -2,
  "hanrhydeddu": 2,
  "hanwybyddu": -1,
  "hapfasnachol": -2,
  "haplessness": -2,
  "hapus": 3,
  "hapusaf": 3,
  "hapusrwydd": 3,
  "hardd": 3,
  "harddu": 3,
  "harddwch": 3,
  "hater": -3,
  "haters": -3,
  "haunt": -1,
  "havoc": -2,
  "hawdd": 1,
  "hawl": 1,
  "heartwarming": 3,
  "heavyhearted": -2,
  "heb arbed": -2,
  "heb benderfynu": -1,
  "heb eu cadarnhau": -1,
  "heb eu cymeradwyo": -2,
  "heb eu gwarantu": -2,
  "heb eu gwerthu": -1,
  "heb eu hateb": -2,
  "heb eu niweidio": 2,
  "heb ganolbwynt": -2,
  "heb gefnogaeth": -2,
  "hecsbloetio": -2,
  "heddwch": 2,
  "heddychlon": 2,
  "hehe": 2,
  "heigiog": -2,
  "heintiau": -2,
  "heintio": -2,
  "heintus": -2,
  "helpu": 2,
  "her": -1,
  "herfeiddiol": -1,
  "heriol": -1,
  "herlid": -2,
  "herwgipio": -2,
  "hesgeuluso": -2,
  "heulwen": 2,
  "hiliaeth": -3,
  "hiliol": -3,
  "hiraeth": -1,
  "hiraethus": -2,
  "hiwmor": 2,
  "hoff": 2,
  "hoff bethau": 2,
  "hoffi": 2,
  "hoffter": 2,
  "hoffus": 2,
  "hôl": -2,
  "holi": -2,
  "hollbresennol": 2,
  "honiad": -2,
  "honiadau": -2,
  "hooligan": -2,
  "horrid": -3,
  "hudo": 3,
  "hudol": 3,
  "hug": 2,
  "hugs": 2,
  "humbug": -2,
  "humiliation": -3,
  "hunancamdrin": -2,
  "hunangwrthgyferbyniol": -2,
  "hunanhyderus": 2,
  "hunanthwyllo": -2,
  "hunanfodlon": -2,
  "hunanladdiad": -2,
  "hunanladdiadau": -2,
  "hunanladdol": -2,
  "hunanol": -3,
  "hunanoldeb": -3,
  "hwb": 1,
  "hwliganiaeth": -2,
  "hwliganiaid": -2,
  "hwre": 5,
  "hwyl": 2,
  "hwyliau": -1,
  "hwyliog": 3,
  "hyder": 2,
  "hyderus": 2,
  "hyfryd": 3,
  "hyfrydwch": 3,
  "hygoelus": -2,
  "hygyrch": 1,
  "hyll": -3,
  "hynaws": 3,
  "Hyrwyddir": 1,
  "hyrwyddo": 1,
  "hyrwyddwyr": 2,
  "hysteria": -3,
  "hysterics": -3,
  "hysterig": -3,
  "iach": 2,
  "iachawdwriaeth": 2,
  "iachusol": 2,
  "iasol": -2,
  "iawndal": -3,
  "Icky": -3,
  "idiocy": -3,
  "idiot": -3,
  "idiotic": -3,
  "ie": 1,
  "imbecile": -3,
  "imiwnedd": 1,
  "impeachments": -3,
  "impedingly": -2,
  "imposter": -2,
  "incenses": -2,
  "incensing": -2,
  "indestructible": 2,
  "indoctrinate": -2,
  "indoctrinated": -2,
  "indoctrinates": -2,
  "indoctrinating": -2,
  "inediable": -2,
  "inept": -2,
  "ineptitude": -2,
  "infantilized": -2,
  "infatuated": 2,
  "infatuation": 2,
  "inflicts": -2,
  "infract": -2,
  "infracted": -2,
  "infracting": -2,
  "infracts": -2,
  "ingol": -3,
  "inoperative": -2,
  "insipid": -2,
  "intransigency": -2,
  "irreproducible": -2,
  "irresistibly": 2,
  "irresolute": -2,
  "isaf": -1,
  "isel eu hysbryd": -2,
  "israddol": -2,
  "jackass": -4,
  "jackasses": -4,
  "jaunty": 2,
  "jerk": -3,
  "jesus": 1,
  "jôc": 2,
  "jôcs": 2,
  "joyless": -2,
  "jumpy": -1,
  "kickback": -3,
  "kickbacks": -3,
  "kidnaps": -2,
  "kudos": 3,
  "lackadaisical": -2,
  "ladrad": -3,
  "lafurwaith": -2,
  "lag": -1,
  "lansio": 1,
  "larwm": -2,
  "laughting": 1,
  "lawenhau": 4,
  "lawl": 3,
  "lawsuits": -2,
  "leddfu": 3,
  "lefodd": -2,
  "lesteirio": -1,
  "lethality": -2,
  "lifesaver": 4,
  "likable": 2,
  "likers": 2,
  "livid": -2,
  "llachar": 1,
  "lladd": -3,
  "lladdiad": -2,
  "lladdiadau": -2,
  "lladron": -2,
  "llanast": -2,
  "llawen": 2,
  "llawenhau": 4,
  "llawenydd": 3,
  "Llawenydd": 3,
  "llawn dychymyg": 2,
  "llechu": -1,
  "lleddfol": 3,
  "lleddfu": 2,
  "lleidr": -2,
  "lles": 2,
  "llesiannol": 3,
  "llesteirio": -2,
  "lletchwith": -2,
  "llewyrchus": 3,
  "llid": -2,
  "llidio": -3,
  "llidiog": -3,
  "llidus": -2,
  "llofrudd": -2,
  "llofruddiaeth": -2,
  "llofruddiaethau": -2,
  "Llofruddiwyd": -3,
  "llog": 1,
  "llongddrylliad": -2,
  "llongyfarch": 2,
  "llongyfarchiadau": 2,
  "lloniannau": 2,
  "lluddio": 2,
  "llusgo": -2,
  "llwfr": -2,
  "llwfrgi": -2,
  "llwgrwobrwyo": -3,
  "llwgrwobrwyon": -3,
  "llwgu": -2,
  "llwyd": -1,
  "llwyddiannus": 3,
  "llwyddiant": 2,
  "llwyddo": 3,
  "llwyddodd": 3,
  "llychwino": -2,
  "llyg": -4,
  "llygredd": -2,
  "llygredig": -3,
  "llygru": -2,
  "llygrwr": -2,
  "llygrwyr": -2,
  "llygrydd": -2,
  "llym": -2,
  "llymach": -2,
  "llymaf": -2,
  "llysnafedd": -3,
  "lmao": 4,
  "lmfao": 4,
  "lobïo": -2,
  "lobïwr": -2,
  "lobïwyr": -2,
  "lofruddio": -3,
  "lol": 3,
  "lolol": 4,
  "lololol": 4,
  "lolololol": 4,
  "lonesome": -2,
  "longyfarch": 2,
  "lool": 3,
  "loomed": -1,
  "loool": 3,
  "looool": 3,
  "lousy": -2,
  "lovelies": 3,
  "lugubrious": -2,
  "lwc": 3,
  "lwc drwg": -2,
  "lwcus": 3,
  "mabofaast": -5,
  "mabwysiadu": 1,
  "macabre": -2,
  "mad": -3,
  "maddau": 1,
  "maddening": -3,
  "maladaption": -2,
  "maldevelopment": -2,
  "malwch": -1,
  "mantais": 2,
  "manteisio": -2,
  "manteision": 2,
  "marw": -3,
  "marwol": -3,
  "marwolaeth": -2,
  "marwolaethau": -3,
  "mater": 1,
  "materion": 1,
  "math": 2,
  "math o": 0,
  "mathru": -1,
  "mawr": 1,
  "medal": 3,
  "meddiannol": -2,
  "meddylgar": 2,
  "medrus": 2,
  "meithrin": 2,
  "melancholy": -2,
  "melys": 3,
  "Memoriam": -2,
  "mentrus": 1,
  "methdaliad": -3,
  "methiannau": -2,
  "methiant": -2,
  "methodd": -2,
  "methu": -2,
  "mileinig": -3,
  "mireinio": 1,
  "mirthful": 3,
  "mirthfully": 3,
  "misbranding": -3,
  "miscast": -2,
  "mischiefs": -1,
  "misclassified": -2,
  "misclassifies": -2,
  "misgiving": -2,
  "misleaded": -3,
  "misplacing": -2,
  "mispricing": -3,
  "misreport": -2,
  "misreports": -2,
  "miss": -2,
  "mocks": -2,
  "moderneiddio": 2,
  "modernizes": 2,
  "moesegol": 2,
  "moethus": 2,
  "mongering": -2,
  "monopolizes": -2,
  "mope": -1,
  "motherfucker": -5,
  "motherfucking": -5,
  "mournful": -2,
  "mumpish": -2,
  "mwrllwch": -2,
  "mwy": 3,
  "mwyaf": 3,
  "mwyaf disglair": 2,
  "mwynhau": 2,
  "myfyriol": 1,
  "mygu": -1,
  "mympwyol": 1,
  "myned": -2,
  "mynnu": -1,
  "myth": -1,
  "n00b": -2,
  "Nadolig": 2,
  "naïf": -2,
  "nam": -2,
  "narcissism": -2,
  "naturiol": 1,
  "naws": 1,
  "neb yn ei garu": -2,
  "nefoedd": 2,
  "nefol": 4,
  "negyddiaeth": -2,
  "negyddol": -2,
  "nerfau": -1,
  "nerfus": -2,
  "newyn": -2,
  "newynu": -2,
  "nifty": 2,
  "niggas": -5,
  "nigger": -5,
  "niwed": -2,
  "niweidio": -2,
  "niweidiol": -2,
  "nobl": 2,
  "noblest": 2,
  "nodedig": 2,
  "nofel": 2,
  "noob": -2,
  "nwrdio": -3,
  "nwyddau ffug": -3,
  "obeithiol": 2,
  "obnoxious": -3,
  "obsesiwn": 2,
  "ochneidio": -2,
  "od": -2,
  "oddefol": -1,
  "oedi": -1,
  "oeri": -1,
  "ofalus": -1,
  "ofer": -2,
  "offline": -1,
  "ofidus": -2,
  "ofn": -3,
  "ofnadwy": -3,
  "ofni": -2,
  "ofnus": -2,
  "ohirio": -1,
  "OKs": 2,
  "ôldrawmatig": -2,
  "ôleffeithiau": -2,
  "oleuo": 2,
  "ominous": 3,
  "onest": 2,
  "optimistaidd": 2,
  "optimistiaeth": 2,
  "optionless": -2,
  "orddweud": -2,
  "oramddiffynnol": -2,
  "oriog": -1,
  "ormersol": -3,
  "os gwelwch yn dda": 1,
  "osgoi": -2,
  "Osgoi": -1,
  "ostracize": -2,
  "ostracizes": -2,
  "ostyngedig": 1,
  "ouch": -2,
  "outage": -2,
  "outmaneuvered": -2,
  "outnumbered": -2,
  "overreact": -2,
  "overreacts": -2,
  "overselling": -2,
  "oversells": -2,
  "oversold": -2,
  "overwrought": -3,
  "oxymoron": -1,
  "pained": -2,
  "panig": -3,
  "pant": -1,
  "paradocs": -1,
  "paratoi": 1,
  "parchu": 2,
  "pardoning": 2,
  "pardwn": 2,
  "PARLEY": -1,
  "parodrwydd": 2,
  "pathetic": -2,
  "pechadurus": -3,
  "pechod": -2,
  "pechodau": -2,
  "pedler": -2,
  "pefrio": 3,
  "pefriog": 3,
  "penbleth": -2,
  "pencampwr": 2,
  "penderfyniad": 2,
  "penodol": 1,
  "pensive": -1,
  "perfects": 2,
  "perffaith": 3,
  "perffaith ffycin": 4,
  "perffeithio": 2,
  "perffeithrwydd": 3,
  "peri": -2,
  "peri pryder": -3,
  "persecutes": -2,
  "perygl": -2,
  "peryglus": -2,
  "pesimistiaeth": -2,
  "pesky": -2,
  "petruso": -2,
  "phenderfynol": 2,
  "pigo": -5,
  "pigog": -2,
  "pileup": -1,
  "pillage": -2,
  "piqued": -2,
  "piss": -4,
  "pissed": -4,
  "pissing": -3,
  "pitied": -1,
  "pla": -3,
  "plagued": -3,
  "plaguing": -3,
  "plâu": -3,
  "plentynnaidd": -2,
  "pleser": 3,
  "poblogaidd": 3,
  "poblogrwydd": 3,
  "poen": -2,
  "poeni": -2,
  "poenus": -2,
  "prblm": -2,
  "prblms": -2,
  "prinder": -2,
  "problem": -2,
  "problemau": -2,
  "profedigaeth": -2,
  "proffidiol": 2,
  "profiteer": -2,
  "propaganda": -2,
  "protest": -2,
  "protestiadau": -2,
  "protestio": -2,
  "pryder": -2,
  "pryderon": -3,
  "pryfocio": -1,
  "pseudoscience": -3,
  "pur": 1,
  "puraf": 1,
  "pwdr": -3,
  "pwdu": -2,
  "pwerus": 2,
  "pwrpasol": 2,
  "pwyll": 2,
  "pwysau": -1,
  "pwysigrwydd": 2,
  "Pwysleisiodd": -2,
  "rage": -2,
  "rageful": -2,
  "ragweld": 1,
  "rant": -3,
  "ranter": -3,
  "Ranters": -3,
  "rants": -3,
  "rapist": -4,
  "Rapture": 2,
  "raptured": 2,
  "raptures": 2,
  "rebel": -2,
  "repercussion": -2,
  "repulse": -1,
  "repulsed": -2,
  "restful": 2,
  "retard": -2,
  "retarded": -2,
  "revengeful": -2,
  "rhad ac am ddim": 1,
  "rhagfarn": -1,
  "rhagfarnllyd": -2,
  "rhagolygon": 1,
  "rhagoriaeth": 3,
  "rhagorol": 3,
  "rhagrithiol": -2,
  "rhagweithiol": 2,
  "rhamant": 2,
  "rhamantus": 2,
  "rhannau": 1,
  "rhannu": 1,
  "rhegi": -2,
  "rheibus": -2,
  "rheithfarn": -1,
  "rheithfarnau": -1,
  "rhinweddau": 2,
  "rhinweddol": 2,
  "rhodd": 2,
  "rhoi": 2,
  "rhoi boddhad": 2,
  "rhoi hwb": 1,
  "rhosyn": 1,
  "rhwyddineb": 2,
  "rhwygo": -2,
  "rhwymedd": -2,
  "rhwystr": -2,
  "rhwystrau": -2,
  "rhwystredig": -2,
  "rhwystredigaeth": -2,
  "rhwystro": -2,
  "rhwystrol": -2,
  "rhwystrwyd": -2,
  "rhybedio": 3,
  "rhybudd": -3,
  "rhybuddio": -2,
  "rhybuddiodd": -2,
  "rhybuddion": -3,
  "rhydd": -3,
  "rhyddhad": 2,
  "rhyddhau": 2,
  "rhyddhau o fai": 2,
  "rhyddid": 2,
  "rhyfedd": -2,
  "rhyfeddodau": 3,
  "rhyfeddol": 4,
  "rhyfeddu": 3,
  "Rhyfel": -2,
  "rhyfela": -2,
  "rhyw fath": 0,
  "rhywiaethol": -2,
  "rig": -1,
  "risg": -2,
  "risgiau": -2,
  "rob": -2,
  "ROFL": 4,
  "roflcopter": 4,
  "roflmao": 4,
  "romantical": 2,
  "rotfl": 4,
  "rotflmfao": 4,
  "rotflol": 4,
  "rwystro": -2,
  "ryddfarnu": 2,
  "ryfeddu": 3,
  "sabotage": -2,
  "sadden": -2,
  "saethu": -1,
  "sâl": -2,
  "saliwt": 2,
  "saluting": 2,
  "salwch": -2,
  "sarhad": -2,
  "sarhau": -2,
  "sarhaus": -2,
  "sathru": -2,
  "savange": -2,
  "savanges": -2,
  "sbam": -2,
  "scumbag": -4,
  "sefydlog": 2,
  "seicopathig": -2,
  "selog": 2,
  "sensoriaid": -2,
  "sensro": -2,
  "serchog": 3,
  "sexistic": -2,
  "sexy": 3,
  "sgam": -2,
  "sgamiau": -2,
  "sgandal": -3,
  "sgandalau": -3,
  "sgeptig": -2,
  "sgîleffaith": -2,
  "sgil effeithiau": -2,
  "sgrechian": -2,
  "sgriwio": -2,
  "sgŵp": 3,
  "shithead": -4,
  "shitty": -3,
  "shoody": -2,
  "siawns": 2,
  "sicrhau": 1,
  "sicrhawyd": 2,
  "sigh": -2,
  "sigledig": -2,
  "singleminded": -2,
  "sinig": -2,
  "sinigaidd": -2,
  "sinigiaeth": -2,
  "sinistr": -2,
  "sioc": -2,
  "siociau": -2,
  "siom": -2,
  "siomedig": -2,
  "siomedigaethau": -2,
  "siomi": -2,
  "siriol": 2,
  "siwio": -2,
  "slaes": -2,
  "slashing": -2,
  "slic": 2,
  "slickest": 2,
  "slip": -1,
  "slumping": -1,
  "slut": -5,
  "smart": 1,
  "smartest": 2,
  "smuggles": -2,
  "smyglo": -2,
  "sneaky": -1,
  "snub": -2,
  "snubbing": -2,
  "snubs": -2,
  "sobreiddiol": 1,
  "soffistigedig": 2,
  "solid": 2,
  "solidified": 2,
  "solidifies": 2,
  "solidify": 2,
  "solidifying": 2,
  "somber": -2,
  "soothed": 3,
  "sownd": -2,
  "spamio": -2,
  "spammer": -3,
  "spammers": -3,
  "Sparkles": 3,
  "spiritless": -2,
  "spiteful": -2,
  "spotless": 2,
  "sprightly": 2,
  "squelched": -1,
  "stab": -2,
  "stabs": -2,
  "staen": -2,
  "stamina": 2,
  "stampede": -2,
  "starved": -2,
  "stereoteip": -2,
  "stereoteipio": -2,
  "stingy": -2,
  "stinked": -2,
  "stinker": -2,
  "stinky": -2,
  "stolio": -2,
  "stondin": -2,
  "stopio": -1,
  "stowt": 2,
  "straen": -1,
  "streic": -1,
  "streiciau": -1,
  "streicwyr": -2,
  "stressor": -2,
  "stupidity": -3,
  "stŵr": -3,
  "styfnig": -2,
  "suave": 2,
  "subpoena": -2,
  "sucks": -3,
  "suddlawn": -1,
  "sue": -2,
  "sueing": -2,
  "Sues": -2,
  "sugno": -3,
  "sulky": -2,
  "sullen": -2,
  "super": 3,
  "sweetest": 3,
  "swil": -1,
  "swindle": -3,
  "swindling": -3,
  "swnllyd": -1,
  "swrth": -2,
  "swyn": 3,
  "swyno": 3,
  "swynol": 1,
  "sydd dan amheuaeth": -1,
  "sydd wedi cwympo": -2,
  "sydd wedi darfod": -2,
  "syfrdanol": 4,
  "syfrdanu": -2,
  "sylweddol": 1,
  "symlrwydd": 1,
  "symud": -1,
  "syrthni": -2,
  "syth": 1,
  "taflu": -1,
  "tagu": -2,
  "talent": 2,
  "talu": -1,
  "talu teyrnged": 2,
  "tân": -2,
  "tanamcangyfrif": -1,
  "tanberfformio": -2,
  "tangyflawni": -2,
  "tanio": -2,
  "tanseilio": -2,
  "tanseiliol": -2,
  "tard": -2,
  "tarfu": -2,
  "tarfu ar": -2,
  "tarnish": -2,
  "tarnishes": -2,
  "taro": -1,
  "tawel": 2,
  "tawelu": 2,
  "tawelu meddwl": 1,
  "tegwch": 2,
  "teimlad": 1,
  "tendr": 2,
  "tennyn": 2,
  "tensiwn": -1,
  "terfynau": -1,
  "terfysg": -2,
  "terfysgoedd": -2,
  "terfysgol": -2,
  "terfysgwyr": -2,
  "terrific": 4,
  "terrifically": 4,
  "terrorize": -3,
  "terrorizes": -3,
  "teyrnasu": 1,
  "teyrngarwch": 3,
  "thwarts": -2,
  "thwyll": -3,
  "timorous": -2,
  "tirnod": 2,
  "tisian": -2,
  "tits": -2,
  "tiwmor": -2,
  "tlodi": -1,
  "tlotach": -2,
  "tlotaf": -2,
  "tlysau": 1,
  "tolc": -2,
  "top": 2,
  "topiau": 2,
  "toriadau": -2,
  "torri": -1,
  "torri ar draws": -2,
  "torri ei galon": -3,
  "torrodd": -1,
  "tortures": -4,
  "tosturi": 2,
  "tosturiol": 2,
  "totalitaraidd": -2,
  "totalitariaeth": -2,
  "tout": -2,
  "touted": -2,
  "touts": -2,
  "towtio": -2,
  "trachwant": -3,
  "trafferth": -2,
  "trafferthion": -2,
  "trafferthu": -2,
  "trais": -3,
  "traisgysylltiedig": -3,
  "trallod": -2,
  "tramgwyddo": -2,
  "tramgwyddwr": -2,
  "tramgwyddwyr": -2,
  "transgresses": -2,
  "trap": -1,
  "trapiau": -1,
  "trasiedïau": -2,
  "trasig": -2,
  "travesty": -2,
  "trawiadol": 3,
  "trawma": -3,
  "trechu": -2,
  "trefnus": 2,
  "treigl": -1,
  "treisgar": -3,
  "treisio": -4,
  "tremors": -2,
  "tremulous": -2,
  "trin": -1,
  "Trin": -1,
  "tristwch": -2,
  "troi allan": -1,
  "trolio": -2,
  "trosedd": -2,
  "troseddau": -3,
  "troseddau yn erbyn": -2,
  "troseddol": -3,
  "troseddu": -2,
  "troseddwr": -2,
  "troseddwyr": -3,
  "truenus": -3,
  "trugarog": 2,
  "trychineb": -2,
  "trychinebau": -2,
  "trychinebus": -4,
  "trylwyr": 3,
  "trysor": 2,
  "trysorau": 2,
  "turio": -2,
  "twat": -5,
  "twf": 2,
  "twpsyn": -3,
  "twyll": -4,
  "twyllo": -3,
  "twyllodrus": -4,
  "twyllwr": -4,
  "twyllwyr": -4,
  "twymyn": -2,
  "tyfiannau": 2,
  "tyfu": 1,
  "tynerwch": 2,
  "tynghedu": -2,
  "tyngu": -2,
  "tynnu sylw": -2,
  "tyran": -3,
  "tyrannic": -3,
  "tyrannically": -3,
  "tyrans": -3,
  "tywyll": -2,
  "tywyllaf": -2,
  "tywyllwch": -1,
  "uchafbwynt": 2,
  "uchel ei barch": 2,
  "uchelgeisiol": 2,
  "uchelgyhuddiad": -3,
  "uffern": -4,
  "uffernol": -2,
  "unappeasable": -2,
  "unavailing": -2,
  "uncredited": -1,
  "undod": 2,
  "undonog": -1,
  "unedig": 1,
  "unequalled": 2,
  "uneventful": -2,
  "unfunny": -2,
  "ungenerous": -2,
  "unig": -2,
  "unimpressed": -2,
  "uninvolving": -2,
  "uniondeb": 2,
  "unlovable": -2,
  "unmatched": 1,
  "unreleting": -2,
  "unresearched": -2,
  "unrhyw wreiddioldeb": -2,
  "unstoppable": 2,
  "unwaithmewnoes": 3,
  "uptight": -2,
  "urddas": 2,
  "uselessness": -2,
  "uwch": 1,
  "uwchraddol": 2,
  "vapid": -2,
  "vexing": -2,
  "victimizes": -3,
  "victor": 3,
  "vindicating": 2,
  "wadiad": -2,
  "wael": -2,
  "waeth": -3,
  "wahaniaethol": -2,
  "wahaniaethu": -2,
  "walkouts": -2,
  "wallgof": -2,
  "wan": -2,
  "wanker": -3,
  "warchodir": 1,
  "warmhearted": 2,
  "warmness": 2,
  "warth": -2,
  "wastraffu": -2,
  "watwar": -2,
  "wavering": -1,
  "Waw": 4,
  "weary": -2,
  "weddw": -1,
  "wedi blino": -2,
  "wedi cael llond bol": -3,
  "weithgar": 1,
  "wên": 2,
  "wenwynig": -3,
  "werth": 2,
  "werthfawrogi": -2,
  "whore": -4,
  "WINWIN": 3,
  "wirion": -2,
  "woebegone": -2,
  "won": 3,
  "woo": 3,
  "woohoo": 3,
  "wooo": 4,
  "woow": 4,
  "wowow": 4,
  "wowww": 4,
  "wps": -2,
  "wrathful": -3,
  "wreichionen": 1,
  "wrenching": -2,
  "wrol": 2,
  "wrongdoings": -2,
  "wronged": -2,
  "wtf": -4,
  "wtff": -4,
  "wtfff": -4,
  "wylaidd": -2,
  "wyliadwrus": 3,
  "wyllt": -3,
  "wylo": -2,
  "Wynfydol": 3,
  "wyrth": 4,
  "XO": 3,
  "xoxo": 3,
  "xoxoxo": 4,
  "xoxoxoxo": 4,
  "y bai": -2,
  "Ych": -2,
  "yeah": 1,
  "yeees": 2,
  "ymatebol": 2,
  "ymddiheuriad": -1,
  "ymddiheuro": -1,
  "Ymddiheurodd": -1,
  "ymddiried": 2,
  "ymddiriedaeth": 1,
  "ymddiriedolaethau": 1,
  "ymddiriedwyd": 2,
  "ymddiswyddo": -1,
  "ymddiswyddodd": -1,
  "ymddygiad bygythiol yn": -2,
  "ymddygiad ymosodol": -2,
  "ymelwa": -2,
  "ymestyn": 1,
  "ymffrostgar": -2,
  "ymgiprysadwy": -2,
  "ymgodymu": -1,
  "ymgolli": 1,
  "ymgyfreitha": -1,
  "ymgysylltu": 1,
  "ymladd": -2,
  "ymledu": -2,
  "ymlid": -2,
  "ymlwybro": -2,
  "ymofidiasant": -2,
  "ymofynno": -2,
  "ymosod": -1,
  "ymosodiad": -2,
  "ymosodiadau": -1,
  "ymosodol": -2,
  "ymosodwyd": -1,
  "ymroddedig": 1,
  "ymroddiad": 2,
  "ymrwymiad": 2,
  "ymrwymo": 1,
  "ymuno": 1,
  "ymwthgar": -1,
  "ymyriadau": -2,
  "ymyrraeth": -2,
  "yn addoli": 3,
  "yn adfer": 1,
  "yn amau": -1,
  "yn amharu": -2,
  "yn anffodus": -2,
  "yn anfwriadol": -2,
  "yn anghyfreithlon": -3,
  "yn annymunol": -2,
  "yn atal": -1,
  "yn bendithio": 2,
  "yn briodol": 2,
  "yn brydlon": 1,
  "Yn camddeall": -2,
  "yn chwydu": -3,
  "yn codi": 1,
  "yn colli": -3,
  "yn condemnio": -2,
  "yn cosbi": -2,
  "yn crap": -3,
  "yn croesawu": 2,
  "yn cyfaddef": -1,
  "yn cyflawni": 2,
  "yn cyfrannu": 2,
  "Yn cyfyngu": -2,
  "yn cymeradwyo": 2,
  "Yn cymeradwyo": 2,
  "Yn cymryd rhan": 1,
  "yn cynnwys i fyny": -3,
  "yn cytuno": 1,
  "yn ddadleuol": -2,
  "yn ddiwaith": -1,
  "yn ddiogel": 1,
  "yn dilysu": 1,
  "yn dioddef": -2,
  "yn dirywio": -2,
  "yn drysu": -2,
  "yn dymuno": 1,
  "yn ehangu": 1,
  "yn erlyn": -1,
  "yn esgeuluso": -2,
  "yn esgus": -1,
  "yn euog": -2,
  "yn falch": 2,
  "yn ffodus": 2,
  "yn fwy diogel": 2,
  "yn fyw": 1,
  "yn gadarnhaol": 2,
  "yn galaru": -2,
  "yn gas": -3,
  "yn glir": 1,
  "yn gorymateb": -2,
  "yn gosod": -1,
  "yn gresynu": -3,
  "yn gwadu": -2,
  "yn gwaethygu": -3,
  "yn gwella": 2,
  "yn gwrthdaro": -2,
  "yn gyfan": 2,
  "yn gyflym": 2,
  "yn hyderus": 2,
  "yn hyrwyddo": 1,
  "yn llawen": 3,
  "yn llwyddiannus": 3,
  "yn marw": -3,
  "yn methu": -2,
  "yn ofalus": 2,
  "yn ôl y gyfraith": 1,
  "yn Penderfynu": 2,
  "yn rhoi hwb": 1,
  "yn rhwystro": -2,
  "yn rhybuddio": -2,
  "yn rhyddhau": 2,
  "yn sylweddol": 1,
  "yn tynnu": -1,
  "yn wir": 2,
  "yn ymddiheuro": -1,
  "yn ymddiswyddo": -1,
  "yn ymestyn": 1,
  "yn ymrwymo": 1,
  "ynysig": -1,
  "yr effeithir arnynt": -1,
  "ysblennydd": 3,
  "ysbryd": -1,
  "ysbrydion": -2,
  "ysbrydoledig": 3,
  "ysbrydoli": 2,
  "ysbrydoliaeth": 2,
  "ysbyty": -2,
  "ysgafn": 1,
  "ysgogi": -1,
  "ysgogol": 2,
  "ysmala": 2,
  "ystryw": -2,
  "ystumio": -2,
  "ystyfnig": -2,
  "ystyrlon": 2,
  "yucky": -2,
  "zealot": -2,
  "zealots": -2
}