{
  "abhorred": -3,
  "abhorrent": -3,
  "aborts": -1,
  "absentee": -1,
  "absentees": -1,
  "absolved": 2,
  "absolves": 2,
  "absolving": 2,
  "accolade": 2,
  "accuses": -2,
  "achievable": 1,
  "aching": -2,
  "acquits": 2,
  "acquitted": 2,
  "acquitting": 2,
  "acrimonious": -3,
  "admires": 3,
  "admonish": -2,
  "adopts": 1,
  "adoration": 3,
  "adore": 3,
  "adores": 3,
  "adoring": 3,
  "adoringly": 3,
  "advantageously": 2,
  "adventurous": 2,
  "affronted": -1,
  "aficionados": 2,
  "aggravated": -2,
  "aggravates": -2,
  "aggressiveness": -2,
  "aghast": -2,
  "agog": 2,
  "agonises": -3,
  "agonize": -3,
  "agonized": -3,
  "agonizes": -3,
  "agonizing": -3,
  "alarmist": -2,
  "alarmists": -2,
  "altruistic": 2,
  "amazes": 2,
  "ambivalent": -1,
  "amused": 3,
  "amusements": 3,
  "annoys": -2,
  "antagonistic": -2,
  "apeshit": -3,
  "apocalyptic": -2,
  "apologizing": -1,
  "appalled": -2,
  "appeased": 2,
  "appeases": 2,
  "appeasing": 2,
  "applauded": 2,
  "applauds": 2,
  "approves": 2,
  "arsehole": -4,
  "assassinations": -3,
  "assaults": -2,
  "assfucking": -4,
  "astounded": 3,
  "astoundingly": 3,
  "astounds": 3,
  "atrocious": -3,
  "atrocity": -3,
  "audacious": 3,
  "avenged": -2,
  "avengers": -2,
  "avenges": -2,
  "avenging": -2,
  "averted": -1,
  "averts": -1,
  "axed": -1,
  "badass": -3,
  "bamboozled": -2,
  "bamboozles": -2,
  "bankster": -3,
  "barbarous": -2,
  "Bastards": -5,
  "beatific": 3,
  "beautify": 3,
  "befit": 2,
  "belittled": -2,
  "benefactors": 2,
  "benefitted": 2,
  "benefitting": 2,
  "benevolent": 3,
  "bereave": -2,
  "bereaves": -2,
  "bereaving": -2,
  "betrays": -3,
  "biased": -2,
  "Bitches": -5,
  "bitterest": -2,
  "blackmailed": -3,
  "blackmailing": -3,
  "blackmails": -3,
  "Blah": -2,
  "blaming": -2,
  "blissful": 3,
  "bothers": -2,
  "bothersome": -2,
  "boycott": -2,
  "boycotted": -2,
  "boycotting": -2,
  "boycotts": -2,
  "brainwashing": -3,
  "braveness": 2,
  "bravura": 3,
  "breached": -2,
  "breaches": -2,
  "breaching": -2,
  "bribed": -3,
  "bribing": -3,
  "brightest": 2,
  "brilliances": 3,
  "brisk": 2,
  "brooding": -2,
  "Bummer": -2,
  "buoyant": 2,
  "burdening": -2,
  "calms": 2,
  "captivated": 3,
  "carefulness": 2,
  "celebrates": 3,
  "censors": -2,
  "chagrin": -2,
  "chagrined": -2,
  "championed": 2,
  "charmingly": 3,
  "charmless": -3,
  "chastise": -3,
  "chastised": -3,
  "chastises": -3,
  "chastising": -3,
  "cheater": -3,
  "cheaters": -3,
  "Cheats": -3,
  "cheered": 2,
  "cheerless": -2,
  "cheery": 3,
  "cherishes": 2,
  "chide": -3,
  "chided": -3,
  "chides": -3,
  "chiding": -3,
  "Chilling": -1,
  "chokes": -2,
  "choking": -2,
  "clarifies": 2,
  "classy": 3,
  "clouded": -1,
  "Clueless": -2,
  "cocksucker": -5,
  "Cocksuckers": -5,
  "cocky": -2,
  "coerced": -2,
  "collapsing": -2,
  "collides": -1,
  "colluding": -3,
  "combats": -1,
  "commits": 1,
  "Committing": 1,
  "compelled": 1,
  "competencies": 1,
  "complains": -2,
  "complicating": -2,
  "complimented": 2,
  "compliments": 2,
  "conciliate": 2,
  "conciliated": 2,
  "conciliates": 2,
  "conciliating": 2,
  "conflictive": -2,
  "consents": 2,
  "consolable": 2,
  "contagion": -2,
  "contagions": -2,
  "contaminant": -2,
  "contaminates": -2,
  "contaminating": -2,
  "contaminations": -2,
  "contemptuous": -2,
  "contemptuously": -2,
  "contend": -1,
  "contending": -1,
  "contentious": -2,
  "contestable": -2,
  "controversially": -2,
  "controversies": -2,
  "convivial": 2,
  "cornered": -2,
  "corrupts": -3,
  "coziness": 2,
  "cramp": -1,
  "crazier": -2,
  "craziest": -2,
  "crestfallen": -2,
  "criminate": -3,
  "criminated": -3,
  "criminates": -3,
  "criticizes": -2,
  "critique": -2,
  "crowding": -1,
  "Cunt": -5,
  "cutback": -2,
  "cynic": -2,
  "cynical": -2,
  "cynicism": -2,
  "daredevil": 2,
  "dauntless": 2,
  "deadening": -2,
  "deadlock": -2,
  "deafening": -1,
  "debonair": 2,
  "defenseless": -2,
  "deferring": -1,
  "deformity": -2,
  "defrauds": -3,
  "deft": 2,
  "defunct": -2,
  "degrades": -2,
  "dehumanize": -2,
  "dehumanized": -2,
  "dehumanizes": -2,
  "dehumanizing": -2,
  "deject": -2,
  "dejecting": -2,
  "dejects": -2,
  "delectable": 3,
  "delightfully": 3,
  "delighting": 3,
  "demoralized": -2,
  "demoralizes": -2,
  "demoralizing": -2,
  "denier": -2,
  "deniers": -2,
  "deplored": -3,
  "deplores": -3,
  "deploring": -3,
  "deported": -2,
  "deporting": -2,
  "deports": -2,
  "depressing": -2,
  "deprivation": -3,
  "derailed": -2,
  "derails": -2,
  "derelict": -2,
  "derided": -2,
  "derides": -2,
  "deriding": -2,
  "despairing": -3,
  "despairs": -3,
  "despondent": -3,
  "detained": -2,
  "deteriorate": -2,
  "deteriorates": -2,
  "deterrent": -2,
  "detracted": -1,
  "devastation": -2,
  "devastations": -2,
  "dickhead": -4,
  "diffident": -2,
  "dilligence": 2,
  "dipshit": -3,
  "direful": -3,
  "dirtier": -2,
  "dirtiest": -2,
  "disagreeable": -2,
  "disapprovals": -2,
  "disapproves": -2,
  "disbelieve": -2,
  "disconsolate": -2,
  "disconsolation": -2,
  "discontented": -2,
  "discriminated": -2,
  "discriminates": -2,
  "discriminating": -2,
  "disguises": -1,
  "disguising": -1,
  "disgustful": -3,
  "disheartened": -2,
  "disinclined": -2,
  "disjointed": -2,
  "dismal": -2,
  "dismayed": -2,
  "disorganized": -2,
  "disoriented": -2,
  "disparage": -2,
  "disparaged": -2,
  "disparages": -2,
  "disparaging": -2,
  "disproportionate": -2,
  "disquiet": -2,
  "disregarded": -2,
  "disregarding": -2,
  "disregards": -2,
  "disrespected": -2,
  "disrupting": -2,
  "disrupts": -2,
  "distasteful": -2,
  "distorts": -2,
  "distracts": -2,
  "disturbs": -2,
  "dodging": -2,
  "dolorous": -2,
  "doubted": -1,
  "downcast": -2,
  "downer": -2,
  "drags": -1,
  "dreaded": -2,
  "dreading": -2,
  "dreary": -2,
  "droopy": -2,
  "drowns": -2,
  "drudgery": -2,
  "dud": -2,
  "dupe": -2,
  "duped": -2,
  "dupery": -2,
  "eerie": -2,
  "eery": -2,
  "effortlessly": 2,
  "elated": 3,
  "elation": 3,
  "elegantly": 2,
  "embarrasses": -2,
  "embezzlement": -3,
  "embittered": -2,
  "ENCHANTED": 2,
  "endorses": 2,
  "engrossing": 3,
  "enlightening": 2,
  "ennui": -2,
  "enrage": -2,
  "enrages": -2,
  "enraging": -2,
  "enslaves": -2,
  "enterprising": 1,
  "enthrall": 3,
  "envies": -1,
  "envying": -1,
  "ErrorUndefined": -2,
  "escaping": -1,
  "euphoric": 4,
  "evacuates": -1,
  "evacuating": -1,
  "evergreening": -3,
  "exacerbate": -2,
  "exacerbated": -2,
  "exacerbating": -2,
  "exaggerates": -2,
  "exaggerating": -2,
  "exasparate": -2,
  "exasperates": -2,
  "exasperating": -2,
  "excruciatingly": -1,
  "exhilarated": 3,
  "exhilarates": 3,
  "exonerates": 2,
  "exonerating": 2,
  "expelling": -2,
  "expels": -2,
  "expertly": 2,
  "extremist": -2,
  "extremists": -2,
  "exuberant": 4,
  "exultant": 3,
  "exultantly": 3,
  "fabulously": 4,
  "fag": -3,
  "fagot": -3,
  "fagots": -3,
  "fainthearted": -2,
  "faker": -3,
  "fakes": -3,
  "faking": -3,
  "Fallen": -2,
  "falsified": -3,
  "farce": -1,
  "Fascinate": 3,
  "fascinates": 3,
  "fascists": -2,
  "fatalities": -3,
  "fatality": -3,
  "fatigued": -2,
  "fatigues": -2,
  "fatiguing": -2,
  "favourited": 2,
  "fearlessness": 2,
  "felonies": -3,
  "Felony": -3,
  "fervid": 2,
  "fiasco": -3,
  "fidgety": -2,
  "flustered": -2,
  "fondness": 2,
  "forbidding": -2,
  "foreclosures": -2,
  "Forefront": 1,
  "forgettable": -1,
  "foul": -3,
  "fraudster": -4,
  "fraudsters": -4,
  "fraudulence": -4,
  "Freak": -2,
  "frikin": -2,
  "frisky": 2,
  "frustrates": -2,
  "ftw": 3,
  "fucked": -4,
  "fucker": -4,
  "fuckers": -4,
  "fuckface": -4,
  "fuckhead": -4,
  "Fuckin": -4,
  "fucktard": -4,
  "fud": -3,
  "fuked": -4,
  "fuking": -4,
  "fuming": -2,
  "funerals": -1,
  "funnier": 4,
  "gag": -2,
  "gagged": -2,
  "Gallant": 3,
  "gallantly": 3,
  "genial": 3,
  "ghastly": -2,
  "giddy": -2,
  "glamourous र": 3,
  "gleeful": 3,
  "glum": -2,
  "goddamn": -3,
  "godsend": 4,
  "goodlooking": 3,
  "goofiness": -2,
  "goofy": -2,
  "gr8": 3,
  "gratification": 2,
  "greenwasher": -3,
  "greenwashers": -3,
  "greenwashing": -3,
  "greets": 1,
  "gripping": 2,
  "grisly": -2,
  "groaned": -2,
  "growths": 2,
  "gullibility": -2,
  "haha": 3,
  "hahaha": 3,
  "hahahah": 3,
  "Hallelujah": 3,
  "handpicked": 1,
  "hapless": -2,
  "haplessness": -2,
  "happiest": 3,
  "harasses": -3,
  "hardier": 2,
  "harming": -2,
  "harried": -2,
  "harsher": -2,
  "harshest": -2,
  "hater": -3,
  "haunt": -1,
  "haunting": 1,
  "haunts": -1,
  "heartbroken": -3,
  "heartless": -2,
  "heavyhearted": -2,
  "hellish": -2,
  "homicides": -2,
  "hooligan": -2,
  "hooliganism": -2,
  "hooligans": -2,
  "horrid": -3,
  "horrified": -3,
  "hospitalized": -2,
  "huckster": -2,
  "humbug": -2,
  "humerous": 3,
  "humourous": 2,
  "hurray": 5,
  "hysterical": -3,
  "hysterics": -3,
  "icky": -3,
  "idiocy": -3,
  "imbecile": -3,
  "immobilized": -1,
  "impairing": -2,
  "impairs": -2,
  "impeachment": -3,
  "impeachments": -3,
  "impeded": -2,
  "impedes": -2,
  "impeding": -2,
  "impedingly": -2,
  "imposes": -1,
  "imposing": -1,
  "imposter": -2,
  "impotent": -2,
  "inaction": -2,
  "incapacitated": -2,
  "incapacitates": -2,
  "incapacitating": -2,
  "incensed": -2,
  "incenses": -2,
  "incensing": -2,
  "incoherent": -2,
  "incompetence": -2,
  "indecisive": -2,
  "indicted": -2,
  "indifferent": -2,
  "indignation": -2,
  "indoctrinate": -2,
  "indoctrinated": -2,
  "indoctrinates": -2,
  "indoctrinating": -2,
  "inediable": -2,
  "ineffectively": -2,
  "ineffectual": -2,
  "inefficiency": -2,
  "inefficiently": -2,
  "inept": -2,
  "ineptitude": -2,
  "inexorable": -3,
  "infantilized": -2,
  "infatuated": 2,
  "infatuation": 2,
  "infects": -2,
  "infest": -2,
  "infested": -2,
  "infesting": -2,
  "infests": -2,
  "inflamed": -2,
  "inflicted": -2,
  "inflicting": -2,
  "inflicts": -2,
  "infract": -2,
  "infracted": -2,
  "infracting": -2,
  "infracts": -2,
  "infuriates": -2,
  "infuriating": -2,
  "innovates": 1,
  "inoperative": -2,
  "insensitivity": -2,
  "insipid": -2,
  "intimidates": -2,
  "intimidating": -2,
  "intransigence": -2,
  "intransigency": -2,
  "intrigues": 1,
  "invulnerable": 2,
  "irate": -3,
  "irreparable": -2,
  "irreproducible": -2,
  "irresistible": 2,
  "irresistibly": 2,
  "irresolute": -2,
  "irresponsibly": -2,
  "irreversibly": -1,
  "itchy": -2,
  "jackass": -4,
  "jackasses": -4,
  "jailed": -2,
  "jaunty": 2,
  "jeopardy": -2,
  "Jerk": -3,
  "jewel": 1,
  "Jewels": 1,
  "jocular": 2,
  "Jokes": 2,
  "joyless": -2,
  "Jubilant": 3,
  "Jumpy": -1,
  "kickback": -3,
  "kickbacks": -3,
  "kidnapped": -2,
  "kidnappings": -2,
  "kidnaps": -2,
  "Kinder": 2,
  "kudos": 3,
  "lackadaisical": -2,
  "lagged": -2,
  "lags": -2,
  "lapsed": -1,
  "laughting": 1,
  "lawl": 3,
  "lawsuits": -2,
  "lethality": -2,
  "lethargic": -2,
  "lethargy": -2,
  "libelous": -2,
  "Lifesaver": 4,
  "lighthearted": 1,
  "likeable": 2,
  "likers": 2,
  "litigious": -2,
  "LMAO": 4,
  "Lmfao": 4,
  "loathe": -3,
  "loathed": -3,
  "loathes": -3,
  "loathing": -3,
  "lobbied": -2,
  "lobbyist": -2,
  "lobbyists": -2,
  "lol": 3,
  "lolol": 4,
  "lololol": 4,
  "lolololol": 4,
  "lonesome": -2,
  "lool": 3,
  "loomed": -1,
  "looms": -1,
  "loool": 3,
  "looool": 3,
  "looses": -3,
  "lovelies": 3,
  "luckily": 3,
  "ludicrous": -3,
  "lugubrious": -2,
  "lunatic": -3,
  "lunatics": -3,
  "lurking": -1,
  "lurks": -1,
  "macabre": -2,
  "maddening": -3,
  "madly": -3,
  "maladaption": -2,
  "maldevelopment": -2,
  "manipulated": -1,
  "manipulating": -1,
  "Marvel": 3,
  "marvels": 3,
  "masterpieces": 4,
  "mediocrity": -3,
  "melancholy": -2,
  "memoriam": -2,
  "menace": -2,
  "menaced": -2,
  "menaces": -2,
  "mesmerizing": 3,
  "methodical": 2,
  "methodically": 2,
  "mindless": -2,
  "mirthful": 3,
  "mirthfully": 3,
  "misbehaved": -2,
  "misbehaves": -2,
  "misbranding": -3,
  "miscast": -2,
  "mischiefs": -1,
  "misclassified": -2,
  "misclassifies": -2,
  "misclassify": -2,
  "misconducted": -2,
  "misconducting": -2,
  "misconducts": -2,
  "misfire": -2,
  "misfortune": -2,
  "misgiving": -2,
  "misleaded": -3,
  "misleads": -3,
  "misplaces": -2,
  "misplacing": -2,
  "mispricing": -3,
  "misread": -1,
  "misreport": -2,
  "misreported": -2,
  "misreporting": -2,
  "misreports": -2,
  "misrepresentations": -2,
  "misrepresenting": -2,
  "mistaking": -2,
  "misunderstands": -2,
  "misuses": -2,
  "misusing": -2,
  "moaned": -2,
  "moaning": -2,
  "moans": -2,
  "mocked": -2,
  "mocking": -2,
  "mocks": -2,
  "modernizes": 2,
  "modernizing": 2,
  "mongering": -2,
  "monopolize": -2,
  "monopolized": -2,
  "monopolizes": 2,
  "monopolizing": -1
}