{
  "abhorred": -3,
  "abhors": -3,
  "absorberad": 1,
  "abused": -3,
  "acceptera": 1,
  "accepterad": 1,
  "accepterar": 1,
  "accolade": 2,
  "ack": -1,
  "äcklad": -3,
  "äcklig": -3,
  "acquits": 2,
  "acquitting": 2,
  "ädel": 2,
  "ädla": 3,
  "ädlaste": 2,
  "admonished": -2,
  "adores": 3,
  "adoringly": 3,
  "affectionateness": 3,
  "aficionados": 2,
  "agar": -3,
  "aggression": -2,
  "aggressioner": -2,
  "aggressiv": -2,
  "aggressivitet": -2,
  "agog": 2,
  "agonised": -3,
  "agoniserar": -3,
  "agonises": -3,
  "aj": -2,
  "aktad": 2,
  "aktier": 1,
  "aktiva": 1,
  "aktning": 2,
  "ålägger": -1,
  "ålagts": -1,
  "alarmerande": -2,
  "alarmists": -2,
  "alienation": -2,
  "allergisk": -2,
  "allestädes närvarande": 2,
  "alliera": 2,
  "allvarlig": 2,
  "allvarligt": -2,
  "älska": 3,
  "älskad": 3,
  "älskar": 3,
  "älskvärd": 2,
  "altruistisk": 2,
  "ambitiös": 2,
  "ambivalent": -1,
  "analfabetism": -2,
  "anbud": 2,
  "ande": 1,
  "anfall": -2,
  "anförtros": 2,
  "angelägen": 1,
  "angenäm": 3,
  "ånger": -2,
  "angers": -3,
  "ångest": -2,
  "ångra": -2,
  "ångrade sig": -2,
  "angrep": -3,
  "angripet": -2,
  "ängs": -2,
  "ängslig": -2,
  "anhållanden": -2,
  "anhängare": 1,
  "anklaga": -2,
  "anklagar": -2,
  "anklagelse": -2,
  "anklagelser": -2,
  "anlöpningar": -2,
  "anlupen": -2,
  "anmärkningsvärd": 2,
  "annullera": -1,
  "ansluta sig": 1,
  "ANSTÅ": 2,
  "anstår": 2,
  "ansträngning": 2,
  "ansvar": 1,
  "ansvarig": 2,
  "anta": 1,
  "antagonistisk": -2,
  "antar": 1,
  "anti": -1,
  "användbar": 2,
  "användbarhet": 2,
  "apati": -3,
  "apatisk": -3,
  "apeshit": -3,
  "apokalyptiskt": -2,
  "apologizes": -1,
  "appeased": 2,
  "appeases": 2,
  "applåde": 2,
  "applåder": 2,
  "applådera": 2,
  "applåderar": 2,
  "är sämre": -2,
  "ära": 2,
  "arbetslös": -1,
  "arbetslöshet": -2,
  "arbetsoförmögna": -2,
  "ärekränkande": -2,
  "arg": -3,
  "argbigga": -4,
  "ärlig": 2,
  "ärr": -2,
  "arrestera": -2,
  "arresterad": -3,
  "arrogant": -2,
  "arsehole": -4,
  "artig": 2,
  "artighet": 2,
  "åsamkar": -2,
  "askgrå": -2,
  "åsna": -4,
  "Assfucking": -4,
  "åstadkommer": 2,
  "astounds": 3,
  "åtal": -1,
  "åtala": -1,
  "åtalad": -2,
  "åtalats": -2,
  "Åter": 1,
  "återställa": 1,
  "återuppliva": 2,
  "återupplivar": 2,
  "återverkan": -2,
  "återverkningar": -2,
  "åtnjöt": 2,
  "åtnjutande": 2,
  "åtnjuter": 2,
  "Att skada": -2,
  "attacke": -1,
  "attacker": -1,
  "attackera": -1,
  "attraktion": 2,
  "attraktioner": 2,
  "attraktiv": 2,
  "attraktivitet": 2,
  "attraktivt": 2,
  "aura": 1,
  "av misstag": -2,
  "Avancerad": 1,
  "avbrott": -2,
  "avbruten": -1,
  "avbryta": -2,
  "avbryter": -1,
  "avbryts": -1,
  "Avenged": -2,
  "äventyr": 2,
  "äventyrlig": 2,
  "averts": -1,
  "avfall": -1,
  "avfärdas": -2,
  "avgå": -1,
  "avgår": -1,
  "avgörande": 1,
  "avhumaniserar": -2,
  "avleda": -1,
  "avseenden": 2,
  "avskärmning": -2,
  "avskräckande": -2,
  "avskräckt": -2,
  "avskum": -3,
  "avsky": -2,
  "avskyr": -3,
  "avskyvärd": -3,
  "avskyvärda": -3,
  "avslag": -2,
  "avslappnad": 2,
  "avstannat": -2,
  "avtal": 1,
  "avund": -1,
  "avundas": -1,
  "avundsjuk": -2,
  "avvärja": -1,
  "avvärjas": -1,
  "avvisa": -1,
  "avvisad": -1,
  "avvisar": -1,
  "axed": -1,
  "backar": 2,
  "bad om ursäkt": -1,
  "bads": 3,
  "balanserad": 1,
  "Bamboozle": -2,
  "bamboozled": -2,
  "Bamboozles": -2,
  "bankrutt": -3,
  "Bankster": -3,
  "bära sig illa åt": -2,
  "bärare": 2,
  "barba": -2,
  "barbar": -2,
  "barmhärtighet": 2,
  "barnslig": -2,
  "barriär": -2,
  "bäst": 3,
  "bästa jävla": 4,
  "bastard": -5,
  "bastards": -5,
  "bättre": 2,
  "be": 1,
  "be om ursäkt": -1,
  "beatific": 3,
  "bedövad": -2,
  "bedra": -3,
  "bedragare": -2,
  "bedrägeri": -3,
  "BEDRÄGERI": -2,
  "bedrägerier": -2,
  "bedräglig": -3,
  "bedräglighet": -4,
  "bedröva": -2,
  "bedrövad": -2,
  "BEDRÖVAD": -2,
  "befria": 2,
  "befriad": 2,
  "befrias": 2,
  "begå": 1,
  "begår": 1,
  "begås": -2,
  "begränsa": -2,
  "begränsad": -1,
  "begränsar": -2,
  "begränsning": -1,
  "begravning": -1,
  "begravningar": -1,
  "behaglig": 3,
  "behöll": -1,
  "behörig": 2,
  "behövande": -2,
  "bekämpa": -1,
  "bekämpar": -1,
  "beklagade": -3,
  "beklagande": -2,
  "beklagar": -2,
  "beklagligt": -2,
  "bekräfta": 1,
  "bekväm": 2,
  "bekvämlighet": 2,
  "bekvämligheter": 2,
  "bekvämt": 2,
  "bekymmer": -2,
  "bekymrad": -2,
  "belasta": -2,
  "belastas": -2,
  "belönad": 2,
  "belöningar": 2,
  "bemyndiga": 2,
  "benådas": 2,
  "benådningar": 2,
  "ber": 1,
  "berättigad": 1,
  "bereaves": -2,
  "bereaving": -2,
  "beredd": 1,
  "beroende": 2,
  "beröm": 3,
  "berömd": 3,
  "berömde": 3,
  "berömma": 2,
  "berömmelse": 1,
  "beröva": -2,
  "berövad": -2,
  "berövande": -3,
  "besatt": 2,
  "besegras": -2,
  "besk": -2,
  "beslutar": 2,
  "beslutsam": 2,
  "besparingar": 1,
  "bestört": -2,
  "bestraffar": -2,
  "bestrida": -2,
  "besvär": -2,
  "besvära": -2,
  "besvära sig": -2,
  "besvärar": -2,
  "besvärlig": -2,
  "besvikelse": -2,
  "besvikelser": -2,
  "besviken": -2,
  "betala": -1,
  "betonade": -2,
  "betrodd": 2,
  "betryckt": -2,
  "betryggande": 2,
  "betydelse": 2,
  "beundra": 3,
  "beundrade": 3,
  "beundrande": 3,
  "beundrar": 3,
  "bevilja": 1,
  "beviljande": 1,
  "beviljas": 1,
  "bidrag": 1,
  "bieffekter": -2,
  "bisarr": -2,
  "bismak": -2,
  "bister": -2,
  "bitter": -3,
  "bittert": -2,
  "bittraste": -2,
  "bjuda in": 1,
  "bla": -2,
  "bländande": 3,
  "blast": 2,
  "blidka": 2,
  "blind": -1,
  "BLINDGÅNGARE": -2,
  "block": -1,
  "blockad": -2,
  "blockbuster": 3,
  "blockera": -1,
  "blockerad": -1,
  "blockering": -1,
  "blodig": -3,
  "bluff": -2,
  "blyg": -1,
  "bög": -3,
  "böjelse": 2,
  "bojkotta": -2,
  "bojkottade": -2,
  "bojkottar": -2,
  "bojkotter": -2,
  "bomba": -1,
  "bön": 1,
  "boostar": 1,
  "börda": -2,
  "bördig": 2,
  "bördor": -2,
  "borra": -2,
  "bortfallit": -1,
  "bortförande": -2,
  "bortföranden": -2,
  "bortförda": -2,
  "bortse ifrån": -2,
  "bortser": -2,
  "bortses": -2,
  "bortskämd": -2,
  "borttaget": -2,
  "bosättningar": 1,
  "böter": -2,
  "bra": 3,
  "Bra": 3,
  "brådskande": -1,
  "brand": -2,
  "bränning": -2,
  "bravur": 3,
  "briljans": 3,
  "brilliances": 3,
  "brinnande": 2,
  "brist": -2,
  "brister": -2,
  "bristfällig": -2,
  "brooding": -2,
  "bröst": -2,
  "brott": -2,
  "brottslighet": -3,
  "brottslingar": -3,
  "Brutal": -3,
  "brutalt": -3,
  "bruten": -1,
  "brutit": -2,
  "brutto": -2,
  "BRYTA": -2,
  "bryter": -2,
  "bryter mot": -2,
  "buckla": -2,
  "bygga ut": 1,
  "cancer": -1,
  "carefulness": 2,
  "censorer": -2,
  "censurera": -2,
  "censurerade": -2,
  "chagrined": -2,
  "championed": 2,
  "chans": 2,
  "chanser": 2,
  "charm": 3,
  "charmig": 3,
  "charmless": -3,
  "chastising": -3,
  "cherishing": 2,
  "chic": 2,
  "chide": -3,
  "chided": -3,
  "chides": -3,
  "chiding": -3,
  "chock": -2,
  "chockade": -2,
  "chocker": -2,
  "Clears": 1,
  "clueless": -2,
  "cocksuckers": -5,
  "Commended": 2,
  "conciliated": 2,
  "conciliates": 2,
  "consolable": 2,
  "coola saker": 3,
  "courageousness": 2,
  "criminate": -3,
  "criminated": -3,
  "criminates": -3,
  "cyniker": -2,
  "cynisk": -2,
  "cynism": -2,
  "dålig": -3,
  "dålighet": -3,
  "dåligt": -2,
  "dämpande": -2,
  "dåraktig": -2,
  "dårar": -2,
  "darrning": -2,
  "defekt": -3,
  "defekter": -3,
  "deformerad": -2,
  "deformitet": -2,
  "defrauds": -3,
  "degradera": -2,
  "degraderar": -2,
  "dehumanize": -2,
  "dehumanized": -2,
  "dehumanizing": -2,
  "deject": -2,
  "dejecting": -2,
  "dejects": -2,
  "dela med sig": 1,
  "delad": 1,
  "delighting": 3,
  "demonstranter": -2,
  "demonstration": -1,
  "demoralisera": -2,
  "demoraliserar": -2,
  "demoralized": -2,
  "demoralizing": -2,
  "den anklagade": -2,
  "denier": -2,
  "deportation": -2,
  "deportationerna": -2,
  "deportera": -2,
  "deporterad": -2,
  "deporterar": -2,
  "deprimerad": -2,
  "deprimerande": -2,
  "derided": -2,
  "desillusionerad": -2,
  "desorienterad": -2,
  "desperat": -3,
  "destruktiv": -3,
  "diamant": 1,
  "diffident": -2,
  "dilemma": -1,
  "dilligence": 2,
  "dipshit": -3,
  "dire": -3,
  "direful": -3,
  "disbelieve": -2,
  "disconsolation": -2,
  "disgraced": -2,
  "disharmoni": -2,
  "diskon": -1,
  "diskriminera": -2,
  "diskriminerade": -2,
  "diskriminerande": -2,
  "diskriminerar": -2,
  "diskvalificeras": -2,
  "distingerad": 2,
  "distrahera": -2,
  "distraherar": -2,
  "distraktion": -2,
  "dithering": -2,
  "djärv": 3,
  "djärvt": 2,
  "djupt beklaga": -3,
  "dö": -3,
  "död": -2,
  "döda": -3,
  "dödade": -3,
  "dödande": -3,
  "dödar": -3,
  "dodging": -2,
  "dödläge": -2,
  "dödlig": -2,
  "dödlighet": -2,
  "dödligt": -3,
  "dödsfall": -3,
  "Dödsfall": -2,
  "dödsoffer": -3,
  "döende": -3,
  "dog": -3,
  "dölja": -1,
  "dölja sig": -1,
  "döljs": -1,
  "dom": -1,
  "döma": -2,
  "domar": -1,
  "dömd": -2,
  "donation": 2,
  "donera": 2,
  "donerar": 2,
  "donerat": 2,
  "douchebag": -3,
  "dour": -2,
  "downer": -2,
  "dra nytta": 2,
  "drabbad": -1,
  "drabbade": -2,
  "drag": -1,
  "dragen": 1,
  "dragit nytta": 2,
  "dränerad": -2,
  "dränkt": -2,
  "dråp": -2,
  "drar": -1,
  "drar till sig": 1,
  "dreading": -2,
  "dröjsmål": -1,
  "dröm": 1,
  "drömmar": 1,
  "drosslar": -2,
  "drunkna": -2,
  "drunknar": -2,
  "duktig": 2,
  "dum": -2,
  "dumbom": -1,
  "dumhet": -3,
  "dumheter": -2,
  "dumhuvud": -3,
  "dumpa": -1,
  "dumpade": -2,
  "dumt": -2,
  "dupera": -2,
  "dygdig": 2,
  "dyrt": 3,
  "dysfunktion": -2,
  "dyster": -2,
  "dysterhet": -1,
  "dystra": -1,
  "effektiv": 2,
  "effektivitet": 2,
  "effektivt": 2,
  "efterföljande": 3,
  "efterfrågan": -1,
  "efterhängsen": 1,
  "efterlängtad": -1,
  "efterlevande": 2,
  "eftersläpande": -2,
  "eftersläpning": -1,
  "egenmakt": 2,
  "elände": -2,
  "eländig": -3,
  "eländigt": -3,
  "elegant": 2,
  "embittered": -2,
  "empatisk": 2,
  "en gång i livet": 3,
  "enchanted": 2,
  "energisk": 2,
  "engagemang": 2,
  "engagerad": 1,
  "engrossed": 1,
  "enhetlig": 1,
  "enkelhet": 1,
  "ennui": -2,
  "enorma": 1,
  "enraging": -2,
  "ensam": -2,
  "enslave": -2,
  "enslaved": -2,
  "entusiastisk": 3,
  "Envies": -1,
  "envis": -2,
  "erkänna": -1,
  "erkännande": 2,
  "escapes": -1,
  "etisk": 2,
  "eufori": 3,
  "euforisk": 4,
  "evakuera": -1,
  "evakuerades": -1,
  "evakuerar": -1,
  "evakuering": -1,
  "evergreening": -3,
  "exacerbated": -2,
  "exasparate": -2,
  "exasperates": -2,
  "excellent": 3,
  "excitera": 3,
  "excruciatingly": -1,
  "exhilarates": 3,
  "exklusiv": 2,
  "exonerates": 2,
  "exonerating": 2,
  "expanderar": 1,
  "expels": -2,
  "exploatera": -2,
  "exploits": -2,
  "exponera": -1,
  "exponerad": -1,
  "exponerar": -1,
  "extatisk": 4,
  "extremist": -2,
  "extremister": -2,
  "få": 2,
  "fadd": -2,
  "fåfäng": -2,
  "faggots": -3,
  "fälla": -1,
  "fallen": -2,
  "faller": -1,
  "faller ihop": -2,
  "fällor": -1,
  "falsk": -1,
  "falskt": -2,
  "fanatiker": -2,
  "fångade": 3,
  "fångar": -2,
  "fånge": -2,
  "fängelse": -2,
  "fången": -2,
  "fängsla": 3,
  "fängslade": -2,
  "fängslande": 3,
  "fånig": -2,
  "fantasifull": 2,
  "fantasilös": -2,
  "fantastisk": 4,
  "fantastiskt": 4,
  "fara": -2,
  "farhåga": -2,
  "farlig": -2,
  "farligt": -2,
  "fars": -1,
  "färsk": 1,
  "fasansfulla": -3,
  "fascination": 3,
  "fascinera": 3,
  "fascinerad": 3,
  "fascinerande": 3,
  "fascinerar": 3,
  "fascister": -2,
  "fascistisk": -2,
  "fast besluten": 2,
  "fast form": 2,
  "fastnat": -2,
  "fått nog": -3,
  "fattig": -2,
  "fattigaste": -2,
  "fattigdom": -1,
  "favörer": 2,
  "favorit": 2,
  "favoriter": 2,
  "favourited": 2,
  "fearlessness": 2,
  "feber": -2,
  "feg": -2,
  "fejka": -3,
  "fel": -2,
  "felaktig": -2,
  "felaktig information": -2,
  "felaktigt": -2,
  "felande": -2,
  "felfri": 2,
  "felfritt": 2,
  "felgärningar": -2,
  "felonies": -3,
  "felplacera": -2,
  "felplacerad": -2,
  "felplanerar": -2,
  "felprissättningar": -3,
  "felrapportering": -2,
  "feltändning": -2,
  "felunderrättad": -2,
  "fester": 3,
  "festlig": 2,
  "fiasko": -3,
  "fick panik": -3,
  "fiendens": -2,
  "fiender": -2,
  "fientlig": -2,
  "fientlighet": -2,
  "filantropi": 2,
  "finaste": 3,
  "fira": 3,
  "firande": 3,
  "firar": 3,
  "fitta": -5,
  "fläckas": -2,
  "fläckfri": 2,
  "flaggskepp": 2,
  "fläkt": 3,
  "flop": -2,
  "flops": -2,
  "flott": 3,
  "fluga": -2,
  "fly": -1,
  "flyr": -1,
  "flytande": 2,
  "fokuserade": 2,
  "förakt": -2,
  "föraktlig": -2,
  "föråldrad": -2,
  "förälskelse": 2,
  "förarga": -2,
  "förargelse": -2,
  "förbanna": -1,
  "förbannad": -4,
  "förbättra": 2,
  "förbättrad": 2,
  "förbättrar": 2,
  "förbättring": 2,
  "förbindlig": 2,
  "förbisedd": -1,
  "förbittrad": -2,
  "förbjuda": -1,
  "förbjuden": -2,
  "förbjuder": -1,
  "förbjudits": -2,
  "förblindad": 2,
  "förbluffad": 3,
  "förbluffande": 3,
  "förbryllad": -2,
  "fördärvar": -3,
  "fördel": 2,
  "fördelaktig": 2,
  "fördelar": 2,
  "fördöma": -2,
  "fördömde": -2,
  "fördömelse": -2,
  "fördömer": -2,
  "förebyggande": -1,
  "förelägga": -1,
  "förena": 2,
  "förenad": 1,
  "förenklad": -2,
  "företagsam": 1,
  "förfalska": -3,
  "förfalskad": -3,
  "förfalskare": -3,
  "förfalskningar": -3,
  "förfärade": -3,
  "förfärlig": -3,
  "förfina": 1,
  "förfinar": 1,
  "förfölja": -1,
  "förföljda": -2,
  "förföljer": -2,
  "förförd": -1,
  "förfördelade": -2,
  "förfrågas": -2,
  "forget": -1,
  "förgifta": -2,
  "förgiftad": -2,
  "förgrunden": 1,
  "förhandla": 2,
  "förhindra": -1,
  "förhindrar": -1,
  "förhindras": -1,
  "förhoppningar": 2,
  "förhoppningsvis": 2,
  "förkärlek": 2,
  "förklädnader": -1,
  "förkrossad": -2,
  "förkrossande": -1,
  "förlägenhet": -2,
  "förlänga": 1,
  "förlåt": -1,
  "förlåta": 2,
  "förlåtande": 2,
  "förlöjliga": -2,
  "förlorad": -2,
  "förlorande": -3,
  "förlorar": -3,
  "förlorare": -3,
  "förlorat": -3,
  "förlova sig": 1,
  "förlust": -3,
  "förluster": -3,
  "förmåga": 2,
  "förmågor": 2,
  "Förmågor": 1,
  "förmån": 2,
  "förmana": -2,
  "förmögenhet": 2,
  "förnedring": -3,
  "förneka": -2,
  "förnekar": -2,
  "förnya": 1,
  "förödande": -2,
  "förödelse": -2,
  "förödelser": -2,
  "förödmjukad": -3,
  "förolämpa": -2,
  "förolämpad": -1,
  "förolämpade": -2,
  "förolämpande": -2,
  "förolämpning": -2,
  "förolämpningar": -2,
  "förorena": -2,
  "förorenad": -2,
  "förorenade": -2,
  "förorenande ämne": -2,
  "förorenar": -2,
  "förorenare": -2,
  "förorening": -2,
  "föroreningar": -2,
  "förövare": -2,
  "förövarna": -2,
  "förr": -1,
  "förråd": -3,
  "förråda": -3,
  "förräderi": -3,
  "förrädisk": -3,
  "förringa": -2,
  "förringad": -2,
  "förringar": -1,
  "försäkra": 1,
  "försämra": -2,
  "försämrad": -2,
  "försämrades": -2,
  "försämrar": -2,
  "försämras": -2,
  "försämrats": -2,
  "försämring": -2,
  "förseelse": -2,
  "försenad": -1,
  "försiktig": 2,
  "försiktighet": 2,
  "försiktigt": 2,
  "förskingring": -3,
  "försköna": 3,
  "förslavar": -2,
  "förslösat": -2,
  "förstärkning": 2,
  "förstärkt": 2,
  "förstenad": -2,
  "förstoppning": -2,
  "förstör": -2,
  "förstöra": -2,
  "förstörd": -2,
  "förstörelse": -3,
  "försumma": -2,
  "försummad": -2,
  "försummar": -2,
  "försummelse": -2,
  "försvagad": -2,
  "försvara": 2,
  "försvårande": -2,
  "försvårar": -2,
  "försvarare": 2,
  "försvarslös": -2,
  "försvinna": -1,
  "försvinner": -1,
  "försvunnit": -1,
  "förtjusande": 3,
  "förtjust": 3,
  "förträfflighet": 3,
  "förtret": -2,
  "förtroende": 2,
  "förtryck": -2,
  "förtryckande": -2,
  "förtvivlad": -3,
  "förtvivlan": -3,
  "förtydligar": 2,
  "förundras": 3,
  "förvåna": 2,
  "förvånad": 2,
  "förvånande": 3,
  "förvånar": 2,
  "förvanskas": -2,
  "förväntan": 1,
  "förvärra": -2,
  "förvärrar": -2,
  "förvärras": -2,
  "förvärrats": -3,
  "förvirra": -2,
  "förvirrad": -2,
  "förvirrande": -2,
  "förvisa": -1,
  "förvränga": -2,
  "förvrängd": -2,
  "förvrängning": -2,
  "förvrängningar": -2,
  "frågande": -1,
  "frågvis": 2,
  "frälsning": 2,
  "framgång": 2,
  "framgångsrik": 3,
  "framgångsrikt": 3,
  "främja": 1,
  "främjar": 1,
  "främjas": 1,
  "framsteg": 2,
  "framträdande": 2,
  "frånstötande": -2,
  "frånvarande": -1,
  "freak": -2,
  "fred": 2,
  "fredlig": 2,
  "frenesi": -3,
  "fri": 1,
  "friades": 2,
  "frihet": 2,
  "friheter": 2,
  "frikänna": 2,
  "frikin": -2,
  "friliggande": -1,
  "friska": 2,
  "friskriver": 2,
  "fröjd": 4,
  "Fröken": -2,
  "fruktade": -2,
  "fruktan": -2,
  "fruktansvärd": -3,
  "fruktansvärda": -3,
  "fruktansvärt": -3,
  "fruktlös": -2,
  "frustration": -2,
  "frustrerad": -2,
  "frustrerande": -2,
  "frysa ut": -2,
  "ftw": 3,
  "fucker": -4,
  "fuckers": -4,
  "Fuckface": -4,
  "Fuckhead": -4,
  "fuckin": -4,
  "Fucktard": -4,
  "fud": -3,
  "fuked": -4,
  "Fuking": -4,
  "ful": -3,
  "fulhet": -3,
  "full": -2,
  "fulländar": 2,
  "fulländat": 2,
  "fulländning": 3,
  "fundersam": -1,
  "fungerar inte": -3,
  "funktionshinder": -2,
  "funnier": 4,
  "fusk": -3,
  "fuska": -3,
  "fuskare": -3,
  "fuskat": -3,
  "gå ut": -2,
  "gag": -2,
  "gagged": -2,
  "galant": 3,
  "galanteri": 3,
  "galen": -2,
  "galenskap": -3,
  "gallantly": 3,
  "galnare": -2,
  "galnaste": -2,
  "galning": -3,
  "galningar": -3,
  "ganska": 1,
  "garanti": 1,
  "gåva": 2,
  "ge sig på": -1,
  "gemytlig": 3,
  "generad": -2,
  "generar": -2,
  "generös": 2,
  "generöst": 2,
  "genombrott": 3,
  "ger dåligt": -2,
  "ghastly": -2,
  "gick med på": 1,
  "gifter": -2,
  "gillar": 2,
  "girig": -2,
  "girighet": -3,
  "givande": 2,
  "glad": 3,
  "glada": 5,
  "glädjande": 2,
  "glädjas": 4,
  "glädje": 3,
  "glädjelös": -2,
  "gladlynt": 2,
  "glamorös": 3,
  "glatt": 3,
  "glida": -1,
  "glödande": 2,
  "glömde": -1,
  "glömma": -1,
  "glömsk": -2,
  "glömt": -1,
  "gnista": 1,
  "gnistra": 3,
  "gnistrande": 3,
  "gnistrar": 3,
  "god morgon": 1,
  "godhet": 3,
  "godkänd": 2,
  "godkändes": 2,
  "godkännande": 2,
  "godkänner": 2,
  "godtagbar": 1,
  "gömde sig": -1,
  "gömmer": -1,
  "goodwill": 3,
  "goofiness": -2,
  "gör besviken": -2,
  "gör ont": -2,
  "göra rasande": -2,
  "gormanden": -3,
  "gr8": 3,
  "grå": -1,
  "graciös": 2,
  "gränser": -1,
  "gråt": -2,
  "gråta": -1,
  "gråtande": -2,
  "grattis": 2,
  "Grattis": 2,
  "gratulera": 2,
  "grav": -2,
  "greenen": 3,
  "greenwash": -3,
  "greenwasher": -3,
  "greenwashers": -3,
  "greenwashing": -3,
  "gripande": 2,
  "grön tvätt": -3,
  "grov förbrytelse": -3,
  "grumlig": -2,
  "grym": -3,
  "grymhet": -3,
  "grymt bra": 4,
  "Gud": 1,
  "gudagåva": 4,
  "guld": 2,
  "gullibility": -2,
  "gullible": -2,
  "gyckel": 4,
  "gynnad": 2,
  "gynnsam": 2,
  "ha": 2,
  "hackad": -1,
  "Häftigt": 1,
  "hagel": 2,
  "haha": 3,
  "hahaha": 3,
  "hahahah": 3,
  "hålla med": 1,
  "hållbarhet": 1,
  "hållbart": 2,
  "halleluja": 3,
  "hälsa": 1,
  "hälsade": 1,
  "hälsar på": 1,
  "hälsning": 1,
  "hälsningar": 2,
  "hämma": -1,
  "hämmas": -2,
  "hämnande": -2,
  "hämnare": -2,
  "hämnas": -2,
  "hämnd": -2,
  "hån": -2,
  "hånar": -2,
  "händelselös": -2,
  "handikapp": -2,
  "handplockade": 1,
  "HÄNFÖRA": 3,
  "hånfull": -2,
  "hängande": -2,
  "hängiven": 3,
  "hängivenhet": 2,
  "hänryckning": 2,
  "hänryckt": 4,
  "hänsynslös": -2,
  "hänsynslöst": -2,
  "haplessness": -2,
  "hård": -1,
  "hårdare": -2,
  "hårdaste": -2,
  "härdig": 2,
  "härdigare": 2,
  "härlig": 3,
  "härligt": 3,
  "harmoni": 2,
  "harmonisk": 2,
  "harmoniskt": 2,
  "harried": -2,
  "hårt": -2,
  "hat": -3,
  "hata": -3,
  "hatade": -3,
  "hatare": -3,
  "hating": -3,
  "hätsk": -2,
  "heavyhearted": -2,
  "hedrad": 2,
  "hedrar": 2,
  "hehe": 2,
  "heja på": 2,
  "helvete": -3,
  "Helvete": -4,
  "helvetisk": -2,
  "hemlängtan": -2,
  "hemlös": -2,
  "hemsk": -2,
  "hemsöka": -2,
  "heroisk": 3,
  "himmel": 2,
  "himmelskt": 4,
  "hinder": -2,
  "hindra": -2,
  "hindrande": -2,
  "hindrar": -2,
  "hindras": -2,
  "hisnande": 5,
  "hjälp": 2,
  "hjälper": 2,
  "hjälplös": -2,
  "hjälpsam": 2,
  "hjältar": 2,
  "hjälte": 2,
  "hjärntvätt": -3,
  "hjärtlös": -2,
  "hjärtvärmande": 3,
  "högljudd": -1,
  "högröstad": -1,
  "högtidlig": -1,
  "höjdpunkt": 2,
  "honnör": 2,
  "hoppas": 2,
  "hoppfull": 2,
  "hopplös": -2,
  "hopplöshet": -2,
  "hora": -4,
  "hörn": -2,
  "hot": -2,
  "hota": -2,
  "hotad": -2,
  "hotande": -1,
  "hotar": -2,
  "hotas": -2,
  "hotfull": -2,
  "huckster": -2,
  "hudar": -1,
  "hudutslag": -2,
  "hugg": -2,
  "huliganer": -2,
  "huliganism": -2,
  "human": 2,
  "humbug": -2,
  "humör": 2,
  "humoristisk": 2,
  "humoristiska": 3,
  "hunger": -2,
  "hurra": 5,
  "huvudvärk": -2,
  "hycklande": -2,
  "hylla": 2,
  "hyllade": 2,
  "hyllats": 2,
  "hyllning": 2,
  "hyss": -1,
  "hysteri": -3,
  "hysterisk": -3,
  "ickegodkänd": -2,
  "icke godkänd": -2,
  "idiot": -3,
  "idioti": -3,
  "idiotisk": -3,
  "ifråga": -1,
  "ignorera": -1,
  "ignorerar": -1,
  "ignoreras": -2,
  "ihålig": -1,
  "illa till mods": -2,
  "illaluktande": -2,
  "illdåd": -3,
  "illegalt": -3,
  "illegitim": -3,
  "ilska": -3,
  "ilsken": -3,
  "immobiliserat": -1,
  "immun": 1,
  "impeachments": -3,
  "impedingly": -2,
  "imponera på": 3,
  "imponerad": 3,
  "imponerande": 3,
  "imponerar": 3,
  "impotent": -2,
  "inbjudande": 1,
  "inbrott": -2,
  "incapacitates": -2,
  "incensed": -2,
  "incensing": -2,
  "indignation": -2,
  "indignerad": -2,
  "indoctrinating": -2,
  "indoktrinera": -2,
  "indoktrinerade": -2,
  "indoktrinerar": -2,
  "inediable": -2,
  "ineffektiv": -2,
  "ineffektivitet": -2,
  "ineffektivt": -2,
  "infantil": -2,
  "infantilized": -2,
  "infektera": -2,
  "infekterande": -2,
  "infekterar": -2,
  "infektion": -2,
  "infektioner": -2,
  "infektiös": -2,
  "infesting": -2,
  "infests": -2,
  "inflammerade": -2,
  "influensa": -2,
  "inflytelserik": 2,
  "infracted": -2,
  "infracting": -2,
  "infracts": -2,
  "infuriate": -2,
  "infuriated": -2,
  "infuriates": -2,
  "ingriper": 1,
  "inkompetens": -2,
  "inkompetent": -2,
  "inlagd på sjukhus": -2,
  "inlöst": 2,
  "innerlig": 3,
  "innovation": 1,
  "innovativ": 2,
  "insolvent": -2,
  "inspiration": 2,
  "inspirera": 2,
  "inspirerad": 2,
  "inspirerande": 3,
  "inspirerar": 2,
  "instabil": -2,
  "inställande": -1,
  "instämmer": 1,
  "instämmer inte alls": -2,
  "instängd": -2,
  "insufficiens": -2,
  "intagande": 3,
  "intakt": 2,
  "inte bra": -2,
  "inte övertygad": -1,
  "inte roligt": -3,
  "inte tillgänglig": -1,
  "integritet": 2,
  "intelligent": 2,
  "intensiv": 1,
  "internera": -2,
  "internering": -2,
  "intimitet": 2,
  "intransigence": -2,
  "intransigency": -2,
  "intressant": 2,
  "intressen": 1,
  "intressera": 1,
  "intresserad": 2,
  "invaderade": -2,
  "invalidiserande": -1,
  "invasion": -1,
  "invecklad": 2,
  "ironi": -1,
  "ironisk": -1,
  "irrationell": -1,
  "irreparabel": -2,
  "irreversibel": -1,
  "irreversibelt": -1,
  "irritation": -2,
  "irritera": -3,
  "irriterad": -2,
  "irriterande": -2,
  "irriterar": -3,
  "isolerat": -1,
  "ivrig": 2,
  "ja": 1,
  "jackasses": -4,
  "jäkla": -2,
  "jämmer": -2,
  "jaunty": 2,
  "jävla": -4,
  "jävla bra": 4,
  "jävla fantastiskt": 4,
  "jävla hett": 2,
  "jävla kärlek": 4,
  "jävla kärlekar": 4,
  "jävla perfekt": 4,
  "jävla söt": 4,
  "jävla stor": 4,
  "jävla vacker": 4,
  "jävligt bra": 4,
  "Jeopardy": -2,
  "Jesus": 1,
  "jobbig": -2,
  "jublade": 4,
  "jublande": 3,
  "juvel": 1,
  "juveler": 1,
  "kalabalik": -3,
  "kamp": -2,
  "kämpade": -2,
  "kämpar": -2,
  "kämpat": -1,
  "kan \"t stå": -3,
  "känd": 2,
  "känsla": 1,
  "kaos": -2,
  "kaotisk": -2,
  "kapabel": 1,
  "Kära": 2,
  "karisma": 2,
  "kärlek": 3,
  "kärleksfull": 2,
  "kärleksfull vänlighet": 3,
  "kass": -3,
  "kasse": -1,
  "kassera": -1,
  "kasserad": -1,
  "kastas överbord": -1,
  "katastrof": -2,
  "katastrofal": -3,
  "katastrofer": -2,
  "kaxig": -2,
  "kickback": -3,
  "kidnappa": -2,
  "kidnappade": -2,
  "kidnappning": -2,
  "kidnappningar": -2,
  "Kinder": 2,
  "klädande": -2,
  "klaga": -2,
  "klagade": -2,
  "klagar": -2,
  "klagomål": -2,
  "klar": 1,
  "klarhet": 2,
  "klart": 1,
  "kliande": -2,
  "knep": -2,
  "knivhuggen": -2,
  "knogande": -2,
  "knulla": -4,
  "kollaps": -2,
  "kollapsade": -2,
  "kolliderande": -1,
  "kolliderar": -1,
  "kollision": -2,
  "kollisioner": -2,
  "komedi": 1,
  "komisk": 1,
  "kompetens": 1,
  "kompletterat": 2,
  "komplicerande": -2,
  "komplimang": 2,
  "kondition": 1,
  "konflikt": -2,
  "konflikter": -2,
  "konkurrenskraftig": 2,
  "konkurs": -3,
  "konspiration": -3,
  "konstig": -1,
  "kontaminant": -2,
  "kontaminerande": -2,
  "kontrovers": -2,
  "kontroverser": -2,
  "kontroversiell": -2,
  "kontroversiellt": -2,
  "körd": -4,
  "korrumperande": -3,
  "korrupt": -3,
  "korruption": -3,
  "kostnader": -2,
  "kostsam": -2,
  "kraft": 3,
  "kraftfull": 2,
  "kräkas": -3,
  "kräkningar": -3,
  "kräks": -3,
  "kräktes": -3,
  "kram": 2,
  "kramar": 2,
  "kramp": -1,
  "kränka": -2,
  "kränker": -2,
  "kränkningar": -2,
  "kränks": -2,
  "krascha": -2,
  "krav": -1,
  "kravaller": -2,
  "krävande": -1,
  "krävde": -1,
  "kreativ": 2,
  "krig": -2,
  "krigföring": -2,
  "kriminell": -3,
  "kris": -3,
  "kritik": -2,
  "kritiker": -2,
  "kritis": -2,
  "kritisera": -2,
  "kritiserats": -2,
  "krockar": -1,
  "krossa": -1,
  "krossad": -2,
  "krossar": -1,
  "kuk": -4,
  "kukhuvud": -4,
  "kuksugare": -5,
  "kunnigt": 2,
  "kuslig": -2,
  "kvalitet": 2,
  "kvaliteter": 2,
  "kvävas": -1,
  "kvävdes": -2,
  "kvävning": -2,
  "kylning": -1,
  "kyss": 2,
  "läcka": -1,
  "läckerheter": 3,
  "läckt": -1,
  "laddad": -3,
  "lagbrytare": -2,
  "lågkonjunktur": -2,
  "lagligt": 1,
  "lägst": -1,
  "lam": -2,
  "lämna": -1,
  "lämpad": 2,
  "lämplig": 2,
  "lämpligt": 2,
  "landmärke": 2,
  "längtan": 1,
  "längtar": -1,
  "lanserades": 1,
  "larm": -2,
  "lat": -1,
  "låta": 2,
  "låtsas": -1,
  "lätt": 1,
  "lättad": 2,
  "lätthet": 2,
  "laugh": 1,
  "lawl": 3,
  "ledande": 2,
  "ledarskap": 1,
  "ledsen": -2,
  "leende": 2,
  "leenden": 2,
  "lekfull": 2,
  "Ler": 2,
  "letargi": -2,
  "Levande": 1,
  "liars": -3,
  "lida": -2,
  "lidande": -2,
  "lidande person": -2,
  "lider": -2,
  "lidit": -2,
  "lied": -2,
  "ligist": -2,
  "lik": -1,
  "likers": 2,
  "likgiltig": -2,
  "likgiltighet": -2,
  "lindra": 2,
  "lindrar": 1,
  "listig": 2,
  "livlig": 3,
  "livligt": 2,
  "livlös": -1,
  "livrädd": -3,
  "livräddare": 4,
  "ljus": 1,
  "ljusaste": 2,
  "ljusstyrka": 1,
  "ljuv": 2,
  "ljuvlig": 3,
  "lmao": 4,
  "lmfao": 4,
  "loathed": -3,
  "lobbade": -2,
  "lobby": -2,
  "lobbying": -2,
  "lobbyist": -2,
  "lobbyister": -2,
  "lockup": -3,
  "locka": 2,
  "locka till sig": 1,
  "lockade": 1,
  "lockande": 2,
  "löfte": 1,
  "löften": 1,
  "Log": 2,
  "lögnare": -3,
  "lojala": 3,
  "lojalitet": 3,
  "löjlig": -3,
  "LOL": 3,
  "lolol": 4,
  "lololol": 4,
  "lolololol": 4,
  "lömsk": -1,
  "lönnmord": -3,
  "lönsam": 2,
  "lool": 3,
  "loomed": -1,
  "loool": 3,
  "looool": 3,
  "lösa": 2,
  "löser": 1,
  "lösning": 1,
  "lösningar": 1,
  "löst": 2,
  "lov": 3,
  "lovelies": 3,
  "lugn": 2,
  "lugna": 3,
  "lugnade": 2,
  "lugnande": 3,
  "lugnar": 2,
  "lugnas": 3,
  "lugnt": 2,
  "lugubra": -2,
  "lukrativ": 3,
  "lura": -2,
  "lurad": -3,
  "lurar": -1,
  "luras": -2,
  "lurendrejeri": -2,
  "lustiga": 2,
  "lycka": 3,
  "lyckades": 3,
  "lyckas": 3,
  "lycklig": 4,
  "lyckligast": 3,
  "lyckligt lottad": 2,
  "Lyckligtvis": 3,
  "lyckönskan": 2,
  "lyckönskningar": 1,
  "lycksalig": 3,
  "lyft": 1,
  "lynnig": -1,
  "lysande": 4,
  "lysten": 2,
  "lyx": 2,
  "madly": -3,
  "magnifik": 3,
  "makaber": -2,
  "maktlös": -2,
  "maladaption": -2,
  "maldevelopment": -2,
  "målinriktad": 2,
  "manipulation": -1,
  "manipuleras": -1,
  "manipulerings": -1,
  "märkbar": 2,
  "marvels": 3,
  "maskera": -1,
  "maskerade": -1,
  "maskopi": -3,
  "mästare": 2,
  "mäster": 4,
  "mästerverk": 4,
  "medalj": 3,
  "medelmåttighet": -3,
  "medgav": -1,
  "medger": -1,
  "medgivanden": 2,
  "meditativ": 1,
  "medlidande": 2,
  "medlidsam": 2,
  "melankoli": -2,
  "Memoriam": -2,
  "mened": -3,
  "mening": -2,
  "Mening": -2,
  "meningsfull": 2,
  "meningslös": -2,
  "metodisk": 2,
  "metodiskt": 2,
  "mild": 1,
  "miljövänlig": 2,
  "minnesvärd": 1,
  "mirakel": 4,
  "mirthful": 3,
  "mirthfully": 3,
  "misbehaved": -2,
  "misbranding": -3,
  "miscast": -2,
  "misclassified": -2,
  "misclassifies": -2,
  "misclassify": -2,
  "misconducted": -2,
  "misconducting": -2,
  "misconducts": -2,
  "misleaded": -3,
  "misplacing": -2,
  "misreport": -2,
  "misreports": -2,
  "Misrepresented": -2,
  "misrepresents": -2,
  "missade": -2,
  "missbildningar": -2,
  "missbruk": -2,
  "missbruka": -2,
  "missbrukade": -2,
  "missbrukar": -2,
  "missfärgning": -2,
  "missförstå": -2,
  "missförstånd": -2,
  "missförstår": -2,
  "missförstod": -2,
  "missgynnade": -2,
  "misshandel": -2,
  "missköter": -2,
  "misskrediterade": -2,
  "misslyckad": -2,
  "misslyckades": -2,
  "misslyckanden": -2,
  "misslyckas": -2,
  "missnöjd": -2,
  "missnöje": -2,
  "misstag": -2,
  "misstänka": -1,
  "misstänksam": -2,
  "misstänkt": -1,
  "misstänkta": -1,
  "misstolkas": -1,
  "misstro": -3,
  "misströstar": -3,
  "moans": -2,
  "mobbad": -2,
  "mobbing": -3,
  "mobbning": -2,
  "mocked": -2,
  "mocks": -2,
  "mod": 2,
  "modernisera": 2,
  "moderniserar": 2,
  "moderniseras": 2,
  "modernisering": 2,
  "modfälld": -2,
  "modig": 2,
  "modighet": 2,
  "modigt": 2,
  "mogna": 2,
  "möjlighet": 2,
  "möjligheter": 2,
  "mongering": -2,
  "monopolisera": -2,
  "monopoliserade": -2,
  "monopolisering": -2,
  "monopolizes": -2,
  "monoton": -1,
  "mord": -2,
  "Mord": -3,
  "mörda": -2,
  "mördande": -3,
  "mördar": -2,
  "mördare": -2,
  "mörkaste": -2,
  "mörker": -1,
  "motarbetas": -2,
  "motbjudande": -2,
  "motivera": 1,
  "motiverad": 2,
  "motiverande": 2,
  "motiverat": 2,
  "motivering": 1,
  "motståndare": -1,
  "motstridig": -2,
  "mottaglig": 2,
  "motvilja": -2,
  "mulen": -2,
  "mumpish": -2,
  "munter": 3,
  "munterhet": 3,
  "muta": -3,
  "mutad": -3,
  "mutor": -3,
  "myndighet": 1,
  "mysighet": 2,
  "myt": -1,
  "n00b": -2,
  "nå": 1,
  "nackdel": -2,
  "nackdelen": -2,
  "nåd": 1,
  "nådde": 1,
  "nådig": 3,
  "någon form": 0,
  "naiv": -2,
  "når": 1,
  "narcissism": -2,
  "närsynt": -2,
  "närsynthet": -2,
  "naturlig": 1,
  "nedbruten": -2,
  "neddragningar": -2,
  "nederlag": -2,
  "nedlusad": -2,
  "nedsättande": -2,
  "nedskärning": -2,
  "nedslagen": -2,
  "nedstämd": -1,
  "nedvärdera": -2,
  "negativ": -2,
  "negativitet": -2,
  "Nej": -1,
  "nekad": -2,
  "nerver": -1,
  "nervös": -1,
  "nervöst": -2,
  "niggas": -5,
  "nigger": -5,
  "nitisk": 2,
  "nitning": 3,
  "njut av": 2,
  "njuter": 2,
  "nöd": -2,
  "nödsituation": -2,
  "nöjd": 3,
  "nöje": 3,
  "nöjen": 3,
  "nonchalant": -2,
  "nonchalera": -2,
  "noob": -2,
  "nös": -2,
  "nötter": -3,
  "nyckfull": 1,
  "nyfiken": 1,
  "nyktra": 1,
  "nysa": -2,
  "nyser": -2,
  "nysning": -2,
  "oacceptabel": -2,
  "oälskad": -2,
  "oälskbar": -2,
  "oansvarig": -2,
  "oansvarigt": -2,
  "oanvändbarhet": -2,
  "oärlig": -2,
  "oattraktiv": -2,
  "oavsiktlig": -2,
  "oavsiktligt": -2,
  "obegriplig": -2,
  "obehag": -2,
  "obehaglig": -2,
  "obekräftad": -1,
  "obekväm": -2,
  "obekymrad": -2,
  "obenägen": -2,
  "obeslutsam": -1,
  "obetydlig": -2,
  "obeveklig": -1,
  "obligatorisk": -1,
  "obscen": -2,
  "obscenitet": -2,
  "ödelägga": -2,
  "ödmjuk": 1,
  "odödlig": 2,
  "oemotståndlig": 2,
  "oemotståndligt": 2,
  "oenighet": -2,
  "oerhört": 4,
  "oetisk": -2,
  "offline": -1,
  "offensiv": -2,
  "offensivt": -2,
  "offer": -3,
  "ofokuserad": -2,
  "oförfärad": 2,
  "oförlåtlig": -3,
  "oförmåga": -2,
  "oförmögen": -2,
  "oförskämd": -2,
  "oförsonlig": -2,
  "oförstörbar": 2,
  "ofullständig": -2,
  "Ofullständig": -1,
  "ogenerös": -2,
  "ogilla": -2,
  "ogillade": -2,
  "ogillande": -2,
  "ogillar": -2,
  "ogynnsam": -2,
  "ohälsosam": -2,
  "ohygienisk": -2,
  "oinspirerad": -2,
  "ointelligent": -2,
  "ointresserad": -2,
  "Oj då": -2,
  "ojust spel": -3,
  "öka": 1,
  "ökade": 1,
  "ökänd": -2,
  "okänslig": -2,
  "okänslighet": -2,
  "ökat": 1,
  "oklar": -1,
  "okrediterad": -1,
  "OKS": 2,
  "okunnig": -2,
  "okunnighet": -2,
  "olaglig": -3,
  "olämplig": -2,
  "olika": -1,
  "ologisk": -2,
  "olov": -2,
  "olycka": -2,
  "olycklig": -2,
  "olyckor": -2,
  "olycksaliga": -2,
  "olycksbådande": 3,
  "öm": 3,
  "omänsklig": -2,
  "omättligt": -2,
  "ombord": 1,
  "omedelbart": 1,
  "omedveten": -2,
  "omfamning": 1,
  "omfattande": 2,
  "ömhet": 2,
  "omhuldade": 2,
  "omhuldar": 2,
  "omintetgör": -2,
  "omintetgöra": -2,
  "ömmande": -2,
  "omöjlig att stoppa": 2,
  "omotiverad": -2,
  "omsorger": 2,
  "omstörtande": -2,
  "omtänksam": 2,
  "omtvistad": -2,
  "omtyckt": 2,
  "omvälvande": 3,
  "ond": -2,
  "ondska": -3,
  "önskad": 2,
  "önskan": 1,
  "önskar": 1,
  "önskvärd": 2,
  "ont": -2,
  "onyttig": -2,
  "oönskad": -2,
  "oönskade": -2,
  "oordning": -2,
  "oorganiserad": -2,
  "oöverträffad": 2,
  "oövervinnerlig": 2,
  "opartisk": 2,
  "oprofessionell": -2,
  "oproportionerlig": -2,
  "optimism": 2,
  "optimistisk": 2,
  "optionless": -2,
  "orädd": 2,
  "orättvis": -2,
  "orättvisa": -2,
  "orera": -3,
  "orespekterad": -2,
  "oro": -2,
  "oroa": -3,
  "oroande": -2,
  "orolig": -1,
  "öronbedövande": -1,
  "osäker": -1,
  "osäkrad": -2,
  "osåld": -1,
  "osammanhängande": -2,
  "osann": -2,
  "osannolik": -1,
  "osårbar": 2,
  "osjälvisk": 2,
  "oskadliggör": -2,
  "osofistikerade": -2,
  "ostracized": -2,
  "ostracizes": -2,
  "osund": -2,
  "otäck": -3,
  "otacksam": -3,
  "otålig": -2,
  "otillbörligt": -2,
  "otillfredsställd": -2,
  "otillräcklig": -2,
  "otillräckligt": -2,
  "otrolig": -1,
  "otröstlig": -2,
  "otur": -2,
  "ouppfylld": -2,
  "oursäktlig": -3,
  "outforskat": -2,
  "outhärdlig": -2,
  "outmaneuvered": -2,
  "ovärdig": -2,
  "överbelastning": -1,
  "överbeskyddande": -2,
  "överdrift": -2,
  "överdriva": -2,
  "överdriven": -2,
  "överdriver": -2,
  "överfall": -2,
  "överge": -2,
  "överger": -2,
  "övergiven": -2,
  "overksamhet": -2,
  "överläggning": -1,
  "överlägsen": 4,
  "överlevde": 2,
  "överreagerade": -2,
  "överreaktion": -2,
  "översåld": -2,
  "overselling": -2,
  "oversells": -2,
  "översikt": -1,
  "oversimplification": -2,
  "oversimplifies": -2,
  "oversimplify": -2,
  "översittare": -2,
  "överskrida": -2,
  "överskridande": -2,
  "överträdelse": -2,
  "överträdelser": -2,
  "överträder": -2,
  "övertyga": 1,
  "övertygad": 1,
  "övertygar": 1,
  "övervärderingar": -2,
  "övervikt": -1,
  "overwrought": -3,
  "ovetenskaplig": -2,
  "oxymoron": -1,
  "på felaktigt sätt": -2,
  "påfrestning": -1,
  "påhittad": -1,
  "pålitlig": 2,
  "pålitlighet": 2,
  "panik": -3,
  "panikartad flykt": -2,
  "pank": -1,
  "paradis": 3,
  "paradox": -1,
  "pärla": 3,
  "partisk": -2,
  "partiskhet": -1,
  "passa": 1,
  "passion": 1,
  "passionerad": 2,
  "passiv": -1,
  "passivt": -1,
  "påstående": -2,
  "påståenden": -2,
  "påstridig": -1,
  "patetisk": -2,
  "påverkade": -1,
  "perfekt": 3,
  "pervers": -3,
  "pessimism": -2,
  "pessimistisk": -2,
  "phobic": -2,
  "pigg": 2,
  "piggade": 2,
  "pina": -3,
  "pinsam": -2,
  "piqued": -2,
  "piss": -4,
  "pissing": -3,
  "pistol": -1,
  "piteous": -2,
  "pittoresk": 2,
  "plåga": -3,
  "plågad": -2,
  "plågar": -3,
  "plågas": -3,
  "plågor": -3,
  "plågsam": -3,
  "plundring": -2,
  "polerad": 2,
  "populär": 3,
  "popularitet": 3,
  "portion": 2,
  "positiv": 2,
  "positivt": 2,
  "possessiv": -2,
  "posttraumatisk": -2,
  "prblm": -2,
  "prblms": -2,
  "pressade": -2,
  "prestation": 2,
  "prestationer": 2,
  "presterande": -2,
  "presterat": -2,
  "pris": 2,
  "prisa": 3,
  "prisvärd": 2,
  "privilegierad": 2,
  "proaktiv": 2,
  "problem": -2,
  "profitör": -2,
  "propaganda": -2,
  "protest": -2,
  "protester": -2,
  "protesterar": -2,
  "provocera": -1,
  "provocerade": -1,
  "provocerar": -1,
  "pseudovetenskap": -3,
  "psykopat": -2,
  "puss kram": 3,
  "puss och kram": 3,
  "rå": -1,
  "rackartyg": -1,
  "rädd": -2,
  "rädda": 2,
  "räddade": 2,
  "räddningar": 2,
  "räddningsaktion": -2,
  "rädsla": -2,
  "raffinerad": 1,
  "räfst": -2,
  "rageful": -2,
  "rakt": 1,
  "råna": -2,
  "rånare": -2,
  "ränker": 1,
  "Ranter": -3,
  "Ranters": -3,
  "raptured": 2,
  "raptures": 2,
  "rasa": -2,
  "rasande": -2,
  "rasism": -3,
  "rasist": -3,
  "rasister": -3,
  "rask": 2,
  "rastlös": -2,
  "ratificerat": 2,
  "rätt riktning": 3,
  "rätta": 2,
  "rättegång": -2,
  "rättfärdighet": 2,
  "rättmätig": 2,
  "rättmätigt": 2,
  "rättslig": 1,
  "rättstvister": -1,
  "rättvis": 2,
  "rättvisa": 2,
  "reagera": -2,
  "reagerar": -2,
  "rebell": -2,
  "rebeller": -2,
  "reda ut": 1,
  "redo": -2,
  "regnig": -1,
  "Reigning": 1,
  "rejoices": 4,
  "Rekommendera": 2,
  "rekommenderad": 2,
  "rekommenderar": 2,
  "ren": 1,
  "rena": 2,
  "renaste": 1,
  "rengöringsmedel": 2,
  "rensas": 1,
  "rentvå": -3,
  "reprimanded": -2,
  "reprimander": -2,
  "reproducerbara": -2,
  "resa sig": 1,
  "respekt": 2,
  "respekte": 2,
  "respektlöshet": -2,
  "restaurerade": 1,
  "reste sig": 1,
  "restriktiv": -1,
  "retade": -3,
  "retar": -2,
  "retarderad": -2,
  "reträtt": -1,
  "revengeful": -2,
  "rigg": -1,
  "riggade": -1,
  "rigorös": 3,
  "rigoröst": 3,
  "rik": 2,
  "rikare": 2,
  "rikedom": 3,
  "rikt": 2,
  "risk": -2,
  "riskabel": -2,
  "risker": -2,
  "ro": -2,
  "roa": 3,
  "roat": 3,
  "robed": -2,
  "Robs": -2,
  "robust": 2,
  "rofl": 4,
  "roflcopter": 4,
  "roflmao": 4,
  "rogivande": 2,
  "rökelse": -2,
  "rökelser": -2,
  "rolig": 4,
  "roman": 2,
  "romantical": 2,
  "romantik": 2,
  "romantiskt": 2,
  "rop": -2,
  "ropade": -2,
  "röra": -2,
  "rotfl": 4,
  "rotflmfao": 4,
  "rotflol": 4,
  "röv": -4,
  "ruin": -2,
  "ruiner": -2,
  "rutten": -3,
  "ryck": -3,
  "rycks loss": -2,
  "ryggar": 1,
  "rykande": -2,
  "rymlig": 1,
  "rynkar": -1,
  "sabotage": -2,
  "sade upp sig": -1,
  "saftig": -1,
  "säger upp": -2,
  "säker": 2,
  "säkerhet": 1,
  "säkerställa": 1,
  "säkert": 1,
  "saknas": -2,
  "säkra": 2,
  "säkrad": 2,
  "säkrar": 2,
  "säkrare": 2,
  "salighet": 3,
  "SÄLJA": -2,
  "saluted": 2,
  "salutera": 2,
  "salutes": 2,
  "sämre": -2,
  "samtycke": 2,
  "sann": 2,
  "såra": -2,
  "sårbar": -2,
  "sårbarhet": -2,
  "sarkastisk": -2,
  "särskiljande": -2,
  "sätta i halsen": -2,
  "savange": -2,
  "savanges": -2,
  "scumbag": -4,
  "seger": 3,
  "segrar": 4,
  "segrare": 3,
  "segrarna": 3,
  "sexig": 3,
  "sexistiska": -2,
  "shamed": -2,
  "shattered": -2,
  "shithead": -4,
  "shitty": -3,
  "shoody": -2,
  "sidoeffekt": -2,
  "signifikant": 1,
  "since": 2,
  "singleminded": -2,
  "sinnen": 2,
  "sinnessjuk": -2,
  "själlös": -2,
  "självbefläckelse": -2,
  "självisk": -3,
  "själviskhet": -3,
  "självmord": -2,
  "självmords": -2,
  "självmotsägande": -2,
  "självsäker": 2,
  "självsäkert": 2,
  "självvilseledda": -2,
  "sjuk": -2,
  "sjukdom": -1,
  "sjukdomar": -1,
  "skada": -2,
  "skadad": -2,
  "skadade": -2,
  "skadar": -2,
  "skadestånd": -3,
  "skadlig": -2,
  "skador": -2,
  "skakig": -2,
  "skakningar": -2,
  "Skål": 2,
  "skälla ut": -2,
  "skälva": -2,
  "skam": -2,
  "skamlig": -2,
  "skamsen": -2,
  "skämt": 2,
  "skämtsam": 2,
  "skandal": -3,
  "skandal": -3,
  "skandaler": -3,
  "skandalös": -3,
  "skära": -1,
  "skärande": -1,
  "skatt": 2,
  "skattar": -1,
  "skattas": -1,
  "skatter": 2,
  "skavanker": -2,
  "skepsis": -2,
  "skeptiker": -2,
  "skeptisk": -2,
  "skicklig": 2,
  "skit": -3,
  "Skit": -4,
  "skitsnack": -4,
  "skjuta": -1,
  "skjuta upp": -1,
  "skjuter upp": -1,
  "sköljning": -3,
  "skön": 3,
  "skönhet": 3,
  "skopa": 3,
  "skräck": -3,
  "skrämd": -2,
  "skrämma": -2,
  "skrämmande": -2,
  "skrämmas": -2,
  "skrämmer": -2,
  "skrämsel": -2,
  "skräppost": -2,
  "skratt": 1,
  "skrattade": 1,
  "skrattande": 1,
  "skrattar": 1,
  "skrek": -2,
  "skrik": -2,
  "skrika": -2,
  "skrikande": -2,
  "skruvad": -2,
  "skruvas upp": -3,
  "skrytsam": -2,
  "skuld": -2,
  "skurit": -2,
  "skydda": 1,
  "skyddad": 1,
  "skyddar": 1,
  "skygg": -2,
  "skyldig": -3,
  "skylla på": -2,
  "skyllde": -2,
  "skyller": -2,
  "slå med häpnad": 3,
  "slå till": -1,
  "slå tillbaka": -1,
  "slagen": -2,
  "slam": -2,
  "slampa": -5,
  "släpade": -1,
  "släpat": -2,
  "släppa": -1,
  "slår": -1,
  "slarvig": -2,
  "slashing": -2,
  "slåss": -1,
  "slav": -3,
  "slavar": -3,
  "slaveri": -3,
  "slicker": 2,
  "slit": -2,
  "sliten": -1,
  "slö": -2,
  "slog": -1,
  "slösa": -2,
  "slösande": -2,
  "slösar": -2,
  "slöseri": -2,
  "slumping": -1,
  "sluta": -1,
  "smart": 2,
  "smärta": -2,
  "smartare": 2,
  "smartaste": 2,
  "smärtsam": -2,
  "småsint": -2,
  "smaskigt": 3,
  "smeta": -2,
  "smitta": -2,
  "smittad": -2,
  "smittor": -2,
  "smittosam": -1,
  "smog": -2,
  "smuggla": -2,
  "smugglad": -2,
  "smugglar": -2,
  "smuggling": -2,
  "smuts": -2,
  "smutsig": -2,
  "smutsigare": -2,
  "smutsigaste": -2,
  "snabb": 2,
  "snabbt": 2,
  "snål": -2,
  "snäll": 2,
  "snälla du": 1,
  "snedstreck": -2,
  "snedvrida": -2,
  "snedvrider": -2,
  "snitt": -1,
  "snubbed": -2,
  "snubbing": -2,
  "snubs": -2,
  "snuskig": -2,
  "snygg": 3,
  "sofistikerad": 2,
  "solidaritet": 2,
  "solidifierande": 2,
  "solsken": 2,
  "som är änka": -1,
  "som förorenar": -2,
  "sömlös": 2,
  "sömlöst": 2,
  "sömnlöshet": -2,
  "son of a tik": -5,
  "sönderdelande": -2,
  "sopor": -1,
  "soptippar": -1,
  "sorg": -2,
  "sorglös": 1,
  "sorgsen": -2,
  "sörja": -2,
  "sörjde": -2,
  "sörjer": -2,
  "söt": 2,
  "sötare": 3,
  "spam": -2,
  "spammare": -3,
  "spammer": -3,
  "spänd": -2,
  "spännande": 3,
  "spänning": 3,
  "spara": 2,
  "spåra ur": -2,
  "sparade": 2,
  "spårade ur": -2,
  "spårar ur": -2,
  "sparken": -2,
  "spekulativ": -2,
  "spela roll": 1,
  "spelar roll": 1,
  "spjutspets": 2,
  "spöke": -1,
  "sprudlande": 4,
  "squelched": -1,
  "stabil": 2,
  "stall": -2,
  "stämd": -2,
  "stämma": -2,
  "stämning": -2,
  "stämningar": -2,
  "ståndaktig": 2,
  "stank": -2,
  "stapla": -1,
  "stark": 2,
  "stärka": 2,
  "starkare": 2,
  "starkaste": 2,
  "stärker": 2,
  "stel": -1,
  "stelna": 2,
  "stelnade": 2,
  "stelnar": 2,
  "stereotyp": -2,
  "stick": -2,
  "sticka": -5,
  "stiger": 1,
  "stilig": 3,
  "stimulera": 1,
  "stimulerade": 1,
  "stimulerande": 2,
  "stimulerar": 1,
  "stinkande": 2,
  "stinked": -2,
  "stinker": -2,
  "stjäl": -2,
  "stjäla": -2,
  "stöd": 2,
  "Stöd": 2,
  "stödja": 2,
  "stödjande": 2,
  "stöds": 2,
  "stöka upp": -2,
  "stola": -2,
  "stolt": 2,
  "stön": -2,
  "stöna": -2,
  "stönade": -2,
  "stopp": -1,
  "stoppa": -1,
  "stoppad": -1,
  "stor": 3,
  "stör": -2,
  "störa": -2,
  "störande": -2,
  "störd": -2,
  "störda": -2,
  "störde": -2,
  "störningar": -2,
  "större": 3,
  "störst": 3,
  "stött": -2,
  "stout": 2,
  "stövel": -5,
  "sträcker sig": 1,
  "straff": -2,
  "straff": -2,
  "straffa": -2,
  "straffad": -2,
  "straffas": -2,
  "strapats": -2,
  "strejk": -2,
  "stressfaktor": -2,
  "stressfaktorer": -2,
  "strida": -1,
  "stridande": -1,
  "strider": -1,
  "stridslysten": -2,
  "strömavbrott": -2,
  "stryk": -1,
  "strypt": -2,
  "stulna": -2,
  "styrka": 2,
  "styrkor": 2,
  "suck": -2,
  "suddigt": -2,
  "sueing": -2,
  "Sues": -2,
  "sufferers": -2,
  "suga": -3,
  "suger": -3,
  "sulky": -2,
  "super": 3,
  "supportrar": 1,
  "svag": -2,
  "svaghet": -2,
  "svagheter": -2,
  "svält": -2,
  "svälta": -2,
  "svältande": -2,
  "svälter": -2,
  "svampiga": -2,
  "svär": -2,
  "svår": -2,
  "svära": -2,
  "svårt": -1,
  "svartsjuk": -2,
  "svartsjuka": -2,
  "svek": -3,
  "svika": -2,
  "sviker": -3,
  "svikit": -3,
  "svindleri": -3,
  "sweetest": 3,
  "sympati": 2,
  "sympatisk": 2,
  "syn": 1,
  "synd": -2,
  "syndabock": -2,
  "syndabockar": -2,
  "synder": -2,
  "syndig": -3,
  "ta miste": -2,
  "tack": 2,
  "tacka": 2,
  "tacksam": 3,
  "taggig": -2,
  "talang": 2,
  "tålig": 2,
  "tandlös": -2,
  "tanklös": -2,
  "tappade": -1,
  "tårar": -2,
  "tard": -2,
  "terrorised": -3,
  "terrorisera": -3,
  "terroriserar": -3,
  "terrorist": -2,
  "terrorister": -2,
  "tik": -5,
  "tikar": -5,
  "till förnyelse": 1,
  "tillägnad": 2,
  "tillägnar": 2,
  "tillåta": 1,
  "tillbedjan": 3,
  "tilldela": 3,
  "tilldelats": 3,
  "tillfällig": -2,
  "tillfogade": -2,
  "tillförlitligt": 2,
  "tillfredsställelse": 2,
  "tillgång": 2,
  "tillgångar": 2,
  "tillgänglig": 1,
  "tillgivenhet": 3,
  "tillhåll": -1,
  "tillit": 1,
  "tillräcklig": 1,
  "tillrådligt": 1,
  "tillrättavisning": -2,
  "tillsyn": -1,
  "tillväxt": 2,
  "tippad": -2,
  "tjänat": -2,
  "tjura": -2,
  "TJURA": -1,
  "tjusig": 2,
  "tofter": -2,
  "tolerans": 2,
  "tolerant": 2,
  "tomhet": -1,
  "tömma": -1,
  "topp": 2,
  "torterade": -4,
  "torturing": -4,
  "tortyr": -4,
  "totalitär": -2,
  "totalitarism": -2,
  "tout": -2,
  "touts": -2,
  "toxisk": -3,
  "trädde": -2,
  "tragedi": -2,
  "tragedier": -2,
  "tragisk": -2,
  "trakasserade": -3,
  "trakasserande": -3,
  "trakasserar": -3,
  "trakasserier": -3,
  "tråkig": -2,
  "trångmål": -2,
  "trängsel": -1,
  "trasig": -2,
  "trasslat": -2,
  "trauma": -3,
  "traumatisk": -3,
  "travesti": -2,
  "tremulous": -2,
  "trevlig": 3,
  "trist": -2,
  "triumf": 4,
  "triumfer": 4,
  "tro": 1,
  "trög": -2,
  "trogen": 3,
  "troll": -2,
  "tröstande": 2,
  "trotsig": -1,
  "trött": -2,
  "trötta": -2,
  "tröttar": -2,
  "Trötthet": -2,
  "tröttsam": -2,
  "trumpen": -2,
  "truster": 1,
  "tryck": -1,
  "tuffing": -3,
  "tukta": -3,
  "tumör": -2,
  "tur": 3,
  "tur": 3,
  "tvång": -2,
  "tveka": -2,
  "tveksam": -1,
  "tveksamt": -2,
  "tvingad": -2,
  "Tvingad": 1,
  "tvingade": -1,
  "tvist": -2,
  "tvister": -2,
  "tvivel": -1,
  "tvivelaktig": -2,
  "tvivelaktiga": -2,
  "tvivlat": -1,
  "tvungen": -2,
  "tycka om": 2,
  "tyckte synd om": -1,
  "Tyran": -3,
  "tyrann": -3,
  "tyrannic": -3,
  "tyrannisk": -3,
  "Tyrans": -3,
  "tystande": -1,
  "tyvärr": -2,
  "udda": -2,
  "unappreciated": -2,
  "unbelieving": -1,
  "underbar": 4,
  "underbart": 4,
  "undergång": -2,
  "undergräver": -2,
  "underhållande": 2,
  "underlägsna": -2,
  "underligt": -1,
  "underminera": -2,
  "undermineras": -2,
  "underprissättning": -2,
  "underskatta": -1,
  "underskattningar": -1,
  "underskott": -2,
  "undvek": -1,
  "undvika": -1,
  "undviker": -1,
  "unfitted": -2,
  "unfunny": -2,
  "ungdomlig": 2,
  "ungefär": 0,
  "uninvolving": -2,
  "unoriginal": -2,
  "unparliamentary": -2,
  "unreleting": -2,
  "untarnished": 2,
  "uppehåll": -2,
  "uppför sig illa": -2,
  "uppfriskande": 2,
  "uppfylla": 2,
  "uppfyllda": 2,
  "uppfyllelse": 2,
  "uppfyller": 2,
  "upphängd": -1,
  "upphetsad": 3,
  "upphöra": -1,
  "uppiggande": 3,
  "upplopp": -2,
  "upplösning": 2,
  "upplyftande": 2,
  "upplysa": 2,
  "upplysande": 2,
  "upplyser": 2,
  "upplyst": 2,
  "uppmuntra": 2,
  "uppmuntrad": 2,
  "uppmuntran": 2,
  "uppmuntrande": 2,
  "uppmuntrar": 2,
  "uppnåe": 1,
  "uppriktig": 2,
  "uppriktighet": 2,
  "uppror": -2,
  "upprörande": -2,
  "upprörd": -2,
  "upprörda": -3,
  "upprördhet": -3,
  "upproriskhet": -2,
  "upprymd": 3,
  "upprymdhet": 3,
  "uppseendeväckande": 3,
  "uppskatta": 2,
  "uppskattad": 2,
  "uppskattar": 2,
  "uppskattning": 2,
  "uppskjuta": -1,
  "uppskjutande": -1,
  "uppskjutas": -1,
  "uppskrämd": -2,
  "uppsökande": 2,
  "uppsvälld": -1,
  "uppvakta": 3,
  "uppviglande": -2,
  "urholkat": -1,
  "ursäkt": -1,
  "ursinniga": -2,
  "urskillning": 2,
  "usch": -2,
  "utan beaktande av": -2,
  "utan framgång": -2,
  "utan stöd": -2,
  "utbrott": -2,
  "utesluta": -1,
  "uteslutna": -2,
  "uteslutning": -1,
  "utestående": 5,
  "utföra": 2,
  "utforskning": 1,
  "utforskningar": 1,
  "uthållighet": 2,
  "utlovade": 1,
  "utmanare": -1,
  "utmaning": -1,
  "utmaningsbar": -2,
  "utmärkelser": 3,
  "utmärkt": 5,
  "utmätningar": -2,
  "utmattad": -2,
  "utnyttja": -2,
  "utnyttjas": -2,
  "utom sig": -1,
  "utplåna": -2,
  "utplånas": -2,
  "utpressar": -3,
  "utpressning": -3,
  "utsikt": 1,
  "utsikter": 1,
  "utsökt": 3,
  "utsvulten": -2,
  "uttag": -3,
  "uttråkad": -2,
  "utväxter": 2,
  "utvisa": -2,
  "utvisas": -2,
  "vacker": 3,
  "vackert": 3,
  "vacklande": -1,
  "vag": -2,
  "vågad": 2,
  "våghals": 2,
  "vägra": -2,
  "vägrade": -2,
  "vägrar": -2,
  "vaksam": 3,
  "väl championed": 3,
  "väl fokuserad": 2,
  "välbefinnande": 2,
  "våld": -3,
  "våldsam": -3,
  "våldsamt": -3,
  "våldsrelaterad": -3,
  "våldta": -4,
  "våldtagen": -4,
  "våldtäktsman": -4,
  "väletablerad": 2,
  "välgörare": 2,
  "välgörenhet": 2,
  "validera": 1,
  "validerade": 1,
  "validerar": 1,
  "Välkommen": 2,
  "välkomnade": 2,
  "välkomnar": 2,
  "vålla": -2,
  "välmående": 3,
  "välpreparerade": 2,
  "välproportionerad": 2,
  "välsigna": 2,
  "välsignar": 2,
  "välsignelse": 3,
  "välsignelser": 3,
  "välstånd": 3,
  "välutvecklad": 2,
  "välvillig": 3,
  "vän": 1,
  "vänlig": 2,
  "vänliga hälsningar": 2,
  "vänlighet": 2,
  "vann": 3,
  "vansinne": -2,
  "vänskap": 2,
  "vänskaplig": 2,
  "vänta": -1,
  "väntar": -1,
  "vård": 2,
  "vårda": 2,
  "värdelös": -2,
  "värdig": 2,
  "värdighet": 2,
  "värk": -2,
  "värma": 1,
  "värme": 2,
  "varmhjärtad": 2,
  "varna": -1,
  "varnade": -2,
  "varnar": -2,
  "varning": -3,
  "varningar": -3,
  "värnpliktens": -2,
  "värre": -3,
  "värst": -3,
  "värt": 2,
  "väsentlig": 1,
  "väsentligen": 1,
  "vävstol": -1,
  "vävstolar": -1,
  "växande": 1,
  "vedermöda": -2,
  "verkningslös": -2,
  "vested": 1,
  "vibrerande": 3,
  "victimize": -3,
  "victimizing": -3,
  "vidrig": -3,
  "VIDRIG": -3,
  "Viktigt": 2,
  "vill": 1,
  "villighet": 2,
  "vilse": -3,
  "vilseledande": -3,
  "vilseleder": -3,
  "vindicated": 2,
  "vindicates": 2,
  "vindicating": 2,
  "vinna": 4,
  "vinnande": 4,
  "vinnare": 4,
  "vinst": 2,
  "vinster": 2,
  "vintergröna": 2,
  "virulent": -2,
  "visdom": 1,
  "visionär": 3,
  "visioner": 1,
  "visioning": 1,
  "vissa": 1,
  "vitalitet": 3,
  "vitamin": 1,
  "vitriolic": -3,
  "vördade": 2,
  "vräkning": -1,
  "vred": -3,
  "vunnits": 2,
  "walkouts": -2,
  "wanker": -3,
  "WINWIN": 3,
  "woohoo": 3,
  "wooo": 4,
  "woow": 4,
  "worsens": -3,
  "Wow": 4,
  "Wowow": 4,
  "Wowww": 4,
  "wtf": -4,
  "wtff": -4,
  "wtfff": -4,
  "xoxoxo": 4,
  "xoxoxoxo": 4,
  "yeees": 2,
  "yr": -1,
  "yster": 2,
  "yucky": -2,
  "yxa": -1,
  "zealots": -2
}