{
  "Sintinedddi": 1,
  "#yes": 3,
  "dubious": -2,
  "lunatic": -3,
  "successi": 3,
  "courtesy": 2,
  "A anti": -1,
  "à bordu": 1,
  "A campa": 3,
  "a causa": -2,
  "a chjusa": 1,
  "a filiera": 2,
  "a grana": 2,
  "a guerra": -2,
  "A lOTTA": -2,
  "a maglia": -2,
  "a materia": 1,
  "a morte": -2,
  "à mudernizà": 2,
  "a nuvità": 1,
  "a parolla ghjusta": -1,
  "A paura": -2,
  "a qualità": 2,
  "a quistioni": 2,
  "a riescita": 2,
  "A salute": 2,
  "a saviezza": 1,
  "a scola": 2,
  "à sparà": -1,
  "A Strage": -3,
  "a tristezza": -2,
  "aa": 1,
  "abandons": -2,
  "abbagliulatu": 3,
  "abbandunatu": 3,
  "abbannunari": -2,
  "abbannunati": -2,
  "abbannunau": -2,
  "abbattuta": -2,
  "abbianu": 3,
  "abbilinatu": -2,
  "abbituatu": 2,
  "abbraccià": 1,
  "abbuccari": -2,
  "abbusannusi": -3,
  "abbuttata": -3,
  "abductions": -2,
  "abhorred": -3,
  "abhors": -3,
  "abilità": 2,
  "abominer": -3,
  "aborted": -1,
  "aborts": -1,
  "absentee": -1,
  "absentees": -1,
  "absolved": 2,
  "absolves": 2,
  "absolving": 2,
  "absurdum führen": -4,
  "Abuse": -3,
  "abusi": -3,
  "abusivu": -3,
  "accarizzendu": 2,
  "accasu": -2,
  "accéder": 2,
  "accetta,": 1,
  "accettazione": 1,
  "accigliato": -1,
  "accittà": 1,
  "accittabbili": 1,
  "accittari": 1,
  "accittò": 1,
  "acclamatu": 2,
  "Accolade": 2,
  "accomplishes": 2,
  "accordiu": -2,
  "accordo": 1,
  "accu": -2,
  "accuglienti": 2,
  "accùmuli": -2,
  "accunsentitu": 2,
  "accunsentu": 2,
  "accuntintari": 2,
  "accurdava": 2,
  "accurtatoghji": -1,
  "accusà": -2,
  "accusateur": -2,
  "accusati": -2,
  "accusavanu": -2,
  "accusazioni": -2,
  "accusi": -2,
  "accùsinu": -1,
  "aching": -2,
  "acquistu": 2,
  "acquits": 2,
  "acquitting": 2,
  "acrimonious": -3,
  "addilettu": 3,
  "addisperu": -2,
  "addispiratu": -3,
  "addumannatu": -2,
  "addunari": -2,
  "admires": 3,
  "admonish": -2,
  "adorazione": 3,
  "adoring": 3,
  "adoringly": 3,
  "adurate": 3,
  "aèriu": -2,
  "affarone": 2,
  "affascinante": 3,
  "affascinanti": 3,
  "affascinati": 3,
  "affattu": 1,
  "affectionateness": 3,
  "affettu": 3,
  "affettuosa": 3,
  "affisu": -2,
  "afflittu": -2,
  "affrittu": -1,
  "affronted": -1,
  "affucati": -2,
  "affucatu": -2,
  "ag": -3,
  "aggravated": -2,
  "aggravates": -2,
  "aggravating": -2,
  "aggravava": -2,
  "aggressions": -2,
  "aggressiveness": -2,
  "agguattu": -1,
  "aghast": -2,
  "agog": 2,
  "agonises": -3,
  "agonize": -3,
  "agonized": -3,
  "agonizes": -3,
  "agriculturalist": 2,
  "aiuta": 2,
  "aiutatu": 2,
  "aiutu": 2,
  "alarme": -2,
  "alarmiste": -2,
  "alarmists": -2,
  "albetta": -2,
  "alerte": 2,
  "Algérienne": -2,
  "aliénation": -2,
  "aligria": 3,
  "allargavanu": -2,
  "allegation": -2,
  "allegro": 3,
  "allegru": 3,
  "allergicu": -2,
  "almanacchi": 2,
  "altagna": -2,
  "altruistic": 2,
  "àmanu": 3,
  "amara": -2,
  "amaru": -3,
  "amata": 3,
  "amaze": 2,
  "amazes": 2,
  "ambientiamichevuli": 2,
  "ambiziosu": 2,
  "America di u": -2,
  "Amica": -2,
  "amicable": 2,
  "amichevuli": 2,
  "amici stritti": 1,
  "amicizia": 2,
  "amicìzia": 2,
  "amicu": 1,
  "amirale": 2,
  "ammartucuti": -2,
  "ammazzata": -3,
  "ammazzati": -2,
  "ammazzatu": -3,
  "ammigghiuratu": 2,
  "amminazza": -2,
  "ammissu": -1,
  "ammucciari": -1,
  "ammucciatu": -1,
  "ammucciau": -2,
  "ammucciava": -1,
  "ammunitu": -2,
  "amori": 3,
  "Amour,": -2,
  "amparau": 2,
  "amuri Coppia": 4,
  "amurusaRidinturi": 3,
  "amused": 3,
  "amusements": 3,
  "Anal Moglie": -1,
  "analfabbetismu": -2,
  "Andantino": -2,
  "angers case": -3,
  "angosce": -2,
  "animatrici": 3,
  "animusità": -2,
  "annoyance": -2,
  "annuel": 2,
  "annuiatu": -2,
  "annullà": -1,
  "annullati": -1,
  "annullatu": -1,
  "antagonistic": -2,
  "Antica Focacceria": -1,
  "apathetic": -3,
  "apatia": -3,
  "apeshit": -3,
  "apocalyptic": -2,
  "apologizes": -1,
  "apologizing": -1,
  "APPARISCENZA": -2,
  "appearance": 2,
  "appeases": 2,
  "appillari": -1,
  "àppiru bisognu": 1,
  "applaud": 2,
  "applauded": 2,
  "applauding": 2,
  "applauds": 2,
  "applausi": 2,
  "appoghju": 2,
  "appreciates": 2,
  "appreciating": 2,
  "apprehensive": -2,
  "apprezzà": 2,
  "appricatu": 1,
  "apprizzati": 2,
  "appropriately": 2,
  "apprupriatu": 2,
  "appruvazzioni": 2,
  "arcipelagu": -1,
  "arditi": 2,
  "Ardu": 1,
  "area": -2,
  "Armatori": 2,
  "armi": -3,
  "armuniosu": 2,
  "arrabbià": -3,
  "arrabbiatu": -3,
  "arresti": -2,
  "arrestu": -2,
  "arriatu": -2,
  "arricchimentu": 2,
  "arristati": -3,
  "arrivatu": 1,
  "arrobbanu": -2,
  "arrubati": -2,
  "arrubatu": -3,
  "arrubbari": -2,
  "arrubbatu": -2,
  "arrubbò": -2,
  "arruganti": -2,
  "arsehole": -4,
  "arzillu": 2,
  "ascella": -2,
  "asciutta": -1,
  "asgiata": 2,
  "ashame": -2,
  "aspra": -1,
  "assai": -2,
  "assalti": -2,
  "assassin": -2,
  "assassina": -2,
  "assassinations": -3,
  "assassineghja": -2,
  "assicuratu": -1,
  "assicurendu": 1,
  "assignalati": 2,
  "assignatu": 2,
  "assinnatu": 2,
  "assistenza": -2,
  "assoltu": 2,
  "assorviri": 2,
  "assurbutu": 1,
  "astound": 3,
  "astoundingly": 3,
  "astru": -2,
  "astucieux": 2,
  "atlɑs m": -1,
  "attacà": -1,
  "attacchi": -1,
  "attaccò": -1,
  "attacu": -1,
  "attentu": 2,
  "attinzioni": 2,
  "attitudina": -1,
  "attizzava": -3,
  "attractively": 2,
  "attractiveness": 2,
  "attrae": 1,
  "attrattiva": 2,
  "attrattu": 1,
  "attrazioni": 2,
  "attribuitu": 3,
  "audacious": 3,
  "aumentu": 1,
  "aumintau": 1,
  "auspicàbbili": 2,
  "auturità": 1,
  "auturizà": 1,
  "Avalanche": -2,
  "avanzà": 3,
  "avanzatu": 1,
  "avaremu": 2,
  "avè": 2,
  "avengers": -2,
  "avenges": -2,
  "avenging": -2,
  "aventura": 2,
  "aventure": 2,
  "avertimentu": -3,
  "averts": -1,
  "aviatrice": -1,
  "avide": 2,
  "avidità": -3,
  "avoriu": 3,
  "avvinturosi": 2,
  "avvirtimenti": -3,
  "awaited": -1,
  "azzurru": 1,
  "Baarìa": 3,
  "baccalà": -3,
  "bacshish": -3,
  "bad luck": -2,
  "ball": -3,
  "bambini": 2,
  "bamboozle": -2,
  "bamboozled": -2,
  "bamboozles": -2,
  "bancarutta": -3,
  "bankruptcy": -3,
  "bankster": -3,
  "barbareschi": -2,
  "barbarica": -2,
  "bàrbaru": -2,
  "barbed": 2,
  "barriera linguistica": -2,
  "basciu": -1,
  "basgiatu": 2,
  "Bastard": -5,
  "bastardi": -5,
  "battagghi": -1,
  "battennusi": -2,
  "battiu": -2,
  "be": -2,
  "beatific &": 3,
  "bedda": 3,
  "befit": 2,
  "befitting": 2,
  "beie": -2,
  "belittle": -2,
  "belittled": -2,
  "bellezze": 2,
  "bellu": 3,
  "bellu aspettu": 3,
  "bellucciu": 1,
  "bene": 3,
  "benedica": 2,
  "benedizzione": 3,
  "benefattori": 2,
  "benefici": 2,
  "benefitted": 2,
  "benefitting": 2,
  "benefiziu": 2,
  "benifighjendu": 2,
  "benilieu": 2,
  "beniprupurziunatu bè": 2,
  "beniPurtata": 3,
  "benistabbiluti": 2,
  "beni a": 3,
  "benifari": 2,
  "benvenuti": 2,
  "Benvenuti": 2,
  "bereave": -2,
  "bereaves": -2,
  "bereaving": -2,
  "biased |": -2,
  "biddizza": 3,
  "biddizzi": 3,
  "binifatturi": 2,
  "binistà": 2,
  "bisticcio": -2,
  "bitterest": -2,
  "blackmailed": -3,
  "blackmailing": -3,
  "blackmails": -3,
  "blames": -2,
  "blessés": 2,
  "blithe": 2,
  "bloated": -1,
  "blocchi": -1,
  "Bloccu": -2,
  "blockbuster": 3,
  "bluccatu": -1,
  "boastful": -2,
  "boci bassa": -3,
  "bœuf": -1,
  "bonghjornu": 1,
  "boosting": 1,
  "boosts": 1,
  "borse chì permetteranu": 1,
  "boycotting": -2,
  "boycotts": -2,
  "brainwashing": -3,
  "bramemu": 1,
  "brava": 2,
  "bravu,": 3,
  "breached": -2,
  "breaches": -2,
  "bribing": -3,
  "brilliances": 3,
  "Brincade": -2,
  "briona": -2,
  "brooding": -2,
  "brouillé": -1,
  "brutal": -2,
  "brutali": -3,
  "brutta": -3,
  "bruttizza": -3,
  "bu": 4,
  "buanu": 3,
  "bughjone": -1,
  "bullied": -2,
  "Bullying": -2,
  "bundenza": 3,
  "buntà": 3,
  "buoyant": 2,
  "burdened": -2,
  "burdening": -2,
  "burglaries": -2,
  "burlatu,": -3,
  "cacceti": -2,
  "cacciai": 2,
  "caccialli": -3,
  "cadevanu": -1,
  "caduto": -2,
  "cagna": -5,
  "cala luna": -2,
  "calchi": 3,
  "calculus": -2,
  "callu": 1,
  "calmà": 2,
  "calmari": 2,
  "calmaru": 2,
  "calming": 2,
  "cambiamentu": 1,
  "Camera": -2,
  "cammira": -1,
  "campa": -2,
  "campau": 2,
  "campionis": 2,
  "campiuni": 2,
  "Campu Tondu": 2,
  "canadese": -3,
  "canadese critique": -2,
  "canadese distraction": -2,
  "canadese ennui": -2,
  "canadese gallant": 3,
  "canadese manipulation": -1,
  "canadese pique": -2,
  "canceling": -1,
  "cancels": -1,
  "cancru": -1,
  "càndida": -2,
  "cannone": -1,
  "canzunadori": -2,
  "caòticu": -2,
  "CAPABILITY": 1,
  "capatoghji": -2,
  "capitu": 1,
  "cappella": 2,
  "Capra": 2,
  "caputravagghi": 4,
  "cardiac": -3,
  "caribbean": -2,
  "carine": 2,
  "carìssimu": 3,
  "caristia": -2,
  "caritatevuli": 2,
  "càrricu": 1,
  "cartilluna": 3,
  "caru": 2,
  "Casalinghi": -4,
  "cashing in": -2,
  "casticati": -2,
  "casticatu": -2,
  "casu": 2,
  "casuali": -1,
  "casualty": -2,
  "catastrophic": -4,
  "CAURIA": 2,
  "Cavatrici": -3,
  "cazzo": -4,
  "cazzo bella": 4,
  "cazzo incredibile": 4,
  "cchiù granni": 3,
  "ceda": -2,
  "celebrà": 3,
  "celebrazione": 3,
  "celebreghjanu": 3,
  "celi": 3,
  "cèlibbri": 2,
  "censor": -2,
  "censors": -2,
  "centralinista": 2,
  "certej": -2,
  "certu": 1,
  "cespugli": -2,
  "ch": -2,
  "chagrin francese": -2,
  "charmless": -3,
  "chastised": -3,
  "chastises": -3,
  "chastising": -3,
  "cheater": -3,
  "cheerless": -2,
  "Cherish": 2,
  "cherza": 2,
  "chetà": -1,
  "chì": -2,
  "chì ci capìscenu": 2,
  "chì tomba": -3,
  "chì và": -2,
  "chia": 2,
  "chiàcchiri": -2,
  "chianciti": -1,
  "chianta spinusa ndìggina": -2,
  "chide": -3,
  "chided": -3,
  "chides": -3,
  "chiding": -3,
  "chiste": 2,
  "chistu nfriggìu": -2,
  "chiummu": 1,
  "chjami aghjalesi": -2,
  "chjaramente": 1,
  "chjaru": 1,
  "chjosa": 2,
  "christiana": -5,
  "ci": 2,
  "ci vede": -2,
  "ciabbulaunu": -3,
  "Ciak": -2,
  "ciappi": -2,
  "cibbu": -2,
  "cigna": -1,
  "cilesta": 4,
  "cima": 2,
  "cinese": -2,
  "cinzurata": -2,
  "circannu di pigghiarisi": -2,
  "circhendu": 1,
  "CIRCULATE": -2,
  "ciuri": -1,
  "ciuriddu": -2,
  "CLAMPATES": -2,
  "clap": 2,
  "clarifies": 2,
  "clueless": -2,
  "cocksuckers": -5,
  "cocky": -2,
  "coerced": -2,
  "coercion": -2,
  "collapses": -2,
  "còllera": -3,
  "collide": -1,
  "collides": -1,
  "colliding": -1,
  "collisions": -2,
  "colluding": -3,
  "comicu": 1,
  "commedia": 1,
  "commend": 2,
  "competent": 2,
  "complacent": -2,
  "compustu": -1,
  "conciliate": 2,
  "conciliated": 2,
  "conciliates": 2,
  "conciliating": 2,
  "confiant": 2,
  "conflicting": -2,
  "conflictive": -2,
  "congrats": 2,
  "consents": 2,
  "consolable": 2,
  "constipation": -2,
  "constrained": -2,
  "contagion": -2,
  "contagions": -2,
  "contaminant": -2,
  "contaminants": -2,
  "contaminate": -2,
  "contaminates": -2,
  "contaminating": -2,
  "contaminations": -2,
  "contender": -1,
  "contentious": -2,
  "contestable": -2,
  "controversially": -2,
  "contruversu": -2,
  "cool": 1,
  "Coppia": -4,
  "cornu": -2,
  "corrupting": -3,
  "Corsets": 2,
  "Corsica Bastia": -2,
  "Corsica Shuttle": 1,
  "Corsu": -2,
  "cortusighted": -2,
  "cortusightedness": -2,
  "Cosi": 2,
  "cottura": 2,
  "courageously": 2,
  "courageousness": 2,
  "courageux": 2,
  "cowardly": -2,
  "coziness": 2,
  "crachant": -3,
  "cramp": -1,
  "craru": -1,
  "crazier": -2,
  "craziest": -2,
  "Crespi": -2,
  "crestfallen": -2,
  "criativu": 2,
  "criminate": -3,
  "criminated": -3,
  "criminates": -3,
  "crìmine": -3,
  "crimini": -3,
  "Crisci ❤": 3,
  "crisi": -3,
  "crita e": -2,
  "critica": 2,
  "criticatu": -2,
  "critichi": -2,
  "crìtichi": -2,
  "criticize": -2,
  "criticizes": -2,
  "criticizing": -2,
  "crìticu": -2,
  "crowding": -1,
  "crozza": -2,
  "cruccio": -2,
  "crudeli": -3,
  "crudeltà": -3,
  "Crushes": -1,
  "Cu arrobba": -2,
  "cùarpu": -1,
  "Cuba": -2,
  "cullina": 1,
  "culo": -4,
  "culpèvule": -3,
  "culpì": -3,
  "culpita": 2,
  "Cultura": 2,
  "culuri": 2,
  "cumbattimenti": -1,
  "cumbattimentu": -1,
  "cummatteru": -1,
  "cummattimentu": -1,
  "cummette": 1,
  "cumpassioni,": 2,
  "cumpetenze": 1,
  "cumpetitiva": 2,
  "cumpienda": 2,
  "cumpitenzi": 3,
  "cumpletu": 2,
  "cumplicata": 2,
  "cumplissiva": 2,
  "cumputus": -2,
  "cuncernatu": -2,
  "cuncessi": 1,
  "cundannate": -2,
  "cunfirmata": -1,
  "cunfritti supra scala": -2,
  "cunfrittu": -2,
  "cunfùnninu": -2,
  "cunfurtà": 2,
  "cunfusu": -2,
  "cunnanna": -2,
  "cunnannata": -4,
  "cunnannati": -2,
  "cunnannatu": -2,
  "cunnilingus": -2,
  "cunquisti": 2,
  "cunsigliatu": 2,
  "cunsistenti": 1,
  "cunsola": 2,
  "cunsulazione": 2,
  "cunsumazione": -2,
  "cuntaminata": -2,
  "cuntaminatu": -2,
  "cuntaminazione": -3,
  "Cuntaminazzioni": -2,
  "cuntenti": 3,
  "cuntentu": 3,
  "cuntimplà": 3,
  "cuntintizza": 3,
  "cuntistava": -1,
  "cuntrariarlu": -2,
  "cuntrastau": -2,
  "cuntribuiscia": 2,
  "cuntrollu ghjudiziariu": 1,
  "cuntrullari, a dàrisi": -2,
  "cuntruversia": -2,
  "cunvalidà": 1,
  "cunvinciu": 1,
  "cunvinta": 2,
  "cunvinzioni": -2,
  "cunvivialità": 2,
  "cupertine, iammeup": -3,
  "curaghjosu": 2,
  "curaghju": 2,
  "curagiu": 2,
  "curanu": -2,
  "curato": 3,
  "curiusa": -2,
  "curnutu": -2,
  "curpevuli": -3,
  "curreva": -2,
  "currezzione": -2,
  "currotta": -2,
  "currusivu e addirittura": -2,
  "currutti": -3,
  "curruzzioni": -3,
  "curtisi": 2,
  "curtisia": -2,
  "cuscienza": -3,
  "custretta": -2,
  "custruttivamenti": 2,
  "cutanée": -2,
  "cutbacks": -2,
  "cynic": -2,
  "cynical": -2,
  "daniela": 1,
  "dannighjatu": -2,
  "dannu": -2,
  "dannusa": -3,
  "dannusu": -2,
  "dapertuttu,": 2,
  "daredevil": 2,
  "datti": -2,
  "dauntless": 2,
  "dazzlîng": 3,
  "ddoi": -1,
  "Ddu": -2,
  "deadening": -2,
  "deafening": -1,
  "debbitu": -2,
  "dèbbuli": -2,
  "debonair": 2,
  "dèbule": -2,
  "debuli": -2,
  "deceives": -3,
  "deceptive": -3,
  "decisioni": 2,
  "dedica": 2,
  "défaut": -3,
  "défendu": -1,
  "defenseless": -2,
  "deferring": -1,
  "defiant": -1,
  "deficient": -2,
  "definitivu": 1,
  "deformities": -2,
  "deformity": -2,
  "defraud": -3,
  "defrauds": -3,
  "degne": 2,
  "degrade": -2,
  "degraded": -2,
  "degrades": -2,
  "dehumanize": -2,
  "dehumanized": -2,
  "dehumanizes": -2,
  "dehumanizing": -2,
  "deject": -2,
  "dejecting": -2,
  "dejects": -2,
  "Delfinu": 2,
  "délicieusement": 3,
  "delighting": 3,
  "demoralize": -2,
  "demoralized": -2,
  "demoralizes": -2,
  "demoralizing": -2,
  "denials": -2,
  "deniers": -2,
  "denounce": -2,
  "deplore": -3,
  "deplores": -3,
  "deploring": -3,
  "Deport": -2,
  "deportations": -2,
  "deported": -2,
  "deports": -2,
  "derail": -2,
  "derailed": -2,
  "derails": -2,
  "derides": -2,
  "déroute": -3,
  "despairs": -3,
  "despondent": -3,
  "destructeur": -2,
  "destruzzione": -3,
  "detained": -2,
  "deteriorate": -2,
  "deteriorates": -2,
  "deteriorating": -2,
  "Deterrent": -2,
  "detract": -1,
  "detracted": -1,
  "detracts": -1,
  "devastate": -2,
  "devastated": -2,
  "devastations": -2,
  "devotional": 2,
  "devozione": 2,
  "di criticà": -2,
  "Di e benedizzioni": 3,
  "di felicità": 3,
  "di frustration": -2,
  "di migliurà a": 2,
  "di paci": 2,
  "di paura": -2,
  "di pettu": -2,
  "dialettu": -1,
  "diamant": 1,
  "diaspro": 2,
  "diavule": -4,
  "dibulezza": -2,
  "dicisivi": 2,
  "dicisivu": 1,
  "dickhead": -4,
  "didicata": 2,
  "difetti": -3,
  "difficiule": -1,
  "diffident": -2,
  "diffusion": 2,
  "difinsore": 2,
  "diliziu": 3,
  "dilli": -1,
  "dilligence": 2,
  "dìllu": -2,
  "diluduti": -2,
  "dimittutu": -2,
  "dimustrazzioni": -1,
  "dinunziatu": -2,
  "dipressu": -2,
  "dipricava": -3,
  "dipshit": -3,
  "dipurtannu": -2,
  "dipurtazzioni": -2,
  "direful": -3,
  "direzzione ghjusta": 3,
  "diritta": 4,
  "dirtier": -2,
  "dirtiest": -2,
  "disabilities": -2,
  "disaccordu": -2,
  "disadvantaged": -2,
  "disagreeable": -2,
  "disappoint": -2,
  "disappointments": -2,
  "disappoints": -2,
  "disapproval": -2,
  "disapprovals": -2,
  "disapprove": -2,
  "disapproved": -2,
  "disapproves": -2,
  "disapproving": -2,
  "disappruvazioni": -2,
  "disastru": -2,
  "disbelieve": -2,
  "discard": -1,
  "discarding": -1,
  "discards": -1,
  "discènninu": 1,
  "Discernment": 2,
  "disconsolation": -2,
  "discorda": -2,
  "Discorso": -2,
  "discorsu": 2,
  "discrimina": -2,
  "discriminatorî": -2,
  "discriminé": -2,
  "discriminés": -2,
  "discussion": -3,
  "disertà": -2,
  "disette": -2,
  "disgrazia": -2,
  "disguise": -1,
  "disguised": -1,
  "disguises": -1,
  "disgustatu": -3,
  "disgustful": -3,
  "disillusioned": -2,
  "disillusu": -2,
  "disinclined": -2,
  "disjointed": -2,
  "Dislikes": -2,
  "dismal": -2,
  "dismayed": -2,
  "disoccupazioni": -2,
  "disonesta": -3,
  "disordini": -2,
  "disoriented": -2,
  "disparage": -2,
  "disparaged": -2,
  "disparages": -2,
  "disparaging": -2,
  "dispiacè": -2,
  "dispiaciri": -2,
  "dispirata": -3,
  "dispiratu": -2,
  "displeasure": -2,
  "disprezzu": -2,
  "disproportionate": -2,
  "disputi": -2,
  "disqualified": -2,
  "disregard": -2,
  "disregarded": -2,
  "disregarding": -2,
  "disregards": -2,
  "disrespect": -2,
  "disrespected": -2,
  "disrupting": -2,
  "disruptions": -2,
  "disrupts": -2,
  "dissegni": 2,
  "dissoudre": -2,
  "distasteful": -2,
  "distingueru": 2,
  "distinguish": -2,
  "distinguìu": 2,
  "distort": -2,
  "distorted": -2,
  "distorting": -2,
  "distorts": -2,
  "distract": -2,
  "distrarre": -2,
  "distresses": -2,
  "distruggennu": -3,
  "distrust": -3,
  "disturbari": -1,
  "disturbatu": -2,
  "disturbs": -2,
  "disturbu": -2,
  "disunori": -2,
  "disurdinata": -2,
  "dithering": -2,
  "ditirminatu": 2,
  "diu": 1,
  "divastatori": -2,
  "divastazzioni": -2,
  "divertimento": 3,
  "diverting": -1,
  "divinu": 3,
  "documents": -2,
  "dodging": -2,
  "dolorous": -2,
  "Donate": 2,
  "donates": 2,
  "donating": 2,
  "doubted": -1,
  "doubtful": -1,
  "doubting": -1,
  "douchebag": -3,
  "Downer": -2,
  "downhearted": -2,
  "downside": -2,
  "drammaturgu": -1,
  "dreading": -2,
  "dreary": -2,
  "drittu drittu": 1,
  "droopy": -2,
  "drowns": -2,
  "du dupe": -2,
  "dubbitu": -1,
  "dubitandum": -2,
  "duci": 2,
  "dud": -2,
  "dulenti": -2,
  "dull": -2,
  "dulore": -2,
  "dulori": -2,
  "dulurusi": -2,
  "dumanda": -1,
  "dumannau": -1,
  "dumanni": -1,
  "dumbass": -3,
  "duminà": -2,
  "duminiu": 1,
  "DUMP": -1,
  "duna": -2,
  "dunatu": 2,
  "dunqua": 1,
  "dunque": -3,
  "dunqui": -1,
  "duped": -2,
  "dupery": -2,
  "durevule": 2,
  "duri": -2,
  "duru!": -2,
  "e bugliticce": 2,
  "e cime": 2,
  "E compari": -2,
  "E sbattìannu": -1,
  "e scantannusi": -2,
  "ecstatic": 4,
  "edizioni": -1,
  "eerie": -2,
  "eery": -2,
  "effittivamenti": 2,
  "effort": -2,
  "effortlessly": 2,
  "effrayant": -2,
  "egocentricu": -3,
  "egoista": 2,
  "elabureghja": 3,
  "elated": 3,
  "elation": 3,
  "elegante": 2,
  "eletta": 1,
  "eliganti": 2,
  "elongate": 2,
  "emancipazione": 2,
  "embarrass": -2,
  "embarrasses": -2,
  "embarrassing": -2,
  "embarrassment": -2,
  "embittered": -2,
  "Emile": -2,
  "emmanuel": -3,
  "empathetic": 2,
  "empower": 2,
  "ended": -2,
  "Endorse": 2,
  "endorsement": 2,
  "endorses": 2,
  "engages": 1,
  "engrossing": 3,
  "enrage": -2,
  "enraging": -2,
  "enraptures": 3,
  "enslaved francese": -2,
  "enslaves": -2,
  "enterprising": 1,
  "enthrall": 3,
  "entra": -2,
  "Entrée": -1,
  "envies": -1,
  "envying": -1,
  "epic": 2,
  "episodii": -2,
  "equilibrati": 1,
  "era fatta cu ntinzioni": -2,
  "Erculu": -2,
  "ergàstulu": -2,
  "eroe": 2,
  "eroicu": 3,
  "erroneous": -2,
  "errore": -2,
  "errori,": -2,
  "ErrorWithTranslation": 3,
  "esaspireghjani": -2,
  "esclavage": -2,
  "esempio": -2,
  "esità": -2,
  "esitò": -2,
  "èsitu": -2,
  "espadar sulità": -2,
  "espelliri": -2,
  "ESPUGNATE": 2,
  "ESPUGNATO": 2,
  "espulsu": -2,
  "Estasi": -2,
  "estatica": 4,
  "estrimisti": -2,
  "esubiranti": 4,
  "Et verde": -3,
  "etichi": 2,
  "étincelle": 1,
  "etruschi": -1,
  "eu": -2,
  "Eulalia": -1,
  "EUROLINGUISTIK": -2,
  "evacuates": -1,
  "evacuati": -1,
  "evacuating": -1,
  "évacuation": -1,
  "eventi": 5,
  "evergreen": -2,
  "evergreening": -3,
  "éviction": -1,
  "evitari": -1,
  "evitendu": -1,
  "exacerbates": -2,
  "exacerbating": -2,
  "exaggerate": -2,
  "exaggerates": -2,
  "exaggerating": -2,
  "exasparate": -2,
  "exasperates": -2,
  "exasperating": -2,
  "excruciatingly": -1,
  "exhilarated": 3,
  "exhilarates": 3,
  "exhilarating": 3,
  "exonerate": 2,
  "exonerated": 2,
  "exonerates": 2,
  "exonerating": 2,
  "expands": 1,
  "expelling": -2,
  "expertly": 2,
  "exploits": -2,
  "explorations": 1,
  "expose": -1,
  "extremists": -2,
  "exultant": 3,
  "exultantly": 3,
  "fà": 2,
  "FÃ": -1,
  "fabulously": 4,
  "facennu scumpariri": -2,
  "faci": -1,
  "facialis": -1,
  "facìannu finta": -1,
  "fàciule": 1,
  "factor": -2,
  "facultà": 1,
  "fad": -2,
  "fadasse": -3,
  "fag &": -3,
  "fagot m": -3,
  "fagots": -3,
  "fainthearted": -2,
  "faker": -3,
  "fakes": -3,
  "fallimentu": -2,
  "falsified documents": -3,
  "falsify": -3,
  "fama": 1,
  "fame": -2,
  "fantastichi": 4,
  "fari mali a": -2,
  "Fascinate": 3,
  "fascinates": 3,
  "fascisti": -2,
  "fasgioli": -2,
  "fatalities": -3,
  "fatality": -3,
  "fate": -1,
  "fatigued": -2,
  "fatigues": -2,
  "fatiguing": -2,
  "fatti": -2,
  "fattu": -2,
  "favorably": 2,
  "favorited": 2,
  "favoritos": 2,
  "favourited": 2,
  "favulusi": 4,
  "favurendu l": 1,
  "favurevule à a": 2,
  "favurevuli": 2,
  "favuri": 2,
  "favuriti": 2,
  "favurizatu": -2,
  "fearlessness": 2,
  "fearsome": -2,
  "felicissimo": 4,
  "felicità": 3,
  "felony": -3,
  "fenomenu": -1,
  "feri": 2,
  "feriu": -2,
  "fermata": -1,
  "fermu": 2,
  "ferti": -2,
  "fertili": 2,
  "fervid": 2,
  "fià": -2,
  "fiaschi": -2,
  "fiasco": -2,
  "fiatu": 2,
  "ficiru": 2,
  "fidanzato": 2,
  "fidati": -2,
  "fidgety": -2,
  "fidi": 1,
  "fidili": 3,
  "fidilità": 3,
  "fiducia": 2,
  "figghia chi fa nvidia": -1,
  "fighjendu": 2,
  "figliudiaCagna": -5,
  "filaru": -2,
  "filicitati": 2,
  "filu di juncu,": 2,
  "finisci": -1,
  "finta": -1,
  "firmarà": 3,
  "firmari": 2,
  "firmavanu": -1,
  "firutu": -3,
  "fiscale": -2,
  "fistivi": 2,
  "fitenti": -2,
  "fiurintinu": 1,
  "fiuritura": -1,
  "flagellu": -3,
  "flawlessly": 2,
  "floppe": -2,
  "Flops": -2,
  "flustered": -2,
  "Focu": -3,
  "Fond": 2,
  "For": -2,
  "Foré": -2,
  "foreclosures": -2,
  "forgetful": -2,
  "forgettable": -1,
  "forsi chissi discussiuni eranu": 1,
  "forti": 2,
  "forza": 2,
  "FORZA ITALIA": 1,
  "fosca": -2,
  "fosse tutt'a": 2,
  "fotti": 2,
  "Fra": -2,
  "fracicume di": 1,
  "FRAICHISSANT": 2,
  "francà": -3,
  "Francesca Colelli": -2,
  "Francesca Lana": 3,
  "francese amuse": 3,
  "francese aura": 1,
  "francese drag": -1,
  "francese fan": 3,
  "francese farce": -1,
  "francese freak": -2,
  "Francese pileup": -1,
  "francese scoop": 3,
  "Francese slut": -5,
  "francesi battenu": -2,
  "franchi": -2,
  "Frantic": -1,
  "frantumazione": -2,
  "frantumi": -2,
  "frasturnatu": -1,
  "Fratelli Calafuria": -2,
  "Fraud": -4,
  "fraudster": -4,
  "fraudsters": -4,
  "freschi": 1,
  "frevi": -2,
  "fridda": -2,
  "frikin": -2,
  "friscalettu": 2,
  "frisky": 2,
  "Fronte": -4,
  "fruitless": -2,
  "frustra": -2,
  "frustré": -2,
  "ftw": 3,
  "fucker": -4,
  "fuckers": -4,
  "fuckface": -4,
  "fuckhead": -4,
  "Fuckin": -4,
  "fucktard": -4,
  "fud": -3,
  "fuddischi": -2,
  "fuked": -4,
  "fuking": -4,
  "fulfills": 2,
  "fumé": -2,
  "Fun": 4,
  "fundia": 1,
  "funerali": -1,
  "Funerali": -1,
  "funesta": -3,
  "funestu,": -3,
  "funnier": 4,
  "Funny": 3,
  "furia": -3,
  "furore": -2,
  "furtifichessi": 2,
  "furtuna": 3,
  "furtunati": 2,
  "furtunatu": 3,
  "furzate": -4,
  "furzatu": -1,
  "furzutu": 2,
  "fusils": -2,
  "futile": -2,
  "Fuvu": -2,
  "gallantly": 3,
  "gallantry": 3,
  "gang": -4,
  "gattivu": -2,
  "geniale": 4,
  "gesù": 1,
  "ghastliest": -2,
  "ghjallu": -5,
  "ghje": -3,
  "ghjetti": -1,
  "ghjilosi": -2,
  "ghjilosu": -2,
  "ghjinochju": -1,
  "ghjocu": 2,
  "ghjucatu": -2,
  "ghjugna": 1,
  "ghjustizia": 2,
  "ghjustìzia": 2,
  "giacubini": -3,
  "Gianfrancesco": -2,
  "giarna": 2,
  "ginirusu": 2,
  "ginocidiu": -3,
  "giramìanti": -1,
  "giubilu": 4,
  "giuielli": 1,
  "giumitria": -2,
  "giuramentu": -2,
  "giurannu": -2,
  "giustizia": 2,
  "giuvini": 2,
  "glamourous": 3,
  "gleeful": 3,
  "gloria": 2,
  "glum": -2,
  "glurificà": 3,
  "gluriusa": 2,
  "gnuranti": -2,
  "godere": 2,
  "godsend": 4,
  "goffe": -3,
  "goodwill": 3,
  "goofiness": -2,
  "gr8": 3,
  "granciu e nun granciu": -2,
  "grannissimi": 1,
  "grannuli": 2,
  "gravi": -2,
  "grazie": 2,
  "greenwash": -3,
  "greenwasher": -3,
  "greenwashers": -3,
  "greenwashing": -3,
  "gridannu": -2,
  "grigia": -2,
  "gripping": 2,
  "grisgiu": -1,
  "grisly": -2,
  "groaned": -2,
  "groans": -2,
  "growths": 2,
  "gruesome": -3,
  "guadagnatu": 2,
  "guai": -2,
  "Guapparia": 2,
  "guarantiscenu": 1,
  "guarantisci": 1,
  "guardannu": -2,
  "Guardava": 2,
  "guastatu": -3,
  "gudiri": 2,
  "gullibility": -2,
  "Gustavo": -4,
  "ha appuculita": -2,
  "hà fiascatu": -2,
  "hacked": -1,
  "hahahah": 3,
  "hapax": 1,
  "hapless": -2,
  "haplessness": -2,
  "happi": -2,
  "happiest": 3,
  "harassed": -3,
  "harasses": -3,
  "hardier": 2,
  "hardship": -2,
  "harried": -2,
  "harshest": -2,
  "haunting": 1,
  "haunts": -1,
  "havia": 4,
  "hazardous": -3,
  "hè legittima assai:": 2,
  "hè vintu": -1,
  "heavyhearted": -2,
  "hébété": -1,
  "Hehe": 2,
  "hellish": -2,
  "helpless": -2,
  "heure": -2,
  "heureuse": 1,
  "hindrance": -2,
  "holidays": 2,
  "homicides": -2,
  "honnête": 2,
  "hooliganism": -2,
  "hooligans": -2,
  "hopefully": 2,
  "hopeless": -2,
  "huckster": -2,
  "hug": 2,
  "hugs": 2,
  "humerous": 3,
  "humour": 2,
  "humourous": 2,
  "hurrah": 5,
  "hypocritical": -2,
  "Hysteria": -3,
  "hysterics": -3,
  "i danni": -3,
  "i vermi": -2,
  "ia murissi": -2,
  "Ice": -3,
  "icky": -3,
  "idiocy": -3,
  "idiotic": -3,
  "iè": 1,
  "ignuranza": -2,
  "illrire": -2,
  "illegale": -3,
  "illegally": -3,
  "illnesses": -2,
  "ilu": -2,
  "imbarcata": -2,
  "imbécile": -3,
  "imbriacà": -2,
  "IMMACULATENESS": 2,
  "immensa": -2,
  "immobilized": -1,
  "immune francese": 1,
  "immurali": -2,
  "immurtale": 2,
  "Impair": -2,
  "impairing": -2,
  "impairment": -2,
  "impairs": -2,
  "impaneled": -2,
  "impatrunì": -3,
  "impaurito": -2,
  "impeachments": -3,
  "impedes": -2,
  "impeding": -2,
  "impedingly": -2,
  "impedisce": -1,
  "impediscendu": -2,
  "impedite": -1,
  "impegnà": 1,
  "impidiscia": -1,
  "imponi": -1,
  "imposes": -1,
  "imposter": -2,
  "impostu": -1,
  "impress": 3,
  "impresses": 3,
  "impressiunatu": 3,
  "imprighjunatu": -2,
  "imprissioni": 3,
  "improperly": -2,
  "impure": -2,
  "impurtante": 1,
  "impurtanti": 2,
  "impurtente": 2,
  "impurtunà": -3,
  "in capu": -2,
  "in difficultà": -2,
  "In fatti": 2,
  "in prigiò": -2,
  "inabili": -2,
  "inaction": -2,
  "incancellevule": 1,
  "incantu": 3,
  "incapaci": -2,
  "incapacitated": -2,
  "incapacitates": -2,
  "incapacitating": -2,
  "incarichesi": -2,
  "incaricu": 2,
  "incenses": -2,
  "incensing": -2,
  "incensu": -2,
  "incertezze": -1,
  "incheta Diana": -2,
  "incidente": 4,
  "incisione": 1,
  "incompetence": -2,
  "inconsiderate": -2,
  "inconvenente": -2,
  "inconvénient": -2,
  "incrèdula": -1,
  "incridibile": -1,
  "incumpintenti": -2,
  "incuraghjisci": 2,
  "incuragisce": 2,
  "indecisive": -2,
  "indegnu": 2,
  "indestructible": 2,
  "indiatu": 1,
  "indibulitu": -2,
  "indiferenza": -2,
  "indiffirenza": -2,
  "indignu": -2,
  "indoctrinate": -2,
  "indoctrinated": -2,
  "indoctrinates": -2,
  "induve": 1,
  "inediable": -2,
  "ineffective": -2,
  "ineffectual": -2,
  "inefficiency": -2,
  "inefficient": -2,
  "inefficiently": -2,
  "inept": -2,
  "inesorabbili": -3,
  "inettitudini": -2,
  "inexcusable": -3,
  "infant |": -2,
  "infantilized": -2,
  "infastidisce": -2,
  "infatuated": 2,
  "infects": -2,
  "infest": -2,
  "infesting": -2,
  "infests": -2,
  "infirmità": -2,
  "infizziosi": -2,
  "inflamed": -2,
  "inflict": -2,
  "inflicting": -2,
  "influinzatu": -1,
  "infract": -2,
  "infracted": -2,
  "infracting": -2,
  "infracts": -2,
  "infrantu": -3,
  "infruenza": -2,
  "infuriates": -2,
  "infuriating": -2,
  "ingannà": -3,
  "inghjenna": -1,
  "inghjuliatu": -2,
  "inghjùlie": -2,
  "inghjusti": -2,
  "inghjustizia": -2,
  "inghjustu": -2,
  "ingiustu": -2,
  "inglese agonizing": -3,
  "inglese contemptuous": -2,
  "inglese defunct": -2,
  "inglese fraudulence": -4,
  "inglese kudos": 3,
  "ingordu": -2,
  "ingrandà": 1,
  "ingrati": -3,
  "injudicious": -2,
  "Inna": -3,
  "innaccittevuli": -2,
  "innamuratu": -2,
  "innò": -1,
  "innovates": 1,
  "inoperative": -2,
  "inox": -2,
  "Inquisition": -2,
  "insecurité": -2,
  "insensibili": -2,
  "insensitivity": -2,
  "insipid": -2,
  "insolvent": -2,
  "inspirazione": 2,
  "insufficiency": -2,
  "insufficient": -2,
  "insufficiently": -2,
  "insulti": -2,
  "intaressi": 1,
  "intaressu": 1,
  "intarissanti": 2,
  "inteligente": 1,
  "interessà": 2,
  "interrogated": -2,
  "interrugati": -1,
  "interrupts": -2,
  "intillighjenti": 2,
  "intimidate": -2,
  "intimidates": -2,
  "intimidating": -2,
  "intimità": 2,
  "intimuritu": -2,
  "intiressi": 2,
  "intransigence": -2,
  "intransigency": -2,
  "intrappulà": -1,
  "intrigues": 1,
  "intristitu": -2,
  "inumani": -2,
  "invasioni": -1,
  "inventatu": -2,
  "invidia": -2,
  "invincible": 2,
  "invistiscia": -2,
  "inzandus": -2,
  "ironicu": -1,
  "irrazziunali": -1,
  "irréparable": -2,
  "irreproducible": -2,
  "irresistibly": 2,
  "irresolute": -2,
  "irresponsibly": -2,
  "irreversibly": -1,
  "irritate": -3,
  "irritates": -3,
  "irritating": -3,
  "irunia": -1,
  "ispirazioni": 2,
  "issu": -3,
  "istericu": -3,
  "isulatu": -1,
  "Italia unita": 1,
  "italiana ciechi": -2,
  "Italianaradio": 2,
  "italiano": -2,
  "iunti": -1,
  "jackass": -4,
  "jackasses": -4,
  "jammi": 2,
  "jardinier": -2,
  "Jemma": 2,
  "jènnu": -2,
  "jeru": -2,
  "jesting": 2,
  "Jeumu": -3,
  "jìssi": 1,
  "jocucambiendu": 3,
  "jonna": 3,
  "Jovial": 2,
  "Jubilant": 3,
  "JUDICATURA": -1,
  "juicer": -1,
  "jul": 2,
  "juridiques": 2,
  "k": -1,
  "ke": -3,
  "kickback": -3,
  "kidnappings": -2,
  "kidnaps": -2,
  "la fatigue": -2,
  "la ruvina": -2,
  "labellu": 2,
  "lackadaisical": -2,
  "làcrime": -2,
  "ladiu": -3,
  "Lag": -1,
  "lagged": -2,
  "lagging": -2,
  "lagnanza": -2,
  "lagni": -2,
  "lagnusi": -1,
  "Lags": -2,
  "lamentu di u prigiuneru": -2,
  "lamintarisi": -2,
  "lamintava": -2,
  "lamintavanu": -2,
  "lanciata": 1,
  "lapsed": -1,
  "laria": -3,
  "lasciarà": -1,
  "lassàlli lìbbiri": 1,
  "lassatu": -1,
  "latest": -2,
  "latoeffetti": -2,
  "latoeffettu": -2,
  "latrone": -2,
  "latrucime": -3,
  "laughting": 1,
  "lavagna": 2,
  "laver verde": -3,
  "lawl": 3,
  "leaked": -1,
  "leali": 3,
  "Lecci": -3,
  "legs": -2,
  "lenient": 1,
  "lente": 3,
  "lesion": -2,
  "lethality": -2,
  "lethargic": -2,
  "lethargy": -2,
  "lettera di": -2,
  "li nfizziona": -2,
  "liana": -2,
  "libelous": -2,
  "libertà": 2,
  "licinziarisi": -1,
  "licking": -3,
  "lifesaver": 4,
  "ligali": 1,
  "ligarmenti": 1,
  "likable": 2,
  "likeable": 2,
  "limità": -2,
  "limitazzioni": -1,
  "limitu": -1,
  "limòsine": 2,
  "linchi": 1,
  "Lindu": 2,
  "lingua": -1,
  "lintà": -1,
  "lisioni": -3,
  "lithuania": -1,
  "liticava": -2,
  "litichendu": -2,
  "liticò": -2,
  "litige": -2,
  "livid francese": -2,
  "Lmao": 4,
  "lmfao": 4,
  "loathe": -3,
  "loathed": -3,
  "loathes": -3,
  "loathsome": -3,
  "lobbied": -2,
  "lobbying": -2,
  "lobbyist": -2,
  "lobbyists": -2,
  "locchi": 3,
  "lòculu": -2,
  "loda": 3,
  "lol": 3,
  "lolol": 4,
  "lololol": 4,
  "lolololol": 4,
  "lool": 3,
  "loom in": -1,
  "loomed": -1,
  "looms": -1,
  "loool": 3,
  "looool": 3,
  "looses": -3,
  "lorda": -2,
  "lotterà": 1,
  "lovable": 3,
  "lovelies": 3,
  "lu dolu": -2,
  "lu focu": -2,
  "lu nfernu": -4,
  "lu scetticismu": -2,
  "lùanghi": -3,
  "luca": -2,
  "Lucciardi": -2,
  "ludà": 3,
  "ludicrous": -3,
  "lugubre": -2,
  "luminosu": 1,
  "luna jason mraz": -2,
  "lunacy": -3,
  "lurk": -1,
  "lusingatu": 3,
  "luttu": -2,
  "luvàri": -2,
  "luxe": 2,
  "Luxembourg": 2,
  "macabru": -2,
  "macagne": -3,
  "maddening": -3,
  "magichi": 3,
  "magnifichi": 4,
  "magnìficu": 3,
  "maîtrise": -1,
  "majuscular": 1,
  "maladaption": -2,
  "maladizzione": -1,
  "malamenti": -3,
  "malatia": -2,
  "malatìa": -2,
  "malatii": -1,
  "malatu": -2,
  "maldevelopment": -2,
  "male": -2,
  "malinconicu": -2,
  "malsana": -2,
  "malsonnant": -2,
  "maltreatment": -2,
  "manca": -2,
  "mancante": -2,
  "mancanza": -2,
  "mancanze": -2,
  "mancàt": -2,
  "Mancini": -2,
  "mandà in esiliu": -1,
  "mandacci": -3,
  "manipulated": -1,
  "manipulating": -1,
  "Manslaughter": -3,
  "mantena": 1,
  "mantinutu": -1,
  "manuscrit": -2,
  "maravigghia": -3,
  "maravigghiari": 3,
  "maravigghiusu": 4,
  "maraviglia": 3,
  "maravigliati": 2,
  "maravigliosu": 3,
  "MARIACHI": -1,
  "marital": -2,
  "marmo": 2,
  "marvels": 3,
  "mascaratu": -3,
  "màschera": 2,
  "maschile": -2,
  "maturà": 3,
  "maturo": 2,
  "mbiancatu": -2,
  "meaningless": -2,
  "medaglia": 3,
  "mediocrity": -3,
  "meditative": 1,
  "méfiant": -3,
  "megghia": 3,
  "megghiu": 2,
  "megliu i vermi": 4,
  "memoria": -2,
  "Memoriam": -2,
  "mena": -1,
  "menaces": -2,
  "menti": 2,
  "meriteghja": 2,
  "mesmerizing": 3,
  "mess": -2,
  "messing up": -2,
  "methodically": 2,
  "metudu": 2,
  "Mi pisciulia": 2,
  "mìa": 2,
  "mìazzu": -1,
  "micca bè": -2,
  "migghiurari": 2,
  "migliori": 3,
  "migliuranza": 2,
  "minacce": -2,
  "minacci": 2,
  "minacciosu": -2,
  "minzugneri": -3,
  "miraculu": 4,
  "mirendu": 3,
  "mirthful": 3,
  "mirthfully": 3,
  "misbehaved": -2,
  "misbehaves": -2,
  "misbranding": -3,
  "miscast": -2,
  "mischiefs": -1,
  "mischinu": -2,
  "misclassified": -2,
  "misclassifies": -2,
  "misclassify": -2,
  "misconduct": -2,
  "misconducted": -2,
  "misconducting": -2,
  "misconducts": -2,
  "miser": -3,
  "miserably": -3,
  "miseria": -2,
  "misericordia": 2,
  "misericurdiosu": 3,
  "misfired": -2,
  "misinformed": -2,
  "misinterpreted": -2,
  "mislead": -3,
  "misleaded": -3,
  "misleads": -3,
  "misplace": -2,
  "misplaces": -2,
  "misplacing": -2,
  "mispricing": -3,
  "misread": -1,
  "misreport": -2,
  "misreported": -2,
  "misreporting": -2,
  "misreports": -2,
  "misrepresent": -2,
  "misrepresentation": -2,
  "misrepresentations": -2,
  "misrepresented": -2,
  "misrepresenting": -2,
  "misrepresents": -2,
  "mistaking": -2,
  "misunderstand": -2,
  "misunderstands": -2,
  "misused": -2,
  "misuses": -2,
  "misusing": -2,
  "miti": 2,
  "mittìanu": -2,
  "mittirisi": -2,
  "mitu": -1,
  "mix": 3,
  "mmerda": -4,
  "mmistuti": -2,
  "mocks": -2,
  "modernizes": 2,
  "moghja": -2,
  "Moi": -3,
  "moine": 2,
  "mongering": -2,
  "monopolized": -2,
  "monopolizes": -2,
  "monopolizing": -2,
  "monotone": -1,
  "mope": -1,
  "moping": -1,
  "Moreda": -3,
  "mori": -3,
  "moron &": -3,
  "mortu": -3,
  "mossu": 2,
  "motherfucking": -5,
  "motivate": 1,
  "motivating": 2,
  "motivazioni": -2,
  "mova": 1,
  "mpidennu": -1,
  "mponi": -2,
  "mprigiunari": -2,
  "mprissiunanti": 3,
  "mpuneru na limitazzioni": -2,
  "mpurtanza": 2,
  "mudernizà": 2,
  "mudernizazioni": 2,
  "mumpish": -2,
  "murdering": -3,
  "murderous": -3,
  "muriu": -3,
  "murmured": -2,
  "muro": -2,
  "mutivatu": 2,
  "muttu": -2,
  "n cunfruntu": 2,
  "n frunti": 1,
  "n futuru": -2,
  "n Girmania": -2,
  "n gradu": 1,
  "n00b": -2,
  "na speci": 0,
  "na votainavita": 3,
  "naïveté": -2,
  "nantra": -2,
  "narcissisimu": -2,
  "narcissisimu primariu": -2,
  "naturale": 1,
  "ncantatu": 2,
  "ncertu": -1,
  "ncidenti": -2,
  "ncumpreta": -1,
  "ncungruenzi": -3,
  "ncuraggiamentu": 2,
  "ne fècenu": 2,
  "nebbia": -1,
  "negativa": -2,
  "negativity": -2,
  "neglecting": -2,
  "neglects": -2,
  "nentru": -2,
  "nervously": -2,
  "nettu": 1,
  "nfiriuri": -2,
  "nfittati": -2,
  "nfuriata": -2,
  "nfusca": -2,
  "ngannu": -3,
  "nigannu": -2,
  "nigatu": -2,
  "nigava": -2,
  "niggas": -5,
  "nimici": -2,
  "nimicu": -2,
  "nirbusu": -2,
  "niscentre": -2,
  "nnamurata": 2,
  "nni godiu": 2,
  "nòbbili": 2,
  "noblest": 2,
  "noci": -3,
  "noia": -2,
  "nonaccunsentitu": -2,
  "noob": -2,
  "noti": -2,
  "noto": -3,
  "nsigna": -2,
  "nsiríu": -2,
  "nstabbili": -2,
  "nsumma": 3,
  "nta": -2,
  "nteru": 2,
  "ntilligenti": 2,
  "ntirmittenzi": -2,
  "ntisi": 2,
  "nton": 2,
  "ntrallazzu": -4,
  "nuàutri": -3,
  "nùavu": -2,
  "Nuit": -2,
  "nun": -2,
  "nun disidiràbbili": -2,
  "nun veru": -2,
  "nutava": 2,
  "nutuli": -2,
  "nuvatori": 2,
  "nzidiamentu": 1,
  "ô boicottaggiu urganizzatu": -2,
  "obnoxious": -3,
  "obscene": -2,
  "obscenity": -2,
  "obstructing": -2,
  "obstructs": -2,
  "oddiu": -3,
  "òdia": -3,
  "odiatu": -3,
  "off": -1,
  "offending": -2,
  "offends": -2,
  "offenses": -2,
  "offensiva": -2,
  "offensively": -2,
  "offesu": -2,
  "offisa": -2,
  "offisu": -2,
  "Oghji": -2,
  "oghjie": -1,
  "ogni jùarnu": -2,
  "oi": 2,
  "oks": 2,
  "Olga": -3,
  "Oliver": -3,
  "ominous": 3,
  "onestu": 2,
  "onori": 2,
  "onuratu": 3,
  "onuri": -1,
  "oppressions": -2,
  "optimistic": 2,
  "optionless": -2,
  "orbi": -1,
  "oro": 3,
  "orribili": -3,
  "orrore": -3,
  "oru": 2,
  "ostaculi": -2,
  "ostaculu": -2,
  "ostili": -2,
  "ostracized": -2,
  "ostracizes": -2,
  "ottimisimu": 2,
  "Ouch": -2,
  "outages": -2,
  "outcry": -2,
  "outmaneuvered": -2,
  "overreacting": -2,
  "overreaction": -2,
  "overreacts": -2,
  "overrule": -2,
  "overruling": -2,
  "oversell": -2,
  "overselling": -2,
  "oversells": -2,
  "oversight": -1,
  "oversimplification": -2,
  "oversimplified": -2,
  "oversimplifies": -2,
  "oversimplify": -2,
  "oversold": -2,
  "overstatements": -2,
  "overwrought": -3,
  "oxymoron": -1,
  "pacà": -1,
  "pacchettu": -1,
  "padigliuni": -1,
  "pagamenti": -3,
  "paiari": -1,
  "paisanu": 3,
  "panicu": -3,
  "panjandrums": -3,
  "Paolilla": -5,
  "paolini": 1,
  "pappajaddu": -2,
  "paradisu": 3,
  "paradossu": -1,
  "Pardon": 2,
  "pardoning": 2,
  "pardunà": 1,
  "parevanu": -1,
  "parfetti": 3,
  "parley": -1,
  "parsicutèghjanu": -2,
  "parsicuteghji": -2,
  "partighjani": 1,
  "partigianu": 1,
  "parvenus": -1,
  "passione": 1,
  "passiunanti": 3,
  "passiunati": 2,
  "passiuneghjani": 3,
  "Passive": -1,
  "passively": -1,
  "Pasta": 1,
  "pasture": -2,
  "pathetic": -2,
  "patimentu": -2,
  "Pattumiera": -1,
  "pazzi": -2,
  "pè indispittìvi": -2,
  "pè tumbà povara": -2,
  "pecchì": -2,
  "pédant": -2,
  "peghju": 2,
  "peigne": 5,
  "pena di": -2,
  "penali": -3,
  "Penalisation": -1,
  "penalize": -2,
  "penalized": -2,
  "penalizes": -2,
  "penalizing": -2,
  "peppe": -2,
  "per piacè": 1,
  "Perciò": 2,
  "perciò numinau": 1,
  "perdendu": -3,
  "perditi": -3,
  "Perello": 3,
  "perfects": 2,
  "perfettu": 3,
  "periculu": -2,
  "perìculu": -2,
  "perjury": -3,
  "perpetrator": -2,
  "perpetrators": -2,
  "persecute": -2,
  "persu": -3,
  "perturbed,": -2,
  "pesky": -2,
  "pèssimi": -3,
  "pessimisimu": -2,
  "pessimista": -2,
  "Petition": -1,
  "petru": -3,
  "pezzacciu": -3,
  "pezzu": -2,
  "philanthropie": 2,
  "phobic": -2,
  "pi ddu": 2,
  "pi sbagghiu": -2,
  "pi so": 3,
  "piacevule": 3,
  "piacevuli": 3,
  "piaci": 2,
  "piaciani": -2,
  "piaciuti": 2,
  "Picbille": 1,
  "piccati": -2,
  "piccatu": -3,
  "piece": 3,
  "piemuntese": 1,
  "pienghje": -2,
  "Piengu": -2,
  "pigghiastu": -3,
  "piglià": 3,
  "pigliati": 4,
  "pìgliu": 2,
  "piinghjendu": -2,
  "pinali": -2,
  "pinsà": -2,
  "pinseri,": 2,
  "pinsirusu": 2,
  "pintennusi": -2,
  "pinzeri": -3,
  "piola": -1,
  "pipì": -3,
  "piqued": -2,
  "pirate": -2,
  "pirdennu": -3,
  "pirduna": 2,
  "pirdunari": 2,
  "pirdutamenti": -3,
  "pirfiziunatu": 2,
  "piriculùsa": -2,
  "pirò": 2,
  "Pirsicutò": -2,
  "pisava": -2,
  "piscina": -2,
  "pissed": -4,
  "pissina": 1,
  "piteous": -2,
  "pitittu": -2,
  "pitturisca": 2,
  "piu": -2,
  "più forte": 2,
  "piulellu": 2,
  "plaguing": -3,
  "pleasurable": 3,
  "pling a pling": -1,
  "plodding": -2,
  "plume": -2,
  "plumply": -5,
  "plus": 2,
  "pochu": 2,
  "poignant francese": 2,
  "poisons": -2,
  "politeness": 2,
  "Polluer": -2,
  "pollute": -2,
  "polluter": -2,
  "polluters": -2,
  "pollutes": -2,
  "poorest": -2,
  "populari": 3,
  "populu vivu": 1,
  "posttraumatic": -2,
  "posticipatu": -1,
  "postpones": -1,
  "postu": 3,
  "pòveru": -2,
  "powerless": -2,
  "Pratichendu": 2,
  "prblm": -2,
  "prblms": -2,
  "precisate": 1,
  "predatory": -2,
  "preferimu": 2,
  "prega": 1,
  "Preghiera": -3,
  "preghjudiziu": -2,
  "premeÙn": -1,
  "premiati": 3,
  "preoccupa": -3,
  "preoccupatu": -3,
  "preparatu": 1,
  "presentata": -1,
  "presentimentu": -3,
  "presentimentu ladiu": -2,
  "pressured": -2,
  "prestazioni": 2,
  "presu": 2,
  "prêt": 1,
  "pretends": -1,
  "preziosu": 2,
  "priatu": -2,
  "pricava": 1,
  "pricipitazione": -2,
  "priculosu": -2,
  "pridicari": 3,
  "priggiudizziu": -1,
  "priggiuneri": -2,
  "primaire": -2,
  "primaticcia": -2,
  "primu": 2,
  "Primura": -2,
  "principali": -2,
  "Principe Di": 2,
  "prisentallu": 1,
  "prisenti": -1,
  "prisentimentu": 1,
  "prissioni": -1,
  "privileghjati": 2,
  "proattivu": 2,
  "probiu magnificu": 3,
  "profiteer": -2,
  "promptly": 1,
  "pronomi": -2,
  "prosecuted": -2,
  "prosecutes": -1,
  "pròspira": 3,
  "provoking": -1,
  "prubbàbbili": -1,
  "prubbremi": -2,
  "prublemu": -2,
  "prudenza": 2,
  "prudish": -2,
  "prufananu": -2,
  "Prufittendu": 2,
  "prufitti": 2,
  "prufittu": 2,
  "prufundezza": 2,
  "prugettu": 3,
  "prugressu": 2,
  "pruibita": -2,
  "pruibite": -1,
  "pruibitu": -2,
  "prumisi": 1,
  "prumissa": 1,
  "prumossi": 2,
  "prumove": 1,
  "prumuzioni": 1,
  "prupaganna": -2,
  "prupizia": 2,
  "prupiziu": 1,
  "pruspirità": 3,
  "pruteghje": 1,
  "pruteghji": 1,
  "prutesta": -2,
  "prutesti": -2,
  "prutetti": 1,
  "prutistàvanu": -2,
  "pruvucari": -1,
  "pruvucò": -1,
  "pseudoscience": -3,
  "psychopathic": -2,
  "Pudete «t addritta": -3,
  "Puglia": -4,
  "pulizia": 2,
  "puniscia": -2,
  "punish": -2,
  "puniti": -2,
  "punitive": -2,
  "punitu": -2,
  "puntanu": -1,
  "puntò": -3,
  "pupularità": 3,
  "purposeful": 2,
  "Purses": 3,
  "purtarunu": -1,
  "Purtata": 2,
  "Purtate": -3,
  "purtò": -2,
  "pusibule": 2,
  "pusitivamenti": 2,
  "pusitivu": 2,
  "pusseduta": -1,
  "putenti": 2,
  "putiri": -2,
  "puttana": -4,
  "puvirtà": -1,
  "puzzicheghju": -2,
  "quarchi vucidda": -2,
  "quì": 2,
  "R rig": -1,
  "racists": -3,
  "rænt": -3,
  "raffinatu": 1,
  "rageful": -2,
  "raghjugna": 1,
  "rail": -4,
  "ralegra": 4,
  "ralègranu": 4,
  "raligratu": 4,
  "ranter": -3,
  "ranters": -3,
  "rants": -3,
  "rapimentu": -2,
  "rapist &": -4,
  "rapture": 2,
  "raptures": 2,
  "rassignatu": -1,
  "ratificatu": 2,
  "ratio": -2,
  "rattu": -2,
  "ravage": -2,
  "razia": 1,
  "razzisimu": -3,
  "razzista": -3,
  "Real amore": 4,
  "Real bona": 4,
  "Real calda": 2,
  "Real carine": 4,
  "Real fantastichi": 4,
  "Real gran": 4,
  "Real perfetta": 4,
  "reassure": 1,
  "reassures": 1,
  "reassuring": 2,
  "rebuffade": -2,
  "recession": -2,
  "refines": 1,
  "regretful": -2,
  "reliability": 2,
  "reliably": 2,
  "reliant": 2,
  "reliefs": 1,
  "relieving": 2,
  "relishing": 2,
  "rendi": 3,
  "Renflouement": -2,
  "repellent": -2,
  "Répercussion": -2,
  "repère": 2,
  "reprimanding": -2,
  "reprimands": -2,
  "Repulse": -1,
  "repulsed": -2,
  "répulsif": -2,
  "resci": 3,
  "resentful": -2,
  "resigning": -1,
  "resolving": 2,
  "responsabilità": 1,
  "resta": -2,
  "restful": 2,
  "restricts": -2,
  "restrizzione": -2,
  "retarded": -2,
  "revengeful": -2,
  "revered": 2,
  "revives": 2,
  "revolting": -2,
  "rializà": 2,
  "rialu": 2,
  "ribbelli di na latata": -2,
  "ribbellu": 3,
  "ribbillioni": -2,
  "ribellu": -2,
  "ricanuscimentu": 2,
  "ricca": 2,
  "ricchezze": 3,
  "ricchi": 2,
  "Ricette": 1,
  "ricevi": 1,
  "ricevutu": 2,
  "richly": 2,
  "ricivuti": 2,
  "ricorsu": -2,
  "ricuarà": -1,
  "ricuddà": 1,
  "ricumanda": 2,
  "ricumandò": -3,
  "ricumpensa": 2,
  "ricunnoscini": -1,
  "ricupirari": 1,
  "ricurrenza": -2,
  "ricusa": -2,
  "ricusà": -2,
  "ricusu": -2,
  "ridditizziu": 3,
  "ride": 1,
  "ridenti": 3,
  "ridìanu": -2,
  "RIDICULISASSES": -2,
  "ridiculu": -3,
  "Ridinturi": 2,
  "ridiva": 1,
  "rietta": -1,
  "rifiutà": -1,
  "rifiutau": -2,
  "rifiutu": -1,
  "rifughju": -1,
  "rigezioni": -2,
  "riggittannu": -1,
  "righjoni": 3,
  "rigorously": 3,
  "rigurosu": 2,
  "rilancià": 1,
  "riliggiuni cumminci": 1,
  "rimanna": -1,
  "rimorsu": 3,
  "rimpianti": -2,
  "rinfurzà a": 1,
  "rinfurzerà": 2,
  "ringraziu": 2,
  "ringrazziallu": 2,
  "rinnova": 1,
  "rinviata": -1,
  "Rinvivisce": -4,
  "ripigliatu": -2,
  "riprissivi": -2,
  "Rire": 2,
  "rirennu": 1,
  "riscattatu": 2,
  "rischi": -2,
  "rishennu": -2,
  "risicatu": -2,
  "risicu": -2,
  "risistenti": 2,
  "risolta": 2,
  "risolviri": 2,
  "risparmiu": 1,
  "rispettu": 2,
  "rispinghjarà": -2,
  "rispittatu": 2,
  "rispunsabili": 2,
  "rispunzabbili": 2,
  "ristabilisce": 1,
  "ristauru": 2,
  "Ristorante": 2,
  "risturà": 1,
  "ritiràrisi": -3,
  "ritirò": 2,
  "rivenuti": 2,
  "roba arrizzà": 3,
  "Robba": 3,
  "robing": -2,
  "robs": -2,
  "rofl": 4,
  "roflcopter": 4,
  "roflmao": 4,
  "roli": -2,
  "romantical": 2,
  "romantically": 2,
  "Romanza": 2,
  "rotfl": 4,
  "rotflmfao": 4,
  "rotflol": 4,
  "rubari": -2,
  "rumanzesca": -3,
  "rumanzu": 2,
  "rumpiu": -1,
  "rustica": 2,
  "ruttu": -1,
  "rutuliannu": -2,
  "ruvinanu": -3,
  "ruvinatu": -2,
  "ruvini": -2,
  "sà": -2,
  "Sabaudia": -2,
  "sabbutaggiu": -2,
  "saccheggiu": -2,
  "sacrificium": 2,
  "sadden": -2,
  "sag": -2,
  "sagace": -2,
  "sale": -4,
  "sali": -1,
  "salient": 1,
  "saluta": 2,
  "salutà": 2,
  "salutannulu": 2,
  "salutatu": 1,
  "salutazione": 1,
  "Saluti": 2,
  "salutò": 2,
  "salvassi": -1,
  "salvata": 2,
  "sanguinosa": -3,
  "sano": 2,
  "sansone": -2,
  "SANTA": -1,
  "Santa Lucia": -2,
  "Santa Maria": 1,
  "sappy": -1,
  "sarba": 2,
  "sarcastica": -2,
  "Saridda": -2,
  "sarvamentu": 2,
  "sarvari": 2,
  "SAS": -2,
  "Satanassu": -1,
  "savange": -2,
  "savanges": -2,
  "saziatu": 2,
  "sb": -2,
  "sbagghiatu": -2,
  "sbagghiu": -2,
  "sbaglià": -3,
  "sbagliate": -1,
  "sbannutu": -2,
  "sbattuleghja": -2,
  "sbattuta": -2,
  "sbocchi prufessiunali": 2,
  "sbuffulà": -2,
  "scafazzati": -2,
  "SCAM": -2,
  "Scams": -2,
  "scandalizatu": -2,
  "scandalous": -3,
  "scandals": -3,
  "scandalu": -3,
  "scantati": -2,
  "scantu": -2,
  "scantu?": -2,
  "scanzatu": -1,
  "scapegoat": -2,
  "scapegoats": -2,
  "scappa": -1,
  "scar": -2,
  "Scar Tissue": -2,
  "scars": -3,
  "scemu": -2,
  "sceptic": -2,
  "scetticu": -2,
  "schelingue": -2,
  "schiacciare": -1,
  "schiavu": -3,
  "schifeghju": -3,
  "schini": 1,
  "schjarisce": 2,
  "sciancu": -2,
  "scimproriu": -2,
  "scioccante": -2,
  "sciòpiri": -1,
  "scold": -2,
  "scontru": -2,
  "scopata": -4,
  "scoppiu": -2,
  "scrizziusu": -2,
  "scummissa": -1,
  "scummove": 2,
  "scumparì": -1,
  "scunfitta": -2,
  "scunsulatu": -2,
  "scuntintati": -2,
  "scuntintizza": -2,
  "scunusciuta": -2,
  "scunvurgiuta": -2,
  "scuperta": 1,
  "scurdamu": -1,
  "scurdàrisi": -1,
  "scurdatu": -1,
  "scusa": -1,
  "scusau": -1,
  "scusemu": -1,
  "scusi": -1,
  "scussuni": -2,
  "sdegnu": -3,
  "sditta": -3,
  "Sebastiano": -2,
  "secures": 2,
  "Séditieux": -2,
  "Sédition": -2,
  "seduzzione": 3,
  "segregarisi": -3,
  "segregazioni": -3,
  "selfabusu": -2,
  "selfcontradictory": -2,
  "selfcunvinta": 2,
  "selfpoviri": -2,
  "selfishness": -3,
  "senteli": -2,
  "sentencing": -2,
  "senza": 1,
  "senza ghjudiziu": -2,
  "Senza Limiti": -2,
  "senza logica": -2,
  "senza piacè": -3,
  "senza pregà ritornu": -2,
  "senziu": -2,
  "Seria": 2,
  "Sèvres": -1,
  "sexist": -2,
  "sexistic": -2,
  "Sfrancassi": -1,
  "sfruttà": -2,
  "sfruttatu": -2,
  "sfruttavanu": -2,
  "sfullari": -1,
  "sgambitteghja": 1,
  "shithead": -4,
  "shitty": -3,
  "shoody": -2,
  "shop": 3,
  "shortage": -2,
  "si cunfida": 1,
  "si dichiarau curpèvuli": -1,
  "si firmau": -1,
  "si lamenta": -2,
  "si misi a vuciari": 2,
  "si stendi": 1,
  "Siacca": -2,
  "sic": -1,
  "siccanti": -2,
  "Siciliana": -2,
  "sicura": 2,
  "sicuru": 1,
  "siducia": 1,
  "siduttu": -1,
  "Siège": -2,
  "siena": 2,
  "signau": -1,
  "significatu": 1,
  "signurottu priputenti": -2,
  "siguaci": 3,
  "silencing": -1,
  "simpatia": 2,
  "simplicità": 1,
  "simule": -1,
  "sinceramente": 2,
  "sincerest": 2,
  "sinceri": 2,
  "sincerità": 2,
  "singleminded": -2,
  "sinistru": -2,
  "Sintennu": 2,
  "site": -2,
  "skeptics": -2,
  "Skin": 2,
  "slashes": -2,
  "slick": 2,
  "slicker": 2,
  "sloppy": -2,
  "sluggish AGG": -2,
  "slumping": -1,
  "SMANACCIASTI": -1,
  "smaravigliatu": -2,
  "smartest": 2,
  "smear |": -2,
  "smog francese": -2,
  "smuggle": -2,
  "smuggles": -2,
  "smuntari": 2,
  "snubbed": -2,
  "snubbing": -2,
  "snubs": -2,
  "sò più dolci": 3,
  "sobering": 1,
  "soffrenu": -2,
  "sognu": 1,
  "Sognu": 3,
  "solidarité": 2,
  "solidified": 2,
  "solidifies": 2,
  "solidify": 2,
  "solidifying": 2,
  "solving": 1,
  "somatische": -2,
  "sommu": 4,
  "sonnii": 1,
  "soothed": 3,
  "soprascrivite": -1,
  "sopravviventi": 2,
  "Sore": -1,
  "sorgi": 1,
  "sorridente": 2,
  "sorrisu": 2,
  "sospiri": -2,
  "sovrappeso": -1,
  "spammer": -3,
  "spammers": -3,
  "spamming": -2,
  "Spanish": -3,
  "spannamentu": 2,
  "sparisci": -1,
  "spariscia": -1,
  "sparta": -1,
  "sparte": 1,
  "spartutu": 1,
  "spaventu": -2,
  "spavintatu": -3,
  "spaziosa": 1,
  "spazzà": -1,
  "spearhead": 2,
  "speci": -2,
  "speculativa": -2,
  "sperandu": 2,
  "speranze": 2,
  "speru": 2,
  "spiecazione": -2,
  "spills": -2,
  "spinci": 2,
  "spiral": 2,
  "spiranzi": 2,
  "spirdi": -2,
  "spiritless": -2,
  "spiritosa": 2,
  "spìritu": 1,
  "spiritus": -2,
  "sporcu": -2,
  "sposa": 2,
  "sposu": -2,
  "sprightly": 2,
  "sprona": -2,
  "spulò": -2,
  "spumanti": 3,
  "spunimu": -2,
  "sputannu": -2,
  "squad": -2,
  "squander": -2,
  "squandering": -2,
  "squanders": -2,
  "SQUATTRINATI": -2,
  "squelched": -1,
  "stabs": -2,
  "stacciare": -2,
  "stadda": 2,
  "stalled": -2,
  "stamina": 2,
  "Stampede": -2,
  "stanca e": -2,
  "stancu": -2,
  "stand": -2,
  "stank": -2,
  "stanzi": 3,
  "startled": -2,
  "startling": 3,
  "starves": -2,
  "stata ghjustificata": 2,
  "stima": 2,
  "stimati": 2,
  "stimulates": 1,
  "stimulau": 1,
  "stingy |": -2,
  "stinked": -2,
  "stinks": -2,
  "storia": 3,
  "stracciò": -2,
  "strammatu": -2,
  "strangulatu": -2,
  "stranu": -1,
  "stranuta": -2,
  "stranutari": -2,
  "stravagante": 1,
  "straziera": -2,
  "stregoneria": -2,
  "stressor": -2,
  "stressors": -2,
  "stretti": -1,
  "strikers": -2,
  "striscia": 3,
  "stronzo": -4,
  "Strozzamento": -2,
  "strughje": -3,
  "strumenta": 2,
  "Struttura": -2,
  "stuck": -2,
  "stufa": -3,
  "stupenti": 5,
  "sua": 2,
  "sùbitu": -2,
  "subjunctive": -2,
  "subpoena": -2,
  "succhia": -3,
  "succidu": -2,
  "succidutu": 3,
  "succissuri": 2,
  "suecica": -2,
  "sued": -2,
  "sueing": -2,
  "sues": -2,
  "sufferers": -2,
  "suffertu": -2,
  "suffirenza": -2,
  "suffremu": -2,
  "suffrenza sgraniddà": -2,
  "suffrianu": -2,
  "sufisticata": 2,
  "sughjetti": -3,
  "suicidal": -2,
  "suicides": -2,
  "suing": -2,
  "sulamenti": 2,
  "sulking": -2,
  "sulky": -2,
  "sulu": -2,
  "suluzione": 1,
  "superbe": 5,
  "superbu": 2,
  "superiore": 2,
  "supranava": 1,
  "suprô salutu umanu": -3,
  "Surévaluation": -2,
  "suspend": -1,
  "suspesi": -1,
  "suspettava": -1,
  "suspittatu": -1,
  "sustanziali": 1,
  "sustegnu": 2,
  "sustinutu": 2,
  "suvversivu": -2,
  "svegliu": -1,
  "sviluppu": 1,
  "svintatu": -1,
  "swears": -2,
  "swindle": -3,
  "swindles": -3,
  "swindling": -3,
  "taglio": -1,
  "taint": -2,
  "tainted": -2,
  "talentu,": 2,
  "tantu beni": 3,
  "Tarnanzug": -2,
  "tarnished": -2,
  "tarnishes": -2,
  "tarnishing": -2,
  "techju": -2,
  "temuti": -2,
  "Terre": -2,
  "terrific": 4,
  "terrifically": 4,
  "terrorizes": -3,
  "tesori": 2,
  "tette": 1,
  "thoughtless": -2,
  "thwarts": -2,
  "tìampu": -1,
  "tic": 3,
  "timia": 3,
  "timid": -2,
  "timorous": -2,
  "tindenza": 2,
  "Tinimuci": -3,
  "tintu": -2,
  "tinturia": -1,
  "tinzioni": -1,
  "tippu di": 0,
  "tirruri": -3,
  "tirrurista": -2,
  "tirrurizzata": -3,
  "tistarda": -2,
  "Titre": -2,
  "tiuricamenti": 1,
  "Tivoli": -2,
  "Tolerance": 2,
  "Toleranzdosis": -2,
  "tongue": -2,
  "toothless": -2,
  "torturannu": -4,
  "tossica": -3,
  "totalitarisme": -2,
  "touted": -2,
  "touting": -2,
  "tovaglia": -2,
  "tradimenti": -3,
  "tradimentu": -3,
  "tradisci": -3,
  "tradiscia": -3,
  "tradutu": -3,
  "Traduzione éternuer": -2,
  "tragedia": -2,
  "tragedies": -2,
  "tragicu": -2,
  "TRAHISSAIS": 1,
  "TRAHISSIEZ": -2,
  "tramuntana": -1,
  "trance": 2,
  "tranquidda": 2,
  "tranquil &": 2,
  "tranquillamenti;": 2,
  "tranquillu": 2,
  "transgressed": -2,
  "transgressing": -2,
  "trappule": -1,
  "trascuratizza": -2,
  "tràttanu": 1,
  "trattazzioni": 2,
  "trattinite": -2,
  "traumatic": -3,
  "traumatisimi": -3,
  "travesty": -2,
  "treasonous": -3,
  "tremendu": 2,
  "Tremendu": -3,
  "tremors": -2,
  "tremulous": -2,
  "tribbulatu": -2,
  "tribulatu": -2,
  "tribulazione": -2,
  "tributu": 2,
  "trickery": -2,
  "Trimendu": -2,
  "trimuri": -2,
  "trionfo": 4,
  "trionfu": 3,
  "trisoru": 2,
  "tristu": -2,
  "triumphant": 4,
  "triunfanti": 3,
  "trop": -2,
  "troubling": -2,
  "truthfulness": 2,
  "tuhaf": -2,
  "tulerente": 2,
  "tumbà": -2,
  "tumbessi": -3,
  "tumeur": -2,
  "tumultu": -2,
  "tunalità": 2,
  "tunning": -2,
  "turbati": -2,
  "turìstici": 1,
  "turmintate": -2,
  "turnavanu à stallà": 1,
  "Turpin": -1,
  "turtura": -4,
  "turturati": -4,
  "turturatu": -3,
  "turturi": -4,
  "tutalitari": -2,
  "twat": -5,
  "twin": -2,
  "Tyran": -3,
  "tyrannic": -3,
  "tyrannical": -3,
  "tyrannically": -3,
  "tyrans": -3,
  "u celu": 2,
  "u cumbattu": -2,
  "u disprezzu": -2,
  "u dolu": -2,
  "u male": -3,
  "u piccatu": -2,
  "u pudere": -2,
  "U saxofona": -2,
  "u sguardu": 3,
  "ubbligatu": 1,
  "ubligatorie": -1,
  "uccasioni": 2,
  "uccisioni": -3,
  "uccurrenza": -2,
  "uddiati": -2,
  "uddiatu": -2,
  "Ugh": -2,
  "uite": 3,
  "Ulaznica": -2,
  "ultraggiatu": -3,
  "ultrahigh": -2,
  "umana": 2,
  "umili": 1,
  "umiliazione": -3,
  "un allargamentu": 1,
  "un colpu à": -1,
  "ùn cunnosci micca": -1,
  "ùn pudarè": -2,
  "ùn travagliava": -3,
  "Ùn vole viaghjà SPIP": -3,
  "ùn voli": -2,
  "Una Fiara Hè": -2,
  "una maraviglia": 4,
  "una techja": -3,
  "unappeasable": -2,
  "unappreciated": -2,
  "unapproved": -2,
  "unattractive": -2,
  "Unavailing": -2,
  "unconcerned": -2,
  "unconvinced": -1,
  "uncredited": -1,
  "undecided": -1,
  "undercooked": -2,
  "underestimated": -1,
  "underestimates": -1,
  "underestimating": -1,
  "undermined": -2,
  "undermines": -2,
  "undermining": -2,
  "underperform": -2,
  "underperformed": -2,
  "underperforming": -2,
  "underperforms": -2,
  "undeserving": -2,
  "unecht": -2,
  "unequal": -1,
  "uneventful": -2,
  "unfitted": -2,
  "unfocused": -2,
  "unforgivable": -3,
  "unforgiving": -2,
  "unfunny": -2,
  "ungenerous": -2,
  "unhygienic": -2,
  "unificatu": 1,
  "uniforma": -3,
  "unimaginative": -2,
  "unimpressed": -2,
  "unintelligent": -2,
  "uninvolving": -2,
  "Unité": -2,
  "unlovable": -2,
  "unloved": -2,
  "unmotivated": -2,
  "unoriginal": -2,
  "unparliamentary": -2,
  "unpleasantness": -2,
  "unprofessional": -2,
  "unreleting": -2,
  "unresearched": -2,
  "unsafe": -2,
  "unsatisfied": -2,
  "unscientific": -2,
  "unsettled": -1,
  "unsold": -1,
  "unsophisticated": -2,
  "unsound": -2,
  "unstimulating": 2,
  "unsupported": -2,
  "unsurely": -1,
  "untarnished": 2,
  "unu": -1,
  "unuratu": 2,
  "uparazioni": -3,
  "upprissioni": -2,
  "uranium": -3,
  "urgànicu": -2,
  "urlà": -2,
  "usassi": 2,
  "usati": -1,
  "usefulness": 2,
  "uselessness": -2,
  "usità": 1,
  "ustaculari": -2,
  "ustilità": -2,
  "uttèniri": 2,
  "utuli": 2,
  "validates": 1,
  "validati": 1,
  "validating": 1,
  "valurisazione": 2,
  "vantaghji": 2,
  "vantaghju": 2,
  "vapid": -2,
  "varba": -3,
  "vargogna": -2,
  "veduvi": -1,
  "vegetariana": -2,
  "velocità": 3,
  "vende": -3,
  "vendicati": -2,
  "venin": 2,
  "vera": 2,
  "verbes": 1,
  "verdicts": -1,
  "vermi bona": 4,
  "vermi carine": 3,
  "verso": -1,
  "vexing": -2,
  "viaghji": -2,
  "Vibré": -1,
  "Vicario": -1,
  "victimiser": -3,
  "victimize": -3,
  "victimized": -3,
  "victimizes": -3,
  "victimizing": -3,
  "vigilanti": 3,
  "vigori": 3,
  "vincere": 4,
  "vinceru": 3,
  "vincitrice": 4,
  "vincituri": 3,
  "vincìu": 3,
  "vindicà": -2,
  "vindicate": 2,
  "vindicates": 2,
  "vindicating": 2,
  "viola": -2,
  "violating": -2,
  "violo": -2,
  "viotu": -1,
  "virgogna": -2,
  "virtuous": 2,
  "virtuusa": 2,
  "visa": -2,
  "visionary": 3,
  "visione": 1,
  "visioni": 1,
  "visioning": 1,
  "vitalità": 3,
  "vitamina": 1,
  "viteddu": 3,
  "Viticulture": 1,
  "vitriolic": -3,
  "vittima": -3,
  "vittimi": -3,
  "vittori": 3,
  "vittoria": 3,
  "vittorie": 4,
  "viulati": -2,
  "viulenti": -3,
  "viulentu": -3,
  "viulenza": -3,
  "viulenzarelative": -3,
  "viulinu": 3,
  "viutatu": 1,
  "vividly": 2,
  "vociferous": -1,
  "voghi": -5,
  "vòlenu": -3,
  "vomited": -3,
  "vomiting |": -3,
  "vomits": -3,
  "Vous cherchez": -1,
  "vt": -2,
  "vucia": -2,
  "vuciau": -2,
  "vulennu": 1,
  "vulete": 1,
  "vulintaria": 3,
  "vuliti": 1,
  "vulìu": 2,
  "vulnerability": -2,
  "vulnérable": -2,
  "vulpera": -3,
  "vuluntà": 2,
  "vumitari": -3,
  "Waking": -2,
  "Waking su": -3,
  "walkouts": -2,
  "wanker": -3,
  "warmhearted": 2,
  "warmness": 2,
  "wavering": -1,
  "weaknesses": -2,
  "wealthier": 2,
  "whitewash": -3,
  "Win": 4,
  "winwin": 3,
  "Woo": 3,
  "woohoo": 3,
  "wooo": 4,
  "woow": 4,
  "worsened": -3,
  "worsening": -3,
  "worsens": -3,
  "wowow": 4,
  "wowww": 4,
  "wrenching": -2,
  "wrongdoing": -2,
  "wrongdoings": -2,
  "wronged": -2,
  "wtff": -4,
  "wtfff": -4,
  "xoxoxo": 4,
  "xoxoxoxo": 4,
  "yeees": 2,
  "yucky": -2,
  "zealot": -2,
  "zealots": -2,
  "Zingari": -2,
  "zinzicu": 3
}