{
  "ác liệt": -2,
  "acquits": 2,
  "acquitting": 2,
  "affectionateness": 3,
  "agonises": -3,
  "agonizes": -3,
  "ám ảnh": -1,
  "ám ảnh sợ": -2,
  "ấm áp": 1,
  "ấm cúng": 2,
  "ảm đạm": -2,
  "ấm lòng": 3,
  "âm mưu": -3,
  "âm u": -2,
  "án": -2,
  "ẩn": -1,
  "ăn cắp": -2,
  "ăn gian": -3,
  "ẩn giấu": -1,
  "ân hận": -2,
  "ẩn nấp": -1,
  "an toàn": 1,
  "an toàn hơn": 2,
  "ăn trộm": -2,
  "ấn tượng": 3,
  "an ủi": 2,
  "ân xá": 2,
  "Angers": -3,
  "anh dũng": 3,
  "anh hùng": 3,
  "ánh sáng mặt trời": 2,
  "áo mưa": 2,
  "ao ước": 2,
  "ấp": -2,
  "áp bức": -2,
  "áp đặt": -1,
  "áp lực": -2,
  "apeshit": -3,
  "appeases": 2,
  "arsehole": -4,
  "ashame": -2,
  "assfucking": -4,
  "astounds": 3,
  "ấu trĩ": -2,
  "Avengers": -2,
  "bác bỏ": -2,
  "Badass": -3,
  "bãi": -1,
  "Bãi bỏ": -2,
  "bài hát ca ngợi": 3,
  "bài phê bình": -2,
  "bamboozles": -2,
  "bắn": -2,
  "bẩn": -2,
  "ban cho": 1,
  "bẩn nhất": -2,
  "ban phước": 2,
  "bẩn quá": -2,
  "bản sao lại": -2,
  "ban sức mạnh": 2,
  "bẩn thỉu": -3,
  "bằng lòng": 2,
  "bankster": -3,
  "báo cáo sai": -2,
  "bào chữa": 2,
  "bảo đảm": 2,
  "báo động": -2,
  "Bảo hành": 1,
  "bạo loạn": -2,
  "bạo lực": -3,
  "bạo lực liên quan": -3,
  "bạo ngược": -3,
  "báo thù": -2,
  "báo thức": -2,
  "bảo vệ": 1,
  "Bastards": -5,
  "bắt bẻ": -2,
  "bắt buộc": -1,
  "Bất chấp": -2,
  "bắt cóc": -2,
  "bắt cóc trẻ con": -2,
  "bất công": -2,
  "bất diệt": 2,
  "bất đồng ý kiến": -2,
  "bắt giữ": -2,
  "bất hạnh": -2,
  "bất hòa": -2,
  "bất hợp lý": -2,
  "bất hợp pháp": -3,
  "bất khả chiến bại": 2,
  "bất khả xâm phạm": 2,
  "bất lợi": -2,
  "bất lực": -2,
  "bất mãn": -2,
  "bắt nạt": -2,
  "bất ngờ": -2,
  "bất tài": -2,
  "bất tiện": -2,
  "bẫy": -1,
  "bẩy": -1,
  "bế tắc": -2,
  "befitting": 2,
  "bền chặt": 2,
  "bền vững": 2,
  "bệnh": -2,
  "bệnh dịch": -3,
  "bệnh tật": -2,
  "bereaves": -2,
  "bereaving": -2,
  "bị": -2,
  "bi ai": -2,
  "bị ám ảnh": 2,
  "bị ảnh hưởng": -1,
  "bị ảnh hưởng mạnh": -2,
  "bị áp bức": -2,
  "bị bắt": -3,
  "bị bắt buộc": -1,
  "bị bắt cóc": -2,
  "bị bắt nạt": -2,
  "bị bỏ quên": -2,
  "bị bỏ rơi": -2,
  "bị bỏ tù": -2,
  "bị cáo": -2,
  "bị chặn": -1,
  "bị cô lập": -1,
  "bị đe dọa": -2,
  "bị đình trệ": -2,
  "bị gián đoạn": -2,
  "bị hại": -2,
  "bị hoãn": -1,
  "bị hỏng": -1,
  "bị hủy bỏ": -1,
  "bị kết án": -2,
  "bi kịch": -2,
  "bị kích động thần kinh": -3,
  "bị kích thích": -3,
  "bị làm phiền": -2,
  "bị loại": -2,
  "bị lừa": -3,
  "bị mắc kẹt": -2,
  "bị mửa": -3,
  "bị nhiễm khuẩn": -2,
  "bị ô nhiễm": -2,
  "bi quan": -2,
  "Bị quấy rầy": -3,
  "bị rò rỉ": -1,
  "Bị sa thải": -2,
  "bi thảm": -2,
  "bị thất sủng": -2,
  "bị thương": -2,
  "bị tịch thu": -2,
  "bị trật bánh": -2,
  "bị truy tố": -2,
  "bị tước quyền": -3,
  "bị xỉn": -2,
  "bia đen": 2,
  "biến dạng": -2,
  "biến hình": -2,
  "biến mất": -1,
  "biết ơn": 2,
  "bình tĩnh": 2,
  "bịnh truyền nhiểm": -2,
  "binh vực": 2,
  "bình yên": 2,
  "bịt miệng": -2,
  "blackmails": -3,
  "blah": -2,
  "bó": -3,
  "bỏ": -2,
  "Bỏ bê": -2,
  "bỏ đi": -1,
  "bỏ đói": -2,
  "bổ ích": 2,
  "bó lại": -3,
  "bỏ lỡ": -2,
  "bỏ mặc": -2,
  "bở ngở": -2,
  "bỏ qua": -2,
  "bỏ qua của": -1,
  "bỏ trốn": -1,
  "bốc khói": -2,
  "bốc mùi hôi thối": -2,
  "bôi": -2,
  "bội": 2,
  "bối rối": -2,
  "bom": -1,
  "bom tấn": 3,
  "bồn chồn": -2,
  "bọn du côn": -2,
  "bồng bột": 3,
  "bông hồng": 1,
  "bóng tối": -1,
  "bóp cổ": -2,
  "bóp méo": -2,
  "bọt": -3,
  "braveness": 2,
  "Bravura": 3,
  "brilliances": 3,
  "bực bội": -3,
  "bức hại": -2,
  "bực mình": -2,
  "bực tức": -2,
  "bụi": -2,
  "bủn xỉn": -2,
  "bùng phát": -2,
  "buộc": 1,
  "bước đột phá": 3,
  "buộc tội": -2,
  "buồn": -1,
  "buồn bã": -2,
  "buồn cười": 4,
  "buôn lậu": -2,
  "buồn rầu": -2,
  "bướng bỉnh": -2,
  "bướu": -2,
  "ca ngợi": 3,
  "các giải pháp": 1,
  "các mối đe dọa": -2,
  "các vấn đề": -2,
  "cãi": -2,
  "cái bảng": 1,
  "cải thiện": 2,
  "cải tiến": 2,
  "cải trang": -1,
  "cam": 1,
  "cấm": -1,
  "cam chịu": -2,
  "cam đoan": 1,
  "cảm động": -2,
  "cảm giác": 1,
  "cảm hứng": 3,
  "cam kết": 1,
  "cảm ơn": 2,
  "cảm tạ": 2,
  "cảm thông": 2,
  "cầm tù": -2,
  "cân bằng": 1,
  "can đảm": 2,
  "cân đối": 2,
  "cẩn thận": 3,
  "cận thị": -2,
  "cản trở": -2,
  "Cản trở": -2,
  "cẩn trọng": 2,
  "căng thẳng": -2,
  "cảnh báo": -3,
  "cảnh cáo": -2,
  "cạnh tranh": 2,
  "cáo buộc": -2,
  "cao quý": 2,
  "cấp": 1,
  "cấp trên": 2,
  "cắt": -1,
  "cắt giảm": -1,
  "cắt giảm chi tiêu": -2,
  "cắt tỉa": -1,
  "cau mày": -1,
  "cầu nguyện": 1,
  "câu nói đùa": 2,
  "câu phù hợp": -2,
  "cẩu thả": -2,
  "cay đắng": -2,
  "chắc chắn": 2,
  "chagrined": -2,
  "chậm chạp": -2,
  "chậm phát triển": -2,
  "chăm sóc": 2,
  "chạm tới": 1,
  "chán": -3,
  "chặn": -1,
  "chặn các": -1,
  "chán ghét": -3,
  "chán nản": -2,
  "chân phúc": 3,
  "chân thành": 2,
  "chấn thương": -3,
  "chao": -2,
  "chào": 1,
  "chào buổi sáng": 1,
  "chào đón": 1,
  "chào hàng": -2,
  "chấp": -2,
  "chấp nhận": 1,
  "Chấp nhận": 1,
  "chấp nhận được": 1,
  "chấp thuận": 1,
  "charmless": -3,
  "chastising": -3,
  "chất bẩn": -2,
  "chặt chẽ": 3,
  "chát chúa": -1,
  "chất độc": -2,
  "chất gây ô nhiễm": -2,
  "chất rắn": 2,
  "chất thải": -1,
  "Châu báu": 2,
  "cháy": 1,
  "chạy tán loạn": -2,
  "chê": -2,
  "che đậy": -1,
  "chế độ nô lệ": -3,
  "chế độ toàn trị": -2,
  "che khuất": -2,
  "chế nhạo": -2,
  "chế tác": -1,
  "chết": -3,
  "chết chìm": -2,
  "chết đói": -2,
  "chết đuối": -2,
  "chết người": -3,
  "chết tiệt": -3,
  "Chết tiệt": -4,
  "chết tiệt dễ thương": 4,
  "chết tiệt đẹp": 4,
  "chết tiệt lớn": 4,
  "chết tiệt tốt nhất": 4,
  "chết tiệt tuyệt vời": 4,
  "chỉ sự mê hoặc": 3,
  "chỉ trích": -2,
  "chia buồn": -2,
  "chia sẻ": 1,
  "chic": 2,
  "chides": -3,
  "chiding": -3,
  "chiếm đoạt": -2,
  "chiếm độc quyền": -2,
  "chiến đấu": -1,
  "chiến thắng": 3,
  "chiến tranh": -2,
  "chính đáng": 2,
  "chính trực": 2,
  "chịu trách nhiệm": 2,
  "chờ": -1,
  "chổ ẩn núp": -1,
  "chó cái": -5,
  "chợ đen": -2,
  "chờ đợi": -1,
  "cho phép": 1,
  "cho thái": 2,
  "choáng váng": -2,
  "chọc giận": -1,
  "chối": -2,
  "chơi khăm": -2,
  "chói sáng": 3,
  "chơi theo": -2,
  "chọn lọc": 1,
  "chống": -1,
  "chống lại": -1,
  "chóng mặt": -1,
  "chu đáo": 2,
  "chủ động": 2,
  "chủ nghĩa bi quan": -2,
  "chua cay": 2,
  "chưa được xác nhận": -1,
  "chưa hoàn thiện": -1,
  "chưa quyết định": -1,
  "chưa thực hiện": -2,
  "chuẩn bị": 1,
  "chúc mừng": 2,
  "Chúc mừng em": 2,
  "Chúc phúc": 2,
  "chứng điên cuồng": -2,
  "chưng hửng": 3,
  "chứng minh cho": 2,
  "chứng thực": 2,
  "chuộc": 2,
  "chướng ngại vật": -2,
  "chuyên chế": -2,
  "chuyên dụng": 2,
  "chuyển hướng": -1,
  "chuyên nghiệp": 2,
  "chuyện thần thoại": -1,
  "Clears": 1,
  "có ảnh hưởng": 2,
  "có bắt đinh ốc": -3,
  "có chất a cit": -3,
  "cố định": -1,
  "cô độc": -2,
  "cô đơn": -2,
  "có gai": -2,
  "có hại": -2,
  "có hạn": -1,
  "có hiệu lực": 2,
  "cơ hội": 2,
  "có khả năng": 2,
  "có khuyết điểm": -3,
  "có lợi": 2,
  "có lưng dựa": 1,
  "có mục đích": 2,
  "có nhu cầu": 1,
  "cổ phiếu": 1,
  "có phương pháp": 2,
  "có tầm nhìn xa": 3,
  "có thẩm quyền": 2,
  "có thể \"t đứng": -3,
  "có tội": -3,
  "có vẻ đau đớn": -2,
  "cổ vũ": 2,
  "có ý nghĩa": 1,
  "cocksucker": -5,
  "cocksuckers": -5,
  "coi thường": -2,
  "con dê tế thần": -2,
  "côn đồ": -2,
  "còn do dự": -2,
  "còn nguyên": 2,
  "còn sống sót": 2,
  "cơn sốt": -2,
  "cơn thịnh nộ": -2,
  "con traicủamột chó cái": -5,
  "conciliates": 2,
  "conflictive": -2,
  "công bằng": 2,
  "công bình": 2,
  "cống vật": 2,
  "consolable": 2,
  "contagions": -2,
  "courageousness": 2,
  "crappy": -3,
  "criminated": -3,
  "criminates": -3,
  "crowding": -1,
  "cử": -1,
  "cú đâm": -2,
  "cụ mát": 3,
  "cư xừ không đứng đắng": -2,
  "cực đoan": -2,
  "cúm": -2,
  "cùn": -2,
  "cứng": -1,
  "cũng ăn mặc bóng bẩy": 2,
  "củng cố": 2,
  "cũng đấu tranh": 3,
  "cũng tập trung vào": 2,
  "cuộc biểu tình": -1,
  "cuộc đấu tranh": -2,
  "cuộc nổi loạn": -2,
  "cuộc phiêu lưu": 2,
  "cuộc tranh đấu": -2,
  "cuộc xâm lăng": -1,
  "cuộc xung đột": -2,
  "cười": 2,
  "cuộn cảm": -2,
  "cuốn tiểu thuyết": 2,
  "Cương": 1,
  "cưởng bức": -1,
  "cuồng nhiệt": 3,
  "cương quyết": 2,
  "cướp": -2,
  "Cướp": -2,
  "cướp bóc": -2,
  "cúp": -2,
  "cứu": 2,
  "Cứu giúp": 2,
  "cứu trợ tài chính": -2,
  "da": -1,
  "đã chết": -3,
  "đã cười": 2,
  "đã đạt được": 2,
  "đã đồng ý": 1,
  "đã hứa": 1,
  "dã man": -2,
  "đã quên": -1,
  "đã thích": 2,
  "đá trả lại người nào": -3,
  "đã vi phạm giới": -2,
  "đặc quyền": 2,
  "đâm": -2,
  "đảm bảo": 2,
  "đam mê": 2,
  "đàm phán": -1,
  "đám tang": -1,
  "damn tốt": 4,
  "đần độn": -3,
  "đạn không nổ": -2,
  "dàng": 2,
  "đắng": -2,
  "đang chờ đợi": -1,
  "đáng chú ý": 2,
  "đáng ghét": -3,
  "đáng ghi nhớ": 1,
  "đáng kể": 1,
  "đáng khích lệ": 2,
  "đáng khinh": -2,
  "đáng kinh ngạc": 3,
  "đáng lo ngại": -3,
  "đáng ngạc nhiên": 3,
  "đáng sợ": -2,
  "đáng thương hại": -2,
  "đáng tin cậy": 2,
  "đáng yêu": 2,
  "đánh": -2,
  "đánh bại": -2,
  "đánh bóng": 2,
  "đánh cắp": -2,
  "đánh đập": -1,
  "đánh giá": 2,
  "đánh giá cao": 2,
  "đánh giá quá thấp": -1,
  "đánh giá thấp": -1,
  "danh tiếng": 2,
  "đánh trước": -2,
  "đạo đức": 2,
  "đáp lại": 2,
  "đạt": 1,
  "đạt được": 1,
  "đặt sai": -2,
  "đặt vào may rủi": -2,
  "đau": -2,
  "đau buồn": -2,
  "đầu cơ": -2,
  "đau đầu": -2,
  "đầu độc": -2,
  "đau đớn": -2,
  "dấu gạch chéo": -2,
  "đầu gấu": -2,
  "đau khổ": -2,
  "đau lòng": -3,
  "dấu ngoặc": 2,
  "đau thương": -2,
  "đấu tranh": -2,
  "đày": -1,
  "đầy bùn": -2,
  "dạy đạo lý": -2,
  "đầy đủ": 1,
  "đẩy lùi": -2,
  "đầy nhựa sống": -1,
  "đầy tham vọng": 2,
  "dây thần kinh": -1,
  "đầy ý nghĩa": 2,
  "đe": -2,
  "dễ bị tổn thương": -2,
  "dễ dàng": 1,
  "dè dặt": -1,
  "đe dọa": -2,
  "để lộn chổ": -2,
  "đề nghị": 2,
  "dễ thương": 2,
  "dể tin": -2,
  "để trừng phạt": -2,
  "deadening": -2,
  "Debonair": 2,
  "defrauds": -3,
  "dehumanized": -2,
  "dehumanizes": -2,
  "dejecting": -2,
  "dejects": -2,
  "delightfully": 3,
  "delighting": 3,
  "Delights": 3,
  "demoralizes": -2,
  "deniers": -2,
  "đẹp": 2,
  "deports": -2,
  "derides": -2,
  "detracted": -1,
  "devastations": -2,
  "đĩ": -5,
  "đi đầu": 1,
  "di tản": -1,
  "dị tật": -2,
  "đi tiêu": -4,
  "đi tiểu": -4,
  "dị ứng": -2,
  "Địa ngục": -4,
  "dịch": -2,
  "dịch bệnh": -1,
  "dickhead": -4,
  "điếm": -4,
  "điểm dừng": -1,
  "Điểm nổi bật": 2,
  "điềm tĩnh": 2,
  "điềm xấu": 3,
  "điên": -2,
  "điên cuồng": -3,
  "điên rồ nhất": -2,
  "điều khó chịu": -2,
  "dilligence": 2,
  "đình chỉ": -1,
  "đình công": -1,
  "dính máu": -3,
  "dipshit": -3,
  "disconsolation": -2,
  "disrespected": -2,
  "đít": -4,
  "dithering": -2,
  "dịu dàng": 2,
  "đổ": -2,
  "dơ bẩn": -2,
  "dỗ dành": 2,
  "do dự": -2,
  "đồ khốn": -5,
  "đố kỵ": -1,
  "đổ lỗi": -2,
  "đồ lừa đảo": -3,
  "đồ ngốc": -3,
  "đồ ngu": -3,
  "độ phân giải": 2,
  "độ sáng": 1,
  "độ tin cậy": 2,
  "đồ trang sức": 1,
  "độ trễ": -2,
  "dọa nạt": -2,
  "độc": -2,
  "độc ác": -2,
  "độc quyền": -2,
  "dodging": -2,
  "đói": -2,
  "đòi hỏi": -1,
  "đổi mới": 1,
  "dọn dẹp": 2,
  "đơn giản hóa quá": -2,
  "đồng cảm": 2,
  "đóng chặt": 2,
  "động cơ": 2,
  "động cơ thúc đẩy": 2,
  "đông hơn": -2,
  "đông lại": 2,
  "động lực": 1,
  "đồng minh": 2,
  "động viên": 1,
  "đồng ý": 1,
  "dốt": -2,
  "dốt nát": -2,
  "douchebag": -3,
  "Downer": -2,
  "dự đoán": 1,
  "dữ dội": -3,
  "đức hạnh": 2,
  "dừng": -1,
  "dũng cảm": 2,
  "Dũng cảm": 2,
  "dủng cảm": 2,
  "đứng đắn": -2,
  "dung dịch": 1,
  "đúng hướng": 3,
  "đúng là": 2,
  "dừng lại": -1,
  "đụng nhau": -1,
  "được cấp": 1,
  "được may mắn": 2,
  "được phép": 1,
  "Được thiết lập tốt": 2,
  "dưới": -2,
  "duyên dáng": 3,
  "êm đềm": 2,
  "enraging": -2,
  "enslaves": -2,
  "ép buộc": -2,
  "ErrorUndefined": -3,
  "evergreening": -3,
  "evergreens": 2,
  "exasparate": -2,
  "exasperates": -2,
  "excruciatingly": -1,
  "exhilarates": 3,
  "exhilarating": 3,
  "exonerates": 2,
  "exonerating": 2,
  "exultantly": 3,
  "fabulously": 4,
  "flops": -2,
  "fools": -2,
  "frikin": -2,
  "ftw": 3,
  "fucked": -4,
  "fucker": -4,
  "fuckers": -4,
  "fuckface": -4,
  "fuckhead": -4,
  "fuckin": -4,
  "fucking nóng": 2,
  "fucking tốt": 4,
  "fucktard": -4,
  "fud": -3,
  "fuked": -4,
  "fuking": -4,
  "gà trống": -5,
  "gạch chéo": -2,
  "gan": 2,
  "gánh nặng": -2,
  "ganh tị": -1,
  "gạt người": -2,
  "gây": -2,
  "gây ấn tượng": 3,
  "gây cảm hứng": 2,
  "gây chết": -2,
  "gây chết người": -2,
  "gây hại": -2,
  "gây hiểu lầm": -3,
  "gây nhầm lẫn": -2,
  "gây nhầm lẵn": -3,
  "gây nhiễm": -2,
  "gây nhiều tranh cãi": -2,
  "gây ô nhiễm": -2,
  "gây phiền hà": -2,
  "gây ra": -2,
  "gây rắc rối": -3,
  "gây rối": -2,
  "Gây sát": -2,
  "gây sửng sốt": 3,
  "gây thiệt": -2,
  "gây tổn hại": -3,
  "gây tranh cãi": -2,
  "ghê gớm": -3,
  "ghê tởm": -2,
  "ghen ghét": -2,
  "ghen tuông": -2,
  "ghét": -2,
  "ghét bỏ": -2,
  "ghét cay ghét đắng": -3,
  "ghi nhãn sai": -3,
  "giá cả phải chăng": 2,
  "giá đắt": 3,
  "giả đò": -2,
  "giả dối": -3,
  "giả khoa học": -3,
  "giả mạo": -3,
  "giả mạo lòi": -3,
  "giá trị": 2,
  "giả vờ": -1,
  "giải cứu": 2,
  "giải quyết": 1,
  "giải thoát": 2,
  "giải thưởng": 3,
  "giải tỏa": 1,
  "giải trí": 2,
  "giam": -2,
  "giảm": -2,
  "giảm bớt": 2,
  "giảm giá": -1,
  "giãm giá trị": -2,
  "giám sát": -1,
  "giận": -2,
  "gián đoạn": -2,
  "giận dữ": -3,
  "gian hàng": -2,
  "giàn khoan": -1,
  "gian lận": -3,
  "giao cho": 1,
  "giao phó": 2,
  "giật mình": -2,
  "giấu": -1,
  "giàu có": 2,
  "giấu giếm": -3,
  "giàu tưởng tượng": 2,
  "giết": -3,
  "giết chết": -3,
  "giết người": -3,
  "giới hạn": -1,
  "Giới Hạn": -2,
  "giới thiệu": 2,
  "giữ lại": -1,
  "giúp": 2,
  "giúp ta yên tĩnh": 2,
  "góa chồng": -1,
  "góc": -2,
  "gớm ghiếc": -3,
  "gớm guốc": -3,
  "goofiness": -2,
  "gọt": -3,
  "gr8": 3,
  "greenwash": -3,
  "greenwasher": -3,
  "greenwashers": -3,
  "greenwashing": -3,
  "Greets": 1,
  "gửi thư rác": -2,
  "ha": 2,
  "hack": -1,
  "haha": 3,
  "hahaha": 3,
  "hahahah": 3,
  "hài hòa": 2,
  "hài hước": 1,
  "hài lòng": 2,
  "ham chơi": -2,
  "hăm dọa": -2,
  "hãm hiếp": -4,
  "ham mê": -2,
  "hạn chế": -2,
  "hân hoan": 4,
  "Hân hoan": 3,
  "hàng đầu": 2,
  "hàng giả": -3,
  "hăng hái": 2,
  "hành hạ": -4,
  "hạnh phúc": 3,
  "hạnh phúc nhất": 3,
  "hành vi sai trái": -2,
  "hào nhoáng": 3,
  "hào phóng": 2,
  "hào quang": 1,
  "hấp dẫn": 2,
  "hấp thụ": 1,
  "haplessness": -2,
  "harried": -2,
  "hắt hơi": -2,
  "hắt xì": -2,
  "haters": -3,
  "hậu quả": -2,
  "hậu vệ": 2,
  "hay lây": -1,
  "hay nghi ngờ": -3,
  "hay quên": -2,
  "hay sợ": -2,
  "hay thay đổi": 1,
  "hay thù": -2,
  "hay vui đùa": 2,
  "hehe": 2,
  "hèn hạ": -3,
  "hèn nhát": -2,
  "héo úa": -2,
  "hét lên": -2,
  "hết lòng": 2,
  "hi vọng": 2,
  "hiểm độc": -2,
  "hiện đại hóa": 2,
  "hiệp": 1,
  "Hiếu chiến": -2,
  "Hiếu kỳ": 1,
  "hiểu lầm": -2,
  "hiệu quả": 2,
  "hiểu sai": -2,
  "hình phạt": -2,
  "hình sự": -3,
  "hổ thẹn": -2,
  "hỗ trợ": 2,
  "hòa bình": 2,
  "hóa đá": -2,
  "hòa điệu": 2,
  "hoà giải": 2,
  "hòa giải": 2,
  "hoài nghi": -2,
  "Hoài nghi": -2,
  "hoãn": -1,
  "hoàn cảnh khó khăn": -2,
  "hoan hảo": 2,
  "hoàn hảo": 3,
  "hoàn hảo chết tiệt": 4,
  "hoan hô": 2,
  "hoãn lại": -1,
  "hoàn mỹ": 2,
  "hoan nghênh": 2,
  "hoàn thành": 2,
  "hoàn thành, thanh tuu": 2,
  "hoàn thiện": 2,
  "hoàn toàn": 3,
  "hoảng": -2,
  "hoang đường": 4,
  "hoảng loạn": -3,
  "hoảng sợ": -3,
  "hoạt bát": 2,
  "hoạt động": 1,
  "hoạt động từ thiện": 2,
  "hoen ố": -2,
  "hôi": -2,
  "Hôi": -3,
  "hỏi": -1,
  "hội chợ": 2,
  "hối hận": -2,
  "hối lộ": -3,
  "hơi nóng": 2,
  "hơi say": -2,
  "Hồi sinh": 2,
  "hôi thối": -2,
  "hối tiếc": -2,
  "hôn": 2,
  "hờn dỗi": -2,
  "hỗn độn": -2,
  "hỗn loạn": -2,
  "hổn loạn": -2,
  "hôn mê": -2,
  "hỏng": -3,
  "hợp lý": 2,
  "hợp pháp": 1,
  "Hostile": -2,
  "hư": -3,
  "hư hại": -3,
  "hư hỏng": -3,
  "humerous": 3,
  "hung ác": -3,
  "hung bạo": -3,
  "hung dữ": -2,
  "Hưng phấn": 3,
  "hung tợn": -2,
  "hương": -2,
  "hưởng lợi": 2,
  "hút": -3,
  "hụt": -2,
  "hữu dụng": 2,
  "hữu ích": 2,
  "Hữu ích": 2,
  "hữu nghị": 2,
  "hủy": -1,
  "hủy bỏ": -1,
  "huy chương": 3,
  "huỷ hoại": -3,
  "hủy hoại": -3,
  "hủy hoại thân thể": -2,
  "hy vọng": 2,
  "ích kỷ": -3,
  "icky": -3,
  "im lặng": -1,
  "impeachments": -3,
  "impedingly": -2,
  "incapacitates": -2,
  "incensing": -2,
  "indoctrinates": -2,
  "indoctrinating": -2,
  "inediable": -2,
  "infantilized": -2,
  "infesting": -2,
  "infract": -2,
  "infracted": -2,
  "infracting": -2,
  "infracts": -2,
  "infuriates": -2,
  "Innovates": 1,
  "intimidates": -2,
  "intransigency": -2,
  "irreproducible": -2,
  "ít": -2,
  "jackasses": -4,
  "jesus": 1,
  "jolly": 2,
  "kẻ giết người": -2,
  "kẻ lừa đảo": -4,
  "Kẻ lừa đảo": -4,
  "kẻ ngốc": -3,
  "kẻ nói dối": -3,
  "kẻ thắng cuộc": 3,
  "kẻ thất bại": -3,
  "kẻ thù": -2,
  "kém": -2,
  "kém hơn": -2,
  "kéo": -1,
  "kết án": -2,
  "kêu": 2,
  "kêu ngạo": -1,
  "kêu van": -2,
  "khả năng": 1,
  "khả năng lãnh đạo": 1,
  "khả nghi": -2,
  "khả ố": -4,
  "khắc khổ": -2,
  "khắc khoải": -3,
  "khắc nghiệt hơn": -2,
  "khắc nghiệt nhất": -2,
  "khai thác": -2,
  "khám phá": 1,
  "khẩn cấp": -1,
  "khao khát": 1,
  "khen": 2,
  "khen ngợi": 2,
  "khen thưởng": 2,
  "khéo léo": 2,
  "khét tiếng": -2,
  "khêu gợi": -2,
  "khiếm khuyết": -3,
  "khiêm tốn": 1,
  "khiển trách": -3,
  "khiếp sợ": -2,
  "khiêu gợi": -2,
  "khiêu khích": -1,
  "khiếu nại": -2,
  "khinh bỉ": -2,
  "khinh miệt": -2,
  "khinh người": -2,
  "khinh thường": -2,
  "kho báu": 2,
  "khó chịu": -3,
  "khờ dại": -2,
  "khó khăn": -1,
  "khó nhọc": -2,
  "khổ sở": -3,
  "khó thương": -2,
  "khoái trá": 4,
  "khoan": -2,
  "khoan dung": 1,
  "khóc": -2,
  "khóc lóc": -2,
  "khỏe": 2,
  "khỏe mạnh": 2,
  "khối": -1,
  "khói bụi": -2,
  "khôi hài": 2,
  "khôi phục": 1,
  "khốn khó": -2,
  "không": -2,
  "Không": -1,
  "không ai bằng": 2,
  "không ai ưa": -2,
  "không an toàn": -2,
  "không bán được": -1,
  "không bằng lòng": -2,
  "không bằng nhau": -1,
  "không biết": -2,
  "không cảm động": -3,
  "không cân đối": -2,
  "không chắc": -1,
  "không chắc chắn": -1,
  "không chấp": -2,
  "không chủ ý": -2,
  "không chửa được": -2,
  "không chuyên nghiệp": -2,
  "không có bảo đảm": -2,
  "không có chuyện gì xảy ra": -2,
  "không có động lực": -2,
  "không có hiệu quả": -2,
  "không có khả năng": -2,
  "không có khí giới": -2,
  "không có linh hồn": -2,
  "không có sẵn": -1,
  "không có trái": -2,
  "không có vết": 2,
  "không có ý nghĩa": -2,
  "không công bằng": -2,
  "không đáng": -2,
  "không đáng thưởng": -2,
  "không đồng ý": -2,
  "không đủ": -2,
  "không đủ năng lực": -2,
  "không đúng": -2,
  "không đúng sự thật": -2,
  "không được chấp thuận": -2,
  "không được đánh giá": -2,
  "không được hỗ trợ": -2,
  "không được khỏe mạnh": -2,
  "không được yêu thương": -2,
  "không êm": -1,
  "không giàu óc tưởng tượng": -2,
  "không hài lòng": -2,
  "không hấp dẫn": -2,
  "không hay tin": -1,
  "không hề khoan nhượng": -2,
  "Không hiểu": -2,
  "không hiệu quả": -2,
  "không hoàn hảo": -2,
  "không hoạt động": -2,
  "không hợp pháp": -3,
  "không hợp thời": -2,
  "không hợp vệ sinh": -2,
  "không hứng thú": -2,
  "không kháng cáo": -2,
  "không khỏe mạnh": -2,
  "không kinh nghiệm": -2,
  "không làm việc": -3,
  "khổng lồ": 1,
  "không lo lắng": 1,
  "không lưu ý": -2,
  "không may": -3,
  "không mấy ấn tượng": -2,
  "không muốn": -2,
  "không nhượng bộ": -2,
  "không nhứt định": -1,
  "không nơi nương tựa": -2,
  "không ổn định": -2,
  "không răng": -2,
  "không rõ": -1,
  "không sợ": 2,
  "không suy nghĩ": -2,
  "không tán thành": -2,
  "không tập trung": -2,
  "không thành công": -2,
  "không thay đổi": -1,
  "không thể": -2,
  "không thể chấp nhận được": -2,
  "không thể chịu nổi": -2,
  "không thể cưỡng lại": 2,
  "không thể đảo ngược": -1,
  "không thể hiểu được": -2,
  "không thể hủy diệt": 2,
  "không thể khắc phục": -2,
  "không thể ngăn cản": 2,
  "không thể tha thứ": -3,
  "không thể thi hành": -3,
  "Không thể tin được": -1,
  "không thích": -2,
  "Không thích": -2,
  "không thích hợp": -2,
  "không thiên vị": 2,
  "không thoải mái": -2,
  "không thông minh": -2,
  "không thuận tiện": -2,
  "không thuộc về khoa học": -2,
  "không tin": -2,
  "không tốt": -2,
  "Không trung thực": -2,
  "không ưa": -3,
  "không vừa lòng": -2,
  "không vui": -3,
  "Không vui": -2,
  "khu định cư": 1,
  "khùng": -2,
  "khũng bố": -3,
  "khủng bố": -3,
  "khung cửa": -1,
  "khung dệt": -1,
  "khủng hoảng": -3,
  "khủng khiếp": -3,
  "khuôn mẫu": -2,
  "khuyến": 2,
  "khuyên giải": 2,
  "khuyến khích": 2,
  "khuyết điểm": -3,
  "khuyết tật": -2,
  "kích động": -1,
  "kích thích": 3,
  "Kích thích": 1,
  "kiểm duyệt": -2,
  "kiện": -2,
  "kiên cố hóa": 2,
  "kiện người nào": -2,
  "kiện tụng": -1,
  "kiệt": 4,
  "kiệt sức": -2,
  "kiệt tác": 4,
  "kiêu ngạo": -2,
  "kills": -3,
  "kim cương": 1,
  "kinh hải": -2,
  "kinh hoàng": -3,
  "kinh khủng": -3,
  "kinh ngạc": 3,
  "Kinh ngạc": 4,
  "kinh sợ": -2,
  "kính thưa": 2,
  "kinh tởm": -3,
  "kính trọng": 2,
  "kính yêu": 3,
  "kỳ dị": -2,
  "kỳ diệu": 3,
  "kỳ lạ": -1,
  "kỷ niệm": 3,
  "kỳ quái": -2,
  "kỳ quan": 3,
  "kỳ thị chủng tộc": -3,
  "lạ": -1,
  "la hét": -2,
  "la lối om sòm": -1,
  "lạ lùng": -2,
  "la mắng": -2,
  "lạc đường": -3,
  "lạc quan": 2,
  "lag": -1,
  "lại quả": -3,
  "lầm": -2,
  "làmup": -1,
  "làm buồn bả": -2,
  "làm cản trở": -2,
  "làm chậm trể": -2,
  "làm chán nản": -3,
  "làm cho vui": 3,
  "làm cực nhọc": -2,
  "làm đau đớn": -3,
  "làm điều sai trái": -2,
  "làm dịu": 3,
  "lạm dụng": -3,
  "làm giả": -3,
  "làm giảm": -1,
  "làm giảm đi": -1,
  "làm giận": -2,
  "làm gián đoạn": -2,
  "làm hại": -2,
  "làm hại danh dự": -2,
  "làm hỏng": -2,
  "làm khổ": -3,
  "làm kịch liệt": -2,
  "làm kinh ngạc": 2,
  "lầm lổi": -1,
  "làm mất thì giờ": 3,
  "làm mất tính người": -2,
  "làm mất tinh thần": -2,
  "làm mê": 3,
  "làm mệt mỏi": -2,
  "làm mờ": -2,
  "làm mồi": 3,
  "làm nặng thêm": -2,
  "làm ngơ": -2,
  "làm nhục": -3,
  "làm nô lệ": -2,
  "làm ô uế": -2,
  "làm phiền": -2,
  "làm rõ": 2,
  "làm rối loạn": -2,
  "làm sai": -3,
  "làm sáng tỏ": 1,
  "làm suy giảm": -2,
  "làm suy yếu": -2,
  "Làm suy yếu": -2,
  "làm thành": -2,
  "làm tình": -4,
  "làm tổn thương": -2,
  "làm trái ý": -2,
  "làm trầm trọng hơn": -2,
  "làm trầm trọng thêm": -2,
  "làm trở ngại": -2,
  "làm tức giận": -2,
  "làm việc từ thiện": 2,
  "làm việc vất vả": -3,
  "làm xong": 2,
  "lận": -3,
  "lăng mạ": -2,
  "lãng mạn": 2,
  "lăng nhục": -2,
  "lãng phí": -2,
  "lạnh": -1,
  "lãnh đạm": -3,
  "lanh lẹ": 3,
  "lạnh nhạt": -2,
  "lấp lánh": 3,
  "lật đổ": -2,
  "lạt lẽo": -3,
  "lạt lẻo": -2,
  "laughting": 1,
  "lawl": 3,
  "lấy làm ân hận": -3,
  "lấy làm tiếc": -1,
  "lây nhiễm": -2,
  "lấy trộm": -2,
  "lễ kỷ niệm": 3,
  "lên án": -3,
  "lệnh cấm": -2,
  "lịch sự": 2,
  "liền mạch": 2,
  "liên quan": -2,
  "liên tục": 2,
  "liều lĩnh": -2,
  "liều mạng": 2,
  "likers": 2,
  "lmao": 4,
  "lmfao": 4,
  "lo": -3,
  "lo âu": -3,
  "lỗ đít": -4,
  "lỗ hổng": -2,
  "lo lắng": -3,
  "lờ mờ": -1,
  "lộ ra": -1,
  "lo sợ": -2,
  "lỗ vốn": -3,
  "loại": 2,
  "loại bỏ": -1,
  "loại của": 0,
  "loại trừ": -1,
  "loạn trí": -3,
  "loathes": -3,
  "lọc": 1,
  "lỗi": -2,
  "Lời chào": 1,
  "lời chào hỏi": 2,
  "lời chúc mừng": 2,
  "lời hứa": 1,
  "lợi ích": 2,
  "lời khen": 2,
  "lời khen ngợi": 3,
  "lợi nhuận": 2,
  "lời nói hư trương": -3,
  "lời nói quá": -2,
  "lời phàn nàn": -2,
  "lợi thế": 2,
  "lỗi thời": -2,
  "lời xin lỗi": -1,
  "lol": 3,
  "lolol": 4,
  "lololol": 4,
  "lolololol": 4,
  "lồn": -5,
  "lớn": 3,
  "lớn hơn": 3,
  "lộn xộn": 2,
  "lòng can đảm": 2,
  "lòng ghen tị": -2,
  "lòng khoan dung": 2,
  "lộng lẫy": 3,
  "lỏng lẻo": -3,
  "lòng thương hại": -2,
  "lòng tin": 1,
  "Lòng tin": 1,
  "lòng tốt": 2,
  "lòng trắc ẩn": 2,
  "lòng trung thành": 3,
  "lòng yêu thương": 3,
  "lool": 3,
  "loool": 3,
  "looool": 3,
  "lovelies": 3,
  "lừa": -2,
  "lựa chọn cẩn thận": 1,
  "lừa đảo": -3,
  "lừa dối": -3,
  "lừa gạt": -2,
  "luẩn quẩn": -2,
  "lưng": 1,
  "lung lay": -2,
  "lúng túng": -2,
  "lười biếng": -1,
  "luộm thuộm": -2,
  "lưu": 2,
  "lưu đày": -2,
  "ma": -1,
  "ma ám": -2,
  "mặc": -1,
  "mặc áo choàng": -2,
  "mặc cả": 2,
  "mải mê": 1,
  "maladaption": -2,
  "maldevelopment": -2,
  "Man rợ": -2,
  "mạnh": 2,
  "mạnh dạn": 2,
  "mãnh liệt": 1,
  "mạnh mẽ hơn": 2,
  "mất": -3,
  "mất đi": -3,
  "mất điện": -2,
  "mất khả năng": -2,
  "mát mẻ": 1,
  "mất ngủ": -2,
  "mất phương hướng": -2,
  "mất tích": -2,
  "mất tính cách nhân đạo": -2,
  "mất tinh thần": -2,
  "mất uy tín": -2,
  "mâu thuẫn": -1,
  "mâu thuẫn hình dung pháp": -1,
  "màu xám": -1,
  "mây": -1,
  "may mắn": 3,
  "may mắn thay": 3,
  "máy nghiền": -1,
  "mê": 3,
  "mê hoặc": 3,
  "mềm": 2,
  "memoriam": -2,
  "mệt mỏi": -2,
  "mỉa mai": -1,
  "miễn": -1,
  "miễn dịch": 1,
  "miễn nhiệm": 1,
  "miễn phí": 1,
  "mỉm cười": 2,
  "minh bạch": 2,
  "minh oan": -3,
  "Minh oan": 2,
  "mirthfully": 3,
  "misbehaved": -2,
  "misbehaves": -2,
  "misbehaving": -2,
  "miscast": -2,
  "mischiefs": -1,
  "misclassifies": -2,
  "misclassify": -2,
  "misconducted": -2,
  "misconducting": -2,
  "misconducts": -2,
  "misleaded": -3,
  "misplaces": -2,
  "mispricing": -3,
  "misreport": -2,
  "misreported": -2,
  "misreports": -2,
  "mờ": -2,
  "mơ hồ": -2,
  "mở rộng": 1,
  "mơ tưởng": 1,
  "mốc": 2,
  "mọc": 1,
  "mocking": -2,
  "mocks": -2,
  "mọi": -5,
  "mời": 1,
  "mối đe dọa": -2,
  "mời gọi": 1,
  "mới mẻ": 2,
  "món nợ": -2,
  "mong": 2,
  "mong muốn": 1,
  "mongering": -2,
  "moping": -1,
  "một cách hòa bình": 2,
  "một lần trong đời": 3,
  "một mình": -2,
  "một số loại": 0,
  "motherfucker": -5,
  "motherfucking": -5,
  "mù": -1,
  "mù chữ": -2,
  "mua chuộc": -3,
  "mục yêu thích": 2,
  "mùi hôi": -2,
  "mùi hôi thúi": -2,
  "mũi nhọn": 2,
  "mũi tẹt": -2,
  "mùi thúi": -2,
  "mừng quýnh": 3,
  "muốn": 1,
  "muỗng": 3,
  "mưu đồ": 1,
  "n00b": -2,
  "nản": -2,
  "nạn đói": -2,
  "nản lòng": -2,
  "nạn nhân": -3,
  "nâng cao": 1,
  "nâng cao tinh thần": 2,
  "năng lực": 2,
  "năng lượng": 2,
  "nấu chưa chín": -2,
  "ném bỏ": -1,
  "nên": 1,
  "ngã lòng": -3,
  "ngạc nhiên": 2,
  "ngăn cấm": -1,
  "ngăn cản": -1,
  "ngăn chặn": -1,
  "ngăn ngừa": -1,
  "ngắt": -2,
  "ngây ngất": 4,
  "ngày tận thế": -2,
  "ngây thơ": -2,
  "nghẹn ngào": -2,
  "nghèo": -2,
  "nghèo nàn": -1,
  "nghèo nhất": -2,
  "nghẹt thở": -2,
  "nghi ngờ": -1,
  "Nghi ngờ": -1,
  "nghi phạm": -1,
  "nghi vấn": -2,
  "nghịch lý": -1,
  "nghiêm khắc": -2,
  "nghiêm ngặt": 3,
  "nghiêm trang": 2,
  "nghiêm trọng": -2,
  "nghiêm túc": 1,
  "nghiền nát": -2,
  "ngớ ngẩn": -1,
  "ngoạn mục": 5,
  "ngọc": 3,
  "ngọc đá quý": 1,
  "ngốc nghếch": -2,
  "ngon": 3,
  "ngọn": 2,
  "ngọn lửa": -2,
  "ngộp thở": -2,
  "ngọt": 2,
  "ngọt ngào": 3,
  "ngọt ngào nhất": 3,
  "ngu": -3,
  "ngu dại": -4,
  "ngu dốt": -3,
  "ngu xuẩn": -2,
  "ngứa": -2,
  "người bạn": 1,
  "người bán dạo": -2,
  "người bán rong": -2,
  "người biểu tình": -2,
  "người chết": -2,
  "người chiến thắng": 4,
  "người có nhiệt tình": -2,
  "người đàn bà khó tánh": -4,
  "người đáng khinh bỉ": -2,
  "người đầu cơ": -2,
  "người đau khổ": -2,
  "người đẹp": 3,
  "nguôi đi": 2,
  "người đi vắng": -1,
  "người điên": -3,
  "người đưa tin": -2,
  "người ghét": -3,
  "người giả mạo": -3,
  "người hâm mộ": 2,
  "người hàm oan": -2,
  "người hay chỉ trích": -2,
  "người lịch sự": 3,
  "người lười biếng": -2,
  "người mới": -2,
  "người nói dối": -3,
  "người ở nhà trước": -2,
  "người phạm tội": -2,
  "người siêng năng": -2,
  "người sống sót": 2,
  "người tầm thường": -3,
  "người thất nghiệp": -1,
  "người trả thù": -2,
  "người từ chối": -2,
  "người tự phụ": -2,
  "người túng thiếu": -2,
  "người ủng hộ": 1,
  "người viết văn khoa trương": -3,
  "người vui tánh": 3,
  "người xấu xí": -2,
  "người yêu": 3,
  "ngưỡng mộ": 3,
  "nguy cơ": -2,
  "nguy hiểm": -2,
  "ngụy thiện": -2,
  "nguyên chất": 1,
  "nguyền rủa": -1,
  "nhà hảo tâm": 2,
  "nhà phê bình": -2,
  "nhà trẻ": 2,
  "nhà tù": -2,
  "nhà vô địch": 2,
  "nhầm": -2,
  "nhàm chán": -3,
  "nhầm lẫn": -2,
  "nhảm nhí": -4,
  "nhân đạo": 2,
  "nhân hậu": 1,
  "nhấn mạnh": -1,
  "nhăn nhó": -2,
  "nhận nuôi": 1,
  "nhân phẩm": 2,
  "nhẫn tâm": -2,
  "nhân từ": 3,
  "nhang": -2,
  "nhanh": 2,
  "nhanh chóng": 2,
  "nhanh nhẹn": -4,
  "nhạo": -2,
  "nhập lậu": -2,
  "nhập viện": -2,
  "nhát": -1,
  "nhất định": 1,
  "nhát gan": -2,
  "nhẹ nhàng": 3,
  "nhẹ nhõm": 2,
  "nhiễm": -2,
  "nhiễm bẩn": -2,
  "nhiễm trùng": -2,
  "nhiệt tâm": 3,
  "nhiều mưa": -1,
  "nhỡ": -2,
  "nhớ nhà": -2,
  "như": 2,
  "nhu cầu": -1,
  "như nhau": 2,
  "nhức": -2,
  "nhục nhả": -3,
  "nhức nhối": -1,
  "những cú sốc": -2,
  "những điểm yếu": -2,
  "những giấc mơ": 1,
  "những nụ cười": 2,
  "Nhược điểm": -2,
  "nhút nhát": -2,
  "niềm đam mê": 1,
  "niggas": -5,
  "nở": 1,
  "nô lệ": -3,
  "nổi bật": 5,
  "nỗi buồn": -2,
  "nổi danh": 2,
  "nói dối": -2,
  "nói đùa": -2,
  "nổi loạn": -2,
  "nỗi sợ": -2,
  "nổi tiếng": 3,
  "nôn": -3,
  "nóng nảy": -2,
  "nụ cười": 2,
  "nực cười": -3,
  "nước đái": -4,
  "nước mắt": -2,
  "nuôi dưỡng": 2,
  "ô nhiễm": -2,
  "oan": -2,
  "OKS": 2,
  "ôm": 2,
  "ôm hôn": 1,
  "ồn ào": -1,
  "ổn định": 2,
  "ơn trời": 4,
  "ống bơm nước": -3,
  "oops": -2,
  "optionless": -2,
  "ostracizes": -2,
  "ouch": -2,
  "oversell": -2,
  "overselling": -2,
  "oversells": -2,
  "oversimplifies": -2,
  "oversold": -2,
  "overstatements": -2,
  "perfect": 2,
  "phá được": 1,
  "phá hoại": -3,
  "phá hủy": -3,
  "phá rối trật tự": -2,
  "phá sản": -3,
  "phá vỡ": -2,
  "phạm": -2,
  "phẩm chất": 2,
  "phạm tội": -3,
  "phạm tội mưu phản": -3,
  "phân biệt": 2,
  "phân biệt chủng tộc": -3,
  "phân biệt đối xử": -2,
  "phân biệt giới tính": -2,
  "phản bội": -3,
  "phản cảm": -2,
  "phản đối": -2,
  "phân hủy": -2,
  "phấn khích": 4,
  "phân loại sai": -2,
  "phần mộ": -2,
  "phàn nàn": -2,
  "phẫn nộ": -2,
  "phẩn nộ": -2,
  "phán quyết": -1,
  "phân tâm": -2,
  "phần thưởng": 2,
  "phản ứng quá mức": -2,
  "phản ứng thái quá": -2,
  "phân vân lưỡng lự": -2,
  "phản xạ": -3,
  "phao cứu sinh": 4,
  "pháp quan": -2,
  "phạt": -2,
  "phát ban": -2,
  "phát động": 1,
  "phát triển": 1,
  "phát triển bền vững": 1,
  "phát triển tốt": 2,
  "phát xít": -2,
  "phê chuẩn": 2,
  "phê duyệt": 2,
  "phép màu": 4,
  "phí": -2,
  "phi đạo đức": -2,
  "phi lý": -1,
  "phì nhiêu": 2,
  "phiền": -2,
  "phiến loạn": -2,
  "phiền muộn": -2,
  "phiến quân": -2,
  "phiêu lưu": 2,
  "phim hài": 1,
  "phỉnh gạt": -2,
  "phổ biến": 2,
  "phơi bày": -1,
  "phóng đại": -2,
  "phong phú": 4,
  "phù hợp": 2,
  "Phù hợp": 1,
  "phủ nhận": -2,
  "phục hồi": 1,
  "phức tạp": -2,
  "phun ra": 1,
  "phung phí": -2,
  "phước lành": 3,
  "pileup": -1,
  "pissing": -3,
  "prblm": -2,
  "prblms": -2,
  "quá bảo vệ": -2,
  "qua đời": -3,
  "quá đơn giản": -2,
  "quả hạch": -3,
  "qua mặt": -2,
  "quả quyết": 2,
  "quá tải": -1,
  "quà tặng": 2,
  "quá tuyệt vời": 4,
  "quái": -2,
  "quán quân": 2,
  "quan tâm": 1,
  "quan trọng": 2,
  "Quảng bá": 1,
  "quang vinh": 2,
  "quạt": 3,
  "quạu quọ": -2,
  "quấy rầy": -1,
  "quấy rối": -3,
  "què": -2,
  "quên": -1,
  "quên mất": -1,
  "quở trách": -3,
  "quý": 2,
  "quỹ tín thác": 1,
  "Quyên góp": 2,
  "quyền lực": 2,
  "quyến rũ": -1,
  "qUYẾT": 2,
  "quyết định": 1,
  "rác": -1,
  "rác rến": -2,
  "rắc rối": -2,
  "rách": -2,
  "rageful": -2,
  "rắn lại": 2,
  "ranters": -3,
  "rants": -3,
  "rào chắn": -2,
  "rập khuôn": -2,
  "raptures": 2,
  "rên rỉ": -2,
  "rình rập": -1,
  "rìu": -1,
  "rò rỉ": -1,
  "robing": -2,
  "rofl": 4,
  "roflcopter": 4,
  "roflmao": 4,
  "rơi": -2,
  "rời khỏi": -1,
  "rối loạn": -2,
  "rối loạn chức năng": -2,
  "rời rạc": -2,
  "rối trí": -2,
  "rối tung lên": -2,
  "rơi vãi": -1,
  "rơi xuống": -1,
  "romantical": 2,
  "rỗng": -1,
  "rộng lớn": 1,
  "rotflmfao": 4,
  "rotflol": 4,
  "rửa xanh": -3,
  "rực rỡ": 4,
  "rủi ro": -2,
  "run": -2,
  "run sợ": -2,
  "rung động": 3,
  "rút nước": -2,
  "sa thải": -1,
  "sắc đẹp, vẻ đẹp": 3,
  "sắc sảo": 1,
  "sạch hơn": 2,
  "sai": -1,
  "sai lầm": -2,
  "sai phạm": -2,
  "sai rồi": -2,
  "sai sót": -2,
  "sẵn sàng": 2,
  "sáng": 1,
  "sáng chói": 3,
  "sáng tạo": 2,
  "sang trọng": 2,
  "sảnh đợi": -2,
  "sao lãng": -2,
  "sập": -2,
  "sau chấn thương": -2,
  "savange": -2,
  "savanges": -2,
  "say": -2,
  "say mê": 2,
  "scumbag": -4,
  "sexistic": -2,
  "sexy": 3,
  "shitty": -3,
  "shoody": -2,
  "siêu": 3,
  "singleminded": -2,
  "sinh động": 2,
  "slickest": 2,
  "snubbing": -2,
  "sợ": -2,
  "sợ hãi": -3,
  "số lẻ": -2,
  "sơ tán": -1,
  "sốc": -2,
  "soi sáng": 2,
  "sống": 2,
  "sống lại": 3,
  "sống sót": 2,
  "sốt sắng": 2,
  "spammer": -3,
  "squelched": -1,
  "stank": -2,
  "stifled": -1,
  "stinked": -2,
  "sự ấm áp": 2,
  "sự ám sát": -3,
  "sự an toàn": 1,
  "sự ăn trộm": -2,
  "sự an ủi": 2,
  "sự áp bức": -2,
  "sự báo cáo sai": -2,
  "sự bao vây": -2,
  "sự bắt chước đùa": -2,
  "sự bất công": -2,
  "sự bất kính": -2,
  "sự bất mãn": -2,
  "sự buộc tội": -3,
  "sự buồn bực": -2,
  "sự cải thiện": 2,
  "sự chậm trễ": -1,
  "sự chấp thuận": 2,
  "sự chết": -2,
  "sự chỉ trích": -2,
  "Sự công bằng": 2,
  "sự cống hiến": 2,
  "sự công nhận": 2,
  "sự cứu rỗi": 2,
  "sự đánh giá": 2,
  "sự đánh lừa": -2,
  "sự đau khổ": -2,
  "sự điên": -3,
  "sự đổ nát": -2,
  "sự đổi mới": 1,
  "sự đơn giản": 1,
  "sự ép buộc": -2,
  "sự ghê tởm": -2,
  "sự giáo huấn": 2,
  "sự giàu có": 3,
  "sự hăm dọa": -2,
  "sự hạn chế": -2,
  "sự hành hạ": -2,
  "sự hạnh phúc": 3,
  "sự hiểu lầm": -2,
  "sự hoài nghi": -2,
  "sự hoàn hảo": 3,
  "sự hối hận": -2,
  "sự khinh thường": -2,
  "sự khổ tâm": -2,
  "sự khoác lác": -2,
  "sự khóc": -2,
  "sự khôn ngoan": 1,
  "sự không ưa": -3,
  "sự không vui": -2,
  "sự khuyến khích": 2,
  "sự kính trọng": 2,
  "sự làm phản": -3,
  "sự làm phiền": -2,
  "sự lên án": -2,
  "sự lịch sự": 2,
  "sự lo ngại": -2,
  "sự lừa đảo": -3,
  "sự lừa gạt": -2,
  "sự lúng túng": -2,
  "sự mất": -3,
  "sự nghi ngờ": -2,
  "sự nổi loạn": -2,
  "sự ô nhiễm": -2,
  "sự phá hoại": -2,
  "sự phá hủy": -3,
  "sự phá sản": -3,
  "sự phản bội": -3,
  "sự phấn khích": 3,
  "sự phấn khởi": 3,
  "sự phẫn nộ": -2,
  "Sự phẫn nộ": -3,
  "sự phát triển": 2,
  "sự phồn thịnh": 3,
  "sự quấy rầy": -3,
  "sự run rẩy": -2,
  "sự rút lui": -3,
  "sự sỉ nhục": -3,
  "sự sỉ nhục": -2,
  "sự sụp đổ": -2,
  "sự tàn phá": -2,
  "sự thành công": 2,
  "sự thất bại": -2,
  "sự thiếu": -2,
  "sự thô tục": -2,
  "sự thủ dâm": -2,
  "sự thù ghét": -3,
  "sự thù oán": -2,
  "sự thương yêu": 2,
  "sự thụt kết": -3,
  "sự tiêu nhập": -2,
  "sự tìm tòi": -2,
  "sự tôn trọng": 2,
  "sự trống rỗng": -1,
  "sự từ chối": -2,
  "sự tự do": 2,
  "sự tự tin": 2,
  "sự tuyên thệ": -2,
  "sự vi phạm": -2,
  "sự vị tha": 2,
  "sự vừa lòng": 2,
  "sự vui mừng": 4,
  "sự vui vẻ": 2,
  "sự xấu đi": -3,
  "sự xung đột": -2,
  "sức chịu đựng": 2,
  "sức ép": -1,
  "sức hút": 2,
  "sức mạnh": 2,
  "sức sống": 3,
  "sueing": -2,
  "súng": -1,
  "sửng sốt": -2,
  "sung sướng": 2,
  "sụp đổ": -2,
  "sụt giá": -2,
  "sụt giảm": -1,
  "sứt mẻ": -2,
  "suy": -2,
  "suy sụp": -2,
  "suy thoái": -2,
  "suy thoái kinh tế": -2,
  "suy yếu": -2,
  "swindles": -3,
  "tà ác": -3,
  "tác dụng phụ": -2,
  "tác hại": -2,
  "tắc nghẽn": -2,
  "tách ra": -1,
  "tai biến": -3,
  "tài giỏi": 2,
  "tai nạn": -2,
  "Tai nạn": -2,
  "tài sản": 2,
  "tài trợ": 1,
  "tạm giam": -2,
  "tầm nhìn": 1,
  "tầm quan trọng": 2,
  "tầm thường": -2,
  "tàn ác": -3,
  "tàn bạo": -3,
  "tấn công": -1,
  "tản cư": -1,
  "tán đinh": 3,
  "tán dương": 3,
  "tàn khốc": -3,
  "tàn nhẫn": -3,
  "tàn nhẩn": -2,
  "tàn phá": -2,
  "tán thành": 2,
  "tán thưởng": 2,
  "tàn tích": -2,
  "tan vỡ": -2,
  "tang": -2,
  "tăng": 2,
  "tặng": 2,
  "Tặng": 2,
  "tăng các": 1,
  "tăng cường": 2,
  "tăng giá": 2,
  "tang lễ": -1,
  "tăng lên": 1,
  "tăng nặng": -2,
  "tang quyến": -2,
  "tăng trưởng": 2,
  "tăng vọt": -1,
  "tánh gan dạ": 1,
  "tánh hoan hỉ": 3,
  "tánh không ích kỷ": 2,
  "tánh ngu si": -3,
  "tánh tức giận": -3,
  "táo bón": -2,
  "tào lao": -3,
  "tao nhã": 2,
  "tập trung": 2,
  "tard": -2,
  "tất cả xôn xao": 2,
  "tàu chìm": -2,
  "tẩy chay": -2,
  "tẩy não": -3,
  "tê": -1,
  "tệ": -3,
  "tệ hơn": -3,
  "tẻ nhạt": -2,
  "tệ nhất": -3,
  "terrifically": 4,
  "terrorizes": -3,
  "tha": 2,
  "tha bổng": 2,
  "tha thứ": 2,
  "thái quá": -2,
  "tham": -2,
  "thấm": -2,
  "thăm dò": 1,
  "tham gia": 1,
  "thảm họa": -2,
  "thảm khốc": -3,
  "thảm kịch": -2,
  "tham lam": -3,
  "tham nhũng": -3,
  "thẩm quyền": 1,
  "thẩm vấn": -2,
  "thần": 1,
  "thần kinh loạn": -3,
  "thần linh": 1,
  "than ôi": -1,
  "than phiền": -2,
  "thán phục": 3,
  "thân thiện": 2,
  "thân thiện môi trường": 2,
  "than van": -2,
  "thắng": 4,
  "thẳng": 1,
  "thăng chức": 1,
  "thắng lợi": 4,
  "thành công": 3,
  "thanh danh": 3,
  "thành kiến": -1,
  "thanh lịch": 2,
  "thành tâm": 2,
  "thanh tao": 3,
  "thanh toán tiền mặt trong": -2,
  "thành tựu": 2,
  "tháo lui": -2,
  "thao tác": -1,
  "thao túng": -1,
  "thấp nhất": -1,
  "thật": 2,
  "thất bại": -2,
  "Thất bại": -2,
  "thất bại hoàn toàn": -3,
  "thật đáng buồn": -2,
  "thất lạc": -2,
  "thất nghiệp": -2,
  "thật thà": 2,
  "thất vọng": -2,
  "thay đổi trò chơi": 3,
  "thề": -2,
  "thể dục": 1,
  "thê lương": -2,
  "thế mạnh": 2,
  "thêm gia vị": 2,
  "thèm muốn": 2,
  "theo ý thích": 2,
  "thích": 2,
  "thích đáng": 2,
  "thích hợp": 2,
  "thích thú": 3,
  "thiển cận": -2,
  "thiện chí": 3,
  "thiền định": 1,
  "thiên đường": 3,
  "thiên vị": -2,
  "thiệt hại": -3,
  "thiếu": -2,
  "thiếu hụt": -2,
  "thiếu sót": -2,
  "thiếu trách nhiệm": -2,
  "thiếu tự tin": -2,
  "Thịnh vượng": 3,
  "thô": -2,
  "thở dài": -2,
  "thô lỗ": -2,
  "thờ ơ": -2,
  "thoải mái": 2,
  "Thoải mái": 2,
  "thoát": -1,
  "thoát khỏi": -1,
  "thổi phồng": -2,
  "thơm ngon": 3,
  "thông cảm": 2,
  "thông đồng": -3,
  "thông minh": 2,
  "thông minh hơn": 2,
  "thông minh nhất": 2,
  "thống nhât": 1,
  "thông qua": 1,
  "thông suốt": 1,
  "thông tin sai lạc": -2,
  "thụ động": -1,
  "thu được": 2,
  "thù ghét": -3,
  "thư giãn": 2,
  "thu hút": 1,
  "thủ phạm": -2,
  "thư rác": -2,
  "thử thách": -1,
  "thú vị": 3,
  "thú vui": 3,
  "thứ xấu": -3,
  "thua": -3,
  "thừa cân": -1,
  "thừa nhận": 2,
  "thuận lợi": 2,
  "thuận tiện": 2,
  "thúc đẩy": 1,
  "thực hiện đầy đủ": 2,
  "thuê": 1,
  "thuộc về bạo động": -2,
  "thuộc về bịnh thần kinh": -2,
  "thuộc về người điên": -3,
  "thuộc về trẻ con": -2,
  "thương": 2,
  "thưởng": 2,
  "thương hại": -1,
  "thương mến": 3,
  "thưởng thức": 2,
  "thương tiếc": -2,
  "thương xót": 2,
  "thuyết phục": 1,
  "tia lửa": 1,
  "tích cực": 2,
  "tiến bộ, tiến trình": 2,
  "tiền đạo": -2,
  "tiện lợi": 2,
  "tiện nghi": 2,
  "tiền phạt": -2,
  "tiếng hoan hô": 5,
  "tiếng kêu": -2,
  "tiếng la hét": -2,
  "tiếng ồn ào": -3,
  "tiếng rên rỉ": -2,
  "tiếp cận cộng đồng": 2,
  "tiếp xúc": -1,
  "tiết kiệm": 2,
  "tiêu cực": -2,
  "tiêu khiển": -2,
  "tin chắc": 1,
  "tín nhiệm": 2,
  "tính": -3,
  "tình cảm": 3,
  "tinh chế": 1,
  "tinh khiết nhất": 1,
  "tinh nghịch": -1,
  "tinh ranh": -4,
  "tĩnh tâm": -1,
  "tinh tế": 3,
  "tinh thần đoàn kết": 2,
  "tình thân mật": 2,
  "tình trạng khó xử": -1,
  "tình trạng thiếu": -2,
  "tinh vi": 2,
  "tình yêu chết tiệt": 4,
  "tits": -2,
  "tố cáo": -2,
  "tô điểm": 3,
  "tò mò": 2,
  "toàn diện": 2,
  "tọc mạch": -2,
  "tội": -2,
  "tội ác": -3,
  "tối cao": 4,
  "tội giết người": -2,
  "tội lỗi": -3,
  "tội ngộ sát": -3,
  "tội phạm": -3,
  "tối tăm": -2,
  "tối tăm nhất": -2,
  "tồi tệ": -2,
  "tốn kém": -2,
  "tôn kính": 2,
  "tôn thờ": 3,
  "tôn trọng": 2,
  "tôn vinh": 2,
  "Tổng": -2,
  "tống giam": -2,
  "tống tiền": -3,
  "tốt": 3,
  "tốt đẹp": 3,
  "tốt hơn": 2,
  "tốt nhất": 3,
  "trả": -1,
  "trá hình": -1,
  "tra hỏi": -1,
  "tra tấn": -4,
  "trả thù": -2,
  "trách nhiệm": 1,
  "trái lệ của nghị viện": -2,
  "trái ngược": -2,
  "trái tim ấm áp": 2,
  "trái với lời thề": -3,
  "trầm": -2,
  "trầm ngâm": -1,
  "trầm trọng hơn": -2,
  "trầm trọng thêm": -2,
  "trấn an": 1,
  "trận đánh": -1,
  "trân quý": 2,
  "tràn trề hy vọng": 2,
  "trân trọng": 2,
  "Trân trọng": 2,
  "tráng lệ": 3,
  "Trang nghiêm": -1,
  "trạng thái hôn mê": -2,
  "tranh": -1,
  "tránh": -1,
  "tranh cãi": -2,
  "tranh chấp": -2,
  "tránh khỏi thất bại": -2,
  "tranh luận": -1,
  "tranh tụng": -2,
  "Trao giải thưởng": 3,
  "Trao quyền": 2,
  "trao quyền cho": 2,
  "trật đường rầy": -2,
  "trát tòa": -2,
  "trẻ trung": 2,
  "trên trời": 4,
  "tri ân": 3,
  "trì hoãn": -2,
  "trí mạng": -3,
  "trí thông minh": 2,
  "triển vọng": 1,
  "trình bày không đúng": -2,
  "trình bày sai": -2,
  "trìu mến": 3,
  "trò hề": -1,
  "trở nên tồi tệ": -3,
  "trở ngại": -2,
  "trơ tráo": 3,
  "trớ trêu": -1,
  "trời": 2,
  "trôi đi": -1,
  "trơn": 2,
  "trống": -1,
  "trong sáng": 1,
  "trọng tội": -3,
  "trong trẻo": 2,
  "trọng yếu": 1,
  "trục xuất": -2,
  "trừng phạt": -3,
  "trung thành": 3,
  "Trung thành": 3,
  "trường hợp chiếm hửu": -2,
  "trường hợp khẩn cấp": -2,
  "trưởng thành": 2,
  "trượt": -1,
  "truy cập": 1,
  "truy đuổi": -2,
  "truy tố": -2,
  "truyền cảm hứng": 2,
  "truyền nhiễm": -2,
  "truyền thụ": -2,
  "từ bỏ": -2,
  "từ chối": -1,
  "Từ chối": -2,
  "từ chức": -1,
  "tự đề cao": -1,
  "tự do": 2,
  "tự hào": 2,
  "tự kiêu": -2,
  "tự lừa dối": -2,
  "tự mãn": -2,
  "tự mâu thuẫn": -2,
  "tù nhân": -2,
  "Tù nhân": -2,
  "tự nhiên": 1,
  "tử thi": -1,
  "tự tin": 2,
  "tự tử": -2,
  "tự vận": -2,
  "tử vong": -3,
  "tức điên": -2,
  "tức giận": -2,
  "tục tỉu": -2,
  "tước đoạt": -2,
  "tươi": 1,
  "tương lai": 1,
  "tụt": -2,
  "tụt hậu": -2,
  "tụt lại": -2,
  "tuyên án": -2,
  "tuyên truyền": -2,
  "tuyệt": 3,
  "tuyệt diệu": 4,
  "tuyệt vời": 5,
  "tuyệt vọng": -2,
  "twat": -5,
  "Tyran": -3,
  "tyrannically": -3,
  "tyrans": -3,
  "ủ rũ": -2,
  "u sầu": -2,
  "ưa chuộng": 2,
  "ưa nhìn": 3,
  "ugh": -2,
  "uncredited": -1,
  "unfitted": -2,
  "ủng hộ": 2,
  "ung thư": -1,
  "ungenerous": -2,
  "uninvolving": -2,
  "unreleting": -2,
  "unresearched": -2,
  "untarnished": 2,
  "ưu tú": 3,
  "uy tín": 2,
  "va chạm": -2,
  "vấn đề": -2,
  "vận động": -2,
  "vận động hành lang": -2,
  "vận may": 2,
  "vàng": 2,
  "vâng": 1,
  "Vâng": 1,
  "vắng mặt": -1,
  "về báo động": -2,
  "vẻ buồn rầu": -2,
  "vẻ duyên dáng": 1,
  "vẻ vang": 2,
  "vết": -2,
  "vết sẹo": -2,
  "vết thương": -3,
  "vĩ đại nhất": 3,
  "vi phạm": -2,
  "vi vi phạm": -2,
  "victimizes": -3,
  "victimizing": -3,
  "việc không hiệu quả": -2,
  "việc từ thiện": 2,
  "viêm": -2,
  "vindicates": 2,
  "vitamin": 1,
  "vô": 2,
  "vô cảm": -2,
  "vô chủ": -2,
  "vô đối": 1,
  "vô dụng": -2,
  "Vô gia cư": -2,
  "vô giá trị": -2,
  "vô hiệu": -2,
  "vô hiệu hóa": -1,
  "vô ích": -2,
  "vô lý": -2,
  "vỡ mộng": -2,
  "vô nhân đạo": -2,
  "vô ơn": -3,
  "vỗ tay": 2,
  "vô tình": -2,
  "vô tổ chức": -2,
  "vô tư": -2,
  "vô tư lự": -2,
  "vô vị": -2,
  "vụ ám sát": -3,
  "vụ bê bối": -3,
  "vụ kiện": -2,
  "vừa lòng": 3,
  "vui chơi giải trí": 3,
  "vui lên": 2,
  "vui lòng": 3,
  "vui mừng": 4,
  "vui sướng": 3,
  "vui tính": 2,
  "vui tươi": 2,
  "vui vẻ": 3,
  "vụng trộm, lén lút": -1,
  "vụng về": -2,
  "Vượt": -2,
  "vứt bỏ": -1,
  "walkouts": -2,
  "wanker": -3,
  "winwin": 3,
  "won": 3,
  "woo": 3,
  "woohoo": 3,
  "wooo": 4,
  "woow": 4,
  "wow": 4,
  "wowow": 4,
  "wowww": 4,
  "wtf": -4,
  "wtff": -4,
  "wtfff": -4,
  "xa lánh": -2,
  "xá tội": 2,
  "xác định": 2,
  "xác nhận": 1,
  "xâm lược": -2,
  "xâm phạm": -2,
  "xanh luôn": 2,
  "xanh mét": -2,
  "xảo quyệt": 2,
  "xáo trộn": -2,
  "xấu": -3,
  "xấu đi": -3,
  "xấu hổ": -2,
  "xấu xí": -3,
  "xem thường": -2,
  "Xin chúc mừng": 2,
  "xin giấy phép": 2,
  "xin lỗi": -1,
  "xin thề": -2,
  "xin vui lòng": 1,
  "xo": 3,
  "xóa": 1,
  "xoa dịu": 2,
  "xóa sạch": -2,
  "xoxo": 3,
  "xoxoxo": 4,
  "xoxoxoxo": 4,
  "xử phạt": -2,
  "xuất sắc": 3,
  "Xuất sắc": 3,
  "xúc phạm": -3,
  "xui xẻo": -2,
  "xứng đáng": 2,
  "xung đột": -2,
  "xuyên tạc": -2,
  "ý nghĩa": 1,
  "yeees": 2,
  "yên lặng": 2,
  "yên tâm": 2,
  "yên tịnh": 2,
  "yêu": 3,
  "Yêu": 3,
  "Yếu": -2,
  "yêu cầu": -1,
  "yếu đuối": -2,
  "yêu mến": 2,
  "yêu thích": 2,
  "yucky": -2,
  "Zealot": -2
}