{
  "absentees": -1,
  "absentér": -1,
  "absolvoval": 2,
  "absolvovaní": 2,
  "affectionateness": 3,
  "agonises": -3,
  "agresie": -2,
  "agresivita": -2,
  "akceptuje": 1,
  "akcie": 1,
  "Ako": 2,
  "aktíva": 2,
  "aktívny": 1,
  "aktívum": 2,
  "aleluja": 3,
  "alergický": -2,
  "altruistický": 2,
  "ambivalentný": -1,
  "angažovaný": 1,
  "Angers": -3,
  "Áno": 1,
  "antagonistický": -2,
  "apatia": -3,
  "apatický": -3,
  "apeshit": -3,
  "aplaudovali": 2,
  "apokalyptický": -2,
  "appeasement": 2,
  "arogantný": -2,
  "assfucking": -4,
  "atentáty": -3,
  "atrakcie": 3,
  "atraktívne": 2,
  "au": -2,
  "aura": 1,
  "autorita": 1,
  "Avenged": -2,
  "Avengers": -2,
  "averzia": -3,
  "axed": -1,
  "bagatelizoval": -2,
  "bailout": -2,
  "báječne": 4,
  "báječný": 4,
  "bamboozles": -2,
  "bankrot": -3,
  "bankster": -3,
  "barbar": -2,
  "barbarský": -2,
  "bariéra": -2,
  "bastard": -5,
  "bastardi": -5,
  "báť": -2,
  "baviť": 3,
  "bdelý": 3,
  "beda": -1,
  "bereaves": -2,
  "bereaving": -2,
  "bez námahy": 2,
  "bez peňazí": -2,
  "bezbranný": -2,
  "bezcenný": -2,
  "bezchybne": 3,
  "bezchybný": 2,
  "bezcitný": -2,
  "bezdomovec": -2,
  "bezduchý": -2,
  "bezmocný": -2,
  "beznádejnosť": -2,
  "beznádejný": -2,
  "bezohľadný": -2,
  "bezpečne": 1,
  "bezpečnejšie": 2,
  "bezpečnosť": 1,
  "bezproblémovo": 2,
  "bezradný": -2,
  "bezstarostná": 1,
  "bezstarostný": 1,
  "bezšvový": 2,
  "bezútešný": -2,
  "bezvýznamný": -2,
  "bezzubý": -2,
  "bičovať": -2,
  "bieda": -2,
  "biedne": -3,
  "biedny": -3,
  "bitie": -1,
  "bitka": -1,
  "bitky": -1,
  "bitterest": -2,
  "bizarné": -2,
  "bla": -2,
  "blaho": 3,
  "blahoželanie": 2,
  "blahoželať": 2,
  "blažený": 3,
  "blázni": -2,
  "bláznivejšie": -2,
  "bláznivý": -2,
  "bláznivý nápad": -2,
  "blázon": -3,
  "blbec": -4,
  "blbo": -2,
  "blbosť": -3,
  "blok": -1,
  "blokáda": -2,
  "blokovanie": -1,
  "bloky": -1,
  "bodnutie": -2,
  "bodol": -2,
  "boh": 1,
  "bohato": 2,
  "bohatší": 2,
  "bohatstvo": 3,
  "bohatý": 2,
  "boj": -1,
  "boja": -2,
  "bojazlivý": -2,
  "bojkot": -2,
  "bojkotoval": -2,
  "bojkotovanie": -2,
  "bojkoty": -2,
  "bojoval": -1,
  "bojovanie": -2,
  "bojuje": -2,
  "boľavý": -1,
  "bolenie": -2,
  "bolesť": -2,
  "bolesť hlavy": -2,
  "bolestivý": -2,
  "bolestný": -2,
  "bolí": -2,
  "bolieť": -2,
  "bomba": -1,
  "bozk": 2,
  "bráni": -2,
  "brániť": -2,
  "bravúrny": 3,
  "bremeno": -2,
  "brilancie": 3,
  "brilantné": 4,
  "brilliances": 3,
  "Britka": 2,
  "brutálne": -3,
  "brutálny": -3,
  "brzdiť": -2,
  "bujarý": 4,
  "buričské": -2,
  "bystrý": 1,
  "byť skľúčený": -1,
  "čaká": -1,
  "čakať": -1,
  "čaro": 3,
  "cenený": 2,
  "cenovo dostupné": 2,
  "cenzor": -2,
  "cenzori": -2,
  "cenzúrované": -2,
  "čerstvý": 1,
  "česť": 2,
  "chamtivý": -2,
  "chaos": -2,
  "chaotický": -2,
  "chápavý": -2,
  "charakteristický": 1,
  "charitatívne": 2,
  "charizma": 2,
  "charmless": -3,
  "chatrný": -2,
  "chcieť": 1,
  "cheaty": -3,
  "chladenie": -1,
  "chladný": 1,
  "chlubivý": -2,
  "choroba": -1,
  "choroby": -1,
  "chorý": -2,
  "chránený": 1,
  "chráni": 1,
  "chrániť": 1,
  "chrbty": 1,
  "chrípka": -2,
  "Chromý": -2,
  "chudoba": -1,
  "chudobnejší": -2,
  "chudobný": -2,
  "chuligán": -2,
  "chuligánstva": -2,
  "chvála": 3,
  "chváli": 3,
  "chválili": 3,
  "chváliť": 3,
  "chvastá": -3,
  "chvenie": -2,
  "chyba": -1,
  "chýbajúce": -2,
  "chýbať": -2,
  "chybne": -2,
  "chybne čítať": -1,
  "chybné ocenenie": -3,
  "chybný": -3,
  "chyby": -2,
  "cieľavedomý": 2,
  "Čierny predaj": -2,
  "číha": -1,
  "číhajú": -1,
  "číhať": -1,
  "cikať": -4,
  "čistič": 2,
  "čistý": 2,
  "citlivý": 2,
  "cnostný": 2,
  "cocksuckers": -5,
  "conciliates": 2,
  "consolable": 2,
  "cool veci": 3,
  "coura": -5,
  "criminated": -3,
  "criminates": -3,
  "ctený": 2,
  "ctihodný": 2,
  "ctižiadostivý": 2,
  "čudák": -2,
  "čudne": -1,
  "čulý": 2,
  "čurák": -4,
  "cúval": 1,
  "cynický": -2,
  "cynik": -2,
  "cynizmus": -2,
  "dar": 2,
  "dar z nebies": 4,
  "darček": 2,
  "darí": 3,
  "daroval": 2,
  "darovanie": 2,
  "darovať": 2,
  "daruje": 2,
  "daždivý": -1,
  "defekty": -3,
  "deficit": -2,
  "deformita": -2,
  "deformity": -2,
  "deformovania": -2,
  "deformovať": -2,
  "degradovaný": -2,
  "degradovať": -2,
  "degraduje": -2,
  "dehumanizovat": -2,
  "dehumanizujúci": -2,
  "dejecting": -2,
  "dejects": -2,
  "demonštrácie": -1,
  "demoralizovanej": -2,
  "demoralizovat": -2,
  "demoralizuje": -2,
  "demoralizujúce": -2,
  "denier": -2,
  "deniers": -2,
  "deportácie": -2,
  "deportovaný": -2,
  "deportovať": -2,
  "deportuje": -2,
  "depresívne": -2,
  "deprimovaný": -2,
  "deprivácie": -3,
  "děs": -2,
  "desí": -2,
  "desivý": -2,
  "děsný": -2,
  "despotický": -2,
  "deštruktívne": -3,
  "detinský": -2,
  "devastácie": -2,
  "devastations": -2,
  "dezinformácie": -2,
  "dezorganizovaný": -2,
  "dezorientovaný": -2,
  "diamant": 1,
  "dilema": -1,
  "dilligence": 2,
  "dipshit": -3,
  "disconsolation": -2,
  "diskriminačné": -2,
  "diskriminovaných": -2,
  "diskriminovať": -2,
  "diskriminuje": -2,
  "diskutabilné": -2,
  "diskvalifikovaný": -2,
  "diskvalifikuje": -2,
  "disliked": -2,
  "disparaged": -2,
  "disrespected": -2,
  "dithering": -2,
  "divy": 3,
  "dlh": -2,
  "dobehnúť": -2,
  "dobre presadzoval": 3,
  "dobré ráno": 1,
  "dobre urastený": 2,
  "dobre vyvinutá": 2,
  "dobre vyzerajúci": 3,
  "dobre zameraná": 2,
  "dobre zavedené": 2,
  "dobrodincami": 2,
  "dobrodinec": 2,
  "dobrodružný": 2,
  "dobrodružstvo": 2,
  "dobrota": 3,
  "dobrý": 3,
  "dočerta": -4,
  "dohoda": 1,
  "dohodnuté": 1,
  "dojem": 3,
  "dojíma": 3,
  "dôkladnosť": 2,
  "dokonalosť": 3,
  "dokonalý": 2,
  "dokončiť": 2,
  "dôležitosť": 2,
  "dôležitý": 2,
  "donucovania": -2,
  "dopustí": 1,
  "dopyt": -1,
  "dopytovania": -1,
  "dosah": 2,
  "dosahuje": 2,
  "dosahujúci": 1,
  "dosiahne": 1,
  "dosiahnuteľný": 1,
  "dosiahnutie": 2,
  "dosiahol": 1,
  "dôsledky": -2,
  "dôsledne": 3,
  "dôstojnosť": 2,
  "douchebag": -3,
  "dôvera": 2,
  "dôverčivosť": -2,
  "dôveruje": 1,
  "dôveryhodný": 2,
  "dračica": -4,
  "drahá": 2,
  "dravý": -2,
  "dráždi": -3,
  "dráždiť": -3,
  "drina": -2,
  "drsne": -2,
  "drsnejšie": -2,
  "druh": 2,
  "drvený": -2,
  "drví": -1,
  "drvivý": -1,
  "drzý": -2,
  "duch": 1,
  "dúfajme": 2,
  "dúfať,": 2,
  "dusenie": -2,
  "dusil": -2,
  "dusiť": -2,
  "dutý": -1,
  "dych": 5,
  "dychtivý": 2,
  "dymiaci": -2,
  "dysfunkcia": -2,
  "efektívna": 2,
  "elegantne": 2,
  "elegantný": 2,
  "empatický": 2,
  "energický": 2,
  "enragés": -2,
  "epidémie": -3,
  "etický": 2,
  "eufória": 3,
  "euforický": 4,
  "evakuácia": -1,
  "evakuáciu": -1,
  "evakuovala": -1,
  "evakuované": -1,
  "evakuovať": -1,
  "evergreen": 2,
  "evergreening": -3,
  "evergreeny": 2,
  "exasparate": -2,
  "exasperates": -2,
  "exhilarates": 3,
  "expanduje": 1,
  "exploity": -2,
  "extatickom": 4,
  "extrémista": -2,
  "extrémisti": -2,
  "fádne": -2,
  "falošne": -2,
  "falošný": -2,
  "falšovanie": -3,
  "falzifikáty": -3,
  "fanatici": -2,
  "fanatik": -2,
  "fandenie": 2,
  "fantastický": 4,
  "fascinovať": 3,
  "fascinuje": 3,
  "fascinujúce": 3,
  "fašista": -2,
  "fašisti": -2,
  "fena": -5,
  "férovosť": 2,
  "férový, čestný": 2,
  "fiasko": -2,
  "filantropie": 2,
  "fit": 1,
  "flopy": -2,
  "fóbické": -2,
  "fond": 2,
  "fraška": -1,
  "frikin": -2,
  "frustrácie": -2,
  "frustrovaný": -2,
  "frustrujúce": -2,
  "FTW": 3,
  "fucked": -4,
  "fucker": -4,
  "fuckface": -4,
  "Fuckhead": -4,
  "fuckin": -4,
  "fucktard": -4,
  "FUD": -3,
  "fuj": -2,
  "fuked": -4,
  "fuking": -4,
  "galantný": 3,
  "Glamourous": 3,
  "goofiness": -2,
  "GR8": 3,
  "granty": 1,
  "Gratulujem": 2,
  "green wash": -3,
  "greenwash": -3,
  "greenwasher": -3,
  "greenwashers": -3,
  "greenwashing": -3,
  "Greets": 1,
  "hacknut": -1,
  "haha": 3,
  "hahaha": 3,
  "hahahah": 3,
  "hanba": -2,
  "hanebný": -2,
  "hanlivý": -2,
  "haplessness": -2,
  "harmónia": 2,
  "harmonicky": 2,
  "harmonický": 2,
  "havárie": -2,
  "heavyhearted": -2,
  "hehe": 2,
  "hektár": 2,
  "hlad": -2,
  "hladní": -2,
  "hladomor": -2,
  "hladovať": -2,
  "hladujúci": -2,
  "hlučný": -1,
  "hlupák": -3,
  "hlúposť": -2,
  "hlúpy": -1,
  "hmotný": 1,
  "hnev": -3,
  "hneval": -2,
  "hnevlivý": -3,
  "hnusí": -3,
  "hodnota": 2,
  "hold": 2,
  "hooligans": -2,
  "horký": -2,
  "horlivý": 2,
  "horšie": -2,
  "horúčka": -2,
  "hospitalizovaný": -2,
  "hovno": -4,
  "Hra sa meniace": 3,
  "hravý": 2,
  "hrdina": 2,
  "hrdinovia": 2,
  "hrdinský": 3,
  "hrdý": 2,
  "hrešili": -3,
  "hrešiť": -3,
  "hriech": -2,
  "hriechy": -2,
  "hriešny": -3,
  "hrob": -2,
  "hrôza": -3,
  "hrozba": -2,
  "hrozby": -2,
  "hroziť": -2,
  "hroziť sa": -3,
  "hrozivý": -2,
  "hrozne": -3,
  "hrozný": -3,
  "hrubý": -2,
  "humánne": 2,
  "humbuk": -2,
  "Humerous": 3,
  "humor": 2,
  "hurá": 5,
  "hystéria": -3,
  "hysterický": -3,
  "idiot": -3,
  "idiotsky": -3,
  "idiotství": -3,
  "ignorované": -2,
  "ignorovanie": -2,
  "ignorovať": -1,
  "ignoruje": -1,
  "imbecil": -3,
  "impedingly": -2,
  "impotentný": -2,
  "impozantný": -1,
  "imúnna": 1,
  "incensing": -2,
  "indoctrinates": -2,
  "inediable": -2,
  "infantilizováni": -2,
  "infantilné": -2,
  "infekcie": -2,
  "infekčné": -2,
  "Infested": -2,
  "infikovať": -2,
  "infikuje": -2,
  "infikující": -2,
  "infract": -2,
  "infracted": -2,
  "infracting": -2,
  "infracts": -2,
  "inovácia": 1,
  "inovačné": 2,
  "inovovať": 1,
  "inovuje": 1,
  "inšpirácia": 2,
  "inšpiratívny": 2,
  "inšpirovaný": 2,
  "inšpirovať": 2,
  "inšpiruje": 2,
  "integrita": 2,
  "inteligentný": 2,
  "intenzívny": 1,
  "intimita": 2,
  "intransigency": -2,
  "intrigy": 1,
  "invalidita": -2,
  "invázie": -1,
  "iracionálne": -1,
  "ironický": -1,
  "irónie": -1,
  "iskra": 1,
  "iskrí": 3,
  "iskrivý": 3,
  "istý": 2,
  "izolovaný": -1,
  "jačiace": -2,
  "jackasses": -4,
  "jamku": -2,
  "jas": 1,
  "jásající": 3,
  "jasavo": 3,
  "jasavý": 3,
  "jasne": 1,
  "jasnosť": 2,
  "jasný": 1,
  "jazva": -2,
  "jazvy": -2,
  "jed": -2,
  "jednoduchosť": 2,
  "jednoduchý": 1,
  "jednotvárny": -2,
  "jednoúčelový": 2,
  "jednoznačne": 2,
  "jedovatý": -3,
  "jedy": -2,
  "Ježiš": 1,
  "jo": 1,
  "kadidla": -2,
  "kadidlo": -2,
  "kalný": -2,
  "karhá": -3,
  "karhal": -3,
  "katastrofa": -2,
  "katastrofálne": -3,
  "katastrofy": -2,
  "kaz": -2,
  "kazenie": -3,
  "kinder": 2,
  "klam": -3,
  "klamal": -2,
  "klamár": -3,
  "klamári": -3,
  "klamať": -3,
  "klame": -3,
  "klamný": -3,
  "klenot": 3,
  "klenoty": 1,
  "klesol": -1,
  "kohút": -5,
  "kolaps": -2,
  "kolidovať": -1,
  "kolísavý": -1,
  "kolízie": -1,
  "komédia": 1,
  "komfortne": 2,
  "komfortné": 2,
  "komický": 1,
  "kompetencie": 1,
  "kompetentní": 2,
  "komplikujúce": -2,
  "kompliment": 2,
  "konflikt": -2,
  "konfliktné": -2,
  "konflikty": -2,
  "konkurencieschopný": 2,
  "konkurzu": -3,
  "kontaminácia": -2,
  "kontaminant": -2,
  "kontaminanty": -2,
  "kontaminovaný": -2,
  "kontaminovať": -2,
  "kontaminujúce": -2,
  "kontroverzia": -2,
  "kopačky": -2,
  "kopček": 3,
  "korumpuje": -3,
  "korupcia": -3,
  "koža": -1,
  "kozy": -2,
  "kradne": -2,
  "kradnutie": -2,
  "krása": 3,
  "krásne": 3,
  "krásny": 3,
  "krásy": 3,
  "krátenie": -2,
  "krátkozraké": -2,
  "krátkozrakosť": -2,
  "kŕč": -1,
  "kretén": -3,
  "kričal": -2,
  "kričať": -2,
  "krik": -2,
  "kriminálnej": -3,
  "kritérium splnené": 2,
  "kritici": -2,
  "kritik": -2,
  "kritika": -2,
  "kritizovaná": -2,
  "kritizovať": -2,
  "kritizuje": -2,
  "krivá prísaha": -3,
  "krivdil": -2,
  "kríza": -3,
  "krupobitie": 2,
  "krútenie": -2,
  "krutosť": -3,
  "krutý": -2,
  "krvavý": -3,
  "ktorý si želá": 1,
  "kurva cute": 4,
  "kurva dobrý": 4,
  "kurva fantasticky": 4,
  "kurva hot": 2,
  "kurva krásne": 4,
  "kurva love": 4,
  "kurva perfektné": 4,
  "kurva úžasné": 4,
  "kurva veľký": 4,
  "kvalita": 2,
  "kýchanie": -2,
  "kýchl": -2,
  "kýchnutie": -2,
  "ladný": 2,
  "lahodný": 3,
  "ľahostajnosť": -2,
  "ľahostajný": -2,
  "lákavý": 1,
  "lakomý": -2,
  "láskavosť": 2,
  "láskavosti": 2,
  "láskavý": 3,
  "laughting": 1,
  "lawl": 3,
  "lenivý": -1,
  "lepšiu": 2,
  "lesklý": 2,
  "letargia": -2,
  "letargický": -2,
  "likers": 2,
  "limity": -1,
  "LMAO": 4,
  "LMFAO": 4,
  "lobby": -2,
  "lobingu": -2,
  "lobista": -2,
  "lobisti": -2,
  "loboval": -2,
  "lojálni": 3,
  "lol": 3,
  "lolol": 4,
  "lololol": 4,
  "lolololol": 4,
  "lomítka": -2,
  "lool": 3,
  "loool": 3,
  "looool": 3,
  "lovelies": 3,
  "ľstivý": -3,
  "lukratívne": 3,
  "lúpež": -2,
  "lupič": -2,
  "ľútosť": -2,
  "ľútostivý": -2,
  "ľutoval": -2,
  "ľutovali": -1,
  "ľutovať": -2,
  "ľutuje": -2,
  "ľutuje,": -2,
  "luxus": 2,
  "majster": 2,
  "majstrovská": 4,
  "majstrovské dielo": 4,
  "maladaption": -2,
  "maldevelopment": -2,
  "malebný": 2,
  "manipulácia": -1,
  "Manipulácia": -1,
  "manipulovať": -1,
  "marí": -2,
  "mariť": -2,
  "márny": -2,
  "MAS": -2,
  "maskáče": -2,
  "maskovanie": -3,
  "mať úspech": 3,
  "mätúce": -2,
  "mazaný": 2,
  "mdlý": -2,
  "medaily": 3,
  "medzník": 2,
  "melanchólia": -1,
  "memoriam": -2,
  "metodicky": 2,
  "metodický": 2,
  "mier": 2,
  "milosť": 1,
  "milostivý": 3,
  "Miloval": 3,
  "milovaný": 3,
  "milovať": 3,
  "milovníci": 2,
  "miluje": 3,
  "milujúca": 2,
  "milujúca láskavosť": 3,
  "milý": -1,
  "mimoparlamentné": -2,
  "mimovoľne": -2,
  "misbranding": -3,
  "mischiefs": -1,
  "misclassifies": -2,
  "misclassify": -2,
  "misconducted": -2,
  "misconducting": -2,
  "misconducts": -2,
  "misleaded": -3,
  "misreport": -2,
  "misreports": -2,
  "mizerný": -2,
  "mizne": -1,
  "mladistvý": 2,
  "mocný": 2,
  "modernizácia": 2,
  "modernizovaná": 2,
  "modernizovať": 2,
  "modernizuje": 2,
  "modlí": 1,
  "modliť sa": 1,
  "monopolizácie": -2,
  "monopolizes": -2,
  "monopolizovaný": -2,
  "monopolizovať": -2,
  "monotónna": -1,
  "mor": -3,
  "moriť": -2,
  "motivácia": 1,
  "motivovaný": 2,
  "motivovať": 1,
  "motivujúce": 2,
  "môže \"t stať": -3,
  "mrhá": -2,
  "mrhanie": -2,
  "mŕtvi": -3,
  "mŕtvola": -1,
  "mrzuto": -2,
  "mrzutý": -2,
  "mučení": -4,
  "mučenia": -4,
  "mučiť": -3,
  "mučivý": -3,
  "múdrejší": 2,
  "múdrosť": 1,
  "mumpish": -2,
  "mylný": -2,
  "mýtus": -1,
  "n00b": -2,
  "na hovno": -3,
  "na palube": 1,
  "na zdravie": 2,
  "nabitý": -3,
  "náboženský": 2,
  "nabúranie": -2,
  "nadávať": -2,
  "nadávok": -2,
  "nádej": 2,
  "nádeje": 2,
  "nádejný": 2,
  "nádherný": 5,
  "nadhodnotenie": -2,
  "nádor": -2,
  "nadriadený": 2,
  "nadšený": 5,
  "nadváha": -1,
  "nafúkaný": -2,
  "nafúknutý": -1,
  "nahnevaný": -3,
  "náhodný": -2,
  "náhodou": -2,
  "naivný": -2,
  "najbláznivejšie": -2,
  "najchudobnejšie": -2,
  "najchytrejší": 2,
  "najčistejšie": 1,
  "najdrsnejší": -2,
  "najhorší": -3,
  "najjasnejšie": 2,
  "najjemnejšie": 3,
  "najlepší": 3,
  "najnižší": -1,
  "najsilnejší": 2,
  "najsladšie": 3,
  "najšpinavšie": -2,
  "najšťastnejší": 3,
  "najtmavšie": -2,
  "najúprimnejší": 2,
  "najušľachtilejšie": 2,
  "najväčší": 3,
  "najvyššiu": 4,
  "nákaza": -2,
  "nakazený": -2,
  "nákazlivý": -1,
  "nákazlivých": -2,
  "nákladný": -2,
  "náklonnosť": 3,
  "náladový": 1,
  "naliehavý": -1,
  "naočkovaný": -2,
  "nápaditý": 2,
  "napadnuteľný": -2,
  "nápadný": 2,
  "napadol": -1,
  "napálil": -2,
  "napáliť": -2,
  "napätie": -1,
  "napomenul": -2,
  "napomínať": -2,
  "narcizmus": -2,
  "náročný": -1,
  "narúša": -2,
  "narušená": -2,
  "narušenie": -2,
  "narušený": -2,
  "narušiť": -2,
  "narušujú": -2,
  "narušujúce": -2,
  "násilia": -3,
  "násilie súvisiace": -3,
  "násilne": -3,
  "násilník": -4,
  "násilný": -3,
  "našťastie": 3,
  "nažive": 1,
  "neatraktívne": -2,
  "neba": 2,
  "nebeský": 4,
  "nebezpečenstvo": -2,
  "nebezpečne": -2,
  "nebezpečný": -2,
  "nebojácnosť": 2,
  "nebojácny": 2,
  "Nebojácny": 2,
  "nechcený": -2,
  "nechuť": -2,
  "nechutný": -3,
  "nečinnosť": -2,
  "nečistoty": -2,
  "necitlivosť": -2,
  "necitlivý": -2,
  "nedbá": -2,
  "nedbalý": -2,
  "nedocenený": -2,
  "nedokonalý": -2,
  "nedorozumenie": -2,
  "nedostačujúca": -2,
  "nedostatky": -2,
  "nedostatočne": -2,
  "nedostatočnosť": -2,
  "nedostatočný": -2,
  "nedostatok": -2,
  "nedostupné": -1,
  "nedovarené": -2,
  "nedôvera": -3,
  "nedôverčivý": -3,
  "neefektívne": -2,
  "neefektívnosť": -2,
  "neefektívny": -2,
  "neetické": -2,
  "nefér": -2,
  "nefunguje": -3,
  "negatívna": -2,
  "negativnost": -2,
  "neger": -5,
  "negramotnosť": -2,
  "neha": 2,
  "nehoda": -2,
  "nehodný": -2,
  "nehody": -2,
  "nehygienické": -2,
  "neinteligentny": -2,
  "neistý": -1,
  "nejaký druh": 0,
  "nejasný": -1,
  "nejkluzčí": 2,
  "nekompetentnosť": -2,
  "nelegitímne": -3,
  "nelogický": -2,
  "neľúbosť": -2,
  "neľudský": -2,
  "nemastný neslaný": -2,
  "nemilovaný": -2,
  "nemotivovaný": -2,
  "nemý": -3,
  "nenápaditý": -2,
  "nenaplnený": -2,
  "nenapraviteľný": -2,
  "nenásytnosť": -3,
  "nenávidel": -3,
  "nenávidí": -3,
  "nenávidiaci": -3,
  "nenávidieť": -3,
  "nenávisť": -3,
  "nenávistník": -3,
  "neoblomný": -1,
  "neochotný": -2,
  "neodolateľne": 2,
  "neodolateľný": 2,
  "neodpúšťa": -2,
  "neodpustiteľný": -3,
  "neopakovateľná": -2,
  "neopatrný": -2,
  "neoprávnený": -2,
  "neospravedlniteľný": -3,
  "nepáči": -2,
  "neplodný": -2,
  "nepochopený": -2,
  "nepoctivý": -2,
  "nepodarok": -2,
  "nepodporovaný": -2,
  "nepohodlie": -2,
  "nepokoj": -2,
  "nepokoje": -2,
  "nepokojný": -2,
  "neporaziteľný": 2,
  "neporiadok": -2,
  "neporovnateľný": 1,
  "neporušený": 2,
  "neposedný": -2,
  "nepoškvrnená": 2,
  "nepoškvrnený": 2,
  "nepotvrdený": -1,
  "nepôvodné": -2,
  "nepravdepodobný": -1,
  "nepravdivý": -1,
  "neprávom": -2,
  "nepredané": -1,
  "neprekonateľný": 2,
  "nepreskúmané": -2,
  "nepresných informácií": -2,
  "nepresvedčilo": -1,
  "nepriateľ": -2,
  "nepriatelia": -2,
  "nepriateľský": -2,
  "nepriateľstvo": -2,
  "nepriaznivý": -2,
  "neprihliada": -2,
  "neprijateľný": -2,
  "nepríjemnosť": -2,
  "nepríjemný": -2,
  "neprimeraný": -2,
  "neprofesionálne": -2,
  "neradostný": -2,
  "nerovný": -1,
  "nerozhodný": -1,
  "nerozumie": -2,
  "nervózne": -2,
  "nervózny": -1,
  "nervy": -1,
  "neschopnosť": -2,
  "neschopný": -2,
  "neschválené": -2,
  "neschválený": -2,
  "nesebecký": 2,
  "nešikovný": -2,
  "nesmrteľný": 2,
  "nespavosť": -2,
  "nespokojný": -2,
  "nespôsobilý": -2,
  "nesprávne": -2,
  "nesprávne informovaná": -2,
  "nesprávne opísanie": -2,
  "nesprávne vyložil": -2,
  "nesprávny": -2,
  "nespravodlivosť": -2,
  "nespravodlivý": -2,
  "nestabilný": -2,
  "nestály": -1,
  "nešťastie": -2,
  "nešťastný": -2,
  "nestranný": 2,
  "nesúhlas": -2,
  "nesúhlasí": -2,
  "nesúhlasiť": -2,
  "nesúvislý": -2,
  "nesympatický": -2,
  "netrpezlivý": -2,
  "neuberá": -1,
  "neúčinný": -2,
  "neúcta": -2,
  "neúmyselný": -2,
  "neúplný": -1,
  "neupokojitelný": -2,
  "neúprosný": -3,
  "neúspešne": -2,
  "neúspešný": -2,
  "neusporiadaný": -2,
  "neústupnosť": -2,
  "neutešený": -2,
  "neuveriteľný": -1,
  "neužitočný": -2,
  "nevďačný": -3,
  "nevedecký": -2,
  "nevedomý": -2,
  "neveriaci": -1,
  "neveriť": -2,
  "neveselý": -2,
  "nevhodný": -2,
  "nevratne": -1,
  "nevybavenej": -2,
  "nevýhoda": -2,
  "nevyhovujúce": -2,
  "nevýrazný": -2,
  "nevyžiadaná pošta": -2,
  "nezabezpečené": -2,
  "nezákonne": -3,
  "nezákonný": -3,
  "nezamestnanosť": -2,
  "nezamestnaný": -1,
  "nezastaviteľný": 2,
  "nezdravý": -2,
  "nežiaduce": -2,
  "neživý": -1,
  "nezmysel": -2,
  "nezmyselný": -2,
  "neznalosť": -2,
  "neznalý": -2,
  "neznáša": -3,
  "neznesiteľne": -1,
  "neznesiteľný": -2,
  "nezničiteľný": 2,
  "nezodpovedne": -2,
  "nezodpovedný": -2,
  "nezraniteľný": 2,
  "nezrozumiteľný": -2,
  "nezvratný": -1,
  "ničí": -2,
  "ničiť": -3,
  "nie": -1,
  "nie dobré": -2,
  "niggas": -5,
  "nitovanie": 3,
  "nóbl": 3,
  "nostalgický": -2,
  "nováčik": -2,
  "nuda": -2,
  "nudný": -3,
  "núdzový": -2,
  "nútený": 1,
  "obava": -2,
  "obávaný": -2,
  "obavy": -3,
  "obdivovanie": 3,
  "obdivovaný": 3,
  "obdivovať": 3,
  "obdivuje": 3,
  "obeť": -2,
  "obete": -3,
  "obetí": -3,
  "obetný baránok": -2,
  "obetných baránkov": -2,
  "obetovať": -3,
  "obhájila": 2,
  "obhájiť": 2,
  "obhajuje": 2,
  "obílit": -3,
  "objasňuje": 2,
  "objatí": 2,
  "obľúbené": 2,
  "Obľúbené": 2,
  "obľúbené miesta": -1,
  "obľúbený": 2,
  "obmedzenia": -1,
  "obmedzený": -1,
  "obmedziť": -2,
  "obmedzovať": -1,
  "obmedzuje": -2,
  "obmedzujúce": -1,
  "obnovená": 1,
  "obnoviť": 1,
  "obnovuje": 1,
  "obozretnosť": 2,
  "obranca": 2,
  "obrancovia": 2,
  "obratný": 2,
  "obrovský": 1,
  "obscénne": -2,
  "obsiahly": 2,
  "obštrukcie": -2,
  "obštrukciu": -2,
  "obťažovaní": -3,
  "obťažovanie": -3,
  "obťažovať": -2,
  "obťažuje": -2,
  "obťažujúce": -3,
  "obvinenie": -2,
  "obviniť": -2,
  "obviňovať": -2,
  "obviňuje": -2,
  "obžaloby": -3,
  "obžalovaní": -2,
  "obžalovaný": -2,
  "očakávania": 1,
  "očakávaný": -1,
  "očarujúce": 3,
  "ocenenie": 3,
  "ocenili": 2,
  "oceniť": 2,
  "oceňuje": 2,
  "ochota": 2,
  "ochraňovať": 2,
  "očistil": 2,
  "očkovať": -2,
  "odbil": -2,
  "odcudzenie": -2,
  "oddanosť": 2,
  "oddaný": 3,
  "oddelený": -1,
  "odetý": -2,
  "odhodiť": -1,
  "odkladá": -1,
  "odkladanie": -1,
  "odkráčať preč": -2,
  "odlidštováním": -2,
  "odložené": -1,
  "odloží": -1,
  "odložiť": -1,
  "odmena": 2,
  "odmenený": 2,
  "odmeny": 2,
  "odmieta": -1,
  "odmietať": -1,
  "odmietavý": -2,
  "odmietnuť": -1,
  "odmietnuté": -1,
  "odmietnutie": -2,
  "odmietol": -2,
  "odňatia": -3,
  "odolnejšie": 2,
  "odolný": 2,
  "odôvodnený": 2,
  "odozva": -2,
  "odpad": -1,
  "odpadky": -1,
  "odpadlý": -1,
  "odporný": -2,
  "odporúča": 2,
  "odporučiť": 2,
  "odpudivý": -2,
  "odpudzujúci": -2,
  "odpúšťajúci": 2,
  "odpustenie": 2,
  "odpustí": 2,
  "odpustil": 2,
  "odpustiť": 1,
  "odradiť": -2,
  "odrazení": -1,
  "odrazený": -2,
  "odškodné": -3,
  "odstrašujúci": -2,
  "odstúpenie": -2,
  "odstúpi": -1,
  "odstúpil": -1,
  "odstupovať": -1,
  "odsúdená": -2,
  "odsúdená k zániku": -2,
  "odsúdenie": -2,
  "odsúdený": -2,
  "odsúdiť": -2,
  "odsudzuje": -2,
  "odvádza": -2,
  "odvaha": 2,
  "odvážlivec": 2,
  "odvážne": 2,
  "odvážnosť": 2,
  "odvážny": 2,
  "odvrátená": -1,
  "odvráti": -1,
  "odvrátiť": -1,
  "ofenzíva": -2,
  "ohavnosť": -3,
  "oheň": -2,
  "ohlásené nesprávne": -2,
  "ohlušujúci": -1,
  "ohromený": 3,
  "ohromí": 3,
  "ohromiť": 3,
  "ohromne": 4,
  "ohromujúci": 4,
  "ohrozená": -2,
  "ohrozenie": -2,
  "ohrozuje": -2,
  "ohyzdný": -3,
  "okamžite": 1,
  "okázalý": 3,
  "oklamať": -2,
  "okradne": -2,
  "Oks": 2,
  "okúzlenie": 3,
  "okúzlený": 3,
  "okúzliť": 3,
  "olúpiť": -2,
  "onanista": -3,
  "oneskorenie": -1,
  "oneskorený": -1,
  "oops": -2,
  "opatrne": 2,
  "opatrný": 2,
  "opatrovaný": 2,
  "opatrovať": 2,
  "opatruje": 2,
  "opitý": -2,
  "oplzlosť": -2,
  "opotrebovaný": -1,
  "opovrhnutiahodný": -2,
  "opovrhnutie": -2,
  "oprávnene": 2,
  "oprávnený": 1,
  "optimistický": 2,
  "optimizmus": 2,
  "optionless": -2,
  "opúšťa": -2,
  "opustený": -2,
  "opustiť": -2,
  "orechy": -3,
  "osada": 1,
  "osady": 1,
  "ošáli": -3,
  "osamelý": -2,
  "ošetrujúce": 2,
  "ošklivil": -3,
  "ošklivit si": -3,
  "oslabený": -2,
  "oslavovať": 4,
  "oslavuje": 3,
  "oslavy": 3,
  "oslňujúci": 3,
  "oslobodený": 2,
  "oslobodí": 2,
  "oslobodiť viny": 2,
  "oslobodzovala": 2,
  "oslobodzuje": 2,
  "ospravedlnenie": -1,
  "ospravedlniť": 2,
  "ospravedlňoval": -1,
  "ospravedlňovať": -1,
  "ospravedlňuje": -1,
  "ospravedlňuješ": 2,
  "ostracizes": -2,
  "ostýchavý": -2,
  "osud": -2,
  "osudovosť": -3,
  "osudovosti": -3,
  "osvecuje": 2,
  "osvietený": 2,
  "osvietiť": 2,
  "osviežujúci": 3,
  "osviežujúcim": 2,
  "otepy": -3,
  "otras": -2,
  "otrasný": -2,
  "otrasy": -2,
  "otrávený": -2,
  "otravovať": -2,
  "otroci": -3,
  "otroctva": -3,
  "otrok": -3,
  "otužilý": 2,
  "otvor": -2,
  "ovdovený": -1,
  "overený": 1,
  "overovanie": 1,
  "overreacts": -2,
  "overselling": -2,
  "oversells": -2,
  "oversimplification": -2,
  "ovplyvnené": -1,
  "oxymorón": -1,
  "oživiť": 2,
  "oživuje": 2,
  "páchateľ": -2,
  "páchatelia": -2,
  "páchnuce": -2,
  "páčilo": 2,
  "padajúce": -1,
  "padlý": -2,
  "pamätný": 1,
  "panický": -3,
  "panicky utek": -2,
  "panika": -3,
  "panikár": -2,
  "paniky": -3,
  "paradox": -1,
  "parchant": -4,
  "paródia": -2,
  "pasca": -1,
  "pasce": -1,
  "pasívne": -1,
  "pasívny": -1,
  "pašované": -2,
  "pašovanie": -2,
  "pašovať": -2,
  "pašuje": -2,
  "patetický": -2,
  "patričný": 2,
  "patriť": 2,
  "pekelný": -2,
  "peklo": -4,
  "pekný": 3,
  "penalizovaný": -2,
  "penalizovať": -2,
  "perfektný": 3,
  "pesimistický": -2,
  "pesimizmus": -2,
  "pevnosť": 2,
  "piča": -5,
  "pichľavý": -2,
  "pileup": -1,
  "pissing": -3,
  "pištole": -1,
  "plač": -1,
  "plachý": -1,
  "plakať": -2,
  "pláštenku": 2,
  "platidlo": 2,
  "platiť": -1,
  "plesní": -3,
  "plienenie": -2,
  "pliesť": -2,
  "plytvanie": -2,
  "pobavený": 3,
  "pobláznený": 2,
  "poblúznenie": 2,
  "pobúrený": -3,
  "poburovania": -2,
  "poburujúce": -3,
  "pochabý": -2,
  "pochválil": 2,
  "pochválila": 2,
  "pochybnosti": -1,
  "pochybný": -1,
  "pochyboval": -1,
  "pochybovanie": -1,
  "pochybovať": -1,
  "pocit": 1,
  "poctený": 2,
  "poctou": 2,
  "pod tlakom": -2,
  "poďakovať": 2,
  "podceniť": -1,
  "podceňovanie": -1,
  "podceňovať": -1,
  "podceňuje": -1,
  "podivný": -2,
  "Podivuhodný": 3,
  "podkopať": -2,
  "podkopáva": -2,
  "podnikavý": 1,
  "podomový obchodník": -2,
  "podozrenie": -1,
  "podozrenie,": -1,
  "podozriví": -1,
  "podozrivý": -1,
  "podpery": 2,
  "podplácanie": -3,
  "podplatený": -3,
  "podpora": 2,
  "podporný": 2,
  "podporovaný": 2,
  "podporovať": 1,
  "podporovateľ": 1,
  "podporovatelia": 1,
  "podporujúce": 1,
  "podradný": -2,
  "podráždený": -2,
  "podstatne": 1,
  "podstatný": 1,
  "podvádzal": -3,
  "podvádzanie": -3,
  "podvedení": -2,
  "podviedol": -2,
  "podviesť": -3,
  "podvod": -2,
  "podvodníci": -3,
  "podvodník": -2,
  "podvodný": -4,
  "podvodov": -3,
  "podvody": -2,
  "podvratné": -2,
  "pohodlie": 2,
  "pohodu": 2,
  "pohŕdavo": -2,
  "pohŕdavý": -2,
  "pohreb": -1,
  "pohrebné": -2,
  "pohreby": -1,
  "pokarhal": -2,
  "pokarhanie": -2,
  "pokašľal": -3,
  "poklad": 2,
  "poklady": 2,
  "pokles": -1,
  "pokojne": 2,
  "pokojný": 2,
  "pokorný": 1,
  "pokročilý": 1,
  "pokrok": 2,
  "pokrytecký": -2,
  "pokuta": 2,
  "pokuty": -2,
  "polemicky": -2,
  "poľutovanie": -3,
  "pomáha": 2,
  "Pomoc": 2,
  "pomsta": -2,
  "pomstí": -2,
  "pomstiť": -2,
  "pomstiteľ": -2,
  "pomsty": -2,
  "pomstychtivý": -2,
  "poníženie": -3,
  "ponížený": -3,
  "ponurý": -2,
  "popiera": -2,
  "poplach": -2,
  "poplatky": -2,
  "poplietol": -2,
  "popredia": 1,
  "popretie": -2,
  "poprieť": -2,
  "popudil": -2,
  "popudiť": -2,
  "popularita": 3,
  "populárne": 3,
  "poranený": -2,
  "porazený": -2,
  "porážka": -2,
  "poriadnej": -3,
  "porucha": -2,
  "poruchy": -2,
  "porušená": -2,
  "porušenie": -2,
  "poruší": -2,
  "porušiť": -2,
  "porušované": -2,
  "porušovanie": -2,
  "porušovať": -2,
  "posadnutý": 2,
  "posilnená": 2,
  "posilnenie": 2,
  "posilnený": 1,
  "posilniť": 2,
  "posilňuje": 2,
  "posilňujúci": 2,
  "poškodení": -2,
  "poškodenie": -3,
  "poškodený": -2,
  "poškodzovanie": -2,
  "poškodzuje": -2,
  "poškvrnený": -2,
  "poškvrniť": -2,
  "posmieval": -2,
  "pošmyknutia": -1,
  "pôsobivý": 3,
  "pošpinená": -2,
  "pošpiniť": -2,
  "posttraumatické": -2,
  "postihnutie": -2,
  "postihnutý": -1,
  "potešenie": 3,
  "potešený": 3,
  "potešiť": 2,
  "potešujúce": 3,
  "potlačil": -1,
  "potlesk": 2,
  "potrestaný": -2,
  "potvrdená": 2,
  "potvrdiť": 1,
  "potvrdzuje": 1,
  "poučovať": -2,
  "pôvabne": 3,
  "pôvabný": 3,
  "povaľač": -2,
  "povinné": -1,
  "povoliť": 1,
  "povýšený": 1,
  "povzbudenie": 2,
  "povzbudil": 2,
  "povzbudiť": 2,
  "povzbudivý": 2,
  "povzbudzuje": 2,
  "povzbudzujúce": 2,
  "povzdych": -2,
  "povznášajúci": 2,
  "povznesený": 3,
  "požadoval": -1,
  "pozastaviť": -1,
  "pozdrav": 2,
  "Pozdrav": 1,
  "pozdravil": 1,
  "pozdraviť": 1,
  "pozdravovať": 2,
  "pozdravy": 2,
  "požehnania": 3,
  "požehnanie": 3,
  "požehnať": 2,
  "požiadavky": -1,
  "pozitívne": 2,
  "pozoruhodný": 2,
  "pozostalý": 2,
  "praštěná": -2,
  "pravdivý": 2,
  "právne": 1,
  "právnej": 1,
  "prázdnota": -1,
  "prázdny": -1,
  "prblm": -2,
  "prblms": -2,
  "prchni": -1,
  "preceňovať": -2,
  "predchádzať": -1,
  "predĺžiť": 1,
  "predlžuje": 1,
  "predstiera": -1,
  "predstierať": -1,
  "predsudok": -1,
  "preháňa": -2,
  "preháňam": -2,
  "preháňania": -2,
  "preháňať": -2,
  "prehliadajú": -1,
  "prehliadať": -2,
  "prehliadnutie": -1,
  "prehnal": -2,
  "prehnaná reakcia": -2,
  "prehnane": -2,
  "prehnaný": -2,
  "prekáža": -2,
  "prekážka": -2,
  "prekážky": -2,
  "prekliatie": -1,
  "prekrútenie": -2,
  "prekvapujúce": 3,
  "prelom": 3,
  "premrhal": -2,
  "premýšľavý": 2,
  "prenasledovaní": -2,
  "prenasledovanie": -2,
  "prenasledovaný": -2,
  "prenasledovať": -2,
  "prenasleduje": -2,
  "Prepáč": -1,
  "prepadnutia": -2,
  "prepredané": -2,
  "prepuknutí": -2,
  "prerušená": -1,
  "prerušené": -2,
  "prerušenie": -2,
  "preruší": -1,
  "prerušiť": -2,
  "prerušovania": -2,
  "presadzovaná": 2,
  "presile": -2,
  "preskakujúci": -2,
  "prešlo dráhu": -2,
  "presmerovanie": -1,
  "přešťastný": 4,
  "prestať": -1,
  "prestúpil": -2,
  "prestupuje": -2,
  "presvedčený": 1,
  "presvedčí": 1,
  "presvedčiť": 1,
  "presýtení": -3,
  "preťaženie": -1,
  "preťažený": -3,
  "pretechnizovanom": -2,
  "prevádzkovanie": -1,
  "prevenciu": -1,
  "previnenie": -2,
  "prevleky": -1,
  "prezieravý": -2,
  "prežil": 2,
  "prežívajúce": 2,
  "prezlečený": -1,
  "prezrádza": -3,
  "priať": 1,
  "priateľ": 1,
  "priateľský": 2,
  "priateľstvo": 2,
  "priazeň": 3,
  "priaznivo": 2,
  "priaznivý": 2,
  "priečne valce": -2,
  "prieskum": 1,
  "priestorný": 1,
  "priestupky": -2,
  "priestupok": -2,
  "prijať": 1,
  "prijateľný": 1,
  "prijatie": 1,
  "prijatý": 1,
  "príjemnosť": 2,
  "príjemný": 3,
  "prijíma": 1,
  "prijímanie": 1,
  "prilákanie": 2,
  "príležitosť": 2,
  "príležitosti": 2,
  "príliš zjednodušiť": -2,
  "primeraný": 2,
  "pripojiť": 1,
  "pripravený": 1,
  "pripúšťa": -1,
  "pripustiť": -1,
  "prírodný": 1,
  "prisahá": -2,
  "príšerný": -2,
  "prísny": 3,
  "prístupný": 1,
  "priťahoval": 1,
  "priťahovať": 1,
  "priťahuje": 1,
  "príťažlivosť": 2,
  "príťažlivý": 2,
  "priťažujúce": -2,
  "prítulný": 3,
  "privádza k zúrivosti": -2,
  "privilegovaný": 2,
  "privlastňovacie": -2,
  "proaktívne": 2,
  "problém": -2,
  "problematický": -2,
  "problémové": -2,
  "problémy": -2,
  "prominentnej": 2,
  "propagáciu": 1,
  "propaganda": -2,
  "propaguje": 1,
  "prosím": 1,
  "prosperita": 3,
  "prosperujúce": 3,
  "prospešný": 2,
  "prostřednost": -3,
  "prostý": -2,
  "protest": -2,
  "protestujú": -2,
  "protestujúci": -2,
  "protesty": -2,
  "proti": -1,
  "protirečivé": -2,
  "protirečivý": -2,
  "protivník": -1,
  "protivný": -2,
  "provokačný": -1,
  "provokovať": -1,
  "provokuje": -1,
  "prudký": -3,
  "pseudoscience": -3,
  "psychopatický": -2,
  "pútajúci pozornosť": 3,
  "pútavý": 2,
  "pyšne": 2,
  "rád": 3,
  "radostne": 3,
  "radostný": 3,
  "radovali": 4,
  "raduje": 4,
  "rafinovaný": 1,
  "rageful": -2,
  "raj": 3,
  "rakovina": -1,
  "ranter": -3,
  "ranters": -3,
  "rasisti": -3,
  "rasistický": -3,
  "rasizmus": -3,
  "rast": 2,
  "rastúce": 1,
  "ratifikovaná": 2,
  "raz za život": 3,
  "rebel": -2,
  "rebeli": -2,
  "rečnenie": -3,
  "rešpekt": 2,
  "reštaurovanie": 1,
  "reštrikcia": -2,
  "rez": -1,
  "rezignovať": -1,
  "rezolúcia": 2,
  "rezolútne": 2,
  "rezy": -1,
  "riadny život": -2,
  "riešenie": 1,
  "rieši": 2,
  "riskantné": -2,
  "riskovať": -2,
  "riziká": -2,
  "Robing": -2,
  "robiť hanbu": -2,
  "robustný": 2,
  "rofl": 4,
  "roflcopter": 4,
  "roflmao": 4,
  "román": 2,
  "romance": 2,
  "romantického": 2,
  "romanticky": 2,
  "ROTFL": 4,
  "rotflmfao": 4,
  "rotflol": 4,
  "roubík": -2,
  "rovno": 1,
  "rozbila": -2,
  "rozčarovaný": -2,
  "rozčúlený": -2,
  "rozčúliť": 3,
  "rozčuľujúce": -2,
  "rozdrviť": -1,
  "rozhádzať": -2,
  "rozhněván": -3,
  "rozhodujúci": 1,
  "rozhorčenie": -2,
  "rozhorčený": -2,
  "rozjarený": 2,
  "rozjímavý": 1,
  "rozkošný": 3,
  "rozmazaný": -2,
  "rozostrený": -2,
  "rozoznanie": 2,
  "rozpakov": -2,
  "rozpaky": -2,
  "rozpárať": 1,
  "rozptýlenie": -2,
  "rozptýliť": -2,
  "rozradostněný": 3,
  "rozrušení": -2,
  "rozrušenie": -2,
  "roztok": 1,
  "roztomilý": 3,
  "roztrhnutý": -2,
  "roztržitý": -2,
  "rozum": 2,
  "rozzúrený": -2,
  "rozzúril": -2,
  "rozzúriť": -2,
  "rušiť": -2,
  "rušivý": -2,
  "ruža": 1,
  "rýchlo": 2,
  "rýchly": 2,
  "rýdzi": 1,
  "rysujúcej": -1,
  "sabotáž": -2,
  "saje": -3,
  "sakramentsky": -2,
  "sakramentsky dobrý": 4,
  "sakramentsky najlepšie": 4,
  "sakramentsky roztomilý": 3,
  "sám": -2,
  "samovražda": -2,
  "samovraždy": -2,
  "samovražedný": -2,
  "šampiónov": 2,
  "šanca": 2,
  "sarkastický": -2,
  "Savang": -2,
  "savanges": -2,
  "schopnosť": 2,
  "schopnosti": 2,
  "schopný": 1,
  "schválenie": 2,
  "schválený": 2,
  "schvaľuje": 2,
  "SCHVAĽUJE": 2,
  "sebavedomo": 2,
  "sebavedomý": 2,
  "sebecký": -3,
  "sebectvo": -3,
  "sebehana": -2,
  "šedá": -1,
  "sedatívum": -2,
  "sekanie": -2,
  "sekera": -1,
  "sekol": -2,
  "selfoklamaní": -2,
  "senzačný": 4,
  "seriózne": 2,
  "šetrné k životnému prostrediu": 2,
  "sexistické": -2,
  "sexistický": -2,
  "sexy": 3,
  "sfalšované": -3,
  "sfalšovať": -3,
  "shoody": -2,
  "šialenci": -3,
  "šialene": -3,
  "šialenstvo": -2,
  "šialený": -2,
  "šik": 2,
  "šikanovania": -2,
  "šikanovaných": -2,
  "šikovný": 2,
  "silné": 2,
  "silnejší": 2,
  "silný": 2,
  "singleminded": -2,
  "šíria poplašné správy": -2,
  "sivá": -1,
  "skamenené": -2,
  "škandál": -3,
  "škandalózne": -2,
  "škandály": -3,
  "škaredosti": -3,
  "škaredý": -3,
  "skazený": -2,
  "skeptici": -2,
  "skepticizmus": -2,
  "skeptický": -2,
  "skeptik": -2,
  "skládka": -1,
  "sklamanie": -2,
  "sklamaním": -2,
  "sklamaný": -2,
  "sklamať": -2,
  "skleslý": -2,
  "sklíčit": -2,
  "skľúčený": -2,
  "skľučujúca": -2,
  "škoda": -2,
  "škodlivý": -2,
  "škodoradostný": 3,
  "skotačivý": 2,
  "skrašliť": 3,
  "skreslený": -2,
  "skreslil": -2,
  "skresliť": -2,
  "skresľovaniu": -2,
  "skresľuje": -2,
  "škrtil": -2,
  "skrutkované": -2,
  "skryl": -1,
  "skryť": -1,
  "skúmanie": 1,
  "skúsene": 2,
  "skvelý": 3,
  "škvrna": -2,
  "slabosť": -2,
  "slabý": -2,
  "sladký": 2,
  "sladšie": 3,
  "slam": -2,
  "sláva": 3,
  "slávnosť": 3,
  "slávnostné": 2,
  "slávny": 3,
  "slepý": -1,
  "slnečný svit": 2,
  "slobôd": 2,
  "Sloboda": 2,
  "sľub": 1,
  "sľúbil": 1,
  "sľuby": 1,
  "slzy": -2,
  "smelo": 2,
  "smelý": 3,
  "smiať sa": 1,
  "smiech": 1,
  "smiešny": 4,
  "smog": -2,
  "smola": -2,
  "smrad": -2,
  "smradľavý": -2,
  "smrdí": -2,
  "smrkanie": -2,
  "smrť": -2,
  "smrteľný": -2,
  "smúti": -2,
  "smútiaci": -2,
  "smútili": -2,
  "smutne": -2,
  "smutný": -2,
  "smútok": -2,
  "snívať": 1,
  "sny": 1,
  "so zlomeným srdcom": -3,
  "sofistikovaný": 2,
  "šoky": -2,
  "solidarita": 2,
  "somár": -4,
  "spáchanie": 1,
  "spáchaný": -2,
  "spáchať": 1,
  "spameri": -3,
  "spammer": -3,
  "spamming": -2,
  "spása": 2,
  "spätný ráz": -3,
  "špekulatívne": -2,
  "speňaží": -2,
  "spevnil": 2,
  "špička": 2,
  "špina": -2,
  "špinavšie": -2,
  "špinavý": -2,
  "spletitý": 2,
  "spliesť": -2,
  "spĺňať": 2,
  "splnené": 2,
  "splnenie": 2,
  "splnomocnení": 2,
  "spochybňovaná": -1,
  "spochybňuje": -2,
  "spodina": -3,
  "spojenec": 2,
  "spokojný": 2,
  "spoľahlivo": 2,
  "spoľahlivosť": 2,
  "spoľahlivý": 2,
  "spolužitie": -3,
  "spomaliť": -2,
  "spor": -1,
  "sporný": -2,
  "spory": -2,
  "spôsobené": -2,
  "spôsobí": -2,
  "spôsobiť": -2,
  "spôsobovať": -2,
  "správnym smerom": 3,
  "spravodlivosť": 2,
  "spravodlivý": 2,
  "sprcha": -3,
  "sprenevera": -3,
  "spreneverili": -2,
  "sprisahania": -3,
  "spúšť": -2,
  "srac": -4,
  "srdcervúce": -3,
  "srdečný": 3,
  "stabilný": 2,
  "stanovené": 2,
  "starosti": 2,
  "starostlivo upravený": 2,
  "starostlivosť": 2,
  "Starved": -2,
  "šťastie": 3,
  "šťastný": 3,
  "státie": -2,
  "statočne": 3,
  "statočnosť": 3,
  "statočný": 2,
  "šťavnatý": -1,
  "stavy": -1,
  "sťažnosť": -2,
  "sťažnosti": -2,
  "sťažoval": -2,
  "sťažovanie": -2,
  "sťažovať": -2,
  "sťažovať si": -2,
  "sťažuje": -2,
  "štedrý": 2,
  "steny": -2,
  "stereotyp": -2,
  "stereotypné": -2,
  "stíhajú": -1,
  "stíhaný": -2,
  "stimulovaná": 1,
  "stimulovať": 1,
  "stimuluje": 1,
  "stinked": -2,
  "stonanie": -2,
  "stonať": -2,
  "stout": 2,
  "stráca": -3,
  "strach": -2,
  "štrajk": -1,
  "štrajku": -1,
  "štrajkujúci": -2,
  "strašidelný": 1,
  "strašiť": -1,
  "strašne": -2,
  "strašný": -2,
  "strasti": -3,
  "strata": -3,
  "stratená": -2,
  "stratený": -3,
  "straty": -3,
  "streľba": -2,
  "stres": -1,
  "stresor": -2,
  "stresory": -2,
  "strielať": -1,
  "strnulý": -1,
  "stroskotanec": -3,
  "stuhnúť": 2,
  "stúpa": 1,
  "štvanie": -2,
  "súboje": -1,
  "šuchtaví": -2,
  "súcit": 2,
  "súcitný": 2,
  "súdne predvolanie": -2,
  "súdny proces": -2,
  "súdy": -2,
  "sueing": -2,
  "súhlas": 2,
  "súhlasí": 1,
  "súhlasiť": 2,
  "súhlasy": 2,
  "suka": -4,
  "suky": -5,
  "súložiť": -4,
  "Super": 3,
  "súperiace": -1,
  "surový": -1,
  "suspendovaný": -1,
  "súženie": -2,
  "sužovali": -3,
  "sviňa": -5,
  "svoj prázdny": -2,
  "svrbivý": -2,
  "sympatický": 2,
  "synofafena": -5,
  "ťahal": -1,
  "ťahať": -1,
  "takeláž": -1,
  "talent": 2,
  "tard": -2,
  "ťažila": 2,
  "ťažiť": 2,
  "ťažké zločiny": -3,
  "ťažkosti": -2,
  "ťažký": -2,
  "temný": -2,
  "temperamentný": 3,
  "teplo": 2,
  "teploš": -3,
  "teplý": 1,
  "terorista": -2,
  "teroristi": -2,
  "terorizoval": -3,
  "terorizovať": -3,
  "terorizuje": -3,
  "teší": 2,
  "tešiť": 3,
  "tkáčsky stav": -1,
  "tlak": -1,
  "tlieska": 2,
  "tlieskajú": 2,
  "tlmivky": -2,
  "tma": -1,
  "tolerancia": 2,
  "tolerantné": 2,
  "top": 2,
  "totalitarizmu": -2,
  "totalitnej": -2,
  "touts": -2,
  "toxický": -3,
  "tragédie": -2,
  "tragický": -2,
  "trápenie": -2,
  "trápi": -1,
  "trápny": -2,
  "trasľavý": -2,
  "trasúce sa": -2,
  "trauma": -3,
  "traumatický": -3,
  "trblietanie": 3,
  "tremor": -2,
  "trestá": -2,
  "trestajúci": -2,
  "trestanie": -2,
  "trestať": -2,
  "trezor": 1,
  "trhák": 3,
  "trhnutie": -3,
  "třírohý": -2,
  "triumf": 4,
  "triumfálny": 4,
  "trol": -2,
  "trpí": -2,
  "trpiaci": -2,
  "trpieť": -2,
  "trpko": -2,
  "trúchliť": -2,
  "trúchlivá": -2,
  "trucovať": -2,
  "tučný": 2,
  "tuhne": 2,
  "tuhnúce": 2,
  "tuhý": 2,
  "túžba": 1,
  "túžobný": -1,
  "tvorivé": 2,
  "tvrdenie": -2,
  "tvrdohlavý": -2,
  "týčil": -1,
  "tyran": -2,
  "týranie": -2,
  "tyrannic": -3,
  "tyrans": -3,
  "tyransky": -3,
  "tyranský": -3,
  "úboho": -2,
  "uchádzač": -1,
  "uchvátila": 3,
  "účinne": 2,
  "účinnosť": 2,
  "úcta": 2,
  "uctievaný": 3,
  "uctievať": 3,
  "udatnosť": 2,
  "udelenie": 1,
  "udelený": 3,
  "udeliť": 3,
  "udivuje": 2,
  "udrel": -1,
  "udržateľnosť": 1,
  "udržateľný": 2,
  "udržateľným": 2,
  "uhladene": -2,
  "úhľadný": 2,
  "ujma": -2,
  "ukladá": -1,
  "ukradnúť": -2,
  "ukradnutý": -2,
  "ukradol": -2,
  "ukrutnosť": -3,
  "ukrutný": -3,
  "úkryt": -1,
  "uľahčiť": 1,
  "uľavilo": 2,
  "úľavy": 1,
  "uličnictví": -1,
  "uložený": 2,
  "uložila": -1,
  "uložiť": 2,
  "umierajúci": -3,
  "umlčanie": -1,
  "úmorný": -2,
  "úmrtia": -2,
  "úmrtnosť": -2,
  "únava": -2,
  "unavený": -2,
  "únavný": -2,
  "uncredited": -1,
  "underperformed": -2,
  "underperforming": -2,
  "unesený": -2,
  "unesie": -2,
  "ungenerous": -2,
  "uniesol": -2,
  "uniesť": -2,
  "únik": -1,
  "unikajúci": -1,
  "unikli": -1,
  "uniknúť": -1,
  "únos": -2,
  "únosy": -2,
  "unreleting": -2,
  "upchatý": -1,
  "úplatky": -3,
  "úplatok": -3,
  "upokojený": 2,
  "upokojil": 1,
  "upokojilo": 2,
  "upokojiť": 3,
  "upokojuje": 2,
  "upokojujúce": 3,
  "úprimne": 2,
  "úprimnosť": 2,
  "úprimný": 2,
  "úradujúci": 1,
  "uráža": -2,
  "urážajúce": -2,
  "urážať": -2,
  "urazený": -2,
  "urazil": -1,
  "uraziť": -2,
  "urážka": -2,
  "urážky": -2,
  "urážlivo": -2,
  "úrodný": 2,
  "usilovne": -1,
  "ušľachtilý": 2,
  "úsmev": 2,
  "úsmevy": 2,
  "usmiala": 2,
  "usmievavý": 2,
  "usmrcujúc": -2,
  "úspech": 2,
  "úspechy": 2,
  "uspeje": 3,
  "uspel": 3,
  "úspešne": 3,
  "úspešný": 3,
  "uspokojenie": 2,
  "úspory": 1,
  "ustarostený": -2,
  "uštipačný": -2,
  "ustráchaný": -2,
  "ustúpiť": -1,
  "usvedčiť": -3,
  "úteky": -1,
  "utešoval": 3,
  "utláčaných": -2,
  "útlak": -2,
  "útočiace": -1,
  "útočný": -2,
  "útok": -1,
  "útoky": -1,
  "utopený": -2,
  "utopí": -2,
  "utopiť": -2,
  "utrpel": -2,
  "utrpenia": -2,
  "utrpenie": -2,
  "uväznenie": -2,
  "uväznený": -2,
  "uviazol": -2,
  "uviesť do omylu": -3,
  "uviesť do rozpakov": -2,
  "uvítala": 2,
  "uvoľnený": 2,
  "úžas": 2,
  "úžasne": 3,
  "úžasné": 4,
  "užasnutý": 2,
  "úžasný": 4,
  "uzavretie": -2,
  "Užite si to": 2,
  "užitočnosť": 2,
  "užitočný": 2,
  "úzkosť": -2,
  "úzkosti": -2,
  "úzkostlivý": -2,
  "uzmieriť": 2,
  "uznanie": 2,
  "uznávaný": 2,
  "V obľúbených": 2,
  "v režime offline": -1,
  "v rozpakoch": -2,
  "v šoku": -2,
  "vábiť": 3,
  "väčší": 3,
  "vada": -3,
  "vady": -2,
  "vágne": -2,
  "váhať": -2,
  "váhavý": -2,
  "varoval": -2,
  "varovanie": -3,
  "varovať": -2,
  "varuje": -2,
  "vášeň": 1,
  "vášnivý": 2,
  "väzeň": -2,
  "väzenia": -2,
  "vážený": 2,
  "vážne": -2,
  "väzni": -2,
  "vďačný": 3,
  "Vďaka": 2,
  "vedľajší účinok": -2,
  "vedľajšie účinky": -2,
  "vedúce k triezvosti": 1,
  "vedúci": 2,
  "veľkolepý": 3,
  "veľkoryso": 2,
  "veľký": 3,
  "venovanie": 2,
  "ventilátor": 3,
  "verdikt": -1,
  "verdikty": -1,
  "vernosť": 3,
  "verný": 3,
  "veselí": 4,
  "veselo": 3,
  "veselý": 3,
  "veta": -2,
  "vety": -2,
  "vhodne": 2,
  "vhodnosť": 1,
  "vhodný": 2,
  "vibrujúci": 3,
  "videnie": 1,
  "viera": 1,
  "vina": -2,
  "vinil": -2,
  "vínny": -3,
  "virulentné": -2,
  "visioning": 1,
  "víta": 2,
  "vitajte": 2,
  "vitalita": 3,
  "vitamín": 1,
  "víťaz": 4,
  "víťazi": 3,
  "víťazný": 4,
  "víťazstvo": 3,
  "vízia": 1,
  "vizionár": 3,
  "vlajková loď": 2,
  "vlastnosti": 2,
  "vlečie": -1,
  "vnucuje": -2,
  "vodcovstvo": 1,
  "vojna": -2,
  "voľný": -3,
  "vplyvný": 2,
  "vrah": -2,
  "vrak": -2,
  "vrava": -3,
  "vražda": -2,
  "vraždenie": -3,
  "vraždy": -2,
  "vražedný": -3,
  "vrcholy": 2,
  "vrelý": 2,
  "vriacej": 2,
  "vrúcne": 3,
  "všadeprítomný": 2,
  "vstrebáva": 1,
  "vtip": 2,
  "vtipné": 2,
  "vtipný": 2,
  "vtipy": 2,
  "výberový": 1,
  "vyčerpaný": -2,
  "vychutnáva": 2,
  "vychvaľovať": -2,
  "vydesený": -2,
  "vydesiť": -2,
  "vydiera": -3,
  "vydieral": -3,
  "vydieranie": -3,
  "výdrž": 2,
  "vyhladená": -2,
  "vyhladiť": -2,
  "vyhliadka": 1,
  "vyhliadky": 1,
  "vyhnať": -2,
  "vyhnúť": -1,
  "vyhnúť sa": -1,
  "výhoda": 2,
  "výhodne": 2,
  "výhodný": 2,
  "výhody": 2,
  "výhra": 4,
  "výhradný": 2,
  "vyhráva": 4,
  "vyhrážok": -2,
  "vyhýba": -1,
  "vyjednávanie": -1,
  "vykoľají": -2,
  "vykoľajil": -2,
  "vykoľajiť": -2,
  "vykríkol": -2,
  "výkriky": -2,
  "vykúpil": 2,
  "vylúčené": -2,
  "vylúčenie": -1,
  "vylúčený": -2,
  "vylúči": -2,
  "vylúčiť": -1,
  "vymanévrovali": -2,
  "vymazané": 1,
  "vymaže": 1,
  "výmysel": -2,
  "vymývanie mozgu": -3,
  "vynechal": -2,
  "vynikajúci": 5,
  "výnosný": 2,
  "vynútený": -1,
  "vyobcovať": -2,
  "výpadky": -2,
  "výpadok": -2,
  "vypaľovali": -2,
  "vypočúvaný": -2,
  "vypovedať": -2,
  "vyprovokovaný": -1,
  "vypudenie": -1,
  "vypudzovanie": -2,
  "vypuknutia": -2,
  "vyradené": -1,
  "vyraďovanie": -1,
  "výrastky": 2,
  "vyrážka": -2,
  "vyriešené": 3,
  "vyriešenie": 2,
  "vyriešený": 2,
  "vyriešiť": 2,
  "vysať": -3,
  "výsluch": -2,
  "výsmech": -2,
  "vysmieva": -2,
  "vysmievať": -2,
  "vystavený": -1,
  "vystaví": -1,
  "vystaviť": -1,
  "vystavovať": -1,
  "výstraha": -3,
  "vystrašený": -3,
  "výstrižok": -1,
  "vytesnenie": -1,
  "vytrhnutí": 2,
  "vytrhnutiu": 2,
  "vytrvalý": 2,
  "výtržnosť": -2,
  "využiť": -2,
  "využívané": -2,
  "využívania": -2,
  "vyvážený": 1,
  "význačný": 2,
  "význam": 1,
  "vyznamenanie": 2,
  "významný": 2,
  "výzva": -1,
  "vyzvať": 1,
  "vzbura": -2,
  "vzdorný": -1,
  "vzdorovitý": -2,
  "vzdychá": -2,
  "vzostup": 1,
  "vzrušenie": 3,
  "vzrušený": 3,
  "vzrušujúce": 3,
  "WinWin": 3,
  "woebegone": -2,
  "won": 3,
  "woohoo": 3,
  "wooo": 4,
  "woow": 4,
  "Wow": 4,
  "wowow": 4,
  "wowww": 4,
  "wtf": -4,
  "wtff": -4,
  "wtfff": -4,
  "xo": 3,
  "xoxo": 3,
  "xoxoxo": 4,
  "xoxoxoxo": 4,
  "yeees": 2,
  "zábava": 4,
  "zábavnejšie": 4,
  "zábavný": 2,
  "zabavovania": -2,
  "zábere": 1,
  "zabezpečiť": 2,
  "zabezpečovaní": 1,
  "zabezpečuje": 2,
  "zabiť": -3,
  "zabitie": -2,
  "zablatený": -2,
  "zablokovanie": -2,
  "zabránené": -1,
  "zabraňuje": -1,
  "zabraný": 1,
  "zábudlivý": -1,
  "zabudnúť": -1,
  "zabudnutý": -1,
  "Zabudol": -1,
  "zachované": -1,
  "záchrana": 2,
  "záchranca": 4,
  "zachránený": 2,
  "záchrany": 2,
  "zadá nesprávne": -2,
  "zadarmo": 1,
  "zadržanie": -2,
  "zadržaný": -2,
  "zahájená": 1,
  "zahanbený": -2,
  "zaistené": 2,
  "zaistiť": 1,
  "zajasali": 2,
  "zakalí": -2,
  "zákaz": -2,
  "zakázanie": -1,
  "zakázaný": -2,
  "zakázať": -1,
  "zakazuje": -1,
  "zákernosť": -3,
  "zakliaty": 2,
  "záležitosť": 1,
  "záležitosti": 1,
  "žalostný": -2,
  "žaloval": -2,
  "žalovať": -1,
  "založí": -2,
  "založiť niekam": -2,
  "záľuba": 2,
  "záľuby": 2,
  "záludný": -1,
  "žaluje": -2,
  "žalujú": -2,
  "zamaskovať": -1,
  "zameraný": 2,
  "zamietnuté": -2,
  "zamietnutie": -2,
  "zamietnutý": -2,
  "zamilovane": 3,
  "zamilovaný": 3,
  "zamorený": -2,
  "zamoriť": -2,
  "zamoruje": -2,
  "zamračený": -1,
  "zanechať": -1,
  "zanedbanie": -2,
  "zanedbaný": -2,
  "zanedbateľný": -2,
  "zanedbáva": -2,
  "zanietený": 2,
  "zaniknutý": -2,
  "zanovitý": -2,
  "zaostávajúce": -2,
  "zaostával": -2,
  "zapáchal": -2,
  "zápasí": -2,
  "zápasil": -2,
  "zápasiť": -1,
  "zápcha": -2,
  "zaplašit": -1,
  "zapôsobiť": 3,
  "zarážajúce": 3,
  "zarmútený": -2,
  "zarmútil": -2,
  "zarmútiť": -2,
  "zármutok": -2,
  "záruka": 1,
  "zasalutoval": 2,
  "zasmiala": 1,
  "zasnúbiť sa": 1,
  "zasranú": -5,
  "zasraný": -4,
  "zasraný lásky": 4,
  "zastaraný": -2,
  "zastavenie": -1,
  "zastavil": -1,
  "zastávok": -1,
  "zasténání": -2,
  "zastierací": -1,
  "zastonal": -2,
  "zastrašiť": -2,
  "zastrašovanie": -2,
  "zastrašuje": -2,
  "zastrašujúce": -2,
  "záťaž": -2,
  "zaťažený": -2,
  "zaťažovanie": -2,
  "zatiahnutý": -1,
  "zatienené": -1,
  "zatknúť": -2,
  "zatlieskať": 2,
  "zatratený": -4,
  "zatrpknutý": -2,
  "zatýkanie": -2,
  "zaujatý": -2,
  "záujem": 2,
  "zaujímavý": 2,
  "záujmy": 1,
  "zavádzajúce": -3,
  "záväzok": 2,
  "závidia": -1,
  "závislý": 2,
  "závisť": -1,
  "závistlivý": -2,
  "závratný": -2,
  "závraty": -1,
  "zázrak": 4,
  "zbabelec": -2,
  "zbabelý": -2,
  "zbavenie": 2,
  "zbavuje": 2,
  "zbohatlík": -2,
  "zbožňoval": 3,
  "zbožňovanie": 3,
  "zbožňuje": 3,
  "zbytočná": -2,
  "zbytočnosť": -2,
  "zbytočný": -2,
  "zdar": 2,
  "zdeformovaný": -2,
  "zdesenie": -2,
  "zdesený": 2,
  "zdevastovanej": -2,
  "zdieľam": 1,
  "zdieľaná": 1,
  "zdiskreditovaný": -2,
  "zdokonalil": 2,
  "zdokonaľuje": 2,
  "zdôraznenie": 3,
  "zdôraznil": -2,
  "zdravím": 2,
  "zdraviť": 2,
  "zdravý": 2,
  "zdržať": -2,
  "zdvorilosť": 2,
  "zdvorilý": 2,
  "žehná": 2,
  "želanie": 1,
  "žeravý": 1,
  "zhoršenie": -2,
  "zhoršila": -2,
  "zhoršilo": -2,
  "zhoršiť": -2,
  "zhoršovanie": -3,
  "zhoršuje": -2,
  "zhoršujúce": -2,
  "zhotovené": -1,
  "zhovievavý": 1,
  "zhrešiť": -2,
  "žiadna zábava": -3,
  "žiadostivý": 2,
  "žiaduce": 2,
  "žiarlivosť": -2,
  "žiarlivý": -2,
  "zisk": 2,
  "získané": 2,
  "získavať": 2,
  "zisky": 2,
  "živo": 2,
  "zjednávať": 2,
  "zjednodušené": -2,
  "zjednodušuje": -2,
  "zjednotený": 1,
  "zjemniť": 1,
  "zľahčovať": -1,
  "zľakol": -2,
  "zlato": 2,
  "Zlatý klinec": 2,
  "zľavnené": -1,
  "zle": -2,
  "zlé": -2,
  "zle obsadený": -2,
  "zle pochopiť": -2,
  "zlepšenie": 2,
  "zlepšil": 2,
  "zlepšiť": 2,
  "zlepšovanie": 2,
  "zlepšuje": 2,
  "zlo": -3,
  "zločin": -3,
  "zločinci": -3,
  "zločiny": -3,
  "zlodej": -2,
  "zlomený": -1,
  "zlomil": -1,
  "zlomyseľný": -2,
  "zlosť": -2,
  "zlovestný": 3,
  "zlý": -2,
  "zlyhá": -2,
  "zlyhanie": -2,
  "zlyhať": -2,
  "zmanipulované": -1,
  "zmaril": -2,
  "zmariť": -2,
  "zmätene": -2,
  "zmätený": -2,
  "zmieria": 2,
  "zmieril": 2,
  "zmieriť": 2,
  "zmiernenie": 2,
  "zmiznúť": -1,
  "zmizol": -1,
  "zmocniť": 2,
  "znamenitý": 3,
  "známy": -2,
  "znásilnená": -4,
  "znásilnenie": -4,
  "znechutený": -3,
  "znechutiť": -3,
  "znečistenie": -2,
  "znečistený": -2,
  "znečisťovať": -2,
  "znečisťovateľ": -2,
  "znečisťovatelia": -2,
  "znečisťuje": -2,
  "znečisťujúce": -2,
  "znehybnený": -1,
  "znepokojený": -2,
  "znepokojovať": -3,
  "znepokojujúce": -2,
  "znervózňujúce": -3,
  "zneschopňujúci": -2,
  "zneuctenie": -2,
  "zneužiť": -2,
  "zneužitie": -2,
  "zneužitý": -3,
  "zneužívanie": -2,
  "zneužívať": -3,
  "znevažovať": -2,
  "znevažujú": -2,
  "znevýhodnený": -2,
  "znevýhodňuje": -2,
  "zničenie": -3,
  "zničený": -2,
  "zničiť": -2,
  "zničujúci": -2,
  "znudený": -2,
  "zodpovednosť": 1,
  "zodpovedný": 2,
  "zomrel": -3,
  "zomrieť": -3,
  "zosilnenie": 1,
  "zosmiešňoval": -2,
  "zosmiešňuje": -2,
  "zostudit": -2,
  "zosúladené postupy": -3,
  "zosúvaniu": -1,
  "zotročený": -2,
  "zotročiť": -2,
  "zotročuje": -2,
  "žoviálny": 3,
  "zpražil": -1,
  "zrada": -3,
  "zradil": -3,
  "zradiť": -3,
  "zradný": -3,
  "zrádzať": -3,
  "zranenia": -2,
  "zraniteľnosť": -2,
  "zraniteľný": -2,
  "zrazí": -1,
  "zrážka": -2,
  "zrelý": 2,
  "zrúcanina": -2,
  "zrušenie": -1,
  "zrušený": -1,
  "zruší": -1,
  "Zrušiť": -1,
  "zrútenie": -2,
  "zrúti": -2,
  "zrútila": -2,
  "zúfa": -3,
  "zúfalo": -3,
  "zúfalstvo": -3,
  "zúfalý": -3,
  "zúrivý": -1,
  "zušľachťuje": 1,
  "zväčšiť": 1,
  "zvädnutý": -2,
  "zvar": -2,
  "zvedavý": 2,
  "zverené": 2,
  "zviesť": -1,
  "zvláštny": -1,
  "zvracal": -3,
  "zvracanie": -3,
  "zvracať": -3,
  "zvracia": -3,
  "zvrhlík": -3,
  "zvýšená": 1,
  "zvýšiť": 1
}