{
  "ਚੜ੍ਹਾ": -2,
  "ਚੁਪੀਤੇ": -2,
  "ਪ੍ਰੇਮਿਕਾ": 2,
  "ਮੱਠੇ": -2,
  "ਖੜ੍ਹੇ ਕਰ ਸਕਦਾ ਹੈ": -3,
  "absolve": 2,
  "absolving": 2,
  "accolade": 2,
  "adore": 3,
  "adored": 3,
  "adoring": 3,
  "advantageously": 2,
  "affectionateness": 3,
  "affronted": -1,
  "aficionados": 2,
  "aggravates": -2,
  "aggressions": -2,
  "aghast": -2,
  "agog": 2,
  "agonises": -3,
  "alarmist": -2,
  "alarmists": -2,
  "amaze": 2,
  "amuse": 3,
  "amused": 3,
  "annoys": -2,
  "apeshit": -3,
  "appeases": 2,
  "arsehole": -4,
  "assfucking": -4,
  "astound": 3,
  "astounds": 3,
  "attractively": 2,
  "Avengers": -2,
  "avenges": -2,
  "averts": -1,
  "badass": -3,
  "bamboozle": -2,
  "bamboozled": -2,
  "bamboozles": -2,
  "bankster": -3,
  "beatific": 3,
  "beauties": 3,
  "bereave": -2,
  "bereaves": -2,
  "bereaving": -2,
  "bitch": -5,
  "bitches": -5,
  "bitterest": -2,
  "blackmails": -3,
  "blah": -2,
  "blithe": 2,
  "bloated": -1,
  "boastful": -2,
  "bothersome": -2,
  "brainwashing": -3,
  "braveness": 2,
  "bravura": 3,
  "brilliances": 3,
  "brooding": -2,
  "bummer": -2,
  "calmed": 2,
  "censored": -2,
  "censors": -2,
  "chagrined": -2,
  "championed": 2,
  "charmingly": 3,
  "charmless": -3,
  "cheaters": -3,
  "CHEER": 2,
  "cheerless": -2,
  "cheers": 2,
  "chided": -3,
  "chides": -3,
  "clueless": -2,
  "cocksucker": -5,
  "cocksuckers": -5,
  "cocky": -2,
  "combats": -1,
  "conciliated": 2,
  "conciliates": 2,
  "conciliating": 2,
  "conflictive": -2,
  "consolable": 2,
  "contagion": -2,
  "contagions": -2,
  "contestable": -2,
  "controversially": -2,
  "convivial": 2,
  "courageousness": 2,
  "Coward": -2,
  "coziness": 2,
  "cramp": -1,
  "crappy": -3,
  "crazier": -2,
  "craziest": -2,
  "crestfallen": -2,
  "criminate": -3,
  "criminated": -3,
  "criminates": -3,
  "cunt": -5,
  "cute": 2,
  "Damn cute": 3,
  "Damn ਚੰਗਾ": 4,
  "darkest": -2,
  "Defender": 2,
  "deferring": -1,
  "defrauds": -3,
  "dehumanize": -2,
  "dehumanizes": -2,
  "deject": -2,
  "dejects": -2,
  "demoralizes": -2,
  "denier": -2,
  "deniers": -2,
  "deplore": -3,
  "deploring": -3,
  "deporting": -2,
  "derides": -2,
  "despairs": -3,
  "detracted": -1,
  "detracts": -1,
  "devastations": -2,
  "dick": -4,
  "dickhead": -4,
  "dilligence": 2,
  "dipshit": -3,
  "direful": -3,
  "dirtiest": -2,
  "disapprovals": -2,
  "disconsolation": -2,
  "disdain": -2,
  "disguising": -1,
  "disgustful": -3,
  "disparaged": -2,
  "disparages": -2,
  "disrespected": -2,
  "distorting": -2,
  "dodgy": -2,
  "dolorous": -2,
  "douche": -3,
  "douchebag": -3,
  "dour": -2,
  "dreading": -2,
  "dreary": -2,
  "droopy": -2,
  "drowns": -2,
  "drudgery": -2,
  "dumbass": -3,
  "dupery": -2,
  "eerie": -2,
  "eery": -2,
  "embarrasses": -2,
  "endorses": 2,
  "engrossing": 3,
  "ennui": -2,
  "enrage": -2,
  "enrages": -2,
  "enraging": -2,
  "enrapture": 3,
  "ErrorWithTranslation": -1,
  "evacuates": -1,
  "evergreening": -3,
  "evergreens": 2,
  "exaggerates": -2,
  "exasparate": -2,
  "exasperates": -2,
  "exhilarated": 3,
  "exhilarates": 3,
  "exonerating": 2,
  "expelling": -2,
  "exuberant": 4,
  "exultantly": 3,
  "fabulously": 4,
  "fagot": -3,
  "fagots": -3,
  "faker": -3,
  "faking": -3,
  "falsify": -3,
  "fascinates": 3,
  "favourited": 2,
  "fervid": 2,
  "fiasco": -3,
  "foreclosures": -2,
  "forgettable": -1,
  "fraudster": -4,
  "fraudulence": -4,
  "freak": -2,
  "frikin": -2,
  "frisky": 2,
  "ftw": 3,
  "fuckers": -4,
  "fuckface": -4,
  "fuckhead": -4,
  "fuckin": -4,
  "fucktard": -4,
  "fud": -3,
  "fuked": -4,
  "fuking": -4,
  "fuming": -2,
  "funky": 2,
  "funnier": 4,
  "Funny": 4,
  "Gag": -2,
  "genial": 3,
  "glamourous": 3,
  "gleeful": 3,
  "glum": -2,
  "goddamn": -3,
  "godsend": 4,
  "goofiness": -2,
  "goofy": -2,
  "gr8": 3,
  "Grand": 3,
  "greenwash": -3,
  "greenwasher": -3,
  "greenwashers": -3,
  "greenwashing": -3,
  "growths": 2,
  "Haha": 3,
  "hahaha": 3,
  "hahahah": 3,
  "hardier": 2,
  "harshest": -2,
  "hehe": 2,
  "hideous": -3,
  "hooligan": -2,
  "hooliganism": -2,
  "horrid": -3,
  "huckster": -2,
  "hugs": 2,
  "humbug": -2,
  "humerous": 3,
  "humor": 2,
  "humourous": 2,
  "hysterics": -3,
  "icky": -3,
  "idiocy": -3,
  "imbecile": -3,
  "impairing": -2,
  "impeachments": -3,
  "impedingly": -2,
  "imposter": -2,
  "incapacitates": -2,
  "incapacitating": -2,
  "incensing": -2,
  "incoherent": -2,
  "indifference": -2,
  "indoctrinate": -2,
  "indoctrinated": -2,
  "indoctrinates": -2,
  "indoctrinating": -2,
  "inediable": -2,
  "ineffectively": -2,
  "inefficiently": -2,
  "ineptitude": -2,
  "inexorable": -3,
  "infantilized": -2,
  "infest": -2,
  "infests": -2,
  "infract": -2,
  "infracted": -2,
  "infracting": -2,
  "infracts": -2,
  "infuriate": -2,
  "insolvent": -2,
  "insufficiency": -2,
  "intransigency": -2,
  "irreproducible": -2,
  "irresistibly": 2,
  "irresolute": -2,
  "jackass": -4,
  "jackasses": -4,
  "jaunty": 2,
  "jerk": -3,
  "jocular": 2,
  "Jolly": 2,
  "jovial": 2,
  "kidnaps": -2,
  "Kudos": 3,
  "lackadaisical": -2,
  "laughting": 1,
  "lawl": 3,
  "lethality": -2,
  "lethargy": -2,
  "libelous": -2,
  "likeable": 2,
  "likers": 2,
  "livid": -2,
  "lmao": 4,
  "LMFAO": 4,
  "loathes": -3,
  "lobbied": -2,
  "lol": 3,
  "lolol": 4,
  "lololol": 4,
  "lolololol": 4,
  "lonesome": -2,
  "lool": 3,
  "looming": -1,
  "loool": 3,
  "looool": 3,
  "lousy": -2,
  "lovelies": 3,
  "lovely": 3,
  "ludicrous": -3,
  "lugubrious": -2,
  "maddening": -3,
  "maladaption": -2,
  "maldevelopment": -2,
  "memoriam": -2,
  "menaced": -2,
  "menaces": -2,
  "mesmerizing": 3,
  "mindless": -2,
  "mirthful": 3,
  "mirthfully": 3,
  "misbranding": -3,
  "miscast": -2,
  "misclassified": -2,
  "misclassifies": -2,
  "misclassify": -2,
  "misconducted": -2,
  "misconducting": -2,
  "misconducts": -2,
  "misfire": -2,
  "misgiving": -2,
  "misleaded": -3,
  "misplaces": -2,
  "misplacing": -2,
  "mispricing": -3,
  "misread": -1,
  "misreport": -2,
  "misreported": -2,
  "misreporting": -2,
  "misreports": -2,
  "misunderstands": -2,
  "moan": -2,
  "moaned": -2,
  "modernizes": 2,
  "monopolizes": -2,
  "monopolizing": -2,
  "monotone": -1,
  "mope": -1,
  "moping": -1,
  "motherfucker": -5,
  "motherfucking": -5,
  "mumpish": -2,
  "n00b": -2,
  "nasty": -3,
  "neglects": -2,
  "niggas": -5,
  "nigger": -5,
  "noob": -2,
  "obliterate": -2,
  "obnoxious": -3,
  "obscenity": -2,
  "obstructs": -2,
  "offensively": -2,
  "oks": 2,
  "optionless": -2,
  "ostracizes": -2,
  "ouch": -2,
  "overprotective": -2,
  "overreacted": -2,
  "overreaction": -2,
  "oversell": -2,
  "overselling": -2,
  "oversells": -2,
  "oversimplified": -2,
  "oversimplifies": -2,
  "oversimplify": -2,
  "oversold": -2,
  "overstatements": -2,
  "overwrought": -3,
  "oxymoron": -1,
  "parley": -1,
  "penalizes": -2,
  "pensive": -1,
  "perfects": 2,
  "pervert": -3,
  "pesky": -2,
  "phobic": -2,
  "pique": -2,
  "piqued": -2,
  "pissing": -3,
  "piteous": -2,
  "plodding": -2,
  "polite": 2,
  "pollutant": -2,
  "polluter": -2,
  "polluters": -2,
  "postpones": -1,
  "prblm": -2,
  "prblms": -2,
  "profiteer": -2,
  "provokes": -1,
  "pseudoscience": -3,
  "psychopathic": -2,
  "pushy": -1,
  "racists": -3,
  "rageful": -2,
  "rant": -3,
  "ranter": -3,
  "ranters": -3,
  "rants": -3,
  "raptured": 2,
  "raptures": 2,
  "rapturous": 4,
  "regretful": -2,
  "repellent": -2,
  "repercussion": -2,
  "Repulse": -1,
  "retard": -2,
  "Retreat": -1,
  "revengeful": -2,
  "rigged": -1,
  "riveting": 3,
  "robing": -2,
  "rofl": 4,
  "roflcopter": 4,
  "roflmao": 4,
  "romantical": 2,
  "rotfl": 4,
  "rotflmfao": 4,
  "rotflol": 4,
  "rude": -2,
  "sappy": -1,
  "savange": -2,
  "savanges": -2,
  "scold": -2,
  "scumbag": -4,
  "secures": 2,
  "sexistic": -2,
  "sexy": 3,
  "shaky": -2,
  "shit": -4,
  "shithead": -4,
  "shitty": -3,
  "shoody": -2,
  "sincerest": 2,
  "singleminded": -2,
  "skeptic": -2,
  "sleeplessness": -2,
  "Slick": 2,
  "slicker": 2,
  "slickest": 2,
  "slumping": -1,
  "slut": -5,
  "smuggles": -2,
  "sneaky": -1,
  "snubbing": -2,
  "snubs": -2,
  "solidifies": 2,
  "solidifying": 2,
  "spammers": -3,
  "Spirited": 2,
  "spiritless": -2,
  "squelched": -1,
  "stank": -2,
  "stimulates": 1,
  "stingy": -2,
  "stinked": -2,
  "stinker": -2,
  "stinks": -2,
  "stinky": -2,
  "stout": 2,
  "stressor": -2,
  "stupidity": -3,
  "stupidly": -2,
  "subpoena": -2,
  "suck": -3,
  "sucks": -3,
  "Sue": -2,
  "sueing": -2,
  "sulky": -2,
  "swindle": -3,
  "swindles": -3,
  "tard": -2,
  "terrifically": 4,
  "terrorizes": -3,
  "thwarts": -2,
  "timorous": -2,
  "tits": -2,
  "touts": -2,
  "transgresses": -2,
  "treasonous": -3,
  "tremulous": -2,
  "Troll": -2,
  "twat": -5,
  "tyran": -3,
  "tyrannic": -3,
  "tyrannically": -3,
  "tyrans": -3,
  "ubiquitous": 2,
  "ugh": -2,
  "ugliness": -3,
  "unappeasable": -2,
  "unattractive": -2,
  "unconvinced": -1,
  "uncredited": -1,
  "underestimating": -1,
  "underperform": -2,
  "underperforming": -2,
  "underperforms": -2,
  "unequaled": 2,
  "unfitted": -2,
  "unfunny": -2,
  "unhygienic": -2,
  "unimpressed": -2,
  "uninvolving": -2,
  "unoriginal": -2,
  "unparliamentary": -2,
  "unpleasantness": -2,
  "unravel": 1,
  "unreleting": -2,
  "unresearched": -2,
  "unsophisticated": -2,
  "uptight": -2,
  "vapid": -2,
  "vexing": -2,
  "victimize": -3,
  "victimizes": -3,
  "Victor": 3,
  "virulent": -2,
  "visioning": 1,
  "wanker": -3,
  "whimsical": 1,
  "winwin": 3,
  "Won": 3,
  "Woo": 3,
  "woohoo": 3,
  "wooo": 4,
  "woow": 4,
  "wowow": 4,
  "wowww": 4,
  "WTF": -4,
  "wtff": -4,
  "wtfff": -4,
  "XO": 3,
  "xoxo": 3,
  "xoxoxo": 4,
  "xoxoxoxo": 4,
  "yeah": 1,
  "yeees": 2,
  "yucky": -2,
  "yummy": 3,
  "ਉਸਤਤ": 3,
  "ਉਹ ਸਹਿਮਤ": -2,
  "ਉਕਸਾਉਣ": -1,
  "ਉਚਿਤ": 2,
  "ਉੱਚੀ": -2,
  "ਉਚੇਚਾ": 3,
  "ਉਜਾੜ ਦਿੱਤਾ": -2,
  "ਉਠਿਆ": 1,
  "ਉਡਾ": -2,
  "ਉਡਾਇਆ": -2,
  "ਉਡੀਕ": -1,
  "ਉਤਸ਼ਾਹਜਨਕ": 2,
  "ਉਤਸਾਹਿਤ": 3,
  "ਉਤਸ਼ਾਹਿਤ ਕਰਦਾ ਹੈ": 2,
  "ਉਤਸ਼ਾਹੀ": 1,
  "ਉਤਸੁਕ": 1,
  "ਉੱਤਮ": 2,
  "ਉੱਤਮਤਾ": 3,
  "ਉਤਵਾਲੇ": -2,
  "ਉੱਤੇਜਕ": 2,
  "ਉਤੇਜਿਤ": 1,
  "ਉੱਦਮੀ": 1,
  "ਉਦਾਸ": -2,
  "ਉਦਾਸੀ": -1,
  "ਉਦਾਸੀਨ": -1,
  "ਉਦਾਰ": 1,
  "ਉੱਨਾ": -2,
  "ਉਪਹਾਸ": -2,
  "ਉਪਜਾਊ": 2,
  "ਉਪੱਦਰੀ": -2,
  "ਉਪਦੇਸ਼ ਦਿੰਦੇ ਹਨ": -2,
  "ਉਪਾਸ਼ਨਾ": 3,
  "ਉਮੰਗ": 1,
  "ਉਮੀਦ": 1,
  "ਉਮੀਦ ਹੈ": 2,
  "ਉਲੰਘਣ": -2,
  "ਉਲੰਘਣਾ": -2,
  "ਉਲਝਣ": -2,
  "ਉਲਝਾ": -2,
  "ਉਲਟੀ": -3,
  "ਊਰਜਾਵਾਨ": 2,
  "ਓਏ": -2,
  "ਓਹ": -2,
  "ਓਹਲੇ": -1,
  "ਓਦਰੇਹੋਏ": -2,
  "ਓਵਰ": -1,
  "ਅਸਹਿ": -2,
  "ਅਸਹਿਮਤ": -2,
  "ਅਸਤਿ": -2,
  "ਅਸਤੀਫਾ": -1,
  "ਅਸਤੀਫ਼ਾ": -1,
  "ਅਸੰਤੁਸ਼ਟ": -2,
  "ਅਸਥਿਰ": -2,
  "ਅਸਪਸ਼ਟ": -2,
  "ਅਸਫ਼ਲ": -2,
  "ਅਸਫਲਤਾ": -2,
  "ਅਸਮਰੱਥ ਹੈ": -2,
  "ਅਸਮਰਥਾ": -2,
  "ਅਸਮਾਨ": -1,
  "ਅਸਰਦਾਰ": 2,
  "ਅਸਰਦਾਰ ਤਰੀਕੇ": 2,
  "ਅਸ਼ਲੀਲ": -2,
  "ਅਸ਼ਾਂਤ": -2,
  "ਅਸਾਧਾਰਣ": -2,
  "ਅਸੀਸ": 2,
  "ਅਸ਼ੁਭ": 3,
  "ਅਸੁਰੱਖਿਅਤ": -2,
  "ਅਸੁਵਿਧਾ": -2,
  "ਅਸੁਿਵਧਾਜਨਕ": -2,
  "ਅਹਮਦਾਬਾਦ": -2,
  "ਅਕਲ": 2,
  "ਅਕੁਸ਼ਲ": -2,
  "ਅੱਗ": -2,
  "ਅਗਲੇ": 3,
  "ਅਗਵਾ": -2,
  "ਅਗਵਾਈ": 2,
  "ਅਗਾਧ": -2,
  "ਅਗਿਆਨਤਾ": -2,
  "ਅਚਰਜ": 4,
  "ਅਚਾਨਕ": -2,
  "ਅਜਾਰੇਦਾਰੀ": -2,
  "ਅਜਿੱਤ": 2,
  "ਅਜੀਬ": -2,
  "ਅਟਕ": -2,
  "ਅਟਕਲਪੱਚੂ": -2,
  "ਅਟੱਲ": 2,
  "ਅੱਡੀ": -2,
  "ਅਣਉਚਿਤ": -2,
  "ਅਣਉਪਲਬਧ": -1,
  "ਅਣਗਹਿਲੀ": -2,
  "ਅਣਚਾਹੇ": -2,
  "ਅਣਜਾਣ": -2,
  "ਅਣਜਾਣੇ": -2,
  "ਅਣਮਨੁੱਖੀ": -2,
  "ਅਣਵਰਿਤਆ": -2,
  "ਅੱਤਵਾਦ": -3,
  "ਅੱਤਵਾਦੀ": -2,
  "ਅਤਿਆਚਾਰ": -3,
  "ਅੱਤਿਆਚਾਰ": -3,
  "ਅਤੇਏਕਤਾਪੂਰਵਕ": 2,
  "ਅਤੇਪਿਹਲੀ": -2,
  "ਅੰਦਾਜ਼ਾ": -1,
  "ਅੰਧ": -2,
  "ਅਧੂਰਾ": -1,
  "ਅਧੂਰਾ ਛੱਡਿਆ": -1,
  "ਅਧੂਰੀ": -2,
  "ਅੰਨ੍ਹੇ": -1,
  "ਅਨੰਦ": 3,
  "ਅਨੰਦਮਈ": 3,
  "ਅਨਪੜ੍ਹਤਾ": -2,
  "ਅਨਿਸ਼ਚਿਤ": -1,
  "ਅਨੁਕੂਲ": 2,
  "ਅਨੁਚਿਤ": -2,
  "ਅਨੁਦਾਨ": 1,
  "ਅਨੈਤਿਕ": -2,
  "ਅਨੋਖਾ": -2,
  "ਅਪ messing": -2,
  "ਅਪ ਸਕ੍ਰਿਊ": -3,
  "ਅਪੰਗਤਾ": -2,
  "ਅਪਣਾਉਣ": 1,
  "ਅਪਣਾਇਆ": 1,
  "ਅਪਨਾ": 2,
  "ਅਪਮਾਨ": -2,
  "ਅਪਮਾਨਜਨਕ": -2,
  "ਅਪ੍ਰਭਾਵੀ": -2,
  "ਅਪਰਾਧ": -3,
  "ਅਪਰਾਧਕ": -3,
  "ਅਪਰਾਧੀ": -3,
  "ਅਪਵਾਦ": -2,
  "ਅਪਾਹਜ": -2,
  "ਅਪੀਲ": 2,
  "ਅਪੇਸ਼ੇਵਰ": -2,
  "ਅਫਸੋਸ": -2,
  "ਅਫ਼ਸੋਸ": -2,
  "ਅਫ਼ਸੋਸ ਹੈ": -1,
  "ਅਫ਼ਸੋਸ ਦੀ ਗੱਲ ਹੈ": -2,
  "ਅਭਿਲਾਸ਼ੀ": 2,
  "ਅਮਨ": 2,
  "ਅਮਰ": 2,
  "ਅਮਾਨਵੀਕਰਨ": -2,
  "ਅਮਾਪ": -1,
  "ਅਮੀਰ": 2,
  "ਅਮੀਰੀ": 2,
  "ਅਯੋਗ": -2,
  "ਅਯੋਗਤਾ": -2,
  "ਅਰਥ": -2,
  "ਅਲਾਰਮ": -2,
  "ਅਲੋਕਾਰੀ": 3,
  "ਅਲੋਪ": -1,
  "ਅਵਾਰਡ": 3,
  "ਅਵਿਸ਼ਵਾਸ਼ਯੋਗ": -1,
  "ਅਵਿਸ਼ਵਾਸੀ": -1,
  "ਅਵਿਨਾਸ਼ੀ": 2,
  "ਅੜਾਏ": -2,
  "ਅਿਤਆਚਾਰ": -3,
  "ਆਉਣ": 1,
  "ਆਊਟਰੀਚ": 2,
  "ਆਸ": 2,
  "ਆਸ਼ਾ": 2,
  "ਆਸਾਨ": 1,
  "ਆਸ਼ਾਵਾਦੀ": 2,
  "ਆਹਤ ਹੈ": -2,
  "ਆਕਰਸ਼ਕ": 2,
  "ਆਕਰਸ਼ਣ": 2,
  "ਆਕਰਸ਼ਿਤ": 1,
  "ਆਕਰਾਮਕ": 2,
  "ਆਕੜਿਆ": -2,
  "ਆਕੀ": -1,
  "ਆਖਰੀ": -3,
  "ਆਜ਼ਾਦੀ": 2,
  "ਆਤਮ": -2,
  "ਆਤਮਕ": -2,
  "ਆਤਮਾ": 1,
  "ਆਦਰ": -2,
  "ਆਧੁਨਿਕ": 2,
  "ਆਧੁਨਿਕੀਕਰਨ": 2,
  "ਆਨੰਦ": 3,
  "ਆਨੰਦ ਨੂੰ": 3,
  "ਆਨੰਦ ਮਾਣਿਆ": 2,
  "ਆਨੰਦਦਾਇਕ": 3,
  "ਆਮਦਨ": -2,
  "ਆਮਰੋਨ": 3,
  "ਆਰਾਮ": 2,
  "ਆਰਾਮਦਾਇਕ": 2,
  "ਆਲਸੀ": -1,
  "ਆਲੋਚਕ": -2,
  "ਆਲੋਚਨਾ": -2,
  "ਐਕਸਪਲੋਰੇਸ਼ਨ": 1,
  "ਐਲਰਜੀ": -2,
  "ਔਫਲਾਈਨ": -1,
  "ਇਆ": -3,
  "ਇਸ ਗੱਲ ਨਾਲ ਸਹਿਮਤ": 1,
  "ਇਸ ਮਾਮਲੇ": 1,
  "ਇਸ ਯੋਗ": 2,
  "ਇਸ਼ਕ": 2,
  "ਇਸਕੇਪ": -1,
  "ਇਸਤਗਾਸਾ": -1,
  "ਇਸਤੇਮਾਲ": -2,
  "ਇਹ ਸੱਚ ਹੈ,": 2,
  "ਇਹ ਸਪੱਸ਼ਟ ਕੀਤਾ": 2,
  "ਇਹ ਗੁੱਸਾ": -3,
  "ਇਹ ਯਕੀਨੀ ਬਣਾਉਣ": 1,
  "ਇਕ ਸ਼ਰਮਿੰਦਗੀ": -2,
  "ਇੱਕ ਵਾਰਵਿੱਚਇੱਕਕਾਲ": 3,
  "ਇਕਮੁੱਠਤਾ": 2,
  "ਇਕੱਲੇ": -1,
  "ਇੱਛਾ": 2,
  "ਇੰਟਰੱਪਟ": -2,
  "ਇਨਸੌਮਨੀਆ": -2,
  "ਇੰਨਹੇਬਿਟ": -1,
  "ਇਨਕਾਰ": -2,
  "ਇੰਨਾ ਗੁੱਸਾ": -2,
  "ਇਨਾਮ": 2,
  "ਇਮਾਨਦਾਰ": 2,
  "ਇਮਾਨਦਾਰੀ": 2,
  "ਇਮਿਊਨ": 1,
  "ਈਸਵਰ": 2,
  "ਈਰਖਾ": -1,
  "ਏਕਾਧਿਕਾਰਵਾਦ": -2,
  "ਸੰ": -3,
  "ਸਸ਼ਕਤੀਕਰਨ": 2,
  "ਸੰਸਕਾਰ": -1,
  "ਸਸਰ": -2,
  "ਸਹਾਇਕ": 2,
  "ਸਹਾਰਦੇ": -2,
  "ਸਹਿਜ": 2,
  "ਸਹਿਜੇ": 2,
  "ਸਹਿਣਸ਼ੀਲ": 2,
  "ਸਹਿਣਸ਼ੀਲਤਾ": 2,
  "ਸਹਿਮਤ": 1,
  "ਸਹਿਮਤੀ": 2,
  "ਸਹਿਯੋਗ ਨੂੰ": 2,
  "ਸਹਿਯੋਗੀ": -2,
  "ਸਹੀ": 2,
  "ਸਹੀ ਸਾਬਤ": 2,
  "ਸਹੀ ਸਿੱਧ": 2,
  "ਸਹੀ ਦਿਸ਼ਾ": 3,
  "ਸਹੁੰ": -2,
  "ਸ਼ੱਕ": -2,
  "ਸੰਕਟ": -3,
  "ਸੰਕਟਕਾਲੀਨ": 2,
  "ਸ਼ਕਤੀਸ਼ਾਲੀ": 2,
  "ਸਕ੍ਰਿਊ": -2,
  "ਸਕਾਰਾਤਮਕ": 2,
  "ਸ਼ੱਕੀ": -1,
  "ਸਕੂਪ": 3,
  "ਸਕੇਗਾ": -2,
  "ਸੰਕੋਚ": -2,
  "ਸਖਤ": -3,
  "ਸਖ਼ਤ": -1,
  "ਸੰਗ": 2,
  "ਸੰਗਠਨ ਦੀ": -2,
  "ਸੰਗੀਨ": -3,
  "ਸੰਘਰਸ਼": -2,
  "ਸਜ਼ਾ": -3,
  "ਸਜ਼ਾ ਸੁਣਾਈ": -2,
  "ਸੰਜੀਦਾ": -1,
  "ਸੰਜੀਵ": -2,
  "ਸੱਟ": -2,
  "ਸਟਰਾਈਕਰ": -2,
  "ਸੱਤਰਾ": -2,
  "ਸਤਾਉਣ": -2,
  "ਸਤਾਏ": -2,
  "ਸਤਿਕਾਰ": 2,
  "ਸਤਿਕਾਰਤ": 2,
  "ਸਤਿਕਾਰਯੋਗ": 3,
  "ਸੰਤੁਸ਼ਟ": 2,
  "ਸੰਤੁਲਿਤ": 1,
  "ਸਥਿਰ": 2,
  "ਸਥਿਰਤਾ": 1,
  "ਸਦਭਾਵਨਾ": 3,
  "ਸਦਮਾ": -2,
  "ਸਦਮੇ": -3,
  "ਸੱਦਾ": 1,
  "ਸਦਾਬਹਾਰ": 2,
  "ਸੰਦੇਹ": -2,
  "ਸੰਨ": -2,
  "ਸੰਨ੍ਹ": -2,
  "ਸਨਕੀ": -2,
  "ਸਨਮਾਨ": 2,
  "ਸਨਮਾਨਿਤ": 2,
  "ਸਪੱਸ਼ਟ": 2,
  "ਸੰਪਤੀ": 2,
  "ਸੰਪੂਰਣ": 2,
  "ਸਪੈਮ": -2,
  "ਸਪੈਮਰ": -3,
  "ਸਫਲ": 3,
  "ਸਫ਼ਲ": 3,
  "ਸਫਲਤਾ": 3,
  "ਸਫਲਤਾਪੂਰਕ": 3,
  "ਸਬੰਧਤ": -2,
  "ਸਭ": -1,
  "ਸੰਭਾਵਨਾ": -1,
  "ਸਮੱਸਿਆ": -2,
  "ਸਮੱਸਿਆ ਨੂੰ": -2,
  "ਸਮਗਲਿੰਗ": -2,
  "ਸਮਝ": 2,
  "ਸਮਝਬੂਝ": -1,
  "ਸਮਝੌਤੇ": 1,
  "ਸਮਤ": -2,
  "ਸਮਰੱਥ": 1,
  "ਸਮਰਥਕ": 1,
  "ਸਮਰਥਨ": 2,
  "ਸਮਰੱਥਾ": 1,
  "ਸਮਰਪਣ": 2,
  "ਸਮਰਪਤ": 3,
  "ਸਮਰਪਿਤ": 2,
  "ਸਮਾਰਟ": 1,
  "ਸਮੀਅਰ": -2,
  "ਸਮੇਟਣ": -2,
  "ਸੰਯੁਕਤ": 1,
  "ਸਰਗਰਮ": 1,
  "ਸ਼ਰਧਾ": 2,
  "ਸ਼ਰਮ": -2,
  "ਸ਼ਰਮਨਾਕ": -2,
  "ਸ਼ਰਮਿੰਦਾ": -2,
  "ਸ਼ਰਮੀਲੀ": -1,
  "ਸ਼ਰਮੀਲੇ": -2,
  "ਸਰਲੀਕਰਨ": -2,
  "ਸਰਵਾਈਵਰ": 2,
  "ਸਰਾਪ": -1,
  "ਸ਼ਰਾਬਾ": 2,
  "ਸ਼ਰਾਬੀ": -2,
  "ਸ਼ਰਾਰਤ": -1,
  "ਸ਼੍ਰੋਮਣੀ ਅਕਾਲੀ ਦਲ": -2,
  "ਸਲਾਹ": 1,
  "ਸ਼ਲਾਘਾ": 2,
  "ਸਲਾਮ": 2,
  "ਸਲਾਮੀ": 2,
  "ਸਲਿੱਪ": -1,
  "ਸਲੀਕੇ": 2,
  "ਸਲੇਟੀ": -1,
  "ਸਲੈਸ": -2,
  "ਸਲੈਸ਼": -2,
  "ਸਲੈਮ": -2,
  "ਸਲੋਪੀ": -2,
  "ਸਵਰਗ": 2,
  "ਸਵਰਗੀ": 4,
  "ਸਵਾਗਤ": 2,
  "ਸਵਾਰ": 1,
  "ਸਵਾਲ": -2,
  "ਸਵੀਕਾਰ": -1,
  "ਸੰਵੇਦਨਸ਼ੀਲਤਾ": 2,
  "ਸਵੈਕੁਰਾਹੇ": -2,
  "ਸਵੈਬਦਸਲੂਕੀ": -2,
  "ਸਵੈਭਰੋਸਾ ਹੈ": 2,
  "ਸਵੈਵਿਰੋਧੀ": -2,
  "ਸੜ": -2,
  "ਸਾਹ": -2,
  "ਸਾਹਸ": 2,
  "ਸਾਹਸੀ": 2,
  "ਸਾਹਮਣਾ": -1,
  "ਸਾਜ਼ਿਸ਼": -3,
  "ਸਾਡੀ": 2,
  "ਸਾਦਗੀ": 1,
  "ਸ਼ਾਨਦਾਰ": 3,
  "ਸਾਫ": 1,
  "ਸਾਫ਼": 2,
  "ਸਾਫ਼": 1,
  "ਸਾਬਤ": 2,
  "ਸਾਬੋਤਾਜ": -2,
  "ਸ਼ਾਮਲ": 1,
  "ਸਾਲਾਨਾ": 2,
  "ਸਾਵਧਾਨ": 2,
  "ਸਾੜ": -2,
  "ਸਾੜਨਾ": -2,
  "ਸਿਆਣਪ": 1,
  "ਸਿਆਣੇ": 2,
  "ਸਿਆਪਾ": -2,
  "ਸ਼ਿਕਾਇਤ": -2,
  "ਸ਼ਿਕਾਰ ਬਣਾਉਣਾ": -3,
  "ਸਿਖਰ": 2,
  "ਸਿੱਧਾ": 1,
  "ਸਿਫਤ": 3,
  "ਸਿਫਾਰਸ਼ ਕਰਦਾ ਹੈ": 2,
  "ਸਿਫਾਰਸ਼ ਕੀਤੀ": 2,
  "ਸ਼ਿਫ਼ਾਰਿਸ਼": 3,
  "ਸਿੰਮ": 2,
  "ਸਿਮਰਨ": 3,
  "ਸਿਰ ਦਰਦ": -2,
  "ਸੀ.ਉੜੀ": -2,
  "ਸੀਮਾ": -1,
  "ਸੀਮਿਤ": -1,
  "ਸੁਆਦੀ": 3,
  "ਸੁਆਦੀ ਲੱਗਦੇ": 3,
  "ਸੁਸਤ": -2,
  "ਸੁਹਜ": 3,
  "ਸੁਹਿਰਦ": 2,
  "ਸ਼ੁਕਰਗੁਜ਼ਾਰ": 2,
  "ਸੁਣਨਾ": -2,
  "ਸੁੰਦਰ": 3,
  "ਸੁੰਦਰਤਾ": 3,
  "ਸ਼ੁੱਧ": 1,
  "ਸੁਧਾਰ": 1,
  "ਸੁਧਾਰਿਆ": 1,
  "ਸੁੰਨ": -1,
  "ਸੁਪਨੇ": 1,
  "ਸੁਪਰ": 3,
  "ਸੁਪਰੀਮ": 4,
  "ਸ਼ੁਭ ਸਵੇਰ": 1,
  "ਸੁਭਾ": 2,
  "ਸੁਭਾਗ ਨਾਲ": 3,
  "ਸੁਰੱਖਿਅਤ": 2,
  "ਸੁਰੱਖਿਅਤ ਢੰਗ": 1,
  "ਸ਼ੁਰੂ": 1,
  "ਸੂ": -2,
  "ਸੂਗ": -2,
  "ਸੂਗ ਕਰੋ": -3,
  "ਸ਼ੂਟ": -1,
  "ਸ਼ੇਅਰ": 1,
  "ਸ਼ੇਰ ਹੋ": 3,
  "ਸ਼ੋਸ਼ਣ": -2,
  "ਸੋਸਨ": -2,
  "ਸੋਹਣੀ": 3,
  "ਸੋਗ": -2,
  "ਸੋਗੀ": -2,
  "ਸੋਚ": 2,
  "ਸੋਚਦੀ ਰਹਿੰਦੀ": -3,
  "ਸੋਨਾ": 2,
  "ਸ਼ੌਕ": 2,
  "ਸ਼ੌਕੀਨ": 2,
  "ਸੌਖਾ": 2,
  "ਸੌਖੀ": 2,
  "ਸੌਦਾ": 2,
  "ਹੱਸ": 1,
  "ਹੱਸਦਾ ਹੈ": 1,
  "ਹਸਪਤਾਲ": -2,
  "ਹੱਸਮੁੱਖ": 2,
  "ਹੱਸੇ": -2,
  "ਹੱਕ": 2,
  "ਹੱਕਦਾਰ": 1,
  "ਹੰਕਾਰੀ": -2,
  "ਹੰਗਾਮਾ": -3,
  "ਹੰਝੂ": -2,
  "ਹਟੋ": -2,
  "ਹੰਢਣਸਾਰ": 2,
  "ਹਤਾਸ਼": -3,
  "ਹੱਤਿਆ": -3,
  "ਹੱਥੂ": -2,
  "ਹਨੇਰੇ": -1,
  "ਹਫੜਾ": -2,
  "ਹਮਦਰਦ": 2,
  "ਹਮਦਰਦੀ": 2,
  "ਹਮਲਾ": -2,
  "ਹਮਲਾਵਰ": -2,
  "ਹਮਲਾਵਰਪੁਣਾ": -2,
  "ਹਮਲੇ": -2,
  "ਹਮਾਇਤ": 1,
  "ਹਰਕਤਹੀਣ": -1,
  "ਹਰੀ ਧੋਣ": -3,
  "ਹਰੇਤ": -1,
  "ਹੱਲ": 1,
  "ਹਲਲੂਯਾਹ": 3,
  "ਹੜਤਾਲ": -1,
  "ਹਾਈਲਾਈਟ": 2,
  "ਹਾਏ": -1,
  "ਹਾਸਲ": 2,
  "ਹਾਸਾ": 1,
  "ਹਾਸੇ": 2,
  "ਹਾਸੋਹੀਣੇ": -3,
  "ਹਾਹੁਕੇ": -2,
  "ਹਾਜਰੀਨ": 3,
  "ਹਾਦਸੇ": -2,
  "ਹਾਰ": -2,
  "ਹਾਰਡ": -1,
  "ਹਾਰ੍ਡੀ": 2,
  "ਹਾਰਨ": -2,
  "ਹਾਰਿਆ": -3,
  "ਹਾਲਤ": -2,
  "ਹਿੰਸਕ": -3,
  "ਹਿੰਸਾ": -3,
  "ਹਿੰਸਾਸੰਬੰਧੀ": -3,
  "ਹਿੱਤ": 1,
  "ਹਿਤਕਾਰੀ": 2,
  "ਹਿੰਮਤ": 2,
  "ਹਿਰਾਸਤ": -2,
  "ਹੀ ਕਰਦੇ ਹਨ": 2,
  "ਹੀਰਾ": 3,
  "ਹੀਰੋ": 2,
  "ਹੁਸ਼ਿਆਰ": 4,
  "ਹੁਸ਼ਿਆਰੀ": 2,
  "ਹੁੱਲੜਬਾਜ਼": -2,
  "ਹੁੱਲਾਸ": 3,
  "ਹੁਲਾਰਾ": 1,
  "ਹੂੰਝਾ": -3,
  "ਹੇਰਾਫੇਰੀ": -1,
  "ਹੈਕ": -1,
  "ਹੈਕਟੇਅਰ": 2,
  "ਹੈਰਾਨ": 3,
  "ਹੈਰਾਨ ਕਰਨ": -2,
  "ਹੈਰਾਨਕੁੰਨ": 4,
  "ਹੈਰਾਨੀ ਨੂੰ ਪ੍ਰਗਟਾਉਣਾ": -4,
  "ਹੈਰਾਨੀਜਨਕ": 3,
  "ਹੋਰ ਵਧੇਗਾ": -2,
  "ਹੌਸਲਾ": 2,
  "ਹੌਲਨਾਕ": 3,
  "ਕਸ੍ਸ": -1,
  "ਕਸਰ": -1,
  "ਕਸ਼ਿਸ਼": -2,
  "ਕੱਚੇ": -1,
  "ਕੱਟ": -1,
  "ਕੱਟਣ": -1,
  "ਕੰਟ੍ਰੋਲ": -2,
  "ਕੱਟੜਪੰਥੀ": -2,
  "ਕੱਟੜਵਾਦੀ": -2,
  "ਕਟੌਤੀ": -1,
  "ਕਠੋਰ": -2,
  "ਕੰਡੇ": -2,
  "ਕੱਢ": -2,
  "ਕੱਢਣ": -2,
  "ਕਢਵਾਉਣ": -3,
  "ਕਤਲ": -3,
  "ਕਦਰ": -2,
  "ਕਦੇ ਹੋਵੇਗਾ": -1,
  "ਕਨਾਨੀ": -2,
  "ਕਪਲੱਕ": 2,
  "ਕਬਜ਼": -2,
  "ਕਬਜ਼ਾਉਣ": -2,
  "ਕਬਰ": -2,
  "ਕੰਮ": 2,
  "ਕੰਮ ਨਹੀਂ ਕਰਦਾ": -3,
  "ਕੰਮ ਨਾ": -3,
  "ਕਮਜ਼ੋਰ": -2,
  "ਕਮਜ਼ੋਰੀ": -2,
  "ਕਮਲੀ": -3,
  "ਕਮਾਲ": 2,
  "ਕਮੀ": -2,
  "ਕਮੀਨਾ": -4,
  "ਕਮੀਨੇ": -5,
  "ਕਰ ਦਿਤਾ": -2,
  "ਕਰਜ਼ਾ": -2,
  "ਕਰਤ": -2,
  "ਕਰਤੂਤਾ": -3,
  "ਕਰਨ": 1,
  "ਕਰਨਦੇ": -2,
  "ਕਰਾਰਾ": 2,
  "ਕ੍ਰਿਸ਼ਮੇ": 2,
  "ਕ੍ਰਿਪਾ": 1,
  "ਕਰੀ": -2,
  "ਕਰੈਸ਼": -2,
  "ਕ੍ਰੋਧ": -3,
  "ਕਲਾਵੇ": 2,
  "ਕਲੀਸਿਯਾ": -2,
  "ਕਲੀਨਰ": 2,
  "ਕਵਰ ਅਪ": -3,
  "ਕਾਇਰਤਾ": -2,
  "ਕਾਹਲੇ": 2,
  "ਕਾਤਲ": -2,
  "ਕਾਤਲਾਨਾ": -3,
  "ਕਾਨੂੰਨੀ": 1,
  "ਕਾਫੀ": 1,
  "ਕਾਫ਼ੀ": 1,
  "ਕਾਬਲ": 2,
  "ਕਾਮਨਜ਼": -2,
  "ਕਾਮਯਾਬੀ": 2,
  "ਕਾਮਿਕ": 1,
  "ਕਾਮੇਡੀ": 1,
  "ਕਾਲ": -2,
  "ਕਾਲਪਨਿਕ": 2,
  "ਕਿਸਮ": 2,
  "ਕਿਸਮਤ": 2,
  "ਕਿਚਨਸ": -2,
  "ਕਿਤਾਬ": -2,
  "ਕਿਫਾਇਤੀ": 2,
  "ਕਿਫ਼ਾਇਤੀ": 2,
  "ਕਿਰਪਾਲੂ": 3,
  "ਕੀਮਤੀ ਸਮਝਦੇ ਹਨ": 2,
  "ਕੁਸ਼ਲਤਾ": 1,
  "ਕੁਹਾੜੀ": -1,
  "ਕੁੱਕੜ": -5,
  "ਕੁਚਲ": -2,
  "ਕੁਚਲੇ": -2,
  "ਕੁਝ": 1,
  "ਕੁਝ ਕਿਸਮ": 0,
  "ਕੁੱਟ": -1,
  "ਕੁੱਟਿਆ": -2,
  "ਕੁੱਤੀ ਦਾ ਬੱਚਾ": -5,
  "ਕੁੰਦਨ": 1,
  "ਕੁਦਰਤੀ": 1,
  "ਕੁਰਲਾਹ": -2,
  "ਕੁੱਲ": -2,
  "ਕੁੜੱਤਣ ਪੈਦਾ": -2,
  "ਕੁੜੀ": -2,
  "ਕੂੜ": -3,
  "ਕੂੜਾ": -1,
  "ਕੂੜੇ ਨੂੰ": -2,
  "ਕੇਵਾਪਸ": -2,
  "ਕੈਦ": -2,
  "ਕੈਦੀ": -2,
  "ਕੋਈ": -1,
  "ਕੋਈ ਪਰਵਾਹ": -2,
  "ਕੋਈ ਮਜ਼ੇਦਾਰ": -3,
  "ਕੋਝਾ": -2,
  "ਕੋਝੇ": -2,
  "ਕੋਮਲ": 2,
  "ਕੋਲ": 2,
  "ਕੌੜਾ": -2,
  "ਖਜਾਨਾ": 2,
  "ਖੰਡਰ": -2,
  "ਖਤਮ ਹੋ": -3,
  "ਖਤਰਨਾਕ": -2,
  "ਖ਼ਤਰਨਾਕ": -2,
  "ਖ਼ਤਰਾ": -2,
  "ਖਤਰੇ": -2,
  "ਖ਼ਤਰੇ": -2,
  "ਖਤਰੇ ਨੂੰ": -2,
  "ਖੰਪਾ": 3,
  "ਖਬਤ": -2,
  "ਖਰਾਬ": -3,
  "ਖ਼ਰਾਬ": -2,
  "ਖਰਿਆਈ": 2,
  "ਖਰੀਦਿਆ": 2,
  "ਖੜਦੀ ਹੈ": -1,
  "ਖਾਰ": -1,
  "ਖਾਰਸ਼": -2,
  "ਖਾਰਜ": -2,
  "ਖਾਲੀ": -1,
  "ਖਾਲੀਪਣ": -1,
  "ਖਾਵੇ": -2,
  "ਖਿੱਚ": 2,
  "ਖਿੱਚਣ": 2,
  "ਖਿੱਚਿਆ": 1,
  "ਖਿੱਚੋ": -1,
  "ਖਿੱਝ": -3,
  "ਖਿਝੀ": -2,
  "ਖਿਝੇ": -2,
  "ਖਿਲੰਦੜਾ": 2,
  "ਖੁਸ਼": 2,
  "ਖ਼ੁਸ਼": 5,
  "ਖੁਸ਼ ਹੋਇਆ": 3,
  "ਖ਼ੁਸ਼ ਰਹਿੰਦੀ": 3,
  "ਖੁਸ਼ਹਾਲ": 3,
  "ਖੁਸ਼ਹਾਲੀ": 3,
  "ਖੁਸ਼ਕਿਸਮਤ": 3,
  "ਖੁਸ਼ਕਿਸਮਤੀ": 2,
  "ਖ਼ੁਸ਼ਮਿਜ਼ਾਜ": 3,
  "ਖੁਸ਼ੀ": 3,
  "ਖ਼ੁਸ਼ੀ": 2,
  "ਖੁਦਕੁਸ਼ੀ": -2,
  "ਖ਼ੁਦਗਰਜ਼": -3,
  "ਖ਼ੁਦਗਰਜ਼ੀ": -3,
  "ਖੁਰਲੀ": -2,
  "ਖੁੱਲ੍ਹੇ": 2,
  "ਖੂਨੀ": -3,
  "ਖੂਬ": 3,
  "ਖੂਬਸੂਰਤ": 2,
  "ਖੇਡ ਨੂੰਬਦਲ ਰਹੇ": 3,
  "ਖੋਹ": -2,
  "ਖੋਖਲੇ": -1,
  "ਖੋਜ": 1,
  "ਖੋਤੇ": -4,
  "ਖ਼ੌਫ਼ਨਾਕ": -2,
  "ਖੌਲਣ": -2,
  "ਗਹਿਣਾ": 1,
  "ਗਹਿਣੇ": 1,
  "ਗੰਦਗੀ": -2,
  "ਗੰਦਾ": -2,
  "ਗੰਦੀ": -3,
  "ਗੰਦੇ": -3,
  "ਗੰਭੀਰ": -2,
  "ਗਮ": -2,
  "ਗਰਸਤ": -1,
  "ਗਰਭਾਵਸਥਾ": -2,
  "ਗ੍ਰਿਫਤਾਰ": -2,
  "ਗ੍ਰਿਫ਼ਤਾਰ": -2,
  "ਗਰੀਬ": -2,
  "ਗਰੀਬੀ": -1,
  "ਗਲ ਘੁੱਟੇ": -2,
  "ਗਲਤ": -2,
  "ਗ਼ਲਤ": -2,
  "ਗਲਤ ਸਮਝਿਆ": -2,
  "ਗਲਤ ਹੈ": -2,
  "ਗ਼ਲਤ ਜਾਣਕਾਰੀ": -2,
  "ਗਲਤ ਰਵੱਈਆ ਅਖ਼ਤਿਆਰ": -2,
  "ਗ਼ਲਤ ਲਿਖਵਾਉਣ": -2,
  "ਗ਼ਲਤਫ਼ਹਿਮੀ": -2,
  "ਗਲਤੀ": -2,
  "ਗਲੇ": 1,
  "ਗੜਬੜ": -2,
  "ਗਾਇਬ": -1,
  "ਗਾਰੰਟੀ": 1,
  "ਗਿਣਤੀ": -2,
  "ਗਿਰੀਦਾਰ": -3,
  "ਗੁਆ ਲਿਆ": -2,
  "ਗੁਆਉਣ": -3,
  "ਗੁਆਉਣਾ": -2,
  "ਗੁਆਉਣੀ": 3,
  "ਗੁਆਚ": -2,
  "ਗੁੱਸਾ": -2,
  "ਗੁੱਸੇ": -2,
  "ਗੁਣ": 2,
  "ਗੁਣਵੱਤਾ": 2,
  "ਗੁੰਮ": -2,
  "ਗੁਮਰਾਹ": -2,
  "ਗੁੰਮਰਾਹ": -3,
  "ਗੁਲਾਮ": -3,
  "ਗ਼ੁਲਾਮ": -2,
  "ਗੁਲਾਮੀ": -3,
  "ਗੂੰਗੇ": -3,
  "ਗੈਰ": -2,
  "ਗੈਰਕਾਨੂੰਨੀ": -3,
  "ਗੈਰਪ੍ਰਵਾਨਗੀ ਦੇ ਦਿੱਤੀ ਹੈ": -2,
  "ਗੈਰ ਹਾਜ਼ਰ": -1,
  "ਗੋਲੀਬਾਰੀ": -2,
  "ਘਸਮੈਲੇ": -2,
  "ਘਟ": -1,
  "ਘੱਟ": -2,
  "ਘੱਟ ਕਰ ਦਿੱਤਾ": -2,
  "ਘਟਦੀ": -2,
  "ਘਟੀਆ": -2,
  "ਘਬਰਾ": -3,
  "ਘਬਰਾਹਟ": -2,
  "ਘੜੀਸ": -1,
  "ਘਾਟ": -2,
  "ਘਾਟਾ": -2,
  "ਘਾਤਕ": -3,
  "ਘਿਣ": -3,
  "ਘਿਣਾਉਣੀ": -3,
  "ਘੀਸ": -4,
  "ਘੁੱਟ": -2,
  "ਘੁਟਾਲੇ": -3,
  "ਘੁੰਮਣ": -1,
  "ਘੁੰਮਦੇ": 2,
  "ਘੇਰ": -2,
  "ਘੇਰਿਆ": -1,
  "ਘੋਟਾਲੇ": -3,
  "ਘੋਰ": -3,
  "ਚ ਅਸਮਰੱਥ ਹੋ": -2,
  "ਚੱਕਰ": -1,
  "ਚੰਗਾ": 3,
  "ਚੰਗਿਆੜੀ": 1,
  "ਚੰਗੀ": 2,
  "ਚੰਗੀchampioned": 3,
  "ਚੰਗੀproportioned": 2,
  "ਚੰਗੀਸਥਾਪਿਤ ਕੀਤਾ": 2,
  "ਚੰਗੀਜੀਵ": 2,
  "ਚੰਗੀਪਿਤਾਜੀ": 2,
  "ਚੰਗੀਫੋਕਸ": 2,
  "ਚੰਗੀਵਿਕਸਤ": 2,
  "ਚੰਗੀ ਲੱਗੀ": 3,
  "ਚੰਗੇ": 3,
  "ਚਟਾਕ": -2,
  "ਚਮਕ": 1,
  "ਚਮਕਦਾ": 3,
  "ਚਮਕਦਾਰ": 2,
  "ਚਮਕੀਲੇ": 3,
  "ਚਮਤਕਾਰ": 4,
  "ਚੱਲ": -2,
  "ਚਲਾਕ": 2,
  "ਚਲੇ": -2,
  "ਚੜ੍ਹਦੀ": 4,
  "ਚੜ੍ਹਾ": -2,
  "ਚਾਹਵਾਨ": 1,
  "ਚਾਹੁੰਦਾ": 2,
  "ਚਾਹੁੰਦੇ": 1,
  "ਚਾਕੂ": -2,
  "ਚਾਨਣ": 2,
  "ਚਾਲ": 1,
  "ਚਿਕ": 2,
  "ਚਿੱਕੜ": -2,
  "ਚਿੰਤਾ": 2,
  "ਚਿੰਤਾਜਨਕ": -3,
  "ਚਿੰਨ੍ਹ": 2,
  "ਚਿਰ": 2,
  "ਚਿੜ": -3,
  "ਚੀਕ": -2,
  "ਚੀਕਿਆ": -2,
  "ਚੀਟਿੰਗ": -3,
  "ਚੁਸਤ": 2,
  "ਚੁਟਕਲੇ": 2,
  "ਚੁਣੌਤੀ": -1,
  "ਚੁਦਿਆ": -4,
  "ਚੁੱਪ": -1,
  "ਚੁੱਭਣ": -2,
  "ਚੁਭੋ": -5,
  "ਚੁੰਮੀ": 2,
  "ਚੂਰ": -2,
  "ਚੇਤਾਵਨੀ": -3,
  "ਚੇਤਾਵਨੀ ਦਿੰਦੀ ਹੈ": -2,
  "ਚੈਨ": 2,
  "ਚੈਰੀਟੇਬਲ": 2,
  "ਚੋਟੀ ਦੇ": 2,
  "ਚੋਰ": -2,
  "ਚੋਰੀ": -2,
  "ਚੌਕਸ": 3,
  "ਚੌਥ": -2,
  "ਛੱਡ": -2,
  "ਛਿੱਕ": -2,
  "ਛਿੱਕਦਾ": -2,
  "ਛਿਕਿਆ": -2,
  "ਛੁਟਿਆਉਣ": -2,
  "ਛੂਟ": -1,
  "ਛੂਤ": -2,
  "ਛੇਕੇ": -2,
  "ਛੇੜ": -2,
  "ਛੇੜਖਾਨੀ": -2,
  "ਛੋਟ": -1,
  "ਛੋਟਾਨਜ਼ਰ": -2,
  "ਜੱਸ": 3,
  "ਜਸ਼ਨ": 3,
  "ਜ਼ਹਿਰ": -2,
  "ਜ਼ਹਿਰੀਲੇ": -3,
  "ਜ਼ਖਮੀ": -2,
  "ਜ਼ਖ਼ਮੀ": -2,
  "ਜਗ": -2,
  "ਜੰਗ": -2,
  "ਜਨੂੰਨ": -3,
  "ਜ਼ਬਰਦਸਤ": 2,
  "ਜ਼ਬਰਦਸਤੀ": -2,
  "ਜ਼ਰੂਰੀ": -1,
  "ਜਲਣ": -3,
  "ਜਵਾਨੀ": 2,
  "ਜਵਾਬਦੇਹ": 2,
  "ਜਾਇਜ਼": 2,
  "ਜਾਇਦਾਦ": 2,
  "ਜਾਣਾ": 1,
  "ਜਾਨਲੇਵਾ": -3,
  "ਜਾਨੀ": -1,
  "ਜਾਲ": -1,
  "ਜਿੱਤ": 4,
  "ਜਿੰਦਾ": 1,
  "ਜ਼ਿੱਦੀ": -2,
  "ਜ਼ਿੰਮੇਵਾਰ": 2,
  "ਜ਼ਿੰਮੇਵਾਰੀ": 1,
  "ਜੀ": 1,
  "ਜੀਵੰਤ": 2,
  "ਜੀਵਨਸ਼ਕਤੀ": 3,
  "ਜੁਰਮ": -3,
  "ਜੁਰਮਾਨਾ": 2,
  "ਜੁਰਮਾਨੇ": -2,
  "ਜ਼ੁਲਮ": -2,
  "ਜੇਤੂ": 4,
  "ਜੇਲ੍ਹ": -2,
  "ਜੇਲ੍ਹ ਦੇ": -2,
  "ਜੋ ਚੋਗੇ": -2,
  "ਜੋਸ਼": 2,
  "ਜੋਸ਼ੀਲੇ": 2,
  "ਜੋਤਸ਼ੀ": -2,
  "ਜ਼ੋਰ": -2,
  "ਝਗੜਨ": -3,
  "ਝਗੜਾਲੂ": -2,
  "ਝਗੜੇ": -2,
  "ਝੰਜੋੜਿਆ": -4,
  "ਝਟਕੇ": -2,
  "ਝਿਜਕ": -1,
  "ਝਿੜਕਿਆ": -2,
  "ਝੂਠ": -2,
  "ਝੂਠਾ": -3,
  "ਝੂਠੀ": -3,
  "ਝੂਠੇ": -1,
  "ਝੂਮ": -2,
  "ਟੱਕਰ": -1,
  "ਟਕਰਾਉਣ": -1,
  "ਟਕਰਾਅ": -2,
  "ਟਕਰਾਈ": -1,
  "ਟਰੱਸਟ": 1,
  "ਟ੍ਰਾਮਗੱਡੀ": 3,
  "ਟਲ": -1,
  "ਟਾਲਣ": -1,
  "ਟਿਊਮਰ": -2,
  "ਟਿਕਾਊ": 2,
  "ਟੁੱਟ": -1,
  "ਠੱਗ": -2,
  "ਠੰਡਾ": 1,
  "ਠੰਡਾ ਖੇਹ": 3,
  "ਠੰਢਕ": 3,
  "ਠੱਪ": -2,
  "ਠਾਰ": 3,
  "ਠਿੱਬੀ": -2,
  "ਠੋਸ": 2,
  "ਡਟੀ": -3,
  "ਡੰਪ": -2,
  "ਡਰ": -2,
  "ਡਰਦੇ": -2,
  "ਡਰਨ": -2,
  "ਡਰਾਉਣ": -2,
  "ਡਰਾਉਣਾ": -2,
  "ਡਰਾਉਣੇ": -2,
  "ਡਰਿਆ": -2,
  "ਡਰੇ": -2,
  "ਡ੍ਰੌਪ": -1,
  "ਡਾਕੂ": -2,
  "ਡਿੱਗਣ": -1,
  "ਡਿੱਗੇ": -2,
  "ਡੀ.ਐਨ.ਏ.": -2,
  "ਡੀਗਰੇਡ": -2,
  "ਡੁੱਬ": -2,
  "ਡੂਏਪ": -2,
  "ਡੂੰਘਾਈ": 2,
  "ਡੈੱਡਲਾਕ": -2,
  "ਡੈਮਨੀਡ": -4,
  "ਢਹਿ": -2,
  "ਢਕੇ": -2,
  "ਢੰਗ": 2,
  "ਢਿੱਲੀ": -3,
  "ਢੇਰ ਲਗਾਉਣਾ": -1,
  "ਤਸਕਰੀ": -2,
  "ਤਸ਼ੱਦਦ": -4,
  "ਤਸਦੀਕ": 2,
  "ਤਸੀਹੇ": -2,
  "ਤੱਕ ਪਹੁੰਚਣ": 1,
  "ਤਕਨੀਕ": -1,
  "ਤਕਨੀਕੀ": 1,
  "ਤੰਗ": -2,
  "ਤੰਗ ਆ ਜਾਣਾ": -3,
  "ਤੰਗੀ": -3,
  "ਤਣਾਅ": -1,
  "ਤੱਤ": -2,
  "ਤੰਦਰੁਸਤ": 2,
  "ਤੰਦਰੁਸਤੀ": 1,
  "ਤਬਾਹ": -2,
  "ਤਬਾਹਕੁਨ": -2,
  "ਤਬਾਹੀ": -2,
  "ਤਬੀਅਤ": 1,
  "ਤਮਗਾ": 3,
  "ਤਮਾਸ਼ਾ": -1,
  "ਤਰਸ": -2,
  "ਤਰ੍ਹਾਂ ਦਾ": 0,
  "ਤਰਕਹੀਣ": -2,
  "ਤਰੱਕੀ": 2,
  "ਤ੍ਰਾਸਦੀ": -2,
  "ਤਰਾਰ": 2,
  "ਤਾਕਤ": 2,
  "ਤਾਜ਼ਗੀ": 2,
  "ਤਾਜ਼ਾ": 1,
  "ਤਾਨਾਸ਼ਾਹੀ": -2,
  "ਤਾਰੀਫ਼": 2,
  "ਤਾੜਨਾ": -2,
  "ਤਿਉਹਾਰ": 2,
  "ਤਿਉੜੀ": -1,
  "ਤਿਆਰ": -2,
  "ਤਿਆਰ ਕੀਤੀ": 1,
  "ਤਿੱਖੀ": -3,
  "ਤੀਬਰ": 1,
  "ਤੁੱਛ": -2,
  "ਤੁੱਛ ਸਮਝਦੇ": -2,
  "ਤੁਰੰਤ": 1,
  "ਤੇ ਓਨਾ": -3,
  "ਤੇ ਸਹਿਮਤੀ": 1,
  "ਤੇ ਸਵਾਲ": -1,
  "ਤੇ ਹਮਲਾ": -1,
  "ਤੇ ਕਬਜ਼ਾ": -2,
  "ਤੇ ਪਹੁੰਚ": 1,
  "ਤੇ ਪਾਬੰਦੀ": -2,
  "ਤੇ ਰੋਕ": -2,
  "ਤੇ ਵਾਧਾ": 1,
  "ਤੇਕਮਜ਼ੋਰ": -2,
  "ਤੋੜ": -1,
  "ਥੱਕ": -2,
  "ਥਕਾ": -2,
  "ਥਕਾਵਟ": -2,
  "ਥੱਕਿਆ": -2,
  "ਥੱਕੋ": 2,
  "ਥੂ": -2,
  "ਦਇਆਵਾਨ": 2,
  "ਦੱਸਣੀ": -2,
  "ਦਹਿਸ਼ਤ": -3,
  "ਦਹਿਸ਼ਤਜ਼ਦਾ": -3,
  "ਦੰਗੇ": -2,
  "ਦੰਡ": -2,
  "ਦਬ੍ਬ": -1,
  "ਦਬਾਅ": -2,
  "ਦਮਨਕਾਰੀ": -2,
  "ਦਰਸ਼ਣ": 3,
  "ਦਰਸ਼ਨ": 1,
  "ਦਰਸ਼ਨ ਦੀ": 1,
  "ਦਰਦ": -2,
  "ਦਰਦਨਾਕ": -2,
  "ਦ੍ਰਿੜ੍ਹ": 2,
  "ਦ੍ਰਿੜਤਾ": -2,
  "ਦਲੇਰ": 2,
  "ਦਲੇਰਾਨਾ": 2,
  "ਦਲੇਰੀ ਨਾਲ": 2,
  "ਦਾ ਅਧਿਕਾਰ": 1,
  "ਦਾ ਆਨੰਦ": 2,
  "ਦਾ ਸਮਰਥਨ": 1,
  "ਦਾ ਸਵਾਗਤ": 1,
  "ਦਾ ਸਵਾਗਤ ਕੀਤਾ": 2,
  "ਦਾ ਸੁਆਗਤ": 2,
  "ਦਾ ਹੱਲ": 1,
  "ਦਾ ਖ਼ਿਆਲ ਰੱਖਦੇ": 2,
  "ਦਾ ਜਨੂੰਨ": 2,
  "ਦਾ ਜਾਣਾ": -2,
  "ਦਾ ਦਾਅਵਾ": -2,
  "ਦਾ ਦੋਸ਼": -3,
  "ਦਾ ਧੰਨਵਾਦ": 2,
  "ਦਾ ਪ੍ਰਗਟਾਵਾ": -2,
  "ਦਾ ਪਰਦਾਫਾਸ਼": -1,
  "ਦਾ ਬੱਕਰਾ": -2,
  "ਦਾ ਭਰੋਸਾ": 2,
  "ਦਾ ਭੁਗਤਾਨ": -1,
  "ਦਾ ਮਜ਼ਾਕ": -2,
  "ਦਾ ਮਨੋਬਲ": -2,
  "ਦਾ ਵਾਧਾ": 1,
  "ਦਾ ਵਿਸਥਾਰ": 1,
  "ਦਾ ਵਿਰੋਧ": -2,
  "ਦਾਅਵੇਦਾਰ": -1,
  "ਦਾਗ਼": -2,
  "ਦਾਗੀ": -2,
  "ਦਾਗ਼ੀ": -2,
  "ਦਾਤ": 2,
  "ਦਾਨ": 2,
  "ਦਾਵਤ": 3,
  "ਦਿਆ": -2,
  "ਦਿਆਲਤਾ": 2,
  "ਦਿਆਲੂ": 3,
  "ਦਿਖਾਵਾ": -1,
  "ਦਿੱਤਾ": 2,
  "ਦਿੱਤੀ": 1,
  "ਦਿਲਚਸਪ": 3,
  "ਦਿਲਚਸਪੀ": 2,
  "ਦਿਲਾਸਾ": 2,
  "ਦਿਲੀ": 3,
  "ਦਿਵਾਇਆ": 1,
  "ਦਿਵਾਨਗੀ": 2,
  "ਦੀ ਉਡੀਕ": -1,
  "ਦੀ ਉਪਾਸਨਾ": 3,
  "ਦੀ ਉਲੰਘਣਾ": -2,
  "ਦੀ ਉਲੰਘਨਾ": -2,
  "ਦੀ ਆਲੋਚਨਾ": -2,
  "ਦੀ ਇਜਾਜ਼ਤ": 1,
  "ਦੀ ਸਜ਼ਾ": -2,
  "ਦੀ ਸਫਲਤਾ": 2,
  "ਦੀ ਸ਼ਲਾਘਾ": 3,
  "ਦੀ ਸ਼ਲਾਘਾ ਕੀਤੀ": 2,
  "ਦੀ ਸਿਫਾਰਸ਼": 2,
  "ਦੀ ਸੁਰੱਖਿਆ": 1,
  "ਦੀ ਹੱਤਿਆ": -3,
  "ਦੀ ਕੀਮਤ": 2,
  "ਦੀ ਟੱਕਰ": -2,
  "ਦੀ ਤੰਗਨਜ਼ਰ": -2,
  "ਦੀ ਨਿੰਦਾ": -2,
  "ਦੀ ਪ੍ਰਵਾਨਗੀ": 2,
  "ਦੀ ਬਦਲੀ": -2,
  "ਦੀ ਬਿਮਾਰੀ": -1,
  "ਦੀ ਮੰਗ": -1,
  "ਦੀ ਮੰਗ ਕੀਤੀ": -1,
  "ਦੀ ਮਦਦ": 2,
  "ਦੀ ਮੌਤ ਹੋ ਗਈ": -3,
  "ਦੀ ਯੋਗਤਾ": 2,
  "ਦੀ ਰੱਖਿਆ": 1,
  "ਦੀ ਰੱਖਿਆ ਕਰਦਾ ਹੈ": 1,
  "ਦੀ ਲਾਗ": -2,
  "ਦੀ ਵਡਿਆਈ": 3,
  "ਦੀਵਾਨੇ": 3,
  "ਦੀਵਾਲੀਆ": -3,
  "ਦੀਵਾਲੀਆਪਨ": -3,
  "ਦੁਸ਼ਟ": -2,
  "ਦੁਸ਼ਮਣ": -2,
  "ਦੁਸ਼ਮਣੀ": -2,
  "ਦੁੱਖ": -3,
  "ਦੁਖਦਾਇਕ": -2,
  "ਦੁਖਦਾਈ": -3,
  "ਦੁਖੀ": -3,
  "ਦੁਖੀਏ": -3,
  "ਦੁਚਿੱਤਾ": -2,
  "ਦੁਬਿਧਾ": -1,
  "ਦੁਰਉਪਯੋਗ": -2,
  "ਦੁਰਘਟਨਾ": -2,
  "ਦੁਰਵਰਤ": -2,
  "ਦੁਰਵਰਤਦੀ": -2,
  "ਦੁਰਵਿਹਾਰ": -2,
  "ਦੁਰਵਿਵਹਾਰ": -2,
  "ਦੁਵਿਧਾ": -1,
  "ਦੂਸ਼ਿਤ": -2,
  "ਦੂਰ": -1,
  "ਦੇ ਸੰਗੀਨ": -2,
  "ਦੇ ਸ਼ੋਸ਼ਣ ਨੂੰ": -2,
  "ਦੇ ਦਬਾਅ": -1,
  "ਦੇ ਧਾਰਨੀ": -2,
  "ਦੇਸ਼ ਨਿਕਾਲੇ": -2,
  "ਦੇਖਦਾ": -3,
  "ਦੇਖਭਾਲ": 2,
  "ਦੇਣ": 1,
  "ਦੇਰੀ": -1,
  "ਦੋਸ਼": -2,
  "ਦੋਸਤ ਨੂੰ": 1,
  "ਦੋਸਤਾਨਾ": 2,
  "ਦੋਸਤੀ": 2,
  "ਦੋਸ਼ਪੂਰਨ": -2,
  "ਦੋਸ਼ੀ": -2,
  "ਦੋਸ਼ੀ ਨੂੰ": -2,
  "ਦੋਚਿੱਤੀ": -1,
  "ਦੋਛੋਟ": -2,
  "ਦੌਲਤ": 3,
  "ਧੱਕ": -2,
  "ਧੱਕੇਸ਼ਾਹੀ": -2,
  "ਧਨ": 2,
  "ਧੰਨਵਾਦੀ": 3,
  "ਧੱਫੜ": -2,
  "ਧਮਕਾਉਣ": -2,
  "ਧਮਕਾਏ": -2,
  "ਧਮਕੀ": -2,
  "ਧਰਮ": -3,
  "ਧਰਮ ਨੂੰ": 2,
  "ਧਰਮੀ": 2,
  "ਧ੍ਰੋਹ": -3,
  "ਧਾਰਮਿਕ": -2,
  "ਧਾਰਮਿਕ ਅਦਾਲਤ": -2,
  "ਧਾਵਾ": -2,
  "ਧਿਆਨ": 2,
  "ਧਿਆਨ ਨਾਲ": 2,
  "ਧਿੱਕਾਰ ਹੈ": -4,
  "ਧੁੰਦ": -2,
  "ਧੁੱਪ": 2,
  "ਧੂਪ": -2,
  "ਧੋਖਾ": -3,
  "ਧੋਖਾਧੜੀ": -4,
  "ਧੋਖੇਬਾਜ਼": -4,
  "ਧੋਖੇਬਾਜ਼ੀ": -3,
  "ਧੋਤੇ": 2,
  "ਨਸ਼ਟ": -2,
  "ਨਸਲਵਾਦ": -3,
  "ਨਸਲਵਾਦੀ": -3,
  "ਨਸ਼ਾਖੋਰੀ": -2,
  "ਨਕਲੀ": -3,
  "ਨਕਾਰਾਤਮਕ": -2,
  "ਨੰਗਾ": -1,
  "ਨੱਚਣ ਵਾਲੇ": -2,
  "ਨਜ਼ਰ": 2,
  "ਨਜ਼ਰ ਆਵੇ": 2,
  "ਨਜਰਅੰਦਾਜ": -1,
  "ਨਜ਼ਰਅੰਦਾਜ਼": -1,
  "ਨਜ਼ਰਬੰਦ": -2,
  "ਨਜ਼ਰਬੰਦੀ": -2,
  "ਨਜਾਇਜ਼": -5,
  "ਨਠ": -1,
  "ਨਤੀਜੇ": -2,
  "ਨਨੁਕਸਾਨ": -2,
  "ਨਪੁੰਸਕਤਾ": -2,
  "ਨਫ਼ਰਤ": -2,
  "ਨਫ਼ਰਤ ਕੀਤੀ": -3,
  "ਨਮਸਕਾਰ": 1,
  "ਨਰਕ": -4,
  "ਨਰਕਮਈ": -2,
  "ਨਰਮ": 2,
  "ਨਰੜ": -2,
  "ਨਵੀਨਤਾ": 1,
  "ਨਵੀਨਤਾਕਾਰੀ": 2,
  "ਨਾ": -2,
  "ਨਾ ਚੱਲਣ": -2,
  "ਨਾਸ": -2,
  "ਨਾਸਤਿਕਤਾ": -2,
  "ਨਾਸ਼ੁਕਰੇ": -3,
  "ਨਾਹੀ": -2,
  "ਨਾਕਾਫ਼ੀ": -2,
  "ਨਾਕਾਬੰਦੀ": -2,
  "ਨਾਕਾਬਲਿਅਤ": -2,
  "ਨਾਕਾਬਲੀਅਤ": -2,
  "ਨਾਕਾਮ": -2,
  "ਨਾਖੁਸ਼": -2,
  "ਨਾਤਾ ਤੋੜ": -2,
  "ਨਾਪਸੰਦ": -2,
  "ਨਾਮਨਜ਼ੂਰ": -2,
  "ਨਾਮੁਕੰਮਲ": -2,
  "ਨਾਰਾਜ਼": -2,
  "ਨਾਰੇ": 2,
  "ਨਾਲ ਸਮਝੌਤਾ ਕਰ": 2,
  "ਨਾਵਲ": 2,
  "ਨਾੜੀ": -1,
  "ਨਿਸਚਿੰਤ": 2,
  "ਨਿਸਫਲ": -2,
  "ਨਿਹਚਾ ਦਾ": 1,
  "ਨਿਹਾਲ": 3,
  "ਨਿਹਿਤ": 1,
  "ਨਿਕੰਮਾ": -2,
  "ਨਿਕਲ": -2,
  "ਨਿਕਲੇ": 2,
  "ਨਿਕਾਸੀ": -1,
  "ਨਿਕਾਲਾ": -2,
  "ਨਿਗਰਾਨੀ": -1,
  "ਨਿੱਘ": 2,
  "ਨਿੱਘੀ": 1,
  "ਨਿਡਰਤਾ": 2,
  "ਨਿੰਦਦੇ": -2,
  "ਨਿੰਦਾ": -2,
  "ਨਿੰਦਿਆ": -2,
  "ਨਿਧੜਕ": 2,
  "ਨਿਫਟੀ": 2,
  "ਨਿਮਰ": 1,
  "ਨਿਮਰਤਾ": 2,
  "ਨਿੰਮੋਝੂਣੇ": -2,
  "ਨਿਰਸੁਆਰਥ": 2,
  "ਨਿਰਦਈ": -3,
  "ਨਿਰਪੱਖ": 2,
  "ਨਿਰਪੱਖਤਾ": 2,
  "ਨਿਰਬਲਤਾ": -2,
  "ਨਿਰਭਉ": 2,
  "ਨਿਰਭਰ": 2,
  "ਨਿਰਮਲ": 2,
  "ਨਿਰਲੇਪ": -1,
  "ਨਿਰਾਸ਼": -2,
  "ਨਿਰਾਸ਼ਾ": -2,
  "ਨਿਰਾਸ਼ਾਜਨਕ": -2,
  "ਨਿਰਾਸ਼ਾਵਾਦੀ": -2,
  "ਨਿਰਾਦਰ": -2,
  "ਨਿਲਾਮ": -1,
  "ਨੁਕਸ": -3,
  "ਨੁਕਸਾਨ": -2,
  "ਨੁਕਸਾਨ ਹੈ": -2,
  "ਨੁਕਸਾਨ ਦਾ": -3,
  "ਨੁਕਸਾਨਦੇਹ": -2,
  "ਨੂੰ ਉਤਸ਼ਾਹਿਤ": 1,
  "ਨੂੰ ਉਤਸ਼ਾਹਿਤ ਕਰਨ": 1,
  "ਨੂੰ ਅਣਡਿੱਠਾ ਕਰ ਦਿੱਤਾ": -2,
  "ਨੂੰ ਅਪ੍ਰਵਾਨ": -2,
  "ਨੂੰ ਆਕਰਸ਼ਿਤ": 1,
  "ਨੂੰ ਇਨਸਾਫ਼": 2,
  "ਨੂੰ ਸਜ਼ਾ ਦਿੰਦਾ": -3,
  "ਨੂੰ ਸਤਾਇਆ": -2,
  "ਨੂੰ ਸਲਾਹ ਦਿੱਤੀ": -2,
  "ਨੂੰ ਸਲਾਮ": 2,
  "ਨੂੰ ਸਵੀਕਾਰ": 1,
  "ਨੂੰ ਸੁਧਾਰਨ": 2,
  "ਨੂੰ ਹਰਾਇਆ": -2,
  "ਨੂੰ ਹੱਲ": 2,
  "ਨੂੰ ਹੁਲਾਰਾ": 1,
  "ਨੂੰ ਕੱਢਦਾ ਹੈ": -2,
  "ਨੂੰ ਕੱਢਿਆ": -1,
  "ਨੂੰ ਕਮਜ਼ੋਰ": -2,
  "ਨੂੰ ਕੁਚਲ": -1,
  "ਨੂੰ ਗ੍ਰਿਫਤਾਰ ਕਰ ਲਿਆ": -3,
  "ਨੂੰ ਗੁਮਰਾਹ": -3,
  "ਨੂੰ ਘੁਣ": -3,
  "ਨੂੰ ਚਕਮਾ ਦੇ": -2,
  "ਨੂੰ ਚੇਤਾਵਨੀ": -2,
  "ਨੂੰ ਛੁਟਕਾਰਾ": 2,
  "ਨੂੰ ਠੱਗਦਾ ਹੈ": -3,
  "ਨੂੰ ਠੇਸ": -2,
  "ਨੂੰ ਤਬਾਹ": -3,
  "ਨੂੰ ਤਰੱਕੀ": 1,
  "ਨੂੰ ਤਾੜਿਆ": -2,
  "ਨੂੰ ਦੂਸ਼ਿਤ": -2,
  "ਨੂੰ ਨਜ਼ਰਅੰਦਾਜ਼": -1,
  "ਨੂੰ ਨਫ਼ਰਤ": -3,
  "ਨੂੰ ਨਰਮ": 3,
  "ਨੂੰ ਪਿਆਰ ਕਰਦਾ ਹੈ": 3,
  "ਨੂੰ ਫੜਨ": -2,
  "ਨੂੰ ਬਚਾ": 2,
  "ਨੂੰ ਬਚਾਇਆ": 2,
  "ਨੂੰ ਬਰਬਾਦ ਕਰੇ": -2,
  "ਨੂੰ ਬਰੀ": 2,
  "ਨੂੰ ਬੁੜ੍ਹਾਵਾ": 1,
  "ਨੂੰ ਮਨਜ਼ੂਰੀ": 2,
  "ਨੂੰ ਮਨਜ਼ੂਰੀ ਦੇ ਦਿੱਤੀ": 2,
  "ਨੂੰ ਮਾਰਨ": -3,
  "ਨੂੰ ਮੁੜ": 1,
  "ਨੂੰ ਰੱਦ": -1,
  "ਨੂੰ ਰੋਕਣ": -1,
  "ਨੂੰ ਰੋਕਣ ਦੀ": -2,
  "ਨੂੰ ਵਧਾਉਣ": 1,
  "ਨੂੰਮੋਟਰ": -2,
  "ਨੇ ਮਖੌਲ": -2,
  "ਨੇ ਮੰਨਿਆ": -1,
  "ਨੇਕ": 2,
  "ਨੈਤਿਕ": 2,
  "ਨੌਕਰ": -3,
  "ਪਸੰਦ": 2,
  "ਪਸੰਦ ਹੈ": 3,
  "ਪਸੰਦ ਕੀਤਾ": 2,
  "ਪਸੰਦੀਦਾ": 2,
  "ਪਹੁੰਚ": 1,
  "ਪਹੁੰਚਣ": 1,
  "ਪਹੁੰਚਦੀ ਹੈ": 1,
  "ਪਹੁੰਚਾਉਣ": -2,
  "ਪਹੇਲੀ": -1,
  "ਪਕੜਨ": -2,
  "ਪੱਕਾ ਇਰਾਦਾ": 2,
  "ਪੱਕਿਆ": -2,
  "ਪਖ": -3,
  "ਪੱਖ": 2,
  "ਪਖੰਡੀ": -2,
  "ਪੱਖਪਾਤ": -1,
  "ਪੱਖਪਾਤੀ": -2,
  "ਪੱਖਾ": 3,
  "ਪਛਤਾਵਾ": -2,
  "ਪਛੜ": -2,
  "ਪਛੜੇ": -2,
  "ਪਛਾੜ": -1,
  "ਪਟੜੀ": -2,
  "ਪੱਟੜੀ": -2,
  "ਪਰਉਪਕਾਰ": 2,
  "ਪ੍ਰਸ਼ੰਸਾ": 2,
  "ਪ੍ਰਸੰਸਾ ਕਰਦਾ": 3,
  "ਪ੍ਰਸੰਸਾਯੋਗ": 2,
  "ਪ੍ਰਸ਼ੰਸਾਯੋਗ": 3,
  "ਪ੍ਰਸੰਨ": 2,
  "ਪ੍ਰਸਿੱਧ": 3,
  "ਪ੍ਰਸਿੱਧੀ": 3,
  "ਪਰਹੇਜ਼": -1,
  "ਪ੍ਰਕਾਸ਼": 1,
  "ਪ੍ਰਚਾਰ": -2,
  "ਪ੍ਰਚਾਰਿਆ": -2,
  "ਪ੍ਰਤਿ": -2,
  "ਪ੍ਰਤਿਭਾ": 2,
  "ਪ੍ਰਦਰਸ਼ਨ": -1,
  "ਪ੍ਰਦਰਸ਼ਨਕਾਰੀ": -2,
  "ਪਰਦਾਫਾਸ਼": -1,
  "ਪ੍ਰਦੂਸ਼ਣ": -2,
  "ਪ੍ਰਦੂਸ਼ਿਤ": -2,
  "ਪ੍ਰਭਾਵ": 2,
  "ਪ੍ਰਭਾਵਸ਼ਾਲੀ": 3,
  "ਪ੍ਰਭਾਵਿਤ": -1,
  "ਪਰਮੰਨਿਆ": 2,
  "ਪ੍ਰਮਾਣਿਤ": 1,
  "ਪ੍ਰਮੁੱਖ": 2,
  "ਪਰਮੇਸ਼ੁਰ ਦੀ ਕਿਰਪਾ": 1,
  "ਪਰਮੇਸ਼ੁਰ ਨੇ": 1,
  "ਪ੍ਰਮੋਸ਼ਨ": -2,
  "ਪਰਵਾਹ": -2,
  "ਪ੍ਰਵਾਨਗੀ": 2,
  "ਪ੍ਰਾਪਤੀਯੋਗ": 1,
  "ਪ੍ਰਾਰਥਨਾ": 1,
  "ਪ੍ਰਾਰਥਨਾ ਕਰ": 1,
  "ਪਰੇਸ਼ਾਨ": 1,
  "ਪ੍ਰੇਸ਼ਾਨ": -2,
  "ਪਰੇਸ਼ਾਨੀ": -2,
  "ਪ੍ਰੇਮੀ": 3,
  "ਪ੍ਰੇਰਣਾ": 1,
  "ਪ੍ਰੇਰਨਾ": 2,
  "ਪ੍ਰੇਰਿਆ": 2,
  "ਪ੍ਰੇਰਿਤ": 2,
  "ਪਰੈਟੀ": 1,
  "ਪਰੋਪਕਾਰੀ": 2,
  "ਪਲੇਗ": -3,
  "ਪੜਤਾਲ": 1,
  "ਪਾਈ": -2,
  "ਪਾਗਲ": -3,
  "ਪਾਗਲਪਣ": -2,
  "ਪਾਟ": -2,
  "ਪਾਪ": 1,
  "ਪਾਪ ਦੀ": -2,
  "ਪਾਪੀ": -3,
  "ਪਾਬੰਦੀ": -2,
  "ਪਾਲਣ": 2,
  "ਪਾਲਦਾ": 2,
  "ਪਾਲਿਸ਼": 2,
  "ਪਿਆਰ": 2,
  "ਪਿਆਰਭਰੀਦਇਆ": 3,
  "ਪਿਆਰ ਕਰਨ": 2,
  "ਪਿਆਰ ਕੀਤਾ": 3,
  "ਪਿਆਰਾ": 3,
  "ਪਿਆਰੇ": 3,
  "ਪਿਸ਼ਾਬ": -4,
  "ਪਿੱਠ": 1,
  "ਪਿੜਾਈ": -1,
  "ਪੀੜ": -2,
  "ਪੀੜਤ": -3,
  "ਪੁਕਾਰ": -1,
  "ਪੁੱਛਗਿੱਛ": -1,
  "ਪੁੱਜੇ": -2,
  "ਪੁਰਸਕਾਰ": 3,
  "ਪੁਰਾਣੀ": -2,
  "ਪੂਰਤੀ": 2,
  "ਪੂਰਾ": 2,
  "ਪੂਰੀ ਹੋਈ": 2,
  "ਪੇ": -2,
  "ਪੇਚੀਦਾ": 2,
  "ਪੈਨਿਕ": -3,
  "ਪੋਸਟਦੁਖਦਾਈ": -2,
  "ਫ਼ਸਾਦ": -2,
  "ਫਸੇ": -2,
  "ਫਜ਼ੂਲ": -2,
  "ਫ਼ਰਜੀ": -3,
  "ਫ਼ਰਜ਼ੀ": -2,
  "ਫਲਦਾਇਕ": 2,
  "ਫਲਾਅ": -2,
  "ਫਲਾਪ": -2,
  "ਫਲੂ": -2,
  "ਫਲੈਗਸ਼ਿਪ": 2,
  "ਫਾਇਦੇਮੰਦ": 2,
  "ਫਾਸ਼ੀਵਾਦੀ": -2,
  "ਫਾਹ": -1,
  "ਫਿਕਲੇ": -2,
  "ਫਿੱਟ": 1,
  "ਫਿਰਦੌਸ": 3,
  "ਫਿਲਮ": 3,
  "ਫ਼ੁੱਟਕੇ": -2,
  "ਫੇਲ": -2,
  "ਫੇਲ ਹੁੰਦਾ ਹੈ": -2,
  "ਫੇਲ੍ਹ": -2,
  "ਫੇਲ੍ਹ ਹੈ": -2,
  "ਫ਼ੈਸ਼ਨਦਾਰ": 2,
  "ਫੈਸਲਾਕੁੰਨ": 1,
  "ਫੈਸਲੇ": -1,
  "ਫੈਲਿਆ": 1,
  "ਫੈਲੀ": -3,
  "ਫੌਜਾ": 2,
  "ਬਸਤਰ": 2,
  "ਬਹਾਦਰ": 2,
  "ਬਹਾਦਰੀ": 3,
  "ਬਹਾਨਾ": -3,
  "ਬਹਿਸ": -2,
  "ਬਹਿਸਬਾਜ਼ੀ": -3,
  "ਬਹੁਤ": -1,
  "ਬਹੁਤ ਖ਼ੁਸ਼": 3,
  "ਬੱਕਰਾ": -2,
  "ਬਕਵਾਸ": -2,
  "ਬਖਸ਼ਿਸ਼": 3,
  "ਬਗਾਵਤ": -2,
  "ਬਚ": -1,
  "ਬਚਕਾਨਾ": -2,
  "ਬਚਕੇ": -1,
  "ਬਚਗਾਨਾ": -2,
  "ਬਚਣ": -1,
  "ਬੱਚਤ": 1,
  "ਬਟਾਲਵੀ": -4,
  "ਬਟਾਲਵੀ cute": 4,
  "ਬਟਾਲਵੀ ਸੰਪੂਰਣ": 4,
  "ਬਟਾਲਵੀ ਸ਼ਾਨਦਾਰ": 4,
  "ਬਟਾਲਵੀ ਸੁੰਦਰ": 4,
  "ਬਟਾਲਵੀ ਹੈਰਾਨੀਜਨਕ": 4,
  "ਬਟਾਲਵੀ ਗਰਮ": 2,
  "ਬਟਾਲਵੀ ਚੰਗਾ": 4,
  "ਬਟਾਲਵੀ ਨੂੰ ਪਿਆਰ": 4,
  "ਬਟਾਲਵੀ ਪਿਆਰ": 4,
  "ਬਟਾਲਵੀ ਮਹਾਨ": 4,
  "ਬਣਨਗੇ": 5,
  "ਬਣਾ": -2,
  "ਬਣਾਉਣਾ": -1,
  "ਬਣਾਇਆ": 1,
  "ਬੰਦ": -2,
  "ਬੰਦ ਹੋਗਈ": -1,
  "ਬੰਦ ਕਰ": -1,
  "ਬਦਸਲੂਕੀ": -3,
  "ਬਦਸੂਰਤ": -3,
  "ਬਦਕਿਸਮਤ": -2,
  "ਬਦਕਿਸਮਤੀ": -2,
  "ਬਦਤਰ": -3,
  "ਬਦਨਾਮ": -2,
  "ਬਦਨਾਮੀ": -2,
  "ਬਦਬੂ": -2,
  "ਬਦਬੂਦਾਰ": -2,
  "ਬਦਲਾ": -2,
  "ਬਦੀ": -3,
  "ਬੰਦੂਕ": -1,
  "ਬੰਦੋਬਸਤ": 1,
  "ਬੰਬ": -1,
  "ਬਰੱਸਲਜ਼": -2,
  "ਬਰਸਾਤੀ": -1,
  "ਬਰਕਤ": 3,
  "ਬਰਕਰਾਰ": -1,
  "ਬਰਬਾਦ": -2,
  "ਬਰੀ": 2,
  "ਬਲਾਕ": -1,
  "ਬਲਾਕਿੰਗ": -1,
  "ਬਲਾਤਕਾਰ": -4,
  "ਬਲਾਤਕਾਰੀ": -4,
  "ਬਲੈਕਮੇਲ": -3,
  "ਬਲੌਕ": -1,
  "ਬੜੇ": 1,
  "ਬਾਈਕਾਟ": -2,
  "ਬਾਹਰ": -1,
  "ਬਾਹਰ ਚਲਣਾ": -2,
  "ਬਾਗੀ": -2,
  "ਬਾਗ਼ੀ": -2,
  "ਬਾਠ": 3,
  "ਬਾਰੇ ਸੋਚਦੀ ਰਹਿੰਦੀ": -3,
  "ਬਿਆਨੀ": -2,
  "ਬਿਹਤਰ": 2,
  "ਬਿਜ਼ਨਿਸ": -2,
  "ਬਿਨ": -2,
  "ਬਿਨਾ": 2,
  "ਬਿਪਤਾ": -2,
  "ਬਿਮਾਰ": -2,
  "ਬਿਮਾਰੀ": -2,
  "ਬਿਲਕੁਲ": 3,
  "ਬੀਮਾਰ": -2,
  "ਬੀਮਾਰ ਨਸੀਬ": -2,
  "ਬੀਮਾਰੀ": -2,
  "ਬੁਖ਼ਾਰ": -2,
  "ਬੁੱਧਹੀਣ": -2,
  "ਬੁਧੀ": -2,
  "ਬੁੱਧੀਮਾਨ": 2,
  "ਬੁਧੂ": -3,
  "ਬੁਰਾ": -2,
  "ਬੁਰਾ ਸਲੂਕ": -2,
  "ਬੁਰਾਈ": -3,
  "ਬੁਰੀ": -3,
  "ਬੁਰੇ": -3,
  "ਬੁਰੇ ਪ੍ਰਭਾਵ": -2,
  "ਬੇਅਸਰ": -2,
  "ਬੇਅਰਾਮੀ": -2,
  "ਬੇਆਰਾਮ": -2,
  "ਬੇਇਜ਼ਤੀ": -2,
  "ਬੇਇੱਜ਼ਤੀ": -2,
  "ਬੇਇਨਸਾਫ਼ੀ": -2,
  "ਬੇਈਮਾਨ": -2,
  "ਬੇਸਹਾਰਾ": -2,
  "ਬੇਸਮਝ": -2,
  "ਬੇਸੋਚੇ": -2,
  "ਬੇਹਦ": -3,
  "ਬੇਕਦਰਾ": -2,
  "ਬੇਕਾਬੂ": -2,
  "ਬੇਕਾਰ": -2,
  "ਬੇਗਾਨਗੀ": -2,
  "ਬੇਘਰ": -2,
  "ਬੇਚੈਨ": -2,
  "ਬੇਚੈਨੀ": -2,
  "ਬੇਜਾਨ": -1,
  "ਬੇਦਖਲੀ": -1,
  "ਬੇਦਖ਼ਲੀ": -1,
  "ਬੇਨਤੀ ਕਰਦਾ ਹੈ": 1,
  "ਬੇਪਤੀ": -2,
  "ਬੇਬੱਸ": -2,
  "ਬੇਮਿਸਾਲ": 3,
  "ਬੇਰਹਿਮ": -3,
  "ਬੇਰਹਿਮੀ": -2,
  "ਬੇਰੁੱਖੀ": -3,
  "ਬੇਰੁਜ਼ਗਾਰ": -1,
  "ਬੇਰੁਜ਼ਗਾਰੀ": -2,
  "ਬੇਲੋੜੀਦਾ": -2,
  "ਬੇਵੱਸ": -2,
  "ਬੇਵਕੂਫ਼": -3,
  "ਬੇਵਿਸ਼ਵਾਸੀ": -3,
  "ਬੋਝ": -2,
  "ਬੋਰ": -2,
  "ਬੋਰਿੰਗ": -2,
  "ਬੋਲਡ": 2,
  "ਬੋੜਾ": -2,
  "ਬੌਖਲਾ": -2,
  "ਭਖਿੱਿ": -3,
  "ਭੰਗ": -2,
  "ਭਗਦੜ": -2,
  "ਭੱਜਣਾ": -1,
  "ਭਟਕ": -1,
  "ਭਟਕੇ": -2,
  "ਭ੍ਰਿਸ਼ਟ": -3,
  "ਭ੍ਰਿਸ਼ਟਾਚਾਰ": -3,
  "ਭਰੋਸਾ": 1,
  "ਭਰੋਸੇ": 2,
  "ਭਰੋਸੇਯੋਗ": 2,
  "ਭਰੋਸੇਯੋਗਤਾ": 2,
  "ਭਲਾ": 2,
  "ਭਲਿਆਈ": 3,
  "ਭਵਿੱਖ": 1,
  "ਭੜਕਾਉਣ": -2,
  "ਭੜਕਾਇਆ": -1,
  "ਭੜਕੀਲੇ": 3,
  "ਭਾਗਸ਼ਾਲੀ": 2,
  "ਭਾਰ": -1,
  "ਭਾਰੀ": -2,
  "ਭਾਵਨਾ": 1,
  "ਭਾਵੁਕ": 2,
  "ਭਿਆਨਕ": -3,
  "ਭਿਰਆ": 2,
  "ਭੀਡ਼ੇ ਹੋ": -1,
  "ਭੁੱਖ": -2,
  "ਭੁੱਖਾ": -2,
  "ਭੁੱਖੇ": -2,
  "ਭੁਚਾਲ": -2,
  "ਭੁੱਲ": -1,
  "ਭੁਲੇਖਾ": -2,
  "ਭੂਚਾਲ": -2,
  "ਭੂਤ": -1,
  "ਭੂਤਕਾਲ": -2,
  "ਭੇਸ": -1,
  "ਭੇਜ ਦਿੱਤਾ": -2,
  "ਭੇਦਭਰੀ": -1,
  "ਭੋਲੇ": -2,
  "ਮਸ਼ਹੂਰ": 2,
  "ਮਸੂਲ": 2,
  "ਮਹੱਤਤਾ": 2,
  "ਮਹੱਤਵਪੂਰਨ": 1,
  "ਮਹਾਦੋਸ਼": -3,
  "ਮਹਾਨ": 3,
  "ਮਹਿੰਗੇ": -2,
  "ਮਹਿਮਾ": 2,
  "ਮਹਿਮਾਮਈ": 2,
  "ਮਕਸਦ": 2,
  "ਮਖੌਲ": -2,
  "ਮੰਗ": -1,
  "ਮਚਾ": -2,
  "ਮਜ਼ਬੂਤ": 2,
  "ਮਜਬੂਰ": 1,
  "ਮਜਲਿਸ": -1,
  "ਮਜ਼ਾਕ": 2,
  "ਮਜ਼ੇਦਾਰ": 3,
  "ਮਤਾ": 2,
  "ਮਦਦ": 2,
  "ਮਦਦ ਕਰਦੀ ਹੈ": 2,
  "ਮਦਦ ਕਰੋ": 2,
  "ਮਦਦਗਾਰ": 2,
  "ਮੰਦਭਾਗਾ": -1,
  "ਮੰਦੀ": -2,
  "ਮੰਦੇ ਦਾ": -1,
  "ਮਨ੍ਹਾ": -2,
  "ਮਨਜ਼ੂਰ": 1,
  "ਮਨਜ਼ੂਰੀ": 1,
  "ਮੰਨਦੀ ਹੈ": -1,
  "ਮਨਨ": 1,
  "ਮਨਪਸੰਦ": 2,
  "ਮਨਵਾ": -2,
  "ਮਨਾਉਣਾ": 3,
  "ਮਨਾਇਆ": 3,
  "ਮਨਾਹੀ": -1,
  "ਮੰਨਿਆ": 1,
  "ਮੰਨੀ": -2,
  "ਮੰਨੇ": 2,
  "ਮਨੋਬਲ": -2,
  "ਮਨੋਰੰਜਕ": 2,
  "ਮਨੋਰੰਜਨ": 3,
  "ਮਰ": -3,
  "ਮਰਜ਼ੀ ਤੂਫ਼ਾਨ": -1,
  "ਮਰਨ": -3,
  "ਮਰੇ": -3,
  "ਮਲੀਨ": -2,
  "ਮਾਅਨਿਆ": 4,
  "ਮਾਸਟਰਪੀਸ": 4,
  "ਮਾਹਿਰ": 2,
  "ਮਾਡ਼ਾ": -2,
  "ਮਾਣ": 2,
  "ਮਾਣਦਾ ਹੈ": 2,
  "ਮਾਣਯੋਗ": 2,
  "ਮਾਨਣਾ": 2,
  "ਮਾਨਤਾ": 2,
  "ਮਾਨਵੀ": 2,
  "ਮਾਫ਼": 1,
  "ਮਾਫ਼ੀ": -1,
  "ਮਾਫ਼ੀ ਮੰਗਣ": -1,
  "ਮਾਮਲੇ": 1,
  "ਮਾਮੂਲੀ": -2,
  "ਮਾਰ": -3,
  "ਮਾਰਿਆ": -1,
  "ਮਾਰੇ": -3,
  "ਮਾੜੀ": -2,
  "ਮਾੜੀ ਕਿਸਮਤ": -2,
  "ਮਿਸ": -2,
  "ਮਿਟਿਆ": -2,
  "ਮਿੱਠਾ": 3,
  "ਮਿੱਠੀ ਹੈ": 2,
  "ਮਿੱਠੇ": 2,
  "ਮਿੱਥ": -1,
  "ਮਿਲਿਆ": 1,
  "ਮੀਸਣੇ": 2,
  "ਮੀਤ": 3,
  "ਮੁਅੱਤਲ": -1,
  "ਮੁਆਫ਼": 2,
  "ਮੁਆਫਕ": 2,
  "ਮੁਆਫੀ": -1,
  "ਮੁਆਫ਼ੀ": -1,
  "ਮੁਸਕਰਾ": 2,
  "ਮੁਸਕਰਾਈ": 2,
  "ਮੁਸਕਰਾਹਟ": 2,
  "ਮੁਸ਼ਕਲ": -1,
  "ਮੁਸਕਾਨ": 2,
  "ਮੁਸੀਬਤ": -3,
  "ਮੁਸੀਬਤਾ": -1,
  "ਮੁਹਰੱਰ": 2,
  "ਮੁਕ ਦਮੇ": -1,
  "ਮੁਕਤ": 1,
  "ਮੁਕਤੀ": 2,
  "ਮੁਕੱਦਮਾ": -1,
  "ਮੁਕੱਦਮੇ": -2,
  "ਮੁਕੰਮਲ": 3,
  "ਮੁਕਾਬਲੇ": 2,
  "ਮੁੱਖ": 1,
  "ਮੁਨਾਫ਼ੇ": 3,
  "ਮੁਫ਼ਤ": 1,
  "ਮੁਬਾਰਕ": 2,
  "ਮੁਲਤਵੀ": -1,
  "ਮੁੜ": 1,
  "ਮੁੜ ਸੁਰਜੀਤ": 2,
  "ਮੂਡੀ": -1,
  "ਮੂਰਖ": -3,
  "ਮੂਰਖਤਾ": -1,
  "ਮੇਚ": 1,
  "ਮੈਡ": -3,
  "ਮੈਲ": -2,
  "ਮੈਲਾ": -2,
  "ਮੋਹਰੀ": 2,
  "ਮੋਹਿਆ": 3,
  "ਮੋਹਿਤ": 3,
  "ਮੋੜ": -1,
  "ਮੋੜਿਆ": -2,
  "ਮੌਕਾ": 2,
  "ਮੌਕੇ": 2,
  "ਮੌਜੀ": 2,
  "ਮੌਤ": -2,
  "ਮੌਤ ਦਾ": -2,
  "ਯਕੀਨ": 1,
  "ਯਕੀਨ ਹੈ": 2,
  "ਯਕੀਨੀ": 1,
  "ਯਾਦਗਾਰੀ": 1,
  "ਯਿਸੂ ਨੇ": 1,
  "ਯੁੱਧ": -2,
  "ਯੂ": -2,
  "ਯੂਚਨਾ": -2,
  "ਯੂਨੀਫਾਈਡ": 1,
  "ਯੋਗ": 2,
  "ਯੋਗਤਾ": 2,
  "ਰਹਿਣ": 2,
  "ਰਹਿੰਦ": -1,
  "ਰਹਿਮ ਦੀ": 2,
  "ਰੱਖਣ": 2,
  "ਰੱਖਿਆ": 2,
  "ਰੱਖੇਗਾ": -2,
  "ਰਚਨਾਤਮਕ": 2,
  "ਰਟੇ": -2,
  "ਰਣਖੇਤਰ": -1,
  "ਰੱਦ": -1,
  "ਰੱਬਾ": -3,
  "ਰਲ": -2,
  "ਰਾਹਤ": 1,
  "ਰਿਸ਼ਵਤ": -3,
  "ਰਿਗ": -1,
  "ਰੁੱਕ": -2,
  "ਰੁਕਾਵਟ": -2,
  "ਰੁਚੀ": 2,
  "ਰੁੱਝ": 1,
  "ਰੂਕੋ": -1,
  "ਰੂਪਵਾਨ": 3,
  "ਰੇਨਿੰਗ": 1,
  "ਰੇਲਵੇ": -2,
  "ਰੋਸ": -2,
  "ਰੋਸ਼ਨ": 2,
  "ਰੋਹ": -3,
  "ਰੋਕ": -2,
  "ਰੋਕਣ": -1,
  "ਰੋਕਦੀ": -1,
  "ਰੋਕਿਆ": -2,
  "ਰੋਕੋ": -1,
  "ਰੋਗ": -1,
  "ਰੋਗ,": -2,
  "ਰੋਣ": -2,
  "ਰੋਣਾ": -2,
  "ਰੌਸ਼ਨ": 2,
  "ਰੌਲਾ": -2,
  "ਰੌਲੇ": -1,
  "ਲਈ ਭੇਜਦੇ": -4,
  "ਲਈ ਮਜਬੂਰ": -1,
  "ਲਏ": -3,
  "ਲਗਜ਼ਰੀ": 2,
  "ਲੱਗਣ": -2,
  "ਲੰਗੜੇ": -2,
  "ਲਗਾ": -1,
  "ਲਗਾਉਣ": -1,
  "ਲਟਕਦਾ ਰਹਿੰਦਾ": -1,
  "ਲੱਬ": -1,
  "ਲੜ": -2,
  "ਲੜਨ": -1,
  "ਲੜਾਈ": -1,
  "ਲਾਇਕ": 2,
  "ਲਾਇਫਸੇਵਰ": 4,
  "ਲਾਸ਼": -1,
  "ਲਾਹੇ": 3,
  "ਲਾਗ": -2,
  "ਲਾਗੂ": -1,
  "ਲਾਜ਼ਮੀ": -1,
  "ਲਾਪਤਾ": -2,
  "ਲਾਪਰਵਾਹ": -2,
  "ਲਾਪਰਵਾਹੀ": -2,
  "ਲਾਬਿੰਗ": -2,
  "ਲਾਬੀ": -2,
  "ਲਾਬੀਕਾਰ": -2,
  "ਲਾਭ": 2,
  "ਲਾਭਦਾਇਕ": 2,
  "ਲਾਭਦਾਇਕਤਾ": 2,
  "ਲਾਲਚ": -3,
  "ਲਾਲਚੀ": -2,
  "ਲਿਸ਼ਕਦਾ": 3,
  "ਲਿੰਗਵਾਦੀ": -2,
  "ਲੀਕ": -1,
  "ਲੀਡਰਸ਼ਿਪ": 1,
  "ਲੀਨ": 1,
  "ਲੁਕਣ": -1,
  "ਲੁਕਾ": -1,
  "ਲੁੱਟ": -2,
  "ਲੁਟੇਰਾ": -3,
  "ਲੂਲੇ": -2,
  "ਲੈਪਸ": -1,
  "ਲੋਚ": -1,
  "ਲੋੜਵੰਦ": -2,
  "ਲੋੜੀਦੀ": 2,
  "ਵਹਿਸ਼ੀ": -2,
  "ਵਹਿਸ਼ੀਆਨਾ": -3,
  "ਵੱਕਾਰੀ": -2,
  "ਵੱਖ": -1,
  "ਵੱਖਰਾ": 2,
  "ਵਚਨਬੱਧ": 1,
  "ਵਚਨਬੱਧਤਾ": 2,
  "ਵੱਡਾ": 3,
  "ਵੱਡੀ": 1,
  "ਵੱਡੇ": 1,
  "ਵਧ": 1,
  "ਵਧ ਰਹੀ": 1,
  "ਵਧਦਾ ਹੈ": 1,
  "ਵੱਧਦੀ": 1,
  "ਵੱਧਦੇ": -2,
  "ਵਧਾਉਣ": 1,
  "ਵਧਾਈ": 1,
  "ਵਧਾਵਾ": 1,
  "ਵਧੀਆ": 3,
  "ਵਧੀਆ Damn": 4,
  "ਵਧੀਆ ਨਹੀ": -2,
  "ਵਧੇਰੇ": 2,
  "ਵਫ਼ਾਦਾਰ": 3,
  "ਵਫ਼ਾਦਾਰੀ": 3,
  "ਵਰਗਲਾਇਆ": -1,
  "ਵਰਗੇ": 2,
  "ਵਰਗੇ dont": -2,
  "ਵਰਜਕ": -2,
  "ਵਰਤਣ": -1,
  "ਵਰਤਾਵ": -2,
  "ਵਰਦੀ": -2,
  "ਵਾਅਦਾ ਕੀਤਾ": 1,
  "ਵਾਅਦੇ": 1,
  "ਵਾਹ": 4,
  "ਵਾਕਆਊਟ": -2,
  "ਵਾਕਫੀ": -2,
  "ਵਾਤਾਵਰਣ ਨੂੰਦੋਸਤਾਨਾ": 2,
  "ਵਾਪਸੀਯੋਗ": -1,
  "ਵਾਲਾ": -2,
  "ਵਿਅਰਥ": -2,
  "ਵਿਅਰਥਤਾ": -2,
  "ਵਿਆਕੁਲ": -2,
  "ਵਿਸਤ੍ਰਿਤ": 1,
  "ਵਿਸਾਖੀ": 2,
  "ਵਿਕਾਸ ਦਰ": 2,
  "ਵਿਕਾਰ": -2,
  "ਵਿਖਾਵਾ": -1,
  "ਵਿਗੜ": -2,
  "ਵਿਗੜਦੀ": -2,
  "ਵਿਗੜਦੇ": -2,
  "ਵਿਗੜੇ": -2,
  "ਵਿਗਿਆਨ ਦੇ": -2,
  "ਵਿਘਨ": -2,
  "ਵਿੱਚ ਸੁਧਾਰ": 2,
  "ਵਿਚ ਕੈਸ਼": -2,
  "ਵਿਚ ਵਿਘਨ ਪਿਆ": -2,
  "ਵਿੱਚਲਾ": -1,
  "ਵਿਚਲਿਤ": -2,
  "ਵਿਚਾਰ": -2,
  "ਵਿਜ਼ਿਟ": -3,
  "ਵਿਟਾਮਿਨ": 1,
  "ਵਿੱਢੀ": -2,
  "ਵਿਤਕਰਾ": -2,
  "ਵਿਤਕਰੇ": -2,
  "ਵਿਧਵਾ": -1,
  "ਵਿੰਨ੍ਹ": -2,
  "ਵਿਨਾਸ਼ਕਾਰੀ": -3,
  "ਵਿਰੋਧਤਾ ਕਰ": -2,
  "ਵਿਰੋਧੀ": -1,
  "ਵਿਲਾਸਤਾ": -2,
  "ਵਿਵਾਦ": 2,
  "ਵਿਵਾਦਪੂਰਨ": -2,
  "ਵਿਵਾਦਮਈ": -2,
  "ਵੇਸ਼ਵਾ": -4,
  "ਿਹਲਜੁਲ": -2,
  "ਿਕੰਡਰ": 2,
  "ਿਖੱਚ": 2,
  "ਿਪਆਰੀ": 3,
  "ਿੱਲ": -2,
  "ਿਵਹਾਰ": -2,
  "ਿਵਕਾਰ": -2
}