{
  "ያልሆኑ ጸድቋል": -2,
  "A ደጋ": -2,
  "absentees": -1,
  "absolves": 2,
  "accolade": 2,
  "acquitting": 2,
  "acrimonious": -3,
  "adoringly": 3,
  "advantageously": 2,
  "affectionateness": 3,
  "affronted": -1,
  "aficionados": 2,
  "aggravates": -2,
  "aggressions": -2,
  "agog": 2,
  "agonises": -3,
  "alarmist": -2,
  "alarmists": -2,
  "apeshit": -3,
  "appeases": 2,
  "applauds": 2,
  "arsehole": -4,
  "assfucking": -4,
  "asshole": -4,
  "astoundingly": 3,
  "attractively": 2,
  "avengers": -2,
  "axed": -1,
  "badass": -3,
  "bamboozle": -2,
  "bamboozled": -2,
  "bamboozles": -2,
  "bankster": -3,
  "bereaving": -2,
  "bitches": -5,
  "bitterest": -2,
  "blackmailed": -3,
  "blackmailing": -3,
  "blackmails": -3,
  "blithe": 2,
  "boycotting": -2,
  "braveness": 2,
  "bravura": 3,
  "brilliances": 3,
  "bullshit": -4,
  "buoyant": 2,
  "chagrined": -2,
  "charmingly": 3,
  "charmless": -3,
  "chastising": -3,
  "cheerless": -2,
  "chide": -3,
  "chides": -3,
  "chiding": -3,
  "cocksucker": -5,
  "cocksuckers": -5,
  "cocky": -2,
  "colluding": -3,
  "complicating": -2,
  "conciliate": 2,
  "conciliated": 2,
  "conciliates": 2,
  "conciliating": 2,
  "conflictive": -2,
  "consolable": 2,
  "contagions": -2,
  "contaminant": -2,
  "contaminations": -2,
  "contestable": -2,
  "convivial": 2,
  "cornered": -2,
  "courageousness": 2,
  "crap": -3,
  "crappy": -3,
  "crazier": -2,
  "criminate": -3,
  "criminated": -3,
  "criminates": -3,
  "criticizes": -2,
  "crushes": -1,
  "cunt": -5,
  "cynic": -2,
  "cynicism": -2,
  "daredevil": 2,
  "deadlock": -2,
  "debonair": 2,
  "defrauds": -3,
  "deject": -2,
  "dejecting": -2,
  "dejects": -2,
  "delightfully": 3,
  "demoralizes": -2,
  "denier": -2,
  "deploring": -3,
  "deports": -2,
  "derails": -2,
  "deriding": -2,
  "dickhead": -4,
  "dilligence": 2,
  "dipshit": -3,
  "direful": -3,
  "dirtier": -2,
  "dirtiest": -2,
  "disapprovals": -2,
  "disconsolate": -2,
  "disconsolation": -2,
  "disgustful": -3,
  "disparages": -2,
  "dithering": -2,
  "dolorous": -2,
  "douchebag": -3,
  "dour": -2,
  "downer": -2,
  "droopy": -2,
  "dud": -2,
  "dupery": -2,
  "E ነዚያ": 2,
  "E ና": 2,
  "E ንደሚችሉና": -2,
  "eery": -2,
  "embarrasses": -2,
  "engrossing": 3,
  "ennui": -2,
  "enrages": -2,
  "enraging": -2,
  "enrapture": 3,
  "ErrorWithTranslation": -2,
  "euphoric": 4,
  "evacuates": -1,
  "evergreening": -3,
  "exaggerates": -2,
  "exasparate": -2,
  "exasperates": -2,
  "excruciatingly": -1,
  "exhilarated": 3,
  "exhilarates": 3,
  "exonerates": 2,
  "exultantly": 3,
  "fag": -3,
  "fagot": -3,
  "fagots": -3,
  "faker": -3,
  "faking": -3,
  "fatigues": -2,
  "favourited": 2,
  "felonies": -3,
  "fervid": 2,
  "fiasco": -3,
  "flop": -2,
  "flops": -2,
  "forgettable": -1,
  "fraudulence": -4,
  "frikin": -2,
  "frisky": 2,
  "fucked": -4,
  "fucker": -4,
  "fuckers": -4,
  "fuckface": -4,
  "fuckhead": -4,
  "fuckin": -4,
  "fucktard": -4,
  "fud": -3,
  "fuked": -4,
  "fuking": -4,
  "fuming": -2,
  "gag": -2,
  "gallantly": 3,
  "gallantry": 3,
  "genial": 3,
  "glamourous": 3,
  "glum": -2,
  "goddamn": -3,
  "godsend": 4,
  "goofiness": -2,
  "goofy": -2,
  "greenwash": -3,
  "greenwasher": -3,
  "greenwashers": -3,
  "greenwashing": -3,
  "grisly": -2,
  "haha": 3,
  "hahaha": 3,
  "hahahah": 3,
  "haplessness": -2,
  "hardier": 2,
  "harried": -2,
  "hellish": -2,
  "hooligan": -2,
  "huckster": -2,
  "humbug": -2,
  "humerous": 3,
  "humourous": 2,
  "hurray": 5,
  "hysterics": -3,
  "icky": -3,
  "idiocy": -3,
  "impeachments": -3,
  "impedingly": -2,
  "imposter": -2,
  "incapacitates": -2,
  "incenses": -2,
  "incensing": -2,
  "indoctrinate": -2,
  "indoctrinates": -2,
  "indoctrinating": -2,
  "inediable": -2,
  "ineffectively": -2,
  "ineptitude": -2,
  "infantilized": -2,
  "infesting": -2,
  "infests": -2,
  "infract": -2,
  "infracted": -2,
  "infracting": -2,
  "infracts": -2,
  "infuriating": -2,
  "innovates": 1,
  "insufficiency": -2,
  "intransigence": -2,
  "intransigency": -2,
  "irreproducible": -2,
  "irresolute": -2,
  "jackass": -4,
  "jackasses": -4,
  "jaunty": 2,
  "jumpy": -1,
  "kickbacks": -3,
  "kidnappings": -2,
  "kudos": 3,
  "laughting": 1,
  "lawl": 3,
  "lethality": -2,
  "libelous": -2,
  "likeable": 2,
  "likers": 2,
  "lmfao": 4,
  "loathes": -3,
  "lobbied": -2,
  "lobbyist": -2,
  "lobbyists": -2,
  "lolol": 4,
  "lololol": 4,
  "lolololol": 4,
  "lool": 3,
  "loool": 3,
  "looool": 3,
  "lousy": -2,
  "lovelies": 3,
  "lugubrious": -2,
  "maladaption": -2,
  "maldevelopment": -2,
  "maltreatment": -2,
  "mediocrity": -3,
  "menaces": -2,
  "mesmerizing": 3,
  "methodically": 2,
  "mirthful": 3,
  "mirthfully": 3,
  "misbranding": -3,
  "miscast": -2,
  "mischiefs": -1,
  "misclassified": -2,
  "misclassifies": -2,
  "misclassify": -2,
  "misconducted": -2,
  "misconducting": -2,
  "misconducts": -2,
  "misfire": -2,
  "misgiving": -2,
  "misleaded": -3,
  "misplaces": -2,
  "misplacing": -2,
  "mispricing": -3,
  "misreport": -2,
  "misreported": -2,
  "misreporting": -2,
  "misreports": -2,
  "mistaking": -2,
  "moaned": -2,
  "modernizes": 2,
  "monopolize": -2,
  "moping": -1,
  "motherfucker": -5,
  "motherfucking": -5,
  "mumpish": -2,
  "n00b": -2,
  "negativity": -2,
  "niggas": -5,
  "nigger": -5,
  "offensively": -2,
  "oks": 2,
  "optionless": -2,
  "ostracizes": -2,
  "outmaneuvered": -2,
  "overreacted": -2,
  "oversell": -2,
  "overselling": -2,
  "oversells": -2,
  "oversimplified": -2,
  "oversimplifies": -2,
  "overstatements": -2,
  "overwrought": -3,
  "oxymoron": -1,
  "parley": -1,
  "penalizes": -2,
  "phobic": -2,
  "pileup": -1,
  "piss": -4,
  "pissing": -3,
  "piteous": -2,
  "plodding": -2,
  "polluter": -2,
  "polluters": -2,
  "postpones": -1,
  "prblm": -2,
  "prblms": -2,
  "profiteer": -2,
  "prosecutes": -1,
  "pseudoscience": -3,
  "psychopathic": -2,
  "rageful": -2,
  "ranter": -3,
  "ranters": -3,
  "rants": -3,
  "rapturous": 4,
  "repercussion": -2,
  "repulse": -1,
  "revengeful": -2,
  "riveting": 3,
  "robing": -2,
  "rofl": 4,
  "roflcopter": 4,
  "roflmao": 4,
  "romantical": 2,
  "rotfl": 4,
  "rotflmfao": 4,
  "rotflol": 4,
  "sappy": -1,
  "savange": -2,
  "savanges": -2,
  "scapegoat": -2,
  "scapegoats": -2,
  "scumbag": -4,
  "sexistic": -2,
  "shithead": -4,
  "shitty": -3,
  "shoody": -2,
  "singleminded": -2,
  "Slam": -2,
  "slumping": -1,
  "slut": -5,
  "smartest": 2,
  "snubbing": -2,
  "snubs": -2,
  "solidifies": 2,
  "spiritless": -2,
  "stampede": -2,
  "starves": -2,
  "stinked": -2,
  "stinker": -2,
  "stinks": -2,
  "stinky": -2,
  "stressors": -2,
  "stupidly": -2,
  "sueing": -2,
  "sulky": -2,
  "suspecting": -1,
  "swindles": -3,
  "swindling": -3,
  "tard": -2,
  "tarnishes": -2,
  "terrifically": 4,
  "terrorizes": -3,
  "timorous": -2,
  "tits": -2,
  "touts": -2,
  "treasonous": -3,
  "tremulous": -2,
  "twat": -5,
  "tyran": -3,
  "tyrannic": -3,
  "tyrannically": -3,
  "tyrans": -3,
  "unavailing": -2,
  "unbiased": 2,
  "unconvinced": -1,
  "uncredited": -1,
  "undercooked": -2,
  "underestimating": -1,
  "underperform": -2,
  "underperformed": -2,
  "underperforming": -2,
  "underperforms": -2,
  "uneventful": -2,
  "unfitted": -2,
  "unfunny": -2,
  "unimaginative": -2,
  "uninvolving": -2,
  "unmotivated": -2,
  "unparliamentary": -2,
  "unpleasantness": -2,
  "unreleting": -2,
  "unresearched": -2,
  "unsophisticated": -2,
  "vapid": -2,
  "verdicts": -1,
  "vexing": -2,
  "visioning": 1,
  "vivacious": 3,
  "vociferous": -1,
  "vomits": -3,
  "walkouts": -2,
  "wanker": -3,
  "winwin": 3,
  "woebegone": -2,
  "wooo": 4,
  "woow": 4,
  "wowow": 4,
  "wowww": 4,
  "wtff": -4,
  "wtfff": -4,
  "XO": 3,
  "xoxo": 3,
  "xoxoxo": 4,
  "xoxoxoxo": 4,
  "yeees": 2,
  "yucky": -2,
  "ሃሃ": 2,
  "ኃላፊ": 2,
  "ኃላፊነት": 1,
  "ኀላፊነት የማይሰማዉ": -2,
  "ሃሌ ሉያ": 3,
  "ሐሰተኛ": -3,
  "ሐሳብ ሰጠ": 2,
  "ሐሳብ ቢስ": -2,
  "ሐሳብ አባካኝ ነገር": -2,
  "ሐሳብ ወደሌላ አቅጣጫ ማረከ": -2,
  "ሐሳብ የለብዉ": 1,
  "ሀብታም": 2,
  "ሀብት": 3,
  "ሐዘን": -2,
  "ኀዘን": -2,
  "ኃዘን": -2,
  "ሃያሲ": -2,
  "ኃይለኛ": 2,
  "ኃይል": 2,
  "ኃጢአት": -2,
  "ኀፍረት": -2,
  "ሁሉን ለማወቅ የሚቸኩል": 1,
  "ሁከት": -3,
  "ሄክታር": 2,
  "ሕልም": 1,
  "ህልሞች": 1,
  "ሕመም": -2,
  "ሕመምተኛው": -2,
  "ህቡእ": -2,
  "ኅብር": 1,
  "ህዝባር": -2,
  "ህዝባሮች": -2,
  "ሕያዉ": 2,
  "ሕይወት ሰጠ": 2,
  "ሕይወት አድን": 4,
  "ሕይወት ይመሩ": -2,
  "ሕገ ወጥ": -3,
  "ሕጋዊ": 1,
  "ሕጋዊ ያልሆነ": -3,
  "ሕጋዊነት": 1,
  "ሕግ የማያስገድድ": -1,
  "ሕግን የተላለፈ": -2,
  "ኅፍረት": -2,
  "ሆስፒታል": -2,
  "ሆድ ድርቀት": -2,
  "ለሐዘን": -2,
  "ለህዝቦቿ": -2,
  "ለሕይወት ያልረጋ": -2,
  "ለሌላ ጊዜ": -1,
  "ለሌሎች የማያስብ": -2,
  "ለመለማመጥ": 2,
  "ለመሳተፍ": 1,
  "ለመቅጣት": -2,
  "ለመቆጣት": -2,
  "ለመከላከል": -1,
  "ለመዘርጋት": 1,
  "ለመፈታተን": -2,
  "ለመፈጸም": 2,
  "ለመፍታት": 2,
  "ለሚታሰቡ": -2,
  "ለሚነበብላቸው": 3,
  "ለሚደርሰው": -2,
  "ለማሳሳት": -3,
  "ለማሳደግ": 1,
  "ለማሳፈር": 2,
  "ለማስቆም": -1,
  "ለማስዋብ": 3,
  "ለማረጋገጥ": 1,
  "ለማርካት": 2,
  "ለማከናወን": 2,
  "ለማዛባት": -2,
  "ለማጅ": -2,
  "ለማጠብ": -3,
  "ለማጣጣል": -2,
  "ለም": 2,
  "ለስላሳ": 2,
  "ለበሽታው": -2,
  "ለባንዲራ": 2,
  "ለተለያቸው": -2,
  "ለታሰበበት": -3,
  "ለንጽህና": -2,
  "ለአምልኮ ማገልገል": 2,
  "ለአብ": 3,
  "ለዓይን የሚስብ": 2,
  "ለኤድስና": -3,
  "ለእግር": -2,
  "ለውዝ": -3,
  "ለዘረፋ": -2,
  "ለይቶ ማስቀረት": -1,
  "ለይቶ አስቀረ": -1,
  "ለደረሰበት": -2,
  "ለድል": 3,
  "ለገሠ": 2,
  "ለገሰ": 2,
  "ለገቡት": -2,
  "ለጋስ": 2,
  "ለጥቃት": -2,
  "ሊሉ": -2,
  "ሊሰርቅ": -1,
  "ሊሰቃይ": -1,
  "ሊቀንስ ይችላል": -1,
  "ሊቋረጥ": -2,
  "ሊቋቋመው": 2,
  "ሊታረቅ": -2,
  "ሊያስቆጭ": -2,
  "ሊያረጋግጥ": 1,
  "ሊያቆመው": 2,
  "ሊያበሳጭ": -2,
  "ሊያባብሰው": -3,
  "ሊያጠፋ": -3,
  "ሊያጨናግፉ": -2,
  "ሊፈጸምባቸው": -3,
  "ላለመቀበል": -1,
  "ላኪዎች": -3,
  "ላይ ማበረታቻ": 2,
  "ላይ ከዋለ በኋላ": 2,
  "ሌባ": -2,
  "ልቅሶ": -2,
  "ልባዊ": 2,
  "ልብ የሚሰብር": -3,
  "ልትመሰገን": 2,
  "ልትኖሩ": 2,
  "ልትዘነጊው": 3,
  "ልክ እንዳይጠግብ": -2,
  "ልዩ": 2,
  "ልጅአንድሴት ዉሻ ምክንያት": -5,
  "ልጥፍበአሰቃቂ": -2,
  "ልፋታቸውን": -2,
  "ሎልየን": 3,
  "ሎጋ": 2,
  "መሃይምነት": -2,
  "መለሰው": 1,
  "መልከ መልካም": 3,
  "መልክን ለወጠ": -1,
  "መልፈስፈስ": -2,
  "መሞት": -3,
  "መሰልቸት": -3,
  "መሠሪ": 2,
  "መሰናክል": -2,
  "መሳለቂያ": -2,
  "መሳም": 2,
  "መሳካት": 1,
  "መሳደብ": -2,
  "መስህቦች": 2,
  "መስለው": -1,
  "መስማማት": 2,
  "መስረቅ": -2,
  "መስጠትን": 1,
  "መስጫዎችን": -1,
  "መሪ": 2,
  "መሪነት": 2,
  "መራራ": -2,
  "መራብ": -2,
  "መርሳት": -1,
  "መርካትና": 2,
  "መርዛማ": -3,
  "መርዝ": -2,
  "መርዳት": 2,
  "መርገም": -4,
  "መርጦታል": 1,
  "መሸመቅ": -3,
  "መሸበር": -3,
  "መሸነፍ": -2,
  "መቀላቀል": 1,
  "መቀበላችንን": -3,
  "መቀበል": 1,
  "መቀጫ": -2,
  "መቁረጥ": -1,
  "መቃብር": -2,
  "መቃተት": -2,
  "መቅሰፍት": -3,
  "መቅሰፍቶች": -3,
  "መቅጣት": -2,
  "መቋረጥ": -2,
  "መቋረጦች": -2,
  "መበላሸት": -2,
  "መበዝበዝ": -2,
  "መብሳት": -5,
  "መብት": 2,
  "መተቸት,": -2,
  "መተው": -1,
  "መታወክ": -2,
  "መታገል": -1,
  "መትቶ": -1,
  "መናደድ": -2,
  "መንቀፍ": -2,
  "መንትያ መንፈስ": 2,
  "መንግሥተ ሰማያት": 2,
  "መንፈሳቸው": -2,
  "መንፈስ": 1,
  "መንፈስ የሚያድስ": 2,
  "መንፈስ ያለበት": -2,
  "መከልከል": -3,
  "መከሰታቸውን": -2,
  "መከረኛ": -3,
  "መከራ": -2,
  "መከራን": -1,
  "መከፋት": -2,
  "መከፋፈላቸውን": -2,
  "መካዷ": -2,
  "መክሰስም": -2,
  "መክሰሩን ሕግ ያረጋገጠዉ ሰዉ": -3,
  "መክሰር": -3,
  "መክዳት": -3,
  "መክፈል": -1,
  "መወሰን": 2,
  "መዋጋት": -2,
  "መዋጥን": -2,
  "መዋጮ": 2,
  "መውረስ": -2,
  "መውደዶችን": 2,
  "መዉረር": -1,
  "መዘጋጋት": -2,
  "መዘግየት": -1,
  "መዛቂያ": 3,
  "መዝገብ": 2,
  "መያዣ": 2,
  "መደርመስ": -2,
  "መደበቅ": -1,
  "መደናቀፍ": -2,
  "መዳን": 2,
  "መድልዎ": -2,
  "መድረስ": 1,
  "መገደብ": -2,
  "መጋዝ": -2,
  "መጋጪት": -2,
  "መግደል": -2,
  "መግደርደር": -1,
  "መጓደልን": -3,
  "መጠቀሚያ": -2,
  "መጠበቁ": 2,
  "መጠበቅ": 1,
  "መጠጠ": -3,
  "መጣመም": -1,
  "መጣስ": 3,
  "መጣያ": -1,
  "መጣጣር": -1,
  "መጥለፍ": -2,
  "መጥረቢያ": -1,
  "መጥረጊያ": 2,
  "መጥፎ": -2,
  "መጥፎ እድል": -2,
  "መጥፎነት": -3,
  "መጨመር": 1,
  "መፈጸም": 2,
  "መፍራታቸው": -2,
  "መፍታት": 2,
  "መፍትሔ": 2,
  "መፎከር የሚዉደዉ": -2,
  "ሙሉ ያልሆነ": -1,
  "ሙስና": -3,
  "ሙቀት": 2,
  "ሙቅ": 1,
  "ሙግት": -1,
  "ሙግቶች": -2,
  "ሚዛናዊ": 1,
  "ማመካኛ": -3,
  "ማምለጥ": -1,
  "ማሠቃየት": -2,
  "ማሰቃየት": -4,
  "ማሰናከል": -1,
  "ማሳበብ": -2,
  "ማሳከክ": -2,
  "ማስለቀቅ": -1,
  "ማስቀመጥ": 2,
  "ማስቆጣቱ": -2,
  "ማስተማሪያ": -2,
  "ማስተዋወቅ": 1,
  "ማስታወክ": -3,
  "ማስታገሻ": 2,
  "ማስነጠስ": -2,
  "ማስወገድ": -1,
  "ማስወገጃን": -1,
  "ማስደነቅ": 3,
  "ማሥገር": -2,
  "ማስጠንቀቂያ": -1,
  "ማስጠንቀቂያዎች": -3,
  "ማስፈራሪያ": -2,
  "ማስፈራሪያዎች": -2,
  "ማስፈራራት": -2,
  "ማረጋገጥ": 1,
  "ማራኪ": 3,
  "ማራዘም": 1,
  "ማርልኝ:": -3,
  "ማሸነፍ": 4,
  "ማሻሻል": 2,
  "ማቃለል": -2,
  "ማቃሰት": -2,
  "ማቆሚያዎች": -1,
  "ማቆም": -1,
  "ማቋረጥ": -2,
  "ማበረታታት": 2,
  "ማባከን": -1,
  "ማታለል": -3,
  "ማናደድ": -2,
  "ማንቂያ": -2,
  "ማከናወን": 2,
  "ማኮላሸትና": -2,
  "ማወቂያ": 2,
  "ማዋረድ": -2,
  "ማዳን": 2,
  "ማገድ": -1,
  "ማገጃ": -2,
  "ማጋራቶች": 1,
  "ማግለልና": -2,
  "ማጠናከር": 2,
  "ማጣመምህን": -2,
  "ማጣት": -3,
  "ማጥመጃ": -1,
  "ማጥፋት": -3,
  "ማጭበርበር": -2,
  "ማጭበርበርና": -3,
  "ማፈን": -2,
  "ሜሞሪያም": -2,
  "ሜዳይ": 3,
  "ምህረት": 2,
  "ምሕረት": 2,
  "ምሕረት የሌለዉ": -1,
  "ምልክቶች": -1,
  "ምስቅልቅል": -2,
  "ምስኪኖች": -1,
  "ምሥጋና": 2,
  "ምስጋና": 3,
  "ምሥጋና ቢስ": -3,
  "ምሬቱን": -2,
  "ምርመራ": 1,
  "ምርጥ የሚይዘው": 4,
  "ምቀኝነት": -1,
  "ምቹ": 2,
  "ምቾት": 2,
  "ምናምን": -2,
  "ምን ትደነግጣላችሁ?": -2,
  "ምንም ሊገባኝ": -3,
  "ምንም አዝናኝ": -3,
  "ምንም የፈየደላቸው": -2,
  "ምኞት": 1,
  "ምኞቶች": 1,
  "ምክንያት መግለጽ": 1,
  "ምግባር": 2,
  "ምፀቱ": -1,
  "ሞተ": -3,
  "ሞት": -2,
  "ሞት አፋፍ ላይ": -3,
  "ሞት የሚያስከትል": -3,
  "ሞኝ": -2,
  "ሞኝ ሰዉ": -2,
  "ሞኝነት": -2,
  "ሞኞች": -2,
  "ሞገስ": 2,
  "ሰለባ": -3,
  "ሰላማዊ": 2,
  "ሰላም": 2,
  "ሰላምም": 3,
  "ሰላምታ": 2,
  "ሰመመን": -2,
  "ሰማያዊ": 4,
  "ሰረቀ": -2,
  "ሰረዘ": -1,
  "ሠርቶ": -1,
  "ሰቆቃ": -3,
  "ሰብሮት": -2,
  "ሰብአዊ": 2,
  "ሰብአዊነትን": -2,
  "ሰነፍ": -1,
  "ሰንሱር": -2,
  "ሰክሮ": -2,
  "ሰዎች በረሃብ": -2,
  "ሰደበ": -2,
  "ሰዳቢ": -2,
  "ሰገዱለት": 3,
  "ሰጋቴ": -2,
  "ሰጠመ": -2,
  "ሰጠሙ": -2,
  "ሰጪም": -2,
  "ሰፊ": 1,
  "ሲል አሰበ": -2,
  "ሲልና": 3,
  "ሲሳለቁብን": -2,
  "ሲስቅ,": 1,
  "ሲቁነጠነጡና": -2,
  "ሲቃትት": -3,
  "ሲናገሩ": -2,
  "ሲኖሩ": 2,
  "ሲኦል": -4,
  "ሲከራከሩ": -2,
  "ሲከፋ": -2,
  "ሲካሰስ": -2,
  "ሲዛትባቸው": -2,
  "ሲያሰቃይ": -2,
  "ሲያስቸግራቸው": -2,
  "ሲያሸብሯቸው": -3,
  "ሲያቃስቱ": -2,
  "ሲያንጸባርቅ,": 3,
  "ሲጀምሩም": -2,
  "ሲገባም": -2,
  "ሲጸልይ": 1,
  "ሲፈረድብን": -2,
  "ሳልጠራጠር": -1,
  "ሳስነጥስ": -2,
  "ሳቀ": 1,
  "ሳቅ": 1,
  "ሳበ": 1,
  "ሳቢ": 2,
  "ሳንሱር": -2,
  "ሳያጓድል": 2,
  "ሳይሟላ": -2,
  "ሳይሰማት": -2,
  "ሳይቋረጥ": -2,
  "ሳይታሰብ": -2,
  "ሳይታሰብ የተሠራ": -1,
  "ሳይቸገሩ": 2,
  "ሳይጠራጠር": -1,
  "ሳይጠቅስ": -1,
  "ሳይጨርሱ": -1,
  "ሳይፈጸም": -2,
  "ሴራ": 1,
  "ሴት ዉሻ": -5,
  "ስህተት": -2,
  "ስሕተት": -2,
  "ስህተቶች": -2,
  "ስለሚቀርቡት": -2,
  "ስለሚያሳስት": -3,
  "ስለሚያዛባው": -2,
  "ስለሰጣት": -2,
  "ስለረገማት": -2,
  "ስለቀነሰ": -2,
  "ስላመሳቀላቸው": -2,
  "ስልችት": -3,
  "ሥልጡን": 2,
  "ሥልጣን": 1,
  "ሥልጣን ያለዉ": 2,
  "ስሜት": 1,
  "ስምም": 2,
  "ስምምነት": 2,
  "ስምን የሚያጠፉ ወሬ": -3,
  "ስምዖንም": -2,
  "ሥሥታም": -2,
  "ሥራ ለቀቀ": -1,
  "ሥራ ማሰናከል": -2,
  "ሥራ የሌለዉ": -1,
  "ሥርዓት የሌለዉ": -2,
  "ሥቃይ": -4,
  "ስቧል": 1,
  "ስታውት": 2,
  "ስታገል": -1,
  "ስትታመሙ": -3,
  "ስትነሣ": 3,
  "ስንከባከባቸው": -2,
  "ስንደነቅ": 3,
  "ስንገሥጻቸው": -2,
  "ስኬታማ": 3,
  "ስኬት": 2,
  "ስደት": -2,
  "ስድብ": -2,
  "ስጋቶች": -2,
  "ስግብግብነት": -3,
  "ስጠኝ": 1,
  "ስጦታ": 2,
  "ስፌት": 2,
  "ረሃብ": -2,
  "ረስተውታል": -1,
  "ረባሽ": -2,
  "ረብ": 2,
  "ረዳት": 1,
  "ረዳት የሌለዉ": -2,
  "ረዳቸው": -2,
  "ረጅም ታሪክ": 2,
  "ረጅም ዕድሜ ያለዉ": 2,
  "ሩኅሩኅ": 2,
  "ራሱ የከበደዉ": -1,
  "ራስ ምታት": -2,
  "ራስ ወዳድ": -3,
  "ራስ ወዳድነት": -3,
  "ራስን መግደል": -2,
  "ራስን በራስ": -2,
  "ራስን አላግባብ": -2,
  "ራስን አታለላቸው": -2,
  "ራስን የሚቃረን": -2,
  "ራዕይ": 1,
  "ራእዮች": 1,
  "ሬሳ": -1,
  "ርኅራኄ": 2,
  "ርኅራኌ": 2,
  "ርግጠኛ": -1,
  "ሸለመ": 3,
  "ሸለቆን": 2,
  "ሸርሙጣ": -4,
  "ሸተተ": -2,
  "ሸክም": -2,
  "ሽልማት": 3,
  "ሽልማቶች": 2,
  "ሽፋንምትኬ": -3,
  "ቀለል": 1,
  "ቀላል": 1,
  "ቀላልነት": 2,
  "ቀልብ": 3,
  "ቀልደኛ": 2,
  "ቀልደኛነት": 2,
  "ቀልድ": 2,
  "ቀልዶች": 2,
  "ቀስቃሽ": 2,
  "ቀሽም": -2,
  "ቀበረ": -1,
  "ቀበጥ": -2,
  "ቀባ": -2,
  "ቀናተኛ": 2,
  "ቀናኢ": -2,
  "ቀውስ": -3,
  "ቀደመው": -2,
  "ቀጋ": 2,
  "ቀጣ": -2,
  "ቀጣይነት ያለው": 2,
  "ቀጥ ያለ": 1,
  "ቁልጭ": 2,
  "ቁስ": 1,
  "ቁስል": -3,
  "ቁርጠኝነት": 2,
  "ቁርጥ": 2,
  "ቁሻሻ": -2,
  "ቁጡ": -3,
  "ቁጣ": -2,
  "ቁጥር እንዲቀንስ": -2,
  "ቁጥጥር": -2,
  "ቃል ኪዳንህን": -1,
  "ቈርሶም": -1,
  "ቅሌቶች": -3,
  "ቅስማቸው": -2,
  "ቅስም": -2,
  "ቅሬታ": -2,
  "ቅሬታውን": -2,
  "ቅሬታዎችን": -2,
  "ቅር": -2,
  "ቅርጽ የጠፉ": -2,
  "ቅነሳ": -1,
  "ቅናሽ": -1,
  "ቅናት": -2,
  "ቅንነት": 2,
  "ቅንዓትንም ሐሜትንም": -1,
  "ቅድሚያ": 2,
  "ቅድሚያ ያለው": 2,
  "ቅጣት": -2,
  "ቅጣቶች": -2,
  "ቆሟል": -1,
  "ቆረጠ": -1,
  "ቆርጣሚ": -4,
  "ቆሻሻ": -1,
  "ቆሻሻው": -4,
  "ቆንጆ": 3,
  "ቆዳና ሌጦ": -1,
  "በሐሰት": -2,
  "በኃይል": -3,
  "በሐጌና": -1,
  "በሁኔታው": -2,
  "በሁከት": -2,
  "በሕዝበ": -2,
  "በሕይወት": 2,
  "በሕገ ወጥ መንገድ": -3,
  "በሕጋዊ መንገድ": 1,
  "በላያቸውም": 2,
  "በላይነት": 3,
  "በልበ ሙሉነት": 2,
  "በልግስና": 2,
  "በመልቀቅ": -1,
  "በመሰረዝ ላይ": -1,
  "በመርዝ": -2,
  "በመቃተትና በምጥ": -2,
  "በመቅረቱ": -2,
  "በመበዝበዝ": -2,
  "በመተላለፍ": -2,
  "በመተቃቀፍ": 2,
  "በመታገል ላይ": -2,
  "በመንከባከብ": 2,
  "በመንፈስ አነሳሽነት": 2,
  "በመዘፈቅ": 2,
  "በመደገፍ": 1,
  "በመግለጹ": -1,
  "በመጠቀሚያ": 3,
  "በመጥለፍ": -2,
  "በመጥፎ ተግባር የታወቀ": -2,
  "በመፈጸም ላይ": 1,
  "በሚሄድ": 2,
  "በሚልክበት": -3,
  "በሚነዱ": -2,
  "በሚያምነው": 1,
  "በሚያሳዝን": -2,
  "በሚያውክ": -2,
  "በሚገባ ማመጣጠን": 2,
  "በሚገባ እየሠለጠነ": 2,
  "በሚገባ የተቋቋመ": 2,
  "በሚገባ ያስፋፉት": 3,
  "በሚጋበዝበት": -2,
  "በሚጢጢ": -1,
  "በማምንበት": 1,
  "በማሠቃየት አስፈራራ": -3,
  "በማስቀየር": -1,
  "በማስተዋወቅ": 1,
  "በማስነጠስ": -2,
  "በማስወጣት": -2,
  "በማስገደድ": -2,
  "በማረጋገጡና": 2,
  "በማረጋገጥ": 1,
  "በማራዘም": -1,
  "በማባባስ": -2,
  "በማክበር ላይ": 3,
  "በማይችሉ": -2,
  "በማድቀቅ": -1,
  "በማድነቅ": 2,
  "በማጋለጥ": -1,
  "በማግኘት": 2,
  "በምሥክሮቹ": -3,
  "በምትናገራቸው": -1,
  "በሰላማዊ": 2,
  "በስህተት": -2,
  "በስሕተት ገባ": -2,
  "በስለት": -2,
  "በስጦታ": 2,
  "በረከት": 3,
  "በራስ መተማመን": 2,
  "በሽታ": -1,
  "በሽታ መያዝ": -2,
  "በሽታ አስያዘ": -2,
  "በሽታ የመከላከል": 1,
  "በሽታዎች": -1,
  "በቀላሉ የሚታይ": 2,
  "በቀላሉ የሚደነግጥ": -2,
  "በቀል": -2,
  "በቁጣ": -3,
  "በቁጥጥር": -2,
  "በበላይነት": -1,
  "በበሽታው": -2,
  "በባርነት": -2,
  "በተሳሳተ": -2,
  "በተሳሳተ መንገድ": -2,
  "በተሳካ ሁኔታ": 3,
  "በተነ": -2,
  "በተከሰቱት": -2,
  "በተክሉ": -2,
  "በተጠመደባቸው": -1,
  "በተጠንቀቅ": 2,
  "በቲያትር": 2,
  "በትሕትናቸውና": 2,
  "በትኵረት": -2,
  "በንቀት": -2,
  "በኖራ": -3,
  "በአሰቃቂ": -3,
  "በአቋማቸው": 2,
  "በአንድ ወቅትinaየህይወት ዘመን": 3,
  "በአደራ": 2,
  "በአደገኛ ሁኔታ": -2,
  "በአግባቡ": 2,
  "በዓላት": 3,
  "በዓልን": 3,
  "በከፍተኛ": 1,
  "በኩራት": 2,
  "በካይ": -2,
  "በኮንዶም": -4,
  "በወረት": 2,
  "በዘመነ": 1,
  "በደሉ": -2,
  "በደሉን": -2,
  "በደል": -2,
  "በደሎች": -2,
  "በደስታ": 3,
  "በደስታ መጮኽ": 2,
  "በደስት": 2,
  "በደንብተኮር": 2,
  "በደንብ ዳብሮ": 2,
  "በዲናሚት አፈረሰ": -2,
  "በድሃ": -2,
  "በድል": 4,
  "በድብቅ": -2,
  "በድንገት": -2,
  "በድፍረት": 2,
  "በገለጸችበት": -2,
  "በጊዜው": -2,
  "በግልጽ": 1,
  "በግዳጅ": -1,
  "በግፍ": -2,
  "በጎ": 2,
  "በጎ አድራጎት": 2,
  "በጎ ፈቃድ": 3,
  "በጠበጠ": -2,
  "በጣም": -3,
  "በጣም ብርቅዬ": 2,
  "በጣም ብርቅዬ የቪኦኤን": 4,
  "በጣም ተረበሽኩ": -2,
  "በጣም ተበሳጨች": -2,
  "በጣም ተደስተው": 5,
  "በጣም ተደናገጠች": -3,
  "በጣም ትልቅ": 1,
  "በጣም ነው የሳቅኩት": 4,
  "በጣም አስደንጋጭ": -3,
  "በጣም አዘነላቸው": -2,
  "በጣም ዉብ": 3,
  "በጣም የምትገርሙ": 2,
  "በጣም የተወደደ": 3,
  "በጣም የተደሰተ": 3,
  "በጣም ይናፍቅ": 1,
  "በጣም ደነገጥኩ": -2,
  "በጣም ጥሩ": 3,
  "በጥርጣሬ": -3,
  "በጥብቅ": 3,
  "በጥንቃቄ": 2,
  "በጭንቀት": -2,
  "በጽኑ": 2,
  "በፈንጠዝያ": -2,
  "በፈጸመበት ጊዜ": 1,
  "በፍርሃት": -2,
  "በፍርሃትና በመንቀጥቀጥ": -2,
  "በፖሊሶች ላይ": -2,
  "ቡራኬ": 3,
  "ቢሰርቅ": -2,
  "ቢሰጠውም": 2,
  "ቢታጠብ": 2,
  "ቢኖረንም": 2,
  "ቢያሠቃይና": -4,
  "ቢያሳልፍ": -1,
  "ቢያዘነብልም": -2,
  "ባሕርያት": 2,
  "ባለመሄዳቸው": -2,
  "ባለመቅረት": -2,
  "ባለመውሰዳቸው": -2,
  "ባለራዕይ": 3,
  "ባለተስፉ": 2,
  "ባለጋለ ፍላጐት": 2,
  "ባለጌ": -1,
  "ባለጸጋ": 3,
  "ባልተደራጀ": -2,
  "ባልንጀርነት": -3,
  "ባሪያ": -2,
  "ባሪያዎች": -3,
  "ባርነት": -3,
  "ባነበብነው": 1,
  "ባይሳካልኝስ": -1,
  "ባይችሉ": -2,
  "ባድማ": -2,
  "ባዶ": -1,
  "ባዶነት": -1,
  "ባጠላበት": 3,
  "ቤት ሥርሠራ": -2,
  "ቤት የሌለዉ": -2,
  "ብልህ": 2,
  "ብልሹ": -3,
  "ብልሽት": -3,
  "ብልግና": -2,
  "ብልጥ": 2,
  "ብልጽግና": 3,
  "ብሩህ": 1,
  "ብሩህነት": 1,
  "ብራሪ": -2,
  "ብርሃን": 2,
  "ብርቱ": 2,
  "ብርቱዎችና": -3,
  "ብርታት": 3,
  "ብርክ": -3,
  "ብቃት ማነስ": -2,
  "ብቃቶች": 1,
  "ብቸኛ": -2,
  "ብቸኛ ግን": -2,
  "ብቻ": -2,
  "ብክለት": -2,
  "ብዙ ክብደት ያለዉ": -1,
  "ብዥ": -2,
  "ብድን": -2,
  "ብጥብጥ": -2,
  "ቦምብ": -1,
  "ተለክ": 3,
  "ተላላፊ": -1,
  "ተላልፈዋል": -2,
  "ተላተመች": -1,
  "ተመልሷል": 2,
  "ተመሰቃቅሎ": -2,
  "ተመጣጣኝ": 1,
  "ተማርከዋል": 3,
  "ተሟጋች": 2,
  "ተሟጋቾች": 2,
  "ተሰርቆ": -2,
  "ተሰርዟል": -1,
  "ተሰብስቧል": -2,
  "ተሰናብቷል": -2,
  "ተሰወረ": -1,
  "ተሳክቷል": 3,
  "ተሳደበ": -2,
  "ተሳፍረህ": 2,
  "ተስማሚ": 2,
  "ተስማማ": 1,
  "ተስፉ ቢስ": -2,
  "ተስፋ": 2,
  "ተስፋ መቁረጥ": -3,
  "ተስፋ ቆርጦ": -2,
  "ተስፋ አስቆራጭ": -2,
  "ተስፋ የሚያስቆርጡ": -2,
  "ተስፋ የቆረጡ": -3,
  "ተስፋዎች": 2,
  "ተረብሼ": -2,
  "ተረጋግጧል": 2,
  "ተሸልሟል": 3,
  "ተሸናፊ": -3,
  "ተቀምጧል": 2,
  "ተቀርቅሯል": -2,
  "ተቀባይነት": 1,
  "ተቀባይነት አላገኘም": -1,
  "ተቀባይነት የለውም": -2,
  "ተቀብሏል.": -3,
  "ተቀብሏቸዋል": 1,
  "ተቀጥሮ": -2,
  "ተቃራኒ": -2,
  "ተቃወመ": -2,
  "ተቃውሞ": -2,
  "ተቈጣ": -2,
  "ተቆጡ": -3,
  "ተቆጣጠረ": -1,
  "ተቆጥበዋል": -1,
  "ተቆጥቶ": -2,
  "ተቆጥቶ መጮኽ": -3,
  "ተቋርጧል": -1,
  "ተበላሽቷል": -3,
  "ተበሳጨ": -2,
  "ተበቀለ": 2,
  "ተበይኖባታል": -2,
  "ተባ": -2,
  "ተባባሪ": 2,
  "ተቸገረና": -2,
  "ተቺዎች": -2,
  "ተችተውታል": -2,
  "ተነሣ": 1,
  "ተነሳስቷል": -1,
  "ተነካካ": -2,
  "ተነጫነጪ": -2,
  "ተናዳ": -3,
  "ተናጋ": -2,
  "ተናግራለች": -1,
  "ተንኮለኛ": -1,
  "ተንኮላቸውንም": -1,
  "ተንኮል": -1,
  "ተአምር": 4,
  "ተከልክሏል": -1,
  "ተከሳሹ": 2,
  "ተከስሶ": -3,
  "ተከስቶበት": 3,
  "ተከበረ": 3,
  "ተኰሰ": -1,
  "ተኳሽ": -2,
  "ተወ": -1,
  "ተወቃሽ": -2,
  "ተወዳዳሪ የማይገኝለት": 2,
  "ተወዳጅ": 2,
  "ተወዳጆች": 2,
  "ተውጠዋል": -2,
  "ተዘጋጀች": -2,
  "ተዘጋጅታ": 1,
  "ተደመሰሰ": -2,
  "ተደስቼ": 3,
  "ተደራሽ": 1,
  "ተደርሷል": 1,
  "ተደበደቡ": -4,
  "ተደንቆ": 3,
  "ተጀመረ": 1,
  "ተገረመ": 3,
  "ተገረሙና": 2,
  "ተገቢ": 2,
  "ተገቢ ባልሆነ መንገድ": -2,
  "ተገቢ ያልሆነ": -2,
  "ተገቢ ያልሆኑ": -2,
  "ተገኘ": 2,
  "ተገደሉ": -3,
  "ተገደው ነበር": -2,
  "ተገድደው": -2,
  "ተጋለጠ": -1,
  "ተጋላጭነት": -2,
  "ተጋንነዋል": -2,
  "ተጋጪ": -1,
  "ተግሣጽ": -2,
  "ተጎድቶ": -2,
  "ተጎጂዎች": -3,
  "ተጠልፎ": -1,
  "ተጠራጣሪ": -2,
  "ተጠራጣሪዎች": -2,
  "ተጠርጣሪዎች": -1,
  "ተጠቃሚ": 2,
  "ተጠያቂነቱን": -3,
  "ተጣልቶ": -2,
  "ተጣራ": 2,
  "ተጣጣሪ": 2,
  "ተጥሏል": -1,
  "ተጨናግፏል": -1,
  "ተጫዋች": 2,
  "ተጭንቃ": -2,
  "ተጸየፉት;": -3,
  "ተጸጸተ": -2,
  "ተጸጻቾች": -2,
  "ተጽናንተው": 2,
  "ተጽዕኖ": -1,
  "ተፈርዶባቸው": -2,
  "ተፈታታኝ": -1,
  "ተፈፃሚዎች": 2,
  "ተፋላሚ": -1,
  "ተፋው": -3,
  "ታላቅ": 3,
  "ታላቅ ስሜት": 1,
  "ታላቅ ብጥብጥ": -2,
  "ታላቅ ወንጀል": -3,
  "ታላቅ የቪኦኤን": 4,
  "ታላቅ ደስታ": 2,
  "ታላቅ ፍላጐት ያለዉ": 3,
  "ታማኝ": 3,
  "ታማኝነት": 3,
  "ታሳድደኛለህ": -2,
  "ታስተባብላላችሁ": -2,
  "ታባክናለች": -2,
  "ታንቆ": -2,
  "ታዋቂ": 3,
  "ታዋቂነት": 3,
  "ታዉቆ የተደረገ ያልሆነ": -2,
  "ታዝናላችሁ": -2,
  "ታገደ": -1,
  "ታግዷል": -1,
  "ታጽናናዋለህ": -2,
  "ታፍነው": -2,
  "ትሑት": 1,
  "ትሑቶች": 2,
  "ትልቅ": 3,
  "ትረበሻለች": -1,
  "ትርታ": -1,
  "ትርኪ ምርኪ": -2,
  "ትርጉም": 2,
  "ትርጉም የለሽ": -2,
  "ትርፍ": 2,
  "ትችት": -2,
  "ትንሽ አዳራሽ": -2,
  "ትንኮሳ": -3,
  "ትዕግሥተኛ": 1,
  "ትዕግሥተኛ,": -2,
  "ትዕግሥት": 2,
  "ትዕግሥት የሌለዉ": -2,
  "ትኩሳት": -2,
  "ትኩስ": 2,
  "ትኩስ የቪኦኤን": 2,
  "ትኩረቱ": -2,
  "ትኩረት": 2,
  "ትኩረት የሚስብ": -1,
  "ትክት": -2,
  "ትግል": -1,
  "ትጠብቀናለች": -1,
  "ትፈልጋለች": 1,
  "ቸልተኛ": -2,
  "ቸር": 3,
  "ቸር ሴት": 2,
  "ቺርስ": 2,
  "ችላ": -1,
  "ችሎታ": 2,
  "ችሎታ ያለዉ": 2,
  "ችሎታዎች": 1,
  "ችኮ": -2,
  "ችግር": -2,
  "ችግሮች": -2,
  "ችፍታ": -2,
  "ነርቮች": -1,
  "ነቀርሳ": -1,
  "ነቀፈ": -2,
  "ነቀፌታ የሌለዉ": 2,
  "ነዋሪው": 2,
  "ነውጥ": -2,
  "ነገር አይተላለፍ": -2,
  "ነገር የመሞከር": 1,
  "ነገር የመጠራጠር": -2,
  "ነጻ ለቀቀ": 2,
  "ነጻ መሆን": 2,
  "ነጻነት": 2,
  "ነፃነት": 2,
  "ነፋስንም እንደ": -2,
  "ነፍሰ": -2,
  "ነፍስ የሌለዉ": -1,
  "ነፍስ ግዳይ": -2,
  "ኑሮ ተመለሰ": -2,
  "ኑሮአቸውን": -2,
  "ናርሲሲዝም": -2,
  "ናቀ": -2,
  "ናፈቀ": -2,
  "ናፍቆት": -1,
  "ንቀት": -2,
  "ንቀትን": -2,
  "ንቀዋል": -2,
  "ንቁ": 2,
  "ንብረት": 2,
  "ንብረቶች": 2,
  "ንዴትን": -2,
  "ንጹሕ": 2,
  "ንጹሕ ያልሆነ": -2,
  "ንፉግ": -2,
  "አሁን የሚያመልጡትን": -1,
  "አህያ": -4,
  "አለመሆን": -2,
  "አለመሳካት": -2,
  "አለመስማማት": -2,
  "አለመቀበል": -2,
  "አለመተማመን": -3,
  "አለመቻል": -2,
  "አለመውደድ": -2,
  "አለመደሰት": -2,
  "አለመደግፍ": -2,
  "አለመግባባት": -2,
  "አለማሳየታቸው": -2,
  "አለማወቅን": -2,
  "አለስልሰነዋል": 2,
  "አለቀሰ": -2,
  "አለቦታው": -2,
  "አለአግባብ": -2,
  "አላለምና": -3,
  "አላማኒ": -2,
  "አላግባብ": -2,
  "አልማዝ": 1,
  "አልተሳካም": -2,
  "አልተስማማም": -2,
  "አልተከራከረም": -1,
  "አልተካተተም": -2,
  "አልቻሉም": -2,
  "አልክድም": -1,
  "አልወደዱም": -2,
  "አልገጠመም": 2,
  "አልጫ": -2,
  "አልጸደቀም": -2,
  "አልጽፍም": -2,
  "አልፎ ተርፎም": 1,
  "አመለኩ": 3,
  "አመሰገነኝ": 2,
  "አመሰገንሁ": 3,
  "አመሰግናለሁ": 2,
  "አመሳስላ": -1,
  "አመስጋኝ": 3,
  "አምላክ": 1,
  "አምሳያ": 0,
  "አምርረው": -2,
  "አምባገነናዊ": -2,
  "አምኗል": -1,
  "አሰልቺ": -2,
  "አሰልቺና": -2,
  "አሰሳዎች": 1,
  "አሰራርን": -1,
  "አሰቃቂ": -3,
  "አሠቃየ": -2,
  "አሰጣጡ": 3,
  "አሳልፎ": -3,
  "አሳመነ": 1,
  "አሳሳቢ": 1,
  "አሣቂ": 1,
  "አሳቢ": 2,
  "አሳዘነ": -2,
  "አሳዛኝ": -2,
  "አሳዛኝና": -2,
  "አሳዝኖታል": -2,
  "አሳዝኖት": -2,
  "አሳደፈ": -2,
  "አሳዳጊነት": 2,
  "አሳድሮ": -1,
  "አሳጥቶኝ": -2,
  "አሳፈረ": -2,
  "አሳፋሪ": -2,
  "አሳፍራቸው": -2,
  "አስለቀቀ": -1,
  "አስመሰለ": -1,
  "አስመስሎ ሠራ": -3,
  "አስቀያሚ": -1,
  "አስቂኝ": 4,
  "አስቂኝ ጪዋታ": 1,
  "አስቆጣ": -3,
  "አስቆጣቸው": -2,
  "አስቆጥቶት": -3,
  "አስተላለፈ": -1,
  "አስተማማኝ": 2,
  "አስተማማኝነት": 2,
  "አስተዋይ": 2,
  "አስታወከ": -3,
  "አስቸኳይ": -1,
  "አስቸኳይ ሁኔታ": -2,
  "አስቸገረ": -2,
  "አስቸጋሪ": -1,
  "አስነጠሰ": -2,
  "አስከተለ": -1,
  "አስከፊ": -3,
  "አስወጣ": -2,
  "አስደሰተ": 3,
  "አስደሳች": 3,
  "አስደነቀ": 3,
  "አስደናቂ": 4,
  "አስደንጋጭ": -2,
  "አስገራሚ": 3,
  "አስገራሚ የቪኦኤን": 4,
  "አስገደዱ": -2,
  "አስገድዶ": -1,
  "አስጊ": -2,
  "አስጠንቅቃችሁት": -2,
  "አስጨናቂ": -2,
  "አስጨናቂው": -3,
  "አስጸያፊ": -2,
  "አስፈሪ": -2,
  "አስፈራ": -2,
  "አስፈራራ": -2,
  "አረመኔ": -2,
  "አረመኔያዊ": -3,
  "አረንጓዴ ማጠብ": -3,
  "አረንጓዴ ታጠብ": -3,
  "አረፈ": 1,
  "አረፍተ ነገር": -2,
  "አሪፍ ነገሮች": 3,
  "አራግፍ": -1,
  "አርምሞ": 2,
  "አሸባሪ": -2,
  "አሸባሪዎችን": -2,
  "አሸናፊ": 4,
  "አሸናፊዎች": 3,
  "አሻሚ": -1,
  "አሻፈረኝ": -2,
  "አሽናፊ": 2,
  "አቀባበል": 2,
  "አቀፈ": 1,
  "አቃልለው": -2,
  "አቅልለን": -1,
  "አቅልሎ": -1,
  "አቅም": 2,
  "አቅርበው": -2,
  "አቆሰለ": -2,
  "አቆየ": -2,
  "አቋም": 2,
  "አቋረጠ": -2,
  "አቋርጦ መውጣት": -2,
  "አበላሸ": -2,
  "አበረታታ": 2,
  "አበረታች": 2,
  "አባሰ": -2,
  "አባረረች": -2,
  "አባርረዋል": -2,
  "አባብሷል": -2,
  "አባክሽን": 1,
  "አቤቱታ": -2,
  "አብሻቂ": -2,
  "አተረፈ": 2,
  "አታለለ": -3,
  "አታላይ": -3,
  "አታቋርጪ": 2,
  "አታባክኑ": -2,
  "አትሳቱ": -2,
  "አትሳቱ;": -3,
  "አትስረቅ:": -2,
  "አትራፊ": 3,
  "አትርፎ": 2,
  "አትከልክሉአቸው": -1,
  "አትዋጡ": -2,
  "አትደንግጡ": -3,
  "አትደንግጥ;": -2,
  "አትጨነቁ": -2,
  "አነሣሣ": 1,
  "አነሳስቶሃል": 1,
  "አነሳሽ": 2,
  "አነቀ": -2,
  "አነቀው": -2,
  "አናዘጋጅም": -3,
  "አናደደ": -2,
  "አንካሳ": -2,
  "አንዳንድ ዓይነት": 0,
  "አንዴት ነህ": -2,
  "አንድ ቦታ መክበብ": -2,
  "አንጀት": 2,
  "አካባቢ ተስማሚ": 2,
  "አክሊልን,": -2,
  "አክራሪ": 1,
  "አክብሮት": 2,
  "አወንታዊ": 2,
  "አወከ": -2,
  "አወዛጋቢ": -2,
  "አወድሰዋል": 2,
  "አወገዘ": -2,
  "አዋቂ ያልሆነ": -2,
  "አዋኪ": -2,
  "አዋጪ": -2,
  "አውቄ": 2,
  "አውዳሚ": -2,
  "አውግዟል": -2,
  "አዎ": 1,
  "አዎንታዊ": 2,
  "አዎንታዊ አመለካከት": 2,
  "አዘኑ": -2,
  "አዛብተው": -2,
  "አዛብቶ ማቅረብ": -2,
  "አዝናለሁ": -1,
  "አዝናኙ": 1,
  "አዝናኝ": 2,
  "አዝጋሚ": -2,
  "አዩና": -2,
  "አያመራም": -2,
  "አያስገርማቸውም": 2,
  "አያባክንም": -1,
  "አያዎ": -1,
  "አያፍርም:": -2,
  "አይ": -1,
  "አይሰራም": -3,
  "አይቀጡም": -2,
  "አይቆምም": -3,
  "አይበሳጭም": -1,
  "አይደበዝዝም": -2,
  "አይደገፍም": 2,
  "አይደግፍም": 2,
  "አይገኝም": -1,
  "አይጓዝም;": 2,
  "አይጨነቁ": -3,
  "አይፈለጌ": -2,
  "አይፈለጌ መልዕክት": -2,
  "አደራ": 1,
  "አደቀቀው": -1,
  "አደብ": -2,
  "አደነቀ": 3,
  "አደናቀፈ": -2,
  "አደናገረ": -2,
  "አደከመ": -2,
  "አደገኛ": -2,
  "አደጋ": -2,
  "አደጋ ላይ": -2,
  "አደጋ ላይ ጣለ": -1,
  "አደጋ ያለበት ጉዞ": 2,
  "አደጋዎች": -2,
  "አዲስ ነገር መፍጠር": 1,
  "አዲስ ነገር የሚፈጥር": 2,
  "አዳረሰው": -3,
  "አዳበረ": 1,
  "አዴማ": -2,
  "አድላዊ": -2,
  "አድልዎ": -2,
  "አድሏዊ": -2,
  "አድማ": -1,
  "አድሳለሁ": -2,
  "አድርጌህ": -3,
  "አድናቂው": 3,
  "አድናቆት": 2,
  "አድናቆትን": 2,
  "አድናቆትን የሚያትርፈዉ": 3,
  "አድካሚ": -2,
  "አድፉምነት": -2,
  "አገለለ": -1,
  "አገሩ የናፈቀዉ": -2,
  "አገደ": -1,
  "አገድ": -2,
  "አጋርተዋል": 1,
  "አጋነነ": -2,
  "አጋነውት": -2,
  "አጋዘ": -1,
  "አጋዥ": 2,
  "አጋጣሚዎች": 2,
  "አግባብነት": -2,
  "አግድ": -1,
  "አጎሳቋይ": 2,
  "አጠራ": 1,
  "አጠራጣሪ": -2,
  "አጠቃላይ": 2,
  "አጠፋ": -3,
  "አጣሞ": -2,
  "አጣራ": 1,
  "አጥረት": -2,
  "አጥነት": -2,
  "አጥጋበ ያልሆነ": -2,
  "አጪበጪበ": 2,
  "አጭርሊጥለን": -2,
  "አጭር ጠባብነትና": -2,
  "አጭበርባሪ": -4,
  "አጭበርባሪዎች": -3,
  "አጭበርብረዋል": -3,
  "አፀደቀ": 2,
  "አፈ ታሪክ": -1,
  "አፈታት": 1,
  "አፈነ": -2,
  "አፌዙበት": -2,
  "አፍራሽ": -2,
  "አፍቃሪ": 3,
  "ኢሳይንሳዊ": -2,
  "ኢንፌክሽን": -2,
  "ዓመፀኛ": -2,
  "ዓመፀኞች": -2,
  "ዓመጽ": -2,
  "ዓረፍተ": -2,
  "ዓይነት": 2,
  "ዓይን አፉር": -1,
  "እምላለሁ": -2,
  "እምቢ": -2,
  "እምነት": 2,
  "እምነትና": 2,
  "እሳት": -2,
  "እሥረኛ": -2,
  "እስረኞች": -2,
  "እስራት": -2,
  "እሥር ቤት": -2,
  "እስር ቤት": -2,
  "እስከማቆም": -1,
  "እርስ በርስ": 2,
  "ዕርቅን የማይሰሙ": -2,
  "እርዳታ": 2,
  "እርገጠኛ ያልሆነ": -1,
  "እርግማን": -1,
  "እርግጠኛ": 2,
  "እርግጥ": 1,
  "እሾሃማ": -2,
  "እቅፍ": 2,
  "እብሪተኛ": -2,
  "እብደት": -2,
  "እብድ": -2,
  "እብጠት": -2,
  "እነበረበት መልስ": 1,
  "እናስፈጽማለን": -1,
  "እንመክራለን": 2,
  "ዕንቁ": 1,
  "እንቅልፍ": -2,
  "እንቅልፍ አለመዉሰድ": -2,
  "እንቅፋት": -2,
  "እንቅፋቶች": -2,
  "እንባ": -2,
  "እንከን": -2,
  "እንኳን ደህና መጣህ": 2,
  "እንኳን ደስ አለዎት": 2,
  "እንኳን ደስ አለዎት ማለት": 2,
  "እንኳን ደስ አለዎት አለ": 2,
  "እንኳን ደስ ያላችሁ": 2,
  "እንደ": 2,
  "እንደ ምንም ደንታ": -2,
  "እንደ ተመታ": -3,
  "እንደ ጠላኝ": -3,
  "እንደሚከብድ": -2,
  "እንደሚያወግዝ": -2,
  "እንደሚያግደው": -2,
  "እንደማንወደድ": -2,
  "እንደምታጣ": -2,
  "እንደምን አደርክ": 1,
  "እንደሰት,": 4,
  "እንደቀረች": -2,
  "እንደቀድሞው": 2,
  "እንደተወደደ": 2,
  "እንደገና አርጋገጠ": 1,
  "እንዲለጥፉ": -2,
  "እንዲማረኩ": 2,
  "እንዲረጋገጥ": 2,
  "እንዲረጋጋና": 2,
  "እንዲቀርጹን": -2,
  "እንዲተዉ": -2,
  "እንዲወጡ": -1,
  "እንዲያመልጠን": -2,
  "እንዲያቅቡ": -1,
  "እንዲያንዣብብ": -1,
  "እንዲያድጉ": 2,
  "እንዲያፌዙ": -2,
  "እንዲዳከም": -2,
  "እንዲጎዳ": -2,
  "እንዲጎድፍ": -2,
  "እንዳላሳየችኝ": -2,
  "እንዳላገደው": -2,
  "እንዳልፈሰፈሰበት": -2,
  "እንዳመለጠ": -2,
  "እንዳመለጡ": -1,
  "እንዳምን": 1,
  "እንዳሳሰበህ": -2,
  "እንዳንነሳ": -3,
  "እንዳከሸፈው": -2,
  "እንዳይቀንስ": -2,
  "እንዳይነሳ ነበር": -2,
  "እንዳይወሰድ": -2,
  "እንዳይዘረፉ": -2,
  "እንዳይደነዝዝ": -2,
  "እንዳጋጣሚ": 2,
  "እንዳጠፋው": -2,
  "እንድትበሳጭ": -2,
  "እንድትተዉ": -2,
  "እንድንቆጠብ": -2,
  "እንድንቆጣቸው": -2,
  "እንገፋለን": -2,
  "እንግዳ": -1,
  "እኩል": -1,
  "እክል": -2,
  "ዕውር": -1,
  "እውቀታችን": 2,
  "እውቀት የሚጨምር": 2,
  "እውነተኛ": 2,
  "እዉነተኛ ያልሆነ": -2,
  "እየሰራ አይደለም": -3,
  "እየቀጣ": -2,
  "እየተመኘ": 2,
  "እየተሰማቸው": 1,
  "እየተበላሸ": -2,
  "እየተባባሰ": -3,
  "እየተነሣሣንና": -1,
  "እየተጠቀመበት": -1,
  "እየተጠባበቁ ነው": -1,
  "እየደለሉ": -3,
  "እየገደበ": -2,
  "እየጎተተ": -1,
  "እየጎተቱ": -1,
  "እየጣሱ": -2,
  "እያለቀሱ": -2,
  "እያመሰገኑና": 3,
  "እያመነታ": -2,
  "እያሰብኩ": -2,
  "እያሳታችሁ": -3,
  "እያሽቆለቆለ": -2,
  "እያንዣበበ": -1,
  "እያከናወናቸው": 2,
  "እያደገ": 1,
  "እያጋነነ": -2,
  "እያጠፉ": -2,
  "እያጨበጨበ": 2,
  "እደሰታለሁ": 3,
  "እዳ": -2,
  "እዳዉን መክፈል የማይችል": -2,
  "ዕድለኛ": 2,
  "ዕድል": 3,
  "ዕድል ያጋጠመ": 3,
  "እድገት": 2,
  "እድፍነት": -2,
  "እጁን አጣጥፎ": -1,
  "እገዳ": -1,
  "እግባብ የሌለዉ": -2,
  "እግዚአብሔር ከወደቀው": -2,
  "ዕጣቸው": -3,
  "እጣን": -2,
  "እጥረት": -2,
  "እጦት": -2,
  "እጨነቅ": -2,
  "እፈታዋለሁ": -3,
  "እፎይታ": 2,
  "ኦህ": -2,
  "ኦራ": 1,
  "ከልብ": 2,
  "ከልብ መጽናናትን": 2,
  "ከልብ የመነጨ": 3,
  "ከመመረር": -2,
  "ከመስመር ውጭ": -1,
  "ከመቆዘም": -1,
  "ከመትጋት አትለግሙ": -2,
  "ከመካረራቸው": -2,
  "ከመዴፈር": -2,
  "ከመድረሱ": 1,
  "ከመጎዳቱ": -2,
  "ከመጠኗ": -4,
  "ከሚሞቱት": -3,
  "ከሚከፈለን": -3,
  "ከሚያዋርዱ": -2,
  "ከማበረታታት": 2,
  "ከማባከን": -2,
  "ከማይጣልባቸው": 2,
  "ከማድረስ": -1,
  "ከምርጥ": 3,
  "ከሰሰ": -1,
  "ከሳሽ": -2,
  "ከሥራ": -2,
  "ከራስ": 2,
  "ከቀረበባቸው": 2,
  "ከተሟጋች": -2,
  "ከተሰነዘረበት": -2,
  "ከተሰነዘረባቸው": 2,
  "ከተቆጣጠረ": -2,
  "ከተቆጣጠርነው": -2,
  "ከተበሳጨው": -3,
  "ከተባረረ": -2,
  "ከተወገዱት": -2,
  "ከተዋጡ": -2,
  "ከተዛባ": -2,
  "ከችግሮቻቸው": 1,
  "ከንቱ": -2,
  "ከአሽከርካሪው": -3,
  "ከአገር": -2,
  "ከዋናቸው": 2,
  "ከዳ": -3,
  "ከገባና": 2,
  "ከጣሱ": -2,
  "ከጥቅም": -2,
  "ከጥይት እሩምታ": -2,
  "ከጥፋተኝነት": 2,
  "ከፀሐይና": 1,
  "ከፈረዳችሁ": -2,
  "ከፍ": 2,
  "ከፍ ያለ አድናቆት ያሳደረበት": 4,
  "ከፍተኛ": 2,
  "ከፍተኛ ድካም": -2,
  "ከፍተኛ ግምት የሚሰጣቸው": 2,
  "ከፒቪ": -3,
  "ኩሩ": 2,
  "ኪሳራ": -3,
  "ካልተሳካ": -2,
  "ካገር ማስወጣት": -2,
  "ካገር አስወጣ": -2,
  "ክህደት": -2,
  "ክልከላ": -2,
  "ክስ": -2,
  "ክስ ያቀረበዉ ወገን": -1,
  "ክርክር": -2,
  "ክቡር": 2,
  "ክብረ በዓል": 3,
  "ክብር": 2,
  "ክብር መድፈር": -4,
  "ክንውኑ": -1,
  "ክንውን": 2,
  "ክደዋል;": -2,
  "ክፉ": -2,
  "ክፉ ጎኑ": -2,
  "ክፉኛ": -2,
  "ክፉዎችን በክፉ": -3,
  "ክፋት": -3,
  "ክፍያዎች": -2,
  "ኮረፋቱማ": -3,
  "ወልድን የሚክድ": -2,
  "ወሰነ": -2,
  "ወሰንንም አትለፉ": -2,
  "ወሳኝ": 1,
  "ወስዶ እሥራ ላይ አዋለ": 1,
  "ወረርሽኝ": -2,
  "ወረርሽኝን": -2,
  "ወራዳ": -2,
  "ወሬ ወዳድ": -2,
  "ወሬውንም": -2,
  "ወርቅ": 2,
  "ወሮታ": 2,
  "ወቅሷቸዋል": -2,
  "ወታደሮቹን": 2,
  "ወነጀለ": -2,
  "ወንዳታ": 3,
  "ወንጀለኛ": -3,
  "ወንጀለኞች": -3,
  "ወንጀል": -3,
  "ወንጀልና": -3,
  "ወዮልሽ": -1,
  "ወደ ቀኝ አቅጣጫ": 3,
  "ወደ ተኛበት": -2,
  "ወደ እንስሳነት": -2,
  "ወደኋላ": -2,
  "ወደኋላ ማፈግፈግ": -1,
  "ወደቀ": -2,
  "ወደነበረበት መመለስ": 1,
  "ወደነበረበት ተመልሷል": 1,
  "ወደከተማ": -2,
  "ወደደ": 3,
  "ወዲህ አይራቡም:": -2,
  "ወዲያውኑ": 1,
  "ወዳድ": 2,
  "ወዳጅ": 1,
  "ወዳጅነት": 2,
  "ወዳጆች ሆይ": 3,
  "ወዶ": 1,
  "ወዶታል": 2,
  "ወጋ": -2,
  "ወጣት": 2,
  "ወጣትነት": 3,
  "ወጥ": -2,
  "ወጥመድ": -1,
  "ወፍራም": -1,
  "ዊቲኤፍ": -4,
  "ዋስትና": 1,
  "ዋንኛ": 2,
  "ዋዉ": 4,
  "ዋጋ": 2,
  "ዋጋ የሌለዉ": -2,
  "ውሳኔህን": 2,
  "ውስጥ ካሽንግ": -2,
  "ውርደት": -3,
  "ውሸታሞች": -3,
  "ውበት": 3,
  "ውብ የቪኦኤን": 4,
  "ውንጀላዎች": -2,
  "ውዝግቦች": -2,
  "ውይ": -2,
  "ውድ": 2,
  "ውድመት": -2,
  "ውድቀቶች": -2,
  "ውድቅ": -1,
  "ውጊያዎች": -1,
  "ውጤታማ": 3,
  "ውጤታማነት": 2,
  "ውጥረት": -1,
  "ዉሳኔ": -1,
  "ዉሸት": -2,
  "ዉበት": 3,
  "ዉይይት": -2,
  "ዉድ": -2,
  "ዉጊያ": -1,
  "ዘላቂ": 2,
  "ዘላቂነት": 1,
  "ዘመናዊ": 2,
  "ዘመናዊ አደረገ": 2,
  "ዘረኛ": -3,
  "ዘረኛነት": -3,
  "ዘረኞች": -3,
  "ዘረፈ": -2,
  "ዘራፊ": -2,
  "ዘብጥያ": -2,
  "ዘና": 2,
  "ዘገምተኛ": -2,
  "ዘግናኝ": -3,
  "ዘግይቷል": -1,
  "ዘፈንም": -2,
  "ዙሪያችንን": -2,
  "ዛተ": -2,
  "ዛቻ": -2,
  "ዝሎ": -2,
  "ዝቅ አርጎ ገመተ": -1,
  "ዝቅ ያለ": -2,
  "ዝቅተኛ": -2,
  "ዝቅተኛው": -1,
  "ዝነኛ": 3,
  "ዝና": 1,
  "ዝንባሌ": 1,
  "ዝንጉ": -2,
  "የሐሰት": -1,
  "የሐሰት ወንጀል": -3,
  "የሐዘን": -2,
  "የኃጢአት": -3,
  "የሕፃናት": -2,
  "የለለ": -1,
  "የለሾች": -2,
  "የለሾችና": -3,
  "የላቀ": 4,
  "የላቀና": 2,
  "የሌለበትና": -2,
  "የሌላውን ስሜት": 2,
  "የልቅሶና": -2,
  "የልጅ ሥራ": -2,
  "የመሳብ": 2,
  "የመስማት": -2,
  "የመቃወም": -2,
  "የመቅጣት": -3,
  "የመንፈሳችን": 3,
  "የመንፈስ ጥንካሬ": 2,
  "የመክሰስና": -2,
  "የመውደቅ": -1,
  "የመውጣት": -3,
  "የመዝናኛ": 3,
  "የመጀመሪያ ስራ": 4,
  "የመግዛት መብት": 2,
  "የመጠይቅ": -2,
  "የሙታን መንፈስ": -1,
  "የሙት": 1,
  "የሚል ምክር": -2,
  "የሚል ርዕስ": 1,
  "የሚመለከቱትን": 2,
  "የሚመስጠው": 2,
  "የሚመስጡ": 3,
  "የሚመከር": 2,
  "የሚማርክህ": 3,
  "የሚማጠን": 2,
  "የሚሠቃዩ": -2,
  "የሚሰደብ": -2,
  "የሚሰጠውን ክብር": 2,
  "የሚስቅ": 1,
  "የሚስብ": 3,
  "የሚረብሹህን": 2,
  "የሚረብሽ": -2,
  "የሚሸት": -2,
  "የሚቀሰቅስ": -1,
  "የሚቀበለው": 1,
  "የሚቃወሙ": -2,
  "የሚቆርጥ": -3,
  "የሚቆጣ": -2,
  "የሚቆጨኝ": -2,
  "የሚቋረጥበት": -2,
  "የሚበቀለው": -2,
  "የሚበቀል": -2,
  "የሚበድል": -3,
  "የሚተማመን": 2,
  "የሚተናኮሉ": -2,
  "የሚታለሉ": -1,
  "የሚታወቅ": 3,
  "የሚታገል": -2,
  "የሚታገሥ": 2,
  "የሚችል": 1,
  "የሚነሣባቸውን ሽባዎችንም": -3,
  "የሚነሳን": -2,
  "የሚናከሱ": -2,
  "የሚንቀጠቀጡ": -2,
  "የሚከበርበትን": 2,
  "የሚካረር": -2,
  "የሚኮርጅ": -3,
  "የሚወላውል": -2,
  "የሚወደድ": 2,
  "የሚያለቅስ": -2,
  "የሚያመጣ": -2,
  "የሚያም": -2,
  "የሚያሞካሽ": 2,
  "የሚያሰናክል": -2,
  "የሚያሳስባቸው": -2,
  "የሚያሳዝን": -2,
  "የሚያሳፈር": -2,
  "የሚያሳፍር": -2,
  "የሚያሥቅ": -3,
  "የሚያስቆጣ": -2,
  "የሚያስብበት": 2,
  "የሚያስተዋውቅ": 1,
  "የሚያስተጓጉል": -2,
  "የሚያስታውቁ": -2,
  "የሚያስቸግር ሁኔታ": -1,
  "የሚያስከትለው መዘዝ": -2,
  "የሚያስከፉ": -2,
  "የሚያስከፋውን": -2,
  "የሚያስደስት": 3,
  "የሚያስደነግጥ": -2,
  "የሚያስደንቅ": 3,
  "የሚያስገርም": 5,
  "የሚያስጨንቀው": -2,
  "የሚያስጨንቁ": -2,
  "የሚያስፈራ": -2,
  "የሚያስፈራራ": -2,
  "የሚያስፈራራቸውን": -2,
  "የሚያስፈነድቀን": 3,
  "የሚያረክስ": -2,
  "የሚያረጋጋ": 3,
  "የሚያሽከረክራቸው": -1,
  "የሚያቀምጠው": 1,
  "የሚያበራ": 4,
  "የሚያበራው": 2,
  "የሚያብረቀርቅ": 3,
  "የሚያታለል": -3,
  "የሚያታልል,": -2,
  "የሚያነሳሳ": 3,
  "የሚያነቃቁ": 2,
  "የሚያናድድ": -2,
  "የሚያንቅ": -2,
  "የሚያንጸባርቅ": 3,
  "የሚያከብራቸው": 2,
  "የሚያከናውናቸው": 2,
  "የሚያደርጉት ከባድ": -3,
  "የሚያደነቁር": -1,
  "የሚያደናግር": -2,
  "የሚያዳርሰው": 2,
  "የሚያዳክም": -2,
  "የሚያድስ": 2,
  "የሚያግዱንን": -2,
  "የሚያጠራጥር": -1,
  "የሚያጽናና": 2,
  "የሚይዘው": -2,
  "የሚይዘው በጣም ብርቅዬ": 3,
  "የሚይዘው ጥሩ": 4,
  "የሚደሰት": 3,
  "የሚደረግበት ዘዴ": 2,
  "የሚደርግ": -1,
  "የሚደፍር የለም": 3,
  "የሚገርሙ": 4,
  "የሚገባ": 2,
  "የሚገድል": -3,
  "የሚገፉ": -1,
  "የሚጋብዝ": 1,
  "የሚጎዳ": -2,
  "የሚጠሉ": -3,
  "የሚጠላ": -3,
  "የሚጠይቅ": -1,
  "የሚጥል": -2,
  "የሚጥስ": -2,
  "የማሾፍ": -2,
  "የማታለያ": -2,
  "የማነቅ": -2,
  "የማወቅ ፍላጐት ጠባይ ያለዉ": 2,
  "የማዘን": 2,
  "የማያስተውል": -2,
  "የማያስደስት": -2,
  "የማያርፍ": -2,
  "የማያንሱ": -2,
  "የማይለዋወጥ": -2,
  "የማይሉ": -3,
  "የማይመች": -2,
  "የማይሰማና": -1,
  "የማይሠራ": -1,
  "የማይሰራ": -2,
  "የማይሰጠው": -2,
  "የማይስማማ": -2,
  "የማይረሱ": 1,
  "የማይረሳ ጊዜ": 3,
  "የማይረባ": -2,
  "የማይረካ": -2,
  "የማይረግፍ": 2,
  "የማይሸነፍ": 2,
  "የማይበቃ": -2,
  "የማይበግራቸው": 2,
  "የማይታመን": -1,
  "የማይታገሥ": -2,
  "የማይችል": -2,
  "የማይወደዱ": -2,
  "የማይዋጥላቸው": -2,
  "የማይደበዝዝ": 2,
  "የማይደገፍ": -2,
  "የማይገባዉ": -2,
  "የማይጠነቀቅ": -2,
  "የማይጠፋ": 2,
  "የማይፈለጉ": -2,
  "የማይፈለግ": -2,
  "የማይፈራ": 2,
  "የማደር": 2,
  "የማግባባት": -2,
  "የማጥፋት": -2,
  "የምስጋና አስተያየት ሰጠ": 2,
  "የምታደርሰው": -2,
  "የምጸት": 2,
  "የሞተ": -3,
  "የሰለለ": -2,
  "የሰደበው": -2,
  "የሰፈራ": 1,
  "የሰፈነባቸው": 3,
  "የሱስ": 1,
  "የስሜት መቀስቀስ": 3,
  "የስድብ": -2,
  "የቀሩት": -2,
  "የቀሯቸው": 3,
  "የቀብር": -1,
  "የቅልጥፍና": -2,
  "የቅርብ ወዳጅነት": 2,
  "የቅርጽ መበላሸት": -2,
  "የቅን አሳቢ": 2,
  "የቅንጦት": 2,
  "የቅጣት": -2,
  "የቆዳ": -2,
  "የበለጠ": 3,
  "የበላይ": 2,
  "የበሰለ": 2,
  "የበሰበሰ": -3,
  "የበራላቸውን": 2,
  "የበይነገጽ": 2,
  "የበጎ አድራጎት": 2,
  "የባለቤትነትን": -2,
  "የባሰ": -3,
  "የብርታት": 2,
  "የተለመደ": 1,
  "የተለያቸውን": -1,
  "የተለጎመ": -2,
  "የተመሳቀለ": -2,
  "የተመረጡ": 2,
  "የተሞሉ": -2,
  "የተሰራው": -1,
  "የተሰበረ": -1,
  "የተሰጡ": 1,
  "የተሳሳተ": -2,
  "የተሳሳተ መረጃ": -2,
  "የተስማማ": 1,
  "የተረሳ": -1,
  "የተረት": 4,
  "የተረጋጋ": 2,
  "የተረፈች ሴት": 2,
  "የተረፉት": 2,
  "የተራራው ግዝፈት": -1,
  "የተራቀቀ": 3,
  "የተራቡ": -2,
  "የተሻለ": 2,
  "የተሻሻሉ": 2,
  "የተቀመጠላቸው": 1,
  "የተቀየመ": -2,
  "የተቀደሰ": -1,
  "የተቀደደ": -2,
  "የተቃና": 3,
  "የተበታተነ": -2,
  "የተበከለ": -2,
  "የተበከለውን": -1,
  "የተባበረ": 1,
  "የተተወ": -2,
  "የተታለሉ": -2,
  "የተናቀ": -2,
  "የተናደደ": -1,
  "የተናገሯቸውን": -2,
  "የተከለከለ": -2,
  "የተከበረ": 2,
  "የተከናወኑ": -1,
  "የተካረረ": -2,
  "የተኮሳተረ": -1,
  "የተወለወለ": 2,
  "የተዋበ": 3,
  "የተዋጡት": 4,
  "የተዋጣላቸው": 3,
  "የተዘበራረቀበት": -2,
  "የተዛቡ": -2,
  "የተዛባ": -2,
  "የተደነቀ": 3,
  "የተጀመረበት": 3,
  "የተገታ": -2,
  "የተገደበ": -1,
  "የተጋነነ": 2,
  "የተጋጋለ": -3,
  "የተጎዱ": -2,
  "የተጠላ": -3,
  "የተጠራቀመ ገንዘብ": 1,
  "የተጠራጠሩ": -1,
  "የተጠቀመ": -2,
  "የተጠበቀ": 1,
  "የተጣለው": -2,
  "የተጨቆኑትን": -2,
  "የተጪነቀ": -3,
  "የተፈለገውን": 2,
  "የተፈታ": -3,
  "የተፈጸሙትን": -2,
  "የታመመ": -2,
  "የታመመ ካልተሳካው": -2,
  "የታመነ": 2,
  "የታረመ ጠባይ": 2,
  "የታወቀ": 2,
  "የታገለ": -1,
  "የታገዱ": -2,
  "የትሻለ": 1,
  "የትዳር ጓደኛቸውን በሞት": -1,
  "የችኩልነት": 2,
  "የነጹት": 3,
  "የናዝሬታውያን": 2,
  "የናጠጡ": 4,
  "የኖረውንና": -2,
  "የአለርጂ": -2,
  "የአላፊ": -1,
  "የአመንዝራ": -2,
  "የአስተባባዮችም": -2,
  "የአንድነት": 2,
  "የአካል ጉዳት": -2,
  "የኢኮኖሚ ድቀት": -2,
  "የእሳት ፍንጣቂ": 1,
  "የእብደት": -3,
  "የእብድነት ሥራ": -3,
  "የከበረ": 2,
  "የከበረ ደንጋይ": 3,
  "የከብት ማጐሪያ": -2,
  "የከፋፈሏቸው": 2,
  "የካዱት": -2,
  "የኮንትራባንድ ሥራ ሠራ": -2,
  "የኮንትሮባንድ": -2,
  "የወሰኑ": 2,
  "የወረት": 2,
  "የወዳጅነት": 2,
  "የዋህ": -2,
  "የዋህነት ነው": -2,
  "የዋሸው": -2,
  "የዋጋ ክርክር": 2,
  "የውዳሴ": 3,
  "የዉስጥ ልብስ": -1,
  "የዘር ልዩነት አደረገ": -2,
  "የዝሙትዋን": -3,
  "የዝናብ": -1,
  "የያዛችሁባቸው ተይዞባቸዋል": -1,
  "የደም ፍላት": -2,
  "የደስታ": 4,
  "የደነዘዘ": -1,
  "የደከመ": -2,
  "የደከመው": -2,
  "የደገፈው": 2,
  "የድካም": -2,
  "የጀግንነት": 3,
  "የገመቹ": -2,
  "የገንዘብ እርዳታዎች": 1,
  "የግዴታ": -1,
  "የጎደለውን": -2,
  "የጠለፋ ድርጊቶች": -2,
  "የጠላት": -2,
  "የጠራ": 1,
  "የጠፉ": -2,
  "የጤና እክሎች": -2,
  "የጥላትነት ስሜት": -2,
  "የጥላቻ": -2,
  "የጥፋተኝነት ስሜት": -3,
  "የጨነቀው": -3,
  "የጪፈገገዉ": -2,
  "የጭንቀት": -1,
  "የጭካኔ": -3,
  "የጸሐይዋ ብርሃን": 2,
  "የጸደቀ": 2,
  "የፈረመች": 2,
  "የፈጠራ": 1,
  "የፈጠራ ችሎታ": 2,
  "የፈጠራ ወሬ": -2,
  "የፉክክር": 2,
  "የፌስቲቫል": 2,
  "የፍርድ ቤት መጥሪያ": -2,
  "የፍቅር ግንኙነት": 2,
  "የፍትወት": 3,
  "የፍጻሜ": -2,
  "የቪኦኤን": -4,
  "የቪኦኤን እንደሚወደድ": 4,
  "የቪኦኤን ጥሩ": 4,
  "የቪኦኤን ፍቅር": 4,
  "የቪኦኤን ፍጹም": 4,
  "ያ ነፋሶችን": -3,
  "ያለ መጠን ጫነ": -1,
  "ያለ ቦታ አስቀመጠ": -2,
  "ያለ እንከን": 2,
  "ያለልፋት": 2,
  "ያለምንም ጣጣ": 2,
  "ያለቀ": -1,
  "ያለቅሳል": -2,
  "ያለገደብ": -1,
  "ያለጥረት": 2,
  "ያላመነ": -1,
  "ያላወቀ": -2,
  "ያላገናዘበ ነው": -2,
  "ያላገኘውን": 1,
  "ያላግጡ": 2,
  "ያላግጣል": -2,
  "ያልበቃ": -2,
  "ያልተለመደ": -1,
  "ያልተመጣጠነ": -2,
  "ያልተሳካ": -2,
  "ያልተረጋገጡ": -1,
  "ያልተሸጡ": -1,
  "ያልተነካ": 2,
  "ያልተከፈለ": 5,
  "ያልተያዙ": -2,
  "ያልተጠበቀ": -2,
  "ያልተፈቀዱ": -2,
  "ያመለጡ": -2,
  "ያመነዝራል": 1,
  "ያማረበት": 2,
  "ያሰጋታል": -2,
  "ያሳድዱአችኋል;": -2,
  "ያሳድጋል": 1,
  "ያስመስላል": -1,
  "ያስቆጣዋል": -2,
  "ያስቆጥራል": -4,
  "ያስባል": 2,
  "ያስታሉ": -3,
  "ያስታል": -3,
  "ያስቸገረ": -2,
  "ያስወግደዋል": -2,
  "ያስደስታታል": 2,
  "ያስደነገጠ": -2,
  "ያስገረመህ": 3,
  "ያስገኝለታል": 3,
  "ያስጠነቅቃል": -2,
  "ያስፈራሩ": -2,
  "ያስፋፉት": 2,
  "ያረጀ": -2,
  "ያረጋገጡት": 1,
  "ያረጋግጥላቸዋል": 1,
  "ያረፈ": 1,
  "ያሸነፋቸው": 3,
  "ያሻሽላል,": 2,
  "ያቀርብላችኋል;": 1,
  "ያቀጭጫል": -2,
  "ያቃልላል,": 1,
  "ያበላሻሉ": -2,
  "ያበሳጨው": -2,
  "ያበረታል": 2,
  "ያበረታታል": 2,
  "ያበርዳል": -1,
  "ያባብሰዋል": -2,
  "ያነሳሳሉ": -2,
  "ያነሳሳው": 2,
  "ያነቃቃል": 2,
  "ያናወጠውን": -2,
  "ያናድደኛል": -3,
  "ያንን የለመኑትንም:": -2,
  "ያወግዛል": -2,
  "ያዘ": -2,
  "ያዘነ": -2,
  "ያዛውራል": -2,
  "ያደሩ": 3,
  "ያደባል": -1,
  "ያደናቀፈ": -2,
  "ያደንቃል": 3,
  "ያገር ምልክት": 2,
  "ያገናዘበ": 2,
  "ያጋለጠ": -3,
  "ያጋልጣቸዋል": -1,
  "ያጋሩ": 1,
  "ያግዛል": 2,
  "ያግዳል": -1,
  "ያጠባልም": -2,
  "ያጣምማሉ": -3,
  "ያጨናግፋል": -2,
  "ያጸዳል": 1,
  "ይልክ": -2,
  "ይመኛል": 2,
  "ይመክራል": 2,
  "ይመደባል": -2,
  "ይማርከኝ": 2,
  "ይማርኩኛል": 1,
  "ይምላል": -2,
  "ይሰቃያል": -2,
  "ይሰኛሉ": 3,
  "ይሰድበዋል": -2,
  "ይስማማል": 1,
  "ይስባል": 1,
  "ይስታል": -2,
  "ይሸሻል": -1,
  "ይቀበላል": 2,
  "ይቀጣሉ": -2,
  "ይቀጣል": -2,
  "ይቅር": 2,
  "ይቅር አለ": -1,
  "ይቅርታ": 2,
  "ይቅርታ የሌለዉ": -3,
  "ይቆጠሩ": -2,
  "ይቆጨኛል": -2,
  "ይበልጣል": 3,
  "ይበክላል": -2,
  "ይባርካል": 2,
  "ይባርካችሁ": 2,
  "ይተዋል": -1,
  "ይታይበት": 2,
  "ይታደግማል": 2,
  "ይታጐሩ": -2,
  "ይነጥቋችኋል": -2,
  "ይከለክሉናልና": -2,
  "ይከለክላል": -1,
  "ይከሰው": -2,
  "ይከራከሩት": -2,
  "ይከባከበውማል": 2,
  "ይከብደኛል": -3,
  "ይወስዱታል": -2,
  "ይወደስ": 3,
  "ይወደው": 3,
  "ይወዳሉ": 3,
  "ይወዳል": 3,
  "ይወጋል;": -2,
  "ይዋጋል": -1,
  "ይውላሉ.": -2,
  "ይዘልቃል": 1,
  "ይዘንባል": -2,
  "ይዝላሉ": -2,
  "ይደሰቱ": 2,
  "ይደራደራል": -2,
  "ይደበደባሉ": -2,
  "ይደብራል": -2,
  "ይደፈራሉ": -4,
  "ይገለላሉ": -2,
  "ይገርማል": -2,
  "ይገፋፋናል": 1,
  "ይጎዲሌ": -2,
  "ይጎዳል": -2,
  "ይጎድለው": -2,
  "ይጠላል": -3,
  "ይጠቡታል": -3,
  "ይጠባበቃል": -1,
  "ይጠብቀው": -1,
  "ይጠብቃል": 1,
  "ይጠፋ": -3,
  "ይጠፋል": -1,
  "ይጥላል": -1,
  "ይጥል": -1,
  "ይጨናገፋል": -2,
  "ይጸልያል": 1,
  "ይጸየፈው": -3,
  "ይፈልጋሉ": 1,
  "ይፈርዱበታል": -2,
  "ይፈታቸዋል": 1,
  "ይፈነጥቃል": 2,
  "ይፈጃል": -2,
  "ይፈጠርና": 2,
  "ይፈጽማል": 2,
  "ይፈጽማል;": 1,
  "ደህንነቱ": 2,
  "ደህንነቱ በተጠበቀ ሁኔታ": 1,
  "ደህንነት": 2,
  "ደመሰሰ": -2,
  "ደሚ": -3,
  "ደማቅ": 2,
  "ደስ": 4,
  "ደስ አለመሰኘት": -2,
  "ደስ የሌለዉ": -2,
  "ደስ የሚል": 4,
  "ደስ የሚያሰኝ": 3,
  "ደስ ያለዉ": 3,
  "ደስ ይለዋል": 4,
  "ደስ ይበላችሁ": 4,
  "ደስ ይበልሽ": 3,
  "ደስተኛ": 3,
  "ደስታ": 4,
  "ደስታ ያለሽ": 3,
  "ደብቅ": -1,
  "ደንቆሮ": -2,
  "ደካማ": -2,
  "ደካም": -2,
  "ደክሞኝል": -2,
  "ደወለች": -2,
  "ደደብ": -3,
  "ደገፈ": 2,
  "ደጋፊዎች": 1,
  "ደግ": 3,
  "ደግነቱ": 3,
  "ደግነት": 3,
  "ደግፎታል": 2,
  "ደፋር": 2,
  "ደፍጠጥ": -2,
  "ዱብ": -2,
  "ዱፔ": -2,
  "ዲቃላ": -5,
  "ዲቃላዎች": -5,
  "ዲት": -2,
  "ዲኦዶራንት": -3,
  "ዲክ": -4,
  "ዴርጊት": -2,
  "ድሀ": -2,
  "ድሃ": -2,
  "ድህነት": -1,
  "ድል": 4,
  "ድሎች": 4,
  "ድምቀት": 2,
  "ድርስ": -1,
  "ድርጊት ይፈጽማሉ": -3,
  "ድቅድቅ": -2,
  "ድቅድቅ ጨለማ": -1,
  "ድንቁርና": -2,
  "ድንቁርናና": 1,
  "ድንቅ": 4,
  "ድንቅ የቪኦኤን": 4,
  "ድንዛዜ": -1,
  "ድንገተኛ": -2,
  "ድንገተኛ አደጋ": -3,
  "ድንገተኛ አደጋ የደረሰባት ሴት": -2,
  "ድንገት": -2,
  "ድንጋጤ": -2,
  "ድካም": -2,
  "ድክመቶች": -2,
  "ድኻ": -2,
  "ድጋፍ": 2,
  "ድጋፎች": 2,
  "ድግሳቸውን": -2,
  "ድፍረት": 2,
  "ዶሮ": -5,
  "ዶጅይ": -2,
  "ጀርባቸውን": 1,
  "ጀብደኛ": 2,
  "ጀብዱ": -2,
  "ጀብዱዎች": 2,
  "ጀግና": 2,
  "ጀግኖች": 2,
  "ጂ አር 8": 3,
  "ጅል": -3,
  "ገለልተኛ": -1,
  "ገማ": -2,
  "ገሠጿቸው": -2,
  "ገስግሱ": -3,
  "ገበያቸውን": -3,
  "ገቢር": 1,
  "ገባንና": 1,
  "ገነት": 3,
  "ገንዘብ ለመዉሰድ ማስፈራራት": -3,
  "ገደቦች": -1,
  "ገዳቢ": -1,
  "ገጥሞትም": -2,
  "ጉልህ": 1,
  "ጕልላቶች": 2,
  "ጉልበተኛ": -2,
  "ጉልበተኝነት": -2,
  "ጉቦ": -3,
  "ጉንፋን": -2,
  "ጉዲቶች": -3,
  "ጉዳት": -2,
  "ጉዳቶች": -2,
  "ጉዳዮች": 1,
  "ጉድለት": -2,
  "ጉድለት ያለበት": -3,
  "ጉድለቶች": -2,
  "ጉጉ": 2,
  "ጋር የተያያዙ": -1,
  "ጋጣ": 2,
  "ጌትነትንም": -2,
  "ጌጣጌጦች": 1,
  "ግልጽ": 1,
  "ግልጽ ያልሆነ": 2,
  "ግልጽ ያደርግልናል": 2,
  "ግልጽነት": 2,
  "ግምታዊ": -2,
  "ግምት": 2,
  "ግምት የሌለዉ": -2,
  "ግሩም": 4,
  "ግራ": -2,
  "ግራ ስለሚገባው": -2,
  "ግራ ተጋብቻለሁ": -2,
  "ግራ የገባቸው": 3,
  "ግራጫ": -1,
  "ግር": 3,
  "ግብረገብነት": -2,
  "ግብር": 2,
  "ግብዝ": -2,
  "ግብዣ": 1,
  "ግትር": -2,
  "ግንባር": 1,
  "ግዴለሽነት": -2,
  "ግድ": 1,
  "ግድ የለሽ": -2,
  "ግድየለሽነት": -3,
  "ግድያ": -2,
  "ግጭት": -2,
  "ግጭቶች": -2,
  "ግፊት": -1,
  "ግፍ": -2,
  "ጐልፍታ": -2,
  "ጎተተ": -1,
  "ጎንውጤቶች": -2,
  "ጎድሎናል": -2,
  "ጎድቶታል": -1,
  "ጎጂ": -3,
  "ጐጂ": -2,
  "ጠላ": -3,
  "ጠላት": -1,
  "ጠላትነት": -2,
  "ጠላቶች": -2,
  "ጠቀሜታ": 2,
  "ጠቃሚ": 2,
  "ጠቃሚነት": 2,
  "ጠቅላላ": -2,
  "ጠበቅ": -2,
  "ጠበንጃ": -1,
  "ጠባሳ": -2,
  "ጠብን": -2,
  "ጠነከረ": -2,
  "ጠንቃቃ": 3,
  "ጠንካራ": 2,
  "ጠፉ": -1,
  "ጠፍቷል": -3,
  "ጣለ": -1,
  "ጣፉጭ": 3,
  "ጣፋጭ": 3,
  "ጤናማ": 2,
  "ጤናማና": 2,
  "ጤንነት ያልሰማ": -2,
  "ጥ ያለ": 2,
  "ጥላቻ": -3,
  "ጥል": -2,
  "ጥልቀትና": 2,
  "ጥልኛ": -2,
  "ጥሰቶች": -2,
  "ጥሰቶችን": -3,
  "ጥሰው": -2,
  "ጥሷል": -2,
  "ጥሩ": 3,
  "ጥሩ አይደለም": -2,
  "ጥራት": 2,
  "ጥርስ": -2,
  "ጥርጣሬ": -1,
  "ጥርጥር": -1,
  "ጥቃት": -1,
  "ጥቃት ጋር የተዛመዱ": -3,
  "ጥቅም": 2,
  "ጥቅም የሌለዉ": -2,
  "ጥቅሞች": 2,
  "ጥበቃ": 1,
  "ጥበብ": 1,
  "ጥብቅ": 3,
  "ጥንቁቅ": -1,
  "ጥንቃቄ": 2,
  "ጥያቄ": -1,
  "ጥያቄ አቀረቡ": -1,
  "ጥፉት": -2,
  "ጥፋተኛ": -2,
  "ጥፋት": -2,
  "ጦርነት": -1,
  "ጨለማ": -1,
  "ጨምሯል": 1,
  "ጨቅጫቃ": -2,
  "ጨቋኝ": -2,
  "ጨካኝ": -3,
  "ጨዋታተለዋዋጭ": 3,
  "ጩኸት": -2,
  "ጩኸትና": -2,
  "ጩኸቶች": -2,
  "ጪካኝ": -2,
  "ጪኸት የበዛበት": -1,
  "ጫና": -2,
  "ጫፍ": 2,
  "ጭልፊቱ": -1,
  "ጭቃማ": -2,
  "ጭቆና": -2,
  "ጭብጭባ": 2,
  "ጭንቀት": -2,
  "ጭንቅንቅና": -2,
  "ጭካኔን": -2,
  "ጭው": -2,
  "ጭጋግ": -2,
  "ጭፍጭፉ": -3,
  "ጮኸ": -1,
  "ጮኸና": -2,
  "ጸለየ": 1,
  "ጸረ": -1,
  "ጸያፍ": -3,
  "ጸድቋል": 2,
  "ጸድቷል": 1,
  "ጸጋ": 1,
  "ጸጋውንም በጥበብና": 2,
  "ጸጋዎች": 2,
  "ጸጥ": 2,
  "ጸጥ አለ": 2,
  "ጽንፈኞች": -2,
  "ጽድቅ": 2,
  "ፈለጉን": 5,
  "ፈለፈለ": -2,
  "ፈልሳፊ": 2,
  "ፈሰሰ": -1,
  "ፈሪ": -2,
  "ፈሪሃ": -2,
  "ፈራ": -2,
  "ፈርቼ": -2,
  "ፈቃደኛ": -2,
  "ፈን": 3,
  "ፈዘው": -2,
  "ፈገግ": 2,
  "ፈገግ አለ": 2,
  "ፈገግታ": 2,
  "ፈጣሪ": 2,
  "ፈጣኖች": 2,
  "ፈጥኖ": 2,
  "ፈጻሚው": -2,
  "ፈጻሚዎች": -2,
  "ፉሺስት": -2,
  "ፉንጋ": -3,
  "ፋሺስቶች": -2,
  "ፌዘኛ": -1,
  "ፍላጎት": 2,
  "ፍላጎቶች": 1,
  "ፍልቅልቅ": 3,
  "ፍሬ": -2,
  "ፍሬያቸው": 2,
  "ፍርሃት": -2,
  "ፍርስራሾች": -2,
  "ፍርይ": 1,
  "ፍርድ": -2,
  "ፍርድ እንዲሄድ": -4,
  "ፍቀድ": 1,
  "ፍቅራዊ ደግነት": 3,
  "ፍቅር": 3,
  "ፍትሕ": 2,
  "ፍች የሌለዉ": -2,
  "ፍጹም": 3,
  "ፍጻሜውን": 2,
  "ፍጽምና": 3,
  "ፓፓሱ": -2,
  "ፕሮፖጋንዳ": -2,
  "ቪታሚን": 1,
  "ቪክቶር": 3,
  "ቪዲየዎች": -2
}