{
  "a bordo": 1,
  "a caro prezzo": 3,
  "a prezzi accessibili": 2,
  "a torto": -2,
  "abbagliante": 3,
  "abbandona": -2,
  "abbandonare": -2,
  "abbandonato": -2,
  "abbattuto": -2,
  "abbellire": 3,
  "abbracci": 2,
  "abbracciare": 1,
  "abbraccio": 2,
  "abile": 2,
  "abilità": 2,
  "aborre": -3,
  "aborrire": -3,
  "aborrito": -3,
  "abortito": -1,
  "abusando": -3,
  "abusato": -2,
  "abusi": -2,
  "abusivamente": -3,
  "abusivo": -3,
  "abuso": -2,
  "accarezzare": 2,
  "accessibile": 1,
  "accetta": 1,
  "accettabile": 1,
  "accettando": 1,
  "accettare": 1,
  "accettato": 1,
  "accettazione": 1,
  "accidentale": -2,
  "accidentalmente": -2,
  "accidenti": -4,
  "accigliato": -1,
  "acclamato": 2,
  "acclamazione": 2,
  "accoglie": 2,
  "accoltellato": -2,
  "accolto": 2,
  "accordo": 1,
  "accuratamente": 2,
  "accusa": -1,
  "accusando": -2,
  "accusare": -2,
  "accusato": -2,
  "accuse": -2,
  "acquisito": 1,
  "acrimonioso": -3,
  "acuto": 1,
  "adatto": 2,
  "addetto alle pulizie": 2,
  "addolorato": -2,
  "adeguata": 2,
  "adeguato": 1,
  "aderire": 1,
  "adora": 3,
  "adorabile": 3,
  "adorare": 3,
  "adorato": 3,
  "adorazione": 3,
  "adoringly": 3,
  "adotta": 1,
  "adottare": 1,
  "affabile": 2,
  "affama": -2,
  "affamata": -2,
  "affamato": -2,
  "affare": 2,
  "affascina": 3,
  "affascinante": 3,
  "affascinare": 3,
  "affascinato": 3,
  "affatica": -2,
  "affetto": 3,
  "affettuosità": 3,
  "affettuoso": 3,
  "affezionato": 2,
  "affidabile": 2,
  "affidabilità": 2,
  "affidato": 2,
  "afflitto": -1,
  "affogato": -2,
  "affollamento": -1,
  "affranto": -3,
  "affronto": -2,
  "agghiacciante": -1,
  "aggrava": -2,
  "aggravante": -2,
  "aggravare": -2,
  "aggravato": -2,
  "aggressione": -2,
  "aggressioni": -2,
  "aggressività": -2,
  "aggressivo": -2,
  "agitato": -2,
  "agonises": -3,
  "agonizza": -3,
  "agonizzante": -3,
  "agonizzare": -3,
  "agonizzato": -3,
  "ah": 2,
  "Ahia": -2,
  "ahimè": -1,
  "aiuta": 2,
  "Aiuto": 2,
  "alienazione": -2,
  "allarmato": -2,
  "allarme": -2,
  "allarmisti": -2,
  "allarmistico": -2,
  "alleato": 2,
  "allegazione": -2,
  "allegramente": 2,
  "allegria": 3,
  "allegro": 3,
  "allergico": -2,
  "alleviando": 2,
  "alleviare": 2,
  "allietato": 2,
  "alterata": -2,
  "altruista": 2,
  "altruistico": 2,
  "ama": 3,
  "amabile": 3,
  "amaramente": -2,
  "amareggiato": -2,
  "amaro": -2,
  "amato": 3,
  "ambivalente": -1,
  "ambizioso": 2,
  "amichevole": 2,
  "amicizia": 2,
  "amico": 1,
  "ammaccatura": -2,
  "ammesso": -1,
  "ammette": -1,
  "ammettere": -1,
  "ammira": 3,
  "ammirare": 3,
  "ammirata": 3,
  "ammirativo": 3,
  "ammodernamento": 2,
  "ammonire": -2,
  "ammoniti": -2,
  "ammortizzante": -2,
  "ammortizzatori": -2,
  "amore": 3,
  "amorevole": 2,
  "amorevolezza": 3,
  "amori": 4,
  "analfabetismo": -2,
  "Angers": -3,
  "angoscia": -2,
  "angosciato": -3,
  "angustie": -2,
  "animosità": -2,
  "annega": -2,
  "annegare": -2,
  "annoiato": -2,
  "annulla": -1,
  "Annulla": -1,
  "annullando": -1,
  "annullato": -1,
  "ansia": -2,
  "ansioso": -2,
  "antagonistico": -2,
  "anti": -1,
  "anticipazione": 1,
  "antigienico": -2,
  "apatia": -3,
  "apatico": -2,
  "apeshit": -3,
  "apocalittico": -2,
  "appanna": -2,
  "appannato": -2,
  "appassionati": 2,
  "appassionato": 2,
  "applaude": 2,
  "applaudire": 2,
  "applaudito": 2,
  "applausi": 2,
  "applauso": 2,
  "appostarsi": -1,
  "apprensione": -2,
  "apprensivo": -2,
  "apprezza": 2,
  "apprezzamento": 2,
  "apprezzando": 2,
  "apprezzare": 2,
  "appropriatamente": 2,
  "appropriazione indebita": -3,
  "approva": 2,
  "approvare": 2,
  "approvato": 2,
  "approvazione": 2,
  "ardente": 1,
  "arditamente": 2,
  "armonia": 2,
  "armoniosamente": 2,
  "armonioso": 2,
  "arrabbiare": -3,
  "Arrabbiati": -2,
  "arrabbiato": -3,
  "arrestato": -2,
  "arresti": -2,
  "arresto": -2,
  "arrogante": -2,
  "arsehole": -4,
  "arzillo": 2,
  "ascia": -1,
  "asino": -4,
  "aspetta": -1,
  "assalto": -2,
  "assaporando": 2,
  "assassinio": -3,
  "assassino": -2,
  "assegnato": 3,
  "assente": -1,
  "assenti": -1,
  "asservire": -2,
  "asservito": -2,
  "assfucking": -4,
  "assicurando": 1,
  "assicurato": 2,
  "assillante": -3,
  "Assillante": -3,
  "assolto": 2,
  "assolve": 2,
  "assolvendo": 2,
  "assolvere": 2,
  "assorbito": 1,
  "assordante": -1,
  "assorto": 1,
  "atrio": -2,
  "atroce": -3,
  "atrocemente": -1,
  "atrocità": -3,
  "attaccanti": -2,
  "attaccare": -1,
  "attaccato": -1,
  "attacchi": -1,
  "attacco": -1,
  "attendere": -1,
  "attento": 2,
  "attenzione": 2,
  "atteso": -1,
  "attirando": 2,
  "attirare": 1,
  "attività": 2,
  "attivo": 1,
  "attrae": 1,
  "attraente": 2,
  "attrattiva": 2,
  "attratto": 1,
  "attrazione": 2,
  "attrazioni": 2,
  "audace": 3,
  "auguri": 1,
  "aumenta": 1,
  "aumentando": 1,
  "aumentare": 1,
  "aura": 1,
  "auspicabile": 2,
  "autoabuso": -2,
  "autoillusi": -2,
  "autore": -2,
  "autori": -2,
  "autorità": 1,
  "autorizzare": 2,
  "avanguardia": 1,
  "Avanzate": 1,
  "avaro": -2,
  "avere successo": 3,
  "avidità": -3,
  "avido": 2,
  "avvelenata": -2,
  "avventura": 2,
  "avventure": 2,
  "avventuroso": 2,
  "avversario": -1,
  "avversione": -2,
  "avverte": -2,
  "avvertenze": -3,
  "avvertimento": -3,
  "avvertire": -2,
  "avvertito": -2,
  "avvilirsi": -1,
  "avvilito": -2,
  "avvincente": 3,
  "avvitato": -2,
  "azioni": 1,
  "azzimato": 2,
  "baci baci": 3,
  "bacio": 2,
  "Backed": 1,
  "bagarini": -2,
  "bamboozles": -2,
  "banchi": -2,
  "bandire": -1,
  "bankster": -3,
  "barbaro": -2,
  "baro": -3,
  "barra": -2,
  "barre": -2,
  "barriera": -2,
  "bastardi": -5,
  "bastardo": -5,
  "battaglia": -1,
  "battaglie": -1,
  "battito": -1,
  "battuto": -2,
  "bavaglio": -2,
  "beatifico": 3,
  "beatitudine": 3,
  "beato": 3,
  "beffardo": -2,
  "bella": 1,
  "bella vista": 3,
  "bellezza": 3,
  "bellezze": 3,
  "bellissimo": 3,
  "bello": 3,
  "ben consolidata": 2,
  "ben focalizzati": 2,
  "ben proporzionato": 2,
  "ben sostenuto": 3,
  "ben sviluppato": 2,
  "bene": 3,
  "benedice": 2,
  "benedire": 2,
  "benedizione": 3,
  "benedizioni": 3,
  "benefattore": 2,
  "benefattori": 2,
  "benefici": 2,
  "beneficiando": 2,
  "beneficiato": 2,
  "benessere": 2,
  "benevolenza": 3,
  "benevolo": 3,
  "benvenuto": 2,
  "bereaves": -2,
  "bereaving": -2,
  "Best Damn": 4,
  "bidone": -2,
  "bisognoso": -2,
  "bizzarro": -2,
  "bla": -2,
  "bloccare": -1,
  "bloccato": -1,
  "blocchi": -1,
  "blocco": -1,
  "boicottaggi": -2,
  "boicottando": -2,
  "boicottare": -2,
  "boicottato": -2,
  "bomba": -1,
  "bontà": 3,
  "borse": 1,
  "brama": -1,
  "bramosia": 1,
  "bravura": 3,
  "brillante": 4,
  "brillantezza": 3,
  "brillanti": 2,
  "brioso": 2,
  "broncio": -2,
  "brutale": -3,
  "brutalmente": -3,
  "bruttezza": -3,
  "brutto": -3,
  "bugiardi": -3,
  "bugiardo": -3,
  "bullismo": -2,
  "buona volontà": 2,
  "Buongiorno": 1,
  "cadavere": -1,
  "caduta": -1,
  "caduto": -1,
  "caduto in disgrazia": -2,
  "cagna": -5,
  "caldo": 1,
  "calma": 2,
  "calmante": 2,
  "calmato": 2,
  "calore": 2,
  "campione": 2,
  "campioni": 2,
  "cancella": 1,
  "cancellare": -2,
  "cancro": -1,
  "caos": -2,
  "caotico": -2,
  "capace": 1,
  "capacità": 2,
  "capolavori": 4,
  "capolavoro": 4,
  "capri espiatori": -2,
  "capriccio": -2,
  "capriccioso": 1,
  "capro espiatorio": -2,
  "carenza": -2,
  "carenze": -2,
  "carestia": -2,
  "carico": -3,
  "carina": 2,
  "carisma": 2,
  "caritatevole": 2,
  "caro": 2,
  "cartesiano": -1,
  "castiga": -3,
  "castigare": -3,
  "castigato": -3,
  "catastrofe": -3,
  "catastrofico": -4,
  "cattiva": -3,
  "cattiva condotta": -2,
  "cattiveria": -3,
  "cattivo": -3,
  "causa": -2,
  "cause": -2,
  "cavo": -1,
  "cazzate": -4,
  "cazzo": -4,
  "cazzo amore": 4,
  "cazzo buono": 4,
  "cazzo carino": 4,
  "cazzo di caldo": 2,
  "cazzo fantastico": 4,
  "cazzo perfetto": 4,
  "cazzuto": -3,
  "celebra": 3,
  "celebrando": 3,
  "celebrare": 3,
  "celebrazione": 3,
  "celebrazioni": 3,
  "celebre": 3,
  "celeste": 4,
  "censori": -2,
  "censurare": -2,
  "censurato": -2,
  "certo": 1,
  "chagrined": -2,
  "charmless": -3,
  "chastising": -3,
  "che fa riflettere": 1,
  "che odia": -3,
  "chi soffre": -2,
  "chiaramente": 1,
  "chiarezza": 2,
  "chiarisce": 2,
  "chiazza di petrolio": 2,
  "chiding": -3,
  "cicatrice": -2,
  "cicatrici": -2,
  "cieco": -1,
  "cilecca": -2,
  "cime": 2,
  "cinico": -2,
  "cinismo": -2,
  "citare in giudizio": -2,
  "citato in giudizio": -2,
  "citazione": -2,
  "classificare erroneamente": -2,
  "Cocksuckers": -5,
  "codardo": -2,
  "coercizione": -2,
  "Coglione": -4,
  "collasso": -2,
  "collide": -1,
  "collisione": -1,
  "collisioni": -2,
  "colluso": -3,
  "colpa": -2,
  "colpevole": -2,
  "colpito": -1,
  "coltellate": -2,
  "coltivare": 2,
  "comando": 1,
  "combattendo": -2,
  "combattente": -2,
  "combattere": -1,
  "combattimenti": -1,
  "combattimento": -1,
  "combattuto": -1,
  "comfort": 2,
  "comico": 1,
  "commedia": 1,
  "Commended": 2,
  "commettere": 1,
  "commovente": 3,
  "comodamente": 2,
  "comodità": 2,
  "compassione": 2,
  "compassionevole": 2,
  "compatito": -1,
  "competente": 2,
  "competenze": 1,
  "competitivo": 2,
  "compiaciuto": -2,
  "compie": 2,
  "compimento": 2,
  "compiuto": 2,
  "complicando": -2,
  "complimenti": 2,
  "complimento": 2,
  "comportamento anomalo": -2,
  "comportarsi male": -2,
  "comportato male": -2,
  "comprensivo": 2,
  "con deroghe": -2,
  "con fiducia": 2,
  "con successo": 3,
  "concedere": 1,
  "concesso": 1,
  "concilia": 2,
  "conciliando": 2,
  "conciliare": 2,
  "conciliata": 2,
  "concorda": 1,
  "concordare": 1,
  "concordato": 1,
  "condanna": -2,
  "condannare": -2,
  "condannato": -2,
  "Condividere": 1,
  "conflitti": -2,
  "conflitto": -2,
  "conflittuale": -2,
  "confortante": 2,
  "confortevole": 2,
  "confusione": -2,
  "confuso": -2,
  "congratularsi con": 2,
  "congratulazione": 2,
  "congratulazioni": 2,
  "consensi": 2,
  "consenso": 2,
  "consentire": 1,
  "consigliabile": 1,
  "consigliato": 2,
  "consolable": 2,
  "contagi": -2,
  "contagio": -2,
  "contagioso": -1,
  "contamina": -2,
  "contaminando": -2,
  "contaminante": -2,
  "contaminanti": -2,
  "contaminare": -2,
  "contaminati": -2,
  "contaminato": -2,
  "contaminazione": -2,
  "contaminazioni": -2,
  "contendente": -1,
  "contendenti": -1,
  "contendersi": -1,
  "Contentissimo": 3,
  "contento": 3,
  "contenzioso": -2,
  "contestabile": -2,
  "contestando": -2,
  "contestato": -2,
  "contrabbanda": -2,
  "contrabbandare": -2,
  "contrabbando": -2,
  "contraddittorio": -2,
  "contrario al sistema parlamentare": -2,
  "contrassegnato in modo distorto": -3,
  "contrastare": -2,
  "contrastato": -2,
  "controversia": -2,
  "controversie": -2,
  "controverso": -2,
  "Convalida": 1,
  "convalidare": 1,
  "convalidato": 1,
  "convenire": 2,
  "convince": 1,
  "convincere": 1,
  "convinto": 1,
  "conviviale": 2,
  "coprire": -3,
  "coraggio": 2,
  "coraggiosamente": 2,
  "coraggioso": 2,
  "cordiale": 3,
  "Cordiali saluti": 2,
  "cordialità": 2,
  "corpulento": 2,
  "corrompe": -3,
  "corrompere": -3,
  "corrotto": -3,
  "corruttore": -3,
  "corruzione": -3,
  "corteggiare": 3,
  "cortesia": 2,
  "cospirazione": -3,
  "costante": 2,
  "costernato": -2,
  "costituita": -1,
  "costoso": -2,
  "costretto": 1,
  "courageousness": 2,
  "crampo": -1,
  "creativo": 2,
  "credulità": -2,
  "crescita": 2,
  "cretino": -3,
  "criminali": -3,
  "criminate": -3,
  "criminated": -3,
  "criminates": -3,
  "crimine": -3,
  "crimini": -3,
  "crisi": -3,
  "crisi isterica": -3,
  "critica": -2,
  "criticando": -2,
  "criticare": -2,
  "criticato": -2,
  "critico": -2,
  "crollato": -2,
  "crolli": -1,
  "crollo": -2,
  "crudele": -3,
  "crudeltà": -3,
  "culo": -4,
  "cumulo di rifiuti": -1,
  "cupo": -2,
  "cura": 2,
  "cure": 2,
  "curioso": 2,
  "dà fastidio": -2,
  "da solo": -2,
  "dal titolo": 1,
  "dannatamente bene": 4,
  "dannatamente carino": 3,
  "dannato": -4,
  "dannazione": -3,
  "Dannazione": -2,
  "danneggia": -2,
  "danneggiamento": -3,
  "danneggiare": -2,
  "danneggiato": -3,
  "danno": -2,
  "dannoso": -2,
  "dare le dimissioni": -1,
  "debito": -2,
  "debole": -2,
  "debolezza": -2,
  "deboli di cuore": -2,
  "decaduto": -1,
  "decisivo": 1,
  "declamazione": -3,
  "dedicazione": 2,
  "dedito": 2,
  "deficiente": -2,
  "deficienza": -2,
  "deforme": -2,
  "deformità": -2,
  "defrauda": -3,
  "defunto": -2,
  "degno": 2,
  "degrada": -2,
  "degradare": -2,
  "degradato": -2,
  "dejecting": -2,
  "dejects": -2,
  "deliziando": 3,
  "delizie": 3,
  "deliziosamente": 3,
  "delizioso": 3,
  "delude": -2,
  "deludente": -2,
  "deludere": -2,
  "delusione": -2,
  "delusioni": -2,
  "deluso": -2,
  "demoralizza": -2,
  "demoralizzante": -2,
  "demoralizzare": -2,
  "demoralizzato": -2,
  "denari": -2,
  "denigrato": -2,
  "denunce, contestazioni": -2,
  "denuncia": -2,
  "denunciare": -2,
  "deplora": -3,
  "deplorando": -3,
  "deplorare": -3,
  "deplorato": -3,
  "deporta": -2,
  "deportando": -2,
  "deportare": -2,
  "deportati": -2,
  "deportazione": -2,
  "deportazioni": -2,
  "depresso": -2,
  "deprimente": -2,
  "deprimere": -2,
  "deraglia": -2,
  "deragliare": -2,
  "deragliato": -2,
  "derelitto": -2,
  "deride": -2,
  "deridere": -2,
  "derisione": -2,
  "deriso": -2,
  "desiderando": 1,
  "desiderato": 2,
  "desiderio": 1,
  "desideroso": 2,
  "destino": -2,
  "destituito": -2,
  "detenzione": -2,
  "deteriora": -2,
  "deterioramento": -2,
  "deteriorare": -2,
  "deteriorata": -2,
  "determinato": 2,
  "deterrente": -2,
  "detestare": -3,
  "detestato": -3,
  "detrae": -1,
  "detrarre": -1,
  "detratto": -1,
  "devastante": -2,
  "devastare": -2,
  "devastato": -2,
  "devastazione": -2,
  "devastazioni": -2,
  "deviando": -1,
  "devoto": 3,
  "devozione": 2,
  "di classe": 3,
  "di devozione": 2,
  "di fiducia": 2,
  "di infrazioni": -2,
  "di risposta": 2,
  "di stupore": 3,
  "di valore": 2,
  "diamante": 1,
  "difensore": 2,
  "difensori": 2,
  "difetti": -2,
  "difetto": -2,
  "difettoso": -3,
  "diffamatorio": -2,
  "differire": -1,
  "difficile": -1,
  "diffidente": -3,
  "diffidenza": -3,
  "dignità": 2,
  "dileggiare": -2,
  "dilemma": -1,
  "diletto": 3,
  "dilligence": 2,
  "dimenticabile": -1,
  "dimenticare": -1,
  "dimenticato": -1,
  "dimentico": -2,
  "dimette": -1,
  "dimettendosi": -1,
  "dimostrazione": -1,
  "Dio": 1,
  "dipendente": 2,
  "dipshit": -3,
  "dirompente": -2,
  "Dirompente": -2,
  "disabilità": -2,
  "disabilitazione": -1,
  "disaccordo": -2,
  "disadattamento": -2,
  "disagio": -2,
  "disapprova": -2,
  "disapprovare": -2,
  "disapprovato": -2,
  "disapprovazione": -2,
  "disapprovazioni": -2,
  "disappunto": -2,
  "disastri": -2,
  "disastro": -2,
  "disastroso": -3,
  "disattese": -2,
  "disavanzo": -2,
  "discariche": -1,
  "discernimento": 2,
  "disconnesso": -1,
  "disconsolation": -2,
  "discordia": -2,
  "discrimina": -2,
  "discriminante": -2,
  "discriminare": -2,
  "discriminati": -2,
  "discriminatorio": -2,
  "discutibile": -2,
  "disfare": 1,
  "disfunzione": -2,
  "disgregare": -2,
  "disgustato": -3,
  "disgusto": -3,
  "disgustoso": -3,
  "disilluso": -2,
  "disinclined": -2,
  "disinformato": -2,
  "disinformazione": -2,
  "disinvolto": 2,
  "disoccupato": -1,
  "disoccupazione": -2,
  "disonesto": -2,
  "disonore": -2,
  "disordini": -2,
  "disorganizzato": -2,
  "disorientato": -2,
  "dispera": -3,
  "disperatamente": -3,
  "disperato": -3,
  "disperazione": -3,
  "dispetto": -1,
  "dispettoso": -2,
  "dispiacere": -2,
  "dispregiativo": -2,
  "disprezzo": -2,
  "distaccato": -1,
  "distinto": 2,
  "distorce": -2,
  "distorcendo": -2,
  "distorcere": -2,
  "distorto": -2,
  "distrae": -2,
  "distrarre": -2,
  "distratto": -2,
  "distrazione": -2,
  "distrugge": -3,
  "distruggere": -3,
  "distruttivo": -3,
  "distrutto": -2,
  "distruzione": -3,
  "disturbare": -2,
  "disturbato": -2,
  "disturbi": -2,
  "disturbo": -2,
  "disumanare": -2,
  "disumanizza": -2,
  "disumanizzante": -2,
  "disumanizzato": -2,
  "dithering": -2,
  "divertente": 4,
  "divertimenti": 3,
  "divertimento": 4,
  "divertire": 3,
  "divertito": 3,
  "diviso": 1,
  "doccia": -3,
  "dolce": 2,
  "dolorante": -1,
  "dolore": -2,
  "doloroso": -2,
  "dona": 2,
  "donare": 2,
  "donato": 2,
  "donazione": 2,
  "dont like": -2,
  "Downer": -2,
  "drenato": -2,
  "dritto": 1,
  "droopy": -2,
  "dubbi": -1,
  "dubbio": -1,
  "dubbioso": -1,
  "dubitato": -1,
  "duramente": -2,
  "durevole": 2,
  "duro": -2,
  "è aumentato": 1,
  "è piaciuto": 2,
  "eccellente": 5,
  "eccellenza": 3,
  "eccezionale": 5,
  "eccitabile": -1,
  "eccitare": 3,
  "ECCITATO": 3,
  "eccitazione": 3,
  "ecocompatibile": 2,
  "edificante": 2,
  "eery": -2,
  "effetti collaterali": -2,
  "effetto collaterale": -2,
  "efficace": 2,
  "efficacemente": 2,
  "efficacia": 2,
  "egoismo": -3,
  "egoista": -3,
  "elegante": 2,
  "elegantemente": 2,
  "eliminato": 1,
  "Emergenza": -2,
  "emozionante": 3,
  "empatico": 2,
  "encomio": 2,
  "energico": 2,
  "enorme": 1,
  "entusiasta": 5,
  "equilibrato": 1,
  "equità": 2,
  "eroe": 2,
  "eroi": 2,
  "eroico": 3,
  "Erroneamente": -2,
  "erroneamente classificati": -2,
  "erroneo": -2,
  "errore": -2,
  "errori": -2,
  "ErrorWithTranslation": -2,
  "eruzione cutanea": -2,
  "esacerba": -2,
  "esacerbando": -2,
  "esacerbare": -2,
  "esagera": -2,
  "esagerando": -2,
  "esagerare": -2,
  "esagerato": -2,
  "esagerazione": -2,
  "esagerazioni": -2,
  "esaltazione": 3,
  "esaspera": -2,
  "esasperante": -2,
  "esasperato": -2,
  "esausto": -2,
  "escludere": -1,
  "esclusi": -2,
  "esclusione": -1,
  "esclusivo": 2,
  "escrescenze": 2,
  "esigente": -1,
  "esilarante": 3,
  "esitante": -2,
  "esitare": -2,
  "esonera": 2,
  "esonerando": 2,
  "esonerare": -1,
  "esonerato": 2,
  "espandere": 1,
  "Espelle": -2,
  "espellendo": -2,
  "espellere": -2,
  "esplorazione": 1,
  "esplorazioni": 1,
  "espone": -1,
  "esponendo": -1,
  "esporre": -1,
  "esposto": -1,
  "espulsione": -1,
  "espulso": -2,
  "estatico": 4,
  "estendere": 1,
  "estremista": -2,
  "estremisti": -2,
  "esuberante": 4,
  "esultante": 3,
  "etico": 2,
  "euforia": 3,
  "euforica": 3,
  "euforici": 3,
  "euforico": 4,
  "evacua": -1,
  "evacuare": -1,
  "evacuati": -1,
  "evacuazione": -1,
  "evergreening": -3,
  "evidente": 2,
  "evidenziare": 2,
  "evita": -1,
  "evitare": -1,
  "evitato": -1,
  "evviva": 5,
  "exasparate": -2,
  "fa infuriare": -2,
  "fa male": -2,
  "facile": 1,
  "fallimenti": -2,
  "fallimento": -2,
  "fallire": -2,
  "fallisce": -2,
  "fallito": -2,
  "fallo": -3,
  "falsamente": -2,
  "false dichiarazioni": -2,
  "falsi": -3,
  "falsificare": -3,
  "falsificato": -3,
  "falsificazione": -3,
  "falso": -1,
  "fama": 1,
  "fame": -2,
  "famigerato": -2,
  "famoso": 2,
  "fan": 3,
  "fanatico": -2,
  "Fanculo": -4,
  "fangoso": -2,
  "fantasioso": 2,
  "fantasma": -1,
  "fantastico": 4,
  "far cadere": -1,
  "far finta": -1,
  "far infuriare": -2,
  "farsa": -1,
  "fascina": -3,
  "fascine": -3,
  "fascino": 3,
  "fascista": -2,
  "fascisti": -2,
  "fastidio": -2,
  "fastidioso": -2,
  "fatale": -3,
  "fatalità": -3,
  "fatica": -2,
  "faticoso": -2,
  "fattori di stress": -2,
  "favolosamente": 4,
  "favoloso": 4,
  "favore": 2,
  "favorevole": 2,
  "favorevolmente": 2,
  "favori": 2,
  "favorito": 2,
  "febbre": -2,
  "feccia": -3,
  "fede": 1,
  "fedele": 3,
  "felicissimo": 4,
  "felicità": 3,
  "femmine": -5,
  "ferita": -2,
  "ferito": -2,
  "fermate": -1,
  "fermato": -1,
  "fertile": 2,
  "fervente": 2,
  "fervido": 2,
  "festivo": 2,
  "fetente": -2,
  "fiasco": -2,
  "fica": -5,
  "ficcanaso": -2,
  "fiducia": 2,
  "fiduciosamente": 2,
  "fiducioso": 2,
  "Figlio di puttana": -5,
  "filantropia": 2,
  "finge": -1,
  "fingendo": -1,
  "finto": -2,
  "fitness": 1,
  "flop": -2,
  "fobico": -2,
  "focalizzata": 2,
  "focolai": -2,
  "folle": -2,
  "follemente": -3,
  "follia": -2,
  "foro": -2,
  "forte": 2,
  "fortuna": 4,
  "fortunatamente": 3,
  "fortunato": 3,
  "forza": 2,
  "fottutamente bello": 4,
  "fottutamente grande": 4,
  "fottutamente sorprendente": 4,
  "fottuto": -5,
  "fraintende": -2,
  "fraintendere": -2,
  "frainteso": -2,
  "frasi": -2,
  "fraudolento": -4,
  "fraudolenza": -4,
  "frenesia": -3,
  "frenetico": -1,
  "fresco": 1,
  "frikin": -2,
  "frodare": -3,
  "frode": -4,
  "frodi": -4,
  "frustrante": -2,
  "frustrare": -2,
  "frustrato": -2,
  "frustrazione": -2,
  "ftw": 3,
  "Fuckers": -4,
  "fuckface": -4,
  "fuckhead": -4,
  "fucktard": -4,
  "fud": -3,
  "fuga": -1,
  "fuga precipitosa": -2,
  "fugge": -1,
  "fughe": -1,
  "fuked": -4,
  "Fuking": -4,
  "fumante": -2,
  "funerale": -1,
  "funerali": -1,
  "funzionalità": 1,
  "fuoco": -2,
  "fuori luogo": -2,
  "furioso": -3,
  "furto": -2,
  "furto con scasso": -2,
  "futile": -2,
  "GAL": -2,
  "galante": 3,
  "galantemente": 3,
  "galanteria": 3,
  "galleggiante": 2,
  "garantire": 1,
  "garanzia": 1,
  "gelosia": -2,
  "geloso": -2,
  "gemendo": -2,
  "gemette": -2,
  "gemeva": -2,
  "gemiti": -2,
  "gemito": -2,
  "Gemito": -2,
  "gemma": 3,
  "genere": 2,
  "generosamente": 2,
  "generoso": 2,
  "gentile": 3,
  "Gentile": 2,
  "gentilezza": 2,
  "gesta": -2,
  "Gesù": 1,
  "gioco che cambia": 3,
  "giocoso": 2,
  "gioia": 4,
  "gioielli": 1,
  "gioiello": 1,
  "gioioso": 3,
  "gioisce": 4,
  "gioito": 4,
  "giovanile": 2,
  "gioviale": 2,
  "giubilante": 3,
  "giura": -2,
  "giuramento": -2,
  "giurare": -2,
  "giusta direzione": 3,
  "giustamente": 2,
  "giustificato": 2,
  "giustizia": 2,
  "giusto": 2,
  "globale": 2,
  "gloria": 3,
  "glorioso": 2,
  "gode": 2,
  "godendo": 2,
  "godere": 2,
  "goduto": 2,
  "gonfio": -1,
  "goofiness": -2,
  "gradevolmente": 2,
  "gradito": 2,
  "grande": 3,
  "grandinare": 2,
  "grandinato": 2,
  "grassetto": 2,
  "gratificante": 2,
  "gratificazione": 2,
  "grato": 3,
  "gratuito": 1,
  "gravare": -2,
  "gravata": -2,
  "grave": -2,
  "gravemente": -2,
  "grazia": 1,
  "Grazie": 2,
  "grazioso": 2,
  "green washing": -3,
  "greenwasher": -3,
  "greenwashers": -3,
  "greenwashing": -3,
  "greggio": -1,
  "grida": -2,
  "grigio": -1,
  "guadagnando": 2,
  "guadagnato": 2,
  "guadagno": 2,
  "guaio": -2,
  "guerra": -2,
  "ha avuto successo": 3,
  "ha rubato": -2,
  "ha vinto": 3,
  "haha": 3,
  "hahaha": 3,
  "hahahah": 3,
  "Hallelujah": 3,
  "handpicked": 1,
  "haplessness": -2,
  "hardier": 2,
  "Harms": -2,
  "heavyhearted": -2,
  "hehe": 2,
  "hooligans": -2,
  "humerous": 3,
  "humourous": 2,
  "i preferiti": 2,
  "i problemi": -2,
  "icky": -3,
  "idiota": -3,
  "idiozia": -3,
  "ignaro": -2,
  "ignora": -1,
  "ignorante": -2,
  "ignoranza": -2,
  "ignorare": -1,
  "ignorato": -2,
  "il male": -3,
  "illeciti": -2,
  "illegale": -3,
  "illegittimo": -2,
  "illogico": -2,
  "illumina": 2,
  "illuminante": 2,
  "illuminare": 2,
  "illuminato": 2,
  "imbarazza": -2,
  "imbarazzante": -2,
  "imbarazzare": -2,
  "imbarazzato": -2,
  "imbarazzo": -2,
  "imbavagliato": -2,
  "imbecille": -3,
  "imbestialire": -2,
  "imbiancare": -3,
  "imbrogliare": -3,
  "imbroglioni": -3,
  "imbronciato": -2,
  "immacolato": 2,
  "immeritevole": -2,
  "immobilizzato": -1,
  "immorale": -2,
  "immortale": 2,
  "immotivato": -2,
  "immune": 1,
  "impareggiabile": 1,
  "imparziale": 2,
  "impaurito": 2,
  "impavido": 2,
  "impaziente": 2,
  "impeachment": -3,
  "impedimento": -2,
  "impedingly": -2,
  "impedire": -2,
  "impedisce": -1,
  "impedito": -1,
  "impegna": 1,
  "impegnarsi": 1,
  "impegnata": 1,
  "impegno": 2,
  "imperdonabile": -2,
  "imperfetto": -2,
  "impermeabile": 2,
  "impianto": -1,
  "impietrito": -2,
  "implacabile": -1,
  "impone": -1,
  "imponente": -1,
  "imporre": -1,
  "importa": 1,
  "importante": 2,
  "importanza": 2,
  "imposto": -1,
  "impostore": -2,
  "impotente": -2,
  "impressiona": 3,
  "impressionante": 3,
  "impressionare": 3,
  "impressionato": 3,
  "improbabile": -1,
  "improprio": -2,
  "in agguato": -1,
  "in bilico": -2,
  "in crescita": 1,
  "in falsa luce": -2,
  "in fase di stallo": -2,
  "in forma": 1,
  "in mancanza di": -2,
  "in modo non corretto": -2,
  "in preda al panico": -3,
  "in ritardo di sviluppo": -2,
  "inabili": -2,
  "inaccettabile": -2,
  "inadatto": -2,
  "inarrestabile": 2,
  "inattività": -2,
  "inavvertitamente": -2,
  "incantare": 3,
  "incantata": 2,
  "incapace": -2,
  "incapacità": -2,
  "incapacitates": -2,
  "incarcerato": -2,
  "incasinare": -2,
  "incasinato": -2,
  "incassare": -2,
  "incensato": -2,
  "incensazione": -2,
  "incensi": -2,
  "incenso": -2,
  "incerto": -1,
  "incidente": -2,
  "incidenti": -2,
  "incoerente": -2,
  "incollato": -2,
  "incolpa": -2,
  "incolpando": -2,
  "incolpato": -2,
  "incombente": -1,
  "incombeva": -1,
  "incompetente": -2,
  "incompetenti": -2,
  "incompetenza": -2,
  "incompleto": -1,
  "incomprensibile": -2,
  "incompreso": -2,
  "incoraggia": 2,
  "incoraggiamento": 2,
  "incoraggiante": 2,
  "incoraggiare": 2,
  "incoraggiato": 2,
  "incredibile": -1,
  "incredibilmente": 3,
  "incredulo": -1,
  "Incremento": 1,
  "incriminato": -2,
  "indebolito": -2,
  "indeciso": -1,
  "indegno": -2,
  "indennizzo": -3,
  "indesiderabile": -2,
  "indifeso": -2,
  "indifferente": -2,
  "indifferenza": -2,
  "indignato": -2,
  "indignazione": -2,
  "indistruttibile": 2,
  "indottrina": -2,
  "indottrinare": -2,
  "indottrinato": -2,
  "indulgente": 1,
  "indurre in errore": -3,
  "induttanze": -2,
  "inediable": -2,
  "inefficace": -2,
  "inefficiente": -2,
  "inefficienza": -2,
  "ineguale": -1,
  "inesatte": -2,
  "inesorabile": -3,
  "inettitudine": -2,
  "inetto": -2,
  "infantile": -2,
  "infantilizzati": -2,
  "infastidire": -2,
  "infastidisce": -2,
  "infatuato": 2,
  "infatuazione": 2,
  "infausto": 3,
  "infelice": -2,
  "infelicità": -2,
  "inferiore": -2,
  "inferiorità numerica": -2,
  "infernale": -2,
  "inferno": -4,
  "inferocito": -2,
  "infesta": -2,
  "infestanti": -2,
  "infestare": -1,
  "infestata": -2,
  "infestato": -2,
  "infetta": -2,
  "infettando": -2,
  "infettare": -2,
  "infettivo": -2,
  "infetto": -2,
  "infezione": -2,
  "infezioni": -2,
  "infiammata": -2,
  "infligge": -2,
  "infliggendo": -2,
  "infliggere": -2,
  "inflitto": -2,
  "influente": 2,
  "influenza": -2,
  "influenzato": -1,
  "infract": -2,
  "infracting": -2,
  "infruttuoso": -2,
  "Infuriante": -2,
  "infuriato": -2,
  "inganna": -3,
  "ingannando": -3,
  "ingannare": -2,
  "ingannata": -2,
  "ingannati": -2,
  "ingannato": -2,
  "ingannevole": -2,
  "inganno": -2,
  "ingegno": 2,
  "ingenuo": -2,
  "ingiustizia": -2,
  "ingiusto": -2,
  "ingrato": -3,
  "inibire": -1,
  "innova": 1,
  "innovare": 1,
  "innovativo": 2,
  "innovazione": 1,
  "inorridito": -2,
  "inquietante": -2,
  "inquieto": -2,
  "inquietudine": -2,
  "inquina": -2,
  "inquinamento": -2,
  "inquinante": -2,
  "inquinanti": -2,
  "inquinare": -2,
  "inquinata": -2,
  "inquisizione": -2,
  "insediamenti": 1,
  "insediamento": 1,
  "insensibile": -2,
  "insensibilità": -2,
  "insicuro": -2,
  "insignificante": -2,
  "insipido": -2,
  "insoddisfatto": -2,
  "insolvente": -2,
  "insonnia": -2,
  "insopportabile": -2,
  "instabile": -2,
  "insufficiente": -2,
  "insufficientemente": -2,
  "insufficienza": -2,
  "insulso": -2,
  "insulti": -2,
  "insulto": -2,
  "intatto": 2,
  "integrità": 2,
  "inteligente": 1,
  "intelligente": 2,
  "intenso": 1,
  "intenzionale": 2,
  "interessante": 2,
  "interessato": 2,
  "interesse": 1,
  "interessi": 1,
  "interrogativo": -1,
  "interrogato": -1,
  "interrompe": -1,
  "interrompendo": -2,
  "interrompere": -2,
  "interrupt": -2,
  "interruzione": -2,
  "interruzioni": -2,
  "intimidatorio": -2,
  "intimidazione": -2,
  "intimidire": -2,
  "intimidisce": -2,
  "intimidito": -2,
  "intimità": 2,
  "intorpidire": -1,
  "intransigenza": -2,
  "intrappolati": -2,
  "intraprendente": 1,
  "intrepido": 2,
  "intricato": 2,
  "intrighi": 1,
  "inumano": -2,
  "inutile": -2,
  "inutilità": -2,
  "invalidanti": -2,
  "invalidità": -2,
  "invasione": -1,
  "invenduti": -1,
  "invidia": -1,
  "invidie": -1,
  "invidioso": -2,
  "invincibile": 2,
  "invitante": 1,
  "invitare": 1,
  "involontario": -2,
  "invulnerabile": 2,
  "iperprotettivo": -2,
  "ipervenduto": -2,
  "ipnotizzante": 3,
  "ipocrita": -2,
  "irato": -3,
  "ironia": -1,
  "ironico": -1,
  "irragionevole": -2,
  "irrazionale": -1,
  "irreparabile": -2,
  "irrequieto": -2,
  "irresistibile": 2,
  "irresistibilmente": 2,
  "irresoluto": -2,
  "irresponsabile": -2,
  "irreversibile": -1,
  "irreversibilmente": -1,
  "irriproducibile": -2,
  "irrita": -3,
  "irritante": -2,
  "irritare": -3,
  "irritata": -3,
  "irritato": -2,
  "irritazione": -2,
  "isolato": -1,
  "ispira": 2,
  "ispirare": 2,
  "ispirato": 2,
  "ispiratore": 3,
  "ispirazione": 2,
  "isterico": -3,
  "isterismo": -3,
  "la carenza di": -2,
  "la donazione": 2,
  "la libertà": 2,
  "la sconfitta": -2,
  "lacrime": -2,
  "lag": -2,
  "lamentarsi": -2,
  "lamentato": -2,
  "lamenti": -2,
  "lanciato": 1,
  "lasso": -2,
  "LAUGHTING": 1,
  "lavaggio del cervello": -3,
  "lavaggio verde": -3,
  "lawl": 3,
  "le spalle al muro": -2,
  "leale": 3,
  "lealtà": 3,
  "legale": 1,
  "legalmente": 1,
  "leggere erroneamente": -1,
  "legittimamente": 2,
  "legittimo": 2,
  "lenire": 3,
  "lenitivo": 3,
  "lento": -2,
  "lesioni": -2,
  "letale": -2,
  "letalità": -2,
  "letargico": -2,
  "letargo": -2,
  "libertà": 2,
  "licenziato": -2,
  "lieto": 3,
  "likers": 2,
  "limita": -2,
  "limitando": -2,
  "limitare": -2,
  "limitato": -1,
  "limitazione": -1,
  "limiti": -1,
  "lite": -1,
  "litigioso": -2,
  "livido": -2,
  "lmao": 4,
  "lmfao": 4,
  "lo sporco": -2,
  "lobbista": -2,
  "lobbisti": -2,
  "lobbying": -2,
  "lodando": 3,
  "lodato": 3,
  "lode": 3,
  "lodi": 3,
  "logoro": -1,
  "lol": 3,
  "lolol": 4,
  "lololol": 4,
  "lolololol": 4,
  "lool": 3,
  "loool": 3,
  "looool": 3,
  "lordo": -2,
  "lotta": -2,
  "lottare": -2,
  "lottato": -2,
  "lotte": -2,
  "lovelies": 3,
  "luce del sole": 2,
  "lucidato": 2,
  "lucrativo": 3,
  "lugubre": -2,
  "luminosa": 1,
  "luminosità": 1,
  "lunatico": -1,
  "lusso": 2,
  "lutto": -2,
  "luttuoso": -2,
  "macabro": -2,
  "macchia": -2,
  "maggiore": 3,
  "magnificamente": 3,
  "magnifico": 3,
  "mal di testa": -2,
  "malato": -2,
  "malattia": -1,
  "malattie": -1,
  "male": -2,
  "male interpretato": -2,
  "maledizione": -1,
  "maleducato": -2,
  "malefatte": -2,
  "malformazioni": -2,
  "mali": -1,
  "malinconia": -2,
  "malinteso": -2,
  "malsano": -2,
  "maltrattamento": -2,
  "malvagio": -2,
  "malvisto": -2,
  "mancanti": -2,
  "mancanza": -2,
  "mancanza di rispetto": -2,
  "mancato di rispetto": -2,
  "manifestanti": -2,
  "manipolato": -1,
  "manipolazione": -1,
  "mantenuto": -1,
  "marcio": -3,
  "mascheramento": -1,
  "mascherata": -1,
  "maturo": 2,
  "medaglia": 3,
  "mediocrità": -3,
  "meditabondo": -2,
  "meditativo": 1,
  "meglio": 2,
  "memorabile": 1,
  "Memoriam": -2,
  "menomazione": -2,
  "mentito": -2,
  "meraviglia": 3,
  "meraviglie": 3,
  "meravigliosa": 3,
  "meravigliosamente": 4,
  "meraviglioso": 4,
  "merda": -4,
  "merdoso": -3,
  "metodicamente": 2,
  "metodico": 2,
  "mettere in guardia": -1,
  "migliora": 2,
  "miglioramento": 2,
  "Migliorare": 2,
  "migliorata": 2,
  "migliore": 3,
  "mina": -2,
  "minacce": -2,
  "minaccia": -2,
  "minacciare": -2,
  "minacciata": -2,
  "minacciato": -2,
  "minaccioso": -2,
  "minando": -2,
  "minare": -2,
  "minato": -2,
  "minore": -1,
  "miope": -2,
  "miopia": -2,
  "miracolo": 4,
  "mirthfully": 3,
  "miscast": -2,
  "misconducted": -2,
  "misconducting": -2,
  "misconducts": -2,
  "miserabile": -3,
  "miserabilmente": -3,
  "miseria": -2,
  "misericordia": 2,
  "misleaded": -3,
  "misplace": -2,
  "misplacing": -2,
  "mispricing": -3,
  "misreport": -2,
  "misreported": -2,
  "misreports": -2,
  "Misrepresented": -2,
  "misterioso": -2,
  "mistificare": -2,
  "mito": -1,
  "modernizza": 2,
  "modernizzare": 2,
  "modernizzato": 2,
  "molestare": -3,
  "molestati": -3,
  "molesti": -3,
  "molestia": -3,
  "mongering": -2,
  "monopolizza": -2,
  "monopolizzare": -2,
  "monopolizzata": -2,
  "monopolizzazione": -2,
  "monotono": -1,
  "moping": -1,
  "morente": -3,
  "morire di fame": -2,
  "mortale": -3,
  "morte": -2,
  "morti": -2,
  "morto": -3,
  "mostro": -2,
  "motherfucker": -5,
  "motivante": 2,
  "motivare": 1,
  "motivata": 2,
  "motivazione": 1,
  "mozzafiato": 5,
  "multe": -2,
  "mumpish": -2,
  "muori": -3,
  "muto": -3,
  "n00b": -2,
  "narcisismo": -2,
  "nasconde": -1,
  "nascondere": -1,
  "nascosto": -1,
  "naturale": 1,
  "nave ammiraglia": 2,
  "nega": -2,
  "negando": -2,
  "negare": -2,
  "negatività": -2,
  "negativo": -2,
  "negato": -2,
  "negazionisti": -2,
  "negligente": -2,
  "negri": -5,
  "negro": -5,
  "nemici": -2,
  "nemico": -2,
  "nervi": -1,
  "nervosamente": -2,
  "nervoso": -2,
  "no": -1,
  "nobile": 2,
  "noccioline": -3,
  "noia": -2,
  "noioso": -2,
  "non accreditato": -1,
  "non amato": -2,
  "non appropriato": -2,
  "non approvati": -2,
  "non approvato": -2,
  "non bene": -2,
  "non chiaro": -1,
  "non confermato": -1,
  "non credere": -2,
  "non desiderato": -2,
  "non disponibile": -1,
  "non è divertente": -3,
  "non funziona": -3,
  "non garantito": -2,
  "non generoso": -2,
  "non ispirato": -2,
  "Non mi piace": -2,
  "non movimentato": -2,
  "non operante": -2,
  "non professionale": -2,
  "non scientifico": -2,
  "non sofisticato": -2,
  "non supportato": -2,
  "nostalgico": -2,
  "notevole": 2,
  "notizia in anticipo": 3,
  "novizio": -2,
  "nuocere": -2,
  "nutrimento": 2,
  "obbligatorio": -1,
  "obliterato": -2,
  "obsoleto": -2,
  "occultamento": -1,
  "odia": -3,
  "odiare": -3,
  "odiato": -3,
  "odiatori": -3,
  "odio": -3,
  "odioso": -3,
  "offende": -2,
  "offendere": -2,
  "offensivamente": -2,
  "offensivo": -2,
  "offesa": -2,
  "offeso": -1,
  "offuscare": -2,
  "offuscato": -1,
  "OKS": 2,
  "oltraggiato": -3,
  "oltraggioso": -3,
  "omaggio": 2,
  "omicida": -3,
  "omicidi": -2,
  "omicidio": -2,
  "omicidio colposo": -3,
  "omologati": 2,
  "onere": -2,
  "oneri": -2,
  "onesto": 2,
  "onnipresente": 2,
  "onorare": 2,
  "onorato": 2,
  "onore": 2,
  "oops": -2,
  "opportunità": 2,
  "oppressione": -2,
  "oppressioni": -2,
  "oppresso": -2,
  "opprimente": -2,
  "optionless": -2,
  "orgoglio": 2,
  "orgoglioso": 2,
  "oro": 2,
  "orrendo": -3,
  "orribile": -2,
  "orrido": -3,
  "oscenità": -2,
  "osceno": -2,
  "oscurità": -1,
  "oscuro": -2,
  "ossessionante": 1,
  "ossessionato": 2,
  "ossimoro": -1,
  "ostacola": -2,
  "ostacolare": -2,
  "ostacoli": -2,
  "ostacolo": -2,
  "ostile": -2,
  "ostinato": -2,
  "ostracizes": -2,
  "ostracizzato": -2,
  "ostruito": -2,
  "ostruzione": -2,
  "ottimismo": 2,
  "ottimista": 2,
  "outreach": 2,
  "overran": -2,
  "overreacting": -2,
  "overreacts": -2,
  "oversell": -2,
  "overselling": -2,
  "oversells": -2,
  "pace": 2,
  "pacificamente": 2,
  "pagare": -1,
  "panico": -3,
  "Paradiso": 3,
  "paradosso": -1,
  "parlamentare": -1,
  "parodia": -2,
  "partire": -1,
  "parziale": -2,
  "passione": 1,
  "passivamente": -1,
  "passivo": -1,
  "pasticcio": -2,
  "patetico": -2,
  "paura": -2,
  "paurosamente": -2,
  "pauroso": -2,
  "pazzi": -3,
  "pazzo": -2,
  "peccaminoso": -3,
  "peccati": -2,
  "peccato": -2,
  "peggio": -3,
  "peggiora": -3,
  "peggioramento": -3,
  "peggiorare": -3,
  "peggiorato": -3,
  "pena": -2,
  "penale": -3,
  "penalizza": -2,
  "penalizzando": -2,
  "penalizzare": -2,
  "penalizzati": -2,
  "pensieroso": -1,
  "pentito": -2,
  "per favore": 1,
  "perde": -3,
  "perdente": -3,
  "perdere": -3,
  "Perdere": -2,
  "perdita": -1,
  "perdite": -3,
  "perdona": 2,
  "perdonare": 1,
  "perdonato": 2,
  "perdono": 2,
  "perduto": -3,
  "perfettamente": 3,
  "perfetto": 2,
  "Perfetto": 3,
  "perfeziona": 2,
  "perfezionato": 2,
  "perfezione": 3,
  "pericolo": -2,
  "Pericolo": -2,
  "pericolosamente": -2,
  "pericolosi": -2,
  "pericoloso": -2,
  "periodo": -1,
  "perpetrata": -2,
  "perplesso": -2,
  "perse": -2,
  "persegue": -1,
  "perseguire": -1,
  "perseguita": -2,
  "perseguitare": -2,
  "perseguitati": -2,
  "perseguiti": -2,
  "perturbato": -2,
  "pervertito": -3,
  "pessimismo": -2,
  "pessimistico": -2,
  "peste": -3,
  "piace": 2,
  "piacere": 3,
  "piacevole": 3,
  "piaghe": -3,
  "piangere": -1,
  "pianto": -2,
  "piccato": -2,
  "pieno di speranza": 2,
  "pietà": -2,
  "pietoso": -2,
  "pignoramenti": -2,
  "pigra": -1,
  "pileup": -1,
  "piovoso": -1,
  "pisciare": -4,
  "pissing": -3,
  "pistola": -1,
  "pittoresco": 2,
  "più divertente": 4,
  "più dolce": 3,
  "più dura": -2,
  "più felice": 3,
  "più forte": 2,
  "più gentile": 2,
  "più grande": 3,
  "più intelligente": 2,
  "più nobile": 2,
  "più pazza": -2,
  "più poveri": -2,
  "più puro": 1,
  "più scuro": -2,
  "più sicuro": 2,
  "più sporca": -2,
  "placa": 2,
  "placare": 2,
  "placato": 3,
  "plodding": -2,
  "poco amabile": -2,
  "poco attraente": -2,
  "poco coinvolgente": -2,
  "poco convinta": -1,
  "poco cotti": -2,
  "poco originale": -2,
  "polemicamente": -2,
  "popolare": 3,
  "popolarità": 3,
  "porzione": 2,
  "positivamente": 2,
  "positivo": 2,
  "possessivo": -2,
  "possibilità": 2,
  "post traumatico": -2,
  "potente": 2,
  "potenziamento": 2,
  "potenziato": 1,
  "povero": -2,
  "povertà": -1,
  "prblm": -2,
  "prblms": -2,
  "preclusione": -2,
  "predatore": -2,
  "predilezione": 2,
  "preferiti": 2,
  "preferito": 2,
  "Preferito": 2,
  "prega": 1,
  "pregare": 1,
  "preghiere": 1,
  "pregiato": 2,
  "pregiudizio": -1,
  "premi": 3,
  "premiata": 2,
  "premio": 3,
  "preoccupante": -2,
  "preoccuparsi": -2,
  "preoccupato": -3,
  "preoccupazione": -3,
  "preoccupazioni": -3,
  "preparato": 1,
  "prepotente": -2,
  "presa": 2,
  "pressione": -1,
  "pressioni": -2,
  "prevenire": -1,
  "prevenzione": -1,
  "prigione": -2,
  "prigionieri": -2,
  "prigioniero": -2,
  "principale": 2,
  "privazione": -3,
  "privilegiato": 2,
  "privo di immaginazione": -2,
  "Proattiva": 2,
  "problema": -2,
  "problemi": -2,
  "profittatore": -2,
  "profitti": 2,
  "profitto": 2,
  "progresso": 2,
  "proibito": -2,
  "promessa": 1,
  "promesse": 1,
  "promesso": 1,
  "prominente": 2,
  "promossa": 1,
  "promuove": 1,
  "promuovere": 1,
  "prontamente": 1,
  "propaganda": -2,
  "propagandato": -2,
  "prosperità": 3,
  "prospero": 3,
  "prospettiva": 1,
  "prospettive": 1,
  "protegge": 1,
  "Protegge": 2,
  "proteggere": 1,
  "protesta": -2,
  "protestare": -2,
  "proteste": -2,
  "protetta": 1,
  "provoca": -1,
  "provocante": -1,
  "provocare": -1,
  "provocato": -1,
  "provocatorio": -1,
  "prudente": -1,
  "prudenza": 2,
  "pruriginoso": -2,
  "pseudoscienza": -3,
  "psicopatico": -2,
  "pugnalata": -2,
  "pulire": 1,
  "pulito": 2,
  "punendo": -2,
  "punire": -2,
  "punisce": -2,
  "punitivo": -2,
  "punito": -2,
  "punta di lancia": 2,
  "punti di forza": 2,
  "puntiglio": -2,
  "punto di riferimento": 2,
  "punto morto": -2,
  "puntura": -5,
  "può \"t stare in piedi": -3,
  "puro": 1,
  "purtroppo": -2,
  "puttana": -4,
  "puzza": -2,
  "puzzare": -2,
  "puzzava": -2,
  "puzzolente": -2,
  "qualità": 2,
  "questioni": 1,
  "rabbia": -2,
  "rabbioso": -2,
  "raccomanda": 2,
  "raccomandare": 2,
  "raffina": 1,
  "raffinare": 1,
  "raffinato": 1,
  "rafforza": 2,
  "rafforzare": 2,
  "rafforzato": 2,
  "raggiunge": 1,
  "raggiungendo": 1,
  "raggiungere": 1,
  "raggiunto": 1,
  "rallegrare": 2,
  "rallegrarsi": 4,
  "rammaricandosi": -2,
  "rammaricato": -2,
  "rammarico": -2,
  "ranter": -3,
  "Ranters": -3,
  "rapidamente": 2,
  "rapimenti": -2,
  "rapimento": 2,
  "rapinare": -2,
  "rapinatore": -2,
  "rapire": 3,
  "rapiti": 2,
  "rapito": -2,
  "rassegnato": -1,
  "rassicura": 1,
  "rassicurante": 2,
  "rassicurare": 1,
  "rassicurati": 1,
  "ratificata": 2,
  "rattristare": -2,
  "rattristato": -2,
  "ravvivare": 2,
  "razzismo": -3,
  "razzisti": -3,
  "razzistico": -3,
  "reagito in modo esagerato": -2,
  "realizzabile": 1,
  "realizzare": 2,
  "realizzazione": 2,
  "realizzazioni": 2,
  "reati": -2,
  "Reazione esagerata": -2,
  "recessione": -2,
  "reclusione": -2,
  "redditizio": 2,
  "regalo": 2,
  "regnante": 1,
  "relitto": -2,
  "repellente": -2,
  "reprimende": -2,
  "resistente": 2,
  "resistenza": 2,
  "respinge": -1,
  "respingendo": -1,
  "respingere": -1,
  "respinto": -1,
  "responsabile": 2,
  "responsabilità": 1,
  "responsabilizzazione": 2,
  "restaurato": 1,
  "restrittivo": -1,
  "rianimazioni": 2,
  "ribelle": -2,
  "ribelli": -2,
  "ribellione": -2,
  "ricattando": -3,
  "ricattato": -3,
  "ricatti": -3,
  "ricatto": -3,
  "riccamente": 2,
  "ricchezza": 3,
  "ricchi": 2,
  "ricco": 2,
  "richiesta": -1,
  "richieste": -1,
  "richiesto": -1,
  "ricompensa": 2,
  "ricompense": 2,
  "riconoscimento": 2,
  "ricoverato in ospedale": -2,
  "ride": 1,
  "ridere": 1,
  "rideva": 1,
  "ridicolo": -3,
  "ridotto": -2,
  "riesce": 3,
  "rifiuta": -2,
  "rifiutare": -1,
  "rifiutato": -2,
  "rifiuto": -1,
  "riflessivo": 2,
  "rigetti": -1,
  "rigetti in mare": -1,
  "rigorosamente": 3,
  "rigoroso": 3,
  "rilascio": 1,
  "rilassato": 2,
  "rilievi": 1,
  "rimandando": -1,
  "rimandare": -1,
  "rimorso": -2,
  "rimpianti": -2,
  "rimprovera": -3,
  "rimproverare": -2,
  "rimproverato": -2,
  "rimprovero": -2,
  "rimproverò": -3,
  "rinfrescante": 2,
  "ringraziare": 2,
  "rinvia": -1,
  "rinviare": -1,
  "rinviata": -1,
  "ripercussione": -2,
  "ripercussioni": -2,
  "riposante": 2,
  "ripristini": 1,
  "ripristino": 1,
  "ripugnante": -2,
  "ripugnanza": -3,
  "risata": 1,
  "riscattato": 2,
  "rischi": -2,
  "rischio": -2,
  "rischioso": -2,
  "risentito": -2,
  "risolto": 1,
  "risoluto": 2,
  "risoluzione": 2,
  "risolve": 2,
  "risolvere": 2,
  "risparmi": 1,
  "rispettata": 2,
  "rispetto": 2,
  "ristabilire": 1,
  "ritardare": -2,
  "ritardato": -1,
  "ritardo": -1,
  "ritiro": -1,
  "ritrovi": -1,
  "riuscito": 3,
  "rivendica": 2,
  "rivendicare": 2,
  "rivendicative": 2,
  "rivendicato": 2,
  "riverito": 2,
  "rivolta": -2,
  "roba forte": 3,
  "robing": -2,
  "Robs": -2,
  "robusto": 2,
  "rofl": 4,
  "Roflcopter": 4,
  "roflmao": 4,
  "romantical": 2,
  "romanticamente": 2,
  "romanza": 2,
  "romanzo": 2,
  "rosa": 1,
  "rotfl": 4,
  "rotflmfao": 4,
  "rotflol": 4,
  "rotto": -1,
  "rottura": -2,
  "rovinando": -2,
  "rovinare": -2,
  "rovinato": -2,
  "rovine": -2,
  "ruba": -2,
  "rubare": -2,
  "rumoroso": -1,
  "sabotaggio": -2,
  "saccheggio": -2,
  "saggezza": 1,
  "saliente": 1,
  "salire": 1,
  "saltellante": 2,
  "saluta": 1,
  "salutando": 2,
  "salutare": 2,
  "salutato": 1,
  "saluti": 2,
  "Saluti": 2,
  "saluto": 2,
  "salutò": 2,
  "salva vita": 4,
  "salvare": 2,
  "salvataggi": 2,
  "salvataggio": -2,
  "salvato": 2,
  "salvezza": 2,
  "sanguinoso": -3,
  "sapientemente": 2,
  "sarcastico": -2,
  "savange": -2,
  "savanges": -2,
  "sbaglia nella classificazione": -2,
  "sbagliare": -2,
  "sbagliato": -2,
  "sbaglio": -2,
  "sbalorditivo": 4,
  "sbalordito": 3,
  "sbattere": -2,
  "sbavatura": -2,
  "sbronzo": -4,
  "scadente": -2,
  "scagionare": 2,
  "scandali": -3,
  "scandalo": -3,
  "scandaloso": -3,
  "scaricati": -2,
  "scartare": -1,
  "scartato": -1,
  "scassinatore": -2,
  "scavalcato": -2,
  "scettici": -2,
  "scetticismo": -2,
  "scettico": -2,
  "scherzi": 2,
  "scherzo": 2,
  "scherzoso": 2,
  "schiaccia": -1,
  "schiacciamento": -1,
  "schiacciare": -1,
  "schiacciato": -2,
  "schianto": -2,
  "schiavi": -3,
  "schiavitù": -3,
  "schiavizza": -2,
  "schiavo": -3,
  "schiene": 1,
  "schifo": -2,
  "schifoso": -2,
  "schivando": -2,
  "sciatto": -2,
  "scintilla": 1,
  "scintillante": 3,
  "scintillare": 3,
  "scintille": 3,
  "scioccante": -2,
  "scioccato": -2,
  "sciocchi": -2,
  "sciocco": -1,
  "Sciocco": -2,
  "sciolto": -3,
  "scioperi": -1,
  "sciopero": -1,
  "scivolare": -1,
  "scomodo": -2,
  "scompare": -1,
  "scomparire": -1,
  "scomparso": -1,
  "sconfitto": -2,
  "scongiurato": -1,
  "sconnesso": -2,
  "sconsiderato": -2,
  "sconsolato": -2,
  "scontato": -1,
  "scontento": -2,
  "scontrarsi": -1,
  "scontro": -2,
  "scontroso": -2,
  "sconveniente": -2,
  "sconvolge": -2,
  "sconvolgente": -2,
  "scopata": -4,
  "scoppio": -2,
  "scoraggiato": -3,
  "screditare": -2,
  "screditato": -2,
  "scumbag": -4,
  "scusa": -1,
  "scusarsi": -1,
  "scusò": -1,
  "sdentato": -2,
  "seccato": -2,
  "sedizione": -2,
  "sedizioso": -2,
  "sedotto": -1,
  "segaiolo": -3,
  "semplicità": 1,
  "semplifica eccessivamente": -2,
  "semplificare troppo": -2,
  "semplificato": -2,
  "semplificazione": -2,
  "sempreverde": 2,
  "sempreverdi": 2,
  "sensazione": 1,
  "senza casa": -2,
  "senza cuore": -2,
  "senza esito": -2,
  "senza gioia": -2,
  "senza interruzioni": 2,
  "senza pari": 2,
  "senza pensieri": -2,
  "senza senso": -2,
  "senza sforzo": 2,
  "senza soluzione di continuità": 2,
  "senza speranza": -2,
  "senza successo": -2,
  "senza valore": -2,
  "senza vita": -1,
  "sequestri": -2,
  "sereno": 2,
  "serio": 2,
  "sessista": -2,
  "sexistic": -2,
  "sexy": 3,
  "sfavorevole": -2,
  "sfida": -1,
  "sfiduciato": -2,
  "sfocata": -2,
  "sfocato": -2,
  "sfondamento": 3,
  "sfortuna": -2,
  "sfortunato": -2,
  "sfruttando": -2,
  "sfruttare": -2,
  "sfruttati": -2,
  "sgradevole": -2,
  "sgradevolezza": -2,
  "sgridare": -2,
  "shithead": -4,
  "shock": -2,
  "shoody": -2,
  "sì": 1,
  "si comporta male": -2,
  "si espande": 1,
  "si estende": 1,
  "si lamenta": -2,
  "si nasconde": -1,
  "si scusa": -1,
  "sicurezza": 1,
  "sicuro": 2,
  "sicuro di sé": 2,
  "sigaretta": -3,
  "significativo": 2,
  "silenziamento": -1,
  "simpatia": 2,
  "simpatico": 3,
  "sincerest": 2,
  "sincerità": 2,
  "sincero": 3,
  "sinistro": -2,
  "sleale": -2,
  "slickest": 2,
  "slut": -5,
  "smarrisce": -2,
  "smentite": -2,
  "sminuire": -2,
  "sminuito": -2,
  "smog": -2,
  "snobba": -2,
  "snobbato": -2,
  "snubbing": -2,
  "soave": 2,
  "soddisfa": 2,
  "soddisfare": 2,
  "soddisfatto": 2,
  "sofferenza": -2,
  "soffocamento": -2,
  "soffocare": -2,
  "soffocata": -1,
  "soffocato": -1,
  "soffre": -2,
  "soffrire": -2,
  "sofisticato": 2,
  "sognare": 1,
  "sogni": 1,
  "solenne": -1,
  "solidarietà": 2,
  "solidifica": 2,
  "solidificare": 2,
  "solidificato": 2,
  "solidificazione": 2,
  "solido": 2,
  "solitario": -2,
  "sollevato": 2,
  "soluzione": 1,
  "soluzioni": 1,
  "somari": -4,
  "sono cari": 2,
  "sopravvissuto": 2,
  "sopravvivendo": 2,
  "sorge": 1,
  "sorprendente": 3,
  "sorridente": 2,
  "Sorrise": 2,
  "sorrisi": 2,
  "sorriso": 2,
  "sospendere": -1,
  "sospeso": -1,
  "sospettando": -1,
  "sospettare": -1,
  "sospetti": -1,
  "sospetto": -1,
  "sospiro": -2,
  "sosta": -1,
  "sostanziale": 1,
  "sostanzialmente": 1,
  "sostegno": 2,
  "sostenibile": 2,
  "sostenibilità": 1,
  "sostenitore": 1,
  "sostenitori": 1,
  "sostenuto": 2,
  "sottoperformato": -2,
  "sottostime": -1,
  "sottovaluta": -2,
  "sottovalutando": -1,
  "sottovalutare": -1,
  "sottovalutato": -1,
  "sovraccarico": -1,
  "Sovrappeso": -1,
  "sovversivo": -2,
  "spam": -2,
  "spammer": -3,
  "spamming": -2,
  "sparare": -1,
  "sparo": -2,
  "spavaldo": -2,
  "spaventato": -2,
  "spavento": -2,
  "spaventoso": -2,
  "spazioso": 1,
  "spazzatura": -1,
  "speculativo": -2,
  "spensierato": 1,
  "sperando": 2,
  "speranza": 2,
  "speranze": 2,
  "spergiuro": -3,
  "spericolato": -2,
  "sperpera": -2,
  "sperperare": -2,
  "sperperato": -2,
  "sperpero": -2,
  "spinoso": -2,
  "spirito": 1,
  "splendida": 3,
  "splendori": 3,
  "spogliare": -2,
  "sporcizia": -2,
  "sporco": -2,
  "sprecare": -2,
  "sprecato": -2,
  "spregevole": -2,
  "sprezzante": -2,
  "sproloqui": -3,
  "sproporzionato": -2,
  "squalificato": -2,
  "squisito": 3,
  "stabile": 2,
  "stalla": -2,
  "stallo": -2,
  "stanco": -2,
  "starnuti": -2,
  "starnutito": -2,
  "starnuto": -2,
  "stereotipato": -2,
  "stereotipo": -2,
  "stima": 2,
  "stimola": 1,
  "stimolante": 2,
  "stimolare": 1,
  "stimolato": 1,
  "stipsi": -2,
  "stolto": -2,
  "Stop": -1,
  "stordito": -2,
  "stranamente": -1,
  "strangolato": -2,
  "strano": -1,
  "strappato": -2,
  "straziante": -2,
  "stress": -1,
  "stressato": -2,
  "Stronzo": -4,
  "stufo": -3,
  "Stupefacente": 4,
  "stupidamente": -2,
  "stupidità": -3,
  "stupido": -2,
  "stupire": 3,
  "stupisce": 2,
  "stupito": 2,
  "stupratore": -4,
  "stupro": -4,
  "subdolo": -1,
  "subito": -2,
  "successivo": 3,
  "successo": 2,
  "successone": 3,
  "succhia": -3,
  "succhiacazzi": -5,
  "succhiare": -3,
  "succoso": -1,
  "sueing": -2,
  "Sues": -2,
  "suicida": -2,
  "suicidi": -2,
  "suicidio": -2,
  "super": 3,
  "superiore": 2,
  "supportato": 2,
  "supporti": 2,
  "supporto": 2,
  "supremo": 4,
  "svantaggiati": -2,
  "svantaggio": -2,
  "sventura": -2,
  "svista": -1,
  "tagli": -1,
  "tagliando": -2,
  "tagliare": -1,
  "taglio": -1,
  "talento": 2,
  "tangente": -3,
  "tangenti": -3,
  "tard": -2,
  "telai": -1,
  "telaio": -1,
  "temendo": -2,
  "temerario": 2,
  "temuta": -2,
  "tenerezza": 2,
  "tenero": 2,
  "tensione": -1,
  "teppismo": -2,
  "teppista": -2,
  "terribile": -2,
  "terribilmente": -3,
  "terrifically": 4,
  "terrore": -2,
  "terrorista": -2,
  "terroristi": -2,
  "terrorizza": -3,
  "terrorizzare": -3,
  "terrorizzati": -3,
  "terrorizzato": -3,
  "teso": -2,
  "tesori": 2,
  "Tesoro": 2,
  "testa di cazzo": -4,
  "testardo": -2,
  "tette": -2,
  "timido": -1,
  "timoroso": -2,
  "tipo": 0,
  "tiranni": -3,
  "tirannicamente": -3,
  "tirannico": -3,
  "tollerante": 2,
  "tolleranza": 2,
  "tomba": -2,
  "toporagno": -4,
  "tormentato": -2,
  "torto": -2,
  "tortura": -4,
  "torturando": -4,
  "torturati": -4,
  "torture": -4,
  "tossico": -3,
  "totalitario": -2,
  "totalitarismo": -2,
  "tout": -2,
  "touting": -2,
  "traballante": -2,
  "tradimento": -3,
  "tradire": -3,
  "tradisce": -3,
  "tradito": -3,
  "tragedia": -2,
  "tragedie": -2,
  "tragico": -2,
  "tranquillamente": 1,
  "tranquillo": 2,
  "trapelato": -1,
  "trappola": -1,
  "trappole": -1,
  "trascina": -1,
  "trascinare": -1,
  "trascinato": -1,
  "trascura": -2,
  "trascurando": -2,
  "trascurare": -2,
  "trascurato": -1,
  "trasgredire": -2,
  "trasgredisce": -2,
  "trasgredito": -2,
  "trattenere": -2,
  "trauma": -3,
  "traumatico": -3,
  "travestimenti": -1,
  "travestimento": -1,
  "travisa": -2,
  "travisamento": -2,
  "travisare": -2,
  "treasonous": -3,
  "tremante": -2,
  "tremare": -2,
  "tremito": -2,
  "tremore": -2,
  "tremori": -2,
  "tribolazione": -2,
  "trionfante": 4,
  "trionfo": 4,
  "triste": -2,
  "tristezza": -2,
  "troll": -2,
  "troppo intraprendente": -1,
  "truccato": -1,
  "trucchi": -3,
  "truce": -2,
  "truffa": -2,
  "truffare": -3,
  "truffati": -3,
  "truffatore": -4,
  "truffatori": -4,
  "truffe": -2,
  "trust": 1,
  "tumore": -2,
  "tumulto": -3,
  "tutta da scrivere": -2,
  "twat": -5,
  "tyran": -3,
  "tyrannic": -3,
  "ubriaco": -2,
  "uccide": -3,
  "uccidere": -3,
  "uccisione": -3,
  "ucciso": -3,
  "ugh": -2,
  "umano": 2,
  "umile": 1,
  "umiliato": -3,
  "umiliazione": -3,
  "umorismo": 2,
  "umoristico": 2,
  "una schifezza": -3,
  "una sola causa": -2,
  "una sorta": 0,
  "una vergogna": -2,
  "una volta nella vita": 3,
  "unappeasable": -2,
  "underperform": -2,
  "underperforming": -2,
  "underperforms": -2,
  "unfitted": -2,
  "unfunny": -2,
  "unificato": 1,
  "unintelligent": -2,
  "unito": 1,
  "unreleting": -2,
  "untarnished": 2,
  "urgente": -1,
  "urla": -2,
  "urlando": -2,
  "urlare": -2,
  "urlato": -2,
  "uscire fuori": -2,
  "utile": 2,
  "utilità": 2,
  "vacillare": -1,
  "vago": -2,
  "vanagloriosi": -2,
  "vanifica": -2,
  "vanificazione": -2,
  "vantaggi": 2,
  "vantaggio": 2,
  "vantaggiosamente": 2,
  "vantaggioso": 2,
  "vedova": -1,
  "veleni": -2,
  "veleno": -2,
  "veloce": 2,
  "vendetta": -2,
  "vendica": -2,
  "vendicare": -2,
  "vendicativo": -2,
  "vendicato": -2,
  "vendicatore": -2,
  "Vendicatori": -2,
  "venditore ambulante": -2,
  "verdetti": -1,
  "verdetto": -1,
  "vergogna": -2,
  "vergognoso": -2,
  "vero": 2,
  "vertiginoso": -1,
  "vestita": -2,
  "vetriolo": -3,
  "vibrante": 3,
  "vieta": -1,
  "vietare": -1,
  "vietato": -2,
  "vigile": 3,
  "vigliaccamente": -2,
  "vigore": 3,
  "vile": -3,
  "vincente": 4,
  "vincere": 4,
  "vincitore": 4,
  "vincitori": 3,
  "viola": -2,
  "violando": -2,
  "violare": -2,
  "violata": -2,
  "violato": -1,
  "violazione": -2,
  "violazioni": -2,
  "violentata": -4,
  "violentemente": -3,
  "violento": -3,
  "violenza": -3,
  "violenzacorrelato": -3,
  "virtuoso": 2,
  "virulento": -2,
  "visibilio": 2,
  "visionario": 3,
  "visione": 1,
  "visioni": 1,
  "visioning": 1,
  "vitalità": 3,
  "vitamina": 1,
  "vittima": -2,
  "vittime": -3,
  "vittimizza": -3,
  "vittimizzato": -3,
  "vittimizzazione": -3,
  "vittoria": 3,
  "vittorie": 4,
  "vivace": 3,
  "vividamente": 2,
  "vivo": 1,
  "viziato": -2,
  "vizioso": -2,
  "vociferante": -1,
  "volere": 1,
  "vomita": -3,
  "vomitato": -3,
  "vomito": -3,
  "vulnerabile": -2,
  "vulnerabilità": -2,
  "vuoto": -1,
  "warmhearted": 2,
  "winwin": 3,
  "woohoo": 3,
  "wooo": 4,
  "woow": 4,
  "Wow": 4,
  "wowow": 4,
  "wowww": 4,
  "WTF": -4,
  "wtff": -4,
  "wtfff": -4,
  "xo": 3,
  "xoxoxo": 4,
  "xoxoxoxo": 4,
  "yeees": 2,
  "zelante": 2,
  "zeloti": -2,
  "zoppo": -2
}