{
  "ääliö": -3,
  "äänekäs": -1,
  "ääriliikkeiden": -2,
  "äärimmäinen": -2,
  "aarre": 2,
  "aarteita": 2,
  "aave": -1,
  "aavemainen": -2,
  "absentees": -1,
  "absolves": 2,
  "acquits": 2,
  "adores": 3,
  "adoring": 3,
  "adoringly": 3,
  "affectionateness": 3,
  "aficionados": 2,
  "aggressiivinen": -2,
  "aggressiivisuus": -2,
  "aggressio": -2,
  "aggressioita": -2,
  "agonisoi": -3,
  "agonistisesti": -3,
  "ahdistava": -2,
  "ahdistelevaa": -3,
  "ahdistelu": -3,
  "ahdistettu": -1,
  "ahdisti": -2,
  "ahdistuksiin": -2,
  "ahdistunut": -3,
  "ahdistus": -3,
  "ahne": -2,
  "ahneus": -3,
  "aiheutetaan": -2,
  "aiheutettu": -2,
  "aiheuttaa": -2,
  "aiheuttamalla": -2,
  "aikaan": 2,
  "Aikaavievien": 2,
  "aikoo hyödyntää": 2,
  "aivastaa": -2,
  "aivastelu": -2,
  "aivasti": -2,
  "aivopesee": -2,
  "aivopesu": -3,
  "ajattelematon": -2,
  "ajoi": 2,
  "aktiivinen": 1,
  "alakynnessä": -2,
  "alarmists": -2,
  "aliarvioida": -1,
  "aliarviointi": -1,
  "aliarvioitu": -1,
  "alijäämä": -2,
  "alikypsennetty": -2,
  "alilaskutus": -2,
  "alin": -1,
  "alistunut": -1,
  "allerginen": -2,
  "ällistyttävä": 3,
  "ällöttävä": -3,
  "altistaa": -1,
  "alttius": -2,
  "älykäs": 2,
  "älykkäämpiä": 2,
  "ambivalentti": -1,
  "ampua": -1,
  "angers": -3,
  "ankarampia": -2,
  "ankarasti": -2,
  "ankarimmat": -2,
  "ansa": -1,
  "ansat": -1,
  "antaa anteeksi": 1,
  "antaa potkut": -2,
  "antaa sopimaton osa jklle": -2,
  "antagonistinen": -2,
  "anteeksi": 2,
  "Anteeksi": 2,
  "anteeksiantamaton": -2,
  "anteeksiantava": 1,
  "anteeksipyyntö": -1,
  "anteliaasti": 2,
  "antelias": 2,
  "anti": -1,
  "antoisa": 2,
  "apaattinen": -3,
  "apatia": -3,
  "apea": -2,
  "apeshit": -3,
  "apologizing": -1,
  "appeased": 2,
  "appeases": 2,
  "apurahat": 1,
  "arastella": -2,
  "arka": -2,
  "arkuus": 2,
  "armahdusta": 2,
  "armo": 1,
  "armollinen": 3,
  "arpi": -2,
  "arsehole": -4,
  "ärsyttää": -3,
  "ärsyttävä": -2,
  "ärsyttävyys": -2,
  "ärsyyntyneenä": -2,
  "ärsyyntynyt": -2,
  "ärtymys": -2,
  "ärtynyt": -3,
  "arvet": -2,
  "arvoinen": 2,
  "arvokas": 2,
  "arvokkuus": 2,
  "arvossa pidetty": 2,
  "arvostaa": 2,
  "arvostele": -2,
  "arvostelee": -2,
  "arvostella": -2,
  "arvosteltu": -2,
  "arvostelukyky": 2,
  "arvostettu": 2,
  "arvostus": 2,
  "arvoton": -2,
  "ase": -1,
  "asetetaan": -1,
  "asetetut": -1,
  "asia": 1,
  "asianmukaisesti": 2,
  "asiat": 1,
  "assfucking": -4,
  "asunnoton": -2,
  "au": -2,
  "auktoriteetti": 1,
  "aula": -2,
  "aura": 1,
  "auringonpaiste": 2,
  "autetaan": 2,
  "auttaa": 2,
  "autuas": 3,
  "autuus": 3,
  "Avenged": -2,
  "Avengers": -2,
  "avenges": -2,
  "averts": -1,
  "avioton": -3,
  "avoin": -1,
  "avuton": -2,
  "Backed": 1,
  "badness": -3,
  "bailout": -2,
  "Bamboozle": -2,
  "bamboozled": -2,
  "bamboozles": -2,
  "bankster": -3,
  "barbaari": -2,
  "barbaarinen": -2,
  "benefactors": 2,
  "bereaves": -2,
  "bereaving": -2,
  "Best damn": 4,
  "blah": -2,
  "boikotoida": -2,
  "boikotoivat": -2,
  "boikotteja": -2,
  "boosteja": 1,
  "braveness": 2,
  "Bravura": 3,
  "bribing": -3,
  "brilliances": 3,
  "brutto": -2,
  "bummer": -2,
  "charmless": -3,
  "chastised": -3,
  "chastises": -3,
  "chastising": -3,
  "chided": -3,
  "chides": -3,
  "chiding": -3,
  "clueless": -2,
  "cocksucker": -5,
  "cocksuckers": -5,
  "conciliates": 2,
  "consolable": 2,
  "contagions": -2,
  "controversially": -2,
  "courageousness": 2,
  "crazier": -2,
  "criminate": -3,
  "criminated": -3,
  "criminates": -3,
  "crushes": -1,
  "deadening": -2,
  "defrauds": -3,
  "dehumanisoinut": -2,
  "dehumanizes": -2,
  "dehumanizing": -2,
  "dejecting": -2,
  "dejects": -2,
  "delighting": 3,
  "demoralizes": -2,
  "denieri": -2,
  "deports": -2,
  "derails": -2,
  "derided": -2,
  "despairs": -3,
  "devastations": -2,
  "dilemma": -1,
  "dilligence": 2,
  "dipshit": -3,
  "direful": -3,
  "disconsolation": -2,
  "disgustful": -3,
  "diskontattu": -1,
  "disrespected": -2,
  "dont kuin": -2,
  "dreading": -2,
  "dupery": -2,
  "edelleenmyymisen": -2,
  "edistää": 1,
  "edistäminen": 1,
  "edistyminen": 2,
  "edullinen": 2,
  "edullisesti": 2,
  "edut": 2,
  "eery": -2,
  "eettinen": 2,
  "eheys": 2,
  "ehkäistä": -1,
  "ei": -1,
  "eihyväksytty": -2,
  "eitoivottu": -2,
  "ei hauskaa": -3,
  "ei hyvä": -2,
  "ei ole": -2,
  "ei toimi": -3,
  "ei toivottu": -2,
  "ei ymmärrä": -2,
  "eksyksissä": -2,
  "elämäniloinen": 4,
  "elävästi": 2,
  "elegantisti": 2,
  "elinvoima": 3,
  "elinvoimaisuus": 3,
  "eloisa": 3,
  "elossa": 1,
  "elossa oleva": 2,
  "eloton": -1,
  "elvyttää": 2,
  "embarrasses": -2,
  "empaattinen": 2,
  "energinen": 2,
  "engrossed": 1,
  "ennakointi": 1,
  "ennakoiva": 2,
  "ennätti": -2,
  "enraging": -2,
  "epäämisestä": -2,
  "epäeettinen": -2,
  "epäilemättä": -1,
  "epäili": -1,
  "epäillä": -1,
  "epäillään": -1,
  "epäilty": -1,
  "epäiltyjä": -1,
  "epäily": -2,
  "epäilyjä": -1,
  "epäilyksille": -1,
  "epäilystäkään": -2,
  "epäilyttävä": -2,
  "epäinhimillinen": -2,
  "epäinhimillistää": -2,
  "epäitsekäs": 2,
  "epäkunnioitus": -2,
  "epälooginen": -2,
  "epäluottamus": -3,
  "epäluuloinen": -3,
  "epämääräinen": -2,
  "epämiellyttävä": -2,
  "epämiellyttävyys": -2,
  "epämieluisa": -2,
  "epämukava": -2,
  "epämukavuus": -2,
  "epämuodostuma": -2,
  "epämuodostumia": -2,
  "epämuodostunut": -2,
  "epäoikeudenmukainen": -2,
  "epäoikeudenmukaisuus": -2,
  "epäonni": -2,
  "epäonnistua": -2,
  "epäonnistui": -2,
  "epäonnistumiset": -2,
  "epäonnistunut": -2,
  "epäonnistuu": -2,
  "epäparlamentaarinen": -2,
  "epäpätevä": -2,
  "epäpätevyys": -2,
  "epäpuhtaita": -2,
  "epäpuhtaudet": -2,
  "epäpuhtauksia": -2,
  "epäpuhtauksien": -2,
  "epärehellinen": -2,
  "epäreilu": -2,
  "epäröidä": -2,
  "epäröivä": -2,
  "epäselvä": -2,
  "epäsuositun": -2,
  "epäsuotuisa": -2,
  "epätasainen": -1,
  "epätäydellinen": -2,
  "epäterveellinen": -2,
  "epätieteellinen": -2,
  "epätodennäköinen": -1,
  "epätoivo": -3,
  "epätoivoinen": -3,
  "epätoivoissaan": -3,
  "epäuskoinen": -1,
  "epävakaa": -2,
  "epävarma": -1,
  "eräänlainen": 0,
  "erehdys": -1,
  "erillinen": -1,
  "erimielisyys": -2,
  "erinomainen": 3,
  "erinomaisuus": 3,
  "eripuraisuus": -2,
  "eroaa": -1,
  "eroava": -1,
  "erota": -1,
  "erottava": -2,
  "erottelee": -2,
  "ErrorWithTranslation": -3,
  "esimies": 2,
  "esittää väärässä valossa": -2,
  "esittely": -1,
  "estää": -1,
  "estäminen": -2,
  "estänyt": -1,
  "estävä": -2,
  "este": -2,
  "esteellinen": -2,
  "esteitä": -2,
  "estetty": -2,
  "esto": -1,
  "etsivän": 2,
  "etu": 2,
  "etuoikeutettu": 2,
  "eturintamassa": 1,
  "euforia": 3,
  "euforinen": 4,
  "evakuoi": -1,
  "evakuoida": -1,
  "evakuoinnissa": -1,
  "evakuointi": -1,
  "evakuoitiin": -1,
  "evergreening": -3,
  "exasparate": -2,
  "exhilarated": 3,
  "exultantly": 3,
  "Faker": -3,
  "faking": -3,
  "falling": -1,
  "fanaatikko": -2,
  "fantastinen": 4,
  "farssi": -1,
  "fasisti": -2,
  "fasistit": -2,
  "fatiguing": -2,
  "felonies": -3,
  "fiasko": -3,
  "fiksu": 1,
  "fiksuin": 2,
  "filantropia": 2,
  "flop": -2,
  "flops": -2,
  "flunssa": -2,
  "foobinen": -2,
  "foreclosures": -2,
  "frikin": -2,
  "frowning": -1,
  "ftw": 3,
  "fuckers": -4,
  "fuckface": -4,
  "fuckhead": -4,
  "fucktard": -4,
  "Fud": -3,
  "fuked": -4,
  "fuking": -4,
  "gagged": -2,
  "glamourous": 3,
  "goodwill": 3,
  "goofiness": -2,
  "gr8": 3,
  "green wash": -3,
  "greenwash": -3,
  "greenwasher": -3,
  "greenwashers": -3,
  "greenwashing": -3,
  "ha": 2,
  "häämötti": -1,
  "haaskaa": -2,
  "haastaa": -2,
  "haastaa oikeuteen": -2,
  "haastaja": -1,
  "haaste": -2,
  "häätö": -1,
  "haavoittumaton": 2,
  "haavoittuva": -2,
  "haha": 3,
  "hahaha": 3,
  "hahahah": 3,
  "häijy": -2,
  "häikäisevä": 3,
  "häiriintynyt": -2,
  "häiriö": -2,
  "häiriöihin": -2,
  "häiriöt": -2,
  "häiriötekijä": -2,
  "häiritä": -3,
  "häiritsee": -2,
  "häiritsevä": -2,
  "häiritseviä": -2,
  "häiritsi": -2,
  "haisee": -2,
  "haiseva": -2,
  "haista": -2,
  "haitallinen": -2,
  "haitannut": -2,
  "haitata": -2,
  "haitta": -2,
  "haittaavalla": -2,
  "häivytetty": -2,
  "hajoaa": -2,
  "hajota": -2,
  "hakkeroitu": -1,
  "halata": 2,
  "halauksia": 2,
  "halleluja": 3,
  "Hallitseva": 1,
  "halpamainen": -3,
  "haltioissaan": 2,
  "haltioitunut": 4,
  "haluaa": 1,
  "haluava": 2,
  "halukkuus": 2,
  "haluta": 1,
  "haluton": -2,
  "haluttu": 2,
  "halveksia": -2,
  "halveksittava": -2,
  "halveksiva": -2,
  "halventaa": -2,
  "hälytys": -1,
  "hämärä": -2,
  "hämillään": -2,
  "hämmästyksissään": 2,
  "hämmästynyt": 2,
  "hämmästyttää": 3,
  "hämmästyttävä": 4,
  "hämmästyttävän": 3,
  "hämmennys": -2,
  "hämmentävä": -2,
  "hämmentynyt": -2,
  "hampaaton": -2,
  "hankala": -2,
  "häpeä": -2,
  "häpeällinen": -2,
  "häpeämään": -2,
  "häpeäpaaluun": -2,
  "häpeissään": -2,
  "haplessness": -2,
  "hardier": 2,
  "harhaanjohtava": -3,
  "harjoituskokeet": -2,
  "harmaa": -1,
  "harmistunut": -2,
  "harmonia": 2,
  "harmoninen": 2,
  "harmonisesti": 2,
  "harms": -2,
  "harrastelijamainen": -2,
  "harried": -2,
  "hartaus": 2,
  "hassu": 1,
  "hätä": -2,
  "hätääntynyt": -1,
  "hating": -3,
  "hätkähdytti": -2,
  "hauska": 4,
  "hauskempi": 4,
  "hauta": -2,
  "hautajaiset": -1,
  "hautovan": -2,
  "häviäjä": -3,
  "hävittää": -2,
  "hävitys": -2,
  "heartwarming": 3,
  "heavyhearted": -2,
  "hedelmällinen": 2,
  "hedelmätön": -2,
  "hehe": 2,
  "heikensi": -2,
  "heikensivät": -1,
  "heikentää": -2,
  "heikentämättä": -2,
  "heikentyä": -2,
  "heikentynyt": -2,
  "heikkenee": -2,
  "heikkenevä": -2,
  "heikkeni": -2,
  "heikko": -2,
  "heikkoudet": -2,
  "heikkous": -2,
  "heikoimmin": -2,
  "heikommassa asemassa": -2,
  "heikompaa": -2,
  "heikosti": -2,
  "hellä": 2,
  "helmeilevä": 3,
  "helmi": 1,
  "helposti unohtuva": -1,
  "helpottunut": 2,
  "helppo": 1,
  "helppous": 2,
  "helvetillinen": -2,
  "helvetin": -4,
  "helvetin kuuma": 2,
  "helvetti": -4,
  "hengenpelastaja": 4,
  "hengetön": -2,
  "henkeäsalpaava": 5,
  "henki": 1,
  "henkirikokset": -2,
  "herättänyt": 1,
  "herjaava": -2,
  "herkkä": 2,
  "herkkäuskoinen": -2,
  "herkkuja": 3,
  "herkullinen": 3,
  "hermostuneesti": -2,
  "hermostunut": -2,
  "hermot": -1,
  "hidas": -2,
  "hidastaa": -2,
  "hieno": 2,
  "hienoin": 3,
  "hienoja juttuja": 3,
  "hienostunut": 2,
  "hiljentäminen": -1,
  "hilpeä": 1,
  "himoita": 1,
  "hirveä": -2,
  "hirveästi": -3,
  "hirvittävä": -3,
  "hiton": -3,
  "hoito": 2,
  "holtiton": -2,
  "hölynpöly": -2,
  "homo": -3,
  "houkutella": 2,
  "houkuttelee": 1,
  "houkutteleva": 1,
  "houkuttelevuutta": 2,
  "huijanneen": -3,
  "huijareiden": -4,
  "huijareita": -3,
  "huijari": -2,
  "huijata": -3,
  "huijataan": -2,
  "huijattu": -2,
  "huijauksia": -2,
  "huijauksiin": -3,
  "huijaus": -2,
  "huimapäinen": 2,
  "huiputtaa": -2,
  "hukkaa": -2,
  "hukkaan": -2,
  "hukkua": -2,
  "hukkunut": -2,
  "hukkuu": -2,
  "huligaani": -2,
  "huligaanit": -2,
  "huliganismi": -2,
  "hullaantunut": 2,
  "hullu": -3,
  "hulluin": -2,
  "hullut": -3,
  "hulluus": -3,
  "humalassa": -2,
  "humerous": 3,
  "humoristinen": 2,
  "humpuuki": -2,
  "huokaus": -2,
  "huolehtiva": 2,
  "huolellisesti": 2,
  "huolellisuus": 2,
  "huolestunut": -2,
  "huolestuttava": -3,
  "huolet": -3,
  "huoleton": 2,
  "huoli": -3,
  "huolimaton": -2,
  "huolissaan": -2,
  "huoliteltu": 2,
  "huomaavainen": 2,
  "huomattava": 2,
  "huomautusta": -2,
  "huomiotta": -2,
  "huono": -2,
  "huono kohtelu": -2,
  "huono onni": -2,
  "huono puoli": -2,
  "huonoenteinen": -2,
  "huonompi": -3,
  "huonomuistinen": -2,
  "huonontaa": -2,
  "huonontuneen": -2,
  "huonontunut": -3,
  "huonoon": -2,
  "huonosti": -2,
  "Huonosti toimivien": -2,
  "huora": -4,
  "hurmata": 3,
  "hurmio": 2,
  "hurmioitunut": 4,
  "Hurraa": 5,
  "hurraavat": 2,
  "hurrata": 2,
  "hutera": -2,
  "huumori": 2,
  "huutaa": -2,
  "huutava": -2,
  "huvi": 3,
  "huvittaa": 3,
  "huvittelu": 3,
  "huvittunut": 3,
  "hyi": -2,
  "hylätä": -1,
  "hylättiin": -1,
  "hylätty": -1,
  "hyljeksiä": -2,
  "hylkää": -2,
  "hylkäämiset": -2,
  "hylkäys": -2,
  "hylkivä": -2,
  "hymy": 2,
  "hymyilevä": 2,
  "hymyili": 2,
  "hymyt": 2,
  "hyödyllinen": 2,
  "hyödyllisyys": 2,
  "hyödynnetään": -2,
  "hyödyntää": -2,
  "hyödyntäminen": -2,
  "hyödytön": -2,
  "hyödytöntä": -2,
  "hyödyttää": 2,
  "hyökkää": -1,
  "hyökkäys": -1,
  "hyöty": 2,
  "hyötyjä": 2,
  "hyötyneet": 2,
  "hypnoottinen": 3,
  "hysteerinen": -3,
  "hysteerinen kohtaus": -3,
  "hysteria": -3,
  "hyvä": 3,
  "hyvää huomenta": 1,
  "hyväksyä": 2,
  "hyväksymättömiä": -2,
  "hyväksyminen": 2,
  "hyväksymisestä": 1,
  "hyväksyttävä": 1,
  "hyväksyttiin": 2,
  "hyväksytty": 1,
  "hyväksyy": 1,
  "hyvännäköinen": 3,
  "hyväntahtoinen": 3,
  "hyväntekeväisyys": 2,
  "hyväntekijä": 2,
  "hyväntuulinen": 2,
  "hyväuskoisuus": -2,
  "hyveellinen": 2,
  "Hyvin ajoi": 3,
  "hyvin kehittynyt": 2,
  "hyvin kohdennettuja": 2,
  "hyvinvointi": 2,
  "hyvyys": 3,
  "hyytävä": -1,
  "Icky": -3,
  "idiootti": -3,
  "ihailee": 3,
  "ihailla": 3,
  "ihaillen": 3,
  "ihaillut": 3,
  "ihana": 4,
  "ihanan": 4,
  "ihastus": 2,
  "ihme": 3,
  "ihmeellinen": 3,
  "Ihmiset": 1,
  "ihottuma": -2,
  "ikävä": -3,
  "ikävystyminen": -2,
  "ikionnellinen": 4,
  "ikivihreä": 2,
  "ikivihreitä": 2,
  "ilahduttaa": 3,
  "ilahduttava": 3,
  "ilahduttavan": 3,
  "ilkeä": -2,
  "ilkivalta": -1,
  "ilo": 3,
  "iloinen": 3,
  "iloisesti": 3,
  "iloisuus": 3,
  "iloita": 4,
  "iloitsee": 4,
  "iloton": -2,
  "imee": -3,
  "imeminen": -3,
  "imeytyy": 1,
  "immobilisoitu": -1,
  "immuuni": 1,
  "impeachments": -3,
  "impedingly": -2,
  "impotentti": -2,
  "impresses": 3,
  "incapacitates": -2,
  "incenses": -2,
  "incensing": -2,
  "indoktrinoi": -2,
  "indoktrinoida": -2,
  "inediable": -2,
  "infantiili": -2,
  "infantilized": -2,
  "infarktidementiasta": -2,
  "infektio": -2,
  "infektiot": -2,
  "infesting": -2,
  "infests": -2,
  "infracted": -2,
  "infracting": -2,
  "infracts": -2,
  "infuriates": -2,
  "inhimillinen": 2,
  "inho": -3,
  "inhoaa": -3,
  "inhosi": -2,
  "inhota": -3,
  "inhottava": -3,
  "inkvisitio": -2,
  "innoissaan": 2,
  "innoittava": 3,
  "innoittunut": 2,
  "innokas": 1,
  "innostaa": 2,
  "innostava": 2,
  "innostunut": 3,
  "innovaatio": 1,
  "innovatiivinen": 2,
  "innovoi": 1,
  "innovoida": 1,
  "insensitivity": -2,
  "inspiraatio": 2,
  "Inspires": 2,
  "intimidates": -2,
  "intohimo": 1,
  "intohimoinen": 2,
  "intransigency": -2,
  "invaasio": -1,
  "invaliditeettiin": -1,
  "ironia": -1,
  "ironinen": -1,
  "irrationaalinen": -1,
  "irvikuva": -2,
  "iski": -1,
  "iskuja": -2,
  "iskunvaimennussysteemi": -2,
  "iskut": -1,
  "iso": 1,
  "itkeä": -2,
  "itkee": -2,
  "itkenyt": -2,
  "itkevä": -2,
  "itsekäs": -3,
  "itsekkyys": -3,
  "itsemurha": -2,
  "itsemurhat": -2,
  "itsepäinen": -2,
  "itserakas": -2,
  "Itsesaastutuksen": -2,
  "itsevarma": 2,
  "itsevarmasti": 2,
  "ivallinen": -2,
  "ivata": -2,
  "jääneet": -2,
  "jääneiden": -2,
  "jääneillä": -2,
  "jackasses": -4,
  "jähmettynyt": 2,
  "jähmettyy": 2,
  "jakaa": 1,
  "jälkiistunto": -2,
  "jalo": 2,
  "jaloin": 2,
  "jalokiviä": 1,
  "jalostaa": 1,
  "jännittävä": 3,
  "jännittynyt": -2,
  "jännitys": 3,
  "järinä": -2,
  "järjestelmällinen": 2,
  "järjettömyys": -2,
  "järki": 2,
  "järkkymätön": 2,
  "järkyttää": -2,
  "järkyttävä": -2,
  "järkyttynyt": -2,
  "jätetään huomiotta": -2,
  "jättää": -1,
  "jättää huomiotta": -1,
  "jätteet": -1,
  "Jäykistymispiste": 2,
  "Jeesus": 1,
  "johtaa harhaan": -3,
  "johtava": 2,
  "johto": 1,
  "jonkinlainen": 0,
  "Joo": 1,
  "juhla": 3,
  "juhlallinen": -1,
  "juhlava": 2,
  "juhlia": 3,
  "juhlii": 3,
  "juhlittu": 3,
  "julma": -3,
  "julmuus": -3,
  "Jumala": 1,
  "jumaloida": 3,
  "junaan": -2,
  "juonittelusta": 1,
  "juridinen": 1,
  "juro": -2,
  "jurottaa": -1,
  "juuttunut": -2,
  "jymymenestys": 3,
  "kaaos": -2,
  "kaapattu": -2,
  "kaappaus": -2,
  "kaatopaikat": -1,
  "kaatopaikka": -1,
  "kaatuneet": -2,
  "kadehtii": -1,
  "kadota": -1,
  "kaikkialla läsnä oleva": 2,
  "kaiku": -2,
  "kaipaus": -1,
  "kaipuu": 1,
  "kalliisti": 3,
  "kallis": -2,
  "kalu": -4,
  "kamala": -2,
  "kammottava": -2,
  "kamppailee": -2,
  "kamppaili": -2,
  "kamppailut": -2,
  "kamppeet": -1,
  "kangaspuut": -1,
  "kannattajat": 1,
  "kannattava": 2,
  "kannella": -2,
  "kännissä": -4,
  "kannustaa": 2,
  "kannustanut": 1,
  "kannusti": 2,
  "kansankiihotus": -2,
  "kaoottinen": -2,
  "kapina": -2,
  "kapinallinen": -2,
  "kapinalliset": -2,
  "käräjöimishaluinen": -2,
  "karisma": 2,
  "karkaaminen": -1,
  "karkea": -2,
  "karkota": -2,
  "karkottaa": -2,
  "karkottaa maasta": -1,
  "karkotus": -2,
  "karkotusten": -2,
  "kärsi": -2,
  "kärsiä": -2,
  "kärsii": -2,
  "kärsijä": -2,
  "kärsimätön": -2,
  "kärsimys": -2,
  "karvaasti": -2,
  "kasaantua": -1,
  "käsittää väärin": -2,
  "käsittämätön": -2,
  "käsittelylaite": -1,
  "kasvaa": 1,
  "kasvaimet": 2,
  "kasvain": -2,
  "kasvatti": 1,
  "kasvu": 2,
  "katastrofaalinen": -3,
  "katastrofi": -2,
  "katastrofit": -2,
  "kateellinen": -2,
  "kateus": -1,
  "katkera": -2,
  "katkerimmat": -2,
  "katkeroitunut": -2,
  "kätki": -1,
  "katkoa": -2,
  "katkonainen": -2,
  "katoaa": -1,
  "katosi": -1,
  "kattava": 2,
  "katua": -2,
  "katumus": -2,
  "kauha": 3,
  "kauhea": -3,
  "kauhean": 4,
  "kauhistunut": -3,
  "kauhistuttava": -2,
  "kauhu": -3,
  "kauhuissaan": -3,
  "kauhusta kankea": -2,
  "kauneus": 3,
  "kauniisti": 3,
  "kaunis": 3,
  "kaunistaa": 3,
  "kaunottaret": 3,
  "kauttaviiva": -2,
  "kavallus": -3,
  "kävellä ulos": -2,
  "käynnistettiin": 1,
  "käyttäytyä huonosti": -2,
  "käyttäytyy huonosti": -2,
  "kehittynyt": 1,
  "kehitysvammainen": -2,
  "kehno": -3,
  "kehua": 3,
  "kehui": 2,
  "kehuu": 3,
  "keihäänkärki": 2,
  "keinotella": -2,
  "keinotteleva": -2,
  "keksitty": -1,
  "kelluva": 2,
  "kelvoton": -2,
  "kerran elämässä": 3,
  "keskeneräinen": -1,
  "keskeytetty": -2,
  "keskeyttää": -1,
  "keskeytykset": -2,
  "keskeytys": -2,
  "keskinkertaisuus": -3,
  "keskityttiin": 2,
  "kestävä": 2,
  "kestävällä": 2,
  "kestävyys": 2,
  "kidnappaukset": -2,
  "kidnappausten": -2,
  "kidutettu": -4,
  "kiduttaa": -4,
  "kiduttavat": -4,
  "kiehtoa": 3,
  "kiehtoi": 3,
  "kiehtoo": 3,
  "kielletään": -1,
  "kielletty": -2,
  "kiellot": -2,
  "kieltää": -2,
  "kieltäjät": -2,
  "kieltäminen": -2,
  "kieltävät": -2,
  "kieltäytyä": -2,
  "kieltäytyi": -2,
  "kieltäytyy": -2,
  "kiertelevät": -2,
  "kiihkeä": 1,
  "kiihkoilijat": -2,
  "kiihkoillen": -1,
  "kiihottaa": 3,
  "kiiltävä": 2,
  "kiinnostaa": 1,
  "kiinnostunut": 2,
  "kiinteytyä": 2,
  "kiintymys": 2,
  "kiireellinen": -1,
  "kiista": -2,
  "kiistää": -2,
  "kiistanalainen": -2,
  "kiistetty": -2,
  "kiitellä": 2,
  "kiitollinen": 3,
  "Kiitos": 2,
  "kiittää": 2,
  "kiittämätön": -3,
  "kilpailukykyinen": 2,
  "kilpailullisten": -2,
  "kimallus": 3,
  "kimaltelee": 3,
  "kimppuun": -1,
  "kinder": 2,
  "kipeä": -2,
  "kipinä": 1,
  "Kippis": 2,
  "kipu": -2,
  "kireä": -2,
  "kiristää": -3,
  "kiristäminen": -3,
  "kiristi": -3,
  "kiristykseltä": -3,
  "kirkas": 1,
  "kirkkain": 2,
  "kirkkaus": 1,
  "kirkui": -2,
  "kirkuu": -2,
  "kirkuva": -2,
  "kiroilua": -2,
  "kirottu": -2,
  "kirous": -1,
  "kirvelevä": 2,
  "kirves": -1,
  "kiskoilta": -2,
  "kiusaaminen": -2,
  "kiusallinen": -2,
  "Kiusallinen": -2,
  "kiusata": -2,
  "kiusattu": -3,
  "kiva": 3,
  "kodikkuus": 2,
  "koettelemus": -2,
  "kohokohta": 2,
  "kohtalokas": -3,
  "kohteliaisuuksia": 2,
  "kohteliaisuus": 2,
  "kohtelias": 2,
  "kolkko": -2,
  "komea": 3,
  "komedia": 1,
  "konflikti": -2,
  "konfliktit": -2,
  "konkurssi": -3,
  "konkurssiin": -3,
  "kontaminoivat": -2,
  "koominen": 1,
  "korjaamaton": -2,
  "korruptio": -3,
  "koruton": -2,
  "korviahuumaava": -1,
  "kostaa": -2,
  "kostaja": -2,
  "kosto": -2,
  "koston": -2,
  "kostonhimoinen": -2,
  "kostotoimien": -3,
  "kotiikävää tunteva": -2,
  "kova": -1,
  "köyhä": -2,
  "köyhdytetty": -2,
  "köyhempi": -2,
  "köyhimpien": -2,
  "köyhyys": -1,
  "kramppi": -1,
  "kreditoimaton": -1,
  "kriisi": -3,
  "kriitikko": -2,
  "kriitikot": -2,
  "kritiikki": -2,
  "kuin taivaan lahja": 4,
  "kukko": -5,
  "kulkukauppias": -2,
  "kulta": 2,
  "kuluminen": -1,
  "kulunut": -1,
  "kummajainen": -2,
  "kummitella": -1,
  "kummittelee": -1,
  "kummittelu": 1,
  "kumouksellinen": -2,
  "kunnia": 2,
  "Kunniamaininta": 2,
  "kunnianhimoinen": 2,
  "kunnianosoitus": 2,
  "kunnioitettava": 2,
  "kunnioitettu": 2,
  "kunnioittaminen": 2,
  "kunnioittamisena": 2,
  "kunnioitus": 2,
  "kunto": 1,
  "kuolema": -2,
  "kuolemantapaukset": -3,
  "kuolemantapaus": -3,
  "kuolematon": 2,
  "kuolemia": -2,
  "kuolettava": -3,
  "kuoleva": -3,
  "kuolla": -3,
  "kuolleisuutta": -2,
  "kuollut": -2,
  "kuristi": -2,
  "kuristimia": -2,
  "kurittaa": -3,
  "kurja": -3,
  "kurja juttu": -2,
  "kurjuus": -2,
  "kusipää": -4,
  "kusta": -4,
  "kutiava": -2,
  "kutsu": 1,
  "kuuluisa": 2,
  "kuuluisuus": 1,
  "kuulustellut": -2,
  "kuulusteluissa": -1,
  "kuume": -2,
  "kykenee": 1,
  "kykenemätön": -2,
  "kykenemättömyys": -2,
  "kyky": 2,
  "kyllä": 1,
  "kyllästynyt": -2,
  "kypsä": 2,
  "kyseenalainen": -2,
  "kyseenalaiseksi": -1,
  "kysyntä": -1,
  "kyvyt": 1,
  "kyvytön": -2,
  "kyyneleet": -2,
  "kyynikko": -2,
  "kyyninen": -2,
  "kyynisyys": -2,
  "laajenee": 1,
  "laajentaa": 1,
  "laatu": 2,
  "läheinen suhde": 2,
  "lahja": 2,
  "lahjakkuus": 2,
  "lahjoa": -3,
  "lahjoittaa": 2,
  "lahjoittamalla": 2,
  "lahjoitti": 2,
  "lahjoitus": 2,
  "lahjukset": -3,
  "lahjuksia": -3,
  "lahjusraha": -3,
  "läimäyttää": -2,
  "laiminlyö": -2,
  "laiminlyödä": -2,
  "laiminlyöty": -2,
  "lainatakauksina": 2,
  "laiska": -1,
  "laiton": -2,
  "laittomasti": -3,
  "laivaan": 1,
  "laji": 2,
  "lakkautettu": -1,
  "lakko": -1,
  "lakkoja": -1,
  "lama": -2,
  "lamauttama": -2,
  "lämmin": 1,
  "lämpö": 2,
  "lannistaa": -2,
  "lannistua": -2,
  "läpimurto": 3,
  "lapsellinen": -2,
  "laughting": 1,
  "lauseita": -2,
  "lawl": 3,
  "leikata": -1,
  "leikkaukset": -1,
  "leikkaus": -1,
  "leikkisä": 2,
  "lepyttää": 2,
  "leskeksi jäänyt": -1,
  "leuhka": -2,
  "levoton": -2,
  "levottomuus": -2,
  "lied": -2,
  "lievä": 1,
  "lievittää": 1,
  "liioitella": -2,
  "liioitellun": -2,
  "liioiteltu": -2,
  "liioittelee": -2,
  "liioitteleva": -2,
  "liioittelu": -2,
  "liittolainen": 2,
  "liittyä seuraan": 1,
  "lika": -2,
  "likainen": -2,
  "likaisimmat": -2,
  "likers": 2,
  "lippulaiva": 2,
  "lipsahdus": -1,
  "lisäämiseen": 1,
  "lisääntyä": 1,
  "lisääntynyt": 1,
  "liukas": 2,
  "liukaskielisistä": 2,
  "lmao": 4,
  "LMFAO": 4,
  "lobannut": -2,
  "lobbaajat": -2,
  "lobbaus": -2,
  "lobbisti": -2,
  "lohdullinen": 2,
  "lohduton": -2,
  "lohko": -1,
  "lohkot": -1,
  "loistava": 4,
  "loisto": 3,
  "lol": 3,
  "lolol": 4,
  "lololol": 4,
  "lolololol": 4,
  "lommo": -2,
  "lool": 3,
  "loool": 3,
  "looool": 3,
  "loukata": -2,
  "loukkaa": -2,
  "loukkaantuneena": -1,
  "loukkaantunut": -2,
  "loukkaavia": -2,
  "loukkasivat": -2,
  "loukkaus": -2,
  "loukussa": -2,
  "lovelies": 3,
  "löysä": -3,
  "luihu": -1,
  "lujatekoinen": 2,
  "lukutaidottomuus": -2,
  "lumoava": 3,
  "lumottu": 2,
  "lunastaa": 2,
  "lunastettaessa": -2,
  "luokitellut väärin": -2,
  "luonnollinen": 1,
  "luopua": -2,
  "luopuneet": -2,
  "luotettava": 2,
  "luotettavasti": 2,
  "luotettavuus": 2,
  "luotettu": 2,
  "luottaa": 1,
  "luottamus": 2,
  "luottavainen": 2,
  "luova": 2,
  "lupauksia": 1,
  "lupaus": 1,
  "lupsakka": 2,
  "lutka": -5,
  "luurata": -1,
  "luvattu": 1,
  "lyhytnäköinen": -2,
  "lyhytnäköisyys": -2,
  "lykätä": -1,
  "lykättiin": -1,
  "lykkää": -1,
  "lyöty": -2,
  "maailmanlopun": -2,
  "maamerkki": 2,
  "maanpetoksellisten": -3,
  "maanpetos": -3,
  "määrätä": -1,
  "määrätietoinen": 2,
  "määritetty": 2,
  "maastopuku": -2,
  "mahdollisuudet": 2,
  "mahdollisuus": 2,
  "mahdoton hyväksyä": -2,
  "mahtava": 4,
  "maine": 3,
  "mainostaa": -2,
  "mainostetut": -2,
  "makaaberi": -2,
  "makea": 2,
  "makeampi": 3,
  "maksaa": -1,
  "maksamatta": 5,
  "maksukyvytön": -2,
  "maksut": -2,
  "maladaption": -2,
  "maldevelopment": -2,
  "manipuloinnin": -2,
  "manipulointi": -1,
  "manipuloitu": -1,
  "marvels": 3,
  "masentava": -2,
  "masentava tyyppi": -2,
  "masentuneet": -2,
  "masentunut": -2,
  "mätä": -3,
  "mauton": -2,
  "melko": 1,
  "mellakat": -2,
  "mellakka": -2,
  "meluisa": -1,
  "memoriam": -2,
  "menestyä": 3,
  "menestyminen": 3,
  "menestys": 2,
  "menetetty": -3,
  "menettää": -3,
  "menetys": -3,
  "merkintä": 2,
  "merkittävä": 1,
  "merkittävästi": 1,
  "merkityksetön": -2,
  "merkitys": 1,
  "mestari": 2,
  "Mestarien": 2,
  "mestariteoksia": 4,
  "mestariteos": 4,
  "meteli": -3,
  "mieleen": 2,
  "mieleenpainuva": 1,
  "mielekäs": 2,
  "mielenkiintoinen": 2,
  "mielenosoittajia": -2,
  "mieletön": -2,
  "mielettömästi": -3,
  "mielihyvä": 2,
  "mielikuvituksellinen": 2,
  "mielikuvitukseton": -2,
  "mielipaha": -2,
  "miellyttävä": 2,
  "mieltä ylentävä": 2,
  "mieltään": -2,
  "mieltymys": 2,
  "mietiskelevä": 1,
  "mietteliäs": -1,
  "mirthful": 3,
  "mirthfully": 3,
  "misbehaved": -2,
  "misbranding": -3,
  "misclassifies": -2,
  "misclassify": -2,
  "misconducted": -2,
  "misconducting": -2,
  "misleaded": -3,
  "misplacing": -2,
  "misreport": -2,
  "misreports": -2,
  "misrepresents": -2,
  "mitä vittuu": -4,
  "mitäänsanomaton": -2,
  "mitali": 3,
  "moans": -2,
  "modernisoi": 2,
  "modernisoitu": 2,
  "moitteetta": 2,
  "moittia": -2,
  "mokasi": -3,
  "mongering": -2,
  "monimutkainen": 2,
  "monimutkaistaa": -2,
  "monopolisoida": -2,
  "monopolisoiva": -2,
  "monopolizes": -2,
  "monotoninen": -1,
  "moping": -1,
  "motivaatio": 1,
  "motivoida": 1,
  "motivoituneen": -2,
  "motivoitunut": 2,
  "motivoiva": 2,
  "mukaansatempaava": 2,
  "mukava": 2,
  "mukavasti": 2,
  "mukavuudet": 2,
  "mukavuus": 2,
  "mumpish": -2,
  "munaa": -4,
  "murhaaja": -2,
  "murhaamisesta": -3,
  "murhaava": -3,
  "murhat": -2,
  "murhata": -2,
  "murheellinen": -2,
  "murheen murtama": -2,
  "murskaava": -1,
  "murskata": -1,
  "murskattu": -2,
  "murtovaras": -2,
  "murtovarkaus": -2,
  "murtuminen": -2,
  "mustamaalataan": -2,
  "mustasukkainen": -2,
  "mustasukkaisuus": -2,
  "mutainen": -2,
  "myöhässä": -1,
  "myönnetty": 1,
  "myöntää": 1,
  "myöntäminen": 1,
  "myöntymättömyys": -2,
  "myötätunto": 2,
  "myötätuntoinen": 2,
  "myrkyllinen": -3,
  "myrkyt": -2,
  "myrkytetty": -2,
  "myrkyttää": -2,
  "myymättömät": -1,
  "myytti": -1,
  "n00b": -2,
  "naamioitu": -1,
  "naamiot": -1,
  "nähdä nälkää": -2,
  "nähtävyydet": 2,
  "naida": -4,
  "naiivi": -2,
  "näkemys": 1,
  "näkijä": 3,
  "näkymä": 1,
  "näkyvä": 2,
  "nälänhätä": -2,
  "nälkä": -2,
  "nälkää": -2,
  "nalkuttaja": -2,
  "namia": 3,
  "näppärä": 2,
  "napsahtaa": 1,
  "närkästynyt": -2,
  "närkästys": -2,
  "narsismi": -2,
  "narttu": -5,
  "nartut": -5,
  "nauraa": 1,
  "naurava": 1,
  "naurettava": -3,
  "nauroi": 1,
  "nautittava": 2,
  "nautti": 2,
  "nauttia": 2,
  "nauttii": 2,
  "negatiivinen": -2,
  "negatiivisuus": -2,
  "neiti": -2,
  "nekru": -5,
  "neuvokaa": -2,
  "neuvoton": -2,
  "neuvottelu": -1,
  "niggas": -5,
  "niukka": -2,
  "nolata": -2,
  "nolottaa": -2,
  "nopea": 2,
  "nopeasti": 2,
  "notkua": -2,
  "nousee": 1,
  "nousta": 1,
  "nöyrä": 1,
  "nöyryytetään": -3,
  "nöyryytys": -3,
  "nuhteli": -2,
  "nuhtelu": -2,
  "nuhtelua": -2,
  "nuorekas": 2,
  "nurkkaan": -2,
  "nykyaikaistaa": 2,
  "nykyaikaistaminen": 2,
  "nyyppä": -2,
  "odotettu": -1,
  "odottaa": -1,
  "offensively": -2,
  "offline": -1,
  "ohitettavista": -1,
  "Oho": -2,
  "oikea suunta": 3,
  "oikeaksi": 2,
  "oikeudellisesti": 1,
  "oikeudenkäynti": -1,
  "oikeudenmukainen": 2,
  "oikeudenmukaisuus": 2,
  "oikeusjuttu": -2,
  "oikeusjuttuja": -2,
  "oikeutettu": 1,
  "oikeutetusti": 2,
  "OKS": 2,
  "oksensi": -3,
  "oksentaa": -3,
  "oksentelu": -3,
  "oksymoron": -1,
  "Ole hyvä": 1,
  "olla eri mieltä": -2,
  "olla kiusana jssk": -2,
  "olla samaa mieltä": 1,
  "omahyväinen": -2,
  "omaksua": 1,
  "ominaisuudet": 2,
  "omistautuminen": 2,
  "omistautunut": 3,
  "omistushaluinen": -2,
  "omituisesti": -1,
  "on esteenä": -2,
  "ongelma": -2,
  "ongelmia": -2,
  "onnea": 2,
  "onnekas": 2,
  "onneksi": 2,
  "onnellinen": 3,
  "onnellisin": 3,
  "onnellisuus": 3,
  "onneton": -2,
  "onnettomat": -2,
  "onnettomuudet": -2,
  "onnettomuuksia onnettomuuksien": -1,
  "onnettomuus": -2,
  "onnettomuutta": -2,
  "onni": 3,
  "onnistuneesti": 3,
  "onnistuneet": 3,
  "onnistunut": 3,
  "onnistuu": 3,
  "onnitella": 2,
  "onnittelu": 2,
  "Onnittelut": 2,
  "ontto": -1,
  "ontuva": -2,
  "oppimaton": -2,
  "optimismi": 2,
  "optimistinen": 2,
  "optionless": -2,
  "orja": -3,
  "orjia": -3,
  "orjuus": -3,
  "orjuutettu": -2,
  "orjuuttaa": -2,
  "osaaminen": 1,
  "osakkeiden": 1,
  "osoittaa oikeaksi": 2,
  "ostracizes": -2,
  "ottamatta huomioon": -2,
  "outmaneuvered": -2,
  "outo": -1,
  "ovela": -2,
  "overreaction": -2,
  "overreacts": -2,
  "overselling": -2,
  "oversells": -2,
  "päällekäyvä": -1,
  "päänsärky": -2,
  "paasaus": -3,
  "päästäinen": -4,
  "päästäisiin": 1,
  "pääsy": 1,
  "päätöslauselma": 2,
  "päättämätön": -2,
  "päättäväinen": 2,
  "paeta": -1,
  "paha": -3,
  "pahaenteinen": 3,
  "pahamaineinen": -2,
  "pahantuulinen": -2,
  "paheksunta": -2,
  "paheksuu": -2,
  "pahenee": -3,
  "paheneminen": -3,
  "pahentaa": -3,
  "pahin": -3,
  "pahis": -3,
  "pähkinät": -3,
  "pahoillaan": -2,
  "pahoinpitelyt": -2,
  "pahoittelee": -2,
  "pahoitteli": -3,
  "pahoittelut": -2,
  "paine": -1,
  "painostettiin": -2,
  "paisunut": -1,
  "pakenee": -1,
  "pakko": -2,
  "pakkomielle": 2,
  "pakokauhu": -2,
  "pakollinen": -1,
  "pakotettu": -2,
  "palautetaan": 1,
  "palautettu": 1,
  "palauttaa": 1,
  "palauttaminen": 1,
  "palava": 2,
  "paljastaa": -1,
  "paljastaen": -1,
  "palkinnot": 3,
  "palkinto": 2,
  "palkintoja": 2,
  "palkitaan": 2,
  "palkittiin": 3,
  "palvoivat": 3,
  "palvonta": 3,
  "palvottu": 3,
  "panics": -3,
  "paniikin aiheuttaja": -2,
  "paniikki": -3,
  "paniikkiin": -3,
  "panna väärään paikkaan": -2,
  "paradoksi": -1,
  "paranee": 2,
  "parannus": 2,
  "parantaa": 2,
  "parantaminen": 2,
  "parantunut": 2,
  "paratiisi": 3,
  "paremmin": 2,
  "parhaat": 3,
  "paska": -3,
  "paskapää": -4,
  "paskapuhe": -4,
  "paskiainen": -4,
  "paskiaiset": -5,
  "passiivinen": -1,
  "passiivisesti": -1,
  "pätevä": 2,
  "peikko": -2,
  "peitellä": -3,
  "peitetään": -1,
  "peittää": -1,
  "pelastaa": 2,
  "pelastettiin": 2,
  "pelastus": 2,
  "pelästynyt": -2,
  "pelästyttää": -2,
  "pelätä": -2,
  "peläten": -2,
  "pelätty": -2,
  "pelin muuttuvan": 3,
  "pelko": -2,
  "pelkuri": -2,
  "peloissaan": -2,
  "pelotella": -2,
  "peloteltu": -2,
  "peloton": 2,
  "pelottava": -2,
  "pelottavan": -2,
  "pelottomuus": 2,
  "perättömästi": -2,
  "perhe": 2,
  "perkele": -4,
  "perse": -4,
  "perusteltu": 2,
  "peruttu": -1,
  "peruuttaa": -1,
  "peruuttamalla": -1,
  "peruuttamaton": -1,
  "peruuttamattomasti": -1,
  "perverssi": -3,
  "pessimismi": -2,
  "pessimistinen": -2,
  "petkutus": -2,
  "petokset": -4,
  "petollinen": -3,
  "petollisuus": -4,
  "petos": -3,
  "pettää": -2,
  "pettäjä": -3,
  "pettäminen": -3,
  "petti": -3,
  "pettymyksen": -2,
  "pettymyksiä": -2,
  "pettymys": -2,
  "pettynyt": -2,
  "pidätetty": -2,
  "pidättää": -2,
  "pidätyksiä": -2,
  "pidätys": -2,
  "pidentää": 1,
  "piilossa": -1,
  "piilottaa": -1,
  "piittaamattomuus": -2,
  "pikee": -2,
  "pilaa": -2,
  "pilaama": -2,
  "pilaantunut": -2,
  "pilalla": -2,
  "pilata": -2,
  "pilkata": -2,
  "pilkaten": -2,
  "pilkattu": -2,
  "pilkka": -2,
  "pilkkaa": -2,
  "pilttuu": -2,
  "pimeys": -1,
  "piristi": 2,
  "pirteä": 3,
  "pirun hyvä": 4,
  "pirun söpö": 3,
  "pissing": -3,
  "pistää": -2,
  "pitää": 2,
  "pitivät": 2,
  "plodding": -2,
  "poisheitetyt": -1,
  "poisheittämisen": -1,
  "poissa": -1,
  "poissa tolaltaan": -2,
  "poissaolija": -1,
  "pölkkypää": -4,
  "polkumyynnillä": -2,
  "pommi": -1,
  "porausreikä": -2,
  "positiivinen": 2,
  "positiivisesti": 2,
  "posttraumaattinen": -2,
  "potkut": -2,
  "pöyristyttävä": -3,
  "prblm": -2,
  "prblms": -2,
  "preparaatti": -2,
  "propaganda": -2,
  "protestit": -2,
  "protestoida": -2,
  "protestointi": -2,
  "provosoi": -1,
  "provosoida": -1,
  "pseudoscience": -3,
  "psykopaattinen": -2,
  "pudota": -1,
  "puhdas": 2,
  "puhdistettu": 1,
  "puhkeaminen": -2,
  "puhkeamisen": -2,
  "puhtain": 1,
  "pulaa": -2,
  "puolueellinen": -2,
  "puolueellisuus": -1,
  "puolueeton": 2,
  "puolustaja": 2,
  "puolustajia": 2,
  "puolustuskyvytön": -2,
  "purkaa": 1,
  "putosi": -1,
  "puukottaa": -2,
  "puukotti": -2,
  "puute": -3,
  "puutteellinen": -2,
  "puutteet": -2,
  "puutteita": -2,
  "puuttuva": -2,
  "pyörryksissä": -1,
  "pysähtymättä": -1,
  "pysähtyminen": -2,
  "pysähtynyt": -2,
  "pysähtyy": -1,
  "pysäytetty": -1,
  "pyydä anteeksi": -1,
  "raadanta": -2,
  "raahata": -1,
  "raakaöljy": -1,
  "rageful": -2,
  "raiskaaja": -4,
  "raiskata": -4,
  "raiskattu": -4,
  "raitistaa": 1,
  "raivo": -2,
  "raivoissaan": -2,
  "raivostunut": -3,
  "raivostuttaa": -2,
  "raivostuttava": -2,
  "rajallinen": -1,
  "rajoitettu": -2,
  "rajoittaa": -2,
  "rajoittaminen": -2,
  "rajoittava": -1,
  "rajoittavat": -2,
  "rajoitus": -2,
  "rajoja": -1,
  "rakas": 2,
  "rakastaa": 3,
  "rakastava": 2,
  "rakastava ystävällisyys": 3,
  "rakastettava": 3,
  "rakastettu": 3,
  "rakeet": 2,
  "rakkaus": 3,
  "rangaista": -2,
  "rangaistaan": -2,
  "rangaistuksen": -2,
  "rangaistus": -2,
  "rankaisee": -2,
  "rankaisemaan": -2,
  "rankaisematta": -2,
  "ranter": -3,
  "ranters": -3,
  "rants": -3,
  "rasismi": -3,
  "rasistinen": -3,
  "rasistit": -3,
  "rasittaa": -2,
  "rasittavat": -2,
  "rasitteita": -2,
  "raskauttava": -2,
  "ratifioitu": 2,
  "ratkaisee": 1,
  "ratkaisematta": -1,
  "ratkaiseminen": 1,
  "ratkaisemiseen": 2,
  "ratkaiseva": 1,
  "ratkaista": 1,
  "ratkaistu": 2,
  "ratkaisu": 1,
  "ratkaisut": 1,
  "rauennut": -1,
  "rauha": 2,
  "rauhallinen": -2,
  "rauhallisesti": 2,
  "rauhoittaa": 3,
  "rauhoittava": 2,
  "rauhoitteli": 3,
  "rauhoittui": 2,
  "raukkamainen": -2,
  "rauniot": -2,
  "rehellinen": 2,
  "reipas": 2,
  "reliefejä": 1,
  "relishing": 2,
  "rento": 2,
  "revitty": -2,
  "riemastuttaa": 3,
  "riemu": 3,
  "riemuissaan": 3,
  "riemuitsivat": 4,
  "riemukas": 3,
  "riemullinen": 3,
  "riiata": 3,
  "riidanalainen": -2,
  "riidat": -2,
  "riippuvainen": 2,
  "riistää jklta jtk": -2,
  "riita": -2,
  "riittämätön": -2,
  "riittämättömästi": -2,
  "riittämättömyys": -2,
  "riittävä": 1,
  "rikas": 2,
  "rikkaus": 3,
  "rikki": -1,
  "rikkoa": -2,
  "rikkoi": -1,
  "rikkominen": -2,
  "rikkomisesta": -2,
  "rikkomukset": -2,
  "rikkomuksia": -2,
  "rikkomus": -2,
  "rikkonut": -2,
  "rikkonutta": -2,
  "rikkoo": -2,
  "rikkoutumaton": 2,
  "rikoksentekijä": -2,
  "rikollinen": -3,
  "rikollisia": -3,
  "rikollisuus": -3,
  "rikosten": -2,
  "rikotaan": -2,
  "riskejä": -2,
  "riski": -2,
  "riskialtis": -2,
  "ristiriitainen": -2,
  "ristiriitoja": -2,
  "risukimppuina": -3,
  "robed": -2,
  "robing": -2,
  "Robs": -2,
  "ROFL": 4,
  "roflcopter": 4,
  "roflmao": 4,
  "rohkaiseva": 2,
  "rohkaisu": 2,
  "rohkea": 2,
  "rohkeasti": 2,
  "rohkeus": 2,
  "romaani": 2,
  "romahdus": -2,
  "romahtaa": -2,
  "romahtanut": -2,
  "romanssi": 2,
  "romantical": 2,
  "romanttisesti": 2,
  "roska": -1,
  "roskapostin": -2,
  "roskapostittaja": -3,
  "roskapostittajia": -3,
  "rosvo": -2,
  "rotfl": 4,
  "rotflmfao": 4,
  "rotflol": 4,
  "rukoilee": 1,
  "rukoileva": 1,
  "rukoilla": 1,
  "ruma": -3,
  "rumuus": -3,
  "runkkari": -3,
  "runsaasti": 2,
  "ruumis": -1,
  "ruusu": 1,
  "ruuvattu": -2,
  "ryöstää": -2,
  "ryöstely": -2,
  "saada": 2,
  "saadut": 2,
  "säädytön": -2,
  "sääli": -2,
  "säälimätön": -1,
  "saalistus": -2,
  "säälittävä": -2,
  "saamassa": 2,
  "saarto": -2,
  "saasta": -2,
  "saaste": -2,
  "säästöt": 1,
  "saastuminen": -2,
  "saastumista": -2,
  "saastuneiden": -2,
  "saastunut": -2,
  "saastuttaa": -2,
  "saastuttaja": -2,
  "saastuttajat": -2,
  "saavutettavissa": 1,
  "saavutettujen": 1,
  "saavuttaa": 1,
  "saavuttanut": 1,
  "saavutukset": 2,
  "sabotoida": -2,
  "sähkökatkos": -2,
  "säikähdys": -2,
  "säilytti": -1,
  "sairaalahoidossa": -2,
  "sairas": -2,
  "sairastuneille": -2,
  "sairaudet": -2,
  "sairaus": -2,
  "sakkoja": -2,
  "salaista": -3,
  "salakuljetetaan": -2,
  "salakuljettaa": -2,
  "salakuljetus": -2,
  "salaliitto": -3,
  "salamurha": -3,
  "salamurhat": -3,
  "sallia": 1,
  "sankareita": 2,
  "sankari": 2,
  "sankarillinen": 3,
  "sarkastinen": -2,
  "särky": -2,
  "särkyneet": -2,
  "sateinen": -1,
  "sattuu": -2,
  "satumainen": 4,
  "satumaisen": 4,
  "satunnainen": -2,
  "satuttaa": -2,
  "saumaton": 2,
  "saumattomasti": 2,
  "savange": -2,
  "savanges": -2,
  "savuava": -2,
  "savusumu": -2,
  "seesteinen": 2,
  "seikkailu": 2,
  "seikkailuja": 2,
  "seikkailunhaluinen": 2,
  "seisokkien": -2,
  "sekaisin": -2,
  "sekava": -2,
  "sekoittaa": -2,
  "seksikäs": 3,
  "seksistinen": -2,
  "selfharhaan": -2,
  "selkä": 1,
  "selkäsauna": -1,
  "selkeys": 2,
  "selvä": 1,
  "selvästi": 1,
  "selventää": 2,
  "selvitetty": 1,
  "selvittämään": 1,
  "selviytyi": 2,
  "sensuroi": -2,
  "sensuroida": -2,
  "sensuroitu": -2,
  "sentähden": -2,
  "seurauksia": -2,
  "sexistic": -2,
  "shoody": -2,
  "siepata": -2,
  "siepattu": -2,
  "sieppaukset": -2,
  "sieppaus": -2,
  "sietämätön": -2,
  "siirtokunnat": 1,
  "siivooja": 2,
  "silvottu": -2,
  "singleminded": -2,
  "sisäisesti ristiriitaisia": -2,
  "sitkeä": 2,
  "sitoa": 1,
  "sitoutua": 1,
  "sitoutuminen": 2,
  "sitoutunut": 1,
  "sitoutuu": 1,
  "siunaa": 2,
  "siunata": 2,
  "siunaukset": 3,
  "siunaus": 3,
  "sivistymätön": -2,
  "sivuvaikutukset": -2,
  "sivuvaikutus": -2,
  "skandaali": -3,
  "skandaalit": -3,
  "skeptikko": -2,
  "skeptikot": -2,
  "skeptinen": -2,
  "skeptisyys": -2,
  "slashing": -2,
  "slicker": 2,
  "slumping": -1,
  "snubbed": -2,
  "snubs": -2,
  "sodankäynti": -2,
  "sokea": -1,
  "solidaarisuus": 2,
  "solvauksia": -2,
  "son of a bitch": -5,
  "sopia jhk": 2,
  "sopimaton": -2,
  "sopimus": 1,
  "sopiva": 2,
  "söpö": 2,
  "sopusuhtainen": 2,
  "sorja": 2,
  "sorrettu": -2,
  "sortaa": -3,
  "sorto": -2,
  "sortoa": -2,
  "sortumisten": -2,
  "sota": -2,
  "sotku": -2,
  "sovelias": 2,
  "sovinnollinen": 2,
  "sovitella": 2,
  "sovittaa": 1,
  "sovittamaan": 2,
  "sovittu": 1,
  "spam": -2,
  "squelched": -1,
  "stank": -2,
  "starves": -2,
  "stereotyyppi": -2,
  "stereotyyppisiä": -2,
  "stimuloi": 1,
  "stimuloida": 1,
  "stimuloiva": 2,
  "stinked": -2,
  "Stop": -1,
  "stout": 2,
  "stressaantunut": -2,
  "stressi": -1,
  "stressitekijästä": -2,
  "stressitekijöitä": -2,
  "strikers": -2,
  "stupidly": -2,
  "sueing": -2,
  "sues": -2,
  "suhtautua liian vakavasti": -2,
  "suhtautuu": 2,
  "suhteeton": -2,
  "suhteissa": 2,
  "suihku": -3,
  "suistua kiskoilta": -2,
  "suitsuke": -2,
  "sulava": 2,
  "sulkea": -1,
  "sulkemiseen": -2,
  "sulking": -2,
  "suloisin": 3,
  "sumea": -1,
  "suojattu": 1,
  "suojelee": 1,
  "suojella": 1,
  "suoraan": 1,
  "suorittaa": 2,
  "suoritus": 2,
  "suosi": 2,
  "suosia": 2,
  "suosii": 2,
  "suosikit": 2,
  "suosikki": 2,
  "suosikkilistalleen": 2,
  "Suosikkilistattu": 2,
  "suosio": 3,
  "suosionosoitukset": 2,
  "suosiotaan": 2,
  "suositella": 2,
  "suositeltava": 1,
  "suosittelee": 2,
  "suosittu": 3,
  "suostumus": 2,
  "suostuu": 1,
  "suotuisa": 2,
  "suotuisasti": 2,
  "Super": 3,
  "supistus": -2,
  "surettaa": -2,
  "sureva": -2,
  "suri": -2,
  "surkeasti": -3,
  "surmattu": -3,
  "surra": -2,
  "suru": -2,
  "suruaika": -2,
  "surullinen": -2,
  "surumielinen": -2,
  "surut": -2,
  "suudella": 2,
  "suukapula": -2,
  "suunniltaan": -2,
  "suunnitelmallisesti": 2,
  "suurempi": 3,
  "suuri": 3,
  "suurin": 3,
  "suutari": -2,
  "suuttunut": -2,
  "suututtaa": -3,
  "suututti": -3,
  "suvaitseva": 2,
  "sydämellinen": 3,
  "sydäntäsärkevä": -3,
  "sympaattinen": 2,
  "synkkä": -2,
  "synkkyys": -1,
  "synnit": -2,
  "synti": -2,
  "syntiä": -2,
  "syntinen": -3,
  "syntipukkeja": -2,
  "syntipukki": -2,
  "syöpä": -1,
  "syrjäyttämisen": -1,
  "syrjäytyminen": -1,
  "syrjiä": -2,
  "syrjitty": -2,
  "syrjivä": -2,
  "syyllinen": -3,
  "syyllistää": -3,
  "syyllistynyt": -2,
  "syyllisyys": -3,
  "syyte": -1,
  "syytettä": -1,
  "syytetty": -2,
  "syytöksiä": -2,
  "syytös": -2,
  "syyttää": -2,
  "syyttäen": -2,
  "syytteeseen": -2,
  "syyttely": -2,
  "syytti": -2,
  "taakka": -2,
  "tahaton": -2,
  "tahraton": 2,
  "taistelee": -2,
  "taistelevat": -2,
  "taisteli": -1,
  "taistella": -1,
  "taistelu": -1,
  "taistelulajit": -1,
  "taistelut": -1,
  "taitamaton": -2,
  "taitamattomuus": -2,
  "taitava": 2,
  "taivaallinen": 4,
  "taivas": 2,
  "takuu": 1,
  "tallennettu": 2,
  "tallentaa": 2,
  "tämä vapauttaa": 2,
  "tappaa": -3,
  "tappaminen": -3,
  "tappava": -2,
  "tappiot": -3,
  "tappo": -2,
  "taputtaa": 2,
  "tard": -2,
  "tärkeä": 2,
  "tarkoituksenmukainen": 2,
  "tarnished": -2,
  "tarttumasta": -2,
  "tarttuva": -2,
  "tartunnan": -2,
  "tartunta": -2,
  "tartuttaa": -2,
  "tarvike": -2,
  "tasapainoinen": 1,
  "tausta": 2,
  "tauti": -1,
  "täydellinen": 3,
  "täydelliseksi": 2,
  "täydellisesti": 3,
  "täydellisyys": 3,
  "täytä": 2,
  "täyttää": 2,
  "täyttymätön": -2,
  "täyttymys": 2,
  "täyttyvät": 2,
  "teeskennellä": -1,
  "teeskennellen": -1,
  "teeskentelee": -1,
  "tehdä vaikutus": 3,
  "tehokas": 2,
  "tehokkaasti": 2,
  "tehokkuuden": 2,
  "tehoton": -2,
  "tehottomasti": -2,
  "tehottomuus": -2,
  "tekijöinä": -2,
  "tekopyhä": -2,
  "tekosyy": -1,
  "temmataan": 2,
  "terrorisoi": -3,
  "terrorisoida": -3,
  "terrorisoivat": -3,
  "terroristi": -2,
  "terroristit": -2,
  "terve": 2,
  "tervehdittiin": 2,
  "tervehdys": 2,
  "tervehti": 1,
  "tervehtiä": 1,
  "tervehtiä suosionhuudoin": 2,
  "tervehtii": 2,
  "terveisiä": 2,
  "Tervetuloa": 2,
  "thwarts": -2,
  "tietämätön": -2,
  "tietämättömyys": -2,
  "tietty": 1,
  "tilaisuus": 2,
  "tilava": 1,
  "tilitys": 1,
  "timantti": 1,
  "tinkiä": 2,
  "tissit": -2,
  "tiukasti": 3,
  "tiukka": 3,
  "toimenpide rajoittaa": -2,
  "toimettomuus": -2,
  "toimintahäiriö": -2,
  "toisaalle": -1,
  "toistettavuus": -2,
  "toive": 1,
  "toiveet": 1,
  "toiveikas": 2,
  "toivoa": 2,
  "toivoen": 2,
  "Toivon mukaan": 2,
  "toivoo": 2,
  "toivoton": -2,
  "toivottava": 2,
  "toivottomuuden": -2,
  "toleranssi": 2,
  "tölväistä": -2,
  "topit": 2,
  "torjua": -1,
  "torjuttiin": -2,
  "törkeä": -3,
  "törkeä rikos": -3,
  "törkeys": -2,
  "törmää": -1,
  "törmäävät": -1,
  "törmätä": -1,
  "törmäykset": -2,
  "törmäys": -2,
  "totalitaarinen": -2,
  "totalitarismi": -2,
  "totinen": 2,
  "totta": 2,
  "tottuneesti": 2,
  "touts": -2,
  "töykeä": -2,
  "traaginen": -2,
  "tragedia": -2,
  "tragediat": -2,
  "transgresses": -2,
  "trauma": -3,
  "traumaattinen": -3,
  "troubling": -2,
  "tueta": -2,
  "tuettu": 2,
  "tuhlaa": -2,
  "tuhlata": -2,
  "tuhlattu": -2,
  "tuhlaus": -2,
  "tuho": -3,
  "tuhoaa": -3,
  "tuhoisa": -2,
  "tuhonnut": -3,
  "tuhota": -3,
  "tuhoutunut": -2,
  "tukahduttaa": -1,
  "tukee": 2,
  "tukehtua": -2,
  "tukehtuminen": -2,
  "tukeva": 2,
  "tuki": 2,
  "tukija": 1,
  "tukkivan": -2,
  "tukossa": -1,
  "tulehtunut": -2,
  "tulevaisuudennäkymät": 1,
  "tulitus": -2,
  "tulkittu väärin": -2,
  "tulokseton": -2,
  "tuloksetta": -2,
  "tummin": -2,
  "tummua": -2,
  "tummuu": -2,
  "tunne": 1,
  "tunnoton": -1,
  "tunnustaminen": 2,
  "tunteet": 3,
  "tunteeton": -2,
  "tuohtunut": -2,
  "tuomio": -1,
  "tuomiot": -1,
  "tuomita": -2,
  "tuomitsee": -2,
  "tuomitseminen": -2,
  "tuomitseva": -2,
  "tuomittu": -2,
  "tuore": 1,
  "tuottoisa": 3,
  "turha": -2,
  "turhauttaa": -2,
  "turhauttava": -2,
  "turhautunut": -2,
  "turmelee": -3,
  "turmelevassa": -2,
  "turmella": -2,
  "turmeltunut": -3,
  "turvaa": 2,
  "turvallinen": 1,
  "turvallisempaa": 2,
  "turvallisesti": 1,
  "turvallisuus": 1,
  "turvattu": 2,
  "tuskailla": -3,
  "tuskainen": -2,
  "tuskallinen": -2,
  "tuskallisen": -1,
  "tuskastuttaa": -2,
  "tutkiminen": 1,
  "tuuletin": 3,
  "tyhjä": -1,
  "tyhjäksi": -2,
  "tyhjentää": 1,
  "tyhjyys": -1,
  "tyhmä": -3,
  "tyhmät": -2,
  "tyhmyys": -3,
  "tykkää": 2,
  "tylsä": -2,
  "tympääntynyt": -3,
  "työkyvyttömäksi": -2,
  "työkyvyttömyyteen": -2,
  "työtön": -1,
  "työttömyys": -2,
  "typerä": -2,
  "typerys": -2,
  "typeryys": -3,
  "Tyran": -3,
  "Tyrannic": -3,
  "tyrannimainen": -3,
  "tyrannin": -3,
  "Tyrans": -3,
  "tyrmistynyt": -2,
  "tyrmistynyt jstk": -2,
  "tyylikäs": 3,
  "tyyni": 2,
  "tyynnyttely": 2,
  "tyytymätön": -2,
  "tyytyväinen": 3,
  "uhanalaisten": -2,
  "uhat": -2,
  "uhata": -2,
  "uhka": -2,
  "uhkaa": -2,
  "uhkaava": -2,
  "uhkaavaan": -1,
  "uhkailu": -2,
  "uhkasi": -2,
  "uhkaus": -2,
  "uhkia": -2,
  "uhmakas": -1,
  "uhri": -3,
  "uhriksi joutumista": -3,
  "uhrit": -3,
  "ujo": -1,
  "uljaasti": 3,
  "uljas": 3,
  "ulkopuolelle": -2,
  "ulottuu": 1,
  "ummetus": -2,
  "umpikuja": -2,
  "unappeasable": -2,
  "unappreciated": -2,
  "undeserving": -2,
  "uneliaisuus": -2,
  "unelias": -2,
  "unelma": 1,
  "unelmat": 1,
  "unettomuus": -2,
  "unfocused": -2,
  "unfunny": -2,
  "ungenerous": -2,
  "unhygienic": -2,
  "unimpressed": -2,
  "uninvolving": -2,
  "unlovable": -2,
  "unohdetaan": -1,
  "unohdettu": -1,
  "unohtaa": -1,
  "unohti": -1,
  "unreleting": -2,
  "unresearched": -2,
  "untarnished": 2,
  "upea": 3,
  "upeita": 4,
  "upsets": -2,
  "urhea": 2,
  "urheus": 3,
  "urhoollisuus": 2,
  "uskalias": 3,
  "usko": 1,
  "uskollinen": 3,
  "uskollisuus": 3,
  "uskomaton": -1,
  "uskomatta": -2,
  "uskottu": 2,
  "utelias": -2,
  "uupunut": -2,
  "vaahto": -3,
  "vääjäämätön": 2,
  "vaalia": 2,
  "vaalii": 2,
  "vaaliminen": 2,
  "vaanii": -1,
  "vaara": -2,
  "väärä": -1,
  "väärä vala": -3,
  "väärää": -2,
  "vaarallinen": -2,
  "vaarallisesti": -2,
  "väärät tiedot": -2,
  "väärennetty": -3,
  "väärennöksiä": -3,
  "väärennös": -3,
  "väärentää": -3,
  "väärin": -3,
  "väärin sijoitettu": -2,
  "väärinhinnoittelun": -3,
  "väärinkäsitys": -2,
  "Väärinkäytettyä": -2,
  "väärinkäytöksiä": -3,
  "väärinkäytösten": -2,
  "väärinkäyttää": -3,
  "väärinkäyttö": -3,
  "väärinkäyttöä": -3,
  "väärinymmärretty": -2,
  "vääristää": -2,
  "vääristelty": -2,
  "vääristely": -2,
  "vääristelyä": -2,
  "vääristelyyn": -2,
  "vääristynyt": -2,
  "vääryydet": -2,
  "vääryys": -2,
  "vääryyttä": -2,
  "vaati": -1,
  "vaatii": -1,
  "vaativa": -1,
  "vähätellä": -2,
  "vähätteli": -2,
  "väheksyä": -2,
  "väheksyvä": -2,
  "vähennä": -1,
  "vahingoittaa": -3,
  "vahingoittamatta": -2,
  "vahingoittaneet": -2,
  "vahingoittumaton": 2,
  "vahingol": -2,
  "vahingollinen": -3,
  "vahingonilo": 3,
  "vahingoniloinen": 3,
  "vahingonkorvaus": -3,
  "vahingossa": -2,
  "vahinko": -2,
  "vahva": 2,
  "vahvempi": 2,
  "vahvin": 2,
  "vahvistaa": 1,
  "Vahvistaa": 1,
  "vahvistamaton": -1,
  "vahvistaminen": 2,
  "vahvistui": 2,
  "vahvistuu": 2,
  "vahvuuksia": 2,
  "vahvuus": 2,
  "väijyvä": -1,
  "vaikea": -1,
  "vaikerrus": -2,
  "vaikeus": -2,
  "vaikeuttaisi": -2,
  "vaikuttaa": -1,
  "vaikuttava": 3,
  "vaikuttunut": 3,
  "vaikutusvaltainen": 2,
  "vailla harhakuvitelmia": -2,
  "vainoaa": -2,
  "vainota": -2,
  "vainottu": -2,
  "väistelee": -2,
  "väite": -2,
  "väittää": -1,
  "väittäen": -1,
  "väitteitä": -2,
  "vaivaavat": -3,
  "vaivannut": -3,
  "vaivata": -2,
  "vaivattomasti": 2,
  "vaivautua": -2,
  "vaivautunut": -2,
  "vajaatoiminta": -2,
  "vakaa": 2,
  "vakavasti": -2,
  "vakiintunut": 2,
  "väkivalta": -3,
  "väkivaltaa liittyvä": -3,
  "väkivaltainen": -3,
  "väkivaltaisesti": -3,
  "vakuudettomat": -2,
  "vakuuttaa": 1,
  "vakuutti": 1,
  "vakuuttunut": 1,
  "valaiseva": 2,
  "valaista": 2,
  "valehtelija": -3,
  "valehtelijoita": -3,
  "valheellinen": -2,
  "validointi": 1,
  "validoitu": 1,
  "välinpitämätön": -2,
  "välinpitämättömyys": -2,
  "valistaa": 2,
  "valistunut": 2,
  "valitettavasti": -2,
  "Valitettavasti": -1,
  "valittaa": -3,
  "valittaminen": -2,
  "valittivat": -2,
  "valitukset": -2,
  "valitus": -2,
  "vallaton": 2,
  "valmis": 1,
  "valmiudet": 1,
  "valpas": 3,
  "valtava": 1,
  "välttää": -1,
  "välttelee": -1,
  "valtuuttaa": 2,
  "vältyttiin": -1,
  "valutettu": -2,
  "vammaiset": -2,
  "vammaisuus": -2,
  "vammat": -2,
  "vangittiin": -2,
  "vangittu": -2,
  "vanhentunut": -2,
  "vanhurskaus": 2,
  "vankeus": -2,
  "vanki": -2,
  "vankien": -2,
  "vankila": -2,
  "vankka": 2,
  "vannoa": -2,
  "vannoo": -2,
  "vapaa": 1,
  "vapaudet": 2,
  "vapaus": 2,
  "vapauta": 2,
  "vapautettu": 2,
  "vapauttaa": 2,
  "vapauttavia": 2,
  "vapauttaville": 2,
  "vapina": -2,
  "varakas": 2,
  "varastaa": -2,
  "varastettu": -2,
  "varasti": -2,
  "varat": 2,
  "värinä": -2,
  "värisevä": -2,
  "varkaus": -2,
  "varmistaa": 1,
  "varmistamalla": 1,
  "varoitetaan": -2,
  "varoittaa": -2,
  "varoittava": -2,
  "varoitukset": -3,
  "Varoitus": -3,
  "varomaton": -2,
  "varovainen": 2,
  "varovaisuus": 2,
  "vastenmielinen": -3,
  "vastenmielisyys": -2,
  "vastustaja": -1,
  "vastustamaton": 2,
  "vASTUSTAMATTOMAN": 2,
  "vastuu": 1,
  "vastuullinen": 2,
  "vastuuton": -2,
  "vastuuttomasti": -2,
  "väsymys": -2,
  "väsynyt": -2,
  "väsyttää": -3,
  "Vau": 4,
  "vauraampi": 2,
  "vauras": 3,
  "vauraus": 3,
  "vaurioitunut": -3,
  "velka": -2,
  "veloitetaan": -3,
  "verinen": -3,
  "verraton": 1,
  "vertaansa vailla": 2,
  "vetää": -1,
  "vetää puoleensa": 1,
  "vetäytyä": -1,
  "vetäytyminen": -3,
  "vetovoima": 2,
  "viallinen": -3,
  "viehättävä": 2,
  "viehättävästi": 3,
  "viehätys": 3,
  "vieraantuminen": -2,
  "vietteli": -1,
  "viha": -3,
  "vihaa": -3,
  "vihaaja": -3,
  "vihaajat": -3,
  "vihainen": -3,
  "vihamielinen": -2,
  "vihamielisyys jtk kohtaan": -2,
  "vihasi": -3,
  "vihata": -3,
  "vihattu": -3,
  "viherpesumarkkinoilla": -3,
  "vihollinen": -2,
  "viholliset": -2,
  "viihteellinen": 2,
  "viileä": 1,
  "viiltää": -2,
  "viimeistelee": 2,
  "viipymättä": 1,
  "viisaus": 1,
  "viive": -1,
  "viiveitä": -2,
  "viivytellään": -1,
  "vika": -3,
  "vikoja": -3,
  "vilkas": 2,
  "villitys": -2,
  "vilpillinen": -4,
  "vilpitön": 2,
  "vilpittömästi": 2,
  "vilpittömät": 2,
  "vilpittömyys": 2,
  "vimma": -3,
  "vindicating": 2,
  "vioittunut": -3,
  "virhe": -2,
  "virheellinen": -3,
  "virheelliset": -2,
  "virheetön": 2,
  "virheitä": -2,
  "virkasyyte": -3,
  "virkistävän": 2,
  "visiointi": 1,
  "visioita": 1,
  "vitamiini": 1,
  "vitsaukset": -3,
  "vitsaus": -3,
  "vitsi": 2,
  "vitsit": 2,
  "vitun": -5,
  "vitun hämmästyttävä": 4,
  "vitun hyvä": 4,
  "vitun kaunis": 4,
  "vitun loistava": 4,
  "vitun loves": 4,
  "vitun rakkaus": 4,
  "vitun söpö": 4,
  "vitun täydellinen": 4,
  "voi \"kestä": -3,
  "voihkaisi": -2,
  "voihki": -2,
  "voihkii": -2,
  "voihkina": -2,
  "voimaantuminen": 2,
  "voimakas": 2,
  "voimaton": -2,
  "voitettu": -2,
  "voitonriemuinen": 3,
  "voitot": 2,
  "voittaa": -2,
  "voittaja": 3,
  "voittajat": 3,
  "voittamaton": 2,
  "voitti": 3,
  "voitto": 2,
  "voittoa": 4,
  "voittoisa": 4,
  "voittoja": 3,
  "vuotaa": -1,
  "vuotanut": -1,
  "vuotia": -1,
  "walkouts": -2,
  "warmhearted": 2,
  "warmness": 2,
  "WinWin": 3,
  "WooHoo": 3,
  "wooo": 4,
  "woow": 4,
  "WOWOW": 4,
  "wowww": 4,
  "wrenching": -2,
  "wtff": -4,
  "wtfff": -4,
  "xo": 3,
  "XOXO": 3,
  "xoxoxo": 4,
  "xoxoxoxo": 4,
  "yeees": 2,
  "yhdistynyt": 1,
  "yhteentörmäys": -2,
  "yhteinen": 1,
  "yhtenäinen": 1,
  "yksin": -2,
  "yksinäinen": -2,
  "yksinkertaistaa liikaa": -2,
  "yksinkertaistamista": -2,
  "yksinkertaistettu": -2,
  "yksinkertaisuus": 1,
  "yksinomainen": 2,
  "yksittäinen": -1,
  "ylellisyys": 2,
  "ylenkatse": -2,
  "ylenkatseellisesti": -2,
  "ylennetty": 1,
  "ylikuormittaa": -1,
  "ylimainostaa": -2,
  "ylimielinen": -2,
  "ylimyyty": -2,
  "ylin": 2,
  "ylipainoinen": -1,
  "ylireagoi": -2,
  "ylireagoida": -2,
  "ylistäen": 3,
  "ylistämä": 2,
  "yllättävä": 3,
  "ylpeä": 2,
  "ylpeänä": 2,
  "ymmällään": -2,
  "ymmärtää väärin": -1,
  "ympäristöystävällinen": 2,
  "yritteliäs": 1,
  "ystävä": 1,
  "ystävällinen": 2,
  "ystävällisyys": 2,
  "ystävyys": 2
}