{
  "abhor": -3,
  "absentees": -1,
  "absolves": 2,
  "acquits": 2,
  "admires": 3,
  "adorable": 3,
  "adore": 3,
  "adoringly": 3,
  "affectionateness": 3,
  "affronted": -1,
  "agonises": -3,
  "agonize": -3,
  "agonized": -3,
  "agonizes": -3,
  "alarmists": -2,
  "alert": -1,
  "amaze": 2,
  "amuse": 3,
  "amused": 3,
  "angers": -3,
  "anguished": -3,
  "apeshit": -3,
  "appalled": -2,
  "apprehensive": -2,
  "arsehole": -4,
  "ass": -4,
  "assfucking": -4,
  "asshole": -4,
  "astound": 3,
  "astounding": 3,
  "astoundingly": 3,
  "astounds": 3,
  "aura": 1,
  "avenge": -2,
  "Avenged": -2,
  "Avenger": -2,
  "avengers": -2,
  "averts": -1,
  "axed": -1,
  "badass": -3,
  "Bamboozle": -2,
  "bamboozles": -2,
  "bankster": -3,
  "bastards": -5,
  "befit": 2,
  "befitting": 2,
  "bereaved": -2,
  "bitch": -5,
  "bitches": -5,
  "blah": -2,
  "blithe": 2,
  "bloated": -1,
  "blockbuster": 3,
  "brainwashing": -3,
  "braveness": 2,
  "bravura": 3,
  "brightest": 2,
  "brilliances": 3,
  "brisk": 2,
  "brooding": -2,
  "bully": -2,
  "bummer": -2,
  "buoyant": 2,
  "burglar": -2,
  "carefulness": 2,
  "chagrin": -2,
  "chagrined": -2,
  "charmingly": 3,
  "charmless": -3,
  "chastises": -3,
  "chastising": -3,
  "cheaters": -3,
  "cheats": -3,
  "cheering": 2,
  "cheerless": -2,
  "cheery": 3,
  "chic": 2,
  "chide": -3,
  "chided": -3,
  "chides": -3,
  "choke": -2,
  "chokes": -2,
  "choking": -2,
  "classy": 3,
  "cock": -5,
  "cocksucker": -5,
  "cocksuckers": -5,
  "conciliates": 2,
  "consolable": 2,
  "contagions": -2,
  "contaminant": -2,
  "contaminates": -2,
  "contaminations": -2,
  "contemptuous": -2,
  "contestable": -2,
  "controversially": -2,
  "courageousness": 2,
  "coverup": -3,
  "cowardly": -2,
  "crap": -3,
  "crappy": -3,
  "crash": -2,
  "crazier": -2,
  "craziest": -2,
  "crestfallen": -2,
  "criminate": -3,
  "criminated": -3,
  "criminates": -3,
  "crush": -1,
  "crushes": -1,
  "cunning": 2,
  "cut": -1,
  "cutbacks": -2,
  "damned": -4,
  "daredevil": 2,
  "darkest": -2,
  "dauntless": 2,
  "deadening": -2,
  "debonair": 2,
  "deceptive": -3,
  "deformity": -2,
  "defrauds": -3,
  "degrades": -2,
  "dehumanize": -2,
  "dehumanized": -2,
  "dehumanizes": -2,
  "deject": -2,
  "dejected": -2,
  "dejecting": -2,
  "dejects": -2,
  "delectable": 3,
  "delightfully": 3,
  "delighting": 3,
  "Denier": -2,
  "deniers": -2,
  "dent": -2,
  "deports": -2,
  "derides": -2,
  "derision": -2,
  "detached": -1,
  "detracts": -1,
  "devastations": -2,
  "devotional": 2,
  "diamond": 1,
  "dick": -4,
  "dickhead": -4,
  "dilligence": 2,
  "dipshit": -3,
  "direful": -3,
  "dirt": -2,
  "dirtier": -2,
  "disappoints": -2,
  "disapprovals": -2,
  "disbelieve": -2,
  "discarding": -1,
  "disconsolation": -2,
  "disguises": -1,
  "disgustful": -3,
  "disheartened": -2,
  "disinclined": -2,
  "disjointed": -2,
  "disoriented": -2,
  "disparages": -2,
  "disquiet": -2,
  "distasteful": -2,
  "distress": -2,
  "distrustful": -3,
  "dithering": -2,
  "dizzy": -1,
  "dodging": -2,
  "dolorous": -2,
  "doom": -2,
  "dour": -2,
  "downcast": -2,
  "downer": -2,
  "downside": -2,
  "drag": -1,
  "dread": -2,
  "dreading": -2,
  "dreary": -2,
  "Droopy": -2,
  "drudgery": -2,
  "dud": -2,
  "dumb": -3,
  "dumps": -1,
  "dupe": -2,
  "dupery": -2,
  "earnest": 2,
  "eerie": -2,
  "eery": -2,
  "elation": 3,
  "embarrasses": -2,
  "engrossing": 3,
  "enlightens": 2,
  "ennui": -2,
  "enrages": -2,
  "enraging": -2,
  "enrapture": 3,
  "enslaves": -2,
  "enthrall": 3,
  "escape": -1,
  "escapes": -1,
  "esteem": 2,
  "evacuates": -1,
  "evergreening": -3,
  "evergreens": 2,
  "exaggerates": -2,
  "exasparate": -2,
  "exasperates": -2,
  "exasperating": -2,
  "excite": 3,
  "exhilarates": 3,
  "exhilarating": 3,
  "exonerates": 2,
  "expertly": 2,
  "exploration": 1,
  "exuberant": 4,
  "exultant": 3,
  "exultantly": 3,
  "fagot": -3,
  "faker": -3,
  "fan": 3,
  "fascinates": 3,
  "favourited": 2,
  "fearfully": -2,
  "fearlessness": 2,
  "fervid": 2,
  "fiasco": -3,
  "fidgety": -2,
  "filth": -2,
  "filthy": -2,
  "flop": -2,
  "flops": -2,
  "flustered": -2,
  "foreclosure": -2,
  "foreclosures": -2,
  "forefront": 1,
  "forgettable": -1,
  "foul": -3,
  "frantic": -1,
  "frauds": -4,
  "fraudsters": -4,
  "fraudulence": -4,
  "freak": -2,
  "Frenzy": -3,
  "frikin": -2,
  "frisky": 2,
  "frowning": -1,
  "frustrating": -2,
  "FTW": 3,
  "fucked": -4,
  "fucker": -4,
  "Fuckers": -4,
  "fuckface": -4,
  "fuckhead": -4,
  "fuckin": -4,
  "fucking great": 4,
  "Fucking Hot": 2,
  "fucktard": -4,
  "fud": -3,
  "fuked": -4,
  "fuking": -4,
  "fuming": -2,
  "funnier": 4,
  "furious": -3,
  "gag": -2,
  "gagged": -2,
  "gallant": 3,
  "gem": 3,
  "ghastly": -2,
  "ghost": -1,
  "glamorous": 3,
  "glamourous": 3,
  "glee": 3,
  "gleeful": 3,
  "glum": -2,
  "goddamn": -3,
  "godsend": 4,
  "goofiness": -2,
  "goofy": -2,
  "gr8": 3,
  "grand": 3,
  "gratification": 2,
  "greenwash": -3,
  "greenwasher": -3,
  "greenwashers": -3,
  "greenwashing": -3,
  "grisly": -2,
  "groan": -2,
  "groans": -2,
  "gun": -1,
  "ha": 2,
  "hahaha": 3,
  "hahahah": 3,
  "hallelujah": 3,
  "handsome": 3,
  "haplessness": -2,
  "hardier": 2,
  "hardy": 2,
  "harried": -2,
  "hater": -3,
  "hating": -3,
  "haunted": -2,
  "haunting": 1,
  "haunts": -1,
  "Havoc": -2,
  "heartwarming": 3,
  "heavyhearted": -2,
  "hehe": 2,
  "homesick": -2,
  "hooligan": -2,
  "horrid": -3,
  "huckster": -2,
  "hug": 2,
  "humbug": -2,
  "humerous": 3,
  "humiliated": -3,
  "humourous": 2,
  "hurting": -2,
  "icky": -3,
  "idiot": -3,
  "ignorant": -2,
  "imbecile": -3,
  "impaired": -2,
  "impedingly": -2,
  "impresses": 3,
  "incapacitates": -2,
  "incapacitating": -2,
  "incenses": -2,
  "incensing": -2,
  "indoctrinate": -2,
  "indoctrinated": -2,
  "indoctrinates": -2,
  "inediable": -2,
  "inexorable": -3,
  "infantilized": -2,
  "infatuated": 2,
  "infatuation": 2,
  "Infects": -2,
  "inferior": -2,
  "infest": -2,
  "infesting": -2,
  "infests": -2,
  "inflamed": -2,
  "infract": -2,
  "infracted": -2,
  "infracting": -2,
  "infracts": -2,
  "infuriates": -2,
  "infuriating": -2,
  "innovates": 1,
  "insane": -2,
  "insanity": -2,
  "insensitivity": -2,
  "insipid": -2,
  "inspirational": 2,
  "interrupts": -2,
  "intransigency": -2,
  "invulnerable": 2,
  "irreproducible": -2,
  "irresistible": 2,
  "irresistibly": 2,
  "itchy": -2,
  "jackass": -4,
  "jackasses": -4,
  "jaunty": 2,
  "jerk": -3,
  "jesus": 1,
  "jocular": 2,
  "jolly": 2,
  "joyless": -2,
  "jumpy": -1,
  "kickbacks": -3,
  "kudos": 3,
  "lackadaisical": -2,
  "lag": -1,
  "lags": -2,
  "lame": -2,
  "laughting": 1,
  "lawl": 3,
  "lethargic": -2,
  "liars": -3,
  "lifeless": -1,
  "lifesaver": 4,
  "lighthearted": 1,
  "likeable": 2,
  "likers": 2,
  "liking": 2,
  "litigious": -2,
  "livid": -2,
  "Lmao": 4,
  "lmfao": 4,
  "loathe": -3,
  "lolol": 4,
  "lololol": 4,
  "lolololol": 4,
  "lonely": -2,
  "lonesome": -2,
  "Lool": 3,
  "LOOOL": 3,
  "looool": 3,
  "lovelies": 3,
  "lovely": 3,
  "lugubrious": -2,
  "lunatics": -3,
  "Lurk": -1,
  "macabre": -2,
  "madly": -3,
  "madness": -3,
  "maladaption": -2,
  "maldevelopment": -2,
  "maltreatment": -2,
  "mature": 2,
  "mesmerizing": 3,
  "mindless": -2,
  "mirth": 3,
  "mirthful": 3,
  "mirthfully": 3,
  "misbehaved": -2,
  "misbehaves": -2,
  "misbehaving": -2,
  "misbranding": -3,
  "miscast": -2,
  "mischief": -1,
  "mischiefs": -1,
  "misclassified": -2,
  "misclassifies": -2,
  "misclassify": -2,
  "misconducted": -2,
  "misconducting": -2,
  "miserably": -3,
  "misfire": -2,
  "misgiving": -2,
  "misleaded": -3,
  "misplace": -2,
  "misplaces": -2,
  "misplacing": -2,
  "mispricing": -3,
  "misreporting": -2,
  "misreports": -2,
  "misrepresents": -2,
  "miss": -2,
  "mistaking": -2,
  "misunderstands": -2,
  "moan": -2,
  "moaned": -2,
  "moaning": -2,
  "moans": -2,
  "modernizes": 2,
  "mongering": -2,
  "moody": -1,
  "MOPE": -1,
  "moping": -1,
  "motherfucker": -5,
  "motherfucking": -5,
  "mourn": -2,
  "mumpish": -2,
  "n00b": -2,
  "nasty": -3,
  "nifty": 2,
  "niggas": -5,
  "nigger": -5,
  "noob": -2,
  "nosy": -2,
  "notorious": -2,
  "numb": -1,
  "oks": 2,
  "oops": -2,
  "optionless": -2,
  "ostracizes": -2,
  "ouch": -2,
  "outage": -2,
  "outmaneuvered": -2,
  "overjoyed": 4,
  "overprotective": -2,
  "overreacts": -2,
  "oversell": -2,
  "overselling": -2,
  "oversells": -2,
  "oversimplifies": -2,
  "oversimplify": -2,
  "oversold": -2,
  "overstatements": -2,
  "overweight": -1,
  "oxymoron": -1,
  "panics": -3,
  "paradise": 3,
  "Parley": -1,
  "pathetic": -2,
  "Perfects": 2,
  "perturbed": -2,
  "pervert": -3,
  "pesky": -2,
  "pique": -2,
  "piss": -4,
  "pissed": -4,
  "piteous": -2,
  "pitied": -1,
  "plagues": -3,
  "plaguing": -3,
  "playful": 2,
  "plodding": -2,
  "poised": -2,
  "poisons": -2,
  "prblm": -2,
  "prblms": -2,
  "profiteer": -2,
  "purest": 1,
  "pushy": -1,
  "quaking": -2,
  "rageful": -2,
  "rant": -3,
  "Ranter": -3,
  "ranters": -3,
  "rants": -3,
  "raptured": 2,
  "rapturous": 4,
  "refreshingly": 2,
  "rejoice": 4,
  "relishing": 2,
  "remorse": -2,
  "repellent": -2,
  "repercussion": -2,
  "repulsive": -2,
  "riveting": 3,
  "robed": -2,
  "robing": -2,
  "rofl": 4,
  "roflcopter": 4,
  "roflmao": 4,
  "romantical": 2,
  "rotfl": 4,
  "rotflmfao": 4,
  "rotflol": 4,
  "sadden": -2,
  "salient": 1,
  "sappy": -1,
  "savange": -2,
  "savanges": -2,
  "scams": -2,
  "scapegoat": -2,
  "scapegoats": -2,
  "scar": -2,
  "scoop": 3,
  "scornful": -2,
  "scum": -3,
  "scumbag": -4,
  "seamless": 2,
  "sedition": -2,
  "seditious": -2,
  "serene": 2,
  "sexistic": -2,
  "sexy": 3,
  "shit": -4,
  "shithead": -4,
  "shitty": -3,
  "shoody": -2,
  "silencing": -1,
  "silly": -1,
  "sincerest": 2,
  "singleminded": -2,
  "slam": -2,
  "slicker": 2,
  "slickest": 2,
  "slip": -1,
  "slut": -5,
  "smartest": 2,
  "smiles": 2,
  "smog": -2,
  "smuggles": -2,
  "sneeze": -2,
  "sneezed": -2,
  "sneezes": -2,
  "snub": -2,
  "snubbing": -2,
  "somber": -2,
  "soothing": 3,
  "sore": -1,
  "spammer": -3,
  "spark": 1,
  "sparkles": 3,
  "spearhead": 2,
  "spirited": 2,
  "spiteful": -2,
  "spotless": 2,
  "sprightly": 2,
  "squanders": -2,
  "squelched": -1,
  "stab": -2,
  "stampede": -2,
  "stank": -2,
  "starved": -2,
  "stinked": -2,
  "stinker": -2,
  "stinks": -2,
  "stinky": -2,
  "stressor": -2,
  "strike": -1,
  "stupidly": -2,
  "suave": 2,
  "sucks": -3,
  "sueing": -2,
  "sulking": -2,
  "sulky": -2,
  "sullen": -2,
  "sunshine": 2,
  "super": 3,
  "suspecting": -1,
  "swindles": -3,
  "taint": -2,
  "terrifically": 4,
  "thrilled": 5,
  "timid": -2,
  "tout": -2,
  "touting": -2,
  "touts": -2,
  "transgress": -2,
  "trembling": -2,
  "tremulous": -2,
  "troll": -2,
  "twat": -5,
  "tyran": -3,
  "tyrannic": -3,
  "tyrannically": -3,
  "tyrans": -3,
  "ubiquitous": 2,
  "ugh": -2,
  "unappeasable": -2,
  "unavailable": -1,
  "uncredited": -1,
  "underestimate": -1,
  "underperform": -2,
  "underperforming": -2,
  "underperforms": -2,
  "unequaled": 2,
  "unfitted": -2,
  "unfocused": -2,
  "unfunny": -2,
  "ungenerous": -2,
  "unimpressed": -2,
  "uninspired": -2,
  "uninvolving": -2,
  "unlovable": -2,
  "unloved": -2,
  "unmatched": 1,
  "unparliamentary": -2,
  "unpleasantness": -2,
  "unreleting": -2,
  "unresearched": -2,
  "untarnished": 2,
  "upsets": -2,
  "uptight": -2,
  "validates": 1,
  "vapid": -2,
  "vexing": -2,
  "victimizes": -3,
  "victor": 3,
  "vindicating": 2,
  "virulent": -2,
  "vomits": -3,
  "walkouts": -2,
  "wanker": -3,
  "warmness": 2,
  "weep": -2,
  "whimsical": 1,
  "whitewash": -3,
  "whore": -4,
  "winwin": 3,
  "wits": 2,
  "woebegone": -2,
  "woo": 3,
  "wooo": 4,
  "Woow": 4,
  "wowow": 4,
  "WOWWW": 4,
  "wtf": -4,
  "wtff": -4,
  "wtfff": -4,
  "xo": 3,
  "xoxo": 3,
  "XOXOXO": 4,
  "xoxoxoxo": 4,
  "yeah": 1,
  "yearning": 1,
  "yeees": 2,
  "yucky": -2,
  "yummy": 3,
  "აბარებენ": 2,
  "აბინძურებს": -2,
  "აბუჩად": -2,
  "აგრესია": -2,
  "აგრესიული": -2,
  "აგრესორებისაგან": -2,
  "ადანაშაულებენ": -2,
  "ადანაშაულებს": -2,
  "ადარდებს": -2,
  "ადასტურებს": 2,
  "ადგენს": 2,
  "ადეკვატური": 1,
  "ადვილი": 1,
  "ავად": -2,
  "ავადმყოფი": -2,
  "ავადმყოფობა": -2,
  "ავადმყოფობის": -2,
  "ავბედითი": -2,
  "ავიწროვებენ": -3,
  "აზრი არ აქვს": -2,
  "ათავისუფლებს": 2,
  "აიკრძალოს": -1,
  "აიცილოს": -2,
  "აკისრებს": -1,
  "აკრიტიკებენ": -2,
  "აკრიტიკებს": -2,
  "აკრძალვა": -1,
  "აკრძალული": -2,
  "ალერგიული": -2,
  "ალოგიკური": -2,
  "ალტრუისტული": 2,
  "ამაზრზენი": -2,
  "ამამაღლებელი": 2,
  "ამაყად": 2,
  "ამახინჯებს": -2,
  "ამბივალენტური": -1,
  "ამბიციური": 2,
  "ამბოხებულების": -2,
  "ამოანთხია": -3,
  "ამოვიცნოთ": 1,
  "ამოწურა": -2,
  "ამპარტავანი": -2,
  "ამტკიცებდა,": -1,
  "ამტკიცებენ,": -1,
  "ამტკიცებს": 2,
  "ამცირებს": -1,
  "ამძიმებდა": -2,
  "ამძიმებს": -2,
  "ამწვავებს": -2,
  "ანგრევს": -3,
  "ანიავებ": -2,
  "ანტაგონისტური": -2,
  "ანტი": -1,
  "აპათია": -3,
  "აპათიური": -3,
  "აპატიებს": 1,
  "აპლოდისმენტები": 2,
  "აპოკალიფსური": -2,
  "აპროტესტებენ": -2,
  "აჟიოტაჟი": -3,
  "არ": -1,
  "არ fun": -3,
  "არ არის კარგი": -2,
  "არ გადაუწყვეტია": -1,
  "არ დაიშურა ტაში,": 2,
  "არ მომწონს": -2,
  "არ მოსწონს": -2,
  "არ მუშაობს": -3,
  "არაადამიანური": -2,
  "არაადეკვატური": -2,
  "არად ჩააგდო": -2,
  "არაეთიკური": -2,
  "არაეფექტურად": -2,
  "არაეფექტური": -2,
  "არაეფექტურობა": -2,
  "არათანმიმდევრულია": -2,
  "არაკეთილსინდისიერი": -2,
  "არაკომპეტენტური": -2,
  "არაკომპეტენტურობა": -2,
  "არალეგიტიმური": -3,
  "არამართლზომიერად": -2,
  "არამეცნიერული": -2,
  "არამიზნობრივი": -2,
  "არამოტივირებული": -2,
  "არაორიგინალური": -2,
  "არაპროპორციული": -2,
  "არაპროფესიონალური": -2,
  "არარაობაა": -2,
  "არარეალიზებული": -2,
  "არასათანადო": -2,
  "არასაიმედო": -2,
  "არასაკმარისად": -2,
  "არასაკმარისი": -2,
  "არასამთავრობო დაამტკიცა": -2,
  "არასანდო": -2,
  "არასასიამოვნო": -2,
  "არასასურველი": -2,
  "არასერიოზული": -2,
  "არასრული": -1,
  "არასრულყოფილი": -2,
  "არასტაბილური": -2,
  "არასწორად": -2,
  "არასწორად გაგებული": -1,
  "არასწორად წარმოდგენა ხელს უწყობს": -2,
  "არასწორი": -2,
  "არასწორი ინტერპრეტაცია": -2,
  "არაუზრუნველყოფილი": -2,
  "არაფრად": -2,
  "არახელსაყრელი": -2,
  "არაჯანსაღი": -2,
  "არაჰიგიენურ": -2,
  "არბილებს": 3,
  "არევა": -2,
  "არეული": -2,
  "არეულობების": -2,
  "არეულობის": -2,
  "ართულებს": -2,
  "არსებითად": 1,
  "არსებობს": -2,
  "არღვევს": -2,
  "არცხვენდა": -2,
  "არწმუნებენ": 1,
  "არწმუნებს": 1,
  "ასვენებს": -1,
  "ასრულებს": 2,
  "ასტიმულირებს": 1,
  "ატერორებს": -3,
  "ატრაქციონები": 2,
  "ატყუებს": -3,
  "აუარესებს": -3,
  "აუმჯობესებს": 2,
  "აუტანელ": -3,
  "აუქმებს": -1,
  "აფარებს": -1,
  "აფართოებს": 1,
  "აფასებს": 2,
  "აფერხებს": -2,
  "აფრთხილებს": -2,
  "აქებს": 3,
  "აქტივები": 2,
  "აქტივი": 2,
  "აქტიური": 3,
  "აქციები": 1,
  "აქციის მონაწილეები": -2,
  "აღადგენს": 1,
  "აღაფრთოვანებს": 3,
  "აღაშფოთა": -2,
  "აღდგენა": 1,
  "აღდგენილია": 1,
  "აღდგენის": 1,
  "აღემატებოდა": -2,
  "აღიარა": -1,
  "აღიარება": 2,
  "აღიარებს": -1,
  "აღიარებული": 2,
  "აღიზიანებთ": -2,
  "აღიზიანებს": -2,
  "აღიკვეთა": -2,
  "აღკვეთა": -3,
  "აღმაშფოთებელი": -3,
  "აღმაშფოთებელია": -2,
  "აღორძინება": 2,
  "აღრეული": -2,
  "აღსანიშნავად": 3,
  "აღსანიშნავია": 2,
  "აღფრთოვანდეს": 3,
  "აღფრთოვანებული": 3,
  "აღფრთოვანებული ვარ": 3,
  "აღშფოთება": -2,
  "აღშფოთების": -2,
  "აღშფოთებული": -2,
  "აყვავებული": 3,
  "აშანტაჟებდა": -3,
  "აშანტაჟებენ": -3,
  "აშინებენ": -2,
  "აშკარად": 1,
  "აცდუნა": -1,
  "აცილება": 2,
  "აცილებული": -1,
  "აცოცხლებს": 1,
  "აძლიერებს": 2,
  "აწუხებს": -2,
  "აწყნარებს": 2,
  "ახალგაზრდული": 2,
  "ახალი": 1,
  "ახარებს": 4,
  "ახვევს": -2,
  "ახირება": -2,
  "ახორციელებს": 2,
  "ახშობდა": -2,
  "აჯანყება": -2,
  "აჯილდოებს": 2,
  "ბავშვური": -2,
  "ბარბაროსულ": -3,
  "ბარბაროსული": -2,
  "ბარიერი": -2,
  "ბედი": 2,
  "ბედნიერება": 3,
  "ბედნიერი": 3,
  "ბევრ": -2,
  "ბეწვეული": -1,
  "ბილწი": -3,
  "ბინძური": -2,
  "ბიძგები": -2,
  "ბლოკადა": -2,
  "ბლოკები": -1,
  "ბნელი": -2,
  "ბოდიში": -1,
  "ბოდიშის მოხდა": -1,
  "ბოდიშს": -1,
  "ბოიკოტი": -2,
  "ბოიკოტი გამოუცხადა": -2,
  "ბოიკოტის": -2,
  "ბოიკოტს": -2,
  "ბომბი": -1,
  "ბოროტად": -2,
  "ბოროტება": -3,
  "ბოროტი": -2,
  "ბრალდება": -2,
  "ბრალდება მოუხსნა": 2,
  "ბრალდებები": -2,
  "ბრალდებული": -2,
  "ბრალი": -2,
  "ბრალია": -2,
  "ბრმა": -1,
  "ბრძოლა": -1,
  "ბრძოლას": -2,
  "ბრძოლები": -1,
  "ბრწყინვალე": 4,
  "ბრწყინვალების": 3,
  "ბუნდოვანი": -2,
  "ბუნებრივი": 1,
  "ბუნტის": -2,
  "გააბრაზა": -2,
  "გააზრებული": 2,
  "გაათავისუფლოს": 1,
  "გააკრიტიკა": -2,
  "გაამართლა": 2,
  "გაამართლებს": 3,
  "გაამყარა": 2,
  "გაამძაფრა": -2,
  "გაანადგურა": -2,
  "გაასუფთავებს": 1,
  "გააუპატიურეს": -4,
  "გააყალბოს": -3,
  "გააჩინოს": 2,
  "გააძევეს": -2,
  "გაბედულად": 2,
  "გაბედული": 2,
  "გაბრაზება": -2,
  "გაბრაზებული": -3,
  "გაბრაზებულმა": -2,
  "გაგამხიარულებთ": 3,
  "გაგვიმართლა": 2,
  "გადაარჩინა": 2,
  "გადადგა": -1,
  "გადადგეს": -1,
  "გადადგომის": -1,
  "გადადება": -1,
  "გადადო": -1,
  "გადავადების": -1,
  "გადაიდო": -1,
  "გადაიტანოს": -2,
  "გადამდები": -1,
  "გადამდები სენი": -2,
  "გადამისამართება": -1,
  "გადამწყვეტი": 2,
  "გადარჩა": 2,
  "გადარჩენა": 2,
  "გადარჩენილი": 2,
  "გადარჩენისათვის": 2,
  "გადატანის": -2,
  "გადატვირთვა": -1,
  "გადაუჭრელი": -2,
  "გადაუხადა": 2,
  "გადაღება": -1,
  "გადაცდომა": -2,
  "გადაცდომები": -2,
  "გადაცმული": -1,
  "გადაწყდება": 2,
  "გადაწყვეტა": 1,
  "გადაწყვეტილებები": 1,
  "გადაჭარბებული": -2,
  "გადაჭრა": 1,
  "გადაჭრის": 2,
  "გადახდა": -1,
  "გადახდისუუნარო": -2,
  "გაემართლებინა": 2,
  "გავაფრთხილო": -2,
  "გავიდა": -1,
  "გავლენიანი": 2,
  "გაზვიადება": -2,
  "გაზვიადებულია": -2,
  "გათიშვის": -2,
  "გაიზარდა": 1,
  "გაიზრდება": 1,
  "გაიტაცა": 1,
  "გაიტაცეს": -2,
  "გაიცემა": 1,
  "გაიცინა": 2,
  "გაკოტრების": -3,
  "გაკოტრებული": -3,
  "გამამართლებელი": 2,
  "გამანადგურებელი": -1,
  "გამართლების": 2,
  "გამართლებული": 2,
  "გამარტივება": -2,
  "გამარტივებული": -2,
  "გამარჯვება": 4,
  "გამარჯვებულები": 3,
  "გამარჯვებული": 4,
  "გამაღიზიანებელი": -3,
  "გამაღიზიანებლობა": -2,
  "გამაყრუებელი": -1,
  "გამბედაობა": 2,
  "გამიხარდა,": 4,
  "გამკაცრებაც": -2,
  "გამო": 1,
  "გამოაშკარავებას": -1,
  "გამოგვდის": 3,
  "გამოვლენა": -1,
  "გამოვსულვართ": -2,
  "გამომაფხიზლებელი": 1,
  "გამომწვევი": -1,
  "გამონაყარი": -2,
  "გამორთვა": -1,
  "გამორიცხავს": -1,
  "გამორიცხვა": -1,
  "გამორიცხული": -2,
  "გამორჩეული": 2,
  "გამოსახლების": -1,
  "გამოსყიდული": 2,
  "გამოუსწორებელი": -2,
  "გამოყენებისათვის": -2,
  "გამოყენებული": -2,
  "გამოჩენილი": 5,
  "გამოწვევა": -1,
  "გამოწვევებს": -1,
  "გამძლეობა": 2,
  "გამწარებული": -2,
  "გამწვავდა": -2,
  "გამწვავებას": -2,
  "გამჭრიახობა": 2,
  "გამხრწნელი": -3,
  "განადგურდა": -3,
  "განადგურდეს": -2,
  "განადგურება": -2,
  "განადგურებას": -2,
  "განადგურების": -2,
  "განადგურებული": -2,
  "განამტკიცებს": 2,
  "განარისხებს": -2,
  "განაღდების": -2,
  "განაჩენები": -1,
  "განაჩენი": -1,
  "განაწყენებული": -2,
  "განბაჟებული": 1,
  "განდევნა": -2,
  "განდევნით": -2,
  "განდევნილები": -2,
  "განვაგრძოთ": -1,
  "განთქმული": 3,
  "განიცადა": -2,
  "განიცდიან": -2,
  "განიცდის": -2,
  "განმანათლებლური": 2,
  "განმტკიცებისთვის": 2,
  "განმუხტვის": 2,
  "განრისხებისას": -3,
  "განრისხებულმა": -2,
  "განსაზღვრული": 2,
  "განსაკუთრებით": 3,
  "განსაცვიფრებელი": 4,
  "განცვიფრებული": 3,
  "განწირულია": -2,
  "გაოგნებულ": -2,
  "გაოცებული": 2,
  "გაოცებული დატოვა": -2,
  "გაპრიალებული": 2,
  "გაჟონა": -1,
  "გაჟონვის": -1,
  "გარანტია": 1,
  "გარბის": -1,
  "გარდაიცვალა": -3,
  "გარემოს მეგობრული": 2,
  "გართობა": 4,
  "გართულებების": -2,
  "გარიგების": 2,
  "გარკვეული": 1,
  "გარკვეული სახის": 0,
  "გარღვევა": 3,
  "გასაოცარია": 4,
  "გასართობი": 3,
  "გასაჩივრების": 2,
  "გასაჭირი": -2,
  "გასვლა": -2,
  "გასვლითი": 2,
  "გასროლა": -2,
  "გასულია": -1,
  "გასცეს": 1,
  "გასხვისება": -2,
  "გატაცება": -2,
  "გატაცებით": 3,
  "გატაცების": -2,
  "გატეხილი": -1,
  "გაუარესდა": -2,
  "გაუარესდება": -2,
  "გაუარესება": -3,
  "გაუგებარია": -2,
  "გაუგებრობა": -2,
  "გაუთვალისწინებელი": -2,
  "გაუმართავი": -2,
  "გაუმარჯოს": 2,
  "გაუმაძღრობით": -3,
  "გაუმჯობესდა": 2,
  "გაუმჯობესება": 2,
  "გაუმჯობესების": 2,
  "გაუპატიურება": -4,
  "გაურიგდა": -3,
  "გაურკვეველი": -1,
  "გაურკვეველია": -1,
  "გაუსაძლისი": -2,
  "გაუსწორდა": -3,
  "გაუფასურების": -2,
  "გაუფრთხილებლობით": -2,
  "გაუქმდა": -1,
  "გაუქმება": -1,
  "გაუყიდავი": -1,
  "გაუცრუებ": -2,
  "გაფართოება": 2,
  "გაფიცვის": -2,
  "გაფლანგვა": -3,
  "გაფლანგვაში": -2,
  "გაფლანგული": -2,
  "გაფრთხილება": -3,
  "გაფრთხილებული": -2,
  "გაფუჭებული": -2,
  "გაქარწყლება": -2,
  "გაქვავებული": -2,
  "გაქრა": -1,
  "გაქრება": -1,
  "გაღიზიანება": -3,
  "გაღიზიანებული": -3,
  "გაღიმებული": 2,
  "გაყალბდება": -1,
  "გაყალბება": -1,
  "გაყვანაა": -2,
  "გაყვანის": -3,
  "გაშვებული": -2,
  "გაშუქებულია": -1,
  "გაჩერება": -1,
  "გაჩერებული": -1,
  "გაცნობითი ხასიათის": 2,
  "გაცოცხლებული": 2,
  "გაძლიერდა": 2,
  "გაძლიერება": 2,
  "გაძლიერებას": 1,
  "გაწევრიანება": 1,
  "გაწყვეტა": -2,
  "გაწყვეტინებთ": -2,
  "გაჭირვება": -2,
  "გაჭირვებული": -2,
  "გაჭრა უკან": -2,
  "გახსენება": -2,
  "გაჰყავს": -1,
  "გემზე": 1,
  "გემრიელი": 3,
  "გენიალური": 3,
  "გესლიანი": -3,
  "გვამი": -1,
  "გვაოცებს": 2,
  "გვაწუხებს": -2,
  "გვერდითი მოვლენები": -2,
  "გთხოვთ": 1,
  "გილოცავ": 2,
  "გილოცავთ": 3,
  "გინება": -2,
  "გიჟი": -2,
  "გისურვებთ": 3,
  "გლოვა": -2,
  "გლოვობდა": -2,
  "გლოვობენ": -2,
  "გლუვი": 2,
  "გმირები": 2,
  "გმირი": 2,
  "გმირული": 3,
  "გმობს": -2,
  "გრანტები": 1,
  "გრიპის": -2,
  "გრძელვადიანი": 2,
  "გუდვილი": 3,
  "გულგრილ": -2,
  "გულგრილი": -2,
  "გულგრილობა": -2,
  "გულგრილობაა": -2,
  "გულდამძიმებული": -2,
  "გულდასაწყვეტი": -3,
  "გულდასაწყვეტია": -2,
  "გულთბილი": 2,
  "გულითადი": 3,
  "გულისწყრომა": -2,
  "გულმავიწყი": -2,
  "გულმოდგინე": 2,
  "გულუბრყვილო": -2,
  "გულუხვად": 2,
  "გულუხვი": 2,
  "გულშემატკივრობენ": 2,
  "გულწრფელად": 2,
  "გულწრფელი": 3,
  "გულწრფელობაში": 2,
  "დააბინძურებს": -2,
  "დაადანაშაულა": -2,
  "დაავადება": -1,
  "დაავადებები": -1,
  "დაავადებების": -2,
  "დაავადების": -2,
  "დაავადებულის": -2,
  "დაავიწყდა": -1,
  "დააზარალა": -2,
  "დააზარალებს": -2,
  "დააკავეს": -2,
  "დააკნინა": -1,
  "დააკნინებს": -2,
  "დაამარცხა": -2,
  "დაამახინჯა": -2,
  "დაამახინჯოს": -2,
  "დაამშვენებს": 3,
  "დაამშვიდა": 2,
  "დაამცირა": -2,
  "დააპატიმრეს": -2,
  "დაარიგა": -2,
  "დაარტყა": -1,
  "დაარღვია": -2,
  "დაარწმუნა": 1,
  "დაარწმუნოს": 1,
  "დააწესოს": -1,
  "დააწინაურეს": 1,
  "დაბალანსებული": 1,
  "დაბინძურება": -2,
  "დაბინძურების": -2,
  "დაბინძურებული": -2,
  "დაბლოკა": -1,
  "დაბლოკვის": -1,
  "დაბნეული": -2,
  "დაბრკოლება": -1,
  "დაბრკოლებები": -2,
  "დაბრუნება": 2,
  "დაგმო": -2,
  "დაგმობას": -2,
  "დაგმობილი": -3,
  "დაგროვება": -1,
  "დადებითად": 2,
  "დადებითი": 2,
  "დაევალა": 2,
  "დაელოდება": -1,
  "დაელოდეთ": -1,
  "დაემუქრა": -2,
  "დაეცა": -1,
  "დაეხმაროს": 2,
  "დაეჯახება": -1,
  "დავა": -2,
  "დავალებას": -2,
  "დავები": -2,
  "დავეხმაროთ": 2,
  "დავიწყება": -1,
  "დავიწყებული": -1,
  "დავტოვო": -3,
  "დაზარალებულ": -1,
  "დაზარალებულთა": -2,
  "დაზარალებული": -1,
  "დაზარალებულმა": -3,
  "დაზიანება": -2,
  "დაზიანებები": -2,
  "დაზიანებული": -3,
  "დაიმსხვრა": -2,
  "დაინტერესებული": 2,
  "დაისჯებიან": -2,
  "დაიღალა": -2,
  "დაიღუპა": -2,
  "დაიჩივლა": -2,
  "დაიცავს": 2,
  "დაიძრა": 2,
  "დაიწია": -2,
  "დაიწყო": 1,
  "დაიხრჩო": -2,
  "დაკავება": -2,
  "დაკავების": -2,
  "დაკავებული": -3,
  "დაკარგვა": -3,
  "დაკარგული": -2,
  "დაკითხა": -1,
  "დაკითხეს": -2,
  "დაკითხვა": -1,
  "დაკისრების": -1,
  "დაკმაყოფილდეს": -2,
  "დაკნინება": -2,
  "დაკრძალვის": -1,
  "დალოცოს": 2,
  "დამაბინძურებელი": -2,
  "დამაბინძურებლებს": -2,
  "დამაიმედებელია": 2,
  "დამალვა": -1,
  "დამამშვიდებელ": 2,
  "დამამშვიდებელი": 2,
  "დამამცირებელ": -2,
  "დამამძიმებელ": -2,
  "დამანგრეველი": -2,
  "დამარცხება": -2,
  "დამატება": 2,
  "დამახინჯება": -2,
  "დამახინჯებაში": -2,
  "დამახინჯებით": -2,
  "დამახინჯებული": -2,
  "დამაჯერებლად": 2,
  "დამნაშავე": -2,
  "დამნაშავეები": -2,
  "დამნშავეებსა": -2,
  "დამოკიდებული": 2,
  "დამონება": -2,
  "დამონებული": -2,
  "დამტკიცდა": 1,
  "დამტკიცების": 2,
  "დამტკიცებული": 2,
  "დამფრთხალი": -2,
  "დამცველი": 2,
  "დამცინავი": -2,
  "დამცირება": -3,
  "დამცირების": -2,
  "დამწუხრდა": -2,
  "დამწუხრებული": -2,
  "დანაზოგების": 1,
  "დანაკარგები": -3,
  "დანაშაულებრივ ქმედებებს,": -2,
  "დანაშაული": -2,
  "დანაშაულის": -2,
  "დანგრევა": -2,
  "დანგრევას": -2,
  "დანგრეული": -2,
  "დანებების": -1,
  "დაპატიმრებები": -2,
  "დაპირება": 1,
  "დაპირებები": 1,
  "დაპირისპირება": -2,
  "დაპირისპირების": -2,
  "დაპყრობა": 2,
  "დარბევა": -1,
  "დარტყმები": -1,
  "დარღვევა": -2,
  "დარღვევები": -2,
  "დარღვევებს": -2,
  "დარღვევით": -2,
  "დარღვევის": -2,
  "დარცხვენილი": -2,
  "დარწმუნება": 1,
  "დარწმუნებული": 2,
  "დარწმუნებული ვარ,": 1,
  "დასახლებაში": 1,
  "დასახლებები": 1,
  "დასაჯა": -3,
  "დასნებოვნებული": -2,
  "დასუსტებული": -2,
  "დასცინა": -2,
  "დასცინოდა": -2,
  "დასცინოდნენ": -2,
  "დასჯა": -2,
  "დასჯის": -2,
  "დატოვოს": -1,
  "დაუდასტურებელი": -1,
  "დაუდევარი": -2,
  "დაუზიანდა": -2,
  "დაუმორჩილებლობის": -2,
  "დაუნდობელ": -3,
  "დაუსახლებელ": -1,
  "დაუსწრებელი": -1,
  "დაუღალავი": -2,
  "დაუცველები": -2,
  "დაუცველი": -1,
  "დაუცველობის": -2,
  "დაუჯერებელი": -1,
  "დაფასებული": 2,
  "დაღვრემილი": -2,
  "დაღლილ": -2,
  "დაღლილი": -2,
  "დაღლილობის": -2,
  "დაშავდა": -2,
  "დაშავებულების": -3,
  "დაშინება": -2,
  "დაშინებას": -2,
  "დაშინების": -2,
  "დაშლის": -2,
  "დაცემა": -1,
  "დაცემული": -2,
  "დაცვა": 1,
  "დაცინვით": -2,
  "დაცლილი": -2,
  "დაცული": 1,
  "დაძაბული": -2,
  "დაძაბულობა": -1,
  "დაწესებული": -1,
  "დაჭრა": -2,
  "დაჭრეს": -2,
  "დახარჯვა": -1,
  "დახვეწა": 1,
  "დახვეწილი": 3,
  "დახმარება": -2,
  "დახრილი": -2,
  "დაჯარიმების": -2,
  "დაჯილდოების": 2,
  "დაჯილდოებული": 3,
  "დაჯილდოვდა": 2,
  "დაჰპირდა": 1,
  "დეგრადირება": -2,
  "დეგრადირებული": -2,
  "დევნა": -1,
  "დევნას": -2,
  "დევნის": -1,
  "დეზინფორმაცია": -2,
  "დეზინფორმაციულ": -3,
  "დეზორგანიზებული": -2,
  "დემონსტრაცია": -1,
  "დემორალიზაციას": -2,
  "დემორალიზება": -2,
  "დემორალიზებული": -2,
  "დენონსირება": -2,
  "დეპორტაცია": -2,
  "დეპორტაციის": -2,
  "დეპორტირებული": -2,
  "დეპრესიაში": -2,
  "დესტრუქციული": -3,
  "დეფექტების": -3,
  "დეფიციტი": -2,
  "დეფიციტს": -2,
  "დეფიციტური": -2,
  "დეფორმაციის": -2,
  "დეფორმირებული": -2,
  "დიახ": 1,
  "დიდ ინტერესს იწვევს": 2,
  "დიდება": 3,
  "დიდებული": 2,
  "დიდი": 3,
  "დიდი სიამოვნებით": 3,
  "დიდი სურვილი": 2,
  "დიდი შთაბეჭდილება მოახდინა": 3,
  "დივერსიული": -2,
  "დილა მშვიდობისა": 1,
  "დილემა": -1,
  "დინებაში": 1,
  "დისკვალიფიცირებული": -2,
  "დისკომფორტი": -2,
  "დისკომფორტს": -2,
  "დისკრედიტაცია": -2,
  "დისკრიმინაცია": -2,
  "დისკრიმინაციას ახდენს": -2,
  "დისკრიმინაციული": -2,
  "დისფუნქცია": -2,
  "დროშა": -3,
  "დუნე": -2,
  "დუშ": -3,
  "დღესასწაულები": 3,
  "დღესასწაული": 3,
  "ებრძვის": -2,
  "ებრძოდა": -1,
  "ეგოიზმი": -3,
  "ეგოისტური": -3,
  "ევაკუაცია": -1,
  "ევაკუირებული": -1,
  "ევლებიან": 2,
  "ეზიზღება": -3,
  "ეთიკური": 2,
  "ეიფორია": 3,
  "ეიფორიულ": 4,
  "ელეგანტურად": 2,
  "ელეგანტური": 2,
  "ელის": -1,
  "ემპათიური": 2,
  "ემსახურებოდეს": 1,
  "ემუქრება": -2,
  "ემუქრებიან": -2,
  "ემუქრებოდა": -2,
  "ემხრობა": 2,
  "ენდობა": 1,
  "ენერგიით": 3,
  "ენერგიული": 4,
  "ენთუზიაზმი": 3,
  "ენთუზიასტებმა": -2,
  "ეპიდემიის": -2,
  "ერთგულება": 3,
  "ერთგულების": 2,
  "ერთგული": 3,
  "ერთიანი": 1,
  "ერთხელ სიცოცხლეში": 3,
  "ესმით": -2,
  "ეფექტურად": 2,
  "ეფექტური": 2,
  "ეფექტურობა": 2,
  "ექსკლუზიური": 2,
  "ექსპლოიტეტების": -2,
  "ექსპლუატაციაში": -2,
  "ექსპლუატაციის": -2,
  "ექსტრემისტები": -2,
  "ექსტრემისტული": -2,
  "ეშინია": -2,
  "ეშინოდა": -2,
  "ეძებოს თავგადასავლები": -2,
  "ეწევა": 1,
  "ეწერება": 3,
  "ეჭვი": -1,
  "ეჭვი ეპარება": -1,
  "ეჭვიანი": -2,
  "ეჭვიანობა": -2,
  "ეჭვმიტანილი": -1,
  "ეჭვობენ,": -1,
  "ეჭვქვეშაა დაყენებული": -1,
  "ეხმარება": 2,
  "ეჯავრებოდა": -3,
  "ეჯახება": -1,
  "ვადის ამოწურვის": -1,
  "ვაი": -1,
  "ვალდებულება": 2,
  "ვალის": -2,
  "ვამაყობ": 2,
  "ვაჟკაცურად": 3,
  "ვარდნა": -1,
  "ვართმევთ": -2,
  "ვაუ": 4,
  "ვაფასებთ": 2,
  "ვაღიაროთ": -1,
  "ვაშა": 5,
  "ვაწყენინო": -2,
  "ვაჭარბებ": -2,
  "ვგმობთ": -2,
  "ვეთანხმები": 1,
  "ვერ": -2,
  "ვინც ეცდება": -2,
  "ვიტამინი": 1,
  "ვიქტიმიზაციის": -3,
  "ვნანობ": -2,
  "ვნება": 1,
  "ვნებიანი": 2,
  "ვრცელდება": 1,
  "ვწუხვართ,": -2,
  "ზარმაცი": -1,
  "ზედამხედველობა": -1,
  "ზედმეტად": -2,
  "ზეიმობს": 3,
  "ზემოაღნიშნულიდან": 2,
  "ზეციური": 4,
  "ზეწოლა": -1,
  "ზიანი": -2,
  "ზიანის": -3,
  "ზიანს": -2,
  "ზიანს აყენებს": -2,
  "ზიზღით": -2,
  "ზრდილობა": 2,
  "ზრდის": 2,
  "ზრუნავს": 2,
  "ზრუნვა": 2,
  "ზურგი": 1,
  "ზღაპრულად": 4,
  "ზღაპრული": 4,
  "ზღუდავენ": -1,
  "ზღუდავს": -2,
  "თავაზიანი": 2,
  "თავბრუდამხვევი": -2,
  "თავგადასავლები": 2,
  "თავდადებული": 2,
  "თავდამსხმელი": -2,
  "თავდასხმა": -1,
  "თავდასხმები": -1,
  "თავდასხმის": -2,
  "თავიდან": -1,
  "თავიდან აცილება": -1,
  "თავიდან აცილების": -1,
  "თავიდან აცილების მიზნით,": -1,
  "თავის მოჩვენება": -1,
  "თავის ტკივილი": -2,
  "თავისუფლდება": 2,
  "თავისუფლებათა": 2,
  "თავისუფლების": 2,
  "თავისუფლების აღკვეთა": -2,
  "თავმდაბალი": 1,
  "თავს არიდებს": -1,
  "თავს დაესხნენ": -1,
  "თავხედი": -3,
  "თამამად": 2,
  "თამამი": 3,
  "თამაში შეცვლის": 3,
  "თანაგრძნობა": 2,
  "თანამგრძნობი": 2,
  "თანამდებობიდან": -2,
  "თანახმაა": 2,
  "თანხმობის": 2,
  "თაღლითი": -4,
  "თაღლითობა": -2,
  "თაღლითობაში": -3,
  "თაღლითობის": -4,
  "თაღლითობისთვის": -3,
  "თაღლითური": -3,
  "თაყვანი სცეს": 3,
  "თაყვანს სცემდა": 3,
  "თბილი": 1,
  "თვალწარმტაცი": 5,
  "თვითდაჯერებული": 2,
  "თვითმარქვია": -2,
  "თვითმკვლელები": -2,
  "თვითმკვლელობა": -2,
  "თვითმკვლელობის": -2,
  "თვითმმართველობის ბოროტად": -2,
  "თვითმმართველობის შეგვიყვანოს შეცდომაში": -2,
  "თვისებები": 2,
  "თოხლო": -2,
  "იასპარეზა": -2,
  "იბრძვიან": -2,
  "იბრძოდა": -2,
  "იგნორირება": -1,
  "იგნორირებას": -2,
  "იგნორირებული": -1,
  "იდიოტიზმი": -3,
  "იდიოტური": -3,
  "იეტი": -3,
  "იზიდავს": 1,
  "იზოლირებული": -1,
  "იზრდება": 1,
  "იკვეთება": -1,
  "იკისროს": 1,
  "ილუზიების გარეშე": -2,
  "იმ იმედით,": 2,
  "იმალება": -1,
  "იმალებოდა": -1,
  "იმედგარუებებიც": -3,
  "იმედგაცრუება": -2,
  "იმედგაცრუებული": -2,
  "იმედები": 2,
  "იმედი": -2,
  "იმედი მაქვს,": 2,
  "იმედია": 2,
  "იმედიანი": 2,
  "იმიტირებულ": -2,
  "იმობილიზაცია": -1,
  "იმპიჩმენტის": -3,
  "იმსახურებენ": -2,
  "იმუნური": 1,
  "იმუქრებიან": -2,
  "ინდიფერენტული": -2,
  "ინვალიდობის": -2,
  "ინკვიზიციის": -2,
  "ინოვაციური": 2,
  "ინსპირირებით": 3,
  "ინტელექტუალური": 2,
  "ინტენსიური": 1,
  "ინტერესები": 1,
  "ინტერესი": 1,
  "ინტრიგები": 1,
  "ინფანტილურ": -2,
  "ინფექციების": -2,
  "ინფექციის": -2,
  "ინფექციური": -2,
  "ინფიცირებული": -2,
  "ინფორმაცია მიაწოდეს": -2,
  "ირაციონალური": -1,
  "ირონია": -1,
  "ირონიული": -1,
  "ისარგებლა": 2,
  "ისტერიის": -3,
  "ისტერიკა": -3,
  "ისტერიული": -3,
  "ისხდნენ": -1,
  "ისჯება": -2,
  "იტაცებენ": -2,
  "იტყუებენ": -3,
  "იუმორი": 2,
  "იუმორისტული": 2,
  "იურიდიულად": 1,
  "იურიდიული": 1,
  "იქნება": -2,
  "იღბლიანი": 3,
  "იღებს": 1,
  "იღუპება": -3,
  "იშლება": -2,
  "იცავს": 1,
  "იცინის": 1,
  "იცინოდა": 1,
  "იცოდა": -2,
  "იძენს": 2,
  "იძულება": -2,
  "იძულებით": -2,
  "იძულებითი": -1,
  "იძულებული": 1,
  "იწუნებენ": -2,
  "იწუნებს": -2,
  "კაკალი": -3,
  "კალენდარი": -1,
  "კამათის": -2,
  "კანანელი": -2,
  "კანდიდატი": -1,
  "კანკალი": -1,
  "კანონიერ": 2,
  "კანონიერად": 2,
  "კარგად proportioned": 2,
  "კარგად განვითარებული": 2,
  "კარგად დამკვიდრებული": 2,
  "კარგად კიდეც": 3,
  "კარგად ორიენტირებული": 2,
  "კარგად ჩანს": -1,
  "კარგავს": -3,
  "კარგი": 3,
  "კარგი შესახედაობის": 3,
  "კატასტროფების": -2,
  "კატასტროფის": -2,
  "კატასტროფული": -4,
  "კაშკაშა": 3,
  "კახეთში": -3,
  "კეთილგანწყობილი": 3,
  "კეთილდღეობა": 3,
  "კეთილი": 2,
  "კეთილმოწყობის": 2,
  "კეთილშობილური": 2,
  "კვდება": -3,
  "კვნესიან": -2,
  "კიბოს": -1,
  "კიდეც": 2,
  "კივილი": -2,
  "კიცხავს": -2,
  "კლავს": -3,
  "კმაყოფილი": 3,
  "კომედია": 1,
  "კომიკური": 1,
  "კომპენსაცია": -1,
  "კომპეტენტური": 2,
  "კომპეტენციის": 1,
  "კომპლიმენტები": 2,
  "კომპლიმენტი": 2,
  "კომფორტი": 2,
  "კომფორტულად": 2,
  "კომფორტული": 2,
  "კონკურენტული": 2,
  "კონტრაბანდის": -2,
  "კონტრაბანდული": -2,
  "კონფლიქტები": -2,
  "კონფლიქტი": -2,
  "კონფლიქტის": -2,
  "კონფლიქტურ": -2,
  "კორიდორშიც": -2,
  "კორუმპირებული": -3,
  "კორუფცია": -3,
  "კოცნა": 2,
  "კრიზისი": -3,
  "კრიმინალები": -3,
  "კრიტიკა": -2,
  "კრიტიკოსები": -2,
  "კრიტიკოსი": -2,
  "კრუნჩხვა": -1,
  "კრძალავს": -1,
  "კუთვნილებითი": -2,
  "კუთხეში": -2,
  "კურთხევა": 3,
  "კურთხევის": 3,
  "ლამაზად": 3,
  "ლამაზი": 3,
  "ლამაზმანები": 3,
  "ლაღი": 3,
  "ლევან გაჩეჩილაძე": -3,
  "ლეთარგია": -2,
  "ლეტალობა": -2,
  "ლეტალური": -2,
  "ლიმიტები": -1,
  "ლობირება": -2,
  "ლობის": -2,
  "ლობისტები": -2,
  "ლობისტი": -2,
  "ლოლ": 3,
  "ლოცვა": 1,
  "ლოცვებს": 1,
  "ლოცულობენ": 1,
  "ლტოლვის": -1,
  "მა": -1,
  "მაგარი": 1,
  "მაგარი რამეები": 3,
  "მადლი": 1,
  "მადლიერება": 2,
  "მადლობა": 2,
  "მადლობელი": 3,
  "მავნე": -2,
  "მავნებელი": -2,
  "მამაცი": 2,
  "მანიპულირება": -1,
  "მანკიერი": -2,
  "მარადმწვანე": 2,
  "მარველის": 3,
  "მართალია": 2,
  "მარტო": -2,
  "მარცხი": -2,
  "მატყუარა": -3,
  "მახინჯი": -3,
  "მგზნებარე": 1,
  "მდგრადი": 2,
  "მდგრადობის": 1,
  "მდევნი": -2,
  "მდიდარი": 2,
  "მეამბოხე": -2,
  "მეგობარს": 1,
  "მეგობრობისათვის": 2,
  "მეგობრულად": 2,
  "მეგობრული": 2,
  "მედალი": 3,
  "მედიტაციური": 1,
  "მეთოდურად": 2,
  "მეთოდური": 2,
  "მერყევი": -2,
  "მესმის": -1,
  "მეტი": 3,
  "მეტოქის": -2,
  "მეფობის": 1,
  "მთვრალი": -2,
  "მთლიანი": -2,
  "მთლიანობის": 2,
  "მიაღწია": 1,
  "მიაყენოს": -2,
  "მიესალმა": 2,
  "მიესალმება": 3,
  "მიესაჯა": -2,
  "მივესალმებით": 2,
  "მივესალმო": 1,
  "მივხვდი": -4,
  "მიზანმიმართული": 2,
  "მითი": -1,
  "მიიღოს": 1,
  "მილოცვა": 2,
  "მიმართ": 2,
  "მიმზიდველად": 2,
  "მიმზიდველი": 2,
  "მიმზიდველობა": 2,
  "მიმტევებელი": 1,
  "მინდა": 1,
  "მინუსი": -2,
  "მისალოცი": 1,
  "მისასალმებელი": 2,
  "მისაღები": 1,
  "მისივე განმარტებით,": 2,
  "მისცემს": 1,
  "მისცეს": 2,
  "მიტოვება": -2,
  "მიტოვებული": -2,
  "მიუტევებელი": -3,
  "მიუღებელია": -2,
  "მიღება": 1,
  "მიღების": 1,
  "მიღებული": 1,
  "მიღწევა": 1,
  "მიღწევადია": 1,
  "მიღწევების": 2,
  "მიყენების": -2,
  "მიყენებული": -2,
  "მიყვარს": 3,
  "მკაცრად": 3,
  "მკაცრად აკრიტიკებს": -3,
  "მკაცრი": 3,
  "მკვდარი": -3,
  "მკვლელები": -3,
  "მკვლელი": -2,
  "მკვლელობა": -2,
  "მკვლელობაში": -3,
  "მკვლელობები": -3,
  "მკვლელობის": -2,
  "მნიშვნელობა": 2,
  "მნიშვნელოვანი": 2,
  "მოამზადა": 1,
  "მოატყუა": -2,
  "მოაშთო": -2,
  "მოგება": 4,
  "მოგების": 2,
  "მოგერიდებათ": -2,
  "მოგვარდება": 1,
  "მოგვიანებით": -2,
  "მოდერნიზაცია": 2,
  "მოდერნიზაციის": 2,
  "მოდერნიზებული": 2,
  "მოვიგერიოთ": -1,
  "მოვლილი": 2,
  "მოზეიმე": 3,
  "მოზიდვა": 1,
  "მოზიდვას": 2,
  "მოზიდვის": 2,
  "მოზიდული": 1,
  "მოთხოვნა": -1,
  "მოთხოვნები": -1,
  "მოთხოვნით": -1,
  "მოიგერიეს": -2,
  "მოიგეს შავებმა": 3,
  "მოითხოვა": -1,
  "მოიკითხეს": 2,
  "მოიპარეს": -2,
  "მოიპოვა": 2,
  "მოიწვიოს": 1,
  "მოიხადა": -2,
  "მოიხსენია": -2,
  "მოკავშირე": 2,
  "მოკლე შორსმჭვრეტელმა": -2,
  "მოკლეს": -3,
  "მოკრძალებულად": -2,
  "მოლოდინში": 1,
  "მომატება": 1,
  "მომგებიანი": 3,
  "მომწყინდა": -3,
  "მომხიბვლელი": 3,
  "მომხიბლავი": 3,
  "მომხრეა": 2,
  "მონა": -3,
  "მონები": -3,
  "მონობის": -3,
  "მონოპოლიზებას": -2,
  "მონოპოლიზებაში": -2,
  "მონოპოლიზებული": -2,
  "მონოტონური": -1,
  "მოპარვა": -2,
  "მოპარული": -2,
  "მორალურად": -2,
  "მორცხვი": -1,
  "მოსაგვარებლად": 2,
  "მოსალოდნელი": -1,
  "მოსარგებლე": 2,
  "მოსატყუებლად": -2,
  "მოსაწყენი": -2,
  "მოსიყვარულეა": 3,
  "მოსყიდვა": -3,
  "მოსწონდა": -2,
  "მოსწონს": 2,
  "მოტივაცია": 1,
  "მოტივირება": 2,
  "მოტივირებული": 2,
  "მოტყუება": -3,
  "მოტყუებას": -3,
  "მოტყუებით": -3,
  "მოტყუებული": -3,
  "მოუთმენელი": -2,
  "მოუხერხებელია": -2,
  "მოღვაწე": 2,
  "მოყვარე": 2,
  "მოყვარულთ": 2,
  "მოყვარული": 2,
  "მოშარდვა": -3,
  "მოჩვენებითი": -2,
  "მოძალადე": -4,
  "მოძველებული": -2,
  "მოძულე გაიჩინა": -3,
  "მოწამლული": -2,
  "მოწვევა": 1,
  "მოწინააღმდეგის": -1,
  "მოწინავე": 1,
  "მოწონებული": 2,
  "მოწყენილი": -2,
  "მოწყვეტილი": -2,
  "მოხარული ვარ,": 3,
  "მოხდა": -2,
  "მოხდენილი": 2,
  "მოხერხებული": 2,
  "მოჯადოებული": 2,
  "მრავალხმიანი": -1,
  "მსურველი": 1,
  "მსუქანი": 2,
  "მსხვერპლი": -2,
  "მსხვერპლიც": -3,
  "მსჯავრდებული": -2,
  "მტანჯველი": -3,
  "მტაცებლური": -2,
  "მტერი": -2,
  "მტკივნეული": -2,
  "მტკივნეული რა უნდა იყოს": 2,
  "მტრები": -2,
  "მტრობა": -2,
  "მტრული": -2,
  "მუქარა": -2,
  "მუქარას": -2,
  "მუშა": -2,
  "მუხტი": 3,
  "მფარველები": 2,
  "მყარდება": 2,
  "მყარი": 2,
  "მყრალი": -2,
  "მშვენიერი": 4,
  "მშვიდი": 2,
  "მშვიდობა": 2,
  "მშვიდობიანად": 2,
  "მშვიდობიანი": 2,
  "მშიერი": -2,
  "მშიშარა": -1,
  "მცდარი": -2,
  "მცველები": 2,
  "მძვინვარებს": -2,
  "მძიმე": -1,
  "მძიმე დანაშაულისთვის იხდიან": -3,
  "მძიმედ": -2,
  "მწარე": -2,
  "მწარედ": -2,
  "მწვავე": 2,
  "მწვავედ რეაგირებენ": -2,
  "მწვანე სარეცხი": -3,
  "მწუხარება": -2,
  "მწყობრიდან": -2,
  "მხარდამჭერები": 1,
  "მხარდამჭერი": 2,
  "მხარდაჭერა": 2,
  "მხარდაჭერილი": 2,
  "მხარს უჭერს": 2,
  "მხიარულ": 3,
  "მხიარულად": 3,
  "მხიარული": 3,
  "მხურვალე": 2,
  "ნაბიჭვარი": -5,
  "ნაგავსაყრელი": -1,
  "ნაგვემი": -3,
  "ნაგვის": -1,
  "ნათელი": 1,
  "ნათლად": 2,
  "ნაკლებად სავარაუდოა,": -1,
  "ნაკლებობა": -2,
  "ნაკლი": -3,
  "ნამდვილად მოგველის": -1,
  "ნანატრი": -1,
  "ნანგრევები": -2,
  "ნაყოფიერი": 2,
  "ნაცრისფერი": -1,
  "ნაცხის": -2,
  "ნაწამები": -4,
  "ნაწიბურების": -2,
  "ნაწყენი": -2,
  "ნახმარი": -1,
  "ნაჯახი": -1,
  "ნდობა": 1,
  "ნდობის": 2,
  "ნედლი": -1,
  "ნერვები": -1,
  "ნერვიულად": -2,
  "ნერვული": -2,
  "ნეტარება": 3,
  "ნეტარი": 3,
  "ნიჭი": 2,
  "ნოვატორი": 1,
  "ობიექტური": 2,
  "ოვაციას": 2,
  "ომის": -2,
  "ოპტიმიზმი": 2,
  "ოპტიმისტური": 2,
  "ორიენტირებული": 2,
  "ოქროს": 2,
  "ოცნება": 1,
  "პანაშვიდები": -1,
  "პანიკა": -3,
  "პანიკაშია": -3,
  "პანიკური": -2,
  "პარადოქსი": -1,
  "პასიურად": -1,
  "პასიური": -1,
  "პასუხისმგებელი": 2,
  "პასუხისმგებლობა": 1,
  "პატივი": 2,
  "პატივს არ სცემენ": -2,
  "პატივსაცემი": 2,
  "პატივცემული": 2,
  "პატიმარი": -2,
  "პატიმრები": -2,
  "პატიოსანი": 2,
  "პედერასტების": -3,
  "პერსპექტივა": 1,
  "პერსპექტივები": 1,
  "პესიმიზმი": -2,
  "პესიმისტი": -2,
  "პიარის": -2,
  "პოპულარობა": 3,
  "პოპულარული": 3,
  "პოსტტრავმული": -2,
  "პრეტენზია": -1,
  "პრივილეგირებული": 2,
  "პრობლემა": -2,
  "პრობლემები": -2,
  "პრობლემური": -2,
  "პროგრესი": 2,
  "პროვოცირება": -1,
  "პროვოცირებას": -1,
  "პროვოცირებული": -1,
  "პროპაგანდა": -2,
  "რა კარგი": 4,
  "რა მიმზიდველი": 3,
  "რამეში": 2,
  "რასაც ხელი შეუწყო": 2,
  "რასიზმის": -3,
  "რასისტები": -3,
  "რასისტული": -3,
  "რატიფიცირებული": 2,
  "რაღაცა": -2,
  "რეაქციების": -2,
  "რევა": -3,
  "რევანშისტული": -2,
  "რეკლამირებული": -2,
  "რეკომენდაცია": 2,
  "რეკომენდირებული": 2,
  "რელსებიდან გადავიდა": -2,
  "რეპრესიების": -2,
  "რეპრესიული": -2,
  "რეტარდის": -2,
  "რეცესიის": -2,
  "რთული": -1,
  "რისკები": -2,
  "რისკის": -2,
  "რომანი": 2,
  "რომანტიკისათვის": 2,
  "რომანტიულად": 2,
  "რყვნის": -3,
  "რჩეულე": 2,
  "რწმენა": 1,
  "საავადმყოფოში": -2,
  "სააღმზრდელო": 2,
  "საბაბი": -1,
  "საბავშვო": 2,
  "საბედისწერო": -3,
  "საბედნიეროდ": 3,
  "საბოტაჟი": -2,
  "საბრძოლო": -1,
  "საგანამანთლებლო": 2,
  "საგანძური": 2,
  "სადავო": -2,
  "სადამსჯელო": -2,
  "სადღესასწაულო": 2,
  "საერთო": 1,
  "საეტაპო": 2,
  "საეჭვო": -2,
  "საეჭვოა": -1,
  "სავალალო": -2,
  "სავალდებულო": -1,
  "საზარელი": -3,
  "საზეიმო": -1,
  "საზეიმოდ": 2,
  "საზიანო": -3,
  "საზიზღრობაა": -3,
  "სათავგადასავლო": 2,
  "სათანადოდ ვერ შეაფასა": -1,
  "სათნო": 2,
  "საიმედო": 2,
  "საიმედოდ": 2,
  "საიმედოობის": 2,
  "საინტერესო": 3,
  "საკამათო": -2,
  "საკითხები": 1,
  "საკითხზე": 1,
  "საკმაოდ": 1,
  "საკმეველი": -2,
  "საკონსულტაციო": 1,
  "სალამი": 2,
  "სამართალი": 2,
  "სამართალწარმოება": -1,
  "სამართლიანად": 2,
  "სამართლიანი": 2,
  "სამართლიანობის": 2,
  "სამარცხვინო": -2,
  "სამაშველო": 2,
  "სამახსოვრო": 1,
  "სამეწარმეო": 1,
  "სამკაულებს": 1,
  "სამოთხეში": 2,
  "სამოსში": 1,
  "სამწუხარო": -2,
  "სამწუხაროა,": -2,
  "სამწუხაროდ": -2,
  "სანდო": 2,
  "სანუკვარ": 2,
  "საოცარი": 4,
  "საოცრებაა": 3,
  "საპასუხო": 2,
  "საპატიო": 2,
  "საპროტესტო": -2,
  "საპროტესტო აქციები": -2,
  "სარგებელი": 2,
  "სარგებელს": 2,
  "სარგებლობა": 2,
  "სარგებლობდა": 2,
  "სარგებლობენ": 2,
  "სარგებლობს": 2,
  "სარისკო": -2,
  "სარკასტული": -2,
  "სარჩელი": -2,
  "სასადილო": -2,
  "სასარგებლო": 2,
  "სასაცილო": 4,
  "სასიამოვნო": 3,
  "სასიკვდილო": -3,
  "სასოწარკვეთა": -3,
  "სასოწარკვეთილ": -3,
  "სასოწარკვეთილი": -3,
  "სასტიკ": -2,
  "სასტიკად": -2,
  "სასტიკი": -1,
  "სასურველი": 2,
  "სასურველია": 2,
  "სასწაული": 4,
  "სასწრაფო": -1,
  "სასწრაფოდ": 1,
  "სასჯელი": -2,
  "სასჯელის": -2,
  "სასჯელს": -2,
  "სატენდერო": 2,
  "საუკეთესო": 3,
  "საუკეთესო damn": 4,
  "საფრთხე": -2,
  "საფრთხეები": -2,
  "საფრთხესთან": -2,
  "საფრთხის": -2,
  "საქველმოქმედო": 2,
  "საყვარელი": 3,
  "საყვედური": -2,
  "საყვედურობს": -2,
  "საშინელი": -2,
  "საშინლად": -1,
  "საშიში": 3,
  "საჩივარი": -2,
  "საჩივრების": -2,
  "საჩუქარი": 2,
  "საჩუქრად": 2,
  "საძაგელი": 2,
  "საძულველ": -3,
  "სახელს": -2,
  "სახის": 0,
  "სახიფათო": -2,
  "საჯარიმო": -2,
  "სევდა": -2,
  "სევდიანი": -2,
  "სენი": -2,
  "სეტყვა": 2,
  "სექსისტური": -2,
  "სიახლე": 1,
  "სიბნელე": -1,
  "სიბრძნე": 1,
  "სიგნალიზაცია": -2,
  "სითბო": 3,
  "სიკაშკაშე": 1,
  "სიკეთე": 3,
  "სიკეთეს": 3,
  "სიკვდილი": -2,
  "სილამაზის": 3,
  "სიმამაცე": 2,
  "სიმართლე": 2,
  "სიმარტივე": 1,
  "სიმდიდრე": 3,
  "სიმსივნური": -2,
  "სიმყუდროვის": 2,
  "სიმშვიდეს": 2,
  "სიმშვიდეს ურღვევს": -2,
  "სიმშვიდისაკენ": 2,
  "სიმწრით": -2,
  "სინაგოგიდან მოკვეთით": -2,
  "სინაზის": 2,
  "სინანული": -2,
  "სინანულით": -3,
  "სირცხვილი": -2,
  "სისასტიკე": -3,
  "სისასტიკით": -3,
  "სისულელე": -3,
  "სისუსტე": -2,
  "სისხლიანი": -3,
  "სისხლის": -3,
  "სისხლისსამართლებრივი დევნის": -1,
  "სიტყვიერი შეურაცხყოფა მიაყენა": -2,
  "სიღარიბეს": -2,
  "სიღარიბის": -1,
  "სიყვარული": 2,
  "სიყვარულით": 3,
  "სიცარიელე": -1,
  "სიცილი": 1,
  "სიცოცხლისუნარიანობა": 3,
  "სიცხადე": 2,
  "სიძულვილი": -3,
  "სიხარული": 3,
  "სკანდალი": -3,
  "სკანდალური": -3,
  "სკანდირებენ": 2,
  "სკეპტიკოსები": -2,
  "სკეპტიკოსი": -2,
  "სკეპტიკურად": -2,
  "სკეპტიციზმი": -2,
  "სლეში": -2,
  "სოლიდარობა": 2,
  "სოციალურად დაუცველი": -2,
  "სპამერთა": -2,
  "სპამი": -2,
  "სპამისგან": -3,
  "სპეკულაცია": -2,
  "სროლის": -2,
  "სრულყოფა": 3,
  "სრულყოფილი": 3,
  "სტაბილური": 2,
  "სტერეოტიპი": -2,
  "სტერეოტიპული": -2,
  "სტიმულირება": 1,
  "სტიმულირების": 2,
  "სტრესი": -1,
  "სტრესისგან": -2,
  "სულელებს": -2,
  "სულელი": -2,
  "სულელურ": -3,
  "სულელური": -2,
  "სული": 1,
  "სუნი": -2,
  "სურვილები": 1,
  "სურვილი": 2,
  "სურს": 2,
  "სუსტი": -2,
  "სუსტი მხარეები": -2,
  "სუფთა": 3,
  "სცემეს": -2,
  "სცენას გაითამაშებს": -3,
  "სძლია": -2,
  "სძულდა": -3,
  "სძულს": -3,
  "სწორი": 1,
  "სწორი მიმართულებით": 3,
  "სწრაფად": 2,
  "სწრაფი": 2,
  "სჯის": -2,
  "ტალახიანი": -2,
  "ტანჯვას": -3,
  "ტაში": 2,
  "ტაშს": 2,
  "ტენდენციური": -2,
  "ტერორი": -3,
  "ტერორისტები": -2,
  "ტერორისტული": -2,
  "ტერორს": -3,
  "ტვირთი": -2,
  "ტვირთს": -2,
  "ტირანული": -3,
  "ტირილი": -1,
  "ტირილით": -2,
  "ტირის": -2,
  "ტიროდა": -2,
  "ტკბილი": 2,
  "ტკბილია": 3,
  "ტკივილი": -2,
  "ტოლერანტობის": 2,
  "ტოლერანტული": 2,
  "ტოტალიტარიზმის": -2,
  "ტოტალიტარული": -2,
  "ტოქსიკური": -3,
  "ტრაბახა": -2,
  "ტრაგედია": -2,
  "ტრაგედიები": -2,
  "ტრაგიკული": -2,
  "ტრავმა": -3,
  "ტრავმატული": -3,
  "ტრავმირებული": -2,
  "ტრანსვესტიტები": -1,
  "ტრემორი": -2,
  "ტრიუმფალური": 4,
  "ტრიუმფი": 4,
  "ტყვეობაში": 3,
  "ტყუილია": -2,
  "უადგილოა": -2,
  "უაზრო": -2,
  "უაზრობა": -2,
  "უანგარო": 2,
  "უარესდება": -2,
  "უარესი": -3,
  "უარი": -1,
  "უარი თქვას": -1,
  "უარის": -2,
  "უარის თქმის": -1,
  "უარს": -2,
  "უარს ამბობს": -2,
  "უარყოფა": -2,
  "უარყოფითი": -2,
  "უარყოფილი": -2,
  "უარყოფისა": -2,
  "უარყოფს": -1,
  "უბედურება": -2,
  "უბედური": -2,
  "უბედური შემთხვევა": -2,
  "უბრალო": -2,
  "უგულებელყო": -2,
  "უგულებელყოფა": -2,
  "უგულვებელყოფით": -2,
  "უგულვებელყოფილია": -1,
  "უგულო": -2,
  "უგუნური": -2,
  "უდარდელი": 1,
  "უვარგისი": -2,
  "უვარგისია": -2,
  "უზადო": 2,
  "უზრუნველსაყოფად,": 1,
  "უზრუნველყოს": 2,
  "უზრუნველყოფილი": 2,
  "უთანასწორო": -1,
  "უთანხმოება": -2,
  "უიმედო": -2,
  "უიმედობა": -2,
  "უიმედოდ": -3,
  "უიღბლო": -2,
  "უკან დახევა": -1,
  "უკანონო": -3,
  "უკანონოდ": -3,
  "უკბილო": -2,
  "უკეთესი": 2,
  "უკეთილშობილესი": 2,
  "უკვდავი": 2,
  "უკმარისობა": -2,
  "უკმაყოფილება": -2,
  "უკმაყოფილების": -2,
  "უკმაყოფილო": -2,
  "უკმაყოფილოები": -2,
  "უკრძალავენ": -2,
  "ულამაზესი": 2,
  "ულოცავენ": 2,
  "უმადური": -3,
  "უმაღლესი": 4,
  "უმდაბლესი": -1,
  "უმეცარი": -2,
  "უმნიშვნელო": -2,
  "უმოქმედობის": -2,
  "უმუშევარი": -1,
  "უმუშევრობის": -2,
  "უმძიმეს": -2,
  "უმწეო": -2,
  "უნაკლოდ": 2,
  "უნარი": 2,
  "უნარში": -3,
  "უნაყოფო": -2,
  "უნდობლობა": -3,
  "უნებლიედ": -2,
  "უნიათობით": -2,
  "უნუგეშო": -2,
  "უპასუხისმგებლო": -2,
  "უპასუხისმგებლოდ": -2,
  "უპატივცემულობა": -2,
  "უპირატესად": 2,
  "უპირატესობა": 2,
  "უპირატესობები": 2,
  "ურთიერთობა": 2,
  "ურღვევი": 2,
  "ურყევი": 2,
  "ურჩევს": 2,
  "ურწმუნო": -1,
  "უსამართლო": -2,
  "უსარგებლო": -2,
  "უსაფრთხო": 2,
  "უსაფრთხოდ": 1,
  "უსაფრთხოება": 1,
  "უსაყვარლესი": 3,
  "უსაყვედურა": -3,
  "უსახლკარო": -2,
  "უსიამოვნო": -2,
  "უსულო": -2,
  "უსუსური": -2,
  "უუნარო": -2,
  "უუნაროა": -2,
  "უუნარობა": -2,
  "უფასო": 1,
  "უფლება აქვს,": 1,
  "უღალატა": -3,
  "უღირსი": -2,
  "უყვარდა": 2,
  "უყვართ": -3,
  "უყვარს": 3,
  "უყურადღებობა": -2,
  "უყურადღებოდ": -2,
  "უშედეგო": -2,
  "უშედეგობის": -2,
  "უშედეგოდ": -2,
  "უშიშარი": 2,
  "უშლიდა ხელს მდგომარეობის სწორად": -1,
  "უშლის": -2,
  "უშნო": -3,
  "უჩვენეს": -2,
  "უჩივიან": -2,
  "უჩივის": -2,
  "უჩივლა": -2,
  "უცენზურო ლექსიკა": -2,
  "უცვლელი": 2,
  "უცნაურად": -1,
  "უცნაური": -1,
  "უძილობა": -2,
  "უძლეველი": 2,
  "უძლური": -2,
  "უძლურია": -2,
  "უწყება": -2,
  "უხამსი": -2,
  "უხამსობის": -2,
  "უხარისხო": -3,
  "უხერხულ": -2,
  "უხეშად": -3,
  "უხეში": -2,
  "უხვად": 2,
  "ფალსიფიცირებული": -3,
  "ფანტავს": -2,
  "ფანტასტიკური": 4,
  "ფართო": 1,
  "ფარისევლური": -2,
  "ფარსი": -1,
  "ფარსია": -2,
  "ფასდაკლებით": -1,
  "ფატალური": -3,
  "ფაშისტები": -2,
  "ფაშისტური": -2,
  "ფიტნეს": 1,
  "ფიქრი": -3,
  "ფიცს": -2,
  "ფლაგმანი": 2,
  "ფონი": 3,
  "ფორმაში": -2,
  "ფრთხილად": 2,
  "ფრთხილი": -1,
  "ფსევდო": -3,
  "ფსიქოპატი": -2,
  "ფუფუნება": 2,
  "ფხვიერი": -3,
  "ფხიზლად": 3,
  "ქაოსი": -2,
  "ქარიზმა": 2,
  "ქვრივი": -1,
  "ქმედებასთან": -2,
  "ქმედითი": 3,
  "ქმედუუნარო": -2,
  "ქრება": -1,
  "ქრთამის": -3,
  "ქსენოფობიური": -2,
  "ქურდობა": -2,
  "ღალატი": -3,
  "ღალატის": -3,
  "ღალატობს": -3,
  "ღარიბი": -2,
  "ღებინება": -3,
  "ღვთის შთაგონებით": 2,
  "ღიმილი": 2,
  "ღირს": 2,
  "ღირსება": 2,
  "ღირსი": 2,
  "ღმერთი": 1,
  "ღრუ": -1,
  "ყაბზობა": -2,
  "ყალბი": -1,
  "ყაჩაღი": -2,
  "ყვირილი": -2,
  "ყვირილით": -2,
  "ყვირილის": -2,
  "ყოვლისმომცველი": 2,
  "ყურადღებით": 2,
  "შავდება": -2,
  "შანსი": 2,
  "შანტაჟი": -3,
  "შანტაჟის": -3,
  "შეაგონეთ": -2,
  "შეადგინა": -1,
  "შეაკავა": 2,
  "შეამოწმოს": 1,
  "შეამცირა": -2,
  "შეანელა": -2,
  "შეარყია": -2,
  "შეასრულოს": 2,
  "შეაფერხა": -2,
  "შეაქო": 3,
  "შეაშფოთა": -2,
  "შეაჩეროს": -1,
  "შეგაშინათ": -2,
  "შეგრძნება": 1,
  "შედეგადაც": -3,
  "შედეგებს": -2,
  "შედეგი": 2,
  "შედევრები": 4,
  "შეეფერება": 2,
  "შეეცდებიან": 2,
  "შევსება": 2,
  "შეზღუდვა": -1,
  "შეზღუდოს": -2,
  "შეზღუდულად": -1,
  "შეზღუდული": -1,
  "შეზღუდული შესაძლებლობების მქონე": -2,
  "შეთანხმდნენ": 1,
  "შეთანხმება": 1,
  "შეთქმულების": -3,
  "შეინარჩუნა": -1,
  "შეიძლება \"t დავდგეთ": -3,
  "შეიწოვება": 1,
  "შეიწყალა": 2,
  "შელახა": -2,
  "შემაკავებელი": -2,
  "შემაფერხებელ": -2,
  "შემაფერხებელი": -2,
  "შემაშფოთებელი": -2,
  "შემაშფოთებელია": -2,
  "შემაძრწუნებელი": -2,
  "შემზარავი": -3,
  "შემთხვევით": -2,
  "შემთხვევითი": -2,
  "შემთხვევის": -2,
  "შემოქმედებითი": 2,
  "შემოწირულობა": 2,
  "შემრიგებლური": 2,
  "შემცირება": -1,
  "შემხედვარე": 2,
  "შემხვედრი": 2,
  "შენახული": 2,
  "შენიღბვა": -1,
  "შენიღბვას": -1,
  "შეპყრობილი": 2,
  "შერჩეული": 1,
  "შერცხვენა": -2,
  "შესაბამისად": 2,
  "შესაბამისი": 2,
  "შესამჩნევი": 2,
  "შესანიშნავად": 4,
  "შესანიშნავი": 5,
  "შესასრულებლად": 2,
  "შესაფერისი": 2,
  "შესაძლებლობა": 2,
  "შესაძლებლობები": 2,
  "შესაძლებლობების": 1,
  "შესრულდა": 2,
  "შესრულება": 2,
  "შესრულებულია": 2,
  "შეტაკება": -2,
  "შეტევითი": -2,
  "შეუმჩნეველი": -1,
  "შეუნდო": 2,
  "შეუნდობელი": -2,
  "შეურაცხმყოფელი": -2,
  "შეურაცხყოფა": -2,
  "შეურაცხყოფას": -2,
  "შეურაცხყოფს": -3,
  "შეურიგდა": 2,
  "შეურიგდება": 2,
  "შეურიგებლობას": -2,
  "შეუსაბამო": -2,
  "შეუსრულებელი": -2,
  "შეუქმნის": 2,
  "შეუქცევადად": -1,
  "შეუქცევადი": -1,
  "შეუშალა": -2,
  "შეუშალოს": -2,
  "შეუჩერებელი": 2,
  "შეუძლია": 1,
  "შეფერხდა": -2,
  "შეფერხებისა": -2,
  "შეღებილი": -2,
  "შეშინებული": -2,
  "შეშლილი": -3,
  "შეშფოთებულია": -2,
  "შეჩერება": -1,
  "შეჩერების": -1,
  "შეჩერებულია": -1,
  "შეცდომა": -2,
  "შეცდომაში შეყვანაა": -3,
  "შეცდომაში შეყვანას": -3,
  "შეცდომები": -2,
  "შეცვალოს": -1,
  "შეძლებულ": 2,
  "შეძრა": -2,
  "შეწუხდა": -2,
  "შეწყალების": 2,
  "შეწყდეს": -2,
  "შეწყვეტილია": -1,
  "შეწყვიტა": -1,
  "შეჭრა": -1,
  "შეჯახება": -2,
  "შეჯახების": -1,
  "შვებით": -2,
  "შთააგონებს": 2,
  "შთაბეჭდილება": 3,
  "შთაგონების": 2,
  "შთამბეჭდავი": 3,
  "შიმშილი": -2,
  "შიმშილით": -2,
  "შიმშილობს": -2,
  "შიში": -2,
  "შიშით": -2,
  "შოკი": -2,
  "შოკირებული": -2,
  "შოკისმომგვრელი": -2,
  "შტირებით": -2,
  "შურთ": -2,
  "შური": -1,
  "შურის": -1,
  "შურისძიება": -2,
  "შურს": -1,
  "შფოთვა": 3,
  "შხამი": -2,
  "ჩაახშო": -1,
  "ჩაგრული": -2,
  "ჩადენილი": -2,
  "ჩადენის": 1,
  "ჩადის": 1,
  "ჩაერთონ": 1,
  "ჩაიდინოს": 1,
  "ჩაირთოს": 2,
  "ჩაიშალა": -2,
  "ჩამოვრჩით": -2,
  "ჩამოინგრა": -2,
  "ჩამორჩენილი": -2,
  "ჩანერგეს": -2,
  "ჩასაშლელად": -2,
  "ჩაფიქრდა": -1,
  "ჩაფიქრებული": -3,
  "ჩაშალა": -2,
  "ჩაშალოს": -2,
  "ჩაშლას": -2,
  "ჩაშლასთან": -2,
  "ჩაშლის": -2,
  "ჩაჭრა": -2,
  "ჩახლართული": 2,
  "ჩახუტება": 2,
  "ჩემპიონები": 2,
  "ჩემპიონი": 2,
  "ჩერდება": -2,
  "ჩვეულებრივ": -3,
  "ჩიხში": -2,
  "ჩმორი": -2,
  "ჩხვლეტის": -5,
  "ჩხუბები": -1,
  "ცარიელი": -1,
  "ცბიერი": -3,
  "ცდება": -2,
  "ცემინება": -2,
  "ცემის": -1,
  "ცენზორი": -2,
  "ცენზურა": -2,
  "ცენზურის": -2,
  "ცეცხლი": -2,
  "ცილისმწამებლურ": -2,
  "ცინიზმი": -2,
  "ცინიკურ": -2,
  "ცინიკური": -2,
  "ციხეში": -2,
  "ცნობილი": 2,
  "ცნობისმოყვარე": 2,
  "ცოდვა": -2,
  "ცოდვები": -2,
  "ცოდვილი": -3,
  "ცოცხალი": 3,
  "ცრემლები": -2,
  "ცრუ": -3,
  "ცრუობს": -2,
  "ცუდად": -2,
  "ცუდი": -2,
  "ცუდი აღმოჩნდა": -3,
  "ცუდი იღბალი": -2,
  "ცქრიალა": 3,
  "ცხელება": -2,
  "ძალა": 2,
  "ძალადობა": -3,
  "ძალადობასთან დაკავშირებით": -3,
  "ძალადობის": -3,
  "ძალადობრივი": -3,
  "ძალისხმევის": 2,
  "ძარცვა": -2,
  "ძარცვავას": -2,
  "ძვირადღირებული": -2,
  "ძვირი": 3,
  "ძვირფასი ქვა": 1,
  "ძვირფასო": 2,
  "ძიებანი": 1,
  "ძირს უთხრის": -2,
  "ძლიერი": 2,
  "ძმები": -2,
  "ძუკნა": -5,
  "ძუნწი": -2,
  "ძუძუები": -2,
  "წაახალისოს": 2,
  "წამახალისებელი": 2,
  "წამების": -4,
  "წამყვანი": 2,
  "წართმევით": -2,
  "წარმატება": 2,
  "წარმატებით": 3,
  "წარმატების": 3,
  "წარმატებული": 3,
  "წარმონაქმნების": 2,
  "წარმოსახვითი": 2,
  "წარმოუდგენელი": -2,
  "წარუმატებელი": -2,
  "წარუმატებლად": -2,
  "წარუმატებლობის": -2,
  "წაშლა": -2,
  "წახალისება": 2,
  "წევრები": 1,
  "წერაკითხვის": -2,
  "წვიმიანი": -1,
  "წილი": 1,
  "წინააღმდეგობრივია": -2,
  "წმინდა": 1,
  "წუხილს": -2,
  "წუხილს გამოთქვამს": -3,
  "წყალობა": 2,
  "წყევლა": -1,
  "წყვდიადში": -1,
  "წყვეტს": 1,
  "ჭაბურღილის": -2,
  "ჭირვეული": -4,
  "ჭირი": -3,
  "ჭკვიანი": 2,
  "ჭკვიანია": 2,
  "ჭკუასუსტი": -3,
  "ჭრის": -1,
  "ხაზი გაუსვა,": -2,
  "ხალხმრავლობის": -1,
  "ხარ": -4,
  "ხარ კარგი": 4,
  "ხარ ლამაზი": 4,
  "ხარ მიმზიდველი": 4,
  "ხარ საოცარი": 4,
  "ხარ სიყვარული": 4,
  "ხარ სრულყოფილი": 4,
  "ხარ უყვარს": 4,
  "ხარ ფანტასტიკური": 4,
  "ხარბ": -2,
  "ხარვეზები": -2,
  "ხარვეზის": -2,
  "ხარისხი": 2,
  "ხარკი": 2,
  "ხარობდეთ": 4,
  "ხაფანგები": -1,
  "ხაფანგში": -1,
  "ხედვა": 1,
  "ხედვები": 1,
  "ხედვის": 1,
  "ხელი შეუშალა": -1,
  "ხელი შეუწყოს": 1,
  "ხელის შეშლა": -2,
  "ხელისუფლების": 1,
  "ხელმისაწვდომი": 2,
  "ხელმოცარული": -3,
  "ხელმძღვანელობა": 1,
  "ხელოვნების ნიმუში": 4,
  "ხელს უშლის": -1,
  "ხელს უწყობს": 2,
  "ხელს შეუშლის": -2,
  "ხელსაყრელი": 2,
  "ხელყოფს": -2,
  "ხელშეწყობა": 1,
  "ხერხდება": -1,
  "ხიბლი": 3,
  "ხმაურიანი": 2,
  "ხსნა": 2,
  "ხულიგნები": -2,
  "ხულიგნობა": -2,
  "ხუმრობა": 2,
  "ხუმრობები": 2,
  "ჯანდაბა": -2,
  "ჯანსაღი": 2,
  "ჯარიმა": 2,
  "ჯარიმები": -2,
  "ჯდება": 1,
  "ჯილდო": 3,
  "ჯილდოები": 2,
  "ჯიუტი": -2,
  "ჯოჯოხეთი": -4,
  "ჯოჯოხეთური": 2,
  "ჰარმონია": 2,
  "ჰარმონიულად": 2,
  "ჰარმონიული": 2,
  "ჰაჰა": 3,
  "ჰუმანური": 2
}