{
  ", ankakayikira": -2,
  "aakulu": -1,
  "abata": 2,
  "abductions": -2,
  "abera": -2,
  "Abiti": -2,
  "abodza": -3,
  "aborts": -1,
  "absentees": -1,
  "absolves": 2,
  "absolving": 2,
  "abwino": 2,
  "accolade": 2,
  "achabechabe": -2,
  "achangu": 2,
  "achenjeze": -2,
  "achidwi": 2,
  "achifasizimu": -2,
  "achigololo": 3,
  "achigonjetse": -2,
  "achilengedwe": 1,
  "achinyamata": -2,
  "achinyengo": -2,
  "achipongwe": -2,
  "achire": -3,
  "achoke": -1,
  "achotsa mumpingo": -2,
  "achotse": -1,
  "acquits": 2,
  "acquitting": 2,
  "acrimonious": -3,
  "ada": -3,
  "adachita zopusa": -4,
  "adadzichitira": -2,
  "adadzonga": -2,
  "adafuwula": -2,
  "adagawa": 1,
  "adakhumudwa": -2,
  "adalitso": 3,
  "adamuwumiriza": -2,
  "adane": -3,
  "adani": -2,
  "adatsutsa": -2,
  "adavomereza": 2,
  "adawalamulira": -3,
  "adores": 3,
  "adoringly": 3,
  "advantageously": 2,
  "adyera": -2,
  "adzakupanikizani": -2,
  "adzala ndi zokhalamo": -1,
  "adzalemekezedwa": 2,
  "adzauka": 1,
  "adzawonongedwa": -2,
  "affectionateness": 3,
  "affronted": -1,
  "aficionados": 2,
  "aggressions": -2,
  "agog": 2,
  "agonises": -3,
  "agonized": -3,
  "Agwidwa": -2,
  "agwirizane": 1,
  "aiwala": -1,
  "ajambule": -1,
  "akaidi": -2,
  "akakambirana": 2,
  "akalandire": 2,
  "akaleka": -1,
  "akamakunyozani": -2,
  "akamavutitsa": -3,
  "akamuweruze": -2,
  "akanagwiritsa": -2,
  "Akanati": 1,
  "akandipatsa": 2,
  "Akangotaya": -3,
  "akapolo": -2,
  "akathyali": 1,
  "akatilakwira": -2,
  "akatswiri": 2,
  "akatundu": -2,
  "akawelewele": -2,
  "akhoza \"T kuima": -3,
  "Akhristu atengerana kukhoti": -2,
  "akhumudwitsidwa": -2,
  "akhungu": -1,
  "akuba": -2,
  "akubera": -2,
  "akuchitira sawatcha": 2,
  "akuchuluka": -3,
  "akudalitseni": 2,
  "akudandaula": -2,
  "akufa": -3,
  "Akufuna kumunyamula": 3,
  "akufunitsitsa": 2,
  "akuganiza": -1,
  "akugwa": -2,
  "akugwiritsa": 1,
  "akugwirizana": 1,
  "akukana": -2,
  "akukokomeza": -2,
  "akukondwera": 3,
  "akukukakamizani": -2,
  "akukumbatirana": 1,
  "akulankhula": -2,
  "akulephera": -2,
  "akulimbana": -2,
  "akulimbikitsidwa": 2,
  "akulira": -2,
  "akulira maliro": -2,
  "akulola": 2,
  "akulonjera": 1,
  "akumane": -2,
  "akumuda": -3,
  "akumwetulira": 2,
  "akundisumira": -2,
  "akununkha": -2,
  "akunyalanyaza": -2,
  "akuona": -1,
  "akupambana": 3,
  "akupeza": 2,
  "akuponya": -1,
  "akusangalala": 2,
  "akusanza": -3,
  "akuseka": -2,
  "akusokoneza": -2,
  "akusowa": -2,
  "akutali": -1,
  "akutama": 3,
  "akuthawira": -1,
  "akutivutitsa": -3,
  "akutsimikiziranso": 1,
  "akutsutsana": 2,
  "akutulutsa": -2,
  "akuusa": -2,
  "akuvutika": -3,
  "akuwakayikira": -1,
  "akuwononga": -2,
  "akuyamwitsa": -3,
  "akuyendeni pansi": -3,
  "akuyesetsa": 1,
  "akuzengedwa mlandu": -2,
  "akwaniritse": 2,
  "Alamu": -2,
  "alangize": -2,
  "alarmists": -2,
  "aleluya": 3,
  "alepheretse": -2,
  "alimbitse": 2,
  "alitcha": 2,
  "aliuma": -2,
  "allegation": -2,
  "alumbira": -2,
  "aluso": 2,
  "amabisa": -3,
  "amabisala": -1,
  "Amachepetsa": 2,
  "amachititsa": 2,
  "amadana": -3,
  "Amadana": -3,
  "amadetsa": -2,
  "amadzetsa": -2,
  "amadzionetsera": -1,
  "Amafa": -2,
  "amaganiziridwa": -1,
  "amaipitsa": -2,
  "amakadula": -1,
  "amakana": -2,
  "amakanika": -2,
  "amakayikira": -2,
  "amakhululuka": 2,
  "amakhululukira": 2,
  "amakhumudwa": -2,
  "amakonda": 2,
  "amakopeka": 3,
  "amakula": -2,
  "amakwaniritsa": 2,
  "amakwiya": -3,
  "amalandira": 2,
  "amalangidwa": -2,
  "amalangiza": 2,
  "amalemekeza": 2,
  "amalephera": -2,
  "amalepheretsa": -2,
  "amaletsa": -1,
  "amalimbikitsidwa": 2,
  "amalowerera": -1,
  "amamangidwa": -2,
  "amangovuta": -3,
  "amantha": -2,
  "amanyalanyaza": -2,
  "amanyansidwa": -2,
  "amanyazi": -2,
  "amanyenga": -3,
  "amanyoza": -2,
  "amapewa": -1,
  "amapezerapo": -2,
  "amapha": -1,
  "amapulumutsidwa": 2,
  "amasangalala": 3,
  "amasangalatsa": 3,
  "amasankha": -2,
  "amasirira": 3,
  "amasiya": -2,
  "amasowa": -3,
  "amaswa": -2,
  "amataya": -3,
  "amatayira": -1,
  "amatengeka": -2,
  "amateteza": 1,
  "amatilongosolera": 2,
  "amatope": -2,
  "Amatsitsimutsa": 2,
  "amatulutsa": -2,
  "amavomereza": 2,
  "amavutitsa": -2,
  "amavutitsidwa": -2,
  "amawaopsezawo": -2,
  "amawononga": -2,
  "amayamikira": 2,
  "amazengereza": -2,
  "amazitsutsa": -2,
  "amazunza": -2,
  "amenye": -1,
  "amphamvu": 2,
  "amphwayi": -3,
  "amukane": -2,
  "amukopere": 3,
  "amunamuna": 3,
  "amusements": 3,
  "anaba": -2,
  "anabisala": -1,
  "anabwezera": -2,
  "anabwezeretsa": 1,
  "anachedwa": -1,
  "anachenjeza": -2,
  "anachitazi": -2,
  "anachotsedwa": -2,
  "anada": -3,
  "anadabwa": 3,
  "Anadalitsa": 2,
  "anadalitsidwa": 2,
  "anadandaula": -2,
  "anadula": -1,
  "anadzidzimuka": -2,
  "anadzikaniza": -2,
  "anadzudzula": -2,
  "anadzuma": -2,
  "anafika": 1,
  "anafooka": -2,
  "Anagometsa": 3,
  "anagonjetsa": -2,
  "anagwiriridwa": -4,
  "anagwirizana": 1,
  "Anaika": -1,
  "anaiwala": -1,
  "anakana": -2,
  "anakantha": -1,
  "anakayikira": -1,
  "anakhomedwa": -3,
  "anakhumba": 2,
  "anakhumudwa": -2,
  "anakokera": -1,
  "anakomoka": -2,
  "anakonda": 3,
  "anakonza": 1,
  "anakopeka": 1,
  "anakula": -3,
  "anakuwa": -2,
  "anakwaniritsa": 2,
  "anakwanitsa": 3,
  "anakwatulidwa": 2,
  "anakwiya": -3,
  "analakwira": -2,
  "analamulidwa": -2,
  "analangiza": -2,
  "analekerera": -1,
  "analemekeza": 2,
  "analephera": -2,
  "analepheretsa": -2,
  "analepheretsera zolinga": -2,
  "analimbikitsa": 1,
  "analimbitsa": 2,
  "analonjeza": 1,
  "anamangidwa": -3,
  "anamenyana": -1,
  "anamenyedwa": -2,
  "anamfedwa": -2,
  "anamira": -2,
  "anamuchititsa": -1,
  "anamufoolera Yobu": -2,
  "anamukonda": 3,
  "anamusilira": 3,
  "anamwalira": -3,
  "anamwaza": -2,
  "anamwetulira": 2,
  "ananama": -2,
  "ananamizira": -1,
  "anandipeza kuti ndilibe mlandu": 2,
  "ananyalanyaza": -2,
  "ananyamuka": 1,
  "ananyoza": -2,
  "ananyozedwa": -2,
  "anapatsidwa": 1,
  "anapepesa": -1,
  "anapereka": 2,
  "anapezerapo": 1,
  "anapha": -3,
  "anaphedwa": -2,
  "anaphonya": -2,
  "anapitiriza": -1,
  "anapulumuka": 2,
  "anasamutsidwa": -1,
  "anasangalala": 3,
  "anaseka": 1,
  "Anaseka": 1,
  "anasiya": -1,
  "anaswa": -1,
  "anatanganidwa": -2,
  "anataya": -1,
  "anathandiza": 2,
  "anatontholetsa": 2,
  "anatsanzika": -1,
  "anatsatira": 1,
  "anatseka misewu": -2,
  "anatsimikiza": 2,
  "anatsimikizira": 1,
  "anatsindika": -2,
  "Anatsogolera": 2,
  "anatsutsana": -2,
  "anatulutsa": -2,
  "anaukira": -1,
  "anavomereza": -1,
  "anavulala": -2,
  "anavutika": -2,
  "anawawidwa": -2,
  "Anawayamikira": 2,
  "anawononga": -3,
  "anayamikira": 2,
  "Anayesetsa": -2,
  "anayetsemula": -2,
  "Angachitsekereze": 2,
  "angaipsidwe": -3,
  "angaiwale": -1,
  "angakuthandizeni": 2,
  "angakwanitse": 2,
  "angamasule": 2,
  "angaputidwe": -2,
  "angasamale": 2,
  "angasokoneze": -1,
  "angwiro": 2,
  "ankabwerera": -2,
  "ankadana": -2,
  "ankakalipira": -3,
  "ankakonda": 2,
  "ankakuwa": 2,
  "ankalambira": 3,
  "ankalimbikitsa": 1,
  "ankamuyembekezera": -1,
  "ankangokhala": -1,
  "ankanyansidwa": -3,
  "ankanyoza": -2,
  "ankao neka achisoni": -2,
  "ankapulupudza": -2,
  "ankasewera": 2,
  "ankatsekera": -2,
  "ankatsutsa": -2,
  "ankavala": -1,
  "ankavutika": -2,
  "ankavutitsidwa": -3,
  "ankawanyoza": -2,
  "ankazunzidwa": -3,
  "ankhanza": -2,
  "annoys": -2,
  "anyalanyaza": -2,
  "anyenga": -2,
  "anyonga": 2,
  "anzeru": 1,
  "apamwamba": 3,
  "apatsidwa": 2,
  "apemphela": 1,
  "apereka": -3,
  "aperekedwa": -3,
  "aperekepo": 2,
  "apeshit": -3,
  "apewe": -1,
  "Aphunzitsi": -4,
  "apindulira": 2,
  "apocalyptic": -2,
  "appeases": 2,
  "applauds": 2,
  "arsehole": -4,
  "Asa": -2,
  "asafike": -2,
  "asagwiritse": -2,
  "asalankhule": -2,
  "asamadye": -2,
  "asangalale": 3,
  "asatambira": 2,
  "asathabusa": -2,
  "asatuluke": -3,
  "asokoneza": -2,
  "assfucking": -4,
  "astound": 3,
  "astoundingly": 3,
  "atakopeka": 2,
  "atakwiya": -2,
  "ataledzera": -2,
  "atamunamizira": -2,
  "atangoona": 3,
  "ataona": -2,
  "atasokonezeka": -3,
  "atathamangitsidwa": -2,
  "atcheru": -1,
  "athanzi": 2,
  "athe": -2,
  "atigwira": -2,
  "atikhaulitse": -3,
  "atsankho": -3,
  "atsekerezedwa": -2,
  "atsimikiza": 2,
  "attractively": 2,
  "aukali": -2,
  "aulemu": 2,
  "aulesi": -2,
  "aura": 1,
  "avenges": -2,
  "averts": -1,
  "axed": -1,
  "ayerekeze": -1,
  "ayeretsa": 1,
  "azidzipereka": 2,
  "azima": -2,
  "Azindikiritsa": 2,
  "azithunzithunzi": 1,
  "badass": -3,
  "bailout": -2,
  "bamboozle": -2,
  "bamboozled": -2,
  "bamboozles": -2,
  "banga": 2,
  "bankirapuse": -3,
  "bankster": -3,
  "benefitted": 2,
  "benefitting": 2,
  "bereaves": -2,
  "bereaving": -2,
  "bitches": -5,
  "blackmailed": -3,
  "blackmailing": -3,
  "blackmails": -3,
  "blah": -2,
  "blithe": 2,
  "blockbuster": 3,
  "bomba": -1,
  "bondo": -2,
  "boosts": 1,
  "bothersome": -2,
  "boycotted": -2,
  "boycotting": -2,
  "boycotts": -2,
  "brainwashing": -3,
  "braveness": 2,
  "bravura": 3,
  "breached": -2,
  "breaching": -2,
  "brilliances": 3,
  "buku": 2,
  "Buku lina": -2,
  "bullshit": -4,
  "bulu": -4,
  "bummer": -2,
  "buoyant": 2,
  "burdening": -2,
  "bwanji": -1,
  "bwenzi": 1,
  "bwino": 3,
  "bwino anakonzekeretsa": 2,
  "bwino anayamba": 2,
  "bwino kwambiri": 4,
  "bwino maganizo": 2,
  "bwino onyenga": 3,
  "bwino proportioned": 2,
  "bwinobwino": 3,
  "carefulness": 2,
  "cashing mu": -2,
  "censors": -2,
  "chabe": -1,
  "chabwino": 3,
  "chachikulu": 1,
  "chachilungamo": 2,
  "chadzidzidzi": -2,
  "chagrined": -2,
  "chakupha": -3,
  "chakuya": 3,
  "chalitsiro": -3,
  "chaluso": 4,
  "chamankhwala": -2,
  "chamanyazi": -2,
  "chamgwiro": 1,
  "changu": -2,
  "chapamwamba": 5,
  "Chapamwamba": 2,
  "charmingly": 3,
  "charmless": -3,
  "chasokonekera": -2,
  "chatsankho chija": -2,
  "chatsanulidwa": -2,
  "chatsitsa": -2,
  "cheaters": -3,
  "cheered": 2,
  "cheerless": -2,
  "cheery": 3,
  "chenjezo": -3,
  "chepetsa": -2,
  "chibwenzi": 2,
  "chidaliro": 2,
  "chidani": -2,
  "chide": -3,
  "chides": -3,
  "chiding": -3,
  "chidwi": 1,
  "chifundo": -2,
  "chifunga": -2,
  "chigamulochi": -1,
  "chiganizo": -2,
  "chigawenga": -3,
  "chigonjetso": 3,
  "chikalephereka": -1,
  "chikhululukiro": 2,
  "chikhulupiriro": 2,
  "chikoka": 2,
  "chikole": 2,
  "chikondi": 2,
  "chikondi gonana": 4,
  "chikondwelero": 3,
  "chikondwera": 4,
  "chikuzunzika": -3,
  "Chikwilira": 1,
  "chikwiyire": -1,
  "chilakolako": 1,
  "chilango": -2,
  "Chilango": -2,
  "chilema": -3,
  "chilemekezo": 3,
  "chiletso": -2,
  "chilili": -2,
  "chilimbikitso": 2,
  "chilolezo": 2,
  "chilonda": -2,
  "chilongosoko": -2,
  "chilungamo": 2,
  "chimafikira": 1,
  "chimakonda": -2,
  "chimakopa": 1,
  "chimapwetekanso": -2,
  "chimavunditsa": -2,
  "chimawaletsa": -1,
  "chimfine": -2,
  "chimwemwe": 3,
  "chinachititsa": 2,
  "chinaperekedwa": -2,
  "chindiletsa": -1,
  "chinthu": -1,
  "chinyengo": -4,
  "chionetsero": -1,
  "chiopsezo": -2,
  "chiopsyezo": -2,
  "chipangizo": 2,
  "chiphe": -2,
  "chiphuphu": -3,
  "chipika": -1,
  "chipolowe": -3,
  "chipongwe": -2,
  "chipsompsono": 2,
  "chipulumutso": 2,
  "chipwirikiti": -3,
  "chirema": -2,
  "chisangalalo": 3,
  "chisauko": -3,
  "chisautso": -2,
  "chisokonezo": -2,
  "chisomo": 1,
  "chisoni": -1,
  "chisoni,": -3,
  "chitakonzedwa": 1,
  "chitayiko": -2,
  "chitetezo": -2,
  "chithumwa": 3,
  "chithunzi cholakwika": -2,
  "chitonthozo": 2,
  "chitonzo": -2,
  "chitserekwete": -3,
  "chitsimikizo": 1,
  "chitsiru": -3,
  "Chitsiru": -4,
  "chivundi": -3,
  "chiwawa": -3,
  "chiwawa zokhudza": -3,
  "chiwembu": -3,
  "chiwonongeko": -3,
  "chiyembekezo": 1,
  "chizungulire": -1,
  "chochita": -1,
  "chochitiridwa fated": -2,
  "chochititsa manyazi ndi chopusa": -3,
  "chodabwitsa": -2,
  "chododometsa": -1,
  "chodziwikiratu": -1,
  "chofuna": -2,
  "chofunika": -2,
  "chogwira": -2,
  "choipitsitsa": -3,
  "Choipitsitsa": -3,
  "chokhumudwitsa": -2,
  "chokomera": 3,
  "chokondweretsa": 2,
  "chokumbukira zoopsa": -2,
  "chokwiya": -2,
  "cholakwa": -2,
  "cholepheretsa": -2,
  "choletsa": -2,
  "choletsedwa": -2,
  "cholimba": 2,
  "chonde": 2,
  "Chonde": 1,
  "chonena": -1,
  "chonyansa": -3,
  "chonyansidwa": -3,
  "chonyozeka": -2,
  "choopa": -3,
  "chopaka": -2,
  "chopanda": -1,
  "chopepuka": -2,
  "chopha": -2,
  "chophwanya": -2,
  "chopinga": -2,
  "chopusitsira": -2,
  "chosadalirika": -1,
  "chosaiwalika": 2,
  "chosakaza": 2,
  "chosakhulupirira zimene iye anafotokoza": -2,
  "chosakwanira": -1,
  "chosalanga": -2,
  "chosaoneka": -2,
  "chosasamalidwa": -2,
  "chosayerekezeka": 2,
  "chosekedwa": 1,
  "chosowa": -1,
  "chotchinga": -2,
  "chotsikitsitsa": -1,
  "chotupa": -2,
  "chowadandaulira": -2,
  "chowawa": -2,
  "chowiringula": -1,
  "chowopsya": -3,
  "chozizwa": 4,
  "chuma": 3,
  "clueless": -2,
  "cocksucker": -5,
  "cocksuckers": -5,
  "cocky": -2,
  "collides": -1,
  "colliding": -1,
  "colluding": -3,
  "combats": -1,
  "competencies": 1,
  "complicating": -2,
  "conciliate": 2,
  "conciliated": 2,
  "conciliates": 2,
  "conflictive": -2,
  "congrats": 2,
  "congratulation": 2,
  "consents": 2,
  "consolable": 2,
  "contagions": -2,
  "contaminations": -2,
  "contestable": -2,
  "convivial": 2,
  "cool": 1,
  "courageousness": 2,
  "coziness": 2,
  "crappy": -3,
  "crazier": -2,
  "craziest": -2,
  "crestfallen": -2,
  "criminate": -3,
  "criminated": -3,
  "criminates": -3,
  "cutbacks": -2,
  "cynic": -2,
  "dala": -2,
  "dalitso": 3,
  "dambo": -1,
  "dandaulo": -2,
  "daredevil": 2,
  "dauntless": 2,
  "deadlock": -2,
  "debonair": 2,
  "deferring": -1,
  "deficiencies": -2,
  "deformities": -2,
  "defrauds": -3,
  "dehumanize": -2,
  "dehumanized": -2,
  "dehumanizes": -2,
  "deject": -2,
  "dejecting": -2,
  "dejects": -2,
  "delectable": 3,
  "demoralizes": -2,
  "denier": -2,
  "deplore": -3,
  "deploring": -3,
  "deports": -2,
  "derail": -2,
  "derails": -2,
  "detracted": -1,
  "devastations": -2,
  "diamondi": 1,
  "Dick": -4,
  "dickhead": -4,
  "diffident": -2,
  "dilligence": 2,
  "dipshit": -3,
  "direful": -3,
  "dirtier": -2,
  "dirtiest": -2,
  "disabling": -1,
  "disapprovals": -2,
  "disapproving": -2,
  "disconsolate": -2,
  "disconsolation": -2,
  "disgustful": -3,
  "disinclined": -2,
  "disjointed": -2,
  "disparages": -2,
  "disruptions": -2,
  "disrupts": -2,
  "dithering": -2,
  "dodgy": -2,
  "dolorous": -2,
  "donates": 2,
  "douche": -3,
  "dour": -2,
  "downer": -2,
  "downside": -2,
  "dreary": -2,
  "droopy": -2,
  "drowns": -2,
  "dud": -2,
  "dupe": -2,
  "dupery": -2,
  "dzala": -1,
  "dzanzi": -1,
  "dzenje": -1,
  "dzuwa": 2,
  "eerie": -2,
  "eery": -2,
  "effortlessly": 2,
  "elegantly": 2,
  "embarrasses": -2,
  "ena": 1,
  "enchanted": 2,
  "endorses": 2,
  "ennui": -2,
  "enrage": -2,
  "enrages": -2,
  "enraging": -2,
  "enrapture": 3,
  "enthrall": 3,
  "environmentwochezeka": 2,
  "ErrorWithTranslation": -3,
  "euphoria": 3,
  "euphoric": 4,
  "evacuates": -1,
  "evacuating": -1,
  "evergreening": -3,
  "exacerbating": -2,
  "exaggerates": -2,
  "exasparate": -2,
  "excruciatingly": -1,
  "exhilarated": 3,
  "exhilarates": 3,
  "exonerate": 2,
  "exonerates": 2,
  "exonerating": 2,
  "explorations": 1,
  "exultantly": 3,
  "eya": 1,
  "fabulously": 4,
  "fag": -3,
  "fagot": -3,
  "fagots": -3,
  "fakes": -3,
  "falsified": -3,
  "farce": -1,
  "fatigues": -2,
  "favorited": 2,
  "favourited": 2,
  "felonies": -3,
  "felony": -3,
  "fervid": 2,
  "fiasco": -3,
  "fidgety": -2,
  "flagship": 2,
  "flustered": -2,
  "forgettable": -1,
  "fraudster": -4,
  "fraudsters": -4,
  "fraudulence": -4,
  "freak": -2,
  "frikin": -2,
  "frisky": 2,
  "frowning": -1,
  "ftw": 3,
  "fuckers": -4,
  "fuckface": -4,
  "fuckhead": -4,
  "fuckin": -4,
  "fucktard": -4,
  "fud": -3,
  "fuked": -4,
  "fuking": -4,
  "fuming": -2,
  "funnier": 4,
  "gag": -2,
  "gagged": -2,
  "gallantly": 3,
  "gallantry": 3,
  "gawo": 1,
  "gehena": -4,
  "genial": 3,
  "ghastly": -2,
  "giddy": -2,
  "glamourous": 3,
  "Glee": 3,
  "gleeful": 3,
  "glum": -2,
  "goddamn": -3,
  "godsend": 4,
  "golidi": 2,
  "gonana": -4,
  "gonana chachikulu": 4,
  "gonana chodabwitsa": 4,
  "gonana otentha": 2,
  "gonana wabwino": 4,
  "gonana wangwiro": 4,
  "gonana wokongola": 4,
  "gonana wosangalatsa": 4,
  "gonana zikonda": 4,
  "goofiness": -2,
  "goofy": -2,
  "greenwash": -3,
  "greenwasher": -3,
  "greenwashers": -3,
  "greenwashing": -3,
  "grisly": -2,
  "ha": 2,
  "haha": 3,
  "hahaha": 3,
  "hahahah": 3,
  "handpicked": 1,
  "hapless": -2,
  "haplessness": -2,
  "hardier": 2,
  "Hardy": 2,
  "harried": -2,
  "harsher": -2,
  "hehe": 2,
  "hellish": -2,
  "hooligan": -2,
  "hooliganism": -2,
  "hooligans": -2,
  "huckster": -2,
  "hule": -4,
  "humbug": -2,
  "humerous": 3,
  "humourous": 2,
  "hurray": 5,
  "hysterics": -3,
  "icky": -3,
  "idiocy": -3,
  "idiotic": -3,
  "ikuchitidwa": 2,
  "imakhumbira": 3,
  "Imani": -1,
  "imapanga": 1,
  "imavomereza": 2,
  "imayamwa": -3,
  "imene yatsala": -1,
  "imfa": -3,
  "impairing": -2,
  "impairs": -2,
  "impeachments": -3,
  "impeding": -2,
  "impedingly": -2,
  "imvi": -1,
  "inabala": -2,
  "inagwedezeka": -2,
  "inaimitsidwa": -1,
  "inaipitsa": -2,
  "inalamula": -1,
  "inalengeza": 2,
  "inamupanikiza": -2,
  "inasokoneza": -2,
  "incapacitated": -2,
  "incapacitates": -2,
  "incapacitating": -2,
  "incenses": -2,
  "incensing": -2,
  "incoherent": -2,
  "inde": 1,
  "indoctrinate": -2,
  "indoctrinates": -2,
  "indoctrinating": -2,
  "inediable": -2,
  "ineffectively": -2,
  "ineffectual": -2,
  "inefficiency": -2,
  "inefficient": -2,
  "inefficiently": -2,
  "inept": -2,
  "ineptitude": -2,
  "inexorable": -3,
  "infantile": -2,
  "infantilized": -2,
  "infects": -2,
  "infest": -2,
  "infesting": -2,
  "infests": -2,
  "infract": -2,
  "infracted": -2,
  "infracting": -2,
  "infracts": -2,
  "infuriate": -2,
  "infuriating": -2,
  "innovate": 1,
  "innovates": 1,
  "inoperative": -2,
  "insipid": -2,
  "insolvent": -2,
  "insufficiency": -2,
  "insufficiently": -2,
  "intransigence": -2,
  "intransigency": -2,
  "invulnerable": 2,
  "irreparable": -2,
  "irreproducible": -2,
  "irresolute": -2,
  "irreversibly": -1,
  "isasokoneze": -2,
  "iwonongeke": -2,
  "iyenera kukonzedwa": -3,
  "jackass": -4,
  "jackasses": -4,
  "jaunty": 2,
  "jocular": 2,
  "jolly": 2,
  "jubilant": 3,
  "jumpy": -1,
  "kachilombo": -2,
  "kaduka": -1,
  "kalanga": -1,
  "kale loipa": -2,
  "kamodziinamoyo": 3,
  "kanthu": -2,
  "kapolo": -2,
  "kaso": 2,
  "katswiri": 4,
  "katundu": -2,
  "kaye": -2,
  "kazivutitsa": -2,
  "khalidwe": 2,
  "khansa": -1,
  "khola": 2,
  "khumudwa": -2,
  "kickback": -3,
  "kickbacks": -3,
  "kidnappings": -2,
  "kochititsa": -2,
  "kogwidwa": 4,
  "kokongola": 5,
  "kolakalakika": 3,
  "Komatu": 3,
  "komweku ndi kumene kukuwonjezera": -2,
  "kondwerani": 4,
  "koona": 2,
  "kopanda": -2,
  "kosangalatsa": 3,
  "kovutitsa": 1,
  "kowawa": -2,
  "koyera": 1,
  "kuba": -2,
  "kubaya": -2,
  "kubedwa": -2,
  "kubera": -3,
  "kubisa": -1,
  "kubisala": -1,
  "kubuka": -2,
  "kubuula": -2,
  "kubuwula": -2,
  "kubwezera": -2,
  "kubwezeretsa": 1,
  "kuchangamuka": 3,
  "kuchedwa": -1,
  "kuchenjera": 2,
  "kuchenjerera": 2,
  "kuchepekedwa": -2,
  "kuchichepetsa": -2,
  "kuchilemekeza": 3,
  "kuchirikiza": 1,
  "kuchita": 1,
  "kuchotsako": -2,
  "kuchotsedwa": -1,
  "Kuchotsera": -1,
  "kuchuluka": 1,
  "kudalira": 2,
  "kudalirika": 2,
  "kudana": -3,
  "kudandaula": -2,
  "kuderera": -1,
  "kudetsa": -2,
  "kudodometsa": -2,
  "kudos": 3,
  "kudula": -1,
  "kudwala": -2,
  "kudzamuthokoza": 2,
  "kudzasokonezeka": -1,
  "kudzatsogolera": 2,
  "kudzibisa": -1,
  "kudzikonda": -3,
  "kudzikonda adzawasocheretsa": -2,
  "kudzikonda bongo": -2,
  "kudzikonda otsutsana": -2,
  "kudzikondweretsa": 3,
  "kudzimbidwa": -2,
  "kudzipereka": 2,
  "kudzipha": -2,
  "kudziponya": -1,
  "kudzoza": 2,
  "kudzudzula": -2,
  "kudzudzulidwa": -2,
  "kufa": -3,
  "kufalikira": -2,
  "kufika": 2,
  "Kufikika": 1,
  "kufooka": -2,
  "kufooketsa": -2,
  "kufufuza": 1,
  "kufumbwa": -2,
  "kufungatira": -2,
  "kufunika": 2,
  "kufuntha": -1,
  "kufuulira": -2,
  "kuganizapo": 1,
  "kugonjetsedwa": -2,
  "kugunda": -2,
  "kugwa": -1,
  "kugwedeza": -2,
  "kugwedezeka": -2,
  "kugwilitsanso": 2,
  "kugwiriridwa": -4,
  "kugwiritsa ntchito": -2,
  "kugwirizana": 1,
  "kuimitsa": -1,
  "kuipidwa": -2,
  "kuipitsanso": -2,
  "kuipitsidwa": -2,
  "kukakala": -2,
  "kukakamiza": -2,
  "kukakamizidwa": -2,
  "kukana": -2,
  "kukana zinthu monyanyira": -2,
  "kukanidwa": -1,
  "kukanika": -2,
  "kukayika": -1,
  "Kukayikira": -2,
  "kukhululukira": 1,
  "kukhululukirana": 1,
  "kukhulupirira": 1,
  "kukhumba": -1,
  "kukhumudwa": -2,
  "kukhumudwitsa": -2,
  "kukhuta": 2,
  "kukhutiritsa": 2,
  "kukokomeza": -2,
  "kukoma mtima": 3,
  "kukonda": 3,
  "Kukonda Chuma": -2,
  "kukondela": 2,
  "kukondera": -1,
  "kukondwa": 4,
  "kukondwerera": 3,
  "kukongola": 3,
  "kukopa": 1,
  "kukopeka": 2,
  "kukuchepetsa": -2,
  "kukukhumudwitsani": -2,
  "kukula": 1,
  "kukulitsa": -2,
  "kukumbatirana": 2,
  "kukutetezani": 2,
  "kukuza": 1,
  "kukwaniritsidwa": 2,
  "kulakwa": -2,
  "kulakwitsa": -2,
  "kulalata": -2,
  "kulalatira": -2,
  "kulamula": -2,
  "kulanda": -2,
  "kulandidwa": -2,
  "Kulandidwa kwanyumba": -2,
  "kulandira": 1,
  "kulandiridwa": 1,
  "kulangidwa": -2,
  "kulemekeza": 2,
  "kulenga": 2,
  "kulephera": -2,
  "kulephereka": -1,
  "kulepheretsa": -2,
  "Kulepheretsa": -2,
  "kuletsa": -2,
  "kulichotsera khalidwe": -2,
  "kulikonda": 2,
  "kulilira": -2,
  "kulimbamtima": 2,
  "kulimbana": -2,
  "kulimbikitsa": -2,
  "kulimbirana": -2,
  "kulipira": -1,
  "kulira": -1,
  "kulirako": -2,
  "kulola": 1,
  "kulolerana": 2,
  "kulumala": -2,
  "kulumbira": -2,
  "kumadzetsa": -1,
  "kumadziseka mukalakwitsa": 1,
  "kumakana": -2,
  "kumakonza": 1,
  "kumakunenani": -2,
  "kumalimbikitsa": 1,
  "KUMALIZA MPIKISANO": -2,
  "kumangidwa": -2,
  "Kumangidwa": -2,
  "kumangika": -1,
  "kumapangitsa": 1,
  "kumasangalala": 3,
  "kumasulika": 2,
  "kumasulira": 1,
  "kumathandiza": 2,
  "Kumathetsa": 1,
  "kumatitsimikizira": 1,
  "kumatsimikizira": 2,
  "kumatsutsa": -2,
  "kumatsutsana ndi chiphunzitso": -2,
  "kumawononga": -3,
  "Kumbuyo": 2,
  "kumenyedwa": -1,
  "kumpereka": -3,
  "kumuopseza": -2,
  "kumuyalutsa": -3,
  "kumverera": 1,
  "kumvutitsa": -2,
  "kumwa": -3,
  "kumwamba": 4,
  "kumwetulira": 2,
  "kunachititsa": 1,
  "Kunama pofotokoza": -2,
  "kundikumbatira": 2,
  "kundipweteka": -2,
  "kunditsutsa": -2,
  "kundivutitsa": -3,
  "Kuneneza": -2,
  "kungafoole": -2,
  "kungotengeka maganizo": 2,
  "kunjenjemera": -2,
  "kununkha": -2,
  "kunyalanyaza": -2,
  "kunyansidwa": -3,
  "kunyanyala": -2,
  "kunyenga": -3,
  "kunyengedwa": -1,
  "kunyengeza": -3,
  "kunyengezera": -1,
  "kunyezimira": 3,
  "kunyoza": -2,
  "kunyozedwa": -2,
  "kunyozetsa": -2,
  "kuonetsetsa": 1,
  "kuononga": -2,
  "kuonongeka": -3,
  "Kuonongeka": -2,
  "kuopsa": -2,
  "kuopseza": -2,
  "kuopsezana": -2,
  "kuopsezedwa": -2,
  "kupalamula": -3,
  "kupanda": -2,
  "kupanda pake": -2,
  "kupanduka": -2,
  "kupanikizika": -1,
  "kupatsira": -2,
  "kupatuka": -2,
  "kupemphera": 1,
  "kupepera": -2,
  "kupepesa": -1,
  "Kupepesa": -1,
  "kupereka": 2,
  "kuperewera": -2,
  "kupewa": -1,
  "kupewedwa": -1,
  "kupeza": 2,
  "kupha": -2,
  "kuphedwa": -3,
  "kuphetsa": -3,
  "kuphwanya": -1,
  "kuphweka": 1,
  "kupimidwa": -2,
  "kuponderezedwa": -2,
  "kuposa": 2,
  "kupotoza": -2,
  "Kupotoza": -2,
  "kupulula": -2,
  "kupulumuka": 2,
  "kupulumutsa": 2,
  "kupulumutsa moyo": 4,
  "kupusa": -3,
  "kupusitsa": -2,
  "kupweteka": -2,
  "kupyoza": -2,
  "kusadziwa": -2,
  "kusafotokoza": -2,
  "kusagwirizana": -2,
  "kusaka": -2,
  "kusakaza": -2,
  "Kusakhazikika": -2,
  "kusakhululuka": -2,
  "kusakhulupirika": -3,
  "kusakhulupirirana": -3,
  "kusakonda": -2,
  "kusakondwa": -2,
  "kusalabadira": -2,
  "kusalemekeza": -2,
  "kusaleza": -2,
  "kusalidwa": -2,
  "kusamala": 2,
  "kusamalira": 2,
  "kusamvana": 2,
  "kusamvetsetsa": -2,
  "kusangalala": 2,
  "kusangalatsa": 2,
  "kusanza": -3,
  "kusapeza": -2,
  "kusaphunzira": -2,
  "kusatetezeka": -2,
  "kusavomereza": -2,
  "kuseketsa anthu kumatipatutsa": -1,
  "kusimidwa": -3,
  "kusinjirira": -2,
  "kusiya": -1,
  "kusocheretsa": -3,
  "kusokoneza": -2,
  "Kusokoneza": -2,
  "kusokonezeka": -2,
  "kusowa": -2,
  "kusowa tulo": -2,
  "kusowetsa": -2,
  "kutali": -2,
  "kutamanda": 3,
  "kutamandidwa": 3,
  "Kutamandidwa": 2,
  "kutanganidwa": -2,
  "kutaya": -1,
  "kutayikira": -1,
  "kutchuka": 3,
  "kutengera": 1,
  "kuteteza": -1,
  "kutetezedwa": 1,
  "kuthamanga": -1,
  "kuthamangitsidwa": -2,
  "kuthandiza": 2,
  "Kuthandiza kubwelesa mbali zokangana": 2,
  "kuthawa": -1,
  "kuthekera": 2,
  "kuthetheka": 1,
  "kuthetsa": 2,
  "kuthetsedwa": 1,
  "Kuthokoza": 2,
  "kutopa": -2,
  "kutsamwa": -2,
  "kutsekeka": -2,
  "Kutsekeledwa": -2,
  "kutsekereza": -1,
  "kutsimikizira": 1,
  "kutsitsimutsa": 2,
  "kutsogolera": 2,
  "kutsogolo": 1,
  "kutsuka wobiriwira": -3,
  "kutsutsa": -2,
  "kutsutsana": -2,
  "kutsutsidwa": -2,
  "kutukuka": 3,
  "kutukwana": -2,
  "kutulo": -2,
  "kuukana": -2,
  "kuukira": -1,
  "kuukoka": -1,
  "kuunikira": 2,
  "kuuzira": 2,
  "kuvomereza": -1,
  "kuvomerezedwa": -1,
  "kuvulala": -2,
  "kuvulazidwa": -2,
  "kuvunda": -3,
  "kuvutika": -3,
  "kuvutitsidwa": -3,
  "kuwafika": 1,
  "kuwaganizira": -1,
  "kuwakhaulitsa": -2,
  "kuwakhumudwitsa": -3,
  "kuwala": 1,
  "kuwalanga": -3,
  "kuwasamutsa": -2,
  "kuwasautsa": -2,
  "kuwatsimikizira": 1,
  "kuwawa": -2,
  "kuwawidwa": -2,
  "kuwawitsidwa": -3,
  "kuwina": 4,
  "kuwombera": -1,
  "kuwoneka bwino": 3,
  "kuwongolera": 2,
  "kuwonjeza": -2,
  "Kuwonjezeka": -2,
  "kuwonjezera": 1,
  "kuwononga": -2,
  "kuwonongeka": -2,
  "kuwukira": -1,
  "kuyabwa": -2,
  "kuyamikira": 2,
  "kuyenda": -1,
  "kuyetsemula": -2,
  "kuyimbidwa": -1,
  "kuzembetsa": -2,
  "kuzikwaniritsa": 1,
  "kuzimiririka": -2,
  "Kuzinda": -2,
  "kuzindikira": 2,
  "kuzunza": -2,
  "kuzunzidwa": -2,
  "Kwaletsedwa": -2,
  "kwambiri": -3,
  "kwambiri wabwino": 4,
  "kwambiri wokongola": 3,
  "kwanidwa": -3,
  "kwanthawi": -1,
  "kwathu": -2,
  "kwaulere": 1,
  "Kwiyani": -3,
  "Labwino": -1,
  "lachifundo": 2,
  "lachisangalalo": 3,
  "lackadaisical": -2,
  "lagged": -2,
  "lags": -2,
  "lakuda": -1,
  "lamavutoli": -2,
  "laughting": 1,
  "lawl": 3,
  "lethality": -2,
  "lethargic": -2,
  "libelous": -2,
  "likeable": 2,
  "likers": 2,
  "Likukula": 1,
  "likule": -3,
  "likuoneka": -1,
  "lilibe": -2,
  "limabwezeretsa": 1,
  "Limakhala": 2,
  "limakhumudwitsa": -3,
  "limakonda": 2,
  "Limaletsa": -2,
  "limalimbikitsa": 2,
  "limatichenjeza": -2,
  "Limatipatsa": 2,
  "limatuluka": 1,
  "linagamula": 2,
  "linaphwanya": -2,
  "linasokonekera": -2,
  "linatsimikizidwa": 1,
  "lirani": -2,
  "litachekedwa": -2,
  "litigation": -1,
  "litigious": -2,
  "litsiro": -2,
  "livid": -2,
  "liziyenda": 2,
  "lmao": 4,
  "lmfao": 4,
  "loathes": -3,
  "lobbied": -2,
  "lobbying": -2,
  "lobbyist": -2,
  "lobbyists": -2,
  "lodabwitsa": -2,
  "lodziwika": 2,
  "lokhazika mtima pansi": 2,
  "lokongola": 3,
  "lolephera": -2,
  "lolol": 4,
  "lololol": 4,
  "lolololol": 4,
  "lolunjika": 2,
  "lonjezo": 1,
  "lool": 3,
  "loool": 3,
  "looool": 3,
  "lopondereza": -2,
  "losafunikalo": -2,
  "losagonjetseka": 2,
  "losaiwalika": 1,
  "losakhululukidwa": -3,
  "losaneneka": -3,
  "losasamala": -2,
  "losokonezeka": -2,
  "lotayirira": -3,
  "lotha": -2,
  "lounikira": 2,
  "lousy": -2,
  "lovelies": 3,
  "lowoneka": 4,
  "lowopsya": -3,
  "Loyenera": 2,
  "ludicrous": -3,
  "lugubrious": -2,
  "lunatic": -3,
  "lunatics": -3,
  "luso": 1,
  "mabala": -1,
  "mabodza": -2,
  "mabwinja": -2,
  "macabre": -2,
  "machenjezo": -3,
  "machimo": -2,
  "madalitso": 3,
  "madandaulo": -2,
  "mafunso": -1,
  "maganizo": -2,
  "maganizo chifukwa tangoganizirani": -1,
  "maganizo otsutsana": -2,
  "magawo": 1,
  "makani": -1,
  "makhalidwe": 2,
  "maladaption": -2,
  "Malawi": 2,
  "maldevelopment": -2,
  "malire": 1,
  "maliro": -1,
  "malonjezo": 1,
  "maloto": 1,
  "maltreatment": -2,
  "malungo": -2,
  "maluso": 2,
  "manda": -2,
  "manjenje": 2,
  "Mankhwala oipitsa": -2,
  "mano": -2,
  "mantha": -3,
  "manyazi": -3,
  "maonedwe": 2,
  "masanzi": -3,
  "masewera zinasintha": 3,
  "maso": 3,
  "masoka": -2,
  "masomphenya": 1,
  "masuku pamutu": -2,
  "matamando": 3,
  "matenda": -1,
  "Matupi": -2,
  "mavuto": -2,
  "mavuto aakulu": -2,
  "MBAFUDZA": -3,
  "mbalizotsatira": -2,
  "MBIKOMERWA": 3,
  "mbisoweka": -1,
  "mbuli": -2,
  "mchaka": 2,
  "mdani": -1,
  "mdima": -1,
  "mediocrity": -3,
  "meditative": 1,
  "memoriam": -2,
  "menaced": -2,
  "menaces": -2,
  "Mendulo": 3,
  "mesmerizing": 3,
  "messing mmwamba": -2,
  "methodical": 2,
  "methodically": 2,
  "Mfundo": 3,
  "mfuti": -1,
  "mgwirizano": 1,
  "midadada": -1,
  "midzi": 1,
  "mikangano": -2,
  "mikwatulo": 2,
  "Milandu": -3,
  "miliri": -3,
  "mipata": 2,
  "mirthful": 3,
  "mirthfully": 3,
  "misala": -2,
  "misampha": -1,
  "misana": 1,
  "misbehaves": -2,
  "misbranding": -3,
  "miscast": -2,
  "mischiefs": -1,
  "misclassified": -2,
  "misclassifies": -2,
  "misclassify": -2,
  "misconducted": -2,
  "misconducting": -2,
  "misconducts": -2,
  "misempha": -1,
  "misfire": -2,
  "misgiving": -2,
  "misleaded": -3,
  "misozi": -2,
  "misplace": -2,
  "misplaces": -2,
  "misplacing": -2,
  "mispricing": -3,
  "misreport": -2,
  "misreported": -2,
  "misreporting": -2,
  "misreports": -2,
  "mistaking": -2,
  "mitu": -2,
  "mkaidi": -2,
  "mkangano": -2,
  "mkhutu": -2,
  "mkwatulo": 2,
  "mkwiyo": -3,
  "mlandu": -1,
  "Mlauli": 3,
  "mlili": -3,
  "mliri": -2,
  "mliri pa": -3,
  "mmangeni": -2,
  "Mndandanda": 2,
  "mnyozo": -2,
  "mochititsa": -2,
  "modabwitsa": 4,
  "modernize": 2,
  "modernized": 2,
  "modernizes": 2,
  "modutsa": -2,
  "modzipereka": 2,
  "mogwira": 2,
  "mogwirizana": 2,
  "mokhudza": 2,
  "mokomera": 3,
  "mokondera": -2,
  "mokondwera": 4,
  "molakwa": -2,
  "molakwika": -1,
  "molimba mtima": 2,
  "molondola": 2,
  "Molunjika": 1,
  "momveka": 2,
  "momvetsa chisoni": -3,
  "monama": -2,
  "mongering": -2,
  "moni": 1,
  "monopolize": -2,
  "monyadira": 2,
  "monyanyira": -2,
  "monyogodola": -2,
  "Moody": -1,
  "mope": -1,
  "mopereka chiphuphu": -3,
  "moping": -1,
  "mopusa": -3,
  "mopweteka": -2,
  "mosadziwa": -2,
  "mosaganiza": -2,
  "mosaganizira": -2,
  "mosalabadira": -2,
  "mosamala": 2,
  "mosaopa": 2,
  "mosaphonya": 2,
  "mosasamala": -2,
  "mosawona": -2,
  "Mothandizidwa": 2,
  "motherfucker": -5,
  "motherfucking": -5,
  "moto": -2,
  "motsimikiza": 2,
  "movutika": -2,
  "mowaganizira": 2,
  "mowawidwa": -2,
  "mowirikiza": -3,
  "mowolowa": 2,
  "moyenera": 1,
  "moyenerera": 2,
  "moyo": 1,
  "mozama": -3,
  "mozaza": -3,
  "mozemba": -2,
  "mozembetsa": -2,
  "mozunzika": -3,
  "mpala": 2,
  "mphamvu": 1,
  "mphatso": 2,
  "mpheto": -1,
  "mphotho": 2,
  "mphoto": 3,
  "mphumi": -2,
  "mphwayi": -2,
  "mpikisano": 2,
  "mpweya": -2,
  "msampha": -1,
  "msonkho": 2,
  "mtedza": -3,
  "mtembo": -1,
  "mtendere": 2,
  "mtima": 2,
  "mtima woipa": -2,
  "mtima wonse": 3,
  "mtundu": 0,
  "mtundu wa": 0,
  "mudandaule": -3,
  "mukhale chopondapo": -3,
  "mukulengeza umangoopseza": -2,
  "mukupweteka": -2,
  "mukusautsika": -2,
  "mulungu": 1,
  "mumafuna": -2,
  "mumamva": -2,
  "mumandizunza": -4,
  "mumpish": -2,
  "munakhala": -2,
  "mungayambe ndi kuwononga": -2,
  "Musiyeni": -2,
  "mutu": -2,
  "Muwauze": 1,
  "Muzisamala": -2,
  "mvula": -1,
  "Mwachidule, woona": -2,
  "mwachikondi": 2,
  "mwachilolezo": 2,
  "mwachinyengo": -2,
  "mwachirendo": -1,
  "mwachisoni": -2,
  "mwachiyembekezo": 2,
  "mwakayakaya": -3,
  "mwakhama": -1,
  "mwakhanza": -3,
  "mwalamulo": 1,
  "mwamantha": -2,
  "mwamsanga": 2,
  "Mwamsanga": -1,
  "mwamtendere": 2,
  "mwamwano": -2,
  "mwamwayi": 2,
  "Mwamwayi": 3,
  "Mwana wahule": -5,
  "mwanaalirenji": 2,
  "mwangozi": -3,
  "mwangwiro": 3,
  "mwankhanza": -2,
  "mwankhaza": 3,
  "mwansanga": -2,
  "mwatsopano": 1,
  "mwaubwino": 2,
  "mwaukali": -2,
  "mwaukatswiri": 3,
  "mwayi": 3,
  "mwazisiya": -2,
  "Myitkyina": 2,
  "mzimu": 2,
  "Mzimu": -1,
  "n00b": -2,
  "nadzatonza": -1,
  "nadzazunza": -2,
  "nalankhula": 2,
  "natsutsana": -2,
  "nawalanditsa": 2,
  "ndalama": 2,
  "ndalamachi": 1,
  "ndawala": 2,
  "ndayima kaye": -2,
  "ndewu": -2,
  "ndidakali": -1,
  "ndikucotsa": -2,
  "ndikufuna": 1,
  "Ndikufunirani": 3,
  "ndikukhumba": 1,
  "ndikungokokomeza": -2,
  "ndikusiya": -1,
  "ndikuwupereka": 2,
  "ndikuyembekeza": 2,
  "Ndimagoma": 2,
  "ndimalota": 1,
  "ndimasewera": 2,
  "ndimitambo": -1,
  "ndinasangalala kwambiri": 3,
  "ndinayamba": 1,
  "ndiopusa": -5,
  "NDISAMACHEZE": -1,
  "nditaona": -2,
  "Nditchimo": 2,
  "ndiyankhe": -2,
  "negativity": -2,
  "ngale": 1,
  "ngati": 2,
  "ngongole": -2,
  "ngozi": -2,
  "Ngozi": -2,
  "ngwanjula": 3,
  "ngwazi": 2,
  "ni": -2,
  "nifty": 2,
  "niggas": -5,
  "nigger": -5,
  "nizitsamwitsa": -2,
  "njakata": -3,
  "njala": -2,
  "njiru": -1,
  "nkani": -2,
  "nkhani": 1,
  "nkhanza": -3,
  "Nkhata": 4,
  "nkhawa": -2,
  "nkhondo": -2,
  "nkhondowo": -1,
  "nkhongono": -2,
  "nkhwangwa": -1,
  "nosy": -2,
  "noticeable": 2,
  "nsalu": -1,
  "nsanja": -1,
  "nsanje": -2,
  "nsautso": -2,
  "nsonga": 2,
  "nthabwala": 2,
  "nthano": -1,
  "nthenya": -3,
  "nthumanzi": -3,
  "nyamazo": -2,
  "nyansi": -2,
  "nyawani": -2,
  "nzeru": 1,
  "nzika zawo": 2,
  "obisalamo": -1,
  "obnoxious": -3,
  "obstruct": -2,
  "obstructed": -2,
  "obstructing": -2,
  "obwezera": -2,
  "ochenjera": 2,
  "ochita": 3,
  "ochititsa": 1,
  "odabwitsa": 3,
  "odalirika": 2,
  "odana": -1,
  "odandaula": -2,
  "odula": 2,
  "odulidwa": -1,
  "odwala": -2,
  "odzipereka": 1,
  "odzisangulutsa": 3,
  "odzitamandira": -2,
  "offensively": -2,
  "ofooka": -2,
  "ofunda": 1,
  "ofunika": 2,
  "ogwetsa": -2,
  "ogwira": 2,
  "ogwirizana": 2,
  "oipa": -2,
  "oipa mtima": -2,
  "okayikira": -2,
  "okhazikika": 2,
  "okhumudwa": -2,
  "okhwima": 3,
  "okondedwa": 2,
  "okondwa": 3,
  "okondweretsa": 3,
  "oks": 2,
  "okwiya": -2,
  "olakwika": -2,
  "olakwira": -2,
  "olamulirawo": -2,
  "olandiridwa": 2,
  "olangidwa": -4,
  "olemera": 2,
  "oletsedwa": -1,
  "olimba": 2,
  "olimba mtima": 2,
  "olimbikitsa": 2,
  "ololera": 2,
  "olosera": 2,
  "olumikizidwa ku makina": -1,
  "olungama": 2,
  "omangika": -2,
  "omasuka": 2,
  "omenya": -2,
  "omwela": -2,
  "onenepa": -1,
  "ongo": -2,
  "onyansa": -3,
  "onyenga": 2,
  "Onyozeka": -2,
  "Oo": 4,
  "ooneka": 3,
  "oopa": -2,
  "opanda": -1,
  "opanda moyo": -1,
  "opandukawo": -2,
  "opatsirana": -2,
  "openga": -2,
  "opeza": 2,
  "Opha": -3,
  "ophedwa pochotsa mimba": -1,
  "opindula": 2,
  "opindulitsa": 3,
  "opondereza": -2,
  "oponderezedwa": -2,
  "oppressions": -2,
  "optionless": -2,
  "opukutidwa": 2,
  "opulumutsidwa": 2,
  "opunduka": -2,
  "opusa": -2,
  "osa ngati": -2,
  "osachita": -1,
  "osadziŵa": -1,
  "osafunika": -2,
  "osaganiza": -2,
  "osakhudzidwa": -2,
  "osakhutira": -2,
  "osakondeka": -2,
  "osakondera": 2,
  "osakwanira": -2,
  "osalandira": 2,
  "osaneneka": -1,
  "osangalatsa": 3,
  "osasamala": 1,
  "osasunthika": 2,
  "osatekeseka": -1,
  "osatetezeka": -2,
  "osatukuka a zipolowe": -2,
  "osauka": -2,
  "osaukitsitsa": -2,
  "osautsika": -1,
  "osayamika": -3,
  "osayanjanitsika": -2,
  "osayenera": -2,
  "oseketsa": 2,
  "osocheretsa": -3,
  "ostracizes": -2,
  "osweka": -1,
  "otayika": -2,
  "otchuka": 2,
  "otetezeka": 2,
  "otha ntchito ojambulira": -2,
  "othana": -2,
  "othandiza": 2,
  "othandizana": 1,
  "othetsa": -2,
  "otopa": -2,
  "otsogola": 3,
  "otsutsa": -2,
  "otupa": -1,
  "ouch": -2,
  "oukira": -2,
  "outages": -2,
  "outmaneuvered": -2,
  "ouziridwa": 2,
  "overprotective": -2,
  "overreacted": -2,
  "overreacts": -2,
  "oversell": -2,
  "overselling": -2,
  "oversells": -2,
  "oversimplification": -2,
  "oversimplified": -2,
  "oversimplifies": -2,
  "oversimplify": -2,
  "oversold": -2,
  "overstatements": -2,
  "overwrought": -3,
  "ovomerezeka": 2,
  "ovuta": -1,
  "ovutika": -2,
  "ovutitsa": -2,
  "owomboledwa": 2,
  "owonongedwa": -2,
  "owopsa": -2,
  "owopsya": -3,
  "oxymoron": -1,
  "oyamikira": 3,
  "oyenera": -2,
  "oyenerera": 1,
  "ozunguza": -2,
  "pachiswe": -2,
  "pafu": -2,
  "pakabwera": -2,
  "Pakachitika": -1,
  "pakufalitsa": 2,
  "palibe": -1,
  "palibe zosangalatsa": -3,
  "pamabwera": 3,
  "Pamudzi": 1,
  "pamwamba": 2,
  "pandekha": -2,
  "pangoziyi": -2,
  "panics": -3,
  "pansi anthuwo": 2,
  "paradaiso": 3,
  "parley": -1,
  "patsogolo": 2,
  "pazifukwa": 2,
  "pemphani": 1,
  "pempherani": 1,
  "penalizes": -2,
  "penalizing": -2,
  "Pepa": -2,
  "Pepala": -1,
  "pepani": -1,
  "perekani": 1,
  "perjury": -3,
  "perpetrators": -2,
  "pesky": -2,
  "phidigu": -2,
  "phindu": 2,
  "phobic": -2,
  "phokoso": -1,
  "pileup": -1,
  "pique": -2,
  "piss": -4,
  "pissed": -4,
  "pissing": -3,
  "piteous": -2,
  "plodding": -2,
  "podzudzula": -2,
  "pofuna kukwaniritsa zolinga": -2,
  "poganiza": 2,
  "pogwira": -2,
  "poizoni": -3,
  "pokana": -1,
  "pokha": -5,
  "pokhala": -2,
  "pokwaniritsa": 2,
  "polluter": -2,
  "pomenyana": -1,
  "poonera": -3,
  "popanda kusintha": -1,
  "popemphera": -1,
  "popewa": -1,
  "postpones": -1,
  "pothawira": -1,
  "poukira": -2,
  "Powateteza": 2,
  "poyembekezera": -1,
  "Poyembekezera": 1,
  "poyera": -1,
  "prblm": -2,
  "prblms": -2,
  "proactive": 2,
  "profiteer": -2,
  "propaganda": -2,
  "prosecutes": -1,
  "pseudoscience": -3,
  "psinja": -3,
  "psychopathic": -2,
  "pushy": -1,
  "rageful": -2,
  "ranter": -3,
  "ranters": -3,
  "rants": -3,
  "rapturous": 4,
  "regretful": -2,
  "relieves": 1,
  "relishing": 2,
  "repercussion": -2,
  "reprimanding": -2,
  "Repulse": -1,
  "revengeful": -2,
  "rigged": -1,
  "riveting": 3,
  "robing": -2,
  "rofl": 4,
  "roflcopter": 4,
  "roflmao": 4,
  "romantical": 2,
  "rotfl": 4,
  "rotflmfao": 4,
  "rotflol": 4,
  "ru": 3,
  "sachiza": -3,
  "sadakhulupirire": -2,
  "saganizira": -1,
  "sagwirizana": -2,
  "sakhulupilira": -1,
  "sakonda": -2,
  "sakondedwa": -2,
  "sakugwirizana": -2,
  "sakumvera": -2,
  "sakumvetsa": -2,
  "sakumvetsabe": -1,
  "sakuyenda": -2,
  "salient": 1,
  "samvera": -2,
  "sanakhudzidwe": -2,
  "sanakonde": 2,
  "sanali ovomerezeka": -2,
  "sanamumvetse": -2,
  "sanamve": -3,
  "sanamvetse": -2,
  "sanaonetse": -1,
  "sanasangalale": -2,
  "sangalala": 3,
  "sangathe": 2,
  "sankadziwa": -2,
  "sankakhulupirira": -2,
  "sankandikalipira": -3,
  "sapepesa": -1,
  "sappy": -1,
  "sasangalala": -2,
  "sathandiza": 2,
  "savange": -2,
  "savanges": -2,
  "sawatcha": 2,
  "sayamikira": -2,
  "sayansi zolakwika": -2,
  "scapegoat": -2,
  "scapegoats": -2,
  "scumbag": -4,
  "seamlessly": 2,
  "secures": 2,
  "Sekani": 3,
  "sewero lanthabwala": 1,
  "sexist": -2,
  "sexistic": -2,
  "shithead": -4,
  "shitty": -3,
  "shoody": -2,
  "shrew": -4,
  "Si": -2,
  "sichikupindulitsani": -3,
  "sichitha": -2,
  "silingaimitsidwe": 2,
  "sincerest": 2,
  "sindinkakhulupirira": -3,
  "singleminded": -2,
  "sipamu": -2,
  "sitikuwamvetsa": -2,
  "siudzalandilidwa ngathi lamulo": -2,
  "siWake": -2,
  "Sizabwino": -2,
  "sizikumveka": -1,
  "sizikuyenda": -3,
  "sizikuyenda bwino": -2,
  "sizilephereka": -1,
  "sizingasinthe": -1,
  "sizithandiza": -2,
  "slash": -2,
  "slashes": -2,
  "slashing": -2,
  "sleeplessness": -2,
  "slicker": 2,
  "slickest": 2,
  "slumping": -1,
  "sneaky": -1,
  "sneezes": -2,
  "sneezing": -2,
  "snub": -2,
  "snubs": -2,
  "sokonezedwe": -2,
  "solidifies": 2,
  "solidifying": 2,
  "spammer": -3,
  "spammers": -3,
  "spamming": -2,
  "spiritless": -2,
  "sprightly": 2,
  "squelched": -1,
  "stalling": -2,
  "stank": -2,
  "starves": -2,
  "stereotype": -2,
  "stereotyped": -2,
  "stinked": -2,
  "stinker": -2,
  "stressor": -2,
  "stressors": -2,
  "stupidly": -2,
  "suave": 2,
  "subpoena": -2,
  "Sue": -2,
  "sueing": -2,
  "sues": -2,
  "sulking": -2,
  "sulky": -2,
  "sungaletsedwe": 2,
  "suspend": -1,
  "sweet": 2,
  "swindle": -3,
  "swindles": -3,
  "tachokamo": -1,
  "talente": 2,
  "tambala": -5,
  "tanthauzo": 1,
  "tard": -2,
  "tarnishes": -2,
  "tchimo": -2,
  "temberero": -1,
  "terrifically": 4,
  "terrorizes": -3,
  "Thandizeni": 2,
  "thandizo": 2,
  "tichoke": -1,
  "tigwire": -2,
  "tikadziwa": 2,
  "tikhale": -1,
  "tikudzipereka": 1,
  "tikukuthokozani": 2,
  "tikutalikitsa": -1,
  "tikuyamba": 2,
  "Timasangalalanso": 2,
  "timawu": 3,
  "timorous": -2,
  "tinali osasangalala": -2,
  "tinkangoona": 3,
  "tisakhale": -1,
  "tisalembe": -3,
  "tisaletse": 2,
  "tisangalatse": 3,
  "titangomva": -1,
  "Titapambana?": 3,
  "titchuke": 3,
  "tiyamikire": 2,
  "tout": -2,
  "touted": -2,
  "touting": -2,
  "touts": -2,
  "transgresses": -2,
  "travesty": -2,
  "treasonous": -3,
  "tremulous": -2,
  "tsankho": -3,
  "tsimikizira": 1,
  "tsoka": -2,
  "Tsoka": -3,
  "tsokali": -2,
  "tsokalo": -3,
  "tsutsa": -2,
  "tuluka": -2,
  "tulutsani": -2,
  "twat": -5,
  "tyran": -3,
  "tyrannic": -3,
  "tyrans": -3,
  "ubiquitous": 2,
  "ubwenzi": 2,
  "ubwino": 2,
  "udani": -3,
  "udindo": 1,
  "udzafunidwa": -1,
  "udzaphwanya": -1,
  "ufulu": 2,
  "ugh": -2,
  "ugliness": -3,
  "ukapolo": -2,
  "ukathyali": -3,
  "ukupereka": -3,
  "ulamuliro": 1,
  "Ulamuliro": -2,
  "ulemerero": 2,
  "ulemu": 2,
  "ulendo": 2,
  "ulova": -1,
  "umachititsa": 1,
  "umasokoneza": -3,
  "umbombo": -3,
  "umodzi": 2,
  "umoyo": 3,
  "umphawi": -1,
  "umphumphu": 2,
  "Unalimbitsa": 2,
  "unappeasable": -2,
  "unapproved": -2,
  "unavailing": -2,
  "Unayenera": 3,
  "unconvinced": -1,
  "uncredited": -1,
  "undecided": -1,
  "undercooked": -2,
  "underestimating": -1,
  "underperform": -2,
  "underperformed": -2,
  "underperforming": -2,
  "underperforms": -2,
  "uneventful": -2,
  "unfitted": -2,
  "unfocused": -2,
  "unfunny": -2,
  "ungwiro": 3,
  "unhygienic": -2,
  "unimaginative": -2,
  "unimpressed": -2,
  "uninspired": -2,
  "uninvolving": -2,
  "unmotivated": -2,
  "unoriginal": -2,
  "unparliamentary": -2,
  "unpleasantness": -2,
  "unprofessional": -2,
  "unreleting": -2,
  "unresearched": -2,
  "unsecured": -2,
  "unsold": -1,
  "unsophisticated": -2,
  "untarnished": 2,
  "upandu": -3,
  "uptight": -2,
  "usazipembedzere": 3,
  "usokoneze": -2,
  "utachepa": 2,
  "utakhala wochepa motani": -2,
  "uthe": 2,
  "utsogoleri": 1,
  "vapid": -2,
  "verdicts": -1,
  "vexing": -2,
  "victimization": -3,
  "victimizes": -3,
  "victimizing": -3,
  "vitamini": 1,
  "vitriolic": -3,
  "vivacious": 3,
  "vociferous": -1,
  "vuto": -2,
  "waba katundu": -3,
  "wabodza": -3,
  "wabodzayo": -2,
  "wabwino": 3,
  "wachabe": -2,
  "wachabechabe": -1,
  "wachangu": 3,
  "wachifundo": 2,
  "wachikoka": 2,
  "wachikondi": 2,
  "wachipongwe": -2,
  "wachisokonezo": -2,
  "wachisomo": 2,
  "wachisoni": -2,
  "wachita": 1,
  "wachuma": 2,
  "wadziweruza": -2,
  "wakhululukidwa": 2,
  "wakunja": -2,
  "wakupha": -2,
  "ŵakusanga": 2,
  "wakuyiwala": -2,
  "wakwiya": -3,
  "walkouts": -2,
  "waluntha": 4,
  "waluso": 1,
  "wamagazi": -3,
  "wamanjenje": -2,
  "wamantha": -2,
  "wamanyazi": -1,
  "wamasiye": -1,
  "wambawamba": 2,
  "wamphamvu": 2,
  "wamtendere": 2,
  "wamwano": -2,
  "wanda": -3,
  "wangwiro": 3,
  "wanker": -3,
  "wankhanza": -3,
  "wansangala": 4,
  "wanzeru": 2,
  "wapadera": -1,
  "wapamwamba": 3,
  "wapatali": -2,
  "wapathengo": -3,
  "waponya": -1,
  "warmness": 2,
  "wasiya": -1,
  "watanthauzo": 2,
  "wathawa": -2,
  "wathedwa": -2,
  "watilakwira": -2,
  "watsimikiza": 2,
  "waubwenzi": 2,
  "waukali": -3,
  "waulemerero": 2,
  "whimsical": 1,
  "winwin": 3,
  "wobiriwira wosambitsa": -3,
  "wobwezera": -2,
  "wochezeka": 2,
  "wochimwa": -3,
  "wochirikiza": 1,
  "wochirimika": 3,
  "wochita kuvala": 1,
  "wodabwa": -2,
  "wodabwitsa": 4,
  "wodalirika": 2,
  "wodana": -3,
  "wodekha": 2,
  "wodwalayo": -2,
  "wodzala": -2,
  "wodzichepetsa": 1,
  "wodzidalira": -2,
  "wodzikonda": -3,
  "wodzudzulidwa": -2,
  "woebegone": -2,
  "wofooka": -2,
  "wofufuza": -2,
  "wofuna": 2,
  "wofunika": 2,
  "wofunitsitsa": 2,
  "woganiza": 2,
  "woganiza kwambiri": -1,
  "wogwirira": -4,
  "wogwirizana": 1,
  "wokaika": -3,
  "wokakamizidwa": 1,
  "wokanika": -2,
  "wokayikakayika": -2,
  "wokhulupirika": 3,
  "wokoma": 2,
  "wokonda": 2,
  "wokondedwa": 2,
  "wokondeka": 3,
  "wokondwa": 3,
  "Wokondwa": 3,
  "wokongola": 1,
  "wokongoletsa": 3,
  "wolakwa": -3,
  "wolakwayo": -2,
  "wolanda": -2,
  "wolekerera": 1,
  "wolemedwa": -2,
  "wolemekezeka": 2,
  "wolimba mtima": 3,
  "wolimbana": -1,
  "wolimbikitsa": 2,
  "wolongolola": -2,
  "wolumala": -2,
  "wolungamitsidwa": 2,
  "woluza": -3,
  "womangika": -2,
  "won": 3,
  "wonjezani": 1,
  "wonse": 3,
  "wonyada": 2,
  "wonyansa": -3,
  "wonyengezera": -3,
  "woohoo": 3,
  "woonamtima": 2,
  "wooo": 4,
  "woopsa": -2,
  "woopsawo": -3,
  "woow": 4,
  "wopambana": 2,
  "wopambanayo": 3,
  "wopanda mphamvu": -2,
  "wopatsa chidwi": 2,
  "wopha": -2,
  "wopindulitsa": 2,
  "wopondereza": -2,
  "woponderezedwa": -2,
  "wopulumuka": 2,
  "wopusa": -2,
  "wopusawo": -2,
  "worsens": -3,
  "wosachangamuka": -2,
  "wosadzikonda": 2,
  "wosadziŵa": -2,
  "wosafa": 2,
  "wosafuna": 1,
  "wosafunika": -2,
  "wosaganizira": -2,
  "wosakhazikika": -2,
  "wosakhulupirira": -1,
  "wosakhutitsidwa": -2,
  "wosakoma": -2,
  "wosakondedwa": -5,
  "wosakongola": -2,
  "wosalimba": -2,
  "wosalongosoka": -2,
  "wosalungama": -2,
  "wosamvetseka": -2,
  "wosangalatsa": 4,
  "wosasamala": -2,
  "wosasangalala": -2,
  "wosauka": -2,
  "wosayamikira": 2,
  "wosayankhula": -3,
  "wosayenera": -2,
  "wosaziyenera": -2,
  "wosimidwa": -3,
  "wosiyana": -1,
  "wosokeretsa": -3,
  "wosokonezeka": -2,
  "wosungulumwa": -2,
  "wotakasuka": 1,
  "wotanganidwa": 1,
  "wotchera": 2,
  "wotchuka": 3,
  "wotetezedwa": 2,
  "wothandiza": 2,
  "wothokoza": 2,
  "wothwanima": 3,
  "wotonza": -2,
  "wotopa": -2,
  "wotopetsa": -2,
  "wotsimikiza": 1,
  "wotsimikiziridwa": 2,
  "wotsogola": 2,
  "wotukuka": 3,
  "woukira": -2,
  "woukira boma": -3,
  "woumira": -2,
  "wovala": -2,
  "wovunda": -3,
  "wovutika": -3,
  "wowawa": -2,
  "wowolowa": 2,
  "wowonongeka": -2,
  "wowopsa": -2,
  "wowow": 4,
  "wowww": 4,
  "woyanjidwa": 2,
  "woyenera": 2,
  "woyenerera": 2,
  "woyengeka": 1,
  "woyera": 2,
  "Woyesana": -1,
  "woyimira kumbuyo": 2,
  "woyipawo": -3,
  "wozingwa": -2,
  "wozunzidwayo": -3,
  "wozunzikirapo": -4,
  "wrongful": -2,
  "WTF": -4,
  "wtff": -4,
  "wtfff": -4,
  "wunika": -2,
  "xo": 3,
  "xoxo": 3,
  "xoxoxo": 4,
  "xoxoxoxo": 4,
  "yabodza": -3,
  "yabweretsa mozemba": -2,
  "yachifundo": 2,
  "Yachilendo": -2,
  "yakuti": 1,
  "yaminga": -2,
  "yamtendere": 3,
  "yankhanza": -2,
  "yankho": 1,
  "yapambana": 4,
  "yeees": 2,
  "yekha": -2,
  "yeretsani": 1,
  "Yesu": 1,
  "yobiriwira": 2,
  "yochepa sightedness": -2,
  "yodabwitsa": 3,
  "yodetsa": -2,
  "yogwira": 1,
  "yojambula": 3,
  "yokakamiza": -1,
  "yokhumudwa": -2,
  "yokometsetsa": 3,
  "yokulirapo": 1,
  "yolakwika": -2,
  "yoletsedwa": -2,
  "yolimbikitsa": 2,
  "yomangika": -2,
  "yopereka": 1,
  "yopulumutsa": 2,
  "yosakongola": -1,
  "yosalephera": 2,
  "yosalongosoka": -2,
  "yosamveka": -2,
  "yosangalala": 2,
  "yosangalatsa": 2,
  "yosathandiza": -2,
  "yosayenera": 2,
  "yosayenerera": -2,
  "yosemphana": -2,
  "yosokoneza": -2,
  "yothawathawa": -2,
  "yotithandiza": 1,
  "yotopetsa": -2,
  "yotsalidwa": -2,
  "yotsimikizira": 1,
  "youmba": 2,
  "yovuta": -3,
  "yovutayi": -2,
  "yowala": 2,
  "yowawitsa": -3,
  "yowoneka": 2,
  "yowopsa": -2,
  "yowotcha": -2,
  "yoyenera": 3,
  "yucky": -2,
  "yummy": 3,
  "zabodza": -1,
  "zabwino": 2,
  "Zabwino": 2,
  "zachibwana": -2,
  "zachikondi": 3,
  "zachilendo": -1,
  "zachisoni": -2,
  "zachiwawa": -2,
  "zadzidzidzi": -2,
  "zakhudzana": -2,
  "zakuda": -2,
  "zakufa": 2,
  "zakupha": -2,
  "zamagulu": -2,
  "zamakono": 2,
  "zamkhutu": -2,
  "zamwano": -1,
  "zankhanza": -3,
  "zankhanza kwambiri zimaperekedwa": -2,
  "zaonongeka": -2,
  "zapamwamba": 3,
  "zaphindu": 2,
  "zauve": -2,
  "zayamba": 1,
  "zazikulu": 3,
  "Zelote": -2,
  "zidzasintha": 4,
  "zidzolo": -2,
  "ziganizo": -2,
  "zigawenga": -3,
  "zigaŵenga": -2,
  "zikachitika": -3,
  "zikawoneka": -1,
  "zikomo": 2,
  "zikondwerero": 3,
  "zikopa": -1,
  "zikugwira": -1,
  "zikuluzikulu": 1,
  "zikumenyetsedwa": -2,
  "zikumuyendera": 3,
  "zikundiyendera": 2,
  "zikuonetsa": -2,
  "zikusokoneza": -2,
  "zikuvutitsa": -1,
  "zikuwopseza": -2,
  "zikuyenela": 2,
  "ziletsa": -1,
  "ziletso": -1,
  "zilonda": -1,
  "zimadzetsa vuto lalikulu": -2,
  "zimafika": -1,
  "zimaipitsa": -2,
  "zimakupiza": 3,
  "zimakwiyitsa": -2,
  "zimalepheretsa": -2,
  "zimamuchulukira": -1,
  "zimaputa": -2,
  "zimasochera": -2,
  "zimawonjezera": -2,
  "zimayambitsa": -1,
  "zinadziwika": -2,
  "zinakwiyitsa": -2,
  "zinalephera": -2,
  "zinatha": -3,
  "zinawachitsa": -2,
  "zinawukhira": -1,
  "zingachepetse": 3,
  "zingawononge": -2,
  "zinthu": 1,
  "zinthu zopatsa chidwi": 3,
  "zinyalala": -1,
  "zionetsero": -2,
  "zipambano": 3,
  "ziphe": -2,
  "ziphuphu": -3,
  "zipolopolo": -2,
  "zipolowe": -2,
  "zipsera": -2,
  "zisathe": 2,
  "Zisiyeni": -4,
  "zitsiru": -2,
  "ziwawa": -3,
  "ziwole": -2,
  "ziyembekezo": 2,
  "zoberana": -2,
  "zobiriwira": 2,
  "zobisika": -1,
  "zochepa": -1,
  "zochuluka": -2,
  "zodabwitsa": -2,
  "zofooka": -2,
  "zofukiza": -2,
  "zofuna": -1,
  "zofunika": 2,
  "zogwiriziza": 2,
  "zoipa": -3,
  "zoipa zopezeka": -2,
  "zokayikitsa": -2,
  "zokhazikika": 2,
  "zokhota": 1,
  "zokhumudwitsa": -2,
  "zokoma": 3,
  "zokongoletsera": 1,
  "zokopa": 2,
  "zokwanira": 1,
  "Zokwaniritsa": 2,
  "zolakwa": -2,
  "zolakwika": -2,
  "zolaula": -2,
  "zolephera": -2,
  "zolepheretsa": -1,
  "zolimbikitsa": 2,
  "zolinga": 1,
  "zolusa": -2,
  "zomvetsa": -3,
  "zomvetsa chisoni": -2,
  "zomwe zikutsalirazi": -2,
  "zongoganizira": -2,
  "zongopeka": 2,
  "zonyezimira": 3,
  "zonyoza": -2,
  "zonyoza zimayenda": -2,
  "zoopsa": -3,
  "zoopsazi": -3,
  "zopanda nzeru": -1,
  "zopanda pake": -3,
  "zopangidwa ndi": -1,
  "Zopatsa": 2,
  "zopeka": -3,
  "zoperewera": -2,
  "zopezera": 1,
  "zophuka": 2,
  "zopindika": -3,
  "zopindula": 2,
  "zopinga": -2,
  "zopotola": -2,
  "zosakhala bwino": -2,
  "zosakwanira": -2,
  "zosalongosoka": -3,
  "zosamalira": 2,
  "zosamvetsetseka": 2,
  "zosangalatsa": 4,
  "zosasangalatsa": -2,
  "zosatsimikiza": -1,
  "zosautsa": -2,
  "zosavomerezeka": -2,
  "zosavuta": 1,
  "zosayembekezeka": 3,
  "zosayenela": -2,
  "zosayenera": -2,
  "zoseketsa": 2,
  "zosiya": -1,
  "zosokoneza": -2,
  "zosonyeza": 2,
  "zotamanda": 2,
  "zothandiza": 2,
  "zothetsera": 1,
  "zotsatira": -2,
  "zotsogola": 1,
  "zotsukira": 2,
  "zotsutsana": -2,
  "zoukira boma": -2,
  "zovomerezeka": 1,
  "zovuta kuzimvetsa": -2,
  "zowawa": -2,
  "zowononga": -3,
  "zoyambitsa": -1,
  "zoyipa": -4,
  "zoziziritsira": 2,
  "zozizwitsa": 4
}