{
  "abot": 1,
  "agulo": -2,
  "away": -1,
  "sakaugalingon masaligon": 2,
  "sakaugalingon nagkasumpaki": -2,
  "sakaugalingon nalingla": -2,
  "sakaugalingon sa pagabuso": -2,
  "usik": -2,
  "abante": 1,
  "abiabi": 2,
  "abiabi sa": 2,
  "abilidad": 2,
  "abotanan": -1,
  "absentee": -1,
  "absolves": 2,
  "absuwelto": 2,
  "abswelto": 2,
  "abtik": 2,
  "abtik nga": 2,
  "abughoan": -2,
  "abusado": -3,
  "abuso sa": -3,
  "accessible": 1,
  "acclaim": 2,
  "acquits": 2,
  "acquitted": 2,
  "acrimonious": -3,
  "adoringly": 3,
  "adunahan": 2,
  "adunahang": 2,
  "adunay pagmulo": -2,
  "adventure": 2,
  "adventurous": 2,
  "advisable": 1,
  "affectionateness": 3,
  "aggravate": -2,
  "agi": -2,
  "agog": 2,
  "agonises": -3,
  "agonizes": -3,
  "agresibo": -2,
  "agresyon": -2,
  "agulo": -2,
  "aksidente": -2,
  "aksidenteng": -2,
  "aktibo": 1,
  "aktibong": 2,
  "akusado": -2,
  "akusar": -2,
  "akusasyon": -2,
  "alarmists": -2,
  "alaut": -1,
  "alegasyon": -2,
  "alerdyik": -2,
  "alerto": -1,
  "ali": -1,
  "aligato": 1,
  "aliwaros": -2,
  "amaze": 2,
  "ambisyoso": 2,
  "amping": 2,
  "ampo": 1,
  "an": 2,
  "anak nga lalakesausa kapuangod": -5,
  "anak sa gawas": -5,
  "andakan": -2,
  "andam": 1,
  "ang labaw": 4,
  "ang mga tinikas nga": -2,
  "ang napukan nga": -2,
  "ang pagkamatarung": 2,
  "Ang paglangan": -1,
  "angay": 2,
  "angay nga": 2,
  "annoy": -2,
  "annoys": -2,
  "anti": -1,
  "apektado": -1,
  "apeshit": -3,
  "apil": 1,
  "applauding": 2,
  "apresasyon": 2,
  "aprobahan": 2,
  "aresto": -2,
  "armas": -1,
  "arsehole": -4,
  "ashame": -2,
  "asno": -4,
  "asset": 2,
  "assets": 2,
  "assfucking": -4,
  "asshole": -4,
  "astoundingly": 3,
  "atake": -2,
  "atngal": -2,
  "atras": -1,
  "atrocity": -3,
  "attractions": 2,
  "attracts": 1,
  "atubangan": 1,
  "aura": 1,
  "avid": 2,
  "awaaw": -1,
  "awaaw": -2,
  "award": 3,
  "awards": 3,
  "away": -1,
  "awhag sa": 2,
  "awtoridad": 1,
  "ay": -2,
  "ayaw paglangana": -1,
  "ayo": -3,
  "babag": -2,
  "badass": -3,
  "badlong": -2,
  "bahandi": 3,
  "bahin": 1,
  "baho": -2,
  "bailout": -2,
  "bakak": -2,
  "bakak nga mga": -1,
  "bakakon": -3,
  "bakikaw": -2,
  "balanse": 1,
  "balewalaon": -2,
  "Bali": -2,
  "Balitaron": -3,
  "bamboozle": -2,
  "bamboozled": -2,
  "bamboozles": -2,
  "bangis nga": -3,
  "bangkaw": 2,
  "bangkrap": -3,
  "bangoti": -2,
  "banhawon": 2,
  "bankster": -3,
  "bantog nga": 3,
  "baratilyo": 2,
  "barato": 2,
  "barbaro": -2,
  "baskog": 3,
  "bastos": -2,
  "basura": -1,
  "batanon": 2,
  "bati nga": -2,
  "batid nga": 2,
  "batok sa": -2,
  "bayani": 2,
  "bayanihong": 3,
  "benepisyo": 2,
  "bentaha": 2,
  "bias": -1,
  "biay": -2,
  "bibo": 3,
  "bigaon": -4,
  "biktima": -3,
  "bili": 2,
  "binata nga": -2,
  "binilanggo": -2,
  "binuang": -3,
  "bitamina": 1,
  "bitches": -5,
  "biyuda": -1,
  "bizarre": -2,
  "blackmail": -3,
  "blackmailed": -3,
  "blackmailing": -3,
  "blackmails": -3,
  "Blah": -2,
  "blames": -2,
  "blithe": 2,
  "block": -1,
  "blockade": -2,
  "blockbuster": 3,
  "bloke": -1,
  "bomba": -1,
  "boosted": 1,
  "bothersome": -2,
  "boycott": -2,
  "boycotted": -2,
  "boycotts": -2,
  "braveness": 2,
  "bravura": 3,
  "breached": -2,
  "breakthrough": 3,
  "breathtaking": 5,
  "brightest": 2,
  "brilliances": 3,
  "brooding": -2,
  "brutal": -3,
  "buang": -2,
  "Buang": -2,
  "buangbuang": -2,
  "buangbuang": -1,
  "bugnaw nga": 1,
  "bugnaw nga putos": 3,
  "buhi": 2,
  "Buhion Pagusab": 2,
  "buhis": 2,
  "bukobuko": 1,
  "bulahan": 2,
  "bulingan": -2,
  "bullshit": -4,
  "bummer": -2,
  "buot": 1,
  "buta": -1,
  "butang": 1,
  "buwag": -1,
  "calming": 2,
  "carne": -2,
  "catastrophic": -4,
  "censored": -2,
  "chagrined": -2,
  "champion": 2,
  "chaotic": -2,
  "charitable": 2,
  "charmingly": 3,
  "charmless": -3,
  "cheater": -3,
  "cheered": 2,
  "cheerless": -2,
  "cheers": 2,
  "chic": 2,
  "choke": -2,
  "classy": 3,
  "cocksucker": -5,
  "cocksuckers": -5,
  "cocky": -2,
  "combat": -1,
  "comedy": 1,
  "competencies": 1,
  "competitive": 2,
  "complicating": -2,
  "conciliate": 2,
  "conciliated": 2,
  "conciliates": 2,
  "conciliating": 2,
  "conflictive": -2,
  "confuse": -2,
  "Congrats": 2,
  "congratulations": 2,
  "consolable": 2,
  "constipation": -2,
  "contagions": -2,
  "contaminate": -2,
  "contender": -1,
  "contestable": -2,
  "controversially": -2,
  "courageousness": 2,
  "coziness": 2,
  "cramp": -1,
  "crappy": -3,
  "crash": -2,
  "crazier": -2,
  "craziest": -2,
  "crestfallen": -2,
  "criminate": -3,
  "criminated": -3,
  "criminates": -3,
  "crush": -1,
  "crushes": -1,
  "cunt": -5,
  "cut": -1,
  "cutback": -2,
  "cute": 2,
  "cynic": -2,
  "dagayang": 2,
  "dako nga": 3,
  "dakung": -2,
  "dali": -1,
  "damgo": 1,
  "damnit": -4,
  "dangog nga": 2,
  "danguynguy": -2,
  "danyos": -2,
  "daog": 4,
  "daotan": -3,
  "daredevil": 2,
  "dato": 2,
  "dautan": -2,
  "dautang": -2,
  "dayag": 1,
  "dayon": 1,
  "deadlock": -2,
  "debonair": 2,
  "debosyon": 2,
  "debosyonal": 2,
  "defiant": -1,
  "deformed": -2,
  "deformities": -2,
  "deft": 2,
  "degrade": -2,
  "dehumanize": -2,
  "dehumanized": -2,
  "deject": -2,
  "dejects": -2,
  "delightfully": 3,
  "demonstrasyon": -1,
  "demoralisado": -2,
  "demoralizes": -2,
  "deniers": -2,
  "depekto": -3,
  "depisit": -2,
  "deplored": -3,
  "deploring": -3,
  "deport": -2,
  "deportations": -2,
  "deports": -2,
  "depressing": -2,
  "derailed": -2,
  "desperado": -3,
  "detention": -2,
  "deteriorate": -2,
  "deteriorates": -2,
  "determinado": 2,
  "diamante": 1,
  "Dick": -4,
  "dickhead": -4,
  "dignidad": 2,
  "diktador": -2,
  "dili": -1,
  "dilihinakog": 2,
  "dilimagtutuong": -1,
  "dilimakitawhanong": -2,
  "dilimapugngang": -3,
  "dilimatarung nga": -2,
  "dili angay": -2,
  "dili dinasig": -2,
  "dili epektibo": -2,
  "dili ganahan": -2,
  "dili gusto": -2,
  "dili gustong": -2,
  "dili hiligugmaon": -2,
  "dili hinakog nga": 2,
  "dili hingpit": -2,
  "dili hustong": -2,
  "dili igo nga": -2,
  "dili importante": -2,
  "dili katuohan": -1,
  "dili klaro": -2,
  "dili kompleto": -1,
  "dili komportable": -2,
  "dili luwas": -2,
  "dili maantus": -2,
  "dili maayo": -2,
  "dili maayo nga": -3,
  "dili maayo nga luck": -2,
  "dili maayong": -2,
  "dili mabuntog": 2,
  "dili madawat": -2,
  "dili madisgrasya": 2,
  "dili mapasalamaton": -3,
  "dili masabtan": -2,
  "dili motambong sa": -2,
  "dili mouyon": -2,
  "dili na makatrabaho": -2,
  "dili pabor": -2,
  "dili pagtuo": -2,
  "dili patas nga": -1,
  "dili sa pagtrabaho": -3,
  "dili takus": -2,
  "dili tawhanong": -2,
  "dili tingali": -1,
  "dili tinuod": -2,
  "dilligence": 2,
  "dinalian": -1,
  "dinasig nga": 2,
  "dinunggaban": -2,
  "Dios": 1,
  "diperensiya sa": -2,
  "dipshit": -3,
  "dire": -3,
  "direful": -3,
  "disability": -2,
  "disadvantaged": -2,
  "disagreement": -2,
  "disappears": -1,
  "disappointing": -2,
  "disapprovals": -2,
  "Disbentaha": -2,
  "discard": -1,
  "disconsolate": -2,
  "disconsolation": -2,
  "discounted": -1,
  "discriminate": -2,
  "discriminated": -2,
  "disgustful": -3,
  "diskriminasyon": -2,
  "dismal": -2,
  "dismiss": -2,
  "disorder": -2,
  "disparages": -2,
  "disproportionate": -2,
  "disqualify": -2,
  "disrupted": -2,
  "disturb": -2,
  "dithering": -2,
  "dodgy": -2,
  "dolorous": -2,
  "donasyon": 2,
  "douche": -3,
  "douchebag": -3,
  "downer": -2,
  "downside": -2,
  "drag": -1,
  "Droopy": -2,
  "drop": -1,
  "dubious": -2,
  "dugoon": -3,
  "dula": -2,
  "dull": -2,
  "dulumtanan": -3,
  "dumbass": -3,
  "dump": -1,
  "dumps": -1,
  "dunggab": -2,
  "dungog": 2,
  "dunot": -3,
  "dunot nga": -2,
  "dupe": -2,
  "dupery": -2,
  "duwausabusab": 3,
  "dysfunction": -2,
  "eery": -2,
  "effortlessly": 2,
  "ekonomiya": -2,
  "ekspan": 1,
  "elegante": 2,
  "elegante, maambong": 2,
  "embarrasses": -2,
  "emergency": -2,
  "empowerment": 2,
  "Enchanted": 2,
  "endorso": 2,
  "ennui": -2,
  "enrage": -2,
  "enraging": -2,
  "enrapture": 3,
  "epektibo": 2,
  "Eric": -2,
  "ErrorWithTranslation": -2,
  "espiritu": 1,
  "euphoric": 4,
  "evacuation": -1,
  "evergreen": 2,
  "evergreening": -3,
  "exacerbate": -2,
  "exacerbated": -2,
  "exacerbating": -2,
  "exaggerate": -2,
  "exaggerated": -2,
  "exasparate": -2,
  "exasperates": -2,
  "excellence": 3,
  "excite": 3,
  "exclusive": 2,
  "excruciatingly": -1,
  "exhilarates": 3,
  "exonerates": 2,
  "exonerating": 2,
  "expel": -2,
  "exploration": 1,
  "extend": 1,
  "extremist": -2,
  "extremists": -2,
  "fabulous": 4,
  "fag": -3,
  "fagot": -3,
  "faker": -3,
  "fakes": -3,
  "fan": 3,
  "fascinates": 3,
  "favorited": 2,
  "favourited": 2,
  "felonies": -3,
  "fervid": 2,
  "festive": 2,
  "firing": -2,
  "flagship": 2,
  "flaws": -2,
  "flu": -2,
  "focus": 2,
  "fond": 2,
  "foul": -3,
  "fraudster": -4,
  "fraudsters": -4,
  "fraudulence": -4,
  "freak": -2,
  "free": 1,
  "frenzy": -3,
  "frikin": -2,
  "frustrated": -2,
  "ftw": 3,
  "fuck": -4,
  "fucker": -4,
  "fuckers": -4,
  "fuckface": -4,
  "fuckhead": -4,
  "fuckin": -4,
  "fucktard": -4,
  "fud": -3,
  "fuked": -4,
  "fuking": -4,
  "fuming": -2,
  "funky": 2,
  "funnier": 4,
  "gag": -2,
  "gakos": 2,
  "gamhanan": 2,
  "gamiton": -2,
  "ganahan": 3,
  "ganancia": 2,
  "Gangbang": -4,
  "Gangbang cute": 4,
  "Gangbang dakung": 4,
  "Gangbang gugma": 4,
  "Gangbang hinanduraw": 4,
  "Gangbang hingpit": 4,
  "Gangbang katingalahang": 4,
  "Gangbang maanindot nga": 4,
  "Gangbang maayo": 4,
  "Gangbang mainit nga": 2,
  "ganti": 2,
  "garantiya": 1,
  "gasa": 2,
  "gayong": 3,
  "genial": 3,
  "gi tagaan ug rangal": 3,
  "giabusohan": -3,
  "giatake": -1,
  "giatubang": -1,
  "giayran": -3,
  "gibabagan": -1,
  "gibadlong": -2,
  "gibasol": -2,
  "gibilanggo": -2,
  "gibiyaan": -2,
  "gibutyag": -1,
  "gidagit": -2,
  "gidakop": -3,
  "gidasig": 2,
  "gidawat": 1,
  "gidayeg": 3,
  "gidestiyero": -2,
  "gidili": -2,
  "gidonar": 2,
  "gidudahang": -1,
  "gidumtan": -3,
  "gidunggab": -2,
  "gigantihan": 2,
  "gigun": -1,
  "gigutom": -2,
  "giguyod": -1,
  "gihagit": -1,
  "gihampak": -1,
  "gihangop sa publiko": -3,
  "giharas": -3,
  "gihatag": 1,
  "gihawiran": -2,
  "gihigugma": 3,
  "gihimo": -2,
  "gihiphipan": -3,
  "gihugawan": -2,
  "gihugpaan": -2,
  "gihukman": -2,
  "gihulga": -2,
  "giila": 2,
  "giiyot": -4,
  "gikahadlokan": -2,
  "gikahimut": 2,
  "gikahimutan": 2,
  "gikalipayan": 3,
  "gikansela": -1,
  "gikapoy": -2,
  "gikapungtan sa": -3,
  "gikasab": -3,
  "Gikasaban": -2,
  "gikatawan ang": -2,
  "gikawat": -2,
  "gikiha": -2,
  "giklaro": 2,
  "gikuhaan": -2,
  "gikulbaan": -2,
  "gilaan": 2,
  "gilaayan": -2,
  "gilabay": -1,
  "gilabay nga": -1,
  "gilaglag": -3,
  "gilangan": -1,
  "gilimbongan": -2,
  "gilimod": -2,
  "gilugos": -4,
  "gilusad": 1,
  "gilutos": -2,
  "gimahal": 2,
  "gimaniobra": -1,
  "gimingaw": -2,
  "ginakapakapa": -2,
  "ginansya": 2,
  "ginapakahuyan": -2,
  "ginapigos": -2,
  "ginasamukan": -2,
  "Ginerbiyos gayod": -2,
  "gipaabot": -1,
  "gipabakwit": -1,
  "gipabilhan": 2,
  "Gipabilhan": 2,
  "gipaboran": 2,
  "gipahalipayan": 2,
  "gipahamtang": -1,
  "gipahimuslan": -2,
  "gipahiuli": 1,
  "gipakalma": 2,
  "gipakamatarung": 2,
  "gipakaminus": -2,
  "gipakaon": -3,
  "gipakaulawan": -2,
  "gipalagpot": -1,
  "Gipalig": 1,
  "gipaluyohan": 1,
  "Gipamatuod": -2,
  "gipanalipdan": 1,
  "gipangayo": -1,
  "gipangbayaw": 2,
  "Gipangga": 2,
  "gipanghimaraut": -4,
  "gipapahawa": -2,
  "gipasaylo": 2,
  "gipasibug": -2,
  "gipasidanan": -2,
  "gipasidunggan": 2,
  "gipatay": -3,
  "gipatipas": -1,
  "gipatuman": -1,
  "gipili": 1,
  "gipugos": -2,
  "gipusgay": -2,
  "girekomendar": 2,
  "gisaad": 1,
  "gisakit": -1,
  "gisakitan": -2,
  "gisalig": 2,
  "gisalikway": -1,
  "gisamokan": -2,
  "gisaway": -2,
  "Gisaway sa": -2,
  "gisi": -2,
  "Gisilotan sa": -2,
  "gisimba": 3,
  "gisukitsukit": -2,
  "gisuportahan": 2,
  "gisuspenso": -1,
  "gitagoan": -1,
  "gitahud": 2,
  "gitakda": -2,
  "gitambagan": -2,
  "gitigbas": -1,
  "gitinguha": 2,
  "gitortyur": -4,
  "gitubos": 2,
  "gituis": -2,
  "Gituis": -2,
  "gitulis": -2,
  "gitumbok": -2,
  "giugbok": -2,
  "giuyonan": 2,
  "giwala": -2,
  "glamorous": 3,
  "glamourous": 3,
  "glee": 3,
  "glum": -2,
  "goddamn": -3,
  "godsend": 4,
  "gon": -3,
  "goodlooking": 3,
  "goofiness": -2,
  "gr8": 3,
  "grabe": 1,
  "grabe nga": -2,
  "grabing": -2,
  "grand": 3,
  "grants": 1,
  "grasya": 1,
  "gray": -1,
  "greenwash": -3,
  "greenwasher": -3,
  "greenwashers": -3,
  "greenwashing": -3,
  "grisly": -2,
  "gross": -2,
  "growths": 2,
  "guba nga": -2,
  "gubat": -1,
  "gubot nga": -2,
  "gugma": 3,
  "gusto": 2,
  "gutanan": -2,
  "gutom": -2,
  "gwapo": 3,
  "ha": 2,
  "hadlokon": -3,
  "hagit": -1,
  "haha": 3,
  "hahaha": 3,
  "hahahah": 3,
  "hakog": -2,
  "hakog nga": -3,
  "halandumon": 1,
  "halangdon nga": 2,
  "hallelujah": 3,
  "halok": 2,
  "hampak": -3,
  "hamtong nga": 2,
  "hangul": -2,
  "haom": 2,
  "haom nga": 2,
  "haplessness": -2,
  "harasment": -3,
  "hardier": 2,
  "Hardy": 2,
  "harmed": -2,
  "harmonious": 2,
  "hatag": -2,
  "haunted": -2,
  "haunting": 1,
  "haw": -1,
  "hayag": 4,
  "hehe": 2,
  "higala": 1,
  "higayon": 2,
  "highlight": 2,
  "higpit nga": -2,
  "higugmaa": -2,
  "hikalimtan": -1,
  "hilanat": -2,
  "hiligugmaon": 3,
  "hilit": -1,
  "hilo": -2,
  "himaya": 2,
  "himsog": 2,
  "hinanduraw": 4,
  "hingape": 2,
  "hingpit": 3,
  "hinigugma": 3,
  "hiniusa nga": 1,
  "hinlong": -2,
  "hiphip": -3,
  "hitupngan": 1,
  "hiwahiwaon": -2,
  "homicide": -2,
  "homisayd": -2,
  "hooligan": -2,
  "hooligans": -2,
  "hubog": -2,
  "huckster": -2,
  "hugaw": -2,
  "hukom": -1,
  "hulga": -2,
  "humbug": -2,
  "humerous": 3,
  "humor": 2,
  "humourous": 2,
  "hunahunaa nga": -2,
  "hungog": -2,
  "hurra": 5,
  "hustisya": 2,
  "husto nga direksyon": 3,
  "huyang": -2,
  "huyang nga": -2,
  "hysterical": -3,
  "iapil": -1,
  "ibabaw": 2,
  "ibutyag": -1,
  "ideya": -2,
  "idili": -2,
  "idiocy": -3,
  "idiskaril": -2,
  "igihan": -2,
  "igong": 1,
  "ihatag": 1,
  "ikasukol": -2,
  "ikyas": -1,
  "ikyas sa": -1,
  "ilabay": -1,
  "ilad": -2,
  "iligal": -3,
  "illegal nga": -3,
  "illiteracy": -2,
  "ilog": -2,
  "ilusyon": -1,
  "imaginative": 2,
  "imbitar": 1,
  "imortal nga": 2,
  "impeachment": -3,
  "impeachments": -3,
  "impedingly": -2,
  "impeksyon": -2,
  "impluwensiya sa hunahuna": -3,
  "impluwensiyadong": 2,
  "importante": 2,
  "importante nga": 1,
  "impostor": -2,
  "impresibo": 3,
  "impress": 3,
  "improb": 2,
  "impyerno": -4,
  "incapacitates": -2,
  "incienso": -2,
  "incompetent": -2,
  "inconvenient": -2,
  "indoctrinate": -2,
  "indoctrinates": -2,
  "indoctrinating": -2,
  "indoktrinisa": -2,
  "inediable": -2,
  "ineffectively": -2,
  "inefficiency": -2,
  "inefficient": -2,
  "inefficiently": -2,
  "ineptitude": -2,
  "infantilized": -2,
  "infatuation": 2,
  "infect": -2,
  "infecting": -2,
  "infests": -2,
  "infiernohanon": -2,
  "inflamed": -2,
  "infract": -2,
  "infracted": -2,
  "infracting": -2,
  "infracts": -2,
  "infuriating": -2,
  "inhustisya": -2,
  "inila": 2,
  "inila nga": 2,
  "inkapasidad": -2,
  "innovate": 1,
  "innovates": 1,
  "inquisitive": 2,
  "insecure": -2,
  "insensitivity": -2,
  "insomnia": -2,
  "inspirasyon": 2,
  "insufficiently": -2,
  "insulto": -2,
  "integridad": 2,
  "intelihenteng": 2,
  "interes": 1,
  "interesado": 2,
  "intimidates": -2,
  "intransigency": -2,
  "intriga": 1,
  "ipahampak": -3,
  "Ipangomusta": 2,
  "iresponsable": -2,
  "ironic": -1,
  "irony": -1,
  "irrational": -1,
  "irreparable": -2,
  "irreproducible": -2,
  "irresistible": 2,
  "irresolute": -2,
  "irreversibly": -1,
  "isalikway": -1,
  "iskandalo": -3,
  "iskandaloso": -3,
  "isterya": -3,
  "isyu": -3,
  "itoy nga nagahupo": -1,
  "jackass": -4,
  "jackasses": -4,
  "jaunty": 2,
  "jerk": -3,
  "jesus": 1,
  "jocular": 2,
  "joke": 2,
  "jumpy": -1,
  "kaalam": 1,
  "kaalaut": -2,
  "kaalyado": 2,
  "kaanyag": 3,
  "kaaway": -1,
  "kaayo": 4,
  "kaayohan": 2,
  "kaayong": 4,
  "kaayong mga": 3,
  "kabagohan": 1,
  "kabaho": -2,
  "kabalaka": -2,
  "kabalangayan": 1,
  "kabangis": -3,
  "kabantog": 1,
  "kabuang": -3,
  "kabudlay": -2,
  "kadaot": -2,
  "kadasig": 1,
  "kadaugan": 4,
  "kaduhaduhaan": -1,
  "kagawasan": 2,
  "kagubot": -2,
  "kagulanan": -2,
  "kagunoban": -2,
  "kaguol": -2,
  "kagutom": -2,
  "kahadlok": -2,
  "kahakog": -3,
  "kahasol": -2,
  "kahaw": -1,
  "kahayag": 1,
  "kahayag sa adlaw": 2,
  "kahibulong": 3,
  "kahibulongan nga": 3,
  "kahigawad": -2,
  "kahigayunan": 2,
  "kahinam": 3,
  "kahinangop": 2,
  "kahingpitan": 3,
  "kahiubos": -2,
  "kahulogan": 1,
  "kahupayan": 2,
  "kahuyang": -2,
  "kaikag": 3,
  "kainit": 2,
  "kaisog": 3,
  "kakabus": -1,
  "kakalma sa katulugon": 2,
  "kakapoy": -2,
  "kakulang": -2,
  "kakulang sa": -2,
  "kakulangan": -2,
  "kakuyaw": -2,
  "kalag ginaluod": -3,
  "kalaglagan": -2,
  "kalagot": -2,
  "kalagsik": 3,
  "kalamboan": 2,
  "kalamposan": -2,
  "kalampusan": 2,
  "kalidad nga": 2,
  "kalig": 2,
  "kalimtan": -1,
  "kalingawan": 3,
  "kalipay": 4,
  "kalisang": -2,
  "kalisdanan": -2,
  "kalma": 2,
  "kalooy": 2,
  "kaluho": 2,
  "kalumo": 2,
  "kalumpagan": -2,
  "kaluoy": 2,
  "kaluwasan": 2,
  "kamahinungdanon": 2,
  "kamatayon": -2,
  "kamingaw": -2,
  "kampyon": 2,
  "kang Azazel": -2,
  "kangilad": -3,
  "kangiob": -1,
  "kangitngit": -1,
  "kanihit sa": -2,
  "kanser": -1,
  "kapabilidad": 1,
  "kapaitan": -2,
  "kapakyasan": -2,
  "kapildihan": -2,
  "kapin sa kinaiya": -2,
  "kapitos": -1,
  "kapoy": -2,
  "kapugngan": 2,
  "kapungot": -2,
  "kapuslanan": 2,
  "karisma": 2,
  "kasabutan": 1,
  "kasadya": 3,
  "kasakit": -2,
  "kasaligan": 2,
  "kasaligan nga": 2,
  "kasamok": -2,
  "kasaypanan": -2,
  "kasilag": -3,
  "kasilagan": -3,
  "kasilaw": 3,
  "kasina": -1,
  "kasingkasing": -3,
  "kaso": -2,
  "kasubo": -2,
  "kasuko": -2,
  "kasuod": 2,
  "kaswalti": -2,
  "katagbawan": 2,
  "katahum": 3,
  "katakdanan": -2,
  "katalagman": -2,
  "katawanan": 4,
  "Katawanan": 2,
  "katawa": 1,
  "katinawan": 2,
  "katingad": -1,
  "katingalahan": 4,
  "katingalahang": -2,
  "katol": -2,
  "katumanan": 2,
  "katungod": 2,
  "katungod nga": 2,
  "katuohan": -2,
  "katuyoan": 2,
  "kaugalingon": 2,
  "kaulaw": -2,
  "kaulawan": -2,
  "kauswagan": 3,
  "kawalad": -3,
  "kawalay": -2,
  "kawalaypagtagad": -3,
  "kawalaypagtahod": -2,
  "kawalay kalipay": -2,
  "kawalay trabaho": -2,
  "kawatan": -2,
  "kayano": 1,
  "kaylap": -2,
  "kayugot": -2,
  "kickback": -3,
  "kidnap": -2,
  "kidnapping": -2,
  "kidnappings": -2,
  "kiha": -2,
  "kikbak": -3,
  "kilidepekto": -2,
  "kinaadman": 2,
  "kinahugawang": -2,
  "kinasingkasing": 3,
  "kinasingkasing nga": 2,
  "kinig maayo": 1,
  "klaro": -1,
  "kombinsido": 1,
  "komedya": 2,
  "komendasyon": 2,
  "komik": 1,
  "kompirmadong": -1,
  "kompleto": 2,
  "komportable": 2,
  "komprehensibo": 2,
  "konbiktado": -2,
  "konektadong": -2,
  "kono maoy panghadlok": -2,
  "konsiderasyon": -2,
  "kontaminado": -2,
  "kontaminasyon": -2,
  "kontento": -2,
  "kontrobersiya": -2,
  "kontrobersyal": -2,
  "korapsyon": -3,
  "kredibilidad": -2,
  "krimen": -3,
  "kriminal": -2,
  "kriminal nga": -3,
  "krisis": -3,
  "kritiko": -2,
  "krudo": -1,
  "kudos": 3,
  "kulang": -2,
  "kulang ug interes": -2,
  "kulbahinam": 3,
  "Kulbahinam": 3,
  "kung sama sa": -2,
  "kusog": 3,
  "kusog nga": 2,
  "kuwestiyonableng mga": -2,
  "kuyaw": -1,
  "labas": 1,
  "labing": -3,
  "labing dako": 3,
  "labing halangdon nga": 2,
  "labing kabos": -2,
  "labing lisud nga": -2,
  "labing lunsay nga": 1,
  "labing maayo nga": 3,
  "labing maayo nga pakadaotan, himaraot": 4,
  "labing malipayon": 3,
  "labing ubos nga": -1,
  "labut": -1,
  "lag": -1,
  "laglagon": -2,
  "lags": -2,
  "lalang": -4,
  "lami": -2,
  "lamian nga": 3,
  "lang": -1,
  "langitnon nga": 4,
  "lapad nga": 1,
  "lapokon": -2,
  "lapse": -1,
  "lapsed": -1,
  "laughting": 1,
  "lawl": 3,
  "leak": -1,
  "leaked": -1,
  "legal nga": 1,
  "lethal": -2,
  "lethality": -2,
  "lethargic": -2,
  "lethargy": -2,
  "libelous": -2,
  "libog": 2,
  "libug": -2,
  "lig": 2,
  "ligon": 2,
  "ligon nga": 2,
  "lihokan": -2,
  "likeable": 2,
  "likers": 2,
  "liking": 2,
  "likway": -1,
  "limbong": -3,
  "limitado": -1,
  "limitasyon": -1,
  "linaming": -2,
  "lino nga fino nga": 2,
  "linuog": -2,
  "linuog nga": -2,
  "lisud nga": -1,
  "litag": -1,
  "litigious": -2,
  "lmao": 4,
  "lmfao": 4,
  "lobby": -2,
  "lobbyist": -2,
  "lobbyists": -2,
  "lol": 3,
  "lolol": 4,
  "lololol": 4,
  "lolololol": 4,
  "lool": 3,
  "looms": -1,
  "loool": 3,
  "looool": 3,
  "loose": -3,
  "lovelies": 3,
  "luag": 1,
  "lubnganan": -2,
  "lubog nga": -2,
  "luck": 3,
  "lucky": 3,
  "lucrative": 3,
  "lugubrious": -2,
  "lumay": 3,
  "lunhaw nga pagalabhan niya": -3,
  "lunhaw nga paghugas": -3,
  "luwas": 1,
  "luwas nga": 1,
  "maambong": 5,
  "maanindot": 3,
  "maanindot nga": 4,
  "maanyag": 2,
  "maapektohan": -2,
  "maathag": 2,
  "maayo": 3,
  "maayo angog": 2,
  "maayo kaayo nga": 3,
  "maayong buntag": 1,
  "maayong kabubuton": 3,
  "maayong maghikay": 2,
  "mabalaka": -2,
  "mabalda": -2,
  "mabalhinon": -2,
  "mabangga": -1,
  "mabangis": -2,
  "mabanhaw": 1,
  "mabaskog": 2,
  "mabinantayon": 3,
  "mabination": 2,
  "mabinationg": 3,
  "mabuang": -2,
  "mabudhiong": -3,
  "mabugatan": -3,
  "mabutang sa sayop nga lugar": -2,
  "macabre": -2,
  "madagayaon": 2,
  "madani": -2,
  "madanihon": 3,
  "Madaot": -3,
  "madapiton": 1,
  "madasigon": 3,
  "madaugon": 4,
  "madawat nga": 1,
  "madinumtanon": -2,
  "maduhaduhaon": -2,
  "maduhaduhaon": -2,
  "magantos": -2,
  "magabadlong": -3,
  "magabudhi": -3,
  "magabuhat": 1,
  "magahi": 2,
  "magantihon": 2,
  "magapakakabus": -1,
  "magapuypoy": -1,
  "magasumpo": -2,
  "magasuyop": -3,
  "magatamay": -3,
  "magaulipon": -2,
  "magawi, dili magamit": -1,
  "magbanggaay": -2,
  "magbangutan": -2,
  "magcastigo": -3,
  "magdumili": -2,
  "maghahatag": 2,
  "maghingilin": -2,
  "maghinobra ang reaksiyon": -2,
  "maghulga": -1,
  "magkabanggaay": -1,
  "magkagrabe": -3,
  "magkidnap": -2,
  "maglagot": -3,
  "magluib": -3,
  "maglunsay": 1,
  "magmahay": -2,
  "magmaya": 4,
  "magpabadlong": -2,
  "magpabadlong sa": -2,
  "magpagawas": 2,
  "magpahamtang": -1,
  "magpakaaroningnon": -1,
  "magpanuko": -2,
  "magpapanimalus": -2,
  "Magpasakit": -2,
  "magpinilyo": -2,
  "magpugong": -1,
  "magpukaw": 1,
  "magsimba": 3,
  "magtakoban": -1,
  "magtudlo sa kamatuoran": -2,
  "magtulud, magduso": 1,
  "magulanon": -2,
  "mahadlok": -2,
  "mahal": -1,
  "mahal nga": -2,
  "mahayag nga": 1,
  "mahigalaon": 2,
  "mahigugma": 2,
  "mahigugmaong": 2,
  "mahigugmaongkalolot": 3,
  "mahilayo": -1,
  "mahilig magpakatawa": -2,
  "mahimayaon": 2,
  "mahimayaong": 3,
  "mahimo \"t makatindog sa": -3,
  "mahimuot": -2,
  "mahimutang": -2,
  "mahinatagon": -2,
  "mahinlo": 2,
  "mahinungdanon": 1,
  "mahisugamak sa kadaot": -3,
  "mahitabo": 2,
  "mahiyason": 2,
  "mahukmanong": 1,
  "mahulgaon": -2,
  "mahunahunaon": 2,
  "mahupay": 3,
  "mahuyang sa kasingkasing": -2,
  "maigmat": 1,
  "maikagon": 2,
  "mailhan nga": -2,
  "maimbargo": -2,
  "mainit nga": 1,
  "mainiton": 1,
  "maisog nga": 2,
  "maisogon": 2,
  "maisogon nga": 3,
  "maisugon": 2,
  "maisugon nga": 2,
  "makabot": 1,
  "makababag": -2,
  "makababag sa": -2,
  "makabalda": -2,
  "makabalda nga": -2,
  "makabangga": -1,
  "makabibihag": 3,
  "makabuang nga": -3,
  "makabungog": 4,
  "makabungol": -1,
  "makadaot": -1,
  "makadaot nga": -2,
  "makadaot nga elemento": -2,
  "makadaot sa": -2,
  "makadasig": 3,
  "makadesisyon kun mopadala": -1,
  "makadunot": -3,
  "makagusto": -2,
  "makahadlok": -2,
  "makahahadlok": -2,
  "makahahadlok nga": 3,
  "makahatag ug kasamok": -2,
  "makahilo": -3,
  "makahimo": 1,
  "makahingpit sa": 2,
  "makahuluganon": 2,
  "makahupay nga": 3,
  "makaiikag": 3,
  "makainsulto": -2,
  "makalaay": -3,
  "makalagot": -3,
  "makalagut": -2,
  "makalapas": -2,
  "makalapas sa": -2,
  "makalibog": -2,
  "makalihok": -1,
  "makalikay": -2,
  "makalilipay": 3,
  "makalilisang": 4,
  "makalilisang nga": -2,
  "makalimtan": -1,
  "makalingaw": 4,
  "makalipong": -1,
  "makalolooy": -2,
  "makaluluoy": -2,
  "makaluod": -2,
  "makamatay": -3,
  "makamatay nga": -3,
  "makantalitahong": -2,
  "makapabaldadong": -2,
  "makapabaliko": -2,
  "makapabayaw": 2,
  "makapadani": 2,
  "makapadasig": 2,
  "makapadasig nga": 3,
  "makapagrabe": -2,
  "makapaguol": -2,
  "makapahigawad": -2,
  "makapahimuot": 3,
  "makapahimuot nga": 3,
  "makapahingangha": 3,
  "makapahinuklog": 1,
  "makapahupay": 2,
  "makapahupay nga": 2,
  "makapaikag nga": 2,
  "makapainteres nga": 2,
  "makapakurat": 3,
  "makapalagot": -3,
  "makapalamdag": 2,
  "makapaligon sa": 2,
  "makapalumos": -3,
  "makapaluya": -2,
  "makaparepresko": 2,
  "makapasakit": -3,
  "makapasakit sa": -2,
  "makapasubo": -2,
  "makapasubong": -2,
  "makapatandog": 2,
  "Makapauswag sa": 1,
  "makasamok": -2,
  "makasasala nga": -3,
  "makatabang": 2,
  "makatagamtam": 2,
  "makatakod": -1,
  "makatakod nga": -2,
  "makataronganon": 2,
  "makatawo": 2,
  "makatibhang": -1,
  "makatulog": -2,
  "makatuman sa": 2,
  "makatuok": -2,
  "makauulaw": -2,
  "makigawayon nga": -2,
  "makugi nga": 2,
  "makurat": -3,
  "makurat sa": -2,
  "makuti": 2,
  "makuyaw nga": -2,
  "maladaption": -2,
  "malaglagong": -2,
  "malagsik": 3,
  "malain pagsabut": -2,
  "malampuson": 3,
  "malampuson nga": 3,
  "malaumon": 2,
  "malaut nga": -2,
  "malaway": -2,
  "maldevelopment": -2,
  "malig": 1,
  "maligon": 2,
  "maligdong nga": -1,
  "malikayan": -1,
  "malimbongon": -3,
  "malimbongong": -3,
  "malimbungon": -4,
  "malimtanon": -2,
  "malinawon": 2,
  "malinga": -2,
  "malingaw": 2,
  "malipay": 4,
  "malipayon": 4,
  "malipayon nga": 3,
  "malipayong": 3,
  "maloloyon": 3,
  "maloloyon nga": 2,
  "malomo": -1,
  "malumo nga": 2,
  "malumong": 1,
  "malumos": -2,
  "malungtarong": 2,
  "malupigong": -3,
  "maluwas": 2,
  "maluya": -2,
  "maluya nga": -2,
  "mamatay": -3,
  "mamatikdan": 2,
  "mamugnaong": 1,
  "mamugos": -1,
  "mamumuno": -2,
  "managagulo": -2,
  "manaway": -2,
  "mandatory": -1,
  "mangawat": -2,
  "mangayog pasaylo": -1,
  "manggihatagon": 2,
  "mangilad": -2,
  "mangilad nga": -3,
  "mangilngig": -2,
  "mangita": -2,
  "manglulugos": -4,
  "mangopya": -3,
  "mangtas nga": -2,
  "manipulasyon": -1,
  "manlalaban": 2,
  "manok": -5,
  "manslaughter": -3,
  "manumpa": -2,
  "maorganisar": -2,
  "mapahinunguron nga": 2,
  "mapahitason": 2,
  "mapainubsanon": 1,
  "mapait": -2,
  "mapait nga": -2,
  "mapakyas": -2,
  "mapakyason nga": -2,
  "mapalusot ang RH": -1,
  "mapangahason": 3,
  "mapanimaslon": -2,
  "mapasalamaton": 3,
  "mapasaligon": 2,
  "mapasayloon": 1,
  "mapigoton": -1,
  "mapiguson": -2,
  "mapihigon": 2,
  "mapihigon sa rasa": -3,
  "mapihigong": -2,
  "mapinaubsanon": -1,
  "mapintas": -2,
  "mapintas nga": -2,
  "mapintas nga mga": -3,
  "mapuo": -1,
  "mapuslanon": 2,
  "mapuslanong paagi": 2,
  "mapuypoy": -2,
  "mas daghan": -2,
  "mas dako nga": 3,
  "mas grabe": -3,
  "mas kabos nga": -2,
  "mas labaw": 2,
  "mas ligon": 2,
  "mas limpyo nga": 2,
  "mas luwas": 2,
  "mas maayo": 2,
  "masabtan": -3,
  "masakit": -2,
  "masakit nga": -3,
  "masakitan": -2,
  "masakiton": -2,
  "masaligon": 2,
  "masalimbongan": -2,
  "masanta": -1,
  "masayop": -2,
  "masayop sa pagsabut": -2,
  "masaypan": -2,
  "masina": -2,
  "masinupakon": -2,
  "masubo": -2,
  "masuhop": 1,
  "masukanon": -2,
  "masukanon nga": -3,
  "masukihon": -2,
  "masuko": -2,
  "masuko dayon sa": -2,
  "masulaw": 3,
  "masulbad": 2,
  "masulob": -2,
  "masulobon": -2,
  "masulobon kaayo": -2,
  "masulobong": -3,
  "masulub": -2,
  "masulubon": -2,
  "masulubon nga": -1,
  "masulubong": -2,
  "masungiong": -2,
  "matagbaw": 2,
  "matahapon": -2,
  "matahum": 3,
  "matahum nga": 3,
  "mataligam": -1,
  "Matamis": 3,
  "matamis nga": 2,
  "matamayon": -2,
  "matang": 2,
  "matiga": -2,
  "matinabangon": 2,
  "matinagdanon": -3,
  "matinahuron": 2,
  "matinguhaon": 2,
  "matino": -1,
  "matinudanon": 2,
  "matinudanon nga": 3,
  "matuhutuhuon": -2,
  "matulin": 2,
  "matulin nga": 2,
  "matuman": 2,
  "matuod": 1,
  "maulaw": -2,
  "maulawon": -1,
  "maunongon nga": 3,
  "mauswagon": 3,
  "mawadag paglaom": -3,
  "mawadan sa": -3,
  "mawala": -1,
  "medalya": 3,
  "Memoriam": -2,
  "menaces": -2,
  "methodically": 2,
  "mga aksidente": -2,
  "mga alahas": 1,
  "mga bayani": 2,
  "mga benepisyo": 2,
  "mga biktima": -3,
  "mga binilanggo": -2,
  "mga binugkos nga kahoy": -3,
  "mga buang": -2,
  "mga buhat sa kadautan": -1,
  "mga butang": 1,
  "mga damgo": 1,
  "mga depekto": -3,
  "mga epekto": -2,
  "mga ganti": 2,
  "mga gubat": -1,
  "mga hiyas": 2,
  "mga interes": 1,
  "mga kaaway": -2,
  "mga kabalaka": 2,
  "mga kabus": -2,
  "mga kadaugan": 3,
  "mga kahuyang": -2,
  "mga kaligon": 2,
  "mga kalingawan": 3,
  "mga kalisdanan": -2,
  "mga kapakyasan": -2,
  "mga katalagman": -2,
  "mga kritiko": -2,
  "mga luha": -2,
  "mga maghahatag ug kaayohan": 2,
  "mga mananaog": 3,
  "mga multa": -2,
  "mga namatay": -3,
  "mga oportunidad": 2,
  "mga pagdayeg": 2,
  "mga pagsakit": -4,
  "mga palasanon": -2,
  "mga panalangin": 3,
  "mga pananawon": 1,
  "mga pangandoy": 1,
  "mga pangomosta": 2,
  "mga problema": -2,
  "mga pulonga makapaluya": -2,
  "mga saad": 1,
  "mga sakit": -1,
  "mga sala": -2,
  "mga sayop": -2,
  "mga supporters": 1,
  "mga tudlingpulong": -2,
  "mga ulipon": -3,
  "miagulo": -2,
  "mialsa sa gobyerno": -2,
  "miangkon": -1,
  "mibadlong": -3,
  "mibahaon sa": -2,
  "mibaliwala": -1,
  "mibiktima sa": -3,
  "midagsang": -2,
  "midasig sa": -2,
  "midayeg": 2,
  "midayeg sa": 3,
  "Midonar og": 2,
  "midumili": -2,
  "miduso": 2,
  "migilak": 3,
  "migrabe": -3,
  "migukod": -2,
  "mihatag": 1,
  "mihulga": -2,
  "mihunong": -1,
  "mikagar": -2,
  "mikatawa": 1,
  "mikonsentir": 2,
  "milagro": 4,
  "milambo": 2,
  "milampos": 3,
  "minahal": 3,
  "mipahiyom": 2,
  "mipakigbahin": 1,
  "mipaligon sa": 2,
  "Mipanalangin": 2,
  "mirehistro sa": -2,
  "mireklamo": -2,
  "mirthful": 3,
  "mirthfully": 3,
  "misaka": 1,
  "misalig": 2,
  "misbranding": -3,
  "miscast": -2,
  "misclassified": -2,
  "misclassifies": -2,
  "misclassify": -2,
  "misconduct": -2,
  "misconducted": -2,
  "misconducting": -2,
  "misconducts": -2,
  "misfire": -2,
  "misinggit": -2,
  "misleaded": -3,
  "misplaces": -2,
  "mispricing": -3,
  "misreport": -2,
  "misreported": -2,
  "misreports": -2,
  "misrepresentation": -2,
  "misuka": -3,
  "mitataw": -2,
  "mitimbaya": 1,
  "mitindog": 1,
  "Mitugyan": 2,
  "miuyon": 1,
  "miyuhot sa": -2,
  "mo balhin sa": -1,
  "moangkon": -1,
  "moapil": 1,
  "mobangon": 1,
  "mobiaybiay": -2,
  "mobiya": -1,
  "modanag sa": 2,
  "modawat": 1,
  "modawat sa": 1,
  "modayeg": 3,
  "modernize": 2,
  "modernizes": 2,
  "moderno": 2,
  "mogahi": 2,
  "mohaum": 1,
  "mohon sa yuta": 2,
  "mohunong": -1,
  "mokalagiw": -1,
  "mokontrolar sa": -2,
  "molampos": 3,
  "molikay": -1,
  "molimud": -2,
  "molingaw": 3,
  "moluwat": -1,
  "monopolizes": -2,
  "monotone": -1,
  "mopagaan sa": 2,
  "mopahisalaag": -3,
  "mopalagot": -2,
  "mopalagpot": -2,
  "mope": -1,
  "moping": -1,
  "moreklamo": -2,
  "moretiro": -1,
  "Moron": -3,
  "mosagop": 1,
  "mosaway": -2,
  "mosinggit": -2,
  "mosunod nga": 3,
  "mosuyop": -3,
  "motaktak": -1,
  "motamay": -2,
  "motherfucker": -5,
  "motherfucking": -5,
  "motugot sa": 1,
  "motuo": -1,
  "mouyon": 1,
  "mubopanglantaw": -2,
  "mubosighted": -2,
  "mugot": -1,
  "multahan": -2,
  "mumpish": -2,
  "mutya": 3,
  "n00b": -2,
  "naalarma": -2,
  "naanad": 1,
  "naangol": -2,
  "nabaho": -2,
  "nabalaka": -2,
  "nabiktima": -3,
  "nabilanggo": -2,
  "nabugatan": -2,
  "nabungkag": -2,
  "nabutyag": -1,
  "nadaku ibabaw sa": -2,
  "nadani": 3,
  "nadaot": -2,
  "nadasig": 2,
  "nadaug": 4,
  "nadawat": 2,
  "nadugay": -1,
  "nagampo": 1,
  "nagantos": -2,
  "nagantos sa": -2,
  "nagantus": -2,
  "naginusara": -2,
  "nagunang": 2,
  "nagaayad sa": -3,
  "nagabangutan": -2,
  "nagabiktima": -3,
  "nagaboykot": -2,
  "nagadili": -1,
  "nagadumot": -3,
  "nagahagit": -1,
  "nagahugaw": -2,
  "nagakabuang": 2,
  "nagalaglag": -2,
  "nagalala": -3,
  "nagalala nga": -2,
  "Nagalapas": -2,
  "nagalapta": -2,
  "nagalimbong": -3,
  "nagalimod": -2,
  "nagapalinaw": 2,
  "nagapalsipikar": -3,
  "nagapamatay": -2,
  "nagapanghimatuud": 2,
  "nagapasaylo sa": 2,
  "NAGAPUGONG": -2,
  "nagasalig": 1,
  "nagatabang": 2,
  "nagausik": -2,
  "nagbaliwala sa": -2,
  "nagbangotan": -2,
  "nagbasol": -2,
  "nagbiaybiay": -2,
  "nagbudhi": -3,
  "nagbungaw nga": -1,
  "nagcastigo": -3,
  "nagdasig": 2,
  "nagdayeg": 3,
  "nagdili": -1,
  "nagduhaduha": -1,
  "nagduhiraw": -2,
  "nagdulot": -2,
  "nagdulot og dakong kadaot": -2,
  "Nagdumot": -3,
  "nagdumot sa": -3,
  "NAGHAWAN": 1,
  "naghigwaos": -3,
  "naghilak": -1,
  "naghinamhiman nga": 4,
  "naghinamhinam": 3,
  "naghinapos nga": -2,
  "naghulga": -2,
  "nagka": -2,
  "nagkaabtik": -1,
  "nagkadaghan nga tawo sa": -1,
  "nagkagrabi": -3,
  "nagkahiusa": 1,
  "nagkasumpaki nga mga": -2,
  "nagkontrolar": -2,
  "naglaom": 2,
  "naglibog": -2,
  "naglumos": -2,
  "naglutos": -2,
  "nagminghoy": -2,
  "nagpaubos sa": -2,
  "nagpaabot": -1,
  "Nagpaabot": -1,
  "nagpabadlong": -2,
  "nagpabili sa": 2,
  "nagpabuto": -2,
  "nagpagrabi": -2,
  "nagpahigawas": 2,
  "nagpahimulos": -2,
  "nagpahipi": -1,
  "nagpahiping": -1,
  "nagpahisalaag": -3,
  "nagpahiyom": 2,
  "nagpakaaroningnon": -1,
  "nagpakaulaw": -3,
  "nagpaligon sa": 2,
  "nagpaluya": -2,
  "nagpamenos": -1,
  "nagpangga": 2,
  "nagpanuko": -2,
  "nagpapas": -1,
  "nagpasagad": -2,
  "nagpasalig": 1,
  "nagpasidaan": -2,
  "nagpasiugda": -2,
  "nagpasiugda sa": 1,
  "nagpasobra ra": -2,
  "nagpatulo": -1,
  "nagpatuo": 1,
  "nagpaubos sa": -2,
  "nagpildi": -2,
  "nagprotesta": -2,
  "nagpuyo": -1,
  "nagrekomendar": 2,
  "nagsalikway": -1,
  "nagsalikway sa": -2,
  "nagsamadsamad": -2,
  "Nagsaulog sa": 3,
  "nagsiguro sa": 2,
  "nagsilot": -2,
  "nagsimba": 3,
  "nagsubo": -2,
  "nagsugo": -3,
  "nagsugyot": -1,
  "nagsukasuka": -3,
  "nagsumbong": -2,
  "nagsuporta": 2,
  "nagtago": -1,
  "nagtakuban": -1,
  "nagtaod": -1,
  "nagtubo": 1,
  "nagtugaw": -2,
  "Nagtuman": 2,
  "naguba": -3,
  "nagunob": -2,
  "nahadlok": -2,
  "nahanaw": -2,
  "nahapay": -2,
  "nahasol": -2,
  "nahiangay sa": 2,
  "Nahiangay sa": 2,
  "nahibulong": 2,
  "nahigugma": 3,
  "nahikurat": -2,
  "nahimuot": 3,
  "nahingangha": 3,
  "Nahingangha": 3,
  "nahingpit": 2,
  "nahugawan": -2,
  "nahugno": -2,
  "nahugnong": -2,
  "nahulga": -2,
  "nahupay": 2,
  "nahupayan": 2,
  "nahutdan": -2,
  "naibog": 2,
  "Nainteres": 3,
  "naïve": -2,
  "nakaangkon": 2,
  "nakabalda": -2,
  "nakabenipisyo": 2,
  "nakadani": 3,
  "nakadayeg": 3,
  "Nakahukom": 1,
  "nakailad": -2,
  "nakakurat": 3,
  "nakalapas": -2,
  "nakalapas sa": -2,
  "nakalimot": -1,
  "Nakalitan": -2,
  "nakapasakit": -1,
  "nakapasamot": -2,
  "nakapasuko": -2,
  "nakapatingala": 2,
  "nakapokus": -2,
  "nakapukaw": 1,
  "nakasala": -2,
  "nakatugaw": -2,
  "nakigbatok sa": -2,
  "nakigbisog": -2,
  "nakiggubat": -1,
  "nakiglalis": -2,
  "nakiglantugi": -2,
  "nakigsangka": 1,
  "nakurat": -2,
  "nakuyawan": -2,
  "nalamdagan": 2,
  "nalangan": -1,
  "nalansang": -2,
  "nalibog": -2,
  "nalimbongan": -3,
  "nalingaw": 3,
  "nalingaw sa": 2,
  "nalipay": 5,
  "nalisang": -3,
  "nalumos": -2,
  "nalumpag": -2,
  "nalupig": -2,
  "naluwas": 2,
  "naluwas nga kinabuhi": 4,
  "namakak": -2,
  "namatay": -3,
  "namatyan": -2,
  "nanaganak": -2,
  "nanagbiaybiay": -2,
  "nanagduhaduha": -1,
  "nanagpatulin": -3,
  "nanagsulob": -2,
  "nanagyubit": -2,
  "nanalipod": 1,
  "nangalipayng": 3,
  "nangatumpag": -2,
  "nangayo": -1,
  "nangayo og pasaylo": -1,
  "nanghasi": -3,
  "nanghimakak": -2,
  "nanghubag": -1,
  "nangomusta": 1,
  "nangumosta": 2,
  "Nangumusta": 1,
  "nangutana": -1,
  "nanikas": -3,
  "nanlimbasug": -2,
  "nanumpa": -2,
  "napakyas": -2,
  "napasagdan": -2,
  "napildi": -2,
  "napugngan": -1,
  "napugos": 1,
  "narcissism": -2,
  "nasagmuyo": -2,
  "nasakitan": -2,
  "nasayop sa pagsabut": -2,
  "nasikop": -2,
  "nasubo": -2,
  "nasubuan": -2,
  "nasuko": -2,
  "Nasuko": -2,
  "Nasuko gayod": -2,
  "nasuko pagayo": -2,
  "natakdan": -2,
  "natanggong": -2,
  "natarantar": -3,
  "natingala": 2,
  "natugaw": -2,
  "natukan": -2,
  "natural nga": 1,
  "naulawan": -2,
  "nawadag paglaom": -2,
  "nawadan sa": -3,
  "nawagtangan sa": -3,
  "nawala": -1,
  "nayugot": -2,
  "negatibo": -2,
  "negatibo nga": -2,
  "negativity": -2,
  "nerves": -1,
  "nga amang": -3,
  "nga dili mapasaylo": -3,
  "nga gihimoup": -1,
  "nga gisulob": -1,
  "nga hinalad": 3,
  "nga implementasyon": -2,
  "nga kalisud": -2,
  "nga magdaot sa": -2,
  "nga maghalad sa insenso": -2,
  "nga magpasipala sa": -2,
  "nga makapugong": -2,
  "nga malipayon": 2,
  "nga mangawat sa": -2,
  "nga mapuslanon": 2,
  "nga masadyaon": 3,
  "nga masadyaon nga": 2,
  "nga matang sa": 0,
  "nga mga mabiaybiayon": -2,
  "nga naginusara": -2,
  "nga nagulohang": 1,
  "nga nagarepresentar": -2,
  "nga nagauna": -2,
  "nga nagduda": -1,
  "nga naghampak": -3,
  "nga naghilak": -2,
  "nga nagkauyon": 2,
  "nga nagtakoban": -1,
  "nga nahadlok": -2,
  "nga nakuyawan": -2,
  "nga naluok": -2,
  "nga pagkahugno": -2,
  "nga reaksiyon": -2,
  "nga sadan": -3,
  "nga sinalsal": -2,
  "nga tubig": -4,
  "nga wala mouyon": -2,
  "nga walay mahimo": -2,
  "nga walay mga salabutan": -2,
  "ngipon": -2,
  "niagulo": -2,
  "niggas": -5,
  "nigger": -5,
  "nindot": 3,
  "nindot nga": 2,
  "ningdaot": -2,
  "nobela": 2,
  "nonaprobahan": -2,
  "noob": -2,
  "numb": -1,
  "nuts": -3,
  "obra maestra": 4,
  "obsolete": -2,
  "offending": -2,
  "offensively": -2,
  "offline": -1,
  "og kasubo": -2,
  "oks": 2,
  "oktaba": -1,
  "on": 2,
  "onon": 2,
  "oo": 1,
  "Oops": -2,
  "opensiba": -2,
  "oportunidad": 2,
  "optionless": -2,
  "ospital": -2,
  "ostracize": -2,
  "ostracizes": -2,
  "ot": 1,
  "ouch": -2,
  "outage": -2,
  "outages": -2,
  "outbreak": -2,
  "outbreaks": -2,
  "outreach": 2,
  "overload": -1,
  "overselling": -2,
  "oversells": -2,
  "oversimplification": -2,
  "oversimplified": -2,
  "oversimplifies": -2,
  "oversimplify": -2,
  "oxymoron": -1,
  "paagi": 2,
  "pabilhi": -2,
  "pabor": 2,
  "paborable": 2,
  "paborito": 2,
  "pagabuso": -3,
  "pagagulo": -2,
  "pagalsa": -2,
  "pagampo": 1,
  "pagamuma": 2,
  "pagangkon": 2,
  "pagantos": -2,
  "pagatake": -1,
  "pagatake sa": -1,
  "pagatiman": 2,
  "pagayo": 2,
  "pagayoang proporsiyon": 2,
  "pagayofocus": 2,
  "pagayogilaan": 3,
  "pagayogroomed": 2,
  "pagayomaligon sa": 2,
  "pagila": 2,
  "pagundang": -1,
  "paguswag": 2,
  "paguyon": 2,
  "pagahawiran": -1,
  "pagahukman sa silot": -2,
  "pagakaloyan": -1,
  "pagalutoson": -2,
  "pagana": 1,
  "pagapaabuton": -3,
  "pagbadlong sa": -3,
  "pagbagulbol": -2,
  "pagbakwet": -1,
  "pagbalido": 1,
  "pagbangotan": -2,
  "pagbasol": -2,
  "pagbati": 3,
  "pagbayad": -1,
  "pagbiaybiay": -2,
  "pagbindikar": 2,
  "pagbiya sa": -2,
  "pagbudhi": -3,
  "pagbuhat": 1,
  "pagbunal": -1,
  "pagbunggo": -2,
  "pagbungkag": -2,
  "pagbuno": -2,
  "pagbutyag": -1,
  "pagdagit": -2,
  "pagdagmal": -2,
  "pagdakop": -2,
  "pagdani": 1,
  "pagdani sa": 2,
  "pagdaogdaog": -2,
  "pagdaot": -2,
  "pagdasig": 2,
  "pagdasig sa": 1,
  "pagdawat": 1,
  "pagdayeg": 3,
  "pagdili": -2,
  "pagdonar": 2,
  "pagdugmok": -1,
  "pagduhaduha": -1,
  "pagdukot": -2,
  "pagdumala": -1,
  "pagdumili": -2,
  "pagdumot": -3,
  "pagdumot sa": -3,
  "pagguba": -1,
  "paghadlok": -2,
  "paghari": 1,
  "paghasol": -2,
  "paghatag": 1,
  "paghatag ug gahum": 2,
  "paghigugma": 3,
  "paghikog": -2,
  "paghilak": -2,
  "paghingilin": -2,
  "paghiphip": -3,
  "paghugawan": -2,
  "paghunong": -2,
  "paghupay": 3,
  "paghupay sa": 1,
  "pagkaandam": 2,
  "pagkabot sa": 1,
  "pagkabangkaruta": -3,
  "pagkabilanggo": -2,
  "pagkabuang": -2,
  "pagkabuotan": 2,
  "pagkadaling motuo": -2,
  "pagkadaotan": -3,
  "pagkadestiyero": -2,
  "pagkadilimalaomon": -2,
  "pagkahinukman sa silot": -2,
  "pagkahugno": -2,
  "pagkahulog": -1,
  "pagkainutil": -2,
  "pagkalaglag": 2,
  "pagkalinga": -2,
  "pagkalunod": -2,
  "pagkamaayo": 2,
  "pagkamadanihon": 2,
  "pagkamahadlokon": 2,
  "pagkamakiangayon": 2,
  "pagkamalaumon": 2,
  "pagkamanggiloyon": 3,
  "pagkamapuslanon": 2,
  "pagkamatahapon": -2,
  "pagkamatinahuron": 2,
  "pagkamatugtanon": 2,
  "pagkamaunongon": 3,
  "pagkanselar": -1,
  "pagkapakyas": -2,
  "pagkapopular": 3,
  "pagkasina": -1,
  "pagkasinsero": 2,
  "pagkatawa": 1,
  "pagkaulipon": -3,
  "pagkauyamot": -3,
  "pagkawala": -3,
  "pagkawalay alamag": -2,
  "pagkawalay kahadlok": 2,
  "pagkawalay kapuslanan": -2,
  "pagkawalay paglaum": -2,
  "pagkawatan": -2,
  "pagkurog": -2,
  "paglangan": -1,
  "paglanganlangan": -2,
  "paglaom": 1,
  "paglapas": -2,
  "paglapas sa": -2,
  "paglaum": 2,
  "pagligon sa": 2,
  "paglikay sa": -1,
  "paglimbong": -3,
  "paglimbong sa": -3,
  "paglimod": -2,
  "paglimud": -2,
  "paglingiw sa nawong sa": -1,
  "paglingla": -2,
  "paglinog": -2,
  "paglipay": 2,
  "paglipot": -3,
  "paglubong": -1,
  "pagluib": -3,
  "paglukmay": 2,
  "pagmagahi": -2,
  "pagmahay": -2,
  "pagpabili": 2,
  "pagpagubok": -2,
  "pagpaguol": -2,
  "pagpahamtang": -1,
  "pagpahamtang kanatog": -2,
  "pagpahayag sa silot": -2,
  "pagpahilayo": -2,
  "pagpahilom": -1,
  "pagpahinungod": 2,
  "pagpahisalaag": -3,
  "pagpahunong": -2,
  "pagpakaulaw": -2,
  "pagpakyas": -2,
  "pagpalambo": 2,
  "pagpalambo sa": 1,
  "pagpalapad": 1,
  "pagpalayas": -1,
  "pagpaligon": 2,
  "pagpaluyo": 2,
  "pagpamakak": -2,
  "pagpamakak sa": -3,
  "pagpamakpak": 2,
  "pagpamalandong": 1,
  "pagpamugos": -2,
  "pagpanalipod": 1,
  "pagpanaway": -2,
  "pagpangamuyo sa": -2,
  "pagpangawat": -2,
  "pagpangayog pasaylo": -1,
  "pagpanghadlok": -2,
  "pagpanghasi": -3,
  "pagpanghukhok": -3,
  "pagpanghupaw": -2,
  "pagpangilad": -3,
  "pagpanglimbong": -4,
  "pagpanglingla": -3,
  "pagpanglungkab": -2,
  "pagpangluod": -2,
  "pagpanglupig": -2,
  "pagpangulo": 1,
  "pagpangutana": -1,
  "pagpanikas": -3,
  "pagpanimalos": -2,
  "pagpanlupig": -3,
  "pagpanlupignga may kalabutan sa": -3,
  "pagpanumbaling": -2,
  "pagpanumpa": -2,
  "pagpapas": 2,
  "pagpasagad": -2,
  "Pagpasakit": -2,
  "pagpasakop": -1,
  "pagpasalamat sa": 2,
  "pagpasalig": 1,
  "pagpasaylo": 2,
  "pagpasidaan": -2,
  "pagpasidungog": 2,
  "pagpasiguli sa": 1,
  "pagpasobra": -2,
  "pagpasubo": -2,
  "pagpataas": 1,
  "pagpatay": -2,
  "pagpaubos": -3,
  "pagpayhag": -2,
  "pagpayuhot": -2,
  "pagpitos": -1,
  "pagpugong": -1,
  "pagputol": -1,
  "pagsabotahe": -2,
  "pagsagop": 1,
  "pagsalig": 2,
  "pagsalikway": -1,
  "pagsaludo": 2,
  "pagsamok": -2,
  "pagsaulog": 3,
  "pagsaway": -2,
  "pagsiguro": 1,
  "pagsiguro sa": 2,
  "pagsilot": -2,
  "pagsilot sa": -2,
  "pagsimba": 3,
  "pagsinabtanay": -2,
  "pagsuhid": 1,
  "pagsulbad": 2,
  "pagsulod": -2,
  "pagsulong": -1,
  "pagsuporta sa": 1,
  "pagsusi": -2,
  "pagsuspenso": -1,
  "pagtabang": 2,
  "pagtagad": -2,
  "pagtagbaw": 2,
  "pagtahod": 2,
  "pagtakod": -2,
  "pagtamay": -2,
  "pagtamod": 2,
  "pagtay": -2,
  "pagtayog": -2,
  "pagtiawtiaw": -1,
  "pagtibhang": -1,
  "pagtimbaya": 1,
  "pagtinambagay": -2,
  "pagtortyur": -4,
  "pagtuaw": -2,
  "pagtubo": 2,
  "pagtuis": -2,
  "pagtukituki": -2,
  "pagtuman": 2,
  "pagwagtang": -1,
  "pagwaldas sa kaban": -2,
  "pagyubit": -2,
  "pahimuslan": -2,
  "pahiyom": 2,
  "pahunong": -2,
  "pakadaotan, himaraot": -2,
  "pakadaotan, himaraot cute": 3,
  "pakadaotan, himaraot maayo": 4,
  "pakigbisog": -2,
  "pakiggubat": -2,
  "pakitaan": -3,
  "pakyason": -2,
  "palaaboton": 1,
  "palagota": -2,
  "palasanon": -2,
  "palibotfriendly": 2,
  "Palihug": 1,
  "paluyahon ug hadlokon": -2,
  "pamalhin, kausaban": 2,
  "panaguyon": 2,
  "panagbangi": -2,
  "panaghigalaay": 2,
  "panaghiusa": 2,
  "panaglalis": -2,
  "panagsangka": -2,
  "panalangin": 3,
  "pananawon": 1,
  "panatiko": -2,
  "pangabugho": -2,
  "pangagpas": -2,
  "pangandoy": 1,
  "pangasaba": -2,
  "pangilad": -3,
  "panginahanglan": -1,
  "panglingla": -2,
  "panics": -3,
  "panimalos": -2,
  "panimalus": -2,
  "panimaslan": -2,
  "panimpalad": 2,
  "panit": -1,
  "panumbalinga": -2,
  "paradox": -1,
  "paraiso": 3,
  "pasalamat": 2,
  "pasalig": 2,
  "pasangil": -2,
  "pasaylo": -1,
  "pasayloa": 1,
  "pasidaan": -3,
  "pasidungog": 2,
  "pasista": -2,
  "pasistang": -2,
  "passive": -1,
  "patay": -3,
  "patay nga lawas": -1,
  "patay sa": -3,
  "patulon": -3,
  "patyon": -2,
  "peke": -3,
  "peligro": -2,
  "peligroso": -2,
  "peligrosong": -2,
  "penalidad": -2,
  "perjury": -3,
  "permanente": -1,
  "perpetrators": -2,
  "pesky": -2,
  "phobic": -2,
  "piang": -2,
  "pildiro": -3,
  "pileup": -1,
  "pinakatamis nga": 3,
  "pinasinaw": 2,
  "pipila ka matang": 0,
  "pissed": -4,
  "pissing": -3,
  "piteous": -2,
  "playful": 2,
  "plodding": -2,
  "poisoned": -2,
  "polling": -2,
  "polluter": -2,
  "polusyon": -2,
  "popular nga": 3,
  "positibo": 2,
  "posttraumatic": -2,
  "prblm": -2,
  "prblms": -2,
  "predatory": -2,
  "presidente": -2,
  "pressured": -2,
  "pretty": 1,
  "pribilehiyo": 2,
  "prick": -5,
  "problema": -1,
  "profiteer": -2,
  "promote": 1,
  "propaganda": -2,
  "prosecute": -1,
  "prosecuted": -2,
  "prosecutes": -1,
  "prosekusyon": -1,
  "protesta": -2,
  "psychopathic": -2,
  "puangod": -5,
  "puliki kaayong mga": -2,
  "pulos": -2,
  "putli nga": 1,
  "racist": -3,
  "rageful": -2,
  "ranter": -3,
  "ranters": -3,
  "rants": -3,
  "rape": -4,
  "rapturous": 4,
  "rasismo": -3,
  "rason": -1,
  "rebelde": -2,
  "rebelyon": -2,
  "reckless": -2,
  "refined": 1,
  "regretful": -2,
  "reklamo": -2,
  "rekomend": 2,
  "relaks": 2,
  "reliably": 2,
  "relieves": 1,
  "relishing": 2,
  "remate": -2,
  "repellent": -2,
  "rescue": 2,
  "resign": -1,
  "resolusyon": 2,
  "responsable": 2,
  "responsibilidad": 1,
  "responsive": 2,
  "restricted": -2,
  "restricting": -2,
  "retard": -2,
  "rig": -1,
  "rigorous": 3,
  "risgo": -2,
  "riveting": 3,
  "robing": -2,
  "rofl": 4,
  "roflcopter": 4,
  "roflmao": 4,
  "romance": 2,
  "romantical": 2,
  "rotfl": 4,
  "rotflmfao": 4,
  "rotflol": 4,
  "sa bata": -2,
  "sa bilanggoan": -2,
  "sa bulawan": 2,
  "sa dili mapugngan": 2,
  "sa gawas": -3,
  "sa hilabihan": -3,
  "sa hilabihan gayud": -1,
  "sa hinanali": -2,
  "sa icky": -3,
  "sa kadautan": -1,
  "sa kalayo": -2,
  "sa kalinaw": 2,
  "sa kinadak": 1,
  "sa kinasingkasing": 2,
  "sa klase": -1,
  "sa lain nga": -1,
  "sa langit": 2,
  "sa legal nga paagi": 1,
  "sa mahugaw nga mga": -2,
  "sa makausasausa katibuok kinabuhi": 3,
  "sa mapait gayud": -2,
  "sa pagdani": 1,
  "sa pagdaut sa ma": -2,
  "sa pagdayeg": 3,
  "sa pagdugang sa": 1,
  "sa pagdunggab": -2,
  "sa paghagit": -1,
  "sa paghawid": -2,
  "sa paghusay sa": -2,
  "sa pagkamapahitason": 2,
  "sa paglaglag": -3,
  "sa paglaglag sa": -3,
  "sa paglalang": 2,
  "sa paglamdag": 2,
  "sa pagluwas sa": 2,
  "sa pagmaniobra sa": -1,
  "sa pagpabuhi": 2,
  "sa pagpahamtang og": -2,
  "sa pagpakiglalis": -2,
  "sa pagpalambo sa": 2,
  "sa pagpanalangin sa": 2,
  "sa pagpasalamat": 2,
  "sa pagpasiguli": 1,
  "sa pagpatay": -3,
  "sa pagpugong sa": -1,
  "sa pagsakit": -2,
  "sa pagsaway": -2,
  "sa pagsiguro": 1,
  "sa pagtabang sa": 2,
  "sa pagtago": -1,
  "sa pagtuman sa": 2,
  "sa pamatasan": 2,
  "sa pananawon": 3,
  "sa paturagas": -2,
  "sa pinugsanay": -3,
  "sa pipila ka mga": 1,
  "sa sayop nga paggamit": -2,
  "sa wala tuguti nga": -2,
  "sa walay katarungan": -2,
  "saad": 1,
  "saba": -1,
  "sakay": 1,
  "sakit": -1,
  "sakit sa ulo": -2,
  "sala": -2,
  "salingkapaw nga": -2,
  "salutes": 2,
  "sama sa": 2,
  "samad": -2,
  "samok": -2,
  "samokan": -2,
  "sapoton": -1,
  "sappy": -1,
  "saputon": -3,
  "savange": -2,
  "savanges": -2,
  "savings": 1,
  "sawayon": -3,
  "sayon": 1,
  "sayop": -2,
  "Sayop": -2,
  "sayop ang pagbasa": -1,
  "sayop ang pagsabut": -2,
  "sayop nga": -2,
  "sayop nga buhat": -2,
  "sayop nga ilarawan": -2,
  "sayop nga impormasyon": -2,
  "sayop nga paggamit": -2,
  "sayup": -2,
  "sayup sa pagreport": -2,
  "scams": -2,
  "scandal": -3,
  "scar": -2,
  "scare": -2,
  "scoop": 3,
  "screwed": -2,
  "screwed sa": -3,
  "scumbag": -4,
  "seamlessly": 2,
  "secure": -2,
  "selebrasyon": 3,
  "sensor": -2,
  "seryusong": 3,
  "settlement": 1,
  "sexist": -2,
  "sexistic": -2,
  "sexy": 3,
  "shares": 1,
  "shit": -4,
  "shithead": -4,
  "shitty": -3,
  "shock": -2,
  "shoody": -2,
  "shoot": -1,
  "shrew": -4,
  "Si Parley": -1,
  "sigurado": -1,
  "silot": -2,
  "silotan": -2,
  "simpatiya": 2,
  "simple nga": -2,
  "singgit": -2,
  "sininggitay": -2,
  "sinsero nga": 2,
  "sinuka": -3,
  "sistematikong": 2,
  "siyagit": -2,
  "siyentipikanhon": -2,
  "siyentipikanhon kono nga teoriya": -3,
  "slam": -2,
  "slash": -2,
  "slick": 2,
  "slicker": 2,
  "slickest": 2,
  "slip": -1,
  "sloppy": -2,
  "slumping": -1,
  "slut": -5,
  "Smart": 1,
  "smartest": 2,
  "smear": -2,
  "smog": -2,
  "smuggled": -2,
  "smuggling": -2,
  "sneeze": -2,
  "sneezing": -2,
  "snub": -2,
  "snubbing": -2,
  "snubs": -2,
  "sobra ka mapanalipdanon": -2,
  "sobra sa timbang": -1,
  "sobrang pabilhan": -2,
  "sobrang reaksiyon": -2,
  "solohon": -2,
  "solusyon": 1,
  "sopistikado": 2,
  "sorry": -1,
  "spam": -2,
  "spammer": -3,
  "spammers": -3,
  "spamming": -2,
  "sparkle": 3,
  "sparkling": 3,
  "spiritless": -2,
  "sprightly": 2,
  "squelched": -1,
  "stall": -2,
  "stampede": -2,
  "steals": -2,
  "stereotyped": -2,
  "stinked": -2,
  "stinker": -2,
  "stinks": -2,
  "stinky": -2,
  "stressor": -2,
  "stressors": -2,
  "suave": 2,
  "subersibo": -2,
  "subo": -2,
  "subpoena": -2,
  "Sue": -2,
  "sueing": -2,
  "suing": -2,
  "sukdanan": -2,
  "sulagma": -2,
  "suliyaw": 2,
  "sumbong": -2,
  "super": 3,
  "suporta": 2,
  "suportadong": -2,
  "supporter": 1,
  "suspek": -1,
  "Suwerte": 3,
  "swerte": 2,
  "swindles": -3,
  "tabonsa": -3,
  "tabunok": 2,
  "tainted": -2,
  "takos": 2,
  "takus": 2,
  "talagsaon": 2,
  "talagsaon nga": 4,
  "talagsaong": 5,
  "talamayon": -2,
  "talawan": -2,
  "talento": 2,
  "tapolan": -1,
  "tapulan nga": -2,
  "tard": -2,
  "tarnishes": -2,
  "tawtaw nga": 2,
  "taya": -3,
  "tayuyon": 1,
  "tense": -2,
  "tensiyon": -1,
  "terorismo": -3,
  "terorista": -2,
  "terrifically": 4,
  "terrorizes": -3,
  "tigdaogdaog": -2,
  "tigpanalipod": 2,
  "tigpanimalos": -2,
  "tilinguhaon": 2,
  "timos nga": 2,
  "timorous": -2,
  "tinaw": 1,
  "tinaw nga": 1,
  "tinahod": 2,
  "tinahud nga": 2,
  "tinalawan nga": -2,
  "tingulan nga": -1,
  "tinguha": 1,
  "tinuod nga": 2,
  "tolerant": 2,
  "totalitarianism": -2,
  "tout": -2,
  "touting": -2,
  "touts": -2,
  "trahedya": -2,
  "trauma": -3,
  "traumatic": -3,
  "tremulous": -2,
  "tugob nga kalipay": 2,
  "tulid": 1,
  "tulisan": -2,
  "tumang": 3,
  "tumor": -2,
  "tumoy": 2,
  "tunglo": -1,
  "tunokong": -2,
  "tuyo mao ang pagpukaw": -2,
  "tuyoa": -2,
  "twat": -5,
  "tyran": -3,
  "tyrannic": -3,
  "tyrans": -3,
  "ubayubay nga": 2,
  "ubiquitous": 2,
  "ubos": -2,
  "ugh": -2,
  "ukitan": -2,
  "ulan nga yelo": 2,
  "ulat": -2,
  "ulay": 1,
  "ulipon": -2,
  "ulipon sa": -2,
  "unavailing": -2,
  "uncredited": -1,
  "underestimates": -1,
  "undermine": -2,
  "undermines": -2,
  "undermining": -2,
  "underperform": -2,
  "underperformed": -2,
  "underperforming": -2,
  "underperforms": -2,
  "undesirable": -2,
  "unfair": -2,
  "unfocused": -2,
  "unfunny": -2,
  "unhealthy": -2,
  "unimaginative": -2,
  "uninvolving": -2,
  "unoriginal": -2,
  "unparliamentary": -2,
  "unprofessional": -2,
  "unravel": 1,
  "unreleting": -2,
  "unresearched": -2,
  "unsold": -1,
  "Unta": 2,
  "upsetting": -2,
  "usikusik": -2,
  "usikusik sa": -2,
  "uso": -2,
  "uswag sa": -1,
  "utang": -2,
  "uyog": -2,
  "uyon": -2,
  "uyoni": -2,
  "validate": 1,
  "vapid": -2,
  "verdicts": -1,
  "vested": 1,
  "victor": 3,
  "vociferous": -1,
  "vulnerability": -2,
  "wala mabulingi nga naghupot": 2,
  "wala magbuhat": -3,
  "wala magmalampuson sa": -2,
  "wala magtagad": -1,
  "wala mahibalo": -2,
  "wala mahimutang": -1,
  "wala manumbaling": -2,
  "wala manumbaling sa": -1,
  "wala sa lugar": -2,
  "wala tuyoa": -2,
  "walayikasaway": 2,
  "walaypagtagad": -2,
  "walay alamag": -2,
  "walay bunga": -2,
  "walay gahom": -2,
  "walay gahum": -2,
  "walay ikabalibad": -3,
  "walay kabalaka": 1,
  "walay kabangkaagan": -2,
  "walay kahadlok": 2,
  "walay kalipay": -2,
  "walay kapuslanan": -2,
  "walay kasibot sa": -2,
  "walay kinabuhi": -1,
  "walay lama": 2,
  "walay makalingaw": -3,
  "walay pagbati": -2,
  "walay paglaum": -2,
  "walay pagtagad": -2,
  "walay pailub": -2,
  "walay panimalay": -2,
  "walay puas nga": -1,
  "walay pulos": -2,
  "walay sulod": -1,
  "walay tinahian": 2,
  "walay trabaho": -1,
  "walkout": -2,
  "wanker": -3,
  "warmness": 2,
  "wasay": -1,
  "waykasingkasing": -2,
  "weird": -2,
  "welcome": 2,
  "welga": -1,
  "welgista": -2,
  "whimsical": 1,
  "whitewash": -3,
  "winner": 4,
  "winwin": 3,
  "woebegone": -2,
  "won": 3,
  "Woo": 3,
  "woohoo": 3,
  "wooo": 4,
  "woow": 4,
  "wow": 4,
  "wowow": 4,
  "wowww": 4,
  "wtf": -4,
  "wtff": -4,
  "wtfff": -4,
  "xơ": 3,
  "xoxo": 3,
  "xoxoxo": 4,
  "xoxoxoxo": 4,
  "yeah": 1,
  "yeees": 2,
  "yucky": -2,
  "yummy": 3,
  "zelote": -2
}