{
  " գոչեց": -2,
  "aborts": -1,
  "absolved": 2,
  "absolves": 2,
  "acclaimed": 2,
  "Accolade": 2,
  "aching": -2,
  "adored": 3,
  "adoringly": 3,
  "affectionateness": 3,
  "affronted": -1,
  "aficionados": 2,
  "agonises": -3,
  "agonizes": -3,
  "alarmist": -2,
  "alarmists": -2,
  "amused": 3,
  "Amusements": 3,
  "Angers": -3,
  "annoying": -2,
  "apeshit": -3,
  "apocalyptic": -2,
  "appalled": -2,
  "appeases": 2,
  "arsehole": -4,
  "astoundingly": 3,
  "Aura": 1,
  "Avengers": -2,
  "avenges": -2,
  "Averts": -1,
  "Badass": -3,
  "bailout": -2,
  "bamboozled": -2,
  "bamboozles": -2,
  "bankster": -3,
  "bastards": -5,
  "battled": -1,
  "battling": -2,
  "beatific": 3,
  "beauties": 3,
  "benefitted": 2,
  "bereaves": -2,
  "bereaving": -2,
  "blurry": -2,
  "boosted": 1,
  "boosts": 1,
  "bravura": 3,
  "breathtaking": 5,
  "bribed": -3,
  "brilliances": 3,
  "brooding": -2,
  "bullshit": -4,
  "censored": -2,
  "chagrined": -2,
  "charmingly": 3,
  "charmless": -3,
  "chastised": -3,
  "chastising": -3,
  "Cheater": -3,
  "Cheats": -3,
  "cheered": 2,
  "cheering": 2,
  "chiding": -3,
  "chilling": -1,
  "choked": -2,
  "choking": -2,
  "classy": 3,
  "clueless": -2,
  "cocksuckers": -5,
  "collapses": -2,
  "collapsing": -2,
  "compliments": 2,
  "conciliates": 2,
  "consolable": 2,
  "contaminant": -2,
  "contaminations": -2,
  "contestable": -2,
  "controversially": -2,
  "corrupting": -3,
  "crap": -3,
  "crappy": -3,
  "crazier": -2,
  "craziest": -2,
  "criminated": -3,
  "criminates": -3,
  "Crowding": -1,
  "crushes": -1,
  "debonair": 2,
  "deceiving": -3,
  "defrauds": -3,
  "dehumanize": -2,
  "dehumanized": -2,
  "dehumanizes": -2,
  "dehumanizing": -2,
  "dejected": -2,
  "dejecting": -2,
  "dejects": -2,
  "delectable": 3,
  "delightfully": 3,
  "derailed": -2,
  "derails": -2,
  "detracted": -1,
  "detracts": -1,
  "dickhead": -4,
  "Dilligence": 2,
  "dipshit": -3,
  "dirtiest": -2,
  "disapprovals": -2,
  "discarding": -1,
  "disconsolation": -2,
  "discriminated": -2,
  "disguises": -1,
  "disheartened": -2,
  "disinclined": -2,
  "dislikes": -2,
  "dismayed": -2,
  "disparaging": -2,
  "disrupting": -2,
  "disruptions": -2,
  "dithering": -2,
  "dodging": -2,
  "Douchebag": -3,
  "downer": -2,
  "downside": -2,
  "drags": -1,
  "drained": -2,
  "dreaded": -2,
  "dreading": -2,
  "Droopy": -2,
  "drowns": -2,
  "drudgery": -2,
  "DUMBASS": -3,
  "dumped": -2,
  "duped": -2,
  "effortlessly": 2,
  "elated": 3,
  "elegantly": 2,
  "Enchanted": 2,
  "engrossed": 1,
  "enrages": -2,
  "enraging": -2,
  "enslaved": -2,
  "enslaves": -2,
  "euphoric": 4,
  "evergreening": -3,
  "evergreens": 2,
  "exaggerating": -2,
  "exasparate": -2,
  "excruciatingly": -1,
  "exhilarated": 3,
  "exhilarating": 3,
  "Expels": -2,
  "expertly": 2,
  "exultantly": 3,
  "fabulously": 4,
  "fainthearted": -2,
  "faithful": 3,
  "Fallen": -2,
  "fascinates": 3,
  "fatalities": -3,
  "fatigued": -2,
  "fatigues": -2,
  "fatiguing": -2,
  "favors": 2,
  "favourited": 2,
  "flawlessly": 2,
  "flees": -1,
  "flops": -2,
  "flustered": -2,
  "foreclosures": -2,
  "forgettable": -1,
  "fraudster": -4,
  "fraudsters": -4,
  "frikin": -2,
  "FTW": 3,
  "fuckface": -4,
  "fuckhead": -4,
  "fucking զարմանալի": 4,
  "fucktard": -4,
  "FUD": -3,
  "fuked": -4,
  "fuking": -4,
  "fuming": -2,
  "Funky": 2,
  "funnier": 4,
  "gallantly": 3,
  "giddy": -2,
  "glamourous": 3,
  "Goddamn": -3,
  "goofiness": -2,
  "gr8": 3,
  "greenwash": -3,
  "greenwasher": -3,
  "greenwashers": -3,
  "greenwashing": -3,
  "gripping": 2,
  "groaning": -2,
  "groans": -2,
  "growths": 2,
  "hacked": -1,
  "hahaha": 3,
  "hahahah": 3,
  "hallelujah": 3,
  "handpicked": 1,
  "haplessness": -2,
  "hardier": 2,
  "harshest": -2,
  "Hates": -3,
  "haunting": 1,
  "haunts": -1,
  "heavyhearted": -2,
  "hehe": 2,
  "highlight": 2,
  "humerous": 3,
  "humourous": 2,
  "hurray": 5,
  "hurts": -2,
  "icky": -3,
  "idiocy": -3,
  "impeachments": -3,
  "impedingly": -2,
  "incapacitates": -2,
  "indoctrinates": -2,
  "indoctrinating": -2,
  "inediable": -2,
  "infantilized": -2,
  "infecting": -2,
  "infested": -2,
  "infesting": -2,
  "infests": -2,
  "inflicting": -2,
  "Inflicts": -2,
  "infract": -2,
  "infracting": -2,
  "infracts": -2,
  "insensitivity": -2,
  "intransigency": -2,
  "Kickbacks": -3,
  "Kills": -3,
  "lagged": -2,
  "laughting": 1,
  "lethality": -2,
  "lifesaver": 4,
  "lighthearted": 1,
  "lmao": 4,
  "LMFAO": 4,
  "loathed": -3,
  "loathes": -3,
  "loathing": -3,
  "lol": 3,
  "lolol": 4,
  "lololol": 4,
  "lolololol": 4,
  "lool": 3,
  "looms": -1,
  "LOOOL": 3,
  "LoOoOL": 3,
  "lovelies": 3,
  "lurks": -1,
  "macabre": -2,
  "maddening": -3,
  "madly": -3,
  "maladaption": -2,
  "maldevelopment": -2,
  "manipulated": -1,
  "memoriam": -2,
  "mesmerizing": 3,
  "messed": -2,
  "messing մինչեւ": -2,
  "mirthfully": 3,
  "misbehaved": -2,
  "misbehaves": -2,
  "misbranding": -3,
  "miscast": -2,
  "misclassifies": -2,
  "misclassify": -2,
  "misconducted": -2,
  "misconducting": -2,
  "misleaded": -3,
  "misplaces": -2,
  "misplacing": -2,
  "mispricing": -3,
  "misreport": -2,
  "misreported": -2,
  "misreporting": -2,
  "misreports": -2,
  "misunderstood": -2,
  "misuses": -2,
  "moaning": -2,
  "moans": -2,
  "mongering": -2,
  "moping": -1,
  "motherfucker": -5,
  "motherfucking": -5,
  "mumpish": -2,
  "n00b": -2,
  "narcissism": -2,
  "negativity": -2,
  "niggas": -5,
  "obsessed": 2,
  "offensively": -2,
  "oks": 2,
  "oops": -2,
  "optionless": -2,
  "ostracizes": -2,
  "ouch": -2,
  "outages": -2,
  "outmaneuvered": -2,
  "outnumbered": -2,
  "Outreach": 2,
  "overprotective": -2,
  "overreact": -2,
  "oversell": -2,
  "overselling": -2,
  "oversells": -2,
  "oversimplification": -2,
  "oversimplified": -2,
  "oversimplifies": -2,
  "oversold": -2,
  "oxymoron": -1,
  "panicked": -3,
  "Perfects": 2,
  "perturbed": -2,
  "petrified": -2,
  "phobic": -2,
  "Pileup": -1,
  "piqued": -2,
  "pissed": -4,
  "prblm": -2,
  "prblms": -2,
  "pseudoscience": -3,
  "psychopathic": -2,
  "pushy": -1,
  "quaking": -2,
  "rageful": -2,
  "Ranter": -3,
  "ranters": -3,
  "raptured": 2,
  "refreshingly": 2,
  "repulsed": -2,
  "revered": 2,
  "riveting": 3,
  "robing": -2,
  "Robs": -2,
  "rofl": 4,
  "roflcopter": 4,
  "roflmao": 4,
  "romantical": 2,
  "rotfl": 4,
  "rotflmfao": 4,
  "rotflol": 4,
  "savange": -2,
  "savanges": -2,
  "Scam": -2,
  "scars": -2,
  "screams": -2,
  "scumbag": -4,
  "seamless": 2,
  "sexist": -2,
  "sexistic": -2,
  "sexy": 3,
  "shamed": -2,
  "shithead": -4,
  "shitty": -3,
  "shoody": -2,
  "Sincerest": 2,
  "singleminded": -2,
  "slashed": -2,
  "slashes": -2,
  "sleeplessness": -2,
  "slickest": 2,
  "slumping": -1,
  "smartest": 2,
  "smog": -2,
  "smuggles": -2,
  "sneezing": -2,
  "snubbed": -2,
  "snubbing": -2,
  "solidified": 2,
  "Son of a bitch": -5,
  "soothing": 3,
  "spammer": -3,
  "spammers": -3,
  "Spamming": -2,
  "Sparkles": 3,
  "spiritless": -2,
  "squelched": -1,
  "stabs": -2,
  "stinked": -2,
  "stinker": -2,
  "stinking": -2,
  "stinks": -2,
  "stinky": -2,
  "stressor": -2,
  "stressors": -2,
  "sueing": -2,
  "sufferers": -2,
  "sulking": -2,
  "Super": 3,
  "Swears": -2,
  "sweeter": 3,
  "sweetest": 3,
  "tainted": -2,
  "tard": -2,
  "tarnishes": -2,
  "terrifically": 4,
  "thwarted": -2,
  "Top": 2,
  "tout": -2,
  "touted": -2,
  "Touting": -2,
  "touts": -2,
  "transgresses": -2,
  "tremors": -2,
  "tyran": -3,
  "tyrannic": -3,
  "tyrannically": -3,
  "tyrans": -3,
  "ugh": -2,
  "ugliness": -3,
  "unattractive": -2,
  "undercooked": -2,
  "undermined": -2,
  "underperform": -2,
  "underperformed": -2,
  "unethical": -2,
  "unfitted": -2,
  "unforgiving": -2,
  "unfunny": -2,
  "ungenerous": -2,
  "unhygienic": -2,
  "unimpressed": -2,
  "uninspired": -2,
  "uninvolving": -2,
  "unmotivated": -2,
  "unoriginal": -2,
  "unparliamentary": -2,
  "unreleting": -2,
  "unresearched": -2,
  "unscientific": -2,
  "unsecured": -2,
  "unsold": -1,
  "unstoppable": 2,
  "untarnished": 2,
  "uplifting": 2,
  "upsetting": -2,
  "uptight": -2,
  "victimizes": -3,
  "victimizing": -3,
  "vindicated": 2,
  "visioning": 1,
  "vomits": -3,
  "wanker": -3,
  "warmhearted": 2,
  "winwin": 3,
  "wits": 2,
  "wooo": 4,
  "Woow": 4,
  "wow": 4,
  "wowow": 4,
  "WOWWW": 4,
  "wrenching": -2,
  "wtf": -4,
  "wtff": -4,
  "wtfff": -4,
  "xo": 3,
  "xoxo": 3,
  "XOXOXO": 4,
  "xoxoxoxo": 4,
  "yearning": 1,
  "yeees": 2,
  "yucky": -2,
  "աբսուրդ": -2,
  "ագահ": -2,
  "ագահություն": -3,
  "ագրեսիա": -2,
  "ագրեսիվ": -2,
  "ագրեսիվությունը": -2,
  "ադամանդ": 1,
  "ազատ": 1,
  "ազատել": 2,
  "ազատելով": 2,
  "ազատելու": 2,
  "ազատություն": 2,
  "ազատությունները": 2,
  "ազատված": -1,
  "ազատվել": -2,
  "ազդարարել": 2,
  "ազդեցիկ": 2,
  "ազդեցությունից": -2,
  "ազնիվ": 2,
  "ազնվագույն": 2,
  "ալերգիկ": -2,
  "ակն": 3,
  "ակնառու": 5,
  "ակտիվ": 2,
  "ակտիվներ": 2,
  "ահ": -2,
  "ահաբեկել": -2,
  "ահաբեկելը": -2,
  "ահաբեկիչները": -2,
  "ահաբեկում": -3,
  "ահաբեկված": -3,
  "ահավոր": -3,
  "ահարկու": -2,
  "ահեղ": -3,
  "Ահեղ": -2,
  "աղաղակ": -2,
  "աղավաղել": -2,
  "աղավաղվել": -2,
  "աղբ": -1,
  "աղբանոց": -1,
  "աղետ": -2,
  "աղետալի": -2,
  "աղետներ": -2,
  "աղճատում": -2,
  "աղմկարար": -1,
  "աղմկոտ": -1,
  "աղմուկ": -3,
  "աղմուկով զվարճանալ": -3,
  "աղոթել": 1,
  "աղոթելը": 1,
  "աղոթում": 1,
  "աղոտանալ": -2,
  "աղտոտիչ": -2,
  "աղտոտիչներ": -2,
  "աղտոտման": -2,
  "աղտոտողը": -2,
  "աղտոտողները": -2,
  "աղտոտում": -2,
  "աղտոտված": -2,
  "աղքատ": -2,
  "աղքատանում": -2,
  "աղքատություն": -1,
  "աճ": 2,
  "աճել է": 1,
  "աճում": 1,
  "ամաչել": -2,
  "ամաչկոտ": -1,
  "ամաչում": -2,
  "ամբարտավան": -2,
  "ամբողջություն": 2,
  "ամենաաղքատ": -2,
  "Ամենադառը": -2,
  "ամենաերջանիկն": 3,
  "ամենալուսավոր": 2,
  "ամենակուլ": 3,
  "ամենամաքուր": 1,
  "Ամենամեծ": 3,
  "ամենամութ": -2,
  "ամենաուժեղ": 2,
  "ամենացածր": -1,
  "ամոթ": -2,
  "ամոթալի": -2,
  "ամուր": 2,
  "ամպամած": -1,
  "ամրակազմ": 2,
  "ամրապնդել": 2,
  "ամրապնդելով": 2,
  "ամրապնդում": 2,
  "ամրապնդվել": 2,
  "այլանդակություն": -2,
  "այլասերվել": -2,
  "այլասիրական": 2,
  "այո": 1,
  "Այո": 1,
  "այրիացած": -1,
  "անազնիվ": -2,
  "անալ": -4,
  "անալի": -2,
  "անախորժություններ": -2,
  "անաշխատունակության": -2,
  "անաշխատունակություն": -2,
  "անաչառ": 2,
  "անապահով": -2,
  "անառողջ": -2,
  "անատամ": -2,
  "անարատ": 1,
  "անարգանք": -3,
  "անարդար": -2,
  "անարդարացիորեն": -2,
  "անարդարություն": -2,
  "անարդյունավետ": -2,
  "անարժան": -2,
  "անարժեք": -2,
  "անբավարար": -2,
  "անբարենպաստ": -2,
  "անբիծ": 2,
  "անբնական": -1,
  "անգործունակ": -2,
  "անգրագիտություն": -2,
  "անդառնալիորեն": -1,
  "անդիմադրելի": 2,
  "անդուրեկանություն": -2,
  "Անեկդոտներ": 2,
  "աներկյուղ": 2,
  "անզգա": -2,
  "անզիջողականությունը": -2,
  "անզոր": -2,
  "անընդունակ": -2,
  "անընդունելի": -2,
  "անթերի": 2,
  "անիծել": -1,
  "անիծված": -4,
  "անիմաստ": -2,
  "անիրազեկ": -2,
  "անիրազեկություն": -2,
  "անիրավ": -2,
  "անիրաւութիւն": -2,
  "անխելք": -2,
  "անխոհեմ": -2,
  "անխորտակելի": 2,
  "անխոցելի": 2,
  "անխռով": 2,
  "անկազմակերպ": -2,
  "անկայուն": -2,
  "անկապ": -2,
  "անկարող": -2,
  "անկարողություն": -2,
  "անկեղծ": 3,
  "անկեղծորեն": 2,
  "անկեղծություն": 2,
  "անկյանք": -1,
  "անկում": -1,
  "անկուշտ": 2,
  "անկրկնելի": -2,
  "անհագուրդ": -2,
  "անհաղթ": 2,
  "անհաղթահարելի": 2,
  "անհամ": -2,
  "անհամաչափ": -2,
  "անհամապատասխան": -2,
  "անհամբեր": 2,
  "անհանգիստ": -2,
  "անհանգստացած": -2,
  "անհանգստացնել": -3,
  "անհանգստացնող": -2,
  "անհանգստացրել": -2,
  "անհանգստություն": -2,
  "անհանդուրժողական արձագանքն": -2,
  "անհապաղ": 1,
  "անհաջող": -2,
  "Անհաջող հանդես եկող": -2,
  "անհաջողակ": -3,
  "անհաջողություն": -2,
  "անհասանելի": -1,
  "անհասկանալի": -2,
  "անհասկանալի է": -1,
  "անհավանություն": -2,
  "անհավասար": -1,
  "անհավատալի": -1,
  "անհարմար": -2,
  "անհարմարություն": -2,
  "անհաւատներուն": -1,
  "անհեռատես": -2,
  "անհետանալ": -1,
  "անհետանում": -1,
  "անհետացել": -1,
  "անհետաքրքիր": -2,
  "անհիմն": -2,
  "անհոգ": 1,
  "անհույս": -2,
  "անհույս է": -3,
  "անձեռնմխելի": 2,
  "անձրեւային": -1,
  "անմահ": 2,
  "անմարդկային": -2,
  "անմեղությունն": -2,
  "անմիտ": -2,
  "անմխիթար": -2,
  "աններելի": -3,
  "աննման": 1,
  "աննշան": -2,
  "աննշանորեն": 2,
  "անշահախնդիր": 2,
  "անշարժացնել": -1,
  "անշարժություն": -2,
  "անշնորհակալ": -3,
  "անշրջելի": -1,
  "անողոք": -1,
  "անորակ": -2,
  "անորոշ": -1,
  "անուղղելի": -2,
  "անուշադիր": -2,
  "անչափ ուրախ": 4,
  "անպաշտպան": -2,
  "անպատասխանատու": -2,
  "անպատեհություն": -2,
  "անպատիվ": -3,
  "անպարկեշտ": -2,
  "անպետք": -2,
  "անպիտանությունը": -2,
  "անպտուղ": -2,
  "անսիրտ": -2,
  "անվախ": 2,
  "անվճարունակ": -2,
  "անվճռական": -1,
  "անվստահ": -2,
  "անվստահություն": -3,
  "անվտանգություն": 1,
  "անտանելի": -2,
  "անտարբեր": -2,
  "անտարբերություն": -2,
  "անտեղյակ": -2,
  "անտեղյակություն": -2,
  "անտեսել": -1,
  "անտեսելով": -2,
  "անտեսեց": -2,
  "անտեսում": -2,
  "անտեսված": -1,
  "անտեսվել": -1,
  "անտեսվեցին": -1,
  "անտուն": -2,
  "անտրամաբանական": -2,
  "անցանկալի": -2,
  "անփույթ": -2,
  "անքնություն": -2,
  "անօգնական": -2,
  "անօգուտ": -2,
  "աշխատասեր": -2,
  "աշխույժ": 2,
  "աչալուրջ": 3,
  "աչքի ընկնող": 2,
  "ապակողմնորոշիչ": -3,
  "ապակողմնորոշում": -2,
  "ապակողմնորոշված": -2,
  "ապահով": 1,
  "ապահովել": 2,
  "ապահովելով": 1,
  "ապահովում": 2,
  "ապահովված": 2,
  "ապատեղեկացված": -2,
  "ապատիկ": -2,
  "ապարդյուն": -2,
  "ապշած": 3,
  "ապշեցնել": 3,
  "Ապշեցնող": 3,
  "ապշեցնում": 2,
  "ապշեցուցիչ": 3,
  "ապշեցրել": -2,
  "ապուշ": -3,
  "ապուշի": -3,
  "ապստամբ": -2,
  "ապստամբները": -2,
  "ապստամբություն": -2,
  "Ապօրեն": -2,
  "ապօրինաբար": -3,
  "ապօրինի": -3,
  "աջակիցներ": 1,
  "աջակցելով": 1,
  "աջակցող": 2,
  "աջակցություն": 2,
  "աջակցում": 2,
  "առաջադեմ": 1,
  "առաջավոր գիծ": 1,
  "առաջատար": 2,
  "առաջխաղացում": 2,
  "առասպել": -1,
  "առասպելական": 4,
  "առավելություն": 2,
  "առավելությունները": 2,
  "առատորեն": 2,
  "առեվանգել": -2,
  "առեւանգել են": -2,
  "առեւանգում": -2,
  "առեւանգումը": -2,
  "առեւանգումներ": -2,
  "առեւանգումները": -2,
  "առեւանգվել": -2,
  "առնողծախող": -2,
  "առողջ": 2,
  "առույգություն": 3,
  "աստված": 1,
  "աստվածավախ": 2,
  "ավաղ": -1,
  "ավանակ": -4,
  "ավանակները": -4,
  "ավանտյուրա": 2,
  "ավարտելը": 2,
  "ավելաքաշ": -1,
  "ավելի ապահով": 2,
  "ավելի լավ": 2,
  "ավելի մեծ": 3,
  "ավելի ուժեղ": 2,
  "ավելի վատ": -3,
  "ավելորդ": -1,
  "ավերածություն": -2,
  "ավերածությունների": -2,
  "ավերակներ": -2,
  "ավերել": -2,
  "ավերիչ": -2,
  "ավերված": -2,
  "ավերվել": -2,
  "ատել": -3,
  "ատելություն": -3,
  "ատկատ": -3,
  "ատող անձ": -3,
  "ատողները": -3,
  "ատում": -3,
  "ատում էր": -3,
  "ատրակցիոններ": 2,
  "ատրճանակ": -1,
  "արագ": 2,
  "արատ": -2,
  "արատավոր": -2,
  "արգելակել": -1,
  "արգելակվել": -2,
  "արգելափակման": -1,
  "արգելափակում": -1,
  "արգելափակվել": -1,
  "արգելել": -1,
  "արգելված": -2,
  "արգելվել": -2,
  "արգելվում է": -1,
  "արդար": 2,
  "արդարացիորեն": 2,
  "արդարացնել": 2,
  "արդարացնելուց": 2,
  "արդարացնող": 2,
  "արդարացնում": 2,
  "արդարացված": 2,
  "արդարացվեց": 2,
  "արդարացրել է": 2,
  "արդարութիւն": 2,
  "արդարություն": 2,
  "արդիականացնել": 2,
  "արդիականացնում": 2,
  "արդիականացումն": 2,
  "արդիականացվել": 2,
  "արդյունավետ": 2,
  "արդյունավետությունը": 2,
  "արեւի լույս": 2,
  "արթուն": -1,
  "արժանապատվություն": 2,
  "արժանի": 2,
  "արժեզրկումից": -2,
  "արժեւորումը": 2,
  "արիության": 2,
  "արհամարհական": -2,
  "արհամարհանք": -2,
  "արհամարհանքով": -2,
  "արհամարհել": -2,
  "արհամարհելի": -2,
  "արհամարհելով": -2,
  "արհամարհում": -2,
  "արձակել": 2,
  "Արմեն": -1,
  "արյունոտ": -3,
  "արտակարգ": -2,
  "արտահոսող": -1,
  "արտառոց": 4,
  "արտաքսել": -2,
  "արտաքսման": -2,
  "արտաքսում": -2,
  "արտաքսվել": -2,
  "արտոնել": 2,
  "արտոնյալ": 2,
  "արտոնված": 2,
  "արցունքները": -2,
  "ափսոսանք": -2,
  "ափսոսանքով": -3,
  "բազմակողմանի": 2,
  "բաժնետոմս": 1,
  "բաժնետոմսեր": 1,
  "բախում": -2,
  "բախումները": -2,
  "բախվել": -1,
  "բախվելուց": -1,
  "բախտ": 2,
  "բամբասել": -1,
  "բանակցություններ": -1,
  "բանավեճ": -2,
  "բանտ": -2,
  "բանտարկել": -2,
  "բանտարկյալ": -2,
  "բանտարկյալները": -2,
  "բանտարկություն": -2,
  "բանտարկվել": -2,
  "բավականին": 1,
  "բավականությունծ հաճույք պատճառող": 3,
  "բարբաջանք": -2,
  "բարբարոս": -2,
  "բարբարոսական": -2,
  "բարգավաճ": 3,
  "բարգավաճում": 3,
  "բարդացնելով": -2,
  "բարեբախտաբար": 3,
  "բարեգործական": 2,
  "բարելավել": 2,
  "բարելավում": 2,
  "բարելավվել": 2,
  "բարեկամական": 2,
  "բարեկամություն": 2,
  "բարեկեցություն": 2,
  "բարեկիրթ": 2,
  "բարենպաստ": 2,
  "բարերար": 2,
  "բարերարները": 2,
  "բարեւեն": 2,
  "բարեւէ": 1,
  "բարի": 2,
  "Բարի առավոտ": 1,
  "բարկացել": -2,
  "բարկություն": -2,
  "բարձր է գնահատել": 3,
  "բարձրագույն": 4,
  "բարձրանում": 1,
  "բարձրացնել": 1,
  "բարձրացում": 1,
  "բարյացակամ": 3,
  "բարյացակամություն": 3,
  "բարոյալքել": -2,
  "բարոյալքող": -2,
  "բարոյալքում": -2,
  "բարոյալքված": -2,
  "բարություն": 3,
  "բացակայող": -1,
  "բացակայությունները": -1,
  "բացահայտել": -1,
  "բացահայտում է": -1,
  "բացառել": -1,
  "բացառիկ": 2,
  "բացառում": -1,
  "բացառվում": -2,
  "բացասական": -2,
  "բեկում": 3,
  "բեռ": -2,
  "բեռը": -2,
  "բերկրալից": 3,
  "ԲՀԿ": -4,
  "բնական": 1,
  "բնակավայրեր": 1,
  "բողոք": -2,
  "բողոքարկման": 2,
  "բողոքել է": -2,
  "բողոքելով": -2,
  "բողոքի ցույցերը": -2,
  "բողոքները": -2,
  "բողոքում": -2,
  "Բոմբ": -1,
  "բոյկոտ": -2,
  "բոյկոտել": -2,
  "բոյկոտեցին": -2,
  "բոյկոտում": -2,
  "բորբոքված": -2,
  "բութ": -2,
  "բռնաբարել": -4,
  "բռնաբարողը": -4,
  "բռնադատում": -2,
  "բռնակալական": -3,
  "բռնի": -3,
  "բռնկումները": -2,
  "բռնությամբ": -3,
  "բռնություն": -3,
  "բռնությունը վերաբերող": -3,
  "գազազած": -3,
  "գազազեցնելով": -2,
  "գազանաբար": -3,
  "գանգատ": -2,
  "գանձ հարստություն կուտակել": 2,
  "գանձերը": 2,
  "գանձումներ": -2,
  "գանձվում": -3,
  "գարշահոտություն": -2,
  "գարշանք": -3,
  "գարշելի": -3,
  "գարշում": -3,
  "գեղատեսիլ": 2,
  "գեղեցիկ": 3,
  "գեղեցկացնել": 3,
  "գեղեցկություն": 3,
  "գեշ": -2,
  "գերազանց": 3,
  "գերազանցություն": 3,
  "գերակատարում": -2,
  "գերեզման": -2,
  "գերել": -2,
  "գերհոգնած": -3,
  "Գերմանական": -4,
  "գերված": 3,
  "գիշատիչ": -2,
  "գլխապտույտ": -1,
  "գլխացավ": -2,
  "գլխացավանք": -2,
  "գլուխգործոց": 4,
  "գլուխգործոցներ": 4,
  "գծից դուրս գալ": -2,
  "գյուտ": 4,
  "գնահատել": 2,
  "գնահատելով": 2,
  "գնահատում է": 2,
  "գնդակոծել": -2,
  "գոհ": 2,
  "գոհ եմ": 3,
  "գոհար": 1,
  "գող": -2,
  "գողանալ": -2,
  "գողանում": -2,
  "գողացան": -2,
  "գողացել": -2,
  "գողություն": -2,
  "գոյատեւեց": 2,
  "գոյատեւող": 2,
  "գոռալ": -2,
  "գոռոզություն": 3,
  "գովաբանելով": 3,
  "գովասանք": 3,
  "գովել": 2,
  "գովեստները": 3,
  "գովեց": 2,
  "գործադուլ": -1,
  "գործադուլները": -1,
  "գործազուրկ": -1,
  "գործազրկություն": -2,
  "գործարք": 2,
  "գորշ": -1,
  "գորշությունները": -2,
  "գրավել": 1,
  "գրավել է": 1,
  "գրավիչ": 2,
  "գրավչություն": 2,
  "գրավչությունը": 2,
  "գրաքննիչ": -2,
  "գրաքննիչները": -2,
  "գրգռել": -1,
  "գրգռող": -2,
  "գրգռվածության": -3,
  "գրիպ": -2,
  "Գրկախառնվել": 2,
  "գրկում": 2,
  "գրողը տանի": -4,
  "դադարեցվել է": -1,
  "դադարեցրեցին": -2,
  "դաժան": -2,
  "դաժանություն": -3,
  "դանակահարվել": -2,
  "դանդաղեցնել": -2,
  "դաշնակից": 2,
  "դառը": 2,
  "դառնացած": -2,
  "դառնությամբ": -2,
  "դառնություն": -2,
  "դասակարգված": -2,
  "դավադրություն": -3,
  "դավաճանական": -3,
  "դավաճանել": -3,
  "դավաճանություն": -3,
  "դավաճանում": -3,
  "դատական ​​ծանուցագիր": -2,
  "դատական ​​կարգով հետապնդել": -1,
  "դատական ​​կերպով հետապնդել": -2,
  "դատամոլական": -2,
  "դատապարտել": -2,
  "դատապարտմամբ": -2,
  "դատապարտման": -3,
  "դատապարտում": -2,
  "դատապարտված": -2,
  "դատապարտվել": -2,
  "դատավարություն": -2,
  "դատավճիռ": -1,
  "դատավճիռները": -1,
  "դատարկ": -1,
  "դատարկություն": -1,
  "դատի է տվել": -2,
  "դատի տալ": -2,
  "դեն": -1,
  "դեֆիցիտ": -2,
  "դեֆորմացվում": -2,
  "դժբախտ": -2,
  "դժբախտ պատահար": -2,
  "դժբախտություն": -2,
  "դժբախտությունը": -2,
  "դժգոհ": -2,
  "դժգոհել": -2,
  "դժգոհություն": -2,
  "դժգոհում է": -2,
  "դժոխային": -2,
  "դժոխք": -4,
  "դժվար": -1,
  "դժվարին": -2,
  "դժվարություն": -2,
  "դիակ": -1,
  "դիսֆունկցիան": -2,
  "դիվերսիա": -2,
  "դիտավորյալ": -2,
  "դյութիչ": 3,
  "դյուրագրգիռ": -1,
  "դյուրախաբություն": -2,
  "դյուրահավատ": -2,
  "դողում": -2,
  "դուշ": -3,
  "դուր եկավ": 2,
  "դուրեկան": 2,
  "դրախտ": 3,
  "դրական եզրակացություն": 2,
  "դրական է": 2,
  "դրամաշնորհներ": 1,
  "դրամաշորթություն": -3,
  "դրդապատճառ": 2,
  "դրդել": 1,
  "դրժի": -2,
  "դրոշմում": 3,
  "ելուստ": 1,
  "եկանք": -2,
  "ենթարկվում": -1,
  "եռանդուն": 3,
  "եսասեր": -3,
  "եսասիրություն": -3,
  "ետ": -2,
  "երազ": 1,
  "երազանքներ": 1,
  "երախը": -2,
  "երախտապարտ": 3,
  "երանելի": 3,
  "երանություն": 3,
  "երաշխավորված": 1,
  "երաշխիք": 1,
  "երգիծական": 2,
  "երդմնազանցություն": -3,
  "երդվել": -2,
  "երեխայական": -2,
  "երեսպաշտ": -2,
  "երեվակայությունից զուրկ": -2,
  "Երեվան": -2,
  "երերուն": -1,
  "երեւակայական": 2,
  "երեքով": -4,
  "երիտասարդ": 2,
  "երկայնությամբ": 1,
  "երկարացնել": 1,
  "երկարացրել": 1,
  "երկընտրանք դիլեմա": -1,
  "երկինք": 2,
  "երկմտել": -2,
  "երկյուղալի": -3,
  "երկնային": 4,
  "երկչոտ": -2,
  "երկրպագեցին": 3,
  "երկրպագություն": 3,
  "երջանիկ": 3,
  "երջանկություն": 3,
  "զայրացած": -2,
  "զայրացան": -2,
  "զայրացնել": -3,
  "զայրացնում": -2,
  "զայրացուցիչ": -1,
  "զայրացրել": -2,
  "զայրույթ": -3,
  "զանգվածային անկարգությունների": -2,
  "զանց": -2,
  "զանցանքների": -2,
  "զավեշտական": 1,
  "Զարդեր": 1,
  "զարհուրելի": 4,
  "զարմանալի": 3,
  "զարմանում,": 2,
  "զարմանք": 3,
  "զարմացնել": 3,
  "զբաղեցնել": 1,
  "Զգացմունք": 1,
  "զգույշ": -1,
  "զգուշացնում է": -2,
  "զգուշացում": -3,
  "զգուշացրել է": -2,
  "զգուշություն": 2,
  "զեղչված": -1,
  "զզվանք": -2,
  "զզվել": -3,
  "զզվելի": -2,
  "զզվում": -3,
  "զղջում": -2,
  "զմայլված": 4,
  "զոհ": -3,
  "զոհեր": -3,
  "զով": 1,
  "զսպման": -2,
  "զվարթ": 2,
  "զվարճալի": 4,
  "զվարճանք": 4,
  "զվարճություն": 3,
  "զտել": 1,
  "զրկել": -2,
  "զրկելը": -3,
  "զրպարտչական": -2,
  "է. ըստ": -2,
  "էական": 1,
  "էականորեն": 1,
  "էթիկական": 2,
  "էյֆորիայի": 3,
  "էվակուացիա": -1,
  "ընդարձակ": 1,
  "ընդարձակել": 1,
  "ընդգծել է": -2,
  "ընդգրկվել": -1,
  "ընդլայնում": 1,
  "ընդհատել": -1,
  "ընդհատելու": -2,
  "ընդհատում": -2,
  "ընդհատվել": -2,
  "ընդունակ": 1,
  "ընդունակություն": 1,
  "ընդունել": 1,
  "ընդունելի": 1,
  "ընդունելով": 1,
  "ընդունելություն": 1,
  "ընդունում": 1,
  "ընդունված": 1,
  "ընկեր": 1,
  "ընկերական": 2,
  "ընկճել": -2,
  "ընկճված": -2,
  "ընկճվածություն": -2,
  "ընկույզ": -3,
  "ընտրակաշառքները": -3,
  "Ընտրվածներ": 2,
  "թալանել": -2,
  "թախիծ": -2,
  "թախծալի": -2,
  "թախծոտ": -2,
  "թակարդ": -1,
  "թակարդներ": -1,
  "թակարդում": -2,
  "թաղամաս": -1,
  "թաղում": -1,
  "թանկ": 3,
  "թարմ": 1,
  "թաքնվել": -1,
  "թաքստոց": -1,
  "թաքցնել": -1,
  "թաքցնելը": -1,
  "թեթեւացնել": 2,
  "թեթեւություն": 3,
  "թեկնածու": -1,
  "թերագնահատել": -1,
  "թերագնահատելով": -1,
  "թերագնահատում": -1,
  "թերակատարում": -2,
  "թերահավատների": -2,
  "թերահավատություն": -2,
  "թերի": -1,
  "թերություններ": -2,
  "թյուրիմածություն": -2,
  "թշնամական": -2,
  "թշնամի": -2,
  "թշնամիները": -2,
  "թշնամություն": -2,
  "թշվառ": -3,
  "թող պատուի վկայութիւն լինի": 2,
  "թուլամիտ": -3,
  "թուլացել": -2,
  "թուլություն": -2,
  "թույլ": -2,
  "թույլ կողմերը": -2,
  "թույլ տալ": 1,
  "թույլ տեսողություն ունեցողների": -2,
  "թույն": -2,
  "թույն իրերը": 3,
  "թունավոր": -3,
  "թունավորում": -2,
  "ԹՈՒՆԱՎՈՐՈՒՄ": -2,
  "թունավորվել": -2,
  "թունոտ": -3,
  "թրմփալ": -2,
  "ժանտախտ": -3,
  "ժիր": 3,
  "ժլատ": -2,
  "ժխտել": -2,
  "ժխտողները": -2,
  "ժողովրդական": 3,
  "ժողովրդականություն": 3,
  "ժպիտ": 2,
  "ժպիտներ": 2,
  "ժպտաց": 2,
  "ժպտում": 2,
  "իմաստալից": 2,
  "իմաստություն": 1,
  "իմուն": 1,
  "ինձ թվաց": -1,
  "ինտենսիվ": 1,
  "ինտրիգները": 1,
  "ինքնագոհ": -2,
  "ինքնակառավարման deluded": -2,
  "ինքնակառավարման հակասական": -2,
  "ինքնակառավարման չարաշահում": -2,
  "ինքնակոչ": -2,
  "ինքնակործան": -2,
  "ինքնասպանություն": -2,
  "ինքնասպանությունները": -2,
  "ինքնավստահ": 2,
  "իշխանություն": 1,
  "իռացիոնալ": -1,
  "իրազեկ": 2,
  "իրականացնում": 2,
  "իրականացնում է": 2,
  "իրականացրել": -2,
  "իրավաբան": 3,
  "իրավաբանորեն": 1,
  "իրավախախտում": -2,
  "իրավական": 1,
  "իրավունք ունի": 1,
  "իրեն վատ պահել": -2,
  "իրենցով կրում": -2,
  "լավ": 3,
  "լավ proportioned": 2,
  "լավ խնամված": 2,
  "լավ կենտրոնացած": 2,
  "լավ հանդես": 3,
  "լավ մշակված": 2,
  "լավ ստեղծվել": 2,
  "լավ տեսքով": 3,
  "լավագույն": 3,
  "լավագույն պախարակել": 4,
  "լավատեսական": 2,
  "լավատեսություն": 2,
  "լարում": -1,
  "լարված": -2,
  "լաց": -1,
  "լաց լինել": -2,
  "լացող": -2,
  "լիզել": -4,
  "լկտիություն": -2,
  "լոբբին": -2,
  "լոբբինգ": -2,
  "լոբբիստական": -2,
  "լոբբիստը": -2,
  "լոբբիստները": -2,
  "լուծել": 2,
  "լուծելու": 2,
  "լուծում": 2,
  "լուծումներ": 1,
  "լուծվել": 1,
  "լուսավորել": 2,
  "լուսավորում": 2,
  "լուսավորչական": 2,
  "լուսավորված": 2,
  "լուսնոտների": -3,
  "լուրջ": 2,
  "լպրծուն": 2,
  "լռությունը": -1,
  "լցուեց գարշահոտութեամբ": -2,
  "լցվում": -2,
  "լքել": -1,
  "լքյալ": -2,
  "լքված": -2,
  "խաբեբայություն": -1,
  "խաբեբաները": -3,
  "խաբել": -2,
  "Խաբելու": -3,
  "խաբեությամբ": -2,
  "խաբեություն": -2,
  "խաբում": -3,
  "խաբուսիկ": -3,
  "խաբված": -3,
  "խախտել": -2,
  "խախտել է": -2,
  "խախտելով": -2,
  "խախտելու": -2,
  "խախտեց": -1,
  "խախտում": -2,
  "խախտումներ": -2,
  "խախտումները": -2,
  "խաղ փոփոխվող": 3,
  "խաղաղ": 2,
  "խաղաղ ճանապարհով": 2,
  "խաղաղություն": 2,
  "խայթել": -5,
  "խայտառակ": -3,
  "խայտառակված": -2,
  "խանգարել": -2,
  "խանգարում": -2,
  "խանգարումներ": -2,
  "խանգարված": -1,
  "խանգարվում": -2,
  "խանդ": -2,
  "խառնաշփոթ": -2,
  "խավար": -1,
  "խարդախ": -4,
  "խարդախ մարդ": 2,
  "խարդախությունը": -4,
  "Խարդախությունը": -3,
  "խարդավանքների": -3,
  "խարիզման": 2,
  "խարխլում": -2,
  "խարույկի վրա այրելը": -3,
  "խափանել": -2,
  "խափանելով": -2,
  "խափանում": -2,
  "խելագար": -2,
  "խելագարություն": -3,
  "խելահեղ": -1,
  "խելացի": 2,
  "խելացնորություն": -2,
  "խելոք": 2,
  "խեղաթյուրել": -1,
  "խեղաթյուրելը": -2,
  "խեղաթյուրելով": -2,
  "խեղաթյուրելու": -2,
  "խեղաթյուրում": -2,
  "խեղաթյուրումներ": -2,
  "խեղաթյուրվել": -3,
  "խեղդամահ": -2,
  "խեղդել": -2,
  "խեղդվել": -1,
  "խեղճորեն": -3,
  "խեղճություն": -2,
  "խզում": -2,
  "խթանել": 1,
  "խթանելով": 2,
  "խթանելու": 1,
  "խթանում": 1,
  "Խթանում": 1,
  "խիզախ": 2,
  "խիզախորեն": 2,
  "խիստ": 3,
  "խիստ քննադատություն": -2,
  "խլացուցիչ": -1,
  "խղճալ": -1,
  "խղճալի": -2,
  "խճճված": 2,
  "խմած": -2,
  "Խնամում": 1,
  "խնամք": 2,
  "խնայողական": 1,
  "խնդիր": -2,
  "խնդիրներ": -2,
  "խնդություն": 3,
  "Խնդրում եմ": 1,
  "Խնկարկում": -2,
  "խոժոռ": -2,
  "Խոժոռված": -1,
  "խոհուն": 2,
  "խոնավ": -3,
  "խոնարհ": 1,
  "խոնարհած": -2,
  "խոշտանգելու": -4,
  "խոշտանգումները": -4,
  "խոշտանգվել": -4,
  "խոչընդոտ": -2,
  "խոչընդոտել": -2,
  "խոչընդոտելն": -2,
  "խոչընդոտները": -2,
  "խոչընդոտում": -2,
  "ԽՈՉԸՆԴՈՏՈՒՄ": -2,
  "խոչընդոտումը": -2,
  "խոռ": -2,
  "խոռոչ": -1,
  "խոսում": -2,
  "խոստացել է": 1,
  "խոստովանել": -1,
  "խոստովանել է": -1,
  "խոստովանում է": -1,
  "խոստում": 1,
  "խոստումներ": 1,
  "խորամանկություն": 2,
  "խորանում": -2,
  "խորացնել": -2,
  "խորհող": 1,
  "խորհուրդ է տալիս": 2,
  "խորհուրդ է տրվում": 2,
  "խորհուրդ տալ": 2,
  "խորտակել": -2,
  "խորտակում": -2,
  "խոցելի": -2,
  "խոցելիությունը": -2,
  "խուլիգան": -2,
  "խուլիգաններ": -2,
  "խուլիգանություն": -2,
  "խուճապ": -3,
  "խուճապային փախուստի մատնել": -2,
  "խուճապի է մատնվում": -3,
  "խունկ": -2,
  "խուսափել": -1,
  "խուսափում": -1,
  "խռովարար": -2,
  "խռովութիւններ": -2,
  "խռովությանծ ապստամբության կոչ": -2,
  "խստորեն": 3,
  "խստորեն դատապարտում է": -2,
  "խտրական": -2,
  "խտրության": -2,
  "խրախուսել": 2,
  "խրախուսում": 2,
  "խրատել": -2,
  "խրված": -2,
  "խրտվիլակ": -2,
  "խցանում": -2,
  "ծածկել": -3,
  "ծակել": -2,
  "ծաղրական": -2,
  "ծաղրանք": -2,
  "ծաղրել": -2,
  "ծաղրում": -2,
  "ծաղրվում": -2,
  "ծայրահեղական": -2,
  "ծայրահեղականները": -2,
  "ծանր": -2,
  "ծանր ֆուգասային ռումբ": 3,
  "ծանրաբեռնել": -1,
  "ծանրաբեռնելով": -2,
  "ծանրագին": -2,
  "ծանրացնող": -2,
  "ծանրութեան": -2,
  "ծարավի": 2,
  "ծափահարել": 2,
  "ծափահարություն": 2,
  "ծափահարությունները": 2,
  "ծափահարում": 2,
  "ծեծ": -1,
  "ծեծել": -3,
  "ծեծել են": -2,
  "ծիծաղել": 1,
  "ծիծաղելի": 1,
  "ծիծաղեց": 1,
  "ծիծաղում": 1,
  "ծիծիկներ": -2,
  "ծիտ": -5,
  "ծծում": -3,
  "ծծվել": -1,
  "Ծովափ": 3,
  "ծույլ": -1,
  "ծպտված": -1,
  "կալանք": -2,
  "կալանքի տակ պահելը": -2,
  "կախարդանք": 3,
  "կախարդել": 3,
  "կախովի": -1,
  "կաղ": -2,
  "կամակոր կին": -4,
  "կայծ": 3,
  "կայուն": 2,
  "Կայունություն": 1,
  "կայտառ": 2,
  "կանաչ լվանալ": -3,
  "կանաչ լվացքի": -3,
  "կանգ առնել": -1,
  "կանգառները": -1,
  "կանգնեցնելով": -1,
  "կանխել": -1,
  "կանխելու": -1,
  "կանխում": -1,
  "կանխվել": -1,
  "կաշառակերություն": -3,
  "կաշառելու": -3,
  "կաշառքը": -3,
  "կաշկանդված": -2,
  "կապվածություն": 3,
  "կապտագույն": -2,
  "կասեցնել": -1,
  "կասեցված": -1,
  "կասկածամիտ": -3,
  "կասկածել": -1,
  "կասկածելի": -1,
  "կասկածի": -1,
  "կասկածի տակ": -1,
  "կասկածյալներ": -1,
  "կասկածները": -1,
  "կասկածող": -1,
  "կասկածում է,": -1,
  "կասկածվում": -1,
  "կատակ": 2,
  "կատակային": 2,
  "կատակերգություն": 1,
  "ԿԱՏԱԿԻ": -2,
  "կատաղեցնել": -2,
  "կատաղություն": -3,
  "կատարել": 2,
  "կատարելագործում": 3,
  "կատարելագործվում": 2,
  "կատարելապես": 3,
  "կատարյալ": 3,
  "կատարուի": 2,
  "կատարում": 2,
  "կատարված": 2,
  "կարգավորումը": 1,
  "կարեկից": 2,
  "կարեկցող": 2,
  "կարեկցություն": 2,
  "կարեւոր": 2,
  "կարեւորություն": 1,
  "կարիքավոր": -2,
  "Կարծիքներ": -3,
  "կարծրացած": -2,
  "կարկուտ": 2,
  "կարճատեսություն": -2,
  "կարող է «T կանգնել": -3,
  "կարողություն": 2,
  "կարողություններ": 2,
  "կարողությունները": 1,
  "կարոտել": -2,
  "կացին": -1,
  "կացնահարել": -1,
  "կեղծ": -1,
  "կեղծել": -3,
  "կեղծելու": -3,
  "կեղծիք": -3,
  "կեղծիքներն": -4,
  "կեղծումներ": -3,
  "կեղծված": -1,
  "կեղծվում": -3,
  "կեղտ": -2,
  "կեղտոտ": -2,
  "կեղտոտել": -2,
  "Կենացը": 2,
  "կենդանի": 1,
  "կենսունակություն": 3,
  "կենսուրախ": 3,
  "կենտրոնացած": 2,
  "ԿԻՆԴԵՐ": 2,
  "կիսում": 1,
  "կիրք": 1,
  "կլանել": 1,
  "կճատ": -2,
  "կյանքի իմաստություն ունեցող": 2,
  "կշռադատող": -2,
  "կշտամբեց": -3,
  "կշտացած": -3,
  "կողմնակալ": -2,
  "կողմնակի ազդեցություն": -2,
  "կողմնակից": 1,
  "կողոպուտ": -2,
  "կողոպտիչ": -2,
  "կոնֆլիկտ": -2,
  "կոնֆլիկտային": -2,
  "կոշտ": -2,
  "կոպիտ": -2,
  "կոռումպացված": -3,
  "կոտորելը": -2,
  "կոտրանքով գողություն": -2,
  "կոտրված": -1,
  "կորած": -2,
  "կործանիչ": -2,
  "կործանում": -2,
  "ԿՈՐԾԱՆՈՒՄ": -3,
  "կորուստ": -3,
  "կորուստները": -3,
  "կորցնում": -3,
  "կորցրած": -1,
  "կորցրել": -3,
  "կույր": -1,
  "կպատուհասեմ": -3,
  "կռիվ": -1,
  "կռվարար": -2,
  "կվատթարանան": -3,
  "կտրատել": -2,
  "կտրել": -1,
  "կտրիճ": 2,
  "կտրում": -1,
  "կտրված": -1,
  "կրակ": -2,
  "կրակոտ": 2,
  "կրակոց": -1,
  "կրել": -2,
  "կրճատել": -2,
  "կրճատումներ": -1,
  "կրճատումները": -2,
  "կրքոտ": 2,
  "հա": 2,
  "հալածել": -2,
  "հալածուած": -2,
  "հալածում": -2,
  "հալածվել": -2,
  "հալածվում": -3,
  "հակազդելու": -2,
  "հակահայկական": -1,
  "հակամարտող": -2,
  "հակամարտությունները": -2,
  "հակառակորդ": -1,
  "հակասական": -1,
  "հակում": -1,
  "Հահա": 3,
  "հաղթական": 4,
  "հաղթանակ": 4,
  "հաղթանակները": 3,
  "հաղթել": 3,
  "հաղթող": 4,
  "հաղթողները": 3,
  "հաղթում": 4,
  "հաճախակի այցելած": -2,
  "հաճելի": 3,
  "հաճոյախոսություն": 2,
  "հաճոյախոսում": 2,
  "հաճույք": 3,
  "համակրանք": 2,
  "համակրելի": 2,
  "համաձայնագիր": 1,
  "համաձայնեցին": 1,
  "համաձայնություն": 2,
  "համաձայնում": 2,
  "համաձայնվել": 1,
  "համաձայնվում": 1,
  "համապատասխան": 2,
  "համապատասխանություն": 1,
  "համառ": -2,
  "համատարած": 2,
  "համարձակ": 3,
  "համարձակորեն": 2,
  "համարձակություն": 3,
  "համբավ": 1,
  "համբույր": 2,
  "համեղ": 3,
  "Համեղ": 3,
  "համերաշխություն": 2,
  "համոզել": 1,
  "համոզված": 1,
  "համր": -3,
  "հայհոյանքը": -2,
  "հայտարարություն": -2,
  "հայտնի": 2,
  "հայրենակարոտ": -2,
  "հայցեր": -2,
  "հանգիստ": 2,
  "հանգստանում": 2,
  "հանգստացած": 3,
  "հանգստացնել": 3,
  "հանգստացնող": 2,
  "հանգստացնում": 1,
  "Հանգստացնում": 2,
  "հանգստացրել": 2,
  "հանդարտեցմամբ": 2,
  "հանդարտեցման": 2,
  "հանդարտեցնել": 2,
  "հանդես": 2,
  "հանդիմանել": -2,
  "հանդիմանելու": -2,
  "հանդիմանեց": -2,
  "հանդիսավոր": -1,
  "հանդուգն": 2,
  "հանդուրժող": 2,
  "հանդուրժողականություն": 2,
  "հանելը": -3,
  "հանձնառություն": 2,
  "հանձնարարել": 1,
  "հանցագործ": -2,
  "հանցագործները": -2,
  "հանցագործություններ": -3,
  "հանցագործությունները": -2,
  "հանցանք": -2,
  "հանցանքի մեջ մեղադրել": -3,
  "հանցանքներ": -3,
  "հաշմանդամության": -1,
  "Հաշմանդամություն": -2,
  "հաշտեցնել": 2,
  "հաշտվել": 2,
  "հաջող": 3,
  "հաջողակ": 3,
  "հաջողությամբ": 3,
  "հաջողության հասնել": 3,
  "հաջողություն": 3,
  "հաջողվել": 3,
  "հաջողվում": 3,
  "հառաչել": -2,
  "հառաչեց": -2,
  "հասանելի": 1,
  "հասել է": 1,
  "հասնել": 1,
  "հասնելով": 1,
  "հասնում": 1,
  "հասուն": 2,
  "հաստատել": 2,
  "հաստատել է": 2,
  "հաստատում": 2,
  "հաստատում է": 2,
  "հաստատուն": 2,
  "հավակնել": -1,
  "ՀԱՎԱԿՆՈՒՄ": -1,
  "հավանություն": -2,
  "ՀԱՎԱՆՈՒԹՅՈՒՆ": -2,
  "հավանումները": 2,
  "հավասարակշռված": 1,
  "հավատ": 1,
  "հավատարիմ": 3,
  "հավատարմություն": 3,
  "հավատաքննություն": -2,
  "հավելագրումները": -2,
  "Հատկանշական": 2,
  "հարգանք": 2,
  "հարգարժան": 2,
  "հարգում": 2,
  "հարգված": 2,
  "հարդքոր": -4,
  "հարկադրել": -1,
  "հարկադրված": 1,
  "հարձակում": -1,
  "հարձակումները": -1,
  "հարձակվեցին": -1,
  "հարձակվում": -1,
  "հարմար": 2,
  "հարմարավետ": 2,
  "հարմարավետորեն": 2,
  "հարմարավետության": 2,
  "հարուստ": 2,
  "հարստահարում": -3,
  "հարստություն": 3,
  "հարված": -2,
  "հարվածել": -1,
  "հարց": 1,
  "հարցաքննության": -1,
  "հարցաքննվել": -2,
  "հարցեր": 1,
  "հափշտակել": 3,
  "հափշտակում": -2,
  "հափշտակված": 2,
  "հեգնական": -1,
  "հեգնանք": -1,
  "հեղեղել": -2,
  "հեշտ": 1,
  "հեռանկար": 1,
  "հեռանկարները": 1,
  "հետազոտումներ": 1,
  "հետահարում": -2,
  "հետաձգել": -1,
  "հետաձգումը": -1,
  "հետաձգվել": -1,
  "հետամնաց": -2,
  "հետամտել": 3,
  "հետապնդել": -1,
  "հետապնդում": -1,
  "հետապնդումները": -3,
  "հետապնդվում": -2,
  "հետաքրքիր": 2,
  "հետաքրքրական": 1,
  "հետաքրքրաշարժ": 3,
  "Հետաքրքրաշարժ": 2,
  "հետաքրքրասեր": 2,
  "հետաքրքրություն": 1,
  "Հետաքրքրությունները": 1,
  "հետեւանքները": -2,
  "հետզարգացում": -2,
  "հետընտրական տրավմատիկ": -2,
  "հետույք": -5,
  "հերոս": 2,
  "հերոսական": 3,
  "հերոսները": 2,
  "հերքելով": -2,
  "հերքեց": -2,
  "հերքողն": -2,
  "հերքում է": -2,
  "հզոր": 2,
  "հզորացումը": 2,
  "հիանալ": 3,
  "հիանալի": 4,
  "Հիանալի": 4,
  "հիանում": 3,
  "հիասթափեցնել": -2,
  "հիասթափեցնում": -2,
  "հիասթափություն": -2,
  "հիասթափված": -2,
  "հիասթափվել": -2,
  "հիացած": 3,
  "հիացական": 4,
  "հիացմունք": 2,
  "Հիբրիդ": -5,
  "հիմար": -1,
  "հիմարություն": 1,
  "հիմնահատակ": -2,
  "հիշարժան": 1,
  "հիսուս": 1,
  "հիստերիա": -3,
  "հիստերիկ": -3,
  "հիստերիկա": -3,
  "հիվանդ": -2,
  "հիվանդություն": -1,
  "հիվանդություններ": -1,
  "հմայիչ": 3,
  "հմայք": 3,
  "հյութալի": -1,
  "հյուծում": -2,
  "հնարամիտ": -2,
  "հնարավորություն": 2,
  "Հնարավորություններ": 2,
  "հնացած": -2,
  "հնչուն": 3,
  "հոգատար": 2,
  "հոգատարություն": 2,
  "հոգեվարքով": -3,
  "հոգնած": -2,
  "հոգնածություն": -2,
  "հոգնեցնել": -3,
  "հոգոց": -2,
  "հոգում": 2,
  "հոյակապ": 5,
  "հոռետես": -2,
  "հոռետեսություն": -2,
  "հոսպիտալացվել է": -2,
  "հովհար": 3,
  "հորդ": 4,
  "հորդորեց.": -2,
  "հորդորներից": -3,
  "հուզել": 3,
  "հուզիչ": 3,
  "հուզմունք": 3,
  "հուզումնալից": -2,
  "հուզված": 3,
  "հուղարկավորությունները": -1,
  "հում": -1,
  "հումոր": 2,
  "հույզերն": 3,
  "հույս": 2,
  "հույսերը": 2,
  "հուսադրող": 2,
  "հուսալի": 2,
  "հուսալիորեն": 2,
  "հուսալիություն": 2,
  "հուսալով,": 2,
  "հուսալքված": -2,
  "հուսախաբություններ": -2,
  "հուսահատ": -2,
  "հուսահատորեն": -3,
  "հուսահատություն": -2,
  "հուսահատվում": -3,
  "հուսով եմ,": 2,
  "Հուսով ենք, որ": 2,
  "հպատակեցնել": 3,
  "հպարտ": 2,
  "հպարտորեն": 2,
  "հռչակավոր": 3,
  "հսկայական": 1,
  "հստակություն": 2,
  "հրաժարական": -1,
  "հրաժարական է տվել": -1,
  "հրաժարվել": -1,
  "հրաժարվի": -2,
  "հրաժարվում": -2,
  "հրահրել": -1,
  "հրաձգություն": -2,
  "հրաշալի": 4,
  "հրաշալիքները": 3,
  "հրաշք": 4,
  "հրավիրել": 1,
  "հրատապ": -1,
  "հրեշ": -2,
  "հրճվում": 3,
  "ձախողակ": -2,
  "ձախողումները": -2,
  "ձախողված": -2,
  "ձախողվել": -2,
  "ձախողվեց": -2,
  "ձախողվի": -2,
  "ձանձրալի": -2,
  "Ձանձրացած": -2,
  "ձանձրացնել": -2,
  "ձանձրացող": -2,
  "ձանձրույթ": -2,
  "ձգձգել": -1,
  "ձգում": 1,
  "ձգտել": -2,
  "ձգտում": -1,
  "ձեռք է բերել": 2,
  "ձեռքբերումները": 2,
  "ձեվավոր": 2,
  "ձերբակալությունները": -2,
  "ձերբակալվել է": -2,
  "ձեւացնելով": -1,
  "ձոն": 2,
  "ղեկավարություն": 1,
  "ճակատագիր": -2,
  "ճակատագրական": -3,
  "ճակատագրականություն": -3,
  "ճանաչում": 2,
  "ճարպակալած": -1,
  "ճարտար": 2,
  "ճգնաժամ": -3,
  "ճիշտ": 2,
  "ճիշտ է": 2,
  "ճիշտ ուղղությամբ": 3,
  "ճնշել": -2,
  "ճնշող": -2,
  "ճնշում": -1,
  "ճնշումները": -2,
  "ճնշված": -2,
  "ճնշվում": -2,
  "ճչաց": -2,
  "ճչում": -2,
  "մահացել է": -3,
  "մահացու": -2,
  "մահեր": -2,
  "մահվան": -2,
  "մաղթանքները": 1,
  "մաղթելով": 1,
  "Մայրիկ": -5,
  "մանիպուլյացիա": -1,
  "մանկական": -2,
  "մանրացված": -2,
  "մաշված": -1,
  "մասնատված": -2,
  "մատչելի": 2,
  "մարդասիրություն": 2,
  "մարդասպան": -3,
  "մարդասպանություն": -2,
  "մարդկային": 2,
  "մարել": 2,
  "մարտական": -1,
  "Մարտական": -1,
  "մարտահրավեր": -1,
  "մարտերում": -1,
  "մարտնչեց": -1,
  "Մաքսազերծված": 1,
  "մաքսանենգ": -2,
  "մաքսանենգությամբ զբաղվել": -2,
  "մաքսանենգություն": -2,
  "մաքրել": 2,
  "մաքրում": 1,
  "մեդալ": 3,
  "մեթոդաբանորեն": 2,
  "մեթոդական": 2,
  "մելամաղձոտ լինել": -1,
  "Մելամաղձություն": -2,
  "մեծ": 3,
  "մեծահոգաբար": 2,
  "մեծահոգի": 2,
  "մեծարման": 2,
  "մեկ անգամ ողջ կյանքի ընթացքում": 3,
  "մեկը մյուսին շարունակելով ծհաջորդաբար երգել": -2,
  "մեկնարկել": 1,
  "մեկուսացված": -1,
  "մեղադրանք": -2,
  "մեղադրանքներ": -2,
  "մեղադրանքները": -2,
  "մեղադրել": -2,
  "մեղադրելով": -2,
  "մեղադրեց": -2,
  "մեղադրյալ": -2,
  "Մեղադրող կողմը": -1,
  "մեղադրում": -2,
  "մեղադրում է": -2,
  "մեղանչում": -1,
  "մեղավոր": -3,
  "մեղմ": 1,
  "մեղսակցություն": -3,
  "մեղք": -2,
  "մեղքերը": -2,
  "մենակ": -2,
  "մենաշնորհացնել": -2,
  "մենաշնորհել": -2,
  "մենաշնորհում": -2,
  "մեռած": -2,
  "մեռնել": -3,
  "մեռնող": -3,
  "մերժել": -1,
  "մերժել է": -1,
  "մերժելով": -1,
  "Մերժման": -2,
  "մերժում": -1,
  "մերժումները": -2,
  "մթություն": -1,
  "մի տեսակ": 0,
  "միամիտ": -2,
  "միայնակ": -2,
  "միանալ": 1,
  "միապաղաղություն": -1,
  "միասնական": 1,
  "մինետ": -3,
  "մինետ անալ": 2,
  "մինետ գեղեցիկ": 4,
  "մինետ Լավ": 4,
  "մինետ կատարյալ": 4,
  "մինետ սեր": 4,
  "մինետ սիրում": 4,
  "մինետ ֆանտաստիկ": 4,
  "մինետ, մեծ": 4,
  "միջակություն": -3,
  "միջավայրը բարեկամական": 2,
  "մխիթարական": 2,
  "մնում": -2,
  "Մշուշոտ": -1,
  "մշտադալար": 2,
  "մոլեռանդները": -2,
  "մոլորեցնել": -2,
  "մոլորեցնում": -3,
  "մոլություն": -2,
  "մոնոպոլիզացման": -2,
  "մոռանալ": -1,
  "մոռացել": -1,
  "մոռացել են": -1,
  "մոռացկոտ": -2,
  "մոտիվացիան": 1,
  "մորթ": -1,
  "մռայլ": -1,
  "մտածկոտ": -1,
  "մտահոգ": -2,
  "մտահոգիչ": -2,
  "մտահոգված": -2,
  "մտահոգված է": -3,
  "մտահոգվեք": -3,
  "մտերմություն": 2,
  "մրցանակ": 3,
  "մրցանակներ": 3,
  "մրցունակ": 2,
  "յետաձգել": -1,
  "յուրացում": -2,
  "յուրացրել": -2,
  "նազելի": 2,
  "նախադասություն": -2,
  "նախադասություններ": -2,
  "նախազգուշացնել": -2,
  "նախազգուշացումները": -3,
  "նախաձեռնող": 1,
  "նախանձ": -1,
  "նախանձելու": -1,
  "նախանձում": -1,
  "նահանջ": -1,
  "նեգր": -5,
  "նեղել": -1,
  "նետում": -3,
  "ներգրավման": 2,
  "ներգրավում": 1,
  "ներդաշնակ": 2,
  "ներդաշնակորեն": 2,
  "ներդաշնակություն": 2,
  "ներել": 1,
  "ներխուժում": -1,
  "ներշնչել": 2,
  "ներողամիտ": 1,
  "ներողություն": -1,
  "ներողություն է խնդրել": -1,
  "ներողություն խնդրել": -1,
  "ներում": 2,
  "ներում է շնորհել": 2,
  "ներումը": 2,
  "նկատելի": 2,
  "նկատողություն": -2,
  "նկատողությունները": -2,
  "նման": 2,
  "նյարդային": -2,
  "նյարդայնացած": -2,
  "նյարդայնացնում": -2,
  "նյարդերը": -1,
  "նշանակություն": 2,
  "նշմարվել": -1,
  "ՆՇՎՈՒՄ Է": -2,
  "նողկալի": -2,
  "նորարարական": 2,
  "նորարարություն": 1,
  "նորացնում": 1,
  "նուբ, Նորեկ, խամ": -2,
  "նուրբ": 3,
  "նպաստել": 2,
  "նպատակահարմար": 1,
  "նպատակասլաց": 2,
  "նսեմացնել": -2,
  "նսեմացրեց": -2,
  "նվազել": -1,
  "նվազեցված": -1,
  "նվազում": -1,
  "նվաստացած": -3,
  "նվեր": 2,
  "նվիրաբերել": 2,
  "նվիրաբերեց": 2,
  "նվիրական": 2,
  "նվիրատվություն": 2,
  "նվիրված": 3,
  "նվիրվածություն": 2,
  "նրբագեղ": 2,
  "շահ": 2,
  "շահագործել": -2,
  "շահագործում": -2,
  "շահագործվում": -2,
  "շահագրգռված": 2,
  "շահավետ": 2,
  "շահարկելով": -2,
  "շահարկում": -1,
  "շահեկանորեն": 2,
  "շահութաբեր": 3,
  "շահույթ": 2,
  "շահույթը": 2,
  "շանսերը": 2,
  "շանտաժ": -3,
  "շանտաժի են ենթարկում": -3,
  "շանտաժի ենթարկել": -3,
  "շանտաժի է ենթարկում": -3,
  "շեկո": -1,
  "շեղել": -2,
  "շեղում": -2,
  "շեշտ": -1,
  "շնորհ": 2,
  "շնորհակալ": 2,
  "շնորհակալություն": 2,
  "շնորհակալություն հայտնել": 2,
  "Շնորհավոր": 2,
  "շնորհավորանք": 2,
  "շնորհավորել": 2,
  "Շնորհավորում եմ": 2,
  "շնորհել": 1,
  "շնորհվել": 1,
  "շոկի մեջ": -2,
  "շուք": 3,
  "շռայլում": -2,
  "շրջափակում": -2,
  "շփոթել": -2,
  "շփոթեցնող": -2,
  "շփոթեցնում": -2,
  "շփոթություն": -2,
  "շփոթված": -2,
  "շքեղություն": 2,
  "ոգեշնչող": 2,
  "ոգեշնչում": 2,
  "ոգեշնչված": 2,
  "ոգեւորել": 2,
  "ոգեւորիչ": 3,
  "ոգեւորվում": 5,
  "ոգի": 1,
  "ոխակալ": -2,
  "ողբալ": -2,
  "ողբերգություն": -2,
  "ողբերգությունները": -2,
  "ողորմած": 3,
  "ողորմածություն": 2,
  "ողջախոհ": 2,
  "ողջոյն": 2,
  "ողջույն": 2,
  "ողջույնները": 2,
  "ողջունել": 2,
  "ողջունեց": 1,
  "ողջունում": 2,
  "ողջունում է": 2,
  "ոչ": -1,
  "ոչ լավ": -2,
  "ոչ հաստատված": -2,
  "ոչ պատշաճ": -2,
  "ոչ պիտանի": -2,
  "ոչ պրոֆեսիոնալ": -2,
  "ոչնչացնել": -2,
  "ոչնչացնելով": -3,
  "ոչնչացում": -3,
  "ոչնչացվել": -3,
  "ոսկի": 2,
  "ոտնահարել": -2,
  "Ոտնձգություն": -3,
  "որակ": 2,
  "որակազրկվել": -2,
  "որակները": 2,
  "որբացած": -2,
  "որոշակի": 1,
  "որոշում": 2,
  "ուզում ես": 1,
  "ուժ": 2,
  "ուժասպառ": -2,
  "ուժեղ": 2,
  "ուժեղացնել": 2,
  "Ուժեղացնում": 2,
  "ուղենիշ": 2,
  "ուղիղ": 1,
  "ունակությունները": 1,
  "ուշագրավ": 2,
  "ուշադիր": 2,
  "ուշանում է": -1,
  "ուշացնել": -2,
  "ուշացում": -1,
  "ուռուցք": -2,
  "ուսումնասիրություն": 1,
  "ուսուցանել": -2,
  "ուտելն": 2,
  "ուրախ": 3,
  "ուրախալի": 3,
  "ուրախանալ": 4,
  "ուրախացնել": 2,
  "ուրախությամբ": 3,
  "ուրախություն": 4,
  "ուրացող": -3,
  "ուրվական": -1,
  "չամրացված": -3,
  "չապահովվող": -2,
  "չար": -2,
  "չարաաշահել": -2,
  "չարաբաստիկ": -2,
  "չարագուշակ": 3,
  "չարաշահել": -2,
  "չարաշահելու": -3,
  "չարաշահեց": -2,
  "չարաշահում": -3,
  "չարաշահումներ": -3,
  "չարաշահվել": -2,
  "չարաչար": -2,
  "չարիք": -1,
  "չարությունը": -3,
  "չարչարված": -1,
  "չարչի": -3,
  "չափազանցել": -2,
  "չափազանցնում": -2,
  "չափազանցություն": -2,
  "չափազանցված": -2,
  "չափն անցնում": -2,
  "չբավարարված": -2,
  "չգերազանցված": 2,
  "չգիտեք": -1,
  "չգնահատված": -2,
  "չգործող": -2,
  "չեղարկվել է": -1,
  "չեղյալ": -1,
  "չեղյալ հայտարարել": -2,
  "չեմ նման": -2,
  "չեմպիոն": 2,
  "չեմպիոններ": 2,
  "չի աշխատում": -3,
  "չիրագործված": -2,
  "չլինեն": -2,
  "չկիրառվեն": -3,
  "չկրակել": -2,
  "չհամաձայնվել": -2,
  "չհաստատված": -1,
  "Չհավանած": -2,
  "չհավանել": -2,
  "չհավատալ": -2,
  "չհարգել": -2,
  "չհարգվեց": -2,
  "չմտածված": -2,
  "չսիրված": -2,
  "պախարակել": -2,
  "պախարակել Cute": 3,
  "պախարակել լավ": 4,
  "պակաս": -2,
  "պակասը": -2,
  "պակասություն": -2,
  "պահանջել": -1,
  "պահանջելով": -1,
  "պահանջեց": -1,
  "պահանջները": -1,
  "պահպանվում": -1,
  "պայծառ": 1,
  "պայծառություն": 1,
  "պայքար": -1,
  "պայքարեց": -2,
  "պայքարում": -2,
  "պաշտել": 3,
  "պաշտելի": 3,
  "պաշտպան": 2,
  "պաշտպանել": 1,
  "պաշտպանները": 2,
  "պաշտպանում": 2,
  "պաշտպանված": 1,
  "պասիվ": -1,
  "պատահաբար": -2,
  "պատահական": -2,
  "պատահարներ": -2,
  "պատասխանական": 2,
  "պատասխանատու": 2,
  "պատասխանատվություն": 1,
  "պատերազմ": -2,
  "պատժել": -2,
  "պատժելու": -2,
  "պատժիչ": -2,
  "պատժում": -2,
  "պատժվում": -2,
  "պատիվ": 2,
  "պատճառաբանելով": 2,
  "պատճառել": -2,
  "պատշաճորեն": 2,
  "պատուեց": 2,
  "պատուհասեց": -3,
  "պատուհասները": -3,
  "պատռված": -2,
  "պատրաստակամություն": 2,
  "պատրաստել": 1,
  "պատրվակ": -1,
  "պարադոքս": -1,
  "պարապուրդ": -2,
  "պարգեւատրում": 2,
  "պարգեւատրվել": 3,
  "պարզ": 1,
  "պարզաբանում": 2,
  "պարզեցնենք": -2,
  "պարզորեն": 1,
  "պարծենկոտ": -2,
  "պարոդիա": -2,
  "պարսավանք": -3,
  "պարտադիր": -1,
  "պարտադրված": -1,
  "պարտավորվելով": 1,
  "պարտավորվում": 1,
  "պարտված": -2,
  "պարտք": -2,
  "պինդ": 2,
  "պիտանի": 2,
  "Պլասիդո": 3,
  "պղծել": -2,
  "պղծելու": -2,
  "պղտոր": -2,
  "պնդում է": 1,
  "պոզիտիվ": 2,
  "պոռթկում": -2,
  "պոռնիկ": -4,
  "Պոռնո": -4,
  "պտղաբեր": 2,
  "պտուտակված": -2,
  "պտուտակված մինչեւ": -3,
  "պրոպագանդա": -2,
  "ջախջախիչ": -1,
  "ջերմ": 2,
  "ջերմեռանդ": 2,
  "ջերմությունն": 2,
  "ջինջ": 2,
  "ռասիզմը": -3,
  "ռասիստական": -3,
  "ռասիստները": -3,
  "ռեցեսիան": -2,
  "ռիսկ": -2,
  "ռիսկերը": -2,
  "ռոմանտիկ": 2,
  "սադոմազո": -2,
  "սադրում": -1,
  "սազել": 2,
  "սալյուտ": 2,
  "սահմանաչափերը": -1,
  "սահմանափակ": -1,
  "սահմանափակել": -2,
  "սահմանափակող": -1,
  "սահմանափակում": -1,
  "սահմանափակված": -2,
  "սահմանում": -1,
  "սայթաքել": -1,
  "սաստել": -3,
  "սաստկացման": -2,
  "սատարում": 2,
  "սարկաստիկ": -2,
  "սարսափ": -2,
  "սարսափած": -2,
  "սարսափելի": -2,
  "սարսափեցրել": -3,
  "սարսուռ": -2,
  "սգաց": -2,
  "սեր": 2,
  "Սեր": 3,
  "սեւահեր": -5,
  "սթափեցնող": 1,
  "սիրահարվածություն": 2,
  "սիրահետել": 3,
  "սիրառատ բարություն": 3,
  "սիրավեպ": 2,
  "սիրելի": 3,
  "սիրեց": 3,
  "սիրեցյալ": 2,
  "սիրող": 2,
  "սիրում": 3,
  "Սիրված": 2,
  "սիրվել": -2,
  "սխալ": -2,
  "սխալ են հասկանում": -2,
  "սխալ կարդալ": -1,
  "սխալ հասկանալ": -2,
  "սխալ տեղ դնել": -2,
  "սխալները": -2,
  "սխալվելով": -2,
  "սկանդալ": -3,
  "սկեպտիկ": -2,
  "սնանկ": -3,
  "սնանկություն": -3,
  "սով": -2,
  "Սով": -2,
  "սոված": -2,
  "սուգ": -2,
  "սուտ": -2,
  "սուր": -3,
  "Սպամ": -2,
  "սպանել": -3,
  "սպանելու": -2,
  "սպանության": -2,
  "սպանություն": -2,
  "սպանությունները": -2,
  "սպանվել է": -3,
  "սպառնալ": -2,
  "սպառնալից": -2,
  "սպառնալիք": -2,
  "սպառնալիքները": -2,
  "սպառնալիքներն": -2,
  "սպառնացել": -2,
  "սպառնում": -2,
  "սպասել": -1,
  "սպասում": 1,
  "սպասված": -1,
  "սպեկուլյանտ": -2,
  "սպեկուլյատիվ": -2,
  "սպի": -2,
  "սպիտակեցնել": -3,
  "ստախոս": -3,
  "ստախոսներ": -3,
  "ստացական հոլով": -2,
  "ստել": -2,
  "ստեղծագործական": 2,
  "ստերեոտիպ": -2,
  "ստորացնել": -2,
  "ստորացում": -3,
  "ստվերվի": -2,
  "ստրկություն": -3,
  "ստրուկ": -3,
  "ստրուկները": -3,
  "սրամիտ դիտողություն": 2,
  "սրել": -2,
  "սրում": -2,
  "սրվել": -2,
  "սրտաբեկ": -3,
  "սրտաճմլիկ": -2,
  "սրտնեղում": -2,
  "սփոփանք": 2,
  "սքանչելի": 3,
  "վալիդացված": 1,
  "վախ": -2,
  "վախենալով": -2,
  "վախեցած": -2,
  "վախեցնել": -2,
  "վախեցնելը": -2,
  "վախեցնում": -2,
  "վախկոտ": -1,
  "վայելել": 2,
  "վայելելով": 2,
  "վայելում": 2,
  "վանել": -1,
  "վանող": -2,
  "վառ": 2,
  "վաստակելով": 2,
  "վավերացման": 1,
  "վավերացնել": 1,
  "վավերացրել": 2,
  "վատ": -2,
  "վատ բախտ": -2,
  "Վատ չէ": 3,
  "վատագույն": -3,
  "վատանա": -3,
  "վատացել": -2,
  "վատացել է": -2,
  "վատացնում": -2,
  "վատթարանալ": -2,
  "վատթարացման": -2,
  "վատթարացնող": -2,
  "վատթարացում": -2,
  "վատծ կոպիտ վերաբերմունք": -2,
  "վատնելու": -2,
  "վատնում": -2,
  "վարակ": -2,
  "վարակել": -2,
  "վարակի": -2,
  "վարակիչ": -1,
  "վԱՐԱԿՆԵՐ": -2,
  "վարակում": -2,
  "վարակված": -2,
  "վարակվել": -2,
  "վարդ": 1,
  "վարկաբեկել": -2,
  "վարկաբեկված": -2,
  "վեճ": -1,
  "վեճերը": -2,
  "վեպ": 2,
  "վերադաս": 2,
  "վերականգնել": 1,
  "վերականգնելով": 1,
  "վերականգնում": 2,
  "վերականգնվել": 1,
  "վերակենդանացնել": 2,
  "վերապրողը": 2,
  "վերարտադրությանը": -2,
  "վերացնել": -1,
  "վերափոխել": 1,
  "վթար": -2,
  "վիճաբանական": -2,
  "վիճարկելով": -2,
  "վիճարկվել": -2,
  "վիճել": -1,
  "վիճելի": -2,
  "վիշտ": -2,
  "վիտամին": 1,
  "վիրավորական": -2,
  "վիրավորանք": -2,
  "վիրավորանքներ": -2,
  "վիրավորել": -2,
  "վիրավորելու": -2,
  "վիրավորիչ": -2,
  "վիրավորում": -2,
  "վիրավորված": -2,
  "վիրավորվածություն": -2,
  "վիրավորվել": -2,
  "վհատություն": -1,
  "վհատված": -2,
  "վճարել": -1,
  "վճռական": 2,
  "վնաս": -2,
  "վնասակար": -2,
  "վնասել": -2,
  "վնասելը": -3,
  "վնասելու": -2,
  "վնասները": -2,
  "վնասում": -2,
  "վնասված": -1,
  "Վնասված": -2,
  "վնասվածք": -2,
  "վնասվածքային": -3,
  "վնասվածքները": -2,
  "վնասվել": -3,
  "վշտալի": -2,
  "վշտալից": -2,
  "վշտահար": -2,
  "Վշտահար": -3,
  "վշտացնում": -2,
  "վստահ": 2,
  "վստահել": 2,
  "վստահեցրել է": 1,
  "վստահորեն": 2,
  "վստահություն": 2,
  "վստահում": 1,
  "վտանգ": -2,
  "վտանգավոր": -2,
  "վտանգավորության": -2,
  "վտարել": -1,
  "վտարում": -1,
  "վրացական": -2,
  "վրդովեցուցիչ": -2,
  "վրդովմունք": -2,
  "վրդովված": -2,
  "ՎՐԴՈՎՎԱԾ": -2,
  "վրդովվում": -3,
  "վրեժ": -2,
  "վրեժ առնել": -2,
  "վրեժխնդիր": -2,
  "վրէժխնդրութեան": -2,
  "վրիժառու": -2,
  "վրիպում": -1,
  "տագնապ": -2,
  "տաղանդ": 2,
  "տաղավար": -2,
  "տանջահար": -2,
  "տանջանքները": -4,
  "տանջվել": -3,
  "տանջվում": -3,
  "տառապանք": -2,
  "տատանվող": -2,
  "տարակուսած": -2,
  "տարաձայնություն": -2,
  "տարաձայնություններ": -2,
  "տարբերել": -2,
  "տարբերիչ": -2,
  "տարբերում": 2,
  "տարընթերցումներ": -2,
  "տարհանելու": -1,
  "տարհանում": -1,
  "տարհանվել": -1,
  "տարօրինակ": 1,
  "տաք": 1,
  "տաքություն": 2,
  "տգեղ": -3,
  "տգետ": -2,
  "տեգ": 2,
  "տեղահանելով": -2,
  "տեղահանումները": -2,
  "տեղավորել": 1,
  "տենդ": -2,
  "տեռոր": -3,
  "տեռորիստ": -2,
  "տեսակ": 0,
  "տեսլականները": 1,
  "տեսողություն": 1,
  "տիտրերում նշված չէ": -1,
  "տիրող": 1,
  "տխուր": -2,
  "տխրահռչակ": -2,
  "տխրել": -2,
  "տխրում": -2,
  "տկար": -2,
  "տհա՜ճ փաստ": -2,
  "տհաճ": -2,
  "տնքաց": -2,
  "տոգորված": -2,
  "տոկունություն": 2,
  "տոնախմբություն": 2,
  "տոնական": 2,
  "տոնել": 3,
  "Տոներ": 3,
  "տոնում": 3,
  "Տոպեր": 2,
  "տոտալիտար": -2,
  "տոտալիտարիզմ": -2,
  "տուգանել": -2,
  "տուգանվել է": -2,
  "տուգանք": 2,
  "տուգանքները": -2,
  "տուժել": -2,
  "տուժողի": -2,
  "Տուժողին": -2,
  "տուժում": -2,
  "տուրք": 2,
  "տուրքին": 3,
  "տպավորիչ": 3,
  "տպավորված": 3,
  "տպավորվել": 3,
  "տրամադրման": 1,
  "տրտմում": -2,
  "տրտում": -2,
  "ցածրորակ": -2,
  "ցան": -2,
  "ցանկալի": 2,
  "Ցանկացողները": 2,
  "ցանկություն": 1,
  "ցավ": -2,
  "ցավալի": -2,
  "ցավել": -2,
  "ցավոտ": -1,
  "ցինիզմ": -2,
  "ցինիկ": -2,
  "ցնծագին": 3,
  "ցնծաց": 4,
  "ցնծացող": 3,
  "ցնծում": 4,
  "ցնցող": 4,
  "ցնցում": -2,
  "ցնցումներ": -2,
  "ցույց": -1,
  "ցուցամոլ": 2,
  "ցուցարարները": -2,
  "ցրվածություն": -2,
  "փախուստ": -1,
  "փախչում": -1,
  "փակուղի": -2,
  "փակում": -2,
  "փայլուն": 4,
  "փայլփլուն պսպղուն": 3,
  "փայտացած": -1,
  "փայփայել": 2,
  "փայփայելով": 2,
  "փայփայում": 2,
  "փառասեր": 2,
  "փառավոր": 2,
  "փառք": 3,
  "Փառք": 2,
  "փլուզում": -2,
  "փլուզվել է": -2,
  "փշոտ": -2,
  "փշրել": -1,
  "փոխարինելով": 3,
  "փոշեհան": 2,
  "փորկապություն": -2,
  "փորվածք": 3,
  "փոքրացնել": -2,
  "փոքրոգի": -2,
  "Փչացած": -2,
  "փչացնելու": -2,
  "փչացնում": -3,
  "փռշտալ": -2,
  "փռշտաց": -2,
  "փռշտում": -2,
  "փսխել": -3,
  "փսխելը": -3,
  "փսխում": -3,
  "փտած": -3,
  "փրկել": 2,
  "փրկություն": 2,
  "փրկում": 2,
  "քած": -5,
  "քաղաքավարի": 2,
  "քաղաքավարություն": 2,
  "քաղցած": -2,
  "քաղցկեղ": -1,
  "քաղցր": 2,
  "քամահրէին": -2,
  "քայլել դուրս": -2,
  "քայքայել": -2,
  "քայքայելու": -2,
  "քայքայիչ": -2,
  "քանդել": 1,
  "Քանդված": -2,
  "քաշել": -1,
  "քաոս": -2,
  "քաոսային": -2,
  "քաջալերանք": 2,
  "քաջություն": 2,
  "քավության նոխազ": -2,
  "քափ": -3,
  "քիչ հավանական": -1,
  "քմահաճույք": -2,
  "քննադատ": -2,
  "քննադատել": -2,
  "քննադատելով": -2,
  "քննադատեց": -2,
  "քննադատները": -2,
  "քննադատություն": -2,
  "քննադատում": -3,
  "քննադատում է": -2,
  "քնքշություն": 2,
  "քնքուշ": 3,
  "քողարկել": -1,
  "քոր առաջացնող": -2,
  "քրեական": -3,
  "քրեական հանցագործություն": -3,
  "քրեականացնող": -2,
  "օգնելով": 2,
  "օգնություն": 2,
  "Օգնություն": 2,
  "օգնում": 2,
  "օգուտ": 2,
  "օգուտները": 2,
  "օգտակար": 2,
  "օգտակարությունը": 2,
  "օտարում": -2,
  "Օրենքներ": -2,
  "օրինական": 2,
  "օրիորդ": -2,
  "օրհնել": 2,
  "օրհնություն": 3,
  "օրհնություններ": 3,
  "օրհնում": 2,
  "ֆագոտ": -3,
  "ֆանատիկոս": -2,
  "ֆանտազյոր": 3,
  "ֆաշիստ": -2,
  "ֆաշիստների": -2,
  "ֆարս": -1,
  "ֆետիշ": -3,
  "ֆիասկո": -3,
  "ֆլագմանիծ հրամանատարի նավ": 2,
  "ֆորումում չէ": -1
}