{
  "aborts": -1,
  "absentees": -1,
  "absolves": 2,
  "absorbohet": 1,
  "absurditet": -2,
  "abuzimet": -3,
  "abuzimin": -3,
  "abuzuar": -3,
  "acaruar": -2,
  "adhurim": 3,
  "adhuroj": 3,
  "adhuronin": 3,
  "admiroj": 3,
  "admiron": 3,
  "admiruar": 3,
  "Adored": 3,
  "adores": 3,
  "adoring": 3,
  "adoringly": 3,
  "affectionateness": 3,
  "aficionados": 2,
  "afrohet": -1,
  "aftësi": 1,
  "aftësi të kufizuara": -2,
  "aftësitë": 2,
  "agoni": -3,
  "agonises": -3,
  "agresion": -2,
  "agresione": -2,
  "agresive": -2,
  "aksident": -2,
  "aksidental": -2,
  "aksidentet": -2,
  "aksionet": 1,
  "aktgjykime": -1,
  "aktiv": 1,
  "akuzat": -2,
  "akuzë": -2,
  "akuzim": -2,
  "akuzon": -2,
  "akuzuar": -2,
  "alarm": -2,
  "alarmuar": -2,
  "aleat": 2,
  "alergjik": -2,
  "altruist": 2,
  "amazes": 2,
  "ambicioz": 2,
  "ambivalent": -1,
  "analfabetizëm": -2,
  "angari": -2,
  "angazhim": 2,
  "angazhohet": 1,
  "angazhoj": 1,
  "Angers": -3,
  "ankese": -2,
  "ankim": -2,
  "ankohem": -2,
  "ankohet": -2,
  "ankth": -2,
  "ankua": -2,
  "ankuar": -2,
  "annoys": -2,
  "antagonist": -2,
  "anti": -1,
  "antipati": -2,
  "antishkencor": -2,
  "anuloj": -1,
  "anulon": -1,
  "anuluar": -1,
  "apati": -3,
  "apatik": -3,
  "apeshit": -3,
  "apokaliptike": -2,
  "apologji": -1,
  "ar": 2,
  "argëtim": 4,
  "arketimit në": -2,
  "armë": -1,
  "armik": -2,
  "armiqësi": -2,
  "armiqësor": -2,
  "armiqtë": -2,
  "arra": -3,
  "arrest": -2,
  "arrestime": -2,
  "arrestuar": -3,
  "arrij": 1,
  "arrin": 1,
  "arritje": 2,
  "arritjet": 2,
  "arritur": 1,
  "arrogant": -2,
  "arsehole": -4,
  "asetet": 2,
  "asfiksim": -2,
  "ashpër": -2,
  "assfucking": -4,
  "astounded": 3,
  "astoundingly": 3,
  "astounds": 3,
  "atmosferë": 1,
  "attractively": 2,
  "autorët": -2,
  "autoritet": 1,
  "avantazh": 2,
  "avantazhuar": 2,
  "Avengers": -2,
  "aventurat": 2,
  "aventurë": 2,
  "Aventurier": 2,
  "axed": -1,
  "babaxhan": 2,
  "badass": -3,
  "bailout": -2,
  "balancuar": 1,
  "ballë": 1,
  "bamboozled": -2,
  "bamboozles": -2,
  "bamirës": 2,
  "bankster": -3,
  "barbar": -2,
  "barra": -2,
  "barrë": -2,
  "bashkëpunojnë": -3,
  "bashkohet": 1,
  "bastard": -5,
  "bastards": -5,
  "batakçiu": -3,
  "beatific": 3,
  "befasues": 5,
  "bëj për vete": 2,
  "bëj pohime të rreme": -3,
  "bekim": 3,
  "bekimet": 3,
  "bekoj": 2,
  "bekon": 2,
  "bën përshtypje": -2,
  "bërëup": -1,
  "bereaves": -2,
  "bërtas": -2,
  "bërtiti": -2,
  "bërtitur": -2,
  "besim": 2,
  "besnik": 3,
  "besnikëri": 3,
  "beson": 1,
  "besuar": 2,
  "betejat": -1,
  "betejë": -2,
  "betohem": -2,
  "betohet": -2,
  "bezdi": -2,
  "bezdis": -2,
  "bie": -2,
  "bie dakord": 1,
  "bie në qafë": -3,
  "bind": 1,
  "bindur": -1,
  "birrë e fortë": 2,
  "bisedime": -1,
  "bitches": -5,
  "bizhuteritë": 1,
  "bllok": -1,
  "bllokadë": -2,
  "bllokim": -1,
  "bllokuar": -2,
  "blloqe": -1,
  "blockbuster": 3,
  "blurry": -2,
  "bojkotet": -2,
  "bojkotim": -2,
  "bojkotuan": -2,
  "bojkotuar": -2,
  "bombë": -1,
  "borxh": -2,
  "bosh": -1,
  "bothered": -2,
  "braktis": -2,
  "braktisur": -2,
  "bravura": 3,
  "brilliances": 3,
  "britmat": -2,
  "brohorit": 2,
  "brohoritën": 2,
  "brohoritje": 2,
  "brooding": -2,
  "brutal": -3,
  "brutalisht": -3,
  "bruto": -2,
  "budalla": -2,
  "budallenj": -2,
  "bujar": 2,
  "bujarisht": 2,
  "bujë": -2,
  "bukur": 3,
  "bukuri": 3,
  "bukuritë": 3,
  "bukuroshe": 3,
  "burg": -2,
  "burgim": -2,
  "burgosurit": -2,
  "butësi": 2,
  "buzëqesh": 2,
  "buzëqeshi": 2,
  "buzëqeshje": 2,
  "bythëqirë": -3,
  "çaj": -2,
  "cënohet": 2,
  "censor": -2,
  "censorët": -2,
  "censuruar": -2,
  "çështje": 1,
  "çështje gjyqësore": -1,
  "chagrined": -2,
  "charmingly": 3,
  "charmless": -3,
  "chastising": -3,
  "cheater": -3,
  "cheaters": -3,
  "cheating": -3,
  "cheats": -3,
  "cilësi": 2,
  "cilësitë": 2,
  "cilit i mungon guximi": -2,
  "cinik": -2,
  "cinizëm": -2,
  "çlodhës": 2,
  "çmend": -2,
  "çmenduri": -2,
  "çmendurit": -3,
  "çmime": 3,
  "çnjerëzoj": -2,
  "çnjerëzon": -2,
  "çnjerëzor": -2,
  "çnjerëzuan": -2,
  "cocksucker": -5,
  "cocksuckers": -5,
  "comforts": 2,
  "conciliated": 2,
  "conciliates": 2,
  "contagions": -2,
  "contaminates": -2,
  "controversially": -2,
  "çorienton": -3,
  "çorientuar": -2,
  "courageousness": 2,
  "coziness": 2,
  "crazier": -2,
  "craziest": -2,
  "criminates": -3,
  "çrregullim": -2,
  "çrregullime": -2,
  "çrregulloj": -2,
  "crushes": -1,
  "çudit": 2,
  "cuditerisht": -1,
  "dakord": 1,
  "damn mirë": 4,
  "Damnit": -4,
  "daredevil": 2,
  "dash i kurbanit": -2,
  "dashamirës": 2,
  "dashamirësia": 3,
  "dashur": 3,
  "dashuri": 2,
  "dashuri ndyrë": 4,
  "dashuron": 3,
  "deadening": -2,
  "dëbim": -2,
  "dëbimet": -2,
  "dëbimin": -2,
  "dëboj": -2,
  "dëbuar": -2,
  "dede": -2,
  "dedikim": 2,
  "dedikuar": 2,
  "defekt": -3,
  "defekte": -3,
  "deficit": -2,
  "deformime": -2,
  "deformuara": -2,
  "dëfrim": 3,
  "degradon": -2,
  "dehur": -2,
  "dejecting": -2,
  "dejects": -2,
  "deklaratë": -2,
  "dekurajuar": -2,
  "delightfully": 3,
  "delighting": 3,
  "dëm": -3,
  "dembel": -1,
  "dëmet": -3,
  "demonstrim": -1,
  "demoralizoj": -2,
  "demoralizon": -2,
  "demoralizuar": -2,
  "demoralizuese": -2,
  "dëmshme": -3,
  "dëmtim": -2,
  "Dëmtimi": -2,
  "dëmton": -2,
  "dëmtuar": -2,
  "dëngla": -4,
  "dënglamadh": -3,
  "denier": -2,
  "dënim": -2,
  "dënimit": -2,
  "dënohet": -2,
  "dënoj": -3,
  "dënon": -2,
  "denoncojë": -2,
  "denoncon": -2,
  "dënuar": -3,
  "depersonalizuese": -2,
  "deporton": -2,
  "deportuar": -2,
  "dëshirat": 1,
  "deshire": 1,
  "dëshirë": 1,
  "dëshirë e madhe": -1,
  "dëshirë e zjarrtë": 1,
  "dëshirojnë": 1,
  "dëshiruar": 2,
  "dëshmi e rreme": -3,
  "dëshpërim": -3,
  "dëshpërimisht": -3,
  "dëshpëruar": -3,
  "dështak": -3,
  "dështim": -2,
  "dështimet": -2,
  "dështoj": -2,
  "Despairs": -3,
  "detracted": -1,
  "detyroj": -2,
  "detyruar": 1,
  "devijues": -1,
  "dezinformuar": -2,
  "dha dorëheqjen": -1,
  "dhemb": -2,
  "dhembshur": 3,
  "dhembshuri": 2,
  "dhënë": 1,
  "dhënia": 1,
  "dhënie": 3,
  "dhënie e titullit të kalorësit": 2,
  "dhimbje": -2,
  "dhimbje koke": -2,
  "Dhunalidhur": -3,
  "dhunë": -3,
  "dhuratë": 2,
  "dhuratë nga perëndia": 4,
  "dhurim": 2,
  "dhuroj": 2,
  "dhuron": 2,
  "dhuruar": 2,
  "diamant": 1,
  "dickhead": -4,
  "dilemë": -1,
  "dilligence": 2,
  "dinak": 2,
  "dinakëri": -2,
  "dinjitet": 2,
  "dipshit": -3,
  "dirtier": -2,
  "dirtiest": -2,
  "disa": 1,
  "disa lloje": 0,
  "disapprovals": -2,
  "discards": -1,
  "disconsolation": -2,
  "disfatë": -2,
  "disguises": -1,
  "disheartened": -2,
  "diskredituar": -2,
  "diskriminoj": -2,
  "diskriminon": -2,
  "diskriminuar": -2,
  "diskriminues": -2,
  "diskutim": -2,
  "distracts": -2,
  "dithering": -2,
  "djaliinjekurvë": -5,
  "djallëzor": -2,
  "dobësi": -2,
  "dobësuar": -2,
  "dobet": -2,
  "dobia": 2,
  "dobishme": 2,
  "dodging": -2,
  "doli nga shinat": -2,
  "dont like": -2,
  "dorëheqjen": -1,
  "Dorëzimi": -1,
  "douchebag": -3,
  "Dovner": -2,
  "downhearted": -2,
  "downside": -2,
  "dreaded": -2,
  "dredhuar": -3,
  "drejt": 1,
  "drejtësi": 2,
  "drejtimin e duhur": 3,
  "dridhje": -2,
  "dritëshkurtër": -2,
  "droopy": -2,
  "drowns": -2,
  "druheni": -2,
  "dua": 1,
  "duartrokas": 2,
  "duartrokisnin": 2,
  "duartrokitje": 2,
  "duartrokitur": 2,
  "duke arritur": 1,
  "duke e akuzuar": -2,
  "duke fajësuar": -2,
  "duke fituar": 2,
  "duke luftuar": -2,
  "duke ndihmuar": 2,
  "duke shfrytëzuar": -2,
  "duke shpresuar": 2,
  "duke siguruar": 1,
  "dumbass": -3,
  "dupery": -2,
  "durim": 1,
  "dush": -3,
  "dyshim": -2,
  "dyshime": -1,
  "dyshuar": -1,
  "dyshues": -1,
  "e bukur": 3,
  "e cuditshme": -2,
  "e embel": 2,
  "e infektuar": -2,
  "e kënaqshme": 2,
  "e keqe": -3,
  "e korruptuar": -3,
  "e metë": -2,
  "e mrekullueshme": 4,
  "e ngarkuar": -3,
  "e padobishme": -2,
  "e padrejte": -2,
  "e qarë": -2,
  "e shiti": -2,
  "e shurdhër": -2,
  "e suksesshme": 3,
  "edukatë": 2,
  "edukuar": 2,
  "efekte anesore": -2,
  "Efektet anësore": -2,
  "efektive": 2,
  "effortlessly": 2,
  "efikasitet": 2,
  "egoist": -3,
  "egoizëm": -3,
  "eksitim": 3,
  "eksplorim": 1,
  "eksplorimet": 1,
  "ekspozuar": -1,
  "ekstremist": -2,
  "ekstremistët": -2,
  "ekzagjeroj": -2,
  "ekzagjeron": -2,
  "ekzagjeruar": -2,
  "elegant": 2,
  "elegante": 2,
  "embarrasses": -2,
  "ëmbël": 3,
  "emër i mirë": 3,
  "emocionuese": 3,
  "ëndërr": 1,
  "ëndrrat": 1,
  "energji": 3,
  "energjik": 2,
  "engrossed": 1,
  "enrages": -2,
  "enraging": -2,
  "entuziast": 3,
  "envies": -1,
  "epror": 2,
  "erë e keqe": -2,
  "errësirë": -1,
  "errët": -2,
  "ethe": -2,
  "etik": 2,
  "etur": 2,
  "eufori": 3,
  "euforike": 4,
  "evakuimin": -1,
  "evergreening": -3,
  "evergreens": 2,
  "evitoj": -1,
  "exasparate": -2,
  "exasperates": -2,
  "excruciatingly": -1,
  "exhilarates": 3,
  "exhilarating": 3,
  "exonerates": 2,
  "exonerating": 2,
  "exultantly": 3,
  "fabulously": 4,
  "faj": -2,
  "fajëson": -2,
  "fajësuar": -2,
  "fajtor": -3,
  "fakes": -3,
  "fal": 1,
  "falas": 1,
  "Faleminderit": 2,
  "falenderim": 2,
  "falënderues": 2,
  "falimentim": -3,
  "falje": 2,
  "faljes": 2,
  "falsifikuar": -3,
  "falso": -3,
  "falur": 2,
  "famë": 2,
  "famëkeq": -2,
  "fanatik": -2,
  "fanatikë": -2,
  "fanitet": -1,
  "fantastik": 4,
  "fantazmë": -1,
  "farsë": -1,
  "fashist": -2,
  "fashistë": -2,
  "fat": 3,
  "fat i keq": -2,
  "fatal": -3,
  "fatalitet": -3,
  "fatigues": -2,
  "fatkeq": -2,
  "fatkeqësi": -2,
  "fatkeqësitë": -2,
  "faull": -3,
  "favor": 2,
  "favore": 2,
  "favorited": 2,
  "favorshëm": 2,
  "favourited": 2,
  "fëminor": -2,
  "ferr": -4,
  "festim": 3,
  "festimet": 3,
  "festiv": 2,
  "festoj": 3,
  "feston": 3,
  "festuar": 3,
  "fiasko": -3,
  "fiksuar": 2,
  "filantropi": 2,
  "fisnik": 2,
  "fisnike": 2,
  "fitim": 2,
  "fitimet": 2,
  "fitimprurës": 3,
  "fitimtar": 4,
  "fitimtarë": 3,
  "fitoi": 3,
  "fiton": 4,
  "fitore": 4,
  "fitoret": 3,
  "fitues": 4,
  "fjali": -2,
  "flakta": 2,
  "flops": -2,
  "fokusuar": 2,
  "forcë": 2,
  "forcim": 2,
  "forcohet": 2,
  "forcoi": 2,
  "forcoj": 2,
  "forcon": 2,
  "foreclosure": -2,
  "Foreclosures": -2,
  "fortë": 2,
  "fraudster": -4,
  "fraudsters": -4,
  "frenimi": -2,
  "freskuese": 3,
  "frika": -2,
  "frikacak": -2,
  "frikë": -2,
  "frikësim": -2,
  "frikësoj": -2,
  "frikëson": -2,
  "frikësuar": -2,
  "frikësues": -3,
  "frikësuese": -2,
  "frikin": -2,
  "frikshëm": -2,
  "frowning": -1,
  "frustron": -2,
  "frustruese": -2,
  "frymëzim": 2,
  "frymëzoj": 2,
  "frymëzon": 2,
  "frymëzues": 3,
  "fsheh": -1,
  "fshehje": -1,
  "fshehtësinë": -1,
  "fshehur": -1,
  "fshi": -1,
  "ftoj": 1,
  "ftw": 3,
  "fucked": -4,
  "fucker": -4,
  "fuckers": -4,
  "fuckface": -4,
  "fuckhead": -4,
  "fuckin": -4,
  "fucktard": -4,
  "FUD": -3,
  "fuked": -4,
  "fuking": -4,
  "fuming": -2,
  "funeral": -1,
  "funeralet": -1,
  "funnier": 4,
  "fuqizimi": 2,
  "fuqizojë": 2,
  "furi": -3,
  "fyen": -2,
  "fyer": -1,
  "fyerje": -2,
  "fyerjet": -2,
  "fyes": -2,
  "gabim": -2,
  "gabime": -2,
  "gabimisht": -2,
  "gaboj": -2,
  "gabuara": -2,
  "gagged": -2,
  "gallantly": 3,
  "game ndryshim": 3,
  "garanci": 1,
  "gati": -2,
  "gatishmëri": 2,
  "gazmor": 2,
  "gëlltitet": -2,
  "gënjej": -2,
  "gënjeshtar": -3,
  "gënjeshtarët": -3,
  "gënjyer": -2,
  "gërryes": -2,
  "gëzim": 3,
  "gëzohem": 4,
  "gëzohet": 4,
  "gëzojnë": 2,
  "Gezuar": 3,
  "gëzuar": 4,
  "gjallë": 2,
  "gjallërisht": 2,
  "gjë e pakëndshme": -2,
  "gjë e shëmtuar": -2,
  "gjë e turpshme": -2,
  "gjë pa vlerë": -2,
  "gjel": -5,
  "gjembaç": -2,
  "gjendje histerike": -3,
  "gjithëpërfshirës": 2,
  "gjobat": -2,
  "gjobë": 2,
  "gjuaj": -1,
  "gjurmë": -2,
  "goddamn": -3,
  "goditje": -2,
  "goditje me thikë": -2,
  "goditjet": -2,
  "gomar": -4,
  "goodlooking": 3,
  "goofiness": -2,
  "goxha": 1,
  "gr8": 3,
  "grabitës": -2,
  "grabitje": -2,
  "grabitqar": -2,
  "grantet": 1,
  "green larëse": -3,
  "greenwash": -3,
  "greenwasher": -3,
  "greenwashers": -3,
  "greenwashing": -3,
  "grevat": -1,
  "grevë": -1,
  "grevë e paralajmëruar": -2,
  "gri": -1,
  "grindavec": -2,
  "grindur": -2,
  "grip": -2,
  "grumbull mbeturinash": -1,
  "grumbullim": -1,
  "grumbullohem": -1,
  "gur i çmuar": 3,
  "guxim": 2,
  "guximtar": 2,
  "ha": 2,
  "habitur": -2,
  "hacked": -1,
  "haha": 3,
  "hahaha": 3,
  "hahahah": 3,
  "hajdut": -2,
  "hak": -2,
  "hakmarrës": -2,
  "hakmarrje": -2,
  "hakmerret": -2,
  "haplessness": -2,
  "haraç": 2,
  "hardier": 2,
  "hare": 3,
  "harmoni": 2,
  "harmonike": 2,
  "harraq": -2,
  "harried": -2,
  "harroj": -1,
  "harruar": -1,
  "harxhim": -2,
  "haters": -3,
  "Haunts": -1,
  "hedh në gjyq": -2,
  "hedh poshtë": -1,
  "Hedhur": -2,
  "hehe": 2,
  "helm": -2,
  "helmet": -2,
  "heq": 1,
  "heq dorë nga": -1,
  "heqje": -3,
  "hero": 2,
  "heroik": 3,
  "heronj": 2,
  "hezitim": -1,
  "hezitoj": -2,
  "hidhërim": -2,
  "hidhëroj": -2,
  "hidhëruar": -2,
  "hidhur": -2,
  "hidhura": -2,
  "hipokrit": -2,
  "hir": 1,
  "histeri": -3,
  "histerike": -3,
  "hov": -3,
  "hugs": 2,
  "huliganë": -2,
  "huliganizëm": -2,
  "humb": -3,
  "humbas": -2,
  "humbje": -3,
  "Humbje": -1,
  "humbur": -2,
  "humerous": 3,
  "humor": 2,
  "hundëgjatë": -4,
  "i acaruar": -2,
  "i adhurueshëm": 3,
  "i aftë": 1,
  "i akuzuar": -2,
  "i anshëm": -2,
  "i arritshëm": 1,
  "i ashpër": -2,
  "i bashkuar": 1,
  "i begatë": 3,
  "i besueshëm": 2,
  "i bezdisshëm": -2,
  "i bindur": 1,
  "i bllokuar": -1,
  "i bollshëm": 4,
  "i braktisur": -2,
  "i brengosur": -2,
  "i burgosur": -2,
  "i butë": 1,
  "i çalë": -2,
  "i çinteresuar": -2,
  "i çmendur": -3,
  "i çorganizuar": -2,
  "i çuditshëm": 1,
  "i dashur": 3,
  "i dashuruar": 2,
  "i degraduar": -2,
  "i dehur": -3,
  "i dëmshëm": -2,
  "i dëmtuar": -2,
  "i denjë": 2,
  "i dënuar": -2,
  "i dërrmuar": -2,
  "i dëshirueshëm": 2,
  "i dëshpëruar": -2,
  "i dështuar": -2,
  "i detyruar": -2,
  "i detyrueshëm": -1,
  "i devotshëm": 2,
  "i dhimbshëm": -2,
  "i dhunshëm": -3,
  "i diskutueshëm": -2,
  "i dobët": -2,
  "i dobishëm": 2,
  "i dredhur": -2,
  "i drejtë": 2,
  "i drenazhuar": -2,
  "i dukshëm": 2,
  "i dyshimtë": -2,
  "i dyshuar": -1,
  "i egër": -3,
  "i egërsuar": -2,
  "i errët": -2,
  "i etur": 2,
  "i falimentuar": -3,
  "i falur": 2,
  "i famshëm": 2,
  "i favorizuar": 2,
  "i favorshëm": 2,
  "i fituar": 2,
  "i fortë": 2,
  "i freskët": 1,
  "i frikësuar": -2,
  "i frikshëm": -3,
  "i frymezuar": 2,
  "i fryrë": -1,
  "i ftohtë": 1,
  "i fuqishëm": 2,
  "i furishëm": -3,
  "i gabuar": -2,
  "i gëzuar": 2,
  "i gëzueshëm": 3,
  "i gjallë": 2,
  "i gjerë": 1,
  "i gjorë": -2,
  "i goditur": -1,
  "i grimcuar": -2,
  "i guximshëm": 2,
  "i habitur": 2,
  "i hareshëm": 3,
  "i harmonishëm": 2,
  "i harrueshëm": -1,
  "i helmuar": -2,
  "i heq": -1,
  "i hidhur": -3,
  "i hipnotizuar": 3,
  "i hollë": 3,
  "i humbur": -3,
  "i hutuar": -2,
  "i infektuar": -2,
  "i interesuar": 2,
  "i irrituar": -2,
  "i izoluar": -1,
  "i kalbur": -3,
  "i kam hije": 2,
  "i kënaqur": 2,
  "i këndshëm": 2,
  "i keq": -2,
  "i kërcënuar": -2,
  "i këshillueshëm": 1,
  "i kobshëm": -2,
  "i konsiderueshëm": 1,
  "i korruptuar": -3,
  "i kotë": -2,
  "i kudogjendur": 2,
  "i kufizuar": -2,
  "i kujdesshëm": 2,
  "i kushtueshëm": -2,
  "i lavdishëm": 2,
  "i lehtë": 1,
  "i lëmuar": 2,
  "i lënduar": -1,
  "i lëngshëm": -2,
  "i lezetshëm": 3,
  "i lig": -2,
  "i ligjshëm": 2,
  "i lirë": -3,
  "i lodhët": -3,
  "i lodhur": -3,
  "i lumtur": 1,
  "i madh": 3,
  "i mallkuar": -4,
  "i mangët": -2,
  "i mashtruar": -3,
  "i mbijetuar": 2,
  "i mbushur me morra": -2,
  "i mbytur": -2,
  "i mërzitshëm": -2,
  "i mërzitur": -2,
  "i mëshirshëm": 2,
  "i metë": -3,
  "i miratuar": 2,
  "i mirë": 3,
  "i mirëpritur": 2,
  "i mjerë": -3,
  "i mohoj": -2,
  "i mpirë": -1,
  "i mprehtë": 1,
  "i mrekullueshëm": 3,
  "i mundur": -2,
  "i mutit": -3,
  "i ndaluar": -2,
  "i ndërlikuar": -2,
  "i ndërprerë": -1,
  "i nderuar": 2,
  "i ndjeshëm": 2,
  "i ndotur": -2,
  "i ndritshëm": 1,
  "i ndruajtur": -2,
  "i ndyrë": -3,
  "i ndyrë i madh": 4,
  "i neveritshëm": -3,
  "i nevrikosshëm": -3,
  "i nevrikosur": -1,
  "i ngacmuar": 3,
  "i ngadalshëm": -2,
  "i ngadaltë": -2,
  "i ngatërruar": -2,
  "i ngazëllyer": 4,
  "i ngopur përçmon huallin": -3,
  "i ngrohtë": 1,
  "i njerëzishëm": 2,
  "i njohur": 3,
  "i njomë": -1,
  "i nxituar": -2,
  "i ofenduar": -2,
  "i paaftë": -2,
  "i paaftë të paguajë": -2,
  "i paanshëm": 2,
  "i paaprovuar": -2,
  "i paarritshëm": 2,
  "i pabarabartë": -1,
  "i pabesueshëm": -1,
  "i padashur": -2,
  "i padenjë": -2,
  "i padëshiruar": -2,
  "i padëshirueshëm": -2,
  "i padisponueshëm": -1,
  "i padobishëm": -2,
  "i padrejtë": -2,
  "i paduruar": -2,
  "i padurueshëm": -2,
  "i paedukuar": -2,
  "i paefektshëm": -2,
  "i paepur": -3,
  "i pafalshëm": -3,
  "i pafavorshëm": -2,
  "i pafrytshëm": -2,
  "i pafuqi": -2,
  "i pagjind": -2,
  "i paharrueshëm": 1,
  "i pahijshëm": -2,
  "i pajetë": -1,
  "i pakënaqur": -2,
  "i pakëndshëm": -2,
  "i pakrahasueshëm": 1,
  "i pakthyeshëm": -1,
  "i pakujdesshëm": -2,
  "i pakujdesur": -2,
  "i pakuptueshëm": -2,
  "i palëkundur": 2,
  "i palezetshëm": -2,
  "i paligjshëm": -3,
  "i palogjikshëm": -2,
  "i pamatur": -2,
  "i pambrojtur": -2,
  "i pamend": -2,
  "i pamëshirshëm": -1,
  "i pamjaftueshëm": -2,
  "i pandershëm": -2,
  "i pandjeshëm": -2,
  "i pandreqshëm": -2,
  "i papajtueshëm": -2,
  "i papastër": -2,
  "i papëlqyeshëm": -2,
  "i papërdorshëm": -2,
  "i papërgjegjshëm": -2,
  "i papërmbajtshëm": 2,
  "i papërpunuar": -1,
  "i papërshtatshëm": -2,
  "i papjekur": -2,
  "i paplotë": -1,
  "i paplotësuar": -2,
  "i papranueshëm": -2,
  "i paprekshëm": 2,
  "i paprekur": 2,
  "i papunë": -1,
  "i paqartë": -1,
  "i paqëndrueshëm": -2,
  "i parehatshëm": -2,
  "i parëndësishëm": -2,
  "i pashëm": 3,
  "i pashije": -2,
  "i pashitur": -1,
  "i pashkaktuar": -2,
  "i pashkatërrueshëm": 2,
  "i pashpirt": -2,
  "i pashpresë": -2,
  "i pasigurt": -1,
  "i pasigurt në vetvete": -2,
  "i pasionuar": 2,
  "i pastër": 1,
  "i pastrehë": -2,
  "i pasuksesshëm": -2,
  "i pasur": 2,
  "i patrembur": 2,
  "i pavdekshëm": 2,
  "i pavendosur": -2,
  "i pavërtetuar": -1,
  "i pavetëdijshëm": -2,
  "i pavlefshëm": -2,
  "i pavlerësuar": -2,
  "i pëlqyeshëm": 2,
  "i penduar": -2,
  "i përflakur": -2,
  "i përgatitur": 1,
  "i përgjakshëm": -3,
  "i përhumbur": -2,
  "i përjashtuar": -2,
  "i përkrahur": 3,
  "i përkryer": 3,
  "i përmalluar për shtëpi": -2,
  "i përmirësuar": 2,
  "i përparuar": 1,
  "i përshtatshëm": 2,
  "i përsosur": 2,
  "i përulur": 1,
  "i përvëluar": 2,
  "i përzemërt": 2,
  "i pështirë": -2,
  "i pikëlluar": -1,
  "i pjekur": 2,
  "i plagosur": -2,
  "i poshtër": -2,
  "i pranuar": 1,
  "i pranueshëm": 1,
  "i preferuar": 2,
  "i prekshëm": -2,
  "i prekur": -1,
  "i prishur": -2,
  "i pushtuar": 5,
  "i pushuar": -2,
  "i qejfit": 2,
  "i qelbur": -2,
  "i qëllimshëm": 2,
  "i qëndrueshëm": 2,
  "i qeshur": 3,
  "i qetë": 2,
  "i qetëson": 2,
  "i qetësuar": 2,
  "i rafinuar": 1,
  "i rastësishëm": -2,
  "i rehatshëm": 2,
  "i rëndë": -2,
  "i rëndësishëm": 1,
  "i rënë": -2,
  "i rënë në dashuri": 2,
  "i rrahur": -2,
  "i rraskapitur": -2,
  "i rremë": -1,
  "i rreptë": 3,
  "i rrezikshëm": -2,
  "i sëmurë": -2,
  "i sertë": -2,
  "i shëmtuar": -3,
  "i shëndetshëm": 2,
  "i shfrytëzuar": -2,
  "i shijshëm": 3,
  "i shkatërruar": -2,
  "i shkathët": 2,
  "i shkelqyer": 3,
  "i shkëlqyer": 4,
  "i shkëlqyeshëm": 2,
  "i shkelur": -3,
  "i shkolluar": 2,
  "i shkrifët": -2,
  "i shkujdesur": -2,
  "i shokuar": 2,
  "i shpejtë": 2,
  "i shpëtuar": 2,
  "i shqetesuar": -3,
  "i shqetësuar": -2,
  "i shquar": 5,
  "i shqyer": -2,
  "i shtrembëruar": -2,
  "i shtypur me klishe": -2,
  "i siguron": 2,
  "i sigurt": 2,
  "i sigurt në vetvete": 2,
  "i simuluar": -2,
  "i sinqertë": 2,
  "i sjellshëm": 2,
  "i skllavëruar": -2,
  "i sofistikuar": 2,
  "i spikatur": 1,
  "i stilit të lartë": 3,
  "i tensionuar": -2,
  "i tepruar": -2,
  "i tërbuar": -1,
  "i thjeshtë": -2,
  "i thyer": -1,
  "i tmerrshëm": -3,
  "i tmerruar": -2,
  "i trashë": -1,
  "i trazuar": -2,
  "i tretur": -2,
  "i trishtuar": -2,
  "i trullosur": -1,
  "i turpëruar": -2,
  "i turpshëm": -1,
  "i uritur": -1,
  "i vdekur": -2,
  "i vendosur": 2,
  "i verbër": -1,
  "i verbuar": 3,
  "i vërtetë": 2,
  "i vështirë": -1,
  "i veshur": -1,
  "i vetëdijshëm": 2,
  "i vetëkënaqur": -2,
  "i vetmuar": -2,
  "i virtytshëm": 2,
  "i vjedhur": -2,
  "i vjen keq": -2,
  "i vjetruar": -2,
  "i vonuar": -1,
  "i vrazhdë": -2,
  "i vrenjtur": -2,
  "i vuajtshëm": -2,
  "i xhindosur": -3,
  "i zbehtë": -2,
  "i zbrazur": -1,
  "i zellshëm": 2,
  "i zemëruar": -2,
  "i zënë ngushtë": -2,
  "i zgjedhur me kujdes": 1,
  "i zgjuar": 1,
  "i zhurmshëm": -1,
  "i zhytur në mendime": 2,
  "i zjarrtë": 2,
  "i zymtë": -2,
  "ia zunë frymën": -2,
  "icky": -3,
  "idiot": -5,
  "idiotësi": -3,
  "ikën": -1,
  "ikin": -1,
  "ikje": -1,
  "ikje në rrëmujë": -2,
  "imagjinar": 2,
  "impedingly": -2,
  "imponoj": -1,
  "imponon": -1,
  "imponuar": -1,
  "impotent": -2,
  "impresionon": 3,
  "impresionuar": 3,
  "imune": 1,
  "inat": -2,
  "inatosur": -3,
  "incapacitates": -2,
  "incapacitating": -2,
  "incensed": -2,
  "incenses": -2,
  "incensing": -2,
  "indiferent": -2,
  "indinjatë": -2,
  "indokrinuar": -2,
  "indoktrinon": -2,
  "indoktrinuar": -2,
  "inediable": -2,
  "infantilized": -2,
  "infeksion": -2,
  "infeksionet": -2,
  "infektimin": -2,
  "infektoj": -2,
  "infekton": -2,
  "infektues": -2,
  "inferior": -2,
  "infesting": -2,
  "infests": -2,
  "infract": -2,
  "infracted": -2,
  "infracting": -2,
  "infracts": -2,
  "injorancë": -2,
  "injorant": -2,
  "injorohen": -2,
  "injoroj": -1,
  "injoron": -1,
  "inkuizicion": -2,
  "inkurajim": 2,
  "inkurajoj": 2,
  "inkurajon": 2,
  "inkurajuar": 2,
  "inkurajues": 2,
  "innovates": 1,
  "inovative": 2,
  "interes": 1,
  "interesant": 2,
  "interesat": 1,
  "intransigency": -2,
  "intrigat": 1,
  "iracional": -1,
  "ironi": -1,
  "ironik": -1,
  "irreproducible": -2,
  "irresistibly": 2,
  "irriton": -3,
  "irrituar": -2,
  "irritues": -2,
  "isha i vogël": 2,
  "itchy": -2,
  "izoluar": -2,
  "jackasses": -4,
  "japë": 1,
  "japë dorëheqjen": -1,
  "jashtëzakonshme": 2,
  "jehonë": -2,
  "jep dorëheqjen": -1,
  "jep siguri": 1,
  "Jezu": 1,
  "jo": -1,
  "jomiratuar": -2,
  "jo i gatshëm": -2,
  "jo mirë": -2,
  "joefektive": -2,
  "joefikase": -2,
  "joetike": -2,
  "jofunksional": -2,
  "joorigjinal": -2,
  "joparlamentar": -2,
  "joprofesional": -2,
  "joshës": 3,
  "joshur": -1,
  "ju lutem": 1,
  "justifikim": -1,
  "justifikon": 2,
  "justifikuar": 2,
  "kalibër": -2,
  "kampion": 2,
  "kampionët": 2,
  "kancer": -1,
  "kanosës": -1,
  "kaos": -2,
  "kaotik": -2,
  "kapsllëk": -2,
  "kapur": -2,
  "kar": -4,
  "karizëm": 2,
  "katastrofë": -3,
  "katastrofik": -4,
  "kënaqësi": 3,
  "këndoj": -2,
  "keq": -3,
  "keqardhje": -2,
  "keqbërje": -2,
  "keqësoj": -2,
  "keqinformim": -2,
  "keqinterpretime": -2,
  "keqinterpretuar": -2,
  "keqkuptim": -2,
  "keqkuptoj": -2,
  "keqkupton": -2,
  "keqkuptuar": -2,
  "keqpërdorimet": -2,
  "Keqpërdorimi i Markës": -3,
  "keqpërdorur": -2,
  "keqtrajtim": -2,
  "kërcënim": -2,
  "kërcënimet": -2,
  "kërcënoj": -2,
  "kërcënon": -2,
  "kërcënuar": -2,
  "kërcënues": -2,
  "kërdi": -2,
  "kërkesat": -1,
  "kërkesë": -1,
  "kërkoi falje": -1,
  "kërkoj falje": -1,
  "kërkon falje": -1,
  "kërkuar": -1,
  "kërkuar falje": -1,
  "këshilloi": -2,
  "kinder": 2,
  "klasifikohen gabimisht": -2,
  "klithmat": -2,
  "kohë e mirë": 2,
  "kokë turku": -2,
  "kokëfortë": -2,
  "kokëvarur": -2,
  "kolaps": -2,
  "komedi": 1,
  "komike": 1,
  "kompetencat": 1,
  "kompetent": 2,
  "komplikuar": -2,
  "kompliment": 2,
  "komplot": -3,
  "konflikt": -2,
  "konfliktet": -2,
  "konfuze": -2,
  "konkurrent": -1,
  "konkurrues": 2,
  "konsumuar": -2,
  "kontaminimet": -2,
  "kontaminuar": -2,
  "kontestet": -2,
  "kontestuar": -2,
  "kontestueshme": -2,
  "kontrabandë": -2,
  "kontrabandon": -2,
  "kontrabanduar": -2,
  "kontradiktor": -2,
  "koprac": -2,
  "korrupsioni": -3,
  "korrupton": -3,
  "korruptuar": -3,
  "krejtësisht": 3,
  "krenar": 2,
  "krijues": 2,
  "krim": -3,
  "krime të": -3,
  "krimet": -3,
  "kriminelët": -3,
  "kriminuarve": -3,
  "kritik": -2,
  "kritikë": -2,
  "kritikët": -2,
  "kritikoi": -3,
  "kritikoj": -2,
  "kritikon": -2,
  "kritikuar": -2,
  "krizë": -3,
  "kryej": 1,
  "kryelartë": -2,
  "kryen": 1,
  "kryengritës": -2,
  "kryengritje": -2,
  "kryer": -2,
  "kryerjen e": 1,
  "kryesi": -2,
  "kryesor": 2,
  "kryeveper": 4,
  "kryeveprat": 4,
  "kthej": 1,
  "kthjellje": 1,
  "kufijtë": -1,
  "kufizim": -1,
  "kufizimi": -2,
  "kufizimit": -2,
  "kufizoj": -2,
  "Kufizon": -2,
  "kufizues": -1,
  "kufomë": -1,
  "kujdes": 2,
  "kultivimi": 2,
  "kumbues": 3,
  "kundërprodhim": -2,
  "kundërshtar": -1,
  "kundërshton": -2,
  "kuptimplotë": 2,
  "kureshtar": 1,
  "kursime": 1,
  "kurth": -1,
  "kurthe": -1,
  "kurvë": -5,
  "kusar": -3,
  "lajthis": 2,
  "lakmi": -3,
  "lakmitar": -2,
  "lakmues": 2,
  "larë green": -3,
  "largim": -1,
  "largimeve": -2,
  "largoj nga mendja": -1,
  "largon": -1,
  "largpamës": 3,
  "Lartësuar shpirtërisht": 2,
  "laughting": 1,
  "lavdërim": 3,
  "lavdëroj": 2,
  "lavdi": 2,
  "lavire": -4,
  "lawl": 3,
  "lë": -1,
  "lë pa": -2,
  "legal": 1,
  "lehtësi": 2,
  "lehtësimin": 2,
  "lehtësimit": 2,
  "lehtësoj": 1,
  "lehtësuar": 2,
  "lejoj": 1,
  "lemeri": -2,
  "lëndë djegëse": -3,
  "lëndime": -2,
  "lënë kështu të pangushëlluar": -2,
  "lënë pas dore": -2,
  "lëshoj pe": -1,
  "letargji": -2,
  "letargjik": -2,
  "lethality": -2,
  "lexoj keq": -1,
  "lifesaver": 4,
  "ligësi": -1,
  "lighthearted": 1,
  "ligjërisht": 1,
  "likers": 2,
  "liri": 2,
  "liritë": 2,
  "liroj": 2,
  "liruar": 2,
  "litarë": -1,
  "llafe": -2,
  "lloj": 2,
  "llum": -3,
  "lmao": 4,
  "lmfao": 4,
  "lob": -2,
  "lobimi": -2,
  "lobist": -2,
  "lobistët": -2,
  "lobuar": -2,
  "lodhës": -2,
  "lodhje": -2,
  "lol": 3,
  "lolol": 4,
  "lololol": 4,
  "lolololol": 4,
  "Lool": 3,
  "loool": 3,
  "looool": 3,
  "lot": -2,
  "lovelies": 3,
  "loves ndyrë": 4,
  "luftë": -2,
  "luftimet": -2,
  "luftoj": -1,
  "lufton": -2,
  "luftuan": -2,
  "lugë e madhe": 3,
  "luks": 2,
  "lumtur": 3,
  "lumturi": 3,
  "lurks": -1,
  "lutem": 1,
  "lutet": 1,
  "lutje": 1,
  "madhështi": 3,
  "madhështor": 5,
  "madly": -3,
  "magjeps": 3,
  "magjepsës": 3,
  "magjepsje": 3,
  "magjepsur": 2,
  "mahnitës": 4,
  "mahnitur": 3,
  "majë shtize": 2,
  "maladaption": -2,
  "maldevelopment": -2,
  "mallkim": -2,
  "mallkuar bukur": 3,
  "mallkuar të mirë": 4,
  "mangësitë": -2,
  "manipulim": -1,
  "manipulimi": -1,
  "manipuluar": -1,
  "manovrohennga": -2,
  "Marreveshje": 1,
  "marrëzi": -2,
  "mashtrim": -4,
  "mashtrime": -4,
  "mashtroj": -3,
  "mashtrojnë": -3,
  "mashtron": -3,
  "mashtruar": -3,
  "mashtrues": -2,
  "mashtrueshmëri": -2,
  "maskuar": -1,
  "masturbim": -2,
  "maturi": 2,
  "mbajtën zi": -2,
  "mbajti": -1,
  "mbërthyer": -2,
  "mbështet": 1,
  "mbështetës": 1,
  "mbështetëse": 1,
  "mbështetje": 2,
  "mbështetur": 2,
  "mbetur": -2,
  "mbeturina": -1,
  "mbideklarimet": -2,
  "mbijetuar": 2,
  "mbikëqyrja": -1,
  "mbingarkesë": -1,
  "mbipeshë": -1,
  "mbledh të dhëna": -2,
  "mbresë": -2,
  "mbresëlënës": 4,
  "mbretëron": 1,
  "mbroj": 1,
  "mbrojtës": 2,
  "mbrojtësit": 2,
  "mbrojtur": 1,
  "mbrojtura": -2,
  "mbron": 1,
  "mbuluar": -3,
  "mburracak": -2,
  "mbush": -2,
  "mbytem": -2,
  "mbytje": -2,
  "mbytur": -1,
  "mbytura": -2,
  "me baltë": -2,
  "me dhunë": -3,
  "më e madhe": 3,
  "me fat": 3,
  "me gëzim": 2,
  "me gjelbërim të përjetshëm": 2,
  "me guxim": 2,
  "me humor": 2,
  "me humor të rëndë": -1,
  "me hundë të madhe": -2,
  "më i keq": -3,
  "më i lartë": 2,
  "më i madh": 3,
  "më i mirë": 3,
  "me iniciativë": 1,
  "më keq": -3,
  "me krenari": 2,
  "me kujdes": 2,
  "më mirë": 2,
  "me ndikim të madh": 2,
  "me përkrahje": 1,
  "me qoshe": -2,
  "me shërbim": -1,
  "me shi": -1,
  "me shpejtësi": 1,
  "me siguri": 1,
  "me të drejtë": 2,
  "me të meta": -3,
  "më të sigurt": 2,
  "më të ulët": -1,
  "me thikë": -2,
  "me trup të rregullt": 2,
  "Më vjen keq": -1,
  "medalje": 3,
  "mediokritet": -3,
  "meditues": 1,
  "mëkat": -2,
  "mëkatar": -3,
  "mëkatet": -2,
  "melankolik": -2,
  "memec": -3,
  "memoriam": -2,
  "mendjelehtë": -2,
  "mënjanohet": -1,
  "merrë": 2,
  "mërzi": -2,
  "mërzit": -2,
  "mërzitur": -2,
  "mëshirë": 2,
  "mesmerizing": 3,
  "messed": -2,
  "messing up": -2,
  "meta": -2,
  "metodik": 2,
  "metodike": 2,
  "mik": 1,
  "minojnë": -2,
  "minuar": -2,
  "miopi": -2,
  "miqësi": 2,
  "miqësi e ngushtë": 2,
  "miqësor": 2,
  "miratim": 2,
  "miratoi": -2,
  "miratoj": 1,
  "miraton": 1,
  "miratuar": 2,
  "mirë": 3,
  "mirëfokusuar": 2,
  "mirëkrijuar": 2,
  "mirëbërës": 2,
  "mirëdashësi": 2,
  "Miremengjes": 1,
  "mirën": 3,
  "mirënjohës": 3,
  "mirëpret": 2,
  "mirëpritur": 2,
  "mirëqenie": 3,
  "mirësi": 2,
  "mirësjellje": 2,
  "mirthfully": 3,
  "misbehaved": -2,
  "misbehaves": -2,
  "misbehaving": -2,
  "miscast": -2,
  "misclassifies": -2,
  "misclassify": -2,
  "misconducted": -2,
  "misconducting": -2,
  "misleaded": -3,
  "misplaces": -2,
  "misplacing": -2,
  "mispricing": -3,
  "misreport": -2,
  "misreported": -2,
  "misreports": -2,
  "mistaking": -2,
  "mit": -1,
  "mizor": -3,
  "mizori": -3,
  "mjaft": 2,
  "mjedis miqësor": 2,
  "mjerim": -2,
  "mjerisht": -1,
  "moaned": -2,
  "moaning": -2,
  "moans": -2,
  "modë": -2,
  "modernizimin": 2,
  "modernizoj": 2,
  "modernizon": 2,
  "modernizuar": 2,
  "mohim": -2,
  "mohimet": -2,
  "mohoi": -2,
  "mohoj": -2,
  "mohon": -2,
  "mohuar": -2,
  "mohuesit": -2,
  "mongering": -2,
  "monopolizoj": -2,
  "monopolizon": -2,
  "monopolizuar": -2,
  "monoton": -1,
  "moping": -1,
  "mosbesim": -3,
  "mosbesues": -1,
  "mosfunksionim": -2,
  "mosmarrëveshje": -2,
  "mospëlqyera": -2,
  "mospërfillje": -2,
  "mospranues": -2,
  "mosrespektim": -2,
  "mosveprim": -2,
  "motherfucking": -5,
  "motivimi": 1,
  "motivoj": 1,
  "motivuar": 2,
  "motivuese": 2,
  "mprehtësi": 2,
  "mrekulli": 3,
  "mrekullisht": 4,
  "mrekullon": 3,
  "mund të \"t të qëndrojë": -3,
  "mundësi": 2,
  "mundësitë": 2,
  "mundim": -2,
  "mungesa": -2,
  "mungesë": -2,
  "mungesë shprese": -2,
  "mungestar": -1,
  "murtajë": -3,
  "mut": -3,
  "n00b": -2,
  "naiv": -2,
  "naivë": -2,
  "narcisizëm": -2,
  "natyror": 1,
  "ndalesa": -1,
  "ndalim": -1,
  "ndaloj": -1,
  "ndalon": -1,
  "ndaluar": -2,
  "ndalur": -1,
  "nder": 2,
  "ndërhyj": -2,
  "ndërhyn": -2,
  "nderim": 2,
  "nderimi": 2,
  "ndërprerë": -2,
  "ndërprerje": -2,
  "ndërprerjet": -2,
  "ndërpret": -2,
  "ndërrim pikëpamjesh": -3,
  "ndershmëri": 2,
  "ndëshkoj": -3,
  "ndëshkuar": -2,
  "ndëshkues": -2,
  "ndeshur": -2,
  "ndihmë": 2,
  "ndihmon": 2,
  "ndjek": -2,
  "ndjek penalisht": -1,
  "ndjekje": -1,
  "ndjenje": 1,
  "ndot": -2,
  "ndotës": -2,
  "ndotësi": -2,
  "ndotesve": -2,
  "ndotje": -2,
  "ndriçon": 2,
  "ndritura": 2,
  "ndyrë bukur": 4,
  "ndyrë e bukur": 4,
  "ndyrë fantastike": 4,
  "ndyrë hot": 2,
  "ndyrë të mahnitshme": 4,
  "ndyrësi": -2,
  "në bord": 1,
  "në ekstazë": 4,
  "në errësirë": -2,
  "në gjendje të gëzuar": 3,
  "në linjë": -1,
  "në mëdyshje": -2,
  "në mënyrë efektive": 2,
  "në mënyrë fyese": -2,
  "në mënyrë pasive": -1,
  "në mënyrë të gabuar": -2,
  "në mënyrë të pakthyeshme": -1,
  "në mënyrë të paligjshme": -3,
  "në mënyrë të përshtatshme": 2,
  "në mënyrë të qëndrueshme": 2,
  "në paqe": 2,
  "në rritje": 1,
  "në thelb": 1,
  "në zi": -2,
  "negativ": -2,
  "negativitet": -2,
  "neglizhenca": -2,
  "neglizhohet": -1,
  "neglizhon": -2,
  "nën presion": -2,
  "nënçmoj": -1,
  "nënçmon": -2,
  "nënçmuar": -1,
  "nënvleftësoj": -2,
  "nënvleftësuar": -2,
  "nënvlerësime": -1,
  "nënvlerësimin": -1,
  "nëpërkëmbje": -3,
  "nerva": -1,
  "nervoz": -2,
  "nervozizëm": -2,
  "neveri": -3,
  "neverit": -1,
  "neveritshme": -1,
  "nevojtar": -2,
  "nevrik": -3,
  "ngacmim": -3,
  "ngacmimi": -2,
  "ngacmohet": -2,
  "ngacmon": -3,
  "ngacmuar": -3,
  "ngarkuar": -2,
  "ngazëllej": 3,
  "ngazëllim": 2,
  "ngazëllyer": 3,
  "ngecur": -2,
  "ngërç": -1,
  "ngjall": 2,
  "ngjitës": -1,
  "ngordhje": -2,
  "ngrihem": 1,
  "ngrihet": 1,
  "ngrij": 2,
  "ngrohtësi": 2,
  "ngujuar": -1,
  "ngushëlllues": 3,
  "niggas": -5,
  "nisur": 1,
  "një herë në jetë": 3,
  "njeri alarmant": -2,
  "njeri i prishur": -3,
  "njësoj": 2,
  "njohje": 2,
  "njollos": -2,
  "njollosur": -2,
  "novelë": 2,
  "nuk": -2,
  "nuk besojnë": -2,
  "nuk bie dakort": -2,
  "nuk ka fun": -3,
  "nuk miratoj": -2,
  "nuk punon": -3,
  "nuk shkrep": -2,
  "nxeh": -2,
  "nxirje": -2,
  "nxit": 1,
  "nxitës": 2,
  "nxjerr në pah": 2,
  "ofendim": -2,
  "ofendoj": -2,
  "ofenduar": -2,
  "ofensivë": -2,
  "ofshamë": -2,
  "ogurzi": 3,
  "ohu": -2,
  "oksimaron": -1,
  "oops": -2,
  "optimist": 2,
  "optimizëm": 2,
  "optionless": -2,
  "ostracizes": -2,
  "overprotective": -2,
  "overselling": -2,
  "oversells": -2,
  "oversimplifies": -2,
  "oversold": -2,
  "pa dashje": -2,
  "pa dhëmbë": -2,
  "pa fantazi": -2,
  "pa fat": -3,
  "pa lidhje": -2,
  "pa studiuara": -2,
  "pa sukses": -2,
  "paaftesi": -2,
  "paaftësi": -2,
  "padi": -2,
  "paditur": -2,
  "padrejtësi": -2,
  "pafavorizuara": -2,
  "pagesë haraçi": -3,
  "pagjumesi": -2,
  "pagjumësi": -2,
  "paguaj": -1,
  "pajtohet": 1,
  "pakënaqësi": -2,
  "pakënaqur": -2,
  "pakësoj": -2,
  "paktë në numër": -2,
  "pakuptimtë": -2,
  "pambështetur": -2,
  "pamjaftueshme": -2,
  "pamjaftueshmëri": -2,
  "pamotivuar": -2,
  "pandalshme": 2,
  "pandjeshmëri": -2,
  "panik": -3,
  "papajtueshmëria": -2,
  "papastërti": -2,
  "papëlqim": -2,
  "papërgjegjshme": -2,
  "papërsosur": -2,
  "papunësi": -2,
  "paqe": 2,
  "paqëllimshme": -2,
  "paqëndrueshmit": -2,
  "paradoks": -1,
  "paragjykim": -1,
  "parajsë": 3,
  "paralajmërim": -3,
  "paralajmërimet": -3,
  "paralajmëroi": -2,
  "paralajmëroj": -2,
  "paralajmëron": -2,
  "parandalimin e": -1,
  "parandalohet": -1,
  "parandaloj": -1,
  "parandalon": -1,
  "paraqes ndryshe": -2,
  "paraqitur probleme": -2,
  "parashikim": 1,
  "parashtresa të": -1,
  "parasysh": -2,
  "pardesy": 2,
  "parodi": -2,
  "pasiguruar": -2,
  "pasion": 1,
  "pasiv": -1,
  "pasoja": -2,
  "pason": 3,
  "pastër": 1,
  "Pastro": 1,
  "pastruar": 1,
  "pastruese": 2,
  "pasuar": 3,
  "pasuri": 2,
  "pazar": 2,
  "pëlqen": -2,
  "pëlqente": 2,
  "pëlqeu": -2,
  "pëlqim": 2,
  "pëlqimet": 2,
  "penal": -3,
  "penalisht": -2,
  "penalizimin": -2,
  "penalizon": -2,
  "penalizuar": -2,
  "pengesa": -2,
  "pengesë": -2,
  "pengim": -2,
  "pengohet": -2,
  "pengoj": -1,
  "pengon": -2,
  "penguar": -2,
  "për fat të mirë": 3,
  "për të qeshur": 2,
  "përballon": -1,
  "përballueshme": 2,
  "përbashkët": 1,
  "përbuzës": -2,
  "përbuzje": -2,
  "përçaj": -2,
  "përçarës": -2,
  "përçarje": -2,
  "përçartje": -3,
  "përçmim": -2,
  "përçmohet": -2,
  "përdhunim": -4,
  "përdhunuar": -4,
  "përdhunues": -4,
  "përfitim": 2,
  "përfitimet": 2,
  "përfitoi": 2,
  "përfituar": 2,
  "përgëzoi": 2,
  "përgëzoj": 2,
  "përgëzon": 2,
  "përgjegjës": 2,
  "përgjegjësi": 1,
  "përgjojnë": -1,
  "përhapin gënjeshtra": -2,
  "përjashtim": -1,
  "përjashtohen": -1,
  "përjashtoj": -2,
  "përjashton anëtarin": -2,
  "përjashtuar": -2,
  "përjashtues": 2,
  "përkeqësim": -3,
  "përkeqësohet": -2,
  "përkeqëson": -2,
  "përkeqësuar": -3,
  "përkrahësit": 1,
  "përkrahje": 2,
  "përkrahur": 2,
  "përkushtim": 2,
  "përkushtuar": 1,
  "përleshje": -1,
  "përligj": 2,
  "përligjur": 2,
  "përmbush": 2,
  "përmbushje": 2,
  "përmbushur": 2,
  "përmirësim": 2,
  "përmirësimin e": 2,
  "përmirësoj": 2,
  "përmirëson": 2,
  "përndjek": -2,
  "përndjekur": -2,
  "Përparësitë": 2,
  "përpiqem të fitoj": 3,
  "perplasen": -1,
  "përplaset": -1,
  "përplasje": -2,
  "përpunon": 1,
  "përqafim": 2,
  "përqafoj": 1,
  "përqesh": -2,
  "përqeshje": -2,
  "përqeshnin": -2,
  "përqeshur": -2,
  "persekuton": -2,
  "përshëndes": 1,
  "përshëndet": 2,
  "Përshëndet": 1,
  "përshëndeti": 1,
  "përshëndetje": 1,
  "Përshëndetje": 2,
  "përshëndetur": 2,
  "përshtypje": 3,
  "përsos": 2,
  "përsosmëri": 3,
  "përsosur": 2,
  "përsosur ndyrë": 4,
  "perspektivat": 1,
  "perspektivë": 1,
  "përtërij": 1,
  "përvetësim": -3,
  "pesimist": -2,
  "pesimizëm": -2,
  "pësoi": -2,
  "petrified": -2,
  "pezmatoj": -3,
  "pezulloj": -1,
  "pezulluar": -1,
  "phobic": -2,
  "pidhi": -5,
  "pikat e forta": 2,
  "pikë referimi": 2,
  "pikëllim": -2,
  "pikëlluar": -2,
  "pikëllues": -3,
  "piktoresk": 2,
  "piqued": -2,
  "pis": -2,
  "pissing": -3,
  "pjellor": 2,
  "pjesë": 1,
  "plagët": -3,
  "plagosje": -2,
  "plot": -1,
  "po": 1,
  "polemikat": -2,
  "polemikë": -2,
  "popullaritet": 3,
  "popullor": 3,
  "poshterim": -3,
  "poshtëruar": -2,
  "posttraumatik": -2,
  "pozitiv": 2,
  "pozitivisht": 2,
  "pramatar": -2,
  "pranim": 1,
  "pranoj": 1,
  "pranon": -1,
  "pranuar": 1,
  "prapësimet": -3,
  "prblm": -2,
  "prblms": -2,
  "preferencë": 2,
  "preferuarat": 2,
  "prekës": 2,
  "premtim": 1,
  "premtimet": 1,
  "premtuar": 1,
  "prerje": -1,
  "pres": -1,
  "presion": -1,
  "pret": -1,
  "pretendon": -1,
  "pretenduar": -1,
  "prish": -2,
  "prishë": -2,
  "prishin": -3,
  "prishje": -2,
  "prishjen": -2,
  "prishur": -2,
  "pritur": -1,
  "privilegjuar": 2,
  "proaktiv": 2,
  "problem": -2,
  "problemet": -2,
  "procedim": -2,
  "produkti më i shitshëm": 2,
  "profesionalizëm": 2,
  "progres": 2,
  "promovimin e": 1,
  "promovojë": 1,
  "promovon": 1,
  "promovuar": 1,
  "pronor": -2,
  "propagandë": -2,
  "protestat": -2,
  "protestë": -2,
  "protestuar": -2,
  "protestuesit": -2,
  "provoj": 1,
  "provokoj": -1,
  "provokon": -1,
  "provokuar": -1,
  "pseudoscience": -3,
  "psherëtimat": -2,
  "psheretime": -2,
  "psherëtiu": -2,
  "pshurr": -4,
  "psychopathic": -2,
  "pushtim": -1,
  "pushtuan": -2,
  "pushy": -1,
  "puthje": 2,
  "pyetje": -1,
  "qaj": -3,
  "qartë": 1,
  "qartësi": 2,
  "që çmend": -3,
  "që dridhet": -2,
  "që fal": 1,
  "që nuk është në qejf": -2,
  "që nuk meriton": -2,
  "që po vdes": -3,
  "qelb": -2,
  "qëndrueshmëri": 2,
  "qëndrueshmëria": 1,
  "qesh": 1,
  "qesharak": -3,
  "qeshi": 1,
  "qeshje": 1,
  "qetësohet": 2,
  "qetësoi": 2,
  "qetësoj": 2,
  "qetësues": 3,
  "qetësuese": 2,
  "qiell": 2,
  "qiellor": 4,
  "qij": -4,
  "qitje": -2,
  "qortim": -3,
  "qortime": -2,
  "qortoi": -3,
  "qorton": -3,
  "qortuar": -2,
  "ra": -1,
  "racist": -3,
  "racistët": -3,
  "racizëm": -3,
  "rafinoj": 1,
  "rageful": -2,
  "ranters": -3,
  "Rants": -3,
  "raprezalie": -3,
  "raptured": 2,
  "raptures": 2,
  "rastësisht": -2,
  "ratifikuar": 2,
  "reagon": -2,
  "reaguar": -2,
  "reaguar me ashper": -2,
  "realizohet": 2,
  "realizon": 2,
  "rebel": -2,
  "rebelët": -2,
  "rebelim": -2,
  "rebeluar": -2,
  "refreshingly": 2,
  "refuzim": -2,
  "refuzimin": -1,
  "refuzoi": -2,
  "refuzoj": -2,
  "refuzon": -1,
  "refuzuar": -1,
  "rehati": 2,
  "rekomandoj": 2,
  "rekomandon": 2,
  "rekomanduar": 2,
  "relaksuar": 2,
  "relishing": 2,
  "rëndësi": 2,
  "rëndoj": -2,
  "rënduar": -2,
  "rëndues": -2,
  "rënie": -2,
  "rënkon": -2,
  "respekt": 2,
  "respektuar": 2,
  "restauruar": 1,
  "retarded": -2,
  "revoltohet": -2,
  "rigorozisht": 3,
  "rikthen": 1,
  "rinor": 2,
  "risi": 1,
  "rivendosjen": 1,
  "riveting": 3,
  "rob": -3,
  "robëroj": -2,
  "robing": -2,
  "robs": -2,
  "rofl": 4,
  "roflcopter": 4,
  "roflmao": 4,
  "romancë": 2,
  "romantical": 2,
  "romantike": 2,
  "rotfl": 4,
  "rotflmfao": 4,
  "rotflol": 4,
  "rrahje": -1,
  "rrëmbej me dhunë": -2,
  "rrëmben": -2,
  "rrëmbim": -2,
  "rrëmbim fëmijësh": -2,
  "rrëmbime": -2,
  "rrëmbimet": -2,
  "rrëmbyer": -2,
  "rrëmujë": -2,
  "rrënoja": -2,
  "rrënuar": -3,
  "rrezik": -2,
  "rrezikshme": -2,
  "rreziqet": -2,
  "rri në përgjim": -1,
  "rrit": 1,
  "rritje": 2,
  "rritjen e": 1,
  "rritur": 1,
  "rrjedhje": -1,
  "rrjedhur": -1,
  "rrugaç": -2,
  "rryshfete": -3,
  "ruaj": 2,
  "ruajtur": 2,
  "ryshfet": -3,
  "sabotim": -2,
  "sarkastik": -2,
  "savange": -2,
  "savanges": -2,
  "scam": -2,
  "scams": -2,
  "scumbag": -4,
  "seamless": 2,
  "seamlessly": 2,
  "seksiste": -2,
  "sëmundje": -1,
  "sëmundje ngjitëse": -2,
  "sëmundjet": -1,
  "sende të ftohtë": 3,
  "sëpatë": -1,
  "seriozisht": 2,
  "seriozitet": 2,
  "sexistic": -2,
  "sexy": 3,
  "sfidë": -1,
  "sfidues": -1,
  "shaj": -3,
  "shaka": 2,
  "shanset": 2,
  "shantazh": -3,
  "shantazhet": -3,
  "shantazhuar": -3,
  "sharje": -2,
  "shembje": -2,
  "shembur": -2,
  "shëmti": -3,
  "shes": -3,
  "shfajësoi": 2,
  "shfajësoj": 2,
  "shfajësuar": 2,
  "shfrytëzoj": -2,
  "shfrytëzon": -2,
  "shijon": 2,
  "shijuar": 2,
  "shkaktoj": -2,
  "shkakton": -2,
  "shkaktuar": -2,
  "Shkaktuar": -2,
  "shkapërderdh": -2,
  "shkarkohet": -2,
  "shkarkues": 2,
  "shkatërrim": -2,
  "shkatërrimin": -3,
  "shkatërrimtar": -1,
  "shkatërroj": -3,
  "shkatërruar": -2,
  "shkatërruara": -2,
  "shkatërrues": -2,
  "shkathët": 2,
  "shkathtësinë": 2,
  "shkel": -2,
  "shkelë": -2,
  "shkelës": -2,
  "shkelja": -2,
  "shkelje": -2,
  "shkeljet": -2,
  "shkëlqim": 1,
  "shkelur": -2,
  "shkëndijë": 1,
  "shkretoj": -2,
  "shkurtimet": -2,
  "shkurtuar": -2,
  "shmang": -1,
  "shmanget": -1,
  "shoody": -2,
  "shpagim": -2,
  "shpall të pafajshëm": 2,
  "shpartallua": -2,
  "shpejtësi": 2,
  "shpenguar": 2,
  "shpërblehet": 2,
  "shperblim": 2,
  "shpërblime": 2,
  "shpërdorim": -2,
  "shpërfillje": -2,
  "shpërfillur": -2,
  "shpërndahem": 2,
  "shpërqëndruar": -2,
  "shpërthim": -2,
  "shpërthime": -2,
  "shpëtim": 2,
  "shpëton": 2,
  "shpifës": -2,
  "shpirt": 1,
  "shpirtcopëtues": -3,
  "shpoj": -5,
  "shpreh": 1,
  "shpreh keqardhjen": -3,
  "shpresat": 2,
  "shpresë": 2,
  "shpresëdhënës": 2,
  "shpresoj": 2,
  "shqetesim": -3,
  "shqetësim": -2,
  "shqetësimet": 2,
  "shqetësohet": -3,
  "shqetësoj": -2,
  "shqetëson": -2,
  "shqetësuar": -2,
  "shqetësues": -2,
  "shqetesuese": -2,
  "shqetësuese": -3,
  "shtang": 3,
  "shtie në mend": -2,
  "shtim": 2,
  "shtirem": -1,
  "shtrembërim": -2,
  "shtrembëroj": -2,
  "shtrembërojnë": -2,
  "shtrembëron": -2,
  "shtrembëruar": -2,
  "shtrëngim": -2,
  "shtrenjtë": 3,
  "shtrihet": 1,
  "shtrydhje": -1,
  "shtyhet": -1,
  "shtyj": -1,
  "shtyn": -1,
  "shtypës": -2,
  "shtypje": -2,
  "shtypur": -2,
  "shtyrja": -1,
  "shtytje": 1,
  "shumë i lodhur": -3,
  "shurdhues": -1,
  "si": 2,
  "siguri": 1,
  "siguroi": 1,
  "siguroj": 1,
  "siguruar": 2,
  "sigurues": -2,
  "siklet": -2,
  "sillem keq": -2,
  "simpati": 2,
  "simpatik": 3,
  "singleminded": -2,
  "sinqerisht": 2,
  "sinqeritet": 2,
  "sinqerta": 2,
  "sjellje e keqe": -2,
  "sjelljeve shumë të këqia": -2,
  "skaduar": -1,
  "skandal": -3,
  "skandalet": -3,
  "skandaloz": -3,
  "skepticizëm": -2,
  "skeptik": -2,
  "skeptikët": -2,
  "skllavëri": -3,
  "skllavëron": -2,
  "skllevër": -3,
  "slumping": -1,
  "smirë": -1,
  "smog": -2,
  "snubbing": -2,
  "snubs": -2,
  "solemn": -1,
  "solidaritet": 2,
  "solidifies": 2,
  "solidifying": 2,
  "spammer": -3,
  "spammers": -3,
  "spamming": -2,
  "Sparkles": 3,
  "spekulativ": -2,
  "spekulator": -2,
  "spital": -2,
  "sqaroj": 2,
  "sqaron": 2,
  "squanders": -2,
  "squelched": -1,
  "starves": -2,
  "stereotipi": -2,
  "stimulon": 1,
  "stimuluar": 1,
  "stinked": -2,
  "stinks": -2,
  "stinky": -2,
  "stop": -1,
  "stres": -1,
  "stressor": -2,
  "stressors": -2,
  "stupidly": -2,
  "sucks": -3,
  "sueing": -2,
  "sufferers": -2,
  "sukses": 3,
  "sulking": -2,
  "sulm": -1,
  "sulmet": -2,
  "sulmuan": -1,
  "sulmuar": -1,
  "sulmues": -2,
  "super": 3,
  "suprem": 4,
  "sweetest": 3,
  "swindles": -3,
  "sylesh": -2,
  "talent": 2,
  "tallën": -2,
  "tallës": -2,
  "tallet": -2,
  "tard": -2,
  "të ardhura": 2,
  "të bllokuara": -2,
  "të drejtë": 2,
  "të dyshuar": -1,
  "të fala": 2,
  "të ketë sukses": 3,
  "të mirë ndyrë": 4,
  "të pamposhtur": 2,
  "të pasur": 2,
  "të qarë": -2,
  "të qetë": 2,
  "të unifikuar": 1,
  "të vjella": -3,
  "të vrarë": -3,
  "tëhuaj": -2,
  "tejskajshme": -2,
  "telashe": -2,
  "temjan": -2,
  "tension": -1,
  "tepruar": -2,
  "tërheq": -1,
  "tërheqës": 3,
  "tërheqje": -1,
  "tërheqjen": 2,
  "tërheqjet": 2,
  "tërhequr": 1,
  "terr": -1,
  "terrifically": 4,
  "terror": -3,
  "terrorist": -2,
  "terroristët": -2,
  "terrorizoj": -3,
  "terrorizon": -3,
  "terrorizuar": -3,
  "teshtij": -2,
  "teshtima": -2,
  "teshtimë": -2,
  "teshtiu": -2,
  "tezgë": -2,
  "tezgjah": -1,
  "theksoi": -2,
  "thesar": 2,
  "thesare": 2,
  "theu": -1,
  "thirrje": -2,
  "thith": -3,
  "thjeshtësi": 1,
  "thjeshtëzim": -2,
  "thjeshtëzoj": -2,
  "thjeshtëzuar": -2,
  "thyej": -2,
  "tiranik": -3,
  "tiranike": -3,
  "tits": -2,
  "tjetërsim": -2,
  "tmerr": -2,
  "tmerrësisht": -3,
  "tmerrshme": -3,
  "tmerruar": -2,
  "tmerrues": -3,
  "toksik": -3,
  "tolerancë": 2,
  "tolerant": 2,
  "torturat": -4,
  "torturë": -4,
  "torturuar": -4,
  "totalitar": -2,
  "totalitarizmi": -2,
  "touting": -2,
  "touts": -2,
  "tradhtar": -3,
  "tradhti": -3,
  "tradhton": -3,
  "tradhtuar": -3,
  "tragjedi": -2,
  "tragjik": -2,
  "trap": -4,
  "traumatik": -3,
  "traumë": -3,
  "trazirat": -2,
  "trazirë": -2,
  "trazuar": -2,
  "tremb": -2,
  "trembeni": -2,
  "trëndafil": 1,
  "trim": 3,
  "trimëri": 2,
  "trishtim": -2,
  "trishtoj": -2,
  "trishtues": -1,
  "triumf": 4,
  "tronditës": -2,
  "tronditëse": -2,
  "tronditur": -2,
  "trullan": -2,
  "trullosje": 4,
  "tumor": -2,
  "turp": -2,
  "turpëruar": -2,
  "Tyran": -3,
  "tyrannically": -3,
  "tyrans": -3,
  "u gëzua": 4,
  "u ngrit": -1,
  "u përplasur": -1,
  "u trondit": -2,
  "u zhduk": -1,
  "Uau": 4,
  "udhëheqje": 1,
  "uf": -2,
  "ul": -2,
  "ulëritës": -2,
  "ulje": -2,
  "uncredited": -1,
  "undercooked": -2,
  "underperform": -2,
  "underperformed": -2,
  "underperforming": -2,
  "underperforms": -2,
  "unfitted": -2,
  "unforgiving": -2,
  "unfunny": -2,
  "uninvolving": -2,
  "unreleting": -2,
  "uplifting": 2,
  "uptight": -2,
  "urgjencë": -2,
  "urgjent": -1,
  "uri": -2,
  "urim": 2,
  "Urime": 2,
  "urra": 5,
  "urrej": -3,
  "urrejtje": -3,
  "urren": -3,
  "urrente": -3,
  "urryer": -3,
  "urryes": -3,
  "urtësi": 1,
  "uselessness": -2,
  "ushqej": 2,
  "ushqen": 2,
  "vajtoj": -2,
  "validates": 1,
  "varfër": -2,
  "varfëri": -1,
  "vdekje": -2,
  "vdekjeprurës": -2,
  "vdekjet": -2,
  "vdes": -3,
  "ve": -1,
  "vë gabim": -2,
  "vë në dukje": -1,
  "vë në siklet": -2,
  "vendbanimet": 1,
  "vendim": -1,
  "vendimtar": 1,
  "vendosur": 2,
  "vënie në dyshim": -3,
  "veprat": -2,
  "vërtet": 1,
  "vërtetoj": 2,
  "vërtetuar": 1,
  "vështirë se": -1,
  "veshur": -2,
  "vested": 1,
  "vetëkontradiktore": -2,
  "vetëmashtruar": -2,
  "vetëm": -2,
  "vetëtin": 3,
  "vetëvrasje": -2,
  "vetëvrasjeje": -2,
  "vigjilent": 3,
  "viktima": -3,
  "viktimë": -3,
  "viktimizojnë": -3,
  "viktimizuar": -3,
  "vindicating": 2,
  "virulent": -2,
  "vitalitet": 3,
  "vitaminë": 1,
  "vizion": 1,
  "vizione": 1,
  "vizionimit": 1,
  "vjedh": -2,
  "vjedhje": -2,
  "vjella": -3,
  "vjellë": -3,
  "vlen": 2,
  "vleresim": 2,
  "Vleresimin": 1,
  "vlerësoj": 2,
  "vlerëson": 3,
  "vlerësua": 2,
  "vlerësuar": 3,
  "vodhi": -2,
  "vonesat": -2,
  "vonesë": -1,
  "vonoj": -2,
  "vras": -3,
  "vrasës": -3,
  "vrasja": -3,
  "vrasje": -2,
  "vrasje e thjeshtë": -3,
  "Vrasjet": -3,
  "vret": -3,
  "vuaj": -3,
  "vuajtje": -2,
  "vuan": -2,
  "wanker": -3,
  "warmness": 2,
  "WINWIN": 3,
  "woohoo": 3,
  "wooo": 4,
  "Woow": 4,
  "wowow": 4,
  "wowww": 4,
  "wrenching": -2,
  "wtf": -4,
  "wtff": -4,
  "wtfff": -4,
  "xheloz": -2,
  "xhelozi": -2,
  "xhevahir": 1,
  "xhindos": -2,
  "xo": 3,
  "xoxo": 3,
  "xoxoxo": 4,
  "xoxoxoxo": 4,
  "yeees": 2,
  "zar": -3,
  "zbardh": -3,
  "zbavitem": 3,
  "zbavitëse": 3,
  "zbraz": -1,
  "zbrazëti": -1,
  "zbritur": -1,
  "zbukuroj": 3,
  "zbulim i madh": 3,
  "zbut": 2,
  "zbutet": 3,
  "zemërim": -3,
  "zemërngushtë": -2,
  "zemëron": -2,
  "zemërthyer": -3,
  "zemëruar": -3,
  "zezak": -5,
  "zgjeroj": 1,
  "zgjeron": 1,
  "zgjidh": 2,
  "zgjidhet": 1,
  "zgjidhja": 1,
  "zgjidhje": 2,
  "zgjidhjen e": 2,
  "Zgjidhjet": 1,
  "zgjuar": 2,
  "zhduken": -1,
  "zhduket": -1,
  "zhdukur": -2,
  "zhgënjen": -2,
  "zhgënjim": -2,
  "zhgënjime": -2,
  "zhgenjyer": -2,
  "zhgënjyer": -2,
  "zhgënjyes": -2,
  "zhurmë": -3,
  "zhurmshme": -1,
  "zhvilluar mirë": 2,
  "zi": -2,
  "zili": -1,
  "ziliqar": -2,
  "zjarr": -2,
  "zmadhim": -2,
  "zot": 1,
  "zoti qoftë lëvduar": 3,
  "zuskë": -5,
  "zvarrit": -1,
  "zvarritjen": -2,
  "zvarritur": -1
}