{
  "shahr": -3,
  "wert": -2,
  "Ооба": 2,
  "үркүтүү": -2,
  "алы": -2,
  "кежирленбе": -1,
  "Эгерде": 3,
  "Арыкташ": -2,
  "Ташбулат": 2,
  "«Т туруштук бере алат": -3,
  "Acclaim": 2,
  "affectionateness": 3,
  "agonises": -3,
  "agonizes": -3,
  "apeshit": -3,
  "Applauded": 2,
  "arsehole": -4,
  "ashame": -2,
  "assfucking": -4,
  "astoundingly": 3,
  "Backed": 1,
  "bamboozle": -2,
  "bamboozled": -2,
  "bamboozles": -2,
  "bankster": -3,
  "beatific": 3,
  "bereaving": -2,
  "brilliances": 3,
  "Bummer": -2,
  "buoyant": 2,
  "Charmless": -3,
  "Chic": 2,
  "Chokes": -2,
  "Classy": 3,
  "Cocksucker": -5,
  "cocksuckers": -5,
  "Combats": -1,
  "conciliate": 2,
  "conciliated": 2,
  "conciliates": 2,
  "consolable": 2,
  "contagions": -2,
  "contestable": -2,
  "Crap": -3,
  "criminate": -3,
  "criminated": -3,
  "criminates": -3,
  "Daredevil": 2,
  "debonair": 2,
  "dehumanize": -2,
  "deject": -2,
  "dejects": -2,
  "deports": -2,
  "Derails": -2,
  "DICKHEAD": -4,
  "dilligence": 2,
  "dipshit": -3,
  "direful": -3,
  "disapprovals": -2,
  "disconsolation": -2,
  "disgustful": -3,
  "Disrupting": -2,
  "Dolorous": -2,
  "droopy": -2,
  "Dumbass": -3,
  "dupery": -2,
  "eery": -2,
  "evergreening": -3,
  "exasparate": -2,
  "exhilarates": 3,
  "fag": -3,
  "Fascists": -2,
  "Favourited": 2,
  "fidgety": -2,
  "Flop": -2,
  "Flops": -2,
  "frikin": -2,
  "Frisky": 2,
  "Fucked": -4,
  "fuckers": -4,
  "fuckface": -4,
  "fuckhead": -4,
  "fucktard": -4,
  "fud": -3,
  "fuked": -4,
  "fuking": -4,
  "Gallantry": 3,
  "glamourous": 3,
  "goofiness": -2,
  "gr8": 3,
  "greenwash": -3,
  "greenwasher": -3,
  "greenwashers": -3,
  "greenwashing": -3,
  "GREETS": 1,
  "Hallelujah": 3,
  "haplessness": -2,
  "huckster": -2,
  "humerous": 3,
  "Hurray": 5,
  "impeachments": -3,
  "impedingly": -2,
  "incapacitates": -2,
  "incenses": -2,
  "incensing": -2,
  "inediable": -2,
  "ineptitude": -2,
  "infantilized": -2,
  "infests": -2,
  "infract": -2,
  "infracted": -2,
  "infracting": -2,
  "infracts": -2,
  "intransigency": -2,
  "Jackass": -4,
  "jackasses": -4,
  "Jeopardy": -2,
  "Jolly": 2,
  "Lawl": 3,
  "likers": 2,
  "LMAO": 4,
  "LMFAO": 4,
  "LOLOL": 4,
  "lolololol": 4,
  "lool": 3,
  "Lovelies": 3,
  "maladaption": -2,
  "maldevelopment": -2,
  "Manipulating": -1,
  "Memoriam": -2,
  "mirthful": 3,
  "mirthfully": 3,
  "misbranding": -3,
  "miscast": -2,
  "misclassified": -2,
  "misclassifies": -2,
  "misclassify": -2,
  "misconducted": -2,
  "misconducts": -2,
  "misleaded": -3,
  "misplaces": -2,
  "misplacing": -2,
  "mispricing": -3,
  "misreport": -2,
  "misreporting": -2,
  "Moody": -1,
  "Mope": -1,
  "Motherfucker": -5,
  "motherfucking": -5,
  "mumpish": -2,
  "n00b": -2,
  "Niggas": -5,
  "optionless": -2,
  "outmaneuvered": -2,
  "oversell": -2,
  "overselling": -2,
  "oversells": -2,
  "oversimplification": -2,
  "oversimplifies": -2,
  "oversimplify": -2,
  "Oxymoron": -1,
  "Phobic": -2,
  "pileup": -1,
  "prblm": -2,
  "prblms": -2,
  "profiteer": -2,
  "pseudoscience": -3,
  "rageful": -2,
  "Ranter": -3,
  "rants": -3,
  "RELIEVES": 1,
  "repercussion": -2,
  "Revives": 2,
  "robing": -2,
  "ROFL": 4,
  "roflcopter": 4,
  "romantical": 2,
  "rotfl": 4,
  "rotflmfao": 4,
  "rotflol": 4,
  "savange": -2,
  "savanges": -2,
  "sexistic": -2,
  "shithead": -4,
  "shoody": -2,
  "singleminded": -2,
  "slickest": 2,
  "Spamming": -2,
  "Sparkle": 3,
  "Stampede": -2,
  "stinked": -2,
  "sueing": -2,
  "swindles": -3,
  "Tits": -2,
  "TorneopayApodewado:": -2,
  "twat": -5,
  "tyran": -3,
  "tyrannic": -3,
  "tyrans": -3,
  "Ugh": -2,
  "underperforms": -2,
  "unfitted": -2,
  "uninvolving": -2,
  "unparliamentary": -2,
  "unreleting": -2,
  "unresearched": -2,
  "victimizes": -3,
  "Victor": 3,
  "vitriolic": -3,
  "walkouts": -2,
  "wanker": -3,
  "winwin": 3,
  "woebegone": -2,
  "Woo": 3,
  "wooo": 4,
  "WOOW": 4,
  "wowow": 4,
  "wowww": 4,
  "WTF": -4,
  "wtff": -4,
  "wtfff": -4,
  "XO": 3,
  "XOXOXO": 4,
  "xoxoxoxo": 4,
  "yeees": 2,
  "zloy:": 4,
  "абдан": -3,
  "абдан жакшы": 3,
  "абдан чоң": 1,
  "абданмаанилүү": -2,
  "ага окшобогон": -1,
  "агартуу": -2,
  "Агартуу": 2,
  "агрессивдүү": -2,
  "агрессия": -2,
  "адам уурдоо": -2,
  "адамкерчиликсиз": -2,
  "адамкерчиликтүү": 2,
  "адаштырат": -2,
  "адаштырууга": -3,
  "адашууга": -3,
  "адашып": -2,
  "адепахлаксыздыкка белчесинен баткан": 2,
  "адилдик": 2,
  "адилетсиз": -2,
  "адилеттүү": -2,
  "адилеттүүлүк": 2,
  "Ажалы": -2,
  "Ажардын баласы": -2,
  "ажыратуу": -3,
  "ажыратып билүү": -2,
  "аз сезилген": -2,
  "аза": -2,
  "аза күтүү": -2,
  "азайтты": -2,
  "азап": -2,
  "азаптайт": -2,
  "азаптуу": -2,
  "азар берет": -2,
  "азгыруу": -1,
  "айдап жиберүү": -1,
  "айдап салуу": -1,
  "айкын": 2,
  "айла куруу": -3,
  "айласы кеткен": -3,
  "аймактан": -1,
  "айран": -2,
  "айрылган": -2,
  "айрып алуу": -2,
  "айтам": -2,
  "айтуу": -1,
  "айымы": -2,
  "айып": -2,
  "айыпка": -2,
  "айыптады": -3,
  "айыптайт": -2,
  "айыпталууда": -2,
  "айыпталуучу": -2,
  "айыпталып,": -3,
  "айыпташты": -2,
  "айыптоо": -2,
  "айыптоолор": -2,
  "Айяд": -2,
  "ак деп табуу": 2,
  "ак ниеттик": 2,
  "ак ниеттүүлүк": 3,
  "акмак": -3,
  "Акмак": -4,
  "акмак аял": -2,
  "акмактык": -3,
  "аксак": -2,
  "акталат,": 2,
  "акталбаган": -2,
  "акталган": 2,
  "акталып": 2,
  "актана": -3,
  "актап +": 2,
  "акташ": 2,
  "активдүү": 1,
  "актоону,": 2,
  "акчага айландыруу боюнча": -2,
  "АКШдагы": -3,
  "акыл": -3,
  "акыл сыз": -2,
  "акылнасаат": -2,
  "акылдуу": 1,
  "акылдуураак": 2,
  "акылмандык": 1,
  "акылсыз": -2,
  "акылсыздар": -2,
  "акылы жоктук": -2,
  "акылына": 2,
  "Ал жагымсыз жагдайларды": -2,
  "Ал таштардын саны": 1,
  "ала качуу": -2,
  "алаамат": -2,
  "алакаларды түзөт": 1,
  "алаксый": -2,
  "алаксыткан": -2,
  "алаксытуу": -1,
  "алат": -1,
  "албай": -2,
  "албай калды": -2,
  "албастыгы": -2,
  "Албетте,": -1,
  "албууттуулук": -3,
  "Алгаа": 3,
  "алган": 2,
  "алгандардан оолактайт": -3,
  "алгылыктуу": 1,
  "алдаган": -3,
  "алдайм": -3,
  "алдамчы": -3,
  "алдамчы аял": -3,
  "алдамчылар": -3,
  "алдамчылык": -4,
  "Алдамчылык": -3,
  "алдан": -2,
  "алданган": -3,
  "алданып": -3,
  "алдап": -2,
  "алдап жатат;": -3,
  "алдоо": -3,
  "алдыга жылуу": 2,
  "алдын": -1,
  "алдын ала": 2,
  "алдын алуу": -1,
  "алдынкы": 1,
  "алкайт": 2,
  "аллергиялык": -2,
  "алмаз": 1,
  "Алматы": 3,
  "алпарбаган": -2,
  "алса": -3,
  "алсыз": -2,
  "алсыздандырууга": -2,
  "алсыроо": -2,
  "алтын": 2,
  "алуу,": -2,
  "алы": 3,
  "алы жок": -2,
  "алым": 2,
  "алынбайт": -2,
  "алынып": -2,
  "алып баруучу": 3,
  "алып келүү": -2,
  "алып салуу": -3,
  "аман": 2,
  "аманэсен": 1,
  "аман калган": 2,
  "анал": -5,
  "анал жакшы": 4,
  "анал кемчиликсиз": 4,
  "анал сүйүү": 4,
  "анал сүйүүсү": 4,
  "анал укмуштуудай": 4,
  "андай": 1,
  "Анже": -3,
  "ант": -2,
  "ант берүү": -2,
  "антагонисттик": -2,
  "антип": -2,
  "Анткени ишенимдеш эмес": -1,
  "анткорлонуу": -1,
  "Анүчүн,": -2,
  "аныкталган": 2,
  "аныктары": 2,
  "аңкоо": -2,
  "апаатынын": -4,
  "Апаке": -2,
  "апенди": 2,
  "апыртуу": -2,
  "ар тараптуу": 2,
  "аракетсиздик": -2,
  "аракеттерди жасаган": -2,
  "аракетчил": 2,
  "аралашма": -2,
  "арам жол менен": -2,
  "арамдалып": -2,
  "арбак": -1,
  "аргасыз": 1,
  "ардак": 2,
  "Ардак": 3,
  "арзандатылган": -1,
  "арналбаса керек": 3,
  "арналган": 2,
  "арноо": 2,
  "артта": -2,
  "артыкчылык": 2,
  "артыкчылыктары": 2,
  "артыкчылыктуу": 2,
  "аруулайм": 2,
  "арчып": -2,
  "арыз": -1,
  "арызданат": -2,
  "арыктап кеткен": -2,
  "арылт": -2,
  "аския": -3,
  "асман": 2,
  "асмандагы": 4,
  "асыл": 4,
  "асыл таш": 1,
  "асылууга": -3,
  "атаандаштык": 2,
  "атайлап": 2,
  "атайлап эмес": -2,
  "атайылап": -2,
  "атактуу": 2,
  "аткарбоо": -2,
  "аткаруу": 2,
  "аткарылбаган": -2,
  "аткарылган": -2,
  "Аткарылды": 2,
  "аткарылышы": 2,
  "аткезчилик": -2,
  "аттуу": 1,
  "атуу": -1,
  "атуучу": -2,
  "атылган": -2,
  "Аура": 1,
  "ач көз": -2,
  "ач көздүк": -3,
  "ачка": -2,
  "ачкадан өлүү": -2,
  "ачкачылык": -2,
  "ачуу": -2,
  "ачуу жин": -3,
  "ачуу келиш": -2,
  "ачуу келтире турган": -3,
  "ачууга": 1,
  "Ачууга алдырып": -2,
  "ачууланган": -2,
  "ачууланды": -2,
  "ачуулантуу": -3,
  "ачуулануу": -3,
  "ачууланып": -1,
  "ачууланып,": -2,
  "ачууланышты": -3,
  "ачуулуу": -3,
  "ачуусу": -2,
  "ачуусу келүү": -2,
  "ачуучу": 2,
  "ачык": 1,
  "ачыктык": 2,
  "ашуусуна жолтоо": -2,
  "ашыкча": -2,
  "ашып кетишти": -2,
  "ашыра жүктөө": -1,
  "ашырат": 2,
  "аябай": -2,
  "аяй": -2,
  "аякташын белгилешүүдө": 3,
  "аяктоо": -2,
  "аялдамаларды": -1,
  "аян": 1,
  "аяны": 1,
  "аянычтуу": -3,
  "баалабай": -1,
  "баалайбыз": 2,
  "баалайт": 2,
  "бааланбай": -1,
  "баалоо": 2,
  "баалуу": 2,
  "баатыр": 2,
  "баатырдык": 3,
  "Бабушка": -2,
  "бабында": 2,
  "багытталган": 2,
  "бай": 2,
  "байкуш": -2,
  "байлык": 3,
  "Баксы": -5,
  "бакты": 3,
  "бактыга жараша": 2,
  "Бактыга жараша": 3,
  "бактылуу": 2,
  "бактысыз": -2,
  "бактысыздык": -2,
  "бактысызыбыз": -1,
  "Баку": -2,
  "бакыт": 3,
  "баласы менен биршу": -5,
  "Баласынын чатак": -3,
  "балачылык": -2,
  "балдардын": -2,
  "балкыткан": 3,
  "балта": -1,
  "Балта": 1,
  "балунчик": -1,
  "бандиттин": -4,
  "банкрот": -3,
  "банкроттук": -3,
  "баракелде": 1,
  "бардык жерде": 2,
  "баркка": -2,
  "барктанып": -1,
  "барсам": -4,
  "барууда": 1,
  "баса белгиледи": -2,
  "басаңдатуу": -2,
  "басат": 2,
  "басмырлоого": -2,
  "баспагыла чейин": -2,
  "басс": -2,
  "басса": -2,
  "басыгы": 3,
  "басым": -3,
  "басынтуу": -3,
  "басынтылганына": -2,
  "басынтып": -2,
  "басып чыгаруу": 3,
  "бата берүү": 2,
  "баталар": 3,
  "батасы": 3,
  "баткак": -2,
  "баткактуу": -2,
  "баш": -2,
  "баш айландыргыч": -1,
  "баш аламан": -2,
  "баш оору": -2,
  "баш тартса": -1,
  "баш тартса,": -2,
  "баш тартты": -2,
  "баш тартуу": -1,
  "баш тартууга": -2,
  "баш терини союп алуу": -3,
  "Башаламандыктар": -2,
  "башкаруу": -1,
  "Башта": -2,
  "башталды": 1,
  "безгек": -2,
  "Бейбаштар": -2,
  "бейбаштык": -2,
  "бейиш": 3,
  "бейишин": -2,
  "бейкам": -2,
  "бейкут": 2,
  "бейпил": 2,
  "бекем": 2,
  "бекемделип": 2,
  "бекемдөө": 2,
  "бекемдөөнүн жолу": 2,
  "бекемдээрлик": 2,
  "бекер": 1,
  "бекитет": 2,
  "бекитилген": 1,
  "бекитилди": 2,
  "бекиткичже ич катуу": -2,
  "белгилеп": 3,
  "белгилөө": -1,
  "белгилүү": 2,
  "белгисиз": -2,
  "белек": 2,
  "белек / садага": 2,
  "белек тартуу кылуу": 2,
  "бенере .Бирөөнүн": -2,
  "берерлик": 2,
  "берешен": -2,
  "берилген": 1,
  "берилгендик": 3,
  "берилүү": 2,
  "берүү": 2,
  "беспредел": -2,
  "бетер татаалдаштырат": -2,
  "бетин": -1,
  "биздер": -2,
  "бийлик": 1,
  "билбейт": -4,
  "билишпейт": -2,
  "билүү": 2,
  "бир аз": -2,
  "бир жактуу": -2,
  "бир кыйла": 1,
  "бирдей": -2,
  "бирдей эмес": -1,
  "бирдиктүү": 1,
  "бири": -1,
  "бирибирине төп": 2,
  "бирөө": -3,
  "бияка": -2,
  "бла": -2,
  "блокбастер": 3,
  "блоктор": -1,
  "боз": -1,
  "бойкот": -2,
  "бок": -3,
  "болбой": -2,
  "болду": 3,
  "бомба": -1,
  "боор ооруй билген": 2,
  "боорукер": 2,
  "Боорукердик": 2,
  "боорум": -2,
  "бортунда": 1,
  "бош": -1,
  "бошой": 2,
  "бошотуласыз": 2,
  "бошотулган": -1,
  "бошотулду": -2,
  "бошотуу": 2,
  "бошотуу я": -1,
  "боштондук": 2,
  "боштук": -1,
  "боюн": -3,
  "бөгөт": -1,
  "бөгөт коюу": -1,
  "бөлөк": -1,
  "бөлүнгөн": -1,
  "бөлүп көрсөтүү": 2,
  "бөлүштү": 1,
  "бөлчөк сызыгы": -2,
  "бөтөнчө": -2,
  "бразер": 4,
  "брахмандар": -2,
  "буза турган": -2,
  "бузбоо": -2,
  "бузган": -2,
  "бузса": -2,
  "бузулат": -2,
  "бузулган": -2,
  "Бузулган": -2,
  "бузулгус": 2,
  "бузулуу": -2,
  "бузулушу": -2,
  "бузуп": -3,
  "бузуп алгыч ууру аял": -2,
  "бузуп уурдоо": -2,
  "бузуу": -2,
  "бузууда": -2,
  "буйрутмаларды": -3,
  "бул тамаша": -3,
  "булгабагыла,": -2,
  "булгагандык": -2,
  "булгайт": -2,
  "булганган": -2,
  "булгануулары": -2,
  "булгоочу": -2,
  "бурмалабайт": -3,
  "бурмалаган": -2,
  "бурмалаганы": -2,
  "бурмалай": -2,
  "бурмаланган": -2,
  "бурмаланды": -1,
  "бурмалануусун": -2,
  "бурмалап": -2,
  "бурмалоо": -3,
  "бурулбаганы": -2,
  "бурчка": -2,
  "бушайман": -2,
  "Бүгүнкү күндө": 2,
  "бүдөмүккө салган": -1,
  "Бүкүрөйүп": -2,
  "бүркөгөн": -1,
  "бүркүп": -3,
  "бүтөт": -2,
  "бүтүндүк": 2,
  "бүтүрө жасалбаган": -2,
  "бъл": -3,
  "бышпаган": -2,
  "бышыктайт": 1,
  "Бэйжин": -2,
  "варвар аял": -2,
  "варвардык": -2,
  "вестибюль": -2,
  "витамин": 1,
  "га": 2,
  "газдалган": 3,
  "гармония": 2,
  "Генринин": -2,
  "гранттар": 1,
  "грипп": -2,
  "Гриша": -4,
  "даамдуу": 3,
  "даамсыз": -2,
  "даанышмандыгын": 3,
  "даап": 2,
  "Дайлами": -3,
  "Дал ушул": 4,
  "далдыроо": -1,
  "далысы": 1,
  "даңк": 2,
  "дармансыз": -2,
  "даттангандай": -2,
  "даттануу": -2,
  "даттануулар": -2,
  "даты": -3,
  "Даунер": -2,
  "даяр": -2,
  "даярдалган": 1,
  "даярданышууда": 1,
  "даярдык": 2,
  "дей бер": -2,
  "дем": 2,
  "дем алуу": 2,
  "дем кыстыгуу": -2,
  "демейдеги": -2,
  "демилгечил": 1,
  "Ден соолугунун мүмкүнчүлүктөрү чектелүү": -2,
  "Денбер": -1,
  "денеге чыгуучу кызамык": -2,
  "дени сак": 2,
  "деп айыптады": -2,
  "деп кыйкырды": -2,
  "дептир": -1,
  "деши": -2,
  "Дик": -4,
  "дилгерленүү": 1,
  "дилгерлүү": 2,
  "дилемма": -1,
  "дилим": -2,
  "Динден": 3,
  "дойда": -2,
  "доо": -2,
  "дос": 2,
  "дос болуу": 2,
  "достук": 2,
  "Достук": 2,
  "дудук": -3,
  "Дур": -2,
  "дуушар": -1,
  "дуушарлануу": -2,
  "душман": -2,
  "душмандары": -2,
  "душмандык": -2,
  "дүрбөлөң": -3,
  "дүркүрөгөн": 2,
  "дээрлик": 2,
  "дээрлик толук токтошуна алып келди": -1,
  "жаа": 2,
  "жаанчыл": -1,
  "жабуу": -3,
  "жабуучу": -2,
  "жабыр": -3,
  "жабыр тарткан": -1,
  "жабырлануучу": -3,
  "жагы": -2,
  "жагымдуу": 1,
  "жагымдуулук": 3,
  "жагымсыз": -3,
  "жагын": 2,
  "жагынан": 2,
  "жадатуу": -2,
  "жадатып кулак түргүч": 2,
  "жаза": -2,
  "жазаланат": -2,
  "жазалап": -3,
  "жазаласа": -3,
  "жазалоо": -2,
  "жазуу": 3,
  "жазылбаган": -2,
  "жайдары": 2,
  "жайлатуучу": -1,
  "жайлуу": 2,
  "жайлуулук": 2,
  "жайылтуу": 2,
  "жаккан": 3,
  "Жаккан жок": -2,
  "жакпайт": -2,
  "жактоо": 2,
  "жактоочу": 2,
  "жактоочулары": 1,
  "жакты": 2,
  "жактырбасын": -2,
  "жактырбоо": -2,
  "Жактыруу": 2,
  "жакшы": 2,
  "жакшыкоргоп,": 3,
  "жакшы багыт": 2,
  "жакшы жетпей": -2,
  "жакшы каранып": 2,
  "жакшы көрүү": 3,
  "жакшы көрчү": 2,
  "жакшы өнүккөн,": 2,
  "жакшы түзүлгөн": 2,
  "жакшы эмес": -2,
  "жакшылесинби": 2,
  "жакшылык": 2,
  "жакшылыктарды": 2,
  "жакшылыкты билбеген": -3,
  "жакшынакай": 2,
  "жакшыртат": 2,
  "жакшыртуу": 2,
  "жакшыртууда": 1,
  "жакшыртылган": 2,
  "жакшыруу": 2,
  "жакындык": 2,
  "жакыр": -2,
  "жалбаруу": 1,
  "жалган": -2,
  "жалганчылар": -3,
  "жалгыз": -2,
  "жалгыздык": 1,
  "жалкая": -2,
  "жалкоо": -1,
  "жалпы": -2,
  "жалтыраган": 4,
  "жалтырак": 3,
  "жалынданган": 3,
  "жаман": -2,
  "жаман ийгилик": -2,
  "жаман мүнөз": -2,
  "жамандыгы": -1,
  "жамандык": -3,
  "жамгыр өткөрбөс плащ": 2,
  "жамоо": -3,
  "жан тартуу": 2,
  "жан үрөп": -2,
  "жангыртылатын": 2,
  "жандуу": 1,
  "жансыз": -1,
  "жануу": 1,
  "жанчып": -1,
  "жаңжал": -2,
  "жаңжалдуу": -2,
  "жаңы": 1,
  "жаңылоо": 2,
  "жаңылтуу": -3,
  "жаңылык киргизүү": 1,
  "жаңылыштык": -2,
  "жара": -2,
  "жаракат": -2,
  "жаракат алган": -2,
  "жараксыз": -2,
  "жарактан": -1,
  "жарактуу": 2,
  "жарактуулугун текшерүү": 1,
  "жаралай": -2,
  "жараланган": -2,
  "жарамдуулук": 1,
  "жарат": -3,
  "жаратылыш": 1,
  "жардам": -2,
  "жардам берет": 2,
  "жарды": -2,
  "жаркын": 2,
  "жаркыраган": 3,
  "жаркырак": 1,
  "жарык": 2,
  "жарыктандырган": 2,
  "жарыктык": 1,
  "жарылуу": -2,
  "жарыялоо": -2,
  "жас": -1,
  "жасаган": 1,
  "жасагандар": -2,
  "жасалгалоого": 3,
  "жасалган": 1,
  "жасалма": -2,
  "жасоочулардын": 3,
  "жатты": -2,
  "жатышат": -1,
  "жаш": 2,
  "жашаганга үйрөткөн": -3,
  "жашоодо бир жолу": 3,
  "жашыл": 2,
  "жашыл жуу": -3,
  "жашыл жуугуч": -3,
  "жашынып": -1,
  "жашырган": -2,
  "жашыруу": -1,
  "жашыруун": -1,
  "жашыруун сөздөнүү": -3,
  "жашыруунун кажети": -1,
  "жашырылган": -2,
  "жаъгактар": -3,
  "жаӊжалдуу": -2,
  "жейт": -3,
  "жек": -2,
  "жек көргөн": -3,
  "жек көрүнчү": -2,
  "жек көрүү": -2,
  "желдеткич": 3,
  "жеме уккан": -3,
  "жемелебестен": -2,
  "жемеледи": -3,
  "жемелесе": -2,
  "жемишсиз": -2,
  "жемиштүү": 2,
  "жеңил": 1,
  "жеңилбес": 2,
  "жеңилдетүү": 1,
  "жеңиш": 3,
  "жеңүү": 4,
  "жеңүүчү аял": 2,
  "Жер титирөө:": -2,
  "жер титирөөдөн": -2,
  "жерден": -5,
  "жерди булгап": -2,
  "жесир": -1,
  "жетеби": 2,
  "жетекчилик": 1,
  "жетилбеген": -2,
  "жетилген": 2,
  "жетип": 3,
  "жетишкендиктери": 2,
  "жетишпегендик": -2,
  "жетишсиз": -2,
  "жетишсиздиги": -2,
  "жетишсиздик": -2,
  "жетиштүү": -2,
  "жетишүүгө тоскоол": -2,
  "жеткен": 1,
  "жеткиликтүү": 2,
  "жеткире баа бербөө": -1,
  "жетти": 1,
  "жетүү": 1,
  "жиберүүгө": -2,
  "жиберчү": 2,
  "жигердүүлүгү": 3,
  "жийиркене": -3,
  "жийиркеничтүү": -3,
  "жийиркенүү": -3,
  "жиликтейт": -2,
  "жин": -3,
  "жиндеп": -2,
  "жинди": -3,
  "жинин": -2,
  "жоболорду түшүндүрөт": 1,
  "жоголгон": -3,
  "жоголот": -1,
  "жогорку": 2,
  "жогору турган": 2,
  "жогорулатуу": 1,
  "жоготпогонго": -2,
  "жоготуу": -3,
  "жоготуулар": -3,
  "жок": -3,
  "жокко чыгарат": -1,
  "жокко чыгаруу": -1,
  "жокко чыгарылган": -1,
  "жоктугу": -2,
  "жол болбогон": -2,
  "жол кырсыгы": -2,
  "жолу болуу": 2,
  "жомоктогудай": 4,
  "жоокер болду": -2,
  "жоопкер": 2,
  "жоопкерчилик": 1,
  "жоопкерчиликсиз": -2,
  "жоопсуздуу": -2,
  "жорукпу": -2,
  "жөлөкпул": -3,
  "жөн": 2,
  "жөндөмдүү": 1,
  "жөндөмдүүлүгү": 2,
  "жөндөмдүүлүк": 1,
  "жөндөмдүүлүктөр": 2,
  "жөндөмсүз": -2,
  "жөнөкөй": -2,
  "жөнөкөйлөштүрүү боюнча": -2,
  "жөнөкөйлүк": 1,
  "жөнүн көрсөтүү": 1,
  "жубатарлык": 2,
  "жугузуу": -2,
  "жугуштуу": -3,
  "жуккан": -2,
  "жуктура": -2,
  "жумушсуз": -1,
  "жумушсуздук": -2,
  "жумшак": 1,
  "жумшарган": -2,
  "жууп салат": -1,
  "жүдөө": -2,
  "жүк": -2,
  "жүктөлгөн": -1,
  "жүктү": 2,
  "жүргүзүү": 1,
  "жүрө бериши": -2,
  "жүрүшүндө": -4,
  "жыгылды": -2,
  "жыйдым": -2,
  "жыйма": 4,
  "жыйноо": -2,
  "жылбай": -1,
  "жылдырылды": -1,
  "жылмайып": 2,
  "жылмаюу": 2,
  "жылмаюуулар": 2,
  "жылуу": 1,
  "жылуулук": 2,
  "Жылып": 4,
  "жылытарлык": 3,
  "жыпар жыттуу зат түтөтүлүүчү": -2,
  "жыргаган": 3,
  "жыргал": 3,
  "жыргалчылыктын": 2,
  "жыргаткан": 3,
  "жырткыч": -2,
  "залим": -2,
  "заманбапташтырды": 2,
  "зарылбы": 2,
  "заряддуу": -3,
  "зат": 1,
  "Зилот": -2,
  "зирек": 3,
  "зоболосу": 2,
  "зомбулук": -3,
  "зоо": -2,
  "зооктордон": 3,
  "зордук": -3,
  "зордукзомбулук": -3,
  "зордукзомбулук менен байланышкан": -3,
  "зордукталган": -4,
  "зордуктоо": -4,
  "зулумдуктардын": -2,
  "зыян": -2,
  "зыян келтирүү": -2,
  "зыян тийгизбейт": -1,
  "зыяндуу": -2,
  "зээндүү": 2,
  "Ида": -2,
  "изилдөө": 1,
  "ийгилик": 2,
  "ийгиликке": 3,
  "ийгиликсиз": -2,
  "ийгиликтерине": 3,
  "ийгиликтүү": 3,
  "ийилүү": -1,
  "ийри кылат": -2,
  "илбеген": -2,
  "илбериңки": 3,
  "илимге": -2,
  "илинди": -2,
  "иммундук": 1,
  "Индиана": -2,
  "интрига": 1,
  "иренжиди": -3,
  "иретсиз": -2,
  "ирээтсиздик": -2,
  "искат": 2,
  "история": 3,
  "ичи тарлык": -1,
  "ишаракет кылууга түрткү": 2,
  "иш жүзүндө": 2,
  "иш таштоо": -1,
  "ишенбес": -3,
  "ишенбөө": -2,
  "ишенбөөчүлүк": -3,
  "ишендирүү": 1,
  "ишенем": 1,
  "ишеним": 1,
  "ишенимдүү": 3,
  "ишенимдүүлүк": 2,
  "ишенич": 2,
  "ишенчээк": -2,
  "ишенчээктик": -2,
  "ишке ашкан жок": -2,
  "ишке ашырат": 2,
  "ишке ашыруу": 2,
  "ишмер эмес": -1,
  "иштебей жатат": -3,
  "иштебейт": -3,
  "иштешпей": -3,
  "каалабаган": -3,
  "каалаган": 1,
  "каалайт": 2,
  "каалап": 2,
  "каалап,": 5,
  "кааларлык": 1,
  "каалоо": 1,
  "каалоолор": 1,
  "каапыр": -2,
  "каапырлар": -2,
  "каар": -2,
  "каарга калуу": -2,
  "каардантышты": -1,
  "каарданууда": -2,
  "каарданышкан": -2,
  "каардуу": -3,
  "каарман": 2,
  "каармандары": 2,
  "каарманым": 3,
  "каары кайнап": -2,
  "каарым": -2,
  "каарын басат": -1,
  "кабатыр": -3,
  "кабыл алат": 1,
  "кабыл албоо": -2,
  "кабыл алды": 2,
  "кабыл алуу": -1,
  "кабыл алынган": 1,
  "кабыл алынгыс": -2,
  "кагылышат": -1,
  "кагылышуу": -2,
  "кадамды кубаттайт": 2,
  "кадырбарктуу": 2,
  "кадырбаркы": 2,
  "кадырлуу": 2,
  "казабыз": -2,
  "кайгы": -1,
  "кайгылануу": 2,
  "кайгылуу": -2,
  "кайгырган": -2,
  "кайгырып": -2,
  "кайгысы": -2,
  "кайдыгер": -2,
  "кайдыгерлик": -2,
  "кайнаткандар": -2,
  "кайра кесип": -2,
  "кайран": -2,
  "кайраттанып": 2,
  "кайраттуулук": 2,
  "кайраты": -2,
  "кайрылбай": -1,
  "кайрымдуулук": 2,
  "кайт": -2,
  "кайтты": 2,
  "кайырлуу": -2,
  "какая": -4,
  "какса": -1,
  "калган": -2,
  "калктуу": 1,
  "калп": -2,
  "калп күбөлүк": -3,
  "калпы": -2,
  "калпычы": -2,
  "калтаарышканын": 1,
  "калтырак": -2,
  "калтыруу": -1,
  "калуу": 3,
  "калуулары": -3,
  "калыбына келтирилди": 1,
  "калыбына келтирүү": 1,
  "калыбына келтирүүдө": 1,
  "калып": -2,
  "калыс": 2,
  "калыстык эмес": -2,
  "калычтуу": -2,
  "кам көргөн": 2,
  "камакка алуу": 2,
  "камакта": -2,
  "камактагы": -2,
  "камалып": -2,
  "камкордук": 2,
  "камкорсуз": -2,
  "камоого алуу": -2,
  "камсанаба": -2,
  "камсыз": 2,
  "камсыз кылуу": 1,
  "камсыз кылынбаган": -2,
  "камсыздаганын": 2,
  "камырабастыгы": -2,
  "канаат": -2,
  "канааттандыраарлык эмес": -2,
  "кандайдыр бир": 0,
  "кандайча коргогондугу": -2,
  "канжар": -2,
  "канкор": -3,
  "кантип тушумдо корсом болот?": -2,
  "канчалык опурталдуу": -1,
  "канчык": -5,
  "капа": -2,
  "капалантса": -2,
  "Капталнатыйжа": -2,
  "Капталтаасирлери": -2,
  "Капысынан": 3,
  "Караан": -2,
  "каражаттар": 2,
  "каракалпак": 3,
  "каракчы": -2,
  "каракчылык": -2,
  "караңгы": -1,
  "каратуу": -1,
  "карганганы": -2,
  "каргылданган": -2,
  "каргыш": -1,
  "каргыш тийген": -4,
  "карикатурасы": -2,
  "кармалган": -2,
  "кармалды": -3,
  "кармалууда": -1,
  "кармалык бузулуулардан": 2,
  "кармоо": -2,
  "кароосуз калган, ээн": -2,
  "каршы": -1,
  "каршы чыгып жатышат,": -1,
  "карыз": -2,
  "кастарлоо": 3,
  "кастык": -2,
  "ката": -2,
  "ката кетиришет": -2,
  "катаал": -2,
  "катаал Жакарта": -2,
  "катаалдык": -3,
  "каталар": -2,
  "катасын": -1,
  "каткан": -2,
  "каткыла": -1,
  "катуу": 3,
  "катуу үн": -2,
  "катуулатты": -2,
  "катышпоого чакырды": -1,
  "качанга": -2,
  "качкан": -2,
  "качма": 2,
  "качуу": -1,
  "качып": -1,
  "кедей": -2,
  "кедейдин": -2,
  "кедейлик": -1,
  "кежир": -2,
  "кездерде": -3,
  "кездешпеген": 2,
  "кейигендик": -2,
  "кейпсиз": -3,
  "кек": -2,
  "келгис": 2,
  "келесоо": -3,
  "келесоолук": -3,
  "келечеги": 1,
  "келжиректик": -2,
  "келип түшүүчү": -2,
  "келишет": 1,
  "келишим": 2,
  "келишимдүү": 2,
  "келишпестик": 2,
  "келиштирүү": 2,
  "келтирилген": -2,
  "келтирүү": -2,
  "келүүдө": -1,
  "келүүсүнөн": 2,
  "кем": -2,
  "кемчилдигинин": -2,
  "кемчилик": -2,
  "кемчиликсиз": 2,
  "кемчиликтер": -2,
  "кемчиликтерди": -3,
  "Кенан": 2,
  "кенен": 1,
  "кенч": 2,
  "кең пейил": 2,
  "кең пейилдүүлүк": 3,
  "кеңейтүү": 1,
  "кепил": 1,
  "кептер": -2,
  "Кептин баары": -1,
  "КЕРЕГИ": -4,
  "керексиз": -2,
  "керемет": 4,
  "кереметтердин": 3,
  "кереметтүү": 3,
  "керт башы": -1,
  "кесепетинен": -3,
  "кесепеттерди": -2,
  "кесепчилик": -2,
  "Кесибиз": 3,
  "кесилди": -2,
  "кесин": -1,
  "кесипкөй": -2,
  "кесиптик шыктарга үйрөтүү": -3,
  "кескин": -2,
  "кесүү": -1,
  "кетерин": 2,
  "кетирбейбиз": -2,
  "кетишин": -1,
  "кеткен": -1,
  "кетпе +": 2,
  "кетти": -1,
  "кетүү": 2,
  "кетүүнүн": 2,
  "кечигүү": -1,
  "кечирген,": 2,
  "кечирди": 2,
  "кечирим": -1,
  "кечирим сурады": -1,
  "кечирим суроо": -1,
  "кечиримдүү": 1,
  "Кечиримдүү": -2,
  "кечириңиз": -1,
  "кечирирлгис": -3,
  "кечирсе": 2,
  "кечирүү": 2,
  "кий инкилердин андай": -2,
  "кийим кийип барам": -1,
  "кийинип": -2,
  "кийинки": 3,
  "кийинкиге калтырганда": -1,
  "кийинкиге калтыруу": -1,
  "кийлигишүү": -2,
  "кийрем": 1,
  "килемче": 3,
  "киндер": 2,
  "кино": -2,
  "кипаристер": 2,
  "кир": -2,
  "киргизүү": -1,
  "кирдетүү": -2,
  "кирешелүү": 3,
  "китептери": 2,
  "кичирейтүү": -2,
  "киши өлтүргүч": -2,
  "киши өлтүрүп": -3,
  "киши өлтүрүү": -2,
  "кишини актайт": 2,
  "кишичили": -2,
  "кодулоо мүнөзүндө": -2,
  "кодулоочу": -2,
  "козголгон": 3,
  "козголо": -2,
  "козголоң": -2,
  "козголоңчу аял": -2,
  "козгоо": 3,
  "кокус": -2,
  "кокустан": -2,
  "кокустук": -2,
  "кол": -2,
  "кол салуу": -2,
  "кол чаап": 2,
  "кол чабуу": 2,
  "кол чабуулар": 2,
  "колдо": -2,
  "колдомокмун": -1,
  "колдоо": 1,
  "Колдоого": 2,
  "колдоочу аял": 2,
  "колдоочусу": 1,
  "колдун": -2,
  "коллизиялар": -2,
  "колунда жок": -2,
  "комедия": 1,
  "комикс": 2,
  "компетентсиздик,": -2,
  "компетенттүү": 2,
  "компетенттүүлүгү": 1,
  "комплимент": 2,
  "комфорт": 2,
  "Конг": -1,
  "Конрад": 2,
  "контрабанда кылуу": -2,
  "кооз": 3,
  "Коомдор": -2,
  "коопсуз": 2,
  "коопсуз эмес": -2,
  "коопсуздук": 1,
  "кооптонгондордун": -2,
  "кооптондурган": -2,
  "кооптуу": -2,
  "кор болгон дагы бир": -2,
  "коргой": -2,
  "коргойт": 1,
  "корголуучу": 1,
  "коргоо": 1,
  "коргоосуз": -2,
  "коргоочу": 2,
  "коргоочулар": 2,
  "коргошот": 2,
  "кордогон": -3,
  "кордогон түрдө": -2,
  "кордоо": -3,
  "Кордоо": -2,
  "кордоп": -2,
  "кордук": -2,
  "Кордук": -3,
  "корккон": -2,
  "Корккондон": -2,
  "коркок": 2,
  "коркок,": -2,
  "коркоктук": -2,
  "коркунуч": -2,
  "коркунучтарынан": -2,
  "коркунучтун": -2,
  "коркунучтуу": -2,
  "Коркунучтуу": -3,
  "коркуп": -3,
  "коркуткан": -3,
  "коркутулуп": -3,
  "коркутуу": -2,
  "коркуу": -2,
  "короз": -5,
  "короо": -2,
  "коротуу": -2,
  "кош": -3,
  "Кош келдиңиз": 2,
  "кошмо": 1,
  "кошоктун": -2,
  "кошоматчылык": 3,
  "коштогон": 3,
  "коштолуп": 3,
  "кошулуу": 1,
  "коюлууда": -1,
  "коюуда": -2,
  "көбөйдү": 1,
  "көбөйтүү": -3,
  "көз боемочулар": -4,
  "көз боемочулук": -1,
  "көз бойомочулуктарды": -4,
  "көз жаш": -2,
  "көз жумду": -3,
  "көз карандуу": -2,
  "көз каранды": 2,
  "көзөмөл": -1,
  "көйгөйлөр": -2,
  "көмөктөшөт": -2,
  "көмөктөшүүчү": 1,
  "көмүскө": -2,
  "көнүлсүз": -3,
  "көнүп алгандык": 3,
  "көңдөй": -1,
  "көңул": 2,
  "көңүл алуу": -2,
  "көңүл калган": -2,
  "көңүл калгандык": -2,
  "көңүлдүү": 2,
  "көп": 3,
  "көпкөп": 3,
  "көр": -2,
  "көргөн": 2,
  "көрктүү": 2,
  "көркү кеткен": -2,
  "көркүн ача": 2,
  "көрмөксөн": -1,
  "көрө албоо": -1,
  "көрөгөч": 3,
  "көрсөтүлбөгөн": -2,
  "көрүнүктүү": 3,
  "көрүнүш": 1,
  "көрүнүштөрүнүн": 1,
  "көрүнүшү чагылгандын": -1,
  "көрүү": -2,
  "көрчү +": 2,
  "көтөрүлөт": 1,
  "көтөрүлүү": 1,
  "көтөрүлүш": -2,
  "көчүрүү": -1,
  "көшөрүп": -1,
  "кризис": -3,
  "кубанган": 4,
  "кубангыла": 4,
  "кубантпай": 1,
  "кубанып": 4,
  "кубаныч": 3,
  "кубаныч менен": 3,
  "кубанычка бөлөйт?": 3,
  "кубанычтабыз": 3,
  "кубанычтуу": 3,
  "кубанышыбыз": 3,
  "кубатсыз": -2,
  "кубаттаган": -3,
  "кубаттайт": 2,
  "кубаттоо": 1,
  "Кудай": 1,
  "Кудайдын алдына": 3,
  "Кудайындай көрөт": 3,
  "кужурун алчу": -2,
  "кул": -2,
  "кул гана": -2,
  "кулак тундурган": -1,
  "кулак түргөн": 1,
  "кулак түргүч": -2,
  "кулдар": -3,
  "кулчулук": -3,
  "кумарланган": 2,
  "кумарына": 2,
  "кумурскалар": -2,
  "кун": 2,
  "кунт коюп": 2,
  "куп": -2,
  "курал": -1,
  "курбалдаш": -2,
  "курмандыктар": -3,
  "Курметти": -1,
  "курттарга каршы зат": -2,
  "куртун": -2,
  "куруш керек": -2,
  "курч": 2,
  "курчамак": -1,
  "курчоо": -2,
  "кускан": -3,
  "кусунду": -3,
  "кусуу": -3,
  "куткаруу": 2,
  "куткарылды": 2,
  "куткарылуу": 2,
  "кутмандуу таң": 1,
  "Куттуктайбыз": 2,
  "куттуктоо": 2,
  "куттуктоолор": 2,
  "куттуктоосу": 2,
  "куу": 2,
  "куугандар": -2,
  "куугунтукка": -2,
  "куугунтукка алган": -3,
  "куугунтуктагандар": -2,
  "куугунтуктап жатат": -2,
  "куугунтукташат": -2,
  "куугунтуктоо": -3,
  "куудул аял": 1,
  "куулук": -2,
  "кууп": -2,
  "кууп жиберүү": -2,
  "кучакташып": 2,
  "кучактоо": 1,
  "күйбөгөн": -2,
  "күйүп": -1,
  "күлгөн": 1,
  "күлдү": 1,
  "күлкү": -2,
  "күлкүлүү": -3,
  "күлкүмүштүү": -3,
  "күлкүнүчтүү": 3,
  "Күлүк": 2,
  "күлүү": 1,
  "күлүштү": -2,
  "күмөн санаган": -1,
  "күмөндүү": -2,
  "күндүн нуру": 2,
  "күнөө": -2,
  "күнөө кылуу": -2,
  "күнөөлөп": -2,
  "күнөөлүү": -3,
  "күнөөнү": -3,
  "күнтартип": -2,
  "күрөш": -2,
  "күрөшүп": -2,
  "күрөшүп,": -1,
  "күрөшүшкөн": -2,
  "күттүргөн": -1,
  "күтүп жаткан": -1,
  "күтүп турат": -1,
  "күтүү": 1,
  "күч": 2,
  "күчкубат берет": 2,
  "күчөткөн": -2,
  "күчөтөт": -2,
  "күчөтүлдү": -2,
  "күчөтүлөт": 2,
  "күчөтүү": -2,
  "күчөшүнө негиз": -2,
  "күчтүү": 1,
  "кыжаалат": -2,
  "кыжырданат": -3,
  "кыжырданган": -2,
  "кыжырданды": -3,
  "кыжырданткан": -3,
  "кыжырдануу": -2,
  "кыжырлантты": -2,
  "кыжырланып": -2,
  "кыжырын": -3,
  "Кызжигит": 2,
  "кызарат": -3,
  "кызгануу": -2,
  "кызганчаак": -2,
  "кызыгарлык": 2,
  "кызыгып": -2,
  "кызыгып,": 3,
  "кызыкдар": -2,
  "кызыксыз": -2,
  "кызыктай": -1,
  "кызыктуу": 3,
  "кызыкчылыктар": 1,
  "кыйкыруу": -2,
  "кыйкырыктан": -2,
  "кыйкырыктары": -2,
  "кыйкырып": -2,
  "кыйналуу": -3,
  "кыйналуусу": -2,
  "кыйналып": -2,
  "кыйнап": -2,
  "кыйнашына": -3,
  "кыйноо": -4,
  "кыйноого": -4,
  "кыйрады": -2,
  "кыйранды": -2,
  "кыйраткан": -2,
  "кыйраткандарды": -2,
  "кыйратуу": -2,
  "кыйратуучу": -3,
  "кыйроо": -2,
  "кыйроого": -2,
  "кыйынчылыксыз": 2,
  "кылалбагандык": -2,
  "кылдаттыгы": -2,
  "кылмыш": -3,
  "кылмыш иши козголгон": -2,
  "кылмышкер": -3,
  "кылмышкерлер": -3,
  "кылмыштар": -3,
  "кылуу": 1,
  "кылымыш": -1,
  "кымбат": -2,
  "кымбат баалуу таш": 3,
  "кымбаттуу": 2,
  "кындын": -3,
  "кынтыксыздыкка": 2,
  "Кыпчактардын": -2,
  "кыраакылык": 2,
  "кырсык": -2,
  "Кырсык": -2,
  "кырсыктар": -2,
  "Кырсыктар": -2,
  "кырсыктуу": -3,
  "кырылып": -2,
  "кыскакөргөн": -2,
  "кыска көсөмдүктү": -2,
  "кыскандык": -2,
  "кыскартуу": -1,
  "кысым": -2,
  "кысымга алуучу": -2,
  "Кытайды": -2,
  "кычыштырган": -2,
  "кыялдар": 1,
  "кыяматтык": -2,
  "кыянаттык менен": -2,
  "кыянаттык менен пайдалануу": -3,
  "лауреаты": 4,
  "лб": 3,
  "легалсыз": -3,
  "лезгинка": -3,
  "ликтен": 2,
  "лобби": -2,
  "логикага сыйбаган": -2,
  "лунатик": -3,
  "маани": -2,
  "мааниге ээ": 2,
  "маанилүү": 2,
  "маанисиз": -2,
  "маданий": -1,
  "маданиятсыздык": -2,
  "мажбур": -1,
  "мажбурланышы": -2,
  "мажбурлоо": -2,
  "мазактап": -2,
  "мазактаса": -2,
  "майдалоо": -1,
  "майрамдар": 3,
  "майрамдоо": 3,
  "майрамдык": 2,
  "мактаган": 3,
  "макталат": -2,
  "мактанчаак": -2,
  "мактоо": 3,
  "мактоого": 2,
  "мактоолор": 2,
  "макул": 1,
  "макул эмес": -2,
  "макулдашылган": 1,
  "макулдук": 2,
  "мамлекеттик айыптоону": -1,
  "мансапкор": 2,
  "марттык менен": 2,
  "мас": -3,
  "маселе": -2,
  "маселелер": 1,
  "маска кийгизүү": -1,
  "масы": 3,
  "медаль": 3,
  "мекенчилдик": 2,
  "менен аларга каршы согушту,": -1,
  "менен алек": 1,
  "менен Амордун кыйратылышы": 3,
  "менен коштошуу": -2,
  "менен уктабай": -2,
  "менсинген": -2,
  "мертинүүдөн кийинки жана": -2,
  "методикалык": 2,
  "методический": 2,
  "мийик": -2,
  "милдеттүү": -1,
  "миналоо": -2,
  "миндеген": 2,
  "мисал": 2,
  "митаамдык": -1,
  "МКЮЖдын": -2,
  "мойнуна алды": -1,
  "мойнундагы сыйыртмак": -2,
  "мол": 2,
  "момун": 1,
  "Момун": -2,
  "момунду": -2,
  "монополия": -2,
  "монополияланышын": -2,
  "монополиялаштырып": -2,
  "Монотондуу": -1,
  "Монти": -2,
  "моюн сунган": -2,
  "мөндүр": 2,
  "МТБ": 2,
  "муз": 2,
  "муктаж": -2,
  "мунайчы": -2,
  "муң": -2,
  "мурдараак": -2,
  "Мурэн": -3,
  "муунду": -2,
  "муунтуп": -2,
  "муунтуу": -2,
  "мушкетон": -2,
  "мүлк": 2,
  "мүмкүн": 1,
  "мүмкүн болгон": 1,
  "мүмкүн эмес": -1,
  "мүмкүнсүздүк": -2,
  "мүмкүнчүлүк": 2,
  "мүмкүнчүлүктөр": 2,
  "мүмкүнчүлүктөрү": 1,
  "мүнөзгө": 2,
  "Мыйзам бузуу": -2,
  "мыйзамга туура келбеген иш": -2,
  "мыйзамдуу": 1,
  "мыйзамсыз": -2,
  "мыкаачылык менен": -3,
  "мыкты": 3,
  "мыкты шайтан алгыр": 4,
  "мыктылык": 3,
  "мыскылдуу": -1,
  "н": -1,
  "наадандык": -3,
  "нааразы": -2,
  "Нааразы болгон": -2,
  "нааразылыгы": -2,
  "нааразылык": -2,
  "набат": -5,
  "назик": 2,
  "назиктик": 2,
  "намаз": 1,
  "намысына": -2,
  "насаат": -2,
  "натыйжалуу": 2,
  "натыйжалуулугу": 2,
  "натыйжасыз": -2,
  "натыйжасыздыгы": -2,
  "начар": -3,
  "начарлады": -2,
  "начарлайт": -2,
  "начарлап": -3,
  "начарлатса": -3,
  "начарлашына": -3,
  "начарлоо": -2,
  "начарлоодо": -2,
  "негизделген": 2,
  "негиздүү": 2,
  "немелер": -3,
  "нерселерин бүлдүрөт": -2,
  "никесиз төрөлгөн": -5,
  "новатордук": 2,
  "номерге": -1,
  "нормадан тышкары": -2,
  "нъъкор": -4,
  "обочолоду": -2,
  "обочолонгон": -1,
  "образдар": 2,
  "образдар,": -1,
  "ого бетер": -2,
  "одоно бузуу": -3,
  "ой": -2,
  "ой келишпегендик": -2,
  "ойготкуч": -2,
  "ойдон чыгарылган": -1,
  "ойлондурарлык": -1,
  "ойноок": 2,
  "ойнотуу": 3,
  "ойрон": -3,
  "ойсуз": -2,
  "ойчул": 2,
  "окугандарыбыздын үстүнөн ой жүгүртүү": 1,
  "окуялуу": 2,
  "окшобогон": -1,
  "окшойбу": -2,
  "олдоксон": -2,
  "олкусолку": -1,
  "олкусолку болгон": -2,
  "олуттуу": 1,
  "олуттуу жетишкендик": 3,
  "онтогон": -2,
  "онтоо": -2,
  "онтоп,": -2,
  "оң": 2,
  "оо": 4,
  "ооба": 1,
  "ооба,": 1,
  "оор": -3,
  "оор басырыктуу": -1,
  "оор жана өзгөчө": -3,
  "оор түйшүк": -2,
  "оордогон": -2,
  "оордук": -2,
  "оору": -2,
  "оорубай": -2,
  "оорубаса": -5,
  "ооруйт": -2,
  "ооруканага": -2,
  "оорукчал": -2,
  "оорулар": -2,
  "оорулары": -1,
  "оорулуу": -2,
  "оорумуш": -1,
  "оорундоо": 2,
  "ооруп": -2,
  "ооруткан": -2,
  "оорутпаган": -2,
  "оптимизм": 2,
  "опузалоо": -3,
  "оратордун": 2,
  "орношот": -2,
  "орой": -3,
  "ортолук": -3,
  "орунсуз": -2,
  "от": -2,
  "оту менен": 1,
  "отурат": -2,
  "ошондой эле эсепөлчөм менен калыпка": 2,
  "оюк": -2,
  "оюнөзгөртүү": 3,
  "оюн зоока": 3,
  "оюнча РИМ": -2,
  "өбөлгө": 1,
  "өбүү": 2,
  "өжөр": -2,
  "өз өмүрүнө кол салышы": -2,
  "өзгөрбөгөн": -3,
  "өзгөртөт": -2,
  "өзгөчө": 2,
  "өзгөчө кырдаал": -2,
  "өзөчө": -2,
  "өзүмчүл": -3,
  "өзүмчүлдүк": -3,
  "өзүнөзү алдап": -2,
  "өзүнөзү ишенип,": 2,
  "өзүнөзү карамакаршы": -2,
  "өзүнөзү кыянаттык менен пайдалануу": -2,
  "өзүнөзү өлтүрүү": -2,
  "өзүн өзү өлтүрүү": -2,
  "өзүнөн өзү": -2,
  "өкүм": -1,
  "өкүмдөр": -1,
  "өкүнүп,": -2,
  "өкүнүү": -2,
  "өкүнүч": -2,
  "өкүнүчтүү": -2,
  "өкүрүк": -2,
  "өлбөс": 2,
  "өлгөн": -3,
  "өлгүдөй": -2,
  "өлкөгө": -2,
  "өлтүрбөй": -2,
  "өлтүргүч": -2,
  "өлтүрө турган": -3,
  "өлтүрөт": -3,
  "өлтүрүү": -3,
  "өлтүрүштү": -1,
  "өлүк": -1,
  "өлүктү коюу үрпадаты": -1,
  "өлүм": -2,
  "өлүмдүү": -3,
  "өлүп": -3,
  "өлүү": -3,
  "өлчөмсүз": -2,
  "өмүрүн": 4,
  "өндүрүп алууну күрөөнүн жүйөсүнө айлантуу": -2,
  "өсүп": 1,
  "өсүш": 2,
  "өсүшү": 1,
  "өткөөлдү тосуу": -2,
  "өткөргөнү": -1,
  "өткүр": 2,
  "өтө көп боенгон": -1,
  "өтө начар": -3,
  "өтүнөмүн": 1,
  "өтүп кеткен": -1,
  "өч": -2,
  "өч алуу": -2,
  "өч алуучу": -2,
  "өчүрүлгөн": -2,
  "өчүрүп": -1,
  "өчүрүү": -2,
  "пайда": 2,
  "пайдаланууга": -2,
  "пайдаланып,": -2,
  "пайдалуу": 2,
  "пайдасы": 2,
  "пайдасыз": -2,
  "пайдасыздыгы": -2,
  "пайыздык": 1,
  "пара": -3,
  "пара берүү": -3,
  "парадокс": -1,
  "Парли": -1,
  "пас": -2,
  "патогендүү": -2,
  "педик": -3,
  "пессимисттик": -2,
  "Пике": -2,
  "планы": -2,
  "Планы": -3,
  "пой": 2,
  "популярдуулугу": 3,
  "практикасы": -2,
  "президентке импичмент жарыялоо": -3,
  "прокуратура": -1,
  "пропагандалап,": -2,
  "психопат": -2,
  "пылкий": 2,
  "рак": -1,
  "расалар": -3,
  "расизм": -3,
  "расист аял": -3,
  "Расулалланы": -2,
  "раты": 2,
  "рахмат": 2,
  "Реджеп": 2,
  "Репалз": -1,
  "репрессиянын": -1,
  "рептилиялардын": -4,
  "репутация": 1,
  "роза": 1,
  "роман": 2,
  "романс": 2,
  "рух": 1,
  "Рухтун жетеги менен жазылган": 2,
  "рэп": -2,
  "сабакка келбегендер": -1,
  "сабалган": -2,
  "сабатсыз": -2,
  "сабатсыздык": -2,
  "сабаттуу": 2,
  "саботаж": -2,
  "Сабыры суз": -3,
  "сак": 2,
  "сакайтууга": 2,
  "сакталат": -1,
  "сакталган": 2,
  "сактык": 1,
  "салам": 1,
  "саламдашты": 2,
  "саламдашуу": 2,
  "салганга": -3,
  "салгылаш": -1,
  "салгылашуу": -1,
  "салды": -2,
  "салкын нерселер": 3,
  "салкындап": -1,
  "салмагынан артык": -1,
  "салмактуу": 1,
  "салсын": -2,
  "салтанат": 3,
  "салтанаттуу": -1,
  "санаалаш": 2,
  "санаасыз": 1,
  "саноолор": -1,
  "сап": 1,
  "сапат": 2,
  "сапаттары": 2,
  "сараң": -2,
  "сарсана болуу": -2,
  "сасык": -2,
  "сасык жыт": -2,
  "сасып": -2,
  "сатарлык": -2,
  "сатуу": -2,
  "сатыла элек": -1,
  "сатып алуу": -3,
  "Сахнанын": -2,
  "саюу": -2,
  "себепсиз": -2,
  "сезгенип": -2,
  "сезгич": 2,
  "сезим": 1,
  "сезимсиз": -2,
  "сезүү": -1,
  "секси": 3,
  "сексисттик": -2,
  "селейип": -2,
  "Сениби,": -2,
  "сергек": 3,
  "сигнал": 1,
  "сийүү": -4,
  "скептикалуу": -2,
  "слэш": -2,
  "смешнее": 4,
  "смог": -2,
  "согуш": -2,
  "согуштар": -1,
  "созулса": -1,
  "сойку": -4,
  "сокку": -2,
  "сокур": -2,
  "сонун": 3,
  "соруп": -3,
  "соруу": -3,
  "сот": -2,
  "сот аркылуу куугунтуктоо": -1,
  "сот тарабынан куугунтуктоо": -2,
  "сотко": -2,
  "сотко арыз": -2,
  "сотко чакыруу кагазы": -2,
  "соттолгон": -2,
  "соттошуу": -1,
  "соттошууда": -2,
  "соттук": -2,
  "сөгүш": -2,
  "сөгүш жарыялады": -2,
  "сөзсүз": -2,
  "сөзүн": -2,
  "сөөк коюу": -1,
  "спам": -2,
  "спам жасоочуларга": -3,
  "ст =": -2,
  "стереотип": -2,
  "стимулдайт": 1,
  "стресс": -2,
  "стрессти пайда кылуучу": -2,
  "сузгуч": 3,
  "суктанарлык": 3,
  "суктандыруучу": 3,
  "суктануу": 3,
  "сулуу": 1,
  "сулуу анал": 4,
  "сулуулук": 3,
  "сунуш": 2,
  "сунуш кылуу": 2,
  "супер": 3,
  "сурак": -2,
  "суралат бyт": -2,
  "сурамжылоону": -1,
  "суранды": -2,
  "суроо": -1,
  "суук": 3,
  "Суусу": -2,
  "сүзүшүп": -1,
  "сүйгөн": 2,
  "сүйкүм": 3,
  "сүйкүмдүү": 2,
  "сүйкүмдүү анал": 4,
  "сүйлөдү": -2,
  "сүйлөм": -2,
  "сүйлөмдөр": -2,
  "сүймөнчүктүү": 2,
  "сүйөт": 3,
  "сүйрөп": -1,
  "сүйрөп баруу": -1,
  "сүйүктүү": 2,
  "Сүйүктүүлөр": 2,
  "сүйүнгөнүн": 5,
  "сүйүнүп": 2,
  "сүйүү": 3,
  "сүйүү менен боорукердик": 3,
  "сүйүү өрчүтүү": 2,
  "сүйүүдөн": 3,
  "сүр көрсөткөн": -3,
  "сүргүн": -2,
  "сүргүнгө айдоо": -2,
  "сүрдөп": -2,
  "сүрүп таштайт": 1,
  "сүрүштүргөндүн": -2,
  "схемаларга": -2,
  "сый": 2,
  "сыйкырдуулук": 3,
  "сыйлаган": 2,
  "сыйланды": 3,
  "сыйлуу": 3,
  "сыйлык": 2,
  "сыйлыктар": 3,
  "сыймык": 2,
  "сыймыктануу": 2,
  "сыйруу": 2,
  "сыйынганы": 1,
  "сыйынууга": 3,
  "сылык": 2,
  "сылыктык": 2,
  "сымал": 0,
  "сын": -2,
  "сыналып": -3,
  "сынга алды": -2,
  "сынган": -1,
  "сындоо": -2,
  "сындырган": -2,
  "сындырды": -1,
  "сынчы": -2,
  "сынчылар": -2,
  "сыпайычылык": 2,
  "сырдуу": -2,
  "сырткары": -1,
  "сыртыбыздан": 2,
  "сыяктуу": 2,
  "т³пт¼л³ш³ каралат": 2,
  "таазим": 3,
  "Таалай": -2,
  "таандык": -2,
  "таануу": 1,
  "ТААНУУ": 2,
  "таарынган": -2,
  "таарынтат": -2,
  "таарынтса": -2,
  "таасирлендим": 3,
  "таасирлүү": 2,
  "таба": -2,
  "табында,": 1,
  "табынып": 3,
  "тагдыр": 3,
  "тажатма": -2,
  "тажоо": -2,
  "таза": 2,
  "тазаланды": 1,
  "тазалогыч": 2,
  "тазалоо": 1,
  "тайгалануу": -1,
  "так": -2,
  "так белгилүү эмес": -1,
  "такалгандай": -2,
  "таксиге": 2,
  "такталбаган": -1,
  "талант": 2,
  "таланып": -2,
  "талап": -1,
  "талапкер": -1,
  "талаш": -2,
  "талаштартыш": -2,
  "талаштартыштар": -2,
  "талаш тартыш": -2,
  "талаштуу": -2,
  "талашуу": -2,
  "талашып": -1,
  "талдоо": -2,
  "талкаладым": -2,
  "талкаланган": -2,
  "талкаланганы": -2,
  "талкаланышын": -2,
  "талкалап": -2,
  "талкаларына": -2,
  "талкалоо": -3,
  "талыгуу": -2,
  "тамаша": 2,
  "тамашакөйлүгү": 2,
  "тамашалары": 2,
  "тамашалуу": 4,
  "тамтыгы кеткен": -1,
  "тамчы": -1,
  "тануу": -2,
  "таң калаарлык": 3,
  "таң калтыруу": 3,
  "тапшырган": 2,
  "тапшыруу арызын жазды": -1,
  "тарамыш тартышуу": -1,
  "тарбиялуу": 2,
  "тардыктардан": -1,
  "тартат": 1,
  "тартуу": 1,
  "тартылган": 1,
  "тартып алуу": -2,
  "тастыкталууда": -2,
  "татаал": -1,
  "татаалдаштыруучу": -2,
  "таттуу": 2,
  "татыксыз": -2,
  "Татыксыз": -2,
  "татыктуу": 2,
  "татынакай": 2,
  "таш боор": -1,
  "таштанды": -1,
  "Таштандылар": -1,
  "таштап": -2,
  "таштап коюу": -1,
  "ташташат": -2,
  "таштоолор": -2,
  "таянат": 1,
  "тез арада": 2,
  "тентек": -2,
  "тентектик": -2,
  "теңсинбеген": -2,
  "теңтайлашуучу": -1,
  "тереңдик": -2,
  "Терилер": -1,
  "террор": -3,
  "террористтик": -2,
  "террорчулар": -2,
  "терс": -2,
  "тизмеден чыгуу": -1,
  "тийилбеген": 2,
  "тикенектүү": -2,
  "тилекке каршы": -1,
  "Тилекке каршы": -2,
  "тилектештик": 2,
  "тилкеден": -2,
  "тинтип": -2,
  "тирөөчү": 2,
  "тирүү": 2,
  "тирүү калган аял": 2,
  "титирей": -2,
  "титирейт": -3,
  "титиреп": -2,
  "титирөө": -2,
  "тиши": -2,
  "тобокел": -2,
  "тобокелдиктер": -2,
  "тобокелдүү": -2,
  "тоготпой,": -2,
  "тозок": -4,
  "тойгон": -3,
  "тойду": -2,
  "токтоо": -1,
  "токтоолук": 2,
  "токтоосуз": 1,
  "токтоп": -2,
  "токтотулду": -1,
  "токтотуу": -1,
  "токтотуу эле": -1,
  "толбой": -1,
  "толгус": -2,
  "толкундануу": 3,
  "толугу менен": 3,
  "толук": 2,
  "толук эмес": -1,
  "толуп,": 4,
  "тонолгон,": -2,
  "тоноочулук": -3,
  "тоскоол": -2,
  "тоскоол кылуу": -2,
  "тоскоол кылып": -2,
  "тоскоолдук": -2,
  "тоскоолдук кылуу": -2,
  "тоскоолдуктар": -2,
  "тосуп": 1,
  "тосуп алды": 2,
  "тосуу": -1,
  "тоталитардык": -2,
  "тоталитаризмге": -2,
  "төгүндүлөрдүн": -1,
  "төлөмдөр": -2,
  "төлөнбөгөн": 5,
  "төлөө": -1,
  "төмөн": -1,
  "трагедия": -2,
  "трагедиялуу": -2,
  "ттынчсыздануу": -2,
  "тузак": -1,
  "тура": -3,
  "турбасын,": -1,
  "турмушка": 3,
  "туруксуз": -1,
  "туруктуу": 2,
  "туруктуулук": 1,
  "туталанган": -3,
  "туудурган": 3,
  "туудурду": 3,
  "туура": -2,
  "туура багыт": 3,
  "туура келген": 2,
  "туура эмес": -3,
  "туура эмес колдонуу": -2,
  "туура эмес түшүнүү": -2,
  "тууралыгын ырастоо": 2,
  "туюнтуп": -1,
  "түз": 1,
  "түйүлдүк": 2,
  "түйшүгү": 2,
  "түн": -1,
  "түнөргөн,": -2,
  "түр": 2,
  "түркөйлүктүн": -2,
  "түрмө": -2,
  "түрмөгө": -2,
  "түрмөдө": -2,
  "түрткү": 2,
  "түрткү берүү": 1,
  "түртүү": -2,
  "түртүүдө": -2,
  "түтөп,": -2,
  "түш": 1,
  "түшкөн": -1,
  "түшүнбөй": -2,
  "түшүнүксүз": -2,
  "түшүнүп алганда": -2,
  "түшүнүү": 2,
  "түшүнүүнүктүү": -2,
  "түшүп": -2,
  "түшүрбөгөн": -2,
  "түшүү": -2,
  "түшүүчү": -2,
  "тыгылып": -2,
  "тыгып": -2,
  "тыйды": -3,
  "тыйуу салуу": -2,
  "Тыкандыгы": 2,
  "тымызын": -3,
  "тынсызданууну": -1,
  "тынч": 2,
  "тынчсыз": -2,
  "тынчсыздана": -2,
  "тынчсызданган": -2,
  "тынчсыздануу": -2,
  "тынчсыздануулары": -3,
  "тынчсызданып": -1,
  "тынчтандырып": 2,
  "тынчты": -2,
  "тынчты алуу": -2,
  "тынчтык": 2,
  "тынчтык жолу менен": 2,
  "тынчы жок": -2,
  "тынчыбызды": -2,
  "тынчыз": -2,
  "тынчылык": 2,
  "тынчын алуу": -3,
  "тынчытуу": 2,
  "тынчытыш": 3,
  "тыныгуу": -2,
  "тыюу": -2,
  "тыюу салат": -1,
  "тыюу салуу": -1,
  "тыюу салынган": -2,
  "тыянаксыз": -2,
  "убада": 1,
  "убадалар": 1,
  "убактылуу токтотулду": -1,
  "Ужасы": -1,
  "узак": 2,
  "узартуу": 1,
  "узартылды": 1,
  "уйку качуу": -2,
  "УКМКдан": -1,
  "укмуш": 3,
  "укмуштуу": -3,
  "уктурула баштады": -2,
  "укугу бар": 1,
  "укук бузуулар": -2,
  "укуктук": 1,
  "укуктуу": 2,
  "улуу": 4,
  "улуу анал": 4,
  "унайййды": -4,
  "унутту": -1,
  "унутуп": -1,
  "унутуу": -1,
  "унутчаак": -2,
  "Ура": 2,
  "Ураа": 3,
  "ургулай": -2,
  "урматсыздык": -2,
  "урматтабайт": -2,
  "урматтай": 2,
  "урматтуу": 2,
  "урожай": 2,
  "уруксат берүү": 1,
  "уруу": -1,
  "уруша": -2,
  "урушуу": -2,
  "урушушканда": -2,
  "усталык": 2,
  "уттурган аял": -3,
  "утуп алган": 4,
  "утуштар": 4,
  "уу": -2,
  "ууланат": -2,
  "ууланды": -2,
  "уулар": -2,
  "уулардын": -2,
  "уулуу": -3,
  "уурдалган": -2,
  "уурдалды": -2,
  "уурдап": -2,
  "уурдоо": -2,
  "уурдоого": -3,
  "уурулук": -2,
  "уч": -2,
  "учкун": 1,
  "учса,": -2,
  "учту": -2,
  "учур": 2,
  "учуратуу": -2,
  "учуроо": -1,
  "ушунчалык": 3,
  "уялат": -2,
  "уялган": -2,
  "уялтуу": -2,
  "уялуу": -2,
  "уяң": -2,
  "уят": -3,
  "уятка": -2,
  "Уятка": -2,
  "уяткаруу": -2,
  "уятсыз": -2,
  "уятсыздык": -2,
  "уятсыздын": -2,
  "уяттуу": -2,
  "уяты жок": -2,
  "үгүтчү": -2,
  "үзгүлтуктөр": -2,
  "үзгүлтүккө": -2,
  "үзгүлтүккө учурады": -1,
  "үзгүлтүккө учурата": -2,
  "үзгүлтүктөр": -2,
  "үзүлдү": -1,
  "үзүшөт": -3,
  "үйдө жайлуулук": 2,
  "үйдү сагынуу": -2,
  "үйү жок": -2,
  "үлүштөрү": 1,
  "үлүшү": 1,
  "үмүт": 2,
  "үмүт үзүү": -2,
  "үмүтсүз": -3,
  "үмүтсүздүккө": -2,
  "үмүттөнгөн": 2,
  "үмүттөндүргөн": 2,
  "үн берүү": -2,
  "үндөбөйт": -2,
  "үнүнөн": -1,
  "үркө": -3,
  "Үрөйдү учурган": -2,
  "үчурда": -2,
  "үчүн балаты майрамы": 1,
  "үшкүрүп": -2,
  "фантастикалык": 4,
  "фантастикалык анал": 4,
  "фашист": -2,
  "харизма": 2,
  "хаха": 3,
  "хехе": 2,
  "хосттун": -5,
  "цензор": -2,
  "чаалыгып": -2,
  "чайкоо": -3,
  "чак": -2,
  "чакырат": 2,
  "чакырбагыла": -2,
  "чакыруу": 1,
  "чакырык": -1,
  "чалгындоо": 1,
  "чалдыгышкан": -2,
  "чалдыккандардын": -2,
  "чапкандай": -2,
  "чаржайыт": -2,
  "чарчаган": -2,
  "чарчап,": -2,
  "чаташкан": 2,
  "чатыштыруу": -2,
  "чебер жасалган": 4,
  "чегинүү": -1,
  "чек белгиси": 2,
  "чектелген": -1,
  "чектен": -2,
  "чектери": -1,
  "чектөө": -1,
  "чемпионы": 2,
  "чердин": -1,
  "четке кагат": -1,
  "четке кагуу": -2,
  "четке какты": -2,
  "чечеби": 1,
  "чечилет": 1,
  "чечим": 2,
  "чечимдер": 1,
  "чечиндирүү": -2,
  "чечишти": -2,
  "чечкиндүү": 2,
  "чечкинсиз": -2,
  "чечти": 3,
  "чечүү": 1,
  "чечүүчү": 1,
  "чийки": -1,
  "чиймени": 3,
  "чилери": 3,
  "чирик": -2,
  "чиркин": 4,
  "чокулары": 2,
  "чоң": 1,
  "чоң кубаныч": 2,
  "чочуласа,": -3,
  "чочуп": -2,
  "чөгөрөт": -2,
  "чөгүп кеткен": -2,
  "чөгүү": -2,
  "чөккөн": -2,
  "чөккөндөрдү": -2,
  "чөктүргөн": -2,
  "чөлгө": -2,
  "чума": -3,
  "чуулгандуу": -2,
  "чүчкүргөндө": -2,
  "чүчкүрүп": -2,
  "чүчкүрүү": -2,
  "чыгармачыл": 2,
  "чыгаруу": 1,
  "чыгарылгандарга": -2,
  "чыгарып таштоо": -1,
  "чыгуу": -2,
  "чыдабаган": -2,
  "чыдагыс": -2,
  "чыдай ала турган": 2,
  "чыдамкайлык": 2,
  "чыккынчыларга,": -3,
  "чыккынчылык": -3,
  "чыккынчылык кыла": -3,
  "чыкты": 4,
  "чымын": -3,
  "чымыркануу": -1,
  "чын": 2,
  "чын дилимен": 2,
  "чын жүрөктөн": 3,
  "чыныгы": 2,
  "чыр": -2,
  "чырчатактар": -3,
  "чыр киши": -3,
  "чырайына": 4,
  "чырпыктарды": -3,
  "шайды": -2,
  "шайкеш": -2,
  "шайтан": -3,
  "шайтан алгыр": -2,
  "шайтан алгыр жакшы": 4,
  "шайтан алгыр сүйкүмдүү": 3,
  "шайыр": -2,
  "шайырлуу": 3,
  "шарапаттуусу": 2,
  "шаттанабыз": 3,
  "шаттанган": 3,
  "шаттануу": 3,
  "шашылыш": -1,
  "шектенбестен,": -1,
  "шектенгендерден": -2,
  "шектенишүүдө": -1,
  "шектүү": -1,
  "шериктеринин": -2,
  "Шилого": -2,
  "шилтешип,": -1,
  "ширкти": -3,
  "шишиген": -1,
  "шишик": -2,
  "шлема": -2,
  "шок": -2,
  "шыкак берүү": -2,
  "шыктандырат": 2,
  "шыктануучулук": -1,
  "шылдыңдоо": -2,
  "шылкыйып,": -2,
  "шынаа": -2,
  "шыпыртып": -2,
  "шыр": -2,
  "ыгы": -2,
  "ызычуу": -3,
  "ызычуулуу": -1,
  "ыйгарым": 2,
  "ыйлактай": -2,
  "ыйлап": -2,
  "ыйлоо": -1,
  "Ыйсанын": 1,
  "ыйы": -2,
  "ыкма": 1,
  "ылай": -2,
  "ылайыксыз": -2,
  "ылайыктуу": 2,
  "ынандырат": 1,
  "ынандырган": 1,
  "ынандыруу": 1,
  "ындынды": -2,
  "ынталуу": 2,
  "ыңгайсыз": -2,
  "ыңгайсыздык": -2,
  "ыплас": -2,
  "ыраазы": 2,
  "ыраазы болуу": 2,
  "ыраазычылык": 3,
  "ырайым": 1,
  "ырайымсыз": -3,
  "ыракат": 3,
  "ырастоо": 2,
  "ыстатыйалара": -2,
  "ысык анал": 2,
  "ысырап": -2,
  "Эгер Аллаh": -2,
  "эзилгендерди": -2,
  "эзип": -3,
  "эйрөтүп жатканын": -3,
  "эки анжы": -2,
  "эки анжы ойдо": -1,
  "эки жүздүү": -2,
  "экин": -3,
  "экологиялык таза": 2,
  "экстремисттер": -2,
  "экстремисттик": -2,
  "элдик": 3,
  "эле көбөйтүп": -2,
  "эле эрдемсине берген": 3,
  "элеганттуу": 2,
  "элчиси": 4,
  "эмес бекитилген": -2,
  "ЭМНЕЛЕР": -2,
  "энергетикалык": 2,
  "эң жакшы": 3,
  "эң жаман": -3,
  "эң начар": -3,
  "эң эле сонун": 3,
  "эр жүрөк": 3,
  "эр жүрөктүү": 2,
  "эр жүрөктүүлүк": 2,
  "эрдик": -2,
  "эрдиктин": 2,
  "эринчээк": -2,
  "эркин": -3,
  "эркиндиги": 2,
  "эсучуна келүү": 2,
  "эсепке": -2,
  "эскертет": -1,
  "эскертүү": -2,
  "эскирген": -2,
  "эсте": 1,
  "эстүүлүк": 2,
  "этибарга": -2,
  "этикага": -2,
  "этикалык": 2,
  "эткизе": -2,
  "эффективдүү": 2,
  "эч ким жолтоо боло албайт": 2,
  "эч кимге": -2,
  "эшек": -4,
  "Эшикке": 2,
  "ээ": 2,
  "ээдей": -3,
  "ээлеп": -2,
  "ээликтен ажыратуу": -2,
  "ээнбаштык": -2,
  "ээрчүү": 3
}