{
  "chinnteach": -2,
  "cuim": -2,
  "dhùnadh iongantach": 3,
  "dhùnaidh": -2,
  "fhoiseil": -2,
  "fhulangas": 2,
  "iochdmhor": -2,
  "slighe cheart": 3,
  "thollaidh": -2,
  "`ıorbhail": 3,
  "a bha ga thachdadh": -2,
  "a bhacadh": -2,
  "a bhuileachadh": 3,
  "à bith": -2,
  "a choisinn cliù": 2,
  "a chridhe briste": -3,
  "a chumail": -2,
  "a chur air bhog": 1,
  "a chur am meud": -2,
  "a chur an grèim": -2,
  "a chur dhan phrìosan": -2,
  "a chur dheth": -1,
  "a dhèanamh nas miosa": -2,
  "a leigeil às": -2,
  "a mheudachadh": 1,
  "a rinneadh ri linn": 1,
  "à sealladh": -1,
  "a tha ag iarraidh": 1,
  "a thoirt air falbh": -2,
  "a thoirt seachad": 2,
  "abductions": -2,
  "àbhachdas": 2,
  "abhor": -3,
  "abhorred": -3,
  "abhors": -3,
  "aborts": -1,
  "absolved": 2,
  "absolves": 2,
  "absolving": 2,
  "accomplishes": 2,
  "accomplishment": 2,
  "accusations": -2,
  "Ache": -2,
  "achmhasain": -2,
  "acquit": 2,
  "acquits": 2,
  "acquitting": 2,
  "acras": -2,
  "acrimonious": -3,
  "adhartach": 1,
  "adhartachadh": 1,
  "adhartas": 2,
  "adhbhrachadh": -2,
  "admires": 3,
  "admonish": -2,
  "Adorable": 3,
  "adoration": 3,
  "Adore": 3,
  "adores": 3,
  "adoring": 3,
  "adoringly": 3,
  "advantageously": 2,
  "affectionateness": 3,
  "affronted": -1,
  "aficionados": 2,
  "ag aideachadh": -1,
  "ag aontachadh": 1,
  "ag èirigh": 1,
  "ag iarraidh": 1,
  "ag ùrnaigh": 1,
  "agartach": -2,
  "agartachd": -1,
  "aggravates": -2,
  "aggravating": -2,
  "aggressiveness": -2,
  "aghaidh": -2,
  "aghast": -2,
  "agog": 2,
  "agonises": -3,
  "agonize": -3,
  "agonized": -3,
  "agonizes": -3,
  "agonizing": -3,
  "agusa": -2,
  "àibheiseachadh": -2,
  "aicheadh": -2,
  "àicheadh": -2,
  "àicheil": -2,
  "àicheileachd": -2,
  "aideachadh": -1,
  "aidh": 1,
  "aig prìs ruigsinneach": 2,
  "aighear": 3,
  "aighearach": 3,
  "àilleag": 1,
  "àillidh": 2,
  "aillse": -2,
  "aimhreitean": -2,
  "aineolach": -2,
  "aineolas": -2,
  "aingidh": -2,
  "ainmeil": 3,
  "ainneartach": -2,
  "air a sgaradh": -1,
  "air ais": 1,
  "air bòrd": 1,
  "air chall": -2,
  "air gràin a ghabhail": -3,
  "air leth": 5,
  "air leth toilichte": 3,
  "air mhisg": -2,
  "air thoiseach": 2,
  "aire": -2,
  "airidh": 2,
  "airson": 1,
  "aislingean": 1,
  "aithne": 2,
  "àithnteil": -1,
  "aithreachas": -2,
  "àlainn": 4,
  "alarmist": -2,
  "alarmists": -2,
  "Alas": -1,
  "allergic": -2,
  "altruistic": 2,
  "altrum": 2,
  "am bruid": -2,
  "am falach": -1,
  "amadain": -2,
  "Amadain": -2,
  "amadan": -3,
  "amaideach": -3,
  "amaze": 2,
  "ambivalent": -1,
  "amh": -1,
  "amharas": -1,
  "amharasach": -2,
  "àmhghar": -2,
  "àmhgharan": -2,
  "amicable": 2,
  "amuse": 3,
  "an cosheirm": 2,
  "an crochadh": 2,
  "an nàire,": -2,
  "an sàs": 1,
  "an suarachas": -1,
  "an tacras": -2,
  "an teagal": -2,
  "ana": -1,
  "anacaitheamh": -2,
  "anacleachdadh": -3,
  "anacainnt": -3,
  "anacothrom": -2,
  "Angers": -3,
  "anguished": -3,
  "animosity": -2,
  "ann an cunnart": -2,
  "annas": 3,
  "annasach": -1,
  "annoys": -2,
  "antagonistic": -2,
  "aodion": -1,
  "aoibhneach": 3,
  "aoibhneas": 3,
  "aoidionach": -1,
  "aoigheachd": 2,
  "aoluisge": -3,
  "aonuairsabheatha": 3,
  "aonaichte": 1,
  "aonar": -2,
  "aonaranach": -2,
  "aonta": 2,
  "aonta a chur ris": 2,
  "aontachadh": -1,
  "aontaidhean": 2,
  "aoradh": 3,
  "apathy": -3,
  "apeshit": -3,
  "Apocalyptic": -2,
  "appeased": 2,
  "appeases": 2,
  "appeasing": 2,
  "àrach": 2,
  "àrainneachd chàirdeil": 2,
  "àrd": 4,
  "àrda": -1,
  "àrdanach": -2,
  "arrasbacan": -2,
  "arsehole": -4,
  "àsfhalamhachadh": -1,
  "às a chiall": -3,
  "às a ciall": -2,
  "às an uisge": -2,
  "as bochda": -2,
  "às dha fhèin": -2,
  "as fheàrr": 3,
  "as fheàrr Damn": 4,
  "as grinne": 3,
  "as inntinniche": 2,
  "as motha": 3,
  "asal": -4,
  "ashame": -2,
  "assfucking": -4,
  "asshole": -4,
  "astound": 3,
  "astounded": 3,
  "astounding": 3,
  "astoundingly": 3,
  "astounds": 3,
  "athbheothachadh": 2,
  "athnuadhachadh": 1,
  "athshealbhachaidh": -2,
  "audacious": 3,
  "Aura": 1,
  "Avengers": -2,
  "avenging": -2,
  "avert": -1,
  "averted": -1,
  "averts": -1,
  "Awaits": -1,
  "axed": -1,
  "bacadh": -2,
  "Bacadh": -2,
  "bacadhmalairt": -2,
  "bacadh a chur air": -2,
  "bacadh air": -2,
  "bacaidh": -1,
  "bacail": -2,
  "badass": -3,
  "bagairtean": -2,
  "bagarrach": -2,
  "bagradh": -2,
  "bàigh": 3,
  "bailout": -2,
  "balbh": -3,
  "bamboozle": -2,
  "bamboozled": -2,
  "bamboozles": -2,
  "banish": -1,
  "bankster": -3,
  "barantas": 1,
  "bargan": 2,
  "barrachd": 1,
  "bàsachadh": -3,
  "bàsaich": -3,
  "bàsan": -3,
  "bàsmhor": -2,
  "Bastard": -5,
  "bastards": -5,
  "batail": -1,
  "bàthadh": -2,
  "Beachd dubhach air ìre": -2,
  "beadarach": 3,
  "beairteach": 2,
  "beairteas": 3,
  "beannachd": 3,
  "beannachdan": 3,
  "beannaich": 2,
  "beartan": -1,
  "beathalachd": 3,
  "beatific": 3,
  "beautify": 3,
  "befit": 2,
  "befitting": 2,
  "beireachdainn": 2,
  "belittle": -2,
  "belittled": -2,
  "beò": 2,
  "beòghlacadh": 3,
  "beòghlacadh leis": 2,
  "beòthail": 2,
  "bereave": -2,
  "bereaves": -2,
  "bereaving": -2,
  "betrays": -3,
  "beusanta": 2,
  "bhacadh": -2,
  "bhàis": -2,
  "bhanntrach": -1,
  "bhaothchluich": -1,
  "bhàthadh": -2,
  "bheadarrach": 2,
  "bheag shluagh": -1,
  "Bheannaich": 2,
  "bhioran": 3,
  "bhiotamain": 1,
  "bhite": -2,
  "bhlàr": -1,
  "bhoile": -3,
  "bhrath": -3,
  "bhrìbeadh": -3,
  "bhris": -1,
  "bhriseadh": -2,
  "bhriseas": -2,
  "bhrisidhean": -2,
  "bhristeadh": -2,
  "bhristeas": -2,
  "bhrosnachadh": 1,
  "bhrosnaich": -1,
  "bhuadhaiche": 2,
  "bhuail": -1,
  "bhuaireas": -2,
  "bhualadh": -2,
  "bhuannachdail": 2,
  "bhuannachdaile": 3,
  "bhuannaich": 4,
  "bideanan": -2,
  "bileagan": 2,
  "binn": -2,
  "binne": 3,
  "bitches": -5,
  "bitterest": -2,
  "blackmailed": -3,
  "blackmailing": -3,
  "blackmails": -3,
  "blah": -2,
  "blàth": 1,
  "blàthachadh na cruinne": -3,
  "blàths": 2,
  "Bliss": 3,
  "blissful": 3,
  "blithe": 2,
  "bloated": -1,
  "blocaichean": -1,
  "Blockbuster": 3,
  "blurry": -2,
  "boastful": -2,
  "bochd": -2,
  "bochdainn": -1,
  "bodraigeadh": -2,
  "bòidhchead": 3,
  "bòidheach": 3,
  "boillsgeach": 3,
  "boma": -1,
  "bonn": 3,
  "boosts": 1,
  "borb": -2,
  "Borba": -2,
  "bothersome": -2,
  "boycotting": -2,
  "boycotts": -2,
  "brainwashing": -3,
  "brath a ghabhail": -2,
  "brath a ghabhail air": -2,
  "braveness": 2,
  "bravura": 3,
  "breagha": 1,
  "brèagha": 2,
  "brèige": -2,
  "breisleach": -2,
  "breithean": -1,
  "breithneachadh": -2,
  "breug": -2,
  "breugach,": -3,
  "brìb": -3,
  "Brìbean": -3,
  "brìbearachd": -3,
  "brice": -2,
  "brilliances": 3,
  "brìoghmhor": 2,
  "briseadh": -2,
  "briseadhcreideis": -3,
  "briseadhdùil": -2,
  "brisg": 2,
  "brisidhean": -2,
  "briste": -1,
  "briste ann an creideas": -3,
  "bristeadh an lagha": -2,
  "bròn": -2,
  "brònchluich": -2,
  "brònach": -2,
  "brooding": -2,
  "brosnachadh": 2,
  "brosnachaidh": 2,
  "brosnachail": 3,
  "bruadar": 1,
  "bruid": -2,
  "brùideil": -3,
  "brùite": -2,
  "Brùthadh": 2,
  "Bruthaidh": -1,
  "bu bheartaiche": 2,
  "bu bhinne": 3,
  "bu mhiosa": -3,
  "buadhachas": 3,
  "buadhair": 3,
  "buaidh": 4,
  "buain": -1,
  "buaireas": -2,
  "bualadh": -1,
  "bualadh na chèile": -1,
  "buannachd": 2,
  "buannachdail": 2,
  "buannachdan": 2,
  "buannaiche": 4,
  "Buidheann": 1,
  "buil": 2,
  "buileachadh": 1,
  "buirbe": -3,
  "bullshit": -4,
  "bummer": -2,
  "Buoyant": 2,
  "bùrach": -2,
  "burdening": -2,
  "burglar": -2,
  "burglary": -2,
  "burraidh": -2,
  "burraidheachd": -2,
  "cabhagach": -1,
  "cabhaig": -3,
  "caidreabhach": 2,
  "càileachd": 2,
  "Cailleanach": -3,
  "càin": 2,
  "càineadh": -2,
  "càirdeas": 2,
  "càirdeil": 2,
  "cairidh": -1,
  "caisg": -2,
  "caisgireachd": -2,
  "Caisgireachd": -2,
  "caitheamh": -2,
  "caithream": 3,
  "call": -2,
  "call ro mhòr air": -1,
  "calms": 2,
  "caoidh": -2,
  "caoimhneas": 2,
  "caoimhneas gràdhach": 3,
  "caoineadh": -2,
  "caomhalachd": 2,
  "caoraich": -2,
  "caraid": 1,
  "CARES": 2,
  "carthannais": 2,
  "casaid": -2,
  "casaid a thogail": -1,
  "casaidean": -2,
  "casaidichean": -2,
  "casg": -2,
  "casg a chur air": -1,
  "casg air": -1,
  "cashing ann": -2,
  "cead": 2,
  "ceadachadh": 2,
  "cealgach": -3,
  "ceann": 2,
  "Ceannlàidir": -2,
  "ceann goirt": -2,
  "ceannairc": -2,
  "ceannairceach": -2,
  "ceannaircich": -2,
  "ceannardas": 1,
  "ceannsachadh": -2,
  "ceàrr": -2,
  "ceartas": 2,
  "ceasnachadh": -1,
  "ceasnachail": 2,
  "ceist": -2,
  "censors": -2,
  "cha mhath": -2,
  "chagrin": -2,
  "chagrined": -2,
  "Chaidh sgur dhen gheama": -1,
  "chaill": -3,
  "chàineadh": -2,
  "chaith": -2,
  "chan eil": -1,
  "Chan eil ag obair": -3,
  "Chan eil spòrsail": -3,
  "Chan eil tachartasan ann": -2,
  "chananach": 1,
  "Chaochail": -3,
  "charisma": 2,
  "charm": 3,
  "charmless": -3,
  "chastise": -3,
  "chastises": -3,
  "cheadachadh": 1,
  "cheannaircich": -2,
  "Cheasnaich": -1,
  "cheater": -3,
  "cheaters": -3,
  "cheerfully": 2,
  "cheerless": -2,
  "Cheistean": 1,
  "cherishes": 2,
  "cherishing": 2,
  "chiall": -2,
  "chianail": -2,
  "Chic": 2,
  "chide": -3,
  "chided": -3,
  "chides": -3,
  "chiding": -3,
  "chiondiù": -2,
  "chlisg": -3,
  "Chlisg": -2,
  "chliù": 1,
  "chliùthan": 3,
  "chnapan starra": -2,
  "cho": 3,
  "cho fialaidh": 2,
  "cho math": -2,
  "cho measail": 2,
  "cho mìmhothachail": -2,
  "choileanadh": 2,
  "choilionadh": 2,
  "choire": -2,
  "choireigin": 0,
  "choiricheas": -2,
  "choisinn": 2,
  "choke": -2,
  "chokes": -2,
  "chom": 4,
  "chòmhragaile": -2,
  "chonnsaich": -2,
  "chòrd": 2,
  "Chòrd": 2,
  "chosamhail": 2,
  "chothromachadh": -1,
  "chràbhach": 2,
  "chràdh": -4,
  "chrathaidhean": -2,
  "chreids": -2,
  "chreidsinn": -1,
  "chrìonadh san eaconamaidh": -2,
  "chrith": -2,
  "chronaich": -3,
  "chrònain": -2,
  "chrùbach": -2,
  "chuairtdànachd": 2,
  "chuairtich": -2,
  "chuideam": -2,
  "chuingeachaidh": -1,
  "chuingealachadh": -2,
  "chuir": -3,
  "chùis": 1,
  "chùiseach": 1,
  "chùm": -2,
  "chur an dara taobh": -1,
  "churaidhean": 2,
  "chùramach": -2,
  "cianalas": -1,
  "cinnteach": 1,
  "cinntiche": 1,
  "cioncosnaidh": -2,
  "Cion earbsa ann": -2,
  "cionta": -3,
  "ciontach": -3,
  "ciontaich": -2,
  "ciorram": -2,
  "ciorramach": -2,
  "ciorraman": -2,
  "ciùin": 2,
  "Clais": -2,
  "claoidhte": -2,
  "claonadh": -1,
  "classy": 3,
  "cleaner": 2,
  "cleasan": -2,
  "clisgeadh": -2,
  "cliùiteach": 2,
  "cloc": -1,
  "clouded": -1,
  "clueless": -2,
  "cnapstarra": -2,
  "cnapstarradh": -2,
  "cnothan": -3,
  "cochòrdach": 2,
  "codhùnadh": 2,
  "cofhaireachail": 2,
  "cofhaireachdainn": 2,
  "cofheall": -3,
  "coroinnte": 1,
  "cobhartaich": 1,
  "cocksucker": -5,
  "cocksuckers": -5,
  "cocky": -2,
  "coercion": -2,
  "Cofhartachd": 2,
  "cofhurtachd": 2,
  "cofhurtail": 2,
  "cogadh": -2,
  "coibhneil": 3,
  "coileach": -5,
  "coileanadh": 2,
  "coileanta": 2,
  "coimeasgach": -2,
  "coimhlionar": 2,
  "còir": 2,
  "coirbeachd": -3,
  "coireachadh": -2,
  "coirichte": -2,
  "Coisich amach": -2,
  "coiteachadh": -2,
  "collapsed": -2,
  "collides": -1,
  "colluding": -3,
  "comadaidh": 1,
  "comas": -1,
  "comasach": 2,
  "comasach air": 1,
  "comasaich": 1,
  "comasan": 1,
  "combats": -1,
  "comharratìre": 2,
  "comharrachadh": 3,
  "Comharrachadh": 3,
  "còmhdachsuas": -3,
  "còmhla ri": 1,
  "còmhstri": -2,
  "comic": 1,
  "conciliated": 2,
  "conciliates": 2,
  "conciliating": 2,
  "conflictive": -2,
  "congrats": 2,
  "connspaid": -2,
  "connspaideach": -2,
  "connspaidean": -2,
  "consolable": 2,
  "contagion": -2,
  "contagions": -2,
  "contaminant": -2,
  "contaminates": -2,
  "contaminating": -2,
  "contaminations": -2,
  "contemptuous": -2,
  "contemptuously": -2,
  "contend": -1,
  "contending": -1,
  "contestable": -2,
  "controversially": -2,
  "convinces": 1,
  "convivial": 2,
  "cool stuff": 3,
  "còrdadh": 2,
  "còrdadh gu mòr ris": 3,
  "corp": -1,
  "corruich": -2,
  "cosgail": -2,
  "cosgaisean": -2,
  "cothachadh": -2,
  "cothrom": 2,
  "cothromach": 1,
  "cothromachd": 2,
  "cothroman": 2,
  "courageously": 2,
  "courageousness": 2,
  "cowardly": -2,
  "coziness": 2,
  "cràdh": -4,
  "cràidhe": -4,
  "cramp": -1,
  "crann": -1,
  "crappy": -3,
  "crazier": -2,
  "craziest": -2,
  "crazy": -2,
  "creachach": -2,
  "creideamh": 1,
  "crestfallen": -2,
  "criminate": -3,
  "criminated": -3,
  "criminates": -3,
  "crioch": 4,
  "crìochan": -1,
  "critheantalmhainn": -2,
  "critheanach": -2,
  "crochte": -1,
  "cron": -2,
  "cron a dhèanamh orra": -2,
  "cronail": -2,
  "cruaidh": -2,
  "cruaidhchàs": -2,
  "cruaidhe": 3,
  "cruinneachadh": -1,
  "cruthachail": 2,
  "cudromach": 2,
  "cudromachd": 1,
  "cuibhreachadh": -2,
  "cuideachadh": 2,
  "cuideim": -1,
  "cuilidh": -1,
  "cuimhneachail": 1,
  "cuimseachadh": 2,
  "cuingeachadh": -2,
  "cuingealachadh": -2,
  "cuingealachaidh": -1,
  "cuingealaichte": -1,
  "cuir ris am briseadh": -2,
  "cùisiongnaidh": -2,
  "cùis nàire": -2,
  "cùisean": -2,
  "cùisean uabhasach": -3,
  "cùlmhùtaireachd": -2,
  "culaidhbhacaidh": -2,
  "cumhachd": -2,
  "cumhachdach": 2,
  "cunnart": -2,
  "cunnartach": -2,
  "cunnartan": -2,
  "cunt": -5,
  "cur": -1,
  "cur amach": -3,
  "cur air falbh": -2,
  "cur às leth": -2,
  "cur bacadh air": -1,
  "cur fàilte air": 1,
  "cur meal an naidheachd": 2,
  "cur ris an fhìrinn": -2,
  "cur sìos": -3,
  "cur stad air": -1,
  "cur taic": 2,
  "cùram": 2,
  "cùramach": 2,
  "curanta": 2,
  "cus": -1,
  "cute": 2,
  "cuthach": -2,
  "cynic": -2,
  "dàil": -1,
  "dàil a chur ann": -1,
  "Daingead": -4,
  "daingeann": 2,
  "dall": -1,
  "damaistean": -3,
  "Damn": -2,
  "Damn cute": 3,
  "Damn math": 4,
  "damned": -4,
  "dàn": -2,
  "dàna": 2,
  "dànachd": 2,
  "daoimean": 1,
  "daor": 3,
  "daredevil": 2,
  "dauntless": 2,
  "deadening": -2,
  "deafening": -1,
  "deaghghean": 3,
  "deagh amas": 2,
  "deagh bheachd": 3,
  "dealas": 2,
  "dealasach": 3,
  "deàlrach": 3,
  "dealradh": 1,
  "dèanaidh eucoir": -2,
  "dèanamh cinnteach": 1,
  "dèanamh dearmad": -2,
  "dèanamh fomheasadh": -1,
  "Dèanta suas": -1,
  "dearbhaich": 1,
  "dearmad": -2,
  "deàrrsalachd": 3,
  "debonair": 2,
  "deceives": -3,
  "deceptive": -3,
  "deferring": -1,
  "defiant": -1,
  "deficiency": -2,
  "deformities": -2,
  "deformity": -2,
  "defrauds": -3,
  "deft": 2,
  "Defunct": -2,
  "degrade": -2,
  "degrades": -2,
  "dehumanize": -2,
  "dehumanized": -2,
  "dehumanizes": -2,
  "dehumanizing": -2,
  "deidheadh ​​suas": -2,
  "dèidheil": 1,
  "deimhinneach": 2,
  "deject": -2,
  "dejecting": -2,
  "dejects": -2,
  "delectable": 3,
  "Delicious": 3,
  "delight": 3,
  "demoralizes": -2,
  "demoralizing": -2,
  "denials": -2,
  "denier": -2,
  "deniers": -2,
  "denounce": -2,
  "deoghal": -3,
  "deòir": -2,
  "deònach": 2,
  "dèonach": 2,
  "deònaich": 1,
  "deplore": -3,
  "deplored": -3,
  "deploring": -3,
  "deport": -2,
  "deportation": -2,
  "deportations": -2,
  "deporting": -2,
  "deports": -2,
  "Derail": -2,
  "derails": -2,
  "deride": -2,
  "derided": -2,
  "derides": -2,
  "deriding": -2,
  "Derision": -2,
  "despairing": -3,
  "Despairs": -3,
  "despondent": -3,
  "devastate": -2,
  "dhàimheil": 2,
  "dhaingneachadh": 2,
  "Dhaingnich": -2,
  "dhàna": 2,
  "dhearbhadh": 1,
  "dheth": -1,
  "dhian": 1,
  "dhìleas": 3,
  "dhìmeas": -2,
  "dhìmeas orra": -2,
  "dhìochuimhnich": -1,
  "dhìon": 1,
  "dhìteadh": -2,
  "dhiùlt": -2,
  "dhiùltadh": -1,
  "dhiùltas": -2,
  "dhòighean": 2,
  "dhreuchd a leigeil dheth": -1,
  "dhroch": -2,
  "dhuaisean": 2,
  "dhubhadh": -1,
  "dhubhas": -1,
  "dhùnadh": -1,
  "dhùnadh amach": -1,
  "dhùrachd": 1,
  "dhùrachdach": 2,
  "dìchòireachadh": -2,
  "dia": 1,
  "dian": 2,
  "dibhearsan": 3,
  "dìcheall": 2,
  "dìcheallach": -3,
  "Dick": -4,
  "dickhead": -4,
  "diffident": -2,
  "dìleas": 3,
  "dilligence": 2,
  "dìlseachd": 2,
  "dìmeas": -1,
  "dìochuimhne": -1,
  "dìochuimhneach": -2,
  "dioghaltair": -2,
  "dìoghaltas": -2,
  "dìoghras": 1,
  "dìoghrasach": 2,
  "dìolain": -3,
  "diomb": -2,
  "diombach": -2,
  "dìon": -2,
  "dipshit": -3,
  "dìreach": 1,
  "direful": -3,
  "dirtier": -2,
  "dirtiest": -2,
  "disagreeable": -2,
  "disappoints": -2,
  "disapprovals": -2,
  "disapproves": -2,
  "disbelieve": -2,
  "disconsolation": -2,
  "Discord": -2,
  "discredited": -2,
  "discriminates": -2,
  "disgraced": -2,
  "Disguise": -1,
  "disguising": -1,
  "disgustful": -3,
  "disgusting": -3,
  "disheartened": -2,
  "disillusioned": -2,
  "disinclined": -2,
  "disjointed": -2,
  "dismayed": -2,
  "disoriented": -2,
  "disparaged": -2,
  "disputing": -2,
  "disregards": -2,
  "disrespected": -2,
  "disrupts": -2,
  "distort": -2,
  "distorted": -2,
  "distorting": -2,
  "distorts": -2,
  "distrustful": -3,
  "disturbs": -2,
  "dìteadh": -2,
  "dìteadh fhaighinn a thighinn": -2,
  "dìth": -2,
  "dithering": -2,
  "diùid": -1,
  "diùltadh": -1,
  "diumbadh": -2,
  "Dizzy": -1,
  "dligheach": 2,
  "dlùthchaidreabh": 2,
  "dochainn": -3,
  "dòchas": 2,
  "dòchasach": 2,
  "dòchasan": 2,
  "dodgy": -2,
  "dòigh": -2,
  "doilgheas": -2,
  "doirbh": -1,
  "dol nas miosa": -2,
  "dolorous": -2,
  "dona": -3,
  "dòrainn": -2,
  "dòrainn,": -3,
  "dòrainneach": -3,
  "dorchadas": -1,
  "douche": -3,
  "douchebag": -3,
  "downer": -2,
  "drabasta": -2,
  "dragh": -1,
  "dragh a chur air": -2,
  "draghaile": -3,
  "draghan": -3,
  "dràsta": -1,
  "Dread": -2,
  "dreading": -2,
  "drèanadh": -2,
  "dreary": -2,
  "dreuchdoillteil": -2,
  "driseach": -2,
  "droch": -2,
  "drochdhìol": -3,
  "droopy": -2,
  "drowns": -2,
  "drudgery": -2,
  "drùidhtiche": 3,
  "druim": 1,
  "duais": 2,
  "duaiseachadh": 2,
  "duaisean": 3,
  "dubhchìs": -3,
  "dubhach": -2,
  "dùbhlan": -1,
  "dud": -2,
  "dùil": 1,
  "dùilean": 1,
  "duilghe": -2,
  "duilich": -1,
  "dùinte": -1,
  "Dul": -2,
  "dumbass": -3,
  "Dùmhlachdbhreacaidh": 2,
  "dumps": -1,
  "dùnadh amach": -1,
  "dupe": -2,
  "duped": -2,
  "dupery": -2,
  "dùrachd": 2,
  "dùrachdach": 2,
  "dysfunction": -2,
  "eabarach": -2,
  "eadarfhighte": 2,
  "eagail": -2,
  "eagal": -2,
  "eagal a chur orra": -2,
  "eagal mòr": -2,
  "eagalach": -2,
  "eagallach": -2,
  "eallach": -2,
  "eallachaibh": -2,
  "eann": -2,
  "earbsa": 2,
  "earbsach": 2,
  "earbsachd": 2,
  "earrannan": 1,
  "eas": -2,
  "easaonta": -2,
  "easurram": -2,
  "easaontachadh": -2,
  "easbhaidh": -2,
  "easbhaidhean": -3,
  "èasgaidh": 2,
  "ecstatic": 4,
  "eerie": -2,
  "eery": -2,
  "Eibhinn": 2,
  "èibhinn": 2,
  "èifeachdach": 2,
  "èifeachdas": 2,
  "èigheach": -2,
  "èiginn": -3,
  "èiginneach": -2,
  "èigneachadh": 1,
  "eil taic": -2,
  "eireachdail": 2,
  "elated": 3,
  "embarrasses": -2,
  "embittered": -2,
  "empathetic": 2,
  "engrossed": 1,
  "engrossing": 3,
  "enlightening": 2,
  "ennui": -2,
  "enrage": -2,
  "enrages": -2,
  "enraging": -2,
  "enrapture": 3,
  "enslave": -2,
  "Enslaved": -2,
  "enslaves": -2,
  "envying": -1,
  "ErrorWithTranslation": -3,
  "eu comasach": -2,
  "eudòchas": -3,
  "eudòchasachd": -2,
  "eudòchasacn": -2,
  "euchd": 4,
  "euchdan": 2,
  "eucoir": -3,
  "eucoirean": -3,
  "eucorach": -3,
  "eucoraich": -3,
  "eud": -2,
  "eudach": -2,
  "eudmhor": 3,
  "Eudmhor": -2,
  "euphoria": 3,
  "euphoric": 4,
  "evacuates": -1,
  "evacuating": -1,
  "Evergreen": 2,
  "evergreening": -3,
  "evergreens": 2,
  "exacerbating": -2,
  "exaggerating": -2,
  "exasparate": -2,
  "exasperated": -2,
  "exasperates": -2,
  "exasperating": -2,
  "excite": 3,
  "excruciatingly": -1,
  "exhilarated": 3,
  "exhilarates": 3,
  "exonerate": 2,
  "exonerated": 2,
  "exonerates": 2,
  "exonerating": 2,
  "expel": -2,
  "expels": -2,
  "expertly": 2,
  "exposing": -1,
  "exquisite": 3,
  "exultant": 3,
  "exultantly": 3,
  "fàbharach": 2,
  "fàbharan": 2,
  "fabulously": 4,
  "fag": -3,
  "fagot": -3,
  "fagots": -3,
  "faighinn dìoghaltas airson mort": -2,
  "fàilligeadh": -2,
  "fàilligidhean": -2,
  "fàilte": 1,
  "Fàilte": 2,
  "fàiltean": 2,
  "fainthearted": -2,
  "faireachdainn": 4,
  "fairtlich": -2,
  "Faisisteach": -2,
  "Faker": -3,
  "fakes": -3,
  "faking": -3,
  "falach": -1,
  "falamh": -1,
  "falbh": -1,
  "falbhaidh": -1,
  "fallain": 2,
  "fallaineachd": 1,
  "falsely": -2,
  "falsified": -3,
  "falsify": -3,
  "Fan": 3,
  "fann": -2,
  "faochadh": 2,
  "faothachadh a thoirt": 2,
  "far am faicear iad": -2,
  "farmad aice": -1,
  "farpaiseach": 2,
  "fàs": 2,
  "fàs nas miosa,": -3,
  "fascinates": 3,
  "Fascists": -2,
  "fatigues": -2,
  "fatiguing": -2,
  "favorite": 2,
  "favorites": 2,
  "favourited": 2,
  "fealladhà": 3,
  "fearg a chur air": -3,
  "feargach": -3,
  "Fearless": 2,
  "fearlessness": 2,
  "feartan": 2,
  "fèill mhòr": 3,
  "fèinaghaidh": -2,
  "fèindeluded": -2,
  "fèinmhisneachd": 2,
  "fèinmìghnàthachadh": -2,
  "fèineil": -3,
  "feirg": -3,
  "feitheamh": -1,
  "felonies": -3,
  "Felony": -3,
  "fervid": 2,
  "feum sam bith": -2,
  "feumach": -2,
  "feumail": 2,
  "Fhagail": -3,
  "fhàgail": -1,
  "fhàgail falamh": -1,
  "fhaiceallach": -1,
  "fhaireachdainneile": 2,
  "fhalachaidh": -3,
  "fhalbh": -4,
  "fharmad": -1,
  "fhàsachadh": -1,
  "fheall": -3,
  "fhealladhà": 2,
  "fheudar": -1,
  "fheum": -2,
  "fheum de dhrogaichean": -2,
  "fhiach": -2,
  "fhiosta": -2,
  "fhìrinneachadh": 2,
  "fhortan": 3,
  "fhosgladh": 1,
  "fhuadach": 1,
  "fhuasgladh": 2,
  "fhuathachadh": -3,
  "fiabhras": -2,
  "fiachan": -2,
  "Fiachan": -2,
  "fiadhaich": -3,
  "fiadhaich,": -2,
  "fialaidh": 2,
  "Fiasco": -3,
  "fidgety": -2,
  "fìor": 2,
  "fìorghlan": 1,
  "fìor mhath": 4,
  "fìreanachadh": 2,
  "fireantachd": 2,
  "flawed": -3,
  "Flawless": 2,
  "flawlessly": 2,
  "fliuch": -1,
  "Flop": -2,
  "Flops": -2,
  "flustered": -2,
  "fo amharas": -1,
  "fo bhagairt": -2,
  "fo bhròn": -2,
  "fo chasaid": -2,
  "fo ghruaim": -2,
  "fo mhulad": -2,
  "fo thàmailt": -2,
  "fògraidh": -2,
  "foighidinn": 2,
  "foill": -4,
  "foirfe": 2,
  "fòirneart": -3,
  "fòirneart cocheangailte": -3,
  "fòirneartach": -3,
  "fon chuthach": -2,
  "forghnìomhach": 2,
  "foreclosures": -2,
  "forgettable": -1,
  "fortan": 2,
  "fortanach": 2,
  "fosgailte": -1,
  "Frasan clachanmeallain": 2,
  "Frauds": -4,
  "fraudster": -4,
  "fraudsters": -4,
  "fraudulence": -4,
  "freagairteach": 2,
  "freagarrach": 2,
  "freagarraiche": 2,
  "Freak": -2,
  "frikin": -2,
  "frisky": 2,
  "frowning": -1,
  "frustrates": -2,
  "ftw": 3,
  "Fuadach chon": -2,
  "fuadachadh": -1,
  "fuadan": -3,
  "fuaimneach": -1,
  "fuaraidh": -1,
  "fuasgladh": 2,
  "fuasglaidhean": 1,
  "fuasglar": 2,
  "fuath": -3,
  "fuathachadh": -3,
  "Fuck": -4,
  "fucked": -4,
  "fucker": -4,
  "fuckers": -4,
  "fuckface": -4,
  "fuckhead": -4,
  "fuckin": -4,
  "fucking": -4,
  "fucking àlainn": 4,
  "fucking cute": 4,
  "fucking foirfe": 4,
  "fucking gaol": 4,
  "fucking iongantach": 4,
  "fucking Loves": 4,
  "fucking math": 4,
  "fucking mòr": 4,
  "fucking sgoinneil": 4,
  "fucking teth": 2,
  "fucktard": -4,
  "fud": -3,
  "fuilteach": -3,
  "fuked": -4,
  "fuking": -4,
  "fulang": -2,
  "fulangach": -1,
  "fulangas": -3,
  "fuming": -2,
  "Funky": 2,
  "funnier": 4,
  "furachail": 3,
  "furasta": 1,
  "furtachd": 2,
  "gàbhadh": -2,
  "gabhail": 1,
  "gabhail ri": 1,
  "gabhail tlachd": 2,
  "gabhaltach": -2,
  "gabhaltachd": -1,
  "Gàg": -2,
  "gagged": -2,
  "gainnead": -2,
  "gairdeachas": 4,
  "gàirdeachas": 4,
  "gàire": 2,
  "gàireachdainn": 1,
  "gaisgeachd": 2,
  "gaisgeil": 3,
  "gaisgich": 2,
  "gal": -2,
  "galair": -2,
  "galaran": -2,
  "Gallant": 3,
  "gallantry": 3,
  "gann": -2,
  "gaol": 3,
  "Garbage": -1,
  "garbh": 2,
  "garg": -2,
  "gasta": 2,
  "gealladh": 1,
  "geallaidhean": 1,
  "gealltainn": 1,
  "geamaatharrachadh": 3,
  "gearan": -2,
  "gearanan": -2,
  "geàrr": -2,
  "geàrrfradharc": -2,
  "geàrrsightedness": -2,
  "gearradh": -1,
  "Gearradh": -2,
  "gearraidhean": -2,
  "geasachd": 3,
  "genial": 3,
  "geurleanmhainn": -2,
  "geurleanmhuinn": -2,
  "ghabh am ministear nàire": -2,
  "ghalla": -5,
  "ghastly": -2,
  "gheall": 1,
  "ghlaodh": -2,
  "ghlèidh": -1,
  "ghleidheas": 2,
  "ghluasad": -3,
  "ghoid": -2,
  "ghoirtich": -2,
  "ghràdhach": 2,
  "ghràdhaich": 3,
  "ghràin": -2,
  "ghrèin": 2,
  "ghruaim": -1,
  "ghruamaich": -2,
  "giddy": -2,
  "glacaidh gu leòr aire": 3,
  "glacte": -2,
  "glad": 3,
  "glamourous": 3,
  "glan": 2,
  "glanadh": 1,
  "glaodh": -1,
  "glaodhaich": -2,
  "glas": -1,
  "gleeful": 3,
  "glic": 1,
  "glice": 2,
  "gliocas": 1,
  "glòir": 2,
  "glòirmhiannach": 2,
  "glòrmhor": 2,
  "gluasad": -1,
  "glum": -2,
  "gnàth": -2,
  "gnìomhach": 1,
  "gnothaicheil": 2,
  "goddamn": -3,
  "godsend": 4,
  "goid": -2,
  "GOID": -2,
  "goirt": -1,
  "goofiness": -2,
  "goofy": -2,
  "gòrach": -1,
  "gorta": -2,
  "gr8": 3,
  "gràdh": 3,
  "Gràdhdaonna": 2,
  "gràdhach": 2,
  "gràincinnidh": -3,
  "gràinead": -3,
  "gràineil": -3,
  "gramail": 2,
  "grand": 3,
  "grànda": -3,
  "gràs": 1,
  "gràsmhor": 3,
  "greadhnach": 3,
  "greenwash": -3,
  "greenwasher": -3,
  "greenwashers": -3,
  "greenwashing": -3,
  "grinneis": 1,
  "Groan": -2,
  "groaning": -2,
  "groans": -2,
  "grod": -3,
  "gruamach": -2,
  "Gruamach": -2,
  "gruamach,": -2,
  "gu cùramach": 2,
  "gu fàbharach": 2,
  "Gu fortanach": 3,
  "gu hèifeachdach": 2,
  "gu hiomchaidh": 2,
  "gu leòr": -2,
  "gu luath": 2,
  "gu math sgiobalta": 2,
  "gu mìfhortanach": -2,
  "gu soilleir": 1,
  "gu sunndach": 3,
  "guidheachan": -2,
  "gul": -2,
  "gullibility": -2,
  "gullible": -2,
  "gum bu chòir an": -3,
  "Gun": -2,
  "gun bhrìgh": -2,
  "gun chiall": -3,
  "Gun chochòrdadh": -2,
  "gun chosnadh": -1,
  "gun dachaigh": -2,
  "gun fhaireachdainn làidir": -3,
  "gun fheum": -2,
  "gun fhiaclan": -2,
  "gun fhios": -2,
  "gun sgur": -3,
  "gunna": -1,
  "h ealanta": 2,
  "ha": 2,
  "hacked": -1,
  "haha": 3,
  "hahaha": 3,
  "hahahah": 3,
  "Hallelujah": 3,
  "handpicked": 1,
  "hapless": -2,
  "haplessness": -2,
  "harasses": -3,
  "hardier": 2,
  "Hardy": 2,
  "harried": -2,
  "harshest": -2,
  "hater": -3,
  "haters": -3,
  "hating": -3,
  "heartwarming": 3,
  "heavyhearted": -2,
  "hehe": 2,
  "hellish": -2,
  "hero": 2,
  "hesitant": -2,
  "hideous": -3,
  "homicides": -2,
  "hooligan": -2,
  "hooliganism": -2,
  "Hooligans": -2,
  "horrid": -3,
  "huckster": -2,
  "Hug": 2,
  "Hugs": 2,
  "humbug": -2,
  "humerous": 3,
  "hurts": -2,
  "hypocritical": -2,
  "hysterical": -3,
  "hysterics": -3,
  "iarrtas": -1,
  "iarrtasach": -1,
  "iarrtasan": -1,
  "icky": -3,
  "idiocy": -3,
  "Idiot": -3,
  "idiotic": -3,
  "idir fìor,": -2,
  "ifrinn": -4,
  "illogical": -2,
  "imbecile": -3,
  "imcheist": -2,
  "immobilized": -1,
  "impairing": -2,
  "impairs": -2,
  "impeachment": -3,
  "impeachments": -3,
  "impedes": -2,
  "impeding": -2,
  "impedingly": -2,
  "impis": -2,
  "imposter": -2,
  "impotent": -2,
  "impresses": 3,
  "inbheach": 2,
  "incapacitates": -2,
  "incapacitating": -2,
  "incensed": -2,
  "incenses": -2,
  "incensing": -2,
  "indestructible": 2,
  "indignant": -2,
  "indoctrinate": -2,
  "indoctrinated": -2,
  "indoctrinates": -2,
  "indoctrinating": -2,
  "inediable": -2,
  "ineffectively": -2,
  "ineffectual": -2,
  "inefficiency": -2,
  "inefficiently": -2,
  "inept": -2,
  "ineptitude": -2,
  "inexcusable": -3,
  "infantile": -2,
  "infantilized": -2,
  "infatuated": 2,
  "infatuation": 2,
  "infect": -2,
  "infects": -2,
  "infest": -2,
  "infested": -2,
  "infesting": -2,
  "infests": -2,
  "inflamed": -2,
  "inflicts": -2,
  "infract": -2,
  "infracted": -2,
  "infracting": -2,
  "infracts": -2,
  "infuriate": -2,
  "infuriates": -2,
  "infuriating": -2,
  "inhuman": -2,
  "innovates": 1,
  "inntinne": 2,
  "inntinneach": 2,
  "inoperative": -2,
  "inquisition": -2,
  "insensitive": -2,
  "insipid": -2,
  "Insomnia": -2,
  "interrogated": -2,
  "intransigency": -2,
  "intrigues": 1,
  "invulnerable": 2,
  "iochd": -3,
  "ioghnadh": 2,
  "iollach": 2,
  "iomacheist": -1,
  "iomagain": -2,
  "iomaganach": -3,
  "iomaguin": -2,
  "iomaguineach": -2,
  "iomairteach": 1,
  "iomairtean": -2,
  "iomallach": -1,
  "iomchaidh": 2,
  "ìomhachd anns an tàinig": -3,
  "iomlaineachd": 3,
  "iomlan": -2,
  "ionmhiannaichte": 2,
  "Ionadsgudal": -1,
  "iongantach": 2,
  "iongnadh": 3,
  "ionndrainn": -2,
  "ionnsaichte": 2,
  "ionnsaigh": -2,
  "ionnsaigh a thoirt air": -1,
  "ionnsaigheach": -2,
  "ionnsaighean": -2,
  "Ionnsaighean": -2,
  "ionracas": 2,
  "ìoranas": -1,
  "Iosa": 1,
  "irate": -3,
  "ìre": 1,
  "ìre neolitireachd": -2,
  "iriosal": 1,
  "irioslachadh": -3,
  "irrational": -1,
  "irreparable": -2,
  "irreproducible": -2,
  "irresistible": 2,
  "irresistibly": 2,
  "irresolute": -2,
  "irreversible": -1,
  "irritate": -3,
  "irritated": -3,
  "irritates": -3,
  "irritating": -3,
  "ìsle": -1,
  "jackass": -4,
  "jackasses": -4,
  "jaunty": 2,
  "Jerk": -3,
  "jocular": 2,
  "joke": 2,
  "Jolly": 2,
  "jovial": 2,
  "joyless": -2,
  "jubilant": 3,
  "jumpy": -1,
  "kickback": -3,
  "kickbacks": -3,
  "Kidnap": -2,
  "kidnappings": -2,
  "kidnaps": -2,
  "Kills": -3,
  "kinder": 2,
  "kudos": 3,
  "lackadaisical": -2,
  "lag": -2,
  "Lag": -1,
  "LAG": -2,
  "lagachadh": -1,
  "lagaichear": -2,
  "lagged": -2,
  "lagh": -2,
  "laghail": 1,
  "lags": -2,
  "làidir": 2,
  "làidire": 2,
  "laigse": -2,
  "laigsean": -2,
  "làimh chlì": -2,
  "làimhseachadh": -1,
  "lapse": -1,
  "làraich": -2,
  "làraichean": -1,
  "lasaichte": -1,
  "laughting": 1,
  "lawl": 3,
  "lawsuits": -2,
  "le brosnachadh": -2,
  "le cead": 2,
  "le duilgheadasan": -2,
  "leamhachadh": -2,
  "lean": 3,
  "leanabail": -2,
  "leannan": 3,
  "leantainn san lagh": -2,
  "leasachadh": 2,
  "leasachaidh": 2,
  "leig": -1,
  "Leig seachad": -1,
  "leigeil": -1,
  "leigeil dheth a dhreuchd": -1,
  "leigeil seachad": -2,
  "lèirmheasaiche": -2,
  "lèirmheasaichean": -2,
  "lèirsinn": 2,
  "lèirsinneach": 3,
  "leis an acras": -2,
  "leisg": -1,
  "leisgeil": 2,
  "leisgeul": -1,
  "leiteachas": -2,
  "leithid": 2,
  "leòintich": -2,
  "leòn": -2,
  "lethality": -2,
  "lethargic": -2,
  "lethargy": -2,
  "lethbhreith": -2,
  "lethbhreitheach": -2,
  "leudachadh": 1,
  "liars": -3,
  "libelous": -2,
  "likable": 2,
  "likers": 2,
  "lìomhadh": 2,
  "lìonmhor": -2,
  "livid": -2,
  "lmao": 4,
  "lmfao": 4,
  "loathe": -3,
  "loathed": -3,
  "loathsome": -3,
  "lobaidh": -2,
  "lobbyist": -2,
  "lochdach": -3,
  "loisg": -2,
  "lol": 3,
  "lolol": 4,
  "lololol": 4,
  "lolololol": 4,
  "Lonesome": -2,
  "longbhriseadh": -2,
  "lool": 3,
  "loom": -1,
  "loomed": -1,
  "loool": 3,
  "looool": 3,
  "looses": -3,
  "lorg": 1,
  "losgadh": -1,
  "losgaidh": -2,
  "lousy": -2,
  "lovable": 3,
  "lovelies": 3,
  "luaidh": 2,
  "luaineach": -1,
  "luath": 2,
  "luchdfulaing": -3,
  "luchdiomairt": -2,
  "ludicrous": -3,
  "lùghdachadh": 1,
  "lùghdaichte": -2,
  "lugubrious": -2,
  "lunatic": -3,
  "lunatics": -3,
  "lurks": -1,
  "m": -2,
  "macmeanmnach": 2,
  "macnaagalla": -5,
  "Madainn mhath": 1,
  "maddening": -3,
  "madly": -3,
  "Madness": -3,
  "magadh": -2,
  "magadh air": -2,
  "magaidh": -2,
  "maireannach": 2,
  "mairt is tairbh": 2,
  "maitheanas": 2,
  "maitheis": 3,
  "maladaption": -2,
  "maldevelopment": -2,
  "mallachd": -1,
  "maltreatment": -2,
  "manslaughter": -3,
  "maoidhinn": -2,
  "maoth": 2,
  "mar": 2,
  "marbh": -3,
  "marbhadh": -3,
  "marbhtach": -3,
  "mas e do thoil e": 1,
  "mas fhìor": -2,
  "maslach": -3,
  "math": 3,
  "mathproportioned": 2,
  "math adhartach": 2,
  "math moladh": 3,
  "mathanas": 1,
  "mathas": 2,
  "meadhan air dìomhanas": -2,
  "meal": 2,
  "Meal do naidheachd": 2,
  "mealladh": -3,
  "mealladh dhaoine": -2,
  "meallta": -3,
  "mealltairean": -3,
  "mearachd": -2,
  "mearachdan": -2,
  "meas": 2,
  "mediocrity": -3,
  "Memoriam": -2,
  "menaces": -2,
  "meòrachaidh": 1,
  "merry": 3,
  "mesmerizing": 3,
  "methodically": 2,
  "meudachadh": 1,
  "Mhair": 2,
  "mhaitheadh": 2,
  "mhaitheanas": 2,
  "mharbhadh": -3,
  "MHÀRBHADH": -2,
  "mhaslaidh": -2,
  "mheall": -2,
  "mhealladh": -3,
  "mhealltaire": -3,
  "mheas": 2,
  "mhimhisneachadh": -2,
  "mhìthoilichte": -2,
  "mhilleadh": -2,
  "mhol": 2,
  "Mhol": 2,
  "Mholadh": 2,
  "mhothaicheas": 2,
  "mhuirt": -2,
  "mhulad": -2,
  "mhurt": -3,
  "mì": -3,
  "mìbheusail": -2,
  "mìchàilear": -2,
  "mìcheartas": -2,
  "mìchinnteach": -2,
  "mìchleachdadh": -2,
  "mìchliù": -2,
  "mìchofhurtachd": -2,
  "mìchofhurtail": -2,
  "mìcholtach": -1,
  "mìchothromach": -2,
  "michreideach": -1,
  "mìchuimseach": -2,
  "mìchùramach": -2,
  "mìfhàbharach": -2,
  "mìfhallain": -2,
  "mìfhiosrachaidh": -2,
  "mìfhoighidneach": -2,
  "mìfhreagarrach": -2,
  "mìghiùlain": -2,
  "mìghnàthachadh": -2,
  "mìghoireasach": -2,
  "mìghoireasachd": -2,
  "mìlaghail": -3,
  "mìleasaichte": -2,
  "mìmhodh": -2,
  "mìmhodhail": -2,
  "mìonarach": -2,
  "mìriaghailt": -2,
  "mìrian": -2,
  "mìriaraichte": -2,
  "mìshealbhach": -2,
  "mìshoirbheachail": -2,
  "mìshunnd": -2,
  "mìthlachdmhor": -2,
  "mìthoilichte": -2,
  "mìthuigse": -2,
  "miann": 1,
  "miannachadh": -2,
  "miannaichte": 2,
  "mill droch": -3,
  "milleadh": -4,
  "millteach": -3,
  "mindless": -2,
  "mionaidiche": 3,
  "mionnachadh": -2,
  "mìorbhaileach": 4,
  "miorbhuile": 3,
  "miosad": -2,
  "Miracle": 4,
  "mire": 3,
  "mirthful": 3,
  "mirthfully": 3,
  "misbehaved": -2,
  "misbehaves": -2,
  "misbranding": -3,
  "miscast": -2,
  "mischiefs": -1,
  "misclassified": -2,
  "misclassifies": -2,
  "misclassify": -2,
  "misconducted": -2,
  "misconducting": -2,
  "misconducts": -2,
  "misfire": -2,
  "misgiving": -2,
  "misinformed": -2,
  "misinterpreted": -2,
  "misleaded": -3,
  "misleads": -3,
  "misneach": 1,
  "misneachail": 2,
  "misneachd": 2,
  "misneachd agus dòchais": 2,
  "misplace": -2,
  "misplaced": -2,
  "misplaces": -2,
  "misplacing": -2,
  "mispricing": -3,
  "misread": -1,
  "misreport": -2,
  "misreporting": -2,
  "misreports": -2,
  "misrepresentation": -2,
  "misrepresentations": -2,
  "misrepresented": -2,
  "misrepresenting": -2,
  "misrepresents": -2,
  "Miss": -2,
  "mistaking": -2,
  "misunderstand": -2,
  "misunderstands": -2,
  "misuses": -2,
  "moan": -2,
  "moaned": -2,
  "modernizes": 2,
  "modhail": 2,
  "modladh": 2,
  "moirt": -2,
  "moiteil": 2,
  "moladh": 3,
  "mongering": -2,
  "monopolize": -2,
  "monopolized": -2,
  "monopolizes": -2,
  "monopolizing": -2,
  "monotone": -1,
  "Moody": -1,
  "mope": -1,
  "moping": -1,
  "mòr": 1,
  "mòrchòrdte": 3,
  "Mòrthubaist": -2,
  "mòrthubaistean": -2,
  "mòran taing": 2,
  "mortair": -2,
  "mosach": -3,
  "Motherfucker": -5,
  "motherfucking": -5,
  "muc": -2,
  "mùirn": 2,
  "muladach": -2,
  "mullach": 2,
  "mullaich": 2,
  "mumpish": -2,
  "mura": -2,
  "murt": -3,
  "murtair": -3,
  "n00b": -2,
  "na bhriseadhcridhe": -3,
  "na chnapstarra": -2,
  "na cnapstarraidhean": -2,
  "na comasan": 1,
  "nach deach a dhearbhadh": -1,
  "nach eil": -2,
  "nach eil ag obair": -3,
  "nach eileas ag iarraidh": -2,
  "nàdarra": 1,
  "nàimhdean": -2,
  "nàimhdeil": -2,
  "nàire": -2,
  "naive": -2,
  "naïve": -2,
  "nàmhaid": -2,
  "Nar leigeadh": -1,
  "narcissism": -2,
  "nas dùbhlanaiche": -2,
  "nas fheàrr": 2,
  "nas miosa": -2,
  "nas sàbhailte": 2,
  "Neach": -2,
  "neachaidh": -2,
  "nèamh": 2,
  "nèamhaidh": 4,
  "nearbhach": -2,
  "nearbhan": -1,
  "neart": 2,
  "neartachadh": 2,
  "neartan": 2,
  "neglects": -2,
  "neoairidh": -2,
  "neoaontaichte": -2,
  "neobhàsmhor": 2,
  "neobhuailteach": -1,
  "neochinnteach": -1,
  "neochiontach": -2,
  "neochomais": -2,
  "neochomasach": -2,
  "neochomasach,": -2,
  "neochomasachd": -2,
  "neochrìochnach": -2,
  "neochrìochnaichte": -1,
  "neodhearbhte bhon": -2,
  "neoèifeachdach": -2,
  "neofhìrean": -2,
  "neoiomchaidh": -2,
  "neoiomchuidh": -2,
  "neoiomlan": -2,
  "neoionainne": -1,
  "neolàthaireach": -1,
  "neolàthairich": -1,
  "neoleatromach": 2,
  "neoreusanta": -2,
  "neosheasmhach": -2,
  "neoshoilleir": -2,
  "neoshuim": -2,
  "neothròcaireach": -2,
  "neoumhaileach": -2,
  "neoghlan": -3,
  "neònach": -2,
  "nervously": -2,
  "nì cron orra": -2,
  "nifty": 2,
  "niggas": -5,
  "nigger": -5,
  "nobhail": 2,
  "nochdte": 2,
  "Nollaig": 2,
  "noob": -2,
  "nosy": -2,
  "not mar": -2,
  "obliterate": -2,
  "obliterated": -2,
  "obnoxious": -3,
  "obscenity": -2,
  "obstructs": -2,
  "Ochanaich": -2,
  "offends": -2,
  "offensively": -2,
  "offline": -1,
  "Oich": -2,
  "oilbheum": -2,
  "oilbheumach": -2,
  "oillteil": 4,
  "òir": 2,
  "òirdheirc": 3,
  "oirnn": -1,
  "oks": 2,
  "olc": -3,
  "ominous": 3,
  "Onair": 2,
  "onarach": 2,
  "optionless": -2,
  "ossealladh": -1,
  "osnadh": -2,
  "ospadal": -2,
  "ostracize": -2,
  "ostracized": -2,
  "ostracizes": -2,
  "othail": 3,
  "Ouch": -2,
  "outages": -2,
  "Outbreaks": -2,
  "outmaneuvered": -2,
  "overprotective": -2,
  "overran": -2,
  "overreact": -2,
  "overreacted": -2,
  "overreacting": -2,
  "overreaction": -2,
  "overreacts": -2,
  "oversell": -2,
  "overselling": -2,
  "oversells": -2,
  "oversimplification": -2,
  "oversimplified": -2,
  "oversimplifies": -2,
  "oversimplify": -2,
  "oversold": -2,
  "overstatement": -2,
  "overstatements": -2,
  "overwrought": -3,
  "oxymoron": -1,
  "pained": -2,
  "Paradise": 3,
  "pardons": 2,
  "Parley": -1,
  "peacach": -3,
  "peacaidhean": -2,
  "peanas": -2,
  "peanasachadh": -2,
  "peanasachaidh": -2,
  "peanasaich": -2,
  "penalizes": -2,
  "penalizing": -2,
  "pensive": -1,
  "perfect": 3,
  "perfects": 2,
  "perjury": -3,
  "persecutes": -2,
  "perturbed": -2,
  "Pervert": -3,
  "pesky": -2,
  "phàigheadh": -1,
  "pheacaidh": -2,
  "pheanasachadh": -2,
  "phiobraich": 1,
  "phlàigh": -3,
  "phobic": -2,
  "phuinnseanan": -2,
  "pian": -2,
  "pileup": -1,
  "pillage": -2,
  "pique": -2,
  "piqued": -2,
  "piss": -4,
  "pissed": -4,
  "pissing": -3,
  "piteous": -2,
  "pitied": -1,
  "plaguing": -3,
  "plàighean": -3,
  "plodding": -2,
  "pòg": 2,
  "pollutant": -2,
  "polluter": -2,
  "polluters": -2,
  "pongail": 2,
  "postpones": -1,
  "postponing": -1,
  "prblm": -2,
  "prblms": -2,
  "Preasantairean": 5,
  "prick": -5,
  "prìosan": -2,
  "prìosanach": -2,
  "prìosanachadh": -2,
  "prìosanaich": -2,
  "prìseil": 3,
  "profiteer": -2,
  "pròiseil": 2,
  "pronnadh": -1,
  "propaganda": -2,
  "prosecutes": -1,
  "prothaid": 2,
  "prothaideach": 2,
  "prothaidean": 2,
  "pseudoscience": -3,
  "psychopathic": -2,
  "puinnsean": -2,
  "puinnseanachadh": -2,
  "puinnseanta": -3,
  "punishes": -2,
  "punitive": -2,
  "purest": 1,
  "pushy": -1,
  "puzzled": -2,
  "quaking": -2,
  "rabhadh": -3,
  "rabhadh a thoirt dha": -2,
  "rabhaidh": -2,
  "rabhaidhean": -3,
  "racists": -3,
  "rag": -2,
  "ragmhuinealach": -2,
  "ragadh": -1,
  "rageful": -2,
  "ràinig": 1,
  "rannsachadh": 1,
  "ranter": -3,
  "ranters": -3,
  "rants": -3,
  "rapist": -4,
  "Rapture": 2,
  "raptured": 2,
  "raptures": 2,
  "rapturous": 4,
  "reassures": 1,
  "refines": 1,
  "refreshingly": 2,
  "regretful": -2,
  "regretting": -2,
  "rèiteach": 2,
  "rèiteachadh": 2,
  "relishing": 2,
  "repellent": -2,
  "repercussion": -2,
  "reprimanding": -2,
  "repulse": -1,
  "repulsive": -2,
  "resigns": -1,
  "restful": 2,
  "retard": -2,
  "retarded": -2,
  "reubadh": -2,
  "reubaltach": -2,
  "reubaltaich": -2,
  "revengeful": -2,
  "revolting": -2,
  "riaghladh nuair a chuireadh": 1,
  "rianail": 2,
  "riaraichte": 2,
  "ribe": -1,
  "rigged": -1,
  "Rinn iad suas le": 4,
  "riochd": -1,
  "riochdachadh ceàrr": -2,
  "Riot": -2,
  "riveting": 3,
  "rothrom,": -1,
  "Rob": -2,
  "robair": -2,
  "robed": -2,
  "robing": -2,
  "robs": -2,
  "rofl": 4,
  "roflcopter": 4,
  "roflmao": 4,
  "Romance": 2,
  "romansach": 2,
  "romantical": 2,
  "rotfl": 4,
  "rotflmfao": 4,
  "rotflol": 4,
  "ruaig": -2,
  "ruighinn amach": 2,
  "ruigsinn": 1,
  "ruigsinneach": 1,
  "ruining": -2,
  "rùmail": 1,
  "rùsgaidh": -2,
  "sabaid": -2,
  "sàbhail": 2,
  "sàbhailichebeatha": 4,
  "sàbhailte": 1,
  "sàbhailteachd": 1,
  "sàbhalaidhean": 1,
  "sabotàis a dhèanamh": -2,
  "sadail": -1,
  "sadden": -2,
  "saidhbhir": 2,
  "saidhbhire": 3,
  "salach": -3,
  "salchar": -2,
  "saluting": 2,
  "sàmhach": 3,
  "sannt": -3,
  "sanntach": -2,
  "saor anasgaidh": 1,
  "Saorsa": 2,
  "saorsaidhean": 2,
  "saorsainneil": 2,
  "sappy": -1,
  "sàr": 4,
  "sàrmhath": 3,
  "sàrmhathas": 3,
  "sàrachadh": -3,
  "sàrachail": -2,
  "Satan": -1,
  "savange": -2,
  "savanges": -2,
  "scam": -2,
  "scams": -2,
  "scapegoats": -2,
  "scar": -2,
  "scoop": 3,
  "scornful": -2,
  "Scream": -2,
  "screwed": -2,
  "screwed suas": -3,
  "scum": -3,
  "scumbag": -4,
  "seachad": 2,
  "Seachd sgìth": -3,
  "seachnadh": -2,
  "seantans": -2,
  "searbh": -2,
  "searbhasach": -2,
  "seargadh": -2,
  "seasmhach": 2,
  "seasmhachd": 1,
  "seditious": -2,
  "seiche": -1,
  "selfishness": -3,
  "sentences": -2,
  "seòlta": 2,
  "seòltachd": -2,
  "seòrsa": 2,
  "Seòrsa de": 0,
  "Seòrsa siùrsach": -4,
  "Serene": 2,
  "seudan": 1,
  "sexist": -2,
  "sexistic": -2,
  "Sexy": 3,
  "sgainneal": -3,
  "Sgaoil": 1,
  "sgaoilte": -3,
  "sgiamhail": -2,
  "sgiobalta": 1,
  "sgith": -2,
  "sgìth": -2,
  "sgìths": -2,
  "sgoinneal": 3,
  "sgoinneil": 3,
  "sgreuchail": -2,
  "sgriachail": -2,
  "sgrios": -3,
  "sgriosail": -2,
  "sgudal": -1,
  "sguir": -1,
  "shàbhail": 2,
  "shamhail": 1,
  "shaoradh": 2,
  "shàsaicheas": 2,
  "shàthadh": -2,
  "sheachnadh": -1,
  "sheallaidhean": 1,
  "sheunta": 3,
  "shithead": -4,
  "shìthicheadh": 2,
  "shitty": -3,
  "shlaodadh": -1,
  "shleamhnach": -1,
  "shocair": 2,
  "shoirbheas": -2,
  "shona": 2,
  "shoody": -2,
  "shrew": -4,
  "shuarach": -2,
  "shubhachasan": 3,
  "shunndach,": 2,
  "sigh": -2,
  "sìmplidheachd": 1,
  "sincerest": 2,
  "sincerity": 2,
  "singleminded": -2,
  "sìor": -1,
  "sìos": -2,
  "sìth": 2,
  "sìtheil": 2,
  "skeptic": -2,
  "skeptics": -2,
  "slàinte": 2,
  "Slàinte": 2,
  "slam": -2,
  "slaodach": -2,
  "slaodadh": -1,
  "slashed": -2,
  "sleamhnaichte": -1,
  "sleeplessness": -2,
  "Slick": 2,
  "slicker": 2,
  "slickest": 2,
  "Sloppy": -2,
  "slumping": -1,
  "slut": -5,
  "smachdachas": -2,
  "smaoineachadh": -2,
  "smaoineachail": -2,
  "smaointeachail": 2,
  "smart": 1,
  "smartest": 2,
  "Smèid": 2,
  "smeuradh": -2,
  "smior": 2,
  "smog": -2,
  "smuggles": -2,
  "Sneaky": -1,
  "sneezed": -2,
  "sneezes": -2,
  "snog": 3,
  "snubbed": -2,
  "snubbing": -2,
  "snubs": -2,
  "soleòntachd": -2,
  "soleònte": -2,
  "somhaoin": 2,
  "sobering": 1,
  "socair": 2,
  "sochairichte": 2,
  "sòghalachd": 2,
  "soillearachadh": 2,
  "soilleir": 1,
  "soilleire": 2,
  "soilleireachadh": 2,
  "soilleireachd": 2,
  "soillsich": 2,
  "soillsichte": 2,
  "soirbheachadh": 2,
  "soirbheachail": 3,
  "sòlamaichte": -1,
  "solidifies": 2,
  "solidify": 2,
  "solidifying": 2,
  "solves": 1,
  "somalta": -2,
  "somber": -2,
  "sona": 3,
  "sonas": 3,
  "sònraichte": 1,
  "soothed": 3,
  "soothing": 3,
  "soraidh": 2,
  "spadadh": -3,
  "spàirnean": -2,
  "spama": -2,
  "spamadh": -2,
  "spammer": -3,
  "spammers": -3,
  "Sparkle": 3,
  "Sparkles": 3,
  "sparradh": -1,
  "spèis": 2,
  "spiorad": 1,
  "spioradaile": 2,
  "spiritless": -2,
  "spiteful": -2,
  "spòrsail": 4,
  "spotless": 2,
  "sprightly": 2,
  "squander": -2,
  "squandering": -2,
  "squanders": -2,
  "squelched": -1,
  "sradag": 1,
  "sreothart": -2,
  "sreothartaich": -2,
  "stàball": 2,
  "stabs": -2,
  "stad": -2,
  "stadan": -1,
  "stailc": -1,
  "stailcean": -1,
  "stàile": -2,
  "stalling": -2,
  "stampadh": -2,
  "stank": -2,
  "startled": -2,
  "starves": -2,
  "stèidhichte gu math": 2,
  "steigte": -2,
  "stifled": -1,
  "stingy": -2,
  "stinked": -2,
  "stinker": -2,
  "stinking": -2,
  "stinks": -2,
  "stinky": -2,
  "stoirmeil": -2,
  "stressor": -2,
  "stressors": -2,
  "strì": 2,
  "stupidity": -3,
  "stupidly": -2,
  "suaicheanta": 2,
  "suarach": -2,
  "Suave": 2,
  "subpoena": -2,
  "subversive": -2,
  "sucks": -3,
  "Sue": -2,
  "sued": -2,
  "sueing": -2,
  "sues": -2,
  "suidheachadh": -2,
  "sùileachadh": 1,
  "suing": -2,
  "sulking": -2,
  "sulky": -2,
  "sullen": -2,
  "sunndach": 2,
  "super": 3,
  "survivor": 2,
  "susbainteach": 1,
  "suspecting": -1,
  "sweet": 2,
  "swindle": -3,
  "swindles": -3,
  "swindling": -3,
  "tabhartair": 2,
  "tabhartasan": 1,
  "tachaiseach": -2,
  "tadhal mar thaibhsean": -1,
  "taibhs": -1,
  "Taibhsean": -2,
  "taic": 1,
  "taiceil": 2,
  "taing a thoirt": 2,
  "taingeil": 2,
  "taint": -2,
  "tàir": -2,
  "tàireil": -2,
  "taisbeanadh": -1,
  "taitneach": 3,
  "tàladh": 2,
  "tàlant": 2,
  "tàmailt": -2,
  "tàmailteachadh": -3,
  "taobhbhuaidh": -2,
  "taobhadh": 2,
  "tapaidh": 2,
  "tard": -2,
  "tarnish": -2,
  "Tarnished": -2,
  "tarnishes": -2,
  "tarraing amach": -3,
  "tarraing aire": -2,
  "tarraingeach": 1,
  "tarraingeachd": 2,
  "tasgadh": 2,
  "teagamh": -1,
  "teagamh sam bith": -2,
  "teagamhan": -1,
  "teagmhach": -2,
  "teannachadh": -1,
  "tèarainte": 2,
  "teasairginn": 2,
  "teicheadh": -1,
  "tèid": -1,
  "teine": -2,
  "terrifically": 4,
  "terror": -3,
  "terrorize": -3,
  "tha": 1,
  "Tha gràin mhòr": -3,
  "thachairt": -2,
  "thachd": -2,
  "thaibheartach": 2,
  "Thàinig gàire mòr air": 2,
  "thairis": -2,
  "thàladh": 1,
  "thaobh cainean": -2,
  "tharraing": -2,
  "Tharraing": 1,
  "tharraingeas luchdturais": 2,
  "thighinn far na rèilichean": -2,
  "thilgeil": -1,
  "thilgeil amach": -2,
  "thlachdmhòr": 3,
  "thobhta": -2,
  "thoileachais": 3,
  "thoirmeasg": -2,
  "thoirmeasgach": 2,
  "thoirt a": -2,
  "thoiseach": 1,
  "thòisich": -2,
  "thrèig": -2,
  "thrèigsinn": -2,
  "thrioblaideach": -2,
  "thrioblaidean": -2,
  "thruacanta": 2,
  "thruailleadh": -2,
  "thuit": -1,
  "thwarted": -2,
  "thwarting": -2,
  "thwarts": -2,
  "tiamhaidh": 1,
  "tilgeadh air falbh": -1,
  "tilgeil air ais": -2,
  "timorous": -2,
  "tinn": -2,
  "tinneas": -1,
  "tinneasan": -2,
  "tiodhlac": 2,
  "tiodhlacadh": -1,
  "tiodhlacaidhean": -1,
  "tlachd": 3,
  "tlachdmhor": 3,
  "tobhta": -2,
  "tobhtaichean": -2,
  "togail": 1,
  "togradh": 1,
  "toileachadh": 2,
  "Toileachas": 5,
  "toilichte": 3,
  "toinisgeil": 2,
  "toirmisgte": -2,
  "toirt": 2,
  "toirt a chreidsinn": 1,
  "toirt air falbh": -1,
  "toirt seachad": 2,
  "torrach": 2,
  "tortures": -4,
  "tost": -1,
  "totalitarian": -2,
  "tout": -2,
  "touted": -2,
  "touting": -2,
  "touts": -2,
  "tràillealachd": -3,
  "tràillean": -3,
  "transgress": -2,
  "transgressed": -2,
  "transgresses": -2,
  "transgressing": -2,
  "tràth": -2,
  "travesty": -2,
  "treasonous": -3,
  "trèibhdhireach": 2,
  "trèigte": -2,
  "tremor": -2,
  "tremulous": -2,
  "trioblaid": -2,
  "trioblaide": -2,
  "trioblaideach": -2,
  "trioblaidean": -2,
  "Trioblaidean andràsta": -2,
  "trochèile": -2,
  "tròcair": 2,
  "tròcairiche": 1,
  "trod": -2,
  "troimhechèile": -2,
  "Troll": -2,
  "truagh,": -3,
  "truaighe": -2,
  "truailleadh": -2,
  "truaillich": -2,
  "truaillidh": -2,
  "truaillte": -3,
  "truas": -2,
  "tuagh": -1,
  "tuairmeasach": -2,
  "tuathanach doiribh": -2,
  "tubaist": -2,
  "Tubaist": -2,
  "tubaisteach": -2,
  "tubaistean": -2,
  "tuigseach": -2,
  "tuineachadh": 1,
  "tuineachaidhean": 1,
  "tùis": -2,
  "tuiteam": -2,
  "tuiteam air dheireadh": -2,
  "tur": 2,
  "tùrsach": -2,
  "twat": -5,
  "tyran": -3,
  "tyrannic": -3,
  "tyrannical": -3,
  "tyrannically": -3,
  "tyrans": -3,
  "uabhas": -2,
  "uabhasachadh": -3,
  "uabhasaichte": -2,
  "uaigh": -2,
  "uaine nighe": -3,
  "uaine nigheadaireachd": -3,
  "uallach": 2,
  "uamhann": -3,
  "uamhas": -3,
  "uamhasach": -3,
  "uamhasaich": -3,
  "uamhasaiche": -3,
  "uasal": 2,
  "ugh": -2,
  "ùghdarachadh": 2,
  "ùghdarras": 1,
  "ùidh": 1,
  "ùidhean": 1,
  "uile làthaireach": 2,
  "uiread dhan t": -2,
  "uireasbhaidh": -3,
  "uireasbhaidhean": -2,
  "uirsgeul": -1,
  "ulaidh": 2,
  "ulaidhean": 2,
  "ullachadh": 1,
  "ùmhlachd": 2,
  "unappeasable": -2,
  "unattractive": -2,
  "unavailing": -2,
  "unconcerned": -2,
  "uncredited": -1,
  "undecided": -1,
  "undercooked": -2,
  "underperform": -2,
  "underperformed": -2,
  "underperforming": -2,
  "underperforms": -2,
  "undeserving": -2,
  "uneventful": -2,
  "unfitted": -2,
  "unfocused": -2,
  "unforgivable": -3,
  "unfulfilled": -2,
  "unfunny": -2,
  "ungenerous": -2,
  "ungrateful": -3,
  "unhygienic": -2,
  "unimaginative": -2,
  "unimpressed": -2,
  "uninspired": -2,
  "unintelligent": -2,
  "unintentional": -2,
  "uninvolving": -2,
  "Unknown": 2,
  "unlovable": -2,
  "unloved": -2,
  "unmotivated": -2,
  "unoriginal": -2,
  "unparliamentary": -2,
  "unpleasantness": -2,
  "unprofessional": -2,
  "unreleting": -2,
  "unresearched": -2,
  "unscientific": -2,
  "unselfish": 2,
  "unsold": -1,
  "unsophisticated": -2,
  "unsound": -2,
  "unstoppable": 2,
  "untarnished": 2,
  "ùpraid": -3,
  "ùpraideach": -2,
  "ùpraidean": -2,
  "upsets": -2,
  "upsetting": -2,
  "Uptight": -2,
  "ùr": 1,
  "ùrghnàthach": 2,
  "ùrghnàthachadh": 1,
  "ùrachadh": 2,
  "urra": 2,
  "urrainn": -2,
  "urrainn dhuinn cur suas": -2,
  "urram": 2,
  "urramachadh": 2,
  "urramaiche": 2,
  "Urras": 1,
  "urrasan": 1,
  "uselessness": -2,
  "validates": 1,
  "validating": 1,
  "vapid": -2,
  "vexing": -2,
  "victimize": -3,
  "victimized": -3,
  "victimizes": -3,
  "victimizing": -3,
  "victors": 3,
  "vindicate": 2,
  "vindicates": 2,
  "vindicating": 2,
  "violating": -2,
  "virtuous": 2,
  "virulent": -2,
  "vitriolic": -3,
  "vivacious": 3,
  "vociferous": -1,
  "vomited": -3,
  "vomits": -3,
  "walkouts": -2,
  "wanker": -3,
  "warmhearted": 2,
  "warmness": 2,
  "wavering": -1,
  "whimsical": 1,
  "winwin": 3,
  "woebegone": -2,
  "woeful": -3,
  "won": 3,
  "Woo": 3,
  "woohoo": 3,
  "wooo": 4,
  "woow": 4,
  "worsen": -3,
  "worsens": -3,
  "wowow": 4,
  "wowww": 4,
  "wrathful": -3,
  "wrenching": -2,
  "wrongdoing": -2,
  "wronged": -2,
  "WTF": -4,
  "wtff": -4,
  "wtfff": -4,
  "XO": 3,
  "xoxo": 3,
  "xoxoxo": 4,
  "xoxoxoxo": 4,
  "yearning": 1,
  "yeees": 2,
  "yucky": -2,
  "yummy": 3,
  "zealot": -2,
  "zealots": -2,
  "Zealous": 2
}