{
  "اوس": 5,
  "(mature)": 2,
  "(خبيثو)": -1,
  "(دخطياتو)": 1,
  "(ضامن)": -1,
  "، بیضو": -2,
  "abhor": -3,
  "abhorred": -3,
  "aborts": -1,
  "absolves": 2,
  "abuse": -3,
  "acquits": 2,
  "adoration": 3,
  "adore": 3,
  "adored": 3,
  "adores": 3,
  "adoring": 3,
  "adoringly": 3,
  "advantageously": 2,
  "adventure": 2,
  "adventures": 2,
  "adventurous": 2,
  "affectionate": 3,
  "affectionateness": 3,
  "affronted": -1,
  "aficionados": 2,
  "aggressiveness": -2,
  "aghast": -2,
  "agog": 2,
  "agonises": -3,
  "agonizes": -3,
  "alarmists": -2,
  "amused": 3,
  "amusements": 3,
  "apeshit": -3,
  "apocalyptic": -2,
  "appeases": 2,
  "arsehole": -4,
  "assfucking": -4,
  "asshole": -4,
  "astound": 3,
  "astoundingly": 3,
  "astounds": 3,
  "attractively": 2,
  "avenged": -2,
  "avenger": -2,
  "avengers": -2,
  "avenges": -2,
  "badass": -3,
  "badness": -3,
  "bamboozle": -2,
  "bamboozled": -2,
  "bamboozles": -2,
  "bankster": -3,
  "barbarian": -2,
  "bastards": -5,
  "beatific": 3,
  "befit": 2,
  "belittle": -2,
  "bereave": -2,
  "bereaves": -2,
  "bereaving": -2,
  "bitch": -5,
  "bitches": -5,
  "bitterest": -2,
  "blackmailing": -3,
  "blackmails": -3,
  "blah": -2,
  "blesses": 2,
  "blissful": 3,
  "blithe": 2,
  "blurry": -2,
  "boastful": -2,
  "boldly": 2,
  "boost": 1,
  "bored": -2,
  "bothersome": -2,
  "brainwashing": -3,
  "bravura": 3,
  "brilliances": 3,
  "bully": -2,
  "bummer": -2,
  "burdening": -2,
  "burglar": -2,
  "calms": 2,
  "captivated": 3,
  "carefulness": 2,
  "cashing په": -2,
  "chagrined": -2,
  "championed": 2,
  "charmingly": 3,
  "charmless": -3,
  "chastised": -3,
  "chastises": -3,
  "chastising": -3,
  "cheated": -3,
  "cheater": -3,
  "cheaters": -3,
  "cherishing": 2,
  "chide": -3,
  "classy": 3,
  "cocksucker": -5,
  "cocksuckers": -5,
  "cocky": -2,
  "colliding": -1,
  "complimented": 2,
  "conciliate": 2,
  "conciliated": 2,
  "conciliates": 2,
  "conciliating": 2,
  "conflictive": -2,
  "congrats": 2,
  "consolable": 2,
  "contagion": -2,
  "contagions": -2,
  "contaminant": -2,
  "contaminating": -2,
  "contemptible": -2,
  "contemptuously": -2,
  "contend": -1,
  "convinces": 1,
  "convivial": 2,
  "cornered": -2,
  "courageousness": 2,
  "coziness": 2,
  "cramp": -1,
  "crap": -3,
  "crappy": -3,
  "crazier": -2,
  "craziest": -2,
  "crestfallen": -2,
  "criminate": -3,
  "criminated": -3,
  "criminates": -3,
  "crushes": -1,
  "cunt": -5,
  "dauntless": 2,
  "debonair": 2,
  "defrauds": -3,
  "deft": 2,
  "dehumanize": -2,
  "dehumanizes": -2,
  "dehumanizing": -2,
  "deject": -2,
  "dejecting": -2,
  "dejects": -2,
  "delectable": 3,
  "delightful": 3,
  "delighting": 3,
  "demoralizes": -2,
  "deniers": -2,
  "deplored": -3,
  "deploring": -3,
  "deports": -2,
  "derails": -2,
  "deride": -2,
  "derision": -2,
  "despairs": -3,
  "detracted": -1,
  "devastate": -2,
  "devastations": -2,
  "Dick": -4,
  "dickhead": -4,
  "diffident": -2,
  "dilligence": 2,
  "dipshit": -3,
  "direful": -3,
  "dirtier": -2,
  "disapprovals": -2,
  "disapproves": -2,
  "discernment": 2,
  "disconsolate": -2,
  "disconsolation": -2,
  "disguises": -1,
  "disguising": -1,
  "disgusted": -3,
  "disgustful": -3,
  "disorders": -2,
  "disparages": -2,
  "disregarding": -2,
  "disregards": -2,
  "distasteful": -2,
  "distresses": -2,
  "dodgy": -2,
  "dolorous": -2,
  "douche": -3,
  "douchebag": -3,
  "downhearted": -2,
  "dreading": -2,
  "drowns": -2,
  "drudgery": -2,
  "dud": -2,
  "dupe": -2,
  "duped": -2,
  "dupery": -2,
  "eerie": -2,
  "eery": -2,
  "elated": 3,
  "elation": 3,
  "elegantly": 2,
  "embarrasses": -2,
  "emptiness": -1,
  "enchanted": 2,
  "ennui": -2,
  "enrapture": 3,
  "enslaves": -2,
  "enthrall": 3,
  "envies": -1,
  "envious": -2,
  "envying": -1,
  "euphoric": 4,
  "evacuates": -1,
  "evergreening": -3,
  "exasparate": -2,
  "exasperates": -2,
  "excruciatingly": -1,
  "exhilarates": 3,
  "exploits": -2,
  "exquisite": 3,
  "exuberant": 4,
  "exultantly": 3,
  "fabulously": 4,
  "fad": -2,
  "fagot": -3,
  "fagots": -3,
  "fainthearted": -2,
  "faking": -3,
  "fantastic": 4,
  "fascinate": 3,
  "fascinates": 3,
  "fascination": 3,
  "fatigued": -2,
  "fatigues": -2,
  "fatiguing": -2,
  "favorited": 2,
  "favorites": 2,
  "favourited": 2,
  "fearfully": -2,
  "fearsome": -2,
  "fervid": 2,
  "fidgety": -2,
  "flawlessly": 2,
  "flop": -2,
  "flops": -2,
  "flustered": -2,
  "foreclosure": -2,
  "foreclosures": -2,
  "forgettable": -1,
  "fraudster": -4,
  "fraudsters": -4,
  "fraudulence": -4,
  "fright": -2,
  "frikin": -2,
  "frisky": 2,
  "frowning": -1,
  "ftw": 3,
  "fucked": -4,
  "fuckers": -4,
  "fuckface": -4,
  "fuckhead": -4,
  "fuckin": -4,
  "fucking": -4,
  "fucking fantastic": 4,
  "fucking حیرانونکې": 4,
  "fucking خوښوي": 4,
  "fucking ښکلي": 4,
  "fucking ښه": 4,
  "fucking غوره": 4,
  "fucking ګرم": 2,
  "fucking کامل": 4,
  "fucking کې خوږه": 4,
  "fucking مينه": 4,
  "fucktard": -4,
  "fud": -3,
  "fuked": -4,
  "fuking": -4,
  "fun": 4,
  "funky": 2,
  "funnier": 4,
  "funny": 4,
  "genial": 3,
  "ghastly": -2,
  "giddy": -2,
  "glamorous": 3,
  "glamourous": 3,
  "gleeful": 3,
  "goddamn": -3,
  "goofiness": -2,
  "greenwash": -3,
  "greenwasher": -3,
  "greenwashers": -3,
  "greenwashing": -3,
  "gripping": 2,
  "groan": -2,
  "groaned": -2,
  "groans": -2,
  "gullibility": -2,
  "ha": 2,
  "haha": 3,
  "hahaha": 3,
  "hahahah": 3,
  "haplessness": -2,
  "hater": -3,
  "haters": -3,
  "heartless": -2,
  "heartwarming": 3,
  "heavyhearted": -2,
  "hehe": 2,
  "hellish": -2,
  "hideous": -3,
  "hooliganism": -2,
  "horrible": -3,
  "huckster": -2,
  "humbug": -2,
  "humerous": 3,
  "humourous": 2,
  "hurray": 5,
  "hysteria": -3,
  "hysterical": -3,
  "hysterics": -3,
  "icky": -3,
  "idiocy": -3,
  "idiotic": -3,
  "imbecile": -3,
  "immortal": 2,
  "impairing": -2,
  "impeachments": -3,
  "impedingly": -2,
  "impotent": -2,
  "impresses": 3,
  "incapacitates": -2,
  "incapacitating": -2,
  "incenses": -2,
  "incensing": -2,
  "inconsiderate": -2,
  "indestructible": 2,
  "indoctrinates": -2,
  "indoctrinating": -2,
  "inediable": -2,
  "ineffectively": -2,
  "inexorable": -3,
  "Infantile": -2,
  "infantilized": -2,
  "infatuated": 2,
  "infatuation": 2,
  "infests": -2,
  "infract": -2,
  "infracted": -2,
  "infracting": -2,
  "infracts": -2,
  "infuriate": -2,
  "infuriates": -2,
  "infuriating": -2,
  "innovate": 1,
  "innovates": 1,
  "inquisitive": 2,
  "insipid": -2,
  "insufficiency": -2,
  "interrupting": -2,
  "intimacy": 2,
  "intransigency": -2,
  "irate": -3,
  "irreproducible": -2,
  "irresistibly": 2,
  "irresolute": -2,
  "irreversibly": -1,
  "irritates": -3,
  "jackass": -4,
  "jackasses": -4,
  "jaunty": 2,
  "jolly": 2,
  "joyfully": 3,
  "joyless": -2,
  "jubilant": 3,
  "kudos": 3,
  "lackadaisical": -2,
  "laughs": 1,
  "laughting": 1,
  "lawl": 3,
  "lethality": -2,
  "lifesaver": 4,
  "lighthearted": 1,
  "likable": 2,
  "likeable": 2,
  "likers": 2,
  "litigious": -2,
  "lmao": 4,
  "lmfao": 4,
  "loathing": -3,
  "lolol": 4,
  "lololol": 4,
  "lolololol": 4,
  "lonely": -2,
  "lool": 3,
  "loool": 3,
  "looool": 3,
  "lousy": -2,
  "lovable": 3,
  "lovelies": 3,
  "ludicrous": -3,
  "lugubrious": -2,
  "lurks": -1,
  "maddening": -3,
  "maladaption": -2,
  "maldevelopment": -2,
  "masterpieces": 4,
  "mediocrity": -3,
  "meditative": 1,
  "melancholy": -2,
  "memoriam": -2,
  "menaced": -2,
  "Merry": 3,
  "mesmerizing": 3,
  "mess": -2,
  "messed": -2,
  "mirthful": 3,
  "mirthfully": 3,
  "misbehave": -2,
  "misbranding": -3,
  "miscast": -2,
  "mischiefs": -1,
  "misclassified": -2,
  "misclassifies": -2,
  "misclassify": -2,
  "misconducted": -2,
  "misconducting": -2,
  "miserably": -3,
  "misgiving": -2,
  "misleaded": -3,
  "misplacing": -2,
  "mispricing": -3,
  "misread": -1,
  "misreport": -2,
  "misreported": -2,
  "misreporting": -2,
  "misreports": -2,
  "Miss": -2,
  "mistaking": -2,
  "monopolizes": -2,
  "mope": -1,
  "moping": -1,
  "moron": -3,
  "motherfucker": -5,
  "motherfucking": -5,
  "mumpish": -2,
  "n00b": -2,
  "negativity": -2,
  "niggas": -5,
  "nigger": -5,
  "noblest": 2,
  "offensively": -2,
  "optionless": -2,
  "ostracizes": -2,
  "ouch": -2,
  "outage": -2,
  "outmaneuvered": -2,
  "Overload سره": -1,
  "overprotective": -2,
  "overreact": -2,
  "overreacted": -2,
  "overreaction": -2,
  "overreacts": -2,
  "oversell": -2,
  "overselling": -2,
  "oversells": -2,
  "oversimplification": -2,
  "oversimplified": -2,
  "oversimplifies": -2,
  "oversimplify": -2,
  "oversold": -2,
  "overwrought": -3,
  "oxymoron": -1,
  "panics": -3,
  "penalizes": -2,
  "perfects": 2,
  "persecutes": -2,
  "pervert": -3,
  "petrified": -2,
  "philanthropy": 2,
  "picturesque": 2,
  "pileup": -1,
  "pillage": -2,
  "piqued": -2,
  "pissed": -4,
  "pissing": -3,
  "piteous": -2,
  "pitied": -1,
  "playful": 2,
  "plodding": -2,
  "polluter": -2,
  "possessive": -2,
  "prblm": -2,
  "prblms": -2,
  "profiteer": -2,
  "provokes": -1,
  "pseudoscience": -3,
  "psychopathic": -2,
  "pushy": -1,
  "quaking": -2,
  "rageful": -2,
  "ranter": -3,
  "ranters": -3,
  "raptured": 2,
  "raptures": 2,
  "rapturous": 4,
  "refreshingly": 2,
  "rejoices": 4,
  "relieves": 1,
  "repercussion": -2,
  "reprimanding": -2,
  "repulse": -1,
  "repulsive": -2,
  "resentful": -2,
  "revered": 2,
  "revolting": -2,
  "robing": -2,
  "rofl": 4,
  "roflcopter": 4,
  "roflmao": 4,
  "Romance": 2,
  "romantical": 2,
  "romantically": 2,
  "rotfl": 4,
  "rotflmfao": 4,
  "rotflol": 4,
  "sadden": -2,
  "saluted": 2,
  "salutes": 2,
  "savange": -2,
  "savanges": -2,
  "scary": -2,
  "screwed": -2,
  "screwed پورې": -3,
  "scum": -3,
  "scumbag": -4,
  "sexistic": -2,
  "shithead": -4,
  "shitty": -3,
  "shoody": -2,
  "shrew": -4,
  "sincerest": 2,
  "singleminded": -2,
  "skeptic": -2,
  "slashes": -2,
  "slicker": 2,
  "slickest": 2,
  "sloppy": -2,
  "slumping": -1,
  "slut": -5,
  "smuggles": -2,
  "sneaky": -1,
  "sneezed": -2,
  "sneezes": -2,
  "snubbing": -2,
  "solidified": 2,
  "soothed": 3,
  "spammers": -3,
  "sparkle": 3,
  "sparkles": 3,
  "spiritless": -2,
  "spotless": 2,
  "squanders": -2,
  "starves": -2,
  "stinked": -2,
  "stinker": -2,
  "stinking": -2,
  "stinky": -2,
  "stressor": -2,
  "stupidly": -2,
  "Sue": -2,
  "sueing": -2,
  "sulking": -2,
  "sulky": -2,
  "sullen": -2,
  "swindles": -3,
  "tard": -2,
  "tarnishes": -2,
  "terrible": -3,
  "terrifically": 4,
  "terrorizes": -3,
  "thwarts": -2,
  "timorous": -2,
  "tits": -2,
  "totalitarianism": -2,
  "transgresses": -2,
  "treasonous": -3,
  "tremulous": -2,
  "twat": -5,
  "tyran": -3,
  "tyrannic": -3,
  "tyrans": -3,
  "ugh": -2,
  "unappeasable": -2,
  "unappreciated": -2,
  "unavailing": -2,
  "unbelieving": -1,
  "uncredited": -1,
  "undercooked": -2,
  "underperformed": -2,
  "undeserving": -2,
  "unequaled": 2,
  "uneventful": -2,
  "unfitted": -2,
  "unforgiving": -2,
  "unfunny": -2,
  "ungenerous": -2,
  "uninspired": -2,
  "unintelligent": -2,
  "uninvolving": -2,
  "unlovable": -2,
  "unloved": -2,
  "unoriginal": -2,
  "unreleting": -2,
  "unresearched": -2,
  "unscientific": -2,
  "unselfish": 2,
  "untarnished": 2,
  "unworthy": -2,
  "uptight": -2,
  "uselessness": -2,
  "vapid": -2,
  "victimizing": -3,
  "vindicates": 2,
  "visioning": 1,
  "vivacious": 3,
  "vomited": -3,
  "vomits": -3,
  "wanker": -3,
  "warfare": -2,
  "warmhearted": 2,
  "warmness": 2,
  "weird": -2,
  "winwin": 3,
  "woebegone": -2,
  "woeful": -3,
  "wonderfully": 4,
  "woohoo": 3,
  "wooo": 4,
  "woow": 4,
  "wowow": 4,
  "wowww": 4,
  "wrongdoings": -2,
  "wtf": -4,
  "wtff": -4,
  "wtfff": -4,
  "xoxo": 3,
  "xoxoxo": 4,
  "xoxoxoxo": 4,
  "yeees": 2,
  "youthful": 2,
  "yucky": -2,
  "zealot": -2,
  "zealots": -2,
  "ابتکاري": 2,
  "اتريشي": 2,
  "اتل": 2,
  "اتلان": 2,
  "اجازه": 1,
  "اجبار": -2,
  "اجباري": -1,
  "اجر": 2,
  "اجرونو": 2,
  "اچونکي": -2,
  "اچوي": -2,
  "احترامۍ": -2,
  "احتکاري": -2,
  "احتمال": -1,
  "احتياط": 2,
  "احساس": 1,
  "احضاریه": -2,
  "احمق": -2,
  "احمقانه": 2,
  "احمقانو": -2,
  "اخالقي": -2,
  "اختالفي": -2,
  "اختلاس": -3,
  "اختلافي": -2,
  "اخته": -1,
  "اخطارونه": -3,
  "اخلاص": 2,
  "اخلاقي": 2,
  "اخيستل": -2,
  "آخيستنه": -2,
  "ارام": 2,
  "آرام": 2,
  "ارته": 1,
  "ارزانه": 2,
  "ارزانه بيه": 2,
  "ارزښت": 2,
  "ارمان": 1,
  "ارمونى": -5,
  "ارنست": 2,
  "ارواګانو": -1,
  "اړخيزه اغېزه": -2,
  "اړکړل": -2,
  "اړو": -2,
  "ازادیو": 2,
  "آزار": -2,
  "اسانه": 1,
  "استعداد": 2,
  "استعفا": -1,
  "استعفا وکړه": -1,
  "استعفی وکړي": -1,
  "استفراق": -3,
  "استیضاح": -3,
  "آسمان": 2,
  "اسماني": 4,
  "آسوده": 2,
  "اسوېلي": -2,
  "اشنا کوي": -1,
  "اصولی": -3,
  "اصیل": 2,
  "اضطراب": -2,
  "اعاده": 1,
  "اعتبار": 2,
  "اعتبار ورکړ": 1,
  "اعتبار ورکوي": 1,
  "اعتراض": 2,
  "اعتراف وکړ": -2
}