{
  "ಟಿ ನಿಲ್ಲಬಹುದು": -3,
  "haha": 3,
  "abhors": -3,
  "absolves": 2,
  "absolving": 2,
  "acquits": 2,
  "admiring": 3,
  "admonished": -2,
  "adoring": 3,
  "adoringly": 3,
  "affectionateness": 3,
  "affronted": -1,
  "aggravates": -2,
  "agonises": -3,
  "agonize": -3,
  "agonizes": -3,
  "alarmist": -2,
  "alarmists": -2,
  "amazes": 2,
  "Angers": -3,
  "appeases": 2,
  "applauds": 2,
  "Asshole": -4,
  "astoundingly": 3,
  "avenges": -2,
  "Avenging": -2,
  "averts": -1,
  "bamboozled": -2,
  "bamboozles": -2,
  "bankster": -3,
  "bereaves": -2,
  "bereaving": -2,
  "blackmailing": -3,
  "blackmails": -3,
  "bothers": -2,
  "braveness": 2,
  "brilliances": 3,
  "calmed": 2,
  "calms": 2,
  "captivated": 3,
  "chagrined": -2,
  "charmless": -3,
  "chastises": -3,
  "cheerless": -2,
  "cheery": 3,
  "cherishing": 2,
  "chide": -3,
  "chided": -3,
  "chides,": -3,
  "chiding": -3,
  "cocksuckers": -5,
  "colluding": -3,
  "conciliate": 2,
  "conciliated": 2,
  "conciliates": 2,
  "conflictive": -2,
  "contestable": -2,
  "courageousness": 2,
  "coziness": 2,
  "crestfallen": -2,
  "criminate": -3,
  "criminated": -3,
  "criminates": -3,
  "cutback": -2,
  "damnit": -4,
  "Dauntless": 2,
  "deadening": -2,
  "deferring": -1,
  "defrauds": -3,
  "dehumanized": -2,
  "dehumanizes": -2,
  "dejecting": -2,
  "dejects": -2,
  "demoralized": -2,
  "demoralizes": -2,
  "deplores": -3,
  "deploring": -3,
  "deporting": -2,
  "deports": -2,
  "derails": -2,
  "deride": -2,
  "deriding": -2,
  "detracted": -1,
  "detracts": -1,
  "devastations": -2,
  "dilligence": 2,
  "dipshit": -3,
  "dirtiest": -2,
  "disappoints": -2,
  "disapprovals": -2,
  "disapproves": -2,
  "disapproving": -2,
  "disconsolation": -2,
  "disinclined": -2,
  "disparages": -2,
  "distresses": -2,
  "dithering": -2,
  "Douchebag": -3,
  "dour": -2,
  "dreading": -2,
  "duped": -2,
  "eery": -2,
  "embittered": -2,
  "ennui": -2,
  "enrage": -2,
  "enraging": -2,
  "enrapture": 3,
  "enslaves": -2,
  "enthrall": 3,
  "envies": -1,
  "envying": -1,
  "evacuates": -1,
  "evergreening": -3,
  "evergreens": 2,
  "exaggerates": -2,
  "exasparate": -2,
  "exasperated": -2,
  "exasperates": -2,
  "excruciatingly": -1,
  "exhilarated": 3,
  "exhilarates": 3,
  "exonerates": 2,
  "exonerating": 2,
  "expels": -2,
  "exultantly": 3,
  "fainthearted": -2,
  "fatigues": -2,
  "favourited": 2,
  "flustered": -2,
  "frikin": -2,
  "frisky": 2,
  "FTW": 3,
  "fucktard": -4,
  "fud": -3,
  "fuked": -4,
  "fuking": -4,
  "Glamourous": 3,
  "Goodlooking": 3,
  "goofiness": -2,
  "Gr8": 3,
  "greenwasher": -3,
  "greenwashers": -3,
  "groaned": -2,
  "gullibility": -2,
  "hahahah": 3,
  "heartwarming,": 3,
  "heavyhearted": -2,
  "Hehe": 2,
  "humerous": 3,
  "icky": -3,
  "impedingly": -2,
  "imposter": -2,
  "incapacitates": -2,
  "incensing": -2,
  "indoctrinates": -2,
  "inediable": -2,
  "infests": -2,
  "infract": -2,
  "infracted": -2,
  "infracting": -2,
  "infracts": -2,
  "infuriates": -2,
  "infuriating": -2,
  "innovates": 1,
  "intimidates": -2,
  "intransigency": -2,
  "irreproducible": -2,
  "jackasses": -4,
  "justifiably": 2,
  "laughting": 1,
  "lawl": 3,
  "Lifesaver": 4,
  "likers": 2,
  "lmao": 4,
  "LMFAO": 4,
  "loathes": -3,
  "LOL": 3,
  "lolol": 4,
  "lololol": 4,
  "lolololol": 4,
  "lool": 3,
  "loomed": -1,
  "loool": 3,
  "looool": 3,
  "looses": -3,
  "lovelies": 3,
  "lunatics": -3,
  "lurks": -1,
  "maladaption": -2,
  "maldevelopment": -2,
  "misbranding": -3,
  "mischiefs": -1,
  "misclassified": -2,
  "misclassifies": -2,
  "misclassify": -2,
  "misconducted": -2,
  "misconducting": -2,
  "misconducts": -2,
  "misinformed": -2,
  "misleaded": -3,
  "misplaces": -2,
  "misplacing": -2,
  "mispricing": -3,
  "misreports": -2,
  "misrepresentations": -2,
  "misunderstands": -2,
  "moaned": -2,
  "moans": -2,
  "modernizes": 2,
  "mongering ಸ್ಥಾನ": -2,
  "monopolizes": -2,
  "monotone": -1,
  "mope": -1,
  "moping": -1,
  "mumpish": -2,
  "n00b": -2,
  "optionless": -2,
  "ostracizes": -2,
  "outmaneuvered": -2,
  "overreacted": -2,
  "overreacting": -2,
  "overreacts": -2,
  "overselling": -2,
  "oversells": -2,
  "oversimplifies": -2,
  "overstatements": -2,
  "penalizes": -2,
  "perfects": 2,
  "Pileup": -1,
  "piqued": -2,
  "pitied": -1,
  "plodding": -2,
  "postpones": -1,
  "prblm": -2,
  "prblms": -2,
  "prosecutes": -1,
  "quaking": -2,
  "rageful": -2,
  "ranters": -3,
  "rants,": -3,
  "raptured": 2,
  "raptures": 2,
  "reassures": 1,
  "regretting": -2,
  "rejoices": 4,
  "relishing": 2,
  "reprimanding": -2,
  "restful": 2,
  "ROFL": 4,
  "roflcopter": 4,
  "roflmao": 4,
  "romantical": 2,
  "rotfl": 4,
  "rotflmfao": 4,
  "rotflol": 4,
  "saluting": 2,
  "savange": -2,
  "savanges": -2,
  "scumbag": -4,
  "sexistic": -2,
  "shamed": -2,
  "shoody": -2,
  "singleminded": -2,
  "snubbing": -2,
  "spiritless": -2,
  "squander": -2,
  "squandering": -2,
  "squanders": -2,
  "squelched": -1,
  "stinked": -2,
  "stinks": -2,
  "stupidly": -2,
  "sueing": -2,
  "sulking": -2,
  "sulky": -2,
  "swindles": -3,
  "swindling": -3,
  "tard": -2,
  "terrorized": -3,
  "terrorizes": -3,
  "thwarting": -2,
  "timorous": -2,
  "touts": -2,
  "transgresses": -2,
  "tremulous": -2,
  "tyrannic": -3,
  "tyrannically": -3,
  "tyrans": -3,
  "underestimates ಮತ್ತು": -1,
  "underperforms": -2,
  "uninvolving": -2,
  "unreleting": -2,
  "unresearched": -2,
  "Validates": 1,
  "victimizes": -3,
  "victimizing": -3,
  "vindicates": 2,
  "vindicating": 2,
  "vomits": -3,
  "walkouts": -2,
  "warmhearted": 2,
  "winwin": 3,
  "wooo": 4,
  "woow": 4,
  "wowww": 4,
  "wrenching,": -2,
  "WTF": -4,
  "wtff": -4,
  "wtfff": -4,
  "XO": 3,
  "XOXO": 3,
  "xoxoxo": 4,
  "xoxoxoxo": 4,
  "yeees": 2,
  "ಅಂಕವನ್ನೂ": -3,
  "ಅಂಗವೈಕಲ್ಯ": -2,
  "ಅಂಜು": -2,
  "ಅಂಜುಬುರುಕನೂ": -2,
  "ಅಂಟಿಕೊಂಡಿತು": -2,
  "ಅಂಟಿನಂತೆ": -1,
  "ಅಂತ್ಯಕ್ರಿಯೆ": -1,
  "ಅಂತಹಾ ಹಾಸ್ಯಪೂರಿತ": 2,
  "ಅಂತಾರಾಷ್ಟ್ರೀಯ ಮಟ್ಟದಲ್ಲಿ ಹಿಂಜರಿಯುತ್ತಿರುವ": -1,
  "ಅಂದ ಮಾಡಿಕೊಂಡ": 2,
  "ಅಕ್ಕರೆಯ": 3,
  "ಅಕ್ರಮ": -3,
  "ಅಕ್ರಮವಾಗಿ": -3,
  "ಅಕ್ಷಮ್ಯ": -3,
  "ಅಕ್ಷಮ್ಯವಾಗಿತ್ತು": -3,
  "ಅಕರ್ಷಿಸುತ್ತದೆ": 3,
  "ಅಗ್ರಾಹ್ಯ": -2,
  "ಅಗತ್ಯ": -2,
  "ಅಗೌರವ": -2,
  "ಅಚ್ಚುಮೆಚ್ಚು": 3,
  "ಅಚಲ": 2,
  "ಅಚಲವಾದ": 2,
  "ಅಜ್ಞಾನ": -2,
  "ಅಜ್ಞಾನಿಗಳು": -2,
  "ಅಜಾಗರೂಕ": -2,
  "ಅಜೇಯ": 2,
  "ಅಡ್ಡ ಪರಿಣಾಮ": -2,
  "ಅಡ್ಡ ಪರಿಣಾಮಗಳು": -2,
  "ಅಡ್ಡಿ": -2,
  "ಅಡ್ಡಿಪಡಿಸಲು": -2,
  "ಅಡ್ಡಿಪಡಿಸಿದರು": -2,
  "ಅಡ್ಡಿಪಡಿಸುವ": -2,
  "ಅಡ್ಡಿಮಾಡುವ": -2,
  "ಅಡ್ಡಿಯಾಗುತ್ತದೆ": -2,
  "ಅಡಗಿಕೊಂಡು": -1,
  "ಅಡಚಣೆ": -2,
  "ಅಡಚಣೆಯಾಗಿದೆ": -2,
  "ಅಡೆತಡೆಗಳನ್ನು": -2,
  "ಅಡೆತಡೆಗಳು": -2,
  "ಅಣಕ": -2,
  "ಅಣಕು": -2,
  "ಅತ್ಯದ್ಭುತವಾಗಿ": 4,
  "ಅತ್ಯಲ್ಪ": -2,
  "ಅತ್ಯಾಚಾರ": -4,
  "ಅತ್ಯಾಚಾರಿ": -4,
  "ಅತ್ಯಾಧುನಿಕ": 2,
  "ಅತ್ಯಾನಂದ": 4,
  "ಅತ್ಯುತ್ತಮ": 3,
  "ಅತ್ಯುತ್ತಮ ಡ್ಯಾಮ್": 4,
  "ಅತಿಯಾಗಿ ಮಾರಲ್ಪಟ್ಟ": -2,
  "ಅತಿರೇಕ": -3,
  "ಅತಿರೇಕದ": -3,
  "ಅತಿಶಯವಾಗಿ": 3,
  "ಅತೃಪ್ತ": -2,
  "ಅತೃಪ್ತಿ": -2,
  "ಅದ್ಭುತ": 4,
  "ಅದ್ಭುತಗಳನ್ನು": 3,
  "ಅದಕ್ಷ": -2,
  "ಅದಕ್ಷತೆ": -2,
  "ಅದಾಗಿತ್ತು": 3,
  "ಅದೃಷ್ಟ": 3,
  "ಅದೃಷ್ಟವಶಾತ್": 3,
  "ಅದೃಷ್ಟಹೀನ": -2,
  "ಅದೇನೆಂದರೆ": -2,
  "ಅಧ್ವಾನಗಳು": -3,
  "ಅಧಿಕಾರ": 2,
  "ಅನ್ಯಾಯ": -2,
  "ಅನ್ಯಾಯದ": -2,
  "ಅನ್ಯಾಯದ ಕೆಲಸಗಳ": -2,
  "ಅನ್ಯಾಯವಾಗಿ": -2,
  "ಅನ್ಯೋನ್ಯತೆ": 2,
  "ಅನಕ್ಷರತೆ": -2,
  "ಅನಗತ್ಯ": -2,
  "ಅನನುಕೂಲ": -2,
  "ಅನನುಕೂಲವೆಂದರೆ": -2,
  "ಅನಪೇಕ್ಷಿತ": -2,
  "ಅನರ್ಹ": -2,
  "ಅನರ್ಹಗೊಳಿಸಲಾಯಿತು": -2,
  "ಅನರ್ಹವಾಗಿ": -2,
  "ಅನಾಗರಿಕ": -2,
  "ಅನಾನುಕೂಲತೆಗಾಗಿ": -2,
  "ಅನಾರೋಗ್ಯ": -2,
  "ಅನಾರೋಗ್ಯಕರ": -2,
  "ಅನಾರೋಗ್ಯಕರವಾದ": -2,
  "ಅನಾಸಕ್ತಿ": -2,
  "ಅನಿಶ್ಚಿತ": -2,
  "ಅನುಕೂಲ ಇಲ್ಲೇ": -2,
  "ಅನುಕೂಲಕರ": 2,
  "ಅನುಕೂಲಕರವಾಗಿ": 2,
  "ಅನುಕೂಲಗಳು": 2,
  "ಅನುಗ್ರಹದಿಂದ": 1,
  "ಅನುಚಿತ": -2,
  "ಅನುಚಿತವಾಗಿ ವರ್ತಿಸುವ": -2,
  "ಅನುತ್ತೀರ್ಣ": -2,
  "ಅನುದ್ದೇಶಿತ": -2,
  "ಅನುದಾನ": 1,
  "ಅನುಪಮ": 2,
  "ಅನುಪಯುಕ್ತ": -2,
  "ಅನುಪಸ್ಥಿತ": -1,
  "ಅನುಭವಿಸಿತು": 2,
  "ಅನುಭವಿಸಿದ": -2,
  "ಅನುಮತಿಸದ": -2,
  "ಅನುಮಾನ": -1,
  "ಅನುಮಾನಗಳನ್ನು": -1,
  "ಅನುಮಾನಾಸ್ಪದ": -2,
  "ಅನುಮಾನಿಸುತ್ತಾರೆ": -1,
  "ಅನುಮೋದನೆ": 2,
  "ಅನೇಕರ ನಿರಾಕರಣೆಯ": -2,
  "ಅನೈತಿಕ": -2,
  "ಅಪ್ಪುಗೆಯ": 2,
  "ಅಪ್ಯಾಯಮಾನ": 3,
  "ಅಪ್ರಬುದ್ಧ": -2,
  "ಅಪ್ರಾಮಾಣಿಕ": -2,
  "ಅಪ್ರೇರಿತ": -2,
  "ಅಪಕೀರ್ತಿ": -2,
  "ಅಪಖ್ಯಾತಿ": -2,
  "ಅಪಘಾತ": -2,
  "ಅಪಘಾತಗಳು": -2,
  "ಅಪನಂಬಿಕೆಯನ್ನು": -3,
  "ಅಪರಾಧ": -3,
  "ಅಪರಾಧಗಳು": -3,
  "ಅಪರಾಧವನ್ನು": 2,
  "ಅಪರಾಧಿ": -2,
  "ಅಪರಾಧಿಗಳು": -3,
  "ಅಪಶ್ರುತಿಯ": -2,
  "ಅಪಶಕುನದ": 3,
  "ಅಪಸಾಮಾನ್ಯ": -2,
  "ಅಪಹರಣ": -2,
  "ಅಪಹರಣಗಳು": -2,
  "ಅಪಹರಣದ": -2,
  "ಅಪಹರಿಸಿ": -2,
  "ಅಪಹರಿಸುವ": -2,
  "ಅಪಹಾಸ್ಯ": -2,
  "ಅಪಾಯ": -2,
  "ಅಪಾಯಕಾರಿ": -3,
  "ಅಪಾಯಕಾರಿಯಾಗಿ": -2,
  "ಅಪಾಯಗಳನ್ನು": -2,
  "ಅಪಾರ್ಥ": -2,
  "ಅಪೂರ್ಣ": -2,
  "ಅಪೇಕ್ಷಣೀಯ": 2,
  "ಅಪೋಕ್ಯಾಲಿಪ್ಸ್": -2,
  "ಅಬ್ಬರದ ಉಪದೇಶಕ": -3,
  "ಅಬ್ಬರಿಸುವ": -1,
  "ಅಭದ್ರ": -2,
  "ಅಭಾಗಲಬ್ಧ": -1,
  "ಅಭಾವ": -3,
  "ಅಭಿನಂದನೆ": 2,
  "ಅಭಿನಂದನೆಗಳು": 2,
  "ಅಭಿನಂದಿಸುತ್ತೇನೆ": 2,
  "ಅಭಿಮಾನ": 3,
  "ಅಭಿಮಾನಿ": 3,
  "ಅಭಿಮಾನಿಗಳಲ್ಲಿ": 2,
  "ಅಮ್ಯೂಸ್ಮೆಂಟ್ಸ್ನ": 3,
  "ಅಮರ": 2,
  "ಅಮಾನತು": -1,
  "ಅಮಾನತುಗೊಳಿಸಲಾಗಿದೆ": -1,
  "ಅಮಾನವೀಯ": -2,
  "ಅಮೇಧ್ಯ": -3,
  "ಅಯ್ಯೋ": -1,
  "ಅರ್ಥಪೂರ್ಣ": 2,
  "ಅರ್ಥಹೀನ": -2,
  "ಅರ್ಪಿಸುತ್ತೇನೆ": 2,
  "ಅರ್ಹರಾಗಿದ್ದಾರೆ": 3,
  "ಅರಿಯುವ": -1,
  "ಅರಿವಿರಲಿಲ್ಲ": -2,
  "ಅಲಂಕರಿಸಲು": 3,
  "ಅಲ್ಲಗಳೆದರು": -2,
  "ಅಲ್ಲಗಳೆಯುತ್ತದೆ": -2,
  "ಅಲ್ಲದ ಅನುಮೋದನೆ": -2,
  "ಅಲಕ್ಷಿಸುತ್ತದೆ": -2,
  "ಅಲರ್ಜಿ": -2,
  "ಅವ್ಯವಸ್ಥೆ": -2,
  "ಅವ್ಯವಸ್ಥೆಯಿಂದ": -2,
  "ಅವಕಾಶ": 2,
  "ಅವಕಾಶಗಳನ್ನು": 2,
  "ಅವನತಿ": -2,
  "ಅವಮಾನ": -3,
  "ಅವಮಾನಕರ": -2,
  "ಅವಮಾನಿಸುತ್ತಾನೆ": -2,
  "ಅವರುಗಳಿಗೆ ಉತ್ತೇಜನ ನೀಡಲಾಯಿತು": 2,
  "ಅವಶ್ಯಕತೆ": -1,
  "ಅವಶೇಷಗಳು": -2,
  "ಅವಶೇಷವಾಗಿ": -2,
  "ಅವಿಚಾರದ": -2,
  "ಅವಿನಾಶಿಯಾಗಿ": 2,
  "ಅವಿವೇಕದ": -2,
  "ಅವೆಂಜ್ಡ್": -2,
  "ಅವೆಂಜರ್ಸ್": -2,
  "ಅವೈಜ್ಞಾನಿಕ": -2,
  "ಅವೇಧನೀಯ": 2,
  "ಅಶ್ಲೀಲ": -2,
  "ಅಶಕ್ತನನ್ನಾಗಿ": -2,
  "ಅಶುದ್ದಗೊಳಿಸುತ್ತದೆ": -2,
  "ಅಸಂಗತ": -2,
  "ಅಸಂಬದ್ಧ": -2,
  "ಅಸಂಭವ": -1,
  "ಅಸಂವೇದನೆ": -2,
  "ಅಸಂಸದೀಯ": -2,
  "ಅಸ್ತವ್ಯಸ್ತಗೊಳಿಸುತ್ತದೆ": -2,
  "ಅಸ್ತವ್ಯಸ್ತವಾಗಿದೆ": -2,
  "ಅಸ್ತವ್ಯಸ್ತವಾದ": -2,
  "ಅಸ್ಥಿರ": -2,
  "ಅಸ್ಥಿರವಾದ": -2,
  "ಅಸ್ಪಷ್ಟ": -2,
  "ಅಸ್ಪಷ್ಟವಾಗಿದೆ": -1,
  "ಅಸ್ವಸ್ಥ": -2,
  "ಅಸ್ವಸ್ಥತೆ": -2,
  "ಅಸ್ವಸ್ಥತೆಗಳು": -2,
  "ಅಸಡ್ಡೆ": -2,
  "ಅಸಭ್ಯವಾಗಿ ವರ್ತಿಸು": -2,
  "ಅಸಮ್ಮತಿ": -2,
  "ಅಸಮ್ಮತಿಯನ್ನು": -2,
  "ಅಸಮರ್ಥ": -2,
  "ಅಸಮರ್ಥತೆಯನ್ನು": -2,
  "ಅಸಮರ್ಥನಾದ": -2,
  "ಅಸಮರ್ಪಕ": -2,
  "ಅಸಮಾಧಾನ": -2,
  "ಅಸಮಾಧಾನಕ್ಕೆ": -2,
  "ಅಸಮಾಧಾನದಿಂದ": -3,
  "ಅಸಮಾಧಾನವನ್ನು": -3,
  "ಅಸಮಾನ": -1,
  "ಅಸಹ್ಯ": -3,
  "ಅಸಹ್ಯಕರ": -2,
  "ಅಸಹ್ಯಕರವಾದುದು": -2,
  "ಅಸಹ್ಯಪಟ್ಟು": -3,
  "ಅಸಹನೀಯ": -2,
  "ಅಸಹನೆಯಿಂದ": -2,
  "ಅಸಹಾಯಕ": -2,
  "ಅಸಾಧ್ಯವಾಗದ": -2,
  "ಅಸಾಧಾರಣವಾಗಿ": 4,
  "ಅಸಾಮರ್ಥ್ಯ": -2,
  "ಅಸುರಕ್ಷಿತ": -2,
  "ಅಸೂಯೆ": -2,
  "ಅಸೂಯೆ ಪಟ್ಟ": -2,
  "ಅಹಿತಕರ": -2,
  "ಅಳವಡಿಸಿಕೊಳ್ಳಬೇಕಾಗುತ್ತದೆ": 1,
  "ಅಳವಡಿಸಿಕೊಳ್ಳಲು": 1,
  "ಅಳುತ್ತಾಳೆ": -2,
  "ಅಳುತ್ತಿತ್ತು": -2,
  "ಅಳುವುದು": -2,
  "ಆಕ್ರಮಣ": -2,
  "ಆಕ್ರಮಣಕಾರಿ": -2,
  "ಆಕ್ರಮಣಕಾರಿಯಾಗಿ": -2,
  "ಆಕ್ರಮಣಗಳಿಗೆ": -2,
  "ಆಕ್ರಮಣದ": -1,
  "ಆಕ್ರಮಣಶೀಲತೆ": -2,
  "ಆಕ್ರೋಶ": -3,
  "ಆಕ್ವಿಟ್ಟೆಡ್": 2,
  "ಆಕ್ಷೇಪಾರ್ಹ": -2,
  "ಆಕರ್ಷಕ": 3,
  "ಆಕರ್ಷಕವಾಗಿ": 3,
  "ಆಕರ್ಷಣೆ": 2,
  "ಆಕರ್ಷಣೆಗಳು": 2,
  "ಆಕರ್ಷಣೆಯ": 2,
  "ಆಕರ್ಷಿತರಾದರು": 3,
  "ಆಕರ್ಷಿಸಲು": 1,
  "ಆಕರ್ಷಿಸಿತು": 1,
  "ಆಕರ್ಷಿಸುತ್ತದೆ": 3,
  "ಆಕರ್ಷಿಸುವ": 2,
  "ಆಕಸ್ಮಿಕ": -2,
  "ಆಕಸ್ಮಿಕವಾಗಿ": -2,
  "ಆಕಾಶ": 4,
  "ಆಗಬಹುದಾಗಿದ್ದ": -2,
  "ಆಘಾತ": -2,
  "ಆಘಾತಕಾರಿ": -3,
  "ಆಘಾತಗಳನ್ನು": -2,
  "ಆಘಾತದ": -2,
  "ಆಚರಣೆ": 3,
  "ಆಚರಣೆಗಳು": 3,
  "ಆಚರಿಸಲು": 3,
  "ಆಚರಿಸುವ": 3,
  "ಆಟದ ಬದಲಾಯಿಸುವ": 3,
  "ಆಡುವಾಗ": -3,
  "ಆತಂಕ": -2,
  "ಆತಂಕಕ್ಕೆ": -2,
  "ಆತಂಕದ": -2,
  "ಆತ್ಮ": 1,
  "ಆತ್ಮನಿಂದೆ": -2,
  "ಆತ್ಮವಿಶ್ವಾಸದಿಂದ": 2,
  "ಆತ್ಮಹತ್ಯಾ": -2,
  "ಆತ್ಮಹತ್ಯೆ": -2,
  "ಆತುರದಿಂದ": 2,
  "ಆಧಾರವಿಲ್ಲದ": -2,
  "ಆಧುನೀಕರಣವನ್ನು": 2,
  "ಆಧುನೀಕರಿಸಲಾಗಿದೆ": 2,
  "ಆಧುನೀಕರಿಸುವ": 2,
  "ಆನಂದ": 3,
  "ಆನಂದಕರ": 3,
  "ಆನಂದದಾಯಕ": 3,
  "ಆನಂದಿಸಿ": 2,
  "ಆಪತ್ತು": -3,
  "ಆಪಾದನೆಯು": -2,
  "ಆಫ್ಲೈನ್": -1,
  "ಆಬ್ಸೆಂಟೀಸ್": -1,
  "ಆಭರಣಗಳು": 1,
  "ಆಯಾಸ": -2,
  "ಆರಾಧ್ಯ": 3,
  "ಆರಾಮ": 2,
  "ಆರಾಮದಾಯಕ": 2,
  "ಆರಾಮವಾಗಿ": 2,
  "ಆರಿಸಲ್ಪಟ್ಟ": 1,
  "ಆರೋಗ್ಯಕರ": 2,
  "ಆರೋಪ": -2,
  "ಆರೋಪಗಳನ್ನು": -2,
  "ಆರೋಪಿ": -2,
  "ಆರೋಪಿಸಿ": -2,
  "ಆರೋಪಿಸಿದರು": -2,
  "ಆರೋಪಿಸುತ್ತಾರೆ": -2,
  "ಆಲಸ್ಯ": -2,
  "ಆಲಿಕಲ್ಲು": 2,
  "ಆವಿಷ್ಕಾರದಲ್ಲಿ": 1,
  "ಆಶ್ಚರ್ಯಕರವಾಗಿ": -1,
  "ಆಶ್ಚರ್ಯಚಕಿತನಾದನು": 2,
  "ಆಶ್ಚರ್ಯಚಕಿತರಾದ": 2,
  "ಆಶಯದೊಂದಿಗೆ": 2,
  "ಆಶಾದಾಯಕವಾಗಿ": 2,
  "ಆಶಾಭಂಗ": -2,
  "ಆಶಾರಹಿತ": -2,
  "ಆಶಾವಾದ": 2,
  "ಆಶಾವಾದಿ": 2,
  "ಆಶೀರ್ವದಿಸುತ್ತಾರೆ": 2,
  "ಆಶೀರ್ವಾದ": 3,
  "ಆಸ್ತಿ": 2,
  "ಆಸ್ಪತ್ರೆಗೆ": -2,
  "ಆಸ್ವಾದಿಸುತ್ತಾನೆ": 2,
  "ಆಸಕ್ತಿ": 1,
  "ಆಸಕ್ತಿಗಳು": 1,
  "ಆಸಕ್ತಿದಾಯಕ": 2,
  "ಆಹ್ಲಾದಕರ": 3,
  "ಆಹ್ಲಾದಕರವಾದ": 3,
  "ಆಹ್ಲಾದಿಸಬಹುದಾದ": 2,
  "ಆಹ್ವಾನಿಸುವ": 1,
  "ಆಹಾರ": -3,
  "ಇಚ್ಛಿಸುವ": 2,
  "ಇಚ್ಛೆ": 2,
  "ಇಚ್ಛೆಗೆ": 1,
  "ಇಚ್ಛೆಯಂತೆ": 2,
  "ಇನ್ನಷ್ಟು": -3,
  "ಇನ್ಫೆಸ್ಟೆಡ್": -2,
  "ಇರಿತ": -2,
  "ಇರಿದ": -2,
  "ಇವನ್ನು": -1,
  "ಇಷ್ಟ ಇಲ್ಲ": -2,
  "ಇಷ್ಟಗಳು": 2,
  "ಇಷ್ಟಪಟ್ಟಿದ್ದರು": 2,
  "ಇಷ್ಟಪಟ್ಟಿದ್ದಾರೆ": 2,
  "ಇಷ್ಟಪಟ್ಟಿಲ್ಲ": -2,
  "ಇಷ್ಟಪಡುತ್ತಾಳೆ": 2,
  "ಇಷ್ಟವಾಗದಿರುವವು": -2,
  "ಇಷ್ಟವಾಗಬಲ್ಲ": 2,
  "ಇಷ್ಟವಾಗಲಿಲ್ಲ": -5,
  "ಇಷ್ಟವಾಯಿತು": 3,
  "ಈಕೆಯನ್ನು": 3,
  "ಈಡಿಯಟ್": -3,
  "ಈಡೇರಲಿಲ್ಲ": -2,
  "ಈಡೇರಿದ": 2,
  "ಉಂಟುಮಾಡಿ": -2,
  "ಉಂಟುಮಾಡಿದ": -2,
  "ಉಂಟುಮಾಡುತ್ತದೆ": -3,
  "ಉಗ್ರ": -3,
  "ಉಗ್ರಗಾಮಿ": -2,
  "ಉಗ್ರವಾದ": -3,
  "ಉಚ್ಚಾಟನೆ": -1,
  "ಉಚ್ಚಾಟಿಸಲು": -2,
  "ಉಚಿತ": 1,
  "ಉಡುಗೊರೆ": 2,
  "ಉತ್ತಮ": 3,
  "ಉತ್ತರಕ್ರಿಯೆ": -1,
  "ಉತ್ತೇಜಕ": 3,
  "ಉತ್ತೇಜಿಸಲು": 1,
  "ಉತ್ತೇಜಿಸಿದೆ": 1,
  "ಉತ್ತೇಜಿಸುತ್ತದೆ": 1,
  "ಉತ್ತೇಜಿಸುವ": 1,
  "ಉತ್ಪ್ರೇಕ್ಷಿತ": -2,
  "ಉತ್ಪ್ರೇಕ್ಷಿಸುವ": -2,
  "ಉತ್ಪ್ರೇಕ್ಷೆ": -2,
  "ಉತ್ಸಾಹ": 1,
  "ಉತ್ಸಾಹಭರಿತ": 2,
  "ಉತ್ಸಾಹಭರಿತ ಮನರಂಜನೆ": 2,
  "ಉತ್ಸಾಹಿ": 2,
  "ಉದ್ದಮೂಗಿನ": -2,
  "ಉದ್ದೇಶಪೂರ್ವಕ": 2,
  "ಉದ್ಯಮಶೀಲ": 1,
  "ಉದ್ರಿಕ್ತ": -1,
  "ಉದ್ವಿಗ್ನ": -3,
  "ಉದಾತ್ತ": 2,
  "ಉದಾರ": 2,
  "ಉದಾರವಾಗಿ": 2,
  "ಉದಾಸೀನತೆ": -3,
  "ಉನ್ನತ": 2,
  "ಉನ್ನತಿಗೇರಿಸುವ": 2,
  "ಉನ್ಮಾದ": -3,
  "ಉಪದೇಶಿಸು": -2,
  "ಉಪಯುಕ್ತ": 2,
  "ಉಪಯುಕ್ತತೆ": 2,
  "ಉಪವಾಸ": -2,
  "ಉಪಾಯದ": -2,
  "ಉಪೇಕ್ಷೆ": -2,
  "ಉಬ್ಬಿಕೊಳ್ಳುತ್ತದೆ": -1,
  "ಉಭಯಸಂಕಟ": -1,
  "ಉಯಿತ್": -2,
  "ಉರುವಲು": -3,
  "ಉಲ್ಬಣಗೊಂಡಿತು": -2,
  "ಉಲ್ಬಣಗೊಂಡಿದೆ": -2,
  "ಉಲ್ಬಣಗೊಳಿಸಬಹುದು": -2,
  "ಉಲ್ಬಣಗೊಳಿಸುತ್ತದೆ": -2,
  "ಉಲ್ಬಣಗೊಳಿಸುತ್ತವೆ": -2,
  "ಉಲ್ಲಂಘನೆ": -2,
  "ಉಲ್ಲಂಘನೆಯಾದಾಗ": -2,
  "ಉಲ್ಲಂಘಿಸಲು": -2,
  "ಉಲ್ಲಂಘಿಸಿದ": -2,
  "ಉಲ್ಲಂಘಿಸಿದೆ": -2,
  "ಉಲ್ಲಂಘಿಸುತ್ತದೆ": -2,
  "ಉಲ್ಲಂಘಿಸುತ್ತಿದ್ದಾರೆಂದು": -2,
  "ಉಲ್ಲಾಸ": 3,
  "ಉಲ್ಲಾಸದ": 2,
  "ಉಲ್ಲಾಸಭರಿತ": 3,
  "ಉಲ್ಲಾಸವುಳ್ಳ": 2,
  "ಉಷ್ಣತೆ": 2,
  "ಉಸಿರು": 5,
  "ಉಸಿರು ಕಟ್ಟುವಂತೆ ಬಿಗಿಯಾಗಿ ಹಿಡಿಯುವ": -2,
  "ಉಸಿರುಗಟ್ಟಿಸುವುದನ್ನು": -2,
  "ಉಳಿತಾಯ": 1,
  "ಉಳಿದಿರುವ": 2,
  "ಉಳಿಯುವುದಿಲ್ಲ": -2,
  "ಉಳಿಸಲು": 2,
  "ಉಳಿಸಿಕೊಂಡಿತು": -1,
  "ಉಳಿಸಿದ": 2,
  "ಊತ": -2,
  "ಊರ್ಜಿತಗೊಳಿಸಿ": 1,
  "ಊಹಾತ್ಮಕ": -2,
  "ಋಣಾತ್ಮಕ": -2,
  "ಎಂಬ": 1,
  "ಎಚ್ಚರ": -2,
  "ಎಚ್ಚರಿಕೆ": -3,
  "ಎಚ್ಚರಿಕೆಗಳನ್ನು": -3,
  "ಎಚ್ಚರಿಕೆಯ": -1,
  "ಎಚ್ಚರಿಕೆಯನ್ನು": -1,
  "ಎಚ್ಚರಿಕೆಯಿಂದ": 2,
  "ಎಚ್ಚೆತ್ತರು": -2,
  "ಎತ್ತಿಕಟ್ಟಿದ": -2,
  "ಎದುರಾಳಿ": -1,
  "ಎದೆಗುಂದಿದ": -2,
  "ಎದೆಗುಂದುವಂತೆ": -2,
  "ಎದೆಯೊಡೆದ": -3,
  "ಎನ್ಲೈಟನ್": 2,
  "ಎಲ್ಲರಲ್ಲಿಯೂ": -2,
  "ಎಳೆತ": -3,
  "ಎಳೆಯುತ್ತದೆ": -1,
  "ಏಕಚಕ್ರಾಧಿಪತ್ಯ": -2,
  "ಏಕಸ್ವಾಮ್ಯ": -2,
  "ಏಕಸ್ವಾಮ್ಯದಲ್ಲಿರುವ": -2,
  "ಏಕಸ್ವಾಮ್ಯವನ್ನು": -2,
  "ಏಕಾಂತ": -1,
  "ಏಕಾಏಕಿ": -2,
  "ಏಕಾಗ್ರತೆಗೆ ಭಂಗ": -2,
  "ಏಕೀಕೃತ": 1,
  "ಏನನ್ನು": -2,
  "ಏರಿಕೆ": 1,
  "ಏರುತ್ತದೆ": 1,
  "ಏಳಿಗೆ": 3,
  "ಐಕಮತ್ಯ": 2,
  "ಐಷಾರಾಮಿ": 2,
  "ಒಂಟಿಯಾದ": -1,
  "ಒಂದು ಜೀವಮಾನದಲ್ಲಿ ಒಮ್ಮೆ": 3,
  "ಒಟ್ಟು": -2,
  "ಒಡ್ಡಲು": -1,
  "ಒಡೆಯಲು": -2,
  "ಒತ್ತಡ": -2,
  "ಒತ್ತಡಕ್ಕೆ": -2,
  "ಒತ್ತಡಗಳ": -2,
  "ಒತ್ತಾಯಿಸಲಾಯಿತು": -2,
  "ಒತ್ತಿ": -2,
  "ಒಪ್ಪಂದದ": 1,
  "ಒಪ್ಪಿ": 2,
  "ಒಪ್ಪಿಕೊಂಡರು": -1,
  "ಒಪ್ಪಿಕೊಳ್ಳಲಾಗದ": -2,
  "ಒಪ್ಪಿಕೊಳ್ಳುತ್ತಾನೆ": -1,
  "ಒಪ್ಪಿಗೆ": 1,
  "ಒಪ್ಪಿಗೆಗಳಿಗೆ": 2,
  "ಒಪ್ಪಿತ": 1,
  "ಒಪ್ಪಿರಲಿಲ್ಲ": -1,
  "ಒಪ್ಪಿಸುವ": 1,
  "ಒಪ್ಪುತ್ತಾರೆ": 1,
  "ಒಪ್ಪುತ್ತೀರಿ": 1,
  "ಒಪ್ಪುವುದಿಲ್ಲ": -2,
  "ಒರಟು": -2,
  "ಒಲವು": 2,
  "ಒಳ್ಳೆಯತನ": 3,
  "ಒಳಗೊಂಡಿದೆ": 2,
  "ಒಳನೋಟ": 2,
  "ಒಳಪಡಿಸುತ್ತದೆ": -2,
  "ಓಕೆಸ್": 2,
  "ಓಡಿಹೋಗುತ್ತಾನೆ": -1,
  "ಓದಲು ಯಾತನಾಮಯ": -3,
  "ಓಹ್": -2,
  "ಓಹೋ": -2,
  "ಕಂಬನಿಗರೆದವು": -2,
  "ಕ್ಯಾನ್ಸರ್": -1,
  "ಕ್ರಮಬದ್ಧ": 2,
  "ಕ್ರಿಮಿನಲ್": -3,
  "ಕ್ರುದ್ಧನಾದ": -2,
  "ಕ್ರೂರ": -3,
  "ಕ್ರೂರವಾಗಿ": -3,
  "ಕ್ರೇಜಿ": -2,
  "ಕ್ರೇಜಿಯರ್": -2,
  "ಕ್ರೇಜಿಯೆಸ್ಟ್": -2,
  "ಕ್ರೈಡ್": -2,
  "ಕ್ರೆಡಿಬಿಲಿಟಿ": -2,
  "ಕ್ರೋಧ": -2,
  "ಕ್ರೌರ್ಯ": -3,
  "ಕ್ಲಾಸಿ": 3,
  "ಕ್ಲೀನ್": 2,
  "ಕ್ಲೀನರ್": 2,
  "ಕ್ಲೂಲೆಸ್": -2,
  "ಕ್ಲೇಶವನ್ನು": -2,
  "ಕ್ಷಮಾಪಣೆ ನೀಡಿರುವುದಾಗಿ": 2,
  "ಕ್ಷಮಿಸದ": -2,
  "ಕ್ಷಮಿಸಲು": 1,
  "ಕ್ಷಮಿಸಿ": -1,
  "ಕ್ಷಮಿಸಿದ್ದು": 2,
  "ಕ್ಷಮಿಸುವ": 1,
  "ಕ್ಷಮೆ": -1,
  "ಕ್ಷಮೆಕೇಳಲು": -1,
  "ಕ್ಷಮೆಯಾಚಿಸಿದರು": -1,
  "ಕ್ಷಾಮ": -2,
  "ಕ್ಷೀಣಿಸು": -2,
  "ಕ್ಷೋಭೆಗೊಳಿಸಬಲ್ಲವಷ್ಟೇ": -2,
  "ಕಗ್ಗಂಟು": -2,
  "ಕಚ್ಚಾ": -1,
  "ಕಟ್": -1,
  "ಕಟ್ಟಾ": 2,
  "ಕಟ್ಟುನಿಟ್ಟಾಗಿ": 3,
  "ಕಟು": -2,
  "ಕಟುವಾದ": 2,
  "ಕಠಿಣ": 3,
  "ಕಠಿಣವಾಗಿ": -2,
  "ಕಠೋರ": -2,
  "ಕಡ್ಡಾಯ": -1,
  "ಕಡಿತ": -1,
  "ಕಡಿತಗಳ": -2,
  "ಕಡಿತವನ್ನು": -2,
  "ಕಡಿದು": -2,
  "ಕಡಿಮೆ": -1,
  "ಕಡು ದುಃಖಕ್ಕೆ ಸಿಲುಕಿರುವ": -3,
  "ಕಡೆಗಣಿಸಲಾಗಿದೆ": -2,
  "ಕಡೆಗಣಿಸಲಾಗುತ್ತದೆ": -2,
  "ಕಡೆಗಣಿಸಿದರಿಂದ": -2,
  "ಕಡೆಗಣಿಸುವ": -2,
  "ಕಡೆಗಣಿಸುವಂತಿಲ್ಲ": -1,
  "ಕಣ್ಣೀರು": -2,
  "ಕಣ್ಮರೆಯಾಗಿ": -1,
  "ಕಣ್ಮರೆಯಾಗುತ್ತದೆ": -1,
  "ಕಣ್ಮರೆಯಾಯಿತು": -1,
  "ಕತ್ತರಿಸುವುದು": -1,
  "ಕತ್ತಲೆ": -1,
  "ಕತ್ತಲೆಯಾದ": -2,
  "ಕತ್ತು": -2,
  "ಕಥೆ": 3,
  "ಕದಡಿದ": -2,
  "ಕದನಗಳ": -3,
  "ಕದಿಯಲು": -2,
  "ಕದಿಯುವ": -2,
  "ಕನ್ನಗಳ್ಳ": -2,
  "ಕನಸು": 1,
  "ಕನಸುಗಳ": 1,
  "ಕನಿಕರ": -2,
  "ಕನಿಕರವಿಲ್ಲದ": -3,
  "ಕಪ್ಪಾದ": -2,
  "ಕರಿಜ್ಮಾ": 2,
  "ಕರಿಯ": -5,
  "ಕರುಣಾಜನಕ": -2,
  "ಕರುಣೆ": -2,
  "ಕಲ್ಪನಾಶೂನ್ಯ": -2,
  "ಕಲ್ಮಶ": -2,
  "ಕಲ್ಮಷ": -3,
  "ಕಲಬೆರಕೆ": -3,
  "ಕಲುಷಿತ": -2,
  "ಕಲುಷಿತಗೊಳಿಸುತ್ತವೆ": -2,
  "ಕಷ್ಟ": -1,
  "ಕಸ": -1,
  "ಕಸಿದುಕೊಳ್ಳುತ್ತದೆ": -2,
  "ಕಸಿವಿಸಿಗೊಳಿಸುವ": -2,
  "ಕಸುಬಿಗೆ": -2,
  "ಕಹಿ": -2,
  "ಕಹಿಯಾದ": -2,
  "ಕಳಂಕ": -2,
  "ಕಳಂಕವನ್ನು": -2,
  "ಕಳಂಕಿತ": -4,
  "ಕಳ್ಳ ಸಾಗಣಿಕೆ": -2,
  "ಕಳ್ಳತನ": -2,
  "ಕಳ್ಳಸಾಗಣೆ": -2,
  "ಕಳ್ಳಸಾಗಾಣಿಕೆ": -2,
  "ಕಳಪೆ": -3,
  "ಕಳವು": -2,
  "ಕಳೆಗುಂದಿಸುವ": -2,
  "ಕಳೆದುಕೊಂಡ": -3,
  "ಕಳೆಯುತ್ತಿದ್ದಾರೆ": 2,
  "ಕಾಂಟಜಿನ್ಸ್": -2,
  "ಕಾಂತಿ": 3,
  "ಕಾಟ": -2,
  "ಕಾಟದ": -2,
  "ಕಾಡುವ": 1,
  "ಕಾಣೆಯಾಗಿದೆ": -2,
  "ಕಾದಂಬರಿ": 2,
  "ಕಾನೂನು": 1,
  "ಕಾನೂನುಬದ್ಧವಾಗಿ": 1,
  "ಕಾಪಾಡುವ": 1,
  "ಕಾಮಪ್ರಚೋದಕ": -2,
  "ಕಾಮಿಕ್": 1,
  "ಕಾಯಿಲೆ": -2,
  "ಕಾಯುತ್ತಿದ್ದವು": -1,
  "ಕಾರಣ": -2,
  "ಕಾರಾಗೃಹ": -2,
  "ಕಾಲ್ಪನಿಕ": 2,
  "ಕಾಳಜಿಯುಳ್ಳ": 2,
  "ಕಿಂಡರ್": 2,
  "ಕಿಡಿಗೇಡಿಗಳೊಂದಿಗೆ": -5,
  "ಕಿಡಿಗೇಡಿತನ": -1,
  "ಕಿತ್ತುಕೊಳ್ಳು": -2,
  "ಕಿರಿಕಿರಿ": -2,
  "ಕಿರಿಕಿರಿಯ": -2,
  "ಕಿರಿಕಿರಿಯಾಗುತ್ತಿತ್ತು": -2,
  "ಕಿರಿಕಿರಿವುಂಟು": -3,
  "ಕಿರಿಚುವ": -2,
  "ಕಿರಿದಾಗಿಸುವುದಾಗಿರಲಿಲ್ಲ": -2,
  "ಕಿರುಕುಳ": -2,
  "ಕಿರುಚುತ್ತಿದ್ದರು": -2,
  "ಕಿಸ್": 2,
  "ಕೀಳು": -2,
  "ಕುಂಟ": -2,
  "ಕುಂಠಿತಗೊಳಿಸುತ್ತದೆ": -2,
  "ಕುಖ್ಯಾತ": -2,
  "ಕುಗ್ಗಿಸುತ್ತದೆ": -2,
  "ಕುಗ್ಗಿಸುವ": -2,
  "ಕುಡಿದು": -2,
  "ಕುಣಿತ": -2,
  "ಕುತಂತ್ರ": 2,
  "ಕುತಂತ್ರದಿಂದ ಉಂಟಾಗಬಹುದು": -2,
  "ಕುತೂಹಲ": 1,
  "ಕುಪಿತ": -3,
  "ಕುರಿತು": 2,
  "ಕುರುಡು": -1,
  "ಕುಶಲ": -1,
  "ಕುಶಲತೆಯಿಂದ": -1,
  "ಕುಸಿತ": -2,
  "ಕುಸಿದ": -2,
  "ಕುಸಿದಿದ್ದ": -1,
  "ಕುಸಿದು": -2,
  "ಕೂಗು": -1,
  "ಕೂಡಲೇ": 1,
  "ಕೂಲ್ ಸ್ಟಫ್": 3,
  "ಕೃತಘ್ನ": -3,
  "ಕೃತಜ್ಞರಾಗಿರಬೇಕು": 3,
  "ಕೃತಜ್ಞರಾಗಿರುವಂತೆ": 2,
  "ಕೆಂಡಾಮಂಡಲವಾದರು": -3,
  "ಕೈಗೆಟುಕುವ": 2,
  "ಕೆಚ್ಚೆದೆಯ": 2,
  "ಕೆಟ್ಟ": -3,
  "ಕೆಟ್ಟದಾಗಿ": -3,
  "ಕೆಡಿಸುತ್ತದೆ": -2,
  "ಕೆಡಿಸುತ್ತಾರೆ": -3,
  "ಕೆಡುತ್ತವೆ": -2,
  "ಕೈತಪ್ಪಿಹೋಗಿತ್ತು": -1,
  "ಕೈದಿಗಳು": -2,
  "ಕೈಬಿಡಲಾಯಿತು": -1,
  "ಕೆಮ್ಮಿದ": -2,
  "ಕೇಯ್ಯುವವರು": -4,
  "ಕೆರಳಿಸಿತ್ತು": -2,
  "ಕೆರಳಿಸಿತು": -2,
  "ಕೆರಳಿಸುತ್ತದೆ": -2,
  "ಕೆರಳಿಸುವ": -2,
  "ಕೆಲವು": 1,
  "ಕೆಲಸ ಮಾಡುವುದಿಲ್ಲ": -3,
  "ಕೆಲಸಮಾಡುತ್ತಿಲ್ಲ": -3,
  "ಕೇವಲ": -2,
  "ಕೆಳದರ್ಜೆಗಿಳಿಯಲು": -2,
  "ಕೆಳದರ್ಜೆಗೆ": -2,
  "ಕೊಡಲಿ": -1,
  "ಕೊಡು": -2,
  "ಕೊಡುಗೆ": 2,
  "ಕೋಪ": 3,
  "ಕೋಪಗೊಂಡ": -3,
  "ಕೋಪೋದ್ರಿಕ್ತ": -2,
  "ಕೋಪೋದ್ರಿಕ್ತನಾದ": -2,
  "ಕೋಮಲ": 2,
  "ಕೊರತೆ": -2,
  "ಕೊರತೆಗಳು": -2,
  "ಕೊರತೆಯಿರುವ": -2,
  "ಕೊಲ್ಲಲ್ಪಟ್ಟರು": -3,
  "ಕೊಲ್ಲಲು": -3,
  "ಕೊಲ್ಲುವ": -3,
  "ಕೊಲೆ": -2,
  "ಕೊಲೆಗಳನ್ನು": -3,
  "ಕೊಲೆಗಳು": -2,
  "ಕೊಲೆಗಾರ": -3,
  "ಕೊಳಕಾಗುತ್ತದೆ": -2,
  "ಕೊಳಕಾದ": -2,
  "ಕೊಳಕು": -3,
  "ಕೋಳಿ": -5,
  "ಕೋಳಿಯ": -4,
  "ಕೊಳೆ": -2,
  "ಕೊಳೆತ": -3,
  "ಖಂಡನೆ": -2,
  "ಖಂಡಿಸಿ": -2,
  "ಖಂಡಿಸಿತು": -2,
  "ಖಂಡಿಸಿದರು": -2,
  "ಖ್ಯಾತ": 2,
  "ಖ್ಯಾತಿ": 1,
  "ಖ್ಯಾತಿವೆತ್ತ": 2,
  "ಖಚಿತ": -1,
  "ಖಚಿತಪಡಿಸಿಕೊಳ್ಳಲು": 1,
  "ಖಚಿತವಾಗಿಲ್ಲ": -1,
  "ಖಾತರಿ": 1,
  "ಖಾಲಿ": -1,
  "ಖಿನ್ನ": -2,
  "ಖಿನ್ನತೆ": -2,
  "ಖಿನ್ನತೆಗೆ": -2,
  "ಖುಲಾಸೆ": 2,
  "ಖುಲಾಸೆಗೊಳಿಸಿ": 2,
  "ಖುಷಿಯ": 2,
  "ಖುಷಿಯಾದ": 2,
  "ಖೇದ": -2,
  "ಖೈದಿಗಳ": -2,
  "ಗಂಟುಮುಖದ": -1,
  "ಗಂಡಾಂತರ": -2,
  "ಗಂಭೀರ": -3,
  "ಗ್ರಹಿಸದ": -2,
  "ಗ್ರಾಂಡ್": 3,
  "ಗ್ರೀನ್ವಾಷ್": -3,
  "ಗಟ್ಟಿಗೊಳಿಸಿದ": 2,
  "ಗಟ್ಟಿಯಾಗಿ": 2,
  "ಗಟ್ಟಿಯಾಗಿಸಲು": 2,
  "ಗಟ್ಟಿಯಾದಹಾಗೆ": 2,
  "ಗಡಿಪಾರು": -2,
  "ಗಡೀಪಾರು": -2,
  "ಗಡೀಪಾರು ಮಾಡು": -2,
  "ಗಣನೀಯ": 1,
  "ಗಣನೀಯವಾಗಿ": 1,
  "ಗದ್ದದ": 3,
  "ಗದ್ದಲದ": -1,
  "ಗನ್": -1,
  "ಗಬ್ಬು": -2,
  "ಗಮನ": 2,
  "ಗಮನಕ್ಕೆ": -1,
  "ಗಮನವನ್ನು": -2,
  "ಗಮನಾರ್ಹ": 2,
  "ಗಯ್ಯಾಳಿ": -4,
  "ಗಲಭೆ": -2,
  "ಗಲಭೆಗಳು": -2,
  "ಗಲಾಟೆ": -3,
  "ಗಳಿಕೆ": 2,
  "ಗಾಡ್ಡ್ಯಾಮ್": -3,
  "ಗಾಬರಿ": -2,
  "ಗಾಬರಿಗೊಂಡ": -2,
  "ಗಾಬರಿಗೊಂಡು": -3,
  "ಗಾಯ": -2,
  "ಗಾಯಗಳು": -2,
  "ಗಾಯಗೊಂಡ": -2,
  "ಗಾಯದ": -2,
  "ಗಿರಾಕಿ ಬೇಡು": -2,
  "ಗಿರಾಕಿಗಳಿಗಾಗಿ": -2,
  "ಗೀಳನ್ನು": 2,
  "ಗುಣ": -2,
  "ಗುಣಗಳನ್ನು": 2,
  "ಗುಣಮಟ್ಟದ": 2,
  "ಗುದ ಸಂಭೋಗ": -4,
  "ಗುದದ್ವಾರ": -4,
  "ಗುರುತಿಸುವಿಕೆ": 2,
  "ಗುಲಾಬಿ": 1,
  "ಗುಲಾಮ": -3,
  "ಗುಲಾಮಗಿರಿ": -3,
  "ಗುಲಾಮಗಿರಿಗೆ": -2,
  "ಗುಲಾಮರನ್ನಾಗಿ": -2,
  "ಗುಲಾಮರನ್ನು": -3,
  "ಗೂಂಡಾ": -2,
  "ಗೂಂಡಾಗಿರಿ": -2,
  "ಗೂಢಚರ್ಯೆಹೊಳಪಡಿಸುವ": -2,
  "ಗೆಡ್ಡೆ": -2,
  "ಗೆದ್ದವರ": 3,
  "ಗೆಲವಿನ": 2,
  "ಗೇಲಿ": -2,
  "ಗೆಲುವು": 4,
  "ಗೆಲುವುಗಳು": 4,
  "ಗೆಳತಿ": 1,
  "ಗೊಂದಲ": -2,
  "ಗೊಂದಲಕ್ಕೀಡಾಗಿದ್ದಾರೆ": -2,
  "ಗೊಂದಲದ": -2,
  "ಗೊಂದಲವನ್ನು": -2,
  "ಗೋಜುಬಿಡಿಸು": 1,
  "ಗೌರವ": 2,
  "ಗೌರವಾನ್ವಿತ": 2,
  "ಗೌರವಿಸಲಾಯಿತು": 2,
  "ಗೌರವಿಸುವ": 2,
  "ಗೌರವಿಸುವವಳು": 3,
  "ಘಟನೆಗಳೇನೂ": -2,
  "ಘನ": 2,
  "ಘನತೆ": 2,
  "ಘರ್ಷಣೆ": -2,
  "ಘರ್ಷಣೆಗಳು": -2,
  "ಘರ್ಷಣೆಗೆ": -2,
  "ಘರ್ಷಣೆಯ": -2,
  "ಘರ್ಷಣೆಯಾಗಿ": -1,
  "ಘರ್ಷಿಸಿದಾಗ": -1,
  "ಘೋರ": -2,
  "ಚಂಚಲ": -2,
  "ಚಕಿತಗೊಳಿಸುವ": 3,
  "ಚಟುವಟಿಕೆಯಿಂದ": 3,
  "ಚಡಪಡಿಕೆಯ": -2,
  "ಚತುರ": 2,
  "ಚತುರತೆಯಿಂದ": 2,
  "ಚಪ್ಪಾಳೆ": 2,
  "ಚರ್ಮವು": -2,
  "ಚಳಿಗೆ": -1,
  "ಚಾಂಚಲ್ಯ": -2,
  "ಚಾಂಪಿಯನ್": 2,
  "ಚಾಕ್": -2,
  "ಚಾರಣ": 3,
  "ಚಾಲಾಕಿ": 2,
  "ಚಿಂತನಶೀಲ": 2,
  "ಚಿಂತಾಕ್ರಾಂತ": -1,
  "ಚಿಂತಿಸುವುದರ": -3,
  "ಚಿಂತೆ": -3,
  "ಚಿಂತೆಗಳ": -3,
  "ಚಿಂದಿ ಬಟ್ಟೆ": -2,
  "ಚಿಕ್": 2,
  "ಚೀಟ್ಸ್": -3,
  "ಚಿತ್ತೋನ್ಮಾದದ": -3,
  "ಚಿತ್ರಸದೃಶ": 2,
  "ಚಿತ್ರಹಿಂಸೆ": -4,
  "ಚಿತ್ರಹಿಂಸೆಗಳನ್ನು": -4,
  "ಚಿತ್ರಹಿಂಸೆಗೊಳಪಡಿಸುವ": -4,
  "ಚಿನ್ನದ": 2,
  "ಚೀರು": -2,
  "ಚುಕ್ಕೆಗಳುಲ್ಲ": -1,
  "ಚುಚ್ಚು": -5,
  "ಚುಚ್ಚುವ": -2,
  "ಚುರುಕಾದ": 2,
  "ಚೇಕಡಿ ಹಕ್ಕಿಗಳು": -2,
  "ಚೆನ್ನಾಗಿ ಗಮನ": 2,
  "ಚೆನ್ನಾಗಿ ಪ್ರಮಾಣದ": 2,
  "ಚೆನ್ನಾಗಿ ಪಡೆದಿತ್ತು": 3,
  "ಚೆನ್ನಾಗಿಲ್ಲ": -2,
  "ಚೇಷ್ಟೆಗಳನ್ನು": -2,
  "ಚೋರ": -1,
  "ಚೌಕಾಶಿ": 2,
  "ಛಲ": -2,
  "ಛಲವಾದಿ": -2,
  "ಜಂಬದ": -2,
  "ಜ್ಞಾನ": 2,
  "ಜ್ಯಾಕಾಸ್": -4,
  "ಜ್ವರ": -2,
  "ಜಟಿಲ": -2,
  "ಜಡ": -2,
  "ಜನಪ್ರಿಯ": 3,
  "ಜನಪ್ರಿಯತೆ": 3,
  "ಜನಾಂಗಗಳು": -3,
  "ಜನಾಂಗೀಯ": -3,
  "ಜವಾಬ್ದಾರಿ": 2,
  "ಜಾಗದಲ್ಲಿಡು": -2,
  "ಜಾಗರೂಕ": 3,
  "ಜಾಗರೂಕತೆ": 2,
  "ಜಾರುವ": 2,
  "ಜಾಲಿ": 2,
  "ಜಾಹಿರಾತು": 2,
  "ಜಿಜ್ಞಾಸೆಯ": 2,
  "ಜಿಪುಣತನದ": -2,
  "ಜಿಪುಣನಾದ": -2,
  "ಜೀವಂತವಾಗಿ": 1,
  "ಜೀಸಸ್": 1,
  "ಜುಗುಪ್ಸೆ": -3,
  "ಜೆಪರ್ಡಿ": -2,
  "ಜೈಲು": -2,
  "ಜೋಕ್": 2,
  "ಜೋಡಿಸಿಲ್ಲದ": -2,
  "ಜೋರಾಗಿ": -2,
  "ಟ್ರಸ್ಟ್": 1,
  "ಟ್ರಸ್ಟ್ಗಳು": 1,
  "ಟ್ರೊಲ್": -2,
  "ಟಾಪ್": 2,
  "ಟಾಪ್ಸ್": 2,
  "ಟೀಕಿಸಿದ್ದಾನೆ": -2,
  "ಟೀಕಿಸಿದ್ದಾರೆ": -2,
  "ಟೀಕಿಸುವ": -2,
  "ಟೀಕೆ": -2,
  "ಟೈರಾನ್": -3,
  "ಟೊಳ್ಳಾದ": -1,
  "ಡಂಪ್": -1,
  "ಡ್ಯಾಮ್": -2,
  "ಡ್ಯಾಮ್ ಉತ್ತಮ": 4,
  "ಡ್ಯಾಮ್ ಮುದ್ದಾದ": 3,
  "ಡ್ರ್ಯಾಗ್": -1,
  "ಡ್ರಾಪ್": -1,
  "ಡ್ರೂಪಿ": -2,
  "ಡ್ರೌವ್ನ್ಸ್": -2,
  "ಡಾಡ್ಜ್ ಮಾಡುವುದು": -2,
  "ಡಿಕ್": -4,
  "ಡಿಕ್ಕಿ": -1,
  "ಡಿಜ್ಜಿ": -1,
  "ಡಿಸ್ಕಾನ್ಸೊಲೆಟ್": -2,
  "ಡೂಮ್": -2,
  "ಡೂಷ್": -3,
  "ಡೆಂಟ್": -2,
  "ಡೇರ್ಡೆವಿಲ್": 2,
  "ಡೌನ್ಹಾರ್ಟೆಡ್": -2,
  "ತ": -1,
  "ತಂಪಾದ": 1,
  "ತ್ಯಜಿಸಲು": -2,
  "ತ್ಯಜಿಸುತ್ತದೆ": -1,
  "ತ್ಯಾಜ್ಯ": -1,
  "ತ್ರಾಣ": 2,
  "ತಕ್ಕದಾದ": 2,
  "ತಕರಾರು": -2,
  "ತಗ್ಗಿದ": -2,
  "ತಗ್ಗಿಸಿ": -2,
  "ತಡವಾಗಿ": -1,
  "ತಡೆ": -2,
  "ತಡೆಗಳನ್ನು": -2,
  "ತಡೆಗೋಡೆ": -2,
  "ತಡೆಯಲಾಗದ": 2,
  "ತಡೆಯಲಾಗದೆ": 2,
  "ತಡೆಯಲು": -1,
  "ತಡೆಯುತ್ತದೆ": -1,
  "ತಡೆಯುತ್ತಿದ್ದ": -1,
  "ತಡೆಯುವ": -1,
  "ತಡೆಯೊಡ್ಡಿಲ್ಲ": -2,
  "ತಡೆಯೊಡ್ಡುವ": -2,
  "ತಡೆರಹಿತ": 2,
  "ತನ್ಮೂಲಕ": -3,
  "ತನಿಖೆಗೆ": -2,
  "ತಪ್ಪಾಗಿ": -2,
  "ತಪ್ಪಾಗಿ ಓದು": -1,
  "ತಪ್ಪಾಗಿ ವರದಿ": -2,
  "ತಪ್ಪಾದ": -2,
  "ತಪ್ಪಾದವು": -2,
  "ತಪ್ಪಿಗೆ": -2,
  "ತಪ್ಪಿತಸ್ಥ": -3,
  "ತಪ್ಪಿಸಬೇಕು": -1,
  "ತಪ್ಪಿಸಲು": -1,
  "ತಪ್ಪಿಸಿಕೊಂಡ": -2,
  "ತಪ್ಪಿಸಿಕೊಂಡು": -1,
  "ತಪ್ಪಿಸಿಕೊಳ್ಳುವ": -1,
  "ತಪ್ಪಿಸುತ್ತದೆ": -1,
  "ತಪ್ಪಿಸುವ": -1,
  "ತಪ್ಪು": -2,
  "ತಪ್ಪು ದಾರಿಗೆಳೆಯುವಂತಹವುಗಳನ್ನು": -3,
  "ತಪ್ಪುಗಳನ್ನು": -2,
  "ತಪ್ಪುಮಾಹಿತಿ": -2,
  "ತಮಾಷೆ": -2,
  "ತಮಾಷೆಯ": 4,
  "ತಯಾರಾದ": 1,
  "ತರ್ಕಬದ್ಧವಲ್ಲದ": -2,
  "ತಲುಪಲು": 1,
  "ತಲುಪಿತು": 1,
  "ತಲುಪುವ": 1,
  "ತಲೆ ತಿನ್ನುವವನು": -4,
  "ತಲೆ ಸುತ್ತುವ": -2,
  "ತಲೆತಗ್ಗಿಸಿದ": -2,
  "ತಲೆನೋವು": -2,
  "ತಲೆಹಿಡುಕ": -5,
  "ತಾಜಾ": 1,
  "ತಾಮಸ": -2,
  "ತಾರತಮ್ಯ": -2,
  "ತಾರತಮ್ಯದ": -2,
  "ತಾರುಣ್ಯದ": 2,
  "ತಾಳ್ಮೆ": -2,
  "ತೀರ್ಪು": -1,
  "ತೀರ್ಮಾನವಾಗಿಲ್ಲದ": -1,
  "ತಿರಸ್ಕರಿಸಬಹುದು": -2,
  "ತಿರಸ್ಕರಿಸಲಾಗಿದೆ": -1,
  "ತಿರಸ್ಕರಿಸಲು": -1,
  "ತಿರಸ್ಕರಿಸಿ": -2,
  "ತಿರಸ್ಕರಿಸಿದ": -1,
  "ತಿರಸ್ಕರಿಸುತ್ತದೆ": -1,
  "ತಿರಸ್ಕರಿಸುತ್ತಾನೆ": -2,
  "ತಿರಸ್ಕರಿಸುವ": -1,
  "ತಿರಸ್ಕಾರ": -2,
  "ತಿರಸ್ಕಾರಕ್ಕೆ": -2,
  "ತಿರಸ್ಕಾರದಿಂದ": -2,
  "ತೀರಿಸಿಕೊಳ್ಳಲು": -2,
  "ತಿರುಗು": -1,
  "ತಿರುಗುವ್ಯಾಪಾರಿ": -2,
  "ತಿರುಚಿ": -2,
  "ತೀವ್ರ": 1,
  "ತೀವ್ರವಾಗಿ": -2,
  "ತೀವ್ರವಾದಿಗಳ": -2,
  "ತಿಳಿಗೊಳಿಸುವ": 2,
  "ತುಂಬ ಅಸಹ್ಯಪಡು": -3,
  "ತುಂಬಿದ": -2,
  "ತುರ್ತು": -2,
  "ತುಳಿತಕ್ಕೊಳಗಾದವರ": -2,
  "ತೂಕ": -1,
  "ತೃಪ್ತಿ": 2,
  "ತೃಪ್ತಿಗೊಳಿಸಬೇಕು": 2,
  "ತೃಪ್ತಿಪಡಿಸಲಾಗದ": -2,
  "ತೆಗಳು": -2,
  "ತೇಜೋವಧೆ": -3,
  "ತೆರವು": -1,
  "ತೆರವುಗೊಳಿಸಲಾಗಿದೆ": 1,
  "ತೆರೆದಿಡುತ್ತದೆ": -1,
  "ತೇಲುವ": 2,
  "ತೆಳುವಾಗಿದೆ": -2,
  "ತೊಂದರೆ": -2,
  "ತೊಂದರೆಗೀಡಾದ": -2,
  "ತೊಂದರೆಗೊಳಗಾಗಿರುವ": -2,
  "ತೊಂದರೆಯನ್ನು": -4,
  "ತೊಂದರೆಯನ್ನುಂಟು": -2,
  "ತೊಂದರೆಯಾಗಿತ್ತು": -2,
  "ತೊಂದರೆಯುಂಟು": -2,
  "ತೊಂದರೆಯೂ": -2,
  "ತೊಗಲು": -1,
  "ತೊಡಗಿಸಿಕೊಳ್ಳಲು": 1,
  "ತೊಡಗುತ್ತಾನೆ": 1,
  "ತೊಡೆದುಹಾಕು": -2,
  "ಥ್ರಿಲ್ಡ್": 5,
  "ದಂಗೆ": -2,
  "ದಂಡ": -2,
  "ದಂಡ ವಿಧಿಸಲು": -2,
  "ದಂಡನಾತ್ಮಕ": -2,
  "ದಂಡನೆ": -1,
  "ದಂಡವನ್ನು": -2,
  "ದಂಡಿಸುವಂಥ": -3,
  "ದಂಡಿಸುವುದನ್ನು": -2,
  "ದ್ರೋಹ": -3,
  "ದ್ವೇಷ": -3,
  "ದ್ವೇಷದ": -3,
  "ದ್ವೇಷವನ್ನು": -2,
  "ದ್ವೇಷಿ": -3,
  "ದ್ವೇಷಿಗಳು": -3,
  "ದ್ವೇಷಿಸುತ್ತಾರೆ": -3,
  "ದ್ವೇಷಿಸುತ್ತಿದ್ದನು": -3,
  "ದ್ವೇಷಿಸುತ್ತಿದ್ದರು": -3,
  "ದ್ವೇಷಿಸುತ್ತೇಮೆ": -3,
  "ದ್ವೇಷಿಸುವುದು": -3,
  "ದಣಿದ": -2,
  "ದಣಿವು": -2,
  "ದಣಿಸುವ": -2,
  "ದತ್ತಿ": 2,
  "ದಪ್ಪ": 2,
  "ದಬ್ಬಾಳಿಕೆ": -2,
  "ದಬ್ಬಾಳಿಕೆಗಳ": -2,
  "ದಬ್ಬಾಳಿಕೆಯ": -2,
  "ದಯವಿಟ್ಟು": 1,
  "ದಯೆ": 2,
  "ದರೋಡೆ": -2,
  "ದಹನದ": -2,
  "ದಾಟಿದರೆ": 1,
  "ದಾನ": 2,
  "ದಾರ್ಶನಿಕ": 3,
  "ದಾವೆ": -1,
  "ದಾಳಿ": -1,
  "ದಿಗ್ಬಂಧನ": -2,
  "ದಿಗ್ಭ್ರಮೆಯುಂಟುಮಾಡುವ": 3,
  "ದಿಗಿಲಾಯಿತು": -2,
  "ದಿಗಿಲು": -2,
  "ದಿಗಿಲುಪಡಿಸು": 3,
  "ದಿಟ್ಟ": 3,
  "ದಿವಾಳಿ": -3,
  "ದಿವಾಳಿತನಕ್ಕೆ": -2,
  "ದಿವಾಳಿತನದ": -3,
  "ದುಃಖ": -3,
  "ದುಃಖ ಕವಿದ": -3,
  "ದುಃಖಕರ": -3,
  "ದುಃಖಕರವಾಗಿದೆ": 1,
  "ದುಃಖದಿಂದ": -2,
  "ದುಃಖಪಟ್ಟು": -2,
  "ದುಃಖಿತ": -2,
  "ದುಃಖಿತನಾಗುತ್ತಾನೆ": -2,
  "ದುಬಾರಿ": -2,
  "ದುರಂತ": -2,
  "ದುರಂತಕ್ಕೆ": -2,
  "ದುರಂತಗಳು": -2,
  "ದುರಂತದ": -3,
  "ದುರ್ಗಂಧ": -2,
  "ದುರ್ಬಲ": -2,
  "ದುರ್ಬಲ ಮನಸ್ಸಿನ": -3,
  "ದುರ್ಬಲಗೊಂಡ": -2,
  "ದುರ್ಬಲಗೊಂಡಿತು": -2,
  "ದುರ್ಬಲಗೊಳಿಸಿದೆ": -2,
  "ದುರ್ಬಲತೆ": -2,
  "ದುರ್ಬಲತೆಯನ್ನು": -2,
  "ದುರ್ಬಳಕೆ": -2,
  "ದುರ್ಭರ": -2,
  "ದುರದೃಷ್ಟದ": -2,
  "ದುರಾದೃಷ್ಟ": -2,
  "ದುರಾಶೆ": -3,
  "ದುರಾಸೆಯ": -2,
  "ದುರುಪಯೋಗ": -3,
  "ದುರುಪಯೋಗಗಳ": -3,
  "ದುರುಪಯೋಗಗಳನ್ನು": -2,
  "ದುರುಪಯೋಗದ": -2,
  "ದುಷ್ಕರ್ಮಿಗಳು": -2,
  "ದುಷ್ಕೃತ್ಯ": -3,
  "ದುಷ್ಟ": -3,
  "ದುಷ್ಟತನ": -3,
  "ದೂರದೃಷ್ಟಿಯಿಲ್ಲದ": -2,
  "ದೂರು": -2,
  "ದೃಢನಿಶ್ಚಯದ": 2,
  "ದೃಢಪಟ್ಟಿಲ್ಲದ": -1,
  "ದೃಢವಾದ": 2,
  "ದೃಷ್ಟಿ": 1,
  "ದೃಷ್ಟಿಕೋನಗಳ": 1,
  "ದೃಷ್ಟಿನೆಟ್ಟಿರದ": -2,
  "ದೇಣಿಗೆ": 2,
  "ದೆವ್ವ": -2,
  "ದೈವದತ್ತ": 4,
  "ದೇವರು": 1,
  "ದೇವರೇ": -2,
  "ದೇಶದ್ರೋಹ": -3,
  "ದೇಶದ್ರೋಹದಲ್ಲಿ ತೊಡಗಿರುವ ದುಷ್ಕೃತ್ಯವೇ": -3,
  "ದೊಗಲೆ": -2,
  "ದೋಚುವ": -2,
  "ದೊಡ್ಡ": 1,
  "ದೋಷ": -2,
  "ದೋಷಗಳನ್ನು": -2,
  "ದೋಷಗಳು": -3,
  "ದೋಷದ": -3,
  "ದೋಷಪೂರಿತ": -3,
  "ದೋಷಯುಕ್ತ": -3,
  "ದೋಷರಹಿತ": 2,
  "ದೋಷಾರೋಪಣೆ": -3,
  "ದೋಷಾರೋಪಣೆಯ": -3,
  "ದೋಷಿಯನ್ನು": -2,
  "ದೌರ್ಬಲ್ಯ": -2,
  "ದೌರ್ಬಲ್ಯಗಳನ್ನು": -2,
  "ದೌರ್ಭಾಗ್ಯ": -2,
  "ದೌರ್ಭಾಗ್ಯದ": -2,
  "ಧ್ಯಾನಸ್ಥ": 1,
  "ಧ್ವಂಸ": -2,
  "ಧ್ವಂಸಮಾಡಿತು": -2,
  "ಧನ್ಯವಾದ": 2,
  "ಧನ್ಯವಾದಗಳು": 2,
  "ಧನಾತ್ಮಕ": 2,
  "ಧರಿಸುತ್ತಾರೆ": -1,
  "ಧೀರ": 3,
  "ಧೂಪದ್ರವ್ಯ": -2,
  "ಧೂಪದ್ರವ್ಯಗಳ": -2,
  "ಧೈರ್ಯ": 1,
  "ಧೈರ್ಯಕೊಡುವ": 2,
  "ಧೈರ್ಯದಿಂದ": 2,
  "ಧೈರ್ಯವಾಗಿ": 2,
  "ಧೈರ್ಯವಿರುವ": 2,
  "ನಂಬದಿರು": -2,
  "ನಂಬಲಾಗದ": -1,
  "ನಂಬಿಕೆ": 1,
  "ನಂಬಿಕೆದ್ರೋಹ": -3,
  "ನಂಬಿಕೆಯಿಂದ": -3,
  "ನಂಬಿಕೆಯಿಲ್ಲದ": -1,
  "ನ್ಯಾಯ": 2,
  "ನ್ಯಾಯಸಮ್ಮತವಲ್ಲದ": -3,
  "ನ್ಯಾಯಸಮ್ಮತವಾಗಿ": 2,
  "ನ್ಯಾಯೋಚಿತ": 2,
  "ನ್ಯೂನತೆಗಳನ್ನು": -2,
  "ನ್ಯೂನತೆಯು": -2,
  "ನಕ್ಕರು": 1,
  "ನಕಲಿ": -3,
  "ನಕಲು": -3,
  "ನಗದೀಕರಿಸಿದ": -2,
  "ನಗು": 1,
  "ನಗುತ್ತಿರುವ": 2,
  "ನಗುಮುಖದ": 2,
  "ನಗುವುದು": 1,
  "ನಗೆ ಸೂಸುತ್ತಾ": 3,
  "ನಟನೆ": -1,
  "ನಟನೆಯಲ್ಲಿರುವ": -3,
  "ನಟನೆಯಿಂದ ಹೊರಗಿಡಲು": -2,
  "ನಟಿಸುವ": -1,
  "ನಟಿಸುವುದು": -1,
  "ನಡುಕ": -2,
  "ನಮಸ್ಕರಿಸುತ್ತಾನೆ": 2,
  "ನರ": -2,
  "ನರ್ತನ": 2,
  "ನರಕದ": -4,
  "ನರಗಳಿಗೆ": -2,
  "ನರಗಳು": -1,
  "ನರಹತ್ಯೆ": -3,
  "ನರಹತ್ಯೆಗಳ": -2,
  "ನರಳು": -2,
  "ನರಳುತ್ತ": -2,
  "ನರಳುತ್ತದೆ": -2,
  "ನರಳುತ್ತಿದ್ದ": -2,
  "ನರಳುತ್ತಿರುವ": -1,
  "ನರಳುವಿಕೆಯ": -2,
  "ನಲಿವಿಲ್ಲದ": -2,
  "ನಲಿವು": 3,
  "ನವೀನ": 2,
  "ನವೆ": -2,
  "ನಷ್ಟ": -3,
  "ನಾಚಿಕೆ": -1,
  "ನಾಚಿಕೆಗೇಡು": -2,
  "ನಾಚಿಕೆಗೇಡು ವ್ಯಕ್ತಿ": -4,
  "ನಾಜೂಕಾಗಿ": 2,
  "ನಾಡಿದು": 4,
  "ನಾಯಕ": 2,
  "ನಾಯಕತ್ವ": 1,
  "ನಾಯಕರು": 2,
  "ನಾರ್ಸಿಸಿಸಮ್": -2,
  "ನಾವೀನ್ಯತೆಯ": 1,
  "ನಾಶ": -3,
  "ನಾಶಗೊಂಡವು": -2,
  "ನಾಶಪಡಿಸುತ್ತದೆ": -3,
  "ನಾಶಮಾಡುತ್ತದೆ": -2,
  "ನಾಶವಾಗಿದ್ದನು": -4,
  "ನಾಶವಾಗುವ": -2,
  "ನಿಂದನಾ": -3,
  "ನಿಂದನೆ": -3,
  "ನಿಂದನೆಗಳನ್ನು": -2,
  "ನಿಗಾಗಳು": -5,
  "ನಿಜವಾದ": 2,
  "ನಿಟ್ಟುಸಿರು": -2,
  "ನೀಡುವಿಕೆ": 1,
  "ನಿತ್ಯಹರಿದ್ವರ್ಣ": 2,
  "ನಿದ್ರಾಹೀನತೆ": -2,
  "ನಿಧನರಾದರು": -3,
  "ನಿಧಾನಗತಿಯಲ್ಲಿ ತಿರುಗುವಂತೆ": -2,
  "ನಿಧಿ": 2,
  "ನಿಫ್ಟಿ": 2,
  "ನಿಭಾಯಿಸುತ್ತಾರೆ": 2,
  "ನಿರಂಕುಶ": -2,
  "ನಿರ್ಗತಿಕರಿಗೆ": -2,
  "ನಿರ್ಗಮಿಸುವ": -1,
  "ನಿರ್ಜೀವ": -1,
  "ನಿರ್ಣಯಕ್ಕೆ": -2,
  "ನಿರ್ಣಾಯಕ": 1,
  "ನಿರ್ದಯ": -2,
  "ನಿರ್ದೋಷಗೊಳಿಸು": 2,
  "ನಿರ್ಧರಿಸಲಾಗುತ್ತದೆ": 2,
  "ನಿರ್ಬಂಧಕ್ಕೆ": -2,
  "ನಿರ್ಬಂಧದ": -2,
  "ನಿರ್ಬಂಧಿತ": -2,
  "ನಿರ್ಬಂಧಿಸಲಾಗಿದೆ": -1,
  "ನಿರ್ಬಂಧಿಸಲು": -2,
  "ನಿರ್ಬಂಧಿಸುತ್ತದೆ": -2,
  "ನಿರ್ಬಂಧಿಸುವ": -2,
  "ನಿರ್ಭಯತೆ": 2,
  "ನಿರ್ಮಲ": 2,
  "ನಿರ್ಲಕ್ಷ್ಯ": -2,
  "ನಿರ್ಲಕ್ಷ್ಯಗಳನ್ನು": -1,
  "ನಿರ್ಲಕ್ಷ್ಯದ": -2,
  "ನಿರ್ಲಕ್ಷ್ಯದಿಂದ": -2,
  "ನಿರ್ಲಕ್ಷಿಸಿ": -1,
  "ನಿರ್ಲಕ್ಷಿಸುವುದು": -2,
  "ನಿರಪರಾಧಿ": 2,
  "ನಿರರ್ಥಕ": -2,
  "ನೀರಸ": -2,
  "ನಿರಾಕರ್ತ": -2,
  "ನಿರಾಕರಣೆ": -1,
  "ನಿರಾಕರಣೆಯ": -2,
  "ನಿರಾಕರಿಸಲಾಗಿದೆ": -2,
  "ನಿರಾಕರಿಸಲು": -2,
  "ನಿರಾಕರಿಸಿದ್ದಕ್ಕೆ": -2,
  "ನಿರಾಕರಿಸಿದರು": -2,
  "ನಿರಾಕರಿಸಿದರೆ": -2,
  "ನಿರಾಕರಿಸುವ": -2,
  "ನಿರಾತಂಕದ": 1,
  "ನಿರಾಶ್ರಿತ": -2,
  "ನಿರಾಶಾದಾಯಕ": -2,
  "ನಿರಾಶಾವಾದ": -2,
  "ನಿರಾಶಾವಾದಿ": -2,
  "ನಿರಾಶೆ": -2,
  "ನಿರಾಶೆಗೊಂಡ": -2,
  "ನಿರಾಶೆಯನ್ನು": -3,
  "ನಿರಾಸಕ್ತಿ": -3,
  "ನಿರಾಸೆಗಳು": -2,
  "ನಿರೀಕ್ಷೆಯಲ್ಲಿ": 1,
  "ನಿರೀಕ್ಷೆಯೊಂದಿಗೆ": 1,
  "ನಿರುತ್ಸಾಹಗೊಂಡನು": -4,
  "ನಿರುದ್ಯೋಗ": -2,
  "ನಿರುದ್ಯೋಗಿ": -1,
  "ನಿರೋಧಕವಾಗಿ": -2,
  "ನಿಲ್ದಾಣಗಳು": -1,
  "ನಿಲ್ಲಿಸಲು": -1,
  "ನಿಲ್ಲಿಸಿದ": -1,
  "ನಿಲ್ಲಿಸುವ": -1,
  "ನಿಲುಗಡೆ": -2,
  "ನಿವಾರಕ": -2,
  "ನಿವಾರಣೆಯಾಯಿತು": -1,
  "ನಿವಾರಿಸಲು": 1,
  "ನಿವಾರಿಸುವ": 2,
  "ನೀವು pushy": -1,
  "ನಿಶ್ಚಿಂತ": -2,
  "ನಿಶ್ಚೇಷ್ಟಿತ": -1,
  "ನಿಷ್ಕ್ರಿಯ": -2,
  "ನಿಷ್ಕ್ರಿಯಗೊಳಿಸಲು": -1,
  "ನಿಷ್ಕ್ರಿಯತೆ": -2,
  "ನಿಷ್ಕ್ರಿಯವಾಗಿ": -1,
  "ನಿಷ್ಠಾವಂತ": 3,
  "ನಿಷ್ಠೆ": 3,
  "ನಿಷ್ಪ್ರಯೋಜಕ": -2,
  "ನಿಷ್ಪಲತೆ": -2,
  "ನಿಷ್ಫಲಗೊಳಿಸುತ್ತದೆ": -2,
  "ನಿಷ್ಫಲವಾಗಿ": -2,
  "ನಿಷೇಧ": -2,
  "ನಿಷೇಧಿಸಲಾಗಿದೆ": -2,
  "ನಿಷೇಧಿಸಿದ": -1,
  "ನಿಷೇಧಿಸುತ್ತದೆ": -1,
  "ನಿಷೇಧಿಸುವ": -2,
  "ನಿಸ್ವಾರ್ಥ": 2,
  "ನುಣುಪಾದ": 2,
  "ನೂಕುನುಗ್ಗಲು": -2,
  "ನೆಚ್ಚಿಕೊಂಡಿರುವದು": 2,
  "ನೆಚ್ಚಿನ": 2,
  "ನೈತಿಕ": 2,
  "ನೆಮ್ಮದಿಯ": 2,
  "ನೇರ": 1,
  "ನೆರಳು": -1,
  "ನೆರೆದಿದ್ದ": 2,
  "ನೈಸರ್ಗಿಕ": 1,
  "ನೋಡಲಾಗದಂತಹ": -2,
  "ನೋಯಿಸುವುದಿಲ್ಲ": -2,
  "ನೋಯಿಸುವುದು": -2,
  "ನೋಯುತ್ತಿರುವ": -1,
  "ನೋವನ್ನು": -2,
  "ನೋವಿನ": -2,
  "ನೋವು": -2,
  "ನೋವುಂಟು": -2,
  "ನೋವುಗಳ": -2,
  "ಪ್ಯಾನಿಕ್": -3,
  "ಪ್ರಕ್ಷುಬ್ಧ": -2,
  "ಪ್ರಕಾಶ": 3,
  "ಪ್ರಕಾಶಮಾನವಾದ": 1,
  "ಪ್ರಗತಿ": 3,
  "ಪ್ರಚಾರ": 1,
  "ಪ್ರಚೋದಿಸಲು": 3,
  "ಪ್ರಚೋದಿಸುತ್ತದೆ": 1,
  "ಪ್ರಣಯ": 2,
  "ಪ್ರತ್ಯೇಕ": -1,
  "ಪ್ರತಿಕ್ರಿಯಾಶೀಲರಾಗಿರುತ್ತಾರೆ": 2,
  "ಪ್ರತಿಕ್ರಿಯೆ ತೋರು": -2,
  "ಪ್ರತಿಕೂಲ": -2,
  "ಪ್ರತಿಕೂಲತೆಯ": -2,
  "ಪ್ರತಿಕೂಲವಾದ": -2,
  "ಪ್ರತಿಜ್ಞೆ": -2,
  "ಪ್ರತಿಪಾದಿಸಿದ್ದರು": 2,
  "ಪ್ರತಿಫಲ": 2,
  "ಪ್ರತಿಫಲಗಳು": 2,
  "ಪ್ರತಿಬಂಧಿಸುತ್ತದೆ": -1,
  "ಪ್ರತಿಭಟನಾಕಾರರು": -2,
  "ಪ್ರತಿಭಟನೆ": -2,
  "ಪ್ರತಿಭಟನೆಯ": -1,
  "ಪ್ರತಿಭಟನೆಯು": -2,
  "ಪ್ರತಿಭೆ": 2,
  "ಪ್ರತಿರಕ್ಷಣಾ": 1,
  "ಪ್ರದರ್ಶನ": -1,
  "ಪ್ರಧಾನ": 1,
  "ಪ್ರಬಲ": 2,
  "ಪ್ರಬುದ್ಧ": 2,
  "ಪ್ರಭಾವವನ್ನು ಬೀರಲಿಲ್ಲ": -2,
  "ಪ್ರಭಾವಶಾಲಿ": 3,
  "ಪ್ರಭಾವಿ": 2,
  "ಪ್ರಭಾವಿತರಾದರು": 3,
  "ಪ್ರಮಾದವಶಾತ್": -2,
  "ಪ್ರಮುಖ": 2,
  "ಪ್ರಮುಖವಾದವುಗಳು": -1,
  "ಪ್ರಯೋಜನಗಳನ್ನು": 2,
  "ಪ್ರಯೋಜನವಾಯಿತು": 2,
  "ಪ್ರವೇಶ": -1,
  "ಪ್ರಶಂಸಿಸುತ್ತೇವೆ": 2,
  "ಪ್ರಶಂಸೆ": 2,
  "ಪ್ರಶಂಸೆಗೆ": 2,
  "ಪ್ರಶ್ನಾರ್ಹ": -2,
  "ಪ್ರಶ್ನಿಸಿದ್ದಾರೆ": -1,
  "ಪ್ರಶ್ನಿಸುವುದು": -1,
  "ಪ್ರಶಸ್ತಿ": 3,
  "ಪ್ರಶಸ್ತಿಯನ್ನು": 2,
  "ಪ್ರಶಾಂತ": 2,
  "ಪ್ರಸಿದ್ಧವಾಗಲಿಲ್ಲ": -1,
  "ಪ್ರಹಸನ": -1,
  "ಪ್ರಾ ಮ ಣಿ ಕ ತೆ": 2,
  "ಪ್ರಾಣಾಂತಿಕ": -3,
  "ಪ್ರಾಮಾಣಿಕ": 2,
  "ಪ್ರಾಮಾಣಿಕತೆ": 2,
  "ಪ್ರಾಮಾಣಿಕವಾದ": 3,
  "ಪ್ರಾಮುಖ್ಯತೆಯನ್ನು": 2,
  "ಪ್ರಾರ್ಥನೆ": 1,
  "ಪ್ರಾರ್ಥಿಸುತ್ತಾರೆ": 1,
  "ಪ್ರೀತಿ": 3,
  "ಪ್ರೀತಿ ವಂಚಿತರು": -2,
  "ಪ್ರೀತಿಪಾತ್ರ": 3,
  "ಪ್ರೀತಿಪೂರ್ವಕ ಕರುಣೆ": 3,
  "ಪ್ರೀತಿಯ": 3,
  "ಪ್ರೀತಿಯಿಂದ": 3,
  "ಪ್ರೀತಿಯೋಗ್ಯವಲ್ಲದ": -2,
  "ಪ್ರೀತಿಸುತ್ತಾರೆ": 3,
  "ಪ್ರಿಯವಾದ": 2,
  "ಪ್ರೇತ": -1,
  "ಪ್ರೇರಕ": 2,
  "ಪ್ರೇರಣೆ": 2,
  "ಪ್ರೇರಿತ": 2,
  "ಪ್ರೇರೇಪಿಸುತ್ತದೆ": -1,
  "ಪ್ರೇರೇಪಿಸುವ": 1,
  "ಪ್ರೈಸಸ್": 3,
  "ಪ್ರೋತ್ಸಾಹ": 2,
  "ಪ್ರೋತ್ಸಾಹಿಸಲು": 2,
  "ಪ್ರೋತ್ಸಾಹಿಸಿ": 2,
  "ಪ್ರೋತ್ಸಾಹಿಸುತ್ತದೆ": 2,
  "ಪ್ರೌಢ": 2,
  "ಪ್ಲೇಗ್": -3,
  "ಪಕ್ಷಪಾತ": -2,
  "ಪಕ್ಷಪಾತವಿಲ್ಲದ": 2,
  "ಪಟ್ಟಭದ್ರ": 1,
  "ಪಟ್ಟುಹಿಡಿದ": -1,
  "ಪಡಿಯಚ್ಚು": -2,
  "ಪಡೆದಿತ್ತು": 2,
  "ಪಡೆದುಕೊಂಡನು": 2,
  "ಪಡೆಯಿತು": 2,
  "ಪಡೆಯುತ್ತಿದೆ": 2,
  "ಪದಕ": 3,
  "ಪದೇ": 1,
  "ಪರಭಕ್ಷಕ": -2,
  "ಪರಮಾನಂದ": 3,
  "ಪರವಾಗಿದೆ": 2,
  "ಪರಹಿತಚಿಂತನೆಯ": 2,
  "ಪರಾನುಭೂತಿ ಶಕ್ತಿಯುಳ್ಳ": 2,
  "ಪರಾಭವ": -2,
  "ಪರಿಣಾಮ": -1,
  "ಪರಿಣಾಮಕಾರಿ": 2,
  "ಪರಿಣಾಮಕಾರಿತ್ವವನ್ನು": 2,
  "ಪರಿಣಾಮಕಾರಿಯಲ್ಲದ": -2,
  "ಪರಿಣಾಮಕಾರಿಯಾಗಿ": 2,
  "ಪರಿಣಾಮವಿಲ್ಲದೆಯೇ": -2,
  "ಪರಿತ್ಯಕ್ತ": -2,
  "ಪರಿಪೂರ್ಣ": 3,
  "ಪರಿಪೂರ್ಣತೆ": 3,
  "ಪರಿಶ್ರಮವನ್ನು": -2,
  "ಪರಿಶುದ್ಧವಾದ": 1,
  "ಪರಿಶೋಧನೆ": 1,
  "ಪರಿಸರ ಸ್ನೇಹಿ": 2,
  "ಪರಿಹರಿಸಲಾಗಿದೆ": 2,
  "ಪರಿಹರಿಸಲು": 1,
  "ಪರಿಹರಿಸುತ್ತದೆ": 2,
  "ಪರಿಹರಿಸುವ": 1,
  "ಪರಿಹರಿಸುವಲ್ಲಿ": 2,
  "ಪರಿಹಾರ": 1,
  "ಪರಿಹಾರಗಳನ್ನು": 1,
  "ಪರೋಪಕಾರಿ": 3,
  "ಪವಾಡ": 4,
  "ಪಾತಕಿ": -3,
  "ಪಾಪ": -2,
  "ಪಾಪಗಳನ್ನು": -2,
  "ಪಾರು": -1,
  "ಪಾರುಗಾಣಿಕಾ": 2,
  "ಪಾರುಮಾಡಿತು": 2,
  "ಪಾಲಿಸಬೇಕಾದ": 2,
  "ಪಾಲಿಸು": 2,
  "ಪಾಲು": 1,
  "ಪಾವತಿ": -1,
  "ಪಾಳುಬಿದ್ದ": -2,
  "ಪೀಡಿಸುತ್ತಿದ್ದಾಗಿನ": -2,
  "ಪಿತೂರಿ": -3,
  "ಪಿತೂರಿಗಳು": 1,
  "ಪುಂಡ": -2,
  "ಪುಡಿ": -1,
  "ಪುಡಿಮಾಡಿದ": -2,
  "ಪುನಃಸ್ಥಾಪಿಸಲು": 1,
  "ಪುನಶ್ಚೇತನಕ್ಕೆ": 2,
  "ಪುರಸ್ಕಾರ": 2,
  "ಪುರಾಣ": -1,
  "ಪೂಜ್ಯ": 2,
  "ಪೂಜಿಸಲಾಗುತ್ತದೆ": 3,
  "ಪೂಜಿಸು": 3,
  "ಪೂರ್ಣಗೊಳಿಸಿದ": 2,
  "ಪೂರ್ವಭಾವಿಯಾಗಿ": 2,
  "ಪೂರೈಸಲು": 2,
  "ಪೂರೈಸಿಕೊಳ್ಳುವುದು": 2,
  "ಪೇಚಿನ": -2,
  "ಪೆದ್ದ": -3,
  "ಪೆದ್ದತನ": -3,
  "ಪೆನಾಲ್ಟಿ": -2,
  "ಪೋಯ್ಸ್ಡ್": -2,
  "ಪೋಲುಮಾಡಿದ್ದರೂ": -2,
  "ಪೋಷಕ": 1,
  "ಪೋಷಕರು": 2,
  "ಪೋಷಣೆ": 2,
  "ಪೋಷಿಸುವ": -2,
  "ಫ್ಯಾಸಿಸ್ಟ್": -2,
  "ಫ್ಯಾಸಿಸ್ಟರ": -2,
  "ಫ್ಯೂಮಿಂಗ್": -2,
  "ಫ್ರೀಕ್": -2,
  "ಫ್ರೆಂಜಿ": -3,
  "ಫ್ಲಾಪ್": -2,
  "ಫಕ್": -4,
  "ಫಕಿಂಗ್": -4,
  "ಫಕಿಂಗ್ ಅದ್ಭುತ": 4,
  "ಫಕಿಂಗ್ ಉತ್ತಮ": 4,
  "ಫಕಿಂಗ್ ದೊಡ್ಡ": 4,
  "ಫಕಿಂಗ್ ಪ್ರೀತಿ": 4,
  "ಫಕಿಂಗ್ ಪ್ರೀತಿಸುತ್ತಾರೆ": 4,
  "ಫಕಿಂಗ್ ಪರಿಪೂರ್ಣ": 4,
  "ಫಕಿಂಗ್ ಬಿಸಿ": 2,
  "ಫಕಿಂಗ್ ಮುದ್ದಾದ": 4,
  "ಫಕಿಂಗ್ ಸುಂದರ": 4,
  "ಫಲಕಾರಿಯಾಗದ": -2,
  "ಫಲಪ್ರದವಾಗದ": -2,
  "ಫಲವತ್ತಾದ": 2,
  "ಫಲಿತಾಂಶ": -2,
  "ಫಾಗಾಟ್ಸ್": -3,
  "ಫಿಟ್ನೆಸ್": 1,
  "ಫಿಯರ್ಲೆಸ್": 2,
  "ಫೆರ್ವ್ಡ್": 2,
  "ಫೋಬಿಕ್": -2,
  "ಫೌಲ್": -3,
  "ಬಂಡಾಯ": -2,
  "ಬಂಡಾಯದ": -2,
  "ಬಂಡುಕೋರರು": -2,
  "ಬಂದೊದಗಿತು": 1,
  "ಬಂಧನ": -2,
  "ಬಂಧನಗಳು": -2,
  "ಬಂಧಿಸಲಾಯಿತು": -3,
  "ಬಂಧಿಸಲು": -2,
  "ಬಂಧಿಸಿ ಬಾಯಿಯನ್ನು ಕಟ್ಟಿಹಾಕಿದರು": -2,
  "ಬ್ರೀಚಿಂಗ್": -2,
  "ಬ್ರೇನ್ವಾಷಿಂಗ್": -3,
  "ಬ್ಲ್ಯಾಕ್ಮೇಲ್": -3,
  "ಬ್ಲಾ": -2,
  "ಬ್ಲಾಕ್": -1,
  "ಬ್ಲಾಕ್ಗಳನ್ನು": -1,
  "ಬ್ಲಾಕ್ಬಸ್ಟರ್": 3,
  "ಬ್ಲೇಮ್ಸ್": -2,
  "ಬಗ್": -2,
  "ಬಗೆಹರಿಸುವ": 1,
  "ಬಚ್ಚಿಟ್ಟುಕೊಂಡಿರು": -1,
  "ಬಡ": -2,
  "ಬಡ್ತಿ": 1,
  "ಬಡತನ": -1,
  "ಬಡಾಯಿ ಕೊಚ್ಚಿಕೊಳ್ಳುವ": -2,
  "ಬದ್ಧತೆ": 1,
  "ಬದಲಾಯಿಸಲಾಗದ": -1,
  "ಬದುಕುಳಿದ": 2,
  "ಬದುಕುಳಿದರು": 2,
  "ಬಯಕೆ": 1,
  "ಬಯಸಿದ": 2,
  "ಬಯಸುವ": 1,
  "ಬರಿದು": -2,
  "ಬಲಪಡಿಸಲು": 2,
  "ಬಲಪಡಿಸಿತು": 2,
  "ಬಲಪಡಿಸಿದ": 2,
  "ಬಲಪಡಿಸುವ": 2,
  "ಬಲವಂತವಾಗಿ": -1,
  "ಬಲವಾದ": 2,
  "ಬಲಿಪಶು": -3,
  "ಬಲಿಪಶುಗಳ": -2,
  "ಬಲಿಪಶುಗಳೆಂದರೆ": -2,
  "ಬಲಿಪಶುವನ್ನಾಗಿ": -2,
  "ಬಲಿಯಾದ": -3,
  "ಬಲುಬೇಗನೆ": 2,
  "ಬಲೆಗಳು": -1,
  "ಬಲೆಗೆ": -1,
  "ಬಹಳ": 1,
  "ಬಹಿರಂಗ": -1,
  "ಬಹಿಷ್ಕರಿಸಿ": -2,
  "ಬಹಿಷ್ಕರಿಸಿದರು": -2,
  "ಬಹಿಷ್ಕರಿಸುವ": -1,
  "ಬಹಿಷ್ಕಾರ": -2,
  "ಬಹಿಷ್ಕಾರಗಳು": -2,
  "ಬಹುಮಾನ": 2,
  "ಬಳಕೆಯಲ್ಲಿಲ್ಲದ": -2,
  "ಬಳಲುತ್ತಿದ್ದಾರೆ": -2,
  "ಬಳಲುತ್ತಿರುವ": -2,
  "ಬಳಲುವವರಿಗೆ": -2,
  "ಬಳಸಬೇಕು": -2,
  "ಬಳಸಿಕೊಂಡರು": -2,
  "ಬಳಿಯ": -2,
  "ಬಾಂಬ್": -1,
  "ಬಾಲಿಶ": -2,
  "ಬಾಸ್ಟರ್ಡ್": -5,
  "ಬಾಳಿಕೆ ಬರುವ": 2,
  "ಬಿಕ್ಕಟ್ಟು": -3,
  "ಬಿಗುವಿನ": -2,
  "ಬೀಜಗಳು": -3,
  "ಬಿಟ್ಟು": -1,
  "ಬಿಟ್ಟುಬಿಡುತ್ತಾನೆ": -2,
  "ಬಿಟ್ಟುಬಿಡುತ್ತಾರೆ": -1,
  "ಬಿಡಬಹುದು": -1,
  "ಬಿಡುಗಡೆ": 1,
  "ಬಿದ್ದ": -2,
  "ಬಿರಡೆ": 2,
  "ಬಿಸಾಡಿದ": -1,
  "ಬೀಳುವ": -1,
  "ಬುದ್ದಿಹೀನ": -2,
  "ಬುದ್ಧಿವಂತ": 2,
  "ಬುದ್ಧಿವಂತಿಕೆಯ": 1,
  "ಬುಲ್ಶಿಟ್": -4,
  "ಬೂಟಾಟಿಕೆಯ": -2,
  "ಬೂದು": -1,
  "ಬೆಂಕಿ": -2,
  "ಬೆಂಬಲ": 2,
  "ಬೆಂಬಲವಿಲ್ಲದ": -2,
  "ಬೆಂಬಲಿಗ": 1,
  "ಬೆಂಬಲಿಗರು": 1,
  "ಬೆಂಬಲಿತ": 1,
  "ಬೆಂಬಲಿಸುತ್ತದೆ": 2,
  "ಬೆಚ್ಚಗಿನ": 1,
  "ಬೆಚ್ಚಿಬಿದ್ದ": -2,
  "ಬೇಜವಾಬ್ದಾರಿ": -2,
  "ಬೇಜವಾಬ್ದಾರಿಯಿಂದ": -2,
  "ಬೇಜಾರುಗೊಳಿಸುವಂತಹುದ್ದೆಂದು": -2,
  "ಬೇಡಿಕೆ": -1,
  "ಬೇಡಿಕೆಗಳು": -1,
  "ಬೆದರಿಕೆ": -2,
  "ಬೆದರಿಕೆಗೆ": -2,
  "ಬೆದರಿಸುವ": -2,
  "ಬೈದುಕೊಳ್ಳುತ್ತಾ": -2,
  "ಬೆನ್ನಿನ": 1,
  "ಬೆಪ್ಪುತಕ್ಕಡಿ": -2,
  "ಬೇರ್ಪಟ್ಟ": -1,
  "ಬೆರಗಾದರು": 3,
  "ಬೆರಗುಗೊಳಿಸುತ್ತದೆ": 4,
  "ಬೆರಗುಗೊಳಿಸುವ": 3,
  "ಬೇರೆಡೆ": -1,
  "ಬೇಲ್ಔಟ್": -2,
  "ಬೆಸ": -2,
  "ಬೇಸರ": -2,
  "ಬೇಸರದಿಂದ": -2,
  "ಬೇಸರವಾಗಿ": -2,
  "ಬೆಳಕುಗಳ": 3,
  "ಬೆಳಗಿಸುವ": 2,
  "ಬೆಳವಣಿಗೆ": 2,
  "ಬೆಳೆಯುತ್ತಿರುವ": 1,
  "ಭಂಗ": -2,
  "ಭ್ರಮನಿರಸನಗೊಂಡಿದ್ದರು": -2,
  "ಭ್ರಮಾಧೀನ": 4,
  "ಭ್ರಷ್ಟ": -3,
  "ಭ್ರಷ್ಟಾಚಾರ": -3,
  "ಭಕ್ತರ": 3,
  "ಭಕ್ತಿ": 2,
  "ಭದ್ರತೆಗೆ": 2,
  "ಭಯ": -2,
  "ಭಯಂಕರ": -3,
  "ಭಯಂಕರವಾಗಿ": -2,
  "ಭಯಂಕರವಾದ": 4,
  "ಭಯದಿಂದ": -2,
  "ಭಯಪಡಿಸಿತು": -2,
  "ಭಯಭೀತನಾಗಿರುವ": -3,
  "ಭಯವನ್ನು": -2,
  "ಭಯಹುಟ್ಟಿಸಲು": -3,
  "ಭಯಾನಕ": -3,
  "ಭಯೋತ್ಪಾದಕ": -2,
  "ಭಯೋತ್ಪಾದಕರು": -2,
  "ಭರವಸೆ": 1,
  "ಭರವಸೆಗಳನ್ನು": 1,
  "ಭರವಸೆಯ": 2,
  "ಭರವಸೆಯನ್ನು": 2,
  "ಭಲೆ": 5,
  "ಭವ್ಯವಾದ": 3,
  "ಭವಿಷ್ಯ": 1,
  "ಭವಿಷ್ಯ ಹೇಳು": -2,
  "ಭಾರೀ": -1,
  "ಭಾವನೆ": 1,
  "ಭಾವಪರವಶ": 4,
  "ಭಾವಿಸುತ್ತೇವೆ": 2,
  "ಭಾವುಕತೆ": 2,
  "ಭಾವೋದ್ರಿಕ್ತ": 2,
  "ಭಾವೋದ್ರೇಕದ": -3,
  "ಭೀಕರ": -3,
  "ಭೀಕರವಾದ": -3,
  "ಭೀತಿಗೊಳಿಸುವ": -2,
  "ಭಿನ್ನಾಭಿಪ್ರಾಯವಿದೆ": -2,
  "ಭೇಟಿಮಾಡುತ್ತಿರು": -1,
  "ಭೇದ": -2,
  "ಮಂಕಾಗಿಸು": -2,
  "ಮಂಕಾದ": -2,
  "ಮಂಕು ಕವಿದ": -2,
  "ಮಂಕುಕವಿದ": -2,
  "ಮಂಜೂರು": 1,
  "ಮಂತ್ರಿಸಿದ": 2,
  "ಮಂದ": -2,
  "ಮಂದಗತಿ": -1,
  "ಮಂದಗತಿಯ": -2,
  "ಮಂದಗತಿಯಲ್ಲಿ ಚಲಿಸುತ್ತಿದೆ": -2,
  "ಮ್ಯಾಟರ್": 1,
  "ಮ್ಯಾನಿಪುಲೇಟ್": -1,
  "ಮಗ ಯಾ ಒಂದು ಬೈಗುಳ": -5,
  "ಮಗ್ಗ": -1,
  "ಮಣ್ಣಿನ": -2,
  "ಮತಾಂಧರನ್ನು": -2,
  "ಮದರ್": -5,
  "ಮನಬಂದಂತೆ": 2,
  "ಮನಮಿಡಿಯುವಂತಿದ್ದರೂ": -2,
  "ಮನಮೋಹಕ": 3,
  "ಮನರಂಜನಾ": 3,
  "ಮನರಂಜನೆ": 2,
  "ಮನವರಿಕೆ": 1,
  "ಮನವಿ": 2,
  "ಮನೆಗೀಳಿನ": -2,
  "ಮನೋಭಾವದ": 2,
  "ಮರ್ಕಿ": -2,
  "ಮರುಜೀವ": 2,
  "ಮರುಳು": -2,
  "ಮರೆತು": -1,
  "ಮರೆತುಹೋಗುವ": -2,
  "ಮರೆಮಾಡಲು": -1,
  "ಮರೆಯಬಹುದಾದ": -1,
  "ಮರೆಯಬೇಡಿ": -1,
  "ಮರೆಯಾಗಿರಿಸಿತು": -1,
  "ಮರೆವಿನ": -2,
  "ಮಲ": -3,
  "ಮಲಬದ್ಧತೆ": -2,
  "ಮಲಿನಗೊಂಡಿರುವ": -2,
  "ಮಹತ್ವ": 1,
  "ಮಹತ್ವಾಕಾಂಕ್ಷೆಯ": 2,
  "ಮಹಾನ್": 3,
  "ಮಹೋನ್ನತ": 5,
  "ಮಳೆಯ": -1,
  "ಮಾಡಲೇಬೇಕಾದ": 2,
  "ಮಾಡಿದ ಅಪ್": -1,
  "ಮಾಡುತ್ತಿದ್ದರು": -2,
  "ಮಾದಕ": 3,
  "ಮಾನವೀಯ": 2,
  "ಮಾನವೀಯತೆ ಕಳೆ": -2,
  "ಮಾನಸಿಕ": -2,
  "ಮಾನಹಾನಿಕರ": -2,
  "ಮಾರ್ಪಡಿಸಲಾಗದಂತೆ": -1,
  "ಮಾರಕ": -3,
  "ಮಾರಕವಾಗಿ": -2,
  "ಮಾರಾಟವಾಗದ": -1,
  "ಮಾರು": -2,
  "ಮಾರುವೇಷ": -1,
  "ಮಾಲಿನ್ಯ": -2,
  "ಮಾಲಿನ್ಯಕಾರಕ": -2,
  "ಮಾಲಿನ್ಯಕಾರಕಗಳನ್ನು": -2,
  "ಮಾಲಿನ್ಯಕಾರರು": -2,
  "ಮಾಲಿನ್ಯಗಳನ್ನು": -2,
  "ಮಾಸದ": 2,
  "ಮಿತ್ರ": 2,
  "ಮಿತಿಗಳನ್ನು": -1,
  "ಮಿತಿಮೀರಿ ಓಡಿ": -2,
  "ಮಿತಿಮೀರಿದ": -1,
  "ಮಿತಿಯ": -1,
  "ಮೀರಲು": -2,
  "ಮೀರಿಸಿದ್ದರು": -2,
  "ಮಿಸ್": -2,
  "ಮಿಸ್ರಿಪೋರ್ಟಿಂಗ್": -2,
  "ಮೀಸಲಾದ": 2,
  "ಮುಂಚೂಣಿ": 2,
  "ಮುಂಚೂಣಿಯಲ್ಲಿ": 1,
  "ಮುಂದುವರಿದ": 1,
  "ಮುಂದೂಡಬಹುದಾಗಿದೆ": -1,
  "ಮುಂದೂಡಲಾಗಿದೆ": -1,
  "ಮುಂದೂಡಿಕೆ": -1,
  "ಮುಂದೂಡುವಂತೆ": -1,
  "ಮುಕ್ತಗೊಳಿಸಲಾಯಿತು": 2,
  "ಮುಖಭಂಗ": -2,
  "ಮುಖಭಂಗವಾಯಿತು": -2,
  "ಮುಗ್ಧ": -2,
  "ಮುಗುಳ್ನಕ್ಕು": 2,
  "ಮುಚ್ಚಿಹಾಕಲು": -3,
  "ಮುಚ್ಚುವವರೆಗೂ": -1,
  "ಮುಜುಗರ": -2,
  "ಮುಜುಗರದ": -2,
  "ಮುಟ್ಟಿ": 1,
  "ಮುದ್ದಾದ": 2,
  "ಮುನಿದ": -2,
  "ಮುರಿದ": -1,
  "ಮುರಿಯಿತು": -1,
  "ಮುಷ್ಕರ": -1,
  "ಮುಷ್ಟಿಮೈಥುನ ಮಾಡಿಕೊಳ್ಳುವವನು": -3,
  "ಮುಸುರಿರು": -2,
  "ಮುಳ್ಳಿನ": -2,
  "ಮುಳುಗಿಹೋಗಿರುತ್ತದೆ": 1,
  "ಮುಳುಗಿಹೋದ": -2,
  "ಮೂಕ": -3,
  "ಮೂಡಿ": -1,
  "ಮೂತ್ರ ವಿಸರ್ಜಿಸು": -4,
  "ಮೂತ್ರ ವಿಸರ್ಜಿಸುವುದು": -3,
  "ಮೂರ್ಖ": -2,
  "ಮೂರ್ಖತನದ": -3,
  "ಮೂರ್ಖರು": -2,
  "ಮೂಲೆಗೆ": -2,
  "ಮೃದುತ್ವ": 2,
  "ಮೆಚ್ಚಿನ": 2,
  "ಮೆಚ್ಚಿನವುಗಳು": 2,
  "ಮೆಚ್ಚುಗೆ": 2,
  "ಮೆಚ್ಚುತ್ತಾನೆ": 3,
  "ಮೆನೇಸಸ್": -2,
  "ಮೆಮೋರಿಯಂ": -2,
  "ಮೆರ್ರಿ": 3,
  "ಮೆರಗು": 2,
  "ಮೇರುಕೃತಿ": 4,
  "ಮೇರುಕೃತಿಗಳು": 4,
  "ಮೇಲ್ವಿಚಾರಣೆ": -1,
  "ಮೊಂಡ": -2,
  "ಮೊಂಡು": -2,
  "ಮೋಕ್ಷ": 2,
  "ಮೊಕದ್ದಮೆ": -2,
  "ಮೊಕದ್ದಮೆಗಳನ್ನು": -2,
  "ಮೋಜಿನ": 4,
  "ಮೋಡಿ": 3,
  "ಮೋರೆಯ": -3,
  "ಮೋಸ": -3,
  "ಮೋಸಗಾರರಾಗಿದ್ದಾರೆ": -3,
  "ಮೋಸಗೊಳಿಸಲು": -3,
  "ಮೋಸಗೊಳಿಸಿದ": -2,
  "ಮೋಸಗೊಳಿಸುವ": -3,
  "ಮೋಸದ": -4,
  "ಮೋಸಮಾಡು": -2,
  "ಮೋಹಕ": 4,
  "ಮೋಹಕ್ಕೆ": -1,
  "ಮೌರ್ನ್": -2,
  "ಮೌರ್ನ್ ಫುಲ್": -2,
  "ಮೌಲ್ಯದ": 2,
  "ಮೌಲ್ಯಾಂಕನ": 1,
  "ಮೌಲ್ಯೀಕರಿಸಲು": 1,
  "ಯನ್ನು": -2,
  "ಯಶಸ್ವಿ": 3,
  "ಯಶಸ್ವಿಯಾಗಲಿಲ್ಲ": -2,
  "ಯಶಸ್ವಿಯಾಗಿ": 3,
  "ಯಶಸ್ವಿಯಾದ": 3,
  "ಯಶಸ್ವಿಯಾದರು": 3,
  "ಯಶಸ್ವಿಯಾದರೆ": 3,
  "ಯಶಸ್ಸು": 2,
  "ಯಶಸ್ಸು ಕಾಣಲಿಲ್ಲ": 3,
  "ಯಾತನಾಮಯ": -2,
  "ಯಾತನೆ": -2,
  "ಯಾವುದೇ": -1,
  "ಯಾವುದೇ ಮೋಜಿನ": -3,
  "ಯುಕ್ತವಾದ": 2,
  "ಯುದ್ಧ": -1,
  "ಯುದ್ಧದಲ್ಲಿ": -1,
  "ಯುನೈಟೆಡ್": 1,
  "ಯೂಫೋರಿಯಾ": 3,
  "ಯೋಗ್ಯ": 2,
  "ಯೋಗಕ್ಷೇಮ": 2,
  "ಯೋಚಿಸುವುದಿಲ್ಲ": -2,
  "ಯೋನಿ": -5,
  "ರಂಜಿಸು": 3,
  "ರಂಧ್ರ": -2,
  "ರ್ಯಾಪ್ಚರ್": 2,
  "ರಕ್ತಸಿಕ್ತ": -3,
  "ರಕ್ಷಕ": 2,
  "ರಕ್ಷಕರು": 2,
  "ರಕ್ಷಣಾರಹಿತರನ್ನು": -2,
  "ರಕ್ಷಣೆ": 1,
  "ರಕ್ಷಿಸಲು": 1,
  "ರಕ್ಷಿಸಿದ": 2,
  "ರಕ್ಷಿಸುತ್ತದೆ": 1,
  "ರಕ್ಷಿಸುವ": -2,
  "ರತ್ನ": 1,
  "ರದ್ದು": -1,
  "ರದ್ದುಗೊಳಿಸಲಾಗಿದೆ": -1,
  "ರಾಂಟ್": -3,
  "ರಾಜದ್ರೋಹ": -2,
  "ರಾಜೀನಾಮೆ": -1,
  "ರಾಶ್": -2,
  "ರಾಶಿ": -1,
  "ರಿಗ್": -1,
  "ರೀತಿಯ": 0,
  "ರಿಯಾಯಿತಿ": -1,
  "ರಿವರ್ಟಿಂಗ್ನಿಂದ": 3,
  "ರುಚಿಕರವಾದ": 3,
  "ರುಚಿಯಿಲ್ಲದ": -2,
  "ರೂಢಮಾದರಿಯ": -2,
  "ರೂಪವನ್ನು": -2,
  "ರೇಗಿಸುವುದು": -2,
  "ರೆಸಲ್ಯೂಶನ್": 2,
  "ರೋಗ": -1,
  "ರೋಗಗಳ": -2,
  "ರೋಗಗಳು": -1,
  "ರೋಗಿಯ": -2,
  "ರೊಮ್ಯಾಂಟಿಕ್": 2,
  "ರೋಮಾಂಚಕ": 3,
  "ರೋಷ": -2,
  "ಲಂಚ": -3,
  "ಲಘು": 1,
  "ಲಘುವಾಗಿಸಿ": -2,
  "ಲಭ್ಯವಿಲ್ಲ": -1,
  "ಲವಲವಿಕೆ": 3,
  "ಲಾಬಿ": -2,
  "ಲಾಬಿಗಾರ್ತಿ": -2,
  "ಲಾಭ": 2,
  "ಲಾಭಕೋರ": -2,
  "ಲಾಭದ": 2,
  "ಲಾಭದಾಯಕ": 3,
  "ಲಾಭಪಡೆದ": 2,
  "ಲೂಮ್ಸ್ ಆಸ್": -1,
  "ಲೋಕೋಪಕಾರದ": 2,
  "ಲೋನ್ಲಿ": -2,
  "ಲೋನ್ಸಮ್": -2,
  "ವಂಚಕ": -3,
  "ವಂಚನೆ": -3,
  "ವಂಚನೆಗಳ": -2,
  "ವಂಚನೆಗಳು": -4,
  "ವಂಚನೆಗಾರನನ್ನು": -4,
  "ವಂಚನೆಗೆ": -4,
  "ವಂಚಿತರ": -3,
  "ವಂಚಿಸಿ": -3,
  "ವಂಚಿಸಿದ": -3,
  "ವಂಚಿಸಿದ್ದಾರೆ": -2,
  "ವಂಚಿಸು": -3,
  "ವಂಚಿಸುವ": -3,
  "ವಂಚಿಸುವಂತೆ": -3,
  "ವಂಚಿಸುವುದೂ": -2,
  "ವಂದನೆ": 2,
  "ವ್ಯಂಗ್ಯ": -1,
  "ವ್ಯಂಗ್ಯಾತ್ಮಕ": -1,
  "ವ್ಯಥೆಗೊಳಿಸುವ": -2,
  "ವ್ಯರ್ಥ": -2,
  "ವ್ಯಾಕುಲ": -2,
  "ವ್ಯಾಕುಲತೆ": -2,
  "ವ್ಯಾಜ್ಯಾಸಕ್ತ": -2,
  "ವ್ಯಾಮೋಹವನ್ನು": 2,
  "ವಜ್ರ": 1,
  "ವಜಾ": -2,
  "ವರ್ಣಭೇದ": -3,
  "ವರ್ತಿಸುತ್ತಿರುವ": -2,
  "ವರ್ಧಕ": 1,
  "ವರ್ಧಕಗಳು": 1,
  "ವಶಕ್ಕೆ": -2,
  "ವಶೀಕರಣ": 3,
  "ವಸ್ತ್ರಾಲಂಕಾರ": -2,
  "ವಸಾಹತು": 1,
  "ವಸಾಹತುಗಳು": 1,
  "ವಹಿಸುವ": 2,
  "ವಾಂತಿ": -3,
  "ವಾಕ್ಯ": -2,
  "ವಾಕ್ಯಗಳನ್ನು": -2,
  "ವಾಗ್ದಂಡನೆ": -2,
  "ವಾಗ್ದಂಡನೆಮಾಡಿದ": -2,
  "ವಾದಿಸಿದರು": -1,
  "ವಾಪಸಾತಿ": -3,
  "ವಿಕ್ಟರ್": 3,
  "ವಿಕರ್ಷಣ": -2,
  "ವಿಕಲಾಂಗ": -2,
  "ವಿಕಾರಗಳನ್ನು": -2,
  "ವಿಕಾರತೆ": -3,
  "ವಿಕೃತ": -2,
  "ವಿಚಾರಣೆಗೆ": -2,
  "ವಿಚಾರವಾಯಿತು": -2,
  "ವಿಚಾರಿಸುವ": -2,
  "ವಿಚಿತ್ರ": 1,
  "ವಿಜಯ": 3,
  "ವಿಜಯೋತ್ಸಾಹದ": 4,
  "ವಿಜೇತ": 4,
  "ವಿಟಮಿನ್": 1,
  "ವಿಧ್ವಂಸಕ": -2,
  "ವಿಧ್ವಂಸಕ ಕೃತ್ಯ": -2,
  "ವಿಧಿವತ್ತಾಗಿ": 2,
  "ವಿಧಿಸಲು": -1,
  "ವಿನಮ್ರ": 2,
  "ವಿನಯಶೀಲ": 2,
  "ವಿನಾಯಿತಿ": -1,
  "ವಿನಾಶಕಾರಿ": -3,
  "ವಿನೋದಕರವಾಗದ": -2,
  "ವಿನೋದಮಗ್ನ": 3,
  "ವಿಪತ್ತುಗಳು": -2,
  "ವಿಫಲ": -2,
  "ವಿಫಲತೆಗಳು": -2,
  "ವಿಫಲವಾಗಿದೆ": -2,
  "ವಿಫಲವಾಗು": -2,
  "ವಿಫಲವಾದ": -2,
  "ವಿಫಲವಾದರೆ": -2,
  "ವಿಫಲವಾಯಿತು": -2,
  "ವಿಫುಲವಾದ": 4,
  "ವಿಭಾಗಗಳು": 1,
  "ವಿಮರ್ಶಕ": -2,
  "ವಿಮರ್ಶಕರು": -2,
  "ವಿಮರ್ಶೆ": -2,
  "ವಿಮರ್ಶೆಯನ್ನು": -2,
  "ವಿಮಾನದಲ್ಲಿ": 1,
  "ವಿಮೋಚನೆಗೊಳ್ಳುತ್ತಾನೆ": 2,
  "ವಿರುದ್ಧ ಮೊಕದ್ದಮೆ ಹೂಡಿರುವ": -2,
  "ವಿರುದ್ಧವಾದ": -2,
  "ವಿರೂಪಗೊಂಡ": -2,
  "ವಿರೂಪಗೊಳಿಸು": -3,
  "ವಿರೂಪಗೊಳಿಸುತ್ತವೆ": -2,
  "ವಿರೂಪತೆಯ": -2,
  "ವೀರೋಚಿತ": 3,
  "ವಿರೋಧದ": -2,
  "ವಿರೋಧಾಭಾಸ": -1,
  "ವಿರೋಧಿ": -1,
  "ವಿರೋಧಿಸುತ್ತೇವೆ": -2,
  "ವಿಲಕ್ಷಣ": -2,
  "ವಿವಾದ": -2,
  "ವಿವಾದಗಳು": -2,
  "ವಿವಾದಾತ್ಮಕ": -2,
  "ವಿವಾದಾತ್ಮಕವಾಗಿ": -2,
  "ವಿವಾದಾಸ್ಪದ": -2,
  "ವಿವಾದಿತ": -2,
  "ವಿವೇಕ": 2,
  "ವಿಶ್ವಾಸ": 2,
  "ವಿಶ್ವಾಸಘಾತ": -3,
  "ವಿಶ್ವಾಸದಿಂದ": 2,
  "ವಿಶ್ವಾಸಾರ್ಹ": 2,
  "ವಿಶ್ವಾಸಾರ್ಹತೆ": 2,
  "ವಿಶ್ವಾಸಾರ್ಹವಾಗಿ": 2,
  "ವಿಶಾಲವಾದ": 1,
  "ವಿಶೇಷ": 2,
  "ವಿಷ": -2,
  "ವಿಷಕಾರಿ": -3,
  "ವಿಷನಿಂಗ್": 1,
  "ವಿಷಪೂರಿತ": -2,
  "ವಿಷಮ": -2,
  "ವಿಷಯಗಳ": 1,
  "ವಿಷಯಗಳಲ್ಲಿ": 2,
  "ವಿಷಾದ": -2,
  "ವಿಷಾದಿಸಿದೆ": -3,
  "ವಿಷಾದಿಸುತ್ತಾರೆ": -2,
  "ವಿಷಾದಿಸುತ್ತೇನೆ": -2,
  "ವಿಸ್ತರಿಸಲು": 1,
  "ವಿಸ್ತರಿಸಿದ": 1,
  "ವಿಸ್ತರಿಸುತ್ತದೆ": 1,
  "ವಿಸ್ಮಯ": 3,
  "ವಿಸ್ಮಯಗೊಳಿಸು": 2,
  "ವಿಳಂಬ": -1,
  "ವೂ": 3,
  "ವೂಹೂ": 3,
  "ವೃಥಾ": -3,
  "ವೃದ್ಧಿಗೊಂಡ": -2,
  "ವೇದನೆಯಿಂದ": -1,
  "ವೈಫಲ್ಯ": -2,
  "ವೈಫಲ್ಯತೆಯನ್ನು": -2,
  "ವೈಭವ": 2,
  "ವೈಭವದಿಂದ": 3,
  "ವೇಶ್ಯೆಯರು": -5,
  "ವೇಷ": -1,
  "ವೇಷ ಧರಿಸಿ": -1,
  "ವೊವೊವ್": 4,
  "ಶಂಕಿತ": -1,
  "ಶಂಕಿತರ": -1,
  "ಶ್ರದ್ಧೆಯಿಂದ": 2,
  "ಶ್ರೀಮಂತ": 2,
  "ಶ್ರೇಷ್ಠ": 2,
  "ಶ್ರೇಷ್ಠತೆ": 3,
  "ಶ್ಲಾಘನೆ": 2,
  "ಶ್ಲಾಘನೆಗೆ": 2,
  "ಶ್ಲಾಘಿಸಿದರು": 2,
  "ಶ್ಲಾಘಿಸುತ್ತಿದ್ದ": 2,
  "ಶಕ್ತಿ": 2,
  "ಶಕ್ತಿಯುತ": 2,
  "ಶಕ್ತಿಶಾಲಿಯಾದ": 2,
  "ಶಕ್ತಿಹೀನ": -2,
  "ಶತ್ರು": -2,
  "ಶತ್ರುಗಳು": -2,
  "ಶತ್ರುತ್ವ": -2,
  "ಶಪಥ": -2,
  "ಶಮನ": 1,
  "ಶಮನಗೊಳಿಸಲು": 3,
  "ಶರಣಾಗುತ್ತಾನೆ": 1,
  "ಶವವನ್ನು": -1,
  "ಶಾಂತ": 2,
  "ಶಾಂತಗೊಳಿಸುವ": 2,
  "ಶಾಂತಿ": 2,
  "ಶಾಂತಿಯುತ": 2,
  "ಶಾಂತಿಯುತವಾಗಿ": 2,
  "ಶಾಪ": -1,
  "ಶಾಮಕ": -2,
  "ಶಿಕ್ಷಿಸಲಾಗುವುದರ": -3,
  "ಶಿಕ್ಷಿಸುತ್ತಾನೆ": -2,
  "ಶಿಕ್ಷಿಸುವ": -2,
  "ಶಿಕ್ಷಿಸುವೆನು": -3,
  "ಶಿಕ್ಷೆ": -2,
  "ಶಿಟ್": -4,
  "ಶಿಫಾರಸು": 2,
  "ಶಿಲಾರೂಪದ": -2,
  "ಶಿಶ್ನ ಚೀಪುವವನು": -5,
  "ಶಿಷ್ಟ": 2,
  "ಶಿಷ್ಟಾಚಾರಕ್ಕೆ": 2,
  "ಶುದ್ಧ": 1,
  "ಶುದ್ಧೀಕರಿಸುತ್ತದೆ": 1,
  "ಶುಭಾಶಯ": 1,
  "ಶುಭಾಶಯಗಳನ್ನು": 2,
  "ಶುಭೋದಯ": 1,
  "ಶೂಟ್": -1,
  "ಶೂನ್ಯತೆಯ": -1,
  "ಶೈಲಿಗಿಂತ ಕಟುವಾಗಿತ್ತು": -2,
  "ಶೈಶವ": -2,
  "ಶೋಕಾಚರಣೆಯ": -2,
  "ಶೋಚನೀಯ": -3,
  "ಶೋಚನೀಯವಾಗಿ": -3,
  "ಶೋಧನೆಯ": -2,
  "ಶೋಷಣೆಗಳನ್ನು": -2,
  "ಶೋಷಿತರ ನರಳುವ ಧ್ವನಿ ಕೇಳುತ್ತದೆ": -2,
  "ಶೌರ್ಯ": 2,
  "ಷೇರುಗಳನ್ನು": 1,
  "ಸಂಕಷ್ಟದ": -2,
  "ಸಂಕೀರ್ಣವಲ್ಲದ": -2,
  "ಸಂಕೀರ್ಣವಾದ": 2,
  "ಸಂಘರ್ಷ": -2,
  "ಸಂಚಿನ": -3,
  "ಸಂಚು": -3,
  "ಸಂತ್ರಸ್ತರಿಗೆ": -3,
  "ಸಂತುಷ್ಟಗೊಂಡ": 2,
  "ಸಂತೃಪ್ತ": -2,
  "ಸಂತೈಸಿದನು": 3,
  "ಸಂತೈಸುವ": 2,
  "ಸಂತೋಷ": 3,
  "ಸಂತೋಷ ಪ್ರದರ್ಶಕ": 3,
  "ಸಂತೋಷಕರ": 3,
  "ಸಂತೋಷದ": 3,
  "ಸಂತೋಷದಾಯಕ": 3,
  "ಸಂತೋಷದಿಂದ": 2,
  "ಸಂತೋಷಪಟ್ಟರು": 4,
  "ಸಂತೋಷಪಡಿಸುತ್ತ": 3,
  "ಸಂತೋಷಭರಿತರಾದರು": 3,
  "ಸಂತೋಷವನ್ನು": 3,
  "ಸಂದೇಹದಿಂದ": -1,
  "ಸಂದೇಹವಾದ": -2,
  "ಸಂದೇಹವಾದಿಗಳು": -2,
  "ಸಂದೇಹವೂ": -1,
  "ಸಂಧಾನ": 2,
  "ಸಂಧಾನ ಮಾತುಕತೆ": -1,
  "ಸಂಪತ್ತು": 2,
  "ಸಂಪೂರ್ಣವಾಗಿ": 3,
  "ಸಂಬಂಧಪಟ್ಟ": -2,
  "ಸಂಭೋಗಿಸುವವ": -4,
  "ಸಂರಕ್ಷಣೆ": 1,
  "ಸಂಶಯ": -2,
  "ಸಂಶಯಾಸ್ಪದ": -2,
  "ಸಂಶೋಧನೆಗಳಿಂದ": 1,
  "ಸಂಸ್ಕರಿಸಲು": 1,
  "ಸಂಸ್ಕರಿಸಿದ": 1,
  "ಸ್ಕೂಪ್": 3,
  "ಸ್ಕೆಪ್ಟಿಕ್": -2,
  "ಸ್ಟ್ಯಾಬ್ ಗಳನ್ನು": -2,
  "ಸ್ಟ್ರೈಕ್": -1,
  "ಸ್ಟ್ರೈಕರ್": -2,
  "ಸ್ಟಾರ್ವ್ಡ್": -2,
  "ಸ್ಟಾಲಿಂಗ್": -2,
  "ಸ್ಟಿಂಕಿ": -2,
  "ಸ್ಟೀಲ್ಸ್": -2,
  "ಸ್ಟುಪಿಡ್": -2,
  "ಸ್ಥಗಿತಗೊಂಡಿತು": -2,
  "ಸ್ಥಗಿತಗೊಳಿಸಲಾಗಿದೆ": -1,
  "ಸ್ಥಗಿತಗೊಳಿಸುತ್ತದೆ": -1,
  "ಸ್ಥಳಾಂತರಿಸಲಾಯಿತು": -1,
  "ಸ್ಥಳಾಂತರಿಸುವ": -1,
  "ಸ್ಥಾಪಿಸುತ್ತದೆ": 1,
  "ಸ್ಥಿರವಾಗಿರದ": -1,
  "ಸ್ಥೈರ್ಯಗೆಡಿಸು": -2,
  "ಸ್ನಬ್": -2,
  "ಸ್ನೇಹಕ್ಕಾಗಿ": 2,
  "ಸ್ನೇಹಪರತೆ": 2,
  "ಸ್ನೇಹಿ": 2,
  "ಸ್ಪ್ಯಾಮ್": -2,
  "ಸ್ಪ್ಯಾಮರ್": -3,
  "ಸ್ಪರ್ಧಾತ್ಮಕ": 2,
  "ಸ್ಪರ್ಧಿಯಾಗಿ": -1,
  "ಸ್ಪರ್ಧಿಸಿರುವ": -1,
  "ಸ್ಪಷ್ಟ": 1,
  "ಸ್ಪಷ್ಟತೆ": 2,
  "ಸ್ಪಷ್ಟವಾಗಿ": 1,
  "ಸ್ಪಾಮಿಂಗ್": -2,
  "ಸ್ಪಾರ್ಕ್": 1,
  "ಸ್ಪೂರ್ತಿದಾಯಕ": 3,
  "ಸ್ಫುಟವಾಗಿ": 2,
  "ಸ್ಫೂರ್ತಿ": 2,
  "ಸ್ಮರಣೀಯ": 1,
  "ಸ್ಮಾರ್ಟ್": 1,
  "ಸ್ಮಾರ್ಟೆಸ್ಟ್": 2,
  "ಸ್ಮೀಯರ್": -2,
  "ಸ್ಮೈಲ್": 2,
  "ಸ್ಮೈಲ್ಸ್": 2,
  "ಸ್ಯೂ": -2,
  "ಸ್ಯೂಸ್": -2,
  "ಸ್ಲ್ಯಾಮ್": -2,
  "ಸ್ಲಾಶ್ಗಳನ್ನು": -2,
  "ಸ್ಲಿಪ್": -1,
  "ಸ್ವಂತಿಕೆಯಿಲ್ಲದ": -2,
  "ಸ್ವಜನ": -3,
  "ಸ್ವತ್ತುಗಳನ್ನು": 2,
  "ಸ್ವತ್ತುಮರುಸ್ವಾಧೀನ": -2,
  "ಸ್ವತ್ತುಸ್ವಾಧೀನ": -2,
  "ಸ್ವಯಂ deluded": -2,
  "ಸ್ವರ್ಗ": 2,
  "ಸ್ವವಿರುದ್ಧವಾದ": -2,
  "ಸ್ವಾಗತ": 2,
  "ಸ್ವಾಗತಿಸಲು": 1,
  "ಸ್ವಾಗತಿಸಿತು": 1,
  "ಸ್ವಾಗತಿಸಿದರು": 2,
  "ಸ್ವಾಗತಿಸುತ್ತದೆ": 2,
  "ಸ್ವಾಗತಿಸುತ್ತಿರುವುದು": 1,
  "ಸ್ವಾತಂತ್ರ್ಯ": 2,
  "ಸ್ವಾತಂತ್ರ್ಯಗಳನ್ನು": 2,
  "ಸ್ವಾಮ್ಯಸೂಚಕ": -2,
  "ಸ್ವಾರ್ಥ": -3,
  "ಸ್ವಾರ್ಥಿ": -3,
  "ಸ್ವೀಕರಿಸಲು": 1,
  "ಸ್ವೀಕರಿಸುತ್ತದೆ": 1,
  "ಸ್ವೀಕರಿಸುವ": 1,
  "ಸ್ವೀಕಾರ": 1,
  "ಸ್ವೀಕಾರಾರ್ಹ": 1,
  "ಸ್ವೀಕಾರಾರ್ಹವಲ್ಲ": -2,
  "ಸ್ವೀಟೆಸ್ಟ್": 3,
  "ಸ್ವಿಫ್ಟ್": 2,
  "ಸಕ್ರಿಯ": 1,
  "ಸಜ್ಜಾದ": -1,
  "ಸಡಿಲ": -3,
  "ಸತ್ತ": -3,
  "ಸತ್ವಶಾಲಿ": -1,
  "ಸದ್ಗುಣಶೀಲ": 2,
  "ಸದ್ಯದಲ್ಲಿ ಅಗ್ರಗಣ್ಯನಾಗಿರುವ": 1,
  "ಸದಾಚಾರ": 2,
  "ಸನ್ಶೈನ್": 2,
  "ಸಫೀನಾ": -2,
  "ಸಬಲೀಕರಣ": 2,
  "ಸಮ್ಮೋಹನಗೊಳಿಸುವ": 3,
  "ಸಮಗ್ರ": 2,
  "ಸಮಗ್ರತೆ": 2,
  "ಸಮತೋಲಿತ": 1,
  "ಸಮರ್ಥ": 2,
  "ಸಮರ್ಥನೀಯ": 2,
  "ಸಮರ್ಥನೀಯವಾಗಿ": 2,
  "ಸಮರ್ಥನೆ": 2,
  "ಸಮರ್ಥಿಸಲು": 2,
  "ಸಮರ್ಪಣೆ": 2,
  "ಸಮಸ್ಯೆ": -2,
  "ಸಮಸ್ಯೆಗಳನ್ನು": -2,
  "ಸಮಾಧಾನ": 2,
  "ಸಮಾಧಾನಗೊಳಿಸುವ": 2,
  "ಸಮಾಧಿ": -2,
  "ಸಮೀಪದೃಷ್ಟಿ": -2,
  "ಸಮೃದ್ಧವಾಗಿ": 2,
  "ಸರ್ವತ್ರ": 2,
  "ಸರ್ವೋಚ್ಚ": 4,
  "ಸರಳತೆ": 1,
  "ಸರಳೀಕರಣ": -2,
  "ಸರಳೀಕೃತ": -2,
  "ಸರಿಪಡಿಸಲಾಗದ": -2,
  "ಸರಿಯಾಗಿ": -2,
  "ಸರಿಯಾದ ದಿಕ್ಕಿನಲ್ಲಿ": 3,
  "ಸಲ್ಲದ": -2,
  "ಸಲಹೆ": 1,
  "ಸಲೀಸಾಗಿ": 2,
  "ಸವಾಲು": -1,
  "ಸಹನಶೀಲ": 1,
  "ಸಹನೆ": 2,
  "ಸಹಾನುಭೂತಿ": 2,
  "ಸಹಾನುಭೂತಿಯ": 2,
  "ಸಹಾಯ": 2,
  "ಸಹಿಷ್ಣು": 2,
  "ಸಾಂಕ್ರಾಮಿಕ": -1,
  "ಸಾಂತ್ವನ": 2,
  "ಸಾಂಬರ್": -2,
  "ಸಾಕಷ್ಟು": 1,
  "ಸಾಟಿಯಿಲ್ಲದ": 1,
  "ಸಾಧ್ಯವಾಗುವುದಿಲ್ಲ": -2,
  "ಸಾಧನೆ": 2,
  "ಸಾಧನೆಗಳು": 2,
  "ಸಾಧಿಸಬಹುದಾದ": 1,
  "ಸಾಧಿಸಲಾಗುತ್ತದೆ": 2,
  "ಸಾಧಿಸಲು": 2,
  "ಸಾಧಿಸಿದೆ": 3,
  "ಸಾಮರ್ಥ್ಯ": 1,
  "ಸಾಮರ್ಥ್ಯಗಳ": 1,
  "ಸಾಮರ್ಥ್ಯಗಳನ್ನು": 2,
  "ಸಾಮರ್ಥ್ಯವನ್ನು": 1,
  "ಸಾಮರಸ್ಯ": 2,
  "ಸಾಮರಸ್ಯದಿಂದ": 2,
  "ಸಾಯುತ್ತಿರುವ": -3,
  "ಸಾಯುವ": -3,
  "ಸಾಲ": -2,
  "ಸಾವಿನ": -2,
  "ಸಾವು": -3,
  "ಸಾವುಗಳು": -2,
  "ಸಾಹಸ": 2,
  "ಸಾಹಸಗಳನ್ನು": 2,
  "ಸಿಕ್ಕಿ ಕೊಂಡಿರುವ": -3,
  "ಸಿಕ್ಕಿಬಿದ್ದ": -2,
  "ಸಿಗರೇಟಿನ": -3,
  "ಸಿಟ್ಟಾಗಿ": -2,
  "ಸಿಟ್ಟಿಗೆದ್ದ": -3,
  "ಸಿಟ್ಟುಬರಿಸು": -2,
  "ಸಿಡುಕು ಮೋರೆಯ": -2,
  "ಸಿದ್ಧಾಂತೀಕರಣವಾಗಿಸಿದ": -2,
  "ಸಿನಿಕ": -2,
  "ಸಿನಿಕತನದ": -2,
  "ಸಿನಿಕತೆ": -2,
  "ಸೀನು": -2,
  "ಸೀನುಗಳನ್ನು": -2,
  "ಸೀನುವಾಗ": -2,
  "ಸೀಮಿತ": -1,
  "ಸಿಲ್ಲಿ": -1,
  "ಸಿಲುಕಿದ್ದ": -2,
  "ಸಿಹಿ": 2,
  "ಸಿಹಿಯಾಗಿದ್ದು": 3,
  "ಸೀಳಿಕೆಗಳುಳ್ಳ": -2,
  "ಸುಂದರ": 3,
  "ಸುಂದರವಲ್ಲದ": -2,
  "ಸುಂದರವಾಗಿ": 3,
  "ಸುಂದರಿಯರ": 3,
  "ಸುಧಾರಣೆ": 2,
  "ಸುಧಾರಿತ": 2,
  "ಸುಧಾರಿಸಲು": 2,
  "ಸುಧಾರಿಸುತ್ತದೆ": 2,
  "ಸುಪ್ತ": -1,
  "ಸುರಕ್ಷತೆ": 1,
  "ಸುರಕ್ಷಿತ": 1,
  "ಸುರಕ್ಷಿತವಾಗಿ": 1,
  "ಸುರಿಸಿದ": -2,
  "ಸುಲಭ": 1,
  "ಸುಲಭವಾಗಿ": 1,
  "ಸುಲಲಿತ": 2,
  "ಸುಲಿಗೆಗೆ": -2,
  "ಸುವ್ಯವಸ್ಥಿತವಾದ": 2,
  "ಸುಸ್ಥಾಪಿತ": 2,
  "ಸುಳ್ಳರು": -3,
  "ಸುಳ್ಳಿನ": -2,
  "ಸುಳ್ಳು": -1,
  "ಸುಳ್ಳು ವರದಿ": -2,
  "ಸುಳ್ಳೆಂದು": -3,
  "ಸೂಕ್ತ": 2,
  "ಸೂಕ್ತವಲ್ಲದ": -2,
  "ಸೂಕ್ತವಾಗಿ": 2,
  "ಸೂಕ್ತವಾಗಿವೆ": 2,
  "ಸೂಚಿಸಿತು": 2,
  "ಸೂಡೋಸೈನ್ಸ್": -3,
  "ಸೂಪರ್": 3,
  "ಸೂಳೆ": -4,
  "ಸೃಜನಶೀಲ": 2,
  "ಸೆಕ್ಯೂರ್ಸ್": 2,
  "ಸೇಡಿನ": -2,
  "ಸೇಡು": -2,
  "ಸೇಡು ತೀರಿಸಿಕೊಳ್ಳುವ": -2,
  "ಸೆಡೆತ": -1,
  "ಸೆನ್ಸಾರ್": -2,
  "ಸೇರಲು": 1,
  "ಸೆಲ್ಯೂಟ್": 2,
  "ಸೆಳವು": 1,
  "ಸೋಂಕಿತ": -2,
  "ಸೋಂಕು": -2,
  "ಸೋಂಕುಗಳು": -2,
  "ಸೊಕ್ಕಿನ": -2,
  "ಸೊಗಸಾದ": 4,
  "ಸೊಗಸು": 2,
  "ಸೋತ": -3,
  "ಸೋತವ": -3,
  "ಸೋರಿಕೆ": -1,
  "ಸೋರಿಕೆಯಾದ": -1,
  "ಸೋಲಿಸಿದರು": -2,
  "ಸೋಲಿಸುವುದನ್ನು": -1,
  "ಸೋಲು": -2,
  "ಸೋಲುವ": -3,
  "ಸೌಂದರ್ಯ": 3,
  "ಸೌಕರ್ಯಗಳ": 2,
  "ಸೌಜನ್ಯ": 2,
  "ಸೌಹಾರ್ದಯುತ": 2,
  "ಹ": 2,
  "ಹಂಚಿಕೆಯ": 1,
  "ಹಂತದಲ್ಲಿದ್ದೇವೆ": -1,
  "ಹಂಬಗ್": -2,
  "ಹಂಬಲ": 1,
  "ಹ್ಯಾಕ್": -1,
  "ಹ್ಯಾರೀಡ್": -2,
  "ಹಗರಣ": -2,
  "ಹಗರಣಗಳು": -3,
  "ಹಗೆತನದ": -2,
  "ಹಚ್ಚುವ": -1,
  "ಹಠದ": -2,
  "ಹಣದ ದುರುಪಯೋಗ": -3,
  "ಹತ್ತಿಕ್ಕಿತು": -1,
  "ಹತ್ಯೆ": -3,
  "ಹತಾಶ": -2,
  "ಹತಾಶೆ": -2,
  "ಹತಾಶೆಗೊಳಿಸದೆಯೇ": -3,
  "ಹತಾಶೆಯಿಂದ": -2,
  "ಹದಗೆಟ್ಟ": -3,
  "ಹದಗೆಟ್ಟಿತು": -2,
  "ಹದಗೆಟ್ಟಿದೆ": -3,
  "ಹದಗೆಡುತ್ತಾ": -2,
  "ಹಬ್ಬದ": 2,
  "ಹರ್ಟ್": -2,
  "ಹರ್ಷ": 3,
  "ಹರ್ಷಚಿತ್ತದಿಂದ": 2,
  "ಹರ್ಷದಾಯಕವಾಗಿ": 2,
  "ಹರ್ಷೋದ್ಗಾರ": 2,
  "ಹರಕು": 2,
  "ಹರಿದ": -2,
  "ಹಲ್ಲಿಲ್ಲದ": -2,
  "ಹಲ್ಲೆಲುಜಾಹ್": 3,
  "ಹಸ್ತಾಂತರ": -2,
  "ಹಸಿರು ತೊಳೆಯುವಿಕೆ": -3,
  "ಹಸಿರು ತೊಳೆಯುವುದು": -3,
  "ಹಸಿರು ಮುಖ": -3,
  "ಹಸಿವಿನಿಂದ": -2,
  "ಹಸಿವು": -2,
  "ಹಳಿತಪ್ಪಿತು": -2,
  "ಹಳಿತಪ್ಪು": -2,
  "ಹಾಂಟ್ಸ್": -1,
  "ಹಾಕುತ್ತದೆ": -2,
  "ಹಾಗೆ": 2,
  "ಹಾಗೇ": 2,
  "ಹಾಡಿನಲ್ಲಿ": -2,
  "ಹಾತೊರೆಯುವ": -1,
  "ಹಾನಿ": -3,
  "ಹಾನಿಕಾರಕ": -3,
  "ಹಾನಿಯುಂಟುಮಾಡಿದೆ": -2,
  "ಹಾರ್ಡಿ": 2,
  "ಹಾರಾಟದ ಮಾರ್ಗ ತಪ್ಪಿಸುತ್ತಿತ್ತು": -2,
  "ಹಾವಳಿ": -3,
  "ಹಾಸ್ಯ": 2,
  "ಹಾಸ್ಯಮಯ": 2,
  "ಹಾಸ್ಯಾಸ್ಪದ": -3,
  "ಹಾಸ್ಯಾಸ್ಪದವಾದ": -3,
  "ಹಾಳಾಗುತ್ತದೆ": -3,
  "ಹಾಳಾದ": -2,
  "ಹಾಳು": -2,
  "ಹಾಳುಮಾಡಲು": -2,
  "ಹಿಂಜರಿಯಬೇಡಿ": -2,
  "ಹಿಂದಕ್ಕೆ ಹಾಕುತ್ತದೆ": -1,
  "ಹಿಂದುಮುಂದು": -2,
  "ಹಿಂಸಾತ್ಮಕ": -3,
  "ಹಿಂಸಾತ್ಮಕವಾಗಿ": -3,
  "ಹಿಂಸೆ": -3,
  "ಹಿಂಸೆ ಸಂಬಂಧಿತ": -3,
  "ಹಿಂಸೆಗೆ": -2,
  "ಹಿಂಸೆಯನ್ನು": -3,
  "ಹಿಗ್ಗು": 4,
  "ಹೀಗಳೆಯಲು": -2,
  "ಹಿಡಿತ": 2,
  "ಹಿತವಾದ": 3,
  "ಹಿಮ್ಮೆಟ್ಟಿಸಲಾಯಿತು": -2,
  "ಹಿಮ್ಮೆಟ್ಟಿಸಿದ": -1,
  "ಹೀರಲ್ಪಡುತ್ತದೆ": 1,
  "ಹಿರಿಹಿಗ್ಗುವ": 3,
  "ಹೀರುವಂತೆ": -3,
  "ಹೀರುವಾಗ": -3,
  "ಹುಚ್ಚಿನ": -2,
  "ಹುಚ್ಚು": -3,
  "ಹುಚ್ಚುತನದ": -2,
  "ಹುಚ್ಚುಹಿಡಿಸುವ": -3,
  "ಹುಟ್ಟಿಸಿದ": -2,
  "ಹುರುಪು": 3,
  "ಹೂಲಿಗನ್ಸ್": -2,
  "ಹೃದಯ ಕಂಪಿಸುವ": -1,
  "ಹೆಗ್ಗಳಿಕೆಗೆ": 2,
  "ಹೆಗ್ಗುರುತು": 2,
  "ಹೇಗೆಂದರೆ": 1,
  "ಹೆಚ್ಚಿದ": 1,
  "ಹೆಚ್ಚಿನ": 3,
  "ಹೆಚ್ಚಿಸಲು": 1,
  "ಹೆಡ್ಡತನದ ಪರಿಭಾಷೆಯೂ": -3,
  "ಹೇಡಿತನ": -2,
  "ಹೇಡಿತನದ": -2,
  "ಹೆಣ್ಣುನಾಯಿ": -5,
  "ಹೆಣಗಾಡುತ್ತಿರುವ": -2,
  "ಹೆದರಿ": -2,
  "ಹೆದರಿಕೆ": -2,
  "ಹೆದರಿಕೆಯೆ": -2,
  "ಹೆದರಿಸಲು": -2,
  "ಹೆದರುತ್ತಾರೆ": -2,
  "ಹೆದರುತ್ತಿದ್ದರು": -2,
  "ಹೆಮ್ಮೆ": 2,
  "ಹೆಮ್ಮೆಯಿಂದ": 2,
  "ಹೇಯ": -2,
  "ಹೇಯವಾದ": -3,
  "ಹೇರಲು": -2,
  "ಹೇರಿದ": -1,
  "ಹೇರುವ": -1,
  "ಹೆಸರಾಂತ": 3,
  "ಹೆಸರಾಗಿದೆ": -2,
  "ಹೇಸು": -3,
  "ಹೊಂದದ": -2,
  "ಹೊಂದಿಕೊಳ್ಳಲು": 1,
  "ಹೊಂದಿದೆ": 2,
  "ಹೊಗಳಿದ್ದಾರೆ": 3,
  "ಹೊಗಳಿದರು": 3,
  "ಹೊಗೆ": -2,
  "ಹೊಡೆತ": -2,
  "ಹೊಡೆದು": -1,
  "ಹೊಣೆಯನ್ನು": -2,
  "ಹೊರಗಿಟ್ಟು": -1,
  "ಹೊರತುಪಡಿಸಿದ": -2,
  "ಹೊರದೂಡಿ": -2,
  "ಹೊರನಡೆ": -2,
  "ಹೊರಹಾಕಲಾಯಿತು": -2,
  "ಹೋರಾಟ": -2,
  "ಹೋರಾಟಗಳು": -2,
  "ಹೋರಾಟದ": -2,
  "ಹೋರಾಡಬೇಕಾಯಿತು": -2,
  "ಹೋರಾಡಿ": -1,
  "ಹೊರೆ": -2,
  "ಹೊರೆಗಳನ್ನು": -2,
  "ಹೊರೆಯಿಂದ": -2,
  "ಹೊಲಸು": -2,
  "ಹೊಳಪು": 2,
  "ಹೊಳೆಯುವ": 3,
  "ಹೌದು": 1
}