{
  "ටී ස්ථාවරය හැකි": -3,
  "අනුමැතිය": 2,
  "අප විසින් වරදවා වටහාගනු": -2,
  "ගුරුවරු": -2,
  "ප්රසන්න": 3,
  "පුම්බා": -1,
  "බලාපොරොත්තු": 2,
  "බැන්ජෝ": 2,
  "මියගිය": -2,
  "හෙළා": -2,
  "acquits": 2,
  "adores": 3,
  "adoringly": 3,
  "advantageously": 2,
  "affectionateness": 3,
  "aficionados": 2,
  "agog": 2,
  "agonises": -3,
  "agonizes": -3,
  "alarmists": -2,
  "amusements": 3,
  "angers": -3,
  "apeshit": -3,
  "appeases": 2,
  "applauds": 2,
  "arsehole": -4,
  "assfucking": -4,
  "astound": 3,
  "avenges": -2,
  "averts": -1,
  "badass": -3,
  "bamboozle": -2,
  "bamboozled": -2,
  "bamboozles": -2,
  "bankster": -3,
  "barbarian": -2,
  "beatific": 3,
  "bereave": -2,
  "bereaves": -2,
  "bitterest": -2,
  "blackmails": -3,
  "blah": -2,
  "blithe": 2,
  "brainwashing": -3,
  "braveness": 2,
  "bravura": 3,
  "brilliances": 3,
  "brooding": -2,
  "bummer": -2,
  "censors": -2,
  "chagrined": -2,
  "charmless": -3,
  "chastises": -3,
  "cheerless": -2,
  "chided": -3,
  "chides": -3,
  "chiding": -3,
  "cocksucker": -5,
  "cocksuckers": -5,
  "conciliated": 2,
  "conciliates": 2,
  "conciliating": 2,
  "consolable": 2,
  "contagions": -2,
  "contestable": -2,
  "courageousness": 2,
  "coziness": 2,
  "craziest": -2,
  "crestfallen": -2,
  "criminate": -3,
  "criminated": -3,
  "criminates": -3,
  "daredevil": 2,
  "deadening": -2,
  "debonair": 2,
  "degrades": -2,
  "dehumanize": -2,
  "dehumanized": -2,
  "dehumanizes": -2,
  "deject": -2,
  "dejecting": -2,
  "dejects": -2,
  "delightfully": 3,
  "deniers": -2,
  "derides": -2,
  "deriding": -2,
  "derision": -2,
  "despairing": -3,
  "despairs": -3,
  "detracted": -1,
  "devastations": -2,
  "dickhead": -4,
  "diffident": -2,
  "dilligence": 2,
  "dipshit": -3,
  "direful": -3,
  "disapprovals": -2,
  "disapproving": -2,
  "disconsolate": -2,
  "disconsolation": -2,
  "discriminates": -2,
  "disparaged": -2,
  "disparages": -2,
  "dizzy": -1,
  "dolorous": -2,
  "dour": -2,
  "dreading": -2,
  "dreary": -2,
  "drudgery": -2,
  "dump කිරීමක්": -1,
  "dupery": -2,
  "eerie": -2,
  "eery": -2,
  "elation": 3,
  "embarrasses": -2,
  "ennui": -2,
  "enrage": -2,
  "enrages": -2,
  "enraging": -2,
  "enrapture": 3,
  "envying": -1,
  "ErrorWithTranslation": -2,
  "evacuates": -1,
  "evergreening": -3,
  "exaggerates": -2,
  "exasparate": -2,
  "exasperates": -2,
  "exhilarated": 3,
  "exhilarates": 3,
  "exonerating": 2,
  "expertly": 2,
  "exultantly": 3,
  "fag": -3,
  "fagot": -3,
  "fainthearted": -2,
  "faker": -3,
  "fakes": -3,
  "fatiguing": -2,
  "favorited": 2,
  "favourited": 2,
  "fervid": 2,
  "fidgety": -2,
  "flops": -2,
  "fraudulence": -4,
  "frikin": -2,
  "frisky": 2,
  "ftw": 3,
  "fuckers": -4,
  "fuckface": -4,
  "fuckhead": -4,
  "fucktard": -4,
  "fud": -3,
  "fuked": -4,
  "fuking": -4,
  "funnier": 4,
  "gagged": -2,
  "gallantly": 3,
  "giddy": -2,
  "glamourous": 3,
  "gleeful": 3,
  "goddamn": -3,
  "godsend": 4,
  "goofiness": -2,
  "goofy": -2,
  "gr8": 3,
  "greenwash": -3,
  "greenwasher": -3,
  "greenwashers": -3,
  "greenwashing": -3,
  "hahaha": 3,
  "hahahah": 3,
  "haplessness": -2,
  "hardier": 2,
  "harried": -2,
  "heavyhearted": -2,
  "hehe": 2,
  "hooligan": -2,
  "hooliganism": -2,
  "horrid": -3,
  "huckster": -2,
  "humerous": 3,
  "humourous": 2,
  "hurray": 5,
  "hysterics": -3,
  "icky": -3,
  "imbecile": -3,
  "impairing": -2,
  "impedingly": -2,
  "incapacitates": -2,
  "incenses": -2,
  "incensing": -2,
  "indoctrinate": -2,
  "indoctrinates": -2,
  "inediable": -2,
  "infantilized": -2,
  "infesting": -2,
  "infests": -2,
  "infract": -2,
  "infracted": -2,
  "infracting": -2,
  "infracts": -2,
  "inoperative": -2,
  "intransigency": -2,
  "invulnerable": 2,
  "irreproducible": -2,
  "irresistibly": 2,
  "jackass": -4,
  "jackasses": -4,
  "jaunty": 2,
  "jocular": 2,
  "joyless": -2,
  "jubilant": 3,
  "kickback": -3,
  "kidnaps": -2,
  "lags": -2,
  "laughting": 1,
  "lawl": 3,
  "lethality": -2,
  "lighthearted": 1,
  "likable": 2,
  "likers": 2,
  "livid": -2,
  "lmao": 4,
  "lmfao": 4,
  "loathes": -3,
  "lol": 3,
  "lolol": 4,
  "lololol": 4,
  "lolololol": 4,
  "lonesome": -2,
  "lool": 3,
  "loool": 3,
  "looool": 3,
  "lugubrious": -2,
  "lurks": -1,
  "madly": -3,
  "maladaption": -2,
  "maldevelopment": -2,
  "menaces": -2,
  "mesmerizing": 3,
  "mirthful": 3,
  "mirthfully": 3,
  "misbehave": -2,
  "misbranding": -3,
  "miscast": -2,
  "misclassified": -2,
  "misclassifies": -2,
  "misclassify": -2,
  "misconducted": -2,
  "misconducting": -2,
  "misconducts": -2,
  "misgiving": -2,
  "misleaded": -3,
  "misplace": -2,
  "misplaces": -2,
  "mispricing": -3,
  "misreport": -2,
  "misreported": -2,
  "misreports": -2,
  "misunderstands": -2,
  "moans": -2,
  "mocks": -2,
  "modernizes": 2,
  "monotone": -1,
  "mope": -1,
  "moping": -1,
  "motherfucking": -5,
  "mumpish": -2,
  "n00b": -2,
  "narcissism": -2,
  "nifty": 2,
  "niggas": -5,
  "nigger": -5,
  "nosy": -2,
  "offensively": -2,
  "oks": 2,
  "oppressions": -2,
  "optionless": -2,
  "ostracize": -2,
  "ostracized": -2,
  "ostracizes": -2,
  "ouch": -2,
  "overreacted": -2,
  "overreacts": -2,
  "oversell": -2,
  "overselling": -2,
  "oversells": -2,
  "oversimplifies": -2,
  "oversimplify": -2,
  "oversold": -2,
  "overstatement": -2,
  "overstatements": -2,
  "overwrought": -3,
  "oxymoron": -1,
  "panics": -3,
  "parley": -1,
  "penalize": -2,
  "pensive": -1,
  "perfects": 2,
  "perjury": -3,
  "pesky": -2,
  "phobic": -2,
  "pileup": -1,
  "pique": -2,
  "piteous": -2,
  "plodding": -2,
  "polluter": -2,
  "possessive": -2,
  "prblm": -2,
  "prblms": -2,
  "profiteer": -2,
  "pseudoscience": -3,
  "pushy": -1,
  "quaking": -2,
  "rageful": -2,
  "ranter": -3,
  "raptures": 2,
  "rapturous": 4,
  "refines": 1,
  "regretful": -2,
  "relishing": 2,
  "riveting": 3,
  "robed": -2,
  "robing": -2,
  "rofl": 4,
  "roflcopter": 4,
  "roflmao": 4,
  "romantical": 2,
  "rotfl": 4,
  "rotflmfao": 4,
  "rotflol": 4,
  "sappy": -1,
  "savange": -2,
  "savanges": -2,
  "scumbag": -4,
  "sexistic": -2,
  "shithead": -4,
  "shitty": -3,
  "shoody": -2,
  "sincerest": 2,
  "slicker": 2,
  "slickest": 2,
  "slut": -5,
  "smuggles": -2,
  "sneaky": -1,
  "sneezes": -2,
  "snubbed": -2,
  "solidifies": 2,
  "spammer": -3,
  "spammers": -3,
  "sparkle": 3,
  "sparkles": 3,
  "spiritless": -2,
  "spiteful": -2,
  "sprightly": 2,
  "squanders": -2,
  "squelched": -1,
  "stampede": -2,
  "stank": -2,
  "starves": -2,
  "stinked": -2,
  "stinker": -2,
  "stinking": -2,
  "stinky": -2,
  "stressors": -2,
  "suave": 2,
  "sueing": -2,
  "sues": -2,
  "sulking": -2,
  "sulky": -2,
  "tard": -2,
  "tarnishes": -2,
  "terrifically": 4,
  "terrorizes": -3,
  "timorous": -2,
  "tremulous": -2,
  "twat": -5,
  "tyran": -3,
  "tyrannic": -3,
  "tyrans": -3,
  "ugh": -2,
  "unappeasable": -2,
  "unavailing": -2,
  "unconvinced": -1,
  "undercooked": -2,
  "underperform": -2,
  "underperformed": -2,
  "underperforms": -2,
  "uneventful": -2,
  "unfitted": -2,
  "unfunny": -2,
  "ungenerous": -2,
  "unimaginative": -2,
  "uninspired": -2,
  "uninvolving": -2,
  "unoriginal": -2,
  "unparliamentary": -2,
  "unreleting": -2,
  "unresearched": -2,
  "unsophisticated": -2,
  "untarnished": 2,
  "uptight": -2,
  "vapid": -2,
  "vexation": -2,
  "vexing": -2,
  "victimizes": -3,
  "visioning": 1,
  "vomits": -3,
  "wanker": -3,
  "warmness": 2,
  "winwin": 3,
  "woebegone": -2,
  "woeful": -3,
  "woohoo": 3,
  "wooo": 4,
  "woow": 4,
  "wowow": 4,
  "wowww": 4,
  "wtff": -4,
  "wtfff": -4,
  "XO": 3,
  "xoxo": 3,
  "xoxoxo": 4,
  "xoxoxoxo": 4,
  "yeees": 2,
  "yucky": -2,
  "අ න් ධ": -1,
  "අක්කරායන්කුලම් වැව්": 2,
  "අකමැත්තක්": -2,
  "අකමැති": -2,
  "අක්රීය": -1,
  "අකාර්යක්ෂම": -2,
  "අකාර්යක්ෂම ලෙස": -2,
  "අකාර්යක්ෂමතාව": -2,
  "අඛණ්ඩතාව": 2,
  "අගය": 2,
  "අගය කරන": 2,
  "අගය නොකරන": -2,
  "අගෞරවයක්": -2,
  "අටල්ල": -1,
  "අඩපණ කරන්නට": -1,
  "අඩපන": -2,
  "අඩු කිරීම": -2,
  "අඩු තක්සේරුකර": -1,
  "අඩුපාඩු": -2,
  "අඩුම": -1,
  "අඬන්නේ": -2,
  "අත් අඩංගුවට ගැනීම": -2,
  "අත්අඩංගුවට": -3,
  "අත්අඩංගුවට ගැනීම්": -2,
  "අත්පත්කරගත": 1,
  "අතපසු": -2,
  "අත්පොළසන්": 2,
  "අතරටද ඇවෙන්ජර්ස්": -2,
  "අතවර": -3,
  "අතවරයට": -3,
  "අත්වැරදි": -2,
  "අත්වැරදීම්": -2,
  "අතහැර": -2,
  "අතහැර දමා": -2,
  "අත්හිටුවා": -1,
  "අත්හිටුවීමට": -1,
  "අතිදරුණු": -2,
  "අතිධාවනකාරී": 2,
  "අතින් මුළා": -3,
  "අතිමහත්": 4,
  "අතිශය අසාමාන්ය": 4,
  "අතිශයෝක්තියට": -2,
  "අතිශයෝක්තියට නංවා": -2,
  "අතිශයෝක්තියෙන්": -2,
  "අතිසරලකරණයකි": -2,
  "අතිසාර්ථක": 1,
  "අතුරු ආබාධ": -2,
  "අතුරු ඵලයක් වන": -2,
  "අතුරුදන්": -1,
  "අතුරුදහන්": -2,
  "අතුරුදහන් වීමත්": -1,
  "අතෘප්තියට පත්": -2,
  "අදක්ෂ": -2,
  "අදුනිකයා": -2,
  "අදුර": -1,
  "අදුරුතම": -2,
  "අදූරදර්ශී": -2,
  "අධ්යාපනයකුත් නැහැ": -2,
  "අධි ප්රතිචාර": -2,
  "අධි බර": -1,
  "අධිකාරිය": 1,
  "අධිචෝදනා": -2,
  "අධිෂ්ඨානය": 2,
  "අධීක්ෂණ": -1,
  "අධෛර්ය": -2,
  "අධෛර්යට පත්": -2,
  "අධෛර්යමත්": -2,
  "අධෛර්යයට පත් වී": -2,
  "අනගිභවනීය": 3,
  "අන්තවාදී": -2,
  "අන්තවාදීන්": -2,
  "අනතුර": -2,
  "අනතුරු": -2,
  "අනතුරු අඟවයි": -2,
  "අනතුරු අඟවා": -2,
  "අනතුරු ඇඟවීම්": -3,
  "අනතුරු ඇඟවීමක්": -3,
  "අනතුරු ඇඟවීමට": -2,
  "අනතුරු හා මරණ": -3,
  "අනතුරුදායක": -3,
  "අනතුරුදායක ලෙස": -2,
  "අනන්තරා": -2,
  "අනපේක්ෂිත ඊමේල්": -2,
  "අනභිභවනීය": 2,
  "අනවශ්ය": -2,
  "අනවශ්යය ව්යාපෘති": 1,
  "අනාගත බලාපොරොත්තු": 1,
  "අනාගෙන": -3,
  "අනාචාරයේ": 1,
  "අනාරක්ෂිත": -2,
  "අනාරක්ෂිත තත්ත්වය": -2,
  "අනිටු": 3,
  "අනින්නාක්": -2,
  "අනිවාරනීය": -3,
  "අනිවාර්ය": -1,
  "අනිසි": -2,
  "අනිසි ලෙස": -2,
  "අනුකම්පා": 2,
  "අනුකම්පාව": 2,
  "අනුග්රහය": 2,
  "අනුපයෝජ්ය": -1,
  "අනුබල දුන් හ": -2,
  "අනුමත": -2,
  "අනුමත නොකළ": -2,
  "අනුමතිය": 2,
  "අනුමානය වැරදි": 3,
  "අනුමැතිය": -2,
  "අනුරාගී": 2,
  "අඳුරු": -2,
  "අපක්ෂපාතී": 2,
  "අපකීර්තිය": -2,
  "අපකීර්තියට පත්": -2,
  "අපචාර චෝදනා": -3,
  "අපතේ": -2,
  "අපයෙදුම්": -3,
  "අපයෝජනකාරී": -3,
  "අපයෝජනයන්": -3,
  "අප්රතිහත": 2,
  "අප්රමාණවත්": -2,
  "අප්රසන්න": -2,
  "අප්රසාදය": -2,
  "අපරාධ": -3,
  "අපරාධකරුට": -2,
  "අපරාධකරුවන්": -2,
  "අපරාධය": -3,
  "අපරානුමත": 2,
  "අපවිත්රවී": -2,
  "අපසන්නතාව": -2,
  "අපහරණ": -2,
  "අපහසු": -2,
  "අපහසුතා": -2,
  "අපහසුතාවට පත්": -2,
  "අපහසුතාවයකට": -2,
  "අපහසුවටත්": -2,
  "අපහාස": -2,
  "අපහාස කරන": -2,
  "අපහාසයක්": -2,
  "අපහාසාත්මක": -2,
  "අපිරිසිදු": -2,
  "අපූරු කතාවක්": 3,
  "අපේ තාත්තා": 3,
  "අපේ ප්රසාදය": 3,
  "අපේක්ෂා භංග": -2,
  "අපේක්ෂා භංගත්වයට": -2,
  "අපේක්ෂා සහගත": 2,
  "අපේක්ෂාභංගත්වය": -2,
  "අපේක්ෂාව": 1,
  "අපේක්ෂාවකින්": 1,
  "අපේක්ෂිත": 2,
  "අපොයි": -4,
  "අභාවයට ගොස්": -2,
  "අභිප්රේරණය": 1,
  "අභිමානය": 2,
  "අභියෝගය": -1,
  "අමතක": -1,
  "අමතක කරනවා": -1,
  "අමතක නොවන": 1,
  "අමන්දානන්දයට": 3,
  "අමනයා": -5,
  "අමනාප": -2,
  "අමනාපවූ": -2,
  "අම්බලම": 3,
  "අමරණීය": 2,
  "අමානුජිකකරන": -2,
  "අමානුෂික": -2,
  "අමානුෂික ලෙස": -3,
  "අමුතු": -1,
  "අයට ගහලා,": -2,
  "අයිතිවාසිකම් වෙනුවෙන් සටන්": 2,
  "අයින් කරලා දාන": -1,
  "අරගල": -2,
  "අරගල කරමින්": -2,
  "අරගලය": -2,
  "අර්ථ විරහිත": -2,
  "අර්ථවත්": 2,
  "අර්බුදය": -3,
  "අරමුණක්": 2,
  "අරියාදු": -2,
  "අරුම පුදුම": 4,
  "අලංකාර": 2,
  "අලංකාරයෙන්": 3,
  "අලංකාරවත්": 3,
  "අල්ලස්": -3,
  "අලස": -2,
  "අලසකම": -2,
  "අලාභය": -3,
  "අවංක": 2,
  "අවංකභාවය": 2,
  "අවජාතක": -3,
  "අවජාතකයා": -5,
  "අවඥාව පල": -2,
  "අවතක්සේරු": -1,
  "අවතක්සේරුවට ලක්කර": -2,
  "අවතාරයක්": -1,
  "අවදානම්": -2,
  "අවදානම් සහගත": -2,
  "අවදානමක්": -2,
  "අවධානය යොමු": 2,
  "අවධානය වෙනතකට යොමු": -2,
  "අවධානයෙන්": 3,
  "අවධාරණය": -2,
  "අවපාතය": -2,
  "අවභාවිත": -2,
  "අවභාවිතා": -1,
  "අවමංගල්ය කටයුතු": -1,
  "අවමානයකට": -2,
  "අවමානයෙන්": -2,
  "අවලංගු": -1,
  "අවලංගු කළා": -1,
  "අවලංගු කිරීම": -1,
  "අවවාද": -2,
  "අවශ්ය": 1,
  "අවශ්යතා": 1,
  "අවශෝෂණය": 1,
  "අවස්ථා": 2,
  "අවස්ථාවක්": 2,
  "අවස්ථාවන්": 2,
  "අවසන් කටයුතු": -1,
  "අවසන් කෙරිනි": -1,
  "අවසන් තරගයකදී": 2,
  "අවසන් රැලිය": -2,
  "අවහිර": -1,
  "අවහිර කරමින්": -2,
  "අවාසනාව": -2,
  "අවාසිය": -2,
  "අවිද්යාත්මක": -2,
  "අවිද්යාව": -2,
  "අවිනිශ්චිත": -1,
  "අවිවාදයෙන්ම": -4,
  "අවිශ්වාසය": -3,
  "අවුල": -3,
  "අවුල්": -2,
  "අවුල් සහගත": -2,
  "අවුස්සා": -1,
  "අශුභවාදී": -2,
  "අසංවිධානාත්මක": -2,
  "අසංවේදී": -2,
  "අසත්ය": -2,
  "අසතුටින්": -2,
  "අස්ථානගත": -2,
  "අස්ථාවර": -2,
  "අස්ථිර": -2,
  "අසන": -2,
  "අසනීප": -2,
  "අසභ්ය": -2,
  "අසමත්": -2,
  "අසම්පූර්ණ": -1,
  "අසම්භාව්ය": -1,
  "අසමසම": 1,
  "අසමාන": 2,
  "අසමානුපාතික": -2,
  "අසරණ": -2,
  "අසරනයි": -2,
  "අසහනකාරී": -2,
  "අසහනය": -2,
  "අසාත්මිකතාවන් හදුනා": -5,
  "අසාධාරණ": -2,
  "අසාධාරණය": -2,
  "අසාර්ථක": -2,
  "අසාර්ථක වුණි": -2,
  "අසීරු වැඩ": -3,
  "අසූව": 3,
  "අසූවක": 2,
  "අහංකාර": -2,
  "අහන්න කැමැතියි": -2,
  "අහම්බෙන්": -2,
  "අහිතකර": -2,
  "අහිමි": -2,
  "අහිමි කිරීම්වලට": -3,
  "අහේතුක": -1,
  "අහෝ": -1,
  "අළු": -1,
  "ආක්රමණය": -1,
  "ආක්රමණශීලී": -2,
  "ආක්රමනික": -2,
  "ආක්රමනිකයින්ට": -2,
  "ආකර්ශණීය": 2,
  "ආකර්ශනය": 1,
  "ආකර්ශනීය": 3,
  "ආකර්ෂණ": 2,
  "ආකර්ෂණය": 1,
  "ආකර්ෂණීය": -2,
  "ආගම හුඟක් පිළිකුල්": -3,
  "ආචාර": 2,
  "ආචාර කරන": 2,
  "ආචාරය": 2,
  "ආචාරශීලී": 2,
  "ආඩම්බර": -2,
  "ආඩම්බරයෙන්": 2,
  "ආතතිය": -1,
  "ආත්ම විශ්වාසයෙන්": 2,
  "ආත්මය": 1,
  "ආත්මාර්ථකාමී": -3,
  "ආත්මාර්ථය": -3,
  "ආදර": 2,
  "ආදරණීය": 2,
  "ආදරණීය කාරුණික": 3,
  "ආදරය": 3,
  "ආදරයක්": 2,
  "ආධාරක": 2,
  "ආධාරකරුවකු": 1,
  "ආධාරකරුවන්": 1,
  "ආන්දෝලනයටත්,": -2,
  "ආනන්දනීය": 3,
  "ආනන්දය": 3,
  "ආපදා": -2,
  "ආපසු හැරවිය නොහැකි": -1,
  "ආපසු හැරවිය නොහැකි පරිද්දෙන්": -1,
  "ආබාධ": -2,
  "ආබාධයක්": -2,
  "ආබාධිත": -2,
  "ආභාශය": 3,
  "ආමන්ත්රණ": 2,
  "ආයතනයට": -3,
  "ආයාචනා": 2,
  "ආයාචිත තැපැල්": -2,
  "ආරක්ෂක වලලු": -2,
  "ආරක්ෂකයන්": 2,
  "ආරක්ෂකයා": 2,
  "ආරක්ෂා": 1,
  "ආරක්ෂාව": 1,
  "ආරක්ෂිත": 1,
  "ආරක්ෂිතව": 1,
  "ආරවුල්": -2,
  "ආරවුලක්": -2,
  "ආරාධනා": 1,
  "ආශ්චර්යය": 4,
  "ආශ්වාද": 3,
  "ආශ්වාදයක්": 2,
  "ආශාව": 1,
  "ආශීර්වාද": 2,
  "ආස්වාදයක්": 2,
  "ආසාත්මික": -2,
  "ආසාදන": -2,
  "ආසාදනය": -2,
  "ආසාදිත": -2,
  "ඇගයීමට ලක්වී": 2,
  "ඇට වර්ග": -3,
  "ඇණ හිටීම": -2,
  "ඇණහිටීම": -2,
  "ඇඬුවා": -2,
  "ඇත්තෙන්ම හොඳ": 2,
  "ඇත්තේ්": -1,
  "ඇතැමෙක් කෝප": -3,
  "ඇතිවන බාධාවන්": -2,
  "ඇතිවිය": -2,
  "ඇතුළත්": -1,
  "ඇදගෙන": -1,
  "ඇදුරාගේ": -2,
  "ඇනහිටීම": -2,
  "ඇනහිටීම්": -2,
  "ඇඳුමට": -2,
  "ඇප දීමේ": -2,
  "ඇරයුම්": 1,
  "ඇල ඉර": -2,
  "ඇලුම්": 2,
  "ඇවුරුම්": -2,
  "ඇස යොමමින්": -3,
  "ඇහිඳගත්": 1,
  "ඈත්": -2,
  "ඉක්මන්": 2,
  "ඉඞ": -4,
  "ඉටු": 2,
  "ඉටුකිරීමේ": -2,
  "ඉඩ": 1,
  "ඉඩ පහසුකම් සහිත": 1,
  "ඉතා කපටි": -2,
  "ඉතා දරුණු": -3,
  "ඉතා පිරිසිදු": 1,
  "ඉතා ම": -4,
  "ඉතා හොඳින්": 3,
  "ඉතිරි": 2,
  "ඉතිරි කොටසත්": 3,
  "ඉතුරුම්": 1,
  "ඉදිරි පිම්මක් වනු": 3,
  "ඉමහත් ශෝකයට": -2,
  "ඉරණම": -2,
  "ඉරා": -2,
  "ඉරානයේ": 1,
  "ඉලක්කගත": -1,
  "ඉල්ලා": -1,
  "ඉල්ලා අස්": -1,
  "ඉල්ලා අස්වීමට": -1,
  "ඉල්ලා අස්වෙයි": -1,
  "ඉල්ලීම්": -1,
  "ඉල්ලුම": -1,
  "ඉවත": -2,
  "ඉවත්": -1,
  "ඉවත හෙලයි": -2,
  "ඉවතට යනවා": -2,
  "ඉවතට හැරවීමේ": -1,
  "ඉවතලන": -1,
  "ඉවතලන්න": -1,
  "ඉවසිලිවන්ත": 2,
  "ඉවසීම": 2,
  "ඉස ආශීර්වාද": 2,
  "ඉස්තරම්": 4,
  "ඉහල": 2,
  "ඉහල දැමීම": 1,
  "ඉහළ": 1,
  "ඉහළට ඇද්දා": -1,
  "ඊට විරෝධය පළ": -2,
  "ඊර්ෂ්යා": -2,
  "ඊර්ෂ්යාව": -1,
  "උකටලී": -3,
  "උග්ර": -2,
  "උග්ර කරයි": -2,
  "උග්ර කලහැක": -2,
  "උගුරේ": -1,
  "උගුල්": -1,
  "උගුලක්": -1,
  "උගෙනීම": -2,
  "උඩඟ": -2,
  "උඩියටිකුරුවීම්": -2,
  "උණ": -2,
  "උණු උණුවේම": -2,
  "උණුසුම්": 1,
  "උත්කෘෂ්ට": 3,
  "උත්තරීතර": 4,
  "උත්තේජනය": 2,
  "උත්ප්රාසය": -1,
  "උත්සව": 3,
  "උත්සාහ දැරීමත්": -2,
  "උත්සුක": 2,
  "උතුම්": 2,
  "උද්ගතය": -2,
  "උද්ඝෝෂණය": -1,
  "උද්දාම": 3,
  "උද්යෝගයෙන්": 2,
  "උද්යෝගිමත්": 3,
  "උදව්": 2,
  "උදව් කරමින්": 2,
  "උද්වේගකර": 3,
  "උද්වේගය": 2,
  "උදහස්": -2,
  "උදාසීන": -2,
  "උදාසීනව": -1,
  "උදාහරණ": 2,
  "උදුරා ගන්නවා": -2,
  "උනන්දුවක් දක්වන": 2,
  "උන්මත්තකයන්": -3,
  "උන්මත්තකයෙකු": -3,
  "උන්මාදයට": -3,
  "උනුත්": -2,
  "උප අංශයේ": 2,
  "උපකාර": 2,
  "උපද්රවයකට": -2,
  "උපරිම දායකත්වය": -2,
  "උපහාසාත්මක": -2,
  "උභතෝකෝටිකය": -1,
  "උමතු": -2,
  "උමතුවක්": -2,
  "උරා": -3,
  "උල්ලංගනය": -2,
  "උල්ලංඝනය": -2,
  "උල්ලංඝනය කරමින්": -2,
  "උල්ලංඝනය කිරීම්": -2,
  "උවදුර": -2,
  "උසස්": 1,
  "ඌන": -2,
  "ඌනතාවය": -2,
  "ඌරු": -1,
  "එක අරුමයක්": 1,
  "එකඟ": -2,
  "එකඟ විය හැකි": 2,
  "එකට ගැටීමෙන්": -1,
  "එකතුවක්": 2,
  "එකපාරට තියන්න": 2,
  "එක්වන": 1,
  "එක්සත්": 1,
  "එකිනෙක ඝට්ටනය": -1,
  "එකිනෙකට පටහැනි": -2,
  "එතරම් උස": -4,
  "එතැනින් එහාට": 1,
  "එතැනින් පන්නනු": -1,
  "එතුමා පිළිගන්ෙනහිද": -1,
  "එදා වේල": -1,
  "එදිරිවාදී": -2,
  "එනතුරු බලා": -1,
  "එන්නෙම": 2,
  "එපා": -1,
  "එපා වෙලා": -3,
  "එය අපට මහත් අස්වැසිල්ලක්": 2,
  "එලස": 2,
  "එලාම්": -2,
  "එළි පෙහෙළි": 1,
  "එෙහම": -1,
  "ඒ තරම් විරෝධයක්": -1,
  "ඒ වගේ කතාවක්": 3,
  "ඒක නම් මාරයි": -2,
  "ඒකට කැමති": -2,
  "ඒකට සාප වේවා": -4,
  "ඒකාකාර": -2,
  "ඒකාකෘතික": -2,
  "ඒකාග්රතාව හා සන්හිඳියාවට": -2,
  "ඒකාධිකාරය දරන": -2,
  "ඒකාධිකාරය හිමිකරගත්": -2,
  "ඒකාධිකාරයට යටත්": -2,
  "ඒකාධිකාරී": -2,
  "ඒකාධිපති": -2,
  "ඒකාධිපති පාලනය": -2,
  "ඒකාබද්ධ": 1,
  "ඒත්තු": 1,
  "ඒවයින් නිදහස්": 2,
  "ඔප දැමූ": 2,
  "ඔබ ආසා": -2,
  "ඔබට වැටහීමක්": -1,
  "ඔයාගෙද": 2,
  "ඔරුවට": 1,
  "ඔල්මාද": -3,
  "ඔල්වරසන්": 2,
  "ඔව්": 1,
  "ඔසවා ගැනීම": 2,
  "ඔහුගේ ප්රේමය ලැබීමට නොහැකි": -2,
  "ඕනෑවට වඩා කලබලකාරී": -2,
  "ක හොර": -2,
  "කට": -1,
  "කටු පඳුරු සහිත": -2,
  "කටුක": -2,
  "කඩ": -2,
  "කඩ ඉම": -2,
  "කඩකිරීමේ": -2,
  "කඩතොල්ලක්": -2,
  "කඩවසම්": 3,
  "කඩා": -1,
  "කඩා බිඳ දමන": -2,
  "කඩා වැටී": -2,
  "කඩාකප්පල්": -2,
  "කඩාකප්පල්කාරී": -2,
  "කඩිමුඩියේ": 2,
  "කණගාටු ගෙන": -2,
  "කණගාටුවට කරුණ": -2,
  "කතාවක්": -2,
  "කනගාටු": -2,
  "කනගාටුව": -2,
  "කනගාටුවට කරුණක් වන්නේ": -2,
  "කන්නලව්": -1,
  "කනස්සල්ල": -3,
  "කනස්සල්ලක්": -2,
  "කනස්සල්ලට": -3,
  "කනස්සලු": -2,
  "කඳුළු": -2,
  "කපටි": 2,
  "කප්පම්": 2,
  "කප්පම් ගැනීම්": -3,
  "කප්පාදු": -1,
  "කප්පාදු කරන": -2,
  "කපා": -2,
  "කපා කොටා ඝාතනය": -1,
  "කම්පන": -2,
  "කම්පන සහගත": -3,
  "කම්පනය": -3,
  "කම්පාවට": -2,
  "කම්මැලි": -3,
  "කර ගත් තර්ජනය කිරීම්": -3,
  "කර්කශ": -3,
  "කරදර": -3,
  "කරදර කරනවා": -2,
  "කරදර කාරී": -2,
  "කරදරයට": -2,
  "කරමත": 1,
  "ක්රමවත්ව": 2,
  "කරාමය": -1,
  "ක්රෑර": -2,
  "ක්රිකට් පරිපාලනයට": -2,
  "ක්රියාකාරී": 1,
  "ක්රීඩාවවෙනස්": 3,
  "කරු අසංවේදී": -2,
  "කරුණාකර": 1,
  "කරුණාව": 1,
  "කරුණාවන්ත": 3,
  "කරුණු": 1,
  "කරුණු විකෘති ලෙස අර්ථ දැක්වීමක්": -2,
  "කල්": -1,
  "කල් දැමීම": -1,
  "කල් පවත්නා": 2,
  "කලකිරීම්": -2,
  "කලකිරීමට": -2,
  "කල්පනාකාරීව": 2,
  "කලබල": -2,
  "කලබල විය": -2,
  "කලබල වෙලා වගේ": -1,
  "කලබලය": -2,
  "කලබලයක්": -3,
  "කලාකෘති": 4,
  "කලාත්ම": 3,
  "කවට උපාය": -2,
  "කවරකුගේ": -2,
  "කවියාට": 3,
  "කෂඩ": -2,
  "ක්ෂණිව": 1,
  "ක්ෂමා": 2,
  "කසල": -2,
  "කසළ": -1,
  "කහටින්": -2,
  "කළ වැරැුද්ද": -2,
  "කළුතරදී": -2,
  "කළේ ඇයි": -5,
  "කාංසාව": -2,
  "කාඩ් මතක": -3,
  "කාණ්ඩගත": -3,
  "කාණු කටවල්වල කතාවල": -2,
  "කාන්දු": -1,
  "කාන්දුව": -1,
  "කාමාවචර": -2,
  "කාරණය": 1,
  "කාරණා හෙළි": 2,
  "කාර්යක්ෂමතාව": 2,
  "කාර්යභාරයක්": -3,
  "කාරුණික": 2,
  "කාරුනික": 2,
  "කාලකණ්ණි": -3,
  "කාලකන්නි": -2,
  "කැක්කුම": -2,
  "කැත": -2,
  "කැත,": -3,
  "කැප": 1,
  "කැපවීම": 2,
  "කැපී පෙනෙන": 5,
  "කැපීම": -1,
  "කැමති": 2,
  "කැමති උනාට": -2,
  "කැමැත්ත": 2,
  "කැමැත්තේ": 2,
  "කැරණි": -3,
  "කැරලි": -2,
  "කැරලි මර්දන": -2,
  "කැරලිකරුවන්": -2,
  "කැරලිකාර": -2,
  "කැරැල්ල": -2,
  "කැලඹීමට": -2,
  "කැලැල්": -2,
  "කැළඹී": -2,
  "කැළලක්": -2,
  "කැළැල්": -3,
  "කෑ කෝ": -2,
  "කෑදර": -2,
  "කෑදරකම": -3,
  "කිපෙයි": -2,
  "කිඹුහුම් හැර": -2,
  "කි්රයාත්මක": -1,
  "කිරි ශීත කිරීමේ": -1,
  "කිරීම කල් යයි": -1,
  "කිවහොත් අනුචිත ලෙස": -2,
  "කිවහොත් උමතු": -3,
  "කිවිසුම": -2,
  "කිවේය": -2,
  "කිසි කමකට නැති": -2,
  "කිසිදු තැකීමක් නැති": -2,
  "කිසිදු බාධකයක්": -2,
  "කිසිදු විනෝද": -3,
  "කිසිම නිදහසට කරුණක් තිබේවිද": -3,
  "කිසිම වැදගැම්මක්": -2,
  "කිසිසේත් බලාපොරොත්තු": -2,
  "කීටයන් මර්දනය": -2,
  "කීර්තිය": 1,
  "කුකුළා": -5,
  "කුට්ටි": -1,
  "කුඩු පට්ටම්": -1,
  "කුඩුකේඩුකම්": -1,
  "කුඩුපට්ටම්": -1,
  "කුණු": -2,
  "කුණු කසළ": -1,
  "කුතුහලයෙන්": 1,
  "කුනු": -3,
  "කුප්රකට": -2,
  "කුපිත": -3,
  "කුමන්ත්රණයක්": -3,
  "කුමන්ත්රන": 1,
  "කුලප්පුවක්": -2,
  "කුල්මත්": 3,
  "කුසගින්න": -2,
  "කුසගින්නේ දැවෙමින් සිටි": -2,
  "කුහක": -2,
  "කූට": -3,
  "කෘතඥ": 3,
  "කෙටි අදූරදර්ශනය": -2,
  "කෙනා ලඟට": -2,
  "කෙඳිරි ගෑම": -2,
  "කෙඳිරිගාමින්": -2,
  "කෙලින්ම": 1,
  "කෙලෙසීම": -2,
  "කෙළෙසෙද්දී": -2,
  "කෙළෙහි ගුණ": -3,
  "කේන්ති ගිය": -2,
  "කේන්තියෙන්": -3,
  "කොට සැලකීම": -2,
  "කොටස්": 1,
  "කොටස හරිහැටි නොකරන": -2,
  "කොටසක් අකාර්යක්ෂමව": -2,
  "කොටළුවා": -4,
  "කොටින්ට බරපතල": -2,
  "කොටු": -2,
  "කොමිසන් සභා ද": -3,
  "කොයියම් මොහොතක": -4,
  "කොර": -2,
  "කොර ගසන": -1,
  "කොල්ලකාරී": -2,
  "කොල්ලකෑමට": -2,
  "කොළඹින්": -2,
  "කෝටු මිටි": -3,
  "කෝප": -2,
  "කෝපය": -3,
  "කෝපයක්": -3,
  "කෝපයට": -3,
  "කෝපයට පත්": -3,
  "කෝපාවිෂ්ට": -2,
  "කෝපාවිෂ්ඨ": -3,
  "කෲර": -3,
  "කෲර ඒකාධිපති": -3,
  "කෲරත්වය": -3,
  "ඛේදජනක": -2,
  "ඛේදවාචකය": -2,
  "ඛේදවාචකයන්": -2,
  "ගටන": 2,
  "ගතවී": -1,
  "ගද ගහන්නෙ": -2,
  "ගමං": -2,
  "ගමන්ගත්": -2,
  "ගරු": 2,
  "ගලවා ගැනීමේ": 2,
  "ගවේෂණ": 1,
  "ගවේෂණ,": 1,
  "ගසා කන": -2,
  "ගසා කා": -2,
  "ගසාකෑමට": -2,
  "ගාස්තු": -2,
  "ගැටලු": -2,
  "ගැටලුව": -2,
  "ගැටළුවක් තියනවා කියල": -2,
  "ගැටී කාන්තාවක්": -2,
  "ගැටීම": -2,
  "ගැටුම": -2,
  "ගැටුම්": -2,
  "ගැටුමින් තොරව": 2,
  "ගැලවීම": 2,
  "ගැලී": -3,
  "ගැවසුම් ප්රදේශයකි": -1,
  "ගැළවෙන": -1,
  "ගෑණු": 2,
  "ගිනි": -2,
  "ගිනි අවුලුවා": -2,
  "ගිනි පුපුරක්": 1,
  "ගිනිබෝල": -2,
  "ගිරිමානන්ද සූත්රයේ": 2,
  "ගිවිසුම": 1,
  "ගුණමකු": -3,
  "ගුණවත්": 2,
  "ගුණාංග": 2,
  "ගුණාත්මක": 2,
  "ගෙඩියක්": -2,
  "ගෙතු": -1,
  "ගෙදර ගැන සිතමින් ලතවන": -2,
  "ගෙල මිරිකා": -2,
  "ගෙවල් බිදින්නා": -2,
  "ගේ ඔළුවේ කිසි": -3,
  "ගේ ධෛර්යය": 2,
  "ගොඩක්මත්": -3,
  "ගොළු": -3,
  "ගෞරණීය": 2,
  "ගෞරව": 2,
  "ගෞරවය": 2,
  "ඝට්ටන": -2,
  "ඝණ": 2,
  "ඝන බවට": 2,
  "ඝාතන": -3,
  "ඝාතනය": -3,
  "ඝෝෂාකාරී": -1,
  "චපලය": -2,
  "චික්": 2,
  "චිත්තාකර්ෂණීය": 3,
  "චිත්රයක් මවාපාමින් මහජනතාවන්": -2,
  "චෝදනා": -3,
  "චෝදනා කරමින්": -2,
  "චෝදනාව": -2,
  "චෝදනාවලින් නිදොස්": 2,
  "ඡදමළ": -2,
  "ජනතා උද්යෝගය": 3,
  "ජනතාව ඉවත්": -1,
  "ජනතාවට ආරක්ෂිත": 2,
  "ජනතාවට දැඩි පීඩාවට": -2,
  "ජනප්රිය": 3,
  "ජනප්රියත්වය": 3,
  "ජනහිතකාමයේ": 2,
  "ජනාවාස": 1,
  "ජය": 4,
  "ජයග්රහණ": 3,
  "ජයග්රහණය": 3,
  "ජයග්රහණයන්": 2,
  "ජයග්රහන": 2,
  "ජයග්රාහකයන්": 3,
  "ජයග්රාහකයා": 4,
  "ජයග්රාහී": 4,
  "ජයෝන්මාදය": 3,
  "ජරාව": -3,
  "ජලය අපවිත්ර": -2,
  "ජලය බැස යන": -2,
  "ජව සම්පන්න": 2,
  "ජාතිද්රෝහී": -2,
  "ජාතිවාදය": -3,
  "ජාතිවාදය වපුරා": 4,
  "ජාතිවාදී": -3,
  "ජාතිවාදීන්": -3,
  "ජාලය විඳ කම්පනයට පත්": 3,
  "ජාසමාම": -2,
  "ජිනිවාහි": 1,
  "ජීවතුන්": 1,
  "ජීවිත බේරන": 4,
  "ජීවිතයට ම එක් වරක්": 3,
  "ජීවිතයෙන් සමුගෙන": -2,
  "ටැම්පොන්": -3,
  "ටී ටීඊ හිතවාදී": -2,
  "ටෙන්ඩර්": 2,
  "ටොයිලට්": -3,
  "ඩම්බ්ඈස්": -3,
  "ඩික්": -4,
  "ඩිපෝවලට": -2,
  "ණය": -2,
  "ණය හානිකරණ": -2,
  "ණයෙහි": 2,
  "තට්ටය පෑදීම": -1,
  "තට්ටු කරලා": 3,
  "තද": 2,
  "තදින්": -2,
  "තමන්ට තමන්ම හානියක්": -2,
  "ත්යාග": 2,
  "ත්යාගය": 2,
  "ත්යාගශීලී": 2,
  "තර්කානුකුල": -2,
  "තරග වැදෙන": -1,
  "තරගකරු": -1,
  "තරඟ": -1,
  "තරඟකාරී": 2,
  "තර්ජන": -2,
  "තර්ජන වලට": -3,
  "තර්ජනය": -2,
  "තර්ජනයක්": -2,
  "තර්ජනයට": -2,
  "තරවටු": -2,
  "ත්රස්ත": -3,
  "ත්රස්තවාදී": -2,
  "ත්රස්තවාදීන්": -2,
  "තරහෙන්": -2,
  "ත්රාසජනක": 2,
  "තරුණ": 2,
  "තල්ලුවක්": 1,
  "තලවතුගොඩ පදිංචිකරුවන්ට": -3,
  "තලා": -2,
  "තව තවත් නරක අතට හැරෙනවා": -3,
  "තවත් උත්සන්න": -2,
  "තවත් තීව්ර": -2,
  "තවදුරටත් උග්ර": -2,
  "තවරා": 2,
  "තහංචි": -1,
  "තහනම": -2,
  "තහනම්": -1,
  "තහවුරු": 1,
  "තහවුරු නොකළ ආරංචි මාර්ග සදහන් කර": -1,
  "තළා පෙළා අධිපතිකම්": -3,
  "තැතිගැන්මට පත්ව": -2,
  "තැතිගැනෙන": 3,
  "තැනදී": -3,
  "තැරැව්කරුවන්": -2,
  "තෑගි": 2,
  "තිගැස්මක්": -2,
  "තිත්තකම": -2,
  "තියුණු": 1,
  "තිරසාර": 2,
  "තීන්දු": -1,
  "තීන්දුව": -1,
  "තීරණය": 2,
  "තීරණාත්මක": 1,
  "තීව්රව": -3,
  "තුමා අමෙරිකානු": 1,
  "තුවක්කුවක්": -1,
  "තුවක්කුවෙන්": 2,
  "තුවාල": -2,
  "තුෂ්නිම්භූත": -2,
  "තෘප්ත": 2,
  "තෘප්තිකර": 2,
  "තෙහෙට්ටුව": -2,
  "දක්ෂ": 2,
  "දක්ෂතා": 2,
  "දක්ෂම": 2,
  "දඟ": -2,
  "දඟකාර": 2,
  "දඩ": 2,
  "දඩ මීමෙක්": -2,
  "දඩ මුදල්": -2,
  "දඩබ්බරකම": -2,
  "දඩයම්": -3,
  "දඩයමට": -3,
  "දඩුවම්": -2,
  "දඬුවම": -2,
  "දඬුවම්": -2,
  "දඬුවම නියම": -2,
  "දමන": -2,
  "දමන්නා": -1,
  "දමා": -2,
  "දයාන් ජයතිලක": -2,
  "දයාව": 2,
  "දරදඬු": -2,
  "දර්ශන": 1,
  "දරිද්රතා": -1,
  "දරුණු": -3,
  "දරුණු ලෙස": -3,
  "දරුණුය": 2,
  "දරුනුම": -2,
  "දවස් වල හරිම බිසී": -2,
  "දළ": -2,
  "දැක්කාම": 2,
  "දැක්ම": 1,
  "දැක්වුවහොත් ශාස්වතවාදය": 2,
  "දැඩි": 1,
  "දැඩි ආශාව": 1,
  "දැඩි නොසතුටට හේතුවක්": -2,
  "දැඩි ලෙස": -2,
  "දැඩි විශ්වාසයකින් යුතුව": 2,
  "දැඩි සේ": -2,
  "දැනුවත්": 2,
  "දැමූ අසුන්දරත්වයේ": -3,
  "දැමෙනවා": -2,
  "දැරිය නොහැකි": -2,
  "දැරිය හැකි": 2,
  "දෑතට ශක්තියක්": 1,
  "දෑස් කඳුළින්": -2,
  "දික්": -3,
  "දිනාගත්": 3,
  "දිය විදින බෑගය": -3,
  "දියත්": 1,
  "දියමන්ති": 1,
  "දියාරු": -2,
  "දියේ ගිලී": -2,
  "දිරි ගැන්වුණු": 2,
  "දිරිගන්වන": 2,
  "දිරිගැන්වීම": 2,
  "දිරිමත්": 2,
  "දිවගිය": -3,
  "දිවි": 2,
  "දිවි ගලවා": 2,
  "දිවිගලවා ගත්": 2,
  "දිවුරනවා": -2,
  "දිවුරුම් දීමේ": -2,
  "දිස්වුනි": 2,
  "දී cashing": -2,
  "දීන": -3,
  "දීප්තිමත්": 3,
  "දීප්තිමත්ම": 2,
  "දීප්තිය": 1,
  "දීර්ඝ": 1,
  "දීර්ඝ කරයි": 1,
  "දීෙම්": -2,
  "දුක": -2,
  "දුක්": -2,
  "දුක් විඳිනවිට": -2,
  "දුක්ගන්නා රාල": -2,
  "දුකට": -2,
  "දුක්බර": -3,
  "දුකේදී": -2,
  "දුප්පත්": -2,
  "දුප්පත්ම": -2,
  "දුබල": -2,
  "දුමෙන්": -2,
  "දුර දිග නොබලා": -2,
  "දුර්වල": -2,
  "දුර්වල ලෙස": -2,
  "දුර්වලතා": -2,
  "දුරු කිරීමට සාතන්ම": -2,
  "දුෂ්කර": -2,
  "දුෂ්කරතා": -2,
  "දුෂ්ට": -2,
  "දුෂිත": -1,
  "දූරදර්ශී": 3,
  "දූෂකයන්": -4,
  "දූෂකයෝ": -2,
  "දූෂණ": -3,
  "දූෂණය": -4,
  "දූෂනය": -2,
  "දූෂ්ය": -3,
  "දූෂිත": -2,
  "දූහන": -2,
  "දෘශ්යාබාධිත": -2,
  "දෘෂ්ටිය යනු දැක්මයි": -4,
  "දෙගිඩියාසහගත": -1,
  "දෙන්නන්ට": 4,
  "දෙන්නා": 2,
  "දෙවි": 1,
  "දෙවිට නමස්කාර නොකරන": -1,
  "දේවානුභාවයෙන්": 2,
  "දේශද්රෝහී": -3,
  "දොඩවන්නන්": -3,
  "දොස්": -2,
  "දොස් පවරමි": -3,
  "දෝෂ": -2,
  "දෝෂ සහගත": -3,
  "දෝෂ සහිත": -3,
  "දෝෂයක්": -2,
  "දෝෂාභියෝග": -3,
  "දෝෂාභියෝගයන්": -3,
  "ධනය": 3,
  "ධනවත්": 2,
  "ධනාත්මක": 2,
  "ධර්මිෂ්ඨකම": 2,
  "ධෛර්ය සම්පන්න": 2,
  "ධෛර්ය සම්පන්නව": 2,
  "ධෛර්යය": 2,
  "නංවාලීම සඳහා": 2,
  "නගන්නාහ": -2,
  "නටබුන්": -2,
  "නඩු": -1,
  "නතර": -1,
  "නපුරු": -3,
  "නරක": -3,
  "නරක අතට හැරීමත්": -2,
  "නරක අතට හැරෙන": -3,
  "නරකම": -3,
  "නරුම": -2,
  "නරුමත්වය": -2,
  "නරුමයා": -2,
  "නව තාක්ෂණය": 1,
  "නව නිපැයුම්": 1,
  "නව නිර්මාණ": 1,
  "නවකතාව": 2,
  "නවත්වන්න": -1,
  "නවන්තුරෙයි": -1,
  "නව්ය": 2,
  "නවීකරණය": 2,
  "නවීන": 2,
  "නවීන යුද්ධායුධ": 3,
  "නසා": 1,
  "නාකි": -2,
  "නාඩගම": -2,
  "නාමයෙන් දිවුරන්නා": -2,
  "නායකත්වය": 1,
  "නාස්ති": -2,
  "නැත": -1,
  "නැත්තටම නැති": -2,
  "නැතිකිරීම": -1,
  "නැතිවම බැරි": -1,
  "නැඹුරුව": -1,
  "නැවත": 1,
  "නැවත ප්රතිසංස්කරණය": 1,
  "නැවත යථා": 1,
  "නැවතිය හැක": -1,
  "නැවතුම්": -2,
  "නැවැත්විය": 2,
  "නැවියෙකු": -2,
  "නැවුම්": 1,
  "නිගමනයට ඵළඹ": -2,
  "නිදහස": 2,
  "නිදහස්": 1,
  "නිදහස් කරන": 2,
  "නිදහස් කරයි": 2,
  "නිදහසට කරුණක්": -1,
  "නිදොස්": 2,
  "නිදොස් කොට නිදහස්": 2,
  "නිධන්": 2,
  "නින්ද නොයාම": -2,
  "නින්දට වඩා": -3,
  "නින්දාවට": -3,
  "නින්දාවට පත්": -3,
  "නින්දිත": -3,
  "නිපුණතා": 1,
  "නිමලරූබන් ඝාතනය": -2,
  "නියතිවාදය": 3,
  "නියම": 2,
  "නියමයි": 4,
  "නියෑළුණු": 1,
  "නිරත": 1,
  "නිරතවූ": 1,
  "නිරතුරුව සූදානමින්": -2,
  "නිර්දය": -1,
  "නිර්දේශ": 2,
  "නිර්දේශ නොකල": -1,
  "නිර්දෝෂී බව පෙන්වා": 2,
  "නිර්නාමිකයකු එවූ": -2,
  "නිර්භීත": 2,
  "නිර්භීතකමට": 2,
  "නිර්භීතව": 2,
  "නිර්මාණාත්මක": 2,
  "නිරය": -4,
  "නිරර්ථක": -2,
  "නිර්ලජ්ජිත": -2,
  "නිරවුල්": 1,
  "නිරාවරණය": -1,
  "නිවට": -2,
  "නිවසකින් දුගඳක්": -3,
  "නිවාඩු": -1,
  "නිවාස අත්පත්කර ගැනීම්": -2,
  "නිවාස අහිමි වීමට": -2,
  "නිවාස නොමැති": -2,
  "නිවැරදි දිශාව": 3,
  "නිවැසියන් ඉවත්": -1,
  "නිශ්චල": 2,
  "නිශේධනයක්": -2,
  "නිෂ්ක්රීයව": -1,
  "නිෂ්ඵල": -2,
  "නිසැක": -2,
  "නිසි": 2,
  "නිසි පරිදි": 2,
  "නිහඬ": -1,
  "නිහතමානී": 1,
  "නීච": -2,
  "නීත්යානුකූලව": 1,
  "නීති විරෝධී": -3,
  "නීති විරෝධී ලෙස": -3,
  "නීති විරෝධීව": -2,
  "නීතිඥයකුද": -2,
  "නීතිමය": 1,
  "නීරස": -2,
  "නුගත්කම": -2,
  "නුසුදුස්සකු": -2,
  "නුසුදුස්සන්": -2,
  "නුසුදුසු": -2,
  "නූගත්": -2,
  "නෙරපා": -2,
  "නෙරපීමට": -2,
  "නොඉවසිලිමත්": -2,
  "නොකර ගන්නා ලෙසද": -1,
  "නොකලයුතු": -2,
  "නොකිරීම": -2,
  "නොකිලිටිව": 2,
  "නොතකා හැරීම": -2,
  "නොතැකීම": -2,
  "නොතේරෙන": -3,
  "නොදැනුවත්": -2,
  "නොදැනුවත්වම": -2,
  "නොපැමිණ": -1,
  "නොපැහැදිලි": -2,
  "නොබැඳි": -1,
  "නොබියව": -1,
  "නොමග යැවීම": -3,
  "නොමඟ යවන": -3,
  "නොමසුරුව": 2,
  "නොමැතිකම": -2,
  "නොවන අනුමත": -2,
  "නොවන අසුබවාදී ආකල්පයක්": -2,
  "නොවැදගත්": -2,
  "නොවිකිණුනු": -1,
  "නොවෙනස්ව": 2,
  "නොසතුටට": -2,
  "නොසතුටු": -4,
  "නොසන්සුන්": -2,
  "නොසන්සුන් වීම": -2,
  "නොසන්සුන්කාරී": -2,
  "නොසලකා": -2,
  "නොසලකා හරින": -2,
  "නොසලකා හරිනවා": -1,
  "නොසලකා හරිමින්": -2,
  "නොසලකා හැර": -2,
  "නොසලකා හැරීම්": -2,
  "නොසලකා හැරීමකි": -2,
  "නොසලකා,": -2,
  "නොසැලකිලිමත්": -2,
  "නොසැලෙන": 2,
  "නොහැකි": -2,
  "නොහැකියාව": -2,
  "නොහැකියාවයි": -2,
  "පක්ෂග්රාහී": -2,
  "පක්ෂපාතිත්වය": 3,
  "පක්ෂව": 2,
  "පටන් ගත්තු": -2,
  "පණ නැති": -1,
  "පත්කරයි": -3,
  "පත්රයේ": -2,
  "පත්වෙන": 2,
  "පදක්කම": 3,
  "පනවා": -1,
  "පමණක්": -2,
  "පමාව": -1,
  "ප්රකෝපකාරී": -3,
  "ප්රගතිය": 2,
  "ප්රචණ්ඩ": -3,
  "ප්රචණ්ඩ කොල්ලකාරීත්වයට නැමුණු": -2,
  "ප්රචණ්ඩත්වය": -3,
  "ප්රචණ්ඩත්වයආශ්රිත": -3,
  "ප්රචාරක": -2,
  "ප්රචාරණය කරනවාට": -2,
  "ප්රජානන": -2,
  "ප්රඥාව": 1,
  "ප්රතික්ෂේප": -2,
  "ප්රතික්ෂේප කරයි": -2,
  "ප්රතික්ෂේප කිරීම": -2,
  "ප්රතික්ෂේප කිරීම්": -2,
  "ප්රතික්ෂේපකරන": -2,
  "ප්රතිචාර": 2,
  "ප්රතිලාභ": 2,
  "ප්රතිවිපාක": -2,
  "ප්රතිශක්ති": 1,
  "ප්රදර්ශන කුටිය": -2,
  "ප්රදාන": 1,
  "ප්රදානය": 3,
  "ප්රදානයක්": 1,
  "ප්රධාන පෙළේ": 2,
  "පරන්තන්": -2,
  "ප්රබල": 1,
  "ප්රබුද්ධ": 2,
  "ප්රබෝධමත් කරවන": 2,
  "ප්රබෝධවත්": 2,
  "ප්රභාවය": 1,
  "ප්රමාණවත්": -2,
  "ප්රමාද": -1,
  "ප්රමුඛ": 2,
  "ප්රමුඛතම": 2,
  "ප්රමෝදය": 3,
  "ප්රයත්නය පලදායක නොවී": -2,
  "ප්රයෝජනවත්": 2,
  "ප්රවර්ධනය": 1,
  "පරවුණ": -2,
  "ප්රවේශ": 1,
  "ප්රවේශ ශාලාව": -2,
  "ප්රවේශම්": 2,
  "ප්රවේශමෙන්": 2,
  "ප්රශංසා": 2,
  "ප්රශංසාව": 2,
  "ප්රශ්න": -2,
  "ප්රසන්න": 3,
  "ප්රසිද්ධ": 2,
  "ප්රහසනයක්": -1,
  "ප්රහාර": -1,
  "ප්රහාරය": -2,
  "පරහිතකාමී": 2,
  "පරාජය": -2,
  "පරාජිතයා": -3,
  "ප්රාන ඇපයට": -3,
  "ප්රායෝගික": 2,
  "පරාර්ථකාමී": 2,
  "පරාරෝපණය": -2,
  "පරිකල්පනීය": 2,
  "පරිණත": 2,
  "පරිත්යාග": 2,
  "පරිත්යාගයක්": 2,
  "පරිපූර්ණ": 3,
  "පරිපූර්ණත්වය": 3,
  "ප්රිය": 2,
  "ප්රියතම": 2,
  "ප්රියතම දැන්වීම්": 2,
  "පරිසර දූෂණය": -2,
  "පරිසර හිතකාමී": 2,
  "ප්රීති": 3,
  "ප්රීති ඝෝෂාවට": 2,
  "ප්රීති ප්රමෝද": 3,
  "ප්රීති ප්රමෝදයට හේතුවක්": 3,
  "ප්රීති වූ": 4,
  "ප්රීතිමත්": 3,
  "ප්රීතියෙන්": 3,
  "ප්රීතියෙන් කුල්මත්": 4,
  "පරෙස්සම් සහගත": -1,
  "ප්රේම": 3,
  "පලවා හරිමින්": -2,
  "පලා": -1,
  "පලා එන": -1,
  "පලා යයි": -1,
  "ප්ලෑන්": 3,
  "පලි": -2,
  "පව්": -2,
  "පව්කාර": -3,
  "පවා පාසලේදී": -2,
  "පශ්චාත් ව්යසන": -2,
  "පසක්": -1,
  "පස්වරක්": -2,
  "පසැල්වල": 2,
  "පසුගාමී": -2,
  "පසුතැවිල්ලක්": -2,
  "පසුබට": -2,
  "පසුබැසීම": -1,
  "පසුවන ෂෙප් ගේ": 3,
  "පසුවූ": -3,
  "පහත": -1,
  "පහත වැටී": -1,
  "පහත වැටෙන": -1,
  "පහත්ව": -2,
  "පහර": -2,
  "පහරදීම්": -2,
  "පහසු": 1,
  "පහසුවෙන්": 2,
  "පහසුවෙන් රැවටිය හැකි": -2,
  "පහළ මට්ටමේ": -2,
  "පළකරමින්": 2,
  "පළිගන්න": -2,
  "පළිගන්නවා": -2,
  "පළිගැනීම්": -3,
  "පළිගැනීමේ": -2,
  "පාඩු": -3,
  "පාත්ර": 2,
  "පාපය": -2,
  "පාරවල් වල": -2,
  "පාරාදීසයක්": 3,
  "පාලකයේ": 1,
  "පාවා": -3,
  "පාවාදීම": -3,
  "පාළු": -2,
  "පැටවීමට": -1,
  "පැණිරස": 3,
  "පැතිරී යන": -2,
  "පැතිරීම": -2,
  "පැතුම්": 1,
  "පැනවීම": -1,
  "පැමිණ දුබල": -2,
  "පැමිණිල්ලක්": -2,
  "පැමිණිලි": -2,
  "පැවරී": 2,
  "පැහැදිලි": 2,
  "පැහැදිලි බව": 2,
  "පැහැදිලිව": 1,
  "පැහැදීම": 2,
  "පැහැර": -2,
  "පැහැර ගැනීම්": -2,
  "පැහැර ගැනීමට": -2,
  "පැහැර ගෙන ගොස්": -2,
  "පැහැරගෙන": -2,
  "පැහැරගෙන ගොස්": -2,
  "පැළඳ": -1,
  "පිටු දැකීම්": -2,
  "පිටුබලය": 2,
  "පිටුවහල්": -2,
  "පිනිස හාම්පුතුන්": -3,
  "පිනෙන්": 2,
  "පියවරේ ප්රතිඵලයක්": -2,
  "පිරිපහදු": 1,
  "පිරිය": 2,
  "පිරිසිදු": 2,
  "පිරිහී": -2,
  "පිරිහීමට": -2,
  "පිරිහුණු": -2,
  "පිරිහෙන": -2,
  "පිල්ලයාන්": -2,
  "පිලිකුල": -3,
  "පිලිකුල දනවන්නේ": -2,
  "පිලිකුල් සහගත": -2,
  "පිස්සු": -2,
  "පිස්සුව": -3,
  "පිස්සෙක්": -2,
  "පිහියෙන් ඇන": -2,
  "පිළිකා": -1,
  "පිළිකුල්": -3,
  "පිළිකුල් කරන්න": -3,
  "පිළිකුල් සහගත": -3,
  "පිළිකුලක්": -3,
  "පිළිකුල්සහගත": -3,
  "පිළිකුළක්": -2,
  "පිළිගත නොහැකි": -2,
  "පිළිගත හැකි": 1,
  "පිළිගත්තා": 1,
  "පිළිගන්න": 1,
  "පිළිගන්නා": 1,
  "පිළිගනු": 2,
  "පිළිගැනීම": 1,
  "පිළිගැනීමක්": 2,
  "පිළිගැනීමද": 2,
  "පිළිගැනීමේ": 2,
  "පිළිසකර කළ නොහැකි": -2,
  "පීඩනය": -1,
  "පීඩනය එල්ල": -2,
  "පීඩනයට": -2,
  "පීඩා": -2,
  "පීඩාකාරි": -2,
  "පීඩාකාරී": -2,
  "පීඩාකාරී තත්වය": -2,
  "පීඩාවට": -2,
  "පීඩිත": -2,
  "පීලි පැන": -2,
  "පුණ්ය": 2,
  "පුදුම": 4,
  "පුදුමයට": 3,
  "පුදුමයට පත්": 2,
  "පුදුමාකාර": 3,
  "පුදුමාකාර කාරනය": 3,
  "පුදුමාකාර ලෙස": 4,
  "පුනර්ජීවනය": 2,
  "පුපුරා": -2,
  "පුම්බන": 1,
  "පුවතෙන්": -2,
  "පුහුණු ආකාරයේ": -2,
  "පුළුල්": 1,
  "පුළුල් වන": 1,
  "පෙතට": 1,
  "පෙරට එන්නැයි": 2,
  "පෙරමුණ": 1,
  "පේ්රක්ෂකයාට භාර": -2,
  "පොරොන්දු": 1,
  "පොරොන්දු වුණා": 1,
  "පොරොන්දුව": 1,
  "පොරොව": -1,
  "පොලඹවා": -2,
  "පොල්ල": -3,
  "පොලී": 1,
  "පොහොසත්": 2,
  "පොහොසත් ලෙස": 2,
  "පොළඹවාගැනීමට": -1,
  "පෝෂණය": 2,
  "පෝස්ටුවේ": -2,
  "පෞරුෂයෙන්": 2,
  "ඵලදායී": 2,
  "බංකොලොත්": -3,
  "බඩගින්නේ ඉන්න": -2,
  "බද්ධය": -2,
  "බන්ධනාගාර": -2,
  "බනිනවා": -2,
  "බය": -2,
  "බයගුල්ලෙක්": -2,
  "බර": -2,
  "බර පටවා,": -2,
  "බරපතල අපරාධය": -3,
  "බරපතල වැඩ සහිත": 3,
  "බල": 1,
  "බල ගැන්වීම": 2,
  "බල රහිත": -2,
  "බලං": -3,
  "බලගතු": -2,
  "බලපාන ලද": -2,
  "බලපෑම එල්ල වූ": -1,
  "බලමින් සිටින": -2,
  "බලවත්": 2,
  "බලවත් අපහසුතාවයට": -2,
  "බලහත්කාරය": -2,
  "බලා සිටි": -1,
  "බලාපොරොත්තු": 2,
  "බලාපොරොත්තු රහිත": -2,
  "බලාපොරොත්තු වෙනවානම්": 3,
  "බලාපොරොත්තු සුන්": -2,
  "බලාපොරොත්තුව": 2,
  "බ්ව්වත්": -2,
  "බහුතර මතය": 2,
  "බාදා": -2,
  "බාධක": -2,
  "බාධකයක්": -2,
  "බාධා": -2,
  "බාධාවක්": -2,
  "බාධාවක් වෙයි": -2,
  "බාධාවකින්": -2,
  "බාල": -2,
  "බැක්ටීරියාව රෝගියාගේ": -2,
  "බැගෑපත් වෙනවා": -2,
  "බැණ වැදී": -2,
  "බැති": 2,
  "බැනවදි": -2,
  "බැඳීම": -2,
  "බැරෑරුම්": 1,
  "බැරිකමක්": 3,
  "බැල්ලිගෙ": -5,
  "බැල්ලිගේ පුතා": -5,
  "බැල්ලියෝ": -5,
  "බැලු": 2,
  "බැසගත්": 1,
  "බැහැර": -1,
  "බැහැරව": 2,
  "බිඳ වැටීම": -2,
  "බිඳ වැටෙමින්": -2,
  "බිඳුණු": -1,
  "බිබිලි": -2,
  "බිය": -2,
  "බිය ගැන්වීම": -2,
  "බිය ගැන්වීම්": -2,
  "බිය සැක දුරු": 1,
  "බියකරු": -2,
  "බියගුලු": -2,
  "බියට": -2,
  "බියට පත්": -3,
  "බිහිරකු සේ": -1,
  "බිහිසුණු": -3,
  "බිහිසුනු": -3,
  "බීමත්ව": -2,
  "බුද්ධික,": -2,
  "බුද්ධිමත්": 2,
  "බුරුල්": -3,
  "බූරුවා": -4,
  "බෙදාගන්න": 1,
  "බෙලහීන": -2,
  "බේරාගෙන": 2,
  "බොග": 2,
  "බොඳවුණ": -2,
  "බොමින්": -2,
  "බොරතෙල්": -1,
  "බොරු": -1,
  "බොරුකාරයන්": -3,
  "බොරුකාරයා": -3,
  "බොරුවට": -1,
  "බොහෝ පල දරන": 4,
  "බොහෝ ලෙස තෙහෙට්ටු": -2,
  "බොළඳ": -2,
  "බෝම්බ": -1,
  "බෝර": -2,
  "බෝවන": -2,
  "භක්තිය": 2,
  "භය": -2,
  "භයංකර": -3,
  "භයංකාර": -2,
  "භයානක": -3,
  "භාගයන්": 3,
  "භාදා": -2,
  "භාර": 1,
  "භාරගැනීම": 1,
  "භාරදූර": -1,
  "භාවනා": 1,
  "භාවය ඔප්පු": 2,
  "භාවිතයට නුසුදුසු": -2,
  "භීතියට පත්": -3,
  "භීතියට පත්වෙයි": -2,
  "භීතියෙන් ඇළලී": -3,
  "භුක්ති": 2,
  "භූ": -2,
  "භූ කම්පන": -2,
  "මංමුලා": -3,
  "මංමුලා සහගත": -3,
  "මංමුලාවූ": -2,
  "මකාදමන්නට": -2,
  "මග": -1,
  "මග හරිමින්": -2,
  "මග හැරිය": -1,
  "මගහැර": -1,
  "මඟුලේ": -4,
  "මඟුලේ අතිශය අසාමාන්ය": 4,
  "මඟුලේ උණුසුම්": 2,
  "මඟුලේ පරිපූර්ණ": 4,
  "මඟුලේ ප්රේම": 4,
  "මඟුලේ පුදුම": 4,
  "මඟුලේ මහා": 4,
  "මඟුලේ ලස්සන": 4,
  "මඟුලේ හුරුබුහුටි": 4,
  "මඟුලේ හොඳ": 4,
  "මට්ටම්වල": 1,
  "මඩ": -2,
  "මඩිය තර": -2,
  "මතභේද": -2,
  "මතභේදයක්": -2,
  "මතභේදයට": -2,
  "මතභේදයට තුඩුදී ඇති": -2,
  "මතභේදාත්මක": -2,
  "මතයක් දරමින්": -2,
  "මතු": 1,
  "මතුවෙමින් පැවති": -1,
  "මන්ඩල": -2,
  "මන්දගාමී": -2,
  "මන්දැයි ඇඩුවාය": -2,
  "මනමාලියක්": 3,
  "මනස් සෘෂ්ටිකයා": -2,
  "මනස්කාන්ත": 4,
  "මනුස්සයෙක්ද": -4,
  "මනෝ රාජ්යය": -2,
  "මමත් දුවගෙන": 3,
  "මරණ": -2,
  "මරා": -3,
  "මරාගෙන මැරෙන": -2,
  "ම්ලේච්ඡ": -3,
  "ම්ලේච්ඡත්වයට": -3,
  "මවා පානවා": -1,
  "මවා පෙන්වමින්": -1,
  "මවිත": 2,
  "මවිතයට පත්": 2,
  "මසේ": 2,
  "මහත් ආදරයකින්": 2,
  "මහත් ප්රීති ඇති": 3,
  "මහත් විනාශයක්": -2,
  "මහතම දෙන්නා": -2,
  "මහත්මා ගුණයෙන්": -2,
  "මහතාත්": -2,
  "මහා": 1,
  "මහා මොඩයා": -3,
  "මහා ව්යසනයේ": -2,
  "මහිමය": 2,
  "මහිමාන්විත": 2,
  "මළ සිරුර": -1,
  "මානසික අවපීඩනයෙන් පෙළෙන": -2,
  "මානසික ආතතිය": -1,
  "මානුෂික": 2,
  "මාය": 2,
  "මාරක": -2,
  "මාරාන්තික": -3,
  "මාෙර": 1,
  "මැඩම්": -2,
  "මැණික්": 3,
  "මැණිකක්": 1,
  "මැනව;": 2,
  "මැරීමට": -3,
  "මැරුම්": -3,
  "මිත්රත්වය": 2,
  "මිතුරා": 1,
  "මිථ්යාව": -1,
  "මිදිය": 2,
  "මිනිසුන්ට කැමති නැහැ": -3,
  "මිනී": -2,
  "මිනීමරු": -3,
  "මිනීමරුවා": -2,
  "මිනීමැරුම්": -2,
  "මිය": -3,
  "මිය ගිය": -3,
  "මියගොස් ඇත්තේ": -3,
  "මියැදී": -2,
  "මිස්": -2,
  "මිහිරි": 2,
  "මීගහකිවුල": -2,
  "මුග්ධ ලෙස": -2,
  "මුග්ධත්වයට": -3,
  "මුතු මැණික්": 1,
  "මුදල අහෝසි": 1,
  "මුදලින් ගිණිය": -2,
  "මුදවාගත්": 2,
  "මුදාහරිමින්": -2,
  "මුදු මොළොක්": 2,
  "මුදුන්": 2,
  "මුරණ්ඩු": -2,
  "මුලාවක්": -3,
  "මුලින්": -4,
  "මුලු අහසම": -2,
  "මුලු හිතින්": -2,
  "මූනත්තහඩුව": -2,
  "මෙතරම් ප්රශ්න": 2,
  "මෙතැනත් ශාන්ත": 2,
  "මෙන්": 2,
  "මෙම ඖෂධය": 2,
  "මෙය ආරම්භ": -2,
  "මෙරට සාගර": 2,
  "මෙලෝ රහක්": -2,
  "මෙවැනි ඛේදනීය": -3,
  "මෙසේ මොරහඬ දුනි": -2,
  "මෙසේ වහල්කමට": -2,
  "මේ ප්රේමණීය": 2,
  "මොකද": -2,
  "මොර ගෑමක්": -3,
  "මොහොත,": -3,
  "මොළයක්": -2,
  "මෝඩ": 2,
  "මෝඩකම": -3,
  "මෝඩයෙක්": -3,
  "මෝඩයෙකු": -2,
  "මෝඩයෝ": -2,
  "යක්ෂ භූතාදීන්": 3,
  "යන්න පැහැදිලි": -1,
  "යම් ආකාරයක": 0,
  "යයි සිතෙන තරමට": 3,
  "යල් පැන ගිය": -2,
  "යලි ඇරඹුවේය": 2,
  "යලි සහතික": 1,
  "යහපත": 3,
  "යහපත සැලසෙන": 2,
  "යහපත්කම": 3,
  "යහපැවැත්ම": 2,
  "යාච්ඤා": 1,
  "යානාව විපතට පත්වීම යහපත්": 4,
  "යානාව විපතට පත්වීම හුරුබුහුටි": 3,
  "යෑමක්": -2,
  "යු.එස්.එ.්අයි.ඞී.": -1,
  "යුක්ති සහගත": 2,
  "යුක්ති සහගතව": 2,
  "යුක්තිය": 2,
  "යුද්ධ": -1,
  "යුද්ධය": -2,
  "යුහුසුලු": -2,
  "යෙදුණි": 2,
  "යේසුස් වහන්සේ": 1,
  "යොමුවක් නැති": -2,
  "යෝග්යතාවය": 1,
  "යෝජනාව": 2,
  "යෝජනාවකුත්": -3,
  "රජකම්": 1,
  "රජයට විරුද්ධව කැරලිගැසීම": -2,
  "රට පාවාදෙන": -3,
  "රටින් නෙරපා හරිනු": -2,
  "රටේම": -2,
  "රණවිරුවන්": 2,
  "රන්": 2,
  "රඳවා": -2,
  "රඳවා තබා": -1,
  "රවටනු": -3,
  "රවටා": -2,
  "රසය": 3,
  "රසයෙන් පිරි": 3,
  "රසවත්": 3,
  "රසිකයෙක්": 3,
  "රළු පරළු": -2,
  "රාජද්රෝහී චෝදනාව": -3,
  "රැකගෙන ඉන්න": -1,
  "රැකියා විරහිත": -1,
  "රැකීමට බැඳී": -2,
  "රැඳවුම්": -2,
  "රැවටීම": -3,
  "රැවටීමට": -3,
  "රැව්වේ": -2,
  "රැවැටීම": -3,
  "රැුකවරණය": 2,
  "රිදවන": -2,
  "රිදීමක්": -2,
  "රිදෙනව": -2,
  "රිදෙනවා": -2,
  "රිය අනතුරකින්": -2,
  "රියක් හා": -1,
  "රුදුරු": -3,
  "රූගත කිරීම්": -1,
  "රෝග": -2,
  "රෝගය": -1,
  "රෝගය ආසාදනය": -2,
  "රෝගය මර්දනය": -2,
  "රෝගයෙන් පීඩා විඳින්නන්": -2,
  "රෝගාතුර": -2,
  "රෝධය": -1,
  "රෝස": 1,
  "රෝහල්": -2,
  "ලක්ව ඇතිනම්": -2,
  "ලජ්ජාවට": -2,
  "ලජ්ජාවටත්,": -2,
  "ලබා": 2,
  "ලබා ගනිමින්": 2,
  "ලබා දී": 1,
  "ලබා දීම": 1,
  "ලඹ දෙන": -1,
  "ලස්සන": 1,
  "ලස්සනට": 3,
  "ලාභ": 2,
  "ලාභදායි": 2,
  "ලාභදායී": 2,
  "ලාභයක්": 2,
  "ලාෆ්ස්": 1,
  "ලැජ්ජයි": -1,
  "ලැජ්ජා": -2,
  "ලැජ්ජාවක්": -2,
  "ලැබෙන අවාසනාවන්ත": -2,
  "ලැබෙන තෙක්": -1,
  "ලියමනට": 3,
  "ලියාපදිංචිය අවලංගුයි": -1,
  "ලිහිල්": 1,
  "ලෙඩ": -2,
  "ලෙඩ රෝග": -2,
  "ලේ වැකි": -3,
  "ලොකු අභියෝගයක්": -3,
  "ලොකු හීන මාළිගා": -1,
  "ලොබිකරුවා": -2,
  "ලොබිය": -2,
  "ලෝකයේ වෙනස්": -2,
  "ලෝභ": -2,
  "ලෞකික දේවල්": 2,
  "වංක": -2,
  "වංචනික": -4,
  "වංචා": -4,
  "වංචාකර": -2,
  "වංචාකාරයෙක්": -3,
  "වංචාව": -3,
  "වගකිව": 2,
  "වගකීම් විරහිත": -2,
  "වගකීම් විරහිතව": -2,
  "වගකීමක්": 1,
  "වගේ": 2,
  "වට්ටම්": -1,
  "වටිනා": 2,
  "වඩා හොඳ": 2,
  "වඩාත් නරක අතට": -3,
  "වඩාත් නරක අතට හැරීම": -3,
  "වඩාත්ම අපිරිසිදු": -2,
  "වඩාත්ම සතුටු වූ": 3,
  "වත්කම": 2,
  "වත්කම්": 2,
  "වද බන්ධනයට ලක්": -4,
  "වධ": -4,
  "වධ හිංසා": -4,
  "වමනය": -3,
  "වමනේ දාපු": -3,
  "ව්යකූලතා": -1,
  "ව්යසනය": -3,
  "වයසෙ": 4,
  "ව්යාකූල": -2,
  "ව්යාජ": -3,
  "ව්යාජ ලෙස": -2,
  "වර්ගයක": 0,
  "වර්ගීකරණයක්": 3,
  "වර්ජන": -2,
  "වර්ජනය": -2,
  "වර්ණනාවක්": 2,
  "වරද": -3,
  "වරදක්": -2,
  "වරදකරු": -2,
  "වරදට": -2,
  "වරදවා වටහා": -1,
  "වරදවා විස්තර කෙරුම": -2,
  "වර්ධනය": 2,
  "වර්ධනය වන": 1,
  "වරප්රසාද නොලත්": -2,
  "වරප්රසාදිත": 2,
  "වල කපයි": -2,
  "වල කපා": -2,
  "වල කැපීම": -2,
  "වලංගු": 1,
  "වලක්වා": -1,
  "වලකා": -1,
  "වලට හානි පමුණු": -2,
  "වස": -2,
  "වස විස": -2,
  "වසංගත": -3,
  "වසංගතය": -3,
  "වසංගතයක්": -1,
  "වස්තු": 2,
  "වසයෙන් අවතක්සේරු": -1,
  "වසරක් පිරීමත්": 3,
  "වහල්": -3,
  "වහලුන්": -3,
  "වහාම": 1,
  "වළක්වා": -1,
  "වාක්ය": -2,
  "වාටිමූට්ටු රහිත": 2,
  "වාත්තු": 2,
  "වාරණ": -1,
  "වාරණය කරන ලද": -2,
  "වාසනාව": 3,
  "වාසනාවකට": 2,
  "වාසනාවකට මෙන්": 3,
  "වාසනාවන්ත": 3,
  "වාසි": 2,
  "වාසි සහගත": 2,
  "වාසිදායක": 3,
  "වාසිය": 2,
  "වැටළේ": -4,
  "වැටීමේ": -2,
  "වැටුනාවූ": -2,
  "වැටුප්": -1,
  "වැඩ කරන්නේ නැහැ": -3,
  "වැඩ කරන්නේ නෑ": -3,
  "වැඩ වර්ජන": -1,
  "වැඩ වර්ජනය": -2,
  "වැඩකට නැති": -2,
  "වැඩි": 1,
  "වැඩි කමට": -1,
  "වැඩි දියුණු": 2,
  "වැඩි දියුණු කරන": 2,
  "වැඩි දියුණු කිරීම": 2,
  "වැඩිකිරීමෙන්,": 1,
  "වැඩිපුර ආරක්ෂා": -2,
  "වැඩියි": -2,
  "වැඩීමකි": 2,
  "වැදගත්": 2,
  "වැදගත්කම": 2,
  "වැද්දා": -2,
  "වැන්දඹු": -1,
  "වැන්නන්": 2,
  "වැනසීමට": -2,
  "වැඳ නමස්කාර": 3,
  "වැරදි": -2,
  "වැරදි අර්ථ": -2,
  "වැරදි ආකාරයෙන් විස්තර කිරීම": -2,
  "වැරදි තොරතුරු": -2,
  "වැරදි දේවල්": -2,
  "වැරදි ලෙස නියෝජනය කරන": -2,
  "වැරදි ලෙස පාවිච්චි": -2,
  "වැරදි වැටහීමක්": -2,
  "වැරදි සහගත": -2,
  "වැරදි සහගත ලෙස": -2,
  "වැරදි ෙලස": -2,
  "වැරදිකරු බව": -3,
  "වැරදිකරුවෙකු": -2,
  "වැරදියට": -2,
  "වැරදියට වටහා": -2,
  "වැලපෙන": -3,
  "වැසි සහිත": -1,
  "වැළ නොකැඩී පැමිණෙමින්": -1,
  "වැළඳ": 2,
  "වැළඳ ගැනීම්": 2,
  "වැළපීම": -2,
  "වැළැක්වීම": -1,
  "විකට": 1,
  "වික්ටර්": 3,
  "වික්රමසිංහ මතුරට මහත්මිය": -3,
  "විකාර": -2,
  "විකාරය": -2,
  "විකෘති": -2,
  "විකෘති කරනවා": -2,
  "විකෘතිතාවලින්": -2,
  "විගඩම්කාරී": -2,
  "විචක්ෂණභාවයෙන්": 2,
  "විචාර බුද්ධිය": 2,
  "විචාරකයකු": -2,
  "විචිත්ර": 2,
  "විචේචනය": -1,
  "විජයග්රාහී": 4,
  "විටමින්": 1,
  "විධි නියාම": -2,
  "විධිමත්": 2,
  "විනාශ": -3,
  "විනාශ කර දමන": -2,
  "විනාශ කල නොහැකි": 2,
  "විනාශකාරී": -4,
  "විනාශය": -2,
  "විනාශයට පත්": -2,
  "විනෝද": 4,
  "විනෝදාත්මක": 2,
  "විපතට පත්": -3,
  "විපතට පත්වූවන්ගේ": -2,
  "විමතියට පත්": -2,
  "වියදම් අධික": -2,
  "වියරු": -1,
  "වියරුවට": -3,
  "වියැකී": -2,
  "විරැකියාව": -2,
  "විරිතින්": 3,
  "විරුද්ධකාරයා": -1,
  "විරුද්ධාභාෂය": -1,
  "විරෝධතා": -2,
  "විරෝධතාකරුවන්": -2,
  "විරෝධය": -2,
  "විරෝධී": -1,
  "විවාද": -2,
  "විවාදාත්මක": -2,
  "විවෘත අධිකරණයේ සිදුවූ අපහාසය": -1,
  "විවේකිව": 3,
  "විවේචකයන්": -2,
  "විවේචන": -2,
  "විවේචනය": -2,
  "විවේචනයක්": -2,
  "විවේචනයට ලක්": -2,
  "විවේචනයට ලක් කෙළේය": -3,
  "විශ්මය ජනක": 3,
  "විශ්මයට": -2,
  "විශ්මයට පත්කරවමින්": 3,
  "විශ්වසනීය": 2,
  "විශ්වසනීයත්වය": 2,
  "විශ්වාස": 2,
  "විශ්වාස කටයුතු ආරංචි": 2,
  "විශ්වාස කල නොහැකි": -1,
  "විශ්වාසය": 1,
  "විශ්වාසය නොතැබූ හෙයිනි": -3,
  "විශ්වාසවන්ත": 3,
  "විශාල": 1,
  "විශිෂ්ට": 3,
  "විශිෂ්ටත්වය": 3,
  "විශිෂ්ඨ නිර්මාණය": 4,
  "විෂ සහිත": -3,
  "විෂම": -2,
  "විෂමාචාරය": -2,
  "විෂාදයට": -2,
  "විෂුවල් ස්ටූඩියෝ": 2,
  "විසංවාදය": -2,
  "විසන්ධි වූ": -2,
  "විසඳමින්": 1,
  "විසඳා": 2,
  "විසඳිය": 1,
  "විසඳිය නොහැකි": 1,
  "විසඳීම": 2,
  "විසඳීමට": 1,
  "විසඳුම්": 1,
  "විසඳුමක්": 1,
  "විස්මයට පත්": 3,
  "විහිළු": 2,
  "විහිළුවක්": 2,
  "වීර": -2,
  "වීරත්වය": 2,
  "වීරයෙක්": 2,
  "වීරෝදාර": 3,
  "වීසිකරන": -1,
  "වුවහොත්": -2,
  "වූවා": -3,
  "වෘත්තීය පෙනුමක් නැති": -2,
  "වෙඩි තැබීම්": -2,
  "වෙඩි ප්රහාරයක් එල්ල": -2,
  "වෙන්කොට": -1,
  "වෙනස්කම්": -2,
  "වෙනස්කම් කිරීමේ": -2,
  "වෙයිද කියලාවත්": 3,
  "වෙලාගෙන": 2,
  "වෙලාවට": -3,
  "වෙව්ලන": -2,
  "වෙස්": -1,
  "වෙහෙස මහන්සි වී": -1,
  "වෙහෙසට පත්": -2,
  "වේදනා": -1,
  "වේදනාකාරී": -2,
  "වේදනාව": -2,
  "වෛර": -3,
  "වෛර කරන": -3,
  "වෛරය": -3,
  "වොව්": 4,
  "ශක්තිමත්": 2,
  "ශක්තිමත්ම": 2,
  "ශක්තිය": 3,
  "ශක්තීන්": 2,
  "ශරීරයටත්": -1,
  "ශ්රීලනිපයේ වර්තමාන": -3,
  "ශ්රේෂ්ඨතම": 3,
  "ශ්රේෂ්ඨාධිකරණයේ": 2,
  "ශාපය": -1,
  "ශාලාව": 3,
  "ශිෂ්ය ගැටුමක් හේතු": -2,
  "ශුද්ධ": 1,
  "ශුභවාදී බලාපොරොත්තු": 2,
  "ශූර": 2,
  "ශූරයන්": 2,
  "ශෝක": -2,
  "ශෝක වන්න": -3,
  "ශෝකය": -2,
  "ෂඩ්": 3,
  "ෂොප් එකේ": -1,
  "සංකීර්ණ": 2,
  "සංකීර්ණ වෙළඳ ලකුණු හෝ විච්චූරණ": 2,
  "සංකීර්ණතා": -2,
  "සංවේදි": 2,
  "සංවේදී": 2,
  "සංශයවාදී": -2,
  "සංශයවාදීන්": -2,
  "සංසිඳවූයේ": 2,
  "සංසිඳුවීමේ": 2,
  "සගයා": 2,
  "සඟවන්න": -1,
  "සඟවා ගැනීම": -3,
  "සජිත්ගේ": -4,
  "සජීවී": 2,
  "සටන": -1,
  "සටන්": -2,
  "සටනේදී": 2,
  "ස්ටවුට්": 2,
  "සටහන ඒ": 2,
  "සත්කාරක": 2,
  "ස්ත්රී දූෂණ": -4,
  "ස්තී්ර දූෂනයට": -2,
  "සතු අප්රතිහත": 2,
  "සතුට": 3,
  "සතුට පළකරන": 2,
  "සතුටක්": 5,
  "සතුටු": 3,
  "සතුටු සිතින්": 2,
  "සතුටුදායක": 2,
  "ස්තුති": 2,
  "ස්තුතිවන්ත": 2,
  "සතුරන්": -2,
  "සතුරා": -2,
  "සතුරු": -2,
  "ස්ථාවර": 2,
  "ස්ථාවරයන්ට": 2,
  "ස්ථිරසාර": 2,
  "සදහන": -1,
  "සදාචාර විරෝධී": -2,
  "සදාචාරාත්මක": 2,
  "සදාහරිත": 2,
  "සදාහරිත ශාක": 2,
  "සධුම": -2,
  "සන්ත්රාසය": -3,
  "සන්තෝෂය": 3,
  "සන්ධිස්ථානීය": 2,
  "සන්සුන්": 2,
  "සනාථ කරනු ලැබ": 2,
  "සනානසුන": -1,
  "ස්නායු": -1,
  "සඳහා බලපෑම්": -2,
  "සඳුදින": 2,
  "ස්පෑම්": -2,
  "සභාව අක්රිය": -2,
  "සම්": -1,
  "සමගි සන්ධාන": 2,
  "සමගිය": 2,
  "සමච්චලයට භාජනය": -2,
  "සමච්චලයට ලක්": -2,
  "සමන්": -2,
  "සම්පූර්ණ": 2,
  "සම්පූර්ණ අයිතිය": 2,
  "සම්පූර්ණ නොවූ": -2,
  "සම්පූර්ණයෙන්": 2,
  "සමපේක්ෂන": -2,
  "සමබර": 1,
  "සම්බාධක": -2,
  "සම්භාවනීය": 2,
  "සම්මත": 1,
  "සම්මාන": 3,
  "සම්මානය": 2,
  "සම්මානයට පාත්ර": 2,
  "සමරමින්": 3,
  "සමහන්": 2,
  "සමහර": 1,
  "සමහර වචන": 2,
  "ස්මාර්ට්": 1,
  "සමාව": 2,
  "සමාව අයැද": -1,
  "සමාව ඉල්ලන්න": -1,
  "සමාව ඉල්ලීම": -1,
  "සමාව දිය නොහැකි": -3,
  "සමාව නොදීම": -2,
  "සමාවන්න": -1,
  "සමීප": 2,
  "සමුළුව වර්ජනය": -2,
  "සමෘද්ධිමත්": 3,
  "සමෘද්ධිය": 3,
  "සරදම්": -2,
  "සරදම්ශීලී": -2,
  "සරල": 1,
  "සර්ව ශුභවාදී": 2,
  "සරු": 2,
  "සලස්වනවා": -2,
  "සලිත": -2,
  "ස්ලිප්": -1,
  "ස්වයංඅපයෙදුම්": -2,
  "ස්වයංපරස්පර විරෝධී": -2,
  "ස්වයංප්රහේලිකා": -2,
  "ස්වර්ගයේ": 2,
  "ස්වර්ගික": 4,
  "ස්වාභාවික": 1,
  "සවිබල ගැන්වීම": 2,
  "සවිමත්": -2,
  "සහතික": 1,
  "සහතික කිරීමක්": 2,
  "සහනයක්": 2,
  "සහාය": 2,
  "සහාය නොදක්වන": -2,
  "සහෝදරත්වය": 2,
  "සාගතය": -2,
  "සාදාරණයි": 3,
  "සාධාරණ": 2,
  "සාධාරණත්වය": 2,
  "සානුකම්පිත": 2,
  "සාම": 2,
  "සාමකාමී": 2,
  "සාමකාමීව": 2,
  "සාමාජිකයින් රැගෙන එමින්": -1,
  "සාර්ථක": 3,
  "සාර්ථකත්වය": 2,
  "සාර්ථකව": 3,
  "සාර්වත්රික": 2,
  "සාවඥ": -2,
  "සැක": -1,
  "සැක කරනවා": -1,
  "සැක සහිත": -1,
  "සැක සහිත බව": -2,
  "සැකකටයුතු": -2,
  "සැකකරු": -1,
  "සැකකරුවන්": -1,
  "සැකයක්": -1,
  "සැඟවී": -1,
  "සැඟවුණු": -1,
  "සැනසිලිදායක": 2,
  "සැනසුම් සුසුමක්": -2,
  "සැප පහසු": 2,
  "සැපට": -2,
  "සැපයුම අත්හිටුවන": -1,
  "සැබෑ": 2,
  "සැමරීමට": 3,
  "සැමරුම": 3,
  "සැලකිය යුතු": 2,
  "සැලකිලිමත්": -2,
  "සැහැල්ලුවෙන්": 2,
  "සෑම අතින්ම": 2,
  "සෑහීමට": -2,
  "සෑහීමට පත්": 2,
  "සිත් ඇද බැඳ": 3,
  "සිත එකඟ නොවීම": -2,
  "සිත් ගත්තේ": 3,
  "සිත් ගන්නා": 2,
  "සිත් සසල කරවන": 2,
  "සිතන": -2,
  "සිතන්නේ තමන් කිසිම": -2,
  "සිත්පිත් නැති": -2,
  "සිදු": 1,
  "සිදු වුණේ නැහැ": 2,
  "සිදුවීමක්": -1,
  "සිනහව": 2,
  "සිනා උපදවන සුළු": 2,
  "සිය දිවි නසා ගැනීම්": -2,
  "සිය දිවි හානි": -2,
  "සියල්ල වසාදැමීමත්": -2,
  "සියලුම ත්රාසජනක අත්දැකීම්": 2,
  "සිර": -2,
  "සිර වී": -2,
  "සිරකරුවන්": -2,
  "සිරකරුවෙකු": -2,
  "සිරගත": -2,
  "සිසිල්": 1,
  "සිසිල් දේවල්": 3,
  "සිහින": 1,
  "සිහිනය": 1,
  "සිහිවීම": -2,
  "සීමා": -2,
  "සීමා පනවා": -2,
  "සීමා මායිම් නොමැතිව": 2,
  "සීමාවකින්": -1,
  "සීමාවන්": -1,
  "සීමිත": -1,
  "සීරුවෙන්": -1,
  "සීසීටීවී": -2,
  "සුඛෝපභෝගී": 2,
  "සුද්ධෝදන": 3,
  "සුදු හුනු ගෑම": -3,
  "සුදුසු": 1,
  "සුන්දර": 3,
  "සුන්දරත්වය": 3,
  "සුන්බුන්": -2,
  "සුප්රකට": 3,
  "සුපිරි": 2,
  "සුබ පැතුම්": 2,
  "සුබපැතුම්": 2,
  "සුභ උදෑසනක්": 1,
  "සුමිහිරි": 2,
  "සුරක්ෂිත": 2,
  "සුලභතාවය": -2,
  "සුලුය": -2,
  "සුවඳ දුම්": -2,
  "සුවපහසුව": 2,
  "සුවිශේෂී සම්මානය": 3,
  "සුහදශීලී": 2,
  "සූදානම්": 1,
  "සූදු": -3,
  "සෘණ": -2,
  "සෙනෙහස": 3,
  "සෙනේහස තද": 2,
  "සෙල්ලක්කාර": 2,
  "සෙව්ම්": -2,
  "සේක් දැ යි වියවුල්": -2,
  "සේවයෙන් ඉල්ලා අස්වන": -1,
  "සේවා": 2,
  "සොඳුරු": 2,
  "සොරකම්": -2,
  "සොරොව්ව විවෘත": -2,
  "සෝලිය": -3,
  "සෞඛ්ය සම්පන්න": 2,
  "සෞඛ්යයට අහිතකර": -2,
  "ෆකර්": -4,
  "ෆැසිස්ට්": -2,
  "ෆැසිස්ට්වාදීන්": -2,
  "හඟවා": 1,
  "හඬත්": 3,
  "හඬන්න": -2,
  "හඬා": -2,
  "හඬා වැලපෙමින්": -2,
  "හතරේම": 3,
  "හද උණුසුම් කරවන": 3,
  "හදිසි": -1,
  "හදිසි අනතුරු": -2,
  "හඳුනාගන්නා අයුරැ": -2,
  "හපා කා": -2,
  "හරයට": 2,
  "හරවන": -2,
  "හරිත රෙදි සෝදන": -3,
  "හරිත වොෂ්": -3,
  "හරිම දරුණු": -3,
  "හවුල්": 1,
  "හසුරුවනු": -1,
  "හාදුවක්": 2,
  "හානි": -3,
  "හානි පමුණුවිය": -2,
  "හානිකර": -2,
  "හානියක්": -2,
  "හායනය": -2,
  "හාස්ය": 2,
  "හාස්යජනක": -3,
  "හාහා": 3,
  "හැකි": 1,
  "හැකියාව": 1,
  "හැකියාවන්": 2,
  "හැගෙන්නේ": -2,
  "හැඟීම": 1,
  "හැඟීම් දනවන ඒවා": -2,
  "හැඬීමට": -2,
  "හැමදාම තිබිය යුත්තක්": 4,
  "හැරීෙම්": -2,
  "හැලීම්": -1,
  "හැසිරවීම": -1,
  "හැසිරෙනවාට": -2,
  "හෑල්ලුවට ලක්කිරීමේ": -2,
  "හෑල්ලූවට": -2,
  "හෑල්ලූවට ලක්කරමින්": -2,
  "හිංසා පීඩා": -2,
  "හිංසාවාදී": -2,
  "හිඟකම්": -2,
  "හිඟය": -2,
  "හිඟයක්": -2,
  "හිත් පිත් නැති": -2,
  "හිත සනසවන": 3,
  "හිතකර": 2,
  "හිතකාමී": 2,
  "හිතවත්": 3,
  "හිතහිතා මම දුක්": -3,
  "හිනා": 1,
  "හිම කැට": 2,
  "හිමිකම්": 1,
  "හිමිකර": 1,
  "හිර": -2,
  "හිරිහැර": -3,
  "හිරු එළිය": 2,
  "හිස්": -1,
  "හිස්බව": -1,
  "හිසරදය": -2,
  "හී තුඩ": 2,
  "හුදකලා": -1,
  "හුරුබුහුටි": 2,
  "හුරේ": 2,
  "හුවාදක්වනු": -2,
  "හුස්ම ගැනීම": 5,
  "හුස්ම හිරවී": -2,
  "හෘදයාංගම": 3,
  "හෘදයාන්ගම": 2,
  "හෙක්ටයාර": 2,
  "හෙලා": -2,
  "හෙලා දකින": -2,
  "හෙලා දකිමින්": -3,
  "හෙලා දකිමු": -3,
  "හෙලා දැකීම": -2,
  "හෙලිදරව්": -1,
  "හෙළි කළෙමි": -2,
  "හේතුඵල": -2,
  "හොඳ": 3,
  "හොඳ නැහැ": -2,
  "හොඳ පෙනුමැති": 3,
  "හොඳ හිත": 3,
  "හොඳම": 3,
  "හොඳම වැඩක්": 4,
  "හොඳින් proportioned": 2,
  "හොඳින් අවධානය යොමු": 2,
  "හොඳින් ද ඉතා සමීප හිතවතෙකු වූ": 2,
  "හොඳින් පෙරටුකොටගත්": 3,
  "හොඳින් සංවර්ධනය": 2,
  "හොඳින් ස්ථාපිත": 2,
  "හොර බඩු ජාවාරම්,": -2,
  "හොර රහසේ": -2,
  "හොරා": -2,
  "හොල්මන්": -2,
  "ළඟා": 1,
  "ෙනොපියවූ": -1,
  "ෙය ජනව ව": 1,
  "ෙයොදාෙගන": -1,
  "ෙයෝජනා සම්මත": 2
}