{
  "д cashing": -2,
  "Т зогсож чадна": -3,
  "монополь": -2,
  "ухаалгаар": 2,
  "хараал сайн": 4,
  "хараал сайхан": 3,
  "abhors": -3,
  "aborts": -1,
  "absentees": -1,
  "absolved": 2,
  "absolves": 2,
  "absolving": 2,
  "accolade": 2,
  "acquits": 2,
  "acrimonious": -3,
  "adores": 3,
  "adoring": 3,
  "adoringly": 3,
  "advantageously": 2,
  "affectionateness": 3,
  "affronted": -1,
  "aficionados": 2,
  "aghast": -2,
  "agog": 2,
  "agonises": -3,
  "agonizes": -3,
  "agonizing": -3,
  "alarmist": -2,
  "alarmists": -2,
  "amazes": 2,
  "annoys": -2,
  "apeshit": -3,
  "appeases": 2,
  "arsehole": -4,
  "assfucking": -4,
  "astoundingly": 3,
  "astounds": 3,
  "attractively": 2,
  "Aura": 1,
  "averts": -1,
  "axed": -1,
  "badass": -3,
  "bamboozle": -2,
  "bamboozled": -2,
  "bamboozles": -2,
  "bankster": -3,
  "beatific": 3,
  "befit": 2,
  "befitting": 2,
  "bereaves": -2,
  "bereaving": -2,
  "bitterest": -2,
  "blackmailed": -3,
  "blackmails": -3,
  "blames": -2,
  "blithe": 2,
  "bothers": -2,
  "boycotts": -2,
  "brainwashing": -3,
  "braveness": 2,
  "bravura": 3,
  "brilliances": 3,
  "bullshit": -4,
  "chagrined": -2,
  "championed": 2,
  "charmingly": 3,
  "charmless": -3,
  "Cheats": -3,
  "cheerless": -2,
  "CHIC": 2,
  "chide": -3,
  "chided": -3,
  "chides": -3,
  "chiding": -3,
  "chokes": -2,
  "Classy": 3,
  "clueless": -2,
  "cocksucker": -5,
  "cocksuckers": -5,
  "cocky": -2,
  "Compliments": 2,
  "conciliated": 2,
  "conciliates": 2,
  "conflictive": -2,
  "consolable": 2,
  "contagions": -2,
  "contestable": -2,
  "convivial": 2,
  "corrupts": -3,
  "courageousness": 2,
  "coziness": 2,
  "crazier": -2,
  "craziest": -2,
  "crestfallen": -2,
  "criminate": -3,
  "criminated": -3,
  "criminates": -3,
  "cunt": -5,
  "cutback": -2,
  "cutbacks": -2,
  "cynic": -2,
  "damnit": -4,
  "daredevil": 2,
  "Dauntless": 2,
  "deafening": -1,
  "debonair": 2,
  "defunct": -2,
  "dehumanize": -2,
  "dehumanized": -2,
  "dehumanizes": -2,
  "dehumanizing": -2,
  "deject": -2,
  "dejected": -2,
  "dejecting": -2,
  "dejects": -2,
  "delectable": 3,
  "delightfully": 3,
  "demoralize": -2,
  "demoralizes": -2,
  "demoralizing": -2,
  "denier": -2,
  "deniers": -2,
  "deplore": -3,
  "deplored": -3,
  "deplores": -3,
  "deploring": -3,
  "deports": -2,
  "derails": -2,
  "deride": -2,
  "derides": -2,
  "deriding": -2,
  "despairs": -3,
  "detracted": -1,
  "devastations": -2,
  "dickhead": -4,
  "diffident": -2,
  "dilligence": 2,
  "dipshit": -3,
  "direful": -3,
  "dirtier": -2,
  "disapprovals": -2,
  "disconsolate": -2,
  "disconsolation": -2,
  "disgusted": -3,
  "disgustful": -3,
  "disinclined": -2,
  "disjointed": -2,
  "disparage": -2,
  "disparaged": -2,
  "disparages": -2,
  "disquiet": -2,
  "distasteful": -2,
  "distrustful": -3,
  "dithering": -2,
  "dodging": -2,
  "dodgy": -2,
  "dolorous": -2,
  "douchebag": -3,
  "dour": -2,
  "downcast": -2,
  "downer": -2,
  "downhearted": -2,
  "droopy": -2,
  "drudgery": -2,
  "dud": -2,
  "dumbass": -3,
  "dupe": -2,
  "duped": -2,
  "dupery": -2,
  "eery": -2,
  "elation": 3,
  "embarrasses": -2,
  "Enchanted": 2,
  "engrossed": 1,
  "engrossing": 3,
  "ennui": -2,
  "enrage": -2,
  "enrages": -2,
  "enraging": -2,
  "enrapture": 3,
  "enslaves": -2,
  "enthrall": 3,
  "envies": -1,
  "envying": -1,
  "ErrorUndefined": -5,
  "Euphoria": 3,
  "euphoric": 4,
  "evacuates": -1,
  "evergreening": -3,
  "exaggerates": -2,
  "exasparate": -2,
  "exasperated": -2,
  "exasperates": -2,
  "excruciatingly": -1,
  "exhilarated": 3,
  "exhilarates": 3,
  "exonerate": 2,
  "exonerates": 2,
  "exonerating": 2,
  "expels": -2,
  "exultant": 3,
  "exultantly": 3,
  "FAG": -3,
  "fagot": -3,
  "fagots": -3,
  "fainthearted": -2,
  "faker": -3,
  "faking": -3,
  "fascinate": 3,
  "fatiguing": -2,
  "favourited": 2,
  "fearlessness": 2,
  "fervid": 2,
  "fidgety": -2,
  "flustered": -2,
  "foreclosures": -2,
  "forgettable": -1,
  "fraudster": -4,
  "fraudsters": -4,
  "fraudulence": -4,
  "frikin": -2,
  "frisky": 2,
  "ftw": 3,
  "fucked": -4,
  "fucker": -4,
  "fuckers": -4,
  "fuckface": -4,
  "fuckhead": -4,
  "fuckin": -4,
  "fucktard": -4,
  "fud": -3,
  "fuked": -4,
  "fuking": -4,
  "fuming": -2,
  "funnier": 4,
  "gagged": -2,
  "gallantly": 3,
  "gallantry": 3,
  "glamourous": 3,
  "gleeful": 3,
  "glum": -2,
  "goddamn": -3,
  "Godsend": 4,
  "goodmorning": 1,
  "goofiness": -2,
  "gr8": 3,
  "greenwash": -3,
  "greenwasher": -3,
  "greenwashers": -3,
  "greenwashing": -3,
  "groans": -2,
  "gullibility": -2,
  "hahaha": 3,
  "hahahah": 3,
  "Hallelujah": 3,
  "haplessness": -2,
  "hardier": 2,
  "hater": -3,
  "Haunted": -2,
  "heavyhearted": -2,
  "horrid": -3,
  "huckster": -2,
  "humerous": 3,
  "humourous": 2,
  "hurray": 5,
  "hysterics": -3,
  "icky": -3,
  "idiocy": -3,
  "imbecile": -3,
  "impeachments": -3,
  "impedingly": -2,
  "imposter": -2,
  "incapacitates": -2,
  "incensed": -2,
  "incensing": -2,
  "indignant": -2,
  "indoctrinate": -2,
  "indoctrinated": -2,
  "indoctrinates": -2,
  "indoctrinating": -2,
  "inediable": -2,
  "ineffectual": -2,
  "inept": -2,
  "ineptitude": -2,
  "inexorable": -3,
  "infantilized": -2,
  "infatuated": 2,
  "infatuation": 2,
  "infesting": -2,
  "infests": -2,
  "infract": -2,
  "infracted": -2,
  "infracting": -2,
  "infracts": -2,
  "insensitivity": -2,
  "insipid": -2,
  "intimidates": -2,
  "intransigence": -2,
  "intransigency": -2,
  "invulnerable": 2,
  "irreproducible": -2,
  "irresolute": -2,
  "jackass": -4,
  "jackasses": -4,
  "jaunty": 2,
  "jocular": 2,
  "Jolly": 2,
  "joyless": -2,
  "jumpy": -1,
  "justifiably": 2,
  "kickback": -3,
  "kidnaps": -2,
  "kudos": 3,
  "lackadaisical": -2,
  "LAG": -1,
  "laughting": 1,
  "lawl": 3,
  "lethality": -2,
  "libelous": -2,
  "lifesaver": 4,
  "lighthearted": 1,
  "likable": 2,
  "likeable": 2,
  "likers": 2,
  "litigious": -2,
  "livid": -2,
  "lmao": 4,
  "lmfao": 4,
  "loathes": -3,
  "lobbyist": -2,
  "lolol": 4,
  "lololol": 4,
  "lolololol": 4,
  "lonesome": -2,
  "lool": 3,
  "loool": 3,
  "looool": 3,
  "lousy": -2,
  "lovelies": 3,
  "lugubrious": -2,
  "lunatics": -3,
  "lurks": -1,
  "maddening": -3,
  "maladaption": -2,
  "maldevelopment": -2,
  "maltreatment": -2,
  "mediocrity": -3,
  "menaced": -2,
  "menaces": -2,
  "mirth": 3,
  "mirthful": 3,
  "mirthfully": 3,
  "misbranding": -3,
  "miscast": -2,
  "mischiefs": -1,
  "misclassifies": -2,
  "misclassify": -2,
  "misconducted": -2,
  "misconducting": -2,
  "miserably": -3,
  "misfire": -2,
  "misgiving": -2,
  "misleaded": -3,
  "misplaces": -2,
  "misplacing": -2,
  "mispricing": -3,
  "misreport": -2,
  "misreporting": -2,
  "misreports": -2,
  "mistaking": -2,
  "mocks": -2,
  "modernizes": 2,
  "mongering": -2,
  "monotone": -1,
  "Moody": -1,
  "mope": -1,
  "moping": -1,
  "motherfucker": -5,
  "motherfucking": -5,
  "mumpish": -2,
  "n00b": -2,
  "nifty": 2,
  "niggas": -5,
  "nigger": -5,
  "OKS": 2,
  "optionless": -2,
  "ostracize": -2,
  "ostracizes": -2,
  "ouch": -2,
  "outmaneuvered": -2,
  "overprotective": -2,
  "overran": -2,
  "overreact": -2,
  "overreacted": -2,
  "overreaction": -2,
  "overreacts": -2,
  "oversell": -2,
  "overselling": -2,
  "oversells": -2,
  "oversimplification": -2,
  "oversimplified": -2,
  "oversimplifies": -2,
  "oversimplify": -2,
  "overstatements": -2,
  "overwrought": -3,
  "pensive": -1,
  "perfects": 2,
  "persecutes": -2,
  "pesky": -2,
  "phobic": -2,
  "pileup": -1,
  "Pique": -2,
  "piqued": -2,
  "pissed": -4,
  "Pissing": -3,
  "piteous": -2,
  "plodding": -2,
  "possessive": -2,
  "prblm": -2,
  "prblms": -2,
  "profiteer": -2,
  "prosecutes": -1,
  "pseudoscience": -3,
  "psychopathic": -2,
  "racists": -3,
  "rageful": -2,
  "ranter": -3,
  "ranters": -3,
  "rants": -3,
  "rapist": -4,
  "rapturous": 4,
  "refreshingly": 2,
  "relishing": 2,
  "repercussion": -2,
  "reprimanding": -2,
  "reprimands": -2,
  "repulse": -1,
  "revolting": -2,
  "robed": -2,
  "robing": -2,
  "robs": -2,
  "rofl": 4,
  "roflcopter": 4,
  "roflmao": 4,
  "romantical": 2,
  "rotfl": 4,
  "rotflmfao": 4,
  "rotflol": 4,
  "sadden": -2,
  "salutes": 2,
  "saluting": 2,
  "sappy": -1,
  "savange": -2,
  "savanges": -2,
  "scapegoat": -2,
  "scapegoats": -2,
  "scornful": -2,
  "scumbag": -4,
  "seditious": -2,
  "sexist": -2,
  "sexistic": -2,
  "shithead": -4,
  "shitty": -3,
  "shoody": -2,
  "shrew": -4,
  "singleminded": -2,
  "slashing": -2,
  "sleeplessness": -2,
  "slicker": 2,
  "slickest": 2,
  "slut": -5,
  "smuggles": -2,
  "sneaky": -1,
  "snub": -2,
  "snubbed": -2,
  "snubbing": -2,
  "snubs": -2,
  "spiritless": -2,
  "squandering": -2,
  "squanders": -2,
  "squelched": -1,
  "stabs": -2,
  "Stampede": -2,
  "stank": -2,
  "starves": -2,
  "stinked": -2,
  "stinker": -2,
  "stinks": -2,
  "stressor": -2,
  "suave": 2,
  "sueing": -2,
  "taint": -2,
  "terrifically": 4,
  "terrorized": -3,
  "terrorizes": -3,
  "thwarts": -2,
  "timorous": -2,
  "Toothless": -2,
  "tout": -2,
  "touts": -2,
  "transgresses": -2,
  "travesty": -2,
  "tremulous": -2,
  "Troll": -2,
  "twat": -5,
  "tyran": -3,
  "tyrannic": -3,
  "tyrannically": -3,
  "tyrans": -3,
  "UGH": -2,
  "unappeasable": -2,
  "unavailing": -2,
  "unconcerned": -2,
  "uncredited": -1,
  "underperforms": -2,
  "undeserving": -2,
  "unequaled": 2,
  "unfitted": -2,
  "unfunny": -2,
  "ungenerous": -2,
  "unimaginative": -2,
  "unimpressed": -2,
  "uninspired": -2,
  "uninvolving": -2,
  "unlovable": -2,
  "unoriginal": -2,
  "unparliamentary": -2,
  "unreleting": -2,
  "unresearched": -2,
  "untarnished": 2,
  "uselessness": -2,
  "vapid": -2,
  "verdicts": -1,
  "vindicating": 2,
  "vociferous": -1,
  "walkouts": -2,
  "wanker": -3,
  "warmhearted": 2,
  "warmness": 2,
  "winwin": 3,
  "woebegone": -2,
  "woeful": -3,
  "Woo": 3,
  "woohoo": 3,
  "wooo": 4,
  "woow": 4,
  "wowww": 4,
  "WTF": -4,
  "wtff": -4,
  "wtfff": -4,
  "XO": 3,
  "XOXO": 3,
  "xoxoxo": 4,
  "xoxoxoxo": 4,
  "yeees": 2,
  "yucky": -2,
  "Yummy": 3,
  "zealots": -2,
  "Аваагүй": -2,
  "аварга": 2,
  "авардаг": 2,
  "аварсан": 2,
  "авахыг": -2,
  "авилгач": -3,
  "авлига": -3,
  "авлигын": -3,
  "аврагдсан": 2,
  "аврал": 2,
  "аврах": 2,
  "аврахын": 2,
  "автдаг": -2,
  "авъяас": 2,
  "агуу их": 3,
  "адал": 2,
  "адал явдал": 2,
  "адал явдал адал явдал": 2,
  "адисалдаг": 2,
  "адислал": 3,
  "адислалууд": 3,
  "адислах": 2,
  "ажиггүй": -2,
  "ажил хаялт": -1,
  "ажилгүй": -1,
  "ажилгүйдлийн": -2,
  "ажиллахгүй байна": -3,
  "Ажиллахгүй байна": -3,
  "ажлаас халах": -2,
  "аз": 2,
  "аз болоход": 2,
  "аз жаргал": 3,
  "аз жаргалгүй": -2,
  "аз жаргалтай": 3,
  "аз завшаантай": 2,
  "азаар": 3,
  "азгүй": -2,
  "азгүй байдал": -2,
  "азтай": 3,
  "ай": -2,
  "айдас": -2,
  "айж": -3,
  "айж сандарсандаа": -3,
  "айлган сурдүүлэх": -3,
  "айлган сүрдүүлж": -3,
  "айлган сүрдүүлэх": -2,
  "айлгах": -2,
  "аймаар": 4,
  "аймар": -2,
  "аймхай": -2,
  "аймшгийн газар": -3,
  "аймшиг": -3,
  "аймшигт": -3,
  "аймшигт үйлийн": -3,
  "аймшигтай": -3,
  "айсан": -2,
  "алах": -3,
  "албадан": -1,
  "албадан гаргах": -2,
  "албадан нутаг": -2,
  "албадан нүүлгэх нь": -1,
  "алга": -1,
  "алга ташилт": 2,
  "алдаа": -2,
  "алдаатай": -3,
  "алдагдал": -2,
  "алдагдвал": -2,
  "алдагдуулахад": -2,
  "алдагдуулдаг": -2,
  "алдагдуулсан": -2,
  "алдаж": -3,
  "алдар нэр": 1,
  "алдар суу": 2,
  "алдарт": 3,
  "алдартай": 2,
  "алдах": -1,
  "алдсан": -3,
  "аллага": -2,
  "аллага болсон байна шүү": -2,
  "аллагад": -3,
  "алмазан": 1,
  "алсын хараа": 1,
  "алсын хараатай": 3,
  "алт": 2,
  "алуурчин": -2,
  "амар амгалан": 2,
  "амарсан": 2,
  "амбицтай": 2,
  "амгалан": 2,
  "амжилт": 3,
  "амжилт олно": 2,
  "Амжилт хүсье": 3,
  "амжилтгүй": -2,
  "амжилтгүй болох": -2,
  "амжилтгүй болсон": -2,
  "амжилттай": 3,
  "амиа хорлолт": -2,
  "амиа хорлох": -2,
  "амийг нь хөнөөх": -3,
  "амин хувиа хичээдэггүй": 2,
  "амины": -2,
  "амлалт": 2,
  "амлалтууд": 1,
  "амласан": 1,
  "амссан": -2,
  "амттай": 3,
  "амь насаа алдах тохиолдол": -3,
  "амь насаа алдсан": -3,
  "амьгүй": -1,
  "амьгүй түгжээ": -2,
  "амьд": 2,
  "амьд үлдсэн": 2,
  "амьдаар нь": 1,
  "амьдралынхаа туршид нэг удаа": 3,
  "амьдрах чадвар": 3,
  "амьсгал боогдох": -2,
  "амьсгалав": -2,
  "антагонист": -2,
  "анхааралгүй": -2,
  "анхааралтай": 2,
  "анхаарахгүй": -2,
  "анхааруулах": -3,
  "анхааруулж": -2,
  "анхааруулжээ": -2,
  "арга заль": -1,
  "арга зүйн": 2,
  "аргагүй": -1,
  "Аргагүй": 1,
  "ариун": -1,
  "ариун журамт": 2,
  "ариун цэврийн шаардлага хангахгүй": -2,
  "арчаагүй": -2,
  "арын": 2,
  "арьс": -1,
  "арьс өнгөөр ​​ялгаварлан гадуурхах": -3,
  "асгарсны": -1,
  "асуудал": 1,
  "асуудал сунжирч": -1,
  "асуудлууд": -2,
  "асуудлуудад": -2,
  "асууж": -1,
  "асуулт тавих": -1,
  "атаархал": -1,
  "атаархдаг": -2,
  "ач холбогдол": 1,
  "ач холбогдолгүй": -2,
  "ачтан": 2,
  "ашиг": 2,
  "ашиг сонирхол": 1,
  "ашиг тус": 2,
  "ашиглах": -2,
  "ашигтай": 2,
  "аюул": -2,
  "аюул занал": -2,
  "аюул занал учруулж": -2,
  "аюул учруулдаг": -2,
  "аюулгүй": 2,
  "аюулгүй байдал": 1,
  "аюулд": -2,
  "аюултай": -2,
  "ая тухыг алдагдуулж": -2,
  "аятайхан": 2,
  "Бvх юм": -3,
  "баатар": 2,
  "баатарлаг": 3,
  "баатрууд": 2,
  "бааш": -3,
  "баг": -1,
  "бага байгаа": -2,
  "багалзуурдаж алах": -2,
  "багасгах": -2,
  "байгалийн": 1,
  "байгаль орчинд ээлтэй": 2,
  "байдал": -2,
  "байлдааны": -1,
  "байр суурь": 2,
  "байцаагдаж": -2,
  "баларч": -2,
  "балгас": -2,
  "барагдаж": -2,
  "баргар": -2,
  "баривчилжээ": -3,
  "баривчлах": -2,
  "барих": -2,
  "Барууны": -2,
  "бат бөх": 2,
  "баталгаа": 1,
  "баталгаагүй": -2,
  "баталгаажуулах": 2,
  "баталдаг": 1,
  "баталжээ": 2,
  "баталсан": 2,
  "баталсан юм": 2,
  "батлав": 1,
  "батламжилдаг": 2,
  "батлах": 2,
  "бахадмаар сайхан": 3,
  "бахархалтайгаар": 2,
  "бахархдаг": 2,
  "бахдан": 2,
  "бачимдах шиг": -2,
  "баширлах": -3,
  "баялаг": 3,
  "баян": 2,
  "баян чинээлэг": 3,
  "баяр": 2,
  "баяр баясгалан": 4,
  "баяр баясгалантай": 3,
  "баяр хөөр": 3,
  "баяр хөөрөөр дүүрэн": 2,
  "баяр хөөртэй": 3,
  "баяр хөөртэйгөөр": 3,
  "баяр хүргэв": 2,
  "баяр хүргэе": 2,
  "Баяр хүргэе": 2,
  "баярладаг": 2,
  "баярлаж,": 3,
  "баярлалаа": 2,
  "баярласан": 4,
  "баярлах": 4,
  "баяртай": 3,
  "баяртайгаар": 2,
  "баясал": 3,
  "баясдаг": 4,
  "баяссан": 4,
  "беелжсенийг": -3,
  "Бие сулрах": -2,
  "биелүүлдэг": 2,
  "биелүүлсэн": 2,
  "биелүүлэх": 2,
  "биелүүлээгүй": -2,
  "биелэгдээгүй": -2,
  "биелэл": 2,
  "биеэ буруу авч": -2,
  "биеэ буруу авч явах": -2,
  "бий болгож байна": -2,
  "бичиг зохиолыг хянагч": -2,
  "бичиг үсэг үл мэдэх": -2,
  "биширч": 3,
  "бишрэн": 3,
  "бишрэх": 3,
  "бишрэх цаг": 3,
  "бла гэх мэт": -2,
  "блок": -1,
  "богино sightedness": -2,
  "богино хараатай": -2,
  "бодлогогүй": -2,
  "Бодол санаагүй": -2,
  "Бодох": 1,
  "бодох санах юмгүйгээр": -3,
  "бойкотлосны": -2,
  "болгоомжлол": 2,
  "болгоомжтой": -1,
  "боловсронгуй": 2,
  "боловсронгуй болгох": 1,
  "боломж": 2,
  "боломжгүй": -1,
  "боломжийн": 2,
  "боломжууд": 1,
  "боол": -3,
  "боолууд": -3,
  "боолчлогдсон": -2,
  "боолчлол": -3,
  "боолчлох": -2,
  "боомилсон": -2,
  "бороотой": -1,
  "бослого": -2,
  "босогчдын": -2,
  "босогчид": -2,
  "бохир": -2,
  "Бохир": -3,
  "бохирдол": -2,
  "бохирдсон": -2,
  "бохирдуулагч": -2,
  "бохирдуулах": -2,
  "бохирдуулдаг": -2,
  "бохирдуулж": -2,
  "бөглөрөл": -2,
  "бөгөөд дохио авах байрлуулах": -1,
  "бөмбөг": -1,
  "бөмбөг таслалт": -2,
  "бөөлжилт": -3,
  "бөөлжис": -3,
  "будилсан": 2,
  "будлиантай": -2,
  "бужигналдан": -2,
  "бузар": -3,
  "бузар булай үйлийг үйлдэгч": -2,
  "бузар гэм нь үлэмж": -3,
  "бузар явдал": -2,
  "буланд": -2,
  "булингартай": -2,
  "буруу": -2,
  "буруу ангилж тусгасан": -2,
  "буруу ашигласан": -2,
  "буруу ойлгосон": -2,
  "буруу ташаа": -2,
  "буруу ташаа ойлгосон": -2,
  "буруу уншиж": -1,
  "буруу үйлдэл": -2,
  "буруу хөрвүүлсэн": -2,
  "буруу хэрэг хийсэн": -2,
  "буруугаар": -3,
  "буруугаар ашиглаж": -2,
  "буруугаар ашиглах": -2,
  "буруугаар ойлгож": -2,
  "буруутай": -2,
  "буруутан": -2,
  "буруутгагдаж": -2,
  "буруутгаж": -2,
  "буруутгах": -2,
  "буруушаав": -2,
  "буруушааж": -2,
  "буруушаалт": -2,
  "буруушаах": -2,
  "бурхан": 1,
  "бус, батлагдсан": -2,
  "бусниулдаг": -2,
  "буталдаг": -1,
  "буталсан": -2,
  "бутлах": -1,
  "буу": -1,
  "буудлуудыг": -1,
  "бууж": -1,
  "буурсан": -1,
  "бууруулснаар": -1,
  "буурч": -1,
  "бухимдал": -2,
  "бухимдалтай": -2,
  "бухимддаг": -2,
  "бухимдмаар": -2,
  "бухимдсан": -3,
  "бухимдуулж": -2,
  "буцалтгүй тусламж": 1,
  "буяны": 2,
  "бүдүүлгээр": -2,
  "бүдүүлэг": -2,
  "бүдүүн": 2,
  "бүдэг": -2,
  "бүрэн бус": -1,
  "бүрэн бүтэн": 2,
  "бүрэн бүтэн байдал": 2,
  "бүслэлт": -2,
  "бүтэлгүйтжээ": -2,
  "бүтэлгүйтлийг": -3,
  "бүтэлгүйтсэн": -3,
  "бүтээлүүд": 4,
  "бүтээлч": 2,
  "бүх зүйлд": -2,
  "бүхэнд зөвлөж байна": -2,
  "бэлгийн сулралтай": -2,
  "бэлэвсэн": -1,
  "бэлэг": 2,
  "бэлэн": 2,
  "Бэлэнчлэх": -3,
  "бэрхшээл": -2,
  "бэхжүүлсэн": 2,
  "бэхжүүлэх": 2,
  "бялхам": 2,
  "бясалгалд": 1,
  "бясалгах": 1,
  "Вася бахдан биширдэг": 2,
  "витамин": 1,
  "вон": 3,
  "га": 2,
  "гадуурхах": -2,
  "гаж": -3,
  "гаж нөлөө": -2,
  "гажигтай": -3,
  "гажсан": -2,
  "гажуудаж": -2,
  "гажуудуулах": -2,
  "гажуудуулдаг": -2,
  "гажуудуулж": -2,
  "газрын": -1,
  "гай": -2,
  "гай зовлон": -2,
  "гайх": 3,
  "гайхаж": -2,
  "гайхалтай": 5,
  "Гайхалтай": 4,
  "гайхамшгийг": 3,
  "гайхамшгуудыг": 3,
  "гайхамшиг": 4,
  "гайхамшигт": 3,
  "гайхамшигтай": 2,
  "гайхамшигтайгаар": 4,
  "гайхмаар": 3,
  "гайхсан": -2,
  "гайхуулах": 3,
  "гал": -2,
  "гал цогтой": 2,
  "галзуу": -2,
  "галзуугийн": -4,
  "галзуугийн гайхалтай": 4,
  "галзуугийн их": 4,
  "галзуугийн сайн": 4,
  "галзуугийн сайхан": 4,
  "галзуугийн төгс": 4,
  "галзуугийн хайр": 4,
  "галзуугийн хайртай": 4,
  "галзуурал": -3,
  "гамшгийн": -2,
  "гамшиг": -2,
  "ганцаараа": -2,
  "ганцаардмал": -2,
  "гарах": -3,
  "гарахын": 1,
  "гаргийн": 2,
  "гарз": -3,
  "гаслах": -2,
  "гацсан": -2,
  "гачигдал": -2,
  "гашуудаж": -2,
  "гашуудаж байна": -2,
  "гашуудал": -2,
  "гашуун": -2,
  "гашуунаар": -2,
  "гичий": -5,
  "гичийнүүдийн": -5,
  "гоё сайхан": 3,
  "гоёмсог": 2,
  "гойд": 3,
  "Гол": 1,
  "гомдож": -2,
  "гомдол": -2,
  "гомдоллож": -2,
  "гомдоллоод": -2,
  "гомдоллосон": -2,
  "гомдоож": -2,
  "гомдоохгүй": -2,
  "гоо сайхан": 3,
  "гоолиг": 2,
  "гөлөг": -1,
  "гуйвуулсан": -2,
  "гуйвшгүй": 2,
  "гунигтай": -2,
  "гутаадаг": -2,
  "гутарчээ": -2,
  "гутранги": -2,
  "гутрангуй": -2,
  "гүйцэлдүүлдэг": 2,
  "гэгээрсэн": 2,
  "гэгээрүүлж": 2,
  "гэгээрүүлэх": 2,
  "гэдэгт найдаж байна": 2,
  "гэж найдаж": 2,
  "гэм": -3,
  "гэм буруу": -3,
  "гэм буруутай": -3,
  "Гэм нүгэл": -2,
  "гэмт": -2,
  "гэмт хэрэг": -3,
  "гэмт хэрэгт ноогдуулах": -3,
  "гэмт хэрэгт тооцсон": -3,
  "гэмт хэрэгтнүүд": -3,
  "гэмт этгээд": -2,
  "гэмтлийн": -3,
  "гэмтлийн дараах": -2,
  "гэмтсэн": -3,
  "гэмтэл": -2,
  "гэмтээхгүй": -2,
  "гэмшил": -2,
  "гэнэн": -2,
  "гэнэт эсрэгээр эргэв": -1,
  "гэнэтийн": -2,
  "гэрэлтүүлнэ": 3,
  "гэрээ": 1,
  "гэтэлгэгдэх": 2,
  "гэх мэт бүү": -2,
  "даамжруулж": -2,
  "даасан": 2,
  "давж гаршгүй": 2,
  "давж заалдах": 2,
  "давуу тал": 2,
  "давуу талтай": 2,
  "дагуулсаар": -2,
  "дагуурын": -2,
  "дайлж": -2,
  "дайн": -2,
  "дайралтыг": -2,
  "дайсагнал": -2,
  "дайсагнасан": -2,
  "дайсан": -1,
  "дайснууд": -2,
  "далдлах": -2,
  "далөдирах": -1,
  "дампуурал": -3,
  "дампуурсан": -3,
  "дараагийн": 3,
  "дарамт": -2,
  "дарамт шахалт": -2,
  "дарамт, ачааллыг": -2,
  "дарамтлан мөнгө": -3,
  "дарамттай": -2,
  "дарангуйлан захирах дэглэм": -2,
  "даржээ": -2,
  "дарлал": -2,
  "даруу": 1,
  "дархлаа": 1,
  "Дарьганга": -2,
  "деформаци": -2,
  "диваажин": 3,
  "дийлдэшгүй": 2,
  "Дик": -4,
  "диян бясалгалын": -1,
  "довтлогчид": -2,
  "довтолгоо": -1,
  "Довтолгооны": -2,
  "довтолж": -1,
  "довтолсон": -1,
  "доголдлыг": -3,
  "доголон": -2,
  "догшин": -3,
  "домог": -1,
  "доог тохуу": -2,
  "дооглон тохуурхаж,": -2,
  "доод": -2,
  "дордсон": -3,
  "доройтож": -2,
  "доройтсон": -2,
  "доройтуулах": -2,
  "доройтуулж": -2,
  "доромжилсон": -2,
  "доромжлол": -3,
  "доромжлолуудыг": -2,
  "доромжлолын": -2,
  "доромжлон": -2,
  "доромжлох": -2,
  "доромжлуулж": -2,
  "доромжлуулсан": -3,
  "дотно": 2,
  "дохиоллын": -2,
  "дөнгө": -2,
  "дулаан": 2,
  "дундуур": -2,
  "дур булаам": 3,
  "дур булаасан": 3,
  "дур зоргоор": 1,
  "дургvйцлээ илэрхийлсэн": -3,
  "дургүй": -2,
  "Дургүй": -2,
  "дургүйг": -2,
  "дургүйцлийг": -2,
  "дургүйцсэн": -2,
  "дургүйцэл": -2,
  "дурсамжтай": 1,
  "дурсгалд": -2,
  "дуртай": 2,
  "дутагдал": -2,
  "дутагдалтай": -2,
  "дутмагшил": -2,
  "дутуу": -1,
  "дутуу үнэлэх": -1,
  "дутуу үнэлээгүй": -1,
  "дуу чимээтэй": -1,
  "дуулиант хэргүүд": -3,
  "дүгнэсэн": -2,
  "дүлий": -3,
  "дүнсгэр": -2,
  "дүр эсгэх": -1,
  "дэвшилтэт": 1,
  "дэгдэлт": -2,
  "дэгдэлтийн": -2,
  "дэгдээсэн": -1,
  "дэлбэлсэн": -2,
  "дэлгэрэнгүй": 2,
  "дэмждэг": 2,
  "дэмжигдсэн": 2,
  "дэмжигдээгүй": -2,
  "дэмжигч": 1,
  "дэмжигчид": 1,
  "дэмжиж байна": 2,
  "дэмжих": 1,
  "дэмжихийн": 1,
  "дэмжлэг": 2,
  "дэмжсэн": 2,
  "дэмий": -2,
  "дэмий үрэх": -2,
  "дээд": 4,
  "дээд зэргийн": 2,
  "дээдэлсэн": 2,
  "дээр тулгуурласан": 1,
  "дээрэлхдэг": -2,
  "дээрэлхэж": -2,
  "дээрэлхэх": -2,
  "дээрэм": -2,
  "егдеггуй": -2,
  "егөөдлийн": -2,
  "егөөтөй": -1,
  "ёж, егөөдөл": -1,
  "ёолж": -2,
  "еолох": -2,
  "ёолох": -2,
  "ёс журамгүй": -2,
  "ёс зүйгүй": -2,
  "ёс зүйн": 2,
  "Есүс": 1,
  "жvжигт гардаг": -1,
  "жагсагчид": -2,
  "живж": -2,
  "живэх": -2,
  "жигшил": -2,
  "Жигшил": -2,
  "жигшин": -2,
  "жигшин зэвүүцэхийг": -3,
  "жигших": -3,
  "жигшлийг төрүүлдэг": -3,
  "жигшмээр": -2,
  "жигшсэн": -2,
  "жигшүүрт": -3,
  "жоохон сонин": -2,
  "жүчээний": -2,
  "заавал": -1,
  "заваарсан": -2,
  "завшдаг": 2,
  "завших": -3,
  "задарч": -2,
  "зайлсхийдэг": -1,
  "зайлсхийх": -1,
  "зайтай": 1,
  "залбирч": 1,
  "залбирчээ": 1,
  "залгамжилсан": 3,
  "залгамжлав": 3,
  "залилан": -3,
  "залилан хийжээ": -3,
  "залилангийн": -3,
  "залуу": 2,
  "залхаамаар": -2,
  "залхаан цээрлүүлэх": -2,
  "залхаж": -2,
  "залхуу": -1,
  "заль мэх": -3,
  "зальтай": 2,
  "замбараагүй": -2,
  "заналхийлэв": -2,
  "занар": 2,
  "занга": -1,
  "зарга": -1,
  "зарга мэдүүлжээ": -2,
  "зардал": -2,
  "зарим төрлийн": 0,
  "Зарлан дуудах хуудсанд": -2,
  "зартай": -2,
  "засав": 1,
  "заслыг буруу": -2,
  "Зеалот": -2,
  "зовж": -2,
  "Зовж": -2,
  "зовж шаналсан": -1,
  "зовлон": -3,
  "зовлонтой": -2,
  "зовнил": 2,
  "зовоож": -2,
  "зовоосон": -3,
  "зовоох": -3,
  "зовсон": -2,
  "Зогс": -1,
  "зогслоо": -2,
  "зогсоов": -1,
  "зогсоолтгүй": 2,
  "зогсоох": -1,
  "зогссон": -2,
  "зогссонд хөдөлгөөнгүй болон өргөгдөв": -2,
  "зодох": -1,
  "зодуулж": -2,
  "золгүй": -3,
  "зориг нь мохож": -2,
  "зоригтой": 2,
  "зоригтойгоор": 2,
  "Зорилго тодорхойлох": 1,
  "зорилготой": 2,
  "зоримог": 2,
  "зохиомлоор": -1,
  "зохиомол": 2,
  "зохисгүй": -2,
  "зохистой": 2,
  "зохих": 2,
  "зохих ёсоор": 2,
  "зохицолтойгоор": 2,
  "зөв чиглэл": 3,
  "зөв шударга байдал": 2,
  "зөвлөж байна": 2,
  "зөвлөмөөр": 1,
  "зөвшөөрлийн": 2,
  "зөвшөөрнө": 2,
  "зөвшөөрөв": 1,
  "зөвшөөрөл": 2,
  "зөвшөөрөлгүй": -2,
  "Зөндөө": -4,
  "зөөвөрлөн гаргах": -1,
  "зөөлрүүлж": 3,
  "зөрөлдөөн": -2,
  "зөрүүд": -2,
  "зөрчил": -2,
  "Зөрчил сөргөлдөөн": -2,
  "зөрчилдөөн": -2,
  "Зөрчилдөөн": -2,
  "зөрчилдөөнтэй": -1,
  "зөрчилтэй": -2,
  "зөрчинө": -2,
  "зөрчлийн": -2,
  "зөрчсөн": -2,
  "зугаа цэнгэлийн": 3,
  "зугаацал": 3,
  "зугатаж": -1,
  "зугтаах замд": -1,
  "зугтав": -1,
  "зугтахыг": -1,
  "зүйг": 2,
  "зүйлд баяртай": 3,
  "зүрх нь шимширч": -3,
  "зүтгэлтэй": 2,
  "зүүд": 1,
  "зэвүүн": -2,
  "зэвүүцлийг": -3,
  "зэвүүцмээр": -2,
  "зэвүүцэл": -2,
  "зэмлэсний": -3,
  "зэмлэсэн": -2,
  "зэрлэг хүн": -2,
  "идэвхгүй": -1,
  "идэвхгүй байдал": -3,
  "идэвхгүйгээр": -1,
  "идэвхтэй": 1,
  "Иймд": 1,
  "ил": -1,
  "илжиг": -4,
  "илжигнээс": -2,
  "илтгэх": 1,
  "илүү муухай": -2,
  "илүү сайн": 2,
  "илүү ухаалаг": 2,
  "илүү хүчтэй": 2,
  "илүүдэл жинтэй": -1,
  "илчлэх": -1,
  "илэрч болно": -3,
  "инквизицэд": -2,
  "инновацийн": 1,
  "инээв": 1,
  "инээд": 1,
  "инээдмийн": 1,
  "инээдтэй": -3,
  "инээж": 1,
  "инээмсэглэл": 2,
  "инээмсэглэн": 2,
  "инээмсэглэсэн": 2,
  "ИНЭЭХ": 2,
  "иргэншээгүй": -2,
  "итгүүлж": 1,
  "итгэдэггүй": -1,
  "итгэл": 1,
  "итгэл төрүүлэхүйц": 2,
  "итгэлтэй": 3,
  "итгэлцэл": 1,
  "итгэмжилсэн": 2,
  "итгэмжлэлийн": 1,
  "итгэмтгий": -2,
  "итгэмээргүй": -2,
  "итгэсэн": 2,
  "итгэсэнгүй": 1,
  "итгэхгүй": -1,
  "их": 3,
  "их зантай": -2,
  "их санаа зовсон": -3,
  "их хэмжээний": 1,
  "ихээр хөдөлсний улмаас болой": -2,
  "ихээхэн": 1,
  "ичгүүр": -2,
  "ичгүүртэй": -3,
  "ичгэвэртэй": -2,
  "ичиж": -2,
  "ичимхий": -1,
  "ичингүйрэл": -2,
  "ичмээр": -2,
  "ичсэн": -2,
  "ичээх": -2,
  "клиринг": 1,
  "комик": 1,
  "лобби": -2,
  "лоббичид": -2,
  "луйварчид": -3,
  "луйврын": -3,
  "Луйврын": -2,
  "магадлал": -1,
  "магтаал": 2,
  "магтан": 3,
  "магтах": 2,
  "магтжээ": 2,
  "манлайлал": 1,
  "манлайлан хэрэгжүүлэхэд оршино": 2,
  "маргаан": -2,
  "маргаантай": -2,
  "маргаж": -1,
  "маргалдагч": -2,
  "мартагдсан": -1,
  "мартамхай": -2,
  "мартах": -1,
  "мартсан": -1,
  "махчин": -2,
  "маш сайн": 3,
  "медаль": 3,
  "Мок": -2,
  "монополь": -2,
  "монопольчилж": -2,
  "мөлжлөгт": -2,
  "мөндөр": 2,
  "мөнх ногоон": 2,
  "мөргөлдөж": -1,
  "мөргөлдөн": -1,
  "мөргөлдөх": -2,
  "мөрөөдөж": 1,
  "мөхөл": -2,
  "мундаг": 3,
  "муу": -2,
  "муу ёрын": 3,
  "муу хүнд итгэх": -2,
  "муудах": -3,
  "муудсан": -2,
  "муутгаж": -2,
  "муухай": -2,
  "муухай аашилсаар": -2,
  "муухайг": -3,
  "мушгин гуйвуулж": -2,
  "мэдрэл": -1,
  "мэдрэлийн": -2,
  "мэдрэмж": 1,
  "мэдэгдэл": -2,
  "мэдэгдэхүйц": 2,
  "мэдэхгүй": -2,
  "мэдээгүй": -2,
  "мэл": 3,
  "мэндлэх": 1,
  "мэндтэй": -3,
  "мэндчилгээ": 1,
  "мэндчилж": 1,
  "мэндчилсэн": 1,
  "мэндчилэхэд": 2,
  "мэргэжилтнүүдийн": 2,
  "мэргэжлийн бус": -2,
  "мэргэн ухаан": 1,
  "мэхлэгдсэн": -3,
  "мэхлэгч": -3,
  "мэхэлж": -3,
  "нааштай": 2,
  "найдвар": 2,
  "найдваргүй": -2,
  "найдвартай": 2,
  "найдвартай байдал": 2,
  "найдлага төрүүлж": 1,
  "найз": 1,
  "наймаа": 2,
  "найтаавал": -2,
  "найтаах": -2,
  "найтаахад": -2,
  "налуу зураасаар": -2,
  "нам гум": 2,
  "намаг балчигт живж": -2,
  "нарийн": 3,
  "нарны": 2,
  "нас баралтын": -3,
  "нас барсан": -2,
  "нас бие гүйцсэн": 2,
  "нд нээлтээ": -2,
  "нигүүлсэл": 1,
  "нигүүлсэнгүй": 3,
  "нийт": -2,
  "нийтлэв": 2,
  "нийцтэй": 2,
  "нийцэхгүй": -2,
  "нилээд гомдолтой": -2,
  "Новч гэж": -2,
  "новш": -3,
  "Новш": -5,
  "ногдуулах": -1,
  "ногдуулсан": -1,
  "ногоон угаах": -3,
  "нойргүйдэл": -2,
  "Нотлогдоогүй": -1,
  "нөлөө": 2,
  "нөхөж баршгүй": -2,
  "нөхөрлөл": 2,
  "нөхөрсөг": 2,
  "нөхцөл байдал": -1,
  "нөхцөл байдал улам муудаж": -3,
  "нулимс": -2,
  "нуран": -2,
  "нурж": -2,
  "нуруу": 1,
  "нуугдаж": -1,
  "нуудаг": -1,
  "нуужээ": -1,
  "нуух": -1,
  "нүгэл": -2,
  "нүгэлт": -3,
  "нүд гялбам": 3,
  "нүүлгэн шилжүүлэх": -1,
  "нүүрлээд байгаа": -1,
  "ны хоцролт": -2,
  "нь буруу": -2,
  "нь зүй ёсны хэрэг": 2,
  "нь зүйтэй": 2,
  "нэг талыг барьсан": -2,
  "нэгдсэн": 1,
  "нэгдэх": 1,
  "нэмэгдсэн": 1,
  "нэмэгдүүлж": 1,
  "нэмэгдүүлэх": 1,
  "нэн": -3,
  "нэн даруй": 1,
  "нэр төрийн хэрэг": 2,
  "нэр хvндийг нь авчирчээ": 2,
  "нэр хүнд": 2,
  "нэр хүнд нь унасан": -2,
  "нэр хүндтэй": 2,
  "нэхэгч": -1,
  "нээлт": 3,
  "нялх": -2,
  "няцаах": -2,
  "о": 2,
  "овоолго": -1,
  "огих": -2,
  "огтлох": -1,
  "огцом татаж": -3,
  "Огцорсон": -1,
  "огцорч": -1,
  "огцорчээ": -1,
  "огцрох": -1,
  "ойлгож, мэдэрдэг": 2,
  "ойлгомжгүй": -2,
  "олгосон": 1,
  "олгох": 1,
  "олж": 2,
  "олж авсан": 2,
  "олз": 2,
  "олонтаа мэдээгээр гарах": -1,
  "омогтой": 2,
  "онгоцон дээр": 1,
  "Онигоо": 2,
  "онцгой": 2,
  "онцгой байдлын": -2,
  "онцгойлон адислах": 2,
  "оргилуун": 3,
  "орд": 1,
  "Орилж ёолох дуу": -2,
  "оромдсон юм тавина": -3,
  "орон гэргүй": -2,
  "орон гэргүйчүүд": -2,
  "Ороо бусгаа": -2,
  "орхив": -2,
  "орхигдсон": -1,
  "Орхигдсон": -2,
  "орхиж": -2,
  "орхих": -2,
  "орчин үеийн": 2,
  "орших сууцаар": -1,
  "оршуулга": -1,
  "оршуулгын": -1,
  "осол": -2,
  "отох": -1,
  "офлайн": -1,
  "оч": 1,
  "өвдөж": -2,
  "өвдөлт": -2,
  "өвтгөж": -2,
  "өвчин": -2,
  "өвчтэй": -2,
  "өглөгийн": 2,
  "өгөөмөр": 2,
  "өгөөмрөөр": 2,
  "өгөх": 2,
  "өгүүлбэр": -2,
  "өгүүлсэн": 2,
  "өгүүлэх зохиол": 2,
  "өдөөдөг": 2,
  "өдөөн хатгасан": -1,
  "өдөөн хатгуулсаар": -2,
  "өдөөх": 1,
  "өдсөн": -1,
  "өлсгөлөн": -2,
  "өлсөж": -2,
  "өлсөх": -2,
  "өмхий": -2,
  "өмхий баас": -4,
  "өмхий самхай": -2,
  "өмхий эвгүй": -2,
  "өнгөлөн далдалсан": -1,
  "өнгөрдөг": -1,
  "өнгөрөөх": -2,
  "Өө": -2,
  "өөгүй": 2,
  "өөгшүүлж": -2,
  "өөдрөг": 2,
  "өөр хоорондоо тэрсэлдэх ухагдахуун": -1,
  "өөрийгөө дөвийлгөх": -2,
  "өөрийгөө төөрөгдөлд орсон": -2,
  "өөрөө зөрчилтэй": -2,
  "өөрөө хүчирхийлэл": -2,
  "өөртөө итгэлтэй": 2,
  "өөртөө итгэх итгэл": 2,
  "өргөжихийн": 1,
  "өргөжүүлэх": 1,
  "өргөл": 2,
  "өргөстэй": -2,
  "өргөтгөн": 1,
  "өрийн": -2,
  "өрмийн": -1,
  "өрөвдмөөр": -2,
  "өрөвдөлтэй": -1,
  "өрсөлдөгч": -1,
  "өрсөлдөх чадвартай": 2,
  "өртдөг": -1,
  "өртсөн": -1,
  "өршөөл үзүүлэх": 2,
  "өршөөлгүй хахир хатуу": -2,
  "өршөөсөн": 2,
  "өс хонзонг": -2,
  "өс хонзонг авахад": -2,
  "өсгөн хүмүүжүүлэх нь": 2,
  "өсдөг": 1,
  "өсөж": 2,
  "өсөлт": 2,
  "өсөн нэмэгдэж буй": 1,
  "өсөх": 1,
  "өссөн": 1,
  "өтгөн хаталт нь": -2,
  "өш хонзон": -2,
  "өшөө": -2,
  "өшөө авагч": -2,
  "өшөөг": -2,
  "Парлей": -1,
  "прокурорын": -1,
  "роман": 2,
  "романтик": 2,
  "саад": -2,
  "саад болдог": -2,
  "саад болж": -2,
  "саад бэрхшээл": -2,
  "саад тотгор": -2,
  "саад учруулах": -2,
  "саад учруулж": -2,
  "саад учруулсан": -2,
  "саад хийх": -2,
  "саарал": -1,
  "саатал": -1,
  "саатуулж": -2,
  "саваагүй": -1,
  "савангийн хөөстэй төстэй": -2,
  "савах": -2,
  "сагсуу": -2,
  "садар эм": -4,
  "сайжруулах": 2,
  "сайжруулдаг": 2,
  "сайжруулсан": 2,
  "сайн": 3,
  "сайн championed": 3,
  "сайн арчилсан": 2,
  "сайн биш": -2,
  "сайн мууг ялгах чадвар": 2,
  "сайн мэдэхгүй": -1,
  "сайн сайхан": 3,
  "сайн сайхан байдал": 2,
  "сайн санааны": 3,
  "сайн тогтоосон": 2,
  "сайн хөгжсөн": 2,
  "сайн чиглэсэн": 2,
  "сайн эзлэх хувь": 2,
  "сайтар": 3,
  "сайхан": 4,
  "сайхан сэтгэл": 2,
  "сайшаав": 2,
  "сайшаадаг": 2,
  "сайшааж": 2,
  "самар": -3,
  "Самбаатай": 1,
  "самуурал": -2,
  "самууруулах": -2,
  "сан хөмрөг": 2,
  "санаа зовдоггүй": -2,
  "санаа зовж": -3,
  "санаа зовоож": -3,
  "санаа зовох": -2,
  "санаагаар унаж": -2,
  "санал нийлэхгүй": -2,
  "санамсаргүй": -2,
  "санамсаргүйгээр": -2,
  "сандрангуй": -2,
  "сануулга авлаа": -2,
  "сатаарсан": -2,
  "сатааруулах": -2,
  "сахилгажуулах": -3,
  "сахилгажуулж": -3,
  "симпатик": 2,
  "согогийн": -3,
  "согтуу": -2,
  "соёрхон баталсан": 2,
  "солиорол": -2,
  "солиотой": -3,
  "сондгой": -2,
  "сонирхлыг татав": 3,
  "сонирхогч": 2,
  "сонирхолтой": 2,
  "сониуч": 1,
  "сонсгосон ял нь": -2,
  "сорви": -2,
  "сорилт": -1,
  "сорон авахад чиглэгдсэн": -3,
  "сохор": -1,
  "сөрөг": -2,
  "сөрөг муу": -2,
  "сөрөг нөлөө": -2,
  "спам": -2,
  "Спам тараагчдыг": -3,
  "Спамдах": -2,
  "спамчин": -3,
  "стресс": -1,
  "сугалж": 1,
  "сул": -3,
  "сул дорой": -2,
  "сул тал": -2,
  "Сул тал нь": -2,
  "сулрах": -2,
  "сулруулах": -2,
  "сулруулж": -2,
  "сунгах": 1,
  "сурталчилгаа": -2,
  "суурингууд": 1,
  "Суурь машин": -1,
  "сүйрлийн": -2,
  "сүйрлээс": -2,
  "сүйрсэн": -2,
  "сүйрүүлсэн": -2,
  "сүйрүүлэгч": -2,
  "сүйрэл": -2,
  "Сүйрэл": -2,
  "сүнс": 1,
  "сүнслэг нөлөө": 2,
  "сүнслэг нөлөө бүхий": 2,
  "Сүнсээр": 2,
  "сүх": -1,
  "Сью": -2,
  "сэв суулгах": -2,
  "сэдэл": 1,
  "сэдэл тэмүүлэлгүй": -2,
  "сэдэлтэй": 2,
  "сэжиг": -1,
  "сэжиглэл": -1,
  "сэжиглэсэн": -1,
  "сэжигтнүүд": -1,
  "сэжигтэй": -2,
  "сэжигтэн": -1,
  "сэнс": 3,
  "сэргээгдсэн": 1,
  "сэргээдэг": 1,
  "сэргээх": 2,
  "сэрүүн": 1,
  "сэрүүн зүйлс": 3,
  "сэрэмжлүүлж": -2,
  "сэрэмжлүүлэг": -3,
  "сэтгэгдэл төрүүлж байна": 3,
  "сэтгэгдэл төрүүлэх": 3,
  "сэтгэл": 3,
  "сэтгэл дундуур": -2,
  "сэтгэл нь догдолсон": 4,
  "сэтгэл нь хатуурч": -2,
  "сэтгэл татам": 3,
  "сэтгэл татах увдис": 3,
  "сэтгэл ханамжгүй": -2,
  "сэтгэл хангалуун": 2,
  "сэтгэл хөдөлгөм": 3,
  "Сэтгэл хөдөлгөм": 3,
  "сэтгэлээр унасан": -2,
  "т рхэцийн": -2,
  "таагүй": -2,
  "таалагдсан": 2,
  "тааламжгүй": -2,
  "тааламжтай": 2,
  "таарах": 1,
  "таатай": 2,
  "таашааж": -2,
  "тав": 3,
  "тав тухтай": 2,
  "тавиул": -1,
  "тавтай морилно уу": 2,
  "тайван": 2,
  "тайван бус": -2,
  "тайван замаар": 2,
  "тайвшрав": 2,
  "тайвшруулах": 2,
  "тайвшруулж": 2,
  "тайрах": -1,
  "тайтгарал": 2,
  "тайтгаруулах": 2,
  "тайтгаруулж": 2,
  "тайтгаруулсан": 2,
  "талархал": 2,
  "талархалтай": 2,
  "талархан хүлээн авч,": 2,
  "талархдаг": 3,
  "талах": -2,
  "талыг өгүүлсэн": -2,
  "там": -4,
  "тамын": -2,
  "тангараг өргөх": -2,
  "тангараглаж": -2,
  "тангараглая": -2,
  "тансаг": 3,
  "танхай": -2,
  "Танхайн": -2,
  "танхайрах": -2,
  "таран": -2,
  "тархсанаар нь": 3,
  "тарчилж": -4,
  "тарчлааж": -4,
  "Тас харанхуй": -2,
  "тасалдал": -2,
  "тасалдах": -2,
  "тасалдсан": -2,
  "тасалдуулан": -2,
  "тасалдуулах": -2,
  "тасалдуулж": -2,
  "тасалдуулсан": -2,
  "таслан зогсоосон": -2,
  "тасрах": -2,
  "татаж": 2,
  "татах": -1,
  "татгалзав": -2,
  "татгалзана": -1,
  "татгалзах": -1,
  "татгалзсан": -2,
  "татсаар": 3,
  "татсан": 3,
  "тахал": -3,
  "тахиа": -5,
  "тахир дутуугийн": -2,
  "тачаангуй": 3,
  "ташаа": -2,
  "ташуу зураасыг": -2,
  "ташуурддаг": -2,
  "тендер": 2,
  "террорист": -2,
  "террористууд": -2,
  "техникийн заль мэх": -2,
  "тийм ээ": 1,
  "Тийм ээ": 1,
  "тоглоомын өөрчлөх": 3,
  "тогтворгүй": -2,
  "тогтвортой": 2,
  "тогтвортой байдал": 1,
  "тогтож": -2,
  "тогтоодог": -1,
  "тогтоол": 2,
  "тогтоосон": 2,
  "ТОГТООХ нь": 2,
  "тод": 1,
  "тод байдал": 2,
  "тодорхой": 1,
  "тодорхой бус": -1,
  "тодорхой шийдээгүй": -1,
  "тодотгодог": 2,
  "тодруулж": 2,
  "толбогүй": 2,
  "толгой өвдөх": -2,
  "толгой эргэмээр": -1,
  "том": 1,
  "том жижиг үсгүүд": -2,
  "тоогоор олон": -2,
  "тоосонгүй": -2,
  "тооцооны": 1,
  "торгуулийг": -2,
  "тоталитар": -2,
  "тохиролцсон": 1,
  "тохиромжгүй": -2,
  "тохиромжтой": 2,
  "тохироогүй": 1,
  "төвөг": -2,
  "Төвөгтэй": -2,
  "төгс": 3,
  "төгс бус": -2,
  "төгс төгөлдөр": 3,
  "төлбөр": -2,
  "төлбөрийн чадваргүй": -2,
  "төлөх": -1,
  "төөрөгдүүлсэн": -3,
  "төөрөгдүүлэх": -3,
  "төрлийн": 0,
  "төрлөхтөнд": -3,
  "төрөл": 2,
  "төрөөс ангид": -2,
  "туйлын": 2,
  "тул урьдчилан сэргийлэх": -1,
  "тулаан": -1,
  "тулгуур хөлтэй": 2,
  "тунадас": -3,
  "тус дэм": 1,
  "тусалдаг": 2,
  "тусгааг": -2,
  "тусгаарлагдсан": -1,
  "тусгай зориулалтын": 2,
  "тусдаа": -1,
  "Туслаач": 2,
  "тусламж": 2,
  "тусламж хэрэгтэй": -2,
  "тусламжийн": -2,
  "туслах": 2,
  "тустай": 2,
  "тууралт": -2,
  "тууштай": 1,
  "тухгүй": -2,
  "түгжигдсэн": -1,
  "түгшээж": -2,
  "түдгэлзүүлсэн": -1,
  "түдгэлзүүлэх": -1,
  "түлхсэн": -1,
  "түлхэц": 1,
  "түншээр танилцуулах": -2,
  "түргэн": 2,
  "түргэн сэтгэдэг": -2,
  "түрэмгий": -2,
  "түрэмгийлэл": -2,
  "тэврэх": 2,
  "тэвчихийн аргагүй": -2,
  "тэвчээргүй": -2,
  "тэвэр": 2,
  "тэгш бус": -1,
  "тэмдэглүүштэй": 2,
  "тэмдэглэв": 3,
  "тэмдэглэж": 3,
  "тэмдэглэх": 3,
  "тэмцэж": -2,
  "тэмцэл": -2,
  "тэмцэлдсэн": -1,
  "тэмцэлдэж": -1,
  "тэмцэлдээн": -2,
  "тэмцэх": -2,
  "тэнгэр": 2,
  "тэнгэрлэг": 4,
  "тэнцвэргүй": -2,
  "тэнцвэртэй": 1,
  "тэнэг": -2,
  "тэнэг хүн": -4,
  "тэнэгүүд": -2,
  "тэргүүлж байна": 2,
  "тэргүүлэх": 2,
  "тэргүүн эгнээнд": 1,
  "тэрхүү мэдээлэл": -2,
  "тэрхүү хүслийг нь": -1,
  "тэрээр олон нийтэд хүндлэгдсэн": 2,
  "тэсвэр": 2,
  "тэсвэртэй": 2,
  "тэсрэг": -2,
  "тэсэн ядан хүлээж": -2,
  "увайгүй": -2,
  "Увайгүй байдал": -2,
  "угаалга хийхгүй": -3,
  "угласан байлаа": -2,
  "угтан": 2,
  "удаан": -2,
  "удирдагдаж": -1,
  "уй гашуу": -2,
  "уйдаж": -2,
  "уйлаан": -2,
  "уйлж": -2,
  "уйлсан": -2,
  "уйтгарлаж": -1,
  "уйтгартай": -2,
  "улам": -2,
  "улам хурцатгаж": -2,
  "улам хурцатгаж байна": -2,
  "унагаах": -1,
  "уналт": -2,
  "унасан": -2,
  "унтаарсан": -2,
  "унтамхай": -2,
  "ур ашиг муутай": -2,
  "ур чадвар": 1,
  "урагдаж": -2,
  "урам": 2,
  "урам зориг": 2,
  "урам зоригтой": 3,
  "урам хугарах": -2,
  "урам хугарахаар": -2,
  "урам хугарсан": -2,
  "урамшил": 2,
  "урамшуулал": 2,
  "урамшуулсан": 2,
  "уран зохиол": 2,
  "урвагч": -3,
  "урвайлаа": -2,
  "урвалт": -3,
  "урвасан": -3,
  "урвах": -3,
  "уригч": 1,
  "урмыг хугалахгүй": -2,
  "урсгал": -1,
  "уруу татагдахгүйн": -1,
  "уруу царайтай": -2,
  "урууланд хүргэхэд": 2,
  "урьдач": -2,
  "урьдчилан сэргийлэх": -1,
  "урьж байна": 1,
  "усан тэнэг": -3,
  "устгаж": -3,
  "устгасан": -3,
  "устгах": -3,
  "утаа": -2,
  "утасгуй": 2,
  "утга учиртай": 2,
  "утгагүй": -2,
  "Утгагүй тэнэг": -3,
  "утгуур": 3,
  "утлага": -2,
  "Утлага": -2,
  "уур хилэн": -2,
  "уурласан": -3,
  "уурлуулсан": -3,
  "ууртай": -3,
  "Ууртай": -2,
  "уучилдаг": 2,
  "уучилмааргүй": -3,
  "уучилсан": 1,
  "уучлаарай": -1,
  "уучлаач": 1,
  "уучлал": 2,
  "уучлал гуйж": -1,
  "уучлал гуйсан": -1,
  "уучлалт": -1,
  "уучлалт гуйж байна": -1,
  "уучлах": 1,
  "уучлах аргагүй": -3,
  "ухаалаг": 1,
  "ухаан балартан": -2,
  "ухаангүй": -1,
  "ухаантай": 2,
  "ухарч": -3,
  "ухраахгүй": -1,
  "учиргүй зүйлсээс зайлсхийж": -1,
  "учирсан": -2,
  "учруулж": -2,
  "учруулжээ": -2,
  "учрыг": 1,
  "уялдаа холбоогүй": -2,
  "үгнийх нь": -2,
  "үгүйсгэдэг": -2,
  "үгүйсгэж": -2,
  "үгүйсгэсэнтэй": -2,
  "үзүүлэх": -1,
  "үзэгдэл": 1,
  "үзэн": -3,
  "үзэн ядаж": -3,
  "үзэн ядахад": -3,
  "үзэн яддаг": -3,
  "үзэн яддаг үйл хэргээс": -3,
  "үзэсгэлэнт": 2,
  "үйл ажиллагааны алдагдал": -2,
  "үйлдсэн": 1,
  "үймээн": -3,
  "үймээн самуунд өдөөн хатгагдах": -2,
  "үймээнийг": -3,
  "Үймээнүүд": -3,
  "үл": -2,
  "үл итгэгч": -2,
  "үл итгэх": -2,
  "үл ойлголцол": -2,
  "үл тоомсорлож байгаа": -2,
  "үл тоомсорлох": -2,
  "үл тоон": -2,
  "үл үзэгдэх": 2,
  "үл хайхрах": -2,
  "үл хүндэтгэдэг": -2,
  "үлгэр домгийн": 4,
  "үлгэрийн": 4,
  "үлдсэн": 2,
  "үлдээх": -1,
  "үндэсгүй": -2,
  "үндэслэлтэй": 2,
  "үнсэлт": 2,
  "Үнэ цэнийн бууралтын": -2,
  "үнэ цэнэ": 2,
  "Үнэ цэнэ нь буурсан": -2,
  "үнэ цэнэтэй": 2,
  "үнэгүй": 1,
  "үнэлдэг": 2,
  "үнэн": 2,
  "үнэнч": 3,
  "үнэнч байдал": 3,
  "үнэнч байх": 2,
  "үнэнч шударга": 2,
  "үнэртэй": -2,
  "үнэт": 1,
  "үнэт чулуу": 1,
  "үр ашиг": 2,
  "үр ашиггүй": -2,
  "үр ашиггүй үзүүлбэл": -2,
  "үр дагавар": -2,
  "үр дүнгүй": -2,
  "үр дүнтэй": 2,
  "үргүй": -2,
  "үржил шимтэй": 2,
  "үрэвсэл": -2,
  "үүдэн": -2,
  "үүрэг": 2,
  "үүрэг хариуцлага": 1,
  "үхлийн аюултай": -3,
  "үхэж буй": -3,
  "үхэл": -2,
  "үхэх": -3,
  "үхэшгүй": 2,
  "фашист": -2,
  "фашистууд": -2,
  "Филантропи": 2,
  "фитнесс": 1,
  "хvлээсэн цаг": -2,
  "хаа сайгүй": 2,
  "Хаагдсан": -2,
  "хаанчлах": 1,
  "хаасныг": -2,
  "хаах": -1,
  "хавдар": -2,
  "хавдсан": -1,
  "хавчдаг": -2,
  "хавчигдаж": -2,
  "хавчигдан гадуурхагдах": -2,
  "хавчих": -2,
  "хагарсан": -2,
  "хагацаахгүй": -2,
  "хагацал үзсэн": -2,
  "хадгаламж": 1,
  "хадгалах": -1,
  "хазайсан": -2,
  "хайгуул": 1,
  "хайгуулын": 1,
  "хайр": 3,
  "хайр энэрэлийг": 2,
  "хайр, нинжин сэтгэл": 3,
  "хайрлахгүй байгаа мэт": -2,
  "хайрт": 3,
  "хайртай": 2,
  "хайхрамжгүй": -2,
  "хакерджээ": -1,
  "халамжтай": 2,
  "халдвар": -2,
  "халдвар авсан": -2,
  "халдварладаг": -2,
  "халдварласан": -2,
  "халдварт": -1,
  "халдлага": -1,
  "халдлагууд": -1,
  "халсан": -2,
  "халуун галзуугийн": 2,
  "халуун дулаан": 3,
  "халуурах": -2,
  "хамаг цагаа": 2,
  "хамгаалагдсан": 1,
  "хамгаалагч": 2,
  "хамгаалагчид": 2,
  "хамгаалалтгүй": -2,
  "хамгаалах": 1,
  "хамгаалах дээш": -3,
  "хамгаалдаг": 1,
  "хамгийн": 2,
  "хамгийн аз жаргалтай": 3,
  "хамгийн бага": -1,
  "хамгийн бохир": -2,
  "хамгийн их": 3,
  "хамгийн их дарагдсан эринд": -2,
  "хамгийн сайн": 3,
  "хамгийн сайн, хараал": 4,
  "хамгийн сайхан": 3,
  "хамгийн ядуу": -2,
  "хангалтгүй": -2,
  "хангалттай": -2,
  "хангах": 1,
  "хандив": 2,
  "хандивлав": 2,
  "хандивлажээ": 2,
  "хандивлах": 2,
  "ханиадны": -2,
  "хараагүйгээс": -1,
  "хараал": -1,
  "хараалын": -3,
  "харагдахгүй": -2,
  "харагдуулах": -1,
  "харамсаж явдаг": -2,
  "харамсал": -2,
  "харамсалтай": -2,
  "харамсалтай нь": -2,
  "харамсдаг": -2,
  "харамссан": -2,
  "харамч": -2,
  "харанхуй": -1,
  "харгалзахгүйгээр": -2,
  "харгис": -2,
  "харгис балмад": -2,
  "харгис хэрцгий": -3,
  "хардалт": -2,
  "хариу": 2,
  "хариуцлагагүй": -2,
  "хартай": -2,
  "харшлын": -2,
  "хасагдах": -2,
  "хасах": -1,
  "хассан": -2,
  "хатаж": 2,
  "хатгаж": -2,
  "хатгасан": -2,
  "хатуу": -2,
  "хатуугаар": -2,
  "хатууруулахад": 2,
  "Хаха": 3,
  "хахууль": -3,
  "хахуульдах": -3,
  "хацар": 2,
  "хацрын": -2,
  "хачин": -2,
  "хашгираан": -2,
  "хашгиран": -2,
  "хашгирлаа": -2,
  "хашгирч": -2,
  "хашхираан": -2,
  "хашхирах": -1,
  "хаягдлыг": -1,
  "хаягдсан": 2,
  "хаядаг": -2,
  "хаяна": -1,
  "хендех": -1,
  "хий өвчин": -3,
  "хийж": 2,
  "хийрхэн": -3,
  "хийсэн хүртэл": -1,
  "хийх": 1,
  "хийхдээ": 2,
  "хилэгнүүлсэн": -2,
  "хилэгнүүлэх": -2,
  "хилэгнэдэг": -2,
  "хилэгнэлийн": -3,
  "хир буртаг": -2,
  "Хит": 3,
  "ховсдож": 3,
  "хог хаягдал": -1,
  "хогийн": -1,
  "хоёр нүүртэй": -2,
  "хоёрдмол байр суурь баримталдаг": -1,
  "хожиж": 4,
  "хойшлогдож": -1,
  "хойшлуулах": -1,
  "хойшлуулжээ": -1,
  "хойшлуулсан": -1,
  "холбогдох": -2,
  "холбоотон": 2,
  "хомсдол": -2,
  "хомсдолтой": -2,
  "хомхой ховдог": 2,
  "хонгор минь": 2,
  "хонхорхой": -2,
  "хоосон": -1,
  "хоосрол": -1,
  "хор": -2,
  "хор уршгийг": -2,
  "хор хөнөөлтэй": -3,
  "хориг": -2,
  "хоригдлууд": -2,
  "хоригдол": -2,
  "хоригдсон": -2,
  "хориглодог": -1,
  "хоригложээ": -2,
  "хориглох": -1,
  "хориотой": -2,
  "хорих": -2,
  "хорлон сүйтгэх": -2,
  "хорон муу": -2,
  "хорон санаатай": -3,
  "хорт хавдар": -1,
  "хортой": -3,
  "хоруу чанартай": -2,
  "хохирогч": -3,
  "хохирогчид": -3,
  "хохирол": -3,
  "хохирол учруулж": -2,
  "хохироох": -3,
  "хохирч": -2,
  "хоцорч": -2,
  "хоцрогдсон": -2,
  "хоцронгуй явж ирснээ": -2,
  "хошигнол": 2,
  "хошин": 2,
  "хөгжил цэцэглэлт": 3,
  "хөгжилтэй": 2,
  "хөгжлийн бэрхшээлтэй": -2,
  "хөгжлөөр хоцорч буй": -2,
  "хөгжөөн дэмжлээ": 2,
  "хөгжөөнтэй": 3,
  "хөгжүүн баяр хөөртэй": 3,
  "хөдөлгөм": 5,
  "хөдөлмөрийн чадвараа алдсан": -2,
  "хөмсөг зангидлаа": -1,
  "хөнгөвчилдөг": 2,
  "хөнгөлөлт": 1,
  "хөнгөлөлттэй": -1,
  "хөндий": -1,
  "хөндийрч": 3,
  "хөнөөлтэй": -2,
  "хөөгдсөн": -2,
  "хөөж": -2,
  "хөөргөх": 3,
  "хөөрсөн сэтгэл": 2,
  "хөөрхөн": 1,
  "хөөрхөн галзуугийн": 4,
  "хөөсрөн шуугиж": 3,
  "хөөх": -1,
  "Хөөх": 4,
  "хөргөх": -1,
  "хөрөнгө": 2,
  "хөхиүлэн дэмжиж": 2,
  "хөхөх": -3,
  "хуваалцсан": 1,
  "хувиа хичээсэн": -3,
  "хувь": 1,
  "хувь тавилан": -2,
  "хувьцаа": 1,
  "хугалсан": -1,
  "худал": -2,
  "худал мэдүүлэг": -3,
  "худал мэдээлэл өгөх": -2,
  "худал хуурмаг": -2,
  "худал хэлэгчид": -3,
  "худалдан борлуулах": -2,
  "худалч": -3,
  "хуйвалдаан": 1,
  "хуйвалдан": -3,
  "хулгай хийх": -2,
  "хулгайлагдсан": -2,
  "хулгайлан": -2,
  "хулгайлах": -2,
  "хулгайлж": -2,
  "хулгайлжээ": -2,
  "хулгайлсан": -2,
  "хулгайн": -2,
  "хулгайч": -2,
  "хулигаан": -2,
  "хулчгар": -2,
  "хунийг эмээлгэн зовоохгуй": -3,
  "Хурц": 3,
  "хурцадмал байдал": -1,
  "хурцатгадаг": -2,
  "хурцдах": -1,
  "хуудас": -1,
  "хуулийн дагуу": 1,
  "хууль бус": -3,
  "хууль бусаар": -3,
  "хууль бусаар хил давуулах": -2,
  "хууль ёсны": 2,
  "хууль эрх зүйн": 1,
  "хуурай": -2,
  "хуурамж": -3,
  "хуурамч": -3,
  "хуурамч мэдээлэл": -2,
  "хуурамчаар": -1,
  "хууран мэхлэгч": -2,
  "хууран мэхэлж": -3,
  "хуурч": -3,
  "хуурч авах": -3,
  "хуучирсан": -2,
  "хүлцэл": 2,
  "хүлээж": -1,
  "хүлээж байна": -1,
  "хүлээлт": 1,
  "хүлээн": 1,
  "хүлээн авах": 1,
  "хүлээн зөвшөөрөгдсөн": 1,
  "хүлээн зөвшөөрөх": 2,
  "хүлээн зөвшөөрөх боломжгүй": -2,
  "хүлээн зөвшөөрсөн": -1,
  "хүлээн зөвшөөрч байна": 1,
  "хүлээсэн": -1,
  "хүмүүнлэг": 2,
  "хүн амины": -2,
  "хүн амины хэрэг": -3,
  "хүнд": -2,
  "хүнд дарамт үүрсэн": -2,
  "хүнд хэцүү": -2,
  "хүндлэх нь": 2,
  "хүндрүүлэх": -2,
  "хүндрэл": -2,
  "хүндрэлгүйгээр": 2,
  "хүндэт": 2,
  "хүндэтгэдэг": 2,
  "хүндэтгэл": 2,
  "хүндэтгэлгүй": -2,
  "хүндэтгэн": 2,
  "хүндэтгэх": 2,
  "хүний ​​амийг авч одов": -2,
  "хүний ​​тусыг үл мэдэгч": -3,
  "хүнлэг бус": -2,
  "хүртэл туршиж": -2,
  "хүртэх": 2,
  "хүртээмжтэй": 1,
  "хүрч": 2,
  "хүрчээ": 1,
  "хүрэх": 1,
  "хүссэн": 2,
  "хүсч байна": 1,
  "хүсэж байна": 1,
  "хүсэл": 1,
  "хүсэл тэмүүлэл": 1,
  "хүсэлтэй": 2,
  "хүсээгүй": -2,
  "хүү": 1,
  "хүү ньаГичий": -5,
  "хүүхэд хулгайлах": -2,
  "хүүхэд шиг": -2,
  "хүч": 2,
  "хүчгүй": -2,
  "хүчин төгөлдөр": 1,
  "хүчингийн": -4,
  "хүчингүй": -1,
  "хүчингүй болгох": -1,
  "хүчиндсэн": -4,
  "хүчирхийлж": -3,
  "хүчирхийлэл": -3,
  "хүчирхийлэл холбоотой": -3,
  "хүчирхэгжүүлдэг": 2,
  "хүчтэй": -3,
  "хэвийн амьдарч хөдөлмөрлөх чадварыг": -2,
  "хэвийн бус": -3,
  "хэвийсэн": -1,
  "хэвшмэл хэв": -2,
  "хэрцгий": -3,
  "хэрцгийгээр": -3,
  "хэрэг": -3,
  "хэрэгжих": 1,
  "хэрэгсэхгүй болгосон": -2,
  "хэт ачаалал": -1,
  "хэт даврагсад": -2,
  "хэт даврагсдын": -2,
  "хэтийн төлөв": 1,
  "хэтрүүлсэн": -2,
  "хэтрүүлэлгүйгээр": -2,
  "хэтрүүлэх": -2,
  "хэтэрхий амар": -3,
  "хэтэрхий санаа зовж": -2,
  "хэхэ": 2,
  "хэцүү": -1,
  "хээл хахууль": -3,
  "хээл хахуультай": -3,
  "хядсан": -2,
  "хязгаар": -1,
  "хязгаарлагдмал": -2,
  "хязгаарлаж": -2,
  "хязгаарлалт": -1,
  "хязгаарлах": -2,
  "хялбар": 2,
  "хямрал": -3,
  "Хямралт": -1,
  "хяналт": -1,
  "цаг": -2,
  "цагаатгагдсан": 2,
  "цагаатгасан": 2,
  "цагаатгах": 2,
  "цагдан хорих": -2,
  "царайлаг": 3,
  "царцаана": 2,
  "цензур": -2,
  "цогцос": -1,
  "цооног": -2,
  "цохилоо": -1,
  "цочин сандарч": -3,
  "цочирдсон": -2,
  "цочроов": -2,
  "цочроож": -3,
  "цочрооно": -3,
  "цочроох": -3,
  "цөхөрсөн": -3,
  "цөхрөл": -3,
  "цувралд": 2,
  "цуглажээ": -1,
  "цуст": -3,
  "цухалдуулах": -2,
  "цуцалж": -2,
  "цуцлагдах": -1,
  "цэвэр": 1,
  "цэвэр ариун": 1,
  "цэвэршүүлсэн": 1,
  "цэгц муутай": -2,
  "цэнгэл": 3,
  "цэнгэх": 3,
  "цэнэглэгдсэн": -3,
  "цэнэгүй": -2,
  "чадахгүй": -2,
  "чадвар": 2,
  "чадвар дутсан": -2,
  "чадваргүй": -2,
  "чадвартай": 1,
  "чадварууд": 2,
  "чанар": 2,
  "чанарууд": 2,
  "чанарыг бууруулах": -2,
  "чангарч": 2,
  "чангарчээ": 2,
  "чармайсан": -2,
  "чиглэсэн": 2,
  "Чигээрээ": 1,
  "чилсэн": -1,
  "чимээгүй": -1,
  "чин бишрэлийн": 2,
  "чин сэтгэл": 2,
  "чин сэтгэлийн": 3,
  "чин сэтгэлээсээ": 2,
  "чинээлэг": 2,
  "чирэгдэн": -1,
  "чичиргээ": -2,
  "чичрэх": -2,
  "чөлөөлөгдөнө": -1,
  "чөлөөлөхгүй": 2,
  "Чөтгөр алгад": -4,
  "чулуужсан": -2,
  "чухал": 2,
  "чухал ач холбогдолтой": 1,
  "шаардав": -1,
  "шаардлага": -1,
  "шаардлагатай": -1,
  "шаарнууд": -5,
  "шаваас": -1,
  "шаварлаг": -2,
  "шавьжид": -2,
  "шагнагдах": 2,
  "шагнал": 2,
  "шагнал гардуулах": 3,
  "шагналыг": 3,
  "шалгарлаа": 3,
  "шалтаг": -1,
  "шалтгаанууд": 1,
  "шаналгаатай болоод эхэлбэл": -2,
  "шаналгадаг": -2,
  "шаналгана": -2,
  "шаналсан": -2,
  "шантрах": -2,
  "шархдах": -2,
  "шархирам": -3,
  "шархтан": -2,
  "шахалт": -2,
  "шахан": -1,
  "шиг": 2,
  "шийдвэрлэх": 2,
  "шийддэг": 1,
  "шийдлүүд": 1,
  "шийдэгдэнэ": 1,
  "шийдэл": 1,
  "шийдэмгий": 2,
  "шийдэмгий бус": -2,
  "шийтгүүлж": -2,
  "шийтгэгддэг": -2,
  "шийтгэл": -1,
  "шийтгэсэн": -2,
  "шийтгэх": -2,
  "шилдэг": 2,
  "шилдэг бүтээл": 4,
  "шилдэг дуу дуулагдана": 3,
  "шилжүүлэх үйлчилгээ": -1,
  "шингээж": 1,
  "шинжлэх ухаанч": -2,
  "шинийг": 1,
  "шинэ": 1,
  "шинэ зүйл гарч": -2,
  "шинэлэг": 2,
  "шинэчлэл": 1,
  "шинэчлэх": 2,
  "шог": 2,
  "шогийн": -2,
  "шок": -2,
  "шонтой": 2,
  "Шорон болгосон": -2,
  "шоронд хоригдож": -2,
  "шороон": -2,
  "шохой": -3,
  "шохоорхож": -1,
  "шударга": 2,
  "шударга байдал": 2,
  "шударга бус": -2,
  "шударга ёс": 2,
  "шунал": -3,
  "шунахай": -2,
  "шуурхай": 2,
  "шүтдэг": 3,
  "шүтэх": 3,
  "шүүмжилсэн": -2,
  "шүүмжлэгч": -2,
  "шүүмжлэгчид": -2,
  "шүүмжлэл": -2,
  "шүүмжлэх": -2,
  "шүүрхийгээр": -2,
  "шүүрэгдсэний": 2,
  "шүүхэд": -2,
  "шүүхэд өгөх": -2,
  "эв": 2,
  "эв нэгдэлтэй": 2,
  "эв санааны нэгдэл": 2,
  "эвгүй": -2,
  "эвдрэл": -2,
  "эвдэрсэн": -2,
  "эвдэх": -2,
  "эвлэрүүлэх": 2,
  "эвлэршгүй": -2,
  "эвлэрэх": 2,
  "эвтэйхэн": 3,
  "эдийн засгийн уналт": -2,
  "эдэлж": 2,
  "эдэлнэ": 2,
  "эелдэг": 2,
  "эерэгээр": 2,
  "эзэрхэг түрэмгий": -3,
  "экстазын": 4,
  "элгэмсүү": 3,
  "элэглэн дооглож": -2,
  "эмгэг": -2,
  "эмгэнэлт": -2,
  "эмгэнэлт явдал": -2,
  "эмзэг": -2,
  "эмзэг байдал": -2,
  "эмзэглэл": 2,
  "эмнэлэгт хэвтэж": -2,
  "эмх замбараагаа алдаж": -2,
  "эмх замбараагүй": -2,
  "эмх замбараагүй байдлын улмаас": -2,
  "эмээдэг": -2,
  "энгийн": 1,
  "энхрий": 3,
  "энэрэнгүй": 2,
  "Энэрэнгүй": 2,
  "эр зориг": 2,
  "эргүү тэнэг": -3,
  "эргэж байвч": -2,
  "эргэлзүүлж гайхуулах байдалд хүргэж": -2,
  "эргэлзэгчид": -2,
  "эргэлзэж": -2,
  "эргэлзэх": -2,
  "эргэлзээ": -1,
  "эргэлзээгүйгээр": -1,
  "эргэлзээтэй": -1,
  "эргэлт буцалтгүй": -1,
  "эргэлтэд": -1,
  "эрдэнийн": 3,
  "эрдэнэсийн": 2,
  "эрсдэл": -2,
  "эрсдэлтэй": -2,
  "эрүү шүүлт тулгах": -4,
  "эрүүгийн": -3,
  "эрүүдэн шүүж": -4,
  "эрүүл": 2,
  "эрүүл бус": -2,
  "эрх": 2,
  "эрх бүхий байгууллага": 1,
  "эрх мэдэл": 2,
  "эрх мэдэл олгох": 2,
  "эрх чөлөө": 2,
  "эрхгүй": -2,
  "эрхлэх": 1,
  "эрхтэй": 1,
  "эрхэлдэг": 1,
  "эрхэм": 2,
  "эрхэмсэг": 2,
  "эрч": 3,
  "эрч хүчтэй": 2,
  "эрэлт хэрэгцээ": -1,
  "эрэлхэг": 2,
  "эрэмдэг": -2,
  "эрэмшин": 3,
  "эс үйлдэхүй": -2,
  "эсрэг": -1,
  "эсэргүүцдэг": -2,
  "эсэргүүцэж": -2,
  "эсэргүүцэл": -2,
  "эсэргүүцэх": -2,
  "эсэргүүцэх аргагүй": 2,
  "эхэлсэн": 1,
  "эцэж": -1,
  "ээлтэй": 2,
  "яаралтай": -1,
  "явдалгүй": -2,
  "явлаа": -2,
  "ядаргаа": -2,
  "ядарсан": -2,
  "ядарч": -2,
  "ядуурал": -1,
  "ял": -2,
  "ял оноожээ": -2,
  "ял шийтгүүлсэн": -2,
  "ял шийтгэл оноох": -2,
  "ялагдал": -2,
  "ялагдсан": -2,
  "ялагч": 4,
  "ялагч нь": 3,
  "ялагчид": 3,
  "ялалт": 4,
  "ялгаагүйн": -2,
  "ялгаатай": 2,
  "ялгавар": -2,
  "ялгаварлагч": -3,
  "ялгаварлан гадуурхах": -2,
  "ялгах": -2,
  "ялгуусан": 4,
  "ялж": 3,
  "ялзарсан": -3,
  "яллагдагчийг": -2,
  "яллагддаг": -4,
  "яллах": -1,
  "ямар ч": -1,
  "ямар ч үнэ цэнэгүй": -2,
  "ямар ч хөгжилтэй": -3,
  "ямар ч хэрэггүй": -2
}