{
  "설 수": -3,
  "보다 나은": 2,
  "의 기분을 들뜨게하는": 3,
  "의 흔적을 없애다": -2,
  "의기를 꺾다": -2,
  "absolving": 2,
  "acquitting": 2,
  "affectionateness": 3,
  "agonises": -3,
  "apeshit": -3,
  "assfucking": -4,
  "bamboozles": -2,
  "bankster": -3,
  "bereaves": -2,
  "bereaving": -2,
  "braveness": 2,
  "brilliances": 3,
  "charmless": -3,
  "cocksuckers": -5,
  "conciliates": 2,
  "conflictive": -2,
  "consolable": 2,
  "contagions": -2,
  "courageousness": 2,
  "criminated": -3,
  "criminates": -3,
  "defrauds": -3,
  "dejecting": -2,
  "dejects": -2,
  "demoralizes": -2,
  "detracts": -1,
  "dilligence": 2,
  "disconsolation": -2,
  "enraging": -2,
  "evergreening": -3,
  "exasparate": -2,
  "exasperates": -2,
  "exhilarates": 3,
  "exonerates": 2,
  "exultantly": 3,
  "favourited": 2,
  "frikin": -2,
  "FTW": 3,
  "fuckface": -4,
  "fucktard": -4,
  "FUD": -3,
  "fuked": -4,
  "fuking": -4,
  "goofiness": -2,
  "GR8": 3,
  "greenwasher": -3,
  "greenwashers": -3,
  "haplessness": -2,
  "humerous": 3,
  "impedingly": -2,
  "incensing": -2,
  "indoctrinates": -2,
  "indoctrinating": -2,
  "inediable": -2,
  "infantilized": -2,
  "infract": -2,
  "infracted": -2,
  "infracting": -2,
  "infracts": -2,
  "Innovates가": 1,
  "intransigency": -2,
  "laughting": 1,
  "lawl": 3,
  "likers": 2,
  "LMAO": 4,
  "LMFAO": 4,
  "loathes": -3,
  "lolol": 4,
  "lololol": 4,
  "lool": 3,
  "loool": 3,
  "looool": 3,
  "lovelies": 3,
  "maladaption": -2,
  "maldevelopment": -2,
  "mirthfully": 3,
  "misbranding": -3,
  "miscast": -2,
  "misconducted": -2,
  "misconducting": -2,
  "misleaded": -3,
  "mispricing": -3,
  "misreports": -2,
  "n00b": -2,
  "OKS": 2,
  "optionless": -2,
  "ostracizes": -2,
  "overreacts": -2,
  "oversell": -2,
  "oversells": -2,
  "prblm": -2,
  "prblms": -2,
  "rageful": -2,
  "ranters": -3,
  "robing": -2,
  "ROFL": 4,
  "roflcopter": 4,
  "roflmao": 4,
  "romantical": 2,
  "rotfl": 4,
  "rotflmfao": 4,
  "rotflol": 4,
  "savange": -2,
  "savanges": -2,
  "sexistic": -2,
  "shoody": -2,
  "singleminded": -2,
  "snubs": -2,
  "stinked": -2,
  "sueing": -2,
  "swindles": -3,
  "tard": -2,
  "tarnishes": -2,
  "terrorizes": -3,
  "tyran": -3,
  "tyrannic": -3,
  "tyrannically": -3,
  "tyrans": -3,
  "unfitted": -2,
  "uninvolving": -2,
  "unreleting": -2,
  "victimizes": -3,
  "winwin": 3,
  "WOOO": 4,
  "woow": 4,
  "WOWOW": 4,
  "wowww": 4,
  "wtff": -4,
  "wtfff": -4,
  "XO": 3,
  "XOXO": 3,
  "xoxoxo": 4,
  "xoxoxoxo": 4,
  "yeees": 2,
  "가 감염": -2,
  "가 결합": 1,
  "가 없게됩니다": 2,
  "가난": -1,
  "가난한": -2,
  "가라 앉히는": 2,
  "가라 앉힐 수없는": -2,
  "가려운": -2,
  "가망 없음": -2,
  "가슴": -2,
  "가슴 아픈": -3,
  "가장 나쁜": -3,
  "가장 매끄러운": 2,
  "가장 밝은 부분": 2,
  "가장 사랑하는": 3,
  "가장 큰": 3,
  "가죽": -1,
  "가짜": -3,
  "가치": 2,
  "가치 없는": -2,
  "가치 있는": 2,
  "가하다": -2,
  "가해자": -2,
  "가혹한": -2,
  "간과": -1,
  "간난": -2,
  "간단": 1,
  "간청하다": 3,
  "갇혀": -2,
  "갈망": -1,
  "감각": 1,
  "감격": 5,
  "감독자": 3,
  "감동": 3,
  "감사": 2,
  "감사의": 2,
  "감상": 2,
  "감시": -1,
  "감염": -2,
  "감염된": -2,
  "감염시키고": -2,
  "감옥": -2,
  "감정을 상하게": -2,
  "감탄": 3,
  "값 비싼": -2,
  "강간": -4,
  "강간 자": -4,
  "강건한": 2,
  "강도": -2,
  "강매": -2,
  "강요": 1,
  "강요된": -1,
  "강요하며": -1,
  "강점": 2,
  "강제": -2,
  "강타": -1,
  "강하게 하는 것": 2,
  "강하게 하다": 2,
  "강한": -2,
  "강화": 1,
  "같은 해달라고": -2,
  "같지 않은": -1,
  "개구장이": -1,
  "개그": -2,
  "개량": 2,
  "개선": 2,
  "개자식": -3,
  "개탄": -3,
  "거대한": 1,
  "거들기": 2,
  "거룩한": 2,
  "거만한": -2,
  "거부": -2,
  "거부하는": -2,
  "거의": 0,
  "거짓말": -2,
  "거짓말 쟁이": -3,
  "거짓으로": -2,
  "거창한": 2,
  "거치게": -2,
  "거친": -2,
  "거침없는": 2,
  "걱정": -2,
  "건강에 해로운": -2,
  "건강한": 2,
  "건배": 2,
  "건장한": 2,
  "걸작": 4,
  "검둥이": -5,
  "검열": -2,
  "검증": 1,
  "겁 많은": -2,
  "겁 없는": 2,
  "겁내는": 2,
  "겁에 질린": -3,
  "겁쟁이": -2,
  "것으로 의심": -1,
  "게으른": -1,
  "게으름 뱅이": -2,
  "게임 변경": 3,
  "격노": -2,
  "격노 케": -2,
  "격노시키는": -2,
  "격노시키다": -2,
  "격려": 2,
  "격려의": 2,
  "격렬한": -3,
  "격분": -3,
  "격분시키는": -3,
  "격앙": -2,
  "격통": -3,
  "격퇴": -1,
  "견과류": -3,
  "견딜 수 없는": -2,
  "견인": -1,
  "견책": -2,
  "결단력": -2,
  "결석자": -1,
  "결의": 2,
  "결점": -2,
  "결정된": 2,
  "결정적이 아닌": -2,
  "결정적인": 1,
  "결함": -3,
  "결함 있는": -3,
  "겸손한": 1,
  "경계표": 2,
  "경고": -3,
  "경고하다": -2,
  "경과": -1,
  "경기 후퇴": -2,
  "경례": 2,
  "경멸": -2,
  "경멸 한만한": -2,
  "경멸감": -2,
  "경멸하는": -2,
  "경멸하여": -2,
  "경보": -1,
  "경솔한": -2,
  "경악": 2,
  "경악을 금치": -2,
  "경의": 2,
  "경쟁": -1,
  "경쟁자": -1,
  "경탄": 3,
  "경합": -2,
  "경험한다": -2,
  "계몽적인": 2,
  "고귀한": 2,
  "고급": 3,
  "고난": -2,
  "고뇌": -3,
  "고독한": -2,
  "고동": -1,
  "고무": 2,
  "고문": -4,
  "고민": -3,
  "고민을주는": -3,
  "고민하는듯한": -2,
  "고발": -2,
  "고발 당한": -2,
  "고발하다": -3,
  "고소": -2,
  "고소하다": -2,
  "고약한": -2,
  "고양": 2,
  "고요한": 2,
  "고정": -1,
  "고체": 2,
  "고통": -2,
  "고투": -2,
  "골치 아픈": -2,
  "공": -1,
  "공감": 2,
  "공개": -1,
  "공격": -1,
  "공모": -3,
  "공물": 2,
  "공상가": 3,
  "공손한": 3,
  "공손함": 2,
  "공유": 1,
  "공적": -2,
  "공정한": 2,
  "공평": 2,
  "공포": -3,
  "공포의 도가니로 몰아 넣다": -3,
  "공포증": -2,
  "공황": -2,
  "과격파": -2,
  "과도하게 단순화": -2,
  "과매도": -2,
  "과민 반응": -2,
  "과보호": -2,
  "과부가 된": -1,
  "과소": -2,
  "과소 평가": -1,
  "과잉 반응": -2,
  "과장": -2,
  "과장된": -2,
  "과장된 어조": 3,
  "과즙": -1,
  "관계를 설명합니다": 2,
  "관광 명소": 2,
  "관대": 2,
  "관대 한": 2,
  "관심": 1,
  "광기": -3,
  "광신자": -2,
  "광휘": 3,
  "괴로운": -2,
  "괴로움": -2,
  "괴로움의 원인": -2,
  "괴로워하는": -1,
  "괴로워하는 사람": -2,
  "괴롭 히": -3,
  "괴롭혀": -3,
  "괴롭히는": -3,
  "괴롭히다": -2,
  "괴롭힘": -3,
  "굉장한": -1,
  "굉장히": 4,
  "교감 신경": 2,
  "교란": -2,
  "교란 된": -2,
  "교만한": 2,
  "교살": -2,
  "교양": 2,
  "교화": -2,
  "교활한": -2,
  "구경": -2,
  "구금": -2,
  "구류": -2,
  "구멍": -1,
  "구속": 2,
  "구역질": -3,
  "구원": 2,
  "구제 금융": -2,
  "구조": 2,
  "구출": 2,
  "구토": -3,
  "구하다": 2,
  "국외 추방": -2,
  "국자": 3,
  "군 걱정하는 사람": -2,
  "굳게 결심 한": 2,
  "굴욕": -3,
  "굶어 죽다": -2,
  "굶주리고": -2,
  "굶주린": -2,
  "궁지": -2,
  "권고": -2,
  "권위": 1,
  "권장": 2,
  "권태": -2,
  "권하다": 2,
  "권한 부여": 2,
  "권한을 부여": 2,
  "궐련": -3,
  "귀여운 빌어 먹을": 4,
  "귀엽다": 2,
  "귀엽지 않은": -2,
  "귀찮게": -2,
  "귀찮은": -2,
  "귀찮음": -2,
  "균형이 잘 잡힌": 2,
  "균형이 잡힌": 1,
  "그러기": -2,
  "그릇된": -1,
  "그리움": 1,
  "그린 워시": -3,
  "그린 워싱": -3,
  "그림 같은": 2,
  "극단": -2,
  "극단론자": -2,
  "극심한": -1,
  "극악한": -3,
  "극진히": 3,
  "근시안적인": -2,
  "근심거리": -2,
  "근심스러운": -2,
  "근심이없는": 1,
  "글래머러스": 3,
  "긁다": -2,
  "금": 2,
  "금지": -1,
  "금지 된": -2,
  "급정거": -2,
  "기가 죽은": -3,
  "기각": -2,
  "기괴한": -2,
  "기근": -2,
  "기능": 1,
  "기다리고": -1,
  "기다리다": -1,
  "기대": 2,
  "기도": 1,
  "기리는": 2,
  "기리다": 2,
  "기만": -4,
  "기만적인": -3,
  "기면증의": -2,
  "기묘한": -2,
  "기부": 2,
  "기분": 2,
  "기분 나쁜": -2,
  "기분 전환": -2,
  "기분 좋은": 3,
  "기분을 상하게": -2,
  "기뻐": 4,
  "기뻐 날뛰는": 4,
  "기뻐하는": 3,
  "기쁘게": 3,
  "기쁘게 하다": 4,
  "기쁜": 3,
  "기쁨": 4,
  "기쁨이 넘치는": 3,
  "기쁨이없는": -2,
  "기생하고": -2,
  "기소": -1,
  "기소하다": -1,
  "기억할만한": 1,
  "기우 론자": -2,
  "기운 없는": -2,
  "기운 좋게 뛰어 다니는": 2,
  "기운찬": 2,
  "기이": 3,
  "기적": 4,
  "기절": -2,
  "기증": 2,
  "기피": -1,
  "기함": 2,
  "기형": -2,
  "기호": 2,
  "기회": 2,
  "긴급한": -1,
  "긴장": -2,
  "깊은 인상": 3,
  "깊은 인상을": 3,
  "깜둥이": -5,
  "깜짝": -2,
  "깜짝 놀라": -2,
  "깜짝 놀라게": 3,
  "깜짝 놀란": -2,
  "깨끗한": 2,
  "깨달음을": 2,
  "꺼렸": -2,
  "꼴통": -3,
  "꼴통 아": -4,
  "꼼꼼한": 2,
  "꾸짖": -2,
  "꾸짖는": -3,
  "꾸짖다": -2,
  "꾼": -2,
  "꿈": 1,
  "끌다": 1,
  "끌어 당김": 2,
  "끔찍한": -3,
  "나귀": -4,
  "나쁜": -2,
  "나쁜 길로 이끌다": -3,
  "나쁜 놈": -5,
  "나쁜 상태": -3,
  "나쁜 행동을하다": -2,
  "나사로 죈": -2,
  "나인": -2,
  "나타나다": -1,
  "낙": 3,
  "낙관적 인": 2,
  "낙담": -2,
  "낙심 한": -2,
  "낙천주의": 2,
  "난색": -2,
  "난처한": -2,
  "난파선": -2,
  "난폭": -2,
  "난폭 한": -3,
  "날인": 3,
  "날조": -3,
  "날카로운": 1,
  "남기다": -2,
  "남용": -3,
  "납빛의": -2,
  "납치": -2,
  "낭만적": 2,
  "낭비": -2,
  "내구력": 2,
  "내리 뜬": -2,
  "내쫓다": -2,
  "냄새 나는": -2,
  "냄새가났다": -2,
  "냉담": -3,
  "냉담한": -3,
  "냉대": -2,
  "냉소": -2,
  "냉정한": 1,
  "널찍한": 1,
  "넓": -2,
  "넓히다": 1,
  "넘다": -2,
  "네": 1,
  "네트워크 운영자": -2,
  "노력": -2,
  "노예": -3,
  "노예로 만들다": -2,
  "노출": -1,
  "노출하는": -1,
  "노호 자": -3,
  "녹색 세척": -3,
  "논쟁": -2,
  "논쟁을 좋아하는": -2,
  "논쟁의": -2,
  "놀기 좋아하는": 2,
  "놀라게": 2,
  "놀라게 하다": 3,
  "놀라운": -3,
  "놀라운 빌어 먹을": 4,
  "놀라운 일": 3,
  "놀란": 2,
  "놈": -5,
  "농담": 2,
  "뇌물": -3,
  "뇌물 받는": -3,
  "누락": -2,
  "누를 수 없는": 2,
  "눈먼": -2,
  "눈물": -2,
  "눈부신": 3,
  "눈에 띄는": 2,
  "눌러 터뜨리는": -1,
  "느슨하게": -3,
  "느와르": -2,
  "늠름한": -3,
  "능력": 2,
  "다시 없는 기쁨": 3,
  "다이아몬드": 1,
  "다정한": 2,
  "다쳐서": -2,
  "다투기 좋아하는": -2,
  "다투다": -1,
  "다하다": 2,
  "다행히도": 2,
  "단": 2,
  "단단한": -1,
  "단맛": 3,
  "단순화": -2,
  "단점": -2,
  "단조": -1,
  "달래는": 2,
  "달래다": 2,
  "달성": 2,
  "달성 할 수있는": 1,
  "달아 난다": -1,
  "달콤한": 3,
  "달하다": 2,
  "당착 어법": -1,
  "당황": -2,
  "대기하다": -3,
  "대단원": -3,
  "대단한": 2,
  "대담": 2,
  "대담하게": 2,
  "대담한": 2,
  "대답하는": 2,
  "대립": -2,
  "대망의": -1,
  "대체로": 1,
  "대피": -1,
  "더 나쁘게 하다": -3,
  "더러운": -2,
  "더러움": -2,
  "더럽 히다": -2,
  "더럽혀": 2,
  "더럽혀진": -2,
  "더럽히는": -2,
  "더없이 행복한": 3,
  "더욱 심하게하다": -2,
  "더욱 악화하는": -2,
  "덕 있는": 2,
  "덜": -2,
  "덜어 없애다": -1,
  "덤프": -1,
  "덫": -1,
  "데모": -1,
  "도구": -1,
  "도끼": -1,
  "도니는 다르게": 2,
  "도달": 1,
  "도루": -2,
  "도말 표본": -2,
  "도발": -1,
  "도부 장수": -2,
  "도약 성의": -1,
  "도용": -3,
  "도움": 2,
  "도움이되는": 2,
  "도전": -1,
  "도전적인": -1,
  "독": -2,
  "독감": -2,
  "독점": -2,
  "독점하다": -2,
  "독창적이 아닌": -2,
  "독특한": 2,
  "돋우다": -2,
  "돌리다": 2,
  "돌발": -2,
  "돌이킬 수없는": -2,
  "돌파구": 3,
  "동경": 3,
  "동기 부여": 2,
  "동기 부여 된": 2,
  "동기를 부여": 1,
  "동맹 파업": -2,
  "동맹국": 2,
  "동성애자": -3,
  "동의": 2,
  "동의하다": 1,
  "동의하지 않는다": -2,
  "동정": -1,
  "되돌아 옴": -2,
  "두다": -1,
  "두드러진": 5,
  "두려움": 2,
  "두려워": -2,
  "두려워하여": -2,
  "두통": -2,
  "둔한": -2,
  "뒤얽힌": 2,
  "뒤쥐": -4,
  "뒤집을 수 없는": -1,
  "드래그": -1,
  "드러난": -1,
  "들먹 들먹하는": 2,
  "들썩 들썩": 2,
  "들어오지 못하게 하다": -1,
  "들이다": -1,
  "들창코": -2,
  "듬뿍 있는": -2,
  "디더링": -2,
  "디스터브": -2,
  "따뜻한": 1,
  "따뜻함": 2,
  "딱한": -3,
  "떠는": 3,
  "떠올리게": 3,
  "떨고": -2,
  "떨리는": -2,
  "떨림": -2,
  "떨어 뜨렸다": -1,
  "떨어지는": -1,
  "떨어지다": -1,
  "똑똑한": 1,
  "똥": -4,
  "똥쌀 놈": -4,
  "뛰어난": 2,
  "뜨거운 빌어 먹을": 2,
  "뜨다": 1,
  "라메": -2,
  "로 장애물": -2,
  "로 해결할 수": 1,
  "로맨스": 2,
  "로브를 입은": -2,
  "로비": -2,
  "로비스트": -2,
  "롤": 3,
  "롭": -2,
  "를 disrespected": -2,
  "를 강화": 2,
  "를 초과했다": -2,
  "리깅": -1,
  "리베이트": -3,
  "리벳": 3,
  "마구간": -2,
  "마법에 걸린": 2,
  "마비": -1,
  "마음 흐뭇한": 3,
  "마음을 사로 잡는": 3,
  "마음이 무거운": -2,
  "막다": -2,
  "막연한": -2,
  "막힌": -1,
  "만들어 낸": -1,
  "만세": 5,
  "만족": 2,
  "만화": 1,
  "많은": 1,
  "말도 안되는": -3,
  "말소": -2,
  "말쑥한": 2,
  "맛 없는": -2,
  "맛없는": -2,
  "맛있는": 3,
  "망고": -2,
  "망할": -5,
  "망했다": -3,
  "맞은": -2,
  "매달다": -1,
  "매달린": -1,
  "매력": 1,
  "매력적": 3,
  "매력적인": 2,
  "매우 기쁜": 3,
  "매우 복잡한": 2,
  "매우 훌륭한": 4,
  "매춘부": -4,
  "매혹": 3,
  "매혹적인": 3,
  "매혹하는": 3,
  "맵시 있는": 2,
  "맹렬한": -3,
  "맹렬히": -3,
  "맹세": -2,
  "맹세하다": -2,
  "머저리": -4,
  "멋진": 3,
  "멋진 것": 3,
  "멍청한 놈": -2,
  "멎는": -1,
  "메달": 3,
  "메스 꺼운": -3,
  "메스 꺼워 찌게하는": -3,
  "면밀히": 2,
  "면역": 1,
  "면제": 2,
  "면제 된": -1,
  "멸하다": -3,
  "명": -3,
  "명도": 1,
  "명랑한": 3,
  "명령 한": 2,
  "명상적인": 1,
  "명성": 1,
  "명쾌함": 2,
  "명확한": 1,
  "모욕": -2,
  "모욕 한": -2,
  "모의 객체": -2,
  "모조품": -2,
  "모험": 2,
  "모험적인": 2,
  "모호": -1,
  "모호한": -2,
  "목적이있는": 2,
  "몫": 1,
  "몰두": 1,
  "몹시": -2,
  "몹시 노한": -3,
  "몹시 놀라게 하는": 3,
  "몹시 놀라게 하다": 2,
  "몹시 싫어하다": -3,
  "못쓰게 만들다": -4,
  "무 동기": -2,
  "무감각 한": -2,
  "무감각 함": -2,
  "무관심": -2,
  "무관심한": -2,
  "무기력": -2,
  "무너짐": -2,
  "무능": -2,
  "무능력": -2,
  "무능한": -2,
  "무덤": -2,
  "무뚝뚝한": -2,
  "무력한": -2,
  "무력화": -2,
  "무례": -2,
  "무례한 행동": -2,
  "무모한": -2,
  "무서운": -2,
  "무서움": -2,
  "무서워": -2,
  "무성한": 4,
  "무슨 일": -4,
  "무시": -1,
  "무시 무시한": -3,
  "무시하는데": -2,
  "무식": -2,
  "무식한": -2,
  "무심한": -2,
  "무의미한": -2,
  "무의미한 말": -2,
  "무정한": -3,
  "무죄": 2,
  "무죄가되게하는": 2,
  "무지": -2,
  "무질서": -2,
  "무책임": -2,
  "문장": -2,
  "문제": -2,
  "물들이는": -2,
  "물불을 가리지 않는": 2,
  "묽고 싱거운": -2,
  "미소": 2,
  "미스...": -2,
  "미움": -3,
  "미움을 사는": -3,
  "미워": -3,
  "미워하는": -3,
  "미정": -1,
  "미쳤": -2,
  "미치게 하는": -3,
  "미치광이": -3,
  "미치도록": -3,
  "미친": -3,
  "미친 것 같은": -2,
  "미확인": -1,
  "민족적 우월감": -3,
  "믿을 수 없는": -1,
  "믿음": 1,
  "믿지 않다": -2,
  "밀수": -2,
  "밀수입하다": -2,
  "밀어 넣는": -2,
  "밀행": -1,
  "밑에 붙이는": -2,
  "바람직한": 2,
  "바보": -3,
  "바보 같은": -2,
  "바보스런 일": -2,
  "바이어스": -1,
  "박수": 2,
  "박수 갈채": 2,
  "박애": 2,
  "박탈": -3,
  "박해": -2,
  "반": -2,
  "반동": -3,
  "반란을 일으키는": -2,
  "반발": -2,
  "반어": -1,
  "반역": -3,
  "반역의": -3,
  "반역자": -2,
  "반짝": 3,
  "반칙": -3,
  "반함": -1,
  "반항": -2,
  "반향": -2,
  "받아 들여 쓰다": 1,
  "받아 들일 수없는": -2,
  "받을 가치가없는": -2,
  "받지 않다": -1,
  "발사": -2,
  "발생": -2,
  "발연": -2,
  "발진": -2,
  "밝은": 2,
  "밝히다": 2,
  "밟아 다진": -2,
  "방면하다": 2,
  "방법 론적": 2,
  "방비 없는": -2,
  "방어자": 2,
  "방음": -1,
  "방지": -1,
  "방해": -2,
  "방해는": -2,
  "배기한다": -1,
  "배려": 2,
  "배로": 1,
  "배반": -3,
  "배서": 2,
  "배수": -2,
  "배신": -3,
  "배제": -2,
  "배척": -2,
  "백업": 1,
  "백치": -3,
  "백치의": -3,
  "버려진": -2,
  "버릇": -2,
  "버리다": -2,
  "번영": 3,
  "번영하는": 3,
  "벌금": -2,
  "벌하다": -3,
  "범": -2,
  "범법": -2,
  "범위": 1,
  "범인": -2,
  "범죄": -3,
  "범죄자": -2,
  "범하다": 1,
  "범한": -2,
  "법적으로": 1,
  "베스트": 3,
  "변덕": -2,
  "변덕스러운": -1,
  "변명": -1,
  "변명 할 수없는": -3,
  "변비": -2,
  "변색": -2,
  "변장": -1,
  "변태": -3,
  "변하기 쉬운": -1,
  "변형": -2,
  "변호": 2,
  "병": -2,
  "병원에 입원": -2,
  "보다 나쁜": -3,
  "보람": 2,
  "보람 없는": -2,
  "보물": 2,
  "보복": -2,
  "보상": 2,
  "보석": 3,
  "보수": 2,
  "보안되지 않은": -2,
  "보온재": -2,
  "보이콧": -2,
  "보장": 1,
  "보조금": 1,
  "보증": 2,
  "보호": 1,
  "복수": -2,
  "복수 자": -2,
  "복수를": -2,
  "복수심에 불타는": -2,
  "복수하다": -2,
  "복원": 1,
  "복잡": -2,
  "봉납": 2,
  "봉쇄": -2,
  "부": 3,
  "부과": -1,
  "부끄러운": -2,
  "부끄러움": -2,
  "부끄러워": -2,
  "부끄럽게": -2,
  "부담": -2,
  "부당": -2,
  "부드러운": 2,
  "부디": 1,
  "부러워": -1,
  "부력이있는": 2,
  "부루퉁한": -2,
  "부리": 4,
  "부상": -2,
  "부서진": -1,
  "부스트": 1,
  "부여": 1,
  "부유 한": 2,
  "부유하게": 2,
  "부인": -2,
  "부작용": -2,
  "부재자": -1,
  "부적당": -2,
  "부적당 한": -2,
  "부정": -2,
  "부정 행위": -2,
  "부정성": -2,
  "부정한": -2,
  "부족": -2,
  "부족한": -2,
  "부진": -1,
  "부진한": -2,
  "부채": 3,
  "부패": -3,
  "부푼": -1,
  "부활": 2,
  "북돋우다": 2,
  "분개": -2,
  "분개 한": -2,
  "분노": -3,
  "분리 된": -1,
  "분명히": 1,
  "분열적인": -2,
  "분쟁": -2,
  "분통이 터지는": -2,
  "불": -2,
  "불가능": -2,
  "불결한": -2,
  "불공정": -2,
  "불공평 한": -2,
  "불균형의": -2,
  "불길한": -2,
  "불꽃": 3,
  "불리": -2,
  "불만": -2,
  "불만을 품은": -2,
  "불만족": -2,
  "불매 운동": -2,
  "불면증": -2,
  "불명예": -2,
  "불발": -2,
  "불법": -3,
  "불분명": -1,
  "불신": -2,
  "불안": -2,
  "불안정한": -1,
  "불안하게하는": -2,
  "불안한": -2,
  "불완전한": -2,
  "불운 한": -2,
  "불이익": -2,
  "불일치": -2,
  "불충분": -2,
  "불충분 한": -2,
  "불충분하게": -2,
  "불쾌": -2,
  "불쾌한": -2,
  "불쾌한 일": -2,
  "불타는": 1,
  "불편": -2,
  "불편한": -2,
  "불평": -2,
  "불평하다": -2,
  "불필요한": -2,
  "불행": -2,
  "불행한": -2,
  "불확실한": -1,
  "붕괴": -2,
  "붙어": -2,
  "블라인드": -1,
  "블로킹": -1,
  "블록": -1,
  "블록버스터": 3,
  "비 능률": -2,
  "비 승인": -2,
  "비 윤리적": -2,
  "비가 역적": -1,
  "비과학적인": -2,
  "비관적 인": -2,
  "비극": -2,
  "비꼬는 사람": -2,
  "비난": -2,
  "비난하고": -3,
  "비난한다": -3,
  "비논리적 인": -2,
  "비뚤어진": -2,
  "비명": -2,
  "비방하는": -2,
  "비상 사태": -2,
  "비어 있는": 1,
  "비열한": -3,
  "비옥 한": 2,
  "비우다": -1,
  "비웃다": -2,
  "비웃음": -2,
  "비위생적 인": -2,
  "비위에 거슬리게": -2,
  "비의": -1,
  "비이성적": -1,
  "비인간": -2,
  "비인간 화": -2,
  "비인간적": -2,
  "비인간적 인": -2,
  "비전": 1,
  "비전 수립": 1,
  "비준": 2,
  "비참": -3,
  "비참하게하는": -2,
  "비참한": -3,
  "비타민": 1,
  "비타협적": -2,
  "비탄": -2,
  "비탄에 잠긴": -3,
  "비탄하다": -3,
  "비틀어": -2,
  "비판": -2,
  "비평": -2,
  "비평가": -2,
  "비행": -2,
  "비활성화": -1,
  "비효율적": -2,
  "빈": -1,
  "빈정 대는": -2,
  "빌다": 1,
  "빌어 먹을": -3,
  "빌어 먹을 귀여운": 3,
  "빌어 먹을 사랑": 4,
  "빌어 먹을 완벽한": 4,
  "빌어 먹을 좋은": 4,
  "빗발": 2,
  "빚": -2,
  "빠른": 2,
  "빨다": -3,
  "뻔뻔": -1,
  "뾰로통": -2,
  "사건이없는": -2,
  "사격": -1,
  "사고": -2,
  "사과": -1,
  "사근 사근 한": 2,
  "사기": -2,
  "사기꾼": -4,
  "사기를 꺾다": -2,
  "사기의": -4,
  "사라": -1,
  "사라지다": -1,
  "사람을 얕잡아 보는": -2,
  "사랑": 3,
  "사랑스러운": 3,
  "사랑의 친절": 3,
  "사랑하는": 2,
  "사랑하지 않은": -2,
  "사려 분별": 2,
  "사로": 3,
  "사망": -2,
  "사망 한": -3,
  "사면": 2,
  "사보타주": -2,
  "사상자 수": -3,
  "사악한": -2,
  "사용되지 않는": -2,
  "사이비": -3,
  "사임": -1,
  "사전": 2,
  "사직하다": -1,
  "사취": -3,
  "사치": 2,
  "사회적 불안": -2,
  "삭감": -2,
  "삭제": 1,
  "산만": -2,
  "살아": 2,
  "살아 있는": 1,
  "살아남은 사람": 2,
  "살인": -3,
  "살인 사건": -2,
  "살인의": -3,
  "살인자": -2,
  "살해": -3,
  "상": 3,
  "상단": 2,
  "상록수": 2,
  "상반되는": -3,
  "상상력이없는": -2,
  "상상의": 2,
  "상처": -2,
  "상처를 입힐 수없는": 2,
  "상쾌": 2,
  "상쾌한": 3,
  "상하게": -1,
  "상한": -2,
  "새끼": -5,
  "새는 곳": -1,
  "생각에 잠겨있는": -1,
  "생명의 은인": 4,
  "생명이없는": -1,
  "생생하게": 2,
  "생존": 2,
  "서로 싸우는": -2,
  "서로 용납하지 않는": -1,
  "서슴다": -2,
  "서식지": -1,
  "서약": -2,
  "서투른": -2,
  "서포터": 1,
  "석방": 2,
  "석화": -2,
  "섞인 것 없는": -2,
  "선고": -2,
  "선량": 3,
  "선망의 대상": -1,
  "선명한": 1,
  "선물": 2,
  "선전": -2,
  "설득": 1,
  "섭섭": -2,
  "성 차별": -2,
  "성가신": -2,
  "성가심": -2,
  "성공": 3,
  "성공적으로": 3,
  "성공하지 못한": -2,
  "성공한": 3,
  "성나게 하는": -2,
  "성나게 하다": -2,
  "성난": -4,
  "성숙한": 2,
  "성실": 2,
  "성실한": 2,
  "성장": 2,
  "성장하는": 1,
  "성취": 2,
  "세뇌": -3,
  "세련된": 1,
  "세상에 알리다": 3,
  "섹시한": 3,
  "소개": -1,
  "소극": -1,
  "소란": -3,
  "소름 끼치게": -3,
  "소름 끼치게 하는": -2,
  "소리를 질렀": -2,
  "소리를 질렀다": -2,
  "소박한": -2,
  "소변": -4,
  "소설": 2,
  "소송": -2,
  "소심한": -2,
  "소원": -2,
  "소유의": -2,
  "소중한": 2,
  "소중히": 2,
  "소중히 하는": 2,
  "소중히 하다": 2,
  "소진": -2,
  "소홀히": -2,
  "소환장": -2,
  "속기 쉬운": -2,
  "속기 쉬움": -2,
  "속아": -2,
  "속여": -2,
  "속여 먹다": -2,
  "속이는": -3,
  "속이다": -3,
  "속임수": -3,
  "속죄 염소": -2,
  "손대지 않은": 2,
  "손상": -3,
  "손실": -3,
  "손으로 딴": 1,
  "손재주 있는": 2,
  "손질이 잘되어있는": 2,
  "손해": -3,
  "솔루션": 1,
  "수감": -2,
  "수고": -2,
  "수동적": -1,
  "수동태": -1,
  "수락": 1,
  "수비수": 2,
  "수상": 3,
  "수상한": -2,
  "수성 백색 도료": -3,
  "수요": -1,
  "수정": 1,
  "수줍은": -1,
  "수치스러운": -3,
  "수탉": -5,
  "수탕나귀": -4,
  "숙명": -3,
  "순발력": 2,
  "순수한": 1,
  "순조롭게": 2,
  "숨 막혀": -2,
  "숨겨": -1,
  "숨김": -3,
  "숨는 장소": -1,
  "숨어": -1,
  "숭배": 3,
  "숭배하여": 3,
  "쉬운": 1,
  "쉽게": 2,
  "스마트": 2,
  "스모그": -2,
  "스캔들": -3,
  "스퀄": -1,
  "스타우트": 2,
  "스테레오": -2,
  "스톨": -2,
  "스트라이커": -2,
  "스트라이크": -1,
  "스트레스": -2,
  "스패머": -3,
  "스팸": -2,
  "슬래시": -2,
  "슬립": -1,
  "슬퍼": -2,
  "슬퍼서": -2,
  "슬프게": -2,
  "슬프게 하는": -2,
  "슬프게 하다": -2,
  "슬프게도": -2,
  "슬픈": -2,
  "슬픈 듯한": -2,
  "슬픔": -2,
  "슬픔에 잠긴": -2,
  "승리": 4,
  "승리자": 3,
  "승인": 2,
  "승인되지 않은": -2,
  "승인하지": -2,
  "승자": 4,
  "승진": 1,
  "시끄러운": -1,
  "시력": 1,
  "시원한": 1,
  "시위": -2,
  "시위대": -2,
  "시작": 1,
  "시장 조작": -1,
  "시제": -2,
  "시차": -2,
  "시체": -1,
  "식별": 2,
  "신경": -1,
  "신랄한": 2,
  "신뢰하는": 2,
  "신뢰할 수 있음": 2,
  "신뢰할 수있는": 2,
  "신선한": 1,
  "신속하게": 2,
  "신앙 없는": -1,
  "신앙의": 2,
  "신을 하다": 2,
  "신음": -2,
  "신음 소리": -2,
  "신의 선물": 4,
  "신통치 않게": -2,
  "신화": -1,
  "실격": -2,
  "실망": -2,
  "실망시키는": -2,
  "실망한": -2,
  "실수": -2,
  "실업": -2,
  "실적이 저조": -2,
  "실적이 저조한": -2,
  "실질적인": 1,
  "실패": -2,
  "실패자": -3,
  "실패한": -2,
  "싫어": -3,
  "싫어요": -2,
  "싫어하는": -3,
  "싫어함": -2,
  "싫은": -2,
  "싫음": -3,
  "심문": -2,
  "심하게": -2,
  "심한": 1,
  "싸게 사는 물건": 2,
  "싸움": -2,
  "싼 어림": -1,
  "쌓다": -1,
  "썩은": -3,
  "쑥스러운": -3,
  "쓰라린": -2,
  "쓰레기": -3,
  "쓰임새": -2,
  "쓴": -2,
  "쓸모": -2,
  "쓸모없는": -2,
  "쓸쓸한": -2,
  "씩씩": 3,
  "아 lololol": 4,
  "아늑함": 2,
  "아니": -1,
  "아들   한  나쁜": -5,
  "아름다운": 3,
  "아름다운 빌어 먹을": 4,
  "아름다움": 3,
  "아름답게": 3,
  "아름답게 하다": 3,
  "아슬 아슬한": 5,
  "아아": -1,
  "아야": -2,
  "아이러니": -1,
  "아주": 3,
  "아주 가난한": -2,
  "아파": -2,
  "아파하는": -2,
  "아프": -2,
  "아픈": -1,
  "아픔": -2,
  "악": -2,
  "악당": -2,
  "악용": -2,
  "악의": -2,
  "악취": -2,
  "악취를 풍기는": -2,
  "악행": -2,
  "악화": -3,
  "안 들리게 하다": -2,
  "안녕": 2,
  "안된다고 하다": -2,
  "안심": 1,
  "안전": 2,
  "안전하게": 1,
  "안전하게 하다": 1,
  "안전한": 2,
  "안절부절 못하는": -2,
  "안정된": 2,
  "안좋다": -2,
  "안티": -1,
  "앉기 불편한": -2,
  "알고 싶어하는": 2,
  "알레르기": -2,
  "알맞은": 1,
  "알지 못하는": -2,
  "앓은": -1,
  "암": -1,
  "암살": -3,
  "암캐": -5,
  "암표 장수": -2,
  "암흑": -1,
  "압력": -1,
  "압력을": -2,
  "압류": -2,
  "압박": -2,
  "압제적인": -2,
  "앙제": -3,
  "애 태우게하는": -2,
  "애도": -2,
  "애정": 3,
  "애정 어린": 3,
  "애처로운": -2,
  "애호가": 2,
  "야만인": -2,
  "야만인 같은": -2,
  "야바위꾼": 2,
  "약속": 1,
  "약점": -2,
  "약탈": -2,
  "약탈하는": -2,
  "약하게하는": -2,
  "약한": -2,
  "약한 자를 괴롭히는 사람": -2,
  "약화": -2,
  "양": 2,
  "양도 논법": -1,
  "얕보는": -2,
  "얕보다": -2,
  "어긋나게 하다": -2,
  "어두운": -2,
  "어둠": -1,
  "어디에나 있는": 2,
  "어떤": 1,
  "어떤 종류의": 0,
  "어려운": -1,
  "어려움을 겪고": -2,
  "어렴풋이 나타났다": -1,
  "어렴풋한": -1,
  "어리둥절한": -2,
  "어리석은": -2,
  "어린애 같은": -2,
  "어색한": -2,
  "어울려": 2,
  "어울리는": 2,
  "어울리다": 2,
  "어찌할 바를 모르는": -2,
  "어찌할 수 없는": -2,
  "억압": -2,
  "억압적인": -2,
  "억울함": -2,
  "억제": -1,
  "얻기 쉬운": 1,
  "얼간": -4,
  "얼간이": -3,
  "얽매다": -2,
  "엄격하게": 3,
  "엄밀한": 3,
  "엄숙한": -1,
  "엄한": -2,
  "업종 지수 상승률": -2,
  "없는": -1,
  "없는지 얘기해 드릴께요": -2,
  "없어져 버린": -2,
  "엉망": -2,
  "엉터리": -4,
  "에 위배된다": -2,
  "에 지장을주지": -2,
  "에서 현금 인출": -2,
  "여성 성기": -5,
  "역겨운": -2,
  "역겨운 사람": -2,
  "역량": 1,
  "역병": -3,
  "역설": -1,
  "역행": 2,
  "연구되지 않은": -2,
  "연기": -1,
  "연기하다": 2,
  "연기합니다": -1,
  "연대": 2,
  "연합": 1,
  "연회를 좋아하는": 2,
  "열": -2,
  "열광 자": -2,
  "열광적 인": 2,
  "열렬한": 2,
  "열받은": -2,
  "열세": -2,
  "열정": 1,
  "열중하게하기": 2,
  "열혈": 3,
  "염려": 2,
  "염세주의": -2,
  "염원": 1,
  "염증": -2,
  "엿": -4,
  "영감": 2,
  "영감을받지 않은": -2,
  "영광": 2,
  "영기": 1,
  "영리한": 2,
  "영예": 2,
  "영웅": 2,
  "예": 1,
  "예기": 1,
  "예쁜": 1,
  "예속": -2,
  "예수": 1,
  "예의": 2,
  "예의 바른": 2,
  "오거나 내보내는": -2,
  "오도": -3,
  "오락": 3,
  "오류": -2,
  "오르기": 1,
  "오물": -2,
  "오보": -2,
  "오싹 해지는": -3,
  "오염": -2,
  "오염 물질": -2,
  "오용": -2,
  "오작동": -2,
  "오프라인": -1,
  "오해": -2,
  "오해의 소지가": -3,
  "온화한": 3,
  "올바르지 않은": -2,
  "올바른 방향으로": 3,
  "옴폭 들어간 곳": -2,
  "옹호": 2,
  "와우": 4,
  "와전": -2,
  "완고한": -2,
  "완료 형": 2,
  "완벽하게": 2,
  "완성": 2,
  "완전": 3,
  "완전한": 3,
  "완화": 2,
  "왕따": -2,
  "왜곡": -2,
  "외딴": -1,
  "외상": -3,
  "외상 약": -3,
  "외상 후": -2,
  "외설": -2,
  "외치는": -2,
  "외침": -2,
  "요구": -1,
  "요금": -2,
  "욕심": -3,
  "욕심 많은": 2,
  "용감": 3,
  "용감한": 3,
  "용기": 2,
  "용기 있게": 2,
  "용기 있는": 2,
  "용서": 2,
  "용서하는": 1,
  "용서할 수 없는": -3,
  "용의자": -1,
  "용이함": 2,
  "용인": 2,
  "우": -2,
  "우둔": -3,
  "우둔한": -3,
  "우려": -2,
  "우려하는": -2,
  "우르르 도망치게 하다": -2,
  "우수": 3,
  "우수한": 3,
  "우스꽝스러운": 2,
  "우스꽝스럽게 만들다": -2,
  "우스운": 4,
  "우아하게": 2,
  "우아한": 2,
  "우연한": -2,
  "우울": -2,
  "우울한": -2,
  "우윤히": -2,
  "우정": 2,
  "우호적 인": 2,
  "운": 3,
  "운 좋게": 3,
  "운명": -2,
  "운이 좋은": 3,
  "울": -2,
  "울다": -2,
  "울음": -2,
  "울음 소리": -2,
  "웃었다": 1,
  "웃으면": 2,
  "웃음": 1,
  "웅대 한": 3,
  "원": 3,
  "원망하고있는": -2,
  "원외 활동을하는 사람": -2,
  "원하는": 2,
  "원활": 2,
  "원활한": 2,
  "위기": -3,
  "위로": 2,
  "위반": -2,
  "위선": -2,
  "위장": -1,
  "위조": -3,
  "위조자": -3,
  "위조하다": -3,
  "위증": -3,
  "위치 오류": -2,
  "위탁": 2,
  "위험": -2,
  "위험한": -2,
  "위협": -2,
  "위협을": -2,
  "위협하다": -2,
  "유 괴": -2,
  "유감": -2,
  "유괴": -2,
  "유기 된": -2,
  "유능한": 2,
  "유독 한": -2,
  "유령": -1,
  "유령이 나오는": -2,
  "유리": 2,
  "유리한": 2,
  "유망한": 2,
  "유머": 2,
  "유명하지": 3,
  "유명한": 3,
  "유발": -1,
  "유산": 2,
  "유아 같은": -2,
  "유연함": 2,
  "유용성": 2,
  "유적": -2,
  "유죄 판결": -2,
  "유죄를 선고하다": -2,
  "유지": -1,
  "유질": -2,
  "유출": -1,
  "유치": 2,
  "유혹": -1,
  "유화": 2,
  "유효성": 2,
  "유효성을 검사": 1,
  "유효한": 2,
  "육성": 2,
  "윤리적 인": 2,
  "은혜": 1,
  "을 고정": 2,
  "을 방해한다": -2,
  "을 세련": 1,
  "을 자극": 1,
  "음모": -3,
  "음미": 2,
  "음부": -5,
  "음산한": -2,
  "음식물": -2,
  "음울한": -2,
  "응고": 2,
  "응원": 2,
  "의 사기": -3,
  "의 정당성을 입증": 2,
  "의기 양양": 3,
  "의기 양양한": 4,
  "의도하지 않은": -2,
  "의미": 1,
  "의미 없는": -2,
  "의미있는": 2,
  "의심": -2,
  "의심 많은": -2,
  "의심스러운": -1,
  "의해 파괴됨": -3,
  "의혹을 품고있는": -1,
  "의회의 관례에 어긋나는": -2,
  "이 끊긴": -2,
  "이 오염": -2,
  "이 왜곡": -2,
  "이기는": 4,
  "이기적이 아닌": 2,
  "이기적인": -3,
  "이기주의": -3,
  "이득": 2,
  "이루어지지 않은": -2,
  "이상하게": -1,
  "이상한": -2,
  "이스케이프": -1,
  "이용": -2,
  "이익": 2,
  "이점": 2,
  "이중 자물쇠": -2,
  "이타적인": 2,
  "이해": 1,
  "이해할 수 없는": -2,
  "이행": 2,
  "익사": -2,
  "인간성을 빼앗다": -2,
  "인기": 3,
  "인기 있는": 3,
  "인도적인": 2,
  "인사": 1,
  "인사말": 2,
  "인상을 찌 푸 리고": -1,
  "인상적": -2,
  "인상적인": -1,
  "인색": -2,
  "인식": 2,
  "인정": -1,
  "인정 많은": 2,
  "인정 머리없는": -2,
  "인정 없는": -2,
  "인정 있는": 2,
  "인정이있는": 2,
  "인종 차별 주의자": -3,
  "인터럽트": -2,
  "인하": -2,
  "일등": 1,
  "일생에 한 번": 3,
  "일시 정지": -2,
  "일시적 유행": -2,
  "일으키게 하다": 2,
  "일으키다": 3,
  "일한 보람 없는": -3,
  "잃어버린": -3,
  "잃은": -2,
  "입은": -2,
  "있는 uncredited": -1,
  "있어야 할 곳에 없는": -2,
  "있을 것 같지 않게": -1,
  "잊기 쉬운": -1,
  "잊다": -1,
  "잊어": -1,
  "잊었다": -1,
  "잊혀지지": 1,
  "자격": 1,
  "자극": -3,
  "자극하는": -1,
  "자기 도취": -2,
  "자기 모순": -2,
  "자기기만": -2,
  "자넬": 3,
  "자랑스럽게": 2,
  "자랑하는": -2,
  "자비": 2,
  "자비로운": 2,
  "자산": 2,
  "자살": -2,
  "자살의": -2,
  "자신": 2,
  "자신 없는": -2,
  "자신감": 2,
  "자신있게": 2,
  "자신있는": 2,
  "자애로운": 3,
  "자연스러운": 1,
  "자위": -2,
  "자유": 2,
  "자지 않고 지키는": 3,
  "자질": 2,
  "자책감": -2,
  "자행": -2,
  "작동 불능": -2,
  "작동 안함": -3,
  "작동하지 않습니다": -3,
  "잔인": -3,
  "잔인한": -3,
  "잔학": -3,
  "잘 발달 된": 2,
  "잘 생긴": 3,
  "잘 속는 사람": -2,
  "잘 옹호": 3,
  "잘 집중": 2,
  "잘난 체하는": -2,
  "잘못": -2,
  "잘못 두다": -2,
  "잘못 분류": -2,
  "잘못 사용": -2,
  "잘못 읽다": -1,
  "잘못 전하다": -2,
  "잘못 해석": -2,
  "잘못된": -2,
  "잘못된 정보": -2,
  "잘못보고": -2,
  "잘못을": -2,
  "잘못하여": -2,
  "잘못한": -2,
  "잠 잘 수 없음": -2,
  "잡종": -5,
  "장난": -1,
  "장력": -1,
  "장례": -1,
  "장례식": -1,
  "장미 꽃": 1,
  "장벽": -2,
  "장애": -2,
  "장애물": -2,
  "장애인": -2,
  "장점": 2,
  "장학금": 3,
  "재갈": -2,
  "재능": 2,
  "재미": -1,
  "재미 없어": -3,
  "재미없는": -2,
  "재미있는": 2,
  "재산": 2,
  "재생 불가능한": -2,
  "재앙": -3,
  "재채기": -2,
  "재해": -2,
  "저금": 1,
  "저능 자": -3,
  "저렴한": 2,
  "저명한": 2,
  "저장": 2,
  "저주": -1,
  "저주 받은": -4,
  "저지른": -3,
  "저하": -2,
  "저해": -2,
  "적": -2,
  "적군": -2,
  "적극적인": -2,
  "적당한": 1,
  "적법한": 1,
  "적은": -2,
  "적의": -2,
  "적절하게": 2,
  "적합": 1,
  "전망": 1,
  "전문가가 아닌": -2,
  "전문적으로": 2,
  "전복": -2,
  "전염병": -3,
  "전염성의": -1,
  "전용": 2,
  "전쟁": -2,
  "전적으로": 2,
  "전제 군주적인": -3,
  "전체주의": -2,
  "전체주의의": -2,
  "전투": -1,
  "전환": -1,
  "절단": -1,
  "절망": -3,
  "절망적 인": -3,
  "절묘한": 3,
  "젊은": 2,
  "접견": 1,
  "접수": 1,
  "정당": 2,
  "정당성": 2,
  "정당한": 2,
  "정력적인": 2,
  "정신": 1,
  "정신 이상": -2,
  "정신병": -2,
  "정의": 2,
  "정전": -2,
  "정중": 2,
  "정지": -1,
  "정직한": 2,
  "정착": 1,
  "정체": -2,
  "정치": 2,
  "제복을 입은": 1,
  "제약": -2,
  "제외": -1,
  "제지": -2,
  "제한": -2,
  "제한된": -1,
  "제한하는": -1,
  "제한합니다": -2,
  "젠장": -4,
  "조금도": -2,
  "조롱": -2,
  "조리": -2,
  "조사": -2,
  "조심성 있는": -1,
  "조용한": 2,
  "조작": -1,
  "조잡한": -1,
  "조정했다": 2,
  "조화": 2,
  "조화 된": 2,
  "존경": 3,
  "존경받는": 2,
  "존경하는": 2,
  "존엄": 2,
  "종류": 2,
  "종말": -2,
  "종양": -2,
  "좋아": 2,
  "좋아 하죠": 3,
  "좋아했다": 2,
  "좋은": 3,
  "좋은 빌어 먹을": 4,
  "좋은 아침": 1,
  "좌절": -2,
  "좌절시키는": -2,
  "죄": -2,
  "죄송합니다": -2,
  "죄수": -2,
  "주거 침입": -2,
  "주목할 만한": 2,
  "주사위": -3,
  "주수": -3,
  "주식": 1,
  "주요한": 2,
  "주입하다": -2,
  "주장": -2,
  "주장하다": 2,
  "주저하는": -2,
  "죽 치고": -1,
  "죽은": -3,
  "죽음": -2,
  "죽이는": -3,
  "죽이다": -3,
  "죽지 않는": 2,
  "준비": 1,
  "중단": -1,
  "중대한": 2,
  "중독": -2,
  "중범 죄": -3,
  "중심": 1,
  "중요성": 2,
  "중요한": 1,
  "중죄": -3,
  "중지": -1,
  "쥐": -1,
  "즐거운": 3,
  "즐거움": 3,
  "즐겁게": 3,
  "즐겁게 하다": 3,
  "즐겨": 2,
  "즐겨 찾기": 2,
  "즐기는": 3,
  "즐긴다": 2,
  "즐길 수있는": 2,
  "증가": 1,
  "증가하다": 1,
  "증오": -3,
  "증폭": 1,
  "지겨운": -3,
  "지나간": -2,
  "지나치게": -2,
  "지나치게 공들인": -3,
  "지나치게 단순화": -2,
  "지나치게 단순화하다": -2,
  "지는": -3,
  "지능형": 2,
  "지도": 1,
  "지독한": -2,
  "지력이없는": -2,
  "지루한": -3,
  "지불": -1,
  "지불 불능의": -2,
  "지속": 2,
  "지속 가능성": 1,
  "지연": -2,
  "지연된": -2,
  "지옥": -4,
  "지옥과 같은": -2,
  "지원": 2,
  "지원되지 않는": -2,
  "지원하다": 2,
  "지지자": 1,
  "지체": -2,
  "지혜": 1,
  "직": -1,
  "직조기": -1,
  "직진": 1,
  "진가를 인정받지 못한": -2,
  "진동": -2,
  "진술": -2,
  "진심으로": 3,
  "진압": -2,
  "진정": 3,
  "진정시킨다": 2,
  "진정으로": 2,
  "진정제": -2,
  "진지한": 2,
  "진취적인": 1,
  "진행": 2,
  "질리는": -2,
  "질문": -1,
  "질병": -2,
  "질서 있는": 2,
  "질식": -2,
  "질책": -3,
  "질투": -2,
  "질투심 많은": -2,
  "집이없는": -2,
  "집중": 2,
  "집착": 2,
  "짓궂은": -2,
  "징계": -2,
  "징벌 적": -2,
  "짜증": -3,
  "짜증나게 하다": -3,
  "짧은 원시 및": -2,
  "쭉 내밀다": 2,
  "찌꺼기": -1,
  "찌끼": -3,
  "찌르기": -2,
  "찌르다": -2,
  "찢어진": -2,
  "차별": -2,
  "차별적 인": -2,
  "착각": -2,
  "착각이 드는군요": 3,
  "착용": -1,
  "찬양": 3,
  "참다": -2,
  "참된": 2,
  "참을성이": -2,
  "창끝": 2,
  "창조적 인": 2,
  "채가다": -2,
  "채택": 1,
  "책략으로 이기게": -2,
  "책임": 1,
  "책임지지 않는": -2,
  "챔피언": 2,
  "처럼": 2,
  "처벌": -2,
  "처신하다": -2,
  "척": -1,
  "천국": 2,
  "천국 같은": 4,
  "천역": -2,
  "천하무적의": 2,
  "철수": -3,
  "청렴": 2,
  "청소기": 2,
  "체포": -3,
  "체하는": -1,
  "체하다": -1,
  "초과 적재": -1,
  "초과 중량": -1,
  "초대": 1,
  "초점이 맞지": -2,
  "초조": -2,
  "초크": -2,
  "촉진": 1,
  "총": -1,
  "최고": 3,
  "최고의 빌어 먹을": 4,
  "최대 공급": -3,
  "최선을 다하고": 1,
  "최저": -1,
  "추락": -2,
  "추모": -2,
  "추문": -2,
  "추방": -2,
  "추방하다": -2,
  "추잡한": -3,
  "추천": 2,
  "추한": -3,
  "추함": -3,
  "축 늘어진": -2,
  "축복": 3,
  "축소": -2,
  "축제의": 2,
  "축출": -1,
  "축하": 3,
  "충격": -2,
  "충격적인": -2,
  "충돌": -2,
  "충성스러운": 3,
  "충실한": 3,
  "충의": 3,
  "충전": -3,
  "취소": -1,
  "취소 된": -1,
  "취소하다": -1,
  "취약": -2,
  "취약점": -2,
  "취한": -2,
  "측은히 여김": 2,
  "치명적": -2,
  "치명적인": -3,
  "치사": -2,
  "치안 방해": -2,
  "치안 방해의": -2,
  "치우친": -2,
  "치하": 2,
  "친구": 1,
  "친밀": 2,
  "친선": 3,
  "친절": 2,
  "친한": 2,
  "침략": -2,
  "침묵": -1,
  "침울 한": -2,
  "침입": -1,
  "칭찬": 3,
  "카리스마": 2,
  "칼에 찔린": -2,
  "커밋": 1,
  "케어": 2,
  "코가 큰": -2,
  "코메디": 1,
  "쾅": -2,
  "쾌적한": 3,
  "쾌활하게": 2,
  "쾌활한": 2,
  "쾌히 하기": 2,
  "크게 기뻐하는": 3,
  "크롤": -1,
  "큰": 1,
  "큰 실수": -3,
  "큰 파란": -2,
  "큰소리로 고함 치는": -1,
  "키스": 2,
  "타당한": 1,
  "타락": -2,
  "타락한": -2,
  "타오르는 듯한": 2,
  "타의 추종을 불허": 1,
  "타이르다": -2,
  "탄핵": -3,
  "탈선": -2,
  "탈출": -1,
  "탐구": 1,
  "탐욕스러운": -2,
  "탐탁지 않은": -2,
  "탐험": 1,
  "탑": 2,
  "탕진": -2,
  "태만": -2,
  "태세": -2,
  "터벅 터벅 걷고": -2,
  "털다": -2,
  "테러": -2,
  "테러리스트": -2,
  "토하다": -3,
  "통렬한": -3,
  "통합": 1,
  "투명 도료": 1,
  "투옥": -2,
  "투옥하는": -2,
  "투쟁": -2,
  "트랩": -1,
  "트러스트": 1,
  "트롤": -2,
  "특권": 2,
  "특히 잘하는": 2,
  "튼튼한": 2,
  "틀에 박힌": -2,
  "티 없는": 2,
  "파괴": -3,
  "파괴 할 수없는": 2,
  "파괴적인": -3,
  "파괴하는": -2,
  "파괴한다": -3,
  "파라다이스": 3,
  "파멸": -2,
  "파산": -3,
  "파산자": -3,
  "파시스트": -2,
  "파시스트 당원": -2,
  "파업": -1,
  "파업을": -2,
  "파열": -2,
  "파지": 2,
  "판별": -2,
  "판정": -1,
  "팔다": -3,
  "팔리지 않은": -1,
  "패널티": -2,
  "패닉": -3,
  "패배": -2,
  "팽창": 1,
  "퍼": -2,
  "펴다": 1,
  "편견": 2,
  "편안": 2,
  "편안하게": 2,
  "편안한": 2,
  "편의 시설": 2,
  "편치 않은": -2,
  "평결": -1,
  "평범": -3,
  "평안한": 2,
  "평온": 2,
  "평화": 2,
  "평화로운": 2,
  "평화롭게": 2,
  "폐기": -1,
  "폐물": -2,
  "포괄적 인": 2,
  "포기": -2,
  "포로": -2,
  "포악": -3,
  "포옹": 2,
  "폭동": -2,
  "폭력": -3,
  "폭력 관련": -3,
  "폭리 취득자": -2,
  "폭탄": -1,
  "폭행": -2,
  "푼다": -3,
  "풀다": 1,
  "풀이 죽은": -2,
  "품질": 2,
  "풍미가없는": -2,
  "풍부한": 2,
  "풍자적 인": -2,
  "피": -1,
  "피곤하게하는": -2,
  "피곤한": -2,
  "피로": -2,
  "피소": -2,
  "피의": -3,
  "피하고": -2,
  "피한": -1,
  "피한다": -1,
  "피할": -1,
  "피해": -2,
  "피해자": -3,
  "필사적으로": -3,
  "필수": -1,
  "필요": 1,
  "필적 할 것이없는": 2,
  "핑": -1,
  "하게 침해": -2,
  "하나님": 1,
  "하락": -1,
  "하아": 2,
  "하하": 3,
  "하하하": 3,
  "하회": -2,
  "학대": -3,
  "한가한": -1,
  "한숨": -2,
  "한적한": -2,
  "한정": -1,
  "한정된": -2,
  "한탄": -3,
  "할 수 없는": -2,
  "할 수 없음": -2,
  "할렐루야": 3,
  "할인": -1,
  "합의": 1,
  "항문": -4,
  "항의": -2,
  "해": -2,
  "해결": 2,
  "해결책": 1,
  "해고": -2,
  "해로운": -2,
  "해소": 1,
  "해치다": -2,
  "해킹": -1,
  "해학적 인": 2,
  "햇빛": 2,
  "행복": 3,
  "행복감": 3,
  "행복한": 3,
  "행사": 3,
  "행운의": 2,
  "향": -2,
  "향상": 2,
  "향수병": -2,
  "허기": -2,
  "허술한": 1,
  "허용": 1,
  "허용하다": 1,
  "허위": -2,
  "허위 정보를 유포": -2,
  "허위 진술": -2,
  "헌신": 2,
  "험악한": -2,
  "헷갈리는": -2,
  "혁신": 1,
  "혁신적인": 2,
  "현기증 나는": -2,
  "현대화": 2,
  "현저한": 1,
  "혐오": -3,
  "협박": -3,
  "협상": -1,
  "협잡": -2,
  "협정": 1,
  "형사": -4,
  "형편이 나쁜": -2,
  "혜택": 2,
  "혜택을": 2,
  "혜택을 받고있는": 2,
  "호리다": 3,
  "호언 장담": -3,
  "호의": 2,
  "혼돈": -2,
  "혼돈 된": -2,
  "혼동": -2,
  "혼란스러운": -2,
  "혼수": -2,
  "혼자": -2,
  "홀딱 반할 만한": 3,
  "홍보": 1,
  "화나게 하는": -3,
  "화나게 하다": -1,
  "화려한": 3,
  "화려한 곡": 3,
  "화해": 2,
  "확고": 2,
  "확립 된": 2,
  "확보": 2,
  "확신": 1,
  "확실하게": 2,
  "확인": 1,
  "확장": 1,
  "환경 친화적 인": 2,
  "환락": 3,
  "환멸": -2,
  "환상적인": 4,
  "환상적인 빌어 먹을": 4,
  "환영": 2,
  "환영합니다": 2,
  "환자": -2,
  "환호": 2,
  "활기": 3,
  "활기 있는": 3,
  "활동하지 않음": -2,
  "활력": 3,
  "활발한": 2,
  "황폐": -2,
  "황폐시키다": -2,
  "황폐화": -2,
  "황홀": 4,
  "황홀경": 2,
  "황홀하게하다": 3,
  "회색": -1,
  "회의론": -2,
  "회의론자": -2,
  "획득": 2,
  "효과가없는": -2,
  "효과없는": -2,
  "효과적으로": 2,
  "효과적인": -2,
  "후원": 1,
  "후원자": 2,
  "후퇴": -1,
  "후회": -2,
  "후회하는": -2,
  "훌륭하게": 4,
  "훌륭한": 5,
  "훌리건": -2,
  "훔치다": -2,
  "훔친": -2,
  "훔침": -2,
  "훼손": -2,
  "휘두르다": -2,
  "휴가": -1,
  "휴거": 2,
  "흉터": -2,
  "흐리게": -1,
  "흐린": -2,
  "흐림": -2,
  "흔들리는": -1,
  "흘린": 2,
  "흠없는": 2,
  "흠잡다": -2,
  "흡수 된": 1,
  "흥미 진진한": 3,
  "흥미을 가지지 않는": -2,
  "흥미있는": 2,
  "흥분": 3,
  "흥분한": 3,
  "희망": 2,
  "희미한": -2,
  "희생": -3,
  "희생 시킴": -3,
  "희생양": -2,
  "희생자": -3,
  "히스테리": -3,
  "힘": 2,
  "힘 있는": 2,
  "힘찬": 2,
  "힙니다": -2
}