{
  "「トン立つことができます": -3,
  "= noob": -2,
  "absolves": 2,
  "absolving": 2,
  "acquits": 2,
  "acquitting": 2,
  "adoringly": 3,
  "affectionateness": 3,
  "agonises": -3,
  "apeshit": -3,
  "appeases": 2,
  "arsehole": -4,
  "assfuckingすること": -4,
  "astounds": 3,
  "averts": -1,
  "bamboozles": -2,
  "BEFIT": 2,
  "bereaves": -2,
  "bereaving": -2,
  "blackmails": -3,
  "braveness": 2,
  "brilliances": 3,
  "chastises": -3,
  "chiding": -3,
  "conciliated": 2,
  "conciliates": 2,
  "conciliating": 2,
  "conflictive": -2,
  "contagions": -2,
  "criminated": -3,
  "criminates": -3,
  "defrauds": -3,
  "dehumanizes": -2,
  "dejecting": -2,
  "dejects": -2,
  "demoralizes": -2,
  "derides": -2,
  "deriding": -2,
  "dilligence": 2,
  "disconsolation": -2,
  "eery": -2,
  "enraging": -2,
  "envies": -1,
  "envying": -1,
  "evergreening": -3,
  "exasparate": -2,
  "exasperates": -2,
  "exhilarates": 3,
  "exonerates": 2,
  "exonerating": 2,
  "frikin": -2,
  "FTW": 3,
  "fuckface": -4,
  "fuckinの": -4,
  "fucktard": -4,
  "fuked": -4,
  "fuking": -4,
  "goofiness": -2,
  "GR8": 3,
  "greenwasher": -3,
  "greenwashers": -3,
  "HAHAHAH": 3,
  "heavyhearted": -2,
  "humerous": 3,
  "impedingly": -2,
  "incensing": -2,
  "indoctrinates": -2,
  "indoctrinating": -2,
  "inediable": -2,
  "infantilized": -2,
  "infests": -2,
  "infracting": -2,
  "infracts": -2,
  "infuriates": -2,
  "intransigency": -2,
  "jackasses": -4,
  "laughting": 1,
  "lawl": 3,
  "likers": 2,
  "LMAO": 4,
  "LMFAO": 4,
  "LOLOL": 4,
  "LOLOLOL": 4,
  "LOLOLOLOL": 4,
  "lool": 3,
  "LOOOL": 3,
  "looool": 3,
  "lovelies": 3,
  "maladaption": -2,
  "misbehaved": -2,
  "misbranding": -3,
  "misclassifies": -2,
  "misconducted": -2,
  "misconducting": -2,
  "misleaded": -3,
  "moping": -1,
  "niggas": -5,
  "OKS": 2,
  "optionless": -2,
  "ostracizes": -2,
  "outmaneuvered": -2,
  "oversells": -2,
  "overstatements": -2,
  "prblm": -2,
  "prblms": -2,
  "prosecutes": -1,
  "rageful": -2,
  "ranters": -3,
  "raptured": 2,
  "ROFL": 4,
  "roflcopter": 4,
  "roflmao": 4,
  "romantical": 2,
  "rotfl": 4,
  "rotflmfao": 4,
  "rotflol": 4,
  "savange": -2,
  "savanges": -2,
  "sexistic": -2,
  "shoody": -2,
  "singleminded": -2,
  "slickest": 2,
  "smuggles": -2,
  "stinked": -2,
  "stinkの過去": -2,
  "sueing": -2,
  "sulking": -2,
  "swindles": -3,
  "terrifically": 4,
  "terrorizes": -3,
  "transgresses": -2,
  "tyrannic": -3,
  "tyrannically": -3,
  "tyrans": -3,
  "uninvolving": -2,
  "unreleting": -2,
  "unresearched": -2,
  "victimizes": -3,
  "victimizing": -3,
  "vindicates": 2,
  "vindicating": 2,
  "warmhearted": 2,
  "winwin": 3,
  "woohoo": 3,
  "WOOO": 4,
  "woow": 4,
  "WOWOW": 4,
  "wowww": 4,
  "WTF": -4,
  "wtff": -4,
  "wtfff": -4,
  "XO": 3,
  "XOXO": 3,
  "xoxoxo": 4,
  "xoxoxoxo": 4,
  "yeees": 2,
  "アイロニー": -1,
  "アウトブレイク": -2,
  "アウトリーチ": 2,
  "あきます": -3,
  "あきらめました": -1,
  "あきれかえります": -5,
  "アクセス可能な": 1,
  "アクティブ": 1,
  "アゴナイズ": -3,
  "あしらわ": -2,
  "アドアーズ": 3,
  "アトラクション": 2,
  "あふれんばかりの": 4,
  "アベンジャーズ": -2,
  "あほ": -4,
  "アボート": -1,
  "アミューズ": 3,
  "アミューズメント": 3,
  "アラート": -1,
  "ありそうもありません": -1,
  "アレルギーの": -2,
  "アワード": 3,
  "あわや": -2,
  "アンジェ": -3,
  "アンダーパフォーム": -2,
  "アンニュイ": -2,
  "アンビバレント": -1,
  "いいえ": -1,
  "イエス": 1,
  "いくつかの種類": 0,
  "いじめ": -2,
  "いじめっ子": -2,
  "いたずら": -1,
  "いまいましいかわいいです": 3,
  "いまいましいです": -3,
  "イライラさせます": -2,
  "イライラして": -2,
  "イライラしている": -3,
  "イライラします": -2,
  "インスパイア": 2,
  "インタクト": 2,
  "インテリジェント": 2,
  "インフルエンザ": -2,
  "ヴィジョン": 1,
  "ウー": 3,
  "うざい野郎": -3,
  "うそつき": -3,
  "うそつきの": -3,
  "うっかり": -2,
  "うっとりさせます": 3,
  "うまく": 3,
  "うまくいけば": 2,
  "うめい": -2,
  "うめき": -2,
  "うめき声": -2,
  "うらやましいです": -2,
  "うるさい": -1,
  "うれしそうに": 3,
  "うろたえました": -3,
  "うろたえます": -2,
  "うん": 1,
  "うんざり": -3,
  "うんざりしました": -2,
  "うんざりします": -3,
  "エキサイティング": 3,
  "エキサイト": 3,
  "エクスプロイト": -2,
  "エスケープ": -1,
  "エネルギッシュな": 2,
  "エラー": -2,
  "エレガント": 2,
  "エンパワー": 2,
  "エンパワーメント": 2,
  "おいしい": 3,
  "おいしいです": 2,
  "オーバーラン": -2,
  "オーラ": 1,
  "おかしいです": 4,
  "おせっかいな": -2,
  "おそるおそる": -2,
  "おっとっと": -2,
  "おっぱい": -2,
  "おはようございます": 1,
  "おびえました": -3,
  "おびえます": -2,
  "オフライン": -1,
  "おめでとう": 2,
  "おめでとうございます": 2,
  "おろおろ": -2,
  "お勧めします": 2,
  "お手入れ": 2,
  "お気に入り": 2,
  "お気に入りに追加しました": 2,
  "お気に入り登録": 2,
  "お祝い": 3,
  "お祝いの": 2,
  "お願いします": 1,
  "がっかりした": -2,
  "カット": -1,
  "かなりの": 1,
  "かゆいです": -2,
  "カリスマ": 2,
  "かわいいです": 1,
  "かわいらしくありません": -2,
  "カンニング": -3,
  "が公開": -1,
  "か弱い": -2,
  "キックバック": -3,
  "キッス": 2,
  "キモい": -2,
  "ギャグ": -2,
  "キャンセル": -1,
  "キル": -3,
  "キンダー": 2,
  "クール": 3,
  "くしゃみ": -2,
  "クソ": -4,
  "くそ": -4,
  "くそー": -2,
  "クソかわいいです": 4,
  "くそったれ": -5,
  "クソ完璧": 4,
  "クソ愛": 4,
  "クソ美しいです": 4,
  "クソ良いです": 4,
  "クソ野郎": -5,
  "くだらないです": -3,
  "クラッシュ": -1,
  "グラマラス": 3,
  "クリア": 1,
  "グリー": 3,
  "クリーナー": 2,
  "クリーン": 2,
  "グリーンウォッシュ": -3,
  "グリーンウォッシング": -3,
  "クリエイティブ": 2,
  "グリップ": 2,
  "クレイジー": -2,
  "グレー": -1,
  "グレース": 1,
  "けいれん": -1,
  "けが": -2,
  "けちな": -2,
  "けなします": -2,
  "ゴールド": 2,
  "コック": -5,
  "コックサッカーズ": -5,
  "コツコツと進めます": -2,
  "ことを回避します": -1,
  "ごまかし": -3,
  "ごみ": -2,
  "コミット": 1,
  "コミットメント": 2,
  "コメディー": 1,
  "ごめんなさい": -1,
  "コンテスタブル": -2,
  "コンテンダー": -1,
  "コンピテンシー": 1,
  "サイレンシング": -1,
  "サスペンド": -1,
  "サポーター": 1,
  "サポート": 2,
  "サポートされている": 2,
  "サボタージュ": -2,
  "さわやかに": 2,
  "シームレス": 2,
  "シェア": 1,
  "しっかり止めます": 2,
  "シック": 2,
  "しどろもどろの": -2,
  "シニカル": -2,
  "ジャーク": -3,
  "シャイ": -1,
  "ジャッカス": -4,
  "シュート": -1,
  "ジョーク": 2,
  "ショッキング": -2,
  "ショック": -2,
  "ショックを受けて": -2,
  "ジョリー": 2,
  "ジレンマ": -1,
  "スーパー": 3,
  "スキャンダラス": -3,
  "スキャンダル": -3,
  "スクープ": 3,
  "スケープゴート": -2,
  "スケルチ": -1,
  "スゴ": -2,
  "ずさんな": -2,
  "スタウト": 2,
  "スタック": -2,
  "スタブ": -2,
  "スタミナ": 2,
  "スチール": -2,
  "すてきな": 3,
  "ステレオタイプ": -2,
  "ストール": -2,
  "ストライカー": -2,
  "ストライキ": -1,
  "ストライク": -1,
  "ストレス": -2,
  "ストレッサー": -2,
  "スナッビング": -2,
  "スパーク": 1,
  "スパークリング": 3,
  "スパマー": -3,
  "スパミング": -2,
  "スパム": -2,
  "スパム業者": -3,
  "すばらしいです": 3,
  "スマート": 1,
  "スモッグ": -2,
  "スラッシュ": -2,
  "スラム": -2,
  "スリッカー": 2,
  "スリック": 2,
  "スリップ": -1,
  "スレーブ": -3,
  "セーブ": 2,
  "セクシー": 3,
  "せっかち": -2,
  "そそっ": -2,
  "ゾッ": -2,
  "ぞっとするような": -2,
  "そらします": -1,
  "ソリューション": 1,
  "ダイヤモンド": 1,
  "ダウナー": -2,
  "ダウンキャスト": -2,
  "たしなめ": -3,
  "たしなめます": -3,
  "たたり": 1,
  "たちの悪いやつ": -3,
  "たばこ": -3,
  "ダフ屋": -2,
  "だまさ": -2,
  "だまされました": -3,
  "だまされます": -2,
  "だまされやすいです": -2,
  "だまし取ります": -3,
  "たまらなく": 2,
  "ダム": -3,
  "ためらいます": -2,
  "ためらって": -2,
  "ため息": -2,
  "たわごと": -3,
  "ダンプ": -2,
  "チャーム": 3,
  "チャレンジ": -1,
  "チャンス": 2,
  "チャンピオン": 2,
  "チャンピオンズ": 2,
  "チョーキング": -2,
  "チョーク": -2,
  "つまらない": -3,
  "つまらないです": -2,
  "つらい思いをしています": -2,
  "ディザリング": -2,
  "ディスターブ": -2,
  "ディフェンダー": 2,
  "ティラン": -3,
  "ディレイ": -1,
  "できそこない": -5,
  "できないこと": -2,
  "できます": 1,
  "できません": -2,
  "でたらめ": -4,
  "でっち上げ": -2,
  "デッド": -3,
  "デッドロック": -2,
  "デニール": -2,
  "デポート": -2,
  "デマンド": -1,
  "デモンストレーション": -1,
  "デュープ": -2,
  "テロ": -3,
  "テロリスト": -2,
  "テンション": -1,
  "で換金": -2,
  "トガリネズミ": -4,
  "トップス": 2,
  "どよめき": -2,
  "ドラッグ": -1,
  "トラップ": -1,
  "トラブル": -2,
  "トレラント": 2,
  "トロール": -2,
  "ドロップ": -1,
  "とんでもありません": -3,
  "なあなあ": -3,
  "ナイーブ": -2,
  "なだめ": 2,
  "なだめます": 3,
  "なだめる": 2,
  "ナチュラル": 1,
  "ナッツ": -3,
  "ナルシシズム": -2,
  "ナンセンス": -2,
  "にぎやか": 2,
  "にぎやかな": 3,
  "にこやか": 2,
  "ネグレクト": -2,
  "ねじ込みます": -2,
  "ノーブル": 2,
  "のれん": 3,
  "のろわれました": -4,
  "ノンクレジット": -1,
  "バーゲン": 2,
  "ハーディ": 2,
  "ハード": -1,
  "パーフェクト": 3,
  "パーリー": -1,
  "はい": 1,
  "バイアス": -1,
  "バイアスされました": -2,
  "ハイライト": 2,
  "バカ": -4,
  "ばか": -2,
  "ばかげました": -3,
  "ばかな": -3,
  "ばかにしい": -2,
  "ハッキング": -1,
  "バッキング": 2,
  "ハッとするような": 1,
  "ハッピー": 3,
  "パニック": -3,
  "パニックが発生": -3,
  "ははは": 3,
  "はびこっ": -2,
  "はびこります": -2,
  "パラダイス": 3,
  "バランスのとれました": 1,
  "バリア": -2,
  "ハレルヤ": 3,
  "バンクスター": -3,
  "ハンサム": 3,
  "ビーティング": -1,
  "ヒーロー": 2,
  "ビクター": 3,
  "びくともしません": 2,
  "ピケ": -2,
  "ビジョン": 1,
  "ひじ鉄砲": -2,
  "ヒステリー": -3,
  "ヒステリックな": -3,
  "ビタミン": 1,
  "びっくりさせます": 2,
  "びっくりして": -2,
  "びっくりしました": 2,
  "びっくりするほど": 3,
  "ひどいです": -3,
  "ひどく": -3,
  "ピュア": 1,
  "ひょうきんな": 2,
  "ひらめき": 2,
  "ヒロイック": 3,
  "プ": -2,
  "ファウル": -3,
  "ファシスト": -2,
  "ファン": 3,
  "ファンキー": 2,
  "フィット": 1,
  "フィットネス": 1,
  "ブースト": 1,
  "フーリガン": -2,
  "フーリガン行為": -2,
  "フェア": 2,
  "ふざけました": 2,
  "ふさわしいです": 2,
  "ふしだらな女": -5,
  "フライト": -2,
  "ブラインド": -1,
  "フラフラします": -1,
  "ふり": -1,
  "フリー": 1,
  "フリーク": -2,
  "ブリーチング": -2,
  "ブリリアンス": 3,
  "ブリリアント": 4,
  "フルフィルメント": 2,
  "プレシャス": 2,
  "プロアクティブ": 2,
  "ブロッキング": -1,
  "ブロック": -1,
  "ブロックされました": -1,
  "フロップ": -2,
  "ヘクタール": 2,
  "ベスト": 3,
  "ぺてん": -2,
  "ペテン師": -2,
  "ペナルティ": -2,
  "ペナルティーを科します": -2,
  "ペナルティを課します": -2,
  "ペニス": -4,
  "ボア": -2,
  "ボイコット": -2,
  "ホームシック": -2,
  "ホームレス": -2,
  "ポジティブ": 2,
  "ほめ": 2,
  "ホモ": -3,
  "ぼやけました": -2,
  "ホロー": -1,
  "ぼんくら": -4,
  "マスかき": -3,
  "まっすぐ": 1,
  "まとっ": -2,
  "まとまりのありません": -2,
  "マリファナ常習者": -4,
  "ミス": -2,
  "ミスプライシング": -3,
  "みすぼらしいです": -2,
  "みだれ": -2,
  "ムズムズして": 2,
  "メダル": 3,
  "めちゃくちゃ": -3,
  "めちゃくちゃな": -4,
  "メリー": 3,
  "もうかります": 3,
  "モック": -2,
  "もっと悪いです": -3,
  "もてはやさ": -2,
  "やかましいです": -1,
  "やめる": -1,
  "やや": 0,
  "やるせないです": -2,
  "やる気": 2,
  "やる気にさせます": 1,
  "やる気のありません": -2,
  "やる気をなくさせます": -2,
  "ユーモア": 2,
  "ユーモラス": 2,
  "ユナイテッド": 1,
  "ユビキタス": 2,
  "ようこそ": 2,
  "よく擁護": 3,
  "よく焦点を当てました": 2,
  "よく発達しました": 2,
  "より安全": 2,
  "より良いです": 2,
  "ラグ": -2,
  "ラメ": -2,
  "ランドマーク": 2,
  "リーク": -1,
  "リーダーシップ": 1,
  "リーチ": 1,
  "リーディング": 2,
  "リート": -2,
  "リグ": -1,
  "リスキーな": -2,
  "リスク": -2,
  "リストア": 1,
  "リッチ": 2,
  "リファイン": 1,
  "リベート": -3,
  "リベット打ち": 3,
  "リラックスしました": 2,
  "レイプ": -4,
  "レイプされ": -4,
  "レスキュー": 2,
  "レスポンシブ": 2,
  "レリーフ": 1,
  "ローズ": 1,
  "ロビー": -2,
  "ロビイスト": -2,
  "ロビー活動": -2,
  "ロマンス": 2,
  "ロマンチックに": 2,
  "わいせつな": -2,
  "ワオ": 4,
  "ワクワク": 5,
  "一人で": -2,
  "一定": 1,
  "一生に一度": 3,
  "一般に認められました": 1,
  "丁寧": 2,
  "万歳": 5,
  "丈夫": 2,
  "上": 2,
  "上出来の": 4,
  "上品さ": 2,
  "上品な": 3,
  "上昇": 1,
  "下側": -2,
  "下劣な": -3,
  "下劣な男": -5,
  "下回っ": -2,
  "下衆野郎": -4,
  "不一致": -2,
  "不作法にふるまいます": -2,
  "不便": -2,
  "不便な": -2,
  "不信": -3,
  "不信感を抱きます": -3,
  "不健全な": -2,
  "不健康": -2,
  "不備": -2,
  "不備のあります": -3,
  "不公平な": -2,
  "不利な": -2,
  "不利益": -2,
  "不動の": 2,
  "不十分": -2,
  "不十分な": -2,
  "不十分に": -2,
  "不可逆": -1,
  "不可逆的に": -1,
  "不合理": -1,
  "不吉": 3,
  "不吉な": -2,
  "不名誉": -2,
  "不和": -2,
  "不在者": -1,
  "不均衡な": -2,
  "不安": -2,
  "不安・疑念・不信": -3,
  "不安な": -2,
  "不安定な": -2,
  "不完全": -2,
  "不完全な": -1,
  "不完全に": -2,
  "不実表示": -2,
  "不平を言います": -2,
  "不平等": -1,
  "不幸": -2,
  "不当な": -2,
  "不当な扱いを受けました": -2,
  "不当に": -2,
  "不当表示": -2,
  "不快": -2,
  "不快な": -2,
  "不快感": -2,
  "不愉快な": -3,
  "不成功": -2,
  "不承認": -2,
  "不明瞭な": -1,
  "不機嫌な": -2,
  "不正": -2,
  "不正な": -2,
  "不正直": -2,
  "不正確に伝えます": -2,
  "不正行為": -2,
  "不気味": -2,
  "不況": -2,
  "不注意な": -2,
  "不満": -2,
  "不満な": -2,
  "不滅": 2,
  "不潔な": -2,
  "不発": -2,
  "不発弾": -2,
  "不眠": -2,
  "不眠症": -2,
  "不確か": -1,
  "不確かな": -1,
  "不祥事": -2,
  "不祥事を起こしました": -2,
  "不穏な": -2,
  "不良": -3,
  "不良品": -3,
  "不要な": -2,
  "不調": -2,
  "不賛成の": -2,
  "不足": -2,
  "不運": -2,
  "不運な": -2,
  "不適切": -2,
  "不適切な": -2,
  "不適切に": -2,
  "不適当": -2,
  "不適当な役者を当てます": -2,
  "与えました": -2,
  "与える": -2,
  "中傷的な": -2,
  "中断": -2,
  "丸取り": -2,
  "乗って": 1,
  "乱します": -2,
  "乱れました": -2,
  "乱用": -3,
  "乾杯": 2,
  "予防": -1,
  "争います": -1,
  "事態": 1,
  "事故": -2,
  "亡き": -2,
  "交感神経": 2,
  "人気": 3,
  "人気のあります": 3,
  "人種差別": -3,
  "人種差別主義者": -3,
  "人道的": 2,
  "人間味のありません": -2,
  "人間性を奪います": -2,
  "人騒がせ": -2,
  "付与": 1,
  "付与されました": 1,
  "以下のような": 2,
  "仰天": 3,
  "仲間外れ": -2,
  "伝染": -2,
  "伝染病": -3,
  "低迷": -2,
  "低迷します": -1,
  "作り付けでありません": -2,
  "作り物": -1,
  "使いやすさ": 2,
  "依存": 2,
  "価値": 2,
  "価値のない": -2,
  "侮辱": -2,
  "侮辱を受けます": -2,
  "侮辱的な": -2,
  "侵入": -1,
  "侵害": -2,
  "侵略": -2,
  "便秘": -2,
  "係争中の": -2,
  "係合します": 1,
  "促進": 1,
  "保存": 2,
  "保持": -1,
  "保証": 1,
  "保護": 1,
  "保護されました": 1,
  "信じません": -2,
  "信じられません": -1,
  "信仰": 1,
  "信用": -2,
  "信託": 1,
  "信頼": 2,
  "信頼できます": 2,
  "信頼性": 2,
  "信頼性のある": 2,
  "倒れた": -2,
  "倒産": -3,
  "値しありません": -2,
  "倫理的な": 2,
  "偉大なクソ": 4,
  "停止": -1,
  "停電": -2,
  "健康": 2,
  "偶発": -2,
  "偽": -1,
  "偽って": -2,
  "偽ります": -3,
  "偽善的な": -2,
  "偽物": -3,
  "偽者": -2,
  "偽装": -1,
  "偽証": -3,
  "偽造": -3,
  "傑作": 4,
  "傑出した": 5,
  "傲慢な": -2,
  "債務": -2,
  "傷つけ": -2,
  "傷つけます": -2,
  "傷跡": -2,
  "償還": 2,
  "優しいです": 3,
  "優しさ": 2,
  "優れた": 3,
  "優れました": 2,
  "優柔不断な": -2,
  "優秀": 3,
  "優美な": 2,
  "優雅な": 3,
  "元気づけ": 2,
  "元気な": 2,
  "先見の明のあります": 3,
  "免疫の": 1,
  "免除": 2,
  "免除します": 2,
  "入れ違い": -2,
  "入札": 2,
  "入院します": -2,
  "全体主義": -2,
  "全体主義の": -2,
  "公差": 2,
  "公平な": 2,
  "公正": 2,
  "共感的な": 2,
  "共有の": 1,
  "再生不可能な": -2,
  "冒険": 2,
  "冒険好きな": 2,
  "冗談で": 2,
  "冷えます": -1,
  "処罰": -2,
  "凶悪な": -3,
  "凹み": -2,
  "出没": -2,
  "出没します": -1,
  "分解する": -2,
  "分離しました": -1,
  "切りつけ": -2,
  "切断": -1,
  "刑務所": -2,
  "判別": -2,
  "利他": 2,
  "利己的": -3,
  "利得": 2,
  "利点": 2,
  "利用できません": -1,
  "利益": 1,
  "到達": 1,
  "制約": -2,
  "制限": -1,
  "制限されました": -2,
  "制限し": -2,
  "制限します": -2,
  "刺さ": -2,
  "刺します": -2,
  "刺激": -3,
  "刺激します": 1,
  "刺激を受けました": 1,
  "刺激性の": -3,
  "削減": -2,
  "剥奪": -3,
  "副作用": -2,
  "割り込み": -2,
  "割引": -1,
  "力": 2,
  "加圧されました": -2,
  "加害者": -2,
  "加熱が不十分": -2,
  "劣ります": -2,
  "劣勢": -2,
  "劣化": -2,
  "劣化しました": -2,
  "助け": 2,
  "助けて": 2,
  "助成金": 1,
  "励みになります": 2,
  "励起されました": 3,
  "効果": 2,
  "効果のありません": -2,
  "効果的な": 2,
  "効果的に": 2,
  "効率の悪さ": -2,
  "勇敢": 3,
  "勇敢な": 2,
  "勇敢に": 2,
  "勇気": 2,
  "勇気のある": 2,
  "勇気のあること": 2,
  "動作していません": -3,
  "動作しません": -3,
  "動作不能": -2,
  "動揺": -2,
  "動機": 1,
  "勝": 4,
  "勝つ": 4,
  "勝った": 3,
  "勝利": 4,
  "勝者": 4,
  "包括的な": 2,
  "区別する": -2,
  "十分な": 1,
  "卑劣な": -2,
  "卑劣な人": -4,
  "単純": 1,
  "単純化しすぎて": -2,
  "単純化し過ぎました": -2,
  "単純化し過ぎます": -2,
  "単調": -1,
  "印象づけます": 3,
  "印象的": 3,
  "危機": -3,
  "危険": -2,
  "危険な": -2,
  "危険なほど": -2,
  "却下": -2,
  "厄介な": -2,
  "原油": -1,
  "厳しいです": -2,
  "厳しく": -2,
  "厳密に": 3,
  "厳格な": 3,
  "厳粛な": -1,
  "厳選されました": 1,
  "参加します": 1,
  "友人": 1,
  "友好的な": 2,
  "友情": 2,
  "反します": -2,
  "反乱": -2,
  "反抗的な": -1,
  "反発します": -2,
  "反逆": -3,
  "反逆の": -3,
  "反響": -2,
  "取りつかれ": 2,
  "取りつかれました": -2,
  "取り返しのつきません": -2,
  "取るに足りません": -2,
  "受け入れ": 1,
  "受け入れます": 1,
  "受動的": -1,
  "受動的に": -1,
  "受諾": 1,
  "受賞": 3,
  "叛徒": -2,
  "召喚": -2,
  "可愛い": 2,
  "台無しに": -2,
  "台無しになりました": -2,
  "叱る": -2,
  "右方向": 3,
  "号泣": -2,
  "合意": 1,
  "合法的に": 1,
  "同好会": -4,
  "同情": -2,
  "同意": 2,
  "同意します": 1,
  "同意しません": -2,
  "名声": 1,
  "名誉": 2,
  "名誉あります": 2,
  "名高いです": 3,
  "向上": 2,
  "否定": -2,
  "否定します": -2,
  "吸います": -3,
  "吸収されました": 1,
  "吹き込みます": -2,
  "告発": -2,
  "呪い": -1,
  "味方": 2,
  "味気ありません": -2,
  "呵責": -2,
  "命の恩人": 4,
  "命知らず": 2,
  "和らげます": 1,
  "哀しいです": -2,
  "哀れっぽいです": -2,
  "哀れな": -2,
  "哀れま": -1,
  "哀愁を秘めました": -1,
  "品質": 2,
  "唖然": -2,
  "商売にすること": -2,
  "問題": 1,
  "問題を抱えました": -2,
  "啓発": 2,
  "啓発します": 2,
  "啓発的な": 2,
  "善": 3,
  "喜ば": 3,
  "喜び": 3,
  "喜びました": 4,
  "喜びます": 4,
  "喜んで": 3,
  "喪": -2,
  "喪中": -3,
  "嘆い": -3,
  "嘆きます": -3,
  "嘔吐": -3,
  "嘔吐しました": -3,
  "嘘つき": -3,
  "嘲ります": -2,
  "嘲笑": -2,
  "器用な": 2,
  "囚人": -2,
  "囚人たち": -2,
  "回復します": 1,
  "回避": -1,
  "回避します": -1,
  "困らせます": -2,
  "困りました": -2,
  "困ります": -2,
  "困惑": -2,
  "困惑して": -2,
  "固めます": 2,
  "固体": 2,
  "固化": 2,
  "固化しました": 2,
  "固定化しました": -1,
  "国外追放": -2,
  "圧力": -1,
  "在位の": 1,
  "地味な": -2,
  "地獄": -4,
  "地獄のような": -2,
  "均整の取れました": 2,
  "垂れ下がりました": -2,
  "執念深いです": -2,
  "執拗な": -1,
  "堂々": -1,
  "堅牢な": 2,
  "報わ": 2,
  "報われる": 2,
  "報酬": 2,
  "塗抹": -2,
  "塞ぎ込みます": -1,
  "境界": -1,
  "墓": -2,
  "増加しました": 1,
  "増加する": 1,
  "増進": 1,
  "壊れた": -1,
  "壊れました": -1,
  "壊れます": -3,
  "壊滅的な": -2,
  "士気をくじきます": -2,
  "壮大": 3,
  "壮大な": 3,
  "声援": 2,
  "売られ過ぎ": -2,
  "売れ残りの": -1,
  "売春婦": -4,
  "変形": -2,
  "変形しました": -2,
  "変態": -3,
  "変色": -2,
  "変色しました": -2,
  "変装": -1,
  "外傷": -3,
  "外傷性の": -3,
  "夢": 1,
  "夢中": 2,
  "夢中にさせます": 3,
  "大きい": 1,
  "大きいです": 3,
  "大ヒット": 3,
  "大事にします": 2,
  "大切に": 2,
  "大喜びの": 3,
  "大惨事": -3,
  "大混乱": -2,
  "大胆": 2,
  "大胆な": 2,
  "大胆に": 2,
  "大胆不敵な": 2,
  "大言壮語": -3,
  "大言壮語する人": -3,
  "天": 4,
  "天の恵み": 4,
  "天国": 2,
  "天真爛漫": -2,
  "太り過ぎ": -1,
  "夫と死別しました": -1,
  "失っ": -3,
  "失われました": -3,
  "失効しました": -1,
  "失態": -3,
  "失敗": -2,
  "失敗して": -2,
  "失敗しました": -2,
  "失敗します": -2,
  "失望": -2,
  "失望させます": -2,
  "失格": -2,
  "失業": -2,
  "失業者": -1,
  "奇妙な": -1,
  "奇形": -2,
  "奇数": -2,
  "奇跡": 4,
  "契約": 1,
  "奨励": 2,
  "奨励します": 2,
  "奪います": -2,
  "女": -5,
  "女性陰部": -5,
  "奴隷": -3,
  "奴隷にします": -2,
  "奴隷制": -3,
  "好かれます": 2,
  "好き": 2,
  "好きではありません": -2,
  "好きな": 2,
  "好ま": 2,
  "好み": 2,
  "好奇心の強いです": 1,
  "好意": 2,
  "好意的に": 2,
  "好調": 2,
  "妙に": -1,
  "妥協": -2,
  "妨げ": -2,
  "妨げます": -2,
  "妨害": -2,
  "妨害します": -2,
  "委託": 2,
  "姿を消しました": -1,
  "姿を消す": -1,
  "嫉妬": -2,
  "嫉妬深いです": -2,
  "嫌": -2,
  "嫌い": -3,
  "嫌います": -3,
  "嫌がらせ": -3,
  "嫌がらせの": -3,
  "嫌っ": -3,
  "嫌わ": -3,
  "嫌悪": -3,
  "嫌悪感": -3,
  "嬉しいです": 3,
  "孤立しました": -1,
  "守ります": 1,
  "安らか": 2,
  "安らぎの": 2,
  "安全": 1,
  "安全でありません": -2,
  "安全に": 1,
  "安全性": 1,
  "安定しました": 2,
  "安心": 1,
  "安心させます": 1,
  "安心しました": 2,
  "完全に": 3,
  "完成": 2,
  "完成さ": 2,
  "完璧": 3,
  "完璧な": 2,
  "完璧に": 2,
  "定型": -2,
  "定評のあります": 2,
  "宝": 2,
  "宝石": 1,
  "実質上": 1,
  "客引き": -2,
  "宣伝": -2,
  "宣告": -2,
  "宣誓": -2,
  "宥和": 2,
  "害": -2,
  "害さ": -2,
  "害します": -2,
  "容疑者": -1,
  "容認できません": -2,
  "容赦のありません": -2,
  "寂しい": -2,
  "寄せ付けない": -2,
  "寄付": 2,
  "寄付します": 2,
  "寄贈": 2,
  "寄贈さ": 2,
  "密輸": -2,
  "密輸します": -2,
  "富": 3,
  "寛大な": 1,
  "対立します": -2,
  "封鎖": -2,
  "専制的な": -3,
  "専用の": 2,
  "専門外の": -2,
  "尊厳": 2,
  "尊敬": 2,
  "尊敬されています": 2,
  "尊敬すべき": 2,
  "尋問": -2,
  "小便": -4,
  "小説": 2,
  "尻": -4,
  "尽きます": -2,
  "居心地のよさ": 2,
  "居心地の悪いです": -2,
  "屈辱": -3,
  "崇拝": 3,
  "崇拝します": 3,
  "崩壊": -2,
  "巧妙に": 2,
  "巨大": 1,
  "差し押さえ": -2,
  "差別的な": -2,
  "希望": 1,
  "希望に満ちました": 2,
  "帯電しました": -3,
  "常緑": 2,
  "常緑樹": 2,
  "平凡": -3,
  "平和": 2,
  "平和的に": 2,
  "平穏無事な": -2,
  "幸いにも": 2,
  "幸せな": 3,
  "幸福": 2,
  "幸運": 2,
  "幸運な": 2,
  "幻想的なクソ": 4,
  "幻滅": -2,
  "幼稚": -2,
  "幼稚な": -2,
  "幽霊": -1,
  "広々とした": 1,
  "度外視": -2,
  "廃墟": -2,
  "廃棄": -1,
  "廃棄されました": -1,
  "廃棄物": -1,
  "廃止されました": -2,
  "延期": -1,
  "延期します": -1,
  "延長する": 1,
  "引き付けます": 1,
  "引き寄せ": 1,
  "引き裂かれました": -2,
  "弱い": -2,
  "弱体化": -2,
  "弱体化させます": -2,
  "弱点": -2,
  "強い": 2,
  "強いです": 2,
  "強い印象を与えます": 3,
  "強み": 2,
  "強制": -2,
  "強制的な": -1,
  "強制送還": -2,
  "強力な": 2,
  "強化": 2,
  "強化されました": 2,
  "強化する": 2,
  "強姦犯": -4,
  "強引": -1,
  "強盗": -2,
  "強要": -2,
  "弾劾": -3,
  "弾圧": -2,
  "当惑しました": -2,
  "当然": 2,
  "影響": -2,
  "影響を受けました": -1,
  "影響力のあります": 2,
  "役立ち": 2,
  "役立ちます": 2,
  "待ち受け": -1,
  "待つ": -1,
  "待望": -1,
  "後悔": -2,
  "後押し": 1,
  "後続": 3,
  "従事する": 1,
  "得意の": 3,
  "復元します": 1,
  "復活": 2,
  "復活させます": 2,
  "復讐": -2,
  "復讐者": -2,
  "微粉": -2,
  "心から": 2,
  "心からの": 3,
  "心を落ち着かせます": 2,
  "心強いです": 2,
  "心温まる": 3,
  "心的外傷後": -2,
  "心配": -3,
  "心配して": -2,
  "心配している": -2,
  "心配事": 2,
  "必死に": -3,
  "必死の": -1,
  "必須の": -1,
  "忌まわしいです": -3,
  "忌み嫌います": -3,
  "忘れ": -1,
  "忘れっぽいです": -2,
  "忘れていた": -1,
  "忘れられがちな": -1,
  "忘れる": -1,
  "応力": -1,
  "忠実な": 3,
  "忠誠心": 3,
  "快いです": 2,
  "快活な": 3,
  "快適": 2,
  "快適さ": 2,
  "念入りに": 2,
  "怒って": -3,
  "怒らせます": -2,
  "怒り": -3,
  "怒りました": -2,
  "怖いです": -2,
  "怖がって": -2,
  "思いやり": 2,
  "思いやりのあります": 2,
  "思いやりのありません": -2,
  "思いやりのある": 2,
  "思い出深い": 1,
  "怠惰な": -1,
  "性差別的な": -2,
  "怪しいです": -2,
  "恍惚としました": 4,
  "恐れ": -2,
  "恐ろしい": -3,
  "恐ろしいです": -2,
  "恐喝": -3,
  "恐怖": -3,
  "恐怖に陥れます": -3,
  "恐怖心のなさ": 2,
  "恐怖症の": -2,
  "恥": -2,
  "恥ずかしい": -2,
  "恥ずかしいです": -2,
  "恥ずべき": -2,
  "恥をかきます": -3,
  "恩人": 2,
  "恩恵を受け": 2,
  "恩恵を受けて": 2,
  "恩知らずの": -3,
  "恩赦": 2,
  "息をのむような": 5,
  "恵まれません": -2,
  "悔しさ": -2,
  "悟りを開きました": 2,
  "患者": -2,
  "悩まさ": -3,
  "悩まします": -2,
  "悩み": -3,
  "悩みの種": -2,
  "悩める": -2,
  "悪い": -3,
  "悪の": -3,
  "悪化": -2,
  "悪化させます": -2,
  "悪化しました": -2,
  "悪化します": -2,
  "悪名高いです": -2,
  "悪意のある": -2,
  "悪用": -3,
  "悪臭": -2,
  "悪行": -2,
  "悪計": 1,
  "悪質な": -2,
  "悲しい": -2,
  "悲しいかな": -1,
  "悲しいです": -2,
  "悲しげな": -2,
  "悲しそうに": -2,
  "悲しませます": -2,
  "悲しみ": -2,
  "悲しみに満ちました": -2,
  "悲しみます": -2,
  "悲劇": -2,
  "悲劇的な": -2,
  "悲嘆に暮れます": -2,
  "悲惨": -2,
  "悲惨な": -2,
  "悲痛な": -3,
  "悲観的": -2,
  "悲観的な見方": -2,
  "悲鳴": -2,
  "悼みます": -2,
  "情熱": 1,
  "情熱的な": 2,
  "惨めに": -3,
  "想像力に富みました": 2,
  "想像力のありません": -2,
  "愁い": -2,
  "意味のあります": 2,
  "意図的でありません": -2,
  "意欲": 2,
  "意気揚々": 4,
  "意気消沈": -2,
  "意気消沈しました": -2,
  "意義": 1,
  "愚か": -2,
  "愚かさ": -3,
  "愚かな": -2,
  "愚かに": -2,
  "愚か者": -2,
  "愚痴": -2,
  "愛": 3,
  "愛されていません": -2,
  "愛し": 3,
  "愛します": 2,
  "愛らしいです": 3,
  "愛好家": 2,
  "愛情": 3,
  "愛想のいい": 2,
  "感じ": 1,
  "感傷": -1,
  "感動しません": -2,
  "感嘆します": 3,
  "感心します": 3,
  "感染": -2,
  "感染させます": -2,
  "感染します": -2,
  "感染症": -2,
  "感謝": 2,
  "感謝している": 2,
  "感謝します": 3,
  "感謝する": 2,
  "感銘を受けて": 3,
  "慈善": 3,
  "慈善の": 2,
  "慈善活動": 2,
  "慈悲": 2,
  "慈愛": 3,
  "慎重": 2,
  "慎重に": 2,
  "慕": 2,
  "慰め": 3,
  "慰めます": 2,
  "慾望": 1,
  "憂鬱": -2,
  "憂鬱な": -2,
  "憎しみ": -3,
  "憎まれました": -3,
  "憤慨": -2,
  "憤慨して": -2,
  "憤慨しました": -2,
  "憧れ": 1,
  "懐疑的な": -1,
  "懐疑的な見方": -2,
  "懐疑論者": -2,
  "懲らしめます": -3,
  "懲役": -2,
  "懲戒": -2,
  "懲戒処分を受けます": -2,
  "懲罰的な": -2,
  "成し遂げます": 2,
  "成功": 3,
  "成功しました": 3,
  "成功します": 3,
  "成就": 2,
  "成熟しました": 2,
  "成長": 1,
  "戒めます": -2,
  "戒告": -2,
  "戦い": -1,
  "戦いました": -1,
  "戦っ": -2,
  "戦争": -2,
  "戦闘": -1,
  "所有格": -2,
  "扇動": -2,
  "扇動的な": -2,
  "手入れが行き届いています": 2,
  "手頃な価格の": 2,
  "才能": 2,
  "打た": -1,
  "打たれました": -2,
  "打ち上げ": 1,
  "打撃を受けました": -2,
  "払いのけます": -1,
  "批准": 2,
  "批判": -2,
  "批判します": -2,
  "批評": -2,
  "批評家": -2,
  "承認": 2,
  "承認されていません": -2,
  "承認されました": 2,
  "承認し": -2,
  "技芸": 2,
  "抑制する": -1,
  "抑圧": -2,
  "抑止します": -2,
  "投機的な": -2,
  "投獄": -2,
  "投獄されました": -2,
  "抗": -1,
  "抗議": -2,
  "抗議者": -2,
  "抱えています": -2,
  "抱擁": 2,
  "抹消": -2,
  "押しつぶします": -1,
  "押し下げられました": -2,
  "担保": 1,
  "拉致": -2,
  "拍手": 2,
  "拍手を送ります": 2,
  "拒否": -2,
  "拒否されました": -1,
  "拒否しました": -2,
  "拒否する": -2,
  "拒絶": -1,
  "拘留": -2,
  "拘留します": -2,
  "招待": 1,
  "拝啓": 2,
  "拡大します": 1,
  "拡張します": 1,
  "拷問": -4,
  "持続可能な": 2,
  "持続可能性": 1,
  "持続的に": 2,
  "挑発": -1,
  "挑発します": -1,
  "挨拶": 1,
  "挨拶します": 1,
  "挫折": -2,
  "挫折させます": -2,
  "捨てます": -1,
  "排他的": 2,
  "排斥します": -2,
  "採用": 1,
  "採算ベースを下回ります": -2,
  "探査": 1,
  "探検": 1,
  "接触伝染性の": -1,
  "推奨されます": 2,
  "推奨します": 2,
  "推進します": 1,
  "提訴": -2,
  "揶揄": -2,
  "揺らめきます": -1,
  "損ないます": -2,
  "損傷": -3,
  "損傷を受けました": -3,
  "損失": -3,
  "損害を与えます": -3,
  "損害賠償": -3,
  "摂動": -2,
  "撃退": -2,
  "撤退": -3,
  "擁する": 1,
  "擁護": 2,
  "操作": -1,
  "支払う": -1,
  "支持されていません": -2,
  "支持します": 2,
  "支援します": 1,
  "支障": -2,
  "支離滅裂": -2,
  "改善": 2,
  "改善されました": 2,
  "改善します": 2,
  "攻撃": -1,
  "攻撃性": -2,
  "攻撃的": -2,
  "攻略": -3,
  "放棄されました": -2,
  "放棄します": -2,
  "救い": 2,
  "救出": 2,
  "救助": 2,
  "救済": -2,
  "敗れました": -2,
  "敗北": -2,
  "敗者": -3,
  "教え込ま": -2,
  "散漫": -2,
  "敬礼": 2,
  "整合性": 2,
  "整然とした": 2,
  "敵": -2,
  "敵意": -2,
  "文": -2,
  "文句を言います": -2,
  "文句を言う": -2,
  "文章": -2,
  "料理": 3,
  "斧": -1,
  "断固たる": 2,
  "新入り": -2,
  "新鮮な": 1,
  "旗艦": 2,
  "既得": 1,
  "日光": 2,
  "昇格": 1,
  "明らかに": 1,
  "明るいです": 2,
  "明快": 2,
  "明確化": 2,
  "是認": 2,
  "時制": -2,
  "時間稼ぎ": -2,
  "晒します": -1,
  "晒す": -1,
  "暖か": 2,
  "暖かいです": 1,
  "暖かさ": 2,
  "暗がり": -1,
  "暗殺": -3,
  "暴利を貪ります": -2,
  "暴力": -3,
  "暴力的な": -3,
  "暴力関連": -3,
  "暴動": -2,
  "暴行": -2,
  "暴言": -3,
  "曇りのありません": 2,
  "曇りました": -1,
  "最も厳しいです": -2,
  "最も幸せな": 3,
  "最も暗いです": -2,
  "最も気高いです": 2,
  "最も純粋な": 1,
  "最低": -1,
  "最前線": 1,
  "最大": 3,
  "最強": 2,
  "最悪": -3,
  "最愛": 3,
  "最貧": -2,
  "最高": 4,
  "最高のいまいましいです": 4,
  "最高級の": 3,
  "有利": 2,
  "有利な": 2,
  "有利に": 2,
  "有効な": 1,
  "有名な": 2,
  "有害な": -2,
  "有用": 2,
  "有益": 2,
  "有罪とします": -3,
  "有罪判決を受けました": -2,
  "有能な": 2,
  "望ましい": 2,
  "望ましいです": 1,
  "望ましくありません": -2,
  "望んで": 2,
  "期待": 1,
  "期待して": 2,
  "未定": -1,
  "未確認の": -1,
  "未解決": -1,
  "本格的": 2,
  "栄光": 2,
  "栄誉": 2,
  "株式": 1,
  "根掘り葉掘り聞きます": 2,
  "梗塞": -2,
  "検証": 1,
  "検閲": -2,
  "検閲官": -2,
  "極めて不快な": -2,
  "楽": 2,
  "楽々と": 2,
  "楽しい": 3,
  "楽しいです": 2,
  "楽しく": 3,
  "楽しそうに": 3,
  "楽しみ": 2,
  "楽しみます": 2,
  "楽しんで": 2,
  "楽に": 2,
  "楽観": 2,
  "楽観的": 2,
  "権限": 1,
  "横領": -3,
  "機会": 2,
  "機能": 1,
  "機能不全": -2,
  "機能停止": -2,
  "機能障害": -2,
  "欠乏": -2,
  "欠如": -2,
  "欠席": -1,
  "欠陥": -2,
  "欲しいです": 1,
  "欲求不満": -2,
  "欲求不満の": -2,
  "欺きます": -3,
  "欺く": -3,
  "欺瞞": -3,
  "歓呼します": 3,
  "歓喜": 2,
  "歓喜の声": 2,
  "歓声": 2,
  "歓迎": 2,
  "歓迎さ": 2,
  "止められません": 2,
  "正しく評価されていません": -2,
  "正常に動作しません": -2,
  "正当な": 2,
  "正当に": 2,
  "正当化": 2,
  "正直な": 2,
  "正義": 2,
  "歪": -2,
  "歪みます": -2,
  "歪めます": -2,
  "歯がありません": -2,
  "歯痒いです": -2,
  "死": -2,
  "死にかけています": -3,
  "死にます": -3,
  "死亡": -2,
  "死亡しました": -3,
  "死亡者": -3,
  "死体": -1,
  "死傷者": -2,
  "死刑囚": -2,
  "残します": -1,
  "残忍な": -3,
  "残念なこと": -2,
  "残虐行為": -3,
  "残酷さ": -3,
  "残酷な": -3,
  "残酷に": -3,
  "殺されました": -3,
  "殺します": -3,
  "殺人": -2,
  "殺人者": -2,
  "殺到": -2,
  "殺害": -3,
  "毒": -2,
  "毒入りの": -2,
  "毒性": -2,
  "比類のありません": 2,
  "気だるいです": -2,
  "気に": -2,
  "気になります": -2,
  "気に入りました": 2,
  "気に食わない": -2,
  "気の利きました": 2,
  "気の抜けました": -2,
  "気まぐれな": 1,
  "気分を害しました": -2,
  "気前よく": 2,
  "気後れ": -2,
  "気持ちが傾きません": -2,
  "気持ち悪いです": -3,
  "気晴らし": -2,
  "気楽な": 1,
  "気軽": 1,
  "気難しい": -1,
  "水切り": -2,
  "汚いです": -2,
  "汚します": -2,
  "汚れた": -2,
  "汚れました": -2,
  "汚染": -2,
  "汚染されました": -2,
  "汚染します": -2,
  "汚染物質": -2,
  "汚物": -2,
  "汚職": -3,
  "決定": 2,
  "決定的": 1,
  "決済": 1,
  "法的": 1,
  "泣き": -2,
  "泣きました": -2,
  "泣きます": -2,
  "泣き叫び": -2,
  "泣く": -1,
  "泥": -2,
  "泥だらけの": -2,
  "注意深いです": 2,
  "注意深さ": 2,
  "注目に値します": 2,
  "洗練": 1,
  "洗練されました": 1,
  "洗脳": -3,
  "活力": 3,
  "活気のあります": 3,
  "活気のありません": -1,
  "活発な": 2,
  "流行": -2,
  "浪費": -2,
  "浮き浮きしました": 3,
  "浮揚性の": 2,
  "浮気": -3,
  "消えます": -1,
  "消し去ります": -2,
  "涙": -2,
  "混乱": -2,
  "混乱させる": -2,
  "混乱しました": -2,
  "混沌": -2,
  "混沌としました": -2,
  "減らす": -2,
  "温和な": 3,
  "満たされていません": -2,
  "満たします": 2,
  "満たす": 2,
  "満足": 2,
  "準備": 1,
  "溶液": 1,
  "溺れ": -2,
  "溺れ死にます": -2,
  "溺死しました": -2,
  "漏洩しました": -1,
  "漠然としました": -2,
  "漫画": 1,
  "潅水": -3,
  "潜む": -1,
  "潜んでいます": -1,
  "激しいです": 1,
  "激しい抗議": -2,
  "激しく": -3,
  "激しく揺れます": -1,
  "激怒": -3,
  "激怒させます": -2,
  "激怒しました": -2,
  "濁りました": -2,
  "火災": -2,
  "災害": -2,
  "炎症を起こしました": -2,
  "点": 2,
  "無力": -2,
  "無力な": -2,
  "無効にします": -1,
  "無情な": -2,
  "無意味な": -2,
  "無感覚": -1,
  "無感覚な": -2,
  "無担保": -2,
  "無敵": 2,
  "無欲": 2,
  "無比の": 1,
  "無気力": -2,
  "無為": -2,
  "無用な": -2,
  "無益な": -2,
  "無知": -2,
  "無知な": -2,
  "無礼": -2,
  "無礼な": -2,
  "無神経": -2,
  "無罪": 2,
  "無能": -2,
  "無能な": -2,
  "無能力": -2,
  "無視": -1,
  "無視します": -1,
  "無謀": -2,
  "無責任な": -2,
  "無責任に": -2,
  "無関心": -3,
  "無関心な": -2,
  "無関心の": -3,
  "無防備": -2,
  "無駄": -2,
  "無駄な": -2,
  "焦点の合っていません": -2,
  "煩わしいです": -2,
  "熱": -2,
  "熱いクソ": 2,
  "熱心な": 2,
  "熱愛します": 3,
  "熱烈な": 2,
  "熱狂的な": 3,
  "爆弾": -1,
  "爽快": 3,
  "物笑いの種": -2,
  "物議を醸します": -2,
  "特権を持ちます": 2,
  "犠牲にします": -3,
  "犠牲者": -3,
  "犯さ": -2,
  "犯し": -2,
  "犯人": -2,
  "犯罪": -2,
  "犯罪者": -3,
  "狂ったように": -3,
  "狂乱": -3,
  "狂人": -3,
  "狂信者": -2,
  "狂喜しました": 4,
  "狂気": -3,
  "狡猾な": 2,
  "独創性に欠けます": -2,
  "独占": -2,
  "独占します": -2,
  "狭量な": -2,
  "猛烈な": -3,
  "猥褻": -2,
  "献身": 2,
  "献身的な": 3,
  "猿轡": -2,
  "獲得": 2,
  "玉突き事故": -1,
  "理解できません": -2,
  "環境に優しいです": 2,
  "甘い": 2,
  "甘いです": 3,
  "甘やかされて育ちました": -2,
  "生きています": 1,
  "生き残りました": 2,
  "生存者": 2,
  "生意気な": -2,
  "用心深いです": -1,
  "申し立て": -2,
  "画期的な": 3,
  "畜生": -4,
  "略奪": -2,
  "略奪します": -2,
  "異端審問": -2,
  "疎外": -2,
  "疑います": -1,
  "疑い深いです": -1,
  "疑っ": -1,
  "疑わしい": -2,
  "疑わしいです": -1,
  "疑似科学": -3,
  "疑問": -1,
  "疑問に思う": -1,
  "疑念": -2,
  "疑惑": -2,
  "疫病": -3,
  "疲れました": -2,
  "疲労": -2,
  "疾患": -1,
  "病気": -1,
  "病気で": -2,
  "痛い": -2,
  "痛いです": -1,
  "痛いです！": -2,
  "痛み": -2,
  "痛みます": -2,
  "痛恨": -2,
  "痛烈な": 2,
  "癌": -1,
  "発奮": 2,
  "発射": -2,
  "発煙": -2,
  "発生": -2,
  "発疹": -2,
  "白痴": -3,
  "的屋": -3,
  "皮肉": -2,
  "皮肉な": -2,
  "皮肉屋": -2,
  "皮革": -1,
  "盗まれました": -2,
  "盗みます": -2,
  "監督": -1,
  "目の回るような": -2,
  "目的のあります": 2,
  "目立ちました": 1,
  "目立ちます": 2,
  "相反する": -2,
  "眉をひそめます": -1,
  "真": 2,
  "眩しい": 3,
  "着用": -1,
  "瞑想": 1,
  "矛盾した表現": -1,
  "知りません": -2,
  "知恵": 2,
  "石化しました": -2,
  "破壊": -3,
  "破壊されました": -3,
  "破壊する": -3,
  "破壊分子": -2,
  "破壊的": -3,
  "破壊的な": -2,
  "破損": -3,
  "破損しました": -3,
  "破棄": -3,
  "破棄する": -1,
  "破滅": -2,
  "破産": -3,
  "破産しました": -2,
  "破砕": -2,
  "破砕されました": -2,
  "確保": 1,
  "確保します": 2,
  "確信して": 1,
  "確実に": 1,
  "礼儀": 2,
  "礼儀正しさ": 2,
  "礼拝": 3,
  "祈り": 1,
  "祈りの": 2,
  "祈ります": 1,
  "祈る": 1,
  "祝い": 2,
  "祝います": 2,
  "祝う": 3,
  "祝福": 2,
  "祝福します": 2,
  "神": 1,
  "神経": -1,
  "神経質な": -2,
  "神経質に": -2,
  "神話": -1,
  "禁じます": -1,
  "禁じられました": -2,
  "禁止": -2,
  "禁止された": -2,
  "禁止しています": -1,
  "禁止する": -1,
  "称賛": 3,
  "称賛します": 2,
  "種類": 2,
  "積極的な": -2,
  "積極的に": 2,
  "穏やかな": 2,
  "空の": -1,
  "空虚": -1,
  "窃盗": -2,
  "窒息": -1,
  "立ち退き": -1,
  "立派な": 2,
  "立証": 2,
  "競争力のあります": 2,
  "競合": -2,
  "笑": 1,
  "笑い": 1,
  "笑いました": 2,
  "笑えます": 4,
  "笑っ": 1,
  "笑顔": 2,
  "簡単に": 1,
  "粉々になりました": -2,
  "粋な": 2,
  "精神": 1,
  "精神病の": -2,
  "約束": 1,
  "約束しました": 1,
  "約束する": 1,
  "納得させます": 1,
  "納得できません": -1,
  "紛らわしいです": -3,
  "紛争": -2,
  "素早く": 2,
  "素晴らしい": 4,
  "素晴らしいです": 4,
  "素晴らしく": 4,
  "素朴な": -2,
  "終末論的な": -2,
  "経過します": -1,
  "統一されました": 1,
  "絵のように美しいです": 2,
  "絶叫": -2,
  "絶妙の": 3,
  "絶望": -2,
  "絶望しました": -3,
  "絶望的な": -2,
  "継ぎ目なく": 2,
  "綺麗な": 3,
  "緊張しました": -2,
  "緊急": -1,
  "緩いです": -3,
  "繁栄": 3,
  "織機": -1,
  "罪": -2,
  "罪を犯しました": -3,
  "罪深いです": -3,
  "置き忘れ": -2,
  "置き忘れます": -2,
  "罰": -2,
  "罰します": -2,
  "罰せられる": -2,
  "罰金": 2,
  "美しい": 3,
  "美しく": 3,
  "美しさ": 3,
  "美人": 3,
  "美化します": 3,
  "羨望": -1,
  "耐えられません": -2,
  "耐え難いほどに": -1,
  "耐久性のあります": 2,
  "耳をつんざくような": -1,
  "肥大化しました": -1,
  "肥沃な": 2,
  "育成": 2,
  "背きます": -2,
  "背中": 1,
  "胸が悪くなります": -3,
  "能力": 2,
  "脅かさ": -2,
  "脅かされています": -2,
  "脅かします": -2,
  "脅かす": -2,
  "脅します": -2,
  "脅威": -2,
  "脅威的な": -2,
  "脅迫": -2,
  "脅迫的な": -2,
  "脆弱な": -2,
  "脆弱性": -2,
  "脱線": -2,
  "脱線させます": -2,
  "脳たりん": -3,
  "腐りました": -3,
  "腐敗しました": -3,
  "腫瘍": -2,
  "腹を立てて": -4,
  "腹立たしいです": -2,
  "膨張": 1,
  "臆病な": -2,
  "臆病者": -2,
  "自信のあります": 2,
  "自信を持ちます": 2,
  "自信を持って": 2,
  "自己欺か": -2,
  "自己矛盾の": -2,
  "自慢たらたら": -2,
  "自殺": -2,
  "自殺の": -2,
  "自由": 2,
  "自責の念": -2,
  "臭い": -2,
  "至福": 3,
  "至福の": 3,
  "致命的な": -3,
  "致死": -2,
  "致死性": -2,
  "致死率": -3,
  "興味がある": 2,
  "興奮": 3,
  "良い": 3,
  "良くない": -2,
  "苟且": -2,
  "若々しい": 2,
  "苦い": -2,
  "苦いです": -2,
  "苦しいです": -3,
  "苦しそうな": -2,
  "苦しみ": -2,
  "苦しみました": -2,
  "苦しみます": -2,
  "苦しめ": -1,
  "苦しんでいる人": -2,
  "苦労": -2,
  "苦役": -2,
  "苦悩": -3,
  "苦悩に満ちました": -3,
  "苦悶": -3,
  "苦情": -2,
  "苦戦": -2,
  "苦痛": -2,
  "苦痛を伴います": -2,
  "苦難": -2,
  "英雄たち": 2,
  "茶番": -2,
  "荒廃": -2,
  "荒廃させます": -2,
  "華麗な演奏": 3,
  "萬釣り": -2,
  "落ち着い": 2,
  "落ち着かせます": 3,
  "落ち着きのあります": -2,
  "落ち着きのありません": -2,
  "落下": -1,
  "落胆しました": -3,
  "落胆します": -2,
  "著名": 2,
  "葬儀": -1,
  "葬式": -1,
  "虐げられました": -2,
  "虐め": -2,
  "虐待": -3,
  "虐待されました": -3,
  "虐待的な": -3,
  "虚偽": -2,
  "血まみれの": -3,
  "行き詰まりました": -2,
  "行商人": -2,
  "行方不明": -2,
  "衝突": -1,
  "衝突します": -1,
  "衣": -2,
  "被告人": -2,
  "被害": -3,
  "被害者": -3,
  "装います": -1,
  "裏切ら": -3,
  "裏切り": -3,
  "裏切る": -3,
  "裏書": 2,
  "裕福な": 2,
  "複雑な": 2,
  "褒め言葉": 2,
  "褒賞": 2,
  "襲わ": -1,
  "襲われました": -2,
  "要求": -1,
  "要求が厳しいです": -1,
  "覆い焼き": -2,
  "見せかけ": -1,
  "見当違いの": -2,
  "見栄え": 2,
  "見物": -1,
  "見落とし": -1,
  "見込み": 1,
  "見通し": 1,
  "親切": 2,
  "親密": 2,
  "親愛な": 2,
  "観光スポット": 2,
  "角のあります": -2,
  "解きます": 1,
  "解放します": 2,
  "解決": 2,
  "解決さ": 2,
  "解決します": 2,
  "解決する": 1,
  "解雇": -2,
  "触発されました": 2,
  "言い訳": -1,
  "討つ": -2,
  "許します": 1,
  "許せません": -3,
  "許可します": 1,
  "許容可能な": 1,
  "訴え": -2,
  "訴えました": -2,
  "訴える": -2,
  "訴訟": -2,
  "訴訟好きな": -2,
  "詐欺": -2,
  "詐欺師": -4,
  "詐称": -2,
  "評決": -1,
  "評論家": -2,
  "試合の流れを変えます": 3,
  "試練": -2,
  "詰まりました": -2,
  "誇らしげに": 2,
  "誇りに思う": 2,
  "誇大": -2,
  "誇張": -2,
  "誇張されました": -2,
  "誇張する": -2,
  "誉められています": 2,
  "認めています": -1,
  "認めます": -1,
  "認められました": -1,
  "認識": 2,
  "誓います": -2,
  "誓う": -2,
  "誘います": 1,
  "誘惑": -1,
  "誘拐": -2,
  "誘発": -1,
  "誘致": 2,
  "誠実": 2,
  "誤って": -2,
  "誤って伝え": -2,
  "誤って分類": -2,
  "誤って分類します": -2,
  "誤って報告": -2,
  "誤りました": -2,
  "誤動作だけ": -2,
  "誤報": -2,
  "誤用": -2,
  "誤解": -2,
  "誤解されました": -2,
  "誤解します": -2,
  "誤認": -2,
  "説得": 1,
  "読み違えます": -1,
  "課さ": -1,
  "課し": -1,
  "課す": -1,
  "課金": -2,
  "調和": 2,
  "調和の取れました": 2,
  "論争": -2,
  "諭さ": -2,
  "謙虚な": 1,
  "謝ります": -1,
  "謝罪": -1,
  "識別": 2,
  "警告": -3,
  "警告しました": -2,
  "警告します": -2,
  "警報": -2,
  "議会の慣例に反します": -2,
  "豊かな": 3,
  "豊かに": 2,
  "負": -2,
  "負け": -3,
  "負わせ": -2,
  "負わせます": -2,
  "負傷しました": -2,
  "負担": -2,
  "負担をかけます": -2,
  "貧しいです": -2,
  "貧困": -1,
  "貪欲": -2,
  "責め": -2,
  "責任": 1,
  "貯蓄": 1,
  "貴重品": 2,
  "買収": -3,
  "賄賂": -3,
  "資産": 2,
  "資質": 2,
  "賛辞": 2,
  "賞": 3,
  "賞賛": 3,
  "賢いです": 2,
  "賢く": 2,
  "質問": -1,
  "質流れ": -2,
  "贅沢": 2,
  "贈り物": 2,
  "贈賄": -3,
  "赤字": -2,
  "赦免": 2,
  "起訴": -2,
  "起訴します": -1,
  "越境": -2,
  "躊躇": -2,
  "身体の自由を奪います": -2,
  "身体障害": -2,
  "身勝手さ": -3,
  "軽んじる": -2,
  "軽減します": 2,
  "軽率": -2,
  "軽率な": 2,
  "軽蔑": -2,
  "軽蔑しました": -2,
  "軽蔑的な": -2,
  "軽視": -2,
  "輝かしいです": 2,
  "輝きます": 3,
  "輝く": 3,
  "輝度": 1,
  "辛辣な": -3,
  "辞任": -1,
  "辞職します": -1,
  "込み合い": -1,
  "迅速": 2,
  "迎え": 1,
  "近代": 2,
  "近代化": 2,
  "近代化します": 2,
  "近視": -2,
  "近視眼": -2,
  "迫り来ます": -1,
  "迫害": -2,
  "迫害します": -2,
  "迷惑": -2,
  "迷惑な": -2,
  "追い出します": -2,
  "追悼": -2,
  "追放": -2,
  "退却": -1,
  "退場する": -2,
  "退屈な": -3,
  "退避": -1,
  "逃げます": -1,
  "逃しました": -2,
  "逆説": -1,
  "途方もなく": 4,
  "速やかに": 1,
  "連帯": 2,
  "逮捕": -2,
  "逮捕されます": -3,
  "進取的な": 1,
  "進捗": 2,
  "遅らせます": -2,
  "遅れ": -2,
  "遅れました": -2,
  "遅延": -1,
  "遅滞": -2,
  "運": 3,
  "運命": -2,
  "過保護な": -2,
  "過剰反応": -2,
  "過剰反応します": -2,
  "過剰販売": -2,
  "過失致死罪": -3,
  "過小評価": -1,
  "過度の単純化": -2,
  "過激派": -2,
  "過負荷": -1,
  "達しました": 1,
  "達成": 2,
  "達成可能な": 1,
  "違う": -2,
  "違反": -2,
  "違反します": -2,
  "違法": -3,
  "違法に": -3,
  "適しました": 2,
  "適切な": 2,
  "適切に": 2,
  "遺憾": -3,
  "遺族": -2,
  "遺棄されました": -2,
  "避けられません": -3,
  "避ける": -1,
  "避難": -1,
  "避難します": -1,
  "邪悪": -2,
  "酔っぱらい": -2,
  "酔っぱらいました": -2,
  "醜い": -3,
  "醜さ": -3,
  "重罪": -3,
  "重苦しいです": -2,
  "重荷": -2,
  "重要": 1,
  "重要性": 2,
  "野心的な": 2,
  "野蛮な": -2,
  "野蛮人": -2,
  "量刑手続き": -2,
  "鈍い": -2,
  "銃": -1,
  "鎮められません": -2,
  "鑑賞": 2,
  "閉じ込められました": -2,
  "閉塞": -2,
  "間抜け": -3,
  "間抜けな": -2,
  "間近に迫っ": -1,
  "間違い": -2,
  "間違いました": -2,
  "関心": 1,
  "闇": -1,
  "闘争": -2,
  "防ぐ": -1,
  "防止": -1,
  "防虫剤": -2,
  "防音材": -2,
  "阻止": -2,
  "阻止し": -2,
  "阻止します": -2,
  "限られました": -1,
  "限定的": -1,
  "陣頭指揮を執ります": 2,
  "除外": -2,
  "除外する": -1,
  "陰性": -2,
  "陰惨な": -3,
  "陰気": -2,
  "陰気な": -2,
  "陰謀": -3,
  "陶酔": 3,
  "陶酔して": 4,
  "陽気な": 3,
  "陽気に": 2,
  "障害": -2,
  "障害のあります": -2,
  "障害物": -2,
  "隠し": -1,
  "隠す": -1,
  "隠ぺいする": -3,
  "隠蔽": -1,
  "集中": 2,
  "集落": 1,
  "雌犬": -5,
  "難しいです": -1,
  "難攻不落の": 2,
  "難破船": -2,
  "雨の": -1,
  "雹": 2,
  "震え": -2,
  "震えます": -2,
  "露出しました": -1,
  "青黒いです": -2,
  "静かな": 2,
  "静め": 2,
  "非インテリジェント": -2,
  "非の打ちどころのありません": 2,
  "非人間的な": -2,
  "非倫理的な": -2,
  "非効率": -2,
  "非効率的な": -2,
  "非効率的に": -2,
  "非合法": -3,
  "非常に魅力的な": 2,
  "非常識な": -2,
  "非承認": -2,
  "非科学的な": -2,
  "非衛生的な": -2,
  "非論理的な": -2,
  "非識字": -2,
  "非難": -2,
  "非難します": -2,
  "非難するような": -2,
  "面倒": -2,
  "面白い": 2,
  "面白いです": 2,
  "面白くありません": -2,
  "面白そうな": 3,
  "革新": 1,
  "革新します": 1,
  "革新的な": 2,
  "順調に": 2,
  "頑固な": -2,
  "頭痛": -2,
  "題し": 1,
  "顕彰": 2,
  "顕著": 2,
  "願い": 1,
  "飢え": -2,
  "飢えました": -2,
  "飢えます": -2,
  "飢饉": -2,
  "首を絞め": -2,
  "香": -2,
  "馬鹿": -3,
  "駄作": -2,
  "駄目": -2,
  "騒動": -3,
  "驚いて": -2,
  "驚かします": 3,
  "驚かせます": 2,
  "驚きました": -2,
  "驚くばかり": 4,
  "驚くべき": 3,
  "驚くほどクソ": 4,
  "驚異": 3,
  "驚異的な": 3,
  "高ぶりました": -3,
  "高価な": -2,
  "高度な": 1,
  "高揚感": 3,
  "高潔な": 2,
  "魅了": 3,
  "魅了させます": 3,
  "魅了する": 3,
  "魅力": 3,
  "魅力のありません": -3,
  "魅力的": 2,
  "魅力的な": 3,
  "魅惑の": 2,
  "魅惑的な": 3,
  "鮮やか": 1,
  "鮮やかに": 2,
  "黒人": -5,
  "鼓舞": 2,
  "鼓舞する": 3,
  "鼻であしらいます": -2
}