{
  "abandons": -2,
  "abducted": -2,
  "abduction": -2,
  "abductions": -2,
  "abhorred": -3,
  "abhorrent": -3,
  "abhors": -3,
  "aboard": 1,
  "aborted": -1,
  "aborts": -1,
  "absentees": -1,
  "absolve": 2,
  "absolved": 2,
  "absolves": 2,
  "absolving": 2,
  "absorbed": 1,
  "abuses": -3,
  "acclaim": 2,
  "acclaimed": 2,
  "accolade": 2,
  "accomplishes": 2,
  "accomplishment": 2,
  "accusation": -2,
  "accusations": -2,
  "accuses": -2,
  "accusing": -2,
  "achievable": 1,
  "acquits": 2,
  "acquitted": 2,
  "acquitting": 2,
  "acrimonious": -3,
  "active": 1,
  "admired": 3,
  "admires": 3,
  "admiring": 3,
  "adopts": 1,
  "adorable": 3,
  "adoration": 3,
  "adored": 3,
  "adores": 3,
  "adoring": 3,
  "adoringly": 3,
  "advanced": 1,
  "advantageously": 2,
  "adventures": 2,
  "adventurous": 2,
  "affectionateness": 3,
  "affronted": -1,
  "aficionados": 2,
  "aggravated": -2,
  "aggravates": -2,
  "aggression": -2,
  "aggressions": -2,
  "Aggressiveness": -2,
  "aghast": -2,
  "agog": 2,
  "agonises": -3,
  "agonize": -3,
  "agonized": -3,
  "agonizes": -3,
  "alarmed": -2,
  "alarmist": -2,
  "alarmists": -2,
  "alas": -1,
  "allegation": -2,
  "altruistic": 2,
  "amaze": 2,
  "amazed": 2,
  "amazes": 2,
  "amazing": 4,
  "ambitious": 2,
  "ambivalent": -1,
  "amused": 3,
  "angered": -3,
  "angers": -3,
  "anguish": -3,
  "anguished": -3,
  "annoy": -2,
  "annoyance": -2,
  "annoying": -2,
  "annoys": -2,
  "antagonistic": -2,
  "anti": -1,
  "anticipation": 1,
  "apathetic": -3,
  "apathy": -3,
  "apeshit": -3,
  "apocalyptic": -2,
  "apologized": -1,
  "apologizing": -1,
  "apology": -1,
  "appalled": -2,
  "appease": 2,
  "appeases": 2,
  "appeasing": 2,
  "applauded": 2,
  "applauding": 2,
  "applauds": 2,
  "applause": 2,
  "appreciating": 2,
  "ardent": 1,
  "arrests": -2,
  "arsehole": -4,
  "ashame": -2,
  "assassination": -3,
  "assassinations": -3,
  "assaults": -2,
  "assfucking": -4,
  "asshole": -4,
  "astounding": 3,
  "astoundingly": 3,
  "astounds": 3,
  "atrocious": -3,
  "atrocity": -3,
  "attracted": 1,
  "attracting": 2,
  "attraction": 2,
  "attractions": 2,
  "attractively": 2,
  "attractiveness": 2,
  "attracts": 1,
  "audacious": 3,
  "aura": 1,
  "av": -2,
  "avenged": -2,
  "Avenger": -2,
  "Avengers": -2,
  "avenges": -2,
  "avenging": -2,
  "averted": -1,
  "averts": -1,
  "avid": 2,
  "awaited": -1,
  "awaits": -1,
  "axed": -1,
  "badass": -3,
  "badness": -3,
  "bailout": -2,
  "bamboozle": -2,
  "bamboozled": -2,
  "bamboozles": -2,
  "banish": -1,
  "bankster": -3,
  "barbarian": -2,
  "barbarous": -2,
  "bargain": 2,
  "barrier": -2,
  "bastard": -5,
  "Bastards": -5,
  "battled": -1,
  "battles": -1,
  "battling": -2,
  "beatific": 3,
  "beauties": 3,
  "beautifully": 3,
  "beautify": 3,
  "befit": 2,
  "befitting": 2,
  "benefactors": 2,
  "benefitted": 2,
  "benefitting": 2,
  "benevolent": 3,
  "bereave": -2,
  "bereaved": -2,
  "bereaves": -2,
  "bereaving": -2,
  "betrays": -3,
  "biased": -2,
  "bitch": -5,
  "bitches": -5,
  "bitterest": -2,
  "bizarre": -2,
  "blackmail": -3,
  "blackmailed": -3,
  "blackmailing": -3,
  "blackmails": -3,
  "blah": -2,
  "blamed": -2,
  "bliss": 3,
  "blissful": 3,
  "blithe": 2,
  "blockade": -2,
  "blockbuster": 3,
  "blocks": -1,
  "boastful": -2,
  "bold": 2,
  "boost": 1,
  "boosted": 1,
  "boosting": 1,
  "boosts": 1,
  "bore": -2,
  "bored": -2,
  "boring": -3,
  "bothered": -2,
  "bothers": -2,
  "bothersome": -2,
  "boycott": -2,
  "boycotted": -2,
  "boycotting": -2,
  "boycotts": -2,
  "brainwashing": -3,
  "braveness": 2,
  "bravura": 3,
  "breached": -2,
  "breaches": -2,
  "breaching": -2,
  "breathtaking": 5,
  "bribed": -3,
  "bribes": -3,
  "bribing": -3,
  "brightest": 2,
  "brightness": 1,
  "brilliance": 3,
  "brilliances": 3,
  "brisk": 2,
  "brooding": -2,
  "brutal": -3,
  "brutally": -3,
  "bullshit": -4,
  "bully": -2,
  "bummer": -2,
  "buoyant": 2,
  "burdened": -2,
  "burglary": -2,
  "cais": -2,
  "cais tawm": -1,
  "calming": 2,
  "calms": 2,
  "cancelling": -1,
  "cancels": -1,
  "cancer": -1,
  "carefree": 1,
  "carefulness": 2,
  "careless": -2,
  "casualty": -2,
  "catastrophic": -4,
  "caw": 1,
  "cawm": 2,
  "cawm nej dim": 2,
  "cawm tau koj txojsia": 4,
  "caws pliav": -2,
  "ceeb": -2,
  "ceeb toom": -2,
  "ceev": 1,
  "ceev faj": -1,
  "ceg tawv": -2,
  "cem": -3,
  "cem nws": -2,
  "cem quav": -2,
  "cem rhuav": -2,
  "cem tus": -2,
  "censor": -2,
  "censored": -2,
  "censors": -2,
  "cev qhuav dej": -2,
  "chagrin": -2,
  "chagrined": -2,
  "championed": 2,
  "champions": 2,
  "chaos": -2,
  "chaotic": -2,
  "charisma": 2,
  "charitable": 2,
  "charming": 3,
  "charmingly": 3,
  "charmless": -3,
  "chastise": -3,
  "chav": -2,
  "chaw": 3,
  "chaw khuam siab": -2,
  "chaw tos txais": -2,
  "cheater": -3,
  "cheaters": -3,
  "cheats": -3,
  "check": 2,
  "cheer": 2,
  "cheering": 2,
  "cheerless": -2,
  "cheers": 2,
  "cheery": 3,
  "cherish": 2,
  "cherishes": 2,
  "cherishing": 2,
  "chide": -3,
  "chides": -3,
  "chiding": -3,
  "childish": -2,
  "chilling": -1,
  "chim": -2,
  "chim heev": -3,
  "chim siab": -2,
  "choked": -2,
  "ci ntsa iab": 4,
  "cia": 1,
  "Cia li ntxub": -3,
  "cia siab rau": 1,
  "ciaj sia": 1,
  "ciavcais": -2,
  "clarifies": 2,
  "clarity": 2,
  "clash": -2,
  "classy": 3,
  "cleared": 1,
  "clears": 1,
  "clouded": -1,
  "clueless": -2,
  "co": -2,
  "cocksucker": -5,
  "cocksuckers": -5,
  "coerced": -2,
  "cog lus": -2,
  "cog qoob loo": 2,
  "coj": -2,
  "coj noj coj ua": 1,
  "coj tsis ncaj": -3,
  "coj txawv txawv": -1,
  "collapses": -2,
  "collapsing": -2,
  "collides": -1,
  "colliding": -1,
  "collisions": -2,
  "colluding": -3,
  "combats": -1,
  "comedy": 1,
  "comfortably": 2,
  "comforts": 2,
  "comic": 1,
  "commended": 2,
  "competent": 2,
  "complaining": -2,
  "complicating": -2,
  "complimented": 2,
  "compliments": 2,
  "conciliate": 2,
  "conciliated": 2,
  "conciliates": 2,
  "conciliating": 2,
  "condemns": -2,
  "confidently": 2,
  "conflictive": -2,
  "congrats": 2,
  "congratulation": 2,
  "consolable": 2,
  "constrained": -2,
  "Contagion": -2,
  "contagions": -2,
  "contaminants": -2,
  "contaminating": -2,
  "contaminations": -2,
  "contemptible": -2,
  "contemptuous": -2,
  "contemptuously": -2,
  "contender": -1,
  "contentious": -2,
  "contestable": -2,
  "controversially": -2,
  "controversies": -2,
  "controversy": -2,
  "convince": 1,
  "convinced": 1,
  "convinces": 1,
  "convivial": 2,
  "cornered": -2,
  "corrupt": -3,
  "corrupted": -3,
  "corrupting": -3,
  "corrupts": -3,
  "courageousness": 2,
  "courteous": 2,
  "courtesy": 2,
  "cov": -3,
  "cov cuab tam": 2,
  "cov hauj lwm zoo": 2,
  "cov kev pab cuam": 2,
  "cov khoom muaj nqis": 2,
  "cov kua zaub ntsuab": -2,
  "cov lus cog tseg": 1,
  "cov neeg phem": -2,
  "cov neeg raug": -3,
  "cov neeg tawm tsam": -2,
  "cov nuj nqis": -2,
  "cov yeeb ncuab": -2,
  "coverup": -3,
  "coward": -2,
  "cowardly": -2,
  "coziness": 2,
  "crap": -3,
  "crappy": -3,
  "crazier": -2,
  "craziest": -2,
  "crestfallen": -2,
  "criminal": -3,
  "criminals": -3,
  "criminate": -3,
  "criminated": -3,
  "criminates": -3,
  "critic": -2,
  "criticized": -2,
  "criticizes": -2,
  "critics": -2,
  "crude": -1,
  "crush": -1,
  "crushed": -2,
  "crushes": -1,
  "crushing": -1,
  "cuab": -1,
  "cuag": 1,
  "cuajkhaum": -2,
  "cuam ​​tshuam": -1,
  "cuav": -1,
  "cunning": 2,
  "cunt": -5,
  "cutback": -2,
  "cutbacks": -2,
  "cynic": -2,
  "cynical": -2,
  "cynicism": -2,
  "dab": -1,
  "dab tuag": -3,
  "dag": -2,
  "dag ntxias": -3,
  "dag siab": -3,
  "daig": -2,
  "daim ntawv cog lus": 1,
  "damn": -2,
  "damn ntxim hlub": 3,
  "damn zoo": 4,
  "damned": -4,
  "damnit": -4,
  "dangerously": -2,
  "daredevil": 2,
  "daring": 2,
  "dauntless": 2,
  "daus": 3,
  "daws": 1,
  "daws thov ntuj": 1,
  "dazzling": 3,
  "deadening": -2,
  "deadlock": -2,
  "deafening": -1,
  "dearly": 3,
  "debonair": 2,
  "deceiving": -3,
  "deception": -3,
  "decisive": 1,
  "defect": -3,
  "defenders": 2,
  "defer": -1,
  "deferring": -1,
  "defiant": -1,
  "deficient": -2,
  "deformed": -2,
  "deformities": -2,
  "deformity": -2,
  "defrauds": -3,
  "deft": 2,
  "defunct": -2,
  "degraded": -2,
  "degrades": -2,
  "dehumanize": -2,
  "dehumanized": -2,
  "dehumanizes": -2,
  "dehumanizing": -2,
  "deject": -2,
  "dejected": -2,
  "dejecting": -2,
  "dejects": -2,
  "delectable": 3,
  "delight": 3,
  "delightful": 3,
  "delightfully": 3,
  "delighting": 3,
  "delights": 3,
  "demanded": -1,
  "demoralize": -2,
  "demoralized": -2,
  "demoralizes": -2,
  "demoralizing": -2,
  "denials": -2,
  "denier": -2,
  "deniers": -2,
  "deplore": -3,
  "deplored": -3,
  "deplores": -3,
  "deploring": -3,
  "deport": -2,
  "deportations": -2,
  "deported": -2,
  "deporting": -2,
  "deports": -2,
  "depressing": -2,
  "deprivation": -3,
  "derail": -2,
  "derailed": -2,
  "derails": -2,
  "derelict": -2,
  "deride": -2,
  "derided": -2,
  "derides": -2,
  "deriding": -2,
  "despairing": -3,
  "despairs": -3,
  "desperately": -3,
  "detached": -1,
  "detain": -2,
  "detained": -2,
  "deteriorate": -2,
  "deteriorates": -2,
  "deteriorating": -2,
  "deterrent": -2,
  "detract": -1,
  "detracted": -1,
  "detracts": -1,
  "dev leg": -3,
  "devastated": -2,
  "devastation": -2,
  "devastations": -2,
  "devoted": 3,
  "devotion": 2,
  "dhawv dhev": -2,
  "dick": -4,
  "dickhead": -4,
  "diffident": -2,
  "dilligence": 2,
  "dim": 2,
  "dipshit": -3,
  "dire": -3,
  "direful": -3,
  "dirtier": -2,
  "dirtiest": -2,
  "disabling": -1,
  "disadvantage": -2,
  "disadvantaged": -2,
  "disappears": -1,
  "disappointing": -2,
  "disappointments": -2,
  "disapproval": -2,
  "disapprovals": -2,
  "disapproved": -2,
  "disapproves": -2,
  "disapproving": -2,
  "disastrous": -3,
  "disbelieve": -2,
  "discards": -1,
  "discernment": 2,
  "disconsolate": -2,
  "disconsolation": -2,
  "discontented": -2,
  "discord": -2,
  "discredited": -2,
  "disdain": -2,
  "disgrace": -2,
  "disgraced": -2,
  "disguise": -1,
  "disguised": -1,
  "disguises": -1,
  "disguising": -1,
  "disgusted": -3,
  "disgustful": -3,
  "disheartened": -2,
  "disillusioned": -2,
  "disinclined": -2,
  "disjointed": -2,
  "disliked": -2,
  "dislikes": -2,
  "dismayed": -2,
  "disorganized": -2,
  "disoriented": -2,
  "disparaged": -2,
  "disparages": -2,
  "disparaging": -2,
  "displeasure": -2,
  "disproportionate": -2,
  "disputed": -2,
  "disputing": -2,
  "disquiet": -2,
  "disregard": -2,
  "disregarded": -2,
  "disregarding": -2,
  "disregards": -2,
  "disrespected": -2,
  "disruptions": -2,
  "distasteful": -2,
  "distinguished": 2,
  "distort": -2,
  "distorted": -2,
  "distorting": -2,
  "distorts": -2,
  "distracted": -2,
  "distraction": -2,
  "distracts": -2,
  "distresses": -2,
  "distressing": -2,
  "Distrustful": -3,
  "disturbed": -2,
  "disturbing": -2,
  "disturbs": -2,
  "dithering": -2,
  "diverting": -1,
  "dlaws": 1,
  "dodging": -2,
  "dodgy": -2,
  "dog dig": -2,
  "dolorous": -2,
  "donates": 2,
  "doom": -2,
  "doubtful": -1,
  "doubting": -1,
  "douche": -3,
  "douchebag": -3,
  "dour": -2,
  "downcast": -2,
  "downer": -2,
  "downside": -2,
  "dragged": -1,
  "drags": -1,
  "drained": -2,
  "dread": -2,
  "dreaded": -2,
  "dreadful": -3,
  "dreary": -2,
  "Droopy": -2,
  "drudgery": -2,
  "dubious": -2,
  "dud": -2,
  "dumbass": -3,
  "dumped": -2,
  "dumps": -1,
  "dupe": -2,
  "duped": -2,
  "dupery": -2,
  "ecstatic": 4,
  "eerie": -2,
  "eery": -2,
  "effortlessly": 2,
  "elated": 3,
  "elation": 3,
  "elegant": 2,
  "elegantly": 2,
  "embarrasses": -2,
  "embarrassing": -2,
  "embezzlement": -3,
  "embittered": -2,
  "empowerment": 2,
  "emptiness": -1,
  "empty": -1,
  "enchanted": 2,
  "endorsement": 2,
  "endorses": 2,
  "engrossed": 1,
  "engrossing": 3,
  "enjoyed": 2,
  "enjoying": 2,
  "enlighten": 2,
  "enlightened": 2,
  "enlightening": 2,
  "enlightens": 2,
  "ennui": -2,
  "enrage": -2,
  "enraged": -2,
  "enrages": -2,
  "enraging": -2,
  "enrapture": 3,
  "enslave": -2,
  "enslaves": -2,
  "enterprising": 1,
  "entertaining": 2,
  "enthrall": 3,
  "entrusted": 2,
  "envies": -1,
  "envying": -1,
  "erroneous": -2,
  "es": -2,
  "es ua": 1,
  "escapes": -1,
  "escaping": -1,
  "esteem": 2,
  "esteemed": 2,
  "euphoria": 3,
  "euphoric": 4,
  "evacuated": -1,
  "evacuates": -1,
  "evergreen": 2,
  "evergreening": -3,
  "evergreens": 2,
  "exacerbate": -2,
  "exacerbated": -2,
  "exacerbates": -2,
  "exacerbating": -2,
  "exaggerate": -2,
  "exaggerated": -2,
  "exaggerates": -2,
  "exaggerating": -2,
  "exasparate": -2,
  "exasperated": -2,
  "exasperates": -2,
  "exasperating": -2,
  "excitement": 3,
  "exciting": 3,
  "excruciatingly": -1,
  "exhilarated": 3,
  "exhilarates": 3,
  "exhilarating": 3,
  "exonerate": 2,
  "exonerated": 2,
  "exonerates": 2,
  "exonerating": 2,
  "expands": 1,
  "expelling": -2,
  "expels": -2,
  "expertly": 2,
  "exploited": -2,
  "exploiting": -2,
  "exploits": -2,
  "exposes": -1,
  "exquisite": 3,
  "extends": 1,
  "extremist": -2,
  "extremists": -2,
  "exuberant": 4,
  "exultant": 3,
  "exultantly": 3,
  "fab tuag": -2,
  "fabulously": 4,
  "fad": -2,
  "fag": -3,
  "fagot": -3,
  "fagots": -3,
  "failures": -2,
  "fainthearted": -2,
  "fake": -3,
  "faker": -3,
  "fakes": -3,
  "faking": -3,
  "falsified": -3,
  "falsify": -3,
  "farce": -1,
  "fascinate": 3,
  "fascinated": 3,
  "fascinates": 3,
  "fascinating": 3,
  "fascination": 3,
  "fascist": -2,
  "fascists": -2,
  "fatigued": -2,
  "fatigues": -2,
  "fatiguing": -2,
  "fav": -2,
  "favorably": 2,
  "favored": 2,
  "favorited": 2,
  "favorites": 2,
  "favors": 2,
  "favourited": 2,
  "fearful": -2,
  "fearfully": -2,
  "fearless": 2,
  "fearsome": -2,
  "feeb": -1,
  "fertile": 2,
  "fervid": 2,
  "festive": 2,
  "fiasco": -3,
  "fidgety": -2,
  "filthy": -2,
  "finest": 3,
  "firing": -2,
  "flagship": 2,
  "flawed": -3,
  "flawless": 2,
  "flawlessly": 2,
  "flaws": -2,
  "flees": -1,
  "flops": -2,
  "flustered": -2,
  "fond": 2,
  "fondness": 2,
  "foob": -2,
  "foob ​​pob": -1,
  "fools": -2,
  "foom": -1,
  "Foom Koob Hmoov": 2,
  "foom koob hmoov rau": 3,
  "foreclosures": -2,
  "forefront": 1,
  "forgettable": -1,
  "foul": -3,
  "frantic": -1,
  "frauds": -4,
  "fraudster": -4,
  "fraudsters": -4,
  "fraudulence": -4,
  "free": 1,
  "frenzy": -3,
  "friendliness": 2,
  "frightening": -3,
  "frikin": -2,
  "frisky": 2,
  "fruitless": -2,
  "frustrates": -2,
  "frustrating": -2,
  "ftw": 3,
  "fuck": -4,
  "fucked": -4,
  "fuckers": -4,
  "fuckface": -4,
  "fuckhead": -4,
  "fuckin": -4,
  "fucking": -4,
  "fucking amazing": 4,
  "fucking hlub": 4,
  "fucking kub": 2,
  "fucking ntxim hlub": 4,
  "fucking zoo": 4,
  "fucking zoo heev": 4,
  "fucking zoo meej": 4,
  "fucking zoo nkauj": 4,
  "fucktard": -4,
  "fud": -3,
  "fuked": -4,
  "fuking": -4,
  "fulfills": 2,
  "fuming": -2,
  "funky": 2,
  "funnier": 4,
  "funny": 4,
  "furious": -3,
  "futile": -2,
  "gag": -2,
  "gagged": -2,
  "gallant": 3,
  "gallantly": 3,
  "gallantry": 3,
  "generously": 2,
  "genial": 3,
  "ghastly": -2,
  "giddy": -2,
  "glamorous": 3,
  "glamourous": 3,
  "Glee": 3,
  "gleeful": 3,
  "gloom": -1,
  "glorious": 2,
  "glum": -2,
  "goddamn": -3,
  "godsend": 4,
  "goodlooking": 3,
  "goodmorning": 1,
  "goofiness": -2,
  "goofy": -2,
  "Gr8": 3,
  "graceful": 2,
  "grand": 3,
  "gratification": 2,
  "gray": -1,
  "greed": -3,
  "greenwash": -3,
  "greenwasher": -3,
  "greenwashers": -3,
  "greenwashing": -3,
  "greeted": 1,
  "greets": 1,
  "grim": -2,
  "gripping": 2,
  "grisly": -2,
  "groans": -2,
  "growths": 2,
  "gruesome": -3,
  "guarantee": 1,
  "gullibility": -2,
  "ha": 2,
  "hacked": -1,
  "haha": 3,
  "hahaha": 3,
  "hahahah": 3,
  "hai": -2,
  "haib": 2,
  "hailed": 2,
  "hais sib haum": 1,
  "hais tsis zoo": -2,
  "Hallelujah": 3,
  "handpicked": 1,
  "hapless": -2,
  "haplessness": -2,
  "harassing": -3,
  "hardier": 2,
  "harmonious": 2,
  "harms": -2,
  "harried": -2,
  "harsher": -2,
  "harshest": -2,
  "harshly": -2,
  "hater": -3,
  "haters": -3,
  "haum": 2,
  "haunted": -2,
  "haunting": 1,
  "haunts": -1,
  "hawv": -2,
  "heartbreaking": -3,
  "heartfelt": 3,
  "heartwarming": 3,
  "heavyhearted": -2,
  "heev": -2,
  "hehe": 2,
  "hellish": -2,
  "hem": -2,
  "hem kom ntshai": -2,
  "hero": 2,
  "heroes": 2,
  "heroic": 3,
  "hi ncua": -2,
  "hides": -1,
  "highlight": 2,
  "hindrance": -2,
  "hla dhau": -2,
  "hluas zog tuaj": 2,
  "hluav taws kub": -2,
  "hlub": 2,
  "hlubsiab dawb siab zoo": 3,
  "hmoov phem": -2,
  "hmoov zoo": 2,
  "hnav": -1,
  "hnia": 1,
  "hnov": 2,
  "hnov qab": -2,
  "hnyav": -2,
  "hollow": -1,
  "homicides": -2,
  "honored": 2,
  "honoring": 2,
  "hooligan": -2,
  "hooliganism": -2,
  "hooligans": -2,
  "hopeful": 2,
  "hopefully": 2,
  "hopelessness": -2,
  "hoping": 2,
  "horrendous": -3,
  "horrific": -3,
  "horrified": -3,
  "hostile": -2,
  "hu": 1,
  "huam xeeb": 2,
  "huckster": -2,
  "humble": 1,
  "humbug": -2,
  "humerous": 3,
  "humiliated": -3,
  "humiliation": -3,
  "humorous": 2,
  "humourous": 2,
  "hurray": 5,
  "huv": 2,
  "huv si": 2,
  "hwjchim ci ntsa iab": 2,
  "hwm": 2,
  "hwm thiab paub ntshai": -2,
  "hysteria": -3,
  "hysterical": -3,
  "hysterics": -3,
  "iab": -2,
  "ib puag ncigphooj ywg": 2,
  "ib qho kev zoo": 2,
  "ib qho tseem ceeb": 2,
  "ib zaugnyob rau hauviblub neej": 3,
  "ibtxhi": -2,
  "ices": -2,
  "icky": -3,
  "idiocy": -3,
  "ignorance": -2,
  "ignores": -1,
  "illegally": -3,
  "illiteracy": -2,
  "illogical": -2,
  "imbecile": -3,
  "immobilized": -1,
  "immortal": 2,
  "impaired": -2,
  "impairing": -2,
  "impairs": -2,
  "impeachment": -3,
  "impeachments": -3,
  "impeded": -2,
  "impedes": -2,
  "impeding": -2,
  "impedingly": -2,
  "imperfect": -2,
  "imposes": -1,
  "imposing": -1,
  "imposter": -2,
  "impotent": -2,
  "impress": 3,
  "impressed": 3,
  "impressive": 3,
  "inaction": -2,
  "incapacitates": -2,
  "incapacitating": -2,
  "incensed": -2,
  "incenses": -2,
  "incensing": -2,
  "incoherent": -2,
  "incompetence": -2,
  "indecisive": -2,
  "indicted": -2,
  "indifference": -2,
  "indoctrinate": -2,
  "indoctrinated": -2,
  "indoctrinates": -2,
  "indoctrinating": -2,
  "inediable": -2,
  "ineffectively": -2,
  "ineffectual": -2,
  "inefficiency": -2,
  "inefficient": -2,
  "inefficiently": -2,
  "inept": -2,
  "ineptitude": -2,
  "inexcusable": -3,
  "inexorable": -3,
  "infantile": -2,
  "infantilized": -2,
  "infatuated": 2,
  "infatuation": 2,
  "infesting": -2,
  "infests": -2,
  "inflicted": -2,
  "inflicting": -2,
  "inflicts": -2,
  "influential": 2,
  "infract": -2,
  "infracted": -2,
  "infracting": -2,
  "infracts": -2,
  "infuriates": -2,
  "infuriating": -2,
  "inhibit": -1,
  "innovate": 1,
  "innovates": 1,
  "innovation": 1,
  "inoperative": -2,
  "Inquisition": -2,
  "inquisitive": 2,
  "insane": -2,
  "insanity": -2,
  "insecure": -2,
  "insensitive": -2,
  "insensitivity": -2,
  "insignificant": -2,
  "insipid": -2,
  "insomnia": -2,
  "inspirational": 2,
  "inspires": 2,
  "inspiring": 3,
  "insufficiency": -2,
  "insufficiently": -2,
  "insult": -2,
  "insulted": -2,
  "insulting": -2,
  "insults": -2,
  "interrogated": -2,
  "interrupting": -2,
  "intimacy": 2,
  "intimidated": -2,
  "intimidates": -2,
  "intimidating": -2,
  "intransigence": -2,
  "intransigency": -2,
  "intricate": 2,
  "intrigues": 1,
  "invincible": 2,
  "inviting": 1,
  "invulnerable": 2,
  "irate": -3,
  "ironic": -1,
  "irony": -1,
  "irrational": -1,
  "irreparable": -2,
  "irreproducible": -2,
  "irresistible": 2,
  "irresistibly": 2,
  "irresolute": -2,
  "irresponsible": -2,
  "irresponsibly": -2,
  "irreversible": -1,
  "irreversibly": -1,
  "irritates": -3,
  "jackass": -4,
  "jackasses": -4,
  "jailed": -2,
  "jaunty": 2,
  "jerk": -3,
  "jewels": 1,
  "jocular": 2,
  "jolly": 2,
  "jovial": 2,
  "joyless": -2,
  "joyous": 3,
  "jubilant": 3,
  "jumpy": -1,
  "justifiably": 2,
  "justified": 2,
  "kab": -2,
  "kab lus": -2,
  "kab mob": -2,
  "kab mob sib kis": -2,
  "kaj": 1,
  "kam": 2,
  "kam rau ua": 2,
  "kaw": -2,
  "kawg": -2,
  "kawm": 2,
  "kawm tau ntawv zoo": 3,
  "kev": -2,
  "kev cai lij choj": 1,
  "kev chim": -3,
  "kev cia siab": 2,
  "kev coj zoo": 2,
  "kev dag": -4,
  "kev daws teeb meem": 1,
  "kev hem thawj": -2,
  "kev huam yuaj": -2,
  "kev kaj siab": 3,
  "kev kawm": 2,
  "kev kho": 2,
  "kev khuv": 2,
  "kev koom tes": -3,
  "kev lom zem": 2,
  "kev mob kev nkeeg": -2,
  "kev ncaj ncees": 2,
  "kev noj nyiaj txiag": -3,
  "kev npau": -2,
  "kev npau suav": 1,
  "kev nplij siab": 2,
  "kev nqhis": -2,
  "kev ntseeg tau": 2,
  "kev ntsuam xyuas": -1,
  "kev ntxub ntxaug": -2,
  "kev nyab xeeb": 1,
  "kev nyuaj siab": -1,
  "kev nyuaj siab ploj": -2,
  "kev pab": 2,
  "kev pab txhawb nqa": 2,
  "kev pam tuag": -1,
  "kev phem": -3,
  "kev phem heev": -3,
  "kev phem qias": -2,
  "kev phooj ywg": 2,
  "kev poob plig": -3,
  "kev puas tsuaj": -3,
  "kev raug mob": -2,
  "kev raug txim": -2,
  "kev ruaj khov": -2,
  "kev ruaj ntseg": 2,
  "kev saib xyuas": 2,
  "kev sib haum xeeb": 2,
  "kev sib ntaus los": -1,
  "kev sib raug zoo": 2,
  "kev sib tsoo": -2,
  "kev sib tw": 2,
  "kev taug plaub ntug": -1,
  "kev tiv thaiv": 1,
  "kev tshaib kev nqhis": -2,
  "kev tshawb kawm": 1,
  "kev tshoov siab": 2,
  "kev tsim txom": -3,
  "kev tsis ncaj ncees": -2,
  "kev tsis saib xyuas": -2,
  "kev tsis sib haum": -2,
  "kev tsis taus": -2,
  "kev tsis txaus siab": -2,
  "kev tsis zoo siab": -2,
  "kev tso cai": 2,
  "kev tu siab": -2,
  "Kev txais tos": 2,
  "kev txaus siab": -2,
  "kev txhaum": -2,
  "kev txhawb zog": 2,
  "kev txhawj xeeb": -3,
  "kev txhim kho": 2,
  "kev txiav txim": -1,
  "kev txom nyem": -2,
  "kev txwv": -1,
  "kev ua koob tsheej": 3,
  "kev ua si hloov": 3,
  "kev ua txhaum": -3,
  "kev ua txhaum cai": -2,
  "kev ua yuam kev": -2,
  "kev vam meej": 3,
  "kev ywj siab": 2,
  "kev zam txim rau": -1,
  "kev zoo nkauj": 3,
  "kev zoo siab": 3,
  "khab seeb": 1,
  "khaub thuas": -2,
  "khaum": -2,
  "khaus": 1,
  "khav": -2,
  "kheev": 3,
  "khiav": -1,
  "khiav nkaum": -1,
  "khiav tawm": -1,
  "khib": -1,
  "khib lav": -3,
  "khib nyiab": -1,
  "kho": 1,
  "kho mob": 2,
  "kho siab": -2,
  "kho siab heev": -2,
  "khoom": 2,
  "khoom kim heev": 2,
  "khoom plig": 3,
  "khoom vaj khoom tsev": 2,
  "khuv xim": -2,
  "khuv xim dab tsi": -2,
  "kickback": -3,
  "kickbacks": -3,
  "kidnapped": -2,
  "kidnapping": -2,
  "kidnappings": -2,
  "kidnaps": -2,
  "kim": -2,
  "kinder": 2,
  "kis": -2,
  "kis tau kab mob": -2,
  "kis tau rau": -2,
  "kis tau rau lwm": -1,
  "kiv cua": 3,
  "kiv taub hau": -1,
  "koj": 5,
  "kom": 1,
  "kom luag": 3,
  "kom meej meej": 1,
  "kom ntseeg tau": 1,
  "kom sai": 1,
  "kom zoo dua": 2,
  "koob hmoov": 3,
  "koob meej": 1,
  "koob tsheej": 3,
  "koom": 1,
  "kovyeej": -2,
  "kuab": -2,
  "kuab paug": -2,
  "kuag tooj kuag hlau": -2,
  "kuas": 1,
  "kub": 2,
  "kub lug": -2,
  "Kudos": 3,
  "kuj tuag": -3,
  "kws txuj ci dag": -2,
  "lackadaisical": -2,
  "lag": -1,
  "lagged": -2,
  "lagging": -2,
  "lags": -2,
  "laij koj tawm": -1,
  "lam tau lam ua": -2,
  "landmark": 2,
  "lapse": -1,
  "lapsed": -1,
  "las": -1,
  "las mees": -1,
  "laughs": 1,
  "laughting": 1,
  "launched": 1,
  "lav": -3,
  "lawb tawm mus": -2,
  "lawg": 2,
  "lawl": 3,
  "lawm": 2,
  "leaked": -1,
  "leej twg hlub peb": -2,
  "lees": 1,
  "lees txais": 1,
  "lethality": -2,
  "lethargic": -2,
  "liam": -2,
  "liam tag nrho rau": -2,
  "liars": -3,
  "libelous": -2,
  "Library": 3,
  "lifeless": -1,
  "lighthearted": 1,
  "likable": 2,
  "likeable": 2,
  "likers": 2,
  "litigious": -2,
  "livid": -2,
  "lmao": 4,
  "lmfao": 4,
  "lo": -2,
  "loathed": -3,
  "loathes": -3,
  "lobbied": -2,
  "lobbying": -2,
  "lobbyist": -2,
  "lobbyists": -2,
  "loj": 1,
  "loj hlob": 3,
  "loj tshaj": 3,
  "lol": 3,
  "lolol": 4,
  "lololol": 4,
  "lolololol": 4,
  "lom": -2,
  "Lom Zem": 3,
  "lom zem heev": 2,
  "lonesome": -2,
  "longing": -1,
  "loog": -1,
  "lool": 3,
  "loomed": -1,
  "looming": -1,
  "looms": -1,
  "loool": 3,
  "looool": 3,
  "looses": -3,
  "los": 2,
  "los cuam tshuam cov": -2,
  "los nag": -1,
  "los ntawm UFW": 1,
  "los ua tiag tiag": -2,
  "losses": -3,
  "lossis loj": 1,
  "lossis poob ntsej muag": -2,
  "lousy": -2,
  "lovable": 3,
  "lovelies": 3,
  "loyal": 3,
  "loyalty": 3,
  "luag": 2,
  "luag nyav": 2,
  "luag thuam": -2,
  "luas saib tsw taug": -2,
  "lub caij txom nyem": -2,
  "lub dag lub zog": 2,
  "lub kua muag": -2,
  "lub luag hauj lwm": 1,
  "lub nqi zog ntawm": 2,
  "lub nra": -2,
  "lub nroog Yeiuxalees": -4,
  "lub pov haum": 3,
  "lub siab": 2,
  "lub siab dawb paug": 2,
  "lub siab dawb siab": 2,
  "lub siab tawg": -3,
  "lub sij hawm": -2,
  "lub suab quaj": -2,
  "lub tsev kaw": -2,
  "lub vaj kaj siab": 3,
  "luckily": 3,
  "lucrative": 3,
  "ludicrous": -3,
  "lugubrious": -2,
  "lunatic": -3,
  "lunatics": -3,
  "lurk": -1,
  "lurking": -1,
  "lurks": -1,
  "lus ceeb toom": -3,
  "lus cog tseg": 1,
  "lus sib liam": -2,
  "lus tso dag": 2,
  "lus txwv": -2,
  "luv luvsighted": -2,
  "luv luvsightedness": -2,
  "lwj": -3,
  "lwj liam": -2,
  "macabre": -2,
  "maddening": -3,
  "madly": -3,
  "maladaption": -2,
  "maldevelopment": -2,
  "maltreatment": -2,
  "manipulated": -1,
  "manipulating": -1,
  "manipulation": -1,
  "manslaughter": -3,
  "marvel": 3,
  "marvels": 3,
  "mas": -2,
  "masterpiece": 4,
  "masterpieces": 4,
  "mature": 2,
  "me": -3,
  "meaningless": -2,
  "mediocrity": -3,
  "meditative": 1,
  "meej mom": 2,
  "meej txog": -1,
  "mej": -2,
  "melancholy": -2,
  "memoriam": -2,
  "menace": -2,
  "menaced": -2,
  "menaces": -2,
  "menyuam": 2,
  "mesmerizing": 3,
  "mess": -2,
  "messed": -2,
  "messing": -2,
  "methodical": 2,
  "methodically": 2,
  "mindless": -2,
  "mirth": 3,
  "mirthful": 3,
  "mirthfully": 3,
  "misbehaved": -2,
  "misbehaving": -2,
  "misbranding": -3,
  "miscast": -2,
  "mischief": -1,
  "mischiefs": -1,
  "misclassified": -2,
  "misclassifies": -2,
  "misclassify": -2,
  "misconduct": -2,
  "misconducted": -2,
  "misconducting": -2,
  "misconducts": -2,
  "miserably": -3,
  "misfire": -2,
  "misgiving": -2,
  "misinformation": -2,
  "misinterpreted": -2,
  "mislead": -3,
  "misleaded": -3,
  "misleads": -3,
  "misplaced": -2,
  "misplaces": -2,
  "misplacing": -2,
  "mispricing": -3,
  "misread": -1,
  "misreport": -2,
  "misreported": -2,
  "misreporting": -2,
  "misreports": -2,
  "misrepresent": -2,
  "misrepresentations": -2,
  "misrepresenting": -2,
  "misrepresents": -2,
  "mistaking": -2,
  "misunderstands": -2,
  "misunderstood": -2,
  "misuse": -2,
  "misused": -2,
  "misuses": -2,
  "misusing": -2,
  "mluas": -1,
  "mluav": -2,
  "moaned": -2,
  "moaning": -2,
  "moans": -2,
  "mob": -1,
  "mobfated": -2,
  "mob siab": 2,
  "mob siab rau": 1,
  "mob taub hau": -2,
  "mob tej": -2,
  "mock": -2,
  "mocking": -2,
  "modernize": 2,
  "modernized": 2,
  "modernizes": 2,
  "modernizing": 2,
  "mongering": -2,
  "monopolize": -2,
  "monopolized": -2,
  "monopolizes": -2,
  "monopolizing": -2,
  "monotone": -1,
  "moody": -1,
  "mope": -1,
  "moping": -1,
  "moron": -3,
  "motherfucker": -5,
  "motherfucking": -5,
  "motivating": 2,
  "mournful": -2,
  "mourning": -2,
  "mourns": -2,
  "muab": 3,
  "muab khaws cia tseg": -1,
  "muab ncua tseg": -1,
  "muab pov tseg": -1,
  "muaj": 1,
  "muaj cai": 1,
  "muaj dab": -1,
  "muaj hmoo": 2,
  "muaj kev cuam tshuam": -2,
  "muaj kev ruaj ntseg": 1,
  "muaj lub zog": 2,
  "muaj lus zoo siab": 2,
  "muaj neeg nyiag": -2,
  "muaj nplua nwj": 2,
  "muaj nuj nqis": 2,
  "muaj peev xwm": 2,
  "muaj peev xwm ua": 1,
  "muaj pluaj siab zoo": 3,
  "muaj siab": 1,
  "muaj siab hlub": 2,
  "muaj teeb meem": -2,
  "muaj tseeb": 2,
  "muaj tsis txawm peem": -2,
  "muaj tswv yim": 2,
  "muaj txiaj ntsim": 2,
  "muaj zog": 2,
  "mumpish": -2,
  "murdering": -3,
  "murderous": -3,
  "murders": -2,
  "mus taus kev": -2,
  "mus txog": 1,
  "n00b": -2,
  "naïve": -2,
  "narcissism": -2,
  "Nations lawv rau txim": -2,
  "nca muab tsis tau": 3,
  "ncaj": 1,
  "ncaj ncees": 3,
  "nce": -2,
  "nce mus txog": 1,
  "nco": 1,
  "nco txog": 3,
  "ncua": -1,
  "ncua sij hawm": -1,
  "neeg": 2,
  "neeg phem": -1,
  "neeg qw zoo siab": 2,
  "neeg raug kaw": -2,
  "neeg raug txim": -2,
  "neeg tuag lub cev": -1,
  "neeg tuag taus": -3,
  "neeg txom nyem": -1,
  "neeg ua phem": -2,
  "neeg ua txhaum": -2,
  "negativity": -2,
  "neglecting": -2,
  "neglects": -2,
  "nervosa": -2,
  "niam ntiav": -5,
  "nifty": 2,
  "niggas": -5,
  "nigger": -5,
  "nkag mus rau hauv": 2,
  "nkaug": -2,
  "nkaum": -1,
  "nkees": -2,
  "nkim": -2,
  "nkoos": 1,
  "nkos": -2,
  "noble": 2,
  "noblest": 2,
  "noj qab nyob zoo": 2,
  "nonsense": -2,
  "noob": -2,
  "nosy": -2,
  "notable": 2,
  "npaj": 1,
  "npau suav": 1,
  "npau taws": -3,
  "npau taws heev heev": -2,
  "npaum": -2,
  "npeeg": -2,
  "nplij nws lub siab": 2,
  "nplooj siab": 2,
  "nplua": -2,
  "nplua nuj": 2,
  "npluas": -2,
  "npuaj teg": 2,
  "npub": -2,
  "nqaij": 2,
  "nqi": 2,
  "nqi zog": 2,
  "nquag": 2,
  "nquam paj nquam nruas": 3,
  "nqus": -3,
  "nqus tsev vacuum": 2,
  "nraub qaum ris": 1,
  "nraus": -2,
  "nrawm": 2,
  "nreg": 2,
  "nres": -1,
  "nriaj": -2,
  "nro": -1,
  "nrog koj zoo siab": 2,
  "nroo": -2,
  "nrov": 3,
  "ntau dua": 3,
  "ntau yam pauv loj": 1,
  "ntaub ntawv bankruptcy los": -3,
  "ntaus": -1,
  "ntawd": -2,
  "ntawm lub nce": 1,
  "ntawv": -1,
  "ntes": -2,
  "nthuav": 2,
  "nti": 2,
  "ntiab tawm": -2,
  "nto moo": 2,
  "ntog": -1,
  "ntsaj": -2,
  "ntse": 1,
  "ntseeg": 2,
  "ntshai": -2,
  "ntshai dhau lawm": -2,
  "ntshai heev txawm": -2,
  "ntshav": -3,
  "ntshaw": 2,
  "ntshiab": 1,
  "ntsoog": -3,
  "ntsoog loj heev": -2,
  "ntsoos ntsoos": -3,
  "ntsuab ntxuav": -3,
  "ntsuam": -2,
  "ntsuas": -3,
  "ntsuj plig": 1,
  "ntswj": -2,
  "ntuas": -2,
  "ntuav": -3,
  "ntuj raug txim": -4,
  "ntxa": -2,
  "ntxeem tau": -1,
  "ntxeev siab": -2,
  "ntxeev siab rau": -3,
  "ntxhi": 2,
  "ntxhov siab": -2,
  "ntxhov siab vim": -2,
  "ntxias": -1,
  "ntxias kom zoo siab": 3,
  "ntxias li cas": -2,
  "ntxim": 3,
  "ntxim hlub": 2,
  "ntxim ntxub": -3,
  "ntxiv dag zog": 2,
  "ntxiv dag zog rau": 2,
  "ntxub": -3,
  "ntxub lwm haiv neeg": -3,
  "nyeem": -3,
  "nyhav dhau heev lawm": -1,
  "nyiag": -2,
  "nyiaj pab": 1,
  "nyiaj poob hauj lwm": -2,
  "nyiaj tau los pab": 1,
  "nyiam": 3,
  "nyob": 2,
  "nyob ib leeg": -2,
  "nyob ruaj khov kho": 2,
  "nyob tsis tswm": -2,
  "Nyob zoo": 2,
  "nyog": -2,
  "nyoog phem heev": -2,
  "nyuab siab": -2,
  "nyuaj": -1,
  "nyuaj siab": -2,
  "nyuaj siab heev": -2,
  "nyuaj siab ntawd,": -3,
  "nyuaj siab txom nyem": -2,
  "nyuj nyoos": 2,
  "obliterate": -2,
  "obliterated": -2,
  "obsessed": 2,
  "obsolete": -2,
  "obstacles": -2,
  "obstinate": -2,
  "obstructed": -2,
  "obstructing": -2,
  "obstructs": -2,
  "offending": -2,
  "offends": -2,
  "offensive": -2,
  "offensively": -2,
  "offline": -1,
  "oks": 2,
  "ominous": 3,
  "oops": -2,
  "oppressed": -2,
  "oppression": -2,
  "oppressions": -2,
  "oppressive": -2,
  "optimism": 2,
  "optimistic": 2,
  "optionless": -2,
  "ostracize": -2,
  "ostracized": -2,
  "ostracizes": -2,
  "ouch": -2,
  "outmaneuvered": -2,
  "outnumbered": -2,
  "outraged": -3,
  "outrageous": -3,
  "overload": -1,
  "overlooked": -1,
  "overprotective": -2,
  "overran": -2,
  "overreacted": -2,
  "overreacting": -2,
  "overreaction": -2,
  "overreacts": -2,
  "oversell": -2,
  "overselling": -2,
  "oversells": -2,
  "oversimplification": -2,
  "oversimplified": -2,
  "oversimplifies": -2,
  "oversimplify": -2,
  "oversold": -2,
  "overstatement": -2,
  "overstatements": -2,
  "overwrought": -3,
  "oxymoron": -1,
  "paaj": 2,
  "pab": 2,
  "pab koj tu siab": 2,
  "pab pawg phooj ywg": 2,
  "pab tau": 2,
  "pab txoj kev": 2,
  "pab zoo siab": 2,
  "pained": -2,
  "paj": 1,
  "pam tuag": -1,
  "panics": -3,
  "paradox": -1,
  "pardoning": 2,
  "pardons": 2,
  "parley": -1,
  "passionate": 2,
  "passive": -1,
  "passively": -1,
  "pathetic": -2,
  "paub": 2,
  "paub cai": 2,
  "paub txaj muag": -1,
  "paug": -3,
  "pauj": -2,
  "pauv nyob rau hauv": -2,
  "pe hawm": 3,
  "peacefully": 2,
  "penalizes": -2,
  "penalizing": -2,
  "pensive": -1,
  "perfection": 3,
  "perfects": 2,
  "perpetrated": -2,
  "perpetrator": -2,
  "perpetrators": -2,
  "perplexed": -2,
  "perturbed": -2,
  "pervert": -3,
  "pesky": -2,
  "petrified": -2,
  "pheej hmoo ua": -2,
  "pheej yig": 2,
  "phem": -3,
  "phem heev": -3,
  "phem phem": -3,
  "phem tshaj": -3,
  "phev heev": -3,
  "philanthropy": 2,
  "phim": -2,
  "phimhwj": 3,
  "phobic": -2,
  "phom": -1,
  "phooj ywg": 1,
  "picturesque": 2,
  "pileup": -1,
  "pillage": -2,
  "pique": -2,
  "piqued": -2,
  "piss": -4,
  "pissed": -4,
  "pissing": -3,
  "piteous": -2,
  "pitied": -1,
  "plague": -3,
  "plagued": -3,
  "plaguing": -3,
  "plawv": -2,
  "playful": 2,
  "pleasurable": 3,
  "pleev cov tshuaj": -2,
  "pliaj": -2,
  "plodding": -2,
  "ploj": -1,
  "plua plav paug": -2,
  "pluag": -2,
  "pob": -2,
  "pob tseg": -1,
  "pob zeb diamond": 1,
  "pog": 3,
  "poignant": 2,
  "pointless": -2,
  "poised": -2,
  "poj ntsuam": -1,
  "polished": 2,
  "pollutant": -2,
  "polluter": -2,
  "polluters": -2,
  "pollutes": -2,
  "pom tej kev phem": -2,
  "pom zoo": 1,
  "pom zoo kom": 2,
  "poob": -1,
  "poob dej tuag": -2,
  "poob hauj lwm": -1,
  "poob rau": -2,
  "poob siab": -2,
  "poorer": -2,
  "poorest": -2,
  "possessive": -2,
  "posttraumatic": -2,
  "postpones": -1,
  "postponing": -1,
  "pov tseg": -1,
  "povhaum": 3,
  "powerless": -2,
  "praises": 3,
  "prblm": -2,
  "prblms": -2,
  "predatory": -2,
  "pressured": -2,
  "pretends": -1,
  "prick": -5,
  "privileged": 2,
  "proactive": 2,
  "profit": 2,
  "profiteer": -2,
  "profits": 2,
  "prospect": 1,
  "prospects": 1,
  "protesting": -2,
  "provoked": -1,
  "provokes": -1,
  "provoking": -1,
  "prudence": 2,
  "pseudoscience": -3,
  "psychopathic": -2,
  "puag": 2,
  "puas": -3,
  "puas tau raug ntes": -3,
  "puas tsuaj": -3,
  "puas tsuaj tas lawm": -2,
  "puav pheej": 3,
  "pub": 2,
  "pub dawb": 2,
  "pub mus": -3,
  "punishes": -2,
  "punishing": -2,
  "punitive": -2,
  "purest": 1,
  "puzzled": -2,
  "pw tsev kho mob": -2,
  "qab": 3,
  "qab haus huv": -1,
  "qab ntxiag": 3,
  "qab zib": 2,
  "qaib dib": -5,
  "qaug dej qaug cawv": -2,
  "qaug lus dag": -2,
  "qaug zog": -2,
  "qee": -2,
  "qeeg": -2,
  "qhev": -3,
  "qhia": 1,
  "qhia tsis ncaj": -2,
  "qhov khuam": -2,
  "qhov muag tsis pom": -1,
  "qhov zoo ces": 2,
  "qhuab": -3,
  "qhuas": 3,
  "qia": -3,
  "qia dub": -3,
  "qias": -3,
  "qias neeg": -2,
  "qis tshaj": -1,
  "qog": -2,
  "quab yuam": -2,
  "quaj": -2,
  "quaj qw": -2,
  "quaking": -2,
  "qualities": 2,
  "qub": -2,
  "questionable": -2,
  "questioning": -1,
  "racists": -3,
  "rageful": -2,
  "rant": -3,
  "ranter": -3,
  "ranters": -3,
  "rants": -3,
  "rape": -4,
  "rapist": -4,
  "raptures": 2,
  "rapturous": 4,
  "ratified": 2,
  "rau": -2,
  "rau txim": -2,
  "rau txim rau": -2,
  "raug": -1,
  "raug foob": -2,
  "raug kaw": -2,
  "raug kev txom nyem": -2,
  "raug lead lom": -1,
  "raug mob": -2,
  "raug ntiab tawm": -2,
  "raug rho tawm": -1,
  "raug rho tawm haujlwm": -2,
  "raug tsim txom": -3,
  "raug txim": -2,
  "raug txom nyem": -1,
  "raws li kev coj": -2,
  "reassured": 1,
  "reassures": 1,
  "reassuring": 2,
  "rebels": -2,
  "refines": 1,
  "refreshingly": 2,
  "regretful": -2,
  "regretting": -2,
  "reigning": 1,
  "rejection": -2,
  "rejects": -1,
  "relaxed": 2,
  "relentless": -1,
  "reliant": 2,
  "relieved": 2,
  "relieves": 1,
  "relieving": 2,
  "relishing": 2,
  "repercussion": -2,
  "repercussions": -2,
  "reprimanded": -2,
  "reprimanding": -2,
  "reprimands": -2,
  "Repulse": -1,
  "Repulsed": -2,
  "rescues": 2,
  "resentful": -2,
  "resigned": -1,
  "resigns": -1,
  "resolute": 2,
  "respected": 2,
  "respects": 2,
  "restful": 2,
  "restore": 1,
  "restores": 1,
  "restricting": -2,
  "retard": -2,
  "revengeful": -2,
  "Revered": 2,
  "revive": 2,
  "revives": 2,
  "revolting": -2,
  "rhiab": 2,
  "rho": -1,
  "rhuav tseg": -3,
  "rhuav tshem tsis tau": 2,
  "rhuav txhua": -2,
  "richly": 2,
  "rig": -1,
  "rigged": -1,
  "rightful": 2,
  "rightfully": 2,
  "rigorously": 3,
  "riot": -2,
  "riots": -2,
  "ris hauv qab": -1,
  "riveting": 3,
  "robed": -2,
  "robing": -2,
  "robs": -2,
  "robust": 2,
  "rofl": 4,
  "roflcopter": 4,
  "roflmao": 4,
  "rog": -2,
  "romance": 2,
  "romantical": 2,
  "romantically": 2,
  "rotfl": 4,
  "rotflmfao": 4,
  "rotflol": 4,
  "rov": -1,
  "rov qab los": 1,
  "rua": 2,
  "ruaj": 2,
  "ruaj khov": 2,
  "ruaj ntseg": 2,
  "ruam": -2,
  "ruam kawg": -3,
  "ruam tag": -2,
  "ruamqauj": -2,
  "ruining": -2,
  "ruins": -2,
  "sablos": -2,
  "sabnyhuv": -2,
  "sab sab": -2,
  "sab saum toj": 2,
  "sadly": -2,
  "saib tsis taus": -2,
  "salient": 1,
  "salute": 2,
  "saluted": 2,
  "salutes": 2,
  "sappy": -1,
  "sarcastic": -2,
  "sau yuas": 2,
  "saum": 2,
  "saum ntuj ceeb tsheej": 4,
  "savange": -2,
  "savanges": -2,
  "savings": 1,
  "sawv": 1,
  "scandal": -3,
  "scandals": -3,
  "scapegoat": -2,
  "scapegoats": -2,
  "scare": -2,
  "scary": -2,
  "scornful": -2,
  "screaming": -2,
  "screams": -2,
  "screwed": -2,
  "scum": -3,
  "scumbag": -4,
  "seamless": 2,
  "seamlessly": 2,
  "secures": 2,
  "sedition": -2,
  "seditious": -2,
  "seduced": -1,
  "seeb": -2,
  "selfcontradictory": -2,
  "selfdeluded": -2,
  "selfkev tsim txom": -2,
  "selfntseeg": 2,
  "sentencing": -2,
  "settlements": 1,
  "sexist": -2,
  "sexistic": -2,
  "shamed": -2,
  "shares": 1,
  "shit": -4,
  "shithead": -4,
  "shitty": -3,
  "shocking": -2,
  "shocks": -2,
  "shoody": -2,
  "shrew": -4,
  "siab": -2,
  "siab dawb siab zoo": 3,
  "siab hlob": -2,
  "siab luv": -2,
  "siab phem": -3,
  "siab phem txaus ntshai": -2,
  "siab tawv": 2,
  "siab zoo": 2,
  "siav": -2,
  "sib cav sib ceg": -1,
  "sib foob": -2,
  "sib haum": 2,
  "sib haum xeeb": 2,
  "sib ntaus": -1,
  "sib ntaus sib tua": -2,
  "sib ntsib hawm Vajtswv": 2,
  "sib xeem": -1,
  "sigh": -2,
  "sij hawm": 2,
  "sijhawm": 2,
  "silencing": -1,
  "sim": -1,
  "simplicity": 1,
  "sincere": 2,
  "sincerest": 2,
  "singleminded": -2,
  "sis tshaj": -2,
  "siv": -2,
  "siv ceev xwmphem": -1,
  "siv tau": 1,
  "skeptic": -2,
  "skeptical": -2,
  "skepticism": -2,
  "skeptics": -2,
  "slam": -2,
  "slash": -2,
  "slashed": -2,
  "slashes": -2,
  "slashing": -2,
  "sleeplessness": -2,
  "slick": 2,
  "slicker": 2,
  "slickest": 2,
  "sluggish": -2,
  "slumping": -1,
  "smarter": 2,
  "smartest": 2,
  "smear": -2,
  "smiles": 2,
  "smog": -2,
  "smuggled": -2,
  "smuggles": -2,
  "smuggling": -2,
  "sneaky": -1,
  "sneezed": -2,
  "snub": -2,
  "snubbed": -2,
  "snubbing": -2,
  "snubs": -2,
  "sobering": 1,
  "soj ntsuas ntaub ntawv": -2,
  "solemn": -1,
  "solidarity": 2,
  "solidified": 2,
  "solidifies": 2,
  "solidify": 2,
  "solidifying": 2,
  "solved": 1,
  "somber": -2,
  "soothed": 3,
  "soothing": 3,
  "sophisticated": 2,
  "sov": 1,
  "spam": -2,
  "spammer": -3,
  "spammers": -3,
  "spamming": -2,
  "sparkles": 3,
  "sparkling": 3,
  "spearhead": 2,
  "speculative": -2,
  "spirited": 2,
  "spiritless": -2,
  "splendid": 3,
  "sprightly": 2,
  "squander": -2,
  "squandered": -2,
  "squandering": -2,
  "squanders": -2,
  "squelched": -1,
  "stabbed": -2,
  "stabs": -2,
  "stalled": -2,
  "stalling": -2,
  "Stampede": -2,
  "stank": -2,
  "startling": 3,
  "starved": -2,
  "starves": -2,
  "starving": -2,
  "steals": -2,
  "stereotype": -2,
  "stereotyped": -2,
  "stifled": -1,
  "stimulated": 1,
  "stimulating": 2,
  "stingy": -2,
  "stinked": -2,
  "stinker": -2,
  "stinking": -2,
  "stinks": -2,
  "Stinky": -2,
  "stout": 2,
  "strangled": -2,
  "strengthening": 2,
  "stressor": -2,
  "stressors": -2,
  "stricken": -2,
  "strike": -1,
  "strikers": -2,
  "struggled": -2,
  "struggles": -2,
  "stunning": 4,
  "stupidity": -3,
  "stupidly": -2,
  "suave": 2,
  "subversive": -2,
  "succeeding": 3,
  "sued": -2,
  "sueing": -2,
  "sues": -2,
  "sufferer": -2,
  "sufferers": -2,
  "suffers": -2,
  "suicidal": -2,
  "suicides": -2,
  "suing": -2,
  "suited": 2,
  "sulking": -2,
  "sulky": -2,
  "sullen": -2,
  "super": 3,
  "superb": 5,
  "superior": 2,
  "supporter": 1,
  "survivor": 2,
  "suspecting": -1,
  "suspects": -1,
  "sustainability": 1,
  "sustainable": 2,
  "sustainably": 2,
  "swb": -3,
  "swears": -2,
  "sweeter": 3,
  "sweetest": 3,
  "swift": 2,
  "swindles": -3,
  "swindling": -3,
  "sympathetic": 2,
  "tab kaum": -2,
  "tabkaum": -2,
  "tag kev cia siab": -2,
  "Tag nrho": -2,
  "tag nrho cov": -2,
  "taint": -2,
  "tainted": -2,
  "tard": -2,
  "tarnish": -2,
  "tarnished": -2,
  "tarnishes": -2,
  "tatau yuamkev": -2,
  "tau": 1,
  "tau cem": -3,
  "tau cog lus tseg": 1,
  "tau hais khov kho": 2,
  "tau ntxim hlub": 3,
  "tau zus ib": 2,
  "taug txuj kev nyuaj": 2,
  "taus": -1,
  "tawg": -1,
  "tawg lawm": -2,
  "tawm": -1,
  "tawm tsam": -1,
  "tawv ncauj": -2,
  "teb": 2,
  "teb chaws": -2,
  "teeb meem": -2,
  "teeb meem txhaum cai": -3,
  "teej": -1,
  "teem": 2,
  "tej": -3,
  "tej chaw tej": -1,
  "tej kev txhaum": -2,
  "tej lub": 2,
  "tej yam": 0,
  "tej yam ntuj tso": 1,
  "tej yam txawv": -2,
  "tense": -2,
  "terrifically": 4,
  "terrified": -3,
  "terrorise": -3,
  "terrorized": -3,
  "terrorizes": -3,
  "thab": -3,
  "thab plaub": -2,
  "thaiv": -1,
  "thaiv cov hlab": -1,
  "thaiv thaum": -2,
  "thaj yeeb": 2,
  "thaub qab": 2,
  "thaum muaj xwm ceev": -2,
  "thawv": -2,
  "them": -3,
  "them tsis tau yus tej nqi": -2,
  "thorny": -2,
  "thov": 1,
  "thov txim": -1,
  "thov txim uas": -1,
  "thov Vajtswv": 1,
  "thov zam txim": -1,
  "threatened": -2,
  "threatening": -2,
  "thuam": -2,
  "thuam hais tias": -2,
  "thwart": -2,
  "thwarted": -2,
  "thwarting": -2,
  "thwarts": -2,
  "tiav": 2,
  "timorous": -2,
  "tits": -2,
  "tiv thaiv": -1,
  "tiv thaiv kab mob": 1,
  "tiv thaiv kom txhob": -1,
  "to taub tsis tau": -2,
  "to taub yuam kev": -2,
  "toothless": -2,
  "torturing": -4,
  "tos": -2,
  "tos txais": 1,
  "totalitarian": -2,
  "totalitarianism": -2,
  "touted": -2,
  "touting": -2,
  "touts": -2,
  "tragic": -2,
  "transgress": -2,
  "transgresses": -2,
  "transgressing": -2,
  "travesty": -2,
  "treason": -3,
  "treasonous": -3,
  "treasures": 2,
  "trembling": -2,
  "tremulous": -2,
  "tribute": 2,
  "tricked": -2,
  "triumph": 4,
  "Troll": -2,
  "troubled": -2,
  "troubling": -2,
  "trusts": 1,
  "tsam": -1,
  "tsaub": -3,
  "tsaus muag": -2,
  "tsaus ntuj": -1,
  "tsaus ntuj tshaj plaws": -2,
  "tsausmuag": -3,
  "tsawg": -1,
  "tseem ceeb": 1,
  "tseem muaj sia nyob": 2,
  "tseem qhuas": 2,
  "tseg dawb": 2,
  "tsev": 3,
  "tsev rau txim": -2,
  "tshaib plab": -2,
  "tshav ntuj": 2,
  "tshee": -2,
  "tshem tawm": -1,
  "tshiab": 2,
  "tshuaj": 1,
  "tshuaj lom": -3,
  "tshuam": 1,
  "tshuav ntuav": -3,
  "tshwmsim": 2,
  "tsi": -2,
  "tsim": -3,
  "Tsim los ntawm Woo": 3,
  "tsim nyog": 2,
  "tsim txom": -2,
  "tsis": 2,
  "tsis cia siab": -2,
  "tsis haum": -2,
  "tsis kaj siab": -2,
  "tsis kam": -2,
  "tsis kam muab": -2,
  "tsis kam txais yuav": -1,
  "tsis meej": -1,
  "tsis meej pem": -2,
  "tsis mloog hais": -2,
  "tsis muaj": -2,
  "tsis muaj ab tsi": -2,
  "tsis muaj kev lom zem": -3,
  "tsis muaj nuj nqis": -2,
  "tsis muaj nyiaj": -3,
  "tsis muaj peev xwm": -2,
  "tsis muaj tsev nyob": -2,
  "tsis muaj zog": -2,
  "tsis muaj zog txaus": -2,
  "tsis ncaj": -2,
  "tsis ncaj ncees": -2,
  "tsis ncaj ncees lawm": -2,
  "tsis nco qab": -1,
  "tsis nco qab lawm": -1,
  "tsis ntseeg": -1,
  "tsis nyiam": -2,
  "tsis nyiam kev": -2,
  "tsis paub": -2,
  "tsis paub cai": -2,
  "tsis paub pab": -2,
  "tsis pom kev": 1,
  "tsis pom zoo": -2,
  "tsis quav ntsej": -2,
  "tsis ruaj tsis khov": -2,
  "tsis saib xyuas": -2,
  "tsis sib haum xeeb": -2,
  "tsis sib ntseeg": -3,
  "tsis tiav": -1,
  "tsis to taub kev": -2,
  "tsis tseeb": -2,
  "tsis tshuam": -2,
  "tsis tsim nyog": -2,
  "tsis txaus": -2,
  "tsis txaus siab": -2,
  "tsis txhob": -1,
  "tsis txhob ntas": 2,
  "tsis ua hauj lwm": -2,
  "tsis xav": -2,
  "tsis xis nyob": -2,
  "tsis xws luag": -3,
  "tsis yog neeg": -2,
  "tsis yooj yim": -2,
  "tsis yuav": -2,
  "tsis yws hlo li": -2,
  "tsis zoo": -2,
  "tsis zoo li": -1,
  "tsis zoo siab": -2,
  "tso": -1,
  "tso cai": 2,
  "tso dag tso luag": 2,
  "tso tseg": -2,
  "tso tsis yog": -2,
  "tsom kab tsom kwm": 2,
  "tsoo": -1,
  "tsoob": -4,
  "tsos": 5,
  "tsov rog": -2,
  "tsuas yog": 2,
  "tsum": -1,
  "tsw phem": -2,
  "tswb": -2,
  "tswvyim hais ua dabneeg": -1,
  "tu leeg": -1,
  "tu ncua": -2,
  "tu siab": -2,
  "tu siab heev": -2,
  "tu siab li": -2,
  "tu siab vim": -2,
  "tua": -3,
  "tua neeg": -2,
  "tua tuag": -3,
  "tuag": -3,
  "tub rau ib bitch": -5,
  "tub nkeeg": -1,
  "Tub Ntsuag": -2,
  "tub sab": -2,
  "tub sab tub nyiag": -2,
  "tuition": 1,
  "tus siab zoo": 2,
  "tus tub sab": -2,
  "twat": -5,
  "twj ywm": 2,
  "txaav": -2,
  "txais": -1,
  "txais yuav": 1,
  "txaj muag": -2,
  "txaus": 1,
  "txaus ntshai": -2,
  "txaus nyiam": 2,
  "txaus siab": 3,
  "txaus siab rau": 2,
  "txav": -3,
  "txawj": 2,
  "txawj xav": 2,
  "txawm quaj qw": -2,
  "txawv": -2,
  "txhab": 1,
  "txham": -2,
  "txhaum": -3,
  "txhaum cai": -3,
  "txhaum loj": -3,
  "txhawb": 2,
  "tXHAWB": 2,
  "txhawb cov miv sab": 1,
  "txhawb cov tub ntxhais": 1,
  "txhawb kom cov": 2,
  "txhawj": -3,
  "txhawj xeeb": -2,
  "txhawm chim": -2,
  "txhib": -1,
  "txhim kho": 2,
  "txhim khu kev qha": 2,
  "txhiv": 2,
  "txhob": 3,
  "txhob cuam tshuam": -2,
  "txhoj puab heev": -2,
  "txiaj ntsim": -2,
  "txias": 1,
  "txias khoom": 3,
  "txiav": -1,
  "txiav npluav": -2,
  "txiav txim": 2,
  "txig": 3,
  "txim": -2,
  "Txim": -1,
  "txim taws": 3,
  "txo nqi": -1,
  "txoj": 2,
  "txoj cai": 1,
  "txoj cai coj": 3,
  "txoj kev cawm seej": 2,
  "txoj kev chim siab": -3,
  "txoj kev hlub tshua": 2,
  "txoj kev khuv leej": 2,
  "txoj kev loj hlob": 2,
  "txoj kev mob siab": 2,
  "txoj kev npau taws": -2,
  "txoj kev ntseeg": 1,
  "txoj kev tshav ntuj": 1,
  "txoj kev txhim kho": 2,
  "txoj kev vam meej": 3,
  "txoj kev ywj pheej": 2,
  "txojkev": -2,
  "txojkev hawm": 2,
  "txuag": 2,
  "txug": 1,
  "txuj": 2,
  "txuj ci": 2,
  "txuj ci tseem ceeb": 4,
  "txwj nkawm": 2,
  "txwv": -2,
  "txwv tsis pub": -2,
  "Txwv tsis pub": -1,
  "tyran": -3,
  "tyrannic": -3,
  "tyrannical": -3,
  "tyrannically": -3,
  "tyrans": -3,
  "ua": 2,
  "uaup": -1,
  "ua dag": -1,
  "ua kev zoo siab": 3,
  "ua kom chim siab": -2,
  "ua kom muaj siab": 3,
  "ua kom tiav": 2,
  "ua kom tu siab": -2,
  "ua kom xav tsis thoob": 3,
  "ua kom zoo zoo": 1,
  "ua loj leeb": -2,
  "ua luaj": -3,
  "ua npaws": -2,
  "ua nra hnyav rau": -2,
  "ua nruj ua tsiv": -3,
  "ua nruj ua tsivyam": -3,
  "ua pauj": 2,
  "ua phem": -3,
  "ua phem rau": -2,
  "ua piv txwv": -1,
  "ua qauv qhia": -1,
  "ua saib tsis taus": -2,
  "ua siab loj": 2,
  "ua siab tawv qhawv": 2,
  "ua siab zoo": 3,
  "ua tau txawv txawv": -2,
  "ua tau zoo": 3,
  "ua teeb meem": -1,
  "ua tiav": 2,
  "ua tiav raws li": 2,
  "ua tib zoo": 2,
  "ua tsaug": 2,
  "ua tsis tau tejyam": -2,
  "ua tsis tau zoo": -2,
  "ua txhaum": -2,
  "ua txhaum rau": -2,
  "ua txuj": -1,
  "ua xyem xyav": -1,
  "ua yuam kev": -2,
  "uas muaj feem yuav": -2,
  "uas ploj lawm": -2,
  "uas tsis": -2,
  "uas tsis yogkev pom zoo": -2,
  "ubiquitous": 2,
  "Ugh": -2,
  "ugliness": -3,
  "unappeasable": -2,
  "unapproved": -2,
  "unattractive": -2,
  "unavailing": -2,
  "unaware": -2,
  "unbearable": -2,
  "unbelievable": -1,
  "unconcerned": -2,
  "unconfirmed": -1,
  "unconvinced": -1,
  "uncredited": -1,
  "undecided": -1,
  "underestimate": -1,
  "underestimated": -1,
  "underestimates": -1,
  "underestimating": -1,
  "undermine": -2,
  "undermined": -2,
  "undermining": -2,
  "underperform": -2,
  "underperformed": -2,
  "underperforms": -2,
  "undesirable": -2,
  "unequalled": 2,
  "unethical": -2,
  "uneventful": -2,
  "unfavorable": -2,
  "unfit": -2,
  "unfitted": -2,
  "unfocused": -2,
  "unforgiving": -2,
  "unfulfilled": -2,
  "unfunny": -2,
  "ungenerous": -2,
  "ungrateful": -3,
  "unhygienic": -2,
  "unified": 1,
  "unimaginative": -2,
  "unimpressed": -2,
  "uninspired": -2,
  "uninvolving": -2,
  "united": 1,
  "unlovable": -2,
  "unmatched": 1,
  "unmotivated": -2,
  "unoriginal": -2,
  "unparliamentary": -2,
  "unpleasantness": -2,
  "unprofessional": -2,
  "unravel": 1,
  "unreleting": -2,
  "unresearched": -2,
  "unscientific": -2,
  "unsecured": -2,
  "unsold": -1,
  "unsophisticated": -2,
  "unsound": -2,
  "unstoppable": 2,
  "unsuccessfully": -2,
  "unsupported": -2,
  "untarnished": 2,
  "uplifting": 2,
  "uproar": -3,
  "uptight": -2,
  "usefulness": 2,
  "uselessness": -2,
  "vague": -2,
  "vaj tswv": 1,
  "validate": 1,
  "validated": 1,
  "validates": 1,
  "validating": 1,
  "vam meej": 3,
  "vam thiab cia siab": 2,
  "vapid": -2,
  "verdicts": -1,
  "vested": 1,
  "vexing": -2,
  "vibrant": 3,
  "vicious": -2,
  "victimization": -3,
  "victimize": -3,
  "victimized": -3,
  "victimizes": -3,
  "victimizing": -3,
  "victor": 3,
  "victors": 3,
  "vigor": 3,
  "vile": -3,
  "vindicated": 2,
  "vindicating": 2,
  "virtuous": 2,
  "virulent": -2,
  "visionary": 3,
  "visioning": 1,
  "vitamin": 1,
  "vitriolic": -3,
  "vivacious": 3,
  "vividly": 2,
  "vociferous": -1,
  "vomited": -3,
  "vwm": -2,
  "walkout": -2,
  "walkouts": -2,
  "wanker": -3,
  "warmhearted": 2,
  "warmness": 2,
  "warmth": 2,
  "wavering": -1,
  "weaknesses": -2,
  "wealth": 3,
  "wealthier": 2,
  "weary": -2,
  "weird": -2,
  "whimsical": 1,
  "whitewash": -3,
  "winning": 4,
  "winwin": 3,
  "wits": 2,
  "woebegone": -2,
  "woeful": -3,
  "wonderfully": 4,
  "woohoo": 3,
  "wooo": 4,
  "woow": 4,
  "worrying": -3,
  "worsened": -3,
  "worsens": -3,
  "worthless": -2,
  "wow": 4,
  "wowow": 4,
  "wowww": 4,
  "wrathful": -3,
  "wreck": -2,
  "wrongdoing": -2,
  "wronged": -2,
  "wrongfully": -2,
  "wrongly": -2,
  "WTF": -4,
  "wtff": -4,
  "wtfff": -4,
  "xam khib": -2,
  "xav": 2,
  "xav paub tseeb tias": -1,
  "xav phem cais tsis": -1,
  "xav tau": -1,
  "xav thov ua tsaug": 3,
  "xav tias": -1,
  "xav tias tsam lawv": -3,
  "xav tsis thoob": 2,
  "xav tsis thoob thaum": -2,
  "xav ua kom tau": -3,
  "xeeb": 1,
  "xiab": -3,
  "xis": 2,
  "XO": 3,
  "xoob": -3,
  "xoxo": 3,
  "xoxoxo": 4,
  "xoxoxoxo": 4,
  "xus": 1,
  "xwm txheej": -2,
  "xyab": -2,
  "xyiv fab heev": 4,
  "xyuas": -2,
  "xyuas kom meej": 1,
  "yam": -2,
  "yam koj nyiam": 2,
  "yam raug cai": 1,
  "yam xyuam xim": 1,
  "Yaum": 2,
  "yaus poob deb tuag": -2,
  "yawm": 2,
  "yeah": 1,
  "yeeb ncuab": -1,
  "yeees": 2,
  "yeej": 4,
  "Yeej": 3,
  "yees": 2,
  "yog": 1,
  "yog toog pom": 1,
  "yooj yim": 1,
  "yuam": 1,
  "yuam cai": -2,
  "yuam kev": -2,
  "yuav": 2,
  "yuav sawv ntsug": -3,
  "yuav pab tau": 2,
  "yuav tsum tau": -1,
  "yucky": -2,
  "yummy": 3,
  "yus tua yus": -2,
  "yws": -2,
  "zag": -3,
  "zais": -2,
  "zam": -1,
  "zam txim": 1,
  "zam txim rau": 1,
  "zam txim tsis tau": -3,
  "zawm": -2,
  "zawm caj pas": -2,
  "zealot": -2,
  "zealots": -2,
  "zealous": 2,
  "zibntab": -2,
  "zim zuag": -2,
  "zog": 2,
  "zoo": 3,
  "zoochampioned": 3,
  "zoogroomed": 2,
  "zooproportioned": 2,
  "zooteem": 2,
  "zootsim": 2,
  "zoo heev": 4,
  "zoo kawg li": 4,
  "zoo kawg nkaus": 4,
  "zoo li": 2,
  "zoo meej": 3,
  "zoo nkauj": 1,
  "zoo nkaus li": 1,
  "zoo nraug": 3,
  "zoo ntawm": 0,
  "zoo ntxim nyiam kawg": 3,
  "zoo siab": 4,
  "zoo siab hlo": 2,
  "zoo siab tshaj plaws": 3,
  "zoo siab txais tos": 2,
  "Zoo siab txais tos": 2,
  "zoo siab xyiv fab": 3,
  "zoo tag nrho": 2,
  "zoo tshaj plaws": 3,
  "zoo tshaj plaws damn": 4,
  "zuj": -1,
  "zuj zus": -3
}