{
  "acquits": 2,
  "acquitting": 2,
  "adopts": 1,
  "adores": 3,
  "adoringly": 3,
  "affectionateness": 3,
  "affronted": -1,
  "aggravates": -2,
  "agonises": -3,
  "agonizes": -3,
  "alarmists": -2,
  "amazes": 2,
  "Angers": -3,
  "apeshit": -3,
  "appeases": 2,
  "arsehole": -4,
  "assfucking": -4,
  "astounds": 3,
  "Avenged": -2,
  "averts": -1,
  "axed": -1,
  "bailout": -2,
  "bamboozled": -2,
  "bamboozles": -2,
  "bankster": -3,
  "bereaving": -2,
  "blackmails": -3,
  "blah": -2,
  "cashing ใน": -2,
  "charmless": -3,
  "chides": -3,
  "chiding": -3,
  "cocksucker": -5,
  "cocksuckers": -5,
  "collides": -1,
  "Commended": 2,
  "conciliated": 2,
  "conciliates": 2,
  "conciliating": 2,
  "conflictive": -2,
  "consolable": 2,
  "contagions": -2,
  "corrupts": -3,
  "crazier": -2,
  "craziest": -2,
  "criminate": -3,
  "criminated": -3,
  "criminates": -3,
  "cutback": -2,
  "Damnit": -4,
  "degrades": -2,
  "dehumanize": -2,
  "dehumanized": -2,
  "dehumanizes": -2,
  "dejecting": -2,
  "dejects": -2,
  "delighting": 3,
  "demoralizes": -2,
  "deplores": -3,
  "deporting": -2,
  "deports": -2,
  "derides": -2,
  "detracts": -1,
  "devastations": -2,
  "DICKHEAD": -4,
  "dilligence": 2,
  "dipshit": -3,
  "disconsolation": -2,
  "disguising": -1,
  "disgustful": -3,
  "disparages": -2,
  "disrespected": -2,
  "distracts": -2,
  "dithering": -2,
  "Douchebag": -3,
  "dupery": -2,
  "enslaves": -2,
  "ErrorUndefined": -3,
  "evergreening": -3,
  "exasparate": -2,
  "exasperates": -2,
  "exhilarates": 3,
  "exonerating": 2,
  "expels": -2,
  "exultantly": 3,
  "fabulously": 4,
  "fascinates": 3,
  "felonies": -3,
  "flops": -2,
  "fraudsters": -4,
  "frikin": -2,
  "FTW": 3,
  "fuckers": -4,
  "fuckface": -4,
  "fuckhead": -4,
  "fuckin": -4,
  "fucktard": -4,
  "FUD": -3,
  "fuked": -4,
  "fuking": -4,
  "Goddamn": -3,
  "Goodmorning": 1,
  "goofiness": -2,
  "Gr8": 3,
  "greenwash": -3,
  "greenwasher": -3,
  "greenwashers": -3,
  "hahahah": 3,
  "hardier": 2,
  "heavyhearted": -2,
  "Humerous": 3,
  "impairing": -2,
  "impeachments": -3,
  "impedingly": -2,
  "incensing": -2,
  "indoctrinates": -2,
  "inediable": -2,
  "infantilized": -2,
  "infests": -2,
  "inflicts": -2,
  "infract": -2,
  "infracted": -2,
  "infracting": -2,
  "infracts": -2,
  "infuriates": -2,
  "intransigency": -2,
  "jackasses": -4,
  "lagged": -2,
  "laughting": 1,
  "lawl": 3,
  "likers": 2,
  "LMAO": 4,
  "LMFAO": 4,
  "lobbyists": -2,
  "Lolol": 4,
  "lololol": 4,
  "lolololol": 4,
  "lool": 3,
  "looming": -1,
  "looms": -1,
  "loool": 3,
  "looool": 3,
  "looses": -3,
  "lovelies": 3,
  "maladaption": -2,
  "maldevelopment": -2,
  "Memoriam": -2,
  "messed": -2,
  "messing up": -2,
  "misbranding": -3,
  "misclassifies": -2,
  "misclassify": -2,
  "misconducted": -2,
  "misconducting": -2,
  "misleaded": -3,
  "misplaces": -2,
  "mispricing": -3,
  "misreport": -2,
  "misreported": -2,
  "misreporting": -2,
  "Misreports": -2,
  "misused": -2,
  "misuses": -2,
  "mocks": -2,
  "mongering": -2,
  "monopolizes": -2,
  "motherfucking": -5,
  "mumpish": -2,
  "n00b": -2,
  "Noob": -2,
  "OKS": 2,
  "optionless": -2,
  "ostracizes": -2,
  "outmaneuvered": -2,
  "overreact": -2,
  "overreacting": -2,
  "overreacts": -2,
  "oversell": -2,
  "overselling": -2,
  "oversells": -2,
  "oversimplifies": -2,
  "oversimplify": -2,
  "oversold": -2,
  "overstatements": -2,
  "pardoning": 2,
  "penalizes": -2,
  "perfects": 2,
  "Pissing": -3,
  "prblm": -2,
  "prblms": -2,
  "prosecutes": -1,
  "pseudoscience": -3,
  "racists": -3,
  "rageful": -2,
  "ranter": -3,
  "ranters": -3,
  "raptures": 2,
  "reassures": 1,
  "relishing": 2,
  "robing": -2,
  "Robs": -2,
  "ROFL": 4,
  "roflcopter": 4,
  "ROFLMAO": 4,
  "romantical": 2,
  "ROTFL": 4,
  "rotflmfao": 4,
  "rotflol": 4,
  "savange": -2,
  "savanges": -2,
  "sexistic": -2,
  "shithead": -4,
  "shoody": -2,
  "singleminded": -2,
  "slickest": 2,
  "smuggles": -2,
  "squandered": -2,
  "squelched": -1,
  "starves": -2,
  "stinked": -2,
  "sueing": -2,
  "Sues": -2,
  "sulking": -2,
  "twat": -5,
  "Tyran": -3,
  "tyrannic": -3,
  "tyrannically": -3,
  "tyrans": -3,
  "unappeasable": -2,
  "uncredited": -1,
  "underperformed": -2,
  "unfitted": -2,
  "uninvolving": -2,
  "unreleting": -2,
  "unresearched": -2,
  "upsetting": -2,
  "victimizes": -3,
  "vindicates": 2,
  "walkouts": -2,
  "winwin": 3,
  "wooo": 4,
  "WOWOW": 4,
  "wowww": 4,
  "WTF": -4,
  "wtff": -4,
  "wtfff": -4,
  "XO": 3,
  "xoxo": 3,
  "xoxoxo": 4,
  "XOXOXOXO": 4,
  "yeees": 2,
  "เก๋": 2,
  "เกเร": -2,
  "เก็บรักษาไว้": -1,
  "เกรงกลัว": -2,
  "เกลียด": -3,
  "เกลียดชัง": -3,
  "เกิดการระคายเคือง": -3,
  "เกิดความเครียด": -2,
  "เกินความจริง": -2,
  "เกินพิกัด": -1,
  "เกียรติ": 2,
  "เกี่ยวกับโรคจิต": -2,
  "เกี่ยวกับการฆาตกรรม": -3,
  "เกี่ยวกับการดำเนินคดี": -2,
  "เกี่ยวกับการพิจารณา": -2,
  "เกี่ยวกับความตาย": -2,
  "เกี่ยวกับความรุนแรง": -3,
  "เกี่ยวกับบาดแผล": -3,
  "เกี่ยวข้อง": -2,
  "เข็ญใจ": -3,
  "เข้มข้น": 1,
  "เข้มงวด": 3,
  "เข้าใจผิด": -2,
  "เข้าใจยาก": -2,
  "เขียวตลอดปี": 2,
  "เคร่งขรึม": -1,
  "เคร่งครัด": 3,
  "เคราะห์ร้าย": -2,
  "เครียด": -2,
  "เครื่องยับยั้ง": -2,
  "เคลียร์": 1,
  "เคารพ": 2,
  "เงินออม": 1,
  "เงินอุดหนุน": 1,
  "เงียบสงบ": 2,
  "เจ็บ": -2,
  "เจ็บใจ": -1,
  "เจ็บปวด": -2,
  "เจ็บป่วย": -2,
  "เจริญเติบโต": -2,
  "เจริญงอกงาม": 4,
  "เจ้าอารมณ์": -1,
  "เจาะ": -2,
  "เฉือน": -2,
  "เช้งวับ": 3,
  "เชซาพีก": -2,
  "เชิงรุก": 2,
  "เชิงลบ": -2,
  "เชิญ": 1,
  "เชี่ย": -3,
  "เชียร์": 2,
  "เซ็กซี่": 3,
  "เซ็นเซอร์": -2,
  "เซ่อ": -2,
  "เซื่องซึม": -1,
  "เด็กอมมือ": -2,
  "เดชะบุญ": 3,
  "เด็ดเดี่ยว": 2,
  "เด่น": 1,
  "เดินออกไป": -2,
  "เต็มไปด้วยโคลน": -2,
  "เต็มกอบเต็มกำ": 2,
  "เต็มตา": 2,
  "เตรียมพร้อม": 1,
  "เติมเต็ม": 2,
  "เตือน": -2,
  "เตือนภัย": -1,
  "เท็จ": -1,
  "เทวศ": -3,
  "เทศกาล": 2,
  "เทียม": -3,
  "เธซเน": 3,
  "เนรเทศ": -2,
  "เนรเทศออกนอกประเทศ": -2,
  "เนรคุณ": -3,
  "เน่าเสีย": -3,
  "เนียน": 2,
  "เนื้องอก": -2,
  "เบาสมอง": 1,
  "เบียดเสียด": -1,
  "เบื่อ": -2,
  "เบื่อหน่าย": -3,
  "เป็นเอะอะ": -2,
  "เป็นโรคติดต่อ": -1,
  "เป็นโรคฮิสทีเรีย": -3,
  "เป็นการปลุกระดม": -2,
  "เป็นการลงโทษ": -2,
  "เป็นควัน": -2,
  "เป็นชีวิตจิตใจ": 2,
  "เป็นที่ชอบใจ": 3,
  "เป็นที่ชื่นชอบ": 2,
  "เป็นที่นิยม": 3,
  "เป็นที่พึงปรารถนา": 2,
  "เป็นที่ยอมรับ": 2,
  "เป็นทุกข์": -2,
  "เป็นประโยชน์": 2,
  "เป็นผู้ใหญ่": 2,
  "เป็นพิษ": -3,
  "เป็นภัยพิบัติ": -4,
  "เป็นม่าย": -1,
  "เป็นมิตร": 2,
  "เป็นมิตรกับสิ่งแวดล้อม": 2,
  "เป็นร่วมเพศ": -4,
  "เป็นลางไม่ดี": 3,
  "เป็นศัตรูกัน": -2,
  "เป็นสุข": 3,
  "เป็นอมตะ": 2,
  "เป็นอันตราย": -3,
  "เปรมปรีดิ์": 4,
  "เปล่าเปลี่ยว": -2,
  "เปลี่ยนเกม": 3,
  "เปลือก": -2,
  "เปิดเผย": -1,
  "เปิดตัว": 1,
  "เปิ่น": -3,
  "เปียก": -2,
  "เผด็จการ": -3,
  "เพชร": 1,
  "เพลิดเพลิน": 2,
  "เพลิดเพลินกับ": 2,
  "เพศสัมพันธ์": -4,
  "เพิ่ม": 1,
  "เพิ่มขีดความสามารถ": 2,
  "เพิ่มขึ้น": 1,
  "เพียงพอ": 1,
  "เพื่อน": 1,
  "เพื่อนสนิท": -2,
  "เมตตา": 2,
  "เมา": -2,
  "เมาขึ้น": -3,
  "เย็น": 1,
  "เย้ยหยัน": -2,
  "เยาะเย้ย": -2,
  "เยี่ยมยอด": 4,
  "เร่าร้อน": 2,
  "เริงร่า": 2,
  "เรียกเก็บ": -1,
  "เรียกร้อง": -1,
  "เรียบร้อย": -2,
  "เรื่อง": 1,
  "เรื่องไร้สาระ": -2,
  "เรื่องตลก": -1,
  "เรื่องอื้อฉาว": -3,
  "เรือธง": 2,
  "เลวทราม": -3,
  "เลวร้าย": -2,
  "เลวลง": -3,
  "เลอะเทอะ": -2,
  "เลือดเย็น": -3,
  "เลือดตาแทบกระเด็น": -1,
  "เลื่อน": -1,
  "เลื่อนเวลา": -1,
  "เลื่อนลอย": -2,
  "เลื่อนออกไป": -1,
  "เวนเจอร์ส": -2,
  "เวรตะไล": -5,
  "เวียน": -2,
  "เศร้า": -3,
  "เศร้าโศก": -2,
  "เศร้าใจ": -2,
  "เศร้าซึม": -3,
  "เศร้าสลด": -2,
  "เศร้าหมอง": -2,
  "เสกสรร": -1,
  "เส็งเคร็ง": -3,
  "เส้นประสาท": -1,
  "เสน่ห์": 2,
  "เสริมสร้าง": 2,
  "เสริมสร้างความเข้มแข็ง": 2,
  "เสรีภาพ": 2,
  "เสีย": -2,
  "เสียเปรียบ": -2,
  "เสียใจ": -2,
  "เสี่ยง": -2,
  "เสียงเดียว": -1,
  "เสียงไชโยโห่ร้อง": 2,
  "เสียงกรีดร้อง": -2,
  "เสียงดังปัง": -2,
  "เสียงร้อง": -2,
  "เสียงสวด": -2,
  "เสี่ยงอันตราย": -3,
  "เสียชีวิต": -3,
  "เสียดาย": -3,
  "เสื้อกันฝน": 2,
  "เสื้อคลุม": -2,
  "เสื่อม": -2,
  "เสื่อมโทรม": -2,
  "เสื่อมลง": -2,
  "เหงา": -2,
  "เหตุ": -2,
  "เห็นแก่ตัว": -3,
  "เห็นได้ชัด": 2,
  "เห็นความแตกต่าง": -2,
  "เหนอะ": -3,
  "เหนือกว่า": 2,
  "เหนื่อย": -2,
  "เหม็น": -3,
  "เหมาะ": 2,
  "เหมาะสม": 2,
  "เหยียดหยัน": -2,
  "เหยียดหยาม": -2,
  "เหยียบย่ำ": -2,
  "เหยื่อ": -3,
  "เหรียญ": 3,
  "เหลือเชื่อ": 4,
  "เหลือใช้": -1,
  "เหลือทน": -2,
  "เหี้ย": -3,
  "เหี้ยมหาญ": 2,
  "เอร็ดอร่อย": 3,
  "เอาเปรียบ": -2,
  "เอาใจ": 2,
  "เอาออก": -1,
  "เฮฮา": 2,
  "แก้": 1,
  "แก้แค้น": -2,
  "แก้ไข": 2,
  "แก็ก": -2,
  "แก้ตัว": 2,
  "แกล้งทำ": -3,
  "แข็ง": 2,
  "แข็งแกร่ง": 2,
  "แข็งแรง": 2,
  "แข็งค่าขึ้น": 2,
  "แข็งตัว": 2,
  "แขวน": -1,
  "แง่ดี": 2,
  "แง่ร้าย": -2,
  "แจ้งข้อมูลเท็จ": -2,
  "แชมเปียน": 2,
  "แชมป์": 2,
  "แดกดัน": -1,
  "แดด": 2,
  "แตก": -1,
  "แตกเป็นเสี่ยง ๆ": -2,
  "แตกตื่น": -2,
  "แตกหัก": 1,
  "แถวหน้า": 1,
  "แทง": -2,
  "แทรกซ้อน": -2,
  "แน่นอน": 2,
  "แนบเนียน": 2,
  "แน่วแน่": 2,
  "แนะนำ": 2,
  "แบ่ง": -2,
  "แบบกดขี่": -2,
  "แบล็กเมล์": -3,
  "แปลก": -2,
  "แปลกประหลาด": -2,
  "แผงลอย": -2,
  "แผลเป็น": -2,
  "แผ่ออกไป": 2,
  "แฝงตัว": -1,
  "แพ้": -2,
  "แพง": -2,
  "แพร่หลาย": 2,
  "แพะรับบาป": -2,
  "แฟชั่น": -2,
  "แฟน": 3,
  "แยก": -1,
  "แยกแยะ": -2,
  "แย้งกันอยู่ในตัว": -2,
  "แย่ที่สุด": -3,
  "แย่ลง": -3,
  "แรงกดดัน": -2,
  "แรงกระแทก": -2,
  "แรงกล้า": 2,
  "แรงจูงใจ": 1,
  "แรงบันดาลใจ": 2,
  "แรงสั่นสะเทือน": -2,
  "แลก": 2,
  "แสดงออก": -2,
  "แหยะ": -2,
  "แหลมคม": -3,
  "แห้ว": -2,
  "แหวกแนว": 1,
  "แอบอ้าง": -2,
  "แอ่ว": 3,
  "แฮ็ก": -1,
  "โกง": -3,
  "โกรธ": -2,
  "โกหก": -2,
  "โง่": -3,
  "โจมตี": -2,
  "โชค": 3,
  "โชคดี": 2,
  "โชคร้าย": -2,
  "โชคลาภ": 2,
  "โด่งดัง": 3,
  "โดดเด่น": 5,
  "โดยไม่ตั้งใจ": -2,
  "โดยการสนับสนุน": 2,
  "โดยชอบธรรม": 2,
  "โดยธรรมชาติ": 1,
  "โดยบังเอิญ": -2,
  "โดยมิชอบ": -2,
  "โต้แย้ง": -2,
  "โทรม": -2,
  "โทษ": -2,
  "โน้มน้าว": -2,
  "โน้มน้าวใจ": 1,
  "โปเก": -2,
  "โปรดปราน": 2,
  "โพ้นทะเล": 2,
  "โพสต์บาดแผล": -2,
  "โมโห": -3,
  "โม่ง": -2,
  "โรแมนติก": 2,
  "โรค": -1,
  "โรคจิต": -3,
  "โรคนอนไม่หลับ": -2,
  "โรคภัยไข้เจ็บ": -2,
  "โรคมะเร็ง": -1,
  "โล่งใจ": 2,
  "โลดโผน": 2,
  "โลภ": -3,
  "โวย": -2,
  "โศกเศร้า": -2,
  "โศกนาฎกรรม": -2,
  "โศกนาฏกรรม": -2,
  "โหดร้าย": -3,
  "โอกาส": 2,
  "โอบกอด": 1,
  "โอฬาร": -1,
  "ใกล้ตาย": -3,
  "ใจแคบ": -2,
  "ใจกว้าง": 2,
  "ใจง่าย": -2,
  "ใจดี": 3,
  "ใจบุญ": 2,
  "ใจร้อน": -2,
  "ใจร้าย": -2,
  "ใช่": 1,
  "ใช้งานไม่ได้": -1,
  "ใช้จ่ายสุรุ่ยสุร่าย": -2,
  "ใช้ประโยชน์": -2,
  "ในแง่ดี": 2,
  "ในแง่ร้าย": -2,
  "ในทางบวก": 2,
  "ในราคาสุดพิเศษ": -1,
  "ใส่ใจ": -2,
  "ใส่ผิดที่": -2,
  "ให้กำลังใจ": 2,
  "ใหญ่": 1,
  "ให้ศีลให้พร": 3,
  "ให้สินบน": -3,
  "ให้อภัย": 2,
  "ให้อำนาจ": 2,
  "ไก่": -5,
  "ไก่ชน": -2,
  "ไข้": -2,
  "ไข้หวัดใหญ่": -2,
  "ไชโย": 2,
  "ได้เปรียบ": 2,
  "ได้แรงบันดาลใจ": 2,
  "ได้รับ": 2,
  "ได้รับการคัดเลือก": 1,
  "ได้รับการต้อนรับ": 1,
  "ได้รับการยกเว้น": 2,
  "ได้รับการยอมรับ": 1,
  "ได้รับการรับรอง": 2,
  "ได้รับการสนับสนุน": -2,
  "ได้รับการอนุมัติ": 2,
  "ได้รับความเดือดร้อน": -2,
  "ได้รับความเสียหาย": -3,
  "ได้รับบาดเจ็บ": -2,
  "ได้รับประโยชน์": 2,
  "ได้รับผล": -1,
  "ได้รับรางวัล": 2,
  "ได้รับอันตราย": -2,
  "ได้อย่างลงตัว": 2,
  "ไฟ": -2,
  "ไม่": -1,
  "ไม่เกรงใจ": -2,
  "ไม่เชื่อ": -2,
  "ไม่เด็ดขาด": -2,
  "ไม่เท่ากัน": -1,
  "ไม่เป็นของจริง": -1,
  "ไม่เป็นที่พอใจ": -2,
  "ไม่เป็นประโยชน์": -2,
  "ไม่เป็นมิตร": -2,
  "ไม่เป็นมูล": -2,
  "ไม่เป็นระเบียบ": -2,
  "ไม่เป็นอาชีพ": -2,
  "ไม่เพียงพอ": -2,
  "ไม่เห็นแก่ตัว": 2,
  "ไม่เห็นด้วย": -2,
  "ไม่เหมาะ": -2,
  "ไม่เหมาะสม": -2,
  "ไม่แข็งแรง": -2,
  "ไม่แน่": -1,
  "ไม่แน่ใจ": -1,
  "ไม่แน่นอน": -2,
  "ไม่แยแส": -2,
  "ไม่ได้ผล": -2,
  "ไม่ได้รับอนุมัติ": -2,
  "ไม่ไว้วางใจ": -3,
  "ไม่คู่ควร": -2,
  "ไม่จริง": -2,
  "ไม่ชอบ": -2,
  "ไม่ชอบมาพากล": -1,
  "ไม่ดี": -2,
  "ไม่ต่อเนื่องกัน": -2,
  "ไม่ติด": -2,
  "ไม่ถูกใจ": -2,
  "ไม่ถูกต้อง": -2,
  "ไม่ถูกต้องตามระเบียบรัฐสภา": -2,
  "ไม่ถูกอนามัย": -2,
  "ไม่ทราบ": -2,
  "ไม่ทำงาน": -3,
  "ไม่ทำงาน, ไม่เป็นผล": -3,
  "ไม่น่ารัก": -2,
  "ไม่น่าสนใจ": -2,
  "ไม่ประสบความสำเร็จ": -2,
  "ไม่ปลอดภัย": -2,
  "ไม่ปะติดปะต่อ": -2,
  "ไม่ผ่านการอนุมัติ": -2,
  "ไม่พอใจ": -2,
  "ไม่พึงปรารถนา": -2,
  "ไม่มั่นใจ": -1,
  "ไม่มั่นคง": -2,
  "ไม่มี": -2,
  "ไม่มีเหตุผล": -1,
  "ไม่มีใครรัก": -2,
  "ไม่มีการยืนยัน": -1,
  "ไม่มีความคิด": -2,
  "ไม่มีความสุข": -2,
  "ไม่มีความหมาย": -2,
  "ไม่มีจุดหมาย": -2,
  "ไม่มีชีวิตชีวา": -1,
  "ไม่มีที่เปรียบ": 2,
  "ไม่มีที่ติ": 2,
  "ไม่มีที่พึ่ง": -2,
  "ไม่มีที่อยู่อาศัย": -2,
  "ไม่มีปฏิภาณ": -2,
  "ไม่มีประสิทธิภาพ": -2,
  "ไม่มีมีฟัน": -2,
  "ไม่มีรอยต่อ": 2,
  "ไม่มีหลัก": -2,
  "ไม่มีอคติ": 2,
  "ไม่มีอำนาจ": -2,
  "ไม่ยอมให้": -3,
  "ไม่ยอมให้อภัย": -2,
  "ไม่ยุติธรรม": -2,
  "ไม่รวม": -1,
  "ไม่รู้": -2,
  "ไม่รู้เรื่องรู้ราว": -2,
  "ไม่รู้สึก": -2,
  "ไม่รู้สึกประทับใจ": -2,
  "ไม่สนใจ": -1,
  "ไม่สนุก": -3,
  "ไม่สนุกสนาน": -2,
  "ไม่สบาย": -2,
  "ไม่สบายใจ": -2,
  "ไม่สมควร": -2,
  "ไม่สมบูรณ์": -2,
  "ไม่สมส่วน": -2,
  "ไม่สะดวก": -2,
  "ไม่สามารถ": -2,
  "ไม่สามารถแก้ไขได้": -2,
  "ไม่สำเร็จ": -2,
  "ไม่สุจริต": -2,
  "ไม่หมอง": 2,
  "ไม่หยุดหย่อน": -2,
  "ไม่อนุมัติ": -2,
  "ไร้เดียงสา": -2,
  "ไร้เหตุผล": -2,
  "ไร้ความสามารถ": -2,
  "ไร้ค่า": -2,
  "ไร้ประโยชน์": -2,
  "ไร้ผล": -2,
  "ไร้สาระ": -3,
  "ไร้อำนาจ": -2,
  "ไล่ล่า": -2,
  "ไล่ออก": -2,
  "ไล่ออกจากโรงเรียน": -2,
  "ไว้ใจ": 1,
  "ไว้ใจไม่ได้": -2,
  "ไห้": -2,
  "ไอ้": -4,
  "ไฮไลท์": 2,
  "ก็ไว้ทุกข์": -2,
  "กดขี่": -2,
  "กดดัน": -2,
  "กตัญญู": 2,
  "กบฏ": -2,
  "กรณีฉุกเฉิน": -2,
  "กระเจิดกระเจิง": -1,
  "กระเจี๊ยว": -4,
  "กระจัดกระจาย": -2,
  "กระดากอาย": -2,
  "กระด้าง": -1,
  "กระตือรือร้น": 3,
  "กระตุ้น": 1,
  "กระตุ้นให้เกิดการ": 2,
  "กระทง": -2,
  "กระทบ": -2,
  "กระทำความผิด": -2,
  "กระทำผิด": -2,
  "กระปรี้กระเปร่า": 2,
  "กระวนกระวาย": -2,
  "กระวนกระวายใจ": -2,
  "กระสับกระส่าย": -2,
  "กระหายเลือด": -3,
  "กราดเกรี้ยว": -2,
  "กรีดร้อง": -2,
  "กรุณา": 1,
  "กลโกง": -3,
  "กลวง": -1,
  "กล่อม": -2,
  "กลัดกลุ้ม": -2,
  "กลั่น": 1,
  "กลั้น": -1,
  "กลั่นแกล้ง": -2,
  "กลับไม่ได้": -1,
  "กลัว": -2,
  "กล้า": 2,
  "กล้าได้กล้าเสีย": 1,
  "กลายเป็นหิน": -2,
  "กล่าวโทษ": -2,
  "กล่าวหาว่า": -2,
  "กล้าหาญ": 2,
  "กล้าหาญชาญชัย": 3,
  "กลิ่นเหม็น": -2,
  "กลิ่นอาย": 1,
  "กลุ่ม": -1,
  "กลุ่มเป้าหมาย": 1,
  "กลุ้มใจ": -2,
  "กวนใจ": -2,
  "กว้างขวาง": 1,
  "ก่อให้เกิดความ": -2,
  "ก่อให้เกิดมลพิษ": -2,
  "กอง": -1,
  "กองเชียร์": 2,
  "กอด": 2,
  "ก่อมลพิษ": -2,
  "กะเทย": -3,
  "กะพร่องกะแพร่ง": -2,
  "กังวล": -3,
  "กัดกร่อนมาก": -3,
  "กับดัก": -1,
  "กาย": 3,
  "การ จำกัด": -2,
  "การเกิดอุบัติเหตุ": -2,
  "การเงียบ": 2,
  "การเจ็บป่วย": -2,
  "การเจรจาข้อพิพาท": -1,
  "การเจริญเติบโต": 2,
  "การเต้น": -1,
  "การเตือน": -3,
  "การเนรเทศ": -2,
  "การเบิกความเท็จ": -3,
  "การเปิดเผย": -1,
  "การเรียกเก็บเงิน": -3,
  "การเรียกคืน": 1,
  "การเลวลง": -3,
  "การเลียนแบบ": -2,
  "การเลือกปฏิบัติ": -2,
  "การเลื่อนตำแหน่ง": 1,
  "การเสียชีวิต": -2,
  "การเหยียดหยาม": -3,
  "การแก้": 1,
  "การแก้ไข": 2,
  "การแก้ปัญหา": 1,
  "การแข่งขัน": 2,
  "การแพร่กระจาย": -2,
  "การแสดงความยินดี": 2,
  "การโกง": -3,
  "การโฆษณาชวนเชื่อ": -2,
  "การโจมตี": -1,
  "การโหยหา": 1,
  "การโอนเงิน": -2,
  "การใช้กลอุบาย": -2,
  "การใช้จ่ายสุรุ่ยสุร่าย": -2,
  "การใช้ประโยชน์จาก": -2,
  "การใส่ผิดที่": -2,
  "การให้กำลังใจ": 2,
  "การให้อภัย": 2,
  "การได้รับเกียรติ": 2,
  "การไม่คำนึงถึง": -2,
  "การไม่รู้หนังสือ": -2,
  "การไร้ความสามารถ": -2,
  "การไว้ทุกข์": -2,
  "การกดขี่": -2,
  "การกบฏ": -3,
  "การกระทำ": 1,
  "การกระทำผิด": -2,
  "การกระทำผิดกฎหมาย": -2,
  "การกล่าวหา": -2,
  "การก่อวินาศกรรม": -2,
  "การกักกัน": -2,
  "การกีดกัน": -3,
  "การขโมย": -2,
  "การข่มขู่": -2,
  "การขัดขวาง": -2,
  "การขับไล่": -1,
  "การขาดดุล": -2,
  "การขี้ร้องไห้": -3,
  "การควบคุม": -1,
  "การคว่ำบาตร": -2,
  "การคุกคาม": -2,
  "การคุยโว": -2,
  "การฆาตกรรม": -3,
  "การฆ่าตัวตาย": -2,
  "การจลาจล": -2,
  "การจัดการ": -1,
  "การจัดการกับ": -1,
  "การจับกุม": -2,
  "การจำคุก": -2,
  "การจูงใจ": 2,
  "การฉ้อโกง": -3,
  "การฉ้อฉล": -3,
  "การชนกัน": -2,
  "การชนะ": 4,
  "การช่วยเหลือ": 2,
  "การชะลอ": -1,
  "การซ่อน": -1,
  "การซักถาม": -1,
  "การด้อยค่า": -2,
  "การดำเนินคดี": -1,
  "การดิ้นรน": -2,
  "การดื้อแพ่ง": -2,
  "การดุว่า": -2,
  "การดูแล": 2,
  "การดูถูก": -2,
  "การดูหมิ่น": -2,
  "การตรวจสอบ": 1,
  "การต่อสู้": -2,
  "การต่อสู้ฟาดฟัน": -1,
  "การตั้งถิ่นฐาน": 1,
  "การตัดทอน": -2,
  "การตัดสิน": -2,
  "การตัดสินใจ": 2,
  "การติดเชื้อ": -2,
  "การถกเถียง": -2,
  "การถอนตัว": -3,
  "การทรมาน": -2,
  "การทรยศ": -3,
  "การทะเลาะวิวาท": -2,
  "การทำให้เจ็บ": -2,
  "การทำให้เป็นเหยื่อ": -3,
  "การทำให้เสียหาย": -2,
  "การทำให้แตกแยก": -2,
  "การทำท่า": -1,
  "การทำบุญ": 2,
  "การทำลาย": -3,
  "การทำลายของ": -2,
  "การทำลายล้าง": -2,
  "การทิ้ง": -1,
  "การนอนไม่หลับ": -2,
  "การนัดหยุดงาน": -1,
  "การบรรทุก": -2,
  "การบรรลุเป้าหมาย": 2,
  "การบริจาค": 2,
  "การบังคับ": -2,
  "การบาดเจ็บ": -3,
  "การบิดเบือนความจริง": -2,
  "การบีบบังคับ": -2,
  "การบุกรุก": -1,
  "การบูชาตัวเอง": -2,
  "การบูรณะ": 1,
  "การปฏิเสธ": -2,
  "การปนเปื้อน": -2,
  "การปรบมือ": 2,
  "การประชด": -1,
  "การประท้วง": -2,
  "การประพฤติผิด": -2,
  "การปรับปรุง": 2,
  "การปลุกระดม": -2,
  "การป้องกัน": -1,
  "การปะทะกัน": -2,
  "การปิดกั้น": -1,
  "การปิดล้อม": -2,
  "การผจญภัย": 2,
  "การพัฒนาที่ดี": 2,
  "การพัฒนาอย่างยั่งยืน": 1,
  "การพิพากษาวางโทษ": -2,
  "การฟ้องร้อง": -1,
  "การยกย่อง": 3,
  "การยอมรับ": 1,
  "การยึด": -2,
  "การรบกวน": -3,
  "การร้องเรียน": -2,
  "การระคายเคือง": -3,
  "การระงับ": -2,
  "การระบาดของโรค": -2,
  "การระบายน้ำ": -2,
  "การรับรอง": 2,
  "การรุกราน": -2,
  "การลงโทษ": -2,
  "การลงทัณฑ์": -2,
  "การล้มละลาย": -3,
  "การล่วงละเมิด": -3,
  "การลอบทำลาย": -2,
  "การลอบสังหาร": -3,
  "การละเมิด": -3,
  "การละเมิดตนเอง": -2,
  "การลักขโมย": -2,
  "การลักพาตัว": -2,
  "การลักลอบนำเข้า": -2,
  "การล้างสมอง": -3,
  "การว่างงาน": -2,
  "การส่งเสริม": 1,
  "การส่งเสียงพึมพัม": -2,
  "การสนับสนุน": 2,
  "การสร้างแรงจูงใจ": 2,
  "การสร้างความมั่นใจ": 1,
  "การสั่นสะเทือน": -2,
  "การสาบาน": -2,
  "การสำรวจ": 1,
  "การสืบสวน": -2,
  "การสูญเสีย": -2,
  "การสู้รบ": -2,
  "การหมุนรอบ": -2,
  "การหยุด": -1,
  "การหยุดชะงัก": -2,
  "การหลบหนี": -1,
  "การหลอกลวง": -2,
  "การหาประโยชน์": -2,
  "การห้ามไม่ให้พูด": -1,
  "การอนุญาต": 1,
  "การอนุมัติ": 2,
  "การอพยพ": -1,
  "การอภิปราย": -2,
  "การอยู่เฉย": -2,
  "การออกกำลังกาย": 1,
  "การอุทิศ": 2,
  "ก้าวร้าว": -2,
  "กำเริบ": -2,
  "กำไร": 2,
  "กำกวม": -1,
  "กำลังใจ": 2,
  "กำหนด": -1,
  "กิจจะลักษณะ": 2,
  "กี่ทอผ้า": -1,
  "กึกก้อง": -2,
  "กุกกัก": -2,
  "กู้ภัย": 2,
  "ขโมย": -2,
  "ขน": 4,
  "ขบขัน": 3,
  "ขม": -2,
  "ข่มเหง": -2,
  "ข่มขวัญ": -3,
  "ขมขึ้นแล้ว": -2,
  "ขมขื่น": -2,
  "ข่มขืน": -3,
  "ข่มขู่": -2,
  "ขยะ": -1,
  "ขยันหมั่นเพียร": -2,
  "ขยาย": 1,
  "ขยายตัว": 1,
  "ขวัญเสีย": -2,
  "ขวัญกระเจิง": -3,
  "ขวัญหนี": -3,
  "ขวัญหาย": -2,
  "ขวางทาง": -2,
  "ขวาน": -1,
  "ข้อเสีย": -2,
  "ข้อเสียเปรียบ": -2,
  "ขอแสดงความยินดี": 2,
  "ขอโทษ": -1,
  "ข้อได้เปรียบ": 2,
  "ข้อกล่าวหา": -2,
  "ข้อกำหนดด้าน": -2,
  "ของเสีย": -1,
  "ของแข็ง": 2,
  "ของขวัญ": 2,
  "ของที่กุขึ้น": -3,
  "ข้อตกลง": 1,
  "ข้อบกพร่อง": -3,
  "ขอบคุณ": 2,
  "ข้อผิดพลาด": -2,
  "ข้อพิพาท": -2,
  "ข้อมูลที่ผิด": -2,
  "ข้อสงสัย": -1,
  "ขัดใจ": -2,
  "ขัดกัน": -2,
  "ขัดขวาง": -2,
  "ขัดข้อง": -2,
  "ขัดจังหวะ": -2,
  "ขับไล่": -1,
  "ขาดแคลน": -2,
  "ขาดแรงบันดาลใจ": -2,
  "ขาดความกระตือรือร้น": -2,
  "ขาดความรับผิดชอบ": -2,
  "ขายชาติ": -3,
  "ขี้": -2,
  "ขี้เล่น": 2,
  "ขี้เหร่": -2,
  "ขี้โกง": -3,
  "ขี้ขลาด": 2,
  "ขี้ขลาดตาขาว": -2,
  "ขีด จำกัด": -1,
  "ขี้ระแวง": -2,
  "ขี้ลืม": -2,
  "ขี้อาย": -2,
  "ขู่": -2,
  "ขูดเลือดขูดเนื้อ": -2,
  "คงกระพัน": 2,
  "คงทน": 2,
  "คงที่": 2,
  "คดี": -2,
  "คดีความ": -2,
  "คดีฆาตกรรม": -2,
  "คนเกียจคร้าน": -2,
  "คนเดียว": -2,
  "คนโกหก": -3,
  "คนโง่": -2,
  "คนขี้ขลาดตาขาว": -2,
  "คนคลั่ง": -2,
  "คนบ้า": -3,
  "คนปัญญาอ่อน": -3,
  "คนพาล": -2,
  "คนยึดสังหาริมทรัพย์": -2,
  "คนร่วมเพศ": -4,
  "คนรังเกียจผู้หญิง": -2,
  "คบค้าสมาคม": -2,
  "คม": -2,
  "ครบถ้วน": 2,
  "ครวญคราง": -2,
  "ครอบคลุม": 2,
  "ครั้งหนึ่งในชีวิต": 3,
  "คราง": -2,
  "คร่ำครวญ": -2,
  "ครึกครื้น": 2,
  "ครื้นเครง": 3,
  "ครุ่นคิด": -2,
  "คล่อง": 2,
  "คล่องแคล่ว": 1,
  "คล้อย": -1,
  "คลั่ง": -1,
  "คลางแคลง": -2,
  "คลี่คลาย": 1,
  "คลุมเครือ": -2,
  "ควันหมอก": -2,
  "ความเกลียดชัง": -3,
  "ความเข้าใจผิด": -3,
  "ความเคารพ": 2,
  "ความเจ็บปวด": -2,
  "ความเจริญ": 3,
  "ความเชื่อ": 1,
  "ความเชื่อถือได้": 2,
  "ความเดือดร้อน": -2,
  "ความเต็มใจ": 2,
  "ความเป็นเลิศ": 3,
  "ความเป็นการปฏิเสธ": -2,
  "ความเป็นทาส": -3,
  "ความเป็นธรรม": 2,
  "ความเป็นน้ำหนึ่งใจเดียวกัน": 2,
  "ความเป็นปรปักษ์": -2,
  "ความเป็นผู้นำ": 1,
  "ความเมตตา": 2,
  "ความเมื่อยล้า": -2,
  "ความเศร้าโศก": -1,
  "ความเสี่ยง": -2,
  "ความเสียหาย": -3,
  "ความเห็นแก่ตัว": -3,
  "ความเห็นถากถางดูถูก": -2,
  "ความเห็นอกเห็นใจ": 2,
  "ความเหนื่อยล้า": -2,
  "ความแข็งแกร่ง": 2,
  "ความแข็งแรง": 2,
  "ความแข็งขัน": -2,
  "ความโกรธ": -2,
  "ความโกลาหล": -3,
  "ความโง่เขลา": -2,
  "ความโง่ที่สุด": -3,
  "ความโรแมนติก": 2,
  "ความโหดร้าย": -3,
  "ความใกล้ชิด": 2,
  "ความได้เปรียบ": 2,
  "ความไม่เป็นระเบียบ": -2,
  "ความไม่เพียงพอ": -2,
  "ความไม่เห็นด้วย": -2,
  "ความไม่แยแส": -2,
  "ความไม่พอใจ": -2,
  "ความไม่ราบรื่น": -2,
  "ความไม่รู้": -2,
  "ความไม่รู้สึก": -2,
  "ความไม่สงบ": -2,
  "ความไม่สบาย": -2,
  "ความไม่สะดวก": -2,
  "ความไร้ความสามารถ": -2,
  "ความไร้ประโยชน์": -2,
  "ความกล้าหาญ": 2,
  "ความกังวล": -2,
  "ความก้าวหน้า": 3,
  "ความขบขัน": 1,
  "ความขัดแย้ง": -2,
  "ความขาดแคลน": -2,
  "ความคาดหมาย": 1,
  "ความคิดสร้างสรรค์": 2,
  "ความคืบหน้า": 2,
  "ความง่วง": -2,
  "ความงาม": 3,
  "ความง่าย": 1,
  "ความจงรักภักดี": 2,
  "ความจริงใจ": 2,
  "ความฉลาด": 2,
  "ความชอบ": 1,
  "ความชอบธรรม": 2,
  "ความชัดเจน": 2,
  "ความชั่วร้าย": -3,
  "ความชาญฉลาด": 3,
  "ความชื่นชอบ": 2,
  "ความดัน": -1,
  "ความดี": 3,
  "ความต้องการ": -1,
  "ความตาย": -2,
  "ความตึงเครียด": -1,
  "ความตื่นเต้น": 3,
  "ความทุกข์": -2,
  "ความทุกข์ทรมาน": -2,
  "ความทุกข์ยาก": -2,
  "ความนับถือ": 2,
  "ความน่าเบื่อ": -2,
  "ความน่ากลัว": -2,
  "ความน่าดึงดูดใจ": 2,
  "ความน่ารำคาญ": -2,
  "ความนิยม": 3,
  "ความนุ่ม": 2,
  "ความบันเทิง": 2,
  "ความบ้า": -2,
  "ความบ้าคลั่ง": -3,
  "ความบาดหมางกัน": -2,
  "ความประหลาด": -2,
  "ความปรารถนา": -1,
  "ความปรารถนาดี": 3,
  "ความปลอดภัย": 1,
  "ความปลาบปลื้มใจ": 2,
  "ความปวดร้าว": -3,
  "ความปิติยินดี": 3,
  "ความผาสุก": 2,
  "ความผิด": -2,
  "ความผิดปกติ": -2,
  "ความผิดปกติของ": -2,
  "ความผิดพลาด": -2,
  "ความผิดหวัง": -2,
  "ความฝัน": 1,
  "ความพ่ายแพ้": -2,
  "ความพิการ": -2,
  "ความมั่งคั่ง": 3,
  "ความมั่นใจ": 2,
  "ความมีประโยชน์": 2,
  "ความมืด": -1,
  "ความมุ่งมั่น": 2,
  "ความยากจน": -1,
  "ความยากลำบาก": -2,
  "ความยินยอม": 2,
  "ความยุ่งเหยิง": -2,
  "ความยุติธรรม": 2,
  "ความรอบคอบ": 2,
  "ความระมัดระวัง": 2,
  "ความรัก": 3,
  "ความรักความเมตตา": 3,
  "ความรังเกียจ": -3,
  "ความรับผิดชอบ": 1,
  "ความร้ายกาจ": -3,
  "ความรุ่งโรจน์": 3,
  "ความรุนแรง": -3,
  "ความรู้สึก": 1,
  "ความรู้สึกผิด": -3,
  "ความรู้สึกสบาย": 3,
  "ความล้มเหลว": -2,
  "ความละเอียด": 2,
  "ความล่าช้า": -1,
  "ความว้าวุ่นใจ": -2,
  "ความสกปรก": -2,
  "ความสงบ": 2,
  "ความสงสัย": -2,
  "ความสง่างาม": 1,
  "ความสนใจ": 1,
  "ความสนุกสนาน": 3,
  "ความสมบูรณ์": 3,
  "ความสว่าง": 1,
  "ความสะดวก": 2,
  "ความสะดวกสบาย": 2,
  "ความสะดวกสบายต่างๆ": 1,
  "ความสับสนวุ่นวาย": -2,
  "ความสามัคคี": 2,
  "ความสามัญ": -3,
  "ความสามารถ": 1,
  "ความสามารถในการ": 1,
  "ความสามารถพิเศษ": 2,
  "ความสำเร็จ": 2,
  "ความสำคัญ": 2,
  "ความสำนึกผิด": -2,
  "ความสิ้นหวัง": -2,
  "ความสุข": 3,
  "ความสุภาพ": 2,
  "ความหลงใหล": 2,
  "ความหลอกลวง": -3,
  "ความหลอกลวงได้ง่าย": -2,
  "ความหวัง": 2,
  "ความหวั่นหวาด": -2,
  "ความหวาดกลัว": -3,
  "ความหิว": -2,
  "ความหึงหวง": -2,
  "ความอดทน": 2,
  "ความอดอยาก": -2,
  "ความอบอุ่น": 2,
  "ความอยุติธรรม": -2,
  "ความอ่อนแอ": -2,
  "ความอับอายขายหน้า": -2,
  "ความอัปยศ": -2,
  "ความอัปยศอดสู": -3,
  "ความอัปลักษณ์": -3,
  "ความอาภัพ": -2,
  "ความอิจฉา": -1,
  "ความอิ่มเอมใจ": 3,
  "คว่ำบาตร": -2,
  "คอตก": -2,
  "คอรัปชั่น": -3,
  "คัน": -2,
  "คับแคบ": -1,
  "คัล": -2,
  "ค่าเสียหาย": -3,
  "ค่าใช้จ่าย": -2,
  "ค่าปรับ": -2,
  "คารวะ": 2,
  "คำเตือน": -3,
  "คำขอโทษ": -1,
  "คำชมเชย": 2,
  "คำตัดสิน": -1,
  "คำติชม": -2,
  "คำมั่นสัญญา": 1,
  "คำวิจารณ์": -2,
  "คำสาป": -1,
  "คำอวยพร": 1,
  "คำอุทานสรรเสริญพระผู้เป็นเจ้า": 3,
  "คิดถึงบ้าน": -2,
  "คืน": 1,
  "คุก": -2,
  "คุกคาม": -2,
  "คุณภาพ": 2,
  "คุ้มค่า": 2,
  "คุมตัว": -2,
  "คู่แข่ง": -1,
  "คู่ใจ": 2,
  "ฆ่า": -3,
  "ฆาตกร": -2,
  "ฆาตกรรม": -2,
  "งง": -2,
  "งงงวย": -2,
  "งดงาม": 2,
  "งอน": -2,
  "งานเฉลิมฉลอง": 3,
  "งานน่าเบื่อหน่าย": -2,
  "งานศพ": -1,
  "งาม": 3,
  "ง่าย": 2,
  "งี่เง่า": -3,
  "จดจำ": -1,
  "จนตรอก": -2,
  "จมน้ำตาย": -2,
  "จริง": 2,
  "จริงใจ": 2,
  "จริงจัง": 2,
  "จลาจล": -2,
  "จองล้างจองผลาญ": -2,
  "จะช่วยให้": 2,
  "จะประสบความสำเร็จ": 2,
  "จะหัวเราะ": 1,
  "จัดการ": -1,
  "จับไปเป็นทาส": -2,
  "จับกุม": -3,
  "จับตา": 2,
  "จากสวรรค์": 4,
  "จาม": -2,
  "จ่ายเงิน": -1,
  "จำเป็น": -1,
  "จำกัด": -2,
  "จิ๊กโก๋": -2,
  "จิต": -2,
  "จินตนาการ": 3,
  "จิ๊บจ๊อย": -2,
  "จุดแข็ง": 2,
  "จุดประกาย": 1,
  "จูบ": 2,
  "ฉกรรจ์": -2,
  "ฉกาจฉกรรจ์": 2,
  "ฉลอง": 3,
  "ฉลองสิริราชสมบัติ": 3,
  "ฉลาด": 2,
  "ฉลาดแกมโกง": 2,
  "ฉ้อฉล": -3,
  "ฉายา": -2,
  "ฉาวโฉ่": -2,
  "ฉีกขาด": -2,
  "ฉีด": -3,
  "ฉุด": -3,
  "ชดช้อย": 3,
  "ชน": -1,
  "ชนกัน": -1,
  "ชนชั้น": -3,
  "ชนะ": 3,
  "ชนิด": 2,
  "ชนิดของ": 0,
  "ชม": 2,
  "ชมเชย": 2,
  "ช่วยเพิ่ม": 1,
  "ช่วยเหลือ": 2,
  "ช่วยด้วย": 2,
  "ช่วยปกป้อง": 1,
  "ช็อก": -2,
  "ช่องโหว่": -2,
  "ชอบ": 2,
  "ชอบโอ้อวด": -2,
  "ชอบคิด": 1,
  "ชอบผจญภัย": 2,
  "ชะมัด": -3,
  "ชะลอ": -2,
  "ชัดเจน": 1,
  "ชั้นนำ": 2,
  "ชั้นสูง": 2,
  "ชัย": 4,
  "ชัยชนะ": 3,
  "ชั่วช้า": 1,
  "ชั่วร้าย": -2,
  "ชำระหนี้": 2,
  "ชี้แจง": 2,
  "ชื่นชม": 3,
  "ชื่นชมยินดี": 4,
  "ชื่นบาน": 3,
  "ชื่อเสียง": 1,
  "ซ่อน": -1,
  "ซักผ้าสีเขียว": -3,
  "ซับซ้อน": 2,
  "ซากปรักหักพัง": -2,
  "ซาบซึ้ง": 2,
  "ซ้ำเติม": -2,
  "ซีด": -2,
  "ซึ่งเห็นแก่ผู้อื่น": 2,
  "ซึ่งไม่พอใจ": -2,
  "ซึ่งจำลอง": -2,
  "ซึ่งตายตัว": -2,
  "ซึ่งถูกโค่นล้ม": -2,
  "ซึ่งถูกทรมาน": -4,
  "ซึ่งทรงตัว": -2,
  "ซึ่งทำให้เสียชื่อ": -2,
  "ซึ่งทำให้ตกต่ำ": -2,
  "ซึ่งทำให้ยุ่ง": -2,
  "ซึ่งทำให้อุ่นใจ": 2,
  "ซึ่งทำบุญคุณไม่ขึ้น": -2,
  "ซึ่งนับถือศรัทธา": 2,
  "ซึ่งบรรเทา": 2,
  "ซึ่งปลอมตัว": -1,
  "ซึ่งปีติยินดี": 4,
  "ซึ่งพินิจพิเคราะห์": -2,
  "ซึ่งมีอำนาจสูงสุด": 1,
  "ซึ่งรังเกียจ": -2,
  "ซึ่งรู้สึกประหลาดใจ": 2,
  "ซึ่งล้างผลาญ": -2,
  "ซึ่งหมิ่นประมาท": -2,
  "ซึ่งหลบ": -2,
  "ซื่อสัตย์": 3,
  "ซุปเปอร์": 3,
  "ด่วน": -1,
  "ด้วยความรัก": 2,
  "ดอก": 2,
  "ดอกเบี้ย": 1,
  "ดอกกุหลาบ": 1,
  "ดอกทอง": -5,
  "ด้อย": -2,
  "ด้อยกว่า": -2,
  "ดักคอ": -2,
  "ดัง": -1,
  "ดับ": -2,
  "ด่า": -2,
  "ด้านบน": 2,
  "ด่าว่า": -2,
  "ดำเนินคดี": -2,
  "ดี": 2,
  "ดีเยี่ยม": 5,
  "ดีใจ": 3,
  "ดีใจเหลือเกิน": 4,
  "ดีกว่า": 2,
  "ดีครับ": 4,
  "ดีงาม": 3,
  "ดีที่มุ่งเน้น": 2,
  "ดีที่สุด": 3,
  "ดีปกป้อง": 3,
  "ดึงดูด": 2,
  "ดึงดูดใจ": 1,
  "ดื่ม": -2,
  "ดื้อดึง": -2,
  "ดื้อรั้น": -2,
  "ดุ": -2,
  "ดุร้าย": -2,
  "ดูแคลน": -2,
  "ดูแล": 2,
  "ดูด": -3,
  "ดูดี": 3,
  "ดูถูก": -1,
  "ดูถูกดูแคลน": -1,
  "ตกเป็นเหยื่อ": -3,
  "ตกแต่ง": 3,
  "ตกแต่งอย่างดี": 2,
  "ตกใจ": -2,
  "ตกตะลึง": -2,
  "ตกต่ำ": -2,
  "ตกราง": -2,
  "ตกลง": 1,
  "ตกอกตกใจ": -2,
  "ต้นน้ำ": 1,
  "ตรง": 1,
  "ตรงไปตรงมา": -2,
  "ตรวจข่าว": -2,
  "ตรวจสอบ": 1,
  "ตระการ": 3,
  "ตระหนก": -2,
  "ตระหนี่": -2,
  "ตรึง": -1,
  "ตรึงใจ": 3,
  "ตลก": 1,
  "ต้องการ": 2,
  "ต้องห้าม": -2,
  "ต่อต้าน": -1,
  "ต่อต้านไม่ได้": 2,
  "ต่อรอง": 2,
  "ต่อสู้": -2,
  "ต่ออายุ": 1,
  "ตะเพิด": -3,
  "ตะคริว": -1,
  "ตะลึง": -2,
  "ตะลึงพรึงเพริด": 2,
  "ตัก": 3,
  "ตักเตือน": -2,
  "ตัด": -1,
  "ตัดสิทธิ์": -2,
  "ตัดสินจำคุก": -2,
  "ตัน": -2,
  "ตาด": -2,
  "ตาบอด": -1,
  "ตาพร่า": -2,
  "ตามกฎหมาย": 1,
  "ตามหลักจริยธรรม": 2,
  "ตาย": -2,
  "ต่ำกว่า": -2,
  "ต่ำที่สุด": -1,
  "ตำนาน": -1,
  "ตำหนิ": -3,
  "ติเตียน": -2,
  "ติดเชื้อ": -2,
  "ติดไวรัส": -2,
  "ติดกับดัก": -2,
  "ติดขัด": -2,
  "ติดสินบน": -3,
  "ติดอยู่": -2,
  "ตี": -2,
  "ตีแผ่": -1,
  "ตีความผิด": -2,
  "ตื่นเต้น": 3,
  "ตื่นตระหนก": -3,
  "ตื๊อ": -2,
  "ตูด": -4,
  "ถ่วง": -2,
  "ถอนหายใจ": -2,
  "ถอย": 1,
  "ถั่ว": -3,
  "ถากถาง": -2,
  "ถาม": -1,
  "ถาวร": -1,
  "ถึง": 1,
  "ถึงวาระ": -2,
  "ถูก จำกัด": -1,
  "ถูกใส่ผิดที่": -2,
  "ถูกกฎหมาย": 1,
  "ถูกกดขี่": -2,
  "ถูกฆ่าตาย": -3,
  "ถูกตราหน้า": -2,
  "ถูกทำร้ายร่างกาย": -2,
  "ถูกบังคับ": -1,
  "ถูกปล่อยปละละเลย": -2,
  "ถูกพิพากษา": -2,
  "ถูกลักพาตัวไป": -2,
  "ทนทุกข์ทรมาน": -3,
  "ทรมาน": -4,
  "ทรยศ": -3,
  "ทรุดตัวลง": -2,
  "ทวน": -2,
  "ทวีความรุนแรงขึ้น": -2,
  "ท้อแท้": -2,
  "ทอง": 2,
  "ท้องผูก": -2,
  "ท็อปส์ซู": 2,
  "ทะเยอทะยาน": 2,
  "ทะนุถนอม": 2,
  "ทักทาย": 1,
  "ทั้งหมด": -2,
  "ทันสมัย": 2,
  "ทับ": -1,
  "ท้าทาย": -1,
  "ทารุณ": -2,
  "ท้าว": -1,
  "ทาส": -3,
  "ทำเป็น": -2,
  "ทำเสียคนเดียว": -2,
  "ทำให้เกิดความสับสน": -2,
  "ทำให้เข้าใจผิด": -3,
  "ทำให้เจ็บ": -2,
  "ทำให้เป็นเหยื่อ": -3,
  "ทำให้เป็นกฎตายตัว": -2,
  "ทำให้เสีย": -2,
  "ทำให้เสื่อมเสีย": -2,
  "ทำให้โกรธ": -2,
  "ทำให้ตกใจ": -2,
  "ทำให้ตกราง": -2,
  "ทำให้ติดเชื้อ": -2,
  "ทำให้ติดใจ": 3,
  "ทำให้ปลาบปลื้มยินดี": 3,
  "ทำให้ผิดหวัง": -2,
  "ทำให้มั่นใจ": 1,
  "ทำให้มัวหมอง": -2,
  "ทำให้รุนแรง": -2,
  "ทำให้สลดใจ": -2,
  "ทำให้สำเร็จ": 2,
  "ทำให้หมดกำลังใจ": -2,
  "ทำให้อึดอัดใจ": -2,
  "ทำได้": 1,
  "ทำความสะอาด": 2,
  "ทำลาย": -2,
  "ทำลายไม่ได้": 2,
  "ทำลายล้าง": -2,
  "ทำอะไรไม่ถูก": -2,
  "ทิ้ง": -1,
  "ทิ่ม": -5,
  "ทิศทางที่ถูกต้อง": 3,
  "ที่เคารพ": 2,
  "ที่เคารพนับถือ": 2,
  "ที่เชื่อถือ": 2,
  "ที่เถียงกัน": -2,
  "ที่เป็นประกาย": 3,
  "ที่เปิดเผย": -1,
  "ที่เร้าใจ": 3,
  "ที่เลื่อมใส": 3,
  "ที่เหนื่อยยาก": -2,
  "ที่ใช้ร่วมกัน": 1,
  "ที่ได้ข่มขืน": -3,
  "ที่ได้ดูถูก": -2,
  "ที่ได้ถูกหิวโหย": -2,
  "ที่ได้ทำให้เบิกบาน": 3,
  "ที่ได้ทำให้เสียหาย": -2,
  "ที่ได้ทำให้โกรธ": -2,
  "ที่ได้ทำให้หลงใหล": 2,
  "ที่ได้รับมอบหมาย": 2,
  "ที่ได้รับรางวัล": 2,
  "ที่ไม่เชื่อ": -1,
  "ที่ไม่ได้รับการอนุมัติ": -2,
  "ที่ไม่พึงประสงค์": -2,
  "ที่ไม่สมควร": -2,
  "ที่ไร้กังวล": 1,
  "ที่กระตุ้น": 2,
  "ที่กระทำผิดกฎหมาย": -2,
  "ที่กล่าวหา": -2,
  "ที่ขัดแย้งกัน": -2,
  "ที่ครองหมด": 3,
  "ที่ครองหมดแล้ว": 1,
  "ที่คอยรังควาน": -3,
  "ที่คุ้มค่า": 2,
  "ที่ฆ่า": -3,
  "ที่ฉลาดที่สุด": 2,
  "ที่ชวนให้หลงใหล": 3,
  "ที่ชื่นชอบ": 2,
  "ที่ซุ่มซ่อน": -1,
  "ที่ด้อยโอกาส": -2,
  "ที่ดีขึ้น": 2,
  "ที่ดีที่สุด": 3,
  "ที่ดูถูก": -2,
  "ที่ตกตะลึง": -2,
  "ที่ติดเชื้อ": -2,
  "ที่ถกเถียงกัน": -2,
  "ที่ถูกขโมย": -2,
  "ที่ถูกคุกคาม": -2,
  "ที่ถูกคุมขัง": -2,
  "ที่ถูกทอดทิ้ง": -2,
  "ที่ถูกทารุณกรรม": -3,
  "ที่ถูกทิ้ง": -2,
  "ที่ทนทุกข์ทรมาน": -3,
  "ที่ท้าทาย": -1,
  "ที่ทำให้เหม็น": -2,
  "ที่ทำให้โกรธ": -2,
  "ที่ทำให้กลัว": -2,
  "ที่ทำให้ดีอกดีใจ": 3,
  "ที่ทำให้ตกใจ": 3,
  "ที่ทำให้หรือกลายเป็นไม่เมา": 1,
  "ที่ทำให้หวาดกลัว": -3,
  "ที่นับถือ": 2,
  "ที่น่าจดจำ": 1,
  "ที่น่าผิดหวัง": -2,
  "ที่บันทึกไว้": 2,
  "ที่ประสบความสำเร็จ": 3,
  "ที่ผ่านพ้นไป": -1,
  "ที่ผิดกฎหมาย": -3,
  "ที่พูดเกินจริง": -2,
  "ที่มีจมูกยาว": -2,
  "ที่มืดมนที่สุด": -2,
  "ที่มุ่งเน้น": 2,
  "ที่ยอมรับ": -1,
  "ที่ยั่งยืน": 2,
  "ที่ยั่วเย้า": -2,
  "ที่ยากจนที่สุด": -2,
  "ที่ยิ้ม": 2,
  "ที่รบกวน": -2,
  "ที่รอคอย": -1,
  "ที่รอดตาย": 2,
  "ที่รัก": 2,
  "ที่รักใคร่": 3,
  "ที่ราวีแล้ว": -3,
  "ที่รุนแรงขึ้น": -2,
  "ที่ลังเล": -1,
  "ที่ล้างแค้น": -2,
  "ที่สกปรกที่สุด": -2,
  "ที่สนับสนุน": 1,
  "ที่สมบูรณ์แบบ": 2,
  "ที่สมบูรณ์แบบร่วมเพศ": 4,
  "ที่สวยงาม": 4,
  "ที่สั่นสะเทือน": -2,
  "ที่สูญเสียไป": -2,
  "ที่หมกมุ่น": 1,
  "ที่หัวเราะ": 1,
  "ที่หิวโหย": -2,
  "ที่อกหัก": -3,
  "ทุกข์": -2,
  "ทุกข์ใจ": -2,
  "ทุกข์ทรมาน": -3,
  "ทุจริต": -3,
  "ทุ่มเท": 2,
  "ธรรม": 2,
  "ธูป": -2,
  "ธูปหอม": -2,
  "นรก": -4,
  "นฤดม": 2,
  "นฤพาน": 2,
  "นวตกรรม": 1,
  "นวนิยาย": 2,
  "นวัตกรรม": 1,
  "นอกกฎหมาย": -3,
  "นัก": -3,
  "นักโทษ": -2,
  "นักวิจารณ์": -2,
  "นับถือ": 2,
  "น่าเกลียด": -3,
  "น่าเกลียดน่ากลัว": -3,
  "น่าเชื่อถือ": 2,
  "น่าเบื่อ": -3,
  "น่าเวียนหัว": -2,
  "น่าเศร้า": -2,
  "น่ากลัว": -2,
  "น่าขนพองสยองเกล้า": -2,
  "น่าขนลุก": -2,
  "น่าขยะแขยง": -3,
  "น่าขันพิลึก": -2,
  "น่าคลั่ง": -3,
  "นางสาว": -2,
  "น่าตื่นเต้น": 3,
  "น่าตื่นตาตื่นใจ": 5,
  "น่าทึ่ง": 5,
  "น่าประหลาดใจ": 3,
  "น่าปวดหัว": -2,
  "น่าพอใจ": 3,
  "น่ารัก": 3,
  "น่ารักประณาม": 3,
  "น่ารักร่วมเพศ": 4,
  "น่ารังเกียจ": -2,
  "น่ารำคาญ": -2,
  "น่ารื่นรมย์": 3,
  "น่าวิตก": -2,
  "น่าสงสัย": -2,
  "น่าสงสาร": -2,
  "น่าสนใจ": 2,
  "น่าสยดสยอง": -3,
  "น่าสะอิดสะเอียน": -3,
  "น่าสังเวช": -2,
  "น่าหนักใจ": -3,
  "น่าอดสู": -2,
  "น่าอับอาย": -2,
  "น่าอัศจรรย์": 4,
  "น่าอาย": -2,
  "น้ำตา": -2,
  "นำมาใช้": 1,
  "นิสัยเสีย": -2,
  "นีโกร": -5,
  "บกพร่อง": -3,
  "บด": -1,
  "บดบัง": -2,
  "บ่น": -2,
  "บนเรือ": 1,
  "บรรเทา": 1,
  "บรรทุก": -2,
  "บรรลุเป้าหมาย": 2,
  "บริจาค": 2,
  "บริสุทธิ์": 1,
  "บล็อก": -1,
  "บวก": 2,
  "บอกบุญไม่รับ": -2,
  "บ่อนทำลาย": -2,
  "บอยคอต": -2,
  "บังคับ": 1,
  "บันดาลใจ": 2,
  "บั่นทอน": -2,
  "บ้า": -2,
  "บาง": 1,
  "บางชนิด": 0,
  "บ้าบิ่น": -2,
  "บาป": -2,
  "บาปหนา": -3,
  "บารมี": -2,
  "บำรุง": 2,
  "บิด": -2,
  "บิดเบี้ยว": -2,
  "บิดเบือน": -3,
  "บิดเบือนความจริง": -2,
  "บึกบึน": 2,
  "บึ้งตึง": -2,
  "บุคคลที่ก่อให้เกิดความตื่นตกใจ": -2,
  "บุคคลที่ผิดธรรมดา": -1,
  "บุ๋ม": -2,
  "บูชา": 3,
  "บูดบึ้ง": -2,
  "ปกคลุม": 3,
  "ปกคลุมด้วยวัตถุฉนวน": -2,
  "ปกป้อง": -2,
  "ปฏิเสธ": -1,
  "ปนเปื้อน": -2,
  "ปรบมือ": 2,
  "ประเมิน": -1,
  "ประเสริฐ": 2,
  "ประโยค": -2,
  "ประโยชน์": 2,
  "ประกวดราคา": 2,
  "ประกายไฟ": 3,
  "ประณาม": -2,
  "ประณามที่ดีที่สุด": 4,
  "ประณีต": 2,
  "ประดับ": -2,
  "ประท้วง": -2,
  "ประทับใจ": 3,
  "ประนีประนอม": 2,
  "ประมาท": -2,
  "ประสงค์": 1,
  "ประสบ": -2,
  "ประสบความสำเร็จ": 3,
  "ประสาท": -2,
  "ประสิทธิผล": 2,
  "ประหยัด": 2,
  "ประหลาดใจ": 2,
  "ปรับแต่ง": 1,
  "ปรับตัวดีขึ้น": 2,
  "ปรับตัวลดลง": -1,
  "ปรับปรุง": 2,
  "ปรากฏ": -1,
  "ปรารถนา": 1,
  "ปราศจากเหตุการณ์": -2,
  "ปราศจากความกลัว": 2,
  "ปลด": -2,
  "ปล้น": -2,
  "ปล้นสะดม": -2,
  "ปลอดภัย": 2,
  "ปลอดภัยมากขึ้น": 2,
  "ปลอบโยน": 2,
  "ปลอบประโลม": 3,
  "ปลอม": -1,
  "ปลอมแปลง": -3,
  "ปลอมตัว": -1,
  "ปลิดชีพ": -2,
  "ปลุก": -2,
  "ปลุกเร้า": -2,
  "ปลูกฝัง": -2,
  "ปลูกฝังความเชื่อ": -2,
  "ปวด": -2,
  "ปวดหัว": -2,
  "ป่วย": -2,
  "ป่อง": -1,
  "ป้องกัน": 1,
  "ป้องกันไม่ให้เกิด": -1,
  "ป่องๆ": -2,
  "ป้อมปราการ": 2,
  "ปะทะกัน": -2,
  "ปัญญา": 2,
  "ปัญญาอ่อน": -3,
  "ปัญหา": -2,
  "ปัญหาที่เกิดขึ้น": -2,
  "ปัด": -2,
  "ปัดทิ้ง": -2,
  "ปั่นหัว": -2,
  "ปัสสาวะ": -4,
  "ป่าเถื่อน": -2,
  "ปากแข็ง": -2,
  "ปากหมา": -3,
  "ปาฏิหาริย์": 4,
  "ปิดการใช้งาน": -1,
  "ปิดบัง": -3,
  "ปิดปาก": -2,
  "ปีติ": 3,
  "ปีติยินดี": 3,
  "ปึกแผ่น": 1,
  "ปืน": -1,
  "ผลการดำเนินงาน": -2,
  "ผลกำไร": 2,
  "ผลข้างเคียง": -2,
  "ผลงานชิ้นเอก": 4,
  "ผลตอบแทน": 2,
  "ผลประโยชน์": 2,
  "ผลสะท้อน": -2,
  "ผลึก": 2,
  "ผวา": -2,
  "ผ่อนคลาย": 2,
  "ผ่อนผัน": 1,
  "ผ่านพ้นไม่ได้": 2,
  "ผิดกฎหมาย": -3,
  "ผิดจรรยาบรรณ": -2,
  "ผิดพลาด": -2,
  "ผิดหวัง": -2,
  "ผี": -1,
  "ผีสิง": -2,
  "ผื่น": -2,
  "ผู้เกลียดชัง": -3,
  "ผู้แพ้": -3,
  "ผู้ไม่ยอมรับ": -2,
  "ผูกใจเจ็บ": -2,
  "ผูกขาด": -2,
  "ผูกมัด": 1,
  "ผู้กระทำผิด": -2,
  "ผู้ก่อการร้าย": -2,
  "ผู้ก่อมลพิษ": -2,
  "ผู้ชนะ": 4,
  "ผู้ช่วยชีวิต": 4,
  "ผู้ดึงลูกค้า": -2,
  "ผู้ต้องสงสัย": -1,
  "ผู้ถูกกล่าวหา": -2,
  "ผู้ที่ขาดไป": -1,
  "ผู้ที่ตกเป็นเหยื่อ": -3,
  "ผู้ประสบภัย": -2,
  "ผู้มีกลิ่นเหม็น": -2,
  "ผู้มีชัย": 3,
  "ผู้มีบุญคุณ": 2,
  "ผู้มีพระคุณ": 2,
  "ผู้มีอำนาจ": 1,
  "ผู้รอดชีวิต": 2,
  "ผู้ล้างแค้น": -2,
  "ผู้สนับสนุน": 1,
  "ผู้หญิง": -5,
  "ผู้หญิงเลว": -5,
  "ฝนตก": -1,
  "ฝัน": 1,
  "ฝา": -3,
  "ฝ่ายตรงข้าม": -1,
  "ฝุ่น": -2,
  "พ้นผิด": 2,
  "พนักงานขายที่ขยันขยอ": -2,
  "พร": 2,
  "พรสวรรค์": 2,
  "พระเจ้า": 1,
  "พระเมตตา": 2,
  "พระเยซู": 1,
  "พระเอก": 2,
  "พระมหาเทวะ": -2,
  "พราว": 3,
  "พรีเมียร์": -2,
  "พลัง": 3,
  "พลัน": 1,
  "พลาด": -2,
  "พล่าม": -4,
  "พลิก": -2,
  "พอใจ": 2,
  "พอดี": 1,
  "พังทลายลงมา": -2,
  "พันธมิตร": 2,
  "พ่ายแพ้": -2,
  "พิเศษ": 2,
  "พิกลพิการ": -2,
  "พิการ": -2,
  "พิถีพิถันเกินไป": -3,
  "พินิจพิเคราะห์": -2,
  "พิพาท": -2,
  "พิรุธ": -2,
  "พิลึก": -4,
  "พิษภัย": -2,
  "พิสูจน์": 2,
  "พิสูจน์ให้เห็นถึง": 2,
  "พึงพอใจ": 2,
  "พุทธะ": 2,
  "พู": -3,
  "พูดเกินจริง": -2,
  "พูดจาโผงผาง": -3,
  "ฟรี": 1,
  "ฟอกสีเขียว": -3,
  "ฟ้อง": -2,
  "ฟ้องคดี": -1,
  "ฟ้องร้อง": -2,
  "ฟันฟาง": -2,
  "ฟาสซิสต์": -2,
  "ฟิต": 2,
  "ฟืน": -3,
  "ฟื้น": 2,
  "ฟื้นฟู": 1,
  "ฟุ้ง": -1,
  "ภัยคุกคาม": -2,
  "ภัยพิบัติ": -3,
  "ภาคภูมิใจ": 2,
  "ภาระ": -2,
  "ภาวะถดถอย": -2,
  "ภาวะที่กลืนไม่เข้าคายไม่ออก": -1,
  "ภูมิใจ": 2,
  "ภูมิคุ้มกัน": 1,
  "มโนหร": 3,
  "มฤตยู": -3,
  "มลทิน": -2,
  "มลพิษ": -2,
  "มลภาวะ": -2,
  "มลสาร": -2,
  "มหรสพ": 3,
  "มหัศจรรย์": 3,
  "มองข้าม": -1,
  "มักมาก": 2,
  "มั่งคั่ง": 2,
  "มันเงา": 2,
  "มั่นใจ": 1,
  "มั่นใจตัวเอง": 2,
  "มากกว่า": -2,
  "มากขึ้น": 3,
  "มากมาย": 4,
  "มาถึง": 1,
  "มาร์กซ์": -3,
  "มารยาท": 2,
  "มิใช่ด้วยเจตนา": -2,
  "มิคสัญญี": -3,
  "มิตรภาพ": 2,
  "มีเมตตา": 3,
  "มีเสน่ห์": 2,
  "มีแรงจูงใจ": 2,
  "มีกลิ่นเหม็น": -2,
  "มีการป้องกัน": 1,
  "มีกำไร": 2,
  "มีความเข้มแข็ง": 2,
  "มีความสงสาร": 2,
  "มีความสุข": 2,
  "มีความสุขที่สุด": 3,
  "มีความหมาย": 2,
  "มีความหวัง": 2,
  "มีชัย": 4,
  "มีชีวิตชีวา": 3,
  "มีชีวิตอยู่": 1,
  "มีชื่อเสียง": 2,
  "มีน้ำใจ": 3,
  "มีน้ำตาไหล": -2,
  "มีประโยชน์": 2,
  "มีประสิทธิภาพ": 2,
  "มีมนุษยธรรม": 2,
  "มีระเบียบ": 2,
  "มีส่วนร่วม": 1,
  "มีหนาม": -2,
  "มีหมัด": -2,
  "มีอำนาจ": 2,
  "มีอิทธิพล": 2,
  "มึน": -1,
  "มืด": -2,
  "มืดมน": -2,
  "มือสอง": -1,
  "มุ่งมั่น": 1,
  "มุม": -2,
  "มุ่ย": -1,
  "ยกเลิก": -1,
  "ยกเว้น": -1,
  "ยกโทษให้": 1,
  "ยกโทษให้ไม่ได้": -3,
  "ยกย่อง": 3,
  "ยอดเยี่ยม": 4,
  "ยอมรับ": -1,
  "ยอมรับได้": 1,
  "ย่อยยับ": -1,
  "ยะ": -3,
  "ยังไม่เรียบร้อย": -1,
  "ยังไม่ขาย": -1,
  "ยับยั้ง": -1,
  "ยั่ว": -2,
  "ยั่วโมโห": -2,
  "ยาก": -1,
  "ยากจน": -2,
  "ยาพิษ": -2,
  "ยิง": -2,
  "ยิ่งใหญ่": 3,
  "ยินดี": 2,
  "ยินดีด้วย": 2,
  "ยินดีต้อนรับ": 2,
  "ยินดีปรีดา": 3,
  "ยินยอม": 2,
  "ยิ้ม": 2,
  "ยืนยัน": -1,
  "ยุบ": -2,
  "รบกวน": -2,
  "รบกวนจิตใจ": -2,
  "รวดเร็ว": 2,
  "ร่วม": 1,
  "ร่วมเพศที่ดี": 4,
  "ร่วมเพศที่น่าตื่นตาตื่นใจ": 4,
  "ร่วมเพศที่ยอดเยี่ยม": 4,
  "ร่วมเพศที่สวยงาม": 4,
  "ร่วมเพศร้อน": 2,
  "รวย": 2,
  "รอ": -1,
  "รอคอย": -1,
  "ร้องเรียน": -2,
  "ร้องไห้": -2,
  "รอดชีวิตมาได้": 2,
  "รอบคอบ": 2,
  "รอยแผลเป็น": -2,
  "รอยยิ้ม": 2,
  "ระคายเคือง": -3,
  "ระงับ": -1,
  "ระมัดระวัง": -1,
  "ระยำ": -4,
  "ระหว่างทำการ": -2,
  "รัก": 3,
  "รักร่วมเพศ": 4,
  "รักษาในโรงพยาบาล": -2,
  "รักษาความปลอดภัย": 2,
  "รังแก": -2,
  "รังควาน": -3,
  "รัดคอ": -2,
  "รัตนากร": 1,
  "รับ": 1,
  "รับไม่ได้": -2,
  "รับประกัน": 1,
  "รับผิดชอบ": 2,
  "รับรอง": 2,
  "รั่ว": -1,
  "รั่วไหลออกมา": -1,
  "ร่าเริง": 2,
  "ราคาไม่แพง": 2,
  "รางวัล": 3,
  "ราชบัณฑิต": 2,
  "ร้าย": -1,
  "ร้ายแรง": -2,
  "ร้ายกาจ": -3,
  "รายการโปรด": 2,
  "ราวี": -3,
  "รำคาญ": -2,
  "ร่ำรวย": 3,
  "ริดรอนสิทธิ": -2,
  "รี้ริก": 3,
  "รุก": -1,
  "รุ่งเรือง": 3,
  "รุ่งโรจน์": 2,
  "รุนแรง": -3,
  "รุมเร้า": -2,
  "รูปของภาษาที่ใช้ถ้อยคำขัดกัน": -1,
  "รูปธรรม": 1,
  "รู้สึกผิด": -3,
  "ลงโทษ": -2,
  "ลงมือ": -3,
  "ลงอาญา": -2,
  "ลดลง": -2,
  "ลบล้าง": -2,
  "ลบล้างความผิด": 2,
  "ล้ม": -1,
  "ล้มเหลว": -2,
  "ล้มละลาย": -3,
  "ล่มสลาย": -2,
  "ลวง": -2,
  "ล่วงเลย": -1,
  "ลวงหลอก": -3,
  "ล้วน": -2,
  "ล่อ": -2,
  "ล็อบบี้": -2,
  "ลอยน้ำ": 2,
  "ลอยๆ": -2,
  "ล่อลวง": -1,
  "ละเมิด": -2,
  "ละเมิดสิทธิมนุษยชน": -3,
  "ละเลง": -2,
  "ละเลย": -2,
  "ละเว้น": -2,
  "ละเอียด": 2,
  "ละทิ้ง": -2,
  "ละอายใจ": -2,
  "ลักพาตัว": -2,
  "ลักพาตัวไป": -2,
  "ลักลอบ": -2,
  "ลักษณะ": 2,
  "ลังเล": -1,
  "ลัทธิเผด็จการ": -2,
  "ลัทธิชนชาติ": -3,
  "ล่า": -2,
  "ลาก": -1,
  "ล้าง": 1,
  "ล้างแค้น": -2,
  "ล้างบาป": -3,
  "ล้างสีเขียว": -3,
  "ล่าช้า": -2,
  "ล่าถอย": -1,
  "ลามก": -2,
  "ล้าสมัย": -2,
  "ลาออก": -1,
  "ลาออกจากตำแหน่ง": -1,
  "ลำเค็ญ": -3,
  "ลำเอียง": -2,
  "ลื่น": -1,
  "ลืม": -1,
  "ลืมตัว": 4,
  "ลือ": -2,
  "ลุกขึ้น": 1,
  "ลูกครึ่ง": -5,
  "ลูกชายของ aสุนัขตัวเมีย": -5,
  "ลูกระเบิดใหญ่": 3,
  "วอกแวก": -2,
  "วอน": 3,
  "วัตถุประสงค์": -2,
  "ว่างเปล่า": -1,
  "วางใจ": 1,
  "ว่างงาน": -1,
  "วางยา": -1,
  "วางยาพิษ": -2,
  "วางระเบิด": -1,
  "ว่าจ้าง": 1,
  "วาระ": -2,
  "ว้าว": 4,
  "วิกฤติ": -3,
  "วิกล": -2,
  "วิ่งเต้น": -2,
  "วิงเวียน": -1,
  "วิจารณ์": -2,
  "วิญญาณ": 1,
  "วิตก": -2,
  "วิตามิน": 1,
  "วิธีการแก้": 1,
  "วินิจฉัย": -2,
  "วิพากษ์วิจารณ์": -2,
  "วิสัยทัศน์": 1,
  "วีรบุรุษ": 2,
  "วุ่นวาย": -2,
  "วู้": 3,
  "ศพ": -1,
  "ศรัณยู": 2,
  "ศักดิ์ศรี": -2,
  "ศัตรู": -2,
  "ศีลธรรม": -2,
  "ศึก": -2,
  "สแปม": -2,
  "สแปมเมอร์": -3,
  "สกปรก": -2,
  "ส่งเสริม": 2,
  "สงคราม": -2,
  "สงบ": 2,
  "สงบเงียบ": 2,
  "สงสัย": -1,
  "สงสัยว่า": -1,
  "สงสาร": -2,
  "สง่า": 2,
  "สง่างาม": 2,
  "สด": 1,
  "สดใส": 1,
  "สดชื่น": 2,
  "สถานที่น่าสนใจ": 2,
  "สนใจ": 2,
  "สนับสนุน": 2,
  "สนุก": 4,
  "สนุกกับการ": 2,
  "สนุกสนาน": 2,
  "สบาย": 2,
  "สภาพแวดล้อม": -2,
  "สม": 2,
  "สมควร": 1,
  "สมจริงสมจัง": -2,
  "สมดุลย์": 1,
  "สมบัติ": 2,
  "สมบูรณ์": 3,
  "สมรรถนะ": 1,
  "สมรู้ร่วมคิด": -3,
  "สยบ": 2,
  "สรรเสริญ": 3,
  "สร้างความประทับใจ": 3,
  "สร้างความมั่นใจ": 1,
  "สลดใจ": -2,
  "สลับซับซ้อน": 2,
  "สวดภาวนา": 1,
  "สวย": 3,
  "ส่วย": 2,
  "สวยงาม": 3,
  "สวรรค์": 3,
  "สว่าง": 2,
  "ส่อเสียด": -1,
  "สอน": 2,
  "สอบปากคำ": -2,
  "สะดวกสบาย": 2,
  "สะอาด": 2,
  "สะอาดสะอ้าน": 2,
  "สะอิด": -3,
  "สังหาร": -3,
  "สัญญา": 1,
  "สัดส่วนดี": 2,
  "สั้น ๆ": -1,
  "สันโดษ": -1,
  "สั่นไหว": -2,
  "สั่นคลอน": -2,
  "สันทราย": -2,
  "สั่นสะเทือน": 3,
  "สั้นสายตายาว": -2,
  "สันหลังยาว": -1,
  "สับสน": -1,
  "สาธิต": -1,
  "สาบาน": -2,
  "สาบายใจ": 3,
  "สามัคคี": 2,
  "สามารถ": 1,
  "สามารถ t \"ยืน": -3,
  "สามารถเข้าถึงได้": 1,
  "สายตาสั้น": -2,
  "สารปนเปื้อน": -2,
  "สารพิษ": -2,
  "สาหัส": 2,
  "สำเร็จ": 2,
  "สำคัญ": 1,
  "สำราญใจ": 2,
  "สำลัก": -2,
  "สิ่งกีดขวาง": -2,
  "สิ่งที่เย็น": 3,
  "สิ่งที่ว่างเปล่า": -1,
  "สิ่งที่สะท้อนกลับ": -2,
  "สิงสถิตอยู่": -1,
  "สิ่งอำนวยความสะดวก": 2,
  "สิทธิ": 1,
  "สินทรัพย์": 2,
  "สินบน": -3,
  "สิ้นหวัง": -3,
  "สิบแปดมงกุฎ": -3,
  "สีเทา": -1,
  "สุก": -2,
  "สุกใส": 4,
  "สุข": 3,
  "สุดโต่ง": -2,
  "สุภาพ": 2,
  "สุรุ่ยสุร่าย": -2,
  "สู้": -1,
  "สูง": 1,
  "สูงสุด": 4,
  "สูญหาย": -3,
  "สู่สุข": -2,
  "หงุดหงิด": -2,
  "หญิงขายบริการ": -4,
  "หญิงปากร้าย": -4,
  "หน่อมแน้ม": -2,
  "หนักเกินพิกัด": -1,
  "หนาวเหน็บ": -1,
  "หนี": -1,
  "หนีไป": -1,
  "หนีภาษี": -2,
  "หนี้สิน": -2,
  "หมกมุ่น": 2,
  "หมดเรี่ยวหมดแรง": -2,
  "หมดไป": -2,
  "หมดกำลังใจ": -2,
  "หมดความสามารถ": -2,
  "หมดท่า": -3,
  "หมดหวัง": -3,
  "หม่น": -1,
  "หม่นหมอง": -2,
  "หมอง": -2,
  "หมายศาล": -2,
  "หมิ่น": -2,
  "หยาบ": -1,
  "หยิ่ง": -2,
  "หยุด": -1,
  "หรูหรา": 2,
  "หลง": -1,
  "หลงเสน่ห์": 2,
  "หลงใหล": 3,
  "หลงรัก": 3,
  "หลบ": -2,
  "หลวม": -3,
  "หล่อ": 3,
  "หลอก": -3,
  "หลอกตา": -3,
  "หลอกลวง": -3,
  "หลอกหลอน": -1,
  "หลอกๆ": -2,
  "หลอน": 1,
  "หลักเขต": 2,
  "หลัง": 1,
  "หลีกเลี่ยง": -1,
  "หลุมฝังศพ": -2,
  "หวงแหน": 2,
  "หวัง": -3,
  "หวังว่า": 2,
  "หวั่น": -2,
  "หวาน": 2,
  "หอมหวาน": 3,
  "ห้อย": -2,
  "หันเหตัวเอง": -2,
  "หันไป": -1,
  "หัวเราะ": 1,
  "หัวเรือใหญ่": -1,
  "หัวแก้วหัวแหวน": 2,
  "หัวนม": -2,
  "หัวรุนแรง": -2,
  "หัวหอก": 2,
  "หาญ": 3,
  "ห้าม": -1,
  "ห้ามมิให้": -1,
  "หายไป": -2,
  "หายนะ": -3,
  "หิน": -2,
  "หี": -5,
  "หุ้น": 1,
  "หูตาสว่าง": 2,
  "อโหสิ": 2,
  "อกหัก": -3,
  "อคติ": -1,
  "อดมื้อกินมื้อ": -2,
  "อธรรม": -2,
  "อธิษฐาน": 1,
  "อนาจาร": -2,
  "อนาถ": -3,
  "อนาถใจ": -2,
  "อนารยชน": -2,
  "อนิจจา": -1,
  "อนุญาต": 1,
  "อบอุ่น": 1,
  "อบอุ่นหัวใจ": 3,
  "อพยพ": -1,
  "อภัยโทษ": 2,
  "อภัยไม่ได้": -3,
  "อยากรู้อยากเห็น": 2,
  "อย่างเจ็บแสบ": -2,
  "อย่างเชี่ยวชาญ": 2,
  "อย่างเป็นจริงเป็นจัง": 1,
  "อย่างเห็นได้ชัด": 1,
  "อย่างเหมาะสม": 2,
  "อย่างแก้ตัวได้": 2,
  "อย่างโง่เขลา": -2,
  "อย่างไม่เห็นแก่ตัว": 2,
  "อย่างกล้าหาญ": 3,
  "อย่างจริงใจ": 2,
  "อย่างชาญฉลาด": 2,
  "อย่างดี": 2,
  "อย่างต่อต้านไม่ได้": 2,
  "อย่างถูกต้อง": 2,
  "อย่างน่าเชื่อถือ": 2,
  "อย่างน่าประหลาดใจ": 3,
  "อย่างปลอดภัย": 1,
  "อย่างผิดพลาด": -2,
  "อย่างยั่งยืน": 2,
  "อย่างรวดเร็ว": 2,
  "อย่างรุนแรง": -3,
  "อย่างสงบสุข": 2,
  "อย่างสนุกสนาน": 3,
  "อย่างสมบูรณ์": 3,
  "อย่างสุดซึ้ง": 3,
  "อย่างหงุดหงิด": -2,
  "อย่างอดทน": -1,
  "อยู่เฉยๆ": -1,
  "อยู่ในความครอบครอง": -2,
  "อยู่ยงคงกระพัน": 2,
  "อร่อย": 3,
  "อวดดี": -2,
  "อ้วน": 2,
  "ออกจาก": -1,
  "อ่อนเยาว์": 2,
  "อ่อนแอ": -2,
  "อ่อนโยน": 2,
  "อ่อนไหว": 2,
  "อ่อนน้อมถ่อมตน": 1,
  "อ่อนล้า": -3,
  "ออฟไลน์": -1,
  "อัญมณี": 3,
  "อันตราย": -2,
  "อันธพาล": -2,
  "อับ": -2,
  "อับอายขายหน้า": -3,
  "อัปรีย์": -2,
  "อาเจียน": -3,
  "อาเจียนออกมา": -3,
  "อาขยาน": 1,
  "อาฆาตแค้น": -2,
  "อ้าง": -1,
  "อาจโต้แย้งได้": -2,
  "อาชญากร": -3,
  "อาชญากรรม": -3,
  "อ่านผิด": -1,
  "อาภัพ": -2,
  "อาย": -2,
  "อารมณ์เสีย": -2,
  "อารมณ์ขัน": 2,
  "อาศิรพจน์": 3,
  "อิจฉา": -1,
  "อิฏฐารมณ์": 2,
  "อิดออด": -2,
  "อิ่มเอมใจ": -2,
  "อึ": -4,
  "อึกทึก": -1,
  "อึดอัด": -2,
  "อึดอัดใจ": -2,
  "อืด": -2,
  "อื้อฉาว": -3,
  "อื้ออึง": -1,
  "อุกอาจ": -3,
  "อุจจาระ": -1,
  "อุดตัน": -1,
  "อุดม": 2,
  "อุทธรณ์": 2,
  "อุทธัจ": -2,
  "อุทิศ": 3,
  "อุบัติเหตุ": -3,
  "อุปถัมภ์": 2,
  "อุปสรรค": -2,
  "อุ่ย": -2,
  "อุ๊ย": -2,
  "ฮ้า": 2,
  "ฮ่า ๆ": 3,
  "ฮ่าฮ่า": 3,
  "ฮ่าฮ่าฮ่า": 3,
  "ฮิสทีเรีย": -3,
  "ฮิฮิ": 2,
  "ฮึ": -2
}