{
  "absorberet": 1,
  "accept": 1,
  "acceptabel": 1,
  "acceptere": 1,
  "accepterer": 1,
  "accepteret": 1,
  "adelig": 2,
  "advare": -2,
  "advarer": -2,
  "advaret": -2,
  "advarsel": -3,
  "advarsler": -3,
  "ædelsten": 3,
  "ædleste": 2,
  "ære": 2,
  "æret": 2,
  "ærgrelse": -2,
  "ærlig": 2,
  "Æsler": -4,
  "afbalanceret": 1,
  "afbrudt": -1,
  "afbryde": -2,
  "afbrydelse": -2,
  "afbrydes": -1,
  "affald": -1,
  "affectionateness": 3,
  "affronted": -1,
  "afgående": -1,
  "afgifter": -2,
  "afgørende": 1,
  "afhængige": 2,
  "afhøring": -1,
  "afhørt": -2,
  "aficionados": 2,
  "afkøle": 1,
  "aflede": -1,
  "aflyst": -1,
  "afpresning": -3,
  "afpresse": -3,
  "afpresser": -3,
  "afpresset": -3,
  "afregning": 1,
  "afsavn": -3,
  "afskærmning": -2,
  "afskediget": -2,
  "afskrækkende": -2,
  "afskrækket": -2,
  "afsky": -3,
  "afskyede": -3,
  "afskyelige": -3,
  "afskyr": -3,
  "afslag": -2,
  "afslappet": 2,
  "afsmag": -2,
  "afsmitning": -2,
  "afspore": -2,
  "afsporer": -2,
  "afsporet": -2,
  "aftale": 1,
  "aftalt": 1,
  "aftalt spil": -3,
  "afværge": -1,
  "afværget": -1,
  "afvise": -1,
  "afviser": -1,
  "afvisning": -2,
  "afvisninger": -2,
  "afvist": -1,
  "aggression": -2,
  "aggressioner": -2,
  "aggressiv": -2,
  "aggressivitet": -2,
  "agonised": -3,
  "agoniserer": -3,
  "agonizes": -3,
  "agtelse": 2,
  "agtet": 2,
  "ak": -1,
  "akavet": -2,
  "aktier": 1,
  "aktiv": 2,
  "aktiver": 2,
  "alarm": -2,
  "alarmerende": -2,
  "alarmeret": -2,
  "alarmisterne": -2,
  "åleglat": 2,
  "alene": -2,
  "alert": -1,
  "alle tiders": 3,
  "allergisk": -2,
  "allestedsnærværende": 2,
  "allieret": 2,
  "alvorlig": -2,
  "alvorligt": -2,
  "ambitiøs": 2,
  "ambivalent": -1,
  "analfabetisme": -2,
  "anbefale": 2,
  "anbefalede": 2,
  "anbefaler": 2,
  "ånd": 1,
  "andægtig": 2,
  "åndrig": 2,
  "anerkendelse": 2,
  "anger": -2,
  "angers": -3,
  "angreb": -1,
  "angrebet": -1,
  "angrebne": -2,
  "angribe": -1,
  "angst": -2,
  "anholdelser": -2,
  "anklage": -2,
  "anklagede": -2,
  "anmelderroste": 2,
  "annullerer": -1,
  "annullering": -1,
  "anspændt": -2,
  "ansvar": 1,
  "ansvarlig": 2,
  "antagonistiske": -2,
  "anti": -1,
  "antipatier": -2,
  "anvendelighed": 2,
  "apati": -3,
  "apatisk": -3,
  "apeshit": -3,
  "apokalyptisk": -2,
  "apologi": -1,
  "ar": -2,
  "arbejdsløs": -1,
  "arbejdsløshed": -2,
  "argumenterer": -2,
  "arrestere": -2,
  "arresteret": -3,
  "arrogant": -2,
  "arsehole": -4,
  "assfucking": -4,
  "at bande": -2,
  "at lindre": 3,
  "at snyde": -3,
  "at tiltrække": 1,
  "attraktion": 2,
  "attraktioner": 2,
  "aura": 1,
  "av": -2,
  "Avenged": -2,
  "Avengers": -2,
  "averts": -1,
  "award": 3,
  "Backed": 1,
  "backs": 1,
  "badass": -3,
  "bæredygtig": 2,
  "bæredygtighed": 1,
  "bæredygtigt": 2,
  "bailout": -2,
  "ballade": -1,
  "Bamboozle": -2,
  "bamboozled": -2,
  "Bamboozles": -2,
  "bandlyst": -2,
  "bange": -2,
  "bankerot": -3,
  "Bankster": -3,
  "barbar": -2,
  "barbarisk": -2,
  "barmhjertighed": 2,
  "barnlig": -2,
  "barnliggjorde": -2,
  "barriere": -2,
  "barsk": -2,
  "barske": -2,
  "barskere": -2,
  "bastards": -5,
  "beatific": 3,
  "bebrejde": -2,
  "bebrejder": -2,
  "bede": 1,
  "bedende": 1,
  "beder": 1,
  "bedøvelse": 4,
  "bedøvet": -2,
  "bedrag": -3,
  "bedrage": -3,
  "bedrager": -2,
  "bedrageri": -3,
  "bedragerisk": -3,
  "bedraget": -3,
  "bedre": 2,
  "bedrøve": -2,
  "bedrøvet": -2,
  "bedst": 3,
  "bedste pokkers": 4,
  "befitting": 2,
  "begå": 1,
  "begået": -2,
  "begejstre": 3,
  "begejstret": 5,
  "begivenhedsløs": -2,
  "begrænse": -2,
  "begrænser": -2,
  "begrænset": -1,
  "begrænsning": -1,
  "begravelse": -1,
  "begravelser": -1,
  "begunstiget": 2,
  "behændig": 2,
  "behagelig": 3,
  "bekæmpe": -1,
  "bekæmper": -1,
  "beklage": -3,
  "beklagede": -3,
  "beklagelse": -2,
  "beklagende": -2,
  "beklager": -2,
  "bekvemmeligheder": 2,
  "bekymrende": -2,
  "bekymret": -2,
  "bekymring": -3,
  "bekymringer": 2,
  "belaste": -2,
  "belastet": -2,
  "belønnet": 3,
  "belønning": 2,
  "belønninger": 2,
  "bemærkelsesværdig": 2,
  "bemyndige": 2,
  "benådet": 2,
  "benådning": 2,
  "benægte": -2,
  "benægtelser": -2,
  "benægter": -2,
  "benægtere": -2,
  "bereaving": -2,
  "berettiget": 2,
  "berolige": 2,
  "beroligede": 2,
  "beroligende": 3,
  "beroliger": 2,
  "beroliget": 1,
  "berømmelse": 1,
  "berømt": 2,
  "berøve": -2,
  "berøver": -2,
  "beruset": -2,
  "berygtet": -2,
  "besat": 2,
  "besejret": -2,
  "beskadiget": -3,
  "beskidte": -2,
  "beskylde": -2,
  "beskylder": -2,
  "beskyldninger": -2,
  "beskytte": 1,
  "beskytter": 1,
  "beskyttet": 1,
  "bestemt": 1,
  "bestikke": -3,
  "bestikkelse": -3,
  "bestride": -2,
  "bestukket": -3,
  "besvær": -2,
  "besværlig": -3,
  "betændt": -2,
  "betænkelig": -2,
  "betænkelighed": -2,
  "betagende": 5,
  "betaget": 3,
  "betale": -1,
  "betroet": 2,
  "betryggende": 2,
  "betydelig": 1,
  "betydning": 2,
  "beundre": 3,
  "beundrende": 3,
  "beundrer": 3,
  "beundret": 3,
  "bevaret": -1,
  "bevilget": 1,
  "bevillinger": 1,
  "bidende": -3,
  "bifald": 2,
  "bifalder den": 2,
  "billethajer": -2,
  "bisse": -2,
  "bitreste": -2,
  "bitter": -2,
  "bittert": -2,
  "bivirkninger": -2,
  "bizar": -2,
  "blændende": 3,
  "blah": -2,
  "blind": -1,
  "Blithe": 2,
  "blockbuster": 3,
  "blodig": -3,
  "blok": -1,
  "blokade": -2,
  "blokerer": -1,
  "blokeret": -1,
  "blokke": -1,
  "blomstrende": 3,
  "bøde": 2,
  "bøder": -2,
  "Bølle": -2,
  "bombe": -1,
  "boost": 1,
  "boostet": 1,
  "boosts": 1,
  "bore": -2,
  "bort": -2,
  "bortfalder": -1,
  "bortfaldet": -1,
  "bortførelse": -2,
  "bortførelser": -2,
  "bortført": -2,
  "bortrykket": 2,
  "bortvise": -2,
  "bortvist": -2,
  "bosættelser": 1,
  "boykot": -2,
  "boykotte": -2,
  "boykottede": -2,
  "brændende": 2,
  "brand": -2,
  "braveness": 2,
  "bravour": 3,
  "brilliances": 3,
  "brud": -2,
  "brutal": -3,
  "brutalt": -3,
  "brutto": -2,
  "bryde igennem": 3,
  "bryder sammen": -2,
  "bryster": -2,
  "bud": 2,
  "bule": -2,
  "bullshit": -4,
  "bummer": -2,
  "byrde": -2,
  "byrder": -2,
  "censor": -2,
  "censorer": -2,
  "censoreret": -2,
  "chagrined": -2,
  "champion": 2,
  "championed": 2,
  "champions": 2,
  "chance": 2,
  "chancer": 2,
  "charme": 3,
  "charmerende": 3,
  "charmless": -3,
  "cheater": -3,
  "cherishing": 2,
  "chic": 2,
  "chide": -3,
  "chided": -3,
  "chikane": -3,
  "chikanerende": -3,
  "chikanerer": -3,
  "chikaneret": -3,
  "chok": -2,
  "chokerende": -2,
  "chokeret": -2,
  "chokes": -2,
  "classy": 3,
  "clueless": -2,
  "cocksucker": -5,
  "cocksuckers": -5,
  "conciliates": 2,
  "consolable": 2,
  "contagions": -2,
  "contender": -1,
  "courageousness": 2,
  "criminates": -3,
  "crowding": -1,
  "crush": -1,
  "Dadler": -3,
  "dække til": -3,
  "daredevil": 2,
  "dårlig": -2,
  "dårlig opførsel": -2,
  "dårligt": -2,
  "dårligt stillede": -2,
  "Debonair": 2,
  "dedikation": 2,
  "dedikeret": 2,
  "defekt": -3,
  "defekter": -3,
  "deform": -2,
  "deformitet": -2,
  "deformiteter": -2,
  "defrauds": -3,
  "dehumaniseret": -2,
  "dehumanizes": -2,
  "deject": -2,
  "dejecting": -2,
  "dejects": -2,
  "dejlig": 3,
  "dejligt": 3,
  "del": 1,
  "delighting": 3,
  "delt": 1,
  "demonstranter": -2,
  "demonstration": -1,
  "demoralisere": -2,
  "demoraliserende": -2,
  "demoraliserer": -2,
  "demoraliseret": -2,
  "denier": -2,
  "deportationer": -2,
  "deportere": -2,
  "deporterer": -2,
  "deporteret": -2,
  "deprimerende": -2,
  "deprimeret": -2,
  "deriding": -2,
  "Dermed retfærdiggør": 2,
  "desillusionerede": -2,
  "desorienteret": -2,
  "desperat": -3,
  "Destruktiv": -3,
  "desværre": -2,
  "diamant": 1,
  "dick": -4,
  "dilemma": -1,
  "dilligence": 2,
  "dipshit": -3,
  "dire": -3,
  "disconsolation": -2,
  "disgustful": -3,
  "disharmoni": -2,
  "diskonteret": -1,
  "diskriminere": -2,
  "diskriminerende": -2,
  "diskriminerer": -2,
  "diskrimineret": -2,
  "diskvalificeret": -2,
  "distrahere": -2,
  "distraherer": -2,
  "distraheret": -2,
  "distraktion": -2,
  "dithering": -2,
  "dø": -3,
  "død": -2,
  "dødbringende": -2,
  "døde": -3,
  "dødelig": -3,
  "dødelighed": -2,
  "dodging": -2,
  "dødsfald": -2,
  "dødsulykke": -3,
  "dødvande": -2,
  "døende": -3,
  "dolke": -2,
  "dolket": -2,
  "dom": -1,
  "domme": -1,
  "dømme": -2,
  "dømmekraft": 2,
  "dømt": -2,
  "donation": 2,
  "donere": 2,
  "donerer": 2,
  "doneret": 2,
  "dont like": -2,
  "douche": -3,
  "doven": -1,
  "downside": -2,
  "drab": -2,
  "dråbe": -1,
  "dræbe": -3,
  "dræbt": -3,
  "drænet": -2,
  "drillet": -2,
  "dristig": 3,
  "dristige": 2,
  "dristigt": 2,
  "drøm": 1,
  "drømme": 1,
  "droppet": -1,
  "drukne": -2,
  "druknede": -2,
  "drukner": -2,
  "dud": -2,
  "dum": -2,
  "dumbass": -3,
  "dumhed": -3,
  "dump": -1,
  "dumpet": -2,
  "dumt": -2,
  "dupe": -2,
  "dupery": -2,
  "dydige": 2,
  "dygtig": 2,
  "dyrt": 3,
  "dysfunktion": -2,
  "dyster": -2,
  "dysterhed": -1,
  "dystre": -2,
  "eery": -2,
  "effektiv": 2,
  "effektivitet": 2,
  "Effektivt": 2,
  "efterfølgende": 3,
  "efterladte": -2,
  "efterspørgsel": -1,
  "eftertænksom": -1,
  "eftervirkning": -2,
  "egnet": 2,
  "egoistisk": -3,
  "eksklusiv": 2,
  "ekstase": 2,
  "ekstatisk": 4,
  "ekstremister": -2,
  "ekstremistiske": -2,
  "elegant": 2,
  "elendig": -2,
  "elendighed": -2,
  "elskede": 3,
  "elskelig": 3,
  "elsker": 3,
  "embarrasses": -2,
  "empatisk": 2,
  "empowerment": 2,
  "én gang i livet": 3,
  "en skam": -2,
  "en slags": 0,
  "energisk": 2,
  "engagere": 1,
  "engageret": 1,
  "enig": 1,
  "enke": -1,
  "enkelhed": 1,
  "enrages": -2,
  "enraging": -2,
  "ensom": -2,
  "entusiastisk": 3,
  "er effektivt": -2,
  "etisk": 2,
  "eufori": 3,
  "euforisk": 4,
  "evakuere": -1,
  "evakuerer": -1,
  "evakueret": -1,
  "evakuering": -1,
  "eventyr": 2,
  "eventyrlystne": 2,
  "evergreen": 2,
  "evergreening": -3,
  "evergreens": 2,
  "evne": 2,
  "evner": 2,
  "exasparate": -2,
  "excellence": 3,
  "exhilarates": 3,
  "exploits": -2,
  "fabelagtig": 4,
  "fabelagtigt": 4,
  "fad": -2,
  "fadt": -2,
  "fælde": -1,
  "fælder": -1,
  "fælt": -3,
  "fængsel": -2,
  "fængslet": -2,
  "fængsling": -2,
  "fag": -3,
  "fagots": -3,
  "fairness": 2,
  "faker": -3,
  "faldende": -1,
  "faldne": -2,
  "falsk": -1,
  "Falskneriet": -4,
  "fanatiker": -2,
  "fanatikere": -2,
  "fanden": -4,
  "fange": -2,
  "fanger": -2,
  "fanget": -2,
  "fantasifulde": 2,
  "fantasiløs": -2,
  "fantastisk": 4,
  "fantastiske": 4,
  "farce": -1,
  "fare": -2,
  "faret vild": -3,
  "faretruende": -2,
  "farlig": -3,
  "farligt": -2,
  "fascination": 3,
  "fascinere": 3,
  "fascinerer": 3,
  "fascineret": 3,
  "fascist": -2,
  "fascister": -2,
  "fast besluttet": 2,
  "fastgør": 2,
  "fatal": -3,
  "fattigdom": -1,
  "fattigere": -2,
  "fattigste": -2,
  "favorisere": 2,
  "favoriserer": 2,
  "favoriseret": 2,
  "favorit": 2,
  "favoritter": 2,
  "favourited": 2,
  "feber": -2,
  "Fedtmule": -2,
  "feje": -2,
  "fejl": -2,
  "fejlagtige": -2,
  "fejlagtigt": -2,
  "fejlbehæftet": -3,
  "fejlende": -2,
  "fejlfri": 2,
  "fejlfrit": 2,
  "fejlkategoriserer": -2,
  "fejlklassificeres": -2,
  "fejllæsning": -1,
  "fejlrapporteres": -2,
  "fejlrapportering": -2,
  "fejltænding": -2,
  "fejludvikling": -2,
  "fejlvurdering": -3,
  "fejre": 3,
  "fejrer": 3,
  "fejret": 3,
  "felonies": -3,
  "felony": -3,
  "fest": 3,
  "fester": 3,
  "festlig": 2,
  "fiasko": -2,
  "fiaskoer": -2,
  "fidgety": -2,
  "fiks": 2,
  "filantropi": 2,
  "fineste": 3,
  "finurlig": 1,
  "fitness": 1,
  "fjende": -2,
  "fjender": -2,
  "fjendskab": -2,
  "fjendtlig": -2,
  "fjollet": -1,
  "fjols": -2,
  "flagskib": 2,
  "flop": -2,
  "flops": -2,
  "flov": -2,
  "flugt": -1,
  "flydende": 2,
  "flygter": -1,
  "fobisk": -2,
  "fokuseret": 2,
  "følelse": 1,
  "følelsesløs": -1,
  "følgevirkninger": -2,
  "fond": 2,
  "for høje": -2,
  "for pokker": -4,
  "forældet": -2,
  "foragt": -2,
  "Foragt": -2,
  "foragte": -2,
  "foragtelig": -2,
  "foragteligt": -2,
  "foragtende": -2,
  "forarger": -2,
  "forbandelse": -1,
  "forbandet": -4,
  "forbavse": 3,
  "forbavsende": 3,
  "forbavser": 3,
  "forbedre": 2,
  "forbedrer": 2,
  "forbedret": 2,
  "forbedring": 2,
  "forberedt": 1,
  "forbitret": -2,
  "forbløffe": 2,
  "forbløffende": 3,
  "forbløffet": 3,
  "forbrydelse": -2,
  "forbrydelser": -3,
  "forbudt": -2,
  "forbyde": -1,
  "forbyder": -1,
  "fordel": 2,
  "fordelagtig": 2,
  "fordele": 2,
  "fordømme": -2,
  "fordømmelse": -2,
  "fordømmer": -2,
  "fordomsfri": 2,
  "fordømte": -2,
  "fordreje": -2,
  "fordrejer": -2,
  "forebyggelse": -1,
  "foregive": -1,
  "foregiver": -1,
  "forelskelse": 2,
  "førende": 2,
  "forenet": 1,
  "forfærdelig": -3,
  "forfærdelige": -3,
  "forfærdeligt": -3,
  "forfærdet": -2,
  "forfalske": -3,
  "forfalskede": -3,
  "forfalskning": -3,
  "forfalskninger": -3,
  "forfiner": 1,
  "forfjamsket": -2,
  "forfølge": -2,
  "forfølger": -2,
  "forfører": -3,
  "forført": -1,
  "forfriskende": 2,
  "forfulgt": -2,
  "forgæves": -2,
  "forgiftet": -2,
  "forguder": 3,
  "forgudet": 3,
  "forhåbentlig": 2,
  "forhindre": -1,
  "forhindrer": -1,
  "forhindret": -1,
  "forhindringer": -2,
  "forjage": -1,
  "forkælet": -2,
  "forkærlighed": 2,
  "forkant": 1,
  "forkert": -2,
  "forklædning": -1,
  "forklædninger": -1,
  "forklædt": -1,
  "forklejne": -2,
  "forkrampede": -2,
  "forlade": -1,
  "forladte": -2,
  "forlægge": -2,
  "forlægger": -2,
  "forlegenhed": -2,
  "forlige": 2,
  "forlystelser": 3,
  "formane": -2,
  "formanede": -2,
  "formilde": 2,
  "formilder": 2,
  "formildes": 2,
  "formode": -1,
  "formørkelser": -2,
  "formue": 2,
  "fornærme": -2,
  "fornærmelser": -2,
  "fornærmende": -2,
  "fornærmet": -2,
  "fornøjelig": 2,
  "fornøjelse": 3,
  "forpint": -2,
  "forpinte": -3,
  "forpligtelse": 2,
  "forpligter": 1,
  "forplumret": -1,
  "forpulede elsker": 4,
  "forpurre": -2,
  "forpurret": -2,
  "forråde": -3,
  "forråder": -3,
  "forrådt": -3,
  "forræderi": -3,
  "forræderisk": -3,
  "forringe": -1,
  "forringer": -1,
  "forringes": -2,
  "forringet": -1,
  "forseelser": -2,
  "forsigtig": 2,
  "forsigtighed": 2,
  "forsimplede": -2,
  "forsimpler": -2,
  "forsinke": -1,
  "forsinket": -1,
  "forskønne": 3,
  "forskrækkelse": -2,
  "forskrækket": -2,
  "forsømme": -2,
  "forsømmelser": -2,
  "forsømt": -2,
  "forsonet": 2,
  "forstand": 2,
  "forstenet": -2,
  "forstoppelse": -2,
  "forstyrre": -2,
  "forstyrrede": -2,
  "forstyrrelser": -2,
  "forstyrrende": -2,
  "forstyrrer": -2,
  "forstyrret": -2,
  "forsvare": 2,
  "forsvarede": 2,
  "forsvarer": 2,
  "forsvarere": 2,
  "forsvarsløse": -2,
  "forsvinde": -1,
  "forsvinder": -1,
  "forsvundet": -1,
  "fortegne": -2,
  "fortrudt": -2,
  "fortryllet": 2,
  "fortvivlelse": -3,
  "fortvivler": -3,
  "fortvivlet": -3,
  "forudindtaget": -2,
  "forurene": -2,
  "forurenende": -2,
  "forurenende stof": -2,
  "forurenende stoffer": -2,
  "forurener": -2,
  "forureneren": -2,
  "forurenerne": -2,
  "forurenet": -2,
  "forurening": -2,
  "forureninger": -2,
  "forurettet": -2,
  "foruroligende": -2,
  "forværre": -2,
  "forværrede": -2,
  "forværrer": -2,
  "forværres": -3,
  "forværret": -2,
  "forværring": -3,
  "forvanske": -2,
  "forvanskes": -2,
  "forventning": 1,
  "forvirre": -2,
  "forvirrende": -2,
  "forvirret": -2,
  "forvrænget": -2,
  "forvridende": -2,
  "frastødende": -2,
  "fraværende": -1,
  "fred": 2,
  "fredelig": 2,
  "fredeligt": 2,
  "fredfyldte": 2,
  "frelse": 2,
  "fremadstræbende": -1,
  "fremme": 1,
  "fremmedgørelse": -2,
  "fremmer": 1,
  "fremmes": 1,
  "fremragende": 3,
  "fremskreden": 1,
  "fremskridt": 2,
  "fremtrædende": 2,
  "frihed": 2,
  "friheder": 2,
  "frikende": 2,
  "frikender": 2,
  "frikendt": 2,
  "frikin": -2,
  "frisk": 1,
  "fritage": 2,
  "fritager": 2,
  "fritaget": -1,
  "fritliggende": -1,
  "frugtbar": 2,
  "frugtesløs": -2,
  "frugtesløse": -2,
  "frustration": -2,
  "frustrere": -2,
  "frustrerende": -2,
  "frustrerer": -2,
  "frustreret": -2,
  "fryder": 4,
  "frygt": -2,
  "frygtede": -2,
  "frygtelig": -3,
  "frygter": -2,
  "frygtfuld": -2,
  "frygtløs": 2,
  "frygtløshed": 2,
  "frygtsom": -2,
  "frygtsomt": -2,
  "ftw": 3,
  "fucked": -4,
  "fucker": -4,
  "fuckers": -4,
  "fuckface": -4,
  "fuckhead": -4,
  "fuckin": -4,
  "Fucktard": -4,
  "Fud": -3,
  "fuked": -4,
  "fuking": -4,
  "fulde af forventning": 2,
  "fuldkommenhed": 3,
  "funkler": 3,
  "funky": 2,
  "fup": -2,
  "fyret": -2,
  "fyring": -2,
  "gå glip af": -2,
  "gå i stå": -2,
  "gå ud": -2,
  "gæld": -2,
  "gået i stå": -2,
  "gået i stykker": -1,
  "gag": -2,
  "gal": -3,
  "galant": 3,
  "galninge": -3,
  "garanti": 1,
  "gave": 4,
  "gavmild": 2,
  "gavn": 2,
  "gemmer sig": -1,
  "gemt": 2,
  "gemte": -1,
  "gendanner": 1,
  "genere": -2,
  "generende": -2,
  "generer": -2,
  "generet": -2,
  "generøst": 2,
  "genert": -1,
  "genial": 3,
  "gennemført": 2,
  "genoplive": 2,
  "genopliver": 2,
  "genoprette": 1,
  "genoprettet": 1,
  "gerningsmændene": -2,
  "gerningsmand": -2,
  "gevinst": 2,
  "gevinster": 2,
  "gift": -2,
  "giftige": -3,
  "giftstoffer": -2,
  "gik i stykker": -1,
  "give": 1,
  "give lov til": 1,
  "givende": 2,
  "glad": 3,
  "glæde": 4,
  "glæde sig": 4,
  "glæder": 2,
  "glædesløse": -2,
  "glamourøse": 3,
  "glans": 3,
  "glat": 2,
  "glee": 3,
  "gleeful": 3,
  "glemme": -1,
  "glemsom": -2,
  "glemt": -1,
  "glemte": -1,
  "glide": -1,
  "glimrende": 3,
  "glimte": 3,
  "glødende": 2,
  "gnist": 1,
  "god": 3,
  "god fornøjelse": 2,
  "god morgen": 1,
  "godhed": 3,
  "godkende": 2,
  "godkendelse": 2,
  "godkender": 2,
  "godkendt": 2,
  "godt kæmpede": 3,
  "godt køb": 2,
  "godtroende": -2,
  "godtroenhed": -2,
  "goodwill": 3,
  "goofiness": -2,
  "gør ondt": -2,
  "gr8": 3,
  "grå": -1,
  "grådige": -2,
  "grådighed": -3,
  "græd": -2,
  "græde": -2,
  "grædende": -2,
  "græder": -2,
  "grænser": -1,
  "Grand": 3,
  "gratis": 1,
  "grav": -2,
  "greenwash": -3,
  "greenwasher": -3,
  "greenwashers": -3,
  "greenwashing": -3,
  "gribende": 2,
  "grim": -3,
  "grimhed": -3,
  "grine": 1,
  "griner": 1,
  "grøn vask": -3,
  "grov": -3,
  "gruer": -2,
  "grusom": -3,
  "grusomhed": -3,
  "grusomme": -3,
  "Gud": 1,
  "guld": 2,
  "gunstig": 2,
  "gusten": -2,
  "ha": 2,
  "håb": 2,
  "håbefuld": 2,
  "håber": 2,
  "håbløs": -2,
  "håbløshed": -2,
  "hacket": -1,
  "had": -3,
  "hade": -3,
  "hadede": -2,
  "hader": -3,
  "hadere": -3,
  "hædret": 2,
  "hæger": 2,
  "hæmme": -1,
  "hæmmer": -2,
  "hæmmet": -2,
  "hængende": -2,
  "hæslige": -3,
  "hævn": -2,
  "hævne": -2,
  "hævnende": -2,
  "hævner": -2,
  "hævngerrig": -2,
  "hagl": 2,
  "haha": 3,
  "hahaha": 3,
  "hahahah": 3,
  "halleluja": 3,
  "halt": -2,
  "halter": -2,
  "haltet": -2,
  "hån": -2,
  "handicap": -2,
  "håndplukket": 1,
  "håne": -2,
  "håner": -2,
  "hånlig": -2,
  "haplessness": -2,
  "hårdeste": -2,
  "hardier": 2,
  "hårdt": -1,
  "hardy": 2,
  "harmdirrende": -3,
  "harmfulde": -3,
  "harmoni": 2,
  "harmonisk": 2,
  "hater": -3,
  "haunting": 1,
  "heavyhearted": -2,
  "hedengangne": -2,
  "hehe": 2,
  "hektisk": -1,
  "held": 3,
  "heldig": 3,
  "heldigvis": 3,
  "helt": 2,
  "helte": 2,
  "helvede": -4,
  "hengivenhed": 2,
  "hengivne": 3,
  "henrykke": 3,
  "henseender": 2,
  "hensynsløs": -2,
  "herlige": 2,
  "heroisk": 3,
  "hidse": -2,
  "hidse op": -2,
  "hilse": 2,
  "hilsen": 1,
  "hilser": 1,
  "hilste": 2,
  "himmel": 2,
  "himmelhenrykt": 4,
  "himmelske": 4,
  "hindre": -2,
  "hindrende": -2,
  "hindring": -2,
  "hjælp": 2,
  "hjælpe": 2,
  "hjælpeløs": -2,
  "hjælper": 2,
  "hjemløs": -2,
  "hjemsøg": -1,
  "hjemsøger": -1,
  "hjemsøgt": -2,
  "hjemsøgte": -2,
  "hjemve": -2,
  "hjernevask": -3,
  "hjerteløs": -2,
  "hjerteskærende": -3,
  "hoax": -2,
  "høflig": 2,
  "høflighed": 2,
  "højdepunkt": 2,
  "højrøstet": -1,
  "højtidelig": -1,
  "holdbar": 2,
  "honorerer": 2,
  "hooligan": -2,
  "hooliganisme": -2,
  "hooligans": -2,
  "hovedpine": -2,
  "hoverende": 3,
  "huder": -1,
  "hule": -1,
  "human": 2,
  "humbug": -2,
  "humerous": 3,
  "humor": 2,
  "humoristisk": 2,
  "humørsyg": -1,
  "hungersnød": -2,
  "hurra": 5,
  "hurtig": 2,
  "hurtigt": 2,
  "hygge": 2,
  "hyklerisk": -2,
  "hylder": 2,
  "hyldest": 2,
  "hyldet": 2,
  "hypnotiserende": 3,
  "hysteri": -3,
  "hysterisk": -3,
  "i live": 1,
  "i stand til at": 1,
  "icky": -3,
  "idet der ses bort": -2,
  "idiot": -3,
  "idioti": -3,
  "idiotisk": -3,
  "ignorere": -1,
  "ignorerer": -1,
  "ignoreret": -2,
  "ikkegodkendt": -2,
  "ikke godt": -2,
  "ikke overbevist": -1,
  "ikke sjovt": -3,
  "ikke understøttet": -2,
  "ildevarslende": 3,
  "immobiliseret": -1,
  "immun": 1,
  "impedingly": -2,
  "imponere": 3,
  "imponerende": 3,
  "imponerer": 3,
  "imponeret": 3,
  "impotent": -2,
  "incapacitates": -2,
  "incensing": -2,
  "indbringende": 2,
  "indbrudstyv": -2,
  "indbrudstyveri": -2,
  "indbydende": 1,
  "inderligt": 3,
  "indflydelsesrig": 2,
  "indgreb": 1,
  "indignation": -2,
  "indignerede": -2,
  "indkassere i": -2,
  "indlagt": -2,
  "indløst": 2,
  "indoktrinere": -2,
  "indoktrinerer": -2,
  "indoktrineret": -2,
  "indrømme": -1,
  "indrømmede": -1,
  "indrømmer": -1,
  "indviklet": 2,
  "inediable": -2,
  "ineffektiv": -2,
  "ineffektivitet": -2,
  "ineffektivt": -2,
  "infantil": -2,
  "infektion": -2,
  "infektioner": -2,
  "infernalsk": -2,
  "infesting": -2,
  "inficere": -2,
  "inficerer": -2,
  "inficeret": -2,
  "influenza": -2,
  "infract": -2,
  "infracting": -2,
  "infracts": -2,
  "infraktionsramt": -2,
  "infuriates": -2,
  "ingen": -1,
  "initiativrige": 1,
  "injurierende": -2,
  "inkompetence": -2,
  "inkompetent": -2,
  "inkvisition": -2,
  "innovation": 1,
  "innovative": 2,
  "innovere": 1,
  "innoverer": 1,
  "inspiration": 2,
  "inspirere": 2,
  "inspirerende": 3,
  "inspirerer": 2,
  "inspireret": 2,
  "insufficiens": -2,
  "intakt": 2,
  "integritet": 2,
  "intelligent": 2,
  "intens": 1,
  "interessant": 2,
  "interesse": 1,
  "interesser": 1,
  "interesseret": 2,
  "interrupts": -2,
  "intetsigende": -2,
  "intimideret": -2,
  "intimidering": -2,
  "intimitet": 2,
  "intransigency": -2,
  "intriger": 1,
  "invaliderende": -1,
  "invasion": -1,
  "invitere": 1,
  "irettesættelse": -2,
  "irettesætter": -3,
  "irettesat": -2,
  "ironi": -1,
  "ironisk": -1,
  "irrationel": -1,
  "irreversibel": -1,
  "irreversibelt": -1,
  "irritation": -2,
  "irritere": -2,
  "irriterende": -2,
  "irriterer": -2,
  "irriteret": -2,
  "isolerede": -1,
  "ivrig": 2,
  "ivrige": 1,
  "ja": 1,
  "Ja": 1,
  "jackass": -4,
  "jaget": -2,
  "jaloux": -2,
  "jamre": -2,
  "jaunty": 2,
  "jesus": 1,
  "jolly": 2,
  "jovial": 2,
  "jublede": 4,
  "jublende": 3,
  "jumpy": -1,
  "juvel": 1,
  "juveler": 1,
  "kæmpe": 1,
  "kæmper": -2,
  "kæmpet": -1,
  "kæphøj": -2,
  "Kære": 2,
  "kærlig": 3,
  "kærligvenlighed": 3,
  "kærlighed": 3,
  "kamp": -1,
  "kampe": -2,
  "kampene": -2,
  "kan \"t stå": -3,
  "kan ikke lide": -2,
  "kanon": -1,
  "kantet": -2,
  "kaos": -2,
  "kaotisk": -2,
  "kapaciteter": 1,
  "kapret": -2,
  "karisma": 2,
  "kassation": -1,
  "kassere": -1,
  "kasseret": -1,
  "kastede op": -3,
  "kaster op": -3,
  "katastrofal": -3,
  "katastrofale": -4,
  "katastrofe": -2,
  "katastrofer": -2,
  "ked": -2,
  "kede": -2,
  "kedelig": -2,
  "kedelige": -3,
  "kidnapning": -2,
  "kidnapninger": -2,
  "kidnappe": -2,
  "kidnappet": -2,
  "kinder": 2,
  "klædt": -2,
  "klage": -2,
  "klagede": -2,
  "klager": -2,
  "klamt": -3,
  "klappe": 2,
  "klappede": 2,
  "klapper": 2,
  "klar": 1,
  "klarhed": 2,
  "klart": 1,
  "kløende": -2,
  "knus": 2,
  "knuser": -1,
  "knusning": -1,
  "knust": -2,
  "kollapse": -2,
  "kollapsede": -2,
  "kollapser": -2,
  "kollidere": -1,
  "kolliderende": -1,
  "kolliderer": -1,
  "kollision": -2,
  "kollisioner": -2,
  "komedie": 1,
  "komfort": 2,
  "komfortabel": 2,
  "komfortabelt": 2,
  "kompetencer": 1,
  "kompetent": 2,
  "komplicerende": -2,
  "kompliment": 2,
  "komplimenter": 2,
  "komplimenteres": 2,
  "konflikt": -2,
  "konflikter": -2,
  "konfliktskabende": -2,
  "konkurrencedygtig": 2,
  "konkurrenceudsat": -2,
  "konkurs": -2,
  "kontrovers": -2,
  "kontroverser": -2,
  "kontroversielle": -2,
  "kontroversielt": -2,
  "korrumperende": -3,
  "korrumperer": -3,
  "korrupt": -3,
  "korruption": -3,
  "kortsigtet": -2,
  "kostbar": -2,
  "kræft": -1,
  "krænkelse": -2,
  "krænkelser": -2,
  "krænker": -2,
  "krænket": -2,
  "krævede": -1,
  "krævende": -1,
  "kraftig": 2,
  "krak": -2,
  "kram": 2,
  "krampe": -1,
  "krav": -1,
  "kreativ": 2,
  "krig": -2,
  "krigsførelse": -2,
  "kriminel": -3,
  "kriminelle": -3,
  "krise": -3,
  "kritik": -2,
  "kritiker": -2,
  "kritikere": -2,
  "kritisere": -2,
  "kritiserer": -2,
  "kritiseret": -2,
  "kudos": 3,
  "kujon": -2,
  "kunne gentages": -2,
  "kunne lide": 2,
  "kusse": -5,
  "kvæle": -2,
  "kvælning": -2,
  "kvalitet": 2,
  "kvaliteter": 2,
  "kvalt": -1,
  "kyniker": -2,
  "kynisk": -2,
  "kynisme": -2,
  "kys": 2,
  "lackadaisical": -2,
  "lække": -1,
  "lækker": 3,
  "lækkerier": 3,
  "lækket": -1,
  "længes efter": -1,
  "længsel": 1,
  "lag": -1,
  "lanceret": 1,
  "latterlig": -3,
  "laughting": 1,
  "lave ulykker": -2,
  "laveste": -1,
  "lawl": 3,
  "ledelse": 1,
  "legal": 1,
  "legende": 2,
  "lejlighed": 2,
  "lempelig": 1,
  "let": 1,
  "lethed": 2,
  "lettet": 2,
  "levende": 2,
  "lide": -2,
  "lidelse": -2,
  "lidelser": -2,
  "lidenskabelig": 2,
  "lider": -2,
  "lidt": -2,
  "liflig": 3,
  "lig": -1,
  "lige": 1,
  "ligeglade": -2,
  "ligegyldig": -1,
  "ligegyldighed": -2,
  "likers": 2,
  "lindre": 2,
  "lindrer": 1,
  "lindret": 3,
  "litigious": -2,
  "livlig": 3,
  "livløs": -1,
  "livslede": -2,
  "lmao": 4,
  "lmfao": 4,
  "lo": 1,
  "lobby": -2,
  "lobbyet": -2,
  "lobbyist": -2,
  "lobbyister": -2,
  "lobbyvirksomhed": -2,
  "løfte": 1,
  "løfter": 1,
  "løgner": -3,
  "løgnere": -3,
  "løj": -2,
  "lol": 3,
  "lolol": 4,
  "lololol": 4,
  "lolololol": 4,
  "lool": 3,
  "loool": 3,
  "looool": 3,
  "lort": -3,
  "lorte": -3,
  "lortehoved": -4,
  "løs": -3,
  "løse": 2,
  "løser": 2,
  "løsning": 2,
  "løsninger": 1,
  "lossepladser": -1,
  "løst": 2,
  "lovede": 1,
  "lovelies": 3,
  "lovligt": 1,
  "lovovertrædelser": -2,
  "loyal": 3,
  "loyalitet": 3,
  "luder": -4,
  "lugubrious": -2,
  "lukrative": 3,
  "luksus": 2,
  "lure": -1,
  "lurer": -1,
  "Lurer": -1,
  "luskede": -1,
  "lyddæmpning": -1,
  "lydhør": 2,
  "lykke": 3,
  "lykkedes": 3,
  "lykkelig": 3,
  "lykkeligste": 3,
  "lykkes": 3,
  "lykønske": 2,
  "lyksalighed": 3,
  "lyse": 1,
  "lyseste": 2,
  "lysstyrke": 1,
  "lystig": 3,
  "madly": -3,
  "mærkbar": 2,
  "mærkelig": -1,
  "mærkeligt": -1,
  "magtesløs": -2,
  "makabre": -2,
  "maladaption": -2,
  "målbevidst": 2,
  "maleriske": 2,
  "malplaceret": -2,
  "manddrab": -3,
  "mangel": 1,
  "mangelfuld": -2,
  "manglende evne": -2,
  "manglende respekt": -2,
  "mangler": -2,
  "manipulation": -1,
  "manipulere": -1,
  "manipuleret": -1,
  "med fordel": 2,
  "medalje": 3,
  "medfølelse": 2,
  "medfølende": 2,
  "meditativ": 1,
  "medlidenhed": -1,
  "medrivende": 3,
  "melankoli": -2,
  "memoriam": -2,
  "mened": -3,
  "meningsfuld": 2,
  "meningsløs": -2,
  "mere beskidt": -2,
  "mest beskidte": -2,
  "mesterligt": 2,
  "mesterværk": 4,
  "mesterværker": 4,
  "metodisk": 2,
  "middelmådighed": -3,
  "milepæl": 2,
  "miljøvenlig": 2,
  "mindeværdig": 1,
  "minerede": -3,
  "mirakel": 4,
  "mirthful": 3,
  "mirthfully": 3,
  "misbehaved": -2,
  "misbehaves": -2,
  "misbillige": -2,
  "misbilligelse": -2,
  "misbilligende": -2,
  "misbilliger": -2,
  "misbranding": -3,
  "misbrug": -2,
  "misbruge": -2,
  "misbruger": -3,
  "misbrugt": -2,
  "miscast": -2,
  "misclassify": -2,
  "misconducted": -2,
  "misconducting": -2,
  "misconducts": -2,
  "misforstå": -2,
  "misforståelse": -2,
  "misforstået": -2,
  "misforstår": -2,
  "misfortolket": -2,
  "mishag": -2,
  "mishandling": -2,
  "misinformation": -2,
  "misinformeret": -2,
  "miskrediteret": -2,
  "misleaded": -3,
  "mislykkedes": -2,
  "mislykkes": -2,
  "mislykket": -2,
  "mismodig": -3,
  "misreport": -2,
  "misreports": -2,
  "Misrepresented": -2,
  "misrepresents": -2,
  "mistænksom": -2,
  "mistænkte": -1,
  "mistanke": -1,
  "miste": -3,
  "mistillid": -3,
  "mistroisk": -2,
  "mistroiske": -3,
  "misundelig": -2,
  "misundelse": -1,
  "Misundelserne": -1,
  "misvisende": -3,
  "mobbet": -2,
  "mobning": -2,
  "mock": -2,
  "mod": 2,
  "modarbejdelse": -2,
  "modbydelig": -3,
  "modbydelige": -3,
  "modbydeligt": -3,
  "moden": 2,
  "modernisere": 2,
  "moderniserer": 2,
  "moderniseret": 2,
  "modernisering": 2,
  "modfaldne": -2,
  "modig": 2,
  "modigt": 2,
  "modløs": -2,
  "modstander": -1,
  "modstridende": -2,
  "mødt": 1,
  "møjsommelige": -2,
  "mongering": -2,
  "monopolisere": -2,
  "monopoliserer": -2,
  "monopoliseret": -2,
  "monopolisering": -2,
  "monotone": -1,
  "mope": -1,
  "moping": -1,
  "mord": -2,
  "morder": -2,
  "morderiske": -3,
  "morede": 3,
  "mørke": -1,
  "mørkeste": -2,
  "morsomt": 2,
  "motivation": 1,
  "motivere": 1,
  "motiverende": 2,
  "motiveret": 2,
  "mousserende": 3,
  "mudret": -2,
  "mukker": -2,
  "muligheder": 2,
  "mumpish": -2,
  "mundkurv": -2,
  "munter": 1,
  "munterhed": 3,
  "muntert": 2,
  "muntre": 3,
  "mut": -2,
  "myndighed": 1,
  "myte": -1,
  "n00b": -2,
  "nå": 1,
  "nåde": 1,
  "nådesløs": -2,
  "nådig": 3,
  "nægte": -2,
  "nægtede": -2,
  "nægter": -2,
  "nægtet": -2,
  "nærig": -2,
  "nærsynethed": -2,
  "nået": 1,
  "naiv": -2,
  "naive": -2,
  "narcissisme": -2,
  "narret": -2,
  "naturlig": 1,
  "nedbrud": -2,
  "nedbrudt": -2,
  "nedbryde": -2,
  "nedbrydes": -2,
  "nederlag": -2,
  "nedgjort": -2,
  "nedkøling": -1,
  "nedsættende": -2,
  "nedskæringer": -1,
  "nedskrivninger": -2,
  "nedslået": -2,
  "nedtur": -2,
  "nedvurderer": -2,
  "negativ": -2,
  "negativitet": -2,
  "nerver": -1,
  "nervøs": -2,
  "nervøst": -2,
  "niggas": -5,
  "nigger": -5,
  "nitning": 3,
  "nød": -2,
  "nødder": -3,
  "nødsituation": -2,
  "nødstedte": -2,
  "nonsens": -2,
  "nøs": -2,
  "nuttet": 2,
  "nybegynder": -2,
  "nyder": 2,
  "nydt": 2,
  "nys": -2,
  "nyse": -2,
  "nysen": -2,
  "nysgerrig": 2,
  "nyttig": 2,
  "obligatorisk": -1,
  "obskøn": -2,
  "obskønitet": -2,
  "obstruerende": -2,
  "obstruerer": -2,
  "obstruktion": -2,
  "ødelægge": -2,
  "ødelæggelse": -2,
  "ødelæggelser": -2,
  "ødelæggende": -2,
  "ødelægger": -3,
  "ødelagt": -2,
  "ødsle": -2,
  "ødsler": -2,
  "offensiv": -2,
  "offensivt": -2,
  "offer": -3,
  "offline": -1,
  "ofre": -3,
  "øge": 1,
  "øget": 1,
  "OKS": 2,
  "økse": -1,
  "øm": -1,
  "ombord": 1,
  "omfattende": 2,
  "omfavne": 1,
  "omgående": 1,
  "ømhed": 2,
  "omhyggelighed": 2,
  "omhyggeligt": 2,
  "omsorg": 2,
  "omsorgsfuld": 2,
  "omstridt": -2,
  "omstridte": -2,
  "ond": -2,
  "ondsindet": -2,
  "ondskab": -3,
  "ønske": 1,
  "ønskeligt": 2,
  "ønsker": 2,
  "ønskes": 2,
  "oops": -2,
  "opbakning": 2,
  "opbragte": -2,
  "opfører": -2,
  "opfundet": -1,
  "opfylde": 2,
  "opfyldelse": 2,
  "opfyldt": 2,
  "opgaveløsning": 1,
  "opgive": -2,
  "opgiver": -2,
  "ophæve": -1,
  "ophidse": 3,
  "ophidser": -2,
  "ophidset": 3,
  "opkastning": -3,
  "opladet": -3,
  "opløftende": 2,
  "oplyse": 2,
  "oplysende": 2,
  "oplyser": 2,
  "oplyst": 2,
  "opmuntre": 2,
  "opmuntrende": 2,
  "opmuntring": 2,
  "opnå": 2,
  "opnåelige": 1,
  "oppustet": -1,
  "oprigtig": 2,
  "oprigtighed": 2,
  "oprigtigste": 2,
  "oprigtigt": 2,
  "oprør": -2,
  "oprørende": -2,
  "oprørere": -2,
  "oprørsk": -2,
  "oprørt": -3,
  "opsige": -2,
  "opslugt": 1,
  "opsøgende": 2,
  "opsparing": 1,
  "opstemt": 3,
  "opstemthed": 3,
  "optimisme": 2,
  "optimistisk": 2,
  "optionless": -2,
  "optjent": 1,
  "optøjer": -2,
  "øredøvende": -1,
  "ostracizes": -2,
  "overbelaste": -1,
  "overbeskyttende": -2,
  "overbevise": 1,
  "overbeviser": 1,
  "overbevist": 1,
  "overdrevet": -2,
  "overdrive": -2,
  "overdrivelse": -2,
  "overdriver": -2,
  "overfald": -2,
  "overforenkler": -2,
  "overkommelig": 2,
  "overlegen": 2,
  "overlevede": 2,
  "overlevende": 2,
  "overløb": -2,
  "overraskende": 3,
  "overrasker": 2,
  "overreagere": -2,
  "overreagerer": -2,
  "overreageret": -2,
  "overreaktion": -2,
  "oversælge": -2,
  "overselling": -2,
  "oversells": -2,
  "overset": -1,
  "oversimplificering": -2,
  "overskridende": -2,
  "overskrider": -2,
  "overskrides": -2,
  "overskud": 2,
  "oversolgt": -2,
  "overspændt": -3,
  "overtrådt": -2,
  "overtræde": -2,
  "overtræder": -2,
  "overvægtig": -1,
  "oxymoron": -1,
  "pæn": 3,
  "påføre": -2,
  "påfører": -2,
  "påførte": -2,
  "pålægge": -1,
  "pålægger": -1,
  "pålagt": -1,
  "pålidelig": 2,
  "pålidelighed": 2,
  "pålideligt": 2,
  "panik": -3,
  "paradis": 3,
  "paradoks": -1,
  "Parley": -1,
  "parodi": -2,
  "partiskhed": -1,
  "påskønnelse": 2,
  "passe": 1,
  "passende": 2,
  "passion": 1,
  "passiv": -1,
  "passivitet": -2,
  "passivt": -1,
  "påstand": -2,
  "patetisk": -2,
  "patient": -2,
  "påvirket": -1,
  "perfects": 2,
  "perfekt": 3,
  "perfektionere": 3,
  "perfektioneret": 2,
  "peril": -2,
  "perspektiver": 1,
  "pervers": -3,
  "pessimisme": -2,
  "pessimistisk": -2,
  "pest": -3,
  "pik": -5,
  "pikeret": -2,
  "pikhoved": -4,
  "pileup": -1,
  "pinefuld": -3,
  "pines": -3,
  "pinlig": -2,
  "pique": -2,
  "pis": -4,
  "pissed": -4,
  "pissing": -3,
  "plage": -3,
  "plager": -3,
  "plaget": -3,
  "pleje": 2,
  "pletfri": 2,
  "plette": -2,
  "plettet": -2,
  "plyndring": -2,
  "pokkers": -2,
  "pokkers god": 4,
  "pokkers sød": 3,
  "poleret": 2,
  "populær": 3,
  "popularitet": 3,
  "positiv": 2,
  "positivt": 2,
  "posttraumatisk": -2,
  "præciserer": 2,
  "pralende": -2,
  "prblm": -2,
  "prblms": -2,
  "presserende": -1,
  "presset": -2,
  "priser": 3,
  "privilegeret": 2,
  "proaktiv": 2,
  "problem": -2,
  "problemer": -2,
  "problemfrit": 2,
  "profit": 2,
  "propaganda": -2,
  "protest": -2,
  "protester": -2,
  "protesterer": -2,
  "provokere": -1,
  "provokerende": -1,
  "provokerer": -1,
  "provokeret": -1,
  "prygl": -1,
  "pseudovidenskab": -3,
  "psykopatiske": -2,
  "pulserende": 3,
  "rå": -1,
  "råb": -2,
  "racisme": -3,
  "racist": -3,
  "racister": -3,
  "rådne": -3,
  "rædselsslagen": -3,
  "rædselsvækkende": -3,
  "raffinere": 1,
  "raffineret": 1,
  "rageful": -2,
  "ramaskrig": -2,
  "ramt": -1,
  "Ranter": -3,
  "Ranters": -3,
  "rants": -3,
  "rapturous": 4,
  "rasende": -2,
  "raseri": -2,
  "rask": 2,
  "rastløs": -2,
  "ratificeret": 2,
  "realisering": 2,
  "Rebel": -2,
  "recession": -2,
  "redde": 2,
  "reddet": 2,
  "redninger": 2,
  "redningskrans": 4,
  "Regerende": 1,
  "regnfuld": -1,
  "rejse tiltale": -1,
  "relishing": 2,
  "ren": 2,
  "renere": 2,
  "reneste": 1,
  "renvaske": -3,
  "repressalier": -3,
  "reprimander": -2,
  "Repulse": -1,
  "resigneret": -1,
  "resolut": 2,
  "respekt": 2,
  "respekteret": 2,
  "respektløshed": -2,
  "restriktiv": -1,
  "resultater": 2,
  "retard": -2,
  "retarderet": -2,
  "retfærdig": 2,
  "retfærdiggjort": 2,
  "retfærdighed": 2,
  "rethaverisk": -2,
  "retmæssige": 2,
  "retsforfølgelse": -1,
  "retsforfølger": -1,
  "retsforfulgt": -2,
  "retssag": -2,
  "retssager": -1,
  "rette": 2,
  "rettelig": 2,
  "returkommission": -3,
  "revet i stykker": -2,
  "revse": -3,
  "revser": -3,
  "rig": 2,
  "rigdom": 3,
  "rigere": 2,
  "rigget": -1,
  "rigsret": -3,
  "rigsretssag": -3,
  "rigt": 2,
  "rigtige retning": 3,
  "rigtigt": 2,
  "risici": -2,
  "risikabel": -2,
  "risikable": -2,
  "risiko": -2,
  "Robing": -2,
  "Robs": -2,
  "robust": 2,
  "rod": -2,
  "rodet": -2,
  "rofl": 4,
  "ROFLCOPTER": 4,
  "Roflmao": 4,
  "røgelse": -2,
  "Røgelse": -2,
  "rolig": 2,
  "roman": 2,
  "romantical": 2,
  "romantik": 2,
  "romantisk": 2,
  "rørende": 3,
  "ros": 3,
  "rose": 3,
  "Rose": 1,
  "roser": 3,
  "Roses": 2,
  "rost": 3,
  "rotfl": 4,
  "rotflmfao": 4,
  "rotflol": 4,
  "røv": -4,
  "røve": -2,
  "røver": -2,
  "røvhul": -4,
  "rugende": -2,
  "ruin": -2,
  "ruiner": -2,
  "rummelige": 1,
  "rydder": 1,
  "ryddet": 1,
  "rygende": -2,
  "rystelser": -2,
  "rysten": -2,
  "rystende": -2,
  "rystet": -2,
  "sabotage": -2,
  "sætninger": -2,
  "sagsøge": -2,
  "sagsøgt": -2,
  "salig": 3,
  "salut": 2,
  "sammensværgelse": -3,
  "samtykke": 2,
  "samtykker": 2,
  "sappy": -1,
  "sårbar": -2,
  "sårbarhed": -2,
  "såre": -2,
  "såret": -2,
  "sarkastisk": -2,
  "satans": -3,
  "savange": -2,
  "savanges": -2,
  "savnet": -2,
  "scumbag": -4,
  "seje ting": 3,
  "sejr": 3,
  "sejre": 3,
  "sejrherrer": 3,
  "selskabelig": 2,
  "selvmisbrug": -2,
  "selvmodsigende": -2,
  "selvmord": -2,
  "selvmordstanker": -2,
  "selvoptagethed": -3,
  "selvsikker": 2,
  "selvstændig illusorisk": -2,
  "selvtilfreds": -2,
  "selvtillid": 2,
  "ser godt ud": 3,
  "sexet": 3,
  "sexistic": -2,
  "sexistisk": -2,
  "shoody": -2,
  "side effekt": -2,
  "sidestykke": 2,
  "signifikant": 1,
  "sikker": 2,
  "sikkerhed": 1,
  "sikkert": 1,
  "sikre": 1,
  "sikrere": 2,
  "sikret": 2,
  "sikring": 1,
  "sindssyg": -2,
  "sindssyge": -2,
  "singleminded": -2,
  "sjovere": 4,
  "sjovt": 4,
  "skade": -2,
  "skadelig": -2,
  "skadelige": -3,
  "skader": -2,
  "SKADES": -2,
  "skadet": -2,
  "skælde ud": -2,
  "skælven": -2,
  "skælvende": -2,
  "skæmmer": -2,
  "skære": -1,
  "skære ned": -2,
  "skæring": -1,
  "skål": 2,
  "skam": -2,
  "skamfuld": -2,
  "skammeligt": -2,
  "skandale": -3,
  "skandaler": -3,
  "skandaløs": -3,
  "skåret": -2,
  "skat": 2,
  "skatte": 2,
  "skattede": 2,
  "skelnes": 2,
  "skelsbehandling": -3,
  "skepsis": -2,
  "skeptiker": -2,
  "skeptikere": -2,
  "skeptisk": -2,
  "skide": -4,
  "skide fantastisk": 4,
  "skide god": 4,
  "skide godt": 4,
  "skide hot": 2,
  "skide kærlighed": 4,
  "skide perfekt": 4,
  "skide smuk": 4,
  "skide sød": 4,
  "skiderik": -5,
  "skjule": -1,
  "skønhed": 3,
  "skønheder": 3,
  "skør": -2,
  "skøreste": -2,
  "skovle": 3,
  "skrækkelige": -2,
  "skræmme": -2,
  "skræmmende": -2,
  "skræmmer": -2,
  "skræmt": -2,
  "skråstreg": -2,
  "skråstreger": -2,
  "skreg": -2,
  "skrig": -1,
  "skrige": -2,
  "skrigende": -2,
  "skruet": -2,
  "skruet op": -3,
  "skuffe": -2,
  "skuffelse": -2,
  "skuffelser": -2,
  "skuffende": -2,
  "skuffer": -2,
  "skuffet": -2,
  "skumle": -2,
  "skummel": -2,
  "sky": -2,
  "skyde": -1,
  "skyde skylden": -2,
  "skyld": -3,
  "skylden": -2,
  "skyldig": -3,
  "slæber": -1,
  "slæbte": -1,
  "slået": -2,
  "slået tilbage": -2,
  "slag": -1,
  "slags": 0,
  "slashing": -2,
  "slave": -3,
  "slavebinde": -2,
  "slavebinder": -2,
  "slaver": -2,
  "slaveri": -3,
  "slicker": 2,
  "slid": -2,
  "slidt": -1,
  "slog": -1,
  "sløret": -2,
  "sløset": -2,
  "sløv": -2,
  "sløvende": -2,
  "sløvhed": -2,
  "slukøret": -2,
  "slumping": -1,
  "smæk": -2,
  "smag": 2,
  "smart": 1,
  "smartere": 2,
  "smarteste": 2,
  "smerte": -2,
  "smertefuldt": -2,
  "smertende": -2,
  "Smertens": -2,
  "smil": 2,
  "smilede": 2,
  "smilende": 2,
  "smitsom": -1,
  "smog": -2,
  "smøre": -2,
  "smuds": -2,
  "smugle": -2,
  "smugler": -2,
  "smuglet": -2,
  "smugling": -2,
  "smuk": 3,
  "smukt": 3,
  "snavs": -2,
  "snavset": -2,
  "snedig": 2,
  "snigmord": -3,
  "snubbed": -2,
  "snubbing": -2,
  "snubs": -2,
  "snyde": -3,
  "snyder": -3,
  "snydere": -3,
  "snydt": -3,
  "sød": 2,
  "sødere": 3,
  "sødeste": 3,
  "sofistikeret": 2,
  "solid": 2,
  "solidaritet": 2,
  "solskin": 2,
  "sømløs": 2,
  "søn of a bitch": -5,
  "sønderknust": -3,
  "sorg": -2,
  "sørge over": -2,
  "sørgede": -2,
  "sørger": -2,
  "sorgfuld": -2,
  "sorgløs": 1,
  "søvnløshed": -2,
  "spækhøker": -2,
  "spændende": 3,
  "spænding": 3,
  "spage": -2,
  "spam": -2,
  "spammer": -3,
  "spammere": -3,
  "spamming": -2,
  "spare": 2,
  "sparet bort": -1,
  "spekulant": -2,
  "spekulative": -2,
  "spidsmus": -4,
  "spil skiftende": 3,
  "spild": -1,
  "spilder": -2,
  "spildt": -2,
  "spillende": 2,
  "Spilopmagerne": -1,
  "spiritless": -2,
  "spøgefuld": 2,
  "spøgelse": -1,
  "spørgsmål": 1,
  "spørgsmålstegn": -1,
  "spottede": -2,
  "spotter": -2,
  "sprudlende": 4,
  "spydspids": 2,
  "squelched": -1,
  "stabil": 2,
  "stædig": -2,
  "stærk": 2,
  "stærkere": 2,
  "stærkest": 2,
  "stævning": -2,
  "stak": -2,
  "stalling": -2,
  "stand": -2,
  "standhaftige": 2,
  "standsning": -1,
  "stank": -2,
  "stereotype": -2,
  "stige": 1,
  "stiger": 1,
  "stiksår": -2,
  "stimulere": 1,
  "stimulerende": 2,
  "stimulerer": 1,
  "stimuleret": 1,
  "stinked": -2,
  "stinkende": -2,
  "stinker": -2,
  "stjæle": -2,
  "stjæler": -2,
  "stjal": -2,
  "stjålet": -2,
  "stød": -2,
  "stodder": -5,
  "stof": 1,
  "støjende": -1,
  "stolt": 2,
  "støn": -2,
  "stønne": -2,
  "stønnede": -2,
  "stønnen": -2,
  "stønnende": -2,
  "stønner": -2,
  "stop": -1,
  "stoppet": -1,
  "stor": 1,
  "størkne": 2,
  "størkner": 2,
  "størknet": 2,
  "størkning": 2,
  "større": 3,
  "storslået": 3,
  "størst": 3,
  "støtte": 2,
  "støttende": 2,
  "støttes bredt": 2,
  "strækninger": 1,
  "straf": -2,
  "straffe": -2,
  "straffende": -2,
  "straffer": -2,
  "straffes": -2,
  "straffet": -2,
  "strafudmåling": -2,
  "strålende": 4,
  "strejke": -1,
  "strejkende": -2,
  "strejker": -1,
  "streng": 3,
  "strengt": 3,
  "stress": -1,
  "stressfaktorer": -2,
  "stressor": -2,
  "stridende": -1,
  "styrke": 2,
  "styrkelse": 2,
  "styrker": 2,
  "styrket": 2,
  "succes": 2,
  "succesfuld": 3,
  "sucks": -3,
  "sueing": -2,
  "Sues": -2,
  "suge": -3,
  "suk": -2,
  "sulky": -2,
  "sult": -2,
  "sulte": -2,
  "sultende": -2,
  "sulter": -2,
  "sund": 2,
  "super": 3,
  "superb": 5,
  "supporter": 1,
  "supreme": 4,
  "suspendere": -1,
  "suspenderet": -1,
  "svækkende": -2,
  "svækker": -2,
  "svækket": -2,
  "sværge": -2,
  "sværger": -2,
  "svag": -2,
  "svaghed": -2,
  "svagheder": -2,
  "svans": -3,
  "svig": -4,
  "svigagtig": -4,
  "svigte": -2,
  "svimmel": -1,
  "svindel": -2,
  "svindler": -4,
  "svindlere": -4,
  "svulst": -2,
  "syg": -2,
  "sygdom": -1,
  "sygdomme": -1,
  "syge": -2,
  "sympati": 2,
  "sympatisk": 2,
  "sympatiske": 2,
  "synd": -2,
  "syndebuk": -2,
  "syndebukke": -2,
  "synder": -2,
  "syndig": -3,
  "synes godt om": 2,
  "synes om": 2,
  "tab": -3,
  "tåbe": -3,
  "tåbelig": -2,
  "taber": -3,
  "tåber": -2,
  "tæve": -5,
  "tæver": -5,
  "tage fejl": -2,
  "tak": 2,
  "takke": 2,
  "taknemmelig": 3,
  "talent": 2,
  "tandløs": -2,
  "tankeløs": -2,
  "tankevækkende": 2,
  "tapperhed": 3,
  "tard": -2,
  "tårer": -2,
  "tegneserie": 1,
  "terrifically": 4,
  "terror": -3,
  "terrorisere": -3,
  "terroriseret": -3,
  "terrorist": -2,
  "terrorister": -2,
  "terrorizes": -3,
  "til offer": -3,
  "tilbageholde": -2,
  "tilbageholdelse": -2,
  "tilbageholdt": -2,
  "tilbageslag": -3,
  "tilbagetrækning": -3,
  "tilbede": 3,
  "tilbedelse": 3,
  "tilbedende": 3,
  "tilbedt": 3,
  "tildeling": 1,
  "tilfældig": -2,
  "tilfreds": 2,
  "tilfredsstillelse": 2,
  "tilgængelig": 1,
  "tilgive": 1,
  "tilgivende": 2,
  "tilhængere": 1,
  "tilkomme": 2,
  "tillid": 1,
  "tillykke": 2,
  "Tillykke": 2,
  "tilrådeligt": 1,
  "tilsidesættes": -2,
  "tilskynder": 2,
  "tilskyndet": 2,
  "tilsløres": -1,
  "tilslutte": 1,
  "tilstrækkelig": 1,
  "tilsyn": -1,
  "tiltalt": -2,
  "tiltrækkende": 2,
  "tiltrækker": 2,
  "tiltrækningskraft": 2,
  "tiltrukket": 1,
  "tirade": -3,
  "tofter": -2,
  "tolerance": 2,
  "tolerant": 2,
  "tom": -1,
  "tomhed": -1,
  "top": 2,
  "toppe": 2,
  "tornede": -2,
  "tortur": -4,
  "torturerer": -4,
  "tortureret": -4,
  "tøs": -5,
  "tosse": -2,
  "totalitære": -2,
  "totalitarisme": -2,
  "tout": -2,
  "tøve": -2,
  "tøvende": -2,
  "træde tilbage": -1,
  "træder tilbage": -1,
  "træg": -2,
  "træk": -1,
  "trække sig tilbage": -1,
  "trængende": -2,
  "Trængsel": -2,
  "trængsler": -2,
  "trængte": -1,
  "træt": -2,
  "træt af": -3,
  "træthed": -2,
  "trætte": -2,
  "trættende": -2,
  "trævle op": 1,
  "tragedie": -2,
  "tragedier": -2,
  "tragisk": -2,
  "trauma": -3,
  "traumatisk": -3,
  "trist": -2,
  "triumf": 4,
  "triumferende": 4,
  "trivsel": 2,
  "tro": 1,
  "trodsig": -1,
  "trofast": 3,
  "trold": -2,
  "trøstende": 2,
  "true": -2,
  "truende": -1,
  "truer": -2,
  "truet": -2,
  "trusler": -2,
  "trussel": -2,
  "trusts": 1,
  "trygt": 2,
  "tryk": -1,
  "tugtet": -3,
  "tumult": -3,
  "tvær": -2,
  "tvang": -2,
  "tvangsauktioner": -2,
  "tvister": -2,
  "tvivl": -1,
  "tvivle": -2,
  "tvivlede": -1,
  "tvivlende": -1,
  "tvivlsom": -1,
  "tvunget": 1,
  "twat": -5,
  "Tyran": -3,
  "tyrannic": -3,
  "tyrannisk": -3,
  "tyranniske": -3,
  "Tyrans": -3,
  "uacceptabel": -2,
  "uægte": -3,
  "uærlig": -2,
  "uafklaret": -1,
  "uafviklede": -1,
  "uansvarlig": -2,
  "uansvarligt": -2,
  "uarbejdsdygtig": -2,
  "uarbejdsdygtighed": -2,
  "uartig": -2,
  "ubarmhjertig": -1,
  "ubehag": -2,
  "ubehagelig": -2,
  "ubehageligheder": -2,
  "ubehageligt": -2,
  "ubekræftet": -1,
  "ubekymret": -2,
  "ubelejligt": -2,
  "ubeslutsom": -2,
  "ubesværet": 2,
  "ubetænksom": -2,
  "ubetydelig": -2,
  "ubønhørlig": -3,
  "ubrugelig": -2,
  "ubrugelighed": -2,
  "udbrud": -2,
  "uddriver": -2,
  "ude af drift": -2,
  "ude af stand": -2,
  "udelukke": -1,
  "udelukket": -2,
  "uden held": -2,
  "udestående": 5,
  "udfald": -2,
  "udfordring": -1,
  "udforskning": 1,
  "udforskninger": 1,
  "udholdenhed": 2,
  "udmanøvreret": -2,
  "udmattet": -2,
  "udnytte": -2,
  "udnyttet": -2,
  "udødelig": 2,
  "udretter": 2,
  "udsætte": -1,
  "udsættelse": -1,
  "udsætter": -1,
  "udsat": -1,
  "udsigt": 1,
  "udskud": -3,
  "udskudt": -1,
  "udskydelse": -1,
  "udslæt": -2,
  "udslette": -2,
  "udslettet": -2,
  "udsmid": -1,
  "udsøgt": 3,
  "udstødt": -2,
  "udsultet": -2,
  "uduelig": -2,
  "uduelighed": -2,
  "udvide": 1,
  "udvider": 1,
  "udvise": -2,
  "udvisning": -2,
  "uegnet": -2,
  "uelsket": -2,
  "uenighed": -2,
  "uetisk": -2,
  "ufokuseret": -2,
  "ufølsom": -2,
  "ufølsomhed": -2,
  "uforfærdede": 2,
  "uforgængelige": 2,
  "uforholdsmæssig": -2,
  "uforsætlig": -2,
  "uforsonlige": -2,
  "uforsonlighed": -2,
  "uforståelig": -2,
  "ufuldkommen": -2,
  "ufuldstændig": -1,
  "ugh": -2,
  "ugunstig": -2,
  "uheld": -2,
  "uheldig": -2,
  "uhøflig": -2,
  "uhyggelig": -2,
  "uhyggeligt": -2,
  "uhygiejniske": -2,
  "uhyrlig": -3,
  "uimodståelig": 2,
  "uimodståeligt": 2,
  "uimponeret": -2,
  "uinspirerede": -2,
  "uintelligent": -2,
  "uinteressante": -2,
  "uklar": -1,
  "ukrediteret": -1,
  "ulejlighed": -2,
  "ulempe": -2,
  "ulideligt": -1,
  "ulige": -1,
  "ulogisk": -2,
  "ulovlig": -3,
  "ulovligt": -3,
  "ulykke": -2,
  "ulykkelig": -2,
  "ulykkelige": -2,
  "ulykkelighed": -2,
  "ulykker": -2,
  "ulyksalige": -2,
  "umenneskelig": -2,
  "umenneskelige": -2,
  "umenneskeliggøre": -2,
  "umotiverede": -2,
  "unappreciated": -2,
  "undergang": -2,
  "undergravende": -2,
  "undergraver": -2,
  "underholde": 3,
  "underholdende": 2,
  "underholdning": 3,
  "underkende": -2,
  "underlegen": -2,
  "underminere": -2,
  "underminerer": -2,
  "undermineret": -2,
  "underperforme": -2,
  "underperformet": -2,
  "underpræsterende": -2,
  "underskud": -2,
  "underslæb": -3,
  "understøtninger": 2,
  "understøttes": 2,
  "understregede": -2,
  "undertal": -2,
  "undertrykkelse": -2,
  "undertrykkelser": -2,
  "undertrykkende": -2,
  "undertrykte": -2,
  "undervurdere": -1,
  "undervurderet": -1,
  "undervurdering": -1,
  "undgå": -1,
  "undgået": -1,
  "undrende": -2,
  "undskyld": -1,
  "undskylde": -1,
  "undskylder": -1,
  "undskyldning": -1,
  "undskyldte": -1,
  "undslippe": -1,
  "undslipper": -1,
  "undtagelse": -1,
  "undviger": -1,
  "unfunny": -2,
  "ungdommelig": 2,
  "ungenerous": -2,
  "uniform": -2,
  "uninvolving": -2,
  "unlovable": -2,
  "unparliamentary": -2,
  "unreleting": -2,
  "uønsket": -2,
  "uopfyldte": -2,
  "uoprettelig": -2,
  "uorganiseret": -2,
  "uoriginal": -2,
  "uovertruffen": 1,
  "uovervindelig": 2,
  "upassende": -2,
  "uplettet": 2,
  "uprofessionel": -2,
  "uretfærdig": -2,
  "uretfærdighed": -2,
  "uretmæssig": -2,
  "uretmæssigt": -2,
  "urigtige oplysninger": -2,
  "urimelig": -2,
  "uro": -2,
  "urolig": -2,
  "urolige": -2,
  "urolighederne": -2,
  "usammenhængende": -2,
  "usandsynligt": -1,
  "usandt": -2,
  "usårlig": 2,
  "uselvisk": 2,
  "usikker": -1,
  "usikre": -2,
  "usikrede": -2,
  "usmagelig": -2,
  "usofistikerede": -2,
  "usolgte": -1,
  "ustabil": -2,
  "ustoppelig": 2,
  "usund": -2,
  "utaknemmelig": -3,
  "utålmodig": -2,
  "utilbøjelige": -2,
  "utilfreds": -2,
  "utilfredse": -2,
  "utilgængelig": -1,
  "utilgivelig": -3,
  "utilgiveligt": -3,
  "utilsigtet": -2,
  "utilstrækkelig": -2,
  "utilstrækkeligt": -2,
  "utrolig": -1,
  "utrøstelig": -2,
  "uudforsket": -2,
  "uudholdelig": -2,
  "uværdig": -2,
  "uværdigt": -2,
  "uvidende": -2,
  "uvidenhed": -2,
  "uvidenskabelig": -2,
  "vækst": 2,
  "vækster": 2,
  "væmmes": -3,
  "Vær hilset": 2,
  "Vær venlig": 1,
  "værdi": 2,
  "værdig": 2,
  "værdighed": 2,
  "værdiløs": -2,
  "værdsætte": 2,
  "værdsætter": 2,
  "værdsat": 2,
  "være uenig": -2,
  "værre": -3,
  "værst": -3,
  "væsentligt": 1,
  "væv": -1,
  "væve": -1,
  "vag": -2,
  "vagt": 3,
  "vaklende": -1,
  "validere": 1,
  "validerer": 1,
  "valideret": 1,
  "validering": 1,
  "vanære": -2,
  "vanærede": -2,
  "vanæret": -2,
  "vanskelig": -1,
  "vantro": -1,
  "vanvid": -3,
  "varm": 1,
  "varme": 2,
  "vedtage": 1,
  "vedtager": 1,
  "velegnet": 2,
  "veletableret": 2,
  "velfokuseret": 2,
  "velgørende": 2,
  "velgører": 2,
  "velgørere": 2,
  "velhavende": 2,
  "velkomst": 2,
  "vellidte": 2,
  "vellykket": 3,
  "velplejet": 2,
  "velproportioneret": 2,
  "velsigne": 2,
  "velsignelse": 3,
  "velsignelser": 3,
  "velsigner": 2,
  "velstand": 3,
  "veludviklet": 2,
  "velvillige": 3,
  "vemodigt": -2,
  "ven": 1,
  "venlig": 2,
  "venlige": 2,
  "venlighed": 2,
  "venskab": 2,
  "venskabelig": 2,
  "vente": -1,
  "ventede": -1,
  "venter": -1,
  "ventilator": 3,
  "victimizes": -3,
  "victor": 3,
  "vidunder": 3,
  "vidundere": 3,
  "vidunderlig": 4,
  "vidunderligt": 4,
  "vigør": 3,
  "vigtig": 2,
  "viktimisering": -3,
  "vildlede": -3,
  "vildledende": -3,
  "vildleder": -3,
  "vildledning": -2,
  "villighed": 2,
  "vinde": 4,
  "vinder": 4,
  "virker ikke": -3,
  "virkningsløs": -2,
  "virulent": -2,
  "visdom": 1,
  "vision": 1,
  "visionær": 3,
  "visioner": 1,
  "visioning": 1,
  "vitalitet": 3,
  "vitamin": 1,
  "vittighed": 2,
  "vittigheder": 2,
  "voksende": 1,
  "vold": -3,
  "voldrelaterede": -3,
  "voldsom": -3,
  "voldsomt": -3,
  "voldtægtsforbryder": -4,
  "voldtage": -4,
  "voldtaget": -4,
  "vrag": -2,
  "vred": -1,
  "vrede": -3,
  "vundet": 2,
  "walkouts": -2,
  "wanker": -3,
  "warmhearted": 2,
  "warmness": 2,
  "winwin": 3,
  "woebegone": -2,
  "won": 3,
  "woo": 3,
  "woohoo": 3,
  "wooo": 4,
  "woow": 4,
  "wow": 4,
  "wowow": 4,
  "wowww": 4,
  "wrenching": -2,
  "wtf": -4,
  "wtff": -4,
  "wtfff": -4,
  "xo": 3,
  "xoxo": 3,
  "Xoxoxo": 4,
  "xoxoxoxo": 4,
  "ydmyg": 1,
  "ydmygelse": -3,
  "ydmyget": -3,
  "yeees": 2,
  "yndefuld": 2,
  "yndig": 3,
  "ynkelig": -2,
  "ynkeligt": -3,
  "yucky": -2
}