{
  "Non tasdiqlangan": -2,
  "turish mumkin": -3,
  "Ablah": -5,
  "Ablax": -3,
  "achchiq": -2,
  "achinarli": -2,
  "achingan": -1,
  "achinish": -2,
  "adashgan": -3,
  "adashtirish": -3,
  "adashtiruvchi": -3,
  "adekvat": 1,
  "adolat": 2,
  "adolatlilik": 2,
  "adolatsiz": -2,
  "adolatsizlik": -2,
  "adoring": 3,
  "adoringly": 3,
  "affectionateness": 3,
  "affronted": -1,
  "aficionados": 2,
  "afsona": -1,
  "afsus": -2,
  "afsuski": -2,
  "afv": 2,
  "afzalliklari": 2,
  "agonises": -3,
  "agonizes": -3,
  "Agressiyaning": -2,
  "ahahaha": 3,
  "ahamiyat": 2,
  "ahamiyatli": 2,
  "ahamiyatsiz": -2,
  "Ahdlashuvchi": -1,
  "ahmoq": -3,
  "ahmoqlik": -3,
  "ahmoqona": -2,
  "aholi punktlari": 1,
  "ajablanarli": 3,
  "ajoyib": 4,
  "ajoyib rosa": 4,
  "ajrata": -2,
  "aks": -2,
  "aksirdi": -2,
  "aksirib": -2,
  "aksirmoq": -2,
  "aktivlar": 2,
  "aktsiyalar": 1,
  "alam": -2,
  "alam qiladigan": -2,
  "alamli": -2,
  "aldab": -3,
  "aldagan": -2,
  "aldamoq": -2,
  "aldangan": -3,
  "aldash": -3,
  "aldaydi": -3,
  "aldoqchi": -3,
  "alır.Bu": -2,
  "allalar": 3,
  "allergik": -2,
  "Alliluyya": 3,
  "almashtirmoq": 1,
  "altruistik": 2,
  "amal": 1,
  "amalga": 2,
  "amalga oshiradi": 2,
  "amalga oshirish": 2,
  "Angers": -3,
  "aniq": 1,
  "aniqlik": 2,
  "antagonistik": -2,
  "anti": -1,
  "apeshit": -3,
  "apocalyptic": -2,
  "appeases": 2,
  "aql": -2,
  "aqldan ozgan": -2,
  "aqldan ozish": -3,
  "aqli boshidan ketgan": 2,
  "aqli kam": -3,
  "aqlli": 2,
  "aqlsiz": -2,
  "aralashdi": -2,
  "aromatizatorlar": 2,
  "arsehole": -4,
  "arzon": 2,
  "asab solishi": -2,
  "asab solishi ham": -2,
  "asabiy": -2,
  "asabiylashdi": -4,
  "aşağılamaktaydı": -2,
  "aşağılanmaktadır": -2,
  "Aşağılıksın": -5,
  "asir": 3,
  "aslzoda": 2,
  "asoslamoq": 1,
  "asoslangan": 2,
  "ass": -4,
  "assfucking": -4,
  "atirgul": 1,
  "atoqli": 5,
  "atroflicha": 2,
  "aura": 1,
  "avenged": -2,
  "avf": 2,
  "avj": -2,
  "avoid": -1,
  "axlat": -1,
  "axlatni": -3,
  "Axloq tuzatish": -2,
  "axloqiy": 2,
  "ayanchli": -2,
  "ayb": -3,
  "aybdor": -3,
  "aybdorlar": -2,
  "ayblab": -2,
  "aybladi": -2,
  "ayblamoq": -1,
  "ayblamoqda": -2,
  "ayblanuvchi": -2,
  "ayblash": -3,
  "ayblaydi": -2,
  "ayblov": -1,
  "ayblovlar": -2,
  "aynan": 1,
  "aysh": -2,
  "ayyor": 2,
  "aza": -2,
  "aza tutdi": -2,
  "aza tutmoq": -2,
  "aziz": 2,
  "azob": -2,
  "azobuqubat": -2,
  "azoblanguvchi": -3,
  "azoblaydir": -3,
  "badass": -3,
  "badavlat": 2,
  "badbashara": -2,
  "badbaxt": -2,
  "badjahl": -3,
  "baho": 2,
  "bahramand": 2,
  "bahslashayotgan": -2,
  "bahsli": -2,
  "bahtli": 2,
  "bajaradi": 2,
  "bajarildi": 2,
  "bajarish": 2,
  "bamboozled": -2,
  "bamboozles": -2,
  "bankrot": -3,
  "bankrotlik": -3,
  "bankster": -3,
  "baqadrihol": 2,
  "baqiriq": -2,
  "baquvvat": 2,
  "baraka": 3,
  "barkamol": 2,
  "barqaror": 2,
  "barqarorlik": 1,
  "basitleştirmemek": -2,
  "bastards": -5,
  "baxil": -2,
  "baxsh": 2,
  "baxt": 3,
  "baxtli": 3,
  "baxtsiz": -2,
  "baxtsiz hodisa": -2,
  "baxtsiz hodisalar": -2,
  "baxtsizlik": -2,
  "bayonnomasida": -2,
  "bayram": 3,
  "beadab": -2,
  "beadabsizlik": -2,
  "becerdin": -4,
  "bechora": -2,
  "befarq": -2,
  "befarqlik": -2,
  "befoyda": -2,
  "beğenilen": 3,
  "begonalashish": -2,
  "behuda": -2,
  "beixtiyor": -2,
  "Bekatlar": -1,
  "bekor": -2,
  "bekor qilmoq": -1,
  "bekordanbekorga sarflaydi": -2,
  "belgilangan": 1,
  "benazir": 2,
  "beparvo": -2,
  "beparvolik": -2,
  "beqaror": -2,
  "Beqaror": -1,
  "berahm": -2,
  "bereave": -2,
  "bereaves": -2,
  "bereaving": -2,
  "beriladigan": -1,
  "berilgan": 1,
  "berish": 1,
  "beva": -1,
  "bexabar": -2,
  "bexosdan": -2,
  "bezori": -2,
  "bezorilik": -2,
  "Bezorilik": -2,
  "bezovta": -2,
  "bezovta qiladi": -2,
  "bezovta qilgan": -2,
  "bezovta qilmoq": -3,
  "bezovta qiluvchi": -3,
  "bezovtalanish": -3,
  "bezovtalik": -2,
  "bijdonsiz": -2,
  "bıkkın": -2,
  "Bilayn": 1,
  "bir martainaumrbod": 3,
  "bir xildagi": -1,
  "birlashgan": 1,
  "bitches": -5,
  "bitim": 1,
  "blackmails": -3,
  "blah": -2,
  "Bliss": 3,
  "blok": -1,
  "blokbaster": 3,
  "bloklangan": -1,
  "bloklari": -1,
  "bobinlerle": -2,
  "boğulmaktadırlar": -2,
  "boğuluyor": -2,
  "boktan": -3,
  "bolalarcha": -2,
  "bolta": -1,
  "bomba": -1,
  "bortida": 1,
  "bosayotganini": -2,
  "Boshi": 2,
  "boshi aylanayotgan": -1,
  "boshidan": -1,
  "bosilgach": 2,
  "bosim": -2,
  "Bosim": -2,
  "bosqinchilik": -1,
  "botirlik": -1,
  "botirmoq": -2,
  "boy": 2,
  "boykot": -2,
  "boykotlarning": -2,
  "boylik": 2,
  "Bravura": 3,
  "brilliances": 3,
  "brilliant": 4,
  "bu echkini": -2,
  "BullShit": -4,
  "bummer": -2,
  "Bunisi": 4,
  "Buralish": -2,
  "burchakli": -2,
  "butunlik": 2,
  "buyuk": 3,
  "buzadi": -2,
  "buzgan": -2,
  "buzganlikda": -2,
  "buzib": -2,
  "buziladi": -2,
  "buziladigan": -2,
  "buzilgan": -2,
  "buzilish": -2,
  "buzilishi": -2,
  "buzilishiga": -2,
  "buzilishlari": -2,
  "buzilmagan": 2,
  "buzilmas": 2,
  "buzilmasdan": -2,
  "buzish": -2,
  "buzmoq": -2,
  "buzuqlik": -3,
  "çatışmacı": -2,
  "chagrined": -2,
  "chalasavod": -2,
  "chalingan": -2,
  "chalkash": -2,
  "chalkashlik": -2,
  "chalkashtirmoq": -2,
  "chandiq": -2,
  "charchagan": -2,
  "charchash": -2,
  "charchatadigan": -2,
  "charchoq": -2,
  "charming": 3,
  "charmless": -3,
  "cheater": -3,
  "CHEATERS": -3,
  "chegaralari": -1,
  "chekinishi,": -1,
  "cheklangan": -1,
  "cheklash": -2,
  "Cheklov": -2,
  "cheklovchi": -1,
  "chempioni": 2,
  "chempionlari": 2,
  "chempionligi": 2,
  "chetda": -1,
  "chetlashib": -2,
  "chidam": 2,
  "chidamli": 2,
  "chides": -3,
  "chiding": -3,
  "chin dildan": 2,
  "chiqargan": -1,
  "chiqarib yubordi": -2,
  "chiqarish": -1,
  "chiqib ketish": -2,
  "chiqindilarni": -1,
  "chirkinligi": -3,
  "chiroyli": 2,
  "choksiz": 2,
  "cinsiyetçi": -2,
  "Clears": 1,
  "clueless": -2,
  "cocksuckers": -5,
  "colluding": -3,
  "comforts": 2,
  "conciliated": 2,
  "conciliates": 2,
  "consolable": 2,
  "contagions": -2,
  "courageousness": 2,
  "crappy": -3,
  "criminated": -3,
  "criminates": -3,
  "Crush": -1,
  "crushes": -1,
  "cunt": -5,
  "cute": 2,
  "cute rosa": 4,
  "cuts": -1,
  "cynic": -2,
  "dadil": 2,
  "dafn": -1,
  "dahshat": -3,
  "Dahshat": -2,
  "dahshatli": -2,
  "Dahshatli": -2,
  "dakki bergan": -2,
  "dalda": 2,
  "daldali": 2,
  "dam": -1,
  "dam olishsiz": -2,
  "damn cute": 3,
  "damn yaxshi": 4,
  "dangasa": -1,
  "Daredevil": 2,
  "dargumon": -1,
  "dastak": 2,
  "dastgoh": -1,
  "dastgohlari": -1,
  "dauntless": 2,
  "deadening": -2,
  "debonair": 2,
  "deformiteleri": -2,
  "defrauds": -3,
  "degradatsiyaga uchragan": -2,
  "dehumanized": -2,
  "dehumanizes": -2,
  "dejecting": -2,
  "dejects": -2,
  "delighting": 3,
  "demoralizes": -2,
  "denglar": -1,
  "Deni": -2,
  "deportatsiya": -2,
  "derails": -2,
  "derides": -2,
  "deriding": -2,
  "detracted": -1,
  "detracts": -1,
  "dickhead": -4,
  "Dik": -4,
  "dilemma": -1,
  "Dilligence": 2,
  "dindirmiş": 2,
  "diniy": 2,
  "dipshit": -3,
  "diqqat": 2,
  "disapprovals": -2,
  "Discarding": -1,
  "disconsolation": -2,
  "disinclined": -2,
  "diskontlangan": -1,
  "disparages": -2,
  "disregard": -2,
  "disrespected": -2,
  "distrustful": -3,
  "dolandırıcıların": -4,
  "dong qatib qolgan": -1,
  "donolik": 1,
  "doom": -2,
  "Downer": -2,
  "dreading": -2,
  "Droopy": -2,
  "dump": -1,
  "duped": -2,
  "dupery": -2,
  "duraklaması": -2,
  "dushman": -2,
  "dushmanlarcha": -2,
  "dushmanlik": -2,
  "duyabiliyorsunuz": -2,
  "echilishi": 1,
  "echimlar": 1,
  "eery": -2,
  "ega": 2,
  "egalik": -2,
  "egoist": -3,
  "ehson": 2,
  "ehtiros": 1,
  "ehtirosli": 2,
  "ehtiyotkor": 2,
  "ehtiyotkorlik": 2,
  "eksklyuziv": 2,
  "ekspluatatsiya": -2,
  "ekstatik": 4,
  "ekstremistik": -2,
  "ekstremistlar": -2,
  "embarrasses": -2,
  "emmoq": -3,
  "eng": 2,
  "Eng baxtli": 3,
  "eng buyuk": 3,
  "eng past": -1,
  "eng qattiq": -2,
  "eng yaxshi": 3,
  "Eng yaxshi damn": 4,
  "eng yomon": -3,
  "enraging": -2,
  "enslaves": -2,
  "entrikalardan": 1,
  "epchil": 2,
  "erishgandan": 2,
  "erishilgan": 1,
  "erishish": 1,
  "erishsa": 1,
  "erkinliklari": 2,
  "erni": -2,
  "ErrorUndefined": -3,
  "ErrorWithTranslation": -1,
  "esankirab": -2,
  "esefle": -3,
  "eskirgan": -2,
  "esprili": 2,
  "etakchi": 2,
  "etarlicha": -2,
  "etarlicha baho bera olmaslik": -1,
  "etish": 1,
  "etishmaslik": -2,
  "etishmovchiligi": -2,
  "etkazayotgan": -2,
  "etmaydi": -2,
  "euphoric": 4,
  "evakuatsiya": -1,
  "Eveeet": 2,
  "Evergreen": 2,
  "evergreening": -3,
  "Evergreens": 2,
  "exaggerates": -2,
  "exasparate": -2,
  "exasperates": -2,
  "excruciatingly": -1,
  "exhilarates": 3,
  "exonerates": 2,
  "exonerating": 2,
  "eyforiya": 3,
  "ezgu": 3,
  "ezilgan": -2,
  "fabulous": 4,
  "fabulously": 4,
  "fag": -3,
  "fake": -3,
  "falokat": -3,
  "fan": 3,
  "fantastik": 4,
  "faol": 2,
  "faollashtirish": 1,
  "farosatli": 2,
  "farq qilmoq": -2,
  "faryod": -2,
  "faryodlar": -2,
  "fashist": -2,
  "fashistlar": -2,
  "faslining": 2,
  "fatal": -3,
  "fatality": -3,
  "fatigués": -2,
  "favorites": 2,
  "favourited": 2,
  "favqulodda": -2,
  "fazilatlar": 2,
  "fazilatli": 2,
  "fikr": 2,
  "fikrli": 2,
  "firibgar": -3,
  "Firibgar": -4,
  "firibgarlik": -4,
  "fitna": -3,
  "fitness": 1,
  "flagship": 2,
  "flop": -2,
  "fobiya": -2,
  "fohisha": -5,
  "fojia": -2,
  "fojialar": -2,
  "fojiali": -2,
  "Foreclosures": -2,
  "fosh": -1,
  "fosiq": -2,
  "foyda": 2,
  "foydalanish": -2,
  "Foydalanuvchi bilan aloqa": -1,
  "foydalari": 2,
  "foydali": 3,
  "foydani": -3,
  "foydasizlikdan": -2,
  "frikin": -2,
  "frustrates": -2,
  "ftw": 3,
  "Fuckers": -4,
  "fuckface": -4,
  "fuckhead": -4,
  "fucktard": -4,
  "fud": -3,
  "fuked": -4,
  "Fuking": -4,
  "fuming": -2,
  "gachasi": 1,
  "gagged": -2,
  "gallantly": 3,
  "garmoniya": 2,
  "garovga": -2,
  "gem": 3,
  "GERİZEKALI": -2,
  "giddy": -2,
  "Glee": 3,
  "goofiness": -2,
  "goofy": -2,
  "grand": 3,
  "grant": 1,
  "grantlar": 1,
  "greenwash": -3,
  "greenwasher": -3,
  "greenwashers": -3,
  "greenwashing": -3,
  "Groans": -2,
  "gullabyashnagan": 3,
  "gullabyashnash": 3,
  "gullibility": -2,
  "gumon": -1,
  "gunoh": -2,
  "gunohkor": -3,
  "gunohlari": -2,
  "ha": 2,
  "habash": -5,
  "haddan tashqari munosabatini": -2,
  "haddan tashqari savdo": -2,
  "hadya": 2,
  "hadya etmoq": 2,
  "hafli": 3,
  "haha": 3,
  "hahaha": 3,
  "hahahah": 3,
  "haidamoq": -1,
  "hairatda qoldirmoq": 3,
  "hal": 2,
  "hal qilish": 1,
  "halok": -3,
  "halokat": -2,
  "halokatga uchragan": -2,
  "halokatli": -4,
  "hamdard": 2,
  "hamjihatlikda": 2,
  "hamma joyda": 2,
  "haplessness": -2,
  "hapşırma": -2,
  "haqiga qasam ichgan": -2,
  "haqiqiy": 2,
  "haqli": 2,
  "haqli ravishda": 2,
  "haqorat": -3,
  "haqorat qilmoq": -2,
  "haqoratga uchragan": -3,
  "haqoratlar": -2,
  "haqoratlash": -2,
  "haqoratli": -2,
  "harakatsiz": -1,
  "harakatsizligi": -2,
  "harasses": -3,
  "hardier": 2,
  "Harms": -2,
  "harom": -2,
  "harorati": 2,
  "harried": -2,
  "hasad": -1,
  "hasadli": -2,
  "hashamatli": 3,
  "hasrat": -3,
  "haunted": -2,
  "hayajonga soladigan": 2,
  "hayajonlangan": 3,
  "hayajonlanish": 3,
  "hayajonli": 3,
  "haydab": -2,
  "hayoliy rosa": 4,
  "hayot": 3,
  "hayqiriq": 2,
  "hayqiriqlari": -2,
  "hayrat va havasini": 3,
  "hayratda qoldiradi": 3,
  "hayratga": 3,
  "hayratlanarli": 3,
  "hayron": -2,
  "hazar qilaman,": -3,
  "hazillar": 2,
  "heavyhearted": -2,
  "hehe": 2,
  "hibsga": -2,
  "hibslar": -2,
  "hid": -2,
  "himoya": 1,
  "himoyachilari": 2,
  "himoyachisi": 2,
  "himoyalangan": 1,
  "himoyasiz": -2,
  "hiyla": -1,
  "hiyonat": -3,
  "hokimiyat": 1,
  "holdan toygan": -2,
  "homiylik": 2,
  "hosildor": 2,
  "huckster": -2,
  "hujum": -2,
  "hujumchilari": -2,
  "hujumda": -2,
  "hujumi": -2,
  "hujumlar": -1,
  "hukm": -1,
  "hukm surayotgan": 1,
  "humerous": 3,
  "hunuk": -3,
  "huquq va imkoniyatlarini kengaytirish": 2,
  "hurmat": 2,
  "hurmat qilish": 3,
  "hurmatli": 2,
  "hurmatsizlik": -2,
  "hursand": 3,
  "Hursandchilik sochib": 2,
  "hushyor": 3,
  "husni buzilgan": -2,
  "hysterics": -3,
  "ibodat": 1,
  "ibodat qilmoq": 1,
  "iboli": -2,
  "ichlarida": -2,
  "Icky": -3,
  "idrok": 2,
  "iflos": -2,
  "iflos qilmoq": -2,
  "ifloslamoq": -2,
  "ifloslangan": -2,
  "ifloslanish": -2,
  "ifloslantiruvchi": -2,
  "ijobiy": 2,
  "ijodiy": 2,
  "ijtimoiy": 2,
  "ikkilangan": -1,
  "ikkilanib": -2,
  "ikkilanmasdan": -2,
  "ikkiyuzlamachi": -2,
  "ikrom": 2,
  "ilhomlanish": 2,
  "ilhomlantirmoq": 2,
  "ilhomlantiruvchi": 3,
  "iliq": 1,
  "iliqlik": 2,
  "ilmiy": -2,
  "ilohiy ilhom bilan": 2,
  "iltifot": 2,
  "iltifotlik": 3,
  "Iltimos": 1,
  "imkoniyat": 2,
  "imkoniyatlar": 2,
  "immun": 1,
  "imonsiz": -1,
  "impedingly": -2,
  "imtiyozli": 2,
  "incapacitates": -2,
  "indoctrinating": -2,
  "inediable": -2,
  "ineffectively": -2,
  "ineptitude": -2,
  "infantile": -2,
  "infantilized": -2,
  "infeksiya": -2,
  "infektsiya": -2,
  "infektsiyalari": -2,
  "infesting": -2,
  "infract": -2,
  "infracted": -2,
  "infracting": -2,
  "infracts": -2,
  "infuriates": -2,
  "ingradi": -2,
  "ingrash": -2,
  "injiq": 1,
  "injiqlik": -2,
  "inkor": -2,
  "inqiroz": -3,
  "inqirozga uchramoq": -2,
  "inqoblamoq": -1,
  "insofsiz": -4,
  "insofsizlik": -2,
  "intikama": -2,
  "intiqib": 2,
  "intiqom": -2,
  "intizor": 1,
  "intransigency": -2,
  "iqobi": -3,
  "irigan": -3,
  "Iron": -1,
  "irqchi": -3,
  "irqchilar": -3,
  "irqchilik": -3,
  "irratsional": -1,
  "irreproducible": -2,
  "isbotlamoq": 2,
  "ish tashlash": -1,
  "ishdan": -2,
  "ishga tushirdi": 1,
  "ishlamayapti": -3,
  "ishlamaydi": -3,
  "ishlamayotgan": -2,
  "ishlaridan pushaymon": -2,
  "ishonch": 2,
  "ishonch baxsh etadi": 2,
  "Ishonchim": 1,
  "ishonchli": 3,
  "ishonchliligi": 2,
  "ishongan": 2,
  "ishonib topshirilgan": 2,
  "ishonmaslik": -3,
  "ishontiradi": 1,
  "ishontirdi": 1,
  "ishontirish": 1,
  "ishontirmoq": 1,
  "ishonuvchan": -2,
  "ishsiz": -1,
  "ishsizlik": -2,
  "isitma": -2,
  "Iso": 1,
  "isrof": -2,
  "issiq": 2,
  "istak": 1,
  "istalgan": 2,
  "istalmagan": -2,
  "istamay": -2,
  "istaydi": 2,
  "istaymiz": 1,
  "istehzoli": -2,
  "istiqbollari": 1,
  "istisno": -1,
  "isyon": -2,
  "isyonchilar": -2,
  "isyonkor": -2,
  "it urgochisi": -5,
  "ittifoqchi": 2,
  "Itvachcha": -5,
  "ixtiloflar": -2,
  "izdoshlari yashirishda kabi urf": -1,
  "izlanishlari": 1,
  "izlari": -2,
  "izolyatsiya qilingan": -1,
  "iztirobli": -3,
  "izzat": 2,
  "jabr": -3,
  "jabrlangan": -2,
  "jabrlangan ayol": -3,
  "jabrlanuvchi": -2,
  "Jabrlanuvchiga": -2,
  "jackasses": -4,
  "jahannam": -4,
  "jahannamiy dardning asoratidan": -2,
  "jahldor": -3,
  "jahlini chiqaradigan": -2,
  "jalb": 1,
  "jang": -1,
  "janglar": -1,
  "janjal": -3,
  "janjalli": -3,
  "jannat": 3,
  "Janob": 2,
  "jarima": 2,
  "jarima solmoq": -2,
  "jarimalar": -2,
  "jarohat": -3,
  "jasorat": 2,
  "Jasorat": 2,
  "jasur": 2,
  "jasurlik": 2,
  "javob": 2,
  "jazava": -3,
  "jazavaning": -3,
  "jazo": -2,
  "jazolanishi": -2,
  "jazolash": -2,
  "jazolaydi": -2,
  "jiddiy": -2,
  "jilmaydi": 2,
  "jilmayib": 2,
  "jim": -1,
  "jin ursin": -4,
  "Jin ursin": -4,
  "jinni": -4,
  "jinnilik": -3,
  "jinoiy javobgarlikka": -2,
  "jinoyat": -3,
  "jinoyatchi": -3,
  "jinoyatchilar": -3,
  "jinoyatchilikda ayblanmoq": -3,
  "jinoyatga": -3,
  "jinoyatlar": -3,
  "jirkanch": -3,
  "jirkanchli": -2,
  "jirkanish": -3,
  "jirkanishidir": -3,
  "Jolly": 2,
  "jon": 3,
  "jonga tegdi": -3,
  "joniga tegmoq": -3,
  "jonli": 1,
  "jonsiz": -2,
  "joylar": 2,
  "joziba": 3,
  "jozibador": 2,
  "jozibadorligi": 2,
  "jozibali": 3,
  "juda": -3,
  "juda ham": -3,
  "juda sevadi": 3,
  "judayam": 3,
  "Jumpy": -1,
  "kabi": 2,
  "kabi dont": -2,
  "kabi; singari": 0,
  "kafolat": 1,
  "kalabalıklık": -1,
  "kaltaklangan": -2,
  "kam": -2,
  "kamchilik": -2,
  "kamchiliklar": -2,
  "kamchiliklari": -2,
  "kamchiliksiz": 2,
  "kamoli": 3,
  "kamolot": 3,
  "kamomadi": -2,
  "kamsitadigan": -2,
  "kamsitilgan": -3,
  "kamsitishga": -2,
  "kamsituvchi": -2,
  "kamtar": 1,
  "kar": -1,
  "kararmamış": 2,
  "kasal": -2,
  "kasallik": -1,
  "kasalliklar": -2,
  "kasalmand": -2,
  "kasalxonaga": -2,
  "katak": -2,
  "katılaşıp": 2,
  "katta": 3,
  "katta muvaffaqiyat": 3,
  "katta rosa": 4,
  "kayfiyat": -2,
  "kechagi": -2,
  "kechikish": -1,
  "kechiktirildi": -1,
  "Kechirasiz": -1,
  "kechirilmas": -3,
  "kechirim": -1,
  "kechirmas": -2,
  "kechirmoq": 2,
  "kelaverishdi": -2,
  "kelishilgan": 1,
  "kelishmay qolmoq": -2,
  "kelishmovchilik": -2,
  "kelmagan kishi": -1,
  "keltirgan": 1,
  "kemadek": 4,
  "keng": 1,
  "keng tarqalgan": 2,
  "kengaytirish": 1,
  "kerakli": 2,
  "keraksiz": -2,
  "kesatib": -3,
  "kesilgan": -1,
  "kesish": -1,
  "keskinlashtirmoqda": -2,
  "ketdiki": -2,
  "ketkazadi": 2,
  "ketmoq": -2,
  "keyinga qoldirish": -1,
  "kibru havo": 3,
  "Kickback": -3,
  "Kills": -3,
  "kinder": 2,
  "kinoya": -2,
  "kinoyali": -1,
  "kirleticileri": -2,
  "kısıntı": -2,
  "kiyiladi": -1,
  "kızdırdı": -2,
  "klas": 3,
  "kolliziya": -1,
  "Komediya": 1,
  "komissiya": -3,
  "konfor": 2,
  "kontaminasyonu": -2,
  "kontrabanda": -2,
  "koyimasangiz": 2,
  "kuch": 2,
  "kuchayish": 1,
  "kuchaytirmoq": -2,
  "kuchaytirmoqda": -2,
  "kuchlantirish": 2,
  "kuchli": 1,
  "kuchsiz": -2,
  "kuchsizlantirmoq": -2,
  "kuchsizlik": -2,
  "kufr": -2,
  "kul rang": -1,
  "kuladi": 2,
  "Kulgi": 1,
  "kulgili": -3,
  "kulib": 1,
  "kulmoq": 1,
  "kurash": -2,
  "kurashayotgan": -2,
  "kurashdi": -2,
  "kutib": 2,
  "kutilgan": -1,
  "kutmoq": -1,
  "ladan": -2,
  "lag": -1,
  "lanj": -2,
  "lanse": -2,
  "laughting": 1,
  "lavozimga": 1,
  "lawl": 3,
  "layoqatsizlik": -2,
  "lazzatlanish": 2,
  "letalite": -2,
  "lighthearted": 1,
  "likable": 2,
  "likers": 2,
  "lmao": 4,
  "lmfao": 4,
  "lobbi": -2,
  "lobbist": -2,
  "lobby": -2,
  "lobici": -2,
  "lol qoldiradigan": 2,
  "lolol": 4,
  "lololol": 4,
  "lolololol": 4,
  "lool": 3,
  "loool": 3,
  "looool": 3,
  "loqaydlik": -3,
  "loy": -2,
  "loyqa": -2,
  "lutfkor": 1,
  "maftun qilmoq": 3,
  "maftunkor": 3,
  "mahbus": -2,
  "mahbuslar": -2,
  "mahkum": -2,
  "Mahkum": -2,
  "mahmadona": -2,
  "mahmadona odam": -3,
  "mahorat bilan": 2,
  "mahrum": -3,
  "majbur": 1,
  "majburiy": -2,
  "majburiyat": 2,
  "majburlash": -2,
  "makr": -3,
  "maladaption": -2,
  "maldevelopment": -2,
  "malomat": -2,
  "mamnun": 2,
  "man": -2,
  "manfaat": 2,
  "manfaatdor": 2,
  "manipüle": -1,
  "mantiqsiz": -2,
  "maqsadi": 2,
  "maqsadli": 2,
  "maqtadi": 3,
  "maqtagan": 2,
  "maqtanchoq": -2,
  "maqtanmoq": 2,
  "maqtov": 2,
  "maqtovlar": 2,
  "mardlik": 3,
  "Margaritani sidqidildan sevar edi": 3,
  "maroqli": 2,
  "marvarid": 1,
  "Marvel": 3,
  "masala": 1,
  "masalalar": 1,
  "mashhur": 2,
  "mashhurligi": 3,
  "maskanlarida yurgan": -1,
  "maskelemeye": -1,
  "mast": -2,
  "masxara": -2,
  "masxara qilish": -2,
  "matonatli": 2,
  "mavjud emas": -1,
  "maxsus": 2,
  "maydalanib": -2,
  "maydalash": -1,
  "mayin": 3,
  "maynavozchilik": -1,
  "mazali": 3,
  "mazasi": -2,
  "mazmun": 1,
  "mazmunli": 1,
  "medal": 3,
  "Mediocrity": -3,
  "meditative": 1,
  "mehrmarhamatini": 3,
  "mehribon": 3,
  "Men maftunman": 3,
  "mensimaslik": -2,
  "mensimaydi": -1,
  "Mesut qilgan": 3,
  "mikrob bulaşmasını": -2,
  "minnatdor": 3,
  "minnatdorchilik": 2,
  "mirthful": 3,
  "mirthfully": 3,
  "mis": -1,
  "misbehaved": -2,
  "Misbehaves": -2,
  "misbranding": -3,
  "misclassified": -2,
  "misclassifies": -2,
  "misclassify": -2,
  "misconducted": -2,
  "misconducting": -2,
  "misconducts": -2,
  "misleaded": -3,
  "misplaces": -2,
  "misplacing": -2,
  "mispricing": -3,
  "misreport": -2,
  "misreported": -2,
  "misreports": -2,
  "mistaking": -2,
  "misunderstands": -2,
  "miya yuvish": -3,
  "mo'jizalari": 3,
  "moaning": -2,
  "Mocking": -2,
  "moda": -3,
  "modaga": -2,
  "modernizatsiya": 2,
  "modernlashma": 2,
  "mojaro": -2,
  "mojarolar": -2,
  "mojarolari": -3,
  "monopol": -2,
  "monopoliyasiga": -2,
  "monopolizes": -2,
  "Moody": -1,
  "moping": -1,
  "mos": 1,
  "motherfucking": -5,
  "muammo": -2,
  "muammolar": -2,
  "muammoli": -2,
  "muammosiz": 2,
  "muayyan": 1,
  "muhabbat": 2,
  "muhim": 1,
  "muhosara": -2,
  "muhtoj": -2,
  "mukammal": 2,
  "mukammaldir": 2,
  "mukkasidan ketgan": 1,
  "mukofot": 3,
  "Mukofot": 2,
  "mukofotlar": 2,
  "mukofotlari": 3,
  "mukofotlash": 2,
  "mulk": 2,
  "muloxaza": -2,
  "muloyim": 2,
  "muloyimlik": 2,
  "mumpish": -2,
  "mungli": -2,
  "munosib": 2,
  "munozara": -2,
  "munozaralarga": -2,
  "muomalaga layoqatsiz": -2,
  "muqarrar": -2,
  "muqobillashtirish": 2,
  "murakkab": 2,
  "murakkablashadi": -2,
  "murakkablashtiruvchi": -2,
  "murda": -1,
  "murosaga kelmaydigan": -2,
  "muruvvat": 2,
  "mushkullik": -2,
  "musibat": -2,
  "musibatdan": -2,
  "musibatli": -3,
  "mustabid": -3,
  "mustahkam": 2,
  "mustahkamlandi": 2,
  "mustahkamlash": 2,
  "mustahkamlaydi": 2,
  "mustaqil": -1,
  "mutaassiblik tarafdori": -2,
  "muvaffaqiyat": 2,
  "muvaffaqiyatga erishish": 3,
  "muvaffaqiyatli": 3,
  "muvaffaqiyatsiz": -2,
  "muvaffaqiyatsizlik": -2,
  "muvofiq": 2,
  "muvozanatli": 1,
  "muzdarip": -2,
  "muzokara": -1,
  "n00b": -2,
  "nadomat": -2,
  "nafas": -2,
  "nafis": 2,
  "nafrat": -3,
  "nafratlanadi": -3,
  "nafratlanadigan": -3,
  "nafratlanib": -2,
  "nafratlanish": -2,
  "nafratlanmoq": -3,
  "nafratlantirmoq": -1,
  "nafratlanuvchilar": -3,
  "nafratli": -2,
  "najot": 2,
  "namoyish": -1,
  "namoyishchilar": -2,
  "namoyishlar": -2,
  "narsisizmdir": -2,
  "nasihat": -2,
  "nazarpisand": -1,
  "nazokat": 2,
  "nazorat": -1,
  "nechta": -2,
  "nervlar": -1,
  "nido": -2,
  "nihoyatda": -3,
  "nikohdan tashqari": -3,
  "nish": -5,
  "nishonlamoqda": 3,
  "nishonlandi": 3,
  "nishonlash": 3,
  "niyyatlarini": 3,
  "nizolar": -2,
  "noaniq": -1,
  "nochor": -2,
  "Nodir asar, shoh asar": 4,
  "nodon": -2,
  "nogironlik": -2,
  "nohaq": -2,
  "noiloj": 2,
  "noinsof": -2,
  "noinsoniy": -2,
  "nola": -2,
  "nolasi": -2,
  "noloyiq": -2,
  "noloyiqligi": -2,
  "nomaqbul": -2,
  "nomi ku": -1,
  "nomlashni": -3,
  "nomli": 1,
  "Nomozov": -2,
  "nomukammal": -2,
  "nomutanosib": -2,
  "nomuvofiq": -2,
  "noprofessional": -2,
  "noqobil": -2,
  "noqonuniy": -3,
  "noqulay": -2,
  "noqulaylik": -2,
  "norozi": -2,
  "norozilik": -2,
  "noshukur": -3,
  "notinch": -2,
  "noumid": -3,
  "noumidlik": -2,
  "noxush": -2,
  "nozik": 2,
  "nufuzli": 2,
  "nuqsonlar": -3,
  "nuqsonli": -3,
  "nurli": 2,
  "obodonlashtirishga": 3,
  "och": -2,
  "och qolmoq": -2,
  "ochiqchasiga sharmanda": -3,
  "ochlik": -2,
  "ochlik çekmemesini": -2,
  "odamiy": 2,
  "odat": -2,
  "odatiy": -2,
  "odob": 2,
  "odobli": 2,
  "ofatlar": -2,
  "ogohlantirdi": -2,
  "ogohlantirish": -3,
  "ogohlantirishlar": -3,
  "ogohlantirmoqda": -2,
  "ohak": -3,
  "OKlar": 2,
  "olaysız": -2,
  "oldindan sezish": 1,
  "oldini": -2,
  "oldini olish": -1,
  "oliy": 4,
  "olmadi": -2,
  "olmos": 1,
  "olov": -1,
  "olqish": 2,
  "olqishladi": 2,
  "olqishlamoq": 2,
  "olqishlar": 2,
  "olqishlashdi": 2,
  "oltin": 2,
  "omad": 3,
  "omadli": 3,
  "omadsiz": -3,
  "Omadsizlik": -2,
  "ommabop": 3,
  "omon": 2,
  "omon qolgan": 2,
  "omon qolgan odam": 2,
  "omonat": 1,
  "onaylamaması": -2,
  "oops": -2,
  "optimistik": 2,
  "optimizm": 2,
  "optionless": -2,
  "oqibatlari": -2,
  "oqish": -1,
  "oqladi": 2,
  "oqlagan": 2,
  "oqlamoq": 2,
  "oqlangan": 2,
  "oqlaydi": 2,
  "oqlov": 2,
  "original emas": -2,
  "orospu": -5,
  "orqaga surmoq": -1,
  "orqasini": 1,
  "ortiqcha vaznli": -1,
  "oshdi": 1,
  "oshirib aytmoq": -2,
  "oson": 1,
  "osoyishta": 2,
  "ostracizes": -2,
  "otilib chiqish": -2,
  "otiqcha yuklamoq": -1,
  "otishma": -2,
  "ouch": -2,
  "outmaneuvered": -2,
  "overreacting": -2,
  "overreacts": -2,
  "oversell": -2,
  "overselling": -2,
  "oversells": -2,
  "oversimplifies": -2,
  "overstatement": -2,
  "overstatements": -2,
  "ovunmaydigan": -2,
  "ovuntirmoq": 3,
  "Oxiri": -2,
  "oxymoron": -1,
  "oyat": 2,
  "ozod": 2,
  "ozod qilingan": -1,
  "ozodlik": 2,
  "ozodlikdan mahrum": -2,
  "paradoks": -1,
  "parmalash": -2,
  "parodiya": -2,
  "parvarish": 2,
  "pasayish": -2,
  "passiv": -1,
  "past": -2,
  "pessimistik": -2,
  "pichoqlab": -2,
  "Pike": -2,
  "pileup": -1,
  "Pırıltılar": 3,
  "pishmagan": -2,
  "pissing": -3,
  "plaguing": -3,
  "plodding": -2,
  "pok": 1,
  "pora": -3,
  "porlatadi": 2,
  "posttravmatik": -2,
  "poymol": -2,
  "prblm": -2,
  "prblms": -2,
  "profiteer": -2,
  "prosesleridir": 2,
  "provokatsiya qilmoq": -1,
  "pseudoscience": -3,
  "puchga": -2,
  "pushaymon": -2,
  "püskürtüldü": -2,
  "putur etkazdi": -2,
  "puxta ishlab chiqilgan": 2,
  "qabr": -2,
  "qabul": 1,
  "Qabul": 1,
  "qabziyat": -2,
  "qadrqimmat": 2,
  "qadrlamaydigan": 2,
  "qadrlang": 2,
  "qadrlaydi": 2,
  "qahramon": 2,
  "qahramonlar": 2,
  "qahrli": -3,
  "qalbaki": -4,
  "qalbakilashtirishda": -3,
  "qalbakilashtirmoq": -3,
  "qalloblik": -2,
  "qamal": -2,
  "qamoq": -2,
  "qamoqqa": -2,
  "qamoqqa olish": -2,
  "qanoatlangan": -2,
  "Qaplama": -2,
  "qarashar": -2,
  "Qarashlari": -2,
  "Qarindosh": -2,
  "qaroqchi": -2,
  "qaror": 1,
  "Qaror": 2,
  "qarovsiz": -2,
  "qarsaklari": 2,
  "qarshilik": -1,
  "qarz": -2,
  "qasam": -2,
  "qasamyod": -2,
  "qashshoq": -3,
  "qashshoqlik": -2,
  "qasos": -2,
  "qasos olmoq": -2,
  "qasoskor": -2,
  "Qasoskorlar": -2,
  "qattiq": -2,
  "qattiq sevilgan": 3,
  "qattiq sevmoq": 3,
  "qattiqroq": -2,
  "qaynamoq": -2,
  "qaysar": -2,
  "qayt": -3,
  "Qayta": 1,
  "qayta tiklandi": 1,
  "qayta tiklash": 1,
  "qaytadan ishlamoq": 1,
  "qaytarib": -1,
  "qaytarib olish": -3,
  "qaytarilmas": -1,
  "qaytarish": -2,
  "qaytarmoq": -3,
  "qaytmas": -1,
  "qichiydigan": -2,
  "qichqirdi": -2,
  "qilgan": 1,
  "qilinmagan": -2,
  "qilmishlari": -2,
  "qimmat": -2,
  "qimmatbaho tosh": 1,
  "qisqartirmoq": -1,
  "qiyalik": -1,
  "qiyin": -2,
  "qiyinchilik": -2,
  "qiylanib": -2,
  "qiymat": 2,
  "qiymat pastligi": -2,
  "qiymatsiz": -2,
  "qiynalmoq": -3,
  "qiynayotgani": -4,
  "qiynoq": -4,
  "qiynoqlar": -4,
  "qiynoqqa": -4,
  "qiziq": -1,
  "qiziqa": 2,
  "qiziqarli": 3,
  "qiziqchi": 1,
  "qiziqish": 1,
  "Qiziqishlari": 1,
  "qiziquvchan": 2,
  "qobiliyat": 1,
  "qobiliyati": 1,
  "qobiliyatli": 1,
  "qobiliyatsiz": -2,
  "qocha": -2,
  "qochadigan": -1,
  "qochgan": -1,
  "qochib ketadi": -1,
  "qochirib": -1,
  "qochish": -1,
  "qodir": -2,
  "qodirsizlik": -2,
  "qoldirildi": -1,
  "qoldirilgan": -1,
  "qolgan": -2,
  "qoniqmagan": -2,
  "qonli": -3,
  "qonuniy": 1,
  "qopqon": -1,
  "qoralab": -2,
  "qoraladi": -2,
  "qoramtir": -2,
  "qoraygan": -2,
  "qotib": 2,
  "qotil": -2,
  "qotillik": -3,
  "qotillikka": -3,
  "qoyil": 3,
  "Qoyil": 4,
  "qozongan": 2,
  "qozonsa": -2,
  "quchoq": 2,
  "quchoqlamoq": 1,
  "quchoqlaymiz": 2,
  "qudratli": 2,
  "qul": -2,
  "qulab": -2,
  "qulab tushishi": -2,
  "qulay": 2,
  "qulaylik": 2,
  "qulflashga": -2,
  "qullik": -3,
  "qurboni": -3,
  "qurbonlari": -3,
  "qurbonlikka": -2,
  "qurigan": -2,
  "qurol": -1,
  "qusursiz": 2,
  "qutlashar": 2,
  "qutqaradi": 2,
  "qutqarib": 2,
  "qutqarish": 2,
  "quvib chiqarish": -2,
  "quvnoq": 2,
  "quvonchli": 3,
  "quvvatsizlik": -2,
  "quyish": -3,
  "quyosh nuri": 2,
  "rad": -1,
  "rad qilish": -2,
  "rageful": -2,
  "rahbariyati": 1,
  "rahm": -2,
  "rahmshafqat": 2,
  "rahmat": 2,
  "rahmdil": 2,
  "rahmdillik": 2,
  "rahmsiz": -3,
  "rahna": -2,
  "rak": -1,
  "ranjigan": -1,
  "ranjitishni": -2,
  "ranjitmoq": -2,
  "Ranters": -3,
  "rants": -3,
  "rapturous": 4,
  "raqib": -1,
  "raqobatdosh": 2,
  "raqobatlashayotgan": -1,
  "rashk": -2,
  "rashkchi": -2,
  "ratifikatsiya": 2,
  "razil": -3,
  "Relishing": 2,
  "repressiv": -2,
  "reprimanding": -2,
  "Republic of": -3,
  "rig": -1,
  "robed": -2,
  "robing": -2,
  "RobS": -2,
  "rofl": 4,
  "roflcopter": 4,
  "roflmao": 4,
  "rohat": 3,
  "roman": 2,
  "romantical": 2,
  "rosa": -4,
  "rosa sevgi": 4,
  "rosa yaxshi": 4,
  "rotfl": 4,
  "rotflmfao": 4,
  "rotflol": 4,
  "rozi": 1,
  "rozilik": 2,
  "ruh": 1,
  "ruhlantirish": 2,
  "ruhlantiruvchi": 2,
  "sabab": 1,
  "sabr": 2,
  "sabrsiz": -2,
  "sadoqat": 3,
  "sadoqatlik": 2,
  "safsata": -2,
  "sahiy": 2,
  "sahtekarlıklar": -4,
  "salbiy": -2,
  "salom": 1,
  "salomlashish": 1,
  "salomlashmoq": 1,
  "salqin": 1,
  "salqin narsalar": 3,
  "samaradorligi": 2,
  "samarali": 2,
  "samarasiz": -2,
  "samarasizligi": -2,
  "samimiy": 3,
  "samo": 2,
  "samoviy": 4,
  "sappy": -1,
  "saqlab": 2,
  "saqlangan": 2,
  "saqlanmagan": -3,
  "sarguzasht": 2,
  "sarguzashtlari": 2,
  "sarosimaga tushib": -3,
  "sasiq": -2,
  "sassiq": -2,
  "savange": -2,
  "savanges": -2,
  "savdolashish": 2,
  "savodsiz": -2,
  "savodsizlik": -2,
  "saxovat": 2,
  "sayqallangan": 2,
  "scams": -2,
  "scumbag": -4,
  "sehrlangan": 2,
  "sehrlash": 3,
  "sekin": -2,
  "sentences": -2,
  "sershovqin": -1,
  "sevadi": 3,
  "sevgi": 3,
  "sevib": 3,
  "sevib qolish": 2,
  "sevimli": 2,
  "sevimlilar": 2,
  "sevinadi": 4,
  "sevuvchi": 2,
  "sexistic": -2,
  "sexy": 3,
  "sezilarli darajada": 1,
  "shafqatli": 2,
  "shafqatsiz": -1,
  "shantaj": -3,
  "sharaf": 3,
  "sharaflash": 2,
  "sharmanda": -2,
  "sharmandalik": -2,
  "sharpa": -1,
  "shayton": -2,
  "shikoyat": -2,
  "shikoyatlar": -2,
  "shirin": 2,
  "shish": -2,
  "Shit": -4,
  "shithead": -4,
  "shock": -2,
  "shod": 2,
  "shodiyona": 3,
  "shoody": -2,
  "shovqin": -3,
  "shovqinli": -1,
  "shtat": -2,
  "shubha": -1,
  "shubhachi": -2,
  "shubhali": -1,
  "shubxali": -2,
  "shuhrat": 1,
  "shuhratparast": 2,
  "sifat": 2,
  "signal": -2,
  "silay": -2,
  "siljitmoq": -1,
  "silliq": 2,
  "silly": -1,
  "sinchkov": -2,
  "singan": -1,
  "singleminded": -2,
  "sinishi": -2,
  "siqilayotgan": -2,
  "siqilish": -1,
  "siqish": -2,
  "siymoq": -4,
  "sizgan": -1,
  "Skeptitsizm": -2,
  "skeptizimga oid": -2,
  "slam": -2,
  "slash": -2,
  "slesh": -2,
  "slickest": 2,
  "slumping": -1,
  "smog": -2,
  "smuggles": -2,
  "snub": -2,
  "snubbed": -2,
  "snubbing": -2,
  "snubs": -2,
  "sobering": 1,
  "sobiq": -1,
  "sodda": -2,
  "soddalashtirib": -2,
  "Soddalashtirib": -2,
  "soddalik": 1,
  "sodiq": 3,
  "sodir": 1,
  "sof": 1,
  "solihlik": 2,
  "soliq": 2,
  "soqit": 2,
  "soqov": -3,
  "sotib": 2,
  "sotilmay": -1,
  "sovrin": 2,
  "sovuradi": -2,
  "sovurmoq": -2,
  "soxta": -3,
  "soxta guvoh": -3,
  "spam": -2,
  "spammer": -3,
  "spekulyativ": -2,
  "squanders": -2,
  "squelched": -1,
  "Stabs of": -2,
  "Stampede": -2,
  "stank": -2,
  "Starved": -2,
  "stinked": -2,
  "Stinker": -2,
  "stress": -1,
  "sudga": -2,
  "sudga berdi": -2,
  "sudga shaqirish varaqasi": -2,
  "sudlangan": -2,
  "sudrab": -1,
  "sudramoq": -1,
  "sueing": -2,
  "sues": -2,
  "suiqasdlar": -3,
  "sukunat": 2,
  "sulking": -2,
  "sulky": -2,
  "surgun": -2,
  "surgun qilmoq": -2,
  "surib": -2,
  "sustkashlik": -1,
  "sustlik": -2,
  "suyanchiqli": 1,
  "suyukli": 3,
  "suyuqasd": -3,
  "suzib yuruvchi": 2,
  "swindles": -3,
  "taajjublanib": -3,
  "taajjublantirmoq": 2,
  "taassufda": -2,
  "taassurot qoldirmoq": 3,
  "tabassum": 2,
  "tabiiy": 1,
  "tabrik": 2,
  "tabriklash": 2,
  "tabriklayman": 2,
  "tabriklaymiz": 2,
  "tadqiqot": 1,
  "tahdid": -2,
  "tahdidlar": -2,
  "tahqir": -2,
  "tahqirlamoq": -2,
  "tahqirli": -2,
  "tahsabbuskor": 3,
  "tajovuz": -2,
  "tajovuzkor": -2,
  "tajovuzkorlik": -2,
  "tajribasiz": -2,
  "taklif": 1,
  "takomillashtiradi": 1,
  "takomillashtirish": 2,
  "talab": -1,
  "talabchan": -1,
  "talamoq": -2,
  "talofat": -2,
  "talontaroj": -3,
  "tan": -1,
  "tan olish": 2,
  "tanbeh": -3,
  "tanglik": -1,
  "taniqli": 2,
  "tanlangan": 1,
  "tanqid": -2,
  "tanqid qilmoq": -2,
  "tanqid,": -2,
  "tanqidchi": -2,
  "tanqidchilar": -2,
  "tantanali": -1,
  "taqchilligi": -2,
  "taqdim etdi": -2,
  "taqdir": 2,
  "taqdirlandi": 2,
  "taqiqlandi": -2,
  "taqiqlash": -2,
  "taqlid": -2,
  "taqsimlanmagan": -1,
  "tarafdori": 1,
  "tarafdorlari": 1,
  "tarafkashlikka": -2,
  "tarang": -2,
  "taraqqiyot": 2,
  "tarbiya": 2,
  "tard": -2,
  "tark": -1,
  "tarmoqni": -2,
  "tarnishes": -2,
  "tarqoq": -2,
  "tartibga solinmagan": -1,
  "tartibsiz": -2,
  "tartibsizlik": -2,
  "tartibsizliklar": -2,
  "tasalli": 3,
  "tasallut": -2,
  "tasavvur qilasiz": -2,
  "tasdiq": 2,
  "tasdiqlangan": 2,
  "tasdiqlanmagan": -2,
  "tasdiqlash": 1,
  "tasdiqlashdi": 2,
  "tasdiqlaydi": 2,
  "tashlanadi": -1,
  "tashlandiq": -2,
  "tashlashlar": -1,
  "tashvish": -2,
  "tashvishlari": 2,
  "tashvishli": -3,
  "tasodif": 2,
  "tasodifan": -2,
  "tasodifiy": -2,
  "tavsiya": 2,
  "tavsiyali": 1,
  "tayinlashda": -2,
  "tayinlashni": -1,
  "tayorlik": 2,
  "tayyor": -2,
  "tayyorlangan": 1,
  "tegishli": 2,
  "tekshirish": 1,
  "tekshirmoq": 2,
  "telba": -2,
  "telbalik": -2,
  "tengsiz": -1,
  "tentak": -2,
  "Tentak": -4,
  "tentaklarcha": -3,
  "tentaklik": -3,
  "teri": -1,
  "terror": -3,
  "terror qilmoq": -3,
  "terrorchilar": -2,
  "terrorist": -2,
  "teshik": -3,
  "teşviklerse": 1,
  "tetiklantiruvchi": 2,
  "tez": 2,
  "tilaklari": 1,
  "tilayman": 1,
  "tinch": 2,
  "tinchlantiradigan": 2,
  "tinchlantirdi": 2,
  "tinchlantirish": 3,
  "tinchlantirmoq": 2,
  "tinchlantiruvchi": 2,
  "tinchlik": 2,
  "tinchsizlantirmoq": -2,
  "tiqilib": -2,
  "tiriltirur": 2,
  "tishi": -2,
  "titilgan": -2,
  "titrash": -2,
  "titrashi": -2,
  "titroq": -2,
  "tits": -2,
  "toliqqan": -2,
  "tomchi": -1,
  "tomir tortishi": -1,
  "tomonioqibatlari": -2,
  "tonish": -2,
  "tops": 2,
  "toptagan": -2,
  "toqnashadigan": -2,
  "tor": -2,
  "tormor qilish": -2,
  "tortadi": 3,
  "tortinchoq": -2,
  "tortishishni": -1,
  "tortishuv": -1,
  "tortishuvchi": -2,
  "tortishuvlar": -1,
  "tortishuvlarga": -2,
  "toshma": -2,
  "totalitar": -2,
  "tout": -2,
  "touting": -2,
  "toza": 2,
  "tozalandi": 1,
  "tozalovchi": 2,
  "travmatik": -3,
  "treasonous": -3,
  "tremor": -2,
  "troll": -2,
  "tsenzura": -2,
  "tsenzurachi": -2,
  "tuhmat": -2,
  "tumov": -2,
  "turadi": -1,
  "Turkcha": 2,
  "turmaydi": -2,
  "tush": 1,
  "tushgan": -3,
  "tushib": -1,
  "tushirdi": -2,
  "tushirish": -2,
  "tushirmoq": -2,
  "tushkunlikka": -2,
  "tushkunlikka solishi,": -2,
  "tushlar": 1,
  "tushmoq": -1,
  "tushunarli": 2,
  "tushunarsiz": -2,
  "tushunish": 2,
  "tutatayotir": -2,
  "tutishlari": -1,
  "tuyulgan": 1,
  "tuzilgan": -1,
  "tuzoqlarini": -1,
  "tuzoqqa": -2,
  "Twat": -5,
  "Tyran": -3,
  "tyrannic": -3,
  "tyrannically": -3,
  "tyrans": -3,
  "uchqun": 1,
  "uchramoqda": -2,
  "uddaburon": 1,
  "uf": -2,
  "ulkan": 1,
  "ulushi": 1,
  "umid": 2,
  "umidlari": 2,
  "umidsiz": -3,
  "umidsizlik": -2,
  "Umuman": -2,
  "unappreciated": -2,
  "unconvinced": -1,
  "undaydi": 1,
  "undaydigan": -1,
  "underperform": -2,
  "underperformed": -2,
  "underperforming": -2,
  "underperforms": -2,
  "unfocused": -2,
  "unfunny": -2,
  "ungenerous": -2,
  "unimpressed": -2,
  "uninvolving": -2,
  "unlovable": -2,
  "unparliamentary": -2,
  "unreleting": -2,
  "unresearched": -2,
  "unsurlarning": -2,
  "unut": -1,
  "unutdilar": -1,
  "unutganlar": -2,
  "unutilgan": -1,
  "unutilmas": 1,
  "unutish": -1,
  "unutuvchan": -2,
  "up mast": -3,
  "uqtirmoq": -2,
  "urdi": -1,
  "urishdilar": -1,
  "urishmoq": -3,
  "Urra": 5,
  "urush": -1,
  "uslubiy": 2,
  "ustidan kuladi": -2,
  "ustunlik": 3,
  "uyalgan": -2,
  "uyaltirmoq": -2,
  "uyat": -2,
  "uyatchan": -1,
  "uyatli": -2,
  "uyqusizlik": -2,
  "uysiz": -2,
  "uyushmagan": -2,
  "uz": -2,
  "uzaytiradi": 1,
  "uzilishlar": -2,
  "uzilishlarsiz": 2,
  "uzish": -2,
  "uzluksiz": -2,
  "uzmoq": -2,
  "uzr": -1,
  "uzun": -1,
  "vabo": -3,
  "Vachaach": 3,
  "vafo": 3,
  "vafodor": 3,
  "vafot": -3,
  "vahima": -3,
  "vahimachi": -2,
  "vahimachilar": -2,
  "vahimaga": -3,
  "vahimali": -3,
  "vahiyda": 1,
  "vahshiy": -2,
  "vahshiy odamga aylantirmoq": -2,
  "vahshiylik": -3,
  "vakolati": 1,
  "vakolatli": 2,
  "vaxshiylarcha": -3,
  "vayron": -3,
  "vayron qilish": -3,
  "vayrona": -2,
  "vayronalik": -2,
  "victimizes": -3,
  "victor": 3,
  "vijdon azobi": -2,
  "vitamin": 1,
  "walkouts": -2,
  "wanker": -3,
  "warfare": -2,
  "Win": 4,
  "Winwin": 3,
  "won": 3,
  "Woo": 3,
  "Wooo": 4,
  "woow": 4,
  "wowow": 4,
  "wowww": 4,
  "wrenching": -2,
  "wtf": -4,
  "wtff": -4,
  "wtfff": -4,
  "xabarchi": -2,
  "xaèt": -2,
  "xafa": -2,
  "xafa qilmoq": -2,
  "xafachilik": -2,
  "xalaqit": -1,
  "xarob": -2,
  "xarob qilmoq": -2,
  "xasta": -2,
  "xatarlar": -2,
  "xatarli": -2,
  "xato": -2,
  "xatolar": -2,
  "xavf": -2,
  "Xavf": -2,
  "xavf ostida": -2,
  "xavf ostida qolgan": -2,
  "xavfli": 2,
  "Xavfli": -2,
  "xavfsiz": 1,
  "xavfsizligi": 2,
  "xavfsizlik": 1,
  "Xavotir": -3,
  "xavotirlar": -3,
  "Xavotirlardan": -3,
  "xavotirli": -2,
  "xayfsan": -2,
  "xayoliy": 2,
  "xayriya": 2,
  "xayriyat": 2,
  "xayriyatki": 3,
  "Xayrli tong": 1,
  "xazil": 2,
  "xazina": 2,
  "xazinalari": 2,
  "xijolat": -2,
  "xilof": -2,
  "xiralashgan": -1,
  "xiralik": -2,
  "xiraliklar": -2,
  "xiyla": -3,
  "xiyonat": -3,
  "xizmat qilmoqda": 1,
  "xohlovchi": 1,
  "xolis": 2,
  "xom": -1,
  "xorlik": -3,
  "xotirasiga": -2,
  "xotirjam": 2,
  "xoxo": 3,
  "xoxoxo": 4,
  "xoxoxoxo": 4,
  "xoyinlik qilmoq": -3,
  "xudbinlik": -3,
  "xudo": 1,
  "Xudo saltanati": 3,
  "xunuk": -2,
  "xunuklik": -2,
  "xurram": 4,
  "xursand": 3,
  "xursandchilik": 3,
  "xursandchilik bilan": 3,
  "xursandlik": 3,
  "xursandmiz": 3,
  "xush kelibsiz": 2,
  "xushbichim": 3,
  "xushchaqchaq": 2,
  "xushmuomala": 2,
  "yagona": 1,
  "yahshilik": 2,
  "yakka": -2,
  "yalpi": -2,
  "yangi": 2,
  "yangilik": 1,
  "yaqinlashayotgan": -1,
  "yaqinlik": 2,
  "yaqqol": 2,
  "yaramas": -2,
  "Yaramas": -4,
  "yarashmoq": 2,
  "yarashtirmoq": 2,
  "yarmarka": 2,
  "yaşanılan stress": -2,
  "yashil yuvish": -3,
  "yashirib": -1,
  "yashirin": -1,
  "yashirinadi": -1,
  "yashiringan": -1,
  "yashirinib turmoq": -1,
  "yashirish": -3,
  "yaxshi": 3,
  "yaxshi emas": -2,
  "yaxshi himoyalangan": 3,
  "yaxshi tashkil etilgan": 2,
  "yaxshilandi": 2,
  "yaxshilash": 2,
  "yaxshilaydi": 2,
  "yaxshilik": 3,
  "yaxshiroq": 2,
  "Yaxshiyamki": 3,
  "yengilmas": 2,
  "yerga urmoq": -2,
  "yerqazar": -4,
  "yetarli darajada baholamaslik": -1,
  "yetib": 1,
  "yetuk": 2,
  "yiqilgan": -2,
  "yirtilib": -2,
  "yirtqich": -2,
  "yokmu": -4,
  "yomon": -3,
  "yomonlashdi": -3,
  "yomonlashga": -2,
  "yomonlashgan": -2,
  "yomonlashib": -2,
  "yomonlashtiradi": -3,
  "yomonlashtiradigan": -2,
  "yomonlashtirib": -2,
  "yomonlashtirmoq": -2,
  "yomonlashtiruvchi": -2,
  "yomonlashuvi": -3,
  "yomonlik": -3,
  "yomonroq": -3,
  "yopishgan": -2,
  "yoq": 5,
  "yoqdi": 2,
  "yoqimli": 3,
  "yoqimsiz": -2,
  "yoqmadi": -2,
  "yoqtirish": 2,
  "yoqtirmagan": -2,
  "yoqtirmasdim": -2,
  "yoqtirmaslik": -2,
  "yordam": 2,
  "yordam beradi": 2,
  "Yordam bering": 2,
  "yorqin": 2,
  "yorqinlik": 1,
  "yovuz": -2,
  "yovvoyi": -2,
  "yucky": -2,
  "yuk": -2,
  "yummy": 3,
  "yumoristik": 2,
  "yumshoq": 2,
  "yuqtirish": -2,
  "yuqtirmoq": -2,
  "yuqumli": -1,
  "yurak": -3,
  "yutuqlarimizning": 2,
  "yuvish uchun": 2,
  "zabt": 3,
  "zafar": 3,
  "zafarlar": 3,
  "zahar": -2,
  "zaharlab": -2,
  "zaharlarni": -2,
  "zaharlayotgan": -2,
  "zaharli": -3,
  "zaif": -2,
  "zaiflash": -2,
  "zaiflashib": -2,
  "zaifliklarni": -2,
  "zamonaviy": 2,
  "zanjilar": -5,
  "zarar": -3,
  "zarar yetishi": -2,
  "zararlangan": -2,
  "zararli": -3,
  "zarba": -2,
  "zarur": -1,
  "zaryadlangan": -3,
  "zavq": 3,
  "zavqlangan": 3,
  "zavqlanmoq": 3,
  "zayl": -1,
  "zelotlar": -2,
  "zerikarli": -3,
  "zerikib": -2,
  "zerikish": -2,
  "zeriktirmoq": -2,
  "ziddiyat": -2,
  "ziyrak": -2,
  "zolim": -2,
  "zudlik bilan": 1,
  "zulm": -2,
  "zulmat": -2,
  "Zulmatning": -2
}