{
  "nyatsa": -2,
  "tlama se meutloa": -2,
  ", hehe": 2,
  ", ke ikwahlaya ka": -2,
  ", offline": -1,
  "a ahlola marabele ao": -2,
  "a amehile": -2,
  "a betsa": -2,
  "a eka": -3,
  "a ema": 1,
  "a feteletsoang": -2,
  "a fosahetseng": -2,
  "a futhumetseng": 1,
  "a hlokomoloha": -2,
  "a holofala": -2,
  "a ithimolago": -2,
  "a keneletse": -1,
  "a khahlisitse": 3,
  "a khaotsa ho tsuba": -3,
  "a khathatsehile": -3,
  "a le mong": -2,
  "a leleka": -2,
  "a lutla": -1,
  "a ntseng a mpefala": -3,
  "a nyahamisa": -2,
  "a phoqa": -2,
  "a qhekelloa ka": -3,
  "a sa belaele hore": -1,
  "a sa jese litheohelang": -1,
  "a sa tsebe": -2,
  "a sebetsang a": 1,
  "a thibile": -2,
  "a thulana": -1,
  "a timetsang": -3,
  "a utloa bohloko": -2,
  "abduction": -2,
  "abductions": -2,
  "abetse": 1,
  "aborts": -1,
  "absentee": -1,
  "absentees": -1,
  "absolved": 2,
  "absolves": 2,
  "absolving": 2,
  "acclaim": 2,
  "acclaimed": 2,
  "accolade": 2,
  "ache": -2,
  "acquit": 2,
  "acquitting": 2,
  "acrimonious": -3,
  "admires": 3,
  "adorable": 3,
  "adore": 3,
  "adores": 3,
  "adoring": 3,
  "adoringly": 3,
  "advantageously": 2,
  "affectionateness": 3,
  "affronted": -1,
  "aficionados": 2,
  "aggravates": -2,
  "aggressions": -2,
  "aggressiveness": -2,
  "agog": 2,
  "agonises": -3,
  "agonize": -3,
  "agonized": -3,
  "agonizes": -3,
  "ahloleloa": -2,
  "akhetse": -1,
  "alamo": -2,
  "alarmist": -2,
  "alarmists": -2,
  "alejiki": -2,
  "alimbisaka": 2,
  "altruistic": 2,
  "ama": -2,
  "amazes": 2,
  "ambivalent": -1,
  "amicable": 2,
  "amogetwe": 1,
  "amoha": -2,
  "amohela": 2,
  "amohela mahlohonolo": 3,
  "amohelana": 1,
  "amohelang": 2,
  "amohelehang": 2,
  "amohelehe ho oona": -2,
  "amohelehe joaloka": -1,
  "amoheleheng": -2,
  "amohelehile": 2,
  "amohella baeti": -2,
  "amuse": 3,
  "amusements": 3,
  "ananelang": 1,
  "ananele": 2,
  "ananeleng": 2,
  "ananeloa": 2,
  "angoa": -1,
  "annoys": -2,
  "anya": -3,
  "apeshit": -3,
  "apotheke": -2,
  "applauding": 2,
  "applauds": 2,
  "arsehole": -4,
  "assassinations": -3,
  "assfucking": -4,
  "astound": 3,
  "astoundingly": 3,
  "astounds": 3,
  "atleha": 3,
  "atlehang": 2,
  "atlehe": 3,
  "atleheng ha": 2,
  "atlehileng": 3,
  "atolosa": 1,
  "atrocity": -3,
  "au ananele": -2,
  "au halefisa": -3,
  "audacious": 3,
  "aura": 1,
  "avengers": -2,
  "avenges": -2,
  "axed": -1,
  "ba baikaketsi": -2,
  "ba ferekane": -2,
  "ba feteletsa litaba": -2,
  "ba hlohlelletsa bofetoheli ebile": -2,
  "ba hlohlolloe molato": 2,
  "ba hloileng": -3,
  "ba hlokang": -2,
  "ba hlokang kelello": -2,
  "ba hlola": -2,
  "ba hōlileng tsebong": 2,
  "ba ikhopolang ho ikhanyetsa": -2,
  "ba ikhopolang ho ithetsa": -2,
  "ba ikhopolang ho tšebeliso e mpe ea": -2,
  "ba ile ba kopanela": 1,
  "ba jeoa ke bolutu": -2,
  "ba khelosa ebile": -3,
  "ba lalla": -1,
  "ba leshano": -3,
  "ba lipelo li ntle": 2,
  "ba ne ba thabela": 2,
  "ba ntsoa sebakeng sena": -1,
  "ba nyakallo": 4,
  "ba opa liatla haholo": 2,
  "ba phallela ka": 2,
  "ba sa phethahalang": -2,
  "ba sa sebetse": -3,
  "ba sa sireletseha": -2,
  "ba sa tšoanelehe": -2,
  "ba sa tsotelleng": -2,
  "ba tletseng bobolu": -3,
  "ba tšepahalang": 3,
  "ba tsoaroa hampe": -3,
  "ba tsohile": -2,
  "ba tsosa": -3,
  "baa halefa": -3,
  "baa soetseha": -2,
  "baballa": 2,
  "baballoa": 2,
  "babang": -2,
  "babatsa": 2,
  "babatsehang": 2,
  "babatsoang": 2,
  "babe": -3,
  "babelaelloa": -1,
  "babolai": -2,
  "bafani": 2,
  "bahale": 3,
  "bahlahlobisisi": -2,
  "bahlaseluoa": -2,
  "bahlōli": 3,
  "bailout": -2,
  "baipelaetsi": -2,
  "bakelang": -2,
  "bakile qabang": -2,
  "bakitoko": 3,
  "bala ka hloko eaba": 2,
  "baleha": -1,
  "bamboozle": -2,
  "bamboozled": -2,
  "bamboozles": -2,
  "bana ba sa feptjoeng": -2,
  "banang": -3,
  "bangata ba nyahame": -2,
  "bankster": -3,
  "Barbare": -2,
  "barbaric": -2,
  "barbarous": -2,
  "bartolomeo": 3,
  "barui": 2,
  "basireletsi": 2,
  "bastards": -5,
  "Bastat": -5,
  "batho ba belaelang": -2,
  "batho ba iphapanyetsang molaetsa": -2,
  "batho ba sa sebetseng": -1,
  "batla": 1,
  "batleheng": -2,
  "batlōli ba molao": -3,
  "batšehetsi": 1,
  "batšoaruoa": -2,
  "beatific": 3,
  "befitting": 2,
  "beha batho leseling": 2,
  "beha leseling": 2,
  "beheng litholoana": -2,
  "behiloeng tlhokomelong": 2,
  "behilwe": 1,
  "behilweng": -1,
  "belaela": -1,
  "belaelang": -2,
  "belaele": -1,
  "belaella": -1,
  "belaella hore": -1,
  "belaetsang": -2,
  "benefitted": 2,
  "benefitting": 2,
  "bereave": -2,
  "bereaves": -2,
  "bereaving": -2,
  "betang": -4,
  "betoa": -4,
  "bipetsa": -2,
  "bipetsang": -2,
  "bipetsoa": -2,
  "bisenge": -1,
  "bitches": -5,
  "bitterest": -2,
  "Black": 1,
  "blackmailed": -3,
  "blackmailing": -3,
  "blackmails": -3,
  "blah": -2,
  "blames": -2,
  "blaming": -2,
  "blithe": 2,
  "bloated": -1,
  "bo botle haholo": 3,
  "bo khethehileng": 2,
  "bo nang le morero": 2,
  "bo ntse bo mpefala": -2,
  "bo phethahetseng": 3,
  "bo se nang sekoli": 2,
  "boba": 2,
  "bobe": -3,
  "bobola": -2,
  "bobolu": -3,
  "bocha": 2,
  "bochochisi": -1,
  "boemedi bo sireletsang nyewe": -1,
  "boemo bo utloisang bohloko": -2,
  "boemong bo sa thabiseng": -2,
  "boetapele": 1,
  "boetsalibe": -3,
  "Bofasista": -2,
  "bofifing": -2,
  "bofokoli": -2,
  "bofuli": 2,
  "bofuma": -1,
  "boganka": 2,
  "bohale": -3,
  "bohata": -1,
  "bohatelli": -2,
  "bohehang": 2,
  "bohelehele": 1,
  "bohlale": 2,
  "bohlale ba": 1,
  "bohlale ke mang": 2,
  "bohlanya": -2,
  "bohloko": -2,
  "bohloko bo tsabehang": -3,
  "bohloko hakae": -2,
  "bohlokoa": 2,
  "bohlokwa": 1,
  "boi": -2,
  "boikakanyetsi": 2,
  "boikarabelo": -2,
  "boikarabelo ba hae bo": 1,
  "boikemelo": -1,
  "boiketlo": 2,
  "boikutlo bo joalo bo": 1,
  "boikutlo bo mofuthu": 3,
  "boinehelo": 2,
  "boiphetetso": -2,
  "boithati": -3,
  "boithoriso": -2,
  "boitlamo": 2,
  "boitshwaro": 2,
  "boitšoaro bo bobe ba": -2,
  "bokgoni": 1,
  "bokhabane": 3,
  "bokhoba": -3,
  "bokhoni": 2,
  "bokhoni ba": 2,
  "bokolla": -2,
  "bokooa": -2,
  "bolaea": -2,
  "bolaeana le": -2,
  "bolaeang": -2,
  "bolaoa": -3,
  "bolebeli": -1,
  "boleloang": 1,
  "boleng": 2,
  "bolileng": -3,
  "boloetse": -2,
  "boloetse bo tsoaetsanoang": -2,
  "boloka": 2,
  "bolokehang": -2,
  "bolokoa": -1,
  "bolokong": -1,
  "bolotsana": -3,
  "bomenemene": 1,
  "bomo": -1,
  "bonahale": -1,
  "bonahaleng": 2,
  "bongoana": -2,
  "boo": -2,
  "boosting": 1,
  "boosts": 1,
  "bophelo bo botle": 2,
  "boqhekanyetsi": -2,
  "bora": -3,
  "borabele": -2,
  "borutho": 2,
  "bosoasoi": -1,
  "bososela": 2,
  "bososelang": 2,
  "bosula": -3,
  "bosula le": -2,
  "bothata": -1,
  "bothersome": -2,
  "botho": 2,
  "botlamuoa": -2,
  "botle": 3,
  "botle ka ho fetisisa": 3,
  "botšepehi": 3,
  "botšo": -1,
  "botsoa": -1,
  "botsoalle": 2,
  "boulele": -2,
  "boycotted": -2,
  "boycotting": -2,
  "boycotts": -2,
  "brainwashing": -3,
  "braveness": 2,
  "bravura": 3,
  "breaching": -2,
  "bribed": -3,
  "bribing": -3,
  "brilliances": 3,
  "brisk": 2,
  "brooding": -2,
  "bue leshano": -3,
  "buelle": 2,
  "bullshit": -4,
  "bululela": 2,
  "bululelang": 2,
  "bululetsoeng": 2,
  "bummer": -2,
  "buoyant": 2,
  "burdening": -2,
  "burglar": -2,
  "calms": 2,
  "carefulness": 2,
  "cashing a": -2,
  "censors": -2,
  "chagrin": -2,
  "chagrined": -2,
  "chankana": -2,
  "chankaneng": -2,
  "charisma": 2,
  "charmingly": 3,
  "charmless": -3,
  "chastises": -3,
  "cheater": -3,
  "cheaters": -3,
  "checha": 1,
  "chechisa": -1,
  "chechisetsoang morao": -1,
  "cheering": 2,
  "cheerless": -2,
  "cheery": 3,
  "chefo": -2,
  "cherishing": 2,
  "chesehang": 3,
  "chesehang ka ho feteletseng": -2,
  "chide": -3,
  "chided": -3,
  "chides": -3,
  "chiding": -3,
  "chilling": -1,
  "clarifies": 2,
  "clouded": -1,
  "clueless": -2,
  "cocksucker": -5,
  "cocksuckers": -5,
  "cocky": -2,
  "collides": -1,
  "colluding": -3,
  "Comedy": 1,
  "competencies": 1,
  "complimented": 2,
  "compliments": 2,
  "conciliate": 2,
  "conciliated": 2,
  "conciliates": 2,
  "conciliating": 2,
  "conflictive": -2,
  "congrats": 2,
  "congratulation": 2,
  "congratulations": 2,
  "consolable": 2,
  "constrained": -2,
  "contagions": -2,
  "contaminant": -2,
  "contaminants": -2,
  "contaminates": -2,
  "contaminations": -2,
  "contender": -1,
  "contestable": -2,
  "controversially": -2,
  "convivial": 2,
  "cornered": -2,
  "courageousness": 2,
  "coziness": 2,
  "cramp": -1,
  "crap": -3,
  "crappy": -3,
  "crazier": -2,
  "craziest": -2,
  "crestfallen": -2,
  "criminate": -3,
  "criminated": -3,
  "criminates": -3,
  "criticizes": -2,
  "cutbacks": -2,
  "Cute": 2,
  "cynicism": -2,
  "damn molemo": 4,
  "damn motle": 3,
  "daredevil": 2,
  "dauntless": 2,
  "deadlock": -2,
  "debonair": 2,
  "defer": -1,
  "deformities": -2,
  "deformity": -2,
  "defrauds": -3,
  "deft": 2,
  "defunct": -2,
  "degrade": -2,
  "degrades": -2,
  "dehumanize": -2,
  "dehumanized": -2,
  "dehumanizes": -2,
  "deject": -2,
  "dejecting": -2,
  "dejects": -2,
  "delectable": 3,
  "delightfully": 3,
  "demet": -4,
  "demoralize": -2,
  "demoralized": -2,
  "demoralizes": -2,
  "denials": -2,
  "denier": -2,
  "deniers": -2,
  "deplore": -3,
  "deplored": -3,
  "deploring": -3,
  "deports": -2,
  "derail": -2,
  "derailed": -2,
  "derails": -2,
  "derelict": -2,
  "derides": -2,
  "deriding": -2,
  "despairs": -3,
  "detached": -1,
  "detract": -1,
  "detracted": -1,
  "detracts": -1,
  "Dhoom joaloka": -2,
  "diboloko": -1,
  "dickhead": -4,
  "diffident": -2,
  "dikotsi": -2,
  "dilligence": 2,
  "diphatsheng": -2,
  "dipshit": -3,
  "direful": -3,
  "dirtier": -2,
  "dirtiest": -2,
  "disappears": -1,
  "disapprovals": -2,
  "disapproving": -2,
  "disbelieve": -2,
  "disconsolation": -2,
  "discounted": -1,
  "disguises": -1,
  "disguising": -1,
  "disgustful": -3,
  "disinclined": -2,
  "disjointed": -2,
  "disparage": -2,
  "disparaged": -2,
  "disproportionate": -2,
  "disruptions": -2,
  "distasteful": -2,
  "ditaba tse": 1,
  "dithering": -2,
  "ditholwana": 2,
  "ditlamorao": -2,
  "ditletlebo": -2,
  "ditlolo": -2,
  "ditshila": -2,
  "ditshoso": -2,
  "ditshwaetso": -2,
  "dizzy": -1,
  "dodging": -2,
  "dodgy": -2,
  "dolorous": -2,
  "donate": 2,
  "donates": 2,
  "douche": -3,
  "dour": -2,
  "downer": -2,
  "downside": -2,
  "dreading": -2,
  "dreary": -2,
  "droopy": -2,
  "drowns": -2,
  "drudgery": -2,
  "du lieu": -1,
  "dud": -2,
  "duleng diatla": 2,
  "dumela": 1,
  "dumelletswe": 1,
  "dumetse": 2,
  "dumps": -1,
  "dupe": -2,
  "duped": -2,
  "dupery": -2,
  "e babatsehang": 4,
  "e be e thabisang": 2,
  "e bentšitsoeng": 2,
  "e bolokoe e hloekile": 2,
  "e bonolo": 2,
  "e ferekanyang": -2,
  "e fosahetseng": -2,
  "e fumaneha hohle": 2,
  "e hlolla": 3,
  "e khōloanyane": 3,
  "e khothatsang": 2,
  "e lekalekaneng": 1,
  "e lekaneng": 1,
  "e makatsang": -1,
  "e matla": 1,
  "e matla ea": 1,
  "e metle": 2,
  "e minyelelitse": -2,
  "e monate": 3,
  "e nang le nyakallo": 3,
  "e ntle": 4,
  "e ntle haholo": 3,
  "e ratoang": 3,
  "e sa amoheleheng": -2,
  "e sa lebaleheng": 1,
  "e sa lokang": -2,
  "e sa pheleng": -1,
  "e se nang thuso": -2,
  "e seng oa bohlokoa": -2,
  "e sitisoa": -2,
  "e susumetsang": 3,
  "e thabisang": 3,
  "e theko e boima": -2,
  "e thibelang": -2,
  "e thimola": -2,
  "e tlose": 1,
  "e tšoanelang": 2,
  "e tsoetseng pele": 2,
  "ea bobeng bo fetisisang": -3,
  "ea bohlokoa": 2,
  "ea bohlooho": -1,
  "ea boipelaetso": -2,
  "ea bonang lipono": 3,
  "ea chesehang": 2,
  "ea hlotsoeng": -3,
  "ea ikokobelitseng": 1,
  "ea lefeela": -1,
  "ea moshoelella e": 2,
  "ea nang le bokhoni": 1,
  "ea qhekellang": -3,
  "ea ratang botumo": 2,
  "ea ratoang": 3,
  "ea ruileng o": 2,
  "ea sa lumelang": -1,
  "ea tšehetsang": 2,
  "ee": 1,
  "ee e amang maikutlo": 2,
  "ee le khongoana holimo": -2,
  "eerie": -2,
  "eery": -2,
  "eiseha": -2,
  "ekaba ka bobe bofe": -2,
  "eke": -3,
  "eketseha": 1,
  "ekiloeng": -3,
  "ekoa": -1,
  "elation": 3,
  "elegantly": 2,
  "elegantne": 2,
  "eletsa": -2,
  "Ema": -1,
  "embarrasses": -2,
  "embezzlement": -3,
  "emelang hampe": -2,
  "emisa": -1,
  "emisitswe": -1,
  "engrossing": 3,
  "enneng": 2,
  "ennui": -2,
  "enrage": -2,
  "enrages": -2,
  "enraging": -2,
  "enrapture": 3,
  "enterprising": 1,
  "entsoeng": -2,
  "entsoeng polokelong": 1,
  "envying": -1,
  "eo u mo tšepang": 2,
  "eona e soabisitsoe": -2,
  "esele": -4,
  "etella": -2,
  "etelle": 2,
  "etsa": 1,
  "etsa bonnete ba": 1,
  "etseng letho": -1,
  "etseng phaello": 2,
  "etsetsoa qeto": -1,
  "etsoang": -2,
  "etsolloa": -1,
  "eu tšoenyang": -2,
  "evacuates": -1,
  "evacuating": -1,
  "evergreening": -3,
  "evergreens": 2,
  "exacerbate": -2,
  "exacerbated": -2,
  "exacerbating": -2,
  "exaggerates": -2,
  "exasparate": -2,
  "exasperates": -2,
  "excite": 3,
  "excruciatingly": -1,
  "exhilarated": 3,
  "exhilarates": 3,
  "exonerate": 2,
  "exonerated": 2,
  "exonerates": 2,
  "exonerating": 2,
  "expertly": 2,
  "explorations": 1,
  "exuberant": 4,
  "exultantly": 3,
  "fabulously": 4,
  "fag": -3,
  "faggot": -3,
  "fagots": -3,
  "fake": -3,
  "faker": -3,
  "faking": -3,
  "falimehe": 3,
  "falimehetse": -1,
  "falsified": -3,
  "falsify": -3,
  "Fan": 3,
  "fanang ka liphallelo": 2,
  "faneng ka kotlo": -2,
  "fanoeng": 2,
  "fantastis": 4,
  "farce": -1,
  "fascinates": 3,
  "fascists": -2,
  "fatalities": -3,
  "fatality": -3,
  "fatigued": -2,
  "fatigues": -2,
  "fatiguing": -2,
  "favorited": 2,
  "favoritos": 2,
  "favourited": 2,
  "feat": 2,
  "feberu": -2,
  "feheloa": -2,
  "fela": -1,
  "fela pelo": -2,
  "felele monaganong": -3,
  "felisang": 1,
  "felonies": -3,
  "felony": -3,
  "fenethiloeng": -2,
  "fenethoe": -3,
  "ferekana": -2,
  "ferekana kelellong": -2,
  "ferekane": -2,
  "ferekanngoa": -2,
  "ferekanngoa ke": -1,
  "ferekanya": -2,
  "ferekanyang": -2,
  "fervid": 2,
  "feshene": -2,
  "fetela": 1,
  "feteletsa": -2,
  "feteletseng": -2,
  "fetelletsa": -2,
  "fetelletsa lintho": -2,
  "fetise": -2,
  "fetofetola": -1,
  "fetola litšeho": -2,
  "fiasco": -3,
  "fidgety": -2,
  "fieloa": -2,
  "fihlellwe": 1,
  "fihlile": 1,
  "finyeletseng": 2,
  "finyeletsoeng": 2,
  "finyella": 2,
  "finyellang": 1,
  "finyelle": 1,
  "finyelloang": 2,
  "fireside": 2,
  "flagship": 2,
  "flop": -2,
  "flops": -2,
  "flustered": -2,
  "fokola bakeng sa": -2,
  "fokolang": -2,
  "fokolisa": -2,
  "fokolisoa": -2,
  "fokotsa": -1,
  "Fokotsa": 2,
  "foreclosure": -2,
  "foreimi e etsang masela": -1,
  "foreshe": 1,
  "forgettable": -1,
  "fosahetseng": -2,
  "fosetsoe": -2,
  "fositse": -2,
  "foufetseng": -1,
  "fraudster": -4,
  "fraudsters": -4,
  "fraudulence": -4,
  "frenzy": -3,
  "frikin": -2,
  "frisky": 2,
  "frowning": -1,
  "ftw": 3,
  "Fucker": -4,
  "fuckers": -4,
  "fuckface": -4,
  "fuckhead": -4,
  "fuckin": -4,
  "fucktard": -4,
  "fud": -3,
  "fuked": -4,
  "fuking": -4,
  "fumana": 2,
  "fumana khalemelo": -3,
  "fumanehe": -1,
  "fumanwe": -2,
  "fuming": -2,
  "funnier": 4,
  "fuoa": 3,
  "futhumale hamonate": 2,
  "futsaneha": -3,
  "futsanehileng": -2,
  "futsanehileng ka ho fetisisa": -2,
  "ga ekonomi": -2,
  "gag": -2,
  "gagged": -2,
  "gallant": 3,
  "gallantly": 3,
  "gallantry": 3,
  "gane go tsenelela": -2,
  "genial": 3,
  "ghastly": -2,
  "ghost": -1,
  "giddy": -2,
  "glamourous": 3,
  "glee karaoke": 3,
  "gleeful": 3,
  "glum": -2,
  "go baakanngwa": 2,
  "go ikopa maitshwarelo": -1,
  "gobatsa bana": -2,
  "goddamn": -3,
  "godsend": 4,
  "goofiness": -2,
  "goofy": -2,
  "gr8": 3,
  "graceful": 2,
  "greenwash": -3,
  "greenwasher": -3,
  "greenwashers": -3,
  "greenwashing": -3,
  "grisly": -2,
  "gullibility": -2,
  "ha e ntle": -2,
  "ha e sebetse": -3,
  "Ha ha ha...": 3,
  "ha hlahleloa linyeoe": -2,
  "ha ho": -1,
  "ha ho monate": -3,
  "ha thothomela hohle": -2,
  "habobebe": 1,
  "habohloko": -2,
  "habohlokoa ho": 2,
  "hacked": -1,
  "haella": -2,
  "haellang": -2,
  "haelloang": -3,
  "Haha": 3,
  "hahahah": 3,
  "hahahaha": 3,
  "haholo": 3,
  "haka": 2,
  "halala": -1,
  "halefa": -2,
  "halefa haholo": -2,
  "halefang": -3,
  "halefe": -2,
  "halefile": -1,
  "halefileng": -3,
  "halefisa": -2,
  "halefisang": -2,
  "halefisoa": -3,
  "Hallelujah": 3,
  "hamolemo ho": 2,
  "hamonate": 2,
  "hampe": -2,
  "hana": -2,
  "hanang": -2,
  "handpicked": 1,
  "hanela": -1,
  "hanetsoeng": -2,
  "hanghang": 1,
  "hang ha ea hlophiseha": -2,
  "hanong": -2,
  "hantle koetlisetsa": 2,
  "hantle ntšelitse": 3,
  "hantle ntshetswa pele": 2,
  "hantle proportioned": 2,
  "hantle thehoa": 2,
  "hantle tsepamisa maikutlo": 2,
  "hanwa": -1,
  "hanyetsang": -2,
  "hanyetsoa": -2,
  "hapa": 4,
  "hapiloe": 2,
  "haplessness": -2,
  "hapuoa ka": 3,
  "harasses": -3,
  "Hard": -4,
  "hardier": 2,
  "haroha": -3,
  "haroha letsoalo": -2,
  "harried": -2,
  "harshest": -2,
  "hase ea sa nahaneleng": -2,
  "hataketse": -2,
  "hateletsoeng": -2,
  "hatellang": -2,
  "hatisa": -2,
  "hauhela ka": 2,
  "hauheloa": 2,
  "haulang": -1,
  "haunt": -1,
  "haunts": -1,
  "heavyhearted": -2,
  "hei": 2,
  "hellish": -2,
  "hideous": -3,
  "hlaba": -2,
  "hlaba diphoso": -2,
  "hlabang": -2,
  "hlabeha": -2,
  "hlabisang lihlong": -2,
  "hlahala": -2,
  "hlaheletse": 2,
  "hlaheletseng e ileng ea": 2,
  "hlahlama": 3,
  "hlahlela nyeoe": -2,
  "hlahlobe": -2,
  "hlahlojoa": -2,
  "hlajoa ke lihlong": -2,
  "hlaka": 2,
  "hlakang": -2,
  "hlakileng": 1,
  "hlakola": -1,
  "hlakoloa molato oa": 2,
  "hlakotsoe": -1,
  "hlanya": -2,
  "hlanyetsa": 2,
  "hlapanya": -2,
  "hlapanyang": -2,
  "hlapaolwa": -4,
  "hlapholang": 3,
  "hlasela": -1,
  "hlaselehang habonolo": -2,
  "hlaseloa": -1,
  "hlaseloa habonolo": -2,
  "hlasetsoe": -3,
  "hlasetsoeng": -2,
  "hlasimolla": 2,
  "hlasimollang": 2,
  "hlasimoloha": 2,
  "hlasimoloha ha": 5,
  "hlatsa": -3,
  "hleka": 1,
  "hlekefetsa": -3,
  "hlekefetsoa": -3,
  "hlekefetsoe": -3,
  "hlephileng": -3,
  "hlobaela": -2,
  "hloea": -3,
  "hloekileng": 1,
  "hloekisa": 1,
  "hloekisang": 2,
  "hloekisitsoeng": 1,
  "hlohonolofatsa": 2,
  "hlohonolofatsang": 2,
  "hloile": -3,
  "hloileng": -3,
  "hloka tsebo": -2,
  "hlokang leeme": 2,
  "hlokisang": -2,
  "hlokisang khotso": -2,
  "hlokisang motho tsepo": -2,
  "hloko": 2,
  "hlokofatsa": -2,
  "hlokofatsoa": -3,
  "hlokolosi": 2,
  "hlokomelehang": 2,
  "hlokomoloha": -1,
  "hlokomolohang": -1,
  "hlokomolohe": -2,
  "hlokomolohile": -2,
  "hlokomolohiloe": -2,
  "hlokomolohuoa": -1,
  "hlōla": 3,
  "hlolang": 4,
  "hloleha": -2,
  "hlōleha": -2,
  "hloleha ho lefa dikoloto": -2,
  "hlōlehang ho etsa qeto": -2,
  "hlollang": 5,
  "hlollang le": 4,
  "hlolloa": 3,
  "hlolloang": 3,
  "hlolloe": 3,
  "hlōloa": -2,
  "hlōloeng": 2,
  "hloloheloa": 1,
  "hloloheloa hae": -2,
  "hlomamisitsoeng": 2,
  "hlomoha": -2,
  "hlomohile": -2,
  "hlomohileng": -2,
  "hlomolang pelo": -3,
  "hlomphe boeta": 2,
  "hlomphegago": 2,
  "hlompheha ha": 2,
  "hlomphehang": -1,
  "hlompholotse": -2,
  "hlomphuoa": 2,
  "hlongoa lipotso": -1,
  "hlooho": -2,
  "hlorileng": -1,
  "hlorisa": -2,
  "hlorisang": -2,
  "hlorisoa": -2,
  "hlōtseng": 3,
  "hlotseng lithipa": -2,
  "ho amohela": 2,
  "ho amoheloa ke": 2,
  "ho ba hlokofatsa": -4,
  "ho ba seli": 2,
  "ho batla ho bolokehile": 1,
  "ho bolaea": -3,
  "ho bōpa": 2,
  "ho busa ha": 1,
  "ho etsa bonnete ba": 1,
  "ho fedisa": 1,
  "ho felloa ke tšepo": -2,
  "ho haella hoa litlamo": -2,
  "ho hana": -1,
  "ho hlatsa": -3,
  "ho hlatsoa mala o motala": -3,
  "ho hloka kelello": -3,
  "ho hloka kutloano": -2,
  "ho hloka mosebetsi": -2,
  "ho hloka thabo": -2,
  "ho hloka thahasello": -3,
  "ho hloka toka": -2,
  "ho hloka tšabo": 2,
  "ho hloka tsebo": -2,
  "ho hlokomolohuoa": -2,
  "ho hloleha ha": -2,
  "ho hlompholla": -2,
  "ho ikemisetsa ha": 2,
  "ho ikhethang": 2,
  "ho ipolaea ha batho": -2,
  "Ho itima": -3,
  "ho katleho": -2,
  "ho kgothaletsa": 2,
  "ho khelosa metsi": -1,
  "ho khesoa": -2,
  "ho khina": -1,
  "ho khopamisa": -2,
  "Ho khothatsa": 2,
  "ho koalloa chankaneng": -2,
  "ho koetela": -2,
  "ho kula": -2,
  "ho le bonolo": 1,
  "ho lla": -2,
  "ho lumella": 2,
  "ho meedi": -1,
  "ho opeloa ke": -1,
  "ho otla": -3,
  "ho pholosa ho": 2,
  "ho sareloa ho": -2,
  "ho se sebetse": -2,
  "ho se tsebe": -2,
  "ho se tšepahale": -2,
  "ho se tšepane": -3,
  "ho se tsotelle": -2,
  "ho senya": -2,
  "ho shoa batho ba": -2,
  "ho sielana seriti": 2,
  "ho sireletsa": 1,
  "ho sithabela": -3,
  "ho thaba": 4,
  "ho thabisang": 3,
  "ho thella lipelo": -3,
  "ho thusa": 2,
  "ho tima ha": -2,
  "ho timetsa": -3,
  "ho timetsoa ha": -3,
  "ho tlohela mosebetsi": -1,
  "ho tlosa qoso": 2,
  "Ho tšelisa": 2,
  "ho tšenyo ea nako": -1,
  "ho tšepa": 1,
  "ho tsoa": -2,
  "ho tšoarelana": 1,
  "ho tšoaroa": -2,
  "ho tšoenyeha": -2,
  "hoe": -5,
  "hoeletsa": -2,
  "hoeletsang": -2,
  "hohela": 2,
  "hohelana": 2,
  "hohelang": 2,
  "hoka": -2,
  "hola": 1,
  "holofatsa": -1,
  "holofetseng": -2,
  "honohela": -2,
  "hooligan": -2,
  "hooliganism": -2,
  "horrid": -3,
  "huckster": -2,
  "hula": -1,
  "hula pele": 1,
  "hulanya": -1,
  "hulela": -1,
  "humbug": -2,
  "humerous": 3,
  "humourous": 2,
  "hurray": 5,
  "hysteria": -3,
  "hysterical": -3,
  "hysterics": -3,
  "icky": -3,
  "idiocy": -3,
  "idiotic": -3,
  "ikakasang": -2,
  "ikarola": -2,
  "ikemisa": -1,
  "ikemisetsa": 2,
  "ikentse likolotong": -2,
  "iketsa eka": -1,
  "iketsang eka": -1,
  "ikgogomosang o ngongorega": -2,
  "ikhakanya": -1,
  "ikhanyetsa": -1,
  "ikhethang hakaakang": 5,
  "ikhotsofatsa": 2,
  "ikhule": -1,
  "ikoahlaea": -2,
  "ikoahlaee": -2,
  "ikoahlaela": -2,
  "ikopanya hammoho": 2,
  "ikopanye": 1,
  "ikotla": -1,
  "ikutloisa bohloko": -2,
  "ile ea tiisa": 2,
  "ile sa mpherekanya": -2,
  "imetsa": -1,
  "imetsoe": -2,
  "imolla": 1,
  "imolohile hakaakang": 2,
  "impairing": -2,
  "impeachment": -3,
  "impeachments": -3,
  "impedingly": -2,
  "imposter": -2,
  "incapacitated": -2,
  "incapacitates": -2,
  "incapacitating": -2,
  "incenses": -2,
  "incensing": -2,
  "incoherent": -2,
  "indicted": -2,
  "indoctrinate": -2,
  "indoctrinated": -2,
  "indoctrinates": -2,
  "indoctrinating": -2,
  "inediable": -2,
  "ineffectively": -2,
  "inefficiency": -2,
  "inefficiently": -2,
  "inehetseng": 2,
  "inept": -2,
  "ineptitude": -2,
  "inexorable": -3,
  "infantilized": -2,
  "infects": -2,
  "infest": -2,
  "infesting": -2,
  "infests": -2,
  "inflicts": -2,
  "infract": -2,
  "infracted": -2,
  "infracting": -2,
  "infracts": -2,
  "infuriates": -2,
  "infuriating": -2,
  "innovate": 1,
  "innovates": 1,
  "insensitivity": -2,
  "insipid": -2,
  "insufficiency": -2,
  "insufficiently": -2,
  "interrupts": -2,
  "intimidates": -2,
  "intransigence": -2,
  "intransigency": -2,
  "invulnerable": 2,
  "ipata": -1,
  "ipatang": -2,
  "ipatile": -1,
  "ipatlela botumo": 1,
  "ipeha kotsing ea": -2,
  "ipelaetsa": -2,
  "iphapanyetsa": -2,
  "iphetetsa": -2,
  "ipiletsa": 2,
  "ipolaea": -2,
  "ipolaeang": -2,
  "irreparable": -2,
  "irreproducible": -2,
  "irresolute": -2,
  "irresponsibly": -2,
  "irreversibly": -1,
  "itchy": -2,
  "itekanelang": -2,
  "ithabelang": 3,
  "ithetsitse": -2,
  "itlamme": 1,
  "itlhokomolosang": -1,
  "itlhokomoloso": -2,
  "itlopa": -3,
  "itlotlolotse": -2,
  "itokolla": -1,
  "itšeha": -1,
  "itseng": 0,
  "itšepa": 2,
  "itshwara makgasa": -2,
  "itshwareng sentle": -2,
  "itšoenye": -2,
  "jackass": -4,
  "jackasses": -4,
  "jang nama": -2,
  "jarisoa molato": -2,
  "jaunty": 2,
  "jeoa ke bolutu": -2,
  "jerk": -3,
  "jeseng": -3,
  "Jesu": 1,
  "joaloka": 2,
  "jocular": 2,
  "jovial": 2,
  "jowe": 3,
  "jubilant": 3,
  "jumpy": -1,
  "ka \"ke t ema": -3,
  "ka botšepehi": 2,
  "ka ho hlaka": 1,
  "ka ho phethahetseng": 3,
  "ka holimolimo": 4,
  "ka katleho": 3,
  "ka kgangwa ke dijo": -2,
  "ka kholiseho": 2,
  "ka khotso": 2,
  "Ka kopo": 1,
  "ka leeme": -2,
  "Ka lehlohonolo": 3,
  "ka lekhetlo le lengha eabophelo bohle": 3,
  "ka masoabi": -2,
  "ka mokhoa o amohelehang": 2,
  "ka mokhoa o hatellang": -3,
  "ka mokhoa o hlollang": 4,
  "ka mokhoa o hlophisehileng": 2,
  "ka molao": 1,
  "ka nepo": 2,
  "ka nyeliso": -2,
  "ka phoso": -2,
  "Ka phoso": -2,
  "ka seatla se bulehileng": 2,
  "ka sebele": 2,
  "ka sebete": 2,
  "ka sitisang": -2,
  "ka thabo": 3,
  "ka thata": -1,
  "ka theko e tlaase": 2,
  "ka thōko": -1,
  "ka tieo": 2,
  "ka tsela e sireletsehileng": 1,
  "ka tšeptjoang": 2,
  "ka tumellano": 2,
  "kabelo ea": 1,
  "kabyle": 2,
  "kaet fi kalbi": -2,
  "kaet fi kalbi fihlang": -3,
  "kafukafu ekozala": 4,
  "kahlolo": -2,
  "kakaka": 4,
  "kako": 2,
  "kamohelo": 3,
  "kananelo": 2,
  "kang ea o utloisisa": -2,
  "katamelano e haufi": 2,
  "katleho e kholo": 3,
  "ke hampe": -2,
  "ke ile ka khahloa": 3,
  "ke keng ba lekanngoa": 1,
  "ke keng ea senyeha": 2,
  "ke keng sa tšoareloa": -3,
  "ke matla": -1,
  "ke nyahame": -2,
  "ke sa kholoe": -1,
  "ke tsohile": -2,
  "ke tsohile ka": -2,
  "kea teneha": -3,
  "keiso": -2,
  "keketseho e bileng teng": 2,
  "kena hanong": -2,
  "kene ntoeng": 1,
  "Keneleng": -2,
  "kenya chelete e ngata": 2,
  "kenyeletswe": -1,
  "keteka": 3,
  "ketekang": 3,
  "ketekoang": 3,
  "kgaola": -1,
  "kgetholla": -1,
  "kgohlano": -2,
  "kgone": -2,
  "kgothaletsa": 1,
  "kgothaletswa": 2,
  "kgotsofala": 2,
  "khabane": 2,
  "khabisa": 3,
  "khaello": -2,
  "khahla": 3,
  "khahlang": 3,
  "khahlanong": -1,
  "khahlanong le saense": -2,
  "khahle": 2,
  "khahlehang": 2,
  "khahlisa": 2,
  "khahlisang": 3,
  "khahlisoa ke": 3,
  "khahloa": 3,
  "khalefo": -2,
  "khalemela": -2,
  "khang": -2,
  "khangoa": -2,
  "khangoa ke metsi": -2,
  "khanya": 1,
  "khanya ea": 2,
  "khanya ea letsatsi": 2,
  "khanyang": 2,
  "khaotsa ho": -1,
  "khaotseng": -1,
  "khatello": -2,
  "khatello ea": -1,
  "khatello ea kelello": -1,
  "khathatso": -2,
  "khathetse": -2,
  "khathetseng": -2,
  "khathollang": 2,
  "khau": 3,
  "khauho": -2,
  "khauta": 2,
  "khelosa": -3,
  "khelosoa": -2,
  "khenelana": -2,
  "khentsa": -2,
  "khesa": -2,
  "khesoa": -2,
  "khetholla": -2,
  "khethollo ea morabe": -3,
  "khetholloa": -2,
  "khetholotse": -2,
  "khina": -2,
  "khoa mang tu": -2,
  "khobile matšoafo": 2,
  "khoehlisa letsoho": 1,
  "kholisa": 1,
  "kholisang": 1,
  "kholisehile": 1,
  "kholiseho ea": 2,
  "khōlō": 1,
  "kholofalo": -2,
  "kholofalo ea": -2,
  "khone": -2,
  "khongoana holimo": -2,
  "khopamisa": -2,
  "khopisa": -2,
  "khopisitseng": -2,
  "khopisoa": -2,
  "khopo": -2,
  "khopolotaba": -2,
  "khothalitse": 2,
  "khothalletsa": 2,
  "khothalletse": 2,
  "khothatsa": 2,
  "khothatso": 2,
  "khotso": 2,
  "khotsofalle maemo": -2,
  "khotsofatsoe ke": -2,
  "khotsong": 1,
  "khumameloe": 3,
  "khutsisa": 2,
  "khutsisoa": -1,
  "khutsitseng": 2,
  "khutšoanyane bonang ka mokhoa": -2,
  "kickback": -3,
  "kickbacks": -3,
  "kidnap": -2,
  "kidnappings": -2,
  "kidnaps": -2,
  "kinder": 2,
  "koahela": -3,
  "koalloa": -2,
  "koatile": -2,
  "koeteloa": -2,
  "koetsoe": -1,
  "kokobetsa": 2,
  "kokomoha": 1,
  "koleisama": 2,
  "koluoa": -4,
  "kopa tshwarelo": -1,
  "kopa tsoarelo": -1,
  "kōpa tšoarelo": -1,
  "kopanelang": 1,
  "kopaneng": 1,
  "kotlo": -2,
  "kotsi": 2,
  "Kotsi": -2,
  "kotsi e": -2,
  "kotsing": -2,
  "Krrish": -3,
  "kudos": 3,
  "kuku": -5,
  "kula": -2,
  "kulafated": -2,
  "kulang": -2,
  "kutloelobohloko": 2,
  "kwae": -4,
  "labalabela": 2,
  "labo ko labo se": -2,
  "lackadaisical": -2,
  "laela": -1,
  "lagged": -2,
  "lagging": -2,
  "lags": -2,
  "lahla": -1,
  "lahle": -1,
  "lahleheloa": -3,
  "lahleheloa ke lona": -3,
  "lahlelang": -1,
  "lahleloa": -2,
  "lahlile": -1,
  "lahliloeng": -1,
  "lakatsa": 2,
  "lakatsehang": 2,
  "lapa": -2,
  "lapileng": -2,
  "latela litekanyetso tse nepahetseng": 2,
  "latola": -2,
  "latolang": -2,
  "laughting": 1,
  "lawl": 3,
  "le bangata ho feta": -2,
  "le boikarabelo ba": 2,
  "le ho sa tsamaeeng": -3,
  "le isa": -2,
  "Le khahleha": 3,
  "le kotlo ho": -2,
  "le liphoso tsa": -2,
  "le mahakoe liphuleng": 1,
  "le mahlomoleng": -3,
  "le meeli e behiloeng": -1,
  "le menyetla": 2,
  "le mohlolo": 4,
  "le motlotlo": 2,
  "le rate": -2,
  "le se nang boithati": 2,
  "le thabela": 4,
  "le tlohele": -1,
  "le tlotla ea": 2,
  "le tšepo": 2,
  "le tsusumetso e matla": 2,
  "lebaka le utloahalang": 2,
  "lebala": -1,
  "lebalang": -2,
  "lebali": -2,
  "lebaloa": -1,
  "lebisang": 2,
  "lebisang katlehong": 2,
  "lebitleng": -2,
  "leboha": 3,
  "lebohang": 2,
  "lebohela": 2,
  "leeme": -1,
  "lefa": -1,
  "lefeela": -2,
  "lefifi": -1,
  "lefisa": -1,
  "lefisang": -1,
  "lefisoa": -2,
  "lefu": -2,
  "lefu la ho hlobaela": -2,
  "lefu la seoa le": -3,
  "lehakoe": 3,
  "lehlakorengphello e": -2,
  "lehlaso le monate": 2,
  "lehlatsipa": -3,
  "lehloeo": -2,
  "lehlohonolo": 3,
  "lehlohonolo mpe": -2,
  "leholimo": 4,
  "leholimong": 2,
  "leholo": 3,
  "lekaneng": -1,
  "lekanyelitsoe": -1,
  "lekhoba": -3,
  "lekhonono": -2,
  "lekhopho": -2,
  "Lekhotla le Otlang Bakhelohi": -2,
  "lekoala": -2,
  "lelefatsa": 1,
  "leleka": -2,
  "lelekeloa": -2,
  "lelekoa": -2,
  "lelekoa naheng": -1,
  "lemala": -2,
  "lemosa": -2,
  "lena le thoholetsang maikutlo": 2,
  "lengthy": -2,
  "leoatla": -2,
  "lephehlophehlo": -1,
  "leqe": -2,
  "leqeme": -2,
  "leqheka": -2,
  "lerabele": -2,
  "lerata": -1,
  "lerato": 3,
  "lerato sex": 4,
  "lerootho": -2,
  "leruo": 3,
  "leruo la": 2,
  "leseling": 2,
  "lesholu": -2,
  "lesoba": -1,
  "letetse": -1,
  "letetsoe": -1,
  "lethality": -2,
  "lethargic": -2,
  "lethargy": -2,
  "letlotlo": 2,
  "li amohele": 2,
  "li monate": 2,
  "li ratang": 2,
  "li sokela": -3,
  "libano": -2,
  "libe": -2,
  "libelous": -2,
  "libete": -3,
  "licheleteng": -3,
  "lieha": -1,
  "lighthearted": 1,
  "liha": -2,
  "lihele": -4,
  "lihlong": -1,
  "likarolo tsa eona": 1,
  "likeable": 2,
  "likers": 2,
  "likes for": 2,
  "liketselletso": -2,
  "likhaello tsa": -2,
  "likhanyetso": -2,
  "likhathatso": -2,
  "likhau": 3,
  "likhohlano": -2,
  "likhukhuni": -2,
  "likoli": -3,
  "likoluoa": -2,
  "likoluoa ​​li sentseng meaho": -2,
  "likotlo": -3,
  "likotsi": -2,
  "likotsi tse": -2,
  "limakatso": 3,
  "limumu": -3,
  "linate": -3,
  "lintlheng": 2,
  "lintoa": -1,
  "lipale": 2,
  "lipelaelo": -1,
  "liphello": -2,
  "liphofu tsena tse malimabe": -2,
  "liphoso": -2,
  "lipolao": -2,
  "lipolaong": -2,
  "lipolelo tse": -2,
  "lipono": 1,
  "lipula": -1,
  "liqabang": -2,
  "liqoso": -2,
  "lira": -2,
  "lit sobotsi": 2,
  "litakatso tsa": 1,
  "litebello": 1,
  "litemoso": -3,
  "literaeke": -1,
  "lithahasello tsa": 1,
  "lithako": -2,
  "litharollo": 1,
  "lithibelo": -1,
  "lithōle": -1,
  "litholoana tse ntle tse": 2,
  "lithoriso": 3,
  "lithoto": -1,
  "lithuso tsa lichelete": 1,
  "litigious": -2,
  "litlatse": 2,
  "litle": 1,
  "litlhaselo": -2,
  "litlhaselo tse etsoang": -1,
  "litlhōrō": 2,
  "litlokotsebe": -2,
  "litlokotsi": -2,
  "litlōlo tsa molao tse": -3,
  "litokoloho": 2,
  "litoro tse": 1,
  "litšeho": -2,
  "litsekong": -2,
  "litšepiso": 1,
  "litšila": -2,
  "litšitiso": -2,
  "litumeliso tse": 2,
  "llang": -2,
  "llela": -2,
  "lmao": 4,
  "lmfao la": 4,
  "loana": -1,
  "loana feela": -1,
  "loanela": -2,
  "loantšanang": -2,
  "loathes": -3,
  "lobato": -3,
  "lobbied": -2,
  "lobbying": -2,
  "lobbyist": -2,
  "lobbyists": -2,
  "loebehlanang": -2,
  "logika belom": 3,
  "loka": 2,
  "lokafatsoang": 2,
  "lokang": -2,
  "loketseng": 2,
  "loketseng ho tse thathamisitsoeng": 2,
  "loketseng motseng": 2,
  "lokiselitse": 1,
  "lololol": 4,
  "lolololol": 4,
  "loloma ke bohale": -2,
  "lonesome": -2,
  "lool": 3,
  "loomed": -1,
  "loool": 3,
  "looool": 3,
  "looses": -3,
  "lopolotsoeng": 2,
  "lora": 1,
  "lousy": -2,
  "lovelies": 3,
  "ludicrous": -3,
  "lugubrious": -2,
  "lulang se le setala": 2,
  "luleng": -2,
  "lumela": -1,
  "lumelisa": 2,
  "lumelise": 2,
  "lumelise folakha": 2,
  "lumellana": 1,
  "lumellanang": 2,
  "lumellane": 1,
  "lumelle": 1,
  "lumelle tokoloho ea": 2,
  "lunatic": -3,
  "lunatics": -3,
  "mabe a": -2,
  "mabifi": -2,
  "mabothobotho": 2,
  "macabre": -2,
  "maddening": -3,
  "maeto": 2,
  "mafolofolo": 3,
  "mafu a": -1,
  "mahahapa": -2,
  "mahala": 1,
  "mahlabaphio": -2,
  "mahlabisalihlong": -3,
  "mahlahahlaha": 3,
  "mahlapa": -2,
  "mahlatsa": -3,
  "mahlatsipa": -3,
  "mahlomola": -2,
  "makala": -2,
  "makalang": -2,
  "makatsa": -2,
  "makatsang": 3,
  "makatsoa ke tsela e": 2,
  "maketse": 2,
  "makhabane": 2,
  "makhalo": -2,
  "makhaolakhang": 1,
  "makhoba": -2,
  "mala o motala itlhatsoelitseng tsona": -3,
  "maladaption": -2,
  "maldevelopment": -2,
  "malekele": 2,
  "mall tsakane": -3,
  "maloetse kaofela": -1,
  "mamelleha": -2,
  "mamello": 2,
  "mampoli": 2,
  "maneha": 4,
  "manganga": -2,
  "mano": 2,
  "manslaughter": -3,
  "maoatla": -2,
  "mapato": -1,
  "maqakabetsi": -3,
  "maqakabetsing": -2,
  "maqeba": -2,
  "maraba": -1,
  "masantu masengeli komemiama": 2,
  "Masepa": -4,
  "masisapelo": -2,
  "masoabi": -1,
  "mathata": -2,
  "mathela hloohong": -3,
  "matla": 2,
  "matla a ho laela": 1,
  "matla ho": 2,
  "matla ka ho fetisisa": 2,
  "matlafalitse": 1,
  "matlafalletsa": 2,
  "matlafatsa": 2,
  "matlafatsang": 2,
  "matlafatso": 2,
  "matlafatsoa": 2,
  "matlakala": -1,
  "matlalo": -1,
  "matlotlo": 2,
  "matšeliso": 2,
  "matšeo": -3,
  "Matsoalong": -3,
  "matšoenyeho": 1,
  "matšoephelele": -3,
  "mediocrity": -3,
  "mefokolo": -2,
  "meharo": -2,
  "mehoo": -2,
  "mekete": 3,
  "mekhatlo ea thekolohelo": 2,
  "mekhoa e itseng ea": 1,
  "mekhoa e metle": 2,
  "mekokotlong": 1,
  "melancholy": -2,
  "melemo e": 2,
  "mellwane": -1,
  "mema": 1,
  "memelang": 1,
  "memoriam": -2,
  "menaces": -2,
  "menyetla": 2,
  "menyetla e": 2,
  "meokho": -2,
  "meputso": 2,
  "meroalo": -2,
  "merusu": -2,
  "mesarelo": -2,
  "mesebetsi e thata": -2,
  "mesmerizing": 3,
  "mess": -2,
  "messing fihlang": -2,
  "methapo": -1,
  "methodical": 2,
  "metlae": 2,
  "metsana": 1,
  "mirth": 3,
  "mirthful": 3,
  "mirthfully": 3,
  "misbehaved": -2,
  "misbranding": -3,
  "miscast": -2,
  "mischiefs": -1,
  "misclassified": -2,
  "misclassifies": -2,
  "misclassify": -2,
  "misconducted": -2,
  "misconducting": -2,
  "misconducts": -2,
  "misfire": -2,
  "misgiving": -2,
  "misleaded": -3,
  "misplace": -2,
  "misplaces": -2,
  "misplacing": -2,
  "mispricing": -3,
  "misread": -1,
  "misreport": -2,
  "misreported": -2,
  "misreporting": -2,
  "misreports": -2,
  "misrepresentations": -2,
  "misrepresenting": -2,
  "misuses": -2,
  "mo soabisa": 2,
  "moan": -2,
  "moaned": -2,
  "moaning": -2,
  "mobe": -2,
  "mock": -2,
  "modernize": 2,
  "modernizes": 2,
  "modernizing": 2,
  "moea": 1,
  "moferefere": -3,
  "mofosi": -2,
  "mofuta ofe": 2,
  "mohale": 2,
  "mohanyetsi oa": -1,
  "mohau": 2,
  "mohlahlobisisi": -2,
  "mohlodi": 4,
  "mohlolohali": -1,
  "mohlomong": 1,
  "mohola": -2,
  "moholo ka ho fetisisa": 3,
  "mohono": -1,
  "mohoo": -1,
  "moikhohomosi": -2,
  "mokete": 3,
  "mokhathala": -2,
  "mokhoa oa ho itšireletsa": -2,
  "mokoallo": -2,
  "mokoka": 2,
  "mokoko": -5,
  "mokola": -2,
  "mokuli": -2,
  "molaetsa o matla": 2,
  "molato": -2,
  "molemo": 3,
  "molemo ka ho fetisisa": 3,
  "molemo ka ho fetisisa damn": 4,
  "molimo": 1,
  "mollo": -2,
  "momahaneng": 1,
  "momori": -3,
  "monate": 4,
  "monehelo oa": 2,
  "mongering": -2,
  "monopolize": -2,
  "monopolizes": -2,
  "monopolizing": -2,
  "monotone": -1,
  "monyetla": 2,
  "monyetla oa": 2,
  "Moody": -1,
  "mope": -1,
  "mopheteletsi": -2,
  "mophonyohi": 2,
  "moping": -1,
  "moputso": 2,
  "Mora letekatse": -5,
  "morero": 2,
  "moroalo": -2,
  "morolo": 1,
  "moromelaspamo": -3,
  "morusu": -2,
  "mosa": 3,
  "mosa o lerato": 3,
  "mosing": -2,
  "mosireletsi": 2,
  "mothating": -2,
  "motherfucker": -5,
  "motherfucking": -5,
  "motho lekhoba": -2,
  "motlotlo": 2,
  "motšehetsi": 1,
  "motšoaealiphoso": -2,
  "motsoalle": 1,
  "motšoaruoa": -2,
  "mourns": -2,
  "mpe": -3,
  "mpe ka ho fetisisa": -3,
  "mpefala": -3,
  "mpefatsa": -2,
  "mpefatsang": -2,
  "mphe sebete": 2,
  "mpho": 2,
  "mpoli": -2,
  "mumpish": -2,
  "murky": -2,
  "n00b": -2,
  "na le tokelo": 1,
  "na le tšepo": 2,
  "na mahae": -2,
  "na matla": -2,
  "nahanelang": 2,
  "nahaneleng": -2,
  "nahanisisa": 1,
  "nahannoeng": 2,
  "naked fakes": -3,
  "nala": 3,
  "nanarela": -1,
  "nang le bokooa": -2,
  "nang thuso": -2,
  "nang tsabo": 2,
  "narcissism": -2,
  "natefisa": 2,
  "natse": -2,
  "negativity": -2,
  "neha": 1,
  "nehelo": 2,
  "nehetsoeng": 3,
  "nepo": 2,
  "ngangisano": -2,
  "ngongoreha": -3,
  "nifty": 2,
  "niggas": -5,
  "nigger": -5,
  "nka qeto": 2,
  "nke khato": -2,
  "nkeha maikutlo": 3,
  "nkha hampe": -2,
  "nkhalefisang": -2,
  "nkhang": -3,
  "nkhang hampe": -2,
  "noabolohang": -2,
  "nonamohelehang": -2,
  "nona haholo": -1,
  "nonneng": 2,
  "noob": -2,
  "nosy": -2,
  "ntaramane": -2,
  "ntlafala": 2,
  "ntlafatsa": 2,
  "ntlafatsa mokhatlo oa": 1,
  "Ntlafatso": 2,
  "ntle": 3,
  "ntlhokomolohang": -2,
  "ntlhomphe": -2,
  "ntoa": -2,
  "ntoa ea": -2,
  "ntoeng": -1,
  "ntša kotsi": -2,
  "ntšelitse": 2,
  "ntshitsweng": -2,
  "ntšoa kotsi": -2,
  "nyahama": -2,
  "nyahame": -2,
  "nyahame ka": -2,
  "nyahameng": -2,
  "nyahamisang": -2,
  "nyahamisoa": -2,
  "nyakaletse": 3,
  "nyakaletseng": 4,
  "nyakalle": 3,
  "Nyakalletse": 3,
  "nyakallo": 3,
  "nyamela": -1,
  "nyarosang tsa": -3,
  "nyat": -2,
  "nyatsa": -2,
  "nyatsa.": -2,
  "nyatse": -2,
  "nyatsuoa": -2,
  "nyedisa": -2,
  "nyefola ho": -2,
  "nyefolang": -3,
  "nyelisa": -2,
  "nyeliso": -2,
  "nyenyefalitse": -1,
  "nyenyefatsa": -2,
  "nyenyefatsa netefatso": -2,
  "nyenyefatsang": -2,
  "nyollelo": 1,
  "nyonya": -2,
  "nyonyehang": -2,
  "nyonyehe": -2,
  "nyopa": 1,
  "nyopisa": -2,
  "nyopisoa": -2,
  "nzela ezali elengi mingi": 3,
  "o ananela": 2,
  "o atlehile ho ferekanya": -2,
  "o atlehileng": 3,
  "o boima o": 3,
  "o bolela hore moqusuoa": 2,
  "o eka": -3,
  "o ile a eletsa": -2,
  "o ile a hana": -2,
  "o ile a khomarela": -2,
  "o ile a lemosa": -2,
  "o ile a lumela": 1,
  "o ile a qosa": -2,
  "o ile a seoa": -2,
  "o ile a shoa": -3,
  "o ile a tšepisa": 1,
  "o ipha": 1,
  "o motle": 3,
  "o nolofatsa pelo ea": 2,
  "o nyatsa": -2,
  "o nyonya": -3,
  "o putlama": -2,
  "o sa nepahalang": -2,
  "o se buang": -2,
  "o sebetse": -2,
  "o thabela": 2,
  "o thabileng": 3,
  "o thibela": -2,
  "o tiileng": 2,
  "o tletleba": -2,
  "o totobetseng": -3,
  "o tshwenyang": -2,
  "o tsotella batho": 2,
  "oa halefa": -2,
  "oa soahlamana": -2,
  "oa tlhōlisano": 2,
  "oang": -1,
  "obliterate": -2,
  "obnoxious": -3,
  "obstructed": -2,
  "obstructing": -2,
  "obstruction": -2,
  "obstructs": -2,
  "oela sehlopheng": -1,
  "oele": -2,
  "offensively": -2,
  "oho": -1,
  "oks": 2,
  "omanya": -2,
  "oops": -2,
  "opa liatla": 2,
  "opang": -2,
  "oppressions": -2,
  "optionless": -2,
  "ostracize": -2,
  "ostracizes": -2,
  "otla": -1,
  "otle": -1,
  "otlhaiwa mme wa tseelwa": -2,
  "otloa": -2,
  "outage": -2,
  "outmaneuvered": -2,
  "overload": -1,
  "overprotective": -2,
  "overreacted": -2,
  "overreaction": -2,
  "overreacts": -2,
  "oversell": -2,
  "overselling": -2,
  "oversells": -2,
  "oversimplification": -2,
  "oversimplified": -2,
  "oversimplifies": -2,
  "oversimplify": -2,
  "oversold": -2,
  "overstatements": -2,
  "overwrought": -3,
  "oxymoron": -1,
  "palama": 1,
  "papalifetohang": 3,
  "paradeise": 3,
  "parley": -1,
  "passively": -1,
  "pata": -1,
  "pate": -3,
  "pathetic": -2,
  "pelaelo hore": -1,
  "pelonolo": 2,
  "penalize": -2,
  "penalizes": -2,
  "pensive": -1,
  "pepesa": -1,
  "pepesang": -1,
  "perfects": 2,
  "perpetrator": -2,
  "pesky": -2,
  "petetsana": -1,
  "peto": -4,
  "phaello": 2,
  "phahama": 1,
  "phahametse": 2,
  "pharaletseng haholoanyane": 2,
  "phathahana haholo": 1,
  "phatlalatso": 2,
  "phatsima": 4,
  "phatsimang": 3,
  "phehisana": -2,
  "phephetso": -1,
  "pherekano": -2,
  "pherekano motseng": -2,
  "pheteletsa": -2,
  "pheteletsoa": -2,
  "phethahala": 2,
  "phethahatsa": 2,
  "phethahatsong": 2,
  "phethahetseng": 2,
  "phethehileng": 3,
  "phethehong": 3,
  "phobic": -2,
  "pholileng": 1,
  "pholoha": 2,
  "pholosa": 2,
  "pholosa bophelo": 4,
  "pholoso": 2,
  "pholosoa": 2,
  "phonyoha": -1,
  "phonyohang": -1,
  "phophoma": 3,
  "phoso": -2,
  "phosong": -2,
  "phunyeletsoe": -2,
  "phutholoha": 2,
  "pileup": -1,
  "pipitlelano": -2,
  "pique": -2,
  "piqued": -2,
  "piss": -4,
  "pissed": -4,
  "pissing": -3,
  "piteous": -2,
  "plodding": -2,
  "poignant": 2,
  "pokang": -2,
  "pokela": 1,
  "polao": -2,
  "polelong e": -2,
  "pollutant": -2,
  "polluter": -2,
  "poloko": 2,
  "ponong": 1,
  "pontšo": -1,
  "popontshwa": 1,
  "pososithabetsang": -2,
  "pososelo": 2,
  "possessive": -2,
  "postpones": -1,
  "potlakela": 2,
  "potlakileng": -1,
  "potlako": 2,
  "poulelo": -2,
  "prblm": -2,
  "prblms": -2,
  "prick": -5,
  "proactive": 2,
  "profiteer": -2,
  "prosecutes": -1,
  "pseudoscience": -3,
  "psychopathic": -2,
  "pululelo": 2,
  "punitive": -2,
  "purest": 1,
  "pushy": -1,
  "putlama": -2,
  "putsang": 2,
  "putsoa": 2,
  "qabeletsoe": -2,
  "qabola": 4,
  "qabolang": 2,
  "qaboloa": 2,
  "qeto": 2,
  "qhala": -2,
  "qhekella": -2,
  "qhekellang": -3,
  "qhekelloa": -2,
  "qhetsola": -1,
  "qholotsa": -1,
  "qhoma": -2,
  "qoba": -1,
  "qobang": -1,
  "qobelleha": 1,
  "qobellehile": -2,
  "qobelloa": -1,
  "qobelloang": -2,
  "qojoa": -1,
  "qosa": -1,
  "qosang": -2,
  "qoso": 2,
  "qosoa": -2,
  "ra senya": -2,
  "ra tsieleha": -2,
  "racists": -3,
  "rageful": -2,
  "raleshano": -3,
  "ranter": -3,
  "ranters": -3,
  "rants": -3,
  "rapela": 1,
  "rapelang": 1,
  "rapele ba re": 1,
  "rapeloa": 3,
  "rapture": 2,
  "raptured": 2,
  "raptures": 2,
  "rapturous": 4,
  "rarahaneng": 2,
  "rarolla": 2,
  "rarolla bothata boo": 1,
  "rarolloa": 2,
  "rata": 3,
  "rata ho tseba lintho": 2,
  "ratana": 2,
  "ratang ho bapala": 2,
  "ratang likhang": -2,
  "rateha": 2,
  "ratehang": 3,
  "ratehe": -2,
  "rateheng": -2,
  "rateng": -2,
  "ratile": 3,
  "ratoe": -2,
  "re fumane": 2,
  "re kholisehile": 2,
  "regretful": -2,
  "reliant": 2,
  "relishing": 2,
  "renang khotso": 2,
  "repercussion": -2,
  "reprimanding": -2,
  "reprimands": -2,
  "Repulse": -1,
  "rerang bobe": -3,
  "resigns": -1,
  "retarded": -2,
  "revengeful": -2,
  "revives": 2,
  "rigged": -1,
  "rigorously": 3,
  "ripitla": -2,
  "ripitliloeng": -2,
  "riveting": 3,
  "robakanngoa": -2,
  "robed": -2,
  "robehileng": -1,
  "robing": -2,
  "robust": 2,
  "rofl": 4,
  "roflcopter": 4,
  "roflmao": 4,
  "rohakile": -2,
  "rohakoa": -2,
  "romantical": 2,
  "ropoha": -2,
  "rorisa": 3,
  "rorisoa": 3,
  "rotfl": 4,
  "rotflmfao": 4,
  "rotflol": 4,
  "rua molemo joang": 2,
  "ruileng": 2,
  "ruisang": 3,
  "ruruhileng": -2,
  "ruteng boammaaruri": -2,
  "sa fellang": -1,
  "sa lemohe": -2,
  "sa lokelang": -2,
  "sa maiketsetso": -1,
  "sa phutholoha": -2,
  "sa rate": -2,
  "sa tshosiwe": -2,
  "sa tšoanelehe": -2,
  "salient": 1,
  "sappy": -1,
  "sareloa": -2,
  "saretsoe": -2,
  "savange": -2,
  "savanges": -2,
  "scams": -2,
  "scandals": -3,
  "scapegoat": -2,
  "scoop": 3,
  "scornful": -2,
  "screams": -2,
  "scum": -3,
  "scumbag": -4,
  "se amohelehang": 1,
  "se lebeletseng ka lorato": 3,
  "se na letheba": 2,
  "se nang botho": -2,
  "se nang kelello": -2,
  "se nang le thuso": 2,
  "se nang matla": -2,
  "se nang teboho": -3,
  "se nang thuso kateng": -2,
  "se ne se laola": -2,
  "se sa": -1,
  "se setle": 3,
  "se siea": -2,
  "se silafatsang": -2,
  "se utloisang bohloko": -2,
  "Sea makatsa": -2,
  "seamless": 2,
  "seamlessly": 2,
  "seatla se bulehileng": 2,
  "sebakeng se sireletsehileng": 1,
  "sebakeng seo": -1,
  "sebe": -2,
  "sebelisa hamolemo libaka tseo": 2,
  "sebelisa hampe": -2,
  "sebelisitsoe hampe": -2,
  "sebete": 2,
  "sebetse hantle": -2,
  "sebjalebjale": 2,
  "seboko": -2,
  "Sebono": -4,
  "secured": 2,
  "secures": 2,
  "seemahale": 4,
  "sefako": 2,
  "sefi": -1,
  "sehiloeng": -1,
  "sehlahlo": 3,
  "sehlōhō": -2,
  "sehlōhō.": -2,
  "sehole": -3,
  "seholohali se": 1,
  "sekame": 2,
  "sekepe": -1,
  "sekhukhu": -2,
  "sekisetsoang": -2,
  "sekoli": -3,
  "sekoti": -1,
  "selepe": -1,
  "selote": -2,
  "semolao": 1,
  "seng matsapa": 2,
  "seng molaong": -3,
  "senokoane": -3,
  "sentse": -2,
  "sentsoe lebitso": -2,
  "senya": -2,
  "senyang": -2,
  "senyang likarolo": -2,
  "senyeha": -2,
  "senyeha li": 2,
  "seotswa": -4,
  "sepakbola pholileng": 3,
  "sepetlele": -2,
  "sephoqo": -3,
  "sera": -2,
  "Serene": 2,
  "seretse": -2,
  "serota": -3,
  "Setereiti": 1,
  "sethabathaba": 2,
  "sethoto": -3,
  "sethunya": -1,
  "setlankana": -1,
  "setolo": -2,
  "setopo": -1,
  "setsoalle": 2,
  "sex": -4,
  "sex bo phethahetseng": 4,
  "sex chesang": 2,
  "sex fantastis": 4,
  "sex leholo": 4,
  "sex molemo": 4,
  "sex motle": 4,
  "sex rata moshanyana": 4,
  "sex se setle": 4,
  "sex tsela e makatsang": 4,
  "sexist": -2,
  "sexistic": -2,
  "sexy mo": 3,
  "shaky": -2,
  "shapa": -3,
  "shape": -3,
  "Shit": -4,
  "shithead": -4,
  "shitty": -3,
  "shoa": -3,
  "shoang": -3,
  "shocks": -2,
  "shoeleng": -3,
  "shoeng": 2,
  "shoeng habonolo": 2,
  "shoetsoeng": -2,
  "shoody": -2,
  "shrew": -4,
  "siama": -2,
  "silafalitsoe": -2,
  "silafatsa": -2,
  "silafatsang": -2,
  "silafatsang.": -3,
  "silafatse": -2,
  "silafatsoa": -2,
  "silafetseng": -2,
  "silakanya": -1,
  "sincerest": 2,
  "singleminded": -2,
  "sireletsa": 1,
  "sireletsehileng": 2,
  "sireletsoa": 1,
  "sisinyehe": -1,
  "sithabetsa": -1,
  "sithabetsang": -3,
  "sithabetse": -2,
  "sithabetseng": -2,
  "sitisa": -2,
  "sitisa morero oa": -2,
  "sitisa tsamiso": -2,
  "sitisang": -2,
  "sitisang tshebetso": -2,
  "sitise": -2,
  "sitisoa": -2,
  "sitoang ho ithiba": 2,
  "siuoang": -1,
  "skeptic": -2,
  "Slam": -2,
  "slashes": -2,
  "slashing": -2,
  "slick": 2,
  "slicker": 2,
  "slickest": 2,
  "slumping": -1,
  "smarter": 2,
  "smartest": 2,
  "smog": -2,
  "smuggles": -2,
  "sneaky": -1,
  "sneeze": -2,
  "sneezes": -2,
  "snub": -2,
  "snubbed": -2,
  "snubbing": -2,
  "snubs": -2,
  "soaba": -2,
  "soabisa": -2,
  "soabisang": -2,
  "soabisoa": -2,
  "soasoa": 2,
  "soetsang": -2,
  "soetseha": -2,
  "soetseha haesita": -2,
  "sokela": -2,
  "sokelang": -2,
  "sokeloa": -2,
  "sokeloang": -2,
  "sokola": -2,
  "sokolisa": -2,
  "solidifies": 2,
  "soma": -2,
  "songoa": -2,
  "sotha": -2,
  "sothiloeng": -2,
  "sothoa": -2,
  "sotlang": -2,
  "sōtō": -3,
  "spam": -2,
  "spammers": -3,
  "spamming": -2,
  "sparkles": 3,
  "spirited": 2,
  "spiritless": -2,
  "spoiled": -2,
  "sprightly": 2,
  "squandering": -2,
  "squanders": -2,
  "squelched": -1,
  "stalled": -2,
  "stalling": -2,
  "stampede": -2,
  "stank": -2,
  "starves": -2,
  "stereotype": -2,
  "stereotyped": -2,
  "stifled": -1,
  "Stimulating": 2,
  "stingy": -2,
  "stinked": -2,
  "stinker": -2,
  "stinks": -2,
  "stinky": -2,
  "stout": 2,
  "stressor": -2,
  "stressors": -2,
  "suave": 2,
  "subpoena": -2,
  "sucks": -3,
  "sueing": -2,
  "sues": -2,
  "suing": -2,
  "suleng,": -1,
  "sulking": -2,
  "sulky": -2,
  "superb": 5,
  "sustainably": 2,
  "susumeletsa": 1,
  "susumelletsa": 1,
  "susumelletsang motho": -1,
  "susumelletseha": 1,
  "susumetsa": -1,
  "susumetsang": 2,
  "susumetsoa": 2,
  "swanky": 3,
  "swathika": 3,
  "swindle": -3,
  "swindles": -3,
  "swindling": -3,
  "taba": 1,
  "tabatabelo ea": -1,
  "taemane": 1,
  "tafole": 2,
  "tahiloe": -2,
  "tahlehelo": -3,
  "takatso": 1,
  "takatso e matla": 2,
  "talenta e ikhethang ea": 2,
  "talima liphoso": -2,
  "tard": -2,
  "tarnish": -2,
  "tarnishes": -2,
  "tebello": 1,
  "tebileng": 1,
  "tellang": -1,
  "temoho": 2,
  "temoso ea": -3,
  "tena": -2,
  "teneha": -3,
  "tenehile": -3,
  "tepeletsang": -2,
  "tepeletseng": -2,
  "tepeletseng maikutlo": -2,
  "teronkong": -2,
  "terrifically": 4,
  "terrorizes": -3,
  "thaba": 4,
  "thaba haholo": 4,
  "thabang": -2,
  "thabe": 4,
  "thabe ha": -2,
  "thabelang": 3,
  "thabele": 2,
  "thabile": 3,
  "thabileng": 3,
  "thabileng ka ho fetisisa": 3,
  "thabise ka": 3,
  "thabiseng": -2,
  "thabo": 3,
  "thabo ea": 3,
  "thabong e khaphatsehang": 3,
  "thahasella taba ena": 2,
  "thahaselleng": -3,
  "thahasellisang": 2,
  "thahasello e": 1,
  "thakholoa": 1,
  "tharollo": 1,
  "thata": -1,
  "thatafatsa": -2,
  "thatho": 3,
  "thekesele": -1,
  "theola theko": 2,
  "thepa": 2,
  "thetsa": -2,
  "thetsang": -3,
  "thetso": -3,
  "thetsoa": -3,
  "thibang litsebe": -1,
  "thibela": -1,
  "thibela ho rekisoa ha": -1,
  "thibela likepe": -2,
  "thibela metsoako": -1,
  "thibela motho": -1,
  "thibella ho tsamaea": -2,
  "thibelo": -2,
  "thibeloa": -1,
  "thibeloe ke": -2,
  "thipa": -2,
  "thipitlo": -2,
  "thisa": -1,
  "thoba": 3,
  "thobang": 3,
  "thobang pelo": 3,
  "thoe pefo": -3,
  "thoe pefo e amanang le": -3,
  "thohako": -1,
  "thoholetsa": 2,
  "thoholetsoa": 2,
  "thoko": -2,
  "tholla": 1,
  "thoriso": 3,
  "thothomela": -2,
  "thothomelo": -2,
  "thulana": -2,
  "thunya": -1,
  "thusa": 2,
  "Thusa": 2,
  "thusa mantsiboea": 2,
  "thuso": -2,
  "thusong": 2,
  "tiee": 2,
  "tiile": 2,
  "tiileng": 2,
  "tiisa puso": 2,
  "tiise ka": 1,
  "tiisehe": -1,
  "tiisetsa": 1,
  "tiisetso sa": 1,
  "tiisitsoe ka oona": 1,
  "tikoloho e khahlangba botsoalle": 2,
  "timelong": -2,
  "timetsa": -3,
  "timetso": -2,
  "timetsoa": -3,
  "timorous": -2,
  "tits": -2,
  "tjaka": 3,
  "tjotjo": -3,
  "tla khutsisa": 2,
  "tlaasana": -2,
  "tlaasetlaase": -1,
  "tlala": -2,
  "tlala tsabo": -3,
  "tlamang": -1,
  "tlamehe": 2,
  "tlang": -1,
  "tlatlapa": -2,
  "tlatlapuweng": -2,
  "tleroha": -2,
  "tletleba": -2,
  "tletlebo": -2,
  "tletse mashano": -2,
  "tletseng bora": -2,
  "tletseng likhathatso": -2,
  "tlhaelo": -2,
  "tlhaho": 1,
  "tlhakisetso": 2,
  "tlhamosea": 2,
  "tlhase": 1,
  "tlhaselo": -1,
  "tlhekefetso": -3,
  "tlhohonolofatso ea": 3,
  "tlhoka tsebe ke": -2,
  "tlhokeho": -1,
  "tlhokofatso": -4,
  "tlhokomelong": 2,
  "tlhōlo": 4,
  "tlhompho": 2,
  "tlhōrōng": 2,
  "tlile lepatong la": -1,
  "tlisang bomalimabe": -3,
  "tloaeleha": 3,
  "tloaelehang": -2,
  "tlohang botebong ba pelo": 3,
  "tlohela": -1,
  "tlohetsoe": -2,
  "tlokoa": -2,
  "tlokotsi": -3,
  "tlokotsi ena": -2,
  "tlōla": -2,
  "tlōlang": -2,
  "tlolo": -2,
  "tlōlo": -2,
  "tlōlo ea molao": -3,
  "tlosa qoso": 2,
  "tlotlolla": -2,
  "tlotlolloa": -3,
  "tlotlolotsoe": -2,
  "tobogan": 2,
  "toka": 2,
  "toothless": -2,
  "totalitarianism": -2,
  "totobala kopanong": 2,
  "touted": -2,
  "touting": -2,
  "touts": -2,
  "transgresses": -2,
  "travesty": -2,
  "treasonous": -3,
  "tremor": -2,
  "tremulous": -2,
  "tsa fokodisa": -2,
  "tsa ntoa": -1,
  "tsa sebetsa": -2,
  "tsa thobalano": -2,
  "tsa thulana": -1,
  "tšaba": -2,
  "tšabang": -2,
  "tšabehang": -2,
  "tšabo": -2,
  "tsabo li": -2,
  "tse seng bohlale": -2,
  "tse tsosang": -3,
  "tšebeliso e mpe": -2,
  "tšebeliso e mpe ea": -3,
  "tsebeng": -2,
  "tseha": 1,
  "tšeha": 1,
  "tsehang": 1,
  "tšehelitsoe": 2,
  "tšehetsoa": 2,
  "tsehisang": 3,
  "tsekang": -1,
  "tsekolotsoeng": -2,
  "tsekong": -2,
  "tsela e bonolo": 1,
  "tsela e makatsang": 4,
  "tsela e nepahetseng": 3,
  "tšenyeho": -2,
  "tsenyo e bakiloeng ke": -3,
  "tšenyo e khōlō": -2,
  "tšepahala": 2,
  "tsepamisa maikutlo": 2,
  "tšepe": -3,
  "tšepile": 2,
  "tšepile hore": 2,
  "tšepiso": 1,
  "tšepo": 2,
  "tshehetsa leano": 2,
  "tshehetso": 2,
  "tshepahala": 2,
  "tshohanyetso": -2,
  "tshwaetso": -2,
  "tshwarela": 2,
  "tshwarello": 1,
  "tsielehe": -2,
  "tsielehile": -2,
  "tsielehileng": -2,
  "tsieleho": -3,
  "tsietsi": -2,
  "tšilafalo": -2,
  "tšitiso": -2,
  "tsitsang": -1,
  "tsitsipana": -2,
  "tsitsipano": -1,
  "tsitsitseng": 2,
  "tsoa malapeng a bona": -1,
  "tšoaea liphoso": -2,
  "tšoaetsa": -2,
  "tšoaetsanoa": -1,
  "tšoaetsanoang": -2,
  "tsoalla": -2,
  "tsoanelang": 2,
  "tšoaneleha": 2,
  "tšoanelehe": -2,
  "tšoaneloang ke": 2,
  "tsoaneloe": -2,
  "tšoara": -2,
  "tšoarela": 2,
  "tšoareleng": -2,
  "tsoarellang": 2,
  "tšoaretsoeng": 2,
  "tšoaroa": -3,
  "tsoaroa ke kankere": -1,
  "tsoelopele ea": 2,
  "tšoenya": -2,
  "tšoenyang": -2,
  "tsoenye": -2,
  "tšoenyeha": -2,
  "tšoenyeng hakaalo": -2,
  "tsoeroeng": -2,
  "tšoeroeng ke": -2,
  "tsofetseng": -1,
  "tsoha": 1,
  "tšoha": -2,
  "tšohile": -2,
  "tsoileng": 4,
  "tsokelo": -2,
  "tšollang mali": -3,
  "tšōmo": -1,
  "tšosa": -2,
  "tšosang": 3,
  "tšosang,": -2,
  "tsositsoeng": -2,
  "tšosoa": -2,
  "tsosoe": -2,
  "tsosolosa": 1,
  "tsosolositsoeng": 1,
  "tsota": 3,
  "tsotehang": 3,
  "tsotella": 2,
  "tsotellang": 2,
  "tsotelle": -2,
  "tsotoang": 3,
  "tsuo": -2,
  "tšusumetso e": 1,
  "tumeliso": 1,
  "tumellano": 1,
  "tumellanong": 2,
  "tumello": 2,
  "tumelo": 1,
  "tumme hampe": -2,
  "tummeng": 2,
  "twat": -5,
  "tyran": -3,
  "tyrannic": -3,
  "tyrans": -3,
  "u nyatse ka matla": -2,
  "ugh": -2,
  "ugliness": -3,
  "unappeasable": -2,
  "unapproved": -2,
  "unavailing": -2,
  "unbiased": 2,
  "unconfirmed": -1,
  "unconvinced": -1,
  "uncredited": -1,
  "undercooked": -2,
  "underestimating": -1,
  "underperform": -2,
  "underperformed": -2,
  "underperforming": -2,
  "underperforms": -2,
  "uneventful": -2,
  "unfitted": -2,
  "unfocused": -2,
  "unfunny": -2,
  "ungenerous": -2,
  "unhygienic": -2,
  "unimaginative": -2,
  "unimpressed": -2,
  "uninspired": -2,
  "uninvolving": -2,
  "unmotivated": -2,
  "unoriginal": -2,
  "unparliamentary": -2,
  "unpleasantness": -2,
  "unprofessional": -2,
  "unreleting": -2,
  "unresearched": -2,
  "unsatisfied": -2,
  "unsecured": -2,
  "unsold": -1,
  "unsophisticated": -2,
  "unstoppable": 2,
  "unsupported": -2,
  "untarnished": 2,
  "uptight": -2,
  "utloahaleng": -1,
  "utloane": -2,
  "utloisa": -2,
  "utloisa bohloko": -2,
  "utloisana": -2,
  "utloise bohloko": -3,
  "utloisisane": -2,
  "utloisise": -2,
  "utloisiseheng": -2,
  "utloisisoang hampe": -2,
  "utloisoa bohloko": -2,
  "utsoa": -2,
  "utsoetsoa": -2,
  "utsoitsoeng": -2,
  "validate": 1,
  "validates": 1,
  "vapid": -2,
  "verdicts": -1,
  "vexing": -2,
  "victimize": -3,
  "victimizes": -3,
  "virulent": -2,
  "visioning": 1,
  "vithamine": 1,
  "vitriolic": -3,
  "vivacious": 3,
  "vociferous": -1,
  "vomits": -3,
  "walkouts": -2,
  "wanker": -3,
  "warmness": 2,
  "whimsical": 1,
  "whore": -5,
  "win": 4,
  "winwin": 3,
  "woebegone": -2,
  "Woo": 3,
  "woohoo": 3,
  "wooo": 4,
  "woow": 4,
  "Wow": 4,
  "wowow": 4,
  "wowww": 4,
  "wrongdoings": -2,
  "wrongful": -2,
  "wrongfully": -2,
  "Wszystko": -2,
  "WTF": -4,
  "wtff": -4,
  "wtfff": -4,
  "xo": 3,
  "xoxo": 3,
  "xoxoxo": 4,
  "xoxoxoxo": 4,
  "ya boitshireletso ba mmele": 1,
  "yeees": 2,
  "Yerrrrrrr": -2,
  "yucky": -2,
  "Yummy": 3,
  "zealots": -2
}