{
  "o le fiafia": 3,
  "aafia": -1,
  "aapa": 2,
  "abducted": -2,
  "abductions": -2,
  "abhors": -3,
  "aborted": -1,
  "aborts": -1,
  "absentee": -1,
  "absentees": -1,
  "absolve": 2,
  "absolved": 2,
  "absolves": 2,
  "accolade": 2,
  "achievable": 1,
  "acquits": 2,
  "acquitting": 2,
  "acrimonious": -3,
  "admires": 3,
  "adores": 3,
  "adoringly": 3,
  "advantageously": 2,
  "afaina": -2,
  "affectionateness": 3,
  "affronted": -1,
  "afi": -2,
  "aficionados": 2,
  "Afio mai": 2,
  "afioga": 3,
  "agaalofa": 2,
  "agaga": 1,
  "agaʻi i le faatalitali": -1,
  "agalelei": 3,
  "agasala": -2,
  "agavaa": 2,
  "agavaʻa": 2,
  "aggravated": -2,
  "aggravates": -2,
  "aggressiveness": -2,
  "agi": 2,
  "agog": 2,
  "agonises": -3,
  "agonizes": -3,
  "ailoga": -1,
  "aitalafu": -2,
  "aitu": -1,
  "alaga": -2,
  "alani": -2,
  "alarmist": -2,
  "alarmists": -2,
  "aleluia": 3,
  "aloaia": 1,
  "aloaloga": 1,
  "aloese": -1,
  "aloese mai le": -1,
  "alofa": 3,
  "alofaagalelei": 3,
  "alofa fucking": 4,
  "alofa mutimutivale": 2,
  "alofa tunoa": 1,
  "alofagia": 2,
  "alofaina": -2,
  "alofia": -1,
  "aloiafi": 1,
  "altruistic": 2,
  "alualu i luma": 2,
  "amanaiaina": -1,
  "amazes": 2,
  "ambivalent": -1,
  "āmio leaga": -2,
  "āmiolētonu": -2,
  "amuʻia": 2,
  "amusia": -3,
  "anagatā": 2,
  "angers": -3,
  "annoys": -2,
  "anoa": 2,
  "aoai": -3,
  "aoaiina": -3,
  "aoao": 4,
  "aofia": -2,
  "aoga": 2,
  "aogā": 2,
  "apeshit": -3,
  "apoapoai": -2,
  "apocalyptic": -2,
  "apologizes": -1,
  "appeases": 2,
  "appeasing": 2,
  "applauds": 2,
  "arsehole": -4,
  "asa": -2,
  "aseta": 2,
  "ashame": -2,
  "asini": -4,
  "asitasia": -2,
  "aso": 3,
  "aso ua": 3,
  "asosi": -1,
  "assassinations": -3,
  "assfucking": -4,
  "asshole": -4,
  "astoundingly": 3,
  "astounds": 3,
  "ata": 1,
  "ataata": 2,
  "ataʻata": 2,
  "ataliioaulī": -5,
  "atamai": 2,
  "atigi fale": -2,
  "atoa": -2,
  "ātoa": 2,
  "atoatoa": 2,
  "atoatoa fucking": 4,
  "atoatoa le faatinoga": -2,
  "atoatoa le malosi": -2,
  "atoatoa o": -1,
  "atoʻatoa ona lelei": 2,
  "atrocious": -3,
  "atrocity": -3,
  "attractively": 2,
  "atu ma le lototoa": 2,
  "Atua": 1,
  "atuatu": -3,
  "atuatuvale": -2,
  "Atuatuvale": -2,
  "atugalu": -2,
  "aua le faavaivai": -1,
  "auai": 1,
  "audacious": 3,
  "aue": -1,
  "augani pepelo": -3,
  "augaoi": -2,
  "auʻiluma": 1,
  "aulefu": -2,
  "aulelei": 3,
  "aumai tupe sili": 2,
  "aunuʻua": -2,
  "auō": -2,
  "aupito lelei": 3,
  "aupū": -1,
  "aura": 1,
  "auro": 2,
  "ausage": -2,
  "ausia": 2,
  "āusiusi": 2,
  "autasi": 2,
  "auvale": -2,
  "avanoa": -1,
  "ave faamalosiina": -2,
  "aveese": -1,
  "aveesea": -1,
  "avega": -2,
  "avenger": -2,
  "avengers": -2,
  "avenges": -2,
  "averts": -1,
  "axed": -1,
  "badass": -3,
  "bailout": -2,
  "bamboozle": -2,
  "bamboozled": -2,
  "bamboozles": -2,
  "bankster": -3,
  "barbarous": -2,
  "bastard": -5,
  "bastards": -5,
  "beatific": 3,
  "befit": 2,
  "benefitting": 2,
  "bereave": -2,
  "bereaves": -2,
  "bereaving": -2,
  "biased": -2,
  "bitches": -5,
  "bitterest": -2,
  "blackmailed": -3,
  "blackmailing": -3,
  "blackmails": -3,
  "blah": -2,
  "blames": -2,
  "blithe": 2,
  "blockbuster": 3,
  "blurry": -2,
  "boosts": 1,
  "bothersome": -2,
  "boycott": -2,
  "boycotted": -2,
  "boycotting": -2,
  "boycotts": -2,
  "brainwashing": -3,
  "braveness": 2,
  "bravura": 3,
  "bribed": -3,
  "brightest": 2,
  "brilliances": 3,
  "brutally": -3,
  "bullshit": -4,
  "bummer": -2,
  "burdening": -2,
  "carefulness": 2,
  "cashing i": -2,
  "censored": -2,
  "censors": -2,
  "chagrined": -2,
  "charmingly": 3,
  "charmless": -3,
  "chastises": -3,
  "cheater": -3,
  "cheaters": -3,
  "cheerless": -2,
  "chic": 2,
  "chided": -3,
  "chides": -3,
  "chiding": -3,
  "chokes": -2,
  "classy": 3,
  "clueless": -2,
  "cocksucker": -5,
  "cocksuckers": -5,
  "cocky": -2,
  "collapses": -2,
  "collapsing": -2,
  "collides": -1,
  "colliding": -1,
  "collisions": -2,
  "colluding": -3,
  "complicating": -2,
  "conciliated": 2,
  "conciliates": 2,
  "conciliating": 2,
  "conflictive": -2,
  "congrats": 2,
  "congratulation": 2,
  "consolable": 2,
  "contagion": -2,
  "contagions": -2,
  "contaminant": -2,
  "contaminants": -2,
  "contaminations": -2,
  "contemptuously": -2,
  "contender": -1,
  "contestable": -2,
  "controversially": -2,
  "convivial": 2,
  "courageousness": 2,
  "coziness": 2,
  "crap": -3,
  "crappy": -3,
  "crazier": -2,
  "craziest": -2,
  "crestfallen": -2,
  "criminate": -3,
  "criminated": -3,
  "criminates": -3,
  "critique": -2,
  "cunt": -5,
  "cutback": -2,
  "cutbacks": -2,
  "cynic": -2,
  "damn": -2,
  "damn aulelei": 3,
  "damn lelei": 4,
  "damn sili": 4,
  "daredevil": 2,
  "dauntless": 2,
  "dazzling": 3,
  "deadening": -2,
  "deadlock": -2,
  "debonair": 2,
  "defrauds": -3,
  "deft": 2,
  "defunct": -2,
  "degrades": -2,
  "dehumanize": -2,
  "dehumanized": -2,
  "dehumanizes": -2,
  "dehumanizing": -2,
  "deject": -2,
  "dejected": -2,
  "dejecting": -2,
  "dejects": -2,
  "delectable": 3,
  "delightfully": 3,
  "demoralize": -2,
  "demoralizes": -2,
  "demoralizing": -2,
  "denier": -2,
  "deniers": -2,
  "deplore": -3,
  "deplored": -3,
  "deplores": -3,
  "deploring": -3,
  "deportations": -2,
  "deporting": -2,
  "deports": -2,
  "derailed": -2,
  "derails": -2,
  "derelict": -2,
  "deriding": -2,
  "despairs": -3,
  "deteriorate": -2,
  "deterrent": -2,
  "detracted": -1,
  "devastations": -2,
  "Dick": -4,
  "dickhead": -4,
  "diffident": -2,
  "dilligence": 2,
  "dipshit": -3,
  "dirtier": -2,
  "dirtiest": -2,
  "disabling": -1,
  "disappoints": -2,
  "disapprovals": -2,
  "disapproves": -2,
  "disapproving": -2,
  "discarding": -1,
  "discards": -1,
  "disconsolate": -2,
  "disconsolation": -2,
  "discriminated": -2,
  "discriminates": -2,
  "disgustful": -3,
  "disinclined": -2,
  "disjointed": -2,
  "dislikes": -2,
  "disorganized": -2,
  "disoriented": -2,
  "disparaged": -2,
  "disparages": -2,
  "disproportionate": -2,
  "disquiet": -2,
  "disrespected": -2,
  "disruptions": -2,
  "disrupts": -2,
  "distasteful": -2,
  "distrustful": -3,
  "dithering": -2,
  "dodging": -2,
  "dodgy": -2,
  "dolorous": -2,
  "donates": 2,
  "dont pei": -2,
  "douche": -3,
  "douchebag": -3,
  "dour": -2,
  "downer": -2,
  "downside": -2,
  "drags": -1,
  "droopy": -2,
  "drowns": -2,
  "dubious": -2,
  "dud": -2,
  "dumbass": -3,
  "dupe": -2,
  "dupery": -2,
  "dysfunction": -2,
  "e ave eseina": -1,
  "e faalavelavea": -2,
  "e faamamaina ai": 1,
  "e fetaui": 2,
  "e lē galulue": -3,
  "e mafai ona \"t tu": -3,
  "e malolo ai": 2,
  "e matua": 2,
  "e sasaa ai lapisi": -1,
  "e sili ona leaga": -2,
  "e sili ona lelei": 3,
  "e taofia ai": -1,
  "e taufai": 2,
  "ee": -2,
  "eʻe": -1,
  "eerie": -2,
  "eery": -2,
  "effortlessly": 2,
  "ela": -2,
  "eleʻele": -2,
  "eleʻelea": -2,
  "elegantly": 2,
  "embarrasses": -2,
  "embezzlement": -3,
  "embittered": -2,
  "enchanted": 2,
  "endorses": 2,
  "engrossed": 1,
  "engrossing": 3,
  "enrage": -2,
  "enrages": -2,
  "enraging": -2,
  "enrapture": 3,
  "enterprising": 1,
  "enthrall": 3,
  "envies": -1,
  "ErrorWithTranslation": 1,
  "ese": 4,
  "ese lava": 2,
  "ese o le tiga": 3,
  "esi": -1,
  "euphoria": 3,
  "euphoric": 4,
  "evacuates": -1,
  "evacuating": -1,
  "evergreen": 2,
  "evergreening": -3,
  "evergreens": 2,
  "exacerbates": -2,
  "exacerbating": -2,
  "exasparate": -2,
  "exasperated": -2,
  "exasperates": -2,
  "exasperating": -2,
  "excruciatingly": -1,
  "exhilarated": 3,
  "exhilarates": 3,
  "exonerate": 2,
  "exonerates": 2,
  "exonerating": 2,
  "expels": -2,
  "expertly": 2,
  "exploited": -2,
  "exploits": -2,
  "explorations": 1,
  "extremist": -2,
  "exuberant": 4,
  "faʻaaleki": -2,
  "faaalialia": -1,
  "faaaliga": 1,
  "faʻaalo": 2,
  "faaaloalo": 2,
  "faʻaaloalo": 2,
  "faaaloalogia": 2,
  "faaaluese": -2,
  "faʻaanamua": -2,
  "faaaog¯ases¯eina": -2,
  "faaaogā": -2,
  "faʻaaogā": -1,
  "faaaoga sese": -2,
  "faaaogaina": -2,
  "Faaaogaina Sese": -2,
  "faaaogāsesēina": -3,
  "faaatoatoaina": 2,
  "faʻaatuatuvale": -2,
  "faʻaaunuʻua": -2,
  "faaee atu": -1,
  "faaesea": -2,
  "faʻaʻesea": -2,
  "faʻaeteete": 2,
  "faaeteete lelei": -2,
  "faʻafaʻanoa": -2,
  "faʻafāgogo": 4,
  "faafaileleina": 2,
  "faafalepuipuiina": -2,
  "faafefe": -2,
  "faafeiloai": 2,
  "faafeiloaia": 1,
  "faafeiloaiga": 2,
  "faafetai": 3,
  "faʻafetai": 2,
  "faʻafetaui": 1,
  "faʻafiafia": 3,
  "faafiafia ai": 2,
  "faafiafiaga": 3,
  "faafiafiaina": 2,
  "faafilemu": 2,
  "faafilogiaina": -2,
  "faafitauli": -2,
  "faafitia": -2,
  "faafitiga": -2,
  "faʻafitiga": -2,
  "faafoliga": -1,
  "faʻafou": 2,
  "faʻagāeʻe": 1,
  "faagaeetia": 3,
  "faʻagaoiga": -3,
  "faʻagāoioi": 3,
  "faʻagutugutulua": -3,
  "faailoa": -1,
  "faʻailoaga": 1,
  "faailoga": 3,
  "faʻailoga": 3,
  "faailoga tagata": -2,
  "faailogaina": 2,
  "faaita": -3,
  "faʻaita tele": -2,
  "faaitaina": -2,
  "faʻaitiiti": -2,
  "faaitiitia": -2,
  "faaituau": -1,
  "faʻaitūʻau": -2,
  "faaiugafonoina": 2,
  "faʻalāfuā": -2,
  "faʻalāfuāga": -2,
  "faalagolago": 2,
  "faʻalata": -3,
  "faalataina": -3,
  "faʻalataina": -3,
  "faalauiloa": 2,
  "faalautele": 1,
  "faʻalavea": -2,
  "faʻalaveaga": -2,
  "faalavelave": -2,
  "faʻalavelave": -2,
  "faalavelave faafuasei": -2,
  "faalavelave pea": -2,
  "faalavelaveina": -2,
  "Faalavelaveina": -2,
  "faaleaga": -2,
  "faʻaleaga": -2,
  "faaleagaina": -4,
  "faʻaleagaina": -2,
  "faaleai": 2,
  "faalēano": -2,
  "faaleaogaina": -1,
  "faalēaogāina": -1,
  "faaleautaitai": 1,
  "faʻalēfeagai": -2,
  "faalefiafia": -2,
  "faalelagi": 4,
  "faaleleia": 2,
  "faʻalēlelei": -2,
  "faʻalēmāfaufau": -2,
  "faʻalēmālosilelei": -2,
  "faalenatura": 1,
  "faaletonu": -3,
  "faʻalētonu": -1,
  "faaletulafono": 1,
  "faʻaleuō": 2,
  "fāʻaliga": -1,
  "faʻaliʻi": -2,
  "faaliliuseseina": -2,
  "faʻaliloliloga": -3,
  "faʻalogogōfie": 2,
  "faalotolotolua": -2,
  "faʻaluma": 1,
  "faalumaina": -2,
  "faʻalumaluma": -3,
  "faamafanafana": 2,
  "faamafanafanaga": 2,
  "faʻamāfanafanaga": 2,
  "faamāfanafanaloto": 3,
  "faamagalo": 1,
  "faʻamāgalo": 1,
  "faamagaloina": 2,
  "faamai": -1,
  "faamaimau": -2,
  "faamalamalamaina": 2,
  "faamalieina": 2,
  "faamalo": 2,
  "faamālo": 2,
  "faamālō": 2,
  "faʻamālō": 2,
  "faamalolosia": 2,
  "faamalosi": -2,
  "faamalosia": -1,
  "fAAMALOSIA": 2,
  "faamalosiau": 2,
  "faamalosiauga": 2,
  "faʻamālū": 2,
  "faamalu malu": -1,
  "faamalumalu": -2,
  "faʻamamā": 1,
  "faamamafa": -2,
  "faʻamamafa": 3,
  "faamamaina": 1,
  "faamāmāina": 3,
  "faamamaluina": 2,
  "faamamanaina": 2,
  "Faamanatu": 3,
  "faamanatuina": 3,
  "faamanino": 2,
  "Faamanuia": 2,
  "faʻamanuia": 2,
  "faamanuiaga": 2,
  "faʻamanuiaga": 3,
  "faamanuiaina": 2,
  "faamaoni": 3,
  "faʻamaoni": 2,
  "faamaonia": 2,
  "faʻamaonia": 2,
  "faamaonia faaletulafono": -2,
  "faʻamāsiasi": -2,
  "faamatagofie": 3,
  "faʻamatalaga": -2,
  "faamatalaga feteenai": -1,
  "faamatalaga sese": -2,
  "faamatalaga tau faasese": -2,
  "faamatau": -2,
  "faʻamataʻu": -2,
  "faʻamataʻuga": -2,
  "faamaumauina": -2,
  "faamautinoa": 2,
  "faamautinoaina": 1,
  "faamautuina": 2,
  "faamavae": -1,
  "faʻamāvae": -1,
  "faʻamele": -2,
  "faamemelo": 2,
  "faamoemoe": 2,
  "faamoemoega": 2,
  "faʻamoemoeina": 2,
  "faamomoiloto": 2,
  "faʻamotu": -2,
  "faʻamotuina": -2,
  "faanaunauga": 1,
  "faʻanenefu": -2,
  "faanoanoa": -2,
  "faʻanoanoa": -2,
  "faanoanoa ai": -2,
  "faanoanoa o": -1,
  "faanoanoaga": -2,
  "faʻanoanoaga": -2,
  "faʻanunununu": -2,
  "faʻanuʻupō": -2,
  "faʻaofo": 2,
  "faʻaogea": -2,
  "faʻaola": 2,
  "faaolaina": 2,
  "Faaoloatauaina": -3,
  "faaonaina": -2,
  "faaonaponei": 2,
  "faaonoono": -1,
  "faʻaʻonoʻono": -2,
  "faaoo": -2,
  "faʻaoo": -2,
  "faaoolima": -2,
  "faʻaoʻolima": -2,
  "faaosofia": 2,
  "faaosofia ai": -2,
  "faaosoosoina": -1,
  "faapaiaga": 2,
  "faʻapale": 2,
  "faʻapalepale": 2,
  "faapau": -1,
  "faapelepele": 3,
  "Faapiopio": -3,
  "faapologaina": -2,
  "faʻapōuliuli": -3,
  "faapuapuagatia": -3,
  "faapupulaina": 2,
  "faʻasā": -1,
  "faasaina": -1,
  "faasāina": -2,
  "faʻasala": -2,
  "faʻasalafa": 1,
  "faasalaga": -2,
  "faʻasalaga": -2,
  "faasalaina": -2,
  "faasalaveia": -2,
  "faasaoina": 2,
  "faasaoina mai": 2,
  "faasauaina": -2,
  "faʻasaulala": -1,
  "faʻasāunoa": -3,
  "faʻasāusili": -2,
  "faʻaseʻegōfie": -2,
  "faasese": -3,
  "faʻasesē": -3,
  "faaseseina": -2,
  "faasesēina": -1,
  "faasoa": 1,
  "faasoesa": -3,
  "faʻasoesā": -3,
  "faasolitulafono": -3,
  "faasolo": -2,
  "faasolosolo": 2,
  "faasuati": -3,
  "faatafunaga": -2,
  "faatafunaina": -2,
  "faʻatagā": -1,
  "faatagaina": 1,
  "faʻatagaina": -1,
  "faataio": -2,
  "faatalale": -2,
  "faatalanoaga": 1,
  "faʻatali": -1,
  "faatalitali": -1,
  "faʻatalitonu": 1,
  "faʻatālofa": 1,
  "faʻatamafaiina": 1,
  "faatamaia": -3,
  "faatamaiti": -2,
  "faʻatamaitiiti": -2,
  "faʻatamala": -2,
  "faʻatapulaʻa": -2,
  "faatapulaaina": -2,
  "faatauaina": -2,
  "faatauanau": 2,
  "faatauemu": -2,
  "faʻatāugā": -4,
  "faatauga o": -4,
  "faataumaoi": -3,
  "faʻataunuʻuga": 2,
  "faataunuuina": 2,
  "faataunuuina e": -2,
  "faatausuai": -2,
  "faatautala": -3,
  "faatautau": -2,
  "faʻatauteʻe": -2,
  "faatauvaa": -2,
  "faʻateʻa": -1,
  "faʻateʻaga": -1,
  "faateaina": -2,
  "faateia": -2,
  "faateʻia": -2,
  "faateine": -1,
  "faatele": -2,
  "faʻatele": -2,
  "faatelegese": -2,
  "faateleina": 1,
  "faateleina ai": 1,
  "faateteleina": -3,
  "faatiga": -2,
  "faʻatīgā": -2,
  "faatigaina": -4,
  "faʻatoa": 3,
  "faatoafilemu": 3,
  "faatoafilemuina": 2,
  "faatoʻatoʻaina": -2,
  "faatoese": -1,
  "faʻatoʻese": -1,
  "faʻatoʻesega": -1,
  "faatogafiti": 1,
  "faatoilalo": -2,
  "faatoilaloina": -2,
  "faatosinaga ma taitai faalemalo": -2,
  "faatosinaina": 2,
  "fāʻatu": -1,
  "faatuai": -1,
  "faʻatuatua": 1,
  "faatuatuaina": 2,
  "faʻatuatuaina": 2,
  "faatumutumuga": 2,
  "faatupu": -1,
  "faʻatupu": -1,
  "faatupu atili": -2,
  "faatupu faalavelave": -2,
  "faatupu vevesi": -3,
  "faatupuina": -2,
  "faʻatupuita": -2,
  "faʻatuʻutuʻu": 1,
  "faauamaaa": -1,
  "faʻaui": 2,
  "faauiina i tua": -3,
  "faaumatia": -3,
  "faaumatiaga": -3,
  "faauo": 2,
  "faautauta": 2,
  "faavaaae": -3,
  "faʻavāga": -2,
  "faavaivaia": -2,
  "faavalevalea": -1,
  "faavauvau": -2,
  "Faavauvau": -2,
  "faʻavave": -1,
  "faʻavesivesi": -2,
  "faʻavevesi": 3,
  "faavevesia": -2,
  "fabulously": 4,
  "fad": -2,
  "fafine talitāne": -4,
  "fag": -3,
  "fagot": -3,
  "fai lelei ona laei": 2,
  "fai mā": 1,
  "faia": 1,
  "fāiʻaivale": -3,
  "faiga": -1,
  "faigā": -2,
  "faiga faatogafalea": -3,
  "faigaʻai": 2,
  "faigalotu": 2,
  "faigata": -2,
  "faigatā": -2,
  "faigāuō": 2,
  "faigofie": 1,
  "faikonetapata": -2,
  "faimasasa": -3,
  "fainthearted": -2,
  "faisoʻo": -3,
  "faitio": -2,
  "fāitio": -2,
  "faitioga": -2,
  "fāitioga": -2,
  "faitioina": -2,
  "faivale": -2,
  "faker": -3,
  "fakes": -3,
  "faking": -3,
  "fale o manu": 2,
  "faleaitu": 1,
  "falelauasiga": -1,
  "falemai": -2,
  "falepuipui": -2,
  "fana": -1,
  "fanaina": -2,
  "fao": -2,
  "faoa": -2,
  "faomea": -2,
  "farce": -1,
  "fascinate": 3,
  "fascists": -2,
  "fasioti": -2,
  "fasioti tagata": -3,
  "fasiotia": -3,
  "fasiotiga": -3,
  "fasisi": -2,
  "fatalities": -3,
  "fatigues": -2,
  "fatiguing": -2,
  "fatufua": 2,
  "fautua": 2,
  "fautuaina": 1,
  "favorited": 2,
  "favourited": 2,
  "feagai": -2,
  "feagaiga": 1,
  "feai": -2,
  "feasuaʻi": -1,
  "feei": -2,
  "feeseeseaiga": -2,
  "fefe": -2,
  "fefe ai": -1,
  "fefe tele": -3,
  "fefefe": -2,
  "fefevale": -3,
  "fefinauai": -1,
  "feilafi": 3,
  "feiloaʻiga": 1,
  "feʻitagaʻi": -2,
  "felafolafoaʻiga": -2,
  "felonies": -3,
  "felony": -3,
  "feoi": -2,
  "fervid": 2,
  "fesili": -1,
  "fesiligia": -2,
  "fesoasoani": 2,
  "fetaui lelei": 2,
  "feteenai": -2,
  "feteenaiga": -2,
  "feteenaʻiga": -2,
  "fetinaiina": -2,
  "fetīneiaʻi": -2,
  "fetoʻai": -1,
  "fetoʻaiga": -2,
  "fetuʻu": -1,
  "fevaevaeaʻi": -2,
  "fevaevaeaʻiga": -2,
  "fia tele": 2,
  "fiafia": -2,
  "fiafia i": 2,
  "fiafiaga": 3,
  "fiailoa": 2,
  "fiasco": -3,
  "fidgety": -2,
  "filemu": 2,
  "fīlēmū": 2,
  "fili": -1,
  "filifiliga": -1,
  "filogia": -2,
  "finagalo": 3,
  "finau": -1,
  "finauvale": -2,
  "firing": -2,
  "fitinesi": 1,
  "fiva": -2,
  "flop": -2,
  "flops": -2,
  "foai": 2,
  "fofo": 1,
  "foio faalauiloa": 3,
  "foʻi ona taofi": -1,
  "foia": -1,
  "foiaina": 1,
  "folafola": 1,
  "folafolaga": 1,
  "foliga mataga": -2,
  "fondness": 2,
  "foreclosure": -2,
  "foreclosures": -2,
  "forgettable": -1,
  "fou": 1,
  "fouvale": -2,
  "frauds": -4,
  "fraudster": -4,
  "fraudsters": -4,
  "fraudulence": -4,
  "freak": -2,
  "frikin": -2,
  "frisky": 2,
  "frustrates": -2,
  "ftw": 3,
  "fua": -2,
  "fuā": -2,
  "fuafuaina": 2,
  "fuaiupu": -2,
  "fuāluga": -1,
  "fuck": -4,
  "fucked": -4,
  "fucker": -4,
  "fuckers": -4,
  "fuckface": -4,
  "fuckhead": -4,
  "fuckin": -4,
  "fucking": -4,
  "fucking aulelei": 4,
  "fucking mananaia": 4,
  "fucking matagofie": 4,
  "fucking ofoofogia": 4,
  "fucking tele": 4,
  "fucking vevela": 2,
  "fucktard": -4,
  "fud": -3,
  "fufuluina green": -3,
  "fuked": -4,
  "fuking": -4,
  "fulū": -2,
  "fuluga green": -3,
  "fuming": -2,
  "funky": 2,
  "funnier": 4,
  "fusi laau": -3,
  "fusimau": 2,
  "gafataulimaina": 2,
  "gafatia": 1,
  "gag": -2,
  "gagase": -2,
  "gagged": -2,
  "gallantly": 3,
  "gallantry": 3,
  "galo": -2,
  "galue tafulu": -2,
  "galulu tele": -2,
  "gaogao": -1,
  "gaoi": -2,
  "gaoia": -2,
  "gāpatia": -3,
  "gase": -1,
  "gasegase": -2,
  "gasu": -1,
  "gātasitasi": 1,
  "gatete": -2,
  "gau": -2,
  "genial": 3,
  "ghastly": -2,
  "giddy": -2,
  "glamourous": 3,
  "glee": 3,
  "gleeful": 3,
  "glum": -2,
  "goddamn": -3,
  "godsend": 4,
  "goodlooking": 3,
  "goofiness": -2,
  "goofy": -2,
  "gr8": 3,
  "greenwash": -3,
  "greenwasher": -3,
  "greenwashers": -3,
  "greenwashing": -3,
  "grisly": -2,
  "groans": -2,
  "growths": 2,
  "gūgū": -3,
  "gullibility": -2,
  "ha": 2,
  "hacked": -1,
  "haha": 3,
  "hahaha": 3,
  "hahahah": 3,
  "handpicked": 1,
  "hapless": -2,
  "haplessness": -2,
  "hardier": 2,
  "Hardy": 2,
  "harried": -2,
  "harsher": -2,
  "hater": -3,
  "haters": -3,
  "heartless": -2,
  "hehe": 2,
  "hellish": -2,
  "hideous": -3,
  "hilarious": 2,
  "hoax": -2,
  "homicides": -2,
  "hooligan": -2,
  "hooliganism": -2,
  "hooligans": -2,
  "horrendous": -3,
  "huckster": -2,
  "humbug": -2,
  "humerous": 3,
  "humourous": 2,
  "hurray": 5,
  "hysterics": -3,
  "i luga": 1,
  "ia lagona": -2,
  "icky": -3,
  "idiocy": -3,
  "Iesu": 1,
  "iʻila": 4,
  "ili": 3,
  "illiteracy": -2,
  "ilo": -2,
  "iloatino": 2,
  "iloga": 2,
  "imbecile": -3,
  "impairs": -2,
  "impeachment": -3,
  "impeachments": -3,
  "impedingly": -2,
  "imposter": -2,
  "inaction": -2,
  "incapacitates": -2,
  "incapacitating": -2,
  "incenses": -2,
  "incensing": -2,
  "incoherent": -2,
  "incompetence": -2,
  "indestructible": 2,
  "indoctrinate": -2,
  "indoctrinated": -2,
  "indoctrinates": -2,
  "indoctrinating": -2,
  "inediable": -2,
  "ineffectively": -2,
  "ineffectual": -2,
  "inefficiently": -2,
  "inept": -2,
  "ineptitude": -2,
  "inexorable": -3,
  "infantilized": -2,
  "infatuation": 2,
  "infects": -2,
  "infest": -2,
  "infesting": -2,
  "infests": -2,
  "inflamed": -2,
  "infract": -2,
  "infracted": -2,
  "infracting": -2,
  "infracts": -2,
  "infuriates": -2,
  "infuriating": -2,
  "inisenisi": -2,
  "innovate": 1,
  "innovates": 1,
  "inoino": -3,
  "inoʻino": -2,
  "inoperative": -2,
  "inosia": -3,
  "inquisition": -2,
  "insipid": -2,
  "insufficiently": -2,
  "intimidates": -2,
  "intransigence": -2,
  "intransigency": -2,
  "invulnerable": 2,
  "ioe": 1,
  "Ioe": 1,
  "ioeina": -2,
  "irreparable": -2,
  "irreproducible": -2,
  "irresistible": 2,
  "irresistibly": 2,
  "irresolute": -2,
  "irresponsibly": -2,
  "irreversibly": -1,
  "irritates": -3,
  "isiteria": -3,
  "ita": -3,
  "ita tele": -3,
  "itu": 2,
  "ituaafiaga": -2,
  "itūleaga": -2,
  "iugafono": 2,
  "iʻuvale": -2,
  "jackass": -4,
  "jackasses": -4,
  "jaunty": 2,
  "jerk": -3,
  "jocular": 2,
  "jolly": 2,
  "jovial": 2,
  "joyless": -2,
  "jubilant": 3,
  "jumpy": -1,
  "kamupani pe leai foi": -2,
  "kanesa": -1,
  "kickback": -3,
  "kickbacks": -3,
  "kidnappings": -2,
  "kidnaps": -2,
  "kiraisi": -3,
  "kopi": -3,
  "korupi": -3,
  "korupisia": -3,
  "kudos": 3,
  "lackadaisical": -2,
  "lafi": -1,
  "lafo": 2,
  "lafoaia": -2,
  "lag": -1,
  "lagging": -2,
  "lagi": 2,
  "lago o manu": -2,
  "lagolago": 1,
  "lagolagoina": 1,
  "lagolagosua": 2,
  "lagolagosua le fesootai": -1,
  "lagona": 1,
  "lagona moni": 2,
  "laki": -2,
  "laki leaga": -2,
  "lālelei": 2,
  "lamatia": -2,
  "lamatiaga": -2,
  "lanu efuefu": -1,
  "laoa": -2,
  "lapatai": -2,
  "lapataʻi": -2,
  "lapataia": -2,
  "lapataiga": -3,
  "lapataʻiga": -3,
  "lāpoʻa": 1,
  "latalata mai tulaga": -1,
  "laʻu naʻuā": -1,
  "laufofoga": 3,
  "laughting": 1,
  "lauiloa": 3,
  "lāuiloa": 2,
  "lavamautinoa": 2,
  "lava faaseseina": -2,
  "lava feteenai": -2,
  "lava le sauaina": -2,
  "lavea": -1,
  "laveai": 2,
  "lāveaʻi": -1,
  "laveaiina": 2,
  "lāveaʻiina": -1,
  "lavelave": 2,
  "lawl": 3,
  "lawsuits": -2,
  "le agalelei": 2,
  "le agavaa": -2,
  "lē agavaʻa": -2,
  "le alofa atu": 3,
  "le amanaia": -1,
  "le amanaiaina": -2,
  "le amiotonu": 2,
  "le aoga": -2,
  "lē aoga": -2,
  "lē aogā": -2,
  "le atoatoa": 3,
  "lē āva": -2,
  "le ave faananaina": -2,
  "le ave faʻapagotaina": -2,
  "le faaeeina atu o": -1,
  "le faaeteete": 2,
  "lē faʻafetaʻi": -3,
  "le faafiafiaina": 3,
  "lē faʻalogogōfie": -2,
  "le faalogologotiga": -3,
  "le faama oni": -3,
  "lē faʻamāfanafanaga": -2,
  "le faamalieina": -2,
  "le faamama avega ie": 2,
  "lē faamaonia": -2,
  "le faamaonia o": 2,
  "le faamasinoga tonu": 2,
  "le faanoanoa": -3,
  "le faʻasaʻolotoga": 2,
  "le faateleina o": 1,
  "le faatumauina": 1,
  "lē faimeamāeʻa": -2,
  "lē fefe": 2,
  "le fiafia": -2,
  "lē galue": -1,
  "lē gāluega": -2,
  "le galulue": -3,
  "le gatete": -2,
  "lē iloa": -2,
  "lē lava": -2,
  "le lē mafai": -2,
  "le lelei": -2,
  "lē lelei le": -2,
  "lē leoa": -2,
  "lē losika": -2,
  "le lototele": 2,
  "lē ma āʻea": 2,
  "lē ma faʻamāgaloina": -3,
  "lē ma mālamalamaina": -2,
  "lē ma talitonua": -1,
  "lē ma tauʻave": -2,
  "le mafaatusalia": 2,
  "lē māfanafanaga": -2,
  "lē māfaufau": -2,
  "le malaga": 2,
  "le malamalama": -2,
  "lē mālamalama": -2,
  "lē mālamalamaga": -2,
  "le malie": -2,
  "lē malie": -2,
  "lē mālū": -2,
  "lē mamafa": -2,
  "le manaomia": -2,
  "lē manatu mamafa": -3,
  "lē manino": -1,
  "lē mausalī": -2,
  "lē mautali": -3,
  "le mautinoa": 2,
  "lē mautinoa": -2,
  "le mautonu": -2,
  "le mea e laki": 3,
  "le mitamita": 2,
  "le nofo pologa": -3,
  "le ofo": 3,
  "lē poto": -2,
  "le taimi e tasiiale olaga atoa": 3,
  "le talafeagai": 2,
  "lē talafeagai": -2,
  "le taliaina": -2,
  "le talitonu": -2,
  "lē talitonu": -1,
  "lē taunapa": -2,
  "lē tiotio": -1,
  "le toefuataiina": 1,
  "le tulaga vaivai": -3,
  "lē tusa ma le tulāfono": -2,
  "le uunaia": -2,
  "le vateatea": 1,
  "le viiga": 3,
  "lea ituaiga": -2,
  "leaga": -2,
  "leagā": -3,
  "leaga i lō le": -3,
  "leaga tele": -2,
  "leai": -1,
  "leai o": -2,
  "leai o se faamoemoe": -2,
  "leai se manatu mamafa": -3,
  "leaked": -1,
  "lefu": -3,
  "lei ponaʻia": 2,
  "leiloa": -3,
  "lelei": 3,
  "lelei ai": 2,
  "lelei faavaeina": 2,
  "lelei fucking": 4,
  "lelei le totogi": 3,
  "lelei ona atiina ae": 2,
  "lelei proportioned": 2,
  "lelei taulai atu": 2,
  "leleiga": 2,
  "lethality": -2,
  "lethargy": -2,
  "liʻa": -2,
  "libelous": -2,
  "lifesaver": 4,
  "likable": 2,
  "likeable": 2,
  "likers": 2,
  "liliuina": 1,
  "lilivau": -2,
  "litigious": -2,
  "livid": -2,
  "lmao": 4,
  "lmfao": 4,
  "lo o mamao": -2,
  "loathed": -3,
  "loathes": -3,
  "loathing": -3,
  "lobbied": -2,
  "lobbyist": -2,
  "lobbyists": -2,
  "lofia": 2,
  "lofituina": -1,
  "logologoā": -2,
  "logovale": -2,
  "loimata": -2,
  "lol": 3,
  "lolofi": -1,
  "lolol": 4,
  "lololol": 4,
  "lolololol": 4,
  "lool": 3,
  "loomed": -1,
  "looms": -1,
  "loool": 3,
  "looool": 3,
  "looses": -3,
  "lopi": -2,
  "loto nutimomoia": -3,
  "lotofaʻapito": -2,
  "lotogatasi": 1,
  "lotomafatia": -2,
  "lotomalie": 2,
  "lotomalō": -2,
  "lotomau": 2,
  "lotomaulalo": 1,
  "lotomomomo": -2,
  "lototele": 2,
  "lotovaivai": -2,
  "lotovale": -2,
  "lotulotu": -2,
  "lousy": -2,
  "lovelies": 3,
  "luai": -3,
  "ludicrous": -3,
  "lugubrious": -2,
  "luʻi": -1,
  "luma": -2,
  "lunatic": -3,
  "lunatics": -3,
  "lurk": -1,
  "lurking": -1,
  "lusi": -2,
  "luti": -2,
  "lutia": -3,
  "mā": -2,
  "ma alofagia": 3,
  "ma fesiligia": -2,
  "ma foliga faauu": -1,
  "ma le olioli": 3,
  "ma nofoaga": -1,
  "ma se mafuaaga": -1,
  "maʻa tāua": 1,
  "maʻai": -2,
  "maasiasi": -2,
  "maataua": 1,
  "maʻatiʻati": -1,
  "macabre": -2,
  "maddening": -3,
  "madly": -3,
  "madness": -3,
  "maelega": 2,
  "maʻemaʻe": 3,
  "maʻeu": 5,
  "maʻeu aʻiaʻi": 2,
  "mafaagaloina": 1,
  "mafaatusalia": 1,
  "mafai": -2,
  "mafai ona": 1,
  "mafanafana": 2,
  "māfanafana": 1,
  "mafatia": -2,
  "māfatia": -2,
  "māfatua": -2,
  "māfaufau": 4,
  "magalo": 2,
  "mageso": -2,
  "maʻi": -2,
  "mai i le loto": 3,
  "maʻila": -2,
  "māʻila": -2,
  "mailei": -1,
  "māilei": -1,
  "maileia": -2,
  "maʻimanatu": -2,
  "māka": 2,
  "mala": -2,
  "mala tele": -3,
  "maladaption": -2,
  "malaia": -2,
  "mālaia": -1,
  "mālamalama": 2,
  "mālamalamaga": 2,
  "malaulau": 2,
  "maldevelopment": -2,
  "malelemo": -2,
  "malemo": -2,
  "malepe": -1,
  "malie": -1,
  "mālie": 3,
  "maliega": 2,
  "malilie": -2,
  "maliliu": -2,
  "maliu": -3,
  "malo": 4,
  "malō": 2,
  "mālōlōina": 2,
  "malolosi": 2,
  "malosi": 3,
  "mālosi": 1,
  "malosi o": 1,
  "malosiaga": 2,
  "maltreatment": -2,
  "malu": 3,
  "malū": 2,
  "mālualiʻi": 3,
  "maluelue": -1,
  "malupuipuia": -2,
  "mama": -1,
  "mamā": 1,
  "mamafa": 1,
  "mamafa naʻuā": -1,
  "mamafatu": -2,
  "mamala": -3,
  "mamalu": 2,
  "mamana": 2,
  "manaia": -2,
  "mānaia": 2,
  "mananao": 2,
  "manao": 2,
  "manaʻo": 1,
  "manaoga": 1,
  "manaoga faapitoa": -2,
  "manaomia": 2,
  "manatu": 2,
  "manatu faapito": 2,
  "manatu faatauvaa": -1,
  "manatu mama": 1,
  "manatua pea": 1,
  "manava masuasua": -2,
  "manino": 1,
  "manino ai": 1,
  "manipulating": -1,
  "manua": -2,
  "manuia": -2,
  "manuia le taeao": 1,
  "manumalo": 4,
  "mānumālō": 4,
  "manumalo i osofaiga uma": -2,
  "manunua": -2,
  "mao": -2,
  "maoae": 5,
  "maoaʻe": 1,
  "maofa": 3,
  "māofa": 3,
  "maʻoti": 1,
  "maotua": -1,
  "mapuea": -2,
  "masa": -2,
  "masalomia": -1,
  "masalosalo": -1,
  "māsalosalo": -2,
  "masalosaloga": -1,
  "maseesee": 2,
  "māsei": -2,
  "māsiasi": -2,
  "masoa": -1,
  "māsoā": -2,
  "masterpieces": 4,
  "mataaga": 2,
  "mataala": 2,
  "mataalofa": 2,
  "mataga": -3,
  "matagofie": 4,
  "mātagōfie": 3,
  "mātaʻina": 3,
  "mataita": -2,
  "matamuli": -1,
  "mataofiofia": 2,
  "matapeʻapeʻa": -2,
  "matapogi": -2,
  "matatoa": 2,
  "mataʻu": -2,
  "matauʻa": -1,
  "mataupu": 1,
  "matautia": -2,
  "mataʻutia": 4,
  "matelaina": -2,
  "mativa": -2,
  "mativa i": -2,
  "matua": 2,
  "matuā": -3,
  "matua fefefe": -3,
  "matua fiafia": 4,
  "matuā manaʻo": -1,
  "matuai": -3,
  "matuai fiafia": 3,
  "matuai mataina": 3,
  "matuia": -3,
  "maua": 2,
  "maua ai le fiafia": 3,
  "mauaina": 2,
  "maualalo e uiga": -2,
  "maumea": 2,
  "mausali": 2,
  "mautinoa": 2,
  "mautonu": -1,
  "mautu": 2,
  "mavae le matautia": -2,
  "mavaega tausi": 1,
  "mea fulufulu": 2,
  "mea lē mautinoa": 2,
  "mea leaga": -3,
  "mea mālū": 3,
  "mea oona": -2,
  "mea sasao": -2,
  "mea sese": -2,
  "mea taugōfie": 2,
  "mea tuai": -2,
  "meaalofa": 2,
  "meafaigatā": -2,
  "meditative": 1,
  "memoriam": -2,
  "menaces": -2,
  "messing aʻe": -2,
  "metala": 3,
  "methodical": 2,
  "mimita": -2,
  "mindless": -2,
  "mirth": 3,
  "mirthful": 3,
  "mirthfully": 3,
  "misbehave": -2,
  "misbehaved": -2,
  "misbehaves": -2,
  "misbranding": -3,
  "miscast": -2,
  "mischiefs": -1,
  "misclassified": -2,
  "misclassifies": -2,
  "misclassify": -2,
  "misconducted": -2,
  "misconducting": -2,
  "misconducts": -2,
  "miserably": -3,
  "misfire": -2,
  "misgiving": -2,
  "misi": -2,
  "misia": -2,
  "misinformed": -2,
  "misleaded": -3,
  "misplaces": -2,
  "misplacing": -2,
  "mispricing": -3,
  "misread": -1,
  "misreport": -2,
  "misreported": -2,
  "misreporting": -2,
  "misreports": -2,
  "misrepresentations": -2,
  "misrepresented": -2,
  "misrepresenting": -2,
  "misunderstands": -2,
  "miti": 1,
  "mitiia": 1,
  "mitimiti": -3,
  "moa": -5,
  "moaned": -2,
  "moaning": -2,
  "moans": -2,
  "modernizes": 2,
  "modernizing": 2,
  "moe": -2,
  "moe fiti": -2,
  "molia": -3,
  "mōlia": -2,
  "moliaga": -2,
  "mōliga": -2,
  "momomo": -1,
  "mongering": -2,
  "moni": 2,
  "monopolized": -2,
  "monopolizes": -2,
  "monopolizing": -2,
  "monotone": -1,
  "moʻo": 3,
  "Moody": -1,
  "moomoo": 1,
  "mope": -1,
  "moping": -1,
  "Morona": -3,
  "motherfucker": -5,
  "motherfucking": -5,
  "mou": -3,
  "mua": 2,
  "muimui": -2,
  "mumpish": -2,
  "murky": -2,
  "musua": -2,
  "musuia": 3,
  "musumusuga": 2,
  "n00b": -2,
  "na faateleina": -2,
  "nafa": 2,
  "nanā": -1,
  "narcissism": -2,
  "nati": -3,
  "natia": -1,
  "naunau": 1,
  "naunautai": 1,
  "naunautala": 2,
  "negativity": -2,
  "neura": -1,
  "nifty": 2,
  "niggas": -5,
  "nigger": -5,
  "nini": -2,
  "niniva": -1,
  "nisi": 1,
  "nisi ituaiga": 0,
  "nofoaga": 1,
  "nofosala i le falepuipui": -2,
  "nofotupu": 1,
  "noob": -2,
  "nutimomoia": -2,
  "nutipalaina": -1,
  "o loo faatalitali": -1,
  "oa": 3,
  "obliterate": -2,
  "obliterated": -2,
  "obnoxious": -3,
  "obstinate": -2,
  "obstructed": -2,
  "offensively": -2,
  "offline": -1,
  "ofo": 3,
  "ofoofogia": 5,
  "ofuloto": -1,
  "ogaoga": -4,
  "oge": -2,
  "oge i": -2,
  "ōi": -2,
  "oi sole": -4,
  "Oka": 4,
  "oks": 2,
  "ola": 1,
  "olaola": 3,
  "olataga": 2,
  "olegia": -3,
  "olioli": 4,
  "oliʻoli": 3,
  "oloā": -2,
  "oloa tāua": 2,
  "ominous": 3,
  "omo": -2,
  "ona": -2,
  "ōnā": -2,
  "ona leaga o": -2,
  "ono": 2,
  "onomea": 2,
  "oʻo": 1,
  "oo atu": 1,
  "oona": -3,
  "oops": -2,
  "opo": 2,
  "opogi": 1,
  "optionless": -2,
  "oso ai le inoino": -3,
  "osofaʻi": -2,
  "osofaia": -1,
  "osofaiga": -2,
  "osofaʻiga": -1,
  "osoga": -2,
  "ostracize": -2,
  "ostracized": -2,
  "ostracizes": -2,
  "otaota": -1,
  "ote": -2,
  "oti": -2,
  "ouch": -2,
  "outage": -2,
  "outages": -2,
  "outbreaks": -2,
  "outmaneuvered": -2,
  "outou ita": -3,
  "outraged": -3,
  "overprotective": -2,
  "overreacted": -2,
  "overreacting": -2,
  "overreaction": -2,
  "overreacts": -2,
  "oversell": -2,
  "overselling": -2,
  "oversells": -2,
  "oversimplification": -2,
  "oversimplified": -2,
  "oversimplifies": -2,
  "oversimplify": -2,
  "oversold": -2,
  "overstatement": -2,
  "overstatements": -2,
  "overwrought": -3,
  "oxymoron": -1,
  "pagatia": -3,
  "pagota": -2,
  "paia": -1,
  "paiē": -1,
  "pala": -3,
  "palaai": -2,
  "palagatele": -2,
  "palapala": -2,
  "palauvale": -2,
  "paleni": 1,
  "panics": -3,
  "parataiso": 3,
  "Parley": -1,
  "pathetic": -2,
  "pati": 2,
  "patu": -2,
  "pau": -1,
  "paū": -2,
  "paʻu": -1,
  "pauu": -2,
  "pei": 2,
  "pei lava": 0,
  "pele": 3,
  "penalizes": -2,
  "pensive": -1,
  "pepa talaʻi": -2,
  "pepelo": -3,
  "perpetrators": -2,
  "perturbed": -2,
  "pesky": -2,
  "pessimistic": -2,
  "petrified": -2,
  "philanthropy": 2,
  "phobic": -2,
  "picturesque": 2,
  "pileup": -1,
  "pillage": -2,
  "pipii": -2,
  "pipisi": -1,
  "pipisiga": -2,
  "pique": -2,
  "pisa": -1,
  "piss": -4,
  "pissed": -4,
  "pissing": -3,
  "piteous": -2,
  "pitied": -1,
  "pleasurable": 3,
  "plodding": -2,
  "poʻepoʻe": -2,
  "pogisa": -2,
  "pogisā": -1,
  "poi": -2,
  "polluter": -2,
  "polluters": -2,
  "pollutes": -2,
  "pologa": -3,
  "poloka": -2,
  "polokaina": -1,
  "pona": -3,
  "pōnā": -3,
  "popole": -2,
  "popolega": -3,
  "popolevale": -1,
  "possessive": -2,
  "postpones": -1,
  "poto": 2,
  "pōuliuli": -2,
  "prblm": -2,
  "prblms": -2,
  "profiteer": -2,
  "prosecutes": -1,
  "protesting": -2,
  "pseudoscience": -3,
  "psychopathic": -2,
  "puaʻi": -3,
  "puapuaga": -2,
  "puapuagā": -2,
  "puapuagatia": -1,
  "puʻe": -2,
  "puʻega": -2,
  "pueina": -3,
  "puipui": 1,
  "puipuia": 1,
  "pule": 1,
  "pule i le ola": -2,
  "pulea": -2,
  "pulepuletutu": -2,
  "pulu": -1,
  "puni": -2,
  "punitia": -1,
  "punitive": -2,
  "pupula": 1,
  "pupuni": -1,
  "putagaele": -1,
  "puupuumama": -2,
  "puupuusightedness": -2,
  "racists": -3,
  "rageful": -2,
  "rant": -3,
  "ranter": -3,
  "ranters": -3,
  "rants": -3,
  "rapist": -4,
  "raptured": 2,
  "raptures": 2,
  "rapturous": 4,
  "rasisi": -3,
  "rasisiga": -3,
  "refreshingly": 2,
  "regretful": -2,
  "regretting": -2,
  "relieves": 1,
  "repeleti": -2,
  "repercussion": -2,
  "repercussions": -2,
  "reprimanded": -2,
  "reprimanding": -2,
  "reprimands": -2,
  "repulse": -1,
  "retard": -2,
  "retarded": -2,
  "revives": 2,
  "rigged": -1,
  "rigorously": 3,
  "riots": -2,
  "riveting": 3,
  "robed": -2,
  "robing": -2,
  "rofl": 4,
  "roflcopter": 4,
  "roflmao": 4,
  "romantical": 2,
  "romantically": 2,
  "romasi": 2,
  "rosa": 1,
  "rotfl": 4,
  "rotflmfao": 4,
  "rotflol": 4,
  "Sa leʻi ano i": -2,
  "saeia": -2,
  "sagatonu": 2,
  "saini": 2,
  "sainiga": 2,
  "sala": -3,
  "sala tupe": -2,
  "salient": 1,
  "saluted": 2,
  "salutes": 2,
  "saluting": 2,
  "sao": 1,
  "saʻo": 1,
  "saogalemu": 2,
  "saogalēmū": 1,
  "saogōfie": 1,
  "saʻoloto": 1,
  "saolotoga": 2,
  "saʻolotoga": 2,
  "sappy": -1,
  "sasaina": -2,
  "sasao": -2,
  "sasi": -2,
  "sauā": -3,
  "sāuā": -2,
  "sauaga": -2,
  "sauagae fesootai": -3,
  "sauaina": -2,
  "sauāina": -2,
  "sāuāina": -2,
  "sauni": -2,
  "saunia": 1,
  "sāunoa": -2,
  "savange": -2,
  "savanges": -2,
  "scam": -2,
  "scams": -2,
  "scapegoats": -2,
  "scoop": 3,
  "screwed": -2,
  "screwed aʻe": -3,
  "scum": -3,
  "scumbag": -4,
  "se maliu": -3,
  "sea": 1,
  "seamless": 2,
  "seamlessly": 2,
  "sekia": 4,
  "seneso": -2,
  "seoli": -4,
  "sese": -2,
  "sesē": -2,
  "sese ona faailoaina": -2,
  "sexist": -2,
  "sexistic": -2,
  "sexy": 3,
  "shaky": -2,
  "shit": -4,
  "shithead": -4,
  "shitty": -3,
  "shocks": -2,
  "shoody": -2,
  "shrew": -4,
  "siamupini": 2,
  "silafaga": 1,
  "silencing": -1,
  "sili": 2,
  "sili ona fiafia": 3,
  "sili ona leaga": -3,
  "sili ona lelei": 3,
  "sili ona mamā": 1,
  "sili ona matagofie": 3,
  "sili ona maualalo": -1,
  "siliga": -2,
  "sincerest": 2,
  "singleminded": -2,
  "siosiomagafaauo": 2,
  "slam": -2,
  "slash": -2,
  "slashed": -2,
  "slashes": -2,
  "slashing": -2,
  "slicker": 2,
  "slickest": 2,
  "slumping": -1,
  "slut": -5,
  "smartest": 2,
  "smog": -2,
  "smuggled": -2,
  "smuggles": -2,
  "sneaky": -1,
  "sneezed": -2,
  "sneezes": -2,
  "sneezing": -2,
  "snub": -2,
  "snubbed": -2,
  "snubbing": -2,
  "snubs": -2,
  "soa": 2,
  "soesā": -2,
  "sofa": -2,
  "sogi": 2,
  "sola": -1,
  "solaaga": -1,
  "soli": 1,
  "solia": -2,
  "solidify": 2,
  "solidifying": 2,
  "soliga": -2,
  "solitulafono": -2,
  "solo": -2,
  "solofua": 2,
  "sologa lelei": 2,
  "solves": 1,
  "soona": -2,
  "soʻona gaogao": -2,
  "soona popole": -2,
  "soonafai": -2,
  "sosoʻa": -5,
  "spam": -2,
  "spammer": -3,
  "spammers": -3,
  "spamming": -2,
  "sparkles": 3,
  "spearhead": 2,
  "spiritless": -2,
  "sprightly": 2,
  "squandering": -2,
  "squanders": -2,
  "squelched": -1,
  "stabs": -2,
  "stalling": -2,
  "stampede": -2,
  "stank": -2,
  "starves": -2,
  "steals": -2,
  "stereotype": -2,
  "stereotyped": -2,
  "stifled": -1,
  "stimulated": 1,
  "stingy": -2,
  "stinked": -2,
  "stinker": -2,
  "stinking": -2,
  "stinks": -2,
  "stinky": -2,
  "stressor": -2,
  "stressors": -2,
  "strikers": -2,
  "stupidly": -2,
  "suamalie": 3,
  "suave": 2,
  "subversive": -2,
  "sucks": -3,
  "suʻega": 1,
  "sueing": -2,
  "sues": -2,
  "sufferers": -2,
  "sui": 3,
  "sui ai": -1,
  "suicides": -2,
  "sulking": -2,
  "sulky": -2,
  "sustainably": 2,
  "susulu": 3,
  "SWINDLE": -3,
  "swindles": -3,
  "swindling": -3,
  "tā": -1,
  "taʻa": -3,
  "taaloga suia": 3,
  "taea": -2,
  "tafi": -2,
  "tafiti": -2,
  "tafulu": 1,
  "Tagata e Tetee": -3,
  "tagata faʻalenuʻupō": -2,
  "tagata faʻasagatau": -2,
  "tagata faitio": -2,
  "tagata lafo": 2,
  "tagata lusi": -3,
  "tagata mānumālō": 4,
  "tagata na lavea fua": -2,
  "tagata palaʻai": -2,
  "tagata pepelo": -3,
  "tagata solitulafono": -2,
  "tagata toe ola": 2,
  "tagata ua afaina": -3,
  "tagata valea": -3,
  "tagi": -2,
  "taia": -2,
  "tāia": -3,
  "taimane": 1,
  "taimua": 1,
  "taint": -2,
  "taitai sese ai": -3,
  "taitaieseina ai": -2,
  "taitaiina": 2,
  "taitaiseseina": -3,
  "tala faʻafāgogo": -1,
  "talafatu": 2,
  "talafeagai": 2,
  "talavalea": -2,
  "talavou": 2,
  "taleni": 2,
  "tali": -2,
  "talia": 2,
  "taliaina": 1,
  "talie": 3,
  "taliga": -2,
  "talisapaia": 2,
  "talisapaiaina": -2,
  "talitonu": 1,
  "talitonuga": 2,
  "tamalii": 2,
  "tamaoaiga": 3,
  "tāofi": -2,
  "taofia": -1,
  "taofia lē tumau": -1,
  "taofiofia": -1,
  "tapu": -2,
  "tapuaʻia": 3,
  "tapulaa": -1,
  "tapulaʻa": -2,
  "tard": -2,
  "tarnish": -2,
  "tarnished": -2,
  "tarnishes": -2,
  "tatalo": 1,
  "tatau": -1,
  "tau": -2,
  "taʻu": -2,
  "tau faaee atu": -2,
  "tau faʻaseʻe": -1,
  "tau i le oti": -3,
  "taua": -2,
  "tāua": 2,
  "tauagafalu": 3,
  "tauagafau": 2,
  "taʻuamiotonuina": 2,
  "tauaso": -1,
  "tauemu": -2,
  "tauemuga": -2,
  "taufaafefe": -3,
  "taufaamatau": -2,
  "taufaamataʻu": -2,
  "taufaasese": -4,
  "taugatā": -2,
  "taui": -2,
  "taui ma sui": -2,
  "tauia": 2,
  "tauimasui": -2,
  "tauivi": -2,
  "tauiviga": -2,
  "taulai atu": 2,
  "taulau": 3,
  "taʻuleaga": -2,
  "taʻuleagaina": -2,
  "tauleleia": 2,
  "tauletofi": 1,
  "taulima": 4,
  "taʻumamā": 2,
  "taumate": -1,
  "taumatemate": -2,
  "taumau": 2,
  "taunuu": 1,
  "tausalaina": -4,
  "taʻusalaina": -2,
  "tauseseina": -2,
  "tausi": 2,
  "Tausia Faapelepele": 2,
  "tausiga": 2,
  "tausiniō": 2,
  "tausua": 2,
  "tausuaga": 2,
  "tausūaiga": -3,
  "tausuauigā": -2,
  "tautalaga": -2,
  "taʻutaʻua": 2,
  "tautino": -1,
  "taʻutino": -1,
  "taʻutino atu": 1,
  "tautinoga": 2,
  "tauto": -2,
  "tavete": -1,
  "teʻe": -2,
  "teena": -2,
  "teʻena": -2,
  "teʻeteʻe": -2,
  "teʻi": -2,
  "tele": 1,
  "tele naʻuā": -3,
  "televavave": 2,
  "temu": 2,
  "terorisi": -3,
  "terrifically": 4,
  "terrorizes": -3,
  "tete": -2,
  "tetee": -1,
  "teteʻe": 1,
  "teteʻega": -2,
  "tetele": -2,
  "teteva": -2,
  "teugātupe": 1,
  "thwarting": -2,
  "thwarts": -2,
  "tiai": -1,
  "tiaʻi": -1,
  "tiga": -1,
  "tigaalofa": 2,
  "tīgāalofa": 2,
  "tilema": -1,
  "timorous": -2,
  "timu": -1,
  "timuga": -1,
  "tino ola pea": 2,
  "tino oti": -1,
  "tiotio": 2,
  "tipi": -1,
  "tipoti": -2,
  "titina": -2,
  "titio": 2,
  "titiva": -2,
  "tits": -2,
  "tiutetauave": 1,
  "toa": 2,
  "toʻa": 2,
  "toafilemu": 2,
  "toʻafīmālie": 2,
  "toaga": 2,
  "tōaʻi": -2,
  "toalaiti": -2,
  "toʻasā": -3,
  "toʻatasi": -2,
  "toʻatele": 3,
  "toʻatūgā": -2,
  "toe faʻafou": 2,
  "toefuatai": 1,
  "toefuataiina": 1,
  "tōgafale": -3,
  "togafiti": -2,
  "tōgiga": 2,
  "togiolaina": 2,
  "toʻi": -1,
  "toilalo": 1,
  "toʻilalo": -2,
  "tolo": -1,
  "tolopoina": -1,
  "tomai": 2,
  "tonu": 1,
  "toothless": -2,
  "tosina": 1,
  "tōsina": 1,
  "toso": -4,
  "totalitarian": -2,
  "totalitarianism": -2,
  "toto": -3,
  "totogi": -1,
  "tout": -2,
  "touted": -2,
  "touting": -2,
  "touts": -2,
  "transgresses": -2,
  "travesty": -2,
  "treasonous": -3,
  "tremors": -2,
  "tremulous": -2,
  "troll": -2,
  "tua": 1,
  "tuai": -1,
  "tūgā": -2,
  "tui": -2,
  "tuʻinanau": -1,
  "tuitui": -2,
  "tulaga lamatia": -2,
  "tulaga lelei": 2,
  "tulaga matautia": -2,
  "tulai": 1,
  "tuliesea": -2,
  "tulimanu": -2,
  "tului": 1,
  "tumu": -2,
  "tumutumu": 2,
  "tupe faameaalofa": 1,
  "tupe faasili": 2,
  "tupe mama": 2,
  "tupe tele": 2,
  "tupu ae": -2,
  "tupuga": 3,
  "tuputupu": 1,
  "tuputupu aʻe": 2,
  "tutulia": -2,
  "tutusa": -1,
  "tuua": -1,
  "tuuaia": -2,
  "tuuaiga": -2,
  "tuʻuaʻiina": -2,
  "tuʻugamau": -2,
  "tuuina": 3,
  "tuuina atu": 1,
  "tuulafoai": -2,
  "tuʻulāfoaʻi": -2,
  "tuulafoaiina": -2,
  "tuʻumuli": -1,
  "tuusaoloto": 2,
  "tuuto": 3,
  "twat": -5,
  "tyran": -3,
  "tyrannic": -3,
  "tyrannical": -3,
  "tyrannically": -3,
  "tyrans": -3,
  "ua faaee atu e": -1,
  "ua faamavae": -1,
  "ua fiu": -3,
  "ua lē mafai": -2,
  "ua matuai": -1,
  "ua oti lana tane": -1,
  "Ua sauaina e": -2,
  "ua sola": -1,
  "ua tuumalaia": -2,
  "ua tuuina": 1,
  "ubiquitous": 2,
  "ufiufiina": -1,
  "ugh": -2,
  "uiga": 2,
  "uiga faʻafiafia": 3,
  "uiga tausaafia": 2,
  "uigaʻese": -2,
  "uilelei": 2,
  "uiō": -2,
  "ulaga": 2,
  "ulagia": -2,
  "ulavavale": -2,
  "ulī": -5,
  "ulu tīgā": -2,
  "unappeasable": -2,
  "unapproved": -2,
  "unattractive": -2,
  "unavailing": -2,
  "unbiased": 2,
  "unconcerned": -2,
  "unconfirmed": -1,
  "unconvinced": -1,
  "uncredited": -1,
  "undecided": -1,
  "undercooked": -2,
  "underestimates": -1,
  "underestimating": -1,
  "underperform": -2,
  "underperformed": -2,
  "underperforming": -2,
  "underperforms": -2,
  "undeserving": -2,
  "unethical": -2,
  "unfitted": -2,
  "unfocused": -2,
  "unfunny": -2,
  "ungenerous": -2,
  "unhygienic": -2,
  "unimaginative": -2,
  "unintelligent": -2,
  "uninvolving": -2,
  "unoriginal": -2,
  "unparliamentary": -2,
  "unpleasantness": -2,
  "unprofessional": -2,
  "unreleting": -2,
  "unresearched": -2,
  "unscientific": -2,
  "unsold": -1,
  "unsophisticated": -2,
  "unsuccessfully": -2,
  "unsupported": -2,
  "uō": 1,
  "upsets": -2,
  "upu faʻaaloalo": 2,
  "uta": -1,
  "utiʻuti": -2,
  "uumau": 2,
  "uunaia": 1,
  "uunaʻia": 1,
  "uunaia malosi": -2,
  "uunaiga": -1,
  "vaavaaia": -1,
  "vaepiʻo": -2,
  "vaesape": -2,
  "vaia": -3,
  "vaiʻona": -2,
  "vaivai": -2,
  "vāivai": -2,
  "vaivaiga": -2,
  "vala": 1,
  "valaau": 2,
  "valaaulia": 1,
  "vale": -2,
  "valea": -2,
  "vālevale": -3,
  "validates": 1,
  "validating": 1,
  "vapid": -2,
  "vasa": 2,
  "vavaeina": -1,
  "vavao": -1,
  "vave": 1,
  "vavega": 4,
  "verdicts": -1,
  "vetea": -2,
  "vevesi": -2,
  "victimization": -3,
  "victimize": -3,
  "victimizes": -3,
  "victimizing": -3,
  "viia": 2,
  "viiga": 3,
  "viʻiviʻi": 2,
  "viʻiviʻiga": 2,
  "vili": -2,
  "vindicates": 2,
  "virulent": -2,
  "visioning": 1,
  "vitamini": 1,
  "vitriolic": -3,
  "vivacious": 3,
  "vivii": 3,
  "vociferous": -1,
  "vomits": -3,
  "walkout": -2,
  "walkouts": -2,
  "wanker": -3,
  "warmhearted": 2,
  "warmness": 2,
  "wealthier": 2,
  "whimsical": 1,
  "whitewash": -3,
  "winwin": 3,
  "wits": 2,
  "woebegone": -2,
  "woeful": -3,
  "won": 3,
  "Woo": 3,
  "woohoo": 3,
  "wooo": 4,
  "woow": 4,
  "worsen": -3,
  "worsening": -3,
  "worsens": -3,
  "wowow": 4,
  "wowww": 4,
  "wtf": -4,
  "wtff": -4,
  "wtfff": -4,
  "xo": 3,
  "xoxo": 3,
  "xoxoxo": 4,
  "xoxoxoxo": 4,
  "yeees": 2,
  "yucky": -2,
  "yummy": 3,
  "zealot": -2,
  "zealots": -2
}