{
  "'he": 4,
  "Liloa": -2,
  "& ucirclana poʻokela": 2,
  ", haalele aku la": -2,
  ", maha": 2,
  ", noho kipi": -2,
  ",ʻo": 1,
  ",ʻoiai": -1,
  "a hiki i": 1,
  "a me ka hoʻokupu": 2,
  "a paÿa": -2,
  "aa": -3,
  "ʻaʻahu": 2,
  "ʻaʻama": -2,
  "abduction": -2,
  "abductions": -2,
  "abhorrent": -3,
  "abilities": 2,
  "absentee": -1,
  "absentees": -1,
  "absolve": 2,
  "absolved": 2,
  "absolves": 2,
  "absolving": 2,
  "accidental": -2,
  "accidentally": -2,
  "acclaim": 2,
  "acclaimed": 2,
  "accolade": 2,
  "accomplishes": 2,
  "ache": -2,
  "achievable": 1,
  "aching": -2,
  "acquit": 2,
  "acquits": 2,
  "acquitting": 2,
  "acrimonious": -3,
  "adorable": 3,
  "adoration": 3,
  "adoringly": 3,
  "advantageous": 2,
  "advantageously": 2,
  "adventurous": 2,
  "ae": 1,
  "aʻe": -3,
  "ʻae": 1,
  "ae aku": -1,
  "ae nanea ana": 2,
  "aeia no": 2,
  "aeie": -1,
  "aʻela hoʻi i": -2,
  "aelike": 1,
  "aeu": -2,
  "affectionateness": 3,
  "affordable": 2,
  "affronted": -1,
  "aficionados": 2,
  "aggravate": -2,
  "aggravates": -2,
  "aggression": -2,
  "aggressions": -2,
  "aggressiveness": -2,
  "aghast": -2,
  "agog": 2,
  "agonises": -3,
  "agonize": -3,
  "agonized": -3,
  "agonizes": -3,
  "agonizing": -3,
  "aha lealea": 2,
  "ahewa ana": -2,
  "ai": 2,
  "ai i": -3,
  "ai mamua": 1,
  "aie": -2,
  "aie? aiiie": -2,
  "aihue": -2,
  "aihue e aihue ai": -2,
  "aihue i": -3,
  "akā,": -2,
  "akaaka": 2,
  "ʻakaʻaka": 1,
  "akahele": 2,
  "akamai": 2,
  "ake ana": -1,
  "akea hoi": 1,
  "aku i ka maha": 2,
  "aku nei": 2,
  "akua": 1,
  "ala": 1,
  "ālai": -2,
  "ālai aʻe ana i": -2,
  "alakai": 2,
  "alakaʻi": 1,
  "alakai hewa": -3,
  "alalai mai": -2,
  "alalai mai i": -2,
  "alarmist": -2,
  "alarmists": -2,
  "alike": 2,
  "allergic": -2,
  "Ally": 2,
  "ʻalo": -2,
  "aloha": 1,
  "alohaaloha": 3,
  "Aloha Bikini": 2,
  "aloha kakahiaka": 1,
  "aloha nui": 3,
  "aloha ole": -3,
  "alohilohi": 3,
  "altruistic": 2,
  "amazes": 2,
  "ambitious": 2,
  "ambivalent": -1,
  "Amelika Huipû": 4,
  "amicable": 2,
  "ana": 1,
  "ʻana": 2,
  "ana ma": -1,
  "ana nou": -2,
  "anaiia": 2,
  "anal": -4,
  "anal aloha": 4,
  "anal anal": 2,
  "anal fantastic": 4,
  "anal hemolele": 4,
  "anal kupaianaha": 4,
  "anal nani": 4,
  "anal nui": 4,
  "anal pono": 4,
  "anana,": 3,
  "ʻane": -2,
  "angers": -3,
  "animosity": -2,
  "annoy": -2,
  "annoys": -2,
  "ano": 2,
  "ʻano": -2,
  "ano hoomainoino": -2,
  "ano hoopono": 2,
  "ʻano pākīkē": -2,
  "ano pihoihoi mai oia": -2,
  "antagonistic": -2,
  "Anti": -1,
  "anticipation": 1,
  "anu": 1,
  "ao": -2,
  "ao aku": -2,
  "ao alohilohi i": 1,
  "aoaokanawai": -2,
  "aoaowaiwai": -2,
  "aoia": -2,
  "ʻaʻole": -1,
  "aole e hana": -3,
  "aole i hana": -3,
  "aole leʻaleʻa": -3,
  "aole pono": -2,
  "AOON": -2,
  "apathetic": -3,
  "apathy": -3,
  "ʻApelila": 2,
  "apeshit": -3,
  "apo": 1,
  "ʻapo": 1,
  "apocalyptic": -2,
  "apologizing": -1,
  "apono": 2,
  "apono i": 1,
  "apono ia": 2,
  "aponoia": 2,
  "appalling": -2,
  "applauds": 2,
  "applause": 2,
  "apprehensive": -2,
  "appropriately": 2,
  "ʻapu kōheoheo": -2,
  "ardent": 1,
  "arrogant": -2,
  "arsehole": -4,
  "assassinations": -3,
  "assfucking": -4,
  "asshole": -4,
  "astoundingly": 3,
  "astounds": 3,
  "atrocious": -3,
  "atrocity": -3,
  "attraction": 2,
  "attractively": 2,
  "attractiveness": 2,
  "au i na ino": -2,
  "au kahiko,": -1,
  "audacious": 3,
  "Auē": -2,
  "auhau ia": -1,
  "auhau ia lakou i": -1,
  "aumeume": -2,
  "Aura": 1,
  "auwe": -1,
  "avengers": -2,
  "averts": -1,
  "avid": 2,
  "awaawa": -2,
  "Awaits": 2,
  "awkward": -2,
  "badass": -3,
  "badness": -3,
  "bailout": -2,
  "bamboozle": -2,
  "bamboozled": -2,
  "bamboozles": -2,
  "Ban": -2,
  "bankrupt": -3,
  "bankruptcy": -3,
  "bankster": -3,
  "banned": -2,
  "barbaric": -2,
  "beatific": 3,
  "befit": 2,
  "befitting": 2,
  "belittle": -2,
  "belittled": -2,
  "benefitted": 2,
  "benefitting": 2,
  "benevolent": 3,
  "betrayal": -3,
  "bias": -1,
  "biased": -2,
  "bitch": -5,
  "bitches": -5,
  "bitterest": -2,
  "bizarre": -2,
  "blackmail": -3,
  "blackmailed": -3,
  "blackmailing": -3,
  "blackmails": -3,
  "blah": -2,
  "blissful": 3,
  "blithe": 2,
  "bloated": -1,
  "blockade": -2,
  "blockbuster": 3,
  "blurry": -2,
  "boastful": -2,
  "Ƀole hana hewa": -2,
  "boost": 1,
  "boosted": 1,
  "boosting": 1,
  "boosts": 1,
  "bother": -2,
  "bothered": -2,
  "bothers": -2,
  "bothersome": -2,
  "boycotting": -2,
  "brainwashing": -3,
  "braveness": 2,
  "bravura": 3,
  "breaching": -2,
  "breathtaking": 5,
  "bribing": -3,
  "brightest": 2,
  "brilliance": 3,
  "brilliances": 3,
  "brisk": 2,
  "brutal": -3,
  "brutally": -3,
  "bullied": -2,
  "bullshit": -4,
  "bummer": -2,
  "buoyant": 2,
  "burglar": -2,
  "burglary": -2,
  "calming": 2,
  "canceling": -1,
  "carefree": 1,
  "cashing ana ma": -2,
  "casualty": -2,
  "catastrophe": -3,
  "censor": -2,
  "censored": -2,
  "censors": -2,
  "chagrin": -2,
  "chagrined": -2,
  "chaos": -2,
  "chaotic": -2,
  "charisma": 2,
  "charmingly": 3,
  "charmless": -3,
  "cheater": -3,
  "cheaters": -3,
  "cheats": -3,
  "cheerless": -2,
  "cheery": 3,
  "chic": 2,
  "childish": -2,
  "clarifies": 2,
  "clarity": 2,
  "clash": -2,
  "classy": 3,
  "cleaner": 2,
  "clueless": -2,
  "cocksucker": -5,
  "cocksuckers": -5,
  "cocky": -2,
  "coerced": -2,
  "coercion": -2,
  "collapses": -2,
  "collide": -1,
  "collides": -1,
  "colliding": -1,
  "colluding": -3,
  "Comedy": 1,
  "comic": 1,
  "compassionate": 2,
  "competencies": 1,
  "complacent": -2,
  "complains": -2,
  "complicating": -2,
  "compliment": 2,
  "complimented": 2,
  "compliments": 2,
  "conciliate": 2,
  "conciliated": 2,
  "conciliates": 2,
  "conciliating": 2,
  "conflicting": -2,
  "conflictive": -2,
  "congrats": 2,
  "consolable": 2,
  "constipation": -2,
  "contagion": -2,
  "contagions": -2,
  "contaminant": -2,
  "contaminants": -2,
  "contaminate": -2,
  "contaminated": -2,
  "contaminates": -2,
  "contaminating": -2,
  "contamination": -2,
  "contaminations": -2,
  "contemptuous": -2,
  "contemptuously": -2,
  "contender": -1,
  "contestable": -2,
  "controversial": -2,
  "controversially": -2,
  "convivial": 2,
  "courageously": 2,
  "courageousness": 2,
  "coward": -2,
  "coziness": 2,
  "cramp": -1,
  "crap": -3,
  "crappy": -3,
  "crazier": -2,
  "craziest": -2,
  "crestfallen": -2,
  "criminate": -3,
  "criminated": -3,
  "criminates": -3,
  "criticism": -2,
  "criticizes": -2,
  "critique": -2,
  "crude": -1,
  "crushes": -1,
  "cunt": -5,
  "cutback": -2,
  "cutbacks": -2,
  "cynic": -2,
  "cynical": -2,
  "cynicism": -2,
  "daimana": 1,
  "dangerously": -2,
  "daredevil": 2,
  "darkest": -2,
  "dauntless": 2,
  "deadening": -2,
  "deafening": -1,
  "debonair": 2,
  "decisive": 1,
  "defenders": 2,
  "defiant": -1,
  "deficiency": -2,
  "deficit": -2,
  "deformities": -2,
  "deformity": -2,
  "deft": 2,
  "defunct": -2,
  "degrade": -2,
  "degrades": -2,
  "dehumanize": -2,
  "dehumanized": -2,
  "dehumanizes": -2,
  "dehumanizing": -2,
  "deject": -2,
  "dejected": -2,
  "dejecting": -2,
  "dejects": -2,
  "delectable": 3,
  "delightful": 3,
  "delightfully": 3,
  "demoralize": -2,
  "demoralized": -2,
  "demoralizes": -2,
  "demoralizing": -2,
  "denier": -2,
  "deniers": -2,
  "denounce": -2,
  "denounces": -2,
  "dent": -2,
  "deplore": -3,
  "deplored": -3,
  "deplores": -3,
  "deploring": -3,
  "deportation": -2,
  "deportations": -2,
  "deported": -2,
  "deporting": -2,
  "deports": -2,
  "deprivation": -3,
  "derail": -2,
  "derailed": -2,
  "derails": -2,
  "derelict": -2,
  "derides": -2,
  "despairing": -3,
  "desperately": -3,
  "despondent": -3,
  "deteriorate": -2,
  "deteriorated": -2,
  "deteriorates": -2,
  "deteriorating": -2,
  "deterrent": -2,
  "detract": -1,
  "detracted": -1,
  "detracts": -1,
  "devastate": -2,
  "devastated": -2,
  "devotional": 2,
  "dick": -4,
  "dickhead": -4,
  "diffident": -2,
  "dilligence": 2,
  "dipshit": -3,
  "direful": -3,
  "dirtier": -2,
  "dirtiest": -2,
  "dirty": -2,
  "disagreeable": -2,
  "disappoints": -2,
  "disastrous": -3,
  "discards": -1,
  "discomfort": -2,
  "disconsolate": -2,
  "disconsolation": -2,
  "discord": -2,
  "discounted": -1,
  "discredited": -2,
  "discriminate": -2,
  "discriminated": -2,
  "discriminates": -2,
  "discriminating": -2,
  "discriminatory": -2,
  "disgustful": -3,
  "disheartened": -2,
  "disinclined": -2,
  "disjointed": -2,
  "dismal": -2,
  "disorganized": -2,
  "disoriented": -2,
  "disparage": -2,
  "disparaged": -2,
  "disparages": -2,
  "disparaging": -2,
  "disproportionate": -2,
  "disqualified": -2,
  "disrespect": -2,
  "disrespected": -2,
  "disrupting": -2,
  "disruptive": -2,
  "distasteful": -2,
  "distorts": -2,
  "distract": -2,
  "distracted": -2,
  "distracts": -2,
  "distrustful": -3,
  "dithering": -2,
  "diverting": -1,
  "dodgy": -2,
  "dolorous": -2,
  "donates": 2,
  "donating": 2,
  "donation": 2,
  "douche": -3,
  "douchebag": -3,
  "dour": -2,
  "downcast": -2,
  "downer": -2,
  "downhearted": -2,
  "downside": -2,
  "droopy": -2,
  "drudgery": -2,
  "dubious": -2,
  "dud": -2,
  "dumbass": -3,
  "dump": -1,
  "dumped": -2,
  "dumps": -1,
  "dupe": -2,
  "duped": -2,
  "dupery": -2,
  "dysfunction": -2,
  "ē": -2,
  "e ae mai oe": -2,
  "e hālāwai pū": -3,
  "e hānai i": -3,
  "e hanaiiaʻi": -2,
  "e hao wale i": -2,
  "e hauoli": 4,
  "E hauoli": 4,
  "e hei ai lakou": -1,
  "e henehene": -2,
  "e hoea": -1,
  "e hoehaeha ana": -4,
  "e hoihoi": 1,
  "e hoihoi mai": 1,
  "e hoʻohāʻule hou": -2,
  "e hoʻohāʻule hou aku": -2,
  "e hookauwaia": -2,
  "e hoole": -2,
  "e hōʻole nei": -2,
  "e hoʻololi aʻe": -1,
  "e hooluolu mai": 2,
  "e hoomaau mai nei": -2,
  "e hoomalamalama": 2,
  "e hoʻonāukiuki": -1,
  "e hoopaapaa ana": -2,
  "e hoopii": -2,
  "E hoowahawaha": -3,
  "e hoowahawaha mai": -2,
  "E hūnā i nā": -1,
  "e kala mai": -1,
  "e kali ana": -2,
  "e kaumaha ana": -2,
  "e like": 1,
  "e like ai": 2,
  "e loaa ana": -2,
  "E loʻohia nō": 2,
  "E lūlū mai": 2,
  "e makau ai": -2,
  "e makaʻuʻole ana": 2,
  "e nā": 2,
  "e nana": -1,
  "e nānā ana": 1,
  "e noi ana": 1,
  "e oki ai": -1,
  "e olioli loa": 3,
  "e ʻoluʻolu": 1,
  "E oluolu oe": 1,
  "e pakele ai": -1,
  "e pepehi iho at": -1,
  "e poino ai": -2,
  "e pono": 1,
  "e pono ai": 2,
  "e pule": 1,
  "e ulu ana": 1,
  "e uwa": 4,
  "E uwe aku oukou": 1,
  "ʻeā": -1,
  "ea i": 1,
  "eʻae mai hoʻi": 2,
  "eager": 2,
  "ecstatic": 4,
  "ee": 1,
  "eehia": -2,
  "eerie": -2,
  "eery": -2,
  "eha": -2,
  "ʻeha": -2,
  "eha ma ka naau": -2,
  "ehaeha": -2,
  "ʻehaʻeha": -3,
  "ekaeka": -4,
  "elated": 3,
  "elation": 3,
  "elegantly": 2,
  "ʻeleu": -1,
  "embarrasses": -2,
  "emi": -2,
  "empathetic": 2,
  "empowerment": 2,
  "enchanted": 2,
  "endorse": 2,
  "endorsed": 2,
  "endorsement": 2,
  "endorses": 2,
  "enemi": -2,
  "ʻenemi": -2,
  "ennui": -2,
  "enrages": -2,
  "enrapture": 3,
  "enterprising": 1,
  "enthrall": 3,
  "envies": -1,
  "envious": -2,
  "eo": 4,
  "epa": -4,
  "erroneous": -2,
  "ErrorWithTranslation": 1,
  "ethical": 2,
  "euphoria": 3,
  "euphoric": 4,
  "evacuate": -1,
  "evacuated": -1,
  "evacuates": -1,
  "evacuating": -1,
  "evergreen": 2,
  "evergreening": -3,
  "evergreens": 2,
  "eviction": -1,
  "ʻewaʻewa": -1,
  "exacerbate": -2,
  "exacerbated": -2,
  "exacerbates": -2,
  "exacerbating": -2,
  "exaggerate": -2,
  "exaggerates": -2,
  "exaggerating": -2,
  "exasparate": -2,
  "exasperates": -2,
  "exclusive": 2,
  "excruciatingly": -1,
  "exhilarated": 3,
  "exhilarates": 3,
  "exhilarating": 3,
  "exonerate": 2,
  "exonerated": 2,
  "exonerates": 2,
  "exonerating": 2,
  "expertly": 2,
  "exploited": -2,
  "exploiting": -2,
  "exploration": 1,
  "explorations": 1,
  "extremist": -2,
  "extremists": -2,
  "exuberant": 4,
  "exultant": 3,
  "exultantly": 3,
  "Fabulous": 4,
  "fabulously": 4,
  "fad": -2,
  "fag": -3,
  "fagot": -3,
  "fairness": 2,
  "fake": -3,
  "faker": -3,
  "fakes": -3,
  "faking": -3,
  "falsified": -3,
  "falsify": -3,
  "fantastic": 4,
  "farce": -1,
  "fascinates": 3,
  "fascist": -2,
  "fascists": -2,
  "fatalities": -3,
  "fatality": -3,
  "favourited": 2,
  "fearfully": -2,
  "feloni": -3,
  "felonies": -3,
  "fervid": 2,
  "fiasco": -3,
  "fidgety": -2,
  "flaw": -2,
  "flawed": -3,
  "flawless": 2,
  "flawlessly": 2,
  "flaws": -2,
  "flop": -2,
  "flops": -2,
  "flu": -2,
  "flustered": -2,
  "fondness": 2,
  "foreclosure": -2,
  "foreclosures": -2,
  "forgettable": -1,
  "frantic": -1,
  "fraudster": -4,
  "fraudsters": -4,
  "fraudulence": -4,
  "freak": -2,
  "friendliness": 2,
  "frikin": -2,
  "frisky": 2,
  "fruitless": -2,
  "ftw": 3,
  "fucker": -4,
  "fuckers": -4,
  "fuckface": -4,
  "fuckhead": -4,
  "fuckin": -4,
  "fucktard": -4,
  "fud": -3,
  "fuked": -4,
  "fuking": -4,
  "fuming": -2,
  "funky": 2,
  "funnier": 4,
  "futile": -2,
  "gag": -2,
  "gagged": -2,
  "gallantry": 3,
  "gem": 3,
  "generously": 2,
  "genial": 3,
  "ghastly": -2,
  "giddy": -2,
  "glamorous": 3,
  "glamourous": 3,
  "GLEE": 3,
  "gleeful": 3,
  "gloomy": -2,
  "glum": -2,
  "goddamn": -3,
  "godsend": 4,
  "goofiness": -2,
  "goofy": -2,
  "gr8": 3,
  "graceful": 2,
  "gratification": 2,
  "greenwash": -3,
  "greenwasher": -3,
  "greenwashers": -3,
  "greenwashing": -3,
  "grisly": -2,
  "gruesome": -3,
  "gula": 2,
  "gullibility": -2,
  "gullible": -2,
  "haahaa": 1,
  "haʻahaʻa": -2,
  "haʻaheo": 2,
  "haalele": -2,
  "haʻalele": -1,
  "haalele aku": -2,
  "haʻalulu": -2,
  "haalulu ana": -2,
  "Haʻawe": -2,
  "haawi": 1,
  "hāʻawi": 1,
  "haawi aku": 2,
  "hâʻawi wale": 2,
  "haawina": 2,
  "hacked": -1,
  "haehaeia": -2,
  "Haha": 3,
  "hahaha": 3,
  "hahahah": 3,
  "hahau": -3,
  "hahau aku au": -3,
  "hainā": -3,
  "hakakā": -1,
  "hala": -1,
  "halepaahao": -2,
  "Haliʻaaʻela": 1,
  "hallelujah": 3,
  "hamama ai": 1,
  "hana": 1,
  "hana hewa": -2,
  "hana hewa aku": -2,
  "hana hewa au:": -2,
  "hana hoihoi": 2,
  "hana ino": -3,
  "hana ino mai": -2,
  "hana ino mai ia": -2,
  "hana ino mau": -3,
  "hana kaumaha": -2,
  "hana lealea a": 3,
  "hana maʻamau": 2,
  "hana malu a": 1,
  "hana mana": 4,
  "hana nīnau": -1,
  "hanaʻino": -2,
  "hanaʻino pūʻia": -3,
  "hanakimi": -3,
  "hanau": -2,
  "hanau mai la,": -2,
  "hanau pono": -5,
  "handpicked": 1,
  "hang": 3,
  "hanohano": 2,
  "hao": -2,
  "haole a": -2,
  "hapless": -2,
  "haplessness": -2,
  "happiest": 3,
  "harasses": -3,
  "hardier": 2,
  "Hardy": 2,
  "harmonious": 2,
  "harmoniously": 2,
  "Harry": -2,
  "harsher": -2,
  "harshest": -2,
  "harshly": -2,
  "haukaʻe i": -2,
  "haule": -2,
  "haule ana": -1,
  "haule iho la iluna": -1,
  "Hāʻule maila lākou": -1,
  "haumia": -2,
  "haumia ea": -2,
  "haunaele": -2,
  "Haunted": -2,
  "haunting": 1,
  "hauʻoh": 4,
  "hauoli": 4,
  "hauʻoli": 3,
  "hauoli ana": 3,
  "hauoli ana i": 3,
  "hauʻoli o": 3,
  "hāʻupu": -1,
  "Hawaii": 2,
  "Hawaiʻi keiki": 2,
  "hawaiian": 1,
  "hawawa koʻu": -2,
  "hawawa,": -1,
  "hazardous": -3,
  "he": 2,
  "he ʻāpana": -1,
  "he kūoʻo": 4,
  "he leo": -2,
  "he poe hana lokomaikai": 2,
  "he poe wahahee": -3,
  "he pono nō": -2,
  "he uʻi": 3,
  "hea": 2,
  "Hea aku": -2,
  "hea ana": -2,
  "headache": -2,
  "heartbreaking": -3,
  "heartbroken": -3,
  "heartfelt": 3,
  "heartless": -2,
  "heartwarming": 3,
  "heavyhearted": -2,
  "hee": -1,
  "hehe": 2,
  "hehena": -3,
  "hehi": -2,
  "hemahema": -3,
  "hemolele": 2,
  "henehene iho la lakou": -2,
  "Hero": 2,
  "hesitant": -2,
  "hewa": 2,
  "hewa ia": -2,
  "hiamoe": -2,
  "hihia": -2,
  "hihia hoʻi i loko": -2,
  "hihio": 1,
  "hihiuhoʻololi": 3,
  "hiki": -2,
  "hiki \"k ku": -3,
  "hiki ia oe": 1,
  "hikiʻole": -2,
  "hikoko": -2,
  "hilahila": -2,
  "hilahila iho la": -2,
  "hilahila ihola": -2,
  "hilarious": 2,
  "hilinaʻi": 1,
  "hilinaʻiʻole": -3,
  "hina no ka nui": -2,
  "hinahina": -1,
  "hindrance": -2,
  "hiolo": -2,
  "hiʻona": 3,
  "hiwahiwa": 3,
  "ho onui ana": 2,
  "hoa paio": -1,
  "hoa pāonioni": -2,
  "hōʻaʻa": -2,
  "hoaaloha": 1,
  "hoahewa ia": -2,
  "hōʻalo ai i ka": -1,
  "hoalohaloha ia": 2,
  "Hōʻano hou": 2,
  "hoaponoia": 2,
  "hoax": -2,
  "hoeha ia oukou i": -2,
  "hōhē wale": -2,
  "hoi": -3,
  "hoi i ka hoopunipuni": -3,
  "hoʻi nâ mea": 2,
  "hoihoi": 3,
  "hoihoi hou": 1,
  "hoihoi hou ia": 1,
  "höʻike aku": 1,
  "hōʻike i": -2,
  "hoike ia": 2,
  "hōʻino": -2,
  "hōʻino maila lākou,": -2,
  "hoinoia": -2,
  "hoki": -4,
  "hola": 1,
  "holo": -1,
  "holoholo ai": -1,
  "holomua": 3,
  "holoʻokoʻa ana": -2,
  "holoʻokoʻa i hele mai": 3,
  "homesick": -2,
  "honi": 2,
  "hoohaahaa ana,": -3,
  "hoʻohāiki": 1,
  "hoʻohāmau": -2,
  "hoʻohana": -2,
  "hoʻohana pākela i": -3,
  "hoʻohaumia": -2,
  "hoohaunaele": -3,
  "hoʻohemahema": -2,
  "hoohewa": -2,
  "hoohewa aku": -2,
  "hoohewa ikaika lakou": -2,
  "hoohewaia": -2,
  "hoohewaia oia nani": 3,
  "hoʻohihi": 3,
  "hoohiki": -2,
  "hoʻohiki": -2,
  "hoohiki aku nei au": -2,
  "hoohikilele au ia": -2,
  "hoohiwahiwa": 2,
  "hoʻoholo": 2,
  "hoohui": -2,
  "Hōʻoia": 1,
  "hōʻoiaʻia": 1,
  "hooikaika": 2,
  "hoʻoikaika": 2,
  "Hoʻoikaika i ka": 2,
  "hoʻok &": 2,
  "hookaawale ia": -1,
  "hookahakaha": 3,
  "hookahuli i": -2,
  "hookamani": -2,
  "hoʻokamani wale iā": -1,
  "hookaumaha": -2,
  "hookauwa": -2,
  "hooki": -2,
  "hōʻoki aku": -1,
  "hoʻokiʻekiʻe": 2,
  "hookipa": 2,
  "hooko": 2,
  "hoʻokō": 2,
  "hooko aku i": 2,
  "hoʻokohukohu": -1,
  "hookohukohu iho la lakou": -1,
  "hoʻokohukohu nei": -1,
  "hookolokoloia": -2,
  "hoʻokuʻemaka": -1,
  "hookui": -2,
  "hookui hookahe koko ana": -2,
  "hookuu aku": -2,
  "hoola": 2,
  "hoola ia": 2,
  "hoʻolaʻa": 2,
  "hoʻolaha": 1,
  "hoolaia": 2,
  "hoʻolauleʻa": 3,
  "hoʻolauleʻa i kēia pō": 3,
  "hoole": -2,
  "hōʻole": -2,
  "hoole ana": -2,
  "hoʻoleʻa": 3,
  "hoolea aku": 3,
  "hoolealea": 3,
  "hooleia": -1,
  "hoʻolele hauli": -2,
  "hoʻolewa": -1,
  "hooligan": -2,
  "hooliganism": -2,
  "hooligans": -2,
  "hoʻoloheʻole aku": -2,
  "hoolohi": -1,
  "hoʻoluhi hewa": -2,
  "hōʻoluʻolu": 2,
  "hoomaau": -2,
  "hoomaemae": 1,
  "hoomaewaewa": -2,
  "hoomaewaewa mai ai ia": -2,
  "hoʻomaha": 2,
  "hoomaikai aku": 2,
  "hoʻomaikaʻi aku": 2,
  "hoomaikai aku i ke": 3,
  "hoomaikai ana": 3,
  "hoomakaukau": 1,
  "hoomake iho no hoi": -2,
  "hoʻomākeʻaka": 2,
  "hoomalamalama": 2,
  "hoomalau": -1,
  "hoomalau ana i na": -1,
  "hoomalielie aku": 2,
  "hoomaloka": -2,
  "hoomalu": 1,
  "hoomaluia": 1,
  "hoomana": 3,
  "hoʻomana": 3,
  "hoʻomana akula": 3,
  "hoʻomanaʻo": -2,
  "hoomaopopo": 1,
  "hoomaopopo aku i": 1,
  "hoomaopopo ole": -2,
  "hoomaopopoia": 1,
  "hoomaunauna": -1,
  "hoʻomōhala": 2,
  "hoʻonā": 2,
  "hoʻonalonalo i": -1,
  "hoʻonani": 3,
  "hoonaukiuki": -1,
  "hoʻonāukiuki": -1,
  "Hoʻonāukiuki": -2,
  "hoʻonāukiukiʻana mai o": -1,
  "hoʻonāwaliwali": -2,
  "hoʻonui": 1,
  "Hoʻonui i ka pono": 1,
  "hoopaa": -1,
  "hoʻopaʻahao,": -2,
  "hoopaaia": -2,
  "hoopaapaa": -2,
  "hoʻopaʻapaʻa": -2,
  "hoopai": 2,
  "hoʻopaʻi": -2,
  "hoopai auanei o Iehova": 2,
  "hoopaiia": -2,
  "hoʻopailua": -3,
  "hoʻopaipai": -2,
  "hoopakele": 2,
  "hoʻopakele": 2,
  "hoʻopakele i ke ola": 2,
  "hoopanee": -1,
  "Hoʻopau": -1,
  "hoopau aku i": -3,
  "hoopau i": 2,
  "hoopiha": 2,
  "hoʻopīhoihoi": -2,
  "hoʻopīhoihoi,": 3,
  "hoopii": -1,
  "hoʻopiʻi": -2,
  "hoopiiia": -2,
  "hoopilikia": -2,
  "hoopilikia i": -2,
  "hoopilikia mai": -3,
  "hoopio": 3,
  "hoopoina": -1,
  "hoʻopöʻino": -2,
  "hoopomaikai": 2,
  "hoopono aku au ia": -2,
  "hoopopilikia": -2,
  "hoʻopuehu": 3,
  "hoʻopūhili": -2,
  "hoopunipuni": -3,
  "hoʻopunipuni": -3,
  "hoopunipuni aku hoi lakou": -3,
  "hoopunipuni ana": -3,
  "hoouka": -1,
  "hoʻouluhua": -3,
  "hoowahawaha": -2,
  "hoʻowahāwahā": -2,
  "hoowahawaha aku i ka": -3,
  "hoʻowahāwahā i": -3,
  "hoowahawaha mai": -1,
  "hoʻowahāwahā maila iā": -2,
  "hoowahawahaia": -2,
  "hoʻowahāwahāʻia": -3,
  "hoʻowalewale": 3,
  "hoowalewale ai": -1,
  "hoʻoweliweli": -2,
  "hooweliweli ana no hoi": -2,
  "hope": -3,
  "hopefully": 2,
  "hopeʻia": -1,
  "hopelessness": -2,
  "hopohopo": -3,
  "hopohopo,": -2,
  "hopu": -2,
  "horrendous": -3,
  "horrid": -3,
  "horrific": -3,
  "hospitalized": -2,
  "hostile": -2,
  "hou": 2,
  "HOU": 1,
  "hōʻuluʻulu": -1,
  "huahekili": 2,
  "huckster": -2,
  "Hug": 2,
  "huhu": -2,
  "huhū": -3,
  "huhu loa": -3,
  "hui": 1,
  "hulina": 2,
  "humane": 2,
  "humbug": -2,
  "humerous": 3,
  "Humorous": 2,
  "humourous": 2,
  "huna": -1,
  "hūnā": -1,
  "hūnā au": -1,
  "hunaahi": 1,
  "hune": -2,
  "hupo": -3,
  "hurray": 5,
  "hurting": -2,
  "hysteria": -3,
  "hysterical": -3,
  "hysterics": -3,
  "ʻi": -2,
  "i haawi": 1,
  "i hakakā ai": -1,
  "i hauʻoli": -2,
  "i hōkaiʻia": -2,
  "i hooakea ai i": 1,
  "i hoʻohalahala": -2,
  "i hoʻohuoi nui": -1,
  "i hookae mai": -2,
  "i hookoia": 3,
  "i hooleiiaʻi mawaho": -1,
  "i hoʻoloheʻole ai": -2,
  "i hoʻomaka me": 1,
  "i hoʻomaopopo ai": 2,
  "i hoomaunauna aku ai": -2,
  "i hoopanee aku": -1,
  "i hoopea aku": -1,
  "i hoʻopunipuni mai ai": -3,
  "i hope": 1,
  "i ka": 2,
  "i ka hopohopo i": -1,
  "i ka laʻi": 2,
  "i ka lokomaikaiia,": 2,
  "i ka mahalo": 2,
  "i ka meaʻala": -2,
  "i kāohi aku": -3,
  "i kāpaeʻia": -1,
  "i keʻakeʻaʻole kekahi": -2,
  "i kumakaia": -3,
  "i kuu": -2,
  "i luahi": -3,
  "i malama": 1,
  "i mea hoʻokomo aku": 3,
  "i oi": 2,
  "i olelo mua iaʻi": 1,
  "i pau ka moni": -1,
  "i pilau iaʻu": -2,
  "i pulakaumaka no": 2,
  "i uku koke": -2,
  "i waiwai ai": 2,
  "ʻia": 2,
  "ia i hoeha mai": -2,
  "ia kekahi": 2,
  "ia maluna": -1,
  "ia nā kumu kāki": 3,
  "ia wā": -2,
  "iaʻi": -2,
  "iaia": 2,
  "iaono? ienoai": 2,
  "icky": -3,
  "idiocy": -3,
  "idiotic": -3,
  "ignore": -1,
  "ignores": -1,
  "iho": -1,
  "iho la": -1,
  "iho la ua": -2,
  "ihola nō ia": -1,
  "ikaika": 2,
  "ʻike haole a": -2,
  "ike loea": 2,
  "ilihune": -2,
  "ʻilikai": -1,
  "illegally": -3,
  "illegitimate": -3,
  "illiteracy": -2,
  "illnesses": -2,
  "illogical": -2,
  "imaginative": 2,
  "imbecile": -3,
  "immobilized": -1,
  "immune": 1,
  "impairment": -2,
  "impairs": -2,
  "impatient": -2,
  "impeachment": -3,
  "impeachments": -3,
  "impedingly": -2,
  "imperfect": -2,
  "imposter": -2,
  "impresses": 3,
  "improperly": -2,
  "inaction": -2,
  "inadequate": -2,
  "inadvertently": -2,
  "inaina": -3,
  "inaina aku": -2,
  "inaina loa": -2,
  "inaina mau": -2,
  "incapable": -2,
  "incapacitated": -2,
  "incapacitates": -2,
  "incapacitating": -2,
  "incenses": -2,
  "incoherent": -2,
  "incompetence": -2,
  "incomprehensible": -2,
  "inconsiderate": -2,
  "indecisive": -2,
  "indestructible": 2,
  "indicted": -2,
  "indifferent": -2,
  "indoctrinate": -2,
  "indoctrinated": -2,
  "indoctrinates": -2,
  "indoctrinating": -2,
  "īnea": -2,
  "inediable": -2,
  "ineffective": -2,
  "ineffectively": -2,
  "inefficiency": -2,
  "inefficient": -2,
  "inefficiently": -2,
  "inept": -2,
  "ineptitude": -2,
  "inexorable": -3,
  "infantile": -2,
  "infantilized": -2,
  "infatuated": 2,
  "infatuation": 2,
  "infecting": -2,
  "infections": -2,
  "infectious": -2,
  "influential": 2,
  "infract": -2,
  "infracted": -2,
  "infracting": -2,
  "infracts": -2,
  "infringement": -2,
  "infuriate": -2,
  "infuriated": -2,
  "infuriates": -2,
  "infuriating": -2,
  "inhibit": -1,
  "injuries": -2,
  "innovate": 1,
  "innovates": 1,
  "Innovative": 2,
  "ino": -3,
  "ʻino": -2,
  "ino pomaikai": -2,
  "ʻino wale i": -3,
  "ino, ua": -3,
  "inoino": -2,
  "ʻinoʻino": -3,
  "inoperative": -2,
  "inquisitive": 2,
  "insecure": -2,
  "insensitive": -2,
  "insensitivity": -2,
  "insipid": -2,
  "insolvent": -2,
  "inspirational": 2,
  "insufficiency": -2,
  "insufficient": -2,
  "insufficiently": -2,
  "interrogated": -2,
  "intimacy": 2,
  "intimidate": -2,
  "intimidates": -2,
  "intransigence": -2,
  "intransigency": -2,
  "invincible": 2,
  "invulnerable": 2,
  "ioeaie": 1,
  "Iole": 2,
  "ioni?": -1,
  "irate": -3,
  "ironic": -1,
  "irony": -1,
  "irrational": -1,
  "irreparable": -2,
  "irreproducible": -2,
  "irresistible": 2,
  "irresistibly": 2,
  "irresolute": -2,
  "irresponsible": -2,
  "irresponsibly": -2,
  "irreversible": -1,
  "irreversibly": -1,
  "itchy": -2,
  "jackass": -4,
  "jackasses": -4,
  "jaunty": 2,
  "jerk": -3,
  "jocular": 2,
  "jovial": 2,
  "joyless": -2,
  "jubilant": 3,
  "jumpy": -1,
  "justifiably": 2,
  "ka eha": 3,
  "ka hailonaʻana": -1,
  "ka hakaka ana": -1,
  "ka hakui o": -2,
  "ka hana maika`i": 2,
  "ka hewa": -2,
  "ka hihia": -2,
  "Ka hōʻeha": -2,
  "ka hoohihia ana i": -2,
  "ka hoʻohikiʻana": -2,
  "ka hoʻokaumaha": -2,
  "Ka hoʻokū": -2,
  "ka hoʻomaikaʻi": 2,
  "ka hoomaopopo ole": -2,
  "ka hoʻoponopono hainā": -2,
  "ka hoʻoulu": 2,
  "ka iini": -2,
  "ka lanakila": 3,
  "ka lani": 4,
  "ka lepo": -3,
  "ka lili": -2,
  "ka lokomaikai": 1,
  "ka lolouila": -2,
  "ka luaʻi": -3,
  "ka luhi": -2,
  "ka luli ole": -1,
  "ka maʻamau": 2,
  "ka mahalo": 2,
  "ka makaia o": -2,
  "ka mālama pono": 2,
  "ka malu o": -4,
  "ka manao": -3,
  "ka manaʻoi": 2,
  "ka mea": 2,
  "ka minamina i": -2,
  "ka minaminaʻia": -2,
  "ka minoʻaka": 2,
  "ka nahunahu": -1,
  "ka naita": 3,
  "ka nele": -2,
  "ka nele i": -2,
  "ka noho kauā kuapaʻa": -3,
  "ka noʻonoʻo": 2,
  "ka noonoo ana": 2,
  "ka olelo": -1,
  "ka olioli": 3,
  "ka paepaeʻana": 1,
  "Ka Pakipika": 2,
  "ka papa ole": -2,
  "ka pilau": -2,
  "ka pilikia": -2,
  "ka poe": -2,
  "ka poʻe inaina iā": -3,
  "ka polalauahi": -2,
  "ka pomaikai": 2,
  "ka pono": 2,
  "ka pū": -1,
  "ka ulu": 2,
  "ka ulu o ke": 2,
  "Ka Uluwehi O Ke": 2,
  "ka walania": -2,
  "ka weliweli": -3,
  "ka wi": -2,
  "ka wiwo ole": 2,
  "Kaʻahumanu": 2,
  "kaʻaka": 1,
  "kaʻana": 1,
  "kaawale": -1,
  "kaʻawale": -1,
  "kāʻeʻaʻeʻa": 2,
  "kaʻenaʻena": -1,
  "kahaha": 3,
  "kahea ana": -1,
  "kahi": -1,
  "kahi e": -3,
  "kahua kaua kaulana": -1,
  "Kahumoku": -2,
  "kaiāulu hoihoi": 3,
  "kākoʻo": 1,
  "kākoʻo iā ia,": 1,
  "kakou e hoohewa": -2,
  "kala": 2,
  "kala aku": 2,
  "kâlâ keʻokeʻo": 3,
  "kālaimeaola": 3,
  "kali": -1,
  "kali hou aku;": -1,
  "Kamehameha": -2,
  "kamepiula": -2,
  "kāna hana": -2,
  "kanalua": -1,
  "kānalua o": -2,
  "kanikau": -2,
  "kaniʻuhū": -2,
  "kaniuhu ana": -2,
  "kao hele": -2,
  "kaohi": -2,
  "Kaohi": -2,
  "kaʻona,": -1,
  "kaʻono ma": 3,
  "kapa": -1,
  "kāpili": -1,
  "kapu": -2,
  "karaima": -3,
  "kau": -1,
  "kau mai": -1,
  "kaua": -2,
  "kaua weliweli": -2,
  "kaualako": -1,
  "kaulana": 3,
  "kaulia ana": -1,
  "kaulike": 1,
  "kaulikeʻole": -2,
  "kaumaha": -2,
  "kaumaha ana": -2,
  "kaumaha,": -3,
  "kauo aku": -1,
  "kauoha": -3,
  "kauwa": -3,
  "ke ahi": -2,
  "ke ahonui,": 2,
  "ke akamai": 2,
  "ke alahouana,": -4,
  "ke alo": 1,
  "ke aloha": -2,
  "Ke aloha": 2,
  "Ke aloha aku nei": 2,
  "ke aloha i": 3,
  "ke anuenue": -1,
  "ke ao": -3,
  "ke hoʻohaʻahaʻa": -3,
  "ke hoʻoponopono": 1,
  "Ke Kai": 2,
  "ke kala mai": 1,
  "ke kanaka naaupo!": -2,
  "ke kanalua ole": -1,
  "ke kaniuhu": -2,
  "ke kauo": -1,
  "ke keiki a a bitch": -5,
  "ke kipi": -2,
  "ke koikoi": -2,
  "ke kula": -2,
  "ke kuleana o": 2,
  "ke kumakaia": -3,
  "ke kumukuai": 2,
  "ke nânâ i": 2,
  "ke olonā wāwae": -2,
  "ke piʻoloke": -1,
  "keakea": -2,
  "keʻakeʻa": -2,
  "keʻakeʻa i": -2,
  "keʻakeʻa nei": -2,
  "keia ano": 2,
  "kekahi": 1,
  "kekahi ano": 0,
  "kekahi hana": -3,
  "kekahi kaʻao ka": -2,
  "Kekūhaupiʻo": -2,
  "kela poe kanaka ei": -2,
  "kēnā e": -2,
  "keu o": -3,
  "kī": -2,
  "kiatraumatic": -2,
  "kickback": -3,
  "kickbacks": -3,
  "kidnap": -2,
  "kidnapped": -2,
  "kidnapping": -2,
  "kidnappings": -2,
  "kidnaps": -2,
  "kiekie": 4,
  "kiʻekiʻe": 2,
  "kihe": -2,
  "kii": 1,
  "kiʻiʻoniʻoni": -2,
  "kikowaena": -2,
  "kilakila": 3,
  "kilo": 1,
  "kina": -3,
  "kīnā o ke kino": -2,
  "kina ole": 2,
  "kinai ana": -2,
  "kinai iho": -2,
  "kinipōpō": -2,
  "kino kīnā": -2,
  "kino make": -1,
  "kiola aku la i": -1,
  "kipaku": -2,
  "kipakuia aku": -1,
  "kipakuia mai": -1,
  "kipe": -3,
  "kīpē": -3,
  "kipi": -3,
  "kīvila": 2,
  "ko mākou hopohopo": -2,
  "ko Sakona": -2,
  "koa": 3,
  "koena": 2,
  "koi": -1,
  "koʻi": -1,
  "koʻi kaua": 2,
  "koiia": 1,
  "koʻikoʻi": 2,
  "koke": 1,
  "koko": -3,
  "kokoke i": -2,
  "kokua": 2,
  "kōkua": -2,
  "kōkua aloha o": 2,
  "kolohe": -1,
  "koloka": 2,
  "komo": 1,
  "kōna": 2,
  "kona kūpaʻa": 1,
  "kona manaʻo": 2,
  "kona olioli ole": -2,
  "konaʻaumakua": -3,
  "kou keakea ana": -3,
  "koʻu mahalo i": 2,
  "kŘpuna": -2,
  "ku okoa ana": 2,
  "kua": 1,
  "kuai ana": 2,
  "kūamuamu": -4,
  "kudos": 3,
  "kue": -2,
  "kue ana": -2,
  "kūhalahala": -2,
  "kuhi": -2,
  "kuhi hewa": -2,
  "kuhihewa": -2,
  "Kuhina": 2,
  "kui": -2,
  "kuʻi": -2,
  "kŰia": -2,
  "kuʻia": -2,
  "Kuia iho": -2,
  "kuko": 1,
  "kukū": -2,
  "kukui": -3,
  "kūlana": -2,
  "kūlana uʻi a": 2,
  "kūlanakauhale": -4,
  "kuleana": 1,
  "kŰlń ao": 1,
  "kumakaia": -3,
  "kumu": -2,
  "kumukuai": -2,
  "kuolo": -2,
  "kupaa": 2,
  "kūpaʻa": 2,
  "kupaianaha": 4,
  "kupaluia": -2,
  "kupanaha": 3,
  "kupapaʻu": -2,
  "kupilikii o": -2,
  "kupono": 2,
  "kūpono": 2,
  "kupu mai": 2,
  "kupua": -2,
  "lā": -1,
  "laʻa": 3,
  "lackadaisical": -2,
  "lag": -1,
  "lagged": -2,
  "lagging": -2,
  "lags": -2,
  "laila, hoʻokipa": 2,
  "laki": 3,
  "lanakila": 4,
  "lapuwale": -2,
  "laughting": 1,
  "laulā": 2,
  "lawl": 3,
  "lawsuit": -2,
  "lawsuits": -2,
  "lea i": 2,
  "lealea": 3,
  "leʻaleʻa": 4,
  "lede": 3,
  "lele": -1,
  "lenient": 1,
  "leo hone": 2,
  "leo kono i ke": 1,
  "lepo": -2,
  "lethal": -2,
  "lethality": -2,
  "lethargic": -2,
  "lethargy": -2,
  "libelous": -2,
  "lifeless": -1,
  "lifesaver": 4,
  "lighthearted": 1,
  "likable": 2,
  "like": 1,
  "like me": 2,
  "likeable": 2,
  "likers": 2,
  "Likes": 2,
  "lili": -2,
  "lilo": -3,
  "lilo ia i kahu": 2,
  "lio": 2,
  "litigation": -1,
  "litigious": -2,
  "liu": -1,
  "livid": -2,
  "LMAO": 4,
  "lmfao": 4,
  "loa": -3,
  "loaa": 2,
  "loaa ia": 2,
  "loaa ia oe": 3,
  "loaa ole ia": -2,
  "loathes": -3,
  "loathing": -3,
  "lobbying": -2,
  "lobbyist": -2,
  "lobbyists": -2,
  "loio i": 1,
  "lokahi": 2,
  "loko": -2,
  "loko ona": -2,
  "lokomaikaʻi": 3,
  "lokomaikai aku": 2,
  "lol": 3,
  "loli": -1,
  "lolol": 4,
  "lololol": 4,
  "lolololol": 4,
  "lono kaumaha": -2,
  "lono pōʻino": -2,
  "lool": 3,
  "loom": -1,
  "loomed": -1,
  "looming": -1,
  "looms": -1,
  "loool": 3,
  "looool": 3,
  "looses": -3,
  "losing": -3,
  "lousy": -2,
  "lovable": 3,
  "lovelies": 3,
  "lua": 3,
  "lua pele": 2,
  "luahi": -3,
  "luai": -3,
  "luaʻi": -3,
  "luckily": 3,
  "lucrative": 3,
  "ludicrous": -3,
  "lugubrious": -2,
  "luhi": -2,
  "luku": -2,
  "luli wale": -1,
  "luliluli": -2,
  "luna": 1,
  "Luna nui": 3,
  "lunatic": -3,
  "lunatics": -3,
  "lurks": -1,
  "mā": -3,
  "ma loko": -2,
  "maalea": 2,
  "maaweawe": -2,
  "macabre": -2,
  "maddening": -3,
  "madly": -3,
  "maemae": 1,
  "mahalo": 2,
  "mahope o": 3,
  "mahuahua": 1,
  "mahuʻi mua": -1,
  "mai": -2,
  "maʻi": -1,
  "maʻiola me ka make": -2,
  "mai ino": -3,
  "mai la o Iesu": 1,
  "maʻiʻaʻai": -2,
  "maika": 2,
  "maikai": 2,
  "maikaʻi": -2,
  "maikaʻi loa": 4,
  "maikaʻiʻana": 2,
  "mailoko o": -2,
  "mailuilu haalele": -2,
  "makaʻala": 3,
  "makaala lakou": -1,
  "makaʻeo": -2,
  "makakū": 2,
  "Makamae": -2,
  "makapo": -1,
  "makau": -2,
  "makaʻu": -2,
  "makau ole": -2,
  "makauliʻi": 1,
  "makaʻuʻole": -2,
  "make": -2,
  "make": 2,
  "make a hōʻeha": -2,
  "make ai": -3,
  "make iho la": -2,
  "make me like me": -2,
  "make ole": 2,
  "makeʻe": 2,
  "makeʻe i": 2,
  "makemake": 3,
  "makemakeia": 2,
  "maladaption": -2,
  "mālama": 2,
  "malama ana": 2,
  "malama ole": -2,
  "mālamaʻole": -2,
  "maldevelopment": -2,
  "maliePili pū ana": -3,
  "malie iho la": 2,
  "malihini": -5,
  "malimali": 3,
  "māloʻeloʻe": -2,
  "maltreatment": -2,
  "maluhia": 2,
  "māluhiluhi": -2,
  "maluna": 2,
  "māmā": 2,
  "mama ia": 2,
  "mana": 1,
  "mana ai": 4,
  "manakā": -3,
  "manao": -2,
  "manaʻo": -1,
  "manaʻo kiʻiʻoniʻoni": -2,
  "manao paa": 2,
  "manaoiaʻi": 2,
  "manaoio": 1,
  "manaolana": 2,
  "manaolana loa kela": 2,
  "mānaʻonaʻo": -3,
  "manawa": 2,
  "manawaikawa e ola ana": 3,
  "manawa e hoʻomalu aupuni": 1,
  "manawa maopopo": 2,
  "manipulated": -1,
  "manipulating": -1,
  "manipulation": -1,
  "manslaughter": -3,
  "maoli": 1,
  "maoli i": -2,
  "māʻona": 2,
  "maopopo": -1,
  "masterpiece": 4,
  "masterpieces": 4,
  "mau hana hoʻomāinoino": -2,
  "mau keiki": -2,
  "mau sexy": 3,
  "me ka ike ole": -2,
  "me ka makaʻu no": -2,
  "me ka manao pono": 2,
  "me ka paipai pū": 2,
  "mea": 2,
  "mea e heneheneʻia": -2,
  "mea hānai": 2,
  "mea hoʻonāukiuki": -2,
  "mea hoopaapaa": -2,
  "mea i hoʻokau": -2,
  "mea laʻa": 2,
  "mea nani": 3,
  "mea pōmaikaʻi": 2,
  "meaʻehaʻeha": -2,
  "meaningless": -2,
  "mediocrity": -3,
  "meditative": 1,
  "meʻe": 2,
  "mehameha": -2,
  "mehana": 2,
  "memoriam": -2,
  "menace": -2,
  "menaces": -2,
  "mesmerizing": 3,
  "messing ae": -2,
  "methodical": 2,
  "methodically": 2,
  "mihi": -2,
  "mihi kēia": -1,
  "mikiʻala": 2,
  "minamina": -2,
  "mindless": -2,
  "minoʻaka": 2,
  "mirthful": 3,
  "mirthfully": 3,
  "misbehave": -2,
  "misbehaved": -2,
  "misbehaves": -2,
  "misbehaving": -2,
  "misbranding": -3,
  "miscast": -2,
  "misclassified": -2,
  "misclassifies": -2,
  "misclassify": -2,
  "misconducted": -2,
  "misconducting": -2,
  "misconducts": -2,
  "misfire": -2,
  "misgiving": -2,
  "misinformation": -2,
  "misinformed": -2,
  "misinterpreted": -2,
  "misleaded": -3,
  "misplace": -2,
  "misplaced": -2,
  "misplaces": -2,
  "misplacing": -2,
  "mispricing": -3,
  "misread": -1,
  "misreport": -2,
  "misreported": -2,
  "misreporting": -2,
  "misreports": -2,
  "misrepresent": -2,
  "misrepresentation": -2,
  "misrepresentations": -2,
  "misrepresented": -2,
  "misrepresenting": -2,
  "misrepresents": -2,
  "Miss": -2,
  "misunderstanding": -2,
  "misunderstood": -2,
  "moans": -2,
  "modernized": 2,
  "modernizes": 2,
  "modernizing": 2,
  "moe": 1,
  "Mohai": -2,
  "mōkākī": -2,
  "moku lawe hae": 2,
  "mokuahana": -2,
  "mokuāhana ma": -2,
  "mokuhia": -2,
  "mokuhia e": -2,
  "mokumokuahua": 1,
  "MOKUNA VI No": -2,
  "momona": 2,
  "mongering": -2,
  "moni loa": -2,
  "monopolize": -2,
  "monopolized": -2,
  "monopolizes": -2,
  "monopolizing": -2,
  "monotone": -1,
  "mope": -1,
  "moping": -1,
  "Morona": -3,
  "motherfucker": -5,
  "motherfucking": -5,
  "mournful": -2,
  "mua o": -2,
  "muddy": -2,
  "mumpish": -2,
  "murky": -2,
  "n00b": -2,
  "Nā": -2,
  "nā aʻalolo": -1,
  "na hihio": 1,
  "nā kaʻao": -1,
  "nä läʻau": -2,
  "na mea": 1,
  "na olelo hooweliweli e": -2,
  "nā palapala": -2,
  "nā polokalamu": -1,
  "naʻau": -2,
  "naau hoopupule keia": -3,
  "naau kupono": 1,
  "naauao": 1,
  "naʻauao": 2,
  "naaupo": -2,
  "naʻaupō": -2,
  "nahā": -2,
  "nalo": -1,
  "nalowale": -2,
  "nalu": -4,
  "nānaina": -2,
  "nanea": 2,
  "nanea wale": 2,
  "nani": 1,
  "narcissism": -2,
  "nasty": -3,
  "nāuki": -3,
  "nauki o": -3,
  "nawaliwali": -2,
  "negativity": -2,
  "nele": -1,
  "nele au": -2,
  "nema aku": -2,
  "nema aku ana": -2,
  "nervously": -2,
  "News": 1,
  "nifty": 2,
  "niggas": -5,
  "nigger": -5,
  "ninau": -1,
  "ninau aku": -1,
  "nö hoʻi": -2,
  "No ka Pakele": -1,
  "no ka palupalu": 2,
  "no ke komo maluna": -1,
  "no ko ianei manao": 1,
  "noblest": 2,
  "noho": 1,
  "noho ai": -2,
  "noho hauma¯na kahi": 1,
  "noho haumāna kahi": 2,
  "noho lakou malaila": -2,
  "noho nanea": -2,
  "noi mai lakou": -2,
  "nonsense": -2,
  "noob": -2,
  "noonoo": 2,
  "noʻonoʻo": 2,
  "nosy": -2,
  "notorious": -2,
  "nui": -2,
  "nui ia": 2,
  "Nui ka mahalo": 2,
  "nui loa": 1,
  "nui loa ka minamina": -2,
  "nuku": -3,
  "numb": -1,
  "Nyos": -2,
  "o ia kī": -2,
  "O ka lukuia,": -2,
  "o ka wawahi": -2,
  "o keʻano ukiuki": -3,
  "o keia": 2,
  "O Kela Me Keia": -3,
  "o kona makau i": -3,
  "o Laielohelohe": 1,
  "OAXA": -1,
  "obliterate": -2,
  "obliterated": -2,
  "obnoxious": -3,
  "obscene": -2,
  "obscenity": -2,
  "obsolete": -2,
  "obstacles": -2,
  "OE": -1,
  "ʻoe i": 1,
  "offensively": -2,
  "oi": 3,
  "oi aku": 3,
  "ʻoi akula": -2,
  "ʻoi loa": 5,
  "oia maikai": 4,
  "oiaio": 2,
  "oihana": -1,
  "oioi": -5,
  "ʻoki": -1,
  "oks": 2,
  "ola": 2,
  "ola kai": 2,
  "ōlaʻi": -2,
  "ole": 1,
  "ʻole": -2,
  "oleapono ia": -2,
  "ole nae": -2,
  "olelo": -2,
  "olelo ao": -3,
  "olelo hooweliweli": -2,
  "olelo hooweliweli aku": -2,
  "olelo lealea": -1,
  "olelo pomaikai": 1,
  "olioli": 3,
  "ʻoliʻoli": 4,
  "olioli iho la": 4,
  "oluolu": 1,
  "ʻoluʻolu": 3,
  "oluolu loa wau e": 2,
  "ominous": 3,
  "ona": -2,
  "ona aloha": -1,
  "Oni": -2,
  "ono": 3,
  "oo": 3,
  "oʻo": 2,
  "oolea ka": 2,
  "ooo": -5,
  "oopa": -2,
  "optimism": 2,
  "optimistic": 2,
  "optionless": -2,
  "ostracize": -2,
  "ostracized": -2,
  "ostracizes": -2,
  "ou": -1,
  "ouch": -2,
  "oukou": 2,
  "outage": -2,
  "outages": -2,
  "outbreak": -2,
  "outbreaks": -2,
  "outcry": -2,
  "outmaneuvered": -2,
  "outrage": -3,
  "outraged": -3,
  "outrageous": -3,
  "overload": -1,
  "overprotective": -2,
  "overreact": -2,
  "overreacted": -2,
  "overreacting": -2,
  "overreaction": -2,
  "overreacts": -2,
  "oversell": -2,
  "overselling": -2,
  "oversells": -2,
  "oversimplification": -2,
  "oversimplified": -2,
  "oversimplifies": -2,
  "oversimplify": -2,
  "oversold": -2,
  "overstatement": -2,
  "overstatements": -2,
  "overweight": -1,
  "overwrought": -3,
  "oxymoron": -1,
  "paa": 2,
  "paa o": -1,
  "paakiki": -1,
  "paʻakikī": -1,
  "paakiki oe": -2,
  "paena": -2,
  "pāʻewaʻole": 2,
  "paha ka nānaina": -2,
  "pahele": -1,
  "pahuʻa i": -2,
  "paio": -1,
  "paipai": 1,
  "paipai aku": 2,
  "paka": 1,
  "päkahi": -2,
  "pakele": -1,
  "pakikocontradictory": -2,
  "pakikodeluded": -2,
  "pakikopaulele": 2,
  "palaho": -3,
  "palaka": -1,
  "palaoa": -1,
  "palapala": -2,
  "palaualelo": -1,
  "pale": -1,
  "palena": -1,
  "pali": 2,
  "palupalu": 2,
  "palupalu iho": -2,
  "pana": -1,
  "panee": 1,
  "panic": -3,
  "panics": -3,
  "pāʻoihana": 1,
  "pāonioni": -2,
  "paonioni ana": -1,
  "papa": -1,
  "papa aku": -1,
  "pāpā ikaika": -3,
  "papaia": -2,
  "papani iho la i": -1,
  "paradaiso": 3,
  "paradox": -1,
  "parley": -1,
  "passionate": 2,
  "passively": -1,
  "pau": -3,
  "pau,": -1,
  "pauaho": -2,
  "paulele": 2,
  "paulele nui": 1,
  "paumaele": -2,
  "peacefully": 2,
  "pee": -1,
  "pelapela": -2,
  "penalize": -2,
  "penalized": -2,
  "penalizes": -2,
  "penalizing": -2,
  "pensive": -1,
  "pepe": -1,
  "pepehi": -1,
  "pepehi ana": -1,
  "pepehi hoomainoino": -3,
  "pepehi kanaka": -2,
  "Pepehi kanaka": -2,
  "pepehi mai": -3,
  "perjury": -3,
  "perpetrated": -2,
  "perpetrator": -2,
  "perpetrators": -2,
  "pesky": -2,
  "pessimism": -2,
  "pessimistic": -2,
  "petrified": -2,
  "philanthropy": 2,
  "phobic": -2,
  "Phule": -2,
  "pī": -2,
  "picturesque": 2,
  "pihoihoi": 2,
  "pīhoihoi": 3,
  "pihoihoi iho la ia": -2,
  "pīhoihoi ihola ko lākou": -2,
  "pīhoihoi ka": -2,
  "pīhoihoi lākou eʻike": 3,
  "piʻi": -3,
  "piko": 2,
  "pilau": -2,
  "pileup": -1,
  "pili": 2,
  "pili aloha": 3,
  "pilikia": -2,
  "pilikia loa": -2,
  "pilikia o makou": -2,
  "pio": -2,
  "pioloke": -2,
  "pique": -2,
  "pissing": -3,
  "piteous": -2,
  "playful": 2,
  "pleasurable": 3,
  "plodding": -2,
  "poe koa e": 2,
  "poe nele": -2,
  "poe pono ole": -2,
  "poʻeʻenemi": -3,
  "pōʻeleʻele": -1,
  "pōhaku kumu kihi": -2,
  "pohihihi": -2,
  "pohihihi loa": 2,
  "poho": -3,
  "pohō wale": -2,
  "poho,": -2,
  "pohole": -1,
  "poiup": -3,
  "poignant": 2,
  "poina": -1,
  "poino": -2,
  "pōʻino": -2,
  "poino loa": -2,
  "pōʻino nui": -2,
  "pointless": -2,
  "poised": -2,
  "pokoleia imua": -2,
  "pokolesightedness": -2,
  "polite": 2,
  "politeness": 2,
  "pollutant": -2,
  "polluter": -2,
  "polluters": -2,
  "pollutes": -2,
  "pololei": 1,
  "pololi": -2,
  "pomaikai": 3,
  "Pomaikai": 2,
  "pōniuniu wale": -2,
  "pōniuniu wale nō": 4,
  "pono": -2,
  "pono& ucirclana poʻokela": 3,
  "ponogroomed": 2,
  "ponohookupaaia": 2,
  "ponoLike": 2,
  "ponoulu": 2,
  "pono hoohewaia oia": 4,
  "pono ka": 2,
  "pono ka hoʻomōhala": 2,
  "pono kuhikuhi": 3,
  "pono maoli": 2,
  "poʻokela": 5,
  "poorly": -2,
  "popilikia": -2,
  "popilikia hoʻokele waiwai": -2,
  "popopo": -3,
  "Popular": 3,
  "possessive": -2,
  "postpones": -1,
  "pouli": -1,
  "pōuliuli": 2,
  "powa": -2,
  "powerless": -2,
  "prblm": -2,
  "prblms": -2,
  "predatory": -2,
  "proactive": 2,
  "profiteer": -2,
  "propaganda": -2,
  "protesters": -2,
  "pseudoscience": -3,
  "psychopathic": -2,
  "pū": 2,
  "puaʻa": 2,
  "puʻe wale": -1,
  "puha": -1,
  "pūʻiwa": -2,
  "pūʻiwa loa": 3,
  "puka": -3,
  "puke": 2,
  "pule": 1,
  "pūliki": 2,
  "pumehana": 1,
  "punahele": 2,
  "punahele a ka": 2,
  "pūnāwai": -1,
  "punishes": -2,
  "punitive": -2,
  "pupuka": -3,
  "pupule": -2,
  "purposeful": 2,
  "pushy": -1,
  "puu": 1,
  "puʻu huapalaoa": -2,
  "puʻuwai": -1,
  "Puzzle": -2,
  "questionable": -2,
  "racism": -3,
  "racist": -3,
  "racists": -3,
  "rageful": -2,
  "rant": -3,
  "ranter": -3,
  "ranters": -3,
  "rants": -3,
  "rapist": -4,
  "rapture": 2,
  "raptured": 2,
  "raptures": 2,
  "rapturous": 4,
  "reassure": 1,
  "reassured": 1,
  "reassures": 1,
  "reassuring": 2,
  "recession": -2,
  "refreshingly": 2,
  "rejection": -2,
  "relentless": -1,
  "reliably": 2,
  "reliant": 2,
  "relieves": 1,
  "relishing": 2,
  "repellent": -2,
  "repercussion": -2,
  "repercussions": -2,
  "reprimand": -2,
  "reprimanded": -2,
  "reprimanding": -2,
  "reprimands": -2,
  "repulsive": -2,
  "resentful": -2,
  "responsive": 2,
  "restful": 2,
  "restless": -2,
  "restrictive": -1,
  "retard": -2,
  "retarded": -2,
  "revengeful": -2,
  "ridiculous": -3,
  "rig": -1,
  "rightfully": 2,
  "rigorous": 3,
  "rigorously": 3,
  "risky": -2,
  "riveting": 3,
  "robing": -2,
  "robust": 2,
  "rofl": 4,
  "roflcopter": 4,
  "roflmao": 4,
  "romantical": 2,
  "romantically": 2,
  "rotfl": 4,
  "rotflmfao": 4,
  "rotflol": 4,
  "sabotage": -2,
  "salient": 1,
  "sappy": -1,
  "savange": -2,
  "savanges": -2,
  "scam": -2,
  "scams": -2,
  "scandalous": -3,
  "scandals": -3,
  "scars": -2,
  "scold": -2,
  "scoop": 3,
  "scream": -2,
  "screamed": -2,
  "screaming": -2,
  "screams": -2,
  "scum": -3,
  "scumbag": -4,
  "seamlessly": 2,
  "seditious": -2,
  "selfishness": -3,
  "sentencing": -2,
  "serene": 2,
  "sexist": -2,
  "sexistic": -2,
  "shaky": -2,
  "shattered": -2,
  "shit": -4,
  "shithead": -4,
  "shitty": -3,
  "shoody": -2,
  "shortage": -2,
  "shortages": -2,
  "shrew": -4,
  "shy": -1,
  "significance": 1,
  "sincerest": 2,
  "singleminded": -2,
  "sinister": -2,
  "skeptic": -2,
  "skepticism": -2,
  "skeptics": -2,
  "slam": -2,
  "slashes": -2,
  "slashing": -2,
  "sleeplessness": -2,
  "slick": 2,
  "slicker": 2,
  "slickest": 2,
  "sloppy": -2,
  "sluggish": -2,
  "slumping": -1,
  "slut": -5,
  "Smarter": 2,
  "smartest": 2,
  "smuggle": -2,
  "smuggled": -2,
  "smuggles": -2,
  "smuggling": -2,
  "sneaky": -1,
  "sneezes": -2,
  "snub": -2,
  "snubbed": -2,
  "snubbing": -2,
  "snubs": -2,
  "sobering": 1,
  "solidarity": 2,
  "solidified": 2,
  "solidifies": 2,
  "solidify": 2,
  "solidifying": 2,
  "somber": -2,
  "soothe": 3,
  "spammer": -3,
  "spammers": -3,
  "spamming": -2,
  "sparkle": 3,
  "sparkles": 3,
  "sparkling": 3,
  "spearhead": 2,
  "speculative": -2,
  "spiritless": -2,
  "spiteful": -2,
  "sprightly": 2,
  "squander": -2,
  "squandered": -2,
  "squandering": -2,
  "squanders": -2,
  "squelched": -1,
  "stab": -2,
  "stabs": -2,
  "stalling": -2,
  "stampede": -2,
  "starve": -2,
  "starved": -2,
  "starves": -2,
  "starving": -2,
  "stereotype": -2,
  "stereotyped": -2,
  "stifled": -1,
  "stimulate": 1,
  "stimulates": 1,
  "stinked": -2,
  "stinker": -2,
  "stinky": -2,
  "strangely": -1,
  "stress": -1,
  "stressor": -2,
  "stressors": -2,
  "strikers": -2,
  "stupidity": -3,
  "Sua kona": -2,
  "suave": 2,
  "sueing": -2,
  "sufferer": -2,
  "sufferers": -2,
  "suicidal": -2,
  "suicide": -2,
  "suicides": -2,
  "sulking": -2,
  "sullen": -2,
  "Super": 3,
  "sustainably": 2,
  "sweetest": 3,
  "swindle": -3,
  "swindles": -3,
  "swindling": -3,
  "taint": -2,
  "tainted": -2,
  "tālena": 2,
  "tard": -2,
  "tarnish": -2,
  "tarnishes": -2,
  "Temepela": -3,
  "tension": -1,
  "Terkuila": -3,
  "terrific": 4,
  "terrifically": 4,
  "terrorize": -3,
  "terrorized": -3,
  "terrorizes": -3,
  "thrilled": 5,
  "thwarts": -2,
  "timorous": -2,
  "tolerant": 2,
  "toothless": -2,
  "totalitarian": -2,
  "totalitarianism": -2,
  "tout": -2,
  "touted": -2,
  "touting": -2,
  "touts": -2,
  "toxic": -3,
  "tranquil": 2,
  "trapped": -2,
  "trauma": -3,
  "traumatic": -3,
  "travesty": -2,
  "treasonous": -3,
  "tremor": -2,
  "tremors": -2,
  "trickery": -2,
  "troll": -2,
  "twat": -5,
  "tyran": -3,
  "tyrannic": -3,
  "tyrannically": -3,
  "tyrans": -3,
  "ua ao": -1,
  "ua höʻike pü": -2,
  "ua hoʻohoka": -2,
  "Ua Hopu": 3,
  "Ua kupaʻa": 3,
  "ua papa": -1,
  "ua pepehi lao": -3,
  "ua poina": -1,
  "uala i": -2,
  "ubiquitous": 2,
  "ugh": -2,
  "uhai": -1,
  "uhane": 2,
  "uhauha": -2,
  "uhu iho la o": -2,
  "uhu ole": -2,
  "uʻi": 2,
  "ukele o": -2,
  "ukiuki o": -3,
  "uku": 2,
  "ʻula a": -1,
  "ulia": -3,
  "uliuli holoi": -3,
  "uliuli holoi ana": -3,
  "umi wale ia": -2,
  "unacceptable": -2,
  "unappeasable": -2,
  "unappreciated": -2,
  "unapproved": -2,
  "unattractive": -2,
  "unbearable": -2,
  "unbelievable": -1,
  "unclear": -1,
  "unconcerned": -2,
  "unconfirmed": -1,
  "unconvinced": -1,
  "uncredited": -1,
  "undecided": -1,
  "undercooked": -2,
  "underestimate": -1,
  "underestimated": -1,
  "underestimates": -1,
  "underestimating": -1,
  "undermines": -2,
  "underperform": -2,
  "underperformed": -2,
  "underperforming": -2,
  "underperforms": -2,
  "undeserving": -2,
  "undesirable": -2,
  "unemployed": -1,
  "unethical": -2,
  "uneventful": -2,
  "unfitted": -2,
  "unfocused": -2,
  "unforgivable": -3,
  "unforgiving": -2,
  "unfunny": -2,
  "ungenerous": -2,
  "unhealthy": -2,
  "unhygienic": -2,
  "unified": 1,
  "unimaginative": -2,
  "unimpressed": -2,
  "uninspired": -2,
  "unintelligent": -2,
  "unintentional": -2,
  "uninvolving": -2,
  "unlovable": -2,
  "unloved": -2,
  "unmatched": 1,
  "unmotivated": -2,
  "unoriginal": -2,
  "unparliamentary": -2,
  "unpleasantness": -2,
  "unprofessional": -2,
  "unravel": 1,
  "unreleting": -2,
  "unresearched": -2,
  "unsafe": -2,
  "unsatisfied": -2,
  "unsecured": -2,
  "unselfish": 2,
  "unsettled": -1,
  "unsold": -1,
  "unsophisticated": -2,
  "unsound": -2,
  "unstoppable": 2,
  "unsuccessfully": -2,
  "unsupported": -2,
  "untarnished": 2,
  "untrue": -2,
  "uplifting": 2,
  "upsetting": -2,
  "uptight": -2,
  "uuku au": -3,
  "ʻuʻuku iho kona waiwai": -2,
  "uwa": 2,
  "uwe": -2,
  "uwe ana": -2,
  "vague": -2,
  "validates": 1,
  "vapid": -2,
  "verdict": -1,
  "verdicts": -1,
  "vicious": -2,
  "victimization": -3,
  "victimize": -3,
  "victimized": -3,
  "victimizes": -3,
  "victimizing": -3,
  "vindicating": 2,
  "virulent": -2,
  "visioning": 1,
  "vitality": 3,
  "vitamin": 1,
  "vitriolic": -3,
  "vivacious": 3,
  "vividly": 2,
  "vociferous": -1,
  "vulnerability": -2,
  "wa": 2,
  "wā": -2,
  "wahahee": -1,
  "wahi": -1,
  "wahine hookamakama": -4,
  "wahine kāne make": -1,
  "wahine uʻi": 3,
  "wai mimi": -4,
  "waiho": -1,
  "waihoia mai": 2,
  "waimaka": -2,
  "waiu": -3,
  "waiwai": 3,
  "walaʻau": -1,
  "wale": 2,
  "wale no": -2,
  "walkout": -2,
  "walkouts": -2,
  "walohia": 2,
  "wanker": -3,
  "wao akua,": -2,
  "warmhearted": 2,
  "warmness": 2,
  "wawe ko": 2,
  "ways": 1,
  "wealthier": 2,
  "wehe": -3,
  "Wehewehe i nā hāʻina": 1,
  "weird": -2,
  "wela": -2,
  "wela ai": -2,
  "Welina": 2,
  "weliweli": -2,
  "whimsical": 1,
  "whitewash": -3,
  "wikiō": -1,
  "wikiwiki": -2,
  "winwin": 3,
  "withdrawal": -3,
  "wiwo": 2,
  "wiwo ole": 2,
  "wiwoʻole": 2,
  "woebegone": -2,
  "Woo": 3,
  "woohoo": 3,
  "wooo": 4,
  "woow": 4,
  "worrying": -3,
  "worsen": -3,
  "worsened": -3,
  "worsening": -3,
  "worsens": -3,
  "Wow": 4,
  "wowow": 4,
  "wowww": 4,
  "wreck": -2,
  "wrenching": -2,
  "wtf": -4,
  "wtff": -4,
  "wtfff": -4,
  "xo": 3,
  "xoxo": 3,
  "xoxoxo": 4,
  "xoxoxoxo": 4,
  "yeah": 1,
  "yeees": 2,
  "yucky": -2,
  "yummy": 3,
  "Zelote": -2
}