{
  "a bordo": 1,
  "abafou": -1,
  "abandonado": -2,
  "abandonar": -2,
  "abandonos": -2,
  "abatido": -2,
  "abdução": -2,
  "aberración": -2,
  "abomina": -3,
  "abominar": -3,
  "abominou": -3,
  "aborrecedor": -3,
  "aborta": -1,
  "abortado": -1,
  "abraiante": 3,
  "abraiantemente": 3,
  "abrazar": 1,
  "abrazo": 2,
  "abrazos": 2,
  "absentista": -1,
  "absolto": 2,
  "absoltos": 2,
  "absolve": 2,
  "absolvendo": 2,
  "absolver": 2,
  "absorbido": 1,
  "absortos": 1,
  "absurdo": -2,
  "aburrido": -2,
  "abusando": -3,
  "abusivo": -3,
  "abuso": -2,
  "abusos": -3,
  "acadando": 1,
  "acalentando": 2,
  "acalentar": 2,
  "acapara": -2,
  "accesible": 1,
  "accesibles": 2,
  "accidental": -2,
  "accidentalmente": -2,
  "accidente": -2,
  "accidentes": -2,
  "acción": 1,
  "acción xudicial": -2,
  "accións": 1,
  "accións xudiciais": -2,
  "acepta": 1,
  "aceptable": 1,
  "aceptación": 1,
  "aceptando": 1,
  "aceptar": 1,
  "acepto": 1,
  "aclamación": 2,
  "aclamado": 2,
  "aclara": 2,
  "aconchego": 2,
  "aconsellable": 1,
  "acordo": 1,
  "acrimonioso": -3,
  "activo": 2,
  "activos": 2,
  "acurralado": -2,
  "acusa": -2,
  "acusación": -1,
  "acusacións": -2,
  "acusado": -2,
  "acusador": -2,
  "acusar": -2,
  "adía": -1,
  "adiada": -1,
  "admira": 3,
  "admiración": 3,
  "admirado": 3,
  "admirar": 3,
  "admite": -1,
  "admitido": -1,
  "admitir": -1,
  "admoestado": -2,
  "admoestar": -2,
  "adopta": 1,
  "adoptar": 1,
  "adoración": 3,
  "adorado": 3,
  "adorador": 3,
  "adorar": 3,
  "adores": 3,
  "adversario": -1,
  "advertido": -2,
  "advertir": -2,
  "advirte": -2,
  "afabilidade": 2,
  "afable": 2,
  "afección": 3,
  "afeccionados": 2,
  "afectado": -1,
  "afectividade": 3,
  "afectuoso": 2,
  "afectuosos": 3,
  "afiado": 1,
  "aflición": -2,
  "aflitivo": -2,
  "aflito": -1,
  "afobado": -2,
  "afoga": -2,
  "afogado": -2,
  "afogar": -2,
  "aforro": 1,
  "Afortunadamente": 3,
  "afortunado": 3,
  "afrontada": -1,
  "agarda": -1,
  "agardado": -1,
  "Agardando": -1,
  "agoniza": -3,
  "agonizante": -3,
  "agonizar": -3,
  "agradable": 3,
  "agrava": -2,
  "agravado": -2,
  "agravante": -2,
  "agravarse": -2,
  "agresión": -2,
  "agresións": -2,
  "agresividade": -2,
  "agresivo": -1,
  "agudo": 2,
  "ai": -1,
  "alarma": -2,
  "alarmado": -2,
  "alarmista": -2,
  "alarmistas": -2,
  "alcances": 1,
  "alcanzado": 1,
  "alcanzar": 1,
  "alegación": -2,
  "alegacións": -2,
  "alegrar": 4,
  "alegre": 3,
  "alegremente": 3,
  "alegría": 3,
  "Aleluia": 3,
  "alento": 2,
  "alerta": -1,
  "alerxias": -2,
  "aleta": -2,
  "algún tipo": 0,
  "aliado": 2,
  "alienación": -2,
  "aliviado": 2,
  "aliviando": 2,
  "aliviar": 1,
  "alonxamento": -2,
  "altruísta": 2,
  "alucinantes": 3,
  "ama": 3,
  "amado": 3,
  "amarga": -2,
  "amargado": -2,
  "amargamente": -2,
  "amargo": -2,
  "ambicioso": 2,
  "ambivalente": -1,
  "ameaza": -2,
  "ameazado": -2,
  "ameazados": -2,
  "ameazante": 3,
  "ameazar": -2,
  "ameazas": -2,
  "amedrontado": -2,
  "amei": 3,
  "amiga": 1,
  "amizade": 2,
  "amor": 3,
  "amordaçado": -2,
  "amorear": -1,
  "amoroso": 2,
  "amortiguamento": -2,
  "ampliar": 1,
  "amuado": -2,
  "analfabetismo": -2,
  "Angers": -3,
  "angustia": -3,
  "angustiada": -3,
  "angustiado": -2,
  "angustias": -2,
  "anima": 2,
  "animado": 3,
  "animar": 2,
  "ánimo": 2,
  "animosidade": -2,
  "anoxado": -3,
  "ansia": 1,
  "ansiedade": -2,
  "ansioso": 2,
  "antagónico": -2,
  "anti": -1,
  "anticientífico": -2,
  "anticipación": 1,
  "antiético": -2,
  "antiparlamentar": -2,
  "antipatia": -2,
  "antipático": -2,
  "aparafusado": -2,
  "apatía": -3,
  "apático": -3,
  "apaziguado": 2,
  "apeshit": -3,
  "aplaca": 2,
  "aplaude": 2,
  "aplaudido": 2,
  "aplaudindo": 2,
  "aplaudir": 2,
  "aplaudiu": 2,
  "aplauso": 2,
  "apocalíptico": -2,
  "apoia": 2,
  "apoio": 2,
  "aprazamento": -1,
  "apreciado": 2,
  "apreciando": 2,
  "apreciar": 2,
  "apréciase": 2,
  "apreensivo": -2,
  "apregoados": -2,
  "aprehensión": -2,
  "aproba": 2,
  "aprobación": 2,
  "aprobado": 2,
  "apropiadamente": 2,
  "apropiado": 2,
  "aproveitador": -2,
  "apurada": 1,
  "ardente": 2,
  "argumentando": -1,
  "arrastra": -1,
  "arrastre": -1,
  "arrastrou": -1,
  "arrebatador": 4,
  "arrebatados": 2,
  "arrebatamento": 2,
  "arrebatar": 3,
  "arrebitado": -2,
  "arrependimentos": -2,
  "arrepiado": -2,
  "arrepiante": -2,
  "arriba": 2,
  "arriscado": -2,
  "arrogante": -2,
  "arruaceiros": -2,
  "arruinado": -2,
  "arruinando": -2,
  "arsehole": -4,
  "asaltante": -2,
  "asalto": -2,
  "asaltos": -2,
  "asasinado": -3,
  "asasinato": -2,
  "asasinatos": -2,
  "asasino": -2,
  "asediado": -3,
  "asegurando": 1,
  "asentamentos": 1,
  "asfixiante": -2,
  "asneira": -3,
  "asomaba": -1,
  "asombra": 2,
  "asombrada": -2,
  "asombrando": 1,
  "asombrar": -1,
  "asombroso": 3,
  "assediando": -3,
  "assedie": -3,
  "assfucking": -4,
  "assombrações": -1,
  "astuto": 2,
  "asuntos": 1,
  "asustado": -2,
  "ataque": -1,
  "ataque de nervios": -3,
  "ataques": -1,
  "aterroriza": -3,
  "aterrorizado": -3,
  "aterrorizar": -3,
  "aterrorizou": -3,
  "atónito": 2,
  "atormentado": -3,
  "atracción": 2,
  "atraccións": 2,
  "atractivo": 2,
  "atrae": 1,
  "atraendo": 2,
  "atraentemente": 2,
  "atraer": 1,
  "atraído": 1,
  "atrasado": -1,
  "atraso": -1,
  "atrocidade": -3,
  "atroz": -3,
  "aturdido": -2,
  "audaciosamente": 2,
  "audacioso": 3,
  "aumenta": 1,
  "Aumentar": 1,
  "aumentou": 1,
  "aura": 1,
  "ausentes": -1,
  "autoabuso": -2,
  "autocontraditorio": -2,
  "autoilusos": -2,
  "autoconfiante": 2,
  "autoridade": 1,
  "autorizar": 2,
  "avance": 3,
  "avanzado": 1,
  "aventura": 2,
  "aventuras": 2,
  "aventureiro": 2,
  "avergoñado": -2,
  "averts": -1,
  "ávido": 2,
  "aviso": -3,
  "avisos": -3,
  "axeitado": 2,
  "axuda": 2,
  "axudar": 2,
  "backed": 1,
  "backs": 1,
  "bailout": -2,
  "baixo rendemento": -2,
  "Bamboozles": -2,
  "banal": -2,
  "bankster": -3,
  "bárbaro": -2,
  "barras": -2,
  "barreira": -2,
  "barulhento": -1,
  "bastardo": -5,
  "bastardos": -5,
  "batalhando": -2,
  "batalhou": -1,
  "batalla": -1,
  "batallas": -1,
  "batida": -2,
  "beatífico": 3,
  "beleza": 3,
  "belezas": 3,
  "ben defendido": 3,
  "ben desenvolvida": 2,
  "ben enfocada": 2,
  "ben establecido": 2,
  "bendí": 2,
  "bendición": 3,
  "bendicións": 3,
  "bendicir": 2,
  "benefactor": 2,
  "beneficiado": 2,
  "beneficiando": 2,
  "beneficio": 2,
  "beneficios": 2,
  "benestar": 2,
  "benevolencia": 3,
  "benevolente": 3,
  "benfeitores": 2,
  "benvida": 2,
  "Benvido": 2,
  "bereaves": -2,
  "bereaving": -2,
  "berro": -1,
  "berros": -2,
  "berrou": -2,
  "Best Damn": 4,
  "bico": 2,
  "bizarro": -2,
  "blah": -2,
  "bloque": -1,
  "bloqueado": -1,
  "bloqueando": -1,
  "bloquear": -2,
  "bloqueo": -2,
  "bloques": -1,
  "bo": 3,
  "bo para carallo": 4,
  "boa vontade": 3,
  "BOBINA": -2,
  "boicot": -2,
  "boicoteando": -2,
  "boicotearon": -2,
  "boicots": -2,
  "bomba": -1,
  "bondade": 3,
  "bonitinho": 3,
  "bonito": 3,
  "borracho": -2,
  "borrada": -2,
  "borrão": -2,
  "Bos días": 1,
  "branco": -1,
  "bravo": 2,
  "bravura": 3,
  "brillante": 4,
  "brillar": 3,
  "brilliances": 3,
  "brillo": 3,
  "brillos": 3,
  "brincallón": 2,
  "broma": 2,
  "bromas": 2,
  "brote": -2,
  "brotes": -2,
  "brutal": -3,
  "brutalmente": -3,
  "bruto": -1,
  "buque almirante": 2,
  "burla": -3,
  "burro": -4,
  "caber": 1,
  "cabisbaixo": -2,
  "cadáver": -1,
  "cadela": -5,
  "caduco": -1,
  "caer": -1,
  "caeu": -1,
  "cágado": -3,
  "cãibra": -1,
  "caída": -1,
  "caído": -2,
  "cal": -3,
  "calidade": 2,
  "calidades": 2,
  "calma": 2,
  "calmada": 3,
  "calmado": 2,
  "calmante": 3,
  "calmar": 3,
  "calmarias": 2,
  "calor": 2,
  "calumniado": -2,
  "cambiando xogo": 3,
  "campión": 2,
  "campións": 2,
  "cancela": -1,
  "cancelado": -1,
  "cancelando": -1,
  "cancelar": -1,
  "cancro": -1,
  "cansazo": -3,
  "canso": -2,
  "cantarolar": -2,
  "caos": -2,
  "caótico": -2,
  "capacidade": 2,
  "capacidades": 1,
  "capaz": 1,
  "caprichoso": 1,
  "carallo": 4,
  "carefulness": 2,
  "cargas": -2,
  "caricatura": -2,
  "Caride": 2,
  "cariño": 2,
  "carisma": 2,
  "caro": 3,
  "carrancudo": -1,
  "castiga": -2,
  "castigado": -2,
  "castigar": -2,
  "castigou": -3,
  "catástrofe": -3,
  "catastrófico": -4,
  "cativado": 3,
  "cativante": 3,
  "cauteloso": -1,
  "cava": 3,
  "cego": -1,
  "celebración": 3,
  "celebracións": 3,
  "celebrando": 3,
  "celebrar": 3,
  "célebre": 3,
  "celestial": 4,
  "celos": -2,
  "celoso": 2,
  "censor": -2,
  "censores": -2,
  "censurado": -2,
  "ceo": 2,
  "certo": 2,
  "chagrined": -2,
  "chantageado": -3,
  "chantageando": -3,
  "chantaxe": -3,
  "chantaxes": -3,
  "charmless": -3,
  "chastises": -3,
  "chat": -2,
  "cheaters": -3,
  "chided": -3,
  "chides": -3,
  "Chilling": -1,
  "chique": 2,
  "chivo expiatorio": -2,
  "chivos expiatorios": -2,
  "chocado": -2,
  "chocante": -2,
  "chocar": -1,
  "choque": -2,
  "chorar": -2,
  "choro": -2,
  "chorou": -2,
  "chuvioso": -1,
  "cicatrices": -2,
  "cicatriz": -2,
  "cínico": -2,
  "cinismo": -2,
  "citación": -2,
  "clamor": -2,
  "claramente": 1,
  "claridade": 2,
  "claro": 1,
  "clasificar erroneamente": -2,
  "Classy": 3,
  "Clemente": 1,
  "cobiza": -3,
  "cobra": -3,
  "cocksucker": -5,
  "cocksuckers": -5,
  "coerción": -2,
  "coidado": 2,
  "coidados": 2,
  "coidadosamente": 2,
  "coidadoso": 2,
  "coiros": -1,
  "cola": -3,
  "colapso": -2,
  "colapsos": -2,
  "colapsou": -2,
  "colas": -3,
  "colérico": -3,
  "colide": -1,
  "colidindo": -1,
  "colisión": -2,
  "colisións": -2,
  "combate": -1,
  "combates": -1,
  "combinado": 1,
  "comedia": 1,
  "cometer": 1,
  "cometido": 1,
  "cómico": 2,
  "comisión": -3,
  "como": 2,
  "comodidades": 2,
  "cómodo": 2,
  "compaixón": 2,
  "compartido": 1,
  "compasivo": 2,
  "compelido": 1,
  "competencias": 1,
  "competente": 2,
  "competitivo": 2,
  "complacente": -2,
  "complementados": 2,
  "complicando": -2,
  "comportado mal": -2,
  "comportamentos abusivos": -2,
  "comprensivo": 2,
  "comprometéndose": 1,
  "comprométese": 1,
  "compromiso": 2,
  "con saudades de casa": -2,
  "con seguridade": 2,
  "Cona": -5,
  "conceder": 1,
  "concedida": 1,
  "concesión": 1,
  "concilia": 2,
  "conciliados": 2,
  "conciliando": 2,
  "conciliar": 2,
  "concorda": 1,
  "condena": -2,
  "condenado": -2,
  "condenar": -2,
  "condizente": 2,
  "confiada": 2,
  "confiado": 2,
  "confianza": 2,
  "conflitiva": -2,
  "conflito": -2,
  "conflitos": -2,
  "confort": 2,
  "confundir": -2,
  "confusión": -2,
  "confuso": -2,
  "congrats": 2,
  "congratulase": 2,
  "congratulación": 2,
  "conmemora": 3,
  "consentimento": 2,
  "consentimentos": 2,
  "consolável": 2,
  "conspiración": -3,
  "conspirando": -3,
  "consternado": -2,
  "constrangido": -2,
  "contagions": -2,
  "contamina": -2,
  "contaminación": -2,
  "contaminacións": -2,
  "contaminado": -2,
  "contaminando": -2,
  "contaminante": -2,
  "contaminantes": -2,
  "contaminar": -2,
  "contaxio": -2,
  "contaxioso": -1,
  "contedor": -1,
  "contencioso": -2,
  "contender": -1,
  "contestando": -2,
  "contestável": -2,
  "contrabandea": -2,
  "contrabandeado": -2,
  "contrabandear": -2,
  "contrabando": -2,
  "contraditorio": -2,
  "controversia": -2,
  "controversias": -2,
  "controvertida": -2,
  "controvertido": -2,
  "convence": 1,
  "convencer": 1,
  "convencido": 1,
  "convir": 2,
  "coraxe": 2,
  "coraxosamente": 2,
  "corazón pesado": -2,
  "correctamente": 3,
  "Correo non desexado": -2,
  "corrompe": -3,
  "corrupción": -3,
  "corrupto": -3,
  "corruptora": -3,
  "cortados": -2,
  "cortar": -2,
  "corte": -1,
  "cortejar": 3,
  "cortes": -1,
  "cortés": 2,
  "cortesía": 2,
  "courageousness": 2,
  "cousa que cheira mal": -2,
  "cousas legais": 3,
  "covarde": -2,
  "coxo": -2,
  "crazier": -2,
  "creador": 2,
  "crecemento": 2,
  "crecementos": 2,
  "crecente": 1,
  "credulidade": -2,
  "crédulo": -2,
  "crime": -3,
  "crimes": -3,
  "criminais": -3,
  "criminated": -3,
  "criminates": -3,
  "crise": -3,
  "critica": -2,
  "crítica": -2,
  "criticada": -2,
  "criticar": -2,
  "crítico": -2,
  "críticos": -2,
  "crowding": -1,
  "cruel": -3,
  "crueldade": -3,
  "cuestionable": -2,
  "cuestionou": -1,
  "culpa": -2,
  "culpable": -3,
  "culpando": -2,
  "culpou": -2,
  "cumes": 2,
  "cumprido": 2,
  "cumprimento": 2,
  "cumprir": 2,
  "cuncha": 3,
  "curioso": 2,
  "custosa": -2,
  "dádiva": 4,
  "dano": -2,
  "danos": -3,
  "de baixa calidade": -3,
  "de infarto": -2,
  "debandada": -2,
  "débeda": -2,
  "débil": -2,
  "debilidade": -2,
  "debilidades": -2,
  "debilitado": -2,
  "decepción": -2,
  "decepciona": -2,
  "decepcionado": -2,
  "decepcionante": -2,
  "decepcionar": -2,
  "decepcións": -2,
  "decisivo": 1,
  "dedicación": 2,
  "dedicada": 3,
  "dedicado": 2,
  "defasada": -2,
  "defasagens": -2,
  "defecto": -3,
  "defectos": -3,
  "defectuosa": -3,
  "defendida": 2,
  "defensor": 2,
  "defensores": 2,
  "deferimento": -1,
  "deficiencias": -2,
  "deficiente": -2,
  "déficit": -2,
  "deformado": -2,
  "deformar": -2,
  "deformidade": -2,
  "deformidades": -2,
  "defrauda": -3,
  "defraudador": -4,
  "defraudadores": -4,
  "defraudar": -3,
  "defunto": -2,
  "degrada": -2,
  "degradante": -2,
  "degradar": -2,
  "deixar": -1,
  "dejecting": -2,
  "deleitável": 3,
  "delicado": 3,
  "delicia": 3,
  "delicias": 3,
  "deliciosamente": 3,
  "delicioso": 3,
  "demanda": -1,
  "demandas": -1,
  "demencia": -2,
  "demostración": -1,
  "denegacións": -2,
  "denier": -2,
  "denigrar": -2,
  "dente": -2,
  "denuncia": -2,
  "denunciar": -2,
  "deplora": -3,
  "deplorando": -3,
  "deplorar": -3,
  "deplorou": -3,
  "deporta": -2,
  "deportación": -2,
  "deportacións": -2,
  "deportado": -2,
  "deportando": -2,
  "deportar": -2,
  "depreciar": -1,
  "deprecie": -2,
  "deprimente": -2,
  "deprimido": -2,
  "deprimir": -2,
  "derides": -2,
  "Deriding": -2,
  "derrota": -2,
  "derrotado": -2,
  "desacordo": -2,
  "desacreditado": -2,
  "desafío": -1,
  "desagradable": -2,
  "desaloxo": -1,
  "desamparado": -2,
  "desanimado": -3,
  "desaparece": -1,
  "desaparecer": -1,
  "desaparecido": -1,
  "desaprobación": -2,
  "desaprovar": -2,
  "desaprueba": -2,
  "desarticulado": -2,
  "desastre": -2,
  "desastres": -2,
  "desastroso": -3,
  "descarrila": -2,
  "descarrilhar": -2,
  "descarrilou": -2,
  "descartado": -1,
  "descartar": -1,
  "descoidando": -2,
  "descolados": 2,
  "desconfiado": -2,
  "desconfianza": -3,
  "desconsideración": -2,
  "desconsiderados": -2,
  "desconsiderando": -2,
  "desconsolado": -2,
  "desconsolo": -2,
  "descontado": -1,
  "descontento": -2,
  "descrente": -1,
  "descrer": -2,
  "descualificado": -2,
  "desculpando": -1,
  "Desculpe": -1,
  "desculpou": -1,
  "desdén": -2,
  "desdeñoso": -2,
  "desdentado": -2,
  "desemaranhar": 1,
  "desempregado": -1,
  "desemprego": -2,
  "desencorajado": -2,
  "desenvolto": 2,
  "desesperación": -2,
  "desesperada": -3,
  "desesperadamente": -3,
  "desesperado": -3,
  "desesperos": -3,
  "desexable": 2,
  "desexado": 2,
  "desexando": 1,
  "desexar": 1,
  "desexo": 1,
  "desexos": 1,
  "desexoso": 2,
  "desfalque": -3,
  "desfavorable": -2,
  "desfavorecidos": -2,
  "desfocado": -2,
  "desfrute": 3,
  "desgostoso": -3,
  "desgraza": -2,
  "desgusto": -2,
  "desgustos": -2,
  "deshonesto": -2,
  "desigual": -1,
  "desiludidos": -2,
  "desleixado": -2,
  "deslice": -1,
  "desmoralizá": -2,
  "desmoralizada": -2,
  "desmoralizante": -2,
  "desmoralizar": -2,
  "desmotivada": -2,
  "desmotivado": -2,
  "desolado": -2,
  "desolador": -3,
  "desonrado": -2,
  "desorde": -2,
  "desorganizado": -2,
  "desorientado": -2,
  "despectivo": -2,
  "despedido": -2,
  "desperdiçada": -2,
  "desperdiçado": -2,
  "desperdiçar": -2,
  "desperdicio": -1,
  "despertado": -2,
  "despexado": -2,
  "despreocupado": 1,
  "desprezable": -2,
  "desprezo": -2,
  "desproporcionado": -2,
  "desregulación": -2,
  "desrespeitado": -2,
  "desrespeito": -2,
  "destacada": 5,
  "destacado": 2,
  "destacar": 2,
  "destacou": -2,
  "destemido": 2,
  "destemor": 2,
  "destrución": -2,
  "destrúe": -3,
  "destruído": -2,
  "destruír": -3,
  "destrutivo": -3,
  "destrutor": -3,
  "desumaniza": -2,
  "desumanizado": -2,
  "desumanizante": -2,
  "desumanizar": -2,
  "desvantaxe": -2,
  "desviado": -1,
  "detención": -2,
  "deter": -2,
  "deteriorado": -2,
  "deteriorando": -2,
  "deteriorar": -2,
  "determinado": 2,
  "detestaba": -3,
  "detestable": -3,
  "detestar": -3,
  "detido": -2,
  "deturpación": -2,
  "deturpações": -2,
  "deturpando": -2,
  "deus": 1,
  "devastación": -2,
  "devastacións": -2,
  "devastado": -2,
  "devastador": -2,
  "devastar": -2,
  "devoción": 2,
  "devolucións": -1,
  "devoto": 2,
  "diamante": 1,
  "dianteiro": -1,
  "dickhead": -4,
  "diferir": -1,
  "difícil": -1,
  "dificultade": -2,
  "dignidade": 2,
  "digno": 2,
  "dilapidación": -2,
  "dilema": -1,
  "dilligence": 2,
  "dipshit": -3,
  "dirección correcta": 3,
  "discapacidade": -2,
  "discernimento": 2,
  "discordia": -2,
  "discrimina": -2,
  "discriminador": -2,
  "discriminados": -2,
  "discriminar": -2,
  "discriminatoria": -2,
  "discurso retórico": -3,
  "disfrace": -1,
  "disfraces": -1,
  "disfrazado": -1,
  "disfrazar": -1,
  "disfunción": -2,
  "disputa": -2,
  "disputado": -2,
  "disputas": -2,
  "disruptivo": -2,
  "dissabor": -2,
  "distinto": 2,
  "distorsiona": -2,
  "distorsionada": -2,
  "distorsionar": -2,
  "distracción": -2,
  "distrae": -2,
  "distraer": -2,
  "distraído": -2,
  "disturbios": -2,
  "diversión": 4,
  "divertido": 4,
  "divertimentos": 3,
  "divertirse": 3,
  "doa": 2,
  "doando": 2,
  "doar": 2,
  "doazón": 2,
  "doce": 2,
  "doe": -2,
  "doendo": -2,
  "doentio": -2,
  "doenza": -2,
  "Dolores": -2,
  "dolorosamente": -1,
  "doou": 2,
  "dor": -2,
  "dor de cabeza": -2,
  "dorida": -1,
  "doutrina": -2,
  "doutrinados": -2,
  "Downer": -2,
  "downhearted": -2,
  "drenado": -2,
  "dúbida": -1,
  "dubidar": -2,
  "dúbidas": -1,
  "dubidoso": -1,
  "dubidou": -1,
  "ducha": -3,
  "dumps": -1,
  "dupery": -2,
  "duradeiro": 2,
  "duro": -2,
  "educado": 2,
  "efecto secundario": -2,
  "efectos secundarios": -2,
  "eficacia": 2,
  "eficaz": 2,
  "eficazmente": 2,
  "egoísmo": -3,
  "egoísta": -3,
  "elação": 3,
  "elegante": 2,
  "elegantemente": 2,
  "eliminar": -1,
  "eloxiado": 2,
  "eloxio": 2,
  "eloxiou": 3,
  "embaraça": -2,
  "embaraçar": -2,
  "embaraço": -2,
  "embaraçoso": -2,
  "embelecer": 3,
  "embuste": -2,
  "emerxencia": -2,
  "emocionante": 3,
  "emotivo": 3,
  "empática": 2,
  "empeora": -3,
  "empeorar": -3,
  "empeorou": -3,
  "empoderamento": 2,
  "empolgante": 5,
  "emprendedor": 1,
  "en liña recta": 1,
  "en pánico": -3,
  "encantado": 3,
  "encantador": 3,
  "encantadoramente": 3,
  "encanto": 3,
  "encendido": -2,
  "Enchanted": 2,
  "encobrir": -3,
  "encorajante": 2,
  "encoraxados": 2,
  "endosar": 2,
  "endoso": 2,
  "enérxico": 2,
  "enfadonho": -2,
  "enfermidade": -1,
  "enfermidades": -1,
  "enfermo": -2,
  "enfocado": 2,
  "enfraquecido": -2,
  "enfurece": -2,
  "enfurecer": -2,
  "enfurecido": -3,
  "enfurecidos": -2,
  "enfureció": -2,
  "engadidos aos favoritos": 2,
  "engana": -3,
  "enganado": -2,
  "enganando": -3,
  "enganar": -2,
  "enganoso": -3,
  "engasgou": -2,
  "engata": 1,
  "enlameado": -2,
  "enlightens": 2,
  "enlouquecedora": -3,
  "enlutado": -2,
  "enorme": 1,
  "Enragés": -2,
  "enraging": -2,
  "ensurdecedor": -1,
  "entender mal": -2,
  "enterro": -1,
  "entorpecido": -1,
  "entrada": -2,
  "entristecer": -2,
  "entristecido": -2,
  "entristecidos": -2,
  "entusiasta": 3,
  "envelenado": -2,
  "envexa": -1,
  "envexas": -1,
  "envexoso": -2,
  "equilibrado": 1,
  "equipamento": -1,
  "equivocando": -2,
  "erradamente": -2,
  "erro": -2,
  "erróneo": -2,
  "erros": -2,
  "erupción": -2,
  "esaxera": -2,
  "esaxeración": -2,
  "esaxerado": -2,
  "esaxerando": -2,
  "esaxerar": -2,
  "escándalo": -3,
  "escándalos": -3,
  "escandaloso": -3,
  "escapando": -1,
  "escapes": -1,
  "escarnecido": -2,
  "escarnio": -2,
  "escaseza": -2,
  "escepticismo": -2,
  "escéptico": -2,
  "escépticos": -2,
  "esclarecedor": 2,
  "escollido a dedo": 1,
  "esconderon": -1,
  "escravitude": -3,
  "escraviza": -2,
  "escravizados": -2,
  "escravizar": -2,
  "escravo": -3,
  "escravos": -3,
  "escumalha": -3,
  "escuridade": -1,
  "escuro": -1,
  "esfaqueado": -2,
  "esgotado": -2,
  "esixente": -1,
  "esmaga": -1,
  "esmagado": -2,
  "esmagador": -1,
  "esmagamento": -1,
  "esnobado": -2,
  "espazos": 1,
  "especulativo": -2,
  "esperando": 2,
  "esperanza": 2,
  "esperanzas": 2,
  "espertalhão": -2,
  "espiñoso": -2,
  "espírito": 1,
  "Espirrar": -2,
  "espirros": -2,
  "espirrou": -2,
  "espléndido": 3,
  "espreita": -1,
  "espreitar": -1,
  "Esqueceches": -1,
  "esquecer": -1,
  "esquecido": -1,
  "esquecível": -1,
  "estable": 2,
  "estagnou": -2,
  "estático": 4,
  "estender": 1,
  "esténdese a": 1,
  "estereotipado": -2,
  "estereotipo": -2,
  "estiloso": 2,
  "estima": 2,
  "estimado": 2,
  "estimula": 1,
  "estimulado": 1,
  "estimulando": 2,
  "estimular": 1,
  "estola": -2,
  "estragado": -2,
  "estrañamente": -1,
  "estrangulada": -2,
  "estrangulamento": -2,
  "estraño": -1,
  "estrés": -1,
  "estressor": -2,
  "estressores": -2,
  "estupefacto": 3,
  "estupidamente": -2,
  "estupidez": -3,
  "estúpido": -2,
  "estuprado": -4,
  "ético": 2,
  "euforia": 3,
  "eufórico": 4,
  "evacúa": -1,
  "evacuación": -1,
  "evacuado": -1,
  "evacuando": -1,
  "evacuar": -1,
  "evergreens": 2,
  "evita": -1,
  "evitar": -1,
  "Evitarase": -1,
  "exacerba": -2,
  "exacerbada": -2,
  "exacerbando": -2,
  "exacerbar": -2,
  "exagerei": -2,
  "Exasparate": -2,
  "exaspera": -2,
  "exasperado": -2,
  "exasperador": -2,
  "excelencia": 3,
  "excelente": 3,
  "excitación": 3,
  "excitados": 5,
  "excitar": 3,
  "excluídos": -2,
  "exclusión": -1,
  "exclusivo": 2,
  "exento": -1,
  "exhausto": -3,
  "exhilarates": 3,
  "éxito": 3,
  "exitoso": 3,
  "exonera": 2,
  "exonerado": 2,
  "exonerando": 2,
  "exonerar": 2,
  "expande": 1,
  "expele": -2,
  "expelindo": -2,
  "expelir": -2,
  "exploits": -2,
  "explotación": 1,
  "explotacións": 1,
  "explotados": -2,
  "explotando": -2,
  "explotar": -2,
  "expón": -1,
  "expoñendo": -1,
  "expoñer": -1,
  "exposto": -1,
  "expulsado": -2,
  "exquisito": 3,
  "éxtase": 2,
  "extraviado": -2,
  "extravie": -2,
  "extravío": -2,
  "extremista": -2,
  "extremistas": -2,
  "exuberante": 4,
  "exultante": 3,
  "fabulosas": 4,
  "fabuloso": 4,
  "facada": -2,
  "facer trampa": -3,
  "fácil": 1,
  "facilidade": 2,
  "fainthearted": -2,
  "faísca": 1,
  "falido": -3,
  "falla": -2,
  "fallo": -2,
  "fallo na ignición": -2,
  "fallos": -2,
  "falsamente": -2,
  "falsificación": -3,
  "falsificacións": -3,
  "falsificador": -3,
  "falsificados": -3,
  "falsificar": -3,
  "falso": -1,
  "falta": -2,
  "fama": 1,
  "fame": -2,
  "famoso": 2,
  "fanático": -2,
  "fanfarrão": -2,
  "fantástico": 4,
  "fardo": -2,
  "farsa": -1,
  "farto": -3,
  "fascina": 3,
  "fascinación": 3,
  "fascinado": 3,
  "fascinante": 3,
  "fascinar": 3,
  "fascista": -2,
  "fascistas": -2,
  "fatalidade": -3,
  "fatalidades": -3,
  "fatiga": -2,
  "fatigado": -2,
  "fatigante": -2,
  "fatigas": -2,
  "fautor": -2,
  "favorable": 2,
  "favorable ao medio ambiente": 2,
  "favorablemente": 2,
  "favorecer": 2,
  "favorecido": 2,
  "favores": 2,
  "favorito": 2,
  "favoritos": 2,
  "fe": 1,
  "feble": -2,
  "febre": -2,
  "fede": -2,
  "fedia": -2,
  "fedido": -2,
  "fedor": -2,
  "fedorento": -2,
  "feira": 2,
  "feito": -1,
  "feiúra": -3,
  "felicidade": 3,
  "feliz": 3,
  "felonía": -3,
  "felonies": -3,
  "feo": -3,
  "ferida": -2,
  "ferido": -2,
  "fermoso": 3,
  "fértil": 2,
  "fervendo": 2,
  "festivo": 2,
  "fiable": 2,
  "fiasco": -2,
  "fiel": 3,
  "filantropia": 2,
  "fillo de puta": -4,
  "filtración": -1,
  "filtrou": -1,
  "fino": 2,
  "finxe": -1,
  "finxindo": -1,
  "finxir": -1,
  "firme": 2,
  "fiscalización": -1,
  "fitness": 1,
  "fixo lobby": -2,
  "flotante": 2,
  "fóbica": -2,
  "foda": -3,
  "foder": -4,
  "fodido": -4,
  "folga": -1,
  "folga de traballadores": -2,
  "folgas": -1,
  "folguistas": -2,
  "folla": -2,
  "fomentar": 2,
  "Foreclosure": -2,
  "Foreclosures": -2,
  "formidable": 4,
  "fortalece": 2,
  "fortalecemento": 2,
  "fortalecer": 2,
  "fortalecido": 2,
  "fortalezas": 2,
  "forte": 2,
  "fortuna": 2,
  "forza": 2,
  "forzado": -1,
  "foxe": -1,
  "fracasado": -2,
  "frases": -2,
  "fraude": -1,
  "fraudulência": -4,
  "fraudulento": -4,
  "frenesi": -3,
  "frenético": -1,
  "fresca": 1,
  "frikin": -2,
  "fronte": 1,
  "frustra": -2,
  "frustración": -2,
  "frustrado": -2,
  "frustrados": -2,
  "frustrante": -2,
  "frustrar": -2,
  "FTW": 3,
  "Fuckers": -4,
  "fuckface": -4,
  "fuckhead": -4,
  "fucktard": -4,
  "FUD": -3,
  "fuga": -1,
  "fuked": -4,
  "fuking": -4,
  "fulfills": 2,
  "fumegante": -2,
  "fúnebre": -2,
  "funerais": -1,
  "furioso": -3,
  "fútil": -2,
  "galantemente": 3,
  "galiza": 2,
  "galo": -5,
  "gañador": 4,
  "gañadores": 3,
  "ganancia": 2,
  "ganancioso": -2,
  "gañando": 2,
  "gañar": 4,
  "gañou": 2,
  "garantía": 1,
  "garantir": 2,
  "gardar": 2,
  "genial": 3,
  "gloria": 3,
  "glorioso": 2,
  "golpeado": -1,
  "goofiness": -2,
  "gostoso": 3,
  "goza": 2,
  "gozar": 2,
  "gr8": 3,
  "gracioso": 3,
  "gran": 3,
  "grata": 3,
  "gratificación": 2,
  "grave": -2,
  "graza": 1,
  "grazas": 2,
  "greenwash": -3,
  "greenwasher": -3,
  "greenwashers": -3,
  "greenwashing": -3,
  "gripe": -2,
  "gris": -1,
  "gritando": -2,
  "gritar": -2,
  "guapo": 3,
  "guerra": -2,
  "gusto": 2,
  "gustos": 2,
  "gustoulle": 2,
  "ha": 2,
  "hábil": 2,
  "habilidades": 2,
  "habilmente": 2,
  "hackear": -1,
  "haha": 3,
  "hahaha": 3,
  "hahahah": 3,
  "hardier": 2,
  "harming": -2,
  "harmonía": 2,
  "harmoniosamente": 2,
  "harmonioso": 2,
  "Harms": -2,
  "harried": -2,
  "hehe": 2,
  "heroe": 2,
  "heroes": 2,
  "heroico": 3,
  "hesitantes": -2,
  "Hilario": 2,
  "hipnotizante": 3,
  "hipócrita": -2,
  "histeria": -3,
  "histérico": -3,
  "homenaxe": 2,
  "homicidio": -2,
  "homicidio involuntario": -3,
  "homicidios": -2,
  "honesto": 2,
  "honra": 2,
  "honrado": 2,
  "hooliganismo": -2,
  "horrendo": -3,
  "horrible": -3,
  "hospitalizado": -2,
  "hostil": -2,
  "humano": 2,
  "humerous": 3,
  "humilde": 1,
  "humillación": -3,
  "humillado": -3,
  "humor": 2,
  "Hurra": 5,
  "icky": -3,
  "idiota": -3,
  "idiotia": -3,
  "ignora": -1,
  "ignorados": -2,
  "ignorancia": -2,
  "ignorante": -2,
  "ignorar": -1,
  "ilegal": -2,
  "ilegalmente": -3,
  "ilexítimo": -3,
  "illado": -1,
  "ilóxico": -2,
  "iluminar": 2,
  "ilustrado": 2,
  "imaxinativo": 2,
  "imbécil": -3,
  "impaciente": -2,
  "impar": -2,
  "imparable": 2,
  "imparcial": 2,
  "impasse": -2,
  "impeachments": -3,
  "impedido": -1,
  "impedimento": -2,
  "impedingly": -2,
  "impedir": -2,
  "imperdonable": -3,
  "imperfecto": -2,
  "impide": -2,
  "implacable": -1,
  "implican": 1,
  "impón": -1,
  "impoñente": -1,
  "impor": -1,
  "importancia": 2,
  "importante": 2,
  "imposta": -1,
  "impostor": -2,
  "impotente": -2,
  "impresiona": 3,
  "impresionado": 3,
  "impresionante": 4,
  "impresionar": 3,
  "improbable": -1,
  "impropiamente": -2,
  "impropio": -2,
  "imprudente": -2,
  "impugnación": -3,
  "impulsar": 1,
  "impulso": 1,
  "impulsou": 1,
  "imputado": -1,
  "imundo": -2,
  "inacción": -2,
  "inaceptable": -2,
  "inadecuado": -2,
  "inadvertidamente": -2,
  "incapacidade": -2,
  "incapacidades": -2,
  "incapacitado": -2,
  "incapacitante": -1,
  "incapaz": -2,
  "incensado": -2,
  "incensing": -2,
  "incenso": -2,
  "incensos": -2,
  "incerto": -1,
  "inchado": -1,
  "inclinado": -2,
  "incoherente": -2,
  "incomoda": -2,
  "incómoda": -2,
  "incomodar": -2,
  "incomparable": 1,
  "incompetencia": -2,
  "incompetente": -2,
  "incompleto": -1,
  "incomprendido": -2,
  "incomprensible": -2,
  "inconsciente": -2,
  "inconsolável": -3,
  "inconveniente": -2,
  "incrible": -1,
  "incriminar": -3,
  "indeciso": -1,
  "indesculpável": -3,
  "indesexable": -2,
  "indestrutível": 2,
  "indiferente": -2,
  "indiferenza": -2,
  "indignación": -2,
  "indignado": -2,
  "indigno": -2,
  "inducir a erro": -3,
  "indulxente": 1,
  "inediable": -2,
  "ineficaz": -2,
  "ineficiencia": -2,
  "ineficiente": -2,
  "ineficientemente": -2,
  "ineptidão": -2,
  "inepto": -2,
  "inestable": -2,
  "inexorábel": -3,
  "infantil": -2,
  "infantilizado": -2,
  "infección": -2,
  "infeccións": -2,
  "infeccioso": -2,
  "infecta": -2,
  "infectado": -2,
  "infectando": -2,
  "infectar": -2,
  "infelicidade": -2,
  "infeliz": -2,
  "inferior": -2,
  "infernal": -2,
  "inferno": -4,
  "Infesta": -2,
  "infestado": -2,
  "infestando": -2,
  "infestar": -2,
  "inflamado": -2,
  "inflixe": -2,
  "inflixido": -2,
  "inflixir": -2,
  "influente": 2,
  "información errónea": -2,
  "infract": -2,
  "infracts": -2,
  "infratoras": -2,
  "infrinxa": -2,
  "infrutuoso": -2,
  "ingrato": -3,
  "inhibición": -1,
  "inhumano": -2,
  "inigualable": 2,
  "inimigo": -2,
  "inimigos": -2,
  "injustiçado": -2,
  "inmaculado": 2,
  "inminente": -1,
  "inmiscido": -2,
  "inmobilizado": -1,
  "inmortal": 2,
  "inmundicia": -2,
  "inmune": 1,
  "innova": 1,
  "innovación": 1,
  "innovador": 2,
  "innovar": 1,
  "inoperante": -2,
  "inquedanza": 2,
  "inquedo": -2,
  "inquisición": -2,
  "inquisitivo": 2,
  "insaciable": -2,
  "insalubre": -2,
  "insano": -2,
  "insatisfeito": -2,
  "inseguro": -1,
  "insensibilidade": -2,
  "insensible": -2,
  "insignificante": -2,
  "insípido": -2,
  "insolvente": -2,
  "insomnio": -2,
  "insoportable": -2,
  "inspira": 2,
  "inspiración": 2,
  "inspirado": 3,
  "insuficiencia": -2,
  "insuficiente": -2,
  "insuficientemente": -2,
  "insultado": -2,
  "insultante": -2,
  "insulto": -2,
  "insultos": -2,
  "intacto": 2,
  "integridade": 2,
  "intelixencia": 2,
  "intelixente": 2,
  "intencional": 2,
  "intenso": 1,
  "interesado": 2,
  "interesante": 2,
  "interese": 1,
  "intereses": 1,
  "interpretar mal": -1,
  "interrogados": -2,
  "interrogatorio": -1,
  "interrompendo": -2,
  "interromper": -2,
  "interrompeu": -2,
  "interrompidas": -2,
  "interrupción": -2,
  "interrupcións": -2,
  "intimida": -2,
  "intimidación": -2,
  "intimidade": 2,
  "intimidado": -2,
  "intimidados": -2,
  "intimidante": -2,
  "intimidar": -2,
  "intransixencia": -2,
  "intricado": 2,
  "intrigas": 1,
  "inútil": -2,
  "inutilidade": -2,
  "invasión": -1,
  "invencible": 2,
  "investido": 1,
  "invitado": 1,
  "invitar": 1,
  "invulnerable": 2,
  "inxenuo": -2,
  "inxustamente": -2,
  "inxustiza": -2,
  "inxusto": -2,
  "Iron": -1,
  "ironía": -1,
  "irracional": -1,
  "irrefletido": -2,
  "irreparable": -2,
  "irreproduzíveis": -2,
  "irresistíbel": 2,
  "irresistibelmente": 2,
  "irresoluto": -2,
  "irresponsable": -2,
  "irresponsablemente": -2,
  "irreversibelmente": -1,
  "irreversible": -1,
  "irrita": -2,
  "irritada": -3,
  "irritados": -3,
  "irritante": -2,
  "irritar": -2,
  "jackasses": -4,
  "jocoso": 2,
  "joguete": -2,
  "jovial": 2,
  "jubilante": 3,
  "justificadamente": 2,
  "Kills": -3,
  "Kinder": 2,
  "labuta": -2,
  "lackadaisical": -2,
  "ladrón": -2,
  "lamentable": -2,
  "lamentação": -2,
  "lamentando": -2,
  "lamentar": -2,
  "lamentou": -2,
  "lanzado": 1,
  "lapso": -1,
  "lastimador": -1,
  "lastimando": -1,
  "laughting": 1,
  "lavado cerebral": -3,
  "lavado verde": -3,
  "lawl": 3,
  "leal": 3,
  "lealdade": 3,
  "legal": 1,
  "legalmente": 1,
  "lento": -2,
  "lesións": -2,
  "letal": -2,
  "letalidade": -2,
  "letárgico": -2,
  "letargo": -2,
  "lexitimamente": 2,
  "lexítimo": 2,
  "liberdade": 2,
  "liberdades": 2,
  "libre": 1,
  "likers": 2,
  "limitación": -1,
  "limitado": -1,
  "límites": -1,
  "limpa": 1,
  "limpador": 2,
  "limpo": 2,
  "liquidación": 1,
  "liso": 2,
  "listo": -2,
  "litigioso": -2,
  "litixio": -1,
  "lívido": -2,
  "lixo": -1,
  "lles retirar": -1,
  "lmao": 4,
  "LMFAO": 4,
  "loanza": 3,
  "loanzas": 3,
  "loathes": -3,
  "lobbying": -2,
  "lobistas": -2,
  "locamente": -3,
  "loita": -1,
  "loitaba": -2,
  "loitando": -2,
  "loitas": -2,
  "loito": -2,
  "lol": 3,
  "lolol": 4,
  "lololol": 4,
  "lolololol": 4,
  "lool": 3,
  "loool": 3,
  "looool": 3,
  "loucura": -3,
  "louvando": 3,
  "lovelies": 3,
  "lucrando": -2,
  "lucrativo": 3,
  "lúgubre": -2,
  "lume": -2,
  "lunático": -3,
  "lunáticos": -3,
  "luxo": 2,
  "luz do sol": 2,
  "macabro": -2,
  "maçante": -2,
  "machado": -1,
  "machadou": -1,
  "machucando": -2,
  "machucar": -2,
  "mácula": -2,
  "madura": 2,
  "magnífico": 3,
  "maior": 3,
  "máis": 3,
  "máis brillante": 2,
  "máis doce": 3,
  "máis duras": -2,
  "máis escura": -2,
  "máis feliz": 3,
  "máis forte": 2,
  "máis intelixente": 2,
  "máis nobre": 2,
  "máis pobres": -2,
  "máis pura": 1,
  "máis ricos": 2,
  "máis seguro": 2,
  "máis severos": -2,
  "máis sucio": -2,
  "máis tola": -2,
  "mal": -2,
  "mal cocida": -2,
  "mal comportamento": -2,
  "mal humor": -1,
  "mal informado": -2,
  "mal interpretado": -2,
  "mal trato": -2,
  "mala etiquetaxe": -3,
  "mala sorte": -2,
  "maladaption": -2,
  "maldade": -3,
  "maldevelopment": -2,
  "maldición": -1,
  "maldita": -3,
  "maldito": -4,
  "malentendido": -2,
  "malleira": -1,
  "malo": -3,
  "malvado": -2,
  "mancha": -2,
  "manchada": -2,
  "mania": -2,
  "manifestantes": -2,
  "manipulación": -1,
  "manipulado": -1,
  "manos": -5,
  "marabilla": 3,
  "marabillado": 2,
  "marabillas": 3,
  "marabillosas": 4,
  "marabilloso": 4,
  "mascate": -2,
  "matanza": -3,
  "matar": -3,
  "matrículas": -3,
  "medalla": 3,
  "mediocridade": -3,
  "meditativo": 1,
  "medo": -2,
  "medonho": -2,
  "medrosamente": -2,
  "megera": -4,
  "melancolía": -2,
  "melindre": -2,
  "mellor": 3,
  "mellora": 2,
  "mellorada": 2,
  "mellorado": 2,
  "mellorar": 2,
  "memorable": 1,
  "memoriam": -2,
  "menor": -1,
  "menosprece": -2,
  "menosprezou": -2,
  "mentiroso": -3,
  "mentirosos": -3,
  "mentiu": -2,
  "merda": -4,
  "metodicamente": 2,
  "metódico": 2,
  "mijo": -4,
  "milagre": 4,
  "minado": -2,
  "minar": -2,
  "miope": -2,
  "miopía": -2,
  "mirthfully": 3,
  "misbehaves": -2,
  "misbehaving": -2,
  "miscast": -2,
  "mischiefs": -1,
  "misclassified": -2,
  "misclassifies": -2,
  "misconducted": -2,
  "misconducting": -2,
  "miserabelmente": -3,
  "miserable": -3,
  "miserento": -2,
  "miseria": -2,
  "misericordia": 2,
  "misleaded": -3,
  "misplace": -2,
  "mispricing": -3,
  "misreport": -2,
  "misreported": -2,
  "misreporting": -2,
  "misreports": -2,
  "misterioso": -2,
  "mistificación": -2,
  "mistificar": -2,
  "misunderstands": -2,
  "misused": -2,
  "mito": -1,
  "mocks": -2,
  "moderniza": 2,
  "modernización": 2,
  "modernizado": 2,
  "modernizar": 2,
  "moi bo": 4,
  "molestar": -2,
  "molestia": -3,
  "molestias": -2,
  "molestos": -2,
  "monopolización": -2,
  "monopolizado": -2,
  "monopolizar": -2,
  "monotonía": -1,
  "mordaza": -2,
  "moribundo": -3,
  "morre de fame": -2,
  "morrendo de fame": -2,
  "morrer": -3,
  "morrer de fame": -2,
  "morreu": -3,
  "mortal": -3,
  "morte": -2,
  "mortes": -2,
  "morto": -3,
  "motín": -2,
  "motíns": -2,
  "motivación": 1,
  "motivada": 2,
  "motivador": 2,
  "motivar": 1,
  "mudo": -3,
  "multas": -2,
  "n00b": -2,
  "Naïve": -2,
  "namorado": 2,
  "narcisismo": -2,
  "natural": 1,
  "naufraxio": -2,
  "necesitado": -2,
  "nefasto": -3,
  "nega": -2,
  "negación": -2,
  "negado": -2,
  "negadores": -2,
  "negando": -2,
  "negar": -2,
  "negativa": -2,
  "negativo": -2,
  "negligenciada": -2,
  "negligenciado": -1,
  "neglixencia": -2,
  "neglixencias": -2,
  "negociación": -1,
  "negra": 2,
  "nervios": -1,
  "nerviosamente": -2,
  "nervioso": -2,
  "nigger": -5,
  "niñada": -2,
  "ningún desfrute": -3,
  "nobre": 2,
  "noces": -3,
  "nojento": -2,
  "non": -1,
  "non aprobada": -2,
  "non aprobado": -2,
  "non confirmado": -1,
  "non desexado": -2,
  "non dispoñible": -1,
  "non é bo": -2,
  "non funciona": -3,
  "non hixiénico": -2,
  "non intencional": -2,
  "non lle gustou": -2,
  "non me gusta": -2,
  "non profesional": -2,
  "non realizado": -2,
  "non vendido": -1,
  "nora": -2,
  "notable": 2,
  "notorio": -2,
  "novato": -2,
  "novela": 2,
  "nubrado": -1,
  "o bullying": -2,
  "o peor": -3,
  "obliterado": -2,
  "obliterar": -2,
  "obra mestra": 4,
  "obras mestras": 4,
  "obrigatorio": -1,
  "obscenidade": -2,
  "obsceno": -2,
  "obsesionado": 2,
  "obsoleto": -2,
  "obstáculo": -2,
  "obstáculos": -2,
  "obstinado": -2,
  "obstrúa": -2,
  "obstrución": -2,
  "obstruído": -2,
  "obstruindo": -2,
  "oco": -1,
  "ocultación": -1,
  "ocultar": -1,
  "odiaba": -3,
  "odiadores": -3,
  "odiando": -3,
  "odiar": -3,
  "odio": -3,
  "odios": -3,
  "ofende": -2,
  "ofender": -2,
  "ofendido": -2,
  "ofensa": -2,
  "ofensas": -2,
  "ofensiva": -2,
  "ofensivamente": -2,
  "ofensor": -2,
  "offline": -1,
  "oks": 2,
  "omnipresente": 2,
  "oops": -2,
  "oportunidade": 2,
  "oportunidades": 2,
  "opresión": -2,
  "opresivo": -2,
  "opressões": -2,
  "oprimida": -2,
  "optimismo": 2,
  "optimista": 2,
  "optionless": -2,
  "oración": 1,
  "orgulloso": 2,
  "orgullosos": 2,
  "ostracismo": -2,
  "ostracizes": -2,
  "ouro": 2,
  "ousado": 2,
  "outmaneuvered": -2,
  "Outreach": 2,
  "overran": -2,
  "overreaction": -2,
  "overreacts": -2,
  "oversells": -2,
  "oversold": -2,
  "overstatements": -2,
  "oxímoro": -1,
  "pacificamente": 2,
  "pacífico": 2,
  "pagar": -1,
  "paixón": 2,
  "pánico": -3,
  "pánicos": -3,
  "pantasma": -1,
  "parabenizar": 2,
  "parabéns": 2,
  "parada": -1,
  "paradas": -1,
  "parado": -1,
  "paradoxo": -1,
  "paraíso": 3,
  "partidarios": 1,
  "parvo": -1,
  "pasiva": -1,
  "pasivo": -1,
  "pateta": -2,
  "patético": -2,
  "pavor": -2,
  "paz": 2,
  "pecado": -2,
  "pecados": -2,
  "pecaminoso": -3,
  "pechincha": 2,
  "pena": -1,
  "penal": -3,
  "penaliza": -2,
  "penalizado": -2,
  "penalizando": -2,
  "penalizar": -2,
  "pene": -4,
  "pensativo": 2,
  "peor": -3,
  "perceptible": 2,
  "perda": -3,
  "perdas": -3,
  "perde": -3,
  "perdedor": -3,
  "perdendo": -2,
  "perder": -2,
  "perdido": -3,
  "perdoado": 2,
  "perdoar": 1,
  "perdón": 2,
  "perdóns": 2,
  "perenização": -3,
  "perfección": 3,
  "perfecciona": 2,
  "perfectamente": 3,
  "perfecto": 3,
  "perforación": -2,
  "perigo": -2,
  "perigosamente": -2,
  "perigoso": -2,
  "permitir": 1,
  "perpetrada": -2,
  "perpetrador": -2,
  "perpetradores": -2,
  "perplexo": -2,
  "persecución": -3,
  "persegue": -2,
  "persegues": -2,
  "perseguidos": -2,
  "perseguir": -2,
  "perspectivas": 1,
  "perturba": -2,
  "perturbado": -1,
  "perturbador": -2,
  "perturbar": -2,
  "pervertido": -3,
  "perxurio": -3,
  "pesado": -2,
  "pesimismo": -2,
  "pesimista": -2,
  "petición": -1,
  "petrificado": -2,
  "picada": -5,
  "pide desculpas": -1,
  "pillaxe": -2,
  "pintoresco": 2,
  "piolhento": -2,
  "Pissing": -3,
  "pistola": -1,
  "pobre": -2,
  "pobremente": -2,
  "pobreza": -1,
  "pode \"t estar": -3,
  "poderoso": 2,
  "podre": -3,
  "Pointless": -2,
  "popular": 3,
  "popularidade": 3,
  "por favor": 1,
  "porco": -3,
  "porra": -4,
  "porra amor": 4,
  "porra amores": 4,
  "porra bonito": 4,
  "porra fantástica": 4,
  "porra fermosa": 4,
  "porra incrible": 4,
  "porra perfecto": 4,
  "portarse mal": -2,
  "posesivo": -2,
  "posibilidades": 2,
  "positivamente": 2,
  "positivo": 2,
  "postraumático": -2,
  "pouco apreciado": -2,
  "pouco atractivo": -2,
  "pouco intelixente": -2,
  "pracer": 3,
  "praga": -3,
  "pragas": -3,
  "pranto": -2,
  "prblm": -2,
  "prblms": -2,
  "predatório": -2,
  "predilección": 2,
  "preguiceiro": -1,
  "premiado": 3,
  "premio": 3,
  "premios": 3,
  "prender": -2,
  "prensión": 2,
  "preocupación": -3,
  "preocupacións": -3,
  "preocupado": -2,
  "preocupante": -2,
  "preparado": 1,
  "presente": 2,
  "presión": -1,
  "presionados": -2,
  "preso": -2,
  "pretenciosa": -2,
  "prevén": -1,
  "prevención": -1,
  "previr": -1,
  "prexudica": -2,
  "prexudicada": -2,
  "prexudicar": -2,
  "prexudicial": -2,
  "prexudicou": -1,
  "prexuízo": -2,
  "preza": 2,
  "principal": 2,
  "prisión": -2,
  "prisión de ventre": -2,
  "prisioneiro": -2,
  "prisioneiros": -2,
  "prisións": -2,
  "privación": -3,
  "privar": -2,
  "privilexiado": 2,
  "proactiva": 2,
  "problema": -2,
  "problemas": -2,
  "procesados": -2,
  "procesar": -1,
  "procesou": -2,
  "progreso": 2,
  "prohibe": -1,
  "prohibido": -2,
  "prohibir": -1,
  "promesa": 1,
  "promesas": 1,
  "prometido": 1,
  "promoción": 1,
  "promove": 1,
  "promover": 1,
  "promoveu": 1,
  "pronto": 1,
  "propaganda": -2,
  "proporcionado": 2,
  "proscribir": -1,
  "proscrito": -2,
  "prosecutes": -1,
  "prospecto": 1,
  "prosperidade": 3,
  "próspero": 3,
  "prostituta": -4,
  "protesta": -2,
  "protestando": -2,
  "protestas": -2,
  "protexe": 2,
  "protexer": 2,
  "Protexerase": 1,
  "provoca": -1,
  "provocante": -1,
  "provocar": -1,
  "provocou": -1,
  "prudencia": 2,
  "pseudociencia": -3,
  "psicópata": -2,
  "pulido": 2,
  "pulo": -3,
  "puñaladas": -2,
  "punheteiro": -3,
  "punindo": -2,
  "punitivo": -2,
  "punta de lanza": 2,
  "punto de referencia": 2,
  "puro": 1,
  "que apoia": 1,
  "quebra": -3,
  "queixase": -2,
  "queixándose": -2,
  "queixáronse": -2,
  "queixas": -2,
  "quente": 1,
  "querer": 1,
  "querido": 2,
  "rabia": -2,
  "racismo": -3,
  "racista": -3,
  "racistas": -3,
  "radiante": 4,
  "raivosa": -2,
  "ralhar": -2,
  "rancoroso": -2,
  "ranter": -3,
  "ranters": -3,
  "rants": -3,
  "rapidamente": 2,
  "rápido": 2,
  "rapto": -2,
  "raptos": -2,
  "rasgado": -2,
  "ratificado": 2,
  "reaccionar máis": -2,
  "realiza": 2,
  "realizábel": 1,
  "realización": 2,
  "realizacións": 2,
  "realizado": 2,
  "realizar": 2,
  "rebelde": -2,
  "rebeldes": -2,
  "rebelión": -2,
  "recadar": -2,
  "recesión": -2,
  "reclama": -2,
  "recomenda": 2,
  "recomendar": 2,
  "Recoméndase": 2,
  "recompensa": 2,
  "recompensado": 2,
  "recompensador": 2,
  "recompensas": 2,
  "recoñecemento": 2,
  "reconfortante": 2,
  "reducir": -2,
  "refina": 1,
  "refinado": 1,
  "refinar": 1,
  "refrescante": 2,
  "refugallos": -2,
  "regocijó se": 4,
  "regozija": 4,
  "reinando": 1,
  "relaxado": 2,
  "relevancia": 1,
  "remorso": -2,
  "rendible": 2,
  "renuncia": -1,
  "renunciando": -1,
  "renunciar": -1,
  "repelente": -2,
  "repelido": -2,
  "repercusión": -2,
  "repercusións": -2,
  "repousante": 2,
  "repreendido": -2,
  "reprendido": -3,
  "reprimanding": -2,
  "reprimenda": -2,
  "reprimendas": -2,
  "reprobado": -2,
  "reproches": -2,
  "repugnancia": -3,
  "repugnante": -3,
  "repulsa": -1,
  "repulsivo": -2,
  "rescatado": 2,
  "rescate": 2,
  "rescates": 2,
  "resentido": -2,
  "resignado": -1,
  "resolto": 2,
  "resolución": 2,
  "resoluto": 2,
  "resolve": 2,
  "resolvendo": 2,
  "resolver": 2,
  "respectado": 2,
  "respecto": 2,
  "responsabilidade": 2,
  "responsable": 2,
  "restauración": 1,
  "restauracións": 1,
  "restaurado": 1,
  "restaurar": 1,
  "restrición": -2,
  "restrinxe": -2,
  "restrinxido": -2,
  "restrinxindo": -2,
  "restrinxir": -2,
  "restritivo": -1,
  "retardado": -2,
  "retida": -1,
  "retirada": -3,
  "retiro": -1,
  "reto": -1,
  "retrasar": -1,
  "retraso": -2,
  "reverenciado": 2,
  "revive": 2,
  "revivir": 2,
  "revoltante": -2,
  "rexeita": -1,
  "rexeitada": -2,
  "rexeitados": -1,
  "rexeitamento": -2,
  "rexeitando": -1,
  "rexeitar": -1,
  "rexeitaron": -2,
  "reza": 1,
  "rezar": 1,
  "ricamente": 2,
  "rico": 2,
  "ridiculizado": -2,
  "ridiculizar": -2,
  "ridículo": -3,
  "rigorosamente": 3,
  "rigoroso": 3,
  "riqueza": 3,
  "risa": 1,
  "risas": 1,
  "risco": -2,
  "riscos": -2,
  "risonho": 1,
  "riu": 1,
  "robing": -2,
  "robusto": 2,
  "rofl": 4,
  "roflcopter": 4,
  "roflmao": 4,
  "romantical": 2,
  "romanticamente": 2,
  "romper": -2,
  "rosa": 1,
  "rotfl": 4,
  "rotflmfao": 4,
  "rotflol": 4,
  "roto": -1,
  "rotura": -2,
  "roturas": -2,
  "rouba": -2,
  "roubar": -2,
  "roubo": -2,
  "roubos de balón": -2,
  "rudo": -2,
  "ruína": -2,
  "ruínas": -2,
  "rumor": -2,
  "rutineiro": -2,
  "sa": 2,
  "sabedoría": 1,
  "saborear": 2,
  "sabotar": -2,
  "saínte": 1,
  "saltitante": -1,
  "salvación": 2,
  "salvavidas": 4,
  "salvo": 2,
  "sanguento": -3,
  "saraiba": 2,
  "sarcástico": -2,
  "sarnento": -2,
  "satisfatória.Bateria": -2,
  "satisfeito": 3,
  "saudade": -1,
  "saudado": 2,
  "saudando": 2,
  "saudaron": 2,
  "saúde": 2,
  "saúdo": 2,
  "Saúdos": 2,
  "saudou": 1,
  "savange": -2,
  "savanges": -2,
  "scams": -2,
  "se deteriora": -2,
  "secuestra": -2,
  "secuestrado": -2,
  "secuestrar": -2,
  "secuestros": -2,
  "sedición": -2,
  "sedicioso": -2,
  "seducido": -1,
  "segundo": 1,
  "seguramente": 1,
  "seguridade": 1,
  "seguro": 1,
  "sempreviva": 2,
  "sen casa": -2,
  "sen corazón": -2,
  "sen defensa": -2,
  "sen emenda": 2,
  "sen esforzo": 2,
  "sen esperanza": -2,
  "sen éxito": -2,
  "sen imaxinación": -2,
  "sen inspiración": -2,
  "sen sentido": -2,
  "sen soporte": -2,
  "sen tacha": 2,
  "sen ter en conta": -2,
  "sen vida": -1,
  "sensual": 3,
  "sentenza": -2,
  "sentimento": 1,
  "Sentímolo": -1,
  "sereno": 2,
  "serio": 2,
  "severamente": -2,
  "severo": -2,
  "sexista": -2,
  "sexistic": -2,
  "shithead": -4,
  "shoody": -2,
  "si": 1,
  "significado": 1,
  "significativo": 2,
  "silenciamento": -1,
  "simpatía": 2,
  "simpático": 2,
  "simple": -2,
  "simplicidade": 1,
  "simplifica": -2,
  "simplificación": -2,
  "simplificada": -2,
  "simplificar": -2,
  "simulado": -2,
  "sinceramente": 2,
  "sincerest": 2,
  "sinceridade": 2,
  "sincero": 3,
  "singleminded": -2,
  "sinistro": -2,
  "slickest": 2,
  "Smiled": 2,
  "snubbing": -2,
  "snubs": -2,
  "só": -2,
  "sobe": 1,
  "soberbio": 5,
  "sobornos": -3,
  "sobrecarga": -1,
  "sobrecargar": -2,
  "sobrecarregados": -2,
  "sobrepeso": -1,
  "sobrevivente": 2,
  "sobrevivido": 2,
  "sobrevivindo": 2,
  "sobrio": 1,
  "sofisticado": 2,
  "sofre": -2,
  "sofredor": -2,
  "solemne": -1,
  "solidariedade": 2,
  "solidifica": 2,
  "solidificación": 2,
  "solidificar": 2,
  "sólido": 2,
  "solitario": -2,
  "solto": -3,
  "solución": 1,
  "solucións": 1,
  "solving": 1,
  "sombrío": -2,
  "soñar": 1,
  "soños": 1,
  "soportado": 2,
  "soporte": 1,
  "soportes": 2,
  "sorprendente": 4,
  "sorprender": 3,
  "sorridente": 2,
  "sorriso": 2,
  "sorrisos": 2,
  "sorte": 3,
  "sospeita": -1,
  "sospeitando": -1,
  "sospeitoso": -1,
  "sospeitosos": -1,
  "sostible": 2,
  "spam": -2,
  "spammer": -3,
  "spammers": -3,
  "squanders": -2,
  "squelched": -1,
  "Stalling": -2,
  "Starved": -2,
  "stinked": -2,
  "suave": 2,
  "subestimado": -1,
  "subestimando": -1,
  "subestimar": -1,
  "subirse": 1,
  "subornado": -3,
  "subornando": -3,
  "suborno": -3,
  "subserviente": -1,
  "substancial": 1,
  "substancialmente": 1,
  "subvencións": 1,
  "subversivo": -2,
  "sucede": 3,
  "sucedendo": 3,
  "suceder": 3,
  "sucedeu": 3,
  "sucio": -2,
  "sueing": -2,
  "sues": -2,
  "sufrimento": -2,
  "sufrintes": -2,
  "sufrir": -2,
  "sufriu": -2,
  "suga": -3,
  "Sugar": -3,
  "suicida": -2,
  "suicidio": -2,
  "suicidios": -2,
  "super": 3,
  "superado en número": -2,
  "superior": 2,
  "superprotetora": -2,
  "supremo": 4,
  "suspender": -1,
  "suspendido": -1,
  "suspiro": -2,
  "sustentabilidade": 1,
  "susto": -2,
  "swindles": -3,
  "taciturno": -2,
  "talento": 2,
  "tard": -2,
  "tarnishes": -2,
  "tear": -1,
  "teares": -1,
  "tedio": -2,
  "teimoso": -2,
  "tema": 1,
  "temendo": -2,
  "temerario": 2,
  "temeroso": -2,
  "temido": -2,
  "tenda": -2,
  "tendenciosa": -2,
  "tenro": 2,
  "tenrura": 2,
  "tensión": -1,
  "tenso": -2,
  "terrible": -3,
  "terriblemente": -3,
  "terrifically": 4,
  "terror": -3,
  "terrorista": -2,
  "terroristas": -2,
  "terxiversa": -2,
  "terxiversado": -2,
  "terxiversar": -2,
  "tesouro": 2,
  "tesouros": 2,
  "tímido": -1,
  "timorato": -2,
  "tipo": 2,
  "tiranicamente": -3,
  "tiránico": -3,
  "tirar": -1,
  "tits": -2,
  "titulado": 1,
  "tolerancia": 2,
  "tolerante": 2,
  "tolo": -2,
  "tolos": -2,
  "tonto": -1,
  "tortura": -4,
  "torturados": -4,
  "torturando": -4,
  "torturas": -4,
  "totalitario": -2,
  "totalitarismo": -2,
  "touting": -2,
  "touts": -2,
  "tóxico": -3,
  "trai": -3,
  "traizoada": -3,
  "traizoando": -3,
  "traizoar": -3,
  "traizoeiro": -3,
  "traizón": -3,
  "trampa": -1,
  "trampas": -1,
  "trampóns": -3,
  "tranquiliza": 1,
  "tranquilizado": 1,
  "tranquilizador": 2,
  "tranquilizar": 1,
  "tranquilo": 2,
  "transgredimos": -2,
  "transgredir": -2,
  "transgrediu": -2,
  "transgresión": -2,
  "transgride": -2,
  "trapaça": -2,
  "trauma": -3,
  "traumático": -3,
  "traversins": -2,
  "travessura": -1,
  "traxedia": -2,
  "traxedias": -2,
  "tráxico": -2,
  "tremor": -2,
  "tremores": -2,
  "trémulo": -2,
  "tribulação": -2,
  "triste": -2,
  "tristemente": -2,
  "tristeza": -2,
  "triunfante": 4,
  "triunfo": 4,
  "trusts": 1,
  "tumor": -2,
  "tumulto": -3,
  "túnica": -2,
  "twat": -5,
  "tyran": -3,
  "Tyrans": -3,
  "Ugh": -2,
  "ultrajado": -3,
  "ultraxe": -3,
  "unconvinced": -1,
  "underperform": -2,
  "underperformed": -2,
  "unfitted": -2,
  "unfunny": -2,
  "ungenerous": -2,
  "unha especie de": 0,
  "unha vergoña": -2,
  "unido": 1,
  "unificado": 1,
  "uninvolving": -2,
  "unirse": 1,
  "unloved": -2,
  "unreleting": -2,
  "unresearched": -2,
  "untarnished": 2,
  "uplifting": 2,
  "urxente": -1,
  "usado": -1,
  "usos inadecuados": -2,
  "útil": 2,
  "utilidade": 2,
  "vacilante": -1,
  "vago": -2,
  "valentão": -2,
  "valente": 3,
  "valida": 1,
  "validado": 1,
  "validando": 1,
  "validar": 1,
  "valor": 2,
  "valoración": 2,
  "vantaxe": 2,
  "vantaxes": 2,
  "vantaxosamente": 2,
  "vantaxoso": 2,
  "veleno": -2,
  "velenos": -2,
  "ventilador": 3,
  "veredictos": -1,
  "veredito": -1,
  "vergoña": -2,
  "vergoñoso": -2,
  "vertixinoso": -2,
  "vestido con esmero": 2,
  "vexação": -2,
  "vexatório": -2,
  "vibrante": 3,
  "vicioso": -2,
  "viçoso": -1,
  "victimizing": -3,
  "viés": -1,
  "vigaristas": 2,
  "vigor": 3,
  "vil": -3,
  "Vindicação": 2,
  "vindicado": 2,
  "vindicar": 2,
  "vinga": -2,
  "vingada": -2,
  "vingador": -2,
  "Vingadores": -2,
  "vinganza": -2,
  "vingar": -2,
  "vingativo": -2,
  "violación": -2,
  "violacións": -2,
  "violada": -2,
  "violador": -4,
  "violados": -2,
  "violando": -2,
  "violar": -2,
  "violencia": -3,
  "violencia relacionada": -3,
  "violentamente": -3,
  "violento": -3,
  "viradas": -2,
  "virtuoso": 2,
  "virulento": -2,
  "visión": 1,
  "visionario": 3,
  "visioning": 1,
  "visións": 1,
  "vitalidade": 3,
  "vitamina": 1,
  "vítima": -3,
  "vitimados": -3,
  "vitimar": -3,
  "vítimas": -3,
  "vitimiza": -3,
  "vitoria": 3,
  "vitorias": 4,
  "vitriólico": -3,
  "viúva": -1,
  "vivaz": 3,
  "vividamente": 2,
  "vivo": 2,
  "vixiante": 3,
  "vociferador": -1,
  "volte": -2,
  "vómito": -3,
  "vómitos": -3,
  "vomitou": -3,
  "vulnerabilidade": -2,
  "vulnerable": -2,
  "warmhearted": 2,
  "warmness": 2,
  "winwin": 3,
  "won": 3,
  "Woohoo": 3,
  "wooo": 4,
  "woow": 4,
  "wow": 4,
  "WOWOW": 4,
  "wowww": 4,
  "wrenching": -2,
  "wrongdoings": -2,
  "wtf": -4,
  "wtff": -4,
  "wtfff": -4,
  "xanunvida": 3,
  "xefatura": 1,
  "xemendo": -2,
  "xemeu": -2,
  "xemido": -2,
  "xemidos": -2,
  "xenerosamente": 2,
  "xeneroso": 2,
  "Xesús": 1,
  "xo": 3,
  "xoia": 3,
  "xoias": 1,
  "xoxo": 3,
  "xoxoxo": 4,
  "xoxoxoxo": 4,
  "xúbilo": 4,
  "xunto": -1,
  "xura": -2,
  "xuramento": -2,
  "xurar": -2,
  "xustificado": 2,
  "xustiza": 2,
  "xuvenil": 2,
  "yeees": 2,
  "zelotes": -2,
  "zombeteiro": -2
}