{
  "ale": -5,
  "bojo": -2,
  "ìyà": -3,
  "kọja": -2,
  "ọfẹ": 3,
  "ṣùti si": -2,
  "aabo": 1,
  "aabo fun": 1,
  "AamiEye": 4,
  "aanu": 2,
  "àánú": -1,
  "aawọ": -3,
  "Abalo": -1,
  "abandoned": -2,
  "abandons": -2,
  "abawọn": -3,
  "abductions": -2,
  "abẹ": 2,
  "àbẹtẹlẹ": -3,
  "àbẹwò": 1,
  "abojuto": 2,
  "àbójútó": -1,
  "abori": -2,
  "aborted": -1,
  "aborts": -1,
  "abosi": -2,
  "absentee": -1,
  "absentees": -1,
  "absolve": 2,
  "absolved": 2,
  "absolves": 2,
  "absolving": 2,
  "abuku": -2,
  "abùku": -2,
  "abumọ": -2,
  "abuse": -3,
  "abusing": -3,
  "acclaim": 2,
  "accolade": 2,
  "accomplishment": 2,
  "accomplishments": 2,
  "ache": -2,
  "achievable": 1,
  "aching": -2,
  "acquits": 2,
  "acquitting": 2,
  "acrimonious": -3,
  "adajọ": 4,
  "adanu": -3,
  "Adaparọ": -1,
  "adaru": -2,
  "adayeba": 1,
  "adehun": 1,
  "adẹtẹ": -2,
  "admired": 3,
  "admires": 3,
  "admonished": -2,
  "adopts": 1,
  "adoration": 3,
  "adored": 3,
  "adores": 3,
  "adoring": 3,
  "adoringly": 3,
  "adupe": 2,
  "adúróṣinṣin": 3,
  "advantageous": 2,
  "advantageously": 2,
  "adventurous": 2,
  "afẹju": 2,
  "affectionate": 3,
  "affectionateness": 3,
  "affronted": -1,
  "aficionados": 2,
  "afọju": -1,
  "afojusọna": 1,
  "agbalagba": 2,
  "agbara": 2,
  "agbero": 1,
  "aggravate": -2,
  "aggravates": -2,
  "aggravating": -2,
  "aggressions": -2,
  "aggressiveness": -2,
  "aghast": -2,
  "agog": 2,
  "agonises": -3,
  "agonize": -3,
  "agonized": -3,
  "agonizes": -3,
  "agonizing": -3,
  "ahon": -3,
  "ahoro": -2,
  "àìbáradé": -2,
  "aibikita": -2,
  "aibojumu": -2,
  "àìdá": -2,
  "aiduro": -2,
  "aifọkanbalẹ": -2,
  "aigbagbọ": -1,
  "aigbesehin": 2,
  "aikobiarasi": -2,
  "ailagbara": -2,
  "ailera": -2,
  "ailewu": 2,
  "aimọ": -2,
  "aimọgbọnwa": -1,
  "aimokan": -2,
  "ainaani": -2,
  "aini": -2,
  "ainiagbara": -2,
  "aipe": -2,
  "àìpẹ": 3,
  "àìpéye": -2,
  "àìrígbẹyà": -2,
  "airoju": -2,
  "airọrun": -2,
  "àìrọrùn": -2,
  "aisan": -2,
  "aise": -2,
  "aisekokari": -2,
  "aisiki": 3,
  "aiṣiyemeji": -1,
  "aiṣododo": -2,
  "aisun": -1,
  "àìsùn": -2,
  "aitele": -2,
  "aito": -2,
  "aitọ": -3,
  "aiya": 2,
  "ajalu": -2,
  "ajeji": -1,
  "ajilo": -2,
  "ajọ": -1,
  "ajọdun": 2,
  "ajoyo": 3,
  "akàn": -1,
  "ãke": -1,
  "Akikanju": 2,
  "Akitiyan": -2,
  "akiyesi": 2,
  "àkobá": -2,
  "akoni": 2,
  "akọni": 2,
  "àkóràn": -2,
  "Àkọsílẹ": -1,
  "akukọ": -5,
  "Alalákọrí": -2,
  "ala": 1,
  "alaafia": 3,
  "alabapade": 1,
  "alafara": -2,
  "alafia": 2,
  "alagbara": 2,
  "alagbero": 2,
  "aláìbìkítà": 1,
  "alaifeiruedaomoenikeji": -3,
  "alaigbagbọ": -1,
  "alailara": -2,
  "alailera": -2,
  "aláìlérò": -2,
  "alailoye": -2,
  "alaimore": -3,
  "alaimoye": -2,
  "alainaani": -2,
  "alaini": -2,
  "alainiṣẹ": -1,
  "alainitelorun": -2,
  "Alainiye lori": -5,
  "aláìpé": -2,
  "aláìsàn": -2,
  "alaisooto": -2,
  "alakosile": 2,
  "alanu": 2,
  "alariwisi": -2,
  "alariwo": -1,
  "alarmist": -2,
  "alarmists": -2,
  "alarun": -2,
  "alas": -1,
  "alatilẹyin": 1,
  "alawọ ewe fifọ": -3,
  "alawọ ewe w": -3,
  "alayọ": 3,
  "alebu": -3,
  "aleebu": -2,
  "allegation": -2,
  "altruistic": 2,
  "amaze": 2,
  "amazes": 2,
  "ambivalent": -1,
  "ami": 1,
  "amọdaju ti": 1,
  "amojuto": -1,
  "amotaraeninikan": -3,
  "amuse": 3,
  "amused": 3,
  "amusements": 3,
  "anfaani": 2,
  "anfani": 2,
  "Angers": -3,
  "anguish": -3,
  "anguished": -3,
  "ànímọ": 2,
  "animosity": -2,
  "aniyan": 2,
  "annoy": -2,
  "annoys": -2,
  "antagonistic": -2,
  "anu": 2,
  "àpá": -2,
  "apaadi": -4,
  "apania": -2,
  "apanilaya": -2,
  "apanilerin": 1,
  "apaniyan": -2,
  "apathetic": -3,
  "apeshit": -3,
  "apocalyptic": -2,
  "apọju": -1,
  "apologized": -1,
  "apologizes": -1,
  "apologizing": -1,
  "apology": -1,
  "apọn": -2,
  "appalling": -2,
  "appeases": 2,
  "appeasing": 2,
  "applaud": 2,
  "applauded": 2,
  "applauding": 2,
  "applauds": 2,
  "apprehensive": -2,
  "ara": -1,
  "araabuse": -2,
  "aradeluded": -2,
  "araigboya": 2,
  "aralodi": -2,
  "aramada": 2,
  "arawa": 2,
  "ãrẹ": -2,
  "arekereke": -4,
  "aridaju": 1,
  "arínifín": -2,
  "ariwo": -3,
  "ariya": 3,
  "ariyanjiyan": -2,
  "àríyànjiyàn": -2,
  "arọ": -2,
  "aropin": -1,
  "arsehole": -4,
  "arufin": -3,
  "arun": -1,
  "àrun": -3,
  "asa": 2,
  "aṣaju": 2,
  "asan": -2,
  "Asaseli": -2,
  "aṣẹ": 1,
  "aṣemáṣe": -1,
  "asesewa": 1,
  "aṣetan": 4,
  "asewo": -5,
  "aṣẹwó": -4,
  "aseyori": 3,
  "asise": -2,
  "aṣiṣe": -2,
  "àṣìṣe": -2,
  "asiwaju": 2,
  "asiwere": -3,
  "aṣiwere": -2,
  "aṣiyèméjì": -2,
  "asọ": -3,
  "asôaaju": -2,
  "asonu": -1,
  "assassination": -3,
  "assaults": -2,
  "assfucking": -4,
  "astound": 3,
  "astoundingly": 3,
  "astounds": 3,
  "asuwon ti": -1,
  "atako": -2,
  "atayanyan": -1,
  "ati obo": -4,
  "atilẹyin": 2,
  "atimole": -2,
  "atimọle": -2,
  "àtinúdá": 1,
  "atiota": -3,
  "atrocious": -3,
  "atrocity": -3,
  "attractively": 2,
  "attractiveness": 2,
  "attracts": 1,
  "atunṣe": 2,
  "audacious": 3,
  "aura": 1,
  "avengers": -2,
  "avenges": -2,
  "avert": -1,
  "avoids": -1,
  "awada": 1,
  "await": -1,
  "awaited": -1,
  "Awards": 3,
  "awaridii": 3,
  "awokose": 2,
  "awon": 2,
  "awọn": 2,
  "awọn abawọn": -2,
  "awọn abo aja": -5,
  "Awọn gbigbapada": -2,
  "awọn gbolohun ọrọ": -2,
  "àwọn òǹkàwé": 1,
  "awọn ọtá": -2,
  "axed": -1,
  "ay": 4,
  "ayabo": -1,
  "ayanfẹ": 2,
  "ayedero": 1,
  "ayeye": 3,
  "ayẹyẹ": 3,
  "ayika ore": 2,
  "àyípadà": -1,
  "ayọ": 3,
  "ba": -3,
  "ba tako": -2,
  "bàa": -1,
  "baamu": 2,
  "badass": -3,
  "bailout": -2,
  "baje": -1,
  "bajẹ": -3,
  "bàjẹ": -2,
  "bamboozle": -2,
  "bamboozled": -2,
  "bamboozles": -2,
  "ban": -2,
  "bani": -2,
  "banish": -1,
  "bankrupt": -3,
  "bankster": -3,
  "banuje": -2,
  "barbaric": -2,
  "barbarous": -2,
  "battled": -1,
  "beatific": 3,
  "beauties": 3,
  "beautify": 3,
  "bẹẹ": 2,
  "bẹẹni": 1,
  "befit": 2,
  "befitting": 2,
  "belittled": -2,
  "benefactor": 2,
  "benefactors": 2,
  "benefitted": 2,
  "benefitting": 2,
  "benevolent": 3,
  "bereaves": -2,
  "bereaving": -2,
  "bẹru": -2,
  "bẹrù": -2,
  "betraying": -3,
  "bi": 2,
  "bi i": 0,
  "bibajẹ": -3,
  "bibeere": -1,
  "bíbọwọ fún": 2,
  "bikita": -2,
  "binu": -1,
  "binú": -2,
  "biribiri": -1,
  "bishi": -5,
  "bitterest": -2,
  "blackmailed": -3,
  "blackmailing": -3,
  "blackmails": -3,
  "blah": -2,
  "blames": -2,
  "blissful": 3,
  "blithe": 2,
  "bloated": -1,
  "blockade": -2,
  "blockbuster": 3,
  "blurry": -2,
  "boastful": -2,
  "bojumu": 2,
  "bold": 2,
  "bombu": -1,
  "boosted": 1,
  "boosting": 1,
  "boosts": 1,
  "boring": -3,
  "bothers": -2,
  "bothersome": -2,
  "bowo": 2,
  "bọwọ": 2,
  "boycott": -2,
  "boycotting": -2,
  "boycotts": -2,
  "brainwashing": -3,
  "braveness": 2,
  "bravery": 2,
  "bravura": 3,
  "breached": -2,
  "breaches": -2,
  "breaching": -2,
  "bribed": -3,
  "bribing": -3,
  "brightest": 2,
  "brilliance": 3,
  "brilliances": 3,
  "brisk": 2,
  "brooding": -2,
  "brutally": -3,
  "bu": -1,
  "buburu": -1,
  "búburú": -3,
  "buburu orire": -2,
  "bullied": -2,
  "bullshit": -4,
  "bully": -2,
  "bummer": -2,
  "bura": -2,
  "burdening": -2,
  "burglar": -2,
  "buru": -2,
  "burú": -3,
  "buru jai": -4,
  "buru ju": -3,
  "buruja": -3,
  "burujai": -2,
  "buruju": -3,
  "busi": 3,
  "calming": 2,
  "cancels": -1,
  "captivated": 3,
  "carefree": 1,
  "carefulness": 2,
  "careless": -2,
  "cashing ni": -2,
  "casualty": -2,
  "catastrophe": -3,
  "catastrophic": -4,
  "cautious": -1,
  "censor": -2,
  "censored": -2,
  "censors": -2,
  "chagrined": -2,
  "championed": 2,
  "Charisma": 2,
  "charmingly": 3,
  "charmless": -3,
  "chastises": -3,
  "chastising": -3,
  "cheated": -3,
  "cheater": -3,
  "cheaters": -3,
  "cheats": -3,
  "cheerful": 2,
  "cheering": 2,
  "cheerless": -2,
  "cheery": 3,
  "cherish": 2,
  "cherished": 2,
  "cherishing": 2,
  "chided": -3,
  "chides": -3,
  "chilling": -1,
  "choke": -2,
  "chokes": -2,
  "clarifies": 2,
  "clears": 1,
  "clouded": -1,
  "clueless": -2,
  "cocksucker": -5,
  "cocksuckers": -5,
  "cocky": -2,
  "coercion": -2,
  "Collapse": -2,
  "collapses": -2,
  "collapsing": -2,
  "collide": -1,
  "collides": -1,
  "colliding": -1,
  "collisions": -2,
  "colluding": -3,
  "combats": -1,
  "commend": 2,
  "commended": 2,
  "compelled": 1,
  "competencies": 1,
  "complains": -2,
  "complicating": -2,
  "complimented": 2,
  "conciliate": 2,
  "conciliated": 2,
  "conciliates": 2,
  "conciliating": 2,
  "conflictive": -2,
  "congratulation": 2,
  "consents": 2,
  "consolable": 2,
  "contagion": -2,
  "contagions": -2,
  "contaminant": -2,
  "contaminants": -2,
  "contaminate": -2,
  "contaminates": -2,
  "contaminating": -2,
  "contaminations": -2,
  "contemptuous": -2,
  "contemptuously": -2,
  "contender": -1,
  "contending": -1,
  "contentious": -2,
  "contestable": -2,
  "controversially": -2,
  "controversies": -2,
  "convinces": 1,
  "convivial": 2,
  "cool": 1,
  "cornered": -2,
  "corrupting": -3,
  "corrupts": -3,
  "courageousness": 2,
  "cowardly": -2,
  "coziness": 2,
  "cramp": -1,
  "crappy": -3,
  "crazier": -2,
  "craziest": -2,
  "crazy": -2,
  "Creative": 2,
  "crestfallen": -2,
  "criminate": -3,
  "criminated": -3,
  "criminates": -3,
  "criticize": -2,
  "criticizes": -2,
  "criticizing": -2,
  "crushes": -1,
  "crushing": -1,
  "cunning": 2,
  "cutbacks": -2,
  "cute": 2,
  "cynical": -2,
  "cynicism": -2,
  "d": 1,
  "da": 2,
  "dá": 2,
  "da duro": -2,
  "da nkan bo": -3,
  "daa": 2,
  "daadaa": 2,
  "dáadáa": -2,
  "dààmú": -3,
  "dabaru": -1,
  "dabobo": 1,
  "daduro": -1,
  "dagba": 1,
  "damned": -4,
  "damnit": -4,
  "dãmu": -2,
  "dan": 3,
  "dandan": -1,
  "dangerously": -2,
  "dara": 3,
  "dara julọ": 3,
  "daradara": 3,
  "daradarachampioned": 3,
  "daradaragroomed": 2,
  "daradarakookan": 2,
  "daradaralojutu": 2,
  "daradaramulẹ": 2,
  "daradarani idagbasoke": 2,
  "daradaraproportioned": 2,
  "dare fun": 2,
  "daredevil": 2,
  "dárí": 1,
  "dárí jini": 1,
  "daring": 2,
  "daru": -2,
  "dasofo": -1,
  "dauntless": 2,
  "dayato": 5,
  "de ọdọ": 1,
  "deadening": -2,
  "deadlock": -2,
  "deafening": -1,
  "debonair": 2,
  "deceiving": -3,
  "deceptive": -3,
  "decisive": 1,
  "dede": 2,
  "deedee": 1,
  "defenders": 2,
  "defenseless": -2,
  "deferring": -1,
  "defiant": -1,
  "defrauds": -3,
  "deft": 2,
  "defunct": -2,
  "degrade": -2,
  "degraded": -2,
  "dehumanize": -2,
  "dehumanized": -2,
  "dehumanizes": -2,
  "dehumanizing": -2,
  "deject": -2,
  "dejected": -2,
  "dejecting": -2,
  "dejects": -2,
  "delectable": 3,
  "delightfully": 3,
  "delighting": 3,
  "delights": 3,
  "demanding": -1,
  "demoralizes": -2,
  "demoralizing": -2,
  "dena": -1,
  "denials": -2,
  "denier": -2,
  "deniers": -2,
  "deplore": -3,
  "deplores": -3,
  "deploring": -3,
  "deport": -2,
  "deportation": -2,
  "deportations": -2,
  "deporting": -2,
  "deports": -2,
  "depressing": -2,
  "derail": -2,
  "derailed": -2,
  "derails": -2,
  "derides": -2,
  "deruba": -2,
  "dẹruba": -3,
  "derubami": -2,
  "dẹṣẹ": -2,
  "despair": -3,
  "despairing": -3,
  "despairs": -3,
  "desperate": -3,
  "despondent": -3,
  "destroys": -3,
  "deteriorate": -2,
  "deteriorated": -2,
  "deteriorates": -2,
  "deteriorating": -2,
  "detract": -1,
  "detracted": -1,
  "detracts": -1,
  "devastate": -2,
  "devastated": -2,
  "devastation": -2,
  "devastations": -2,
  "devotional": 2,
  "di": -2,
  "Diamond": 1,
  "dibajẹ": -2,
  "dibon": -1,
  "dibọn": -1,
  "dickhead": -4,
  "didamu": -2,
  "didan": 2,
  "didanubi": -2,
  "didara": 3,
  "dide": 1,
  "didn": 1,
  "didun": 3,
  "didùn": 3,
  "dídùn": 3,
  "die": -2,
  "diẹ ninu awọn irú": 0,
  "diffident": -2,
  "dijì,": -2,
  "dilligence": 2,
  "din ku": -2,
  "dina": -1,
  "dipshit": -3,
  "dire": -3,
  "direful": -3,
  "dirtier": -2,
  "dirtiest": -2,
  "disabling": -1,
  "disadvantaged": -2,
  "disappears": -1,
  "disappoint": -2,
  "disappointments": -2,
  "disappoints": -2,
  "disapproval": -2,
  "disapprovals": -2,
  "disapprove": -2,
  "disapproved": -2,
  "disapproves": -2,
  "disapproving": -2,
  "disastrous": -3,
  "disbelieve": -2,
  "discarding": -1,
  "discards": -1,
  "disconsolate": -2,
  "disconsolation": -2,
  "discontented": -2,
  "discredited": -2,
  "discriminates": -2,
  "discriminating": -2,
  "disdain": -2,
  "disguise": -1,
  "disguises": -1,
  "disguising": -1,
  "disgusted": -3,
  "disgustful": -3,
  "disheartened": -2,
  "disinclined": -2,
  "disjointed": -2,
  "dismal": -2,
  "dismissed": -2,
  "disorganized": -2,
  "disoriented": -2,
  "disparage": -2,
  "disparaged": -2,
  "disparages": -2,
  "disparaging": -2,
  "disproportionate": -2,
  "disputed": -2,
  "disquiet": -2,
  "disregarding": -2,
  "disrespect": -2,
  "disrespected": -2,
  "disrupt": -2,
  "disrupted": -2,
  "disruptions": -2,
  "disruptive": -2,
  "disrupts": -2,
  "dissatisfied": -2,
  "distasteful": -2,
  "distorts": -2,
  "distract": -2,
  "distracted": -2,
  "distracts": -2,
  "distressed": -2,
  "distrustful": -3,
  "disturb": -2,
  "disturbing": -2,
  "disturbs": -2,
  "dithering": -2,
  "diwo": -1,
  "dizzy": -1,
  "dodgy": -2,
  "dojuru": -2,
  "dojuti": -1,
  "doko": -2,
  "dolorous": -2,
  "donates": 2,
  "donating": 2,
  "dori": -2,
  "doti": -2,
  "doubted": -1,
  "douche": -3,
  "douchebag": -3,
  "dour": -2,
  "downer": -2,
  "downhearted": -2,
  "downside": -2,
  "drags": -1,
  "drained": -2,
  "dreading": -2,
  "dreary": -2,
  "droopy": -2,
  "drown": -2,
  "drowns": -2,
  "drudgery": -2,
  "dubious": -2,
  "dud": -2,
  "Dudu": -2,
  "dukia": 2,
  "dulumọ": -2,
  "dumbass": -3,
  "dun": 3,
  "dùn": 3,
  "dupe": 3,
  "dúpẹ": 2,
  "dúpẹ lọwọ": 2,
  "dupery": -2,
  "duro": -1,
  "Duro": -1,
  "duro de": -1,
  "e kaaro": 1,
  "Ẹ kí": 2,
  "ebi": -2,
  "Ebora": -2,
  "ebun": 2,
  "ẹbun": 2,
  "ecstatic": 4,
  "ẹdinwo": -1,
  "ẹdọfu": -1,
  "ẹdun": -2,
  "edun okan": 1,
  "ẹdun ọkan": -2,
  "eebi": -3,
  "èébì": -3,
  "eerie": -2,
  "eery": -2,
  "èèwọ": -2,
  "eewu": -2,
  "effortlessly": 2,
  "ẹgan": -2,
  "ẹgàn": -2,
  "Egba Mi O": 2,
  "ẹgbẹigbelaruge": -2,
  "ẹgbẹipa": -2,
  "egbin": -1,
  "ẹgbin": -3,
  "egbo": -1,
  "egboogi": -1,
  "ẹgẹ": -1,
  "egún": -1,
  "ehonu": -2,
  "ẹjẹ": -2,
  "ejo": -2,
  "ẹjọ": -1,
  "èké": -1,
  "ekiki": 2,
  "ẹkún": -2,
  "elated": 3,
  "elation": 3,
  "ẹlẹgàn": -2,
  "elegantly": 2,
  "ẹlẹṣẹ": -3,
  "eletan": -1,
  "ẹlẹwà": 3,
  "elewon": -2,
  "ẹlẹyà": -2,
  "eleyameya": -2,
  "ẹlẹyamẹya": -3,
  "eleyi": -1,
  "eleyo": -2,
  "embarrass": -2,
  "embarrasses": -2,
  "embittered": -2,
  "ẹmi": -2,
  "ẹmí": 1,
  "empathetic": 2,
  "emptiness": -1,
  "enchanted": 2,
  "endorses": 2,
  "engages": 1,
  "engrossed": 1,
  "engrossing": 3,
  "ẹni": -1,
  "eni ti": -2,
  "enikeji": 2,
  "Eniyan arinilara": -4,
  "eniyepere": -2,
  "enlighten": 2,
  "ennui": -2,
  "enrage": -2,
  "enrages": -2,
  "enraging": -2,
  "enrapture": 3,
  "enslave": -2,
  "enslaves": -2,
  "enterprising": 1,
  "ẹnu yà": 2,
  "eôwoôn": -2,
  "eran": -1,
  "ere": 2,
  "ère": 2,
  "èrè": 2,
  "ẽri": -2,
  "erin": 2,
  "èrò": 2,
  "ErrorUndefined": 1,
  "ErrorWithTranslation": 3,
  "eru": -2,
  "ẹru": -2,
  "ẹrú": -3,
  "ẹrù": -2,
  "escaping": -1,
  "ese": -2,
  "ẹṣẹ": -2,
  "eso": -3,
  "esun": -2,
  "ẹsùn": -2,
  "etan": -3,
  "ẹtan": -3,
  "ete": -2,
  "ẹtọ ni": 1,
  "euphoria": 3,
  "euphoric": 4,
  "evacuate": -1,
  "evacuated": -1,
  "evacuates": -1,
  "evacuating": -1,
  "evergreen": 2,
  "evergreening": -3,
  "evergreens": 2,
  "ẹwa": 3,
  "ẹwà": 3,
  "ewe": -2,
  "ewọ": -2,
  "ewon": -2,
  "ewu": -2,
  "exacerbates": -2,
  "exacerbating": -2,
  "exaggerate": -2,
  "exaggerates": -2,
  "exaggerating": -2,
  "exasparate": -2,
  "exasperated": -2,
  "exasperates": -2,
  "excruciatingly": -1,
  "exhilarated": 3,
  "exhilarates": 3,
  "exhilarating": 3,
  "exonerate": 2,
  "exonerated": 2,
  "exonerates": 2,
  "exonerating": 2,
  "expelling": -2,
  "expels": -2,
  "expertly": 2,
  "exploits": -2,
  "explorations": 1,
  "extremist": -2,
  "extremists": -2,
  "exultant": 3,
  "exultantly": 3,
  "eye": 3,
  "ẹyin": -1,
  "fa": 1,
  "faagun": 1,
  "fabulously": 4,
  "fafa": 2,
  "fag": -3,
  "fagile": -1,
  "fagilee": -1,
  "fagot": -3,
  "fagots": -3,
  "fainthearted": -2,
  "fake": -3,
  "faker": -3,
  "faking": -3,
  "falsified": -3,
  "falsify": -3,
  "famọra": 2,
  "famous": 2,
  "fanimọra": 3,
  "fara": 2,
  "faragba": -2,
  "farapa": -2,
  "farasin": -1,
  "farce": -1,
  "fàro": -2,
  "fàru": -2,
  "fascinate": 3,
  "fascinated": 3,
  "fascinates": 3,
  "fascist": -2,
  "fascists": -2,
  "faṣẹ": -2,
  "fase si": 2,
  "fatalities": -3,
  "fatality": -3,
  "fatigued": -2,
  "fatigues": -2,
  "fatiguing": -2,
  "favorited": 2,
  "favourited": 2,
  "fáwọn ọmọ": -2,
  "fàye": -1,
  "fàyègba": -1,
  "fẹ": 2,
  "fe ni": 2,
  "fearfully": -2,
  "fearless": 2,
  "fearlessness": 2,
  "fejosun": -2,
  "felonies": -3,
  "fẹnuko": 2,
  "feran": 3,
  "fẹran": 3,
  "fẹràn": 3,
  "fertile": 2,
  "fervid": 2,
  "fẹsùn kàn": -2,
  "fi": 2,
  "fí": -2,
  "fi agbara mu": -1,
  "fi lé": -2,
  "fi ntabuku": -2,
  "fiasco": -3,
  "fidgety": -2,
  "fifa": -2,
  "fifamọra": 2,
  "fifehan": 2,
  "Fifẹyinti": 2,
  "fifi": -1,
  "fifun": 1,
  "figagbaga": -2,
  "filthy": -2,
  "fiwesile": -1,
  "fìyà jẹ": -2,
  "flagship": 2,
  "flaw": -2,
  "flawed": -3,
  "flawlessly": 2,
  "flop": -2,
  "flops": -2,
  "flustered": -2,
  "fò": -2,
  "fọ": -2,
  "foju": -1,
  "fokii": -4,
  "fond": 2,
  "fondness": 2,
  "forefront": 1,
  "forgetful": -2,
  "forgettable": -1,
  "Fortune": 2,
  "fowo": -1,
  "fọwọ": -1,
  "frantic": -1,
  "frauds": -4,
  "fraudster": -4,
  "fraudsters": -4,
  "fraudulence": -4,
  "free": 1,
  "frenzy": -3,
  "friendliness": 2,
  "frightened": -2,
  "frikin": -2,
  "frisky": 2,
  "frowning": -1,
  "fruitless": -2,
  "frustrates": -2,
  "ftw": 3,
  "fuckers": -4,
  "fuckface": -4,
  "fuckhead": -4,
  "fuckin": -4,
  "fucktard": -4,
  "fud": -3,
  "fuked": -4,
  "fuking": -4,
  "fulfills": 2,
  "fuming": -2,
  "fun": 4,
  "fun un": 3,
  "funerals": -1,
  "funfun": 1,
  "funky": 2,
  "funlebun": 2,
  "funni": 1,
  "funnier": 4,
  "funnilokun": 2,
  "funny": 4,
  "fura": -1,
  "fura pe": -1,
  "fura si": -1,
  "ga": 2,
  "gafara": -1,
  "gag": -2,
  "gagged": -2,
  "gallant": 3,
  "gallantry": 3,
  "gameiyipada": 3,
  "gangan cute": 3,
  "gangan ti o dara": 4,
  "gba": 4,
  "gbà": 2,
  "gba esin": 1,
  "gbadun": 2,
  "gbádùn": 2,
  "gbadura": 1,
  "Gbadura": 1,
  "Gbaga": -2,
  "gbagbe": -1,
  "gbagbọ": 1,
  "gbajugbaja": 2,
  "gbajumo": 3,
  "gbale": 3,
  "gbamabinu": -2,
  "gbarare": -2,
  "gbarawọn": -2,
  "Gbat": -2,
  "gbayi": 4,
  "gbe": -1,
  "gbẹkẹle": 2,
  "gbelehin": 1,
  "gbepokini": 2,
  "gbẹsan": -2,
  "gbese": -2,
  "gbesele": -2,
  "gbesewon": -2,
  "gbigba": 1,
  "gbigbi": -2,
  "gbigbọn": -1,
  "gbiyanju": -2,
  "gbogbo aye": 2,
  "Gbogbo oniran": -3,
  "gbokanle": 1,
  "gbolohun": -2,
  "gbona": 1,
  "gbọye": -2,
  "ge": -1,
  "ge kuru": -2,
  "genial": 3,
  "gepa": -1,
  "ghastly": -2,
  "giddy": -2,
  "gidigidi": -2,
  "giga": 2,
  "gige": -1,
  "Gigun": 1,
  "Gilii": 3,
  "glamorous": 3,
  "glamourous": 3,
  "gleeful": 3,
  "glum": -2,
  "goddamn": -3,
  "godsend": 4,
  "goofiness": -2,
  "goofy": -2,
  "goolu": 2,
  "gr8": 3,
  "graceful": 2,
  "gratification": 2,
  "greedy": -2,
  "greenwash": -3,
  "greenwasher": -3,
  "greenwashers": -3,
  "greenwashing": -3,
  "grẹy": -1,
  "gripping": 2,
  "grisly": -2,
  "gross": -2,
  "growths": 2,
  "gullibility": -2,
  "gullible": -2,
  "gun": 4,
  "ha": 2,
  "haha": 3,
  "hahaha": 3,
  "hahahah": 3,
  "hailed": 2,
  "Halleluyah": 3,
  "han": -1,
  "hàn": 2,
  "handpicked": 1,
  "haplessness": -2,
  "happiest": 3,
  "happy": 3,
  "harass": -3,
  "harassed": -3,
  "harasses": -3,
  "hardier": 2,
  "hardship": -2,
  "Hardy": 2,
  "harmed": -2,
  "harming": -2,
  "harmonious": 2,
  "harmoniously": 2,
  "harried": -2,
  "harsher": -2,
  "harshest": -2,
  "hater": -3,
  "haters": -3,
  "hating": -3,
  "haunt": -1,
  "haunting": 1,
  "haunts": -1,
  "havoc": -2,
  "heartbreaking": -3,
  "heartbroken": -3,
  "heartfelt": 3,
  "heavyhearted": -2,
  "hehe": 2,
  "hellish": -2,
  "heroic": 3,
  "hideous": -3,
  "hides": -1,
  "hihamọ": -2,
  "hihun": -3,
  "hoax": -2,
  "hohuhohu": -2,
  "homesick": -2,
  "homicide": -2,
  "homicides": -2,
  "hooligan": -2,
  "hooliganism": -2,
  "hooligans": -2,
  "horrendous": -3,
  "horrid": -3,
  "horrified": -3,
  "huckster": -2,
  "hugs": 2,
  "humane": 2,
  "humbug": -2,
  "humerous": 3,
  "humiliated": -3,
  "humorous": 2,
  "humourous": 2,
  "hurray": 5,
  "hurting": -2,
  "hypocritical": -2,
  "hysteria": -3,
  "hysterical": -3,
  "hysterics": -3,
  "ibà": -2,
  "ibaj": -2,
  "ibaje": -2,
  "ibajẹ": -2,
  "ibalokanje": -3,
  "ibanirojọ": -1,
  "ibanuje": -2,
  "ìbànújẹ": -2,
  "ibebe": -2,
  "iberu": -2,
  "ibesile": -2,
  "ibi": -1,
  "ibinu": -2,
  "ibinujẹ": -2,
  "ibon": -1,
  "ibọn": -2,
  "ibùdo": -2,
  "ibugbe": 1,
  "ibukun": 3,
  "icky": -3,
  "idaabobo": -1,
  "idaamu": -2,
  "idaamu ti": -2,
  "idaduro": -1,
  "idagba": 2,
  "idahun": 2,
  "idajo": 2,
  "idakẹ": 2,
  "ìdálẹbi": -2,
  "idalenu": -1,
  "idalọwọduro": -2,
  "idamu": -2,
  "idanilaraya": 2,
  "idaniloju": 1,
  "idanilowoko": 2,
  "idankan": -2,
  "idaran": 1,
  "Ìdáríjì": -2,
  "Idarudapọ": -2,
  "idasesile": -1,
  "idekun": -1,
  "idẹkùn": -2,
  "idena": -2,
  "ìdènà": -1,
  "idẹruba": -2,
  "idi": -3,
  "idibajẹ": -2,
  "idilọwọ": -1,
  "Idilọwọ": -2,
  "idiocy": -3,
  "idiotic": -3,
  "idiwo": -2,
  "idiwọ": -2,
  "idoti": -1,
  "idọti": -2,
  "idotin": -2,
  "idunadura": 2,
  "idunnu": 3,
  "idunran": -2,
  "idunu": 3,
  "iduro": -1,
  "idurosinsin": 2,
  "ifalọkan": 2,
  "ifamọra": 2,
  "ifanimora": 3,
  "ifarada": 2,
  "ifarakanra": -2,
  "ifaramo": 2,
  "ifasita": -2,
  "ife": 2,
  "ifẹ": 2,
  "ìfẹni": 3,
  "iferan": 2,
  "ifesi": -1,
  "ifigagbaga": 2,
  "ifihan": -1,
  "ifilelẹ lọ": -1,
  "ifinran": -2,
  "ifipabanilopo": -4,
  "ìfípáda": -2,
  "ifipako": -2,
  "ifiṣootọ": 2,
  "ifoju": -2,
  "ifojusona": 1,
  "ifowopamọ": 1,
  "ifọwọyi": -1,
  "ìfòyemọ": 2,
  "ifunni": 1,
  "ifura": -2,
  "igba lọwọ ẹni": -2,
  "igbadun": 2,
  "ìgbádùn": 2,
  "igbagbe": -2,
  "igbagbọ": 1,
  "igbala": 2,
  "igbaladun": 2,
  "Igbasoke": 2,
  "igbe": -1,
  "igbe ẹkún": -2,
  "igbega": 1,
  "igbekele": 2,
  "igbeko": -2,
  "igbelaruge": 1,
  "igbeowosile": 1,
  "igbokegbodo": -2,
  "igboya": 2,
  "ìgboyà": 2,
  "Ige": -1,
  "ìgekúrú": -2,
  "ignorant": -2,
  "ihamọ": -2,
  "ija": -1,
  "ijaaya": -3,
  "ijafafa": 2,
  "Ijagunmolu": 4,
  "Ijakadi": -2,
  "ìjàkadì": -2,
  "ijakule": -2,
  "ijamba": -2,
  "Ijamba": -2,
  "ìjàǹbá": -2,
  "ijatil": -2,
  "ijelese": -2,
  "ijoba": -1,
  "ijọba": 1,
  "ijusile": -2,
  "ijuwe": 2,
  "ìkà": -3,
  "ìkan": 3,
  "ikanju": -2,
  "ikãnu": -2,
  "ikewo": -1,
  "ikigbe": -2,
  "ikilo": -3,
  "Ikilọ": -3,
  "Ìkìlọ": -2,
  "ikini": 1,
  "ìkíni": 2,
  "Ikinni": 2,
  "ikiya": 2,
  "iko": -3,
  "ikobiarasi": 3,
  "ikọja": 4,
  "ikolu": -2,
  "ikorira": -2,
  "iku": -2,
  "ikuna": -2,
  "ilara": -1,
  "ilekuro": -1,
  "ilera": 2,
  "ileri": 1,
  "illiteracy": -2,
  "illogical": -2,
  "ìlò": -2,
  "ilodi si": -3,
  "ilokulo": -2,
  "ilosiwaju": -3,
  "ilufin": -3,
  "imaginative": 2,
  "imbecile": -3,
  "imọlẹ": 2,
  "imoriya": 3,
  "ìmọtara": -3,
  "impair": -2,
  "impairs": -2,
  "impeachment": -3,
  "impeachments": -3,
  "impeded": -2,
  "impedes": -2,
  "impeding": -2,
  "impedingly": -2,
  "impressed": 3,
  "impresses": 3,
  "improperly": -2,
  "imudarasi": 2,
  "imuse": 2,
  "iná": -2,
  "inaction": -2,
  "inadequate": -2,
  "inadvertently": -2,
  "incapacitates": -2,
  "incapacitating": -2,
  "incensed": -2,
  "incenses": -2,
  "incensing": -2,
  "incoherent": -2,
  "incompetence": -2,
  "incompetent": -2,
  "incomprehensible": -2,
  "inconsiderate": -2,
  "inconvenient": -2,
  "indecisive": -2,
  "indestructible": 2,
  "indicted": -2,
  "indignant": -2,
  "indoctrinate": -2,
  "indoctrinates": -2,
  "indoctrinating": -2,
  "inediable": -2,
  "ineffectively": -2,
  "ineffectual": -2,
  "inefficiency": -2,
  "inefficiently": -2,
  "inept": -2,
  "ineptitude": -2,
  "inexcusable": -3,
  "inexorable": -3,
  "infantile": -2,
  "infantilized": -2,
  "infatuated": 2,
  "infect": -2,
  "infecting": -2,
  "infects": -2,
  "infest": -2,
  "infested": -2,
  "infesting": -2,
  "infests": -2,
  "inflict": -2,
  "inflicting": -2,
  "inflicts": -2,
  "infract": -2,
  "infracted": -2,
  "infracting": -2,
  "infracts": -2,
  "infuriate": -2,
  "infuriates": -2,
  "infuriating": -2,
  "ìní": 2,
  "inilara": -2,
  "ininilara": -2,
  "inira": -2,
  "innovate": 1,
  "innovates": 1,
  "inoperative": -2,
  "Inquisition": -2,
  "inquisitive": 2,
  "insecure": -2,
  "insensitive": -2,
  "insensitivity": -2,
  "insignificant": -2,
  "insipid": -2,
  "insolvent": -2,
  "insomnia": -2,
  "inspires": 2,
  "insufficiency": -2,
  "insufficient": -2,
  "insufficiently": -2,
  "insulted": -2,
  "insulting": -2,
  "intense": 1,
  "interrogated": -2,
  "interrupting": -2,
  "interruption": -2,
  "interrupts": -2,
  "intimacy": 2,
  "intimidated": -2,
  "intimidates": -2,
  "intimidation": -2,
  "intransigence": -2,
  "intransigency": -2,
  "intricate": 2,
  "intrigues": 1,
  "inu": 1,
  "inú": 1,
  "inu bibi": -2,
  "inu didun": 2,
  "Inudidun": 3,
  "inunibini si": -2,
  "inúnibíni sí": -2,
  "invincible": 2,
  "invulnerable": 2,
  "ipa": 2,
  "ipadasẹhin": -2,
  "ipalara": -2,
  "ipania": -3,
  "ipanilaya": -2,
  "ipaniyan": -3,
  "ìpànìyàn": -3,
  "iparowa": -2,
  "iparun": -2,
  "ìparun": -2,
  "ipaya": -2,
  "ipele": 1,
  "ipenija": -1,
  "iperegede": 3,
  "Ìpínlẹ": 1,
  "ipinnu": 2,
  "ipo ti ko tọ": -2,
  "ìpọnjú": -2,
  "iran": 2,
  "iranlọwọ": 2,
  "iranß": -2,
  "ÌRÀNTÍ": -2,
  "irate": -3,
  "ire": 3,
  "ireje": -3,
  "irẹjẹ": -1,
  "irẹnisilẹ": -3,
  "ireti": 2,
  "ìrètí": 2,
  "irewesi": -2,
  "Irẹwẹsi": -1,
  "Ìrẹwẹsì": -2,
  "ìrìn": 2,
  "ìríra": -3,
  "iro": -2,
  "Ìro": -3,
  "Iro ohun": 4,
  "irokeke": -2,
  "Irokeke": -2,
  "ironic": -1,
  "irony": -1,
  "irora": -2,
  "irọra": -2,
  "irorun": 2,
  "irrational": -1,
  "irreparable": -2,
  "irreproducible": -2,
  "irresistibly": 2,
  "irresolute": -2,
  "irresponsible": -2,
  "irresponsibly": -2,
  "irreversible": -1,
  "irreversibly": -1,
  "irritating": -3,
  "Iru": 2,
  "irufin": -2,
  "iruju": -2,
  "irunu": -3,
  "iṣẹ": -2,
  "Iseese": 2,
  "iṣẹlẹ": -2,
  "išẹlẹ ti": -1,
  "iṣere": 3,
  "isinku": -1,
  "isinwin": -3,
  "Islam": 1,
  "isokan": 2,
  "iṣọkan": 1,
  "isokuso": -1,
  "isọkusọ": -2,
  "isonu": -3,
  "iṣootọ": 3,
  "isoretinu": -3,
  "isoro": -2,
  "iṣoro": -3,
  "iṣọtẹ": -2,
  "iṣura": 2,
  "itajesile": -3,
  "itaniji": -2,
  "itanjẹ": -2,
  "itanran": 2,
  "itara": 2,
  "ìtara": 2,
  "itẹ": 2,
  "iteloju": -3,
  "itemole": -2,
  "iteriba": 2,
  "itesiwaju": 2,
  "itẹwẹgba": -2,
  "itewogba": 1,
  "itiju": -1,
  "ìtìjú": -2,
  "itiju mọlẹ": -2,
  "itiniloju": -2,
  "itumo": -2,
  "itunu": 2,
  "ìtùnú": 2,
  "itura": 2,
  "itura nkan na": 3,
  "iwa": -2,
  "iwaipa": -3,
  "iwaipani ibatan si": -3,
  "iwakọ": -2,
  "iwarìri": -2,
  "iwin": -1,
  "ìwọn": -2,
  "iwontunwonsi": 1,
  "Iwoomusu": -4,
  "ìwọsí": 3,
  "ìwòyí": 2,
  "iwulo": 2,
  "iwunilori": 3,
  "iwunlere": 2,
  "iwuri": 2,
  "iwuri fun": 2,
  "iyà": -3,
  "iyalenu": -2,
  "ìyan": -2,
  "iyanilenu": 1,
  "iyanje": -2,
  "iyanjẹ": -3,
  "iyanu": 4,
  "ìyanu": 4,
  "iyapa": -2,
  "ìyàsímímọ": 2,
  "iyasoto": 2,
  "iyaworan": -1,
  "Iye amin ohunka": -3,
  "iyebiye": 1,
  "iyebíye": 1,
  "iyege": 2,
  "iyemeji": -1,
  "iyì": 2,
  "iyin": 3,
  "ìyìn": 2,
  "iyọnu": -3,
  "ja": -2,
  "jà": -1,
  "ja bo": -1,
  "jackass": -4,
  "jackasses": -4,
  "jafara": -2,
  "jamba": -2,
  "jaunty": 2,
  "jayi": -3,
  "jẹ": -2,
  "je iya": -2,
  "je soke": -3,
  "jẹbi": -3,
  "jegudujera": -4,
  "Jesu": 1,
  "jewo": -1,
  "jẹwọ": -1,
  "ji": 1,
  "jibiti": -2,
  "jìbìtì": -3,
  "jiji": -2,
  "jiju": -1,
  "jilẹ": -2,
  "jiya": -2,
  "jìya": -2,
  "jiyàn": -2,
  "jo": -1,
  "jocular": 2,
  "joke": 2,
  "jokes": 2,
  "jolly": 2,
  "joniloju": 3,
  "jovial": 2,
  "Jowo": 1,
  "jowú": -2,
  "joyless": -2,
  "ju": -1,
  "jubilant": 3,
  "Júdásì": -3,
  "justifiably": 2,
  "kaabọ": 2,
  "kánkán": 2,
  "kanwa": 2,
  "Karachi": -2,
  "kedere": 1,
  "kedun": -2,
  "kepe": 2,
  "kéré": -2,
  "kereje": -3,
  "kerora": -2,
  "kérora": -2,
  "kẹtẹkẹtẹ": -4,
  "kí": 2,
  "kiakia": 1,
  "kickback": -3,
  "kickbacks": -3,
  "kidnap": -2,
  "kidnapped": -2,
  "kidnapping": -2,
  "kidnaps": -2,
  "kigbe": -2,
  "kiko": -2,
  "kikorò": -2,
  "kilo": -2,
  "kìlọ": -2,
  "kinder": 2,
  "ko": 1,
  "kó": -2,
  "kọ": -1,
  "ko dara": -2,
  "ko firi": -3,
  "ko kayawo": -2,
  "ko nimọ": -2,
  "ko si": -1,
  "ko si fun": -3,
  "ko ṣiṣẹ": -3,
  "koju": 2,
  "Kokan": -2,
  "kolu": -1,
  "koninirira": -3,
  "kontaminesonu": -2,
  "koo": -2,
  "kore": -2,
  "kórìíra": -2,
  "korira": -3,
  "korìra": -1,
  "koro": -2,
  "korọrun": -2,
  "koṣe": -3,
  "kosesile": -1,
  "koyewa": -1,
  "ku": -1,
  "kú": -3,
  "kù": 2,
  "Kudos": 3,
  "kukuruẹlérò": -2,
  "kukurusightedness": -2,
  "kun": 2,
  "kuna": -2,
  "kunju": -2,
  "láàyè": 1,
  "lackadaisical": -2,
  "láfẹjù": 2,
  "lagbara": 2,
  "Lágbára": 2,
  "lags": -2,
  "lailewu": 1,
  "laimo": -1,
  "lairotẹlẹ": -2,
  "laisi idanilowoko": 2,
  "lakitiyan": 3,
  "lami": 1,
  "laniiyan": 2,
  "lapa": -2,
  "lapse": -1,
  "lapsed": -1,
  "lare": 2,
  "larinrin": 3,
  "lasan": 4,
  "lásán": 3,
  "lasiri": 2,
  "latari": -3,
  "lati kun": 2,
  "lati šẹda": -2,
  "latifi": -2,
  "latiri": -2,
  "laughting": 1,
  "lawl": 3,
  "lawsuits": -2,
  "le": 2,
  "lé": -2,
  "le \"t duro": -3,
  "lẹbi": -2,
  "lẹbi.": -2,
  "lẹjọ": -2,
  "lẹkan": 2,
  "lẹkun": -1,
  "lelẹ": -2,
  "lenu ise": -2,
  "leri": -2,
  "lero": 2,
  "lesi": -2,
  "lethality": -2,
  "lethargy": -2,
  "leti": 2,
  "lẹwa": 3,
  "lewu": -2,
  "leyiti o": -2,
  "lifeless": -1,
  "lifesaver": 4,
  "lighthearted": 1,
  "likable": 2,
  "likeable": 2,
  "likers": 2,
  "lile": -1,
  "líle": -2,
  "lilu": -1,
  "liti": 1,
  "litigious": -2,
  "livid": -2,
  "lmao": 4,
  "LMFAO": 4,
  "lò": -2,
  "lọ kuro": -4,
  "loathes": -3,
  "loathing": -3,
  "loathsome": -3,
  "lobbied": -2,
  "lobbyist": -2,
  "lobbyists": -2,
  "lodi": -2,
  "lodidi": 2,
  "lododo": 2,
  "logan": 2,
  "lohun": 1,
  "lohùn": -2,
  "lojutu": 2,
  "lokun": 2,
  "lol": 3,
  "lola": 2,
  "lolol": 4,
  "lololol": 4,
  "lolololol": 4,
  "lona": 1,
  "lonesome": -2,
  "lool": 3,
  "loom": -1,
  "loomed": -1,
  "looming": -1,
  "looms": -1,
  "loool": 3,
  "looool": 3,
  "loose": -3,
  "looses": -3,
  "lopin": -1,
  "lopọ": -4,
  "lopo lopo": 1,
  "lopolopo": 1,
  "lọpọlọpọ": 2,
  "lóri": -2,
  "loruko": 1,
  "lọrùn": -2,
  "lousy": -2,
  "lovable": 3,
  "lovelies": 3,
  "lowo": 1,
  "lu": -2,
  "lù": -1,
  "lucrative": 3,
  "ludicrous": -3,
  "lugubrious": -2,
  "lunatic": -3,
  "lunatics": -3,
  "lurk": -1,
  "lurking": -1,
  "m": 2,
  "ma": 1,
  "macabre": -2,
  "maddening": -3,
  "madly": -3,
  "majele": -2,
  "majele ti": -3,
  "maladaption": -2,
  "maldevelopment": -2,
  "maltreatment": -2,
  "maṣe bi": -2,
  "masterpieces": 4,
  "mbà": -3,
  "meaningless": -2,
  "medal": 3,
  "mediocrity": -3,
  "meditative": 1,
  "meedogbon": -3,
  "melancholy": -2,
  "menaces": -2,
  "mesmerizing": 3,
  "messed": -2,
  "messing soke": -2,
  "methodical": 2,
  "methodically": 2,
  "mí": 2,
  "miiran": -1,
  "mindless": -2,
  "mirthful": 3,
  "mirthfully": 3,
  "misbehave": -2,
  "misbehaved": -2,
  "misbehaves": -2,
  "misbranding": -3,
  "miscast": -2,
  "misclassified": -2,
  "misclassifies": -2,
  "misclassify": -2,
  "misconducted": -2,
  "misconducting": -2,
  "misconducts": -2,
  "miserable": -3,
  "misery": -2,
  "misfire": -2,
  "misgiving": -2,
  "misinformed": -2,
  "misinterpreted": -2,
  "misleaded": -3,
  "misplace": -2,
  "misplaces": -2,
  "misplacing": -2,
  "mispricing": -3,
  "misread": -1,
  "misreport": -2,
  "misreported": -2,
  "misreporting": -2,
  "misreports": -2,
  "misrepresent": -2,
  "misrepresentation": -2,
  "misrepresentations": -2,
  "misrepresented": -2,
  "misrepresenting": -2,
  "misrepresents": -2,
  "miss": -2,
  "mistaking": -2,
  "misunderstand": -2,
  "misunderstands": -2,
  "misusing": -2,
  "mo": -2,
  "mọ": 2,
  "moan": -2,
  "moaned": -2,
  "moans": -2,
  "Mock": -2,
  "modernize": 2,
  "modernized": 2,
  "modernizes": 2,
  "modernizing": 2,
  "mọlẹbi": 1,
  "mọnamọna": -2,
  "mongering": -2,
  "monopolize": -2,
  "monopolized": -2,
  "monopolizes": -2,
  "monopolizing": -2,
  "monotone": -1,
  "mope": -1,
  "moping": -1,
  "mọrírì": 2,
  "moriwu": 3,
  "moron": -3,
  "motherfucker": -5,
  "motherfucking": -5,
  "motivating": 2,
  "motiyo": -2,
  "mọyì": 2,
  "mu": 2,
  "mú": -2,
  "mú inú": 2,
  "mu yó": -2,
  "Muddy": -2,
  "mule": 2,
  "mumpish": -2,
  "munadoko": 2,
  "mura gidigidi": 2,
  "murdering": -3,
  "murders": -2,
  "murky": -2,
  "muyan": -3,
  "n mu ọti pupọ": -3,
  "n00b": -2,
  "na": -2,
  "nà": -3,
  "Naamani": -2,
  "narcissism": -2,
  "nba": -3,
  "nbaje": -2,
  "nda": -2,
  "Ndari awọn": -1,
  "nderu": -3,
  "ndin": 2,
  "negativity": -2,
  "neglects": -2,
  "nervously": -2,
  "nfẹ": 2,
  "nfi": -2,
  "ngbẹsan": -2,
  "ni aanu": -2,
  "ni abojuto ti": 2,
  "ni aigbeka": -1,
  "ni ere": 2,
  "ni ibe": 2,
  "ni idaabobo": 1,
  "ni idaduro": -1,
  "ni ife": 3,
  "ni ifijišẹ": 3,
  "ni ifipamo": 2,
  "ni ifojusi": 1,
  "ni ihamọ": -2,
  "ni ihuwasi": 2,
  "ni ipò": 3,
  "ni itara": 2,
  "ni okun": 2,
  "ni Taoreta": -2,
  "ni tipatipa": -3,
  "níbẹ": -2,
  "níbẹrù": -2,
  "níbi": -3,
  "nice": 3,
  "nife": 2,
  "nífẹẹrere": 3,
  "nifty": 2,
  "niggas": -5,
  "nigger": -5,
  "nik": -4,
  "nikan": -2,
  "nilokulo": -2,
  "nínàgà": 1,
  "nini": 2,
  "nira": 3,
  "niwa": 2,
  "niya": -3,
  "niyanju": 2,
  "niyi": 2,
  "njijadu": -2,
  "njiya": -3,
  "nkanigbega": 3,
  "nki": -2,
  "nkigbe": -2,
  "nla": 3,
  "noblest": 2,
  "nọmbafoonu": -1,
  "noob": -2,
  "nosi": -2,
  "noya": 2,
  "npọn": -1,
  "npongbe": -1,
  "nre": -2,
  "nrerin": 1,
  "nse": 1,
  "nṣi": -2,
  "nso": 1,
  "ntàn mọlẹ": 2,
  "nwaye": -2,
  "nyara": -2,
  "nyi": 2,
  "nyọ": 4,
  "o dara": 2,
  "o dọti": -2,
  "o felomiran": -1,
  "o lagbara": 1,
  "o lapẹẹrẹ": 2,
  "o nbe": -1,
  "o nburu": -2,
  "o njo": 3,
  "o rẹwa": 3,
  "o ṣẹ": -2,
  "o ṣeun": 2,
  "o ṣi": -1,
  "o tayọ": 3,
  "o ti le pin": 1,
  "o tù": -1,
  "o wu": 4,
  "obliterate": -2,
  "obliterated": -2,
  "obnoxious": -3,
  "obo": -2,
  "obscene": -2,
  "obstinate": -2,
  "obstructed": -2,
  "obstructing": -2,
  "obstructs": -2,
  "oburewa": -3,
  "odaran": -3,
  "ọdaran": -2,
  "ọdaràn": -3,
  "odd": -2,
  "ode": -3,
  "odi": -2,
  "ododo": 2,
  "ọdun": -3,
  "offending": -2,
  "offends": -2,
  "offensively": -2,
  "offline": -1,
  "ofi": 2,
  "ofin": 1,
  "ofin si": 1,
  "ọfọ": -2,
  "ofofo": 3,
  "ogbo": 2,
  "ogbon": -3,
  "ọgbọn": 2,
  "ogo": 2,
  "ogun": -1,
  "oguna": 2,
  "ohun amorindun": -1,
  "ohun iwuri": 5,
  "ojo": -1,
  "ọjo": 2,
  "ojurere": 2,
  "ojuse": 1,
  "ojutu": 1,
  "okanjuwa": -3,
  "oke": 2,
  "okeerẹ": 2,
  "oks": 2,
  "okú": -3,
  "òkú": -1,
  "òkunkun": -1,
  "ọlá": 2,
  "ọlẹ": -1,
  "ọlọdun": 2,
  "olofo": -3,
  "ologbon": 2,
  "olóko": -2,
  "ọlọla": 2,
  "olominira ti": 1,
  "olóòótọ": 3,
  "olori": 1,
  "oloriburuku": -3,
  "olorinrin": 3,
  "oloro": 2,
  "ọlọrọ": 2,
  "ọlọrun": 1,
  "olote": -2,
  "oloyinmọmọ": 3,
  "olufaragba": -3,
  "olufaraji": 1,
  "olufẹ": 3,
  "olufokansin": 1,
  "Olufowosi": 1,
  "olugbeja": 2,
  "olugbẹsan": -2,
  "olukoni": 1,
  "oluso": 2,
  "omije": -2,
  "ominira": 2,
  "òmìnira": 2,
  "ominous": 3,
  "Ọmọ ale": -5,
  "ọmọde": -3,
  "omu": -2,
  "omugo": -3,
  "òmùgọ": -2,
  "ona abayo": -1,
  "ondè": -2,
  "onibaje": -4,
  "onibaje cute": 4,
  "onibaje fẹ": 4,
  "onibaje gbona": 2,
  "onibaje ife": 4,
  "onibaje ikọja": 4,
  "onibaje iyanu": 4,
  "onibaje lẹwa": 4,
  "onibaje nla": 4,
  "onibaje pipe": 4,
  "onibaje ti o dara": 4,
  "onidan": -2,
  "onígboyà": 2,
  "onijagidijagan": -2,
  "onilàkaye": 2,
  "onilọra": -2,
  "onimo": -2,
  "onimoto": -2,
  "oninurere": 2,
  "onírẹlẹ": 1,
  "onírúkèrúdò": -2,
  "oniwa": 2,
  "oniyi": 4,
  "ooko": -2,
  "opo": -1,
  "oppressive": -2,
  "optimism": 2,
  "optionless": -2,
  "opuro": -3,
  "ore": 2,
  "oreọfẹ": 1,
  "orififo": -2,
  "oriire": 2,
  "Oriire": 3,
  "orire": 3,
  "oriri:": -2,
  "oriyin": 2,
  "ọrọ": 3,
  "orun": 4,
  "õrùn": 3,
  "ọrun": 2,
  "osese": -2,
  "osi": -1,
  "òßónú": -2,
  "ostracize": -2,
  "ostracizes": -2,
  "osunmo": -1,
  "ọta": -1,
  "ọtá": -2,
  "ọtẹ": -3,
  "otitọ": 2,
  "ọtun itọsọna": 3,
  "ouch": -2,
  "outage": -2,
  "outages": -2,
  "outmaneuvered": -2,
  "outnumbered": -2,
  "outraged": -3,
  "outrageous": -3,
  "overprotective": -2,
  "overran": -2,
  "overreact": -2,
  "overreacted": -2,
  "overreacting": -2,
  "overreaction": -2,
  "overreacts": -2,
  "oversell": -2,
  "overselling": -2,
  "oversells": -2,
  "oversimplification": -2,
  "oversimplified": -2,
  "oversimplifies": -2,
  "oversimplify": -2,
  "oversold": -2,
  "overstatement": -2,
  "overstatements": -2,
  "overwrought": -3,
  "owo": -2,
  "ọwọ": 2,
  "ọwọn": 2,
  "owú": -2,
  "oxymoron": -1,
  "oye": 2,
  "pa": -1,
  "pada": 1,
  "pada sipo": 1,
  "padanu": -2,
  "padasehin": -1,
  "pajawiri": -2,
  "pakute": -1,
  "palara": -2,
  "pale": -2,
  "palolo": -1,
  "pan": 1,
  "panics": -3,
  "panilerin": 2,
  "para": -1,
  "paradise": 3,
  "paradox": -1,
  "pardon": 2,
  "pardoned": 2,
  "pardoning": 2,
  "pardons": 2,
  "pariwo": -2,
  "parley": -1,
  "parowa": 1,
  "paruwo": -2,
  "passively": -1,
  "pataki": 2,
  "pathetic": -2,
  "pawonre": -1,
  "pe": 1,
  "pé": 2,
  "peacefully": 2,
  "pele": 3,
  "pẹlu ibu iyin": 3,
  "penalized": -2,
  "penalizes": -2,
  "penalizing": -2,
  "pensive": -1,
  "perfects": 2,
  "perjury": -3,
  "perpetrator": -2,
  "perpetrators": -2,
  "persecutes": -2,
  "perturbed": -2,
  "pese": 1,
  "pesky": -2,
  "pessimism": -2,
  "petrified": -2,
  "philanthropy": 2,
  "phobic": -2,
  "picturesque": 2,
  "pileup": -1,
  "pín": 1,
  "pinnu": 2,
  "pinpin": 1,
  "pipa": -3,
  "Pipa": 2,
  "pipe": 3,
  "pipé": 3,
  "pípe": 1,
  "Pipese": 2,
  "pique": -2,
  "piqued": -2,
  "piteous": -2,
  "plagued": -3,
  "plaguing": -3,
  "playful": 2,
  "plodding": -2,
  "pọ": 1,
  "poignant": 2,
  "pointless": -2,
  "poised": -2,
  "poisoned": -2,
  "poisons": -2,
  "politeness": 2,
  "pollutant": -2,
  "polluter": -2,
  "polluters": -2,
  "pollutes": -2,
  "postpone": -1,
  "postpones": -1,
  "postponing": -1,
  "prblm": -2,
  "prblms": -2,
  "predatory": -2,
  "pressured": -2,
  "prick": -5,
  "profiteer": -2,
  "prosecuted": -2,
  "prosecutes": -1,
  "protest": -2,
  "pseudoscience": -3,
  "psychopathic": -2,
  "punitive": -2,
  "pupo": -2,
  "pupq": 2,
  "purest": 1,
  "puro": -2,
  "purposeful": 2,
  "pushy": -1,
  "puzzled": -2,
  "qkan": 2,
  "quaking": -2,
  "rà": 2,
  "racists": -3,
  "radara": -2,
  "rageful": -2,
  "ran": 2,
  "ran lọwọ": 1,
  "ranse siti ewu nla": -2,
  "ranter": -3,
  "ranters": -3,
  "rants": -3,
  "rapist": -4,
  "raptured": 2,
  "raptures": 2,
  "rapturous": 4,
  "rara": -2,
  "re": 1,
  "Rẹ Lọkànle": 1,
  "refines": 1,
  "refreshingly": 2,
  "regede": 2,
  "regretful": -2,
  "regrets": -2,
  "regretting": -2,
  "reje": -3,
  "rẹláti": -2,
  "relentless": -1,
  "reliably": 2,
  "relieved": 2,
  "relieves": 1,
  "relishing": 2,
  "remorse": -2,
  "repellent": -2,
  "repercussion": -2,
  "repete": -2,
  "reprimand": -2,
  "reprimanding": -2,
  "reprimands": -2,
  "Repulse": -1,
  "repulsed": -2,
  "rere": 2,
  "rerin": 2,
  "rẹrin": 1,
  "rẹrìn": 1,
  "resentful": -2,
  "resign": -1,
  "resigns": -1,
  "Resolute": 2,
  "resolved": 2,
  "resolves": 2,
  "restful": 2,
  "restless": -2,
  "restores": 1,
  "restricts": -2,
  "retard": -2,
  "retarded": -2,
  "revengeful": -2,
  "revered": 2,
  "revives": 2,
  "rẹwa": 3,
  "rì": -2,
  "ri to": 2,
  "ribee": -2,
  "richly": 2,
  "rigged": -1,
  "rightful": 2,
  "rightfully": 2,
  "rigorously": 3,
  "rii": 2,
  "rii daju": 1,
  "rikisi": -3,
  "rin jade": -2,
  "riots": -2,
  "rirẹ": -2,
  "riri": 2,
  "riru": -2,
  "rírùn": -2,
  "riveting": 3,
  "rọ": -2,
  "Rob": -2,
  "robber": -2,
  "robed": -2,
  "robi": -1,
  "robing": -2,
  "robs": -2,
  "rofl": 4,
  "roflcopter": 4,
  "roflmao": 4,
  "rogbodiyan": -2,
  "Rogbodiyan": -2,
  "rojọ": -2,
  "roju": -2,
  "romantical": 2,
  "romantically": 2,
  "roo": -1,
  "rorun": 1,
  "rọrun": -2,
  "rotfl": 4,
  "rotflmfao": 4,
  "rotflol": 4,
  "rotten": -3,
  "ru": 1,
  "rú": -2,
  "rudurudu": -2,
  "rufin": -2,
  "ruining": -2,
  "run": -3,
  "rùn": -2,
  "ruwa": -1,
  "sá": -1,
  "saami": 2,
  "sabotage": -2,
  "sadden": -2,
  "saddened": -2,
  "safikun": 2,
  "ṣakoso": 2,
  "salient": 1,
  "salutes": 2,
  "saluting": 2,
  "san": -1,
  "ṣàníyàn": -2,
  "sappy": -1,
  "sarcastic": -2,
  "savange": -2,
  "savanges": -2,
  "sayeye": 3,
  "sayin": 3,
  "scandalous": -3,
  "scandals": -3,
  "scapegoats": -2,
  "scold": -2,
  "screams": -2,
  "scumbag": -4,
  "se": 3,
  "sẹ": -2,
  "ṣe": 2,
  "ṣẹ": 2,
  "ṣesoke": -1,
  "se igbekale": 1,
  "seamlessly": 2,
  "secures": 2,
  "sedede": -2,
  "sedition": -2,
  "seditious": -2,
  "ségesège": -2,
  "segun": 3,
  "ṣẹgun": -2,
  "sele": -2,
  "sele si": -2,
  "Selote": -2,
  "sentencing": -2,
  "serene": 2,
  "seresere": 2,
  "sewon": -2,
  "sexist": -2,
  "sexistic": -2,
  "sexy": 3,
  "shaky": -2,
  "shithead": -4,
  "shitty": -3,
  "shoody": -2,
  "shrew": -4,
  "ṣi": -3,
  "si kún fun ibinu": -3,
  "si rọ": -2,
  "si tako": -1,
  "sib": 1,
  "siba": -1,
  "sigh": -2,
  "significant": 1,
  "ṣigọgọ": -2,
  "sii": -3,
  "sikandali": -3,
  "ṣìkẹ": 2,
  "silẹ": -1,
  "silencing": -1,
  "silori": -1,
  "silu": -1,
  "sima": -2,
  "simi": 3,
  "sin": -2,
  "sín": -2,
  "sìn": 3,
  "sina": -2,
  "sincerest": 2,
  "sincerity": 2,
  "singleminded": -2,
  "sinilona": -3,
  "sipaki": 1,
  "ṣiṣe": 1,
  "sisegun": -2,
  "sisilo": -1,
  "sisu": -2,
  "ṣíṣú": -2,
  "ṣiyemeji": -2,
  "skeptic": -2,
  "skeptical": -2,
  "skepticism": -2,
  "skeptics": -2,
  "Slam": -2,
  "slashed": -2,
  "slashes": -2,
  "slashing": -2,
  "slicker": 2,
  "slickest": 2,
  "sloppy": -2,
  "slumping": -1,
  "smartest": 2,
  "smati": 1,
  "smear": -2,
  "smile": 2,
  "smog": -2,
  "smuggle": -2,
  "smuggled": -2,
  "smuggles": -2,
  "smuggling": -2,
  "sneaky": -1,
  "sneeze": -2,
  "sneezes": -2,
  "sneezing": -2,
  "snub": -2,
  "snubbed": -2,
  "snubbing": -2,
  "snubs": -2,
  "so": 2,
  "sobering": 1,
  "sodi": -2,
  "ṣodi": -2,
  "ṣofintoto": -2,
  "sofo": -1,
  "ṣofo": -1,
  "ṣọfọ": -2,
  "sọji": 2,
  "ṣojulọyin": 3,
  "sokun": -2,
  "solidarity": 2,
  "solidified": 2,
  "solidifies": 2,
  "solidify": 2,
  "solidifying": 2,
  "solusan": 1,
  "solves": 1,
  "somber": -2,
  "sonu": -2,
  "sọnu": -2,
  "soothe": 3,
  "soothed": 3,
  "sooto": 1,
  "sope": 2,
  "ṣọra": 2,
  "soro": -1,
  "ṣọtẹ": -2,
  "soto": -2,
  "spam": -2,
  "spammer": -3,
  "spammers": -3,
  "spamming": -2,
  "sparkle": 3,
  "sparkles": 3,
  "spearhead": 2,
  "speculative": -2,
  "spirited": 2,
  "spiritless": -2,
  "spiteful": -2,
  "splendid": 3,
  "spoiled": -2,
  "spotless": 2,
  "sprightly": 2,
  "squander": -2,
  "squandered": -2,
  "squandering": -2,
  "squanders": -2,
  "squelched": -1,
  "stab": -2,
  "stabs": -2,
  "stalled": -2,
  "stalling": -2,
  "stamina": 2,
  "stampede": -2,
  "startling": 3,
  "starve": -2,
  "starved": -2,
  "starves": -2,
  "steadfast": 2,
  "steals": -2,
  "stereotype": -2,
  "stereotyped": -2,
  "stifled": -1,
  "stimulates": 1,
  "stingy": -2,
  "stinked": -2,
  "stinker": -2,
  "stinks": -2,
  "stinky": -2,
  "strangely": -1,
  "stressor": -2,
  "stressors": -2,
  "stricken": -2,
  "strikers": -2,
  "stunned": -2,
  "stupidly": -2,
  "suave": 2,
  "subpoena": -2,
  "substantially": 1,
  "Sue": -2,
  "sueing": -2,
  "sues": -2,
  "sufferers": -2,
  "suicidal": -2,
  "suicides": -2,
  "suing": -2,
  "sulking": -2,
  "sulky": -2,
  "sullen": -2,
  "sunkún": -2,
  "sunmi": -2,
  "Super": 3,
  "superior": 2,
  "support": 2,
  "súre": 2,
  "Súre": 2,
  "suru": -1,
  "surviving": 2,
  "suspecting": -1,
  "sustainably": 2,
  "sweetest": 3,
  "swiftly": 2,
  "swindle": -3,
  "swindles": -3,
  "swindling": -3,
  "Taara": 1,
  "tainted": -2,
  "takiti": 2,
  "tako": -2,
  "Talent": 2,
  "talika": -2,
  "tan": -1,
  "tàn": -3,
  "tard": -2,
  "tarnish": -2,
  "tarnished": -2,
  "tarnishes": -2,
  "tenderness": 2,
  "tenumo": -2,
  "terrifically": 4,
  "terrorize": -3,
  "terrorized": -3,
  "terrorizes": -3,
  "tewogba": 2,
  "thwart": -2,
  "thwarting": -2,
  "tì": -2,
  "ti a fọwọsi": 2,
  "ti aifẹ": -2,
  "ti ariyanjiyan": -2,
  "ti atijo": -2,
  "ti bajẹ": -3,
  "ti daranjẹ": -2,
  "ti de": -2,
  "ti de soke": -3,
  "ti ewu nla": -3,
  "ti idanimọ": 2,
  "ti igbaraga": -2,
  "ti jo": -1,
  "ti kiiti a fọwọsi": -2,
  "ti kii ṣe otitọ": -3,
  "ti ko tọ": -2,
  "ti nderuba": -3,
  "ti nhu": 3,
  "ti nka": 3,
  "ti nṣiṣe lọwọ": 1,
  "ti o dara": 3,
  "ti o dara ju": 3,
  "ti o dara ju gangan": 4,
  "ti o nilari": 2,
  "ti o ti fipamọ": 2,
  "ti o tọ": 2,
  "ti o tobi": 3,
  "ti oro kan": -2,
  "ti paṣẹ": -1,
  "ti re": -2,
  "ti rẹrin musẹ": 2,
  "ti ṣèlérí": 1,
  "ti won ti refaini": 1,
  "tii": -2,
  "timid": -2,
  "timorous": -2,
  "tiodaralopolopo": 3,
  "titẹ": -1,
  "títọjú": 2,
  "tọ": 2,
  "to banikedun ninu": 2,
  "to dara julọ": 5,
  "to sese": 1,
  "to ti ni ilọsiwaju": 1,
  "tobi": 3,
  "tọju": -1,
  "tọkàntọkàn": 2,
  "toothless": -2,
  "toripe o": -2,
  "tortured": -4,
  "tortures": -4,
  "torturing": -4,
  "totalitarian": -2,
  "totalitarianism": -2,
  "touted": -2,
  "touting": -2,
  "touts": -2,
  "tragedies": -2,
  "tranquil": 2,
  "transgressing": -2,
  "travesty": -2,
  "treasonous": -3,
  "tremor": -2,
  "tremors": -2,
  "tremulous": -2,
  "trickery": -2,
  "troubling": -2,
  "tù": 2,
  "tubo": -2,
  "tubu": -2,
  "tumo": -2,
  "tunasiri": -1,
  "tunu": 2,
  "turari": -2,
  "tutu": 2,
  "tutù": 2,
  "twat": -5,
  "tyran": -3,
  "tyrannic": -3,
  "tyrannical": -3,
  "tyrannically": -3,
  "tyrans": -3,
  "ugh": -2,
  "ugliness": -3,
  "unappeasable": -2,
  "unappreciated": -2,
  "unapproved": -2,
  "unattractive": -2,
  "unavailing": -2,
  "unbearable": -2,
  "uncertain": -1,
  "unconcerned": -2,
  "unconfirmed": -1,
  "unconvinced": -1,
  "uncredited": -1,
  "undecided": -1,
  "undercooked": -2,
  "underestimate": -1,
  "underestimated": -1,
  "underestimates": -1,
  "underestimating": -1,
  "undermined": -2,
  "undermines": -2,
  "undermining": -2,
  "underperform": -2,
  "underperformed": -2,
  "underperforming": -2,
  "underperforms": -2,
  "undeserving": -2,
  "undesirable": -2,
  "uneasy": -2,
  "unequal": -1,
  "unequaled": 2,
  "unethical": -2,
  "uneventful": -2,
  "unfavorable": -2,
  "unfit": -2,
  "unfitted": -2,
  "unfocused": -2,
  "Unforgivable": -3,
  "unfulfilled": -2,
  "unfunny": -2,
  "ungenerous": -2,
  "unhygienic": -2,
  "unimaginative": -2,
  "unimpressed": -2,
  "uninspired": -2,
  "unintelligent": -2,
  "uninvolving": -2,
  "unlovable": -2,
  "unloved": -2,
  "unmatched": 1,
  "unmotivated": -2,
  "unoriginal": -2,
  "unparliamentary": -2,
  "unpleasant": -2,
  "unpleasantness": -2,
  "unprofessional": -2,
  "unravel": 1,
  "unreleting": -2,
  "unresearched": -2,
  "unsatisfied": -2,
  "unscientific": -2,
  "unsecured": -2,
  "unselfish": 2,
  "unsettled": -1,
  "unsold": -1,
  "unsophisticated": -2,
  "unsound": -2,
  "unstoppable": 2,
  "unsuccessfully": -2,
  "unsupported": -2,
  "untarnished": 2,
  "untrue": -2,
  "unworthy": -2,
  "uplifting": 2,
  "upsets": -2,
  "upsetting": -2,
  "uptight": -2,
  "uselessness": -2,
  "validates": 1,
  "validating": 1,
  "vapid": -2,
  "verdicts": -1,
  "vexing": -2,
  "vicious": -2,
  "victimization": -3,
  "victimize": -3,
  "victimizes": -3,
  "victimizing": -3,
  "victories": 3,
  "victors": 3,
  "vigilant": 3,
  "vigor": 3,
  "vile": -3,
  "vindicates": 2,
  "virulent": -2,
  "visionary": 3,
  "visioning": 1,
  "vitality": 3,
  "Vitamin": 1,
  "vitriolic": -3,
  "vivacious": 3,
  "vividly": 2,
  "vociferous": -1,
  "vomits": -3,
  "wáà": -1,
  "wahala": -1,
  "wahalà": -2,
  "wàhálà": -2,
  "waleyin": 2,
  "walkouts": -2,
  "wanker": -3,
  "warmhearted": 2,
  "warmness": 2,
  "wasted": -2,
  "wẹ": 2,
  "welcome": 2,
  "were": -2,
  "whimsical": 1,
  "whitewash": -3,
  "win": 4,
  "Winner": 4,
  "winwin": 3,
  "wípé": 2,
  "wits": 2,
  "wiwọle": 1,
  "wọ": -1,
  "woebegone": -2,
  "woeful": -3,
  "won": 3,
  "wonderfully": 4,
  "Woo": 3,
  "woohoo": 3,
  "woôn": 2,
  "wooo": 4,
  "woow": 4,
  "worsened": -3,
  "wowow": 4,
  "wowww": 4,
  "wrenching": -2,
  "wrongful": -2,
  "WTF": -4,
  "wtff": -4,
  "wtfff": -4,
  "wú": 2,
  "wulo": 2,
  "wuni": 2,
  "wunilori": 2,
  "wuwo": -2,
  "xo": 3,
  "xoxo": 3,
  "xoxoxo": 4,
  "xoxoxoxo": 4,
  "ya": 3,
  "yà": 3,
  "ya sọtọ": -1,
  "yadi": -3,
  "yago fun": -1,
  "yangan": 2,
  "yanilenu": 5,
  "yanju": 1,
  "yanjú": 2,
  "yanturu": -2,
  "yanu": -2,
  "yara": 2,
  "yasọtọ": 3,
  "yato si": 2,
  "ye": 2,
  "yẹ": 2,
  "Yeah": 1,
  "yearning": 1,
  "yee": -1,
  "Yeee": -2,
  "yeees": 2,
  "yege": 3,
  "yẹpẹrẹ": -2,
  "yewo": 2,
  "yeye": -3,
  "yẹyẹ": -2,
  "yi": -3,
  "yin": 3,
  "yìn": 3,
  "yinwa": -2,
  "yinyin": 2,
  "yiya": 3,
  "yiyọ": -3,
  "yọ": 4,
  "yọ kuro": -1,
  "yọǹda": 2,
  "youthful": 2,
  "yucky": -2,
  "yun": -2,
  "zealots": -2
}