{
  "absentees": -1,
  "absolves": 2,
  "adoringly": 3,
  "affectionateness": 3,
  "agog": 2,
  "agonises": -3,
  "agonize": -3,
  "agonizes": -3,
  "alarmists": -2,
  "amaze": 2,
  "apeshit": -3,
  "appeases": 2,
  "arsehole": -4,
  "assfucking": -4,
  "astoundingly": 3,
  "badass": -3,
  "bamboozled": -2,
  "bamboozles": -2,
  "bankster": -3,
  "bereaves": -2,
  "bereaving": -2,
  "Best Damn": 4,
  "brilliances": 3,
  "bummer": -2,
  "cashing во": -2,
  "charmless": -3,
  "chiding": -3,
  "clueless": -2,
  "cocksucker": -5,
  "cocksuckers": -5,
  "conciliated": 2,
  "conciliates": 2,
  "conciliating": 2,
  "consolable": 2,
  "courageousness": 2,
  "crappy": -3,
  "criminate": -3,
  "criminated": -3,
  "criminates": -3,
  "defrauds": -3,
  "dehumanize": -2,
  "dehumanizes": -2,
  "deject": -2,
  "dejecting": -2,
  "dejects": -2,
  "delighting": 3,
  "deniers": -2,
  "deploring": -3,
  "derails": -2,
  "devastations": -2,
  "Dickhead": -4,
  "dilligence": 2,
  "dipshit": -3,
  "dirtier": -2,
  "dirtiest": -2,
  "disapprovals": -2,
  "disconsolate": -2,
  "disgustful": -3,
  "disparaged": -2,
  "disparages": -2,
  "dolorous": -2,
  "drag": -1,
  "droopy": -2,
  "duped": -2,
  "dupery": -2,
  "eery": -2,
  "enraging": -2,
  "ErrorUndefined": 1,
  "evacuates": -1,
  "evergreening": -3,
  "exasparate": -2,
  "exasperates": -2,
  "excruciatingly": -1,
  "exhilarates": 3,
  "exonerates": 2,
  "exonerating": 2,
  "exultantly": 3,
  "fabulously": 4,
  "FAG": -3,
  "faking": -3,
  "favourited": 2,
  "fervid": 2,
  "flustered": -2,
  "forgettable": -1,
  "frikin": -2,
  "FTW": 3,
  "fucker": -4,
  "fuckers": -4,
  "fuckface": -4,
  "fuckhead": -4,
  "fucktard": -4,
  "FUD": -3,
  "fuked": -4,
  "fuking": -4,
  "gagged": -2,
  "goodlooking": 3,
  "goofiness": -2,
  "GR8": 3,
  "greenwash": -3,
  "greenwasher": -3,
  "greenwashers": -3,
  "hahahah": 3,
  "haplessness": -2,
  "hardier": 2,
  "hater": -3,
  "heavyhearted": -2,
  "hehe": 2,
  "humerous": 3,
  "icky": -3,
  "impeachments": -3,
  "impedingly": -2,
  "incenses": -2,
  "incensing": -2,
  "indoctrinating": -2,
  "inediable": -2,
  "infesting": -2,
  "infract": -2,
  "infracted": -2,
  "infracting": -2,
  "infracts": -2,
  "infuriating": -2,
  "innovates": 1,
  "intransigency": -2,
  "irreproducible": -2,
  "jackasses": -4,
  "jocular": 2,
  "laughting": 1,
  "lawl": 3,
  "lifesaver": 4,
  "lighthearted": 1,
  "likers": 2,
  "litigious": -2,
  "lmao": 4,
  "LMFAO": 4,
  "lolol": 4,
  "lololol": 4,
  "lolololol": 4,
  "lool": 3,
  "loool": 3,
  "looool": 3,
  "maddening": -3,
  "maladaption": -2,
  "maldevelopment": -2,
  "MEMORIAM": -2,
  "menaces": -2,
  "mirthfully": 3,
  "misbehaved": -2,
  "misbranding": -3,
  "miscast": -2,
  "mischiefs": -1,
  "misclassified": -2,
  "misclassifies": -2,
  "misclassify": -2,
  "misconducted": -2,
  "misconducting": -2,
  "misconducts": -2,
  "misinformed": -2,
  "misleaded": -3,
  "misplaces": -2,
  "mispricing": -3,
  "misreport": -2,
  "misreported": -2,
  "misreports": -2,
  "mope": -1,
  "moping": -1,
  "motherfucking": -5,
  "mumpish": -2,
  "n00b": -2,
  "niggas": -5,
  "noob": -2,
  "optionless": -2,
  "ostracizes": -2,
  "outages": -2,
  "overreact": -2,
  "overreacts": -2,
  "oversell": -2,
  "overselling": -2,
  "oversells": -2,
  "oversimplifies": -2,
  "oversold": -2,
  "overstatements": -2,
  "piqued": -2,
  "piteous": -2,
  "prblm": -2,
  "prblms": -2,
  "rageful": -2,
  "ranters": -3,
  "rants": -3,
  "raptured": 2,
  "revengeful": -2,
  "robing": -2,
  "rofl": 4,
  "roflcopter": 4,
  "roflmao": 4,
  "romantical": 2,
  "rotfl": 4,
  "rotflmfao": 4,
  "rotflol": 4,
  "sadden": -2,
  "savange": -2,
  "savanges": -2,
  "sexistic": -2,
  "shithead": -4,
  "shoody": -2,
  "singleminded": -2,
  "slickest": 2,
  "sneaky": -1,
  "snubbed": -2,
  "snubbing": -2,
  "snubs": -2,
  "solidifies": 2,
  "son of a bitch": -5,
  "squelched": -1,
  "stinked": -2,
  "sueing": -2,
  "sulking": -2,
  "Tard": -2,
  "thwarting": -2,
  "timorous": -2,
  "touting": -2,
  "touts": -2,
  "twat": -5,
  "tyran": -3,
  "tyrannic": -3,
  "tyrannically": -3,
  "tyrans": -3,
  "ugh": -2,
  "unappeasable": -2,
  "uncredited": -1,
  "unfitted": -2,
  "unfunny": -2,
  "ungenerous": -2,
  "uninvolving": -2,
  "unreleting": -2,
  "unresearched": -2,
  "victimizes": -3,
  "winwin": 3,
  "wits": 2,
  "woebegone": -2,
  "woohoo": 3,
  "wooo": 4,
  "woow": 4,
  "wowow": 4,
  "wowww": 4,
  "wtf": -4,
  "wtff": -4,
  "wtfff": -4,
  "XO": 3,
  "xoxo": 3,
  "xoxoxo": 4,
  "xoxoxoxo": 4,
  "yeees": 2,
  "yucky": -2,
  "авангард": 2,
  "авантура": 2,
  "авантури": 2,
  "авантурист": 2,
  "авантуристички": 2,
  "автоопрелестен": -2,
  "агресивен": -2,
  "агресивност": -2,
  "агресии": -2,
  "агресија": -2,
  "активен": 1,
  "акции": 1,
  "аларм": -2,
  "алармантно": -2,
  "алармирање": -1,
  "Алелуја": 3,
  "алергиски": -2,
  "алтруистички": 2,
  "алчен": -2,
  "алчност": -3,
  "амбивалентен": -1,
  "амбициозни": 2,
  "Анже": -3,
  "анимозитет": -2,
  "анксиозност": -2,
  "антагонистички": -2,
  "анти": -1,
  "апатија": -2,
  "апатични": -3,
  "аплаудира": 2,
  "аплаудираа": 2,
  "аплауз": 2,
  "аплаузи": 2,
  "апокалиптични": -2,
  "апостолки": -2,
  "апсењата": -2,
  "апсолвирање": 2,
  "апсорбира": 1,
  "арогантен": -2,
  "аспекти": 2,
  "атентат": -3,
  "атентати": -3,
  "атмосфера": 2,
  "атрактивна": 2,
  "атракции": 2,
  "аура": 1,
  "бакнеж": 2,
  "банален": -2,
  "банкротира": -3,
  "барајќи": -1,
  "барања": -1,
  "бариера": -2,
  "бега": -1,
  "беда": -2,
  "бедност": -2,
  "без никаков напор": 2,
  "без покрив над главата": -2,
  "без радост": -2,
  "безбедно": 1,
  "безбедност": 1,
  "безвкусен": -2,
  "безвредни": -2,
  "безгрижни": 1,
  "бездушните": -2,
  "бездушно": -2,
  "безживотно": -1,
  "безметежен": -2,
  "безнадежен": -2,
  "безнадежност": -2,
  "безумната": -2,
  "безуспешно": -2,
  "бес": -2,
  "бесен": -3,
  "бескомпромисност": -2,
  "бескорисно": -2,
  "бескорисност": -2,
  "бесмислено": -2,
  "бесмртни": 2,
  "бесна": -2,
  "беспомошен": -2,
  "беспомошна": -2,
  "беспомошни": -2,
  "беспредметно": -2,
  "беспрекорен": 2,
  "беспрекорна": 2,
  "беспрекорно": 2,
  "бестрашен": 2,
  "бестрашност": 2,
  "бестрашното": 2,
  "Бесшевни": 2,
  "бизарни": -2,
  "битка": -1,
  "битки": -1,
  "бичува": -3,
  "бла": -2,
  "благодарам": 2,
  "благодарен": 3,
  "благодарение": 2,
  "благодарност": 2,
  "благодат": 1,
  "благородна": 2,
  "благослов": 3,
  "благослови": 3,
  "благословува": 2,
  "благосостојба": 2,
  "благочестив": 2,
  "блажен": 3,
  "блаженство": 3,
  "бледо": -2,
  "блескави": 3,
  "блок": -1,
  "блокада": -2,
  "блокбастер": 3,
  "блокирани": -1,
  "блокирање": -1,
  "блокови": -1,
  "блузи": 2,
  "Бог": 1,
  "богат": 2,
  "богатите": 2,
  "богато": 2,
  "богатства": 2,
  "богатство": 3,
  "бојкоти": -2,
  "бојкотира": -2,
  "бојкотираа": -2,
  "бојкотот": -2,
  "болен": -2,
  "болест": -1,
  "болести": -1,
  "боли": -2,
  "болка": -2,
  "болки": -1,
  "болни": -2,
  "бомба": -1,
  "борба": -1,
  "борбата": -1,
  "борбата против": -2,
  "борби": -1,
  "бореше": -1,
  "бори": -2,
  "бранителите": 2,
  "брза": 2,
  "брзо": 2,
  "брилијантен": 4,
  "брилијантност": 3,
  "Бришење": -2,
  "бркам ситна трговија": -2,
  "брутални": -3,
  "брутално": -3,
  "бруто": -2,
  "будала": -2,
  "будали": -2,
  "буден": 3,
  "буни": -2,
  "бунт": -2,
  "бунтовниците": -2,
  "бунтовничките": -2,
  "бучни": -1,
  "важно": 2,
  "важност": 2,
  "валидирајте": 1,
  "валкани": -2,
  "варварски": -2,
  "варосуваме": -3,
  "вдовица": -1,
  "ве молиме": 1,
  "веднаш": 1,
  "веќе непостоечката": -2,
  "великодушно": 2,
  "вентилатор": 3,
  "вера": 1,
  "верен": 3,
  "веродостојно": 2,
  "веројатно": -1,
  "вероломство": -3,
  "весел": 3,
  "весела": 3,
  "весели": 3,
  "весело": 3,
  "ветување": 1,
  "Вешта": 2,
  "вид": 2,
  "вид на": 0,
  "визии": 1,
  "визија": 1,
  "визионерски": 3,
  "визионерство": 1,
  "виктимизација": -3,
  "Виктор": 3,
  "вина": -3,
  "Вина": -2,
  "виновен": -3,
  "вирулентен": -2,
  "вистинската насока": 3,
  "вистински": 2,
  "виталност": 3,
  "витамин": 1,
  "витко": 2,
  "вкус": 2,
  "вкусен": 3,
  "вкусни": 3,
  "владеел": 1,
  "влече": -1,
  "влијателни": 2,
  "влошена": -2,
  "влоши": -2,
  "влошува": -2,
  "влошување": -2,
  "внимателен": 2,
  "внимателна": 2,
  "внимателни": 2,
  "внимателно": 2,
  "внимателност": 2,
  "во заблуда": -3,
  "во застој": -2,
  "во знак на протест": -2,
  "Во ред": 2,
  "води": 2,
  "возбуда": 3,
  "возбуден": 5,
  "возбуди": 3,
  "возбудливи": 3,
  "возбудувања": 3,
  "воздишка": -2,
  "вознемирен": -2,
  "вознемирени": -2,
  "вознемирува": -2,
  "вознемирувачка": -2,
  "вознемирувачки": -2,
  "војна": -2,
  "војување": -2,
  "вообразени": 2,
  "воодушевен": 3,
  "восовршува": 2,
  "воспалени": -2,
  "восхит": 3,
  "восхитена": 3,
  "восхитува": 3,
  "восхитуваат": 3,
  "восхитував": 3,
  "восхитување": 3,
  "вошлив": -2,
  "враќа": 1,
  "враќање": 1,
  "врати": 1,
  "врв": 2,
  "вредност": 2,
  "вреска": -2,
  "вртоглавица": -1,
  "Врховниот": 4,
  "вулгарност": -2,
  "вцепенен": -1,
  "вчудоневиден": 2,
  "вџашуваат": 3,
  "гаден": -3,
  "газ": -4,
  "галама": -3,
  "галантен": 3,
  "галантерија": 3,
  "галантно": 3,
  "гаранција": 1,
  "ГЕМ": 3,
  "генијален": 3,
  "ги извршува": 2,
  "главоболка": -2,
  "глад": -2,
  "гладува": -2,
  "гладуваа": -2,
  "гладуваат": -2,
  "гламурозна": 3,
  "гласно": -1,
  "глупав": -2,
  "глупави": -2,
  "глупаво": -2,
  "глупак": -3,
  "глупо": -1,
  "глупоста": -3,
  "глупости": -2,
  "гнасен": -3,
  "гнаси": -3,
  "гнасни": -2,
  "гнев": -3,
  "гневен": -3,
  "гневи": -2,
  "гневни": -2,
  "го критикуваше": -3,
  "го крши законот": -2,
  "го одзема здивот": 5,
  "го осуди": -3,
  "го поздравува": 2,
  "го сврте": -1,
  "голем": 3,
  "голем нос": -2,
  "големата": 3,
  "големо": 1,
  "гони": -1,
  "гордее срцето": 3,
  "горди": 2,
  "гордо": 2,
  "горешти": 1,
  "горко": -2,
  "горчлив": -2,
  "горчлива": -2,
  "грабеж": -2,
  "граници": -1,
  "грантови": 1,
  "грб": 1,
  "грд": -3,
  "грда": -3,
  "грдост": -3,
  "грев": -2,
  "гревови": -2,
  "грешка": -2,
  "грешки": -2,
  "грешна": -3,
  "грижи": 2,
  "грижливост": 2,
  "грип": -2,
  "гроб": -2,
  "грозни": -2,
  "грозоморни": -3,
  "груби": -2,
  "грубо": -2,
  "грч": -1,
  "губење": -2,
  "губење на": -3,
  "губи": -3,
  "губитник": -3,
  "ѓубре": -1,
  "ѓубриња": -3,
  "гушење": -2,
  "Да": 1,
  "да се откаже": -2,
  "дави": -1,
  "дадено": 1,
  "Даниловиќ": -2,
  "дарежлив": 2,
  "Даунер": -2,
  "двоумете": -2,
  "дебне": -1,
  "деградира": -2,
  "деградирани": -2,
  "дезинформации": -2,
  "дезориентирани": -2,
  "декламатор": -3,
  "дела": -2,
  "дели": 1,
  "дело": -2,
  "демнат": -1,
  "демне": -1,
  "демонстрантите": -2,
  "демонстрација": -1,
  "деморализира": -2,
  "деморализирани": -2,
  "деморализирачки": -2,
  "демотивира": -2,
  "Дент": -2,
  "депонии": -1,
  "депортации": -2,
  "депортација": -2,
  "депортира": -2,
  "депортирани": -2,
  "депортирање": -2,
  "депресивни": -2,
  "депресивно": -2,
  "депримирачки": -2,
  "Дерида": -2,
  "деструктивно": -3,
  "детинест": -2,
  "детски": 2,
  "дефанзивец": 2,
  "дефект": -3,
  "дефекти": -3,
  "дефицит": -2,
  "дефицитарни": -2,
  "деформирани": -2,
  "деформитет": -2,
  "деформитети": -2,
  "дехуманизиран": -2,
  "дехуманизирачко": -2,
  "дијамант": 1,
  "Дик": -4,
  "дилема": -1,
  "директно": 1,
  "дисквалификуван": -2,
  "дискредитирана": -2,
  "дискриминаторски": -2,
  "дискриминација": -2,
  "дискриминира": -2,
  "дискриминирани": -2,
  "дискриминирачки": -2,
  "дискутабилна": -2,
  "дисфункција": -2,
  "доаѓаш": 2,
  "добивка": 2,
  "добивки": 2,
  "доблесни": 2,
  "добра": 3,
  "добра волја": 3,
  "добредојде": 2,
  "добрина": 3,
  "добро одржувани": 2,
  "добро развиена": 2,
  "добро се залагаше": 3,
  "добро утро": 1,
  "добро фокусирана": 2,
  "добродетели": 2,
  "добротвор": 2,
  "добротворна": 3,
  "добротворни": 2,
  "доброто": 2,
  "доверба": 2,
  "доверено": 2,
  "доверлив": 2,
  "доверливост": 2,
  "договор": 1,
  "доделена": 1,
  "доделуваат": 3,
  "доделување": 1,
  "дождливо": -1,
  "дозволи": 1,
  "долг": -2,
  "долна": -2,
  "домот": 2,
  "донација": 2,
  "донесе": 1,
  "донира": 2,
  "донираат": 2,
  "донирани": 2,
  "донирање": 2,
  "допаѓа": 2,
  "Допаѓања": 2,
  "допадливи": 2,
  "досада": -2,
  "досаден": -2,
  "досадна": -2,
  "досадни": -2,
  "досадно": -2,
  "досадуваат": -2,
  "доста": 1,
  "достапен": 1,
  "достигнувајќи": 1,
  "достигнувања": 2,
  "достигнување": 2,
  "достоен": 2,
  "Достоинство": 2,
  "драг": 2,
  "дркаџија": -3,
  "дробење": -1,
  "друштвена": 2,
  "дух": 1,
  "духот": -1,
  "е ефикасна": -2,
  "ебам": -4,
  "ебат": -4,
  "ебат голема": 4,
  "ебат љубов": 4,
  "ебат љубови": 4,
  "ебат неверојатна": 4,
  "ебат прекрасна": 4,
  "ебат симпатична": 4,
  "ебат совршен": 4,
  "ебат топла": 2,
  "ебат фантастичен": 4,
  "ебено добар": 4,
  "евакуација": -1,
  "евакуираат": -1,
  "евакуирани": -1,
  "евергрини": 2,
  "егзалтирани": 3,
  "еднаш во животот": 3,
  "едноставност": 1,
  "еколошки": -2,
  "ексклузивни": 2,
  "Екслузивно": 3,
  "експлоатира": -2,
  "експлоатирани": -2,
  "екстатично": 4,
  "екстремисти": -2,
  "екстремистичките": -2,
  "елегантно": 2,
  "енергија": 3,
  "енергична": 3,
  "енергични": 2,
  "ентузијастички": 3,
  "епидемии": -2,
  "етаблирано": 2,
  "етичките": 2,
  "еуфоријата": 3,
  "еуфорична": 4,
  "ефикасен": 2,
  "ефикасно": 2,
  "ефикасност": 2,
  "жал": -1,
  "жалам": -2,
  "жалба": -2,
  "жалби": -2,
  "жали": -2,
  "жалиме": -2,
  "жалост": -2,
  "желба": 2,
  "желби": 1,
  "желни": 2,
  "жив": 2,
  "живи": 2,
  "живописен": 2,
  "животната срединапријателски": 2,
  "жртва": -2,
  "жртвени јарци": -2,
  "жртвено јагне": -2,
  "жртви": -3,
  "жтрви": -3,
  "за држење": 2,
  "за жал": -1,
  "за жал,": -2,
  "за итни случаи": -2,
  "за среќа": 2,
  "забава": 4,
  "забавни": 3,
  "забавно": 2,
  "забавуваа": 3,
  "Забавуваат": 3,
  "забележливо": 2,
  "заблагодарени": -2,
  "заблудите": -3,
  "заборавени": -1,
  "заборави": -1,
  "заборавиме": -1,
  "заборавлив": -2,
  "забрана": -2,
  "забраната": -2,
  "забрането": -2,
  "забрани": -1,
  "забранува": -1,
  "заведени": -1,
  "завидлив": -2,
  "завидува": -1,
  "завист": -1,
  "заводливо": -2,
  "загаден": -2,
  "загади": -2,
  "загадува": -2,
  "загадуваат": -2,
  "загадување": -2,
  "загадувањето": -2,
  "загадувач": -2,
  "загадувачи": -2,
  "загадувачки": -2,
  "загадувачот": -2,
  "заглавен": -2,
  "заглавивме": -2,
  "заговор": -3,
  "загрижени": -2,
  "загрижувачки": -2,
  "загрозени": -2,
  "загуба": -3,
  "загуби": -3,
  "задави": -2,
  "задоволни": 2,
  "задоволства": 3,
  "задоволство": 3,
  "задоволување": 2,
  "задолжително": -1,
  "задоцнување": -1,
  "задржана": -1,
  "задумана": -2,
  "задушена": -1,
  "заебана": -4,
  "зазедоа": -2,
  "заинтересирани": 2,
  "зајадлив": 2,
  "зајадливи": -3,
  "зајакната": 2,
  "зајакнува": 2,
  "зајакнување": 2,
  "зајакнување на": 2,
  "закана": -2,
  "закани": -2,
  "закануваа": -2,
  "заканувачки": -2,
  "заковување": 3,
  "заколнам": -2,
  "законски": 1,
  "залагаше": 2,
  "залажувам": -3,
  "заложат": 1,
  "залудна": -2,
  "залудни": -2,
  "замирање": -2,
  "замислен": -1,
  "замолчени": -2,
  "замолчување": -1,
  "замор": -2,
  "замразија": -3,
  "замрсуваш": 1,
  "занемари": -2,
  "занемаруваат": -1,
  "занемарување": -2,
  "занес": 3,
  "занесен": 2,
  "заостануваат": -1,
  "запек": -2,
  "запира": -1,
  "запирање": -1,
  "заплашат": -2,
  "заплашени": -2,
  "заплашува": -2,
  "заплашување": -2,
  "запленувања": -2,
  "запоставени": -2,
  "започна": 1,
  "започнување": 3,
  "запрепасти": 3,
  "зараза": -2,
  "заразени": -2,
  "зарази": -2,
  "заразни": -2,
  "заразно": -1,
  "заринкаа": 2,
  "заробена": -2,
  "заробиме": -2,
  "заробува": -2,
  "засени": -1,
  "засеци": -2,
  "засечка": -2,
  "заслуженото": 2,
  "заслужните": 2,
  "засрамени": -2,
  "засрами": -2,
  "засрамувачки": -2,
  "застарени": -2,
  "застаруваат": -1,
  "застрашувачки": 3,
  "затајување": -2,
  "затварање": -2,
  "затвор": -2,
  "затворен": -2,
  "затворени": -1,
  "затвореник": -2,
  "затвореници": -2,
  "зацврсти": 2,
  "зацврстувањето": 2,
  "зачуден": 2,
  "зашеметување": 4,
  "заштеди": 1,
  "заштита": 1,
  "заштитени": 1,
  "збесна": -2,
  "збунет": -2,
  "збуни": -2,
  "збунувачки": -2,
  "звучи": -2,
  "зголеми": 1,
  "зголемува": 1,
  "зголемување на": 1,
  "згреши": -2,
  "згрозени": -2,
  "згрозениот се нефер": -2,
  "згрозуваат": -3,
  "зделка": 2,
  "здодевен": -3,
  "здрав": 2,
  "здроби": -1,
  "зезна": -3,
  "зезнав": -2,
  "зелено перење": -3,
  "зимзелени": 2,
  "злата": -3,
  "злато": 2,
  "зло": -1,
  "злоба": -3,
  "злобна": -2,
  "злопаметен": -2,
  "злосторства": -3,
  "злосторство": -3,
  "злоупотреба": -2,
  "злоупотребени": -3,
  "злоупотреби": -2,
  "злоупотребуваат": -2,
  "значајни": 2,
  "значење": 1,
  "значителен": 1,
  "значително": 1,
  "зрели": 2,
  "игнорира": -1,
  "игнорираат": -1,
  "игнорирани": -2,
  "Игнорирањето на тие": -2,
  "играменување на": 3,
  "игрива": 2,
  "идиот": -3,
  "идиотизмот": -3,
  "идиотски": -3,
  "избалансиран": 1,
  "избега": -1,
  "избегната": -1,
  "избегне": -1,
  "избегнува": -1,
  "избегнувани": -2,
  "избезумени": -1,
  "избезумено": -2,
  "избоден": -2,
  "избришани": -2,
  "извика": -2,
  "извикав": -2,
  "извини": -1,
  "извинување": -1,
  "извонреден": 5,
  "извонредна": 5,
  "извршување": 1,
  "изгладнува": -2,
  "изгледала": -1,
  "изгледите": 1,
  "изгубени": -3,
  "изгуби": -2,
  "издржливост": 2,
  "изигравам": -2,
  "излажани": -2,
  "излегуваат во јавноста": -1,
  "излета од шините": -2,
  "изложени": -1,
  "изложува": -1,
  "изложувајте": -1,
  "изложување": -1,
  "измама": -2,
  "измамат": -2,
  "измамен": -3,
  "измамени": -3,
  "измами": -3,
  "измамите": -2,
  "измамливост": -4,
  "измамник": 2,
  "измамници": -4,
  "Измамници": -3,
  "измамничка": -3,
  "измамнички": -3,
  "изманипулирани": -1,
  "измачува": -3,
  "изневерени": -3,
  "изнемоштени": -2,
  "изненадувачки": 3,
  "изнервирани": -4,
  "изобличи": -2,
  "изолирани": -1,
  "изолирачки": -1,
  "изостанал": -2,
  "израстоци": 2,
  "имагинативна": 2,
  "имбецил": -3,
  "имобилизирани": -1,
  "импичмент": -3,
  "импотентен": -2,
  "импресивни": 3,
  "импресионира": 3,
  "импресионираат": 3,
  "импресиониран": 3,
  "имуни": 1,
  "инат": -2,
  "инаугурацијата": -2,
  "инвазија": -1,
  "индигнација": -2,
  "индоктринира": -2,
  "индоктринираат": -2,
  "индоктринирани": -2,
  "индуктивен": -2,
  "инквизиција": -2,
  "иновативен": 2,
  "иновации": 1,
  "иновираат": 1,
  "инспиративна": 3,
  "инспиративни": 2,
  "инспирација": 2,
  "инспирира": 2,
  "инспирирани": 2,
  "инсуфициенција": -2,
  "интегритет": 2,
  "интелигентни": 2,
  "интензивна": 1,
  "интерес": 1,
  "интереси": 1,
  "интересно": 2,
  "интимност": 2,
  "интриги": 1,
  "инфантилна": -2,
  "инфекции": -2,
  "инфекција": -2,
  "инфериорен": -2,
  "инфицира": -2,
  "инфицирање": -2,
  "инхибираат": -1,
  "ирационален": -1,
  "иритира": -2,
  "иритираат": -3,
  "иритирачки": -2,
  "иритираше": -3,
  "иронијата": -1,
  "иронично": -1,
  "иселување": -1,
  "искинати": -2,
  "исклучени": -2,
  "исклучи": -1,
  "Исклучителна": 3,
  "исклучување": -1,
  "искористат": -2,
  "искористување": -2,
  "искра": 1,
  "Искра": 3,
  "искрен": 2,
  "искрена": 2,
  "искрени": 2,
  "искрените": 2,
  "искрено": 2,
  "искреност": 2,
  "искри": 3,
  "искривени": -2,
  "искривува": -2,
  "исмејува": -2,
  "исмејуван": -2,
  "испитувачки": 2,
  "исплашени": -2,
  "исполнети": 2,
  "исполнуваат": 2,
  "исполнување": 2,
  "исправка на вредноста": -2,
  "испрашуван": -2,
  "испровоцира": -1,
  "истакна": -2,
  "истакнати": 2,
  "истакнатите": 1,
  "истражувања": 1,
  "истражување": 1,
  "Исус": 1,
  "исцедена": -2,
  "исцрпени": -2,
  "исчезна": -1,
  "исчезне": -1,
  "исчезнува": -1,
  "исчекување": 1,
  "итно": -1,
  "итрица": -4,
  "Ја нарушува": -3,
  "јасно": 1,
  "јасност": 2,
  "Јунајтед": 1,
  "каење": -2,
  "казна": -2,
  "казнам": -3,
  "казнат": -2,
  "казната": -2,
  "казнени": -2,
  "казнет": -2,
  "казнети": -2,
  "казни": -2,
  "казнува": -2,
  "казнување": -2,
  "какам": -4,
  "калливи": -2,
  "кандидат": -1,
  "капка": -1,
  "каприз": -2,
  "кара": -2,
  "караше": -2,
  "катастрофа": -2,
  "катастрофални": -4,
  "катастрофално": -3,
  "катастрофи": -2,
  "квалитет": 2,
  "квалитети": 2,
  "кивавица": -2,
  "кивање": -2,
  "киднапира": -2,
  "киднапирани": -2,
  "киднапирања": -2,
  "киднапирање": -2,
  "клеветнички": -2,
  "кожи": -1,
  "кои сакаат": 1,
  "колабира": -2,
  "колапс": -2,
  "колебливи": -2,
  "комедија": 1,
  "комплимент": 2,
  "комплименти": 2,
  "комплицира": -2,
  "конкурентна": 2,
  "контаминираат": -2,
  "контаминирани": -2,
  "контроверзи": -2,
  "контроверзии": -2,
  "контроверзна": -2,
  "контроверзно": -2,
  "конфликт": -2,
  "конфликтен": -2,
  "конфликти": -2,
  "копиле": -5,
  "копилиња": -5,
  "копнеж": 1,
  "ќорсокак": -2,
  "корисни": 2,
  "корисноста": 2,
  "корист": 2,
  "корумпираните": -3,
  "корупцијата": -3,
  "краде": -2,
  "крадење": -2,
  "крадец": -2,
  "кражба": -2,
  "кратат": -2,
  "кратење": -2,
  "кратковидни": -2,
  "кратковидост": -2,
  "Крвави": -3,
  "крволочен": -3,
  "креативни": 2,
  "кретен": -3,
  "кретену": -4,
  "кривичната": -3,
  "кривични дела": -3,
  "кривично дело": -3,
  "крие": -1,
  "криеше": -1,
  "криза": -3,
  "крик": -1,
  "криминал": -3,
  "криминалци": -3,
  "критика": -2,
  "критикува": -2,
  "критикуваа": -2,
  "критикуваат": -2,
  "критикувајќи": -2,
  "критичар": -2,
  "критичарите": -2,
  "кршење на": -2,
  "кукавица": -2,
  "кукавички": -2,
  "кул": 1,
  "кул работи": 3,
  "курва": -4,
  "кучка": -5,
  "кучки": -5,
  "лабава": -3,
  "ЛАГ": -2,
  "лажго": -3,
  "лажговци": -3,
  "лажел": -2,
  "лажирани": -1,
  "лажичка": 3,
  "лажни": -1,
  "лажно": -2,
  "лековерни": -2,
  "лекомислен": -2,
  "Леле": 4,
  "лесно": 1,
  "леталитет": -2,
  "летаргија": -2,
  "летаргична": -2,
  "лигави": -2,
  "лидерство": 1,
  "ликувале": 3,
  "лицемерно": -2,
  "лиши": -2,
  "лишување": -3,
  "лоби": -2,
  "лобираа": -2,
  "лобирање": -2,
  "лобист": -2,
  "лобисти": -2,
  "лојален": 3,
  "лојалност": 3,
  "лош": -2,
  "лоша среќа": -2,
  "лошата": -2,
  "лошо": -2,
  "луд": -3,
  "лудак": -3,
  "лудаци": -3,
  "луди": -2,
  "лудило": -2,
  "лудо": -2,
  "лузна": -2,
  "лузни": -2,
  "луксуз": 2,
  "лути": -3,
  "љубезен": 2,
  "љубезност": 2,
  "љубов": 3,
  "љубомора": -2,
  "љубоморни": -2,
  "љубопитни": 1,
  "мааната": -2,
  "Магаре": -4,
  "маѓепсан": -2,
  "маѓепсана": 2,
  "маки": -4,
  "малверзации": -2,
  "малодушен": -2,
  "малодушни": -2,
  "малодушните": -3,
  "малокрвник": -2,
  "малтретира": -3,
  "малтретираат": -3,
  "малтретирани": -2,
  "малтретирање": -2,
  "мамење": -3,
  "мами": -3,
  "манипулација": -1,
  "манипулирање": -1,
  "маски": -1,
  "маскира": -1,
  "масна": 2,
  "матно": -2,
  "мачат": -2,
  "мачени": -4,
  "мачење": -4,
  "мачеше": -2,
  "мачно": -2,
  "медал": 3,
  "медитативна": 1,
  "мекушав": -1,
  "меланхолија": -2,
  "Месинг": -2,
  "методички": 2,
  "методично": 2,
  "мизерно": -3,
  "милениците": 3,
  "мило": 3,
  "милост": 2,
  "милостив": 3,
  "минира": -2,
  "мир": 2,
  "мирен": 2,
  "мирно": 2,
  "Мис": -2,
  "мит": -1,
  "мито": -3,
  "младешки": 2,
  "многу интересен": 3,
  "Модернизација": 2,
  "модернизира": 2,
  "модернизирани": 2,
  "модернизирање": 2,
  "може да се \"t стојат": -3,
  "можност": 2,
  "можности": 2,
  "моќен": 2,
  "молејќи": 1,
  "молете": 1,
  "моли": 1,
  "монопол": -2,
  "монополизација": -2,
  "монополизира": -2,
  "монополизирани": -2,
  "монотон": -1,
  "монотонен": -2,
  "морничав": -2,
  "морничава": -2,
  "морон": -3,
  "мотивација": 1,
  "мотивираат": 1,
  "мотивирани": 2,
  "мотивирачки": 2,
  "мочаат": -4,
  "мочање": -3,
  "мразат": -3,
  "мразел": -2,
  "мразеше": -3,
  "мрази": -3,
  "мразители": -3,
  "мракот": -1,
  "мрачен": -2,
  "мрачни": -2,
  "мрачните": -2,
  "мрзливи": -1,
  "мртви": -3,
  "му се восхитувам": 3,
  "мудроста": 1,
  "на бродот": 1,
  "навива": 2,
  "навиваат": 2,
  "навивач": -2,
  "наводите": -2,
  "навреда": -2,
  "навреден": -2,
  "навреденост": -2,
  "навреди": -1,
  "навредлив": -3,
  "навредува": -2,
  "навредуван": -2,
  "награда": 3,
  "награден": 2,
  "награди": 3,
  "наградување": 2,
  "надевајќи се": 2,
  "надзор": -1,
  "надлежните": 2,
  "надлежности": 1,
  "надмудрена": -2,
  "надополнети": 2,
  "наезда": -2,
  "наѕираат": -1,
  "наивен": -2,
  "наивност": -2,
  "најблагородните": 2,
  "најголемата": 3,
  "најдобар": 3,
  "најдобрите": 3,
  "најлошото": -3,
  "најлудите": -2,
  "најмрачните": -2,
  "најниска": -1,
  "најпаметните": 2,
  "најсветлиот": 2,
  "најсилните": 2,
  "најсиромашните": -2,
  "најславните": 3,
  "Најслатко": 3,
  "најсреќни": 3,
  "најстрога": -2,
  "најчиста": 1,
  "наказа": -3,
  "накит": 1,
  "налути": -2,
  "намалена": -1,
  "намалија": -2,
  "намалување": -1,
  "намалување на": -1,
  "намерна": 2,
  "наметнат": -2,
  "наметнати": -1,
  "наметнуваат": -1,
  "наметнување": -1,
  "намуртен": -2,
  "намуртено": -1,
  "нанесува": -2,
  "нанесувајќи": -2,
  "нанесувам": -2,
  "напаѓање": -1,
  "напад": -1,
  "нападам": -2,
  "напади": -1,
  "нападнат": -1,
  "напната": -2,
  "напредни": 1,
  "напредок": 2,
  "напуштени": -2,
  "напуштените": -2,
  "нарушат": -2,
  "нарушени": -2,
  "наруши": -2,
  "нарушува": -2,
  "нарушувања": -2,
  "нарушувањата": -2,
  "нарушување": -2,
  "нарцизам": -2,
  "населби": 1,
  "насилни": -3,
  "насилно": -3,
  "насилство": -3,
  "наследувајќи": 3,
  "насмеа": 1,
  "насмеани": 2,
  "насмеат": 1,
  "насмевка": 2,
  "насмевки": 2,
  "насмевна": 2,
  "насочите": 1,
  "натрапник": -2,
  "натуткани": -1,
  "не": -2,
  "не верувам": -2,
  "не ви се допаѓа": -2,
  "не е добро": -2,
  "не е забавно": -3,
  "не е сигурен": -1,
  "не им се допаѓаат": -2,
  "не ми се допаѓа": -2,
  "не работи": -3,
  "не се согласуваат": -2,
  "не успеа": -2,
  "неактивност": -2,
  "небезбедни": -2,
  "небесен": 4,
  "неблагодарен": -2,
  "неблагодарна работа": -2,
  "неблагодарно": -3,
  "небото": 2,
  "неверните": -1,
  "неверојатно": 4,
  "невешт": -2,
  "невистинити": -2,
  "невкусно": -2,
  "невнимателен": -2,
  "неволја": -2,
  "невработен": -1,
  "невработеност": -2,
  "нега": 2,
  "негативни": -2,
  "негативност": -2,
  "негира": -2,
  "негираат": -2,
  "негирајќи": -2,
  "негирања": -2,
  "негирање": -2,
  "негирач": -2,
  "негираше": -2,
  "негодување": -2,
  "негодуваше": -2,
  "негува": 2,
  "негувале": 2,
  "негуваме": 2,
  "негување": 2,
  "негувањето": 2,
  "недоверба": -3,
  "недоволен": -2,
  "недоволно": -2,
  "недоделкан": -5,
  "недоразбирање": -2,
  "недостапна": -1,
  "недостасува": -2,
  "недостаток": -2,
  "недостатоци": -2,
  "недостигот": -2,
  "недостоен": -2,
  "нееднаков": -1,
  "неетички": -2,
  "неефективен": -2,
  "неефикасен": -2,
  "неефикасно": -2,
  "неефикасност": -2,
  "нежност": 2,
  "незаборавен": 1,
  "незадоволен": -2,
  "незадоволни": -2,
  "незадоволство": -2,
  "незаконски": -3,
  "незапирлива": 2,
  "нездраво": -2,
  "незнаењето": -2,
  "незначителен": -2,
  "неизвалкана": 2,
  "неизвесно": -1,
  "неинтелегентен": -2,
  "неисполнети": -2,
  "неисправни": -3,
  "нејасни": -1,
  "некаков вид": 0,
  "некомпетентни": -2,
  "некомпетентност": -2,
  "нелегитимни": -3,
  "нелогично": -2,
  "нема": -1,
  "неми": -3,
  "немилосрдните": -1,
  "немири": -2,
  "немирите": -2,
  "немирни": -2,
  "неможноста": -2,
  "немоќна": -2,
  "немотивирано": -2,
  "ненавремено": -2,
  "ненамерни": -2,
  "ненамерно": -2,
  "ненаучен": -2,
  "необезбедени": -2,
  "неодговорно": -2,
  "неодлучни": -2,
  "неодобрени": -2,
  "неодобрување": -2,
  "неодолива": 2,
  "неодоливо": 2,
  "неоправдан": -2,
  "неоправдана": -3,
  "неопределен": -2,
  "неопределени": -1,
  "неорганизирана": -2,
  "неоригинален": -2,
  "неосетливост": -2,
  "непар": -2,
  "непарламентарен": -2,
  "неписменост": -2,
  "непобедлива": 2,
  "неповолни": -2,
  "неповолно": -2,
  "неповратен": -1,
  "неповратно": -1,
  "неповрзани": -2,
  "неповрзано": -2,
  "непогодни": -2,
  "неподдржан": -2,
  "неподнослива": -2,
  "непоколебливи": 2,
  "непоправлива": -2,
  "непослушните": -2,
  "непотврдени": -1,
  "непотребен": -1,
  "непочитувани": -2,
  "непочитување": -2,
  "непочитување на судот": -2,
  "неправда": -2,
  "неправедна": -2,
  "неправилно": -2,
  "непредвидлива": -3,
  "непремолк": -2,
  "непривлечна": -2,
  "непријател": -2,
  "непријатели": -2,
  "непријателска": -2,
  "непријатен": -2,
  "непријатни": -2,
  "непријатно": -2,
  "непријатност": -2,
  "непријатностите": -2,
  "непристојни": -2,
  "непристрасно": 2,
  "неприфатлива": -2,
  "непродадените": -1,
  "непроменети": 2,
  "непропорционално": -2,
  "непростлив": -3,
  "Непростливата": -2,
  "непрофесионално": -2,
  "непушачите": -2,
  "неразбран": -2,
  "неранлив": 2,
  "нерасположен": -1,
  "нерви": -1,
  "нервниот": -2,
  "нервозна": -1,
  "нервозни": -2,
  "нервозно": -2,
  "нерешениот": -1,
  "несакани": -2,
  "несакани ефекти": -2,
  "несвесни": -2,
  "несебична": 2,
  "несигурна": -2,
  "несигурни": -2,
  "несимпатичен": -2,
  "несклонен": -2,
  "несмасен": -2,
  "несовесно": -2,
  "несовршени": -2,
  "несогласување": -2,
  "несолвентни": -2,
  "несоница": -2,
  "несоодветни": -2,
  "несоодветно однесување": -2,
  "неспоредлив": 1,
  "неспособен": -2,
  "неспособни": -2,
  "несреќа": -2,
  "несреќата": -2,
  "несреќен": -2,
  "несреќи": -2,
  "несреќната": -2,
  "несреќниот": -2,
  "нестабилен": -2,
  "нестручни": -2,
  "несфатливо": -2,
  "нетрпелив": -2,
  "неубедени": -1,
  "неуки": -2,
  "неумерениот": -2,
  "неуништив": 2,
  "неуспеси": -2,
  "неуспех": -2,
  "неуспешен": -2,
  "неутешност": -2,
  "нефер": -2,
  "нефокусирани": -2,
  "нефункционални": -2,
  "нехигиенски": -2,
  "нецелосни": -1,
  "нечесни": -2,
  "нечесните": -3,
  "нечестивите": -2,
  "нечистотија": -2,
  "нечовечко": -2,
  "нечувствителен": -2,
  "нешто лошо": -2,
  "ниско ниво": -2,
  "ништожно": -3,
  "носи": -1,
  "носталгична": -2,
  "обвинение": -2,
  "обвинет": -2,
  "обвинета": -2,
  "обвинетиот": -2,
  "обвинителството": -1,
  "обвинува": -2,
  "обвинуваат": -2,
  "обвинувајќи": -2,
  "обвинувања": -2,
  "обврски": 1,
  "обезбедени": 2,
  "обезбедува": 2,
  "обезбедување на": 2,
  "обележје": 2,
  "обесправените": -2,
  "обесхрабрени": -2,
  "обземени": 1,
  "обичен": 3,
  "облечен": -2,
  "обогатила": -2,
  "обожавате": 3,
  "обожува": 3,
  "обременети": -3,
  "овации": 2,
  "оган": -2,
  "огорчен": -2,
  "огорчена": -2,
  "огорчено": -2,
  "огорченост": -2,
  "ограбува": -2,
  "ограничена": -1,
  "ограничени": -2,
  "ограничи": -2,
  "ограничува": -2,
  "ограничување": -1,
  "одат надвор": -2,
  "одби": -2,
  "одбива": -1,
  "одбиваат": -2,
  "одбивање": -1,
  "одбивна": -2,
  "одбивни": -3,
  "одбие": -1,
  "одбиен": -2,
  "одвлекува": -2,
  "одвлекува вниманието": -2,
  "одвоен": -1,
  "одвраќање": -2,
  "одвратна": -2,
  "одвратно": -3,
  "одвратност": -3,
  "одговара": 2,
  "одговора": 2,
  "одговорен": 2,
  "одговорност": 1,
  "одзедоа": -1,
  "одземеш": -2,
  "одиме на нерви": -2,
  "одлагањето": -1,
  "Одлична": 3,
  "одлично": 3,
  "одложен": -1,
  "одложена": -1,
  "одложи": -1,
  "одложување": -1,
  "одлучен": 2,
  "одлучувачки": 1,
  "одмазда": -2,
  "одмаздам": -2,
  "одмазди": -2,
  "одмаздник": -2,
  "Одмаздници": -2,
  "одмаздува": -2,
  "одобрена": 2,
  "одобрени": 2,
  "одобри": 2,
  "одобрува": 2,
  "одобруваат": -2,
  "одобрување": 2,
  "одредени": 1,
  "одржлив": 2,
  "одржливо": 2,
  "одржливост": 1,
  "одушевен": -2,
  "оживее": 2,
  "Оживува": 2,
  "озлогласениот": -2,
  "оксиморон": -1,
  "олесна": 2,
  "олеснувања": 1,
  "олеснување": 2,
  "омаловажува": -2,
  "омаловажуваат": -2,
  "омаловажувал": -2,
  "омилен": 2,
  "Омилени": 2,
  "омилено": 2,
  "Омилено": 2,
  "омраза": -3,
  "оневозможување": -1,
  "онеспособи": -2,
  "онеспособување": -2,
  "опасение": -2,
  "опасни": -2,
  "опасно": -2,
  "опасност": -2,
  "опера": -2,
  "оплакува": -2,
  "опомена": -2,
  "оправда": 2,
  "оправдани": 2,
  "оправдано": 2,
  "оправдува": 2,
  "оправдување": -1,
  "Опрема": -1,
  "опседнат": 2,
  "опструира": -2,
  "опструираат": -2,
  "опструкција": -2,
  "оптимизам": 2,
  "оптимисти": 2,
  "оптоварени": -2,
  "оптоваруваат": -3,
  "оптоварувања": -2,
  "оптоварување": -2,
  "опуштено": 2,
  "орган": 1,
  "ореви": -3,
  "осамен": -2,
  "осамени": -2,
  "осветленост": 1,
  "осип": -2,
  "ослабат": -2,
  "ослабена": -2,
  "ослободен": 2,
  "ослободен од обвинението": 2,
  "ослободени": -1,
  "ослободи": 2,
  "ослободителните": 2,
  "ослободува": 2,
  "ослободуваат": 2,
  "ослободување": 2,
  "осомничени": -1,
  "осомничениот": -1,
  "осомничените": -1,
  "оспорување": -2,
  "остави": -1,
  "остварливи": 1,
  "остварува": 2,
  "остро": -2,
  "осуда": -2,
  "осуден": -2,
  "осудени на пропаст": -2,
  "осудените": -2,
  "осудија": -2,
  "осудува": -2,
  "осудуваме": -2,
  "осуети": -2,
  "отвратителен": -2,
  "отежнува": -2,
  "отежнувачки": -2,
  "откажано": -1,
  "откаже": -1,
  "откажете": -1,
  "откажување": -1,
  "откупен": 2,
  "отпад": -1,
  "отпадоци": -1,
  "отпуштање": -2,
  "отпуштен": -2,
  "отрезнувачки": 1,
  "отров": -2,
  "отрови": -2,
  "отруен": -2,
  "отсутни": -1,
  "оттргнува": -1,
  "отуѓување": -2,
  "отфрлајќи": -1,
  "отфрлени": -1,
  "отфрлија": -1,
  "отфрлите": -1,
  "офанзива": -2,
  "офанзивно": -2,
  "охрабрени": 2,
  "охрабри": 2,
  "охрабрување": 2,
  "охрабрувачки": 2,
  "оцрни": -2,
  "очај": -3,
  "очајни": -3,
  "Очајни": -3,
  "очајно": -3,
  "очајува": -3,
  "очаровам": 3,
  "очекуваниот": -1,
  "оштетена": -2,
  "оштетени": -2,
  "оштетување": -3,
  "оштетување на": -3,
  "паѓа": -1,
  "паѓајќи": -1,
  "падна": -1,
  "паднатите": -2,
  "паметни": 1,
  "паника": -3,
  "паники": -3,
  "парадоксот": -1,
  "парична казна": 2,
  "пародија": -2,
  "пасивно": -1,
  "патетично": -2,
  "педер": -3,
  "педери": -3,
  "пеколни": -2,
  "пеколот": -4,
  "пенливи": 3,
  "Перверзен": -3,
  "перење на мозокот": -3,
  "песимизам": -2,
  "песимисти": -2,
  "петел": -5,
  "петна": -2,
  "печено": -2,
  "пизда": -1,
  "пијан": -2,
  "Пике": -2,
  "пичка": -5,
  "пиштол": -1,
  "плати": -1,
  "плач": -2,
  "плаче": -2,
  "плачете": -2,
  "плачеше": -2,
  "плачот": -2,
  "плашев": -2,
  "плашејќи": -2,
  "плаши": -2,
  "плашиш": -2,
  "плени": 3,
  "пловни": 2,
  "плодна": 2,
  "по ѓаволите": -4,
  "побара": -1,
  "побарувачката": -1,
  "победа": 4,
  "победи": 4,
  "победникот": 4,
  "победниците": 3,
  "побезбедни": 2,
  "поблаги": 1,
  "побогати": 2,
  "побројни": -2,
  "повикувачка": 1,
  "повлекување": -1,
  "поволни": 2,
  "поволно": 2,
  "повраќа": -3,
  "повраќаа": -3,
  "повраќање": -3,
  "повреда": -2,
  "повредат": -2,
  "повреден": -2,
  "повредени": -2,
  "повредено": -2,
  "повреди": -2,
  "повредување": -2,
  "поврзани со насилство": -3,
  "погнусих": -3,
  "погодени": -1,
  "поголемо": 3,
  "погреби": -1,
  "погребот": -1,
  "погрешат": -2,
  "погрешна": -2,
  "погрешни": -2,
  "погрешни интерпретации": -2,
  "погрешно": -2,
  "погрешно го протолкува": -2,
  "погрешно ја": -2,
  "погрешно се однесува": -2,
  "под притисок": -2,
  "подарок": 2,
  "подбран": 1,
  "подготвен": -2,
  "подготвени": 1,
  "подготвеност": 2,
  "поддржан": 2,
  "Поддржан": 1,
  "поддржува": 2,
  "поддржува од": -1,
  "поддржувач": 1,
  "поддржувачи": 1,
  "поддршка": 2,
  "подигнување": 2,
  "подметнува": -1,
  "подмитен": -3,
  "поднесе оставка": -1,
  "подобавам": 2,
  "подобрена": 2,
  "подобро": 2,
  "подобрува": 2,
  "подобрување": 2,
  "подобрување на": 2,
  "подуени": -1,
  "поедноставуваат": -2,
  "пожали": -1,
  "пожалија": -2,
  "пожелно": 2,
  "поздрав": 2,
  "поздрават": 1,
  "поздравена": 2,
  "поздрави": 2,
  "поздравува": 1,
  "поздравуваа": 2,
  "поздравуваат": 2,
  "позитивен": 2,
  "позитивно": 2,
  "познавачите": 2,
  "познат": 2,
  "појава": -2,
  "појаснува": 2,
  "појачан": 1,
  "покана за на суд": -2,
  "покани": 1,
  "поклонија": 3,
  "поладно": -2,
  "полиран": 2,
  "полошо": -3,
  "полуда": -2,
  "помага": 2,
  "помагање": 2,
  "помилуван": 2,
  "помилувања": 2,
  "помилување": 2,
  "помогне": 2,
  "понижени": -3,
  "понижува": -1,
  "понижување": -3,
  "понизен": 1,
  "попаметни": 2,
  "поплочува": 1,
  "поповолно": 2,
  "попречат": -2,
  "попречена": -2,
  "попречено": -2,
  "попреченост": -2,
  "попречува": -2,
  "попречуваат": -2,
  "попречување": -2,
  "популарни": 3,
  "популарноста": 3,
  "пораз": -2,
  "поразен": -2,
  "поразот": -1,
  "порамнување": 1,
  "пореметувања": -2,
  "поробвам": 3,
  "поробени": -2,
  "пороби": -2,
  "посветен": 3,
  "посветеност": 2,
  "посесивен": -2,
  "посилен": 2,
  "посиромашни": -2,
  "послатка": 3,
  "посмешно": 4,
  "посрамен": -2,
  "посрамотени": -2,
  "посрамоти": -2,
  "посран": -3,
  "постигне": 2,
  "потврдена": 1,
  "потврдува": 1,
  "потврдување": 1,
  "потиштени": -2,
  "потиштениот": -2,
  "поткопа": -2,
  "поткопување": -2,
  "поткуп": -3,
  "потресен": -3,
  "потресени": -2,
  "потреси": -2,
  "потресна": 2,
  "потроши": -2,
  "потсмев": -2,
  "потсмева": -2,
  "потсмеваат": -2,
  "потсмевајќи": -2,
  "потсмевање": -2,
  "потсмеваше": -2,
  "поттик": 1,
  "поттикне": 2,
  "поттикнува": 2,
  "потфрли": -2,
  "потценети": -1,
  "потцени": -1,
  "потценувањето": -1,
  "потценувачки": -2,
  "поучувајте": -2,
  "пофалби": 3,
  "пофален": 3,
  "пофали": 2,
  "пофалиме": 2,
  "почестен": 2,
  "почина": -3,
  "почиста": 2,
  "почит": 2,
  "почитувале": 3,
  "почитуван": 2,
  "почитувани": 2,
  "Почитувани": 2,
  "почитување": 2,
  "правда": 2,
  "правдата": 2,
  "правичност": 2,
  "право": 2,
  "празна": -1,
  "празнина": -1,
  "Празнична": 2,
  "праќам на заточение": -2,
  "прахосвам": -2,
  "прашања": 1,
  "прашање": 1,
  "пргав": 2,
  "превзет": -2,
  "преговори": -1,
  "прегратка": 2,
  "прегратки": 2,
  "прегрне": 1,
  "предавнички": -3,
  "предавство": -3,
  "предаде": -3,
  "предаторски": -2,
  "предводник": 2,
  "предизвик": -1,
  "предизвика": -1,
  "предност": 2,
  "предности": 2,
  "предупредија": -2,
  "предупредува": -2,
  "предупредуваат": -2,
  "предупредувања": -3,
  "предупредување": -3,
  "преживеа": 2,
  "преживеан": 2,
  "преживеани": 2,
  "презир": -2,
  "презираше": -3,
  "презриво": -2,
  "прекин": -2,
  "прекината": -2,
  "прекинато": -1,
  "прекинеш": -2,
  "прекини": -2,
  "прекинува": -1,
  "прекинување": -2,
  "прекинувате": -2,
  "прекори": -3,
  "прекоруваат": -3,
  "прекрасен": 3,
  "прекрасна": 4,
  "прекрасно": 4,
  "прекршено": -2,
  "прекрши": -2,
  "прекршува": -2,
  "прекршуваат": -2,
  "прекршување": -2,
  "преку глава": -3,
  "премногу едноставната": -2,
  "пренасочување": -1,
  "преоптоварување": -1,
  "преплавува": -2,
  "преплашени": -3,
  "препорачливо": 1,
  "препорачува": 2,
  "препорачуваме": 2,
  "преправа": -1,
  "преправаат": -1,
  "преправајќи": -1,
  "преправен": -1,
  "прескокнуваат": -2,
  "пресреќен": 4,
  "престана да": -1,
  "престанат": -1,
  "престап": -2,
  "престапил": -2,
  "престорен": -1,
  "престорен во грч": -2,
  "пресудата": -1,
  "пресуди": -1,
  "претера": -2,
  "претерав": -2,
  "претерана реакција": -2,
  "претерани": -2,
  "претерано": -2,
  "претерувам": -2,
  "претерување": -2,
  "претеруваш": -2,
  "претпазлив": -1,
  "претприемнички": 1,
  "претрпел": -2,
  "претрпена": -2,
  "претрупан": -3,
  "преувеличува": -2,
  "префрлува": -2,
  "пречекани": 1,
  "пречи": -2,
  "пречка": -2,
  "пречки": -2,
  "привилегирани": 2,
  "привлекува": 1,
  "привлекување на": 2,
  "привлечен": 2,
  "привлечени": 1,
  "привлечност": 2,
  "приврзан": 3,
  "пригушници": -2,
  "придобивки": 2,
  "придобивките": 2,
  "признава": -1,
  "Признавам": -1,
  "признавање": 2,
  "признанија": 2,
  "пријател": 1,
  "пријателски": 2,
  "пријателство": 2,
  "пријатен": 3,
  "пријатни": 3,
  "пријатно": 2,
  "прикривање": -3,
  "примени": -1,
  "приморани": 1,
  "принуда": -2,
  "принудени": -1,
  "принудувал": -2,
  "природно": 1,
  "пристрасни": -2,
  "пристрасност": -1,
  "присутен": -1,
  "притвор": -2,
  "притворени": -2,
  "притвори": -2,
  "притисок": -1,
  "прифаќа": 1,
  "прифаќање": 1,
  "прифаќате": -2,
  "прифатените": 1,
  "прифати": 1,
  "прифатлива": 2,
  "прифатливо": 1,
  "пркосен": -1,
  "проактивен": 2,
  "пробив": 3,
  "пробиени": -1,
  "проблем": -2,
  "проблематичниот": -2,
  "проблеми": -2,
  "прободе": -2,
  "прободува": -2,
  "провокативна": -1,
  "провоцира": -1,
  "прогонува": -1,
  "прогонуваат": -1,
  "прогонуван": -2,
  "прогонувани": -2,
  "прогонувачки": 1,
  "прозаичен": -2,
  "проклет": -3,
  "проклета": -4,
  "проклето": -2,
  "проклето добро": 4,
  "проклето симпатична": 3,
  "проклетството": -1,
  "промовира": 1,
  "промовирање на": 1,
  "проневера": -3,
  "проневери": -3,
  "пропаганда": -2,
  "пропаст": -2,
  "проповед": -3,
  "пропустите": -2,
  "пропуштени": -2,
  "просветителската": 2,
  "просветлен": 2,
  "просветли": 2,
  "просветлува": 2,
  "просечност": -3,
  "прослават": 3,
  "прославата": 3,
  "прослави": 3,
  "просперитет": 3,
  "просперитетна": 3,
  "прости": 1,
  "пространа": 1,
  "простувањето": 1,
  "протекоа": -1,
  "протера": -1,
  "протеран": -2,
  "протерување": -2,
  "протест": -2,
  "протести": -2,
  "противник": -1,
  "профит": 2,
  "профитабилен": 3,
  "профитабилни": 2,
  "профитер": -2,
  "прочистува": 1,
  "прошверцува": -2,
  "проширување": 1,
  "псевдонауката": -3,
  "психопатски": -2,
  "пука": -1,
  "пустошат": -2,
  "радосните": 3,
  "радост": 3,
  "радуваат": 4,
  "радувајќи": 4,
  "радуваше": 4,
  "разбесни": -2,
  "разбои": -1,
  "разбранувани": 4,
  "разградува": -3,
  "раздор": -2,
  "разиграните": 2,
  "разлути": -2,
  "разнишана": -2,
  "разоткрива": -3,
  "разочара": -2,
  "разочарани": -2,
  "разочарувања": -2,
  "разочарување": -2,
  "разочарувачки": -2,
  "разрешен": -2,
  "разтревожен": -2,
  "Разтреперана": -2,
  "разубават": 3,
  "разубеди": 1,
  "разурнувачки": -2,
  "рај": 3,
  "рак": -1,
  "рамнодушен": -2,
  "рамнодушност": -2,
  "ранливи": -2,
  "ранливост": -2,
  "расеан": -2,
  "расизмот": -3,
  "расипан": -2,
  "расипани": -2,
  "расисти": -3,
  "расистички": -3,
  "раскинување": -2,
  "раст": 2,
  "растажи": -2,
  "Растење": 1,
  "расудување": 2,
  "расфрла": -2,
  "ратификувани": 2,
  "рафинирано": 1,
  "ревнител": -2,
  "ревносен": 2,
  "ред": -2,
  "редови": 1,
  "резолуција": 2,
  "ремекдела": 4,
  "ремек дело": 4,
  "реномираните": 2,
  "реперкусии": -2,
  "рестриктивни": -1,
  "рестрикциите": -2,
  "ретардиран": -2,
  "ретардирани": -2,
  "рецесија": -2,
  "реченици": -2,
  "решава": 2,
  "решавање": 1,
  "решавањето на": 2,
  "решен": 2,
  "решение": 1,
  "решенија": 1,
  "решено": 1,
  "реши": 2,
  "решителен": 2,
  "ригорозни": 3,
  "ригорозно": 3,
  "ризик": -2,
  "ризици": -2,
  "ризично": -2,
  "роб": -3,
  "робови": -3,
  "робустен": 2,
  "роман": 2,
  "романтика": 2,
  "романтично": 2,
  "ропство": -3,
  "руина": -2,
  "руиниран": -2,
  "рушвет": -3,
  "саботажа": -2,
  "сака": 3,
  "сакаат": 1,
  "сакана": 3,
  "саканиот": 2,
  "сакаше": 3,
  "сам": -2,
  "самозлоупотреба": -2,
  "самоконтрадикторни": -2,
  "самоубиства": -2,
  "самоубиствени": -2,
  "самоубиство": -2,
  "самоуверен": 2,
  "самоуверено": 2,
  "саркастична": -2,
  "свежа": 2,
  "светла": 1,
  "свечена": -1,
  "се борат": -2,
  "се вклучат": 1,
  "се влоши": -2,
  "се влошува": -2,
  "се грижат": 2,
  "се грижи": -3,
  "се допадна": 2,
  "се жалат": -2,
  "се жали": -2,
  "се заглави": 1,
  "се заканува": -2,
  "се закануваат": -2,
  "се зголемува": 1,
  "се извинувам": -1,
  "се колне": -2,
  "се лизга": -1,
  "се надева": 2,
  "се надевам": 2,
  "се обврзува": 1,
  "се обезбеди": 1,
  "се одложи": -1,
  "се откажува": -2,
  "се потпираат": 2,
  "се приклучат": 1,
  "се протега": 1,
  "се прошири": 1,
  "се проширува": 1,
  "се радува": 4,
  "се распадна": -2,
  "се смее": 1,
  "се согласи": 1,
  "се согласувам": 1,
  "себични": -3,
  "себичност": -3,
  "седниците": -2,
  "сее страв": -2,
  "секира": -1,
  "сексапилен": 3,
  "секси": 3,
  "сексистички": -2,
  "сеопфатна": 2,
  "сеприсутниот": 2,
  "сериозно": -2,
  "сечење": -1,
  "си го цица": -3,
  "сиво": -1,
  "сигурен": 2,
  "сила": 2,
  "силеџија": -2,
  "силеџиство": -2,
  "силна": 2,
  "силувана": -4,
  "силување": -4,
  "силувач": -4,
  "симпатија": 2,
  "симпатичен": 2,
  "симпатична": 3,
  "симплификација": -2,
  "сиромашните": -2,
  "сиромаштијата": -1,
  "скаменети": -2,
  "скандали": -3,
  "скандалозна": -3,
  "скандалот": -3,
  "скапани": -3,
  "скапи": -2,
  "скапо": 3,
  "скапоцен камен": 1,
  "скептик": -2,
  "скептицизам": -2,
  "скептиците": -2,
  "скептичен": -2,
  "скржавиот": -2,
  "скршени": -1,
  "скрши": -1,
  "скучен": -3,
  "слаб": -2,
  "слаби": -2,
  "слабите": -2,
  "слабост": -2,
  "слабости": -2,
  "слава": 3,
  "слави": 3,
  "славна": 2,
  "слатки": 2,
  "слем": -2,
  "слепи": -1,
  "сликовито": 2,
  "слобода": 2,
  "слободен": 1,
  "Слободен простор": -2,
  "слободи": 2,
  "сложена": 2,
  "случајно": -2,
  "смачкана": -2,
  "смеење на глас": 3,
  "смел": 2,
  "смели": 3,
  "смело": 2,
  "смешен": 2,
  "Смешни": 4,
  "смешно": -3,
  "смирени": 2,
  "смирено": 3,
  "смиреноста": 2,
  "смири": 2,
  "смирија": 2,
  "смирува": 2,
  "смируваат": 3,
  "смирување": 3,
  "смирувачки": 3,
  "смирувачко": 2,
  "смог": -2,
  "смрдеа": -2,
  "смрдеше": -2,
  "смрди": -2,
  "смрдлива": -2,
  "смрдливо": -2,
  "смрт": -2,
  "смртни случаи": -2,
  "смртоносен": -3,
  "смртоносна": -2,
  "со прекумерна тежина": -1,
  "со скршено срце": -3,
  "совршено": 3,
  "совршеност": 3,
  "совршенство": 3,
  "согласна": 2,
  "согласност": 2,
  "согласности": 2,
  "согласува": 1,
  "создаден": -2,
  "сојузник": 2,
  "солзи": -2,
  "солидарност": 2,
  "солиден": 2,
  "сомнева": -1,
  "сомневаа": -1,
  "сомневајќи": -1,
  "сомнеж": -1,
  "сомнежи": -1,
  "сомнителен": -2,
  "сомнителни": -2,
  "сомнително": -1,
  "сон": 1,
  "соништа": 1,
  "сонце": 2,
  "соодветен": 2,
  "соодветно": 2,
  "соочат": -1,
  "сослушување": -1,
  "составен": -1,
  "состојба": -2,
  "софистицирани": 2,
  "сочувство": 2,
  "спам": -2,
  "спамер": -3,
  "спамери": -3,
  "спамирање": -2,
  "спасени": 2,
  "спасение": 2,
  "спаси": 2,
  "спасува": 2,
  "спогодбено": 2,
  "спојам": 2,
  "спокоен": 2,
  "спор": -2,
  "спорен": -2,
  "спорна": -2,
  "спорни": -2,
  "спорови": -2,
  "способен": 1,
  "способност": 2,
  "способности": 2,
  "спречени": -2,
  "спречи": -1,
  "спречија": -1,
  "спречува": -2,
  "спречување на": -1,
  "спречувачко": -2,
  "спротивставени": -2,
  "срам": -2,
  "срамежлив": -1,
  "срамежливи": -2,
  "срами": -2,
  "срамна": -2,
  "срамота": -2,
  "срања": -4,
  "срање": -4,
  "срдечен": 2,
  "средства": 2,
  "среќа": 4,
  "среќен": 3,
  "Среќен": 3,
  "среќно": 3,
  "срце": 3,
  "стабилно": 2,
  "стампедо": -2,
  "станиците": -2,
  "стапица": -1,
  "стапици": -1,
  "стекнато": 2,
  "стекнување": 2,
  "стенка": -2,
  "стенкање": -2,
  "стенкањето": -2,
  "стенкаше": -2,
  "стереотип": -2,
  "стереотипни": -2,
  "стечај": -3,
  "стивнува": 2,
  "стигнат": 1,
  "стил": 2,
  "стимулира": 1,
  "стимулирани": 1,
  "стимулирање": 2,
  "стон": -2,
  "сторени": -2,
  "сторителите": -2,
  "сторителот": -2,
  "страв": -2,
  "Страв": -2,
  "стравотните": -3,
  "страда": -2,
  "страдаат": -2,
  "страдалник": -2,
  "страст": 1,
  "страствен": 2,
  "страстен": 2,
  "страстни": 2,
  "Страшна": -3,
  "страшната": -2,
  "страшни": 4,
  "страшно": 4,
  "стрес": -1,
  "стрип": 1,
  "строгата": -2,
  "строен": 2,
  "стручно": 2,
  "субверзивни": -2,
  "судир": -1,
  "судира": -1,
  "судираат": -1,
  "судири": -2,
  "судски постапки": -1,
  "супер": 3,
  "супериорни": 2,
  "сурова": -1,
  "сурово": -3,
  "суровост": -3,
  "суспендира": -1,
  "суспендирани": -1,
  "тага": -2,
  "тагува": -2,
  "тагуваше": -2,
  "тажен": -2,
  "талент": 2,
  "тврдејќи": -1,
  "тврдењата": -2,
  "тврдоглав": -2,
  "тегоби": -2,
  "тек": 1,
  "темјан": -2,
  "темнина": -1,
  "темпераментен": 4,
  "тендер": 2,
  "тензија": -1,
  "тепа": -1,
  "тепани": -2,
  "теренски": 2,
  "тероризира": -3,
  "тероризираат": -3,
  "тероризирани": -3,
  "тероризмот": -3,
  "терористи": -2,
  "терористичките": -2,
  "тест": -2,
  "тешка": -2,
  "тешко": -1,
  "тешкотии": -2,
  "тирански": -3,
  "тмурна": -2,
  "токсични": -3,
  "толерантни": 2,
  "толеранција": 2,
  "топлина": 2,
  "топлината": 2,
  "топло": 1,
  "тортура": -4,
  "тоталитаризмот": -2,
  "тоталитарните": -2,
  "трагедии": -2,
  "трагедијата": -2,
  "трагичен": -2,
  "трајни": 2,
  "траума": -3,
  "трауматски": -3,
  "тремор": -2,
  "треперење": -1,
  "трепет": -2,
  "трепетлив": -2,
  "треска": -2,
  "триумфален": 4,
  "триумфот": 4,
  "трнливиот": -2,
  "трогателна": -2,
  "трол": -2,
  "трошејќи": -2,
  "троши": -2,
  "трошоци": -2,
  "труп": -1,
  "трупаат": -1,
  "тужба": -2,
  "тужби": -2,
  "тужеше": -2,
  "тужи": -2,
  "тумор": -2,
  "туш": -3,
  "уапсат": -2,
  "уапсени": -3,
  "убав": 3,
  "убавина": 3,
  "убавини": 3,
  "убаво": 3,
  "убеден": 1,
  "убеди": 1,
  "убедува": 1,
  "убива": -3,
  "убиваат": -3,
  "убие": -3,
  "убиени": -3,
  "убиец": -2,
  "убиства": -2,
  "убиствена": -3,
  "убиство": -2,
  "убиството": -3,
  "ублажување": 1,
  "уверени": 2,
  "увери": 1,
  "уверува": 1,
  "угнетените": -2,
  "угнетувања": -2,
  "угнетување": -2,
  "угнетувачка": -2,
  "удавен": -2,
  "удави": -2,
  "удел": 1,
  "удобно": 2,
  "удобност": 2,
  "удри": -1,
  "ужалените": -2,
  "ужасна": -3,
  "ужасни": -2,
  "ужасно": -3,
  "ужива": 2,
  "уживаат": 2,
  "уживајќи": 2,
  "уживаше": 2,
  "укори": -2,
  "украде": -2,
  "украдени": -2,
  "украл": -2,
  "умен": 2,
  "умирање": -3,
  "уморен": -2,
  "уморителен": -2,
  "умре": -3,
  "унил": -2,
  "унифициран": 1,
  "униформа": -2,
  "уништени": -2,
  "уништи": -3,
  "уништува": -2,
  "уништување": -2,
  "уо": 3,
  "уплашени": -2,
  "уплашено": -2,
  "уплашите": -2,
  "Упс": -2,
  "Ура": 5,
  "уривање": -2,
  "урнатините": -2,
  "усвојува": 1,
  "услуги": 2,
  "усовршена": 2,
  "успеа": 3,
  "успева": 3,
  "успеваат": -2,
  "успее": 3,
  "успех": 2,
  "успешна": 3,
  "успешно": 3,
  "утешна": 2,
  "утешува": 2,
  "Уф": -2,
  "уцена": -3,
  "уцени": -3,
  "уценува": -3,
  "уценувани": -3,
  "учтив": 2,
  "учтивост": 2,
  "учудва": 3,
  "фаворизирана": 2,
  "фалби": 3,
  "фалејќи": 3,
  "фалсификати": -3,
  "фалсификуваат": -3,
  "фалсификувани": -3,
  "фалшификатор": -3,
  "фанатици": -2,
  "фанки": 2,
  "фантастичен": 4,
  "фарса": -1,
  "фасцинантна": 3,
  "Фасцинантно": 3,
  "фасцинација": 3,
  "фасцинира": 3,
  "фасциниран": 3,
  "фатални": -3,
  "фаталност": -3,
  "фаул": -3,
  "фашисти": -2,
  "фашистичката": -2,
  "фер": 2,
  "фијаско": -3,
  "филантропија": 2,
  "финансиска помош": -2,
  "фитнес": 1,
  "фобии": -2,
  "фокусирани": 2,
  "фондови": 1,
  "фрлени": -2,
  "фрустрација": -2,
  "фрустрира": -2,
  "фрустрираат": -2,
  "фрустриран": -2,
  "фрустрирачки": -2,
  "ха": 2,
  "хаос": -2,
  "хаотичен": -2,
  "Харди": 2,
  "харизма": 2,
  "хармонија": 2,
  "хармоничен": 2,
  "хармонично": 2,
  "хаха": 3,
  "хахаха": 3,
  "хендикеп": -2,
  "херои": 2,
  "херој": 2,
  "херојски": 3,
  "хистерии": -3,
  "хистерија": -3,
  "хистерична": -3,
  "Хитрини": -3,
  "хорор": -2,
  "хоспитализирани": -2,
  "храбар": 2,
  "храбро": 2,
  "храброст": 3,
  "хулиган": -2,
  "хулигани": -2,
  "хулиганство": -2,
  "хуман": 2,
  "хумор": 2,
  "хумористични": 2,
  "ценет": 2,
  "цензори": -2,
  "цензурира": -2,
  "цензурирани": -2,
  "цени": 2,
  "цинизам": -2,
  "циник": -2,
  "циничен": -2,
  "цицки": -2,
  "црнец": -5,
  "чека": -1,
  "чекаат": -1,
  "чест": 2,
  "чествувањето": 2,
  "честитам": 2,
  "честитки": 2,
  "чиста": 2,
  "читам неправилно": -1,
  "чувство": 1,
  "чуда": 3,
  "чуден": 1,
  "чудесната": 4,
  "чудно": -1,
  "чудо": 4,
  "чума": -3,
  "шампион": 2,
  "шампиони": 2,
  "шансите": 2,
  "шарм": 3,
  "шармантно": 3,
  "шверцот": -2,
  "шверцува": -2,
  "шверцувани": -2,
  "шега": 2,
  "шеги": 2,
  "шик": 2,
  "шок": -2,
  "шокантни": -2,
  "шокиран": -2,
  "шокирани": -2,
  "шокираше": -2,
  "шокови": -2,
  "шпекулативни": -2,
  "шпионирам": -2,
  "штанд": -2,
  "штета": -2,
  "штети": -2,
  "штетни": -2,
  "штити": 1,
  "штрајк": -1,
  "штрајкови": -1,
  "штрајкувачите": -2,
  "штрекна": -2,
  "шупливи": -1
}