{
  "Arday": -2,
  "beeleed": -3,
  "habaabiyay": -2,
  "xumadii": -1,
  "xumida": -2,
  "yari": -2,
  "aad u daran": 1,
  "aad u fiican": 3,
  "aad u xun": -3,
  "Aadi": -2,
  "aamin": 3,
  "aamini karin": -1,
  "Aaminto": 2,
  "aamminid darro": -3,
  "aamusinta": -1,
  "aan buuxin": -1,
  "aan caqli gal ahayn": -2,
  "Aan gaadno inaynu": -1,
  "aan habboonayn": -2,
  "aan haboonayn": -2,
  "aan jirin": 2,
  "aan la aqbali karin": -2,
  "aan la rabin": -2,
  "aan loo baahnayn": -2,
  "aan micno lahayn": -2,
  "aan shaqayn": -3,
  "aan u qalmin": -2,
  "aan waxtar lahayn": -2,
  "aan xuduud lahayn": 2,
  "aardoonka": -2,
  "aargoosashada": -2,
  "aargoosashadiisii": -2,
  "aargoosiga": -2,
  "aarguday": -2,
  "aarsadaa": -2,
  "aaska": -1,
  "aasnaa": -2,
  "abaal": 2,
  "abaalgudyo": 2,
  "abaalmarin": 2,
  "abaalmarinta": 3,
  "abaalmariyey": 3,
  "abaanduulayaasheedu": -2,
  "abaar": -2,
  "ababin": 2,
  "abbaarta": -2,
  "aborts": -1,
  "absolves": 2,
  "adaaegatada": -2,
  "adag": 3,
  "Adag": 2,
  "addoomo": -3,
  "addoon": -3,
  "addoonsiga": -3,
  "adeegi": -2,
  "adkaa": 2,
  "Adkaadaha": 2,
  "adkaaday": -2,
  "adkaayeen": -2,
  "adkaynayaa": 2,
  "adoringly": 3,
  "advantageously": 2,
  "adventures": 2,
  "adventurous": 2,
  "afduubka": -2,
  "afduubtay": -2,
  "afduubyo": -2,
  "affectionateness": 3,
  "aficionados": 2,
  "aflagaadeeyay": -3,
  "aflagaado": -2,
  "agog": 2,
  "agonises": -3,
  "agonized": -3,
  "agonizes": -3,
  "ah dhibaateynta": -2,
  "ahaynba": -2,
  "aheyn": -1,
  "akhlaaq": -2,
  "alaabtayda oo qabow": 3,
  "alarm": -2,
  "alarmist": -2,
  "allifey": -2,
  "amaanay": 3,
  "amaanayaa": 2,
  "amaano": 2,
  "amaanta": 3,
  "amakaag": 3,
  "amazes": 2,
  "ammaan": 3,
  "ammaan ahayn": -2,
  "Ammaanadooda": 1,
  "ammaanaya": 3,
  "ammaanka": 1,
  "ammaantaada": 3,
  "amusin": 2,
  "amuur": -3,
  "anaanimada": -3,
  "anfaco": 1,
  "Angers": -3,
  "ankii": 4,
  "ansaxisay": 2,
  "anshaxa": 2,
  "ansixinta": 2,
  "ansixiyay": 2,
  "ansixiyey": 1,
  "ansixiyo": 1,
  "anti": -1,
  "apeshit": -3,
  "apocalyptiga": -2,
  "aqbala": 1,
  "aqbalaada": 1,
  "aqbalaan": 1,
  "aqbalay": 1,
  "aqbalayaan": 1,
  "aqbali karo": 1,
  "aqbalin": 2,
  "aqlka": -2,
  "aqoonsado loona saxiixo": 2,
  "aqoonsi": 2,
  "aqrisanin": 3,
  "Arabna": -2,
  "arag gaaban yahay": -2,
  "araggiisu": 2,
  "aragti": 3,
  "arbusha": -2,
  "argagax": -2,
  "argagaxa leh": -3,
  "argagaxo": -3,
  "argagaxsan": -3,
  "argaggaxa le": -2,
  "argaggaxsan": -3,
  "argaggexeen": -3,
  "argagixisada": -2,
  "argagixiso": -2,
  "arinku": -2,
  "arinsadeen": -2,
  "armalooyinka": -1,
  "arrimaha": 1,
  "arrinta": 1,
  "arsehole": -4,
  "Artur": -1,
  "arxan": -3,
  "arxandarro": -3,
  "ashtakeeyaan": -2,
  "ashtako": -2,
  "assfucking": -4,
  "asshole": -4,
  "astaantii": -2,
  "astounds": 3,
  "asxaan": 2,
  "attractively": 2,
  "aura": 1,
  "avengers": -2,
  "awood": 2,
  "awood u": 1,
  "awooda": 2,
  "awoodaha": 1,
  "awoodda": 2,
  "awoodi karin": -2,
  "awoodin": -2,
  "awoodsiinta": 2,
  "ax": -2,
  "axmaqnimada ah": -2,
  "ay fuliyaan": -1,
  "ayaa hakisay": -1,
  "ayaa qaba": -2,
  "ayidaad": 2,
  "ayna duleella": -2,
  "baadi": -2,
  "baadidda": -3,
  "Baadiyeeya": -3,
  "baahida": -1,
  "baajiso": -1,
  "baajiyay": -1,
  "baaluq": 2,
  "baaqsiga": -2,
  "baas": -3,
  "baaskeeda": 2,
  "baaxaa": -2,
  "bacrin": 2,
  "badass": -3,
  "badbaadada": 2,
  "badbaaday": 2,
  "badbaadinayey": -2,
  "badbaadiyay": 2,
  "badbaadiyey": 2,
  "badbaadiyo": 2,
  "badbadin": -2,
  "badbadiyay": -2,
  "baddalayso": -2,
  "baddelan": -1,
  "badhitaan": -2,
  "badiyay": -3,
  "badna": -1,
  "bahalnimada": -3,
  "bahdilayaan": -2,
  "bakhayli": -2,
  "bakhtiistay": -2,
  "ballaariyo": 1,
  "ballamada": 1,
  "bamboozles": -2,
  "bananka usoco": -2,
  "bandhig": -1,
  "bandhigan": -1,
  "bandhigi": -1,
  "bandowgu": -2,
  "bankster": -3,
  "baqdin": -2,
  "baraf": 2,
  "barakada": 3,
  "Barakada": 3,
  "barakayn": 2,
  "barakeeyo": 2,
  "bararaan": -2,
  "bararay": -1,
  "Barbari": -2,
  "barbariyiintii": -2,
  "bariyeelay": 1,
  "baroor": -2,
  "barooran": -2,
  "barooranayaa": -2,
  "baroorteen": -2,
  "baroortii": -2,
  "barteen raadinaya": -3,
  "barwaaqo": 3,
  "Barya": 1,
  "Baryaa": 1,
  "baxdo": 1,
  "baxeynin": -2,
  "baxsado": -1,
  "baxsanaya": -1,
  "baynamutaan": -1,
  "beatific": 3,
  "beauty": 3,
  "bedelan": -2,
  "bedesheen": 2,
  "been": -2,
  "been abuur ah": -3,
  "been ah": -1,
  "beenaalaha": -3,
  "beenaalayaal": -3,
  "beeniyay": -2,
  "beeniyayaasha": -2,
  "beensheegid": -3,
  "Begovic": 2,
  "belaayo": -1,
  "belaayooyin": -1,
  "beretamaaya": -2,
  "biimayn": 2,
  "biimayno": -2,
  "biimeeyey": -2,
  "biiro": 1,
  "Bilaa": -2,
  "bilaabay": 1,
  "bilada": 3,
  "bilow": -2,
  "bitches": -5,
  "bitterest": -2,
  "bixi waaya": -2,
  "bixin": -1,
  "bixin maskaxda": 2,
  "bixinta": 1,
  "bixitaanka": -3,
  "biyodiiday": -2,
  "blah": -2,
  "blithe": 2,
  "block": -1,
  "blocks": -1,
  "bogaadin": 2,
  "Bogaadin": 3,
  "bogaadinayaa": 2,
  "bogga": -3,
  "boggiisa": 2,
  "bogi": 3,
  "boodid": -1,
  "boodin": 2,
  "boost": 1,
  "boqor": 1,
  "bravura": 3,
  "breathtaking": 5,
  "brilliances": 3,
  "buka": -2,
  "bukaanka": -2,
  "bukay": -2,
  "bulaacadahooda": -1,
  "bullshit": -4,
  "bullying": -2,
  "bummer": -2,
  "burada": -2,
  "buray": -2,
  "burbuka": 2,
  "burbur": -3,
  "burbura": -2,
  "burburay": -2,
  "burburin": -1,
  "burburiyo": -1,
  "burburkii": -2,
  "burburto": -2,
  "burubur": -2,
  "Buruundi": -2,
  "buunbuuninta": -2,
  "buuq badan": -1,
  "Buuqa": -3,
  "caabin": -2,
  "caabiyay": -2,
  "caabuday": 3,
  "caabudeen": 3,
  "caafimaad": 2,
  "caafimaad qabin": -2,
  "caajis": -1,
  "caajiso": -2,
  "caan": 3,
  "caan ah": 2,
  "caanka ah": 3,
  "caaqil": 2,
  "caaridid": -2,
  "caasinimo": -2,
  "caawin": 1,
  "caawinta": 2,
  "Caayan": -2,
  "caayay": -2,
  "cabaadaan": -2,
  "Cabaade": -2,
  "caban": -2,
  "cabasho": -2,
  "cabashooyinka": -2,
  "cabatay": -3,
  "cabbay": -2,
  "cabeen": -2,
  "Cabsada": -2,
  "Cabsadeen": -2,
  "cabsado": 4,
  "cabsan": -2,
  "cabsi": -2,
  "cabsi leh": -3,
  "cabsiiyo": -2,
  "cad": 1,
  "cadaab": -2,
  "cadaabay": -2,
  "Cadaabi": -3,
  "cadaabo": -2,
  "cadaadis": -2,
  "cadaadiska": -1,
  "cadaalad": 2,
  "cadaalad daro": -2,
  "cadaawadda": -2,
  "cadaawayaashiinna": -2,
  "cadadkii": -2,
  "cadahay": 4,
  "Cadami": -3,
  "cadaw": -2,
  "cadda": -1,
  "caddaalad": 2,
  "caddayn": 2,
  "caddibi": -2,
  "cadhaysan": -3,
  "cadhaysiinina": -1,
  "cadho": 2,
  "cadho Galiyeen": -2,
  "cadhoodaa": -3,
  "cadhoodeen": -2,
  "cadowga": -2,
  "cadowgayga": -3,
  "Cadowgayga": -1,
  "cafis": 2,
  "cafiya": 2,
  "cafiyo": 1,
  "cagajuglaynta": -2,
  "cajiib ah": 4,
  "calaamadeeyey": -2,
  "calool xun": -2,
  "caloolxumaanina": -2,
  "caloolxumo": -2,
  "caloosha": -2,
  "calyo ah": -2,
  "cambaarayn": -2,
  "cambaareeyay": -2,
  "cambaareyneysaa": -2,
  "canaan": -2,
  "canaantey": -2,
  "canbaha": 2,
  "caqabad": -2,
  "caqabadaha": -2,
  "caqabadda": -2,
  "carabka ku adkeeyay": -2,
  "cararaa": -1,
  "carbuunta": 2,
  "careysan": -2,
  "careysanahay": -4,
  "Careysiisaa": -2,
  "careysiiyay": -3,
  "careysnaa": -2,
  "caro": -3,
  "carooday wararka": -2,
  "carootay": -2,
  "carqalad": -2,
  "carqaladayn": -2,
  "carqaladeeyaan": -2,
  "carqaladeeyey": -2,
  "carqaladeeyo": -2,
  "carruurta": -2,
  "caruureed": -2,
  "Casaaseel": -2,
  "casilay": -1,
  "casri ah": 2,
  "casriyeeyey": 2,
  "casriyeeyo": 2,
  "Casriyeynta": 2,
  "casuumi": 1,
  "cataabay": -2,
  "Cawaysimina": -2,
  "cawday": -2,
  "cay": -2,
  "cayaar": 2,
  "cayilan": -1,
  "cayriin": -1,
  "cayrinta": -2,
  "cayriyo": -2,
  "ceeb": -2,
  "ceebayn": -2,
  "ceebaysay": -2,
  "ceebayso": -2,
  "ceejisay": -2,
  "ceejiya": -2,
  "ceejiyo": -2,
  "celin": 2,
  "celiyo": 1,
  "censors": -2,
  "ceyriyay": -1,
  "chagrin": -2,
  "chagrined": -2,
  "championed": 2,
  "charmingly": 3,
  "charmless": -3,
  "chastising": -3,
  "cheater": -3,
  "cheerless": -2,
  "cheery": 3,
  "chided": -3,
  "chides": -3,
  "cidhiidhi ku jira": -2,
  "cidhiidhiga": -3,
  "cidhiidhyamay": -3,
  "cidhiidhyo": -2,
  "cidlo": -2,
  "ciirsi": -2,
  "ciiryaamada": -2,
  "ciise": 1,
  "cillad": -2,
  "cilladaha": -3,
  "cilladaysan": -3,
  "cinqaabta": -3,
  "ciqaab": -2,
  "ciqaabaan": -2,
  "ciqaabi": -2,
  "ciqaabid": -2,
  "ciqaabta": -2,
  "cirro": -1,
  "ciyaaryahan": 3,
  "ciyey": -5,
  "clueless": -2,
  "cocksucker": -5,
  "cocksuckers": -5,
  "colaadeed": -2,
  "comedy": 1,
  "complicating": -2,
  "conciliate": 2,
  "conciliates": 2,
  "conciliating": 2,
  "conflictive": -2,
  "contagions": -2,
  "contaminations": -2,
  "contestable": -2,
  "convivial": 2,
  "courageousness": 2,
  "coverup": -3,
  "coziness": 2,
  "crazier": -2,
  "crestfallen": -2,
  "criminate": -3,
  "criminated": -3,
  "criminates": -3,
  "cudur daar": 2,
  "Cudur daarasho,": 2,
  "cudurada": -1,
  "cudurka": -1,
  "cudurkii": -3,
  "cudurrada": -2,
  "culaabta": -2,
  "culaysin": -2,
  "culaysiyey": -2,
  "cun": -3,
  "cuncun": -2,
  "Cunid": 2,
  "cunsuri": -3,
  "cunsuriyadda": -3,
  "cunsuriyiin": -3,
  "cunt": -5,
  "curdan": 2,
  "curyaamin": -2,
  "curyaan": -2,
  "cusub": 2,
  "cut": -1,
  "cutback": -2,
  "cute": 2,
  "cuuryaannimo": -2,
  "cynic": -2,
  "cynicism": -2,
  "daacad": 3,
  "daacad ahayn": -2,
  "daacadda": 2,
  "daacadnimadiisa": 2,
  "daad": -1,
  "daadatay": -1,
  "daadgureeyay": -1,
  "daadiyaa": -1,
  "daadsanaanta": -2,
  "daafaca": 2,
  "daafacyada": 2,
  "daahid": -2,
  "daahisaan": -1,
  "daal": -2,
  "daalay": -2,
  "daalid": -2,
  "Daalimiinta": -2,
  "daaliya": -2,
  "daallan": -2,
  "daartaan": -2,
  "daaweysid": -2,
  "dabaal": 3,
  "dabaaldegaya": 3,
  "dabacsan": 2,
  "dabacsanaadaan": 2,
  "dabagalka": -2,
  "dabataagan": -2,
  "dabiiciga ah": 1,
  "dabin": -1,
  "dabinka": -1,
  "dabka": -2,
  "dacaayad": -2,
  "daciif": -2,
  "daciifin": -2,
  "daciifiyaa": -2,
  "daciifnimo": -2,
  "dacwad": -1,
  "dacwadaha": -2,
  "dacwayn": -2,
  "dacwaysay": -2,
  "dacweeyay": -2,
  "dacweeyo": -2,
  "dad isaga baxaya": -2,
  "dadban": -1,
  "dadka xoogga": -3,
  "Dadkan": -2,
  "dadnimo": 2,
  "dafiri": -2,
  "dagaal": -1,
  "dagaalada": -2,
  "dagaalo": -1,
  "dahab": 2,
  "Daily Mail": -2,
  "dalabaadka": -1,
  "dalacsiiyay": 1,
  "dalbaday": -1,
  "dalbanayaan": -1,
  "daltabyo": -2,
  "damaanad": 1,
  "damaashaaday": 3,
  "damac": -3,
  "dambi": -3,
  "Dambi": 1,
  "dambidhaaf": 2,
  "dambiga ka": 2,
  "dambiilayaal": -3,
  "dambiyada": -3,
  "dambiyeedka": -2,
  "dameer": -4,
  "damnit": -4,
  "danabta": -2,
  "danaha": 1,
  "danayn": 2,
  "danqasho": 2,
  "danyarta": -2,
  "darajo": -1,
  "daran": -2,
  "daranyahay": -2,
  "daredevil": 2,
  "dareemayaasha": -1,
  "dareemi": 2,
  "dareen": 2,
  "darro": -2,
  "darxumayn": -2,
  "daryeelka": 2,
  "dauntless": 2,
  "dawakhsan": -2,
  "dayacaad": -2,
  "dayacay": -2,
  "dayacbuu": -2,
  "dayaco": -2,
  "daygii": -1,
  "dayr": -2,
  "daysa": 2,
  "deadening": -2,
  "debonair": 2,
  "Dedejisanaysaan": -2,
  "deegaankafriendly": 2,
  "deeqay": 2,
  "Deeqda": 2,
  "Deeqdan": 2,
  "deeqdo": 2,
  "deeqo": 1,
  "deeqsi": 2,
  "deeqsinimo": 2,
  "deficiency": -2,
  "defrauds": -3,
  "degdeg ah": -1,
  "Dega": 2,
  "degan": 2,
  "deganayn": -2,
  "degdegga ah": -2,
  "deggan": 2,
  "degsiimooyinka": 1,
  "degtaa": 2,
  "dehumanize": -2,
  "dehumanizes": -2,
  "dehumanizing": -2,
  "deject": -2,
  "dejecting": -2,
  "dejects": -2,
  "dejinaaya": 2,
  "dejinta": 1,
  "dejiyo": 3,
  "delicious": 3,
  "dembi": -2,
  "dembi leh": -3,
  "dembiilaha": -2,
  "dembiyada": -2,
  "dembiyadii": -2,
  "dembiyeed": -3,
  "demoralizes": -2,
  "denier": -2,
  "derails": -2,
  "derelict": -2,
  "derides": -2,
  "detract": -1,
  "detracts": -1,
  "devotional": 2,
  "deynta": -2,
  "dhaadhacsan": 1,
  "dhaadheer": -2,
  "dhaadhicinayo": 1,
  "dhaadhiciyo": 1,
  "dhaag": 3,
  "dhaaran": -2,
  "dhaaranay": -1,
  "dhaarinta": -2,
  "dhaawac": -2,
  "dhaawacdaa": -2,
  "dhaawacyo": -2,
  "dhaawici": -2,
  "dhaawicid": -2,
  "dhaawoco": -2,
  "Dhabarkooda": 1,
  "dhac": -2,
  "dhaca": -2,
  "dhacaan": -2,
  "dhacay": -2,
  "dhacaya": -1,
  "dhacdhacaan": 2,
  "dhacna": -2,
  "dhacsan": 3,
  "Dhahdeen": 2,
  "dhalaalaya": 1,
  "dhalaalayay": 3,
  "dhaladooda": 2,
  "dhaleeceeyay": -2,
  "dhaleeceeyo": -2,
  "dhaleeceyn": -2,
  "dhaleeceynta": -2,
  "dhaliilaha": -1,
  "dhalleecayn": -3,
  "dhallinyaranimada": 2,
  "dhamaystirnayn": -1,
  "dhammaataan": 3,
  "dhammayn": 2,
  "dhammaystiray": 2,
  "dhammaystirayo": 2,
  "dhantaalan": -2,
  "dhantaalin": 2,
  "dhaqaaqaynin": -1,
  "dhaqan xumo": -2,
  "dhaqdo": -2,
  "dhaqidda cagaaran": -3,
  "dhaqmo cagaaran": -3,
  "dhashay": -2,
  "dhaweeyay": 2,
  "dhaweysa": 1,
  "dhawrsan": 2,
  "dhawrsataan": -1,
  "dhawrsoonaanta": 2,
  "dhayalsan": -1,
  "dhayin": 3,
  "Dhectuuro": 3,
  "dheeldheel": 3,
  "dheereeyaa": 2,
  "dheereeyey": -3,
  "dheguhu": -2,
  "dhergi": 2,
  "dhib": -2,
  "dhiba": -2,
  "dhibaan": -2,
  "dhibaatada": -3,
  "dhibaataynta": -3,
  "Dhibaataysan": -2,
  "dhibaataysnaayeen": -3,
  "dhibaateynayo": -3,
  "dhibaato": -2,
  "dhibaato loogu kor": -2,
  "dhibaatooyin": -2,
  "dhibaatooyinka": -2,
  "dhibaatooyinkooda": -2,
  "dhiban daallanna": -2,
  "Dhibanayaasha": -3,
  "dhibayay": -3,
  "dhibbanaha": -3,
  "dhibbanayaasha": -3,
  "dhibid": -3,
  "dhibine,": -1,
  "Dhibka": -2,
  "dhibsadayoo": -2,
  "dhibsado": -2,
  "dhibtaa": -2,
  "dhibtay": -1,
  "dhibtooday": -2,
  "dhibtoonaya": -2,
  "dhicii": -2,
  "dhigaa": -1,
  "dhigayup": -1,
  "dhigo": -2,
  "dhiiran": -2,
  "dhiirato": 2,
  "dhiiri": 2,
  "dhiirigalin": 3,
  "dhiirigelin": 2,
  "dhiirigelinayaa": 2,
  "dhiirigelino": 1,
  "dhiirigelisaa": 2,
  "dhiiriyo": 2,
  "dhiirogelin": 1,
  "dhiirranow": 2,
  "dhiirri": 2,
  "dhiirrigalinayaa": 2,
  "dhillo": -4,
  "dhima": -2,
  "dhiman": -3,
  "dhimanayaan": -3,
  "dhimashada": -2,
  "dhimasho": -3,
  "dhimayo": -2,
  "dhimbiil": 1,
  "dhimi": -2,
  "dhimirkiisu": -2,
  "dhimis": -1,
  "dhinaca saamaynta": -2,
  "dhintay": -3,
  "dhirfinaya": -1,
  "dhirif": -2,
  "dhirifkiisa": -2,
  "dhis": 2,
  "Dhoob": -3,
  "Dhoobdhoobeen": -3,
  "dhoobo": -2,
  "Dhoodhoobeen": -3,
  "dhoola": 2,
  "dhuftay": -1,
  "dhumiyaan": -3,
  "dhunkasho": 2,
  "diamond": 1,
  "dib": -1,
  "dib loo dhigay": -1,
  "dib loo dhigo": -1,
  "dib u dhac": -1,
  "dibad": -2,
  "Dick": -4,
  "dickhead": -4,
  "difaaca jirka": 1,
  "difaacaa": 1,
  "diffident": -2,
  "digay": -2,
  "digaya": -2,
  "digidda": -2,
  "digniino": -3,
  "digniinta": -3,
  "digo": -2,
  "digtay": -2,
  "diidaa": -2,
  "diidan": -2,
  "diiday": -1,
  "diidaya": -2,
  "diidina": -1,
  "diidmada": -2,
  "Diidmo badane": -3,
  "diidniintayda": -2,
  "diido": -2,
  "Diido,": -2,
  "diiqayo": -3,
  "diiqootaan": -3,
  "diirada": 2,
  "diirada u saarnaa": -2,
  "diiran": 1,
  "diirimaad": 2,
  "diirsaday": 2,
  "dil": -2,
  "dilaa ah": -3,
  "dilaacda": -2,
  "dilaaga ah": -3,
  "dilaan": -3,
  "dilalka": -3,
  "dilay": -3,
  "dileysaa": -3,
  "dilidda": -2,
  "dilista": -2,
  "dilka": -3,
  "dillaac": -1,
  "dillaacay": -2,
  "dilligence": 2,
  "dipshit": -3,
  "direful": -3,
  "diriraya": -1,
  "dirireen": -3,
  "diriri": -1,
  "dirirtii": -3,
  "dirqi": -2,
  "dirtier": -2,
  "dirtiest": -2,
  "disagreeable": -2,
  "disappoints": -2,
  "disapprovals": -2,
  "disapproves": -2,
  "disconsolate": -2,
  "disconsolation": -2,
  "disguising": -1,
  "disgustful": -3,
  "disinclined": -2,
  "dislike": -2,
  "disorder": -2,
  "disparages": -2,
  "distinguished": 2,
  "diyaarinta": 2,
  "diyaariyey": 1,
  "dollar": -1,
  "dood badan": -2,
  "doodi": -2,
  "doonaya": 2,
  "doonayaa": 1,
  "doonteen": 3,
  "doontooda kharibneyd": -2,
  "doorka": -2,
  "doqon": -1,
  "Doqon": -2,
  "doqonimo": -3,
  "doranay": -3,
  "douchebag": -3,
  "dour": -2,
  "Downer": -2,
  "droopy": -2,
  "drudgery": -2,
  "dud": -2,
  "dulanka": -2,
  "Dullaysan": -2,
  "dullaysnaan": -2,
  "Dulleeya": -2,
  "dulli": -2,
  "dullooba": -3,
  "dulmay": -2,
  "dulmi": -2,
  "Dulmi": -2,
  "dulmiga": -2,
  "dulmin": -3,
  "dulmiyey": -2,
  "dulqaad": 2,
  "dulqaadka": 2,
  "duma": -2,
  "dumay": -2,
  "dumbass": -3,
  "duminaayey": -2,
  "dupery": -2,
  "duray": -2,
  "durkin": 2,
  "duubashada": -1,
  "Duudsigaas": -3,
  "duudsiya": -2,
  "duugoobay": -1,
  "duugta": -1,
  "duulaankii": -1,
  "duway": -2,
  "edbin": -3,
  "edbinayaa": -3,
  "edeb": 2,
  "edebtooda": 2,
  "edegga": -2,
  "ee dhicisoobay": -2,
  "eed": 2,
  "eedeeyaan": -2,
  "eedeeyay": -2,
  "eedeeymaha": -2,
  "eedeymaha": -2,
  "eedeynta": -2,
  "eedeyso": -2,
  "eedlaawe": 2,
  "eegaayo": 1,
  "eegeysaa": -2,
  "eeliyaa": 2,
  "eery": -2,
  "eex": 2,
  "eexda": -1,
  "effortlessly": 2,
  "ekaan": 1,
  "ekaansho": -2,
  "emaillada": -3,
  "engrossing": 3,
  "ennui": -2,
  "enrage": -2,
  "enrapture": 3,
  "enthrall": 3,
  "erayada aadka u": -2,
  "erido": -2,
  "ErrorWithTranslation": 3,
  "erya": -1,
  "eryey": -2,
  "evergreening": -3,
  "evergreens": 2,
  "exasparate": -2,
  "exasperates": -2,
  "exasperating": -2,
  "excruciatingly": -1,
  "exhilarated": 3,
  "exhilarates": 3,
  "exhilarating": 3,
  "exonerated": 2,
  "faaf": -2,
  "faafa": -2,
  "faafiyo": -2,
  "faaidaysta": -2,
  "faaiidada": 2,
  "faalsada ah": -3,
  "faan": -2,
  "faas": -1,
  "faashistihii": -2,
  "fabulously": 4,
  "faddarayn": -2,
  "fadeexad": -2,
  "fadeexadii": -3,
  "fadeexado": -3,
  "fadilay": 2,
  "fadlan": 1,
  "fag": -3,
  "faggot": -3,
  "fagots": -3,
  "fahmadna": 2,
  "fahmay": -2,
  "fahmi": -2,
  "failure": -2,
  "faker": -3,
  "faleynin": 3,
  "fallaagada": -2,
  "fallaagadii": -2,
  "fallaagoobaya": -2,
  "Fanaaniin": 3,
  "fantastic": 4,
  "faquuqaya": -2,
  "faraha kula": 1,
  "farax": 3,
  "Farax": 3,
  "faraxsan": 4,
  "faraxsanaado": 3,
  "faraxsanahay": 5,
  "faraxsaneyn": -2,
  "farxaa": 4,
  "farxaan": 3,
  "farxad": 3,
  "farxad leh": 2,
  "farxada badneyd": 3,
  "Farxaddii": 3,
  "farxadeed": 3,
  "farxeen": 3,
  "farxi": 4,
  "farxiyay": 1,
  "farxo": 2,
  "fasaadiya": -3,
  "fascinate": 3,
  "fascinates": 3,
  "fashiistaha": -2,
  "fashiliyay": -2,
  "Fasir": -2,
  "fatiguing": -2,
  "favorited": 2,
  "favourited": 2,
  "fayoqabka": 2,
  "feejignaadaan": 3,
  "feejignaan": 2,
  "feejignaan xumo": -2,
  "fekeray": 2,
  "fervid": 2,
  "fidgety": -2,
  "fidiyaa": 1,
  "figeeyo": -3,
  "fiican": 5,
  "fiican oo heer sare": 2,
  "fiicnayn": -2,
  "fiisa": -2,
  "fikrad gaabni": -2,
  "filayey": -2,
  "filneyn": -2,
  "finan": -2,
  "firfircoon": 3,
  "fishay": -2,
  "fisqi": -2,
  "fisqu": -2,
  "flagship": 2,
  "flawlessly": 2,
  "flop": -2,
  "fogaadaa": -1,
  "fool xun": -3,
  "foosha": -3,
  "foox": -2,
  "foreclosure": -2,
  "foreclosures": -2,
  "forgettable": -1,
  "fowdo": -2,
  "fraudster": -4,
  "fraudulence": -4,
  "free": 1,
  "frikin": -2,
  "frisky": 2,
  "ftw": 3,
  "fuck": -4,
  "fucked": -4,
  "fucker": -4,
  "fuckers": -4,
  "fuckface": -4,
  "fuckhead": -4,
  "fuckin": -4,
  "fucking": -4,
  "fucking cajiib ah": 4,
  "fucking cute": 4,
  "fucking fantastic": 4,
  "fucking kulul": 2,
  "fucking qurux badan": 4,
  "fucking wanaagsan": 4,
  "fucking weyn": 4,
  "fucktard": -4,
  "fud": -3,
  "fudaydsadaa": -2,
  "fudud": 1,
  "Fudud": -2,
  "fuked": -4,
  "fuking": -4,
  "fulaynimada ah": -2,
  "fulin waayay": -2,
  "fulinayaan": -2,
  "funky": 2,
  "funnier": 4,
  "funny": 4,
  "Furasho": -1,
  "furfuraya": 1,
  "furitaankii": 2,
  "fursad": 2,
  "fursadaha": 2,
  "fursado": 2,
  "gaabiyo": -2,
  "gaajeeysan": -2,
  "gaajo": -2,
  "gaajoonaya": -2,
  "gaaloobay": -1,
  "Gaaloobay": -2,
  "gaar ah": 2,
  "gaaraan": 1,
  "gaaray": 1,
  "gaarey": 1,
  "gaari": 1,
  "Gaariisa": -2,
  "gabax": -2,
  "gabbaro": 2,
  "gablamay": -2,
  "gablamin": -2,
  "gablamisa": -2,
  "gacal": -3,
  "gacaliyayaalow": 3,
  "gacaliyo": 2,
  "gacangelinaya": -3,
  "gacangeliyey": -3,
  "gacankudhiigle": -2,
  "gacansaydhay": -1,
  "gadmaynin": -2,
  "gafayaan": -2,
  "gafkaasi": -2,
  "gagged": -2,
  "galaan": 1,
  "galin": -1,
  "galisa": -2,
  "galisaa": -2,
  "galkii": -2,
  "gallantly": 3,
  "gallinkii": -2,
  "ganaax": -1,
  "ganaaxay": -2,
  "ganacsiga": 1,
  "garaaca": -1,
  "garaacay": -2,
  "Garaacay": -1,
  "garacyo": -5,
  "garantiigu": -1,
  "garayo": -2,
  "gardarada": -2,
  "gardarro": -2,
  "gariir": -2,
  "gariiriyo": -2,
  "gariirka": -2,
  "garsoori": 2,
  "gawraco": -2,
  "gayeysiin": -2,
  "gebagaboobaan": -2,
  "gebgabeeyay doodihii": -2,
  "geeddiga": -1,
  "geesi": 2,
  "geesiga": 2,
  "geesinimada": 3,
  "geesinimo": 3,
  "geesinnimo": 3,
  "geesiyaal": 2,
  "geesiyaasha": 3,
  "gelayaa": 1,
  "giddy": -2,
  "gilgilasho": -2,
  "Gilgili": -2,
  "glamourous": 3,
  "gleeful": 3,
  "glum": -2,
  "godan": -1,
  "goddamn": -3,
  "goofiness": -2,
  "goofy": -2,
  "goosanaysa": -2,
  "gooyey": -2,
  "gooynayaa": -1,
  "gorgortan": 2,
  "goynta": -1,
  "gr8": 3,
  "grand": 3,
  "greenwash": -3,
  "greenwasher": -3,
  "greenwashers": -3,
  "greenwashing": -3,
  "gudan waayaan": -2,
  "gudbaysa": -2,
  "gudbey": -2,
  "gudcur": -1,
  "gullibility": -2,
  "gurasho": -1,
  "guud": -2,
  "guul": 4,
  "guulaha": 2,
  "Guulaha": -2,
  "guulaysato": 3,
  "guulaystaan": 3,
  "guulaysteen": 3,
  "guuldaradii": -2,
  "guuldareystay": -2,
  "Guuldareystay": -3,
  "guuldareysto": -2,
  "guuldarra": -2,
  "Guuldarrooyin": -2,
  "guuleed": 4,
  "guuleysan": -2,
  "guuleysto": 3,
  "guulihii": -1,
  "guusha": 4,
  "Guusha": 3,
  "Guux": -2,
  "ha": 2,
  "haa": 1,
  "hab": 2,
  "habaar": -1,
  "haban": -2,
  "habboonaanta": 2,
  "haboon": 2,
  "haboona": 2,
  "Hadaba": -1,
  "hadalladaas": -3,
  "hadayana": -3,
  "Haddaba dhiirranaada": 2,
  "hadheeyay": -1,
  "hadiyad": 2,
  "hadlay mushkilada": -2,
  "hafray": -2,
  "hagaagtay": 2,
  "hagaajin karin": -2,
  "hagaajinaysa": 1,
  "hagaajinaysaa": 2,
  "hagar": -1,
  "hahaha": 3,
  "hahahah": 3,
  "hakad": -2,
  "halabuurnimo": 1,
  "hal abuur leh": 2,
  "Halaagsamay": -2,
  "halakeeyey": -2,
  "halaynta": 2,
  "halboowlayaal": 3,
  "haleysan": -3,
  "halganka": -2,
  "halis": -2,
  "halis ah": -2,
  "halista ah": -3,
  "Halleeluuya": 3,
  "halleeyo lillaahinimada": 1,
  "halligaad": -2,
  "halmaaami": 2,
  "halmaamay": -1,
  "Halmaameen": -2,
  "halmaansan": -2,
  "hambalyeeyo": 2,
  "hambalyo": 2,
  "Hambalyo": 2,
  "hami": 2,
  "hamiday": 1,
  "hanbalyo": 2,
  "handaad": -2,
  "handadayeen": -3,
  "handadeysid": -2,
  "hanjabaad": -2,
  "hanjabo": -2,
  "hantida": 2,
  "hantiilayaal": 2,
  "hardier": 2,
  "Hardy": 2,
  "hareen": -3,
  "hareereeyay": -2,
  "hargab": -2,
  "Hargeysa": -2,
  "harried": -2,
  "haya": -3,
  "haysan": -2,
  "hayso": -2,
  "heartless": -2,
  "heavyhearted": -2,
  "heegan": -1,
  "heegan ah": 2,
  "heer sare": 3,
  "heer sare ah": 4,
  "hehe": 2,
  "heleen": -2,
  "heshiiska": 1,
  "heshiiyaan": 1,
  "heybad": 2,
  "heysa": -2,
  "highlight": 2,
  "hilmaami Karin": 1,
  "hinaasin": -2,
  "hinaaso": -1,
  "hindhisay": -2,
  "hindhiso": -2,
  "hindhisto": -2,
  "hindiga": 2,
  "hodan": 2,
  "hoggaanka": 1,
  "hoobiyay Camalkoodii": -2,
  "hoobtay": -3,
  "hoogtay": -1,
  "hooligan": -2,
  "hoos": -1,
  "hoos u dhaca dhaqaalaha": -2,
  "hooseeya": -1,
  "horana": 3,
  "horgaygee": 2,
  "horjoogsadaa": -1,
  "horjoogsado": -1,
  "horjoogsanaya": -1,
  "horrid": -3,
  "horseedaan": 2,
  "hortaagaan": -2,
  "hortagi": -1,
  "horumar degdeg ah": 3,
  "horumarinta": 2,
  "horumarka": 2,
  "horumarsan": 1,
  "hubin": -1,
  "hubinta": 1,
  "huckster": -2,
  "hufan": 2,
  "Hufnaan": 2,
  "humbug": -2,
  "humerous": 3,
  "hungaaeada": -2,
  "hunguri": -2,
  "hurin": -2,
  "huriye": -2,
  "hurray": 5,
  "huwan": -2,
  "hysterics": -3,
  "I caawi": 2,
  "icky": -3,
  "Ictiraafto": -2,
  "idiindhagaysan": 2,
  "idiocy": -3,
  "ifka": 2,
  "ifkan": 2,
  "iftiiminaya": 2,
  "iftiimiya": 2,
  "iftiimiyey": 2,
  "iidda": -1,
  "iigaga": -2,
  "iimaanka": 1,
  "iin": -3,
  "Ikier": -2,
  "ilaah": 1,
  "ilaaliyo": 1,
  "ilaayo": -2,
  "ilig": -2,
  "illooba": -2,
  "illoobi": -1,
  "illoobin": -1,
  "ilmada": -2,
  "impedingly": -2,
  "impresses": 3,
  "in dib loo dhigo": -1,
  "inaofajawaan": -5,
  "incapacitates": -2,
  "incenses": -2,
  "incensing": -2,
  "indoctrinates": -2,
  "inediable": -2,
  "infantilized": -2,
  "infatuated": 2,
  "infatuation": 2,
  "infest": -2,
  "infesting": -2,
  "infests": -2,
  "infract": -2,
  "infracted": -2,
  "infracting": -2,
  "infracts": -2,
  "infuriating": -2,
  "inkaa": 1,
  "inkira": -2,
  "inkiraadda": -2,
  "innaga": -2,
  "innovate": 1,
  "innovates": 1,
  "intransigence": -2,
  "intransigency": -2,
  "intrigues": 1,
  "invulnerable": 2,
  "irreproducible": -2,
  "irresolute": -2,
  "irresponsibly": -2,
  "irreversibly": -1,
  "isburinaya": -2,
  "isiili": -2,
  "iskalsooni": 2,
  "isxadgudubka": -2,
  "isbadelka": 2,
  "isbiiridkeedii": 2,
  "isbiiritka": 3,
  "isbitaalka": -2,
  "iscasilay": -1,
  "isdifaaci": -2,
  "isdil": -2,
  "isdilka": -2,
  "isha": 1,
  "Isias": -2,
  "iska": -1,
  "Iska Baraxay": -2,
  "iska casilay": -1,
  "iska dhega": -1,
  "Iska Diiday": -2,
  "iska dishay": -3,
  "iska fududaysto": -1,
  "iska ilaali": -1,
  "iska indha": -1,
  "iskama": -2,
  "iskibriya": -2,
  "isku": -1,
  "isku dhaceen": -1,
  "isku dhacyada": -2,
  "isku dheeli tiran": 1,
  "isku raacay": 1,
  "isku xiraan": 2,
  "iskula": -1,
  "islamarkaana": -2,
  "ismaandhaaf": -2,
  "ismidab": -1,
  "ismiidaamin ah": -2,
  "isnacsiiyeen": -3,
  "Isniinta": -2,
  "isriixidda": -2,
  "isrogay": -2,
  "istaahila": 2,
  "istaahilin": -2,
  "istaatistikada": -2,
  "itaal darnaadaa": -2,
  "ixtiraam": 2,
  "ixtiraamo": 2,
  "iyadaba": 4,
  "iyadoo dano": -2,
  "iyo liidasho": -2,
  "iyo sidoo kalechampioned": 3,
  "iyo sidoo kalediiradda": 2,
  "iyo sidoo kaleekeeyey": 2,
  "jaahil": -2,
  "Jaahil ah": -2,
  "jaahilnimadii": -2,
  "jabaa": -1,
  "jabay": -1,
  "jabin karin": 2,
  "jabine": -2,
  "jabiyey": -2,
  "jabsaday": -1,
  "jabsiga": -2,
  "Jacayl": 3,
  "jacayl fucking": 4,
  "jacaylka fucking": 4,
  "jacaylkii": -2,
  "Jacaylkii": 1,
  "jackass": -4,
  "jackasses": -4,
  "jahannamada": -4,
  "jahawareer": -2,
  "jahawareerinta": -3,
  "jahwareer": -2,
  "jajaban": -2,
  "jannada": 4,
  "Jannada": 3,
  "jariimooyinka": -3,
  "Jarmaka": -2,
  "jaunty": 2,
  "jawaab": 2,
  "jawaan": -5,
  "jawharad": 3,
  "jebinta": -2,
  "jebiso": -2,
  "jecel": 3,
  "jecel yahay": 3,
  "jecelnahay": 2,
  "jecelsan": 3,
  "jeclaa": 2,
  "jeclaadaanna": 3,
  "jeclaaday": 3,
  "jeclahay": 3,
  "jeclaystay": 2,
  "jeclaysto": 3,
  "jecleeyn": -2,
  "jeedineysaa": -2,
  "jeelahay": 2,
  "jeexan": -1,
  "jejebiyey": -1,
  "jidho": -2,
  "jihada saxda ah": 3,
  "jiidanaya": 2,
  "jiidashada": 3,
  "jiidata": 1,
  "jiideen": -1,
  "jiididda": -1,
  "jiitaa": -1,
  "jiitaan": 1,
  "jimidh": -2,
  "Jini": -2,
  "jiray dagaallo": -1,
  "jirdil": -4,
  "jirdilay": -4,
  "jirio": -1,
  "jocular": 2,
  "Jolly": 2,
  "joogsada": -1,
  "joogsaneyso": -2,
  "joogsiyada": -1,
  "joogto ah": 2,
  "joojin": -1,
  "joojinta": -1,
  "joojiyay": -1,
  "Joojiyay": -2,
  "jowharadahaaga": 1,
  "joyless": -2,
  "ka aarsan": -2,
  "ka badbaaday": 2,
  "ka baxsan": -2,
  "ka cabanaya": -2,
  "ka cabsada": -2,
  "ka cabsan jirin": -2,
  "ka dhashay heshiiska": -2,
  "ka gaarto": -3,
  "ka hortagga": -1,
  "ka saara": -2,
  "ka saarida": -1,
  "ka xanaaqsan": -2,
  "ka xoogbadan,": 2,
  "ka xumahay": -1,
  "ka xun": -3,
  "kaamil ah": 3,
  "kaamil ah fucking": 4,
  "kaamileen": 2,
  "kaash ah": -2,
  "kabuubyo": -1,
  "kacay": 1,
  "kaco": 2,
  "kacsan": -2,
  "kacsanaan": -2,
  "kadifaacaan": 2,
  "kaftan": 2,
  "kaftan ah": 2,
  "kaftanka": 2,
  "kagaara": -1,
  "kagaartay": -4,
  "kajan ah": -1,
  "kala daadsan": -2,
  "Kala Duldhacay": -2,
  "kala sooc lahayn": -2,
  "kalagoynta": -2,
  "kalgacal": 3,
  "Kalinimada": -2,
  "kaliyeeli": 2,
  "Kalsoonaada": 2,
  "kalsoonaan karo": 2,
  "kalsoonaan kartaa": 2,
  "kalsooni": 2,
  "kalsoonida": 2,
  "kama dhigaan": -2,
  "kansali": -1,
  "kansarka": -1,
  "Kanu waa warka culus": -2,
  "karaa fowdo": -2,
  "karaahiyada": -3,
  "karaahiyo": -2,
  "karahdo": -3,
  "Karanka oo": 2,
  "karhay": -3,
  "karhi": -3,
  "karinin": -2,
  "karnimada": 1,
  "karo \"t taagan": -3,
  "karti": -2,
  "kartidooda": 2,
  "kasbada": 1,
  "kasbatay": 2,
  "kasta": 2,
  "kawelwelidda": -1,
  "Kayd Maaliyadeed": 2,
  "kaydka": 1,
  "keli": -2,
  "keligii": -2,
  "khalad": -2,
  "khaladaadka": -2,
  "khaladan": -2,
  "khaldaan": -2,
  "khaldan": -2,
  "khalkhal": -2,
  "kharibi": -2,
  "kharribay": -2,
  "kharribeen": -3,
  "Khartuum": -2,
  "khasaare": -3,
  "khasaarin": -2,
  "khasaariyaa": -2,
  "khasaariyey": -2,
  "khasaaro": -2,
  "khasab ah": -1,
  "khasbid": -2,
  "khatar": -2,
  "khatar ah": -2,
  "khatarta": -2,
  "khatartan": -2,
  "khayaali": 2,
  "Khayrja": 3,
  "khilaaf": -2,
  "khilaafaadka": -2,
  "khilaafka": -2,
  "khilaafsan": -2,
  "khiyaameeya": -3,
  "khiyaameeyaan": -3,
  "khiyaameeyay": -3,
  "khiyaamo qaran": -3,
  "khiyaanadu": -2,
  "khiyaanayeen": -3,
  "khiyaanayn": -3,
  "khiyaanaysay": -3,
  "khiyaaneeya": -3,
  "khiyaano": -3,
  "Kia": 3,
  "kibir": 3,
  "kibirsan": 3,
  "Kibree": 3,
  "kibreen": 2,
  "kici": 1,
  "kicin": 1,
  "kicinta": -2,
  "kicitaan": -3,
  "kickback": -3,
  "KMG": 1,
  "kobciyaa": 1,
  "koboca": 3,
  "kooban": -1,
  "kooxaha": 2,
  "kooxaha xagjirka ah": -2,
  "Kooxda heysata horyaalka": 2,
  "kor": 2,
  "kor loogu qaado": 1,
  "kor u": 1,
  "kor u qaadida": 1,
  "korantada": -2,
  "kordhay": 1,
  "kordhiyo": 1,
  "korinay": -2,
  "koritaan": 2,
  "koritaanka": 2,
  "kormeerka": -1,
  "korodhsi": 2,
  "korontada": -2,
  "koxda": 4,
  "ku celisaa": -2,
  "ku eedeeyay": -2,
  "ku eedeysay": -2,
  "ku faraxsan": 3,
  "ku farxaan": 3,
  "ku farxeen": 4,
  "ku filan": 1,
  "ku filnayn": -2,
  "ku guuldareysato": -2,
  "ku guuleystay": 4,
  "ku haboon": 2,
  "ku kalsoon tahay": 2,
  "ku leeyihiin": -2,
  "ku majaajiloodeen": -2,
  "ku tiirsan": 2,
  "kufsaday": -4,
  "kufsi": -4,
  "kulanbeddelo": 3,
  "kulane": -2,
  "kulanka": -2,
  "kulaylkeeduna": -3,
  "kulul": 2,
  "kuteen": -2,
  "kuwa baahanna": -2,
  "kuwa ishoosaysiiya": 1,
  "Kuwa kibirka badanu": 2,
  "kuwa sharka leh": -2,
  "la awoodi karo": 2,
  "la fahmi karin": -2,
  "la heli karo": 1,
  "la jecel yahay": 3,
  "la siri karo": -2,
  "la taaban karo": 1,
  "la waayay": -1,
  "la wadaago": 1,
  "la xaqiijin": -1,
  "la yaab leh": -1,
  "la yaabid": 3,
  "laaluush": -3,
  "laaluushay": -3,
  "lacagta": 2,
  "lackadaisical": -2,
  "laga cabsado": -3,
  "laga saaray": -2,
  "laga shakiyo": -2,
  "lagaaro": -2,
  "lagaga shakiyey": -1,
  "lagu daabacay": 2,
  "lagu eedeeyay": -2,
  "lagu farxi karo": 3,
  "lagu hayo": -2,
  "lagu kalsoon yahay": 2,
  "lagu waayay": 2,
  "lagu xaliyo": 2,
  "lahaayeen": -1,
  "lahayn": 2,
  "laíaanta": -2,
  "lama filaan ah": -2,
  "lama ilaawaan ah": 3,
  "land": 3,
  "laughting": 1,
  "lawl": 3,
  "layga muday": -2,
  "leehihiin": -2,
  "leexiyay": -2,
  "Leexiyey": -1,
  "leexiyo": -2,
  "lehid": 2,
  "lehna": 2,
  "liddiga": -1,
  "lighthearted": 1,
  "lihid": -3,
  "liidata": -2,
  "liita": -2,
  "liito": -2,
  "likable": 2,
  "likeable": 2,
  "likers": 2,
  "litigious": -2,
  "lmao": 4,
  "lmfao": 4,
  "lol": 3,
  "lolol": 4,
  "lololol": 4,
  "lolololol": 4,
  "lonesome": -2,
  "loo dulqaadan karin": -2,
  "loo hagaajiyo": 2,
  "loo hubiyo": 1,
  "looga hortago": -1,
  "looga shakisan yahay": -1,
  "loogaga badiyey": -1,
  "lool": 3,
  "loomed": -1,
  "loool": 3,
  "looool": 3,
  "lousy": -2,
  "lovelies": 3,
  "Lughaya": 3,
  "lugubrious": -2,
  "luminayey": 3,
  "luminaysid": -2,
  "lunsiga": -3,
  "ma wanaagsan": -2,
  "maadda": 1,
  "maagaayo": -2,
  "maalgashigaa": 1,
  "maan": 3,
  "maanshaynay": -2,
  "Maansheeyo": -2,
  "maasuqay": -1,
  "macaa": 3,
  "macaan": 3,
  "macno leh": 2,
  "madaale": 2,
  "madaama lugtii": 3,
  "madadaalin": 3,
  "madadaalo": 4,
  "madax": -2,
  "Madax Adag": -2,
  "maddening": -3,
  "madhan": -1,
  "madixiisu": -2,
  "madly": -3,
  "madow": -2,
  "madowgiisa": -1,
  "mafaahiim": -1,
  "magacxan": -2,
  "magdhow": -3,
  "mahad": 2,
  "mahadisaan": 3,
  "Mahadiya": 2,
  "mahadiyay": 2,
  "mahadnaq": 2,
  "mahadnaqayo": 2,
  "mahayaan": -2,
  "maiktias": 1,
  "majaajilo": -2,
  "majara habaabiyey": -2,
  "maladaption": -2,
  "maldevelopment": -2,
  "maleegay": -2,
  "mamnuucay": -2,
  "mamnuucayaa": -1,
  "mamnuucayaan": -1,
  "mana karayaan": -2,
  "mantagay": -3,
  "mantaggiisa": -3,
  "mantaggooda": -3,
  "maqaar saara": -2,
  "maqan": -1,
  "maqley": -3,
  "maqsuud": 2,
  "maqsuuday": 2,
  "marinaMeyeydaan": 3,
  "Maraga": -2,
  "maran": -2,
  "marayso": -2,
  "margado": -2,
  "Margado": -2,
  "marin habaabin": -3,
  "Marjiyo": -2,
  "marka lagareebo": -2,
  "markana yarayn": -2,
  "Markey": -2,
  "Marlon": -2,
  "maroojinayo": -1,
  "maroorsamaan": -2,
  "masaafurin": -2,
  "masaafurinta": -2,
  "masayr": -2,
  "masayrka": -2,
  "mashquulin": -2,
  "mashquulsan": 1,
  "masiibo": -3,
  "Masiibo": -4,
  "Maskax": -2,
  "masterpiece": 4,
  "masterpieces": 4,
  "masuul ka": 2,
  "matag": -3,
  "matare": -2,
  "maxaabiis": -2,
  "maxbuus": -2,
  "maxfalka": 3,
  "maxkamad": -2,
  "maydhan biyaha": -2,
  "maydhan biyaha cute": 3,
  "maydhan biyaha ugu fiican": 4,
  "maydhan biyaha wanaagsan": 4,
  "Maydka": -1,
  "meditative": 1,
  "menaced": -2,
  "menaces": -2,
  "mergado": -2,
  "mesmerizing": 3,
  "metal": -2,
  "midaysan": 1,
  "midnimo": 2,
  "miiri": 1,
  "miiro": -2,
  "mindi": -2,
  "mirthful": 3,
  "mirthfully": 3,
  "misbranding": -3,
  "miscast": -2,
  "misclassifies": -2,
  "misclassify": -2,
  "misconducted": -2,
  "misconducting": -2,
  "misconducts": -2,
  "misplaces": -2,
  "misplacing": -2,
  "mispricing": -3,
  "misreports": -2,
  "misrepresentations": -2,
  "mistaking": -2,
  "miyir": 2,
  "miyuuna": -1,
  "moans": -2,
  "modernizes": 2,
  "monopolizing": -2,
  "monotone": -1,
  "Montalivo": 2,
  "mope": -1,
  "moping": -1,
  "motherfucker": -5,
  "motherfucking": -5,
  "mucaaradka": -2,
  "mucjiso": 4,
  "mud": -3,
  "mudaharaad": -2,
  "muhiim ah": 2,
  "muhiimada": 2,
  "muhiimadda": 1,
  "muhim": 1,
  "mumpish": -2,
  "munaasab ahayn": -2,
  "muran": -2,
  "muranka": -2,
  "muransan yahay": -2,
  "murma": -2,
  "murug": -2,
  "murugaysan": -3,
  "murugo": -2,
  "musaafurinta": -2,
  "musallif": -2,
  "musiibada": -2,
  "musiibadii": -2,
  "musiibo": -3,
  "musiibooyin": -2,
  "musiibooyinka": -2,
  "musuq": -3,
  "musuqmaasuq": -3,
  "musuqmaasuqa": -3,
  "muujin": 2,
  "Muuqaal wanaagsan": 3,
  "muuqan": 2,
  "muuqasho": -1,
  "muxibada": 2,
  "n00b": -2,
  "naafada": -1,
  "naafada ah": -2,
  "Naara": 2,
  "naaro": -3,
  "nabad": 2,
  "nabadda": 2,
  "nabarradii": -2,
  "nabdaysan": 2,
  "nacabkaa": -3,
  "nacas ah": -2,
  "nacasnimo": -3,
  "nacasyada": -2,
  "nacay": -2,
  "nacaya": -3,
  "nacayb": -3,
  "Naceen": -2,
  "Naciimo": 3,
  "nadiif ah": 2,
  "nadiifiye": 2,
  "nadiifsan": 2,
  "nafci lahayn": -2,
  "nalaayee": -3,
  "naqdiya": -2,
  "narcissism": -2,
  "nasasho leh": 2,
  "naseexeeyaan": 2,
  "nasiib": 3,
  "nasiib wanaag": 3,
  "nasiib xumo": -2,
  "nasteexo": 3,
  "naxa": 2,
  "naxaan": -1,
  "naxariis": 2,
  "naxariisan": 2,
  "naxariistaadu": 3,
  "naxay": -2,
  "naxaysaan": -2,
  "naxdin leh": -2,
  "naxdinta": 3,
  "nay": -2,
  "nebcaa": -2,
  "nebcaaday": -3,
  "necbahay": -3,
  "neceb": -3,
  "necebyahay": -2,
  "negative": -2,
  "nicin": -3,
  "Nicma": -2,
  "Nicmada": 2,
  "nidaaam": -2,
  "Nidaamooda": -2,
  "Nidaamsanaan": 2,
  "nifty": 2,
  "niggas": -5,
  "nigger": -5,
  "nijaasayn": -2,
  "nijaaseeyeen": -2,
  "nijaasowday": -2,
  "Nimadooda Darteed": -1,
  "nimcadii": 1,
  "ninkii": -2,
  "nixin": -2,
  "nixina": -2,
  "nixiyay": -2,
  "niyad": -2,
  "niyad": -2,
  "niyad jab": -2,
  "niyad jabsan": -2,
  "niyadda": 1,
  "niyadjab": -2,
  "niyadjabay": -2,
  "niyadsamaan": -2,
  "niyadsamida": 3,
  "niyadsan": 2,
  "no": -1,
  "nonansixiyey": -2,
  "nooc": 2,
  "nooc ka mid": 0,
  "nooc ka mid ah": 0,
  "nool": 1,
  "noolaanshaha": 2,
  "Noolayn": -1,
  "noole": 2,
  "nooleeyo": 2,
  "Noqdo": -3,
  "novel": 2,
  "nuglaanta": -2,
  "nugul": -2,
  "nuts": -3,
  "nuugayo": -3,
  "nuugi": -3,
  "nuugo": 1,
  "nuuradda": -3,
  "Nuurin": 2,
  "Nuurkii": 1,
  "offline": -1,
  "oggolaadaan": 1,
  "oggolaaday": 2,
  "oggolaansho": 2,
  "ogola": -2,
  "ogoshahay": 2,
  "ollaleeya": -2,
  "Ololaha Nolol": 4,
  "ololayn": -2,
  "ololaysa": -2,
  "ololeeya": -2,
  "ololeeyay": -2,
  "oo ammaanta": 2,
  "oo beenisay": -2,
  "oo cambaareeyay": -2,
  "oo cambaareysay": -3,
  "oo deeq": 2,
  "oo dhamaystiran": 2,
  "Oo dib U Dhigay": -1,
  "oo farxad": 3,
  "oo Fayda Xumaanta": 1,
  "Oo garacna": -5,
  "oo gooni loo sooco": 3,
  "oo halis ku ah": -2,
  "oo keliya": -2,
  "oo khasnadahayga": 2,
  "oo kordhiyey": 1,
  "oo meelmariyay": 2,
  "oo musiiba ah": -2,
  "Oo Ogolaaday": 1,
  "oo qaadacay": -2,
  "oo sharaf leh": 2,
  "oo soo dhaweeyay": 2,
  "oo xiiso leh": 2,
  "oo yaraada": -2,
  "ooday": -2,
  "oofinta": 2,
  "oofiya": 2,
  "oogo": -1,
  "oohin": -2,
  "oolnimada": 2,
  "oon la dhaafi karin": -3,
  "oonu": 1,
  "ooyaya": -2,
  "ooyina,": -2,
  "optionless": -2,
  "ostracize": -2,
  "ostracizes": -2,
  "outreach": 2,
  "overreacted": -2,
  "overreaction": -2,
  "oversell": -2,
  "overselling": -2,
  "oversells": -2,
  "oversimplification": -2,
  "oversimplified": -2,
  "oversimplifies": -2,
  "oversimplify": -2,
  "oversold": -2,
  "overwrought": -3,
  "oxymoron": -1,
  "paarasaytka": -2,
  "panics": -3,
  "penalizes": -2,
  "perfects": 2,
  "petrified": -2,
  "philanthropy": 2,
  "phobic": -2,
  "picturesque": 2,
  "pileup": -1,
  "Pique": -2,
  "piqued": -2,
  "pissing": -3,
  "piteous": -2,
  "plodding": -2,
  "pollutant": -2,
  "polluter": -2,
  "posttraumatic": -2,
  "prblm": -2,
  "prblms": -2,
  "profiteer": -2,
  "pseudoscience": -3,
  "psychopathic": -2,
  "Puntiland": 2,
  "qaab": -2,
  "qaadacay": -2,
  "qaadada": 3,
  "qaadsiin": -2,
  "qaadsiiyo": -1,
  "qaali": 3,
  "qaalisan caalamka": 2,
  "qaarkood": 1,
  "qaba": -2,
  "qaboojiyaa": 2,
  "qabow": 1,
  "qabriga": -2,
  "qabsanaysaa": 1,
  "qabtay": -2,
  "qacnin": -2,
  "qadaf ahayn": -2,
  "qadarin": 2,
  "qadhaadh": -2,
  "qalad": -2,
  "qalad ah": -2,
  "qaladaad": -2,
  "qalbi": -2,
  "qalbi jabine": -2,
  "qaldan": -2,
  "qaldo": -2,
  "Qaliimada aragti gaabnaanta": -2,
  "qallafsan": -3,
  "qalloociya": -3,
  "qalmin": -2,
  "qaloocsan": -2,
  "qanacsanayn": -2,
  "Qancinta": 2,
  "qanciyeen": -2,
  "qanco": -2,
  "qandho": -2,
  "qanicin": -1,
  "qaracan": -3,
  "qarax": -1,
  "qarin": -1,
  "qarinaya": -1,
  "qarisay": -1,
  "qariyaan": -2,
  "qarka u saaran": -2,
  "qarsoodi ah": -2,
  "qarsoon": -1,
  "qasaariyey": -2,
  "qasad": -2,
  "qasan": -2,
  "qasbay": -1,
  "qasbin": 1,
  "qasdin": -2,
  "qashin qubka": -1,
  "qashinka": -1,
  "qasnaanta": -1,
  "qatar ah": -2,
  "qaxin": -1,
  "qaylada": -1,
  "qayladoodii": -2,
  "qaylin": -2,
  "qaylinaya": -2,
  "qayliyey": -2,
  "qaylo": -2,
  "Qaylyeysaan": -2,
  "qayrul": -2,
  "qeybaha": 1,
  "qeyliyo": -2,
  "qibradiisa": 2,
  "qiimihiisu": 2,
  "qiiro": 2,
  "qiiroole": -2,
  "qirtay": -1,
  "qish": -3,
  "qishta": -3,
  "Qiso": -1,
  "qobweyn": -2,
  "qodxan": -2,
  "qoomameeyay": -2,
  "qoomameeyo": -2,
  "qoomamo": -2,
  "qorax": 2,
  "qoriga": -1,
  "qorshaynta": -2,
  "qoslay": 1,
  "qoslayay": 2,
  "qosleen": -2,
  "qosli": 1,
  "qoslo": -1,
  "qosloba": 1,
  "qosol": 2,
  "qubaan": -1,
  "qubuur": 3,
  "qudhmay": -3,
  "qulubsan": -2,
  "qummanaynu": -1,
  "quraafaad": -1,
  "qurmay": -3,
  "qurun": -2,
  "qurux badan": 3,
  "qurux badnayn": -2,
  "quruxsan": 2,
  "qurxiyo": 3,
  "qurxoon": 3,
  "quudhsada": -2,
  "quudhsado": -2,
  "quudhsasho": -2,
  "Quudin": -2,
  "quudin ilaa": -3,
  "quursadaan": -1,
  "quusan": -3,
  "quusasho": -3,
  "Quusta": -2,
  "quustaan": -3,
  "raacsanayn": -2,
  "raad": -2,
  "raagaya": 2,
  "raagin": -1,
  "raajiso": -2,
  "raajiyey": -1,
  "raali": -1,
  "raaligelin": -1,
  "Raaligelin": -1,
  "raaxada": 2,
  "raaxaysan": 2,
  "raaxaysi": 3,
  "raaxaystay": 2,
  "raaxo": 2,
  "raba": 1,
  "rabitaan": 1,
  "rabitaanka": 1,
  "rabshadaha": -3,
  "rabshadaha la xiriira": -3,
  "rabshaddii": -3,
  "rabshado": -2,
  "rabshin": -2,
  "rabto": 1,
  "rafaad farabadan": -3,
  "rafcaan": 2,
  "rageful": -2,
  "rajada": 1,
  "rajadii": 2,
  "rajaynayaa": 2,
  "rajeynaya": 2,
  "rajo": 2,
  "rajo xun": -2,
  "ranter": -3,
  "ranters": -3,
  "raptures": 2,
  "rapturous": 4,
  "rayn": 3,
  "rayrayn": 2,
  "rayrayn leh": 3,
  "rebshedaha": -2,
  "Ree": -2,
  "reeban": -1,
  "Reebay": -2,
  "refreshingly": 2,
  "repercussion": -2,
  "reprimanding": -2,
  "rideen": -2,
  "ridis": -2,
  "rigoore": -2,
  "riigga": -1,
  "riixdey": 1,
  "riixeya": -1,
  "riyaaqay": 2,
  "riyaaqayaa": 2,
  "riyaaqo": 2,
  "Riyadii": 1,
  "riyoon": 1,
  "riyooyin": 1,
  "robing": -2,
  "rofl": 4,
  "roflcopter": 4,
  "roflmao": 4,
  "rogaan": 1,
  "rogo": -1,
  "romantical": 2,
  "romantically": 2,
  "roobaadka": -1,
  "roonaado": 3,
  "rotfl": 4,
  "rotflmfao": 4,
  "rotflol": 4,
  "rumaysanayni": -1,
  "rumoobay": 2,
  "run": 2,
  "ruux": 1,
  "saafi ah": 1,
  "saamaha": -1,
  "saamaxay": 2,
  "saameeyeen": -1,
  "saameynta": 2,
  "saamiyada": 1,
  "saarid": -1,
  "saarnaa": 1,
  "Saarra": -2,
  "saaxiib": 2,
  "saaxiibtimo": 2,
  "saaxiibtinimo": 2,
  "saaxiibtinimo leh": 2,
  "saboolka": -2,
  "saboolka ah": -2,
  "saboolnimada": -1,
  "saboolsan": -2,
  "sacab": 2,
  "sacabatumay": 2,
  "sacoto": -2,
  "Sadaqaysta": 2,
  "sadhaysan": -2,
  "Safaaho": -3,
  "safaysaa": 1,
  "safeeyey": 2,
  "safka": 1,
  "sahal": 2,
  "sahaminta": 1,
  "sahlaya": -3,
  "salaama": 1,
  "salaamay": 2,
  "salaamaya": 2,
  "salaan": 2,
  "Salaan": 1,
  "salaysayn khalkhalgelinta": -1,
  "saldhigan": -1,
  "saliingaha": -3,
  "samada": 2,
  "samatabbixin": 2,
  "samatabbixinta": 2,
  "samayn": 1,
  "Samra": 2,
  "san weyn leh": -2,
  "sarbeeb": -1,
  "sarid": -5,
  "sasabay": -1,
  "savange": -2,
  "savanges": -2,
  "sawir isagoo": -2,
  "saxariir": -2,
  "saxariirinta": -2,
  "saxariiriso": -2,
  "Saylici waxa": -2,
  "scumbag": -4,
  "seegay": -2,
  "sexistic": -2,
  "sexy": 3,
  "shabahay": 2,
  "Shafar": 2,
  "shaki": -1,
  "shakiya": -2,
  "shakiyey": -1,
  "shalaay": -2,
  "shalaayay": -2,
  "shaqada AIDSka": -2,
  "shaqaynayeen": -3,
  "sharaf": 2,
  "sharafta": 2,
  "sharci": 1,
  "sharcidarrada ah": -3,
  "sharcidarro ah": -3,
  "sharci darrada ah": -3,
  "sharciyeeyo": 1,
  "share": 1,
  "sharfay": 2,
  "sharfo": 2,
  "sharta": -2,
  "sharxi": -2,
  "sheeko xumeeyay": -2,
  "shidan": 1,
  "shil": -2,
  "shilalka": -2,
  "shire": -4,
  "shirqool": -3,
  "shithead": -4,
  "shitty": -3,
  "shoody": -2,
  "shqsiga": -2,
  "shrew": -4,
  "shuban": -2,
  "shubtay": -1,
  "Shukaansiga": 2,
  "shuqloonyihiin Nicmo": 3,
  "si ammaan ah": 1,
  "si cad u": 1,
  "si daacad ah": 2,
  "si dhakhso ah": 1,
  "si fiican u la aasaasay": 2,
  "si fiican u labisan": 2,
  "si guul ah": 3,
  "si kalsooni leh": 2,
  "si khalad ah": -2,
  "si nabad ah": 2,
  "si qadhaadh": -2,
  "si qaldan u isticmaalaan": -2,
  "si qurux badan": 3,
  "si taxadar leh": 2,
  "si toos ah": 1,
  "si xad dhaaf": -2,
  "si xun u": -2,
  "si xun u isticmaalka": -2,
  "si yaab leh": 4,
  "sida": 2,
  "Sida labawejiilayaashu": -2,
  "sidooda": -3,
  "sifeeyo": 1,
  "sii": -2,
  "sii dara": -3,
  "sii daraya": -2,
  "sii dari": -3,
  "sii dartay": -2,
  "sii kordhaya": 1,
  "sii xumaanaya": -2,
  "sii xumaanaysa": -3,
  "sii xumaanayso": -2,
  "sii xumaatay": -3,
  "sii xumaysaa": -2,
  "siinin sida": -2,
  "siiyay": 1,
  "siiyo": 1,
  "silcin": -2,
  "silciya": -2,
  "sincerest": 2,
  "singleminded": -2,
  "sintaan Haweejkiinna": 1,
  "sir ah": 2,
  "sirgaxan": -2,
  "sirin": -2,
  "sitaa": 3,
  "sixray": 2,
  "slam": -2,
  "slickest": 2,
  "smart": 1,
  "smear": -2,
  "Socdo": -2,
  "socod": 2,
  "socodyada": 1,
  "sokay": 2,
  "soo celinta": 1,
  "soo celiyo": 1,
  "soo dhaweeyay": 2,
  "soo dhaweyn": 2,
  "soo furtay": 2,
  "soo gaaray": -2,
  "soo jiidashada": 3,
  "soo jiidasho": 3,
  "soo jiidasho leh": 3,
  "soo jiidatay": 1,
  "Soo Kordhiyay": 1,
  "soo nooleeyo": 2,
  "soo rogay": -1,
  "spam": -2,
  "spammer": -3,
  "sparkles": 3,
  "spiritless": -2,
  "squelched": -1,
  "starves": -2,
  "stinked": -2,
  "stinker": -2,
  "stinks": -2,
  "strangely": -1,
  "stress": -1,
  "stupidly": -2,
  "suave": 2,
  "subax wanaagsan": 1,
  "subpoena": -2,
  "sueing": -2,
  "sugaha": -3,
  "sugayay": -1,
  "sugi": 2,
  "sugina": -2,
  "Sugnaaday Ruuxii": -1,
  "sugno": -1,
  "sujuudi": 3,
  "sulky": -2,
  "sumaysaa": -2,
  "sumcadiisa": -2,
  "sumeeyay": -2,
  "sun": -2,
  "sun ah": -3,
  "sunta": -2,
  "suntu": -2,
  "super": 3,
  "suurad wacan": 2,
  "suuxdin": -3,
  "suuxdin qaba": -3,
  "sweetest": 3,
  "swindles": -3,
  "taabday": 2,
  "taageeraya": 1,
  "taageerayaasha": 1,
  "taageere": 3,
  "taageereen": 2,
  "taageero": 2,
  "taah": -2,
  "taahiisa": -2,
  "taam": 1,
  "taasoo cadeyneysa": 2,
  "taasoo keentay": 2,
  "tabarta yaraana": -2,
  "tacaalaan": -1,
  "tagay": -2,
  "tago": -1,
  "tahriibinta": -2,
  "tahriibiyaan": -2,
  "tahriibiyay": -2,
  "takooray": -2,
  "takoori": -2,
  "takoorid": -2,
  "talaabsadeen": -1,
  "talanti": 2,
  "talinayaa": 2,
  "talinaynaa": 2,
  "talinaysaa": 2,
  "talisnimo": -3,
  "talisyo": 3,
  "tallaabo gadaal": 3,
  "tallaabsan": -2,
  "tallan": -1,
  "tanaasulaan": -2,
  "tarayn": -2,
  "tard": -2,
  "tarjumaad khaldan ka bixisaa": -2,
  "tartamaya": -1,
  "tartan": 2,
  "tarxiilayo": -2,
  "tarxiili": -2,
  "tashiilaysa": -2,
  "taxaddar": 2,
  "tayada": 2,
  "Tayo darnaanta": -3,
  "terrifically": 4,
  "Thalaj": -1,
  "thwarts": -2,
  "tiiraanyo leh": 3,
  "tijaabada ahayd": -2,
  "tiraan": 2,
  "tiray": -2,
  "tirayaa": 2,
  "tirid": -2,
  "tiriska": -1,
  "tirray": -2,
  "tixan": -2,
  "tixgalin": -2,
  "toogan": -1,
  "toorreey": -2,
  "top": 2,
  "tortures": -4,
  "totalitarianism": -2,
  "tout": -2,
  "trauma": -3,
  "travesty": -2,
  "tremulous": -2,
  "troll": -2,
  "trust": 1,
  "tuhmaayo": -1,
  "tuhmane": -1,
  "tukanayay": 1,
  "turxaan bixinta": 2,
  "tusnimo": 2,
  "tuug": -2,
  "tuulaa": -2,
  "tuulnaa": -2,
  "tuur": -1,
  "tuuraa": -1,
  "tuurina": 2,
  "tuutaha": -2,
  "twat": -5,
  "tyran": -3,
  "tyrannic": -3,
  "tyrans": -3,
  "u gudan karin": -2,
  "uf": -2,
  "ugaadhsiga": -2,
  "ugama taxadari": -2,
  "ugeeyaan": 3,
  "ugu baahan": -3,
  "ugu cadcad": 2,
  "ugu fiican": 3,
  "ugu weyn": 3,
  "ugu xumaa": -3,
  "ujeedada": 2,
  "ula dhacsan": 2,
  "ulakac": -3,
  "uma shaqeeyo": -3,
  "umusho": -2,
  "unappreciated": -2,
  "unavailing": -2,
  "uncredited": -1,
  "underestimates": -1,
  "underperforms": -2,
  "undeserving": -2,
  "uneventful": -2,
  "unfitted": -2,
  "unfocused": -2,
  "unfunny": -2,
  "ungenerous": -2,
  "unimaginative": -2,
  "uninvolving": -2,
  "unoriginal": -2,
  "unparliamentary": -2,
  "unpleasantness": -2,
  "unreleting": -2,
  "unresearched": -2,
  "unsold": -1,
  "unsophisticated": -2,
  "uray": -2,
  "utaxadar": -2,
  "uu baxsado,": -1,
  "uubs": 4,
  "uus": -2,
  "vapid": -2,
  "victimizes": -3,
  "Victor": 3,
  "vindicates": 2,
  "vitamin": 1,
  "vivacious": 3,
  "vociferous": -1,
  "Volleyball": 2,
  "waa howl": -2,
  "waaban": -2,
  "waafi": -2,
  "waalan": -2,
  "waali": -2,
  "waalli": -3,
  "waalneyn": 2,
  "Waan ka xunahay": -2,
  "waan qalbiqaboojin": 2,
  "waaniya": -2,
  "waaniyey": -2,
  "waaraya": 2,
  "waaritaanka": 1,
  "waarta": 2,
  "waasac": 1,
  "waayen": -2,
  "waayey": -2,
  "wacdaro": 3,
  "wacnaa": 3,
  "wajigu": -1,
  "walaac ah": -2,
  "walaaca": -2,
  "walaaciyeyaasha": -2,
  "walaacsan": -2,
  "walaacsaneyn": -2,
  "Walasaqada": -5,
  "walbahaar": -2,
  "Walbahaar": -2,
  "Waloow": -1,
  "walwal": -3,
  "walwalka": -2,
  "walwalsan": -2,
  "wana": -3,
  "wanaaggii": 3,
  "wanaagsan": 3,
  "wanaajinta": 2,
  "wanker": -3,
  "war xumo": -2,
  "wareejiyaan": -1,
  "wareer": -1,
  "wareeri": -2,
  "wareeriyay": -2,
  "wareerka": -2,
  "wareersan": -2,
  "Wareersan": -2,
  "wareertay": -2,
  "warheynta": -2,
  "warkiisii": 1,
  "warmhearted": 2,
  "warmness": 2,
  "warqada": -1,
  "wasakh": -2,
  "wasakhaynaysana": -2,
  "wasakhaysan": -2,
  "wasakhda": -2,
  "wasakheysa": -2,
  "wato!": 2,
  "wax ku ool ah": 2,
  "wax lug": 2,
  "waxaana rajeynayaa": 2,
  "Waxaana xaqiiq ah": 1,
  "waxashnimo": -3,
  "waxay ka caawisaa": 2,
  "waxdhace": -2,
  "waxey": 3,
  "waxgarashada": 2,
  "waxkhiyaanaynta": -3,
  "waxshinimada ah": -3,
  "waxtar": -2,
  "waxtar leh": 2,
  "waxyaalo badan": -2,
  "waxyeelleeyo": -3,
  "waxyeello": -2,
  "waxyeellooyinka": -2,
  "waxyiga": 2,
  "Waxyoodo": 2,
  "waxyoonay": 2,
  "wayn": 4,
  "weeciyaan": -2,
  "weedho": -2,
  "weerar": -1,
  "weerarada": -1,
  "weeraray": -1,
  "weerarka": -1,
  "Weerarrada": -2,
  "weerarro": -2,
  "weeraryahanada": -2,
  "welwel": -2,
  "welwelin": -3,
  "welwelina": -2,
  "weyn": 3,
  "weyrax": -3,
  "whimsical": 1,
  "wiil": -2,
  "wiiqay": -2,
  "wiiqayo": -2,
  "wiiqayso": -2,
  "wiiqi": -2,
  "wiiqo": -1,
  "winwin": 3,
  "wiswis": -3,
  "wixii lay": -2,
  "woebegone": -2,
  "won": 3,
  "Woo": 3,
  "woohoo": 3,
  "wooo": 4,
  "woow": 4,
  "wow": 4,
  "wowow": 4,
  "wowww": 4,
  "wtf": -4,
  "wtff": -4,
  "wtfff": -4,
  "wuuna murugooday": -2,
  "wuxuu qaadanayaa": 1,
  "wuxuushnimada": -2,
  "xaalkaas": -2,
  "xaarkooda": -4,
  "xaarxaarin": -2,
  "xaasidnimo": -1,
  "xabsi": -2,
  "xad": -2,
  "xad": -2,
  "xadgudub": -3,
  "xaday": -2,
  "xadaynta": -2,
  "xadday": -2,
  "xaddidaadda": -1,
  "xaddido": -2,
  "xadgudba": -2,
  "xadgudbeen": -2,
  "xadgudbina": -2,
  "xadgudbo": -3,
  "xadgudub": -2,
  "xadgudubka": -3,
  "xadgudubnay": -2,
  "xadgudubta": -2,
  "xadgudubyada": -2,
  "xadid": -2,
  "xadiday": -2,
  "xadin": -2,
  "xadka": -1,
  "xado": -2,
  "xaflad": 2,
  "xaftankiisii": 2,
  "xagjirka ah": -2,
  "xakamaynayo": -1,
  "xal": 1,
  "xalin": 2,
  "xalinta": 2,
  "xaliyo": 2,
  "xallinta": 2,
  "xalliyaan": 1,
  "xamaasad": 3,
  "xanaajin": -1,
  "xanaajiyeen": -1,
  "xanaaneeya": 2,
  "xanaaq": -3,
  "xanibayo": -2,
  "xanibeen": -1,
  "xannaanada": 2,
  "xannaaneeyaa": 2,
  "xanniban": -2,
  "xannibaya": -2,
  "xanuun": -1,
  "xanuunada": -2,
  "xanuunkaas": -2,
  "Xanuunkan": -2,
  "xanuunsado": -2,
  "xanuunsan": -2,
  "Xaq ah": 2,
  "xaq mariyey": 2,
  "xaq u leedahay": 1,
  "xaqeedii": 1,
  "xaqiijisatay": 2,
  "xaqiraad": -2,
  "xaqiraan": -2,
  "xaqiro": -2,
  "xaqnimo": 2,
  "xaragada": 2,
  "xariif": 2,
  "xariifnimo": 2,
  "xarrago": 2,
  "xasaasiyad": -2,
  "Xasada": -1,
  "xasilisay": 2,
  "xasilooneyn": -2,
  "xasuuqayay": -4,
  "xasuuqday": -2,
  "xawaal": 2,
  "xayiran": -2,
  "xayiraya": -2,
  "xayraamid": -2,
  "xayuubin": -3,
  "xeer": -1,
  "xidhmey": -1,
  "xigmad": 1,
  "xiisad": -1,
  "xiisaha": 1,
  "xiisaynayso": 2,
  "xiiso leh": 3,
  "xiiso no": -3,
  "xiisootay": -1,
  "xiraan": -2,
  "xiray": -2,
  "xiraya": 2,
  "xiri": -2,
  "xiri kor": -3,
  "xirka": -3,
  "xirma": -2,
  "xishood": -1,
  "xishoodaan": -2,
  "xishoon": -2,
  "xo": 3,
  "Xog": 2,
  "xoog": 2,
  "xoogaystay": 2,
  "xoogna": 3,
  "xoogsheegtay": -2,
  "xoohala": -3,
  "xoojineynaa": 2,
  "xoojinta": 2,
  "xoojisaa": 2,
  "xoojisay": 2,
  "xoojiyaan": 2,
  "xoojiyo": 2,
  "Xoolo": 3,
  "xooray,": 3,
  "xoriyadda": 2,
  "xorriyaadka": 2,
  "xoxoxo": 4,
  "xoxoxoxo": 4,
  "xujo": 1,
  "xukumay": -2,
  "xukumi": -2,
  "xukun": -2,
  "xukun jecel": -2,
  "xukunka": -1,
  "Xukunka": -1,
  "xumaaday": -2,
  "xumaadeen": -2,
  "xumaatay": -2,
  "xumaatey": -2,
  "xumadooda": -2,
  "xumahay": -3,
  "Xumbaduse": -3,
  "xumeeya": -2,
  "xumeeyaan": -2,
  "Xumeeyaan": -2,
  "xumeeyey": -2,
  "xumme": 2,
  "xumo": -2,
  "xun": -2,
  "xusuus": 1,
  "xusuusto": -2,
  "yaab": 4,
  "yaab badan": 3,
  "yaabeen": 2,
  "yaabi": 2,
  "yaabiyaa": -2,
  "yaabiyo": 2,
  "yaabsaday": -2,
  "yabooha": 1,
  "yaboohay": 1,
  "yaqyaqsataa": -3,
  "yaraadeen": -2,
  "yaraanshaha": -2,
  "yaraanta": -2,
  "yareeya": 2,
  "yari": -1,
  "Yaxya": -2,
  "yaynaan": -2,
  "yeees": 2,
  "yeeranaysa": -1,
  "Yehowah u": 2,
  "yhay": -2,
  "yididiilo": 2,
  "yucky": -2,
  "yummy": 3,
  "yuubnaa": -2,
  "zealots": -2
}