{
  "бедни": -2,
  "богати": 2,
  "мръсна": -2,
  "сурови": -2,
  "тъмната": -2,
  "умни": 2,
  "устойчив": 2,
  "хубаво": 3,
  "affectionateness": 3,
  "agonises": -3,
  "apeshit": -3,
  "assfucking": -4,
  "bamboozles": -2,
  "bankster": -3,
  "bereaves": -2,
  "bereaving": -2,
  "Best Damn": 4,
  "brilliances": 3,
  "charmless": -3,
  "cocksuckers": -5,
  "conciliated": 2,
  "conciliates": 2,
  "consolable": 2,
  "courageousness": 2,
  "criminated": -3,
  "criminates": -3,
  "dejecting": -2,
  "dejects": -2,
  "demoralizes": -2,
  "detracted": -1,
  "dilligence": 2,
  "dipshit": -3,
  "disconsolation": -2,
  "Droopy": -2,
  "evergreening": -3,
  "exasparate": -2,
  "exhilarates": 3,
  "frikin": -2,
  "FTW": 3,
  "fuckface": -4,
  "fuckhead": -4,
  "fucktard": -4,
  "Fud": -3,
  "FUKed": -4,
  "fuking": -4,
  "goofiness": -2,
  "gr8": 3,
  "Greenwash": -3,
  "greenwasher": -3,
  "greenwashers": -3,
  "hahahah": 3,
  "haplessness": -2,
  "humerous": 3,
  "impedingly": -2,
  "incapacitates": -2,
  "indoctrinating": -2,
  "inediable": -2,
  "infracting": -2,
  "infracts": -2,
  "intransigency": -2,
  "Kinder": 2,
  "laughting": 1,
  "lawl": 3,
  "likers": 2,
  "LMFAO": 4,
  "Lolol": 4,
  "lololol": 4,
  "lolololol": 4,
  "lool": 3,
  "loool": 3,
  "looool": 3,
  "maladaption": -2,
  "maldevelopment": -2,
  "MEMORIAM": -2,
  "misbranding": -3,
  "misclassifies": -2,
  "misclassify": -2,
  "misconducted": -2,
  "misconducting": -2,
  "misconducts": -2,
  "misleaded": -3,
  "misplacing": -2,
  "misreport": -2,
  "misreports": -2,
  "moping": -1,
  "mumpish": -2,
  "n00b": -2,
  "optionless": -2,
  "ostracizes": -2,
  "overreacts": -2,
  "oversell": -2,
  "oversells": -2,
  "overstatements": -2,
  "prblm": -2,
  "prblms": -2,
  "rageful": -2,
  "ranters": -3,
  "robing": -2,
  "Robs": -2,
  "ROFL": 4,
  "roflcopter": 4,
  "roflmao": 4,
  "romantical": 2,
  "rotfl": 4,
  "rotflmfao": 4,
  "rotflol": 4,
  "savange": -2,
  "savanges": -2,
  "sexistic": -2,
  "shoody": -2,
  "singleminded": -2,
  "Starved": -2,
  "stinked": -2,
  "sueing": -2,
  "tard": -2,
  "tyrannic": -3,
  "tyrans": -3,
  "unfunny": -2,
  "uninvolving": -2,
  "unreleting": -2,
  "victimizes": -3,
  "WINWIN": 3,
  "Wooo": 4,
  "Woow": 4,
  "wowow": 4,
  "wowww": 4,
  "WTF": -4,
  "wtff": -4,
  "wtfff": -4,
  "XO": 3,
  "XOXO": 3,
  "xoxoxo": 4,
  "xoxoxoxo": 4,
  "yeees": 2,
  "а дано": 2,
  "абортира": -1,
  "авантюристичен": 2,
  "агонизира": -3,
  "агресивен": -2,
  "агресивност": -2,
  "агресии": -2,
  "агресия": -2,
  "ад": -4,
  "адекватен": 1,
  "адски": -2,
  "аз ще": -2,
  "ако не": -2,
  "актив": 2,
  "активен": 1,
  "акции": 1,
  "аларма": -2,
  "алергичен": -2,
  "алилуя": 3,
  "алтруистичен": 2,
  "алчен": 2,
  "амбициозен": 2,
  "ангажира": 1,
  "ангажирана": 1,
  "ангажират": 1,
  "Анже": -3,
  "антагонистичен": -2,
  "анти": -1,
  "анулира": -1,
  "анулирането": -1,
  "апатичен": -2,
  "апатия": -3,
  "аплодирам": 2,
  "аплодиран": 2,
  "аплодирана": 2,
  "аплодираха": 2,
  "аплодисменти": 2,
  "апокалиптичен": -2,
  "арести": -2,
  "арестуван": -3,
  "арестуване": -2,
  "арогантен": -2,
  "атака": -1,
  "атакуващ": -1,
  "атрактивен": 2,
  "атракция": 2,
  "аура": 1,
  "аутрич": 2,
  "бавноразвиващ се": -2,
  "баламосани": -2,
  "банален": -2,
  "банкрут": -3,
  "бариера": -2,
  "баснословен": 4,
  "бдителен": 3,
  "беда": -2,
  "беден": -2,
  "беди": -2,
  "бедната": -2,
  "бедност": -1,
  "бедствие": -2,
  "бедствия": -2,
  "без да искам": -2,
  "без охота": -2,
  "без усилие": 2,
  "безгрижен": 1,
  "безгрижни": 1,
  "бездействие": -2,
  "бездомен": -2,
  "бездушен": -2,
  "безжизнен": -1,
  "беззащитен": -2,
  "беззъб": -2,
  "безметежен": -2,
  "безмилостен": -1,
  "безнадежден": -2,
  "безнадеждност": -2,
  "безопасност": 1,
  "безотговорен": -2,
  "безотговорно": -2,
  "безотказно": 2,
  "Безплатно": 1,
  "безплоден": -2,
  "безпокойство": -2,
  "безпокоя": -2,
  "безполезен": -2,
  "безполезност": -2,
  "безпомощен": -2,
  "безпристрастен": 2,
  "безпроблемно": 2,
  "безработен": -1,
  "безработица": -2,
  "безрадостен": -2,
  "безразличен": -2,
  "безразличие": -2,
  "безразсъден": -2,
  "безредие": -2,
  "безсилен": -2,
  "безсмислен": -2,
  "безсмъртен": 2,
  "безстрашен": 2,
  "безстрашие": 2,
  "безсъние": -2,
  "безсърдечен": -2,
  "безупречен": 2,
  "безшевни": 2,
  "белег": -2,
  "белези": -2,
  "бижута": 1,
  "битка": -1,
  "битки": -1,
  "благодарен": 3,
  "благодаря": 2,
  "Благодаря": 2,
  "благоденствие": 3,
  "благодетели": 2,
  "благополучно": 1,
  "благоприятен": 2,
  "благоприятна за околната среда": 2,
  "благоприятно": 2,
  "благороден": 2,
  "благородната": 2,
  "благославя": 2,
  "благославям": 2,
  "благословения": 3,
  "благословия": 3,
  "благосъстояние": 3,
  "благотворител": 2,
  "благотворителен": 2,
  "блажен": 3,
  "блаженство": 3,
  "блестящ": 4,
  "блок": -1,
  "блокада": -2,
  "блокбъстър": 3,
  "блокиран": -1,
  "блокиране": -1,
  "блокове": -1,
  "блудкав": -2,
  "бляскав": 3,
  "блясък": 3,
  "Бог": 1,
  "богат": 2,
  "богато": 2,
  "богатство": 2,
  "богохулстване": -2,
  "бодро": 2,
  "Божи дар": 4,
  "бой": -2,
  "бойкот": -2,
  "бойкоти": -2,
  "бойкотирана": -2,
  "бойкотиране": -2,
  "боклук": -1,
  "болезнен": -2,
  "болен": -2,
  "болест": -1,
  "боли": -2,
  "Боли": -2,
  "болка": -2,
  "болки": -2,
  "бомба": -1,
  "борба": -2,
  "борби": -2,
  "борещ се": -2,
  "боязлив": -2,
  "бравурност": 3,
  "брадва": -1,
  "брутален": -3,
  "брутално": -3,
  "брутен": -2,
  "будала": -2,
  "бунище": -1,
  "бунт": -2,
  "бунтарски": -2,
  "бунтове": -2,
  "бунтовник": -2,
  "бунтовници": -2,
  "бълвоч": -3,
  "бърза": 2,
  "бързо": 2,
  "бъркотия": -2,
  "бяга": -1,
  "бягства": -1,
  "бягство": -1,
  "в желанието си да": 2,
  "в зелено": -3,
  "в лошо настроение": -1,
  "вагина": -5,
  "важно": 2,
  "важност": 2,
  "валидира": 1,
  "валидиран": 1,
  "валидиране": 1,
  "варварин": -2,
  "варварски": -2,
  "вбесен": -2,
  "вбесява": -2,
  "вбесявайки": -2,
  "вбесявам": -2,
  "вбесяващ": -2,
  "вдлъбнатина": -2,
  "вдъхновен": 2,
  "вдъхновение": 2,
  "вдъхновява": 2,
  "вдъхновяват": 2,
  "вдъхновяващ": 2,
  "вдъхновяващо": 3,
  "веднъж в живота": 3,
  "ведър": 2,
  "великолепен": 3,
  "верен": 3,
  "весел": 3,
  "веселие": 3,
  "весело": 3,
  "вечнозелен": 2,
  "взискателни": -1,
  "виден": 2,
  "видения": 1,
  "визия": 1,
  "вик": -1,
  "викове": -2,
  "виктимизация": -3,
  "вина": -2,
  "вини": -2,
  "виновен": -3,
  "вирулентен": -2,
  "витамин": 1,
  "вицове": 2,
  "вия": -3,
  "вкаменено": -2,
  "вкус": 2,
  "вкусен": 3,
  "власт": 1,
  "влача": -1,
  "влека": -1,
  "влиятелен": 2,
  "влошава": -2,
  "влошаване": -3,
  "влошаващото": -2,
  "влоши": -3,
  "влошило": -2,
  "внасям": -2,
  "внимание": -3,
  "внимателен": 2,
  "внимателно": 2,
  "внушителен": 3,
  "водещ": 2,
  "война": -2,
  "вонящ": -2,
  "впечатлен": 3,
  "впечатлява": 3,
  "впечатлявам": 3,
  "впрягам": -2,
  "враг": -2,
  "врагове": -2,
  "враждебен": -2,
  "враждебност": -2,
  "вреда": -2,
  "вреден": -2,
  "вреди": -2,
  "вредно": -3,
  "вредят": -2,
  "връх": 2,
  "връхна точка": 2,
  "врява": -2,
  "всеотдайност": 2,
  "втвърдява": 2,
  "втвърдяване": 2,
  "втрещен": -2,
  "вцепенен": -1,
  "възбрана": -2,
  "възбрани": -2,
  "възбуден": 3,
  "въздишка": -2,
  "възложена": 3,
  "възлюбен": 3,
  "възможност": 2,
  "възможности": 2,
  "възмутен": -2,
  "възмутителен": -3,
  "възмущение": -2,
  "възнаградени": 2,
  "възнаграждаване": 2,
  "възпален": -2,
  "възползвали": 2,
  "възпрепятства": -2,
  "Възпрепятстване": -2,
  "възпрепятствано": -2,
  "възпрепятстват": -2,
  "възстановено": 1,
  "Възстанови": 1,
  "възстановява": 1,
  "възстановяване": 1,
  "възторг": 2,
  "възторжен": 4,
  "възторжено": 3,
  "възхвала": 3,
  "възхитителен": 3,
  "възхитително": 3,
  "възхищават": 3,
  "възхищавах": 3,
  "вълнение": 3,
  "вълнуващ": 3,
  "вълнуваща": 3,
  "въображаем": 2,
  "въодушевен": 3,
  "въпрос": 1,
  "въпроси": 1,
  "върхове": 2,
  "върховен": 4,
  "Върхът": 3,
  "вял": -2,
  "вяра": 1,
  "вярно": 2,
  "гад": -2,
  "гаден": -3,
  "гадни": -2,
  "гадно": -3,
  "гадняр": -3,
  "галантен": 3,
  "галантно": 3,
  "галантност": 3,
  "гарантира,": 1,
  "гаранция": 1,
  "гениален": 3,
  "герои": 2,
  "герой": 2,
  "героичен": 3,
  "гибел": -2,
  "главоболие": -2,
  "главозамайване": 3,
  "глад": -2,
  "гладува": -2,
  "гладувам": -2,
  "гласовит": -1,
  "глоба": 2,
  "глоби": -2,
  "глупав": -1,
  "глупаво": -2,
  "глупак": -2,
  "глупаци": -2,
  "глупост": -3,
  "глупости": -2,
  "гневен": -3,
  "гнетящ": -2,
  "гнил": -3,
  "гнусен": -3,
  "гняв": -2,
  "годен": 1,
  "голям": 1,
  "гонени": -2,
  "гониш": -2,
  "гоня": -3,
  "горд": 2,
  "гордо": 2,
  "горещ": 2,
  "горчив": -2,
  "горчиво": -2,
  "горчивото": -2,
  "господствуващ": 1,
  "готин": 2,
  "готини неща": 3,
  "готино": 1,
  "готова": -2,
  "готовност": 2,
  "грабеж": -2,
  "грабната": 2,
  "грабя": -2,
  "градушка": 2,
  "грандиозен": 3,
  "грациозен": 2,
  "грация": 1,
  "грехове": -2,
  "грешен": -3,
  "грешка": -2,
  "грешки": -2,
  "грижа": 2,
  "грижи": 2,
  "грижовна": 2,
  "грип": -2,
  "гроб": -2,
  "грозен": -3,
  "грозота": -3,
  "груб": -2,
  "грубо": -2,
  "грях": -2,
  "губи": -3,
  "гълча": -2,
  "гърбовете": 1,
  "да": 1,
  "да се избегне": -1,
  "давя": -2,
  "дадено": 1,
  "дан": 2,
  "дарени": 2,
  "дарение": 2,
  "дарения": 1,
  "дарява": 2,
  "даряване": 2,
  "дарят": 2,
  "Даунър": -2,
  "деактивиране": -1,
  "дебнат": -1,
  "дебне": -1,
  "дегенерирам": -2,
  "дезинформирани": -2,
  "дезорганизиран": -2,
  "дезориентиран": -2,
  "декламатор": -3,
  "декларирани невярно": -2,
  "демонстрация": -1,
  "деморализирам": -2,
  "деморализирани": -2,
  "деморализиращо": -2,
  "дение": -2,
  "денонсира": -2,
  "депортации": -2,
  "депортира": -2,
  "депортирам": -2,
  "депортиране": -2,
  "депортирани": -2,
  "депортират": -2,
  "дерайлира": -2,
  "детински": -2,
  "дефект": -3,
  "дефектен": -3,
  "дефекти": -3,
  "дефицит": -2,
  "деформации": -2,
  "деформирани": -2,
  "джиро": 2,
  "диагонален": -2,
  "диамант": 1,
  "дилема": -1,
  "димяща": -2,
  "дисквалифициран": -2,
  "дисконтирани": -1,
  "дискредитирана": -2,
  "дискредитиране": -3,
  "дискриминира": -2,
  "дискриминирани": -2,
  "дискриминиращ": -2,
  "дисфункция": -2,
  "добра воля": 3,
  "добре": 3,
  "добре дошли": 2,
  "добре изглеждащ": 3,
  "добре поддържан": 2,
  "добре подкрепена": 3,
  "добре развита": 2,
  "добре сложен": 2,
  "добре фокусирани": 2,
  "добро утро": 1,
  "добродетелен": 2,
  "доброжелателен": 3,
  "доброжелателство": 2,
  "добросъвестен": 2,
  "доброта": 3,
  "доверен": 2,
  "Доверие": 1,
  "доверчив": 2,
  "доволен": 3,
  "Доказан": 2,
  "долен": -2,
  "допуснати": -1,
  "досада": -2,
  "досаден": -2,
  "досадник": -2,
  "доста добра": 4,
  "достига": 1,
  "достигайки": 1,
  "достигнал": 1,
  "достигнат": 1,
  "достоен": 2,
  "достоен за презрение": -2,
  "достойнство": 2,
  "достъпен": 1,
  "достъпни": 2,
  "доходен": 3,
  "доходи": 2,
  "дразнещ": -2,
  "дразни": -2,
  "дразня": -2,
  "дросел": -2,
  "дросели": -2,
  "друсане": -3,
  "дух": 1,
  "духач": -5,
  "душ": -3,
  "дъждовен": -1,
  "дълг": -2,
  "дългоочакваното": -1,
  "дъмпингови": -2,
  "държа се зле": -2,
  "дързост": 2,
  "дързък": 3,
  "дяволски сладка": 3,
  "дял": 1,
  "е достатъчно ефективна": -2,
  "евакуация": -1,
  "евакуирам": -1,
  "евакуиране": -1,
  "евакуирани": -1,
  "евъргрийни": 2,
  "егоистичен": -3,
  "един вид": 0,
  "експлоатиран": -2,
  "експлоатиране": -2,
  "експозета": -1,
  "експулсира": -2,
  "екстремист": -2,
  "екстремисти": -2,
  "елегантен": 3,
  "елегантно": 2,
  "енергичен": 2,
  "ентусиазиран": 3,
  "естествен": 1,
  "етичен": 2,
  "еуфорично": 4,
  "еуфория": 3,
  "ефектен": 3,
  "ефективен": 2,
  "ефективно": 2,
  "ефикасност": 2,
  "Еха": 4,
  "жалко": -2,
  "жалък": -2,
  "Желаейки": 1,
  "желание": 1,
  "желания": 2,
  "желателен": 2,
  "жертва": -2,
  "жертви": -3,
  "жесток": -3,
  "жестокост": -3,
  "жив": 3,
  "живописен": 2,
  "жизнена": 3,
  "жизненост": 3,
  "жизнерадостен": 2,
  "за щастие": 3,
  "забавен": 4,
  "забавление": 3,
  "забавления": 3,
  "забавям": -2,
  "забележим": 2,
  "забележителен": 2,
  "забележителност": 2,
  "забележителности": 2,
  "заби": -2,
  "заболяване": -2,
  "заболявания": -1,
  "забравен": -1,
  "забравим": -1,
  "Забравих": -1,
  "забравям": -1,
  "забрана": -2,
  "забранен": -2,
  "забрани": -1,
  "забранява": -1,
  "забранявам": -1,
  "забързаните": -2,
  "завижда": -1,
  "завинтва": -2,
  "завист": -1,
  "завистлив": -2,
  "завързан": -2,
  "заговорничат": -3,
  "загуба": -3,
  "загубват": -2,
  "загубен": -3,
  "загубеняк": -3,
  "загуби": -3,
  "задаващата": -1,
  "задави": -2,
  "задник": -4,
  "задника": -4,
  "задници": -4,
  "задушаване": -2,
  "задължение": 2,
  "задължителен": -1,
  "задържам": -2,
  "задържан": -2,
  "задържана": -1,
  "задържане": -2,
  "заинтересован": 2,
  "законен": 1,
  "законно": 1,
  "закононарушение": -2,
  "закри": -1,
  "Закълни се": -2,
  "закъснение": -1,
  "заличавам": -2,
  "заличен": -2,
  "замазване": -3,
  "замаян": -1,
  "замислен": -1,
  "замъглен": -1,
  "замъглено": -2,
  "замърсен": -2,
  "замърсител": -2,
  "замърсители": -2,
  "замърсителят": -2,
  "замърсява": -2,
  "замърсявам": -2,
  "замърсяване": -2,
  "замърсявания": -2,
  "занитване": 3,
  "западнал": -2,
  "запек": -2,
  "заплаха": -2,
  "заплахи": -2,
  "заплашва": -2,
  "заплашвам": -2,
  "заплашителен": -2,
  "заплашително": -2,
  "заподозрени": -1,
  "заподозрян": -1,
  "запомнящ се": 1,
  "запушен": -2,
  "запушена уста": -2,
  "зарадвах": 4,
  "зарадваха": 4,
  "зараза": -2,
  "заразен": -1,
  "заразения": -2,
  "зарази": -2,
  "заразява": -2,
  "заразявам": -2,
  "заразяване": -2,
  "заразяват": -2,
  "заредена": -3,
  "заробвам": -2,
  "засегнат": -1,
  "засечка": -2,
  "засили": 2,
  "заслепен": 2,
  "заслужава си": 2,
  "засрамен": -2,
  "застой": -2,
  "застрашена": -2,
  "затваряне": -2,
  "затвор": -2,
  "затворен": -2,
  "затворник": -2,
  "затворници": -2,
  "затвърди": 2,
  "затрогващ": 3,
  "затруднява": -2,
  "затруднявам": -2,
  "затурвам": -2,
  "захващане": 2,
  "захласва": 3,
  "зашеметяващ": 4,
  "защитени": 1,
  "защитник": 2,
  "защитници": 2,
  "защитят": 1,
  "зверство": -3,
  "здрав": 2,
  "зелен измиване": -3,
  "злато": 2,
  "зле": -3,
  "зло": -1,
  "злобен": -2,
  "зловещ": 3,
  "злодеяния": -2,
  "злополука": -2,
  "злополуки": -2,
  "злополучен": -2,
  "злословя": -1,
  "злоупотреба": -2,
  "злоупотреби": -2,
  "злоупотребява": -2,
  "злоупотребявате": -2,
  "злочест": -2,
  "знаменит": 3,
  "значение": 1,
  "значителен": 1,
  "значително": 1,
  "зрение": 1,
  "зрял": 2,
  "зъл": -2,
  "игнорирам": -1,
  "игнориран": -2,
  "игра променящия": 3,
  "игрив": 2,
  "идиот": -3,
  "идиотия": -3,
  "идиотски": -3,
  "избегнато": -1,
  "избухване": -2,
  "Избягва": -1,
  "избягват": -2,
  "известен": 2,
  "извика": -2,
  "извинение": -1,
  "извини": -1,
  "извинява": -1,
  "извинявам се": -1,
  "извисяваше": -1,
  "извратен човек": -3,
  "извън линия": -1,
  "извършване": 1,
  "извършвано": -2,
  "извършител": -2,
  "извършители": -2,
  "изгоден": 2,
  "изгодно": 2,
  "изгонване": -1,
  "изгонен": -2,
  "изгрява": 1,
  "издавам": -3,
  "издигам се": 1,
  "издръжлив": 2,
  "изигравам": -2,
  "изискан": 3,
  "изискваше": -1,
  "изключва": -2,
  "изключвам": -1,
  "изключване": -1,
  "изключени": -2,
  "изключителен": 5,
  "изкривява": -2,
  "изкривяване": -2,
  "изкупени": 2,
  "изкупителна жертва": -2,
  "изкупителни жертви": -2,
  "изкушения": 3,
  "изкълчен": -2,
  "излагайки": -1,
  "излагам": -1,
  "излагам на опасност": -2,
  "излизам": -2,
  "изложен": -1,
  "излъга": -2,
  "излъгани": -3,
  "излязло от употреба": -1,
  "измама": -2,
  "измамвам": -3,
  "измамен": -3,
  "измамени": -2,
  "измами": -2,
  "измамлив": -4,
  "измамник": 2,
  "измамници": -3,
  "измамниците": -4,
  "измет": -3,
  "измислен": -1,
  "изморен": -2,
  "измъчван": -4,
  "измъчват": -4,
  "измъчен": -3,
  "измяна": -3,
  "изнасилване": -4,
  "изнасилен": -4,
  "изнасилена": -3,
  "изневерява": -3,
  "изнудва": -3,
  "изнудван": -3,
  "изнудване": -3,
  "изобилствувам": -2,
  "изобличил": -3,
  "изолиран": -1,
  "изопачаване": -2,
  "изопачен": -2,
  "изопачила": -2,
  "изоставане": -2,
  "изоставащ": -2,
  "изоставен": -2,
  "изостави": -2,
  "изоставя": -2,
  "изостана": -2,
  "изостри": -2,
  "изостря": -2,
  "изпаднал": -3,
  "изпитание": -2,
  "изпищя": -2,
  "изплашен": -2,
  "изпразва": -1,
  "изпускайте": -1,
  "изпълнен със съжаление": -2,
  "изпълнен със съмнения": -1,
  "изпълнено": 2,
  "изпълнила": 2,
  "изпълняване": 2,
  "изразява съжаление": -3,
  "израстъци": 2,
  "изречение": -2,
  "изречения": -2,
  "изследвания": 1,
  "изтезание": -4,
  "изтекла": -1,
  "изтекъл": -1,
  "изтичане": -1,
  "изтласкващ": -2,
  "източи": -2,
  "изтощен": -2,
  "изтощителен": -2,
  "изтъквани": -2,
  "изтъкнат": 2,
  "изумен": -2,
  "изумени": 2,
  "изумява": 2,
  "изхвърлете": -1,
  "изхвърлянето": -1,
  "изхвърлянията": -1,
  "изчезва": -1,
  "изчезнал": -1,
  "изчиства": 1,
  "изяснява": 2,
  "Ики": -3,
  "имбецил": -3,
  "имитация": -2,
  "импотентен": -2,
  "инат": -2,
  "инвазия": -1,
  "инвалидност": -2,
  "индоктринира": -2,
  "индоктринирам": -2,
  "индоктриниран": -2,
  "инквизиция": -2,
  "иновативен": 2,
  "иновации": 1,
  "иновация": 1,
  "иновира": 1,
  "интегритет": 2,
  "интелигентен": 2,
  "интензивен": 1,
  "интерес": 1,
  "интересен": 2,
  "интереси": 1,
  "интимност": 2,
  "интриги": 1,
  "инфантилен": -2,
  "инфантилна": -2,
  "инфарктната": -2,
  "инфекции": -2,
  "инфекциозен": -2,
  "инфекция": -2,
  "инхибира": -1,
  "ирационален": -1,
  "иронизирам": -2,
  "ироничен": -1,
  "ирония": -1,
  "искам": 1,
  "искра": 1,
  "искрен": 2,
  "искрените": 2,
  "искрено": 2,
  "искреност": 2,
  "искри": 3,
  "искрящ": 3,
  "истерика": -3,
  "истеричен": -3,
  "Исус": 1,
  "кален": -2,
  "каня": 1,
  "капан": -1,
  "капани": -1,
  "каприз": -2,
  "капризен": 1,
  "катастрофа": -2,
  "катастрофален": -3,
  "като": 2,
  "като безпокои": -2,
  "като любим": 2,
  "като твърди,": -1,
  "качества": 2,
  "качество": 2,
  "каша": -2,
  "кихане": -2,
  "кихна": -2,
  "клеветнически": -2,
  "клетвопрестъпничество": -3,
  "кожи": -1,
  "козирува": 2,
  "който обича да се хвали": -2,
  "колапс": -2,
  "колебайте": -2,
  "колеблив": -2,
  "комедия": 1,
  "комичен": 1,
  "компетентен": 2,
  "компетенции": 1,
  "комплимент": 2,
  "комфорт": 2,
  "комфортен": 2,
  "конкурентен": 2,
  "конспирация": -3,
  "контрабанда": -2,
  "контрабанден": -2,
  "конфликт": -2,
  "конфликти": -2,
  "конфликтна": -2,
  "копеле": -5,
  "копелета": -5,
  "копнеж": 1,
  "корумпира": -3,
  "корумпиран": -3,
  "корумпиране": -3,
  "корупция": -3,
  "крада": -2,
  "крадец": -2,
  "кражба": -2,
  "кражба с взлом": -2,
  "красавици": 3,
  "красив": 3,
  "красива": 1,
  "красота": 3,
  "креп": -3,
  "крещящ": -2,
  "криза": -3,
  "критик": -2,
  "критика": -2,
  "критикува": -2,
  "критикувайки": -2,
  "критикувам": -2,
  "критикувана": -2,
  "критиците": -2,
  "крия": -1,
  "кураж": 2,
  "курва": -4,
  "кух": -1,
  "куц": -2,
  "кучка": -5,
  "кучки": -5,
  "кълне": -2,
  "кървав": -3,
  "късмет": 3,
  "късметлия": 3,
  "късоглед": -2,
  "късогледство": -2,
  "лайна": -4,
  "лайно": -4,
  "лакомия": -3,
  "ласки": 2,
  "лекота": 2,
  "лентяй": -2,
  "лесно": 1,
  "леталитет": -2,
  "летаргия": -2,
  "ликува": 4,
  "ликуващ": 3,
  "лимити": -1,
  "липса": -2,
  "липсващ": -2,
  "лицемерен": -2,
  "лишавам": -2,
  "лишавам от човешки качества": -2,
  "лишаване": -3,
  "лишен": -2,
  "лишен от въображение": -2,
  "лишени от човешки": -2,
  "лмао": 4,
  "лоби": -2,
  "лобира": -2,
  "лобиране": -2,
  "лобист": -2,
  "лобисти": -2,
  "лош късмет": -2,
  "лошо": -2,
  "лошотия": -3,
  "лоялен": 3,
  "лоялност": 3,
  "луд": -2,
  "лудо": -3,
  "лудост": -2,
  "лудото": -2,
  "лукс": 2,
  "лунатик": -3,
  "лунатици": -3,
  "лъжа": -1,
  "лъжете": -3,
  "лъжец": -3,
  "лъжци": -3,
  "любим": 2,
  "любими": 2,
  "любител": 2,
  "любов": -1,
  "любознателен": 2,
  "любопитен": 1,
  "магаре": -4,
  "макети": -2,
  "малко вероятно": -1,
  "малтретиране": -2,
  "мами": -3,
  "мамка": -4,
  "манипулация": -1,
  "манипулиран": -1,
  "манипулиране": -1,
  "медал": 3,
  "меланхолия": -2,
  "методичен": 2,
  "методично": 2,
  "мечта": 1,
  "мечтател": 3,
  "МИГ": -2,
  "мизерия": -2,
  "мизерно": -3,
  "мил": 3,
  "милост": 3,
  "милостив": 3,
  "мир": 2,
  "миризлив": -2,
  "мирно": 2,
  "мис": -2,
  "мит": -1,
  "млад": 2,
  "много вкусен": 3,
  "модернизира": 2,
  "модернизирана": 2,
  "модернизиране": 2,
  "може \"Не понасям": -3,
  "молейки": 1,
  "моли": 1,
  "моля": 1,
  "Моля": 2,
  "Моля те": 1,
  "монополизира": -2,
  "монополизирам": -2,
  "монополизиран": -2,
  "монополизиране": -2,
  "монотонен": -1,
  "монтирам": -1,
  "мотивирам": 1,
  "мотивиране": 1,
  "мотивирани": 2,
  "мотивираща": 2,
  "мошеничества": -3,
  "мошеничество": -2,
  "мощен": 2,
  "мразен": -3,
  "мразехме": -3,
  "мрази": -3,
  "мразя": -3,
  "мрак": -1,
  "мрачен": -2,
  "мръсен": -2,
  "мръсната": -2,
  "мръсотия": -2,
  "муден": -2,
  "мъдрост": 1,
  "мъмри": -3,
  "мързелив": -1,
  "мъртъв": -3,
  "мътене": -2,
  "мъча": -3,
  "мъчения": -4,
  "мъчеше": -2,
  "мъчителен": -3,
  "мъчително": -1,
  "на борда": 1,
  "набира": 2,
  "набожен": 2,
  "наведен": -2,
  "навъсен": -2,
  "награда": 3,
  "награди": 3,
  "надежден": 2,
  "надежди": 2,
  "надеждно": 2,
  "надеждност": 2,
  "надзор": -1,
  "наднормено тегло": -1,
  "надхитряват": -2,
  "надявайки се": 2,
  "надявам се": 2,
  "Наздраве": 2,
  "найдобрите": 3,
  "найдоброто": 3,
  "найлошото": -3,
  "найниската": -1,
  "найчистата": 1,
  "най велик": 3,
  "наивен": -2,
  "наивност": -2,
  "наказа": -3,
  "наказан": -2,
  "наказани": -2,
  "наказание": -2,
  "наказателна": -2,
  "наказва": -2,
  "наказвам": -2,
  "наказване": -2,
  "накърняване": -2,
  "налага": -1,
  "налагане": -1,
  "налагат": -1,
  "наложено": -1,
  "налягане": -1,
  "намазка": -2,
  "намръщен": -1,
  "намусен": -2,
  "намушкал": -2,
  "нанася": -2,
  "нанасяйки": -2,
  "нанесени": -2,
  "нападащите": -2,
  "нападение": -2,
  "нападения": -2,
  "нападки": -1,
  "нападнат": -1,
  "направо": 1,
  "напрегнат": -2,
  "напреднал": 1,
  "напрежение": -1,
  "наранява": -2,
  "нараняване": -2,
  "наранявания": -2,
  "нараства": 1,
  "нарастващ": 1,
  "нарушава": -2,
  "нарушаване": -2,
  "нарушават": -2,
  "нарушен": -2,
  "нарушени": -2,
  "нарушение": -2,
  "нарушения": -2,
  "наруши": -2,
  "нарушила": -2,
  "нарушител": -2,
  "нарцисизъм": -2,
  "насилие": -3,
  "насилие, свързано с": -3,
  "насилник": -4,
  "насилствен": -3,
  "насилствено": -3,
  "наслада": 3,
  "насладите": 2,
  "наслаждава": 2,
  "наслаждавайки": 2,
  "насърчава": 2,
  "насърчавам": 2,
  "насърчаване": 2,
  "насърчавани": 1,
  "насърчено": 2,
  "натоварват": -2,
  "натрапвам": -2,
  "натрапчив": -1,
  "натрапчива": 1,
  "натъжавам": -2,
  "натъжен": -2,
  "не": -1,
  "не вярвам": -2,
  "не е добре": -2,
  "не е забавно": -3,
  "не знае": -2,
  "не мога да понасям": -2,
  "не одобрява": -2,
  "не одобрявам": -2,
  "не работи": -3,
  "не разбира": -2,
  "не съм съгласен": -2,
  "не успее": -2,
  "Не харесва": -2,
  "небесен": 4,
  "неблагодарен": -3,
  "неблагоприятен": -2,
  "небрежен": -2,
  "невеж": -2,
  "невежество": -2,
  "невежи": -2,
  "невеликодушен": -2,
  "неверен": -2,
  "неверни сведения": -2,
  "невероятно": -1,
  "неволен": -2,
  "невярващ": -1,
  "невярно деклариране": -2,
  "невярно представяне": -2,
  "Негативна": -2,
  "негативност": -2,
  "неглижиране": -2,
  "негоден": -2,
  "неграмотност": -2,
  "негри": -5,
  "негър": -5,
  "недееспособни": -2,
  "недействуващ": -2,
  "недоверие": -3,
  "недоверчив": -3,
  "недоволен": -2,
  "недоволство": -2,
  "недоносен": -1,
  "недооценен": -1,
  "недоразумение": -2,
  "недостатък": -2,
  "недостатъци": -2,
  "недостатъчен": -2,
  "недостатъчно": -2,
  "недостиг": -2,
  "недостигът": -2,
  "недостоен": -2,
  "неетично": -2,
  "неефективен": -2,
  "неефективно": -2,
  "неефикасен": -2,
  "неефикасност": -2,
  "нежелан": -2,
  "нежен": 2,
  "нежност": 2,
  "незабавно": 1,
  "незадоволен": -2,
  "незаинтересован": -2,
  "незаконен": -3,
  "незаконно": -3,
  "незаконно присвояване": -3,
  "нездрав": -2,
  "нездравословен": -2,
  "незлобив": 1,
  "незначителен": -2,
  "неистов": -1,
  "некадърен": -2,
  "некомпетентен": -2,
  "некомпетентност": -2,
  "нелеп": -2,
  "нелогичен": -2,
  "немотивиран": -2,
  "ненавижда": -3,
  "ненавиждам": -3,
  "ненавиждаше": -3,
  "ненавист": -3,
  "ненадминат": 2,
  "ненаучен": -2,
  "ненормален": -2,
  "необезпечени": -2,
  "необмислен": -2,
  "необорудвана": -2,
  "необратим": -1,
  "необратимо": -1,
  "неодобрен": -2,
  "неодобрена": -2,
  "неодобрение": -2,
  "неодобрения": -2,
  "неодобрителен": -2,
  "неопетнен": 2,
  "неопетнена": 2,
  "неопитен": -2,
  "неоправдан": -2,
  "неоригинален": -2,
  "неосъществен": -2,
  "непарламентарен": -2,
  "непобедим": 2,
  "неподдържан": -2,
  "неподходящ": -2,
  "непокътнат": 2,
  "непоносимо": -2,
  "непоправим": -2,
  "непоследователен": -2,
  "непослушно": -2,
  "непотвърдена": -1,
  "непохватен": -2,
  "непочтен": -2,
  "неправилен": -2,
  "неправилно": -2,
  "неправилно изтълкувани": -2,
  "неправилното ценообразуване": -3,
  "неправомерно": -2,
  "непредумишлено убийство": -3,
  "непреодолим": 2,
  "непреодолим чар": 2,
  "непривлекателен": -2,
  "непривлекателност": -2,
  "неприемлив": -2,
  "неприличен": -2,
  "непримирим": -2,
  "непримиримост": -2,
  "неприязън": -2,
  "неприятен": -2,
  "неприятно": -2,
  "непродаден": -1,
  "непроизводими": -2,
  "непропорционален": -2,
  "непростим": -3,
  "непроучени": -2,
  "непрофесионален": -2,
  "непълен": -1,
  "неравен": -1,
  "неравностойно положение": -2,
  "неразбираем": -2,
  "неразбран": -2,
  "неразрушим": 2,
  "нервен": -1,
  "нерви": -1,
  "нервно": -2,
  "нерешен": -1,
  "нерешителен": -1,
  "нерешителност": -1,
  "несигурен": -1,
  "неспокоен": -2,
  "несполучлив": -2,
  "неспоменат": -1,
  "неспособен": -2,
  "неспособност": -2,
  "несправедлив": -2,
  "несправедлива": -2,
  "несправедливост": -2,
  "нестабилен": -2,
  "несъвместим": -2,
  "несъвършен": -2,
  "несъгласие": -2,
  "несъстоятелен": -2,
  "нетърпелив": 2,
  "неубеден": -1,
  "неуважение": -2,
  "неудобен": -2,
  "неудобство": -2,
  "неудовлетворен": -2,
  "неудържим": 2,
  "неумолим": -3,
  "неуспех": -2,
  "неуспехи": -2,
  "неуспешен": -2,
  "неуспешно": -2,
  "неустоимо": 2,
  "неустрашим": 2,
  "неутешим": -2,
  "неутолим": -2,
  "неуязвим": 2,
  "нефокусиран": -2,
  "нехаресвания": -2,
  "нехигиеничен": -2,
  "неценен": -2,
  "нечетен": -2,
  "нечистотии": -2,
  "нечовешки": -2,
  "нечувствителен": -2,
  "нечувствителност": -2,
  "нещастен": -2,
  "нещастие": -2,
  "неясен": -1,
  "никак не обичам": -3,
  "носен": -1,
  "нужди": -1,
  "някакъв вид": 0,
  "Няма": -1,
  "обвинен": -2,
  "обвинение": -2,
  "обвинения": -2,
  "обвинения, повдигнати": -3,
  "обвинява": -2,
  "обвинявайки": -2,
  "обвинявам": -2,
  "обвиняван": -2,
  "обвиняващи": -2,
  "обединен": 1,
  "обединявам": 2,
  "обездвижен": -1,
  "обезкуражавам": -2,
  "обезкуражени": -2,
  "обезпечават": 2,
  "обезпечени": 2,
  "обезпокоен": -2,
  "обезсърчен": -2,
  "обезчовечава": -2,
  "обезщетение": -3,
  "обещаващ": 2,
  "обещан": 1,
  "обещание": 1,
  "обещания": 1,
  "обзет от носталгия": -2,
  "обида": -2,
  "обиден": -2,
  "обиди": -2,
  "обижда": -2,
  "обиждам": -2,
  "обитаван от духове": -2,
  "обича": 3,
  "обичал": 3,
  "обичам": 3,
  "облага": 2,
  "облагодетелства": 2,
  "облагодетелствуван": 2,
  "облекчаване": 2,
  "облекчен": 2,
  "обнадеждаващ": 2,
  "обожава": 3,
  "обожавам": 3,
  "обожаваше": 3,
  "обожаващи": 3,
  "обожание": 3,
  "обосновано": 2,
  "обременен": -2,
  "обречени": -2,
  "обрив": -2,
  "обсебен": 2,
  "обструкция": -2,
  "обуздавам": -3,
  "общителен": 2,
  "общоприет": 1,
  "обърка": -2,
  "объркан": -2,
  "обърквам": -2,
  "объркващ": -2,
  "обяснявам": 1,
  "овдовял": -1,
  "овласти": 2,
  "овластяване": 2,
  "оглушителен": -1,
  "огнища": -2,
  "огорчен": -1,
  "ограничаване": -1,
  "ограничен": -1,
  "ограничение": -2,
  "Ограничения на": -2,
  "ограничи": -2,
  "ограничителен": -1,
  "огромен": 1,
  "одобрен": 2,
  "одобрение": 2,
  "одобрява": 2,
  "одобрявам": 2,
  "оживено": 2,
  "озаглавена": 1,
  "озадачен": -2,
  "окачен": -1,
  "ОКС": 2,
  "оксимотрон": -1,
  "омагьосан": 2,
  "омайвам": 3,
  "омаловажава": -2,
  "омаловажавам": -2,
  "омаловажават": -2,
  "оневинена": 2,
  "оневиняващи": 2,
  "онеправдан": -2,
  "Опа": -2,
  "опасен": -2,
  "опасение": -2,
  "опасно": -2,
  "опасност": -2,
  "опетнен": -2,
  "опечален": -2,
  "оплакал": -2,
  "оплаквам се": -2,
  "оплакване": -2,
  "оплаквания": -2,
  "оплакват": -2,
  "оправда": 2,
  "оправдава": 2,
  "оправдавам": 2,
  "оправдан": 2,
  "оправдая": 2,
  "определен": 1,
  "определя": 2,
  "опропастявам": -2,
  "опростен": -2,
  "опрости": 2,
  "опростява": -2,
  "опростяване": -2,
  "опрощавам": 2,
  "опрян": 1,
  "оптимизъм": 2,
  "оптимистичен": 2,
  "опустошен": -2,
  "опустошение": -2,
  "опустошителен": -2,
  "Опустошителните": -2,
  "опърничава жена": -4,
  "освежаващо": 2,
  "освободен": -1,
  "освобождават": 2,
  "осигуряване": 1,
  "оскъден": -2,
  "оскърбен": -2,
  "оскърбено": -1,
  "оскърбителен": -2,
  "ослепителен": 3,
  "осмива": -2,
  "осмиван": -2,
  "основателно": 2,
  "оспорва": -2,
  "оспорване": -2,
  "оспорим": -2,
  "осребряване": -2,
  "оставка": -1,
  "оставям": -1,
  "остарял": -2,
  "остракирам": -2,
  "острие на копие": 2,
  "остър": 1,
  "осуетени": -2,
  "осуети": -2,
  "осуетява": -2,
  "осуетявам": -2,
  "осуетяването": -2,
  "осъден": -2,
  "осъди": -3,
  "осъжда": -2,
  "осъждайки": -3,
  "осъждам": -2,
  "осъждане": -2,
  "осъществен": 2,
  "отблъскващ": -2,
  "отблъснати": -2,
  "отвлечен": -2,
  "отвлечена": -2,
  "отвлича": -2,
  "отвличам": -2,
  "отвличане": -2,
  "отвличания": -2,
  "отвратен": -3,
  "отвратителен": -2,
  "отвратително": -2,
  "отвращавал": -3,
  "отвращение": -3,
  "отговорен": 2,
  "отговорност": 1,
  "отегчен": -2,
  "отежнявам": -2,
  "отзвук": -2,
  "отзвучава": 2,
  "отзивчив": 2,
  "отказан": -2,
  "отказано": -2,
  "отказва": -2,
  "отказвам": -2,
  "отказите": -2,
  "отклонение": -1,
  "отклонява": -2,
  "отклоняване": -1,
  "открадна": -2,
  "откраднат": -2,
  "откъртване": -2,
  "откъснат": -1,
  "отлага": -1,
  "отлагам": -1,
  "отлагане": -1,
  "отличен": 3,
  "отложен": -1,
  "отлъчвани": -2,
  "отменен": -1,
  "отмъстен": -2,
  "отмъстител": -2,
  "отмъстителен": -2,
  "отмъстители": -2,
  "отмъщава": -2,
  "отмъщавам": -2,
  "отмъщение": -2,
  "отмъщението": -2,
  "отнема": -1,
  "отнети топки": -2,
  "отношение": 2,
  "отношения": 2,
  "отпадъци": -1,
  "отпор": -1,
  "отпускане": 1,
  "отпуснат": 2,
  "отражение": -2,
  "отрезвителен": 1,
  "отрепка": -3,
  "отрицателен": -2,
  "отрича": -2,
  "отричам": -2,
  "отричане": -2,
  "отричащите": -2,
  "отрова": -2,
  "отровен": -2,
  "отрови": -2,
  "отслабена": -2,
  "отстоявам": 2,
  "Отстъпване": -2,
  "отстъпление": -1,
  "отсъстващи": -1,
  "отсъствуващ": -1,
  "оттегляне": -3,
  "отхвърлена": -1,
  "отхвърля": -1,
  "отхвърляне": -1,
  "отчаян": -3,
  "отчаяние": -3,
  "отчаяно": -3,
  "отчуждение": -2,
  "офанзива": -2,
  "ох": -2,
  "охлаждане": -1,
  "оцеля": 2,
  "оцелял": 2,
  "оценява": 2,
  "оценявам": 2,
  "Очаква": -1,
  "очаквам": -1,
  "очакване": 1,
  "очарова": 3,
  "очаровам": 3,
  "очарован": 3,
  "очарование": 3,
  "очарователен": 3,
  "очарователно": 3,
  "ощетен": -2,
  "ощетява": -2,
  "падане": -1,
  "паднал": -2,
  "паднал духом": -3,
  "пази": 2,
  "пакости": -1,
  "палецът": 1,
  "паника": -3,
  "паники": -3,
  "паникьор": -2,
  "паникьорите": -2,
  "паникьосал": -3,
  "паническо бягство": -2,
  "парадокс": -1,
  "парира": -1,
  "пародия": -2,
  "пасивен": -1,
  "пасивно": -1,
  "патетичен": -2,
  "педераст": -3,
  "пенис": -4,
  "перспектива": 1,
  "перспективи": 1,
  "перфектно": 3,
  "песимизъм": -2,
  "песимистичен": -2,
  "петел": -5,
  "петно": -2,
  "печалба": 2,
  "печалби": 2,
  "печален": -2,
  "печално": -2,
  "печеля": 4,
  "пикаене": -3,
  "пике": -2,
  "пикня": -4,
  "пилеене": -2,
  "писнало": -3,
  "пистолет": -1,
  "писъци": -2,
  "пиян": -2,
  "пиянзалян": -4,
  "плаващ": 2,
  "пламенен": 1,
  "плах": -2,
  "плач": -2,
  "плача": -2,
  "плаша": -2,
  "плашещо": -3,
  "плаши": -2,
  "плащам": -1,
  "пленени": 3,
  "плодороден": 2,
  "побезопасно": 2,
  "поголяма": 3,
  "Подобре": 2,
  "полошо": -3,
  "по дяволите": -3,
  "победа": 3,
  "победен": -2,
  "победи": 4,
  "победител": 4,
  "победители": 3,
  "побой": -1,
  "побойник": -2,
  "побъркани": -2,
  "повдигане": 2,
  "поверен": 2,
  "поверявам": 2,
  "повишаване": 1,
  "повишаване на": 1,
  "повлече": -1,
  "повреден": -3,
  "повръщане": -3,
  "повсеместен": 2,
  "повърна": -3,
  "погребение": -1,
  "погребения": -1,
  "погрешен": -2,
  "погрешна": -3,
  "погрешно": -2,
  "погрешно за положителна": -2,
  "погрешно разбирам": -2,
  "погълнат": 1,
  "подаде оставка": -1,
  "подарък": 2,
  "подбран": 1,
  "подведен": -2,
  "подвежда": -3,
  "подвеждащ": -3,
  "подвиг": -2,
  "подвизи": -2,
  "поддръжник": 1,
  "поддръжниците": 1,
  "поддържа": 2,
  "поддържащ": 1,
  "подиграване": -2,
  "подигравателен": -2,
  "подкопава": -2,
  "подкопаване": -2,
  "подкопае": -2,
  "подкопани": -2,
  "подкрепа": 2,
  "подкрепена": 2,
  "Подкрепя": 2,
  "подкрепяща": 2,
  "подкуп": -3,
  "подкупващ": -3,
  "подкупен": -3,
  "подкупи": -3,
  "подлудяващ": -3,
  "подмамени": -2,
  "подобаващ": 2,
  "подобрен": 2,
  "подобрение": 2,
  "подобрява": 2,
  "подобряване": 2,
  "подобряване на": 2,
  "подозирайки": -1,
  "подозираше": -1,
  "подозрителен": -2,
  "подпомагане": 2,
  "подпори": 2,
  "подривен": -2,
  "подробен": 2,
  "подсилване": 2,
  "подсилен": 1,
  "подтиснат": -2,
  "подут": -1,
  "подходящ": 2,
  "подходящо": 2,
  "подхождам": 2,
  "подхранване": 2,
  "подценяване": -1,
  "подценяват": -1,
  "подъл": -1,
  "пожар": -2,
  "пожелавам": 1,
  "пожелания": 1,
  "позволява": 1,
  "поздрав": 2,
  "поздрави": 2,
  "поздравление": 2,
  "поздравления": 2,
  "Поздравява": 1,
  "поздравявам": 2,
  "позор": -2,
  "поклониха": 3,
  "покоен": -2,
  "покривам": -3,
  "покровителствено": -2,
  "полагащото": 2,
  "полезен": 2,
  "полезност": 2,
  "полемика": -2,
  "полза": 2,
  "Ползи": 2,
  "полиран": 2,
  "положителен": 2,
  "положително": 2,
  "помага": 2,
  "помилвания": 2,
  "помия": -2,
  "помогне": 2,
  "помрачения": -2,
  "понася смущения": -2,
  "понижавам": -2,
  "понижен": -2,
  "популярен": 3,
  "популярност": 3,
  "поражение": -2,
  "поразен": 3,
  "поразителен": 3,
  "поразително": 3,
  "поразия": -2,
  "поразявам": 3,
  "порицава": -2,
  "порицавам": -3,
  "порицан": -2,
  "порицание": -2,
  "порицания": -2,
  "поробва": -2,
  "поробен": -2,
  "порочен": -2,
  "порутен": -2,
  "посветен": 2,
  "поскъпване": -1,
  "посрамен": -2,
  "посредственост": -3,
  "посрещната": 1,
  "посттравматичен": -2,
  "постига": 2,
  "постигане на успех": 3,
  "постигне": 2,
  "постижение": 2,
  "постижения": 2,
  "постижим": 1,
  "пострадал": -2,
  "потискам": -1,
  "потисна": -1,
  "потиснат": -2,
  "потиснически": -2,
  "потисничество": -2,
  "потресаващ": 3,
  "потресен": -2,
  "потъмнявам": -2,
  "потърпевш": -2,
  "поучавам": -2,
  "поучителен": 2,
  "похвала": 2,
  "похвален": 3,
  "похвали": 2,
  "починал": -3,
  "почиства": 1,
  "почит": 2,
  "почитан": 2,
  "почитане": 2,
  "правда": 2,
  "правен": 1,
  "правилната посока": 3,
  "правосъдие": 2,
  "празен": -1,
  "празненство": 3,
  "празничен": 2,
  "празнодумство": -2,
  "празнота": -1,
  "празнува": 3,
  "празнувам": 3,
  "празнуване": 3,
  "прахосване": -2,
  "пребори": -1,
  "превзели": -2,
  "превъзходен": 5,
  "превъзходство": 3,
  "преговарям": -1,
  "прегрешавам": -2,
  "прегръдка": 2,
  "прегръдки": 2,
  "предаден": -3,
  "предан": 3,
  "преданост": 2,
  "предателство": -3,
  "преден план": 1,
  "предизвикателен": -1,
  "предизвикателство": -1,
  "предимства": 2,
  "предимство": 2,
  "предоставящия": 1,
  "предотвратена": -1,
  "предотвратено": -1,
  "предотвратява": -1,
  "предотвратявам": -1,
  "предотвратяване": -1,
  "предпазва": 1,
  "предпазлив": -1,
  "предпазливост": 2,
  "предприемчив": 1,
  "представям невярно": -2,
  "предупреди": -2,
  "предупреждава": -2,
  "предупреждавам": -2,
  "предупреждения": -3,
  "презрение": -2,
  "презрителен": -2,
  "презрително": -2,
  "преиграва": -2,
  "прекадяването": -2,
  "прекрасен": 3,
  "прекрасно": 3,
  "прекъсва": -2,
  "прекъсвайки": -2,
  "прекъсвам": -2,
  "прекъсване": -2,
  "прекъсвания": -2,
  "прекъсванията": -2,
  "прекъснат": -2,
  "прелъстена": -1,
  "пренаситен пазар": -2,
  "пренебрегва": -2,
  "пренебрегвайки": -2,
  "пренебрегван": -1,
  "пренебрегване": -2,
  "пренебрегвания": -1,
  "пренебрегнат": -2,
  "пренебрежение": -2,
  "пренебрежителен": -2,
  "препоръчва": 2,
  "Препоръчвам": 2,
  "препоръчителен": 1,
  "препоръчително": 2,
  "препятства": -2,
  "препятствие": -2,
  "препятствия": -2,
  "прерязано": -2,
  "преследва": -1,
  "преследвам": -2,
  "Преследван": -3,
  "преследване": -1,
  "преследването": -3,
  "преследвано": -2,
  "преструва": -1,
  "преструвайки": -1,
  "преструвам се": -1,
  "престъпва": -2,
  "престъпил": -2,
  "престъпление": -3,
  "престъпления": -2,
  "престъпник": -3,
  "престъпници": -3,
  "претендент": -1,
  "претрупан": -3,
  "преувеличава": -2,
  "преувеличавам": -2,
  "преувеличаване": -2,
  "преувеличен": -2,
  "преустанови": -1,
  "прецака": -4,
  "прецакан": -3,
  "преценявам": 2,
  "прецизира": 1,
  "прецизиране": 1,
  "пречка": -2,
  "приветства": 2,
  "приветстван": 2,
  "приветствано": 2,
  "привилегирован": 2,
  "привлекат": 1,
  "привлекателен": 2,
  "привлекателно": 2,
  "привлекателност": 2,
  "привлечени": 1,
  "привлича": 1,
  "привличане": 2,
  "привързан": 3,
  "привързаност": 3,
  "приготвен": 1,
  "придобит": 2,
  "приема": 1,
  "приемам": 1,
  "приемане": 1,
  "приеме": 1,
  "приемлив": 1,
  "признава,": -1,
  "признавам": -1,
  "признаване": 2,
  "признателност": 2,
  "призовка": -2,
  "призрак": -1,
  "приказно": 4,
  "приключение": 2,
  "приключения": 2,
  "прикрива": -1,
  "прикривам": -1,
  "прикриваща": -1,
  "прикрито": -1,
  "примирен": -1,
  "принуда": -2,
  "принуден": -1,
  "принудена": 1,
  "принуждавани": -2,
  "присмех": -2,
  "пристрастеност": 2,
  "присъда": -1,
  "присъдата": -2,
  "присъди": -1,
  "присъедините": 1,
  "притежателен": -2,
  "притеснен": -2,
  "притеснения": -3,
  "притеснява": -2,
  "притеснявана": -2,
  "притиснати": -2,
  "причинявам": -2,
  "прищявка": -2,
  "приятел": 1,
  "приятелски": 2,
  "приятелство": 2,
  "приятен": 3,
  "проактивна": 2,
  "проби": -1,
  "пробив": 3,
  "пробиване": -2,
  "проблем": -2,
  "проблеми": -2,
  "пробождане": -2,
  "провали": -2,
  "провалят": -2,
  "провокира": -1,
  "провокирам": -1,
  "провокиран": -1,
  "прогрес": 2,
  "проклет": -2,
  "проклятие": -1,
  "промиване на мозъка": -3,
  "промъкват": -2,
  "проницателност": 2,
  "пропаганда": -2,
  "пропиля": -2,
  "пропилява": -2,
  "пропилян": -2,
  "пропуск": -1,
  "пропуснал": -2,
  "пропъждам": -1,
  "просветен": 2,
  "просветлява": 2,
  "просвещавам": 2,
  "прословут": -2,
  "простена": -2,
  "простира": 1,
  "просторен": 1,
  "простота": 1,
  "протест": -2,
  "протести": -2,
  "протестира": -2,
  "протестиращи": -2,
  "противен": -3,
  "противник": -1,
  "противоречив": -1,
  "противоречиво": -2,
  "противоречия": -2,
  "проучване": 1,
  "процъфтяващ": 3,
  "прочувствен": 3,
  "прощавам": 1,
  "Прощавам": 2,
  "прощаваща": 2,
  "прясно": 1,
  "псевдонаука": -3,
  "психопат": -2,
  "путка": -5,
  "пъргав": 2,
  "радва": 2,
  "радвай се": 4,
  "радост": 4,
  "радостен": 3,
  "радостно": 3,
  "разби": -2,
  "разбойник": -2,
  "развален": -2,
  "развалина": -2,
  "развеселен": 3,
  "развълнуван": 5,
  "разгневен": -2,
  "разгневени": -2,
  "разгневи": -3,
  "Разгражда": -2,
  "раздор": -2,
  "раздразнен": -2,
  "раздразнена": -3,
  "раздразнение": -2,
  "раздразнено": -2,
  "раздразни": -2,
  "разкайвам се": -2,
  "разкаяние": -2,
  "разкъсан": -2,
  "разлюбен": -2,
  "размирици": -2,
  "разочарова": -2,
  "разочаровам": -2,
  "разочарован": -2,
  "разочарование": -2,
  "разочарования": -2,
  "разочароващ": -2,
  "разочароващо": -2,
  "разпилявам": -2,
  "разпит": -1,
  "разпитан": -1,
  "разпитван": -2,
  "разрез": -1,
  "разрешен": 2,
  "Разрешителни": 2,
  "разрив": -2,
  "разруха": -2,
  "разрушаваща": -2,
  "разрушителен": -2,
  "разрушителна": -3,
  "Разсейвам": -2,
  "разсейване": -2,
  "разсеян": -2,
  "разсичам": -2,
  "разсмивам": 3,
  "разсмя": 1,
  "разсрочване": -1,
  "разстроен": -2,
  "разстрои": -2,
  "разстройва": -2,
  "разстройващо": -2,
  "разстройства": -2,
  "разтревожен": -2,
  "разфасовки": -1,
  "разхубавявам": 3,
  "разшири": 1,
  "разширят": 1,
  "разярен": -2,
  "рай": 3,
  "рак": -1,
  "расизъм": -3,
  "расист": -3,
  "расисти": -3,
  "растеж": 2,
  "ратифицирам": 1,
  "ратифициран": 2,
  "рафиниран": 1,
  "реабилитира": 2,
  "реабилитирам": 2,
  "ревнив": -2,
  "ревност": -2,
  "ревностен": 2,
  "резолюция": 2,
  "релефи": 1,
  "решавам": 1,
  "решаване": 2,
  "решен": 1,
  "решение": 2,
  "решения": 1,
  "решителен": 2,
  "риск": -2,
  "рискован": -2,
  "рискове": -2,
  "роб": -3,
  "роба": -2,
  "роби": -3,
  "робия": -2,
  "робство": -3,
  "роза": 1,
  "роман": 2,
  "романтика": 2,
  "романтично": 2,
  "руини": -2,
  "рушвет": -3,
  "рушвети": -3,
  "ръководство": 1,
  "ръкопляска": 2,
  "рязане": -1,
  "с имунитет": 1,
  "с което се отказва": -2,
  "с нормално поведение": -2,
  "с право": 2,
  "с разбито сърце": -3,
  "саботаж": -2,
  "салюти": 2,
  "сам": -2,
  "самобичуване": -2,
  "самодоволен": -2,
  "самомнителен": -2,
  "самостоятелно заблудени": -2,
  "самотен": -2,
  "самоубийства": -2,
  "самоубийствен": -2,
  "самоубийство": -2,
  "самоуверен": 2,
  "сандали": -2,
  "санкционирането": -2,
  "санкционират": -2,
  "саркастичен": -2,
  "сблъсква": -1,
  "сблъсквам се": -1,
  "сблъсък": -1,
  "сблъсъци": -2,
  "сбърка": -2,
  "сбъркал": -2,
  "свобода": 2,
  "свободи": 2,
  "свръх": -2,
  "свръхопростяването": -2,
  "свръхреагира": -2,
  "свръхреакция": -2,
  "свръхтовар": -1,
  "свърталища": -1,
  "свърталище": -1,
  "сделка": 2,
  "се влошава": -2,
  "се забавлявахме": 2,
  "се оплаква": -2,
  "се провали": -2,
  "се разширява": 1,
  "се решава": 1,
  "се справя зле": -2,
  "се съгласява": 1,
  "себелюбие": -3,
  "сейф": 1,
  "сексапилен": 3,
  "сексистки": -2,
  "селища": 1,
  "селище": 1,
  "сергия": -2,
  "сив": -1,
  "сигурен": 2,
  "сила": 2,
  "силен": 2,
  "силна болка": -3,
  "силни страни": 2,
  "силният": 2,
  "симпатичен": 2,
  "синнаакучка": -5,
  "скандал": -3,
  "скандален": -2,
  "скандали": -3,
  "сквернословие": -2,
  "скептик": -2,
  "скептици": -2,
  "скептицизъм": -2,
  "скептичен": -2,
  "скоклив": 2,
  "скри": -1,
  "скромен": 1,
  "скръб": -2,
  "скучен": -2,
  "скучно е": -3,
  "скъп": 2,
  "скъпо": 3,
  "скъпоценен камък": 3,
  "скърби": -2,
  "слаб": -2,
  "Слабак": -2,
  "слабост": -2,
  "Слабости": -2,
  "слабоумен": -3,
  "слава": 3,
  "славен": 2,
  "сладка": 2,
  "сладката": 3,
  "сладък": 3,
  "сложен": 2,
  "случаен": -2,
  "случайно": -2,
  "слънчева светлина": 2,
  "сляп": -1,
  "смазва": -1,
  "смайва": 3,
  "смачкан": -2,
  "смачкване": -1,
  "смее": 1,
  "смее се": 1,
  "смел": 2,
  "смело": 2,
  "смелостта": 2,
  "смелчага": 2,
  "сметища": -1,
  "смешен": -3,
  "смешно": 4,
  "смислен": 2,
  "смог": -2,
  "смрад": -2,
  "смутен": -2,
  "смущаващ": -2,
  "смущаваща": -2,
  "смущение": -2,
  "смъмри": -3,
  "смърди": -2,
  "смърт": -2,
  "смъртни случаи": -2,
  "смъртоносен": -2,
  "смях": 1,
  "снизходителен": 1,
  "снопчета": -3,
  "солидарност": 2,
  "сочен": -1,
  "спад": -2,
  "спадна": -1,
  "Спазва": 2,
  "спам": -2,
  "спамене": -2,
  "спамър": -3,
  "спамърите": -3,
  "спасени": 2,
  "спасение": 2,
  "спасител": 4,
  "спасителен": 2,
  "спасителни операции": 2,
  "спасяване": 2,
  "спекулант": -2,
  "спекулативен": -2,
  "спекулативна препродажба": -2,
  "спестявания": 1,
  "спечелване": 4,
  "Спечелени": 3,
  "спешен случай": -2,
  "спешно": -1,
  "спиране": -1,
  "спирания": -2,
  "спирачка": -2,
  "спиращ дъха": 5,
  "спирки": -1,
  "сплашвам": -2,
  "сплашване": -2,
  "сплашени": -2,
  "споделено": 1,
  "спокоен": 2,
  "спор": -2,
  "спорен": -2,
  "спорове": -2,
  "споря": -1,
  "способен": 1,
  "способност": 2,
  "способности": 2,
  "справедлив": 2,
  "Спри се": -1,
  "спряна": -1,
  "срам": -2,
  "срамежлив": -1,
  "срамен": -2,
  "сресиран": -2,
  "сриване": -2,
  "сривове": -2,
  "срина": -2,
  "срутване": -2,
  "стабилен": 2,
  "станове": -1,
  "стартира": 1,
  "стачка": -1,
  "стачки": -1,
  "стачници": -2,
  "стенания": -2,
  "стене": -2,
  "стенеше": -2,
  "стереотип": -2,
  "стереотипен": -2,
  "стеснителен": -2,
  "стимулира": 1,
  "стимулирана": 1,
  "стимулиране": 2,
  "стимулират": 1,
  "стон": -2,
  "страда": -2,
  "страдам": -2,
  "страдание": -2,
  "страдащите": -2,
  "странен": -1,
  "страничен ефект": -2,
  "странични ефекти": -2,
  "странно": -1,
  "страст": 1,
  "страстен": 2,
  "страх": -2,
  "страхлив": 2,
  "страхливец": -2,
  "страхливо": -2,
  "страховит": -2,
  "страховитите": -2,
  "страхотен": 4,
  "страхувайки": -2,
  "Страхувах": -2,
  "страшен": -2,
  "страшно": 4,
  "стрелба": -2,
  "стрелям": -1,
  "стремителен": -2,
  "стремя се да спечеля": 3,
  "стрес": -1,
  "стресна": -2,
  "стресор": -2,
  "стресори": -2,
  "стриктно": 3,
  "строг": 3,
  "строгият": -2,
  "строя": -2,
  "струпване": -1,
  "стълкновение": -2,
  "супер": 3,
  "суров": -1,
  "суча": -3,
  "схващане": -1,
  "счупен": -1,
  "съвършен": 3,
  "съвършена": 2,
  "съвършенство": 3,
  "Съгласен": 1,
  "съгласие": 2,
  "съгласия": 2,
  "съгласуван": 1,
  "съглашение": 1,
  "съдебен процес": -2,
  "съдебен спор": -1,
  "съдебни дела": -2,
  "съдени": -2,
  "съди": -2,
  "съдя": -2,
  "съдят": -2,
  "съжалява": -2,
  "съжалявали": -1,
  "съжалявам": -1,
  "съжаляваше": -2,
  "съживява": 2,
  "съживявам": 2,
  "съзерцателен": 1,
  "съкращение": -2,
  "съкращения": -2,
  "съкровените": 2,
  "съкровища": 2,
  "съкровище": 2,
  "съм като": -2,
  "съмнение": -1,
  "съмнения": -1,
  "съмнителен": -1,
  "съмнителни хора": -2,
  "съмняваше": -1,
  "сънища": 1,
  "съобразителност": 2,
  "съоръжени": -1,
  "съпричастни": 2,
  "сърбеж": -2,
  "сърдит": -2,
  "сърцераздирателен": -3,
  "съсипват": -2,
  "състояние": -2,
  "съчетаване": 2,
  "съчувствен": 2,
  "съчувствие": 2,
  "съществен": 1,
  "съюзник": 2,
  "талант": 2,
  "тамян": -2,
  "тачим": 2,
  "творчески": 2,
  "твърд": 2,
  "твърдение": -2,
  "твърдения": -2,
  "тежест": -2,
  "тежести": -2,
  "тежко": -2,
  "тежък": -2,
  "темпераментен": 4,
  "терор": -3,
  "тероризира": -3,
  "тероризирам": -3,
  "тероризирани": -3,
  "терорист": -2,
  "терористи": -2,
  "тирада": -3,
  "тиради": -3,
  "Тиран": -3,
  "тираничен": -3,
  "тиранично": -3,
  "тих": 2,
  "тласък": 1,
  "токсичен": -3,
  "толерантен": 2,
  "толерантност": 2,
  "топлина": 2,
  "топло": 1,
  "тормоза": -2,
  "тормозени": -3,
  "тормозещ": -3,
  "тормози": -3,
  "тормозя": -3,
  "тормозят": -2,
  "тоталитарен": -2,
  "тоталитаризъм": -2,
  "травма": -3,
  "травматичен": -3,
  "трагедии": -2,
  "трагедия": -2,
  "трагичен": -2,
  "траен": 2,
  "траур": -2,
  "тревога": -1,
  "тревожна": -2,
  "тремор": -2,
  "треперене": -2,
  "треперещ": -2,
  "трептене": -2,
  "треска": -2,
  "триумф": 4,
  "триумфиращ": 4,
  "триъгълен": -2,
  "трогателен": 2,
  "трол": -2,
  "труден": -1,
  "трудност": -2,
  "труп": -1,
  "Трупам": -1,
  "трънлив": -2,
  "тръстове": 1,
  "тумор": -2,
  "тъгувам": -2,
  "тъжен": -2,
  "тъкачен стан": -1,
  "тълкувам погрешно": -1,
  "тъмен": -2,
  "тъмнина": -1,
  "тъп": -2,
  "Тъпак": -3,
  "тъпако": -4,
  "тъпите": -3,
  "търг": 2,
  "търгаш": -2,
  "тържества": 3,
  "тържествен": -1,
  "тържествуващ": 3,
  "търсене": -1,
  "убеден": 1,
  "убеждава": 1,
  "убеждавам": 1,
  "убива": -3,
  "убивам": -3,
  "убиване": -3,
  "убиец": -2,
  "убийства": -2,
  "убийствен": -3,
  "убийство": -2,
  "убийството": -3,
  "убит": -3,
  "убождане": -5,
  "уважавам": 3,
  "уважаван": 2,
  "уважаем": 2,
  "увеличава": 1,
  "уверен": 2,
  "уверено": 2,
  "увереност": 2,
  "уверява": 1,
  "увещава": -2,
  "уви": -1,
  "увлекателен": 3,
  "уволнен": -2,
  "увреди": -2,
  "уврежда": -2,
  "увреждания": -2,
  "увреждащи": -2,
  "увреждащо": -2,
  "углавно престъпление": -3,
  "угнетения": -2,
  "удавен": -2,
  "удавя": -2,
  "ударопоглъщане": -2,
  "удивен": 2,
  "удивителен": 4,
  "удобно": 2,
  "удобства": 2,
  "удовлетворен": 2,
  "удовлетворение": 2,
  "удоволствие": 3,
  "удоволствието": 3,
  "удостоен": 2,
  "удушена": -2,
  "ужас": -2,
  "ужасен": 4,
  "ужасена": -3,
  "ужасно": -2,
  "ужасяващ": -3,
  "ужасяваща": -3,
  "укорява": -3,
  "укрепва": 2,
  "укрепване": 2,
  "укриване": -1,
  "укрие": -2,
  "уличница": -5,
  "умело": 2,
  "умилостивявам": 2,
  "умирам": -3,
  "умиращ": -3,
  "умиротворения": 2,
  "умният": 2,
  "умора": -2,
  "уморени": -2,
  "унижен": -3,
  "унижение": -3,
  "унил": -2,
  "унисон": 2,
  "униформа": -2,
  "Унищожава": -3,
  "унищожавайки": -3,
  "унищожаване": -3,
  "унищожен": -3,
  "унищожи": -3,
  "уплаха": -2,
  "уплашен": -2,
  "Уплашиха": -2,
  "упорит": -2,
  "ура": 5,
  "уравновесен": 1,
  "уродливост": -2,
  "усилие": -2,
  "усложнява": -2,
  "услуга": 2,
  "усмивка": 2,
  "усмивки": 2,
  "усмихвайки": 2,
  "усмихнати": 2,
  "успее": 3,
  "успели": 3,
  "успех": 2,
  "успешен": 3,
  "успешно": 3,
  "успокоен": 2,
  "успокои": 3,
  "успокоителен": 2,
  "успокоява": 2,
  "успокоявам": 1,
  "успокояващ": 3,
  "успокояващо": 2,
  "успявам": 3,
  "устойчиво": 2,
  "устойчивост": 1,
  "устойчивото": 2,
  "усъвършенства": 2,
  "усърдие": 2,
  "утвърдена": 2,
  "утежнява": -2,
  "утежняващо": -2,
  "утешавам": 3,
  "уф": -2,
  "учтив": 2,
  "учтивост": 2,
  "учудваш": 2,
  "уют": 2,
  "уязвим": -2,
  "уязвимост": -2,
  "фалирал": -3,
  "фалшив": -1,
  "фалшиво": -2,
  "фалшификати": -3,
  "фалшификатор": -3,
  "фалшифицирам": -3,
  "фалшифициран": -3,
  "фалшифициране": -3,
  "фанатик": -2,
  "фанатици": -2,
  "фантастичен": 4,
  "фарс": -1,
  "фатален": -3,
  "фаталност": -3,
  "фашисти": -2,
  "фашистки": -2,
  "фен": 3,
  "феновете": 2,
  "фиаско": -3,
  "филантропия": 2,
  "фитнес": 1,
  "флагмански кораб": 2,
  "флоп": -2,
  "фобия": -2,
  "фокусирани": 2,
  "функционирало неправилно": -2,
  "ха": 2,
  "хакнат": -1,
  "хаос": -2,
  "хаотичен": -2,
  "харесали": 2,
  "харесвания": 2,
  "хармоничен": 2,
  "хармонично": 2,
  "хармония": 2,
  "хау, пресичане": -2,
  "хаха": 3,
  "хахаха": 3,
  "хваления": 3,
  "хвалеше": 3,
  "хвърлен в затвора": -2,
  "хейтър": -3,
  "хейтъри": -3,
  "Хехе": 2,
  "хипнотизиращ": 3,
  "хистерия": -3,
  "хитрият": 2,
  "хитър": 2,
  "хищнически": -2,
  "хлабав": -3,
  "хлъзгав": 2,
  "хлъзгане": -1,
  "хоспитализиран": -2,
  "храброст": 2,
  "храня": 2,
  "хулиган": -2,
  "хулигани": -2,
  "хулиганство": -2,
  "хуманен": 2,
  "хуманизиране": -2,
  "хумор": 2,
  "хумористичен": 2,
  "целенасочен": 2,
  "целувка": 2,
  "цензори": -2,
  "цензура": -2,
  "цензурирани": -2,
  "ценя": 2,
  "цепки": -2,
  "цинизъм": -2,
  "циник": -2,
  "циничен": -2,
  "цици": -2,
  "цупеше": -2,
  "чар": 3,
  "чекиджия": -3,
  "черпак": 3,
  "чест": 2,
  "честен": 2,
  "честност": 2,
  "чип": -2,
  "числено превъзходство": -2,
  "чист": 2,
  "чистач": 2,
  "чувство": 1,
  "чувство на неудовлетвореност": -2,
  "чудеса": 3,
  "чудесен": 4,
  "чудесно": 4,
  "чудо": 4,
  "чума": -3,
  "шампион": 2,
  "шампиони": 2,
  "шанс": 2,
  "шансове": 2,
  "шантав": -2,
  "шарлатанство": -2,
  "шега": 4,
  "шеговито": 2,
  "шедьоври": 4,
  "шедьовър": 4,
  "шеметен": -2,
  "шибан": -4,
  "шибан горещо": 2,
  "шибан добро": 4,
  "шибан красива": 4,
  "шибан невероятно": 4,
  "шибан перфектен": 4,
  "шибан сладък": 4,
  "шибан страхотно": 4,
  "шибан фантастичен": 4,
  "шибана любов": 4,
  "шибаната": -5,
  "шибани любови": 4,
  "шибаняк": -4,
  "шибаняци": -4,
  "шик": 2,
  "шлем": -2,
  "шок": -2,
  "шокове": -2,
  "шумен": -1,
  "шумозаглушителна": -1,
  "шумоподтискане": -1,
  "щастие": 3,
  "щастлив": 3,
  "щастливият": 3,
  "щедро": 2,
  "щедър": 2,
  "щета": -3,
  "ядки": -3,
  "ядосан": -3,
  "язва": -1,
  "язви": -3,
  "язвителен": -3,
  "як": 2,
  "ярката": 2,
  "ярко": 2,
  "яркост": 1,
  "ярост": -3,
  "яростен": -3,
  "ярък": 1,
  "ясно": 1,
  "яснота": 2
}