{
  "टी खड़े हो सकते हैं": -3,
  "abhors": -3,
  "absolving": 2,
  "accomplishes": 2,
  "adoring": 3,
  "adoringly": 3,
  "affectionateness": 3,
  "aficionados": 2,
  "aggravates": -2,
  "agonises": -3,
  "agonizes": -3,
  "alarmists": -2,
  "ambivalent": -1,
  "apeshit": -3,
  "appeases": 2,
  "arsehole": -4,
  "assfucking": -4,
  "astoundingly": 3,
  "astounds": 3,
  "averts": -1,
  "axed": -1,
  "bamboozled": -2,
  "bamboozles": -2,
  "bankster": -3,
  "belittled": -2,
  "bereaves": -2,
  "bereaving": -2,
  "braveness": 2,
  "brilliances": 3,
  "calms": 2,
  "chagrined": -2,
  "championed": 2,
  "charmless": -3,
  "chastises": -3,
  "chastising": -3,
  "cheaters": -3,
  "cherishes": 2,
  "cherishing": 2,
  "chided": -3,
  "chokes": -2,
  "cocksucker": -5,
  "cocksuckers": -5,
  "conciliated": 2,
  "conciliates": 2,
  "conciliating": 2,
  "conflictive": -2,
  "consolable": 2,
  "contagions": -2,
  "contaminants": -2,
  "contaminates": -2,
  "contending": -1,
  "contestable": -2,
  "coziness": 2,
  "crestfallen": -2,
  "criminate": -3,
  "criminated": -3,
  "criminates": -3,
  "dehumanises": -2,
  "defrauds": -3,
  "degrades": -2,
  "dehumanized": -2,
  "dejecting": -2,
  "dejects": -2,
  "delightfully": 3,
  "demoralizes": -2,
  "deniers": -2,
  "deplores": -3,
  "deploring": -3,
  "deporting": -2,
  "deports": -2,
  "derided": -2,
  "derides": -2,
  "despairs": -3,
  "detracted": -1,
  "devastations": -2,
  "dilligence": 2,
  "dirtiest": -2,
  "discarding": -1,
  "disconsolation": -2,
  "disguising": -1,
  "disoriented": -2,
  "disparages": -2,
  "disregards": -2,
  "distorts": -2,
  "distracts": -2,
  "Douchebag": -3,
  "drags": -1,
  "dreading": -2,
  "droopy": -2,
  "embarrasses": -2,
  "empathetic": 2,
  "enlightens": 2,
  "enraging": -2,
  "enslaves": -2,
  "envies": -1,
  "envying": -1,
  "ErrorUndefined": 2,
  "evacuates": -1,
  "evergreening": -3,
  "exacerbates": -2,
  "exacerbating": -2,
  "exasparate": -2,
  "exasperates": -2,
  "exhilarates": 3,
  "expels": -2,
  "expertly": 2,
  "fabulously": 4,
  "fagots": -3,
  "faking": -3,
  "fascinates": 3,
  "flawlessly": 2,
  "foreclosures": -2,
  "frikin": -2,
  "frowning": -1,
  "FTW": 3,
  "fuckers": -4,
  "fuckface": -4,
  "fuckhead": -4,
  "fucktard": -4,
  "FUD": -3,
  "fuked": -4,
  "fuking": -4,
  "goofiness": -2,
  "greenwasher": -3,
  "greenwashers": -3,
  "greenwashing": -3,
  "groaned": -2,
  "haha": 3,
  "hahahah": 3,
  "haplessness": -2,
  "hardier": 2,
  "hater": -3,
  "hehe": 2,
  "icky": -3,
  "impairs": -2,
  "impeding": -2,
  "impedingly": -2,
  "impresses": 3,
  "incapacitates": -2,
  "incapacitating": -2,
  "incenses": -2,
  "incensing": -2,
  "indoctrinated": -2,
  "indoctrinates": -2,
  "indoctrinating": -2,
  "inediable": -2,
  "infesting": -2,
  "infests": -2,
  "inflicts": -2,
  "infract": -2,
  "infracted": -2,
  "infracting": -2,
  "infracts": -2,
  "infuriates": -2,
  "innovates": 1,
  "intransigency": -2,
  "irreproducible": -2,
  "irresistibly": 2,
  "jackasses": -4,
  "lagged": -2,
  "lags": -2,
  "laughting": 1,
  "lawl": 3,
  "lifesaver": 4,
  "likers": 2,
  "lmao": 4,
  "LMFAO": 4,
  "loathes": -3,
  "Lolol": 4,
  "Lololol": 4,
  "lolololol": 4,
  "Lool": 3,
  "loomed": -1,
  "LOOOL": 3,
  "looool": 3,
  "lurks": -1,
  "maladaption": -2,
  "maldevelopment": -2,
  "menaced": -2,
  "menaces": -2,
  "mirthfully": 3,
  "misbehaves": -2,
  "miscast": -2,
  "mischiefs": -1,
  "misclassified": -2,
  "misclassifies": -2,
  "misclassify": -2,
  "misconducted": -2,
  "misconducting": -2,
  "misconducts": -2,
  "misleaded": -3,
  "misleads": -3,
  "misplaces": -2,
  "misplacing": -2,
  "mispricing": -3,
  "misreport": -2,
  "misreported": -2,
  "misreporting": -2,
  "misreports": -2,
  "misrepresenting": -2,
  "misrepresents": -2,
  "moans": -2,
  "mocks": -2,
  "modernizes": 2,
  "mongering": -2,
  "monopolizes": -2,
  "moping": -1,
  "motherfucking": -5,
  "n00b": -2,
  "neglects": -2,
  "niggas": -5,
  "noblest": 2,
  "obliterated": -2,
  "offensively": -2,
  "Oks": 2,
  "optionless": -2,
  "ostracizes": -2,
  "outmaneuvered": -2,
  "outnumbered": -2,
  "overprotective": -2,
  "overran": -2,
  "overreact": -2,
  "overreaction": -2,
  "overreacts": -2,
  "oversell": -2,
  "overselling": -2,
  "oversells": -2,
  "oversimplified": -2,
  "oversimplifies": -2,
  "oversimplify": -2,
  "overstatement": -2,
  "overstatements": -2,
  "penalizes": -2,
  "perfects": 2,
  "pesky": -2,
  "Pissing": -3,
  "piteous": -2,
  "pollutes": -2,
  "postpones": -1,
  "prblm": -2,
  "prblms": -2,
  "pushy": -1,
  "racists": -3,
  "rageful": -2,
  "ranters": -3,
  "rants": -3,
  "raptures": 2,
  "refines": 1,
  "relieves": 1,
  "reprimanding": -2,
  "reprimands": -2,
  "riveting": 3,
  "robed": -2,
  "robing": -2,
  "ROFL": 4,
  "roflcopter": 4,
  "roflmao": 4,
  "romantical": 2,
  "ROTFL": 4,
  "rotflmfao": 4,
  "rotflol": 4,
  "savange": -2,
  "savanges": -2,
  "Secures": 2,
  "sexistic": -2,
  "shitty": -3,
  "shoody": -2,
  "sincerest": 2,
  "singleminded": -2,
  "slickest": 2,
  "slumping": -1,
  "smuggles": -2,
  "snubbing": -2,
  "snubs": -2,
  "solidifies": 2,
  "solidifying": 2,
  "soothed": 3,
  "squanders": -2,
  "squelched": -1,
  "stabs": -2,
  "stank": -2,
  "starves": -2,
  "stinked": -2,
  "sueing": -2,
  "sustainably": 2,
  "swindles": -3,
  "Tard": -2,
  "terrorizes": -3,
  "thwarting": -2,
  "thwarts": -2,
  "transgresses": -2,
  "Tyran": -3,
  "tyrannic": -3,
  "tyrannically": -3,
  "tyrans": -3,
  "underestimates": -1,
  "underestimating": -1,
  "unfunny": -2,
  "ungenerous": -2,
  "uninvolving": -2,
  "unmotivated": -2,
  "unreleting": -2,
  "unresearched": -2,
  "untarnished": 2,
  "uselessness": -2,
  "victimizes": -3,
  "vindicates": 2,
  "vindicating": 2,
  "visioning": 1,
  "vomits": -3,
  "walkouts": -2,
  "wanker": -3,
  "WinWin": 3,
  "woebegone": -2,
  "WOOHOO": 3,
  "wooo": 4,
  "Woow": 4,
  "WOWOW": 4,
  "Wowww": 4,
  "wtff": -4,
  "wtfff": -4,
  "XO": 3,
  "xoxo": 3,
  "XOXOXO": 4,
  "xoxoxoxo": 4,
  "yeees": 2,
  "yucky": -2,
  "अंतिम संस्कार": -1,
  "अंत्येष्टि": -1,
  "अंधा": -1,
  "अंधेरा": -1,
  "अंधेरी": -2,
  "अकस्मात": -2,
  "अकाल": -2,
  "अकेला": -2,
  "अक्षम": -1,
  "अक्षमता": -2,
  "अक्षम्य": -3,
  "अक्षय": 2,
  "अखंडता": 2,
  "अचल": -1,
  "अच्छा": 3,
  "अच्छा कमबख्त": 4,
  "अच्छा नही": -2,
  "अच्छी तरह पालापोसा हुआ": 2,
  "अच्छी तरह से championed": 3,
  "अच्छी तरह से ध्यान केंद्रित": 2,
  "अच्छी तरह से विकसित": 2,
  "अच्छी तरह से सानुपातिक": 2,
  "अच्छी तरह से स्थापित": 2,
  "अजर अमर": 2,
  "अजीब": -2,
  "अजेय": 2,
  "अज्ञान": -2,
  "अटक": -2,
  "अड्डा": -1,
  "अति आवश्यक": -1,
  "अति उत्कृष्ट": 3,
  "अति क्रुद्ध": -3,
  "अति पीड़ा देनेवाला": -3,
  "अति सरलीकरण": -2,
  "अति सुंदर": 3,
  "अतिक्रमण": -2,
  "अतिरंजना करना": -2,
  "अतिरंजित": -2,
  "अतिवादी": -2,
  "अतिव्य्घ्र": -3,
  "अतिशयोक्ति": -2,
  "अतृप्त": -2,
  "अत्याचार": -3,
  "अत्याचारी": -3,
  "अथक": 2,
  "अदूरदर्शिता": -2,
  "अधपका": -2,
  "अधर्म": -2,
  "अधिक वजन": -1,
  "अधिक से अधिक": 3,
  "अधिकार": 1,
  "अधिनायकवाद": -2,
  "अधिनायकवादी": -2,
  "अधिभार": -1,
  "अधूरा": -1,
  "अधूरी": -2,
  "अनजान": -2,
  "अनजाने में": -2,
  "अनदेखी": -2,
  "अनदेखी की": -1,
  "अननुमोदित": -2,
  "अनन्य": 2,
  "अनफोकस्ड": -2,
  "अनभिज्ञ": -2,
  "अनाडी": -2,
  "अनादर": -2,
  "अनायास": 2,
  "अनिद्रा": -2,
  "अनिवार्य": -1,
  "अनिश्चित": -1,
  "अनिष्ट": -2,
  "अनुकूल": 2,
  "अनुकूल होना": 2,
  "अनुचित": -2,
  "अनुत्तीर्ण होना": -2,
  "अनुदान": 1,
  "अनुपलब्ध": -1,
  "अनुपस्थित": -1,
  "अनुपस्थित होनेवाला": -1,
  "अनुभूति": 1,
  "अनुमति देते हैं": 1,
  "अनुमोदन": -2,
  "अनुराग": 2,
  "अनैतिक": -2,
  "अनोखा": 3,
  "अन्धेर": -2,
  "अन्याय": -2,
  "अन्यायपूर्ण": -2,
  "अन्वेषण": 1,
  "अन्वेषणों": 1,
  "अपढ़": -2,
  "अपना अपमान": -2,
  "अपमान": -2,
  "अपमान करते हुए": -2,
  "अपमान करना": -2,
  "अपमानजनक": -3,
  "अपमानित": -3,
  "अपराध": -3,
  "अपराधिक": -3,
  "अपराधियों": -2,
  "अपराधी": -2,
  "अपराधी ठहराया हुआ": -2,
  "अपराधों": -2,
  "अपरिष्कृत": -1,
  "अपर्याप्त": -2,
  "अपवर्जित": -2,
  "अपहरण": -2,
  "अपहरण कर लिया": -2,
  "अपहरण करना": -2,
  "अपुष्ट": -1,
  "अपूरणीय": -2,
  "अपूर्ण": 5,
  "अप्रचलित": -2,
  "अप्रतिम": 2,
  "अप्रभावी": -2,
  "अप्रसन्न": -2,
  "अप्रसन्नता": -2,
  "अप्रिय": -2,
  "अफसोस की बात है": -2,
  "अफ़सोसनाक": -1,
  "अभागी": -2,
  "अभिनव": 2,
  "अभिमानी": -2,
  "अभियुक्त": -2,
  "अभियोग": -1,
  "अभिराम": 3,
  "अभिशाप": -1,
  "अभेद्य": 2,
  "अमंगल": 3,
  "अमानवीय": -2,
  "अमीर": 2,
  "अयोग्य": -2,
  "अयोग्य घोषित": -2,
  "अयोग्यता": -2,
  "अराजक": -2,
  "अराजकता": -2,
  "अरे नहीं": -2,
  "अलगाव की भावना": -2,
  "अलार्म": -2,
  "अल्हड़": 2,
  "अवर": -2,
  "अवरुद्ध": -1,
  "अवरोधों": -2,
  "अवसर": 2,
  "अवस्र्द्ध": -2,
  "अवहेलना": -2,
  "अवहेलना करना": -2,
  "अवांछनीय": -2,
  "अवांछित": -2,
  "अवाक": -2,
  "अविवेकी": -2,
  "अविश्वसनीय": -1,
  "अविस्मरणीय": 1,
  "अवैध": -3,
  "अवैध रूप से": -3,
  "अव्यवसायिक": -2,
  "अशिष्ट": -2,
  "अश्लील": -2,
  "असंतुष्ट": -1,
  "असंबद्ध": -2,
  "असंवेदनशीलता": -2,
  "असत्य": -1,
  "असफल": -2,
  "असफलता": -3,
  "असभ्य": -2,
  "असमंजस में डालना": -2,
  "असमर्थ": -2,
  "असमर्थता": -2,
  "असमर्थित": -2,
  "असमान": -1,
  "असहनीय": -2,
  "असहमत": -2,
  "असाधारण": 2,
  "असुरक्षित": -2,
  "असुविधा": -2,
  "असुविधाजनक": -2,
  "अस्तरवाला": 1,
  "अस्थिर": -1,
  "अस्पताल में भर्ती": -2,
  "अस्पष्ट": -1,
  "अस्वस्थ": -2,
  "अस्वीकार": -2,
  "अस्वीकार करना": -2,
  "अस्वीकृत": -1,
  "अस्वीकृत कर": -2,
  "अस्वीकृति": -2,
  "अस्वीकृतियों": -2,
  "अहंकार": -2,
  "अहंकारी": -2,
  "आँसू": -2,
  "आई": -2,
  "आउटरीच": 2,
  "आउटेज": -2,
  "आकर्षक": 3,
  "आकर्षण": 3,
  "आकर्षित": 1,
  "आकर्षित किया": 1,
  "आकस्मिक": -2,
  "आकस्मिक धनप्राप्ति": 4,
  "आकारक": -2,
  "आक्रमण": -2,
  "आक्रामक": -2,
  "आक्रामकता": -2,
  "आक्सीमोरण": -1,
  "आग": -2,
  "आगाह": -2,
  "आघात": -3,
  "आजादी": 2,
  "आतंक": -3,
  "आतंकवादियों": -2,
  "आतंकवादी": -2,
  "आतंकित": -3,
  "आतंकित करना": -3,
  "आत्ममोहित": -2,
  "आत्मघात": -2,
  "आत्मनिर्भर": 2,
  "आत्मविश्वास": 2,
  "आत्मविश्वास से": 2,
  "आत्मसंतुष्ट": -2,
  "आत्महत्या": -2,
  "आत्मा": 1,
  "आत्मीयता": 2,
  "आदर": 2,
  "आदर करना": 2,
  "आदरणीय": 2,
  "आधुनिकीकरण": 2,
  "आनंद": 4,
  "आनंद मिलता है": 2,
  "आनंद लिया": 2,
  "आनंदपूर्ण": 3,
  "आनंदमय": 3,
  "आनंदित": 3,
  "आनन्द": 3,
  "आनन्द किया": 4,
  "आना": -2,
  "आपत्तिजनक": -4,
  "आपदा": -2,
  "आपदाओं": -2,
  "आपातकालीन": -2,
  "आभा": 1,
  "आभारी": 3,
  "आमंत्रण": 1,
  "आमंत्रित": 1,
  "आरओबी": -2,
  "आराधना": 3,
  "आराम": 2,
  "आराम से": 2,
  "आरामदायक": 2,
  "आरोप": -2,
  "आरोप लगा": -2,
  "आरोप लगा देना": -2,
  "आरोप लगाते हैं": -2,
  "आरोप लगाया": -3,
  "आरोप लगाया है": -2,
  "आरोपों": -2,
  "आलसी": -1,
  "आलिंगन": 1,
  "आलोचक": -2,
  "आलोचकों": -2,
  "आलोचना": -2,
  "आलोचना करना": -2,
  "आलोचना की": -2,
  "आवेश": -2,
  "आशा": 1,
  "आशाओं": 2,
  "आशावाद": 2,
  "आशावादी": 2,
  "आशावान": 2,
  "आशीर्वाद": 3,
  "आशीर्वाद का": 3,
  "आशीर्वाद देना": 2,
  "आश्चर्य होता है": 2,
  "आश्चर्यचकित": 2,
  "आश्चर्यजनक": 4,
  "आश्वस्त": 2,
  "आसक्ति": 2,
  "आसान": 1,
  "आसानी से डरनेवाला": -2,
  "आसानी से धोखा खानेवाला": -2,
  "आस्था": 1,
  "आहा": -2,
  "इंजन चालू न होना": -2,
  "इंतजार कर रहा है": -1,
  "इच्छा": 1,
  "इच्छाओं": 1,
  "इच्छुक": 1,
  "इनकार": -2,
  "इनकार करने वाला": -2,
  "इनकार किया": -2,
  "इनाम": 2,
  "इष्ट": 2,
  "इस बात का खंडन": -2,
  "इस बात से सहमत": 1,
  "इससे सहमत": 1,
  "इस्तीफा": -1,
  "इस्तीफा दे दिया": -1,
  "ईमानदार": 2,
  "ईमानदारी से": 2,
  "ईर्ष्या": -2,
  "ईर्ष्या द्वेष": -2,
  "उकसाया": -1,
  "उगना": 1,
  "उग्र": -3,
  "उग्रपंथियों": -2,
  "उचित": 2,
  "उचित रूप से": 2,
  "उजागर": -1,
  "उजाड़ना": -2,
  "उज्ज्वल": 1,
  "उत्कट": 1,
  "उत्कृष्टता": 3,
  "उत्तम": 5,
  "उत्तम दर्जे का": 3,
  "उत्तरजीवी": 2,
  "उत्तरदायित्व": 1,
  "उत्तरदायी": 2,
  "उत्तेजक": 2,
  "उत्तेजित": 3,
  "उत्तेजित करता है": 1,
  "उत्तेजित करनेवाला": 3,
  "उत्थान": 2,
  "उत्पीड़न": -2,
  "उत्पीड़ित": -3,
  "उत्सव": 3,
  "उत्साह": 3,
  "उत्साह करना": 1,
  "उत्साहजनक": 2,
  "उत्साहशील": 2,
  "उत्साहित": 3,
  "उत्साही": 3,
  "उत्साही के": 2,
  "उत्सुक": 2,
  "उदार": 1,
  "उदारता": 2,
  "उदास": -2,
  "उदास होना": -1,
  "उदासी": -1,
  "उदासीन": -3,
  "उदासीनता": -3,
  "उद्देश्यपूर्ण": 2,
  "उद्यमी": 1,
  "उनकी कुशलता": 3,
  "उन्नत": 2,
  "उन्निद्रता": -2,
  "उन्मत्त": -1,
  "उन्माद": -3,
  "उन्मादपूर्ण": 4,
  "उपजाऊ": 2,
  "उपदेश देते हैं": -3,
  "उपद्रव": -2,
  "उपन्यास": 2,
  "उपयुक्त": 2,
  "उपयोगिता": 2,
  "उपयोगी": 2,
  "उपलब्धि": 2,
  "उपलब्धियों": 2,
  "उपहार": 2,
  "उपहास": -2,
  "उपहास करना": -2,
  "उपाय": 1,
  "उपालंभ देना": -2,
  "उपेक्षा": -2,
  "उपेक्षा करनेवाला": -2,
  "उपेक्षापूर्ण": -1,
  "उफ़": -2,
  "उबा देना": -2,
  "उबाऊ": -3,
  "उम्मीद कर": 2,
  "उम्मीद है कि": 2,
  "उर्वर": 3,
  "उलझन में": -2,
  "उलझी": -2,
  "उलटी करना": -3,
  "उल्टी": -3,
  "उल्लंघन": -2,
  "उल्लंघन करना": -2,
  "उल्लंघनों": -2,
  "उल्लसित": 3,
  "उल्लास": 3,
  "उल्लासपूर्ण": 2,
  "उल्लू बनाना": -3,
  "ऊ": -2,
  "ऊंचा नीचा": -2,
  "ऊटपटांग": -3,
  "ऊपर का": 2,
  "ऊब": -2,
  "एक प्रकार का": 0,
  "एक लय": -1,
  "एकजुटता": 2,
  "एकाधिकार": -2,
  "एकाधिकृत करना": -2,
  "एडवेंचर्स": 2,
  "एन्जर्स": -3,
  "एलर्जी": -2,
  "एवेंजर्स": -2,
  "एहसान": 2,
  "एहसान फरामोश": -3,
  "ऐंठन": -1,
  "ऑफ़लाइन": -1,
  "ओर अग्रसर": -2,
  "ओवरसोल्ड": -2,
  "और भी बुरा": -3,
  "कंजूस": -2,
  "कचरा": -1,
  "कट गया": -1,
  "कटु": -3,
  "कटौती": -2,
  "कट्टरता": -2,
  "कट्टरपंथी": -2,
  "कठिन": -1,
  "कठिन परिश्रम": -2,
  "कठोर": -2,
  "कठोरता से": -2,
  "कड़वा": -2,
  "कड़वा हुआ": -2,
  "कड़ा": -2,
  "कड़ाई से": 3,
  "कपटी": -3,
  "कब्ज": -2,
  "कब्जा": -2,
  "कम आंकना": -1,
  "कम आंका": -2,
  "कम करके आंका": -1,
  "कम करना": -1,
  "कम हो जाना": -2,
  "कमजोर": -2,
  "कमजोर प्रदर्शन": -2,
  "कमजोर होती जाती है": -2,
  "कमजोरियों": -2,
  "कमबख्त": -4,
  "कमबख्त कमाल": 4,
  "कमबख्त गर्म": 2,
  "कमबख्त प्यार": 4,
  "कमबख्त प्यार करता है": 4,
  "कमबख्त प्यारा": 4,
  "कमबख्त बिल्कुल सही": 4,
  "कमबख्त महान": 4,
  "कमबख्त शानदार": 4,
  "कमबख्त सुंदर": 4,
  "कमबीन": -2,
  "कमियों": -2,
  "कमी": -2,
  "कमीनी": -5,
  "कमीने": -5,
  "कमीनों": -5,
  "कयामत": -2,
  "करघा": -1,
  "करघे": -1,
  "करता है": 1,
  "कराह": -2,
  "कराह रही": -2,
  "कराह रही है": -2,
  "कराहना": -2,
  "कराही": -2,
  "कर्कशा": -4,
  "कलंक": -2,
  "कलंकति करना": -2,
  "कलंकित": -2,
  "कलह": -2,
  "कल्पनाशील": 2,
  "कल्पित कथा": -1,
  "कष्ट": -2,
  "कष्टदायी": -3,
  "कष्टप्रद": -2,
  "कसम खाता": -2,
  "कसम खाते": -2,
  "का आनंद लें": 2,
  "का इंतजार": -1,
  "का उल्लंघन": -2,
  "का कर्ज": -2,
  "का दुरुपयोग": -2,
  "का बहिष्कार": -2,
  "का सामना करना पड़ा": -2,
  "का स्वागत करते हैं": 2,
  "कांटेदार": -2,
  "कांड": -3,
  "काट दिया": -1,
  "काट रहा है": -1,
  "काटना": -2,
  "काटने का निशान": -2,
  "काटने की क्रिया": -2,
  "कातर": -2,
  "कानूनी": 1,
  "कानूनी तौर पर": 1,
  "काफी हद तक": 1,
  "काम करना": -2,
  "काम नहीं कर रहा": -3,
  "काम नहीं करता": -3,
  "कामुक": 3,
  "कायरता": 2,
  "कारनामे": -2,
  "कार्य मुक्त": 2,
  "काल": -2,
  "काला बनाना": -2,
  "कालातीत": -1,
  "काल्पनिक": 3,
  "किसी प्रकार": 0,
  "किस्मत से": 3,
  "की आलोचना": -2,
  "की इच्छा": 2,
  "की कटौती": -2,
  "की तरह न": -2,
  "की निंदा की": -2,
  "की प्रतीक्षा": -1,
  "की मांग": -1,
  "की सराहना की": 3,
  "की सिफारिश": 2,
  "की सिफारिश की": 2,
  "कुंठित": -2,
  "कुख्यात": -2,
  "कुचल": -1,
  "कुछ": 1,
  "कुछ नया": 1,
  "कुमारी र": -2,
  "कुरूप": -3,
  "कुरूपता": -3,
  "कुल": -2,
  "कुल्हाड़ी": -1,
  "कृतज्ञ": 2,
  "कृतियों": 4,
  "कृपा": 1,
  "कृपापूर्वक": 2,
  "कृप्या अ": 1,
  "के फायदे": 2,
  "के समाधान": 2,
  "के सौजन्य से": 2,
  "के हल": 1,
  "कैंसर": -1,
  "कैद होना": -2,
  "कैदियों": -2,
  "कॉमेडी": 1,
  "को अवशोषित": 1,
  "को आकर्षित": 2,
  "को आकर्षित करती है": 1,
  "को कम": -2,
  "को खारिज कर दिया": -1,
  "को दोषी ठहराया": -2,
  "को प्रेरित": 2,
  "को बढ़ावा": 1,
  "को बढ़ावा देता है": 1,
  "को बढ़ावा देना": 1,
  "को मंजूरी दी": 2,
  "को मूल": 2,
  "को यह पसंद है": 2,
  "को समझाने": 1,
  "को सुदृढ़": 2,
  "कोई मज़ा नहीं": -3,
  "कोमलता": 2,
  "कोलाहल": -3,
  "कोस": -3,
  "क्रश": -1,
  "क्रुद्ध": -3,
  "क्रुद्ध करना": -2,
  "क्रुद्ध करनेवाला": -2,
  "क्रूर": -3,
  "क्रूरता": -3,
  "क्रोध": -2,
  "क्रोधित": -2,
  "क्लेश": -2,
  "क्षति": -3,
  "क्षतिग्रस्त": -3,
  "क्षमता": 1,
  "क्षमताओं": 1,
  "क्षमा": 2,
  "क्षमा करना": 1,
  "क्षमा करें": 2,
  "क्षमायाचना": -1,
  "खंगालना": -3,
  "खंड": -1,
  "खंडन": -2,
  "खंडहर": -2,
  "खजाना": 2,
  "खजाने": 2,
  "खतरनाक": -2,
  "खतरा": -2,
  "ख़तरा": -2,
  "खदेड़ना": -1,
  "खदेड़ने": -2,
  "खदेड़ा": -2,
  "खफा": -2,
  "ख़फ़ा": -2,
  "ख़याल से बाहर का": -2,
  "खराब": -3,
  "ख़राब": -2,
  "खराब कर दिया है": -2,
  "ख़राब करना": -2,
  "खराब किस्मत": -2,
  "खराब प्रदर्शन": -2,
  "खराब हो गई": -3,
  "खलल न डालें": -2,
  "खस्ताहाल": -3,
  "खामियां": -2,
  "खारिज": -1,
  "ख़ारिज": -2,
  "खारिज कर दिया": -1,
  "खाल": -1,
  "खाली": -1,
  "खाली करा लिया": -1,
  "खिन्न": -2,
  "खिलवाड़": -2,
  "खींचें": -1,
  "खीजा हुआ": -3,
  "खुजली": -2,
  "ख़ुदएतमाद": 2,
  "खुश": 3,
  "ख़ुश": 3,
  "खुश नहीं": -2,
  "खुशगवार": 3,
  "खुशनुमा": 2,
  "ख़ुशमिज़ाज": 2,
  "ख़ुशियां मनानेवाला": 3,
  "खुशी": 2,
  "ख़ुशी": 3,
  "खूंखार": -2,
  "खूबसूरती": 3,
  "खेद": -2,
  "खेद प्रकट करना": -3,
  "खेद व्यक्त किया": -2,
  "खेल बदलने": 3,
  "खैरात": -2,
  "खोखला": -1,
  "खोलना": 1,
  "ख़ौफ़नाक": -3,
  "ख्याति प्राप्त": 2,
  "ख्वाब": 1,
  "गंदगी": -2,
  "गंदा": -2,
  "गंदी": -2,
  "गंदे": -3,
  "गंधा": 2,
  "गंभीर": -2,
  "गंवा": -2,
  "गंवाना": -2,
  "गगनभेदी": -1,
  "गजब का": 4,
  "गड़बड़": -2,
  "गड़बड़ियों": -2,
  "गतिरोध": -2,
  "गधा": -4,
  "गधे": -4,
  "ग़बन": -3,
  "ग़मगीन": -2,
  "गरम": 1,
  "गरमागरम": 3,
  "गरीब": -2,
  "गर्भपात": -1,
  "गर्मजोशी": 2,
  "गर्व": 2,
  "गर्व से": 2,
  "गलत": -2,
  "ग़लत": -2,
  "गलत इस्तेमाल": -2,
  "गलत कह": -2,
  "गलत काम": -2,
  "गलत तरीके से": -2,
  "गलत नामकरण": -3,
  "गलत व्याख्या": -2,
  "गलत समझती": -2,
  "गलत समझा": -2,
  "ग़लत साबित": -3,
  "गलतफ़हमी": -2,
  "गलतबयानी": -2,
  "ग़लती": -2,
  "गला": -2,
  "गला घोंटना": -2,
  "गला घोट दिया": -2,
  "गले": 2,
  "गवारा नहीं": -2,
  "गहना": 1,
  "गहने": 1,
  "गायब हो गया": -1,
  "गायब हो जाता है": -1,
  "गायब होना": -1,
  "गारंटी": 1,
  "गालियाँ": -3,
  "गाली": -3,
  "गिर": -2,
  "गिर रहा है": -1,
  "गिरफ़्तार करना": -2,
  "गिरफ्तार किया": -3,
  "गिरफ्तारी": -2,
  "गिरा": -1,
  "गिरा हुआ": -2,
  "गिरावट": -2,
  "गुंडा": -2,
  "गुंडों": -2,
  "गुणवत्ता": 2,
  "गुणों": 2,
  "गुप्त": -1,
  "गुब्बार": -2,
  "गुम हो गया": -3,
  "गुम होना": -2,
  "गुमराह": -3,
  "गुलाब का फूल": 1,
  "ग़ुलाम बनाना": 3,
  "ग़ुलाम बनाया हुआ": -2,
  "गुलामी": -3,
  "गुलामों": -3,
  "गुस्सा": -3,
  "गुस्सा दिलाती": -2,
  "गूंगा": -3,
  "गैर अनुमोदित": -2,
  "गैर जिम्मेदार": -2,
  "गैर जिम्मेदाराना": -2,
  "गोद ले": 1,
  "गोद लेना": 1,
  "गोली चलाई": -2,
  "गोली मार": -1,
  "गोलीबारी": -2,
  "गौरव": 2,
  "ग्लैमरस": 3,
  "घटा": -2,
  "घटिया": -2,
  "घटिया इंसान": -5,
  "घबरा": -2,
  "घर के बाहर रहने से खिन्न": -2,
  "घसीटा": -1,
  "घाटा": -2,
  "घात में रहना": -1,
  "घातक": -3,
  "घायल": -2,
  "घिन आना": -2,
  "घिनौना": -3,
  "घिनौनापन": -3,
  "घुट": -2,
  "घूस": -3,
  "घूस देने": -3,
  "घूसख़ोर": -3,
  "घृणा": -3,
  "घृणा करना": -3,
  "घृणा करनेवाला": -3,
  "घृणापूर्ण": -3,
  "घोटाला": -2,
  "घोटालों": -3,
  "घोर अपराध": -3,
  "चंचल": 2,
  "चकमा दे रहा है": -2,
  "चकाचौंधा": 3,
  "चकित": -2,
  "चक्कर": -1,
  "चतुर": 2,
  "चपटी": -2,
  "चपेट में": -2,
  "चम": -3,
  "चमक": 3,
  "चमकदार": 2,
  "चमत्कार": 4,
  "चरमपंथियों": -2,
  "चालाक": 2,
  "चालाकी से": -1,
  "चाह": 1,
  "चाहते हैं": 1,
  "चाहा हे": 2,
  "चिंगारी": 1,
  "चिंता": -2,
  "चिंताग्रस्त": -1,
  "चिंतित": -2,
  "चिड़चिड़ा": -3,
  "चिढ़": -2,
  "चित्त आकर्षण करनेवाला": 3,
  "चियर्स": 2,
  "चिल्ला": -2,
  "चिल्लाना": -2,
  "चिल्लाया": -2,
  "चिल्लाहट": -2,
  "चीखें": -2,
  "चुक गया": -2,
  "चुटकुले": 2,
  "चुना गया": 1,
  "चुनौती": -1,
  "चुभन": -5,
  "चुम्मा": 2,
  "चुरा रहा है": -2,
  "चुरा लिया": -2,
  "चुराना": -2,
  "चूक": -1,
  "चूसना": -3,
  "चेताया": -2,
  "चेतावनी": -1,
  "चेतावनी दी": -2,
  "चेतावनी देना": -2,
  "चैंपियंस": 2,
  "चैंपियन": 2,
  "चोट": -2,
  "चोट का निसान": -2,
  "चोट पहुँचाने": -2,
  "चोटों": -2,
  "चोरी": -2,
  "चोरी हो गया": -2,
  "चौंका": -2,
  "चौंका देने वाला": -2,
  "चौंकाने": 3,
  "चौका देने वाला": 4,
  "छद्म": -3,
  "छल": -4,
  "छल से": -3,
  "छलना": -3,
  "छली": -2,
  "छिपा रखा": -1,
  "छिपाना": -3,
  "छींक": -2,
  "छींक आना": -2,
  "छुड़ाया": 2,
  "छुपा रहे है": -1,
  "छुरा घोंपा": -2,
  "छूत": -2,
  "छेड़ छड करना": -3,
  "छेड़खानी": -1,
  "छोड़ दिया": -2,
  "छोड देता है": -1,
  "छोड़ देना": -2,
  "छोड़ना": -1,
  "जंगली": -2,
  "जटिल": 2,
  "जबरदस्त हंसी": 3,
  "जम": 2,
  "जमना": 2,
  "जमा पूंजी": 1,
  "जयजयकार करना": 2,
  "जय हो": 2,
  "जयकार": 2,
  "जरूरी": 2,
  "जर्द": -2,
  "जलते": -2,
  "जलन": -3,
  "जश्न": 3,
  "जहर": -2,
  "ज़हर": -2,
  "जहाज के मलबे": -2,
  "जागरूक": 3,
  "जातिवाद": -3,
  "जान": 2,
  "जानम": 3,
  "जानलेवा": -2,
  "जाल": -1,
  "जालसाज़": -4,
  "ज़िंदा": 1,
  "ज़िंदादिल": 3,
  "जिज्ञासु": 1,
  "जिद्दी": -2,
  "ज़िद्दी": -2,
  "जीत": 4,
  "जीत लिया": 3,
  "जीवंत": 3,
  "जीवन में एक बार": 3,
  "जीवित रहने का": 2,
  "जुदा जुदा": -1,
  "जुनून": 1,
  "जुनून सवार": 2,
  "जुर्माना": -2,
  "ज़ुल्म": -3,
  "ज़ुल्म किया हुआ": -2,
  "जूझ": -2,
  "जेल में बंद": -2,
  "जेल व": -2,
  "जोखिम": -2,
  "जोखिम भरा": -2,
  "जोड़तोड़": -1,
  "ज़्यादा गुस्सा": -2,
  "झटका": -2,
  "झटके": -2,
  "झप्पीं": 2,
  "झुंझुला देना": -2,
  "झुका हुआ": -2,
  "झूठ": -2,
  "झूठ के सहारे बदनाम करने का": -2,
  "झूठ बोला": -2,
  "झूठा": -2,
  "झूठा साक्ष्य": -3,
  "झूठी खबर": -2,
  "झूठे": -3,
  "झोंका": -2,
  "टकराने": -1,
  "टकराया": -1,
  "टकसाली": -2,
  "टक्कर": -2,
  "टक्करों": -2,
  "टल": -1,
  "टाउट": -2,
  "टाल दिया": -2,
  "टाल देना": -1,
  "टालना": -1,
  "टिकाऊ": 2,
  "टूटा हुआ": -1,
  "टूटा हुआ दिल": -3,
  "ट्रस्टों": 1,
  "ट्रोल": -2,
  "ठंड": -2,
  "ठंडा": 1,
  "ठग": -3,
  "ठग ले": -3,
  "ठगा": -2,
  "ठप": -2,
  "ठाठ": 2,
  "ठीक": 2,
  "ठुकराने": -2,
  "ठोस": 1,
  "डब्ल्यूटीएफ": -4,
  "डर": -2,
  "डरपोक": -1,
  "डरा देता है": -2,
  "डरा हुआ": -2,
  "डराना": -2,
  "डरावना": -2,
  "डांटना": -3,
  "डांटा": -2,
  "डाउनर": -2,
  "डाह": -1,
  "डिमाग धोनेवाला": -3,
  "डींग मारने का": -2,
  "डींग मारनेवाला": -3,
  "डुबकर मरना": -2,
  "डुबा हुआ": -2,
  "डूब": -2,
  "ड्रॉप": -1,
  "ढह": -2,
  "ढहने": -2,
  "ढीला": -3,
  "ढुलमुल": -2,
  "ढेर": -1,
  "ढेर लगाना": -1,
  "ढोंगी": -2,
  "तंग": -2,
  "तंग किया": -2,
  "तंत्रिकाओं": -1,
  "तक पहुँचने": 1,
  "तड़प": 1,
  "तड़पना": -3,
  "तड़पनेवाला": -2,
  "तड़पा": -4,
  "तत्पर": 2,
  "तनाव": -2,
  "तनावग्रस्त": -2,
  "तप्त": -2,
  "तबाह": -2,
  "तबाही": -3,
  "तमन्ना": 1,
  "तर्कहीन": -1,
  "तल्लीन": 1,
  "तस्करी": -2,
  "तहसनहस": -2,
  "ताकत": 2,
  "ताक़त": 3,
  "ताजा": 2,
  "ताज़ा": 1,
  "ताजा करते हुए": 2,
  "तारीफ": 3,
  "तारीफ कर": 3,
  "तालियों": 2,
  "तिरस्कार": -2,
  "तिरस्कारपूर्ण": -2,
  "तीव्र": 1,
  "तुच्छ": -2,
  "तुरंत": 1,
  "तुष्टि": 2,
  "तुष्टीकरण": 2,
  "तेज": -2,
  "तेजी से": 2,
  "तैयार": 1,
  "तोड़फोड़": -2,
  "तोड़ दिया": -1,
  "तोड़ा": -2,
  "त्याग किया हुआ": -2,
  "त्यागपत्र देना": -1,
  "त्यागा हुआ": -2,
  "त्रस्त": -3,
  "त्रासदियों": -2,
  "त्रुटि": -2,
  "त्रुटिपूर्ण": -3,
  "त्रुटियों": -2,
  "थका": -2,
  "थका हुआ": -2,
  "थकाऊ": -2,
  "थकान": -2,
  "थोपना": -1,
  "थोपा हुआ": -1,
  "दंगा": -2,
  "दंगे का": -2,
  "दंगों": -2,
  "दंड": -2,
  "दंड देना": -2,
  "दंडात्मक": -2,
  "दंडित": -2,
  "दंतहीन": -2,
  "दक्षताओं": 1,
  "दखल": -2,
  "दण्ड देना": -2,
  "दबा दी": -1,
  "दबाव": -1,
  "दम घुट": -2,
  "दमनकारी": -2,
  "दयनीय": -2,
  "दया": 2,
  "दया आ गई थी": -1,
  "दया से प्यार": 3,
  "दयालु": 1,
  "दयालुता": 2,
  "दरार": 3,
  "दरिद्र": -2,
  "दरिद्रता": -1,
  "दर्द": -2,
  "दर्द होता है": -2,
  "दर्दनाक": -3,
  "दर्दनाक पोस्ट": -2,
  "दलाली": -2,
  "दलालों": -2,
  "दहलाने": 4,
  "दागी": -2,
  "दान": 2,
  "दान करना": 2,
  "दान दिया": 2,
  "दान देनेवाला": 2,
  "दानशील": 2,
  "दास": -3,
  "दिखावटी": -2,
  "दिखावा": -1,
  "दिमाग": 2,
  "दिल तोड़ना": -2,
  "दिलकश": 2,
  "दिलचस्प": 2,
  "दिली": 3,
  "दिवालिया": -2,
  "दिवालियापन": -3,
  "दिव्य": 4,
  "दी गई": 1,
  "दुकान": -2,
  "दुखद": -2,
  "दुखी": -2,
  "दुराचार": -2,
  "दुराचार करना": -2,
  "दुरुपयोग": -2,
  "दुर्घटना": -2,
  "दुर्घटनाओं": -2,
  "दुर्दिनों": -3,
  "दुर्बलता": -2,
  "दुर्भाग्य": -2,
  "दुर्व्यवहार": -3,
  "दुविधा": -1,
  "दुविधा में पड़ा हुआ": -2,
  "दुश्मन": -2,
  "दुश्मनों": -2,
  "दुष्ट": -5,
  "दुष्प्रभाव": -2,
  "दूषित": -2,
  "दृढ़": 2,
  "दृष्टि": 1,
  "देखभाल": 2,
  "देने": 1,
  "देशव्यापी": 2,
  "दोष": -3,
  "दोष के": -3,
  "दोष लगाना": -2,
  "दोषपूर्ण": -3,
  "दोषमुक्त": 2,
  "दोषमुक्त करना": 2,
  "दोषमुक्त करार": 2,
  "दोषारोपण": -3,
  "दोषी": -3,
  "दोषी पाया": -2,
  "दोषी मानते हैं": -2,
  "दोस्त": 1,
  "द्रुतशीतन": -1,
  "द्वेषपूर्ण": -2,
  "धत् तेरे की": -3,
  "धन": 3,
  "धनी": 2,
  "धन्यवाद": 2,
  "धब्बा": -2,
  "धमकाता": -2,
  "धमकाना": -2,
  "धमकाया": -2,
  "धमकी": -2,
  "धमकी दी": -2,
  "धर": -1,
  "धरना": -1,
  "धर्म": 2,
  "धांधली": -1,
  "धार्मिक": 2,
  "धिक्कारना": -2,
  "धुँधली": -2,
  "धुंध": -2,
  "धूप": -2,
  "धूमिल": -1,
  "धोखा": -4,
  "धोखा दिया": -3,
  "धोखा दे": -3,
  "धोखा देता है": -3,
  "धोखा देती है": -3,
  "धोखा देना": -2,
  "धोखाधड़ी": -4,
  "धोखेबाजों": -4,
  "ध्यान केंद्रित": 2,
  "ध्यान देने योग्य": 2,
  "ध्यान न दी": -1,
  "ध्येय": 1,
  "नक़ल करनेवाला": -2,
  "नकली": -3,
  "नकारात्मक": -2,
  "नकारात्मक पक्ष": -2,
  "नकारात्मकता": -2,
  "नजरअंदाज": -2,
  "नजरअंदाज कर दिया": -2,
  "नज़रअंदाज़ करना": -1,
  "नतीजों": -2,
  "नपुंसक": -2,
  "नफरत": -3,
  "नफ़रत": -3,
  "नफरत करता": -3,
  "नफ़रत से": -2,
  "नमस्कार": 1,
  "नम्र": 1,
  "नरक": -4,
  "नरमी से": 3,
  "नवजात": -2,
  "नवोन्मेष": 1,
  "नशे में": -2,
  "नशे में न होना": 1,
  "नष्ट": -3,
  "नष्ट कर देता है": -3,
  "नष्ट किया हुआ": -3,
  "नहीं": -1,
  "नाक में दम": -3,
  "नाक में दम करना": -2,
  "नाकाफी": -2,
  "नाकाबंदी": -2,
  "नाकाम": -2,
  "नागवार": -2,
  "नाचीज": -2,
  "नाटक": -1,
  "नापसंद": -2,
  "नापसन्द": -2,
  "नापाक किया हुआ": -2,
  "नायक": 2,
  "नायकों": 2,
  "नारकीय": -2,
  "नाराज": -3,
  "नाराज हो": -2,
  "नाराजगी फैल": -2,
  "नारेबाजी": -2,
  "नालायकी": -2,
  "नाश": -2,
  "नासमझ": -2,
  "नास्तिक": -1,
  "नास्तिकता करना": -2,
  "निंदक": -2,
  "निंदा": -3,
  "निकम्मा": -2,
  "निकम्मेपन": -2,
  "निकालना": -1,
  "निकालने": -1,
  "निकास": -1,
  "निखर उठती": 3,
  "निखारने": 1,
  "निडर": 2,
  "नितंब": -4,
  "निरक्षरता": -2,
  "निरर्थक": -2,
  "निराकरण": 2,
  "निरादर": -3,
  "निरानंद": -2,
  "निराश": -3,
  "निराशा": -2,
  "निराशा होती": -2,
  "निराशाओं": -2,
  "निराशाजनक": -2,
  "निराशावाद": -2,
  "निराशावादी": -2,
  "निराश्रय": -2,
  "निरीक्षण": -1,
  "निरोध": -2,
  "निरोधक": -2,
  "निर्णय": -1,
  "निर्णयात्मक": 1,
  "निर्दय": -1,
  "निर्दयी": -3,
  "निर्दोष": 2,
  "निर्धारित": 2,
  "निर्बल": -2,
  "निर्बाध": 2,
  "निर्भयता": 2,
  "निर्मल": 2,
  "निर्वासन": -2,
  "निर्वासित": -2,
  "निर्वासित करना": -2,
  "निलंबित": -1,
  "निवारक": -2,
  "निविदा": 2,
  "निशान": -2,
  "निषेध": -1,
  "निष्कासन": -1,
  "निष्कासित": -2,
  "निष्क्रिय": -1,
  "निष्क्रियता": -2,
  "निष्ठा": 3,
  "निष्ठुर": -3,
  "निष्पक्ष": 2,
  "निष्पक्षता": 2,
  "निष्प्राण": -2,
  "निस्र्त्साहित": -2,
  "निहार": 3,
  "निहित": 1,
  "नीग्रो": -5,
  "नीच": -3,
  "नीचा दिखाना": -2,
  "नीरस": -2,
  "नुकसान": -1,
  "नुकसान पहुँचा": -2,
  "नुकसान पहुंचाया": -2,
  "नृशंस": -3,
  "नेक": 2,
  "नेतृत्व": 1,
  "नैतिक": 2,
  "नैतिक करना": -2,
  "नोक": 2,
  "न्याय": 2,
  "न्यायसंगत": 2,
  "न्यायिक जांच": -2,
  "पंखा": 3,
  "पक्का वादा": 1,
  "पक्ष जुटाव": -2,
  "पक्षपात": -1,
  "पछता": -2,
  "पछतावा": -2,
  "पछतावा करता हुआ": -2,
  "पटरी से उतर गई": -2,
  "पटरी से उतरने": -2,
  "पटरी से उतरी": -2,
  "पढ़ने में भूलना": -1,
  "पदक": 3,
  "पदोन्नत": 1,
  "पर जोर दिया": -2,
  "पर प्रतिबंध लगा दिया": -2,
  "पर मुकदमा चलाने के": -1,
  "परदारगमन का": -3,
  "परमानंद": 3,
  "परमेश्वर": 1,
  "परवाह": 2,
  "परस्परविरोधी": -2,
  "पराजित": -2,
  "परास्त": -3,
  "परिश्रमी": -2,
  "परेशान": -2,
  "परोपकारी": 2,
  "पर्दाफाश": -1,
  "पर्याप्त": 1,
  "पर्यावरण के अनुकूल": 2,
  "पलायन": -1,
  "पश्चाताप": -2,
  "पसंद": 2,
  "पसंद किया": 2,
  "पसंदीदा": 2,
  "पसंदीदा बनाया": 2,
  "पहना है": -1,
  "पहुँचती है": 1,
  "पहुंच": 1,
  "पहुंच गए": 1,
  "पहुंचाई": -2,
  "पाखंडी": -2,
  "पाखण्ड": -2,
  "पागल": -2,
  "पागल मनुष्य": -3,
  "पागलपन": -2,
  "पागलों": -3,
  "पागलों की तरह": -3,
  "पाप": -2,
  "पापी": -3,
  "पापों": -2,
  "पिटाई": -1,
  "पीछे रह जाना": -1,
  "पीछे हटना": -1,
  "पीठ": 1,
  "पीड़ा": -2,
  "पीड़ादायक": -1,
  "पीड़ित": -2,
  "पीड़ितों": -3,
  "पुनर्जीवित": 2,
  "पुनर्स्थापित": 1,
  "पुरस्कार": 3,
  "पुरस्कृत": 2,
  "पुष्टि": 2,
  "पुष्टि की": 2,
  "पूछताछ": -2,
  "पूछताछ की": -1,
  "पूजा की": 3,
  "पूरा": 2,
  "पूरा किया": 2,
  "पूरी की": 2,
  "पूरी तरह से": 3,
  "पूर्णता": 3,
  "पूर्ति": 2,
  "पृथक": -1,
  "पेशाब": -4,
  "पैरवी": -2,
  "पोषण": 2,
  "पोषित": 2,
  "प्यार करता है": 3,
  "प्यार करते हैं": 3,
  "प्यार किया": 3,
  "प्यार से": 2,
  "प्यारा": 3,
  "प्यारी": 3,
  "प्यारों": 3,
  "प्रकट करना": -3,
  "प्रकुल्ल": 3,
  "प्रकोप": -2,
  "प्रगति": 2,
  "प्रचंड": 2,
  "प्रचार प्रसार": -2,
  "प्रचारित": -2,
  "प्रच्छन्न": -1,
  "प्रणाम करता है": 2,
  "प्रतिकारक": -2,
  "प्रतिकूल": -2,
  "प्रतिक्रिया": -2,
  "प्रतिघात": -2,
  "प्रतिबंध": -2,
  "प्रतिबंध लगाता है": -1,
  "प्रतिबंधक": -1,
  "प्रतिबद्ध": 1,
  "प्रतिबद्धता": 2,
  "प्रतिभा": 3,
  "प्रतिभाशाली": 4,
  "प्रतियोगी": -1,
  "प्रतिरक्षा": 1,
  "प्रतिहिंसक": -2,
  "प्रत्याशा": 1,
  "प्रदर्शन": -1,
  "प्रदर्शनकारियों": -2,
  "प्रदूषक": -2,
  "प्रदूषण": -2,
  "प्रदूषण फैलाने": -2,
  "प्रदूषित": -2,
  "प्रफुल्ल": 2,
  "प्रफुल्ल करना": 3,
  "प्रबुद्ध": 2,
  "प्रभार": -2,
  "प्रभावशाली": -1,
  "प्रभावशीलता": 2,
  "प्रभावित करना": 3,
  "प्रभावित किया": 3,
  "प्रभावी": 2,
  "प्रभावी रूप से": 2,
  "प्रभेद": 2,
  "प्रमुख": 2,
  "प्रमुदित": 2,
  "प्रमोद": 3,
  "प्रवंचना": -2,
  "प्रवृत्त": -2,
  "प्रशंसा": 2,
  "प्रशंसा की": 3,
  "प्रशंसित": 2,
  "प्रशस्त": 2,
  "प्रसन्न": 3,
  "प्रसन्नचित्त": 2,
  "प्रसिद्ध": 2,
  "प्रसिद्धि": 1,
  "प्राकृतिक": 1,
  "प्राण": 3,
  "प्राणपोषक": 3,
  "प्राप्त": 1,
  "प्राप्त कर रहा है": 2,
  "प्राप्त की": 2,
  "प्रार्थना": 1,
  "प्रार्थना करती है": 1,
  "प्रिय": 2,
  "प्रेतवाधित": -2,
  "प्रेरणा": 1,
  "प्रेरणा स्त्रोत": 2,
  "प्रेरणादायक": 2,
  "प्रेरित": 2,
  "प्रोत्साहन": 2,
  "प्रोत्साहित": 2,
  "प्रोत्साहित करती है": 2,
  "प्रोत्साहित करना": 2,
  "प्रौढ़": 2,
  "प्लेग": -3,
  "फंस गया": -2,
  "फंसा हुआ": -2,
  "फटा हुआ": -2,
  "फायदा": 2,
  "फ़ासिस्ट": -2,
  "फासिस्टों": -2,
  "फिजूलखर्ची": -2,
  "फिट": 1,
  "फिटनेस": 1,
  "फिल्म": 3,
  "फीका": -2,
  "फुल्का": 1,
  "फूला हुआ": -1,
  "फूहड़": -5,
  "फेंक दिया": -2,
  "फैलता": 1,
  "फैली": 1,
  "फैसले": -1,
  "फोडा": -2,
  "फौजदारी": -2,
  "फ़्लू": -2,
  "फ्लैगशिप": 2,
  "फ्लॉप": -2,
  "बँध": 3,
  "बँधा हुआ": -3,
  "बंदी": -2,
  "बंदूक": -1,
  "बकवास": -3,
  "बकाया": 5,
  "बच जाना": 2,
  "बचकाना": -2,
  "बचने": -1,
  "बचा": -1,
  "बचा जाता है": -1,
  "बचाता है": 2,
  "बचाना": 2,
  "बचाया": 2,
  "बचाव": 2,
  "बड़ा": 3,
  "बड़े": 1,
  "बड़े पैमाने पर": 2,
  "बढ़ रही है": 1,
  "बढ़ना": 1,
  "बढ़ा": 1,
  "बढ़ा देता है": 1,
  "बढ़ा हुआ": 1,
  "बढ़ाया": 1,
  "बढ़ावा": -2,
  "बदनाम": -2,
  "बदबू": -2,
  "बदबू आ रही है": -2,
  "बदबूदार": -2,
  "बदमाश": -3,
  "बदमाशी": -2,
  "बदला": -2,
  "बदला लिया": -2,
  "बदला लेना": -2,
  "बदला लेने": -2,
  "बदला लेनेवाला": -2,
  "बदली का": -2,
  "बदसूरत": -2,
  "बधाई": 2,
  "बधाई दी": 1,
  "बधाई देना": 2,
  "बना": -1,
  "बनिया": -2,
  "बन्दी": -2,
  "बम": -1,
  "बयाना": 2,
  "बरकरार": 2,
  "बरकरार रखा": -1,
  "बरगलाया": -2,
  "बरसाती": -1,
  "बरसाती कोट": 2,
  "बरी": 2,
  "बरी कर दिया": 2,
  "बरी करना": 2,
  "बर्खास्त कर दिया": -1,
  "बर्बर": -2,
  "बर्बाद": -2,
  "बर्बाद कर": -2,
  "बलपूर्वक": -2,
  "बलवान": 2,
  "बलात्कार": -4,
  "बलि का बकरा": -2,
  "बस्तियों": 1,
  "बहकाना": -2,
  "बहस": -2,
  "बहादुर": 2,
  "बहाना": -1,
  "बहाल": 1,
  "बहिष्कार": -2,
  "बहिष्कृत": -2,
  "बहुत": -3,
  "बहुत अच्छा": 4,
  "बहुत अच्छा लगा": 3,
  "बहुत खुबस": 4,
  "बहुत बढ़िया": 4,
  "बहुत बेकार": -2,
  "बहुत मदहोश": -4,
  "बागी": -2,
  "बातचीत": -1,
  "बाधा": -2,
  "बाधा उत्पन्न करती है": -2,
  "बाधा डालना": -2,
  "बाधा पहुंचाना": -2,
  "बाधाएं": -2,
  "बाधित": -2,
  "बालोचित": -2,
  "बाहर जाना": -2,
  "बिखर": -2,
  "बिगड़ जाती है": -3,
  "बिगड़ती": -3,
  "बिगड़ना": -2,
  "बिगड़ा हुआ": -2,
  "बिगड़ी": -2,
  "बिगाड़ना": -2,
  "बिना श्रेय": -1,
  "बीमार": -2,
  "बीमारियों": -2,
  "बुखार": -2,
  "बुद्धिमत्ता": 1,
  "बुद्धिमान": 2,
  "बुद्धू": -2,
  "बुरा": -3,
  "बुराई": -3,
  "बुरी तरह": -3,
  "बे चै न": -2,
  "बेआबरू": -2,
  "बेईमान": -3,
  "बेईमानी से": -3,
  "बेकरार": -3,
  "बेकल": -2,
  "बेकार": -3,
  "बेगरज": 2,
  "बेघर": -2,
  "बेचने का नहीं": -1,
  "बेचेन होना": -2,
  "बेचैन": -2,
  "बेचैनी": -2,
  "बेजोड़": 1,
  "बेतरतीब": -2,
  "बेताब": -2,
  "बेतुका": -2,
  "बेरहम": -2,
  "बेरोज़गार": -1,
  "बेरोजगारी": -2,
  "बेवकूफ": -3,
  "बेवकूफी": -2,
  "बेहतर": 3,
  "बेहतर बनाता है": 2,
  "बेहतरीन": 3,
  "बेहद प्यारा": 3,
  "बेहूदापन": -2,
  "बैर": -2,
  "बैरियर": -2,
  "बोझ": -2,
  "ब्याज": 1,
  "ब्लैकमेल": -3,
  "ब्लॉकों": -1,
  "भक्त": 3,
  "भक्ति भाव": 2,
  "भगदड़": -2,
  "भगदड़ मच गई": -3,
  "भजन": 3,
  "भड़काती": -1,
  "भड़काना": -1,
  "भड़ौआ": -2,
  "भद्दा": -2,
  "भय": -2,
  "भय उत्पन्न करनेवाला": -2,
  "भय सहित": -2,
  "भयंकर": -2,
  "भयग्रस्त": -2,
  "भयपूर्ण": -2,
  "भयभीत": -2,
  "भयभीत करना": -2,
  "भयातुर": -3,
  "भयादोहन": -3,
  "भयानक": 4,
  "भयावह": -3,
  "भरोसा": 1,
  "भरोसा दिलाया": 1,
  "भर्ती किया": -1,
  "भलाई": 3,
  "भलाई करनेवाला": 3,
  "भाग जाता है": -1,
  "भागने": -1,
  "भाग्य": 2,
  "भाग्यवश": 2,
  "भाग्यशाली": 2,
  "भावुक": -2,
  "भिड़ना": -1,
  "भीगी बिल्ली": -3,
  "भीषण": -3,
  "भुगतना": -2,
  "भुना": -2,
  "भुलक्कड़": -2,
  "भुला दिया": -1,
  "भूकंप के झटके": -2,
  "भूख": -2,
  "भूख से मर": -2,
  "भूखा": -2,
  "भूखे": -2,
  "भूत": -1,
  "भूरा": -1,
  "भूल": -2,
  "भूल गया": -1,
  "भूल जाओ": -1,
  "भूलने योग्य": -1,
  "भेजा गया": -2,
  "भेदभाव": -2,
  "भेदभावपूर्ण": -2,
  "भेद्यता": -2,
  "भेस": -1,
  "भोला": -2,
  "भोली": -2,
  "भोले": -2,
  "भौचक्का": -2,
  "भ्रमित": -2,
  "भ्रष्ट": -3,
  "भ्रष्टाचार": -3,
  "भ्रामक": -2,
  "मंजूर की": 2,
  "मंजूरी दे दी": 1,
  "मंडराने": -1,
  "मंत्रमुग्ध": 2,
  "मंद": -2,
  "मंदी": -2,
  "मउद्धार": 2,
  "मगन": 3,
  "मजबूत": 2,
  "मजबूत किया": 2,
  "मजबूत बनाना": 2,
  "मज़बूती से": 2,
  "मजबूर": -1,
  "मज़ा": 4,
  "मजा अ": 2,
  "मजाक": -2,
  "मज़ाक": 2,
  "मज़ाक उड़ाया": -2,
  "मजेदार": 4,
  "मणि": 3,
  "मदद": 2,
  "मदद कर रहा है": 2,
  "मदद करता है": 2,
  "मन बहलाना": 3,
  "मनमुटाव": -2,
  "मनमौजी": 4,
  "मनहूस": -2,
  "मना": 1,
  "मना कर दिया": -2,
  "मना किया हुआ": -2,
  "मनाता": 3,
  "मनाना": 3,
  "मनोरंजक": 2,
  "मनोरंजन": 3,
  "मनोरम": 3,
  "मनोरोगी": -2,
  "मर गए": -3,
  "मरना": -3,
  "मल": -4,
  "मलिन": -2,
  "मशहूर": 3,
  "मस्त": 4,
  "महंगा": -2,
  "महत्त्व": 2,
  "महत्त्वाकांक्षी": 2,
  "महत्व": 1,
  "महत्वपूर्ण": 1,
  "महान": 2,
  "महानतम": 3,
  "महाभियोग": -3,
  "महिमा": 2,
  "मांग": -1,
  "मांग की": -1,
  "मांगी माफी": -1,
  "मांगों के": -1,
  "मांदा": -2,
  "मानते हैं": -1,
  "मानव हत्या": -2,
  "माना": 1,
  "मान्य": 1,
  "मान्यता": 2,
  "माफ": -2,
  "माफ़": 2,
  "माफ़ कीजिये": -1,
  "माफी माँगता हूँ": -1,
  "माफी मांग": -1,
  "माफी मांगी": -1,
  "मामला": 1,
  "मामलों": 1,
  "मार डालनेवाला": -2,
  "मार पिटाई": -2,
  "मारक": -2,
  "मारता": -3,
  "मारना": -3,
  "मारा": -1,
  "मारे गए": -3,
  "मार्मिक": 2,
  "मालिकाना": -2,
  "मास्टरपीस": 4,
  "मिठाई": 2,
  "मित्र": 2,
  "मित्रता": 2,
  "मिथ्या अर्थ लेना": -2,
  "मिथ्या सिद्ध करना": -3,
  "मिरगी": -3,
  "मिली भगत": -3,
  "मीठा": 3,
  "मुंह बंद": -1,
  "मुंहतोड़": 2,
  "मुकदमा": -2,
  "मुकदमा किया": -2,
  "मुक़दमा चलाना": -2,
  "मुकदमा चलाया": -2,
  "मुकदमेबाज़ी": -1,
  "मुकदमों": -2,
  "मुक्त": -1,
  "मुखर": -1,
  "मुख्य": 1,
  "मुख्य आकर्षण": 2,
  "मुग्ध": 2,
  "मुनाफा": 2,
  "मुबारकबाद": 2,
  "मुर्गा": -5,
  "मुसीबत": -2,
  "मुसीबतों": -2,
  "मुस्कराए": 2,
  "मुस्कराते हुए": 2,
  "मुस्कान": 2,
  "मुस्कुराओ": 2,
  "मूढ़": -2,
  "मूर्ख": -2,
  "मूर्ख लोग": -2,
  "मूर्खता": -2,
  "मूर्खतापूर्ण": -3,
  "मृत": -3,
  "मेमोरियम": -2,
  "मेला": 2,
  "मेहरबान": 2,
  "मैत्रीपूर्ण": 2,
  "मैल": -3,
  "मैला": -2,
  "मैली": -2,
  "मोका": 2,
  "मोल तोल": 2,
  "मोह लेने वाला": 2,
  "मोहब्बत": 3,
  "मोहभंग": -2,
  "मोहित": 3,
  "मौत": -2,
  "यश": 3,
  "यशस्वी": 2,
  "यातनाऐं": -3,
  "यीशु": 1,
  "युद्ध": -1,
  "युवा": 2,
  "यूनाइटेड": 1,
  "योग्य": 2,
  "योग्यता": 2,
  "योनी": -5,
  "रंजीदा": -2,
  "रक्तरंजित": -3,
  "रक्षक": 2,
  "रक्षकों": 2,
  "रक्षा करता है": 1,
  "रक्षा करना": 1,
  "रचनात्मक": 2,
  "रद्द": -1,
  "रद्द करना": -1,
  "रमण": 4,
  "रमणीय": 3,
  "रमणीरंजनतापूर्वक": 3,
  "रस लेनेवाला": 2,
  "रसिक": 2,
  "राज": 1,
  "राजद्रोह": -3,
  "राज  द्रोह": -2,
  "राजी करना": 1,
  "राज़ी करना": -2,
  "राड़": -2,
  "राह में बाधक": -1,
  "राहत": 2,
  "राहत देने": 1,
  "रिझाना": 3,
  "रियायती": -1,
  "रिश्वत": -3,
  "रिसाव": -1,
  "रुकें": -1,
  "रुचि": 2,
  "रूचियाँ": 1,
  "रेलपेल": -1,
  "रोक": -1,
  "रोकता": -1,
  "रोकता है": -1,
  "रोकना": -2,
  "रोकने": -1,
  "रोका": -1,
  "रोका हुआ": -1,
  "रोग": -1,
  "रोगों": -1,
  "रोता": -2,
  "रोना": -2,
  "रोमांचित": 5,
  "रोमांस": 2,
  "रोया": -2,
  "रोष": -2,
  "लंगड़ा": -2,
  "लग जाना": -1,
  "लगाता": -1,
  "लज्जाजनक": -3,
  "लड़ाइयां": -1,
  "लड़ाई": -1,
  "लड़ाई लड़ी": -1,
  "लानत है": -4,
  "लापता": -2,
  "लापरवाह": 1,
  "लाबीस्ट": -2,
  "लाभ": 2,
  "लाभ उठाना": -2,
  "लाभ उठाया": 2,
  "लाभदायक": 2,
  "लाभप्रद": 3,
  "लाभान्वित": 2,
  "लायक": 2,
  "लाल चकत्ते": -2,
  "लालच": -3,
  "लालची": -2,
  "लालसा": -1,
  "लाश": -1,
  "लिंग": -4,
  "लीक": -1,
  "लुटेरा": -4,
  "लुभाया हुआ": -1,
  "लुभावनी": 5,
  "लूट का माल": -2,
  "लूटना": -2,
  "लूटेरा": -2,
  "लेकर विवाद": -2,
  "लॉबी": -2,
  "लोकप्रिय": 3,
  "लोकप्रियता": 3,
  "लोकोपकार": 2,
  "लोगों की मृत्यु": -2,
  "लोहे का": -1,
  "लौटने में": 2,
  "वंचना": -3,
  "वंचित": -2,
  "वफादार": 3,
  "वर्जित": -2,
  "वर्दी": -2,
  "वश में रखना": -2,
  "वहशी बनाना": -2,
  "वांछित": 2,
  "वाक्य": -2,
  "वादा किया": 1,
  "वादे": 1,
  "वापसी": -3,
  "वाह": 4,
  "वाहवाही": 2,
  "विकट": -2,
  "विकर्षक": -2,
  "विकल": -2,
  "विकलांग": -2,
  "विकलांगता": -2,
  "विकार": -2,
  "विकारों": -2,
  "विकास": 2,
  "विकृत": -2,
  "विकृति": -2,
  "विक्षुब्ध": -2,
  "विचलित": -2,
  "विचित्र": -2,
  "विजय": 3,
  "विजयी": 4,
  "विजेता": 3,
  "विजेताओं": 3,
  "विटामिन": 1,
  "विदारक": -2,
  "विद्रोह": -2,
  "विद्रोहियों": -2,
  "विधवा": -1,
  "विधिपूर्वक": 2,
  "विनम्र": 2,
  "विनाश": -3,
  "विनाशक": -2,
  "विनाशकारी": -3,
  "विनीत": 3,
  "विनोदी": 3,
  "विपत्ति": -3,
  "विपत्तियों": -3,
  "विपुल": 4,
  "विप्लव करनेवाला": -2,
  "विफल": -2,
  "विफल रहता है": -2,
  "विफलताओं": -2,
  "विमुख": -2,
  "वियुक्त करना": -2,
  "विरक्ति": -2,
  "विरोध": -2,
  "विरोध प्रदर्शन": -2,
  "विरोधाभास": -1,
  "विरोधी": -1,
  "विलंब": -1,
  "विलंबित": -1,
  "विलाप": -2,
  "विलासिता": 2,
  "विवरण पत्र": -1,
  "विवश": -2,
  "विवाद": -2,
  "विवादास्पद": -2,
  "विवादित": -2,
  "विवादी": -2,
  "विवादों": -2,
  "विवेक": 2,
  "विशाल": 1,
  "विशिष्ट": 2,
  "विशेषक": -2,
  "विशेषाधिकार प्राप्त": 2,
  "विश्वसनीय": 2,
  "विश्वसनीयता": 2,
  "विश्वस्त": 2,
  "विश्वासघात": -3,
  "विषम": -2,
  "विषैला": -2,
  "विसंगत": -2,
  "विस्तार": 1,
  "विस्मित करना": 2,
  "वीभत्स": -3,
  "वीर": 3,
  "वीर रस": 3,
  "वीरता": 2,
  "वू": 3,
  "वृद्धि": 2,
  "वेतन": -1,
  "वेश्या": -4,
  "वैमनस्य": -2,
  "वैरी": -1,
  "वो साले": -5,
  "व्यंग्य": -1,
  "व्यथित": -2,
  "व्यर्थ": -2,
  "व्यवधान": -2,
  "व्यवसायिक": -1,
  "व्यवस्थित": 2,
  "व्याकुल": -2,
  "व्याकुलता": -2,
  "व्यापक": 2,
  "शंका": -2,
  "शंकित": -1,
  "शक": -3,
  "शक किया": -1,
  "शक्ति": 2,
  "शक्तिशाली": 2,
  "शक्तिहीन": -2,
  "शत्रुओं": -3,
  "शत्रुतापूर्ण": -2,
  "शपथ  ग्रहण": -2,
  "शर्म की बात है": -2,
  "शर्मनाक": -2,
  "शर्मिंदगी": -2,
  "शर्मिंदा": -2,
  "शर्मीला": -1,
  "शांत": 2,
  "शांत करना": 3,
  "शांति": 2,
  "शांति से": 2,
  "शांतिदायक": 2,
  "शांतिपूर्ण": 2,
  "शातिर": -2,
  "शानदार": 4,
  "शापित": -4,
  "शामक": -2,
  "शामिल हो": 1,
  "शिकायत": -2,
  "शिकायत की": -2,
  "शिकायत है": -2,
  "शिकायतों": -2,
  "शिकार": -3,
  "शिक्षाप्रद": 2,
  "शिथिलता": -2,
  "शिष्ट": 2,
  "शील": 2,
  "शुद्ध": 1,
  "शुद्धतम": 1,
  "शुभ प्रभात": 1,
  "शुभकामना": 1,
  "शुभारंभ": 1,
  "शुभेच्छा": 2,
  "शून्यता": -1,
  "शेख़ी": -3,
  "शेयर": 1,
  "शेयरों": 1,
  "शैतान": -2,
  "शोक": -2,
  "शोक व्यक्त किया": -2,
  "शोकपूर्ण घटना": -2,
  "शोकहारा": 2,
  "शोकाकुल": -3,
  "शोर": -1,
  "शोषण": -2,
  "शोषित": -2,
  "शौर्य": 3,
  "श्रद्धांजलि": 2,
  "श्रद्धेय": 2,
  "श्रेष्ठ": 3,
  "संकट": -3,
  "संकटों": -2,
  "संकल्प": 2,
  "संकोच": -2,
  "संकोची": -2,
  "संक्रमण": -2,
  "संक्रमणों": -2,
  "संक्रमित": -2,
  "संक्रामक": -2,
  "संघर्ष": -2,
  "संघर्ष करना": -1,
  "संघर्ष किया": -2,
  "संजोना": 2,
  "संतप्त": -1,
  "संतुलित": 1,
  "संतुष्ट": 2,
  "संतुष्टि": 2,
  "संदिग्ध": -2,
  "संदिग्धचित्त": -3,
  "संदिग्धों": -1,
  "संदूषक": -2,
  "संदूषण": -2,
  "संदेह": -1,
  "संदेह करनेवाला": -1,
  "संदेहजनक": -2,
  "संदेहवाद": -2,
  "संदेहवादी": -2,
  "संपत्ति": 2,
  "संभावना नहीं": -1,
  "संभावना है": 2,
  "संभावनाओं": 1,
  "संयुक्त": 1,
  "संरक्षक": 2,
  "संरक्षित": 1,
  "संलग्न": 1,
  "संसद का नहीं": -2,
  "सकारात्मक": 2,
  "सक्रिय": 2,
  "सक्षम": 2,
  "सख्त": -3,
  "सख्त से सख्त": -2,
  "सच": 2,
  "सच्चाई": 2,
  "सजा": -2,
  "सज़ा": -2,
  "सजा दे": -2,
  "सज़ा देना": -2,
  "सजा सुनाई": -2,
  "सट्टा करना": -2,
  "सतत": 2,
  "सतर्क": -1,
  "सतर्कता": 2,
  "सता": 1,
  "सताता": -2,
  "सताना": -2,
  "सताया": -2,
  "सताया हुआ": -3,
  "सत्ता": -1,
  "सदाबहार": 2,
  "सनक": -2,
  "सनकी": -2,
  "सनोवर": 2,
  "सपने": 1,
  "सफल": 3,
  "सफल हुए": 3,
  "सफल होता है": 3,
  "सफल होने के": 3,
  "सफलता": 2,
  "सफलतापूर्वक": 3,
  "सफाई वाला": 2,
  "सफेदी": -3,
  "सबसे अच्छा लानत": 4,
  "सबसे आगे": 1,
  "सबसे ऊपर है": 2,
  "सबसे कम": -1,
  "सबसे खराब": -3,
  "सबसे गरीब": -2,
  "सबसे प्यारी": 3,
  "सभ्य": 2,
  "समझ से बाहर": -2,
  "समझौता": 1,
  "समझौता करना": 2,
  "समर्थक": 1,
  "समर्थकों": 1,
  "समर्थन": 2,
  "समर्थन करता है": 2,
  "समर्थन किया": 2,
  "समर्थित": 2,
  "समर्पित": 2,
  "समस्याएँ": -2,
  "समाज से बाहर निकालना": -2,
  "समाधान की": 1,
  "समारोह": 3,
  "समीप": 1,
  "समृद्ध": 3,
  "समृद्धि": 3,
  "सम्मान": 2,
  "सम्मानित": 2,
  "सम्मोहन": 3,
  "सरदर्द": -2,
  "सराहना": 2,
  "सर्वनाशक": -2,
  "सलाम": 2,
  "सलामी": 2,
  "सशक्त बनाना": 2,
  "सशक्तिकरण": 2,
  "सस्ती": 2,
  "सहनशीलता": 2,
  "सहमत": 2,
  "सहमति": 2,
  "सहानुभूति": 2,
  "सहानुभूतिपूर्ण": 2,
  "सहायक": 1,
  "सहिष्णु": 2,
  "सही": 2,
  "सही दिशा": 3,
  "सा पागलपन": -2,
  "साख": 3,
  "साजिश": -3,
  "साज़िश": 1,
  "साझा": 1,
  "साडी गली": -3,
  "साथ बलात्कार": -4,
  "साथ भेदभाव": -2,
  "सादगी": 1,
  "साफ़ करता है": 1,
  "साबित करना": 2,
  "सामंजस्य": 2,
  "सामंजस्यपूर्ण": 2,
  "सामान": -1,
  "सामान्यता": -3,
  "सार्थक": 2,
  "साला": -4,
  "सावधान": 2,
  "सावधानी से": 2,
  "साहस": 2,
  "साहसपूर्वक": 2,
  "साहसिक": 2,
  "साहसी": 2,
  "सिगरेट": -3,
  "सिद्ध": 2,
  "सिहरन": -2,
  "सीधे": 1,
  "सीमा": -2,
  "सीमा चिन्ह": 2,
  "सीमाओं के": -2,
  "सीमित": -2,
  "सुंदर": 3,
  "सुंदर ढंग से": 2,
  "सुंदरता": 3,
  "सुंदरियों": 3,
  "सुख": 3,
  "सुखद": 3,
  "सुखदायक": 3,
  "सुखी": 3,
  "सुगंधित": -2,
  "सुधार": 2,
  "सुधार की": 2,
  "सुधारें": 2,
  "सुनसान": -2,
  "सुनहरे अवसर": 2,
  "सुनिश्चित": 1,
  "सुन्दर सामान": 3,
  "सुन्न": -2,
  "सुपर": 3,
  "सुप्रीम": 4,
  "सुरक्षा": 1,
  "सुरक्षित": 1,
  "सुरक्षित रूप से": 1,
  "सुरम्य": 2,
  "सुलझाया": 2,
  "सुलभ": 1,
  "सुशोभित": 3,
  "सुस्त": -2,
  "सुस्ती": -2,
  "सुहानी": 3,
  "सूखा": -2,
  "सूचित करना": 2,
  "सूजन": -2,
  "से इनकार करते हैं": -2,
  "से ग्रस्त मरीजों": -2,
  "से बैर": -3,
  "सेंध": -2,
  "सेंधमार": -2,
  "सेंसर": -2,
  "सेंसर बोर्ड": -2,
  "सेक्सिस्ट": -2,
  "सोच": -2,
  "सोना": 2,
  "सोल्लास": 3,
  "सौंपा": 2,
  "सौभाग्यशाली": 3,
  "सौहार्दपूर्वक": 2,
  "स्कूप": 3,
  "स्तन": -2,
  "स्थगित": -1,
  "स्थगित कर": -1,
  "स्थिर": -1,
  "स्थिरता": 1,
  "स्नेह": 3,
  "स्नेही": 3,
  "स्पष्ट": 1,
  "स्पष्ट रूप से": 1,
  "स्पष्टता": 2,
  "स्पैम": -2,
  "स्पैमर": -3,
  "स्पैमर्स": -3,
  "स्पैमिंग": -2,
  "स्लेश": -2,
  "स्लैम": -2,
  "स्लैश": -2,
  "स्वच्छ": 2,
  "स्वतंत्रता": 2,
  "स्वमतत्यागी": -3,
  "स्वयं विरोधाभासी": -2,
  "स्वर्ग": 3,
  "स्वस्थ": 2,
  "स्वांग": -1,
  "स्वागत": 2,
  "स्वागत करती है": 1,
  "स्वागत किया": 2,
  "स्वागत हे": 2,
  "स्वादिष्ट": 3,
  "स्वार्थपरता": -3,
  "स्वार्थी": -3,
  "स्वीकार": 1,
  "स्वीकार करना": -1,
  "स्वीकार किए जाते हैं": 1,
  "स्वीकार्य": 1,
  "हँसे": 1,
  "हंसते हुए": 1,
  "हंसमुख": 2,
  "हक": 2,
  "हक़ बहाल करना": 2,
  "हकदार": 1,
  "हक्का बक्का": 3,
  "हड़तालियों": -2,
  "हताश": -2,
  "हतोत्साहित": -2,
  "हत्या": -2,
  "हमला": -2,
  "हमला किया": -1,
  "हमलावर": -2,
  "हमले": -2,
  "हराना": -2,
  "हरियाली": -3,
  "हरी धोने": -3,
  "हरे रंग की धुलाई": -3,
  "हर्जाना": -3,
  "हर्ष": 3,
  "हल": 1,
  "हल किया": 1,
  "हलिलुय": 3,
  "हस रहा": 1,
  "हसना": 1,
  "हा": 2,
  "हाँ": 1,
  "हानि": -2,
  "हानि पहुँचाता": -2,
  "हानिकारक": -3,
  "हाय": -1,
  "हार": -2,
  "हारता": -3,
  "हार्दिक": 3,
  "हाल चाल": 2,
  "हास्य": 1,
  "हास्यास्पद": -3,
  "हाहाहा": 3,
  "हिंसक": -2,
  "हिंसा": -3,
  "हिंसा करनेवाला": -3,
  "हिंसा से संबंधित": -3,
  "हितकर": 2,
  "हिम्मत से": 2,
  "हिरासत में लिया": -2,
  "हिस्टीरिया": -3,
  "हीरा": 1,
  "हैरत की बात": -1,
  "हैरान": -2,
  "होमोसेक्सुअल": -3,
  "होशियार": 2
}