{
  "va cridar": -2,
  "va gemegar": -2,
  "a bord": 1,
  "a falta de": -2,
  "abandona": -2,
  "abandonar": -2,
  "abandonat": -2,
  "abastos": 1,
  "abatut": -2,
  "abocador": -1,
  "abocadors": -1,
  "abraçada": 2,
  "abraçades": 2,
  "abraçar": 1,
  "abriga": 2,
  "absent": -1,
  "absents": -1,
  "absol": 2,
  "absoldre": 2,
  "absolent": 2,
  "absolts": 2,
  "absorbent": 3,
  "absorbit": 1,
  "absort": 1,
  "abús": -3,
  "abús de si mateix": -2,
  "abusar": -3,
  "abusat": -3,
  "abusiu": -3,
  "abusos": -3,
  "acaparador": -2,
  "acaparament": -2,
  "accepta": 1,
  "acceptable": 1,
  "acceptació": 1,
  "acceptant": 1,
  "acceptar": 1,
  "acceptat": 1,
  "accessible": 1,
  "accident": -2,
  "accidental": -2,
  "accidentalment": -2,
  "accidents": -2,
  "accions": 1,
  "aclamació": 2,
  "aclamat": 2,
  "aclaparadora": -1,
  "aclaparats": -2,
  "aclareix": 2,
  "aclaridor": 2,
  "acomiadat": -2,
  "aconsegueix": 2,
  "aconseguir": 2,
  "aconseguit": 3,
  "acord": 1,
  "acordar": 1,
  "actiu": 1,
  "acudits": 2,
  "acuradament": 2,
  "acurat": 2,
  "acusa": -2,
  "acusació": -2,
  "acusacions": -2,
  "acusant": -2,
  "acusar": -2,
  "acusat": -2,
  "adequat": 2,
  "adjudicat": 3,
  "admet": -1,
  "admetre": -1,
  "admira": 3,
  "admirada": 3,
  "admirar": 3,
  "admiratiu": 3,
  "adoctrina": -2,
  "adoctrinar": -2,
  "adoctrinats": -2,
  "adolorit": -2,
  "adopta": 1,
  "adoptar": 1,
  "adora": 3,
  "adorable": 3,
  "adoració": 3,
  "adorar": 3,
  "adorat": 3,
  "adoringly": 3,
  "adversari": -1,
  "adverteix": -2,
  "advertència": -3,
  "advertiments": -3,
  "advertir": -2,
  "afable": 2,
  "afavorir": 2,
  "afavorit": 2,
  "afectat": -1,
  "afecte": 3,
  "afectuós": 3,
  "afició": 2,
  "aficionat": 2,
  "aficionats": 2,
  "afilat": 1,
  "afirmativament": 2,
  "afligit": -1,
  "afortunadament": 2,
  "afortunat": 3,
  "afrontat": -1,
  "aglomeració": -1,
  "agonitza": -3,
  "agonitzant": -3,
  "agonitzar": -3,
  "agonitzat": -3,
  "agraciat": 2,
  "agradable": 3,
  "agradat": 2,
  "agrair": 2,
  "agraït": 3,
  "agressió": -2,
  "agressions": -2,
  "agressiu": -1,
  "agressivitat": -2,
  "agreuja": -2,
  "agreujant": -2,
  "agreujar": -2,
  "agreujat": -2,
  "aguait": -1,
  "ai": -1,
  "aïllat": -1,
  "aixafa": -1,
  "aixafat": -2,
  "ajuda": 2,
  "ajudar": 2,
  "al · legació": -2,
  "al·legacions": -2,
  "al·leluia": 3,
  "al·lèrgic": -2,
  "alacaigut": -2,
  "alarma": -2,
  "alarmant": 3,
  "alarmat": -2,
  "alarmista": -2,
  "alarmistes": -2,
  "alegrar": 4,
  "alegrat": 4,
  "alegre": 3,
  "alegrement": 3,
  "alegria": 4,
  "alerta": -1,
  "algun tipus": 0,
  "aliat": 2,
  "alienació": -2,
  "allau": -2,
  "alleujar": 1,
  "alleujat": 3,
  "alliçonadora": 1,
  "altruista": 2,
  "amabilitat": 2,
  "amable": 3,
  "amagar": -1,
  "amagat": -1,
  "amarg": -2,
  "amargat": -2,
  "amb amargor": -2,
  "amb classe": 3,
  "amb confiança": 2,
  "amb èxit": 3,
  "amb por": -2,
  "amb sort": 2,
  "amb tota tranquil·litat": 2,
  "amb tristesa": -2,
  "ambiciós": 2,
  "ambivalent": -1,
  "amenaça": -2,
  "amenaçant": -2,
  "amenaçar": -2,
  "amenaçat": -2,
  "amenaçats": -2,
  "amenaces": -2,
  "amic": 1,
  "amistat": 2,
  "amistós": 2,
  "amonestar": -2,
  "amonestat": -2,
  "amor": 3,
  "amorós": 2,
  "ampliar": 1,
  "analfabetisme": -2,
  "Angers": -3,
  "angoixa": -2,
  "angoixant": -2,
  "angoixat": -2,
  "angoixes": -2,
  "anhel": 1,
  "animat": 2,
  "animositat": -2,
  "ansietat": -2,
  "ansiós": 2,
  "antagonista": -2,
  "anticipació": 1,
  "antihigiènic": -2,
  "antiparlamentari": -2,
  "apaivagament": 2,
  "apaivagar": 2,
  "apaivagat": 2,
  "aparell": -1,
  "aparellat": -1,
  "apassionat": 2,
  "apatia": -3,
  "apàtic": -3,
  "apeshit": -3,
  "apilar": -1,
  "apinyament": -1,
  "aplaca": 2,
  "aplaudeix": 2,
  "aplaudida": 2,
  "aplaudiments": 2,
  "aplaudint": 2,
  "aplaudir": 2,
  "apocalíptic": -2,
  "apreciació": 2,
  "apreciant": 2,
  "apreciar": 2,
  "apreciat": 2,
  "aprensiu": -2,
  "aprofitable": 2,
  "apropiadament": 2,
  "apropiat": 2,
  "aprovació": 2,
  "aprovat": 2,
  "aptitud": 1,
  "apunyalar": -2,
  "apunyalat": -2,
  "aquesta": 3,
  "arbres de fulla perenne": 2,
  "ardent": 2,
  "arma de foc": -1,
  "arrabassar": 3,
  "arraconat": -2,
  "arribar": 1,
  "arriscat": -2,
  "arrogant": -2,
  "arrossega": -1,
  "arrossegar": -1,
  "arrossegat": -1,
  "arruïnant": -2,
  "arruïnat": -2,
  "asfíxia": -2,
  "aspectes": 2,
  "aspre": -2,
  "assaborint": 2,
  "assalt": -2,
  "assalts": -2,
  "assassí": -2,
  "assassinat": -2,
  "assassinats": -2,
  "assegura": 2,
  "assegurant": 1,
  "assegurar": 2,
  "assegurat": 2,
  "assentaments": 1,
  "assequible": 2,
  "assetgi": -3,
  "assetjadora": -3,
  "assetjament": -3,
  "assetjar": -3,
  "assetjat": -2,
  "assfucking": -4,
  "assoliment": 2,
  "assolit": 1,
  "assossegat": 2,
  "assumptes": 1,
  "astúcia": 2,
  "atac": -1,
  "atacant": -1,
  "atacat": -1,
  "atacs": -1,
  "aterridor": -3,
  "aterrit": -3,
  "aterroritzar": -3,
  "atordit": -2,
  "atracció": 2,
  "atraccions": 2,
  "atractiu": 3,
  "atractivament": 2,
  "atraient": 2,
  "atrapat": -2,
  "atrau": 1,
  "atret": 1,
  "atreure": 1,
  "atrevit": 2,
  "atroç": -3,
  "atrocitat": -3,
  "atropellament": -3,
  "aturades": -2,
  "aturar": -1,
  "aturats": -1,
  "audaç": 3,
  "augmenta": 1,
  "augmentar": 1,
  "augmentat": 1,
  "aura": 1,
  "auster": -2,
  "autoengañada": -2,
  "autor": -2,
  "autoritat": 1,
  "autoritzar": 2,
  "avançat": 1,
  "avantatge": 2,
  "avantatges": 2,
  "avantatjós": 2,
  "avantatjosament": 2,
  "Avenged": -2,
  "avengers": -2,
  "aventura": 2,
  "aventurer": 2,
  "aventures": 2,
  "avergonyir": -2,
  "avergonyit": -2,
  "aversió": -2,
  "àvid": 2,
  "avorreix": -3,
  "avorriment": -3,
  "avorrir": -3,
  "avorrit": -2,
  "avorta": -1,
  "avortat": -1,
  "axed": -1,
  "babau": -2,
  "backed": 1,
  "baix rendiment": -2,
  "balafiat": -2,
  "Bamboozles": -2,
  "bancades": -2,
  "Bankster": -3,
  "bàrbar": -2,
  "barrera": -2,
  "barres": -2,
  "basa": 2,
  "bastard": -5,
  "bastards": -5,
  "batalla": -1,
  "batallat": -1,
  "batalles": -1,
  "batec": -1,
  "batega": -2,
  "batut": -2,
  "beatífic": 3,
  "bellament": 3,
  "bellesa": 3,
  "belleses": 3,
  "ben defensat,": 3,
  "ben desenvolupat": 2,
  "ben enfocada": 2,
  "ben establert": 2,
  "ben proporcionat": 2,
  "benedicció": 4,
  "benediccions": 3,
  "beneeix": 2,
  "benefactor": 2,
  "benefactors": 2,
  "benefici": 2,
  "beneficiant": 2,
  "beneficiat": 2,
  "beneficis": 2,
  "beneir": 2,
  "benestar": 2,
  "benèvol": 3,
  "béns": 2,
  "benvinguda": 2,
  "bereaves": -2,
  "bereaving": -2,
  "best damn": 4,
  "beurada de calç": -3,
  "bla": -2,
  "bloc": -1,
  "blocs": -1,
  "bloqueig": -1,
  "bo": 3,
  "bogeria": -2,
  "boicot": -2,
  "boicotejant": -2,
  "boicotejat": -2,
  "boicots": -2,
  "boig": -2,
  "boira amb fum": -2,
  "bojament": -3,
  "bomba": -1,
  "bon dia": 1,
  "bona puta": 4,
  "bona voluntat": 3,
  "bondat": 3,
  "bondat amorosa": 3,
  "bonic": 2,
  "bonica": 3,
  "bony": -2,
  "borratxo": -2,
  "borrosa": -2,
  "bravura": 3,
  "brillant": 4,
  "brillantor": 3,
  "brillantors": 3,
  "broma": 2,
  "brot": -2,
  "brots": -2,
  "brut": -2,
  "brutal": -3,
  "brutalment": -3,
  "brutícia": -2,
  "buit": -1,
  "burla": -2,
  "burlat": -2,
  "burleta": -2,
  "cabildeado": -2,
  "cabildeo": -2,
  "cabildero": -2,
  "cadàver": -1,
  "caducat": -1,
  "caigut": -1,
  "caigut en desgràcia": -2,
  "calamarsa": 2,
  "calamitós": -3,
  "càlid": 1,
  "calidesa": 2,
  "calma": 2,
  "calmant": 3,
  "calmar": 3,
  "calmat": 2,
  "calor": 2,
  "campió": 2,
  "campions": 2,
  "canalla": -2,
  "cancel · lar": -1,
  "cancel·la": -1,
  "cancel·lat": -1,
  "càncer": -1,
  "candidesa": -2,
  "cansat": -2,
  "caos": -2,
  "caòtic": -2,
  "cap de turc": -2,
  "capaç": 1,
  "capacitat": 2,
  "capacitats": 1,
  "capcot": -2,
  "capritxós": 1,
  "caps de turc": -2,
  "captivar": 3,
  "captivat": 3,
  "car": 3,
  "carisma": 2,
  "caritatiu": 2,
  "càrrecs": -2,
  "càrrega": -2,
  "carregat": -3,
  "càrregues": -2,
  "cas omís": -2,
  "castiga": -2,
  "castigadora": -3,
  "castigar": -2,
  "castigat": -2,
  "catàstrofe": -3,
  "catastròfic": -4,
  "càustic": -3,
  "cautelós": -1,
  "cec": -1,
  "cel": 2,
  "celebra": 3,
  "celebració": 3,
  "celebracions": 3,
  "celebrant": 3,
  "celebrar": 3,
  "cèlebre": 3,
  "celestial": 4,
  "censor": -2,
  "censors": -2,
  "censurat": -2,
  "centelleigs": 3,
  "cert": 1,
  "cervesa negra": 2,
  "chagrined": -2,
  "chiding": -3,
  "cicatriu": -2,
  "cicatrius": -2,
  "cínic": -2,
  "cinisme": -2,
  "citació": -2,
  "clar": 1,
  "clarament": 1,
  "claredat": 2,
  "clars": 1,
  "classifica incorrectament": -2,
  "coaccionat": -2,
  "cobdícia": -3,
  "cobdiciós": -2,
  "Cocksuckers": -5,
  "coerció": -2,
  "coix": -2,
  "col · lusió": -3,
  "col·lapsat": -2,
  "col·lapse": -2,
  "col·lapses": -2,
  "col·lisió": -2,
  "col·lisionant": -1,
  "col·lisions": -2,
  "col·locació incorrecta": -2,
  "colèric": -3,
  "collonut": 4,
  "colpejar": -1,
  "colpejat": -1,
  "combat": -1,
  "combats": -1,
  "comèdia": 1,
  "comet": 1,
  "cometre": 1,
  "còmic": 1,
  "comissions il·legals": -3,
  "commocionat": -2,
  "commovedor": 2,
  "còmodament": 2,
  "còmode": 2,
  "comoditat": 2,
  "comoditats": 2,
  "compadia": -1,
  "Compartir": 1,
  "compartit": 1,
  "compassió": 2,
  "compassiu": 2,
  "competències": 1,
  "competent": 2,
  "competitiu": 2,
  "complaent": -2,
  "complementat": 2,
  "complert": 2,
  "complerts": 2,
  "complicant": -2,
  "complir": 2,
  "comprensió": 2,
  "compromès": 1,
  "comprometent": 1,
  "compromís": 2,
  "concedir": 1,
  "concedit": 1,
  "concessió": 1,
  "concilia": 2,
  "conciliant": 2,
  "conciliar": 2,
  "conciliat": 2,
  "condemna": -2,
  "condemnació": -2,
  "condemnar": -2,
  "condemnat": -2,
  "condueix malament": -2,
  "confiança": 2,
  "confiat": 2,
  "conflicte": -2,
  "conflictes": -2,
  "conflictiva": -2,
  "confondre": -2,
  "confós": -2,
  "confús": -2,
  "consentiment": 2,
  "consentiments": 2,
  "consolable": 2,
  "consolador": 2,
  "conspiració": -3,
  "consternat": -2,
  "constret": -2,
  "contagi": -2,
  "contagiós": -1,
  "contagis": -2,
  "contamina": -2,
  "contaminació": -2,
  "contaminacions": -2,
  "contaminadors": -2,
  "contaminant": -2,
  "contaminants": -2,
  "contaminar": -2,
  "contaminat": -2,
  "contenciós": -2,
  "contendent": -1,
  "contendre": -1,
  "contenent": -1,
  "content": 3,
  "contestable": -2,
  "contra": -1,
  "contraatac": -3,
  "contraban": -2,
  "contradictori": -2,
  "controvèrsia": -2,
  "controvèrsies": -2,
  "convenç": 1,
  "convèncer": 1,
  "convençut": 1,
  "convenir a": 2,
  "convidar": 1,
  "convingut": 1,
  "cony": -5,
  "cop": -2,
  "coratge": 2,
  "cordial": 3,
  "correu brossa": -2,
  "corromp": -3,
  "corromput": -3,
  "corrupció": -3,
  "corrupte": -3,
  "corruptor": -3,
  "cortès": 2,
  "cortesia": 2,
  "coses guais": 3,
  "costós": -2,
  "covant": -2,
  "covard": -2,
  "creatiu": 2,
  "creats": 1,
  "crèdul": -2,
  "creixement": 2,
  "creixements": 2,
  "creixent": 1,
  "criança": 2,
  "cridar": -2,
  "crim": -3,
  "criminal": -3,
  "criminals": -3,
  "criminar": -3,
  "criminated": -3,
  "criminates": -3,
  "crims": -3,
  "crisi": -3,
  "crit": -2,
  "crític": -2,
  "critica": -2,
  "crítica": -2,
  "criticar": -2,
  "criticat": -2,
  "crítics": -2,
  "crits": -2,
  "cru": -1,
  "cruel": -3,
  "crueltat": -3,
  "cuirs": -1,
  "cuita": -2,
  "cul": -4,
  "Cullera": 3,
  "culpa": -2,
  "culpable": -3,
  "culpant": -2,
  "culpat": -2,
  "cura": 2,
  "cures": 2,
  "curiós": 1,
  "dany": -2,
  "danyar": -2,
  "danyat": -2,
  "danys": -2,
  "danys i perjudicis": -3,
  "davanters": -2,
  "de confiança": 2,
  "de contraban": -2,
  "de merda": -3,
  "de poc mèrit": -2,
  "de por": -2,
  "de suport": 2,
  "debilitat": -2,
  "debilitats": -2,
  "decebedor": -2,
  "decebre": -2,
  "decebut": -2,
  "decep": -2,
  "decepció": -2,
  "decepcions": -2,
  "decisiu": 1,
  "declaren malament": -2,
  "dedicació": 2,
  "dedicat": 3,
  "defecte": -3,
  "defectes": -2,
  "defectuós": -2,
  "defensat": 2,
  "defensor": 2,
  "defensors": 2,
  "deficiència": -2,
  "deficiències": -2,
  "deficient": -2,
  "dèficit": -2,
  "deformat": -2,
  "deformitat": -2,
  "deformitats": -2,
  "defrauda": -3,
  "defraudador": -4,
  "defraudadors": -4,
  "defraudar": -3,
  "degradar": -2,
  "degradat": -2,
  "deixar": -1,
  "deixar caure": -1,
  "dejecting": -2,
  "dejects": -2,
  "delectant": 3,
  "delícies": 3,
  "deliciós": 3,
  "deliciosament": 3,
  "delicte": -2,
  "delictes": -2,
  "delinqüent": -2,
  "delirant": 4,
  "delit": 3,
  "delitable": 3,
  "demanar": -2,
  "demanda": -1,
  "demandat": -2,
  "demandes": -1,
  "dement": -2,
  "demostració": -1,
  "denúncia": -2,
  "denunciar": -2,
  "deplorant": -3,
  "deplorar": -3,
  "deplorat": -3,
  "deporta": -2,
  "deportació": -2,
  "deportacions": -2,
  "deportant": -2,
  "deportar": -2,
  "deportat": -2,
  "depredador": -2,
  "depriment": -2,
  "deprimit": -2,
  "Deriding": -2,
  "derrota": -2,
  "derrotat": -2,
  "desacord": -2,
  "desacreditada": -2,
  "desafiament": -1,
  "desafiant": -1,
  "desagradable": -2,
  "desagraït": -3,
  "desaire": -2,
  "desaires": -2,
  "desallotjament": -1,
  "desanimat": -2,
  "desaparegut": -1,
  "desapareix": -1,
  "desaparèixer": -1,
  "desaprofitat": -2,
  "desaprova": -2,
  "desaprovació": -2,
  "desaprovar": -2,
  "desaprovat": -2,
  "desassossec": -2,
  "desastre": -2,
  "desastres": -2,
  "desastrós": -3,
  "desatén": -2,
  "desavantatge": -2,
  "desbarata": -2,
  "descarrila": -2,
  "descarrilat": -2,
  "descartar": -1,
  "descartat": -1,
  "descarti": -1,
  "descarts": -1,
  "descompte": -1,
  "desconfiança": -3,
  "desconfiat": -3,
  "desconnectat": -1,
  "desconsiderat": -2,
  "desconsol": -2,
  "desconsolat": -2,
  "descontentament": -2,
  "descoratjat": -2,
  "descuidat": -2,
  "descurat": -2,
  "desdeny": -2,
  "desdenyat": -2,
  "desdenyós": -2,
  "desdenyosament": -2,
  "desembolicar": 1,
  "desenfocat": -2,
  "desesperació": -2,
  "desesperacions": -3,
  "desesperadament": -3,
  "desesperat": -3,
  "desfasaments": -2,
  "desfavorable": -2,
  "desgràcia": -2,
  "desgrat": -2,
  "deshonest": -2,
  "deshumanitza": -2,
  "deshumanitzant": -2,
  "deshumanitzar": -2,
  "deshumanitzat": -2,
  "desig": 1,
  "desigual": -1,
  "desil·lusionat": -2,
  "desinformació": -2,
  "desitjable": 2,
  "desitjar": 1,
  "desitjat": 2,
  "desitjos": 1,
  "desitjós": 2,
  "desmoralitza": -2,
  "desmoralitzador": -2,
  "desmoralitzar": -2,
  "desmoralitzat": -2,
  "desocupació": -2,
  "desorganització": -2,
  "desorganitzat": -2,
  "desorientat": -2,
  "despectiu": -2,
  "despistats": -2,
  "despotricar": -3,
  "despreocupat": 1,
  "desproporcionat": -2,
  "desqualificat": -2,
  "desterrar": -1,
  "destral": -1,
  "destrossat": -2,
  "destrucció": -3,
  "destructiu": -3,
  "destrueix": -3,
  "destruint": -3,
  "destruir": -3,
  "destruït": -3,
  "desventurat": -2,
  "detenció": -2,
  "detencions": -2,
  "deteriorament": -2,
  "deteriorar": -2,
  "deteriorat": -2,
  "determinat": 2,
  "detestable": -3,
  "detestat": -3,
  "detingut": -1,
  "detinguts": -3,
  "detret": -1,
  "detreu": -1,
  "detreure": -1,
  "Déu": 1,
  "deute": -2,
  "devastació": -2,
  "devastacions": -2,
  "devastador": -2,
  "devastar": -2,
  "devastat": -2,
  "devoció": 2,
  "diamant": 1,
  "difamatori": -2,
  "diferint": -1,
  "diferir": -1,
  "difícil": -1,
  "dificultar": -2,
  "difunt": -2,
  "digne": 2,
  "dignitat": 2,
  "dilema": -1,
  "dilligence": 2,
  "dipshit": -3,
  "direcció correcta": 3,
  "directament": 1,
  "disbarats": -2,
  "discapacitat": -2,
  "discerniment": 2,
  "discòrdia": -2,
  "discrepar": -2,
  "discrimina": -2,
  "discriminant": -2,
  "discriminar": -2,
  "discriminat": -2,
  "discriminatori": -2,
  "disculpa": -1,
  "disculpant": -1,
  "disculpar": -1,
  "disfressar": -1,
  "disfressat": -1,
  "disfresses": -1,
  "disfunció": -2,
  "disgust": -2,
  "disgustat": -2,
  "disparar": -1,
  "disponible": -1,
  "disposició": 2,
  "disputa": -2,
  "disputant": -2,
  "disputat": -2,
  "disputes": -2,
  "disruptiu": -2,
  "dissuasori": -2,
  "distingit": 2,
  "distorsiona": -2,
  "distorsionant": -2,
  "distorsionar": -2,
  "distorsionat": -2,
  "distracció": -2,
  "distret": -2,
  "distreu": -2,
  "distreure": -2,
  "disturbis": -2,
  "diversió": 4,
  "diversions": 3,
  "divertida": 4,
  "divertir": 3,
  "divertit": 3,
  "divulgació": 2,
  "dol": -2,
  "dolça": 2,
  "dolent": -3,
  "dolor": -2,
  "dolorós": -2,
  "dona": 2,
  "dóna la benvinguda": 2,
  "donació": 2,
  "donar": 2,
  "donat": 2,
  "dont like": -2,
  "Downer": -2,
  "dubtat": -1,
  "dubte": -1,
  "dubtes": -1,
  "dubtós": -1,
  "dur": -1,
  "durador": 2,
  "durament": -2,
  "dutxa": -3,
  "edificant": 2,
  "educat": 2,
  "efecte secundari": -2,
  "efectes secundaris": -2,
  "efectiu": 2,
  "efectivitat": 2,
  "eficaçment": 2,
  "egoisme": -3,
  "egoista": -3,
  "el cor trencat": -3,
  "el desagradable": -2,
  "elació": 3,
  "elegant": 2,
  "elegantment": 2,
  "elogiar": 2,
  "elogiat": 2,
  "els autors": -2,
  "els grups de pressió": -2,
  "els spammers": -3,
  "embafa;": -3,
  "embarassa": -2,
  "embellir": 3,
  "embogidor": -3,
  "embolic": -2,
  "embruixat": -2,
  "emergència": -2,
  "emmordassat": -2,
  "emoció": 3,
  "emocionant": 3,
  "emocionat": 5,
  "empàtic": 2,
  "empetitir": -2,
  "empitjora": -3,
  "empitjorament": -3,
  "empitjorar": -2,
  "empitjorat": -3,
  "empolainat": 2,
  "emprenedor": 1,
  "empresonament": -2,
  "empresonat": -2,
  "en mal estat": -2,
  "enamorament": 3,
  "encaixar": 1,
  "encant": 3,
  "encantada": 2,
  "encantador": 3,
  "encantadorament": 3,
  "encantat": 3,
  "encapritxat": 2,
  "encens": -2,
  "encès": -2,
  "encobriment": -3,
  "encoratja": 2,
  "encoratjador": 2,
  "endós": 2,
  "endossar": 2,
  "endossat": 2,
  "enemic": -2,
  "enemics": -2,
  "energètic": 2,
  "enèrgic": 2,
  "enfocat": 2,
  "enforteix": 2,
  "enfortiment": 2,
  "enfortir": 2,
  "enfortit": 2,
  "Enfurecedora": -2,
  "enfureix": -2,
  "enfurismar": -2,
  "enfurismat": -2,
  "engalipar": -2,
  "enganxa": 1,
  "enganxat": -2,
  "engany": -2,
  "enganya": -3,
  "enganyar": -2,
  "enganyat": -2,
  "enganyós": -3,
  "enginy": 2,
  "engranar": 1,
  "enjogassat": 2,
  "enjudicia": -1,
  "enjudiciament": -1,
  "enlluernadora": 3,
  "ennuvolada": -1,
  "enorme": 1,
  "enragés": -2,
  "enrenou": -2,
  "ensordidor": -1,
  "ensurt": -2,
  "entela": -2,
  "entelar": -2,
  "entelat": -2,
  "entén malament": -2,
  "entendre malament": -2,
  "entremaliadura": -1,
  "entretingut": 2,
  "entristir": -2,
  "entristit": -2,
  "entumit": -1,
  "entusiasta": 3,
  "enutjat": -3,
  "enveges": -1,
  "enveja": -1,
  "envejós": -2,
  "enverinat": -2,
  "enviament de correu brossa": -2,
  "equilibrat": 1,
  "equivocat": -2,
  "errada": -2,
  "errades": -2,
  "erroni": -2,
  "erròniament": -2,
  "error": -2,
  "errors": -2,
  "ErrorWithTranslation": 4,
  "erupció": -2,
  "es degrada": -2,
  "es denega": -2,
  "es deteriora": -2,
  "es disculpa": -1,
  "es gaudeix": 4,
  "es nega": -2,
  "es queixa": -2,
  "esbalaïdorament": 3,
  "escandalós": -3,
  "escàndol": -3,
  "escàndols": -3,
  "escapa": -1,
  "escapar": -1,
  "escassetat": -2,
  "escèptic": -2,
  "escepticisme": -2,
  "escèptics": -2,
  "esclau": -3,
  "esclaus": -3,
  "esclavitud": -3,
  "esclavitza": -2,
  "esclavitzar": -2,
  "esclavitzat": -2,
  "escombraries": -1,
  "escòria": -3,
  "escumós": 3,
  "esgarrifós": -1,
  "esgotat": -2,
  "esmorteint": -2,
  "espaiós": 1,
  "espantadís": -1,
  "espantat": -2,
  "espantós": -2,
  "espatllat": -3,
  "espècie": 2,
  "especulatiu": -2,
  "espera": -1,
  "esperança": 2,
  "esperançat": 2,
  "esperances": 2,
  "esperar": -1,
  "esperat": -1,
  "esperit": 1,
  "espinós": -2,
  "esplèndid": 3,
  "espurna": 3,
  "esquena": 1,
  "esquerp": -2,
  "esquivant": -2,
  "està de dol": -2,
  "estable": 2,
  "estafa": -2,
  "estafes": -2,
  "estalvis": 1,
  "estancament": -2,
  "estancat": -2,
  "estereotip": -2,
  "estereotipat": -2,
  "esternudar": -2,
  "esternudat": -2,
  "esternuts": -2,
  "estima": 3,
  "estimar": 2,
  "estimat": 3,
  "estímul": 2,
  "estimula": 1,
  "estimulant": 3,
  "estimular": 1,
  "estimulat": 1,
  "estirada": -3,
  "estola": -2,
  "estralls": -2,
  "estrangulació": -2,
  "estranguladores": -2,
  "estrangulat": -2,
  "estrany": -1,
  "estranyament": -1,
  "estrèpit": -3,
  "estrès": -1,
  "estressat": -2,
  "estressor": -2,
  "estrident": -2,
  "estripat": -2,
  "estúpid": -2,
  "estúpidament": -2,
  "estupidesa": -3,
  "ètic": 2,
  "eufòria": 3,
  "eufòric": 4,
  "evacua": -1,
  "evacuació": -1,
  "evacuant": -1,
  "evacuar": -1,
  "evacuat": -1,
  "evergreening": -3,
  "evita": -1,
  "evitar": -1,
  "evitat": -1,
  "exacerba": -2,
  "exacerbant": -2,
  "exacerbat": -2,
  "exagera": -2,
  "exageració": -2,
  "exagerant": -2,
  "exagerar": -2,
  "exagerat": -2,
  "exaltat": 3,
  "exasparate": -2,
  "exaspera": -2,
  "exasperada": -2,
  "exasperant": -2,
  "excel · lent": 4,
  "excel·lència": 3,
  "excel·lent": 1,
  "excepcional": 5,
  "excitar": 3,
  "excitat": 3,
  "exclosos": -2,
  "excloure": -1,
  "exclusió": -1,
  "exclusiu": 2,
  "excusa": -1,
  "excuses": -2,
  "exempt": -1,
  "exhaustiu": 2,
  "exigent": -1,
  "exigit": -1,
  "èxit": 2,
  "èxits": 2,
  "exonera": 2,
  "exonerant": 2,
  "exonerar": 2,
  "exonerat": 2,
  "expandir": 1,
  "experta": 2,
  "exploració": 1,
  "exploracions": 1,
  "explotant": -2,
  "explotar": -2,
  "explotat": -2,
  "exposa": -1,
  "exposar": -1,
  "exposat": -1,
  "exposició": -1,
  "expulsa": -2,
  "expulsant": -2,
  "expulsar": -2,
  "expulsat": -2,
  "exquisit": 3,
  "èxtasi": 2,
  "extàtic": 4,
  "extraviï": -2,
  "extremista": -2,
  "extremistes": -2,
  "exuberant": 4,
  "exultant": 3,
  "fa mal": -2,
  "fabulós": 4,
  "fabulosament": 4,
  "fàcil": 1,
  "facilitat": 2,
  "Faggots": -3,
  "fainthearted": -2,
  "falla": -2,
  "fallar": -2,
  "fallida": -3,
  "fals": -1,
  "falsament": -2,
  "falsificació": -3,
  "falsificacions": -3,
  "falsificador": -3,
  "falsificar": -2,
  "falsificat": -3,
  "falta": -2,
  "falta de respecte": -2,
  "fam": -2,
  "fama": 1,
  "famèlic": -2,
  "famolenc": -2,
  "famós": 2,
  "fan": 3,
  "fanàtic": -2,
  "fanàtics": -2,
  "fangós": -2,
  "fantasma": -1,
  "fantàstic": 4,
  "farsa": -1,
  "farsant": -2,
  "fart": -3,
  "fascina": 3,
  "fascinació": 3,
  "fascinant": 3,
  "fascinar": 3,
  "fascinat": 3,
  "fàstic": -3,
  "fastigosa": -2,
  "fatal": -3,
  "fatalitat": -3,
  "fatiga": -2,
  "fatigat": -2,
  "fatigós": -2,
  "fatigues": -2,
  "favorable": 2,
  "favorable al medi ambient": 2,
  "favorablement": 2,
  "favorit": 2,
  "favorits": 2,
  "favors": 2,
  "fe": 1,
  "feble": -2,
  "febre": -2,
  "feia pudor": -2,
  "feixista": -2,
  "feixistes": -2,
  "feliç": 3,
  "felicitació": 2,
  "felicitacions": 2,
  "felicitar": 2,
  "felicitat": 3,
  "Felicitats": 2,
  "fent xantatge": -3,
  "fer descarrilar": -2,
  "fer malbé": -2,
  "ferida": -2,
  "ferm": 2,
  "fèrtil": 2,
  "fervent": 2,
  "festejar": 3,
  "festiu": 2,
  "fiabilitat": 2,
  "fiable": 2,
  "fiasco": -3,
  "fideïcomisos": 1,
  "fidel": 3,
  "figa": -5,
  "filantropia": 2,
  "fill de puta": -4,
  "fills de puta": -4,
  "filtrada": -1,
  "fingeix": -1,
  "Fira": 2,
  "flop": -2,
  "fòbic": -2,
  "foc": -2,
  "follar": -4,
  "fomentar": 2,
  "fora de lloc": -2,
  "força": 2,
  "forçat": -1,
  "fort": 2,
  "fortaleses": 2,
  "fortuna": 2,
  "foscor": -1,
  "fotre": -4,
  "fotut": -3,
  "fracàs": -2,
  "fracassat": -2,
  "fracassos": -2,
  "frase": -2,
  "frases": -2,
  "frau": -4,
  "fraudulència": -4,
  "fraudulent": -4,
  "fraus": -4,
  "frega": -2,
  "frenesí": -3,
  "frenètic": -1,
  "fresc": 1,
  "frikin": -2,
  "frustra": -2,
  "frustració": -2,
  "frustrant": -2,
  "frustrar": -2,
  "frustrat": -2,
  "FTW": 3,
  "Fuckface": -4,
  "fuckhead": -4,
  "fucktard": -4,
  "FUD": -3,
  "fugida": -1,
  "fuig": -1,
  "fuked": -4,
  "fuking": -4,
  "fulfills": 2,
  "fulles perennes": 2,
  "fumant": -2,
  "funeral": -1,
  "funerals": -1,
  "furiós": -3,
  "furtiu": -1,
  "fútil": -2,
  "galant": 3,
  "galanteria": 3,
  "gall": -5,
  "gallardament": 3,
  "gallet": -2,
  "gamberrisme": -2,
  "gamberro": -2,
  "ganga": 2,
  "garantia": 1,
  "garboso": 2,
  "gasiu": -2,
  "gaudeix": 2,
  "gaudint": 2,
  "gaudir": 2,
  "gaudit": 2,
  "gelós": 2,
  "gelosia": -1,
  "gemec": -2,
  "gemecs": -2,
  "gemegant": -2,
  "gemegava": -2,
  "generós": 2,
  "generosament": 2,
  "genial": 3,
  "gestes": -2,
  "gilipolles": -3,
  "glamour": 3,
  "glamurós": 3,
  "glòria": 2,
  "gloriós": 2,
  "gnom": -2,
  "goig": 3,
  "goodlooking": 3,
  "goofiness": -2,
  "gossa": -5,
  "gosses": -5,
  "gR8": 3,
  "gràcia": 1,
  "gràcies": 2,
  "graciós": 3,
  "gran": 3,
  "granissat": 2,
  "gratificació": 2,
  "gratis": 1,
  "greenwasher": -3,
  "greenwashers": -3,
  "greu": -2,
  "grip": -2,
  "gris": -1,
  "groller": -2,
  "guany": 2,
  "guanyador": 4,
  "guanyadora": 4,
  "guanyant": 2,
  "guanyat": 2,
  "guanys": 2,
  "guapo": 3,
  "guardar": 2,
  "guardat": 2,
  "guerra": -2,
  "gust": 2,
  "gustos": 2,
  "hàbil": 2,
  "habilitats": 2,
  "hacker": -1,
  "hahahah": 3,
  "harmonia": 2,
  "harmoniós": 2,
  "harmoniosament": 2,
  "hater": -3,
  "heavyhearted": -2,
  "heroi": 2,
  "heroic": 3,
  "herois": 2,
  "hilarant": 2,
  "hipòcrita": -2,
  "histèria": -3,
  "histèric": -3,
  "histerisme": -3,
  "ho sento": -1,
  "homenatge": 2,
  "homicidi": -2,
  "homicidi involuntari": -3,
  "homicidis": -2,
  "honest": 2,
  "honor": 2,
  "honrat": 2,
  "hooligans": -2,
  "horrible": -2,
  "horroritzada": -3,
  "horroritzats": -2,
  "hospitalitzat": -2,
  "hostil": -2,
  "humà": 2,
  "humerous": 3,
  "humil": 1,
  "humiliació": -3,
  "humiliat": -3,
  "humor": 2,
  "idiota": -3,
  "idiotesa": -3,
  "ignora": -1,
  "ignorància": -2,
  "ignorant": -2,
  "ignorat": -2,
  "il·legal": -2,
  "il·legalment": -3,
  "il·legítim": -3,
  "il·lògic": -2,
  "il·lumina": 2,
  "il·luminar": 2,
  "il·lustrat": 2,
  "imaginatiu": 2,
  "imbècil": -3,
  "immaculat": 2,
  "immobilitzat": -1,
  "immortal": 2,
  "immund": -2,
  "immundícia": -2,
  "immune": 1,
  "impacient": -2,
  "imparable": 2,
  "imparcial": 2,
  "imparell": -2,
  "impàvid": 2,
  "impedeix": -2,
  "impedingly": -2,
  "impedir": -2,
  "impedit": -1,
  "imperdonable": -3,
  "imperfecte": -2,
  "impermeable": 2,
  "implacable": -1,
  "importància": 2,
  "important": 2,
  "imposa": -1,
  "imposada": -1,
  "imposant": -1,
  "imposar": -1,
  "impostor": -2,
  "impotent": -2,
  "impressiona": 3,
  "impressionant": 4,
  "impressionar": 3,
  "impressionat": 3,
  "improbable": -1,
  "impropi": -2,
  "impulsar": 1,
  "impulsat": 1,
  "inacceptable": -2,
  "inacció": -2,
  "inadaptació": -2,
  "inaguantable": -2,
  "inapaciguable": -2,
  "inapropiat": -2,
  "incapaç": -2,
  "incapacita": -2,
  "incapacitant": -1,
  "incapacitat": -2,
  "incaut": -2,
  "incensing": -2,
  "incert": -1,
  "inclinats": -2,
  "incoherent": -2,
  "incòmode": -2,
  "incomoditat": -2,
  "incompetència": -2,
  "incompetent": -2,
  "incomplert": -2,
  "incomplet": -1,
  "incompliment": -2,
  "incomprensible": -2,
  "inconnex": -2,
  "inconscient": -2,
  "inconveniència": -2,
  "inconvenient": -2,
  "incrèdul": -1,
  "increïble": -1,
  "indecís": -1,
  "indefens": -2,
  "indegudament": -2,
  "indesitjable": -2,
  "indestructible": 2,
  "indiferència": -2,
  "indiferent": -2,
  "indignació": -2,
  "indignant": -3,
  "indignat": -2,
  "indignats": -3,
  "indigne de": -2,
  "indueix a error": -3,
  "indulgent": 1,
  "indults": 2,
  "inediable": -2,
  "ineficaç": -2,
  "ineficàcia": -2,
  "ineficaçment": -2,
  "ineficient": -2,
  "ineficientment": -2,
  "inepte": -2,
  "ineptitud": -2,
  "inestable": -1,
  "inexcusable": -3,
  "inexorable": -3,
  "infantil": -2,
  "infantilitzat": -2,
  "infart de": -2,
  "infatuació": 2,
  "infecció": -2,
  "infeccions": -2,
  "infecciós": -2,
  "infecta": -2,
  "infectar": -2,
  "infectat": -2,
  "infeliç": -2,
  "infelicitat": -2,
  "inferior": -2,
  "inferioritat numèrica": -2,
  "infern": -4,
  "infernal": -2,
  "infesta": -2,
  "infestada": -2,
  "infestant": -2,
  "infestar": -2,
  "inflamat": -2,
  "inflat": -1,
  "infligeix": -2,
  "infligint": -2,
  "infligir": -2,
  "infligit": -2,
  "influent": 2,
  "informació errònia": -2,
  "infortuni": -2,
  "infracció": -2,
  "infraccions": -2,
  "infracted": -2,
  "infracting": -2,
  "infractor": -2,
  "infructuós": -2,
  "ingenu": -2,
  "inhibir": -1,
  "inhumà": -2,
  "injust": -2,
  "injustament": -2,
  "injustícia": -2,
  "innova": 1,
  "innovació": 1,
  "innovador": 2,
  "innovar": 1,
  "inoperant": -2,
  "inquiet": -2,
  "inquisició": -2,
  "inquisitiu": 2,
  "insatisfet": -2,
  "insegur": -1,
  "insensibilitat": -2,
  "insensible": -2,
  "insignificant": -2,
  "insípid": -2,
  "insolvent": -2,
  "insomni": -2,
  "inspira": 2,
  "inspiració": 2,
  "inspirador": 3,
  "inspirar": 2,
  "inspirat": 2,
  "insuficiència": -2,
  "insuficient": -2,
  "insuficientment": -2,
  "insult": -2,
  "insultant": -2,
  "insultat": -2,
  "insults": -2,
  "insuportablement": -1,
  "intacte": 2,
  "integritat": 2,
  "intel · ligent": 2,
  "intel·ligent": 2,
  "intens": 1,
  "interès": 1,
  "interessant": 2,
  "interessat": 2,
  "interessos": 1,
  "interrogat": -2,
  "interrogatori": -1,
  "interrompent": -2,
  "interrompre": -2,
  "interrompuda": -2,
  "interromput": -2,
  "interrupció": -2,
  "interrupcions": -2,
  "intimida": -2,
  "intimidació": -2,
  "intimidar": -2,
  "intimidat": -2,
  "intimidatori": -2,
  "intimitat": 2,
  "intitulat": 1,
  "intransigència": -2,
  "intrepidesa": 2,
  "intricat": 2,
  "intrigues": 1,
  "inútil": -2,
  "inutilitat": -2,
  "invasió": -1,
  "invencible": 2,
  "inventat": -1,
  "involuntari": -2,
  "invulnerable": 2,
  "ira": -3,
  "irat": -3,
  "ironia": -1,
  "irònic": -1,
  "irracional": -1,
  "irreflexiu": -2,
  "irregularitats": -2,
  "irreparable": -2,
  "irreproduïble": -2,
  "irresistible": 2,
  "irresistiblement": 2,
  "irresolut": -2,
  "irresponsable": -2,
  "irreversible": -1,
  "irreversiblement": -1,
  "irrita": -3,
  "irritant": -2,
  "irritar": -3,
  "irritat": -2,
  "ja": 2,
  "jackasses": -4,
  "jactanciós": -2,
  "jaja": 3,
  "jajaja": 3,
  "jeje": 2,
  "Jesús": 1,
  "jocós": 2,
  "joia": 3,
  "joies": 1,
  "joiós": 3,
  "jovial": 2,
  "judici hipotecari": -2,
  "juganer": 2,
  "jura": -2,
  "jurar": -2,
  "justícia": 2,
  "Justícia": 2,
  "justificadament": 2,
  "justificat": 2,
  "juvenil": 2,
  "kills": -3,
  "Kinder": 2,
  "la potenciació": 2,
  "la prevenció": -1,
  "la resolució": 1,
  "la restauració": 1,
  "la violència relacionada": -3,
  "laboriós": -2,
  "lag": -2,
  "lamenta": -3,
  "lamentable": -3,
  "lamentant": -2,
  "lamentar": -2,
  "lànguid": -2,
  "lapse": -1,
  "laughting": 1,
  "lawl": 3,
  "legal": 1,
  "legalment": 1,
  "legítim": 2,
  "legítimament": 2,
  "lent": -2,
  "les execucions hipotecàries": -2,
  "lesionat": -2,
  "lesions": -2,
  "letal": -2,
  "letalitat": -2,
  "letargia": -2,
  "letàrgic": -2,
  "líder": 2,
  "lideratge": 1,
  "likers": 2,
  "limitació": -1,
  "limitat": -1,
  "límits": -1,
  "liquidació": 1,
  "litigi": -1,
  "litigiós": -2,
  "lívid": -2,
  "lladre": -2,
  "llàgrimes": -2,
  "llançat": 1,
  "llàstima": -2,
  "llastimós": -2,
  "lleial": 3,
  "lleialtat": 3,
  "lleig": -3,
  "llest": -2,
  "lletjor": -3,
  "llibertat": 2,
  "llibertats": 2,
  "lloança": 3,
  "lloances": 3,
  "lloant": 3,
  "lloat": 3,
  "lluita": -1,
  "lluitant": -2,
  "lluitat": -2,
  "lluites": -2,
  "llunàtic": -3,
  "llunàtics": -3,
  "lmao": 4,
  "lmfao": 4,
  "lol": 3,
  "Lolol": 4,
  "lololol": 4,
  "lolololol": 4,
  "lool": 3,
  "loool": 3,
  "looool": 3,
  "lovelies": 3,
  "lucratiu": 3,
  "lúgubre": -2,
  "luxe": 2,
  "macabre": -2,
  "madur": 2,
  "magnífic": 5,
  "major": 3,
  "mal": -2,
  "mal classificats": -2,
  "mal comportament": -2,
  "mal de cap": -2,
  "mal humor": -2,
  "mal informat": -2,
  "mal tracte": -2,
  "mal ús": -2,
  "mala conducta": -2,
  "mala sort": -2,
  "malalt": -2,
  "malaltia": -1,
  "malalties": -1,
  "malalts": -2,
  "malament": -2,
  "malbaratament": -2,
  "maldat": -3,
  "maledicció": -1,
  "maleïda": -2,
  "maleïda bonica": 3,
  "maleït": -2,
  "maleït sigui": -4,
  "malenconia": -2,
  "malenconiós": -1,
  "malentès": -2,
  "males accions": -2,
  "malèvol": -2,
  "malgasta": -2,
  "malgastar": -2,
  "malhumorat": -2,
  "malinterpretat": -2,
  "malmès": -2,
  "mals": -1,
  "mals usos": -2,
  "malvat": -2,
  "malversació": -3,
  "mandrós": -1,
  "manifestants": -2,
  "manipulació": -1,
  "manipulació dels preus": -3,
  "manipulada": -1,
  "marca": 2,
  "marejat": -1,
  "marieta": -3,
  "matança": -3,
  "matar": -3,
  "matèria": 1,
  "medalla": 3,
  "mediocritat": -3,
  "meditatiu": 1,
  "memorable": 1,
  "mentider": -3,
  "mentiders": -3,
  "mentit": -2,
  "menyscaba": -2,
  "menyscabaments": -2,
  "menyspreable": -2,
  "menyspreador": -2,
  "menyspreant": -2,
  "menysprear": -2,
  "menyspreat": -2,
  "menyspreï": -2,
  "menyspreu": -2,
  "meravella": 3,
  "meravelles": 3,
  "meravellós": 4,
  "meravellosament": 4,
  "mercachifle": -2,
  "merda": -3,
  "més amarg": -2,
  "més baixa": -1,
  "més boja": -2,
  "més brillant": 2,
  "més brut": -2,
  "més divertit": 4,
  "més dolça": 3,
  "més dur": -2,
  "més dures": -2,
  "més feliç": 3,
  "més fi": 3,
  "més fort": 2,
  "més fosca": -2,
  "més intel·ligent": 2,
  "més noble": 2,
  "més pobre": -2,
  "més pura": 1,
  "més resistents": 2,
  "més ric": 2,
  "més segur": 2,
  "més sincera": 2,
  "metòdic": 2,
  "metòdicament": 2,
  "millor": 3,
  "millora": 2,
  "millorar": 2,
  "millorat": 2,
  "mimat": -2,
  "minant": -2,
  "minar": -2,
  "minat": -2,
  "miop": -2,
  "miopia": -2,
  "miracle": 4,
  "mirthfully": 3,
  "misbranding": -3,
  "miscast": -2,
  "misclassify": -2,
  "misconducted": -2,
  "misconducting": -2,
  "miserable": -3,
  "misèria": -2,
  "misleaded": -3,
  "misplace": -2,
  "misread": -1,
  "misreported": -2,
  "misreports": -2,
  "misteriós": -2,
  "mite": -1,
  "moda": -2,
  "modernitza": 2,
  "modernització": 2,
  "modernitzar": 2,
  "modernitzat": 2,
  "molest": -2,
  "molesta": -2,
  "molestar": -2,
  "molestat": -2,
  "molèstia": -2,
  "molt bo": 4,
  "mongering": -2,
  "monopolitza": -2,
  "monopolitzar": -2,
  "monopolitzat": -2,
  "monòton": -1,
  "monstre": -2,
  "moping": -1,
  "mor de fam": -2,
  "mordaç": -3,
  "mordassa": -2,
  "moribund": -3,
  "morir": -3,
  "morir de fam": -2,
  "mort": -2,
  "mortal": -3,
  "morts": -2,
  "motivació": 1,
  "motivador": 2,
  "motivar": 1,
  "motivat": 2,
  "multa": 2,
  "multes": -2,
  "musaranya": -4,
  "mut": -3,
  "n00b": -2,
  "nafra": -1,
  "narcisisme": -2,
  "natural": 1,
  "naufragi": -2,
  "necessitat": -2,
  "neci": -2,
  "nega": -2,
  "negació": -2,
  "negacions": -2,
  "negador": -2,
  "negadors": -2,
  "negant": -2,
  "negar": -2,
  "negat": -2,
  "negatiu": -2,
  "negativitat": -2,
  "negligència": -2,
  "negligències": -2,
  "negre": -5,
  "nerviós": -2,
  "nerviosament": -2,
  "nervis": -1,
  "net": 2,
  "netejador": 2,
  "netejat": 1,
  "niggas": -5,
  "no": -1,
  "no amable": -2,
  "no aprovat": -2,
  "no apte": -2,
  "no atractiu": -2,
  "no científic": -2,
  "no creure": -2,
  "no desitjat": -2,
  "No em va agradar": -2,
  "no és divertit": -3,
  "no està malament": -2,
  "no funciona": -3,
  "no inspirat": -2,
  "no professional": -2,
  "no sofisticat": -2,
  "no venut": -1,
  "noble": 2,
  "només": -2,
  "nostàlgic": -2,
  "notable": 2,
  "notori": -2,
  "nous": -3,
  "novel·la": 2,
  "Novell": -2,
  "objecte de dúmping": -2,
  "oblidable": -1,
  "oblidadís": -2,
  "oblidar": -1,
  "oblidat": -1,
  "obligat": 1,
  "obligatori": -1,
  "obliterado": -2,
  "obliterar": -2,
  "obra mestra": 4,
  "obres mestres": 4,
  "obscè": -2,
  "obscenitat": -2,
  "obsessionant": 1,
  "obsessionat": 2,
  "obsolet": -2,
  "obstacle": -2,
  "obstacles": -2,
  "obstaculitzador": -2,
  "obstinat": -2,
  "obstrucció": -2,
  "obstructiu": -2,
  "obstrueix": -2,
  "obstruir": -2,
  "obstruït": -1,
  "ocultació": -1,
  "odi": -3,
  "odiant": -3,
  "odiat": -3,
  "odis": -3,
  "ofegarse": -2,
  "ofegat": -2,
  "ofèn": -2,
  "ofendre": -2,
  "ofensiu": -2,
  "ofensivament": -2,
  "ofès": -2,
  "OKS": 2,
  "ombrívol": -2,
  "ominós": 3,
  "oportunitat": 2,
  "oportunitats": 2,
  "opressió": -2,
  "opressions": -2,
  "opressiu": -2,
  "oprimits": -2,
  "optimisme": 2,
  "optimista": 2,
  "optionless": -2,
  "or": 2,
  "ora": 1,
  "orgull": 2,
  "orgullós": 2,
  "ostracisme": -2,
  "ostracizes": -2,
  "outmaneuvered": -2,
  "overran": -2,
  "overreacted": -2,
  "overreacting": -2,
  "Overselling": -2,
  "oversells": -2,
  "oxímoron": -1,
  "Pacífic": 2,
  "pagar": -1,
  "pànic": -3,
  "pànics": -3,
  "parada": -1,
  "parades": -1,
  "paradís": 3,
  "paradoxa": -1,
  "parcial": -2,
  "parcialitat": -1,
  "parlamentar": -1,
  "paròdia": -2,
  "partidari": 1,
  "partidaris": 1,
  "passar per alt": -1,
  "passió": 1,
  "passiu": -1,
  "passivament": -1,
  "pateix": -2,
  "patètic": -2,
  "patiment": -2,
  "patir": -2,
  "patit": -2,
  "pau": 2,
  "pecaminós": -3,
  "pecat": -2,
  "pecats": -2,
  "pena": -2,
  "penalitza": -2,
  "penalitzant": -2,
  "penalitzar": -2,
  "penalitzat": -2,
  "penombra": -1,
  "pensatiu": 2,
  "per inadvertència": -2,
  "per sort": 3,
  "perd": -3,
  "perdedor": -3,
  "perdent": -3,
  "perdició": -2,
  "perdó": 2,
  "perdonar": 1,
  "perdonat": 2,
  "perdre": -2,
  "pèrdua": -3,
  "perduda": -2,
  "pèrdues": -3,
  "perdut": -3,
  "perfecció": 3,
  "perfecciona": 2,
  "perfeccionat": 2,
  "perfectament": 3,
  "perfecte": 3,
  "perforat": -2,
  "perill": -2,
  "perillós": -2,
  "perillosament": -2,
  "perjudicant": -2,
  "perjudicar": -2,
  "perjudicat": -2,
  "perjudicial": -2,
  "perjuri": -3,
  "permetre": 1,
  "perpetrat": -2,
  "perplex": -2,
  "persecució": -3,
  "persegueix": -2,
  "perseguir": -2,
  "perseguits": -2,
  "perspectiva": 1,
  "perspectives": 1,
  "pertorba": -2,
  "pertorbador": -2,
  "pertorbadors": -2,
  "pertorbar": -2,
  "pertorbat": -2,
  "pervertit": -3,
  "pesarós": -2,
  "pessimisme": -2,
  "pessimista": -2,
  "petits tirans": -3,
  "petó": 2,
  "petrificat": -2,
  "piadós": 2,
  "picant": -2,
  "picat": -2,
  "pintoresc": 2,
  "pinxo": -2,
  "pitjor": -3,
  "pits": -2,
  "pixada": -4,
  "pixant": -3,
  "plaent": 3,
  "plaer": 3,
  "plaga": -3,
  "plagues": -3,
  "planava": -1,
  "ple de saba": -1,
  "plena": -3,
  "plet": -2,
  "plor": -2,
  "plorar": -1,
  "plorat": -2,
  "plujós": -1,
  "pobre": -2,
  "pobresa": -1,
  "poc ètic": -2,
  "poc fiable": -2,
  "poc generós": -2,
  "poc original": -2,
  "poc sa": -2,
  "poderós": 2,
  "podrit": -3,
  "pol·lució": -2,
  "polèmic": -2,
  "polèmicament": -2,
  "polit": 2,
  "polla": -4,
  "pollós": -2,
  "popular": 3,
  "popularitat": 3,
  "por": -2,
  "porta malament": -2,
  "portarse malament": -2,
  "portat malament": -2,
  "poruc": 2,
  "positiu": 2,
  "posposa": -1,
  "posposant": -1,
  "posposar": -1,
  "posposat": -1,
  "possessiu": -2,
  "possibilitats": 2,
  "posttraumàtic": -2,
  "pot \"t suportar": -3,
  "prblm": -2,
  "prblms": -2,
  "preciós": 3,
  "pregar": 1,
  "premi": 3,
  "premis": 3,
  "preocupacions": -3,
  "preocupant": -2,
  "preocupar": -3,
  "preocupat": -2,
  "preparat": 1,
  "pres": -2,
  "presa de possessió": -2,
  "presó": -2,
  "presoners": -2,
  "pressar": -2,
  "pressió": -1,
  "pressionats": -2,
  "prestigi": 3,
  "pretendre": -1,
  "pretenent": -1,
  "prevé": -1,
  "previngut": -2,
  "primer pla": 1,
  "privació": -2,
  "privar": -2,
  "privilegiat": 2,
  "proactiu": 2,
  "problema": -2,
  "problemes": -2,
  "processar": -1,
  "processat": -2,
  "profitós": 2,
  "progrés": 2,
  "prohibeix": -1,
  "prohibició": -2,
  "prohibint": -2,
  "prohibir": -1,
  "prohibit": -1,
  "promès": 1,
  "promesa": 1,
  "promeses": 1,
  "prominent": 2,
  "promocionat": -2,
  "promogut": 1,
  "promou": 1,
  "promoure": 1,
  "propaganda": -2,
  "pròsper": 3,
  "pròspera": 2,
  "prosperitat": 3,
  "protegeix": 1,
  "protegir": 1,
  "protegit": 1,
  "protesta": -2,
  "protestar": -2,
  "protestes": -2,
  "provoca": -1,
  "provocador": -1,
  "provocar": -1,
  "provocat": -1,
  "prudència": 2,
  "pseudociència": -3,
  "psicopàtic": -2,
  "pudent": -2,
  "pudor": -2,
  "pudors": -2,
  "pujar": 1,
  "punitiu": -2,
  "punt culminant": 2,
  "punt mort": -2,
  "punta de llança": 2,
  "puntualment": 1,
  "punxada": -5,
  "punyalada": -2,
  "punyalades": -2,
  "punyent": -2,
  "pur": 1,
  "puta": -4,
  "puta bella": 4,
  "puta bonica": 4,
  "puta calenta": 2,
  "puta increïble": 4,
  "puta perfecta": 4,
  "puto": -4,
  "puto amor": 4,
  "puto fantàstica": 4,
  "putos amors": 4,
  "qualitat": 2,
  "qualitats": 2,
  "que canvia el joc": 3,
  "que cau": -1,
  "que falta": -2,
  "queixa": -2,
  "queixarse": -2,
  "queixat": -2,
  "queixes": -2,
  "qüestionable": -2,
  "qüestionat": -1,
  "ràbia": -2,
  "rabiós": -2,
  "racisme": -3,
  "racista": -3,
  "racistes": -3,
  "rampa": -1,
  "ranter": -3,
  "ranters": -3,
  "rants": -3,
  "ràpid": 2,
  "ràpidament": 2,
  "raptats": 2,
  "rapte": 2,
  "ratificat": 2,
  "reaccionar massa": -2,
  "realitzable": 1,
  "realització": 2,
  "reanimar": 2,
  "rebel": -2,
  "rebel·lió": -2,
  "rebels": -2,
  "reblat": 3,
  "rebuig": -2,
  "rebutja": -1,
  "rebutjada": -1,
  "rebutjant": -1,
  "rebutjar": -1,
  "rebutjos": -2,
  "recel": -2,
  "recessió": -2,
  "recolza": 2,
  "recolzat": 2,
  "recomana": 2,
  "recomanable": 1,
  "recomanar": 2,
  "recomanat": 2,
  "recompensa": 2,
  "recompensat": 2,
  "recompenses": 2,
  "reconeixement": 2,
  "reconfortant": 3,
  "recordatoris": -2,
  "redimit": 2,
  "reeixit": 3,
  "refina": 1,
  "refinar": 1,
  "refinat": 1,
  "refrescantment": 2,
  "refugis": -1,
  "regal": 2,
  "regnant": 1,
  "reivindica": 2,
  "reivindicant": 2,
  "reivindicat": 2,
  "relaxat": 2,
  "relleus": 1,
  "relliscada": -1,
  "remordiment": -2,
  "rendiment menor": -2,
  "rentat del cervell": -3,
  "rentat verd": -3,
  "renúncia": -1,
  "renunciar": -1,
  "reny": -2,
  "renya": -3,
  "repel·lent": -2,
  "repel·lit": -2,
  "repercussió": -2,
  "repercussions": -2,
  "reprendre": -3,
  "reprendre a": -3,
  "reprès": -2,
  "reprimenda": -2,
  "reprimendes": -2,
  "repugnant": -2,
  "repulsió": -1,
  "repulsiu": -2,
  "repulsives": -3,
  "resar": 1,
  "rescat": 2,
  "rescatat": 2,
  "rescats": 2,
  "residències": -3,
  "residus": -1,
  "resignat": -1,
  "resistència": 2,
  "resistent": 2,
  "resol": 2,
  "resoldre": 2,
  "resolt": 2,
  "resolució": 2,
  "respectat": 2,
  "respecte": 2,
  "responsabilitat": 1,
  "responsable": 2,
  "ressentit": -2,
  "restauracions": 1,
  "restaurada": 1,
  "restaurar": 1,
  "restrenyiment": -2,
  "restricció": -2,
  "restrictiu": -1,
  "restringeix": -2,
  "restringint": -2,
  "restringir": -2,
  "restringit": -2,
  "retallada": -2,
  "retallades": -1,
  "retallat": -2,
  "retard": -1,
  "retardar": -2,
  "retardat": -1,
  "retingut": -1,
  "retir": -1,
  "retirada": -3,
  "revenda": -2,
  "revenedor": -2,
  "revenedors": -2,
  "reverenciat": 2,
  "reviu": 2,
  "rialles": 1,
  "ric": 2,
  "ricament": 2,
  "ridícul": -3,
  "ridiculitza": -2,
  "ridiculitzar": -2,
  "ridiculitzat": -2,
  "rigorós": 3,
  "rigorosament": 3,
  "rigut": 1,
  "riquesa": 3,
  "risc": -2,
  "riscos": -2,
  "riure": 1,
  "robar": -2,
  "robat": -2,
  "robatori": -2,
  "robatori amb fractura": -2,
  "robatoris": -2,
  "robing": -2,
  "robs": -2,
  "robust": 2,
  "rofl": 4,
  "roflcopter": 4,
  "roflmao": 4,
  "romantical": 2,
  "romànticament": 2,
  "rondar": -1,
  "rosa": 1,
  "roscat": -2,
  "rotfl": 4,
  "rotflmfao": 4,
  "ROTFLOL": 4,
  "rotllo": -2,
  "ruc": -4,
  "rude": -3,
  "ruïna": -2,
  "ruïnes": -2,
  "ruptura": 3,
  "saborós": 3,
  "sabotatge": -2,
  "sagnant": -3,
  "salts": -2,
  "saluda": 1,
  "saludable": 2,
  "saludant": 2,
  "saludar": 1,
  "saludat": 2,
  "salutació": 2,
  "salutacions": 2,
  "salvació": 2,
  "salvavides": 4,
  "saqueig": -2,
  "sarcàstic": -2,
  "satisfet": 3,
  "savange": -2,
  "savanges": -2,
  "saviesa": 1,
  "sedició": -2,
  "sediciós": -2,
  "seduir": -1,
  "segrest": -2,
  "segrestar": -2,
  "segrestat": -2,
  "segrestos": -2,
  "segur": 1,
  "segur de si mateix": 2,
  "seguretat": 1,
  "seleccionat acuradament": 1,
  "sensació": 1,
  "sense acreditar": -1,
  "sense amor": -2,
  "sense ànim": -2,
  "sense complirse": -2,
  "sense confirmar": -1,
  "sense costura": 2,
  "sense dents": -2,
  "sense encant": -3,
  "sense esforç": 2,
  "sense esperança": -2,
  "sense èxit": -2,
  "sense garantia": -2,
  "sense igual": 2,
  "sense imaginació": -2,
  "sense incidents": -2,
  "sense intel·ligència": -2,
  "sense llar": -2,
  "sense motivació": -2,
  "sense perill": 1,
  "sense por": 2,
  "sense problemes": 2,
  "sense sentit": -2,
  "sense suport": -2,
  "sense tatxa": 2,
  "sense valor": -2,
  "sense vida": -1,
  "sensible": 2,
  "sentència": -2,
  "senyoreta": -2,
  "senzillesa": 1,
  "separat": -1,
  "serè": 2,
  "seriós": 2,
  "sever": -2,
  "severament": -2,
  "sexista": -2,
  "sexistic": -2,
  "shamed": -2,
  "shoody": -2,
  "si": 1,
  "si us plau": 1,
  "significació": 1,
  "significatiu": 2,
  "silenciament": -1,
  "simpatia": 2,
  "simpàtic": 2,
  "simplifica en excés": -2,
  "simplificada": -2,
  "simplificar massa": -2,
  "simulat": -2,
  "sincer": 2,
  "sincerament": 2,
  "sinceritat": 2,
  "singleminded": -2,
  "sinistre": -2,
  "slickest": 2,
  "slumping": -1,
  "Smiled": 2,
  "snubbing": -2,
  "sobrecàrrega": -1,
  "sobrecarregar": -2,
  "sobreestimació": -2,
  "sobreexcitat": -3,
  "sobrepès": -1,
  "sobreprotector": -2,
  "sobrereacció": -2,
  "sobrereacciona": -2,
  "sobresaltat": -2,
  "sobresimplificación": -2,
  "sobrevenda": -2,
  "sobreviscut": 2,
  "sofisticat": 2,
  "sol": 2,
  "solemne": -1,
  "sòlid": 2,
  "solidaritat": 2,
  "solidifica": 2,
  "solidificació": 2,
  "solidificar": 2,
  "solidificat": 2,
  "solitari": -2,
  "solt": -3,
  "solució": 1,
  "solucions": 1,
  "somiar": 1,
  "somnis": 1,
  "somrient": 2,
  "somriure": 2,
  "somriures": 2,
  "sorollós": -1,
  "sorprèn": 3,
  "sorprendre": 3,
  "sorprenent": 5,
  "sorprès": 3,
  "sorrut": -1,
  "sort": 3,
  "soscava": -2,
  "sospir": -2,
  "sospita": -1,
  "sospitant": -1,
  "sospitós": -1,
  "sospitosos": -1,
  "sostenibilitat": 1,
  "sostenible": 2,
  "sota Expectatives": -2,
  "spammer": -3,
  "squelched": -1,
  "stinked": -2,
  "subestimacions": -1,
  "subestimant": -1,
  "subestimar": -1,
  "subestimat": -1,
  "suborn": -3,
  "subornant": -3,
  "subornat": -3,
  "suborns": -3,
  "subsegüent": 3,
  "substancial": 1,
  "substancialment": 1,
  "subvencions": 1,
  "subversiu": -2,
  "sueing": -2,
  "Sues": -2,
  "sufocat": -1,
  "suïcida": -2,
  "suïcidi": -2,
  "suïcidis": -2,
  "súper": 3,
  "superior": 2,
  "superproducció": 3,
  "supervivent": 2,
  "suport": 2,
  "suports": 2,
  "suprem": 4,
  "suspendre": -1,
  "suspès": -1,
  "suspicaç": -2,
  "taca": 2,
  "tacar": -2,
  "talent": 2,
  "tall": -2,
  "tallada": -1,
  "tallar": -1,
  "talls": -2,
  "tapes": 2,
  "tard": -2,
  "té èxit": 3,
  "tedi": -2,
  "teler": -1,
  "telers": -1,
  "temblante": -2,
  "tement": -2,
  "témer": -2,
  "temerari": 2,
  "temible": -2,
  "temorós": -2,
  "temut": -2,
  "tendre": 2,
  "tendresa": 2,
  "tenir èxit": 3,
  "tens": -2,
  "tensió": -1,
  "tèrbol": -2,
  "tergiversa": -2,
  "tergiversació": -2,
  "tergiversacions": -2,
  "tergiversada": -2,
  "tergiversar": -2,
  "terrible": -3,
  "terriblement": -3,
  "terrifically": 4,
  "terror": -3,
  "terrorista": -2,
  "terroristes": -2,
  "terroritza": -3,
  "tímid": -1,
  "timorat": -2,
  "tipus de": 0,
  "tirànic": -3,
  "tirànicament": -3,
  "tolerància": 2,
  "tolerant": 2,
  "tomba": -2,
  "topa": -1,
  "tortura": -4,
  "torturat": -4,
  "tortures": -4,
  "tossut": -2,
  "totalitari": -2,
  "totalitarisme": -2,
  "tòxic": -2,
  "traeix": -3,
  "tragèdia": -2,
  "tragèdies": -2,
  "tràgic": -2,
  "tragona": -5,
  "traïció": -3,
  "traïdor": -3,
  "trair": -3,
  "traït": -3,
  "tramat": -2,
  "trampa": -1,
  "trampes": -1,
  "trampós": -3,
  "tramposos": -3,
  "tranquil": 2,
  "tranquil·litza": 1,
  "tranquil·litzador": 2,
  "tranquil·litzar": 1,
  "tranquil·litzat": 1,
  "transgredeix": -2,
  "transgredint": -2,
  "transgredir": -2,
  "transgredit": -2,
  "trastorn": -2,
  "trastorns": -2,
  "trastorns del desenvolupament": -2,
  "trauma": -3,
  "traumàtic": -3,
  "treball penós": -2,
  "tremolor": -2,
  "tremolors": -2,
  "tremolós": -2,
  "trencar": -1,
  "trencat": -1,
  "trepant": -2,
  "tresor": 2,
  "tresors": 2,
  "tret": -2,
  "treure profit de": -2,
  "tribulació": -2,
  "triomf": 4,
  "triomfant": 4,
  "trist": -2,
  "tristament": -3,
  "trontollant": -2,
  "tumor": -2,
  "túnica": -2,
  "turbulent": -2,
  "tyran": -3,
  "ubic": 2,
  "uf": -2,
  "Ui": -2,
  "un acompliment inferior": -2,
  "Una vegada a la vida": 3,
  "una vergonya": -2,
  "unfitted": -2,
  "unfunny": -2,
  "unificada": 1,
  "uninvolving": -2,
  "unirse": 1,
  "unit": 1,
  "unreleting": -2,
  "unresearched": -2,
  "urgent": -1,
  "usat": -1,
  "útil": 2,
  "utilitat": 2,
  "va encoratjar": 2,
  "va oblidar": -1,
  "vacil · lant": -2,
  "vacil·lant": -1,
  "vacil·lar": -2,
  "vaga": -2,
  "vague": -2,
  "vagues": -1,
  "vaig picar": -2,
  "vaixell insígnia": 2,
  "valent": 2,
  "valentament": 2,
  "valentia": 2,
  "valerosament": 2,
  "valida": 1,
  "validant": 1,
  "validar": 1,
  "validat": 1,
  "valor": 2,
  "veïns": -1,
  "vencedor": 3,
  "vencedors": 3,
  "venjador": -2,
  "venjadora": -2,
  "venjança": -2,
  "venjar": -2,
  "venjatiu": -2,
  "veredicte": -1,
  "veredictes": -1,
  "vergonya": -2,
  "vergonyós": -2,
  "verins": -2,
  "veritable": 2,
  "vestíbul": -2,
  "vexació": -2,
  "vibrant": 3,
  "viciós": -2,
  "víctima": -2,
  "víctimes": -3,
  "víctimes mortals": -3,
  "victimitza": -3,
  "victimitzadora": -3,
  "victimitzar": -3,
  "victòria": 4,
  "victòries": 4,
  "vidu": -1,
  "vigilància": -1,
  "vigilant": 3,
  "vigor": 3,
  "vil": -3,
  "vindicar": 2,
  "vingui": -2,
  "viola": -2,
  "violació": -2,
  "violacions": -2,
  "violada": -4,
  "violador": -4,
  "violar": -2,
  "violat": -2,
  "violència": -3,
  "violent": -3,
  "violentament": -3,
  "virtuós": 2,
  "virulent": -2,
  "visca": 5,
  "visió": 1,
  "visionari": 3,
  "visions": 1,
  "vitalitat": 3,
  "vitamina": 1,
  "viu": 1,
  "vivaç": 3,
  "vivament": 2,
  "vociferant": -1,
  "voler": 1,
  "volgut": 2,
  "vòmit": -3,
  "vomitat": -3,
  "vòmits": -3,
  "vulnerabilitat": -2,
  "vulnerable": -2,
  "warmhearted": 2,
  "winwin": 3,
  "won": 3,
  "Woohoo": 3,
  "wooo": 4,
  "Woow": 4,
  "wow": 4,
  "WOWOW": 4,
  "wowww": 4,
  "WTF": -4,
  "wtff": -4,
  "wtfff": -4,
  "xantatge": -3,
  "xantatges": -3,
  "ximple": -1,
  "ximples": -2,
  "xo": 3,
  "xoc": -2,
  "xocant": -2,
  "xocar": -1,
  "xocs": -2,
  "xoxo": 3,
  "xoxoxo": 4,
  "xoxoxoxo": 4,
  "xucla": -3,
  "xuclar": -3,
  "yeees": 2
}