{
  "aba nanezimo ezingagculisi": -2,
  "ababencishwe amathuba ngaphambilini": -2,
  "ababhikishi": -2,
  "ababhubhise": -3,
  "ababi": -2,
  "ababoshiwe": -2,
  "abachitha": -2,
  "abadangele": -2,
  "abadanileyo": -2,
  "abadelelayo": -1,
  "abadliwa": -2,
  "abadumaze": -2,
  "abafisa": 1,
  "abagulayo": -2,
  "abagxeki": -2,
  "abahahayo": -2,
  "abahlanikezela": -2,
  "abahlengiweyo": 2,
  "abahlonishwa": 2,
  "abakhathazekile": -2,
  "abakhipha": -3,
  "abakhubazekile": -2,
  "abalimele": -2,
  "abalulekile": 1,
  "abaluthole": 1,
  "abampofu": -2,
  "abanalesi sifo": -2,
  "abanekhono": 2,
  "abanelisekile": -2,
  "abanentshisekelo": 2,
  "abanesibindi": 2,
  "abanesihawu": 2,
  "abanesono": -3,
  "abanethonya": 2,
  "abangabafelwa nabafelokazi": -1,
  "abangasebenzi": -1,
  "abangenamandla": -2,
  "abangenasimilo": -2,
  "abangenwe": -2,
  "abanishushisayo": -2,
  "abanqobi": 3,
  "Abantu abacwasa": -3,
  "abantu abaningi abasiqondi": -2,
  "abaphathiswe": 2,
  "abaphethwe": -2,
  "abaqambimanga": -3,
  "abaqotho": 3,
  "abasasilele": -2,
  "Abasekeli": 1,
  "abasengozini": -2,
  "abashisekeli": -2,
  "abashiywe ngaphandle": -2,
  "Abashona": -3,
  "abasiphikisayo": -2,
  "abasolwa": -1,
  "abaswele": -2,
  "abatelekile": -2,
  "abathandwa": 3,
  "abathintekile": -1,
  "abathukuthele": -3,
  "abavelele": 2,
  "abavikeli": 2,
  "abavuthiwe": 2,
  "abayinqaba": -3,
  "abayizikhohlwa": -2,
  "abazibulalayo": -2,
  "abazifanelekeli": -2,
  "abazinikele": 2,
  "abaziqondi": -2,
  "abazishaya indiva": -1,
  "abazonda": -3,
  "abductions": -2,
  "abenqabayo": -2,
  "abenziwe izigqila ngabaseGibithe": -2,
  "abhubhisayo": -3,
  "aborts": -1,
  "absentees": -1,
  "absolved": 2,
  "absolves": 2,
  "absolving": 2,
  "abuthaka": -2,
  "acasuke": -2,
  "acebe izingobe": 1,
  "acekele phansi": -2,
  "acquitting": 2,
  "acrimonious": -3,
  "adalule": -1,
  "adambise": 2,
  "adoringly": 3,
  "adubule": -1,
  "adunyiswe": 3,
  "advantageously": 2,
  "adventure": 2,
  "afeze": 2,
  "affectionateness": 3,
  "affronted": -1,
  "aficionados": 2,
  "afudumele": 1,
  "agcinwayo": -1,
  "agcwele omiyane": -2,
  "aggressions": -2,
  "agog": 2,
  "agonises": -3,
  "agonize": -3,
  "agxeke": -2,
  "ahlale ethukuthele": -2,
  "ahlanzekile": 2,
  "ahlupheke": -2,
  "ajabulisayo": 3,
  "akafe": -3,
  "akahambisani": -3,
  "akahlanye": -3,
  "akahlekwa": -2,
  "akakuvumeli": -2,
  "akamukeli noma": -2,
  "akangihloniphi": -2,
  "akhanywa": -2,
  "akhathazayo": -2,
  "akhohlise": -3,
  "akhononde": -2,
  "akhuleka": 3,
  "akucacile": -1,
  "akuhambanga": -2,
  "akuhlukumeza": -3,
  "akukho": -1,
  "akukuhle": -2,
  "akulahlekele": -1,
  "akulahlwa": -2,
  "akumnandi": -3,
  "akunabuntu": -2,
  "akunangqondo": -2,
  "akunanjongo": -2,
  "akunqandi": -1,
  "akuphelele": -1,
  "akuphumelelanga": -2,
  "Akuqinisekwa": -1,
  "akusebenzi": -3,
  "akusho lutho": -2,
  "Akusizi ngalutho!": -2,
  "akutholakali": 1,
  "akwamukelayo": 2,
  "akwemukeleki": -2,
  "akwenyanye": -3,
  "alamu": -2,
  "alarmists": -2,
  "alas": -1,
  "Aligcwalise": 2,
  "alithandeki": -2,
  "alithatha": -2,
  "alive": 1,
  "ally": 2,
  "aluhlangani": 2,
  "alwela": -2,
  "alwele": 2,
  "amabhadi": -2,
  "amacala": -2,
  "Amacala abekwa wona okuthi": -2,
  "amademeshe": -3,
  "amafa": 2,
  "amaFascist": -2,
  "amagugu": 1,
  "amagwala": -2,
  "amahlaya": 2,
  "amahlazo": -3,
  "amahlulele ngamazwi ahlambalazayo": -3,
  "amakhaza": -1,
  "amakhono": 2,
  "amandla": 2,
  "amanga": -3,
  "amanxiwa": -2,
  "amaphekula": -2,
  "amaphupho": 1,
  "amaphutha": -2,
  "amasheya": 1,
  "amashushu": 2,
  "amathemba": 2,
  "amathuba": 2,
  "amavukelambuso": -2,
  "amawala": -2,
  "amazed": 2,
  "amazing": 4,
  "Amazwi ayihaba": -2,
  "ambitious": 2,
  "amhlasela": -2,
  "amkhulekela": 2,
  "ampofu": -2,
  "amqinisekisa": 1,
  "amuncwa": 1,
  "anda": 1,
  "anekhono": 1,
  "anesizathu": 2,
  "angabaze": -2,
  "angadingeki": -3,
  "angahlanzekile": -2,
  "angalindelekile": 3,
  "angashaywa": -1,
  "angathandeki": -3,
  "angawodwa": -1,
  "angenakuvinjwa": 2,
  "Angenelisekile": -2,
  "Angers": -3,
  "Angibazi ubuhlungu obunjeya": -2,
  "angry": -3,
  "anikezwe": 1,
  "anobuthi": -2,
  "anti": -1,
  "anyakazise": -2,
  "apeshit": -3,
  "aphambe": -3,
  "aphazamisa": -2,
  "aphikisanayo": -1,
  "aphundlekile": -3,
  "applause": 2,
  "aqede": 1,
  "aqedwe": -2,
  "arsehole": -4,
  "asebeke bangenza ngathatheka": -1,
  "asebenzayo": 1,
  "asekelayo": 1,
  "asekelwa": 2,
  "ashafisa": -2,
  "ashaqisayo": -3,
  "ashaywe": -2,
  "ashukumisa ingqondo": -1,
  "ashushumbise": -2,
  "asicekeleki": 2,
  "asihlelekile nhlobo": -2,
  "ass": -4,
  "assfucking": -4,
  "asshole": -4,
  "astoundingly": 3,
  "asule esikhundleni": -1,
  "athukuthele": -2,
  "athusayo": 3,
  "athuthumelayo": -2,
  "atrocity": -3,
  "aura": 1,
  "avelele": 2,
  "avelelwe": -2,
  "Avenged": -2,
  "Avengers": -2,
  "avuse": -2,
  "avuselelayo": 2,
  "avuvukele": -2,
  "awanaki": 1,
  "awasebenzise kabi": -2,
  "awathandwanga": -2,
  "awesome": 4,
  "awile": -2,
  "awokulimaza": -2,
  "awunakekele": 2,
  "ayaziswa": -2,
  "ayenele": -2,
  "ayengeve": 3,
  "ayetholakala": 3,
  "ayiminyanisa": -2,
  "ayinamali": -3,
  "ayinhlamba": -2,
  "ayisebenzi": -3,
  "ayiyeke": -2,
  "ayiziswana": -2,
  "ayizwakali": -2,
  "Azazeli": -2,
  "azethembe": 2,
  "azibulale": -2,
  "azilungisele indaba ngokuthi ajezise": -2,
  "azinikele": 3,
  "azishiye": -2,
  "azonda": -3,
  "babafaka": -2,
  "babakhuza": -2,
  "babasongeli": -2,
  "babaza": 2,
  "babazise kakhulu": 2,
  "babekhuthazwa": 2,
  "babeqoqa": 1,
  "babesabisa": -3,
  "babezifaka engozini enkulu": -2,
  "babhaxabulwa": -2,
  "babhebhethekisa": -2,
  "babulale": -2,
  "bad": -3,
  "badangalise": -2,
  "badass": -3,
  "badingiselwa e": -2,
  "badumazeke": -2,
  "bafinyelela": 1,
  "bafuna": 1,
  "bafundzi labajabula": 5,
  "bagqugquzela": 1,
  "bahlabeke": 2,
  "bahlakaniphe": 2,
  "bahlukumeza": -3,
  "bahlukunyezwa": -3,
  "bahlukunyezwa baze": -4,
  "bajabula": 4,
  "bajeziswa": -2,
  "bakhangwa": 1,
  "bakhathale": -2,
  "bakhiphe elezinga eliphansi": -2,
  "bakhohlisi": -4,
  "bakhohlwa": -1,
  "bakhuleka": 3,
  "bakopele": -3,
  "bakubona": -1,
  "bakukhonzile": 2,
  "bakwedelelile": -2,
  "balindelwe": -1,
  "balwa": -1,
  "bamanga": -1,
  "bamba": 1,
  "bambalala": -2,
  "bambalwa": -2,
  "bamboozle": -2,
  "bamboozled": -2,
  "bamboozles": -2,
  "bamcasule": -2,
  "ban": -2,
  "banemizwa engqubuzanayo": -1,
  "bangabaza": -1,
  "bangahloniphi": -2,
  "bangajeziswa": -2,
  "bangakhathaleli muntu": -2,
  "bangazenzi": -3,
  "bangekhe babe namabanga wokungamhloniphi": -3,
  "bangengiphambe": -3,
  "bangi": 1,
  "bangisekela": 2,
  "bangithethise ngale mibuzo": -3,
  "bankster": -3,
  "baphambukisa": -1,
  "baphikisana": -3,
  "baqaphe": -1,
  "barrier": -2,
  "basanga": 2,
  "basaphaze": -2,
  "bashaqeke": -2,
  "bashisekeli": -2,
  "basibhubhise": -2,
  "basola": -2,
  "Bastards": -5,
  "basukumela phezulu": 2,
  "batakulana": -1,
  "bathandekayo": 3,
  "bathukuthelelwa": -2,
  "bathunjwa": -2,
  "bavinjelwe": -2,
  "bavuke": 1,
  "bawusozisele": -2,
  "baxolelwe": 2,
  "bayabukana sengathi bafuna ukuhleka": 3,
  "bayahlala": -1,
  "bayahlonishwa": 3,
  "bayakwazisa": 2,
  "bayasilahla": -2,
  "bayiziphukuphuku": 2,
  "bazisola": -2,
  "baziswa": 2,
  "beatific": 3,
  "bebandlululwa": -2,
  "bebangalasa": -1,
  "bedumazekile": -2,
  "bedumisa": 3,
  "befa": -3,
  "behlasela": -1,
  "behlupha": -4,
  "bekhanda": -2,
  "bekhohliswa": -3,
  "bekhungathekile": -2,
  "bekungabaza ukuthi umuntu angaphila": -2,
  "belusezandleni zabakwa": 2,
  "bemagange": 2,
  "bemphikisa": -2,
  "benaka": 1,
  "bencoma": 3,
  "bengafaneleki": -2,
  "bengalondekile": -2,
  "benganakiwe": -2,
  "bengenandaba": -3,
  "benishushisa": -2,
  "benqabela": -1,
  "bentukuthelo": -2,
  "benza": -2,
  "bephika": -2,
  "bephikisana": -2,
  "bephumelela": 3,
  "beqiniseka": 2,
  "bereaves": -2,
  "beshushiswa": -2,
  "besiklolodela": -2,
  "besongelwa": -2,
  "best": 3,
  "bethatheka": 3,
  "bethi siwukubethusa ngenyoka efile": -2,
  "bethukile": -2,
  "bezijabulisa": 2,
  "bhá": 2,
  "bhinqa": -2,
  "big": 1,
  "binda": -2,
  "Bitches": -5,
  "bitterest": -2,
  "blackmailing": -3,
  "blackmails": -3,
  "Blah": -2,
  "bless": 2,
  "blind": -1,
  "blithe": 2,
  "block": -1,
  "bloody": -3,
  "bobusha": 2,
  "bold": 2,
  "bona babasekeli babo": 2,
  "bopha": -2,
  "bophezela": 1,
  "boycotting": -2,
  "boycotts": -2,
  "braveness": 2,
  "bravura": 3,
  "bright": 1,
  "brilliances": 3,
  "brilliant": 4,
  "bubuhle": 3,
  "budedengu": -2,
  "buhlungu": -2,
  "bujabulise": 3,
  "Bullshit": -4,
  "bully": -2,
  "bulwelwe": 2,
  "buthuntu": -2,
  "buyafaneleka": 2,
  "buyisela": 1,
  "cashing in": -2,
  "casula": -2,
  "celebration": 3,
  "censors": -2,
  "chagrined": -2,
  "Champions": 2,
  "chance": 2,
  "chaos": -2,
  "charm": 3,
  "charmingly": 3,
  "charmless": -3,
  "cheaters": -3,
  "cheerless": -2,
  "cheers": 2,
  "cheery": 3,
  "Chic": 2,
  "chiding": -3,
  "cishe ukuthi": 0,
  "classy": 3,
  "clueless": -2,
  "cocksucker": -5,
  "cocksuckers": -5,
  "cocky": -2,
  "colluding": -3,
  "combat": -1,
  "comedy": 1,
  "conciliate": 2,
  "conciliates": 2,
  "conciliating": 2,
  "conflictive": -2,
  "congratulation": 2,
  "consolable": 2,
  "contagions": -2,
  "contaminant": -2,
  "contaminations": -2,
  "contestable": -2,
  "convivial": 2,
  "cool": 1,
  "courageousness": 2,
  "crap": -3,
  "crappy": -3,
  "crash": -2,
  "crazier": -2,
  "craziest": -2,
  "crazy": -2,
  "creative": 2,
  "crestfallen": -2,
  "criminate": -3,
  "criminated": -3,
  "criminates": -3,
  "critique": -2,
  "crush": -1,
  "cunt": -5,
  "curious": 1,
  "cute": 2,
  "cutting": -1,
  "dabukile": -3,
  "dabukisa": -3,
  "Damned": -4,
  "dangele": -3,
  "daredevil": 2,
  "dauntless": 2,
  "Day best": 4,
  "Day cute": 3,
  "Day okuhle": 4,
  "dead": -3,
  "debonair": 2,
  "deformity": -2,
  "defrauds": -3,
  "dehumanizes": -2,
  "deject": -2,
  "dejecting": -2,
  "dejects": -2,
  "delightfully": 3,
  "demoralized": -2,
  "demoralizes": -2,
  "denier": -2,
  "deniers": -2,
  "deploring": -3,
  "deports": -2,
  "derails": -2,
  "detracted": -1,
  "Devotional": 2,
  "diamond": 1,
  "dick": -4,
  "dickhead": -4,
  "die": -3,
  "diffident": -2,
  "dilligence": 2,
  "dinekile": -3,
  "dingisa": -1,
  "dipshit": -3,
  "dire": -3,
  "direful": -3,
  "dirtier": -2,
  "dirtiest": -2,
  "dirty": -2,
  "disapprovals": -2,
  "disapproving": -2,
  "disbelieve": -2,
  "disconsolate": -2,
  "disconsolation": -2,
  "disgustful": -3,
  "disjointed": -2,
  "disorder": -2,
  "disparage": -2,
  "dithering": -2,
  "dluzula": -2,
  "dodging": -2,
  "dodgy": -2,
  "dolorous": -2,
  "donation": 2,
  "dont like": -2,
  "douche": -3,
  "douchebag": -3,
  "Dour": -2,
  "Downer": -2,
  "dreading": -2,
  "dream": 1,
  "dreary": -2,
  "droopy": -2,
  "drowns": -2,
  "dukisa": -2,
  "dumbass": -3,
  "dumela": -2,
  "dupery": -2,
  "ebambekile": -2,
  "ebathenga": -3,
  "ebhasha": -2,
  "ebizayo": -2,
  "ebolile": -3,
  "ebuhlanzweni": -3,
  "ebukekayo": 3,
  "ebulalayo": -3,
  "ebuthakathaka": -2,
  "ebuthakathakeni": -2,
  "ecaleni": 2,
  "ecasukile": -2,
  "ecasula": -2,
  "ecasulayo": -2,
  "echumayo": 3,
  "ecindezelekile": -2,
  "edabukisayo": -2,
  "edabukisayo yokumelwa": -2,
  "edideka": -2,
  "edonsa": 2,
  "edonsela": 1,
  "edukisayo": -3,
  "eery": -2,
  "efanele ibe kuhlu lokuhlukumezeka": -2,
  "efuna ukuphuca": -1,
  "egwazwe": -2,
  "egxile": 2,
  "ehalaliselwa": 2,
  "ehamba": 2,
  "ehlanza": 1,
  "ehlatshwa": -2,
  "ehlaza": -2,
  "ehlazayo": -2,
  "ehlisa": -2,
  "ehlisiwe": -1,
  "ehlukahlukene": -2,
  "ehluleka": -2,
  "ehlupheka": -2,
  "ejabulile": 3,
  "ejele": -2,
  "ekhangayo": 2,
  "ekhanya": -2,
  "ekhaphela": -3,
  "ekhathazayo": -2,
  "ekhaya": -2,
  "ekhazimulayo": 2,
  "ekhohlakele": -3,
  "ekhohlisa": -3,
  "ekhoneni": -2,
  "ekhuleka": 1,
  "ekhululekile": 2,
  "ekhululiwe": -1,
  "ekhuluphalisiweyo": -2,
  "ekubhubhiseni": -3,
  "ekudambiseni": 1,
  "ekudumiseni": 3,
  "ekufinyeleleni": 1,
  "ekufukuleni": 1,
  "ekuhlaba umxhwele": 3,
  "ekuhlubukeni": -2,
  "ekukhathaza": -2,
  "ekukhombisa": -1,
  "ekulweleni": 2,
  "ekuphikisweni ngokunamandla": -2,
  "ekuqinisekisayo": 1,
  "ekuthuthumeleni": -2,
  "ekuvimbeleni": -1,
  "ekuvimbeni": -1,
  "ekuxazululweni": 2,
  "elibuthaka": -2,
  "elibuyiselwe": 1,
  "elicwengekileyo": 1,
  "elicwengiweyo": 1,
  "elidabukisayo": -2,
  "eligabavulayo": 2,
  "elikhazimulayo": 3,
  "elilulaza": -2,
  "elimangalisayo": 3,
  "elimile": -2,
  "elincishanayo": -2,
  "elindelwe": -1,
  "elinegazi": -3,
  "elinesibindi": 2,
  "elinezinkathazo": -2,
  "elingakafaneli": -2,
  "elingalungile": -2,
  "elinganiselwe": -1,
  "elingathandeki": -2,
  "elingcolisa": -2,
  "eliphefumulelwe": 2,
  "eliqhaqhazelayo": -2,
  "elishaqisayo": 3,
  "elithakazelisayo": 3,
  "elithinta inhliziyo": 3,
  "elizolisayo": 2,
  "elonakalisayo": -2,
  "elulaza": -2,
  "eluleke": -2,
  "emabhuloki": -1,
  "emacaleni okwephula umthetho": -2,
  "emangalisa": 4,
  "embarrasses": -2,
  "embethe": -2,
  "embi ngokwesabekayo": -3,
  "emibonweni": 1,
  "emihle": 2,
  "emnandi": 3,
  "emnene": 3,
  "emngcwabeni": -1,
  "emnyama": -2,
  "empini": -1,
  "eMpumalanga": -2,
  "empunga": -1,
  "emthumeni": -1,
  "emukele inkholo": 1,
  "encela": -3,
  "Enchanted": 2,
  "encisha": -2,
  "eneka": -1,
  "enempilo": 2,
  "enenhlabathi": -2,
  "enenzuzo": 2,
  "enesihloko esithi": 1,
  "enethemba": 2,
  "engachemile": 2,
  "engadingeki": -2,
  "Engagculisekile": -1,
  "engahlosile": -2,
  "engakhaliphile": -2,
  "engakholeki": -1,
  "engakuphazamisi": -2,
  "engakuqondi": -2,
  "engakuthandi": -2,
  "engakwazi": -2,
  "engamaphepha engcoliswe": -2,
  "engamukeleki": -2,
  "engangabazi": -1,
  "engaphelele": -2,
  "engaphephile": -2,
  "engaqondakali": -2,
  "engasekelwe": -2,
  "engasenathonya": 2,
  "engathandeki": -2,
  "engathandwa": -2,
  "engathetheleli": -2,
  "engawunaki": -2,
  "engayinaki": -1,
  "engazethembi": -2,
  "engazinzile": -2,
  "engcolile": -2,
  "engcoliswe": -2,
  "engelapheki": -1,
  "engemihle": -2,
  "engenakhaya": -2,
  "engenakunqotshwa": 2,
  "engenamandla": -2,
  "engenampilo": -2,
  "engenamsebenzi": -2,
  "engenandaba": -2,
  "engenangqondo": -2,
  "engenathemba": -2,
  "engeyiyo": -2,
  "engicasulayo": -2,
  "engiwenzayo": -2,
  "engozini": -2,
  "engrossing": 3,
  "engukuphambanisa": -2,
  "engumbulali": -3,
  "engumkokotelo": -4,
  "engumlanjwana": -3,
  "engumthengisi": 1,
  "enhle": 3,
  "enkingeni": -2,
  "enkulu": 3,
  "ennui": -2,
  "enobudlova": -3,
  "enobuhle": 2,
  "enobungozi": -3,
  "enodaka": -2,
  "enokuthula": 2,
  "enomusa": 2,
  "enqabele": -1,
  "enqunywe": 2,
  "enrage": -2,
  "enrages": -2,
  "enraging": -2,
  "enrapture": 3,
  "entsha": 2,
  "entshontsha": -2,
  "enyanya": -3,
  "enyukubele": -2,
  "ephathelene nokunqoba": 3,
  "ephawulekayo": 2,
  "ephelele": 3,
  "ephelele fucking": 4,
  "ephelelwa yithemba": -3,
  "ephephile": 1,
  "ephika": -2,
  "ephoqelela": -1,
  "ephoxekile": -2,
  "ephukile": -1,
  "ephulwa": -2,
  "ephumula": -1,
  "eqabulayo": 2,
  "eqina": 2,
  "eqine ngokungadingekile": -1,
  "Eqinisekisa": 2,
  "eqola": -3,
  "ErrorUndefined": -3,
  "ErrorWithTranslation": -2,
  "esabakhipha phambili": 2,
  "esabekayo": -2,
  "esalithola": -2,
  "esalwa": -2,
  "esamukelekile": 1,
  "esasizobhujiswa": -2,
  "esatshiswe": -2,
  "esazithukuthelisa": -2,
  "esebenzisa isihluku": -2,
  "esekele": 1,
  "Esekelwa": 2,
  "esenqatshelwe": -2,
  "Esesabekayo": -3,
  "esesula esikhundleni sakhe": -1,
  "esethole": 2,
  "esezizuzile": 2,
  "Eshu": -2,
  "eshubisa": -2,
  "esibonga": 3,
  "esibucayi": -3,
  "esicacile": 1,
  "esicasula": -2,
  "esicatshangelwe kahle": 2,
  "esicindezelekile": -2,
  "esidabukisayo": -3,
  "esiduduzayo": 2,
  "esigayegayeni": -1,
  "esihlupha": -3,
  "esihluphayo": -3,
  "esikhishiwe": -3,
  "esikhuthazayo": 2,
  "ESIKLINYAYO": -2,
  "esilindele": 2,
  "esimeme": 2,
  "esinenhlonipho": 2,
  "esingafanele": -2,
  "esingamahlalakhona": -2,
  "esingenakuthethelelwa": -3,
  "esingesihle": -2,
  "esinyanyekayo": -3,
  "esiphelelwe": -2,
  "esiqine": 2,
  "esiqinile": 2,
  "esiqinisekisayo sokuthi": 2,
  "esisabekayo": -3,
  "esisangulukisayo": 1,
  "esishubile": -2,
  "esithathelwanayo": -1,
  "esithengisa": -3,
  "esithize": -3,
  "esivusa amadlingozi": 2,
  "esiyingozi": -2,
  "esiza": 2,
  "esizulazulayo": -2,
  "esizweni esinenkani": -2,
  "Esosizini": -3,
  "ethandeka": 2,
  "ethandwa": 3,
  "ethembeni": 2,
  "ethethisa": -3,
  "ethimule": -2,
  "ethukile": -2,
  "ethuthukisiwe": 1,
  "etuswa": 2,
  "evacuates": -1,
  "evergreening": -3,
  "eviction": -1,
  "evikelwe": 1,
  "evilaphayo": -2,
  "evumayo": 2,
  "evundile": 2,
  "ewubunuku": -2,
  "ewusizo": 2,
  "exaggerates": -2,
  "exakile": -1,
  "exasparate": -2,
  "excruciatingly": -1,
  "exhilarated": 3,
  "exhilarates": 3,
  "exolisa": -1,
  "exonerates": 2,
  "exosha": -2,
  "exuberant": 4,
  "eyayimcwasa": -2,
  "eyichilo": -2,
  "eyindida": 2,
  "eyingozi": -2,
  "eyinhlekelele": -3,
  "eyintothololo": -2,
  "eyiphutha": -2,
  "eyizingqabavu": 2,
  "eyonakalisayo": -2,
  "ezamehlela": 2,
  "ezanele": 1,
  "ezanikelwa": 2,
  "ezasiza": 2,
  "ezazinama": -1,
  "ezazingaphefumlelwe": -2,
  "ezazishushumbiswa": -2,
  "ezebiwe": -2,
  "ezibalulekile": 2,
  "ezibhodlokile": -2,
  "ezibhubhisayo": -2,
  "ezibhuqiwe": -2,
  "ezibuhlungu": -3,
  "ezibulalayo": -3,
  "ezicindezelayo": -2,
  "ezicini": 2,
  "ezidabukisayo": -2,
  "ezifanela": 2,
  "ezifanele": 2,
  "ezifihlekile": -1,
  "ezifiselekayo": 2,
  "eziheha": 1,
  "ezihlakaniphile": 2,
  "ezihlale zifuna ukwazi": 2,
  "ezihlasimulisa umzimba": -3,
  "ezihlekisayo": 2,
  "ezihleliwe eziye zafezwa": 2,
  "ezihlwempu": -2,
  "eziholela": 2,
  "ezijabule": 2,
  "ezikhangayo": 2,
  "ezikhohlisayo": -3,
  "ezikwaziyo ukubekezela": 2,
  "ezikweletini": -2,
  "ezilambayo": -2,
  "ezilimele": -3,
  "ezilula": 1,
  "ezimangalisayo": 4,
  "ezimbi": -2,
  "ezimisiwe": 2,
  "ezincishisiwe": -2,
  "ezindaweni": -2,
  "ezineshwa": -2,
  "ezinezifo": -2,
  "ezingabanjwanga": -2,
  "ezingabazekayo": -2,
  "ezingabazisayo": -2,
  "ezingacacile": -2,
  "ezingakagunyazwa": -2,
  "ezingalingani": -1,
  "ezingaphili": -1,
  "ezingaqinisekisiwe": -1,
  "ezingasasebenzi": -2,
  "ezingasebenzi": -2,
  "ezingathandeki": -2,
  "ezingcolisa": -2,
  "ezingelangqondo": -1,
  "ezingelona iqiniso": -2,
  "ezingemnandi": -2,
  "ezingenalutho": -1,
  "ezingenamphetho": 2,
  "ezingenamsebenzi": -2,
  "ezingomashiqela": -3,
  "ezinomsindo": -1,
  "ezinukayo": -2,
  "ezinyanyekayo": -3,
  "Ezinye izinsolo": -2,
  "ezinzima": -2,
  "eziphawulekayo": 1,
  "eziphazamisayo": -2,
  "eziphoqelelwe": -1,
  "eziphuthumayo": -2,
  "eziqanjiwe": 2,
  "eziqongweni": 2,
  "ezisabisa": -2,
  "ezishaya": -1,
  "ezisola": -2,
  "ezisondelene": -1,
  "ezithandekayo": 3,
  "ezithathelwanayo": -2,
  "ezithile": 1,
  "ezithukuthelisa": -2,
  "ezivelele": 5,
  "eziwohlokayo": -2,
  "eziwuhlupho": -2,
  "eziwusizo": 2,
  "eziy": -3,
  "eziya ziba zimbi": -3,
  "eziyingozi": -2,
  "eziyize": -1,
  "eziyiziwula": -2,
  "ezizosikhinyabeza": -2,
  "ezolile": 2,
  "fabulous": 4,
  "fabulously": 4,
  "fag": -3,
  "fagot": -3,
  "fagots": -3,
  "fail": -2,
  "fair": 2,
  "fake": -3,
  "faker": -3,
  "falling": -1,
  "famous": 2,
  "fan": 3,
  "fantastic": 4,
  "farce": -1,
  "fatigues": -2,
  "favourited": 2,
  "felonies": -3,
  "felony": -3,
  "fervid": 2,
  "fiasco": -3,
  "fidgety": -2,
  "fight": -1,
  "fihla": -1,
  "flop": -2,
  "flops": -2,
  "flustered": -2,
  "fool": -2,
  "fortune": 2,
  "foul": -3,
  "fraudulence": -4,
  "freak": -2,
  "frenzy": -3,
  "fresh": 1,
  "friendly": 2,
  "frightening": -3,
  "frikin": -2,
  "Frisky": 2,
  "FTW": 3,
  "fuck": -4,
  "Fucked": -4,
  "Fucker": -4,
  "fuckers": -4,
  "fuckface": -4,
  "fuckhead": -4,
  "Fuckin": -4,
  "fucking": -4,
  "fucking amahle": 4,
  "fucking amazing": 4,
  "fucking cute": 4,
  "fucking hot": 2,
  "fucking kumnandi": 4,
  "fucking okuhle": 4,
  "fucking omkhulu": 4,
  "fucktard": -4,
  "fud": -3,
  "fuked": -4,
  "fuking": -4,
  "fun": 4,
  "funga": -2,
  "funky": 2,
  "funny": 4,
  "gag": -2,
  "gallantly": 3,
  "Gallantry": 3,
  "gameezishintsha": 3,
  "gem": 3,
  "generously": 2,
  "genial": 3,
  "ghost": -1,
  "giddy": -2,
  "glamourous": 3,
  "glee": 3,
  "gleeful": 3,
  "glum": -2,
  "goddamn": -3,
  "godsend": 4,
  "goofiness": -2,
  "goofy": -2,
  "gqamisa": 2,
  "GR8": 3,
  "grand": 3,
  "greenwash": -3,
  "greenwasher": -3,
  "greenwashers": -3,
  "greenwashing": -3,
  "grey": -1,
  "grisly": -2,
  "growing": 1,
  "gun": -1,
  "gwema": -1,
  "ha": 2,
  "haha": 3,
  "hahaha": 3,
  "hahahah": 3,
  "halala": 2,
  "Halala": 3,
  "Hallelujah": 3,
  "handsome": 3,
  "haplessness": -2,
  "happy": 3,
  "hard": -1,
  "hardier": 2,
  "harried": -2,
  "Haunted": -2,
  "haunts": -1,
  "hayi suka": -4,
  "hehe": 2,
  "hero": 2,
  "heroes": 2,
  "Hewu": 4,
  "hilarious": 2,
  "hlaba": -2,
  "hlale ngingajabule": -2,
  "hlehlisa": -1,
  "hlekisa": 3,
  "hlobisa": 3,
  "hlulile": 4,
  "hlupheka": -2,
  "Hooligan": -2,
  "hooliganism": -2,
  "hooligans": -2,
  "horrendous": -3,
  "horrid": -3,
  "huckster": -2,
  "hug": 2,
  "humbug": -2,
  "humerous": 3,
  "humourous": 2,
  "hurray": 5,
  "hysterics": -3,
  "Ibeka imingcele": -2,
  "ibenze bagculiseke": 1,
  "ibhaxa": -2,
  "ibhayisikobho eshisa izikhotha": 3,
  "ibhomu": -1,
  "ibubula": -2,
  "ibukelwe phansi": -1,
  "icala": -1,
  "icky": -3,
  "idangele": -2,
  "idiocy": -3,
  "idolo": 3,
  "idunyiswe": 2,
  "ifeza": 2,
  "igolide": 2,
  "igqoke": -1,
  "igubha": 3,
  "iguliswa": -2,
  "igunya": 1,
  "igunyaza": 1,
  "igwala": -2,
  "ihaba": -2,
  "ihlazo": -2,
  "ihlombe": 2,
  "ihlose kuchaza": 2,
  "ihlushiwe": -1,
  "ijabulela": 2,
  "ike yatheleleka": -2,
  "ikhono": 2,
  "ikhono lokufeza lo msebenzi": -2,
  "ikhuthaza": 2,
  "ikuyo yonke indawo": 2,
  "ikwenze": -2,
  "Ilahla": -1,
  "ilawulwe": -1,
  "ilibele": -1,
  "ill": -2,
  "illfated": -2,
  "Ima": -1,
  "imangalelana": -2,
  "imbecile": -3,
  "imfiva": -2,
  "imfucuza": -1,
  "imfudumalo": 2,
  "Imfudumalo": 2,
  "Imi": -1,
  "imihlane": 1,
  "imikhonyovu": -2,
  "imikhonzo": 2,
  "imikhosi": 3,
  "imikhuba emihle": 2,
  "imiklomelo": 3,
  "imingcwabo": -1,
  "imiphumela": -2,
  "imisho": -2,
  "Imisiwe": -1,
  "imithwalo": -2,
  "imivuzo": 2,
  "imnandi": 3,
  "impairing": -2,
  "impatient": -2,
  "impeachments": -3,
  "impedingly": -2,
  "impepho": -2,
  "impi": -2,
  "impikiswano": -2,
  "imposter": -2,
  "improved": 2,
  "impumelelo": 3,
  "imvelofriendly": 2,
  "Inani labantu ababulawa": -2,
  "incapacitates": -2,
  "incenses": -2,
  "incensing": -2,
  "incithakalo": -2,
  "incoherent": -2,
  "indida": -1,
  "indlala": -2,
  "indoctrinate": -2,
  "indoctrinated": -2,
  "indoctrinates": -2,
  "indoctrinating": -2,
  "indodana ka a bitch": -5,
  "induduzo": 2,
  "inediable": -2,
  "ineffectively": -2,
  "inefficiently": -2,
  "ineptitude": -2,
  "inethemba lokuhle": 2,
  "inexorable": -3,
  "infantilized": -2,
  "infests": -2,
  "inflict": -2,
  "infract": -2,
  "infracted": -2,
  "infracting": -2,
  "infracts": -2,
  "infuriating": -2,
  "ingakuvumeli ukucabangela nokuqhwandela": -3,
  "inganekwane": -1,
  "ingatheli": -2,
  "ingcebo": 2,
  "ingcindezi": -1,
  "ingcolise": -2,
  "ingebhe": -2,
  "ingozi": -2,
  "Ingozi": -2,
  "ingqondo": 1,
  "ingxabano": -2,
  "inhlalakahle": 2,
  "inhlanhla": 3,
  "inhlansi": 1,
  "inhlekelele": -2,
  "inhlonipho": 2,
  "injabulo": 3,
  "inkanuko": 2,
  "inkazimulo": 2,
  "inkinga": -2,
  "inkohlakalo": -3,
  "inkokhiso": 2,
  "inkululeko": 2,
  "inkwantshu": -1,
  "innovates": 1,
  "innovation": 1,
  "innovative": 2,
  "inoperative": -2,
  "inoveli": 2,
  "inqubekela": 2,
  "inselele": -1,
  "insensitivity": -2,
  "insindiso": 2,
  "insipid": -2,
  "insufficiently": -2,
  "interesting": 2,
  "intransigence": -2,
  "intransigency": -2,
  "intshisekelo": 1,
  "intukuthelo": -3,
  "invulnerable": 2,
  "inyumbazane": -1,
  "inzondo": -2,
  "inzuzo": 2,
  "iphazamise": -2,
  "iphephe": 2,
  "iphumelele": 3,
  "iphutha": -2,
  "iqhawe": 2,
  "Iqinisa": 2,
  "iqiniso": -2,
  "irreproducible": -2,
  "irresolute": -2,
  "isabele": 2,
  "Isasasa": 3,
  "isayensimbumbulu": -3,
  "isephulamthetho": -2,
  "isexwayiso": -1,
  "ishayisa": -1,
  "ishintshela kokungavinjelwe": -2,
  "ishiywe": -2,
  "ishwa": -2,
  "isibanda": -2,
  "isibindi": 2,
  "isiboshwa": -2,
  "isibusiso": 3,
  "isicefe": -2,
  "isichithile": -2,
  "isichotho": 2,
  "isicupho": -1,
  "isidina": -3,
  "isidumbu": -1,
  "isifaca": -2,
  "isifebekazi": -4,
  "isifiso": 1,
  "isifo": -1,
  "isifumbathiso": -3,
  "isigebengu": -2,
  "isihe": 2,
  "isihluku esithe ukuphucuzeka": -3,
  "isihlungu": -2,
  "isihogo": -4,
  "isikhalazo": -2,
  "isikhuthazo": 2,
  "isilima": -3,
  "isimangaliso": 4,
  "isimila": -2,
  "isimiso": -2,
  "isimo sibe sibi": -3,
  "isimo sokugxeka": -2,
  "isindise": 4,
  "isinqumo": 2,
  "isiphithiphithi": -2,
  "isipho": 2,
  "isiphukuphuku": -3,
  "isiqalekiso": -1,
  "isiqinisekiso": 1,
  "isishisekeli": -2,
  "isisulu": -3,
  "isisusa": 1,
  "isiteleka": -1,
  "isitha": -2,
  "isithanda": 2,
  "isithembiso": 1,
  "isithunzi": 2,
  "isivikelo": -2,
  "isivumelwano": 1,
  "isixazululo": 2,
  "isiyezi": -1,
  "isola": -2,
  "isondela": -1,
  "isono": -2,
  "Itafula": -2,
  "ithambekele": -2,
  "ithanda": 3,
  "ithandiwe": 2,
  "ithelela": -2,
  "ithemba": -3,
  "ithenda": 2,
  "ithiye": -2,
  "ithobekile": 1,
  "ithokozisa": 2,
  "ithuba": 2,
  "ithuna": -2,
  "itjhuguluko engekhe yalungiseka": -1,
  "itusa": 2,
  "ivinjiwe": -1,
  "iwuhlelo": 2,
  "iwusizo": 2,
  "ixazululwe": 1,
  "ixoshe": -2,
  "iyabaleka": -1,
  "iyadumaza": -2,
  "iyahlukumeza": -3,
  "iyahlukunyezwa": -3,
  "iyajabula": 4,
  "iyakwamukela": 2,
  "iyangethusa": -2,
  "iyasebenza": 1,
  "iyashaqisa": -2,
  "iyenqaba": -2,
  "iyize": -2,
  "izaba": -1,
  "izehlakalo zokubulala": -2,
  "izibazi": -2,
  "izibhelu": -2,
  "izibonelelo": 1,
  "izibophezele": 2,
  "iziboshwa": -2,
  "izibusiso": 3,
  "izicupho": -1,
  "izifiso": 1,
  "izifo": -1,
  "izifumbathiso": -3,
  "izigebengu": -3,
  "izigqila": -3,
  "izihlahla": 2,
  "izikhalazo": -2,
  "izikhangibavakashi": 2,
  "izikhumba": -1,
  "izikweletu": -2,
  "izilwane": -2,
  "izimangaliso": 3,
  "izimfanelo": 2,
  "izimfuno": -1,
  "izimpi": -1,
  "izimvume": 2,
  "izincomo": 2,
  "izindaba": 1,
  "izindumiso": 3,
  "izinga": 2,
  "izingcindezi": -2,
  "izingozi": -2,
  "izingxabano": -2,
  "izinhlekelele": -2,
  "izinhlobo": -2,
  "izinhlupho": -3,
  "izinkathazo": 2,
  "izinkinga": -2,
  "izinkokhelo zesenzo esithize": -3,
  "izinqumo": -1,
  "Izinsolo": -2,
  "izinsongo": -2,
  "izintandokazi": 2,
  "Izintandokazi eziphambili": 2,
  "Izinto cool": 3,
  "izinyembezi": -2,
  "izinzuzo": 2,
  "izisekelo": 2,
  "izisulu": -3,
  "izitha": -2,
  "izithakazelo": 1,
  "izithembiso": 1,
  "izithiyo": -2,
  "izitobhi": -1,
  "izixazululo": 1,
  "izixuku ezimangele ezazizogubha": 2,
  "izixwayiso": -3,
  "iziyaluyalu": -2,
  "izono": -2,
  "izulu": 2,
  "izwa ubuhlungu": -3,
  "jabula": 4,
  "Jackass": -4,
  "jackasses": -4,
  "jaunty": 2,
  "Jerk": -3,
  "jesus": 1,
  "jewel": 1,
  "jezisa": -2,
  "jocular": 2,
  "jolly": 2,
  "joyous": 3,
  "jumpy": -1,
  "juqu": 1,
  "kabi": -2,
  "Kabi": -2,
  "kaButhelezi": 2,
  "kahlanekezeli": -3,
  "kahle": 3,
  "kahlealingana": 2,
  "kahleegxile": 2,
  "kahle utusa": 3,
  "kakhulu": 4,
  "kalukhuni": -2,
  "kalula": -2,
  "kamengameli": -1,
  "kamnandi": 2,
  "kangcono": 2,
  "Ketha": 3,
  "khansela": -1,
  "khanyisa": 2,
  "khetha": -2,
  "khipha": -1,
  "khohlisa": -2,
  "khono": 1,
  "Khulekani": 1,
  "khulisa": -2,
  "khulula": 2,
  "khuthaza": 2,
  "khuza": -2,
  "Kills": -3,
  "kiss": 2,
  "kobushiqela": -2,
  "kokubhuqwa": -2,
  "kokudangala": -2,
  "kokugqashuka": -2,
  "kokuguqula": -2,
  "kokuhlaselwa": -2,
  "kokuhlukunyezwa": -3,
  "kokuhluleka": -2,
  "kokulahlekelwa": -3,
  "kokulibala": -1,
  "kokunganaki": -2,
  "kokuntengantenga": -1,
  "kokuphazanyiswa": -2,
  "kokusaphaza": -2,
  "kokuthikamezeka": -2,
  "kokuwa": -2,
  "kokuzethemba": 2,
  "kokuziklinya": -2,
  "kokuzisola": -2,
  "kokwenqaba": -1,
  "komphangayo": -2,
  "komthungo": 2,
  "kubabulali": -2,
  "kubalisa": -2,
  "Kube yinhlanhla": 2,
  "kubethuse": -2,
  "Kuboshwe": -3,
  "kubuhlungu": -2,
  "kubukela": -2,
  "kuchubekisela": -2,
  "kudla": -2,
  "Kudos": 3,
  "kufihlwa": -1,
  "kufinyeleleke": 1,
  "kugadla i": -1,
  "kugcineke": 1,
  "kugwenywe": -1,
  "kuhambisana ngalokufanele": 2,
  "kuhlonyiswa": 2,
  "kuhlukumeta": -3,
  "kuhlulekile": -2,
  "kujabulise": 2,
  "kukhanselwa": -1,
  "kukhanselwe": -1,
  "kukhinyabeza": -2,
  "kukhona oziphatha kabi": -2,
  "kukhononda": -2,
  "kukuhlupha": -2,
  "kulahliwe": -1,
  "kulondeke": 2,
  "kulula": 1,
  "kululaza isiko": -2,
  "kulungiswa": 1,
  "kumangala": -2,
  "kumisiwe": -1,
  "kumthukuthelisa": -2,
  "kumuntu osonile": -2,
  "kunamandla": 2,
  "Kunconywa": 2,
  "kunenzuzo": 2,
  "kunephutha": -3,
  "kunezinxushunxushu": -2,
  "kungaba \"t ukuma": -3,
  "kungafanelekile": -2,
  "kungakhungathekisa": -2,
  "kungamboza ububi": -3,
  "kunganciphisa": -1,
  "kungangcolisa": -2,
  "kungaqedwa": -1,
  "kungasali": -2,
  "kungcola": -2,
  "kungcolisa": -2,
  "Kungenela": -2,
  "kunzima": -1,
  "kunzima kakhulu ukuphila kuyo": -2,
  "kuphakamisa": -1,
  "kuphazamise": -2,
  "kuphazamiseke": -1,
  "kuphazamisekile": -2,
  "kuphikiswana": -2,
  "Kuphoqelekile": -1,
  "kuphumelele": 3,
  "kuqala ekuhlanganiseni": -2,
  "kuqinisa": 1,
  "Kuqubuke imibhikisho ehambisana": -2,
  "kushafiswe": -2,
  "kushaywa": -1,
  "Kushone": -3,
  "kushukumisa": 2,
  "kushushiswa": -1,
  "kushushiswe": -2,
  "kushwelezwe": 2,
  "kusilela": -2,
  "kusimo": -2,
  "Kusule": -1,
  "kuthathelwe izinyathelo": -3,
  "kuthuthukisa": 2,
  "kuvikela": 2,
  "kuvimbela": -2,
  "kuwufanele": 2,
  "kuwusongo": -1,
  "kuyabathukuthelisa": -2,
  "kuyacasula": -2,
  "kuyagwenywa": -1,
  "kuyahlekisa": -1,
  "kuyakuthukuthelisa": -3,
  "kuyalucwengisisa": 1,
  "kuyasiza": 2,
  "kuyesabeka": 3,
  "kuyicala kukodwa": -3,
  "kuyihaba": -2,
  "kwabaswele": 2,
  "kwabathinta": -5,
  "kwabavelela": 2,
  "kwakubenza bazizwe benethezekile": 2,
  "Kwakuhlale kuba khona impi": -2,
  "kwakwakhiwa": 2,
  "kwamandla": 2,
  "kwamaphutha": -2,
  "kwangqingetshe": -2,
  "kwaphazamisa": -2,
  "kwasani": -1,
  "kwathela": -2,
  "kwavimbela": -1,
  "kwawona": -2,
  "kwekuphazamisa": -2,
  "kwelanga": 2,
  "kwelula": 1,
  "kwemigqa": -2,
  "kwemizwa": -2,
  "kwempahla": 2,
  "kwemvume": 2,
  "Kwenabela": 1,
  "Kwenhlekelele": -3,
  "kwenjabulo": 3,
  "kwenyanya": -2,
  "kwenziwe": -1,
  "kwephula": -2,
  "kwephulwe": -2,
  "kwesabeka": -3,
  "kwesabeka nokungena kuwo": -2,
  "kwesabula": -2,
  "kwesidzingo": -1,
  "kwesigwebo": -2,
  "kwesikhath": -1,
  "kwesithiyo": -2,
  "kwezimo ezidumazayo abhekana nazo": -2,
  "kwezinsana": -2,
  "kwezithibelo": -2,
  "kwunqwabelene": -1,
  "labadubuli": -2,
  "lackadaisical": -2,
  "lag": -1,
  "lags": -2,
  "lagubuzela": -1,
  "lahlanza": -3,
  "lalifuna ukuzanelisa": 2,
  "lamemeza": -2,
  "langakufanelekela": -2,
  "lapho beshonelwe umntwana": -3,
  "laugh": 1,
  "laughing": 1,
  "laughting": 1,
  "lawl": 3,
  "lazy": -1,
  "leaked": -1,
  "lemukelekako": 2,
  "lesi sikhundla esinemali": 3,
  "lethality": -2,
  "letimbi": -2,
  "levuswe": 1,
  "libelous": -2,
  "libuhlungu": -2,
  "licwebezele": 3,
  "lied": -2,
  "lihle": 3,
  "lihlehliselwe": -1,
  "like": 2,
  "likeable": 2,
  "likers": 2,
  "likhala": -5,
  "likhanga": 1,
  "limise": -1,
  "lingenandaba": -2,
  "litigious": -2,
  "lively": 2,
  "livid": -2,
  "liwohloka": -2,
  "liyalimaza": -2,
  "liyaphuma": 1,
  "liyayaluza": -3,
  "lmao": 4,
  "lmfao": 4,
  "lobbyist": -2,
  "lobbyists": -2,
  "lodumo": 3,
  "lokhu kuba buthaka": -2,
  "lokubulala": -2,
  "lokucasula": -2,
  "lokucatshangelwa kangcono": 2,
  "lokucwengisiswa": 1,
  "lokudlela": -2,
  "lokujabula": 3,
  "lokulimaza": -2,
  "lokuphila elibuhlungu": -2,
  "lokuqola": -3,
  "lokushaya": -2,
  "lokusinda": 2,
  "lokuthatheka": -2,
  "lokuvukela umbuso": -2,
  "lokwenqabela": -1,
  "lokwephula": -2,
  "lol": 3,
  "lolol": 4,
  "lololol": 4,
  "lolololol": 4,
  "loMkhandlu": 2,
  "lomkhumbi olamandla ongedluli": 3,
  "lomzwelo": 3,
  "lonakele": -2,
  "londoloza": 2,
  "lonely": -2,
  "Lonesome": -2,
  "LOOL ngu": 3,
  "loool": 3,
  "looool": 3,
  "looses": -3,
  "lost": -3,
  "lousy": -2,
  "lovable": 3,
  "lovelies": 3,
  "lovely": 3,
  "lucky": 3,
  "lugubrious": -2,
  "Luhlala": -2,
  "lunatics": -3,
  "lungile bombo": 3,
  "lusizi": -2,
  "luthinta": -3,
  "lwahlangana": 1,
  "lwamancoko": 2,
  "lwaya": 3,
  "lwenzuzo": 2,
  "macabre": -2,
  "mad": -3,
  "maddening": -3,
  "madness": -3,
  "maladaption": -2,
  "maldevelopment": -2,
  "mangaza": 3,
  "mathupha": 2,
  "mbangela": -2,
  "mbono": 3,
  "melancholy": -2,
  "memoriam": -2,
  "menaces": -2,
  "merry": 3,
  "mesmerizing": 3,
  "messing up": -2,
  "methodical": 2,
  "methodically": 2,
  "mingcele": -1,
  "minza": -2,
  "mirthful": 3,
  "mirthfully": 3,
  "misbranding": -3,
  "miscast": -2,
  "misclassified": -2,
  "misclassifies": -2,
  "misclassify": -2,
  "misconducted": -2,
  "misconducting": -2,
  "misfire": -2,
  "misgiving": -2,
  "misleaded": -3,
  "misplaces": -2,
  "mispricing": -3,
  "misreport": -2,
  "misreported": -2,
  "misreporting": -2,
  "misreports": -2,
  "miss": -2,
  "mkhulu": 3,
  "mnandi": 3,
  "moans": -2,
  "modernizes": 2,
  "monakalo": -2,
  "mongering": -2,
  "moody": -1,
  "mope": -1,
  "moping": -1,
  "Moron": -3,
  "motherfucker": -5,
  "motherfucking": -5,
  "mumpish": -2,
  "Murky": -2,
  "mzimba": 1,
  "n00b": -2,
  "nabangenaluthando": -2,
  "nabanothile": 2,
  "nabenzi babo": -2,
  "nakukhathazeka": 2,
  "namacebo enu": -2,
  "namadoda aqaphile": 3,
  "namahloni": -2,
  "namawala": -2,
  "nampumelelo": -2,
  "nandaba": -2,
  "nangobunye ubunzima engiye ngabhekana": -2,
  "nangokobulili": -2,
  "nanomusa": 2,
  "Narcissism": -2,
  "nasici": 2,
  "nasikhundla": -2,
  "nasiphambeko": -3,
  "nathemba": -2,
  "nati": -3,
  "Nayenza": -2,
  "nceku": -3,
  "ncela": -3,
  "ncishana": -2,
  "ndikindiki": -1,
  "negative": -2,
  "nehaba": -2,
  "nehlazo": -2,
  "nekuhlomisa": 2,
  "nelibanzi": 1,
  "neliphithene": -2,
  "nelungelo lokuzibonela": 2,
  "nemibukiso emihle": 3,
  "nemikhawuko": -1,
  "nemizana": 1,
  "nenhlawulo": -2,
  "nenhlekelele": -3,
  "nenkohliso": -3,
  "nenkululeko": 2,
  "nenyanyekayo": -2,
  "nesayensi": -2,
  "nesibindi": 2,
  "nesimo esishube": -3,
  "nesithukuthezi": -2,
  "nexhala": -2,
  "nezicindezelayo": -2,
  "nezigigaba": -2,
  "nezimpikiswano": -2,
  "nezinyonga": -2,
  "nezinzwa": -1,
  "neziphathelene nokuziphatha kwabantu": 2,
  "neziqu": 2,
  "nezisini": -2,
  "nga nilila": -2,
  "ngabagxilile": 2,
  "ngabandayo": -2,
  "ngabase": 1,
  "ngabazeka": -1,
  "ngabongi": -3,
  "ngakususi": -1,
  "ngalimala": -2,
  "ngamandla": 2,
  "nganengwa": -3,
  "ngashaywa": -2,
  "ngayizonda": -3,
  "ngcolisa": -2,
  "ngcono": 2,
  "ngehlazo": -2,
  "Ngeke ahlukumeze": -2,
  "ngekuniketwa": 1,
  "ngembazo": -1,
  "ngemibono": -2,
  "ngempumelelo": 3,
  "ngenalwazi": -2,
  "ngename": 2,
  "ngendelelo": -2,
  "ngendlela egculisayo": -2,
  "ngendlela emangalisayo": 4,
  "ngendlela engeyiyo": -2,
  "ngendlela esimeme": 2,
  "ngendlela eyakhayo": 2,
  "ngendondo": 3,
  "ngengoma": -2,
  "ngengozi": -2,
  "ngenhlanhla": 2,
  "Ngenhlanhla": 3,
  "ngenhlupho": -3,
  "ngenjabulo": 3,
  "ngenkani": -1,
  "ngentuthu": -2,
  "Ngenxa yokukhathazeka,": -2,
  "ngephimbo elifanayo": -1,
  "ngephutha": -2,
  "ngesaba": -2,
  "ngesibindi": 2,
  "ngesihluku": -2,
  "ngesisa": 2,
  "ngethemba": 2,
  "Ngetulu kwaloko, kusondzela": -1,
  "ngeyesimanjemanje": 2,
  "ngezilokotho": 2,
  "ngidelelekile": -2,
  "ngihlazekile": -2,
  "ngijabhile": -2,
  "Ngijabulile": 3,
  "ngikujezise": -3,
  "ngilulazekile": -3,
  "ngingakhululeki": -2,
  "nginikele": 2,
  "ngiphelile": -2,
  "ngiphindisele": -2,
  "ngiphumelele": -3,
  "ngivume": -1,
  "ngivuselele": 2,
  "ngiwududuzile": 3,
  "ngiyabonga": 2,
  "Ngiyacela": 1,
  "ngiyaqaqanjelwa": -2,
  "ngiyilulaze": -2,
  "ngizikhandle": 2,
  "ngizizwa ngiphoqelekile": 1,
  "ngobuchule": 2,
  "ngobuchwepheshe": 2,
  "ngobuciko": 2,
  "ngobudlova": -3,
  "ngobugwala": -2,
  "ngobulula": 1,
  "ngobuqili": 2,
  "ngobuqotho": 2,
  "ngobushiqela": -3,
  "ngodlame": -2,
  "ngokomthetho": 1,
  "ngokucacile": 1,
  "ngokucebile": 2,
  "ngokucophelela": 2,
  "ngokudutshulwa": -2,
  "ngokufanelekayo": 2,
  "ngokugqilaza": -2,
  "ngokuhoxiswa": -2,
  "ngokukhwabanisa": -3,
  "Ngokulangazela okukhulu": 1,
  "ngokungacabangi": -2,
  "ngokungafanele": -2,
  "ngokungalungi": -2,
  "Ngokungangabazeki": -1,
  "ngokungemthetho": -3,
  "ngokungesikho": -2,
  "ngokunqoba": 4,
  "ngokuphazamiseka": -2,
  "ngokuphelele": 3,
  "ngokuphephile": 1,
  "ngokuqiniseka": 2,
  "ngokushesha": 1,
  "ngokushona ohlengwe": 2,
  "ngokuthula": 2,
  "ngokuvumelana": 2,
  "ngokuvumelanayo": 2,
  "ngokuwina": 4,
  "ngokuxosha": -2,
  "ngokuzidla": 3,
  "ngokuziqhenya": 2,
  "ngokwamukela": 1,
  "ngokwedelela": -2,
  "ngokwenama": 2,
  "ngokwenqaba": -2,
  "ngokwezocansi okuyingozi": -2,
  "ngolaka": -2,
  "ngoluzuzekayo": 1,
  "ngomcako": -3,
  "ngomfutho": 1,
  "ngomshini kumhloli wezincwadi ka": -2,
  "ngomunyu": -2,
  "ngomusa": 2,
  "ngonya": -2,
  "ngowezizwe": -2,
  "ngozi": -2,
  "ngukuphuza": -3,
  "nguMhlnishwa uSisulu akuvumelekile ePhalamende": -2,
  "ngumthwalo": -2,
  "nice": 3,
  "nifty": 2,
  "Niggas": -5,
  "nigger": -5,
  "nikela": -3,
  "nikhale": -2,
  "ningadukiswa": -3,
  "ningamukeleki": -2,
  "ningavumelani ngokuthile": -2,
  "nithethelela": 1,
  "njengoba yayinjalo": 2,
  "noble": 2,
  "nobuhlakani": 2,
  "nobungane": 2,
  "nobuqhawe": 3,
  "nobuqili": -2,
  "nobuthutha": -3,
  "nochuku": -2,
  "nokhahlo": -2,
  "nokubhuntshisa": -2,
  "nokubulala": -3,
  "nokugquma": -2,
  "nokugxeka": -2,
  "nokuhlushwa": -4,
  "nokujabula": 4,
  "nokukhohliswa": -3,
  "nokukhuliswa": 2,
  "nokungabathembi": -3,
  "nokungabi nandaba nezinto": -3,
  "nokungaboni ngaso linye": -2,
  "nokungajabuli": -2,
  "nokungakhethi": 2,
  "nokungasebenzi": -2,
  "nokuqinisekisa": 1,
  "nokuqonda": 2,
  "nokuqubuka": -2,
  "nokushona komuntu": -3,
  "nokuwubuwula": -2,
  "nokuxolisa": -1,
  "nokuxoshwa": -2,
  "nokuzindla": 1,
  "nokuzonda": -3,
  "nokwesabisa": -2,
  "nokwesasa": 3,
  "nokwethenjelwa": 2,
  "nokwethuka": -1,
  "nolaka": -2,
  "nolukhandlayo": -2,
  "noma ababekwa amacala": -2,
  "noma nezimfuno eziphambanayo": -2,
  "noma ukuchema kuzo": -1,
  "nomhawu": -2,
  "nomsindo": -2,
  "nomusa": 3,
  "nonevunyiwe": -2,
  "nongacabangeli": -2,
  "nonomusa": 3,
  "noob": -2,
  "nothandekayo": 3,
  "nothando": 2,
  "notorious": -2,
  "nozwela": 2,
  "nqwamana": -1,
  "ntofontofo": 2,
  "nzaka": -2,
  "nzima": -2,
  "obanele": -2,
  "obangiqeda": -2,
  "obengekho": -1,
  "obenziwa": -2,
  "obezenza": -1,
  "obnoxious": -3,
  "obufanele": 2,
  "obugebengu": -3,
  "obuhlanekezela": -2,
  "obujulayo": -1,
  "obulimaza": -3,
  "obumangalisayo": 5,
  "obunobunye": 2,
  "obuphakeme": 4,
  "ocebile": 2,
  "ocindezelayo": -2,
  "ocindezelekile": -2,
  "odidekile": -2,
  "ofanele": 2,
  "offensively": -2,
  "ogqame kakhudlwana": 3,
  "ogulayo": -2,
  "ohlinayo": -1,
  "ohlolayo": 2,
  "ohlonishwayo": 2,
  "ohlwithiwe": 2,
  "ojezisa": -2,
  "okhalayo": -2,
  "okhathazekile": -2,
  "okopelayo": -3,
  "oks": 2,
  "okubi": -1,
  "Okubi kakhulu": -3,
  "okubizwa ngokungeyikho": -2,
  "okubuhlungu": -3,
  "okubukhali": 1,
  "okubuyela": -1,
  "okucashile": -1,
  "okuchukuluza": -1,
  "okucindezela ukuba uthenge okuthile": -1,
  "Okudumazayo": -2,
  "okufezwayo": 2,
  "Okuhlaba umxhwele": 3,
  "okuhlala isikhathi eside": 2,
  "okuhle": 3,
  "okuhlukumeza": -3,
  "okujabulisa": 3,
  "okujabulisayo": 4,
  "okukhanyisayo": 2,
  "okukhethekile": 2,
  "okukhulu": 1,
  "okukhulu kunakho": 3,
  "okukhuthazayo": 2,
  "okulahlwayo": -2,
  "okumangaza": 2,
  "okumnandi": 3,
  "okumunyu": -2,
  "okunenjongo": 2,
  "okunethezeka": 2,
  "okungabizi": 2,
  "okungalungile": -2,
  "okungaphephile": -2,
  "okungaxhunyiwe kuintanethi": -1,
  "okungekuhle": -2,
  "okungenakufa": 2,
  "okungeyikho": -2,
  "Okunye ukwephula": -2,
  "okunzima": 3,
  "okuphambukisayo": -1,
  "okuphazamisayo": -2,
  "okuphendukezelayo": -2,
  "okuqhamuka uma udla imishanguzo": -2,
  "okusalele emuva": -2,
  "okushukunyiswa": 2,
  "okushushumbisa": -2,
  "okusolwa": -1,
  "okuthakazelisayo": 3,
  "okuthambile": 1,
  "okuthembekile": 2,
  "okuthukayo": -2,
  "okuvimbele": -2,
  "okuvunyelwene": 1,
  "okuvuzayo": 2,
  "okuxekethile": -3,
  "okuxosha": -2,
  "okuyihlazo": -2,
  "okuyinkimbinkimbi": 2,
  "okwadala umonakalo": -2,
  "Okwaphawuleka": 2,
  "okwedlulele": -2,
  "okwenza": -2,
  "okwesabisayo": 1,
  "okwesikhashana": -1,
  "olahlwe yicala": -2,
  "Olimele": -2,
  "olinganiselayo": 1,
  "olubandlululayo": -2,
  "oluhlanzayo": -3,
  "olujabulisa": 3,
  "olunameva": -2,
  "olungenabugovu": 2,
  "olungenakuqhathaniswa": 2,
  "olungenakuzisiza": -2,
  "olunothile": 2,
  "olunzulu": 2,
  "oluphansi impela": -1,
  "oluphunyukile": -1,
  "olushaqisayo": -2,
  "olutheni": 1,
  "oluthulayo": 3,
  "oluvunyiwe": 2,
  "oluyingqophamlando": 2,
  "olwa": -1,
  "olwembiza": -2,
  "olwesimanje": 2,
  "omangalisayo": 3,
  "omkhulu": 3,
  "omubi": -2,
  "omuhle": 3,
  "omunyu": -2,
  "ona": -2,
  "onakalisa": -3,
  "onakaliswa": -2,
  "onakekelayo": 2,
  "onamandla": 2,
  "onamileyo": 2,
  "onceinaesaphila": 3,
  "oncomekayo": 5,
  "onesibindi": 3,
  "onesizotha": -1,
  "ongabalulekile": -2,
  "ongahluziwe": -1,
  "ongakholwa": -1,
  "ongenabulungisa nongenalo": -2,
  "ongenayo injabulo": -2,
  "onke nomdlandla": 3,
  "onothando": 2,
  "onozwela": 2,
  "onqobayo": 4,
  "ophanayo": 2,
  "ophazamisa": -2,
  "Ophikisana": -1,
  "ophindisela": -2,
  "ophucuziwe": 2,
  "ophuthumayo": -1,
  "optionless": -2,
  "oqanjiwe": -3,
  "osemanzi": 2,
  "oshisekayo": 2,
  "oshisekela": 2,
  "osolisayo": -2,
  "osolwa": -2,
  "ostracizes": -2,
  "osuka enhliziyweni": 3,
  "othandekayo": 2,
  "othembekile": 3,
  "othethelelayo": 1,
  "othintekayo": -2,
  "othukuthele": -3,
  "Othumba": -2,
  "outage": -2,
  "outmaneuvered": -2,
  "overload": -1,
  "overreaction": -2,
  "oversell": -2,
  "oversells": -2,
  "oversimplifies": -2,
  "oversold": -2,
  "overwrought": -3,
  "ovumelana": 2,
  "owakhaphela": -3,
  "owamukelekayo": 1,
  "owasinda": 2,
  "owesaba": -2,
  "owesabayo": -2,
  "owesese": 3,
  "owuthanda": 3,
  "oxolela": 2,
  "oxosha": -2,
  "oxymoron": -1,
  "oyinhlekelele": -4,
  "oyipharadesi": 3,
  "oyiphutha": -2,
  "oyisimungulu": -3,
  "oyithatha kalula": -1,
  "ozibophezele": 1,
  "ozinzile": 2,
  "ozishaya": -1,
  "ozithandayo": 2,
  "Ozonda": -3,
  "panic": -3,
  "panics": -3,
  "parley": -1,
  "passion": 1,
  "penalizing": -2,
  "penalty": -2,
  "pha": 1,
  "phambili": 1,
  "phelelisa": 2,
  "phendulela": -2,
  "phobic": -2,
  "Phuma": -2,
  "Pique": -2,
  "Piss": -4,
  "pissed": -4,
  "pissing": -3,
  "piteous": -2,
  "pity": -2,
  "playful": 2,
  "plodding": -2,
  "postpones": -1,
  "prblm": -2,
  "prblms": -2,
  "pretty": 1,
  "profiteer": -2,
  "propaganda": -2,
  "prosecutes": -1,
  "psychopathic": -2,
  "pure": 1,
  "Qaphela": 2,
  "Qinisekisani": 1,
  "Qondile": 1,
  "qotho": 2,
  "rage": -2,
  "rageful": -2,
  "rainy": -1,
  "rant": -3,
  "ranter": -3,
  "ranters": -3,
  "rants": -3,
  "raptures": 2,
  "rapturous": 4,
  "regretful": -2,
  "repercussion": -2,
  "Repulse": -1,
  "revenge": -2,
  "revengeful": -2,
  "Rig": -1,
  "riveting": 3,
  "rob": -2,
  "robing": -2,
  "rofl": 4,
  "roflcopter": 4,
  "roflmao": 4,
  "romance": 2,
  "romantical": 2,
  "rose": 1,
  "rotfl": 4,
  "rotflmfao": 4,
  "rotflol": 4,
  "saba sibi kakhulu": -3,
  "sabhidlika": -2,
  "sad": -2,
  "sagcwaliseka": 2,
  "salute": 2,
  "sappy": -1,
  "sasebenza": 1,
  "sasesidlive": -2,
  "sasithatha ngamawala": -2,
  "savalwa nomlomo": -2,
  "savange": -2,
  "savanges": -2,
  "savings": 1,
  "Sawubona": 1,
  "scandal": -3,
  "scary": -2,
  "Screams": -2,
  "screwed": -2,
  "screwed up": -3,
  "scumbag": -4,
  "sebuniyo": -2,
  "sekulandela ukuswela": -3,
  "selfbezikhohlisa": -2,
  "selfeziphikisanayo": -2,
  "selikhathele": -2,
  "semthethweni kwezinyathelo": 1,
  "sengeneme": 4,
  "sengozini": -2,
  "senzuzo": 2,
  "serene": 2,
  "sesabe": -2,
  "Sethemba": 2,
  "settlement": 1,
  "sexistic": -2,
  "sexy": 3,
  "sezimiso": -2,
  "share": 1,
  "Shit": -4,
  "shithead": -4,
  "shitty": -3,
  "shiya": -1,
  "shock": -2,
  "shoody": -2,
  "shortababonayo": -2,
  "shortokwesa": -2,
  "Shrew": -4,
  "shy": -1,
  "siba sibi": -3,
  "sibhajwe": -2,
  "sibi": -2,
  "sibi kakhulu": -3,
  "sibukelwa phasi": -2,
  "sibukelwe phansi": -2,
  "sicacise": 1,
  "sichichime injabulo": 4,
  "sidabuke": -2,
  "sidangele": -2,
  "side effect": -2,
  "sifinyelela": 1,
  "sigubha": 3,
  "sihlakaze": -2,
  "Sihlala": -1,
  "sihleka": -2,
  "sihlubuki": -2,
  "sika Emuva": -2,
  "sikhathazeke": -3,
  "sikhohlweka": -1,
  "sikhonondela": -2,
  "sikhubazekile": -2,
  "silawula": -2,
  "silly": -1,
  "siluhlaza": 2,
  "silume": -2,
  "silungele": -2,
  "simangalele": 3,
  "simdumise": 3,
  "simthande": 3,
  "sincerest": 2,
  "sindiso": 3,
  "singenabala": 2,
  "singenakwenzeka": -1,
  "singenele": -2,
  "singesabi": 2,
  "singleminded": -2,
  "siphatheke kabi": -2,
  "siphithiphithi": -2,
  "siphuke imimoya": -3,
  "siqine": 2,
  "siqonde": -1,
  "sisemanzini": 2,
  "sisicuthele": -1,
  "sisole": -2,
  "sithi iholidi elinokuthula": 2,
  "sithunywa": 2,
  "sithuthukise": 3,
  "siwathathe kalula": -1,
  "siyini isithiyo": -2,
  "siyona": -2,
  "siza": 2,
  "sizindle ngenjabulo": 2,
  "sizivikele ngokweqile": -2,
  "slam": -2,
  "slash": -2,
  "slicker": 2,
  "slickest": 2,
  "slumping": -1,
  "slut": -5,
  "smart": 1,
  "smear": -2,
  "smile": 2,
  "smiling": 2,
  "sneaky": -1,
  "sneezed": -2,
  "sneezing": -2,
  "snubbing": -2,
  "snubs": -2,
  "sobugovu": -3,
  "sokubulawa": -3,
  "sokucasuka": -1,
  "sokuhlasela": -1,
  "sokuhlushwa": -4,
  "sokulindela okuhle": 2,
  "sokungazazi": -2,
  "sokuntenga komnotho ezweni sihlalise": -2,
  "sokuxwayisa": -2,
  "sokwahlukana": -2,
  "sokwaziswa okunganembile": -2,
  "sokwenama": 2,
  "sola": -2,
  "solidifying": 2,
  "sore": -1,
  "sorry": -1,
  "spammer": -3,
  "spamming": -2,
  "spiritless": -2,
  "spoilt": -2,
  "sprightly": 2,
  "stereotyped": -2,
  "stinked": -2,
  "stinker": -2,
  "stinks": -2,
  "stinky": -2,
  "stout": 2,
  "strange": -1,
  "stressors": -2,
  "strong": 2,
  "stupid": -2,
  "stupidly": -2,
  "Suave": 2,
  "Sue": -2,
  "sueing": -2,
  "sulky": -2,
  "super": 3,
  "superior": 2,
  "sweet": 2,
  "swift": 2,
  "swindle": -3,
  "swindles": -3,
  "talent": 2,
  "tard": -2,
  "tarnishes": -2,
  "terrifically": 4,
  "terror": -3,
  "terrorizes": -3,
  "thankful": 2,
  "themba": 1,
  "thembeke": 2,
  "thile silahlekelwa ubuntu": -2,
  "thimula": -2,
  "thokozani": 3,
  "Thukuthelani": -3,
  "thwala": -2,
  "Tikhulu": 2,
  "timorous": -2,
  "tits": -2,
  "top": 2,
  "touted": -2,
  "touting": -2,
  "touts": -2,
  "toxic": -3,
  "tragedy": -2,
  "transgressed": -2,
  "transgresses": -2,
  "travesty": -2,
  "treasonous": -3,
  "tremulous": -2,
  "Troll": -2,
  "trust": 1,
  "tshoda": -2,
  "tshwala": -2,
  "twat": -5,
  "tyran": -3,
  "tyrannic": -3,
  "tyrans": -3,
  "ubacasukele": -2,
  "ubalekela": -1,
  "ubhubhisa": -3,
  "ububele": 2,
  "ububha": -1,
  "ububi": -3,
  "ububi obungathi": -2,
  "ubugebengu": -3,
  "Ubugebengu obuhambisana": -3,
  "ubugovu": -3,
  "ubugqila": -3,
  "ubuhle": 3,
  "ubuhleka usulu": -2,
  "ubuhlungu": -2,
  "ubuholi": 1,
  "ubulungiswa": 2,
  "ubumbano": 2,
  "ubumnyama": -1,
  "ubungane": 2,
  "ubungqabavu": 3,
  "ubuqotho": 2,
  "ubusela": -2,
  "Ubusisa": 2,
  "ubuthakathaka": -2,
  "ubuthi": -2,
  "ubuxhwanguxhwangu": -2,
  "ubuyakulangazelela": 1,
  "ubuyisela": 1,
  "ubuyophazamiseka": -2,
  "Ubuze": -2,
  "uchuku": -2,
  "ucindezelwe": -2,
  "ucobekile": -2,
  "udaba": 1,
  "udakwe": -2,
  "udalula": -1,
  "udangele": -2,
  "udidekile": -2,
  "udidekile ngokomqondo": -2,
  "udlame": -3,
  "udlwengulwe": -4,
  "udonsa": -1,
  "udonsa kanzima": -2,
  "udoti": -1,
  "Udoti": -5,
  "udumo": 3,
  "ufisa": 1,
  "ufise": 2,
  "ufunga": -2,
  "ugaxekile": -2,
  "Ugh": -2,
  "ugly": -3,
  "ugqozi": 2,
  "ugwema": -1,
  "ugxeke": -2,
  "uhlakaniphile": 2,
  "uhlanekezelwe": -2,
  "uhlanya": -2,
  "uhlobo": 2,
  "uhlobo oluthize": 0,
  "uhlukunyezwa": -3,
  "uhlupho": -1,
  "ujabula": 3,
  "ujabulela": 2,
  "ujezisa": -2,
  "ujoyine": 1,
  "ukhathazekile": -3,
  "ukhathazwa": -2,
  "ukhathele": -2,
  "Ukhexisa": 3,
  "ukhishwa": 3,
  "ukhiyele": -2,
  "ukhohliwe": -1,
  "ukhohlwe": -1,
  "ukhokhe": -1,
  "ukhokhiswe": -3,
  "ukholo": 1,
  "ukhulula": 2,
  "ukhululiwe": 2,
  "ukhuluphele": -1,
  "Ukuba qotho": 2,
  "ukubaleka": -1,
  "ukubaluleka": 2,
  "ukubambelela ezintweni ezithile ngokungafanele": -2,
  "ukubandakanya": 1,
  "ukubathuka": -2,
  "Ukubeka": -2,
  "ukubekezelelana": 2,
  "ukubhadla ejele": -2,
  "ukubhidliza": -2,
  "ukubhikisha": -2,
  "ukubhujiswa": -3,
  "ukubhuntshisa": -2,
  "ukuboshwa kwabantu": -2,
  "ukububula": -2,
  "ukubukeka kahle": 3,
  "ukubulala": -2,
  "ukubulawa": -3,
  "ukucaciseleka": 2,
  "ukucasula": -3,
  "ukuchuma": 3,
  "ukucindezeleka": -1,
  "ukucindezeleka kwangemva kwenhlekelele": -2,
  "ukucindezelwa": -2,
  "ukucobeka": -2,
  "ukucunula": -3,
  "ukucwasana ngokohlanga": -3,
  "ukucwaswa": -2,
  "ukucwazimula": 3,
  "ukudabuka": -2,
  "ukudanisa": -2,
  "ukudelela": -2,
  "ukudelelwa": -2,
  "ukudida": -2,
  "Ukudikila": -1,
  "ukudingisa": -2,
  "ukudlwengula": -4,
  "ukudukisa": -3,
  "ukudumala": -2,
  "ukudunga": -2,
  "ukufa": -2,
  "ukufela umona": -1,
  "ukufinyelela": 1,
  "ukufiphala": -2,
  "Ukugcwala kwabantu": -1,
  "ukugcwalisa": 2,
  "ukugcwaliseka": 2,
  "ukugeza green": -3,
  "ukugqama": 1,
  "ukugqekeza": -2,
  "ukugqilaza": -2,
  "ukugqugquzela": 1,
  "ukugqwala": -3,
  "ukugubha": 3,
  "ukugula": -2,
  "ukugxeka": -2,
  "ukugxekana": -2,
  "ukugxekwa": -2,
  "ukuhaha": -3,
  "ukuhalalisela": 2,
  "ukuheha": 1,
  "ukuhlabana": 2,
  "ukuhlakanipha": 1,
  "ukuhlasela": -1,
  "ukuhlaselwa": -1,
  "ukuhlehlisa": -1,
  "Ukuhlehlisa": -1,
  "ukuhlenga": 2,
  "Ukuhlengwa": -2,
  "ukuhlola": 1,
  "ukuhlonipha": 2,
  "ukuhlukumezeka": -3,
  "ukuhlukunyezwa": -3,
  "ukuhluleka": -2,
  "Ukuhlwithwa": 2,
  "ukuhoxiswa": -3,
  "ukuhudula": -1,
  "ukujabulela": 2,
  "ukujezisa": -2,
  "Ukukalela": -2,
  "ukuketula": -2,
  "ukukhala": -1,
  "ukukhanga": 2,
  "ukukhangwa": 2,
  "ukukhanyiselwa": 2,
  "ukukhashelwa": -3,
  "ukukhathala": -2,
  "ukukhathazeka": -2,
  "ukukhohlisa": -3,
  "ukukhohliswa": -3,
  "ukukholisa": 1,
  "ukukhononda": -2,
  "ukukhubaza": -1,
  "ukukhubazeka": -2,
  "ukukhula": 2,
  "ukukhungatheka": -2,
  "ukukhuthaza": 1,
  "ukukhwabanisa": -4,
  "ukuklabalasa": -2,
  "ukukopela": -3,
  "ukulahla": -1,
  "ukulahlekelwa": -3,
  "ukulahlwa": -2,
  "ukulamba": -2,
  "ukulangazelela": -1,
  "ukulawula": -2,
  "ukulila": -2,
  "ukulimala": -2,
  "ukululaza": -2,
  "Ukululazeka": -3,
  "ukulunga": 2,
  "ukulwa": -2,
  "ukumamatheka": 2,
  "ukumbhuqa": -2,
  "ukunakekelwa": 2,
  "ukuncoma": 2,
  "ukundindizela": -2,
  "ukunethezeka": 2,
  "ukungabaza": -1,
  "Ukungabaza": -2,
  "ukungabethembi": -3,
  "ukungabi nabulungisa": -2,
  "ukungabi nalutho": -1,
  "ukungadli ngendlela": -2,
  "ukungafundi": -2,
  "ukungakhuli": -2,
  "ukungakhululeki": -2,
  "ukungakukhathaleli": -2,
  "ukungakwazi": -2,
  "ukungamukeleki": -2,
  "ukunganakwa kwezingane": -2,
  "ukungaqondi kahle": -2,
  "ukungasebenzi": -2,
  "ukungasebenzi kwekhono": -2,
  "ukungasetshenziswa kahle kwawo": -2,
  "ukungasihloniphi": -2,
  "ukungathandi": -2,
  "ukungathandwa": -2,
  "ukungazi": -2,
  "ukungaziphathi kahle": -2,
  "ukungcola": -2,
  "ukungcoliswa": -2,
  "ukungena": -2,
  "ukungenzi kahle": -2,
  "Ukungenzi lutho": -2,
  "ukungqubuzana": -2,
  "Ukungqubuzana": -2,
  "ukunqabela": -2,
  "ukunqoba": 3,
  "ukuntula": -2,
  "ukuntuleka": -2,
  "ukuphambuka": -2,
  "ukuphazamisa": -2,
  "ukuphazamiseka": -2,
  "ukuphazamiseka kwengqondo": -2,
  "ukuphazamiseka okube khona": -2,
  "ukuphelela": 3,
  "ukuphepha": 1,
  "ukuphika": -2,
  "Ukuphika": -2,
  "ukuphika isimo, njengokuthi": -2,
  "ukuphindiselwa": -2,
  "ukupholisa": 3,
  "ukuphoqelela": -1,
  "ukuphoqwa": -2,
  "ukuphoxeka": -2,
  "Ukuphula umthetho we": -2,
  "ukuphumelela": 2,
  "Ukuphunyuka": -1,
  "Ukuqamba": -2,
  "ukuqashelwa": 2,
  "ukuqina": 1,
  "ukuqinisa": 2,
  "ukuqinisekisa": 1,
  "ukuqiniswa": 2,
  "ukuqunjelwa": -2,
  "ukuqwasha": -2,
  "ukusekela ngokulondoloza": 1,
  "ukushaqeka": -2,
  "ukushaya indlwabu": -2,
  "ukushayisana": -2,
  "ukushelela": -1,
  "ukushiyeka kwethu okungathí": -2,
  "ukushoda": -2,
  "Ukushuba kwesimo phakathi": -1,
  "ukushushisa": -1,
  "ukushweleza": 2,
  "ukusikeka": -1,
  "ukusilela okwatholakala": -3,
  "ukusiphazamisa": -2,
  "ukusizakala": -2,
  "ukusondelana": 2,
  "ukusungula": 1,
  "ukusweleka": -2,
  "ukuthakazelelwa": 3,
  "ukuthanda": 3,
  "ukuthandwa": 3,
  "ukuthatheka": 2,
  "ukuthekelisa": 2,
  "ukuthelela": -2,
  "ukutheleleka": -2,
  "Ukuthembela": -2,
  "ukuthethelelwa izono": 2,
  "ukuthethisa": -2,
  "ukuthi baye bahlukunyezwa izithandwa": -3,
  "ukuthukana": -2,
  "ukuthula": 2,
  "ukuthulisa": -1,
  "Ukuthuliswa": 2,
  "ukuthumba": -2,
  "ukuthunjwa": -2,
  "ukuthuthumela": -2,
  "ukuthuthwa kwabantu ngenxa yengozi": -1,
  "ukutlhogeka kwemisebenzi": -2,
  "Ukuvalwa": -2,
  "ukuvikela": 1,
  "Ukuvimba": -2,
  "ukuvimbela": -1,
  "ukuvinjelwa": -2,
  "ukuvukela": -2,
  "ukuvumela": 2,
  "ukuvumelana kwabahluleli": -1,
  "ukuvunyelwa": 2,
  "ukuvuza": -1,
  "ukuwasebenzisa kabi": -2,
  "ukuwasha green": -3,
  "ukuxazulula": 1,
  "ukuxazululwa": 2,
  "ukuxhaphaza": -1,
  "ukuxolisa": -1,
  "ukuzethemba": 2,
  "ukuzibophezela": 2,
  "ukuzibulala": -2,
  "ukuzikhohlisa": -2,
  "ukuzilwela": -2,
  "ukuzimisela": 2,
  "ukuzinikela": 2,
  "ukuzinikezela": 2,
  "ukuzola": 2,
  "ukuzuza": 2,
  "ukuzwelwa": 2,
  "ukwakha itulo": -3,
  "ukwamukela": 1,
  "Ukwamukela": 1,
  "ukwandisa": 1,
  "ukwazisa": 2,
  "ukweba": -2,
  "ukwehlisa isithunzi": -2,
  "ukwehluleka": -2,
  "ukwehlulwa": -2,
  "ukwelelesa": -1,
  "ukwenqatshwa": -2,
  "ukwenyanya": -3,
  "ukwephulwa": -2,
  "ukwesaba": -2,
  "ukwesabeka": -2,
  "ukwesasa kuphela": 3,
  "ukweseka": 2,
  "ukwesula amacala": 2,
  "ukwethembana": 1,
  "ukwethembeka": 3,
  "ukweyisa": -2,
  "ulahla": -2,
  "ulahle": -1,
  "ulahlekile": -2,
  "ulaka": -2,
  "ulandela": 3,
  "ulawula": -2,
  "uletha": -2,
  "ululaza": -2,
  "Uma silazisa": 2,
  "umangalele": -2,
  "uMarta wayethikanyezwa": -2,
  "umbhedo": -2,
  "umbhikisho": -2,
  "umbono": 1,
  "umbulali": -2,
  "umcebo": 3,
  "umdlavuza": -1,
  "umdlwenguli": -4,
  "umeme": 1,
  "Umfundzisi angabuta umbuto": -1,
  "umfutho": 1,
  "umgqekezi": -2,
  "umgxeki": -2,
  "umhawu": -2,
  "uMhlayi wosuku": -3,
  "umkhakha": 3,
  "umkhankaso": 1,
  "umkhipha phambili": 2,
  "umkhonyovu": -2,
  "umkhonzo": 1,
  "umkhuhlane": -2,
  "umklomelo": 3,
  "umlilo": -2,
  "umncome": 2,
  "umngane": 1,
  "umona": -1,
  "umonakalo": -2,
  "umoya": 1,
  "umphindiseli": -2,
  "umsebenzi oncomekayo": 3,
  "umsekeli": 1,
  "umsindo ovala izindlebe wokudubula": -1,
  "umsizi": 2,
  "umsolwa": -1,
  "umthwalo": 1,
  "umtshela": 3,
  "umuntu oshonelwe": -2,
  "umusa": 2,
  "umusa wothando": 3,
  "umusho": -2,
  "umuzwa": 1,
  "umvuzo": 2,
  "umxhwele": 3,
  "umzabalazo": -2,
  "unappeasable": -2,
  "unavailing": -2,
  "unaware": -2,
  "unciphise": -2,
  "uncredited": -1,
  "underestimating": -1,
  "underperform": -2,
  "underperforms": -2,
  "undlovukayiphikiswa": -2,
  "unecala": -3,
  "unengekile": -3,
  "uneventful": -2,
  "unfitted": -2,
  "unfocused": -2,
  "unfunny": -2,
  "ungahawukelanga": -1,
  "ungajabule": -2,
  "Ungakhathazeki": -3,
  "ungakhululekile": -2,
  "ungalungiseki": -2,
  "unganqandeki": 2,
  "ungaqiniseki": -1,
  "ungaziki": -2,
  "ungcoliswe": -2,
  "ungeniswe esibhedlela": -2,
  "ungezelele": 1,
  "ungumholi": 2,
  "ungumqambimanga": -3,
  "Unikeze": 2,
  "unimaginative": -2,
  "uninvolving": -2,
  "united": 1,
  "unkulunkulu": 1,
  "unmotivated": -2,
  "Unomona": -2,
  "unondindwa": -5,
  "unonya": -3,
  "unoriginal": -2,
  "unpleasantness": -2,
  "unreleting": -2,
  "unresearched": -2,
  "unsold": -1,
  "unsophisticated": -2,
  "untarnished": 2,
  "untula": -2,
  "uphatheka kabi": -2,
  "uphazamisa": -2,
  "uphelelwa yithemba": -3,
  "uphonsa": -1,
  "uphonse": -1,
  "uphoqelelwa": -2,
  "upon bambalala": -2,
  "uptight": -2,
  "usamukele": 2,
  "usezobajezisa": -3,
  "ushushisa": -2,
  "ushushumbisa": -2,
  "usindiswe": 2,
  "usinga": -3,
  "usizi": -2,
  "Usizo": 2,
  "usola": -2,
  "Usombulula": 1,
  "usongela": -2,
  "usongelwa": -2,
  "usongo": -2,
  "usulu": -2,
  "ususuthi": -1,
  "uthanda": 3,
  "uthando fucking": 4,
  "Uthando fucking": 4,
  "uthulisa": 2,
  "uthuthumele": -2,
  "uthuthuva": -2,
  "utusa": 2,
  "uvalo": -2,
  "uvikela": 1,
  "uvukela": -2,
  "Uvuselela": 2,
  "uwenza": 1,
  "Uxakekile": -1,
  "uxazulule": 2,
  "Uxosha": -2,
  "uxwayisa": -2,
  "Uyabalahla": -2,
  "Uyahlanekezelwa": -2,
  "uyahleka": 1,
  "uyajabula": 3,
  "uyakhonza": 1,
  "uyakhuleka": 1,
  "uyakufanelekela": 2,
  "uyakuthethisa": -3,
  "uyakwazisa": 2,
  "uyalila": -2,
  "uyanengwa": -3,
  "uyavuma": 1,
  "uyayilahla": -1,
  "Uyazazisa": 3,
  "uyaziqhenya": 2,
  "uyekeisiwe": -1,
  "uyelulekwa": 1,
  "uyesabe": -2,
  "uyingane": -2,
  "uyinqaba": -2,
  "uyoniwa": -2,
  "uzibophezela": 1,
  "uzilungise": 2,
  "uzowubuyisela": 1,
  "uzuza": 2,
  "vala": -3,
  "vapid": -2,
  "victimizes": -3,
  "victor": 3,
  "vimbela": -2,
  "vitamin": 1,
  "vivacious": 3,
  "vociferous": -1,
  "vomits": -3,
  "vumela": 2,
  "vusa": 3,
  "wabalungisisa": 2,
  "wabelane": 1,
  "wabhubhisa": -3,
  "wabubula": -2,
  "wacasha": -1,
  "wacasuka": -3,
  "wadalula": -1,
  "wadzabuka enhlitiyweni yakhe": -2,
  "wafa": -3,
  "wafeza": 2,
  "wagcizelela": -2,
  "wagibela umkhumbi": 1,
  "Wagqugquzela": -2,
  "wagwetshwa": -2,
  "wagxeka": -2,
  "wahlaselwa": -1,
  "wahleka": 1,
  "wahlukumezeka": -3,
  "wahlupheka": -2,
  "wahudulela isisulu": -1,
  "wajabulela": 2,
  "wakhala": -2,
  "wakhethwa": 1,
  "wakhononda": -2,
  "wakhululeka": 2,
  "waklama namawashi ahlekisayo": 1,
  "waklinywa": -2,
  "walilela": -2,
  "walincoma": 2,
  "walisekela": 2,
  "walishushisa": -2,
  "walkouts": -2,
  "walungisa": 1,
  "wamangalela": -2,
  "wambingelela": 2,
  "wambingelela u": 1,
  "wamcasula": -2,
  "wamenyezelwa": 2,
  "wamesabisa": -3,
  "waminza": -2,
  "wamkhohlisa": -2,
  "wamoyizela": 2,
  "wamsola": -3,
  "wamukelekile": 2,
  "wamvuza": 2,
  "wanamathela": -2,
  "wancoma": 2,
  "wanelisekile": 2,
  "wangabaza": -1,
  "wangaphumelela": -2,
  "wangazinaka": -1,
  "wangiklwebha": -2,
  "wanker": -3,
  "wanuka": -2,
  "wanyamalala": -1,
  "waphenywa ngemibuzo": -2,
  "waphika": -2,
  "waphoqa": -2,
  "waphula": -1,
  "waphumelela": 3,
  "waqinisa": 2,
  "wasale": -1,
  "waseLenasia": -4,
  "wasemuva": 2,
  "wasenqaba": -1,
  "wasezulwini": 4,
  "washaqeka": -2,
  "washaya": -1,
  "washaywa": -2,
  "washikashikeka": -2,
  "wasinda": 2,
  "wasizakala": -2,
  "watatazela": -3,
  "Wathanda": 3,
  "wathembisa": 1,
  "wathuka": -3,
  "wathulisa": 2,
  "wathunjwa": -2,
  "wavele wangamnaka": -2,
  "wavuma": -1,
  "wawubhuntshisa": -2,
  "wawuhamba": -2,
  "waxolisa": -1,
  "waxwayisa": -2,
  "wayala labo": -2,
  "wayefisa": 2,
  "wayekhathazeka": -2,
  "wayesaphaze": -2,
  "wayethembele": 2,
  "wayezilahla": -3,
  "wazenza": -3,
  "wazisola": -2,
  "weba": -2,
  "wecala": -3,
  "wemisebenzi": 2,
  "wena oboniswe umusa omkhulu": 2,
  "wenqaba": -2,
  "weqiniso": 2,
  "wesimanje": 2,
  "wethuke": -3,
  "wethukile": -2,
  "weyisa": -2,
  "wezindlu": 2,
  "win": 4,
  "winner": 4,
  "winwin": 3,
  "Wits": 2,
  "wobuciko": 4,
  "wobuhlakani": 3,
  "wobushiqela": -2,
  "woebegone": -2,
  "wokubusa": 1,
  "wokucindezelwa": -2,
  "wokulila": -2,
  "wokutakula": 2,
  "wokuthokoza": 3,
  "Won": 3,
  "wonakalisa": -3,
  "Woo": 3,
  "wooo": 4,
  "Woow": 4,
  "Worries": -3,
  "WOWOW": 4,
  "wowww": 4,
  "WTF": -4,
  "wtff": -4,
  "wtfff": -4,
  "xo": 3,
  "XOLELA": 2,
  "xosha": -2,
  "XOXO": 3,
  "xoxoxo": 4,
  "xoxoxoxo": 4,
  "yababa": -2,
  "Yafa olwembiza": -2,
  "yakhinyabezeka": -1,
  "yamahlaya": 1,
  "yamukela omagazini": 1,
  "yashubisa": -2,
  "yawohloka": -2,
  "yayenga": -1,
  "yayixaka": -2,
  "yazuza": 2,
  "yeah": 1,
  "yebo": 1,
  "yedwa": -2,
  "yeees": 2,
  "Yekani ukubanga umsindo": -2,
  "yekwentiwa": -1,
  "yenanelwa": 2,
  "yentshiseko": 2,
  "yenye": -2,
  "yenze umbukwane": -3,
  "yesihle": 2,
  "yethuswa": -2,
  "yibhange": -2,
  "yingcugco": -2,
  "yingozi lapho iphuzwa ngokweqile": -2,
  "Yinhle": 3,
  "Yini embi ngalo": -2,
  "yinqaba": -2,
  "yisijaka": -2,
  "yisikhathi": -1,
  "yisimo": -1,
  "yobuciko": 4,
  "yobudlova": -3,
  "yobuwula": -3,
  "yokubingelela": 1,
  "yokuduba": -2,
  "yokulahla": -1,
  "yokulimala": -2,
  "yokulimala ekwakhiweni": -3,
  "yokulinyazwa": -2,
  "yokulwa": -1,
  "yokumjuba": -2,
  "yokuncintisana": 2,
  "yokungabaza": -2,
  "yokungathembeki": -2,
  "yokungcola": -2,
  "yokungenwa": 4,
  "yokuphathwa kabi": -2,
  "yokuquba": -1,
  "yokuzenzisa": -2,
  "yokuzibulala": -2,
  "yokuzigxilisa": 2,
  "yokuzijabulisa": 3,
  "yokuzinikela": 2,
  "yokuziqhayisa": -2,
  "yokwamukela izivakashi": -2,
  "yokwephula": -2,
  "yonakele ngalokwengcile": -3,
  "yucky": -2,
  "Yummy": 3,
  "zabuzwa ukuthi": -1,
  "zakhumbuleka kalula": 1,
  "Zamacala Ezihlubuki zangeNkathi Ephakathi": -2,
  "zamukele": 1,
  "zangena kuma": -1,
  "zaphazamisa": -2,
  "zashaya ihlombe": 2,
  "zazihlolwa": -2,
  "zazikuphazamisa": -2,
  "zazingamthandi": -2,
  "zaziphatha ngendlela engafanele": -2,
  "zaziswe": 2,
  "zembubhiso": -2,
  "zemikhosi": 2,
  "zemvelo": 1,
  "zenza": -2,
  "zibabaza": 3,
  "zibangele amahloni": -2,
  "zidabukile": -2,
  "zidilika": -2,
  "zidla": -2,
  "ZIHALALISELA": 2,
  "zikanokusho": 2,
  "zikhathale": -2,
  "zikhexile": 3,
  "zikubonisa ngokucace": 2,
  "zile": 2,
  "zimpi": -2,
  "zingafezeki": -2,
  "zingaqondile": -2,
  "zingashayisani": -1,
  "zingenacala": 2,
  "zingenzi kahle": -2,
  "zinyamalale": -1,
  "ziphikisa": -1,
  "zisacindezela": 3,
  "zishukumisa": 1,
  "Zithutha": -2,
  "zivimbela": -1,
  "ziwohloka": -2,
  "ziwumthwalo": -1,
  "ziyahlanya": -3,
  "ziyakhanga": 2,
  "ziyakhishwa": -1,
  "ziyalimaza": -3,
  "ziyanuka": -2,
  "ziyavuma": 1,
  "ziyingozi": -2,
  "ziyobopha": -2,
  "zizenze": -1,
  "zizithola sezibhekabheka emfucumfucwini zifuna": -1,
  "zizwela ngokweqile": -2,
  "zobandlululo": -3,
  "zobuqaba": -2,
  "zokubaxosha": -2,
  "zokubulawa": -3,
  "zokucabangela": -2,
  "zokuchitha": -2,
  "zokucindezeleka": -2,
  "zokugwazela": -3,
  "zokuhlushwa": -3,
  "zokukhwabanisa": -1,
  "zokungabaza": -2,
  "zokunganaki": -2,
  "zokungaziphathi": -2,
  "zokungenela": -2,
  "zokusiza abantulayo": 2,
  "zokusola": -1,
  "zokuthelela": -2,
  "zokwengamela": -1,
  "zombukiso kungabhebhethekisa": -2,
  "zomthetho": 1,
  "zonakale": -2,
  "zonda": -3
}