{
  "absolving": 2,
  "absorbujący": 3,
  "acquits": 2,
  "adoracja": 3,
  "adorować": 3,
  "adorowany": 3,
  "adoruje": 3,
  "afektowany": -1,
  "affectionateness": 3,
  "agonises": -3,
  "agonistami": -3,
  "agresja": -2,
  "agresji": -2,
  "agresywnie": -2,
  "agresywność": -2,
  "agresywny": -2,
  "akcentowany": -2,
  "akceptując": 1,
  "akceptuje": 1,
  "Akcje": 1,
  "aktywny": 1,
  "alarm": -1,
  "alarmista": -2,
  "alienacja": -2,
  "Alleluja": 3,
  "altruistyczny": 2,
  "amatorski": -2,
  "ambitny": 2,
  "ambiwalentny": -1,
  "analfabetyzm": -2,
  "angażować": 1,
  "Angers": -3,
  "animozja": -2,
  "annoys": -2,
  "antagonistyczny": -2,
  "anty": -1,
  "antypatie": -2,
  "anulowanie": -1,
  "Anuluj": -1,
  "anuluje": -1,
  "apatia": -3,
  "apatyczny": -3,
  "apeshit": -3,
  "apokaliptyczny": -2,
  "arcydzieła": 4,
  "arcydzieło": 4,
  "aresztować": -2,
  "aresztowania": -2,
  "aresztowanie": -2,
  "aresztowany": -3,
  "arogancki": -2,
  "arsehole": -4,
  "assfucking": -4,
  "astounds": 3,
  "atak": -1,
  "ataki": -1,
  "atrakcja": 2,
  "atrakcyjność": 2,
  "atrakcyjny": 2,
  "au": -2,
  "aura": 1,
  "autorytet": 1,
  "Avenged": -2,
  "averts": -1,
  "awarie": -2,
  "axed": -1,
  "backed": 1,
  "badanie": 1,
  "Badass": -3,
  "bagatelizować": -2,
  "bagatelizuje": -2,
  "bajecznie": 4,
  "bał": -2,
  "bałagan": -2,
  "Bamboozled": -2,
  "bamboozles": -2,
  "banalny": -2,
  "bandyta": -2,
  "bani": -3,
  "bankructwo": -3,
  "Bankster": -3,
  "barbarzyńca": -2,
  "barbarzyński": -2,
  "bariera": -2,
  "battled": -1,
  "bawić": 3,
  "Beauties": 3,
  "beczenie": -2,
  "bereaves": -2,
  "bereaving": -2,
  "best Damn": 4,
  "bez serca": -2,
  "bez skazy": 2,
  "bez wyobraźni": -2,
  "bez wyrazu": -3,
  "bez wysiłku": 2,
  "bez znaczenia": -2,
  "bez życia": -1,
  "bezbłędnie": 2,
  "bezbronny": -2,
  "bezcelowy": -2,
  "bezczynność": -2,
  "bezdomny": -2,
  "bezinteresowny": 2,
  "bezkompromisowość": -2,
  "bezmyślny": -2,
  "beznadziejnie": -3,
  "beznadziejność": -2,
  "beznadziejny": -2,
  "bezowocny": -2,
  "bezpieczeństwo": 1,
  "bezpieczne": 2,
  "bezpiecznie": 1,
  "bezpieczniej": 2,
  "bezpieczny": 1,
  "bezprawny": -2,
  "bezproblemowo": 2,
  "bezradny": -2,
  "bezrobocie": -2,
  "bezrobotny": -1,
  "bezrozumnie": -3,
  "bezsenność": -2,
  "bezsilny": -2,
  "bezskutecznie": -2,
  "bezszwowy": 2,
  "beztroski": 1,
  "bezużyteczność": -2,
  "bezużyteczny": -2,
  "Bezwartościowy": -2,
  "bezwzględny": -1,
  "bezzębny": -2,
  "bić brawo": 2,
  "bicie": -1,
  "biegu": 1,
  "bierny": -1,
  "biesiadny": 2,
  "bitwa": -1,
  "bity": -2,
  "bla": -2,
  "błąd": -2,
  "blask": 3,
  "błędnie": -2,
  "błędnie odczytany": -1,
  "błędnie zaklasyfikowana": -2,
  "błędny": -2,
  "błędnych": -2,
  "błędy": -2,
  "blizna": -2,
  "blizny": -2,
  "błogi": 3,
  "błogość": 3,
  "błogosławi": 2,
  "błogosławić": 2,
  "błogosławieństwa": 3,
  "błogosławieństwo": 3,
  "blok": -1,
  "blokada": -2,
  "Bloki": -1,
  "bloking": -1,
  "blokować": -2,
  "błyskotki": 3,
  "błyszczący": 2,
  "Bóg": 1,
  "bogactwo": 3,
  "bogato": 2,
  "bogatsi": 2,
  "bogaty": 2,
  "bohater": 2,
  "bohaterowie": 2,
  "bojąc": -2,
  "bojaźliwy": -2,
  "bojkot": -2,
  "bojkoty": -2,
  "ból": -1,
  "bół głowy": -2,
  "boleść": -3,
  "boleściwy": -2,
  "bolesny": -2,
  "bolesnym": -2,
  "boli": -2,
  "bomba": -1,
  "borykać się": -2,
  "brak": -2,
  "brak szacunku": -2,
  "braki": -2,
  "brakujący": -2,
  "brawo": 2,
  "brawura": 3,
  "brilliances": 3,
  "bródkowy": 3,
  "bronić": 2,
  "brud": -2,
  "brudniejsze": -2,
  "brudny": -2,
  "brutalnie": -3,
  "brutalny": -3,
  "brutto": -2,
  "brzdęknięcie": -2,
  "brzydki": -3,
  "brzydko": -3,
  "brzydota": -3,
  "brzydzi": -3,
  "brzydzić": -3,
  "bumelant": -1,
  "bunt": -2,
  "Buntownik": -2,
  "buziaki": 3,
  "być w formie": 2,
  "bzdury": -3,
  "cechy": 2,
  "celowy": 2,
  "ceni sobie": 2,
  "cenionych": 2,
  "cenzor": -2,
  "cenzorzy": -2,
  "championed": 2,
  "chaos": -2,
  "chaotyczny": -2,
  "charytatywny": 2,
  "charyzma": 2,
  "chastising": -3,
  "chcieć": 1,
  "chciwość": -3,
  "chciwy": -2,
  "cheaty": -3,
  "chęci": 2,
  "chełpliwy": -2,
  "chętny": 2,
  "chides": -3,
  "chiding": -3,
  "chlapa": -5,
  "chłodny": 1,
  "chłodzenie": -1,
  "chmurzy": -1,
  "cholera": -4,
  "cholernie": -4,
  "cholernie dobry": 4,
  "cholernie gorąco": 2,
  "cholernie słodkie": 3,
  "cholerny": -2,
  "choroba": -1,
  "choroby": -1,
  "chory": -2,
  "chroni": 1,
  "chroniony": 1,
  "chuligan": -2,
  "chuligani": -2,
  "chuligaństwo": -2,
  "chwała": 2,
  "chwaląc": 3,
  "chwalony": 3,
  "chwiejny": -1,
  "chwilowa moda": -2,
  "ciąć": -1,
  "ciął": -2,
  "cichy": 2,
  "cięcia": -1,
  "cięcie": -2,
  "ciekawy": 2,
  "ciemność": -1,
  "ciepło": 2,
  "ciepły": 1,
  "cierpi": -2,
  "cierpiący": -1,
  "cierpiących": -2,
  "cierpiał": -2,
  "cierpienie": -2,
  "cierpko": -2,
  "ciesząc": 2,
  "cieszy się": 2,
  "cieszyć": 4,
  "cieszyć się": 2,
  "cieszył się": 2,
  "ciężko": -1,
  "ciota": -3,
  "cioto": -5,
  "cipa": -5,
  "cnotliwy": 2,
  "cocksucker": -5,
  "cocksuckers": -5,
  "conciliates": 2,
  "conciliating": 2,
  "consolable": 2,
  "coverup": -3,
  "criminate": -3,
  "criminated": -3,
  "criminates": -3,
  "cud": 4,
  "cuda": 3,
  "cudowny": 3,
  "cutback": -2,
  "cycki": -2,
  "cyniczny": -2,
  "cynik": -2,
  "cynizm": -2,
  "czai": -1,
  "czarnuch": -5,
  "czarnuchy": -5,
  "czarujący": 3,
  "czas": -2,
  "czczony": 3,
  "czekać na": -1,
  "człowiek nienawidzący kogoś coś": -3,
  "czoło": 1,
  "czop": -2,
  "czuć wstręt": -3,
  "czujny": 3,
  "czułość": 2,
  "czuły": 3,
  "Czyści": 1,
  "czysty": 2,
  "daremny": -2,
  "darowizna": 2,
  "darowizny": 2,
  "dąsać": -2,
  "decydujący": 1,
  "dedykowane": 2,
  "deficyt": -2,
  "deformacje": -2,
  "defrauds": -3,
  "degradować": -2,
  "dejecting": -2,
  "dejects": -2,
  "deklamator": -3,
  "delighting": 3,
  "delikatny": 2,
  "demonstracja": -1,
  "demoralizuje": -2,
  "denerwować": -2,
  "denerwujący": -2,
  "denier": -2,
  "deportacja": -2,
  "deportacje": -2,
  "deportować": -2,
  "deportowany": -2,
  "deports": -2,
  "depresja": -1,
  "derails": -2,
  "deriding": -2,
  "despotycznie": -3,
  "despotyczny": -3,
  "destrukcyjny": -3,
  "deszczowy": -1,
  "dewastacja": -2,
  "dezaprobata": -2,
  "dezorientować": -2,
  "diament": 1,
  "dickhead": -4,
  "dilligence": 2,
  "direful": -3,
  "disconsolation": -2,
  "disgustful": -3,
  "disparaged": -2,
  "dławiąc": -2,
  "dławić się": -2,
  "dławiki": -2,
  "dług": -2,
  "do przyjęcia": 1,
  "dobra kurwa": 4,
  "dobre samopoczucie": 2,
  "dobrobyt": 3,
  "dobroć": 3,
  "dobroczyńca": 2,
  "dobroczyńców": 2,
  "dobry": 3,
  "dobry kierunek": 3,
  "dobrze bronione": 3,
  "dobrze rozwinięta": 2,
  "dobrze zorientowanych": 2,
  "docenia": 2,
  "doceniać": 2,
  "doceniający": 2,
  "docenione": 2,
  "dodał do ulubionych": 2,
  "Dofinansowanie": -2,
  "dojrzały": 2,
  "dokuczliwy": -2,
  "dont like": -2,
  "dopasowanie": 1,
  "dopełniane": 2,
  "doping": 2,
  "dopingować": 2,
  "doprowadzający do wściekłości": -2,
  "dopuszczać": 1,
  "dość": -3,
  "dosięgnąć": 1,
  "doskonale": 3,
  "doskonałość": 3,
  "doskonały": 3,
  "dostatni": 3,
  "dostępny": 1,
  "dotacja": 1,
  "dotacje": 1,
  "dotknięty": -2,
  "dowcipny": 2,
  "dowcipy": 2,
  "Downer": -2,
  "drań": -5,
  "dranie": -5,
  "drapieżny": -2,
  "drażliwy": -2,
  "drażni": -3,
  "dręczące": -3,
  "drobne przyjemności": 3,
  "drogi": 2,
  "drogo": 3,
  "drwić": -2,
  "drwina": -2,
  "drżący": -2,
  "drżenie": -2,
  "duch": 1,
  "dumnie": 2,
  "dumny": 2,
  "dumpingowych": -2,
  "dupek": -3,
  "duży": 1,
  "dylemat": -1,
  "dymiący": -2,
  "dysfunkcja": -2,
  "dyskontowane": -1,
  "dyskredytuje": -2,
  "dyskryminacyjny": -2,
  "dyskryminować": -2,
  "dyskryminowane": -2,
  "dźgnięty": -2,
  "działania wojenne": -2,
  "dziecinny": -2,
  "dzięki": 2,
  "dzielić": 1,
  "dzielności": 2,
  "dzielny": 3,
  "dzień dobry": 1,
  "dziwaczny": -2,
  "dziwne": -1,
  "dziwnie": -1,
  "dziwny": -2,
  "efekt uboczny": -2,
  "efektywny": 2,
  "egoizm": -3,
  "ekscytujący": 3,
  "Ekskluzywny": 2,
  "eksmisja": -1,
  "eksploatowany": -2,
  "eksponuje": -1,
  "ekstatyczny": 4,
  "ekstremiści": -2,
  "ekstremista": -2,
  "elegancki": 2,
  "elegancko": 2,
  "empatyczny": 2,
  "empowerment": 2,
  "energetyczny": 2,
  "energiczny": 2,
  "entuzjastyczny": 3,
  "estetycznie": 3,
  "etyczny": 2,
  "euforia": 3,
  "euforyk": 4,
  "evergreening": -3,
  "evergreeny": 2,
  "ewakuacja": -1,
  "ewakuację": -1,
  "ewakuować": -1,
  "ewakuowany": -1,
  "ewakuuje": -1,
  "exasparate": -2,
  "excruciatingly": -1,
  "exhilarates": 3,
  "exploity": -2,
  "expose": -1,
  "fachowo": 2,
  "fainthearted": -2,
  "fajne rzeczy": 3,
  "faker": -3,
  "faktycznie": 2,
  "fałszować": -3,
  "Fałszowanie": -3,
  "fałszywie": -2,
  "fałszywy": -1,
  "fanatycy": -2,
  "fantastyczny": 4,
  "farsa": -1,
  "fascynacja": 3,
  "fascynować": 3,
  "fascynujący": 3,
  "fascynuje": 3,
  "faszyści": -2,
  "faszystowski": -2,
  "fatalny": -3,
  "faul": -3,
  "favourited": 2,
  "fenomenalnie": 4,
  "fervid": 2,
  "fiasko": -3,
  "figlarny": 2,
  "filantropia": 2,
  "flagowy": 2,
  "fobii": -2,
  "foreclosures": -2,
  "fortuna": 2,
  "frasobliwy": -3,
  "frikin": -2,
  "frustruje": -2,
  "ftw": 3,
  "Fucked": -4,
  "fuckface": -4,
  "fuckhead": -4,
  "fucktard": -4,
  "fud": -3,
  "fuked": -4,
  "fuking": -4,
  "galanteria": 3,
  "gazowana": 3,
  "głód": -2,
  "głodować": -2,
  "głodujący": -2,
  "głodzi": -2,
  "głośny": -1,
  "głupcy": -2,
  "głupek": -3,
  "głupi": -1,
  "głupie gadanie": -4,
  "głupio": -2,
  "głupkowaty": -2,
  "głupota": -3,
  "gniew": -3,
  "gniewny": -3,
  "gnojek": -2,
  "godność": 2,
  "godny": 2,
  "godny podziwu": 3,
  "goofiness": -2,
  "gorączka": -2,
  "gorliwiec": -2,
  "gorliwy": 2,
  "gorszący": -2,
  "gorszy": -2,
  "gorzej": -2,
  "gorzki": -2,
  "gorzkie": -2,
  "gorzko": -2,
  "gotowy": -2,
  "gówienko": -3,
  "gówniany": -3,
  "gówno": -4,
  "gr8": 3,
  "Gra zmienia": 3,
  "grad": 2,
  "granice": -1,
  "gratulacja": 2,
  "gratulacje": 2,
  "Gratulacje": 2,
  "gratyfikacja": 2,
  "greenwasher": -3,
  "greenwashers": -3,
  "greenwashing": -3,
  "Greenwashing": -3,
  "Greets": 1,
  "grób": -2,
  "gromadzenie się": -1,
  "grot": 2,
  "groźba": -2,
  "grozi": -2,
  "grozić": -2,
  "groźny": -2,
  "gruby": 2,
  "gruzy": -2,
  "grypa": -2,
  "grzech": -2,
  "grzechy": -2,
  "grzeszny": -3,
  "grzywny": -2,
  "gust": 2,
  "guz": -2,
  "gwałciciel": -4,
  "gwałtownie": -3,
  "gwałtowny": -3,
  "gwarancja": 1,
  "ha": 2,
  "ha ha": 3,
  "hacked": -1,
  "hahaha": 3,
  "hahahah": 3,
  "hamować": -1,
  "hańba": -2,
  "handlarz": -2,
  "haniebny": -2,
  "haplessness": -2,
  "Harmonia": 2,
  "harmonijnie": 2,
  "harmonijny": 2,
  "harried": -2,
  "Hates": -3,
  "Haunts": -1,
  "heavyhearted": -2,
  "hehe": 2,
  "hejterzy": -3,
  "heroiczny": 3,
  "hipnotyzujące": 3,
  "histeria": -3,
  "histeryczny": -3,
  "hojnie": 2,
  "hojny": 2,
  "hołd": 2,
  "honor": 2,
  "horyzont": 1,
  "hospitalizowany": -2,
  "humanitarny": 2,
  "humbug": -2,
  "humerous": 3,
  "humor": 2,
  "humorystyczny": 2,
  "Hurra": 5,
  "icky": -3,
  "idealny": 3,
  "idiota": -3,
  "idiotyczny": -3,
  "idiotyzm": -3,
  "ignorancja": -2,
  "ignorować": -1,
  "ignorowane": -2,
  "ignoruje": -1,
  "imbecyl": -3,
  "imitacja": -3,
  "impas": -2,
  "impedingly": -2,
  "imponować": 3,
  "imponujący": 3,
  "incapacitates": -2,
  "incensing": -2,
  "indoktrynacji": -2,
  "indoktrynować": -2,
  "indoktrynuje": -2,
  "inediable": -2,
  "infantylizowani": -2,
  "infantylny": -2,
  "infekcja": -2,
  "infekować": -2,
  "infests": -2,
  "infracted": -2,
  "infracting": -2,
  "infracts": -2,
  "inkwizycja": -2,
  "innovates": 1,
  "innowacja": 1,
  "innowacyjny": 2,
  "Inspiracja": 2,
  "inspirować": 2,
  "inspirujące": 3,
  "inspirujący": 2,
  "inspiruje": 2,
  "integralność": 2,
  "inteligentny": 2,
  "intensywny": 1,
  "intransigency": -2,
  "intymność": 2,
  "inwalidztwo": -2,
  "inwazja": -1,
  "ironia": -1,
  "ironiczny": -1,
  "irracjonalny": -1,
  "irytować": -3,
  "irytujący": -1,
  "iskra": 1,
  "jadowity": -3,
  "jakiś rodzaj": 0,
  "jakość": 2,
  "japonki": -2,
  "jasność": 1,
  "jasny": 1,
  "jęcząc": -2,
  "jęczała": -2,
  "jęczeć": -2,
  "jędza": -4,
  "jęk": -2,
  "jęki": -2,
  "jęknął": -2,
  "Jestem cierpliwy": -2,
  "Jezus": 1,
  "jowialny": 2,
  "kadzidła": -2,
  "kadzidło": -2,
  "kapitał": 2,
  "kapryśny": 1,
  "karać": -2,
  "karane": -2,
  "karanie": -2,
  "karci": -3,
  "karcił": -3,
  "karny": -2,
  "karze": -2,
  "katastrofa": -2,
  "katastrofalny": -4,
  "katastrofy": -2,
  "kibic": 1,
  "kicha": -2,
  "kichać": -2,
  "kichanie": -2,
  "kichnął": -2,
  "kinder": 2,
  "kłamca": -3,
  "kłamcami": -3,
  "klejnot": 3,
  "klejnoty": 1,
  "kłopot": -2,
  "kłopotliwy": -2,
  "kłopoty": -2,
  "knebel": -2,
  "kochać": 2,
  "kochająca życzliwość": 3,
  "kochający": 2,
  "kochał": 3,
  "kogut": -5,
  "kojący": 3,
  "kolejny": 3,
  "kolidować": -2,
  "kolizja": -2,
  "kolizje": -2,
  "komedia": 1,
  "komfort": 2,
  "Komfortowy": 1,
  "komiczny": 1,
  "kompetencje": 1,
  "kompetentny": 2,
  "komplement": 2,
  "komplikując": -2,
  "konające": -3,
  "koncentruje": 2,
  "konflikt": -2,
  "konfliktowe": -2,
  "konflikty": -2,
  "konkurencyjny": 2,
  "kontestowalne": -2,
  "kontrowersje": -2,
  "kontrowersyjnie": -2,
  "kontrowersyjny": -2,
  "korumpuje": -3,
  "korupcja": -3,
  "korzyść": 2,
  "korzyści": 2,
  "korzystających": 2,
  "korzystały": 2,
  "korzystnie": 2,
  "korzystny": 2,
  "kosztowny": -2,
  "kozioł ofiarny": -2,
  "kozłami ofiarnymi": -2,
  "kpi": -2,
  "Kradnie": -2,
  "kradzież": -2,
  "kraść": -2,
  "krosnach": -1,
  "krótkowzroczność": -2,
  "krótkowzroczny": -2,
  "krwawy": -3,
  "kryminał": -3,
  "krytycy": -2,
  "krytyk": -2,
  "krytyka": -2,
  "krytykować": -2,
  "krytykowane": -2,
  "krytykując": -2,
  "krytykuje": -2,
  "kryzys": -3,
  "krzepki": 2,
  "krzepnie": 2,
  "krzyczeć": -2,
  "krzyk": -2,
  "krzyki": -2,
  "krzywdzenie": -2,
  "krzywoprzysięstwo": -3,
  "krzywy": -2,
  "Ku pamięci": -2,
  "kulawy": -2,
  "kurtuazja": 2,
  "kurwa": -4,
  "kurwa fantastyczne": 4,
  "kurwa idealne": 4,
  "kurwa kocha": 4,
  "kurwa miłość": 4,
  "kurwa niesamowite": 4,
  "kurwa piękne": 4,
  "kurwa słodkie": 4,
  "kutas": -4,
  "kwestionując": -2,
  "ładne": 2,
  "ładnie": 2,
  "ładny": 1,
  "łagodny": 1,
  "łagodzący": 2,
  "łagodzeniu": 2,
  "łagodzić": 3,
  "łał": 4,
  "łamane": -2,
  "lansowany": 1,
  "łapówki": -3,
  "Łaska": 2,
  "łaskawy": 3,
  "łatwo": 1,
  "łatwość": 2,
  "łatwowierność": -2,
  "łatwowierny": -2,
  "laughting": 1,
  "Lawl": 3,
  "lekceważenie": -2,
  "lekceważyć": -1,
  "lekkomyślny": -2,
  "lękliwy": -2,
  "leniwy": -1,
  "lepszy": 2,
  "letarg": -2,
  "LGD": -2,
  "likers": 2,
  "LMFAO": 4,
  "lobbował": -2,
  "lobby": -2,
  "lobbysta": -2,
  "lobbystów": -2,
  "lojalność": 3,
  "lol": 3,
  "lolol": 4,
  "lololol": 4,
  "lolololol": 4,
  "lool": 3,
  "loool": 3,
  "looool": 3,
  "los": -2,
  "Lovelies": 3,
  "lubi": 2,
  "lubić": 2,
  "lukratywny": 3,
  "luksus": 2,
  "luźny": -3,
  "lżenie": -2,
  "łzy": -2,
  "machinacje": 1,
  "madeup": -1,
  "mądrość": 1,
  "mądry": 1,
  "mądrzejszy": 2,
  "majaczyły": -1,
  "majątek": 2,
  "majdan": -1,
  "makabryczny": -2,
  "maladaption": -2,
  "maldevelopment": -2,
  "malowniczy": 2,
  "maltretowanie": -2,
  "manipulacja": -1,
  "manipulować": -1,
  "Manipulowanie": -1,
  "marnie": -3,
  "marnotrawstwo": -1,
  "marszcząc brwi": -1,
  "martwić się": -3,
  "materia": 1,
  "matowieje": -2,
  "mdły": -2,
  "męczący": -2,
  "męczyć": -3,
  "medal": 3,
  "medytacyjny": 1,
  "męka": -2,
  "melancholia": -2,
  "metodycznie": 2,
  "metodyczny": 2,
  "miażdżący": -1,
  "miażdży": -1,
  "mile widziana": 2,
  "miłość": 3,
  "Miłośnicy": 2,
  "miły": 3,
  "minusem": -2,
  "mirthful": 3,
  "mirthfully": 3,
  "misbehaves": -2,
  "misbranding": -3,
  "miscast": -2,
  "misclassifies": -2,
  "misclassify": -2,
  "misconducted": -2,
  "misconducting": -2,
  "misinformed": -2,
  "misleaded": -3,
  "misplacing": -2,
  "mispricing": -3,
  "misreport": -2,
  "misreports": -2,
  "Misrepresented": -2,
  "mistrz": 2,
  "mistrzowie": 2,
  "mit": -1,
  "młodzieńczy": 2,
  "mocks": -2,
  "modernizacja": 2,
  "modernizuje": 2,
  "modląc": 1,
  "modli": 1,
  "modlić się": 1,
  "molestuje": -3,
  "monopolizacji": -2,
  "monopolizuje": -2,
  "monotonia": -1,
  "monotonny": -2,
  "moping": -1,
  "mordęga": -2,
  "morderca": -2,
  "morderczy": -3,
  "morderstwa": -2,
  "morderstwo": -2,
  "mordowanie": -3,
  "motherfucking": -5,
  "motywacja": 1,
  "motywacji": -2,
  "motywować": 1,
  "motywowane": 2,
  "motywujące": 2,
  "może \"znieść": -3,
  "możliwości": 2,
  "mroczny": -2,
  "mrok": -1,
  "mści": -2,
  "mściciel": -2,
  "Mściciele": -2,
  "mściwy": -2,
  "mumpish": -2,
  "mundur": -2,
  "mylące": -2,
  "mylna informacja": -2,
  "n00b": -2,
  "na": 1,
  "na szczęście": 3,
  "nabożny": 2,
  "nabyty": 1,
  "naciągnięcie": -2,
  "nacisk": -1,
  "nadaje się": 2,
  "nadąsany": -2,
  "nadęty": -1,
  "nadmierną reakcją": -2,
  "nadopiekuńczy": -2,
  "nadszarpnięta": -2,
  "nadużycia": -3,
  "nadużycie": -3,
  "nadużywa": -3,
  "nadużywane": -2,
  "nadużywania": -2,
  "nadużywanie": -2,
  "nadużywany": -3,
  "nadwaga": -1,
  "nadzieja": 2,
  "nadzieje": 2,
  "nadzieję": 2,
  "nagana": -2,
  "naganiacz": -2,
  "naganiacze": -2,
  "nagany": -2,
  "nagły wypadek": -2,
  "nagroda": 3,
  "nagrody": 3,
  "nagrodzony": 3,
  "naiwny": -2,
  "najbrudniejszych": -2,
  "najciemniejszy": -2,
  "najczystszą": 1,
  "najfatalniejszy": 2,
  "najgorszy": -3,
  "najjaśniejsza": 2,
  "Najlepiej": 3,
  "najlepsza": 3,
  "najmądrzejszy": 2,
  "najniższy": -1,
  "najsilniejszy": 2,
  "najsłodszy": 3,
  "najsurowszych": -2,
  "najszczerszą": 2,
  "najszczęśliwszy": 3,
  "najszlachetniejszym": 2,
  "najuboższych": -2,
  "największym": 3,
  "najwyższy": 4,
  "nakłada": -1,
  "nakręcenie": -3,
  "nakrzyczeć": -2,
  "naładowany": -3,
  "nałożone": -1,
  "namiętny": 2,
  "napadający": -1,
  "napastowanie": -2,
  "napięcie": -1,
  "napominać": -2,
  "naprężenie": -1,
  "narażony": -1,
  "narcyzm": -2,
  "narośla": 2,
  "narozrabiać": -2,
  "naruszać": -2,
  "naruszenia": -2,
  "naruszenie": -2,
  "Naruszenie": -2,
  "naruszone": -2,
  "narzeka": -2,
  "narzucać": -1,
  "następstwo": -2,
  "nastrojowy": -1,
  "natarczywy": 1,
  "natchniony": 2,
  "natrętny": -1,
  "natrysk": -3,
  "naturalny": 1,
  "natychmiast": 1,
  "nawiedzać": -1,
  "nawiedzany": -2,
  "negatywne": -2,
  "negatywny": -2,
  "negujących": -2,
  "nękać": -3,
  "nękane": -3,
  "nękani": -3,
  "nerwowo": -2,
  "nerwowość": -1,
  "nerwowy": -1,
  "nie": -2,
  "Nie": -1,
  "nie do naprawienia": -2,
  "nie do wiary": -1,
  "nie do zatrzymania": 2,
  "nie do zniesienia": -2,
  "nie doceniać": -1,
  "nie dowierzać komuś": -2,
  "nie działa": -3,
  "nie lubić": -2,
  "nie ma zabawy": -3,
  "nie rozumie": -2,
  "nie sprzedany": -1,
  "nie zgadzać się": -2,
  "nie żyje": -3,
  "nieaktywny": -1,
  "niebezpieczeństwo": -2,
  "niebezpiecznie": -2,
  "niebezpieczny": -2,
  "niebiański": 4,
  "niebo": 2,
  "niechętny": -2,
  "niechlujny": -2,
  "nieciekawy": -1,
  "nieczynny": -2,
  "niedbały": -2,
  "niedobitek": 2,
  "niedobór": -2,
  "niedobory": -2,
  "niedobrze": -2,
  "niedoceniona": -2,
  "niedogodność": -2,
  "niedogotowany": -2,
  "niedole": -2,
  "niedonoszony": -1,
  "niedorozwinięty": -2,
  "niedorzeczny": -2,
  "niedoskonały": -2,
  "niedostatecznie": -2,
  "niedostępne": -1,
  "niedoszacowanie": -1,
  "niedrogie": 2,
  "nieefektywnie": -2,
  "nieetyczny": -2,
  "niegodny": -2,
  "niegodziwość": -3,
  "niegodziwy": -2,
  "niegrzeczny": -2,
  "niehigieniczny": -2,
  "nieinteligentny": -2,
  "nieistotny": -2,
  "niejasny": -1,
  "niekochany": -2,
  "niekompetencja": -2,
  "niekompetentny": -2,
  "niekompletny": -1,
  "niekorzyść": -2,
  "niekorzystnej sytuacji": -2,
  "niekorzystny": -2,
  "nieład": -2,
  "nieładny": -2,
  "nielegalnie": -3,
  "nielegalny": -3,
  "nielogiczny": -2,
  "nielubiana": -2,
  "nieludzka": -2,
  "nieludzki": -2,
  "niemożliwie": -3,
  "niemożliwych do odtworzenia": -2,
  "niemożność": -2,
  "nienaruszony": 2,
  "nienaukowy": -2,
  "nienawidząc": -3,
  "nienawidzić": -3,
  "nienawiść": -3,
  "nieobecnych": -1,
  "nieobsługiwane": -2,
  "nieodebranych": -2,
  "nieodparcie": 2,
  "nieodparty": 2,
  "nieodpowiedzialnie": -2,
  "nieodpowiedzialny": -2,
  "nieodwracalnie": -1,
  "nieodwracalny": -1,
  "nieparlamentarny": -2,
  "niepełnosprawnych": -2,
  "niepełny": -2,
  "niepewny": -1,
  "niepocieszony": -2,
  "niepoczytalność": -2,
  "niepokoi": -2,
  "niepokój": -2,
  "niepokojący": -2,
  "niepokojenie": -3,
  "nieporozumienie": -2,
  "niepotwierdzone": -1,
  "niepowodzenie": -2,
  "niepożądany": -2,
  "nieprawdopodobne": -1,
  "nieprawdziwie": -2,
  "nieprawdziwy": -2,
  "nieprawidłowo": -2,
  "nieproporcjonalny": -2,
  "nieprzebaczalny": -3,
  "nieprzekonany": -1,
  "nieprzyjemność": -2,
  "nieprzyjemny": -2,
  "nieprzyzwoitość": -2,
  "nieprzyzwoity": -2,
  "nierentowny": -2,
  "nierówny": -1,
  "niesamowite": 4,
  "niesamowity": 4,
  "nieskalaną uczciwością": 2,
  "nieskazitelny": 2,
  "nieskuteczność": -2,
  "nieskuteczny": -2,
  "nieślubny": -3,
  "niesłuszna": -2,
  "niesmaczne": -2,
  "niesmak": -3,
  "nieśmiały": -1,
  "nieśmiertelny": 2,
  "niespełnione": -2,
  "niespójny": -2,
  "niespokojny": -2,
  "niesprawiedliwie": -2,
  "niesprawiedliwość": -2,
  "niesprawiedliwy": -2,
  "niestety": -2,
  "Niestety": -1,
  "niestosowność": -2,
  "nieświadomy": -2,
  "nieszczelność": -1,
  "nieszczęście": -2,
  "nieszczęśliwy": -2,
  "nietrwały": -2,
  "nieubłagany": -3,
  "nieuczciwy": -2,
  "nieudany": -2,
  "nieudolny": -2,
  "nieufność": -3,
  "nieufny": -3,
  "nieumyślny": -2,
  "nieuprzejmy": -2,
  "nieustraszoność": 2,
  "nieustraszony": 2,
  "niewdzięczny": -3,
  "niewesoły": -2,
  "niewierzący": -1,
  "niewłaściwego": -2,
  "niewłaściwie": -2,
  "niewłaściwy": -2,
  "niewolnictwo": -3,
  "niewolnicy": -3,
  "niewolnik": -3,
  "niewrażliwość": -2,
  "niewrażliwy": 2,
  "niewybaczalny": -3,
  "niewydolność": -2,
  "niewygoda": -2,
  "niewygodny": -2,
  "niewymieniony": -1,
  "niewypał": -2,
  "niewypłacalny": -2,
  "niewystarczający": -2,
  "niewyszukany": -2,
  "niezabezpieczone": -2,
  "niezadowalający": -2,
  "niezadowolenie": -2,
  "niezadowolony": -2,
  "niezapomniany": 1,
  "niezatwierdzone": -2,
  "niezawodnie": 2,
  "niezawodność": 2,
  "niezawodny": 2,
  "niezdecydowany": -1,
  "niezdolny": -2,
  "niezdrowy": -2,
  "niezgoda": -2,
  "niezgodny": -2,
  "niezłomny": 2,
  "niezniszczalna": 2,
  "nieznośny": -2,
  "niezręczny": -2,
  "niezrównany": 2,
  "niezrozumiały": -2,
  "niezrozumiany": -2,
  "niezwyciężony": 2,
  "niską skuteczność": -2,
  "niszczący": -2,
  "niszczy": -3,
  "niszczyć": -2,
  "niszczycielski": -2,
  "nitowania": 3,
  "nonsens": -2,
  "notoryczny": -2,
  "Nowicjusz": -2,
  "nowotwór": -1,
  "nuda": -2,
  "nudny": -2,
  "nudziarz": -2,
  "obarczone": -2,
  "obawa": -2,
  "obawiając": -2,
  "obciążający": -2,
  "obciążania": -2,
  "obciążenia": -2,
  "obciążenie": -2,
  "obdarzony wyobraźnią": 2,
  "obezwładniające": -2,
  "obiecał": 1,
  "obietnica": 1,
  "obietnice": 1,
  "objaśnia": 2,
  "obłudny": -2,
  "obojętność": -2,
  "obojętny": -2,
  "obowiązkowy": -1,
  "obrabować": -2,
  "obraza": -2,
  "obraża": -2,
  "obrazić": -2,
  "obraźliwy": -2,
  "obrazoburczy": -2,
  "obrażony": -2,
  "obrona": 1,
  "obrońca": 2,
  "obrońcy": 2,
  "obrzydliwy": -3,
  "obsesją": 2,
  "oburzający": -2,
  "oburzenie": -2,
  "oburzony": -2,
  "obwinia": -2,
  "obwinianie": -2,
  "obwiniany": -2,
  "ocenzurowane": -2,
  "ochraniać": 1,
  "oczarować": 3,
  "oczekiwany": -1,
  "oczekuje": -1,
  "oczyścić": 2,
  "odciążyć": 1,
  "odczłowiecza": -2,
  "odczłowieczać": -2,
  "odczłowieczonym": -2,
  "oddany": 3,
  "odeprzeć": -1,
  "oderwany": -1,
  "odjechany": 2,
  "odkosz": -2,
  "odkurzacz": 2,
  "odmawia": -2,
  "odmowa": -2,
  "odmówił": -2,
  "odmówiono": -2,
  "odmowy": -2,
  "odosobniony": -1,
  "odparty": -2,
  "odporny": 1,
  "odpowiedni": 2,
  "odpowiednio": 2,
  "odpowiedzialność": 1,
  "odpowiedzialny": 2,
  "odpychający": -2,
  "odracza": -1,
  "odraczać": -1,
  "odraza": -3,
  "odrażający": -3,
  "odroczenie": -1,
  "odrzuca": -1,
  "odrzucać": -1,
  "odrzucając": -1,
  "odrzucenia": -2,
  "odrzucona": -1,
  "odrzucone": -1,
  "Odrzucony": -2,
  "odrzutu": -3,
  "odrzuty": -1,
  "odsłaniając": -1,
  "odstraszający": -2,
  "odświeżająco": 2,
  "odszkodowanie": -3,
  "odwaga": 2,
  "Odwagi": 2,
  "odważnie": 2,
  "odważny": 2,
  "odwołany": -1,
  "ofensywa": -2,
  "ofiar śmiertelnych": -3,
  "ofiara": -3,
  "ofiara oszustwa": -2,
  "ofiarami padły": -3,
  "ofiary": -3,
  "ogień": -2,
  "ogłuszający": -1,
  "ogniska": -2,
  "ogranicza": -2,
  "ograniczać": -2,
  "ograniczający": -1,
  "ograniczenie": -1,
  "ograniczony": -1,
  "ohydne": -2,
  "ohydny": -3,
  "okazja": 2,
  "oklaski": 2,
  "oklaskiwać": 2,
  "oklaskiwany": 2,
  "okropny": -3,
  "okrucieństwo": -3,
  "okrutny": -3,
  "okrzyknięty": 2,
  "OKS": 2,
  "oksymoron": -1,
  "olbrzymi": 1,
  "oops": -2,
  "opanowali": -2,
  "opanowany": -2,
  "opieka": 2,
  "opiekuńczy": 2,
  "opłacalny": 2,
  "opłakiwać": -2,
  "opłakiwał": -2,
  "opłakuje": -2,
  "opłaty": -2,
  "opór": -1,
  "opóźniać": -2,
  "opóźnienie": -1,
  "opóźniony": -1,
  "opóźnionymi": -2,
  "optionless": -2,
  "optymistyczny": 2,
  "optymizm": 2,
  "opuszczony": -2,
  "orzechy": -3,
  "osada": 1,
  "osadzony w więzieniu": -2,
  "osiągalny": 1,
  "osiągnąć sukces": 3,
  "osiągnięcia": 2,
  "osiągnięcie": 2,
  "osiągnięty": 1,
  "osioł": -4,
  "oskarża": -2,
  "oskarżać": -2,
  "oskarżenia": -2,
  "oskarżeniach": -3,
  "oskarżenie": -1,
  "oskarżony": -2,
  "osłabiać": -2,
  "osłabienie": -2,
  "osłabiony": -2,
  "oślepiający": 3,
  "osły": -4,
  "ospały": -2,
  "ostracizes": -2,
  "ostracyzmu": -2,
  "ostrożnie": 2,
  "ostrożność": 2,
  "ostrożny": 2,
  "ostrzał": -2,
  "ostrzec": -2,
  "ostrzega": -2,
  "ostrzejsze": -2,
  "ostrzeżenia": -3,
  "ostrzeżenie": -3,
  "ostrzeżony": -2,
  "osuszony": -2,
  "oświeca": 2,
  "oświecać": 2,
  "oświecony": 2,
  "oszalały": -1,
  "oszałamiający": 4,
  "oszczędności": 1,
  "oszczerczy": -2,
  "oszołomiony": -1,
  "oszukać": -2,
  "oszukańczy": -4,
  "oszukańczy charakter": -4,
  "oszukane": -2,
  "oszukani": -2,
  "oszukany": -3,
  "oszukiwanie": -3,
  "oszukują": -3,
  "oszuści": -3,
  "oszust": -2,
  "oszustw": -3,
  "oszustwa": -2,
  "oszustwo": -2,
  "otrzeźwiający": 1,
  "otulina": -2,
  "outnumbered": -2,
  "overreact": -2,
  "overreacted": -2,
  "overreacts": -2,
  "oversell": -2,
  "overselling": -2,
  "oversells": -2,
  "oversimplify": -2,
  "owdowiała": -1,
  "Ożywia": 2,
  "pamiętliwy": -2,
  "panika": -3,
  "panikarze": -2,
  "panikuje": -3,
  "panować": -2,
  "Panujący": 1,
  "papieros": -3,
  "paradoks": -1,
  "paraliżować": -2,
  "pardon": 2,
  "parodia": -2,
  "parszywy": -2,
  "pasja": 1,
  "paskudny": -3,
  "pasywnie": -1,
  "pech": -2,
  "pedały": -3,
  "pęk": -3,
  "pełen nadziei": 2,
  "penalizuje": -2,
  "perspektywa": 1,
  "pertraktować z nieprzyjacielem": -1,
  "pesymistyczny": -2,
  "pesymizm": -2,
  "pewni": 2,
  "pewność siebie": 2,
  "pewny": 1,
  "pewny siebie": 2,
  "phi": -2,
  "piekielny": -2,
  "piekło": -4,
  "piękno": 3,
  "piękny": 3,
  "pielęgnowanie": 2,
  "pielęgnowaniu": 2,
  "pierdolić": -4,
  "pierdolony": -4,
  "pijany": -2,
  "pika": -2,
  "pilny": -1,
  "piqued": -2,
  "pissing": -3,
  "pistolet": -1,
  "płacz": -2,
  "plądrowanie": -2,
  "plaga": -3,
  "plagi": -3,
  "płakać": -1,
  "płakał": -2,
  "plamić": -2,
  "płaszcz nieprzemakalny": 2,
  "plodding": -2,
  "płodny": 2,
  "pobudzający": 2,
  "pobudzanie": 1,
  "pocałunek": 2,
  "pochłonięty": 1,
  "pochwala": 2,
  "pochwała": 3,
  "pochwalić": 2,
  "pochwały": 3,
  "pochwyceni": 2,
  "pociągać": 1,
  "pociągający": 2,
  "pocieszający": 2,
  "pod presją": -2,
  "pod wrażeniem": 3,
  "podarować": 2,
  "podejrzani": -1,
  "podejrzany": -1,
  "podejrzewając": -1,
  "podekscytowany": 3,
  "podły": -2,
  "podniecać": 3,
  "podniecenie": 3,
  "podniecony": 3,
  "podnieść": 1,
  "Podobało": 2,
  "podpisać się": 2,
  "podróbki": -3,
  "podstępny": -1,
  "podtrzymujące": 2,
  "podtrzymywalny": 2,
  "podważa": -2,
  "podważanie": -2,
  "podważona": -2,
  "podziękować": 2,
  "podziwia": 3,
  "podziwiać": 3,
  "podziwiając": 3,
  "podziwianą": 3,
  "pogarda": -2,
  "pogardliwie": -2,
  "pogardliwy": -2,
  "pogarsza": -2,
  "pogarszać": -2,
  "pogarszać się": -2,
  "pogarszając": -2,
  "pogarszająca": -2,
  "pogłębiająca": -2,
  "pogodzić": 2,
  "pogorszenie": -3,
  "pogorszyła": -2,
  "pogratulować": 2,
  "pogrążony w smutku": -2,
  "pogrubienie": 2,
  "pogrzeb": -1,
  "pogrzeby": -1,
  "pogwałcić": -2,
  "poirytowany": -3,
  "pojęcia": -2,
  "pojednaniem": 2,
  "pokój": 2,
  "pokonać": -2,
  "pokonany": -2,
  "pokorny": 1,
  "polecić": 2,
  "pomaga": 2,
  "pomieszane": -2,
  "pomijane": -1,
  "pominięcia": -2,
  "pominięte": -2,
  "pomniejszać": -1,
  "pomniejszał": -1,
  "pomoc": 2,
  "pomocny": 2,
  "pomścić": -2,
  "pomylić": -2,
  "pomyłka": -1,
  "ponieść": -2,
  "ponury": -2,
  "poparcie": 2,
  "popełnić": 1,
  "popełniony": -2,
  "popieprzony": -3,
  "popłoch": -2,
  "poprawa": 2,
  "poprawia": 2,
  "popularność": 3,
  "popularny": 3,
  "porażka": -2,
  "porcja jedzenia": 2,
  "porwać kogoś": -2,
  "porwania": -2,
  "porwanie": -2,
  "porwany": -2,
  "porywa": -2,
  "porywający": 2,
  "porzuca": -2,
  "porzucić": -2,
  "porzucone": -1,
  "posądzać": -1,
  "poślizg": -1,
  "postanawia": 2,
  "postęp": 2,
  "poświęcenie": 2,
  "Poszanowanie": 2,
  "poszkodowani": -2,
  "poszkodowany": -2,
  "poszukiwania": 1,
  "potępia": -2,
  "potępiać": -2,
  "potępienie": -2,
  "potężny": 2,
  "potrzebujący": -2,
  "pouczające": 2,
  "pourazowego": -2,
  "powalony": -1,
  "powiedzie": 3,
  "powierzone": 2,
  "powieść": 2,
  "powiodło": -2,
  "powitać": 1,
  "Powitanie": 1,
  "powodzenie": 2,
  "powolny": -2,
  "pożądany": 2,
  "pożałował": -2,
  "pozbawiać kogoś czegoś": -2,
  "pozbawienie": -3,
  "pozdrawiając": 2,
  "Pozdrowienia": 2,
  "pozew sądowy": -2,
  "pozostawiać": -1,
  "pozwać": -2,
  "pozwany": -2,
  "pozwy": -2,
  "pozytywnie": 2,
  "pozytywny": 2,
  "pozywa": -2,
  "pragnący": 2,
  "pragnienie": 1,
  "pranie mózgu": -3,
  "prawdziwe": 2,
  "prawnie": 1,
  "prawny": 1,
  "prawość": 2,
  "prawowity": 2,
  "prblm": -2,
  "prblms": -2,
  "pretekst": -1,
  "prezent": 2,
  "prężny": 2,
  "proaktywne": 2,
  "problem": -2,
  "problemy": -2,
  "promować": 1,
  "promowanie": 1,
  "promuje": 1,
  "propaganda": -2,
  "proporcjonalny": 2,
  "proste": 1,
  "prostota": 1,
  "Proszę": 1,
  "protest": -2,
  "protestować": -2,
  "protestujący": -2,
  "protesty": -2,
  "prowadzący": 2,
  "prowokuje": -1,
  "przebacza": 2,
  "przebaczyć": 1,
  "przebiegły": 2,
  "przebój": 3,
  "przebrania": -1,
  "przebranie": -1,
  "przeciągnięcia": -2,
  "przeciągnięty": -1,
  "przeciążać": -1,
  "przeciekły": -1,
  "przeciętność": -3,
  "przeciwnik": -1,
  "przedsiębiorczy": 1,
  "przegrany": -3,
  "przegrywający": -3,
  "przeinaczanie": -2,
  "przeinaczeń": -2,
  "przejrzystość": 2,
  "przekazuje": 2,
  "przekierowanie": -1,
  "przekleństwo": -1,
  "przeklęty": -3,
  "przekonać": 1,
  "przekonany": 1,
  "przekonywa": 1,
  "przekraczać": -2,
  "przekraczania": -2,
  "przekręcanie": -2,
  "przekupić": -3,
  "przekupienia": -3,
  "przekupiony": -3,
  "przełom": 3,
  "przełożony": -1,
  "przemiły": 3,
  "przemoc": -3,
  "przemoc związane": -3,
  "przemyca": -2,
  "przemycać": -2,
  "przemycanie": -2,
  "przemycony": -2,
  "przeoczenie": -1,
  "przeprasza": -1,
  "przepraszać": -1,
  "Przepraszam": -1,
  "Przepraszanie": -1,
  "przeprosił": -1,
  "przeprosiny": -1,
  "przepyszny": 3,
  "przerażające": -3,
  "przerażający": 4,
  "przerażeni": -2,
  "przerażony": -2,
  "przerwać": -2,
  "przerwania": -2,
  "przerwanie": -2,
  "przerwany": -2,
  "przerywa": -1,
  "przerywania": -2,
  "przesada": -2,
  "przesadny": -2,
  "przesadzam": -2,
  "przesadzasz": -2,
  "prześladować kogoś": -2,
  "prześladowany": -2,
  "prześladuje": -2,
  "prześladujesz": -2,
  "przesłuchiwany": -2,
  "przestąpił": -2,
  "przestarzały": -2,
  "przestępca": -2,
  "przestępcy": -3,
  "przestępstwa": -2,
  "przestepstwo": -2,
  "przestępstwo": -3,
  "przestraszony": -2,
  "przestraszyć": -2,
  "przestronny": 1,
  "przeszkadza": -2,
  "przeszkadzać": -2,
  "przeszkoda": -2,
  "przeszkody": -2,
  "przetrwanie": 2,
  "przewidywanie": 1,
  "przeżył": 2,
  "przyciąga": 1,
  "przyciąganie": 2,
  "przyczaić się": -1,
  "przyczajony": -1,
  "przydatność": 2,
  "przydatny": 2,
  "przygnębiać": -2,
  "przygnębiający": -2,
  "przygnębiony": -2,
  "przygoda": 2,
  "przygody": 2,
  "przygotowany": 1,
  "przyjąć": 1,
  "przyjaciel": 1,
  "przyjaźń": 2,
  "przyjazna dla środowiska": 2,
  "przyjazny": 2,
  "przyjęcie": 1,
  "przyjemne": 3,
  "przyjemność": 3,
  "przyjemny": 3,
  "przyjęty": 1,
  "przyjmuje": 1,
  "Przyjmuje z zadowoleniem": 2,
  "przykre": -2,
  "przyłączyć się": 1,
  "przymus": -2,
  "przymuszany": -2,
  "przypadkowo": -2,
  "przypadkowy": -2,
  "przysięga": -2,
  "przysięgać": -2,
  "przysiek": 2,
  "przysług": 2,
  "przysługa": 2,
  "przysmaki": 3,
  "przystanki": -1,
  "przystojny": 3,
  "przytulać": 2,
  "przytulność": 2,
  "przywództwo": 1,
  "Przywraca": 1,
  "przywracać": 1,
  "przywrócenie": 1,
  "przywrócone": 1,
  "przyznać": -1,
  "przyznaje": -1,
  "Przyznał": -1,
  "przyznanie": 1,
  "pseudonauka": -3,
  "psota": -1,
  "psychopatyczny": -2,
  "pułapka": -1,
  "punkt orientacyjny": 2,
  "pustka": -1,
  "pusty": -1,
  "pyszne": 3,
  "pytający": -1,
  "quaking": -2,
  "radość": 4,
  "radośnie": 3,
  "radosny": 3,
  "radował": 4,
  "raduje": 4,
  "rafinowany": 1,
  "rageful": -2,
  "raj": 3,
  "ranienia": -2,
  "ranny": -2,
  "Ranters": -3,
  "rasiści": -3,
  "rasistowski": -3,
  "rasizm": -3,
  "ratować": 2,
  "ratownik": 4,
  "ratuje": 2,
  "ratyfikowana": 2,
  "raz w zyciu": 3,
  "razy": -1,
  "realizuje": 2,
  "rebelianci": -2,
  "recesja": -2,
  "reklamowany": -2,
  "reperkusje": -2,
  "represjonować": -3,
  "represjonowany": -3,
  "represjonuje": -3,
  "reprymendę": -2,
  "rezygnacja": -1,
  "rezygnować": -1,
  "rezygnuje": -1,
  "robing": -2,
  "robs": -2,
  "rodzaj": 0,
  "rofl": 4,
  "roflcopter": 4,
  "roflmao": 4,
  "romans": 2,
  "romantical": 2,
  "romantycznie": 2,
  "rotfl": 4,
  "rotflmfao": 4,
  "rotflol": 4,
  "Róża": 1,
  "rozanielony": 3,
  "rozbawiony": 3,
  "rozbita": -2,
  "rozbrykany": 2,
  "rozciągać się": 1,
  "rozczarowania": -2,
  "rozczarowanie": -2,
  "rozczarowany": -2,
  "rozczarowuje": -2,
  "rozdarty": -2,
  "rozgniewany": -3,
  "rozgoryczony": -2,
  "rozgrzesza": 2,
  "rozgrzeszać": 2,
  "rozkład": 2,
  "rozkłada": -2,
  "rozkosz": 3,
  "rozkoszując": 2,
  "rozliczenia": 1,
  "rozmaz": -2,
  "rozmyślać": -2,
  "rozmyte": -2,
  "rozpacz": -2,
  "rozpacza": -3,
  "rozprasza": -2,
  "rozpraszać": -2,
  "rozróżnia": -2,
  "Rozrywka": 3,
  "rozstrój": -2,
  "rozszerza": 1,
  "rozszerzać": 1,
  "roztargnienie": -2,
  "roztargniony": -2,
  "roztropność": 2,
  "roztrwonił": -2,
  "roztrząsania": -2,
  "roztrzepany": -2,
  "rozum": 2,
  "rozważny": 2,
  "rozwiązać": 2,
  "rozwiązania": 1,
  "rozwiązanie": 1,
  "rozwiązany": 1,
  "rozwiązuje": 1,
  "rozwiązywania": 2,
  "rozwiązywanie": 1,
  "rozwikłać": 1,
  "rozwój": 1,
  "rozwściecza": -2,
  "rozwścieczenia": -2,
  "rozwścieczony": -2,
  "rozwścieczyć": -2,
  "ruina": -2,
  "rujnując": -2,
  "rygorystyczny": 3,
  "ryzyko": -2,
  "ryzykowny": 2,
  "rzepak": -4,
  "rześki": 2,
  "rzut karny": -2,
  "sabotaż": -2,
  "salut": 2,
  "salutuje": 2,
  "sam": -2,
  "samobójczy": -2,
  "samobójstwa": -2,
  "samobójstwo": -2,
  "samogwałt": -2,
  "samolubny": -3,
  "samotny": -2,
  "sarkastyczny": -2,
  "satysfakcjonujący": 2,
  "savange": -2,
  "savanges": -2,
  "sceptycy": -2,
  "sceptycyzm": -2,
  "sceptyczny": -2,
  "sceptyk": -2,
  "schludny": 2,
  "ściga": -1,
  "ścigany": -2,
  "scumbag": -4,
  "seksistowskie": -2,
  "seksowny": 3,
  "sentyment": 2,
  "serdeczny": 3,
  "sexistic": -2,
  "sfałszowane": -1,
  "sfałszowany": -3,
  "sfrustrowany": -2,
  "shithead": -4,
  "shoody": -2,
  "sianie": -2,
  "sięgać dalej niż ktoś coś": 2,
  "siki": -4,
  "silne strony": 2,
  "silniejszy": 2,
  "silny": 2,
  "singleminded": -2,
  "skamieniały": -2,
  "skandal": -3,
  "skandale": -3,
  "skandaliczny": -3,
  "skąpy": -2,
  "skarb": 2,
  "skarby": 2,
  "skarga": -2,
  "skarży": -2,
  "skarżyć się": -2,
  "skarżył": -2,
  "skaza": -2,
  "skazanie": -2,
  "skazany": -2,
  "skażenie": -2,
  "skażone": -2,
  "skłamał": -2,
  "skompromitowany": -2,
  "skorumpowany": -3,
  "Skóry": -1,
  "skradziony": -2,
  "skruszony": -2,
  "skrzywdzony": -2,
  "skurcz": -1,
  "skurwiel": -4,
  "skurwiele": -4,
  "skurwysynu": -5,
  "skuteczność": 2,
  "skutki uboczne": -2,
  "słabo": -2,
  "słabość": -2,
  "Słabości": -2,
  "słaby": -2,
  "sława": 3,
  "sławny": 2,
  "śledziennik": -1,
  "ślepy": -1,
  "slickest": 2,
  "śliczny": 3,
  "Słodkie": 2,
  "słodsze": 3,
  "słusznie": 2,
  "słynny": 3,
  "smętny": -2,
  "śmiać się": 1,
  "śmiać się do rozpuku": 4,
  "śmiałek": 2,
  "śmiały": 2,
  "śmiech": 1,
  "Śmieci": -1,
  "śmierć": -2,
  "śmierdzące": -2,
  "śmierdzący": -2,
  "śmierdzi": -2,
  "śmierdziało": -2,
  "śmiertelnie": -3,
  "śmiertelność": -2,
  "śmiertelny": -2,
  "śmieszny": -3,
  "Smiled": 2,
  "smog": -2,
  "smród": -2,
  "smutek": -2,
  "smutny": -2,
  "śnić": 1,
  "snubs": -2,
  "sny": 1,
  "soczysty": -1,
  "solidarność": 2,
  "solidny": 2,
  "son of a suki": -5,
  "spadanie": -1,
  "spam": -2,
  "spamer": -3,
  "spamerzy": -3,
  "spamowanie": -2,
  "spanikował": -3,
  "spekulacyjny": -2,
  "spekulować": -2,
  "Spełnia": 2,
  "spełnić": 2,
  "spełnienie": 2,
  "spełniony": 2,
  "speszony": -2,
  "spierać się": -2,
  "spiętrzyć": -1,
  "spięty": -2,
  "spisek": -3,
  "spokojna": 2,
  "spokojnie": 2,
  "spokojny": 2,
  "spór": -1,
  "sporny": -2,
  "sprawca": -2,
  "sprawcy": -2,
  "Sprawdza": 1,
  "sprawiedliwość": 2,
  "sprawy": 1,
  "sprowokować": -1,
  "sprowokowany": -1,
  "sprytny": 2,
  "sprzeczanie się": -2,
  "sprzeczny": -2,
  "sprzeniewierzenie": -3,
  "sprzymierzyć": 2,
  "spustoszenia": -2,
  "spustoszenie": -2,
  "squelched": -1,
  "srogi": -2,
  "ssać": -3,
  "stabilny": 2,
  "Stabs": -2,
  "starannie dobrany": 1,
  "stękanie": -2,
  "stereotyp": -2,
  "stereotypowy": -2,
  "stęskniony za krajem": -2,
  "stinked": -2,
  "stłumił": -1,
  "stoisko": -2,
  "strach": -2,
  "stracony": -2,
  "Stracony": -3,
  "strajk": -1,
  "strajkujący": -2,
  "straszliwy": -2,
  "straszny": -2,
  "straty": -3,
  "stresora": -2,
  "stresory": -2,
  "stronniczość": -1,
  "stronniczy": -2,
  "strzelać": -1,
  "stymulować": 1,
  "stymulowane": 1,
  "stymuluje": 1,
  "sueing": -2,
  "suka": -5,
  "suki": -5,
  "sumowanie": -3,
  "surowo": -2,
  "surowy": -1,
  "swędzący": -2,
  "świąteczny": 2,
  "światło słoneczne": 2,
  "świętować": 3,
  "świętuje": 3,
  "świeży": 1,
  "sympatyczny": 3,
  "szacie": -2,
  "szacowny": 2,
  "szacunek": 2,
  "szał": -3,
  "szaleńców": -3,
  "szaleństwo": -3,
  "szalona": -2,
  "szalony": -2,
  "szanowanym": 2,
  "szansa": 2,
  "szanse": 2,
  "szantaż": -3,
  "szantażowany": -3,
  "szantażuje": -3,
  "szantaży": -3,
  "szarmancko": 3,
  "szarpnięcie": -3,
  "szary": -1,
  "szczerosc": 2,
  "szczery": 2,
  "Szczęściarz": 3,
  "szczęście": 3,
  "szczęśliwy": 3,
  "szkoda": -2,
  "szkodliwe": -3,
  "szkodliwy": -2,
  "szkody": -2,
  "szlachetny": 2,
  "szorstki": -2,
  "szufelka": 3,
  "szumowiny": -3,
  "szybki": 2,
  "szybko": 2,
  "szyderczy": -2,
  "szydzić": -2,
  "szydzili": -2,
  "szyk": 2,
  "Taaak": 2,
  "tak": 1,
  "Tak": 1,
  "takielunek": -1,
  "talent": 2,
  "tard": -2,
  "targi": 2,
  "tchórz": -2,
  "tchórzliwy": -2,
  "terrifically": 4,
  "terror": -3,
  "terroryści": -2,
  "terrorysta": -2,
  "terroryzować": -3,
  "terroryzował": -3,
  "terroryzuje": -3,
  "tęsknić": -2,
  "tęsknota": 1,
  "tkliwość": 3,
  "tłumiącymi": -2,
  "tnący": -1,
  "toksyczny": -3,
  "tolerancja": 2,
  "tolerancyjny": 2,
  "tonie": -2,
  "Top": 2,
  "topór": -1,
  "torturować": -4,
  "torturowani": -4,
  "torturując": -4,
  "tortury": -4,
  "totalitarny": -2,
  "totalitaryzm": -2,
  "touting": -2,
  "traci": -3,
  "tragedia": -2,
  "tragedie": -2,
  "tragiczny": -2,
  "traumatyczny": -3,
  "triumf": 4,
  "Troll": -2,
  "troski": 2,
  "trucizny": -2,
  "trudność": -2,
  "trudny": -1,
  "trwały": 2,
  "trwoni": -2,
  "trwonienie": -2,
  "tryumfalny": 4,
  "trzymający w napięciu": 2,
  "twardo": 3,
  "twierdząc,": -1,
  "Twoje zdrowie": 2,
  "twórczy": 2,
  "tyłek": -4,
  "tyrada": -3,
  "tyrady": -3,
  "tyran": -2,
  "Tyran": -3,
  "tyrannic": -3,
  "Tyrans": -3,
  "ubezwłasnowolniona": -2,
  "ubliżać": -2,
  "ubliżający": -2,
  "ubogi": -2,
  "ubolewa": -3,
  "Ubolewa": -2,
  "ubolewać": -3,
  "ubolewając": -2,
  "ubolewał": -3,
  "ubóstwo": -1,
  "uboższy": -2,
  "uciążliwy": -2,
  "ucieczka": -1,
  "ucieczki": -1,
  "ucieka": -1,
  "ucisk": -2,
  "ucisku": -2,
  "uciśnionych": -2,
  "uciszający": -1,
  "uczciwość": 2,
  "uczucie": 1,
  "uczulony": -2,
  "udać": -1,
  "udaje": -1,
  "udało": 3,
  "udany": 3,
  "udaremnia": -2,
  "udaremniać": -2,
  "udaremniając": -2,
  "udaremnienie": -2,
  "udaremnione": -2,
  "udawanie": -1,
  "Uderzenia": -1,
  "udogodnienia": 2,
  "udoskonala": 2,
  "udoskonalił": 2,
  "udręczony": -3,
  "uduszony": -2,
  "ufa": 1,
  "ufnie": 2,
  "ufny": 2,
  "ugruntowane": 2,
  "uhonorowanie": 2,
  "ujarzmiać": -2,
  "ukłucie": -5,
  "ukochany": 3,
  "ukończyć": 2,
  "ukośniki": -2,
  "Ukradłem": -2,
  "ukryć": -1,
  "ukrytego": -1,
  "ukrywającej": -1,
  "ukrywała": -1,
  "ukrywanie": -1,
  "ułaskawienie": 2,
  "ułaskawiony": 2,
  "ulepszać": 2,
  "ulepszony": 2,
  "ulgi": 1,
  "ulubiony": 2,
  "ulubionych": 2,
  "ulżyło": 2,
  "umierać": -3,
  "umierający": -3,
  "umniejsza": -1,
  "umorzone": 2,
  "umowa": 1,
  "umożliwiać": 2,
  "unappeasable": -2,
  "undeserving": -2,
  "unfitted": -2,
  "unfunny": -2,
  "ungenerous": -2,
  "unieruchomiony": -1,
  "uniesieniem": 3,
  "uniewinniający": 2,
  "uniewinnić": 2,
  "uniewinniony": 2,
  "Unika": -1,
  "unikać": -1,
  "uniknąć": -1,
  "uników": -2,
  "uninvolving": -2,
  "Unlovable": -2,
  "unreleting": -2,
  "unresearched": -2,
  "upadły": -1,
  "upał": 2,
  "uparty": -2,
  "upiększać": 3,
  "upiorny": -2,
  "uplifting": 2,
  "upokorzenie": -3,
  "upokorzony": -3,
  "upominanie": -2,
  "upomniał": -2,
  "upośledza": -2,
  "upośledzona": -2,
  "upraszcza": -2,
  "uprawniona": 1,
  "uprawomocnić": 1,
  "uproszczeniem": -2,
  "uproszczony": -2,
  "uprowadzenie": -2,
  "uprowadzona": -2,
  "uprzejmość": 2,
  "uprzejmy": 2,
  "uprzywilejowany": 2,
  "uprzywilejowanych": 2,
  "upuszczać": -1,
  "uradowany": 3,
  "uratowany": 2,
  "uraz": -3,
  "urażony": -1,
  "urazy": -2,
  "uroczo": 3,
  "uroczy": 3,
  "uroczystość": 3,
  "uroczystości": 3,
  "uroczysty": 2,
  "urok": 3,
  "uruchomiona": 1,
  "urzeczony": 3,
  "uścisk": 1,
  "uściski": 2,
  "uskarżanie się": -2,
  "uśmiech": 2,
  "uśmiechnięty": 2,
  "uśmiechy": 2,
  "uspokaja": 2,
  "uspokajać": 1,
  "uspokajający": 2,
  "uspokajała": 3,
  "uspokoił": 2,
  "uspokojenie": 2,
  "uspokojony": 1,
  "usprawiedliwiony": 2,
  "ustalona": 2,
  "usunąć": -2,
  "uszczęśliwiającej": 3,
  "uszczęśliwiony": 4,
  "uszkodzić": -3,
  "uszkodzony": -3,
  "uszlachetnia": 1,
  "utknął": -2,
  "utknęły": -2,
  "utonął": -2,
  "utopić": -2,
  "utrapienie": -2,
  "utrata": -3,
  "utrudnia": -2,
  "utrudniać": -2,
  "utrudniającego": -2,
  "utrudniona": -2,
  "utrzymany": 2,
  "uwalniające": 2,
  "uwiedziony": -1,
  "uwielbia": 3,
  "uwielbieniem": 3,
  "uwięzienie": -2,
  "uwięziony": -2,
  "uznanie": 2,
  "uznanym": 2,
  "używany": -1,
  "vindicates": 2,
  "vindicating": 2,
  "Visioning": 1,
  "w braku": -2,
  "w napięciu": 2,
  "w porządku": 2,
  "w zasadzie": 1,
  "wada": -2,
  "wadliwa": -3,
  "wadliwie": -2,
  "wadliwy": -3,
  "wady": -2,
  "wahać się": -2,
  "walczący": -2,
  "walczyć": -1,
  "walidacji": 1,
  "walka": -1,
  "walki": -2,
  "Walki": -1,
  "walkouts": -2,
  "wariat": -3,
  "warmhearted": 2,
  "warsztat tkacki": -1,
  "wartość": 2,
  "wątpiąc": -1,
  "wątpić": -1,
  "wątpienie": -1,
  "wątpliwość": -1,
  "wątpliwy": -1,
  "ważny": 2,
  "wdzięczny": 3,
  "wdzięk": 1,
  "wdzięki kobiece": 2,
  "wentylator": 3,
  "werdykt": -1,
  "werdykty": -1,
  "wesoło": 2,
  "wesołość": 3,
  "wesoły": 3,
  "westchnienie": -2,
  "wewnętrznie sprzeczne": -2,
  "wezwanie sądowe": -2,
  "wiara": 1,
  "wibrujący": 3,
  "większy": 3,
  "wielki": 3,
  "wierny": 3,
  "więzień": -2,
  "więzienie": -2,
  "więźniów": -2,
  "wigor": 3,
  "wina": -3,
  "winić": -2,
  "winny": -3,
  "WINWIN": 3,
  "witalność": 3,
  "witamina": 1,
  "Witamy": 2,
  "witany": 1,
  "wiwatowali": 2,
  "wizja": 1,
  "wizje": 1,
  "wizjoner": 3,
  "włamanie": -2,
  "włamywacz": -2,
  "właściwy": 2,
  "własnym złudzeniom": -2,
  "wlecze": -1,
  "wnikliwość": 2,
  "wojna": -2,
  "wolność": 2,
  "wolności": 2,
  "wolny": 1,
  "woohoo": 3,
  "wooo": 4,
  "woow": 4,
  "Wowow": 4,
  "wowww": 4,
  "wpływowy": 2,
  "wprowadza w błąd": -3,
  "wprowadzać innowacje": 1,
  "wprowadzić w błąd": -3,
  "wrak": -2,
  "wrażliwość": -2,
  "wrażliwy": -2,
  "wróg": -2,
  "wrogi": -2,
  "wrogowie": -2,
  "wrzask": -2,
  "wrzaskliwy": -1,
  "wrzasnęła": -2,
  "wrzawa": -3,
  "wścibski": -2,
  "wściekłość": -2,
  "wściekły": -2,
  "wskazany": 1,
  "wskrzesić": 2,
  "wspaniale": 4,
  "wspaniały": 5,
  "Wspaniały": 3,
  "wsparcie": 2,
  "wspierający": 1,
  "współczucie": 2,
  "współczujący": 2,
  "wspólne": 1,
  "wsporniki": 2,
  "wstręt": -3,
  "wstrząsający": -2,
  "wstrząśnięty": 5,
  "wstrząsy": -2,
  "wstyd": -2,
  "wszechobecny": 2,
  "wszechstronny": 2,
  "wtf": -4,
  "wtff": -4,
  "wtfff": -4,
  "wybawienie": 4,
  "wybielić": -3,
  "wybitny": 5,
  "wybryk": -2,
  "wybuch": -2,
  "wycofać się": -1,
  "wycofanie": -3,
  "wyczerpany": -2,
  "wyczyszczone": 1,
  "wydala": -2,
  "wydalając": -2,
  "wydalony": -2,
  "wydrążony": -1,
  "wygięcie": -2,
  "wygnać": -1,
  "wygodnie": 2,
  "wygodny": 2,
  "wygrał": 3,
  "wygrałem": 2,
  "wygrane": 4,
  "wyjść": -2,
  "wykluczać": -1,
  "wykluczać z towarzystwa": -2,
  "wykluczenie": -1,
  "wykoleić": -2,
  "wykolejony": -2,
  "wykorzystać": -2,
  "wykorzystanie": -2,
  "wykraczająca": -2,
  "wykroczenia": -2,
  "wykroczenie": -2,
  "wyłączenie": -1,
  "wyłączony": -2,
  "wyłom": -2,
  "wymagające": -1,
  "wymagania": -1,
  "wymanewrować": -2,
  "wymazać": -2,
  "wymęczony": -3,
  "wymiociny": -3,
  "wymiotował": -3,
  "wymiotuje": -3,
  "wymioty": -3,
  "wymuszony": -1,
  "wynagrodzony": 2,
  "wyolbrzymia": -2,
  "wyolbrzymiać": -2,
  "wypadek": -2,
  "Wypadki": -2,
  "wypowie": -2,
  "wyprzedaży": -2,
  "wyrafinowany": 2,
  "wyraźnie": 1,
  "wyrazy szacunku": 2,
  "wyróżniony": 2,
  "wyrozumiały": 1,
  "wyrzuty sumienia": -2,
  "wyśmiewali": -2,
  "wystający": 1,
  "wysypisko": -1,
  "wysypka": -2,
  "wytrzymałość": 2,
  "wytrzymalsze": 2,
  "wytrzymały": 2,
  "wywieranie nacisku": -2,
  "wywożąc": -2,
  "wywrotowy": -2,
  "wyzwanie": -1,
  "wyzywający": -1,
  "wzburzony": -2,
  "wzmacnia": 2,
  "wzmacniać": 2,
  "wzmacniający": 2,
  "wzmaga": -2,
  "wzmocniony": 2,
  "wzrasta": 1,
  "wzrosła": 1,
  "wzrost": 2,
  "wzruszający": 2,
  "xo": 3,
  "xoxoxo": 4,
  "xoxoxoxo": 4,
  "z klasą": 3,
  "Z poważaniem": 2,
  "z powodzeniem": 3,
  "z zadowoleniem": 2,
  "zaabsorbowany": 1,
  "zaakceptować": 1,
  "zaangażowanie": 2,
  "zaatakowany": -1,
  "zaawansowane": 1,
  "zabawa": 4,
  "zabawniejszy": 4,
  "zabawny": 4,
  "zabezpiecza": 2,
  "zabezpieczone": 2,
  "zabić": -3,
  "zabicie": -3,
  "zabiegać": 3,
  "zabija": -3,
  "zabity": -3,
  "zablokowany": -1,
  "zabójstwa": -2,
  "zabójstwo": -2,
  "zaborczy": -2,
  "zabroniony": -2,
  "Zaburzenia": -2,
  "zaburzony": -1,
  "zachęca": 2,
  "zachęcać": 2,
  "zachęcający": 2,
  "zachęta": 2,
  "zachłanny": 2,
  "zachowane": -1,
  "zachwyca": 3,
  "zachwycający": 3,
  "zachwycony": 3,
  "zachwyt": 2,
  "zachwytu": 4,
  "zachwyty": 2,
  "Zaczarowana": 2,
  "zadać": -2,
  "zadając": -2,
  "Zadaje": -2,
  "zadane": -2,
  "żądanie": -1,
  "zadatek": 2,
  "zadowolona": 2,
  "zadowolony": 3,
  "zadziwia": 2,
  "zadziwiać": 2,
  "zafascynowany": 3,
  "zagłodzony": -2,
  "zagrożenia": -2,
  "Zagrożenia": -2,
  "zagrożenie": -2,
  "zagrożony": -2,
  "Zainfekowana": -2,
  "zainfekowaniu": -2,
  "zainteresowania": 1,
  "zainteresowanie": 1,
  "zainteresowany": 2,
  "zajebiście": 4,
  "zakaz": -2,
  "zakaża": -2,
  "zakazać": -1,
  "zakazany": -2,
  "zakażeń": -2,
  "zakażenia": -2,
  "zakażenie": -2,
  "zakaźny": -2,
  "zakazuje": -1,
  "zakłamać": -2,
  "zakłóca": -2,
  "zakłócać": -2,
  "zakłócającymi": -2,
  "zakłócane": -2,
  "zakłócenia": -2,
  "zakłócenie": -2,
  "zakłócone": -2,
  "zakłopotanie": -2,
  "zakłopotany": -2,
  "Zakłopotany": -2,
  "zakneblowany": -2,
  "zakochany": 2,
  "zakrztusił": -2,
  "zakwestionowane": -2,
  "żal": -1,
  "załamanie": -1,
  "zalany": -4,
  "zaleca": 2,
  "Zalecana": 2,
  "Zalety": 2,
  "żałoba": -2,
  "żałosne": -2,
  "żałosny": -2,
  "zamach": -3,
  "zamachy": -3,
  "zamieszki": -2,
  "zamożny": 2,
  "zamyślony": -1,
  "zanieczyścić": -2,
  "zanieczyszcza": -2,
  "zanieczyszczać": -2,
  "zanieczyszczając": -2,
  "zanieczyszczający": -2,
  "zanieczyszczenia": -2,
  "Zanieczyszczenia": -2,
  "zanieczyszczenie": -2,
  "zanieczyszczone": -2,
  "zaniedbanie": -2,
  "zaniedbany": -2,
  "zaniedbuje": -2,
  "zaniepokojony": -2,
  "Zaniki": -2,
  "zaniżone": -1,
  "zaostrza": -2,
  "zaostrzając": -2,
  "zaostrzyć": -2,
  "zapalnym": -2,
  "zapalony": 1,
  "zaparcie": -2,
  "zapewnić": 1,
  "zapewnienie": 1,
  "zapierający": -2,
  "zapierający dech w piersiach": 5,
  "zapisać": 2,
  "zapisywane": 2,
  "zapłacić": -1,
  "zapobiec": -1,
  "zapobiega": -1,
  "zapobieganie": -1,
  "zapodziać": -2,
  "zapominalski": -2,
  "zapomniałem": -1,
  "zapomniany": -1,
  "zapomnieć": -1,
  "Zapraszam": 1,
  "zaprzecza": -2,
  "zaprzeczać": -2,
  "zaprzeczając": -2,
  "zaprzeczenia": -2,
  "zarabiają": -2,
  "zaraźliwy": -1,
  "zarażony": -2,
  "żarliwy": 2,
  "zarozumiały": -2,
  "żart": 2,
  "zarzucając": -2,
  "zarzut": -2,
  "zarzuty": -2,
  "zasalutował": 2,
  "zasiłek": 2,
  "zaskakujący": 3,
  "zaskarżyć": -1,
  "zaskoczony": -2,
  "zaślepienie": 2,
  "zaśmiał się": 1,
  "zasmucać": -2,
  "zasmucony": -2,
  "zaspokaja": 2,
  "zaspokoić": 2,
  "zaspokojony": 2,
  "zastrasza": -2,
  "zastraszające": -2,
  "zastraszany": -2,
  "zastraszenie": -2,
  "zastraszyć": -2,
  "zaszczycony": 2,
  "zaszokować": -2,
  "zasztyletować": -2,
  "zatarte": -2,
  "zatruć": -2,
  "zatrute": -2,
  "zatrzasnąć": -2,
  "zatrzymać": -2,
  "Zatrzymaj się": -1,
  "zatrzymanie": -1,
  "zatrzymany": -1,
  "zatwierdza": 2,
  "zatwierdzenie": 2,
  "zatwierdzone": 1,
  "zatwierdzony": 2,
  "zaufanie": 1,
  "zaufany": 2,
  "zauważalny": 2,
  "zawalenia": -2,
  "zawaleniem": -2,
  "zawalić się": -2,
  "zawalił": -2,
  "zawieruszy": -2,
  "zawieść": -2,
  "zawieszać": -1,
  "zawieszony": -1,
  "zawiły": 2,
  "zawodnik": -1,
  "zawracać głowę": -2,
  "zawstydza": -2,
  "zawstydzić": -2,
  "zawstydzony": -2,
  "zawyżenie": -2,
  "zażądał": -1,
  "zazdrość": -1,
  "zazdrości": -1,
  "zazdrosny": -2,
  "zazdroszcząc": -1,
  "zazębia": 1,
  "zażegnane": -1,
  "zbawienie": 2,
  "zbesztać": -3,
  "zbeształ": -3,
  "zbity z tropu": -2,
  "zbliża": -1,
  "zboczeniec": -3,
  "zbojkotowali": -2,
  "zbolały": -2,
  "zbrodniach": -3,
  "zbrodnie": -3,
  "zdania": -2,
  "zdanie": -2,
  "zdatność": 1,
  "zdecydowany": 2,
  "zdeformowany": -2,
  "zdegradowany": -2,
  "zdemoralizować": -2,
  "zdemoralizowani": -2,
  "zdenerwowany": -2,
  "zderza": -1,
  "zderzać się": -1,
  "zderzając": -1,
  "zdesperowany": -3,
  "zdewastowany": -2,
  "zdezorganizowane": -2,
  "zdezorientowany": -2,
  "zdobyć": 4,
  "zdolność": 2,
  "zdolności": 2,
  "zdolny": 1,
  "zdrada": -3,
  "zdradza": -3,
  "zdradzać": -3,
  "zdradzając": -3,
  "zdradzieckie": -3,
  "zdradzony": -3,
  "zdrętwiały": -1,
  "zdrowy": 2,
  "zdumieć": 3,
  "zdumiewająco": 3,
  "zdumiewający": 3,
  "zdumiony": 3,
  "zdyskredytowane": -2,
  "zdyskwalifikowany": -2,
  "ze strachem": -2,
  "ze złamanym sercem": -3,
  "zemsta": -2,
  "zemsty": -2,
  "żenujący": -2,
  "zepsuł się": -1,
  "zepsuty": -2,
  "zestalać": 2,
  "zestalania": 2,
  "zestalony": 2,
  "zgadza": 1,
  "zgnieciony": -2,
  "zgniły": -3,
  "zgód": 2,
  "zgoda": 2,
  "Zgoda": 1,
  "Zgodzić się": 1,
  "zgonów": -2,
  "zgorszenie": -3,
  "zgrabny": 2,
  "zgwałcony": -4,
  "zielone mycia": -3,
  "zielonego charakteru": -3,
  "zimozielony": 2,
  "zirytowany": -2,
  "zjadliwy": -2,
  "zjednoczony": 1,
  "złamany": -1,
  "źle": -2,
  "złe prowadzenie się": -2,
  "źle się zachowywać": -2,
  "źle się zachowywał": -2,
  "źle zrozumieć": -2,
  "Zlekceważyłaś": -2,
  "zło": -3,
  "złośliwości": -1,
  "złośliwy": -2,
  "złoto": 2,
  "złowieszczy": 3,
  "złowrogi": -2,
  "zły": -3,
  "zmącić": -2,
  "zmaga": -2,
  "zmagał": -2,
  "zmarły": -2,
  "zmarnować": -2,
  "zmarnowanie": -2,
  "zmarnowany": -2,
  "zmartwienie": -2,
  "zmartwiony": -2,
  "zmęczenie": -2,
  "zmęczony": -2,
  "zmiażdżyć": -1,
  "zmieszany": -2,
  "zmodernizować": 2,
  "zmodernizowany": 2,
  "zmonopolizować": -2,
  "zmonopolizowany": -2,
  "zmowie": -3,
  "zmuszony": 1,
  "znaczący": 2,
  "znaczenie": 2,
  "znaczny": 2,
  "znakomity": 4,
  "znęcanie się": -2,
  "zniechęcony": -2,
  "zniekształcać": -2,
  "zniekształcając": -2,
  "zniekształcenie": -2,
  "zniekształcony": -2,
  "znienawidzony": -3,
  "zniewala": -2,
  "znieważony": -2,
  "zniewolony": -2,
  "znika": -1,
  "znikać": -1,
  "zniknął": -1,
  "zniszczenie": -3,
  "zniszczony": -3,
  "zniszczyć": -3,
  "znudzony": -2,
  "zobowiązanie się": 1,
  "zobowiązany": 1,
  "zobowiązuje": 1,
  "zogniskowany": -2,
  "zranienie": -2,
  "zrehabilitowany": 2,
  "zrelaksowany": 2,
  "zrezygnowany": -1,
  "zrównoważony": 2,
  "zrównoważony rozwój": 1,
  "zrujnowany": -2,
  "zuchwały": 3,
  "zunifikowany": 1,
  "zwalnia": 2,
  "zwariowany": -2,
  "zwiększa": 1,
  "zwiększać": 1,
  "zwisający": -2,
  "zwłoki": -1,
  "zwodniczy": -3,
  "zwodzi": -3,
  "zwolennicy": 1,
  "zwolniony": 2,
  "zwycięski": 4,
  "zwycięstwa": 3,
  "zwycięstwo": 3,
  "zwycięzca": 4,
  "zwycięzcy": 3,
  "życząc": 1,
  "życzenia": 1,
  "życzenie": 1,
  "życzliwość": 3,
  "życzliwy": 3,
  "zysk": 2,
  "zyskał": 2,
  "zyski": 2,
  "zyskuje": 2,
  "żywiołowy": 4,
  "żywo": 2,
  "żywy": 3
}