{
  "agonises": -3,
  "apeshit": -3,
  "Awaits": -1,
  "bamboozles": -2,
  "bankster": -3,
  "bereaves": -2,
  "bereaving": -2,
  "brilliances": 3,
  "cocksuckers": -5,
  "consolable": 2,
  "criminates": -3,
  "dejecting": -2,
  "dejects": -2,
  "Dilligence": 2,
  "dipshit": -3,
  "disconsolation": -2,
  "exasparate": -2,
  "exhilarates": 3,
  "frikin": -2,
  "FTW": 3,
  "fuckface": -4,
  "fuckhead": -4,
  "fucktard": -4,
  "FUD": -3,
  "fuked": -4,
  "fuking": -4,
  "goofiness": -2,
  "greenwasher": -3,
  "greenwashers": -3,
  "Greenwashing": -3,
  "hahahah": 3,
  "haplessness": -2,
  "heavyhearted": -2,
  "humerous": 3,
  "impedingly": -2,
  "incensing": -2,
  "inediable": -2,
  "Infract": -2,
  "infracted": -2,
  "infracts": -2,
  "intransigency": -2,
  "Lawl": 3,
  "LMAO": 4,
  "LMFAO": 4,
  "LOLOL": 4,
  "lololol": 4,
  "lolololol": 4,
  "Lool": 3,
  "Loool": 3,
  "looool": 3,
  "MEMORIAM": -2,
  "mirthfully": 3,
  "misclassifies": -2,
  "misconducted": -2,
  "misconducting": -2,
  "misleaded": -3,
  "misreports": -2,
  "n00b": -2,
  "OKS": 2,
  "optionless": -2,
  "ostracizes": -2,
  "oversells": -2,
  "prblm": -2,
  "prblms": -2,
  "Robs": -2,
  "ROFL": 4,
  "roflcopter": 4,
  "ROFLMAO": 4,
  "romantical": 2,
  "ROTFL": 4,
  "rotflmfao": 4,
  "rotflol": 4,
  "savange": -2,
  "savanges": -2,
  "Secures": 2,
  "sexistic": -2,
  "shoody": -2,
  "singleminded": -2,
  "stinked": -2,
  "sueing": -2,
  "tyrans": -3,
  "uninvolving": -2,
  "unreleting": -2,
  "WINWIN": 3,
  "Woohoo": 3,
  "Wooo": 4,
  "woow": 4,
  "WOWOW": 4,
  "wowww": 4,
  "WTF": -4,
  "wtff": -4,
  "wtfff": -4,
  "XO": 3,
  "XOXO": 3,
  "xoxoxo": 4,
  "xoxoxoxo": 4,
  "yeees": 2,
  "абсентеистами": -1,
  "аварийная сигнализация": -2,
  "авария": -2,
  "агрессивность": -2,
  "агрессивный": -2,
  "агрессий": -2,
  "агрессия": -2,
  "ад": -4,
  "адекватный": 1,
  "адский": -2,
  "акколада": 2,
  "аккуратность": 2,
  "актив": 2,
  "активный": 1,
  "активы": 2,
  "акцептование": 2,
  "акции": 1,
  "акция протеста": -2,
  "аллергический": -2,
  "аллилуйя": 3,
  "алчный": 2,
  "альтруистический": 2,
  "амбивалентный": -1,
  "амбициозный": 2,
  "Анжер": -3,
  "аномалия развития": -2,
  "антагонистический": -2,
  "анти": -1,
  "апатичный": -3,
  "апатия": -3,
  "аплодирует": 2,
  "аплодируют": 2,
  "аплодисменты": 2,
  "апокалиптический": -2,
  "арестованный": -3,
  "арестовать": -2,
  "аресты": -2,
  "атака": -1,
  "атакующий": -1,
  "аура": 1,
  "аферы": -3,
  "банкрот": -3,
  "банкротство": -3,
  "барьер": -2,
  "бастующие": -2,
  "бдительный": 3,
  "беда": -2,
  "беднее": -2,
  "беднейший": -2,
  "бедность": -1,
  "бедные": -2,
  "бедствие": -2,
  "бедствия": -2,
  "без особых усилий": 2,
  "безвозмездно предоставляет": 2,
  "бездомный": -2,
  "безжизненный": -1,
  "беззаботный": 1,
  "беззащитный": -2,
  "беззубый": -2,
  "безмятежный": 2,
  "безнадежность": -2,
  "безнадежный": -2,
  "безобразие": -3,
  "безопаснее": 2,
  "безопасно": 1,
  "безопасность": 1,
  "безопасный": 2,
  "безответственно": -2,
  "безответственный": -2,
  "безотказно": 2,
  "безработица": -2,
  "безработные": -1,
  "безрадостный": -2,
  "безрассудная страсть": 2,
  "безрезультатно": -2,
  "безумие": -3,
  "безумнее": -2,
  "безумно": -3,
  "безумное": -2,
  "безупречный": 2,
  "безуспешно": -2,
  "безутешный": -2,
  "бесит": -2,
  "бесить": -2,
  "бескорыстный": 2,
  "беспечный": -2,
  "бесплодный": -2,
  "бесподобный": 2,
  "беспокоили": -2,
  "беспокойный": -2,
  "беспокойство": -2,
  "беспокоить": -2,
  "беспокоиться": -3,
  "беспокоящие": -3,
  "бесполезность": -2,
  "бесполезный": -2,
  "беспомощный": -2,
  "беспорядок": -2,
  "беспрецедентен": -2,
  "беспристрастный": 2,
  "бессвязный": -2,
  "бессердечный": -2,
  "бессильный": -2,
  "бессмертный": 2,
  "бессмысленный": -2,
  "бессодержательный": -2,
  "бессонница": -2,
  "бесстрашие": 2,
  "бесстрашный": 2,
  "бестолковый": -2,
  "бесчестие": -2,
  "бесшовно": 2,
  "бесшовный": 2,
  "бешенство": -3,
  "битье": -1,
  "благодарный": 3,
  "благодаря": 2,
  "благодетели": 2,
  "благодетель": 2,
  "благожелательный": 3,
  "благополучие": 2,
  "благоприятный": 2,
  "благоприятствования": 2,
  "благоприятствовать": 2,
  "благоразумие": 2,
  "благороднейший": 2,
  "благородный": 2,
  "благосклонно": 2,
  "благосклонности": 2,
  "благословение": 3,
  "благословения": 3,
  "благословить": 2,
  "благословляет": 2,
  "благотворительный": 2,
  "блаженный": 3,
  "блаженство": 3,
  "блеск": 3,
  "блестки": 3,
  "блестящий": 4,
  "близорукость": -2,
  "блок": -1,
  "блокада": -2,
  "блокбастер": 3,
  "блоки": -1,
  "блокирование": -1,
  "блокированный": -1,
  "бля любовь": 4,
  "Блядь": -4,
  "Бог": 1,
  "богато": 2,
  "богатство": 3,
  "богатые": 2,
  "боготворит": 3,
  "бодрый": 3,
  "боевой": -1,
  "бои": -1,
  "бойкий": 2,
  "бойкоте": -2,
  "бойкотировали": -2,
  "бойкотировать": -2,
  "бойкоты": -2,
  "болван": -4,
  "болезненно реагирует": -2,
  "болезненный": -2,
  "болезни": -1,
  "болезнь": -1,
  "Болельщики": 1,
  "болит": -2,
  "боль": -2,
  "больно": -2,
  "больной": -2,
  "большая": 3,
  "большой": 3,
  "болящий": -2,
  "бомбить": -1,
  "боролись": -1,
  "бороться": -1,
  "борьба": -1,
  "борющийся": -2,
  "боюсь": -2,
  "боязливый": -2,
  "бравурность": 3,
  "бранить": -3,
  "бред какой то": -2,
  "бред сивой кобылы": -4,
  "бремя": -1,
  "бриллиант": 1,
  "Бросается": -2,
  "буйный": 4,
  "бунт": -2,
  "бунтарь": -2,
  "быстро": 2,
  "быстрый": 2,
  "В бою": -2,
  "в восторге": 3,
  "в живых": 1,
  "в избранное": 2,
  "в одиночестве": -2,
  "в отставку": -1,
  "в отчаянии": -3,
  "в различных": -2,
  "в сговоре": -3,
  "в совершенстве": 3,
  "в ужасе": -3,
  "в шоке": -2,
  "важность": 2,
  "важный": 2,
  "валовой": -2,
  "варвар": -2,
  "варварский": -2,
  "Вау": 4,
  "введение в заблуждение": -2,
  "Вверх": 2,
  "ввести в заблуждение": -3,
  "вводит в заблуждение": -3,
  "вводить новшества": 1,
  "вводящий в заблуждение": -3,
  "вдохновение": 2,
  "вдохновенный": 2,
  "вдохновлять": 2,
  "вдохновляющий": 3,
  "Вдумчивый": 2,
  "ведущий": 2,
  "вежливость": 2,
  "вежливый": 2,
  "вездесущий": 2,
  "везучий": 3,
  "Великий": 3,
  "великолепный": 3,
  "величайший": 3,
  "вера": 1,
  "вердикт": -1,
  "верный": 3,
  "вертлявый": -2,
  "верхушки": 2,
  "веселая": 4,
  "весело": 4,
  "веселый": 3,
  "веселье": 3,
  "вести переговоры": -1,
  "Вечнозеленость": -3,
  "вечнозеленый": 2,
  "вечнозеленых": 2,
  "взбесило": -2,
  "взбесить": -2,
  "взволнованный": 5,
  "вздор": -2,
  "вздох": -2,
  "взломан": -1,
  "взломщик": -2,
  "взятка": -3,
  "взятками": -3,
  "вибрирующий": 3,
  "вид": 0,
  "видение": 1,
  "видения": 1,
  "видный": 2,
  "виктимизации": -3,
  "виктимизация": -3,
  "виктимизировать": -3,
  "Виктор": 3,
  "вина": -2,
  "винил": -2,
  "винит": -2,
  "виновный": -3,
  "вирулентный": -2,
  "витамин": 1,
  "вкусно": 3,
  "власть": 1,
  "влиятельный": 2,
  "вмятина": -2,
  "вне себя от радости": 4,
  "внимательно": 2,
  "внушать": -2,
  "внушают": -2,
  "внушительный": -1,
  "военное дело": -2,
  "возбуждала": -2,
  "возбуждать": 3,
  "возбужден": -2,
  "возбужденный": 2,
  "возбуждено уголовное дело": -2,
  "возможности": 2,
  "возможность": 2,
  "возмутительный": -3,
  "возмущен": -3,
  "возмущение": -2,
  "возмущенный": -2,
  "вознаграждены": 2,
  "вознесена": 2,
  "возрадовались": 4,
  "возрождается": 2,
  "война": -2,
  "волнение": 3,
  "волновался": -3,
  "волнующий": 3,
  "вонь": -2,
  "вонючий": -2,
  "вонючка": -2,
  "вопить": -2,
  "вопросы": 1,
  "вопрошающий": -1,
  "воспаленный": -1,
  "воспитание": 2,
  "восстановить": 1,
  "восстановлен": 1,
  "восстановление": 1,
  "восстановления": 1,
  "восторг": 3,
  "восторги": 2,
  "восторженный": 4,
  "восхваление": 3,
  "восхитительно": 3,
  "восхитительный": 3,
  "восхищает": 3,
  "восхищать": 3,
  "восхищаться": 3,
  "восхищенный": 3,
  "впала": -1,
  "впечатление": 3,
  "впечатленный": 3,
  "впечатляет": 3,
  "впечатляющий": 3,
  "впустую": -2,
  "враг": -2,
  "враги": -2,
  "враждебный": -2,
  "вред": -2,
  "вредный": -2,
  "вряд ли": -1,
  "всепоглощающий": 3,
  "всепрощающий": 1,
  "вспылила": -2,
  "вспышка": -2,
  "вспышки": -2,
  "встревоженный": -2,
  "вторжение": -1,
  "входит в зацепление": 1,
  "вывод": -3,
  "выговаривал": -2,
  "выговор": -2,
  "выговоры": -2,
  "выгода": 2,
  "выгодная покупка": 2,
  "выгодный": 2,
  "выгоды": 2,
  "выдающийся": 5,
  "выдумал": -1,
  "выживающий": 2,
  "вызов": -1,
  "вызов в суд": -2,
  "выиграл": 3,
  "выиграть": 4,
  "выигрыш": 4,
  "выкрик": -2,
  "выманивать": -3,
  "вынесение приговора": -2,
  "выносливее": 2,
  "выносливый": 2,
  "вынужденный": 1,
  "выполнение": 2,
  "выполнено": 2,
  "выполнять": 2,
  "выражает сожаление по поводу": -3,
  "выражали признательность": 2,
  "выразил сожаление по поводу": -3,
  "выращивание": 1,
  "вырвало": -3,
  "вырос": 1,
  "выручает": 2,
  "выселение": -1,
  "высмеивает": -2,
  "высмеивание": -2,
  "высмеивать": -2,
  "высмеиваются": -2,
  "высоко оценивает": 2,
  "высокомерный": -2,
  "выступ": 1,
  "высший": 4,
  "высылать": -2,
  "вытесняет": -2,
  "выходить": -2,
  "вялость": -2,
  "вялый": -2,
  "гадость": -2,
  "галантно": 3,
  "галантность": 3,
  "галантный": 3,
  "гам": -3,
  "гандон": -4,
  "гарантия": 1,
  "гармонично": 2,
  "гармоничный": 2,
  "гармония": 2,
  "герои": 2,
  "герой": 2,
  "героический": 3,
  "гибель": -2,
  "гибельный": -3,
  "гипнотизирующий": 3,
  "гламурный": 3,
  "глупый": -1,
  "глушение": -1,
  "гнев": -3,
  "гневный": -3,
  "гнетущий": -2,
  "гнилой": -3,
  "гнушалась": -3,
  "говнюк": -4,
  "голова кружится": -1,
  "Головная боль": -2,
  "голод": -2,
  "голодает": -2,
  "голодать": -2,
  "голодающий": -2,
  "голосистый": -1,
  "гонишь": -2,
  "гордо": 2,
  "гордый": 2,
  "горе": -2,
  "горестный": -3,
  "горький": -2,
  "горько": -2,
  "горькое": -2,
  "госпитализированы": -2,
  "государственная измена": -3,
  "готовность": 2,
  "грабитель": -2,
  "грабить": -2,
  "град": 2,
  "гранты": 1,
  "гребаные любит": 4,
  "гребаный": -4,
  "гребаный идеальный": 4,
  "Грейс": 1,
  "грех": -2,
  "грехи": -2,
  "грешный": -3,
  "грипп": -2,
  "грозила": -2,
  "грозный": -2,
  "грубости": -2,
  "грубый": -2,
  "грустно": -2,
  "грустный": -2,
  "грязнее": -2,
  "грязное": -2,
  "грязный": -2,
  "грязь": -2,
  "губить": -2,
  "да": 1,
  "Да": 1,
  "давка": -1,
  "давление": -1,
  "дань": 2,
  "даровать": 1,
  "дать согласие": 1,
  "деградировавший": -2,
  "деградировать": -2,
  "деградирует": -2,
  "дегуманизировали": -2,
  "дегуманизирует": -2,
  "дегуманизирующий": -2,
  "дезадаптацией": -2,
  "дезинформация": -2,
  "дезинформированный": -2,
  "дезорганизованный": -2,
  "дезориентированный": -2,
  "декламация": -3,
  "делает вид": -1,
  "делать бесчеловечным": -2,
  "делать вид": -1,
  "делающий нетрудоспособным": -2,
  "дело": 1,
  "демонстрация": -1,
  "деморализованный": -2,
  "деморализовать": -2,
  "деморализует": -2,
  "деморализующий": -2,
  "денонсировать": -2,
  "денонсирует": -2,
  "денье": -2,
  "депортации": -2,
  "депортация": -2,
  "депортированы": -2,
  "депортировать": -2,
  "депортирует": -2,
  "дерзкий": -1,
  "дерзновенный": 3,
  "дерьмо": -3,
  "дерьмовый": -3,
  "детский": -2,
  "дефект": -3,
  "дефектный": -3,
  "дефекты": -3,
  "дефицит": -2,
  "дивный": 3,
  "диво": 3,
  "Дик": -4,
  "дилемма": -1,
  "дисквалифицированный": -2,
  "дискомфорт": -2,
  "дискредитированный": -2,
  "дискриминационный": -2,
  "дискриминировать": -2,
  "дискриминирует": -2,
  "дискриминируются": -2,
  "диссонанс": -2,
  "дисфункция": -2,
  "добавили в избранное": 2,
  "добиться успеха": 3,
  "добрее": 2,
  "добро пожаловать": 2,
  "добродетельный": 2,
  "добродушный": 3,
  "доброе утро": 1,
  "доброжелательность": 3,
  "доброкачественность": 3,
  "доброта": 2,
  "доверенный": 2,
  "доверено": 2,
  "доверчивость": -2,
  "доверять": 1,
  "доволен": 2,
  "довольный": 3,
  "дождевик": 2,
  "дождливый": -1,
  "доказанный": 2,
  "долг": -2,
  "долговечный": 2,
  "доложены": -2,
  "доля": 1,
  "домашний уют": 2,
  "домогательство": -3,
  "донимает": -2,
  "допросил": -2,
  "дорого": 3,
  "дорогостоящий": -2,
  "досада": -2,
  "достиг": 1,
  "достигает": 1,
  "достижение": 2,
  "достижения": 2,
  "достижимый": 1,
  "достичь": 1,
  "достоинство": 2,
  "достойный": 2,
  "достопримечательности": 2,
  "доступной": 1,
  "доступный": 2,
  "доходы": 2,
  "драгоценности": 1,
  "драгоценный камень": 3,
  "дробление": -1,
  "дроблением": -1,
  "дрожащий": -2,
  "дрожь": -2,
  "дроссели": -2,
  "друг": 1,
  "дружба": 2,
  "дружелюбие": 2,
  "дружелюбный": 2,
  "дружный": 2,
  "дураки": -2,
  "дурачить": -2,
  "дурно вести себя": -2,
  "дуться": -2,
  "дух": 1,
  "душ": -3,
  "душераздирающий": -3,
  "дымчатый": -1,
  "дымящей": -2,
  "единый": 1,
  "естественные науки": -2,
  "жадность": -3,
  "жадный": -2,
  "жажда мести": -2,
  "жаждущий": 2,
  "жалкий": -2,
  "жалоба": -2,
  "жалобный": -2,
  "жалобы": -2,
  "жаловался": -2,
  "жаловаться": -2,
  "жалость": -2,
  "жалуется": -2,
  "жалуясь": -2,
  "Ждите": -1,
  "желание": 1,
  "желательно": 2,
  "желательный": 2,
  "желающих": 1,
  "желчный": -3,
  "женофоб": -2,
  "жертва": -3,
  "жертвовать": 2,
  "жертвы": -3,
  "жесткий": -1,
  "жестких": -2,
  "жестокий": -3,
  "жестоко": -3,
  "жестокость": -3,
  "живо": 2,
  "живой": 3,
  "живописный": 2,
  "жизнерадостный": 2,
  "жизнеспособность": 3,
  "жирный": 2,
  "житья": -3,
  "жопа": -4,
  "жопу": -4,
  "жульничества": -2,
  "жульничество": -3,
  "забавлять": 3,
  "забастовка": -1,
  "забастовки": -1,
  "забота": 2,
  "заботливая": 2,
  "заботы": 2,
  "заброшенный": -2,
  "забываемый": -1,
  "забывать": -1,
  "забывчивый": -2,
  "забыл": -1,
  "забытый": -1,
  "завершает работу": -1,
  "заветный": 2,
  "завидует": -1,
  "завидующий": -1,
  "завистливый": -2,
  "зависть": -1,
  "завышение": -2,
  "заглушать": -2,
  "заговор": -3,
  "загрязнение": -2,
  "загрязненный": -2,
  "загрязнитель": -2,
  "загрязнителями": -2,
  "загрязняет": -2,
  "загрязнять": -2,
  "загрязняющие вещества": -2,
  "загрязняя": -2,
  "задержание": -2,
  "задержанный": -2,
  "задерживается": -1,
  "задерживать": -2,
  "задержка": -1,
  "задира": -2,
  "задница": -4,
  "задумчивый": 1,
  "задушенный": -2,
  "задыхаясь": -2,
  "зазывание покупателей": -2,
  "заимствованный": -2,
  "заинтересованный": 2,
  "заключен в тюрьму": -2,
  "заключенные": -2,
  "заключенный": -2,
  "заколол": -2,
  "законно": 2,
  "закрепленный": 1,
  "залупа": -4,
  "замаскированный": -1,
  "замедленный": -2,
  "заметный": 2,
  "замечательно": 4,
  "замечательный": 2,
  "занижены": -1,
  "заниматься": 1,
  "запаздывание": -2,
  "запас жизненных сил": 2,
  "запор": -2,
  "запрет": -2,
  "запретить": -1,
  "запрещает": -1,
  "запрещать": -1,
  "запрещающее": -2,
  "запрещенный": -2,
  "запрещено": -2,
  "запруживать": -2,
  "запугивает": -2,
  "запугивать": -2,
  "запугивают": -2,
  "запугивающий": -2,
  "запутанный": 2,
  "запущенный": 1,
  "заражает": -2,
  "заражать": -2,
  "заражение паразитами": -2,
  "зараженный": -2,
  "зараженный паразитами": -2,
  "зараз": -2,
  "зараза": -2,
  "заразительный": -1,
  "заряженный": -3,
  "заслуженный": 2,
  "застенчивый": -1,
  "застонал": -2,
  "застопорился": -2,
  "застрял": -2,
  "затвердевает": 2,
  "затвердевать": 2,
  "затонувшее судно": -2,
  "затравленные": -2,
  "затруднительный": -2,
  "захватывающе": 3,
  "захватывающее": 2,
  "захватывающий": 5,
  "защитник": 2,
  "защитники": 2,
  "защищает": 1,
  "защищать": 1,
  "защищенный": 1,
  "зверский": -3,
  "зверство": -3,
  "здорово": 4,
  "здоровый": 2,
  "зеленый камуфляж": -3,
  "зеленый мыть": -3,
  "зеленый стиральная": -3,
  "землеройка": -4,
  "зло": -3,
  "злоба": -2,
  "злобный": -2,
  "зловещий": -2,
  "злой": -2,
  "злополучный": -2,
  "злоупотребление": -3,
  "злоупотребляли": -3,
  "злоупотребляя": -2,
  "значение": 1,
  "значимым": 2,
  "значительное": 1,
  "золото": 2,
  "зрелый": 2,
  "зудящий": -2,
  "игнорирование": -2,
  "игнорировать": -1,
  "игнорируемых": -1,
  "игнорируются": -2,
  "игривый": 2,
  "идеально": 3,
  "идиот": -3,
  "идиотизм": -3,
  "идиотский": -3,
  "избавляя": 2,
  "избегать": -1,
  "избежать": -1,
  "избитый": -2,
  "избранное": 2,
  "избыточный вес": -1,
  "известность": 1,
  "известный": 2,
  "извинение": -1,
  "извинился": -1,
  "извиняется": -1,
  "извиняясь": -1,
  "извлек выгоду": 2,
  "извлечение преимуществ": 2,
  "изворотливый": -2,
  "извращенец": -3,
  "изгнание": -2,
  "издевается": -2,
  "издевался": -2,
  "издеваться": -2,
  "издеваются": -2,
  "изменнический": -3,
  "изморенный голодом": -2,
  "измученный": -2,
  "изнасилование": -4,
  "изнасилованная": -4,
  "изношенный": -1,
  "изо всех сил": -2,
  "изолированный": -1,
  "изумлены": 3,
  "изумляет": 3,
  "изумлять": 3,
  "изъян": -2,
  "изысканный": 3,
  "изыски": 3,
  "изящный": 2,
  "Иисус": 1,
  "иммобилизованный": -1,
  "иммунный": 1,
  "импичмент": -3,
  "импичменту": -3,
  "импотент": -2,
  "инвалидность": -2,
  "инвалидов": -2,
  "индоктринации": -2,
  "инквизиция": -2,
  "инкриминировать": -3,
  "инноваци": 1,
  "инновационный": 2,
  "инновация": 1,
  "интенсивный": 1,
  "интерес": 1,
  "интересно": 2,
  "интересы": 1,
  "интимность": 2,
  "инфантильный": -2,
  "инфекции": -2,
  "инфекционное заболевание": -2,
  "инфекционный": -2,
  "инфицировать": -2,
  "иронический": -1,
  "Ирония": -1,
  "иррациональный": -1,
  "искажается": -2,
  "искажать": -2,
  "искажающий": -2,
  "искажения": -2,
  "искаженный": -2,
  "исключать": -1,
  "исключение": -1,
  "исключенный": -2,
  "Исключенный": -2,
  "искра": 1,
  "искренний": 2,
  "искренность": 2,
  "искренняя": 2,
  "искриться": 3,
  "испорченный": -2,
  "испуг": -2,
  "испуганный": -2,
  "исследование": 1,
  "Исследования": 1,
  "истерика": -3,
  "истерический": -3,
  "истерия": -3,
  "источник загрязнения": -2,
  "истребляет": -3,
  "исчез": -1,
  "исчезает": -1,
  "исчезать": -1,
  "к счастью": 3,
  "как": 2,
  "какойто": 0,
  "какой ужас": -3,
  "капризный": 1,
  "карательный": -2,
  "карать": -3,
  "карающая": -3,
  "карающий": -2,
  "катапультирование": -2,
  "катастрофа": -2,
  "катастрофический": -4,
  "качества": 2,
  "качественный": 2,
  "киснуть": -1,
  "кишеть": -2,
  "кладя": -2,
  "классная вещь": 3,
  "классный": 3,
  "класть не на место": -2,
  "клеветнический": -2,
  "клепки": 3,
  "клянусь": -2,
  "кляп": -2,
  "кляпом во рту": -2,
  "козел отпущения": -2,
  "козлов отпущения": -2,
  "козни": 1,
  "колебаться": -2,
  "колеблющийся": -1,
  "коллапс": -2,
  "комедия": 1,
  "комический": 1,
  "компанейский": 2,
  "компетентный": 2,
  "комплексный": 2,
  "комплимент": 2,
  "комфорт": 2,
  "конкурентоспособный": 2,
  "контаминации": -2,
  "контрабанда": -2,
  "контрабандный": -2,
  "конфликт": -2,
  "конфликтный": -2,
  "конфликты": -2,
  "конфуз": -2,
  "концептуализация": 1,
  "коррупция": -3,
  "косые": -2,
  "которого нарушается": -2,
  "кража": -2,
  "кража со взломом": -2,
  "крайняя необходимость": -2,
  "крамола": -2,
  "красавиц": 3,
  "красивая": 3,
  "красиво": 3,
  "красивый": 3,
  "красота": 3,
  "красотки": 3,
  "крепкий": 2,
  "кривое": -2,
  "кризис": -3,
  "крики": -2,
  "крикунами": -3,
  "криминализации": -2,
  "критик": -2,
  "критика": -2,
  "критике": -2,
  "критики": -2,
  "критиковать": -2,
  "критикует": -2,
  "критикующий": -2,
  "кричал": -2,
  "кричащий": -2,
  "кровавый": -3,
  "круто": 1,
  "купоросный": -3,
  "курносый": -2,
  "лаг": -1,
  "лаги": -2,
  "ладан": -2,
  "ламе": -2,
  "лгал": -2,
  "легко": 1,
  "легковерный": -2,
  "легкомысленный": -2,
  "легкость": 2,
  "лелеет": 2,
  "лелея": 2,
  "лелеять": 2,
  "ленивый": -1,
  "лентяй": -2,
  "летальность": -2,
  "летальный": -2,
  "летаргический": -2,
  "лжесвидетельство": -3,
  "лжец": -3,
  "лжецы": -3,
  "лживость": -3,
  "лживый": -3,
  "ликование": 3,
  "ликует": 4,
  "ликующе": 3,
  "ликующий": 3,
  "лихорадка": -2,
  "лицемерный": -2,
  "лишение": -3,
  "лишение права выкупа закладной": -2,
  "лишение свободы": -2,
  "лишения": -2,
  "лобби": -2,
  "лоббировал": -2,
  "лоббирование": -2,
  "лоббист": -2,
  "лоббисты": -2,
  "ловкий": 2,
  "ловушка": -1,
  "ловушке": -2,
  "ловушки": -1,
  "ложно": -2,
  "ложные сведения о": -2,
  "ложный": -1,
  "лол": 3,
  "лохи": -4,
  "лояльность": 3,
  "лунатики": -3,
  "лучше": 2,
  "лучшие": 3,
  "Лучший": 3,
  "лучший блин": 4,
  "любимая": 3,
  "любимый": 3,
  "любит": 3,
  "люблю": 3,
  "любовь": 2,
  "любознательный": 2,
  "любопытный": 1,
  "любящая доброта": 3,
  "любящий": 3,
  "мазок": -2,
  "малодушным": -2,
  "манипулировали": -1,
  "манипулирование": -1,
  "маркировка товарным знаком, вводящим в заблуждение": -3,
  "мародерство": -2,
  "маскировать": -1,
  "маскировка": -1,
  "массовые беспорядки": -2,
  "маячили": -1,
  "медаль": 3,
  "медлительный": -2,
  "меланхолия": -2,
  "меняют правила игры": 3,
  "мертвый": -3,
  "методический": 2,
  "методично": 2,
  "мечта": 1,
  "мечты": 1,
  "мешать": -2,
  "мешающий": -2,
  "милая": 2,
  "милостивый": 3,
  "милость": 2,
  "милый": 2,
  "мир": 2,
  "мирно": 2,
  "мирное": 2,
  "Мисс": -2,
  "миф": -1,
  "многообещающий": 2,
  "могила": -2,
  "модернизированы": 2,
  "модернизировать": 2,
  "модернизирует": 2,
  "модеры": 2,
  "может \"стоять т": -3,
  "молитвами": 1,
  "молиться": 1,
  "монополизированный": -2,
  "монополизировать": -2,
  "монополизирует": -2,
  "монополизирующий": -2,
  "монотонный": -1,
  "мотивация": 1,
  "мотивировано": 2,
  "мотивировать": 1,
  "мотивирующим": 2,
  "мошенник": -4,
  "мошенника": -3,
  "мошенники": -3,
  "мошеннический": -4,
  "мошенничество": -2,
  "мощный": 2,
  "мрачность": -1,
  "мрачный": -2,
  "мстит": -2,
  "мстители": -2,
  "мститель": -2,
  "мстительный": -2,
  "мстить": -2,
  "Мудак": -4,
  "мудрость": 1,
  "мужество": 2,
  "мусор": -1,
  "мутный": -2,
  "мучается": -3,
  "мучение": -3,
  "мучительно": -1,
  "мучительный": 2,
  "мучиться": -3,
  "мятежный": -2,
  "на борту": 1,
  "набожный": 2,
  "навеселе": 3,
  "навязанный": -2,
  "навязывает": -1,
  "награда": 3,
  "награды": 3,
  "награжден": 3,
  "награждение": 2,
  "надвигающийся": -1,
  "надеется": 2,
  "надежда": 2,
  "надежно": 2,
  "надежность": 2,
  "надежный": 2,
  "надетый": -2,
  "надеясь": 2,
  "надзор": -1,
  "надлежащим образом": 2,
  "надоедает": -2,
  "надоедливый": -2,
  "надоело": -3,
  "надувать": -2,
  "надутый": -2,
  "наивно": -2,
  "наивный": -2,
  "наихудший": -3,
  "наказали": -2,
  "наказать": -2,
  "наказывает": -2,
  "накипь": -3,
  "наконечник копья": 2,
  "налагать": -1,
  "наложение": -1,
  "наложенный": -1,
  "нанесен ущерб": -2,
  "Наносит цели": -2,
  "наносить ущерб": -3,
  "нападение": -2,
  "нападки": -1,
  "напали": -1,
  "напористый": -1,
  "напряженность": -1,
  "напряженный": -2,
  "напутствовал": -2,
  "наросты": 2,
  "нарушает": -2,
  "нарушать": -2,
  "нарушение": -2,
  "нарушения": -2,
  "нарушенное": -2,
  "нарушенный": -2,
  "нарушены": -2,
  "нарушив": -2,
  "нарушитель": -2,
  "населенные пункты": 1,
  "насилие": -3,
  "насильник": -4,
  "насильственный": -3,
  "наслаждались": 2,
  "наслаждаться": 2,
  "наслаждаясь": 2,
  "наставляет": -2,
  "наступление": -2,
  "натуральный": 1,
  "нахальный": -2,
  "находка": 4,
  "начинает мучить": -3,
  "не в сети": -1,
  "не в состоянии": -2,
  "не верить": -2,
  "не весело": -3,
  "не допустить": -1,
  "не заслуживающий": -2,
  "не знают": -2,
  "не изучены": -2,
  "не настоящие": -3,
  "не нравится": -2,
  "не одобрять": -2,
  "не поддерживается": -2,
  "Не понравилось:": -2,
  "не понятно": -1,
  "не работает": -3,
  "не смогли": -2,
  "не соглашаться": -2,
  "неадекватный": -2,
  "небезопасный": -2,
  "небесный": 4,
  "неблагодарный": -3,
  "неблагоприятном": -2,
  "неблагоприятный": -2,
  "небо": 2,
  "небрежный": -2,
  "невдохновленный": -2,
  "невежественный": -2,
  "невежество": -2,
  "невезение": -2,
  "невеликодушно": -2,
  "неверно истолкованы": -2,
  "невероятно": -1,
  "невероятный": 4,
  "неверующий": -1,
  "невменяемость": -2,
  "невнимание": -2,
  "невнимательный": -2,
  "невпечатлен": -2,
  "невыносимый": -2,
  "невыполненный": -2,
  "невысока": -2,
  "негигиеничный": -2,
  "негодность": -3,
  "негр": -5,
  "неграмотность": -2,
  "недальновидный": -2,
  "недееспособными": -2,
  "недействующий": -2,
  "недобросовестный": -2,
  "недоваренный": -2,
  "недоверие": -3,
  "недоверчивый": -3,
  "недовольный": -2,
  "недооценивать": -1,
  "недооценка": -1,
  "недооценкой": -3,
  "недоразумение": -2,
  "недостатки": -2,
  "недостаток": -2,
  "недостаточно": -2,
  "недостаточное": -2,
  "недостаточность": -2,
  "недостоверной информации": -2,
  "недостойный": -2,
  "недоступен": -1,
  "недоумевает": -2,
  "недоуменный": -2,
  "нежелательный": -2,
  "нежная": 2,
  "нежность": 3,
  "незадачливый": -2,
  "незаконно": -3,
  "незаконнорожденный": -3,
  "незапятнанной": 2,
  "незапятнанный": 2,
  "нездоровый": -2,
  "незначительный": -2,
  "незрелая, инфантильная": -2,
  "неистовый": -1,
  "некомпетентность": -2,
  "некомпетентный": -2,
  "нелегальный": -3,
  "неловко": -2,
  "неловкое": -2,
  "нелогичный": -2,
  "нелюбимое": -2,
  "нелюбимый": -2,
  "нелюбовь": -2,
  "немотивированный": -2,
  "ненавидела": -3,
  "ненавидеть": -3,
  "ненавидит": -3,
  "ненавидя": -3,
  "ненавистники": -3,
  "ненавистником": -3,
  "ненавистный": -3,
  "ненависть": -3,
  "ненароком": -2,
  "ненаучный": -2,
  "ненормальный": -2,
  "необеспеченный": -2,
  "необоснованный": -2,
  "необратимо": -1,
  "необратимый": -1,
  "неодобрение": -2,
  "неодобрительно": -2,
  "неослабевающий": -1,
  "неостанавливаемый": 2,
  "неостроумный": -2,
  "непобедимый": 2,
  "неповеривший": -1,
  "неповрежденный": 2,
  "неповторимы": -2,
  "неподтвержденный": -1,
  "неподходящий": -2,
  "неполный": -1,
  "непонятный": -2,
  "непонятый": -2,
  "непоправимый": -2,
  "неправдоподобно": 4,
  "неправильно": -2,
  "неправильно истолковывать": -1,
  "неправильно классифицирован": -2,
  "неправильно понял": -2,
  "неправильно понятый": -2,
  "неправильно понять": -2,
  "неправильно распределять роли": -2,
  "неправильно употребленный": -2,
  "неправильное употребление": -2,
  "неправильной классификации": -2,
  "неправомерно": -2,
  "непреднамеренный": -2,
  "непредумышленное убийство": -3,
  "непреклонный": -2,
  "непреодолимый": 2,
  "непривлекательный": -2,
  "неприглядный": -3,
  "непригодный": -2,
  "непригодных": -2,
  "неприемлемо": -2,
  "непримиримость": -2,
  "непристойность": -2,
  "непристойный": -2,
  "неприятности": -2,
  "неприятность": -2,
  "неприятный": -2,
  "непроданный": -1,
  "непропорциональный": -2,
  "непростительный": -3,
  "непрофессиональный": -2,
  "непроходимость": -2,
  "непрочный": -2,
  "неравный": -1,
  "нервно": -2,
  "нервный": -2,
  "нервы": -1,
  "нерешенный": -1,
  "нерешительный": -1,
  "нерушимый": 2,
  "несовершенный": -2,
  "несоответствующий": -2,
  "несостоявшийся": -2,
  "несостоятельный": -2,
  "неспособность": -2,
  "неспособный": -2,
  "несправедливость": -2,
  "несправедливый": -2,
  "несуществующий": -2,
  "несфокусированный": -2,
  "несчастно": -3,
  "несчастные случаи": -2,
  "несчастный": -2,
  "несчастный случай": -2,
  "несчастье": -2,
  "несчатье": -1,
  "нет": -1,
  "нетерпеливый": 2,
  "неуважение": -2,
  "неуважительно": -2,
  "неуверенный": -1,
  "неудачник": -2,
  "неудачный": -2,
  "неудержимо": 2,
  "неудобный": -2,
  "неудобство": -2,
  "неудовлетворенный": -2,
  "неудовольствие": -2,
  "неукротимый": -2,
  "неумелость": -2,
  "неуместны": -2,
  "неумный": -2,
  "неумолимый": -2,
  "неустойчивый": -2,
  "неутвержденный": -2,
  "неутвержденных": -2,
  "неутешительный": -2,
  "неуязвимый": 2,
  "нехватка": -2,
  "нехорошо": -2,
  "нечеловеческий": -2,
  "нечестный": -2,
  "нечувствительность": -2,
  "нечувствительный": -2,
  "неэтичным": -2,
  "неэффективно": -2,
  "неэффективность": -2,
  "неэффективные": -2,
  "неэффективный": -2,
  "ниггеры": -5,
  "нижняя сторона": -2,
  "низший": -1,
  "нищета": -2,
  "новичок": -2,
  "нравится": 2,
  "нудная работа": -2,
  "нуждающийся": -2,
  "обаятельный": 3,
  "обвалы": -2,
  "обвинение": -2,
  "обвинения": -2,
  "обвиняемый": -2,
  "обвиняет": -2,
  "обвинять": -2,
  "обелить": -3,
  "обескуражена": -2,
  "обескураженный": -2,
  "обеспечение": 1,
  "обеспеченный": 2,
  "обеспечивать": 1,
  "обеспокоенный": -2,
  "обещание": 1,
  "обещания": 1,
  "обещанный": 1,
  "обжиг": -2,
  "обидел": -2,
  "обидно": -2,
  "обижает": -2,
  "обижать": -2,
  "обижаться": -2,
  "обиженный": -2,
  "облачении": -2,
  "облегчение": 2,
  "обман": -2,
  "обманут": -2,
  "обманутый": -3,
  "обманчивый": -3,
  "обманщик": -3,
  "обманывает": -3,
  "обманывать": -3,
  "обнадеживающий": 2,
  "обнадеживающим": 2,
  "обналичивание": -2,
  "ободряющий": 2,
  "обожаемый": 3,
  "обожание": 3,
  "обожанием": 3,
  "обожать": 3,
  "обостряет": -2,
  "обостряется": -2,
  "обострять": -2,
  "Обрадованный": 3,
  "образный": 2,
  "обременения": -2,
  "обременены": -2,
  "обременяющий": -2,
  "обреченный": -2,
  "общий": 1,
  "объятие": 2,
  "объятий": 2,
  "обязанность": 1,
  "обязательное": -1,
  "обязательство": 2,
  "овдовевший": -1,
  "оглушающий": 4,
  "оглушение": -2,
  "оглушительный": -1,
  "Огонь": -2,
  "огорчен": -2,
  "огорчение": -2,
  "огорченный": -2,
  "огорчительный": -2,
  "ограничен": -2,
  "ограничение": -1,
  "ограниченное": -1,
  "ограниченный": -2,
  "ограничивает": -2,
  "ограничивать": -2,
  "ограничительный": -1,
  "огромный": 1,
  "огрубляет": -2,
  "одержимы": 2,
  "один раз в жизни": 3,
  "Одинокий": -2,
  "одобрение": 2,
  "одобрил": 2,
  "одобряет": -2,
  "одобрять": 2,
  "одураченный": -2,
  "оживленно": 2,
  "оживленный": 2,
  "оживлять": 2,
  "ожидало": -1,
  "озабоченный": -2,
  "озаглавленный": 1,
  "озлобленный": -2,
  "ой": -2,
  "оказалась наводнена": -2,
  "окаменела": -2,
  "окрыляет": 2,
  "оксюморон": -1,
  "онанизм": -2,
  "опальный": -2,
  "опасающийся": -2,
  "опасаясь": -2,
  "опасение": -2,
  "опасно": -2,
  "Опасность": -2,
  "опасный": -3,
  "опечаленный": -2,
  "опечалены": -2,
  "оплакивает": -2,
  "оплакивал": -2,
  "оплакивать": -2,
  "оползень": -1,
  "опоры": 2,
  "оправдав": 2,
  "оправдает": 2,
  "оправдание": 2,
  "оправданно": 2,
  "оправданный": 2,
  "определенные жертвы": -3,
  "определенный": 2,
  "опрометчивый": -2,
  "оптимизм": 2,
  "оптимистичный": 2,
  "опустошать": -2,
  "опустошение": -2,
  "опустошения": -2,
  "опустошенный": -2,
  "опухоль": -2,
  "орешки": -3,
  "ориентир": 2,
  "освежающе": 2,
  "освобождались": 2,
  "освобождать": 2,
  "освобожден от ответственности": 2,
  "освобожденный": -1,
  "осечка": -2,
  "оскорбительный": -2,
  "оскорбление": -2,
  "оскорблений": -2,
  "оскорбленный": -1,
  "ослаблена": -2,
  "ослабленный": -2,
  "ослабляет": -2,
  "ослепительный": 3,
  "ослы": -4,
  "осмеяние": -2,
  "основной момент": 2,
  "оспаривая": -2,
  "оставлять": -1,
  "оставшийся в живых": 2,
  "остановился": -1,
  "остановка": -1,
  "остановки": -1,
  "осторожный": 2,
  "остракизму": -2,
  "острый": 1,
  "осуждает": -2,
  "осуждать": -2,
  "осуждение": -2,
  "осужденный": -2,
  "осуждено": -3,
  "осушенных": -2,
  "осуществляет": 2,
  "отбиты": -2,
  "отбрасывание": -1,
  "отбрасывать": -1,
  "отбрасываются": -1,
  "отважно": 2,
  "отважный": 2,
  "отвалы": -1,
  "отведение": -2,
  "отвергает": -1,
  "отвергая": -1,
  "отвергнуто": -1,
  "ответственность": 2,
  "отвлекается": -2,
  "отвлекать": -2,
  "отвлекая": -1,
  "отвлечение": -2,
  "отвратительный": -2,
  "отвращает": -1,
  "отвращение": -3,
  "отгонять": -1,
  "отдать честь": 2,
  "отдельный": -1,
  "отзвук": -2,
  "отзывчивый": 2,
  "отказ": -2,
  "отказалась": -2,
  "отказано": -2,
  "отказаться": -2,
  "отказаться от": -2,
  "отказов": -2,
  "отказывается": -2,
  "отказывающийся": -2,
  "откаты": -3,
  "откладывать": -1,
  "откладывая": -1,
  "отклоненные": -2,
  "отклонять": -1,
  "отключение": -1,
  "Отключения": -2,
  "отлично": 3,
  "отложено": -1,
  "отмена": -1,
  "Отмена": -1,
  "отменен": -1,
  "отменяет": -1,
  "отмщенный": -2,
  "отнимать": -2,
  "отодвигает": -1,
  "отпор": -1,
  "отпускает": 2,
  "отрабатывает": 2,
  "отравили": -2,
  "отрезвление": 1,
  "отрицает": -2,
  "отрицатели": -2,
  "отрицательность": -2,
  "отрицательный": -2,
  "Отрицать": -2,
  "отрицающий": -2,
  "отсалютовал": 2,
  "отсрочка": -1,
  "отставал": -2,
  "отстаивали": 2,
  "отстающий": -2,
  "отстой": -3,
  "отступление": -1,
  "отсутствие": -2,
  "отсутствует": -2,
  "отсутствующий": -1,
  "отталкивающий": -2,
  "отходы": -1,
  "отчаивается": -3,
  "отчаявшийся": -3,
  "отчаяние": -3,
  "отчаянный": -3,
  "отчитал": -3,
  "отчитывает": -3,
  "отчуждение": -2,
  "охватывать": 1,
  "оценили": 2,
  "оцепенелый": -1,
  "очарование": 3,
  "очарованный": 3,
  "очаровательно": 3,
  "очаровательный": 3,
  "очаровывает": 3,
  "очаровывать": 3,
  "очиститель": 2,
  "очищается": 1,
  "ошеломлен": -2,
  "ошеломленный": -2,
  "ошибка": -2,
  "ошибки": -2,
  "ошибочный": -2,
  "оштрафовать": -2,
  "падение": -1,
  "падший": -2,
  "памятный": 1,
  "паника": -3,
  "паникер": -2,
  "паникеры": -2,
  "паникует": -3,
  "панический": -3,
  "паническое бегство": -2,
  "парадокс": -1,
  "паразитирует": -2,
  "пародия": -2,
  "паршивый": -2,
  "пасмурный": -2,
  "пассивная": -1,
  "пассивно": -1,
  "педик": -3,
  "педики": -3,
  "перебивает": -2,
  "перегрузка": -1,
  "передний край": 1,
  "переживший": 2,
  "перепроданности": -2,
  "перепутались": -2,
  "перерыв в работе": -2,
  "переусердствовал": -2,
  "перехватов": -2,
  "перехитрили": -2,
  "перспектива": 1,
  "перспективы": 1,
  "пессимизм": -2,
  "пессимистический": -2,
  "петух": -5,
  "печалить": -2,
  "печаль": -2,
  "печально известный": -2,
  "пидор": -3,
  "пизда": -5,
  "пикировать": -2,
  "пистолет": -1,
  "питать отвращение": -3,
  "плавучий": 2,
  "плакала": -2,
  "плакать": -1,
  "платить": -1,
  "плач": -2,
  "пленила": 3,
  "плодородный": 2,
  "плохо": -2,
  "Плохо": -3,
  "плохо себя ведет": -2,
  "плохое обращение": -2,
  "плюхается": -2,
  "по существу": 1,
  "побег": -1,
  "победа": 3,
  "победители": 3,
  "победитель": 4,
  "победы": 4,
  "побежденный": -2,
  "побочные эффекты": -2,
  "побочный эффект": -2,
  "повеселел": 2,
  "поврежден": -3,
  "повреждение": -3,
  "поврежденный": -3,
  "повстанцы": -2,
  "погашать": 2,
  "погашены": 2,
  "поглощенный": 1,
  "под вопросом": -2,
  "под сомнение": -1,
  "под угрозой": -2,
  "подавила": -1,
  "подавился": -2,
  "подавленный": -2,
  "подал в отставку": -1,
  "подал в суд": -2,
  "подали в суд": -2,
  "подарок": 2,
  "подвергать опасности": -2,
  "подвергать остракизму": -2,
  "подвергаются": -1,
  "подвергая": -1,
  "подвешенный": -1,
  "подготовленный": 1,
  "подделками": -3,
  "поддержанный": 2,
  "поддержка": 2,
  "поддержки": 1,
  "поддержку": 2,
  "подземные толчки": -2,
  "подкуп": -3,
  "подкупленный": -3,
  "подлый": -1,
  "поднимает настроение": 2,
  "поднимается": 1,
  "подобранный": 1,
  "подозреваемые": -1,
  "подозреваемый": -1,
  "подозревающий": -1,
  "подозрительный": -2,
  "Подонок": -4,
  "подрыв": -2,
  "подрывает": -2,
  "подрывается": -2,
  "подрывать": -2,
  "подрывной": -2,
  "подстерегает": -1,
  "подстроенный": -1,
  "подтверждает": 2,
  "Подтверждает": 2,
  "подтверждало": 2,
  "подтверждено": 1,
  "подходящее": 2,
  "подходящий": 2,
  "подчеркнул": -2,
  "подъем": 1,
  "пожалел": -2,
  "пожалеть": -1,
  "пожалуйста": 1,
  "пожелания": 1,
  "пожертвование": 2,
  "пожертвованный": 2,
  "пожурил": -3,
  "позволяет избегать": -1,
  "позволять": 1,
  "Поздравил": 1,
  "поздравление": 2,
  "поздравления": 2,
  "поздравлять": 2,
  "Поздравляю": 2,
  "познабливание": -1,
  "позор": -2,
  "позорный": -2,
  "покинутый": -2,
  "поклонник": 3,
  "поклонники": 2,
  "поклоняющийся": 3,
  "покрывать": -3,
  "полезность": 2,
  "полезный": 2,
  "полезным": 2,
  "полемика": -2,
  "полированный": 2,
  "положительно": 2,
  "положительный": 2,
  "полоснул": -2,
  "получение": 2,
  "получили": 2,
  "полый": -1,
  "пользуется": 2,
  "поместиться": 1,
  "помеха": -2,
  "помешанный": -3,
  "помилован": 2,
  "помилование": 2,
  "помогает": 2,
  "Помогите": 2,
  "помощь": 2,
  "понравилось": 2,
  "поощрение": 2,
  "поощряла": 2,
  "поощрять": 2,
  "попрекает": -3,
  "попугать": -2,
  "популярность": 3,
  "популярный": 3,
  "поработить": -2,
  "порабощает": -2,
  "порабощенный": -2,
  "поражает": 2,
  "поражать": 2,
  "поражение": -2,
  "пораженный": 2,
  "поразительно": 3,
  "поразительный": 3,
  "порванный": -2,
  "порез": -1,
  "порезы": -1,
  "порочный": -2,
  "портя": -2,
  "посвященный": 3,
  "поселок": 1,
  "последствия": -2,
  "последующий": 3,
  "посредственность": -3,
  "пострадавший": -2,
  "пострадавших": -1,
  "пострадали": -2,
  "Посттравматический": -2,
  "потери": -3,
  "потери права выкупа": -2,
  "потерпеть неудачу": -2,
  "потеря": -3,
  "потерял": -3,
  "потерянных вызовов": -2,
  "потребовал": -1,
  "потрясающий": 4,
  "потрясены": -2,
  "потускневший": -2,
  "потускнение": -2,
  "поучительный": 2,
  "похвалили": 2,
  "похищает": -2,
  "похищать": -2,
  "похищена": -2,
  "похищение людей": -2,
  "похищений": -2,
  "похищения людей": -2,
  "похищенный": -2,
  "похороны": -1,
  "поцелуй": 2,
  "почет": 3,
  "почитаемый": 3,
  "почитается": 2,
  "почитать": 2,
  "почтение": 2,
  "правда": 2,
  "праведность": 2,
  "правильное направление": 3,
  "правовой": 1,
  "правомерный": 2,
  "правонарушитель": -2,
  "праздник": 3,
  "праздники": 3,
  "праздничный": 2,
  "празднование": 3,
  "праздновать": 3,
  "празднует": 3,
  "превосходили": -2,
  "превосходный": 5,
  "превосходство": 3,
  "превратно": -2,
  "преграждает": -2,
  "предавать": -3,
  "предает": -3,
  "предала": -3,
  "преданность": 2,
  "преданный": 2,
  "предательство": -3,
  "предвосхищение": 1,
  "пределах": -1,
  "предложение": -2,
  "предложения": -2,
  "предоставившие ложные сведения": -2,
  "предоставление": 1,
  "предоставляется": 1,
  "предостерег": -2,
  "предотвращает": -1,
  "предотвращать": -1,
  "предотвращена": -1,
  "предотвращение": -1,
  "предотвращено": -1,
  "предприимчивый": 2,
  "предупреждает": -2,
  "предупреждать": -2,
  "предупреждение": -3,
  "предупреждения": -3,
  "презирает": -3,
  "презирать": -2,
  "презрение": -2,
  "презренный": -2,
  "презрительно": -2,
  "презрительный": -2,
  "преимущества": 2,
  "преимущественно": 2,
  "преимущество": 2,
  "прекрасный": 3,
  "пренебрегает": -2,
  "пренебрегающий": -2,
  "пренебрежение": -2,
  "пренебрежительно": -2,
  "пренебрежительный": -2,
  "пренебречь": -2,
  "препятствие": -2,
  "препятствия": -2,
  "препятствовала": -2,
  "препятствовать": -1,
  "препятствующей": -2,
  "препятствующий": -2,
  "прервана": -1,
  "прерванный": -2,
  "прерывание": -2,
  "прерывающий": -2,
  "пресекает": -2,
  "преследовать": -2,
  "преследовать в судебном порядке": -1,
  "преследуемый": -2,
  "преследует": -2,
  "преследующий": 1,
  "пресный": -2,
  "преступает": -2,
  "преступать": -2,
  "преступив": -2,
  "преступил": -2,
  "преступление": -2,
  "преступлений": -2,
  "преступления": -3,
  "преступник": -3,
  "преступники": -2,
  "претендующий": -1,
  "преувеличений": -2,
  "преувеличенный": -2,
  "преувеличивает": -2,
  "преувеличиваешь": -2,
  "преувеличивать": -2,
  "преувеличивая": -2,
  "преуспевает": 3,
  "прибежища": -1,
  "прибыль": 2,
  "прибыльный": 3,
  "приверженной": 1,
  "Привет": 2,
  "приветствие": 1,
  "приветствовал": 2,
  "приветствовать": 1,
  "приветствует": 2,
  "привилегированный": 2,
  "привлекает": 1,
  "привлекательнее": 2,
  "привлекательность": 2,
  "привлекательный": 3,
  "привлекать": 1,
  "привлекли": 1,
  "привлечение": 2,
  "Привлечение": 2,
  "приводящий в ярость": -2,
  "привязанность": 3,
  "приглашать": 1,
  "приговоренный": -2,
  "приговоры": -1,
  "придурок": -3,
  "приемлемо": 1,
  "приемлет": -3,
  "признавать": -1,
  "признает": -1,
  "признал": -1,
  "признание": 2,
  "признательность": 2,
  "призрак": -1,
  "призывает": 2,
  "приключение": 2,
  "приключения": 2,
  "приличествовать": 2,
  "примечательный": 2,
  "примиряет": 2,
  "примирять": 2,
  "принести извинения": -1,
  "принижается": -2,
  "принижать": -2,
  "принимает": 1,
  "принимать": 1,
  "принимающий": 1,
  "принуждают": -2,
  "принуждение": -2,
  "принятие": 1,
  "принято": 1,
  "принять": 1,
  "приостановить": -1,
  "приподнятое настроение": 3,
  "присоединиться": 1,
  "приставать": -3,
  "пристыдил": -2,
  "притеснений": -2,
  "притесняет": -3,
  "притормаживаний": -2,
  "притягательный": 1,
  "притяжательный падеж": -2,
  "прихоть": -2,
  "причинение": -2,
  "причинить": -2,
  "причинить боль": -2,
  "приятный": 3,
  "проблема": -2,
  "проблемы": -2,
  "провал": -2,
  "проверки": 1,
  "провидец": 3,
  "провозглашенный": 2,
  "провозить": -2,
  "провоцировать": -1,
  "провоцирует": -1,
  "провоцирующий": -1,
  "прогневить": -2,
  "прогресс": 2,
  "продавать сверх своих запасов": -2,
  "продажный": -3,
  "продвинутый": 1,
  "продлить": 1,
  "продолжается": 1,
  "прозаический": -2,
  "проигрыш": -3,
  "проклятие": -1,
  "проклятый": -4,
  "промотать": -2,
  "промывание мозгов": -3,
  "проницательность": 2,
  "пронырливый": -2,
  "пропаганда": 2,
  "пропущенный": -2,
  "прорвать": 3,
  "просветить": 2,
  "просветляет": 2,
  "просвещенный": 2,
  "прославленный": 3,
  "Прости": -1,
  "простонала": -2,
  "просторный": 1,
  "простота": 1,
  "простофиля": -2,
  "проступки": -2,
  "проступков": -2,
  "проступок": -2,
  "просы": -2,
  "протаскивает": -2,
  "протестовать": -2,
  "протестующие": -2,
  "протесты": -2,
  "противный": -2,
  "противоправный": -2,
  "противоречивый": -2,
  "процветание": 3,
  "процветающий": 3,
  "прочность": 2,
  "прочувствованный": 3,
  "прощать": 1,
  "проясняет": 2,
  "Прямо": 1,
  "прячется": -1,
  "псевдонаука": -3,
  "псих": -2,
  "психопатические": -2,
  "пугающий": -3,
  "пугающим": -2,
  "пускать под откос": -2,
  "пустой": -1,
  "пустослов": -3,
  "пустота": -1,
  "пылкий": 2,
  "пытать": -4,
  "пыткам": -4,
  "пытки": -4,
  "пьяный": -2,
  "раб": -3,
  "рабство": -3,
  "рабы": -3,
  "равнодушие": -2,
  "радоваться": 4,
  "радостно": 3,
  "радостный": 3,
  "радость": 4,
  "разбазаривает": -2,
  "разборчивый": -2,
  "развалился": -2,
  "развлекательный": 2,
  "развлечение": 3,
  "развлечения": 3,
  "разводка": -2,
  "развращает": -3,
  "разгневан": -2,
  "разгневанный": -3,
  "раздавленный": -2,
  "раздражает": -3,
  "раздражать": -2,
  "раздражающий": -2,
  "раздраженный": -2,
  "раздутый": -1,
  "разлагающее": -3,
  "размывание": -2,
  "размыто": -2,
  "разногласие": -2,
  "разоблачать": -1,
  "разоблачений": -1,
  "разозлила": -3,
  "разорение": -2,
  "разочарование": -2,
  "разочарования": -2,
  "разочарованный": -2,
  "разочаровывает": -2,
  "разочаровывать": -2,
  "разочаровывающий": -2,
  "разрешающая способность": 2,
  "разрешить": 2,
  "разрушающий": -3,
  "разрушение": -3,
  "разрушенной": -2,
  "разрушенный": -2,
  "разрушительный": -2,
  "разъяренный": -2,
  "рай": 3,
  "рак": -1,
  "расизм": -3,
  "расист": -3,
  "расисты": -3,
  "раскаяние": -2,
  "расплывчатый": -2,
  "распутывать": 1,
  "рассеется": 1,
  "расслабленный": 2,
  "расследует": -1,
  "рассмеялся": 1,
  "рассториться": -2,
  "расстраивает": -2,
  "расстройства": -2,
  "расстройство": -2,
  "рассылки спама": -2,
  "расточительство": -2,
  "расточка": -2,
  "растратил": -2,
  "расхваливали": -2,
  "расходы": -2,
  "расценена": 2,
  "расчлененный": -2,
  "расширение прав и возможностей": 2,
  "расширяет": 1,
  "расширять": 1,
  "ратифицированный": 2,
  "рафинирует": 1,
  "рвань": -2,
  "рвет": -3,
  "рвота": -3,
  "рвотное": -3,
  "реабилитировать": 2,
  "реабилитирует": 2,
  "реабилитирующий": 2,
  "ревнивый": -2,
  "ревнители": -2,
  "ревностный": 2,
  "ревность": -2,
  "резвый": 2,
  "резка": -1,
  "резко": -2,
  "рекламирует": -2,
  "рекомендовать": 2,
  "рекомендуемые": 2,
  "рекомендует": 2,
  "рельефы": 1,
  "рецензия": -2,
  "решает": 1,
  "решать": 1,
  "решающее значение": 1,
  "решена": 1,
  "решение": 1,
  "решения": 2,
  "решены": 2,
  "решительный": 2,
  "риск": -2,
  "риски": -2,
  "рискованный": -2,
  "робкий": -2,
  "Роза": 1,
  "роман": 2,
  "романтика": 2,
  "романтически": 2,
  "роскошь": 2,
  "рост": 2,
  "ругается": -2,
  "ругань": -2,
  "ругать": -2,
  "руины": -2,
  "руководство": 1,
  "рукоплескать": 2,
  "рушится": -2,
  "рыдание": -2,
  "с надеждой": 2,
  "С уважением": 2,
  "с углами": -2,
  "саботаж": -2,
  "салютуя": 2,
  "салюты": 2,
  "самозаблуждении": -2,
  "самовлюбленность": -2,
  "самодовольный": -2,
  "самозванец": -2,
  "самоубийственный": -2,
  "самоубийство": -2,
  "самоубийцы": -2,
  "самоуверенный": 2,
  "самый сильный": 2,
  "самый счастливый": 3,
  "самый темный": -2,
  "саркастический": -2,
  "сбалансирован": -2,
  "сбалансированный": 1,
  "сбивает с толку": -2,
  "сбои": -2,
  "Сбой в": -2,
  "сборник законов": 2,
  "сбрасывали": -2,
  "сваливание": -2,
  "свалка": -1,
  "сварливый": -2,
  "свататься": 3,
  "свежий": 1,
  "сверкающий": 3,
  "сверхъестественный": -2,
  "свобода": 2,
  "свободно": 1,
  "свободный": -3,
  "свободы": 2,
  "сводящий с ума": -3,
  "своего рода": 2,
  "связанные с насилием,": -3,
  "сгущение": -1,
  "сдерживающий": -2,
  "сексуальный": 3,
  "сердитый": -3,
  "серый": -1,
  "серьезный": -2,
  "сеча": -2,
  "сила": 3,
  "сильнее": 2,
  "сильно": -2,
  "сильные стороны": 2,
  "сильный": 2,
  "Симпатичная": 1,
  "симпатичный": 2,
  "симпатия": 2,
  "синеватобагровый": -2,
  "сиськи": -2,
  "сказывался": -2,
  "скандал": -3,
  "скандалы": -3,
  "скандальный": -3,
  "скачущий": -1,
  "скверный": -2,
  "скептик": -2,
  "скептики": -2,
  "скептицизм": -2,
  "скептический": -2,
  "склонно": -2,
  "скользкий": 2,
  "скорбный": -2,
  "скорбящий": -2,
  "скрывать": -1,
  "скрываясь": -1,
  "скука": -2,
  "скупой": -2,
  "скучающий": -2,
  "скучный": -2,
  "слабое место": -2,
  "слабоумный": -3,
  "слабый": -2,
  "слава": 2,
  "славный": 2,
  "слаще": 3,
  "слезы": -2,
  "слепой": -1,
  "сликовое": 2,
  "слип": -1,
  "слишком остро реагировать": -2,
  "слишком упрощенный": -2,
  "сложно": -1,
  "сломал": -1,
  "сломанный": -1,
  "случаи злоупотребления": -2,
  "случайно": -2,
  "случайный": -2,
  "слэш": -2,
  "смакует": 2,
  "смеется": 1,
  "Смеется": 1,
  "смело": 2,
  "смелость": 2,
  "смельчак": 2,
  "смертей": -2,
  "смертоносный": -3,
  "смерть": -2,
  "смех": 1,
  "смехотворный": -3,
  "смешнее": 4,
  "смешной": -3,
  "смещение": -1,
  "смеющийся": 1,
  "смиренный": 1,
  "смог": -2,
  "смущать": -2,
  "смущенный": -2,
  "смышленым": 2,
  "снисходительный": 1,
  "со скидкой": -1,
  "со смертельным исходом": -3,
  "со спинкой": 1,
  "соблазненный": -1,
  "совершаемых": -2,
  "совершает": 1,
  "совершение": 1,
  "совершение тяжкого убийства": -3,
  "совершенство": 3,
  "совершенствует": 2,
  "совершить": 1,
  "совестно": -2,
  "совок": 3,
  "согласие": 2,
  "согласий": 2,
  "согласовано": 1,
  "соглашается с тем,": 1,
  "соглашение": 1,
  "содействие": 1,
  "содействовать": 1,
  "содействует": 1,
  "сожалений": -2,
  "сожалеть": -2,
  "сожалея": -2,
  "сокращать": -2,
  "сокращение": -2,
  "сокровища": 2,
  "сокровище": 2,
  "солидарность": 2,
  "Солнечный свет": 2,
  "сомневался": -1,
  "сомневающийся": -1,
  "сомнение": -1,
  "сомнения": -1,
  "сомнительный": -1,
  "соперник": -1,
  "соперничающих": -1,
  "сорваны": -2,
  "сосать": -3,
  "сосредоточены": 2,
  "состояние": 2,
  "состоятельнее": 2,
  "состоятельный": 2,
  "сострадание": 2,
  "сострадательный": 2,
  "состязательный": -1,
  "сохранены": 2,
  "сохраняется": -1,
  "сочный": -1,
  "сочувствие": 2,
  "сошел с рельсов": -2,
  "союзник": 2,
  "спад": -2,
  "спам": -2,
  "спамер": -3,
  "спамеры": -3,
  "спасается": -1,
  "спасатель": 4,
  "спасение": 2,
  "спасенный": 2,
  "спасибо": 2,
  "спасти": 2,
  "спекулянт": -2,
  "спекуляция": -2,
  "спины": 1,
  "спокойный": 2,
  "спор": -2,
  "спорно": -2,
  "спорный": -2,
  "споры": -2,
  "способности": 2,
  "способность": 2,
  "способный": 1,
  "способствовало": 1,
  "Справедливая": 2,
  "справедливость": 2,
  "спровоцированный": -1,
  "спрос": -1,
  "спрятался": -1,
  "спуск в скважину под давлением": -2,
  "спутать": -2,
  "сражаясь": -2,
  "сражения": -1,
  "сраный": -3,
  "срочный": -1,
  "срыв": -2,
  "срывать": -2,
  "срыве": -2,
  "срывы": -2,
  "ссание": -3,
  "ссать": -4,
  "стабильный": 2,
  "ставит под угрозу": -2,
  "сталкиваетс": -1,
  "сталкиваться": -1,
  "сталкивающийся": -1,
  "стаут": 2,
  "стереотип": -2,
  "стереотипный": -2,
  "стимулирование": 1,
  "стимулированный": 1,
  "стимулировать": 1,
  "стимулирует": 1,
  "стимулирующий": 2,
  "стирается": -2,
  "стойкий": 2,
  "стойло": -2,
  "стоимость": 2,
  "столкновение": -2,
  "столкновения": -2,
  "стон": -2,
  "стонать": -2,
  "стонущий": -2,
  "стоны": -2,
  "стоп": -1,
  "сторонник": 1,
  "страдает": -2,
  "страдалец": -2,
  "страдальцы": -2,
  "страдальческий": -2,
  "страдать": -2,
  "страдающий": -1,
  "странно": -1,
  "странный": -1,
  "страстный": 2,
  "страсть": 1,
  "страх": -2,
  "страшась": -2,
  "страшиться": -2,
  "страшно": -2,
  "страшный": -2,
  "стрелять": -1,
  "стресс": -1,
  "стрессфактор": -2,
  "стрессоры": -2,
  "строго": 3,
  "стройный": 2,
  "судебное преследование": -1,
  "судебные процессы": -2,
  "судебные разбирательства": -1,
  "судебный процесс": -2,
  "судорога": -1,
  "сука": -5,
  "суки": -5,
  "Сукин сын": -5,
  "Сумасшедший": -3,
  "супер": 3,
  "суровее": -2,
  "суровый": -2,
  "сутяжнический": -2,
  "существенный": 1,
  "счастливый": 3,
  "счастье": 3,
  "сыпь": -2,
  "сырая нефть": -1,
  "Сью": -2,
  "таиться": -1,
  "талант": 2,
  "Тард": -2,
  "таскает": -1,
  "тащили": -1,
  "твердеть": 2,
  "твердый": 2,
  "творческий": 2,
  "Те, кому нравится": 2,
  "темнота": -1,
  "тенденциозный": -2,
  "тепло": 2,
  "теплота": 2,
  "тернистый": -2,
  "терпит неудачу": -2,
  "террор": -3,
  "терроризировал": -3,
  "терроризировать": -3,
  "терроризирует": -3,
  "террористический": -2,
  "террористы": -2,
  "теряет": -3,
  "тирады": -3,
  "Тиран": -3,
  "Тиранидской": -3,
  "тиранически": -3,
  "тиранический": -3,
  "ткацкие станки": -1,
  "ткацкий станок": -1,
  "токсичный": -3,
  "толерантность": 2,
  "толерантный": 2,
  "тонет": -2,
  "тонуть": -2,
  "топор": -1,
  "торгаш": -2,
  "торжественный": -1,
  "торжествующий": 4,
  "тоскливый": -2,
  "тоскующий": 1,
  "тоскующий по дому": -2,
  "тоталитаризм": -2,
  "тоталитарный": -2,
  "травма": -2,
  "травматический": -3,
  "травмы": -2,
  "трагедий": -2,
  "трагедия": -2,
  "трагический": -2,
  "трасты": 1,
  "тратить": -2,
  "траур": -2,
  "траурный": -2,
  "трахал": -4,
  "требования": -1,
  "требовательный": -1,
  "тревога": -2,
  "тревожная": -2,
  "тревожный": -2,
  "тремор": -2,
  "трепетный": -2,
  "триумф": 4,
  "трогательный": 3,
  "тролль": -2,
  "трудолюбивый": -2,
  "труп": -1,
  "трус": -2,
  "трусливый": 2,
  "тупик": -2,
  "тупица": -3,
  "тупо": -2,
  "тупой": -3,
  "тупость": -3,
  "тускнеет": -2,
  "тщательный": 3,
  "тьфу": -2,
  "тюрьма": -2,
  "тяжких преступлений": -3,
  "убедило": -1,
  "убеждает": 1,
  "убеждать": 1,
  "убежденный": 1,
  "убийств": -3,
  "убийства": -2,
  "убийствами": -2,
  "убийственный": -3,
  "убийство": -2,
  "убийца": -2,
  "убитый": -3,
  "убитый горем": -3,
  "ублюдки": -5,
  "ублюдку": -5,
  "ублюдок": -5,
  "Ублюдок": -5,
  "убытки": -3,
  "Уважаемые": 2,
  "уважаемый": 2,
  "уважение": 2,
  "увеличение": 1,
  "увеличили": 1,
  "уверенная в себе": 2,
  "уверенно": 2,
  "уверенность": 2,
  "уверенный": 2,
  "увещевать": -2,
  "увлекать": 3,
  "увлечен": 2,
  "увлеченный": 3,
  "уволенный": -2,
  "уволено": -1,
  "уволили": -2,
  "Увы": -1,
  "угнетать": -2,
  "угнетение": -2,
  "угнетенный": -2,
  "угрожать": -2,
  "угрожающий": 3,
  "угроз": -2,
  "угроза": -2,
  "угрозы": -2,
  "угрюмый": -2,
  "удалось": 3,
  "удар ножом": -2,
  "удары": -2,
  "удача": 3,
  "удачливый": 2,
  "удивительно": 4,
  "удобно": 2,
  "удобный": 2,
  "удобства": 2,
  "удовлетворение": 2,
  "удовольствие": 3,
  "удрученный": -2,
  "удрученный горем": -2,
  "удушение": -2,
  "ужас": -3,
  "ужасающе": 4,
  "ужасающий": -2,
  "ужасно": -2,
  "ужасный": -2,
  "уклонение": -2,
  "уколоть": -5,
  "украл": -2,
  "украсть": -2,
  "украшать": 3,
  "укрепление": 2,
  "укрепляет": 2,
  "укреплять": 2,
  "улучшает": 2,
  "улучшать": 2,
  "улучшен": 2,
  "улучшение": 2,
  "улыбается": 2,
  "улыбка": 2,
  "улыбки": 2,
  "Улыбнулся": 2,
  "ум": 2,
  "умаляло": -1,
  "умалять": -1,
  "умения": 1,
  "умер": -3,
  "умереть": -3,
  "умирающий": -3,
  "умиротворенный": 2,
  "умиротворяющий": 2,
  "умная": 2,
  "умнее": 2,
  "умный": 2,
  "умозрительный": -2,
  "унижение": -3,
  "униженный": -3,
  "унимался": 2,
  "унифицированный": 1,
  "уничтожать": -2,
  "уничтожить": -3,
  "унылый": -2,
  "упавший духом": -2,
  "упал": -1,
  "упертый": -2,
  "упоение": 2,
  "уполномочивать": 2,
  "упреждающий": 2,
  "упрощать": -2,
  "упрощенчество": -2,
  "упрямый": -2,
  "упускать из виду": -1,
  "упущение": -1,
  "ура": 2,
  "Ура": 5,
  "урод": -2,
  "уродливый": -2,
  "уродства": -2,
  "уродство": -2,
  "усиление": 2,
  "усиленный": 2,
  "ускользает": -1,
  "усладительный": 3,
  "усложняя": -2,
  "усовершенствовал": 2,
  "усовершенствовать": 1,
  "успех": 2,
  "успешно": 3,
  "успешный": 3,
  "успокаивает": 2,
  "успокаивать": 3,
  "успокаивающий": 3,
  "успокоенный": 3,
  "успокоил": 1,
  "успокоительное": 2,
  "устала": -2,
  "усталость": -2,
  "усталый": -2,
  "установка": -1,
  "устаревший": -2,
  "устойчиво": 2,
  "устойчивость": 1,
  "устойчивый": 2,
  "устоявшихся": 2,
  "устрашающий": -3,
  "устрашение": -2,
  "усугубленный": -2,
  "усугубляет": -2,
  "усугубляя": -2,
  "утверждает": 2,
  "утверждать": 1,
  "утверждение": 2,
  "утверждения": -2,
  "утвержденный": 2,
  "утере": -2,
  "утечка": -1,
  "утешительный": 2,
  "утоляет": 2,
  "утомительный": -2,
  "утомленный": -2,
  "утомляет": -2,
  "утонул": -2,
  "утонченный": 2,
  "уходит в отставку": -1,
  "ухудшает впечатление": -1,
  "ухудшается": -2,
  "ухудшать": -2,
  "ухудшаться": -2,
  "ухудшающий": -2,
  "ухудшение": -2,
  "ухудшилось": -2,
  "учтивый": 2,
  "уязвимость": -2,
  "уязвимый": -2,
  "фактически": 2,
  "фальсифицированный": -3,
  "фальсифицировать": -3,
  "фальсифицирующий": -3,
  "фанатик": -2,
  "фантастика": 4,
  "фарс": -1,
  "фатальность": -3,
  "фатальный": -3,
  "фашист": -2,
  "фашисты": -2,
  "фелония": -3,
  "фиаско": -3,
  "филантропия": 2,
  "филигранный": 2,
  "фитнес": 1,
  "флагман": 2,
  "фобическая": -2,
  "фол": -3,
  "форсирует": 1,
  "ха": 2,
  "хаха": 3,
  "хандрить": -1,
  "хаос": -2,
  "хаотичный": -2,
  "харизма": 2,
  "Хармс": -2,
  "хахаха": 3,
  "хвалил": 3,
  "хвалит": 3,
  "хвалить": 3,
  "хвастливый": -2,
  "хехе": 2,
  "хитрость": 2,
  "хищение": -3,
  "хищный": -2,
  "хлопать": -2,
  "хлюпала": -1,
  "хмурый": -1,
  "холеный": 2,
  "хороший": 3,
  "хорошо": 3,
  "хорошо выглядит": 3,
  "хорошо защищала": 3,
  "Хорошо развитая": 2,
  "хотеть": 1,
  "храбрость": 2,
  "Храбрый": 2,
  "хуесос": -5,
  "хуже": -3,
  "хуже рынка": -2,
  "Хуже рынка": -2,
  "хулиган": -2,
  "хулиганов": -2,
  "хулиганство": -2,
  "царствующий": 1,
  "целеустремленный": 2,
  "целостность": 2,
  "цензор": -2,
  "цензоры": -2,
  "цензурой": -2,
  "ценить": 2,
  "ценящий": 2,
  "цинизм": -2,
  "циник": -2,
  "циничный": -2,
  "часто посещаемый": -2,
  "часто посещать": -1,
  "человечный": 2,
  "чемпион": 2,
  "чемпионы": 2,
  "черт": -2,
  "черт возьми": -4,
  "чертов": -4,
  "чертовски жарко": 2,
  "чертовски здорово": 4,
  "чертовски красивая": 4,
  "чертовски мила": 3,
  "чертовски мило": 4,
  "чертовски удивительно": 4,
  "чертовски фантастический": 4,
  "чертовски хорошо": 4,
  "честный": 2,
  "честь": 2,
  "четко сфокусированной": 2,
  "чистейшая": 1,
  "Чисто": 1,
  "чистый": 2,
  "читы": -3,
  "чихает": -2,
  "чихание": -2,
  "чихать": -2,
  "чихнул": -2,
  "чрезмерная реакция": -2,
  "чрезмерно": -2,
  "чувство": 1,
  "чувствовать отвращение": -3,
  "чувствующий отвращение": -3,
  "чудесами": 3,
  "чудесно": 4,
  "чудо": 4,
  "чума": -3,
  "чуткими": 2,
  "шалости": -1,
  "шанс": 2,
  "шансы": 2,
  "шантаж": -3,
  "шантажировали": -3,
  "шантажировать": -3,
  "шантажирует": -3,
  "шедевр": 4,
  "шедевры": 4,
  "шик": 2,
  "шкуры": -1,
  "шлюха": -4,
  "шок": -2,
  "шоки": -2,
  "шпионить": -2,
  "шрам": -2,
  "шрамы": -2,
  "штраф": 2,
  "штрафует": -2,
  "штрафы": -2,
  "штурмы": -2,
  "шумное приветствие": 2,
  "шумный": -1,
  "шутка": 2,
  "шутки": 2,
  "шутливый": 2,
  "щегольской": 2,
  "щедро": 2,
  "щедрый": 2,
  "эвакуация": -1,
  "эвакуированный": -1,
  "эвакуировать": -1,
  "эвакуирует": -1,
  "эвакуируют": -1,
  "эгоизм": -3,
  "эгоистичный": -3,
  "эйфории": 4,
  "эйфория": 3,
  "экологически чистые": 2,
  "экономия": 1,
  "эксклюзивный": 2,
  "экспертно": 2,
  "эксплойты": -2,
  "эксплуатации": -2,
  "эксплуатировать": -2,
  "эксплуатируемый": -2,
  "экстатический": 4,
  "экстремист": -2,
  "экстремисты": -2,
  "эксцентричный": -2,
  "элегантно": 2,
  "элегантный": 2,
  "энергичный": 2,
  "этический": 2,
  "эффективность": 2,
  "эффективный": 2,
  "юмор": 2,
  "юмористические": 2,
  "юмористический": 2,
  "юношеский": 2,
  "юридически": 1,
  "юркий": 2,
  "явно": 1,
  "яд": -2,
  "яды": -2,
  "язвами": -3,
  "яркий": 2,
  "яркость": 1,
  "яростно": -3,
  "яростный": -3,
  "ярость": -2,
  "ясность": 2
}