{
  "orewar": 2,
  "atawa b": -2,
  "a": 1,
  "a amince": 1,
  "A bu mai kyau": 1,
  "a cike da laka": -2,
  "a fili": 1,
  "a kan": 1,
  "abar tsõro": -2,
  "Abin ba in ciki": -2,
  "Abin ban mamaki": -1,
  "abin kunya": -3,
  "aboki": 1,
  "aborts": -1,
  "absentee": -1,
  "absolves": 2,
  "absolving": 2,
  "abũbuwan amfãni": 2,
  "abun banza": -3,
  "abuse": -3,
  "acclaimed": 2,
  "accolade": 2,
  "achievable": 1,
  "aching": -2,
  "acquits": 2,
  "acquitting": 2,
  "acrimonious": -3,
  "adalci": 2,
  "ãdalci": 2,
  "adãwa": -2,
  "addini": 2,
  "admiring": 3,
  "adonka": -2,
  "adopts": 1,
  "adored": 3,
  "adores": 3,
  "adoringly": 3,
  "advantageously": 2,
  "affectionateness": 3,
  "aficionados": 2,
  "aggravated": -2,
  "aggravates": -2,
  "aghast": -2,
  "agog": 2,
  "agonises": -3,
  "agonized": -3,
  "agonizes": -3,
  "aibi": -2,
  "aika": -3,
  "aikata": 2,
  "ajiyar zuciya": -2,
  "ajizai": -2,
  "aka rasa": -2,
  "ake zargi da laifi": -1,
  "ake zargin": -1,
  "alarmist": -2,
  "alarmists": -2,
  "alas": -1,
  "alatu": 2,
  "albarka": 3,
  "Albarka": 2,
  "albarkace": 2,
  "alfahari": 2,
  "alhakin": 1,
  "alheri": 3,
  "alherin": 1,
  "alherinka": 3,
  "aljanna": 3,
  "alkawuran": 1,
  "Allah wadai": -2,
  "ally": 2,
  "almubazzaranci": -3,
  "altruistic": 2,
  "aman": -3,
  "amãnõninsu": 1,
  "amazes": 2,
  "ambivalent": -1,
  "amfana": 2,
  "amfani": 2,
  "amfanin": 2,
  "amfaninsa,": -2,
  "amince": 2,
  "amince da ita": 2,
  "amincewa": 2,
  "aminci": 3,
  "aMINCI": 2,
  "amma kumfa": -3,
  "amused": 3,
  "amusements": 3,
  "An katange": -1,
  "annashuwa": 2,
  "annoba": -3,
  "annobar cutar": -2,
  "annoys": -2,
  "ansu kafofin tarwatsa": -2,
  "anta": -2,
  "antagonistic": -2,
  "anti": -1,
  "apathetic": -3,
  "apathy": -3,
  "apeshit": -3,
  "apocalyptic": -2,
  "apologized": -1,
  "appeases": 2,
  "appeasing": 2,
  "applauds": 2,
  "araha": 2,
  "arancinsu": -2,
  "ardent": 1,
  "arfafa": 2,
  "arsehole": -4,
  "arya": -1,
  "arziki": 2,
  "asalin {": -1,
  "asar, sai murna": 3,
  "asara": -3,
  "asarar": -3,
  "ashame": -2,
  "asibiti": -2,
  "ass": -4,
  "assfucking": -4,
  "astounding": 3,
  "astoundingly": 3,
  "astounds": 3,
  "ata": -2,
  "atarwa": -3,
  "atishawa": -2,
  "atrocity": -3,
  "attractively": 2,
  "auka": -2,
  "aukaka": 3,
  "auku": -2,
  "Aura": 1,
  "awaited": -1,
  "awards": 3,
  "axed": -1,
  "ayi kasafi": 2,
  "azaba": -3,
  "azãba": -2,
  "azabta": -3,
  "azãbtar": -3,
  "azabtar da": -3,
  "azabtarwa": -4,
  "azzãlumai": -2,
  "azzaluman": -2,
  "ba": 1,
  "baamince": -2,
  "ba a ke so": -2,
  "ba aiki": -3,
  "ba bisa doka ba": -3,
  "ba da horo": -2,
  "ba da kyauta": 2,
  "ba daɗi": 3,
  "ba daidai ba": -2,
  "ba fun": -3,
  "ba kyau": -2,
  "ba mamaki": 3,
  "ba ya aiki": -3,
  "babban": 1,
  "babban rabo": 4,
  "babbar": 1,
  "babu": -1,
  "bace": -1,
  "baci": -2,
  "bacin rai": -2,
  "bad": -3,
  "bad luck": -2,
  "bada shawarar": 2,
  "Badass": -3,
  "bai cika": -1,
  "bai dace ba": -2,
  "bai isa a kula": -2,
  "bai kula da tufafinsa": -2,
  "bai tabbata": -1,
  "bailout": -2,
  "baiwa": 2,
  "baka tsoro": -2,
  "baƙin ciki": -3,
  "balagagge": 2,
  "bam": -1,
  "bamboozle": -2,
  "bamboozled": -2,
  "bamboozles": -2,
  "ban": -2,
  "ban mamaki": 3,
  "ban tausayi": -2,
  "ban tsoro": -2,
  "bangaskiya": 1,
  "bankster": -3,
  "banƙyama": -2,
  "banmamaki": 4,
  "banza": -2,
  "baqin ciki": -2,
  "bar": -1,
  "baratar": 2,
  "barazana": -3,
  "barbarous": -2,
  "barga": 2,
  "bari": -2,
  "barkwanci": 2,
  "barna": -3,
  "ɓarna da gangan": -2,
  "barrantacce": -2,
  "barrantar": 1,
  "barrantar da": 2,
  "barta": -2,
  "bashi": -2,
  "bastard": -5,
  "basu amince": -2,
  "bata lokaci": -1,
  "ɓãta masa rai": -3,
  "batancinsu": -2,
  "ɓatar da": -3,
  "batsa": -2,
  "bauta": 3,
  "bautar": -3,
  "bautar da": -2,
  "bautãwa": 1,
  "bawa": -3,
  "baya": -2,
  "bayani": 1,
  "bãyansu,": 1,
  "bayar da": 2,
  "bayar da shawarar da": 2,
  "bayi": -3,
  "bayyana": 2,
  "bazata": -2,
  "bazzara": -2,
  "beatific": 3,
  "beauties": 3,
  "beauty": 3,
  "bege": -1,
  "belittled": -2,
  "bereave": -2,
  "bereaves": -2,
  "bereaving": -2,
  "bijirar": -1,
  "bijirewa": -2,
  "bikin": 3,
  "bin hakkin": -2,
  "bincike": 1,
  "binciken": 1,
  "bitamin": 1,
  "bitches": -5,
  "biya": -1,
  "biyar": -2,
  "biyayya": 3,
  "blackmailed": -3,
  "blackmailing": -3,
  "blackmails": -3,
  "blames": -2,
  "blithe": 2,
  "block": -1,
  "blockbuster": 3,
  "blurry": -2,
  "boldly": 2,
  "boosting": 1,
  "boosts": 1,
  "bore": -2,
  "bothersome": -2,
  "boye": -1,
  "Ɓoye": -1,
  "brainwashing": -3,
  "braveness": 2,
  "bravura": 3,
  "breaches": -2,
  "breathtaking": 5,
  "bribed": -3,
  "bribing": -3,
  "brilliances": 3,
  "brisk": 2,
  "brooding": -2,
  "buga": -1,
  "bugu": -2,
  "bukatar": -1,
  "bukatun": 1,
  "bullied": -2,
  "bullshit": -4,
  "bully": -2,
  "bummer": -2,
  "buoyant": 2,
  "burdening": -2,
  "burge": 3,
  "burglar": -2,
  "buri": 1,
  "butulci": -2,
  "buxe": 2,
  "ca": -2,
  "caje": -3,
  "calming": 2,
  "calms": 2,
  "cancantar": 2,
  "cancels": -1,
  "capabilities": 1,
  "captivated": 3,
  "care": 2,
  "carefulness": 2,
  "cashing a": -2,
  "catastrophic": -4,
  "ceto": 2,
  "chagrin": -2,
  "chagrined": -2,
  "chances": 2,
  "charmingly": 3,
  "charmless": -3,
  "cheated": -3,
  "cheater": -3,
  "cheaters": -3,
  "cheerless": -2,
  "cheery": 3,
  "cherished": 2,
  "chic": 2,
  "chide": -3,
  "chided": -3,
  "chides": -3,
  "chiding": -3,
  "chikin": 2,
  "chilling": -1,
  "choking": -2,
  "ci": -2,
  "ci amana": -3,
  "ci amanar": -3,
  "ci da ceto": -3,
  "ci da gumi": -2,
  "ci da gumi har": -3,
  "ci gaba": 2,
  "ci gulũlu": -3,
  "cika": 2,
  "cikas": -2,
  "cike da hushi": -2,
  "cike take da": -3,
  "ciki": -2,
  "cin amanar": -3,
  "cin amanar kasa": -3,
  "cin hanci": -3,
  "cin hanci da rashawa": -3,
  "cin mutunci": -2,
  "cin zarafin": -2,
  "ciniki": 2,
  "cira": -1,
  "cire": -2,
  "ciwo": -2,
  "ciwon daji": -1,
  "ciwon iska": -3,
  "ciwon kai": -2,
  "ciyar": 1,
  "ciyar da sama": -3,
  "cizon yatsa": -2,
  "classy": 3,
  "clears": 1,
  "clueless": -2,
  "cock": -5,
  "cocksucker": -5,
  "cocksuckers": -5,
  "cocky": -2,
  "collapsing": -2,
  "collides": -1,
  "colliding": -1,
  "collisions": -2,
  "colluding": -3,
  "combats": -1,
  "comedy": 1,
  "comic": 1,
  "complicating": -2,
  "complimented": 2,
  "compliments": 2,
  "conciliate": 2,
  "conciliated": 2,
  "conciliates": 2,
  "conciliating": 2,
  "conflictive": -2,
  "congrats": 2,
  "consents": 2,
  "consolable": 2,
  "contagion": -2,
  "contagions": -2,
  "contaminant": -2,
  "contaminants": -2,
  "contaminates": -2,
  "contaminations": -2,
  "contender": -1,
  "contestable": -2,
  "controversially": -2,
  "convivial": 2,
  "cornered": -2,
  "courageousness": 2,
  "coverup": -3,
  "coziness": 2,
  "crappy": -3,
  "crazier": -2,
  "craziest": -2,
  "crazy": -2,
  "crestfallen": -2,
  "criminate": -3,
  "criminated": -3,
  "criminates": -3,
  "crowding": -1,
  "crushes": -1,
  "crushing": -1,
  "cũce": -1,
  "cuta": -2,
  "cũtar": -2,
  "cutarwa": -2,
  "cutback": -2,
  "cutbacks": -2,
  "cute": 2,
  "cuts": -1,
  "cututtuka": -2,
  "cynic": -2,
  "cynical": -2,
  "cynicism": -2,
  "dadaidaita": 2,
  "dagroomed": 2,
  "dajagoranci": 3,
  "dakafa": 2,
  "damayar da hankali": 2,
  "daraya": 2,
  "da ake so": 2,
  "da fatan": 2,
  "da gangan": -2,
  "da jin dadin": 2,
  "da jin tsoro": -3,
  "da kyau": 3,
  "da sauri": 1,
  "da suka ji rauni": -2,
  "daba": -3,
  "dace": 2,
  "dadi": 3,
  "dage": -1,
  "daidai": 3,
  "daidaita": 1,
  "daidaituwa": 2,
  "dakatar": -2,
  "dakatarda": -1,
  "dakiki": -3,
  "dakushe": -2,
  "dalili": 1,
  "dalĩli": 1,
  "dama": -3,
  "dama shugabanci": 3,
  "damar": 2,
  "damar iya yin komai": 2,
  "dame": -2,
  "damfare": -2,
  "damnit": -4,
  "damu": -3,
  "damunsa na takaici": -2,
  "damuwa": -3,
  "dan danaakarya": -5,
  "dangerously": -2,
  "danƙa": 2,
  "danniya": -1,
  "danye": -1,
  "dara": 2,
  "daraja": 1,
  "darajanta": 3,
  "darajar": 2,
  "daredevil": 2,
  "dariya": 1,
  "datti": -1,
  "daukaka": 2,
  "ɗaukar wasu": -2,
  "dauke da kwayar cutar": -2,
  "dauko": 1,
  "dauntless": 2,
  "ɗaurin kurkuku": -2,
  "dazzling": 3,
  "deadening": -2,
  "deadlock": -2,
  "deafening": -1,
  "dearly": 3,
  "debonair": 2,
  "defenseless": -2,
  "deferring": -1,
  "defiant": -1,
  "deformities": -2,
  "deft": 2,
  "dehumanize": -2,
  "dehumanized": -2,
  "dehumanizes": -2,
  "dehumanizing": -2,
  "deject": -2,
  "dejected": -2,
  "dejecting": -2,
  "dejects": -2,
  "delectable": 3,
  "delightfully": 3,
  "delighting": 3,
  "demoralize": -2,
  "demoralized": -2,
  "demoralizes": -2,
  "demoralizing": -2,
  "denier": -2,
  "deplored": -3,
  "deploring": -3,
  "deportations": -2,
  "deporting": -2,
  "deports": -2,
  "depressing": -2,
  "derail": -2,
  "derailed": -2,
  "derails": -2,
  "derelict": -2,
  "derides": -2,
  "derision": -2,
  "deteriorate": -2,
  "deteriorated": -2,
  "deterrent": -2,
  "detract": -1,
  "detracted": -1,
  "detracts": -1,
  "devastation": -2,
  "devastations": -2,
  "Devotional": 2,
  "diba": 3,
  "dick": -4,
  "dickhead": -4,
  "diffident": -2,
  "dilligence": 2,
  "dipshit": -3,
  "dire": -3,
  "direful": -3,
  "dirtier": -2,
  "dirtiest": -2,
  "disadvantaged": -2,
  "disappointments": -2,
  "disappoints": -2,
  "disapprovals": -2,
  "disapproves": -2,
  "discards": -1,
  "disconsolate": -2,
  "disconsolation": -2,
  "discontented": -2,
  "discriminating": -2,
  "disguises": -1,
  "disguising": -1,
  "disgustful": -3,
  "disheartened": -2,
  "disillusioned": -2,
  "disjointed": -2,
  "dismal": -2,
  "disorganized": -2,
  "disoriented": -2,
  "disparage": -2,
  "disparaged": -2,
  "disparages": -2,
  "disproportionate": -2,
  "disrespected": -2,
  "disrupted": -2,
  "disrupting": -2,
  "disrupts": -2,
  "distresses": -2,
  "Distrustful": -3,
  "disturbs": -2,
  "dithering": -2,
  "diyya": -3,
  "dodging": -2,
  "dodgy": -2,
  "dogara": 2,
  "dõgara": 1,
  "dõge": -2,
  "dolo": -3,
  "dolorous": -2,
  "Don Allah": 1,
  "don faranta zuciya": 2,
  "donates": 2,
  "dont kamar": -2,
  "dora": 2,
  "dorewa": 1,
  "douche": -3,
  "douchebag": -3,
  "dour": -2,
  "downer": -2,
  "downside": -2,
  "drags": -1,
  "drained": -2,
  "dreary": -2,
  "droopy": -2,
  "drowns": -2,
  "drudgery": -2,
  "dski": -1,
  "dubawa": -1,
  "dubious": -2,
  "dubura": -4,
  "dud": -2,
  "duhu": -1,
  "duhũli": -2,
  "duka": -1,
  "duka ya shiga": 1,
  "dukan tsiya": -2,
  "dukiya": 2,
  "dũkiya": 3,
  "dumi": 1,
  "dumped": -2,
  "dumps": -1,
  "dupery": -2,
  "duqufar": 3,
  "dutse mai daraja": 3,
  "ecstatic": 4,
  "eerie": -2,
  "eery": -2,
  "effortlessly": 2,
  "elegantly": 2,
  "embarrasses": -2,
  "embittered": -2,
  "empathetic": 2,
  "engrossing": 3,
  "enjoys": 2,
  "ennui": -2,
  "enraging": -2,
  "enrapture": 3,
  "enslaves": -2,
  "enterprising": 1,
  "erroneous": -2,
  "ErrorWithTranslation": 2,
  "euphoric": 4,
  "evacuates": -1,
  "Evergreen": 2,
  "evergreening": -3,
  "evergreens": 2,
  "exacerbate": -2,
  "exacerbated": -2,
  "exacerbates": -2,
  "exacerbating": -2,
  "exaggerated": -2,
  "exaggerates": -2,
  "exaggerating": -2,
  "exasparate": -2,
  "exasperated": -2,
  "exasperates": -2,
  "exasperating": -2,
  "excruciatingly": -1,
  "exhilarated": 3,
  "exhilarates": 3,
  "exhilarating": 3,
  "exonerate": 2,
  "exonerates": 2,
  "exonerating": 2,
  "expels": -2,
  "expertly": 2,
  "exploiting": -2,
  "exploits": -2,
  "extremists": -2,
  "exuberant": 4,
  "fabulously": 4,
  "fad": -2,
  "fada": -1,
  "fadacefadace": -1,
  "fadada": 1,
  "fadakar": 2,
  "fadakarwa": 2,
  "fadi": -2,
  "fadowa": -1,
  "fafitikar": -2,
  "fag": -3,
  "fagot": -3,
  "fagots": -3,
  "fahimci": -2,
  "fahimi": 2,
  "faker": -3,
  "fakes": -3,
  "faking": -3,
  "fakuwa": -1,
  "falala a kansu": 2,
  "fallasa": -1,
  "fallashi": -1,
  "fama": -2,
  "fan": 3,
  "fanko": -1,
  "fansa": -2,
  "fanshe": 2,
  "fantastic": 4,
  "farar ƙasa": -3,
  "farce": -1,
  "farin ciki": 4,
  "farin ciki da jin": 4,
  "farin ciki da murna": 3,
  "farkisanci": -2,
  "fasa": -1,
  "fasãdi": -1,
  "fasaha": 2,
  "fascinate": 3,
  "fascinates": 3,
  "fascists": -2,
  "fashewa": -2,
  "fashi": -2,
  "fata": 1,
  "fatalities": -3,
  "fatality": -3,
  "fatalwa": -1,
  "fatan": 2,
  "fatara": -3,
  "fatarar": -3,
  "fatattakakkun": -2,
  "fatawar": -1,
  "fatigues": -2,
  "fatiguing": -2,
  "favorably": 2,
  "favorited": 2,
  "favorites": 2,
  "favourited": 2,
  "fearsome": -2,
  "felonies": -3,
  "felony": -3,
  "fervid": 2,
  "festive": 2,
  "fi": 2,
  "fi so": 2,
  "fiasco": -3,
  "fice": 5,
  "fidgety": -2,
  "fili": 1,
  "fines": -2,
  "firgita": -3,
  "fitacciyar": 4,
  "fitad": -1,
  "fitar da": -2,
  "fitarwa": 2,
  "fitina": -2,
  "fitness": 1,
  "flagship": 2,
  "flawlessly": 2,
  "flaws": -2,
  "Flop": -2,
  "flops": -2,
  "flustered": -2,
  "fondness": 2,
  "forgettable": -1,
  "foul": -3,
  "frantic": -1,
  "frauds": -4,
  "fraudster": -4,
  "fraudsters": -4,
  "fraudulence": -4,
  "fraudulent": -4,
  "Freak": -2,
  "free": 1,
  "friendliness": 2,
  "friendly": 2,
  "frikin": -2,
  "frowning": -1,
  "frustrates": -2,
  "frustrating": -2,
  "ftw": 3,
  "fuck": -4,
  "fucked": -4,
  "fucker": -4,
  "fuckers": -4,
  "fuckface": -4,
  "fuckhead": -4,
  "Fuckin": -4,
  "fucking": -4,
  "fucking cute": 4,
  "fucking dama": 4,
  "fucking girma": 4,
  "fucking kyau": 4,
  "fucking m": 4,
  "fucking son": 4,
  "fucking soyayya": 4,
  "fucking zafi": 2,
  "fucktard": -4,
  "fud": -3,
  "fuked": -4,
  "fuking": -4,
  "fuming": -2,
  "fun": 4,
  "funerals": -1,
  "funky": 2,
  "funnier": 4,
  "funny": 4,
  "furofaganda": -2,
  "fursuna": -2,
  "fursunoni": -2,
  "fusata": -2,
  "fusãtar": -2,
  "fusatar da": -3,
  "fusãtarwa": -2,
  "fushi": -3,
  "fyade": -4,
  "fyauce": 2,
  "fyaucewa": 2,
  "gaba": 1,
  "gabatar": -1,
  "gafara": 2,
  "gãfara": 1,
  "gãfarta": 1,
  "gag": -2,
  "gagarumin": 1,
  "gaggawa": -2,
  "gaggãwa": 2,
  "gaggãwar": 2,
  "gagged": -2,
  "gai": 2,
  "gaira": -2,
  "gaishe": 2,
  "gaisuwa": 1,
  "gaji": -2,
  "gajiya": -2,
  "gajiyar": 2,
  "gajiyarwa": -2,
  "gallant": 3,
  "gallantly": 3,
  "gallantry": 3,
  "gamecanza": 3,
  "gamsu": 2,
  "Gamsuwa": 2,
  "ganin darajarsa": 3,
  "garabasa": 3,
  "garanti": 1,
  "gargadi": -3,
  "Gasa": -2,
  "gaskata": 2,
  "gaske": 2,
  "gaskiya": 2,
  "gaskiya ma": 2,
  "gata": 2,
  "gatari": -1,
  "gawa": -1,
  "gazawar": -2,
  "gazawarsa": -2,
  "gefeeffects": -2,
  "gefesakamako": -2,
  "genial": 3,
  "ghastly": -2,
  "gidan wuta": -2,
  "giddy": -2,
  "gigice": -2,
  "gilla": -3,
  "girgiza": -2,
  "girgizar qasa": -2,
  "girma": 2,
  "girmama": 2,
  "girmamawa": 2,
  "girman": -2,
  "girman kai": -3,
  "glamourous": 3,
  "gleeful": 3,
  "gloom": -1,
  "goddamn": -3,
  "gode": 2,
  "gõde": 3,
  "godiya": 2,
  "godsend": 4,
  "goge": 2,
  "gogewar": 1,
  "goodmorning": 1,
  "goofiness": -2,
  "goofy": -2,
  "goyan": 2,
  "goyon baya": 1,
  "goyon bayan": 2,
  "gr8": 3,
  "grand": 3,
  "greenwash": -3,
  "greenwasher": -3,
  "greenwashers": -3,
  "greenwashing": -3,
  "gripping": 2,
  "grisly": -2,
  "groaned": -2,
  "groans": -2,
  "growths": 2,
  "guba": -2,
  "gudun hijira": -1,
  "guduwa": -1,
  "gullibility": -2,
  "gun": -1,
  "gunaguni": -2,
  "gundura": -2,
  "gurabata": -2,
  "gurbace": -3,
  "gurbata": -2,
  "gurbatawa": -2,
  "gurgu": -2,
  "gurgunta": -2,
  "gurHata": -2,
  "gwagwarmaya": -2,
  "gwaji": 1,
  "gwarzo": 2,
  "gyaran": -1,
  "ha": 2,
  "hacked": -1,
  "hadade": 1,
  "hadari": -2,
  "hadarin": -2,
  "hadin kai": -3,
  "haha": 3,
  "hahaha": 3,
  "hahahah": 3,
  "hahuri": -1,
  "Hakika kange": -2,
  "hakuri": -1,
  "haƙuri": 2,
  "halaka": -2,
  "halaye": 2,
  "halin iya jurewa": 2,
  "halitta": 1,
  "hallaka": -3,
  "hallakaswa": -3,
  "Hallelujah": 3,
  "hana": -1,
  "hananne": -2,
  "hanawa": -2,
  "Handpicked": 1,
  "hange": 1,
  "hangen nesa": 3,
  "hangula": -3,
  "hani": -2,
  "hankali": 3,
  "hannun jari": 1,
  "haplessness": -2,
  "haquri": 2,
  "haraji": 2,
  "haramta": -1,
  "harasses": -3,
  "harba": -1,
  "harbeharben": -2,
  "hardier": 2,
  "Hardy": 2,
  "hargitsi": -2,
  "hari": -2,
  "harin": -1,
  "harming": -2,
  "harried": -2,
  "harsher": -2,
  "hasada": -1,
  "hasara": -2,
  "hasãra": -2,
  "haskaka": 2,
  "haskakãwa": 2,
  "haske": 1,
  "hassada": -1,
  "hater": -3,
  "hatsari": -2,
  "hatsarori": -2,
  "hauka": -2,
  "haukata": -3,
  "Haunted": -2,
  "haunting": 1,
  "haunts": -1,
  "haushi": -2,
  "haushinka": -2,
  "hawa dutsen": 2,
  "hawaye": -2,
  "hayaniya": -3,
  "heartbreaking": -3,
  "heartbroken": -3,
  "heartless": -2,
  "heavyhearted": -2,
  "Hehe": 2,
  "heroes": 2,
  "hideous": -3,
  "hiding": -1,
  "hikimar": 1,
  "himma": 2,
  "himmatuwa": 2,
  "hoax": -2,
  "homicides": -2,
  "hooligan": -2,
  "hooliganism": -2,
  "hooligans": -2,
  "hõre": -1,
  "horrid": -3,
  "hoto mai motsi": -2,
  "huckster": -2,
  "huda": -2,
  "hukunci": -2,
  "hukuncin daurin": -2,
  "hukunta": -2,
  "humbug": -2,
  "humerous": 3,
  "humourous": 2,
  "hurarrun": 2,
  "hurray": 5,
  "husata": -2,
  "husũma": -2,
  "hysterical": -3,
  "hysterics": -3,
  "ibilicci": -2,
  "icky": -3,
  "idiocy": -3,
  "ikon": 2,
  "illa": -2,
  "illogical": -2,
  "illolin": -2,
  "impairing": -2,
  "impairs": -2,
  "impeachments": -3,
  "impede": -2,
  "impedes": -2,
  "impeding": -2,
  "impedingly": -2,
  "imposes": -1,
  "imposter": -2,
  "impotent": -2,
  "improperly": -2,
  "incapacitated": -2,
  "incapacitates": -2,
  "incapacitating": -2,
  "incenses": -2,
  "incensing": -2,
  "incoherent": -2,
  "indestructible": 2,
  "indicted": -2,
  "indoctrinate": -2,
  "indoctrinated": -2,
  "indoctrinates": -2,
  "indoctrinating": -2,
  "inediable": -2,
  "ineffectively": -2,
  "inefficiently": -2,
  "inept": -2,
  "ineptitude": -2,
  "inexcusable": -3,
  "inexorable": -3,
  "infantile": -2,
  "infantilized": -2,
  "infatuated": 2,
  "infatuation": 2,
  "infecting": -2,
  "infects": -2,
  "infest": -2,
  "infested": -2,
  "infesting": -2,
  "infests": -2,
  "inflamed": -2,
  "inflicts": -2,
  "infract": -2,
  "infracted": -2,
  "infracting": -2,
  "infracts": -2,
  "infuriated": -2,
  "infuriates": -2,
  "infuriating": -2,
  "inganci": 3,
  "inganta": 1,
  "innovates": 1,
  "inoperative": -2,
  "Inquisition": -2,
  "insensitivity": -2,
  "insipid": -2,
  "inspirational": 2,
  "insufficiency": -2,
  "interested": 2,
  "interrupts": -2,
  "intimidates": -2,
  "intransigence": -2,
  "intransigency": -2,
  "intrigues": 1,
  "invulnerable": 2,
  "irate": -3,
  "ire": 1,
  "irin": 0,
  "irony": -1,
  "irreparable": -2,
  "irreproducible": -2,
  "irresolute": -2,
  "irresponsibly": -2,
  "irritates": -3,
  "irritating": -3,
  "isar": 2,
  "isasshen": 1,
  "itchy": -2,
  "iya": -2,
  "iya \"t tsaya": -3,
  "iya karawa": 2,
  "iya tozartata": -2,
  "iyaka": -1,
  "iyakancewa": -1,
  "iyawa": 2,
  "izgili": -2,
  "ja": -1,
  "jackass": -4,
  "jackasses": -4,
  "jaddada": -2,
  "jagoranci": 1,
  "jahannama": -4,
  "jahilci": -2,
  "jahili": -2,
  "jan": -1,
  "jan hankali": 2,
  "janye": 2,
  "janye hankali": -2,
  "janyewar": -3,
  "janyo hankalin": 1,
  "jarin": 1,
  "jarrabawa": 3,
  "jaruntakar": 3,
  "jauhari": 1,
  "jaunty": 2,
  "jawo": 2,
  "jawo hankalin": 1,
  "jayayya": -2,
  "jãyayya": -1,
  "jefar da": -1,
  "jerk": -3,
  "jesus": 1,
  "Jewels": 1,
  "ji": 1,
  "ji ciwo": -2,
  "ji dadin": 2,
  "ji daɗin": -2,
  "ji haushi": -2,
  "ji haushin": -3,
  "ji na takaici": -2,
  "ji yunwa": -2,
  "jĩfar": -2,
  "jijiyoyi": -1,
  "jijjiga": -1,
  "jin dadi": 3,
  "jin dadin": 2,
  "jin kwanda": -1,
  "jin tsoro": 2,
  "jin zafi": -2,
  "jini": -3,
  "jinkiri": -1,
  "jinkirin": -1,
  "jira": 1,
  "jiran": -1,
  "jitu": 2,
  "jituwa": 2,
  "jocular": 2,
  "Jolly": 2,
  "jovial": 2,
  "joyless": -2,
  "jubilant": 3,
  "juji": -1,
  "jumpy": -1,
  "justifiably": 2,
  "juyayi": 2,
  "ka yi gargaɗi": -2,
  "kabari": -2,
  "ƙabĩlanci": -2,
  "kadai": -2,
  "kadari": 2,
  "kaddamar": 1,
  "ƙaddamar": 2,
  "kaffa": 2,
  "kãfirai": -1,
  "kafiri": -1,
  "kãfirta": -2,
  "kãfirtarsu": -1,
  "kage": -2,
  "kai": 1,
  "kaida sabanin": -2,
  "kaim": 2,
  "kaizagi": -2,
  "kai bishara": 2,
  "kai hare hare": -1,
  "kai hari": -1,
  "kai kara": -1,
  "kai ƙara": -2,
  "kai ƙarar": -2,
  "kai ta rũɗe": -2,
  "kaicon": -2,
  "kakkausar": -3,
  "kalubale": -1,
  "kama": -2,
  "kamakarya": -2,
  "kama a tarko": -2,
  "kamar": 2,
  "kammala": 3,
  "kammalã": 2,
  "kamuwa": -2,
  "kamuwa da cuta": -2,
  "kangararre": -1,
  "kange": -2,
  "kango": -2,
  "ƙanƙara": 2,
  "kankare": 2,
  "kansa ilimi sakamako": 2,
  "kar": 1,
  "kara": 1,
  "ƙara": -2,
  "kara kuzari": 1,
  "karai": -2,
  "karanci": -2,
  "ƙarara": -2,
  "ƙararrawa": -2,
  "karaya": -2,
  "karbabbun": 2,
  "kare": 1,
  "karfafa": 2,
  "ƙarfafa": 2,
  "karfafawa": 2,
  "ƙarfafawa": 2,
  "karfi": 2,
  "ƙarfi": 2,
  "ƙarfin hali": 2,
  "ƙarfin zuciya": 2,
  "ƙari": -2,
  "kariminci": 2,
  "karkatacciyar fassara": -2,
  "karkatar": -1,
  "karkatar da": -1,
  "karkatarwa": -3,
  "Karma": -2,
  "karo": -2,
  "karshe, muna ganin": 2,
  "karuwa": -5,
  "karya": -5,
  "ƙarya": -2,
  "karya ne": -3,
  "ƙaryata": -2,
  "karye": -1,
  "kasa": -2,
  "kãsa": -2,
  "kasada": 2,
  "Kasadar": 2,
  "kasancẽwa": 2,
  "kasanta": -2,
  "kasawa": -2,
  "kasawan": -2,
  "Kash": -2,
  "kashe": -1,
  "Kashe": -3,
  "kashekashen": -3,
  "ƙasƙanci": -3,
  "kaskanta": -2,
  "ƙasƙanta": -2,
  "kaskantar": -2,
  "ƙasƙantattu": -2,
  "kaso": -2,
  "katsalandan": -2,
  "katse": -2,
  "katsewa": -2,
  "kau": -2,
  "kauce masa": -1,
  "kauce wa": -1,
  "kauna": 3,
  "ƙauna": 3,
  "ƙaunar": 3,
  "ƙaunataccen": 3,
  "kauracewa": -2,
  "kauri": -1,
  "ƙauyuka": 1,
  "kawance": 2,
  "kawancen": -2,
  "kawata": 3,
  "kawo": 2,
  "kaya": -2,
  "kayatar": 2,
  "ƙayayuwa": -2,
  "ƙazanta": -2,
  "ƙazantar": -2,
  "kebe": -1,
  "Keen": 1,
  "keta": -2,
  "ƙeta": -2,
  "ƙeta doka": -3,
  "ƙẽtare": -2,
  "ki": -2,
  "ƙi": -3,
  "Ƙi": -3,
  "ƙi yarda": -2,
  "ƙi yin amfani": -2,
  "kiba": -1,
  "kickback": -3,
  "kickbacks": -3,
  "kife": -2,
  "kika aika": -1,
  "kimiyya": -2,
  "ƙin": -3,
  "kin amincewa": -2,
  "ƙin yarda": -2,
  "kinder": 2,
  "kira": -1,
  "kira bisa": 2,
  "kisan": -2,
  "kisan gilla": -3,
  "kisan kai": -2,
  "kisan kai na kuskure": -3,
  "kishi": -1,
  "kiyashi": -2,
  "ƙiyayya": -3,
  "kofi": -2,
  "koka": -2,
  "kokawa": -2,
  "koma bayan tattalin arziki": -2,
  "komabaya": -2,
  "kõme": -2,
  "komo acikin": -2,
  "komowar": -1,
  "kona": -2,
  "kora": -2,
  "korar": -2,
  "korau": -2,
  "kore": -1,
  "kore wanka": -3,
  "kore wash": -3,
  "kuɓutar da": 2,
  "kudos": 3,
  "kuka": -2,
  "kũka": -2,
  "kuka da baƙin ciki": -2,
  "kuka da kansa": -2,
  "kukan": -2,
  "kula": 2,
  "kulla": 2,
  "ƙulla": 2,
  "ƙunci": -2,
  "ƙuntata": -2,
  "ƙuntatawa": -2,
  "ƙuntatãwa": -2,
  "kunya": -2,
  "kurakurai": -2,
  "kurkuku": -2,
  "kururuwa": -2,
  "kururuwarta": -2,
  "kushe": -2,
  "kushewa": -3,
  "kuskure": -2,
  "kuskuren": -2,
  "kuyi radadi": -3,
  "kuzari": 2,
  "kwacen gida": -2,
  "kwacewan gidaje": -2,
  "kwakwalwa": -2,
  "kwanta daga barin": 2,
  "kwantad da hankali": 2,
  "kwantar da hankali": 2,
  "kwantar da hankula": 2,
  "kwanyarsa": 3,
  "kwarai": 5,
  "ƙwarai": 2,
  "kwashe": -1,
  "kwatankwacinku": 2,
  "kwayoyi": -3,
  "kwazo": 2,
  "ƙyacẽwar": -2,
  "kyakkyawa": 3,
  "kyakyawa": 3,
  "kyalkyali": 3,
  "ƙyama": -3,
  "ƙyãma": -2,
  "kyau": 2,
  "kyauta": 1,
  "kyautata": 2,
  "kyautatawa": 3,
  "kyawawa": 3,
  "labari": -1,
  "lackadaisical": -2,
  "lada": 2,
  "ladabi": 2,
  "lafiya": 1,
  "lagging": -2,
  "lags": -2,
  "lahani": -3,
  "laifi": -3,
  "laifuka": -3,
  "laifukan": -2,
  "lalace": -3,
  "lãlãce": -2,
  "lalacewar": -3,
  "lalata": -3,
  "lalatar": -2,
  "lambar": 3,
  "lambar yabo": 3,
  "lan wasa": -2,
  "landmark": 2,
  "lapse": -1,
  "lapsed": -1,
  "lashe": 4,
  "laughting": 1,
  "lawl": 3,
  "lawsuits": -2,
  "laya": 3,
  "leaked": -1,
  "legally": 1,
  "lethality": -2,
  "lethargic": -2,
  "lethargy": -2,
  "libelous": -2,
  "lifesaver": 4,
  "lighthearted": 1,
  "likable": 2,
  "likeable": 2,
  "likers": 2,
  "liking": 2,
  "litigious": -2,
  "livid": -2,
  "lmao": 4,
  "lmfao": 4,
  "loathe": -3,
  "loathed": -3,
  "loathes": -3,
  "loathing": -3,
  "loathsome": -3,
  "lobbied": -2,
  "lobbying": -2,
  "lobbyist": -2,
  "lobbyists": -2,
  "lol": 3,
  "lolol": 4,
  "lololol": 4,
  "lolololol": 4,
  "lonesome": -2,
  "lool": 3,
  "loom": -1,
  "loomed": -1,
  "looming": -1,
  "looms": -1,
  "loool": 3,
  "looool": 3,
  "lousy": -2,
  "lovelies": 3,
  "lovely": 3,
  "luck": 3,
  "ludicrous": -3,
  "lugubrious": -2,
  "lunatic": -3,
  "lunatics": -3,
  "lurk": -1,
  "lurking": -1,
  "lurks": -1,
  "m": -2,
  "mfated": -2,
  "m tsine": 4,
  "ma": 1,
  "macabre": -2,
  "madaidaci": 2,
  "madaidaici": 2,
  "madaidaiciya": 1,
  "madalla": 4,
  "madauwaman zullumi": -3,
  "maddening": -3,
  "mafarkai": 1,
  "mafarki": 1,
  "mafi aminci": 2,
  "mafi duhu": -2,
  "mafi girma": 3,
  "mafi ƙasƙanci": -1,
  "mafi kyau": 3,
  "mafita": -1,
  "magana": -2,
  "maganar banza": -2,
  "magoya bayan": 1,
  "magudi": -1,
  "mahaukaci": -3,
  "Mai aikatãwa ne": 2,
  "mai ban dariya": 2,
  "mai ban mamaki": 4,
  "mai biyayya": 2,
  "mai cuta": -3,
  "mai guba": -3,
  "mai haɗari": -2,
  "mai kyau": 3,
  "mai kyautata": 2,
  "mai ladabi": 1,
  "mai tsabta": 2,
  "mai tsanani": -2,
  "maida su ba kome": -2,
  "makãho": -1,
  "makale": -2,
  "mãƙara": -2,
  "maƙarƙashiya": -2,
  "maƙaryaci": -3,
  "maƙaryata": -3,
  "makiya": -2,
  "maƙiya": -2,
  "maƙiyi": -2,
  "makoki": -2,
  "makokin": -2,
  "maƙyuyaciya": -1,
  "maladaption": -2,
  "maldevelopment": -2,
  "maltreatment": -2,
  "mamaki": 3,
  "mamayewa": -1,
  "manta": -1,
  "manyan": 2,
  "maraba": 2,
  "marar son kai": 2,
  "maras kyau": -2,
  "Marayu": -2,
  "marinjaya": 3,
  "masanan basu ji dadin": -2,
  "masifa": -3,
  "masĩfa": -2,
  "masifu": -1,
  "masoyi": 2,
  "Masterpieces": 4,
  "mãsu ƙaryatãwa": -2,
  "masu kaunar": -2,
  "mãsu kyautatãwa": 2,
  "masu sukar": -2,
  "masu zangazanga": -2,
  "matakai": 2,
  "matalauta": -2,
  "matalautan": -2,
  "matattu": -3,
  "matsa lamba": -1,
  "matsala": -2,
  "matsalar": -2,
  "matsaloli": -2,
  "matsalolin": -2,
  "matsananci": -2,
  "matsananciyar": -3,
  "matsoraci": -2,
  "matsorata": -2,
  "mayan": -3,
  "mayar": 1,
  "mayar da": 1,
  "mayar da hankali": 2,
  "mediocrity": -3,
  "meditative": 1,
  "melancholy": -2,
  "memoriam": -2,
  "menaced": -2,
  "menaces": -2,
  "mesmerizing": 3,
  "messing up": -2,
  "methodical": 2,
  "methodically": 2,
  "mika": 1,
  "mirth": 3,
  "mirthful": 3,
  "mirthfully": 3,
  "misbehave": -2,
  "misbehaved": -2,
  "misbehaving": -2,
  "misbranding": -3,
  "miscast": -2,
  "misclassified": -2,
  "misclassifies": -2,
  "misclassify": -2,
  "misconducted": -2,
  "misconducting": -2,
  "misconducts": -2,
  "misfire": -2,
  "misinformation": -2,
  "misinformed": -2,
  "misinterpreted": -2,
  "miskĩnai": -2,
  "misleaded": -3,
  "misplacing": -2,
  "mispricing": -3,
  "misread": -1,
  "misreport": -2,
  "misreported": -2,
  "misreporting": -2,
  "misreports": -2,
  "misrepresentations": -2,
  "misrepresented": -2,
  "misrepresenting": -2,
  "misrepresents": -2,
  "mistaking": -2,
  "misunderstands": -2,
  "misused": -2,
  "misuses": -2,
  "misusing": -2,
  "moaned": -2,
  "moans": -2,
  "mocks": -2,
  "modernized": 2,
  "modernizes": 2,
  "mongering": -2,
  "monopolize": -2,
  "monopolized": -2,
  "monopolizes": -2,
  "monotone": -1,
  "Moody": -1,
  "mope": -1,
  "moping": -1,
  "motherfucker": -5,
  "motherfucking": -5,
  "mournful": -2,
  "mugayen": -3,
  "mugun": -3,
  "mugunta": -3,
  "mugunyar": -3,
  "muhallifriendly": 2,
  "muhimmanci": 1,
  "muhimmancin": 2,
  "mummuna": -3,
  "mummunan": -2,
  "mummunan zato": -2,
  "mumpish": -2,
  "munãfukai": -2,
  "munanan": -3,
  "mũnin": -2,
  "mura": -2,
  "murabus": -1,
  "murguda": -2,
  "murkushe": -1,
  "murky": -2,
  "murmushi": 2,
  "Murna": 3,
  "musguna": -3,
  "musu": -2,
  "musu ne": -2,
  "musun": -2,
  "musunsa": -2,
  "mutu": -3,
  "mutum ya kashe kansa": -2,
  "mutunci": 2,
  "mutuwa": -2,
  "mutuwar": -2,
  "muzguna": -3,
  "n00b": -2,
  "na ƙarya": -2,
  "na wawa": -3,
  "nadama": -2,
  "nadãma": -2,
  "nadãmõmi": -2,
  "najasa": -2,
  "nakasa": -3,
  "nakasar": -2,
  "narcissism": -2,
  "nasara": 3,
  "nasarori": 3,
  "nauyaya": -2,
  "nauyi": -2,
  "negativity": -2,
  "nema": -1,
  "neman gafara": -1,
  "nemi yin amfani": -1,
  "nervously": -2,
  "nice": 3,
  "Nifty": 2,
  "niggas": -5,
  "nigger": -5,
  "niƙa": -2,
  "nishadi": 2,
  "nishi": -2,
  "nufin": 2,
  "numfashi ba": -2,
  "nuna bambanci": -2,
  "nuna banbanci": -2,
  "nuna musu bambanci": -2,
  "nuna shakka": -1,
  "nuna wariya da kyama": -3,
  "nurturing": 2,
  "nutsar": -2,
  "obalodi": -1,
  "obnoxious": -3,
  "obstructs": -2,
  "offender": -2,
  "offensively": -2,
  "offline": -1,
  "okin": 1,
  "oks": 2,
  "ominous": 3,
  "oppressions": -2,
  "optionless": -2,
  "ostracize": -2,
  "ostracized": -2,
  "ostracizes": -2,
  "ouch": -2,
  "outage": -2,
  "outcry": -2,
  "outmaneuvered": -2,
  "outnumbered": -2,
  "outraged": -3,
  "overprotective": -2,
  "overreact": -2,
  "overreacted": -2,
  "overreacting": -2,
  "overreaction": -2,
  "overreacts": -2,
  "oversell": -2,
  "overselling": -2,
  "oversells": -2,
  "oversimplification": -2,
  "oversimplified": -2,
  "oversimplifies": -2,
  "oversimplify": -2,
  "oversold": -2,
  "overstatement": -2,
  "overstatements": -2,
  "overwrought": -3,
  "oxymoron": -1,
  "panicked": -3,
  "panics": -3,
  "paradox": -1,
  "parley": -1,
  "passively": -1,
  "pathetic": -2,
  "penalizes": -2,
  "penalizing": -2,
  "pensive": -1,
  "perpetrator": -2,
  "persecutes": -2,
  "perturbed": -2,
  "pesky": -2,
  "pessimistic": -2,
  "petrified": -2,
  "philanthropy": 2,
  "phobic": -2,
  "picturesque": 2,
  "pileup": -1,
  "Pique": -2,
  "piqued": -2,
  "piss": -4,
  "pissing": -3,
  "piteous": -2,
  "plagued": -3,
  "plaguing": -3,
  "plodding": -2,
  "poignant": 2,
  "poisons": -2,
  "politeness": 2,
  "pollutant": -2,
  "polluter": -2,
  "polluters": -2,
  "poorer": -2,
  "possessive": -2,
  "posttraumatic": -2,
  "prblm": -2,
  "prblms": -2,
  "predatory": -2,
  "pressured": -2,
  "pretending": -1,
  "pretends": -1,
  "prick": -5,
  "proactive": 2,
  "profiteer": -2,
  "Prudence": 2,
  "pseudoscience": -3,
  "punitive": -2,
  "purest": 1,
  "Qarfafa": 2,
  "qaryatawa": -2,
  "qasqanta": -2,
  "qasqantarda": -2,
  "qetare": -2,
  "quality": 2,
  "quncin rai": -2,
  "rabo": 4,
  "radadin": -3,
  "rafke": -2,
  "rage": -2,
  "rageful": -2,
  "ragu": -2,
  "rahama": 2,
  "raina": -2,
  "raini": -2,
  "rama": -2,
  "ramuwa": -2,
  "ramuwar": -2,
  "rangwame": -1,
  "rant": -3,
  "ranter": -3,
  "ranters": -3,
  "rants": -3,
  "rantsar": -2,
  "rantsuwa": -2,
  "rantsuwar kafara": -3,
  "rapturous": 4,
  "rarrabe": 2,
  "rarrabuwa": -2,
  "rasa": -3,
  "rash": -2,
  "rashi": -3,
  "rashin": -2,
  "rashin adalci": -2,
  "rashin aikin yi": -2,
  "rashin barci": -2,
  "rashin bege": -2,
  "rashin fahimta": -2,
  "rashin fahimtar": -2,
  "rashin gida": -2,
  "rashin iyawa": -2,
  "rashin jin daɗi": -2,
  "rashin kauna": -2,
  "rashin ladabi": -2,
  "rashin lafiya": -2,
  "rashin lafiyan": -2,
  "rashin qarfin zuciya": -2,
  "rashin sanin cikakken farashi": -1,
  "rashin tausayi": -2,
  "rashin tunani": -2,
  "rataya": -1,
  "rauni": -2,
  "raunin da ya faru": -2,
  "rawar jiki": -2,
  "rayar": 2,
  "rãyar": 2,
  "razana": -2,
  "razanarwa": -2,
  "reassures": 1,
  "refines": 1,
  "refreshingly": 2,
  "rege shakka a": 1,
  "relishing": 2,
  "reni": -2,
  "repercussion": -2,
  "reprimanded": -2,
  "reprimanding": -2,
  "Repulse": -1,
  "resolution": 2,
  "retard": -2,
  "retarded": -2,
  "revengeful": -2,
  "rewarding": 2,
  "riba": 2,
  "ribar": 2,
  "richly": 2,
  "rigakafi": 1,
  "rightful": 2,
  "rightfully": 2,
  "rigima": -2,
  "rigingimu": -2,
  "rigorous": 3,
  "riƙe": -1,
  "rikicerikice": -2,
  "rikici": -2,
  "rikicin": -3,
  "rinjãya": 2,
  "ritaya": -1,
  "riveting": 3,
  "riya": -1,
  "robber": -2,
  "robed": -2,
  "robing": -2,
  "robs": -2,
  "robust": 2,
  "rofl": 4,
  "roflcopter": 4,
  "roflmao": 4,
  "romance": 2,
  "romantical": 2,
  "romantically": 2,
  "rotfl": 4,
  "rotflmfao": 4,
  "rotflol": 4,
  "rowa": -2,
  "rude": -2,
  "ruɗe,": -2,
  "rududdugaggu": -3,
  "Rudunar": 2,
  "ruhu": 1,
  "ruining": -2,
  "rungume": 2,
  "rungumi": 1,
  "rura": 1,
  "rusasshiyar": -2,
  "rushe": -2,
  "rushewa": -2,
  "ruwa": -1,
  "sa": -1,
  "sa ~ a ma": -2,
  "sa a wurin da bai dace ba": -2,
  "saba": -2,
  "saba shukawa": -1,
  "sabani": -2,
  "sabawa": -1,
  "sabo": 1,
  "sabon shiga": -2,
  "sace": -2,
  "sadaka": 2,
  "sadaukar da": 2,
  "saka": -2,
  "sãka": 2,
  "saka manta da": -2,
  "sakaci": -2,
  "sake kama": -1,
  "sakosako da": -3,
  "saƙon": 2,
  "salama": 2,
  "salient": 1,
  "sallame": -2,
  "saluting": 2,
  "sama": 2,
  "samaniya": 4,
  "sãmar": -2,
  "samu": 2,
  "samu nasarar": 3,
  "samun": 2,
  "samun nasara": 3,
  "samuwa": -1,
  "sananne": 2,
  "Sanarwa": 2,
  "sannu": -1,
  "sanyaup": -1,
  "sanyi": 1,
  "sanyi stuff": 3,
  "sappy": -1,
  "saran": -2,
  "sata": -2,
  "sau dayainarayuwa": 3,
  "sauke": -1,
  "sauki": 1,
  "sauqaqa": 1,
  "savange": -2,
  "savanges": -2,
  "savawa": -2,
  "savo": -2,
  "sawa": -1,
  "scandalous": -3,
  "scandals": -3,
  "scapegoat": -2,
  "scapegoats": -2,
  "scars": -2,
  "scumbag": -4,
  "seamlessly": 2,
  "secures": 2,
  "seditious": -2,
  "sentences": -2,
  "serene": 2,
  "sexist": -2,
  "sexistic": -2,
  "sexy": 3,
  "sha": -2,
  "sha wahala": -2,
  "shafa": -2,
  "shafe": -2,
  "shãfe": -2,
  "shafi": -1,
  "shagala": -2,
  "shagaltar": 1,
  "shahara": 2,
  "shahararre": 4,
  "shahararren": 2,
  "shahararsa": 3,
  "shaida, shaida": -2,
  "shaƙa": -2,
  "shake": -2,
  "shakka": -2,
  "shakku": -1,
  "shaky": -2,
  "shãmaki": -2,
  "shan kashi": -2,
  "shan wahala": -2,
  "sharar gida": -1,
  "share": 1,
  "shared": 1,
  "sharhi": -2,
  "shawara": -2,
  "shawarar": 2,
  "shawarwari": -2,
  "shawo": 1,
  "shege": -3,
  "shegu": -5,
  "shẽka": -2,
  "shiga": 1,
  "shigar": -2,
  "shigar da": -1,
  "shige": 1,
  "shigewa": -2,
  "shirin bai dace": -2,
  "shirya": 1,
  "shirye": 2,
  "shit": -4,
  "shithead": -4,
  "shitty": -3,
  "shoody": -2,
  "shortgani": -2,
  "shortsightedness": -2,
  "shrew": -4,
  "siga": -2,
  "sihirce": 2,
  "silencing": -1,
  "singleminded": -2,
  "sinister": -2,
  "skeptics": -2,
  "slash": -2,
  "slashed": -2,
  "slashes": -2,
  "slashing": -2,
  "sleeplessness": -2,
  "slick": 2,
  "slicker": 2,
  "slickest": 2,
  "sluggish": -2,
  "slumping": -1,
  "smart": 1,
  "smartest": 2,
  "smog": -2,
  "smuggles": -2,
  "smuggling": -2,
  "sneaky": -1,
  "sneezed": -2,
  "sneezes": -2,
  "sneezing": -2,
  "snub": -2,
  "snubbed": -2,
  "snubbing": -2,
  "snubs": -2,
  "so": 1,
  "sobering": 1,
  "soka": -2,
  "soke": -1,
  "soki": -2,
  "Solidarity": 2,
  "solidifies": 2,
  "solidify": 2,
  "solidifying": 2,
  "solves": 1,
  "somber": -2,
  "son": 2,
  "son kai": -3,
  "son zuciya": -2,
  "soothe": 3,
  "soothed": 3,
  "soothing": 3,
  "sophisticated": 2,
  "spam": -2,
  "spammer": -3,
  "spammers": -3,
  "spamming": -2,
  "sparkle": 3,
  "sparkles": 3,
  "spearhead": 2,
  "spirited": 2,
  "spiritless": -2,
  "spoiled": -2,
  "sprightly": 2,
  "squanders": -2,
  "squelched": -1,
  "stabs": -2,
  "stalled": -2,
  "stalling": -2,
  "stampede": -2,
  "starved": -2,
  "starves": -2,
  "steals": -2,
  "stereotype": -2,
  "stereotyped": -2,
  "stifled": -1,
  "stimulates": 1,
  "stimulating": 2,
  "stinked": -2,
  "stinker": -2,
  "stinks": -2,
  "stinky": -2,
  "strangled": -2,
  "stressor": -2,
  "stressors": -2,
  "stunned": -2,
  "stupidly": -2,
  "suave": 2,
  "subversive": -2,
  "sueing": -2,
  "sues": -2,
  "sufferer": -2,
  "suicidal": -2,
  "suicides": -2,
  "sujada": 3,
  "suka kai": -3,
  "suka mamaye": -2,
  "sukar": -2,
  "sukar lamiri": -2,
  "sulking": -2,
  "sulky": -2,
  "sumba": 2,
  "sumoga": -2,
  "sumul": 2,
  "suna": 1,
  "suna makoki mara karewa": -2,
  "sunã tsõron": -2,
  "sunã yin sujada": 3,
  "sunshine": 2,
  "super": 3,
  "sustainably": 2,
  "sweeter": 3,
  "sweetest": 3,
  "swindle": -3,
  "swindles": -3,
  "swindling": -3,
  "ta da": -2,
  "ta da hankali": -2,
  "ta yi ɗoyi": -2,
  "ta]": -1,
  "tabarbarewa": -2,
  "tabarbarewa.Idan": -2,
  "tabbas": -2,
  "tabbata": 1,
  "tabbatar": 1,
  "tabbatar da": 1,
  "tabo": -2,
  "tace": -2,
  "tafa": 2,
  "tafi": 2,
  "tafiyar": 1,
  "taimaka": 2,
  "taimaka wa": 2,
  "taimakawa": 2,
  "takaici": -2,
  "takardar kira a zo kotu": -2,
  "take hakkin": -2,
  "talauci": -1,
  "tallafin": 1,
  "tambayar": -1,
  "tambaye": -1,
  "tambayoyi": -2,
  "Tana": 1,
  "tanã kai ƙãra": -2,
  "Tanã kiran": 1,
  "tanada": 2,
  "tanadi": 1,
  "tard": -2,
  "tareda žata": -3,
  "tarewa": -1,
  "tarko": -1,
  "tarkuna": -1,
  "tarnish": -2,
  "tarnished": -2,
  "tarnishes": -2,
  "tarzoma": -2,
  "tashi": 1,
  "tashin hankali": -1,
  "tashin hankalirelated": -3,
  "Tashoshi": -1,
  "tasiri": 2,
  "taska": 2,
  "taskõkin": 2,
  "tata": 1,
  "tattalin": 1,
  "tausayi": -2,
  "taushi": 2,
  "tawakkali": 2,
  "tawaya": -2,
  "tawayar": -2,
  "tawaye": -2,
  "taya": -2,
  "taya murna": 2,
  "taya murnar": 2,
  "terrifically": 4,
  "terrorized": -3,
  "thwarted": -2,
  "thwarting": -2,
  "thwarts": -2,
  "tilasta": 1,
  "timorous": -2,
  "tir": -3,
  "Tir": -2,
  "toothless": -2,
  "top": 2,
  "toshe": -2,
  "toshewa": -2,
  "totalitarian": -2,
  "totalitarianism": -2,
  "tout": -2,
  "touted": -2,
  "touting": -2,
  "touts": -2,
  "tranquil": 2,
  "traumatic": -3,
  "travesty": -2,
  "treasonous": -3,
  "tremor": -2,
  "tremors": -2,
  "tremulous": -2,
  "Troll": -2,
  "tsabta": 2,
  "tsabtace": 2,
  "tsage": -2,
  "tsanani": -2,
  "tsanani ga tabbatarwa": 2,
  "tsananin": -3,
  "tsananin sauti": -3,
  "tsananta": -2,
  "tsangwama": -2,
  "tsare": -2,
  "tsaro": -2,
  "tsauraran": -2,
  "tsãwace": -2,
  "tsawata": -2,
  "tsawatawa": -2,
  "tsawwala": -1,
  "tsaya": -1,
  "tsayawa": -1,
  "Tsayayyar": 3,
  "tsere": -1,
  "Tserewa": -1,
  "tsigewar": -3,
  "Tsine": -2,
  "tsine cute": 3,
  "tsine mai kyau": 4,
  "tsine wa": -4,
  "tsira": 2,
  "tsĩrar": 2,
  "tsiwirwirinsu": 2,
  "tsokane": -1,
  "tsokani": -1,
  "tsorata": -2,
  "tsoratarwa": -3,
  "tsoro": -2,
  "tsõro": -3,
  "tsoron": -2,
  "tsõron": -2,
  "tsotsa": -3,
  "tsotse": -3,
  "tsuntsaye": -2,
  "tubalan": -1,
  "tuhumar": -1,
  "tukwici": 2,
  "tunãtar": -2,
  "tunawa": 1,
  "tunku? ãwa": 2,
  "tuntuɓe sabili": -2,
  "tura": -2,
  "turare": -2,
  "turke": -2,
  "tursasa": -3,
  "twat": -5,
  "tyran": -3,
  "tyrannic": -3,
  "tyrannically": -3,
  "tyrans": -3,
  "ubiquitous": 2,
  "ugliness": -3,
  "uƙũba": -3,
  "unacceptable": -2,
  "unappeasable": -2,
  "unapproved": -2,
  "unavailing": -2,
  "unbiased": 2,
  "unconfirmed": -1,
  "unconvinced": -1,
  "uncredited": -1,
  "undecided": -1,
  "undercooked": -2,
  "underestimated": -1,
  "underestimates": -1,
  "underestimating": -1,
  "undermining": -2,
  "underperform": -2,
  "underperformed": -2,
  "underperforming": -2,
  "underperforms": -2,
  "undeserving": -2,
  "unequal": -1,
  "unethical": -2,
  "uneventful": -2,
  "unfavorable": -2,
  "unfitted": -2,
  "unfocused": -2,
  "unforgiving": -2,
  "unfulfilled": -2,
  "unfunny": -2,
  "ungenerous": -2,
  "unhappiness": -2,
  "unhygienic": -2,
  "unimaginative": -2,
  "unimpressed": -2,
  "uninspired": -2,
  "uninvolving": -2,
  "united": 1,
  "unlovable": -2,
  "unmatched": 1,
  "unmotivated": -2,
  "unoriginal": -2,
  "unparliamentary": -2,
  "unpleasantness": -2,
  "Unprofessional": -2,
  "unreleting": -2,
  "unresearched": -2,
  "unsafe": -2,
  "unsatisfied": -2,
  "unsold": -1,
  "unsophisticated": -2,
  "unsound": -2,
  "unstoppable": 2,
  "unsuccessfully": -2,
  "untarnished": 2,
  "unworthy": -2,
  "upsetting": -2,
  "uptight": -2,
  "uzuri": -1,
  "validates": 1,
  "validating": 1,
  "vapid": -2,
  "vexing": -2,
  "victimization": -3,
  "victimize": -3,
  "victimizes": -3,
  "victimizing": -3,
  "Victor": 3,
  "vigilant": 3,
  "vigor": 3,
  "vindicates": 2,
  "vindicating": 2,
  "violently": -3,
  "virulent": -2,
  "visioning": 1,
  "vitality": 3,
  "vitriolic": -3,
  "vivacious": 3,
  "vividly": 2,
  "vociferous": -1,
  "vomited": -3,
  "vomiting": -3,
  "vomits": -3,
  "vuya": -1,
  "wadanda": -3,
  "wadanda ake zargin": -1,
  "wadatar": -2,
  "wahala": -2,
  "wahayi": 1,
  "wahayi zuwa gare su": 2,
  "wajaba": -1,
  "wajaba a kansa": 2,
  "wajenka,": -3,
  "wakĩli a kansu": 2,
  "walƙiya": 1,
  "walkout": -2,
  "walkouts": -2,
  "wanda aka azabtar": -3,
  "wanda aka rabu amfani": -2,
  "wanda arzikinsa ya karye": -2,
  "wanda ya kasa aiki": -2,
  "wanda zuciyarsa ta karai": -2,
  "wani": 1,
  "wanke": 2,
  "wanker": -3,
  "wanzuwa": -2,
  "ware": -1,
  "wargi": 2,
  "wari": -2,
  "wariya": -1,
  "wariyar launin fata": -3,
  "warmhearted": 2,
  "warmness": 2,
  "warware": 1,
  "warwarewa": 1,
  "wasting": -2,
  "wasu irin": 0,
  "watandar": -2,
  "watsi": -1,
  "wauta": -2,
  "wawa": -2,
  "wawanci": -3,
  "wawaye": -2,
  "wawure": -2,
  "waxansu": -3,
  "wãyi gari": -2,
  "wayo": 2,
  "whimsical": 1,
  "widowed": -1,
  "win": 4,
  "wins": 4,
  "winwin": 3,
  "wits": 2,
  "woebegone": -2,
  "won": 3,
  "woo": 3,
  "woohoo": 3,
  "wooo": 4,
  "woow": 4,
  "worsen": -3,
  "worsened": -3,
  "worsening": -3,
  "worsens": -3,
  "wow": 4,
  "wowow": 4,
  "wowww": 4,
  "wreck": -2,
  "WTF": -4,
  "wtff": -4,
  "wtfff": -4,
  "wuka": -2,
  "wulãkanci": -3,
  "Wulakanta": -2,
  "wulakantacce": -2,
  "wuta": -2,
  "wuya": -2,
  "xo": 3,
  "xoxo": 3,
  "xoxoxo": 4,
  "xoxoxoxo": 4,
  "ya aikata": 1,
  "ya ɓadda": -1,
  "Ya cika": 2,
  "ya ɗauke": 2,
  "ya kai": 1,
  "ya raunana": -2,
  "ya taɓa": 1,
  "ya tarwatsa": -2,
  "ya tashi": 1,
  "ya turbuɗe": -3,
  "ya yarda": -1,
  "ya yi gargadin": -2,
  "ya zama ruwan dare": -1,
  "yaba": 2,
  "yaba da tafi": 2,
  "yabo": 3,
  "yabon": 3,
  "yadda ya kamata": 2,
  "yafe": 2,
  "yãfẽwa": 2,
  "yãgaggun leɓɓa daga haƙõra": -2,
  "yajin": -1,
  "yakan": 1,
  "yaki": -2,
  "yaƙi": -1,
  "yamar": -3,
  "yan adawa": -3,
  "Yan wasan": -2,
  "Yanã abin shakka": -2,
  "yanã mai fushi": -3,
  "Yana son": 3,
  "Yanã Yafe": 2,
  "yanci": 2,
  "yankan": -1,
  "yanke": -1,
  "yanke kauna": -3,
  "yanke ƙauna": -3,
  "yanke tsammãni": -3,
  "yanke tsammãnine": -3,
  "yankunan": -2,
  "yarda": 1,
  "yarda da": 1,
  "yardar": 3,
  "yarjejeniya": 1,
  "yaro": 2,
  "yarsu fyaden": -4,
  "yãsassa": -2,
  "yaudara": -2,
  "yaudarar": -3,
  "yaudare": -3,
  "yaudari": -3,
  "yayi kashedin": -2,
  "yeah": 1,
  "yeees": 2,
  "Yehu Ya Tsauta": -2,
  "yi": 1,
  "yi ɗoyi": -2,
  "yi farin ciki": 4,
  "yi karo": -1,
  "yin ishãra": 3,
  "yin shahali": 3,
  "yin watsi da": -1,
  "yiwuwa": 2,
  "Yohanna": 3,
  "yucky": -2,
  "yummy": 3,
  "yunwa": -2,
  "yunwa ta fara addabar": -2,
  "zafi": -2,
  "zagi": -2,
  "zai kawar": -1,
  "Zakaran": 2,
  "zakarun": 2,
  "Zaloti": -2,
  "zãlunce": -2,
  "zaluncemu": -3,
  "zalunci": -2,
  "zãlunci": -2,
  "zãlunci a": -2,
  "zalunta": -2,
  "zaluntar": -3,
  "zaman lafiya": 2,
  "zaman makoki tun": -2,
  "zamanancewa": 2,
  "zamanantar": 2,
  "zamba": -2,
  "zamewa": -1,
  "zangazanga": -2,
  "zangazangar": -2,
  "zarga": -2,
  "zargi": -2,
  "zargin": -2,
  "zari": -3,
  "zaure": -2,
  "zazzabi": -2,
  "zinariya": 2,
  "zuba": -1,
  "zuba son": -2,
  "zubar waccan": -1,
  "zukatanmu": 3,
  "zullumi": -3,
  "zumunta": -2,
  "zunubanku": -2,
  "zunubi": -3
}