{
  "monger": -2,
  "aborts": -1,
  "absolved": 2,
  "absolves": 2,
  "abusing": -3,
  "Acquits": 2,
  "acquitted": 2,
  "acquitting": 2,
  "adopts": 1,
  "adored": 3,
  "aficionados": 2,
  "agonises": -3,
  "agonizes": -3,
  "alarmist": -2,
  "amaze": 2,
  "amazes": 2,
  "Angers": -3,
  "annoyance": -2,
  "annoyed": -2,
  "apeshit": -3,
  "apocalyptic": -2,
  "apologizing": -1,
  "appalled": -2,
  "appeased": 2,
  "appeases": 2,
  "appeasing": 2,
  "arsehole": -4,
  "ashame": -2,
  "assfucking": -4,
  "asshole": -4,
  "atrocious": -3,
  "Avenged": -2,
  "avenger": -2,
  "avengers": -2,
  "avenges": -2,
  "avenging": -2,
  "axed": -1,
  "badass": -3,
  "bailout": -2,
  "bamboozled": -2,
  "Banksters": -3,
  "barbaric": -2,
  "befit": 2,
  "befitting": 2,
  "betrayal": -3,
  "betrayed": -3,
  "bitch": -5,
  "bitches": -5,
  "bitterest": -2,
  "bitterly": -2,
  "bizarre": -2,
  "blackmail": -3,
  "blackmailed": -3,
  "blah": -2,
  "bliss": 3,
  "blissful": 3,
  "bloated": -1,
  "block": -1,
  "blockbuster": 3,
  "boycott": -2,
  "boycotted": -2,
  "boycotting": -2,
  "boycotts": -2,
  "brave": 2,
  "bravura": 3,
  "breathtaking": 5,
  "bribing": -3,
  "brightest": 2,
  "brilliance": 3,
  "brilliant": 4,
  "brisk": 2,
  "broke": -1,
  "brooding": -2,
  "brutal": -3,
  "brutally": -3,
  "bullshit": -4,
  "buoyant": 2,
  "burglar": -2,
  "captivated": 3,
  "carefree": 1,
  "careless": -2,
  "cashing ໃນ": -2,
  "censored": -2,
  "censors": -2,
  "chagrin": -2,
  "championed": 2,
  "chaos": -2,
  "chaotic": -2,
  "charisma": 2,
  "charm": 3,
  "charming": 3,
  "charmingly": 3,
  "charmless": -3,
  "cheat": -3,
  "cheater": -3,
  "cheaters": -3,
  "cheating": -3,
  "cheats": -3,
  "cheer": 2,
  "cheerful": 2,
  "cheerfully": 2,
  "cheerless": -2,
  "cheers": 2,
  "cheery": 3,
  "cherished": 2,
  "cherishing": 2,
  "chic": 2,
  "chiding": -3,
  "childish": -2,
  "chilling": -1,
  "choke": -2,
  "choked": -2,
  "clash": -2,
  "clever": 2,
  "clueless": -2,
  "cock": -5,
  "cocksucker": -5,
  "cocky": -2,
  "collapse": -2,
  "collapses": -2,
  "collides": -1,
  "colliding": -1,
  "collision": -2,
  "collisions": -2,
  "comedy": 1,
  "comic": 1,
  "complacent": -2,
  "complicating": -2,
  "conciliate": 2,
  "conciliated": 2,
  "conciliating": 2,
  "contagion": -2,
  "contempt": -2,
  "contemptible": -2,
  "contemptuous": -2,
  "contemptuously": -2,
  "contender": -1,
  "contentious": -2,
  "controversial": -2,
  "convivial": 2,
  "cornered": -2,
  "corpse": -1,
  "corrupting": -3,
  "courteous": 2,
  "coward": -2,
  "cowardly": -2,
  "coziness": 2,
  "cramp": -1,
  "crap": -3,
  "crappy": -3,
  "crazier": -2,
  "craziest": -2,
  "criminate": -3,
  "critique": -2,
  "crowding": -1,
  "crude": -1,
  "cruel": -3,
  "cruelty": -3,
  "crushes": -1,
  "cry": -1,
  "cunning": 2,
  "cunt": -5,
  "curse": -1,
  "Cutback": -2,
  "cutbacks": -2,
  "cynic": -2,
  "cynical": -2,
  "cynicism": -2,
  "Damnit": -4,
  "daredevil": 2,
  "daring": 2,
  "darkest": -2,
  "dazzling": 3,
  "deafening": -1,
  "dearly": 3,
  "deceitful": -3,
  "defeat": -2,
  "defenseless": -2,
  "deferring": -1,
  "defiant": -1,
  "deft": 2,
  "degrades": -2,
  "dehumanize": -2,
  "dehumanized": -2,
  "dehumanizes": -2,
  "dehumanizing": -2,
  "dejected": -2,
  "delectable": 3,
  "delicious": 3,
  "delight": 3,
  "delightful": 3,
  "delightfully": 3,
  "delights": 3,
  "demoralize": -2,
  "demoralizes": -2,
  "demoralizing": -2,
  "deniers": -2,
  "denounces ຕອນດິນຂອງ": -2,
  "dent": -2,
  "deplored": -3,
  "deplores": -3,
  "deploring": -3,
  "deportation": -2,
  "deportations": -2,
  "deporting": -2,
  "deports": -2,
  "derails": -2,
  "derided": -2,
  "derides": -2,
  "deriding": -2,
  "desperate": -3,
  "desperately": -3,
  "despondent": -3,
  "destroys": -3,
  "detracted": -1,
  "devastations": -2,
  "dick": -4,
  "Dickhead": -4,
  "dilemma": -1,
  "dilligence": 2,
  "dipshit": -3,
  "dirtiest": -2,
  "disagreeable": -2,
  "disappoints": -2,
  "disapproved": -2,
  "disbelieve": -2,
  "disguised": -1,
  "disguises": -1,
  "disguising": -1,
  "dishonest": -2,
  "disjointed": -2,
  "dismal": -2,
  "disoriented": -2,
  "disparaged": -2,
  "disrespected": -2,
  "disrupt": -2,
  "disruption": -2,
  "disruptive": -2,
  "distasteful": -2,
  "distracted": -2,
  "distraction": -2,
  "dithering": -2,
  "diverting": -1,
  "dizzy": -1,
  "dodging": -2,
  "dodgy": -2,
  "doom": -2,
  "doomed": -2,
  "douche": -3,
  "douchebag": -3,
  "dour": -2,
  "downcast": -2,
  "downer": -2,
  "downside": -2,
  "drag": -1,
  "dreadful": -3,
  "dreading": -2,
  "dreary": -2,
  "droopy": -2,
  "drudgery": -2,
  "drunk": -2,
  "dubious": -2,
  "dumb": -3,
  "dumbass": -3,
  "dump": -1,
  "dumps": -1,
  "dupery": -2,
  "dysfunction": -2,
  "eager": 2,
  "ecstatic": 4,
  "eerie": -2,
  "effortlessly": 2,
  "elated": 3,
  "elation": 3,
  "elegant": 2,
  "elegantly": 2,
  "embittered": -2,
  "empathetic": 2,
  "enchanted": 2,
  "enemies": -2,
  "enemy": -2,
  "engrossed": 1,
  "engrossing": 3,
  "enjoys": 2,
  "enlightened": 2,
  "enlightening": 2,
  "enlightenment": 2,
  "ennui": -2,
  "enraged": -2,
  "enrapture": 3,
  "enslave": -2,
  "enslaved": -2,
  "envious": -2,
  "envy": -1,
  "erroneous": -2,
  "escape": -1,
  "esteem": 2,
  "esteemed": 2,
  "euphoria": 3,
  "evacuating": -1,
  "exacerbated": -2,
  "exacerbating": -2,
  "exasparate": -2,
  "excruciatingly": -1,
  "exhilarated": 3,
  "exhilarating": 3,
  "exonerates": 2,
  "exonerating": 2,
  "expelling": -2,
  "expertly": 2,
  "exquisite": 3,
  "extremist": -2,
  "extremists": -2,
  "exuberant": 4,
  "exultantly": 3,
  "fabulous": 4,
  "fabulously": 4,
  "fad": -2,
  "fag": -3,
  "fagots": -3,
  "fainthearted": -2,
  "fake": -3,
  "faker": -3,
  "fame": 1,
  "famine": -2,
  "fantastic": 4,
  "farce": -1,
  "fascinate": 3,
  "fascinated": 3,
  "fascinates": 3,
  "fascinating": 3,
  "fascination": 3,
  "fascist": -2,
  "fascists": -2,
  "fatigue": -2,
  "fatigued": -2,
  "fatigues": -2,
  "fatiguing": -2,
  "favorite": 2,
  "favorited": 2,
  "favourited": 2,
  "fearless": 2,
  "fearlessness": 2,
  "fearsome": -2,
  "feeble": -2,
  "felonies": -3,
  "fervid": 2,
  "flagship": 2,
  "flawless": 2,
  "flawlessly": 2,
  "flop": -2,
  "flops": -2,
  "foolish": -2,
  "fools": -2,
  "forefront": 1,
  "fraudsters": -4,
  "freak": -2,
  "frenzy": -3,
  "fright": -2,
  "frikin": -2,
  "frisky": 2,
  "fruitless": -2,
  "FTW": 3,
  "fuck": -4,
  "fucked": -4,
  "fucker": -4,
  "fuckers": -4,
  "fuckface": -4,
  "fuckhead": -4,
  "fuckin": -4,
  "fucking": -4,
  "fucking fantastic": 4,
  "fucking ງາມ": 4,
  "fucking ດີ": 4,
  "fucking ທີ່ຍິ່ງໃຫຍ່": 4,
  "fucking ຮ້ອນ": 2,
  "fucking ເຮັດໃຫ້ປະລາດ": 4,
  "fucktard": -4,
  "fud": -3,
  "FUKE": -4,
  "fuming": -2,
  "funky": 2,
  "funnier": 4,
  "funny": 4,
  "furious": -3,
  "futile": -2,
  "gag": -2,
  "gallant": 3,
  "gallantly": 3,
  "gem": 3,
  "genial": 3,
  "ghastly": -2,
  "ghost": -1,
  "giddy": -2,
  "glamorous": 3,
  "glamourous": 3,
  "glee": 3,
  "gleeful": 3,
  "gloom": -1,
  "gloomy": -2,
  "glum": -2,
  "goddamn": -3,
  "godsend": 4,
  "goodlooking": 3,
  "goofy": -2,
  "Goofy": -2,
  "gr8": 3,
  "gracious": 3,
  "grand": 3,
  "grave": -2,
  "greed": -3,
  "greedy": -2,
  "greenwash": -3,
  "greenwasher": -3,
  "greenwashers": -3,
  "greenwashing": -3,
  "Greets": 1,
  "grim": -2,
  "grisly": -2,
  "groans": -2,
  "gruesome": -3,
  "gullibility": -2,
  "gullible": -2,
  "ha": 2,
  "hacked": -1,
  "haha": 3,
  "hahaha": 3,
  "hahahah": 3,
  "handpicked": 1,
  "handsome": 3,
  "hapless": -2,
  "hardier": 2,
  "hardy": 2,
  "harried": -2,
  "harsh": -2,
  "harsher": -2,
  "harshest": -2,
  "harshly": -2,
  "hater": -3,
  "haters": -3,
  "haunt": -1,
  "haunted": -2,
  "haunting": 1,
  "haunts": -1,
  "heartbreaking": -3,
  "heartfelt": 3,
  "heartless": -2,
  "heavyhearted": -2,
  "hehe": 2,
  "hell": -4,
  "hellish": -2,
  "hero": 2,
  "hesitant": -2,
  "hideous": -3,
  "hiding": -1,
  "hilarious": 2,
  "hindrance": -2,
  "hoax": -2,
  "homicides": -2,
  "hooligan": -2,
  "hooligans": -2,
  "hopeless": -2,
  "hopelessness": -2,
  "horrendous": -3,
  "horrible": -3,
  "horrid": -3,
  "horrific": -3,
  "horrified": -3,
  "hostile": -2,
  "huckster": -2,
  "hug": 2,
  "huge": 1,
  "hugs": 2,
  "humeral": 3,
  "humiliated": -3,
  "humor": 2,
  "humourous": 2,
  "hurray": 5,
  "hysteria": -3,
  "hysterical": -3,
  "hysterics": -3,
  "icky": -3,
  "idiocy": -3,
  "idiot": -3,
  "idiotic": -3,
  "ignorant": -2,
  "illogical": -2,
  "immobilized": -1,
  "impatient": -2,
  "impedingly": -2,
  "imposed": -1,
  "imposter": -2,
  "impotent": -2,
  "impresses": 3,
  "inaction": -2,
  "incapacitates": -2,
  "incapacitating": -2,
  "Incensing": -2,
  "incompetence": -2,
  "incomprehensible": -2,
  "indestructible": 2,
  "indifference": -2,
  "indifferent": -2,
  "indignant": -2,
  "indoctrinate": -2,
  "indoctrinated": -2,
  "indoctrinating": -2,
  "inediable": -2,
  "inept": -2,
  "ineptitude": -2,
  "inexcusable": -3,
  "infantile": -2,
  "Infantiles": -2,
  "infatuation": 2,
  "inferior": -2,
  "Infested": -2,
  "infesting": -2,
  "inflict": -2,
  "inflicting": -2,
  "infracting": -2,
  "infuriate": -2,
  "infuriating": -2,
  "inhuman": -2,
  "inoperative": -2,
  "insane": -2,
  "insanity": -2,
  "insensitive": -2,
  "insipid": -2,
  "insolvent": -2,
  "insomnia": -2,
  "Inspires": 2,
  "insult": -2,
  "insults": -2,
  "intact": 2,
  "intricate": 2,
  "intrigues": 1,
  "invincible": 2,
  "invulnerable": 2,
  "irate": -3,
  "irony": -1,
  "irreparable": -2,
  "irreproducible": -2,
  "irresistible": 2,
  "irresistibly": 2,
  "irresponsibly": -2,
  "irreversible": -1,
  "irreversibly": -1,
  "irritates": -3,
  "ïການຂັດແຍ່ງ": -2,
  "jackass": -4,
  "jealousy": -2,
  "jerk": -3,
  "jewel": 1,
  "jewels": 1,
  "joke": 2,
  "jokes": 2,
  "jolly": 2,
  "joyful": 3,
  "joyous": 3,
  "jumpy": -1,
  "justifiably": 2,
  "justified": 2,
  "kickback": -3,
  "kickbacks": -3,
  "kidnap": -2,
  "kidnaps": -2,
  "kinder": 2,
  "kiss": 2,
  "kudos": 3,
  "lackadaisical": -2,
  "lag": -1,
  "lagged": -2,
  "lags": -2,
  "lame": -2,
  "lapse": -1,
  "laugh": 1,
  "laughs": 1,
  "laughting": 1,
  "lawl": 3,
  "lazy": -1,
  "lethal": -2,
  "Lethality": -2,
  "liars": -3,
  "libelous": -2,
  "lifesaver": 4,
  "likable": 2,
  "likeable": 2,
  "litigious": -2,
  "livid": -2,
  "lmao": 4,
  "lmfao": 4,
  "loathed": -3,
  "loathing": -3,
  "lobby": -2,
  "Lobbyist": -2,
  "lobbyists": -2,
  "lolol": 4,
  "lololol": 4,
  "lolololol": 4,
  "lonesome": -2,
  "lool": 3,
  "looming": -1,
  "looms": -1,
  "loool": 3,
  "looool": 3,
  "looses": -3,
  "loser": -3,
  "lousy": -2,
  "luckily": 3,
  "ludicrous": -3,
  "lunatic": -3,
  "lunatics": -3,
  "lurking": -1,
  "lurks": -1,
  "luxury": 2,
  "macabre": -2,
  "mad": -3,
  "madly": -3,
  "magnificent": 3,
  "maladaption": -2,
  "maldevelopment": -2,
  "masterpiece": 4,
  "masterpieces": 4,
  "mature": 2,
  "medal": 3,
  "mediocrity": -3,
  "melancholy": -2,
  "menace": -2,
  "menaced": -2,
  "menaces": -2,
  "merry": 3,
  "mesmerizing": 3,
  "messing ເຖິງ": -2,
  "mindless": -2,
  "mirthful": 3,
  "mirthfully": 3,
  "misbehave": -2,
  "misbehaved": -2,
  "misbranding": -3,
  "miscast": -2,
  "misclassified": -2,
  "misclassifies": -2,
  "misclassify": -2,
  "misconducted": -2,
  "miserable": -3,
  "miserably": -3,
  "misfire": -2,
  "misfortune": -2,
  "misinformed": -2,
  "misplaced": -2,
  "mispricing": -3,
  "misreported": -2,
  "misreporting": -2,
  "miss": -2,
  "mistaken": -2,
  "misuse": -2,
  "moan": -2,
  "moaned": -2,
  "moaning": -2,
  "moans": -2,
  "mock": -2,
  "monotone": -1,
  "moody": -1,
  "moping": -1,
  "motherfucker": -5,
  "mournful": -2,
  "mourning": -2,
  "mourns": -2,
  "muddy": -2,
  "mumpish": -2,
  "murderous": -3,
  "murky": -2,
  "myth": -1,
  "n00b": -2,
  "naive": -2,
  "narcissism": -2,
  "nasty": -3,
  "niggas": -5,
  "nigger": -5,
  "noble": 2,
  "noblest": 2,
  "noisy": -1,
  "nonsense": -2,
  "noob": -2,
  "nosy": -2,
  "notorious": -2,
  "obliterated": -2,
  "obnoxious": -3,
  "obscene": -2,
  "obscenity": -2,
  "obsessed": 2,
  "obstinate": -2,
  "offend": -2,
  "offender": -2,
  "offending": -2,
  "OKS": 2,
  "ominous": 3,
  "oops": -2,
  "oppressed": -2,
  "oppression": -2,
  "oppressive": -2,
  "optimistic": 2,
  "optionless": -2,
  "ostracize": -2,
  "ostracized": -2,
  "ostracizes": -2,
  "outcry": -2,
  "outmaneuvered": -2,
  "outrage": -3,
  "outraged": -3,
  "outrageous": -3,
  "overload": -1,
  "overran": -2,
  "overreacted": -2,
  "overreacting": -2,
  "overreacts": -2,
  "oversell": -2,
  "Overselling": -2,
  "oversimplification": -2,
  "oversimplified": -2,
  "oversimplify": -2,
  "oversold": -2,
  "overweight": -1,
  "overwrought": -3,
  "panic": -3,
  "paradox": -1,
  "pardon": 2,
  "pardons": 2,
  "passion": 1,
  "passionate": 2,
  "peacefully": 2,
  "pensive": -1,
  "perplexed": -2,
  "pervert": -3,
  "pesky": -2,
  "pessimism": -2,
  "petrified": -2,
  "phobic": -2,
  "picturesque": 2,
  "Pileup": -1,
  "pillage": -2,
  "pique": -2,
  "piss": -4,
  "pissed": -4,
  "pissing": -3,
  "piteous": -2,
  "pity": -2,
  "plagued": -3,
  "plodding": -2,
  "poignant": 2,
  "powerless": -2,
  "prblm": -2,
  "prblms": -2,
  "predatory": -2,
  "pretending": -1,
  "pretty": 1,
  "prick": -5,
  "propaganda": -2,
  "proudly": 2,
  "Provoke": -1,
  "prudence": 2,
  "pseudoscience": -3,
  "psychopathic": -2,
  "pushy": -1,
  "puzzled": -2,
  "quaking": -2,
  "racism": -3,
  "racist": -3,
  "racists": -3,
  "rage": -2,
  "Rage": -2,
  "rant": -3,
  "ranter": -3,
  "ranters": -3,
  "rapture": 2,
  "raptured": 2,
  "raptures": 2,
  "rebel": -2,
  "relentless": -1,
  "reliant": 2,
  "relishing": 2,
  "reprimand": -2,
  "repulse": -1,
  "repulsed": -2,
  "repulsive": -2,
  "Resigns": -1,
  "restless": -2,
  "retard": -2,
  "retarded": -2,
  "retreat": -1,
  "revenge": -2,
  "revive": 2,
  "richly": 2,
  "ridiculous": -3,
  "rig": -1,
  "rightfully": 2,
  "riot": -2,
  "riots": -2,
  "riveting": 3,
  "rob": -2,
  "robber": -2,
  "robe": -2,
  "Robs": -2,
  "ROFL": 4,
  "roflcopter": 4,
  "roflmao": 4,
  "romance": 2,
  "rotfl": 4,
  "ROTFLMFAO": 4,
  "rotflol": 4,
  "ruin": -2,
  "ruined": -2,
  "ruins": -2,
  "sabotage": -2,
  "sad": -2,
  "sadden": -2,
  "sadly": -2,
  "salient": 1,
  "salute": 2,
  "saluting": 2,
  "sarcastic": -2,
  "Savang": -2,
  "scapegoat": -2,
  "scapegoats": -2,
  "scare": -2,
  "scoop": 3,
  "scorn": -2,
  "scornful": -2,
  "screamed": -2,
  "screaming": -2,
  "screams": -2,
  "scum": -3,
  "scumbag": -4,
  "seamless": 2,
  "seamlessly": 2,
  "seduced": -1,
  "sexist": -2,
  "sexy": 3,
  "shaky": -2,
  "share": 1,
  "shit": -4,
  "shithead": -4,
  "shitty": -3,
  "shocked": -2,
  "shoody": -2,
  "shrew": -4,
  "shy": -1,
  "sigh": -2,
  "silly": -1,
  "singleminded": -2,
  "sinister": -2,
  "slam": -2,
  "slashed": -2,
  "sleeplessness": -2,
  "slick": 2,
  "slicker": 2,
  "slickest": 2,
  "sloppy": -2,
  "sluggish": -2,
  "slumping": -1,
  "slut": -5,
  "smart": 1,
  "smarter": 2,
  "smartest": 2,
  "smear": -2,
  "smile": 2,
  "smog": -2,
  "smuggles": -2,
  "sneaky": -1,
  "snubbed ທຶກໄວ້": -2,
  "solemn": -1,
  "solidifies": 2,
  "solidifying": 2,
  "somber": -2,
  "soothe": 3,
  "sophisticated": 2,
  "spammer": -3,
  "spammers": -3,
  "spark": 1,
  "sparkling": 3,
  "spearhead": 2,
  "splendid": 3,
  "sprightly": 2,
  "squandered": -2,
  "squelched": -1,
  "stab": -2,
  "stabs": -2,
  "stall": -2,
  "stank": -2,
  "startling": 3,
  "starve": -2,
  "stereotype": -2,
  "stifled": -1,
  "stimulates": 1,
  "stingy": -2,
  "stink": -2,
  "stinked": -2,
  "stinker": -2,
  "stinking": -2,
  "stinky": -2,
  "stole": -2,
  "strange": -1,
  "strangely": -1,
  "strangled": -2,
  "stressors": -2,
  "stricken": -2,
  "strikers": -2,
  "strongest": 2,
  "struck": -1,
  "struggle": -2,
  "stubborn": -2,
  "stuff ເຢັນ": 3,
  "stunning": 4,
  "stupidly": -2,
  "subversive": -2,
  "sue": -2,
  "sueing": -2,
  "Sues": -2,
  "suicide": -2,
  "suicides": -2,
  "sullen": -2,
  "sunshine": 2,
  "super": 3,
  "superb": 5,
  "suspecting": -1,
  "swearing": -2,
  "sweeter": 3,
  "sweetest": 3,
  "taint": -2,
  "tard": -2,
  "terribly": -3,
  "terrific": 4,
  "terrified": -3,
  "terror": -3,
  "terrorists": -2,
  "terrorized": -3,
  "terrorizes": -3,
  "thorny": -2,
  "timid": -2,
  "tits": -2,
  "top": 2,
  "tops": 2,
  "torn": -2,
  "tortures": -4,
  "totalitarian": -2,
  "totalitarianism": -2,
  "tout": -2,
  "touted": -2,
  "touts": -2,
  "tragedy": -2,
  "tragic": -2,
  "transgresses": -2,
  "trapped": -2,
  "treason": -3,
  "treasure": 2,
  "trembling": -2,
  "tremors": -2,
  "tremulous": -2,
  "tribute": 2,
  "triumph": 4,
  "troll": -2,
  "tumor": -2,
  "twat": -5,
  "tyran": -3,
  "tyrannical": -3,
  "tyrans": -3,
  "ugh": -2,
  "ugliness": -3,
  "ugly": -3,
  "unappeasable": -2,
  "unapproved": -2,
  "unattractive": -2,
  "unbearable": -2,
  "uncredited": -1,
  "undecided": -1,
  "undercooked": -2,
  "underestimates": -1,
  "underestimating": -1,
  "underperformed": -2,
  "underperforming": -2,
  "undesirable": -2,
  "unethical": -2,
  "uneventful": -2,
  "unfit": -2,
  "unfocused": -2,
  "unforgivable": -3,
  "unforgiving": -2,
  "ungenerous": -2,
  "ungrateful": -3,
  "unhealthy": -2,
  "unhygienic": -2,
  "unimaginative": -2,
  "unimpressed": -2,
  "uninspired": -2,
  "unintelligent": -2,
  "uninvolved": -2,
  "unloved": -2,
  "unmotivated": -2,
  "unoriginal": -2,
  "unparliamentary": -2,
  "unpleasant": -2,
  "unravel": 1,
  "unreleting": -2,
  "unresearched": -2,
  "unscientific": -2,
  "unsold": -1,
  "unsophisticated": -2,
  "unstable": -2,
  "unstoppable": 2,
  "untarnished": 2,
  "untrue": -2,
  "unworthy": -2,
  "uplifting": 2,
  "uproar": -3,
  "upsetting": -2,
  "uptight": -2,
  "uselessness": -2,
  "vague": -2,
  "vapid": -2,
  "verdict": -1,
  "vested": 1,
  "vibrant": 3,
  "vicious": -2,
  "victimize": -3,
  "victor": 3,
  "vile": -3,
  "virulent": -2,
  "vitriolic": -3,
  "vividly": 2,
  "vociferous": -1,
  "walkout": -2,
  "wanker": -3,
  "warmhearted": 2,
  "weird": -2,
  "whimsical": 1,
  "whitewash": -3,
  "whore": -4,
  "winwin": 3,
  "wits": 2,
  "woebegone": -2,
  "won": 3,
  "woo": 3,
  "wooo": 4,
  "woow": 4,
  "worn": -1,
  "worthless": -2,
  "wow": 4,
  "wowow": 4,
  "wowww": 4,
  "wreck": -2,
  "wrenching": -2,
  "wrongdoings": -2,
  "wrongfully": -2,
  "wrongly": -2,
  "wtf": -4,
  "wtff": -4,
  "wtfff": -4,
  "xo": 3,
  "xoxo": 3,
  "xoxoxo": 4,
  "xoxoxoxo": 4,
  "Yeee": 2,
  "yes": 1,
  "yucky": -2,
  "yummy": 3,
  "zealot": -2,
  "zealots": -2,
  "່ິນເຫມັນ": -2,
  "້ໍາຕາ": -2,
  "ກ່ອມ": -2,
  "ກ່າວຫາ": -2,
  "ກ່າວຫາວ່າ": -2,
  "ກ້າ": 3,
  "ກ້າວຫນ້າທາງດ້ານ": 1,
  "ກ້າຫານ": 2,
  "ກວ້າງຂວາງ": 1,
  "ກວດສອບ": 1,
  "ກະຕືລືລົ້ນ": 2,
  "ກະຕຸ້ນ": -1,
  "ກະຕຸກຊຸກຍູ້": 2,
  "ກະທູ້": -3,
  "ກະທົບຕໍ່": -2,
  "ກະທົບທາງລົບ": -2,
  "ກະທໍາຜິດ": -2,
  "ກະທໍາຜິດຕໍ່": -2,
  "ກະລຸນາ": 1,
  "ກະວົນກະວາຍ": -2,
  "ກະເທີຍ": -3,
  "ການ": 2,
  "ການກ່າວຫາ": -2,
  "ການກ່າວໂທດ": -2,
  "ການກວດສອບ": 1,
  "ການກະກຽມ": 1,
  "ການກະຕຸ້ນ": 1,
  "ການກະທໍາຜິດ": -3,
  "ການກະບົດ": -2,
  "ການກືກຫນັງສື": -2,
  "ການກຸສົນ": 2,
  "ການກັ່ນຕອງ": 1,
  "ການກັກຂັງ": -2,
  "ການກໍ່ກວນ": -2,
  "ການກໍານົດ": 2,
  "ການຂະຫຍາຍ": 1,
  "ການຂະຫຍາຍຕົວ": 1,
  "ການຂາດ": -2,
  "ການຂາດດຸນ": -2,
  "ການຂາດວຽກເລື້ອຍໆ": -1,
  "ການຂາດແຄນ": -2,
  "ການຂຸດຄົ້ນ": -2,
  "ການຂູດຮີດ": -2,
  "ການຂົ່ມຂືນ": -4,
  "ການຂົ່ມຂູ່": -2,
  "ການຂົ່ມເຫັງ": -2,
  "ການຂັດຂວາງ": -2,
  "ການຂັບໄລ່": -1,
  "ການຄອບຄອງ": -2,
  "ການຄາດຕະກໍາ": -2,
  "ການຄາຕະກໍາ": -3,
  "ການຄໍ້າປະກັນ": 1,
  "ການຈັດການ": -1,
  "ການຈັບກຸມ": -2,
  "ການຈໍາກັດ": -2,
  "ການຈໍາກັດການ": -2,
  "ການຈໍາແນກ": -2,
  "ການສອດຄ່ອງກັບ": 1,
  "ການສະກັດ": -1,
  "ການສະແດງ": -1,
  "ການສາທິດ": -1,
  "ການສືບສວນ": -2,
  "ການສູນເສຍ": -3,
  "ການສົ່ງເສີມ": 1,
  "ການສົ່ງເສີມການ": -2,
  "ການສັ່ນສະເທືອນ": -2,
  "ການສໍ້ໂກງ": -4,
  "ການສໍາຫຼວດ": 1,
  "ການຊ່ວຍເຫຼືອ": 2,
  "ການຊ່ວຍເຫຼືອລ້າ": 1,
  "ການຊຸກຍູ້ການ": 1,
  "ການຊຸດໂຊມລົງ": -2,
  "ການຍ້ອງຍໍ": 2,
  "ການຍອມຮັບ": 1,
  "ການຍິນຍອມເຫັນ": 2,
  "ການຍຶດຊັບສິນ": -2,
  "ການຍຸບ": -2,
  "ການຍົກຍ້ອງ": 2,
  "ການຍົກຍ້າຍ": -1,
  "ການຍົກເວັ້ນ": -1,
  "ການດຶງດູດ": 2,
  "ການດຶງດູດການ": 1,
  "ການດື່ມ": -2,
  "ການດູຖູກ": -2,
  "ການດູແລ": 2,
  "ການດໍາເນີນຄະ": -1,
  "ການຕິດເຊື້ອ": -2,
  "ການຕັ້ງຄໍາຖາມ": -1,
  "ການຕັ້ງຖິ່ນຖານ": 1,
  "ການຕັດ": -1,
  "ການຕັດສິນໃຈ": 1,
  "ການຕໍ່ສູ້": -1,
  "ການຕໍ່ລອງ": 2,
  "ການຕໍານິ": -2,
  "ການຖອນ": -3,
  "ການຖືກດູຖູກ": -2,
  "ການຖືກທາລຸນ": -3,
  "ການທໍລະມານ": -2,
  "ການທໍາລາຍ": -3,
  "ການທໍາຮ້າຍ": -2,
  "ການບາດເຈັບ": -2,
  "ການບີບບັງຄັບ": -2,
  "ການບັງຄັບ": -1,
  "ການບັນທຸກ": -2,
  "ການບໍລິຈາກ": 2,
  "ການປ້ອງກັນ": -1,
  "ການປອມແປງ": -3,
  "ການປະຊຸມ": -1,
  "ການປະຕິເສດ": -2,
  "ການປະທ້ວງ": -2,
  "ການປະພຶດຜິດ": -2,
  "ການປະລະ": -2,
  "ການປຸກປັ່ນ": -2,
  "ການປົກຄອງ": 1,
  "ການປົກຫຸ້ມເຖິງ": -3,
  "ການປົນເປື້ອນ": -2,
  "ການປັບປຸງ": 2,
  "ການປັບໄຫມ": -2,
  "ການຜະຈົນໄພ": 2,
  "ການຜິດຖຽງກັນ": -2,
  "ການຜູກຂາດ": -2,
  "ການພິສູດ": 2,
  "ການພັດທະນາ": 3,
  "ການຟ້ອງຮ້ອງ": -3,
  "ການຟື້ນຟູ": 2,
  "ການຢຸດຊະງັກ": -2,
  "ການຢຸດເຊົາການ": -2,
  "ການຢຽບກັນຕາຍ": -2,
  "ການລ່ວງລະເມີດ": -3,
  "ການລ່ວງລະເມີດຂອງຕົນເອງ": -2,
  "ການລ້າງສະຫມອງ": -3,
  "ການລ້ຽງດູ": 2,
  "ການລອບສັງຫານ": -3,
  "ການລະງັບ": -2,
  "ການລະບາດຂອງ": -2,
  "ການລະເມີດ": -2,
  "ການລະເລີຍ": -2,
  "ການລົ້ມລະລາຍ": -3,
  "ການລົງທຶນ": 2,
  "ການລົງໂທດ": -2,
  "ການລົບກວນ": -2,
  "ການລຽນແບບ": -2,
  "ການລັກຂະໂມຍ": -2,
  "ການລັກພາຕົວ": -2,
  "ການລັກລອບ": -2,
  "ການລັກລອບຂົນ": -2,
  "ການຫມູນໃຊ້": -1,
  "ການຫລອກລວງ": -2,
  "ການຫວ່າງງານ": -1,
  "ການຫົວເຍາະເຍີ້ຍ": -2,
  "ການອະທິຖານ": 1,
  "ການອະນຸຍາດ": 1,
  "ການອະນຸມັດ": 2,
  "ການອະໄພ": 2,
  "ການອຸທອນ": 2,
  "ການອຸທິດ": 2,
  "ການອຸທິດຕົນ": 2,
  "ການອັນຮີບດ່ວນ": -1,
  "ການຮ້ອງທຸກ": -2,
  "ການຮ້ອງໄຫ້": -2,
  "ການຮ້າຍກາດ": -3,
  "ການຮຸກຮານ": -2,
  "ການຮົ່ວໄຫລ": -1,
  "ການຮັບປະກັນ": 1,
  "ການຮັບຮອງ": 2,
  "ການຮັບຮູ້": 2,
  "ການຮັບເອົາ": 1,
  "ການເກືອດຫ້າມ": -2,
  "ການເກັບກູ້": 1,
  "ການເຂົ້າໃຈຜິດ": -2,
  "ການເຄື່ອນໄຫວ": 1,
  "ການເຄົາລົບ": 2,
  "ການເສຍຊີວິດ": -2,
  "ການເຊື່ອມໂຍງ": 2,
  "ການເຊື້ອເຊີນ": 1,
  "ການເຕືອນໄພ": -3,
  "ການເບື່ອ": -2,
  "ການເປີດເຜີຍ": -1,
  "ການເປັນຂ້າທາດ": -3,
  "ການເພີ່ມກໍາລັງ": 1,
  "ການເອົາລູກອອກ": -1,
  "ການເຮັດບຸນ": 2,
  "ການເຮັດໃຫ້ເສຍ": -1,
  "ການແກ້ໄຂ": 2,
  "ການແຂ່ງຂັນ": 2,
  "ການແຂງຄ່າຂອງ": 2,
  "ການແຈ້ງເຕືອນ": -1,
  "ການໂຈມຕີ": -1,
  "ການໂຕ້ແຍ້ງ": -2,
  "ການໄກ່ເກ່ຍ": 2,
  "ການໄດ້": -2,
  "ການໃສ່ຮ້າຍ": -2,
  "ການໃຊ້ປະໂຫຍດ": -2,
  "ການໃຫ້ອະໄພ": 2,
  "ກາລະໂອກາດ": 2,
  "ກິ່ນອາຍ": 1,
  "ກິ່ນເຫມັນ": -2,
  "ກີ່": -1,
  "ກູ້ໄພ": 2,
  "ກູນີ້ລະຊົ່ວ": -1,
  "ກົ້ນ": -4,
  "ກົງກັນຂ້າມ": -1,
  "ກົດຫມາຍ": -3,
  "ກົດຫມາຍອາຍາ": -2,
  "ກົນອຸບາຍ": -2,
  "ກຽດ": -3,
  "ກຽດສັກສີ": 2,
  "ກຽດຊັງ": -3,
  "ກຽດຕິສັກ": 2,
  "ກັກ": -2,
  "ກັງວົນ": -3,
  "ກັນ": -1,
  "ກັບຄືນໄປບ່ອນ": 1,
  "ກໍ": -2,
  "ກໍ່ການຮ້າຍ": -2,
  "ກໍາຈັດ": -1,
  "ກໍານົດ": -1,
  "ກໍາລັງຫິວໂຫຍ": -2,
  "ກໍາລັງໃຈ": 2,
  "ກໍາໄລ": -2,
  "ຂ້າ": -3,
  "ຂວັຍເສຍ": -2,
  "ຂອງປະທານແຫ່ງ": 2,
  "ຂອບເຂດຈໍາກັດ": -1,
  "ຂະຫຍາຍ": 1,
  "ຂະຫນາດໃຫຍ່": 1,
  "ຂະໂມຍ": -2,
  "ຂາຍ": -1,
  "ຂາຍຊາດ": -3,
  "ຂາດ": -1,
  "ຂາດຄຸນສົມບັດ": -2,
  "ຂາດປະສິດທິ": -2,
  "ຂີ້ອາຍ": -2,
  "ຂີ້ຮ້າຍ": -3,
  "ຂີ້ເຫຍື້ອ": -1,
  "ຂື້ນ": 2,
  "ຂົ່ມຂູ່": -2,
  "ຂົ່ມເຫັງ": -2,
  "ຂົງເຂດ": 3,
  "ຂົນລຸກ": -2,
  "ຂຽນ": 3,
  "ຂຽວຕະຫລອດປີ": 2,
  "ຂັດຂວາງ": -2,
  "ຂັບຂັນ": 3,
  "ຂັບໄລ່": -2,
  "ຂໍ​ໂທດ": -1,
  "ຂໍ້ກ່າວຫາ": -2,
  "ຂໍ້ຂັດແຍ່ງ": -2,
  "ຂໍ້ສັງເກດ": 2,
  "ຂໍ້ຕົກລົງ": 1,
  "ຂໍ້ບົກພ່ອງ": -2,
  "ຂໍ້ມູນທີ່ຜິດ": -2,
  "ຂໍຂອບໃຈ": 2,
  "ຂໍອະໄພ": -1,
  "ຂໍແນະນໍາ": -2,
  "ຄ່າຄວາມນິຍົມ": 3,
  "ຄ່າບໍລິການ": -2,
  "ຄ່າໃຊ້ຈ່າຍ": -2,
  "ຄ່ໍາຄວນ": -2,
  "ຄວາມ​ບ້າ": -3,
  "ຄວາມ​ຜິດ​ພາດ": -2,
  "ຄວາມ​ຮັ່ງ​ມີ": 3,
  "ຄວາມ​ເສຍ​ຫາຍ": -1,
  "ຄວາມກ້າຫານ": 2,
  "ຄວາມກະຕັນຍູ": 3,
  "ຄວາມກົດດັນ": -1,
  "ຄວາມກຽດຊັງ": -3,
  "ຄວາມກັງວົນ": -2,
  "ຄວາມຂັດສົນ": -2,
  "ຄວາມຄິດສ້າງສັນ": 1,
  "ຄວາມຄືບຫນ້າ": 2,
  "ຄວາມງາມ": 3,
  "ຄວາມສ່ຽງ": -2,
  "ຄວາມສ່ຽງສູງ": -2,
  "ຄວາມສ່ຽງຕໍ່ການ": -2,
  "ຄວາມສະດວກ": 2,
  "ຄວາມສາມາດ": 2,
  "ຄວາມສາມັກຄີ": 2,
  "ຄວາມສຸກ": 3,
  "ຄວາມສົກກະປົກ": -2,
  "ຄວາມສົງໄສ": -2,
  "ຄວາມສົດໃສ": 3,
  "ຄວາມສົດໃສດ້ານ": 1,
  "ຄວາມສົນໃຈ": 1,
  "ຄວາມສົມດຸນ": 1,
  "ຄວາມສັດຊື່ຕໍ່": 3,
  "ຄວາມສໍາຄັນ": -2,
  "ຄວາມສໍານຶກຜິດ": -2,
  "ຄວາມສໍາເລັດ": 2,
  "ຄວາມຊອບທໍາ": 2,
  "ຄວາມຊື່ສັດ": 2,
  "ຄວາມຊົ່ວຮ້າຍ": -3,
  "ຄວາມຊົງຈໍາ": -2,
  "ຄວາມຊົມເຊີຍຕໍ່": 2,
  "ຄວາມຊັກຊ້າ": -1,
  "ຄວາມຍາກລໍາບາກ": -2,
  "ຄວາມຍືນຍົງ": 1,
  "ຄວາມຍຸດຕິທໍາ": 2,
  "ຄວາມຍຸຕິທໍາ": 2,
  "ຄວາມຕ້ອງການ": -1,
  "ຄວາມຕ້ານທານ": -2,
  "ຄວາມຕື່ນເຕັ້ນ": 3,
  "ຄວາມທຸກຍາກ": -1,
  "ຄວາມທົນທານ": 2,
  "ຄວາມທົນທານຕໍ່": 2,
  "ຄວາມທັນສະໄຫມ": 2,
  "ຄວາມນິຍົມ": 3,
  "ຄວາມບົກຜ່ອງດ້ານ": -2,
  "ຄວາມບໍ່ສງົບ": -2,
  "ຄວາມບໍ່ສະດວກ": -2,
  "ຄວາມບໍ່ສົມບູນ": -2,
  "ຄວາມບໍ່ພໍໃຈ": -2,
  "ຄວາມບໍ່ມີໃຈ": -3,
  "ຄວາມປອດໄພ": 2,
  "ຄວາມປາດຖະຫນາ": 1,
  "ຄວາມປາຖະຫນາ": -1,
  "ຄວາມຜິດ": -2,
  "ຄວາມຜິດພາດ": -2,
  "ຄວາມຜິດພາດພຽງ": -1,
  "ຄວາມຜິດຫວັງ": -2,
  "ຄວາມຜິດຮ້າຍແຮງ": -3,
  "ຄວາມຝັນ": 1,
  "ຄວາມພິການ": -2,
  "ຄວາມພຶງພໍໃຈ": 2,
  "ຄວາມພູມໃຈ": 2,
  "ຄວາມມືດ": -1,
  "ຄວາມຢ້ານກົວ": -2,
  "ຄວາມລອດ": 2,
  "ຄວາມລົ້ມເຫລວ": -3,
  "ຄວາມລົ້ມເຫຼວຂອງ": -2,
  "ຄວາມລໍາບາກ": -2,
  "ຄວາມຫຍຸ້ງຍາກ": -2,
  "ຄວາມຫຍຸ້ງຍາກໃນ": -2,
  "ຄວາມຫນ້າເຊື່ອຖື": 2,
  "ຄວາມຫມາຍ": -2,
  "ຄວາມຫມັ້ນຄົງ": 2,
  "ຄວາມຫມັ້ນໃຈ": 1,
  "ຄວາມຫວັງ": 2,
  "ຄວາມຫົດຫູ່": -2,
  "ຄວາມຫຼົງໄຫຼ": 2,
  "ຄວາມອ່ອນແອ": -2,
  "ຄວາມອຶດຫິວ": -2,
  "ຄວາມອົດທົນ": 2,
  "ຄວາມອົບອຸ່ນ": 2,
  "ຄວາມອັບອາຍ": -3,
  "ຄວາມຮຸນແຮງ": -3,
  "ຄວາມຮຸນແຮງທີ່ກ່ຽວຂ້ອງກັບ": -3,
  "ຄວາມຮູ້ສຶກ": -1,
  "ຄວາມຮູ້ສຶກຜິດ": -3,
  "ຄວາມຮັກ": 3,
  "ຄວາມຮັກ fucking": 4,
  "ຄວາມຮັບຜິດຊອບ": -2,
  "ຄວາມເຂົ້າໃຈຜິດ": -2,
  "ຄວາມເຂັ້ມແຂງ": 2,
  "ຄວາມເຂັ້ມແຂງຂອງ": 2,
  "ຄວາມເຈັບປ່ວຍ": -2,
  "ຄວາມເຈັບປວດ": -3,
  "ຄວາມເຈັບປວດຊອກ": -3,
  "ຄວາມເສຍຫາຍ": -2,
  "ຄວາມເຕັມໃຈ": 2,
  "ຄວາມເບີກບານໃຈ": 3,
  "ຄວາມເປັນຜູ້ນໍາ": 1,
  "ຄວາມເມດຕາ": 2,
  "ຄວາມເຫັນແກ່ຕົວ": -3,
  "ຄວາມໂກດເຄືອງ": -2,
  "ຄວາມໂສກເສົ້າ": -2,
  "ຄວາມໄວ້ວາງໃຈ": 1,
  "ຄວາມໃຈຮ້າຍ": -3,
  "ຄະດີ": -2,
  "ຄະດີອາຍາ": -3,
  "ຄະນະ": 2,
  "ຄາດຄະເນ": -2,
  "ຄາຕະກອນ": -2,
  "ຄາຕະກໍາ": -2,
  "ຄິດ": 2,
  "ຄິດກວ້າງມອງໄກ": -2,
  "ຄິດຄ່າທໍານຽມ": -3,
  "ຄິດເຖິງບ້ານ": -2,
  "ຄິດເຫັນ": 2,
  "ຄີກ": -2,
  "ຄື": 2,
  "ຄຸກ": -2,
  "ຄຸນງາມຄວາມດີ": 3,
  "ຄຸນນະພາບ": 2,
  "ຄົງຈະບໍ່ເປັນ": -1,
  "ຄົງຈະເຮັດໃຫ້": -2,
  "ຄົນ​ໂງ່": -2,
  "ຄົນກຽດຄ້ານ": -2,
  "ຄົນຂີ້ຕົວະ": -3,
  "ຄົນຂັດສົນ": -2,
  "ຄົນຊົ່ວຮ້າຍ": -2,
  "ຄົນດ້ອຍໂອກາດ": -2,
  "ຄົນປ່າ": -2,
  "ຄົນເວົ້າຫຼາຍ": -2,
  "ຄົນໂງ່": -4,
  "ຄັ່ງ": -3,
  "ຄັນ": -2,
  "ຄໍຕົກ": -2,
  "ຄໍາ": 2,
  "ຄໍາຂວັນນີ້": 3,
  "ຄໍາສັນຍາ": 1,
  "ຄໍາຕັດສິນ": -1,
  "ຄໍາຖາມ": -1,
  "ຄໍາຫມັ້ນສັນຍາ": 1,
  "ຄໍາຮ້ອງທຸກ": -2,
  "ຄໍາເວົ້າ": -3,
  "ຄໍາແກ້ຕົວ": -1,
  "ງ່າຍ": 1,
  "ງານບຸນ": 2,
  "ງາມ": 3,
  "ງາມອອກຄໍາຄິດເຫັນ": 3,
  "ງຽບສະຫງົບ": 2,
  "ຈ່າຍ": -1,
  "ຈະຊ່ວຍໃຫ້": 2,
  "ຈະທໍາລາຍ": -2,
  "ຈະເລີນຮຸ່ງເຮືອງ": 3,
  "ຈະແຈ້ງ": 1,
  "ຈາມ": -2,
  "ຈິນຕະນາການ": 2,
  "ຈືດໆ": -2,
  "ຈຸດອ່ອນ": -2,
  "ຈຸດເດັ່ນ": 2,
  "ຈົ່ງກຽດຊັງ": -3,
  "ຈົ່ງຂັບໄລ່ພວກ": -2,
  "ຈົ່ມ": -2,
  "ຈົ່ມວ່າ": -2,
  "ຈົງຮັກພັກດີ": 3,
  "ຈົມນ້ໍາ": -2,
  "ຈັ່ນຈັບ": -1,
  "ຈັບ": -2,
  "ຈັບກຸມ": -3,
  "ຈໍາກັດ": -1,
  "ຈໍາຄຸກຕະຫຼອດ": -2,
  "ສ": 3,
  "ສ້າງ​ຂື້ນ": -1,
  "ສ້າງຄວາມເຂັ້ມແຂງ": 2,
  "ສວດ": -2,
  "ສອບປາກຄໍາ": -2,
  "ສະ​ບາຍ​ດີ​ຕອນ​ເຊົ້າ": 1,
  "ສະກັດ": -1,
  "ສະກັດກັ້ນ": -2,
  "ສະດວກສະບາຍ": 2,
  "ສະຕິປັນຍາ": 1,
  "ສະຖານທີ່": 2,
  "ສະທ້ອນກັບ": -2,
  "ສະບາຍໃຈ": -2,
  "ສະພາບແວດລ້ອມເປັນມິດ": 2,
  "ສະມາທິ": 1,
  "ສະຫງ່າງາມ": -1,
  "ສະຫງົບ": 2,
  "ສະຫງົບລົງ": 2,
  "ສະຫນິດສະຫນົມ": 2,
  "ສະຫນຸກສະຫນານ": 4,
  "ສະຫນັບສະຫນຸນ": -2,
  "ສະຫນັບສະຫນູນ": 2,
  "ສະຫລອງ": 3,
  "ສະຫວັດດີ": 2,
  "ສະຫວັດດີ groomed": 2,
  "ສະຫວັນ": 2,
  "ສະຫະປະຊາ": 1,
  "ສະເພາະ": 2,
  "ສະເຫຼີມສະຫຼອງ": 3,
  "ສະແດງ": -1,
  "ສະແດງຄວາມຍິນ": 2,
  "ສາດ": -2,
  "ສາດສະຫນາ": 1,
  "ສານພິດ": -2,
  "ສາບານ": -2,
  "ສາມາດ \"t ຢືນ": -3,
  "ສາມາດບັນລຸ": 1,
  "ສາມາດເຂົ້າເຖິງ": 1,
  "ສາມາດແຂ່ງຂັນ": 1,
  "ສິ່ງກີດຂວາງ": -2,
  "ສິ່ງທີ່ທ້າທາຍ": -1,
  "ສິ່ງມະຫັດ": 4,
  "ສິ່ງລະດົມໃຈ": 1,
  "ສິ່ງລົບກວນ": -2,
  "ສິ່ງເສດເຫຼືອ": -1,
  "ສິ້ນຫວັງ": -2,
  "ສິດ": 1,
  "ສິດທິ": 2,
  "ສິດທິພິເສດ": 2,
  "ສິດອໍານາດ": 1,
  "ສິດເສລີພາບໃນ": 2,
  "ສິນບົນ": -3,
  "ສິບຫາຍ": -3,
  "ສີ່ງທີ່ບໍ່ມັກ": -2,
  "ສີຂີ້ເຖົ່າ": -1,
  "ສືບຕໍ່ທໍາລາຍ": -2,
  "ສຸກ": 3,
  "ສຸກເສີນ": -2,
  "ສຸຂະພາບ": 2,
  "ສຸມໃສ່ການ": 2,
  "ສູນເສຍ": -2,
  "ສົ່ງເສີມການ": 1,
  "ສົ່ງເສີມໃຫ້": 2,
  "ສົກກະປົກ": -2,
  "ສົງຄາມ": -2,
  "ສົງໄສ": -1,
  "ສົງໄສຈະສູນ": -1,
  "ສົງໃສ": -1,
  "ສົດ": 1,
  "ສົດໃສ": 1,
  "ສົບຄວາມສໍາເລັດ": -2,
  "ສົບຜົນສໍາເລັດ": -2,
  "ສົມຄວນ": -2,
  "ສົມບູນ": 2,
  "ສົມຮູ້ຮ່ວມຄິດ": -3,
  "ສັ່ງສອນ": -2,
  "ສັງເກດ": 2,
  "ສັງເວດ": -3,
  "ສັດຕະຍາບັນ": 2,
  "ສັນຍາ": 1,
  "ສັນຕິພາບ": 2,
  "ສັນລະເສີນ": 3,
  "ສັບສົນ": -2,
  "ສໍ້ລາດບັງຫຼວງ": -3,
  "ສໍ້ໂກງ": -4,
  "ສໍາຄັນ": -2,
  "ສໍາຜັດ": -1,
  "ສໍາລອງ": -3,
  "ສໍາເລັດ": 2,
  "ຊ່ວຍປະຢັດ": 2,
  "ຊ່ວຍເຫຼືອ": 2,
  "ຊ່ອນ": -1,
  "ຊ້ໍາເຕີມ": -2,
  "ຊ້ໍາໃຈ": -3,
  "ຊ໊ອກ": -2,
  "ຊອບ": 2,
  "ຊະ​ນິດ​ຂອງ": 0,
  "ຊະນະ": 4,
  "ຊາຊົນສູງສຸດ": 4,
  "ຊາວຫນຸ່ມ": 2,
  "ຊີວິດ": -2,
  "ຊີວິດຊີວາ": 3,
  "ຊື່": 1,
  "ຊື່ສັດ": 3,
  "ຊຸກ": -2,
  "ຊຸກຍູ້": 2,
  "ຊຸກຍູ້ໃຫ້": 2,
  "ຊຸດໂຊມ": -2,
  "ຊຸດໂຊມລົງ": -2,
  "ຊົງຕົວ": -2,
  "ຊົນ": -1,
  "ຊົມເຊີຍ": 3,
  "ຊັກຊ້າ": -1,
  "ຊັງ": -3,
  "ຊັບສິນ": 2,
  "ຊັບສົມບັດ": 2,
  "ຍ້ອງຍໍ": 2,
  "ຍ້ອນ": 2,
  "ຍອມ": -2,
  "ຍອມ​ຮັບ": 1,
  "ຍອມຮັບ": -1,
  "ຍອມຮັບຢ່າງຈິງ": -1,
  "ຍາກ": -1,
  "ຍິ່ງໃຫຍ່ທີ່ສຸດ": 3,
  "ຍິ້ມ": 2,
  "ຍິງ": -2,
  "ຍິນຍອມເຫັນດີ": 2,
  "ຍິນດີ": 3,
  "ຍິນດີຕ້ອນຮັບ": 2,
  "ຍຶດ": 2,
  "ຍົກຍ້າຍອອກ": -1,
  "ຍົກເລີກ": -1,
  "ຍົກເລີກການ": -1,
  "ຍົກເວັ້ນ": -2,
  "ຍັບຍັ້ງ": -1,
  "ດ້ວຍຄວາມຊື່ນຊົມ": 3,
  "ດ້ວຍຄວາມນັບຖື": 2,
  "ດ້ວຍຄວາມຢ້ານ": -2,
  "ດ້ວຍຄວາມຮັກ": 3,
  "ດ້ວຍເຫດນັ້ນ": -2,
  "ດ້ານຈັນຍາບັນ": 2,
  "ດາເທິງສະຫວັນ": 4,
  "ດີ": -3,
  "ດີ championed": 3,
  "ດີ, ສຸມໃສ່ການ": 2,
  "ດີກວ່າ": 2,
  "ດີສ້າງຕັ້ງ": 2,
  "ດີສັດສ່ວນ": 2,
  "ດີອອກຄໍາຄິດເຫັນ": 4,
  "ດີໃຈ": 3,
  "ດີໃຈຫລາຍ": 4,
  "ດຶ່ງດູດ": 2,
  "ດຶງດູດ": 1,
  "ດຸ": -3,
  "ດູດ": -3,
  "ດູຖູກ": -2,
  "ດໍາລົງຊີວິດ": 2,
  "ດໍາເນີນການ": 1,
  "ດໍາເນີນຄະດີ": -1,
  "ຕ່າງປະເທດ": 1,
  "ຕ່ໍາສຸດ": -1,
  "ຕ້ອງ": 1,
  "ຕ້ອງການ": 1,
  "ຕ້ານ": -1,
  "ຕອບ traumatic": -2,
  "ຕອບສະຫນອງ": 2,
  "ຕະລຶງ": -2,
  "ຕະຫລົກ": 2,
  "ຕາຍ": -2,
  "ຕາບອດ": -1,
  "ຕາມກົດຫມາຍ": 1,
  "ຕິດ": -2,
  "ຕິດກັບດັກ": -2,
  "ຕິດສິນເທິງ": -3,
  "ຕິດຕາມກວດກາ": -1,
  "ຕິດຕໍ່": -1,
  "ຕີຄວາມຫມາຍຜິດ": -2,
  "ຕີມໍ": -2,
  "ຕື່ນ": -3,
  "ຕື່ນ​ເຕັ້ນ": 3,
  "ຕື່ນເຕັ້ນ": 3,
  "ຕູ້ເອທີເອັມ": -2,
  "ຕົກ": 2,
  "ຕົກຕ່ໍາ": -2,
  "ຕົກຕະລຶງ": -2,
  "ຕົກຕໍ່າ": -2,
  "ຕົກລົງເຫັນດີ": 1,
  "ຕົກຮາງ": -2,
  "ຕົກເປັນມູນຄ່າ": 2,
  "ຕົກໃຈ": -2,
  "ຕົນເອງ deluded": -2,
  "ຕົນເອງກົງກັນຂ້າມກັນ": -2,
  "ຕົນເອງມີຄວາມຫມັ້ນໃຈ": 2,
  "ຕົບມືໃຫ້": 2,
  "ຕົວຕັ້ງຕົວຕີ": -1,
  "ຕົວະ": -2,
  "ຕັດສິນລົງໂທດ": -2,
  "ຕັດສິນໂທດ": -2,
  "ຕັດທອນລາຍຈ່າຍ": -1,
  "ຕັນ": -1,
  "ຕໍ່ສູ້": -1,
  "ຕໍາຫນິ": -2,
  "ຕໍາຫນິຕິຕຽນ": -2,
  "ຖ່ອມຕົນ": 1,
  "ຖືກຂົ່ມຂືນ": -4,
  "ຖືກຈໍາຄຸກ": -2,
  "ຖືກສາບ": -4,
  "ຖືກດູຖູກ": -2,
  "ຖືກທໍາລາຍ": -3,
  "ຖືກມອງຂ້າມ": -1,
  "ຖືກລົບກວນ": -2,
  "ຖືກລັກ": -2,
  "ຖືກເຍາະເຍີ້ຍ": -2,
  "ຖືກໄລ່ອອກ": -2,
  "ທະນຸຖະຫນອມ": 2,
  "ທະລະ": -2,
  "ທະເຍີທະຍານ": 2,
  "ທາງ": 2,
  "ທາງດ້ານການເມືອງ": 2,
  "ທາງດ້ານກົດຫມາຍ": 1,
  "ທາດ": -2,
  "ທາດເຫຼັກ": -1,
  "ທິດທາງທີ່ຖືກ": 3,
  "ທີ່": 3,
  "ທີ່​ຫນ້າ​ຈົດ​ຈໍາ": 1,
  "ທີ່ກ່ຽວຂ້ອງ": -2,
  "ທີ່ຂາດຫາຍໄປ": -2,
  "ທີ່ຄາດວ່າຈະ": 1,
  "ທີ່ງຽບສະຫງົບ": 2,
  "ທີ່ຈິງໃຈ": 2,
  "ທີ່ສວຍງາມ": 3,
  "ທີ່ສົມບູນແບບ": 2,
  "ທີ່ສໍາຄັນ": 1,
  "ທີ່ຊື່ນຊອບ": 2,
  "ທີ່ຍິ່ງໃຫຍ່": 3,
  "ທີ່ຍັງຄ້າງຄາ": 5,
  "ທີ່ດ້ອຍໂອກາດ": -2,
  "ທີ່ດີທີ່ສຸດ": 2,
  "ທີ່ດີເລີດ": 3,
  "ທີ່ດີເລີດ fucking": 4,
  "ທີ່ຕັ້ງຫນ້າ": 2,
  "ທີ່ຖືກກ່າວຫາ": -2,
  "ທີ່ທັນສະໄຫມ": 2,
  "ທີ່ບໍ່ຕ້ອງການ": -2,
  "ທີ່ບໍ່ຖືກຕ້ອງ": -1,
  "ທີ່ບໍ່ປອດໄພ": -2,
  "ທີ່ບໍ່ເຫມາະສົມ": -2,
  "ທີ່ຜິດກົດຫມາຍ": -3,
  "ທີ່ຜິດພາດ": -2,
  "ທີ່ມີຄ່າຄວນ": 2,
  "ທີ່ມີຊື່ສຽງ": 2,
  "ທີ່ວາງໄວ້": -2,
  "ທີ່ຫນ້າສົນໃຈ": 2,
  "ທີ່ຫນ້າຕື່ນເຕັ້ນ": 3,
  "ທີ່ຫນ້າຢ້ານກົວ": -3,
  "ທີ່ຫນ້າລໍາຄານ": -2,
  "ທີ່ຫນ້າອັບອາຍ": -2,
  "ທີ່ຫມັ້ນຄົງ": -2,
  "ທີ່ຫລອມໂລຫະ": 1,
  "ທີ່ອຸ່ນໃຈ": -2,
  "ທີ່ຮ້າຍກາດ": -2,
  "ທີ່ຮົບກວນ": -2,
  "ທີ່ຮັກແພງ": 2,
  "ທີ່ເຂັ້ມແຂງ": 2,
  "ທີ່ເຊື່ອຖືໄດ້": 2,
  "ທີ່ເປັນປະໂຫຍດ": 2,
  "ທີ່ເຫມາະສົມ": 2,
  "ທີ່ເອື້ອອໍານວຍ": 2,
  "ທີ່ເຮັດໃຫ້ໂກດ": -2,
  "ທີ່ແທ້ຈິງ": 2,
  "ທີ່ແນ່ນອນ": 1,
  "ທີ່ໂດດເດັ່ນ": 2,
  "ທຶກ": -1,
  "ທຸກ": -1,
  "ທຸກ​ຍາກ": -2,
  "ທຸກຍາກ": -2,
  "ທຸກຍາກທີ່ສຸດ": -2,
  "ທຸກທໍລະ": -3,
  "ທຸກທໍລະມານ": -2,
  "ທຸບຕີ": -2,
  "ທູບ": -2,
  "ທົນທານ": 2,
  "ທົນທຸກ": -2,
  "ທັກທາຍ": 1,
  "ທັນສະໄຫມ": 2,
  "ທັນທີ": 1,
  "ທໍ່ເກັບສຽງ": -1,
  "ທໍ້ຖອຍ": -2,
  "ທໍ້ແທ້": -2,
  "ທໍ້ໃຈ": -2,
  "ທໍລະຍົດ": -3,
  "ທໍລະມານ": -4,
  "ທໍາທ່າ": -1,
  "ທໍາຜິດ": -3,
  "ທໍາມະຊາດ": 3,
  "ທໍາລາຍ": -3,
  "ນອນຕາມຖະຫນົນ": -2,
  "ນະ": 1,
  "ນະມັດສະການ": 3,
  "ນະວະນິຍາຍ": 2,
  "ນະວັດກໍາ": 2,
  "ນາ": 1,
  "ນາງພຽງຄົນດຽວ": -2,
  "ນາຍພົນເຮືອເອກ": 3,
  "ນິດແດ່": -2,
  "ນັກໂທດ": -2,
  "ນັບຖື": -2,
  "ນໍ້າຫນັກ": -2,
  "ນໍາ": 2,
  "ບ້າ": -2,
  "ບອກເລີກ": -2,
  "ບາຍນ້ໍາ": -2,
  "ບາບ": -2,
  "ບິດເບືອນ": -2,
  "ບິດເບືອນຄວາມຈິງ": -2,
  "ບີບບັງຄັບ": -2,
  "ບຸ໊ກ": 1,
  "ບຸກເບີກພື້ນທີ່": 1,
  "ບູຊາ": 3,
  "ບູດບຶ້ງ": -2,
  "ບັງ": -2,
  "ບັງຄັບ": 1,
  "ບັງຄັບໃຊ້": -1,
  "ບັນ": 1,
  "ບັນທຶກການ": 2,
  "ບັນທຶກໄວ້": 2,
  "ບັນລຸຜົນ": 2,
  "ບັນລຸໄດ້": 1,
  "ບັນຫາ": -2,
  "ບັນຫາໃນການ": -2,
  "ບັນເທີງ": 2,
  "ບັນເທົາ": 3,
  "ບັນເທົາອາການ": 1,
  "ບໍ່​ດີ": -2,
  "ບໍ່ຄ່ອຍເຊື່ອງ່າຍໆ": -2,
  "ບໍ່ຈະແຈ້ງ": -1,
  "ບໍ່ສະດວກ": -2,
  "ບໍ່ສະບາຍ": -2,
  "ບໍ່ສາມາດ": -2,
  "ບໍ່ສົນໃຈ": -1,
  "ບໍ່ສົມບູນ": -1,
  "ບໍ່ສົມບູນແບບ": -2,
  "ບໍ່ສໍາຄັນ": -2,
  "ບໍ່ຍອມ": -3,
  "ບໍ່ຍຸດຕິທໍາ": -2,
  "ບໍ່ຍຸຕິທໍາ": -2,
  "ບໍ່ດີ": -3,
  "ບໍ່ດີພໍ": -2,
  "ບໍ່ຕ້ອງສົງໃສ": -1,
  "ບໍ່ຕິດຕໍ່ກັນ": -2,
  "ບໍ່ຖືກຕ້ອງ": -2,
  "ບໍ່ປອງດອງກັນ": -2,
  "ບໍ່ພຽງພໍ": -2,
  "ບໍ່ພໍໃຈ": -2,
  "ບໍ່ມີ": -1,
  "ບໍ່ມີການມ່ວນຊື່ນ": -3,
  "ບໍ່ມີຄວາມຄິດ": -2,
  "ບໍ່ມີຄວາມຮູ້": -2,
  "ບໍ່ມີຈຸດຫມາຍ": -2,
  "ບໍ່ມີຊີວິດ": -1,
  "ບໍ່ມີທີ່ປຽບ": 2,
  "ບໍ່ມີມົນທິນ": 2,
  "ບໍ່ມີເລີຍ": -1,
  "ບໍ່ມີເຫດຜົນ": -1,
  "ບໍ່ມີໃຈ": -3,
  "ບໍ່ມີໃຜທຽບ": 1,
  "ບໍ່ລື່ນເລີງ": -2,
  "ບໍ່ຫນ້າເຊື່ອ": -1,
  "ບໍ່ອະນຸມັດ": -2,
  "ບໍ່ຮູ້": -2,
  "ບໍ່ຮູ້ສຶກ": -2,
  "ບໍ່ເຊື່ອ": -1,
  "ບໍ່ເປັນລະບຽບ": -2,
  "ບໍ່ເປັນອາຊີບ": -2,
  "ບໍ່ເຫັນດີນໍາ": -2,
  "ບໍ່ເຫັນດີເຫັນ": -2,
  "ບໍ່ເຫັນແກ່ຕົວ": 2,
  "ບໍ່ເອື້ອອໍານວຍ": -2,
  "ບໍ່ເອົາໃຈໃສ່": -2,
  "ບໍ່ແນ່ນອນ": -1,
  "ບໍ່ແນ່ໃຈ": -1,
  "ບໍ່ໄດ້ຄິດໄລ່": -2,
  "ບໍ່ໄດ້ຕັ້ງໃຈ": -2,
  "ບໍ່ໄດ້ຜົນ": -2,
  "ບໍ່ໄດ້ເຮັດວຽກ": -3,
  "ບໍ່ໄວ້ວາງໃຈ": -3,
  "ບໍລິຈາກ": 2,
  "ບໍລິສຸດ": 1,
  "ປ່າດົງດິບ": 2,
  "ປ້ອງກັນ": -2,
  "ປ້ອງກັນບໍ່ໃຫ້": -1,
  "ປວດ": -1,
  "ປອດໄພ": 2,
  "ປອມ": -3,
  "ປອມແປງ": -3,
  "ປະກອບ": 1,
  "ປະກາດ": 2,
  "ປະສິດທິຜົນ": 2,
  "ປະສິດທິພາບ": 2,
  "ປະສົບການ": -2,
  "ປະສົມກົມກຽວ": 2,
  "ປະດິດສ້າງ": 1,
  "ປະຕິບັດ": 2,
  "ປະຕິບັດຕາມ": 2,
  "ປະຕິເສດ": -2,
  "ປະຖິ້ມ": -2,
  "ປະຖິ້ມໄວ້": -2,
  "ປະທ້ວງ": -1,
  "ປະທັບໃຈ": 3,
  "ປະມາດ": -1,
  "ປະຫລາດໃຈ": 2,
  "ປະເພດ": 2,
  "ປະເພດບາງ": 0,
  "ປະໂຫຍກ": -2,
  "ປະໂຫຍດ": 2,
  "ປາກົດ": -1,
  "ປາຖະຫນາ": 2,
  "ປານນັ້ນ": -2,
  "ປິດການນໍາໃຊ້": -1,
  "ປິດປາກ": -2,
  "ປິຕິຍິນ": 3,
  "ປິຕິຍິນດີ": 4,
  "ປີຕິ": 4,
  "ປືນ": -1,
  "ປຸກ": -2,
  "ປຸກລະດົມ": -2,
  "ປູກຝັງແນວຄິດ": -2,
  "ປົກ": -2,
  "ປົກຄຸມ": 3,
  "ປົກປ້ອງ": -2,
  "ປົກປັກຮັກສາ": 1,
  "ປົດເປື້ອງ": 2,
  "ປົນເປື້ອນ": -2,
  "ປັນຍາອ່ອນ": -3,
  "ປັບປຸງ": 2,
  "ຜ່ານພົ້ນໄປ": -1,
  "ຜິດ": -1,
  "ຜິດຖຽງກັນ": -1,
  "ຜິດປົກກະຕິ": -2,
  "ຜິດພາດ": -2,
  "ຜິດຫວັງ": -2,
  "ຜື່ນ": -2,
  "ຜູ້": 4,
  "ຜູ້ກະທໍາຜິດ": -2,
  "ຜູ້ຂົ່ມຂືນ": -4,
  "ຜູ້ຕ້ອງສົງໄສ": -1,
  "ຜູ້ຖືກກ່າວຟ້ອງ": 2,
  "ຜູ້ຖືກເຄາະຮ້າຍ": -3,
  "ຜູ້ທີ່ເປັນຫມ້າຍ": -1,
  "ຜູ້ມີບຸນຄຸນ": 2,
  "ຜູ້ລອດຊີວິດ": 2,
  "ຜູ້ຮັບເຄາະ": -3,
  "ຜູກ": -2,
  "ຜູກຂາດ": -2,
  "ຜົນ​ຂ້າງ​ຄຽງ": -2,
  "ຜົນກະທົບ": -2,
  "ຜົນກະທົບຕໍ່": 3,
  "ຜົນກໍາໄລ": 2,
  "ຜົນສໍາເລັດ": 2,
  "ຜົນປະໂຫຍດ": 2,
  "ຝຸ່ນ": -2,
  "ຝົນ": -1,
  "ຝັງດິນ": -2,
  "ຝັນ": 1,
  "ພຣະຄຸນຂອງພຣະ": 1,
  "ພຣະວິນຍານ": 2,
  "ພຣະເຈົ້າ": 1,
  "ພຣະເຢຊູ": 1,
  "ພວກກະບົດ": -2,
  "ພວກປະທ້ວງ": -2,
  "ພອນ": 3,
  "ພອນສະຫວັນ": 2,
  "ພະຍາດ": -2,
  "ພະຍາດຕິດຕໍ່": -1,
  "ພາກັນຢ້ານກົວ": -3,
  "ພາດໂອກາດນີ້": -2,
  "ພາລະ": -2,
  "ພາວະຖົດຖອຍ": -2,
  "ພິການ": -2,
  "ພິການທາງດ້ານ": -2,
  "ພິສູດຮັກແທ້": -2,
  "ພິດ": -2,
  "ພູມຕ້ານທານ": 1,
  "ພຽງພໍ": 1,
  "ພັກຜ່ອນ": 2,
  "ພັງ": -2,
  "ພັດລົມ": 3,
  "ພັນທະມິດ": 2,
  "ພໍໃຈ": 2,
  "ພໍໃຈແລະເວົ້າ": -2,
  "ຟ້ອງ": -2,
  "ຟ້ອງຮ້ອງ": -2,
  "ຟຣີ": 1,
  "ຟັນ": -2,
  "ມອງຂ້າມ": -1,
  "ມອບຫມາຍ": 2,
  "ມະນຸດ": 2,
  "ມະນຸດຕ່າງດາວ": -2,
  "ມະຫັດຈັນ": 3,
  "ມະຫັດສະຈັນ": 3,
  "ມະເຮັງ": -1,
  "ມາລະຍາດ": 2,
  "ມິດ": 2,
  "ມິດຕະພາບ": 2,
  "ມີການບິດເບືອນ": -2,
  "ມີຂໍ້ຈໍາກັດ": -2,
  "ມີຄວາມກ້າຫານ": 2,
  "ມີຄວາມສ່ຽງ": -2,
  "ມີຄວາມສຸກ": 3,
  "ມີຄວາມລະອາຍ": -2,
  "ມີຄວາມຫຍຸ້ງຍາກ": -1,
  "ມີຄວາມຫມາຍ": 2,
  "ມີຄວາມຫມັ້ນໃຈ": 2,
  "ມີຄຸນນະທໍາ": 2,
  "ມີຄຸນະພາບ": 2,
  "ມີຈຸດປະສົງ": 2,
  "ມີຊີວິດຢູ່": 1,
  "ມີຊີວິດລອດ": 2,
  "ມີລົດຊາດຂົມ": -2,
  "ມີອາການ": 1,
  "ມີອິດທິພົນ": 2,
  "ມີອໍານາດ": 2,
  "ມີເມຄ": -1,
  "ມືດມົວ": -2,
  "ມຸ່ຍ": -1,
  "ມົນລະພິດ": -2,
  "ມັກ": 2,
  "ຢ່າງກ້າຫານ": 2,
  "ຢ່າງຈິງຈັງ": 3,
  "ຢ່າງສົມບູນ": 3,
  "ຢ່າງຊັດເຈນ": 1,
  "ຢ່າງປອດໄພ": 1,
  "ຢ່າງຜິດກົດຫມາຍ": -3,
  "ຢ່າງຫຼວງຫຼາຍ": 1,
  "ຢ່າງອຸກອັ່ງ": -2,
  "ຢ່າງເຈັບແສບ": -2,
  "ຢ່າງເຫມາະສົມ": 2,
  "ຢ່າງແຂງແຮງ": 3,
  "ຢ່າງໄວ": 2,
  "ຢ້ານ": -2,
  "ຢາ": -2,
  "ຢາກ": -2,
  "ຢາກຂ້າໂຕຕາຍ": -2,
  "ຢາກຮູ້ຢາກເຫັນ": 1,
  "ຢຸດ": -1,
  "ຢຸດສະງັກ": -2,
  "ຢຸດສະງັກລົງ": -2,
  "ຢຸດເຊົາການ": -1,
  "ຢູ່ຄົນດຽວ": -2,
  "ຢູ່ລອດ": 2,
  "ຢັ້ງຢືນ": -1,
  "ລ່ວງລະເມີດ": -2,
  "ລ່າເລີງ": 4,
  "ລ້າງສີຂຽວ": -3,
  "ລ້າສະໄຫມ": -2,
  "ລວງ": -2,
  "ລວມທັງຫມົດ": -2,
  "ລອງ": -3,
  "ລອງເຫດການ": -1,
  "ລອດພົ້ນ": -2,
  "ລອບຄ່າ": -3,
  "ລະ​ຄາຍ​ເຄືອງ": -3,
  "ລະຄາຍເຄືອງ": -3,
  "ລະງັບ": -1,
  "ລະບາດ": -2,
  "ລະບົບປະສາດ": -2,
  "ລະບຽບ": -2,
  "ລະມັດລະວັງ": 2,
  "ລະຫ້ອຍ": -2,
  "ລະເມີດ": -2,
  "ລະເລີຍ": -2,
  "ລາກ": -1,
  "ລາຄາບໍ່ແພງ": 2,
  "ລາຄາຜ່ອນຜັນ": -1,
  "ລາງ​ວັນ": 2,
  "ລາງວັນ": 2,
  "ລາຍ": -2,
  "ລາອອກ": -1,
  "ລືມ": -1,
  "ລືມກ່ຽວ": -1,
  "ລູກຊາຍຂອງເປັນ bitch": -5,
  "ລູກບໍ່ມີພໍ່": -5,
  "ລູກລະເບີດ": -1,
  "ລົ້ມລະລາຍ": -3,
  "ລົງ": -1,
  "ລົງໂທດ": -3,
  "ລົດ": -2,
  "ລົນ": -2,
  "ລົນຢ່າງກ້າຫານ": 3,
  "ລົບກວນ": -2,
  "ລົບລ້າງ": -2,
  "ລັກ": -2,
  "ລັກພາຕົວ": -2,
  "ລັກພາຕົວຫນີ": -2,
  "ລັກລອບ": -2,
  "ລັງກິນອາຫານ": -2,
  "ລັງເລ": -2,
  "ລັດສະຫມີພາບ": 2,
  "ລໍ່": -2,
  "ລໍຖ້າ": -1,
  "ລໍາບາກ": -2,
  "ລໍາອຽງ": -2,
  "ວ່ອງໄວ": 2,
  "ວ່າງ": -3,
  "ວາງທ່າທາງ": -2,
  "ວາງເຫັນໄກ": -2,
  "ວິ": -2,
  "ວິກິດການ": -3,
  "ວິສາຫະກິດ": 1,
  "ວິຕາມິນ": 1,
  "ວິທີການ": 2,
  "ວິທີແກ້ໄຂ": 1,
  "ວິພາກວິຈານ": -2,
  "ວິລະຊົນ": 2,
  "ວິໄສທັດ": 1,
  "ວີດີ": 2,
  "ວີຜົນປະໂຫຍດ": 2,
  "ຫ່າງໄກສອກຫລີກ": -1,
  "ຫ້ອງໂຖງ": -2,
  "ຫ້າມ": -1,
  "ຫຍິ່ງ": -2,
  "ຫນ້າສົງສານ": -1,
  "ຫນ້າສົນໃຈ": 2,
  "ຫນ້າລັງກຽດ": -3,
  "ຫນ້າຫວາດສຽວ": 4,
  "ຫນ້າຮັກ": -2,
  "ຫນ້າເບື່ອ": -3,
  "ຫນີ": -1,
  "ຫນີ້ສິນ": -2,
  "ຫນຶ່ງໃນຕະຫຼອດຊີວິດ": 3,
  "ຫນັງ": -1,
  "ຫນັງສືແຈ້ງການ": 2,
  "ຫນັງໂປ໊ເອ": -5,
  "ຫນໍ່ໄມ້ສ່ວນຫຼາຍ": -1,
  "ຫມາກ": -2,
  "ຫມາຍ": -2,
  "ຫມິ່ນປະຫມາດ": -2,
  "ຫມູ່ເພື່ອນ": 1,
  "ຫມົດ": -2,
  "ຫມົດອາຍຸ": -2,
  "ຫມັ້ນ": 2,
  "ຫລອກ": -2,
  "ຫລອກລວງ": -3,
  "ຫລາຍກວ່າ": -2,
  "ຫລີກລ່ຽງໄດ້": -1,
  "ຫວ່າງ": 1,
  "ຫວ່າງເປົ່າ": -1,
  "ຫວານ": 2,
  "ຫວັ່ນ": -2,
  "ຫວັງ": 2,
  "ຫວັງວ່າ": 2,
  "ຫວັງເປັນຢ່າງຍິ່ງ": 2,
  "ຫາຍໄປ": -1,
  "ຫາຍໃຈບໍ່ອອກ": -2,
  "ຫົວ​ດັງໆ": 3,
  "ຫົວຂວັນ": 1,
  "ຫົວເລາະ": 1,
  "ຫົວເລາະເຍາະ": -2,
  "ຫຼອກລວງ": -3,
  "ຫຼາຍ": 3,
  "ຫຼາຍກວ່າ": -2,
  "ຫຼິ້ນ": 2,
  "ຫຼິ້ນໃຫ້ເກີນແມ່ນ": -1,
  "ຫຼີກລ້ຽງ": -1,
  "ຫຼີກລ້ຽງການ": -1,
  "ຫຼີກເວັ້ນ": -1,
  "ຫຼີກເວັ້ນການ": -1,
  "ຫຼຸດລົງ": -2,
  "ຫັກ": -3,
  "ອ່ອນເພຍ": 2,
  "ອ່ອນແອ": -2,
  "ອ່ອນແອລົງ": -1,
  "ອ່ອນໂຍນ": 2,
  "ອ່ານ": 2,
  "ອອກຄໍາຄິດເຫັນ": -2,
  "ອອກຄໍາຄິດເຫັນທີ່ດີທີ່ສຸດ": 4,
  "ອອກຈາກ": -1,
  "ອອກຫຼາຍໂພດ": -2,
  "ອອຟໄລ": -1,
  "ອະຄະຕິ": -1,
  "ອະທິຖານ": 1,
  "ອະນິຈາ": -1,
  "ອະນຸຍາດໃຫ້": 1,
  "ອະນຸມັດ": 2,
  "ອະພະຍົບ": -1,
  "ອາ": 2,
  "ອາການກໍາເລີບ": -2,
  "ອາການຄັນຄາຍ": -3,
  "ອາການງ້ວງຊຶມ": -2,
  "ອາການຊ໊ອກ": -2,
  "ອາການທ້ອງຜູກ": -2,
  "ອາການປວດຫົວ": -2,
  "ອາການຮາກ": -3,
  "ອາການເຈັບປວດ": -2,
  "ອາການແພ້": -2,
  "ອາການໄຂ້": -2,
  "ອາຊະຍາກໍາ": -3,
  "ອາຍ": -2,
  "ອາລົມຂັນ": 2,
  "ອິດສະລະພາບ": 2,
  "ອິດສາ": -2,
  "ອິດສາບັງບຽດ": -1,
  "ອຶດອັດໃຈ": -2,
  "ອຸດົມສົມບູນ": 2,
  "ອຸທິດຕົນ": 3,
  "ອຸບັດຕິເຫດ": -2,
  "ອຸປະສັກ": -2,
  "ອຸປະຕິເຫດ": -2,
  "ອົງການໄອຍະ": -1,
  "ອົບອຸ່ນ": 2,
  "ອົບອຸ່ນໃຈ": 3,
  "ອັກຄະຕິ": 2,
  "ອັກເສບ": -2,
  "ອັດສະຈັນໃຈ": 3,
  "ອັນຕະລາຍ": -3,
  "ອັນຫນັກຫນ່ວງນັ້ນ": 1,
  "ອັນຮຸ່ງໂລດ": 2,
  "ອັນເປັນທີ່ຮັກ": 3,
  "ອັນແຮງກ້າຂອງ": 2,
  "ຮ່ໍາລວຍ": 3,
  "ຮ້ອງ": -2,
  "ຮ້ອງຄາງ": -2,
  "ຮ້ອງໄຫ້": -2,
  "ຮ້າຍ": -3,
  "ຮ້າຍຂາດ": -3,
  "ຮ້າຍແຮງ": -2,
  "ຮ້າຍແຮງກວ່າເກົ່າ": -3,
  "ຮ້າຍແຮງຂຶ້ນ": -3,
  "ຮ້າຍແຮງຂຶ້ນຕື່ມ": -2,
  "ຮ້າຍແຮງທີ່ສຸດ": -3,
  "ຮອຍ": -2,
  "ຮອຍຍິ້ມ": 2,
  "ຮອຍແປ້ວຈັບຂອງ": -2,
  "ຮາກ": -3,
  "ຮາກອອກມາ": -3,
  "ຮາເລລູຢາ": 3,
  "ຮຸ້ນ": 1,
  "ຮຸກຮານ": -2,
  "ຮຸນແຮງ": -3,
  "ຮູ້ຈັກ": 2,
  "ຮູ້ສຶກ": 2,
  "ຮົບ": -1,
  "ຮັ່ງມີ": 2,
  "ຮັກ": -3,
  "ຮັກຢ່າງແຮງກ້າ": 1,
  "ຮັກຮ່ວມເພດ": 4,
  "ຮັງກຽດ": -2,
  "ຮັບ": -1,
  "ຮັບການຍ້ອງຍໍ": 3,
  "ຮັບການຍອມຮັບ": 1,
  "ຮັບການຍົກຍ້ອງ": 2,
  "ຮັບການຍົກເວັ້ນ": -1,
  "ຮັບການຕ້ອນຮັບ": 1,
  "ຮັບການຮັບຮອງ": 2,
  "ຮັບປະກັນ": 1,
  "ຮັບຜົນກະທົບ": -1,
  "ຮັບຜົນສໍາເລັດ": 2,
  "ຮັບຜົນປະໂຫຍດ": 1,
  "ຮັບຮອງ": 2,
  "ຮັບຮອງເອົາ": 1,
  "ເກມມີການປ່ຽນແປງ": 3,
  "ເກີດຂຶ້ນຢ່າງຊ້າໆ": -1,
  "ເກີດຄວາມສັບສົນ": -2,
  "ເກີນຄວາມຈິງ": -2,
  "ເກັບຮັກສາ": -1,
  "ເຂົ້າຮ່ວມ": 1,
  "ເຂົ້າໃຈຜິດ": -3,
  "ເຂັ້ມ​ງວດ": 3,
  "ເຄື່ອງຫມາຍທັບ": -2,
  "ເຄືອຂ່າຍ": 2,
  "ເຄືອງໃຈ": -2,
  "ເຄົາລົບ": 2,
  "ເຄົາລົບນັບຖື": 2,
  "ເຄັ່ງຄັດ": 1,
  "ເງິນຝາກປະຢັດ": 1,
  "ເງື່ອນໄຂ": 2,
  "ເຈົ້າບຸນເຈົ້າຄຸນ": 2,
  "ເຈັບ": -1,
  "ເຈັບປ່ວຍ": -2,
  "ເຈັບປ່ວຍ, ພົວພັນຊຶ່ງ": -2,
  "ເຈັບປວດ": -2,
  "ເສຍ": -2,
  "ເສຍ​ໃຈ": -2,
  "ເສຍຊີວິດ": -3,
  "ເສຍມາລະຍາດ": -2,
  "ເສຍໃຈ": -2,
  "ເສີມຄວາມຫມັ້ນຄົງ": 2,
  "ເສົ້າສະຫລົດໃຈ": -2,
  "ເສັ້ນປະສາດ": -1,
  "ເຊີນ": 1,
  "ເຊື່ອ": -2,
  "ເຊື່ອງ": -1,
  "ເຊື່ອງະຊຶມ": -1,
  "ເຊື່ອມໂຊມລົງ": -2,
  "ເຊັ່ນການແລກປ່ຽນ": -2,
  "ເຊັ່ນດຽວກັນ": 2,
  "ເຊັ່ນດຽວກັນກັບ": 2,
  "ເຍາະເຍີ້ຍ": -2,
  "ເດັດຂາດ": -2,
  "ເຕືອນ": -2,
  "ເຖິງ": 1,
  "ເຖິງວ່າຈະ": -2,
  "ເທດ": -2,
  "ເນລະເທດ": -2,
  "ເບິ່ງຖືກ": -2,
  "ເບິນ": 2,
  "ເບີກບານ": 2,
  "ເບື່ອ": -3,
  "ເປີດຕົວ": 1,
  "ເປື້ອນ": -2,
  "ເປົ່າ": -1,
  "ເປົ່າປ່ຽວດຽວດາຍ": -2,
  "ເປັນຄູຊັດເຈນ": 2,
  "ເປັນສັດຕູກັນ": -2,
  "ເປັນຕາຢ້ານ": 3,
  "ເປັນຕາເຈັບໃຈ": -2,
  "ເປັນທີ່ພໍໃຈ": 2,
  "ເປັນທຸກ": -2,
  "ເປັນປະໂຫຍດ": 2,
  "ເປັນປຶກແຜ່ນ": 2,
  "ເປັນປົກກະຕິ": -2,
  "ເປັນພອນໃຫ້ແກ່": 2,
  "ເປັນພິດ": -3,
  "ເປັນຫ່ວງ": -3,
  "ເປັນຫ່ວງເປັນໄຍ": 2,
  "ເປັນອະມະຕະ": 2,
  "ເປັນອັນຕະລາຍ": -2,
  "ເປັນຮູ": -1,
  "ເຜີຍແຜ່": 2,
  "ເພາະ": -2,
  "ເພີ່ມ": 2,
  "ເພີ່ມ​ຂຶ້ນ": 1,
  "ເພີ່ມຂຶ້ນ": 2,
  "ເພີ່ມຄວາມເຂັ້ມແຂງ": 2,
  "ເພັດ": 1,
  "ເມ່ືອຍ່ອງ": -2,
  "ເມດຕາ": 3,
  "ເມີດວິໄນ": -2,
  "ເມື່ອຍ": -2,
  "ເມົາ": -2,
  "ເມົາຂຶ້ນ": -3,
  "ເຢັນ": 1,
  "ເລກ": -3,
  "ເລື່ອງ": 1,
  "ເລື່ອນ": -1,
  "ເລື່ອນເວລາ": -1,
  "ເລືອກປະຕິບັດ": -2,
  "ເລືອດ": -3,
  "ເລົ້າໂລມ": 2,
  "ເວົ້າ": -1,
  "ເວົ້າໂພດ": -2,
  "ເວົ້າໂອ້ອວດ": -2,
  "ເຫງົາ": -2,
  "ເຫດການ": 2,
  "ເຫມາະ": 1,
  "ເຫມາະສົມ": 2,
  "ເຫມັນ": -3,
  "ເຫັນຄຸນຄ່າ": 2,
  "ເຫັນດີນໍາ": 1,
  "ເຫັນອົກເຫັນໃຈ": 2,
  "ເຫັນແກ່ຜູ້ອື່ນ": 2,
  "ເອື້ອອໍານວຍໃຫ້": 2,
  "ເອົາໃຈ": 2,
  "ເອົາໃຈໃສ່": 1,
  "ເຮືອລົບປິດທ່າ": -2,
  "ເຮັດຄວາມສະອາດ": 2,
  "ເຮັດບຸນ": -2,
  "ເຮັດຜິດຕໍ່": -2,
  "ເຮັດລາຍ": -2,
  "ເຮັດໃຫ້ກຽດຊັງ": -3,
  "ເຮັດໃຫ້ຂົບຂັນ": 3,
  "ເຮັດໃຫ້ງົງ": 3,
  "ເຮັດໃຫ້ຊົ່ວລົງ": -2,
  "ເຮັດໃຫ້ຕິດໃຈ": 3,
  "ເຮັດໃຫ້ບໍ່ຢາກ": -2,
  "ເຮັດໃຫ້ປະລາດ": 4,
  "ເຮັດໃຫ້ພົ້ນ": 2,
  "ເຮັດໃຫ້ມົວຫມອງ": -2,
  "ເຮັດໃຫ້ຫມັ້ນໃຈ": 2,
  "ເຮັດໃຫ້ຫົວ": 3,
  "ເຮັດໃຫ້ເກງຂາມ": -3,
  "ເຮັດໃຫ້ເຈັບປວດ": -3,
  "ເຮັດໃຫ້ເສຍ": -2,
  "ເຮັດໃຫ້ເສຍໃຈ": -2,
  "ເຮັດໃຫ້ເສື່ອມເສຍ": -2,
  "ເຮັດໃຫ້ເສື່ອມເສີຍ": -2,
  "ເຮັດໃຫ້ໂກດ": -2,
  "ເຮັດໃຫ້ໃຈຫາຍ": -2,
  "ແກ່ນຂອງຫມາກໄມ້": -3,
  "ແກ້": 1,
  "ແກ້ງ": -2,
  "ແກ້ຕົວ": -1,
  "ແກ້ວ": -4,
  "ແກ້ແຄ້ນ": -2,
  "ແກ້ໄຂ": 1,
  "ແກ້ໄຂບັນຫາ": 2,
  "ແຂ່ງຂັນ": -2,
  "ແຂງ": 2,
  "ແຂງແກ່ນ": 2,
  "ແຂງແຮງ": 2,
  "ແຂໍງແຮງ": -1,
  "ແຍ່ງລູກ": -2,
  "ແຍກ": -1,
  "ແຕກ": -2,
  "ແທ້": 2,
  "ແທງ": -2,
  "ແນມເບິ່ງ": 2,
  "ແນະນໍາ": -2,
  "ແນະນໍາໃຫ້": 2,
  "ແບ່ງແຍກ": -2,
  "ແບບຄົບວົງຈອນ": 1,
  "ແບບຊະຊາຍ": -2,
  "ແບບຍືນຍົງ": 2,
  "ແຜ່ເມດຕາ": 3,
  "ແຝງ": -1,
  "ແພ່ຫລາຍ": 2,
  "ແພ້": -2,
  "ແມງ": -3,
  "ແລ້ວ": 1,
  "ແຫງ່ງ": -2,
  "ແຮງກົດດັນ": -2,
  "ແຮງບັນດານໃຈ": 3,
  "ໂກງ": -3,
  "ໂກດ": -2,
  "ໂກດແຄ້ນ": -2,
  "ໂງ່": -3,
  "ໂຈະ": -1,
  "ໂສກສະຫລົດ": -2,
  "ໂສກເສົ້າ": -2,
  "ໂຊກ": 3,
  "ໂຊກ​ຮ້າຍ": -2,
  "ໂຊກດີ": 2,
  "ໂຊກຮ້າຍ": -2,
  "ໂດຍທົ່ວໄປ": 2,
  "ໂຕ້ຖຽງ": -2,
  "ໂຕ້ແຍ້ງ": 2,
  "ໂທດ": -2,
  "ໂປໂລຍ": 2,
  "ໂລກຕິດຕໍ່": -2,
  "ໂລແມນຕິກ": 2,
  "ໂວຍວາຍ": -3,
  "ໂຫຍດ": -2,
  "ໂຫດ": 3,
  "ໂຫດຮ້າຍປ່າເຖື່ອນ": -2,
  "ໂອກາດ": 2,
  "ໂຮງຫມໍ": -2,
  "ໄຂ້ຫວັດໃຫຍ່": -2,
  "ໄຊ": 3,
  "ໄຊຊະນະ": 4,
  "ໄດ້ຖິ້ມໂທດໃສ່": -2,
  "ໄດ້ປຽບ": 2,
  "ໄດ້ຮ້ອງຄວນຄາງ": -2,
  "ໄດ້ຮັບ": 2,
  "ໄດ້ຮັບບາດເຈັບ": -2,
  "ໄດ້ຮັບລາງວັນ": 3,
  "ໄດ້ຮັບຮາງວັນ": 3,
  "ໄຖ່": 2,
  "ໄພຂົ່ມຂູ່": -2,
  "ໄພຂົ່ມຂູ່ຕໍ່": -2,
  "ໄພຄຸກຄາມ": -2,
  "ໄພທໍາມະຊາດ": -2,
  "ໄພພິບັດ": -3,
  "ໄຟ": -2,
  "ໄຟອັນຕລາຍ": 2,
  "ໄວ້ວາງໃຈ": 2,
  "ໄວ້ໃຈ": -3,
  "ໄວ້ໃຈບໍ່ໄດ້": -2,
  "ໄຮ້ຄວາມສາມາດ": -2,
  "ໄຮ້ດຽງສາ": -2,
  "ໃຈຈືດໃຈດໍາ": -2,
  "ໃຈຢ່າງແຈ່ມແຈ້ງ": 2,
  "ໃຈວ່າ": 1,
  "ໃຈຮ້າຍ": -3,
  "ໃສ່": -2,
  "ໃສ່ກັບດັກ": -1,
  "ໃສ່ໃຈ": -2,
  "ໃຊ້ຄວາມຮຸນແຮງ": -3,
  "ໃຊ້ຮ່ວມກັນ": 1,
  "ໃຊ້ໃນທາງຜິດ": -3,
  "ໃນທາງບວກ": 2,
  "ໃນແງ່ຮ້າຍ": -2,
  "ໃບອະນຸຍາດ": -1,
  "ໃຫ້": 1,
  "ໃຫ້ກໍາລັງໃຈ": 2,
  "ໃຫ້ຄວາມຮູ້ແກ່": 2,
  "ໃຫ້ອະໄພ": 1
}