{
  "אנושי": -2,
  "\"יכול לא לעמוד": -3,
  "\"כן": 2,
  "absolving": 2,
  "affectionateness": 3,
  "agonizes": -3,
  "alarmists": -2,
  "apeshit": -3,
  "appeases": 2,
  "assfucking": -4,
  "Avenged": -2,
  "bamboozled": -2,
  "bamboozles": -2,
  "bankster": -3,
  "bereaves": -2,
  "bereaving": -2,
  "blackmails": -3,
  "chiding": -3,
  "conciliates": 2,
  "contestable": -2,
  "courageousness": 2,
  "criminate": -3,
  "criminated": -3,
  "criminates": -3,
  "defrauds": -3,
  "deject": -2,
  "dejecting": -2,
  "dejects": -2,
  "Derails": -2,
  "dilligence": 2,
  "direful": -3,
  "discards": -1,
  "disconsolation": -2,
  "disgustful": -3,
  "disinclined": -2,
  "eery": -2,
  "evergreening": -3,
  "exasparate": -2,
  "exhilarates": 3,
  "favourited": 2,
  "frikin": -2,
  "ftw": 3,
  "fuckface": -4,
  "fucktard": -4,
  "fud": -3,
  "fuked": -4,
  "fuking": -4,
  "goofiness": -2,
  "gr8": 3,
  "Greenwash": -3,
  "greenwasher": -3,
  "greenwashers": -3,
  "hahaha": 3,
  "hahahah": 3,
  "hardier": 2,
  "humerous": 3,
  "impeachments": -3,
  "impedingly": -2,
  "incapacitates": -2,
  "incensing": -2,
  "indoctrinates": -2,
  "inediable": -2,
  "infract": -2,
  "infracted": -2,
  "infracting": -2,
  "infracts": -2,
  "intransigency": -2,
  "irreproducible": -2,
  "jackasses": -4,
  "laughting": 1,
  "lawl": 3,
  "likers": 2,
  "lmao": 4,
  "LMFAO": 4,
  "lolol": 4,
  "lololol": 4,
  "lolololol": 4,
  "loool": 3,
  "looool": 3,
  "lovelies": 3,
  "maladaption": -2,
  "maldevelopment": -2,
  "misbehaved": -2,
  "misbehaves": -2,
  "misbranding": -3,
  "mischiefs": -1,
  "misclassifies": -2,
  "misconducted": -2,
  "misconducting": -2,
  "misconducts": -2,
  "misleaded": -3,
  "misplaces": -2,
  "mispricing": -3,
  "misreport": -2,
  "misreported": -2,
  "misreports": -2,
  "misrepresents": -2,
  "misunderstands": -2,
  "mumpish": -2,
  "n00b": -2,
  "Noob": -2,
  "Oks": 2,
  "optionless": -2,
  "ostracizes": -2,
  "overreacted": -2,
  "overreacts": -2,
  "oversell": -2,
  "overselling": -2,
  "oversells": -2,
  "oversimplifies": -2,
  "pileup": -1,
  "prblm": -2,
  "prblms": -2,
  "rageful": -2,
  "ranter": -3,
  "ranters": -3,
  "raptured": 2,
  "Reigning": 1,
  "rofl": 4,
  "roflcopter": 4,
  "roflmao": 4,
  "romantical": 2,
  "rotfl": 4,
  "rotflmfao": 4,
  "rotflol": 4,
  "savange": -2,
  "savanges": -2,
  "sexistic": -2,
  "shoody": -2,
  "singleminded": -2,
  "snubbed": -2,
  "spiritless": -2,
  "squanders": -2,
  "stinked": -2,
  "tard": -2,
  "Tyran": -3,
  "tyrans": -3,
  "underperformed": -2,
  "uninvolving": -2,
  "unlovable": -2,
  "unparliamentary": -2,
  "unreleting": -2,
  "unresearched": -2,
  "vindicates": 2,
  "WINWIN": 3,
  "woow": 4,
  "wowow": 4,
  "wowww": 4,
  "wtf": -4,
  "wtff": -4,
  "wtfff": -4,
  "xo": 3,
  "xoxoxo": 4,
  "xoxoxoxo": 4,
  "אאוץ": -2,
  "אָבֵד": -3,
  "אֲבַדוֹן": -2,
  "אֲבֵדוֹת": -3,
  "אָבוּד": -2,
  "אבוי": -1,
  "אָבוּס": -2,
  "אַבטָלָה": -2,
  "אַבִּירִי": 3,
  "אֵבֶל": -2,
  "אגדי": 4,
  "אֱגוֹזִים": -3,
  "אָדִיב": 3,
  "אָדִישׁ": -2,
  "אֲדִישׁוּת": -2,
  "אהב": 2,
  "אהבה": 3,
  "אַהֲבָה": 3,
  "אהבה מזוינת": 4,
  "אַהֲבָה עִוֶרֶת": 2,
  "אהבות מזוינות": 4,
  "אהבתי": 3,
  "אַהֲדָה": 2,
  "אהוב": 2,
  "אָהוּב": 3,
  "אובססיבי": 2,
  "אוהב": 3,
  "אוהד": 3,
  "אוֹהֵד": 2,
  "אוֹיֵב": -2,
  "אויבים": -2,
  "אוּמלָל": -2,
  "אומללות": -2,
  "אוּמלָלוּת": -2,
  "אומץ": 2,
  "אונים": -2,
  "אוסר": -1,
  "אוֹפּטִימִי": 2,
  "אוֹפּטִימִיוּת": 2,
  "אופס": -2,
  "אוֹצָר": 2,
  "אוצרות": 2,
  "אוקסימורון": -1,
  "אוֹר שֶׁמֶשׁ": 2,
  "אורב": -1,
  "אוֹרְבָנִי": -1,
  "אושר": 3,
  "אַזהָרָה": -3,
  "אזהרות": -3,
  "אזעקה": -2,
  "אחראי": 2,
  "אַחֲרָיוּת": 1,
  "אטרקציות": 2,
  "אי הבנה": -2,
  "אִי יְעִילוּת": -2,
  "אי נוחות": -2,
  "אִי נוֹחוּת": -2,
  "אִי נְעִימוּת": -2,
  "אי סדר": -2,
  "אִי סְפִיקָה": -2,
  "אִי פֵּעוּלָה": -2,
  "אי צדק": -2,
  "אִי שְׂבִיעוּת רָצוֹן": -2,
  "אי שפיות": -2,
  "אִי שָׁקֵט": -2,
  "אֵיבָה": -2,
  "אידיוט": -4,
  "אִידיוֹט": -3,
  "אִידיוֹטִי": -3,
  "אִיוּם": -2,
  "אָיוֹם": -3,
  "איומים": -2,
  "איטי": -2,
  "איים": -3,
  "איכויות": 2,
  "איכות": 2,
  "איכס": -3,
  "אִיכְס": -2,
  "אימה": -3,
  "אֵימָה": -2,
  "אימות": 1,
  "אימתני": -2,
  "אין לעמוד בפניו": 2,
  "אינדוקטרינציה": -2,
  "אינו נתמך": -2,
  "אינטיליגנטי": -2,
  "אִינטִימִיוּת": 2,
  "אִינְטֶלִיגֶנְטִי": 2,
  "אִינטֶנסִיבִי": 1,
  "אינטרסים": 1,
  "אִינקוִיזִיצִיָה": -2,
  "אִירוֹנִי": -1,
  "אִירוֹנִיָה": -1,
  "אישררה": 2,
  "איתן": 2,
  "אַכזָבָה": -2,
  "אכזבות": -2,
  "אַכְזָר": -2,
  "אַכְזָרִי": -3,
  "אַכְזָרִיוּת": -3,
  "אכפתיות": 2,
  "אֵלֶגַנטִי": 2,
  "אלוהים": 1,
  "אַלוּף": 2,
  "אלופי": 2,
  "אִלְחִי": -2,
  "אַלִים": -3,
  "אַלִימוּת": -3,
  "אלימות הנובעת": -3,
  "אלמנה": -1,
  "אַלֶרגִי": -2,
  "אמביוולנטי": -1,
  "אמון": 1,
  "אֵמוּן": 2,
  "אֱמוּנָה": 1,
  "אָמִין": 2,
  "אֲמִינוּת": 2,
  "אַמִיץ": 2,
  "אמנויות לחימה": -1,
  "אמפתי": 2,
  "אנא": 1,
  "אַנאַלפַבֵּיתִיוּת": -2,
  "אָנוֹכִי": -3,
  "אָנוֹכִיוּת": -3,
  "אֶנוֹשִׁי": 2,
  "אֲנָחָה": -2,
  "אַנְטִי": -1,
  "אנס": -4,
  "אַנָס": -4,
  "אֲנָקָה": -2,
  "אסון": -2,
  "אסונות": -2,
  "אסור": -2,
  "אָסוּר": -2,
  "אָסִיר": -2,
  "אסיר תודה": 3,
  "אֲסִיר תוֹדָה": 2,
  "אסירים": -2,
  "אפוקליפטי": -2,
  "אפור": -1,
  "אצילי": 2,
  "אֲצִילִי": 2,
  "אֶקְדָח": -1,
  "אֶקסְטָטִי": 4,
  "אָרוּר": -3,
  "אַרסִי": -2,
  "אֵשׁ": -2,
  "אָשֵׁם": -3,
  "אשמה": -2,
  "אַשׁמָה": -3,
  "אַשׁפָּה": -1,
  "אתגר": -1,
  "אֶתִי": 2,
  "באבירות": 3,
  "באומץ": 2,
  "באופוריה": 4,
  "באופן בלתי חוקי": -3,
  "באופן חיובי": 2,
  "באופן מהימן": 2,
  "באופן מוגזם": -2,
  "באופן מושך": 2,
  "באופן מושלם": 3,
  "באופן משמעותי": 1,
  "באופן פשטני": -2,
  "באופן שיטתי": 2,
  "באכזריות": -3,
  "באלגנטיות": 2,
  "באלימות": -3,
  "בבהירות": 2,
  "בבוז": -2,
  "בבטחה": 1,
  "בביטחון": 2,
  "בְּבִירוּר": 1,
  "בברכה": 2,
  "בגאווה": 2,
  "בגד": -3,
  "בגידה": -3,
  "בְּגִידָה": -3,
  "בגידות": -3,
  "בגלל בכי": -2,
  "בדיחה": 2,
  "בְּדִיחָה": -2,
  "בדיחות": 2,
  "בדרגים": 1,
  "בָּהִיר": 1,
  "בְּהִירוּת": 2,
  "בֶּהָלָה": -3,
  "בהערצה": 3,
  "בְּהַצלָחָה": 3,
  "בהרמוניה": 2,
  "בהשראה": 2,
  "בהתקפה": -2,
  "בוגד": -3,
  "בּוֹגֵר": 2,
  "בּוֹדֵד": -2,
  "בוז": -2,
  "בּוּז": -2,
  "בּוֹטֵחַ בְּעַצְמוֹ": 2,
  "בוטל": -1,
  "בוכה": -1,
  "בולט": 2,
  "בּוֹלֵט": 1,
  "בּוֹצִי": -2,
  "בוקר טוב": 1,
  "בור ועם הארץ": -2,
  "בּוּרוּת": -2,
  "בורח": -1,
  "בושה": -2,
  "בִּזבּוּז": -2,
  "בָּזוּי": -2,
  "בזיהום": -2,
  "בחוסר אחריות": -2,
  "בחיים": 1,
  "בַּחֲשָׁשׁ": -2,
  "בטוח": 2,
  "בטוח יותר": 2,
  "בְּטִיחוּת": 1,
  "בטיפשות": -2,
  "בטירוף": -3,
  "בטעות": -2,
  "בְּיוֹקֶר": 3,
  "ביטול": -1,
  "ביטולים": -1,
  "בייש": -2,
  "ביישן": -1,
  "בֵּינוֹנִיוּת": -3,
  "ביעילות": 2,
  "ביקורת": -2,
  "בירך": 1,
  "בית כלא": -2,
  "בְּכִי": -2,
  "בכנות": 2,
  "בכתה": -2,
  "בלה": -2,
  "בלוקים": -1,
  "בלחץ": -2,
  "בִּלעָדִי": 2,
  "בלתיראויה": -2,
  "בלתי הפיך": -1,
  "בִּלתִי חוּקִי": -3,
  "בלתי יאומן": -1,
  "בלתי מאושר": -2,
  "בלתי מנוצח": 2,
  "בלתי ניתן לעצירה": 2,
  "בִּלתִי נִסבָּל": -2,
  "בלתי נסלח": -3,
  "בלתי נשכח": 1,
  "בִּלתִי רָצוּי": -2,
  "במדי": -2,
  "במובנים": 2,
  "במומחיות": 2,
  "במחלוקת": -2,
  "במיקום\"": -2,
  "במצב רוח מרומם": 3,
  "במצוקה": -2,
  "במקומה": -2,
  "במרירות": -2,
  "בןשלזונה": -5,
  "בן אלמוות": 2,
  "בן זונה": -5,
  "בנוחות": 2,
  "בנחיתות מספרית": -2,
  "בסדר גמור": 2,
  "בסילוף": -2,
  "בעבירות": -2,
  "בְּעָיָה": -2,
  "בעיות": -2,
  "בְּעַיִן טוֹבָה": 2,
  "בְּעַיִן יָפָה": 2,
  "בעל השפעה": 2,
  "בעל יכולת": 1,
  "בעל משמעות": 2,
  "בעליזות": 2,
  "בעליצות": 3,
  "בעצב": -2,
  "בעצבנות": -2,
  "בעקבות אשליה עצמית": -2,
  "בעריצות": -3,
  "בפיגור": -2,
  "בפתרון": 2,
  "בצדק": 2,
  "בצהלה": 3,
  "בצורה חלקה": 2,
  "בְּצִיפִּיָה": 2,
  "בקפדנות": 3,
  "בקפידה": 2,
  "בַּקָשָׁה": 1,
  "בקשיחות": -2,
  "בר השגה": 1,
  "בַּר מַזָל": 3,
  "בר קיימא": 2,
  "בראבורה": 3,
  "בראש מורכן": -2,
  "בַּרבָּרִי": -2,
  "בָּרָד": 2,
  "ברדיפה": -2,
  "בְּרוּטוֹ": -2,
  "ברוך הבא": 2,
  "ברור": 1,
  "בָּרִיא": 2,
  "בִּריוֹן": -2,
  "בִּריוֹנוּת": -2,
  "בריח": -1,
  "בריחה": -1,
  "ברית": 2,
  "ברכה": 3,
  "בְּרָכָה": 1,
  "ברכות": 3,
  "בשבח": 3,
  "בשלום": 2,
  "בשמחה": 3,
  "בתקווה": 2,
  "גאה": 2,
  "גבולות": -1,
  "גְבוּרָה": 3,
  "גדול": 3,
  "גָדוֹל": 3,
  "גָדֵל": 1,
  "גוזל": -2,
  "גונב": -2,
  "גועל": -3,
  "גוער": -3,
  "גוּפָה": -1,
  "גורם": -2,
  "גורמי לחץ": -2,
  "גורר": -1,
  "גורש": -2,
  "גזירה": -1,
  "גְזִירָה": -1,
  "גזען": -3,
  "גִזעָן": -3,
  "גזענות": -3,
  "גזר": -2,
  "גזר דין": -2,
  "גִחוּך": -2,
  "גַחכָּנִי": 2,
  "גַחְמָנִי": 1,
  "גיבוי": 2,
  "גיבור": 2,
  "גיבורים": 2,
  "גידול סרטני": -2,
  "גידולים": 2,
  "גֵיהִנוֹם": -4,
  "גינה": -2,
  "גירוש": -2,
  "גירושין": -2,
  "גַלמוּד": -2,
  "גַמָד": -2,
  "גן העדן": 2,
  "גַן עֶדֶן": 3,
  "גָנוּב": -2,
  "גנח": -2,
  "גניחות": -2,
  "גס": -1,
  "גס רוח": -2,
  "גְסִיסָה": -3,
  "גַעגוּעִים": 1,
  "גרוע": -2,
  "גֵרוּשׁ": -2,
  "גַרזֶן": -1,
  "גרימה": -2,
  "גְרִיסָה": -1,
  "גרע": -1,
  "גֵרָעוֹן": -2,
  "גָשׁוּם": -1,
  "דאגה": -3,
  "דאגות": -3,
  "דאונר": -2,
  "דָבוּב": -2,
  "דברים מגניבים": 3,
  "דְגִירָה": -2,
  "דגל": 2,
  "דההומניזציה": -2,
  "דואר זבל": -2,
  "דוחה": -1,
  "דוֹחֶה": -2,
  "דוּכָן": -2,
  "דוקר": -2,
  "דחוף": -1,
  "דְחִיָה": -2,
  "דחייה": -1,
  "דחק": -2,
  "דיווחים ביתר": -2,
  "דיווחים שגויים": -2,
  "דיכאה": -1,
  "דיכוי": -2,
  "דִילֶמָה": -1,
  "דִכדוּך": -2,
  "דְלִיפָה": -1,
  "דלף": -1,
  "דַלֶקֶת": -1,
  "דמורליזציה": -2,
  "דִמיוֹנִי": 2,
  "דמעות": -2,
  "דפוק": -4,
  "דָפוּק": -2,
  "דקר": -2,
  "דָרוּך": 3,
  "דרישות": -1,
  "דרך ארץ": 2,
  "דרש": -1,
  "דתי": 2,
  "הֵאָנְחוּת": -2,
  "האפלים": -2,
  "הארדי": 2,
  "האשים": -2,
  "הַאֲשָׁמָה": -3,
  "הַאֲשָׁמָה": -2,
  "האשמות": -2,
  "הַבחָנָה": 2,
  "הַבטָחָה": 1,
  "הבטחות": 1,
  "הבטחתי": 1,
  "הבנזונה": -4,
  "הַברָחָה": -2,
  "הברקות": 3,
  "הגב": 1,
  "הַגבָּלָה": -1,
  "הגבלת": -2,
  "הגדלת": 1,
  "הֲגִינוּת": 2,
  "הגיש תביעה": -2,
  "הגנה": -2,
  "הַגָעָה": 1,
  "הַגשָׁמָה": 2,
  "הדבקה": -2,
  "הַדבָּקָה": -2,
  "הוֹגֶן": 2,
  "הוגש נגדו כתב אישום": -2,
  "הודה": -1,
  "הומו": -3,
  "הוֹמוֹסֶקסוּאָל": -3,
  "הומור": 2,
  "הוּמוֹר": 2,
  "הומוריסטי": 2,
  "הון עתק": 2,
  "הונאה": -2,
  "הוֹנָאָה": -4,
  "הונאות": -2,
  "הועיל": -2,
  "הוענק": 3,
  "הוֹצָאָה מִן הַכְלַל": -1,
  "הוֹקָעָה": -2,
  "הוֹקָרָה": 2,
  "הורג": -3,
  "הוּרָה": 5,
  "הורס": -2,
  "הושק": 1,
  "הזדמנויות": 2,
  "הִזדַמְנוּת": 2,
  "הִזדַקְרוּת": -2,
  "הזהיר": -2,
  "הַזמָנָה": -2,
  "הַזנָחָה": -2,
  "הזנחת": -2,
  "החוקיים": 2,
  "החמיא": 2,
  "החמיץ": -2,
  "החמיר": -3,
  "הַחמָרָה": -3,
  "הַחרָמָה": -2,
  "הטוב ביותר": 3,
  "הֲטָיָה": -1,
  "הַטָלַת אֵימָה": -2,
  "הטמעת": -2,
  "הַטרָדָה": -3,
  "היגייניים": -2,
  "הידד": 2,
  "היטב דגל": 3,
  "היטב ממוקד": 2,
  "היטב פרופורציות": 2,
  "היכול": 2,
  "הילה": 1,
  "היסוסים": -2,
  "הִיסטֵרִי": -3,
  "הִיסטֵרִיָה": -3,
  "הישג": 2,
  "הישגים": 2,
  "הַכָּאָה": -1,
  "הכחיש": -2,
  "הַכחָשָׁה": -2,
  "הכחשות": -2,
  "הכי אהוב": 2,
  "הכי גרוע": -3,
  "הכעיס": -3,
  "הַכָּרָה": 2,
  "הלאחיננית": -3,
  "הַלבָּשָׁה": -2,
  "הַלוָיָה": -1,
  "הלועגת": -2,
  "הַלְלוּיָה": 3,
  "הֶלֶם": -2,
  "המאונן": -3,
  "המאושר": 3,
  "המאשים": -2,
  "המבקר": -2,
  "המבקש": 1,
  "המבריק": 2,
  "המגן": -3,
  "הֲמוּלָה": -3,
  "הָמוּם": -2,
  "המועדפים": 2,
  "המורדים": -2,
  "המזהם": -2,
  "המזוהם": -2,
  "המזוין": -4,
  "המזוין חם": 2,
  "המטורף": -2,
  "המידרדר": -2,
  "המכה": -3,
  "המלהיבה הזאת": 3,
  "הממית": -2,
  "המנותץ": -1,
  "המניע": 2,
  "המנצח": 3,
  "המעריצה": 3,
  "המערער": -2,
  "המפגינים": -2,
  "המציק": -3,
  "המרגיז": -2,
  "המרים": -2,
  "הנאה": 3,
  "הנוקם": -2,
  "הנטל": -2,
  "הנלחם": -2,
  "הנמוך ביותר": -1,
  "הנערץ": 3,
  "הֲסָבָה": 2,
  "הֶסגֵר": -2,
  "הֶסדֵר": 1,
  "הסובל": -2,
  "הסוואה": -1,
  "הַסָחַת הַדַעַת": -2,
  "הסטתי": -1,
  "הֶסכֵּם": 1,
  "הסכמה": 2,
  "הַסכָּמָה": 2,
  "הסכמות": 2,
  "הססני": -2,
  "הַסְסָנִי": -2,
  "הסריח": -2,
  "הֲסָתָה": -2,
  "הסתיר": -1,
  "הִסתַנוְרוּת": 3,
  "הַסתָרָה": -1,
  "העדיף": 2,
  "העיב": -1,
  "הענקת": 1,
  "הַעֲרָכָה": 2,
  "הַעֲרָצָה": 3,
  "הפגנה": -1,
  "הפוגע": -2,
  "הפוגע קשה": -2,
  "הַפחָדָה": -2,
  "הֶפסֵד": -3,
  "הפסקות": -2,
  "הפסקת": -2,
  "הַפקָדָה": 1,
  "הֲפָרָה": -2,
  "הפרעה": -2,
  "הַפרָעָה": -2,
  "הפרעות": -2,
  "הפרת": -2,
  "הצדיע": 2,
  "הַצדָעָה": 2,
  "הצילו": 2,
  "הציק": -2,
  "הַצלָחָה": 2,
  "הצליח": 3,
  "הַצָקָה": -2,
  "הצרות": -2,
  "הצרחות": -2,
  "הֲקָאָה": -3,
  "הַקדָשָׁה": 2,
  "הקיא": -3,
  "הקנאים": -2,
  "הקרושה": 2,
  "הַקשָׁאָה": 2,
  "הקשה": -2,
  "הֶרֶג": -3,
  "הרגיע": 1,
  "הַרגָעָה": 3,
  "הַרגָשָׁה טוֹבָה": 3,
  "הָרֵה אָסוֹן": -4,
  "הֵרוֹאִי": 3,
  "הרוג": -3,
  "הרוס": -2,
  "הָרוּס": -2,
  "הריגה": -3,
  "הריע": 2,
  "הרמוני": 2,
  "הַרמוֹנִיָה": 2,
  "הֶרֶס": -2,
  "הרסני": -2,
  "הַרסָנִי": -3,
  "הרפתקאות": 2,
  "הַרפַּתקָה": 2,
  "הרפתקני": 2,
  "הרצוי": 2,
  "הַשׁבָּחָה": 2,
  "השבתה": -1,
  "הַשׁהָיָה": -2,
  "השובתים": -2,
  "הַשׁחָלָה": -1,
  "השיג": 2,
  "השלכה": -2,
  "השלכות": -2,
  "הַשׁפָּלָה": -1,
  "השראה": 2,
  "הַשׁרָאָה": 2,
  "הִשׁתוֹלְלוּת": -3,
  "השתלח": -2,
  "הַשׁתָקָה": -1,
  "התאבדויות": -2,
  "הִתאַבְּדוּת": -2,
  "הִתאַבְּדוּתִי": -2,
  "התאבל": -2,
  "התארך מן המתוכנן": -2,
  "הִתבַּזוּת": -2,
  "התדרדר": -2,
  "הִתוַכְּחוּת": -2,
  "הִתחַזְקוּת": 2,
  "התחרט": -2,
  "התייסר": -3,
  "הִתלַהֲבוּת": 2,
  "התלונן": -2,
  "התמודדות": -1,
  "התמוטטויות": -2,
  "הִתמוֹטְטוּת": -2,
  "התנגשויות": -2,
  "התנגשות": -1,
  "הִתנַגְשׁוּת": -2,
  "הִתְנַהֲגוּת פְּסוּלָה": -2,
  "התנחלויות": 1,
  "הִתנַכְּרוּת": -2,
  "התנפץ": -2,
  "הִתנַצְלוּת": -1,
  "התנצלתי": -1,
  "התנשא": -1,
  "התעטש": -2,
  "הִתעַטְשׁוּת": -2,
  "התעללות": -3,
  "הִתעַלְלוּת": -2,
  "התעלם": -1,
  "התעלמות": -2,
  "הִתעַלְמוּת": -2,
  "הִתעַרעֲרוּת": -2,
  "התפטרתי": -1,
  "הִתפַּכְּחוּת": 1,
  "הִתפָּרְעוּת": -2,
  "התפרצויות": -2,
  "הִתפָּרְצוּיוֹת הִיסטֵרִיוֹת": -3,
  "התקדמות": 2,
  "התקפות": -1,
  "הֶתקֵפִי": -2,
  "התרגשות": 3,
  "התרוממות רוח": 3,
  "הִתרוֹמְמוּת רוּחַ": 3,
  "התרשמנו": 3,
  "ואו": 3,
  "והוקרתי": 2,
  "וואו": 4,
  "וחייכתי": 2,
  "וִיטָמִין": 1,
  "ומבריקים": 2,
  "ומעניש": -2,
  "ומשובב נפש": 3,
  "ועצוב": -2,
  "וֶרֶד": 1,
  "וַתְרָן": 1,
  "זהב": 2,
  "זָהִיר": 2,
  "זְהִירוּת": 2,
  "זוּהֲמָה": -2,
  "זוֹהַר": 3,
  "זוועה": -3,
  "זוֹכֵה": 4,
  "זוֹנָה": -4,
  "זוֹעֵם": -3,
  "זועף": -2,
  "זוֹעֵף": -2,
  "זוֹרֵעַ בֶּהָלָה": -2,
  "זיהום": -2,
  "זיהומים": -2,
  "זִיוּן": -4,
  "זיופים": -3,
  "זייף": -3,
  "זיכה": 2,
  "זיכויו": 2,
  "זַיִן": -4,
  "זַיְפָן": -3,
  "זְכִיָה": 2,
  "זכית": 3,
  "זלזול": -2,
  "זִלזוּל": -2,
  "זָמוּם": -2,
  "זעזועים": -2,
  "זעם": -2,
  "זעפו": -2,
  "זְעָקָה": -2,
  "זָרִיז": 2,
  "זרק": -2,
  "חִבָּה": 2,
  "חביב": 2,
  "חָבִיב": 3,
  "חַבָּלָה": -2,
  "חָבֵר": 1,
  "חֲבֵרוּת": 2,
  "חֲגִיגָה": 3,
  "חגיגות": 3,
  "חֲגִיגִי": 2,
  "חַדַף": -4,
  "חדשן": 2,
  "חדשנות": 1,
  "חה": 2,
  "חה חה": 3,
  "חוֹב": -2,
  "חובבי": 2,
  "חובה": -1,
  "חוגג": 3,
  "חוגגים": 3,
  "חוֹזֶה": 3,
  "חוזק": 2,
  "חוֹטֵא": -3,
  "חוטף": -2,
  "חוכמה": 1,
  "חולה": -2,
  "חוֹלֶה": -2,
  "חוּלִיגָן": -2,
  "חוליגנים": -2,
  "חולם": 1,
  "חוֹלָנִי": -2,
  "חולש": -2,
  "חוּלשָׁה": -2,
  "חוֹם": 2,
  "חוֹמֶר": 1,
  "חוסם": -2,
  "חוסם אותה": -2,
  "חוֹסֶר": -2,
  "חוסר אמון": -3,
  "חוסר יכולת": -2,
  "חוֹסֶר כִּשָׁרוֹן": -2,
  "חוסר רגישות": -2,
  "חוֹסֶר תוֹעֶלֶת": -2,
  "חוסר תקווה": -2,
  "חוֹפֶשׁ": 2,
  "חופשי": 1,
  "חוקי": 1,
  "חורבות": -2,
  "חורבן": -2,
  "חוּרבָּן": -2,
  "חוֹשֶׁך": -1,
  "חוֹשֵׁשׁ": -2,
  "חזון": 1,
  "חָזוֹן": 1,
  "חזיונות": 1,
  "חֲזִית קִדמִית": 1,
  "חזק": 2,
  "חָזָק": 2,
  "חחח": 3,
  "חטא": -2,
  "חטאים": -2,
  "חָטוּף": -2,
  "חַטְטָן": -2,
  "חֲטִיפָה": -2,
  "חטיפות": -2,
  "חיבוקים": 2,
  "חיבוקים ונשיקות": 3,
  "חִיוּבִי": 2,
  "חיובים": -2,
  "חיוך": 2,
  "חיוכים": 2,
  "חיוניות": 3,
  "חיזק": 2,
  "חילוץ": -2,
  "חילוצים": 2,
  "חיסולים": -3,
  "חיסכון": 1,
  "חיקויים": -2,
  "חירויות": 2,
  "חכם": 2,
  "חכם יותר": 2,
  "חלאה": -4,
  "חֶלאַת אָדָם": -3,
  "חָלוּל": -1,
  "חלומות": 1,
  "חָלוּשׁ": -2,
  "חלק": 2,
  "חלק עליון": 2,
  "חֲלַקְלַק": 2,
  "חלש": -2,
  "חַם": 1,
  "חַם לֵב": 2,
  "חמדנות": -3,
  "חָמוּד": 2,
  "חמור": -3,
  "חֲמוֹר": -4,
  "חָמוּר": -2,
  "חמים": 2,
  "חֲמִיקָה": -2,
  "חֶמלָה": 2,
  "חן": 1,
  "חָנוּק": -1,
  "חנינה": 2,
  "חֲנִינָה": 2,
  "חסד": 3,
  "חָסוּי": 2,
  "חסום": -2,
  "חָסוּם": -1,
  "חָסוֹן": 2,
  "חסימה": -1,
  "חֲסִימָה": -2,
  "חֲסִין": 1,
  "חָסֵר": -2,
  "חֲסַר אוֹנִים": -2,
  "חֲסַר בַּיִת": -2,
  "חסר דאגות": 1,
  "חֲסַר חַיִים": -1,
  "חסר טעם": -2,
  "חֲסַר יְכוֹלֶת": -2,
  "חסר ישע": -2,
  "חֲסַר לֵב": -2,
  "חֲסַר מַחֲשָׁבָה": -2,
  "חֲסַר מְנוּחָה": -2,
  "חֲסַר מָעוֹף": -2,
  "חֲסַר מַשְׁמָעוּת": -2,
  "חסר סבלנות": -2,
  "חסר ערך": -2,
  "חסר פחד": 2,
  "חסר פרוטה": -1,
  "חסר רחמים": -1,
  "חסר שיניים": -2,
  "חֲסַר תוֹעֶלֶת": -2,
  "חסר תחושה": -1,
  "חסרון": -2,
  "חִסָרוֹן": -2,
  "חֲקִירָה": 1,
  "חקירות": 1,
  "חרא": -3,
  "חרד": -2,
  "חָרֵד": -2,
  "חֲרָדָה": -2,
  "חרום": -2,
  "חרוץ": -3,
  "חרטה": -2,
  "חֲרָטָה": -2,
  "חרטות": -2,
  "חריף": -2,
  "חריץ": -5,
  "חֵרֶם": -2,
  "חרמות": -2,
  "חרפה": -2,
  "חרפתי": -2,
  "חשד": -1,
  "חָשׁוּב": 2,
  "חָשׁוּד": -1,
  "חשודים": -1,
  "חָשׁוּך": -2,
  "חָשׂוּף": -1,
  "חֲשִׁיבוּת": 2,
  "חשיפה": -1,
  "חשש": -2,
  "חֲשָׁשׁ": -2,
  "חתכים": -1,
  "חַתרָנִי": -2,
  "טָבוּעַ": -2,
  "טִבעִי": 1,
  "טהור": 1,
  "טָהוֹר": 1,
  "טוב": 2,
  "טוֹב": 3,
  "טוב יותר": 2,
  "טוּב לֵב": 3,
  "טוב מזוין": 4,
  "טוֹבָה": 2,
  "טובע": -2,
  "טוטליטרי": -2,
  "טוֹטָלִיטָרִי": -2,
  "טוֹעֶה": -2,
  "טועים בסיווג": -2,
  "טורפים": -2,
  "טִינָה": -2,
  "טיפוח": 2,
  "טיפש": -3,
  "טיפשים": -2,
  "טִמטוּם הַמוֹחַ": -3,
  "טעויות": -2,
  "טעון": -3,
  "טִעוּן": -2,
  "טעות": -2,
  "טָעִים": 3,
  "טָעִים מְאוֹד": 3,
  "טעיתי": -1,
  "טַעַם": 2,
  "טעם מר": -2,
  "טענה": -2,
  "טענות": -2,
  "טִפֵּשׁ": -2,
  "טִפּשׁוּת": -3,
  "טִפּשִׁי": -1,
  "טְרַאוּמָה": -3,
  "טְרַאוּמָטִי": -3,
  "טרגדיה": -2,
  "טרגדיות": -2,
  "טְרָגִי": -2,
  "טרדות": 2,
  "טֵרוֹר": -3,
  "טרח": -2,
  "טרטורים": -3,
  "טָרִי": 1,
  "טִרפָּה": -2,
  "יָאֶה": 2,
  "יאוש": -3,
  "יָדוּעַ לְשִׁמצָה": -2,
  "יְדִידוּת": 2,
  "ידידותי": 2,
  "יְדִידוּתִי": 2,
  "יָהִיר": -2,
  "יהלום": 1,
  "יוזמה": 1,
  "יוֹפִי": 3,
  "יוצא מן הכלל": 5,
  "יושרה": 2,
  "יותא": 2,
  "יותר": 3,
  "יותר חזק": 2,
  "יזום": 2,
  "ייפגע": -2,
  "יכול": 1,
  "יכולת": 1,
  "יְכוֹלֶת": 2,
  "ילדותי": -2,
  "יַלדוּתִי": -2,
  "יָעִיל": 2,
  "יְעִילוּת": 2,
  "יפה": 3,
  "יָפֶה": 3,
  "יפה תואר": 3,
  "יפהפה": 3,
  "יַצִיב": 2,
  "יצירות מופת": 4,
  "יצירת מופת": 4,
  "יְצִירָתִי": 2,
  "יַקִיר": 2,
  "יקר": -2,
  "יָקָר": 2,
  "ירד": -1,
  "ירוק": 2,
  "יָרוֹק עַד": 2,
  "ירי": -2,
  "יָרִיב": -1,
  "יְרִידָה": -1,
  "ירידת ערך": -2,
  "יֵשׁוּעַ": 1,
  "ישועה": 2,
  "יָשָׁר": 2,
  "יתרון": 2,
  "יתרונות": 2,
  "כאב": -2,
  "כְּאֵב": -2,
  "כְּאֵב רֹאשׁ": -2,
  "כאוטי": -2,
  "כבוד": 2,
  "כִּבּוּד": 2,
  "כָּבוֹד": 3,
  "כביסה ירוקה": -3,
  "כואב": -2,
  "כּוֹאֵב": -2,
  "כּוֹזֵב": -2,
  "כוח": 2,
  "כוס": -5,
  "כּוֹעֵס": -3,
  "כּוּשִׁי": -5,
  "כושים": -5,
  "כושל": -2,
  "כושר": 1,
  "כּוֹשֵׁר עֲמִידָה": 2,
  "כָּחוֹל אָפוֹר": -2,
  "כיוון נכון": 3,
  "כֵּיף": 4,
  "כישלון": -2,
  "כַּלבָּה": -5,
  "כלבות": -5,
  "כָּלוּא": -2,
  "כמו": 2,
  "כמובן מאליו": 1,
  "כמועדף": 2,
  "כן": 1,
  "כֵּן": 2,
  "כֵּנוּת": 2,
  "כנים": 2,
  "כַּעַס": -2,
  "כעסים": -3,
  "כָּפוּי": -1,
  "כְּפוּי טוֹבָה": -3,
  "כפות": 2,
  "כְּפִיָה": -2,
  "כראוי": 2,
  "כַּרִיזמָה": 2,
  "כִּשָׁלוֹן": -2,
  "כשלים": -2,
  "כִּשָׁרוֹן": 2,
  "כָּתוּשׁ": -2,
  "לא": -1,
  "לא אהבתי": -2,
  "לא אהוב": -2,
  "לא אוהב": -2,
  "לֹא אַחֲרַאִי": -2,
  "לא אנוכי": 2,
  "לֹא אֶנוֹשִׁי": -2,
  "לא בטוח": -1,
  "לֹא בָּטוּחַ": -1,
  "לא בסדר": -2,
  "לא ברור": -1,
  "לא הגיוני": -1,
  "לֹא הֶגיוֹנִי": -2,
  "לֹא הוֹגֶן": -2,
  "לֹא הֶחלֵטִי": -1,
  "לא התנהג יפה": -2,
  "לֹא זָהִיר": -2,
  "לא זמין": -1,
  "לֹא חוּקִי": -3,
  "לא טוב": -2,
  "לא יעיל": -2,
  "לֹא יָעִיל": -2,
  "לֹא יַצִיב": -1,
  "לֹא יִצְלַח": -2,
  "לֹא יָשָׁר": -2,
  "לא כיף": -3,
  "לא לאשר": -2,
  "לֹא לְהֶאֱמִין": -2,
  "לא מאובטח": -2,
  "לא מאורגן": -2,
  "לא מאושר": -1,
  "לא מאמין": -1,
  "לא מבושל": -2,
  "לא מדעי": -2,
  "לא מובן": -2,
  "לא מודע": -2,
  "לא מוסרי": -2,
  "לא מוערך": -2,
  "לא מוצלח": -2,
  "לא מושך": -2,
  "לֹא מוּשׁלָם": -2,
  "לא מחובר": -1,
  "לא מכוון": -2,
  "לא ממוקד": -2,
  "לא מסוגל": -2,
  "לֹא מְסוּגָל": -2,
  "לא מסכים": -2,
  "לא מספיק": -2,
  "לא מצחיק": -2,
  "לא מקובל": -2,
  "לֹא מְקוֹרִי": -2,
  "לא מקצועי": -2,
  "לא מרוצה": -2,
  "לֹא מְרוּצֶה": -2,
  "לא משוכנע": -1,
  "לֹא מַשְׁמָעוּתִי": -2,
  "לֹא מַתְאִים": -2,
  "לא מתאימים": -2,
  "לֹא מְתוּחכָּם": -2,
  "לֹא מִתְחַשֵׁב": -2,
  "לא מתפקד כראוי": -2,
  "לא מתרשם": -2,
  "לא נוח": -2,
  "לֹא נוֹחַ": -2,
  "לא נמכר": -1,
  "לא נעים": -2,
  "לֹא נָעִים": -2,
  "לא סביר": -1,
  "לא עובד": -3,
  "לֹא פָּגִיעַ": 2,
  "לֹא פּוֹעֵל": -2,
  "לֹא צוֹדֵק": -2,
  "לא ראוי": -2,
  "לֹא רָגִישׁ": -2,
  "לא רצוי": -2,
  "לא שווה": -1,
  "לא שלם": -1,
  "לא תקין": -2,
  "לאבד": -3,
  "לאהוב": 2,
  "לֶאֱכוֹף": -1,
  "לְאַכזֵב": -2,
  "לְאַמֵץ": 1,
  "לְאַמֵת": 1,
  "לֶאֱנוֹס": -4,
  "לֶאֱסוֹר": -1,
  "לאקסטזה": 2,
  "לְאַשֵׁר": 2,
  "לבגוד": -3,
  "לבד": -2,
  "לבוש": -1,
  "לָבוּשׁ": -2,
  "לְבַזבֵּז": -2,
  "לִבזוֹז": -2,
  "לבטח": 2,
  "לְבַטֵל": -1,
  "לִבכּוֹת": -2,
  "לְבַלבֵּל": -2,
  "לְבַצֵעַ": 1,
  "לְבַקֵר": -2,
  "לברך": 2,
  "לְבָרֵך": 2,
  "לְגַבֵּשׁ": 2,
  "לִגנוֹב": -2,
  "לִגנוֹחַ": -2,
  "לְגַנוֹת": -2,
  "לִגרוֹם": -2,
  "לִגרוֹעַ": -1,
  "לִגרוֹר": -1,
  "לְגָרוֹת": -1,
  "לְגַרֵשׁ": -1,
  "לְדַבֵּר בְּטִרוּף": -3,
  "לִדחוֹת": -1,
  "לדחיות": -1,
  "לדין": -2,
  "לִדקוֹר": -2,
  "לִדרוֹשׁ": -1,
  "לְהַאִיר": 2,
  "לְהַאֲרִיך": 1,
  "לְהַאֲשִׁים": -2,
  "לְהַבטִיחַ": 1,
  "לִהַבִיך": -2,
  "לִהַבִיס": -2,
  "לְהַברִיחַ": -2,
  "לְהַגבִּיל": -1,
  "להגביר": 1,
  "לְהַגבִּיר": 1,
  "לְהַגזִים": -2,
  "לְהַגִיעַ": 1,
  "לְהַגֵן": 1,
  "לְהַדבִּיק": -2,
  "להדהים": 3,
  "לְהַדהִים": 3,
  "לַהֲדוֹף": -1,
  "להודות": 2,
  "לְהוֹדוֹת": -1,
  "לָהוּט": 2,
  "להוליך שולל": -3,
  "לְהוֹנוֹת": -3,
  "לְהוֹקִיעַ": -2,
  "לְהוֹקִיר": 2,
  "לְהוֹרוֹת": -2,
  "לְהוֹרִיד מֵהַפָּסִים": -2,
  "לְהַזהִיר": -2,
  "להזמין": 1,
  "לְהַחטִיא": -2,
  "לְהַחִיוֹת": 2,
  "לְהַחרִיב": -2,
  "לְהַחרִיף": -2,
  "לְהַטבִּיעַ": -2,
  "לְהָטִיל אֵימָה": -2,
  "להטעות": -3,
  "לְהטרִיד": -2,
  "לְהַכּוֹת": -1,
  "לְהַכּחִישׁ": -2,
  "לְהִכָּשֵׁל": -2,
  "לְהַכתִים": -2,
  "לְהַלאוֹת": -2,
  "לַהֲלוֹם": 2,
  "לְהַמלִיץ": 2,
  "לְהִמָנַע": -1,
  "להמעיט": -1,
  "לְהַמעִיט בְּעֵרכּוֹ": -1,
  "לְהַמתִין": -1,
  "להנות": 2,
  "לְהַנִיעַ": 1,
  "לְהַסווֹת": -1,
  "להסיח את הדעה": -2,
  "לְהַסכִּים": 1,
  "לְהַסֵס": -2,
  "לְהַסרִיחַ": -2,
  "לְהִסְתָכֵּן": -2,
  "לְהִסְתָתֵר": -1,
  "לְהַעֲלִיב": -2,
  "לְהֵעָלֵם": -1,
  "לְהַעֲמִיד לָדִין": -1,
  "להעמיד פנים": -1,
  "להעמיס יותר מדי": -1,
  "לְהַעֲנִיק תוֹאַר אַבִּיר": 2,
  "לְהַעֲנִישׁ": -2,
  "לְהַעֲסִיק": 1,
  "לְהַעֲצִיב": -2,
  "להעצים": 2,
  "להעריך": 2,
  "לְהַעֲרִיץ": 3,
  "לַהֲפוֹך לְקַרבָּן": -3,
  "לְהַפחִיד": -2,
  "לְהַפִּיס": 2,
  "להפלות": -2,
  "לְהָפלוֹת": -2,
  "להפליא": 4,
  "לְהָפֵר": -2,
  "להפריע": -2,
  "לְהַפְרִיעַ": -2,
  "לְהַצְדִיק": 2,
  "לְהִצְטַרֵף": 1,
  "לְהַצִיל": 2,
  "לְהָצִיק": -3,
  "להצליח": 3,
  "לְהַקִיא": -3,
  "לְהַקֵל": 1,
  "להקלה": 2,
  "לְהַקְסִים": 3,
  "להרגיז": -2,
  "לְהַרְגִיז": -2,
  "לְהַרְגִיעַ": 3,
  "לַהֲרוֹג": -3,
  "להרוס": -3,
  "לַהֲרוֹס": -2,
  "לְהַרְחִיב": 1,
  "לְהַרְעִיב": -2,
  "לְהַרְשִׁים": 3,
  "לְהַרְתִיחַ": -2,
  "לְהַשִׂיג": 2,
  "לְהַשִׂיג יוֹתֵר": 2,
  "לְהַשִׂיג מוֹנוֹפּוֹל": -2,
  "לְהַשְׁלִיט טֶרוֹר": -3,
  "להשליך": -1,
  "לְהַשְׁמִיד": -2,
  "לְהַשְׁעוֹת": -1,
  "לְהַשְׁפִּיל": -2,
  "לְהִשְׁתוֹבֵב": -2,
  "לְהִתְאַבֵּל": -2,
  "לְהַתְאִים": 1,
  "לְהִתְדַרְדֵר": -2,
  "להתחבא": -1,
  "לְהִתְיַסֵר": -3,
  "להתיר": 1,
  "לְהִתְלוֹנֵן": -2,
  "לְהִתְמַקֵחַ": 2,
  "לְהִתְנַגֵשׁ": -1,
  "לְהִתְנַצֵל": -1,
  "לְהִתְעַטֵשׁ": -2,
  "להתעלם": -1,
  "להתפטר": -1,
  "לְהִתְפַּטֵר": -1,
  "לְהִתְפַּלֵל": 1,
  "לְהִתְפַּעֵל": 3,
  "לְהִתְרַסֵק": -2,
  "לובי": -2,
  "לוביסטים": -2,
  "לוֹהֵט": 2,
  "לוויות": -1,
  "לוֹחָמָה": -2,
  "לול": 3,
  "לועג": -2,
  "לְזַהֵם": -2,
  "לזיוף": -3,
  "לִזכּוֹת": 2,
  "לזכרם": -2,
  "לזלזל": -1,
  "לִזַלזֵל": -2,
  "לִזַלזֵל בְּעֵרכּוֹ": -2,
  "לְחַבֵּק": 2,
  "לַחֲגוֹג": 3,
  "לְחַדֵשׁ": 2,
  "לחוץ": -2,
  "לְחַזֵק": 2,
  "לְחַזֵר אַחֲרֵי": 3,
  "לַחֲטוֹא": -2,
  "לַחטוֹף": -2,
  "לחימה": -1,
  "לְחִימָה": -2,
  "לְחִינָם": -2,
  "לַחֲלוֹק": 1,
  "לַחֲנוֹק": -2,
  "לחסום": -2,
  "לַחסוֹם": -1,
  "לחץ": -1,
  "לַחַץ": -1,
  "לְחַרְבֵּן": -4,
  "לחשוד": -1,
  "לַחשׂוֹף": -1,
  "לַחתוֹר": -2,
  "לְטַהֵר": 2,
  "לִטעוֹן": -1,
  "לטעות": -2,
  "לְטַפֵּל": 2,
  "לִטרוֹק": -2,
  "ליטיגציה": -1,
  "ליקויים": -2,
  "לירות": -1,
  "לִכאוֹב": 1,
  "לכבוד": 2,
  "לכודים": -2,
  "לכלול": -1,
  "לכסות": -3,
  "ללא הצלחה": -2,
  "לְלֹא הַשׁרָאָה": -2,
  "ללא מאמץ": 2,
  "ללא רבב": 2,
  "לְלֹא רְבָב": 2,
  "ללא שמחה": -2,
  "לִלְעוֹג": -2,
  "לָמוּת": -3,
  "לִמְחוֹץ": -1,
  "למחות": -2,
  "לְמַלֵא": 2,
  "לִמְנוֹעַ": -1,
  "לִמְצוֹץ": -3,
  "לְמַרְבֶּה הַמַזָל": 3,
  "לִמְרוֹד": -2,
  "לִמְשׁוֹך": 1,
  "לְנַדוֹת": -2,
  "לִנְזוֹף": -2,
  "לִנְטוֹשׁ": -2,
  "לנצח": 4,
  "לְנַצֵל": -2,
  "לִנְקוֹם": -2,
  "לְנַקוֹת": 2,
  "לָסֶגֶת": -1,
  "לִסְחוֹט": -3,
  "לְסַכֵּל": -2,
  "לִסְלוֹחַ": 1,
  "לְסַלֵף": -2,
  "לְסַפְסֵר": -2,
  "לעג": -2,
  "לַעַג": -2,
  "לַעֲגָנִי": -2,
  "לעד": 2,
  "לעדן": 1,
  "לְעוֹדֵד": 2,
  "לְעוֹרֵר": 1,
  "לעזאזל": -2,
  "לעזאזל הטוב ביותר": 4,
  "לעזאזל חמוד": 3,
  "לעזוב": -1,
  "לעזיבות": -2,
  "לעכב": -1,
  "לְעַכֵּב": -2,
  "לעלות": 1,
  "לַעֲנוֹת": -4,
  "לְעַרְעֵר אֵת הַמוֹרָל": -2,
  "לְפַאֵר": 3,
  "לִפְגוֹם": -2,
  "לפגוע": -2,
  "לְפַגֵר": -1,
  "לפדות": -2,
  "לִפְטוֹר": 2,
  "לפייס": 2,
  "לפינה": -2,
  "לְפַנוֹת": -1,
  "לְפַעֲנֵחַ": 1,
  "לִפְשׁוֹט עַל": -2,
  "לִפְתוֹר": 2,
  "לִצְחוֹק": 1,
  "לצרוח": -2,
  "לִצְרוֹחַ": -2,
  "לְקַבֵּל": 1,
  "לקדם": 1,
  "לקו": -2,
  "לְקַווֹת": 2,
  "לָקוּי": -2,
  "לְקַלֵל": -2,
  "לקלקל": -2,
  "לקצץ": -2,
  "לקרבן": -3,
  "לְרַגֵשׁ": 3,
  "לִרְדוֹף": -1,
  "לְרַמוֹת": -2,
  "לרעה": -2,
  "לְרַצוֹת": 2,
  "לרתק": 3,
  "לָשֵׂאת וְלָתֵת": -1,
  "לְשַׁבֵּחַ": 2,
  "לשבחים": 2,
  "לְשַׁבֵּשׁ": -2,
  "לִשְׁגוֹת": -1,
  "לִשְׁדוֹד": -2,
  "לשחזר": 1,
  "לשטוף ירוק": -3,
  "לָשִׂים לֹא בְּמָקוֹם": -2,
  "לשכוח": -1,
  "לְשַׁכֵּל": -2,
  "לְשַׁכְנֵעַ": 1,
  "לְשַׁלְהֵב": 3,
  "לְשַׁלֵם": -1,
  "לִשְׂמוֹחַ": 4,
  "לשמור": 2,
  "לִשְׂנוֹא": -2,
  "לְשַׁעֲבֵּד": -2,
  "לְשְׁעוֹט": -2,
  "לְשַׁעֲמֵם": -2,
  "לְשַׁעֲשֵׁעַ": 3,
  "לְשַׁפֵּר": 2,
  "לִשְׁקוֹעַ בְּעַצבוּת": -1,
  "לתבוע": -2,
  "לתועלתו": 2,
  "לתעב": -3,
  "לְתַעֵב": -3,
  "לתקוף": -1,
  "לִתְקוֹף": -1,
  "לִתְרוֹם": 2,
  "מאבד": -3,
  "מאבטחת": 2,
  "מַאֲבָק": -1,
  "מאבקים": -2,
  "מְאוּבטָח": 2,
  "מאובן": -2,
  "מְאוּזָן": 1,
  "מאוחד": 1,
  "מאוים": -2,
  "מאוכזב": -2,
  "מְאוּכזָב": -2,
  "מאופר": -1,
  "מְאוּשׁפָּז": -2,
  "מְאוּשָׁר": 3,
  "מאיים": -2,
  "מְאַיֵם": 3,
  "מאיר": 2,
  "מאכזב": -2,
  "מְאַכזֵב": -2,
  "מאמצת": 1,
  "מאמת": 1,
  "מַאֲסָר": -2,
  "מאשים": -2,
  "מַאֲשִׁים": -2,
  "מאשרת": 2,
  "מבאס": -2,
  "מבהירה": 2,
  "מְבוּדָד": -1,
  "מבוהל": -2,
  "מבוזבז": -2,
  "מְבוּזבָּז": -2,
  "מבוטל": -1,
  "מָבוֹי סָתוּם": -2,
  "מְבוּיָם": -1,
  "מבויש": -3,
  "מְבוּיָשׁ": -2,
  "מְבוּכָה": -2,
  "מבולבל": -2,
  "מְבוּלבָּל": -2,
  "מבוסס היטב": 2,
  "מְבוּעָר": 1,
  "מבזבז": -1,
  "מְבַזבֵּז": -2,
  "מבטל": -1,
  "מֵבִיא מַזָל רַע": -2,
  "מביך": -2,
  "מֵבִיך": -2,
  "מבינים": -2,
  "מֵבִּיעַ צַעַר": -2,
  "מֵבִּישׁ": -2,
  "מְבַלבֵּל": -2,
  "מַבעִית": -2,
  "מבצע": 1,
  "מבצעי": -2,
  "מבקר": -2,
  "מְבַקֵר": -2,
  "מבריח": -2,
  "מַברִיק": 4,
  "מברך": 2,
  "מגביל": -2,
  "מַגְבִּיל": -1,
  "מגביר": 1,
  "מְגוּחָך": -3,
  "מְגוּנֶה": -2,
  "מגונן": -2,
  "מגורה": -3,
  "מְגוּרָשׁ": -2,
  "מגזים": -2,
  "מגינים": 2,
  "מגן": 1,
  "מָגֵן": 2,
  "מגניב": 2,
  "מגעיל": -3,
  "מַגְעִיל": -2,
  "מַגֵפָה": -3,
  "מגרד": -2,
  "מגרה": 1,
  "מְגָרֶה": 2,
  "מגרש": -2,
  "מדאיג": -3,
  "מדביק": -2,
  "מִדַבֵּק": -1,
  "מדהים": 4,
  "מַדְהִים": 4,
  "מְדוּכָּא": -2,
  "מדוכדך": -1,
  "מְדוּכדָך": -2,
  "מדוכדך אחד": -2,
  "מדכא": -2,
  "מְדַכֵּא": -2,
  "מֵדַלִיָה": 3,
  "מדרדר": -2,
  "מְהוּלָל": 3,
  "מהומות": -2,
  "מְהוּרהָר": 1,
  "מהימן": 2,
  "מָהִיר": 2,
  "מהמם": 4,
  "מְהַנֶה": 3,
  "מְהַסֵס": -1,
  "מהפנט": 3,
  "מַהֵר": 2,
  "מַהֲתַלַה": -1,
  "מואשם": -2,
  "מובחר": 1,
  "מוּבטָח": 1,
  "מובטלים": -1,
  "מוֹבִיל": 2,
  "מוּבָס": -2,
  "מוּברָח": -2,
  "מוגבל": -1,
  "מוגבלויות": -2,
  "מוּגדָל": 1,
  "מוּגזָם": -2,
  "מוּגָן": 1,
  "מודאג": -2,
  "מוּדְאָג": -3,
  "מודה": -1,
  "מודרניזציה": 2,
  "מוות": -2,
  "מוזל": -1,
  "מוזנח": -2,
  "מוזר": -1,
  "מוּזָר": -1,
  "מוּחלָשׁ": -2,
  "מוחץ": -1,
  "מוּחרָם": -2,
  "מוטיבציה": 2,
  "מוֹטִיבָצִיָה": 1,
  "מוּטָל": -1,
  "מוטל בספק": -1,
  "מוטרד": -2,
  "מוּטרָד": -2,
  "מוּכֶּה": -2,
  "מוּכֶּה תַדְהֵמָה": -2,
  "מוּכָן": 1,
  "מוּכְרָח": -2,
  "מוכתם": 2,
  "מוּם": -2,
  "מוּמלָץ": 2,
  "מוּמרָץ": 2,
  "מוֹנוֹטוֹנִיוּת": -1,
  "מונופול": -2,
  "מונע": -1,
  "מוסכם": 1,
  "מוסמך": 2,
  "מוּסָרִי": 2,
  "מוּסָת": -2,
  "מוֹעִיל": 2,
  "מוערך": 2,
  "מופלה": -2,
  "מוּפרָע": -2,
  "מוּפתָע": 2,
  "מוּצדָק": 2,
  "מוּצלָח": 3,
  "מוצץ": -5,
  "מוצק": 2,
  "מוּקדָשׁ": 2,
  "מוקיר": 2,
  "מוּקסָם": 3,
  "מורה": -2,
  "מוּרכָּב": 2,
  "מוּרעָב": -2,
  "מוּרעָל": -2,
  "מוּרשָׁע": -2,
  "מוֹרַת רוֹחַ": -2,
  "מוּשׁהֶה": -1,
  "מוּשׁחָת": -3,
  "מושך": 2,
  "מוֹשֵׁך": 2,
  "מוּשׁלָך": -1,
  "מושלם": 3,
  "מוּשׁלָם": 2,
  "מושלם מזוין": 4,
  "מוּשׁפָל": -2,
  "מושפע": -1,
  "מוּשׁקָע": 1,
  "מושתן": -3,
  "מוֹתָנוּת": -2,
  "מוּתָרוּת": 2,
  "מזבלה": -1,
  "מזהיר": -2,
  "מזהם": -2,
  "מְזוֹהָם": -2,
  "מְזוּיָן": -4,
  "מזוין חמוד": 4,
  "מזוין מדהים": 4,
  "מזוין פנטסטי": 4,
  "מְזוּיָף": -3,
  "מְזוּלזָל": -2,
  "מזועזע": -3,
  "מְזוּעזָע": -2,
  "מְזוּקָק": 1,
  "מזיק": -3,
  "מַזִיק": -2,
  "מזכה": 2,
  "מַזָל": 3,
  "מזל טוב": 2,
  "מזל רע": -2,
  "מזלזל": -1,
  "מַזמִין": 1,
  "מזניחה": -2,
  "מזעזע": -3,
  "מְזַעזֵעַ": -2,
  "מזקקת": 1,
  "מחאה": -2,
  "מחאו כפיים": 2,
  "מחאות": -2,
  "מחבב": 3,
  "מְחַבֵּל": -2,
  "מחבלים": -2,
  "מֶחדָל": -1,
  "מְחוּיָב": 1,
  "מְחוּיָבוּת": 2,
  "מָחוּל": 2,
  "מְחוּפָּשׂ": -1,
  "מחורבן": -3,
  "מְחוּרבָּן": -2,
  "מחזק": 2,
  "מחיאות כפיים": 2,
  "מחיה": 2,
  "מחייך": 2,
  "מחכים": 2,
  "מחלה": -2,
  "מַחֲלָה": -1,
  "מחלוקות": -2,
  "מחלוקת": -2,
  "מַחֲלוֹקֶת": -2,
  "מחלות": -1,
  "מחליש": -2,
  "מחלת הסרטן": -1,
  "מַחֲמָאָה": 2,
  "מחמאות": 2,
  "מחמיר": -2,
  "מחמם את הלב": 3,
  "מַחֲנָק": -2,
  "מַחסוֹם": -2,
  "מחסור": -2,
  "מַחְסוֹר": -3,
  "מחסור ב": -2,
  "מחק": -2,
  "מחרחרים": -2,
  "מַחרִיד": -2,
  "מחריף": -2,
  "מחריפה": -2,
  "מַחרִישׁ": -1,
  "מחשש": -2,
  "מְטוּמטָם": -3,
  "מְטוּפָּח": 2,
  "מְטוּפָּח": 2,
  "מטופש": -2,
  "מְטוּפָּשׁ": -2,
  "מטורף": -2,
  "מְטוּרָף": -2,
  "מטושטש": -2,
  "מטיל": -1,
  "מֵטִיל סָפֵק": -1,
  "מטעה": -3,
  "מַטעֶה": -3,
  "מטריד": -2,
  "מַטרִיד": -2,
  "מיד": 1,
  "מידבק": -2,
  "מידע מוטעה": -2,
  "מֵידָע מְפוּבּרָק": -2,
  "מידרדר": -2,
  "מידתי": -2,
  "מיואש": -2,
  "מיוחל": -1,
  "מיומנויות": 1,
  "מיוסר": -3,
  "מְיוּשָׁן": -2,
  "מיטב": 3,
  "מייאש": -2,
  "מייגע": -2,
  "מייסר": -3,
  "מילא": 2,
  "מִיתוֹס": -1,
  "מַכאִיב": -2,
  "מְכוֹעָר": -3,
  "מְכוֹעָרוּת": -3,
  "מָכוּר": -3,
  "מכחיש": -2,
  "מכחישים": -2,
  "מכירת יתר": -2,
  "מַכנִיס": 2,
  "מִכרָז": 2,
  "מַכרִיעַ": 1,
  "מִכשׁוֹל": -2,
  "מכשולים": -2,
  "מָלֵא בּוּז": -2,
  "מלא חיים": 2,
  "מלא רגש": 2,
  "מלהיב": 3,
  "מְלוּטָשׁ": 2,
  "מלוכלך": -2,
  "מְלוּכלָך": -2,
  "מִלחָמָה": -2,
  "מלכודות": -1,
  "מַלכּוֹדֶת": -1,
  "מְמוּרמָר": -2,
  "ממזר": -5,
  "ממזרים": -5,
  "ממלא": 2,
  "ממליץ": 2,
  "ממש טוב": 4,
  "מַמָשִׁי": 1,
  "ממתין": -1,
  "מָנָה": 2,
  "מַנהִיגוּת": 1,
  "מְנוּגָע": -3,
  "מְנוּדֶה": -2,
  "מְנוּמָס": 2,
  "מְנוּצָל": -2,
  "מְנוּתָק": -1,
  "מנחם": 2,
  "מניות": 1,
  "מניעה": -1,
  "מניפולציה": -1,
  "מָנִיפּוּלָצִיָה": -1,
  "מניפולציות": -1,
  "מנע": -1,
  "מְנַצֵחַ": 4,
  "מנקה": 1,
  "מְנַקֶה": 2,
  "מְנַקֵר בָּמוֹחַ": 1,
  "מסבה": -1,
  "מְסוּגנָן": 2,
  "מְסוּחרָר": -2,
  "מסוים": 1,
  "מְסוּכָּן": -2,
  "מסוכנת": -2,
  "מסור": 3,
  "מסיח": -2,
  "מְסִירוּת": 2,
  "מֵסִית": -2,
  "מסכים": 1,
  "מסכל": -2,
  "מסרב": -2,
  "מְסַרֵב": -2,
  "מסריח": -2,
  "מַסרִיחַ": -2,
  "מסתייג": -2,
  "מסתיר": -1,
  "מְעוֹדֵד": 2,
  "מעודד את": 2,
  "מְעוּדָן": 3,
  "מְעוּוָת": -2,
  "מְעוּלֶה": 3,
  "מְעוּנֶה": -1,
  "מעוניין": 2,
  "מעוצבן": -4,
  "מְעוּרפָּל": -2,
  "מעורר": -1,
  "מעורר רחמים": -2,
  "מְעוֹרֵר רַחֲמִים": -2,
  "מעוררת השראה": 3,
  "מְעִיל גֶשֶׁם": 2,
  "מְעִילָה": -3,
  "מְעַיֵף": -2,
  "מֵעִיק": -2,
  "מעכב": -2,
  "מעליב": -2,
  "מַעֲלִיב": -2,
  "מעלליו": -2,
  "מעמיד פנים": -1,
  "מענג": 3,
  "מעניין": 2,
  "מענים": -4,
  "מעניש": -2,
  "מַעֲנִישׁ": -2,
  "מענק": 1,
  "מענקים": 1,
  "מעצבן": -3,
  "מְעַצבֵּן": -2,
  "מַעְצָר": -2,
  "מעצרים": -2,
  "מעריך": 2,
  "מעריכה": 2,
  "מעריץ": 3,
  "מעריצה": 3,
  "מַעֲשֶׂה מְגוּנֶה": -2,
  "מְפַגֵר": -2,
  "מְפוֹאָר": 3,
  "מְפוּזָר": -2,
  "מְפוּטָר": -2,
  "מְפוּיָס": 2,
  "מְפוּנָק": -2,
  "מפוקפק": -2,
  "מְפוּקפָּק": -2,
  "מפורסם": 2,
  "מְפוּרסָם": 3,
  "מפותח היטב": 2,
  "מפחד": -2,
  "מפחיד": -2,
  "מַפְחִיד": -2,
  "מפחית": -1,
  "מפיל": -3,
  "מפיץ דואר זבל": -3,
  "מפלה": -2,
  "מַפלֶה": -2,
  "מפנה": -1,
  "מפסידן": -3,
  "מפסים": -2,
  "מפסיק להיות": -2,
  "מפר": -2,
  "מפריע": -2,
  "מַפתִיעַ": 3,
  "מצג שווא": -2,
  "מצגי שווא": -2,
  "מצדיע": 2,
  "מְצוּבּרָח": -1,
  "מצוין": 3,
  "מְצוּיָן": 5,
  "מצוקה": -2,
  "מְצוּקָה": -2,
  "מצוקות": -2,
  "מצחיק": 4,
  "מצטער": -1,
  "מציל חיים": 4,
  "מציק": -2,
  "מצליח": 3,
  "מצמרר": -1,
  "מְצַעֵר": -2,
  "מקבלת": 1,
  "מקדם": 1,
  "מְקוּבָּל": 1,
  "מקווה": 2,
  "מְקוּלָס": 2,
  "מקיא": -3,
  "מַקִיף": 2,
  "מקמט את מצחו": -1,
  "מקנא": -1,
  "מְקַנֵא": -2,
  "מקסים": 3,
  "מַקסִים": 3,
  "מַקסִים וּמְפוּאָר": 3,
  "מקרב לב": 3,
  "מִקרֶה מָוֶת": -3,
  "מִקרִי": -2,
  "מקרי מוות": -2,
  "מַר נֶפֶשׁ": -3,
  "מרגיז": -2,
  "מַרגִיז": -2,
  "מרגיע": 2,
  "מַרגִיעַ": 2,
  "מַרגִישׁ": 1,
  "מְרַגֵשׁ": 3,
  "מֶרֶד": -2,
  "מְרוּגָז": -2,
  "מְרוּוָח": 1,
  "מרוויח": 2,
  "מְרוּכָּז": 2,
  "מְרוּמֶה": -2,
  "מרוצה": 2,
  "מְרוּצֶה": 3,
  "מרוקן": -1,
  "מרושל": -2,
  "מרושע": -2,
  "מְרוּשָׁע": -2,
  "מרחיב": 1,
  "מריחה": -2,
  "מרמה": -3,
  "מְרַמֶה": -3,
  "מרעיב": -2,
  "מרענן": 2,
  "מְרַעֲנֵן": 2,
  "מרפקים": -1,
  "מֶרֶץ": 3,
  "מרשים": 3,
  "מרשימים": 3,
  "מרתיח": -2,
  "מַרתִיעַ": -2,
  "מרתק": 3,
  "משאלות": 1,
  "מַשׁבֵּר": -3,
  "משבש": -2,
  "מְשַׁבֵּשׁ": -2,
  "מְשַׁגֵעַ": -2,
  "מְשַׁגֵעַ": -3,
  "מְשַׂגשֵׂג": 3,
  "משוחד": 2,
  "מְשׁוּחָד": -2,
  "מְשׁוּחזָר": 1,
  "מְשׁוּחרָר": -3,
  "מְשׁוּכנָע": 1,
  "מְשׁוּלהָב": 4,
  "מְשׁוּנֶה": -2,
  "מְשׁוּעֲבָּד": -2,
  "מְשׁוּעֲמָם": -2,
  "משועשע": 3,
  "מְשׁוּפָּר": 2,
  "מְשׁוּקָץ": -3,
  "מְשׁוּתָף": 1,
  "משותק": -1,
  "משחית": -3,
  "משחקשינוי": 3,
  "משיבוש": -2,
  "משיג": 2,
  "מְשִׁיכָה": 2,
  "משיכת": 2,
  "משכך": 1,
  "משכלל": 2,
  "מְשַׂמֵחַ": 3,
  "מַשׁמִים": -2,
  "מַשׁמִיץ": -2,
  "מַשְׁמָעוּת": 1,
  "משמעותי": 1,
  "משנקים": -2,
  "משעבד": -2,
  "משעמם": -2,
  "מְשַׁעֲמֵם": -2,
  "מְשַׁעַשֵׁעַ": 2,
  "משפט": -2,
  "משפטי": 1,
  "משפטים": -2,
  "משפר": 2,
  "משקל עודף": -1,
  "משתלם": 3,
  "מִשׁתַלֵם": 2,
  "מת": -3,
  "מֵת": -3,
  "מתאבל": -2,
  "מתאים": 2,
  "מַתְאִים": 2,
  "מִתגַנֵב": -1,
  "מִתגַעֲגֵעַ הַבַּיתָה": -2,
  "מתה מפחד": -3,
  "מתוגמל": 2,
  "מָתוּחַ": -2,
  "מתוחכם": 2,
  "מְתוּסכָּל": -2,
  "מְתוֹעָב": -3,
  "מתוק": 3,
  "מתח": -1,
  "מתחזה": -2,
  "מתחרט": -2,
  "מִתחַשֵׁב": 2,
  "מתיחה": -2,
  "מתייסר מה יהיה": -3,
  "מתלהם": -2,
  "מתלונן": -2,
  "מתמצק": 2,
  "מתן שוחד": -3,
  "מתנגש": -1,
  "מתנה": 2,
  "מתנצל": -1,
  "מתסכל": -2,
  "מתעב": -3,
  "מתעוותת": -2,
  "מתעטש": -2,
  "מתעלל": -3,
  "מתעלם": -1,
  "מתעמר": -3,
  "מתענג": 2,
  "מתפטר": -1,
  "מתפלל": 1,
  "מתפעל": 3,
  "מתפקד": -2,
  "מתפתח": 1,
  "מִתקַדֵם": 1,
  "מתרומם": -3,
  "מִתרוֹנֵן": 2,
  "מתרחב": 1,
  "מתריס": -1,
  "מִתרַעֵם": -2,
  "מַתַת אֱלֹהִים": 4,
  "נאבק": -1,
  "נָאוֹר": 2,
  "נאות": 1,
  "נאלץ": 1,
  "נאמן": 3,
  "נֶאֱמָן": 3,
  "נאמנויות": 1,
  "נֶאֱמָנוּת": 3,
  "נבהל": -3,
  "נָבוֹך": -2,
  "נגוע": -2,
  "נָגוּעַ": -2,
  "נְגִיעוּת": -2,
  "נגיש": 1,
  "נגעל": -3,
  "נִגרָר": -1,
  "נַדבָן": 2,
  "נדבנים": 2,
  "נֶדֶד": -2,
  "נדהם": 3,
  "נדודי שינה": -2,
  "נדון": -2,
  "נִדחֶה": -1,
  "נדיב": -2,
  "נָדִיב": 3,
  "נהדף": -2,
  "נֶהְדָר": 3,
  "נַהֲמָה": -2,
  "נהנה": 2,
  "נהרג": -3,
  "נהרס": -3,
  "נואש": -3,
  "נוֹאָשׁ": -3,
  "נוּגֶה": -2,
  "נוזף": -2,
  "נוֹזפָנִי": -3,
  "נוֹחַ": 2,
  "נוחות": 2,
  "נוכל": -4,
  "נוֹכְלוּת": -3,
  "נוֹל": -1,
  "נולים": -1,
  "נועז": 2,
  "נוֹעָז": 3,
  "נופל": -1,
  "נוצץ": 3,
  "נוֹצֵץ": 3,
  "נוֹקֵב": 2,
  "נוקם": -2,
  "נוֹקֵם": -2,
  "נוֹקְמָנִי": -2,
  "נוּקְשׁוּת": -2,
  "נורא": 4,
  "נוֹרָא": -2,
  "נורה": -2,
  "נזיפות": -2,
  "נְזִיקִין": -3,
  "נִזעָם": -2,
  "נזף": -2,
  "נֵזֶק": -3,
  "נִזקָק": -2,
  "נחבא אל הכלים": -2,
  "נֶחבָּא אֶל הַכֵּלִים": -2,
  "נחדרת": 4,
  "נחוש בדעתו": 2,
  "נָחוּת": -2,
  "נֶחְמָד": 3,
  "נֶחְמָדוּת": 2,
  "נחקר": -1,
  "נָטוּשׁ": -2,
  "נטל": -2,
  "נִימוּס": 2,
  "ניצול": 2,
  "ניצחון": 3,
  "ניצחונות": 4,
  "ניתן לנחמה": 2,
  "נִכבָּד": 2,
  "נכה": -2,
  "נָכוֹן": 2,
  "נְכוֹנוּת": 2,
  "נָכוּת": -2,
  "נכס": 2,
  "נכסים": 2,
  "נכשל": -2,
  "נִכשָׁל": -2,
  "נלהב": 3,
  "נִלהָב": 2,
  "נמאס": -3,
  "נמנע": -1,
  "נִמצָא בְּכָל מָקוֹם": 2,
  "נִמרָץ": 2,
  "נִמשָׁך": 1,
  "נִנוֹחַ": 2,
  "נֵס": 4,
  "נְסִיגָה": -3,
  "נעים": 3,
  "נָעִים": 2,
  "נעלב": -1,
  "נֶעֱלָב": -2,
  "נעלם": -1,
  "נענש": -2,
  "נֶעצָר": -2,
  "נַעֲרָץ": 2,
  "נִפגָע": -2,
  "נפוח": -1,
  "נָפוּל": -2,
  "נִפטָר": -2,
  "נִפלָא": 4,
  "נִפְעָם": 5,
  "נפקד": -1,
  "נִפקָד": -1,
  "נפתר": 2,
  "נצחון": 4,
  "נִצנוּץ": 3,
  "נְקָמָה": -2,
  "נַקמָנִי": -2,
  "נרגז": -2,
  "נִרגָשׁ": 3,
  "נִרדָף": -2,
  "נִרעָשׁ": -1,
  "נַרקִיסִיזם": -2,
  "נְשִׁיקָה": 2,
  "נשלל": -2,
  "נשמר": 2,
  "נתמך": 2,
  "נִתַן": -2,
  "נִתַן לְהִשַׁכֵח": -1,
  "נִתעָב": -3,
  "נתרם": 2,
  "סביבה חברותית": 2,
  "סביר": 2,
  "סבל": -2,
  "סֵבֶל": -2,
  "סגד": 3,
  "סובל": -2,
  "סוֹבלָנוּת": 2,
  "סוֹבלָנִי": 2,
  "סוג": 2,
  "סוג של": 0,
  "סוטה": -3,
  "סוכל": -2,
  "סוֹלֵד": -2,
  "סוֹלִידָרִיוּת": 2,
  "סומא": -1,
  "סוֹמֵך": 2,
  "סוּפֶּר": 3,
  "סוֹתֵר": -2,
  "סחוט": -2,
  "סחט": -3,
  "סחטתי": -3,
  "סְחַרחַר": -1,
  "סטָאוּט": 2,
  "סטֵרֵאוֹטִיפּ": -2,
  "סִיד": -3,
  "סיווג שגוי": -2,
  "סיכוי": 1,
  "סיכויים": 2,
  "סיכול": -2,
  "סיכונים": -2,
  "סירב": -2,
  "סַכָּנָה": -2,
  "סלחני": -2,
  "סַלחָנִי": 1,
  "סְלִיחָה": -1,
  "סליחות": 2,
  "סִמרוּר": 3,
  "ספאם": -2,
  "ספג": 1,
  "ספסור": -2,
  "סַפְסָר": -2,
  "ספסרים": -2,
  "ספק": -1,
  "ספֵּקוּלָטִיבִי": -2,
  "ספקות": -1,
  "סַפקָן": -2,
  "סַפקָנוּת": -2,
  "ספקנים": -2,
  "סְקוּפּ": 3,
  "סקנדל": -3,
  "סֶקסִי": 3,
  "סקסיסטי": -2,
  "סקֶפְּטִי": -2,
  "סקרן": 2,
  "סרקסטי": -2,
  "סְתִימָה": -1,
  "סְתִירָה": -2,
  "סתירה עצמית": -2,
  "עֶבֶד": -3,
  "עַבדוּת": -3,
  "עבדים": -3,
  "עבודת פרך": -2,
  "עבירה": -2,
  "עבירות": -2,
  "עבריין": -2,
  "עָגוּם": -2,
  "עד כאב": -1,
  "עובר": -2,
  "עוולה": -2,
  "עוולות": -2,
  "עוזר": 2,
  "עוין": -2,
  "עולה": 1,
  "עוני": -1,
  "עוֹנֶשׁ": -2,
  "עוסק": 1,
  "עוֹצֵר נְשִׁימָה": 5,
  "עורר": -1,
  "עוֹשֶׁק": -2,
  "עוֹשֶׁר": 3,
  "עֶזרָה": 2,
  "עידוד": 2,
  "עיוות": -2,
  "עיוותים": -2,
  "עייף": -2,
  "עיכוב": -1,
  "עינויים": -4,
  "עָיֵף": -2,
  "עיקולים": -2,
  "עַל": 1,
  "עלבונות": -2,
  "עליון": 2,
  "עֶלִיוֹן": 4,
  "עליז": 3,
  "עַלִיז": 3,
  "עֲלִיצוּת": 3,
  "עלמה": -2,
  "עָמוּס": -2,
  "עָמִיד": 2,
  "עני": -2,
  "עניות": -2,
  "עניינים": 1,
  "עֲנִישָׁה": -3,
  "עֲנִישָׁה": -2,
  "עֲסִיסִי": 3,
  "עפר": -2,
  "עֶצֶב": -2,
  "עֲצַבִּים": -1,
  "עַצבָּנִי": -1,
  "עצוב": -2,
  "עָצוּב": -2,
  "עָצוּם": 1,
  "עצירות": -1,
  "עָצֵל": -1,
  "עצמה": 2,
  "עצר": -1,
  "עָקָר": -2,
  "עַקשָׁן": -2,
  "עריץ": 3,
  "עַרמוּמִי": 2,
  "עֵרָנִי": -1,
  "ערערתי": -2,
  "עַרפִּיחַ": -2,
  "עָשׁוּק": -2,
  "עשיר": 2,
  "עָשִׁיר": 2,
  "פאנקי": 2,
  "פגום": -3,
  "פָּגוּם": -3,
  "פגיע": -2,
  "פָּגִיעַ": -2,
  "פגיעה": -2,
  "פגיעות": -2,
  "פְּגָם": -2,
  "פגמים": -2,
  "פגע": -1,
  "פדה": 2,
  "פובי": -2,
  "פוגע": -2,
  "פוטר": 2,
  "פויה": -2,
  "פונה": -1,
  "פוסט טראומטי": -2,
  "פופולרי": 3,
  "פּוֹפּוּלָרִיוּת": 3,
  "פוץ": -3,
  "פורה": 2,
  "פּוּרעָנוּת": -2,
  "פּוֹרֵץ": -2,
  "פושט": -2,
  "פּוֹשֵׁט רֶגֶל": -2,
  "פושע": -3,
  "פותר": 2,
  "פחד": -2,
  "פַּחַד": -2,
  "פחדן": -2,
  "פַּחדָנִי": -2,
  "פטר": 2,
  "פיגורים": -2,
  "פייסני": 2,
  "פִילָנטרוֹפִּיָה": 2,
  "פינוי": -1,
  "פישל": -2,
  "פיתה": -1,
  "פֶּלֶא": 3,
  "פלאות": 3,
  "פליטת פה": -1,
  "פְּלִילִי": -3,
  "פְּלִישָׁה": -1,
  "פַנטַסטִי": 4,
  "פְּנִינָה": 3,
  "פסאודו": -3,
  "פָּסוּל": -2,
  "פסיבי": -1,
  "פַּסִיבִי": -1,
  "פְּסִיכוֹפָּתִי": -2,
  "פסילות": -2,
  "פסימי": -2,
  "פֶּסִימִיוּת": -2,
  "פסיקות": -2,
  "פְּסַק דִין": -1,
  "פסקי דין": -1,
  "פָּעִיל": 1,
  "פעם בחיים": 3,
  "פציעה": -2,
  "פציעות": -2,
  "פְּצָצָה": -1,
  "פקיד": 2,
  "פקפק": -1,
  "פר": -2,
  "פָּרָדוֹקס": -1,
  "פָּרוֹדִיָה": -2,
  "פרוץ": -1,
  "פְּרוֹץ": -2,
  "פרות": -2,
  "פריחה": -2,
  "פריצה": -2,
  "פְּרִיצָה": -2,
  "פְּרִיצַת דֶרֶך": 3,
  "פרס": 3,
  "פִּרסוּם": 1,
  "פרסים": 3,
  "פשוט מושלם": 4,
  "פשוט מפוצצת": -2,
  "פַּשְׁטוּת": 1,
  "פשטנות": -2,
  "פשטני": -2,
  "פשיטת רגל": -3,
  "פְּשִׁיטַת רֶגֶל": -3,
  "פָשִׁיסטִי": -2,
  "פשיסטים": -2,
  "פֶּשַׁע": -3,
  "פשעים": -3,
  "פֶּתִי": -2,
  "פְּתַיוּת": -2,
  "פְּתִירָה": 1,
  "פִּתָרוֹן": 1,
  "פתרונות": 1,
  "צביעות": -2,
  "צבר": 2,
  "צֶדֶק": 2,
  "צדקתי": 2,
  "צָהֳלָה": 4,
  "צוֹהֵל": 4,
  "צוחק": 1,
  "צוֹלֵעַ": -2,
  "צונח": -2,
  "צוֹרֵב": -3,
  "צחוקים": 1,
  "צחק": 1,
  "ציון דרך": 2,
  "צִיוּרִי": 2,
  "צִינִי": -2,
  "צִינִיוּת": -2,
  "צִינִיקָן": -2,
  "ציפייה": 1,
  "צִיפָנִי": 2,
  "ציצים": -2,
  "צלקות": -2,
  "צַלֶקֶת": -2,
  "צָמֵא": 2,
  "צְמִיחָה": 2,
  "צמרות": 2,
  "צנוע": 1,
  "צֶנזוֹר": -2,
  "צנזורה": -2,
  "צנזורים": -2,
  "צָעִיף": -2,
  "צָעִיר": 2,
  "צַעַר": -2,
  "צְפִיפוּת": -1,
  "צָרָה": -2,
  "צרות": -2,
  "צרחתי": -2,
  "קָבִיל": 1,
  "קבלה": 1,
  "קַבָּלָה": 1,
  "קבר": -2,
  "קַדַחַת": -2,
  "קדים": -2,
  "קַדרוּת": -1,
  "קו נטוי": -2,
  "קודר": -2,
  "קוֹדֵר": -2,
  "קוֹלָנִי": -1,
  "קוֹמֶדִיָה": 1,
  "קוֹמִי": 1,
  "קונפליקט": -2,
  "קונפליקטים": -2,
  "קוֹצָנִי": -2,
  "קוֹצֶר רְאִיָה": -2,
  "קורבן": -3,
  "קורבנות": -3,
  "קורסת": -2,
  "קורע": -2,
  "קורע לב": -3,
  "קָטוּעַ": -2,
  "קטורות": -2,
  "קְטוֹרֶת": -2,
  "קטלני": -3,
  "קָטלָנִי": -2,
  "קטסטרופה": -3,
  "קידום": 1,
  "קידם": 1,
  "קיים": 1,
  "קיימא": 2,
  "קינדר": 2,
  "קיצוני": -2,
  "קיצונים": -2,
  "קיצוצים": -2,
  "קַל": 1,
  "קלאסי": 3,
  "קלה": 2,
  "קלולס": -2,
  "קַלוּת": 2,
  "קַלִיל": 2,
  "קללה": -1,
  "קללות": -2,
  "קַמצָן": -2,
  "קנאה": -2,
  "קִנְאָה": -1,
  "קַנַאִי": -2,
  "קַנָאִי": 2,
  "קנוניה": -3,
  "קַנטְרָנִי": -2,
  "קנסות": -2,
  "קָסוּם": 2,
  "קסם": 3,
  "קֶסֶם": 3,
  "קַפְּדָנִי": 3,
  "קרב": -1,
  "קרבות": -1,
  "קרדיט": -1,
  "קָרוּעַ": -2,
  "קריאות": -2,
  "קרסו": -2,
  "קשה": -2,
  "קָשֶׁה": -1,
  "קשוח": -3,
  "קָשׁוּחַ": -3,
  "קֶשֶׁר": -3,
  "ראוי": -2,
  "רָאוּי": 2,
  "ראוי לציון": 2,
  "ראשזין": -4,
  "רֹאשׁ חֵץ": 2,
  "רַברְבָנִי": -2,
  "רָגוּעַ": 2,
  "רגיעה": 3,
  "רָדוּם": -2,
  "רָדוּף רוּחוֹת": -2,
  "רוֹגֶז": -2,
  "רודני": -3,
  "רוֹדָנִי": -3,
  "רודף": -1,
  "רודף בצע": -2,
  "רווח": 2,
  "רווחה": 2,
  "רווחי": 2,
  "רווחים": 2,
  "רוּחַ": 1,
  "רוֹך": 2,
  "רוֹכֵל": -2,
  "רוֹמָן": 2,
  "רומנטי": 2,
  "רומנטיקה": 2,
  "רוע": -3,
  "רוֹע": -3,
  "רוֹעֵד": -2,
  "רוֹעֵשׁ": -1,
  "רוצה": 1,
  "רוֹצֵחַ": -2,
  "רותח": -2,
  "רזולוציה": 2,
  "רַחוּם": 2,
  "רַחֲמִים": 2,
  "ריבית": 1,
  "ריחמו": -1,
  "ריק": -1,
  "רֵיקָנוּת": -1,
  "ריתוק": -2,
  "רַך לֵבָב": -2,
  "רמאויות": -3,
  "רַמָאוּת": -2,
  "רַמַאִי": -2,
  "רמאים": -3,
  "רַע": -3,
  "רע יותר": -3,
  "רעב": -2,
  "רָעָב": -2,
  "רַעַד": -2,
  "רָעוּעַ": -2,
  "רְעִידָה": -2,
  "רעידות": -2,
  "רַעִיל": -3,
  "רַעַל": -2,
  "רעלים": -2,
  "רצוי": 2,
  "רצון טוב": 3,
  "רצון עז": 1,
  "רצח": -2,
  "רֶצַח": -2,
  "רַצחָנִי": -3,
  "רְצִיחָה": -3,
  "רציחות": -2,
  "רְצִינִי": 2,
  "רָקוּב": -3,
  "רַשַׁאִי": 1,
  "רָשׁוּת": 1,
  "רשלן": -2,
  "רָשָׁע": -2,
  "רתיחה": -2,
  "שֶׁאֵין כָּמוֹהוּ": 1,
  "שֶׁאֵין לוֹ מְחִילָה": -3,
  "שאין לעמוד בפניו": 2,
  "שאינו יודע שובע": -2,
  "שַׁאֲנָן": -2,
  "שְׁאַפתָנִי": 2,
  "שְׁבוּעָה": -2,
  "שְׁבוּעַת שֶׁקֶר": -3,
  "שבוצע": -2,
  "שָׁבוּר": -1,
  "שְׁבוּר לֵב": -3,
  "שֶׁבַח": 3,
  "שבחי": 3,
  "שבי": 3,
  "שְׂבִיעוּת": 2,
  "שביתות": -1,
  "שבלונות": -2,
  "שָׁגוּי": -2,
  "שְׁגִיאָה": -2,
  "שגיאות": -2,
  "שִׁגָעוֹן": -3,
  "שִׂגשׂוּג": 3,
  "שדולה": -2,
  "שהוא מציק": -2,
  "שהוכתר": 2,
  "שהתפקיד לא מתאים לי": -2,
  "שובב": 2,
  "שׁוֹבְבוּת": -1,
  "שוברי קופות": 3,
  "שׁוֹדֵד": -2,
  "שִׁוּוּי": 2,
  "שוחד": -3,
  "שׁוֹטֶה": -1,
  "שולחי דואר זבל": -3,
  "שונא": -3,
  "שׂוֹנֵא": -3,
  "שונאי": -3,
  "שׁוֹצֵף": -2,
  "שורד": 2,
  "שָׁחוּחַ": -2,
  "שָׁחוּק": -1,
  "שחזור": 1,
  "שחזורים": 1,
  "שְׁחִיתוּת": -3,
  "שחצן": -2,
  "שְׁטוּיוֹת": -2,
  "שׁטוּתִי": -2,
  "שְׁטִיפָה": -3,
  "שטיפה ירוקה": -3,
  "שְׁטִיפַת מוֹחַ": -3,
  "שְׂטָנִי": -2,
  "שִׂיא": 2,
  "שיבושים": -2,
  "שיבחו": -2,
  "שיבש": -2,
  "שִׁיטָתִי": 2,
  "שיכור": -2,
  "שיכנועים": 1,
  "שימוש לרעה": -2,
  "שיפור": 2,
  "שיפרה": 1,
  "שיקר": -2,
  "שָׁכוּחַ": -1,
  "שַׁכּוּל": -2,
  "שכח": -1,
  "שַׁכְחָן": -2,
  "שכל": 2,
  "שֶׁל אַהֲבַת הַזוּלַת": 2,
  "שלא בצדק": -2,
  "שלא התגשם": -2,
  "שלא כהלכה": -2,
  "שָׁלוֹם": 2,
  "שלילה": -2,
  "שלילי": -2,
  "שְׁלִילִי": -2,
  "שליליות": -2,
  "שלכת": -1,
  "שלם": 2,
  "שָׁלֵם": 2,
  "שְׁלֵמוּת": 3,
  "שמוק": -3,
  "שמור": -1,
  "שַׂמֵחַ": 3,
  "שמחה": 4,
  "שִׂמְחָה": 3,
  "שְׁמֵימִי": 4,
  "שמסבך": -2,
  "שמצדיקה את עצמה": 2,
  "שמקסים": 3,
  "שנאה": -3,
  "שִׂנאָה": -3,
  "שנהנה מגיבוי": 1,
  "שָׂנוּא": -3,
  "שנוי במחלוקת": -2,
  "שעיר לעזאזל": -2,
  "שָׂעִיר לַעֲזָאזֵל": -2,
  "שעמום": -2,
  "שַׁעֲרוּרִיָה": -3,
  "שערוריות": -3,
  "שערורייתי": -3,
  "שַׁעֲשׁוּעַ": 3,
  "שעשועים": 3,
  "שָׁפוּף": -2,
  "שֵׁפֶל": -2,
  "שַׁפַעַת": -2,
  "שפקע": -1,
  "שָׁקוּל": -2,
  "שקוע": 1,
  "שקוצץ": -2,
  "שָׁקֶט": 2,
  "שֶׁקַע": -2,
  "שקר": -2,
  "שֶׁקֶר": -1,
  "שַׁקרָן": -3,
  "שקרנים": -3,
  "שרדה": 2,
  "שְׁתַדְלָן": -2,
  "שתדלנות": -2,
  "שֶׁתֶן": -4,
  "תְאוּנָה": -2,
  "תאונות": -2,
  "תֵאוּר מוּגזָם": -2,
  "תֵאוּר מְסוּלָף": -2,
  "תביעה": -1,
  "תביעה משפטית": -2,
  "תביעות": -2,
  "תבע": -2,
  "תגובה": 2,
  "תגובת יתר": -2,
  "תגמולים": 2,
  "תובע": -2,
  "תובע לדין": -1,
  "תוֹבְעָנִי": -1,
  "תודה": 2,
  "תוך העצמת": -2,
  "תומך": 2,
  "תוֹמֵך": 1,
  "תוסס": 3,
  "תועלת": 2,
  "תוֹעֶלֶת": 2,
  "תופעות לוואי": -2,
  "תוקף": 1,
  "תוקפנות": -2,
  "תוֹקפָּנוּת": -2,
  "תוֹקפָּנִי": -2,
  "תַחבִּיב": -2,
  "תחפושות": -1,
  "תחקירים": -1,
  "תַחֲרוּתִי": 2,
  "תחת": -4,
  "תַחַת": -4,
  "תחת איום": -2,
  "תיעב": -2,
  "תיעוב": -3,
  "תככים": 1,
  "תַכְלִיתִי": 2,
  "תַכשִׁיט": 1,
  "תכשיטים": 1,
  "תְלוּנָה": -2,
  "תלונות": -2,
  "תם": -2,
  "תמיכה": 2,
  "תמים": -2,
  "תסכול": -2,
  "תְעוּזָה": 2,
  "תַעֲמוּלָה": -2,
  "תַעֲנוּג": 3,
  "תענוגות": 3,
  "תִפאֶרֶת": 2,
  "תָפֵל": -2,
  "תפסיק": -1,
  "תִפקוּד לָקוּי": -2,
  "תקווה": 2,
  "תקוות": 2,
  "תָקוּעַ": -2,
  "תקיף": -2,
  "תַקִיף": 2,
  "תקיפה": -2,
  "תקף": -1,
  "תַרְדֵמָה": -2,
  "תרומה": 2,
  "תַרמִית": -3,
  "תרמתי": 2,
  "תַרְנְגוֹל": -5,
  "תִשׁאוּל": -1,
  "תשואה חסרה": -2,
  "תְשׁוּאוֹת": 2,
  "תשוקה": 1,
  "תָשׁוּשׁ": -2,
  "תתבע": -2
}