{
  "টন দাঁড়াতে পারে": -3,
  "aborts": -1,
  "absolves": 2,
  "absolving": 2,
  "acquits": 2,
  "adores": 3,
  "adoringly": 3,
  "advantageously": 2,
  "affectionateness": 3,
  "aggravates": -2,
  "agonises": -3,
  "alarmists": -2,
  "amazes": 2,
  "Angers": -3,
  "appeases": 2,
  "appeasing": 2,
  "appreciates": 2,
  "astoundingly": 3,
  "astounds": 3,
  "Avengers": -2,
  "badass": -3,
  "bamboozled": -2,
  "bamboozles": -2,
  "bankster": -3,
  "battling": -2,
  "beauties,": 3,
  "benefactors": 2,
  "benefitting": 2,
  "bereaves": -2,
  "bereaving": -2,
  "boosting": 1,
  "bravura": 3,
  "brilliances": 3,
  "bullied": -2,
  "burdening": -2,
  "captivated": 3,
  "chagrined": -2,
  "charmingly": 3,
  "charmless": -3,
  "Cheats": -3,
  "chided": -3,
  "chides": -3,
  "cocksuckers": -5,
  "colliding": -1,
  "combats": -1,
  "complimented": 2,
  "conciliated": 2,
  "conciliates": 2,
  "conciliating": 2,
  "conflictive": -2,
  "contagions": -2,
  "contaminates": -2,
  "contaminating": -2,
  "contaminations": -2,
  "contestable": -2,
  "courageousness": 2,
  "coziness": 2,
  "cried": -2,
  "criminated": -3,
  "criminates": -3,
  "crushes": -1,
  "cutbacks": -2,
  "deafening": -1,
  "defrauds": -3,
  "dehumanized": -2,
  "dehumanizes": -2,
  "dejecting": -2,
  "dejects": -2,
  "delightfully": 3,
  "demoralizes": -2,
  "demoralizing": -2,
  "deplores": -3,
  "deploring": -3,
  "deporting": -2,
  "derides": -2,
  "detracted": -1,
  "devastations": -2,
  "dilligence": 2,
  "dipshit": -3,
  "dirtier": -2,
  "disappears": -1,
  "disapprovals": -2,
  "disconsolation": -2,
  "disparaged": -2,
  "disparages": -2,
  "downside হয়": -2,
  "drags": -1,
  "dreaded": -2,
  "dreading": -2,
  "droopy": -2,
  "duped": -2,
  "dupery": -2,
  "embittered": -2,
  "enslaved": -2,
  "enslaves": -2,
  "euphoric": 4,
  "evacuates": -1,
  "evergreening": -3,
  "exacerbates": -2,
  "exaggerates": -2,
  "exasparate": -2,
  "exasperated": -2,
  "exasperates": -2,
  "excruciatingly": -1,
  "exhilarates": 3,
  "exonerates": 2,
  "exonerating": 2,
  "exultantly": 3,
  "fainthearted": -2,
  "fakes": -3,
  "flops": -2,
  "flustered": -2,
  "frikin": -2,
  "FTW": 3,
  "fucktard": -4,
  "fud": -3,
  "fuked": -4,
  "gagged": -2,
  "goofiness": -2,
  "Gr8 এর": 3,
  "greenwash": -3,
  "greenwasher": -3,
  "greenwashers": -3,
  "greenwashing": -3,
  "gripping": 2,
  "Hahaha": 3,
  "hahahah": 3,
  "handpicked": 1,
  "haplessness": -2,
  "hardier": 2,
  "harmoniously": 2,
  "haunts": -1,
  "heavyhearted": -2,
  "Hehe": 2,
  "homicides": -2,
  "humerous": 3,
  "humourous": 2,
  "hurting": -2,
  "immobilized": -1,
  "impairing": -2,
  "impairs": -2,
  "impeachments": -3,
  "impedingly": -2,
  "incapacitates": -2,
  "incapacitating": -2,
  "incenses": -2,
  "indoctrinates": -2,
  "indoctrinating": -2,
  "inediable": -2,
  "inefficiently": -2,
  "infantilized": -2,
  "infesting": -2,
  "infests": -2,
  "inflicting": -2,
  "infract": -2,
  "infracted": -2,
  "infracting": -2,
  "infracts": -2,
  "infuriates": -2,
  "infuriating": -2,
  "insensitivity": -2,
  "intransigency": -2,
  "irreproducible": -2,
  "irritates": -3,
  "jackasses": -4,
  "Kinder": 2,
  "lagged": -2,
  "lags": -2,
  "laughting": 1,
  "lawl": 3,
  "lied": -2,
  "likers": 2,
  "LMAO": 4,
  "LMFAO": 4,
  "loathes": -3,
  "Lobbyists": -2,
  "Lolol": 4,
  "lololol": 4,
  "lolololol": 4,
  "lool": 3,
  "looming": -1,
  "loool": 3,
  "looool": 3,
  "lovelies": 3,
  "lurks": -1,
  "maladaption": -2,
  "maldevelopment": -2,
  "menaced": -2,
  "mirthfully": 3,
  "misbranding": -3,
  "misclassified": -2,
  "misclassifies": -2,
  "misclassify": -2,
  "misconducted": -2,
  "misconducting": -2,
  "misconducts": -2,
  "misleaded": -3,
  "misplaces": -2,
  "misplacing": -2,
  "mispricing": -3,
  "misreport": -2,
  "misreported": -2,
  "misreporting": -2,
  "misreports": -2,
  "misunderstands": -2,
  "moaned": -2,
  "modernizes": 2,
  "monopolizes": -2,
  "moping": -1,
  "motherfucking": -5,
  "n00b": -2,
  "noob": -2,
  "oks": 2,
  "optionless": -2,
  "ostracizes": -2,
  "outmaneuvered": -2,
  "overprotective": -2,
  "overreacts": -2,
  "oversell": -2,
  "overselling": -2,
  "oversells": -2,
  "oversimplified": -2,
  "overstatements": -2,
  "perpetrated": -2,
  "phobic": -2,
  "pileup": -1,
  "prblm": -2,
  "prblms": -2,
  "pseudoscience": -3,
  "ranters": -3,
  "raptured": 2,
  "raptures": 2,
  "relieves": 1,
  "reprim উ nds": -2,
  "riveting": 3,
  "robing": -2,
  "rofl": 4,
  "roflcopter": 4,
  "roflmao": 4,
  "romantical": 2,
  "rotfl": 4,
  "rotflmfao": 4,
  "rotflol": 4,
  "savange": -2,
  "savanges": -2,
  "scapegoats": -2,
  "sexistic": -2,
  "shoody": -2,
  "singleminded": -2,
  "slashed": -2,
  "slashing": -2,
  "slickest": 2,
  "slumping": -1,
  "smuggles": -2,
  "snubbed": -2,
  "snubs": -2,
  "solidified": 2,
  "solidifies": 2,
  "squelched": -1,
  "starves": -2,
  "stereotyped": -2,
  "stifled": -1,
  "stinked": -2,
  "Stinky": -2,
  "sucks": -3,
  "sueing": -2,
  "suing": -2,
  "swindles": -3,
  "Tard": -2,
  "tarnishes": -2,
  "terrifically": 4,
  "terrorizes": -3,
  "thwarts": -2,
  "tricked": -2,
  "tyran": -3,
  "tyrannic": -3,
  "tyrans": -3,
  "unappeasable": -2,
  "unappreciated": -2,
  "undercooked": -2,
  "underestimated": -1,
  "underestimates": -1,
  "underperform": -2,
  "underperformed": -2,
  "underperforms": -2,
  "unfitted": -2,
  "unfocused": -2,
  "unfunny": -2,
  "uninvolving": -2,
  "unlovable": -2,
  "unmotivated": -2,
  "unoriginal": -2,
  "unreleting": -2,
  "unresearched": -2,
  "victimizes": -3,
  "victimizing": -3,
  "visioning": 1,
  "walkouts": -2,
  "warmhearted": 2,
  "winwin": 3,
  "wooo": 4,
  "woow": 4,
  "wowow": 4,
  "wowww": 4,
  "wrenching": -2,
  "Wtf": -4,
  "wtff": -4,
  "wtfff": -4,
  "XO": 3,
  "XOXO": 3,
  "xoxoxo": 4,
  "xoxoxoxo": 4,
  "yeees": 2,
  "yucky": -2,
  "অঅনুমোদিত": -2,
  "অ পেশাদারী": -2,
  "অকাম্য": -2,
  "অকার্যকর": -2,
  "অকৃতজ্ঞ": -3,
  "অকৃত্রিম": -2,
  "অকথ্য": -2,
  "অকপটভাবে": 2,
  "অক্রিয়": -2,
  "অক্রিয়ভাবে": -1,
  "অক্ষুণ্ণ": 2,
  "অক্ষত": 2,
  "অক্ষমতা": -2,
  "অক্ষরে অক্ষরে": 3,
  "অখাদ্য": -2,
  "অখণ্ডতা": 2,
  "অখুশি": -2,
  "অগ্নিশর্মা": -3,
  "অগ্নিসংযোগ": -2,
  "অগ্রাহ্য করা": -2,
  "অগ্রাহ্যের তালিকা": -1,
  "অগ্রজ্ঞান": 1,
  "অগ্রসর": 1,
  "অগ্রহণীয়": -2,
  "অঙ্কিত": 3,
  "অঙ্কুর": -1,
  "অঙ্গীকার": 1,
  "অঙ্গীভূত": -1,
  "অঙ্গীভূতভাবে": 2,
  "অঙ্গবিকৃতি": -2,
  "অঙ্গহীন": -2,
  "অচল অবস্থা": -2,
  "অজ্ঞ": -2,
  "অজ্ঞতা": -2,
  "অ্যাওয়েট্সওয়াচমেন": -1,
  "অযোগ্য": -2,
  "অযোগ্যতা": -2,
  "অযৌক্তিক": -2,
  "অযত্ন": -2,
  "অটল": 2,
  "অতিক্রান্ত": -2,
  "অতিক্রম করা": -2,
  "অতিপন্ন": -1,
  "অতিপ্রতিক্রিয়া": -2,
  "অতিমাত্রায় কঠোর প্রতিক্রিয়া": -2,
  "অতিমাত্রায় বিস্তারিত": -3,
  "অতিরিক্ত বিক্রয়": -2,
  "অতিরঞ্জিত": -2,
  "অতিরঞ্জন": -2,
  "অতিসরল": -2,
  "অতিসরলীকরণ": -2,
  "অত্যুগ্র": -2,
  "অত্যাচার": -3,
  "অত্যাচারী": -3,
  "অত্যাশ্চর্য": 4,
  "অত্যধিক বোঝাই": -1,
  "অত্যধিক হাসিখুশি": 2,
  "অত্যন্ত ক্ষতিকর": -2,
  "অতুলনীয়": 2,
  "অদক্ষ": -2,
  "অদক্ষতা": -2,
  "অদ্ভুত": 1,
  "অদূরদর্শী": -2,
  "অদৃশ্য": -1,
  "অধ: পতিত": -2,
  "অধ: পতন করা": -2,
  "অধিকারী": 1,
  "অধীর": -2,
  "অধোগামী": -2,
  "অধোদেশ খনন করা": -2,
  "অধম": -1,
  "অনুকূল": 2,
  "অনুগত": 3,
  "অনগ্রসর": -2,
  "অনুগ্রহ": 1,
  "অনাক্রম্য": 1,
  "অনাকর্ষণীয়": -2,
  "অনায়াসে": 2,
  "অনাবৃত": -1,
  "অনাবশ্যক": -2,
  "অনারিং": 2,
  "অনাহারী": -2,
  "অনিচ্ছাকৃত": -2,
  "অনিয়মতানি্ত্রক": -2,
  "অনিদ্রা": -2,
  "অনিশ্চিত": -1,
  "অনিষ্পন্ন": 5,
  "অনেক সুন্দর": 3,
  "অনেকেই ভুল বুঝে ভাবেন": -2,
  "অনৈক্য": -2,
  "অনৈতিক": -2,
  "অন্যায্য": -2,
  "অন্যায়ত": -2,
  "অনুযোগ": -2,
  "অন্তক": -3,
  "অন্ত্যেষ্টিক্রিয়া": -1,
  "অন্ত্যজ": -2,
  "অনুত্তীর্ণ": -2,
  "অন্তর্ঘাত": -2,
  "অন্তরঙ্গতা": 2,
  "অন্তরায়": -2,
  "অনুদান": 2,
  "অনুদার": -2,
  "অন্ধ": -1,
  "অন্ধকার": -1,
  "অন্ধকারাচ্ছন্ন": -2,
  "অন্ধকারময়": -2,
  "অনধিকারপ্রবেশকারী": -2,
  "অন্ধতম": -2,
  "অন্ধবিশ্বাস": -2,
  "অনুনাদশীল": 3,
  "অনন্যসাধারণ প্রতিভা": 2,
  "অননুপ্রাণিত": -2,
  "অননুমোদিত": -2,
  "অনুপাতহীন": -2,
  "অনুপযুক্ত": -2,
  "অনুপযুক্ততা": -2,
  "অনুপযোগী": -2,
  "অনুপ্রাণিত": 2,
  "অনুপ্রাণিত করা": 1,
  "অনুপ্রেরণা": 2,
  "অনুপ্রেরণীয়": 2,
  "অনুপ্রস্থ": -2,
  "অনুপস্থিত": -1,
  "অনুপস্থিত ব্যক্তি": -1,
  "অনভিলাষী": -2,
  "অনুভূতি": 1,
  "অনুমোদিত": 2,
  "অনুমোদন": 2,
  "অনুমোদন করা": 2,
  "অনুমতি": 2,
  "অনুরক্ত": 3,
  "অনুরাগী": 2,
  "অনলস": 2,
  "অনুশোচনা": -2,
  "অনুষ্ঠান": 3,
  "অনুসৃত": 3,
  "অনুসন্ধান": 1,
  "অপচয় করে": -2,
  "অপেক্ষা করা": -1,
  "অপছন্দ": -2,
  "অপছন্দ করা": -2,
  "অপদার্থ": -3,
  "অপদার্থতা": -2,
  "অপদস্থ": -3,
  "অপবাদ": -2,
  "অপবারিত": -1,
  "অপবিত্রতা": -2,
  "অপব্যাখ্যা": -2,
  "অপব্যয়": -1,
  "অপব্যয়িত": -2,
  "অপব্যবহার": -3,
  "অপমান": -2,
  "অপমানকর": -2,
  "অপমানিত": -2,
  "অপ্রকৃত": -2,
  "অপরাজেয়": 2,
  "অপরাধ": -2,
  "অপরাধী": -2,
  "অপরাধীদের": -3,
  "অপ্রাপ্য": -1,
  "অপরিটুষ্ত": -2,
  "অপরিবর্তনীয়": -1,
  "অপরিবর্তনীয়ভাবে": -1,
  "অপরিবর্ত্নশীল": -3,
  "অপ্রীতিকর": -2,
  "অপ্রচলিত": -2,
  "অপর্যাপ্ত": -2,
  "অপূর্ণ": -2,
  "অপুরণীয়": -2,
  "অপূর্ণতা": -3,
  "অপ্রতিভ": -2,
  "অপ্রত্যয়িত": -1,
  "অপ্রতুল": -2,
  "অপ্রতুলতা": -2,
  "অপ্রভাবিত": -2,
  "অপ্রস্তুত": -2,
  "অপলক": 2,
  "অপহৃত": -2,
  "অপহরণ": -2,
  "অপহরণের": -2,
  "অপহসিত": -2,
  "অফলাইন": -1,
  "অবিক্রীত": -1,
  "অবিচার": -2,
  "অবিদিত": -2,
  "অবিনশ্বর": 2,
  "অবিবেচক": -2,
  "অবিভক্ত": 1,
  "অবিশ্বাস": -3,
  "অবিশ্বাস করা": -2,
  "অবিশ্বাসী": -3,
  "অবিশ্বাস্য": 3,
  "অবিশ্বাস্য রকমের": 4,
  "অবীর": -2,
  "অবৈজ্ঞানিক": -2,
  "অবৈধ": -3,
  "অবৈধভাবে": -3,
  "অবজ্ঞা": -2,
  "অবজ্ঞা করা": -2,
  "অব্যাহতি": -1,
  "অব্যাহতিপ্রাপ্ত": 2,
  "অব্যবস্থিত": -1,
  "অব্যবহার্য": -2,
  "অব্যহতি": 2,
  "অবমুক্ত": -2,
  "অবমাননাকারী": -2,
  "অবমাননাকর": -3,
  "অবমূল্যায়ন": -1,
  "অবরোধ": -2,
  "অবরুদ্ধ": -1,
  "অবশ": -2,
  "অবসাদ": -2,
  "অবসাদগ্রস্ত": -2,
  "অবসন্ন": -2,
  "অবহেলা": -2,
  "অবহেলিত": -2,
  "অবহসিত": -2,
  "অভাগা": -3,
  "অভাব": -2,
  "অভাবগ্রস্ত": -2,
  "অভিঘাত": -2,
  "অভিযুক্ত": -2,
  "অভিযুক্ত করা": -2,
  "অভিযোগ": -2,
  "অভিযোগ করা": -2,
  "অভিনঁদন": 2,
  "অভিনন্দন": 2,
  "অভিবাদন": 1,
  "অভিবাদন জানালেন": 2,
  "অভিভূত": -2,
  "অভিলাষী": 2,
  "অভিশংসন": -3,
  "অভিশঁকী": -2,
  "অভিশঙ্কী": -1,
  "অভিশাপ": -1,
  "অভী": 2,
  "অভেদ্য": 2,
  "অভদ্র": -2,
  "অমায়িক": 2,
  "অমানবিক": -2,
  "অমানুষিক": -2,
  "অমার্জনীয়": -3,
  "অমীমাংসিত": -2,
  "অমনোনীত": -2,
  "অমর": 2,
  "অমর্যাদাপূর্ণ": -2,
  "অরক্ষিত": -2,
  "অরূচিকর": -2,
  "অরোধ্য": 2,
  "অর্জন": 2,
  "অর্থগৃধ্নু": -2,
  "অর্থনৈতিক ব্যাবস্থাকে": -2,
  "অর্থপূর্ণ": 2,
  "অর্থহীন": -2,
  "অরুপ": -3,
  "অর্সা": -2,
  "অলৌকিক ঘটনা": 4,
  "অল্পদর্শিতা": -2,
  "অলস": -1,
  "অশান্তিকর": -2,
  "অশোধিত": -1,
  "অশুভ": 3,
  "অশ্রু": -2,
  "অশ্লীল": -2,
  "অশ্লীলতা": -2,
  "অসংলগ্ন": -2,
  "অসংশয়ে": 2,
  "অসুখী": -2,
  "অসাড়": -1,
  "অসাধু": -2,
  "অসাধারণ": 4,
  "অসাধুতা": -3,
  "অসাবধান": -2,
  "অসাবধানতাবসত": -2,
  "অসূয়া": -2,
  "অসত্য": -2,
  "অস্থান করা": -2,
  "অস্থিতিশীল": -2,
  "অস্থির": -2,
  "অস্থিরসঙ্কল্প": -2,
  "অসদাচারী": -2,
  "অসদাচরণ": -2,
  "অসদাচরণ করা": -2,
  "অসন্তোষ": -2,
  "অসন্তোষজনক": -2,
  "অসন্তুষ্ট": -2,
  "অস্পষ্ট": -1,
  "অসফল": -2,
  "অস্বাস্থ্যকর": -2,
  "অসুবিধা": -2,
  "অসুবিধাজনক": -2,
  "অস্বীকার": -2,
  "অস্বীকার করা": -2,
  "অস্বীকৃত": -2,
  "অস্বীকৃতি": -2,
  "অস্বচ্ছন্দ": -2,
  "অস্বস্তি": -2,
  "অসম": -1,
  "অসমীচীন": -2,
  "অসম্পূর্ণ": -1,
  "অসম্ভাব্য": -1,
  "অসম্মান": -2,
  "অসম্মানিত": -2,
  "অসম্মতি": -2,
  "অসমর্থ": -2,
  "অসমর্থিত": -1,
  "অসমর্থন": -2,
  "অসুরক্ষিত": -2,
  "অসুস্থ": -2,
  "অসুস্থতা": -2,
  "অসহায়": -2,
  "অসহ্য": -2,
  "অহংকারী": -2,
  "আইনগত": 1,
  "আইনত": 1,
  "আইনসঙ্গতভাবে": 2,
  "আইসক্রীম": 3,
  "আকাঙ্ক্ষা": -1,
  "আকাঙ্ক্ষিত": 2,
  "আক্রান্ত": -1,
  "আক্রমণ": -1,
  "আক্রমণাত্মক": -2,
  "আক্রমনাত্মক": -2,
  "আকর্ষক": 3,
  "আকর্ষণ": 2,
  "আকর্ষণ করা": 1,
  "আকর্ষণী": 2,
  "আকর্ষণীয়": 2,
  "আকর্ষণসমূহ": 2,
  "আকৃষ্ট": 1,
  "আখ্যা দিয়ে": -2,
  "আগুন": -2,
  "আগুন না জ্বলা": -2,
  "আগ্রাসনের": -2,
  "আগ্রহী": 2,
  "আঘাত": -2,
  "আঘাতমূলক": -3,
  "আঘাতমূলক পোস্ট": -2,
  "আজাইরা": -3,
  "আজেবাজে কথা": -2,
  "আয়ু কমতে": -2,
  "আটক": -2,
  "আটক করা": -2,
  "আটকা পড়ে": -2,
  "আটকান": -2,
  "আটকে পড়া": -2,
  "আতঙ্ক": -3,
  "আতঙ্কগ্রস্ত": -3,
  "আতঙ্কজনক": -2,
  "আত্মঘাতী": -2,
  "আত্মা": 1,
  "আত্মত্যাগী": -2,
  "আত্মবিশ্বাসী": 2,
  "আত্মবিশ্বাসহীন": -2,
  "আত্মম্ভরিতা": -3,
  "আত্মরতি": -2,
  "আত্মসাৎ": -3,
  "আত্মহত্যা": -2,
  "আত্মহত্যার": -2,
  "আতুর": -3,
  "আদালতে অভিযুক্ত করা": -2,
  "আদিম": -2,
  "আধার": -1,
  "আধুনিকায়ন": 2,
  "আধুনিকায়নের": 2,
  "আনুকূল্য": 2,
  "আনুগত্য": 3,
  "আন্তরিক": 3,
  "আন্তরিকতা": 2,
  "আনন্দ": 4,
  "আনন্দ করা": 4,
  "আনন্দ করতে লাগল": 4,
  "আনন্দিত": 2,
  "আনন্দে আত্মহারা": 4,
  "আনন্দের সঙ্গে": 2,
  "আনন্দদায়ক": 3,
  "আনন্দময়": 3,
  "আনলো": -2,
  "আপীত": -2,
  "আপতিক": -2,
  "আপত্তি": -2,
  "আপত্তিকর": -3,
  "আপতন": -2,
  "আফসুস": -2,
  "আব": -2,
  "আবেগ": 1,
  "আবেগপূর্নভাবে": -3,
  "আবেগপ্রবণতা": 2,
  "আবর্জনা": -1,
  "আমাদের লোকবল কম": -2,
  "আমোদিত": 3,
  "আমোদিত করা": 3,
  "আমোদপ্রমোদ": 3,
  "আমুদে": 2,
  "আমন্ত্রণ": 1,
  "আমন্ত্রণ করা": 1,
  "আরাধ্য": 3,
  "আরাম": 2,
  "আরামপ্রদ": 3,
  "আরো অবনতি": -3,
  "আরো খারাপের দিকে": -2,
  "আরোপিত": -1,
  "আর্ত": -2,
  "আর্তনাদ": -2,
  "আর্সহো": -4,
  "আলগা": -3,
  "আলিঙ্গন": 2,
  "আলোকিত": 2,
  "আলস্য": -2,
  "আশা": 2,
  "আশাপূর্ণ": 2,
  "আশাবাদ": 2,
  "আশাবাদী": 2,
  "আশাহীন": -2,
  "আশাহীনতা": -2,
  "আশ্চর্যজনক": 4,
  "আশ্চর্যজনক ভাবে": -1,
  "আশ্চর্যভাবে": 4,
  "আশীর্বাদ": 3,
  "আশীর্বাদ করা": 2,
  "আশ্বাস": 1,
  "আসামি": -2,
  "আস্থা": 1,
  "আস্থাবান্": 2,
  "আস্বাদিত": 2,
  "আহত": -2,
  "আহ্লাদিত": 3,
  "আহ্লাদিত করা": 3,
  "ইচ্ছা": 1,
  "ঈর্ষান্বিত": -2,
  "উচ্চাকাঙ্ক্ষী": 2,
  "উচ্চতর": 2,
  "উচ্চমূল্য": 2,
  "উচ্ছেদ": -1,
  "উচ্ছ্বাসিত": 4,
  "উজ্জ্বল": 1,
  "উজ্জ্বলতা": 1,
  "উড়নচড়ে": -2,
  "উত্কৃষ্ট": 3,
  "উত্তেজিত": 3,
  "উত্তেজনাপূর্ণ": 3,
  "উত্ত্যক্ত": -2,
  "উত্ত্যক্ত করা": -2,
  "উত্তম": 2,
  "উত্সাহ": 1,
  "উৎসাহিত": 2,
  "উত্সাহিত করা": 2,
  "উত্সাহী": 1,
  "উৎসাহজনক": 2,
  "উত্সর্জন": 2,
  "উদার": 2,
  "উদারতা": 2,
  "উদারভাবে": 2,
  "উদাস": -2,
  "উদাসী": -3,
  "উদাসীন": -2,
  "উদযাপন": 3,
  "উদ্যমী": 3,
  "উদ্দাম": -2,
  "উদ্দীপক": 2,
  "উদ্দীপকের": 1,
  "উদ্দীপ্ত": -2,
  "উদ্দেশ্যমূলক": 2,
  "উদ্ধার": 2,
  "উদ্বাসিত": -1,
  "উদ্বাসন": -1,
  "উদ্বিগ্ন": -2,
  "উদ্বেগ": -3,
  "উদ্বেজক": -3,
  "উদ্বর্তিত": 2,
  "উদ্ভাবন": 1,
  "উদ্ভাবনী": 2,
  "উদ্ভাসিত": -1,
  "উদ্ভট": -2,
  "উদ্রেককারী": -1,
  "উন্নীত": 1,
  "উন্নীত করা": 1,
  "উন্নত": 2,
  "উন্নত করা": 2,
  "উন্নতি": 2,
  "উন্নতিশীল": 3,
  "উন্নতচরিত্র": 2,
  "উন্মাদ": -2,
  "উন্মাদক": -3,
  "উন্মাদন": -2,
  "উন্মাদনাকর": -2,
  "উন্মার্গ": -2,
  "উন্মার্গগামী": -2,
  "উন্মত্ততা": -2,
  "উপকৃত": 2,
  "উপার্জিত": 3,
  "উপাসক": 3,
  "উপেক্ষা করা": -2,
  "উপেক্ষিত": -1,
  "উপযুক্ত": 2,
  "উপযুক্তভাবে": 2,
  "উপদ্রুত": -2,
  "উপন্যাস": 2,
  "উপভোগ্য": 2,
  "উপলব্ধ": 2,
  "উপলব্ধি": 2,
  "উপশম করা": 1,
  "উপস্থাপনা": 2,
  "উপহার": 2,
  "উপহাস": -2,
  "উভয়সঙ্কট": -1,
  "উর্বর": 2,
  "উল্লাস": 3,
  "উল্লাসজনক": 3,
  "উল্লাসপূর্ণ": 4,
  "উল্লেখযোগ্য ঘটনাহীন": -2,
  "উল্লসিত": 2,
  "উষ্ণ": 2,
  "উষ্ণতা": 2,
  "উষ্ণবীর্য": 2,
  "উসুল করা": -2,
  "ঋণ": -2,
  "ঋত": 3,
  "ঋদ্ধ": 2,
  "একগুঁয়ে": -2,
  "একগুঁয়েমি": -2,
  "একঘেয়েমি": -1,
  "একঘরে": -2,
  "একা": -2,
  "একচেটিয়া": 2,
  "একচেটিয়া করা": -2,
  "একচেটিয়াভাবে": -2,
  "একে অননুমোদন": -2,
  "একেবারে পুরোভাগ": 1,
  "একটি rants": -3,
  "একমত": 1,
  "এড়াতে": -1,
  "এড়িয়ে যেতে সক্ষম": -1,
  "এপেশিট": -3,
  "এবড়োখেবড়ো": -3,
  "এমনভাবে": -1,
  "এলোমেলো": -2,
  "ওঠা": 1,
  "ওহো": -2,
  "ঔদাসীন্য": -3,
  "কুখ্যাত": -2,
  "কাঁচুমাচু": -2,
  "কাজ করে না": -3,
  "কাজ করছে না": -3,
  "কাজে লাগান": -2,
  "কাজেরতা": 2,
  "কাট": -1,
  "কাটা": -1,
  "কায়েমী": 1,
  "কাঁদুনে": -2,
  "কান্ট": -5,
  "কান্না": -1,
  "কামুক": 2,
  "কাম্য": 2,
  "কারাগার": -2,
  "কারাদণ্ড": -2,
  "কারচুপি": -1,
  "কার্যকারিতা": 2,
  "কার্যকর": 2,
  "কার্যকরীভাবে": 2,
  "কার্যভার": -1,
  "কারসাজি": -1,
  "কালশিটে": -1,
  "কি দারুন": 4,
  "কিংকর্তব্যবিমূঢ়": -2,
  "কিছু ধরনের": 0,
  "কিনতে হত": -3,
  "কিরণ": 3,
  "কীর্তিকলাপ": -2,
  "কে যাচাই করবে": 1,
  "কেলেঙ্কারি": -2,
  "কেলেঙ্কারিতে": -3,
  "কৈফিয়ৎ": -1,
  "কোণঠাসা": -2,
  "কোন মজা": -3,
  "কোমল": 1,
  "কোষাগার": 2,
  "কোষ্ঠকাঠিন্য": -2,
  "কৌতুকপূর্ণ": 2,
  "কৌতুহলী": 1,
  "কৌশলে": 2,
  "কূট": -3,
  "কূটকর্ম": -3,
  "ক্যান্সার": -1,
  "ক্যাবলা": -3,
  "কূটাভাস": -1,
  "কুটিল": -2,
  "কুঠার": -1,
  "কঠিন": 2,
  "কঠোর": -2,
  "কঠোর পরিশ্রম করা": -3,
  "কুঁড়ে": -2,
  "কুঁড়ের বাদশা": -3,
  "কণ্টকাকীর্ণ": -2,
  "কৃতজ্ঞ": 3,
  "কুত্তা": -5,
  "কুত্তারা": -4,
  "কদর্য": -3,
  "কদর্যতা": -3,
  "কৃপা": -2,
  "কুপিত": -3,
  "কপট": -2,
  "কপর্দকশূন্য": -1,
  "কুবচন": -2,
  "কবজ": 3,
  "কমিক": 1,
  "কমেডি": 1,
  "কমনীয়": 3,
  "কম্পিত": -2,
  "কম্পন": -2,
  "কম্পনের": -2,
  "কম্পমান": -2,
  "কম্প্র": -2,
  "করাল": -2,
  "ক্রিয়ার কাল": -2,
  "ক্রীড়ারত": 2,
  "ক্রীতদাস": -3,
  "ক্রীতদাস করা": -2,
  "ক্রোধ": -2,
  "ক্রোধজনক": -2,
  "ক্রোধপূর্ণ": -2,
  "ক্র্যাশ": -2,
  "ক্রটিপূর্ণ": -2,
  "ক্রয়বিক্রয়": 2,
  "করুণা": 2,
  "করুণাময়": 3,
  "করতালি": 2,
  "কর্তৃত্ব": 1,
  "ক্রঁদ": -2,
  "ক্রুদ্ধ": -2,
  "ক্রন্দিত": -2,
  "ক্রন্দন": -2,
  "ক্রমবর্ধমান": 1,
  "কর্মহীনতার": -2,
  "কলঙ্ক": -3,
  "কলঙ্কিত": -2,
  "কলঙ্কিত করা": -2,
  "ক্লাউডেড": -1,
  "ক্লান্ত": -2,
  "ক্লান্তিজনক": -2,
  "ক্লেশ": -2,
  "ক্লেশিত": -3,
  "কল্যাণময়": 2,
  "কল্পিত": 4,
  "কল্পনাপ্রবণ": 2,
  "কল্পনাপ্রসূত": 4,
  "কল্পনাশক্তিরহিত": -2,
  "কলুষিত": -3,
  "কলহপ্রি় স্ত্রীলোক": -4,
  "কুশলী": 2,
  "ক্ষালিত": 2,
  "ক্ষালন করা": 2,
  "ক্ষিতি": -2,
  "ক্ষিপ্ত": -1,
  "ক্ষিপ্তবৎ": -3,
  "ক্ষোভ": -2,
  "কষ্ট": -2,
  "কষ্টসহিষ্ণু": 2,
  "ক্ষতি": -2,
  "ক্ষতি করা": -2,
  "ক্ষতিকর": -2,
  "ক্ষতিকর দিক": -2,
  "ক্ষতিগ্রস্ত": -3,
  "ক্ষতিগ্রস্তদের": -3,
  "ক্ষতিগ্রস্থদের": -2,
  "ক্ষতিটি": -3,
  "ক্ষুধা": -3,
  "ক্ষুধায় মারা": -2,
  "ক্ষুধিত": 2,
  "ক্ষুব্ধ": -3,
  "ক্ষমা": -1,
  "ক্ষমা করা": 1,
  "ক্ষমা চাইলেন": -1,
  "ক্ষমা চেয়ে": -1,
  "ক্ষমাপ্রার্থী": -1,
  "ক্ষমার অযোগ্য": -3,
  "ক্ষমাহীন": -2,
  "ক্ষমতা": 2,
  "ক্ষমতায়ন": 2,
  "ক্ষমতাপ্রদান করা": 2,
  "ক্ষমতাশালী": 2,
  "ক্ষমতাহীন": -2,
  "কুস্বভাব": -2,
  "খাইতে পার এমন": -2,
  "খাটো": -2,
  "খামখেয়াল": -2,
  "খারাপ": -3,
  "খারাপ করা": -3,
  "খারাপভাবে": -3,
  "খারিজ": -1,
  "খালাসী": 2,
  "খালাসে": 2,
  "খালি": -1,
  "খেঁচা": -1,
  "খেয়াল": 2,
  "খেদান": -1,
  "খেপামি": -2,
  "খেলাপরিবর্তন": 3,
  "খ্যাতি": 3,
  "খণ্ডিত": 2,
  "খুঁত": -2,
  "খুন": -2,
  "খুনী": -3,
  "খুব ভাল": 4,
  "খর্ব": -2,
  "খর্ব করা": -1,
  "খুশি": 3,
  "গাঁ": -2,
  "গা ছমছমে": 1,
  "গাউন": -2,
  "গাদ": -3,
  "গাদাগাদি": -1,
  "গাধা": -4,
  "গাধা, বোকা": -3,
  "গোপন": -1,
  "গোপনে অশুভ আঁতাত": -3,
  "গোমড়ামুখো": -2,
  "গোলাপ": 1,
  "গোলামি": -2,
  "গৌরবান্বিত": 2,
  "গঁজনা": -3,
  "গুণ": 2,
  "গুণগান": 3,
  "গুণাবলী": 2,
  "গুণ্ডা": -2,
  "গুণ্ডামি": -2,
  "গুণ্ডারা": -2,
  "গন্ধকতুল্য": -3,
  "গুপ্তহত্যা": -3,
  "গভীর ক্ষত": -1,
  "গমনোদ্যত": 2,
  "গুরুগম্ভীর": 1,
  "গরিমা": 2,
  "গরীব": -2,
  "গরীবের": -2,
  "গ্রেপ্তার": -2,
  "গ্রেফতার": -2,
  "গর্ত": -2,
  "গুরুত্ব": 2,
  "গুরুত্বপূর্ণ": 1,
  "গুরুতর অপরাধ": -3,
  "গুরুতর অপরাধের": -3,
  "গুরুতরভাবে": -2,
  "গর্ধব": -3,
  "গর্বিত": 3,
  "গ্রহণ": 1,
  "গ্রহণ করা": 1,
  "গ্রহণযোগ্য": 1,
  "গ্রহণযোগ্যতা": 1,
  "গলগ্রহ হয়ে যায়": -2,
  "গুলান": -2,
  "গুলজার": 3,
  "গৃহীত": 1,
  "গৃহহীন": -2,
  "ঘাঁটান": -2,
  "ঘাটতি": -2,
  "ঘাবড়ে": -2,
  "ঘটায়": -2,
  "ঘটান": -1,
  "ঘটনাক্রমে": -2,
  "ঘৃণা": -3,
  "ঘৃণা করা": -3,
  "ঘৃণাকারী": -3,
  "ঘৃণাপূর্ণ": -2,
  "ঘৃণাপূর্ণভাবে": -2,
  "ঘৃণামিশ্রিত ক্রোধ": -2,
  "ঘৃণাসহকারে পরিহার করা": -3,
  "ঘৃণিত": -3,
  "ঘৃণিত ব্যক্তি": -4,
  "ঘনীভূত করা": 2,
  "ঘূর্ণায়মান": -2,
  "ঘুষ": -3,
  "চুক্তি": 1,
  "চুক্তিবদ্ধ করান": 1,
  "চক্রান্ত": -3,
  "চাকান": -2,
  "চাপ": -1,
  "চাপান": -1,
  "চাপিয়ে": -1,
  "চামড়া": -1,
  "চার্জ": -2,
  "চালু": 1,
  "চালাক": 2,
  "চালচিত্রকে": 1,
  "চাহিদা": -1,
  "চিয়ার্স": 2,
  "চিত্": 1,
  "চিত্কার": -2,
  "চিৎকার": -2,
  "চিত্তাকর্ষক": 3,
  "চিত্তবিনোদনকর": -1,
  "চিত্রানুগ": 2,
  "চিন্তা": -3,
  "চিন্তাশীল": 2,
  "চিন্তাহীন": -2,
  "চিন্তিত": -3,
  "চিরহরিৎ": 2,
  "চিরহরিৎ বৃক্ষ": 2,
  "চিলতা": -1,
  "চিল্লাচিল্লি": -3,
  "চেতান": 1,
  "চোরাচালানী": -2,
  "চটক": 2,
  "চটকদার": 2,
  "চটান": -2,
  "চ্যাম্পিয়ন": 2,
  "চ্যালেঞ্জ": -1,
  "চট্পটে": 2,
  "চটুল": 3,
  "চতুর": 2,
  "চুনকাম": -3,
  "চন্দ্রাহত": -3,
  "চমকপ্রদ": 3,
  "চমত্কার": 1,
  "চমৎকার": 3,
  "চুম্বন": 2,
  "চুরি": -2,
  "চুরি করা": -2,
  "চর্চা": 2,
  "চূর্ণ": -2,
  "চূর্ণবিচূর্ণ করা": -2,
  "চরম": -2,
  "চরম ব্যর্থতা": -3,
  "চরমপন্থী": -2,
  "চরমপন্থীরা": -2,
  "ছায়া": -1,
  "ছাঁটা": -2,
  "ছাপ": 3,
  "ছারখার": -2,
  "ছিন্ন করা": -2,
  "ছিমছাম": 2,
  "ছেড়ে": -1,
  "ছেলেএর একটিদুশ্চরিত্রা": -5,
  "ছোট": -2,
  "ছত্রভঙ্গ": -2,
  "ছদ্ম": -1,
  "ছদ্মবেশ": -1,
  "ছুরি বিদ্ধ": -2,
  "ছুরিকাঘাত": -2,
  "ছুরিকাহত": -2,
  "ছলা": -3,
  "ছলে": -1,
  "জগাখিচুড়ি": -2,
  "জঘন্য": -2,
  "জাঁকজমকপূর্ণ": -1,
  "জাগান": 3,
  "জাগিয়ে তুলেছ": -2,
  "জামিন": 1,
  "জারজ": -3,
  "জালাতন": -2,
  "জালিয়াত": -4,
  "জালিয়াতি": -4,
  "জালিয়াতির": -2,
  "জাহাজের উপরে": 1,
  "জাহান্নাম": -4,
  "জিজ্ঞাসু": 2,
  "জিজ্ঞাসাবাদ": -2,
  "জিনিষের পাল্টাপাল্টি": -2,
  "জীবিত": 1,
  "জীবনীশক্তি": 3,
  "জীবনে একবার": 3,
  "জীবন্ত": 2,
  "জীর্ণ পোশাক": -2,
  "জেয়": -2,
  "জেতা": 4,
  "জেরা": -1,
  "জেলে": -2,
  "জেলটরা": -2,
  "জোর": -1,
  "জোর দিয়ে": -2,
  "জোরপূর্বক": -1,
  "জ্ঞান": 1,
  "জ্ঞানগর্ভ": 2,
  "জয়": 4,
  "জটিল": -2,
  "জয়ী": 4,
  "জয়জয়কার": 4,
  "জয়যুক্ত": 4,
  "জয়ধ্বনি": 2,
  "জয়লাভ": 4,
  "জুত": 1,
  "জনপ্রিয়": 3,
  "জনপ্রিয়তা": 3,
  "জ্বালাতন করা": -3,
  "জ্বালান": 2,
  "জ্বর": -2,
  "জমা": 1,
  "জরিমানা": -2,
  "জর্জরিত": -3,
  "জরুরি অবস্থা": -2,
  "জরুরী": -1,
  "জহর": 3,
  "ঝুঁকি": -2,
  "ঝুঁকিপূর্ণ": -2,
  "ঝক্ঝক্": 3,
  "ঝাপসা": -2,
  "ঝিলিমিলি": 3,
  "ঝরা": -1,
  "ঝরে": -2,
  "ঝুলান": -1,
  "ঝলসানি": 3,
  "যুক্তিযুক্ত": 1,
  "যা ঘৃণা করেন": -3,
  "টাউট": -2,
  "যাচাই": 1,
  "যাত্রীর সঙ্গের নিজলটবহর": -1,
  "যাদু করা": 3,
  "টানা": -1,
  "টাল": -2,
  "যীশু": 1,
  "যে ব্যক্তি প্রতিহিংসা গ্রহণ করে": -2,
  "যে ব্যক্তি সামান্য কারণে বিপদ্সঙ্কেত ঘোষণা করে": -2,
  "টেকসই": 2,
  "টেনেছেন": -1,
  "যোগদান": 1,
  "যৌন বিষয়ক": -2,
  "যৌনসঙ্গম": -4,
  "যৌনসঙ্গম আশ্চর্যজনক": 4,
  "যৌনসঙ্গম গরম": 2,
  "যৌনসঙ্গম চতুর": 4,
  "যৌনসঙ্গম চমত্কার": 4,
  "যৌনসঙ্গম নিখুঁত": 4,
  "যৌনসঙ্গম প্রেম": 4,
  "যৌনসঙ্গম ভাল": 4,
  "যৌনসঙ্গম ভালবাসে": 4,
  "যৌনসঙ্গম মহান": 4,
  "যৌনসঙ্গম সুন্দর": 4,
  "টুটা": -2,
  "ট্যুরিজম": 2,
  "যত্ন": 2,
  "যত্নশীল": 2,
  "যথাযথ": 2,
  "যথার্থই": 2,
  "যথার্থতা প্রতিপাদনে": 2,
  "যথেষ্ট": 1,
  "যুদ্ধ": -2,
  "যুদ্ধবিগ্রহ": -2,
  "যন্ত্রণা": -4,
  "যন্ত্রণাদায়ক": -2,
  "ট্রাস্ট": 1,
  "ঠাট্টা": -2,
  "ঠাট্টা করা": -2,
  "ঠিকঠাক কাজ": -2,
  "ঠিকভাবে": 3,
  "ঠেকান": -2,
  "ঠোকা": -2,
  "ডাকাত": -2,
  "ডান দিক": 3,
  "ডানপিটে": 2,
  "ডাম্প": -2,
  "ডিথারিং": -2,
  "ডেহুমনায্স্ করা": -2,
  "ডুবা": -2,
  "ডুবতে": -2,
  "ডুশ": -3,
  "ঢং করছেনা": -3,
  "ঢামালি": 2,
  "ঢিমা": -2,
  "ঢেকে ফেলা": -3,
  "তাকেই": -5,
  "তাজা": 1,
  "তাড়িত": -1,
  "তাড়ন করা": -3,
  "তাড়না": -2,
  "তাঁত": -1,
  "তাত্পর্য": 1,
  "তামাশা": -1,
  "তার উপর প্রতিক্রিয়া": -2,
  "তারিফ করা": 3,
  "তিক্ত": -2,
  "তিমিরাচ্ছন্ন": -2,
  "তিরস্কার": -2,
  "তিরস্কার করা": -3,
  "তিরস্কার করেছে": -3,
  "তঁচক": -3,
  "তুচ্ছ": -2,
  "তীব্র": 1,
  "তীব্র দুর্গন্ধ": -2,
  "তীব্র প্রতিক্রিয়া দেখাবে": -2,
  "তীব্র ব্যঙ্গপূর্ণ": -2,
  "তোমরা কাউকে ভয় করবে": -2,
  "তছনছ": -2,
  "তত্ত্বানুসন্ধানকে": 1,
  "তদবির": -2,
  "তপ্ত": 2,
  "তর্কবিতর্ক করা": -1,
  "তর্জন": -2,
  "ত্রুটি": -2,
  "ত্রুটিপূর্ণ": -2,
  "তরূণ": 2,
  "ত্রস্ত": -3,
  "তুষ্টি": 2,
  "থামা": -2,
  "দু: খ": -2,
  "দু: খ প্রকাশ": -2,
  "দু: খিত": -2,
  "দু: সাহসিক": 2,
  "দু: সাহসিক কাজ": 2,
  "দু: স্থ": -3,
  "দুঃখদুর্দশার": -2,
  "দুঃখ জাগানো": -2,
  "দুঃখ প্রকাশ": -1,
  "দুঃখিত": -1,
  "দুঃখিতভাবে": -2,
  "দুঃখজনক ঘটনা": -2,
  "দক্ষতা সহকারে হস্তচালন": -1,
  "দাগ": -2,
  "দাঙ্গা": -2,
  "দাঙ্গার": -2,
  "দায়িত্ব": 1,
  "দায়িত্বজ্ঞানহীন": -2,
  "দায়িত্বহীন": -2,
  "দায়ী": 2,
  "দান": 2,
  "দান করা": 2,
  "দানব": -2,
  "দানশীল": 2,
  "দাবি": -1,
  "দাম্ভিক": -2,
  "দারিদ্র্য": -1,
  "দালাল": -2,
  "দালালি": -2,
  "দাস": -3,
  "দাসত্ব": -3,
  "দিকটিকেই প্রাধান্য": 2,
  "দিয়েছিল": -2,
  "দীপক": 3,
  "দীর্ঘনাসা": -2,
  "দীর্ঘনিঃশ্বাস ফেলছে": -2,
  "দীর্ঘশ্বাস": -2,
  "দেউলিয়া": -2,
  "দেউলিয়া অবস্থা": -3,
  "দেখলেও": 1,
  "দেবতা": 1,
  "দেহজ্যোতি": 1,
  "দোদুল": -1,
  "দোষ": -2,
  "দোষী": -2,
  "দয়ালু": 2,
  "দয়িত": 3,
  "দণ্ড আরোপ": -2,
  "দণ্ডিত": -2,
  "দণ্ডিত করা": -2,
  "দণ্ডপ্রাপ্ত": -2,
  "দত্ত": 3,
  "দন্ডিত": -2,
  "দন্তহীন": -2,
  "দ্বিধা করা": -2,
  "দ্বিধাগ্রস্ত": -2,
  "দ্বীপান্তর": -2,
  "দ্বীপান্তরিত": -2,
  "দ্বেষী": -1,
  "দ্বন্দ্ব": -2,
  "দ্বন্দ্বার্থ সম্মুখীন": -1,
  "দমা": -2,
  "দমন করা": -1,
  "দরকারী": 2,
  "দুর্গন্ধ": -2,
  "দুর্গন্ধযুক্ত": -2,
  "দুর্ঘটনা": -2,
  "দুর্ঘটনায়": -2,
  "দরিদ্র": -2,
  "দরিদ্রতম": -2,
  "দ্রোহ": -2,
  "দ্রোহী": -3,
  "দুর্যোগ": -2,
  "দ্রুতগতিতে": 2,
  "দুর্দমনীয়": -2,
  "দূরদর্শিতা": 2,
  "দুর্নিবার": 2,
  "দুর্নীতি": -3,
  "দুর্নীতিবাজদের": -3,
  "দুর্বিপাক": -2,
  "দুর্বল": -2,
  "দুর্বল করা": -2,
  "দুর্বলতা": -2,
  "দুর্ভাগ্য": -2,
  "দুর্ভিক্ষ": -2,
  "দল থেকে বাদ দেয়া": -1,
  "দুশ্চরিত্র": -2,
  "দুশ্চরিত্রা": -5,
  "দূষক": -2,
  "দূষিত": -2,
  "দূষিত করা": -2,
  "দৃষ্টি": 1,
  "দৃষ্টিভঙ্গি": 1,
  "দুষ্টুমি": -1,
  "দূষণ": -2,
  "দূষণকারী": -2,
  "দূষণকারীকে": -2,
  "দূষণকারীদের": -2,
  "ধকল": -2,
  "ধাক্কা লাগা": -1,
  "ধাত": 2,
  "ধাতান": -2,
  "ধাঁধা": -2,
  "ধাপ্পাবাজি": -2,
  "ধারাক্রমে": 2,
  "ধারণক্ষমতা": 1,
  "ধারণাতীত": -2,
  "ধার্মিকতা": 3,
  "ধীর করে দেয়": -2,
  "ধীরে ধীরে চলা": -1,
  "ধোঁকাবাজ": -3,
  "ধোঁয়া ত্ত কুয়াশার মিশ্র": -2,
  "ধ্যানমগ্ন": 1,
  "ধৃত": -1,
  "ধন": 2,
  "ধনাত্মক": 2,
  "ধনী": 2,
  "ধন্যবাদ": 2,
  "ধূপ": -2,
  "ধূপন": -2,
  "ধ্বংস": -3,
  "ধ্বংস করা": -2,
  "ধ্বংসাত্মক": -3,
  "ধ্বংসান": -2,
  "ধ্বংসাবশেষ": -2,
  "ধ্বসে": -2,
  "ধ্বসে পড়া": -2,
  "ধমক": -2,
  "ধূমায়মান": -2,
  "ধুর! ছাই": -4,
  "ধরা": -2,
  "ধূর্ত": 2,
  "ধরনের": 0,
  "ধর্মঘট": -1,
  "ধর্মান্ধ": -2,
  "ধর্মচারী": 2,
  "ধর্মসম্মত": 2,
  "ধর্ষিত": -4,
  "ধর্ষণ": -4,
  "ধৃষ্ট": -2,
  "ধসা": -2,
  "ধূসর": -1,
  "নকল": -3,
  "নগন্য": -2,
  "না": -1,
  "নাকাল": -3,
  "নাপছন্দ": -2,
  "নারকীয়": -2,
  "নালিশ করা": -1,
  "নাশক": -2,
  "নিকৃষ্ট": -2,
  "নিখুঁত": 2,
  "নিগাস": -5,
  "নিগ্রো": -5,
  "নিগৃহীত": -2,
  "নিয়তি": -2,
  "নিয়ন্ত্রক": -1,
  "নিতেন": 2,
  "নিদারুণ যন্ত্রণা ভোগ করেন": -3,
  "নিদারূণ বিরক্তিকর": -3,
  "নিদারুণভাবে": -3,
  "নিন্দা": -2,
  "নিন্দা করা": -2,
  "নিন্দাপূর্ণ": -2,
  "নিন্দিত": -2,
  "নিপীড়িত": -2,
  "নিপীড়ন": -2,
  "নিপীড়নের": -2,
  "নিপূণভাবে": -1,
  "নিপতিত": -2,
  "নিবেদিত": 2,
  "নিবদ্ধ": 2,
  "নিরক্ষরতা": -2,
  "নিরানন্দ": -2,
  "নিরাপত্তা": 1,
  "নিরাপত্তাহীন": -2,
  "নিরাপদ": 1,
  "নিরাপদে": 1,
  "নিরাশ": -3,
  "নিরাশ করা": -2,
  "নিরাশ্বাস": -3,
  "নিরীহ": -1,
  "নিরেট মূর্খ": -4,
  "নিরোধক": -1,
  "নির্জীব": -1,
  "নির্জন": -2,
  "নির্যাতিত": -3,
  "নির্যাতন": -4,
  "নির্যাতন করা": -2,
  "নির্যাতনের": -4,
  "নিরত": 1,
  "নিরূত্সাহ": -2,
  "নিরূত্সাহ করা": -2,
  "নির্দিষ্ট": 1,
  "নির্দোষ প্রমাণ করা": 2,
  "নিরুদ্বেগ": 2,
  "নির্ধারিত": 2,
  "নির্বাসিত করা": -2,
  "নির্বিণ্ণ": -2,
  "নির্বোধ": -2,
  "নির্বুদ্ধিতা": -3,
  "নির্বল": -2,
  "নির্ভীক": 2,
  "নির্ভীকতা": 2,
  "নির্ভয়ে": 2,
  "নির্ভুল": 3,
  "নির্মেঘ": 2,
  "নির্মমতা": -3,
  "নির্মমভাবে": -3,
  "নির্মলতা": 2,
  "নির্লিপ্ত": -2,
  "নিশ্চিত": 1,
  "নিশ্চিত করা": 1,
  "নিশ্চেষ্টতা": -2,
  "নিশ্ছিদ্র": 2,
  "নিশ্বাস ভাবে": 2,
  "নিষ্ক্রিয়": -1,
  "নিষ্করুণ": -1,
  "নিষ্কর্মা": -2,
  "নিষ্কলঙ্ক": 2,
  "নিষিদ্ধ": -1,
  "নিষিদ্ধ করা": -1,
  "নিষেধ করা": -1,
  "নিষেধাজ্ঞা": -2,
  "নিষ্ঠুর": -3,
  "নিষ্ঠুরতা": -3,
  "নিষ্পাদন": 2,
  "নিষ্পেষণ": -1,
  "নিষ্পত্তিমূলক": 1,
  "নিষ্ফল": -2,
  "নিস্তেজ": -2,
  "নিস্তেজ করা": -1,
  "নিহত": -3,
  "নীচ": -2,
  "নীতিনষ্ট করা": -2,
  "নেতিবাচক": -2,
  "নেতৃত্ব": 2,
  "নৈতিক": 2,
  "নোংরা": -3,
  "ন্যক্কারজনক": -3,
  "ন্যায্য": 2,
  "ন্যূন": -2,
  "ন্যস্ত": 2,
  "নড়বড়ে": -2,
  "নন্দন": 3,
  "নবপ্রবর্তিত বস্তু": 1,
  "নম্র": 1,
  "নরহত্যা": -3,
  "নৃশংস": -3,
  "নশ্বরতা": -3,
  "নষ্ট": -3,
  "পক্ষপাত": -1,
  "পক্ষপাতদুষ্ট": -2,
  "পক্ষপাতমূলক": -2,
  "পক্ষপাতশূন্য": 2,
  "পঙ্কিল": -2,
  "পঙ্গু": -2,
  "পাংশু": -2,
  "পাক খুলা": 1,
  "পাগল": -2,
  "পাগল করা": -2,
  "পাগলদের": -3,
  "পাচার": -2,
  "পাচার করা": -2,
  "পায়খানা করা": -1,
  "পাণিপ্রার্থী": 3,
  "পাণিপ্রার্থনা করা": 3,
  "পাপ": -2,
  "পাপী": -3,
  "পারছে": -2,
  "পার্বণ": 2,
  "পার্শ্ব প্রতিক্রিয়া": -2,
  "পালায়": -1,
  "পাশবিক": -3,
  "পিছিয়ে দিচ্ছেন": -1,
  "পিষা": -1,
  "পচা": -3,
  "পীড়ক": -2,
  "পীড়াদায়ক": -2,
  "পীড়িত": -2,
  "পীড়ন করা": -3,
  "পেঁচো": -3,
  "পোতনায়কের জাহাজ": 2,
  "পোশাকে মোড়া": -2,
  "পোষ্যপুত্র গ্রহণ করা": 1,
  "পৌঁছান": 1,
  "পৌছানোর": 1,
  "পৌঁছেছেন": 1,
  "পৌঁছনো": 1,
  "পছন্দ": 3,
  "পছন্দ করেছেন": 2,
  "পূজা করা": 3,
  "প্যানিক সৃষ্টি": -3,
  "প্যারাশুটের সাহায্যে এরোপ্লেন হইতে নামা": -2,
  "পয়েজড": -2,
  "পয়মাল": -2,
  "পণবিক্ষোভমূলক": -2,
  "পতিহীনা": -1,
  "পতন": -2,
  "পতনশীল": -1,
  "পদক": 3,
  "পদানুবর্তী": 3,
  "পদত্যগের": -1,
  "পদত্যাগ": -1,
  "পদত্যাগ করা": -1,
  "পুনঃস্থাপন করা": 1,
  "পুনের": -2,
  "পুনরায় আশ্বস্ত": 1,
  "পুনরায় জীবত করা": 2,
  "পুনরুজ্জীবিত": 2,
  "পুনরুদ্ধার": 1,
  "পুনরূদ্ধার": 1,
  "প্রকাশক": -1,
  "প্রকুপিত": -2,
  "প্রাকৃতিক": 1,
  "পরাজিত": -2,
  "পরাজয়": -2,
  "প্রাণঘাতী": -2,
  "প্রাণপনে": 3,
  "প্রাণবন্ত": 3,
  "প্রাণশক্তি": 3,
  "প্রাদুর্ভাব": -2,
  "পরাভূত করা": -2,
  "প্রার্থনা": 1,
  "প্রার্থনা করা": 1,
  "পরিচ্ছদে": -2,
  "প্রি়জননিয়োগবিধুর": -2,
  "প্রিয়": 2,
  "পরিত্যক্ত": -2,
  "পরিত্যাগ": -2,
  "পরিতৃপ্তি": 3,
  "পরিপক্ব": 2,
  "পরিপূর্ণ": -2,
  "পরিপূর্ণতা": 3,
  "পরিবেশ বান্ধব": 2,
  "পরিবেশবান্ধব": 2,
  "পরিবর্তন করা": 1,
  "প্রি়ভাবে": 3,
  "পরিমার্জন করা": 1,
  "পরিমিত": -2,
  "পরিষ্কার": 2,
  "পরিষ্কারক": 2,
  "পরিষ্কারভাবে": 1,
  "প্রচার": -2,
  "প্রচারণা": -2,
  "প্রচণ্ড ক্রুদ্ধ": -2,
  "প্রচুর": 1,
  "প্রেতাত্মা": -1,
  "প্রেমময় উদারতা": 3,
  "প্রেরণ": -3,
  "প্রেরণা": 1,
  "পর্যাপ্ত": 1,
  "প্রয়োজন": 1,
  "প্রয়োজনাতিরিক্ত ত্তজন": -1,
  "পূর্ণ": 2,
  "প্রণোদিত": 2,
  "প্রণয়লীলা": 3,
  "পূর্ণতা দান করেন": 2,
  "প্রতারক": -2,
  "প্রতারকরা": -3,
  "প্রতারিত": -3,
  "প্রতারিত ব্যক্তি": -2,
  "প্রতারণ": -3,
  "প্রতারণা": -3,
  "প্রতারণা করা": -3,
  "প্রতারণাপূর্ণ": -4,
  "প্রতারণার": -4,
  "প্রতি": -2,
  "প্রতিকৃত": -2,
  "প্রতিক্রিয়া": -2,
  "প্রতিক্রিয়াশীল": 2,
  "প্রতিকর্ম": -2,
  "প্রতিকূল": -2,
  "প্রতিজ্ঞাবদ্ধ": 1,
  "প্রতিযোগিতা": 1,
  "প্রতিযোগিতামূলক": 2,
  "প্রতিযোগী": -1,
  "প্রতিদ্বন্দ্বিহীন": 1,
  "প্রতিবাদী": -1,
  "প্রতিবিম্ব": -2,
  "প্রতিবন্ধক": -2,
  "প্রতিবন্ধী": -2,
  "প্রতিভা": 2,
  "প্রতিরোধ": -1,
  "প্রতিরোধক": -2,
  "প্রতিশোধ": -2,
  "প্রতিশোধপরায়ণ": -2,
  "প্রতিশোধমূলক নিপীড়ন": -3,
  "প্রতিশ্রুত": 1,
  "প্রতিশ্রুতি": 1,
  "প্রতিহত": -1,
  "প্রতিহত করা": -1,
  "প্রতীক্ষায় থাকা": -1,
  "প্রতীক্ষিত": -1,
  "প্রতীত": 1,
  "প্রত্যাখ্যাত": -1,
  "প্রত্যাখ্যান": -1,
  "প্রত্যাখ্যান করা": -2,
  "প্রত্যাশা": 1,
  "প্রত্যাশী": 2,
  "প্রত্যাহার": -3,
  "প্রত্যাহত": -2,
  "প্রত্যয় জন্মান": 1,
  "প্রত্যর্পণ করা": 1,
  "প্রদান": 1,
  "প্রদীপ্ত": 1,
  "প্রদর্শন": -1,
  "প্রফুল্ল": 3,
  "প্রফুল্লিত": 2,
  "প্রবক্তা": 2,
  "প্রবেশযোগ্য": 1,
  "প্রবল উদ্দীপনাপূর্ণ": 2,
  "প্রভাবাধীন করা": -1,
  "প্রভাবশালী": 2,
  "পরমানন্দ": 2,
  "প্রমত্ত": 2,
  "প্রমত্তা": 2,
  "প্ররোচক": 2,
  "প্রশংসা": 2,
  "প্রশংসা করা": 2,
  "প্রশংসিত": 2,
  "প্রশ্নবিদ্ধ": -1,
  "প্রশমিত": 3,
  "প্রশমিত করা": 2,
  "পরশ্রীকাতর": -2,
  "পরশ্রমজীবী": -2,
  "প্রশস্ত": 1,
  "পুরষ্কার": 2,
  "পুরুষত্বহীন": -2,
  "পুরস্কার": 3,
  "পুরস্কৃত": 2,
  "প্রসাব করা": -3,
  "প্রসারিত": 1,
  "প্রসারিত করা": 1,
  "প্রসিকিউশন": -1,
  "প্রস্তুত": 1,
  "প্রসন্ন": -2,
  "পরস্পরবিরোধী": -1,
  "প্রস্রাব": -4,
  "প্রহার": -1,
  "প্রহৃত": -2,
  "প্রহসন": -1,
  "পলায়নপর": -1,
  "প্লেগ": -3,
  "পশ্চাদঘাত": -3,
  "পশ্চাদপসরণ": -1,
  "পশ্চাদ্বর্তী": -2,
  "পুষা": 2,
  "পৃষ্ঠাঙ্কন": 2,
  "পৃষ্ঠপোষক": 1,
  "ফুঁকা": -2,
  "ফাকার্স": -4,
  "ফাকফেস": -4,
  "ফাকহেড": -4,
  "ফাটা": -2,
  "ফাটল": -2,
  "ফাঁদ": -1,
  "ফাঁপা": -1,
  "ফাঁস": -1,
  "ফিউনারেল বা শেষকৃত্য": -1,
  "ফিট": 1,
  "ফিটফাট": 2,
  "ফিৎনা": -1,
  "ফেভারিটে": 2,
  "ফেরত": -2,
  "ফেলেন": -2,
  "ফোরক্লোসারের": -2,
  "ফটকামূলক": -2,
  "ফুটা": -5,
  "ফ্যাগলস": -3,
  "ফ্যান": 3,
  "ফ্যাসিস্ট": -2,
  "ফ্যাসিস্টদের": -2,
  "ফুটো": -1,
  "ফ্লু": -2,
  "ফলাও": -2,
  "ফলান": -2,
  "ফলপ্রসূ": 2,
  "ফুসকুড়ি": -2,
  "বুকে ডুবিয়ে": -2,
  "বখিল": -2,
  "বাক্য": -2,
  "বাক্যালাপ": -1,
  "বাক্পটুতাপূর্ণ": 2,
  "বাজে": -4,
  "বাজে কথা": -4,
  "বাট্টাকৃত": -1,
  "বাড়া": -2,
  "বাতিল": -1,
  "বাতিল করা হয়েছে": -1,
  "বাতিলের": -1,
  "বাতুলতা": -2,
  "বাদ": -1,
  "বাদাম": -3,
  "বাধা": -1,
  "বাঁধাগ্রস্ত": -2,
  "বাঁধাধরা": -2,
  "বাধ্য": 1,
  "বাঁধন": -1,
  "বাস্তববুদ্ধিসম্পন্ন": 2,
  "বিকৃত": -2,
  "বিকৃত করা": -2,
  "বিকৃ্তি": -2,
  "বিক্ষোভ": -2,
  "বিক্ষোভকারীদের": -2,
  "বিক্ষুব্ধ": -2,
  "বিখ্যাত": 2,
  "বিঘ্ন": -2,
  "বিঘ্নিত": -2,
  "বিচার": 2,
  "বিচ্ছিন্ন": -1,
  "বিচ্ছিন্ন করা": -2,
  "বিচল": -2,
  "বিচলিত": -2,
  "বিজেতা": 3,
  "বিজোড়": 2,
  "বিজয়": 3,
  "বিজয়ী": 3,
  "বিজড়িত করা": -2,
  "বিয়োগান্তক": -2,
  "বিয়োগব্যথা": -3,
  "বিতাড়িত": -2,
  "বিতাড়িত করা": -2,
  "বিতর্ক": -2,
  "বিতর্কিত": -2,
  "বিতর্কিতভাবে": -2,
  "বিতর্কমূলক": -2,
  "বিতৃষ্ণ": -3,
  "বিতৃষ্ণা": -2,
  "বিদ্বেষী পুরূষ": -3,
  "বিদ্বেষপূর্ণ": -2,
  "বিদ্রোহ": -2,
  "বিদ্রোহী": -2,
  "বিদ্রোহীদের": -2,
  "বিদ্রূপ": -1,
  "বিদ্রূপকারী": -2,
  "বিদ্রূপাত্মক": -1,
  "বিধ্বংস": -2,
  "বিধ্বংসী": -2,
  "বিধ্বস্ত": -2,
  "বিনামূল্যে": 1,
  "বিনীত": 2,
  "বিনষ্ট": -3,
  "বিনষ্টকারী": -2,
  "বিপক্ষ": -1,
  "বিপজ্জনক": -2,
  "বিপদ্": -2,
  "বিপদাশঙ্কা": -2,
  "বিপরীত": -2,
  "বিপর্যয়": -2,
  "বিপর্যয়কারী ঘটনা": -3,
  "বিপর্যস্ত": -2,
  "বিফল": -2,
  "বিবর্ণ": -2,
  "বিব্রত": -2,
  "বিভ্রাট": -2,
  "বিভ্রাটের": -2,
  "বিভ্রান্ত": -2,
  "বিভ্রান্ত করা": -2,
  "বিভ্রান্ত হয়ে যান": -2,
  "বিভ্রান্তকারী": -3,
  "বিভ্রান্তিকর": -3,
  "বিমোহিত": -1,
  "বিমূঢ়তা": -2,
  "বিমর্ষ": -2,
  "বিরক্ত": -2,
  "বিরক্ত করা": -2,
  "বিরক্তি": -2,
  "বিরক্তিকর": -2,
  "বিরক্তিকর ভাবে আত্মসাম্মুখ্যপূর্ণ": -1,
  "বিরক্তির": -2,
  "বিরাগসম্পন্ন": -2,
  "বিরোধ": -2,
  "বিরোধাভাস": -1,
  "বিরোধী": -1,
  "বিরত": -1,
  "বিরুদ্ধে যথাযথ আইনি ব্যবস্থা": -2,
  "বিরূপতা": -2,
  "বিরস": -2,
  "বিলাপ করা": -3,
  "বিলাসিতা": 2,
  "বিলুপ্ত": -2,
  "বিলম্ব": -1,
  "বিলম্বিত": -1,
  "বিশৃঙ্খল": -2,
  "বিশৃঙ্খলা": -2,
  "বিশিষ্ট": 2,
  "বিশেষ পরামর্শ দেওয়া হচ্ছে": 2,
  "বিশেষ সুবিধাপ্রাপ্ত": 2,
  "বিশুদ্ধ": 1,
  "বিশ্বাস": 2,
  "বিশ্বাসঘাতকতা": -3,
  "বিশ্বাসঘাতকতা করা": -3,
  "বিশ্বাসঘাতকতা করছে": -3,
  "বিশ্বাসযোগ্য": 2,
  "বিশ্বাসযোগ্যতা": 2,
  "বিশ্বস্ত": 3,
  "বিশ্রামরত": 2,
  "বিশ্রী": -2,
  "বিষ": -3,
  "বিষাক্ত": -2,
  "বিষাদ": -1,
  "বিষাদগ্রস্ত": -2,
  "বিষয়গুলো": 1,
  "বিষ্ঠা": -4,
  "বিষণ্ণ": -2,
  "বিষম": -2,
  "বিস্তৃত করা": 1,
  "বিস্তৃতি": 1,
  "বিসদৃশ": -2,
  "বিস্মিত": 2,
  "বিস্ময়": 3,
  "বিস্ময়কর": 4,
  "বিস্ময়াভিভূত করা": 3,
  "বিস্ময়ে হতবুদ্ধি": -2,
  "বিস্মৃত": -1,
  "বিস্মরণযোগ্য": -1,
  "বীতস্পৃহ": -2,
  "বীভত্স": -3,
  "বীর": 2,
  "বীরত্বপূর্ণ": 3,
  "বেকার": -1,
  "বেকারি": -2,
  "বেঁচে যাওয়া": 2,
  "বেজন্মাদের": -5,
  "বেতন": -1,
  "বেদনাগ্রস্ত": -2,
  "বেমানান ভুমিকায় নামানো": -2,
  "বেরিয়ে": -1,
  "বেশ্যা": -4,
  "বেহুদা": -2,
  "বৈশিষ্ট্য": 2,
  "বৈষম্য": -2,
  "বোকা": -2,
  "বোকা লোকদের সহিত": -2,
  "বোঝা": -2,
  "বোঝানোর": 1,
  "বোধ করি": 2,
  "বোমা": -1,
  "বুজরূক": -1,
  "বয়কট": -2,
  "ব্যাথা": -2,
  "ব্যাধি": -2,
  "ব্যাপক": 2,
  "ব্যাপার": 1,
  "ব্যার্থ": -2,
  "ব্যাহত": -2,
  "ব্যাহত্য": -1,
  "ব্যয়বহুল": -2,
  "ব্যথা": -2,
  "ব্যর্থ": -2,
  "ব্যর্থতা": -2,
  "বূ্যহমুখ": 2,
  "বড়": 1,
  "বড়াই": -3,
  "বড়াইকারী": -3,
  "বৃথা": -2,
  "বৃদ্ধি": 1,
  "বুদ্ধিবৃত্তি": 2,
  "বুদ্ধিমান": 2,
  "বুদ্ধিমতী": 2,
  "বুদ্ধিহীন": -2,
  "বদমেজাজি": -3,
  "বধ": -3,
  "বনী ইসরাঈল": -5,
  "বন্দক": 2,
  "বন্দুক": -1,
  "বন্দী": -2,
  "বন্দীদের": -2,
  "বন্দোবস্ত": 1,
  "বন্ধ": -1,
  "বন্ধু": 1,
  "বন্ধ করা": -1,
  "বন্ধ্যাকরা": -1,
  "বন্ধুত্ব": 2,
  "বন্ধুত্বপূর্ণ": 2,
  "বন্ধুভাবাপন্নতা": 2,
  "বমি": -3,
  "বর": 3,
  "বরখাস্ত": -2,
  "ব্রীডিং": -2,
  "বর্জিত করা": -2,
  "বর্জন": -2,
  "বর্ণবাদী": -3,
  "বর্ধিত": 1,
  "বর্ধিত করা": -2,
  "বরবাদ": -2,
  "বর্বর": -2,
  "বর্ষাতি": 2,
  "ব্লক": -1,
  "বলকারক": 2,
  "ব্লকবাস্টার": 3,
  "ব্লাকমেইল": -3,
  "বলাত্কারী": -2,
  "বলি দেত্তয়া": -3,
  "বলির পাঁঠা": -2,
  "ব্ল্যাকমেইল": -3,
  "ব্ল্যাকমেল": -3,
  "বলপ্রয়োগ": -2,
  "বৃষ্টিবহুল": -1,
  "বসে আলাপ আলোচনা": -2,
  "বসতি": 1,
  "বহিষ্কার": -2,
  "বহিষ্কৃত": -2,
  "বহিষ্কৃত করা": -1,
  "বহিস্কার": -2,
  "বৃহত্তর": 3,
  "ভক্তি": 2,
  "ভক্তিমুলক": 2,
  "ভক্তদের": 2,
  "ভুগছেন": -2,
  "ভগ্নোত্সাহ": -2,
  "ভগ্নহৃদয়": -3,
  "ভঙ্গ": -2,
  "ভঙ্গের": -2,
  "ভাগ": 1,
  "ভাগ্য": 2,
  "ভাগ্যক্রমে": 2,
  "ভাগ্যবান": 3,
  "ভাগ্যহীন": -2,
  "ভাঙ্গা": -2,
  "ভাঙ্গন": -2,
  "ভাঙা": -1,
  "ভাবাবেশকর": 4,
  "ভাবনাহীন": 1,
  "ভারাক্রান্ত": -2,
  "ভাল": 3,
  "ভালর প্রবক্তা": 3,
  "ভাল না": -2,
  "ভাল শ্রেনীর": 2,
  "ভালোবাসামাখা": 2,
  "ভালবাসা": 3,
  "ভালবাসাহীন": -2,
  "ভালবাসে": 3,
  "ভিটামিন": 1,
  "ভিন্ন": -1,
  "ভীত": -2,
  "ভীতু": -2,
  "ভীতি": -2,
  "ভীতিকর": -2,
  "ভীতিজনক": -2,
  "ভীতিপ্রদর্শন": -2,
  "ভীরু": -2,
  "ভীষণ": -3,
  "ভীষণ ভয়": -2,
  "ভীষণদর্শন": -2,
  "ভেঙ্গে": -2,
  "ভোগ": 2,
  "ভোগা": -2,
  "ভজন": 3,
  "ভয়": -2,
  "ভয় দেখান": -2,
  "ভয় দেখিয়ে": -2,
  "ভয় প্রদর্শন": -2,
  "ভয়ঙ্কর": 4,
  "ভয়াতুর": 2,
  "ভয়ানক": -3,
  "ভয়াবহ": -2,
  "ভয়াবহ, আতঙ্কজনক": -3,
  "ভুতুড়ে": -2,
  "ভদ্র": 2,
  "ভদ্রতা": 2,
  "ভ্রু কুঞ্চিত": -1,
  "ভ্রান্ত": -2,
  "ভর্তি": -1,
  "ভ্রম": -1,
  "ভ্রষ্টাচরণের": -2,
  "ভ্রষ্টতা": -1,
  "ভরসাজনক": 2,
  "ভুল": -2,
  "ভুল উপস্থাপনা": -2,
  "ভুল তথ্য": -2,
  "ভুল পথে চালিত করা": -3,
  "ভুল বুঝা": -2,
  "ভুল ব্যাখ্যা করা": -1,
  "ভুলে": -1,
  "ভুলে গেছি": -1,
  "ভুলো": -2,
  "ভুলভাবে": -2,
  "মূক": -3,
  "মুক্তিদান": 2,
  "মুক্তিদান করা": 2,
  "মুখরোচক": 3,
  "মগজধোলাই": -3,
  "মুগ্ধ": 3,
  "মুগ্ধ করা": 3,
  "মুগ্ধকর": 3,
  "মঙ্গল": 2,
  "মঙ্গলকামী": 1,
  "মঙ্গলকামনা": 3,
  "মাই": -5,
  "মায়াময়": 2,
  "মাতাল": -2,
  "মাথা কাজ করছে না": -3,
  "মাথা ব্যাথা": -2,
  "মানা": -1,
  "মানান": 2,
  "মানবপ্রীতি": 2,
  "মানসিক আঘাত": -3,
  "মানসিক চাপ": -2,
  "মানসিক যন্ত্রণাদায়ক": -3,
  "মানহানিকর": -3,
  "মাফ": 2,
  "মামলা": -2,
  "মামলাবাজ": -2,
  "মারা যান": -3,
  "মারাত্মক": -2,
  "মার্জিত": 2,
  "মার্জনা": 1,
  "মার্জনাকারী": 2,
  "মাষ্টারপিস": 4,
  "মাস্টারপিস": 4,
  "মিত্র": 2,
  "মিথ্যা": -1,
  "মিথ্যা বর্ণনা": -2,
  "মিথ্যা বর্ণনা করা": -2,
  "মিথ্যাবাদী": -3,
  "মিথ্যাবর্ণন": -2,
  "মিথ্যাভাবে": -2,
  "মিথ্যারোপকারীদের": -2,
  "মিষ্ট": 3,
  "মিষ্টি": 2,
  "মিস": -2,
  "মিহি": 1,
  "মীমাংসা": 2,
  "মীমাংসিত": 1,
  "মেজাজ": 2,
  "মেটান": 2,
  "মোরগ": -5,
  "মোহ": 3,
  "মোহমুক্ত": -2,
  "মুছে ফেলা হবে": 1,
  "মজা": 4,
  "মজাদার": 4,
  "মজান": -2,
  "মঞ্জুর": 1,
  "মঞ্জুর হলেই": 1,
  "ময়লা": -2,
  "মূঢ়": -2,
  "মণি": 1,
  "মণ্ডিত করা": 3,
  "মত": 2,
  "মৃত": -3,
  "মত আত": -2,
  "মৃত্যু": -3,
  "মৃত্যুসাৎ": -2,
  "মৃতু্যসম্বন্ধীয়": -2,
  "মতবাদকে": -2,
  "মতভেদ": -2,
  "মধুযামিনী": -4,
  "মধ্যে ক্যাশিং": -2,
  "মধ্যম অবস্থা": -3,
  "মধুর": 3,
  "মন: ক্ষুণ্ণ": -2,
  "মুনাফা": 2,
  "মুনাফাখোর": -2,
  "মনোবিকারগ্রস্ত": -2,
  "মনোবল": 2,
  "মনোবলহীন": -2,
  "মনোরম": 2,
  "মন্দ": -3,
  "মন্দা": -2,
  "মন্দীভূত": -2,
  "মন্দীভূত করা": -2,
  "মনমরা": -2,
  "মনমরা ভাব": -1,
  "মূর্খ": -2,
  "মূর্খের মত": -2,
  "মূর্খতা": -3,
  "মরা": -3,
  "মরিয়া": -3,
  "মর্যাদাহানি": -2,
  "মর্যাদাহানিকর": -2,
  "মরণ": -3,
  "মর্মাহত": -2,
  "মর্মযন্ত্রণাপূর্ণ": -2,
  "মর্মপীড়া": -2,
  "মর্মভেদী": 2,
  "মর্মস্পর্শী": 2,
  "মলা": -2,
  "মলিন": -2,
  "মূল্য": 2,
  "মুলতবি করা": -1,
  "মুলতুবী": -1,
  "মলদ্বার": -4,
  "মহান": 3,
  "মহামারী": -3,
  "মহামারীর মত ছড়িয়ে পড়া": -3,
  "মহীয়ান": 3,
  "মহৎ": 3,
  "রক্তাক্ত": -3,
  "রকম": 2,
  "রক্ষক": 2,
  "রক্ষা": 1,
  "রক্ষা করা": 1,
  "রক্ষাকর্তা": 2,
  "রক্ষাকর্মীদের": 2,
  "রক্ষিত": 1,
  "রাগাম্বিত": -3,
  "রাগিয়ে দেয়": -2,
  "রাজি": -2,
  "রায়": -1,
  "রাষ্ট্রদ্রোহমূলক": -3,
  "রি": 1,
  "রিফাইন": 1,
  "রেগে": -2,
  "রোগ": -1,
  "রোগী": -2,
  "রোগসংক্রমণ": -2,
  "রোদ": 2,
  "রোদন": -2,
  "রোধ করা": -2,
  "রোধক": -1,
  "রোম্যান্টিক": 2,
  "রৌদ্র": -3,
  "র্যাপিস্ট্": -4,
  "রূঢ়ভাবে": -2,
  "রূদ্ধ": -2,
  "রমন্যাস": 2,
  "রমরমা": 3,
  "রসাত্মক": -1,
  "রসাল": 2,
  "রসিকতা": 2,
  "রহস্যদঘাটন": -2,
  "লংঘনের": -3,
  "লুকাচুরি": -2,
  "লুকান": -1,
  "লুকানো": -1,
  "লুকিয়েছেন": -1,
  "লুকোনোর": -1,
  "লক্ষণীয়": 1,
  "লক্ষণীয় করা": 2,
  "লঙ্ঘন": -2,
  "লঙ্ঘন করা": -2,
  "লঙ্ঘনের": -2,
  "লাইক": 2,
  "লাইন চ্যুত করান": -2,
  "লাইনচ্যুত": -2,
  "লাঁছিত": -2,
  "লাঞ্ছনা": -2,
  "লাঠি": -3,
  "লাফানে": -1,
  "লাভ": 2,
  "লাভ করা": 2,
  "লাভজনক": 3,
  "লালিত": 2,
  "লালন": 2,
  "লিপ্ত": 1,
  "লিপ্সা": 1,
  "লোকসান": -3,
  "লজ্জা": -1,
  "লজ্জাজনক": -2,
  "লজ্জিত": -2,
  "লুঠ করে": -2,
  "লুঠতরাজ": -2,
  "লড়াই": -1,
  "লুণ্ঠনজীবী": -2,
  "লবি": -2,
  "লবিং": -2,
  "লবিস্ট": -2,
  "শংসা": 2,
  "শক": -2,
  "শক্তি": 2,
  "শক্তিশালী": 2,
  "শক্তসমর্থ": 2,
  "শাণিত": 1,
  "শান্ত": 2,
  "শান্ত করা": 2,
  "শান্ত কর্মী": 3,
  "শান্তি": 2,
  "শান্তিপূর্ণ": 2,
  "শান্তিপূর্ণভাবে": 2,
  "শান্তবলয়": 2,
  "শাসান": -2,
  "শাসানি": -2,
  "শাস্তি": -2,
  "শাস্তিমূলক": -2,
  "শাসনকারী": 1,
  "শিকার": -3,
  "শিকারের": -4,
  "শিক্ষা দেত্তয়া": -2,
  "শিক্ষাদীক্ষা": 2,
  "শিরোপা ধরে রাখার পাশাপাশি": -1,
  "শিলাবৃষ্টি": 2,
  "শিশ্ন": -4,
  "শিশুবৎ": -2,
  "শিশুসুলভ": -2,
  "শিহরিত": 5,
  "শীঘ্র": 1,
  "শীতল": 3,
  "শীর্ষ": 2,
  "শেখ": 3,
  "শোক প্রকাশ করা": -2,
  "শেয়ার": 1,
  "শোক": -2,
  "শোক পালন": -2,
  "শোকাকুল": -2,
  "শোচনীয়": -3,
  "শোচনীয়ভাবে": -3,
  "শোভন": 2,
  "শোষিত": -2,
  "শঠ": -3,
  "শত্রু": -2,
  "শত্রুতা": -2,
  "শত্রুদের": -2,
  "শত্রুবূহ্যভেদ": 3,
  "শত্রুভাবাপন্ন": -2,
  "শূন্যতা": -1,
  "শপথ": -2,
  "শপথভঙ্গ": -3,
  "শব": -1,
  "শ্বাসরোধ": -2,
  "শ্বাসরোধে হত্যা": -2,
  "শ্বরের স্তবগান": 3,
  "শুভেচ্ছা": 2,
  "শমিত": 2,
  "শ্রেষ্ঠত্ব": 3,
  "শ্রুতি": -1,
  "শ্রদ্ধা": 2,
  "শ্রদ্ধেয়": 2,
  "শ্রমশীল": -2,
  "শ্লীলতা": 2,
  "ষড়যন্ত্রে": 1,
  "সংকট": -2,
  "সংক্রান্ত ত্রুটিগুলি": -2,
  "সংক্রামক": -2,
  "সংক্রামকের": -2,
  "সংক্রমিত": -2,
  "সংক্রমিত হত্তয়া": -2,
  "সংক্রমণ": -2,
  "সংক্রমন": -2,
  "সংগঠনের": 1,
  "সংগ্রাম": -2,
  "সংগ্রামকে": -2,
  "সংঘর্ষ": -2,
  "সংবিগ্ন": -2,
  "সংবর্ধিত": 2,
  "সংরক্ষিত": 2,
  "সংশোধিত হয়েছে": 2,
  "সংশয়বাদ": -2,
  "সংশয়বাদী": -2,
  "সংহতি": 2,
  "সংহতিনাশক": -2,
  "সকাম": 2,
  "সক্রিয়": 1,
  "সকরুণ": 2,
  "সক্ষম": 1,
  "সূক্ষ্ম": 3,
  "সুখ": 3,
  "সখা": 2,
  "সুখী": 3,
  "সুখে": 2,
  "সুগঠিত": 2,
  "সঙ্কট": -3,
  "সাইলেন্সিং": -1,
  "সাজা": -2,
  "সাদাসিধা": -2,
  "সাদৃশ্য": 2,
  "সাধা": 2,
  "সাধনযোগ্য": 1,
  "সাধুবাদ": 2,
  "সান্ত্বনা": 2,
  "সান্ত্বনা দেওয়ার মতো": 2,
  "সান্ত্বনাকারী": 2,
  "সান্ত্বনার অতীত": -2,
  "সানন্দ": 3,
  "সাপেক্ষে বেশ পিছিয়ে পড়েছে": -2,
  "সাফ": 1,
  "সাফল্য": 2,
  "সাবুদ করা": 2,
  "সাবধান": -1,
  "সাবধান করে": -2,
  "সাবধানে": 2,
  "সাব্বাস": 3,
  "সামর্থ্য": 1,
  "সারগর্ভ": 1,
  "সাশ্রয়ী মূল্যের": 2,
  "সাহায্য": 2,
  "সাহায্য করে": 2,
  "সাহায্যপ্রাপ্ত": 1,
  "সাহস": 2,
  "সাহসিকতায়": 2,
  "সাহসী": 2,
  "সাহসে": 2,
  "সিদ্ধি": 2,
  "সিঁধ কাটিয়া চুরি": -2,
  "সিঁধেল চোর": -2,
  "সিনিক": -2,
  "সচকিত": -2,
  "সুচেতা": 3,
  "সীমা": -1,
  "সীমা অতিক্রম করবে": -2,
  "সীমাবদ্ধ": -2,
  "সীমাবদ্ধতা": -1,
  "সীমিত": -1,
  "সেইসব স্ক্যাম থেকে কীভাবে": -2,
  "সেকি": -2,
  "সেক্সি": 3,
  "সেটাই বড়": 2,
  "সেন্সর": -2,
  "সেবন": 2,
  "সেরা": 3,
  "সেরা অভিশাপ": 4,
  "সোজা": 1,
  "সৌন্দর্য": 3,
  "সজাগ": 3,
  "সজীব": 2,
  "সৃজনী": 2,
  "স্টিলস": -2,
  "সুযোগ": 2,
  "সুযোগ্য": 2,
  "সযত্নে লালিত": 2,
  "স্টপ": -1,
  "স্ট্রাইকার": -2,
  "স্ট্রেসার": -2,
  "সত্": 2,
  "সত্য": 2,
  "সত্যসত্যই": 2,
  "সত্যতা প্রতিপাদন": 2,
  "সত্যতা সমর্থন করা": 1,
  "সততা": 2,
  "সুতনু": 2,
  "স্তন্যপান": -3,
  "স্তব্ধ": -2,
  "সত্বর": 2,
  "স্তম্ভিত": 3,
  "স্তম্ভিত করা": 2,
  "স্তম্ভিত করে এমন": 3,
  "সতর্ক": -2,
  "সতর্ক করা": -2,
  "সতর্ক করে": -2,
  "সতর্কতা": 2,
  "সতর্কবার্তা": -3,
  "স্থগিত": -2,
  "স্থিতিশীল": 2,
  "স্থিরপ্রতিজ্ঞ": 2,
  "স্থূল": -2,
  "স্থুলকায়": 2,
  "সদয়": 3,
  "সদম্ভে": 2,
  "সুদর্শন": 3,
  "সুদৃশ্য": 3,
  "স্নায়বিক": -2,
  "স্নায়বিক অবস্থা": -1,
  "সুনিশ্চিত": 2,
  "স্নেহ": 2,
  "স্নেহের যোগ্য": 3,
  "স্নেহময়": 2,
  "সন্ত্রাস": -3,
  "সন্ত্রাসিত": -3,
  "সন্ত্রাসিত করা": -3,
  "সন্ত্রাসী": -3,
  "সন্ত্রাসীরা": -2,
  "সন্ত্রাসবাদী": -2,
  "সন্তুষ্ট": 1,
  "সন্দিহান": -1,
  "সন্দেহ": -1,
  "সন্দেহ প্রকাশ": -1,
  "সন্দেহে": -1,
  "সন্দেহজনক": -2,
  "সন্দেহপ্রবণ": -2,
  "সন্দেহবাদী": -2,
  "সন্দেহভাজন": -1,
  "সুন্দর": 3,
  "সন্ধান দিতে": -4,
  "সুপার": 3,
  "সুপারিশ করা": 2,
  "সপিনা": -2,
  "স্প্যাম": -2,
  "স্প্যামার": -3,
  "স্প্যামাররা": -3,
  "স্প্যামিং": -2,
  "সপ্রেম": 3,
  "সুপ্রতিষ্ঠিত": 2,
  "স্পর্ধিত": 3,
  "সুপ্রভাত": 1,
  "সুপ্রসিদ্ধ": 3,
  "স্পষ্ট": 2,
  "স্পষ্টভাবে": 2,
  "স্ফীত": -1,
  "সফল": 3,
  "স্ফুলিঙ্গ": 1,
  "সফলতা": 4,
  "সফলভাবে": 3,
  "স্বdeluded": -2,
  "স্বাগত": 2,
  "স্বাজাতিকতা": -3,
  "স্বাদহীন": -2,
  "স্বাধীনতা": 2,
  "স্বার্থ": 1,
  "স্বার্থপর": -3,
  "স্বার্থপরতাশূন্য": 2,
  "সুবিধা": 2,
  "সুবিধাজনক": 2,
  "সুবিধাজনকভাবে": 2,
  "সুবিধাদি": 2,
  "সুবিধাভোগী": 2,
  "স্বীকার": 2,
  "স্বৈরাচারী মনোভাব": -3,
  "সবুজ ওয়াশিং": -3,
  "সবুজ ধোয়ার": -3,
  "স্বদেশে ফেরার জন্য কাতর": -2,
  "স্বপ্ন": 1,
  "স্বপ্নদর্শী": 3,
  "স্ববিরোধী": -2,
  "স্বমৈথুন": -2,
  "স্বর্গ": 2,
  "স্বর্গীয়": 4,
  "স্বর্ণ": 2,
  "সবলে রাখা": -2,
  "স্বল্পতা": -2,
  "স্বস্তিদায়করূপে": 2,
  "সমাজের কুৎসিততম দিকগুলো তুলে": -2,
  "সমাজের সারাংশ": 2,
  "সমাধান": 2,
  "সমাধানকারী": 1,
  "সমাধি": -2,
  "স্মার্ট": 1,
  "সমালোচক": -2,
  "সমালোচকদের": -2,
  "সমালোচনা": -2,
  "সমালোচনা করা": -2,
  "সমালোচনামূলক প্রবন্ধ": -2,
  "স্মিত": 2,
  "সমুচ্চ": -1,
  "সমৃদ্ধি": 3,
  "সমৃদ্ধিসহকারে": 2,
  "সমন্বিত": 1,
  "সম্পাদন": 2,
  "সম্পদ": 2,
  "সম্পন্ন": 2,
  "সমবেদনা": 2,
  "সম্বন্ধসূচক": -2,
  "সম্ভাবনা": 2,
  "সম্ভাবহীনতা": -2,
  "সম্ভ্রান্ত": 2,
  "সম্ভ্রম": 2,
  "সম্মান": 2,
  "সম্মানিত": 2,
  "সম্মোহিত": 3,
  "সম্মতি": 2,
  "স্মরণিকা": -2,
  "স্মরণীয়": 1,
  "সমর্থকদের": 1,
  "সমর্থিত": 2,
  "সমর্থন": 2,
  "সমর্থনযোগ্য": 2,
  "সমর্থনসূচক কার্য": 2,
  "সমর্পণ করা": 1,
  "সমস্যা": -2,
  "সমস্যাগ্রস্থ": -2,
  "সুরক্ষিত": 2,
  "সুরেলা": 2,
  "সর্বগ্রাসী": -2,
  "সর্বাধিক": 3,
  "সর্বোচ্চ": 4,
  "সর্বনাশা": -3,
  "সর্বব্যাপী": 2,
  "সরলতা": 1,
  "স্ল্যাশ": -2,
  "সশঙ্কে": -2,
  "সুশৃঙ্খল": 2,
  "সশব্দ": -1,
  "সুষম": 1,
  "সুস্থ": 2,
  "সুস্বাদু": 3,
  "সুসমন্বিত": 2,
  "সহায়ক": 2,
  "সহানুভূতি": 2,
  "সহানুভূতিশীল": 2,
  "সহিংসতাসংশ্লিষ্ট": -3,
  "সহজ": 1,
  "সহ্য": -2,
  "সহন": -2,
  "সহনশীল": 2,
  "সহর্ষে": 3,
  "হকার": -2,
  "হাঁ": 1,
  "হা হা": 3,
  "হাঃ হাঃ হাঃ": 3,
  "হাঁচি": -2,
  "হায়রে": -1,
  "হাততালি": 2,
  "হানা": -2,
  "হানি": -2,
  "হাম্বুগ্": -2,
  "হামলা": -1,
  "হামলাদারিতা": -2,
  "হারানো": -3,
  "হার্ডকোর": -4,
  "হালকা": -2,
  "হাসি": 2,
  "হাসি তামাশার ব্যপারও": 1,
  "হাসিখুশি": 2,
  "হাসিখুশি ভাব": 3,
  "হাস্য": 1,
  "হাস্যকর": -3,
  "হাস্যকর অনুকরণ": -2,
  "হাস্যজনক": 2,
  "হাস্যময়": 1,
  "হাসপাতালে": -2,
  "হিংসক": -2,
  "হিংসা": -1,
  "হিংস্র": -3,
  "হিংস্রতা": -3,
  "হিতকারী": 2,
  "হিতৈষী": 3,
  "হিম": -1,
  "হিরো": 2,
  "হিস্টিরিয়া": -3,
  "হিস্টিরিয়াগ্রস্ত": -3,
  "হীন ইতর লোক": -2,
  "হীরা": 1,
  "হেক্টর": 2,
  "হেঁচকা": -3,
  "হেয়": -2,
  "হেসে": 2,
  "হৈচৈ": -2,
  "হুজুগ": 3,
  "হ্যাপিয়েস্ট": 3,
  "হয়রান": -3,
  "হয়রান করা": -3,
  "হয়রানি": -3,
  "হত": -2,
  "হতাশ": -2,
  "হতাশা": -3,
  "হতাশাজনক": -2,
  "হতাশাদায়ক": -2,
  "হতাশাপূর্ণ": -2,
  "হত্যা": -3,
  "হত্তন": 2,
  "হতবুদ্ধি": -1,
  "হতবুদ্ধি করা": -2,
  "হতবুদ্ধিকর": -2,
  "হতভম্ব হয়ে": -2,
  "হৃদয়গ্রাহী": 3,
  "হৃদয়স্পর্শী": -2,
  "হৃদয়হীন": -2,
  "হনন": -3,
  "হুমকি": -2,
  "হুমকির মুখে থাকা": -2,
  "হ্রাস করা": -2,
  "হুরেই": 5,
  "হরণ করা": -2,
  "হর্ষধ্বনি": 2
}